source_bodyId,source_type,source_instance,source_side,source_superclass,target_bodyId,target_type,target_instance,target_side,target_superclass,weight
454614,ER4m,ER4m_L,L,cb_intrinsic,520818,EPG,EPG(PB08)_L4,L,cb_intrinsic,75
519347,ER4m,ER4m_R,R,cb_intrinsic,520818,EPG,EPG(PB08)_L4,L,cb_intrinsic,74
515760,ER4m,ER4m_R,R,cb_intrinsic,520818,EPG,EPG(PB08)_L4,L,cb_intrinsic,74
13985,ER4m,ER4m_L,L,cb_intrinsic,513284,EPG,EPG(PB08)_R3,R,cb_intrinsic,73
13395,ER4m,ER4m_R,R,cb_intrinsic,11307,EPG,EPG(PB08)_L4,L,cb_intrinsic,72
14308,ER4m,ER4m_L,L,cb_intrinsic,513284,EPG,EPG(PB08)_R3,R,cb_intrinsic,72
14308,ER4m,ER4m_L,L,cb_intrinsic,15616,EPG,EPG(PB08)_R3,R,cb_intrinsic,72
17402,ER4m,ER4m_L,L,cb_intrinsic,513284,EPG,EPG(PB08)_R3,R,cb_intrinsic,71
13985,ER4m,ER4m_L,L,cb_intrinsic,520818,EPG,EPG(PB08)_L4,L,cb_intrinsic,71
16440,ER4m,ER4m_L,L,cb_intrinsic,512928,EPG,EPG(PB08)_R3,R,cb_intrinsic,69
14482,ER4m,ER4m_R,R,cb_intrinsic,11307,EPG,EPG(PB08)_L4,L,cb_intrinsic,69
454614,ER4m,ER4m_L,L,cb_intrinsic,10539,EPG,EPG(PB08)_R2,R,cb_intrinsic,69
14308,ER4m,ER4m_L,L,cb_intrinsic,513520,EPG,EPG(PB08)_R6,R,cb_intrinsic,68
13395,ER4m,ER4m_R,R,cb_intrinsic,520818,EPG,EPG(PB08)_L4,L,cb_intrinsic,67
14308,ER4m,ER4m_L,L,cb_intrinsic,520581,EPG,EPG(PB08)_R4,R,cb_intrinsic,67
515760,ER4m,ER4m_R,R,cb_intrinsic,11307,EPG,EPG(PB08)_L4,L,cb_intrinsic,66
515760,ER4m,ER4m_R,R,cb_intrinsic,10539,EPG,EPG(PB08)_R2,R,cb_intrinsic,66
16440,ER4m,ER4m_L,L,cb_intrinsic,15616,EPG,EPG(PB08)_R3,R,cb_intrinsic,66
14308,ER4m,ER4m_L,L,cb_intrinsic,11307,EPG,EPG(PB08)_L4,L,cb_intrinsic,65
13985,ER4m,ER4m_L,L,cb_intrinsic,11307,EPG,EPG(PB08)_L4,L,cb_intrinsic,65
13434,ER4m,ER4m_R,R,cb_intrinsic,15616,EPG,EPG(PB08)_R3,R,cb_intrinsic,65
12797,ER4m,ER4m_R,R,cb_intrinsic,520818,EPG,EPG(PB08)_L4,L,cb_intrinsic,64
13434,ER4m,ER4m_R,R,cb_intrinsic,513520,EPG,EPG(PB08)_R6,R,cb_intrinsic,64
13434,ER4m,ER4m_R,R,cb_intrinsic,11307,EPG,EPG(PB08)_L4,L,cb_intrinsic,63
14308,ER4m,ER4m_L,L,cb_intrinsic,523786,EPG,EPG(PB08)_R4,R,cb_intrinsic,63
14308,ER4m,ER4m_L,L,cb_intrinsic,520818,EPG,EPG(PB08)_L4,L,cb_intrinsic,63
14308,ER4m,ER4m_L,L,cb_intrinsic,10539,EPG,EPG(PB08)_R2,R,cb_intrinsic,63
13985,ER4m,ER4m_L,L,cb_intrinsic,11989,EPG,EPG(PB08)_L5,L,cb_intrinsic,62
13985,ER4m,ER4m_L,L,cb_intrinsic,523786,EPG,EPG(PB08)_R4,R,cb_intrinsic,62
454614,ER4m,ER4m_L,L,cb_intrinsic,556347,EPG,EPG(PB08)_R4,R,cb_intrinsic,62
13434,ER4m,ER4m_R,R,cb_intrinsic,513284,EPG,EPG(PB08)_R3,R,cb_intrinsic,61
16440,ER4m,ER4m_L,L,cb_intrinsic,11987,EPG,EPG(PB08)_R5,R,cb_intrinsic,61
14482,ER4m,ER4m_R,R,cb_intrinsic,519140,EPG,EPG(PB08)_L1,L,cb_intrinsic,61
454614,ER4m,ER4m_L,L,cb_intrinsic,15616,EPG,EPG(PB08)_R3,R,cb_intrinsic,61
13985,ER4m,ER4m_L,L,cb_intrinsic,15616,EPG,EPG(PB08)_R3,R,cb_intrinsic,61
13985,ER4m,ER4m_L,L,cb_intrinsic,520581,EPG,EPG(PB08)_R4,R,cb_intrinsic,61
13434,ER4m,ER4m_R,R,cb_intrinsic,524073,EPG,EPG(PB08)_L2,L,cb_intrinsic,60
519347,ER4m,ER4m_R,R,cb_intrinsic,11307,EPG,EPG(PB08)_L4,L,cb_intrinsic,60
14308,ER4m,ER4m_L,L,cb_intrinsic,84758,EPG,EPG(PB08)_L7,L,cb_intrinsic,60
13985,ER4m,ER4m_L,L,cb_intrinsic,556346,EPG,EPG(PB08)_L6,L,cb_intrinsic,60
14308,ER4m,ER4m_L,L,cb_intrinsic,11987,EPG,EPG(PB08)_R5,R,cb_intrinsic,60
13985,ER4m,ER4m_L,L,cb_intrinsic,512928,EPG,EPG(PB08)_R3,R,cb_intrinsic,59
454614,ER4m,ER4m_L,L,cb_intrinsic,11307,EPG,EPG(PB08)_L4,L,cb_intrinsic,59
13985,ER4m,ER4m_L,L,cb_intrinsic,10539,EPG,EPG(PB08)_R2,R,cb_intrinsic,59
13434,ER4m,ER4m_R,R,cb_intrinsic,523786,EPG,EPG(PB08)_R4,R,cb_intrinsic,58
14308,ER4m,ER4m_L,L,cb_intrinsic,556347,EPG,EPG(PB08)_R4,R,cb_intrinsic,58
519347,ER4m,ER4m_R,R,cb_intrinsic,519941,EPG,EPG(PB08)_L3,L,cb_intrinsic,57
14308,ER4m,ER4m_L,L,cb_intrinsic,512928,EPG,EPG(PB08)_R3,R,cb_intrinsic,57
13985,ER4m,ER4m_L,L,cb_intrinsic,11987,EPG,EPG(PB08)_R5,R,cb_intrinsic,57
14308,ER4m,ER4m_L,L,cb_intrinsic,12449,EPG,EPG(PB08)_L5,L,cb_intrinsic,57
13395,ER4m,ER4m_R,R,cb_intrinsic,513520,EPG,EPG(PB08)_R6,R,cb_intrinsic,57
17402,ER4m,ER4m_L,L,cb_intrinsic,512928,EPG,EPG(PB08)_R3,R,cb_intrinsic,56
17402,ER4m,ER4m_L,L,cb_intrinsic,11307,EPG,EPG(PB08)_L4,L,cb_intrinsic,56
519347,ER4m,ER4m_R,R,cb_intrinsic,11503,EPG,EPG(PB08)_R8,R,cb_intrinsic,56
17402,ER4m,ER4m_L,L,cb_intrinsic,84758,EPG,EPG(PB08)_L7,L,cb_intrinsic,56
454614,ER4m,ER4m_L,L,cb_intrinsic,556346,EPG,EPG(PB08)_L6,L,cb_intrinsic,56
17402,ER4m,ER4m_L,L,cb_intrinsic,556346,EPG,EPG(PB08)_L6,L,cb_intrinsic,56
13434,ER4m,ER4m_R,R,cb_intrinsic,11987,EPG,EPG(PB08)_R5,R,cb_intrinsic,56
12797,ER4m,ER4m_R,R,cb_intrinsic,11987,EPG,EPG(PB08)_R5,R,cb_intrinsic,56
13434,ER4m,ER4m_R,R,cb_intrinsic,556347,EPG,EPG(PB08)_R4,R,cb_intrinsic,56
454614,ER4m,ER4m_L,L,cb_intrinsic,513463,EPG,EPG(PB08)_R2,R,cb_intrinsic,56
13434,ER4m,ER4m_R,R,cb_intrinsic,520818,EPG,EPG(PB08)_L4,L,cb_intrinsic,56
519347,ER4m,ER4m_R,R,cb_intrinsic,15616,EPG,EPG(PB08)_R3,R,cb_intrinsic,56
13985,ER4m,ER4m_L,L,cb_intrinsic,11874,EPG,EPG(PB08)_L7,L,cb_intrinsic,56
14308,ER4m,ER4m_L,L,cb_intrinsic,11989,EPG,EPG(PB08)_L5,L,cb_intrinsic,55
454614,ER4m,ER4m_L,L,cb_intrinsic,512928,EPG,EPG(PB08)_R3,R,cb_intrinsic,55
14308,ER4m,ER4m_L,L,cb_intrinsic,513517,EPG,EPG(PB08)_L4,L,cb_intrinsic,55
13395,ER4m,ER4m_R,R,cb_intrinsic,513517,EPG,EPG(PB08)_L4,L,cb_intrinsic,55
17402,ER4m,ER4m_L,L,cb_intrinsic,556347,EPG,EPG(PB08)_R4,R,cb_intrinsic,55
13395,ER4m,ER4m_R,R,cb_intrinsic,556347,EPG,EPG(PB08)_R4,R,cb_intrinsic,55
14308,ER4m,ER4m_L,L,cb_intrinsic,514126,EPG,EPG(PB08)_R5,R,cb_intrinsic,55
13985,ER4m,ER4m_L,L,cb_intrinsic,513520,EPG,EPG(PB08)_R6,R,cb_intrinsic,55
13434,ER4m,ER4m_R,R,cb_intrinsic,107195,EPG,EPG(PB08)_L5,L,cb_intrinsic,54
12797,ER4m,ER4m_R,R,cb_intrinsic,11307,EPG,EPG(PB08)_L4,L,cb_intrinsic,54
16440,ER4m,ER4m_L,L,cb_intrinsic,84758,EPG,EPG(PB08)_L7,L,cb_intrinsic,54
515760,ER4m,ER4m_R,R,cb_intrinsic,513517,EPG,EPG(PB08)_L4,L,cb_intrinsic,54
12797,ER4m,ER4m_R,R,cb_intrinsic,513517,EPG,EPG(PB08)_L4,L,cb_intrinsic,54
13985,ER4m,ER4m_L,L,cb_intrinsic,513463,EPG,EPG(PB08)_R2,R,cb_intrinsic,54
519347,ER4m,ER4m_R,R,cb_intrinsic,10539,EPG,EPG(PB08)_R2,R,cb_intrinsic,54
17402,ER4m,ER4m_L,L,cb_intrinsic,15616,EPG,EPG(PB08)_R3,R,cb_intrinsic,54
13395,ER4m,ER4m_R,R,cb_intrinsic,11989,EPG,EPG(PB08)_L5,L,cb_intrinsic,53
14308,ER4m,ER4m_L,L,cb_intrinsic,107195,EPG,EPG(PB08)_L5,L,cb_intrinsic,53
13434,ER4m,ER4m_R,R,cb_intrinsic,512928,EPG,EPG(PB08)_R3,R,cb_intrinsic,53
14308,ER4m,ER4m_L,L,cb_intrinsic,19825,EPG,EPG(PB08)_R6,R,cb_intrinsic,53
454614,ER4m,ER4m_L,L,cb_intrinsic,513284,EPG,EPG(PB08)_R3,R,cb_intrinsic,53
12797,ER4m,ER4m_R,R,cb_intrinsic,556346,EPG,EPG(PB08)_L6,L,cb_intrinsic,53
14482,ER4m,ER4m_R,R,cb_intrinsic,11987,EPG,EPG(PB08)_R5,R,cb_intrinsic,53
14308,ER4m,ER4m_L,L,cb_intrinsic,513463,EPG,EPG(PB08)_R2,R,cb_intrinsic,53
13434,ER4m,ER4m_R,R,cb_intrinsic,519140,EPG,EPG(PB08)_L1,L,cb_intrinsic,53
13395,ER4m,ER4m_R,R,cb_intrinsic,519941,EPG,EPG(PB08)_L3,L,cb_intrinsic,52
13985,ER4m,ER4m_L,L,cb_intrinsic,107195,EPG,EPG(PB08)_L5,L,cb_intrinsic,52
16440,ER4m,ER4m_L,L,cb_intrinsic,513284,EPG,EPG(PB08)_R3,R,cb_intrinsic,52
454614,ER4m,ER4m_L,L,cb_intrinsic,523786,EPG,EPG(PB08)_R4,R,cb_intrinsic,52
454614,ER4m,ER4m_L,L,cb_intrinsic,11987,EPG,EPG(PB08)_R5,R,cb_intrinsic,52
454614,ER4m,ER4m_L,L,cb_intrinsic,513033,EPG,EPG(PB08)_L8,L,cb_intrinsic,52
17402,ER4m,ER4m_L,L,cb_intrinsic,513033,EPG,EPG(PB08)_L8,L,cb_intrinsic,52
13985,ER4m,ER4m_L,L,cb_intrinsic,556347,EPG,EPG(PB08)_R4,R,cb_intrinsic,52
14308,ER4m,ER4m_L,L,cb_intrinsic,16360,EPG,EPG(PB08)_L6,L,cb_intrinsic,52
17402,ER4m,ER4m_L,L,cb_intrinsic,515675,EPG,EPG(PB08)_R1,R,cb_intrinsic,52
13395,ER4m,ER4m_R,R,cb_intrinsic,92188,EPG,EPG(PB08)_R7,R,cb_intrinsic,52
519347,ER4m,ER4m_R,R,cb_intrinsic,521812,EPG,EPG(PB08)_R7,R,cb_intrinsic,52
515760,ER4m,ER4m_R,R,cb_intrinsic,521813,EPG,EPG(PB08)_L2,L,cb_intrinsic,52
14482,ER4m,ER4m_R,R,cb_intrinsic,521813,EPG,EPG(PB08)_L2,L,cb_intrinsic,52
16440,ER4m,ER4m_L,L,cb_intrinsic,519941,EPG,EPG(PB08)_L3,L,cb_intrinsic,51
17402,ER4m,ER4m_L,L,cb_intrinsic,11989,EPG,EPG(PB08)_L5,L,cb_intrinsic,51
12797,ER4m,ER4m_R,R,cb_intrinsic,513284,EPG,EPG(PB08)_R3,R,cb_intrinsic,51
13985,ER4m,ER4m_L,L,cb_intrinsic,521409,EPG,EPG(PB08)_L8,L,cb_intrinsic,51
515760,ER4m,ER4m_R,R,cb_intrinsic,15616,EPG,EPG(PB08)_R3,R,cb_intrinsic,51
519347,ER4m,ER4m_R,R,cb_intrinsic,515675,EPG,EPG(PB08)_R1,R,cb_intrinsic,51
454614,ER4m,ER4m_L,L,cb_intrinsic,15713,EPG,EPG(PB08)_L6,L,cb_intrinsic,51
13395,ER4m,ER4m_R,R,cb_intrinsic,521813,EPG,EPG(PB08)_L2,L,cb_intrinsic,51
454614,ER4m,ER4m_L,L,cb_intrinsic,512513,EPG,EPG(PB08)_R1,R,cb_intrinsic,51
14482,ER4m,ER4m_R,R,cb_intrinsic,512305,EPG,EPG(PB08)_R8,R,cb_intrinsic,50
16440,ER4m,ER4m_L,L,cb_intrinsic,11307,EPG,EPG(PB08)_L4,L,cb_intrinsic,50
14482,ER4m,ER4m_R,R,cb_intrinsic,11503,EPG,EPG(PB08)_R8,R,cb_intrinsic,50
16440,ER4m,ER4m_L,L,cb_intrinsic,556346,EPG,EPG(PB08)_L6,L,cb_intrinsic,50
519347,ER4m,ER4m_R,R,cb_intrinsic,11987,EPG,EPG(PB08)_R5,R,cb_intrinsic,50
515760,ER4m,ER4m_R,R,cb_intrinsic,513033,EPG,EPG(PB08)_L8,L,cb_intrinsic,50
14482,ER4m,ER4m_R,R,cb_intrinsic,513517,EPG,EPG(PB08)_L4,L,cb_intrinsic,50
13434,ER4m,ER4m_R,R,cb_intrinsic,513517,EPG,EPG(PB08)_L4,L,cb_intrinsic,50
16440,ER4m,ER4m_L,L,cb_intrinsic,520818,EPG,EPG(PB08)_L4,L,cb_intrinsic,50
14482,ER4m,ER4m_R,R,cb_intrinsic,520818,EPG,EPG(PB08)_L4,L,cb_intrinsic,50
16440,ER4m,ER4m_L,L,cb_intrinsic,10539,EPG,EPG(PB08)_R2,R,cb_intrinsic,50
12797,ER4m,ER4m_R,R,cb_intrinsic,15616,EPG,EPG(PB08)_R3,R,cb_intrinsic,50
13985,ER4m,ER4m_L,L,cb_intrinsic,515675,EPG,EPG(PB08)_R1,R,cb_intrinsic,50
519347,ER4m,ER4m_R,R,cb_intrinsic,513520,EPG,EPG(PB08)_R6,R,cb_intrinsic,50
515760,ER4m,ER4m_R,R,cb_intrinsic,513520,EPG,EPG(PB08)_R6,R,cb_intrinsic,50
12797,ER4m,ER4m_R,R,cb_intrinsic,513520,EPG,EPG(PB08)_R6,R,cb_intrinsic,50
13434,ER4m,ER4m_R,R,cb_intrinsic,520581,EPG,EPG(PB08)_R4,R,cb_intrinsic,50
13434,ER4m,ER4m_R,R,cb_intrinsic,11989,EPG,EPG(PB08)_L5,L,cb_intrinsic,49
13434,ER4m,ER4m_R,R,cb_intrinsic,19825,EPG,EPG(PB08)_R6,R,cb_intrinsic,49
454614,ER4m,ER4m_L,L,cb_intrinsic,84758,EPG,EPG(PB08)_L7,L,cb_intrinsic,49
13985,ER4m,ER4m_L,L,cb_intrinsic,513033,EPG,EPG(PB08)_L8,L,cb_intrinsic,49
519347,ER4m,ER4m_R,R,cb_intrinsic,513517,EPG,EPG(PB08)_L4,L,cb_intrinsic,49
13985,ER4m,ER4m_L,L,cb_intrinsic,513517,EPG,EPG(PB08)_L4,L,cb_intrinsic,49
454614,ER4m,ER4m_L,L,cb_intrinsic,515675,EPG,EPG(PB08)_R1,R,cb_intrinsic,49
13985,ER4m,ER4m_L,L,cb_intrinsic,514126,EPG,EPG(PB08)_R5,R,cb_intrinsic,49
17402,ER4m,ER4m_L,L,cb_intrinsic,520581,EPG,EPG(PB08)_R4,R,cb_intrinsic,49
17402,ER4m,ER4m_L,L,cb_intrinsic,512513,EPG,EPG(PB08)_R1,R,cb_intrinsic,49
14482,ER4m,ER4m_R,R,cb_intrinsic,519941,EPG,EPG(PB08)_L3,L,cb_intrinsic,48
13434,ER4m,ER4m_R,R,cb_intrinsic,519941,EPG,EPG(PB08)_L3,L,cb_intrinsic,48
454614,ER4m,ER4m_L,L,cb_intrinsic,519144,EPG,EPG(PB08)_L8,L,cb_intrinsic,48
13395,ER4m,ER4m_R,R,cb_intrinsic,19825,EPG,EPG(PB08)_R6,R,cb_intrinsic,48
13985,ER4m,ER4m_L,L,cb_intrinsic,84758,EPG,EPG(PB08)_L7,L,cb_intrinsic,48
13395,ER4m,ER4m_R,R,cb_intrinsic,513284,EPG,EPG(PB08)_R3,R,cb_intrinsic,48
515760,ER4m,ER4m_R,R,cb_intrinsic,11987,EPG,EPG(PB08)_R5,R,cb_intrinsic,48
13395,ER4m,ER4m_R,R,cb_intrinsic,11987,EPG,EPG(PB08)_R5,R,cb_intrinsic,48
13434,ER4m,ER4m_R,R,cb_intrinsic,19125,EPG,EPG(PB08)_R5,R,cb_intrinsic,48
16440,ER4m,ER4m_L,L,cb_intrinsic,513463,EPG,EPG(PB08)_R2,R,cb_intrinsic,48
12797,ER4m,ER4m_R,R,cb_intrinsic,513463,EPG,EPG(PB08)_R2,R,cb_intrinsic,48
13985,ER4m,ER4m_L,L,cb_intrinsic,12449,EPG,EPG(PB08)_L5,L,cb_intrinsic,48
16440,ER4m,ER4m_L,L,cb_intrinsic,519140,EPG,EPG(PB08)_L1,L,cb_intrinsic,48
17402,ER4m,ER4m_L,L,cb_intrinsic,16360,EPG,EPG(PB08)_L6,L,cb_intrinsic,48
454614,ER4m,ER4m_L,L,cb_intrinsic,520581,EPG,EPG(PB08)_R4,R,cb_intrinsic,48
16440,ER4m,ER4m_L,L,cb_intrinsic,107195,EPG,EPG(PB08)_L5,L,cb_intrinsic,47
13395,ER4m,ER4m_R,R,cb_intrinsic,524073,EPG,EPG(PB08)_L2,L,cb_intrinsic,47
515760,ER4m,ER4m_R,R,cb_intrinsic,513464,EPG,EPG(PB08)_R8,R,cb_intrinsic,47
14308,ER4m,ER4m_L,L,cb_intrinsic,556346,EPG,EPG(PB08)_L6,L,cb_intrinsic,47
519347,ER4m,ER4m_R,R,cb_intrinsic,523786,EPG,EPG(PB08)_R4,R,cb_intrinsic,47
515760,ER4m,ER4m_R,R,cb_intrinsic,131313,EPG,EPG(PB08)_R6,R,cb_intrinsic,47
13395,ER4m,ER4m_R,R,cb_intrinsic,131313,EPG,EPG(PB08)_R6,R,cb_intrinsic,47
16440,ER4m,ER4m_L,L,cb_intrinsic,14727,EPG,EPG(PB08)_L7,L,cb_intrinsic,47
16440,ER4m,ER4m_L,L,cb_intrinsic,515675,EPG,EPG(PB08)_R1,R,cb_intrinsic,47
14482,ER4m,ER4m_R,R,cb_intrinsic,515675,EPG,EPG(PB08)_R1,R,cb_intrinsic,47
13395,ER4m,ER4m_R,R,cb_intrinsic,515675,EPG,EPG(PB08)_R1,R,cb_intrinsic,47
519347,ER4m,ER4m_R,R,cb_intrinsic,514126,EPG,EPG(PB08)_R5,R,cb_intrinsic,47
14482,ER4m,ER4m_R,R,cb_intrinsic,513520,EPG,EPG(PB08)_R6,R,cb_intrinsic,47
519347,ER4m,ER4m_R,R,cb_intrinsic,11874,EPG,EPG(PB08)_L7,L,cb_intrinsic,47
14308,ER4m,ER4m_L,L,cb_intrinsic,88342,EPG,EPG(PB08)_L3,L,cb_intrinsic,47
515760,ER4m,ER4m_R,R,cb_intrinsic,521812,EPG,EPG(PB08)_R7,R,cb_intrinsic,47
14482,ER4m,ER4m_R,R,cb_intrinsic,521812,EPG,EPG(PB08)_R7,R,cb_intrinsic,47
12797,ER4m,ER4m_R,R,cb_intrinsic,521813,EPG,EPG(PB08)_L2,L,cb_intrinsic,47
14308,ER4m,ER4m_L,L,cb_intrinsic,519941,EPG,EPG(PB08)_L3,L,cb_intrinsic,46
454614,ER4m,ER4m_L,L,cb_intrinsic,107195,EPG,EPG(PB08)_L5,L,cb_intrinsic,46
13395,ER4m,ER4m_R,R,cb_intrinsic,519328,EPG,EPG(PB08)_L3,L,cb_intrinsic,46
519347,ER4m,ER4m_R,R,cb_intrinsic,84758,EPG,EPG(PB08)_L7,L,cb_intrinsic,46
12797,ER4m,ER4m_R,R,cb_intrinsic,520812,EPG,EPG(PB08)_R8,R,cb_intrinsic,46
13434,ER4m,ER4m_R,R,cb_intrinsic,131313,EPG,EPG(PB08)_R6,R,cb_intrinsic,46
17402,ER4m,ER4m_L,L,cb_intrinsic,513463,EPG,EPG(PB08)_R2,R,cb_intrinsic,46
14308,ER4m,ER4m_L,L,cb_intrinsic,11874,EPG,EPG(PB08)_L7,L,cb_intrinsic,46
17402,ER4m,ER4m_L,L,cb_intrinsic,15713,EPG,EPG(PB08)_L6,L,cb_intrinsic,46
16440,ER4m,ER4m_L,L,cb_intrinsic,519144,EPG,EPG(PB08)_L8,L,cb_intrinsic,45
13395,ER4m,ER4m_R,R,cb_intrinsic,513464,EPG,EPG(PB08)_R8,R,cb_intrinsic,45
519347,ER4m,ER4m_R,R,cb_intrinsic,513284,EPG,EPG(PB08)_R3,R,cb_intrinsic,45
13434,ER4m,ER4m_R,R,cb_intrinsic,556346,EPG,EPG(PB08)_L6,L,cb_intrinsic,45
17402,ER4m,ER4m_L,L,cb_intrinsic,523786,EPG,EPG(PB08)_R4,R,cb_intrinsic,45
16440,ER4m,ER4m_L,L,cb_intrinsic,523786,EPG,EPG(PB08)_R4,R,cb_intrinsic,45
14308,ER4m,ER4m_L,L,cb_intrinsic,513033,EPG,EPG(PB08)_L8,L,cb_intrinsic,45
14482,ER4m,ER4m_R,R,cb_intrinsic,19125,EPG,EPG(PB08)_R5,R,cb_intrinsic,45
14308,ER4m,ER4m_L,L,cb_intrinsic,19125,EPG,EPG(PB08)_R5,R,cb_intrinsic,45
16440,ER4m,ER4m_L,L,cb_intrinsic,513517,EPG,EPG(PB08)_L4,L,cb_intrinsic,45
17402,ER4m,ER4m_L,L,cb_intrinsic,520818,EPG,EPG(PB08)_L4,L,cb_intrinsic,45
17402,ER4m,ER4m_L,L,cb_intrinsic,10539,EPG,EPG(PB08)_R2,R,cb_intrinsic,45
13985,ER4m,ER4m_L,L,cb_intrinsic,14727,EPG,EPG(PB08)_L7,L,cb_intrinsic,45
454614,ER4m,ER4m_L,L,cb_intrinsic,519140,EPG,EPG(PB08)_L1,L,cb_intrinsic,45
17402,ER4m,ER4m_L,L,cb_intrinsic,519140,EPG,EPG(PB08)_L1,L,cb_intrinsic,45
454614,ER4m,ER4m_L,L,cb_intrinsic,11874,EPG,EPG(PB08)_L7,L,cb_intrinsic,45
14482,ER4m,ER4m_R,R,cb_intrinsic,107195,EPG,EPG(PB08)_L5,L,cb_intrinsic,44
12797,ER4m,ER4m_R,R,cb_intrinsic,107195,EPG,EPG(PB08)_L5,L,cb_intrinsic,44
13434,ER4m,ER4m_R,R,cb_intrinsic,519328,EPG,EPG(PB08)_L3,L,cb_intrinsic,44
14482,ER4m,ER4m_R,R,cb_intrinsic,512928,EPG,EPG(PB08)_R3,R,cb_intrinsic,44
14482,ER4m,ER4m_R,R,cb_intrinsic,524073,EPG,EPG(PB08)_L2,L,cb_intrinsic,44
12797,ER4m,ER4m_R,R,cb_intrinsic,524073,EPG,EPG(PB08)_L2,L,cb_intrinsic,44
14482,ER4m,ER4m_R,R,cb_intrinsic,19825,EPG,EPG(PB08)_R6,R,cb_intrinsic,44
13434,ER4m,ER4m_R,R,cb_intrinsic,11503,EPG,EPG(PB08)_R8,R,cb_intrinsic,44
13434,ER4m,ER4m_R,R,cb_intrinsic,520812,EPG,EPG(PB08)_R8,R,cb_intrinsic,44
13395,ER4m,ER4m_R,R,cb_intrinsic,523786,EPG,EPG(PB08)_R4,R,cb_intrinsic,44
12797,ER4m,ER4m_R,R,cb_intrinsic,523786,EPG,EPG(PB08)_R4,R,cb_intrinsic,44
17402,ER4m,ER4m_L,L,cb_intrinsic,11987,EPG,EPG(PB08)_R5,R,cb_intrinsic,44
14482,ER4m,ER4m_R,R,cb_intrinsic,131313,EPG,EPG(PB08)_R6,R,cb_intrinsic,44
515760,ER4m,ER4m_R,R,cb_intrinsic,556347,EPG,EPG(PB08)_R4,R,cb_intrinsic,44
16440,ER4m,ER4m_L,L,cb_intrinsic,16360,EPG,EPG(PB08)_L6,L,cb_intrinsic,44
16440,ER4m,ER4m_L,L,cb_intrinsic,11874,EPG,EPG(PB08)_L7,L,cb_intrinsic,44
515760,ER4m,ER4m_R,R,cb_intrinsic,520581,EPG,EPG(PB08)_R4,R,cb_intrinsic,44
17402,ER4m,ER4m_L,L,cb_intrinsic,13217,EPG,EPG(PB08)_L8,L,cb_intrinsic,44
519347,ER4m,ER4m_R,R,cb_intrinsic,11989,EPG,EPG(PB08)_L5,L,cb_intrinsic,43
454614,ER4m,ER4m_L,L,cb_intrinsic,11989,EPG,EPG(PB08)_L5,L,cb_intrinsic,43
515760,ER4m,ER4m_R,R,cb_intrinsic,512928,EPG,EPG(PB08)_R3,R,cb_intrinsic,43
519347,ER4m,ER4m_R,R,cb_intrinsic,512305,EPG,EPG(PB08)_R8,R,cb_intrinsic,43
14482,ER4m,ER4m_R,R,cb_intrinsic,513464,EPG,EPG(PB08)_R8,R,cb_intrinsic,43
13434,ER4m,ER4m_R,R,cb_intrinsic,513464,EPG,EPG(PB08)_R8,R,cb_intrinsic,43
515760,ER4m,ER4m_R,R,cb_intrinsic,84758,EPG,EPG(PB08)_L7,L,cb_intrinsic,43
515760,ER4m,ER4m_R,R,cb_intrinsic,513284,EPG,EPG(PB08)_R3,R,cb_intrinsic,43
14482,ER4m,ER4m_R,R,cb_intrinsic,556346,EPG,EPG(PB08)_L6,L,cb_intrinsic,43
515760,ER4m,ER4m_R,R,cb_intrinsic,523786,EPG,EPG(PB08)_R4,R,cb_intrinsic,43
13395,ER4m,ER4m_R,R,cb_intrinsic,19125,EPG,EPG(PB08)_R5,R,cb_intrinsic,43
454614,ER4m,ER4m_L,L,cb_intrinsic,521409,EPG,EPG(PB08)_L8,L,cb_intrinsic,43
519347,ER4m,ER4m_R,R,cb_intrinsic,513463,EPG,EPG(PB08)_R2,R,cb_intrinsic,43
17402,ER4m,ER4m_L,L,cb_intrinsic,14727,EPG,EPG(PB08)_L7,L,cb_intrinsic,43
12797,ER4m,ER4m_R,R,cb_intrinsic,519140,EPG,EPG(PB08)_L1,L,cb_intrinsic,43
12797,ER4m,ER4m_R,R,cb_intrinsic,515675,EPG,EPG(PB08)_R1,R,cb_intrinsic,43
16440,ER4m,ER4m_L,L,cb_intrinsic,513520,EPG,EPG(PB08)_R6,R,cb_intrinsic,43
515760,ER4m,ER4m_R,R,cb_intrinsic,13217,EPG,EPG(PB08)_L8,L,cb_intrinsic,43
13434,ER4m,ER4m_R,R,cb_intrinsic,13217,EPG,EPG(PB08)_L8,L,cb_intrinsic,43
13434,ER4m,ER4m_R,R,cb_intrinsic,92188,EPG,EPG(PB08)_R7,R,cb_intrinsic,43
13985,ER4m,ER4m_L,L,cb_intrinsic,521813,EPG,EPG(PB08)_L2,L,cb_intrinsic,43
13434,ER4m,ER4m_R,R,cb_intrinsic,521813,EPG,EPG(PB08)_L2,L,cb_intrinsic,43
515760,ER4m,ER4m_R,R,cb_intrinsic,519941,EPG,EPG(PB08)_L3,L,cb_intrinsic,42
16440,ER4m,ER4m_L,L,cb_intrinsic,11989,EPG,EPG(PB08)_L5,L,cb_intrinsic,42
519347,ER4m,ER4m_R,R,cb_intrinsic,512928,EPG,EPG(PB08)_R3,R,cb_intrinsic,42
12797,ER4m,ER4m_R,R,cb_intrinsic,19825,EPG,EPG(PB08)_R6,R,cb_intrinsic,42
13395,ER4m,ER4m_R,R,cb_intrinsic,11503,EPG,EPG(PB08)_R8,R,cb_intrinsic,42
515760,ER4m,ER4m_R,R,cb_intrinsic,520812,EPG,EPG(PB08)_R8,R,cb_intrinsic,42
14482,ER4m,ER4m_R,R,cb_intrinsic,513463,EPG,EPG(PB08)_R2,R,cb_intrinsic,42
14482,ER4m,ER4m_R,R,cb_intrinsic,10539,EPG,EPG(PB08)_R2,R,cb_intrinsic,42
12797,ER4m,ER4m_R,R,cb_intrinsic,10539,EPG,EPG(PB08)_R2,R,cb_intrinsic,42
519347,ER4m,ER4m_R,R,cb_intrinsic,16360,EPG,EPG(PB08)_L6,L,cb_intrinsic,42
13985,ER4m,ER4m_L,L,cb_intrinsic,16360,EPG,EPG(PB08)_L6,L,cb_intrinsic,42
16440,ER4m,ER4m_L,L,cb_intrinsic,520581,EPG,EPG(PB08)_R4,R,cb_intrinsic,42
519347,ER4m,ER4m_R,R,cb_intrinsic,92188,EPG,EPG(PB08)_R7,R,cb_intrinsic,42
14482,ER4m,ER4m_R,R,cb_intrinsic,92188,EPG,EPG(PB08)_R7,R,cb_intrinsic,42
13434,ER4m,ER4m_R,R,cb_intrinsic,512513,EPG,EPG(PB08)_R1,R,cb_intrinsic,42
516110,ER6,ER6_R,R,cb_intrinsic,519941,EPG,EPG(PB08)_L3,L,cb_intrinsic,41
12797,ER4m,ER4m_R,R,cb_intrinsic,512928,EPG,EPG(PB08)_R3,R,cb_intrinsic,41
519347,ER4m,ER4m_R,R,cb_intrinsic,524073,EPG,EPG(PB08)_L2,L,cb_intrinsic,41
17402,ER4m,ER4m_L,L,cb_intrinsic,513464,EPG,EPG(PB08)_R8,R,cb_intrinsic,41
14482,ER4m,ER4m_R,R,cb_intrinsic,520812,EPG,EPG(PB08)_R8,R,cb_intrinsic,41
14482,ER4m,ER4m_R,R,cb_intrinsic,513284,EPG,EPG(PB08)_R3,R,cb_intrinsic,41
519347,ER4m,ER4m_R,R,cb_intrinsic,556346,EPG,EPG(PB08)_L6,L,cb_intrinsic,41
519347,ER4m,ER4m_R,R,cb_intrinsic,513033,EPG,EPG(PB08)_L8,L,cb_intrinsic,41
16440,ER4m,ER4m_L,L,cb_intrinsic,19125,EPG,EPG(PB08)_R5,R,cb_intrinsic,41
16440,ER4m,ER4m_L,L,cb_intrinsic,131313,EPG,EPG(PB08)_R6,R,cb_intrinsic,41
12797,ER4m,ER4m_R,R,cb_intrinsic,131313,EPG,EPG(PB08)_R6,R,cb_intrinsic,41
17402,ER4m,ER4m_L,L,cb_intrinsic,12449,EPG,EPG(PB08)_L5,L,cb_intrinsic,41
16440,ER4m,ER4m_L,L,cb_intrinsic,12449,EPG,EPG(PB08)_L5,L,cb_intrinsic,41
13395,ER4m,ER4m_R,R,cb_intrinsic,519140,EPG,EPG(PB08)_L1,L,cb_intrinsic,41
14482,ER4m,ER4m_R,R,cb_intrinsic,15616,EPG,EPG(PB08)_R3,R,cb_intrinsic,41
454614,ER4m,ER4m_L,L,cb_intrinsic,514126,EPG,EPG(PB08)_R5,R,cb_intrinsic,41
17402,ER4m,ER4m_L,L,cb_intrinsic,11874,EPG,EPG(PB08)_L7,L,cb_intrinsic,41
13985,ER4m,ER4m_L,L,cb_intrinsic,15713,EPG,EPG(PB08)_L6,L,cb_intrinsic,41
14308,ER4m,ER4m_L,L,cb_intrinsic,13217,EPG,EPG(PB08)_L8,L,cb_intrinsic,41
515760,ER4m,ER4m_R,R,cb_intrinsic,11989,EPG,EPG(PB08)_L5,L,cb_intrinsic,40
12797,ER4m,ER4m_R,R,cb_intrinsic,519328,EPG,EPG(PB08)_L3,L,cb_intrinsic,40
13985,ER4m,ER4m_L,L,cb_intrinsic,519144,EPG,EPG(PB08)_L8,L,cb_intrinsic,40
519347,ER4m,ER4m_R,R,cb_intrinsic,19825,EPG,EPG(PB08)_R6,R,cb_intrinsic,40
515760,ER4m,ER4m_R,R,cb_intrinsic,19825,EPG,EPG(PB08)_R6,R,cb_intrinsic,40
13985,ER4m,ER4m_L,L,cb_intrinsic,19825,EPG,EPG(PB08)_R6,R,cb_intrinsic,40
13395,ER4m,ER4m_R,R,cb_intrinsic,520812,EPG,EPG(PB08)_R8,R,cb_intrinsic,40
13985,ER4m,ER4m_L,L,cb_intrinsic,19125,EPG,EPG(PB08)_R5,R,cb_intrinsic,40
13985,ER4m,ER4m_L,L,cb_intrinsic,131313,EPG,EPG(PB08)_R6,R,cb_intrinsic,40
515760,ER4m,ER4m_R,R,cb_intrinsic,521409,EPG,EPG(PB08)_L8,L,cb_intrinsic,40
515760,ER4m,ER4m_R,R,cb_intrinsic,513463,EPG,EPG(PB08)_R2,R,cb_intrinsic,40
16440,ER4m,ER4m_L,L,cb_intrinsic,514126,EPG,EPG(PB08)_R5,R,cb_intrinsic,40
14482,ER4m,ER4m_R,R,cb_intrinsic,514126,EPG,EPG(PB08)_R5,R,cb_intrinsic,40
13434,ER4m,ER4m_R,R,cb_intrinsic,514126,EPG,EPG(PB08)_R5,R,cb_intrinsic,40
12797,ER4m,ER4m_R,R,cb_intrinsic,514126,EPG,EPG(PB08)_R5,R,cb_intrinsic,40
515760,ER4m,ER4m_R,R,cb_intrinsic,11874,EPG,EPG(PB08)_L7,L,cb_intrinsic,40
13434,ER4m,ER4m_R,R,cb_intrinsic,11874,EPG,EPG(PB08)_L7,L,cb_intrinsic,40
17402,ER4m,ER4m_L,L,cb_intrinsic,512514,EPG,EPG(PB08)_L1,L,cb_intrinsic,40
14482,ER4m,ER4m_R,R,cb_intrinsic,512514,EPG,EPG(PB08)_L1,L,cb_intrinsic,40
13395,ER4m,ER4m_R,R,cb_intrinsic,88342,EPG,EPG(PB08)_L3,L,cb_intrinsic,40
12797,ER4m,ER4m_R,R,cb_intrinsic,520581,EPG,EPG(PB08)_R4,R,cb_intrinsic,40
16440,ER4m,ER4m_L,L,cb_intrinsic,13217,EPG,EPG(PB08)_L8,L,cb_intrinsic,40
13395,ER4m,ER4m_R,R,cb_intrinsic,521812,EPG,EPG(PB08)_R7,R,cb_intrinsic,40
12797,ER4m,ER4m_R,R,cb_intrinsic,512513,EPG,EPG(PB08)_R1,R,cb_intrinsic,40
14482,ER4m,ER4m_R,R,cb_intrinsic,11989,EPG,EPG(PB08)_L5,L,cb_intrinsic,39
17402,ER4m,ER4m_L,L,cb_intrinsic,107195,EPG,EPG(PB08)_L5,L,cb_intrinsic,39
16440,ER4m,ER4m_L,L,cb_intrinsic,513464,EPG,EPG(PB08)_R8,R,cb_intrinsic,39
16440,ER4m,ER4m_L,L,cb_intrinsic,11503,EPG,EPG(PB08)_R8,R,cb_intrinsic,39
13434,ER4m,ER4m_R,R,cb_intrinsic,84758,EPG,EPG(PB08)_L7,L,cb_intrinsic,39
515760,ER4m,ER4m_R,R,cb_intrinsic,556346,EPG,EPG(PB08)_L6,L,cb_intrinsic,39
12797,ER4m,ER4m_R,R,cb_intrinsic,513033,EPG,EPG(PB08)_L8,L,cb_intrinsic,39
519347,ER4m,ER4m_R,R,cb_intrinsic,131313,EPG,EPG(PB08)_R6,R,cb_intrinsic,39
17402,ER4m,ER4m_L,L,cb_intrinsic,513517,EPG,EPG(PB08)_L4,L,cb_intrinsic,39
14482,ER4m,ER4m_R,R,cb_intrinsic,556347,EPG,EPG(PB08)_R4,R,cb_intrinsic,39
14308,ER4m,ER4m_L,L,cb_intrinsic,14727,EPG,EPG(PB08)_L7,L,cb_intrinsic,39
515760,ER4m,ER4m_R,R,cb_intrinsic,16360,EPG,EPG(PB08)_L6,L,cb_intrinsic,39
12797,ER4m,ER4m_R,R,cb_intrinsic,16360,EPG,EPG(PB08)_L6,L,cb_intrinsic,39
13434,ER4m,ER4m_R,R,cb_intrinsic,512514,EPG,EPG(PB08)_L1,L,cb_intrinsic,39
13434,ER4m,ER4m_R,R,cb_intrinsic,88342,EPG,EPG(PB08)_L3,L,cb_intrinsic,39
454614,ER4m,ER4m_L,L,cb_intrinsic,13217,EPG,EPG(PB08)_L8,L,cb_intrinsic,39
519347,ER4m,ER4m_R,R,cb_intrinsic,512513,EPG,EPG(PB08)_R1,R,cb_intrinsic,39
515760,ER4m,ER4m_R,R,cb_intrinsic,512513,EPG,EPG(PB08)_R1,R,cb_intrinsic,39
14308,ER4m,ER4m_L,L,cb_intrinsic,512513,EPG,EPG(PB08)_R1,R,cb_intrinsic,39
519347,ER4m,ER4m_R,R,cb_intrinsic,519328,EPG,EPG(PB08)_L3,L,cb_intrinsic,38
454614,ER4m,ER4m_L,L,cb_intrinsic,519328,EPG,EPG(PB08)_L3,L,cb_intrinsic,38
17402,ER4m,ER4m_L,L,cb_intrinsic,519144,EPG,EPG(PB08)_L8,L,cb_intrinsic,38
12797,ER4m,ER4m_R,R,cb_intrinsic,512305,EPG,EPG(PB08)_R8,R,cb_intrinsic,38
12797,ER4m,ER4m_R,R,cb_intrinsic,513464,EPG,EPG(PB08)_R8,R,cb_intrinsic,38
13395,ER4m,ER4m_R,R,cb_intrinsic,556346,EPG,EPG(PB08)_L6,L,cb_intrinsic,38
519347,ER4m,ER4m_R,R,cb_intrinsic,556347,EPG,EPG(PB08)_R4,R,cb_intrinsic,38
16440,ER4m,ER4m_L,L,cb_intrinsic,556347,EPG,EPG(PB08)_R4,R,cb_intrinsic,38
519347,ER4m,ER4m_R,R,cb_intrinsic,521409,EPG,EPG(PB08)_L8,L,cb_intrinsic,38
13434,ER4m,ER4m_R,R,cb_intrinsic,14727,EPG,EPG(PB08)_L7,L,cb_intrinsic,38
14482,ER4m,ER4m_R,R,cb_intrinsic,16360,EPG,EPG(PB08)_L6,L,cb_intrinsic,38
515760,ER4m,ER4m_R,R,cb_intrinsic,515675,EPG,EPG(PB08)_R1,R,cb_intrinsic,38
519347,ER4m,ER4m_R,R,cb_intrinsic,88342,EPG,EPG(PB08)_L3,L,cb_intrinsic,38
14482,ER4m,ER4m_R,R,cb_intrinsic,88342,EPG,EPG(PB08)_L3,L,cb_intrinsic,38
14482,ER4m,ER4m_R,R,cb_intrinsic,15713,EPG,EPG(PB08)_L6,L,cb_intrinsic,38
13985,ER4m,ER4m_L,L,cb_intrinsic,13217,EPG,EPG(PB08)_L8,L,cb_intrinsic,38
14308,ER4m,ER4m_L,L,cb_intrinsic,521813,EPG,EPG(PB08)_L2,L,cb_intrinsic,38
14482,ER4m,ER4m_R,R,cb_intrinsic,512513,EPG,EPG(PB08)_R1,R,cb_intrinsic,38
13395,ER4m,ER4m_R,R,cb_intrinsic,512513,EPG,EPG(PB08)_R1,R,cb_intrinsic,38
12797,ER4m,ER4m_R,R,cb_intrinsic,519941,EPG,EPG(PB08)_L3,L,cb_intrinsic,37
454614,ER4m,ER4m_L,L,cb_intrinsic,19825,EPG,EPG(PB08)_R6,R,cb_intrinsic,37
16440,ER4m,ER4m_L,L,cb_intrinsic,19825,EPG,EPG(PB08)_R6,R,cb_intrinsic,37
519347,ER4m,ER4m_R,R,cb_intrinsic,520812,EPG,EPG(PB08)_R8,R,cb_intrinsic,37
14482,ER4m,ER4m_R,R,cb_intrinsic,523786,EPG,EPG(PB08)_R4,R,cb_intrinsic,37
12797,ER4m,ER4m_R,R,cb_intrinsic,556347,EPG,EPG(PB08)_R4,R,cb_intrinsic,37
16440,ER4m,ER4m_L,L,cb_intrinsic,521409,EPG,EPG(PB08)_L8,L,cb_intrinsic,37
13434,ER4m,ER4m_R,R,cb_intrinsic,12449,EPG,EPG(PB08)_L5,L,cb_intrinsic,37
13395,ER4m,ER4m_R,R,cb_intrinsic,12449,EPG,EPG(PB08)_L5,L,cb_intrinsic,37
515760,ER4m,ER4m_R,R,cb_intrinsic,519140,EPG,EPG(PB08)_L1,L,cb_intrinsic,37
13434,ER4m,ER4m_R,R,cb_intrinsic,16360,EPG,EPG(PB08)_L6,L,cb_intrinsic,37
13395,ER4m,ER4m_R,R,cb_intrinsic,514126,EPG,EPG(PB08)_R5,R,cb_intrinsic,37
519347,ER4m,ER4m_R,R,cb_intrinsic,512514,EPG,EPG(PB08)_L1,L,cb_intrinsic,37
14308,ER4m,ER4m_L,L,cb_intrinsic,15713,EPG,EPG(PB08)_L6,L,cb_intrinsic,37
515760,ER4m,ER4m_R,R,cb_intrinsic,92188,EPG,EPG(PB08)_R7,R,cb_intrinsic,37
12797,ER4m,ER4m_R,R,cb_intrinsic,92188,EPG,EPG(PB08)_R7,R,cb_intrinsic,37
16440,ER4m,ER4m_L,L,cb_intrinsic,512513,EPG,EPG(PB08)_R1,R,cb_intrinsic,37
13985,ER4m,ER4m_L,L,cb_intrinsic,512513,EPG,EPG(PB08)_R1,R,cb_intrinsic,37
13985,ER4m,ER4m_L,L,cb_intrinsic,519941,EPG,EPG(PB08)_L3,L,cb_intrinsic,36
13434,ER4m,ER4m_R,R,cb_intrinsic,14507,EPG,EPG(PB08)_R7,R,cb_intrinsic,36
17402,ER4m,ER4m_L,L,cb_intrinsic,19825,EPG,EPG(PB08)_R6,R,cb_intrinsic,36
14482,ER4m,ER4m_R,R,cb_intrinsic,84758,EPG,EPG(PB08)_L7,L,cb_intrinsic,36
12797,ER4m,ER4m_R,R,cb_intrinsic,84758,EPG,EPG(PB08)_L7,L,cb_intrinsic,36
14308,ER4m,ER4m_L,L,cb_intrinsic,131313,EPG,EPG(PB08)_R6,R,cb_intrinsic,36
454614,ER4m,ER4m_L,L,cb_intrinsic,513517,EPG,EPG(PB08)_L4,L,cb_intrinsic,36
17402,ER4m,ER4m_L,L,cb_intrinsic,521409,EPG,EPG(PB08)_L8,L,cb_intrinsic,36
14308,ER4m,ER4m_L,L,cb_intrinsic,521409,EPG,EPG(PB08)_L8,L,cb_intrinsic,36
454614,ER4m,ER4m_L,L,cb_intrinsic,12449,EPG,EPG(PB08)_L5,L,cb_intrinsic,36
519347,ER4m,ER4m_R,R,cb_intrinsic,519140,EPG,EPG(PB08)_L1,L,cb_intrinsic,36
13985,ER4m,ER4m_L,L,cb_intrinsic,519140,EPG,EPG(PB08)_L1,L,cb_intrinsic,36
13434,ER4m,ER4m_R,R,cb_intrinsic,515675,EPG,EPG(PB08)_R1,R,cb_intrinsic,36
515760,ER4m,ER4m_R,R,cb_intrinsic,514126,EPG,EPG(PB08)_R5,R,cb_intrinsic,36
17402,ER4m,ER4m_L,L,cb_intrinsic,513520,EPG,EPG(PB08)_R6,R,cb_intrinsic,36
12797,ER4m,ER4m_R,R,cb_intrinsic,11874,EPG,EPG(PB08)_L7,L,cb_intrinsic,36
515760,ER4m,ER4m_R,R,cb_intrinsic,88342,EPG,EPG(PB08)_L3,L,cb_intrinsic,36
519347,ER4m,ER4m_R,R,cb_intrinsic,520581,EPG,EPG(PB08)_R4,R,cb_intrinsic,36
519347,ER4m,ER4m_R,R,cb_intrinsic,521813,EPG,EPG(PB08)_L2,L,cb_intrinsic,36
12797,ER4m,ER4m_R,R,cb_intrinsic,11989,EPG,EPG(PB08)_L5,L,cb_intrinsic,35
13395,ER4m,ER4m_R,R,cb_intrinsic,107195,EPG,EPG(PB08)_L5,L,cb_intrinsic,35
14308,ER4m,ER4m_L,L,cb_intrinsic,524073,EPG,EPG(PB08)_L2,L,cb_intrinsic,35
13395,ER4m,ER4m_R,R,cb_intrinsic,512305,EPG,EPG(PB08)_R8,R,cb_intrinsic,35
519347,ER4m,ER4m_R,R,cb_intrinsic,513464,EPG,EPG(PB08)_R8,R,cb_intrinsic,35
515760,ER4m,ER4m_R,R,cb_intrinsic,11503,EPG,EPG(PB08)_R8,R,cb_intrinsic,35
17402,ER4m,ER4m_L,L,cb_intrinsic,11503,EPG,EPG(PB08)_R8,R,cb_intrinsic,35
21449,ER2_c,ER2_c_R,R,cb_intrinsic,513033,EPG,EPG(PB08)_L8,L,cb_intrinsic,35
454614,ER4m,ER4m_L,L,cb_intrinsic,19125,EPG,EPG(PB08)_R5,R,cb_intrinsic,35
13434,ER4m,ER4m_R,R,cb_intrinsic,10539,EPG,EPG(PB08)_R2,R,cb_intrinsic,35
13395,ER4m,ER4m_R,R,cb_intrinsic,16360,EPG,EPG(PB08)_L6,L,cb_intrinsic,35
515760,ER4m,ER4m_R,R,cb_intrinsic,512514,EPG,EPG(PB08)_L1,L,cb_intrinsic,35
16440,ER4m,ER4m_L,L,cb_intrinsic,15713,EPG,EPG(PB08)_L6,L,cb_intrinsic,35
14308,ER4m,ER4m_L,L,cb_intrinsic,92188,EPG,EPG(PB08)_R7,R,cb_intrinsic,35
14308,ER4m,ER4m_L,L,cb_intrinsic,521812,EPG,EPG(PB08)_R7,R,cb_intrinsic,35
512319,ER6,ER6_L,L,cb_intrinsic,512928,EPG,EPG(PB08)_R3,R,cb_intrinsic,34
515760,ER4m,ER4m_R,R,cb_intrinsic,524073,EPG,EPG(PB08)_L2,L,cb_intrinsic,34
14308,ER4m,ER4m_L,L,cb_intrinsic,519144,EPG,EPG(PB08)_L8,L,cb_intrinsic,34
13434,ER4m,ER4m_R,R,cb_intrinsic,512305,EPG,EPG(PB08)_R8,R,cb_intrinsic,34
12797,ER4m,ER4m_R,R,cb_intrinsic,11503,EPG,EPG(PB08)_R8,R,cb_intrinsic,34
16440,ER4m,ER4m_L,L,cb_intrinsic,513033,EPG,EPG(PB08)_L8,L,cb_intrinsic,34
14482,ER4m,ER4m_R,R,cb_intrinsic,521409,EPG,EPG(PB08)_L8,L,cb_intrinsic,34
515760,ER4m,ER4m_R,R,cb_intrinsic,14727,EPG,EPG(PB08)_L7,L,cb_intrinsic,34
454614,ER4m,ER4m_L,L,cb_intrinsic,14727,EPG,EPG(PB08)_L7,L,cb_intrinsic,34
14482,ER4m,ER4m_R,R,cb_intrinsic,11874,EPG,EPG(PB08)_L7,L,cb_intrinsic,34
454614,ER4m,ER4m_L,L,cb_intrinsic,88342,EPG,EPG(PB08)_L3,L,cb_intrinsic,34
12797,ER4m,ER4m_R,R,cb_intrinsic,88342,EPG,EPG(PB08)_L3,L,cb_intrinsic,34
13395,ER4m,ER4m_R,R,cb_intrinsic,520581,EPG,EPG(PB08)_R4,R,cb_intrinsic,34
519347,ER4m,ER4m_R,R,cb_intrinsic,13217,EPG,EPG(PB08)_L8,L,cb_intrinsic,34
12797,ER4m,ER4m_R,R,cb_intrinsic,13217,EPG,EPG(PB08)_L8,L,cb_intrinsic,34
526143,ER3w_b,ER3w_b_L,L,cb_intrinsic,92188,EPG,EPG(PB08)_R7,R,cb_intrinsic,34
19917,ER2_c,ER2_c_R,R,cb_intrinsic,521812,EPG,EPG(PB08)_R7,R,cb_intrinsic,34
13434,ER4m,ER4m_R,R,cb_intrinsic,521812,EPG,EPG(PB08)_R7,R,cb_intrinsic,34
12797,ER4m,ER4m_R,R,cb_intrinsic,521812,EPG,EPG(PB08)_R7,R,cb_intrinsic,34
454614,ER4m,ER4m_L,L,cb_intrinsic,519941,EPG,EPG(PB08)_L3,L,cb_intrinsic,33
14482,ER4m,ER4m_R,R,cb_intrinsic,519328,EPG,EPG(PB08)_L3,L,cb_intrinsic,33
14308,ER4m,ER4m_L,L,cb_intrinsic,519328,EPG,EPG(PB08)_L3,L,cb_intrinsic,33
13985,ER4m,ER4m_L,L,cb_intrinsic,519328,EPG,EPG(PB08)_L3,L,cb_intrinsic,33
519347,ER4m,ER4m_R,R,cb_intrinsic,14507,EPG,EPG(PB08)_R7,R,cb_intrinsic,33
515761,ER3p_a,ER3p_a_R,R,cb_intrinsic,84758,EPG,EPG(PB08)_L7,L,cb_intrinsic,33
48096,ER3p_a,ER3p_a_L,L,cb_intrinsic,84758,EPG,EPG(PB08)_L7,L,cb_intrinsic,33
515760,ER4m,ER4m_R,R,cb_intrinsic,12449,EPG,EPG(PB08)_L5,L,cb_intrinsic,33
12797,ER4m,ER4m_R,R,cb_intrinsic,12449,EPG,EPG(PB08)_L5,L,cb_intrinsic,33
13395,ER4m,ER4m_R,R,cb_intrinsic,15616,EPG,EPG(PB08)_R3,R,cb_intrinsic,33
13985,ER4m,ER4m_L,L,cb_intrinsic,88342,EPG,EPG(PB08)_L3,L,cb_intrinsic,33
14482,ER4m,ER4m_R,R,cb_intrinsic,520581,EPG,EPG(PB08)_R4,R,cb_intrinsic,33
13395,ER4m,ER4m_R,R,cb_intrinsic,13217,EPG,EPG(PB08)_L8,L,cb_intrinsic,33
519347,ER4m,ER4m_R,R,cb_intrinsic,107195,EPG,EPG(PB08)_L5,L,cb_intrinsic,32
515760,ER4m,ER4m_R,R,cb_intrinsic,519328,EPG,EPG(PB08)_L3,L,cb_intrinsic,32
31088,ER3p_a,ER3p_a_R,R,cb_intrinsic,512928,EPG,EPG(PB08)_R3,R,cb_intrinsic,32
31088,ER3p_a,ER3p_a_R,R,cb_intrinsic,84758,EPG,EPG(PB08)_L7,L,cb_intrinsic,32
21752,ER2_c,ER2_c_L,L,cb_intrinsic,513033,EPG,EPG(PB08)_L8,L,cb_intrinsic,32
519347,ER4m,ER4m_R,R,cb_intrinsic,19125,EPG,EPG(PB08)_R5,R,cb_intrinsic,32
17419,ER6,ER6_R,R,cb_intrinsic,519140,EPG,EPG(PB08)_L1,L,cb_intrinsic,32
454614,ER4m,ER4m_L,L,cb_intrinsic,16360,EPG,EPG(PB08)_L6,L,cb_intrinsic,32
13434,ER4m,ER4m_R,R,cb_intrinsic,15713,EPG,EPG(PB08)_L6,L,cb_intrinsic,32
13395,ER4m,ER4m_R,R,cb_intrinsic,15713,EPG,EPG(PB08)_L6,L,cb_intrinsic,32
515761,ER3p_a,ER3p_a_R,R,cb_intrinsic,512928,EPG,EPG(PB08)_R3,R,cb_intrinsic,31
12797,ER4m,ER4m_R,R,cb_intrinsic,14507,EPG,EPG(PB08)_R7,R,cb_intrinsic,31
454614,ER4m,ER4m_L,L,cb_intrinsic,524073,EPG,EPG(PB08)_L2,L,cb_intrinsic,31
13985,ER4m,ER4m_L,L,cb_intrinsic,524073,EPG,EPG(PB08)_L2,L,cb_intrinsic,31
454614,ER4m,ER4m_L,L,cb_intrinsic,131313,EPG,EPG(PB08)_R6,R,cb_intrinsic,31
519347,ER4m,ER4m_R,R,cb_intrinsic,12449,EPG,EPG(PB08)_L5,L,cb_intrinsic,31
19425,ER2_c,ER2_c_R,R,cb_intrinsic,10539,EPG,EPG(PB08)_R2,R,cb_intrinsic,31
12797,ER4m,ER4m_R,R,cb_intrinsic,14727,EPG,EPG(PB08)_L7,L,cb_intrinsic,31
454614,ER4m,ER4m_L,L,cb_intrinsic,513520,EPG,EPG(PB08)_R6,R,cb_intrinsic,31
17402,ER4m,ER4m_L,L,cb_intrinsic,88342,EPG,EPG(PB08)_L3,L,cb_intrinsic,31
12797,ER4m,ER4m_R,R,cb_intrinsic,15713,EPG,EPG(PB08)_L6,L,cb_intrinsic,31
12357,ER2_c,ER2_c_L,L,cb_intrinsic,13217,EPG,EPG(PB08)_L8,L,cb_intrinsic,31
13985,ER4m,ER4m_L,L,cb_intrinsic,92188,EPG,EPG(PB08)_R7,R,cb_intrinsic,31
21752,ER2_c,ER2_c_L,L,cb_intrinsic,512513,EPG,EPG(PB08)_R1,R,cb_intrinsic,31
17402,ER4m,ER4m_L,L,cb_intrinsic,519941,EPG,EPG(PB08)_L3,L,cb_intrinsic,30
14482,ER4m,ER4m_R,R,cb_intrinsic,519144,EPG,EPG(PB08)_L8,L,cb_intrinsic,30
515760,ER4m,ER4m_R,R,cb_intrinsic,512305,EPG,EPG(PB08)_R8,R,cb_intrinsic,30
454614,ER4m,ER4m_L,L,cb_intrinsic,513464,EPG,EPG(PB08)_R8,R,cb_intrinsic,30
526143,ER3w_b,ER3w_b_L,L,cb_intrinsic,15616,EPG,EPG(PB08)_R3,R,cb_intrinsic,30
31088,ER3p_a,ER3p_a_R,R,cb_intrinsic,515675,EPG,EPG(PB08)_R1,R,cb_intrinsic,30
14308,ER4m,ER4m_L,L,cb_intrinsic,515675,EPG,EPG(PB08)_R1,R,cb_intrinsic,30
27770,ER3w_b,ER3w_b_R,R,cb_intrinsic,512514,EPG,EPG(PB08)_L1,L,cb_intrinsic,30
454614,ER4m,ER4m_L,L,cb_intrinsic,92188,EPG,EPG(PB08)_R7,R,cb_intrinsic,30
454614,ER4m,ER4m_L,L,cb_intrinsic,521812,EPG,EPG(PB08)_R7,R,cb_intrinsic,30
17402,ER4m,ER4m_L,L,cb_intrinsic,524073,EPG,EPG(PB08)_L2,L,cb_intrinsic,29
16440,ER4m,ER4m_L,L,cb_intrinsic,512305,EPG,EPG(PB08)_R8,R,cb_intrinsic,29
15444,ER2_d,ER2_d_L,L,cb_intrinsic,513284,EPG,EPG(PB08)_R3,R,cb_intrinsic,29
17402,ER4m,ER4m_L,L,cb_intrinsic,19125,EPG,EPG(PB08)_R5,R,cb_intrinsic,29
516110,ER6,ER6_R,R,cb_intrinsic,12449,EPG,EPG(PB08)_L5,L,cb_intrinsic,29
20883,ER2_c,ER2_c_R,R,cb_intrinsic,10539,EPG,EPG(PB08)_R2,R,cb_intrinsic,29
18508,ER2_c,ER2_c_L,L,cb_intrinsic,10539,EPG,EPG(PB08)_R2,R,cb_intrinsic,29
529207,ER3p_a,ER3p_a_R,R,cb_intrinsic,519140,EPG,EPG(PB08)_L1,L,cb_intrinsic,29
13999,ER3w_c,ER3w_c_R,R,cb_intrinsic,15616,EPG,EPG(PB08)_R3,R,cb_intrinsic,29
515761,ER3p_a,ER3p_a_R,R,cb_intrinsic,515675,EPG,EPG(PB08)_R1,R,cb_intrinsic,29
20664,ER2_a,ER2_a_R,R,cb_intrinsic,515675,EPG,EPG(PB08)_R1,R,cb_intrinsic,29
13985,ER4m,ER4m_L,L,cb_intrinsic,521812,EPG,EPG(PB08)_R7,R,cb_intrinsic,29
454614,ER4m,ER4m_L,L,cb_intrinsic,521813,EPG,EPG(PB08)_L2,L,cb_intrinsic,29
19917,ER2_c,ER2_c_R,R,cb_intrinsic,521813,EPG,EPG(PB08)_L2,L,cb_intrinsic,29
19425,ER2_c,ER2_c_R,R,cb_intrinsic,512513,EPG,EPG(PB08)_R1,R,cb_intrinsic,29
14308,ER4m,ER4m_L,L,cb_intrinsic,14507,EPG,EPG(PB08)_R7,R,cb_intrinsic,28
16440,ER4m,ER4m_L,L,cb_intrinsic,524073,EPG,EPG(PB08)_L2,L,cb_intrinsic,28
13434,ER4m,ER4m_R,R,cb_intrinsic,519144,EPG,EPG(PB08)_L8,L,cb_intrinsic,28
19935,ER2_c,ER2_c_R,R,cb_intrinsic,512305,EPG,EPG(PB08)_R8,R,cb_intrinsic,28
14308,ER4m,ER4m_L,L,cb_intrinsic,512305,EPG,EPG(PB08)_R8,R,cb_intrinsic,28
25359,ER3p_a,ER3p_a_R,R,cb_intrinsic,84758,EPG,EPG(PB08)_L7,L,cb_intrinsic,28
19355,ER2_c,ER2_c_R,R,cb_intrinsic,84758,EPG,EPG(PB08)_L7,L,cb_intrinsic,28
17419,ER6,ER6_R,R,cb_intrinsic,84758,EPG,EPG(PB08)_L7,L,cb_intrinsic,28
18508,ER2_c,ER2_c_L,L,cb_intrinsic,513284,EPG,EPG(PB08)_R3,R,cb_intrinsic,28
19917,ER2_c,ER2_c_R,R,cb_intrinsic,513033,EPG,EPG(PB08)_L8,L,cb_intrinsic,28
12797,ER4m,ER4m_R,R,cb_intrinsic,19125,EPG,EPG(PB08)_R5,R,cb_intrinsic,28
513346,ER3w_b,ER3w_b_R,R,cb_intrinsic,556347,EPG,EPG(PB08)_R4,R,cb_intrinsic,28
13434,ER4m,ER4m_R,R,cb_intrinsic,513463,EPG,EPG(PB08)_R2,R,cb_intrinsic,28
18733,ER2_c,ER2_c_L,L,cb_intrinsic,10539,EPG,EPG(PB08)_R2,R,cb_intrinsic,28
512606,ER3w_c,ER3w_c_L,L,cb_intrinsic,519140,EPG,EPG(PB08)_L1,L,cb_intrinsic,28
46242,ER3w_a,ER3w_a_L,L,cb_intrinsic,519140,EPG,EPG(PB08)_L1,L,cb_intrinsic,28
18377,ER3w_b,ER3w_b_L,L,cb_intrinsic,15616,EPG,EPG(PB08)_R3,R,cb_intrinsic,28
49002,ER3p_a,ER3p_a_L,L,cb_intrinsic,515675,EPG,EPG(PB08)_R1,R,cb_intrinsic,28
17402,ER4m,ER4m_L,L,cb_intrinsic,514126,EPG,EPG(PB08)_R5,R,cb_intrinsic,28
515761,ER3p_a,ER3p_a_R,R,cb_intrinsic,11874,EPG,EPG(PB08)_L7,L,cb_intrinsic,28
31088,ER3p_a,ER3p_a_R,R,cb_intrinsic,11874,EPG,EPG(PB08)_L7,L,cb_intrinsic,28
26136,ER2_b,ER2_b_R,R,cb_intrinsic,512514,EPG,EPG(PB08)_L1,L,cb_intrinsic,28
16440,ER4m,ER4m_L,L,cb_intrinsic,512514,EPG,EPG(PB08)_L1,L,cb_intrinsic,28
12797,ER4m,ER4m_R,R,cb_intrinsic,512514,EPG,EPG(PB08)_L1,L,cb_intrinsic,28
515760,ER4m,ER4m_R,R,cb_intrinsic,15713,EPG,EPG(PB08)_L6,L,cb_intrinsic,28
512319,ER6,ER6_L,L,cb_intrinsic,512513,EPG,EPG(PB08)_R1,R,cb_intrinsic,28
46089,ER3p_a,ER3p_a_L,L,cb_intrinsic,519941,EPG,EPG(PB08)_L3,L,cb_intrinsic,27
27806,ER3p_a,ER3p_a_R,R,cb_intrinsic,519941,EPG,EPG(PB08)_L3,L,cb_intrinsic,27
20559,ER2_a,ER2_a_L,L,cb_intrinsic,512928,EPG,EPG(PB08)_R3,R,cb_intrinsic,27
12797,ER4m,ER4m_R,R,cb_intrinsic,519144,EPG,EPG(PB08)_L8,L,cb_intrinsic,27
31088,ER3p_a,ER3p_a_R,R,cb_intrinsic,513284,EPG,EPG(PB08)_R3,R,cb_intrinsic,27
522745,ER2_c,ER2_c_L,L,cb_intrinsic,513033,EPG,EPG(PB08)_L8,L,cb_intrinsic,27
19900,ER2_c,ER2_c_L,L,cb_intrinsic,513033,EPG,EPG(PB08)_L8,L,cb_intrinsic,27
59337,ER3w_b,ER3w_b_L,L,cb_intrinsic,556347,EPG,EPG(PB08)_R4,R,cb_intrinsic,27
13434,ER4m,ER4m_R,R,cb_intrinsic,521409,EPG,EPG(PB08)_L8,L,cb_intrinsic,27
19807,ER2_c,ER2_c_L,L,cb_intrinsic,10539,EPG,EPG(PB08)_R2,R,cb_intrinsic,27
524075,ER2_d,ER2_d_L,L,cb_intrinsic,519140,EPG,EPG(PB08)_L1,L,cb_intrinsic,27
515761,ER3p_a,ER3p_a_R,R,cb_intrinsic,519140,EPG,EPG(PB08)_L1,L,cb_intrinsic,27
46089,ER3p_a,ER3p_a_L,L,cb_intrinsic,519140,EPG,EPG(PB08)_L1,L,cb_intrinsic,27
25841,ER3w_b,ER3w_b_L,L,cb_intrinsic,15616,EPG,EPG(PB08)_R3,R,cb_intrinsic,27
25501,ER3w_b,ER3w_b_L,L,cb_intrinsic,15616,EPG,EPG(PB08)_R3,R,cb_intrinsic,27
18633,ER5,ER5_L,L,cb_intrinsic,15616,EPG,EPG(PB08)_R3,R,cb_intrinsic,27
31088,ER3p_a,ER3p_a_R,R,cb_intrinsic,16360,EPG,EPG(PB08)_L6,L,cb_intrinsic,27
517059,ER2_a,ER2_a_L,L,cb_intrinsic,515675,EPG,EPG(PB08)_R1,R,cb_intrinsic,27
25359,ER3p_a,ER3p_a_R,R,cb_intrinsic,515675,EPG,EPG(PB08)_R1,R,cb_intrinsic,27
516110,ER6,ER6_R,R,cb_intrinsic,88342,EPG,EPG(PB08)_L3,L,cb_intrinsic,27
524075,ER2_d,ER2_d_L,L,cb_intrinsic,521813,EPG,EPG(PB08)_L2,L,cb_intrinsic,27
19807,ER2_c,ER2_c_L,L,cb_intrinsic,521813,EPG,EPG(PB08)_L2,L,cb_intrinsic,27
11933,ER2_c,ER2_c_R,R,cb_intrinsic,521813,EPG,EPG(PB08)_L2,L,cb_intrinsic,27
20559,ER2_a,ER2_a_L,L,cb_intrinsic,512513,EPG,EPG(PB08)_R1,R,cb_intrinsic,27
516110,ER6,ER6_R,R,cb_intrinsic,107195,EPG,EPG(PB08)_L5,L,cb_intrinsic,26
523788,ER3w_a,ER3w_a_R,R,cb_intrinsic,519328,EPG,EPG(PB08)_L3,L,cb_intrinsic,26
25359,ER3p_a,ER3p_a_R,R,cb_intrinsic,519328,EPG,EPG(PB08)_L3,L,cb_intrinsic,26
529207,ER3p_a,ER3p_a_R,R,cb_intrinsic,512928,EPG,EPG(PB08)_R3,R,cb_intrinsic,26
29545,ER3w_b,ER3w_b_R,R,cb_intrinsic,512928,EPG,EPG(PB08)_R3,R,cb_intrinsic,26
27806,ER3p_a,ER3p_a_R,R,cb_intrinsic,512928,EPG,EPG(PB08)_R3,R,cb_intrinsic,26
13395,ER4m,ER4m_R,R,cb_intrinsic,512928,EPG,EPG(PB08)_R3,R,cb_intrinsic,26
519347,ER4m,ER4m_R,R,cb_intrinsic,519144,EPG,EPG(PB08)_L8,L,cb_intrinsic,26
14464,ER6,ER6_L,L,cb_intrinsic,512305,EPG,EPG(PB08)_R8,R,cb_intrinsic,26
19900,ER2_c,ER2_c_L,L,cb_intrinsic,11503,EPG,EPG(PB08)_R8,R,cb_intrinsic,26
19355,ER2_c,ER2_c_R,R,cb_intrinsic,11503,EPG,EPG(PB08)_R8,R,cb_intrinsic,26
20559,ER2_a,ER2_a_L,L,cb_intrinsic,84758,EPG,EPG(PB08)_L7,L,cb_intrinsic,26
12357,ER2_c,ER2_c_L,L,cb_intrinsic,84758,EPG,EPG(PB08)_L7,L,cb_intrinsic,26
50888,ER2_c,ER2_c_L,L,cb_intrinsic,513033,EPG,EPG(PB08)_L8,L,cb_intrinsic,26
19807,ER2_c,ER2_c_L,L,cb_intrinsic,513033,EPG,EPG(PB08)_L8,L,cb_intrinsic,26
19425,ER2_c,ER2_c_R,R,cb_intrinsic,513033,EPG,EPG(PB08)_L8,L,cb_intrinsic,26
14482,ER4m,ER4m_R,R,cb_intrinsic,513033,EPG,EPG(PB08)_L8,L,cb_intrinsic,26
17419,ER6,ER6_R,R,cb_intrinsic,12449,EPG,EPG(PB08)_L5,L,cb_intrinsic,26
20590,ER2_a,ER2_a_R,R,cb_intrinsic,10539,EPG,EPG(PB08)_R2,R,cb_intrinsic,26
18664,ER2_c,ER2_c_R,R,cb_intrinsic,10539,EPG,EPG(PB08)_R2,R,cb_intrinsic,26
26136,ER2_b,ER2_b_R,R,cb_intrinsic,519140,EPG,EPG(PB08)_L1,L,cb_intrinsic,26
21882,ER2_a,ER2_a_L,L,cb_intrinsic,519140,EPG,EPG(PB08)_L1,L,cb_intrinsic,26
21752,ER2_c,ER2_c_L,L,cb_intrinsic,519140,EPG,EPG(PB08)_L1,L,cb_intrinsic,26
14308,ER4m,ER4m_L,L,cb_intrinsic,519140,EPG,EPG(PB08)_L1,L,cb_intrinsic,26
19935,ER2_c,ER2_c_R,R,cb_intrinsic,515675,EPG,EPG(PB08)_R1,R,cb_intrinsic,26
18733,ER2_c,ER2_c_L,L,cb_intrinsic,515675,EPG,EPG(PB08)_R1,R,cb_intrinsic,26
512319,ER6,ER6_L,L,cb_intrinsic,514126,EPG,EPG(PB08)_R5,R,cb_intrinsic,26
17419,ER6,ER6_R,R,cb_intrinsic,512514,EPG,EPG(PB08)_L1,L,cb_intrinsic,26
13395,ER4m,ER4m_R,R,cb_intrinsic,512514,EPG,EPG(PB08)_L1,L,cb_intrinsic,26
519347,ER4m,ER4m_R,R,cb_intrinsic,15713,EPG,EPG(PB08)_L6,L,cb_intrinsic,26
19569,ER2_c,ER2_c_R,R,cb_intrinsic,13217,EPG,EPG(PB08)_L8,L,cb_intrinsic,26
14482,ER4m,ER4m_R,R,cb_intrinsic,13217,EPG,EPG(PB08)_L8,L,cb_intrinsic,26
529207,ER3p_a,ER3p_a_R,R,cb_intrinsic,519941,EPG,EPG(PB08)_L3,L,cb_intrinsic,25
53745,ER3p_a,ER3p_a_L,L,cb_intrinsic,519941,EPG,EPG(PB08)_L3,L,cb_intrinsic,25
17402,ER4m,ER4m_L,L,cb_intrinsic,519328,EPG,EPG(PB08)_L3,L,cb_intrinsic,25
50007,ER3p_a,ER3p_a_L,L,cb_intrinsic,512928,EPG,EPG(PB08)_R3,R,cb_intrinsic,25
43683,ER3w_a,ER3w_a_R,R,cb_intrinsic,512928,EPG,EPG(PB08)_R3,R,cb_intrinsic,25
14464,ER6,ER6_L,L,cb_intrinsic,512928,EPG,EPG(PB08)_R3,R,cb_intrinsic,25
515760,ER4m,ER4m_R,R,cb_intrinsic,519144,EPG,EPG(PB08)_L8,L,cb_intrinsic,25
21449,ER2_c,ER2_c_R,R,cb_intrinsic,519144,EPG,EPG(PB08)_L8,L,cb_intrinsic,25
13395,ER4m,ER4m_R,R,cb_intrinsic,519144,EPG,EPG(PB08)_L8,L,cb_intrinsic,25
14464,ER6,ER6_L,L,cb_intrinsic,19825,EPG,EPG(PB08)_R6,R,cb_intrinsic,25
12357,ER2_c,ER2_c_L,L,cb_intrinsic,11503,EPG,EPG(PB08)_R8,R,cb_intrinsic,25
516110,ER6,ER6_R,R,cb_intrinsic,84758,EPG,EPG(PB08)_L7,L,cb_intrinsic,25
512607,ER3p_a,ER3p_a_R,R,cb_intrinsic,84758,EPG,EPG(PB08)_L7,L,cb_intrinsic,25
50888,ER2_c,ER2_c_L,L,cb_intrinsic,84758,EPG,EPG(PB08)_L7,L,cb_intrinsic,25
47271,ER3p_a,ER3p_a_L,L,cb_intrinsic,84758,EPG,EPG(PB08)_L7,L,cb_intrinsic,25
46089,ER3p_a,ER3p_a_L,L,cb_intrinsic,84758,EPG,EPG(PB08)_L7,L,cb_intrinsic,25
20317,ER2_c,ER2_c_L,L,cb_intrinsic,84758,EPG,EPG(PB08)_L7,L,cb_intrinsic,25
515761,ER3p_a,ER3p_a_R,R,cb_intrinsic,513284,EPG,EPG(PB08)_R3,R,cb_intrinsic,25
27806,ER3p_a,ER3p_a_R,R,cb_intrinsic,513284,EPG,EPG(PB08)_R3,R,cb_intrinsic,25
23097,ER2_a,ER2_a_L,L,cb_intrinsic,513284,EPG,EPG(PB08)_R3,R,cb_intrinsic,25
21179,ER2_a,ER2_a_R,R,cb_intrinsic,513284,EPG,EPG(PB08)_R3,R,cb_intrinsic,25
20559,ER2_a,ER2_a_L,L,cb_intrinsic,513284,EPG,EPG(PB08)_R3,R,cb_intrinsic,25
20883,ER2_c,ER2_c_R,R,cb_intrinsic,556346,EPG,EPG(PB08)_L6,L,cb_intrinsic,25
19425,ER2_c,ER2_c_R,R,cb_intrinsic,556346,EPG,EPG(PB08)_L6,L,cb_intrinsic,25
50007,ER3p_a,ER3p_a_L,L,cb_intrinsic,513033,EPG,EPG(PB08)_L8,L,cb_intrinsic,25
21882,ER2_a,ER2_a_L,L,cb_intrinsic,513033,EPG,EPG(PB08)_L8,L,cb_intrinsic,25
13395,ER4m,ER4m_R,R,cb_intrinsic,513033,EPG,EPG(PB08)_L8,L,cb_intrinsic,25
515760,ER4m,ER4m_R,R,cb_intrinsic,19125,EPG,EPG(PB08)_R5,R,cb_intrinsic,25
31088,ER3p_a,ER3p_a_R,R,cb_intrinsic,556347,EPG,EPG(PB08)_R4,R,cb_intrinsic,25
21882,ER2_a,ER2_a_L,L,cb_intrinsic,521409,EPG,EPG(PB08)_L8,L,cb_intrinsic,25
23080,ER4d,ER4d_R,R,cb_intrinsic,513463,EPG,EPG(PB08)_R2,R,cb_intrinsic,25
46089,ER3p_a,ER3p_a_L,L,cb_intrinsic,12449,EPG,EPG(PB08)_L5,L,cb_intrinsic,25
14482,ER4m,ER4m_R,R,cb_intrinsic,12449,EPG,EPG(PB08)_L5,L,cb_intrinsic,25
50888,ER2_c,ER2_c_L,L,cb_intrinsic,10539,EPG,EPG(PB08)_R2,R,cb_intrinsic,25
21277,ER2_a,ER2_a_R,R,cb_intrinsic,10539,EPG,EPG(PB08)_R2,R,cb_intrinsic,25
20317,ER2_c,ER2_c_L,L,cb_intrinsic,10539,EPG,EPG(PB08)_R2,R,cb_intrinsic,25
20253,ER2_a,ER2_a_R,R,cb_intrinsic,10539,EPG,EPG(PB08)_R2,R,cb_intrinsic,25
514803,ER2_b,ER2_b_L,L,cb_intrinsic,519140,EPG,EPG(PB08)_L1,L,cb_intrinsic,25
50007,ER3p_a,ER3p_a_L,L,cb_intrinsic,519140,EPG,EPG(PB08)_L1,L,cb_intrinsic,25
25447,ER3w_c,ER3w_c_R,R,cb_intrinsic,519140,EPG,EPG(PB08)_L1,L,cb_intrinsic,25
26673,ER3w_b,ER3w_b_L,L,cb_intrinsic,15616,EPG,EPG(PB08)_R3,R,cb_intrinsic,25
20253,ER2_a,ER2_a_R,R,cb_intrinsic,15616,EPG,EPG(PB08)_R3,R,cb_intrinsic,25
512319,ER6,ER6_L,L,cb_intrinsic,515675,EPG,EPG(PB08)_R1,R,cb_intrinsic,25
20404,ER4d,ER4d_L,L,cb_intrinsic,515675,EPG,EPG(PB08)_R1,R,cb_intrinsic,25
19355,ER2_c,ER2_c_R,R,cb_intrinsic,515675,EPG,EPG(PB08)_R1,R,cb_intrinsic,25
14464,ER6,ER6_L,L,cb_intrinsic,515675,EPG,EPG(PB08)_R1,R,cb_intrinsic,25
20253,ER2_a,ER2_a_R,R,cb_intrinsic,514126,EPG,EPG(PB08)_R5,R,cb_intrinsic,25
526552,ER3w_b,ER3w_b_R,R,cb_intrinsic,512514,EPG,EPG(PB08)_L1,L,cb_intrinsic,25
454614,ER4m,ER4m_L,L,cb_intrinsic,512514,EPG,EPG(PB08)_L1,L,cb_intrinsic,25
13985,ER4m,ER4m_L,L,cb_intrinsic,512514,EPG,EPG(PB08)_L1,L,cb_intrinsic,25
17679,ER2_d,ER2_d_R,R,cb_intrinsic,520581,EPG,EPG(PB08)_R4,R,cb_intrinsic,25
27043,ER3w_c,ER3w_c_R,R,cb_intrinsic,92188,EPG,EPG(PB08)_R7,R,cb_intrinsic,25
17402,ER4m,ER4m_L,L,cb_intrinsic,92188,EPG,EPG(PB08)_R7,R,cb_intrinsic,25
17402,ER4m,ER4m_L,L,cb_intrinsic,521813,EPG,EPG(PB08)_L2,L,cb_intrinsic,25
512607,ER3p_a,ER3p_a_R,R,cb_intrinsic,519941,EPG,EPG(PB08)_L3,L,cb_intrinsic,24
31088,ER3p_a,ER3p_a_R,R,cb_intrinsic,519941,EPG,EPG(PB08)_L3,L,cb_intrinsic,24
19807,ER2_c,ER2_c_L,L,cb_intrinsic,519941,EPG,EPG(PB08)_L3,L,cb_intrinsic,24
523788,ER3w_a,ER3w_a_R,R,cb_intrinsic,512928,EPG,EPG(PB08)_R3,R,cb_intrinsic,24
517602,ER3p_a,ER3p_a_R,R,cb_intrinsic,512928,EPG,EPG(PB08)_R3,R,cb_intrinsic,24
49002,ER3p_a,ER3p_a_L,L,cb_intrinsic,512928,EPG,EPG(PB08)_R3,R,cb_intrinsic,24
47271,ER3p_a,ER3p_a_L,L,cb_intrinsic,512928,EPG,EPG(PB08)_R3,R,cb_intrinsic,24
18508,ER2_c,ER2_c_L,L,cb_intrinsic,512928,EPG,EPG(PB08)_R3,R,cb_intrinsic,24
14482,ER4m,ER4m_R,R,cb_intrinsic,14507,EPG,EPG(PB08)_R7,R,cb_intrinsic,24
13395,ER4m,ER4m_R,R,cb_intrinsic,14507,EPG,EPG(PB08)_R7,R,cb_intrinsic,24
18733,ER2_c,ER2_c_L,L,cb_intrinsic,519144,EPG,EPG(PB08)_L8,L,cb_intrinsic,24
522745,ER2_c,ER2_c_L,L,cb_intrinsic,512305,EPG,EPG(PB08)_R8,R,cb_intrinsic,24
36524,ER2_a,ER2_a_L,L,cb_intrinsic,512305,EPG,EPG(PB08)_R8,R,cb_intrinsic,24
19355,ER2_c,ER2_c_R,R,cb_intrinsic,512305,EPG,EPG(PB08)_R8,R,cb_intrinsic,24
18508,ER2_c,ER2_c_L,L,cb_intrinsic,11503,EPG,EPG(PB08)_R8,R,cb_intrinsic,24
11933,ER2_c,ER2_c_R,R,cb_intrinsic,11503,EPG,EPG(PB08)_R8,R,cb_intrinsic,24
46341,ER3w_b,ER3w_b_L,L,cb_intrinsic,84758,EPG,EPG(PB08)_L7,L,cb_intrinsic,24
21449,ER2_c,ER2_c_R,R,cb_intrinsic,84758,EPG,EPG(PB08)_L7,L,cb_intrinsic,24
18508,ER2_c,ER2_c_L,L,cb_intrinsic,84758,EPG,EPG(PB08)_L7,L,cb_intrinsic,24
17402,ER4m,ER4m_L,L,cb_intrinsic,520812,EPG,EPG(PB08)_R8,R,cb_intrinsic,24
16440,ER4m,ER4m_L,L,cb_intrinsic,520812,EPG,EPG(PB08)_R8,R,cb_intrinsic,24
517264,ER3w_a,ER3w_a_R,R,cb_intrinsic,513284,EPG,EPG(PB08)_R3,R,cb_intrinsic,24
46341,ER3w_b,ER3w_b_L,L,cb_intrinsic,513284,EPG,EPG(PB08)_R3,R,cb_intrinsic,24
20945,ER2_c,ER2_c_R,R,cb_intrinsic,513284,EPG,EPG(PB08)_R3,R,cb_intrinsic,24
18664,ER2_c,ER2_c_R,R,cb_intrinsic,513284,EPG,EPG(PB08)_R3,R,cb_intrinsic,24
47271,ER3p_a,ER3p_a_L,L,cb_intrinsic,523786,EPG,EPG(PB08)_R4,R,cb_intrinsic,24
20883,ER2_c,ER2_c_R,R,cb_intrinsic,513033,EPG,EPG(PB08)_L8,L,cb_intrinsic,24
20664,ER2_a,ER2_a_R,R,cb_intrinsic,513033,EPG,EPG(PB08)_L8,L,cb_intrinsic,24
17402,ER4m,ER4m_L,L,cb_intrinsic,131313,EPG,EPG(PB08)_R6,R,cb_intrinsic,24
46341,ER3w_b,ER3w_b_L,L,cb_intrinsic,556347,EPG,EPG(PB08)_R4,R,cb_intrinsic,24
12797,ER4m,ER4m_R,R,cb_intrinsic,521409,EPG,EPG(PB08)_L8,L,cb_intrinsic,24
16818,ER4d,ER4d_R,R,cb_intrinsic,513463,EPG,EPG(PB08)_R2,R,cb_intrinsic,24
17419,ER6,ER6_R,R,cb_intrinsic,520818,EPG,EPG(PB08)_L4,L,cb_intrinsic,24
31088,ER3p_a,ER3p_a_R,R,cb_intrinsic,12449,EPG,EPG(PB08)_L5,L,cb_intrinsic,24
36524,ER2_a,ER2_a_L,L,cb_intrinsic,10539,EPG,EPG(PB08)_R2,R,cb_intrinsic,24
21179,ER2_a,ER2_a_R,R,cb_intrinsic,10539,EPG,EPG(PB08)_R2,R,cb_intrinsic,24
19737,ER4d,ER4d_R,R,cb_intrinsic,10539,EPG,EPG(PB08)_R2,R,cb_intrinsic,24
14464,ER6,ER6_L,L,cb_intrinsic,10539,EPG,EPG(PB08)_R2,R,cb_intrinsic,24
13395,ER4m,ER4m_R,R,cb_intrinsic,14727,EPG,EPG(PB08)_L7,L,cb_intrinsic,24
24549,ER3w_c,ER3w_c_L,L,cb_intrinsic,519140,EPG,EPG(PB08)_L1,L,cb_intrinsic,24
46341,ER3w_b,ER3w_b_L,L,cb_intrinsic,15616,EPG,EPG(PB08)_R3,R,cb_intrinsic,24
21645,ER2_a,ER2_a_L,L,cb_intrinsic,15616,EPG,EPG(PB08)_R3,R,cb_intrinsic,24
20945,ER2_c,ER2_c_R,R,cb_intrinsic,15616,EPG,EPG(PB08)_R3,R,cb_intrinsic,24
46341,ER3w_b,ER3w_b_L,L,cb_intrinsic,16360,EPG,EPG(PB08)_L6,L,cb_intrinsic,24
522745,ER2_c,ER2_c_L,L,cb_intrinsic,515675,EPG,EPG(PB08)_R1,R,cb_intrinsic,24
50007,ER3p_a,ER3p_a_L,L,cb_intrinsic,515675,EPG,EPG(PB08)_R1,R,cb_intrinsic,24
47271,ER3p_a,ER3p_a_L,L,cb_intrinsic,515675,EPG,EPG(PB08)_R1,R,cb_intrinsic,24
46341,ER3w_b,ER3w_b_L,L,cb_intrinsic,515675,EPG,EPG(PB08)_R1,R,cb_intrinsic,24
21882,ER2_a,ER2_a_L,L,cb_intrinsic,515675,EPG,EPG(PB08)_R1,R,cb_intrinsic,24
20253,ER2_a,ER2_a_R,R,cb_intrinsic,515675,EPG,EPG(PB08)_R1,R,cb_intrinsic,24
19917,ER2_c,ER2_c_R,R,cb_intrinsic,515675,EPG,EPG(PB08)_R1,R,cb_intrinsic,24
49002,ER3p_a,ER3p_a_L,L,cb_intrinsic,11874,EPG,EPG(PB08)_L7,L,cb_intrinsic,24
25841,ER3w_b,ER3w_b_L,L,cb_intrinsic,11874,EPG,EPG(PB08)_L7,L,cb_intrinsic,24
25447,ER3w_c,ER3w_c_R,R,cb_intrinsic,11874,EPG,EPG(PB08)_L7,L,cb_intrinsic,24
13395,ER4m,ER4m_R,R,cb_intrinsic,11874,EPG,EPG(PB08)_L7,L,cb_intrinsic,24
526143,ER3w_b,ER3w_b_L,L,cb_intrinsic,512514,EPG,EPG(PB08)_L1,L,cb_intrinsic,24
516110,ER6,ER6_R,R,cb_intrinsic,512514,EPG,EPG(PB08)_L1,L,cb_intrinsic,24
59337,ER3w_b,ER3w_b_L,L,cb_intrinsic,512514,EPG,EPG(PB08)_L1,L,cb_intrinsic,24
24549,ER3w_c,ER3w_c_L,L,cb_intrinsic,512514,EPG,EPG(PB08)_L1,L,cb_intrinsic,24
16440,ER4m,ER4m_L,L,cb_intrinsic,88342,EPG,EPG(PB08)_L3,L,cb_intrinsic,24
14464,ER6,ER6_L,L,cb_intrinsic,520581,EPG,EPG(PB08)_R4,R,cb_intrinsic,24
29545,ER3w_b,ER3w_b_R,R,cb_intrinsic,92188,EPG,EPG(PB08)_R7,R,cb_intrinsic,24
12357,ER2_c,ER2_c_L,L,cb_intrinsic,521813,EPG,EPG(PB08)_L2,L,cb_intrinsic,24
513678,ER3w_b,ER3w_b_R,R,cb_intrinsic,512513,EPG,EPG(PB08)_R1,R,cb_intrinsic,24
25841,ER3w_b,ER3w_b_L,L,cb_intrinsic,512513,EPG,EPG(PB08)_R1,R,cb_intrinsic,24
19900,ER2_c,ER2_c_L,L,cb_intrinsic,512513,EPG,EPG(PB08)_R1,R,cb_intrinsic,24
18508,ER2_c,ER2_c_L,L,cb_intrinsic,512513,EPG,EPG(PB08)_R1,R,cb_intrinsic,24
16598,ER3w_b,ER3w_b_R,R,cb_intrinsic,512513,EPG,EPG(PB08)_R1,R,cb_intrinsic,24
12357,ER2_c,ER2_c_L,L,cb_intrinsic,512513,EPG,EPG(PB08)_R1,R,cb_intrinsic,24
523788,ER3w_a,ER3w_a_R,R,cb_intrinsic,519941,EPG,EPG(PB08)_L3,L,cb_intrinsic,23
512606,ER3w_c,ER3w_c_L,L,cb_intrinsic,519941,EPG,EPG(PB08)_L3,L,cb_intrinsic,23
47271,ER3p_a,ER3p_a_L,L,cb_intrinsic,519941,EPG,EPG(PB08)_L3,L,cb_intrinsic,23
46089,ER3p_a,ER3p_a_L,L,cb_intrinsic,11989,EPG,EPG(PB08)_L5,L,cb_intrinsic,23
23080,ER4d,ER4d_R,R,cb_intrinsic,11989,EPG,EPG(PB08)_L5,L,cb_intrinsic,23
515760,ER4m,ER4m_R,R,cb_intrinsic,107195,EPG,EPG(PB08)_L5,L,cb_intrinsic,23
517059,ER2_a,ER2_a_L,L,cb_intrinsic,512928,EPG,EPG(PB08)_R3,R,cb_intrinsic,23
48291,ER3w_b,ER3w_b_L,L,cb_intrinsic,512928,EPG,EPG(PB08)_R3,R,cb_intrinsic,23
20883,ER2_c,ER2_c_R,R,cb_intrinsic,512928,EPG,EPG(PB08)_R3,R,cb_intrinsic,23
25359,ER3p_a,ER3p_a_R,R,cb_intrinsic,14507,EPG,EPG(PB08)_R7,R,cb_intrinsic,23
19355,ER2_c,ER2_c_R,R,cb_intrinsic,519144,EPG,EPG(PB08)_L8,L,cb_intrinsic,23
12357,ER2_c,ER2_c_L,L,cb_intrinsic,519144,EPG,EPG(PB08)_L8,L,cb_intrinsic,23
50888,ER2_c,ER2_c_L,L,cb_intrinsic,513464,EPG,EPG(PB08)_R8,R,cb_intrinsic,23
516110,ER6,ER6_R,R,cb_intrinsic,11307,EPG,EPG(PB08)_L4,L,cb_intrinsic,23
21752,ER2_c,ER2_c_L,L,cb_intrinsic,11503,EPG,EPG(PB08)_R8,R,cb_intrinsic,23
20590,ER2_a,ER2_a_R,R,cb_intrinsic,11503,EPG,EPG(PB08)_R8,R,cb_intrinsic,23
19935,ER2_c,ER2_c_R,R,cb_intrinsic,11503,EPG,EPG(PB08)_R8,R,cb_intrinsic,23
529207,ER3p_a,ER3p_a_R,R,cb_intrinsic,513284,EPG,EPG(PB08)_R3,R,cb_intrinsic,23
513346,ER3w_b,ER3w_b_R,R,cb_intrinsic,513284,EPG,EPG(PB08)_R3,R,cb_intrinsic,23
21277,ER2_a,ER2_a_R,R,cb_intrinsic,513284,EPG,EPG(PB08)_R3,R,cb_intrinsic,23
20605,ER2_a,ER2_a_L,L,cb_intrinsic,513284,EPG,EPG(PB08)_R3,R,cb_intrinsic,23
20590,ER2_a,ER2_a_R,R,cb_intrinsic,513284,EPG,EPG(PB08)_R3,R,cb_intrinsic,23
12357,ER2_c,ER2_c_L,L,cb_intrinsic,513284,EPG,EPG(PB08)_R3,R,cb_intrinsic,23
12357,ER2_c,ER2_c_L,L,cb_intrinsic,556346,EPG,EPG(PB08)_L6,L,cb_intrinsic,23
20678,ER2_d,ER2_d_R,R,cb_intrinsic,523786,EPG,EPG(PB08)_R4,R,cb_intrinsic,23
12357,ER2_c,ER2_c_L,L,cb_intrinsic,523786,EPG,EPG(PB08)_R4,R,cb_intrinsic,23
20317,ER2_c,ER2_c_L,L,cb_intrinsic,513033,EPG,EPG(PB08)_L8,L,cb_intrinsic,23
18733,ER2_c,ER2_c_L,L,cb_intrinsic,513033,EPG,EPG(PB08)_L8,L,cb_intrinsic,23
12357,ER2_c,ER2_c_L,L,cb_intrinsic,513033,EPG,EPG(PB08)_L8,L,cb_intrinsic,23
11933,ER2_c,ER2_c_R,R,cb_intrinsic,513033,EPG,EPG(PB08)_L8,L,cb_intrinsic,23
14464,ER6,ER6_L,L,cb_intrinsic,19125,EPG,EPG(PB08)_R5,R,cb_intrinsic,23
514180,ER3p_b,ER3p_b_R,R,cb_intrinsic,131313,EPG,EPG(PB08)_R6,R,cb_intrinsic,23
524075,ER2_d,ER2_d_L,L,cb_intrinsic,513517,EPG,EPG(PB08)_L4,L,cb_intrinsic,23
12357,ER2_c,ER2_c_L,L,cb_intrinsic,521409,EPG,EPG(PB08)_L8,L,cb_intrinsic,23
47271,ER3p_a,ER3p_a_L,L,cb_intrinsic,12449,EPG,EPG(PB08)_L5,L,cb_intrinsic,23
21645,ER2_a,ER2_a_L,L,cb_intrinsic,10539,EPG,EPG(PB08)_R2,R,cb_intrinsic,23
19935,ER2_c,ER2_c_R,R,cb_intrinsic,10539,EPG,EPG(PB08)_R2,R,cb_intrinsic,23
19569,ER2_c,ER2_c_R,R,cb_intrinsic,10539,EPG,EPG(PB08)_R2,R,cb_intrinsic,23
519347,ER4m,ER4m_R,R,cb_intrinsic,14727,EPG,EPG(PB08)_L7,L,cb_intrinsic,23
14482,ER4m,ER4m_R,R,cb_intrinsic,14727,EPG,EPG(PB08)_L7,L,cb_intrinsic,23
516110,ER6,ER6_R,R,cb_intrinsic,519140,EPG,EPG(PB08)_L1,L,cb_intrinsic,23
31088,ER3p_a,ER3p_a_R,R,cb_intrinsic,519140,EPG,EPG(PB08)_L1,L,cb_intrinsic,23
18508,ER2_c,ER2_c_L,L,cb_intrinsic,519140,EPG,EPG(PB08)_L1,L,cb_intrinsic,23
526552,ER3w_b,ER3w_b_R,R,cb_intrinsic,15616,EPG,EPG(PB08)_R3,R,cb_intrinsic,23
523788,ER3w_a,ER3w_a_R,R,cb_intrinsic,15616,EPG,EPG(PB08)_R3,R,cb_intrinsic,23
517059,ER2_a,ER2_a_L,L,cb_intrinsic,15616,EPG,EPG(PB08)_R3,R,cb_intrinsic,23
48291,ER3w_b,ER3w_b_L,L,cb_intrinsic,15616,EPG,EPG(PB08)_R3,R,cb_intrinsic,23
27850,ER3w_b,ER3w_b_R,R,cb_intrinsic,15616,EPG,EPG(PB08)_R3,R,cb_intrinsic,23
27770,ER3w_b,ER3w_b_R,R,cb_intrinsic,15616,EPG,EPG(PB08)_R3,R,cb_intrinsic,23
27043,ER3w_c,ER3w_c_R,R,cb_intrinsic,15616,EPG,EPG(PB08)_R3,R,cb_intrinsic,23
20678,ER2_d,ER2_d_R,R,cb_intrinsic,15616,EPG,EPG(PB08)_R3,R,cb_intrinsic,23
20590,ER2_a,ER2_a_R,R,cb_intrinsic,15616,EPG,EPG(PB08)_R3,R,cb_intrinsic,23
19900,ER2_c,ER2_c_L,L,cb_intrinsic,15616,EPG,EPG(PB08)_R3,R,cb_intrinsic,23
16598,ER3w_b,ER3w_b_R,R,cb_intrinsic,16360,EPG,EPG(PB08)_L6,L,cb_intrinsic,23
529207,ER3p_a,ER3p_a_R,R,cb_intrinsic,515675,EPG,EPG(PB08)_R1,R,cb_intrinsic,23
50888,ER2_c,ER2_c_L,L,cb_intrinsic,515675,EPG,EPG(PB08)_R1,R,cb_intrinsic,23
25841,ER3w_b,ER3w_b_L,L,cb_intrinsic,515675,EPG,EPG(PB08)_R1,R,cb_intrinsic,23
24093,ER3w_a,ER3w_a_R,R,cb_intrinsic,515675,EPG,EPG(PB08)_R1,R,cb_intrinsic,23
20605,ER2_a,ER2_a_L,L,cb_intrinsic,515675,EPG,EPG(PB08)_R1,R,cb_intrinsic,23
18664,ER2_c,ER2_c_R,R,cb_intrinsic,515675,EPG,EPG(PB08)_R1,R,cb_intrinsic,23
31088,ER3p_a,ER3p_a_R,R,cb_intrinsic,514126,EPG,EPG(PB08)_R5,R,cb_intrinsic,23
20605,ER2_a,ER2_a_L,L,cb_intrinsic,514126,EPG,EPG(PB08)_R5,R,cb_intrinsic,23
517059,ER2_a,ER2_a_L,L,cb_intrinsic,512514,EPG,EPG(PB08)_L1,L,cb_intrinsic,23
25203,ER3w_c,ER3w_c_L,L,cb_intrinsic,512514,EPG,EPG(PB08)_L1,L,cb_intrinsic,23
20664,ER2_a,ER2_a_R,R,cb_intrinsic,512514,EPG,EPG(PB08)_L1,L,cb_intrinsic,23
526143,ER3w_b,ER3w_b_L,L,cb_intrinsic,88342,EPG,EPG(PB08)_L3,L,cb_intrinsic,23
516110,ER6,ER6_R,R,cb_intrinsic,15713,EPG,EPG(PB08)_L6,L,cb_intrinsic,23
19807,ER2_c,ER2_c_L,L,cb_intrinsic,13217,EPG,EPG(PB08)_L8,L,cb_intrinsic,23
21752,ER2_c,ER2_c_L,L,cb_intrinsic,521813,EPG,EPG(PB08)_L2,L,cb_intrinsic,23
19935,ER2_c,ER2_c_R,R,cb_intrinsic,521813,EPG,EPG(PB08)_L2,L,cb_intrinsic,23
19355,ER2_c,ER2_c_R,R,cb_intrinsic,521813,EPG,EPG(PB08)_L2,L,cb_intrinsic,23
59337,ER3w_b,ER3w_b_L,L,cb_intrinsic,512513,EPG,EPG(PB08)_R1,R,cb_intrinsic,23
29545,ER3w_b,ER3w_b_R,R,cb_intrinsic,512513,EPG,EPG(PB08)_R1,R,cb_intrinsic,23
27850,ER3w_b,ER3w_b_R,R,cb_intrinsic,512513,EPG,EPG(PB08)_R1,R,cb_intrinsic,23
24549,ER3w_c,ER3w_c_L,L,cb_intrinsic,512513,EPG,EPG(PB08)_R1,R,cb_intrinsic,23
21449,ER2_c,ER2_c_R,R,cb_intrinsic,512513,EPG,EPG(PB08)_R1,R,cb_intrinsic,23
20605,ER2_a,ER2_a_L,L,cb_intrinsic,512513,EPG,EPG(PB08)_R1,R,cb_intrinsic,23
11933,ER2_c,ER2_c_R,R,cb_intrinsic,512513,EPG,EPG(PB08)_R1,R,cb_intrinsic,23
50888,ER2_c,ER2_c_L,L,cb_intrinsic,519941,EPG,EPG(PB08)_L3,L,cb_intrinsic,22
46341,ER3w_b,ER3w_b_L,L,cb_intrinsic,519941,EPG,EPG(PB08)_L3,L,cb_intrinsic,22
36524,ER2_a,ER2_a_L,L,cb_intrinsic,519941,EPG,EPG(PB08)_L3,L,cb_intrinsic,22
26673,ER3w_b,ER3w_b_L,L,cb_intrinsic,519941,EPG,EPG(PB08)_L3,L,cb_intrinsic,22
25501,ER3w_b,ER3w_b_L,L,cb_intrinsic,519941,EPG,EPG(PB08)_L3,L,cb_intrinsic,22
25359,ER3p_a,ER3p_a_R,R,cb_intrinsic,519941,EPG,EPG(PB08)_L3,L,cb_intrinsic,22
20253,ER2_a,ER2_a_R,R,cb_intrinsic,519941,EPG,EPG(PB08)_L3,L,cb_intrinsic,22
11933,ER2_c,ER2_c_R,R,cb_intrinsic,519941,EPG,EPG(PB08)_L3,L,cb_intrinsic,22
516110,ER6,ER6_R,R,cb_intrinsic,11989,EPG,EPG(PB08)_L5,L,cb_intrinsic,22
25359,ER3p_a,ER3p_a_R,R,cb_intrinsic,11989,EPG,EPG(PB08)_L5,L,cb_intrinsic,22
20253,ER2_a,ER2_a_R,R,cb_intrinsic,11989,EPG,EPG(PB08)_L5,L,cb_intrinsic,22
11933,ER2_c,ER2_c_R,R,cb_intrinsic,11989,EPG,EPG(PB08)_L5,L,cb_intrinsic,22
516110,ER6,ER6_R,R,cb_intrinsic,519328,EPG,EPG(PB08)_L3,L,cb_intrinsic,22
25447,ER3w_c,ER3w_c_R,R,cb_intrinsic,519328,EPG,EPG(PB08)_L3,L,cb_intrinsic,22
19569,ER2_c,ER2_c_R,R,cb_intrinsic,519328,EPG,EPG(PB08)_L3,L,cb_intrinsic,22
16440,ER4m,ER4m_L,L,cb_intrinsic,519328,EPG,EPG(PB08)_L3,L,cb_intrinsic,22
514180,ER3p_b,ER3p_b_R,R,cb_intrinsic,512928,EPG,EPG(PB08)_R3,R,cb_intrinsic,22
513346,ER3w_b,ER3w_b_R,R,cb_intrinsic,512928,EPG,EPG(PB08)_R3,R,cb_intrinsic,22
48096,ER3p_a,ER3p_a_L,L,cb_intrinsic,512928,EPG,EPG(PB08)_R3,R,cb_intrinsic,22
39503,ER3p_a,ER3p_a_L,L,cb_intrinsic,512928,EPG,EPG(PB08)_R3,R,cb_intrinsic,22
24549,ER3w_c,ER3w_c_L,L,cb_intrinsic,512928,EPG,EPG(PB08)_R3,R,cb_intrinsic,22
23097,ER2_a,ER2_a_L,L,cb_intrinsic,512928,EPG,EPG(PB08)_R3,R,cb_intrinsic,22
19355,ER2_c,ER2_c_R,R,cb_intrinsic,512928,EPG,EPG(PB08)_R3,R,cb_intrinsic,22
26136,ER2_b,ER2_b_R,R,cb_intrinsic,512305,EPG,EPG(PB08)_R8,R,cb_intrinsic,22
13985,ER4m,ER4m_L,L,cb_intrinsic,512305,EPG,EPG(PB08)_R8,R,cb_intrinsic,22
20664,ER2_a,ER2_a_R,R,cb_intrinsic,513464,EPG,EPG(PB08)_R8,R,cb_intrinsic,22
14464,ER6,ER6_L,L,cb_intrinsic,513464,EPG,EPG(PB08)_R8,R,cb_intrinsic,22
17679,ER2_d,ER2_d_R,R,cb_intrinsic,11307,EPG,EPG(PB08)_L4,L,cb_intrinsic,22
21645,ER2_a,ER2_a_L,L,cb_intrinsic,11503,EPG,EPG(PB08)_R8,R,cb_intrinsic,22
20945,ER2_c,ER2_c_R,R,cb_intrinsic,11503,EPG,EPG(PB08)_R8,R,cb_intrinsic,22
19917,ER2_c,ER2_c_R,R,cb_intrinsic,11503,EPG,EPG(PB08)_R8,R,cb_intrinsic,22
50007,ER3p_a,ER3p_a_L,L,cb_intrinsic,84758,EPG,EPG(PB08)_L7,L,cb_intrinsic,22
26136,ER2_b,ER2_b_R,R,cb_intrinsic,84758,EPG,EPG(PB08)_L7,L,cb_intrinsic,22
25709,ER2_c,ER2_c_L,L,cb_intrinsic,84758,EPG,EPG(PB08)_L7,L,cb_intrinsic,22
20664,ER2_a,ER2_a_R,R,cb_intrinsic,84758,EPG,EPG(PB08)_L7,L,cb_intrinsic,22
19917,ER2_c,ER2_c_R,R,cb_intrinsic,84758,EPG,EPG(PB08)_L7,L,cb_intrinsic,22
25709,ER2_c,ER2_c_L,L,cb_intrinsic,520812,EPG,EPG(PB08)_R8,R,cb_intrinsic,22
23315,ER4d,ER4d_L,L,cb_intrinsic,520812,EPG,EPG(PB08)_R8,R,cb_intrinsic,22
514803,ER2_b,ER2_b_L,L,cb_intrinsic,513284,EPG,EPG(PB08)_R3,R,cb_intrinsic,22
25709,ER2_c,ER2_c_L,L,cb_intrinsic,513284,EPG,EPG(PB08)_R3,R,cb_intrinsic,22
20317,ER2_c,ER2_c_L,L,cb_intrinsic,513284,EPG,EPG(PB08)_R3,R,cb_intrinsic,22
19900,ER2_c,ER2_c_L,L,cb_intrinsic,513284,EPG,EPG(PB08)_R3,R,cb_intrinsic,22
14464,ER6,ER6_L,L,cb_intrinsic,513284,EPG,EPG(PB08)_R3,R,cb_intrinsic,22
11933,ER2_c,ER2_c_R,R,cb_intrinsic,513284,EPG,EPG(PB08)_R3,R,cb_intrinsic,22
50007,ER3p_a,ER3p_a_L,L,cb_intrinsic,556346,EPG,EPG(PB08)_L6,L,cb_intrinsic,22
27806,ER3p_a,ER3p_a_R,R,cb_intrinsic,556346,EPG,EPG(PB08)_L6,L,cb_intrinsic,22
18733,ER2_c,ER2_c_L,L,cb_intrinsic,556346,EPG,EPG(PB08)_L6,L,cb_intrinsic,22
18508,ER2_c,ER2_c_L,L,cb_intrinsic,556346,EPG,EPG(PB08)_L6,L,cb_intrinsic,22
31088,ER3p_a,ER3p_a_R,R,cb_intrinsic,523786,EPG,EPG(PB08)_R4,R,cb_intrinsic,22
23097,ER2_a,ER2_a_L,L,cb_intrinsic,523786,EPG,EPG(PB08)_R4,R,cb_intrinsic,22
48096,ER3p_a,ER3p_a_L,L,cb_intrinsic,513033,EPG,EPG(PB08)_L8,L,cb_intrinsic,22
20678,ER2_d,ER2_d_R,R,cb_intrinsic,513033,EPG,EPG(PB08)_L8,L,cb_intrinsic,22
19569,ER2_c,ER2_c_R,R,cb_intrinsic,513033,EPG,EPG(PB08)_L8,L,cb_intrinsic,22
14464,ER6,ER6_L,L,cb_intrinsic,131313,EPG,EPG(PB08)_R6,R,cb_intrinsic,22
25841,ER3w_b,ER3w_b_L,L,cb_intrinsic,556347,EPG,EPG(PB08)_R4,R,cb_intrinsic,22
14464,ER6,ER6_L,L,cb_intrinsic,556347,EPG,EPG(PB08)_R4,R,cb_intrinsic,22
515761,ER3p_a,ER3p_a_R,R,cb_intrinsic,521409,EPG,EPG(PB08)_L8,L,cb_intrinsic,22
18508,ER2_c,ER2_c_L,L,cb_intrinsic,521409,EPG,EPG(PB08)_L8,L,cb_intrinsic,22
21449,ER2_c,ER2_c_R,R,cb_intrinsic,513463,EPG,EPG(PB08)_R2,R,cb_intrinsic,22
524075,ER2_d,ER2_d_L,L,cb_intrinsic,520818,EPG,EPG(PB08)_L4,L,cb_intrinsic,22
516110,ER6,ER6_R,R,cb_intrinsic,520818,EPG,EPG(PB08)_L4,L,cb_intrinsic,22
517602,ER3p_a,ER3p_a_R,R,cb_intrinsic,12449,EPG,EPG(PB08)_L5,L,cb_intrinsic,22
25709,ER2_c,ER2_c_L,L,cb_intrinsic,10539,EPG,EPG(PB08)_R2,R,cb_intrinsic,22
20605,ER2_a,ER2_a_L,L,cb_intrinsic,10539,EPG,EPG(PB08)_R2,R,cb_intrinsic,22
522745,ER2_c,ER2_c_L,L,cb_intrinsic,14727,EPG,EPG(PB08)_L7,L,cb_intrinsic,22
50888,ER2_c,ER2_c_L,L,cb_intrinsic,14727,EPG,EPG(PB08)_L7,L,cb_intrinsic,22
46707,ER3w_a,ER3w_a_L,L,cb_intrinsic,519140,EPG,EPG(PB08)_L1,L,cb_intrinsic,22
25297,ER3w_a,ER3w_a_R,R,cb_intrinsic,519140,EPG,EPG(PB08)_L1,L,cb_intrinsic,22
21059,ER2_d,ER2_d_R,R,cb_intrinsic,519140,EPG,EPG(PB08)_L1,L,cb_intrinsic,22
20605,ER2_a,ER2_a_L,L,cb_intrinsic,519140,EPG,EPG(PB08)_L1,L,cb_intrinsic,22
514803,ER2_b,ER2_b_L,L,cb_intrinsic,15616,EPG,EPG(PB08)_R3,R,cb_intrinsic,22
21277,ER2_a,ER2_a_R,R,cb_intrinsic,15616,EPG,EPG(PB08)_R3,R,cb_intrinsic,22
16598,ER3w_b,ER3w_b_R,R,cb_intrinsic,15616,EPG,EPG(PB08)_R3,R,cb_intrinsic,22
11933,ER2_c,ER2_c_R,R,cb_intrinsic,15616,EPG,EPG(PB08)_R3,R,cb_intrinsic,22
517264,ER3w_a,ER3w_a_R,R,cb_intrinsic,515675,EPG,EPG(PB08)_R1,R,cb_intrinsic,22
513678,ER3w_b,ER3w_b_R,R,cb_intrinsic,515675,EPG,EPG(PB08)_R1,R,cb_intrinsic,22
48096,ER3p_a,ER3p_a_L,L,cb_intrinsic,515675,EPG,EPG(PB08)_R1,R,cb_intrinsic,22
23315,ER4d,ER4d_L,L,cb_intrinsic,515675,EPG,EPG(PB08)_R1,R,cb_intrinsic,22
16818,ER4d,ER4d_R,R,cb_intrinsic,515675,EPG,EPG(PB08)_R1,R,cb_intrinsic,22
11933,ER2_c,ER2_c_R,R,cb_intrinsic,515675,EPG,EPG(PB08)_R1,R,cb_intrinsic,22
47271,ER3p_a,ER3p_a_L,L,cb_intrinsic,514126,EPG,EPG(PB08)_R5,R,cb_intrinsic,22
46707,ER3w_a,ER3w_a_L,L,cb_intrinsic,514126,EPG,EPG(PB08)_R5,R,cb_intrinsic,22
19425,ER2_c,ER2_c_R,R,cb_intrinsic,514126,EPG,EPG(PB08)_R5,R,cb_intrinsic,22
14464,ER6,ER6_L,L,cb_intrinsic,514126,EPG,EPG(PB08)_R5,R,cb_intrinsic,22
29545,ER3w_b,ER3w_b_R,R,cb_intrinsic,512514,EPG,EPG(PB08)_L1,L,cb_intrinsic,22
21059,ER2_d,ER2_d_R,R,cb_intrinsic,512514,EPG,EPG(PB08)_L1,L,cb_intrinsic,22
12357,ER2_c,ER2_c_L,L,cb_intrinsic,512514,EPG,EPG(PB08)_L1,L,cb_intrinsic,22
46341,ER3w_b,ER3w_b_L,L,cb_intrinsic,88342,EPG,EPG(PB08)_L3,L,cb_intrinsic,22
15444,ER2_d,ER2_d_L,L,cb_intrinsic,520581,EPG,EPG(PB08)_R4,R,cb_intrinsic,22
512319,ER6,ER6_L,L,cb_intrinsic,92188,EPG,EPG(PB08)_R7,R,cb_intrinsic,22
46089,ER3p_a,ER3p_a_L,L,cb_intrinsic,92188,EPG,EPG(PB08)_R7,R,cb_intrinsic,22
25841,ER3w_b,ER3w_b_L,L,cb_intrinsic,92188,EPG,EPG(PB08)_R7,R,cb_intrinsic,22
516110,ER6,ER6_R,R,cb_intrinsic,521813,EPG,EPG(PB08)_L2,L,cb_intrinsic,22
26136,ER2_b,ER2_b_R,R,cb_intrinsic,521813,EPG,EPG(PB08)_L2,L,cb_intrinsic,22
514803,ER2_b,ER2_b_L,L,cb_intrinsic,512513,EPG,EPG(PB08)_R1,R,cb_intrinsic,22
46341,ER3w_b,ER3w_b_L,L,cb_intrinsic,512513,EPG,EPG(PB08)_R1,R,cb_intrinsic,22
43683,ER3w_a,ER3w_a_R,R,cb_intrinsic,512513,EPG,EPG(PB08)_R1,R,cb_intrinsic,22
31088,ER3p_a,ER3p_a_R,R,cb_intrinsic,512513,EPG,EPG(PB08)_R1,R,cb_intrinsic,22
24093,ER3w_a,ER3w_a_R,R,cb_intrinsic,512513,EPG,EPG(PB08)_R1,R,cb_intrinsic,22
21645,ER2_a,ER2_a_L,L,cb_intrinsic,512513,EPG,EPG(PB08)_R1,R,cb_intrinsic,22
20404,ER4d,ER4d_L,L,cb_intrinsic,512513,EPG,EPG(PB08)_R1,R,cb_intrinsic,22
19569,ER2_c,ER2_c_R,R,cb_intrinsic,512513,EPG,EPG(PB08)_R1,R,cb_intrinsic,22
522745,ER2_c,ER2_c_L,L,cb_intrinsic,519941,EPG,EPG(PB08)_L3,L,cb_intrinsic,21
50694,ER3w_b,ER3w_b_L,L,cb_intrinsic,519941,EPG,EPG(PB08)_L3,L,cb_intrinsic,21
50007,ER3p_a,ER3p_a_L,L,cb_intrinsic,519941,EPG,EPG(PB08)_L3,L,cb_intrinsic,21
47271,ER3p_a,ER3p_a_L,L,cb_intrinsic,11989,EPG,EPG(PB08)_L5,L,cb_intrinsic,21
46341,ER3w_b,ER3w_b_L,L,cb_intrinsic,11989,EPG,EPG(PB08)_L5,L,cb_intrinsic,21
24459,ER4d,ER4d_L,L,cb_intrinsic,11989,EPG,EPG(PB08)_L5,L,cb_intrinsic,21
19355,ER2_c,ER2_c_R,R,cb_intrinsic,11989,EPG,EPG(PB08)_L5,L,cb_intrinsic,21
46341,ER3w_b,ER3w_b_L,L,cb_intrinsic,107195,EPG,EPG(PB08)_L5,L,cb_intrinsic,21
39503,ER3p_a,ER3p_a_L,L,cb_intrinsic,519328,EPG,EPG(PB08)_L3,L,cb_intrinsic,21
31088,ER3p_a,ER3p_a_R,R,cb_intrinsic,519328,EPG,EPG(PB08)_L3,L,cb_intrinsic,21
25501,ER3w_b,ER3w_b_L,L,cb_intrinsic,519328,EPG,EPG(PB08)_L3,L,cb_intrinsic,21
512606,ER3w_c,ER3w_c_L,L,cb_intrinsic,512928,EPG,EPG(PB08)_R3,R,cb_intrinsic,21
46341,ER3w_b,ER3w_b_L,L,cb_intrinsic,512928,EPG,EPG(PB08)_R3,R,cb_intrinsic,21
46089,ER3p_a,ER3p_a_L,L,cb_intrinsic,512928,EPG,EPG(PB08)_R3,R,cb_intrinsic,21
27850,ER3w_b,ER3w_b_R,R,cb_intrinsic,512928,EPG,EPG(PB08)_R3,R,cb_intrinsic,21
25501,ER3w_b,ER3w_b_L,L,cb_intrinsic,512928,EPG,EPG(PB08)_R3,R,cb_intrinsic,21
23703,ER1_b,ER1_b_R,R,cb_intrinsic,512928,EPG,EPG(PB08)_R3,R,cb_intrinsic,21
16598,ER3w_b,ER3w_b_R,R,cb_intrinsic,512928,EPG,EPG(PB08)_R3,R,cb_intrinsic,21
454614,ER4m,ER4m_L,L,cb_intrinsic,14507,EPG,EPG(PB08)_R7,R,cb_intrinsic,21
12357,ER2_c,ER2_c_L,L,cb_intrinsic,14507,EPG,EPG(PB08)_R7,R,cb_intrinsic,21
26843,ER3w_b,ER3w_b_R,R,cb_intrinsic,524073,EPG,EPG(PB08)_L2,L,cb_intrinsic,21
25359,ER3p_a,ER3p_a_R,R,cb_intrinsic,519144,EPG,EPG(PB08)_L8,L,cb_intrinsic,21
39503,ER3p_a,ER3p_a_L,L,cb_intrinsic,512305,EPG,EPG(PB08)_R8,R,cb_intrinsic,21
20664,ER2_a,ER2_a_R,R,cb_intrinsic,512305,EPG,EPG(PB08)_R8,R,cb_intrinsic,21
18508,ER2_c,ER2_c_L,L,cb_intrinsic,512305,EPG,EPG(PB08)_R8,R,cb_intrinsic,21
527653,ER4d,ER4d_L,L,cb_intrinsic,513464,EPG,EPG(PB08)_R8,R,cb_intrinsic,21
23097,ER2_a,ER2_a_L,L,cb_intrinsic,513464,EPG,EPG(PB08)_R8,R,cb_intrinsic,21
26673,ER3w_b,ER3w_b_L,L,cb_intrinsic,19825,EPG,EPG(PB08)_R6,R,cb_intrinsic,21
527653,ER4d,ER4d_L,L,cb_intrinsic,11503,EPG,EPG(PB08)_R8,R,cb_intrinsic,21
517059,ER2_a,ER2_a_L,L,cb_intrinsic,11503,EPG,EPG(PB08)_R8,R,cb_intrinsic,21
19807,ER2_c,ER2_c_L,L,cb_intrinsic,11503,EPG,EPG(PB08)_R8,R,cb_intrinsic,21
14464,ER6,ER6_L,L,cb_intrinsic,11503,EPG,EPG(PB08)_R8,R,cb_intrinsic,21
529207,ER3p_a,ER3p_a_R,R,cb_intrinsic,84758,EPG,EPG(PB08)_L7,L,cb_intrinsic,21
524075,ER2_d,ER2_d_L,L,cb_intrinsic,84758,EPG,EPG(PB08)_L7,L,cb_intrinsic,21
514803,ER2_b,ER2_b_L,L,cb_intrinsic,84758,EPG,EPG(PB08)_L7,L,cb_intrinsic,21
49002,ER3p_a,ER3p_a_L,L,cb_intrinsic,84758,EPG,EPG(PB08)_L7,L,cb_intrinsic,21
45134,ER3p_b,ER3p_b_L,L,cb_intrinsic,84758,EPG,EPG(PB08)_L7,L,cb_intrinsic,21
18058,ER2_b,ER2_b_L,L,cb_intrinsic,84758,EPG,EPG(PB08)_L7,L,cb_intrinsic,21
13395,ER4m,ER4m_R,R,cb_intrinsic,84758,EPG,EPG(PB08)_L7,L,cb_intrinsic,21
21277,ER2_a,ER2_a_R,R,cb_intrinsic,520812,EPG,EPG(PB08)_R8,R,cb_intrinsic,21
50888,ER2_c,ER2_c_L,L,cb_intrinsic,513284,EPG,EPG(PB08)_R3,R,cb_intrinsic,21
50007,ER3p_a,ER3p_a_L,L,cb_intrinsic,513284,EPG,EPG(PB08)_R3,R,cb_intrinsic,21
36524,ER2_a,ER2_a_L,L,cb_intrinsic,513284,EPG,EPG(PB08)_R3,R,cb_intrinsic,21
24549,ER3w_c,ER3w_c_L,L,cb_intrinsic,513284,EPG,EPG(PB08)_R3,R,cb_intrinsic,21
21752,ER2_c,ER2_c_L,L,cb_intrinsic,513284,EPG,EPG(PB08)_R3,R,cb_intrinsic,21
19935,ER2_c,ER2_c_R,R,cb_intrinsic,513284,EPG,EPG(PB08)_R3,R,cb_intrinsic,21
21277,ER2_a,ER2_a_R,R,cb_intrinsic,523786,EPG,EPG(PB08)_R4,R,cb_intrinsic,21
19935,ER2_c,ER2_c_R,R,cb_intrinsic,523786,EPG,EPG(PB08)_R4,R,cb_intrinsic,21
11933,ER2_c,ER2_c_R,R,cb_intrinsic,523786,EPG,EPG(PB08)_R4,R,cb_intrinsic,21
27806,ER3p_a,ER3p_a_R,R,cb_intrinsic,513033,EPG,EPG(PB08)_L8,L,cb_intrinsic,21
21277,ER2_a,ER2_a_R,R,cb_intrinsic,513033,EPG,EPG(PB08)_L8,L,cb_intrinsic,21
21179,ER2_a,ER2_a_R,R,cb_intrinsic,131313,EPG,EPG(PB08)_R6,R,cb_intrinsic,21
516110,ER6,ER6_R,R,cb_intrinsic,513517,EPG,EPG(PB08)_L4,L,cb_intrinsic,21
13395,ER4m,ER4m_R,R,cb_intrinsic,521409,EPG,EPG(PB08)_L8,L,cb_intrinsic,21
513678,ER3w_b,ER3w_b_R,R,cb_intrinsic,513463,EPG,EPG(PB08)_R2,R,cb_intrinsic,21
22461,ER4d,ER4d_R,R,cb_intrinsic,513463,EPG,EPG(PB08)_R2,R,cb_intrinsic,21
20945,ER2_c,ER2_c_R,R,cb_intrinsic,513463,EPG,EPG(PB08)_R2,R,cb_intrinsic,21
17591,ER4d,ER4d_R,R,cb_intrinsic,513463,EPG,EPG(PB08)_R2,R,cb_intrinsic,21
517264,ER3w_a,ER3w_a_R,R,cb_intrinsic,12449,EPG,EPG(PB08)_L5,L,cb_intrinsic,21
524075,ER2_d,ER2_d_L,L,cb_intrinsic,10539,EPG,EPG(PB08)_R2,R,cb_intrinsic,21
23874,ER4d,ER4d_R,R,cb_intrinsic,10539,EPG,EPG(PB08)_R2,R,cb_intrinsic,21
20678,ER2_d,ER2_d_R,R,cb_intrinsic,10539,EPG,EPG(PB08)_R2,R,cb_intrinsic,21
19791,ER4d,ER4d_L,L,cb_intrinsic,10539,EPG,EPG(PB08)_R2,R,cb_intrinsic,21
13094,ER4d,ER4d_R,R,cb_intrinsic,10539,EPG,EPG(PB08)_R2,R,cb_intrinsic,21
25709,ER2_c,ER2_c_L,L,cb_intrinsic,14727,EPG,EPG(PB08)_L7,L,cb_intrinsic,21
18733,ER2_c,ER2_c_L,L,cb_intrinsic,14727,EPG,EPG(PB08)_L7,L,cb_intrinsic,21
523788,ER3w_a,ER3w_a_R,R,cb_intrinsic,519140,EPG,EPG(PB08)_L1,L,cb_intrinsic,21
50694,ER3w_b,ER3w_b_L,L,cb_intrinsic,519140,EPG,EPG(PB08)_L1,L,cb_intrinsic,21
48291,ER3w_b,ER3w_b_L,L,cb_intrinsic,519140,EPG,EPG(PB08)_L1,L,cb_intrinsic,21
23097,ER2_a,ER2_a_L,L,cb_intrinsic,519140,EPG,EPG(PB08)_L1,L,cb_intrinsic,21
20664,ER2_a,ER2_a_R,R,cb_intrinsic,519140,EPG,EPG(PB08)_L1,L,cb_intrinsic,21
11933,ER2_c,ER2_c_R,R,cb_intrinsic,519140,EPG,EPG(PB08)_L1,L,cb_intrinsic,21
524075,ER2_d,ER2_d_L,L,cb_intrinsic,15616,EPG,EPG(PB08)_R3,R,cb_intrinsic,21
513678,ER3w_b,ER3w_b_R,R,cb_intrinsic,15616,EPG,EPG(PB08)_R3,R,cb_intrinsic,21
50888,ER2_c,ER2_c_L,L,cb_intrinsic,15616,EPG,EPG(PB08)_R3,R,cb_intrinsic,21
43683,ER3w_a,ER3w_a_R,R,cb_intrinsic,15616,EPG,EPG(PB08)_R3,R,cb_intrinsic,21
26136,ER2_b,ER2_b_R,R,cb_intrinsic,15616,EPG,EPG(PB08)_R3,R,cb_intrinsic,21
21752,ER2_c,ER2_c_L,L,cb_intrinsic,15616,EPG,EPG(PB08)_R3,R,cb_intrinsic,21
21179,ER2_a,ER2_a_R,R,cb_intrinsic,15616,EPG,EPG(PB08)_R3,R,cb_intrinsic,21
516110,ER6,ER6_R,R,cb_intrinsic,16360,EPG,EPG(PB08)_L6,L,cb_intrinsic,21
50888,ER2_c,ER2_c_L,L,cb_intrinsic,16360,EPG,EPG(PB08)_L6,L,cb_intrinsic,21
514180,ER3p_b,ER3p_b_R,R,cb_intrinsic,515675,EPG,EPG(PB08)_R1,R,cb_intrinsic,21
27806,ER3p_a,ER3p_a_R,R,cb_intrinsic,515675,EPG,EPG(PB08)_R1,R,cb_intrinsic,21
21752,ER2_c,ER2_c_L,L,cb_intrinsic,515675,EPG,EPG(PB08)_R1,R,cb_intrinsic,21
20945,ER2_c,ER2_c_R,R,cb_intrinsic,515675,EPG,EPG(PB08)_R1,R,cb_intrinsic,21
19410,ER4d,ER4d_L,L,cb_intrinsic,515675,EPG,EPG(PB08)_R1,R,cb_intrinsic,21
18058,ER2_b,ER2_b_L,L,cb_intrinsic,515675,EPG,EPG(PB08)_R1,R,cb_intrinsic,21
26673,ER3w_b,ER3w_b_L,L,cb_intrinsic,514126,EPG,EPG(PB08)_R5,R,cb_intrinsic,21
23097,ER2_a,ER2_a_L,L,cb_intrinsic,513520,EPG,EPG(PB08)_R6,R,cb_intrinsic,21
516110,ER6,ER6_R,R,cb_intrinsic,11874,EPG,EPG(PB08)_L7,L,cb_intrinsic,21
47271,ER3p_a,ER3p_a_L,L,cb_intrinsic,11874,EPG,EPG(PB08)_L7,L,cb_intrinsic,21
39503,ER3p_a,ER3p_a_L,L,cb_intrinsic,11874,EPG,EPG(PB08)_L7,L,cb_intrinsic,21
19807,ER2_c,ER2_c_L,L,cb_intrinsic,11874,EPG,EPG(PB08)_L7,L,cb_intrinsic,21
512606,ER3w_c,ER3w_c_L,L,cb_intrinsic,512514,EPG,EPG(PB08)_L1,L,cb_intrinsic,21
46089,ER3p_a,ER3p_a_L,L,cb_intrinsic,512514,EPG,EPG(PB08)_L1,L,cb_intrinsic,21
43683,ER3w_a,ER3w_a_R,R,cb_intrinsic,512514,EPG,EPG(PB08)_L1,L,cb_intrinsic,21
25841,ER3w_b,ER3w_b_L,L,cb_intrinsic,512514,EPG,EPG(PB08)_L1,L,cb_intrinsic,21
19569,ER2_c,ER2_c_R,R,cb_intrinsic,512514,EPG,EPG(PB08)_L1,L,cb_intrinsic,21
39503,ER3p_a,ER3p_a_L,L,cb_intrinsic,88342,EPG,EPG(PB08)_L3,L,cb_intrinsic,21
26843,ER3w_b,ER3w_b_R,R,cb_intrinsic,88342,EPG,EPG(PB08)_L3,L,cb_intrinsic,21
45134,ER3p_b,ER3p_b_L,L,cb_intrinsic,15713,EPG,EPG(PB08)_L6,L,cb_intrinsic,21
24879,ER4d,ER4d_L,L,cb_intrinsic,15713,EPG,EPG(PB08)_L6,L,cb_intrinsic,21
21277,ER2_a,ER2_a_R,R,cb_intrinsic,520581,EPG,EPG(PB08)_R4,R,cb_intrinsic,21
18733,ER2_c,ER2_c_L,L,cb_intrinsic,520581,EPG,EPG(PB08)_R4,R,cb_intrinsic,21
20559,ER2_a,ER2_a_L,L,cb_intrinsic,13217,EPG,EPG(PB08)_L8,L,cb_intrinsic,21
19935,ER2_c,ER2_c_R,R,cb_intrinsic,13217,EPG,EPG(PB08)_L8,L,cb_intrinsic,21
18508,ER2_c,ER2_c_L,L,cb_intrinsic,13217,EPG,EPG(PB08)_L8,L,cb_intrinsic,21
48291,ER3w_b,ER3w_b_L,L,cb_intrinsic,92188,EPG,EPG(PB08)_R7,R,cb_intrinsic,21
35978,ER1_b,ER1_b_L,L,cb_intrinsic,92188,EPG,EPG(PB08)_R7,R,cb_intrinsic,21
27770,ER3w_b,ER3w_b_R,R,cb_intrinsic,92188,EPG,EPG(PB08)_R7,R,cb_intrinsic,21
26136,ER2_b,ER2_b_R,R,cb_intrinsic,92188,EPG,EPG(PB08)_R7,R,cb_intrinsic,21
19807,ER2_c,ER2_c_L,L,cb_intrinsic,92188,EPG,EPG(PB08)_R7,R,cb_intrinsic,21
21449,ER2_c,ER2_c_R,R,cb_intrinsic,521812,EPG,EPG(PB08)_R7,R,cb_intrinsic,21
17402,ER4m,ER4m_L,L,cb_intrinsic,521812,EPG,EPG(PB08)_R7,R,cb_intrinsic,21
14464,ER6,ER6_L,L,cb_intrinsic,521812,EPG,EPG(PB08)_R7,R,cb_intrinsic,21
522745,ER2_c,ER2_c_L,L,cb_intrinsic,521813,EPG,EPG(PB08)_L2,L,cb_intrinsic,21
50888,ER2_c,ER2_c_L,L,cb_intrinsic,521813,EPG,EPG(PB08)_L2,L,cb_intrinsic,21
36524,ER2_a,ER2_a_L,L,cb_intrinsic,521813,EPG,EPG(PB08)_L2,L,cb_intrinsic,21
21277,ER2_a,ER2_a_R,R,cb_intrinsic,521813,EPG,EPG(PB08)_L2,L,cb_intrinsic,21
20678,ER2_d,ER2_d_R,R,cb_intrinsic,521813,EPG,EPG(PB08)_L2,L,cb_intrinsic,21
16440,ER4m,ER4m_L,L,cb_intrinsic,521813,EPG,EPG(PB08)_L2,L,cb_intrinsic,21
523788,ER3w_a,ER3w_a_R,R,cb_intrinsic,512513,EPG,EPG(PB08)_R1,R,cb_intrinsic,21
518690,ER1_b,ER1_b_R,R,cb_intrinsic,512513,EPG,EPG(PB08)_R1,R,cb_intrinsic,21
517264,ER3w_a,ER3w_a_R,R,cb_intrinsic,512513,EPG,EPG(PB08)_R1,R,cb_intrinsic,21
44010,ER3w_b,ER3w_b_L,L,cb_intrinsic,512513,EPG,EPG(PB08)_R1,R,cb_intrinsic,21
27770,ER3w_b,ER3w_b_R,R,cb_intrinsic,512513,EPG,EPG(PB08)_R1,R,cb_intrinsic,21
25501,ER3w_b,ER3w_b_L,L,cb_intrinsic,512513,EPG,EPG(PB08)_R1,R,cb_intrinsic,21
20883,ER2_c,ER2_c_R,R,cb_intrinsic,512513,EPG,EPG(PB08)_R1,R,cb_intrinsic,21
19935,ER2_c,ER2_c_R,R,cb_intrinsic,512513,EPG,EPG(PB08)_R1,R,cb_intrinsic,21
19917,ER2_c,ER2_c_R,R,cb_intrinsic,512513,EPG,EPG(PB08)_R1,R,cb_intrinsic,21
19807,ER2_c,ER2_c_L,L,cb_intrinsic,512513,EPG,EPG(PB08)_R1,R,cb_intrinsic,21
18377,ER3w_b,ER3w_b_L,L,cb_intrinsic,512513,EPG,EPG(PB08)_R1,R,cb_intrinsic,21
17679,ER2_d,ER2_d_R,R,cb_intrinsic,512513,EPG,EPG(PB08)_R1,R,cb_intrinsic,21
27850,ER3w_b,ER3w_b_R,R,cb_intrinsic,519941,EPG,EPG(PB08)_L3,L,cb_intrinsic,20
26843,ER3w_b,ER3w_b_R,R,cb_intrinsic,519941,EPG,EPG(PB08)_L3,L,cb_intrinsic,20
19569,ER2_c,ER2_c_R,R,cb_intrinsic,519941,EPG,EPG(PB08)_L3,L,cb_intrinsic,20
17419,ER6,ER6_R,R,cb_intrinsic,519941,EPG,EPG(PB08)_L3,L,cb_intrinsic,20
20678,ER2_d,ER2_d_R,R,cb_intrinsic,107195,EPG,EPG(PB08)_L5,L,cb_intrinsic,20
517602,ER3p_a,ER3p_a_R,R,cb_intrinsic,519328,EPG,EPG(PB08)_L3,L,cb_intrinsic,20
27806,ER3p_a,ER3p_a_R,R,cb_intrinsic,519328,EPG,EPG(PB08)_L3,L,cb_intrinsic,20
27043,ER3w_c,ER3w_c_R,R,cb_intrinsic,519328,EPG,EPG(PB08)_L3,L,cb_intrinsic,20
526143,ER3w_b,ER3w_b_L,L,cb_intrinsic,512928,EPG,EPG(PB08)_R3,R,cb_intrinsic,20
69319,ER1_a,ER1_a_R,R,cb_intrinsic,512928,EPG,EPG(PB08)_R3,R,cb_intrinsic,20
18733,ER2_c,ER2_c_L,L,cb_intrinsic,512928,EPG,EPG(PB08)_R3,R,cb_intrinsic,20
512319,ER6,ER6_L,L,cb_intrinsic,14507,EPG,EPG(PB08)_R7,R,cb_intrinsic,20
523788,ER3w_a,ER3w_a_R,R,cb_intrinsic,524073,EPG,EPG(PB08)_L2,L,cb_intrinsic,20
522745,ER2_c,ER2_c_L,L,cb_intrinsic,524073,EPG,EPG(PB08)_L2,L,cb_intrinsic,20
36524,ER2_a,ER2_a_L,L,cb_intrinsic,524073,EPG,EPG(PB08)_L2,L,cb_intrinsic,20
21645,ER2_a,ER2_a_L,L,cb_intrinsic,524073,EPG,EPG(PB08)_L2,L,cb_intrinsic,20
21277,ER2_a,ER2_a_R,R,cb_intrinsic,524073,EPG,EPG(PB08)_L2,L,cb_intrinsic,20
20590,ER2_a,ER2_a_R,R,cb_intrinsic,524073,EPG,EPG(PB08)_L2,L,cb_intrinsic,20
18508,ER2_c,ER2_c_L,L,cb_intrinsic,524073,EPG,EPG(PB08)_L2,L,cb_intrinsic,20
47271,ER3p_a,ER3p_a_L,L,cb_intrinsic,512305,EPG,EPG(PB08)_R8,R,cb_intrinsic,20
27806,ER3p_a,ER3p_a_R,R,cb_intrinsic,512305,EPG,EPG(PB08)_R8,R,cb_intrinsic,20
20559,ER2_a,ER2_a_L,L,cb_intrinsic,513464,EPG,EPG(PB08)_R8,R,cb_intrinsic,20
19355,ER2_c,ER2_c_R,R,cb_intrinsic,513464,EPG,EPG(PB08)_R8,R,cb_intrinsic,20
50888,ER2_c,ER2_c_L,L,cb_intrinsic,19825,EPG,EPG(PB08)_R6,R,cb_intrinsic,20
522745,ER2_c,ER2_c_L,L,cb_intrinsic,84758,EPG,EPG(PB08)_L7,L,cb_intrinsic,20
27806,ER3p_a,ER3p_a_R,R,cb_intrinsic,84758,EPG,EPG(PB08)_L7,L,cb_intrinsic,20
23097,ER2_a,ER2_a_L,L,cb_intrinsic,84758,EPG,EPG(PB08)_L7,L,cb_intrinsic,20
20590,ER2_a,ER2_a_R,R,cb_intrinsic,84758,EPG,EPG(PB08)_L7,L,cb_intrinsic,20
19569,ER2_c,ER2_c_R,R,cb_intrinsic,84758,EPG,EPG(PB08)_L7,L,cb_intrinsic,20
527653,ER4d,ER4d_L,L,cb_intrinsic,520812,EPG,EPG(PB08)_R8,R,cb_intrinsic,20
21752,ER2_c,ER2_c_L,L,cb_intrinsic,520812,EPG,EPG(PB08)_R8,R,cb_intrinsic,20
20664,ER2_a,ER2_a_R,R,cb_intrinsic,520812,EPG,EPG(PB08)_R8,R,cb_intrinsic,20
19935,ER2_c,ER2_c_R,R,cb_intrinsic,520812,EPG,EPG(PB08)_R8,R,cb_intrinsic,20
19807,ER2_c,ER2_c_L,L,cb_intrinsic,520812,EPG,EPG(PB08)_R8,R,cb_intrinsic,20
19569,ER2_c,ER2_c_R,R,cb_intrinsic,520812,EPG,EPG(PB08)_R8,R,cb_intrinsic,20
25359,ER3p_a,ER3p_a_R,R,cb_intrinsic,513284,EPG,EPG(PB08)_R3,R,cb_intrinsic,20
20883,ER2_c,ER2_c_R,R,cb_intrinsic,513284,EPG,EPG(PB08)_R3,R,cb_intrinsic,20
20253,ER2_a,ER2_a_R,R,cb_intrinsic,513284,EPG,EPG(PB08)_R3,R,cb_intrinsic,20
19917,ER2_c,ER2_c_R,R,cb_intrinsic,513284,EPG,EPG(PB08)_R3,R,cb_intrinsic,20
19807,ER2_c,ER2_c_L,L,cb_intrinsic,513284,EPG,EPG(PB08)_R3,R,cb_intrinsic,20
19425,ER2_c,ER2_c_R,R,cb_intrinsic,513284,EPG,EPG(PB08)_R3,R,cb_intrinsic,20
19935,ER2_c,ER2_c_R,R,cb_intrinsic,556346,EPG,EPG(PB08)_L6,L,cb_intrinsic,20
514042,ER2_b,ER2_b_L,L,cb_intrinsic,523786,EPG,EPG(PB08)_R4,R,cb_intrinsic,20
25709,ER2_c,ER2_c_L,L,cb_intrinsic,523786,EPG,EPG(PB08)_R4,R,cb_intrinsic,20
16343,ER4d,ER4d_R,R,cb_intrinsic,523786,EPG,EPG(PB08)_R4,R,cb_intrinsic,20
25447,ER3w_c,ER3w_c_R,R,cb_intrinsic,11987,EPG,EPG(PB08)_R5,R,cb_intrinsic,20
17679,ER2_d,ER2_d_R,R,cb_intrinsic,11987,EPG,EPG(PB08)_R5,R,cb_intrinsic,20
14464,ER6,ER6_L,L,cb_intrinsic,11987,EPG,EPG(PB08)_R5,R,cb_intrinsic,20
11933,ER2_c,ER2_c_R,R,cb_intrinsic,11987,EPG,EPG(PB08)_R5,R,cb_intrinsic,20
516110,ER6,ER6_R,R,cb_intrinsic,513033,EPG,EPG(PB08)_L8,L,cb_intrinsic,20
31088,ER3p_a,ER3p_a_R,R,cb_intrinsic,513033,EPG,EPG(PB08)_L8,L,cb_intrinsic,20
21645,ER2_a,ER2_a_L,L,cb_intrinsic,513033,EPG,EPG(PB08)_L8,L,cb_intrinsic,20
21059,ER2_d,ER2_d_R,R,cb_intrinsic,513033,EPG,EPG(PB08)_L8,L,cb_intrinsic,20
19355,ER2_c,ER2_c_R,R,cb_intrinsic,513033,EPG,EPG(PB08)_L8,L,cb_intrinsic,20
18508,ER2_c,ER2_c_L,L,cb_intrinsic,513033,EPG,EPG(PB08)_L8,L,cb_intrinsic,20
13434,ER4m,ER4m_R,R,cb_intrinsic,513033,EPG,EPG(PB08)_L8,L,cb_intrinsic,20
27043,ER3w_c,ER3w_c_R,R,cb_intrinsic,19125,EPG,EPG(PB08)_R5,R,cb_intrinsic,20
19900,ER2_c,ER2_c_L,L,cb_intrinsic,19125,EPG,EPG(PB08)_R5,R,cb_intrinsic,20
23520,ER4d,ER4d_L,L,cb_intrinsic,513517,EPG,EPG(PB08)_L4,L,cb_intrinsic,20
19807,ER2_c,ER2_c_L,L,cb_intrinsic,513517,EPG,EPG(PB08)_L4,L,cb_intrinsic,20
18664,ER2_c,ER2_c_R,R,cb_intrinsic,513517,EPG,EPG(PB08)_L4,L,cb_intrinsic,20
47271,ER3p_a,ER3p_a_L,L,cb_intrinsic,556347,EPG,EPG(PB08)_R4,R,cb_intrinsic,20
27850,ER3w_b,ER3w_b_R,R,cb_intrinsic,556347,EPG,EPG(PB08)_R4,R,cb_intrinsic,20
21752,ER2_c,ER2_c_L,L,cb_intrinsic,556347,EPG,EPG(PB08)_R4,R,cb_intrinsic,20
18377,ER3w_b,ER3w_b_L,L,cb_intrinsic,556347,EPG,EPG(PB08)_R4,R,cb_intrinsic,20
19807,ER2_c,ER2_c_L,L,cb_intrinsic,513463,EPG,EPG(PB08)_R2,R,cb_intrinsic,20
18733,ER2_c,ER2_c_L,L,cb_intrinsic,513463,EPG,EPG(PB08)_R2,R,cb_intrinsic,20
26136,ER2_b,ER2_b_R,R,cb_intrinsic,12449,EPG,EPG(PB08)_L5,L,cb_intrinsic,20
21882,ER2_a,ER2_a_L,L,cb_intrinsic,12449,EPG,EPG(PB08)_L5,L,cb_intrinsic,20
46089,ER3p_a,ER3p_a_L,L,cb_intrinsic,10539,EPG,EPG(PB08)_R2,R,cb_intrinsic,20
24879,ER4d,ER4d_L,L,cb_intrinsic,10539,EPG,EPG(PB08)_R2,R,cb_intrinsic,20
24122,ER4d,ER4d_R,R,cb_intrinsic,10539,EPG,EPG(PB08)_R2,R,cb_intrinsic,20
23080,ER4d,ER4d_R,R,cb_intrinsic,10539,EPG,EPG(PB08)_R2,R,cb_intrinsic,20
16818,ER4d,ER4d_R,R,cb_intrinsic,10539,EPG,EPG(PB08)_R2,R,cb_intrinsic,20
523788,ER3w_a,ER3w_a_R,R,cb_intrinsic,14727,EPG,EPG(PB08)_L7,L,cb_intrinsic,20
36524,ER2_a,ER2_a_L,L,cb_intrinsic,14727,EPG,EPG(PB08)_L7,L,cb_intrinsic,20
23097,ER2_a,ER2_a_L,L,cb_intrinsic,14727,EPG,EPG(PB08)_L7,L,cb_intrinsic,20
48096,ER3p_a,ER3p_a_L,L,cb_intrinsic,519140,EPG,EPG(PB08)_L1,L,cb_intrinsic,20
27850,ER3w_b,ER3w_b_R,R,cb_intrinsic,519140,EPG,EPG(PB08)_L1,L,cb_intrinsic,20
25709,ER2_c,ER2_c_L,L,cb_intrinsic,519140,EPG,EPG(PB08)_L1,L,cb_intrinsic,20
25203,ER3w_c,ER3w_c_L,L,cb_intrinsic,519140,EPG,EPG(PB08)_L1,L,cb_intrinsic,20
518690,ER1_b,ER1_b_R,R,cb_intrinsic,15616,EPG,EPG(PB08)_R3,R,cb_intrinsic,20
515761,ER3p_a,ER3p_a_R,R,cb_intrinsic,15616,EPG,EPG(PB08)_R3,R,cb_intrinsic,20
512319,ER6,ER6_L,L,cb_intrinsic,15616,EPG,EPG(PB08)_R3,R,cb_intrinsic,20
50694,ER3w_b,ER3w_b_L,L,cb_intrinsic,15616,EPG,EPG(PB08)_R3,R,cb_intrinsic,20
40213,ER1_b,ER1_b_L,L,cb_intrinsic,15616,EPG,EPG(PB08)_R3,R,cb_intrinsic,20
37817,ER3d_e,ER3d_e_R,R,cb_intrinsic,15616,EPG,EPG(PB08)_R3,R,cb_intrinsic,20
31088,ER3p_a,ER3p_a_R,R,cb_intrinsic,15616,EPG,EPG(PB08)_R3,R,cb_intrinsic,20
25203,ER3w_c,ER3w_c_L,L,cb_intrinsic,15616,EPG,EPG(PB08)_R3,R,cb_intrinsic,20
19935,ER2_c,ER2_c_R,R,cb_intrinsic,15616,EPG,EPG(PB08)_R3,R,cb_intrinsic,20
15444,ER2_d,ER2_d_L,L,cb_intrinsic,15616,EPG,EPG(PB08)_R3,R,cb_intrinsic,20
50007,ER3p_a,ER3p_a_L,L,cb_intrinsic,16360,EPG,EPG(PB08)_L6,L,cb_intrinsic,20
53745,ER3p_a,ER3p_a_L,L,cb_intrinsic,515675,EPG,EPG(PB08)_R1,R,cb_intrinsic,20
39503,ER3p_a,ER3p_a_L,L,cb_intrinsic,515675,EPG,EPG(PB08)_R1,R,cb_intrinsic,20
25709,ER2_c,ER2_c_L,L,cb_intrinsic,515675,EPG,EPG(PB08)_R1,R,cb_intrinsic,20
23097,ER2_a,ER2_a_L,L,cb_intrinsic,515675,EPG,EPG(PB08)_R1,R,cb_intrinsic,20
21645,ER2_a,ER2_a_L,L,cb_intrinsic,515675,EPG,EPG(PB08)_R1,R,cb_intrinsic,20
21449,ER2_c,ER2_c_R,R,cb_intrinsic,515675,EPG,EPG(PB08)_R1,R,cb_intrinsic,20
20559,ER2_a,ER2_a_L,L,cb_intrinsic,515675,EPG,EPG(PB08)_R1,R,cb_intrinsic,20
19323,ER4d,ER4d_R,R,cb_intrinsic,515675,EPG,EPG(PB08)_R1,R,cb_intrinsic,20
523816,ER1_b,ER1_b_L,L,cb_intrinsic,514126,EPG,EPG(PB08)_R5,R,cb_intrinsic,20
46089,ER3p_a,ER3p_a_L,L,cb_intrinsic,514126,EPG,EPG(PB08)_R5,R,cb_intrinsic,20
25447,ER3w_c,ER3w_c_R,R,cb_intrinsic,514126,EPG,EPG(PB08)_R5,R,cb_intrinsic,20
20559,ER2_a,ER2_a_L,L,cb_intrinsic,514126,EPG,EPG(PB08)_R5,R,cb_intrinsic,20
19807,ER2_c,ER2_c_L,L,cb_intrinsic,514126,EPG,EPG(PB08)_R5,R,cb_intrinsic,20
524075,ER2_d,ER2_d_L,L,cb_intrinsic,513520,EPG,EPG(PB08)_R6,R,cb_intrinsic,20
19425,ER2_c,ER2_c_R,R,cb_intrinsic,513520,EPG,EPG(PB08)_R6,R,cb_intrinsic,20
513678,ER3w_b,ER3w_b_R,R,cb_intrinsic,11874,EPG,EPG(PB08)_L7,L,cb_intrinsic,20
20678,ER2_d,ER2_d_R,R,cb_intrinsic,11874,EPG,EPG(PB08)_L7,L,cb_intrinsic,20
15444,ER2_d,ER2_d_L,L,cb_intrinsic,11874,EPG,EPG(PB08)_L7,L,cb_intrinsic,20
514042,ER2_b,ER2_b_L,L,cb_intrinsic,512514,EPG,EPG(PB08)_L1,L,cb_intrinsic,20
16598,ER3w_b,ER3w_b_R,R,cb_intrinsic,512514,EPG,EPG(PB08)_L1,L,cb_intrinsic,20
23097,ER2_a,ER2_a_L,L,cb_intrinsic,88342,EPG,EPG(PB08)_L3,L,cb_intrinsic,20
21752,ER2_c,ER2_c_L,L,cb_intrinsic,88342,EPG,EPG(PB08)_L3,L,cb_intrinsic,20
18733,ER2_c,ER2_c_L,L,cb_intrinsic,15713,EPG,EPG(PB08)_L6,L,cb_intrinsic,20
512319,ER6,ER6_L,L,cb_intrinsic,520581,EPG,EPG(PB08)_R4,R,cb_intrinsic,20
20945,ER2_c,ER2_c_R,R,cb_intrinsic,520581,EPG,EPG(PB08)_R4,R,cb_intrinsic,20
524075,ER2_d,ER2_d_L,L,cb_intrinsic,13217,EPG,EPG(PB08)_L8,L,cb_intrinsic,20
34607,ER4d,ER4d_L,L,cb_intrinsic,13217,EPG,EPG(PB08)_L8,L,cb_intrinsic,20
18733,ER2_c,ER2_c_L,L,cb_intrinsic,13217,EPG,EPG(PB08)_L8,L,cb_intrinsic,20
18377,ER3w_b,ER3w_b_L,L,cb_intrinsic,13217,EPG,EPG(PB08)_L8,L,cb_intrinsic,20
568502,ER5,ER5_R,R,cb_intrinsic,92188,EPG,EPG(PB08)_R7,R,cb_intrinsic,20
513678,ER3w_b,ER3w_b_R,R,cb_intrinsic,92188,EPG,EPG(PB08)_R7,R,cb_intrinsic,20
50694,ER3w_b,ER3w_b_L,L,cb_intrinsic,92188,EPG,EPG(PB08)_R7,R,cb_intrinsic,20
26843,ER3w_b,ER3w_b_R,R,cb_intrinsic,92188,EPG,EPG(PB08)_R7,R,cb_intrinsic,20
25709,ER2_c,ER2_c_L,L,cb_intrinsic,92188,EPG,EPG(PB08)_R7,R,cb_intrinsic,20
18664,ER2_c,ER2_c_R,R,cb_intrinsic,521812,EPG,EPG(PB08)_R7,R,cb_intrinsic,20
526143,ER3w_b,ER3w_b_L,L,cb_intrinsic,521813,EPG,EPG(PB08)_L2,L,cb_intrinsic,20
39503,ER3p_a,ER3p_a_L,L,cb_intrinsic,521813,EPG,EPG(PB08)_L2,L,cb_intrinsic,20
22461,ER4d,ER4d_R,R,cb_intrinsic,521813,EPG,EPG(PB08)_L2,L,cb_intrinsic,20
17419,ER6,ER6_R,R,cb_intrinsic,521813,EPG,EPG(PB08)_L2,L,cb_intrinsic,20
526552,ER3w_b,ER3w_b_R,R,cb_intrinsic,512513,EPG,EPG(PB08)_R1,R,cb_intrinsic,20
72491,ER1_c,ER1_c_R,R,cb_intrinsic,512513,EPG,EPG(PB08)_R1,R,cb_intrinsic,20
50007,ER3p_a,ER3p_a_L,L,cb_intrinsic,512513,EPG,EPG(PB08)_R1,R,cb_intrinsic,20
38268,ER1_b,ER1_b_R,R,cb_intrinsic,512513,EPG,EPG(PB08)_R1,R,cb_intrinsic,20
34652,ER1_b,ER1_b_L,L,cb_intrinsic,512513,EPG,EPG(PB08)_R1,R,cb_intrinsic,20
26843,ER3w_b,ER3w_b_R,R,cb_intrinsic,512513,EPG,EPG(PB08)_R1,R,cb_intrinsic,20
26136,ER2_b,ER2_b_R,R,cb_intrinsic,512513,EPG,EPG(PB08)_R1,R,cb_intrinsic,20
21882,ER2_a,ER2_a_L,L,cb_intrinsic,512513,EPG,EPG(PB08)_R1,R,cb_intrinsic,20
18058,ER2_b,ER2_b_L,L,cb_intrinsic,512513,EPG,EPG(PB08)_R1,R,cb_intrinsic,20
15444,ER2_d,ER2_d_L,L,cb_intrinsic,512513,EPG,EPG(PB08)_R1,R,cb_intrinsic,20
49002,ER3p_a,ER3p_a_L,L,cb_intrinsic,519941,EPG,EPG(PB08)_L3,L,cb_intrinsic,19
48096,ER3p_a,ER3p_a_L,L,cb_intrinsic,519941,EPG,EPG(PB08)_L3,L,cb_intrinsic,19
25709,ER2_c,ER2_c_L,L,cb_intrinsic,519941,EPG,EPG(PB08)_L3,L,cb_intrinsic,19
20664,ER2_a,ER2_a_R,R,cb_intrinsic,519941,EPG,EPG(PB08)_L3,L,cb_intrinsic,19
19935,ER2_c,ER2_c_R,R,cb_intrinsic,519941,EPG,EPG(PB08)_L3,L,cb_intrinsic,19
18377,ER3w_b,ER3w_b_L,L,cb_intrinsic,519941,EPG,EPG(PB08)_L3,L,cb_intrinsic,19
35978,ER1_b,ER1_b_L,L,cb_intrinsic,11989,EPG,EPG(PB08)_L5,L,cb_intrinsic,19
19425,ER2_c,ER2_c_R,R,cb_intrinsic,11989,EPG,EPG(PB08)_L5,L,cb_intrinsic,19
23097,ER2_a,ER2_a_L,L,cb_intrinsic,107195,EPG,EPG(PB08)_L5,L,cb_intrinsic,19
25841,ER3w_b,ER3w_b_L,L,cb_intrinsic,519328,EPG,EPG(PB08)_L3,L,cb_intrinsic,19
19807,ER2_c,ER2_c_L,L,cb_intrinsic,519328,EPG,EPG(PB08)_L3,L,cb_intrinsic,19
19425,ER2_c,ER2_c_R,R,cb_intrinsic,519328,EPG,EPG(PB08)_L3,L,cb_intrinsic,19
524075,ER2_d,ER2_d_L,L,cb_intrinsic,512928,EPG,EPG(PB08)_R3,R,cb_intrinsic,19
514042,ER2_b,ER2_b_L,L,cb_intrinsic,512928,EPG,EPG(PB08)_R3,R,cb_intrinsic,19
53745,ER3p_a,ER3p_a_L,L,cb_intrinsic,512928,EPG,EPG(PB08)_R3,R,cb_intrinsic,19
46707,ER3w_a,ER3w_a_L,L,cb_intrinsic,512928,EPG,EPG(PB08)_R3,R,cb_intrinsic,19
27043,ER3w_c,ER3w_c_R,R,cb_intrinsic,512928,EPG,EPG(PB08)_R3,R,cb_intrinsic,19
26136,ER2_b,ER2_b_R,R,cb_intrinsic,512928,EPG,EPG(PB08)_R3,R,cb_intrinsic,19
25447,ER3w_c,ER3w_c_R,R,cb_intrinsic,512928,EPG,EPG(PB08)_R3,R,cb_intrinsic,19
25359,ER3p_a,ER3p_a_R,R,cb_intrinsic,512928,EPG,EPG(PB08)_R3,R,cb_intrinsic,19
20678,ER2_d,ER2_d_R,R,cb_intrinsic,512928,EPG,EPG(PB08)_R3,R,cb_intrinsic,19
19807,ER2_c,ER2_c_L,L,cb_intrinsic,512928,EPG,EPG(PB08)_R3,R,cb_intrinsic,19
18377,ER3w_b,ER3w_b_L,L,cb_intrinsic,512928,EPG,EPG(PB08)_R3,R,cb_intrinsic,19
515760,ER4m,ER4m_R,R,cb_intrinsic,14507,EPG,EPG(PB08)_R7,R,cb_intrinsic,19
50007,ER3p_a,ER3p_a_L,L,cb_intrinsic,14507,EPG,EPG(PB08)_R7,R,cb_intrinsic,19
13985,ER4m,ER4m_L,L,cb_intrinsic,14507,EPG,EPG(PB08)_R7,R,cb_intrinsic,19
527653,ER4d,ER4d_L,L,cb_intrinsic,524073,EPG,EPG(PB08)_L2,L,cb_intrinsic,19
526143,ER3w_b,ER3w_b_L,L,cb_intrinsic,524073,EPG,EPG(PB08)_L2,L,cb_intrinsic,19
21449,ER2_c,ER2_c_R,R,cb_intrinsic,524073,EPG,EPG(PB08)_L2,L,cb_intrinsic,19
20883,ER2_c,ER2_c_R,R,cb_intrinsic,524073,EPG,EPG(PB08)_L2,L,cb_intrinsic,19
20253,ER2_a,ER2_a_R,R,cb_intrinsic,524073,EPG,EPG(PB08)_L2,L,cb_intrinsic,19
19935,ER2_c,ER2_c_R,R,cb_intrinsic,524073,EPG,EPG(PB08)_L2,L,cb_intrinsic,19
512606,ER3w_c,ER3w_c_L,L,cb_intrinsic,519144,EPG,EPG(PB08)_L8,L,cb_intrinsic,19
24122,ER4d,ER4d_R,R,cb_intrinsic,519144,EPG,EPG(PB08)_L8,L,cb_intrinsic,19
50007,ER3p_a,ER3p_a_L,L,cb_intrinsic,512305,EPG,EPG(PB08)_R8,R,cb_intrinsic,19
29545,ER3w_b,ER3w_b_R,R,cb_intrinsic,512305,EPG,EPG(PB08)_R8,R,cb_intrinsic,19
25501,ER3w_b,ER3w_b_L,L,cb_intrinsic,512305,EPG,EPG(PB08)_R8,R,cb_intrinsic,19
21277,ER2_a,ER2_a_R,R,cb_intrinsic,512305,EPG,EPG(PB08)_R8,R,cb_intrinsic,19
20253,ER2_a,ER2_a_R,R,cb_intrinsic,512305,EPG,EPG(PB08)_R8,R,cb_intrinsic,19
12357,ER2_c,ER2_c_L,L,cb_intrinsic,512305,EPG,EPG(PB08)_R8,R,cb_intrinsic,19
512319,ER6,ER6_L,L,cb_intrinsic,513464,EPG,EPG(PB08)_R8,R,cb_intrinsic,19
37105,ER1_b,ER1_b_L,L,cb_intrinsic,513464,EPG,EPG(PB08)_R8,R,cb_intrinsic,19
21752,ER2_c,ER2_c_L,L,cb_intrinsic,513464,EPG,EPG(PB08)_R8,R,cb_intrinsic,19
48291,ER3w_b,ER3w_b_L,L,cb_intrinsic,19825,EPG,EPG(PB08)_R6,R,cb_intrinsic,19
46341,ER3w_b,ER3w_b_L,L,cb_intrinsic,19825,EPG,EPG(PB08)_R6,R,cb_intrinsic,19
48291,ER3w_b,ER3w_b_L,L,cb_intrinsic,11307,EPG,EPG(PB08)_L4,L,cb_intrinsic,19
524075,ER2_d,ER2_d_L,L,cb_intrinsic,11503,EPG,EPG(PB08)_R8,R,cb_intrinsic,19
21882,ER2_a,ER2_a_L,L,cb_intrinsic,11503,EPG,EPG(PB08)_R8,R,cb_intrinsic,19
21449,ER2_c,ER2_c_R,R,cb_intrinsic,11503,EPG,EPG(PB08)_R8,R,cb_intrinsic,19
20883,ER2_c,ER2_c_R,R,cb_intrinsic,11503,EPG,EPG(PB08)_R8,R,cb_intrinsic,19
18664,ER2_c,ER2_c_R,R,cb_intrinsic,11503,EPG,EPG(PB08)_R8,R,cb_intrinsic,19
25203,ER3w_c,ER3w_c_L,L,cb_intrinsic,84758,EPG,EPG(PB08)_L7,L,cb_intrinsic,19
21882,ER2_a,ER2_a_L,L,cb_intrinsic,84758,EPG,EPG(PB08)_L7,L,cb_intrinsic,19
21752,ER2_c,ER2_c_L,L,cb_intrinsic,84758,EPG,EPG(PB08)_L7,L,cb_intrinsic,19
18664,ER2_c,ER2_c_R,R,cb_intrinsic,84758,EPG,EPG(PB08)_L7,L,cb_intrinsic,19
20883,ER2_c,ER2_c_R,R,cb_intrinsic,520812,EPG,EPG(PB08)_R8,R,cb_intrinsic,19
20253,ER2_a,ER2_a_R,R,cb_intrinsic,520812,EPG,EPG(PB08)_R8,R,cb_intrinsic,19
16818,ER4d,ER4d_R,R,cb_intrinsic,520812,EPG,EPG(PB08)_R8,R,cb_intrinsic,19
523788,ER3w_a,ER3w_a_R,R,cb_intrinsic,513284,EPG,EPG(PB08)_R3,R,cb_intrinsic,19
522745,ER2_c,ER2_c_L,L,cb_intrinsic,513284,EPG,EPG(PB08)_R3,R,cb_intrinsic,19
518690,ER1_b,ER1_b_R,R,cb_intrinsic,513284,EPG,EPG(PB08)_R3,R,cb_intrinsic,19
512319,ER6,ER6_L,L,cb_intrinsic,513284,EPG,EPG(PB08)_R3,R,cb_intrinsic,19
37817,ER3d_e,ER3d_e_R,R,cb_intrinsic,513284,EPG,EPG(PB08)_R3,R,cb_intrinsic,19
21645,ER2_a,ER2_a_L,L,cb_intrinsic,513284,EPG,EPG(PB08)_R3,R,cb_intrinsic,19
17679,ER2_d,ER2_d_R,R,cb_intrinsic,513284,EPG,EPG(PB08)_R3,R,cb_intrinsic,19
516110,ER6,ER6_R,R,cb_intrinsic,556346,EPG,EPG(PB08)_L6,L,cb_intrinsic,19
515761,ER3p_a,ER3p_a_R,R,cb_intrinsic,556346,EPG,EPG(PB08)_L6,L,cb_intrinsic,19
31088,ER3p_a,ER3p_a_R,R,cb_intrinsic,556346,EPG,EPG(PB08)_L6,L,cb_intrinsic,19
25841,ER3w_b,ER3w_b_L,L,cb_intrinsic,523786,EPG,EPG(PB08)_R4,R,cb_intrinsic,19
20559,ER2_a,ER2_a_L,L,cb_intrinsic,523786,EPG,EPG(PB08)_R4,R,cb_intrinsic,19
19425,ER2_c,ER2_c_R,R,cb_intrinsic,523786,EPG,EPG(PB08)_R4,R,cb_intrinsic,19
19323,ER4d,ER4d_R,R,cb_intrinsic,523786,EPG,EPG(PB08)_R4,R,cb_intrinsic,19
15444,ER2_d,ER2_d_L,L,cb_intrinsic,523786,EPG,EPG(PB08)_R4,R,cb_intrinsic,19
43683,ER3w_a,ER3w_a_R,R,cb_intrinsic,11987,EPG,EPG(PB08)_R5,R,cb_intrinsic,19
527653,ER4d,ER4d_L,L,cb_intrinsic,513033,EPG,EPG(PB08)_L8,L,cb_intrinsic,19
36524,ER2_a,ER2_a_L,L,cb_intrinsic,513033,EPG,EPG(PB08)_L8,L,cb_intrinsic,19
25709,ER2_c,ER2_c_L,L,cb_intrinsic,513033,EPG,EPG(PB08)_L8,L,cb_intrinsic,19
23097,ER2_a,ER2_a_L,L,cb_intrinsic,513033,EPG,EPG(PB08)_L8,L,cb_intrinsic,19
21179,ER2_a,ER2_a_R,R,cb_intrinsic,513033,EPG,EPG(PB08)_L8,L,cb_intrinsic,19
24879,ER4d,ER4d_L,L,cb_intrinsic,131313,EPG,EPG(PB08)_R6,R,cb_intrinsic,19
19900,ER2_c,ER2_c_L,L,cb_intrinsic,131313,EPG,EPG(PB08)_R6,R,cb_intrinsic,19
19355,ER2_c,ER2_c_R,R,cb_intrinsic,131313,EPG,EPG(PB08)_R6,R,cb_intrinsic,19
18664,ER2_c,ER2_c_R,R,cb_intrinsic,131313,EPG,EPG(PB08)_R6,R,cb_intrinsic,19
522745,ER2_c,ER2_c_L,L,cb_intrinsic,513517,EPG,EPG(PB08)_L4,L,cb_intrinsic,19
517264,ER3w_a,ER3w_a_R,R,cb_intrinsic,513517,EPG,EPG(PB08)_L4,L,cb_intrinsic,19
50808,ER4d,ER4d_L,L,cb_intrinsic,513517,EPG,EPG(PB08)_L4,L,cb_intrinsic,19
20664,ER2_a,ER2_a_R,R,cb_intrinsic,513517,EPG,EPG(PB08)_L4,L,cb_intrinsic,19
20559,ER2_a,ER2_a_L,L,cb_intrinsic,513517,EPG,EPG(PB08)_L4,L,cb_intrinsic,19
517602,ER3p_a,ER3p_a_R,R,cb_intrinsic,556347,EPG,EPG(PB08)_R4,R,cb_intrinsic,19
45134,ER3p_b,ER3p_b_L,L,cb_intrinsic,556347,EPG,EPG(PB08)_R4,R,cb_intrinsic,19
44010,ER3w_b,ER3w_b_L,L,cb_intrinsic,556347,EPG,EPG(PB08)_R4,R,cb_intrinsic,19
29545,ER3w_b,ER3w_b_R,R,cb_intrinsic,556347,EPG,EPG(PB08)_R4,R,cb_intrinsic,19
527653,ER4d,ER4d_L,L,cb_intrinsic,513463,EPG,EPG(PB08)_R2,R,cb_intrinsic,19
25709,ER2_c,ER2_c_L,L,cb_intrinsic,513463,EPG,EPG(PB08)_R2,R,cb_intrinsic,19
23315,ER4d,ER4d_L,L,cb_intrinsic,513463,EPG,EPG(PB08)_R2,R,cb_intrinsic,19
19569,ER2_c,ER2_c_R,R,cb_intrinsic,513463,EPG,EPG(PB08)_R2,R,cb_intrinsic,19
21277,ER2_a,ER2_a_R,R,cb_intrinsic,520818,EPG,EPG(PB08)_L4,L,cb_intrinsic,19
523788,ER3w_a,ER3w_a_R,R,cb_intrinsic,12449,EPG,EPG(PB08)_L5,L,cb_intrinsic,19
39503,ER3p_a,ER3p_a_L,L,cb_intrinsic,12449,EPG,EPG(PB08)_L5,L,cb_intrinsic,19
26843,ER3w_b,ER3w_b_R,R,cb_intrinsic,12449,EPG,EPG(PB08)_L5,L,cb_intrinsic,19
25359,ER3p_a,ER3p_a_R,R,cb_intrinsic,12449,EPG,EPG(PB08)_L5,L,cb_intrinsic,19
17679,ER2_d,ER2_d_R,R,cb_intrinsic,12449,EPG,EPG(PB08)_L5,L,cb_intrinsic,19
517264,ER3w_a,ER3w_a_R,R,cb_intrinsic,10539,EPG,EPG(PB08)_R2,R,cb_intrinsic,19
26136,ER2_b,ER2_b_R,R,cb_intrinsic,10539,EPG,EPG(PB08)_R2,R,cb_intrinsic,19
20559,ER2_a,ER2_a_L,L,cb_intrinsic,10539,EPG,EPG(PB08)_R2,R,cb_intrinsic,19
11933,ER2_c,ER2_c_R,R,cb_intrinsic,10539,EPG,EPG(PB08)_R2,R,cb_intrinsic,19
524075,ER2_d,ER2_d_L,L,cb_intrinsic,14727,EPG,EPG(PB08)_L7,L,cb_intrinsic,19
23080,ER4d,ER4d_R,R,cb_intrinsic,14727,EPG,EPG(PB08)_L7,L,cb_intrinsic,19
517602,ER3p_a,ER3p_a_R,R,cb_intrinsic,519140,EPG,EPG(PB08)_L1,L,cb_intrinsic,19
512607,ER3p_a,ER3p_a_R,R,cb_intrinsic,519140,EPG,EPG(PB08)_L1,L,cb_intrinsic,19
47271,ER3p_a,ER3p_a_L,L,cb_intrinsic,519140,EPG,EPG(PB08)_L1,L,cb_intrinsic,19
36524,ER2_a,ER2_a_L,L,cb_intrinsic,519140,EPG,EPG(PB08)_L1,L,cb_intrinsic,19
25501,ER3w_b,ER3w_b_L,L,cb_intrinsic,519140,EPG,EPG(PB08)_L1,L,cb_intrinsic,19
20253,ER2_a,ER2_a_R,R,cb_intrinsic,519140,EPG,EPG(PB08)_L1,L,cb_intrinsic,19
19900,ER2_c,ER2_c_L,L,cb_intrinsic,519140,EPG,EPG(PB08)_L1,L,cb_intrinsic,19
522745,ER2_c,ER2_c_L,L,cb_intrinsic,15616,EPG,EPG(PB08)_R3,R,cb_intrinsic,19
512606,ER3w_c,ER3w_c_L,L,cb_intrinsic,15616,EPG,EPG(PB08)_R3,R,cb_intrinsic,19
69319,ER1_a,ER1_a_R,R,cb_intrinsic,15616,EPG,EPG(PB08)_R3,R,cb_intrinsic,19
49378,ER3d_c,ER3d_c_R,R,cb_intrinsic,15616,EPG,EPG(PB08)_R3,R,cb_intrinsic,19
39095,ER1_a,ER1_a_L,L,cb_intrinsic,15616,EPG,EPG(PB08)_R3,R,cb_intrinsic,19
29545,ER3w_b,ER3w_b_R,R,cb_intrinsic,15616,EPG,EPG(PB08)_R3,R,cb_intrinsic,19
26843,ER3w_b,ER3w_b_R,R,cb_intrinsic,15616,EPG,EPG(PB08)_R3,R,cb_intrinsic,19
20883,ER2_c,ER2_c_R,R,cb_intrinsic,15616,EPG,EPG(PB08)_R3,R,cb_intrinsic,19
20664,ER2_a,ER2_a_R,R,cb_intrinsic,15616,EPG,EPG(PB08)_R3,R,cb_intrinsic,19
18664,ER2_c,ER2_c_R,R,cb_intrinsic,15616,EPG,EPG(PB08)_R3,R,cb_intrinsic,19
517602,ER3p_a,ER3p_a_R,R,cb_intrinsic,515675,EPG,EPG(PB08)_R1,R,cb_intrinsic,19
514042,ER2_b,ER2_b_L,L,cb_intrinsic,515675,EPG,EPG(PB08)_R1,R,cb_intrinsic,19
26136,ER2_b,ER2_b_R,R,cb_intrinsic,515675,EPG,EPG(PB08)_R1,R,cb_intrinsic,19
20980,ER4d,ER4d_R,R,cb_intrinsic,515675,EPG,EPG(PB08)_R1,R,cb_intrinsic,19
20678,ER2_d,ER2_d_R,R,cb_intrinsic,515675,EPG,EPG(PB08)_R1,R,cb_intrinsic,19
20590,ER2_a,ER2_a_R,R,cb_intrinsic,515675,EPG,EPG(PB08)_R1,R,cb_intrinsic,19
20317,ER2_c,ER2_c_L,L,cb_intrinsic,515675,EPG,EPG(PB08)_R1,R,cb_intrinsic,19
19807,ER2_c,ER2_c_L,L,cb_intrinsic,515675,EPG,EPG(PB08)_R1,R,cb_intrinsic,19
19569,ER2_c,ER2_c_R,R,cb_intrinsic,515675,EPG,EPG(PB08)_R1,R,cb_intrinsic,19
15444,ER2_d,ER2_d_L,L,cb_intrinsic,515675,EPG,EPG(PB08)_R1,R,cb_intrinsic,19
13094,ER4d,ER4d_R,R,cb_intrinsic,515675,EPG,EPG(PB08)_R1,R,cb_intrinsic,19
29545,ER3w_b,ER3w_b_R,R,cb_intrinsic,514126,EPG,EPG(PB08)_R5,R,cb_intrinsic,19
21752,ER2_c,ER2_c_L,L,cb_intrinsic,514126,EPG,EPG(PB08)_R5,R,cb_intrinsic,19
21645,ER2_a,ER2_a_L,L,cb_intrinsic,514126,EPG,EPG(PB08)_R5,R,cb_intrinsic,19
511857,ER1_c,ER1_c_L,L,cb_intrinsic,513520,EPG,EPG(PB08)_R6,R,cb_intrinsic,19
25359,ER3p_a,ER3p_a_R,R,cb_intrinsic,513520,EPG,EPG(PB08)_R6,R,cb_intrinsic,19
18508,ER2_c,ER2_c_L,L,cb_intrinsic,513520,EPG,EPG(PB08)_R6,R,cb_intrinsic,19
529207,ER3p_a,ER3p_a_R,R,cb_intrinsic,11874,EPG,EPG(PB08)_L7,L,cb_intrinsic,19
513346,ER3w_b,ER3w_b_R,R,cb_intrinsic,11874,EPG,EPG(PB08)_L7,L,cb_intrinsic,19
46341,ER3w_b,ER3w_b_L,L,cb_intrinsic,11874,EPG,EPG(PB08)_L7,L,cb_intrinsic,19
27850,ER3w_b,ER3w_b_R,R,cb_intrinsic,11874,EPG,EPG(PB08)_L7,L,cb_intrinsic,19
27043,ER3w_c,ER3w_c_R,R,cb_intrinsic,11874,EPG,EPG(PB08)_L7,L,cb_intrinsic,19
21449,ER2_c,ER2_c_R,R,cb_intrinsic,11874,EPG,EPG(PB08)_L7,L,cb_intrinsic,19
19425,ER2_c,ER2_c_R,R,cb_intrinsic,11874,EPG,EPG(PB08)_L7,L,cb_intrinsic,19
16818,ER4d,ER4d_R,R,cb_intrinsic,11874,EPG,EPG(PB08)_L7,L,cb_intrinsic,19
524075,ER2_d,ER2_d_L,L,cb_intrinsic,512514,EPG,EPG(PB08)_L1,L,cb_intrinsic,19
48291,ER3w_b,ER3w_b_L,L,cb_intrinsic,512514,EPG,EPG(PB08)_L1,L,cb_intrinsic,19
44010,ER3w_b,ER3w_b_L,L,cb_intrinsic,512514,EPG,EPG(PB08)_L1,L,cb_intrinsic,19
13999,ER3w_c,ER3w_c_R,R,cb_intrinsic,512514,EPG,EPG(PB08)_L1,L,cb_intrinsic,19
11933,ER2_c,ER2_c_R,R,cb_intrinsic,512514,EPG,EPG(PB08)_L1,L,cb_intrinsic,19
517059,ER2_a,ER2_a_L,L,cb_intrinsic,88342,EPG,EPG(PB08)_L3,L,cb_intrinsic,19
513678,ER3w_b,ER3w_b_R,R,cb_intrinsic,88342,EPG,EPG(PB08)_L3,L,cb_intrinsic,19
49002,ER3p_a,ER3p_a_L,L,cb_intrinsic,88342,EPG,EPG(PB08)_L3,L,cb_intrinsic,19
517059,ER2_a,ER2_a_L,L,cb_intrinsic,15713,EPG,EPG(PB08)_L6,L,cb_intrinsic,19
50888,ER2_c,ER2_c_L,L,cb_intrinsic,15713,EPG,EPG(PB08)_L6,L,cb_intrinsic,19
19410,ER4d,ER4d_L,L,cb_intrinsic,15713,EPG,EPG(PB08)_L6,L,cb_intrinsic,19
16818,ER4d,ER4d_R,R,cb_intrinsic,520581,EPG,EPG(PB08)_R4,R,cb_intrinsic,19
529207,ER3p_a,ER3p_a_R,R,cb_intrinsic,13217,EPG,EPG(PB08)_L8,L,cb_intrinsic,19
526143,ER3w_b,ER3w_b_L,L,cb_intrinsic,13217,EPG,EPG(PB08)_L8,L,cb_intrinsic,19
522745,ER2_c,ER2_c_L,L,cb_intrinsic,13217,EPG,EPG(PB08)_L8,L,cb_intrinsic,19
517059,ER2_a,ER2_a_L,L,cb_intrinsic,13217,EPG,EPG(PB08)_L8,L,cb_intrinsic,19
46341,ER3w_b,ER3w_b_L,L,cb_intrinsic,13217,EPG,EPG(PB08)_L8,L,cb_intrinsic,19
28339,ER4d,ER4d_R,R,cb_intrinsic,13217,EPG,EPG(PB08)_L8,L,cb_intrinsic,19
27806,ER3p_a,ER3p_a_R,R,cb_intrinsic,13217,EPG,EPG(PB08)_L8,L,cb_intrinsic,19
19900,ER2_c,ER2_c_L,L,cb_intrinsic,13217,EPG,EPG(PB08)_L8,L,cb_intrinsic,19
512606,ER3w_c,ER3w_c_L,L,cb_intrinsic,92188,EPG,EPG(PB08)_R7,R,cb_intrinsic,19
46341,ER3w_b,ER3w_b_L,L,cb_intrinsic,92188,EPG,EPG(PB08)_R7,R,cb_intrinsic,19
44010,ER3w_b,ER3w_b_L,L,cb_intrinsic,92188,EPG,EPG(PB08)_R7,R,cb_intrinsic,19
31088,ER3p_a,ER3p_a_R,R,cb_intrinsic,92188,EPG,EPG(PB08)_R7,R,cb_intrinsic,19
21752,ER2_c,ER2_c_L,L,cb_intrinsic,92188,EPG,EPG(PB08)_R7,R,cb_intrinsic,19
16440,ER4m,ER4m_L,L,cb_intrinsic,92188,EPG,EPG(PB08)_R7,R,cb_intrinsic,19
14464,ER6,ER6_L,L,cb_intrinsic,92188,EPG,EPG(PB08)_R7,R,cb_intrinsic,19
13999,ER3w_c,ER3w_c_R,R,cb_intrinsic,92188,EPG,EPG(PB08)_R7,R,cb_intrinsic,19
11933,ER2_c,ER2_c_R,R,cb_intrinsic,92188,EPG,EPG(PB08)_R7,R,cb_intrinsic,19
522745,ER2_c,ER2_c_L,L,cb_intrinsic,521812,EPG,EPG(PB08)_R7,R,cb_intrinsic,19
19900,ER2_c,ER2_c_L,L,cb_intrinsic,521812,EPG,EPG(PB08)_R7,R,cb_intrinsic,19
523788,ER3w_a,ER3w_a_R,R,cb_intrinsic,521813,EPG,EPG(PB08)_L2,L,cb_intrinsic,19
517059,ER2_a,ER2_a_L,L,cb_intrinsic,521813,EPG,EPG(PB08)_L2,L,cb_intrinsic,19
25709,ER2_c,ER2_c_L,L,cb_intrinsic,521813,EPG,EPG(PB08)_L2,L,cb_intrinsic,19
24459,ER4d,ER4d_L,L,cb_intrinsic,521813,EPG,EPG(PB08)_L2,L,cb_intrinsic,19
23097,ER2_a,ER2_a_L,L,cb_intrinsic,521813,EPG,EPG(PB08)_L2,L,cb_intrinsic,19
19425,ER2_c,ER2_c_R,R,cb_intrinsic,521813,EPG,EPG(PB08)_L2,L,cb_intrinsic,19
18733,ER2_c,ER2_c_L,L,cb_intrinsic,521813,EPG,EPG(PB08)_L2,L,cb_intrinsic,19
15444,ER2_d,ER2_d_L,L,cb_intrinsic,521813,EPG,EPG(PB08)_L2,L,cb_intrinsic,19
529207,ER3p_a,ER3p_a_R,R,cb_intrinsic,512513,EPG,EPG(PB08)_R1,R,cb_intrinsic,19
524075,ER2_d,ER2_d_L,L,cb_intrinsic,512513,EPG,EPG(PB08)_R1,R,cb_intrinsic,19
46242,ER3w_a,ER3w_a_L,L,cb_intrinsic,512513,EPG,EPG(PB08)_R1,R,cb_intrinsic,19
34607,ER4d,ER4d_L,L,cb_intrinsic,512513,EPG,EPG(PB08)_R1,R,cb_intrinsic,19
27043,ER3w_c,ER3w_c_R,R,cb_intrinsic,512513,EPG,EPG(PB08)_R1,R,cb_intrinsic,19
25709,ER2_c,ER2_c_L,L,cb_intrinsic,512513,EPG,EPG(PB08)_R1,R,cb_intrinsic,19
18733,ER2_c,ER2_c_L,L,cb_intrinsic,512513,EPG,EPG(PB08)_R1,R,cb_intrinsic,19
18664,ER2_c,ER2_c_R,R,cb_intrinsic,512513,EPG,EPG(PB08)_R1,R,cb_intrinsic,19
48291,ER3w_b,ER3w_b_L,L,cb_intrinsic,519941,EPG,EPG(PB08)_L3,L,cb_intrinsic,18
26798,ER1_a,ER1_a_L,L,cb_intrinsic,519941,EPG,EPG(PB08)_L3,L,cb_intrinsic,18
21645,ER2_a,ER2_a_L,L,cb_intrinsic,519941,EPG,EPG(PB08)_L3,L,cb_intrinsic,18
21277,ER2_a,ER2_a_R,R,cb_intrinsic,519941,EPG,EPG(PB08)_L3,L,cb_intrinsic,18
20590,ER2_a,ER2_a_R,R,cb_intrinsic,519941,EPG,EPG(PB08)_L3,L,cb_intrinsic,18
17679,ER2_d,ER2_d_R,R,cb_intrinsic,519941,EPG,EPG(PB08)_L3,L,cb_intrinsic,18
16598,ER3w_b,ER3w_b_R,R,cb_intrinsic,519941,EPG,EPG(PB08)_L3,L,cb_intrinsic,18
12357,ER2_c,ER2_c_L,L,cb_intrinsic,519941,EPG,EPG(PB08)_L3,L,cb_intrinsic,18
21179,ER2_a,ER2_a_R,R,cb_intrinsic,11989,EPG,EPG(PB08)_L5,L,cb_intrinsic,18
20678,ER2_d,ER2_d_R,R,cb_intrinsic,11989,EPG,EPG(PB08)_L5,L,cb_intrinsic,18
18508,ER2_c,ER2_c_L,L,cb_intrinsic,11989,EPG,EPG(PB08)_L5,L,cb_intrinsic,18
17591,ER4d,ER4d_R,R,cb_intrinsic,11989,EPG,EPG(PB08)_L5,L,cb_intrinsic,18
515761,ER3p_a,ER3p_a_R,R,cb_intrinsic,107195,EPG,EPG(PB08)_L5,L,cb_intrinsic,18
513678,ER3w_b,ER3w_b_R,R,cb_intrinsic,107195,EPG,EPG(PB08)_L5,L,cb_intrinsic,18
27850,ER3w_b,ER3w_b_R,R,cb_intrinsic,107195,EPG,EPG(PB08)_L5,L,cb_intrinsic,18
25447,ER3w_c,ER3w_c_R,R,cb_intrinsic,107195,EPG,EPG(PB08)_L5,L,cb_intrinsic,18
25359,ER3p_a,ER3p_a_R,R,cb_intrinsic,107195,EPG,EPG(PB08)_L5,L,cb_intrinsic,18
20664,ER2_a,ER2_a_R,R,cb_intrinsic,107195,EPG,EPG(PB08)_L5,L,cb_intrinsic,18
526552,ER3w_b,ER3w_b_R,R,cb_intrinsic,519328,EPG,EPG(PB08)_L3,L,cb_intrinsic,18
518690,ER1_b,ER1_b_R,R,cb_intrinsic,519328,EPG,EPG(PB08)_L3,L,cb_intrinsic,18
43683,ER3w_a,ER3w_a_R,R,cb_intrinsic,519328,EPG,EPG(PB08)_L3,L,cb_intrinsic,18
32315,ER1_a,ER1_a_L,L,cb_intrinsic,519328,EPG,EPG(PB08)_L3,L,cb_intrinsic,18
24549,ER3w_c,ER3w_c_L,L,cb_intrinsic,519328,EPG,EPG(PB08)_L3,L,cb_intrinsic,18
518690,ER1_b,ER1_b_R,R,cb_intrinsic,512928,EPG,EPG(PB08)_R3,R,cb_intrinsic,18
517264,ER3w_a,ER3w_a_R,R,cb_intrinsic,512928,EPG,EPG(PB08)_R3,R,cb_intrinsic,18
512607,ER3p_a,ER3p_a_R,R,cb_intrinsic,512928,EPG,EPG(PB08)_R3,R,cb_intrinsic,18
25841,ER3w_b,ER3w_b_L,L,cb_intrinsic,512928,EPG,EPG(PB08)_R3,R,cb_intrinsic,18
23080,ER4d,ER4d_R,R,cb_intrinsic,512928,EPG,EPG(PB08)_R3,R,cb_intrinsic,18
21449,ER2_c,ER2_c_R,R,cb_intrinsic,512928,EPG,EPG(PB08)_R3,R,cb_intrinsic,18
21179,ER2_a,ER2_a_R,R,cb_intrinsic,512928,EPG,EPG(PB08)_R3,R,cb_intrinsic,18
20605,ER2_a,ER2_a_L,L,cb_intrinsic,512928,EPG,EPG(PB08)_R3,R,cb_intrinsic,18
20404,ER4d,ER4d_L,L,cb_intrinsic,512928,EPG,EPG(PB08)_R3,R,cb_intrinsic,18
19935,ER2_c,ER2_c_R,R,cb_intrinsic,512928,EPG,EPG(PB08)_R3,R,cb_intrinsic,18
19917,ER2_c,ER2_c_R,R,cb_intrinsic,512928,EPG,EPG(PB08)_R3,R,cb_intrinsic,18
13999,ER3w_c,ER3w_c_R,R,cb_intrinsic,512928,EPG,EPG(PB08)_R3,R,cb_intrinsic,18
12357,ER2_c,ER2_c_L,L,cb_intrinsic,512928,EPG,EPG(PB08)_R3,R,cb_intrinsic,18
522745,ER2_c,ER2_c_L,L,cb_intrinsic,14507,EPG,EPG(PB08)_R7,R,cb_intrinsic,18
46089,ER3p_a,ER3p_a_L,L,cb_intrinsic,14507,EPG,EPG(PB08)_R7,R,cb_intrinsic,18
46341,ER3w_b,ER3w_b_L,L,cb_intrinsic,524073,EPG,EPG(PB08)_L2,L,cb_intrinsic,18
25709,ER2_c,ER2_c_L,L,cb_intrinsic,524073,EPG,EPG(PB08)_L2,L,cb_intrinsic,18
20664,ER2_a,ER2_a_R,R,cb_intrinsic,524073,EPG,EPG(PB08)_L2,L,cb_intrinsic,18
19807,ER2_c,ER2_c_L,L,cb_intrinsic,524073,EPG,EPG(PB08)_L2,L,cb_intrinsic,18
17419,ER6,ER6_R,R,cb_intrinsic,524073,EPG,EPG(PB08)_L2,L,cb_intrinsic,18
514803,ER2_b,ER2_b_L,L,cb_intrinsic,519144,EPG,EPG(PB08)_L8,L,cb_intrinsic,18
27043,ER3w_c,ER3w_c_R,R,cb_intrinsic,519144,EPG,EPG(PB08)_L8,L,cb_intrinsic,18
20605,ER2_a,ER2_a_L,L,cb_intrinsic,519144,EPG,EPG(PB08)_L8,L,cb_intrinsic,18
19900,ER2_c,ER2_c_L,L,cb_intrinsic,519144,EPG,EPG(PB08)_L8,L,cb_intrinsic,18
18508,ER2_c,ER2_c_L,L,cb_intrinsic,519144,EPG,EPG(PB08)_L8,L,cb_intrinsic,18
513678,ER3w_b,ER3w_b_R,R,cb_intrinsic,512305,EPG,EPG(PB08)_R8,R,cb_intrinsic,18
50888,ER2_c,ER2_c_L,L,cb_intrinsic,512305,EPG,EPG(PB08)_R8,R,cb_intrinsic,18
46341,ER3w_b,ER3w_b_L,L,cb_intrinsic,512305,EPG,EPG(PB08)_R8,R,cb_intrinsic,18
25709,ER2_c,ER2_c_L,L,cb_intrinsic,512305,EPG,EPG(PB08)_R8,R,cb_intrinsic,18
19917,ER2_c,ER2_c_R,R,cb_intrinsic,512305,EPG,EPG(PB08)_R8,R,cb_intrinsic,18
18664,ER2_c,ER2_c_R,R,cb_intrinsic,512305,EPG,EPG(PB08)_R8,R,cb_intrinsic,18
46341,ER3w_b,ER3w_b_L,L,cb_intrinsic,513464,EPG,EPG(PB08)_R8,R,cb_intrinsic,18
21882,ER2_a,ER2_a_L,L,cb_intrinsic,513464,EPG,EPG(PB08)_R8,R,cb_intrinsic,18
20945,ER2_c,ER2_c_R,R,cb_intrinsic,513464,EPG,EPG(PB08)_R8,R,cb_intrinsic,18
20317,ER2_c,ER2_c_L,L,cb_intrinsic,513464,EPG,EPG(PB08)_R8,R,cb_intrinsic,18
25447,ER3w_c,ER3w_c_R,R,cb_intrinsic,19825,EPG,EPG(PB08)_R6,R,cb_intrinsic,18
19355,ER2_c,ER2_c_R,R,cb_intrinsic,19825,EPG,EPG(PB08)_R6,R,cb_intrinsic,18
26843,ER3w_b,ER3w_b_R,R,cb_intrinsic,11307,EPG,EPG(PB08)_L4,L,cb_intrinsic,18
25709,ER2_c,ER2_c_L,L,cb_intrinsic,11307,EPG,EPG(PB08)_L4,L,cb_intrinsic,18
512319,ER6,ER6_L,L,cb_intrinsic,11503,EPG,EPG(PB08)_R8,R,cb_intrinsic,18
36524,ER2_a,ER2_a_L,L,cb_intrinsic,11503,EPG,EPG(PB08)_R8,R,cb_intrinsic,18
25709,ER2_c,ER2_c_L,L,cb_intrinsic,11503,EPG,EPG(PB08)_R8,R,cb_intrinsic,18
24879,ER4d,ER4d_L,L,cb_intrinsic,11503,EPG,EPG(PB08)_R8,R,cb_intrinsic,18
21179,ER2_a,ER2_a_R,R,cb_intrinsic,11503,EPG,EPG(PB08)_R8,R,cb_intrinsic,18
18733,ER2_c,ER2_c_L,L,cb_intrinsic,11503,EPG,EPG(PB08)_R8,R,cb_intrinsic,18
517602,ER3p_a,ER3p_a_R,R,cb_intrinsic,84758,EPG,EPG(PB08)_L7,L,cb_intrinsic,18
36235,ER1_c,ER1_c_L,L,cb_intrinsic,84758,EPG,EPG(PB08)_L7,L,cb_intrinsic,18
50888,ER2_c,ER2_c_L,L,cb_intrinsic,520812,EPG,EPG(PB08)_R8,R,cb_intrinsic,18
25797,ER4d,ER4d_L,L,cb_intrinsic,520812,EPG,EPG(PB08)_R8,R,cb_intrinsic,18
19791,ER4d,ER4d_L,L,cb_intrinsic,520812,EPG,EPG(PB08)_R8,R,cb_intrinsic,18
18733,ER2_c,ER2_c_L,L,cb_intrinsic,520812,EPG,EPG(PB08)_R8,R,cb_intrinsic,18
16343,ER4d,ER4d_R,R,cb_intrinsic,520812,EPG,EPG(PB08)_R8,R,cb_intrinsic,18
14308,ER4m,ER4m_L,L,cb_intrinsic,520812,EPG,EPG(PB08)_R8,R,cb_intrinsic,18
526143,ER3w_b,ER3w_b_L,L,cb_intrinsic,513284,EPG,EPG(PB08)_R3,R,cb_intrinsic,18
39095,ER1_a,ER1_a_L,L,cb_intrinsic,513284,EPG,EPG(PB08)_R3,R,cb_intrinsic,18
34652,ER1_b,ER1_b_L,L,cb_intrinsic,513284,EPG,EPG(PB08)_R3,R,cb_intrinsic,18
26843,ER3w_b,ER3w_b_R,R,cb_intrinsic,513284,EPG,EPG(PB08)_R3,R,cb_intrinsic,18
26798,ER1_a,ER1_a_L,L,cb_intrinsic,513284,EPG,EPG(PB08)_R3,R,cb_intrinsic,18
26136,ER2_b,ER2_b_R,R,cb_intrinsic,513284,EPG,EPG(PB08)_R3,R,cb_intrinsic,18
25501,ER3w_b,ER3w_b_L,L,cb_intrinsic,513284,EPG,EPG(PB08)_R3,R,cb_intrinsic,18
24459,ER4d,ER4d_L,L,cb_intrinsic,513284,EPG,EPG(PB08)_R3,R,cb_intrinsic,18
23080,ER4d,ER4d_R,R,cb_intrinsic,513284,EPG,EPG(PB08)_R3,R,cb_intrinsic,18
21882,ER2_a,ER2_a_L,L,cb_intrinsic,513284,EPG,EPG(PB08)_R3,R,cb_intrinsic,18
20678,ER2_d,ER2_d_R,R,cb_intrinsic,513284,EPG,EPG(PB08)_R3,R,cb_intrinsic,18
19355,ER2_c,ER2_c_R,R,cb_intrinsic,513284,EPG,EPG(PB08)_R3,R,cb_intrinsic,18
18733,ER2_c,ER2_c_L,L,cb_intrinsic,513284,EPG,EPG(PB08)_R3,R,cb_intrinsic,18
16598,ER3w_b,ER3w_b_R,R,cb_intrinsic,513284,EPG,EPG(PB08)_R3,R,cb_intrinsic,18
25709,ER2_c,ER2_c_L,L,cb_intrinsic,556346,EPG,EPG(PB08)_L6,L,cb_intrinsic,18
11933,ER2_c,ER2_c_R,R,cb_intrinsic,556346,EPG,EPG(PB08)_L6,L,cb_intrinsic,18
517602,ER3p_a,ER3p_a_R,R,cb_intrinsic,523786,EPG,EPG(PB08)_R4,R,cb_intrinsic,18
517059,ER2_a,ER2_a_L,L,cb_intrinsic,523786,EPG,EPG(PB08)_R4,R,cb_intrinsic,18
50888,ER2_c,ER2_c_L,L,cb_intrinsic,523786,EPG,EPG(PB08)_R4,R,cb_intrinsic,18
20605,ER2_a,ER2_a_L,L,cb_intrinsic,523786,EPG,EPG(PB08)_R4,R,cb_intrinsic,18
14464,ER6,ER6_L,L,cb_intrinsic,523786,EPG,EPG(PB08)_R4,R,cb_intrinsic,18
13094,ER4d,ER4d_R,R,cb_intrinsic,523786,EPG,EPG(PB08)_R4,R,cb_intrinsic,18
36524,ER2_a,ER2_a_L,L,cb_intrinsic,11987,EPG,EPG(PB08)_R5,R,cb_intrinsic,18
25709,ER2_c,ER2_c_L,L,cb_intrinsic,11987,EPG,EPG(PB08)_R5,R,cb_intrinsic,18
20590,ER2_a,ER2_a_R,R,cb_intrinsic,11987,EPG,EPG(PB08)_R5,R,cb_intrinsic,18
517059,ER2_a,ER2_a_L,L,cb_intrinsic,513033,EPG,EPG(PB08)_L8,L,cb_intrinsic,18
514803,ER2_b,ER2_b_L,L,cb_intrinsic,513033,EPG,EPG(PB08)_L8,L,cb_intrinsic,18
28339,ER4d,ER4d_R,R,cb_intrinsic,513033,EPG,EPG(PB08)_L8,L,cb_intrinsic,18
19935,ER2_c,ER2_c_R,R,cb_intrinsic,513033,EPG,EPG(PB08)_L8,L,cb_intrinsic,18
18664,ER2_c,ER2_c_R,R,cb_intrinsic,513033,EPG,EPG(PB08)_L8,L,cb_intrinsic,18
512319,ER6,ER6_L,L,cb_intrinsic,19125,EPG,EPG(PB08)_R5,R,cb_intrinsic,18
45134,ER3p_b,ER3p_b_L,L,cb_intrinsic,19125,EPG,EPG(PB08)_R5,R,cb_intrinsic,18
37058,ER1_b,ER1_b_R,R,cb_intrinsic,19125,EPG,EPG(PB08)_R5,R,cb_intrinsic,18
27850,ER3w_b,ER3w_b_R,R,cb_intrinsic,19125,EPG,EPG(PB08)_R5,R,cb_intrinsic,18
27770,ER3w_b,ER3w_b_R,R,cb_intrinsic,19125,EPG,EPG(PB08)_R5,R,cb_intrinsic,18
20253,ER2_a,ER2_a_R,R,cb_intrinsic,19125,EPG,EPG(PB08)_R5,R,cb_intrinsic,18
18508,ER2_c,ER2_c_L,L,cb_intrinsic,19125,EPG,EPG(PB08)_R5,R,cb_intrinsic,18
20883,ER2_c,ER2_c_R,R,cb_intrinsic,131313,EPG,EPG(PB08)_R6,R,cb_intrinsic,18
15444,ER2_d,ER2_d_L,L,cb_intrinsic,131313,EPG,EPG(PB08)_R6,R,cb_intrinsic,18
50007,ER3p_a,ER3p_a_L,L,cb_intrinsic,513517,EPG,EPG(PB08)_L4,L,cb_intrinsic,18
48291,ER3w_b,ER3w_b_L,L,cb_intrinsic,513517,EPG,EPG(PB08)_L4,L,cb_intrinsic,18
32315,ER1_a,ER1_a_L,L,cb_intrinsic,513517,EPG,EPG(PB08)_L4,L,cb_intrinsic,18
27043,ER3w_c,ER3w_c_R,R,cb_intrinsic,513517,EPG,EPG(PB08)_L4,L,cb_intrinsic,18
21449,ER2_c,ER2_c_R,R,cb_intrinsic,513517,EPG,EPG(PB08)_L4,L,cb_intrinsic,18
20980,ER4d,ER4d_R,R,cb_intrinsic,513517,EPG,EPG(PB08)_L4,L,cb_intrinsic,18
20883,ER2_c,ER2_c_R,R,cb_intrinsic,513517,EPG,EPG(PB08)_L4,L,cb_intrinsic,18
20678,ER2_d,ER2_d_R,R,cb_intrinsic,513517,EPG,EPG(PB08)_L4,L,cb_intrinsic,18
20253,ER2_a,ER2_a_R,R,cb_intrinsic,513517,EPG,EPG(PB08)_L4,L,cb_intrinsic,18
19900,ER2_c,ER2_c_L,L,cb_intrinsic,513517,EPG,EPG(PB08)_L4,L,cb_intrinsic,18
53745,ER3p_a,ER3p_a_L,L,cb_intrinsic,521409,EPG,EPG(PB08)_L8,L,cb_intrinsic,18
27850,ER3w_b,ER3w_b_R,R,cb_intrinsic,521409,EPG,EPG(PB08)_L8,L,cb_intrinsic,18
23097,ER2_a,ER2_a_L,L,cb_intrinsic,521409,EPG,EPG(PB08)_L8,L,cb_intrinsic,18
18733,ER2_c,ER2_c_L,L,cb_intrinsic,521409,EPG,EPG(PB08)_L8,L,cb_intrinsic,18
50888,ER2_c,ER2_c_L,L,cb_intrinsic,513463,EPG,EPG(PB08)_R2,R,cb_intrinsic,18
46089,ER3p_a,ER3p_a_L,L,cb_intrinsic,513463,EPG,EPG(PB08)_R2,R,cb_intrinsic,18
34607,ER4d,ER4d_L,L,cb_intrinsic,513463,EPG,EPG(PB08)_R2,R,cb_intrinsic,18
28339,ER4d,ER4d_R,R,cb_intrinsic,513463,EPG,EPG(PB08)_R2,R,cb_intrinsic,18
19425,ER2_c,ER2_c_R,R,cb_intrinsic,513463,EPG,EPG(PB08)_R2,R,cb_intrinsic,18
12357,ER2_c,ER2_c_L,L,cb_intrinsic,513463,EPG,EPG(PB08)_R2,R,cb_intrinsic,18
23097,ER2_a,ER2_a_L,L,cb_intrinsic,520818,EPG,EPG(PB08)_L4,L,cb_intrinsic,18
17679,ER2_d,ER2_d_R,R,cb_intrinsic,520818,EPG,EPG(PB08)_L4,L,cb_intrinsic,18
529207,ER3p_a,ER3p_a_R,R,cb_intrinsic,12449,EPG,EPG(PB08)_L5,L,cb_intrinsic,18
515761,ER3p_a,ER3p_a_R,R,cb_intrinsic,12449,EPG,EPG(PB08)_L5,L,cb_intrinsic,18
50007,ER3p_a,ER3p_a_L,L,cb_intrinsic,12449,EPG,EPG(PB08)_L5,L,cb_intrinsic,18
46341,ER3w_b,ER3w_b_L,L,cb_intrinsic,12449,EPG,EPG(PB08)_L5,L,cb_intrinsic,18
29545,ER3w_b,ER3w_b_R,R,cb_intrinsic,12449,EPG,EPG(PB08)_L5,L,cb_intrinsic,18
18377,ER3w_b,ER3w_b_L,L,cb_intrinsic,12449,EPG,EPG(PB08)_L5,L,cb_intrinsic,18
515761,ER3p_a,ER3p_a_R,R,cb_intrinsic,10539,EPG,EPG(PB08)_R2,R,cb_intrinsic,18
23315,ER4d,ER4d_L,L,cb_intrinsic,10539,EPG,EPG(PB08)_R2,R,cb_intrinsic,18
21882,ER2_a,ER2_a_L,L,cb_intrinsic,10539,EPG,EPG(PB08)_R2,R,cb_intrinsic,18
21752,ER2_c,ER2_c_L,L,cb_intrinsic,10539,EPG,EPG(PB08)_R2,R,cb_intrinsic,18
19917,ER2_c,ER2_c_R,R,cb_intrinsic,10539,EPG,EPG(PB08)_R2,R,cb_intrinsic,18
13395,ER4m,ER4m_R,R,cb_intrinsic,10539,EPG,EPG(PB08)_R2,R,cb_intrinsic,18
523816,ER1_b,ER1_b_L,L,cb_intrinsic,14727,EPG,EPG(PB08)_L7,L,cb_intrinsic,18
516110,ER6,ER6_R,R,cb_intrinsic,14727,EPG,EPG(PB08)_L7,L,cb_intrinsic,18
21882,ER2_a,ER2_a_L,L,cb_intrinsic,14727,EPG,EPG(PB08)_L7,L,cb_intrinsic,18
21449,ER2_c,ER2_c_R,R,cb_intrinsic,14727,EPG,EPG(PB08)_L7,L,cb_intrinsic,18
19425,ER2_c,ER2_c_R,R,cb_intrinsic,14727,EPG,EPG(PB08)_L7,L,cb_intrinsic,18
526143,ER3w_b,ER3w_b_L,L,cb_intrinsic,519140,EPG,EPG(PB08)_L1,L,cb_intrinsic,18
49002,ER3p_a,ER3p_a_L,L,cb_intrinsic,519140,EPG,EPG(PB08)_L1,L,cb_intrinsic,18
25359,ER3p_a,ER3p_a_R,R,cb_intrinsic,519140,EPG,EPG(PB08)_L1,L,cb_intrinsic,18
21645,ER2_a,ER2_a_L,L,cb_intrinsic,519140,EPG,EPG(PB08)_L1,L,cb_intrinsic,18
21179,ER2_a,ER2_a_R,R,cb_intrinsic,519140,EPG,EPG(PB08)_L1,L,cb_intrinsic,18
20678,ER2_d,ER2_d_R,R,cb_intrinsic,519140,EPG,EPG(PB08)_L1,L,cb_intrinsic,18
20317,ER2_c,ER2_c_L,L,cb_intrinsic,519140,EPG,EPG(PB08)_L1,L,cb_intrinsic,18
19425,ER2_c,ER2_c_R,R,cb_intrinsic,519140,EPG,EPG(PB08)_L1,L,cb_intrinsic,18
18733,ER2_c,ER2_c_L,L,cb_intrinsic,519140,EPG,EPG(PB08)_L1,L,cb_intrinsic,18
18377,ER3w_b,ER3w_b_L,L,cb_intrinsic,519140,EPG,EPG(PB08)_L1,L,cb_intrinsic,18
12357,ER2_c,ER2_c_L,L,cb_intrinsic,519140,EPG,EPG(PB08)_L1,L,cb_intrinsic,18
514042,ER2_b,ER2_b_L,L,cb_intrinsic,15616,EPG,EPG(PB08)_R3,R,cb_intrinsic,18
23703,ER1_b,ER1_b_R,R,cb_intrinsic,15616,EPG,EPG(PB08)_R3,R,cb_intrinsic,18
23097,ER2_a,ER2_a_L,L,cb_intrinsic,15616,EPG,EPG(PB08)_R3,R,cb_intrinsic,18
12357,ER2_c,ER2_c_L,L,cb_intrinsic,15616,EPG,EPG(PB08)_R3,R,cb_intrinsic,18
19917,ER2_c,ER2_c_R,R,cb_intrinsic,16360,EPG,EPG(PB08)_L6,L,cb_intrinsic,18
19900,ER2_c,ER2_c_L,L,cb_intrinsic,16360,EPG,EPG(PB08)_L6,L,cb_intrinsic,18
19807,ER2_c,ER2_c_L,L,cb_intrinsic,16360,EPG,EPG(PB08)_L6,L,cb_intrinsic,18
526143,ER3w_b,ER3w_b_L,L,cb_intrinsic,515675,EPG,EPG(PB08)_R1,R,cb_intrinsic,18
512607,ER3p_a,ER3p_a_R,R,cb_intrinsic,515675,EPG,EPG(PB08)_R1,R,cb_intrinsic,18
24076,ER4d,ER4d_R,R,cb_intrinsic,515675,EPG,EPG(PB08)_R1,R,cb_intrinsic,18
22461,ER4d,ER4d_R,R,cb_intrinsic,515675,EPG,EPG(PB08)_R1,R,cb_intrinsic,18
21059,ER2_d,ER2_d_R,R,cb_intrinsic,515675,EPG,EPG(PB08)_R1,R,cb_intrinsic,18
18508,ER2_c,ER2_c_L,L,cb_intrinsic,515675,EPG,EPG(PB08)_R1,R,cb_intrinsic,18
17679,ER2_d,ER2_d_R,R,cb_intrinsic,515675,EPG,EPG(PB08)_R1,R,cb_intrinsic,18
27806,ER3p_a,ER3p_a_R,R,cb_intrinsic,514126,EPG,EPG(PB08)_R5,R,cb_intrinsic,18
20590,ER2_a,ER2_a_R,R,cb_intrinsic,514126,EPG,EPG(PB08)_R5,R,cb_intrinsic,18
45134,ER3p_b,ER3p_b_L,L,cb_intrinsic,11874,EPG,EPG(PB08)_L7,L,cb_intrinsic,18
23520,ER4d,ER4d_L,L,cb_intrinsic,11874,EPG,EPG(PB08)_L7,L,cb_intrinsic,18
23080,ER4d,ER4d_R,R,cb_intrinsic,11874,EPG,EPG(PB08)_L7,L,cb_intrinsic,18
22461,ER4d,ER4d_R,R,cb_intrinsic,11874,EPG,EPG(PB08)_L7,L,cb_intrinsic,18
19410,ER4d,ER4d_L,L,cb_intrinsic,11874,EPG,EPG(PB08)_L7,L,cb_intrinsic,18
13094,ER4d,ER4d_R,R,cb_intrinsic,11874,EPG,EPG(PB08)_L7,L,cb_intrinsic,18
39503,ER3p_a,ER3p_a_L,L,cb_intrinsic,512514,EPG,EPG(PB08)_L1,L,cb_intrinsic,18
27850,ER3w_b,ER3w_b_R,R,cb_intrinsic,512514,EPG,EPG(PB08)_L1,L,cb_intrinsic,18
25447,ER3w_c,ER3w_c_R,R,cb_intrinsic,512514,EPG,EPG(PB08)_L1,L,cb_intrinsic,18
25297,ER3w_a,ER3w_a_R,R,cb_intrinsic,512514,EPG,EPG(PB08)_L1,L,cb_intrinsic,18
21752,ER2_c,ER2_c_L,L,cb_intrinsic,512514,EPG,EPG(PB08)_L1,L,cb_intrinsic,18
20678,ER2_d,ER2_d_R,R,cb_intrinsic,512514,EPG,EPG(PB08)_L1,L,cb_intrinsic,18
20559,ER2_a,ER2_a_L,L,cb_intrinsic,512514,EPG,EPG(PB08)_L1,L,cb_intrinsic,18
20317,ER2_c,ER2_c_L,L,cb_intrinsic,512514,EPG,EPG(PB08)_L1,L,cb_intrinsic,18
18664,ER2_c,ER2_c_R,R,cb_intrinsic,512514,EPG,EPG(PB08)_L1,L,cb_intrinsic,18
18377,ER3w_b,ER3w_b_L,L,cb_intrinsic,512514,EPG,EPG(PB08)_L1,L,cb_intrinsic,18
526552,ER3w_b,ER3w_b_R,R,cb_intrinsic,88342,EPG,EPG(PB08)_L3,L,cb_intrinsic,18
515761,ER3p_a,ER3p_a_R,R,cb_intrinsic,88342,EPG,EPG(PB08)_L3,L,cb_intrinsic,18
50007,ER3p_a,ER3p_a_L,L,cb_intrinsic,88342,EPG,EPG(PB08)_L3,L,cb_intrinsic,18
46089,ER3p_a,ER3p_a_L,L,cb_intrinsic,88342,EPG,EPG(PB08)_L3,L,cb_intrinsic,18
27770,ER3w_b,ER3w_b_R,R,cb_intrinsic,88342,EPG,EPG(PB08)_L3,L,cb_intrinsic,18
26798,ER1_a,ER1_a_L,L,cb_intrinsic,88342,EPG,EPG(PB08)_L3,L,cb_intrinsic,18
522745,ER2_c,ER2_c_L,L,cb_intrinsic,15713,EPG,EPG(PB08)_L6,L,cb_intrinsic,18
25797,ER4d,ER4d_L,L,cb_intrinsic,15713,EPG,EPG(PB08)_L6,L,cb_intrinsic,18
25359,ER3p_a,ER3p_a_R,R,cb_intrinsic,15713,EPG,EPG(PB08)_L6,L,cb_intrinsic,18
19807,ER2_c,ER2_c_L,L,cb_intrinsic,15713,EPG,EPG(PB08)_L6,L,cb_intrinsic,18
522745,ER2_c,ER2_c_L,L,cb_intrinsic,520581,EPG,EPG(PB08)_R4,R,cb_intrinsic,18
36524,ER2_a,ER2_a_L,L,cb_intrinsic,520581,EPG,EPG(PB08)_R4,R,cb_intrinsic,18
21752,ER2_c,ER2_c_L,L,cb_intrinsic,520581,EPG,EPG(PB08)_R4,R,cb_intrinsic,18
19900,ER2_c,ER2_c_L,L,cb_intrinsic,520581,EPG,EPG(PB08)_R4,R,cb_intrinsic,18
19425,ER2_c,ER2_c_R,R,cb_intrinsic,520581,EPG,EPG(PB08)_R4,R,cb_intrinsic,18
18508,ER2_c,ER2_c_L,L,cb_intrinsic,520581,EPG,EPG(PB08)_R4,R,cb_intrinsic,18
516110,ER6,ER6_R,R,cb_intrinsic,13217,EPG,EPG(PB08)_L8,L,cb_intrinsic,18
514803,ER2_b,ER2_b_L,L,cb_intrinsic,13217,EPG,EPG(PB08)_L8,L,cb_intrinsic,18
48096,ER3p_a,ER3p_a_L,L,cb_intrinsic,13217,EPG,EPG(PB08)_L8,L,cb_intrinsic,18
24122,ER4d,ER4d_R,R,cb_intrinsic,13217,EPG,EPG(PB08)_L8,L,cb_intrinsic,18
20945,ER2_c,ER2_c_R,R,cb_intrinsic,13217,EPG,EPG(PB08)_L8,L,cb_intrinsic,18
20883,ER2_c,ER2_c_R,R,cb_intrinsic,13217,EPG,EPG(PB08)_L8,L,cb_intrinsic,18
529207,ER3p_a,ER3p_a_R,R,cb_intrinsic,92188,EPG,EPG(PB08)_R7,R,cb_intrinsic,18
37105,ER1_b,ER1_b_L,L,cb_intrinsic,92188,EPG,EPG(PB08)_R7,R,cb_intrinsic,18
27806,ER3p_a,ER3p_a_R,R,cb_intrinsic,92188,EPG,EPG(PB08)_R7,R,cb_intrinsic,18
19355,ER2_c,ER2_c_R,R,cb_intrinsic,92188,EPG,EPG(PB08)_R7,R,cb_intrinsic,18
515761,ER3p_a,ER3p_a_R,R,cb_intrinsic,521812,EPG,EPG(PB08)_R7,R,cb_intrinsic,18
512319,ER6,ER6_L,L,cb_intrinsic,521812,EPG,EPG(PB08)_R7,R,cb_intrinsic,18
26798,ER1_a,ER1_a_L,L,cb_intrinsic,521812,EPG,EPG(PB08)_R7,R,cb_intrinsic,18
59337,ER3w_b,ER3w_b_L,L,cb_intrinsic,521813,EPG,EPG(PB08)_L2,L,cb_intrinsic,18
34652,ER1_b,ER1_b_L,L,cb_intrinsic,521813,EPG,EPG(PB08)_L2,L,cb_intrinsic,18
20605,ER2_a,ER2_a_L,L,cb_intrinsic,521813,EPG,EPG(PB08)_L2,L,cb_intrinsic,18
37058,ER1_b,ER1_b_R,R,cb_intrinsic,512513,EPG,EPG(PB08)_R1,R,cb_intrinsic,18
26673,ER3w_b,ER3w_b_L,L,cb_intrinsic,512513,EPG,EPG(PB08)_R1,R,cb_intrinsic,18
20945,ER2_c,ER2_c_R,R,cb_intrinsic,512513,EPG,EPG(PB08)_R1,R,cb_intrinsic,18
20590,ER2_a,ER2_a_R,R,cb_intrinsic,512513,EPG,EPG(PB08)_R1,R,cb_intrinsic,18
16343,ER4d,ER4d_R,R,cb_intrinsic,512513,EPG,EPG(PB08)_R1,R,cb_intrinsic,18
14464,ER6,ER6_L,L,cb_intrinsic,512513,EPG,EPG(PB08)_R1,R,cb_intrinsic,18
526143,ER3w_b,ER3w_b_L,L,cb_intrinsic,519941,EPG,EPG(PB08)_L3,L,cb_intrinsic,17
517602,ER3p_a,ER3p_a_R,R,cb_intrinsic,519941,EPG,EPG(PB08)_L3,L,cb_intrinsic,17
513346,ER3w_b,ER3w_b_R,R,cb_intrinsic,519941,EPG,EPG(PB08)_L3,L,cb_intrinsic,17
46707,ER3w_a,ER3w_a_L,L,cb_intrinsic,519941,EPG,EPG(PB08)_L3,L,cb_intrinsic,17
26136,ER2_b,ER2_b_R,R,cb_intrinsic,519941,EPG,EPG(PB08)_L3,L,cb_intrinsic,17
24549,ER3w_c,ER3w_c_L,L,cb_intrinsic,519941,EPG,EPG(PB08)_L3,L,cb_intrinsic,17
21752,ER2_c,ER2_c_L,L,cb_intrinsic,519941,EPG,EPG(PB08)_L3,L,cb_intrinsic,17
20883,ER2_c,ER2_c_R,R,cb_intrinsic,519941,EPG,EPG(PB08)_L3,L,cb_intrinsic,17
18664,ER2_c,ER2_c_R,R,cb_intrinsic,519941,EPG,EPG(PB08)_L3,L,cb_intrinsic,17
18058,ER2_b,ER2_b_L,L,cb_intrinsic,519941,EPG,EPG(PB08)_L3,L,cb_intrinsic,17
38268,ER1_b,ER1_b_R,R,cb_intrinsic,11989,EPG,EPG(PB08)_L5,L,cb_intrinsic,17
31088,ER3p_a,ER3p_a_R,R,cb_intrinsic,11989,EPG,EPG(PB08)_L5,L,cb_intrinsic,17
19900,ER2_c,ER2_c_L,L,cb_intrinsic,11989,EPG,EPG(PB08)_L5,L,cb_intrinsic,17
19323,ER4d,ER4d_R,R,cb_intrinsic,11989,EPG,EPG(PB08)_L5,L,cb_intrinsic,17
523788,ER3w_a,ER3w_a_R,R,cb_intrinsic,107195,EPG,EPG(PB08)_L5,L,cb_intrinsic,17
512606,ER3w_c,ER3w_c_L,L,cb_intrinsic,107195,EPG,EPG(PB08)_L5,L,cb_intrinsic,17
80867,ER1_a,ER1_a_R,R,cb_intrinsic,107195,EPG,EPG(PB08)_L5,L,cb_intrinsic,17
50694,ER3w_b,ER3w_b_L,L,cb_intrinsic,107195,EPG,EPG(PB08)_L5,L,cb_intrinsic,17
48291,ER3w_b,ER3w_b_L,L,cb_intrinsic,107195,EPG,EPG(PB08)_L5,L,cb_intrinsic,17
47271,ER3p_a,ER3p_a_L,L,cb_intrinsic,107195,EPG,EPG(PB08)_L5,L,cb_intrinsic,17
38268,ER1_b,ER1_b_R,R,cb_intrinsic,107195,EPG,EPG(PB08)_L5,L,cb_intrinsic,17
25501,ER3w_b,ER3w_b_L,L,cb_intrinsic,107195,EPG,EPG(PB08)_L5,L,cb_intrinsic,17
19569,ER2_c,ER2_c_R,R,cb_intrinsic,107195,EPG,EPG(PB08)_L5,L,cb_intrinsic,17
18733,ER2_c,ER2_c_L,L,cb_intrinsic,107195,EPG,EPG(PB08)_L5,L,cb_intrinsic,17
18377,ER3w_b,ER3w_b_L,L,cb_intrinsic,107195,EPG,EPG(PB08)_L5,L,cb_intrinsic,17
526143,ER3w_b,ER3w_b_L,L,cb_intrinsic,519328,EPG,EPG(PB08)_L3,L,cb_intrinsic,17
517264,ER3w_a,ER3w_a_R,R,cb_intrinsic,519328,EPG,EPG(PB08)_L3,L,cb_intrinsic,17
515761,ER3p_a,ER3p_a_R,R,cb_intrinsic,519328,EPG,EPG(PB08)_L3,L,cb_intrinsic,17
44010,ER3w_b,ER3w_b_L,L,cb_intrinsic,519328,EPG,EPG(PB08)_L3,L,cb_intrinsic,17
37105,ER1_b,ER1_b_L,L,cb_intrinsic,519328,EPG,EPG(PB08)_L3,L,cb_intrinsic,17
21449,ER2_c,ER2_c_R,R,cb_intrinsic,519328,EPG,EPG(PB08)_L3,L,cb_intrinsic,17
17679,ER2_d,ER2_d_R,R,cb_intrinsic,519328,EPG,EPG(PB08)_L3,L,cb_intrinsic,17
16598,ER3w_b,ER3w_b_R,R,cb_intrinsic,519328,EPG,EPG(PB08)_L3,L,cb_intrinsic,17
45134,ER3p_b,ER3p_b_L,L,cb_intrinsic,512928,EPG,EPG(PB08)_R3,R,cb_intrinsic,17
36524,ER2_a,ER2_a_L,L,cb_intrinsic,512928,EPG,EPG(PB08)_R3,R,cb_intrinsic,17
34607,ER4d,ER4d_L,L,cb_intrinsic,512928,EPG,EPG(PB08)_R3,R,cb_intrinsic,17
26843,ER3w_b,ER3w_b_R,R,cb_intrinsic,512928,EPG,EPG(PB08)_R3,R,cb_intrinsic,17
25297,ER3w_a,ER3w_a_R,R,cb_intrinsic,512928,EPG,EPG(PB08)_R3,R,cb_intrinsic,17
21059,ER2_d,ER2_d_R,R,cb_intrinsic,512928,EPG,EPG(PB08)_R3,R,cb_intrinsic,17
20590,ER2_a,ER2_a_R,R,cb_intrinsic,512928,EPG,EPG(PB08)_R3,R,cb_intrinsic,17
20317,ER2_c,ER2_c_L,L,cb_intrinsic,512928,EPG,EPG(PB08)_R3,R,cb_intrinsic,17
20253,ER2_a,ER2_a_R,R,cb_intrinsic,512928,EPG,EPG(PB08)_R3,R,cb_intrinsic,17
19569,ER2_c,ER2_c_R,R,cb_intrinsic,512928,EPG,EPG(PB08)_R3,R,cb_intrinsic,17
18664,ER2_c,ER2_c_R,R,cb_intrinsic,512928,EPG,EPG(PB08)_R3,R,cb_intrinsic,17
20678,ER2_d,ER2_d_R,R,cb_intrinsic,14507,EPG,EPG(PB08)_R7,R,cb_intrinsic,17
19569,ER2_c,ER2_c_R,R,cb_intrinsic,14507,EPG,EPG(PB08)_R7,R,cb_intrinsic,17
14464,ER6,ER6_L,L,cb_intrinsic,14507,EPG,EPG(PB08)_R7,R,cb_intrinsic,17
517264,ER3w_a,ER3w_a_R,R,cb_intrinsic,524073,EPG,EPG(PB08)_L2,L,cb_intrinsic,17
516110,ER6,ER6_R,R,cb_intrinsic,524073,EPG,EPG(PB08)_L2,L,cb_intrinsic,17
59337,ER3w_b,ER3w_b_L,L,cb_intrinsic,524073,EPG,EPG(PB08)_L2,L,cb_intrinsic,17
21752,ER2_c,ER2_c_L,L,cb_intrinsic,524073,EPG,EPG(PB08)_L2,L,cb_intrinsic,17
18733,ER2_c,ER2_c_L,L,cb_intrinsic,524073,EPG,EPG(PB08)_L2,L,cb_intrinsic,17
517059,ER2_a,ER2_a_L,L,cb_intrinsic,519144,EPG,EPG(PB08)_L8,L,cb_intrinsic,17
50888,ER2_c,ER2_c_L,L,cb_intrinsic,519144,EPG,EPG(PB08)_L8,L,cb_intrinsic,17
46341,ER3w_b,ER3w_b_L,L,cb_intrinsic,519144,EPG,EPG(PB08)_L8,L,cb_intrinsic,17
46089,ER3p_a,ER3p_a_L,L,cb_intrinsic,519144,EPG,EPG(PB08)_L8,L,cb_intrinsic,17
21752,ER2_c,ER2_c_L,L,cb_intrinsic,519144,EPG,EPG(PB08)_L8,L,cb_intrinsic,17
20883,ER2_c,ER2_c_R,R,cb_intrinsic,519144,EPG,EPG(PB08)_L8,L,cb_intrinsic,17
20559,ER2_a,ER2_a_L,L,cb_intrinsic,519144,EPG,EPG(PB08)_L8,L,cb_intrinsic,17
20404,ER4d,ER4d_L,L,cb_intrinsic,519144,EPG,EPG(PB08)_L8,L,cb_intrinsic,17
454614,ER4m,ER4m_L,L,cb_intrinsic,512305,EPG,EPG(PB08)_R8,R,cb_intrinsic,17
21179,ER2_a,ER2_a_R,R,cb_intrinsic,512305,EPG,EPG(PB08)_R8,R,cb_intrinsic,17
20605,ER2_a,ER2_a_L,L,cb_intrinsic,512305,EPG,EPG(PB08)_R8,R,cb_intrinsic,17
17402,ER4m,ER4m_L,L,cb_intrinsic,512305,EPG,EPG(PB08)_R8,R,cb_intrinsic,17
523788,ER3w_a,ER3w_a_R,R,cb_intrinsic,513464,EPG,EPG(PB08)_R8,R,cb_intrinsic,17
20590,ER2_a,ER2_a_R,R,cb_intrinsic,513464,EPG,EPG(PB08)_R8,R,cb_intrinsic,17
19917,ER2_c,ER2_c_R,R,cb_intrinsic,513464,EPG,EPG(PB08)_R8,R,cb_intrinsic,17
19900,ER2_c,ER2_c_L,L,cb_intrinsic,513464,EPG,EPG(PB08)_R8,R,cb_intrinsic,17
18733,ER2_c,ER2_c_L,L,cb_intrinsic,513464,EPG,EPG(PB08)_R8,R,cb_intrinsic,17
18664,ER2_c,ER2_c_R,R,cb_intrinsic,513464,EPG,EPG(PB08)_R8,R,cb_intrinsic,17
526552,ER3w_b,ER3w_b_R,R,cb_intrinsic,19825,EPG,EPG(PB08)_R6,R,cb_intrinsic,17
514803,ER2_b,ER2_b_L,L,cb_intrinsic,19825,EPG,EPG(PB08)_R6,R,cb_intrinsic,17
514042,ER2_b,ER2_b_L,L,cb_intrinsic,19825,EPG,EPG(PB08)_R6,R,cb_intrinsic,17
59337,ER3w_b,ER3w_b_L,L,cb_intrinsic,19825,EPG,EPG(PB08)_R6,R,cb_intrinsic,17
27770,ER3w_b,ER3w_b_R,R,cb_intrinsic,19825,EPG,EPG(PB08)_R6,R,cb_intrinsic,17
21882,ER2_a,ER2_a_L,L,cb_intrinsic,19825,EPG,EPG(PB08)_R6,R,cb_intrinsic,17
20945,ER2_c,ER2_c_R,R,cb_intrinsic,19825,EPG,EPG(PB08)_R6,R,cb_intrinsic,17
36524,ER2_a,ER2_a_L,L,cb_intrinsic,11307,EPG,EPG(PB08)_L4,L,cb_intrinsic,17
20883,ER2_c,ER2_c_R,R,cb_intrinsic,11307,EPG,EPG(PB08)_L4,L,cb_intrinsic,17
46707,ER3w_a,ER3w_a_L,L,cb_intrinsic,11503,EPG,EPG(PB08)_R8,R,cb_intrinsic,17
20317,ER2_c,ER2_c_L,L,cb_intrinsic,11503,EPG,EPG(PB08)_R8,R,cb_intrinsic,17
526552,ER3w_b,ER3w_b_R,R,cb_intrinsic,84758,EPG,EPG(PB08)_L7,L,cb_intrinsic,17
514042,ER2_b,ER2_b_L,L,cb_intrinsic,84758,EPG,EPG(PB08)_L7,L,cb_intrinsic,17
21645,ER2_a,ER2_a_L,L,cb_intrinsic,84758,EPG,EPG(PB08)_L7,L,cb_intrinsic,17
20883,ER2_c,ER2_c_R,R,cb_intrinsic,84758,EPG,EPG(PB08)_L7,L,cb_intrinsic,17
20253,ER2_a,ER2_a_R,R,cb_intrinsic,84758,EPG,EPG(PB08)_L7,L,cb_intrinsic,17
17679,ER2_d,ER2_d_R,R,cb_intrinsic,84758,EPG,EPG(PB08)_L7,L,cb_intrinsic,17
526143,ER3w_b,ER3w_b_L,L,cb_intrinsic,520812,EPG,EPG(PB08)_R8,R,cb_intrinsic,17
522745,ER2_c,ER2_c_L,L,cb_intrinsic,520812,EPG,EPG(PB08)_R8,R,cb_intrinsic,17
50808,ER4d,ER4d_L,L,cb_intrinsic,520812,EPG,EPG(PB08)_R8,R,cb_intrinsic,17
32315,ER1_a,ER1_a_L,L,cb_intrinsic,520812,EPG,EPG(PB08)_R8,R,cb_intrinsic,17
23874,ER4d,ER4d_R,R,cb_intrinsic,520812,EPG,EPG(PB08)_R8,R,cb_intrinsic,17
20559,ER2_a,ER2_a_L,L,cb_intrinsic,520812,EPG,EPG(PB08)_R8,R,cb_intrinsic,17
14464,ER6,ER6_L,L,cb_intrinsic,520812,EPG,EPG(PB08)_R8,R,cb_intrinsic,17
511857,ER1_c,ER1_c_L,L,cb_intrinsic,513284,EPG,EPG(PB08)_R3,R,cb_intrinsic,17
69319,ER1_a,ER1_a_R,R,cb_intrinsic,513284,EPG,EPG(PB08)_R3,R,cb_intrinsic,17
54597,ER1_a,ER1_a_L,L,cb_intrinsic,513284,EPG,EPG(PB08)_R3,R,cb_intrinsic,17
48096,ER3p_a,ER3p_a_L,L,cb_intrinsic,513284,EPG,EPG(PB08)_R3,R,cb_intrinsic,17
47271,ER3p_a,ER3p_a_L,L,cb_intrinsic,513284,EPG,EPG(PB08)_R3,R,cb_intrinsic,17
42509,ER1_a,ER1_a_R,R,cb_intrinsic,513284,EPG,EPG(PB08)_R3,R,cb_intrinsic,17
39503,ER3p_a,ER3p_a_L,L,cb_intrinsic,513284,EPG,EPG(PB08)_R3,R,cb_intrinsic,17
32315,ER1_a,ER1_a_L,L,cb_intrinsic,513284,EPG,EPG(PB08)_R3,R,cb_intrinsic,17
19569,ER2_c,ER2_c_R,R,cb_intrinsic,513284,EPG,EPG(PB08)_R3,R,cb_intrinsic,17
19410,ER4d,ER4d_L,L,cb_intrinsic,513284,EPG,EPG(PB08)_R3,R,cb_intrinsic,17
53745,ER3p_a,ER3p_a_L,L,cb_intrinsic,556346,EPG,EPG(PB08)_L6,L,cb_intrinsic,17
25359,ER3p_a,ER3p_a_R,R,cb_intrinsic,556346,EPG,EPG(PB08)_L6,L,cb_intrinsic,17
20605,ER2_a,ER2_a_L,L,cb_intrinsic,556346,EPG,EPG(PB08)_L6,L,cb_intrinsic,17
19569,ER2_c,ER2_c_R,R,cb_intrinsic,556346,EPG,EPG(PB08)_L6,L,cb_intrinsic,17
50007,ER3p_a,ER3p_a_L,L,cb_intrinsic,523786,EPG,EPG(PB08)_R4,R,cb_intrinsic,17
48291,ER3w_b,ER3w_b_L,L,cb_intrinsic,523786,EPG,EPG(PB08)_R4,R,cb_intrinsic,17
45134,ER3p_b,ER3p_b_L,L,cb_intrinsic,523786,EPG,EPG(PB08)_R4,R,cb_intrinsic,17
21752,ER2_c,ER2_c_L,L,cb_intrinsic,523786,EPG,EPG(PB08)_R4,R,cb_intrinsic,17
20317,ER2_c,ER2_c_L,L,cb_intrinsic,523786,EPG,EPG(PB08)_R4,R,cb_intrinsic,17
19355,ER2_c,ER2_c_R,R,cb_intrinsic,523786,EPG,EPG(PB08)_R4,R,cb_intrinsic,17
526143,ER3w_b,ER3w_b_L,L,cb_intrinsic,11987,EPG,EPG(PB08)_R5,R,cb_intrinsic,17
59337,ER3w_b,ER3w_b_L,L,cb_intrinsic,11987,EPG,EPG(PB08)_R5,R,cb_intrinsic,17
21645,ER2_a,ER2_a_L,L,cb_intrinsic,11987,EPG,EPG(PB08)_R5,R,cb_intrinsic,17
19935,ER2_c,ER2_c_R,R,cb_intrinsic,11987,EPG,EPG(PB08)_R5,R,cb_intrinsic,17
19807,ER2_c,ER2_c_L,L,cb_intrinsic,11987,EPG,EPG(PB08)_R5,R,cb_intrinsic,17
524075,ER2_d,ER2_d_L,L,cb_intrinsic,513033,EPG,EPG(PB08)_L8,L,cb_intrinsic,17
517264,ER3w_a,ER3w_a_R,R,cb_intrinsic,513033,EPG,EPG(PB08)_L8,L,cb_intrinsic,17
46089,ER3p_a,ER3p_a_L,L,cb_intrinsic,513033,EPG,EPG(PB08)_L8,L,cb_intrinsic,17
42241,ER1_b,ER1_b_R,R,cb_intrinsic,513033,EPG,EPG(PB08)_L8,L,cb_intrinsic,17
20559,ER2_a,ER2_a_L,L,cb_intrinsic,513033,EPG,EPG(PB08)_L8,L,cb_intrinsic,17
43683,ER3w_a,ER3w_a_R,R,cb_intrinsic,19125,EPG,EPG(PB08)_R5,R,cb_intrinsic,17
36524,ER2_a,ER2_a_L,L,cb_intrinsic,19125,EPG,EPG(PB08)_R5,R,cb_intrinsic,17
25203,ER3w_c,ER3w_c_L,L,cb_intrinsic,19125,EPG,EPG(PB08)_R5,R,cb_intrinsic,17
31088,ER3p_a,ER3p_a_R,R,cb_intrinsic,131313,EPG,EPG(PB08)_R6,R,cb_intrinsic,17
19569,ER2_c,ER2_c_R,R,cb_intrinsic,131313,EPG,EPG(PB08)_R6,R,cb_intrinsic,17
19425,ER2_c,ER2_c_R,R,cb_intrinsic,131313,EPG,EPG(PB08)_R6,R,cb_intrinsic,17
514042,ER2_b,ER2_b_L,L,cb_intrinsic,513517,EPG,EPG(PB08)_L4,L,cb_intrinsic,17
50888,ER2_c,ER2_c_L,L,cb_intrinsic,513517,EPG,EPG(PB08)_L4,L,cb_intrinsic,17
35978,ER1_b,ER1_b_L,L,cb_intrinsic,513517,EPG,EPG(PB08)_L4,L,cb_intrinsic,17
25359,ER3p_a,ER3p_a_R,R,cb_intrinsic,513517,EPG,EPG(PB08)_L4,L,cb_intrinsic,17
23874,ER4d,ER4d_R,R,cb_intrinsic,513517,EPG,EPG(PB08)_L4,L,cb_intrinsic,17
20945,ER2_c,ER2_c_R,R,cb_intrinsic,513517,EPG,EPG(PB08)_L4,L,cb_intrinsic,17
20590,ER2_a,ER2_a_R,R,cb_intrinsic,513517,EPG,EPG(PB08)_L4,L,cb_intrinsic,17
19569,ER2_c,ER2_c_R,R,cb_intrinsic,513517,EPG,EPG(PB08)_L4,L,cb_intrinsic,17
19355,ER2_c,ER2_c_R,R,cb_intrinsic,513517,EPG,EPG(PB08)_L4,L,cb_intrinsic,17
18058,ER2_b,ER2_b_L,L,cb_intrinsic,513517,EPG,EPG(PB08)_L4,L,cb_intrinsic,17
17419,ER6,ER6_R,R,cb_intrinsic,513517,EPG,EPG(PB08)_L4,L,cb_intrinsic,17
515761,ER3p_a,ER3p_a_R,R,cb_intrinsic,556347,EPG,EPG(PB08)_R4,R,cb_intrinsic,17
514180,ER3p_b,ER3p_b_R,R,cb_intrinsic,556347,EPG,EPG(PB08)_R4,R,cb_intrinsic,17
513678,ER3w_b,ER3w_b_R,R,cb_intrinsic,556347,EPG,EPG(PB08)_R4,R,cb_intrinsic,17
49002,ER3p_a,ER3p_a_L,L,cb_intrinsic,556347,EPG,EPG(PB08)_R4,R,cb_intrinsic,17
48291,ER3w_b,ER3w_b_L,L,cb_intrinsic,556347,EPG,EPG(PB08)_R4,R,cb_intrinsic,17
20590,ER2_a,ER2_a_R,R,cb_intrinsic,556347,EPG,EPG(PB08)_R4,R,cb_intrinsic,17
12357,ER2_c,ER2_c_L,L,cb_intrinsic,556347,EPG,EPG(PB08)_R4,R,cb_intrinsic,17
50888,ER2_c,ER2_c_L,L,cb_intrinsic,521409,EPG,EPG(PB08)_L8,L,cb_intrinsic,17
38268,ER1_b,ER1_b_R,R,cb_intrinsic,521409,EPG,EPG(PB08)_L8,L,cb_intrinsic,17
34607,ER4d,ER4d_L,L,cb_intrinsic,521409,EPG,EPG(PB08)_L8,L,cb_intrinsic,17
25447,ER3w_c,ER3w_c_R,R,cb_intrinsic,521409,EPG,EPG(PB08)_L8,L,cb_intrinsic,17
20317,ER2_c,ER2_c_L,L,cb_intrinsic,521409,EPG,EPG(PB08)_L8,L,cb_intrinsic,17
20253,ER2_a,ER2_a_R,R,cb_intrinsic,521409,EPG,EPG(PB08)_L8,L,cb_intrinsic,17
19569,ER2_c,ER2_c_R,R,cb_intrinsic,521409,EPG,EPG(PB08)_L8,L,cb_intrinsic,17
43683,ER3w_a,ER3w_a_R,R,cb_intrinsic,513463,EPG,EPG(PB08)_R2,R,cb_intrinsic,17
32315,ER1_a,ER1_a_L,L,cb_intrinsic,513463,EPG,EPG(PB08)_R2,R,cb_intrinsic,17
31088,ER3p_a,ER3p_a_R,R,cb_intrinsic,513463,EPG,EPG(PB08)_R2,R,cb_intrinsic,17
24459,ER4d,ER4d_L,L,cb_intrinsic,513463,EPG,EPG(PB08)_R2,R,cb_intrinsic,17
24093,ER3w_a,ER3w_a_R,R,cb_intrinsic,513463,EPG,EPG(PB08)_R2,R,cb_intrinsic,17
21277,ER2_a,ER2_a_R,R,cb_intrinsic,513463,EPG,EPG(PB08)_R2,R,cb_intrinsic,17
20980,ER4d,ER4d_R,R,cb_intrinsic,513463,EPG,EPG(PB08)_R2,R,cb_intrinsic,17
20605,ER2_a,ER2_a_L,L,cb_intrinsic,513463,EPG,EPG(PB08)_R2,R,cb_intrinsic,17
19900,ER2_c,ER2_c_L,L,cb_intrinsic,513463,EPG,EPG(PB08)_R2,R,cb_intrinsic,17
18508,ER2_c,ER2_c_L,L,cb_intrinsic,513463,EPG,EPG(PB08)_R2,R,cb_intrinsic,17
11933,ER2_c,ER2_c_R,R,cb_intrinsic,513463,EPG,EPG(PB08)_R2,R,cb_intrinsic,17
50007,ER3p_a,ER3p_a_L,L,cb_intrinsic,520818,EPG,EPG(PB08)_L4,L,cb_intrinsic,17
36524,ER2_a,ER2_a_L,L,cb_intrinsic,520818,EPG,EPG(PB08)_L4,L,cb_intrinsic,17
20945,ER2_c,ER2_c_R,R,cb_intrinsic,520818,EPG,EPG(PB08)_L4,L,cb_intrinsic,17
20664,ER2_a,ER2_a_R,R,cb_intrinsic,520818,EPG,EPG(PB08)_L4,L,cb_intrinsic,17
20404,ER4d,ER4d_L,L,cb_intrinsic,520818,EPG,EPG(PB08)_L4,L,cb_intrinsic,17
19807,ER2_c,ER2_c_L,L,cb_intrinsic,520818,EPG,EPG(PB08)_L4,L,cb_intrinsic,17
19355,ER2_c,ER2_c_R,R,cb_intrinsic,520818,EPG,EPG(PB08)_L4,L,cb_intrinsic,17
512607,ER3p_a,ER3p_a_R,R,cb_intrinsic,12449,EPG,EPG(PB08)_L5,L,cb_intrinsic,17
32315,ER1_a,ER1_a_L,L,cb_intrinsic,12449,EPG,EPG(PB08)_L5,L,cb_intrinsic,17
27850,ER3w_b,ER3w_b_R,R,cb_intrinsic,12449,EPG,EPG(PB08)_L5,L,cb_intrinsic,17
26798,ER1_a,ER1_a_L,L,cb_intrinsic,12449,EPG,EPG(PB08)_L5,L,cb_intrinsic,17
20883,ER2_c,ER2_c_R,R,cb_intrinsic,12449,EPG,EPG(PB08)_L5,L,cb_intrinsic,17
517602,ER3p_a,ER3p_a_R,R,cb_intrinsic,10539,EPG,EPG(PB08)_R2,R,cb_intrinsic,17
517059,ER2_a,ER2_a_L,L,cb_intrinsic,10539,EPG,EPG(PB08)_R2,R,cb_intrinsic,17
50808,ER4d,ER4d_L,L,cb_intrinsic,10539,EPG,EPG(PB08)_R2,R,cb_intrinsic,17
48096,ER3p_a,ER3p_a_L,L,cb_intrinsic,10539,EPG,EPG(PB08)_R2,R,cb_intrinsic,17
24459,ER4d,ER4d_L,L,cb_intrinsic,10539,EPG,EPG(PB08)_R2,R,cb_intrinsic,17
24093,ER3w_a,ER3w_a_R,R,cb_intrinsic,10539,EPG,EPG(PB08)_R2,R,cb_intrinsic,17
23097,ER2_a,ER2_a_L,L,cb_intrinsic,10539,EPG,EPG(PB08)_R2,R,cb_intrinsic,17
21059,ER2_d,ER2_d_R,R,cb_intrinsic,10539,EPG,EPG(PB08)_R2,R,cb_intrinsic,17
20945,ER2_c,ER2_c_R,R,cb_intrinsic,10539,EPG,EPG(PB08)_R2,R,cb_intrinsic,17
19900,ER2_c,ER2_c_L,L,cb_intrinsic,10539,EPG,EPG(PB08)_R2,R,cb_intrinsic,17
19410,ER4d,ER4d_L,L,cb_intrinsic,10539,EPG,EPG(PB08)_R2,R,cb_intrinsic,17
19323,ER4d,ER4d_R,R,cb_intrinsic,10539,EPG,EPG(PB08)_R2,R,cb_intrinsic,17
17679,ER2_d,ER2_d_R,R,cb_intrinsic,10539,EPG,EPG(PB08)_R2,R,cb_intrinsic,17
12357,ER2_c,ER2_c_L,L,cb_intrinsic,10539,EPG,EPG(PB08)_R2,R,cb_intrinsic,17
25501,ER3w_b,ER3w_b_L,L,cb_intrinsic,14727,EPG,EPG(PB08)_L7,L,cb_intrinsic,17
23703,ER1_b,ER1_b_R,R,cb_intrinsic,14727,EPG,EPG(PB08)_L7,L,cb_intrinsic,17
21179,ER2_a,ER2_a_R,R,cb_intrinsic,14727,EPG,EPG(PB08)_L7,L,cb_intrinsic,17
20664,ER2_a,ER2_a_R,R,cb_intrinsic,14727,EPG,EPG(PB08)_L7,L,cb_intrinsic,17
19935,ER2_c,ER2_c_R,R,cb_intrinsic,14727,EPG,EPG(PB08)_L7,L,cb_intrinsic,17
19569,ER2_c,ER2_c_R,R,cb_intrinsic,14727,EPG,EPG(PB08)_L7,L,cb_intrinsic,17
19410,ER4d,ER4d_L,L,cb_intrinsic,14727,EPG,EPG(PB08)_L7,L,cb_intrinsic,17
19323,ER4d,ER4d_R,R,cb_intrinsic,14727,EPG,EPG(PB08)_L7,L,cb_intrinsic,17
15444,ER2_d,ER2_d_L,L,cb_intrinsic,14727,EPG,EPG(PB08)_L7,L,cb_intrinsic,17
11933,ER2_c,ER2_c_R,R,cb_intrinsic,14727,EPG,EPG(PB08)_L7,L,cb_intrinsic,17
517264,ER3w_a,ER3w_a_R,R,cb_intrinsic,519140,EPG,EPG(PB08)_L1,L,cb_intrinsic,17
513346,ER3w_b,ER3w_b_R,R,cb_intrinsic,519140,EPG,EPG(PB08)_L1,L,cb_intrinsic,17
27806,ER3p_a,ER3p_a_R,R,cb_intrinsic,519140,EPG,EPG(PB08)_L1,L,cb_intrinsic,17
27770,ER3w_b,ER3w_b_R,R,cb_intrinsic,519140,EPG,EPG(PB08)_L1,L,cb_intrinsic,17
27013,ER3m,ER3m_L,L,cb_intrinsic,519140,EPG,EPG(PB08)_L1,L,cb_intrinsic,17
26843,ER3w_b,ER3w_b_R,R,cb_intrinsic,519140,EPG,EPG(PB08)_L1,L,cb_intrinsic,17
21449,ER2_c,ER2_c_R,R,cb_intrinsic,519140,EPG,EPG(PB08)_L1,L,cb_intrinsic,17
20883,ER2_c,ER2_c_R,R,cb_intrinsic,519140,EPG,EPG(PB08)_L1,L,cb_intrinsic,17
19917,ER2_c,ER2_c_R,R,cb_intrinsic,519140,EPG,EPG(PB08)_L1,L,cb_intrinsic,17
19807,ER2_c,ER2_c_L,L,cb_intrinsic,519140,EPG,EPG(PB08)_L1,L,cb_intrinsic,17
17679,ER2_d,ER2_d_R,R,cb_intrinsic,519140,EPG,EPG(PB08)_L1,L,cb_intrinsic,17
517264,ER3w_a,ER3w_a_R,R,cb_intrinsic,15616,EPG,EPG(PB08)_R3,R,cb_intrinsic,17
513346,ER3w_b,ER3w_b_R,R,cb_intrinsic,15616,EPG,EPG(PB08)_R3,R,cb_intrinsic,17
80867,ER1_a,ER1_a_R,R,cb_intrinsic,15616,EPG,EPG(PB08)_R3,R,cb_intrinsic,17
46089,ER3p_a,ER3p_a_L,L,cb_intrinsic,15616,EPG,EPG(PB08)_R3,R,cb_intrinsic,17
44010,ER3w_b,ER3w_b_L,L,cb_intrinsic,15616,EPG,EPG(PB08)_R3,R,cb_intrinsic,17
38268,ER1_b,ER1_b_R,R,cb_intrinsic,15616,EPG,EPG(PB08)_R3,R,cb_intrinsic,17
37105,ER1_b,ER1_b_L,L,cb_intrinsic,15616,EPG,EPG(PB08)_R3,R,cb_intrinsic,17
21059,ER2_d,ER2_d_R,R,cb_intrinsic,15616,EPG,EPG(PB08)_R3,R,cb_intrinsic,17
20317,ER2_c,ER2_c_L,L,cb_intrinsic,15616,EPG,EPG(PB08)_R3,R,cb_intrinsic,17
18733,ER2_c,ER2_c_L,L,cb_intrinsic,15616,EPG,EPG(PB08)_R3,R,cb_intrinsic,17
524075,ER2_d,ER2_d_L,L,cb_intrinsic,16360,EPG,EPG(PB08)_L6,L,cb_intrinsic,17
515761,ER3p_a,ER3p_a_R,R,cb_intrinsic,16360,EPG,EPG(PB08)_L6,L,cb_intrinsic,17
36524,ER2_a,ER2_a_L,L,cb_intrinsic,16360,EPG,EPG(PB08)_L6,L,cb_intrinsic,17
25501,ER3w_b,ER3w_b_L,L,cb_intrinsic,16360,EPG,EPG(PB08)_L6,L,cb_intrinsic,17
19425,ER2_c,ER2_c_R,R,cb_intrinsic,16360,EPG,EPG(PB08)_L6,L,cb_intrinsic,17
46242,ER3w_a,ER3w_a_L,L,cb_intrinsic,515675,EPG,EPG(PB08)_R1,R,cb_intrinsic,17
36524,ER2_a,ER2_a_L,L,cb_intrinsic,515675,EPG,EPG(PB08)_R1,R,cb_intrinsic,17
27850,ER3w_b,ER3w_b_R,R,cb_intrinsic,515675,EPG,EPG(PB08)_R1,R,cb_intrinsic,17
26843,ER3w_b,ER3w_b_R,R,cb_intrinsic,515675,EPG,EPG(PB08)_R1,R,cb_intrinsic,17
25203,ER3w_c,ER3w_c_L,L,cb_intrinsic,515675,EPG,EPG(PB08)_R1,R,cb_intrinsic,17
21277,ER2_a,ER2_a_R,R,cb_intrinsic,515675,EPG,EPG(PB08)_R1,R,cb_intrinsic,17
20883,ER2_c,ER2_c_R,R,cb_intrinsic,515675,EPG,EPG(PB08)_R1,R,cb_intrinsic,17
19791,ER4d,ER4d_L,L,cb_intrinsic,515675,EPG,EPG(PB08)_R1,R,cb_intrinsic,17
523788,ER3w_a,ER3w_a_R,R,cb_intrinsic,514126,EPG,EPG(PB08)_R5,R,cb_intrinsic,17
517264,ER3w_a,ER3w_a_R,R,cb_intrinsic,514126,EPG,EPG(PB08)_R5,R,cb_intrinsic,17
20945,ER2_c,ER2_c_R,R,cb_intrinsic,514126,EPG,EPG(PB08)_R5,R,cb_intrinsic,17
15444,ER2_d,ER2_d_L,L,cb_intrinsic,514126,EPG,EPG(PB08)_R5,R,cb_intrinsic,17
512319,ER6,ER6_L,L,cb_intrinsic,513520,EPG,EPG(PB08)_R6,R,cb_intrinsic,17
50007,ER3p_a,ER3p_a_L,L,cb_intrinsic,513520,EPG,EPG(PB08)_R6,R,cb_intrinsic,17
31088,ER3p_a,ER3p_a_R,R,cb_intrinsic,513520,EPG,EPG(PB08)_R6,R,cb_intrinsic,17
21449,ER2_c,ER2_c_R,R,cb_intrinsic,513520,EPG,EPG(PB08)_R6,R,cb_intrinsic,17
21059,ER2_d,ER2_d_R,R,cb_intrinsic,513520,EPG,EPG(PB08)_R6,R,cb_intrinsic,17
20317,ER2_c,ER2_c_L,L,cb_intrinsic,513520,EPG,EPG(PB08)_R6,R,cb_intrinsic,17
50888,ER2_c,ER2_c_L,L,cb_intrinsic,11874,EPG,EPG(PB08)_L7,L,cb_intrinsic,17
46242,ER3w_a,ER3w_a_L,L,cb_intrinsic,11874,EPG,EPG(PB08)_L7,L,cb_intrinsic,17
27806,ER3p_a,ER3p_a_R,R,cb_intrinsic,11874,EPG,EPG(PB08)_L7,L,cb_intrinsic,17
26673,ER3w_b,ER3w_b_L,L,cb_intrinsic,11874,EPG,EPG(PB08)_L7,L,cb_intrinsic,17
23315,ER4d,ER4d_L,L,cb_intrinsic,11874,EPG,EPG(PB08)_L7,L,cb_intrinsic,17
18058,ER2_b,ER2_b_L,L,cb_intrinsic,11874,EPG,EPG(PB08)_L7,L,cb_intrinsic,17
517264,ER3w_a,ER3w_a_R,R,cb_intrinsic,512514,EPG,EPG(PB08)_L1,L,cb_intrinsic,17
515761,ER3p_a,ER3p_a_R,R,cb_intrinsic,512514,EPG,EPG(PB08)_L1,L,cb_intrinsic,17
50694,ER3w_b,ER3w_b_L,L,cb_intrinsic,512514,EPG,EPG(PB08)_L1,L,cb_intrinsic,17
36524,ER2_a,ER2_a_L,L,cb_intrinsic,512514,EPG,EPG(PB08)_L1,L,cb_intrinsic,17
27806,ER3p_a,ER3p_a_R,R,cb_intrinsic,512514,EPG,EPG(PB08)_L1,L,cb_intrinsic,17
26673,ER3w_b,ER3w_b_L,L,cb_intrinsic,512514,EPG,EPG(PB08)_L1,L,cb_intrinsic,17
25709,ER2_c,ER2_c_L,L,cb_intrinsic,512514,EPG,EPG(PB08)_L1,L,cb_intrinsic,17
18733,ER2_c,ER2_c_L,L,cb_intrinsic,512514,EPG,EPG(PB08)_L1,L,cb_intrinsic,17
522745,ER2_c,ER2_c_L,L,cb_intrinsic,88342,EPG,EPG(PB08)_L3,L,cb_intrinsic,17
26136,ER2_b,ER2_b_R,R,cb_intrinsic,88342,EPG,EPG(PB08)_L3,L,cb_intrinsic,17
25447,ER3w_c,ER3w_c_R,R,cb_intrinsic,88342,EPG,EPG(PB08)_L3,L,cb_intrinsic,17
21277,ER2_a,ER2_a_R,R,cb_intrinsic,88342,EPG,EPG(PB08)_L3,L,cb_intrinsic,17
20590,ER2_a,ER2_a_R,R,cb_intrinsic,88342,EPG,EPG(PB08)_L3,L,cb_intrinsic,17
19917,ER2_c,ER2_c_R,R,cb_intrinsic,88342,EPG,EPG(PB08)_L3,L,cb_intrinsic,17
12357,ER2_c,ER2_c_L,L,cb_intrinsic,88342,EPG,EPG(PB08)_L3,L,cb_intrinsic,17
512607,ER3p_a,ER3p_a_R,R,cb_intrinsic,15713,EPG,EPG(PB08)_L6,L,cb_intrinsic,17
46089,ER3p_a,ER3p_a_L,L,cb_intrinsic,15713,EPG,EPG(PB08)_L6,L,cb_intrinsic,17
34607,ER4d,ER4d_L,L,cb_intrinsic,15713,EPG,EPG(PB08)_L6,L,cb_intrinsic,17
23197,ER4d,ER4d_L,L,cb_intrinsic,15713,EPG,EPG(PB08)_L6,L,cb_intrinsic,17
18058,ER2_b,ER2_b_L,L,cb_intrinsic,15713,EPG,EPG(PB08)_L6,L,cb_intrinsic,17
526552,ER3w_b,ER3w_b_R,R,cb_intrinsic,520581,EPG,EPG(PB08)_R4,R,cb_intrinsic,17
71503,ER1_c,ER1_c_R,R,cb_intrinsic,520581,EPG,EPG(PB08)_R4,R,cb_intrinsic,17
69319,ER1_a,ER1_a_R,R,cb_intrinsic,520581,EPG,EPG(PB08)_R4,R,cb_intrinsic,17
43683,ER3w_a,ER3w_a_R,R,cb_intrinsic,520581,EPG,EPG(PB08)_R4,R,cb_intrinsic,17
39503,ER3p_a,ER3p_a_L,L,cb_intrinsic,520581,EPG,EPG(PB08)_R4,R,cb_intrinsic,17
35978,ER1_b,ER1_b_L,L,cb_intrinsic,520581,EPG,EPG(PB08)_R4,R,cb_intrinsic,17
20253,ER2_a,ER2_a_R,R,cb_intrinsic,520581,EPG,EPG(PB08)_R4,R,cb_intrinsic,17
19807,ER2_c,ER2_c_L,L,cb_intrinsic,520581,EPG,EPG(PB08)_R4,R,cb_intrinsic,17
50808,ER4d,ER4d_L,L,cb_intrinsic,13217,EPG,EPG(PB08)_L8,L,cb_intrinsic,17
38268,ER1_b,ER1_b_R,R,cb_intrinsic,13217,EPG,EPG(PB08)_L8,L,cb_intrinsic,17
27850,ER3w_b,ER3w_b_R,R,cb_intrinsic,13217,EPG,EPG(PB08)_L8,L,cb_intrinsic,17
20404,ER4d,ER4d_L,L,cb_intrinsic,13217,EPG,EPG(PB08)_L8,L,cb_intrinsic,17
19737,ER4d,ER4d_R,R,cb_intrinsic,13217,EPG,EPG(PB08)_L8,L,cb_intrinsic,17
19355,ER2_c,ER2_c_R,R,cb_intrinsic,13217,EPG,EPG(PB08)_L8,L,cb_intrinsic,17
18664,ER2_c,ER2_c_R,R,cb_intrinsic,13217,EPG,EPG(PB08)_L8,L,cb_intrinsic,17
523788,ER3w_a,ER3w_a_R,R,cb_intrinsic,92188,EPG,EPG(PB08)_R7,R,cb_intrinsic,17
514042,ER2_b,ER2_b_L,L,cb_intrinsic,92188,EPG,EPG(PB08)_R7,R,cb_intrinsic,17
49002,ER3p_a,ER3p_a_L,L,cb_intrinsic,92188,EPG,EPG(PB08)_R7,R,cb_intrinsic,17
47271,ER3p_a,ER3p_a_L,L,cb_intrinsic,92188,EPG,EPG(PB08)_R7,R,cb_intrinsic,17
26673,ER3w_b,ER3w_b_L,L,cb_intrinsic,92188,EPG,EPG(PB08)_R7,R,cb_intrinsic,17
19917,ER2_c,ER2_c_R,R,cb_intrinsic,92188,EPG,EPG(PB08)_R7,R,cb_intrinsic,17
47271,ER3p_a,ER3p_a_L,L,cb_intrinsic,521812,EPG,EPG(PB08)_R7,R,cb_intrinsic,17
46089,ER3p_a,ER3p_a_L,L,cb_intrinsic,521812,EPG,EPG(PB08)_R7,R,cb_intrinsic,17
27806,ER3p_a,ER3p_a_R,R,cb_intrinsic,521812,EPG,EPG(PB08)_R7,R,cb_intrinsic,17
25297,ER3w_a,ER3w_a_R,R,cb_intrinsic,521812,EPG,EPG(PB08)_R7,R,cb_intrinsic,17
21179,ER2_a,ER2_a_R,R,cb_intrinsic,521812,EPG,EPG(PB08)_R7,R,cb_intrinsic,17
12357,ER2_c,ER2_c_L,L,cb_intrinsic,521812,EPG,EPG(PB08)_R7,R,cb_intrinsic,17
11933,ER2_c,ER2_c_R,R,cb_intrinsic,521812,EPG,EPG(PB08)_R7,R,cb_intrinsic,17
25841,ER3w_b,ER3w_b_L,L,cb_intrinsic,521813,EPG,EPG(PB08)_L2,L,cb_intrinsic,17
24122,ER4d,ER4d_R,R,cb_intrinsic,521813,EPG,EPG(PB08)_L2,L,cb_intrinsic,17
20945,ER2_c,ER2_c_R,R,cb_intrinsic,521813,EPG,EPG(PB08)_L2,L,cb_intrinsic,17
20590,ER2_a,ER2_a_R,R,cb_intrinsic,521813,EPG,EPG(PB08)_L2,L,cb_intrinsic,17
20559,ER2_a,ER2_a_L,L,cb_intrinsic,521813,EPG,EPG(PB08)_L2,L,cb_intrinsic,17
20404,ER4d,ER4d_L,L,cb_intrinsic,521813,EPG,EPG(PB08)_L2,L,cb_intrinsic,17
20317,ER2_c,ER2_c_L,L,cb_intrinsic,521813,EPG,EPG(PB08)_L2,L,cb_intrinsic,17
19900,ER2_c,ER2_c_L,L,cb_intrinsic,521813,EPG,EPG(PB08)_L2,L,cb_intrinsic,17
17679,ER2_d,ER2_d_R,R,cb_intrinsic,521813,EPG,EPG(PB08)_L2,L,cb_intrinsic,17
13094,ER4d,ER4d_R,R,cb_intrinsic,521813,EPG,EPG(PB08)_L2,L,cb_intrinsic,17
48291,ER3w_b,ER3w_b_L,L,cb_intrinsic,512513,EPG,EPG(PB08)_R1,R,cb_intrinsic,17
36524,ER2_a,ER2_a_L,L,cb_intrinsic,512513,EPG,EPG(PB08)_R1,R,cb_intrinsic,17
25359,ER3p_a,ER3p_a_R,R,cb_intrinsic,512513,EPG,EPG(PB08)_R1,R,cb_intrinsic,17
24122,ER4d,ER4d_R,R,cb_intrinsic,512513,EPG,EPG(PB08)_R1,R,cb_intrinsic,17
20317,ER2_c,ER2_c_L,L,cb_intrinsic,512513,EPG,EPG(PB08)_R1,R,cb_intrinsic,17
19355,ER2_c,ER2_c_R,R,cb_intrinsic,512513,EPG,EPG(PB08)_R1,R,cb_intrinsic,17
524075,ER2_d,ER2_d_L,L,cb_intrinsic,519941,EPG,EPG(PB08)_L3,L,cb_intrinsic,16
44010,ER3w_b,ER3w_b_L,L,cb_intrinsic,519941,EPG,EPG(PB08)_L3,L,cb_intrinsic,16
27770,ER3w_b,ER3w_b_R,R,cb_intrinsic,519941,EPG,EPG(PB08)_L3,L,cb_intrinsic,16
25447,ER3w_c,ER3w_c_R,R,cb_intrinsic,519941,EPG,EPG(PB08)_L3,L,cb_intrinsic,16
23097,ER2_a,ER2_a_L,L,cb_intrinsic,519941,EPG,EPG(PB08)_L3,L,cb_intrinsic,16
19900,ER2_c,ER2_c_L,L,cb_intrinsic,519941,EPG,EPG(PB08)_L3,L,cb_intrinsic,16
19355,ER2_c,ER2_c_R,R,cb_intrinsic,519941,EPG,EPG(PB08)_L3,L,cb_intrinsic,16
18508,ER2_c,ER2_c_L,L,cb_intrinsic,519941,EPG,EPG(PB08)_L3,L,cb_intrinsic,16
72491,ER1_c,ER1_c_R,R,cb_intrinsic,11989,EPG,EPG(PB08)_L5,L,cb_intrinsic,16
50888,ER2_c,ER2_c_L,L,cb_intrinsic,11989,EPG,EPG(PB08)_L5,L,cb_intrinsic,16
39503,ER3p_a,ER3p_a_L,L,cb_intrinsic,11989,EPG,EPG(PB08)_L5,L,cb_intrinsic,16
27043,ER3w_c,ER3w_c_R,R,cb_intrinsic,11989,EPG,EPG(PB08)_L5,L,cb_intrinsic,16
25841,ER3w_b,ER3w_b_L,L,cb_intrinsic,11989,EPG,EPG(PB08)_L5,L,cb_intrinsic,16
24879,ER4d,ER4d_L,L,cb_intrinsic,11989,EPG,EPG(PB08)_L5,L,cb_intrinsic,16
22461,ER4d,ER4d_R,R,cb_intrinsic,11989,EPG,EPG(PB08)_L5,L,cb_intrinsic,16
20590,ER2_a,ER2_a_R,R,cb_intrinsic,11989,EPG,EPG(PB08)_L5,L,cb_intrinsic,16
19569,ER2_c,ER2_c_R,R,cb_intrinsic,11989,EPG,EPG(PB08)_L5,L,cb_intrinsic,16
18377,ER3w_b,ER3w_b_L,L,cb_intrinsic,11989,EPG,EPG(PB08)_L5,L,cb_intrinsic,16
15444,ER2_d,ER2_d_L,L,cb_intrinsic,11989,EPG,EPG(PB08)_L5,L,cb_intrinsic,16
13094,ER4d,ER4d_R,R,cb_intrinsic,11989,EPG,EPG(PB08)_L5,L,cb_intrinsic,16
526143,ER3w_b,ER3w_b_L,L,cb_intrinsic,107195,EPG,EPG(PB08)_L5,L,cb_intrinsic,16
513346,ER3w_b,ER3w_b_R,R,cb_intrinsic,107195,EPG,EPG(PB08)_L5,L,cb_intrinsic,16
46089,ER3p_a,ER3p_a_L,L,cb_intrinsic,107195,EPG,EPG(PB08)_L5,L,cb_intrinsic,16
36524,ER2_a,ER2_a_L,L,cb_intrinsic,107195,EPG,EPG(PB08)_L5,L,cb_intrinsic,16
29545,ER3w_b,ER3w_b_R,R,cb_intrinsic,107195,EPG,EPG(PB08)_L5,L,cb_intrinsic,16
21449,ER2_c,ER2_c_R,R,cb_intrinsic,107195,EPG,EPG(PB08)_L5,L,cb_intrinsic,16
19917,ER2_c,ER2_c_R,R,cb_intrinsic,107195,EPG,EPG(PB08)_L5,L,cb_intrinsic,16
529207,ER3p_a,ER3p_a_R,R,cb_intrinsic,519328,EPG,EPG(PB08)_L3,L,cb_intrinsic,16
524075,ER2_d,ER2_d_L,L,cb_intrinsic,519328,EPG,EPG(PB08)_L3,L,cb_intrinsic,16
29545,ER3w_b,ER3w_b_R,R,cb_intrinsic,519328,EPG,EPG(PB08)_L3,L,cb_intrinsic,16
26843,ER3w_b,ER3w_b_R,R,cb_intrinsic,519328,EPG,EPG(PB08)_L3,L,cb_intrinsic,16
25297,ER3w_a,ER3w_a_R,R,cb_intrinsic,519328,EPG,EPG(PB08)_L3,L,cb_intrinsic,16
21752,ER2_c,ER2_c_L,L,cb_intrinsic,519328,EPG,EPG(PB08)_L3,L,cb_intrinsic,16
514803,ER2_b,ER2_b_L,L,cb_intrinsic,512928,EPG,EPG(PB08)_R3,R,cb_intrinsic,16
59337,ER3w_b,ER3w_b_L,L,cb_intrinsic,512928,EPG,EPG(PB08)_R3,R,cb_intrinsic,16
50888,ER2_c,ER2_c_L,L,cb_intrinsic,512928,EPG,EPG(PB08)_R3,R,cb_intrinsic,16
32315,ER1_a,ER1_a_L,L,cb_intrinsic,512928,EPG,EPG(PB08)_R3,R,cb_intrinsic,16
25709,ER2_c,ER2_c_L,L,cb_intrinsic,512928,EPG,EPG(PB08)_R3,R,cb_intrinsic,16
25203,ER3w_c,ER3w_c_L,L,cb_intrinsic,512928,EPG,EPG(PB08)_R3,R,cb_intrinsic,16
20980,ER4d,ER4d_R,R,cb_intrinsic,512928,EPG,EPG(PB08)_R3,R,cb_intrinsic,16
19900,ER2_c,ER2_c_L,L,cb_intrinsic,512928,EPG,EPG(PB08)_R3,R,cb_intrinsic,16
16343,ER4d,ER4d_R,R,cb_intrinsic,512928,EPG,EPG(PB08)_R3,R,cb_intrinsic,16
15444,ER2_d,ER2_d_L,L,cb_intrinsic,512928,EPG,EPG(PB08)_R3,R,cb_intrinsic,16
11933,ER2_c,ER2_c_R,R,cb_intrinsic,512928,EPG,EPG(PB08)_R3,R,cb_intrinsic,16
11933,ER2_c,ER2_c_R,R,cb_intrinsic,14507,EPG,EPG(PB08)_R7,R,cb_intrinsic,16
34607,ER4d,ER4d_L,L,cb_intrinsic,524073,EPG,EPG(PB08)_L2,L,cb_intrinsic,16
20559,ER2_a,ER2_a_L,L,cb_intrinsic,524073,EPG,EPG(PB08)_L2,L,cb_intrinsic,16
19917,ER2_c,ER2_c_R,R,cb_intrinsic,524073,EPG,EPG(PB08)_L2,L,cb_intrinsic,16
17679,ER2_d,ER2_d_R,R,cb_intrinsic,524073,EPG,EPG(PB08)_L2,L,cb_intrinsic,16
517264,ER3w_a,ER3w_a_R,R,cb_intrinsic,519144,EPG,EPG(PB08)_L8,L,cb_intrinsic,16
516110,ER6,ER6_R,R,cb_intrinsic,519144,EPG,EPG(PB08)_L8,L,cb_intrinsic,16
514042,ER2_b,ER2_b_L,L,cb_intrinsic,519144,EPG,EPG(PB08)_L8,L,cb_intrinsic,16
50694,ER3w_b,ER3w_b_L,L,cb_intrinsic,519144,EPG,EPG(PB08)_L8,L,cb_intrinsic,16
31088,ER3p_a,ER3p_a_R,R,cb_intrinsic,519144,EPG,EPG(PB08)_L8,L,cb_intrinsic,16
27806,ER3p_a,ER3p_a_R,R,cb_intrinsic,519144,EPG,EPG(PB08)_L8,L,cb_intrinsic,16
21277,ER2_a,ER2_a_R,R,cb_intrinsic,519144,EPG,EPG(PB08)_L8,L,cb_intrinsic,16
20945,ER2_c,ER2_c_R,R,cb_intrinsic,519144,EPG,EPG(PB08)_L8,L,cb_intrinsic,16
19807,ER2_c,ER2_c_L,L,cb_intrinsic,519144,EPG,EPG(PB08)_L8,L,cb_intrinsic,16
18377,ER3w_b,ER3w_b_L,L,cb_intrinsic,519144,EPG,EPG(PB08)_L8,L,cb_intrinsic,16
17679,ER2_d,ER2_d_R,R,cb_intrinsic,519144,EPG,EPG(PB08)_L8,L,cb_intrinsic,16
526552,ER3w_b,ER3w_b_R,R,cb_intrinsic,512305,EPG,EPG(PB08)_R8,R,cb_intrinsic,16
523788,ER3w_a,ER3w_a_R,R,cb_intrinsic,512305,EPG,EPG(PB08)_R8,R,cb_intrinsic,16
513346,ER3w_b,ER3w_b_R,R,cb_intrinsic,512305,EPG,EPG(PB08)_R8,R,cb_intrinsic,16
25841,ER3w_b,ER3w_b_L,L,cb_intrinsic,512305,EPG,EPG(PB08)_R8,R,cb_intrinsic,16
23097,ER2_a,ER2_a_L,L,cb_intrinsic,512305,EPG,EPG(PB08)_R8,R,cb_intrinsic,16
21752,ER2_c,ER2_c_L,L,cb_intrinsic,512305,EPG,EPG(PB08)_R8,R,cb_intrinsic,16
21645,ER2_a,ER2_a_L,L,cb_intrinsic,512305,EPG,EPG(PB08)_R8,R,cb_intrinsic,16
19900,ER2_c,ER2_c_L,L,cb_intrinsic,512305,EPG,EPG(PB08)_R8,R,cb_intrinsic,16
19807,ER2_c,ER2_c_L,L,cb_intrinsic,512305,EPG,EPG(PB08)_R8,R,cb_intrinsic,16
18733,ER2_c,ER2_c_L,L,cb_intrinsic,512305,EPG,EPG(PB08)_R8,R,cb_intrinsic,16
11933,ER2_c,ER2_c_R,R,cb_intrinsic,512305,EPG,EPG(PB08)_R8,R,cb_intrinsic,16
512606,ER3w_c,ER3w_c_L,L,cb_intrinsic,513464,EPG,EPG(PB08)_R8,R,cb_intrinsic,16
20253,ER2_a,ER2_a_R,R,cb_intrinsic,513464,EPG,EPG(PB08)_R8,R,cb_intrinsic,16
18508,ER2_c,ER2_c_L,L,cb_intrinsic,513464,EPG,EPG(PB08)_R8,R,cb_intrinsic,16
15444,ER2_d,ER2_d_L,L,cb_intrinsic,513464,EPG,EPG(PB08)_R8,R,cb_intrinsic,16
523788,ER3w_a,ER3w_a_R,R,cb_intrinsic,19825,EPG,EPG(PB08)_R6,R,cb_intrinsic,16
50694,ER3w_b,ER3w_b_L,L,cb_intrinsic,19825,EPG,EPG(PB08)_R6,R,cb_intrinsic,16
34652,ER1_b,ER1_b_L,L,cb_intrinsic,19825,EPG,EPG(PB08)_R6,R,cb_intrinsic,16
26136,ER2_b,ER2_b_R,R,cb_intrinsic,19825,EPG,EPG(PB08)_R6,R,cb_intrinsic,16
25797,ER4d,ER4d_L,L,cb_intrinsic,19825,EPG,EPG(PB08)_R6,R,cb_intrinsic,16
21645,ER2_a,ER2_a_L,L,cb_intrinsic,19825,EPG,EPG(PB08)_R6,R,cb_intrinsic,16
21059,ER2_d,ER2_d_R,R,cb_intrinsic,19825,EPG,EPG(PB08)_R6,R,cb_intrinsic,16
20883,ER2_c,ER2_c_R,R,cb_intrinsic,19825,EPG,EPG(PB08)_R6,R,cb_intrinsic,16
11933,ER2_c,ER2_c_R,R,cb_intrinsic,19825,EPG,EPG(PB08)_R6,R,cb_intrinsic,16
522745,ER2_c,ER2_c_L,L,cb_intrinsic,11307,EPG,EPG(PB08)_L4,L,cb_intrinsic,16
27043,ER3w_c,ER3w_c_R,R,cb_intrinsic,11307,EPG,EPG(PB08)_L4,L,cb_intrinsic,16
20945,ER2_c,ER2_c_R,R,cb_intrinsic,11307,EPG,EPG(PB08)_L4,L,cb_intrinsic,16
19425,ER2_c,ER2_c_R,R,cb_intrinsic,11307,EPG,EPG(PB08)_L4,L,cb_intrinsic,16
34652,ER1_b,ER1_b_L,L,cb_intrinsic,11503,EPG,EPG(PB08)_R8,R,cb_intrinsic,16
22461,ER4d,ER4d_R,R,cb_intrinsic,11503,EPG,EPG(PB08)_R8,R,cb_intrinsic,16
14308,ER4m,ER4m_L,L,cb_intrinsic,11503,EPG,EPG(PB08)_R8,R,cb_intrinsic,16
517059,ER2_a,ER2_a_L,L,cb_intrinsic,84758,EPG,EPG(PB08)_L7,L,cb_intrinsic,16
53745,ER3p_a,ER3p_a_L,L,cb_intrinsic,84758,EPG,EPG(PB08)_L7,L,cb_intrinsic,16
20945,ER2_c,ER2_c_R,R,cb_intrinsic,84758,EPG,EPG(PB08)_L7,L,cb_intrinsic,16
20605,ER2_a,ER2_a_L,L,cb_intrinsic,84758,EPG,EPG(PB08)_L7,L,cb_intrinsic,16
15444,ER2_d,ER2_d_L,L,cb_intrinsic,84758,EPG,EPG(PB08)_L7,L,cb_intrinsic,16
517264,ER3w_a,ER3w_a_R,R,cb_intrinsic,520812,EPG,EPG(PB08)_R8,R,cb_intrinsic,16
59337,ER3w_b,ER3w_b_L,L,cb_intrinsic,520812,EPG,EPG(PB08)_R8,R,cb_intrinsic,16
44010,ER3w_b,ER3w_b_L,L,cb_intrinsic,520812,EPG,EPG(PB08)_R8,R,cb_intrinsic,16
26136,ER2_b,ER2_b_R,R,cb_intrinsic,520812,EPG,EPG(PB08)_R8,R,cb_intrinsic,16
21882,ER2_a,ER2_a_L,L,cb_intrinsic,520812,EPG,EPG(PB08)_R8,R,cb_intrinsic,16
19737,ER4d,ER4d_R,R,cb_intrinsic,520812,EPG,EPG(PB08)_R8,R,cb_intrinsic,16
19355,ER2_c,ER2_c_R,R,cb_intrinsic,520812,EPG,EPG(PB08)_R8,R,cb_intrinsic,16
521528,ER5,ER5_L,L,cb_intrinsic,513284,EPG,EPG(PB08)_R3,R,cb_intrinsic,16
49002,ER3p_a,ER3p_a_L,L,cb_intrinsic,513284,EPG,EPG(PB08)_R3,R,cb_intrinsic,16
46089,ER3p_a,ER3p_a_L,L,cb_intrinsic,513284,EPG,EPG(PB08)_R3,R,cb_intrinsic,16
25297,ER3w_a,ER3w_a_R,R,cb_intrinsic,513284,EPG,EPG(PB08)_R3,R,cb_intrinsic,16
21449,ER2_c,ER2_c_R,R,cb_intrinsic,513284,EPG,EPG(PB08)_R3,R,cb_intrinsic,16
21059,ER2_d,ER2_d_R,R,cb_intrinsic,513284,EPG,EPG(PB08)_R3,R,cb_intrinsic,16
20664,ER2_a,ER2_a_R,R,cb_intrinsic,513284,EPG,EPG(PB08)_R3,R,cb_intrinsic,16
19323,ER4d,ER4d_R,R,cb_intrinsic,513284,EPG,EPG(PB08)_R3,R,cb_intrinsic,16
46089,ER3p_a,ER3p_a_L,L,cb_intrinsic,556346,EPG,EPG(PB08)_L6,L,cb_intrinsic,16
36235,ER1_c,ER1_c_L,L,cb_intrinsic,556346,EPG,EPG(PB08)_L6,L,cb_intrinsic,16
25297,ER3w_a,ER3w_a_R,R,cb_intrinsic,556346,EPG,EPG(PB08)_L6,L,cb_intrinsic,16
19900,ER2_c,ER2_c_L,L,cb_intrinsic,556346,EPG,EPG(PB08)_L6,L,cb_intrinsic,16
518690,ER1_b,ER1_b_R,R,cb_intrinsic,523786,EPG,EPG(PB08)_R4,R,cb_intrinsic,16
517264,ER3w_a,ER3w_a_R,R,cb_intrinsic,523786,EPG,EPG(PB08)_R4,R,cb_intrinsic,16
24879,ER4d,ER4d_L,L,cb_intrinsic,523786,EPG,EPG(PB08)_R4,R,cb_intrinsic,16
24549,ER3w_c,ER3w_c_L,L,cb_intrinsic,523786,EPG,EPG(PB08)_R4,R,cb_intrinsic,16
23197,ER4d,ER4d_L,L,cb_intrinsic,523786,EPG,EPG(PB08)_R4,R,cb_intrinsic,16
20590,ER2_a,ER2_a_R,R,cb_intrinsic,523786,EPG,EPG(PB08)_R4,R,cb_intrinsic,16
19900,ER2_c,ER2_c_L,L,cb_intrinsic,523786,EPG,EPG(PB08)_R4,R,cb_intrinsic,16
19737,ER4d,ER4d_R,R,cb_intrinsic,523786,EPG,EPG(PB08)_R4,R,cb_intrinsic,16
18733,ER2_c,ER2_c_L,L,cb_intrinsic,523786,EPG,EPG(PB08)_R4,R,cb_intrinsic,16
16818,ER4d,ER4d_R,R,cb_intrinsic,523786,EPG,EPG(PB08)_R4,R,cb_intrinsic,16
514803,ER2_b,ER2_b_L,L,cb_intrinsic,11987,EPG,EPG(PB08)_R5,R,cb_intrinsic,16
512319,ER6,ER6_L,L,cb_intrinsic,11987,EPG,EPG(PB08)_R5,R,cb_intrinsic,16
48291,ER3w_b,ER3w_b_L,L,cb_intrinsic,11987,EPG,EPG(PB08)_R5,R,cb_intrinsic,16
27043,ER3w_c,ER3w_c_R,R,cb_intrinsic,11987,EPG,EPG(PB08)_R5,R,cb_intrinsic,16
25501,ER3w_b,ER3w_b_L,L,cb_intrinsic,11987,EPG,EPG(PB08)_R5,R,cb_intrinsic,16
23097,ER2_a,ER2_a_L,L,cb_intrinsic,11987,EPG,EPG(PB08)_R5,R,cb_intrinsic,16
21277,ER2_a,ER2_a_R,R,cb_intrinsic,11987,EPG,EPG(PB08)_R5,R,cb_intrinsic,16
19917,ER2_c,ER2_c_R,R,cb_intrinsic,11987,EPG,EPG(PB08)_R5,R,cb_intrinsic,16
19900,ER2_c,ER2_c_L,L,cb_intrinsic,11987,EPG,EPG(PB08)_R5,R,cb_intrinsic,16
18664,ER2_c,ER2_c_R,R,cb_intrinsic,11987,EPG,EPG(PB08)_R5,R,cb_intrinsic,16
34607,ER4d,ER4d_L,L,cb_intrinsic,513033,EPG,EPG(PB08)_L8,L,cb_intrinsic,16
23874,ER4d,ER4d_R,R,cb_intrinsic,513033,EPG,EPG(PB08)_L8,L,cb_intrinsic,16
20590,ER2_a,ER2_a_R,R,cb_intrinsic,513033,EPG,EPG(PB08)_L8,L,cb_intrinsic,16
17679,ER2_d,ER2_d_R,R,cb_intrinsic,513033,EPG,EPG(PB08)_L8,L,cb_intrinsic,16
524075,ER2_d,ER2_d_L,L,cb_intrinsic,19125,EPG,EPG(PB08)_R5,R,cb_intrinsic,16
523788,ER3w_a,ER3w_a_R,R,cb_intrinsic,19125,EPG,EPG(PB08)_R5,R,cb_intrinsic,16
517264,ER3w_a,ER3w_a_R,R,cb_intrinsic,19125,EPG,EPG(PB08)_R5,R,cb_intrinsic,16
514180,ER3p_b,ER3p_b_R,R,cb_intrinsic,19125,EPG,EPG(PB08)_R5,R,cb_intrinsic,16
47271,ER3p_a,ER3p_a_L,L,cb_intrinsic,19125,EPG,EPG(PB08)_R5,R,cb_intrinsic,16
46707,ER3w_a,ER3w_a_L,L,cb_intrinsic,19125,EPG,EPG(PB08)_R5,R,cb_intrinsic,16
25447,ER3w_c,ER3w_c_R,R,cb_intrinsic,19125,EPG,EPG(PB08)_R5,R,cb_intrinsic,16
25359,ER3p_a,ER3p_a_R,R,cb_intrinsic,19125,EPG,EPG(PB08)_R5,R,cb_intrinsic,16
20883,ER2_c,ER2_c_R,R,cb_intrinsic,19125,EPG,EPG(PB08)_R5,R,cb_intrinsic,16
20664,ER2_a,ER2_a_R,R,cb_intrinsic,19125,EPG,EPG(PB08)_R5,R,cb_intrinsic,16
11933,ER2_c,ER2_c_R,R,cb_intrinsic,19125,EPG,EPG(PB08)_R5,R,cb_intrinsic,16
517264,ER3w_a,ER3w_a_R,R,cb_intrinsic,131313,EPG,EPG(PB08)_R6,R,cb_intrinsic,16
512607,ER3p_a,ER3p_a_R,R,cb_intrinsic,131313,EPG,EPG(PB08)_R6,R,cb_intrinsic,16
512319,ER6,ER6_L,L,cb_intrinsic,131313,EPG,EPG(PB08)_R6,R,cb_intrinsic,16
45134,ER3p_b,ER3p_b_L,L,cb_intrinsic,131313,EPG,EPG(PB08)_R6,R,cb_intrinsic,16
25797,ER4d,ER4d_L,L,cb_intrinsic,131313,EPG,EPG(PB08)_R6,R,cb_intrinsic,16
23315,ER4d,ER4d_L,L,cb_intrinsic,131313,EPG,EPG(PB08)_R6,R,cb_intrinsic,16
36524,ER2_a,ER2_a_L,L,cb_intrinsic,513517,EPG,EPG(PB08)_L4,L,cb_intrinsic,16
25797,ER4d,ER4d_L,L,cb_intrinsic,513517,EPG,EPG(PB08)_L4,L,cb_intrinsic,16
23197,ER4d,ER4d_L,L,cb_intrinsic,513517,EPG,EPG(PB08)_L4,L,cb_intrinsic,16
21882,ER2_a,ER2_a_L,L,cb_intrinsic,513517,EPG,EPG(PB08)_L4,L,cb_intrinsic,16
21645,ER2_a,ER2_a_L,L,cb_intrinsic,513517,EPG,EPG(PB08)_L4,L,cb_intrinsic,16
20317,ER2_c,ER2_c_L,L,cb_intrinsic,513517,EPG,EPG(PB08)_L4,L,cb_intrinsic,16
18733,ER2_c,ER2_c_L,L,cb_intrinsic,513517,EPG,EPG(PB08)_L4,L,cb_intrinsic,16
18508,ER2_c,ER2_c_L,L,cb_intrinsic,513517,EPG,EPG(PB08)_L4,L,cb_intrinsic,16
529207,ER3p_a,ER3p_a_R,R,cb_intrinsic,556347,EPG,EPG(PB08)_R4,R,cb_intrinsic,16
512606,ER3w_c,ER3w_c_L,L,cb_intrinsic,556347,EPG,EPG(PB08)_R4,R,cb_intrinsic,16
512319,ER6,ER6_L,L,cb_intrinsic,556347,EPG,EPG(PB08)_R4,R,cb_intrinsic,16
50694,ER3w_b,ER3w_b_L,L,cb_intrinsic,556347,EPG,EPG(PB08)_R4,R,cb_intrinsic,16
50007,ER3p_a,ER3p_a_L,L,cb_intrinsic,556347,EPG,EPG(PB08)_R4,R,cb_intrinsic,16
46089,ER3p_a,ER3p_a_L,L,cb_intrinsic,556347,EPG,EPG(PB08)_R4,R,cb_intrinsic,16
25447,ER3w_c,ER3w_c_R,R,cb_intrinsic,556347,EPG,EPG(PB08)_R4,R,cb_intrinsic,16
25359,ER3p_a,ER3p_a_R,R,cb_intrinsic,556347,EPG,EPG(PB08)_R4,R,cb_intrinsic,16
16598,ER3w_b,ER3w_b_R,R,cb_intrinsic,556347,EPG,EPG(PB08)_R4,R,cb_intrinsic,16
526143,ER3w_b,ER3w_b_L,L,cb_intrinsic,521409,EPG,EPG(PB08)_L8,L,cb_intrinsic,16
522745,ER2_c,ER2_c_L,L,cb_intrinsic,521409,EPG,EPG(PB08)_L8,L,cb_intrinsic,16
46242,ER3w_a,ER3w_a_L,L,cb_intrinsic,521409,EPG,EPG(PB08)_L8,L,cb_intrinsic,16
29545,ER3w_b,ER3w_b_R,R,cb_intrinsic,521409,EPG,EPG(PB08)_L8,L,cb_intrinsic,16
24076,ER4d,ER4d_R,R,cb_intrinsic,521409,EPG,EPG(PB08)_L8,L,cb_intrinsic,16
20605,ER2_a,ER2_a_L,L,cb_intrinsic,521409,EPG,EPG(PB08)_L8,L,cb_intrinsic,16
17679,ER2_d,ER2_d_R,R,cb_intrinsic,521409,EPG,EPG(PB08)_L8,L,cb_intrinsic,16
17419,ER6,ER6_R,R,cb_intrinsic,521409,EPG,EPG(PB08)_L8,L,cb_intrinsic,16
526552,ER3w_b,ER3w_b_R,R,cb_intrinsic,513463,EPG,EPG(PB08)_R2,R,cb_intrinsic,16
48291,ER3w_b,ER3w_b_L,L,cb_intrinsic,513463,EPG,EPG(PB08)_R2,R,cb_intrinsic,16
46707,ER3w_a,ER3w_a_L,L,cb_intrinsic,513463,EPG,EPG(PB08)_R2,R,cb_intrinsic,16
29545,ER3w_b,ER3w_b_R,R,cb_intrinsic,513463,EPG,EPG(PB08)_R2,R,cb_intrinsic,16
27770,ER3w_b,ER3w_b_R,R,cb_intrinsic,513463,EPG,EPG(PB08)_R2,R,cb_intrinsic,16
23197,ER4d,ER4d_L,L,cb_intrinsic,513463,EPG,EPG(PB08)_R2,R,cb_intrinsic,16
23097,ER2_a,ER2_a_L,L,cb_intrinsic,513463,EPG,EPG(PB08)_R2,R,cb_intrinsic,16
20883,ER2_c,ER2_c_R,R,cb_intrinsic,513463,EPG,EPG(PB08)_R2,R,cb_intrinsic,16
20678,ER2_d,ER2_d_R,R,cb_intrinsic,513463,EPG,EPG(PB08)_R2,R,cb_intrinsic,16
19355,ER2_c,ER2_c_R,R,cb_intrinsic,513463,EPG,EPG(PB08)_R2,R,cb_intrinsic,16
19323,ER4d,ER4d_R,R,cb_intrinsic,513463,EPG,EPG(PB08)_R2,R,cb_intrinsic,16
14464,ER6,ER6_L,L,cb_intrinsic,513463,EPG,EPG(PB08)_R2,R,cb_intrinsic,16
21179,ER2_a,ER2_a_R,R,cb_intrinsic,520818,EPG,EPG(PB08)_L4,L,cb_intrinsic,16
20559,ER2_a,ER2_a_L,L,cb_intrinsic,520818,EPG,EPG(PB08)_L4,L,cb_intrinsic,16
20253,ER2_a,ER2_a_R,R,cb_intrinsic,520818,EPG,EPG(PB08)_L4,L,cb_intrinsic,16
19410,ER4d,ER4d_L,L,cb_intrinsic,520818,EPG,EPG(PB08)_L4,L,cb_intrinsic,16
18733,ER2_c,ER2_c_L,L,cb_intrinsic,520818,EPG,EPG(PB08)_L4,L,cb_intrinsic,16
524075,ER2_d,ER2_d_L,L,cb_intrinsic,12449,EPG,EPG(PB08)_L5,L,cb_intrinsic,16
512606,ER3w_c,ER3w_c_L,L,cb_intrinsic,12449,EPG,EPG(PB08)_L5,L,cb_intrinsic,16
49002,ER3p_a,ER3p_a_L,L,cb_intrinsic,12449,EPG,EPG(PB08)_L5,L,cb_intrinsic,16
48291,ER3w_b,ER3w_b_L,L,cb_intrinsic,12449,EPG,EPG(PB08)_L5,L,cb_intrinsic,16
48096,ER3p_a,ER3p_a_L,L,cb_intrinsic,12449,EPG,EPG(PB08)_L5,L,cb_intrinsic,16
27806,ER3p_a,ER3p_a_R,R,cb_intrinsic,12449,EPG,EPG(PB08)_L5,L,cb_intrinsic,16
25709,ER2_c,ER2_c_L,L,cb_intrinsic,12449,EPG,EPG(PB08)_L5,L,cb_intrinsic,16
20945,ER2_c,ER2_c_R,R,cb_intrinsic,12449,EPG,EPG(PB08)_L5,L,cb_intrinsic,16
18508,ER2_c,ER2_c_L,L,cb_intrinsic,12449,EPG,EPG(PB08)_L5,L,cb_intrinsic,16
13094,ER4d,ER4d_R,R,cb_intrinsic,12449,EPG,EPG(PB08)_L5,L,cb_intrinsic,16
514803,ER2_b,ER2_b_L,L,cb_intrinsic,10539,EPG,EPG(PB08)_R2,R,cb_intrinsic,16
512319,ER6,ER6_L,L,cb_intrinsic,10539,EPG,EPG(PB08)_R2,R,cb_intrinsic,16
27806,ER3p_a,ER3p_a_R,R,cb_intrinsic,10539,EPG,EPG(PB08)_R2,R,cb_intrinsic,16
20404,ER4d,ER4d_L,L,cb_intrinsic,10539,EPG,EPG(PB08)_R2,R,cb_intrinsic,16
16343,ER4d,ER4d_R,R,cb_intrinsic,10539,EPG,EPG(PB08)_R2,R,cb_intrinsic,16
47186,ER3m,ER3m_R,R,cb_intrinsic,14727,EPG,EPG(PB08)_L7,L,cb_intrinsic,16
43683,ER3w_a,ER3w_a_R,R,cb_intrinsic,14727,EPG,EPG(PB08)_L7,L,cb_intrinsic,16
29545,ER3w_b,ER3w_b_R,R,cb_intrinsic,14727,EPG,EPG(PB08)_L7,L,cb_intrinsic,16
25297,ER3w_a,ER3w_a_R,R,cb_intrinsic,14727,EPG,EPG(PB08)_L7,L,cb_intrinsic,16
21277,ER2_a,ER2_a_R,R,cb_intrinsic,14727,EPG,EPG(PB08)_L7,L,cb_intrinsic,16
20253,ER2_a,ER2_a_R,R,cb_intrinsic,14727,EPG,EPG(PB08)_L7,L,cb_intrinsic,16
19807,ER2_c,ER2_c_L,L,cb_intrinsic,14727,EPG,EPG(PB08)_L7,L,cb_intrinsic,16
18058,ER2_b,ER2_b_L,L,cb_intrinsic,14727,EPG,EPG(PB08)_L7,L,cb_intrinsic,16
514042,ER2_b,ER2_b_L,L,cb_intrinsic,519140,EPG,EPG(PB08)_L1,L,cb_intrinsic,16
513678,ER3w_b,ER3w_b_R,R,cb_intrinsic,519140,EPG,EPG(PB08)_L1,L,cb_intrinsic,16
53745,ER3p_a,ER3p_a_L,L,cb_intrinsic,519140,EPG,EPG(PB08)_L1,L,cb_intrinsic,16
44010,ER3w_b,ER3w_b_L,L,cb_intrinsic,519140,EPG,EPG(PB08)_L1,L,cb_intrinsic,16
37105,ER1_b,ER1_b_L,L,cb_intrinsic,519140,EPG,EPG(PB08)_L1,L,cb_intrinsic,16
19569,ER2_c,ER2_c_R,R,cb_intrinsic,519140,EPG,EPG(PB08)_L1,L,cb_intrinsic,16
18664,ER2_c,ER2_c_R,R,cb_intrinsic,519140,EPG,EPG(PB08)_L1,L,cb_intrinsic,16
44830,ER3d_e,ER3d_e_R,R,cb_intrinsic,15616,EPG,EPG(PB08)_R3,R,cb_intrinsic,16
34652,ER1_b,ER1_b_L,L,cb_intrinsic,15616,EPG,EPG(PB08)_R3,R,cb_intrinsic,16
21882,ER2_a,ER2_a_L,L,cb_intrinsic,15616,EPG,EPG(PB08)_R3,R,cb_intrinsic,16
20605,ER2_a,ER2_a_L,L,cb_intrinsic,15616,EPG,EPG(PB08)_R3,R,cb_intrinsic,16
19917,ER2_c,ER2_c_R,R,cb_intrinsic,15616,EPG,EPG(PB08)_R3,R,cb_intrinsic,16
19807,ER2_c,ER2_c_L,L,cb_intrinsic,15616,EPG,EPG(PB08)_R3,R,cb_intrinsic,16
19425,ER2_c,ER2_c_R,R,cb_intrinsic,15616,EPG,EPG(PB08)_R3,R,cb_intrinsic,16
19355,ER2_c,ER2_c_R,R,cb_intrinsic,15616,EPG,EPG(PB08)_R3,R,cb_intrinsic,16
18508,ER2_c,ER2_c_L,L,cb_intrinsic,15616,EPG,EPG(PB08)_R3,R,cb_intrinsic,16
17591,ER4d,ER4d_R,R,cb_intrinsic,15616,EPG,EPG(PB08)_R3,R,cb_intrinsic,16
47271,ER3p_a,ER3p_a_L,L,cb_intrinsic,16360,EPG,EPG(PB08)_L6,L,cb_intrinsic,16
39503,ER3p_a,ER3p_a_L,L,cb_intrinsic,16360,EPG,EPG(PB08)_L6,L,cb_intrinsic,16
27806,ER3p_a,ER3p_a_R,R,cb_intrinsic,16360,EPG,EPG(PB08)_L6,L,cb_intrinsic,16
27043,ER3w_c,ER3w_c_R,R,cb_intrinsic,16360,EPG,EPG(PB08)_L6,L,cb_intrinsic,16
26843,ER3w_b,ER3w_b_R,R,cb_intrinsic,16360,EPG,EPG(PB08)_L6,L,cb_intrinsic,16
24549,ER3w_c,ER3w_c_L,L,cb_intrinsic,16360,EPG,EPG(PB08)_L6,L,cb_intrinsic,16
19569,ER2_c,ER2_c_R,R,cb_intrinsic,16360,EPG,EPG(PB08)_L6,L,cb_intrinsic,16
18377,ER3w_b,ER3w_b_L,L,cb_intrinsic,16360,EPG,EPG(PB08)_L6,L,cb_intrinsic,16
16818,ER4d,ER4d_R,R,cb_intrinsic,16360,EPG,EPG(PB08)_L6,L,cb_intrinsic,16
12357,ER2_c,ER2_c_L,L,cb_intrinsic,16360,EPG,EPG(PB08)_L6,L,cb_intrinsic,16
524075,ER2_d,ER2_d_L,L,cb_intrinsic,515675,EPG,EPG(PB08)_R1,R,cb_intrinsic,16
59337,ER3w_b,ER3w_b_L,L,cb_intrinsic,515675,EPG,EPG(PB08)_R1,R,cb_intrinsic,16
45134,ER3p_b,ER3p_b_L,L,cb_intrinsic,515675,EPG,EPG(PB08)_R1,R,cb_intrinsic,16
23520,ER4d,ER4d_L,L,cb_intrinsic,515675,EPG,EPG(PB08)_R1,R,cb_intrinsic,16
21179,ER2_a,ER2_a_R,R,cb_intrinsic,515675,EPG,EPG(PB08)_R1,R,cb_intrinsic,16
19900,ER2_c,ER2_c_L,L,cb_intrinsic,515675,EPG,EPG(PB08)_R1,R,cb_intrinsic,16
19425,ER2_c,ER2_c_R,R,cb_intrinsic,515675,EPG,EPG(PB08)_R1,R,cb_intrinsic,16
17591,ER4d,ER4d_R,R,cb_intrinsic,515675,EPG,EPG(PB08)_R1,R,cb_intrinsic,16
16598,ER3w_b,ER3w_b_R,R,cb_intrinsic,515675,EPG,EPG(PB08)_R1,R,cb_intrinsic,16
513678,ER3w_b,ER3w_b_R,R,cb_intrinsic,514126,EPG,EPG(PB08)_R5,R,cb_intrinsic,16
50007,ER3p_a,ER3p_a_L,L,cb_intrinsic,514126,EPG,EPG(PB08)_R5,R,cb_intrinsic,16
25709,ER2_c,ER2_c_L,L,cb_intrinsic,514126,EPG,EPG(PB08)_R5,R,cb_intrinsic,16
25203,ER3w_c,ER3w_c_L,L,cb_intrinsic,514126,EPG,EPG(PB08)_R5,R,cb_intrinsic,16
19935,ER2_c,ER2_c_R,R,cb_intrinsic,514126,EPG,EPG(PB08)_R5,R,cb_intrinsic,16
19917,ER2_c,ER2_c_R,R,cb_intrinsic,514126,EPG,EPG(PB08)_R5,R,cb_intrinsic,16
19569,ER2_c,ER2_c_R,R,cb_intrinsic,514126,EPG,EPG(PB08)_R5,R,cb_intrinsic,16
18058,ER2_b,ER2_b_L,L,cb_intrinsic,514126,EPG,EPG(PB08)_R5,R,cb_intrinsic,16
13999,ER3w_c,ER3w_c_R,R,cb_intrinsic,514126,EPG,EPG(PB08)_R5,R,cb_intrinsic,16
12357,ER2_c,ER2_c_L,L,cb_intrinsic,514126,EPG,EPG(PB08)_R5,R,cb_intrinsic,16
514803,ER2_b,ER2_b_L,L,cb_intrinsic,513520,EPG,EPG(PB08)_R6,R,cb_intrinsic,16
514042,ER2_b,ER2_b_L,L,cb_intrinsic,513520,EPG,EPG(PB08)_R6,R,cb_intrinsic,16
53745,ER3p_a,ER3p_a_L,L,cb_intrinsic,513520,EPG,EPG(PB08)_R6,R,cb_intrinsic,16
25203,ER3w_c,ER3w_c_L,L,cb_intrinsic,513520,EPG,EPG(PB08)_R6,R,cb_intrinsic,16
24459,ER4d,ER4d_L,L,cb_intrinsic,513520,EPG,EPG(PB08)_R6,R,cb_intrinsic,16
12357,ER2_c,ER2_c_L,L,cb_intrinsic,513520,EPG,EPG(PB08)_R6,R,cb_intrinsic,16
523788,ER3w_a,ER3w_a_R,R,cb_intrinsic,11874,EPG,EPG(PB08)_L7,L,cb_intrinsic,16
53745,ER3p_a,ER3p_a_L,L,cb_intrinsic,11874,EPG,EPG(PB08)_L7,L,cb_intrinsic,16
48291,ER3w_b,ER3w_b_L,L,cb_intrinsic,11874,EPG,EPG(PB08)_L7,L,cb_intrinsic,16
48096,ER3p_a,ER3p_a_L,L,cb_intrinsic,11874,EPG,EPG(PB08)_L7,L,cb_intrinsic,16
31735,ER1_a,ER1_a_L,L,cb_intrinsic,11874,EPG,EPG(PB08)_L7,L,cb_intrinsic,16
25709,ER2_c,ER2_c_L,L,cb_intrinsic,11874,EPG,EPG(PB08)_L7,L,cb_intrinsic,16
25501,ER3w_b,ER3w_b_L,L,cb_intrinsic,11874,EPG,EPG(PB08)_L7,L,cb_intrinsic,16
25203,ER3w_c,ER3w_c_L,L,cb_intrinsic,11874,EPG,EPG(PB08)_L7,L,cb_intrinsic,16
24459,ER4d,ER4d_L,L,cb_intrinsic,11874,EPG,EPG(PB08)_L7,L,cb_intrinsic,16
23874,ER4d,ER4d_R,R,cb_intrinsic,11874,EPG,EPG(PB08)_L7,L,cb_intrinsic,16
19323,ER4d,ER4d_R,R,cb_intrinsic,11874,EPG,EPG(PB08)_L7,L,cb_intrinsic,16
513678,ER3w_b,ER3w_b_R,R,cb_intrinsic,512514,EPG,EPG(PB08)_L1,L,cb_intrinsic,16
513346,ER3w_b,ER3w_b_R,R,cb_intrinsic,512514,EPG,EPG(PB08)_L1,L,cb_intrinsic,16
49002,ER3p_a,ER3p_a_L,L,cb_intrinsic,512514,EPG,EPG(PB08)_L1,L,cb_intrinsic,16
47271,ER3p_a,ER3p_a_L,L,cb_intrinsic,512514,EPG,EPG(PB08)_L1,L,cb_intrinsic,16
46707,ER3w_a,ER3w_a_L,L,cb_intrinsic,512514,EPG,EPG(PB08)_L1,L,cb_intrinsic,16
46341,ER3w_b,ER3w_b_L,L,cb_intrinsic,512514,EPG,EPG(PB08)_L1,L,cb_intrinsic,16
25501,ER3w_b,ER3w_b_L,L,cb_intrinsic,512514,EPG,EPG(PB08)_L1,L,cb_intrinsic,16
529207,ER3p_a,ER3p_a_R,R,cb_intrinsic,88342,EPG,EPG(PB08)_L3,L,cb_intrinsic,16
31088,ER3p_a,ER3p_a_R,R,cb_intrinsic,88342,EPG,EPG(PB08)_L3,L,cb_intrinsic,16
27013,ER3m,ER3m_L,L,cb_intrinsic,88342,EPG,EPG(PB08)_L3,L,cb_intrinsic,16
26673,ER3w_b,ER3w_b_L,L,cb_intrinsic,88342,EPG,EPG(PB08)_L3,L,cb_intrinsic,16
21449,ER2_c,ER2_c_R,R,cb_intrinsic,88342,EPG,EPG(PB08)_L3,L,cb_intrinsic,16
19807,ER2_c,ER2_c_L,L,cb_intrinsic,88342,EPG,EPG(PB08)_L3,L,cb_intrinsic,16
17679,ER2_d,ER2_d_R,R,cb_intrinsic,88342,EPG,EPG(PB08)_L3,L,cb_intrinsic,16
515761,ER3p_a,ER3p_a_R,R,cb_intrinsic,15713,EPG,EPG(PB08)_L6,L,cb_intrinsic,16
53745,ER3p_a,ER3p_a_L,L,cb_intrinsic,15713,EPG,EPG(PB08)_L6,L,cb_intrinsic,16
50808,ER4d,ER4d_L,L,cb_intrinsic,15713,EPG,EPG(PB08)_L6,L,cb_intrinsic,16
34652,ER1_b,ER1_b_L,L,cb_intrinsic,15713,EPG,EPG(PB08)_L6,L,cb_intrinsic,16
12357,ER2_c,ER2_c_L,L,cb_intrinsic,15713,EPG,EPG(PB08)_L6,L,cb_intrinsic,16
513346,ER3w_b,ER3w_b_R,R,cb_intrinsic,520581,EPG,EPG(PB08)_R4,R,cb_intrinsic,16
47186,ER3m,ER3m_R,R,cb_intrinsic,520581,EPG,EPG(PB08)_R4,R,cb_intrinsic,16
37817,ER3d_e,ER3d_e_R,R,cb_intrinsic,520581,EPG,EPG(PB08)_R4,R,cb_intrinsic,16
25501,ER3w_b,ER3w_b_L,L,cb_intrinsic,520581,EPG,EPG(PB08)_R4,R,cb_intrinsic,16
20559,ER2_a,ER2_a_L,L,cb_intrinsic,520581,EPG,EPG(PB08)_R4,R,cb_intrinsic,16
19917,ER2_c,ER2_c_R,R,cb_intrinsic,520581,EPG,EPG(PB08)_R4,R,cb_intrinsic,16
11933,ER2_c,ER2_c_R,R,cb_intrinsic,520581,EPG,EPG(PB08)_R4,R,cb_intrinsic,16
514042,ER2_b,ER2_b_L,L,cb_intrinsic,13217,EPG,EPG(PB08)_L8,L,cb_intrinsic,16
36524,ER2_a,ER2_a_L,L,cb_intrinsic,13217,EPG,EPG(PB08)_L8,L,cb_intrinsic,16
24879,ER4d,ER4d_L,L,cb_intrinsic,13217,EPG,EPG(PB08)_L8,L,cb_intrinsic,16
23520,ER4d,ER4d_L,L,cb_intrinsic,13217,EPG,EPG(PB08)_L8,L,cb_intrinsic,16
21449,ER2_c,ER2_c_R,R,cb_intrinsic,13217,EPG,EPG(PB08)_L8,L,cb_intrinsic,16
21059,ER2_d,ER2_d_R,R,cb_intrinsic,13217,EPG,EPG(PB08)_L8,L,cb_intrinsic,16
19917,ER2_c,ER2_c_R,R,cb_intrinsic,13217,EPG,EPG(PB08)_L8,L,cb_intrinsic,16
16598,ER3w_b,ER3w_b_R,R,cb_intrinsic,13217,EPG,EPG(PB08)_L8,L,cb_intrinsic,16
16343,ER4d,ER4d_R,R,cb_intrinsic,13217,EPG,EPG(PB08)_L8,L,cb_intrinsic,16
15444,ER2_d,ER2_d_L,L,cb_intrinsic,13217,EPG,EPG(PB08)_L8,L,cb_intrinsic,16
11933,ER2_c,ER2_c_R,R,cb_intrinsic,13217,EPG,EPG(PB08)_L8,L,cb_intrinsic,16
59337,ER3w_b,ER3w_b_L,L,cb_intrinsic,92188,EPG,EPG(PB08)_R7,R,cb_intrinsic,16
26798,ER1_a,ER1_a_L,L,cb_intrinsic,92188,EPG,EPG(PB08)_R7,R,cb_intrinsic,16
24549,ER3w_c,ER3w_c_L,L,cb_intrinsic,92188,EPG,EPG(PB08)_R7,R,cb_intrinsic,16
21645,ER2_a,ER2_a_L,L,cb_intrinsic,92188,EPG,EPG(PB08)_R7,R,cb_intrinsic,16
50888,ER2_c,ER2_c_L,L,cb_intrinsic,521812,EPG,EPG(PB08)_R7,R,cb_intrinsic,16
43683,ER3w_a,ER3w_a_R,R,cb_intrinsic,521812,EPG,EPG(PB08)_R7,R,cb_intrinsic,16
25359,ER3p_a,ER3p_a_R,R,cb_intrinsic,521812,EPG,EPG(PB08)_R7,R,cb_intrinsic,16
19935,ER2_c,ER2_c_R,R,cb_intrinsic,521812,EPG,EPG(PB08)_R7,R,cb_intrinsic,16
18733,ER2_c,ER2_c_L,L,cb_intrinsic,521812,EPG,EPG(PB08)_R7,R,cb_intrinsic,16
512606,ER3w_c,ER3w_c_L,L,cb_intrinsic,521813,EPG,EPG(PB08)_L2,L,cb_intrinsic,16
53618,ER3p_b,ER3p_b_L,L,cb_intrinsic,521813,EPG,EPG(PB08)_L2,L,cb_intrinsic,16
50808,ER4d,ER4d_L,L,cb_intrinsic,521813,EPG,EPG(PB08)_L2,L,cb_intrinsic,16
46242,ER3w_a,ER3w_a_L,L,cb_intrinsic,521813,EPG,EPG(PB08)_L2,L,cb_intrinsic,16
37058,ER1_b,ER1_b_R,R,cb_intrinsic,521813,EPG,EPG(PB08)_L2,L,cb_intrinsic,16
21882,ER2_a,ER2_a_L,L,cb_intrinsic,521813,EPG,EPG(PB08)_L2,L,cb_intrinsic,16
21449,ER2_c,ER2_c_R,R,cb_intrinsic,521813,EPG,EPG(PB08)_L2,L,cb_intrinsic,16
16598,ER3w_b,ER3w_b_R,R,cb_intrinsic,521813,EPG,EPG(PB08)_L2,L,cb_intrinsic,16
526143,ER3w_b,ER3w_b_L,L,cb_intrinsic,512513,EPG,EPG(PB08)_R1,R,cb_intrinsic,16
522745,ER2_c,ER2_c_L,L,cb_intrinsic,512513,EPG,EPG(PB08)_R1,R,cb_intrinsic,16
521528,ER5,ER5_L,L,cb_intrinsic,512513,EPG,EPG(PB08)_R1,R,cb_intrinsic,16
517059,ER2_a,ER2_a_L,L,cb_intrinsic,512513,EPG,EPG(PB08)_R1,R,cb_intrinsic,16
46089,ER3p_a,ER3p_a_L,L,cb_intrinsic,512513,EPG,EPG(PB08)_R1,R,cb_intrinsic,16
25447,ER3w_c,ER3w_c_R,R,cb_intrinsic,512513,EPG,EPG(PB08)_R1,R,cb_intrinsic,16
25203,ER3w_c,ER3w_c_L,L,cb_intrinsic,512513,EPG,EPG(PB08)_R1,R,cb_intrinsic,16
23520,ER4d,ER4d_L,L,cb_intrinsic,512513,EPG,EPG(PB08)_R1,R,cb_intrinsic,16
23097,ER2_a,ER2_a_L,L,cb_intrinsic,512513,EPG,EPG(PB08)_R1,R,cb_intrinsic,16
21179,ER2_a,ER2_a_R,R,cb_intrinsic,512513,EPG,EPG(PB08)_R1,R,cb_intrinsic,16
13999,ER3w_c,ER3w_c_R,R,cb_intrinsic,512513,EPG,EPG(PB08)_R1,R,cb_intrinsic,16
13094,ER4d,ER4d_R,R,cb_intrinsic,512513,EPG,EPG(PB08)_R1,R,cb_intrinsic,16
526552,ER3w_b,ER3w_b_R,R,cb_intrinsic,519941,EPG,EPG(PB08)_L3,L,cb_intrinsic,15
515761,ER3p_a,ER3p_a_R,R,cb_intrinsic,519941,EPG,EPG(PB08)_L3,L,cb_intrinsic,15
514042,ER2_b,ER2_b_L,L,cb_intrinsic,519941,EPG,EPG(PB08)_L3,L,cb_intrinsic,15
513678,ER3w_b,ER3w_b_R,R,cb_intrinsic,519941,EPG,EPG(PB08)_L3,L,cb_intrinsic,15
43683,ER3w_a,ER3w_a_R,R,cb_intrinsic,519941,EPG,EPG(PB08)_L3,L,cb_intrinsic,15
31681,ER1_a,ER1_a_R,R,cb_intrinsic,519941,EPG,EPG(PB08)_L3,L,cb_intrinsic,15
19425,ER2_c,ER2_c_R,R,cb_intrinsic,519941,EPG,EPG(PB08)_L3,L,cb_intrinsic,15
50808,ER4d,ER4d_L,L,cb_intrinsic,11989,EPG,EPG(PB08)_L5,L,cb_intrinsic,15
45134,ER3p_b,ER3p_b_L,L,cb_intrinsic,11989,EPG,EPG(PB08)_L5,L,cb_intrinsic,15
39095,ER1_a,ER1_a_L,L,cb_intrinsic,11989,EPG,EPG(PB08)_L5,L,cb_intrinsic,15
37817,ER3d_e,ER3d_e_R,R,cb_intrinsic,11989,EPG,EPG(PB08)_L5,L,cb_intrinsic,15
37058,ER1_b,ER1_b_R,R,cb_intrinsic,11989,EPG,EPG(PB08)_L5,L,cb_intrinsic,15
27850,ER3w_b,ER3w_b_R,R,cb_intrinsic,11989,EPG,EPG(PB08)_L5,L,cb_intrinsic,15
27806,ER3p_a,ER3p_a_R,R,cb_intrinsic,11989,EPG,EPG(PB08)_L5,L,cb_intrinsic,15
23874,ER4d,ER4d_R,R,cb_intrinsic,11989,EPG,EPG(PB08)_L5,L,cb_intrinsic,15
20945,ER2_c,ER2_c_R,R,cb_intrinsic,11989,EPG,EPG(PB08)_L5,L,cb_intrinsic,15
17419,ER6,ER6_R,R,cb_intrinsic,11989,EPG,EPG(PB08)_L5,L,cb_intrinsic,15
12357,ER2_c,ER2_c_L,L,cb_intrinsic,11989,EPG,EPG(PB08)_L5,L,cb_intrinsic,15
59337,ER3w_b,ER3w_b_L,L,cb_intrinsic,107195,EPG,EPG(PB08)_L5,L,cb_intrinsic,15
21645,ER2_a,ER2_a_L,L,cb_intrinsic,107195,EPG,EPG(PB08)_L5,L,cb_intrinsic,15
19900,ER2_c,ER2_c_L,L,cb_intrinsic,107195,EPG,EPG(PB08)_L5,L,cb_intrinsic,15
19425,ER2_c,ER2_c_R,R,cb_intrinsic,107195,EPG,EPG(PB08)_L5,L,cb_intrinsic,15
15444,ER2_d,ER2_d_L,L,cb_intrinsic,107195,EPG,EPG(PB08)_L5,L,cb_intrinsic,15
514042,ER2_b,ER2_b_L,L,cb_intrinsic,519328,EPG,EPG(PB08)_L3,L,cb_intrinsic,15
513346,ER3w_b,ER3w_b_R,R,cb_intrinsic,519328,EPG,EPG(PB08)_L3,L,cb_intrinsic,15
50694,ER3w_b,ER3w_b_L,L,cb_intrinsic,519328,EPG,EPG(PB08)_L3,L,cb_intrinsic,15
50007,ER3p_a,ER3p_a_L,L,cb_intrinsic,519328,EPG,EPG(PB08)_L3,L,cb_intrinsic,15
48096,ER3p_a,ER3p_a_L,L,cb_intrinsic,519328,EPG,EPG(PB08)_L3,L,cb_intrinsic,15
26673,ER3w_b,ER3w_b_L,L,cb_intrinsic,519328,EPG,EPG(PB08)_L3,L,cb_intrinsic,15
25709,ER2_c,ER2_c_L,L,cb_intrinsic,519328,EPG,EPG(PB08)_L3,L,cb_intrinsic,15
20253,ER2_a,ER2_a_R,R,cb_intrinsic,519328,EPG,EPG(PB08)_L3,L,cb_intrinsic,15
18058,ER2_b,ER2_b_L,L,cb_intrinsic,519328,EPG,EPG(PB08)_L3,L,cb_intrinsic,15
511857,ER1_c,ER1_c_L,L,cb_intrinsic,512928,EPG,EPG(PB08)_R3,R,cb_intrinsic,15
31735,ER1_a,ER1_a_L,L,cb_intrinsic,512928,EPG,EPG(PB08)_R3,R,cb_intrinsic,15
31121,ER3a_c,ER3a_c_L,L,cb_intrinsic,512928,EPG,EPG(PB08)_R3,R,cb_intrinsic,15
22461,ER4d,ER4d_R,R,cb_intrinsic,512928,EPG,EPG(PB08)_R3,R,cb_intrinsic,15
19425,ER2_c,ER2_c_R,R,cb_intrinsic,512928,EPG,EPG(PB08)_R3,R,cb_intrinsic,15
16818,ER4d,ER4d_R,R,cb_intrinsic,512928,EPG,EPG(PB08)_R3,R,cb_intrinsic,15
20590,ER2_a,ER2_a_R,R,cb_intrinsic,14507,EPG,EPG(PB08)_R7,R,cb_intrinsic,15
19935,ER2_c,ER2_c_R,R,cb_intrinsic,14507,EPG,EPG(PB08)_R7,R,cb_intrinsic,15
19807,ER2_c,ER2_c_L,L,cb_intrinsic,14507,EPG,EPG(PB08)_R7,R,cb_intrinsic,15
16440,ER4m,ER4m_L,L,cb_intrinsic,14507,EPG,EPG(PB08)_R7,R,cb_intrinsic,15
524075,ER2_d,ER2_d_L,L,cb_intrinsic,524073,EPG,EPG(PB08)_L2,L,cb_intrinsic,15
517059,ER2_a,ER2_a_L,L,cb_intrinsic,524073,EPG,EPG(PB08)_L2,L,cb_intrinsic,15
514042,ER2_b,ER2_b_L,L,cb_intrinsic,524073,EPG,EPG(PB08)_L2,L,cb_intrinsic,15
27850,ER3w_b,ER3w_b_R,R,cb_intrinsic,524073,EPG,EPG(PB08)_L2,L,cb_intrinsic,15
24879,ER4d,ER4d_L,L,cb_intrinsic,524073,EPG,EPG(PB08)_L2,L,cb_intrinsic,15
24093,ER3w_a,ER3w_a_R,R,cb_intrinsic,524073,EPG,EPG(PB08)_L2,L,cb_intrinsic,15
19425,ER2_c,ER2_c_R,R,cb_intrinsic,524073,EPG,EPG(PB08)_L2,L,cb_intrinsic,15
12357,ER2_c,ER2_c_L,L,cb_intrinsic,524073,EPG,EPG(PB08)_L2,L,cb_intrinsic,15
522745,ER2_c,ER2_c_L,L,cb_intrinsic,519144,EPG,EPG(PB08)_L8,L,cb_intrinsic,15
50808,ER4d,ER4d_L,L,cb_intrinsic,519144,EPG,EPG(PB08)_L8,L,cb_intrinsic,15
47271,ER3p_a,ER3p_a_L,L,cb_intrinsic,519144,EPG,EPG(PB08)_L8,L,cb_intrinsic,15
36524,ER2_a,ER2_a_L,L,cb_intrinsic,519144,EPG,EPG(PB08)_L8,L,cb_intrinsic,15
25709,ER2_c,ER2_c_L,L,cb_intrinsic,519144,EPG,EPG(PB08)_L8,L,cb_intrinsic,15
24549,ER3w_c,ER3w_c_L,L,cb_intrinsic,519144,EPG,EPG(PB08)_L8,L,cb_intrinsic,15
21645,ER2_a,ER2_a_L,L,cb_intrinsic,519144,EPG,EPG(PB08)_L8,L,cb_intrinsic,15
19935,ER2_c,ER2_c_R,R,cb_intrinsic,519144,EPG,EPG(PB08)_L8,L,cb_intrinsic,15
18664,ER2_c,ER2_c_R,R,cb_intrinsic,519144,EPG,EPG(PB08)_L8,L,cb_intrinsic,15
16343,ER4d,ER4d_R,R,cb_intrinsic,519144,EPG,EPG(PB08)_L8,L,cb_intrinsic,15
529207,ER3p_a,ER3p_a_R,R,cb_intrinsic,512305,EPG,EPG(PB08)_R8,R,cb_intrinsic,15
517264,ER3w_a,ER3w_a_R,R,cb_intrinsic,512305,EPG,EPG(PB08)_R8,R,cb_intrinsic,15
48096,ER3p_a,ER3p_a_L,L,cb_intrinsic,512305,EPG,EPG(PB08)_R8,R,cb_intrinsic,15
46707,ER3w_a,ER3w_a_L,L,cb_intrinsic,512305,EPG,EPG(PB08)_R8,R,cb_intrinsic,15
38268,ER1_b,ER1_b_R,R,cb_intrinsic,512305,EPG,EPG(PB08)_R8,R,cb_intrinsic,15
31088,ER3p_a,ER3p_a_R,R,cb_intrinsic,512305,EPG,EPG(PB08)_R8,R,cb_intrinsic,15
24879,ER4d,ER4d_L,L,cb_intrinsic,512305,EPG,EPG(PB08)_R8,R,cb_intrinsic,15
24549,ER3w_c,ER3w_c_L,L,cb_intrinsic,512305,EPG,EPG(PB08)_R8,R,cb_intrinsic,15
20945,ER2_c,ER2_c_R,R,cb_intrinsic,512305,EPG,EPG(PB08)_R8,R,cb_intrinsic,15
13999,ER3w_c,ER3w_c_R,R,cb_intrinsic,512305,EPG,EPG(PB08)_R8,R,cb_intrinsic,15
526143,ER3w_b,ER3w_b_L,L,cb_intrinsic,513464,EPG,EPG(PB08)_R8,R,cb_intrinsic,15
50808,ER4d,ER4d_L,L,cb_intrinsic,513464,EPG,EPG(PB08)_R8,R,cb_intrinsic,15
25203,ER3w_c,ER3w_c_L,L,cb_intrinsic,513464,EPG,EPG(PB08)_R8,R,cb_intrinsic,15
21645,ER2_a,ER2_a_L,L,cb_intrinsic,513464,EPG,EPG(PB08)_R8,R,cb_intrinsic,15
19425,ER2_c,ER2_c_R,R,cb_intrinsic,513464,EPG,EPG(PB08)_R8,R,cb_intrinsic,15
16818,ER4d,ER4d_R,R,cb_intrinsic,513464,EPG,EPG(PB08)_R8,R,cb_intrinsic,15
514180,ER3p_b,ER3p_b_R,R,cb_intrinsic,19825,EPG,EPG(PB08)_R6,R,cb_intrinsic,15
512606,ER3w_c,ER3w_c_L,L,cb_intrinsic,19825,EPG,EPG(PB08)_R6,R,cb_intrinsic,15
71503,ER1_c,ER1_c_R,R,cb_intrinsic,19825,EPG,EPG(PB08)_R6,R,cb_intrinsic,15
48096,ER3p_a,ER3p_a_L,L,cb_intrinsic,19825,EPG,EPG(PB08)_R6,R,cb_intrinsic,15
39503,ER3p_a,ER3p_a_L,L,cb_intrinsic,19825,EPG,EPG(PB08)_R6,R,cb_intrinsic,15
27043,ER3w_c,ER3w_c_R,R,cb_intrinsic,19825,EPG,EPG(PB08)_R6,R,cb_intrinsic,15
21752,ER2_c,ER2_c_L,L,cb_intrinsic,19825,EPG,EPG(PB08)_R6,R,cb_intrinsic,15
19935,ER2_c,ER2_c_R,R,cb_intrinsic,19825,EPG,EPG(PB08)_R6,R,cb_intrinsic,15
19569,ER2_c,ER2_c_R,R,cb_intrinsic,19825,EPG,EPG(PB08)_R6,R,cb_intrinsic,15
19425,ER2_c,ER2_c_R,R,cb_intrinsic,19825,EPG,EPG(PB08)_R6,R,cb_intrinsic,15
18377,ER3w_b,ER3w_b_L,L,cb_intrinsic,19825,EPG,EPG(PB08)_R6,R,cb_intrinsic,15
16598,ER3w_b,ER3w_b_R,R,cb_intrinsic,19825,EPG,EPG(PB08)_R6,R,cb_intrinsic,15
21277,ER2_a,ER2_a_R,R,cb_intrinsic,11307,EPG,EPG(PB08)_L4,L,cb_intrinsic,15
19935,ER2_c,ER2_c_R,R,cb_intrinsic,11307,EPG,EPG(PB08)_L4,L,cb_intrinsic,15
18664,ER2_c,ER2_c_R,R,cb_intrinsic,11307,EPG,EPG(PB08)_L4,L,cb_intrinsic,15
529207,ER3p_a,ER3p_a_R,R,cb_intrinsic,11503,EPG,EPG(PB08)_R8,R,cb_intrinsic,15
522745,ER2_c,ER2_c_L,L,cb_intrinsic,11503,EPG,EPG(PB08)_R8,R,cb_intrinsic,15
454614,ER4m,ER4m_L,L,cb_intrinsic,11503,EPG,EPG(PB08)_R8,R,cb_intrinsic,15
50007,ER3p_a,ER3p_a_L,L,cb_intrinsic,11503,EPG,EPG(PB08)_R8,R,cb_intrinsic,15
23197,ER4d,ER4d_L,L,cb_intrinsic,11503,EPG,EPG(PB08)_R8,R,cb_intrinsic,15
20678,ER2_d,ER2_d_R,R,cb_intrinsic,11503,EPG,EPG(PB08)_R8,R,cb_intrinsic,15
20664,ER2_a,ER2_a_R,R,cb_intrinsic,11503,EPG,EPG(PB08)_R8,R,cb_intrinsic,15
20605,ER2_a,ER2_a_L,L,cb_intrinsic,11503,EPG,EPG(PB08)_R8,R,cb_intrinsic,15
20559,ER2_a,ER2_a_L,L,cb_intrinsic,11503,EPG,EPG(PB08)_R8,R,cb_intrinsic,15
20253,ER2_a,ER2_a_R,R,cb_intrinsic,11503,EPG,EPG(PB08)_R8,R,cb_intrinsic,15
19737,ER4d,ER4d_R,R,cb_intrinsic,11503,EPG,EPG(PB08)_R8,R,cb_intrinsic,15
19569,ER2_c,ER2_c_R,R,cb_intrinsic,11503,EPG,EPG(PB08)_R8,R,cb_intrinsic,15
16598,ER3w_b,ER3w_b_R,R,cb_intrinsic,11503,EPG,EPG(PB08)_R8,R,cb_intrinsic,15
517264,ER3w_a,ER3w_a_R,R,cb_intrinsic,84758,EPG,EPG(PB08)_L7,L,cb_intrinsic,15
72491,ER1_c,ER1_c_R,R,cb_intrinsic,84758,EPG,EPG(PB08)_L7,L,cb_intrinsic,15
54597,ER1_a,ER1_a_L,L,cb_intrinsic,84758,EPG,EPG(PB08)_L7,L,cb_intrinsic,15
40213,ER1_b,ER1_b_L,L,cb_intrinsic,84758,EPG,EPG(PB08)_L7,L,cb_intrinsic,15
25841,ER3w_b,ER3w_b_L,L,cb_intrinsic,84758,EPG,EPG(PB08)_L7,L,cb_intrinsic,15
21277,ER2_a,ER2_a_R,R,cb_intrinsic,84758,EPG,EPG(PB08)_L7,L,cb_intrinsic,15
21059,ER2_d,ER2_d_R,R,cb_intrinsic,84758,EPG,EPG(PB08)_L7,L,cb_intrinsic,15
19807,ER2_c,ER2_c_L,L,cb_intrinsic,84758,EPG,EPG(PB08)_L7,L,cb_intrinsic,15
11933,ER2_c,ER2_c_R,R,cb_intrinsic,84758,EPG,EPG(PB08)_L7,L,cb_intrinsic,15
529207,ER3p_a,ER3p_a_R,R,cb_intrinsic,520812,EPG,EPG(PB08)_R8,R,cb_intrinsic,15
523816,ER1_b,ER1_b_L,L,cb_intrinsic,520812,EPG,EPG(PB08)_R8,R,cb_intrinsic,15
513346,ER3w_b,ER3w_b_R,R,cb_intrinsic,520812,EPG,EPG(PB08)_R8,R,cb_intrinsic,15
46089,ER3p_a,ER3p_a_L,L,cb_intrinsic,520812,EPG,EPG(PB08)_R8,R,cb_intrinsic,15
24879,ER4d,ER4d_L,L,cb_intrinsic,520812,EPG,EPG(PB08)_R8,R,cb_intrinsic,15
21449,ER2_c,ER2_c_R,R,cb_intrinsic,520812,EPG,EPG(PB08)_R8,R,cb_intrinsic,15
20317,ER2_c,ER2_c_L,L,cb_intrinsic,520812,EPG,EPG(PB08)_R8,R,cb_intrinsic,15
524075,ER2_d,ER2_d_L,L,cb_intrinsic,513284,EPG,EPG(PB08)_R3,R,cb_intrinsic,15
512606,ER3w_c,ER3w_c_L,L,cb_intrinsic,513284,EPG,EPG(PB08)_R3,R,cb_intrinsic,15
53745,ER3p_a,ER3p_a_L,L,cb_intrinsic,513284,EPG,EPG(PB08)_R3,R,cb_intrinsic,15
42264,ER3d_e,ER3d_e_R,R,cb_intrinsic,513284,EPG,EPG(PB08)_R3,R,cb_intrinsic,15
42241,ER1_b,ER1_b_R,R,cb_intrinsic,513284,EPG,EPG(PB08)_R3,R,cb_intrinsic,15
35978,ER1_b,ER1_b_L,L,cb_intrinsic,513284,EPG,EPG(PB08)_R3,R,cb_intrinsic,15
25841,ER3w_b,ER3w_b_L,L,cb_intrinsic,513284,EPG,EPG(PB08)_R3,R,cb_intrinsic,15
21664,ER3d_e,ER3d_e_R,R,cb_intrinsic,513284,EPG,EPG(PB08)_R3,R,cb_intrinsic,15
13999,ER3w_c,ER3w_c_R,R,cb_intrinsic,513284,EPG,EPG(PB08)_R3,R,cb_intrinsic,15
49002,ER3p_a,ER3p_a_L,L,cb_intrinsic,556346,EPG,EPG(PB08)_L6,L,cb_intrinsic,15
20253,ER2_a,ER2_a_R,R,cb_intrinsic,556346,EPG,EPG(PB08)_L6,L,cb_intrinsic,15
19807,ER2_c,ER2_c_L,L,cb_intrinsic,556346,EPG,EPG(PB08)_L6,L,cb_intrinsic,15
19355,ER2_c,ER2_c_R,R,cb_intrinsic,556346,EPG,EPG(PB08)_L6,L,cb_intrinsic,15
53745,ER3p_a,ER3p_a_L,L,cb_intrinsic,523786,EPG,EPG(PB08)_R4,R,cb_intrinsic,15
53618,ER3p_b,ER3p_b_L,L,cb_intrinsic,523786,EPG,EPG(PB08)_R4,R,cb_intrinsic,15
49869,ER3p_b,ER3p_b_R,R,cb_intrinsic,523786,EPG,EPG(PB08)_R4,R,cb_intrinsic,15
37105,ER1_b,ER1_b_L,L,cb_intrinsic,523786,EPG,EPG(PB08)_R4,R,cb_intrinsic,15
36524,ER2_a,ER2_a_L,L,cb_intrinsic,523786,EPG,EPG(PB08)_R4,R,cb_intrinsic,15
34652,ER1_b,ER1_b_L,L,cb_intrinsic,523786,EPG,EPG(PB08)_R4,R,cb_intrinsic,15
24076,ER4d,ER4d_R,R,cb_intrinsic,523786,EPG,EPG(PB08)_R4,R,cb_intrinsic,15
22461,ER4d,ER4d_R,R,cb_intrinsic,523786,EPG,EPG(PB08)_R4,R,cb_intrinsic,15
21882,ER2_a,ER2_a_L,L,cb_intrinsic,523786,EPG,EPG(PB08)_R4,R,cb_intrinsic,15
19807,ER2_c,ER2_c_L,L,cb_intrinsic,523786,EPG,EPG(PB08)_R4,R,cb_intrinsic,15
515761,ER3p_a,ER3p_a_R,R,cb_intrinsic,11987,EPG,EPG(PB08)_R5,R,cb_intrinsic,15
512606,ER3w_c,ER3w_c_L,L,cb_intrinsic,11987,EPG,EPG(PB08)_R5,R,cb_intrinsic,15
46341,ER3w_b,ER3w_b_L,L,cb_intrinsic,11987,EPG,EPG(PB08)_R5,R,cb_intrinsic,15
25841,ER3w_b,ER3w_b_L,L,cb_intrinsic,11987,EPG,EPG(PB08)_R5,R,cb_intrinsic,15
21882,ER2_a,ER2_a_L,L,cb_intrinsic,11987,EPG,EPG(PB08)_R5,R,cb_intrinsic,15
20945,ER2_c,ER2_c_R,R,cb_intrinsic,11987,EPG,EPG(PB08)_R5,R,cb_intrinsic,15
19425,ER2_c,ER2_c_R,R,cb_intrinsic,11987,EPG,EPG(PB08)_R5,R,cb_intrinsic,15
16598,ER3w_b,ER3w_b_R,R,cb_intrinsic,11987,EPG,EPG(PB08)_R5,R,cb_intrinsic,15
514042,ER2_b,ER2_b_L,L,cb_intrinsic,513033,EPG,EPG(PB08)_L8,L,cb_intrinsic,15
38268,ER1_b,ER1_b_R,R,cb_intrinsic,513033,EPG,EPG(PB08)_L8,L,cb_intrinsic,15
23520,ER4d,ER4d_L,L,cb_intrinsic,513033,EPG,EPG(PB08)_L8,L,cb_intrinsic,15
22001,ER5,ER5_L,L,cb_intrinsic,513033,EPG,EPG(PB08)_L8,L,cb_intrinsic,15
20945,ER2_c,ER2_c_R,R,cb_intrinsic,513033,EPG,EPG(PB08)_L8,L,cb_intrinsic,15
20605,ER2_a,ER2_a_L,L,cb_intrinsic,513033,EPG,EPG(PB08)_L8,L,cb_intrinsic,15
20253,ER2_a,ER2_a_R,R,cb_intrinsic,513033,EPG,EPG(PB08)_L8,L,cb_intrinsic,15
16818,ER4d,ER4d_R,R,cb_intrinsic,513033,EPG,EPG(PB08)_L8,L,cb_intrinsic,15
16343,ER4d,ER4d_R,R,cb_intrinsic,513033,EPG,EPG(PB08)_L8,L,cb_intrinsic,15
529207,ER3p_a,ER3p_a_R,R,cb_intrinsic,19125,EPG,EPG(PB08)_R5,R,cb_intrinsic,15
523816,ER1_b,ER1_b_L,L,cb_intrinsic,19125,EPG,EPG(PB08)_R5,R,cb_intrinsic,15
512606,ER3w_c,ER3w_c_L,L,cb_intrinsic,19125,EPG,EPG(PB08)_R5,R,cb_intrinsic,15
34652,ER1_b,ER1_b_L,L,cb_intrinsic,19125,EPG,EPG(PB08)_R5,R,cb_intrinsic,15
31735,ER1_a,ER1_a_L,L,cb_intrinsic,19125,EPG,EPG(PB08)_R5,R,cb_intrinsic,15
21645,ER2_a,ER2_a_L,L,cb_intrinsic,19125,EPG,EPG(PB08)_R5,R,cb_intrinsic,15
20945,ER2_c,ER2_c_R,R,cb_intrinsic,19125,EPG,EPG(PB08)_R5,R,cb_intrinsic,15
20590,ER2_a,ER2_a_R,R,cb_intrinsic,19125,EPG,EPG(PB08)_R5,R,cb_intrinsic,15
19917,ER2_c,ER2_c_R,R,cb_intrinsic,19125,EPG,EPG(PB08)_R5,R,cb_intrinsic,15
19791,ER4d,ER4d_L,L,cb_intrinsic,19125,EPG,EPG(PB08)_R5,R,cb_intrinsic,15
18664,ER2_c,ER2_c_R,R,cb_intrinsic,19125,EPG,EPG(PB08)_R5,R,cb_intrinsic,15
524075,ER2_d,ER2_d_L,L,cb_intrinsic,131313,EPG,EPG(PB08)_R6,R,cb_intrinsic,15
522745,ER2_c,ER2_c_L,L,cb_intrinsic,131313,EPG,EPG(PB08)_R6,R,cb_intrinsic,15
53745,ER3p_a,ER3p_a_L,L,cb_intrinsic,131313,EPG,EPG(PB08)_R6,R,cb_intrinsic,15
50888,ER2_c,ER2_c_L,L,cb_intrinsic,131313,EPG,EPG(PB08)_R6,R,cb_intrinsic,15
46089,ER3p_a,ER3p_a_L,L,cb_intrinsic,131313,EPG,EPG(PB08)_R6,R,cb_intrinsic,15
27850,ER3w_b,ER3w_b_R,R,cb_intrinsic,131313,EPG,EPG(PB08)_R6,R,cb_intrinsic,15
20253,ER2_a,ER2_a_R,R,cb_intrinsic,131313,EPG,EPG(PB08)_R6,R,cb_intrinsic,15
25709,ER2_c,ER2_c_L,L,cb_intrinsic,513517,EPG,EPG(PB08)_L4,L,cb_intrinsic,15
23080,ER4d,ER4d_R,R,cb_intrinsic,513517,EPG,EPG(PB08)_L4,L,cb_intrinsic,15
19425,ER2_c,ER2_c_R,R,cb_intrinsic,513517,EPG,EPG(PB08)_L4,L,cb_intrinsic,15
19410,ER4d,ER4d_L,L,cb_intrinsic,513517,EPG,EPG(PB08)_L4,L,cb_intrinsic,15
11933,ER2_c,ER2_c_R,R,cb_intrinsic,513517,EPG,EPG(PB08)_L4,L,cb_intrinsic,15
517264,ER3w_a,ER3w_a_R,R,cb_intrinsic,556347,EPG,EPG(PB08)_R4,R,cb_intrinsic,15
46707,ER3w_a,ER3w_a_L,L,cb_intrinsic,556347,EPG,EPG(PB08)_R4,R,cb_intrinsic,15
27806,ER3p_a,ER3p_a_R,R,cb_intrinsic,556347,EPG,EPG(PB08)_R4,R,cb_intrinsic,15
25501,ER3w_b,ER3w_b_L,L,cb_intrinsic,556347,EPG,EPG(PB08)_R4,R,cb_intrinsic,15
21059,ER2_d,ER2_d_R,R,cb_intrinsic,556347,EPG,EPG(PB08)_R4,R,cb_intrinsic,15
516110,ER6,ER6_R,R,cb_intrinsic,521409,EPG,EPG(PB08)_L8,L,cb_intrinsic,15
513678,ER3w_b,ER3w_b_R,R,cb_intrinsic,521409,EPG,EPG(PB08)_L8,L,cb_intrinsic,15
512607,ER3p_a,ER3p_a_R,R,cb_intrinsic,521409,EPG,EPG(PB08)_L8,L,cb_intrinsic,15
50694,ER3w_b,ER3w_b_L,L,cb_intrinsic,521409,EPG,EPG(PB08)_L8,L,cb_intrinsic,15
46089,ER3p_a,ER3p_a_L,L,cb_intrinsic,521409,EPG,EPG(PB08)_L8,L,cb_intrinsic,15
44010,ER3w_b,ER3w_b_L,L,cb_intrinsic,521409,EPG,EPG(PB08)_L8,L,cb_intrinsic,15
26673,ER3w_b,ER3w_b_L,L,cb_intrinsic,521409,EPG,EPG(PB08)_L8,L,cb_intrinsic,15
25841,ER3w_b,ER3w_b_L,L,cb_intrinsic,521409,EPG,EPG(PB08)_L8,L,cb_intrinsic,15
21179,ER2_a,ER2_a_R,R,cb_intrinsic,521409,EPG,EPG(PB08)_L8,L,cb_intrinsic,15
21059,ER2_d,ER2_d_R,R,cb_intrinsic,521409,EPG,EPG(PB08)_L8,L,cb_intrinsic,15
19355,ER2_c,ER2_c_R,R,cb_intrinsic,521409,EPG,EPG(PB08)_L8,L,cb_intrinsic,15
15444,ER2_d,ER2_d_L,L,cb_intrinsic,521409,EPG,EPG(PB08)_L8,L,cb_intrinsic,15
523816,ER1_b,ER1_b_L,L,cb_intrinsic,513463,EPG,EPG(PB08)_R2,R,cb_intrinsic,15
514803,ER2_b,ER2_b_L,L,cb_intrinsic,513463,EPG,EPG(PB08)_R2,R,cb_intrinsic,15
50694,ER3w_b,ER3w_b_L,L,cb_intrinsic,513463,EPG,EPG(PB08)_R2,R,cb_intrinsic,15
47186,ER3m,ER3m_R,R,cb_intrinsic,513463,EPG,EPG(PB08)_R2,R,cb_intrinsic,15
26843,ER3w_b,ER3w_b_R,R,cb_intrinsic,513463,EPG,EPG(PB08)_R2,R,cb_intrinsic,15
26673,ER3w_b,ER3w_b_L,L,cb_intrinsic,513463,EPG,EPG(PB08)_R2,R,cb_intrinsic,15
19737,ER4d,ER4d_R,R,cb_intrinsic,513463,EPG,EPG(PB08)_R2,R,cb_intrinsic,15
18664,ER2_c,ER2_c_R,R,cb_intrinsic,513463,EPG,EPG(PB08)_R2,R,cb_intrinsic,15
17679,ER2_d,ER2_d_R,R,cb_intrinsic,513463,EPG,EPG(PB08)_R2,R,cb_intrinsic,15
527653,ER4d,ER4d_L,L,cb_intrinsic,520818,EPG,EPG(PB08)_L4,L,cb_intrinsic,15
522745,ER2_c,ER2_c_L,L,cb_intrinsic,520818,EPG,EPG(PB08)_L4,L,cb_intrinsic,15
50888,ER2_c,ER2_c_L,L,cb_intrinsic,520818,EPG,EPG(PB08)_L4,L,cb_intrinsic,15
31088,ER3p_a,ER3p_a_R,R,cb_intrinsic,520818,EPG,EPG(PB08)_L4,L,cb_intrinsic,15
25709,ER2_c,ER2_c_L,L,cb_intrinsic,520818,EPG,EPG(PB08)_L4,L,cb_intrinsic,15
22461,ER4d,ER4d_R,R,cb_intrinsic,520818,EPG,EPG(PB08)_L4,L,cb_intrinsic,15
21645,ER2_a,ER2_a_L,L,cb_intrinsic,520818,EPG,EPG(PB08)_L4,L,cb_intrinsic,15
21449,ER2_c,ER2_c_R,R,cb_intrinsic,520818,EPG,EPG(PB08)_L4,L,cb_intrinsic,15
21059,ER2_d,ER2_d_R,R,cb_intrinsic,520818,EPG,EPG(PB08)_L4,L,cb_intrinsic,15
19935,ER2_c,ER2_c_R,R,cb_intrinsic,520818,EPG,EPG(PB08)_L4,L,cb_intrinsic,15
19323,ER4d,ER4d_R,R,cb_intrinsic,520818,EPG,EPG(PB08)_L4,L,cb_intrinsic,15
11933,ER2_c,ER2_c_R,R,cb_intrinsic,520818,EPG,EPG(PB08)_L4,L,cb_intrinsic,15
517059,ER2_a,ER2_a_L,L,cb_intrinsic,12449,EPG,EPG(PB08)_L5,L,cb_intrinsic,15
514042,ER2_b,ER2_b_L,L,cb_intrinsic,12449,EPG,EPG(PB08)_L5,L,cb_intrinsic,15
513346,ER3w_b,ER3w_b_R,R,cb_intrinsic,12449,EPG,EPG(PB08)_L5,L,cb_intrinsic,15
69319,ER1_a,ER1_a_R,R,cb_intrinsic,12449,EPG,EPG(PB08)_L5,L,cb_intrinsic,15
53745,ER3p_a,ER3p_a_L,L,cb_intrinsic,12449,EPG,EPG(PB08)_L5,L,cb_intrinsic,15
50694,ER3w_b,ER3w_b_L,L,cb_intrinsic,12449,EPG,EPG(PB08)_L5,L,cb_intrinsic,15
24093,ER3w_a,ER3w_a_R,R,cb_intrinsic,12449,EPG,EPG(PB08)_L5,L,cb_intrinsic,15
24076,ER4d,ER4d_R,R,cb_intrinsic,12449,EPG,EPG(PB08)_L5,L,cb_intrinsic,15
20253,ER2_a,ER2_a_R,R,cb_intrinsic,12449,EPG,EPG(PB08)_L5,L,cb_intrinsic,15
19900,ER2_c,ER2_c_L,L,cb_intrinsic,12449,EPG,EPG(PB08)_L5,L,cb_intrinsic,15
13999,ER3w_c,ER3w_c_R,R,cb_intrinsic,12449,EPG,EPG(PB08)_L5,L,cb_intrinsic,15
527653,ER4d,ER4d_L,L,cb_intrinsic,10539,EPG,EPG(PB08)_R2,R,cb_intrinsic,15
514042,ER2_b,ER2_b_L,L,cb_intrinsic,10539,EPG,EPG(PB08)_R2,R,cb_intrinsic,15
25797,ER4d,ER4d_L,L,cb_intrinsic,10539,EPG,EPG(PB08)_R2,R,cb_intrinsic,15
22461,ER4d,ER4d_R,R,cb_intrinsic,10539,EPG,EPG(PB08)_R2,R,cb_intrinsic,15
21449,ER2_c,ER2_c_R,R,cb_intrinsic,10539,EPG,EPG(PB08)_R2,R,cb_intrinsic,15
15444,ER2_d,ER2_d_L,L,cb_intrinsic,10539,EPG,EPG(PB08)_R2,R,cb_intrinsic,15
526552,ER3w_b,ER3w_b_R,R,cb_intrinsic,14727,EPG,EPG(PB08)_L7,L,cb_intrinsic,15
517059,ER2_a,ER2_a_L,L,cb_intrinsic,14727,EPG,EPG(PB08)_L7,L,cb_intrinsic,15
513678,ER3w_b,ER3w_b_R,R,cb_intrinsic,14727,EPG,EPG(PB08)_L7,L,cb_intrinsic,15
52832,ER3m,ER3m_R,R,cb_intrinsic,14727,EPG,EPG(PB08)_L7,L,cb_intrinsic,15
46089,ER3p_a,ER3p_a_L,L,cb_intrinsic,14727,EPG,EPG(PB08)_L7,L,cb_intrinsic,15
44814,ER3m,ER3m_L,L,cb_intrinsic,14727,EPG,EPG(PB08)_L7,L,cb_intrinsic,15
21645,ER2_a,ER2_a_L,L,cb_intrinsic,14727,EPG,EPG(PB08)_L7,L,cb_intrinsic,15
20605,ER2_a,ER2_a_L,L,cb_intrinsic,14727,EPG,EPG(PB08)_L7,L,cb_intrinsic,15
20559,ER2_a,ER2_a_L,L,cb_intrinsic,14727,EPG,EPG(PB08)_L7,L,cb_intrinsic,15
19355,ER2_c,ER2_c_R,R,cb_intrinsic,14727,EPG,EPG(PB08)_L7,L,cb_intrinsic,15
18508,ER2_c,ER2_c_L,L,cb_intrinsic,14727,EPG,EPG(PB08)_L7,L,cb_intrinsic,15
17419,ER6,ER6_R,R,cb_intrinsic,14727,EPG,EPG(PB08)_L7,L,cb_intrinsic,15
12357,ER2_c,ER2_c_L,L,cb_intrinsic,14727,EPG,EPG(PB08)_L7,L,cb_intrinsic,15
526552,ER3w_b,ER3w_b_R,R,cb_intrinsic,519140,EPG,EPG(PB08)_L1,L,cb_intrinsic,15
59337,ER3w_b,ER3w_b_L,L,cb_intrinsic,519140,EPG,EPG(PB08)_L1,L,cb_intrinsic,15
46341,ER3w_b,ER3w_b_L,L,cb_intrinsic,519140,EPG,EPG(PB08)_L1,L,cb_intrinsic,15
40213,ER1_b,ER1_b_L,L,cb_intrinsic,519140,EPG,EPG(PB08)_L1,L,cb_intrinsic,15
39503,ER3p_a,ER3p_a_L,L,cb_intrinsic,519140,EPG,EPG(PB08)_L1,L,cb_intrinsic,15
18058,ER2_b,ER2_b_L,L,cb_intrinsic,519140,EPG,EPG(PB08)_L1,L,cb_intrinsic,15
46242,ER3w_a,ER3w_a_L,L,cb_intrinsic,15616,EPG,EPG(PB08)_R3,R,cb_intrinsic,15
32315,ER1_a,ER1_a_L,L,cb_intrinsic,15616,EPG,EPG(PB08)_R3,R,cb_intrinsic,15
25329,ER3d_c,ER3d_c_L,L,cb_intrinsic,15616,EPG,EPG(PB08)_R3,R,cb_intrinsic,15
20559,ER2_a,ER2_a_L,L,cb_intrinsic,15616,EPG,EPG(PB08)_R3,R,cb_intrinsic,15
19410,ER4d,ER4d_L,L,cb_intrinsic,15616,EPG,EPG(PB08)_R3,R,cb_intrinsic,15
18058,ER2_b,ER2_b_L,L,cb_intrinsic,15616,EPG,EPG(PB08)_R3,R,cb_intrinsic,15
17679,ER2_d,ER2_d_R,R,cb_intrinsic,15616,EPG,EPG(PB08)_R3,R,cb_intrinsic,15
14963,ER5,ER5_L,L,cb_intrinsic,15616,EPG,EPG(PB08)_R3,R,cb_intrinsic,15
522745,ER2_c,ER2_c_L,L,cb_intrinsic,16360,EPG,EPG(PB08)_L6,L,cb_intrinsic,15
48096,ER3p_a,ER3p_a_L,L,cb_intrinsic,16360,EPG,EPG(PB08)_L6,L,cb_intrinsic,15
19169,ER3m,ER3m_L,L,cb_intrinsic,16360,EPG,EPG(PB08)_L6,L,cb_intrinsic,15
17419,ER6,ER6_R,R,cb_intrinsic,16360,EPG,EPG(PB08)_L6,L,cb_intrinsic,15
523788,ER3w_a,ER3w_a_R,R,cb_intrinsic,515675,EPG,EPG(PB08)_R1,R,cb_intrinsic,15
514803,ER2_b,ER2_b_L,L,cb_intrinsic,515675,EPG,EPG(PB08)_R1,R,cb_intrinsic,15
53618,ER3p_b,ER3p_b_L,L,cb_intrinsic,515675,EPG,EPG(PB08)_R1,R,cb_intrinsic,15
49869,ER3p_b,ER3p_b_R,R,cb_intrinsic,515675,EPG,EPG(PB08)_R1,R,cb_intrinsic,15
46089,ER3p_a,ER3p_a_L,L,cb_intrinsic,515675,EPG,EPG(PB08)_R1,R,cb_intrinsic,15
28339,ER4d,ER4d_R,R,cb_intrinsic,515675,EPG,EPG(PB08)_R1,R,cb_intrinsic,15
24549,ER3w_c,ER3w_c_L,L,cb_intrinsic,515675,EPG,EPG(PB08)_R1,R,cb_intrinsic,15
24459,ER4d,ER4d_L,L,cb_intrinsic,515675,EPG,EPG(PB08)_R1,R,cb_intrinsic,15
23874,ER4d,ER4d_R,R,cb_intrinsic,515675,EPG,EPG(PB08)_R1,R,cb_intrinsic,15
12357,ER2_c,ER2_c_L,L,cb_intrinsic,515675,EPG,EPG(PB08)_R1,R,cb_intrinsic,15
544496,ER3a_c,ER3a_c_R,R,cb_intrinsic,514126,EPG,EPG(PB08)_R5,R,cb_intrinsic,15
71503,ER1_c,ER1_c_R,R,cb_intrinsic,514126,EPG,EPG(PB08)_R5,R,cb_intrinsic,15
36524,ER2_a,ER2_a_L,L,cb_intrinsic,514126,EPG,EPG(PB08)_R5,R,cb_intrinsic,15
23097,ER2_a,ER2_a_L,L,cb_intrinsic,514126,EPG,EPG(PB08)_R5,R,cb_intrinsic,15
20678,ER2_d,ER2_d_R,R,cb_intrinsic,514126,EPG,EPG(PB08)_R5,R,cb_intrinsic,15
20317,ER2_c,ER2_c_L,L,cb_intrinsic,514126,EPG,EPG(PB08)_R5,R,cb_intrinsic,15
19355,ER2_c,ER2_c_R,R,cb_intrinsic,514126,EPG,EPG(PB08)_R5,R,cb_intrinsic,15
18664,ER2_c,ER2_c_R,R,cb_intrinsic,514126,EPG,EPG(PB08)_R5,R,cb_intrinsic,15
517264,ER3w_a,ER3w_a_R,R,cb_intrinsic,513520,EPG,EPG(PB08)_R6,R,cb_intrinsic,15
50888,ER2_c,ER2_c_L,L,cb_intrinsic,513520,EPG,EPG(PB08)_R6,R,cb_intrinsic,15
48096,ER3p_a,ER3p_a_L,L,cb_intrinsic,513520,EPG,EPG(PB08)_R6,R,cb_intrinsic,15
46341,ER3w_b,ER3w_b_L,L,cb_intrinsic,513520,EPG,EPG(PB08)_R6,R,cb_intrinsic,15
27850,ER3w_b,ER3w_b_R,R,cb_intrinsic,513520,EPG,EPG(PB08)_R6,R,cb_intrinsic,15
27770,ER3w_b,ER3w_b_R,R,cb_intrinsic,513520,EPG,EPG(PB08)_R6,R,cb_intrinsic,15
20664,ER2_a,ER2_a_R,R,cb_intrinsic,513520,EPG,EPG(PB08)_R6,R,cb_intrinsic,15
20559,ER2_a,ER2_a_L,L,cb_intrinsic,513520,EPG,EPG(PB08)_R6,R,cb_intrinsic,15
20404,ER4d,ER4d_L,L,cb_intrinsic,513520,EPG,EPG(PB08)_R6,R,cb_intrinsic,15
18733,ER2_c,ER2_c_L,L,cb_intrinsic,513520,EPG,EPG(PB08)_R6,R,cb_intrinsic,15
512606,ER3w_c,ER3w_c_L,L,cb_intrinsic,11874,EPG,EPG(PB08)_L7,L,cb_intrinsic,15
49869,ER3p_b,ER3p_b_R,R,cb_intrinsic,11874,EPG,EPG(PB08)_L7,L,cb_intrinsic,15
46089,ER3p_a,ER3p_a_L,L,cb_intrinsic,11874,EPG,EPG(PB08)_L7,L,cb_intrinsic,15
43683,ER3w_a,ER3w_a_R,R,cb_intrinsic,11874,EPG,EPG(PB08)_L7,L,cb_intrinsic,15
29545,ER3w_b,ER3w_b_R,R,cb_intrinsic,11874,EPG,EPG(PB08)_L7,L,cb_intrinsic,15
26843,ER3w_b,ER3w_b_R,R,cb_intrinsic,11874,EPG,EPG(PB08)_L7,L,cb_intrinsic,15
25359,ER3p_a,ER3p_a_R,R,cb_intrinsic,11874,EPG,EPG(PB08)_L7,L,cb_intrinsic,15
20945,ER2_c,ER2_c_R,R,cb_intrinsic,11874,EPG,EPG(PB08)_L7,L,cb_intrinsic,15
19737,ER4d,ER4d_R,R,cb_intrinsic,11874,EPG,EPG(PB08)_L7,L,cb_intrinsic,15
17561,ER3m,ER3m_R,R,cb_intrinsic,11874,EPG,EPG(PB08)_L7,L,cb_intrinsic,15
17591,ER4d,ER4d_R,R,cb_intrinsic,11874,EPG,EPG(PB08)_L7,L,cb_intrinsic,15
16343,ER4d,ER4d_R,R,cb_intrinsic,11874,EPG,EPG(PB08)_L7,L,cb_intrinsic,15
13999,ER3w_c,ER3w_c_R,R,cb_intrinsic,11874,EPG,EPG(PB08)_L7,L,cb_intrinsic,15
11933,ER2_c,ER2_c_R,R,cb_intrinsic,11874,EPG,EPG(PB08)_L7,L,cb_intrinsic,15
529207,ER3p_a,ER3p_a_R,R,cb_intrinsic,512514,EPG,EPG(PB08)_L1,L,cb_intrinsic,15
523788,ER3w_a,ER3w_a_R,R,cb_intrinsic,512514,EPG,EPG(PB08)_L1,L,cb_intrinsic,15
514803,ER2_b,ER2_b_L,L,cb_intrinsic,512514,EPG,EPG(PB08)_L1,L,cb_intrinsic,15
46242,ER3w_a,ER3w_a_L,L,cb_intrinsic,512514,EPG,EPG(PB08)_L1,L,cb_intrinsic,15
25359,ER3p_a,ER3p_a_R,R,cb_intrinsic,512514,EPG,EPG(PB08)_L1,L,cb_intrinsic,15
24093,ER3w_a,ER3w_a_R,R,cb_intrinsic,512514,EPG,EPG(PB08)_L1,L,cb_intrinsic,15
20883,ER2_c,ER2_c_R,R,cb_intrinsic,512514,EPG,EPG(PB08)_L1,L,cb_intrinsic,15
20253,ER2_a,ER2_a_R,R,cb_intrinsic,512514,EPG,EPG(PB08)_L1,L,cb_intrinsic,15
19355,ER2_c,ER2_c_R,R,cb_intrinsic,512514,EPG,EPG(PB08)_L1,L,cb_intrinsic,15
523788,ER3w_a,ER3w_a_R,R,cb_intrinsic,88342,EPG,EPG(PB08)_L3,L,cb_intrinsic,15
517602,ER3p_a,ER3p_a_R,R,cb_intrinsic,88342,EPG,EPG(PB08)_L3,L,cb_intrinsic,15
53745,ER3p_a,ER3p_a_L,L,cb_intrinsic,88342,EPG,EPG(PB08)_L3,L,cb_intrinsic,15
48291,ER3w_b,ER3w_b_L,L,cb_intrinsic,88342,EPG,EPG(PB08)_L3,L,cb_intrinsic,15
29545,ER3w_b,ER3w_b_R,R,cb_intrinsic,88342,EPG,EPG(PB08)_L3,L,cb_intrinsic,15
20678,ER2_d,ER2_d_R,R,cb_intrinsic,88342,EPG,EPG(PB08)_L3,L,cb_intrinsic,15
20317,ER2_c,ER2_c_L,L,cb_intrinsic,88342,EPG,EPG(PB08)_L3,L,cb_intrinsic,15
20253,ER2_a,ER2_a_R,R,cb_intrinsic,88342,EPG,EPG(PB08)_L3,L,cb_intrinsic,15
13999,ER3w_c,ER3w_c_R,R,cb_intrinsic,88342,EPG,EPG(PB08)_L3,L,cb_intrinsic,15
527653,ER4d,ER4d_L,L,cb_intrinsic,15713,EPG,EPG(PB08)_L6,L,cb_intrinsic,15
523816,ER1_b,ER1_b_L,L,cb_intrinsic,15713,EPG,EPG(PB08)_L6,L,cb_intrinsic,15
49002,ER3p_a,ER3p_a_L,L,cb_intrinsic,15713,EPG,EPG(PB08)_L6,L,cb_intrinsic,15
46242,ER3w_a,ER3w_a_L,L,cb_intrinsic,15713,EPG,EPG(PB08)_L6,L,cb_intrinsic,15
28339,ER4d,ER4d_R,R,cb_intrinsic,15713,EPG,EPG(PB08)_L6,L,cb_intrinsic,15
23315,ER4d,ER4d_L,L,cb_intrinsic,15713,EPG,EPG(PB08)_L6,L,cb_intrinsic,15
20678,ER2_d,ER2_d_R,R,cb_intrinsic,15713,EPG,EPG(PB08)_L6,L,cb_intrinsic,15
20605,ER2_a,ER2_a_L,L,cb_intrinsic,15713,EPG,EPG(PB08)_L6,L,cb_intrinsic,15
529207,ER3p_a,ER3p_a_R,R,cb_intrinsic,520581,EPG,EPG(PB08)_R4,R,cb_intrinsic,15
524075,ER2_d,ER2_d_L,L,cb_intrinsic,520581,EPG,EPG(PB08)_R4,R,cb_intrinsic,15
54597,ER1_a,ER1_a_L,L,cb_intrinsic,520581,EPG,EPG(PB08)_R4,R,cb_intrinsic,15
53745,ER3p_a,ER3p_a_L,L,cb_intrinsic,520581,EPG,EPG(PB08)_R4,R,cb_intrinsic,15
50808,ER4d,ER4d_L,L,cb_intrinsic,520581,EPG,EPG(PB08)_R4,R,cb_intrinsic,15
48096,ER3p_a,ER3p_a_L,L,cb_intrinsic,520581,EPG,EPG(PB08)_R4,R,cb_intrinsic,15
47271,ER3p_a,ER3p_a_L,L,cb_intrinsic,520581,EPG,EPG(PB08)_R4,R,cb_intrinsic,15
46089,ER3p_a,ER3p_a_L,L,cb_intrinsic,520581,EPG,EPG(PB08)_R4,R,cb_intrinsic,15
40213,ER1_b,ER1_b_L,L,cb_intrinsic,520581,EPG,EPG(PB08)_R4,R,cb_intrinsic,15
36384,ER1_b,ER1_b_R,R,cb_intrinsic,520581,EPG,EPG(PB08)_R4,R,cb_intrinsic,15
27043,ER3w_c,ER3w_c_R,R,cb_intrinsic,520581,EPG,EPG(PB08)_R4,R,cb_intrinsic,15
25447,ER3w_c,ER3w_c_R,R,cb_intrinsic,520581,EPG,EPG(PB08)_R4,R,cb_intrinsic,15
23097,ER2_a,ER2_a_L,L,cb_intrinsic,520581,EPG,EPG(PB08)_R4,R,cb_intrinsic,15
21059,ER2_d,ER2_d_R,R,cb_intrinsic,520581,EPG,EPG(PB08)_R4,R,cb_intrinsic,15
20590,ER2_a,ER2_a_R,R,cb_intrinsic,520581,EPG,EPG(PB08)_R4,R,cb_intrinsic,15
13999,ER3w_c,ER3w_c_R,R,cb_intrinsic,520581,EPG,EPG(PB08)_R4,R,cb_intrinsic,15
12357,ER2_c,ER2_c_L,L,cb_intrinsic,520581,EPG,EPG(PB08)_R4,R,cb_intrinsic,15
46089,ER3p_a,ER3p_a_L,L,cb_intrinsic,13217,EPG,EPG(PB08)_L8,L,cb_intrinsic,15
31088,ER3p_a,ER3p_a_R,R,cb_intrinsic,13217,EPG,EPG(PB08)_L8,L,cb_intrinsic,15
20590,ER2_a,ER2_a_R,R,cb_intrinsic,13217,EPG,EPG(PB08)_L8,L,cb_intrinsic,15
19791,ER4d,ER4d_L,L,cb_intrinsic,13217,EPG,EPG(PB08)_L8,L,cb_intrinsic,15
19425,ER2_c,ER2_c_R,R,cb_intrinsic,13217,EPG,EPG(PB08)_L8,L,cb_intrinsic,15
19323,ER4d,ER4d_R,R,cb_intrinsic,13217,EPG,EPG(PB08)_L8,L,cb_intrinsic,15
17591,ER4d,ER4d_R,R,cb_intrinsic,13217,EPG,EPG(PB08)_L8,L,cb_intrinsic,15
13999,ER3w_c,ER3w_c_R,R,cb_intrinsic,13217,EPG,EPG(PB08)_L8,L,cb_intrinsic,15
522745,ER2_c,ER2_c_L,L,cb_intrinsic,92188,EPG,EPG(PB08)_R7,R,cb_intrinsic,15
515761,ER3p_a,ER3p_a_R,R,cb_intrinsic,92188,EPG,EPG(PB08)_R7,R,cb_intrinsic,15
513346,ER3w_b,ER3w_b_R,R,cb_intrinsic,92188,EPG,EPG(PB08)_R7,R,cb_intrinsic,15
72491,ER1_c,ER1_c_R,R,cb_intrinsic,92188,EPG,EPG(PB08)_R7,R,cb_intrinsic,15
48096,ER3p_a,ER3p_a_L,L,cb_intrinsic,92188,EPG,EPG(PB08)_R7,R,cb_intrinsic,15
30206,ER5,ER5_R,R,cb_intrinsic,92188,EPG,EPG(PB08)_R7,R,cb_intrinsic,15
25447,ER3w_c,ER3w_c_R,R,cb_intrinsic,92188,EPG,EPG(PB08)_R7,R,cb_intrinsic,15
25203,ER3w_c,ER3w_c_L,L,cb_intrinsic,92188,EPG,EPG(PB08)_R7,R,cb_intrinsic,15
20605,ER2_a,ER2_a_L,L,cb_intrinsic,92188,EPG,EPG(PB08)_R7,R,cb_intrinsic,15
20253,ER2_a,ER2_a_R,R,cb_intrinsic,92188,EPG,EPG(PB08)_R7,R,cb_intrinsic,15
18664,ER2_c,ER2_c_R,R,cb_intrinsic,92188,EPG,EPG(PB08)_R7,R,cb_intrinsic,15
18508,ER2_c,ER2_c_L,L,cb_intrinsic,92188,EPG,EPG(PB08)_R7,R,cb_intrinsic,15
16598,ER3w_b,ER3w_b_R,R,cb_intrinsic,92188,EPG,EPG(PB08)_R7,R,cb_intrinsic,15
517059,ER2_a,ER2_a_L,L,cb_intrinsic,521812,EPG,EPG(PB08)_R7,R,cb_intrinsic,15
23097,ER2_a,ER2_a_L,L,cb_intrinsic,521812,EPG,EPG(PB08)_R7,R,cb_intrinsic,15
20559,ER2_a,ER2_a_L,L,cb_intrinsic,521812,EPG,EPG(PB08)_R7,R,cb_intrinsic,15
19323,ER4d,ER4d_R,R,cb_intrinsic,521812,EPG,EPG(PB08)_R7,R,cb_intrinsic,15
61273,ER1_b,ER1_b_L,L,cb_intrinsic,521813,EPG,EPG(PB08)_L2,L,cb_intrinsic,15
23315,ER4d,ER4d_L,L,cb_intrinsic,521813,EPG,EPG(PB08)_L2,L,cb_intrinsic,15
23080,ER4d,ER4d_R,R,cb_intrinsic,521813,EPG,EPG(PB08)_L2,L,cb_intrinsic,15
20664,ER2_a,ER2_a_R,R,cb_intrinsic,521813,EPG,EPG(PB08)_L2,L,cb_intrinsic,15
19410,ER4d,ER4d_L,L,cb_intrinsic,521813,EPG,EPG(PB08)_L2,L,cb_intrinsic,15
19323,ER4d,ER4d_R,R,cb_intrinsic,521813,EPG,EPG(PB08)_L2,L,cb_intrinsic,15
18058,ER2_b,ER2_b_L,L,cb_intrinsic,521813,EPG,EPG(PB08)_L2,L,cb_intrinsic,15
16818,ER4d,ER4d_R,R,cb_intrinsic,521813,EPG,EPG(PB08)_L2,L,cb_intrinsic,15
67174,ER1_a,ER1_a_R,R,cb_intrinsic,512513,EPG,EPG(PB08)_R1,R,cb_intrinsic,15
50694,ER3w_b,ER3w_b_L,L,cb_intrinsic,512513,EPG,EPG(PB08)_R1,R,cb_intrinsic,15
49002,ER3p_a,ER3p_a_L,L,cb_intrinsic,512513,EPG,EPG(PB08)_R1,R,cb_intrinsic,15
47186,ER3m,ER3m_R,R,cb_intrinsic,512513,EPG,EPG(PB08)_R1,R,cb_intrinsic,15
47271,ER3p_a,ER3p_a_L,L,cb_intrinsic,512513,EPG,EPG(PB08)_R1,R,cb_intrinsic,15
39095,ER1_a,ER1_a_L,L,cb_intrinsic,512513,EPG,EPG(PB08)_R1,R,cb_intrinsic,15
37105,ER1_b,ER1_b_L,L,cb_intrinsic,512513,EPG,EPG(PB08)_R1,R,cb_intrinsic,15
27806,ER3p_a,ER3p_a_R,R,cb_intrinsic,512513,EPG,EPG(PB08)_R1,R,cb_intrinsic,15
20664,ER2_a,ER2_a_R,R,cb_intrinsic,512513,EPG,EPG(PB08)_R1,R,cb_intrinsic,15
19072,ER5,ER5_R,R,cb_intrinsic,512513,EPG,EPG(PB08)_R1,R,cb_intrinsic,15
517059,ER2_a,ER2_a_L,L,cb_intrinsic,519941,EPG,EPG(PB08)_L3,L,cb_intrinsic,14
511857,ER1_c,ER1_c_L,L,cb_intrinsic,519941,EPG,EPG(PB08)_L3,L,cb_intrinsic,14
49869,ER3p_b,ER3p_b_R,R,cb_intrinsic,519941,EPG,EPG(PB08)_L3,L,cb_intrinsic,14
39503,ER3p_a,ER3p_a_L,L,cb_intrinsic,519941,EPG,EPG(PB08)_L3,L,cb_intrinsic,14
36235,ER1_c,ER1_c_L,L,cb_intrinsic,519941,EPG,EPG(PB08)_L3,L,cb_intrinsic,14
29545,ER3w_b,ER3w_b_R,R,cb_intrinsic,519941,EPG,EPG(PB08)_L3,L,cb_intrinsic,14
25297,ER3w_a,ER3w_a_R,R,cb_intrinsic,519941,EPG,EPG(PB08)_L3,L,cb_intrinsic,14
21882,ER2_a,ER2_a_L,L,cb_intrinsic,519941,EPG,EPG(PB08)_L3,L,cb_intrinsic,14
21449,ER2_c,ER2_c_R,R,cb_intrinsic,519941,EPG,EPG(PB08)_L3,L,cb_intrinsic,14
20317,ER2_c,ER2_c_L,L,cb_intrinsic,519941,EPG,EPG(PB08)_L3,L,cb_intrinsic,14
18733,ER2_c,ER2_c_L,L,cb_intrinsic,519941,EPG,EPG(PB08)_L3,L,cb_intrinsic,14
522745,ER2_c,ER2_c_L,L,cb_intrinsic,11989,EPG,EPG(PB08)_L5,L,cb_intrinsic,14
518690,ER1_b,ER1_b_R,R,cb_intrinsic,11989,EPG,EPG(PB08)_L5,L,cb_intrinsic,14
34652,ER1_b,ER1_b_L,L,cb_intrinsic,11989,EPG,EPG(PB08)_L5,L,cb_intrinsic,14
26798,ER1_a,ER1_a_L,L,cb_intrinsic,11989,EPG,EPG(PB08)_L5,L,cb_intrinsic,14
23197,ER4d,ER4d_L,L,cb_intrinsic,11989,EPG,EPG(PB08)_L5,L,cb_intrinsic,14
21059,ER2_d,ER2_d_R,R,cb_intrinsic,11989,EPG,EPG(PB08)_L5,L,cb_intrinsic,14
20605,ER2_a,ER2_a_L,L,cb_intrinsic,11989,EPG,EPG(PB08)_L5,L,cb_intrinsic,14
19807,ER2_c,ER2_c_L,L,cb_intrinsic,11989,EPG,EPG(PB08)_L5,L,cb_intrinsic,14
18733,ER2_c,ER2_c_L,L,cb_intrinsic,11989,EPG,EPG(PB08)_L5,L,cb_intrinsic,14
13999,ER3w_c,ER3w_c_R,R,cb_intrinsic,11989,EPG,EPG(PB08)_L5,L,cb_intrinsic,14
529207,ER3p_a,ER3p_a_R,R,cb_intrinsic,107195,EPG,EPG(PB08)_L5,L,cb_intrinsic,14
526552,ER3w_b,ER3w_b_R,R,cb_intrinsic,107195,EPG,EPG(PB08)_L5,L,cb_intrinsic,14
522745,ER2_c,ER2_c_L,L,cb_intrinsic,107195,EPG,EPG(PB08)_L5,L,cb_intrinsic,14
514042,ER2_b,ER2_b_L,L,cb_intrinsic,107195,EPG,EPG(PB08)_L5,L,cb_intrinsic,14
50888,ER2_c,ER2_c_L,L,cb_intrinsic,107195,EPG,EPG(PB08)_L5,L,cb_intrinsic,14
31088,ER3p_a,ER3p_a_R,R,cb_intrinsic,107195,EPG,EPG(PB08)_L5,L,cb_intrinsic,14
27770,ER3w_b,ER3w_b_R,R,cb_intrinsic,107195,EPG,EPG(PB08)_L5,L,cb_intrinsic,14
25841,ER3w_b,ER3w_b_L,L,cb_intrinsic,107195,EPG,EPG(PB08)_L5,L,cb_intrinsic,14
25709,ER2_c,ER2_c_L,L,cb_intrinsic,107195,EPG,EPG(PB08)_L5,L,cb_intrinsic,14
21882,ER2_a,ER2_a_L,L,cb_intrinsic,107195,EPG,EPG(PB08)_L5,L,cb_intrinsic,14
20590,ER2_a,ER2_a_R,R,cb_intrinsic,107195,EPG,EPG(PB08)_L5,L,cb_intrinsic,14
20317,ER2_c,ER2_c_L,L,cb_intrinsic,107195,EPG,EPG(PB08)_L5,L,cb_intrinsic,14
20253,ER2_a,ER2_a_R,R,cb_intrinsic,107195,EPG,EPG(PB08)_L5,L,cb_intrinsic,14
17679,ER2_d,ER2_d_R,R,cb_intrinsic,107195,EPG,EPG(PB08)_L5,L,cb_intrinsic,14
17419,ER6,ER6_R,R,cb_intrinsic,107195,EPG,EPG(PB08)_L5,L,cb_intrinsic,14
13999,ER3w_c,ER3w_c_R,R,cb_intrinsic,107195,EPG,EPG(PB08)_L5,L,cb_intrinsic,14
11933,ER2_c,ER2_c_R,R,cb_intrinsic,107195,EPG,EPG(PB08)_L5,L,cb_intrinsic,14
513678,ER3w_b,ER3w_b_R,R,cb_intrinsic,519328,EPG,EPG(PB08)_L3,L,cb_intrinsic,14
511857,ER1_c,ER1_c_L,L,cb_intrinsic,519328,EPG,EPG(PB08)_L3,L,cb_intrinsic,14
46242,ER3w_a,ER3w_a_L,L,cb_intrinsic,519328,EPG,EPG(PB08)_L3,L,cb_intrinsic,14
46089,ER3p_a,ER3p_a_L,L,cb_intrinsic,519328,EPG,EPG(PB08)_L3,L,cb_intrinsic,14
25203,ER3w_c,ER3w_c_L,L,cb_intrinsic,519328,EPG,EPG(PB08)_L3,L,cb_intrinsic,14
23703,ER1_b,ER1_b_R,R,cb_intrinsic,519328,EPG,EPG(PB08)_L3,L,cb_intrinsic,14
19917,ER2_c,ER2_c_R,R,cb_intrinsic,519328,EPG,EPG(PB08)_L3,L,cb_intrinsic,14
18733,ER2_c,ER2_c_L,L,cb_intrinsic,519328,EPG,EPG(PB08)_L3,L,cb_intrinsic,14
18508,ER2_c,ER2_c_L,L,cb_intrinsic,519328,EPG,EPG(PB08)_L3,L,cb_intrinsic,14
17419,ER6,ER6_R,R,cb_intrinsic,519328,EPG,EPG(PB08)_L3,L,cb_intrinsic,14
12357,ER2_c,ER2_c_L,L,cb_intrinsic,519328,EPG,EPG(PB08)_L3,L,cb_intrinsic,14
526552,ER3w_b,ER3w_b_R,R,cb_intrinsic,512928,EPG,EPG(PB08)_R3,R,cb_intrinsic,14
67174,ER1_a,ER1_a_R,R,cb_intrinsic,512928,EPG,EPG(PB08)_R3,R,cb_intrinsic,14
37058,ER1_b,ER1_b_R,R,cb_intrinsic,512928,EPG,EPG(PB08)_R3,R,cb_intrinsic,14
34652,ER1_b,ER1_b_L,L,cb_intrinsic,512928,EPG,EPG(PB08)_R3,R,cb_intrinsic,14
27770,ER3w_b,ER3w_b_R,R,cb_intrinsic,512928,EPG,EPG(PB08)_R3,R,cb_intrinsic,14
26673,ER3w_b,ER3w_b_L,L,cb_intrinsic,512928,EPG,EPG(PB08)_R3,R,cb_intrinsic,14
20945,ER2_c,ER2_c_R,R,cb_intrinsic,512928,EPG,EPG(PB08)_R3,R,cb_intrinsic,14
20664,ER2_a,ER2_a_R,R,cb_intrinsic,512928,EPG,EPG(PB08)_R3,R,cb_intrinsic,14
19323,ER4d,ER4d_R,R,cb_intrinsic,512928,EPG,EPG(PB08)_R3,R,cb_intrinsic,14
18058,ER2_b,ER2_b_L,L,cb_intrinsic,512928,EPG,EPG(PB08)_R3,R,cb_intrinsic,14
512606,ER3w_c,ER3w_c_L,L,cb_intrinsic,14507,EPG,EPG(PB08)_R7,R,cb_intrinsic,14
46341,ER3w_b,ER3w_b_L,L,cb_intrinsic,14507,EPG,EPG(PB08)_R7,R,cb_intrinsic,14
32315,ER1_a,ER1_a_L,L,cb_intrinsic,14507,EPG,EPG(PB08)_R7,R,cb_intrinsic,14
29545,ER3w_b,ER3w_b_R,R,cb_intrinsic,14507,EPG,EPG(PB08)_R7,R,cb_intrinsic,14
23097,ER2_a,ER2_a_L,L,cb_intrinsic,14507,EPG,EPG(PB08)_R7,R,cb_intrinsic,14
18508,ER2_c,ER2_c_L,L,cb_intrinsic,14507,EPG,EPG(PB08)_R7,R,cb_intrinsic,14
47271,ER3p_a,ER3p_a_L,L,cb_intrinsic,524073,EPG,EPG(PB08)_L2,L,cb_intrinsic,14
43683,ER3w_a,ER3w_a_R,R,cb_intrinsic,524073,EPG,EPG(PB08)_L2,L,cb_intrinsic,14
23520,ER4d,ER4d_L,L,cb_intrinsic,524073,EPG,EPG(PB08)_L2,L,cb_intrinsic,14
20317,ER2_c,ER2_c_L,L,cb_intrinsic,524073,EPG,EPG(PB08)_L2,L,cb_intrinsic,14
11933,ER2_c,ER2_c_R,R,cb_intrinsic,524073,EPG,EPG(PB08)_L2,L,cb_intrinsic,14
523788,ER3w_a,ER3w_a_R,R,cb_intrinsic,519144,EPG,EPG(PB08)_L8,L,cb_intrinsic,14
26136,ER2_b,ER2_b_R,R,cb_intrinsic,519144,EPG,EPG(PB08)_L8,L,cb_intrinsic,14
25447,ER3w_c,ER3w_c_R,R,cb_intrinsic,519144,EPG,EPG(PB08)_L8,L,cb_intrinsic,14
24093,ER3w_a,ER3w_a_R,R,cb_intrinsic,519144,EPG,EPG(PB08)_L8,L,cb_intrinsic,14
23097,ER2_a,ER2_a_L,L,cb_intrinsic,519144,EPG,EPG(PB08)_L8,L,cb_intrinsic,14
21179,ER2_a,ER2_a_R,R,cb_intrinsic,519144,EPG,EPG(PB08)_L8,L,cb_intrinsic,14
20590,ER2_a,ER2_a_R,R,cb_intrinsic,519144,EPG,EPG(PB08)_L8,L,cb_intrinsic,14
20253,ER2_a,ER2_a_R,R,cb_intrinsic,519144,EPG,EPG(PB08)_L8,L,cb_intrinsic,14
17419,ER6,ER6_R,R,cb_intrinsic,519144,EPG,EPG(PB08)_L8,L,cb_intrinsic,14
15444,ER2_d,ER2_d_L,L,cb_intrinsic,519144,EPG,EPG(PB08)_L8,L,cb_intrinsic,14
524075,ER2_d,ER2_d_L,L,cb_intrinsic,512305,EPG,EPG(PB08)_R8,R,cb_intrinsic,14
512607,ER3p_a,ER3p_a_R,R,cb_intrinsic,512305,EPG,EPG(PB08)_R8,R,cb_intrinsic,14
44010,ER3w_b,ER3w_b_L,L,cb_intrinsic,512305,EPG,EPG(PB08)_R8,R,cb_intrinsic,14
37105,ER1_b,ER1_b_L,L,cb_intrinsic,512305,EPG,EPG(PB08)_R8,R,cb_intrinsic,14
26673,ER3w_b,ER3w_b_L,L,cb_intrinsic,512305,EPG,EPG(PB08)_R8,R,cb_intrinsic,14
22461,ER4d,ER4d_R,R,cb_intrinsic,512305,EPG,EPG(PB08)_R8,R,cb_intrinsic,14
20678,ER2_d,ER2_d_R,R,cb_intrinsic,512305,EPG,EPG(PB08)_R8,R,cb_intrinsic,14
20590,ER2_a,ER2_a_R,R,cb_intrinsic,512305,EPG,EPG(PB08)_R8,R,cb_intrinsic,14
19791,ER4d,ER4d_L,L,cb_intrinsic,512305,EPG,EPG(PB08)_R8,R,cb_intrinsic,14
19410,ER4d,ER4d_L,L,cb_intrinsic,512305,EPG,EPG(PB08)_R8,R,cb_intrinsic,14
17679,ER2_d,ER2_d_R,R,cb_intrinsic,512305,EPG,EPG(PB08)_R8,R,cb_intrinsic,14
16343,ER4d,ER4d_R,R,cb_intrinsic,512305,EPG,EPG(PB08)_R8,R,cb_intrinsic,14
49002,ER3p_a,ER3p_a_L,L,cb_intrinsic,513464,EPG,EPG(PB08)_R8,R,cb_intrinsic,14
46089,ER3p_a,ER3p_a_L,L,cb_intrinsic,513464,EPG,EPG(PB08)_R8,R,cb_intrinsic,14
25841,ER3w_b,ER3w_b_L,L,cb_intrinsic,513464,EPG,EPG(PB08)_R8,R,cb_intrinsic,14
25709,ER2_c,ER2_c_L,L,cb_intrinsic,513464,EPG,EPG(PB08)_R8,R,cb_intrinsic,14
23080,ER4d,ER4d_R,R,cb_intrinsic,513464,EPG,EPG(PB08)_R8,R,cb_intrinsic,14
22461,ER4d,ER4d_R,R,cb_intrinsic,513464,EPG,EPG(PB08)_R8,R,cb_intrinsic,14
21277,ER2_a,ER2_a_R,R,cb_intrinsic,513464,EPG,EPG(PB08)_R8,R,cb_intrinsic,14
21059,ER2_d,ER2_d_R,R,cb_intrinsic,513464,EPG,EPG(PB08)_R8,R,cb_intrinsic,14
20883,ER2_c,ER2_c_R,R,cb_intrinsic,513464,EPG,EPG(PB08)_R8,R,cb_intrinsic,14
20404,ER4d,ER4d_L,L,cb_intrinsic,513464,EPG,EPG(PB08)_R8,R,cb_intrinsic,14
19791,ER4d,ER4d_L,L,cb_intrinsic,513464,EPG,EPG(PB08)_R8,R,cb_intrinsic,14
12357,ER2_c,ER2_c_L,L,cb_intrinsic,513464,EPG,EPG(PB08)_R8,R,cb_intrinsic,14
526143,ER3w_b,ER3w_b_L,L,cb_intrinsic,19825,EPG,EPG(PB08)_R6,R,cb_intrinsic,14
512319,ER6,ER6_L,L,cb_intrinsic,19825,EPG,EPG(PB08)_R6,R,cb_intrinsic,14
80867,ER1_a,ER1_a_R,R,cb_intrinsic,19825,EPG,EPG(PB08)_R6,R,cb_intrinsic,14
31088,ER3p_a,ER3p_a_R,R,cb_intrinsic,19825,EPG,EPG(PB08)_R6,R,cb_intrinsic,14
25841,ER3w_b,ER3w_b_L,L,cb_intrinsic,19825,EPG,EPG(PB08)_R6,R,cb_intrinsic,14
25501,ER3w_b,ER3w_b_L,L,cb_intrinsic,19825,EPG,EPG(PB08)_R6,R,cb_intrinsic,14
23097,ER2_a,ER2_a_L,L,cb_intrinsic,19825,EPG,EPG(PB08)_R6,R,cb_intrinsic,14
20605,ER2_a,ER2_a_L,L,cb_intrinsic,19825,EPG,EPG(PB08)_R6,R,cb_intrinsic,14
20317,ER2_c,ER2_c_L,L,cb_intrinsic,19825,EPG,EPG(PB08)_R6,R,cb_intrinsic,14
18664,ER2_c,ER2_c_R,R,cb_intrinsic,19825,EPG,EPG(PB08)_R6,R,cb_intrinsic,14
46707,ER3w_a,ER3w_a_L,L,cb_intrinsic,11307,EPG,EPG(PB08)_L4,L,cb_intrinsic,14
25841,ER3w_b,ER3w_b_L,L,cb_intrinsic,11307,EPG,EPG(PB08)_L4,L,cb_intrinsic,14
21059,ER2_d,ER2_d_R,R,cb_intrinsic,11307,EPG,EPG(PB08)_L4,L,cb_intrinsic,14
20590,ER2_a,ER2_a_R,R,cb_intrinsic,11307,EPG,EPG(PB08)_L4,L,cb_intrinsic,14
20253,ER2_a,ER2_a_R,R,cb_intrinsic,11307,EPG,EPG(PB08)_L4,L,cb_intrinsic,14
19355,ER2_c,ER2_c_R,R,cb_intrinsic,11307,EPG,EPG(PB08)_L4,L,cb_intrinsic,14
18058,ER2_b,ER2_b_L,L,cb_intrinsic,11307,EPG,EPG(PB08)_L4,L,cb_intrinsic,14
517264,ER3w_a,ER3w_a_R,R,cb_intrinsic,11503,EPG,EPG(PB08)_R8,R,cb_intrinsic,14
50888,ER2_c,ER2_c_L,L,cb_intrinsic,11503,EPG,EPG(PB08)_R8,R,cb_intrinsic,14
46341,ER3w_b,ER3w_b_L,L,cb_intrinsic,11503,EPG,EPG(PB08)_R8,R,cb_intrinsic,14
38268,ER1_b,ER1_b_R,R,cb_intrinsic,11503,EPG,EPG(PB08)_R8,R,cb_intrinsic,14
35978,ER1_b,ER1_b_L,L,cb_intrinsic,11503,EPG,EPG(PB08)_R8,R,cb_intrinsic,14
31088,ER3p_a,ER3p_a_R,R,cb_intrinsic,11503,EPG,EPG(PB08)_R8,R,cb_intrinsic,14
28339,ER4d,ER4d_R,R,cb_intrinsic,11503,EPG,EPG(PB08)_R8,R,cb_intrinsic,14
26673,ER3w_b,ER3w_b_L,L,cb_intrinsic,11503,EPG,EPG(PB08)_R8,R,cb_intrinsic,14
26136,ER2_b,ER2_b_R,R,cb_intrinsic,11503,EPG,EPG(PB08)_R8,R,cb_intrinsic,14
21059,ER2_d,ER2_d_R,R,cb_intrinsic,11503,EPG,EPG(PB08)_R8,R,cb_intrinsic,14
19425,ER2_c,ER2_c_R,R,cb_intrinsic,11503,EPG,EPG(PB08)_R8,R,cb_intrinsic,14
17679,ER2_d,ER2_d_R,R,cb_intrinsic,11503,EPG,EPG(PB08)_R8,R,cb_intrinsic,14
523788,ER3w_a,ER3w_a_R,R,cb_intrinsic,84758,EPG,EPG(PB08)_L7,L,cb_intrinsic,14
71503,ER1_c,ER1_c_R,R,cb_intrinsic,84758,EPG,EPG(PB08)_L7,L,cb_intrinsic,14
49869,ER3p_b,ER3p_b_R,R,cb_intrinsic,84758,EPG,EPG(PB08)_L7,L,cb_intrinsic,14
46707,ER3w_a,ER3w_a_L,L,cb_intrinsic,84758,EPG,EPG(PB08)_L7,L,cb_intrinsic,14
42241,ER1_b,ER1_b_R,R,cb_intrinsic,84758,EPG,EPG(PB08)_L7,L,cb_intrinsic,14
39503,ER3p_a,ER3p_a_L,L,cb_intrinsic,84758,EPG,EPG(PB08)_L7,L,cb_intrinsic,14
32315,ER1_a,ER1_a_L,L,cb_intrinsic,84758,EPG,EPG(PB08)_L7,L,cb_intrinsic,14
31735,ER1_a,ER1_a_L,L,cb_intrinsic,84758,EPG,EPG(PB08)_L7,L,cb_intrinsic,14
25501,ER3w_b,ER3w_b_L,L,cb_intrinsic,84758,EPG,EPG(PB08)_L7,L,cb_intrinsic,14
19900,ER2_c,ER2_c_L,L,cb_intrinsic,84758,EPG,EPG(PB08)_L7,L,cb_intrinsic,14
18733,ER2_c,ER2_c_L,L,cb_intrinsic,84758,EPG,EPG(PB08)_L7,L,cb_intrinsic,14
514042,ER2_b,ER2_b_L,L,cb_intrinsic,520812,EPG,EPG(PB08)_R8,R,cb_intrinsic,14
512319,ER6,ER6_L,L,cb_intrinsic,520812,EPG,EPG(PB08)_R8,R,cb_intrinsic,14
50694,ER3w_b,ER3w_b_L,L,cb_intrinsic,520812,EPG,EPG(PB08)_R8,R,cb_intrinsic,14
31088,ER3p_a,ER3p_a_R,R,cb_intrinsic,520812,EPG,EPG(PB08)_R8,R,cb_intrinsic,14
21645,ER2_a,ER2_a_L,L,cb_intrinsic,520812,EPG,EPG(PB08)_R8,R,cb_intrinsic,14
12357,ER2_c,ER2_c_L,L,cb_intrinsic,520812,EPG,EPG(PB08)_R8,R,cb_intrinsic,14
11933,ER2_c,ER2_c_R,R,cb_intrinsic,520812,EPG,EPG(PB08)_R8,R,cb_intrinsic,14
521535,ER5,ER5_L,L,cb_intrinsic,513284,EPG,EPG(PB08)_R3,R,cb_intrinsic,14
516944,ER5,ER5_L,L,cb_intrinsic,513284,EPG,EPG(PB08)_R3,R,cb_intrinsic,14
513678,ER3w_b,ER3w_b_R,R,cb_intrinsic,513284,EPG,EPG(PB08)_R3,R,cb_intrinsic,14
36384,ER1_b,ER1_b_R,R,cb_intrinsic,513284,EPG,EPG(PB08)_R3,R,cb_intrinsic,14
30371,ER1_a,ER1_a_R,R,cb_intrinsic,513284,EPG,EPG(PB08)_R3,R,cb_intrinsic,14
26673,ER3w_b,ER3w_b_L,L,cb_intrinsic,513284,EPG,EPG(PB08)_R3,R,cb_intrinsic,14
18633,ER5,ER5_L,L,cb_intrinsic,513284,EPG,EPG(PB08)_R3,R,cb_intrinsic,14
524075,ER2_d,ER2_d_L,L,cb_intrinsic,556346,EPG,EPG(PB08)_L6,L,cb_intrinsic,14
59337,ER3w_b,ER3w_b_L,L,cb_intrinsic,556346,EPG,EPG(PB08)_L6,L,cb_intrinsic,14
47271,ER3p_a,ER3p_a_L,L,cb_intrinsic,556346,EPG,EPG(PB08)_L6,L,cb_intrinsic,14
26136,ER2_b,ER2_b_R,R,cb_intrinsic,556346,EPG,EPG(PB08)_L6,L,cb_intrinsic,14
24093,ER3w_a,ER3w_a_R,R,cb_intrinsic,556346,EPG,EPG(PB08)_L6,L,cb_intrinsic,14
23097,ER2_a,ER2_a_L,L,cb_intrinsic,556346,EPG,EPG(PB08)_L6,L,cb_intrinsic,14
23080,ER4d,ER4d_R,R,cb_intrinsic,556346,EPG,EPG(PB08)_L6,L,cb_intrinsic,14
21449,ER2_c,ER2_c_R,R,cb_intrinsic,556346,EPG,EPG(PB08)_L6,L,cb_intrinsic,14
21059,ER2_d,ER2_d_R,R,cb_intrinsic,556346,EPG,EPG(PB08)_L6,L,cb_intrinsic,14
19323,ER4d,ER4d_R,R,cb_intrinsic,556346,EPG,EPG(PB08)_L6,L,cb_intrinsic,14
526143,ER3w_b,ER3w_b_L,L,cb_intrinsic,523786,EPG,EPG(PB08)_R4,R,cb_intrinsic,14
523788,ER3w_a,ER3w_a_R,R,cb_intrinsic,523786,EPG,EPG(PB08)_R4,R,cb_intrinsic,14
514803,ER2_b,ER2_b_L,L,cb_intrinsic,523786,EPG,EPG(PB08)_R4,R,cb_intrinsic,14
49002,ER3p_a,ER3p_a_L,L,cb_intrinsic,523786,EPG,EPG(PB08)_R4,R,cb_intrinsic,14
46262,ER3d_b,ER3d_b_L,L,cb_intrinsic,523786,EPG,EPG(PB08)_R4,R,cb_intrinsic,14
41665,ER3a_c,ER3a_c_L,L,cb_intrinsic,523786,EPG,EPG(PB08)_R4,R,cb_intrinsic,14
38084,ER3m,ER3m_L,L,cb_intrinsic,523786,EPG,EPG(PB08)_R4,R,cb_intrinsic,14
24459,ER4d,ER4d_L,L,cb_intrinsic,523786,EPG,EPG(PB08)_R4,R,cb_intrinsic,14
21179,ER2_a,ER2_a_R,R,cb_intrinsic,523786,EPG,EPG(PB08)_R4,R,cb_intrinsic,14
20980,ER4d,ER4d_R,R,cb_intrinsic,523786,EPG,EPG(PB08)_R4,R,cb_intrinsic,14
20253,ER2_a,ER2_a_R,R,cb_intrinsic,523786,EPG,EPG(PB08)_R4,R,cb_intrinsic,14
18508,ER2_c,ER2_c_L,L,cb_intrinsic,523786,EPG,EPG(PB08)_R4,R,cb_intrinsic,14
18058,ER2_b,ER2_b_L,L,cb_intrinsic,523786,EPG,EPG(PB08)_R4,R,cb_intrinsic,14
17679,ER2_d,ER2_d_R,R,cb_intrinsic,523786,EPG,EPG(PB08)_R4,R,cb_intrinsic,14
517264,ER3w_a,ER3w_a_R,R,cb_intrinsic,11987,EPG,EPG(PB08)_R5,R,cb_intrinsic,14
513678,ER3w_b,ER3w_b_R,R,cb_intrinsic,11987,EPG,EPG(PB08)_R5,R,cb_intrinsic,14
37105,ER1_b,ER1_b_L,L,cb_intrinsic,11987,EPG,EPG(PB08)_R5,R,cb_intrinsic,14
32315,ER1_a,ER1_a_L,L,cb_intrinsic,11987,EPG,EPG(PB08)_R5,R,cb_intrinsic,14
27850,ER3w_b,ER3w_b_R,R,cb_intrinsic,11987,EPG,EPG(PB08)_R5,R,cb_intrinsic,14
27770,ER3w_b,ER3w_b_R,R,cb_intrinsic,11987,EPG,EPG(PB08)_R5,R,cb_intrinsic,14
25297,ER3w_a,ER3w_a_R,R,cb_intrinsic,11987,EPG,EPG(PB08)_R5,R,cb_intrinsic,14
23703,ER1_b,ER1_b_R,R,cb_intrinsic,11987,EPG,EPG(PB08)_R5,R,cb_intrinsic,14
20605,ER2_a,ER2_a_L,L,cb_intrinsic,11987,EPG,EPG(PB08)_R5,R,cb_intrinsic,14
19569,ER2_c,ER2_c_R,R,cb_intrinsic,11987,EPG,EPG(PB08)_R5,R,cb_intrinsic,14
18733,ER2_c,ER2_c_L,L,cb_intrinsic,11987,EPG,EPG(PB08)_R5,R,cb_intrinsic,14
18508,ER2_c,ER2_c_L,L,cb_intrinsic,11987,EPG,EPG(PB08)_R5,R,cb_intrinsic,14
13094,ER4d,ER4d_R,R,cb_intrinsic,513033,EPG,EPG(PB08)_L8,L,cb_intrinsic,14
48096,ER3p_a,ER3p_a_L,L,cb_intrinsic,19125,EPG,EPG(PB08)_R5,R,cb_intrinsic,14
25297,ER3w_a,ER3w_a_R,R,cb_intrinsic,19125,EPG,EPG(PB08)_R5,R,cb_intrinsic,14
19569,ER2_c,ER2_c_R,R,cb_intrinsic,19125,EPG,EPG(PB08)_R5,R,cb_intrinsic,14
527653,ER4d,ER4d_L,L,cb_intrinsic,131313,EPG,EPG(PB08)_R6,R,cb_intrinsic,14
517059,ER2_a,ER2_a_L,L,cb_intrinsic,131313,EPG,EPG(PB08)_R6,R,cb_intrinsic,14
515761,ER3p_a,ER3p_a_R,R,cb_intrinsic,131313,EPG,EPG(PB08)_R6,R,cb_intrinsic,14
59337,ER3w_b,ER3w_b_L,L,cb_intrinsic,131313,EPG,EPG(PB08)_R6,R,cb_intrinsic,14
47271,ER3p_a,ER3p_a_L,L,cb_intrinsic,131313,EPG,EPG(PB08)_R6,R,cb_intrinsic,14
21059,ER2_d,ER2_d_R,R,cb_intrinsic,131313,EPG,EPG(PB08)_R6,R,cb_intrinsic,14
20664,ER2_a,ER2_a_R,R,cb_intrinsic,131313,EPG,EPG(PB08)_R6,R,cb_intrinsic,14
20605,ER2_a,ER2_a_L,L,cb_intrinsic,131313,EPG,EPG(PB08)_R6,R,cb_intrinsic,14
19935,ER2_c,ER2_c_R,R,cb_intrinsic,131313,EPG,EPG(PB08)_R6,R,cb_intrinsic,14
19791,ER4d,ER4d_L,L,cb_intrinsic,131313,EPG,EPG(PB08)_R6,R,cb_intrinsic,14
523788,ER3w_a,ER3w_a_R,R,cb_intrinsic,513517,EPG,EPG(PB08)_L4,L,cb_intrinsic,14
24879,ER4d,ER4d_L,L,cb_intrinsic,513517,EPG,EPG(PB08)_L4,L,cb_intrinsic,14
20404,ER4d,ER4d_L,L,cb_intrinsic,513517,EPG,EPG(PB08)_L4,L,cb_intrinsic,14
19917,ER2_c,ER2_c_R,R,cb_intrinsic,513517,EPG,EPG(PB08)_L4,L,cb_intrinsic,14
16818,ER4d,ER4d_R,R,cb_intrinsic,513517,EPG,EPG(PB08)_L4,L,cb_intrinsic,14
514803,ER2_b,ER2_b_L,L,cb_intrinsic,556347,EPG,EPG(PB08)_R4,R,cb_intrinsic,14
50888,ER2_c,ER2_c_L,L,cb_intrinsic,556347,EPG,EPG(PB08)_R4,R,cb_intrinsic,14
47186,ER3m,ER3m_R,R,cb_intrinsic,556347,EPG,EPG(PB08)_R4,R,cb_intrinsic,14
34652,ER1_b,ER1_b_L,L,cb_intrinsic,556347,EPG,EPG(PB08)_R4,R,cb_intrinsic,14
26843,ER3w_b,ER3w_b_R,R,cb_intrinsic,556347,EPG,EPG(PB08)_R4,R,cb_intrinsic,14
26295,ER3m,ER3m_R,R,cb_intrinsic,556347,EPG,EPG(PB08)_R4,R,cb_intrinsic,14
20605,ER2_a,ER2_a_L,L,cb_intrinsic,556347,EPG,EPG(PB08)_R4,R,cb_intrinsic,14
19569,ER2_c,ER2_c_R,R,cb_intrinsic,556347,EPG,EPG(PB08)_R4,R,cb_intrinsic,14
13999,ER3w_c,ER3w_c_R,R,cb_intrinsic,556347,EPG,EPG(PB08)_R4,R,cb_intrinsic,14
523816,ER1_b,ER1_b_L,L,cb_intrinsic,521409,EPG,EPG(PB08)_L8,L,cb_intrinsic,14
517264,ER3w_a,ER3w_a_R,R,cb_intrinsic,521409,EPG,EPG(PB08)_L8,L,cb_intrinsic,14
514803,ER2_b,ER2_b_L,L,cb_intrinsic,521409,EPG,EPG(PB08)_L8,L,cb_intrinsic,14
513346,ER3w_b,ER3w_b_R,R,cb_intrinsic,521409,EPG,EPG(PB08)_L8,L,cb_intrinsic,14
511857,ER1_c,ER1_c_L,L,cb_intrinsic,521409,EPG,EPG(PB08)_L8,L,cb_intrinsic,14
36524,ER2_a,ER2_a_L,L,cb_intrinsic,521409,EPG,EPG(PB08)_L8,L,cb_intrinsic,14
26136,ER2_b,ER2_b_R,R,cb_intrinsic,521409,EPG,EPG(PB08)_L8,L,cb_intrinsic,14
24122,ER4d,ER4d_R,R,cb_intrinsic,521409,EPG,EPG(PB08)_L8,L,cb_intrinsic,14
21752,ER2_c,ER2_c_L,L,cb_intrinsic,521409,EPG,EPG(PB08)_L8,L,cb_intrinsic,14
21645,ER2_a,ER2_a_L,L,cb_intrinsic,521409,EPG,EPG(PB08)_L8,L,cb_intrinsic,14
20945,ER2_c,ER2_c_R,R,cb_intrinsic,521409,EPG,EPG(PB08)_L8,L,cb_intrinsic,14
20678,ER2_d,ER2_d_R,R,cb_intrinsic,521409,EPG,EPG(PB08)_L8,L,cb_intrinsic,14
19737,ER4d,ER4d_R,R,cb_intrinsic,521409,EPG,EPG(PB08)_L8,L,cb_intrinsic,14
19425,ER2_c,ER2_c_R,R,cb_intrinsic,521409,EPG,EPG(PB08)_L8,L,cb_intrinsic,14
517059,ER2_a,ER2_a_L,L,cb_intrinsic,513463,EPG,EPG(PB08)_R2,R,cb_intrinsic,14
50808,ER4d,ER4d_L,L,cb_intrinsic,513463,EPG,EPG(PB08)_R2,R,cb_intrinsic,14
44010,ER3w_b,ER3w_b_L,L,cb_intrinsic,513463,EPG,EPG(PB08)_R2,R,cb_intrinsic,14
34652,ER1_b,ER1_b_L,L,cb_intrinsic,513463,EPG,EPG(PB08)_R2,R,cb_intrinsic,14
27806,ER3p_a,ER3p_a_R,R,cb_intrinsic,513463,EPG,EPG(PB08)_R2,R,cb_intrinsic,14
21645,ER2_a,ER2_a_L,L,cb_intrinsic,513463,EPG,EPG(PB08)_R2,R,cb_intrinsic,14
21059,ER2_d,ER2_d_R,R,cb_intrinsic,513463,EPG,EPG(PB08)_R2,R,cb_intrinsic,14
20653,ER4d,ER4d_L,L,cb_intrinsic,513463,EPG,EPG(PB08)_R2,R,cb_intrinsic,14
20317,ER2_c,ER2_c_L,L,cb_intrinsic,513463,EPG,EPG(PB08)_R2,R,cb_intrinsic,14
18058,ER2_b,ER2_b_L,L,cb_intrinsic,513463,EPG,EPG(PB08)_R2,R,cb_intrinsic,14
13094,ER4d,ER4d_R,R,cb_intrinsic,513463,EPG,EPG(PB08)_R2,R,cb_intrinsic,14
46242,ER3w_a,ER3w_a_L,L,cb_intrinsic,520818,EPG,EPG(PB08)_L4,L,cb_intrinsic,14
21882,ER2_a,ER2_a_L,L,cb_intrinsic,520818,EPG,EPG(PB08)_L4,L,cb_intrinsic,14
21752,ER2_c,ER2_c_L,L,cb_intrinsic,520818,EPG,EPG(PB08)_L4,L,cb_intrinsic,14
20653,ER4d,ER4d_L,L,cb_intrinsic,520818,EPG,EPG(PB08)_L4,L,cb_intrinsic,14
20317,ER2_c,ER2_c_L,L,cb_intrinsic,520818,EPG,EPG(PB08)_L4,L,cb_intrinsic,14
19917,ER2_c,ER2_c_R,R,cb_intrinsic,520818,EPG,EPG(PB08)_L4,L,cb_intrinsic,14
19791,ER4d,ER4d_L,L,cb_intrinsic,520818,EPG,EPG(PB08)_L4,L,cb_intrinsic,14
19425,ER2_c,ER2_c_R,R,cb_intrinsic,520818,EPG,EPG(PB08)_L4,L,cb_intrinsic,14
523816,ER1_b,ER1_b_L,L,cb_intrinsic,12449,EPG,EPG(PB08)_L5,L,cb_intrinsic,14
513678,ER3w_b,ER3w_b_R,R,cb_intrinsic,12449,EPG,EPG(PB08)_L5,L,cb_intrinsic,14
54597,ER1_a,ER1_a_L,L,cb_intrinsic,12449,EPG,EPG(PB08)_L5,L,cb_intrinsic,14
46242,ER3w_a,ER3w_a_L,L,cb_intrinsic,12449,EPG,EPG(PB08)_L5,L,cb_intrinsic,14
37058,ER1_b,ER1_b_R,R,cb_intrinsic,12449,EPG,EPG(PB08)_L5,L,cb_intrinsic,14
23703,ER1_b,ER1_b_R,R,cb_intrinsic,12449,EPG,EPG(PB08)_L5,L,cb_intrinsic,14
21449,ER2_c,ER2_c_R,R,cb_intrinsic,12449,EPG,EPG(PB08)_L5,L,cb_intrinsic,14
21179,ER2_a,ER2_a_R,R,cb_intrinsic,12449,EPG,EPG(PB08)_L5,L,cb_intrinsic,14
19917,ER2_c,ER2_c_R,R,cb_intrinsic,12449,EPG,EPG(PB08)_L5,L,cb_intrinsic,14
19425,ER2_c,ER2_c_R,R,cb_intrinsic,12449,EPG,EPG(PB08)_L5,L,cb_intrinsic,14
18733,ER2_c,ER2_c_L,L,cb_intrinsic,12449,EPG,EPG(PB08)_L5,L,cb_intrinsic,14
529207,ER3p_a,ER3p_a_R,R,cb_intrinsic,10539,EPG,EPG(PB08)_R2,R,cb_intrinsic,14
522745,ER2_c,ER2_c_L,L,cb_intrinsic,10539,EPG,EPG(PB08)_R2,R,cb_intrinsic,14
512607,ER3p_a,ER3p_a_R,R,cb_intrinsic,10539,EPG,EPG(PB08)_R2,R,cb_intrinsic,14
43683,ER3w_a,ER3w_a_R,R,cb_intrinsic,10539,EPG,EPG(PB08)_R2,R,cb_intrinsic,14
38268,ER1_b,ER1_b_R,R,cb_intrinsic,10539,EPG,EPG(PB08)_R2,R,cb_intrinsic,14
19355,ER2_c,ER2_c_R,R,cb_intrinsic,10539,EPG,EPG(PB08)_R2,R,cb_intrinsic,14
17591,ER4d,ER4d_R,R,cb_intrinsic,10539,EPG,EPG(PB08)_R2,R,cb_intrinsic,14
59337,ER3w_b,ER3w_b_L,L,cb_intrinsic,14727,EPG,EPG(PB08)_L7,L,cb_intrinsic,14
48291,ER3w_b,ER3w_b_L,L,cb_intrinsic,14727,EPG,EPG(PB08)_L7,L,cb_intrinsic,14
38306,ER3d_a,ER3d_a_L,L,cb_intrinsic,14727,EPG,EPG(PB08)_L7,L,cb_intrinsic,14
26136,ER2_b,ER2_b_R,R,cb_intrinsic,14727,EPG,EPG(PB08)_L7,L,cb_intrinsic,14
25841,ER3w_b,ER3w_b_L,L,cb_intrinsic,14727,EPG,EPG(PB08)_L7,L,cb_intrinsic,14
25447,ER3w_c,ER3w_c_R,R,cb_intrinsic,14727,EPG,EPG(PB08)_L7,L,cb_intrinsic,14
24549,ER3w_c,ER3w_c_L,L,cb_intrinsic,14727,EPG,EPG(PB08)_L7,L,cb_intrinsic,14
20678,ER2_d,ER2_d_R,R,cb_intrinsic,14727,EPG,EPG(PB08)_L7,L,cb_intrinsic,14
514180,ER3p_b,ER3p_b_R,R,cb_intrinsic,519140,EPG,EPG(PB08)_L1,L,cb_intrinsic,14
50888,ER2_c,ER2_c_L,L,cb_intrinsic,519140,EPG,EPG(PB08)_L1,L,cb_intrinsic,14
43683,ER3w_a,ER3w_a_R,R,cb_intrinsic,519140,EPG,EPG(PB08)_L1,L,cb_intrinsic,14
34607,ER4d,ER4d_L,L,cb_intrinsic,519140,EPG,EPG(PB08)_L1,L,cb_intrinsic,14
31681,ER1_a,ER1_a_R,R,cb_intrinsic,519140,EPG,EPG(PB08)_L1,L,cb_intrinsic,14
25841,ER3w_b,ER3w_b_L,L,cb_intrinsic,519140,EPG,EPG(PB08)_L1,L,cb_intrinsic,14
24093,ER3w_a,ER3w_a_R,R,cb_intrinsic,519140,EPG,EPG(PB08)_L1,L,cb_intrinsic,14
21277,ER2_a,ER2_a_R,R,cb_intrinsic,519140,EPG,EPG(PB08)_L1,L,cb_intrinsic,14
20559,ER2_a,ER2_a_L,L,cb_intrinsic,519140,EPG,EPG(PB08)_L1,L,cb_intrinsic,14
19935,ER2_c,ER2_c_R,R,cb_intrinsic,519140,EPG,EPG(PB08)_L1,L,cb_intrinsic,14
15444,ER2_d,ER2_d_L,L,cb_intrinsic,519140,EPG,EPG(PB08)_L1,L,cb_intrinsic,14
13999,ER3w_c,ER3w_c_R,R,cb_intrinsic,519140,EPG,EPG(PB08)_L1,L,cb_intrinsic,14
59337,ER3w_b,ER3w_b_L,L,cb_intrinsic,15616,EPG,EPG(PB08)_R3,R,cb_intrinsic,14
49002,ER3p_a,ER3p_a_L,L,cb_intrinsic,15616,EPG,EPG(PB08)_R3,R,cb_intrinsic,14
36524,ER2_a,ER2_a_L,L,cb_intrinsic,15616,EPG,EPG(PB08)_R3,R,cb_intrinsic,14
35978,ER1_b,ER1_b_L,L,cb_intrinsic,15616,EPG,EPG(PB08)_R3,R,cb_intrinsic,14
25797,ER4d,ER4d_L,L,cb_intrinsic,15616,EPG,EPG(PB08)_R3,R,cb_intrinsic,14
25709,ER2_c,ER2_c_L,L,cb_intrinsic,15616,EPG,EPG(PB08)_R3,R,cb_intrinsic,14
517264,ER3w_a,ER3w_a_R,R,cb_intrinsic,16360,EPG,EPG(PB08)_L6,L,cb_intrinsic,14
513678,ER3w_b,ER3w_b_R,R,cb_intrinsic,16360,EPG,EPG(PB08)_L6,L,cb_intrinsic,14
512606,ER3w_c,ER3w_c_L,L,cb_intrinsic,16360,EPG,EPG(PB08)_L6,L,cb_intrinsic,14
50694,ER3w_b,ER3w_b_L,L,cb_intrinsic,16360,EPG,EPG(PB08)_L6,L,cb_intrinsic,14
48291,ER3w_b,ER3w_b_L,L,cb_intrinsic,16360,EPG,EPG(PB08)_L6,L,cb_intrinsic,14
46089,ER3p_a,ER3p_a_L,L,cb_intrinsic,16360,EPG,EPG(PB08)_L6,L,cb_intrinsic,14
30371,ER1_a,ER1_a_R,R,cb_intrinsic,16360,EPG,EPG(PB08)_L6,L,cb_intrinsic,14
27850,ER3w_b,ER3w_b_R,R,cb_intrinsic,16360,EPG,EPG(PB08)_L6,L,cb_intrinsic,14
23097,ER2_a,ER2_a_L,L,cb_intrinsic,16360,EPG,EPG(PB08)_L6,L,cb_intrinsic,14
21752,ER2_c,ER2_c_L,L,cb_intrinsic,16360,EPG,EPG(PB08)_L6,L,cb_intrinsic,14
18508,ER2_c,ER2_c_L,L,cb_intrinsic,16360,EPG,EPG(PB08)_L6,L,cb_intrinsic,14
523816,ER1_b,ER1_b_L,L,cb_intrinsic,515675,EPG,EPG(PB08)_R1,R,cb_intrinsic,14
518690,ER1_b,ER1_b_R,R,cb_intrinsic,515675,EPG,EPG(PB08)_R1,R,cb_intrinsic,14
512606,ER3w_c,ER3w_c_L,L,cb_intrinsic,515675,EPG,EPG(PB08)_R1,R,cb_intrinsic,14
43683,ER3w_a,ER3w_a_R,R,cb_intrinsic,515675,EPG,EPG(PB08)_R1,R,cb_intrinsic,14
34607,ER4d,ER4d_L,L,cb_intrinsic,515675,EPG,EPG(PB08)_R1,R,cb_intrinsic,14
28701,ER3d_b,ER3d_b_R,R,cb_intrinsic,515675,EPG,EPG(PB08)_R1,R,cb_intrinsic,14
27770,ER3w_b,ER3w_b_R,R,cb_intrinsic,515675,EPG,EPG(PB08)_R1,R,cb_intrinsic,14
27043,ER3w_c,ER3w_c_R,R,cb_intrinsic,515675,EPG,EPG(PB08)_R1,R,cb_intrinsic,14
24122,ER4d,ER4d_R,R,cb_intrinsic,515675,EPG,EPG(PB08)_R1,R,cb_intrinsic,14
527653,ER4d,ER4d_L,L,cb_intrinsic,514126,EPG,EPG(PB08)_R5,R,cb_intrinsic,14
514042,ER2_b,ER2_b_L,L,cb_intrinsic,514126,EPG,EPG(PB08)_R5,R,cb_intrinsic,14
53745,ER3p_a,ER3p_a_L,L,cb_intrinsic,514126,EPG,EPG(PB08)_R5,R,cb_intrinsic,14
50888,ER2_c,ER2_c_L,L,cb_intrinsic,514126,EPG,EPG(PB08)_R5,R,cb_intrinsic,14
27043,ER3w_c,ER3w_c_R,R,cb_intrinsic,514126,EPG,EPG(PB08)_R5,R,cb_intrinsic,14
25501,ER3w_b,ER3w_b_L,L,cb_intrinsic,514126,EPG,EPG(PB08)_R5,R,cb_intrinsic,14
25359,ER3p_a,ER3p_a_R,R,cb_intrinsic,514126,EPG,EPG(PB08)_R5,R,cb_intrinsic,14
24549,ER3w_c,ER3w_c_L,L,cb_intrinsic,514126,EPG,EPG(PB08)_R5,R,cb_intrinsic,14
20883,ER2_c,ER2_c_R,R,cb_intrinsic,514126,EPG,EPG(PB08)_R5,R,cb_intrinsic,14
19900,ER2_c,ER2_c_L,L,cb_intrinsic,514126,EPG,EPG(PB08)_R5,R,cb_intrinsic,14
69319,ER1_a,ER1_a_R,R,cb_intrinsic,513520,EPG,EPG(PB08)_R6,R,cb_intrinsic,14
67174,ER1_a,ER1_a_R,R,cb_intrinsic,513520,EPG,EPG(PB08)_R6,R,cb_intrinsic,14
46242,ER3w_a,ER3w_a_L,L,cb_intrinsic,513520,EPG,EPG(PB08)_R6,R,cb_intrinsic,14
39503,ER3p_a,ER3p_a_L,L,cb_intrinsic,513520,EPG,EPG(PB08)_R6,R,cb_intrinsic,14
31684,ER3d_a,ER3d_a_R,R,cb_intrinsic,513520,EPG,EPG(PB08)_R6,R,cb_intrinsic,14
27806,ER3p_a,ER3p_a_R,R,cb_intrinsic,513520,EPG,EPG(PB08)_R6,R,cb_intrinsic,14
25709,ER2_c,ER2_c_L,L,cb_intrinsic,513520,EPG,EPG(PB08)_R6,R,cb_intrinsic,14
21752,ER2_c,ER2_c_L,L,cb_intrinsic,513520,EPG,EPG(PB08)_R6,R,cb_intrinsic,14
20883,ER2_c,ER2_c_R,R,cb_intrinsic,513520,EPG,EPG(PB08)_R6,R,cb_intrinsic,14
20605,ER2_a,ER2_a_L,L,cb_intrinsic,513520,EPG,EPG(PB08)_R6,R,cb_intrinsic,14
19935,ER2_c,ER2_c_R,R,cb_intrinsic,513520,EPG,EPG(PB08)_R6,R,cb_intrinsic,14
16818,ER4d,ER4d_R,R,cb_intrinsic,513520,EPG,EPG(PB08)_R6,R,cb_intrinsic,14
13999,ER3w_c,ER3w_c_R,R,cb_intrinsic,513520,EPG,EPG(PB08)_R6,R,cb_intrinsic,14
522745,ER2_c,ER2_c_L,L,cb_intrinsic,11874,EPG,EPG(PB08)_L7,L,cb_intrinsic,14
521528,ER5,ER5_L,L,cb_intrinsic,11874,EPG,EPG(PB08)_L7,L,cb_intrinsic,14
514803,ER2_b,ER2_b_L,L,cb_intrinsic,11874,EPG,EPG(PB08)_L7,L,cb_intrinsic,14
514042,ER2_b,ER2_b_L,L,cb_intrinsic,11874,EPG,EPG(PB08)_L7,L,cb_intrinsic,14
36524,ER2_a,ER2_a_L,L,cb_intrinsic,11874,EPG,EPG(PB08)_L7,L,cb_intrinsic,14
24093,ER3w_a,ER3w_a_R,R,cb_intrinsic,11874,EPG,EPG(PB08)_L7,L,cb_intrinsic,14
23097,ER2_a,ER2_a_L,L,cb_intrinsic,11874,EPG,EPG(PB08)_L7,L,cb_intrinsic,14
21752,ER2_c,ER2_c_L,L,cb_intrinsic,11874,EPG,EPG(PB08)_L7,L,cb_intrinsic,14
21059,ER2_d,ER2_d_R,R,cb_intrinsic,11874,EPG,EPG(PB08)_L7,L,cb_intrinsic,14
20590,ER2_a,ER2_a_R,R,cb_intrinsic,11874,EPG,EPG(PB08)_L7,L,cb_intrinsic,14
512607,ER3p_a,ER3p_a_R,R,cb_intrinsic,512514,EPG,EPG(PB08)_L1,L,cb_intrinsic,14
50007,ER3p_a,ER3p_a_L,L,cb_intrinsic,512514,EPG,EPG(PB08)_L1,L,cb_intrinsic,14
22461,ER4d,ER4d_R,R,cb_intrinsic,512514,EPG,EPG(PB08)_L1,L,cb_intrinsic,14
21645,ER2_a,ER2_a_L,L,cb_intrinsic,512514,EPG,EPG(PB08)_L1,L,cb_intrinsic,14
19935,ER2_c,ER2_c_R,R,cb_intrinsic,512514,EPG,EPG(PB08)_L1,L,cb_intrinsic,14
19807,ER2_c,ER2_c_L,L,cb_intrinsic,512514,EPG,EPG(PB08)_L1,L,cb_intrinsic,14
19425,ER2_c,ER2_c_R,R,cb_intrinsic,512514,EPG,EPG(PB08)_L1,L,cb_intrinsic,14
17679,ER2_d,ER2_d_R,R,cb_intrinsic,512514,EPG,EPG(PB08)_L1,L,cb_intrinsic,14
523816,ER1_b,ER1_b_L,L,cb_intrinsic,88342,EPG,EPG(PB08)_L3,L,cb_intrinsic,14
59337,ER3w_b,ER3w_b_L,L,cb_intrinsic,88342,EPG,EPG(PB08)_L3,L,cb_intrinsic,14
48096,ER3p_a,ER3p_a_L,L,cb_intrinsic,88342,EPG,EPG(PB08)_L3,L,cb_intrinsic,14
47036,ER3d_a,ER3d_a_R,R,cb_intrinsic,88342,EPG,EPG(PB08)_L3,L,cb_intrinsic,14
37105,ER1_b,ER1_b_L,L,cb_intrinsic,88342,EPG,EPG(PB08)_L3,L,cb_intrinsic,14
36524,ER2_a,ER2_a_L,L,cb_intrinsic,88342,EPG,EPG(PB08)_L3,L,cb_intrinsic,14
27806,ER3p_a,ER3p_a_R,R,cb_intrinsic,88342,EPG,EPG(PB08)_L3,L,cb_intrinsic,14
25709,ER2_c,ER2_c_L,L,cb_intrinsic,88342,EPG,EPG(PB08)_L3,L,cb_intrinsic,14
25297,ER3w_a,ER3w_a_R,R,cb_intrinsic,88342,EPG,EPG(PB08)_L3,L,cb_intrinsic,14
19935,ER2_c,ER2_c_R,R,cb_intrinsic,88342,EPG,EPG(PB08)_L3,L,cb_intrinsic,14
17419,ER6,ER6_R,R,cb_intrinsic,88342,EPG,EPG(PB08)_L3,L,cb_intrinsic,14
16598,ER3w_b,ER3w_b_R,R,cb_intrinsic,88342,EPG,EPG(PB08)_L3,L,cb_intrinsic,14
15444,ER2_d,ER2_d_L,L,cb_intrinsic,88342,EPG,EPG(PB08)_L3,L,cb_intrinsic,14
517264,ER3w_a,ER3w_a_R,R,cb_intrinsic,15713,EPG,EPG(PB08)_L6,L,cb_intrinsic,14
50007,ER3p_a,ER3p_a_L,L,cb_intrinsic,15713,EPG,EPG(PB08)_L6,L,cb_intrinsic,14
49869,ER3p_b,ER3p_b_R,R,cb_intrinsic,15713,EPG,EPG(PB08)_L6,L,cb_intrinsic,14
26136,ER2_b,ER2_b_R,R,cb_intrinsic,15713,EPG,EPG(PB08)_L6,L,cb_intrinsic,14
24093,ER3w_a,ER3w_a_R,R,cb_intrinsic,15713,EPG,EPG(PB08)_L6,L,cb_intrinsic,14
20945,ER2_c,ER2_c_R,R,cb_intrinsic,15713,EPG,EPG(PB08)_L6,L,cb_intrinsic,14
19900,ER2_c,ER2_c_L,L,cb_intrinsic,15713,EPG,EPG(PB08)_L6,L,cb_intrinsic,14
19791,ER4d,ER4d_L,L,cb_intrinsic,15713,EPG,EPG(PB08)_L6,L,cb_intrinsic,14
19425,ER2_c,ER2_c_R,R,cb_intrinsic,15713,EPG,EPG(PB08)_L6,L,cb_intrinsic,14
523788,ER3w_a,ER3w_a_R,R,cb_intrinsic,520581,EPG,EPG(PB08)_R4,R,cb_intrinsic,14
517602,ER3p_a,ER3p_a_R,R,cb_intrinsic,520581,EPG,EPG(PB08)_R4,R,cb_intrinsic,14
42264,ER3d_e,ER3d_e_R,R,cb_intrinsic,520581,EPG,EPG(PB08)_R4,R,cb_intrinsic,14
34652,ER1_b,ER1_b_L,L,cb_intrinsic,520581,EPG,EPG(PB08)_R4,R,cb_intrinsic,14
26673,ER3w_b,ER3w_b_L,L,cb_intrinsic,520581,EPG,EPG(PB08)_R4,R,cb_intrinsic,14
25203,ER3w_c,ER3w_c_L,L,cb_intrinsic,520581,EPG,EPG(PB08)_R4,R,cb_intrinsic,14
22461,ER4d,ER4d_R,R,cb_intrinsic,520581,EPG,EPG(PB08)_R4,R,cb_intrinsic,14
20883,ER2_c,ER2_c_R,R,cb_intrinsic,520581,EPG,EPG(PB08)_R4,R,cb_intrinsic,14
16598,ER3w_b,ER3w_b_R,R,cb_intrinsic,520581,EPG,EPG(PB08)_R4,R,cb_intrinsic,14
523816,ER1_b,ER1_b_L,L,cb_intrinsic,13217,EPG,EPG(PB08)_L8,L,cb_intrinsic,14
513346,ER3w_b,ER3w_b_R,R,cb_intrinsic,13217,EPG,EPG(PB08)_L8,L,cb_intrinsic,14
50888,ER2_c,ER2_c_L,L,cb_intrinsic,13217,EPG,EPG(PB08)_L8,L,cb_intrinsic,14
25709,ER2_c,ER2_c_L,L,cb_intrinsic,13217,EPG,EPG(PB08)_L8,L,cb_intrinsic,14
24459,ER4d,ER4d_L,L,cb_intrinsic,13217,EPG,EPG(PB08)_L8,L,cb_intrinsic,14
24093,ER3w_a,ER3w_a_R,R,cb_intrinsic,13217,EPG,EPG(PB08)_L8,L,cb_intrinsic,14
23874,ER4d,ER4d_R,R,cb_intrinsic,13217,EPG,EPG(PB08)_L8,L,cb_intrinsic,14
20317,ER2_c,ER2_c_L,L,cb_intrinsic,13217,EPG,EPG(PB08)_L8,L,cb_intrinsic,14
17679,ER2_d,ER2_d_R,R,cb_intrinsic,13217,EPG,EPG(PB08)_L8,L,cb_intrinsic,14
80867,ER1_a,ER1_a_R,R,cb_intrinsic,92188,EPG,EPG(PB08)_R7,R,cb_intrinsic,14
50007,ER3p_a,ER3p_a_L,L,cb_intrinsic,92188,EPG,EPG(PB08)_R7,R,cb_intrinsic,14
42509,ER1_a,ER1_a_R,R,cb_intrinsic,92188,EPG,EPG(PB08)_R7,R,cb_intrinsic,14
27850,ER3w_b,ER3w_b_R,R,cb_intrinsic,92188,EPG,EPG(PB08)_R7,R,cb_intrinsic,14
26295,ER3m,ER3m_R,R,cb_intrinsic,92188,EPG,EPG(PB08)_R7,R,cb_intrinsic,14
25297,ER3w_a,ER3w_a_R,R,cb_intrinsic,92188,EPG,EPG(PB08)_R7,R,cb_intrinsic,14
20678,ER2_d,ER2_d_R,R,cb_intrinsic,92188,EPG,EPG(PB08)_R7,R,cb_intrinsic,14
20590,ER2_a,ER2_a_R,R,cb_intrinsic,92188,EPG,EPG(PB08)_R7,R,cb_intrinsic,14
19072,ER5,ER5_R,R,cb_intrinsic,92188,EPG,EPG(PB08)_R7,R,cb_intrinsic,14
18058,ER2_b,ER2_b_L,L,cb_intrinsic,92188,EPG,EPG(PB08)_R7,R,cb_intrinsic,14
518690,ER1_b,ER1_b_R,R,cb_intrinsic,521812,EPG,EPG(PB08)_R7,R,cb_intrinsic,14
517264,ER3w_a,ER3w_a_R,R,cb_intrinsic,521812,EPG,EPG(PB08)_R7,R,cb_intrinsic,14
513678,ER3w_b,ER3w_b_R,R,cb_intrinsic,521812,EPG,EPG(PB08)_R7,R,cb_intrinsic,14
26136,ER2_b,ER2_b_R,R,cb_intrinsic,521812,EPG,EPG(PB08)_R7,R,cb_intrinsic,14
25709,ER2_c,ER2_c_L,L,cb_intrinsic,521812,EPG,EPG(PB08)_R7,R,cb_intrinsic,14
21882,ER2_a,ER2_a_L,L,cb_intrinsic,521812,EPG,EPG(PB08)_R7,R,cb_intrinsic,14
20883,ER2_c,ER2_c_R,R,cb_intrinsic,521812,EPG,EPG(PB08)_R7,R,cb_intrinsic,14
20605,ER2_a,ER2_a_L,L,cb_intrinsic,521812,EPG,EPG(PB08)_R7,R,cb_intrinsic,14
20317,ER2_c,ER2_c_L,L,cb_intrinsic,521812,EPG,EPG(PB08)_R7,R,cb_intrinsic,14
19425,ER2_c,ER2_c_R,R,cb_intrinsic,521812,EPG,EPG(PB08)_R7,R,cb_intrinsic,14
517264,ER3w_a,ER3w_a_R,R,cb_intrinsic,521813,EPG,EPG(PB08)_L2,L,cb_intrinsic,14
25297,ER3w_a,ER3w_a_R,R,cb_intrinsic,521813,EPG,EPG(PB08)_L2,L,cb_intrinsic,14
23197,ER4d,ER4d_L,L,cb_intrinsic,521813,EPG,EPG(PB08)_L2,L,cb_intrinsic,14
21059,ER2_d,ER2_d_R,R,cb_intrinsic,521813,EPG,EPG(PB08)_L2,L,cb_intrinsic,14
20253,ER2_a,ER2_a_R,R,cb_intrinsic,521813,EPG,EPG(PB08)_L2,L,cb_intrinsic,14
18664,ER2_c,ER2_c_R,R,cb_intrinsic,521813,EPG,EPG(PB08)_L2,L,cb_intrinsic,14
513379,ER5,ER5_R,R,cb_intrinsic,512513,EPG,EPG(PB08)_R1,R,cb_intrinsic,14
513346,ER3w_b,ER3w_b_R,R,cb_intrinsic,512513,EPG,EPG(PB08)_R1,R,cb_intrinsic,14
50888,ER2_c,ER2_c_L,L,cb_intrinsic,512513,EPG,EPG(PB08)_R1,R,cb_intrinsic,14
48096,ER3p_a,ER3p_a_L,L,cb_intrinsic,512513,EPG,EPG(PB08)_R1,R,cb_intrinsic,14
46707,ER3w_a,ER3w_a_L,L,cb_intrinsic,512513,EPG,EPG(PB08)_R1,R,cb_intrinsic,14
36730,ER1_b,ER1_b_L,L,cb_intrinsic,512513,EPG,EPG(PB08)_R1,R,cb_intrinsic,14
36384,ER1_b,ER1_b_R,R,cb_intrinsic,512513,EPG,EPG(PB08)_R1,R,cb_intrinsic,14
31684,ER3d_a,ER3d_a_R,R,cb_intrinsic,512513,EPG,EPG(PB08)_R1,R,cb_intrinsic,14
30206,ER5,ER5_R,R,cb_intrinsic,512513,EPG,EPG(PB08)_R1,R,cb_intrinsic,14
22461,ER4d,ER4d_R,R,cb_intrinsic,512513,EPG,EPG(PB08)_R1,R,cb_intrinsic,14
21059,ER2_d,ER2_d_R,R,cb_intrinsic,512513,EPG,EPG(PB08)_R1,R,cb_intrinsic,14
20678,ER2_d,ER2_d_R,R,cb_intrinsic,512513,EPG,EPG(PB08)_R1,R,cb_intrinsic,14
17591,ER4d,ER4d_R,R,cb_intrinsic,512513,EPG,EPG(PB08)_R1,R,cb_intrinsic,14
517264,ER3w_a,ER3w_a_R,R,cb_intrinsic,519941,EPG,EPG(PB08)_L3,L,cb_intrinsic,13
514180,ER3p_b,ER3p_b_R,R,cb_intrinsic,519941,EPG,EPG(PB08)_L3,L,cb_intrinsic,13
67174,ER1_a,ER1_a_R,R,cb_intrinsic,519941,EPG,EPG(PB08)_L3,L,cb_intrinsic,13
50808,ER4d,ER4d_L,L,cb_intrinsic,519941,EPG,EPG(PB08)_L3,L,cb_intrinsic,13
38306,ER3d_a,ER3d_a_L,L,cb_intrinsic,519941,EPG,EPG(PB08)_L3,L,cb_intrinsic,13
26939,ER3m,ER3m_R,R,cb_intrinsic,519941,EPG,EPG(PB08)_L3,L,cb_intrinsic,13
25203,ER3w_c,ER3w_c_L,L,cb_intrinsic,519941,EPG,EPG(PB08)_L3,L,cb_intrinsic,13
23080,ER4d,ER4d_R,R,cb_intrinsic,519941,EPG,EPG(PB08)_L3,L,cb_intrinsic,13
21179,ER2_a,ER2_a_R,R,cb_intrinsic,519941,EPG,EPG(PB08)_L3,L,cb_intrinsic,13
20678,ER2_d,ER2_d_R,R,cb_intrinsic,519941,EPG,EPG(PB08)_L3,L,cb_intrinsic,13
15444,ER2_d,ER2_d_L,L,cb_intrinsic,519941,EPG,EPG(PB08)_L3,L,cb_intrinsic,13
13999,ER3w_c,ER3w_c_R,R,cb_intrinsic,519941,EPG,EPG(PB08)_L3,L,cb_intrinsic,13
526552,ER3w_b,ER3w_b_R,R,cb_intrinsic,11989,EPG,EPG(PB08)_L5,L,cb_intrinsic,13
517059,ER2_a,ER2_a_L,L,cb_intrinsic,11989,EPG,EPG(PB08)_L5,L,cb_intrinsic,13
515761,ER3p_a,ER3p_a_R,R,cb_intrinsic,11989,EPG,EPG(PB08)_L5,L,cb_intrinsic,13
53618,ER3p_b,ER3p_b_L,L,cb_intrinsic,11989,EPG,EPG(PB08)_L5,L,cb_intrinsic,13
48096,ER3p_a,ER3p_a_L,L,cb_intrinsic,11989,EPG,EPG(PB08)_L5,L,cb_intrinsic,13
46707,ER3w_a,ER3w_a_L,L,cb_intrinsic,11989,EPG,EPG(PB08)_L5,L,cb_intrinsic,13
40213,ER1_b,ER1_b_L,L,cb_intrinsic,11989,EPG,EPG(PB08)_L5,L,cb_intrinsic,13
36524,ER2_a,ER2_a_L,L,cb_intrinsic,11989,EPG,EPG(PB08)_L5,L,cb_intrinsic,13
34607,ER4d,ER4d_L,L,cb_intrinsic,11989,EPG,EPG(PB08)_L5,L,cb_intrinsic,13
25797,ER4d,ER4d_L,L,cb_intrinsic,11989,EPG,EPG(PB08)_L5,L,cb_intrinsic,13
24549,ER3w_c,ER3w_c_L,L,cb_intrinsic,11989,EPG,EPG(PB08)_L5,L,cb_intrinsic,13
24122,ER4d,ER4d_R,R,cb_intrinsic,11989,EPG,EPG(PB08)_L5,L,cb_intrinsic,13
24076,ER4d,ER4d_R,R,cb_intrinsic,11989,EPG,EPG(PB08)_L5,L,cb_intrinsic,13
19935,ER2_c,ER2_c_R,R,cb_intrinsic,11989,EPG,EPG(PB08)_L5,L,cb_intrinsic,13
44010,ER3w_b,ER3w_b_L,L,cb_intrinsic,107195,EPG,EPG(PB08)_L5,L,cb_intrinsic,13
26673,ER3w_b,ER3w_b_L,L,cb_intrinsic,107195,EPG,EPG(PB08)_L5,L,cb_intrinsic,13
25203,ER3w_c,ER3w_c_L,L,cb_intrinsic,107195,EPG,EPG(PB08)_L5,L,cb_intrinsic,13
24093,ER3w_a,ER3w_a_R,R,cb_intrinsic,107195,EPG,EPG(PB08)_L5,L,cb_intrinsic,13
21752,ER2_c,ER2_c_L,L,cb_intrinsic,107195,EPG,EPG(PB08)_L5,L,cb_intrinsic,13
20945,ER2_c,ER2_c_R,R,cb_intrinsic,107195,EPG,EPG(PB08)_L5,L,cb_intrinsic,13
19355,ER2_c,ER2_c_R,R,cb_intrinsic,107195,EPG,EPG(PB08)_L5,L,cb_intrinsic,13
527653,ER4d,ER4d_L,L,cb_intrinsic,519328,EPG,EPG(PB08)_L3,L,cb_intrinsic,13
53745,ER3p_a,ER3p_a_L,L,cb_intrinsic,519328,EPG,EPG(PB08)_L3,L,cb_intrinsic,13
47271,ER3p_a,ER3p_a_L,L,cb_intrinsic,519328,EPG,EPG(PB08)_L3,L,cb_intrinsic,13
46341,ER3w_b,ER3w_b_L,L,cb_intrinsic,519328,EPG,EPG(PB08)_L3,L,cb_intrinsic,13
36524,ER2_a,ER2_a_L,L,cb_intrinsic,519328,EPG,EPG(PB08)_L3,L,cb_intrinsic,13
21059,ER2_d,ER2_d_R,R,cb_intrinsic,519328,EPG,EPG(PB08)_L3,L,cb_intrinsic,13
19355,ER2_c,ER2_c_R,R,cb_intrinsic,519328,EPG,EPG(PB08)_L3,L,cb_intrinsic,13
18377,ER3w_b,ER3w_b_L,L,cb_intrinsic,519328,EPG,EPG(PB08)_L3,L,cb_intrinsic,13
513678,ER3w_b,ER3w_b_R,R,cb_intrinsic,512928,EPG,EPG(PB08)_R3,R,cb_intrinsic,13
80867,ER1_a,ER1_a_R,R,cb_intrinsic,512928,EPG,EPG(PB08)_R3,R,cb_intrinsic,13
72491,ER1_c,ER1_c_R,R,cb_intrinsic,512928,EPG,EPG(PB08)_R3,R,cb_intrinsic,13
42241,ER1_b,ER1_b_R,R,cb_intrinsic,512928,EPG,EPG(PB08)_R3,R,cb_intrinsic,13
39095,ER1_a,ER1_a_L,L,cb_intrinsic,512928,EPG,EPG(PB08)_R3,R,cb_intrinsic,13
27348,ER3m,ER3m_L,L,cb_intrinsic,512928,EPG,EPG(PB08)_R3,R,cb_intrinsic,13
25797,ER4d,ER4d_L,L,cb_intrinsic,512928,EPG,EPG(PB08)_R3,R,cb_intrinsic,13
24459,ER4d,ER4d_L,L,cb_intrinsic,512928,EPG,EPG(PB08)_R3,R,cb_intrinsic,13
23874,ER4d,ER4d_R,R,cb_intrinsic,512928,EPG,EPG(PB08)_R3,R,cb_intrinsic,13
23520,ER4d,ER4d_L,L,cb_intrinsic,512928,EPG,EPG(PB08)_R3,R,cb_intrinsic,13
21882,ER2_a,ER2_a_L,L,cb_intrinsic,512928,EPG,EPG(PB08)_R3,R,cb_intrinsic,13
21752,ER2_c,ER2_c_L,L,cb_intrinsic,512928,EPG,EPG(PB08)_R3,R,cb_intrinsic,13
21645,ER2_a,ER2_a_L,L,cb_intrinsic,512928,EPG,EPG(PB08)_R3,R,cb_intrinsic,13
19410,ER4d,ER4d_L,L,cb_intrinsic,512928,EPG,EPG(PB08)_R3,R,cb_intrinsic,13
523816,ER1_b,ER1_b_L,L,cb_intrinsic,14507,EPG,EPG(PB08)_R7,R,cb_intrinsic,13
517059,ER2_a,ER2_a_L,L,cb_intrinsic,14507,EPG,EPG(PB08)_R7,R,cb_intrinsic,13
514042,ER2_b,ER2_b_L,L,cb_intrinsic,14507,EPG,EPG(PB08)_R7,R,cb_intrinsic,13
48291,ER3w_b,ER3w_b_L,L,cb_intrinsic,14507,EPG,EPG(PB08)_R7,R,cb_intrinsic,13
46242,ER3w_a,ER3w_a_L,L,cb_intrinsic,14507,EPG,EPG(PB08)_R7,R,cb_intrinsic,13
21882,ER2_a,ER2_a_L,L,cb_intrinsic,14507,EPG,EPG(PB08)_R7,R,cb_intrinsic,13
21449,ER2_c,ER2_c_R,R,cb_intrinsic,14507,EPG,EPG(PB08)_R7,R,cb_intrinsic,13
518690,ER1_b,ER1_b_R,R,cb_intrinsic,524073,EPG,EPG(PB08)_L2,L,cb_intrinsic,13
72491,ER1_c,ER1_c_R,R,cb_intrinsic,524073,EPG,EPG(PB08)_L2,L,cb_intrinsic,13
50888,ER2_c,ER2_c_L,L,cb_intrinsic,524073,EPG,EPG(PB08)_L2,L,cb_intrinsic,13
26673,ER3w_b,ER3w_b_L,L,cb_intrinsic,524073,EPG,EPG(PB08)_L2,L,cb_intrinsic,13
23874,ER4d,ER4d_R,R,cb_intrinsic,524073,EPG,EPG(PB08)_L2,L,cb_intrinsic,13
23197,ER4d,ER4d_L,L,cb_intrinsic,524073,EPG,EPG(PB08)_L2,L,cb_intrinsic,13
23080,ER4d,ER4d_R,R,cb_intrinsic,524073,EPG,EPG(PB08)_L2,L,cb_intrinsic,13
20678,ER2_d,ER2_d_R,R,cb_intrinsic,524073,EPG,EPG(PB08)_L2,L,cb_intrinsic,13
20653,ER4d,ER4d_L,L,cb_intrinsic,524073,EPG,EPG(PB08)_L2,L,cb_intrinsic,13
20605,ER2_a,ER2_a_L,L,cb_intrinsic,524073,EPG,EPG(PB08)_L2,L,cb_intrinsic,13
15444,ER2_d,ER2_d_L,L,cb_intrinsic,524073,EPG,EPG(PB08)_L2,L,cb_intrinsic,13
527653,ER4d,ER4d_L,L,cb_intrinsic,519144,EPG,EPG(PB08)_L8,L,cb_intrinsic,13
526143,ER3w_b,ER3w_b_L,L,cb_intrinsic,519144,EPG,EPG(PB08)_L8,L,cb_intrinsic,13
48291,ER3w_b,ER3w_b_L,L,cb_intrinsic,519144,EPG,EPG(PB08)_L8,L,cb_intrinsic,13
25297,ER3w_a,ER3w_a_R,R,cb_intrinsic,519144,EPG,EPG(PB08)_L8,L,cb_intrinsic,13
24459,ER4d,ER4d_L,L,cb_intrinsic,519144,EPG,EPG(PB08)_L8,L,cb_intrinsic,13
22461,ER4d,ER4d_R,R,cb_intrinsic,519144,EPG,EPG(PB08)_L8,L,cb_intrinsic,13
20980,ER4d,ER4d_R,R,cb_intrinsic,519144,EPG,EPG(PB08)_L8,L,cb_intrinsic,13
20678,ER2_d,ER2_d_R,R,cb_intrinsic,519144,EPG,EPG(PB08)_L8,L,cb_intrinsic,13
20664,ER2_a,ER2_a_R,R,cb_intrinsic,519144,EPG,EPG(PB08)_L8,L,cb_intrinsic,13
20317,ER2_c,ER2_c_L,L,cb_intrinsic,519144,EPG,EPG(PB08)_L8,L,cb_intrinsic,13
19917,ER2_c,ER2_c_R,R,cb_intrinsic,519144,EPG,EPG(PB08)_L8,L,cb_intrinsic,13
16598,ER3w_b,ER3w_b_R,R,cb_intrinsic,519144,EPG,EPG(PB08)_L8,L,cb_intrinsic,13
517059,ER2_a,ER2_a_L,L,cb_intrinsic,512305,EPG,EPG(PB08)_R8,R,cb_intrinsic,13
514180,ER3p_b,ER3p_b_R,R,cb_intrinsic,512305,EPG,EPG(PB08)_R8,R,cb_intrinsic,13
50694,ER3w_b,ER3w_b_L,L,cb_intrinsic,512305,EPG,EPG(PB08)_R8,R,cb_intrinsic,13
27043,ER3w_c,ER3w_c_R,R,cb_intrinsic,512305,EPG,EPG(PB08)_R8,R,cb_intrinsic,13
23874,ER4d,ER4d_R,R,cb_intrinsic,512305,EPG,EPG(PB08)_R8,R,cb_intrinsic,13
23197,ER4d,ER4d_L,L,cb_intrinsic,512305,EPG,EPG(PB08)_R8,R,cb_intrinsic,13
21449,ER2_c,ER2_c_R,R,cb_intrinsic,512305,EPG,EPG(PB08)_R8,R,cb_intrinsic,13
20883,ER2_c,ER2_c_R,R,cb_intrinsic,512305,EPG,EPG(PB08)_R8,R,cb_intrinsic,13
20559,ER2_a,ER2_a_L,L,cb_intrinsic,512305,EPG,EPG(PB08)_R8,R,cb_intrinsic,13
19569,ER2_c,ER2_c_R,R,cb_intrinsic,512305,EPG,EPG(PB08)_R8,R,cb_intrinsic,13
522745,ER2_c,ER2_c_L,L,cb_intrinsic,513464,EPG,EPG(PB08)_R8,R,cb_intrinsic,13
513346,ER3w_b,ER3w_b_R,R,cb_intrinsic,513464,EPG,EPG(PB08)_R8,R,cb_intrinsic,13
44010,ER3w_b,ER3w_b_L,L,cb_intrinsic,513464,EPG,EPG(PB08)_R8,R,cb_intrinsic,13
31088,ER3p_a,ER3p_a_R,R,cb_intrinsic,513464,EPG,EPG(PB08)_R8,R,cb_intrinsic,13
28339,ER4d,ER4d_R,R,cb_intrinsic,513464,EPG,EPG(PB08)_R8,R,cb_intrinsic,13
27850,ER3w_b,ER3w_b_R,R,cb_intrinsic,513464,EPG,EPG(PB08)_R8,R,cb_intrinsic,13
27770,ER3w_b,ER3w_b_R,R,cb_intrinsic,513464,EPG,EPG(PB08)_R8,R,cb_intrinsic,13
26843,ER3w_b,ER3w_b_R,R,cb_intrinsic,513464,EPG,EPG(PB08)_R8,R,cb_intrinsic,13
23874,ER4d,ER4d_R,R,cb_intrinsic,513464,EPG,EPG(PB08)_R8,R,cb_intrinsic,13
23315,ER4d,ER4d_L,L,cb_intrinsic,513464,EPG,EPG(PB08)_R8,R,cb_intrinsic,13
20980,ER4d,ER4d_R,R,cb_intrinsic,513464,EPG,EPG(PB08)_R8,R,cb_intrinsic,13
20678,ER2_d,ER2_d_R,R,cb_intrinsic,513464,EPG,EPG(PB08)_R8,R,cb_intrinsic,13
19935,ER2_c,ER2_c_R,R,cb_intrinsic,513464,EPG,EPG(PB08)_R8,R,cb_intrinsic,13
19807,ER2_c,ER2_c_L,L,cb_intrinsic,513464,EPG,EPG(PB08)_R8,R,cb_intrinsic,13
19569,ER2_c,ER2_c_R,R,cb_intrinsic,513464,EPG,EPG(PB08)_R8,R,cb_intrinsic,13
13985,ER4m,ER4m_L,L,cb_intrinsic,513464,EPG,EPG(PB08)_R8,R,cb_intrinsic,13
11933,ER2_c,ER2_c_R,R,cb_intrinsic,513464,EPG,EPG(PB08)_R8,R,cb_intrinsic,13
513678,ER3w_b,ER3w_b_R,R,cb_intrinsic,19825,EPG,EPG(PB08)_R6,R,cb_intrinsic,13
512607,ER3p_a,ER3p_a_R,R,cb_intrinsic,19825,EPG,EPG(PB08)_R6,R,cb_intrinsic,13
511857,ER1_c,ER1_c_L,L,cb_intrinsic,19825,EPG,EPG(PB08)_R6,R,cb_intrinsic,13
50007,ER3p_a,ER3p_a_L,L,cb_intrinsic,19825,EPG,EPG(PB08)_R6,R,cb_intrinsic,13
46707,ER3w_a,ER3w_a_L,L,cb_intrinsic,19825,EPG,EPG(PB08)_R6,R,cb_intrinsic,13
46089,ER3p_a,ER3p_a_L,L,cb_intrinsic,19825,EPG,EPG(PB08)_R6,R,cb_intrinsic,13
44010,ER3w_b,ER3w_b_L,L,cb_intrinsic,19825,EPG,EPG(PB08)_R6,R,cb_intrinsic,13
39095,ER1_a,ER1_a_L,L,cb_intrinsic,19825,EPG,EPG(PB08)_R6,R,cb_intrinsic,13
36524,ER2_a,ER2_a_L,L,cb_intrinsic,19825,EPG,EPG(PB08)_R6,R,cb_intrinsic,13
26843,ER3w_b,ER3w_b_R,R,cb_intrinsic,19825,EPG,EPG(PB08)_R6,R,cb_intrinsic,13
24549,ER3w_c,ER3w_c_L,L,cb_intrinsic,19825,EPG,EPG(PB08)_R6,R,cb_intrinsic,13
20678,ER2_d,ER2_d_R,R,cb_intrinsic,19825,EPG,EPG(PB08)_R6,R,cb_intrinsic,13
20404,ER4d,ER4d_L,L,cb_intrinsic,19825,EPG,EPG(PB08)_R6,R,cb_intrinsic,13
19900,ER2_c,ER2_c_L,L,cb_intrinsic,19825,EPG,EPG(PB08)_R6,R,cb_intrinsic,13
518690,ER1_b,ER1_b_R,R,cb_intrinsic,11307,EPG,EPG(PB08)_L4,L,cb_intrinsic,13
513346,ER3w_b,ER3w_b_R,R,cb_intrinsic,11307,EPG,EPG(PB08)_L4,L,cb_intrinsic,13
512607,ER3p_a,ER3p_a_R,R,cb_intrinsic,11307,EPG,EPG(PB08)_L4,L,cb_intrinsic,13
53745,ER3p_a,ER3p_a_L,L,cb_intrinsic,11307,EPG,EPG(PB08)_L4,L,cb_intrinsic,13
50888,ER2_c,ER2_c_L,L,cb_intrinsic,11307,EPG,EPG(PB08)_L4,L,cb_intrinsic,13
43683,ER3w_a,ER3w_a_R,R,cb_intrinsic,11307,EPG,EPG(PB08)_L4,L,cb_intrinsic,13
36235,ER1_c,ER1_c_L,L,cb_intrinsic,11307,EPG,EPG(PB08)_L4,L,cb_intrinsic,13
27850,ER3w_b,ER3w_b_R,R,cb_intrinsic,11307,EPG,EPG(PB08)_L4,L,cb_intrinsic,13
25297,ER3w_a,ER3w_a_R,R,cb_intrinsic,11307,EPG,EPG(PB08)_L4,L,cb_intrinsic,13
20678,ER2_d,ER2_d_R,R,cb_intrinsic,11307,EPG,EPG(PB08)_L4,L,cb_intrinsic,13
20664,ER2_a,ER2_a_R,R,cb_intrinsic,11307,EPG,EPG(PB08)_L4,L,cb_intrinsic,13
20317,ER2_c,ER2_c_L,L,cb_intrinsic,11307,EPG,EPG(PB08)_L4,L,cb_intrinsic,13
19807,ER2_c,ER2_c_L,L,cb_intrinsic,11307,EPG,EPG(PB08)_L4,L,cb_intrinsic,13
18508,ER2_c,ER2_c_L,L,cb_intrinsic,11307,EPG,EPG(PB08)_L4,L,cb_intrinsic,13
11933,ER2_c,ER2_c_R,R,cb_intrinsic,11307,EPG,EPG(PB08)_L4,L,cb_intrinsic,13
513346,ER3w_b,ER3w_b_R,R,cb_intrinsic,11503,EPG,EPG(PB08)_R8,R,cb_intrinsic,13
46089,ER3p_a,ER3p_a_L,L,cb_intrinsic,11503,EPG,EPG(PB08)_R8,R,cb_intrinsic,13
44010,ER3w_b,ER3w_b_L,L,cb_intrinsic,11503,EPG,EPG(PB08)_R8,R,cb_intrinsic,13
43683,ER3w_a,ER3w_a_R,R,cb_intrinsic,11503,EPG,EPG(PB08)_R8,R,cb_intrinsic,13
27806,ER3p_a,ER3p_a_R,R,cb_intrinsic,11503,EPG,EPG(PB08)_R8,R,cb_intrinsic,13
25203,ER3w_c,ER3w_c_L,L,cb_intrinsic,11503,EPG,EPG(PB08)_R8,R,cb_intrinsic,13
23097,ER2_a,ER2_a_L,L,cb_intrinsic,11503,EPG,EPG(PB08)_R8,R,cb_intrinsic,13
21277,ER2_a,ER2_a_R,R,cb_intrinsic,11503,EPG,EPG(PB08)_R8,R,cb_intrinsic,13
17591,ER4d,ER4d_R,R,cb_intrinsic,11503,EPG,EPG(PB08)_R8,R,cb_intrinsic,13
13985,ER4m,ER4m_L,L,cb_intrinsic,11503,EPG,EPG(PB08)_R8,R,cb_intrinsic,13
512606,ER3w_c,ER3w_c_L,L,cb_intrinsic,84758,EPG,EPG(PB08)_L7,L,cb_intrinsic,13
67174,ER1_a,ER1_a_R,R,cb_intrinsic,84758,EPG,EPG(PB08)_L7,L,cb_intrinsic,13
59337,ER3w_b,ER3w_b_L,L,cb_intrinsic,84758,EPG,EPG(PB08)_L7,L,cb_intrinsic,13
50694,ER3w_b,ER3w_b_L,L,cb_intrinsic,84758,EPG,EPG(PB08)_L7,L,cb_intrinsic,13
43683,ER3w_a,ER3w_a_R,R,cb_intrinsic,84758,EPG,EPG(PB08)_L7,L,cb_intrinsic,13
36384,ER1_b,ER1_b_R,R,cb_intrinsic,84758,EPG,EPG(PB08)_L7,L,cb_intrinsic,13
26798,ER1_a,ER1_a_L,L,cb_intrinsic,84758,EPG,EPG(PB08)_L7,L,cb_intrinsic,13
25447,ER3w_c,ER3w_c_R,R,cb_intrinsic,84758,EPG,EPG(PB08)_L7,L,cb_intrinsic,13
20678,ER2_d,ER2_d_R,R,cb_intrinsic,84758,EPG,EPG(PB08)_L7,L,cb_intrinsic,13
19425,ER2_c,ER2_c_R,R,cb_intrinsic,84758,EPG,EPG(PB08)_L7,L,cb_intrinsic,13
13999,ER3w_c,ER3w_c_R,R,cb_intrinsic,84758,EPG,EPG(PB08)_L7,L,cb_intrinsic,13
524075,ER2_d,ER2_d_L,L,cb_intrinsic,520812,EPG,EPG(PB08)_R8,R,cb_intrinsic,13
454614,ER4m,ER4m_L,L,cb_intrinsic,520812,EPG,EPG(PB08)_R8,R,cb_intrinsic,13
61273,ER1_b,ER1_b_L,L,cb_intrinsic,520812,EPG,EPG(PB08)_R8,R,cb_intrinsic,13
50007,ER3p_a,ER3p_a_L,L,cb_intrinsic,520812,EPG,EPG(PB08)_R8,R,cb_intrinsic,13
43683,ER3w_a,ER3w_a_R,R,cb_intrinsic,520812,EPG,EPG(PB08)_R8,R,cb_intrinsic,13
27850,ER3w_b,ER3w_b_R,R,cb_intrinsic,520812,EPG,EPG(PB08)_R8,R,cb_intrinsic,13
27806,ER3p_a,ER3p_a_R,R,cb_intrinsic,520812,EPG,EPG(PB08)_R8,R,cb_intrinsic,13
26843,ER3w_b,ER3w_b_R,R,cb_intrinsic,520812,EPG,EPG(PB08)_R8,R,cb_intrinsic,13
25359,ER3p_a,ER3p_a_R,R,cb_intrinsic,520812,EPG,EPG(PB08)_R8,R,cb_intrinsic,13
24459,ER4d,ER4d_L,L,cb_intrinsic,520812,EPG,EPG(PB08)_R8,R,cb_intrinsic,13
23520,ER4d,ER4d_L,L,cb_intrinsic,520812,EPG,EPG(PB08)_R8,R,cb_intrinsic,13
23097,ER2_a,ER2_a_L,L,cb_intrinsic,520812,EPG,EPG(PB08)_R8,R,cb_intrinsic,13
21179,ER2_a,ER2_a_R,R,cb_intrinsic,520812,EPG,EPG(PB08)_R8,R,cb_intrinsic,13
18508,ER2_c,ER2_c_L,L,cb_intrinsic,520812,EPG,EPG(PB08)_R8,R,cb_intrinsic,13
526552,ER3w_b,ER3w_b_R,R,cb_intrinsic,513284,EPG,EPG(PB08)_R3,R,cb_intrinsic,13
517602,ER3p_a,ER3p_a_R,R,cb_intrinsic,513284,EPG,EPG(PB08)_R3,R,cb_intrinsic,13
514180,ER3p_b,ER3p_b_R,R,cb_intrinsic,513284,EPG,EPG(PB08)_R3,R,cb_intrinsic,13
80867,ER1_a,ER1_a_R,R,cb_intrinsic,513284,EPG,EPG(PB08)_R3,R,cb_intrinsic,13
59337,ER3w_b,ER3w_b_L,L,cb_intrinsic,513284,EPG,EPG(PB08)_R3,R,cb_intrinsic,13
50694,ER3w_b,ER3w_b_L,L,cb_intrinsic,513284,EPG,EPG(PB08)_R3,R,cb_intrinsic,13
49869,ER3p_b,ER3p_b_R,R,cb_intrinsic,513284,EPG,EPG(PB08)_R3,R,cb_intrinsic,13
49378,ER3d_c,ER3d_c_R,R,cb_intrinsic,513284,EPG,EPG(PB08)_R3,R,cb_intrinsic,13
46707,ER3w_a,ER3w_a_L,L,cb_intrinsic,513284,EPG,EPG(PB08)_R3,R,cb_intrinsic,13
44010,ER3w_b,ER3w_b_L,L,cb_intrinsic,513284,EPG,EPG(PB08)_R3,R,cb_intrinsic,13
43683,ER3w_a,ER3w_a_R,R,cb_intrinsic,513284,EPG,EPG(PB08)_R3,R,cb_intrinsic,13
27850,ER3w_b,ER3w_b_R,R,cb_intrinsic,513284,EPG,EPG(PB08)_R3,R,cb_intrinsic,13
25203,ER3w_c,ER3w_c_L,L,cb_intrinsic,513284,EPG,EPG(PB08)_R3,R,cb_intrinsic,13
24879,ER4d,ER4d_L,L,cb_intrinsic,513284,EPG,EPG(PB08)_R3,R,cb_intrinsic,13
24076,ER4d,ER4d_R,R,cb_intrinsic,513284,EPG,EPG(PB08)_R3,R,cb_intrinsic,13
19169,ER3m,ER3m_L,L,cb_intrinsic,513284,EPG,EPG(PB08)_R3,R,cb_intrinsic,13
529207,ER3p_a,ER3p_a_R,R,cb_intrinsic,556346,EPG,EPG(PB08)_L6,L,cb_intrinsic,13
523788,ER3w_a,ER3w_a_R,R,cb_intrinsic,556346,EPG,EPG(PB08)_L6,L,cb_intrinsic,13
522745,ER2_c,ER2_c_L,L,cb_intrinsic,556346,EPG,EPG(PB08)_L6,L,cb_intrinsic,13
36524,ER2_a,ER2_a_L,L,cb_intrinsic,556346,EPG,EPG(PB08)_L6,L,cb_intrinsic,13
26843,ER3w_b,ER3w_b_R,R,cb_intrinsic,556346,EPG,EPG(PB08)_L6,L,cb_intrinsic,13
21752,ER2_c,ER2_c_L,L,cb_intrinsic,556346,EPG,EPG(PB08)_L6,L,cb_intrinsic,13
21277,ER2_a,ER2_a_R,R,cb_intrinsic,556346,EPG,EPG(PB08)_L6,L,cb_intrinsic,13
20559,ER2_a,ER2_a_L,L,cb_intrinsic,556346,EPG,EPG(PB08)_L6,L,cb_intrinsic,13
17419,ER6,ER6_R,R,cb_intrinsic,556346,EPG,EPG(PB08)_L6,L,cb_intrinsic,13
522745,ER2_c,ER2_c_L,L,cb_intrinsic,523786,EPG,EPG(PB08)_R4,R,cb_intrinsic,13
515761,ER3p_a,ER3p_a_R,R,cb_intrinsic,523786,EPG,EPG(PB08)_R4,R,cb_intrinsic,13
48096,ER3p_a,ER3p_a_L,L,cb_intrinsic,523786,EPG,EPG(PB08)_R4,R,cb_intrinsic,13
42241,ER1_b,ER1_b_R,R,cb_intrinsic,523786,EPG,EPG(PB08)_R4,R,cb_intrinsic,13
38268,ER1_b,ER1_b_R,R,cb_intrinsic,523786,EPG,EPG(PB08)_R4,R,cb_intrinsic,13
28339,ER4d,ER4d_R,R,cb_intrinsic,523786,EPG,EPG(PB08)_R4,R,cb_intrinsic,13
26673,ER3w_b,ER3w_b_L,L,cb_intrinsic,523786,EPG,EPG(PB08)_R4,R,cb_intrinsic,13
21059,ER2_d,ER2_d_R,R,cb_intrinsic,523786,EPG,EPG(PB08)_R4,R,cb_intrinsic,13
20653,ER4d,ER4d_L,L,cb_intrinsic,523786,EPG,EPG(PB08)_R4,R,cb_intrinsic,13
19569,ER2_c,ER2_c_R,R,cb_intrinsic,523786,EPG,EPG(PB08)_R4,R,cb_intrinsic,13
17591,ER4d,ER4d_R,R,cb_intrinsic,523786,EPG,EPG(PB08)_R4,R,cb_intrinsic,13
529207,ER3p_a,ER3p_a_R,R,cb_intrinsic,11987,EPG,EPG(PB08)_R5,R,cb_intrinsic,13
523816,ER1_b,ER1_b_L,L,cb_intrinsic,11987,EPG,EPG(PB08)_R5,R,cb_intrinsic,13
54597,ER1_a,ER1_a_L,L,cb_intrinsic,11987,EPG,EPG(PB08)_R5,R,cb_intrinsic,13
23315,ER4d,ER4d_L,L,cb_intrinsic,11987,EPG,EPG(PB08)_R5,R,cb_intrinsic,13
20317,ER2_c,ER2_c_L,L,cb_intrinsic,11987,EPG,EPG(PB08)_R5,R,cb_intrinsic,13
19323,ER4d,ER4d_R,R,cb_intrinsic,11987,EPG,EPG(PB08)_R5,R,cb_intrinsic,13
53745,ER3p_a,ER3p_a_L,L,cb_intrinsic,513033,EPG,EPG(PB08)_L8,L,cb_intrinsic,13
46341,ER3w_b,ER3w_b_L,L,cb_intrinsic,513033,EPG,EPG(PB08)_L8,L,cb_intrinsic,13
39503,ER3p_a,ER3p_a_L,L,cb_intrinsic,513033,EPG,EPG(PB08)_L8,L,cb_intrinsic,13
25501,ER3w_b,ER3w_b_L,L,cb_intrinsic,513033,EPG,EPG(PB08)_L8,L,cb_intrinsic,13
24093,ER3w_a,ER3w_a_R,R,cb_intrinsic,513033,EPG,EPG(PB08)_L8,L,cb_intrinsic,13
19737,ER4d,ER4d_R,R,cb_intrinsic,513033,EPG,EPG(PB08)_L8,L,cb_intrinsic,13
17419,ER6,ER6_R,R,cb_intrinsic,513033,EPG,EPG(PB08)_L8,L,cb_intrinsic,13
15444,ER2_d,ER2_d_L,L,cb_intrinsic,513033,EPG,EPG(PB08)_L8,L,cb_intrinsic,13
517602,ER3p_a,ER3p_a_R,R,cb_intrinsic,19125,EPG,EPG(PB08)_R5,R,cb_intrinsic,13
514803,ER2_b,ER2_b_L,L,cb_intrinsic,19125,EPG,EPG(PB08)_R5,R,cb_intrinsic,13
53618,ER3p_b,ER3p_b_L,L,cb_intrinsic,19125,EPG,EPG(PB08)_R5,R,cb_intrinsic,13
46089,ER3p_a,ER3p_a_L,L,cb_intrinsic,19125,EPG,EPG(PB08)_R5,R,cb_intrinsic,13
39503,ER3p_a,ER3p_a_L,L,cb_intrinsic,19125,EPG,EPG(PB08)_R5,R,cb_intrinsic,13
31681,ER1_a,ER1_a_R,R,cb_intrinsic,19125,EPG,EPG(PB08)_R5,R,cb_intrinsic,13
25709,ER2_c,ER2_c_L,L,cb_intrinsic,19125,EPG,EPG(PB08)_R5,R,cb_intrinsic,13
23097,ER2_a,ER2_a_L,L,cb_intrinsic,19125,EPG,EPG(PB08)_R5,R,cb_intrinsic,13
21882,ER2_a,ER2_a_L,L,cb_intrinsic,19125,EPG,EPG(PB08)_R5,R,cb_intrinsic,13
20559,ER2_a,ER2_a_L,L,cb_intrinsic,19125,EPG,EPG(PB08)_R5,R,cb_intrinsic,13
19425,ER2_c,ER2_c_R,R,cb_intrinsic,19125,EPG,EPG(PB08)_R5,R,cb_intrinsic,13
18733,ER2_c,ER2_c_L,L,cb_intrinsic,19125,EPG,EPG(PB08)_R5,R,cb_intrinsic,13
18377,ER3w_b,ER3w_b_L,L,cb_intrinsic,19125,EPG,EPG(PB08)_R5,R,cb_intrinsic,13
16343,ER4d,ER4d_R,R,cb_intrinsic,19125,EPG,EPG(PB08)_R5,R,cb_intrinsic,13
15444,ER2_d,ER2_d_L,L,cb_intrinsic,19125,EPG,EPG(PB08)_R5,R,cb_intrinsic,13
518690,ER1_b,ER1_b_R,R,cb_intrinsic,131313,EPG,EPG(PB08)_R6,R,cb_intrinsic,13
514803,ER2_b,ER2_b_L,L,cb_intrinsic,131313,EPG,EPG(PB08)_R6,R,cb_intrinsic,13
50808,ER4d,ER4d_L,L,cb_intrinsic,131313,EPG,EPG(PB08)_R6,R,cb_intrinsic,13
46242,ER3w_a,ER3w_a_L,L,cb_intrinsic,131313,EPG,EPG(PB08)_R6,R,cb_intrinsic,13
44010,ER3w_b,ER3w_b_L,L,cb_intrinsic,131313,EPG,EPG(PB08)_R6,R,cb_intrinsic,13
25359,ER3p_a,ER3p_a_R,R,cb_intrinsic,131313,EPG,EPG(PB08)_R6,R,cb_intrinsic,13
23197,ER4d,ER4d_L,L,cb_intrinsic,131313,EPG,EPG(PB08)_R6,R,cb_intrinsic,13
23080,ER4d,ER4d_R,R,cb_intrinsic,131313,EPG,EPG(PB08)_R6,R,cb_intrinsic,13
21752,ER2_c,ER2_c_L,L,cb_intrinsic,131313,EPG,EPG(PB08)_R6,R,cb_intrinsic,13
21449,ER2_c,ER2_c_R,R,cb_intrinsic,131313,EPG,EPG(PB08)_R6,R,cb_intrinsic,13
20945,ER2_c,ER2_c_R,R,cb_intrinsic,131313,EPG,EPG(PB08)_R6,R,cb_intrinsic,13
20404,ER4d,ER4d_L,L,cb_intrinsic,131313,EPG,EPG(PB08)_R6,R,cb_intrinsic,13
46707,ER3w_a,ER3w_a_L,L,cb_intrinsic,513517,EPG,EPG(PB08)_L4,L,cb_intrinsic,13
28339,ER4d,ER4d_R,R,cb_intrinsic,513517,EPG,EPG(PB08)_L4,L,cb_intrinsic,13
27806,ER3p_a,ER3p_a_R,R,cb_intrinsic,513517,EPG,EPG(PB08)_L4,L,cb_intrinsic,13
27770,ER3w_b,ER3w_b_R,R,cb_intrinsic,513517,EPG,EPG(PB08)_L4,L,cb_intrinsic,13
25841,ER3w_b,ER3w_b_L,L,cb_intrinsic,513517,EPG,EPG(PB08)_L4,L,cb_intrinsic,13
24549,ER3w_c,ER3w_c_L,L,cb_intrinsic,513517,EPG,EPG(PB08)_L4,L,cb_intrinsic,13
24122,ER4d,ER4d_R,R,cb_intrinsic,513517,EPG,EPG(PB08)_L4,L,cb_intrinsic,13
21277,ER2_a,ER2_a_R,R,cb_intrinsic,513517,EPG,EPG(PB08)_L4,L,cb_intrinsic,13
20653,ER4d,ER4d_L,L,cb_intrinsic,513517,EPG,EPG(PB08)_L4,L,cb_intrinsic,13
17679,ER2_d,ER2_d_R,R,cb_intrinsic,513517,EPG,EPG(PB08)_L4,L,cb_intrinsic,13
15444,ER2_d,ER2_d_L,L,cb_intrinsic,513517,EPG,EPG(PB08)_L4,L,cb_intrinsic,13
529847,ER3m,ER3m_L,L,cb_intrinsic,556347,EPG,EPG(PB08)_R4,R,cb_intrinsic,13
52832,ER3m,ER3m_R,R,cb_intrinsic,556347,EPG,EPG(PB08)_R4,R,cb_intrinsic,13
49869,ER3p_b,ER3p_b_R,R,cb_intrinsic,556347,EPG,EPG(PB08)_R4,R,cb_intrinsic,13
36384,ER1_b,ER1_b_R,R,cb_intrinsic,556347,EPG,EPG(PB08)_R4,R,cb_intrinsic,13
26673,ER3w_b,ER3w_b_L,L,cb_intrinsic,556347,EPG,EPG(PB08)_R4,R,cb_intrinsic,13
21645,ER2_a,ER2_a_L,L,cb_intrinsic,556347,EPG,EPG(PB08)_R4,R,cb_intrinsic,13
21277,ER2_a,ER2_a_R,R,cb_intrinsic,556347,EPG,EPG(PB08)_R4,R,cb_intrinsic,13
19900,ER2_c,ER2_c_L,L,cb_intrinsic,556347,EPG,EPG(PB08)_R4,R,cb_intrinsic,13
517602,ER3p_a,ER3p_a_R,R,cb_intrinsic,521409,EPG,EPG(PB08)_L8,L,cb_intrinsic,13
47271,ER3p_a,ER3p_a_L,L,cb_intrinsic,521409,EPG,EPG(PB08)_L8,L,cb_intrinsic,13
46707,ER3w_a,ER3w_a_L,L,cb_intrinsic,521409,EPG,EPG(PB08)_L8,L,cb_intrinsic,13
46341,ER3w_b,ER3w_b_L,L,cb_intrinsic,521409,EPG,EPG(PB08)_L8,L,cb_intrinsic,13
36730,ER1_b,ER1_b_L,L,cb_intrinsic,521409,EPG,EPG(PB08)_L8,L,cb_intrinsic,13
35978,ER1_b,ER1_b_L,L,cb_intrinsic,521409,EPG,EPG(PB08)_L8,L,cb_intrinsic,13
31735,ER1_a,ER1_a_L,L,cb_intrinsic,521409,EPG,EPG(PB08)_L8,L,cb_intrinsic,13
25203,ER3w_c,ER3w_c_L,L,cb_intrinsic,521409,EPG,EPG(PB08)_L8,L,cb_intrinsic,13
23080,ER4d,ER4d_R,R,cb_intrinsic,521409,EPG,EPG(PB08)_L8,L,cb_intrinsic,13
21449,ER2_c,ER2_c_R,R,cb_intrinsic,521409,EPG,EPG(PB08)_L8,L,cb_intrinsic,13
21277,ER2_a,ER2_a_R,R,cb_intrinsic,521409,EPG,EPG(PB08)_L8,L,cb_intrinsic,13
20664,ER2_a,ER2_a_R,R,cb_intrinsic,521409,EPG,EPG(PB08)_L8,L,cb_intrinsic,13
20590,ER2_a,ER2_a_R,R,cb_intrinsic,521409,EPG,EPG(PB08)_L8,L,cb_intrinsic,13
19323,ER4d,ER4d_R,R,cb_intrinsic,521409,EPG,EPG(PB08)_L8,L,cb_intrinsic,13
526143,ER3w_b,ER3w_b_L,L,cb_intrinsic,513463,EPG,EPG(PB08)_R2,R,cb_intrinsic,13
523788,ER3w_a,ER3w_a_R,R,cb_intrinsic,513463,EPG,EPG(PB08)_R2,R,cb_intrinsic,13
522745,ER2_c,ER2_c_L,L,cb_intrinsic,513463,EPG,EPG(PB08)_R2,R,cb_intrinsic,13
514042,ER2_b,ER2_b_L,L,cb_intrinsic,513463,EPG,EPG(PB08)_R2,R,cb_intrinsic,13
47271,ER3p_a,ER3p_a_L,L,cb_intrinsic,513463,EPG,EPG(PB08)_R2,R,cb_intrinsic,13
46242,ER3w_a,ER3w_a_L,L,cb_intrinsic,513463,EPG,EPG(PB08)_R2,R,cb_intrinsic,13
41665,ER3a_c,ER3a_c_L,L,cb_intrinsic,513463,EPG,EPG(PB08)_R2,R,cb_intrinsic,13
26136,ER2_b,ER2_b_R,R,cb_intrinsic,513463,EPG,EPG(PB08)_R2,R,cb_intrinsic,13
24549,ER3w_c,ER3w_c_L,L,cb_intrinsic,513463,EPG,EPG(PB08)_R2,R,cb_intrinsic,13
24076,ER4d,ER4d_R,R,cb_intrinsic,513463,EPG,EPG(PB08)_R2,R,cb_intrinsic,13
23874,ER4d,ER4d_R,R,cb_intrinsic,513463,EPG,EPG(PB08)_R2,R,cb_intrinsic,13
21752,ER2_c,ER2_c_L,L,cb_intrinsic,513463,EPG,EPG(PB08)_R2,R,cb_intrinsic,13
20404,ER4d,ER4d_L,L,cb_intrinsic,513463,EPG,EPG(PB08)_R2,R,cb_intrinsic,13
19917,ER2_c,ER2_c_R,R,cb_intrinsic,513463,EPG,EPG(PB08)_R2,R,cb_intrinsic,13
13395,ER4m,ER4m_R,R,cb_intrinsic,513463,EPG,EPG(PB08)_R2,R,cb_intrinsic,13
28339,ER4d,ER4d_R,R,cb_intrinsic,520818,EPG,EPG(PB08)_L4,L,cb_intrinsic,13
26136,ER2_b,ER2_b_R,R,cb_intrinsic,520818,EPG,EPG(PB08)_L4,L,cb_intrinsic,13
24076,ER4d,ER4d_R,R,cb_intrinsic,520818,EPG,EPG(PB08)_L4,L,cb_intrinsic,13
23520,ER4d,ER4d_L,L,cb_intrinsic,520818,EPG,EPG(PB08)_L4,L,cb_intrinsic,13
23315,ER4d,ER4d_L,L,cb_intrinsic,520818,EPG,EPG(PB08)_L4,L,cb_intrinsic,13
23197,ER4d,ER4d_L,L,cb_intrinsic,520818,EPG,EPG(PB08)_L4,L,cb_intrinsic,13
20883,ER2_c,ER2_c_R,R,cb_intrinsic,520818,EPG,EPG(PB08)_L4,L,cb_intrinsic,13
19900,ER2_c,ER2_c_L,L,cb_intrinsic,520818,EPG,EPG(PB08)_L4,L,cb_intrinsic,13
16818,ER4d,ER4d_R,R,cb_intrinsic,520818,EPG,EPG(PB08)_L4,L,cb_intrinsic,13
16598,ER3w_b,ER3w_b_R,R,cb_intrinsic,520818,EPG,EPG(PB08)_L4,L,cb_intrinsic,13
13094,ER4d,ER4d_R,R,cb_intrinsic,520818,EPG,EPG(PB08)_L4,L,cb_intrinsic,13
514803,ER2_b,ER2_b_L,L,cb_intrinsic,12449,EPG,EPG(PB08)_L5,L,cb_intrinsic,13
67174,ER1_a,ER1_a_R,R,cb_intrinsic,12449,EPG,EPG(PB08)_L5,L,cb_intrinsic,13
59337,ER3w_b,ER3w_b_L,L,cb_intrinsic,12449,EPG,EPG(PB08)_L5,L,cb_intrinsic,13
39095,ER1_a,ER1_a_L,L,cb_intrinsic,12449,EPG,EPG(PB08)_L5,L,cb_intrinsic,13
37105,ER1_b,ER1_b_L,L,cb_intrinsic,12449,EPG,EPG(PB08)_L5,L,cb_intrinsic,13
27770,ER3w_b,ER3w_b_R,R,cb_intrinsic,12449,EPG,EPG(PB08)_L5,L,cb_intrinsic,13
26673,ER3w_b,ER3w_b_L,L,cb_intrinsic,12449,EPG,EPG(PB08)_L5,L,cb_intrinsic,13
25797,ER4d,ER4d_L,L,cb_intrinsic,12449,EPG,EPG(PB08)_L5,L,cb_intrinsic,13
25297,ER3w_a,ER3w_a_R,R,cb_intrinsic,12449,EPG,EPG(PB08)_L5,L,cb_intrinsic,13
24549,ER3w_c,ER3w_c_L,L,cb_intrinsic,12449,EPG,EPG(PB08)_L5,L,cb_intrinsic,13
21059,ER2_d,ER2_d_R,R,cb_intrinsic,12449,EPG,EPG(PB08)_L5,L,cb_intrinsic,13
20590,ER2_a,ER2_a_R,R,cb_intrinsic,12449,EPG,EPG(PB08)_L5,L,cb_intrinsic,13
19355,ER2_c,ER2_c_R,R,cb_intrinsic,12449,EPG,EPG(PB08)_L5,L,cb_intrinsic,13
11933,ER2_c,ER2_c_R,R,cb_intrinsic,12449,EPG,EPG(PB08)_L5,L,cb_intrinsic,13
53745,ER3p_a,ER3p_a_L,L,cb_intrinsic,10539,EPG,EPG(PB08)_R2,R,cb_intrinsic,13
50007,ER3p_a,ER3p_a_L,L,cb_intrinsic,10539,EPG,EPG(PB08)_R2,R,cb_intrinsic,13
34652,ER1_b,ER1_b_L,L,cb_intrinsic,10539,EPG,EPG(PB08)_R2,R,cb_intrinsic,13
28339,ER4d,ER4d_R,R,cb_intrinsic,10539,EPG,EPG(PB08)_R2,R,cb_intrinsic,13
24076,ER4d,ER4d_R,R,cb_intrinsic,10539,EPG,EPG(PB08)_R2,R,cb_intrinsic,13
23703,ER1_b,ER1_b_R,R,cb_intrinsic,10539,EPG,EPG(PB08)_R2,R,cb_intrinsic,13
23520,ER4d,ER4d_L,L,cb_intrinsic,10539,EPG,EPG(PB08)_R2,R,cb_intrinsic,13
23197,ER4d,ER4d_L,L,cb_intrinsic,10539,EPG,EPG(PB08)_R2,R,cb_intrinsic,13
20980,ER4d,ER4d_R,R,cb_intrinsic,10539,EPG,EPG(PB08)_R2,R,cb_intrinsic,13
47271,ER3p_a,ER3p_a_L,L,cb_intrinsic,14727,EPG,EPG(PB08)_L7,L,cb_intrinsic,13
27806,ER3p_a,ER3p_a_R,R,cb_intrinsic,14727,EPG,EPG(PB08)_L7,L,cb_intrinsic,13
26673,ER3w_b,ER3w_b_L,L,cb_intrinsic,14727,EPG,EPG(PB08)_L7,L,cb_intrinsic,13
26295,ER3m,ER3m_R,R,cb_intrinsic,14727,EPG,EPG(PB08)_L7,L,cb_intrinsic,13
24122,ER4d,ER4d_R,R,cb_intrinsic,14727,EPG,EPG(PB08)_L7,L,cb_intrinsic,13
20945,ER2_c,ER2_c_R,R,cb_intrinsic,14727,EPG,EPG(PB08)_L7,L,cb_intrinsic,13
20590,ER2_a,ER2_a_R,R,cb_intrinsic,14727,EPG,EPG(PB08)_L7,L,cb_intrinsic,13
20404,ER4d,ER4d_L,L,cb_intrinsic,14727,EPG,EPG(PB08)_L7,L,cb_intrinsic,13
19917,ER2_c,ER2_c_R,R,cb_intrinsic,14727,EPG,EPG(PB08)_L7,L,cb_intrinsic,13
18664,ER2_c,ER2_c_R,R,cb_intrinsic,14727,EPG,EPG(PB08)_L7,L,cb_intrinsic,13
17679,ER2_d,ER2_d_R,R,cb_intrinsic,14727,EPG,EPG(PB08)_L7,L,cb_intrinsic,13
523816,ER1_b,ER1_b_L,L,cb_intrinsic,519140,EPG,EPG(PB08)_L1,L,cb_intrinsic,13
522745,ER2_c,ER2_c_L,L,cb_intrinsic,519140,EPG,EPG(PB08)_L1,L,cb_intrinsic,13
44814,ER3m,ER3m_L,L,cb_intrinsic,519140,EPG,EPG(PB08)_L1,L,cb_intrinsic,13
41665,ER3a_c,ER3a_c_L,L,cb_intrinsic,519140,EPG,EPG(PB08)_L1,L,cb_intrinsic,13
26798,ER1_a,ER1_a_L,L,cb_intrinsic,519140,EPG,EPG(PB08)_L1,L,cb_intrinsic,13
25797,ER4d,ER4d_L,L,cb_intrinsic,519140,EPG,EPG(PB08)_L1,L,cb_intrinsic,13
20980,ER4d,ER4d_R,R,cb_intrinsic,519140,EPG,EPG(PB08)_L1,L,cb_intrinsic,13
19355,ER2_c,ER2_c_R,R,cb_intrinsic,519140,EPG,EPG(PB08)_L1,L,cb_intrinsic,13
529207,ER3p_a,ER3p_a_R,R,cb_intrinsic,15616,EPG,EPG(PB08)_R3,R,cb_intrinsic,13
527653,ER4d,ER4d_L,L,cb_intrinsic,15616,EPG,EPG(PB08)_R3,R,cb_intrinsic,13
527199,ER3d_e,ER3d_e_L,L,cb_intrinsic,15616,EPG,EPG(PB08)_R3,R,cb_intrinsic,13
523816,ER1_b,ER1_b_L,L,cb_intrinsic,15616,EPG,EPG(PB08)_R3,R,cb_intrinsic,13
47271,ER3p_a,ER3p_a_L,L,cb_intrinsic,15616,EPG,EPG(PB08)_R3,R,cb_intrinsic,13
37058,ER1_b,ER1_b_R,R,cb_intrinsic,15616,EPG,EPG(PB08)_R3,R,cb_intrinsic,13
31681,ER1_a,ER1_a_R,R,cb_intrinsic,15616,EPG,EPG(PB08)_R3,R,cb_intrinsic,13
26798,ER1_a,ER1_a_L,L,cb_intrinsic,15616,EPG,EPG(PB08)_R3,R,cb_intrinsic,13
25359,ER3p_a,ER3p_a_R,R,cb_intrinsic,15616,EPG,EPG(PB08)_R3,R,cb_intrinsic,13
25297,ER3w_a,ER3w_a_R,R,cb_intrinsic,15616,EPG,EPG(PB08)_R3,R,cb_intrinsic,13
24549,ER3w_c,ER3w_c_L,L,cb_intrinsic,15616,EPG,EPG(PB08)_R3,R,cb_intrinsic,13
23080,ER4d,ER4d_R,R,cb_intrinsic,15616,EPG,EPG(PB08)_R3,R,cb_intrinsic,13
21664,ER3d_e,ER3d_e_R,R,cb_intrinsic,15616,EPG,EPG(PB08)_R3,R,cb_intrinsic,13
21449,ER2_c,ER2_c_R,R,cb_intrinsic,15616,EPG,EPG(PB08)_R3,R,cb_intrinsic,13
20980,ER4d,ER4d_R,R,cb_intrinsic,15616,EPG,EPG(PB08)_R3,R,cb_intrinsic,13
529847,ER3m,ER3m_L,L,cb_intrinsic,16360,EPG,EPG(PB08)_L6,L,cb_intrinsic,13
517059,ER2_a,ER2_a_L,L,cb_intrinsic,16360,EPG,EPG(PB08)_L6,L,cb_intrinsic,13
513346,ER3w_b,ER3w_b_R,R,cb_intrinsic,16360,EPG,EPG(PB08)_L6,L,cb_intrinsic,13
52832,ER3m,ER3m_R,R,cb_intrinsic,16360,EPG,EPG(PB08)_L6,L,cb_intrinsic,13
49002,ER3p_a,ER3p_a_L,L,cb_intrinsic,16360,EPG,EPG(PB08)_L6,L,cb_intrinsic,13
35978,ER1_b,ER1_b_L,L,cb_intrinsic,16360,EPG,EPG(PB08)_L6,L,cb_intrinsic,13
26798,ER1_a,ER1_a_L,L,cb_intrinsic,16360,EPG,EPG(PB08)_L6,L,cb_intrinsic,13
25841,ER3w_b,ER3w_b_L,L,cb_intrinsic,16360,EPG,EPG(PB08)_L6,L,cb_intrinsic,13
21645,ER2_a,ER2_a_L,L,cb_intrinsic,16360,EPG,EPG(PB08)_L6,L,cb_intrinsic,13
20559,ER2_a,ER2_a_L,L,cb_intrinsic,16360,EPG,EPG(PB08)_L6,L,cb_intrinsic,13
20317,ER2_c,ER2_c_L,L,cb_intrinsic,16360,EPG,EPG(PB08)_L6,L,cb_intrinsic,13
18058,ER2_b,ER2_b_L,L,cb_intrinsic,16360,EPG,EPG(PB08)_L6,L,cb_intrinsic,13
80867,ER1_a,ER1_a_R,R,cb_intrinsic,515675,EPG,EPG(PB08)_R1,R,cb_intrinsic,13
52832,ER3m,ER3m_R,R,cb_intrinsic,515675,EPG,EPG(PB08)_R1,R,cb_intrinsic,13
50808,ER4d,ER4d_L,L,cb_intrinsic,515675,EPG,EPG(PB08)_R1,R,cb_intrinsic,13
48291,ER3w_b,ER3w_b_L,L,cb_intrinsic,515675,EPG,EPG(PB08)_R1,R,cb_intrinsic,13
25447,ER3w_c,ER3w_c_R,R,cb_intrinsic,515675,EPG,EPG(PB08)_R1,R,cb_intrinsic,13
25297,ER3w_a,ER3w_a_R,R,cb_intrinsic,515675,EPG,EPG(PB08)_R1,R,cb_intrinsic,13
23080,ER4d,ER4d_R,R,cb_intrinsic,515675,EPG,EPG(PB08)_R1,R,cb_intrinsic,13
19737,ER4d,ER4d_R,R,cb_intrinsic,515675,EPG,EPG(PB08)_R1,R,cb_intrinsic,13
522745,ER2_c,ER2_c_L,L,cb_intrinsic,514126,EPG,EPG(PB08)_R5,R,cb_intrinsic,13
517059,ER2_a,ER2_a_L,L,cb_intrinsic,514126,EPG,EPG(PB08)_R5,R,cb_intrinsic,13
46262,ER3d_b,ER3d_b_L,L,cb_intrinsic,514126,EPG,EPG(PB08)_R5,R,cb_intrinsic,13
30522,ER3d_b,ER3d_b_R,R,cb_intrinsic,514126,EPG,EPG(PB08)_R5,R,cb_intrinsic,13
28339,ER4d,ER4d_R,R,cb_intrinsic,514126,EPG,EPG(PB08)_R5,R,cb_intrinsic,13
26939,ER3m,ER3m_R,R,cb_intrinsic,514126,EPG,EPG(PB08)_R5,R,cb_intrinsic,13
24122,ER4d,ER4d_R,R,cb_intrinsic,514126,EPG,EPG(PB08)_R5,R,cb_intrinsic,13
24093,ER3w_a,ER3w_a_R,R,cb_intrinsic,514126,EPG,EPG(PB08)_R5,R,cb_intrinsic,13
23874,ER4d,ER4d_R,R,cb_intrinsic,514126,EPG,EPG(PB08)_R5,R,cb_intrinsic,13
23080,ER4d,ER4d_R,R,cb_intrinsic,514126,EPG,EPG(PB08)_R5,R,cb_intrinsic,13
21059,ER2_d,ER2_d_R,R,cb_intrinsic,514126,EPG,EPG(PB08)_R5,R,cb_intrinsic,13
20664,ER2_a,ER2_a_R,R,cb_intrinsic,514126,EPG,EPG(PB08)_R5,R,cb_intrinsic,13
19791,ER4d,ER4d_L,L,cb_intrinsic,514126,EPG,EPG(PB08)_R5,R,cb_intrinsic,13
18508,ER2_c,ER2_c_L,L,cb_intrinsic,514126,EPG,EPG(PB08)_R5,R,cb_intrinsic,13
17679,ER2_d,ER2_d_R,R,cb_intrinsic,514126,EPG,EPG(PB08)_R5,R,cb_intrinsic,13
16598,ER3w_b,ER3w_b_R,R,cb_intrinsic,514126,EPG,EPG(PB08)_R5,R,cb_intrinsic,13
12059,ER5,ER5_R,R,cb_intrinsic,514126,EPG,EPG(PB08)_R5,R,cb_intrinsic,13
59337,ER3w_b,ER3w_b_L,L,cb_intrinsic,513520,EPG,EPG(PB08)_R6,R,cb_intrinsic,13
46089,ER3p_a,ER3p_a_L,L,cb_intrinsic,513520,EPG,EPG(PB08)_R6,R,cb_intrinsic,13
44010,ER3w_b,ER3w_b_L,L,cb_intrinsic,513520,EPG,EPG(PB08)_R6,R,cb_intrinsic,13
34652,ER1_b,ER1_b_L,L,cb_intrinsic,513520,EPG,EPG(PB08)_R6,R,cb_intrinsic,13
25841,ER3w_b,ER3w_b_L,L,cb_intrinsic,513520,EPG,EPG(PB08)_R6,R,cb_intrinsic,13
24879,ER4d,ER4d_L,L,cb_intrinsic,513520,EPG,EPG(PB08)_R6,R,cb_intrinsic,13
24549,ER3w_c,ER3w_c_L,L,cb_intrinsic,513520,EPG,EPG(PB08)_R6,R,cb_intrinsic,13
24076,ER4d,ER4d_R,R,cb_intrinsic,513520,EPG,EPG(PB08)_R6,R,cb_intrinsic,13
20653,ER4d,ER4d_L,L,cb_intrinsic,513520,EPG,EPG(PB08)_R6,R,cb_intrinsic,13
19917,ER2_c,ER2_c_R,R,cb_intrinsic,513520,EPG,EPG(PB08)_R6,R,cb_intrinsic,13
19807,ER2_c,ER2_c_L,L,cb_intrinsic,513520,EPG,EPG(PB08)_R6,R,cb_intrinsic,13
15444,ER2_d,ER2_d_L,L,cb_intrinsic,513520,EPG,EPG(PB08)_R6,R,cb_intrinsic,13
13094,ER4d,ER4d_R,R,cb_intrinsic,513520,EPG,EPG(PB08)_R6,R,cb_intrinsic,13
11933,ER2_c,ER2_c_R,R,cb_intrinsic,513520,EPG,EPG(PB08)_R6,R,cb_intrinsic,13
524075,ER2_d,ER2_d_L,L,cb_intrinsic,11874,EPG,EPG(PB08)_L7,L,cb_intrinsic,13
44814,ER3m,ER3m_L,L,cb_intrinsic,11874,EPG,EPG(PB08)_L7,L,cb_intrinsic,13
43212,ER3d_a,ER3d_a_L,L,cb_intrinsic,11874,EPG,EPG(PB08)_L7,L,cb_intrinsic,13
28339,ER4d,ER4d_R,R,cb_intrinsic,11874,EPG,EPG(PB08)_L7,L,cb_intrinsic,13
25797,ER4d,ER4d_L,L,cb_intrinsic,11874,EPG,EPG(PB08)_L7,L,cb_intrinsic,13
24076,ER4d,ER4d_R,R,cb_intrinsic,11874,EPG,EPG(PB08)_L7,L,cb_intrinsic,13
21882,ER2_a,ER2_a_L,L,cb_intrinsic,11874,EPG,EPG(PB08)_L7,L,cb_intrinsic,13
21645,ER2_a,ER2_a_L,L,cb_intrinsic,11874,EPG,EPG(PB08)_L7,L,cb_intrinsic,13
21179,ER2_a,ER2_a_R,R,cb_intrinsic,11874,EPG,EPG(PB08)_L7,L,cb_intrinsic,13
20883,ER2_c,ER2_c_R,R,cb_intrinsic,11874,EPG,EPG(PB08)_L7,L,cb_intrinsic,13
20664,ER2_a,ER2_a_R,R,cb_intrinsic,11874,EPG,EPG(PB08)_L7,L,cb_intrinsic,13
20605,ER2_a,ER2_a_L,L,cb_intrinsic,11874,EPG,EPG(PB08)_L7,L,cb_intrinsic,13
20559,ER2_a,ER2_a_L,L,cb_intrinsic,11874,EPG,EPG(PB08)_L7,L,cb_intrinsic,13
20404,ER4d,ER4d_L,L,cb_intrinsic,11874,EPG,EPG(PB08)_L7,L,cb_intrinsic,13
20253,ER2_a,ER2_a_R,R,cb_intrinsic,11874,EPG,EPG(PB08)_L7,L,cb_intrinsic,13
19169,ER3m,ER3m_L,L,cb_intrinsic,11874,EPG,EPG(PB08)_L7,L,cb_intrinsic,13
12357,ER2_c,ER2_c_L,L,cb_intrinsic,11874,EPG,EPG(PB08)_L7,L,cb_intrinsic,13
34607,ER4d,ER4d_L,L,cb_intrinsic,512514,EPG,EPG(PB08)_L1,L,cb_intrinsic,13
31088,ER3p_a,ER3p_a_R,R,cb_intrinsic,512514,EPG,EPG(PB08)_L1,L,cb_intrinsic,13
23097,ER2_a,ER2_a_L,L,cb_intrinsic,512514,EPG,EPG(PB08)_L1,L,cb_intrinsic,13
21882,ER2_a,ER2_a_L,L,cb_intrinsic,512514,EPG,EPG(PB08)_L1,L,cb_intrinsic,13
21449,ER2_c,ER2_c_R,R,cb_intrinsic,512514,EPG,EPG(PB08)_L1,L,cb_intrinsic,13
21277,ER2_a,ER2_a_R,R,cb_intrinsic,512514,EPG,EPG(PB08)_L1,L,cb_intrinsic,13
20605,ER2_a,ER2_a_L,L,cb_intrinsic,512514,EPG,EPG(PB08)_L1,L,cb_intrinsic,13
18058,ER2_b,ER2_b_L,L,cb_intrinsic,512514,EPG,EPG(PB08)_L1,L,cb_intrinsic,13
568502,ER5,ER5_R,R,cb_intrinsic,88342,EPG,EPG(PB08)_L3,L,cb_intrinsic,13
517264,ER3w_a,ER3w_a_R,R,cb_intrinsic,88342,EPG,EPG(PB08)_L3,L,cb_intrinsic,13
514803,ER2_b,ER2_b_L,L,cb_intrinsic,88342,EPG,EPG(PB08)_L3,L,cb_intrinsic,13
514042,ER2_b,ER2_b_L,L,cb_intrinsic,88342,EPG,EPG(PB08)_L3,L,cb_intrinsic,13
72491,ER1_c,ER1_c_R,R,cb_intrinsic,88342,EPG,EPG(PB08)_L3,L,cb_intrinsic,13
46242,ER3w_a,ER3w_a_L,L,cb_intrinsic,88342,EPG,EPG(PB08)_L3,L,cb_intrinsic,13
38268,ER1_b,ER1_b_R,R,cb_intrinsic,88342,EPG,EPG(PB08)_L3,L,cb_intrinsic,13
27043,ER3w_c,ER3w_c_R,R,cb_intrinsic,88342,EPG,EPG(PB08)_L3,L,cb_intrinsic,13
21882,ER2_a,ER2_a_L,L,cb_intrinsic,88342,EPG,EPG(PB08)_L3,L,cb_intrinsic,13
21645,ER2_a,ER2_a_L,L,cb_intrinsic,88342,EPG,EPG(PB08)_L3,L,cb_intrinsic,13
20945,ER2_c,ER2_c_R,R,cb_intrinsic,88342,EPG,EPG(PB08)_L3,L,cb_intrinsic,13
20605,ER2_a,ER2_a_L,L,cb_intrinsic,88342,EPG,EPG(PB08)_L3,L,cb_intrinsic,13
20559,ER2_a,ER2_a_L,L,cb_intrinsic,88342,EPG,EPG(PB08)_L3,L,cb_intrinsic,13
11933,ER2_c,ER2_c_R,R,cb_intrinsic,88342,EPG,EPG(PB08)_L3,L,cb_intrinsic,13
526143,ER3w_b,ER3w_b_L,L,cb_intrinsic,15713,EPG,EPG(PB08)_L6,L,cb_intrinsic,13
514180,ER3p_b,ER3p_b_R,R,cb_intrinsic,15713,EPG,EPG(PB08)_L6,L,cb_intrinsic,13
514042,ER2_b,ER2_b_L,L,cb_intrinsic,15713,EPG,EPG(PB08)_L6,L,cb_intrinsic,13
46262,ER3d_b,ER3d_b_L,L,cb_intrinsic,15713,EPG,EPG(PB08)_L6,L,cb_intrinsic,13
36524,ER2_a,ER2_a_L,L,cb_intrinsic,15713,EPG,EPG(PB08)_L6,L,cb_intrinsic,13
31088,ER3p_a,ER3p_a_R,R,cb_intrinsic,15713,EPG,EPG(PB08)_L6,L,cb_intrinsic,13
23097,ER2_a,ER2_a_L,L,cb_intrinsic,15713,EPG,EPG(PB08)_L6,L,cb_intrinsic,13
21179,ER2_a,ER2_a_R,R,cb_intrinsic,15713,EPG,EPG(PB08)_L6,L,cb_intrinsic,13
20317,ER2_c,ER2_c_L,L,cb_intrinsic,15713,EPG,EPG(PB08)_L6,L,cb_intrinsic,13
20253,ER2_a,ER2_a_R,R,cb_intrinsic,15713,EPG,EPG(PB08)_L6,L,cb_intrinsic,13
19917,ER2_c,ER2_c_R,R,cb_intrinsic,15713,EPG,EPG(PB08)_L6,L,cb_intrinsic,13
19355,ER2_c,ER2_c_R,R,cb_intrinsic,15713,EPG,EPG(PB08)_L6,L,cb_intrinsic,13
19323,ER4d,ER4d_R,R,cb_intrinsic,15713,EPG,EPG(PB08)_L6,L,cb_intrinsic,13
517059,ER2_a,ER2_a_L,L,cb_intrinsic,520581,EPG,EPG(PB08)_R4,R,cb_intrinsic,13
514042,ER2_b,ER2_b_L,L,cb_intrinsic,520581,EPG,EPG(PB08)_R4,R,cb_intrinsic,13
67174,ER1_a,ER1_a_R,R,cb_intrinsic,520581,EPG,EPG(PB08)_R4,R,cb_intrinsic,13
46341,ER3w_b,ER3w_b_L,L,cb_intrinsic,520581,EPG,EPG(PB08)_R4,R,cb_intrinsic,13
44010,ER3w_b,ER3w_b_L,L,cb_intrinsic,520581,EPG,EPG(PB08)_R4,R,cb_intrinsic,13
42509,ER1_a,ER1_a_R,R,cb_intrinsic,520581,EPG,EPG(PB08)_R4,R,cb_intrinsic,13
24459,ER4d,ER4d_L,L,cb_intrinsic,520581,EPG,EPG(PB08)_R4,R,cb_intrinsic,13
24093,ER3w_a,ER3w_a_R,R,cb_intrinsic,520581,EPG,EPG(PB08)_R4,R,cb_intrinsic,13
21449,ER2_c,ER2_c_R,R,cb_intrinsic,520581,EPG,EPG(PB08)_R4,R,cb_intrinsic,13
20678,ER2_d,ER2_d_R,R,cb_intrinsic,520581,EPG,EPG(PB08)_R4,R,cb_intrinsic,13
20664,ER2_a,ER2_a_R,R,cb_intrinsic,520581,EPG,EPG(PB08)_R4,R,cb_intrinsic,13
19935,ER2_c,ER2_c_R,R,cb_intrinsic,520581,EPG,EPG(PB08)_R4,R,cb_intrinsic,13
19791,ER4d,ER4d_L,L,cb_intrinsic,520581,EPG,EPG(PB08)_R4,R,cb_intrinsic,13
19569,ER2_c,ER2_c_R,R,cb_intrinsic,520581,EPG,EPG(PB08)_R4,R,cb_intrinsic,13
19355,ER2_c,ER2_c_R,R,cb_intrinsic,520581,EPG,EPG(PB08)_R4,R,cb_intrinsic,13
18058,ER2_b,ER2_b_L,L,cb_intrinsic,520581,EPG,EPG(PB08)_R4,R,cb_intrinsic,13
50007,ER3p_a,ER3p_a_L,L,cb_intrinsic,13217,EPG,EPG(PB08)_L8,L,cb_intrinsic,13
44010,ER3w_b,ER3w_b_L,L,cb_intrinsic,13217,EPG,EPG(PB08)_L8,L,cb_intrinsic,13
39503,ER3p_a,ER3p_a_L,L,cb_intrinsic,13217,EPG,EPG(PB08)_L8,L,cb_intrinsic,13
25447,ER3w_c,ER3w_c_R,R,cb_intrinsic,13217,EPG,EPG(PB08)_L8,L,cb_intrinsic,13
23097,ER2_a,ER2_a_L,L,cb_intrinsic,13217,EPG,EPG(PB08)_L8,L,cb_intrinsic,13
23080,ER4d,ER4d_R,R,cb_intrinsic,13217,EPG,EPG(PB08)_L8,L,cb_intrinsic,13
21645,ER2_a,ER2_a_L,L,cb_intrinsic,13217,EPG,EPG(PB08)_L8,L,cb_intrinsic,13
20678,ER2_d,ER2_d_R,R,cb_intrinsic,13217,EPG,EPG(PB08)_L8,L,cb_intrinsic,13
20253,ER2_a,ER2_a_R,R,cb_intrinsic,13217,EPG,EPG(PB08)_L8,L,cb_intrinsic,13
524075,ER2_d,ER2_d_L,L,cb_intrinsic,92188,EPG,EPG(PB08)_R7,R,cb_intrinsic,13
71503,ER1_c,ER1_c_R,R,cb_intrinsic,92188,EPG,EPG(PB08)_R7,R,cb_intrinsic,13
52832,ER3m,ER3m_R,R,cb_intrinsic,92188,EPG,EPG(PB08)_R7,R,cb_intrinsic,13
39798,ER5,ER5_L,L,cb_intrinsic,92188,EPG,EPG(PB08)_R7,R,cb_intrinsic,13
34652,ER1_b,ER1_b_L,L,cb_intrinsic,92188,EPG,EPG(PB08)_R7,R,cb_intrinsic,13
32315,ER1_a,ER1_a_L,L,cb_intrinsic,92188,EPG,EPG(PB08)_R7,R,cb_intrinsic,13
25501,ER3w_b,ER3w_b_L,L,cb_intrinsic,92188,EPG,EPG(PB08)_R7,R,cb_intrinsic,13
23520,ER4d,ER4d_L,L,cb_intrinsic,92188,EPG,EPG(PB08)_R7,R,cb_intrinsic,13
21179,ER2_a,ER2_a_R,R,cb_intrinsic,92188,EPG,EPG(PB08)_R7,R,cb_intrinsic,13
19900,ER2_c,ER2_c_L,L,cb_intrinsic,92188,EPG,EPG(PB08)_R7,R,cb_intrinsic,13
19569,ER2_c,ER2_c_R,R,cb_intrinsic,92188,EPG,EPG(PB08)_R7,R,cb_intrinsic,13
17171,ER5,ER5_R,R,cb_intrinsic,92188,EPG,EPG(PB08)_R7,R,cb_intrinsic,13
12357,ER2_c,ER2_c_L,L,cb_intrinsic,92188,EPG,EPG(PB08)_R7,R,cb_intrinsic,13
12059,ER5,ER5_R,R,cb_intrinsic,92188,EPG,EPG(PB08)_R7,R,cb_intrinsic,13
514042,ER2_b,ER2_b_L,L,cb_intrinsic,521812,EPG,EPG(PB08)_R7,R,cb_intrinsic,13
512606,ER3w_c,ER3w_c_L,L,cb_intrinsic,521812,EPG,EPG(PB08)_R7,R,cb_intrinsic,13
36524,ER2_a,ER2_a_L,L,cb_intrinsic,521812,EPG,EPG(PB08)_R7,R,cb_intrinsic,13
24879,ER4d,ER4d_L,L,cb_intrinsic,521812,EPG,EPG(PB08)_R7,R,cb_intrinsic,13
23874,ER4d,ER4d_R,R,cb_intrinsic,521812,EPG,EPG(PB08)_R7,R,cb_intrinsic,13
21752,ER2_c,ER2_c_L,L,cb_intrinsic,521812,EPG,EPG(PB08)_R7,R,cb_intrinsic,13
20945,ER2_c,ER2_c_R,R,cb_intrinsic,521812,EPG,EPG(PB08)_R7,R,cb_intrinsic,13
20590,ER2_a,ER2_a_R,R,cb_intrinsic,521812,EPG,EPG(PB08)_R7,R,cb_intrinsic,13
19807,ER2_c,ER2_c_L,L,cb_intrinsic,521812,EPG,EPG(PB08)_R7,R,cb_intrinsic,13
19569,ER2_c,ER2_c_R,R,cb_intrinsic,521812,EPG,EPG(PB08)_R7,R,cb_intrinsic,13
18508,ER2_c,ER2_c_L,L,cb_intrinsic,521812,EPG,EPG(PB08)_R7,R,cb_intrinsic,13
16818,ER4d,ER4d_R,R,cb_intrinsic,521812,EPG,EPG(PB08)_R7,R,cb_intrinsic,13
523816,ER1_b,ER1_b_L,L,cb_intrinsic,521813,EPG,EPG(PB08)_L2,L,cb_intrinsic,13
514803,ER2_b,ER2_b_L,L,cb_intrinsic,521813,EPG,EPG(PB08)_L2,L,cb_intrinsic,13
513346,ER3w_b,ER3w_b_R,R,cb_intrinsic,521813,EPG,EPG(PB08)_L2,L,cb_intrinsic,13
53745,ER3p_a,ER3p_a_L,L,cb_intrinsic,521813,EPG,EPG(PB08)_L2,L,cb_intrinsic,13
44010,ER3w_b,ER3w_b_L,L,cb_intrinsic,521813,EPG,EPG(PB08)_L2,L,cb_intrinsic,13
37105,ER1_b,ER1_b_L,L,cb_intrinsic,521813,EPG,EPG(PB08)_L2,L,cb_intrinsic,13
19569,ER2_c,ER2_c_R,R,cb_intrinsic,521813,EPG,EPG(PB08)_L2,L,cb_intrinsic,13
517602,ER3p_a,ER3p_a_R,R,cb_intrinsic,512513,EPG,EPG(PB08)_R1,R,cb_intrinsic,13
512606,ER3w_c,ER3w_c_L,L,cb_intrinsic,512513,EPG,EPG(PB08)_R1,R,cb_intrinsic,13
80867,ER1_a,ER1_a_R,R,cb_intrinsic,512513,EPG,EPG(PB08)_R1,R,cb_intrinsic,13
42509,ER1_a,ER1_a_R,R,cb_intrinsic,512513,EPG,EPG(PB08)_R1,R,cb_intrinsic,13
39798,ER5,ER5_L,L,cb_intrinsic,512513,EPG,EPG(PB08)_R1,R,cb_intrinsic,13
35978,ER1_b,ER1_b_L,L,cb_intrinsic,512513,EPG,EPG(PB08)_R1,R,cb_intrinsic,13
32315,ER1_a,ER1_a_L,L,cb_intrinsic,512513,EPG,EPG(PB08)_R1,R,cb_intrinsic,13
31735,ER1_a,ER1_a_L,L,cb_intrinsic,512513,EPG,EPG(PB08)_R1,R,cb_intrinsic,13
25329,ER3d_c,ER3d_c_L,L,cb_intrinsic,512513,EPG,EPG(PB08)_R1,R,cb_intrinsic,13
24879,ER4d,ER4d_L,L,cb_intrinsic,512513,EPG,EPG(PB08)_R1,R,cb_intrinsic,13
20253,ER2_a,ER2_a_R,R,cb_intrinsic,512513,EPG,EPG(PB08)_R1,R,cb_intrinsic,13
72491,ER1_c,ER1_c_R,R,cb_intrinsic,519941,EPG,EPG(PB08)_L3,L,cb_intrinsic,12
30674,ER3d_b,ER3d_b_R,R,cb_intrinsic,519941,EPG,EPG(PB08)_L3,L,cb_intrinsic,12
23703,ER1_b,ER1_b_R,R,cb_intrinsic,519941,EPG,EPG(PB08)_L3,L,cb_intrinsic,12
20653,ER4d,ER4d_L,L,cb_intrinsic,519941,EPG,EPG(PB08)_L3,L,cb_intrinsic,12
20605,ER2_a,ER2_a_L,L,cb_intrinsic,519941,EPG,EPG(PB08)_L3,L,cb_intrinsic,12
523788,ER3w_a,ER3w_a_R,R,cb_intrinsic,11989,EPG,EPG(PB08)_L5,L,cb_intrinsic,12
517602,ER3p_a,ER3p_a_R,R,cb_intrinsic,11989,EPG,EPG(PB08)_L5,L,cb_intrinsic,12
513346,ER3w_b,ER3w_b_R,R,cb_intrinsic,11989,EPG,EPG(PB08)_L5,L,cb_intrinsic,12
67174,ER1_a,ER1_a_R,R,cb_intrinsic,11989,EPG,EPG(PB08)_L5,L,cb_intrinsic,12
50007,ER3p_a,ER3p_a_L,L,cb_intrinsic,11989,EPG,EPG(PB08)_L5,L,cb_intrinsic,12
38306,ER3d_a,ER3d_a_L,L,cb_intrinsic,11989,EPG,EPG(PB08)_L5,L,cb_intrinsic,12
37105,ER1_b,ER1_b_L,L,cb_intrinsic,11989,EPG,EPG(PB08)_L5,L,cb_intrinsic,12
26136,ER2_b,ER2_b_R,R,cb_intrinsic,11989,EPG,EPG(PB08)_L5,L,cb_intrinsic,12
25501,ER3w_b,ER3w_b_L,L,cb_intrinsic,11989,EPG,EPG(PB08)_L5,L,cb_intrinsic,12
25447,ER3w_c,ER3w_c_R,R,cb_intrinsic,11989,EPG,EPG(PB08)_L5,L,cb_intrinsic,12
20980,ER4d,ER4d_R,R,cb_intrinsic,11989,EPG,EPG(PB08)_L5,L,cb_intrinsic,12
20883,ER2_c,ER2_c_R,R,cb_intrinsic,11989,EPG,EPG(PB08)_L5,L,cb_intrinsic,12
20664,ER2_a,ER2_a_R,R,cb_intrinsic,11989,EPG,EPG(PB08)_L5,L,cb_intrinsic,12
20404,ER4d,ER4d_L,L,cb_intrinsic,11989,EPG,EPG(PB08)_L5,L,cb_intrinsic,12
20317,ER2_c,ER2_c_L,L,cb_intrinsic,11989,EPG,EPG(PB08)_L5,L,cb_intrinsic,12
19791,ER4d,ER4d_L,L,cb_intrinsic,11989,EPG,EPG(PB08)_L5,L,cb_intrinsic,12
19410,ER4d,ER4d_L,L,cb_intrinsic,11989,EPG,EPG(PB08)_L5,L,cb_intrinsic,12
17679,ER2_d,ER2_d_R,R,cb_intrinsic,11989,EPG,EPG(PB08)_L5,L,cb_intrinsic,12
16818,ER4d,ER4d_R,R,cb_intrinsic,11989,EPG,EPG(PB08)_L5,L,cb_intrinsic,12
517059,ER2_a,ER2_a_L,L,cb_intrinsic,107195,EPG,EPG(PB08)_L5,L,cb_intrinsic,12
46707,ER3w_a,ER3w_a_L,L,cb_intrinsic,107195,EPG,EPG(PB08)_L5,L,cb_intrinsic,12
35978,ER1_b,ER1_b_L,L,cb_intrinsic,107195,EPG,EPG(PB08)_L5,L,cb_intrinsic,12
34652,ER1_b,ER1_b_L,L,cb_intrinsic,107195,EPG,EPG(PB08)_L5,L,cb_intrinsic,12
27806,ER3p_a,ER3p_a_R,R,cb_intrinsic,107195,EPG,EPG(PB08)_L5,L,cb_intrinsic,12
25494,ER3d_e,ER3d_e_L,L,cb_intrinsic,107195,EPG,EPG(PB08)_L5,L,cb_intrinsic,12
23703,ER1_b,ER1_b_R,R,cb_intrinsic,107195,EPG,EPG(PB08)_L5,L,cb_intrinsic,12
18508,ER2_c,ER2_c_L,L,cb_intrinsic,107195,EPG,EPG(PB08)_L5,L,cb_intrinsic,12
522745,ER2_c,ER2_c_L,L,cb_intrinsic,519328,EPG,EPG(PB08)_L3,L,cb_intrinsic,12
50888,ER2_c,ER2_c_L,L,cb_intrinsic,519328,EPG,EPG(PB08)_L3,L,cb_intrinsic,12
50808,ER4d,ER4d_L,L,cb_intrinsic,519328,EPG,EPG(PB08)_L3,L,cb_intrinsic,12
42241,ER1_b,ER1_b_R,R,cb_intrinsic,519328,EPG,EPG(PB08)_L3,L,cb_intrinsic,12
34607,ER4d,ER4d_L,L,cb_intrinsic,519328,EPG,EPG(PB08)_L3,L,cb_intrinsic,12
27850,ER3w_b,ER3w_b_R,R,cb_intrinsic,519328,EPG,EPG(PB08)_L3,L,cb_intrinsic,12
25797,ER4d,ER4d_L,L,cb_intrinsic,519328,EPG,EPG(PB08)_L3,L,cb_intrinsic,12
23097,ER2_a,ER2_a_L,L,cb_intrinsic,519328,EPG,EPG(PB08)_L3,L,cb_intrinsic,12
21277,ER2_a,ER2_a_R,R,cb_intrinsic,519328,EPG,EPG(PB08)_L3,L,cb_intrinsic,12
20945,ER2_c,ER2_c_R,R,cb_intrinsic,519328,EPG,EPG(PB08)_L3,L,cb_intrinsic,12
20883,ER2_c,ER2_c_R,R,cb_intrinsic,519328,EPG,EPG(PB08)_L3,L,cb_intrinsic,12
20664,ER2_a,ER2_a_R,R,cb_intrinsic,519328,EPG,EPG(PB08)_L3,L,cb_intrinsic,12
19410,ER4d,ER4d_L,L,cb_intrinsic,519328,EPG,EPG(PB08)_L3,L,cb_intrinsic,12
18664,ER2_c,ER2_c_R,R,cb_intrinsic,519328,EPG,EPG(PB08)_L3,L,cb_intrinsic,12
11933,ER2_c,ER2_c_R,R,cb_intrinsic,519328,EPG,EPG(PB08)_L3,L,cb_intrinsic,12
61273,ER1_b,ER1_b_L,L,cb_intrinsic,512928,EPG,EPG(PB08)_R3,R,cb_intrinsic,12
46242,ER3w_a,ER3w_a_L,L,cb_intrinsic,512928,EPG,EPG(PB08)_R3,R,cb_intrinsic,12
40213,ER1_b,ER1_b_L,L,cb_intrinsic,512928,EPG,EPG(PB08)_R3,R,cb_intrinsic,12
36730,ER1_b,ER1_b_L,L,cb_intrinsic,512928,EPG,EPG(PB08)_R3,R,cb_intrinsic,12
31681,ER1_a,ER1_a_R,R,cb_intrinsic,512928,EPG,EPG(PB08)_R3,R,cb_intrinsic,12
30371,ER1_a,ER1_a_R,R,cb_intrinsic,512928,EPG,EPG(PB08)_R3,R,cb_intrinsic,12
26295,ER3m,ER3m_R,R,cb_intrinsic,512928,EPG,EPG(PB08)_R3,R,cb_intrinsic,12
20653,ER4d,ER4d_L,L,cb_intrinsic,512928,EPG,EPG(PB08)_R3,R,cb_intrinsic,12
19737,ER4d,ER4d_R,R,cb_intrinsic,512928,EPG,EPG(PB08)_R3,R,cb_intrinsic,12
13094,ER4d,ER4d_R,R,cb_intrinsic,512928,EPG,EPG(PB08)_R3,R,cb_intrinsic,12
523788,ER3w_a,ER3w_a_R,R,cb_intrinsic,14507,EPG,EPG(PB08)_R7,R,cb_intrinsic,12
515761,ER3p_a,ER3p_a_R,R,cb_intrinsic,14507,EPG,EPG(PB08)_R7,R,cb_intrinsic,12
512607,ER3p_a,ER3p_a_R,R,cb_intrinsic,14507,EPG,EPG(PB08)_R7,R,cb_intrinsic,12
44010,ER3w_b,ER3w_b_L,L,cb_intrinsic,14507,EPG,EPG(PB08)_R7,R,cb_intrinsic,12
36384,ER1_b,ER1_b_R,R,cb_intrinsic,14507,EPG,EPG(PB08)_R7,R,cb_intrinsic,12
35978,ER1_b,ER1_b_L,L,cb_intrinsic,14507,EPG,EPG(PB08)_R7,R,cb_intrinsic,12
25447,ER3w_c,ER3w_c_R,R,cb_intrinsic,14507,EPG,EPG(PB08)_R7,R,cb_intrinsic,12
24459,ER4d,ER4d_L,L,cb_intrinsic,14507,EPG,EPG(PB08)_R7,R,cb_intrinsic,12
21277,ER2_a,ER2_a_R,R,cb_intrinsic,14507,EPG,EPG(PB08)_R7,R,cb_intrinsic,12
19900,ER2_c,ER2_c_L,L,cb_intrinsic,14507,EPG,EPG(PB08)_R7,R,cb_intrinsic,12
18733,ER2_c,ER2_c_L,L,cb_intrinsic,14507,EPG,EPG(PB08)_R7,R,cb_intrinsic,12
18664,ER2_c,ER2_c_R,R,cb_intrinsic,14507,EPG,EPG(PB08)_R7,R,cb_intrinsic,12
17402,ER4m,ER4m_L,L,cb_intrinsic,14507,EPG,EPG(PB08)_R7,R,cb_intrinsic,12
527199,ER3d_e,ER3d_e_L,L,cb_intrinsic,524073,EPG,EPG(PB08)_L2,L,cb_intrinsic,12
523816,ER1_b,ER1_b_L,L,cb_intrinsic,524073,EPG,EPG(PB08)_L2,L,cb_intrinsic,12
69319,ER1_a,ER1_a_R,R,cb_intrinsic,524073,EPG,EPG(PB08)_L2,L,cb_intrinsic,12
50808,ER4d,ER4d_L,L,cb_intrinsic,524073,EPG,EPG(PB08)_L2,L,cb_intrinsic,12
46707,ER3w_a,ER3w_a_L,L,cb_intrinsic,524073,EPG,EPG(PB08)_L2,L,cb_intrinsic,12
36235,ER1_c,ER1_c_L,L,cb_intrinsic,524073,EPG,EPG(PB08)_L2,L,cb_intrinsic,12
32315,ER1_a,ER1_a_L,L,cb_intrinsic,524073,EPG,EPG(PB08)_L2,L,cb_intrinsic,12
25203,ER3w_c,ER3w_c_L,L,cb_intrinsic,524073,EPG,EPG(PB08)_L2,L,cb_intrinsic,12
21882,ER2_a,ER2_a_L,L,cb_intrinsic,524073,EPG,EPG(PB08)_L2,L,cb_intrinsic,12
19569,ER2_c,ER2_c_R,R,cb_intrinsic,524073,EPG,EPG(PB08)_L2,L,cb_intrinsic,12
46242,ER3w_a,ER3w_a_L,L,cb_intrinsic,519144,EPG,EPG(PB08)_L8,L,cb_intrinsic,12
44010,ER3w_b,ER3w_b_L,L,cb_intrinsic,519144,EPG,EPG(PB08)_L8,L,cb_intrinsic,12
31735,ER1_a,ER1_a_L,L,cb_intrinsic,519144,EPG,EPG(PB08)_L8,L,cb_intrinsic,12
29545,ER3w_b,ER3w_b_R,R,cb_intrinsic,519144,EPG,EPG(PB08)_L8,L,cb_intrinsic,12
28339,ER4d,ER4d_R,R,cb_intrinsic,519144,EPG,EPG(PB08)_L8,L,cb_intrinsic,12
26673,ER3w_b,ER3w_b_L,L,cb_intrinsic,519144,EPG,EPG(PB08)_L8,L,cb_intrinsic,12
25797,ER4d,ER4d_L,L,cb_intrinsic,519144,EPG,EPG(PB08)_L8,L,cb_intrinsic,12
21059,ER2_d,ER2_d_R,R,cb_intrinsic,519144,EPG,EPG(PB08)_L8,L,cb_intrinsic,12
19569,ER2_c,ER2_c_R,R,cb_intrinsic,519144,EPG,EPG(PB08)_L8,L,cb_intrinsic,12
19410,ER4d,ER4d_L,L,cb_intrinsic,519144,EPG,EPG(PB08)_L8,L,cb_intrinsic,12
19323,ER4d,ER4d_R,R,cb_intrinsic,519144,EPG,EPG(PB08)_L8,L,cb_intrinsic,12
18058,ER2_b,ER2_b_L,L,cb_intrinsic,519144,EPG,EPG(PB08)_L8,L,cb_intrinsic,12
13999,ER3w_c,ER3w_c_R,R,cb_intrinsic,519144,EPG,EPG(PB08)_L8,L,cb_intrinsic,12
13094,ER4d,ER4d_R,R,cb_intrinsic,519144,EPG,EPG(PB08)_L8,L,cb_intrinsic,12
11933,ER2_c,ER2_c_R,R,cb_intrinsic,519144,EPG,EPG(PB08)_L8,L,cb_intrinsic,12
526143,ER3w_b,ER3w_b_L,L,cb_intrinsic,512305,EPG,EPG(PB08)_R8,R,cb_intrinsic,12
36235,ER1_c,ER1_c_L,L,cb_intrinsic,512305,EPG,EPG(PB08)_R8,R,cb_intrinsic,12
30522,ER3d_b,ER3d_b_R,R,cb_intrinsic,512305,EPG,EPG(PB08)_R8,R,cb_intrinsic,12
21882,ER2_a,ER2_a_L,L,cb_intrinsic,512305,EPG,EPG(PB08)_R8,R,cb_intrinsic,12
18058,ER2_b,ER2_b_L,L,cb_intrinsic,512305,EPG,EPG(PB08)_R8,R,cb_intrinsic,12
13094,ER4d,ER4d_R,R,cb_intrinsic,512305,EPG,EPG(PB08)_R8,R,cb_intrinsic,12
514042,ER2_b,ER2_b_L,L,cb_intrinsic,513464,EPG,EPG(PB08)_R8,R,cb_intrinsic,12
39095,ER1_a,ER1_a_L,L,cb_intrinsic,513464,EPG,EPG(PB08)_R8,R,cb_intrinsic,12
36235,ER1_c,ER1_c_L,L,cb_intrinsic,513464,EPG,EPG(PB08)_R8,R,cb_intrinsic,12
24879,ER4d,ER4d_L,L,cb_intrinsic,513464,EPG,EPG(PB08)_R8,R,cb_intrinsic,12
22001,ER5,ER5_L,L,cb_intrinsic,513464,EPG,EPG(PB08)_R8,R,cb_intrinsic,12
21179,ER2_a,ER2_a_R,R,cb_intrinsic,513464,EPG,EPG(PB08)_R8,R,cb_intrinsic,12
13999,ER3w_c,ER3w_c_R,R,cb_intrinsic,513464,EPG,EPG(PB08)_R8,R,cb_intrinsic,12
12059,ER5,ER5_R,R,cb_intrinsic,513464,EPG,EPG(PB08)_R8,R,cb_intrinsic,12
49869,ER3p_b,ER3p_b_R,R,cb_intrinsic,19825,EPG,EPG(PB08)_R6,R,cb_intrinsic,12
36235,ER1_c,ER1_c_L,L,cb_intrinsic,19825,EPG,EPG(PB08)_R6,R,cb_intrinsic,12
32315,ER1_a,ER1_a_L,L,cb_intrinsic,19825,EPG,EPG(PB08)_R6,R,cb_intrinsic,12
27850,ER3w_b,ER3w_b_R,R,cb_intrinsic,19825,EPG,EPG(PB08)_R6,R,cb_intrinsic,12
26939,ER3m,ER3m_R,R,cb_intrinsic,19825,EPG,EPG(PB08)_R6,R,cb_intrinsic,12
25709,ER2_c,ER2_c_L,L,cb_intrinsic,19825,EPG,EPG(PB08)_R6,R,cb_intrinsic,12
24076,ER4d,ER4d_R,R,cb_intrinsic,19825,EPG,EPG(PB08)_R6,R,cb_intrinsic,12
21179,ER2_a,ER2_a_R,R,cb_intrinsic,19825,EPG,EPG(PB08)_R6,R,cb_intrinsic,12
20653,ER4d,ER4d_L,L,cb_intrinsic,19825,EPG,EPG(PB08)_R6,R,cb_intrinsic,12
15444,ER2_d,ER2_d_L,L,cb_intrinsic,19825,EPG,EPG(PB08)_R6,R,cb_intrinsic,12
12357,ER2_c,ER2_c_L,L,cb_intrinsic,19825,EPG,EPG(PB08)_R6,R,cb_intrinsic,12
514803,ER2_b,ER2_b_L,L,cb_intrinsic,11307,EPG,EPG(PB08)_L4,L,cb_intrinsic,12
61273,ER1_b,ER1_b_L,L,cb_intrinsic,11307,EPG,EPG(PB08)_L4,L,cb_intrinsic,12
50694,ER3w_b,ER3w_b_L,L,cb_intrinsic,11307,EPG,EPG(PB08)_L4,L,cb_intrinsic,12
35978,ER1_b,ER1_b_L,L,cb_intrinsic,11307,EPG,EPG(PB08)_L4,L,cb_intrinsic,12
31088,ER3p_a,ER3p_a_R,R,cb_intrinsic,11307,EPG,EPG(PB08)_L4,L,cb_intrinsic,12
22461,ER4d,ER4d_R,R,cb_intrinsic,11307,EPG,EPG(PB08)_L4,L,cb_intrinsic,12
21882,ER2_a,ER2_a_L,L,cb_intrinsic,11307,EPG,EPG(PB08)_L4,L,cb_intrinsic,12
20559,ER2_a,ER2_a_L,L,cb_intrinsic,11307,EPG,EPG(PB08)_L4,L,cb_intrinsic,12
17591,ER4d,ER4d_R,R,cb_intrinsic,11307,EPG,EPG(PB08)_L4,L,cb_intrinsic,12
518690,ER1_b,ER1_b_R,R,cb_intrinsic,11503,EPG,EPG(PB08)_R8,R,cb_intrinsic,12
513678,ER3w_b,ER3w_b_R,R,cb_intrinsic,11503,EPG,EPG(PB08)_R8,R,cb_intrinsic,12
512607,ER3p_a,ER3p_a_R,R,cb_intrinsic,11503,EPG,EPG(PB08)_R8,R,cb_intrinsic,12
50808,ER4d,ER4d_L,L,cb_intrinsic,11503,EPG,EPG(PB08)_R8,R,cb_intrinsic,12
39503,ER3p_a,ER3p_a_L,L,cb_intrinsic,11503,EPG,EPG(PB08)_R8,R,cb_intrinsic,12
31681,ER1_a,ER1_a_R,R,cb_intrinsic,11503,EPG,EPG(PB08)_R8,R,cb_intrinsic,12
25359,ER3p_a,ER3p_a_R,R,cb_intrinsic,11503,EPG,EPG(PB08)_R8,R,cb_intrinsic,12
24549,ER3w_c,ER3w_c_L,L,cb_intrinsic,11503,EPG,EPG(PB08)_R8,R,cb_intrinsic,12
24459,ER4d,ER4d_L,L,cb_intrinsic,11503,EPG,EPG(PB08)_R8,R,cb_intrinsic,12
20404,ER4d,ER4d_L,L,cb_intrinsic,11503,EPG,EPG(PB08)_R8,R,cb_intrinsic,12
19323,ER4d,ER4d_R,R,cb_intrinsic,11503,EPG,EPG(PB08)_R8,R,cb_intrinsic,12
18058,ER2_b,ER2_b_L,L,cb_intrinsic,11503,EPG,EPG(PB08)_R8,R,cb_intrinsic,12
16818,ER4d,ER4d_R,R,cb_intrinsic,11503,EPG,EPG(PB08)_R8,R,cb_intrinsic,12
15444,ER2_d,ER2_d_L,L,cb_intrinsic,11503,EPG,EPG(PB08)_R8,R,cb_intrinsic,12
514180,ER3p_b,ER3p_b_R,R,cb_intrinsic,84758,EPG,EPG(PB08)_L7,L,cb_intrinsic,12
513346,ER3w_b,ER3w_b_R,R,cb_intrinsic,84758,EPG,EPG(PB08)_L7,L,cb_intrinsic,12
69319,ER1_a,ER1_a_R,R,cb_intrinsic,84758,EPG,EPG(PB08)_L7,L,cb_intrinsic,12
48291,ER3w_b,ER3w_b_L,L,cb_intrinsic,84758,EPG,EPG(PB08)_L7,L,cb_intrinsic,12
46242,ER3w_a,ER3w_a_L,L,cb_intrinsic,84758,EPG,EPG(PB08)_L7,L,cb_intrinsic,12
42509,ER1_a,ER1_a_R,R,cb_intrinsic,84758,EPG,EPG(PB08)_L7,L,cb_intrinsic,12
34607,ER4d,ER4d_L,L,cb_intrinsic,84758,EPG,EPG(PB08)_L7,L,cb_intrinsic,12
29545,ER3w_b,ER3w_b_R,R,cb_intrinsic,84758,EPG,EPG(PB08)_L7,L,cb_intrinsic,12
28339,ER4d,ER4d_R,R,cb_intrinsic,84758,EPG,EPG(PB08)_L7,L,cb_intrinsic,12
27770,ER3w_b,ER3w_b_R,R,cb_intrinsic,84758,EPG,EPG(PB08)_L7,L,cb_intrinsic,12
16598,ER3w_b,ER3w_b_R,R,cb_intrinsic,84758,EPG,EPG(PB08)_L7,L,cb_intrinsic,12
518690,ER1_b,ER1_b_R,R,cb_intrinsic,520812,EPG,EPG(PB08)_R8,R,cb_intrinsic,12
513379,ER5,ER5_R,R,cb_intrinsic,520812,EPG,EPG(PB08)_R8,R,cb_intrinsic,12
72491,ER1_c,ER1_c_R,R,cb_intrinsic,520812,EPG,EPG(PB08)_R8,R,cb_intrinsic,12
25203,ER3w_c,ER3w_c_L,L,cb_intrinsic,520812,EPG,EPG(PB08)_R8,R,cb_intrinsic,12
23197,ER4d,ER4d_L,L,cb_intrinsic,520812,EPG,EPG(PB08)_R8,R,cb_intrinsic,12
23080,ER4d,ER4d_R,R,cb_intrinsic,520812,EPG,EPG(PB08)_R8,R,cb_intrinsic,12
22461,ER4d,ER4d_R,R,cb_intrinsic,520812,EPG,EPG(PB08)_R8,R,cb_intrinsic,12
20605,ER2_a,ER2_a_L,L,cb_intrinsic,520812,EPG,EPG(PB08)_R8,R,cb_intrinsic,12
20404,ER4d,ER4d_L,L,cb_intrinsic,520812,EPG,EPG(PB08)_R8,R,cb_intrinsic,12
19900,ER2_c,ER2_c_L,L,cb_intrinsic,520812,EPG,EPG(PB08)_R8,R,cb_intrinsic,12
13094,ER4d,ER4d_R,R,cb_intrinsic,520812,EPG,EPG(PB08)_R8,R,cb_intrinsic,12
527150,ER3d_a,ER3d_a_L,L,cb_intrinsic,513284,EPG,EPG(PB08)_R3,R,cb_intrinsic,12
517059,ER2_a,ER2_a_L,L,cb_intrinsic,513284,EPG,EPG(PB08)_R3,R,cb_intrinsic,12
44830,ER3d_e,ER3d_e_R,R,cb_intrinsic,513284,EPG,EPG(PB08)_R3,R,cb_intrinsic,12
38268,ER1_b,ER1_b_R,R,cb_intrinsic,513284,EPG,EPG(PB08)_R3,R,cb_intrinsic,12
37058,ER1_b,ER1_b_R,R,cb_intrinsic,513284,EPG,EPG(PB08)_R3,R,cb_intrinsic,12
36235,ER1_c,ER1_c_L,L,cb_intrinsic,513284,EPG,EPG(PB08)_R3,R,cb_intrinsic,12
31684,ER3d_a,ER3d_a_R,R,cb_intrinsic,513284,EPG,EPG(PB08)_R3,R,cb_intrinsic,12
31681,ER1_a,ER1_a_R,R,cb_intrinsic,513284,EPG,EPG(PB08)_R3,R,cb_intrinsic,12
27043,ER3w_c,ER3w_c_R,R,cb_intrinsic,513284,EPG,EPG(PB08)_R3,R,cb_intrinsic,12
24122,ER4d,ER4d_R,R,cb_intrinsic,513284,EPG,EPG(PB08)_R3,R,cb_intrinsic,12
24093,ER3w_a,ER3w_a_R,R,cb_intrinsic,513284,EPG,EPG(PB08)_R3,R,cb_intrinsic,12
23520,ER4d,ER4d_L,L,cb_intrinsic,513284,EPG,EPG(PB08)_R3,R,cb_intrinsic,12
20404,ER4d,ER4d_L,L,cb_intrinsic,513284,EPG,EPG(PB08)_R3,R,cb_intrinsic,12
19737,ER4d,ER4d_R,R,cb_intrinsic,513284,EPG,EPG(PB08)_R3,R,cb_intrinsic,12
18377,ER3w_b,ER3w_b_L,L,cb_intrinsic,513284,EPG,EPG(PB08)_R3,R,cb_intrinsic,12
18058,ER2_b,ER2_b_L,L,cb_intrinsic,513284,EPG,EPG(PB08)_R3,R,cb_intrinsic,12
13094,ER4d,ER4d_R,R,cb_intrinsic,513284,EPG,EPG(PB08)_R3,R,cb_intrinsic,12
517059,ER2_a,ER2_a_L,L,cb_intrinsic,556346,EPG,EPG(PB08)_L6,L,cb_intrinsic,12
50888,ER2_c,ER2_c_L,L,cb_intrinsic,556346,EPG,EPG(PB08)_L6,L,cb_intrinsic,12
48096,ER3p_a,ER3p_a_L,L,cb_intrinsic,556346,EPG,EPG(PB08)_L6,L,cb_intrinsic,12
39503,ER3p_a,ER3p_a_L,L,cb_intrinsic,556346,EPG,EPG(PB08)_L6,L,cb_intrinsic,12
37058,ER1_b,ER1_b_R,R,cb_intrinsic,556346,EPG,EPG(PB08)_L6,L,cb_intrinsic,12
27043,ER3w_c,ER3w_c_R,R,cb_intrinsic,556346,EPG,EPG(PB08)_L6,L,cb_intrinsic,12
21882,ER2_a,ER2_a_L,L,cb_intrinsic,556346,EPG,EPG(PB08)_L6,L,cb_intrinsic,12
20678,ER2_d,ER2_d_R,R,cb_intrinsic,556346,EPG,EPG(PB08)_L6,L,cb_intrinsic,12
17679,ER2_d,ER2_d_R,R,cb_intrinsic,556346,EPG,EPG(PB08)_L6,L,cb_intrinsic,12
17591,ER4d,ER4d_R,R,cb_intrinsic,556346,EPG,EPG(PB08)_L6,L,cb_intrinsic,12
529207,ER3p_a,ER3p_a_R,R,cb_intrinsic,523786,EPG,EPG(PB08)_R4,R,cb_intrinsic,12
524075,ER2_d,ER2_d_L,L,cb_intrinsic,523786,EPG,EPG(PB08)_R4,R,cb_intrinsic,12
523816,ER1_b,ER1_b_L,L,cb_intrinsic,523786,EPG,EPG(PB08)_R4,R,cb_intrinsic,12
514180,ER3p_b,ER3p_b_R,R,cb_intrinsic,523786,EPG,EPG(PB08)_R4,R,cb_intrinsic,12
67174,ER1_a,ER1_a_R,R,cb_intrinsic,523786,EPG,EPG(PB08)_R4,R,cb_intrinsic,12
50808,ER4d,ER4d_L,L,cb_intrinsic,523786,EPG,EPG(PB08)_R4,R,cb_intrinsic,12
46707,ER3w_a,ER3w_a_L,L,cb_intrinsic,523786,EPG,EPG(PB08)_R4,R,cb_intrinsic,12
46242,ER3w_a,ER3w_a_L,L,cb_intrinsic,523786,EPG,EPG(PB08)_R4,R,cb_intrinsic,12
44010,ER3w_b,ER3w_b_L,L,cb_intrinsic,523786,EPG,EPG(PB08)_R4,R,cb_intrinsic,12
37817,ER3d_e,ER3d_e_R,R,cb_intrinsic,523786,EPG,EPG(PB08)_R4,R,cb_intrinsic,12
36235,ER1_c,ER1_c_L,L,cb_intrinsic,523786,EPG,EPG(PB08)_R4,R,cb_intrinsic,12
29545,ER3w_b,ER3w_b_R,R,cb_intrinsic,523786,EPG,EPG(PB08)_R4,R,cb_intrinsic,12
28701,ER3d_b,ER3d_b_R,R,cb_intrinsic,523786,EPG,EPG(PB08)_R4,R,cb_intrinsic,12
25359,ER3p_a,ER3p_a_R,R,cb_intrinsic,523786,EPG,EPG(PB08)_R4,R,cb_intrinsic,12
24093,ER3w_a,ER3w_a_R,R,cb_intrinsic,523786,EPG,EPG(PB08)_R4,R,cb_intrinsic,12
23080,ER4d,ER4d_R,R,cb_intrinsic,523786,EPG,EPG(PB08)_R4,R,cb_intrinsic,12
21645,ER2_a,ER2_a_L,L,cb_intrinsic,523786,EPG,EPG(PB08)_R4,R,cb_intrinsic,12
20883,ER2_c,ER2_c_R,R,cb_intrinsic,523786,EPG,EPG(PB08)_R4,R,cb_intrinsic,12
20664,ER2_a,ER2_a_R,R,cb_intrinsic,523786,EPG,EPG(PB08)_R4,R,cb_intrinsic,12
16598,ER3w_b,ER3w_b_R,R,cb_intrinsic,523786,EPG,EPG(PB08)_R4,R,cb_intrinsic,12
527653,ER4d,ER4d_L,L,cb_intrinsic,11987,EPG,EPG(PB08)_R5,R,cb_intrinsic,12
524075,ER2_d,ER2_d_L,L,cb_intrinsic,11987,EPG,EPG(PB08)_R5,R,cb_intrinsic,12
513346,ER3w_b,ER3w_b_R,R,cb_intrinsic,11987,EPG,EPG(PB08)_R5,R,cb_intrinsic,12
50888,ER2_c,ER2_c_L,L,cb_intrinsic,11987,EPG,EPG(PB08)_R5,R,cb_intrinsic,12
39503,ER3p_a,ER3p_a_L,L,cb_intrinsic,11987,EPG,EPG(PB08)_R5,R,cb_intrinsic,12
29545,ER3w_b,ER3w_b_R,R,cb_intrinsic,11987,EPG,EPG(PB08)_R5,R,cb_intrinsic,12
24093,ER3w_a,ER3w_a_R,R,cb_intrinsic,11987,EPG,EPG(PB08)_R5,R,cb_intrinsic,12
20883,ER2_c,ER2_c_R,R,cb_intrinsic,11987,EPG,EPG(PB08)_R5,R,cb_intrinsic,12
20664,ER2_a,ER2_a_R,R,cb_intrinsic,11987,EPG,EPG(PB08)_R5,R,cb_intrinsic,12
12357,ER2_c,ER2_c_L,L,cb_intrinsic,11987,EPG,EPG(PB08)_R5,R,cb_intrinsic,12
26136,ER2_b,ER2_b_R,R,cb_intrinsic,513033,EPG,EPG(PB08)_L8,L,cb_intrinsic,12
25447,ER3w_c,ER3w_c_R,R,cb_intrinsic,513033,EPG,EPG(PB08)_L8,L,cb_intrinsic,12
25203,ER3w_c,ER3w_c_L,L,cb_intrinsic,513033,EPG,EPG(PB08)_L8,L,cb_intrinsic,12
24549,ER3w_c,ER3w_c_L,L,cb_intrinsic,513033,EPG,EPG(PB08)_L8,L,cb_intrinsic,12
24459,ER4d,ER4d_L,L,cb_intrinsic,513033,EPG,EPG(PB08)_L8,L,cb_intrinsic,12
19791,ER4d,ER4d_L,L,cb_intrinsic,513033,EPG,EPG(PB08)_L8,L,cb_intrinsic,12
19323,ER4d,ER4d_R,R,cb_intrinsic,513033,EPG,EPG(PB08)_L8,L,cb_intrinsic,12
18058,ER2_b,ER2_b_L,L,cb_intrinsic,513033,EPG,EPG(PB08)_L8,L,cb_intrinsic,12
17591,ER4d,ER4d_R,R,cb_intrinsic,513033,EPG,EPG(PB08)_L8,L,cb_intrinsic,12
515761,ER3p_a,ER3p_a_R,R,cb_intrinsic,19125,EPG,EPG(PB08)_R5,R,cb_intrinsic,12
514042,ER2_b,ER2_b_L,L,cb_intrinsic,19125,EPG,EPG(PB08)_R5,R,cb_intrinsic,12
513678,ER3w_b,ER3w_b_R,R,cb_intrinsic,19125,EPG,EPG(PB08)_R5,R,cb_intrinsic,12
54597,ER1_a,ER1_a_L,L,cb_intrinsic,19125,EPG,EPG(PB08)_R5,R,cb_intrinsic,12
53745,ER3p_a,ER3p_a_L,L,cb_intrinsic,19125,EPG,EPG(PB08)_R5,R,cb_intrinsic,12
46242,ER3w_a,ER3w_a_L,L,cb_intrinsic,19125,EPG,EPG(PB08)_R5,R,cb_intrinsic,12
31088,ER3p_a,ER3p_a_R,R,cb_intrinsic,19125,EPG,EPG(PB08)_R5,R,cb_intrinsic,12
30371,ER1_a,ER1_a_R,R,cb_intrinsic,19125,EPG,EPG(PB08)_R5,R,cb_intrinsic,12
29545,ER3w_b,ER3w_b_R,R,cb_intrinsic,19125,EPG,EPG(PB08)_R5,R,cb_intrinsic,12
24879,ER4d,ER4d_L,L,cb_intrinsic,19125,EPG,EPG(PB08)_R5,R,cb_intrinsic,12
24549,ER3w_c,ER3w_c_L,L,cb_intrinsic,19125,EPG,EPG(PB08)_R5,R,cb_intrinsic,12
23080,ER4d,ER4d_R,R,cb_intrinsic,19125,EPG,EPG(PB08)_R5,R,cb_intrinsic,12
20605,ER2_a,ER2_a_L,L,cb_intrinsic,19125,EPG,EPG(PB08)_R5,R,cb_intrinsic,12
20653,ER4d,ER4d_L,L,cb_intrinsic,19125,EPG,EPG(PB08)_R5,R,cb_intrinsic,12
20404,ER4d,ER4d_L,L,cb_intrinsic,19125,EPG,EPG(PB08)_R5,R,cb_intrinsic,12
19355,ER2_c,ER2_c_R,R,cb_intrinsic,19125,EPG,EPG(PB08)_R5,R,cb_intrinsic,12
18058,ER2_b,ER2_b_L,L,cb_intrinsic,19125,EPG,EPG(PB08)_R5,R,cb_intrinsic,12
17679,ER2_d,ER2_d_R,R,cb_intrinsic,19125,EPG,EPG(PB08)_R5,R,cb_intrinsic,12
523788,ER3w_a,ER3w_a_R,R,cb_intrinsic,131313,EPG,EPG(PB08)_R6,R,cb_intrinsic,12
53618,ER3p_b,ER3p_b_L,L,cb_intrinsic,131313,EPG,EPG(PB08)_R6,R,cb_intrinsic,12
50007,ER3p_a,ER3p_a_L,L,cb_intrinsic,131313,EPG,EPG(PB08)_R6,R,cb_intrinsic,12
21645,ER2_a,ER2_a_L,L,cb_intrinsic,131313,EPG,EPG(PB08)_R6,R,cb_intrinsic,12
21277,ER2_a,ER2_a_R,R,cb_intrinsic,131313,EPG,EPG(PB08)_R6,R,cb_intrinsic,12
20980,ER4d,ER4d_R,R,cb_intrinsic,131313,EPG,EPG(PB08)_R6,R,cb_intrinsic,12
20590,ER2_a,ER2_a_R,R,cb_intrinsic,131313,EPG,EPG(PB08)_R6,R,cb_intrinsic,12
20559,ER2_a,ER2_a_L,L,cb_intrinsic,131313,EPG,EPG(PB08)_R6,R,cb_intrinsic,12
11933,ER2_c,ER2_c_R,R,cb_intrinsic,131313,EPG,EPG(PB08)_R6,R,cb_intrinsic,12
518690,ER1_b,ER1_b_R,R,cb_intrinsic,513517,EPG,EPG(PB08)_L4,L,cb_intrinsic,12
34652,ER1_b,ER1_b_L,L,cb_intrinsic,513517,EPG,EPG(PB08)_L4,L,cb_intrinsic,12
30178,ER3d_b,ER3d_b_R,R,cb_intrinsic,513517,EPG,EPG(PB08)_L4,L,cb_intrinsic,12
26136,ER2_b,ER2_b_R,R,cb_intrinsic,513517,EPG,EPG(PB08)_L4,L,cb_intrinsic,12
25447,ER3w_c,ER3w_c_R,R,cb_intrinsic,513517,EPG,EPG(PB08)_L4,L,cb_intrinsic,12
25297,ER3w_a,ER3w_a_R,R,cb_intrinsic,513517,EPG,EPG(PB08)_L4,L,cb_intrinsic,12
24076,ER4d,ER4d_R,R,cb_intrinsic,513517,EPG,EPG(PB08)_L4,L,cb_intrinsic,12
21752,ER2_c,ER2_c_L,L,cb_intrinsic,513517,EPG,EPG(PB08)_L4,L,cb_intrinsic,12
19935,ER2_c,ER2_c_R,R,cb_intrinsic,513517,EPG,EPG(PB08)_L4,L,cb_intrinsic,12
19791,ER4d,ER4d_L,L,cb_intrinsic,513517,EPG,EPG(PB08)_L4,L,cb_intrinsic,12
19323,ER4d,ER4d_R,R,cb_intrinsic,513517,EPG,EPG(PB08)_L4,L,cb_intrinsic,12
13094,ER4d,ER4d_R,R,cb_intrinsic,513517,EPG,EPG(PB08)_L4,L,cb_intrinsic,12
526552,ER3w_b,ER3w_b_R,R,cb_intrinsic,556347,EPG,EPG(PB08)_R4,R,cb_intrinsic,12
526143,ER3w_b,ER3w_b_L,L,cb_intrinsic,556347,EPG,EPG(PB08)_R4,R,cb_intrinsic,12
49378,ER3d_c,ER3d_c_R,R,cb_intrinsic,556347,EPG,EPG(PB08)_R4,R,cb_intrinsic,12
30371,ER1_a,ER1_a_R,R,cb_intrinsic,556347,EPG,EPG(PB08)_R4,R,cb_intrinsic,12
26798,ER1_a,ER1_a_L,L,cb_intrinsic,556347,EPG,EPG(PB08)_R4,R,cb_intrinsic,12
25297,ER3w_a,ER3w_a_R,R,cb_intrinsic,556347,EPG,EPG(PB08)_R4,R,cb_intrinsic,12
21449,ER2_c,ER2_c_R,R,cb_intrinsic,556347,EPG,EPG(PB08)_R4,R,cb_intrinsic,12
21179,ER2_a,ER2_a_R,R,cb_intrinsic,556347,EPG,EPG(PB08)_R4,R,cb_intrinsic,12
20883,ER2_c,ER2_c_R,R,cb_intrinsic,556347,EPG,EPG(PB08)_R4,R,cb_intrinsic,12
19935,ER2_c,ER2_c_R,R,cb_intrinsic,556347,EPG,EPG(PB08)_R4,R,cb_intrinsic,12
19807,ER2_c,ER2_c_L,L,cb_intrinsic,556347,EPG,EPG(PB08)_R4,R,cb_intrinsic,12
19425,ER2_c,ER2_c_R,R,cb_intrinsic,556347,EPG,EPG(PB08)_R4,R,cb_intrinsic,12
517059,ER2_a,ER2_a_L,L,cb_intrinsic,521409,EPG,EPG(PB08)_L8,L,cb_intrinsic,12
54597,ER1_a,ER1_a_L,L,cb_intrinsic,521409,EPG,EPG(PB08)_L8,L,cb_intrinsic,12
43683,ER3w_a,ER3w_a_R,R,cb_intrinsic,521409,EPG,EPG(PB08)_L8,L,cb_intrinsic,12
25359,ER3p_a,ER3p_a_R,R,cb_intrinsic,521409,EPG,EPG(PB08)_L8,L,cb_intrinsic,12
24093,ER3w_a,ER3w_a_R,R,cb_intrinsic,521409,EPG,EPG(PB08)_L8,L,cb_intrinsic,12
23874,ER4d,ER4d_R,R,cb_intrinsic,521409,EPG,EPG(PB08)_L8,L,cb_intrinsic,12
20883,ER2_c,ER2_c_R,R,cb_intrinsic,521409,EPG,EPG(PB08)_L8,L,cb_intrinsic,12
19900,ER2_c,ER2_c_L,L,cb_intrinsic,521409,EPG,EPG(PB08)_L8,L,cb_intrinsic,12
19807,ER2_c,ER2_c_L,L,cb_intrinsic,521409,EPG,EPG(PB08)_L8,L,cb_intrinsic,12
18664,ER2_c,ER2_c_R,R,cb_intrinsic,521409,EPG,EPG(PB08)_L8,L,cb_intrinsic,12
18377,ER3w_b,ER3w_b_L,L,cb_intrinsic,521409,EPG,EPG(PB08)_L8,L,cb_intrinsic,12
13999,ER3w_c,ER3w_c_R,R,cb_intrinsic,521409,EPG,EPG(PB08)_L8,L,cb_intrinsic,12
527199,ER3d_e,ER3d_e_L,L,cb_intrinsic,513463,EPG,EPG(PB08)_R2,R,cb_intrinsic,12
38084,ER3m,ER3m_L,L,cb_intrinsic,513463,EPG,EPG(PB08)_R2,R,cb_intrinsic,12
31681,ER1_a,ER1_a_R,R,cb_intrinsic,513463,EPG,EPG(PB08)_R2,R,cb_intrinsic,12
24879,ER4d,ER4d_L,L,cb_intrinsic,513463,EPG,EPG(PB08)_R2,R,cb_intrinsic,12
24122,ER4d,ER4d_R,R,cb_intrinsic,513463,EPG,EPG(PB08)_R2,R,cb_intrinsic,12
21179,ER2_a,ER2_a_R,R,cb_intrinsic,513463,EPG,EPG(PB08)_R2,R,cb_intrinsic,12
20590,ER2_a,ER2_a_R,R,cb_intrinsic,513463,EPG,EPG(PB08)_R2,R,cb_intrinsic,12
20253,ER2_a,ER2_a_R,R,cb_intrinsic,513463,EPG,EPG(PB08)_R2,R,cb_intrinsic,12
19935,ER2_c,ER2_c_R,R,cb_intrinsic,513463,EPG,EPG(PB08)_R2,R,cb_intrinsic,12
18377,ER3w_b,ER3w_b_L,L,cb_intrinsic,513463,EPG,EPG(PB08)_R2,R,cb_intrinsic,12
34607,ER4d,ER4d_L,L,cb_intrinsic,520818,EPG,EPG(PB08)_L4,L,cb_intrinsic,12
34652,ER1_b,ER1_b_L,L,cb_intrinsic,520818,EPG,EPG(PB08)_L4,L,cb_intrinsic,12
25359,ER3p_a,ER3p_a_R,R,cb_intrinsic,520818,EPG,EPG(PB08)_L4,L,cb_intrinsic,12
24459,ER4d,ER4d_L,L,cb_intrinsic,520818,EPG,EPG(PB08)_L4,L,cb_intrinsic,12
20590,ER2_a,ER2_a_R,R,cb_intrinsic,520818,EPG,EPG(PB08)_L4,L,cb_intrinsic,12
12357,ER2_c,ER2_c_L,L,cb_intrinsic,520818,EPG,EPG(PB08)_L4,L,cb_intrinsic,12
518690,ER1_b,ER1_b_R,R,cb_intrinsic,12449,EPG,EPG(PB08)_L5,L,cb_intrinsic,12
80867,ER1_a,ER1_a_R,R,cb_intrinsic,12449,EPG,EPG(PB08)_L5,L,cb_intrinsic,12
46707,ER3w_a,ER3w_a_L,L,cb_intrinsic,12449,EPG,EPG(PB08)_L5,L,cb_intrinsic,12
34652,ER1_b,ER1_b_L,L,cb_intrinsic,12449,EPG,EPG(PB08)_L5,L,cb_intrinsic,12
31735,ER1_a,ER1_a_L,L,cb_intrinsic,12449,EPG,EPG(PB08)_L5,L,cb_intrinsic,12
27043,ER3w_c,ER3w_c_R,R,cb_intrinsic,12449,EPG,EPG(PB08)_L5,L,cb_intrinsic,12
25501,ER3w_b,ER3w_b_L,L,cb_intrinsic,12449,EPG,EPG(PB08)_L5,L,cb_intrinsic,12
25447,ER3w_c,ER3w_c_R,R,cb_intrinsic,12449,EPG,EPG(PB08)_L5,L,cb_intrinsic,12
20678,ER2_d,ER2_d_R,R,cb_intrinsic,12449,EPG,EPG(PB08)_L5,L,cb_intrinsic,12
20664,ER2_a,ER2_a_R,R,cb_intrinsic,12449,EPG,EPG(PB08)_L5,L,cb_intrinsic,12
20559,ER2_a,ER2_a_L,L,cb_intrinsic,12449,EPG,EPG(PB08)_L5,L,cb_intrinsic,12
19935,ER2_c,ER2_c_R,R,cb_intrinsic,12449,EPG,EPG(PB08)_L5,L,cb_intrinsic,12
19569,ER2_c,ER2_c_R,R,cb_intrinsic,12449,EPG,EPG(PB08)_L5,L,cb_intrinsic,12
18664,ER2_c,ER2_c_R,R,cb_intrinsic,12449,EPG,EPG(PB08)_L5,L,cb_intrinsic,12
16598,ER3w_b,ER3w_b_R,R,cb_intrinsic,12449,EPG,EPG(PB08)_L5,L,cb_intrinsic,12
16343,ER4d,ER4d_R,R,cb_intrinsic,12449,EPG,EPG(PB08)_L5,L,cb_intrinsic,12
523816,ER1_b,ER1_b_L,L,cb_intrinsic,10539,EPG,EPG(PB08)_R2,R,cb_intrinsic,12
518690,ER1_b,ER1_b_R,R,cb_intrinsic,10539,EPG,EPG(PB08)_R2,R,cb_intrinsic,12
80867,ER1_a,ER1_a_R,R,cb_intrinsic,10539,EPG,EPG(PB08)_R2,R,cb_intrinsic,12
46242,ER3w_a,ER3w_a_L,L,cb_intrinsic,10539,EPG,EPG(PB08)_R2,R,cb_intrinsic,12
39503,ER3p_a,ER3p_a_L,L,cb_intrinsic,10539,EPG,EPG(PB08)_R2,R,cb_intrinsic,12
31088,ER3p_a,ER3p_a_R,R,cb_intrinsic,10539,EPG,EPG(PB08)_R2,R,cb_intrinsic,12
25447,ER3w_c,ER3w_c_R,R,cb_intrinsic,10539,EPG,EPG(PB08)_R2,R,cb_intrinsic,12
25359,ER3p_a,ER3p_a_R,R,cb_intrinsic,10539,EPG,EPG(PB08)_R2,R,cb_intrinsic,12
25203,ER3w_c,ER3w_c_L,L,cb_intrinsic,10539,EPG,EPG(PB08)_R2,R,cb_intrinsic,12
527653,ER4d,ER4d_L,L,cb_intrinsic,14727,EPG,EPG(PB08)_L7,L,cb_intrinsic,12
67174,ER1_a,ER1_a_R,R,cb_intrinsic,14727,EPG,EPG(PB08)_L7,L,cb_intrinsic,12
46341,ER3w_b,ER3w_b_L,L,cb_intrinsic,14727,EPG,EPG(PB08)_L7,L,cb_intrinsic,12
42241,ER1_b,ER1_b_R,R,cb_intrinsic,14727,EPG,EPG(PB08)_L7,L,cb_intrinsic,12
34607,ER4d,ER4d_L,L,cb_intrinsic,14727,EPG,EPG(PB08)_L7,L,cb_intrinsic,12
34652,ER1_b,ER1_b_L,L,cb_intrinsic,14727,EPG,EPG(PB08)_L7,L,cb_intrinsic,12
32315,ER1_a,ER1_a_L,L,cb_intrinsic,14727,EPG,EPG(PB08)_L7,L,cb_intrinsic,12
27013,ER3m,ER3m_L,L,cb_intrinsic,14727,EPG,EPG(PB08)_L7,L,cb_intrinsic,12
23197,ER4d,ER4d_L,L,cb_intrinsic,14727,EPG,EPG(PB08)_L7,L,cb_intrinsic,12
22461,ER4d,ER4d_R,R,cb_intrinsic,14727,EPG,EPG(PB08)_L7,L,cb_intrinsic,12
20980,ER4d,ER4d_R,R,cb_intrinsic,14727,EPG,EPG(PB08)_L7,L,cb_intrinsic,12
20653,ER4d,ER4d_L,L,cb_intrinsic,14727,EPG,EPG(PB08)_L7,L,cb_intrinsic,12
20317,ER2_c,ER2_c_L,L,cb_intrinsic,14727,EPG,EPG(PB08)_L7,L,cb_intrinsic,12
19900,ER2_c,ER2_c_L,L,cb_intrinsic,14727,EPG,EPG(PB08)_L7,L,cb_intrinsic,12
19169,ER3m,ER3m_L,L,cb_intrinsic,14727,EPG,EPG(PB08)_L7,L,cb_intrinsic,12
18377,ER3w_b,ER3w_b_L,L,cb_intrinsic,14727,EPG,EPG(PB08)_L7,L,cb_intrinsic,12
527653,ER4d,ER4d_L,L,cb_intrinsic,519140,EPG,EPG(PB08)_L1,L,cb_intrinsic,12
517059,ER2_a,ER2_a_L,L,cb_intrinsic,519140,EPG,EPG(PB08)_L1,L,cb_intrinsic,12
43212,ER3d_a,ER3d_a_L,L,cb_intrinsic,519140,EPG,EPG(PB08)_L1,L,cb_intrinsic,12
42241,ER1_b,ER1_b_R,R,cb_intrinsic,519140,EPG,EPG(PB08)_L1,L,cb_intrinsic,12
39095,ER1_a,ER1_a_L,L,cb_intrinsic,519140,EPG,EPG(PB08)_L1,L,cb_intrinsic,12
36384,ER1_b,ER1_b_R,R,cb_intrinsic,519140,EPG,EPG(PB08)_L1,L,cb_intrinsic,12
31735,ER1_a,ER1_a_L,L,cb_intrinsic,519140,EPG,EPG(PB08)_L1,L,cb_intrinsic,12
27043,ER3w_c,ER3w_c_R,R,cb_intrinsic,519140,EPG,EPG(PB08)_L1,L,cb_intrinsic,12
26673,ER3w_b,ER3w_b_L,L,cb_intrinsic,519140,EPG,EPG(PB08)_L1,L,cb_intrinsic,12
23520,ER4d,ER4d_L,L,cb_intrinsic,519140,EPG,EPG(PB08)_L1,L,cb_intrinsic,12
23080,ER4d,ER4d_R,R,cb_intrinsic,519140,EPG,EPG(PB08)_L1,L,cb_intrinsic,12
20590,ER2_a,ER2_a_R,R,cb_intrinsic,519140,EPG,EPG(PB08)_L1,L,cb_intrinsic,12
20404,ER4d,ER4d_L,L,cb_intrinsic,519140,EPG,EPG(PB08)_L1,L,cb_intrinsic,12
16598,ER3w_b,ER3w_b_R,R,cb_intrinsic,519140,EPG,EPG(PB08)_L1,L,cb_intrinsic,12
517602,ER3p_a,ER3p_a_R,R,cb_intrinsic,15616,EPG,EPG(PB08)_R3,R,cb_intrinsic,12
36235,ER1_c,ER1_c_L,L,cb_intrinsic,15616,EPG,EPG(PB08)_R3,R,cb_intrinsic,12
25494,ER3d_e,ER3d_e_L,L,cb_intrinsic,15616,EPG,EPG(PB08)_R3,R,cb_intrinsic,12
25447,ER3w_c,ER3w_c_R,R,cb_intrinsic,15616,EPG,EPG(PB08)_R3,R,cb_intrinsic,12
24076,ER4d,ER4d_R,R,cb_intrinsic,15616,EPG,EPG(PB08)_R3,R,cb_intrinsic,12
23874,ER4d,ER4d_R,R,cb_intrinsic,15616,EPG,EPG(PB08)_R3,R,cb_intrinsic,12
16818,ER4d,ER4d_R,R,cb_intrinsic,15616,EPG,EPG(PB08)_R3,R,cb_intrinsic,12
14464,ER6,ER6_L,L,cb_intrinsic,15616,EPG,EPG(PB08)_R3,R,cb_intrinsic,12
10043,ER5,ER5_L,L,cb_intrinsic,15616,EPG,EPG(PB08)_R3,R,cb_intrinsic,12
529207,ER3p_a,ER3p_a_R,R,cb_intrinsic,16360,EPG,EPG(PB08)_L6,L,cb_intrinsic,12
517602,ER3p_a,ER3p_a_R,R,cb_intrinsic,16360,EPG,EPG(PB08)_L6,L,cb_intrinsic,12
514042,ER2_b,ER2_b_L,L,cb_intrinsic,16360,EPG,EPG(PB08)_L6,L,cb_intrinsic,12
54597,ER1_a,ER1_a_L,L,cb_intrinsic,16360,EPG,EPG(PB08)_L6,L,cb_intrinsic,12
45134,ER3p_b,ER3p_b_L,L,cb_intrinsic,16360,EPG,EPG(PB08)_L6,L,cb_intrinsic,12
44814,ER3m,ER3m_L,L,cb_intrinsic,16360,EPG,EPG(PB08)_L6,L,cb_intrinsic,12
44010,ER3w_b,ER3w_b_L,L,cb_intrinsic,16360,EPG,EPG(PB08)_L6,L,cb_intrinsic,12
39095,ER1_a,ER1_a_L,L,cb_intrinsic,16360,EPG,EPG(PB08)_L6,L,cb_intrinsic,12
25709,ER2_c,ER2_c_L,L,cb_intrinsic,16360,EPG,EPG(PB08)_L6,L,cb_intrinsic,12
25447,ER3w_c,ER3w_c_R,R,cb_intrinsic,16360,EPG,EPG(PB08)_L6,L,cb_intrinsic,12
21277,ER2_a,ER2_a_R,R,cb_intrinsic,16360,EPG,EPG(PB08)_L6,L,cb_intrinsic,12
21179,ER2_a,ER2_a_R,R,cb_intrinsic,16360,EPG,EPG(PB08)_L6,L,cb_intrinsic,12
21059,ER2_d,ER2_d_R,R,cb_intrinsic,16360,EPG,EPG(PB08)_L6,L,cb_intrinsic,12
20653,ER4d,ER4d_L,L,cb_intrinsic,16360,EPG,EPG(PB08)_L6,L,cb_intrinsic,12
71503,ER1_c,ER1_c_R,R,cb_intrinsic,515675,EPG,EPG(PB08)_R1,R,cb_intrinsic,12
42509,ER1_a,ER1_a_R,R,cb_intrinsic,515675,EPG,EPG(PB08)_R1,R,cb_intrinsic,12
34652,ER1_b,ER1_b_L,L,cb_intrinsic,515675,EPG,EPG(PB08)_R1,R,cb_intrinsic,12
13999,ER3w_c,ER3w_c_R,R,cb_intrinsic,515675,EPG,EPG(PB08)_R1,R,cb_intrinsic,12
529207,ER3p_a,ER3p_a_R,R,cb_intrinsic,514126,EPG,EPG(PB08)_R5,R,cb_intrinsic,12
524075,ER2_d,ER2_d_L,L,cb_intrinsic,514126,EPG,EPG(PB08)_R5,R,cb_intrinsic,12
515761,ER3p_a,ER3p_a_R,R,cb_intrinsic,514126,EPG,EPG(PB08)_R5,R,cb_intrinsic,12
53618,ER3p_b,ER3p_b_L,L,cb_intrinsic,514126,EPG,EPG(PB08)_R5,R,cb_intrinsic,12
50808,ER4d,ER4d_L,L,cb_intrinsic,514126,EPG,EPG(PB08)_R5,R,cb_intrinsic,12
49002,ER3p_a,ER3p_a_L,L,cb_intrinsic,514126,EPG,EPG(PB08)_R5,R,cb_intrinsic,12
46341,ER3w_b,ER3w_b_L,L,cb_intrinsic,514126,EPG,EPG(PB08)_R5,R,cb_intrinsic,12
46242,ER3w_a,ER3w_a_L,L,cb_intrinsic,514126,EPG,EPG(PB08)_R5,R,cb_intrinsic,12
40213,ER1_b,ER1_b_L,L,cb_intrinsic,514126,EPG,EPG(PB08)_R5,R,cb_intrinsic,12
34652,ER1_b,ER1_b_L,L,cb_intrinsic,514126,EPG,EPG(PB08)_R5,R,cb_intrinsic,12
24879,ER4d,ER4d_L,L,cb_intrinsic,514126,EPG,EPG(PB08)_R5,R,cb_intrinsic,12
24459,ER4d,ER4d_L,L,cb_intrinsic,514126,EPG,EPG(PB08)_R5,R,cb_intrinsic,12
24076,ER4d,ER4d_R,R,cb_intrinsic,514126,EPG,EPG(PB08)_R5,R,cb_intrinsic,12
22461,ER4d,ER4d_R,R,cb_intrinsic,514126,EPG,EPG(PB08)_R5,R,cb_intrinsic,12
19410,ER4d,ER4d_L,L,cb_intrinsic,514126,EPG,EPG(PB08)_R5,R,cb_intrinsic,12
11933,ER2_c,ER2_c_R,R,cb_intrinsic,514126,EPG,EPG(PB08)_R5,R,cb_intrinsic,12
526552,ER3w_b,ER3w_b_R,R,cb_intrinsic,513520,EPG,EPG(PB08)_R6,R,cb_intrinsic,12
513678,ER3w_b,ER3w_b_R,R,cb_intrinsic,513520,EPG,EPG(PB08)_R6,R,cb_intrinsic,12
47271,ER3p_a,ER3p_a_L,L,cb_intrinsic,513520,EPG,EPG(PB08)_R6,R,cb_intrinsic,12
39095,ER1_a,ER1_a_L,L,cb_intrinsic,513520,EPG,EPG(PB08)_R6,R,cb_intrinsic,12
35978,ER1_b,ER1_b_L,L,cb_intrinsic,513520,EPG,EPG(PB08)_R6,R,cb_intrinsic,12
26843,ER3w_b,ER3w_b_R,R,cb_intrinsic,513520,EPG,EPG(PB08)_R6,R,cb_intrinsic,12
25797,ER4d,ER4d_L,L,cb_intrinsic,513520,EPG,EPG(PB08)_R6,R,cb_intrinsic,12
21179,ER2_a,ER2_a_R,R,cb_intrinsic,513520,EPG,EPG(PB08)_R6,R,cb_intrinsic,12
19900,ER2_c,ER2_c_L,L,cb_intrinsic,513520,EPG,EPG(PB08)_R6,R,cb_intrinsic,12
19355,ER2_c,ER2_c_R,R,cb_intrinsic,513520,EPG,EPG(PB08)_R6,R,cb_intrinsic,12
18058,ER2_b,ER2_b_L,L,cb_intrinsic,513520,EPG,EPG(PB08)_R6,R,cb_intrinsic,12
17679,ER2_d,ER2_d_R,R,cb_intrinsic,513520,EPG,EPG(PB08)_R6,R,cb_intrinsic,12
16598,ER3w_b,ER3w_b_R,R,cb_intrinsic,513520,EPG,EPG(PB08)_R6,R,cb_intrinsic,12
16343,ER4d,ER4d_R,R,cb_intrinsic,513520,EPG,EPG(PB08)_R6,R,cb_intrinsic,12
14464,ER6,ER6_L,L,cb_intrinsic,513520,EPG,EPG(PB08)_R6,R,cb_intrinsic,12
527653,ER4d,ER4d_L,L,cb_intrinsic,11874,EPG,EPG(PB08)_L7,L,cb_intrinsic,12
526552,ER3w_b,ER3w_b_R,R,cb_intrinsic,11874,EPG,EPG(PB08)_L7,L,cb_intrinsic,12
517264,ER3w_a,ER3w_a_R,R,cb_intrinsic,11874,EPG,EPG(PB08)_L7,L,cb_intrinsic,12
34607,ER4d,ER4d_L,L,cb_intrinsic,11874,EPG,EPG(PB08)_L7,L,cb_intrinsic,12
30371,ER1_a,ER1_a_R,R,cb_intrinsic,11874,EPG,EPG(PB08)_L7,L,cb_intrinsic,12
26136,ER2_b,ER2_b_R,R,cb_intrinsic,11874,EPG,EPG(PB08)_L7,L,cb_intrinsic,12
24549,ER3w_c,ER3w_c_L,L,cb_intrinsic,11874,EPG,EPG(PB08)_L7,L,cb_intrinsic,12
19569,ER2_c,ER2_c_R,R,cb_intrinsic,11874,EPG,EPG(PB08)_L7,L,cb_intrinsic,12
18508,ER2_c,ER2_c_L,L,cb_intrinsic,11874,EPG,EPG(PB08)_L7,L,cb_intrinsic,12
17419,ER6,ER6_R,R,cb_intrinsic,11874,EPG,EPG(PB08)_L7,L,cb_intrinsic,12
517602,ER3p_a,ER3p_a_R,R,cb_intrinsic,512514,EPG,EPG(PB08)_L1,L,cb_intrinsic,12
48096,ER3p_a,ER3p_a_L,L,cb_intrinsic,512514,EPG,EPG(PB08)_L1,L,cb_intrinsic,12
37058,ER1_b,ER1_b_R,R,cb_intrinsic,512514,EPG,EPG(PB08)_L1,L,cb_intrinsic,12
31681,ER1_a,ER1_a_R,R,cb_intrinsic,512514,EPG,EPG(PB08)_L1,L,cb_intrinsic,12
27043,ER3w_c,ER3w_c_R,R,cb_intrinsic,512514,EPG,EPG(PB08)_L1,L,cb_intrinsic,12
23080,ER4d,ER4d_R,R,cb_intrinsic,512514,EPG,EPG(PB08)_L1,L,cb_intrinsic,12
19917,ER2_c,ER2_c_R,R,cb_intrinsic,512514,EPG,EPG(PB08)_L1,L,cb_intrinsic,12
14308,ER4m,ER4m_L,L,cb_intrinsic,512514,EPG,EPG(PB08)_L1,L,cb_intrinsic,12
512606,ER3w_c,ER3w_c_L,L,cb_intrinsic,88342,EPG,EPG(PB08)_L3,L,cb_intrinsic,12
71503,ER1_c,ER1_c_R,R,cb_intrinsic,88342,EPG,EPG(PB08)_L3,L,cb_intrinsic,12
69319,ER1_a,ER1_a_R,R,cb_intrinsic,88342,EPG,EPG(PB08)_L3,L,cb_intrinsic,12
49869,ER3p_b,ER3p_b_R,R,cb_intrinsic,88342,EPG,EPG(PB08)_L3,L,cb_intrinsic,12
46707,ER3w_a,ER3w_a_L,L,cb_intrinsic,88342,EPG,EPG(PB08)_L3,L,cb_intrinsic,12
37058,ER1_b,ER1_b_R,R,cb_intrinsic,88342,EPG,EPG(PB08)_L3,L,cb_intrinsic,12
26295,ER3m,ER3m_R,R,cb_intrinsic,88342,EPG,EPG(PB08)_L3,L,cb_intrinsic,12
25841,ER3w_b,ER3w_b_L,L,cb_intrinsic,88342,EPG,EPG(PB08)_L3,L,cb_intrinsic,12
25501,ER3w_b,ER3w_b_L,L,cb_intrinsic,88342,EPG,EPG(PB08)_L3,L,cb_intrinsic,12
24459,ER4d,ER4d_L,L,cb_intrinsic,88342,EPG,EPG(PB08)_L3,L,cb_intrinsic,12
23080,ER4d,ER4d_R,R,cb_intrinsic,88342,EPG,EPG(PB08)_L3,L,cb_intrinsic,12
19791,ER4d,ER4d_L,L,cb_intrinsic,88342,EPG,EPG(PB08)_L3,L,cb_intrinsic,12
19569,ER2_c,ER2_c_R,R,cb_intrinsic,88342,EPG,EPG(PB08)_L3,L,cb_intrinsic,12
19355,ER2_c,ER2_c_R,R,cb_intrinsic,88342,EPG,EPG(PB08)_L3,L,cb_intrinsic,12
529207,ER3p_a,ER3p_a_R,R,cb_intrinsic,15713,EPG,EPG(PB08)_L6,L,cb_intrinsic,12
44010,ER3w_b,ER3w_b_L,L,cb_intrinsic,15713,EPG,EPG(PB08)_L6,L,cb_intrinsic,12
43683,ER3w_a,ER3w_a_R,R,cb_intrinsic,15713,EPG,EPG(PB08)_L6,L,cb_intrinsic,12
25709,ER2_c,ER2_c_L,L,cb_intrinsic,15713,EPG,EPG(PB08)_L6,L,cb_intrinsic,12
22461,ER4d,ER4d_R,R,cb_intrinsic,15713,EPG,EPG(PB08)_L6,L,cb_intrinsic,12
21882,ER2_a,ER2_a_L,L,cb_intrinsic,15713,EPG,EPG(PB08)_L6,L,cb_intrinsic,12
21752,ER2_c,ER2_c_L,L,cb_intrinsic,15713,EPG,EPG(PB08)_L6,L,cb_intrinsic,12
20653,ER4d,ER4d_L,L,cb_intrinsic,15713,EPG,EPG(PB08)_L6,L,cb_intrinsic,12
20590,ER2_a,ER2_a_R,R,cb_intrinsic,15713,EPG,EPG(PB08)_L6,L,cb_intrinsic,12
17679,ER2_d,ER2_d_R,R,cb_intrinsic,15713,EPG,EPG(PB08)_L6,L,cb_intrinsic,12
17419,ER6,ER6_R,R,cb_intrinsic,15713,EPG,EPG(PB08)_L6,L,cb_intrinsic,12
514803,ER2_b,ER2_b_L,L,cb_intrinsic,520581,EPG,EPG(PB08)_R4,R,cb_intrinsic,12
513678,ER3w_b,ER3w_b_R,R,cb_intrinsic,520581,EPG,EPG(PB08)_R4,R,cb_intrinsic,12
512607,ER3p_a,ER3p_a_R,R,cb_intrinsic,520581,EPG,EPG(PB08)_R4,R,cb_intrinsic,12
512606,ER3w_c,ER3w_c_L,L,cb_intrinsic,520581,EPG,EPG(PB08)_R4,R,cb_intrinsic,12
59337,ER3w_b,ER3w_b_L,L,cb_intrinsic,520581,EPG,EPG(PB08)_R4,R,cb_intrinsic,12
49002,ER3p_a,ER3p_a_L,L,cb_intrinsic,520581,EPG,EPG(PB08)_R4,R,cb_intrinsic,12
48318,ER3d_c,ER3d_c_L,L,cb_intrinsic,520581,EPG,EPG(PB08)_R4,R,cb_intrinsic,12
37105,ER1_b,ER1_b_L,L,cb_intrinsic,520581,EPG,EPG(PB08)_R4,R,cb_intrinsic,12
36235,ER1_c,ER1_c_L,L,cb_intrinsic,520581,EPG,EPG(PB08)_R4,R,cb_intrinsic,12
27770,ER3w_b,ER3w_b_R,R,cb_intrinsic,520581,EPG,EPG(PB08)_R4,R,cb_intrinsic,12
26798,ER1_a,ER1_a_L,L,cb_intrinsic,520581,EPG,EPG(PB08)_R4,R,cb_intrinsic,12
25709,ER2_c,ER2_c_L,L,cb_intrinsic,520581,EPG,EPG(PB08)_R4,R,cb_intrinsic,12
20317,ER2_c,ER2_c_L,L,cb_intrinsic,520581,EPG,EPG(PB08)_R4,R,cb_intrinsic,12
19410,ER4d,ER4d_L,L,cb_intrinsic,520581,EPG,EPG(PB08)_R4,R,cb_intrinsic,12
17591,ER4d,ER4d_R,R,cb_intrinsic,520581,EPG,EPG(PB08)_R4,R,cb_intrinsic,12
16343,ER4d,ER4d_R,R,cb_intrinsic,520581,EPG,EPG(PB08)_R4,R,cb_intrinsic,12
526552,ER3w_b,ER3w_b_R,R,cb_intrinsic,13217,EPG,EPG(PB08)_L8,L,cb_intrinsic,12
43212,ER3d_a,ER3d_a_L,L,cb_intrinsic,13217,EPG,EPG(PB08)_L8,L,cb_intrinsic,12
39798,ER5,ER5_L,L,cb_intrinsic,13217,EPG,EPG(PB08)_L8,L,cb_intrinsic,12
27043,ER3w_c,ER3w_c_R,R,cb_intrinsic,13217,EPG,EPG(PB08)_L8,L,cb_intrinsic,12
26136,ER2_b,ER2_b_R,R,cb_intrinsic,13217,EPG,EPG(PB08)_L8,L,cb_intrinsic,12
25501,ER3w_b,ER3w_b_L,L,cb_intrinsic,13217,EPG,EPG(PB08)_L8,L,cb_intrinsic,12
25329,ER3d_c,ER3d_c_L,L,cb_intrinsic,13217,EPG,EPG(PB08)_L8,L,cb_intrinsic,12
24549,ER3w_c,ER3w_c_L,L,cb_intrinsic,13217,EPG,EPG(PB08)_L8,L,cb_intrinsic,12
24076,ER4d,ER4d_R,R,cb_intrinsic,13217,EPG,EPG(PB08)_L8,L,cb_intrinsic,12
23315,ER4d,ER4d_L,L,cb_intrinsic,13217,EPG,EPG(PB08)_L8,L,cb_intrinsic,12
21882,ER2_a,ER2_a_L,L,cb_intrinsic,13217,EPG,EPG(PB08)_L8,L,cb_intrinsic,12
21277,ER2_a,ER2_a_R,R,cb_intrinsic,13217,EPG,EPG(PB08)_L8,L,cb_intrinsic,12
21179,ER2_a,ER2_a_R,R,cb_intrinsic,13217,EPG,EPG(PB08)_L8,L,cb_intrinsic,12
20980,ER4d,ER4d_R,R,cb_intrinsic,13217,EPG,EPG(PB08)_L8,L,cb_intrinsic,12
20605,ER2_a,ER2_a_L,L,cb_intrinsic,13217,EPG,EPG(PB08)_L8,L,cb_intrinsic,12
18058,ER2_b,ER2_b_L,L,cb_intrinsic,13217,EPG,EPG(PB08)_L8,L,cb_intrinsic,12
38084,ER3m,ER3m_L,L,cb_intrinsic,92188,EPG,EPG(PB08)_R7,R,cb_intrinsic,12
36524,ER2_a,ER2_a_L,L,cb_intrinsic,92188,EPG,EPG(PB08)_R7,R,cb_intrinsic,12
36235,ER1_c,ER1_c_L,L,cb_intrinsic,92188,EPG,EPG(PB08)_R7,R,cb_intrinsic,12
31735,ER1_a,ER1_a_L,L,cb_intrinsic,92188,EPG,EPG(PB08)_R7,R,cb_intrinsic,12
25359,ER3p_a,ER3p_a_R,R,cb_intrinsic,92188,EPG,EPG(PB08)_R7,R,cb_intrinsic,12
20664,ER2_a,ER2_a_R,R,cb_intrinsic,92188,EPG,EPG(PB08)_R7,R,cb_intrinsic,12
20559,ER2_a,ER2_a_L,L,cb_intrinsic,92188,EPG,EPG(PB08)_R7,R,cb_intrinsic,12
19791,ER4d,ER4d_L,L,cb_intrinsic,92188,EPG,EPG(PB08)_R7,R,cb_intrinsic,12
19425,ER2_c,ER2_c_R,R,cb_intrinsic,92188,EPG,EPG(PB08)_R7,R,cb_intrinsic,12
18733,ER2_c,ER2_c_L,L,cb_intrinsic,92188,EPG,EPG(PB08)_R7,R,cb_intrinsic,12
17679,ER2_d,ER2_d_R,R,cb_intrinsic,92188,EPG,EPG(PB08)_R7,R,cb_intrinsic,12
15444,ER2_d,ER2_d_L,L,cb_intrinsic,92188,EPG,EPG(PB08)_R7,R,cb_intrinsic,12
39503,ER3p_a,ER3p_a_L,L,cb_intrinsic,521812,EPG,EPG(PB08)_R7,R,cb_intrinsic,12
31088,ER3p_a,ER3p_a_R,R,cb_intrinsic,521812,EPG,EPG(PB08)_R7,R,cb_intrinsic,12
27770,ER3w_b,ER3w_b_R,R,cb_intrinsic,521812,EPG,EPG(PB08)_R7,R,cb_intrinsic,12
25203,ER3w_c,ER3w_c_L,L,cb_intrinsic,521812,EPG,EPG(PB08)_R7,R,cb_intrinsic,12
21277,ER2_a,ER2_a_R,R,cb_intrinsic,521812,EPG,EPG(PB08)_R7,R,cb_intrinsic,12
20404,ER4d,ER4d_L,L,cb_intrinsic,521812,EPG,EPG(PB08)_R7,R,cb_intrinsic,12
20253,ER2_a,ER2_a_R,R,cb_intrinsic,521812,EPG,EPG(PB08)_R7,R,cb_intrinsic,12
19355,ER2_c,ER2_c_R,R,cb_intrinsic,521812,EPG,EPG(PB08)_R7,R,cb_intrinsic,12
18058,ER2_b,ER2_b_L,L,cb_intrinsic,521812,EPG,EPG(PB08)_R7,R,cb_intrinsic,12
13999,ER3w_c,ER3w_c_R,R,cb_intrinsic,521812,EPG,EPG(PB08)_R7,R,cb_intrinsic,12
518690,ER1_b,ER1_b_R,R,cb_intrinsic,521813,EPG,EPG(PB08)_L2,L,cb_intrinsic,12
80867,ER1_a,ER1_a_R,R,cb_intrinsic,521813,EPG,EPG(PB08)_L2,L,cb_intrinsic,12
46341,ER3w_b,ER3w_b_L,L,cb_intrinsic,521813,EPG,EPG(PB08)_L2,L,cb_intrinsic,12
46089,ER3p_a,ER3p_a_L,L,cb_intrinsic,521813,EPG,EPG(PB08)_L2,L,cb_intrinsic,12
25359,ER3p_a,ER3p_a_R,R,cb_intrinsic,521813,EPG,EPG(PB08)_L2,L,cb_intrinsic,12
25203,ER3w_c,ER3w_c_L,L,cb_intrinsic,521813,EPG,EPG(PB08)_L2,L,cb_intrinsic,12
24549,ER3w_c,ER3w_c_L,L,cb_intrinsic,521813,EPG,EPG(PB08)_L2,L,cb_intrinsic,12
529847,ER3m,ER3m_L,L,cb_intrinsic,512513,EPG,EPG(PB08)_R1,R,cb_intrinsic,12
527653,ER4d,ER4d_L,L,cb_intrinsic,512513,EPG,EPG(PB08)_R1,R,cb_intrinsic,12
63782,ER3d_c,ER3d_c_L,L,cb_intrinsic,512513,EPG,EPG(PB08)_R1,R,cb_intrinsic,12
42241,ER1_b,ER1_b_R,R,cb_intrinsic,512513,EPG,EPG(PB08)_R1,R,cb_intrinsic,12
27348,ER3m,ER3m_L,L,cb_intrinsic,512513,EPG,EPG(PB08)_R1,R,cb_intrinsic,12
25297,ER3w_a,ER3w_a_R,R,cb_intrinsic,512513,EPG,EPG(PB08)_R1,R,cb_intrinsic,12
23080,ER4d,ER4d_R,R,cb_intrinsic,512513,EPG,EPG(PB08)_R1,R,cb_intrinsic,12
21277,ER2_a,ER2_a_R,R,cb_intrinsic,512513,EPG,EPG(PB08)_R1,R,cb_intrinsic,12
12059,ER5,ER5_R,R,cb_intrinsic,512513,EPG,EPG(PB08)_R1,R,cb_intrinsic,12
568502,ER5,ER5_R,R,cb_intrinsic,519941,EPG,EPG(PB08)_L3,L,cb_intrinsic,11
42241,ER1_b,ER1_b_R,R,cb_intrinsic,519941,EPG,EPG(PB08)_L3,L,cb_intrinsic,11
33589,ER3d_b,ER3d_b_L,L,cb_intrinsic,519941,EPG,EPG(PB08)_L3,L,cb_intrinsic,11
27013,ER3m,ER3m_L,L,cb_intrinsic,519941,EPG,EPG(PB08)_L3,L,cb_intrinsic,11
21059,ER2_d,ER2_d_R,R,cb_intrinsic,519941,EPG,EPG(PB08)_L3,L,cb_intrinsic,11
19917,ER2_c,ER2_c_R,R,cb_intrinsic,519941,EPG,EPG(PB08)_L3,L,cb_intrinsic,11
19791,ER4d,ER4d_L,L,cb_intrinsic,519941,EPG,EPG(PB08)_L3,L,cb_intrinsic,11
527653,ER4d,ER4d_L,L,cb_intrinsic,11989,EPG,EPG(PB08)_L5,L,cb_intrinsic,11
524075,ER2_d,ER2_d_L,L,cb_intrinsic,11989,EPG,EPG(PB08)_L5,L,cb_intrinsic,11
512607,ER3p_a,ER3p_a_R,R,cb_intrinsic,11989,EPG,EPG(PB08)_L5,L,cb_intrinsic,11
71503,ER1_c,ER1_c_R,R,cb_intrinsic,11989,EPG,EPG(PB08)_L5,L,cb_intrinsic,11
42264,ER3d_e,ER3d_e_R,R,cb_intrinsic,11989,EPG,EPG(PB08)_L5,L,cb_intrinsic,11
36730,ER1_b,ER1_b_L,L,cb_intrinsic,11989,EPG,EPG(PB08)_L5,L,cb_intrinsic,11
21645,ER2_a,ER2_a_L,L,cb_intrinsic,11989,EPG,EPG(PB08)_L5,L,cb_intrinsic,11
21449,ER2_c,ER2_c_R,R,cb_intrinsic,11989,EPG,EPG(PB08)_L5,L,cb_intrinsic,11
20653,ER4d,ER4d_L,L,cb_intrinsic,11989,EPG,EPG(PB08)_L5,L,cb_intrinsic,11
19737,ER4d,ER4d_R,R,cb_intrinsic,11989,EPG,EPG(PB08)_L5,L,cb_intrinsic,11
16343,ER4d,ER4d_R,R,cb_intrinsic,11989,EPG,EPG(PB08)_L5,L,cb_intrinsic,11
512607,ER3p_a,ER3p_a_R,R,cb_intrinsic,107195,EPG,EPG(PB08)_L5,L,cb_intrinsic,11
52832,ER3m,ER3m_R,R,cb_intrinsic,107195,EPG,EPG(PB08)_L5,L,cb_intrinsic,11
50007,ER3p_a,ER3p_a_L,L,cb_intrinsic,107195,EPG,EPG(PB08)_L5,L,cb_intrinsic,11
49002,ER3p_a,ER3p_a_L,L,cb_intrinsic,107195,EPG,EPG(PB08)_L5,L,cb_intrinsic,11
46242,ER3w_a,ER3w_a_L,L,cb_intrinsic,107195,EPG,EPG(PB08)_L5,L,cb_intrinsic,11
38084,ER3m,ER3m_L,L,cb_intrinsic,107195,EPG,EPG(PB08)_L5,L,cb_intrinsic,11
26843,ER3w_b,ER3w_b_R,R,cb_intrinsic,107195,EPG,EPG(PB08)_L5,L,cb_intrinsic,11
21277,ER2_a,ER2_a_R,R,cb_intrinsic,107195,EPG,EPG(PB08)_L5,L,cb_intrinsic,11
21179,ER2_a,ER2_a_R,R,cb_intrinsic,107195,EPG,EPG(PB08)_L5,L,cb_intrinsic,11
21059,ER2_d,ER2_d_R,R,cb_intrinsic,107195,EPG,EPG(PB08)_L5,L,cb_intrinsic,11
20883,ER2_c,ER2_c_R,R,cb_intrinsic,107195,EPG,EPG(PB08)_L5,L,cb_intrinsic,11
20605,ER2_a,ER2_a_L,L,cb_intrinsic,107195,EPG,EPG(PB08)_L5,L,cb_intrinsic,11
527199,ER3d_e,ER3d_e_L,L,cb_intrinsic,519328,EPG,EPG(PB08)_L3,L,cb_intrinsic,11
514803,ER2_b,ER2_b_L,L,cb_intrinsic,519328,EPG,EPG(PB08)_L3,L,cb_intrinsic,11
513379,ER5,ER5_R,R,cb_intrinsic,519328,EPG,EPG(PB08)_L3,L,cb_intrinsic,11
59337,ER3w_b,ER3w_b_L,L,cb_intrinsic,519328,EPG,EPG(PB08)_L3,L,cb_intrinsic,11
49869,ER3p_b,ER3p_b_R,R,cb_intrinsic,519328,EPG,EPG(PB08)_L3,L,cb_intrinsic,11
24459,ER4d,ER4d_L,L,cb_intrinsic,519328,EPG,EPG(PB08)_L3,L,cb_intrinsic,11
24076,ER4d,ER4d_R,R,cb_intrinsic,519328,EPG,EPG(PB08)_L3,L,cb_intrinsic,11
23520,ER4d,ER4d_L,L,cb_intrinsic,519328,EPG,EPG(PB08)_L3,L,cb_intrinsic,11
21882,ER2_a,ER2_a_L,L,cb_intrinsic,519328,EPG,EPG(PB08)_L3,L,cb_intrinsic,11
21645,ER2_a,ER2_a_L,L,cb_intrinsic,519328,EPG,EPG(PB08)_L3,L,cb_intrinsic,11
20678,ER2_d,ER2_d_R,R,cb_intrinsic,519328,EPG,EPG(PB08)_L3,L,cb_intrinsic,11
20590,ER2_a,ER2_a_R,R,cb_intrinsic,519328,EPG,EPG(PB08)_L3,L,cb_intrinsic,11
20317,ER2_c,ER2_c_L,L,cb_intrinsic,519328,EPG,EPG(PB08)_L3,L,cb_intrinsic,11
13999,ER3w_c,ER3w_c_R,R,cb_intrinsic,519328,EPG,EPG(PB08)_L3,L,cb_intrinsic,11
527653,ER4d,ER4d_L,L,cb_intrinsic,512928,EPG,EPG(PB08)_R3,R,cb_intrinsic,11
54912,ER3d_b,ER3d_b_L,L,cb_intrinsic,512928,EPG,EPG(PB08)_R3,R,cb_intrinsic,11
54597,ER1_a,ER1_a_L,L,cb_intrinsic,512928,EPG,EPG(PB08)_R3,R,cb_intrinsic,11
38268,ER1_b,ER1_b_R,R,cb_intrinsic,512928,EPG,EPG(PB08)_R3,R,cb_intrinsic,11
35641,ER3d_c,ER3d_c_L,L,cb_intrinsic,512928,EPG,EPG(PB08)_R3,R,cb_intrinsic,11
31541,ER3d_d,ER3d_d_R,R,cb_intrinsic,512928,EPG,EPG(PB08)_R3,R,cb_intrinsic,11
26798,ER1_a,ER1_a_L,L,cb_intrinsic,512928,EPG,EPG(PB08)_R3,R,cb_intrinsic,11
19791,ER4d,ER4d_L,L,cb_intrinsic,512928,EPG,EPG(PB08)_R3,R,cb_intrinsic,11
17591,ER4d,ER4d_R,R,cb_intrinsic,512928,EPG,EPG(PB08)_R3,R,cb_intrinsic,11
529207,ER3p_a,ER3p_a_R,R,cb_intrinsic,14507,EPG,EPG(PB08)_R7,R,cb_intrinsic,11
517264,ER3w_a,ER3w_a_R,R,cb_intrinsic,14507,EPG,EPG(PB08)_R7,R,cb_intrinsic,11
50888,ER2_c,ER2_c_L,L,cb_intrinsic,14507,EPG,EPG(PB08)_R7,R,cb_intrinsic,11
50694,ER3w_b,ER3w_b_L,L,cb_intrinsic,14507,EPG,EPG(PB08)_R7,R,cb_intrinsic,11
37105,ER1_b,ER1_b_L,L,cb_intrinsic,14507,EPG,EPG(PB08)_R7,R,cb_intrinsic,11
27850,ER3w_b,ER3w_b_R,R,cb_intrinsic,14507,EPG,EPG(PB08)_R7,R,cb_intrinsic,11
27806,ER3p_a,ER3p_a_R,R,cb_intrinsic,14507,EPG,EPG(PB08)_R7,R,cb_intrinsic,11
26843,ER3w_b,ER3w_b_R,R,cb_intrinsic,14507,EPG,EPG(PB08)_R7,R,cb_intrinsic,11
26673,ER3w_b,ER3w_b_L,L,cb_intrinsic,14507,EPG,EPG(PB08)_R7,R,cb_intrinsic,11
20883,ER2_c,ER2_c_R,R,cb_intrinsic,14507,EPG,EPG(PB08)_R7,R,cb_intrinsic,11
20253,ER2_a,ER2_a_R,R,cb_intrinsic,14507,EPG,EPG(PB08)_R7,R,cb_intrinsic,11
17679,ER2_d,ER2_d_R,R,cb_intrinsic,14507,EPG,EPG(PB08)_R7,R,cb_intrinsic,11
514803,ER2_b,ER2_b_L,L,cb_intrinsic,524073,EPG,EPG(PB08)_L2,L,cb_intrinsic,11
512606,ER3w_c,ER3w_c_L,L,cb_intrinsic,524073,EPG,EPG(PB08)_L2,L,cb_intrinsic,11
80867,ER1_a,ER1_a_R,R,cb_intrinsic,524073,EPG,EPG(PB08)_L2,L,cb_intrinsic,11
61273,ER1_b,ER1_b_L,L,cb_intrinsic,524073,EPG,EPG(PB08)_L2,L,cb_intrinsic,11
52832,ER3m,ER3m_R,R,cb_intrinsic,524073,EPG,EPG(PB08)_L2,L,cb_intrinsic,11
46262,ER3d_b,ER3d_b_L,L,cb_intrinsic,524073,EPG,EPG(PB08)_L2,L,cb_intrinsic,11
44010,ER3w_b,ER3w_b_L,L,cb_intrinsic,524073,EPG,EPG(PB08)_L2,L,cb_intrinsic,11
37817,ER3d_e,ER3d_e_R,R,cb_intrinsic,524073,EPG,EPG(PB08)_L2,L,cb_intrinsic,11
36730,ER1_b,ER1_b_L,L,cb_intrinsic,524073,EPG,EPG(PB08)_L2,L,cb_intrinsic,11
28339,ER4d,ER4d_R,R,cb_intrinsic,524073,EPG,EPG(PB08)_L2,L,cb_intrinsic,11
26136,ER2_b,ER2_b_R,R,cb_intrinsic,524073,EPG,EPG(PB08)_L2,L,cb_intrinsic,11
25501,ER3w_b,ER3w_b_L,L,cb_intrinsic,524073,EPG,EPG(PB08)_L2,L,cb_intrinsic,11
25447,ER3w_c,ER3w_c_R,R,cb_intrinsic,524073,EPG,EPG(PB08)_L2,L,cb_intrinsic,11
23097,ER2_a,ER2_a_L,L,cb_intrinsic,524073,EPG,EPG(PB08)_L2,L,cb_intrinsic,11
21059,ER2_d,ER2_d_R,R,cb_intrinsic,524073,EPG,EPG(PB08)_L2,L,cb_intrinsic,11
18664,ER2_c,ER2_c_R,R,cb_intrinsic,524073,EPG,EPG(PB08)_L2,L,cb_intrinsic,11
529207,ER3p_a,ER3p_a_R,R,cb_intrinsic,519144,EPG,EPG(PB08)_L8,L,cb_intrinsic,11
523816,ER1_b,ER1_b_L,L,cb_intrinsic,519144,EPG,EPG(PB08)_L8,L,cb_intrinsic,11
518690,ER1_b,ER1_b_R,R,cb_intrinsic,519144,EPG,EPG(PB08)_L8,L,cb_intrinsic,11
517602,ER3p_a,ER3p_a_R,R,cb_intrinsic,519144,EPG,EPG(PB08)_L8,L,cb_intrinsic,11
515761,ER3p_a,ER3p_a_R,R,cb_intrinsic,519144,EPG,EPG(PB08)_L8,L,cb_intrinsic,11
513678,ER3w_b,ER3w_b_R,R,cb_intrinsic,519144,EPG,EPG(PB08)_L8,L,cb_intrinsic,11
53745,ER3p_a,ER3p_a_L,L,cb_intrinsic,519144,EPG,EPG(PB08)_L8,L,cb_intrinsic,11
48096,ER3p_a,ER3p_a_L,L,cb_intrinsic,519144,EPG,EPG(PB08)_L8,L,cb_intrinsic,11
40213,ER1_b,ER1_b_L,L,cb_intrinsic,519144,EPG,EPG(PB08)_L8,L,cb_intrinsic,11
39503,ER3p_a,ER3p_a_L,L,cb_intrinsic,519144,EPG,EPG(PB08)_L8,L,cb_intrinsic,11
37058,ER1_b,ER1_b_R,R,cb_intrinsic,519144,EPG,EPG(PB08)_L8,L,cb_intrinsic,11
26843,ER3w_b,ER3w_b_R,R,cb_intrinsic,519144,EPG,EPG(PB08)_L8,L,cb_intrinsic,11
25841,ER3w_b,ER3w_b_L,L,cb_intrinsic,519144,EPG,EPG(PB08)_L8,L,cb_intrinsic,11
25203,ER3w_c,ER3w_c_L,L,cb_intrinsic,519144,EPG,EPG(PB08)_L8,L,cb_intrinsic,11
24076,ER4d,ER4d_R,R,cb_intrinsic,519144,EPG,EPG(PB08)_L8,L,cb_intrinsic,11
21882,ER2_a,ER2_a_L,L,cb_intrinsic,519144,EPG,EPG(PB08)_L8,L,cb_intrinsic,11
19737,ER4d,ER4d_R,R,cb_intrinsic,519144,EPG,EPG(PB08)_L8,L,cb_intrinsic,11
17591,ER4d,ER4d_R,R,cb_intrinsic,519144,EPG,EPG(PB08)_L8,L,cb_intrinsic,11
80867,ER1_a,ER1_a_R,R,cb_intrinsic,512305,EPG,EPG(PB08)_R8,R,cb_intrinsic,11
72491,ER1_c,ER1_c_R,R,cb_intrinsic,512305,EPG,EPG(PB08)_R8,R,cb_intrinsic,11
54597,ER1_a,ER1_a_L,L,cb_intrinsic,512305,EPG,EPG(PB08)_R8,R,cb_intrinsic,11
50808,ER4d,ER4d_L,L,cb_intrinsic,512305,EPG,EPG(PB08)_R8,R,cb_intrinsic,11
49002,ER3p_a,ER3p_a_L,L,cb_intrinsic,512305,EPG,EPG(PB08)_R8,R,cb_intrinsic,11
44814,ER3m,ER3m_L,L,cb_intrinsic,512305,EPG,EPG(PB08)_R8,R,cb_intrinsic,11
38084,ER3m,ER3m_L,L,cb_intrinsic,512305,EPG,EPG(PB08)_R8,R,cb_intrinsic,11
26843,ER3w_b,ER3w_b_R,R,cb_intrinsic,512305,EPG,EPG(PB08)_R8,R,cb_intrinsic,11
25797,ER4d,ER4d_L,L,cb_intrinsic,512305,EPG,EPG(PB08)_R8,R,cb_intrinsic,11
25447,ER3w_c,ER3w_c_R,R,cb_intrinsic,512305,EPG,EPG(PB08)_R8,R,cb_intrinsic,11
25359,ER3p_a,ER3p_a_R,R,cb_intrinsic,512305,EPG,EPG(PB08)_R8,R,cb_intrinsic,11
24076,ER4d,ER4d_R,R,cb_intrinsic,512305,EPG,EPG(PB08)_R8,R,cb_intrinsic,11
20653,ER4d,ER4d_L,L,cb_intrinsic,512305,EPG,EPG(PB08)_R8,R,cb_intrinsic,11
20317,ER2_c,ER2_c_L,L,cb_intrinsic,512305,EPG,EPG(PB08)_R8,R,cb_intrinsic,11
514803,ER2_b,ER2_b_L,L,cb_intrinsic,513464,EPG,EPG(PB08)_R8,R,cb_intrinsic,11
512608,ER3d_b,ER3d_b_R,R,cb_intrinsic,513464,EPG,EPG(PB08)_R8,R,cb_intrinsic,11
80867,ER1_a,ER1_a_R,R,cb_intrinsic,513464,EPG,EPG(PB08)_R8,R,cb_intrinsic,11
61273,ER1_b,ER1_b_L,L,cb_intrinsic,513464,EPG,EPG(PB08)_R8,R,cb_intrinsic,11
46242,ER3w_a,ER3w_a_L,L,cb_intrinsic,513464,EPG,EPG(PB08)_R8,R,cb_intrinsic,11
36524,ER2_a,ER2_a_L,L,cb_intrinsic,513464,EPG,EPG(PB08)_R8,R,cb_intrinsic,11
35978,ER1_b,ER1_b_L,L,cb_intrinsic,513464,EPG,EPG(PB08)_R8,R,cb_intrinsic,11
34652,ER1_b,ER1_b_L,L,cb_intrinsic,513464,EPG,EPG(PB08)_R8,R,cb_intrinsic,11
32315,ER1_a,ER1_a_L,L,cb_intrinsic,513464,EPG,EPG(PB08)_R8,R,cb_intrinsic,11
26673,ER3w_b,ER3w_b_L,L,cb_intrinsic,513464,EPG,EPG(PB08)_R8,R,cb_intrinsic,11
25797,ER4d,ER4d_L,L,cb_intrinsic,513464,EPG,EPG(PB08)_R8,R,cb_intrinsic,11
25501,ER3w_b,ER3w_b_L,L,cb_intrinsic,513464,EPG,EPG(PB08)_R8,R,cb_intrinsic,11
25297,ER3w_a,ER3w_a_R,R,cb_intrinsic,513464,EPG,EPG(PB08)_R8,R,cb_intrinsic,11
23703,ER1_b,ER1_b_R,R,cb_intrinsic,513464,EPG,EPG(PB08)_R8,R,cb_intrinsic,11
21449,ER2_c,ER2_c_R,R,cb_intrinsic,513464,EPG,EPG(PB08)_R8,R,cb_intrinsic,11
20605,ER2_a,ER2_a_L,L,cb_intrinsic,513464,EPG,EPG(PB08)_R8,R,cb_intrinsic,11
18377,ER3w_b,ER3w_b_L,L,cb_intrinsic,513464,EPG,EPG(PB08)_R8,R,cb_intrinsic,11
17591,ER4d,ER4d_R,R,cb_intrinsic,513464,EPG,EPG(PB08)_R8,R,cb_intrinsic,11
16343,ER4d,ER4d_R,R,cb_intrinsic,513464,EPG,EPG(PB08)_R8,R,cb_intrinsic,11
524075,ER2_d,ER2_d_L,L,cb_intrinsic,19825,EPG,EPG(PB08)_R6,R,cb_intrinsic,11
523816,ER1_b,ER1_b_L,L,cb_intrinsic,19825,EPG,EPG(PB08)_R6,R,cb_intrinsic,11
517264,ER3w_a,ER3w_a_R,R,cb_intrinsic,19825,EPG,EPG(PB08)_R6,R,cb_intrinsic,11
513346,ER3w_b,ER3w_b_R,R,cb_intrinsic,19825,EPG,EPG(PB08)_R6,R,cb_intrinsic,11
54597,ER1_a,ER1_a_L,L,cb_intrinsic,19825,EPG,EPG(PB08)_R6,R,cb_intrinsic,11
53618,ER3p_b,ER3p_b_L,L,cb_intrinsic,19825,EPG,EPG(PB08)_R6,R,cb_intrinsic,11
49002,ER3p_a,ER3p_a_L,L,cb_intrinsic,19825,EPG,EPG(PB08)_R6,R,cb_intrinsic,11
46242,ER3w_a,ER3w_a_L,L,cb_intrinsic,19825,EPG,EPG(PB08)_R6,R,cb_intrinsic,11
43683,ER3w_a,ER3w_a_R,R,cb_intrinsic,19825,EPG,EPG(PB08)_R6,R,cb_intrinsic,11
38268,ER1_b,ER1_b_R,R,cb_intrinsic,19825,EPG,EPG(PB08)_R6,R,cb_intrinsic,11
31735,ER1_a,ER1_a_L,L,cb_intrinsic,19825,EPG,EPG(PB08)_R6,R,cb_intrinsic,11
25297,ER3w_a,ER3w_a_R,R,cb_intrinsic,19825,EPG,EPG(PB08)_R6,R,cb_intrinsic,11
20590,ER2_a,ER2_a_R,R,cb_intrinsic,19825,EPG,EPG(PB08)_R6,R,cb_intrinsic,11
20559,ER2_a,ER2_a_L,L,cb_intrinsic,19825,EPG,EPG(PB08)_R6,R,cb_intrinsic,11
19807,ER2_c,ER2_c_L,L,cb_intrinsic,19825,EPG,EPG(PB08)_R6,R,cb_intrinsic,11
18508,ER2_c,ER2_c_L,L,cb_intrinsic,19825,EPG,EPG(PB08)_R6,R,cb_intrinsic,11
16818,ER4d,ER4d_R,R,cb_intrinsic,19825,EPG,EPG(PB08)_R6,R,cb_intrinsic,11
13999,ER3w_c,ER3w_c_R,R,cb_intrinsic,19825,EPG,EPG(PB08)_R6,R,cb_intrinsic,11
523788,ER3w_a,ER3w_a_R,R,cb_intrinsic,11307,EPG,EPG(PB08)_L4,L,cb_intrinsic,11
513678,ER3w_b,ER3w_b_R,R,cb_intrinsic,11307,EPG,EPG(PB08)_L4,L,cb_intrinsic,11
46089,ER3p_a,ER3p_a_L,L,cb_intrinsic,11307,EPG,EPG(PB08)_L4,L,cb_intrinsic,11
25203,ER3w_c,ER3w_c_L,L,cb_intrinsic,11307,EPG,EPG(PB08)_L4,L,cb_intrinsic,11
24549,ER3w_c,ER3w_c_L,L,cb_intrinsic,11307,EPG,EPG(PB08)_L4,L,cb_intrinsic,11
23097,ER2_a,ER2_a_L,L,cb_intrinsic,11307,EPG,EPG(PB08)_L4,L,cb_intrinsic,11
21752,ER2_c,ER2_c_L,L,cb_intrinsic,11307,EPG,EPG(PB08)_L4,L,cb_intrinsic,11
20605,ER2_a,ER2_a_L,L,cb_intrinsic,11307,EPG,EPG(PB08)_L4,L,cb_intrinsic,11
16598,ER3w_b,ER3w_b_R,R,cb_intrinsic,11307,EPG,EPG(PB08)_L4,L,cb_intrinsic,11
13999,ER3w_c,ER3w_c_R,R,cb_intrinsic,11307,EPG,EPG(PB08)_L4,L,cb_intrinsic,11
523816,ER1_b,ER1_b_L,L,cb_intrinsic,11503,EPG,EPG(PB08)_R8,R,cb_intrinsic,11
49002,ER3p_a,ER3p_a_L,L,cb_intrinsic,11503,EPG,EPG(PB08)_R8,R,cb_intrinsic,11
46262,ER3d_b,ER3d_b_L,L,cb_intrinsic,11503,EPG,EPG(PB08)_R8,R,cb_intrinsic,11
37105,ER1_b,ER1_b_L,L,cb_intrinsic,11503,EPG,EPG(PB08)_R8,R,cb_intrinsic,11
30371,ER1_a,ER1_a_R,R,cb_intrinsic,11503,EPG,EPG(PB08)_R8,R,cb_intrinsic,11
27043,ER3w_c,ER3w_c_R,R,cb_intrinsic,11503,EPG,EPG(PB08)_R8,R,cb_intrinsic,11
24122,ER4d,ER4d_R,R,cb_intrinsic,11503,EPG,EPG(PB08)_R8,R,cb_intrinsic,11
24076,ER4d,ER4d_R,R,cb_intrinsic,11503,EPG,EPG(PB08)_R8,R,cb_intrinsic,11
23520,ER4d,ER4d_L,L,cb_intrinsic,11503,EPG,EPG(PB08)_R8,R,cb_intrinsic,11
20653,ER4d,ER4d_L,L,cb_intrinsic,11503,EPG,EPG(PB08)_R8,R,cb_intrinsic,11
19791,ER4d,ER4d_L,L,cb_intrinsic,11503,EPG,EPG(PB08)_R8,R,cb_intrinsic,11
19410,ER4d,ER4d_L,L,cb_intrinsic,11503,EPG,EPG(PB08)_R8,R,cb_intrinsic,11
18377,ER3w_b,ER3w_b_L,L,cb_intrinsic,11503,EPG,EPG(PB08)_R8,R,cb_intrinsic,11
13094,ER4d,ER4d_R,R,cb_intrinsic,11503,EPG,EPG(PB08)_R8,R,cb_intrinsic,11
527297,ER5,ER5_R,R,cb_intrinsic,84758,EPG,EPG(PB08)_L7,L,cb_intrinsic,11
80867,ER1_a,ER1_a_R,R,cb_intrinsic,84758,EPG,EPG(PB08)_L7,L,cb_intrinsic,11
53618,ER3p_b,ER3p_b_L,L,cb_intrinsic,84758,EPG,EPG(PB08)_L7,L,cb_intrinsic,11
48318,ER3d_c,ER3d_c_L,L,cb_intrinsic,84758,EPG,EPG(PB08)_L7,L,cb_intrinsic,11
44830,ER3d_e,ER3d_e_R,R,cb_intrinsic,84758,EPG,EPG(PB08)_L7,L,cb_intrinsic,11
38268,ER1_b,ER1_b_R,R,cb_intrinsic,84758,EPG,EPG(PB08)_L7,L,cb_intrinsic,11
36524,ER2_a,ER2_a_L,L,cb_intrinsic,84758,EPG,EPG(PB08)_L7,L,cb_intrinsic,11
18377,ER3w_b,ER3w_b_L,L,cb_intrinsic,84758,EPG,EPG(PB08)_L7,L,cb_intrinsic,11
515761,ER3p_a,ER3p_a_R,R,cb_intrinsic,520812,EPG,EPG(PB08)_R8,R,cb_intrinsic,11
511857,ER1_c,ER1_c_L,L,cb_intrinsic,520812,EPG,EPG(PB08)_R8,R,cb_intrinsic,11
48096,ER3p_a,ER3p_a_L,L,cb_intrinsic,520812,EPG,EPG(PB08)_R8,R,cb_intrinsic,11
36730,ER1_b,ER1_b_L,L,cb_intrinsic,520812,EPG,EPG(PB08)_R8,R,cb_intrinsic,11
36524,ER2_a,ER2_a_L,L,cb_intrinsic,520812,EPG,EPG(PB08)_R8,R,cb_intrinsic,11
34607,ER4d,ER4d_L,L,cb_intrinsic,520812,EPG,EPG(PB08)_R8,R,cb_intrinsic,11
30206,ER5,ER5_R,R,cb_intrinsic,520812,EPG,EPG(PB08)_R8,R,cb_intrinsic,11
26295,ER3m,ER3m_R,R,cb_intrinsic,520812,EPG,EPG(PB08)_R8,R,cb_intrinsic,11
25447,ER3w_c,ER3w_c_R,R,cb_intrinsic,520812,EPG,EPG(PB08)_R8,R,cb_intrinsic,11
24122,ER4d,ER4d_R,R,cb_intrinsic,520812,EPG,EPG(PB08)_R8,R,cb_intrinsic,11
24093,ER3w_a,ER3w_a_R,R,cb_intrinsic,520812,EPG,EPG(PB08)_R8,R,cb_intrinsic,11
24076,ER4d,ER4d_R,R,cb_intrinsic,520812,EPG,EPG(PB08)_R8,R,cb_intrinsic,11
20945,ER2_c,ER2_c_R,R,cb_intrinsic,520812,EPG,EPG(PB08)_R8,R,cb_intrinsic,11
20590,ER2_a,ER2_a_R,R,cb_intrinsic,520812,EPG,EPG(PB08)_R8,R,cb_intrinsic,11
19917,ER2_c,ER2_c_R,R,cb_intrinsic,520812,EPG,EPG(PB08)_R8,R,cb_intrinsic,11
19410,ER4d,ER4d_L,L,cb_intrinsic,520812,EPG,EPG(PB08)_R8,R,cb_intrinsic,11
19323,ER4d,ER4d_R,R,cb_intrinsic,520812,EPG,EPG(PB08)_R8,R,cb_intrinsic,11
13999,ER3w_c,ER3w_c_R,R,cb_intrinsic,520812,EPG,EPG(PB08)_R8,R,cb_intrinsic,11
67174,ER1_a,ER1_a_R,R,cb_intrinsic,513284,EPG,EPG(PB08)_R3,R,cb_intrinsic,11
53618,ER3p_b,ER3p_b_L,L,cb_intrinsic,513284,EPG,EPG(PB08)_R3,R,cb_intrinsic,11
36730,ER1_b,ER1_b_L,L,cb_intrinsic,513284,EPG,EPG(PB08)_R3,R,cb_intrinsic,11
22461,ER4d,ER4d_R,R,cb_intrinsic,513284,EPG,EPG(PB08)_R3,R,cb_intrinsic,11
20653,ER4d,ER4d_L,L,cb_intrinsic,513284,EPG,EPG(PB08)_R3,R,cb_intrinsic,11
518690,ER1_b,ER1_b_R,R,cb_intrinsic,556346,EPG,EPG(PB08)_L6,L,cb_intrinsic,11
517602,ER3p_a,ER3p_a_R,R,cb_intrinsic,556346,EPG,EPG(PB08)_L6,L,cb_intrinsic,11
514803,ER2_b,ER2_b_L,L,cb_intrinsic,556346,EPG,EPG(PB08)_L6,L,cb_intrinsic,11
80867,ER1_a,ER1_a_R,R,cb_intrinsic,556346,EPG,EPG(PB08)_L6,L,cb_intrinsic,11
61273,ER1_b,ER1_b_L,L,cb_intrinsic,556346,EPG,EPG(PB08)_L6,L,cb_intrinsic,11
50808,ER4d,ER4d_L,L,cb_intrinsic,556346,EPG,EPG(PB08)_L6,L,cb_intrinsic,11
34652,ER1_b,ER1_b_L,L,cb_intrinsic,556346,EPG,EPG(PB08)_L6,L,cb_intrinsic,11
28339,ER4d,ER4d_R,R,cb_intrinsic,556346,EPG,EPG(PB08)_L6,L,cb_intrinsic,11
25841,ER3w_b,ER3w_b_L,L,cb_intrinsic,556346,EPG,EPG(PB08)_L6,L,cb_intrinsic,11
25501,ER3w_b,ER3w_b_L,L,cb_intrinsic,556346,EPG,EPG(PB08)_L6,L,cb_intrinsic,11
24549,ER3w_c,ER3w_c_L,L,cb_intrinsic,556346,EPG,EPG(PB08)_L6,L,cb_intrinsic,11
24122,ER4d,ER4d_R,R,cb_intrinsic,556346,EPG,EPG(PB08)_L6,L,cb_intrinsic,11
24076,ER4d,ER4d_R,R,cb_intrinsic,556346,EPG,EPG(PB08)_L6,L,cb_intrinsic,11
21645,ER2_a,ER2_a_L,L,cb_intrinsic,556346,EPG,EPG(PB08)_L6,L,cb_intrinsic,11
21179,ER2_a,ER2_a_R,R,cb_intrinsic,556346,EPG,EPG(PB08)_L6,L,cb_intrinsic,11
19917,ER2_c,ER2_c_R,R,cb_intrinsic,556346,EPG,EPG(PB08)_L6,L,cb_intrinsic,11
18058,ER2_b,ER2_b_L,L,cb_intrinsic,556346,EPG,EPG(PB08)_L6,L,cb_intrinsic,11
16818,ER4d,ER4d_R,R,cb_intrinsic,556346,EPG,EPG(PB08)_L6,L,cb_intrinsic,11
13999,ER3w_c,ER3w_c_R,R,cb_intrinsic,556346,EPG,EPG(PB08)_L6,L,cb_intrinsic,11
54597,ER1_a,ER1_a_L,L,cb_intrinsic,523786,EPG,EPG(PB08)_R4,R,cb_intrinsic,11
52832,ER3m,ER3m_R,R,cb_intrinsic,523786,EPG,EPG(PB08)_R4,R,cb_intrinsic,11
43683,ER3w_a,ER3w_a_R,R,cb_intrinsic,523786,EPG,EPG(PB08)_R4,R,cb_intrinsic,11
39503,ER3p_a,ER3p_a_L,L,cb_intrinsic,523786,EPG,EPG(PB08)_R4,R,cb_intrinsic,11
36384,ER1_b,ER1_b_R,R,cb_intrinsic,523786,EPG,EPG(PB08)_R4,R,cb_intrinsic,11
27806,ER3p_a,ER3p_a_R,R,cb_intrinsic,523786,EPG,EPG(PB08)_R4,R,cb_intrinsic,11
26136,ER2_b,ER2_b_R,R,cb_intrinsic,523786,EPG,EPG(PB08)_R4,R,cb_intrinsic,11
24122,ER4d,ER4d_R,R,cb_intrinsic,523786,EPG,EPG(PB08)_R4,R,cb_intrinsic,11
23874,ER4d,ER4d_R,R,cb_intrinsic,523786,EPG,EPG(PB08)_R4,R,cb_intrinsic,11
23520,ER4d,ER4d_L,L,cb_intrinsic,523786,EPG,EPG(PB08)_R4,R,cb_intrinsic,11
20945,ER2_c,ER2_c_R,R,cb_intrinsic,523786,EPG,EPG(PB08)_R4,R,cb_intrinsic,11
19410,ER4d,ER4d_L,L,cb_intrinsic,523786,EPG,EPG(PB08)_R4,R,cb_intrinsic,11
517059,ER2_a,ER2_a_L,L,cb_intrinsic,11987,EPG,EPG(PB08)_R5,R,cb_intrinsic,11
514042,ER2_b,ER2_b_L,L,cb_intrinsic,11987,EPG,EPG(PB08)_R5,R,cb_intrinsic,11
43212,ER3d_a,ER3d_a_L,L,cb_intrinsic,11987,EPG,EPG(PB08)_R5,R,cb_intrinsic,11
28339,ER4d,ER4d_R,R,cb_intrinsic,11987,EPG,EPG(PB08)_R5,R,cb_intrinsic,11
27806,ER3p_a,ER3p_a_R,R,cb_intrinsic,11987,EPG,EPG(PB08)_R5,R,cb_intrinsic,11
26136,ER2_b,ER2_b_R,R,cb_intrinsic,11987,EPG,EPG(PB08)_R5,R,cb_intrinsic,11
25359,ER3p_a,ER3p_a_R,R,cb_intrinsic,11987,EPG,EPG(PB08)_R5,R,cb_intrinsic,11
24549,ER3w_c,ER3w_c_L,L,cb_intrinsic,11987,EPG,EPG(PB08)_R5,R,cb_intrinsic,11
20678,ER2_d,ER2_d_R,R,cb_intrinsic,11987,EPG,EPG(PB08)_R5,R,cb_intrinsic,11
20559,ER2_a,ER2_a_L,L,cb_intrinsic,11987,EPG,EPG(PB08)_R5,R,cb_intrinsic,11
19791,ER4d,ER4d_L,L,cb_intrinsic,11987,EPG,EPG(PB08)_R5,R,cb_intrinsic,11
19355,ER2_c,ER2_c_R,R,cb_intrinsic,11987,EPG,EPG(PB08)_R5,R,cb_intrinsic,11
18058,ER2_b,ER2_b_L,L,cb_intrinsic,11987,EPG,EPG(PB08)_R5,R,cb_intrinsic,11
512607,ER3p_a,ER3p_a_R,R,cb_intrinsic,513033,EPG,EPG(PB08)_L8,L,cb_intrinsic,11
67174,ER1_a,ER1_a_R,R,cb_intrinsic,513033,EPG,EPG(PB08)_L8,L,cb_intrinsic,11
47271,ER3p_a,ER3p_a_L,L,cb_intrinsic,513033,EPG,EPG(PB08)_L8,L,cb_intrinsic,11
39095,ER1_a,ER1_a_L,L,cb_intrinsic,513033,EPG,EPG(PB08)_L8,L,cb_intrinsic,11
38306,ER3d_a,ER3d_a_L,L,cb_intrinsic,513033,EPG,EPG(PB08)_L8,L,cb_intrinsic,11
27269,ER3d_c,ER3d_c_L,L,cb_intrinsic,513033,EPG,EPG(PB08)_L8,L,cb_intrinsic,11
22461,ER4d,ER4d_R,R,cb_intrinsic,513033,EPG,EPG(PB08)_L8,L,cb_intrinsic,11
20404,ER4d,ER4d_L,L,cb_intrinsic,513033,EPG,EPG(PB08)_L8,L,cb_intrinsic,11
19410,ER4d,ER4d_L,L,cb_intrinsic,513033,EPG,EPG(PB08)_L8,L,cb_intrinsic,11
518690,ER1_b,ER1_b_R,R,cb_intrinsic,19125,EPG,EPG(PB08)_R5,R,cb_intrinsic,11
50888,ER2_c,ER2_c_L,L,cb_intrinsic,19125,EPG,EPG(PB08)_R5,R,cb_intrinsic,11
46341,ER3w_b,ER3w_b_L,L,cb_intrinsic,19125,EPG,EPG(PB08)_R5,R,cb_intrinsic,11
45839,ER3d_b,ER3d_b_L,L,cb_intrinsic,19125,EPG,EPG(PB08)_R5,R,cb_intrinsic,11
40213,ER1_b,ER1_b_L,L,cb_intrinsic,19125,EPG,EPG(PB08)_R5,R,cb_intrinsic,11
37105,ER1_b,ER1_b_L,L,cb_intrinsic,19125,EPG,EPG(PB08)_R5,R,cb_intrinsic,11
28701,ER3d_b,ER3d_b_R,R,cb_intrinsic,19125,EPG,EPG(PB08)_R5,R,cb_intrinsic,11
26843,ER3w_b,ER3w_b_R,R,cb_intrinsic,19125,EPG,EPG(PB08)_R5,R,cb_intrinsic,11
26798,ER1_a,ER1_a_L,L,cb_intrinsic,19125,EPG,EPG(PB08)_R5,R,cb_intrinsic,11
25841,ER3w_b,ER3w_b_L,L,cb_intrinsic,19125,EPG,EPG(PB08)_R5,R,cb_intrinsic,11
25797,ER4d,ER4d_L,L,cb_intrinsic,19125,EPG,EPG(PB08)_R5,R,cb_intrinsic,11
23874,ER4d,ER4d_R,R,cb_intrinsic,19125,EPG,EPG(PB08)_R5,R,cb_intrinsic,11
20980,ER4d,ER4d_R,R,cb_intrinsic,19125,EPG,EPG(PB08)_R5,R,cb_intrinsic,11
19323,ER4d,ER4d_R,R,cb_intrinsic,19125,EPG,EPG(PB08)_R5,R,cb_intrinsic,11
517602,ER3p_a,ER3p_a_R,R,cb_intrinsic,131313,EPG,EPG(PB08)_R6,R,cb_intrinsic,11
48096,ER3p_a,ER3p_a_L,L,cb_intrinsic,131313,EPG,EPG(PB08)_R6,R,cb_intrinsic,11
35978,ER1_b,ER1_b_L,L,cb_intrinsic,131313,EPG,EPG(PB08)_R6,R,cb_intrinsic,11
34652,ER1_b,ER1_b_L,L,cb_intrinsic,131313,EPG,EPG(PB08)_R6,R,cb_intrinsic,11
30371,ER1_a,ER1_a_R,R,cb_intrinsic,131313,EPG,EPG(PB08)_R6,R,cb_intrinsic,11
27806,ER3p_a,ER3p_a_R,R,cb_intrinsic,131313,EPG,EPG(PB08)_R6,R,cb_intrinsic,11
26798,ER1_a,ER1_a_L,L,cb_intrinsic,131313,EPG,EPG(PB08)_R6,R,cb_intrinsic,11
23097,ER2_a,ER2_a_L,L,cb_intrinsic,131313,EPG,EPG(PB08)_R6,R,cb_intrinsic,11
19807,ER2_c,ER2_c_L,L,cb_intrinsic,131313,EPG,EPG(PB08)_R6,R,cb_intrinsic,11
18733,ER2_c,ER2_c_L,L,cb_intrinsic,131313,EPG,EPG(PB08)_R6,R,cb_intrinsic,11
527653,ER4d,ER4d_L,L,cb_intrinsic,513517,EPG,EPG(PB08)_L4,L,cb_intrinsic,11
514803,ER2_b,ER2_b_L,L,cb_intrinsic,513517,EPG,EPG(PB08)_L4,L,cb_intrinsic,11
512606,ER3w_c,ER3w_c_L,L,cb_intrinsic,513517,EPG,EPG(PB08)_L4,L,cb_intrinsic,11
49869,ER3p_b,ER3p_b_R,R,cb_intrinsic,513517,EPG,EPG(PB08)_L4,L,cb_intrinsic,11
49002,ER3p_a,ER3p_a_L,L,cb_intrinsic,513517,EPG,EPG(PB08)_L4,L,cb_intrinsic,11
43683,ER3w_a,ER3w_a_R,R,cb_intrinsic,513517,EPG,EPG(PB08)_L4,L,cb_intrinsic,11
38084,ER3m,ER3m_L,L,cb_intrinsic,513517,EPG,EPG(PB08)_L4,L,cb_intrinsic,11
36384,ER1_b,ER1_b_R,R,cb_intrinsic,513517,EPG,EPG(PB08)_L4,L,cb_intrinsic,11
34607,ER4d,ER4d_L,L,cb_intrinsic,513517,EPG,EPG(PB08)_L4,L,cb_intrinsic,11
31735,ER1_a,ER1_a_L,L,cb_intrinsic,513517,EPG,EPG(PB08)_L4,L,cb_intrinsic,11
25203,ER3w_c,ER3w_c_L,L,cb_intrinsic,513517,EPG,EPG(PB08)_L4,L,cb_intrinsic,11
24459,ER4d,ER4d_L,L,cb_intrinsic,513517,EPG,EPG(PB08)_L4,L,cb_intrinsic,11
23703,ER1_b,ER1_b_R,R,cb_intrinsic,513517,EPG,EPG(PB08)_L4,L,cb_intrinsic,11
21059,ER2_d,ER2_d_R,R,cb_intrinsic,513517,EPG,EPG(PB08)_L4,L,cb_intrinsic,11
17591,ER4d,ER4d_R,R,cb_intrinsic,513517,EPG,EPG(PB08)_L4,L,cb_intrinsic,11
13999,ER3w_c,ER3w_c_R,R,cb_intrinsic,513517,EPG,EPG(PB08)_L4,L,cb_intrinsic,11
12357,ER2_c,ER2_c_L,L,cb_intrinsic,513517,EPG,EPG(PB08)_L4,L,cb_intrinsic,11
522745,ER2_c,ER2_c_L,L,cb_intrinsic,556347,EPG,EPG(PB08)_R4,R,cb_intrinsic,11
39095,ER1_a,ER1_a_L,L,cb_intrinsic,556347,EPG,EPG(PB08)_R4,R,cb_intrinsic,11
37758,ER3d_a,ER3d_a_R,R,cb_intrinsic,556347,EPG,EPG(PB08)_R4,R,cb_intrinsic,11
27043,ER3w_c,ER3w_c_R,R,cb_intrinsic,556347,EPG,EPG(PB08)_R4,R,cb_intrinsic,11
26136,ER2_b,ER2_b_R,R,cb_intrinsic,556347,EPG,EPG(PB08)_R4,R,cb_intrinsic,11
20664,ER2_a,ER2_a_R,R,cb_intrinsic,556347,EPG,EPG(PB08)_R4,R,cb_intrinsic,11
20253,ER2_a,ER2_a_R,R,cb_intrinsic,556347,EPG,EPG(PB08)_R4,R,cb_intrinsic,11
19323,ER4d,ER4d_R,R,cb_intrinsic,556347,EPG,EPG(PB08)_R4,R,cb_intrinsic,11
18058,ER2_b,ER2_b_L,L,cb_intrinsic,556347,EPG,EPG(PB08)_R4,R,cb_intrinsic,11
15444,ER2_d,ER2_d_L,L,cb_intrinsic,556347,EPG,EPG(PB08)_R4,R,cb_intrinsic,11
529207,ER3p_a,ER3p_a_R,R,cb_intrinsic,521409,EPG,EPG(PB08)_L8,L,cb_intrinsic,11
514042,ER2_b,ER2_b_L,L,cb_intrinsic,521409,EPG,EPG(PB08)_L8,L,cb_intrinsic,11
59337,ER3w_b,ER3w_b_L,L,cb_intrinsic,521409,EPG,EPG(PB08)_L8,L,cb_intrinsic,11
50808,ER4d,ER4d_L,L,cb_intrinsic,521409,EPG,EPG(PB08)_L8,L,cb_intrinsic,11
48096,ER3p_a,ER3p_a_L,L,cb_intrinsic,521409,EPG,EPG(PB08)_L8,L,cb_intrinsic,11
45134,ER3p_b,ER3p_b_L,L,cb_intrinsic,521409,EPG,EPG(PB08)_L8,L,cb_intrinsic,11
39798,ER5,ER5_L,L,cb_intrinsic,521409,EPG,EPG(PB08)_L8,L,cb_intrinsic,11
27770,ER3w_b,ER3w_b_R,R,cb_intrinsic,521409,EPG,EPG(PB08)_L8,L,cb_intrinsic,11
25297,ER3w_a,ER3w_a_R,R,cb_intrinsic,521409,EPG,EPG(PB08)_L8,L,cb_intrinsic,11
24549,ER3w_c,ER3w_c_L,L,cb_intrinsic,521409,EPG,EPG(PB08)_L8,L,cb_intrinsic,11
19410,ER4d,ER4d_L,L,cb_intrinsic,521409,EPG,EPG(PB08)_L8,L,cb_intrinsic,11
11933,ER2_c,ER2_c_R,R,cb_intrinsic,521409,EPG,EPG(PB08)_L8,L,cb_intrinsic,11
522806,ER3d_c,ER3d_c_R,R,cb_intrinsic,513463,EPG,EPG(PB08)_R2,R,cb_intrinsic,11
517264,ER3w_a,ER3w_a_R,R,cb_intrinsic,513463,EPG,EPG(PB08)_R2,R,cb_intrinsic,11
513346,ER3w_b,ER3w_b_R,R,cb_intrinsic,513463,EPG,EPG(PB08)_R2,R,cb_intrinsic,11
512606,ER3w_c,ER3w_c_L,L,cb_intrinsic,513463,EPG,EPG(PB08)_R2,R,cb_intrinsic,11
53745,ER3p_a,ER3p_a_L,L,cb_intrinsic,513463,EPG,EPG(PB08)_R2,R,cb_intrinsic,11
50007,ER3p_a,ER3p_a_L,L,cb_intrinsic,513463,EPG,EPG(PB08)_R2,R,cb_intrinsic,11
47036,ER3d_a,ER3d_a_R,R,cb_intrinsic,513463,EPG,EPG(PB08)_R2,R,cb_intrinsic,11
27850,ER3w_b,ER3w_b_R,R,cb_intrinsic,513463,EPG,EPG(PB08)_R2,R,cb_intrinsic,11
25841,ER3w_b,ER3w_b_L,L,cb_intrinsic,513463,EPG,EPG(PB08)_R2,R,cb_intrinsic,11
25797,ER4d,ER4d_L,L,cb_intrinsic,513463,EPG,EPG(PB08)_R2,R,cb_intrinsic,11
25501,ER3w_b,ER3w_b_L,L,cb_intrinsic,513463,EPG,EPG(PB08)_R2,R,cb_intrinsic,11
25359,ER3p_a,ER3p_a_R,R,cb_intrinsic,513463,EPG,EPG(PB08)_R2,R,cb_intrinsic,11
23520,ER4d,ER4d_L,L,cb_intrinsic,513463,EPG,EPG(PB08)_R2,R,cb_intrinsic,11
20559,ER2_a,ER2_a_L,L,cb_intrinsic,513463,EPG,EPG(PB08)_R2,R,cb_intrinsic,11
19791,ER4d,ER4d_L,L,cb_intrinsic,513463,EPG,EPG(PB08)_R2,R,cb_intrinsic,11
16598,ER3w_b,ER3w_b_R,R,cb_intrinsic,513463,EPG,EPG(PB08)_R2,R,cb_intrinsic,11
16343,ER4d,ER4d_R,R,cb_intrinsic,513463,EPG,EPG(PB08)_R2,R,cb_intrinsic,11
514803,ER2_b,ER2_b_L,L,cb_intrinsic,520818,EPG,EPG(PB08)_L4,L,cb_intrinsic,11
513346,ER3w_b,ER3w_b_R,R,cb_intrinsic,520818,EPG,EPG(PB08)_L4,L,cb_intrinsic,11
61273,ER1_b,ER1_b_L,L,cb_intrinsic,520818,EPG,EPG(PB08)_L4,L,cb_intrinsic,11
50808,ER4d,ER4d_L,L,cb_intrinsic,520818,EPG,EPG(PB08)_L4,L,cb_intrinsic,11
39503,ER3p_a,ER3p_a_L,L,cb_intrinsic,520818,EPG,EPG(PB08)_L4,L,cb_intrinsic,11
38306,ER3d_a,ER3d_a_L,L,cb_intrinsic,520818,EPG,EPG(PB08)_L4,L,cb_intrinsic,11
37105,ER1_b,ER1_b_L,L,cb_intrinsic,520818,EPG,EPG(PB08)_L4,L,cb_intrinsic,11
32315,ER1_a,ER1_a_L,L,cb_intrinsic,520818,EPG,EPG(PB08)_L4,L,cb_intrinsic,11
29545,ER3w_b,ER3w_b_R,R,cb_intrinsic,520818,EPG,EPG(PB08)_L4,L,cb_intrinsic,11
25297,ER3w_a,ER3w_a_R,R,cb_intrinsic,520818,EPG,EPG(PB08)_L4,L,cb_intrinsic,11
24879,ER4d,ER4d_L,L,cb_intrinsic,520818,EPG,EPG(PB08)_L4,L,cb_intrinsic,11
23080,ER4d,ER4d_R,R,cb_intrinsic,520818,EPG,EPG(PB08)_L4,L,cb_intrinsic,11
20980,ER4d,ER4d_R,R,cb_intrinsic,520818,EPG,EPG(PB08)_L4,L,cb_intrinsic,11
20678,ER2_d,ER2_d_R,R,cb_intrinsic,520818,EPG,EPG(PB08)_L4,L,cb_intrinsic,11
19569,ER2_c,ER2_c_R,R,cb_intrinsic,520818,EPG,EPG(PB08)_L4,L,cb_intrinsic,11
18664,ER2_c,ER2_c_R,R,cb_intrinsic,520818,EPG,EPG(PB08)_L4,L,cb_intrinsic,11
13999,ER3w_c,ER3w_c_R,R,cb_intrinsic,520818,EPG,EPG(PB08)_L4,L,cb_intrinsic,11
522745,ER2_c,ER2_c_L,L,cb_intrinsic,12449,EPG,EPG(PB08)_L5,L,cb_intrinsic,11
50888,ER2_c,ER2_c_L,L,cb_intrinsic,12449,EPG,EPG(PB08)_L5,L,cb_intrinsic,11
40213,ER1_b,ER1_b_L,L,cb_intrinsic,12449,EPG,EPG(PB08)_L5,L,cb_intrinsic,11
36524,ER2_a,ER2_a_L,L,cb_intrinsic,12449,EPG,EPG(PB08)_L5,L,cb_intrinsic,11
36235,ER1_c,ER1_c_L,L,cb_intrinsic,12449,EPG,EPG(PB08)_L5,L,cb_intrinsic,11
24122,ER4d,ER4d_R,R,cb_intrinsic,12449,EPG,EPG(PB08)_L5,L,cb_intrinsic,11
23315,ER4d,ER4d_L,L,cb_intrinsic,12449,EPG,EPG(PB08)_L5,L,cb_intrinsic,11
21752,ER2_c,ER2_c_L,L,cb_intrinsic,12449,EPG,EPG(PB08)_L5,L,cb_intrinsic,11
21277,ER2_a,ER2_a_R,R,cb_intrinsic,12449,EPG,EPG(PB08)_L5,L,cb_intrinsic,11
20653,ER4d,ER4d_L,L,cb_intrinsic,12449,EPG,EPG(PB08)_L5,L,cb_intrinsic,11
19807,ER2_c,ER2_c_L,L,cb_intrinsic,12449,EPG,EPG(PB08)_L5,L,cb_intrinsic,11
15444,ER2_d,ER2_d_L,L,cb_intrinsic,12449,EPG,EPG(PB08)_L5,L,cb_intrinsic,11
12357,ER2_c,ER2_c_L,L,cb_intrinsic,12449,EPG,EPG(PB08)_L5,L,cb_intrinsic,11
523788,ER3w_a,ER3w_a_R,R,cb_intrinsic,10539,EPG,EPG(PB08)_R2,R,cb_intrinsic,11
50694,ER3w_b,ER3w_b_L,L,cb_intrinsic,10539,EPG,EPG(PB08)_R2,R,cb_intrinsic,11
48291,ER3w_b,ER3w_b_L,L,cb_intrinsic,10539,EPG,EPG(PB08)_R2,R,cb_intrinsic,11
47271,ER3p_a,ER3p_a_L,L,cb_intrinsic,10539,EPG,EPG(PB08)_R2,R,cb_intrinsic,11
45134,ER3p_b,ER3p_b_L,L,cb_intrinsic,10539,EPG,EPG(PB08)_R2,R,cb_intrinsic,11
39095,ER1_a,ER1_a_L,L,cb_intrinsic,10539,EPG,EPG(PB08)_R2,R,cb_intrinsic,11
37058,ER1_b,ER1_b_R,R,cb_intrinsic,10539,EPG,EPG(PB08)_R2,R,cb_intrinsic,11
34607,ER4d,ER4d_L,L,cb_intrinsic,10539,EPG,EPG(PB08)_R2,R,cb_intrinsic,11
30674,ER3d_b,ER3d_b_R,R,cb_intrinsic,10539,EPG,EPG(PB08)_R2,R,cb_intrinsic,11
26843,ER3w_b,ER3w_b_R,R,cb_intrinsic,10539,EPG,EPG(PB08)_R2,R,cb_intrinsic,11
25297,ER3w_a,ER3w_a_R,R,cb_intrinsic,10539,EPG,EPG(PB08)_R2,R,cb_intrinsic,11
20664,ER2_a,ER2_a_R,R,cb_intrinsic,10539,EPG,EPG(PB08)_R2,R,cb_intrinsic,11
18377,ER3w_b,ER3w_b_L,L,cb_intrinsic,10539,EPG,EPG(PB08)_R2,R,cb_intrinsic,11
18058,ER2_b,ER2_b_L,L,cb_intrinsic,10539,EPG,EPG(PB08)_R2,R,cb_intrinsic,11
529847,ER3m,ER3m_L,L,cb_intrinsic,14727,EPG,EPG(PB08)_L7,L,cb_intrinsic,11
529207,ER3p_a,ER3p_a_R,R,cb_intrinsic,14727,EPG,EPG(PB08)_L7,L,cb_intrinsic,11
518690,ER1_b,ER1_b_R,R,cb_intrinsic,14727,EPG,EPG(PB08)_L7,L,cb_intrinsic,11
515761,ER3p_a,ER3p_a_R,R,cb_intrinsic,14727,EPG,EPG(PB08)_L7,L,cb_intrinsic,11
514803,ER2_b,ER2_b_L,L,cb_intrinsic,14727,EPG,EPG(PB08)_L7,L,cb_intrinsic,11
513346,ER3w_b,ER3w_b_R,R,cb_intrinsic,14727,EPG,EPG(PB08)_L7,L,cb_intrinsic,11
61273,ER1_b,ER1_b_L,L,cb_intrinsic,14727,EPG,EPG(PB08)_L7,L,cb_intrinsic,11
50007,ER3p_a,ER3p_a_L,L,cb_intrinsic,14727,EPG,EPG(PB08)_L7,L,cb_intrinsic,11
46242,ER3w_a,ER3w_a_L,L,cb_intrinsic,14727,EPG,EPG(PB08)_L7,L,cb_intrinsic,11
37105,ER1_b,ER1_b_L,L,cb_intrinsic,14727,EPG,EPG(PB08)_L7,L,cb_intrinsic,11
31735,ER1_a,ER1_a_L,L,cb_intrinsic,14727,EPG,EPG(PB08)_L7,L,cb_intrinsic,11
31088,ER3p_a,ER3p_a_R,R,cb_intrinsic,14727,EPG,EPG(PB08)_L7,L,cb_intrinsic,11
28339,ER4d,ER4d_R,R,cb_intrinsic,14727,EPG,EPG(PB08)_L7,L,cb_intrinsic,11
25797,ER4d,ER4d_L,L,cb_intrinsic,14727,EPG,EPG(PB08)_L7,L,cb_intrinsic,11
25203,ER3w_c,ER3w_c_L,L,cb_intrinsic,14727,EPG,EPG(PB08)_L7,L,cb_intrinsic,11
21752,ER2_c,ER2_c_L,L,cb_intrinsic,14727,EPG,EPG(PB08)_L7,L,cb_intrinsic,11
21664,ER3d_e,ER3d_e_R,R,cb_intrinsic,14727,EPG,EPG(PB08)_L7,L,cb_intrinsic,11
20883,ER2_c,ER2_c_R,R,cb_intrinsic,14727,EPG,EPG(PB08)_L7,L,cb_intrinsic,11
16598,ER3w_b,ER3w_b_R,R,cb_intrinsic,14727,EPG,EPG(PB08)_L7,L,cb_intrinsic,11
527150,ER3d_a,ER3d_a_L,L,cb_intrinsic,519140,EPG,EPG(PB08)_L1,L,cb_intrinsic,11
61273,ER1_b,ER1_b_L,L,cb_intrinsic,519140,EPG,EPG(PB08)_L1,L,cb_intrinsic,11
59230,ER3m,ER3m_R,R,cb_intrinsic,519140,EPG,EPG(PB08)_L1,L,cb_intrinsic,11
45134,ER3p_b,ER3p_b_L,L,cb_intrinsic,519140,EPG,EPG(PB08)_L1,L,cb_intrinsic,11
36235,ER1_c,ER1_c_L,L,cb_intrinsic,519140,EPG,EPG(PB08)_L1,L,cb_intrinsic,11
32315,ER1_a,ER1_a_L,L,cb_intrinsic,519140,EPG,EPG(PB08)_L1,L,cb_intrinsic,11
28701,ER3d_b,ER3d_b_R,R,cb_intrinsic,519140,EPG,EPG(PB08)_L1,L,cb_intrinsic,11
521534,ER5,ER5_L,L,cb_intrinsic,15616,EPG,EPG(PB08)_R3,R,cb_intrinsic,11
67174,ER1_a,ER1_a_R,R,cb_intrinsic,15616,EPG,EPG(PB08)_R3,R,cb_intrinsic,11
61273,ER1_b,ER1_b_L,L,cb_intrinsic,15616,EPG,EPG(PB08)_R3,R,cb_intrinsic,11
49869,ER3p_b,ER3p_b_R,R,cb_intrinsic,15616,EPG,EPG(PB08)_R3,R,cb_intrinsic,11
46707,ER3w_a,ER3w_a_L,L,cb_intrinsic,15616,EPG,EPG(PB08)_R3,R,cb_intrinsic,11
36384,ER1_b,ER1_b_R,R,cb_intrinsic,15616,EPG,EPG(PB08)_R3,R,cb_intrinsic,11
27806,ER3p_a,ER3p_a_R,R,cb_intrinsic,15616,EPG,EPG(PB08)_R3,R,cb_intrinsic,11
27269,ER3d_c,ER3d_c_L,L,cb_intrinsic,15616,EPG,EPG(PB08)_R3,R,cb_intrinsic,11
22001,ER5,ER5_L,L,cb_intrinsic,15616,EPG,EPG(PB08)_R3,R,cb_intrinsic,11
20653,ER4d,ER4d_L,L,cb_intrinsic,15616,EPG,EPG(PB08)_R3,R,cb_intrinsic,11
514180,ER3p_b,ER3p_b_R,R,cb_intrinsic,16360,EPG,EPG(PB08)_L6,L,cb_intrinsic,11
72491,ER1_c,ER1_c_R,R,cb_intrinsic,16360,EPG,EPG(PB08)_L6,L,cb_intrinsic,11
71503,ER1_c,ER1_c_R,R,cb_intrinsic,16360,EPG,EPG(PB08)_L6,L,cb_intrinsic,11
61273,ER1_b,ER1_b_L,L,cb_intrinsic,16360,EPG,EPG(PB08)_L6,L,cb_intrinsic,11
53745,ER3p_a,ER3p_a_L,L,cb_intrinsic,16360,EPG,EPG(PB08)_L6,L,cb_intrinsic,11
50808,ER4d,ER4d_L,L,cb_intrinsic,16360,EPG,EPG(PB08)_L6,L,cb_intrinsic,11
42509,ER1_a,ER1_a_R,R,cb_intrinsic,16360,EPG,EPG(PB08)_L6,L,cb_intrinsic,11
26295,ER3m,ER3m_R,R,cb_intrinsic,16360,EPG,EPG(PB08)_L6,L,cb_intrinsic,11
26136,ER2_b,ER2_b_R,R,cb_intrinsic,16360,EPG,EPG(PB08)_L6,L,cb_intrinsic,11
23520,ER4d,ER4d_L,L,cb_intrinsic,16360,EPG,EPG(PB08)_L6,L,cb_intrinsic,11
20945,ER2_c,ER2_c_R,R,cb_intrinsic,16360,EPG,EPG(PB08)_L6,L,cb_intrinsic,11
20883,ER2_c,ER2_c_R,R,cb_intrinsic,16360,EPG,EPG(PB08)_L6,L,cb_intrinsic,11
20253,ER2_a,ER2_a_R,R,cb_intrinsic,16360,EPG,EPG(PB08)_L6,L,cb_intrinsic,11
19935,ER2_c,ER2_c_R,R,cb_intrinsic,16360,EPG,EPG(PB08)_L6,L,cb_intrinsic,11
19737,ER4d,ER4d_R,R,cb_intrinsic,16360,EPG,EPG(PB08)_L6,L,cb_intrinsic,11
513346,ER3w_b,ER3w_b_R,R,cb_intrinsic,515675,EPG,EPG(PB08)_R1,R,cb_intrinsic,11
72491,ER1_c,ER1_c_R,R,cb_intrinsic,515675,EPG,EPG(PB08)_R1,R,cb_intrinsic,11
50694,ER3w_b,ER3w_b_L,L,cb_intrinsic,515675,EPG,EPG(PB08)_R1,R,cb_intrinsic,11
47036,ER3d_a,ER3d_a_R,R,cb_intrinsic,515675,EPG,EPG(PB08)_R1,R,cb_intrinsic,11
46707,ER3w_a,ER3w_a_L,L,cb_intrinsic,515675,EPG,EPG(PB08)_R1,R,cb_intrinsic,11
38268,ER1_b,ER1_b_R,R,cb_intrinsic,515675,EPG,EPG(PB08)_R1,R,cb_intrinsic,11
29545,ER3w_b,ER3w_b_R,R,cb_intrinsic,515675,EPG,EPG(PB08)_R1,R,cb_intrinsic,11
26673,ER3w_b,ER3w_b_L,L,cb_intrinsic,515675,EPG,EPG(PB08)_R1,R,cb_intrinsic,11
25797,ER4d,ER4d_L,L,cb_intrinsic,515675,EPG,EPG(PB08)_R1,R,cb_intrinsic,11
16343,ER4d,ER4d_R,R,cb_intrinsic,515675,EPG,EPG(PB08)_R1,R,cb_intrinsic,11
526143,ER3w_b,ER3w_b_L,L,cb_intrinsic,514126,EPG,EPG(PB08)_R5,R,cb_intrinsic,11
521535,ER5,ER5_L,L,cb_intrinsic,514126,EPG,EPG(PB08)_R5,R,cb_intrinsic,11
514803,ER2_b,ER2_b_L,L,cb_intrinsic,514126,EPG,EPG(PB08)_R5,R,cb_intrinsic,11
45839,ER3d_b,ER3d_b_L,L,cb_intrinsic,514126,EPG,EPG(PB08)_R5,R,cb_intrinsic,11
35978,ER1_b,ER1_b_L,L,cb_intrinsic,514126,EPG,EPG(PB08)_R5,R,cb_intrinsic,11
34607,ER4d,ER4d_L,L,cb_intrinsic,514126,EPG,EPG(PB08)_R5,R,cb_intrinsic,11
25297,ER3w_a,ER3w_a_R,R,cb_intrinsic,514126,EPG,EPG(PB08)_R5,R,cb_intrinsic,11
23197,ER4d,ER4d_L,L,cb_intrinsic,514126,EPG,EPG(PB08)_R5,R,cb_intrinsic,11
21882,ER2_a,ER2_a_L,L,cb_intrinsic,514126,EPG,EPG(PB08)_R5,R,cb_intrinsic,11
21277,ER2_a,ER2_a_R,R,cb_intrinsic,514126,EPG,EPG(PB08)_R5,R,cb_intrinsic,11
21179,ER2_a,ER2_a_R,R,cb_intrinsic,514126,EPG,EPG(PB08)_R5,R,cb_intrinsic,11
19737,ER4d,ER4d_R,R,cb_intrinsic,514126,EPG,EPG(PB08)_R5,R,cb_intrinsic,11
18733,ER2_c,ER2_c_L,L,cb_intrinsic,514126,EPG,EPG(PB08)_R5,R,cb_intrinsic,11
14284,ER5,ER5_R,R,cb_intrinsic,514126,EPG,EPG(PB08)_R5,R,cb_intrinsic,11
523816,ER1_b,ER1_b_L,L,cb_intrinsic,513520,EPG,EPG(PB08)_R6,R,cb_intrinsic,11
523788,ER3w_a,ER3w_a_R,R,cb_intrinsic,513520,EPG,EPG(PB08)_R6,R,cb_intrinsic,11
522745,ER2_c,ER2_c_L,L,cb_intrinsic,513520,EPG,EPG(PB08)_R6,R,cb_intrinsic,11
49378,ER3d_c,ER3d_c_R,R,cb_intrinsic,513520,EPG,EPG(PB08)_R6,R,cb_intrinsic,11
43683,ER3w_a,ER3w_a_R,R,cb_intrinsic,513520,EPG,EPG(PB08)_R6,R,cb_intrinsic,11
39798,ER5,ER5_L,L,cb_intrinsic,513520,EPG,EPG(PB08)_R6,R,cb_intrinsic,11
36524,ER2_a,ER2_a_L,L,cb_intrinsic,513520,EPG,EPG(PB08)_R6,R,cb_intrinsic,11
25501,ER3w_b,ER3w_b_L,L,cb_intrinsic,513520,EPG,EPG(PB08)_R6,R,cb_intrinsic,11
25297,ER3w_a,ER3w_a_R,R,cb_intrinsic,513520,EPG,EPG(PB08)_R6,R,cb_intrinsic,11
23197,ER4d,ER4d_L,L,cb_intrinsic,513520,EPG,EPG(PB08)_R6,R,cb_intrinsic,11
19323,ER4d,ER4d_R,R,cb_intrinsic,513520,EPG,EPG(PB08)_R6,R,cb_intrinsic,11
18664,ER2_c,ER2_c_R,R,cb_intrinsic,513520,EPG,EPG(PB08)_R6,R,cb_intrinsic,11
526143,ER3w_b,ER3w_b_L,L,cb_intrinsic,11874,EPG,EPG(PB08)_L7,L,cb_intrinsic,11
517059,ER2_a,ER2_a_L,L,cb_intrinsic,11874,EPG,EPG(PB08)_L7,L,cb_intrinsic,11
514180,ER3p_b,ER3p_b_R,R,cb_intrinsic,11874,EPG,EPG(PB08)_L7,L,cb_intrinsic,11
59337,ER3w_b,ER3w_b_L,L,cb_intrinsic,11874,EPG,EPG(PB08)_L7,L,cb_intrinsic,11
50808,ER4d,ER4d_L,L,cb_intrinsic,11874,EPG,EPG(PB08)_L7,L,cb_intrinsic,11
38268,ER1_b,ER1_b_R,R,cb_intrinsic,11874,EPG,EPG(PB08)_L7,L,cb_intrinsic,11
28627,ER3m,ER3m_L,L,cb_intrinsic,11874,EPG,EPG(PB08)_L7,L,cb_intrinsic,11
23703,ER1_b,ER1_b_R,R,cb_intrinsic,11874,EPG,EPG(PB08)_L7,L,cb_intrinsic,11
21277,ER2_a,ER2_a_R,R,cb_intrinsic,11874,EPG,EPG(PB08)_L7,L,cb_intrinsic,11
20980,ER4d,ER4d_R,R,cb_intrinsic,11874,EPG,EPG(PB08)_L7,L,cb_intrinsic,11
19900,ER2_c,ER2_c_L,L,cb_intrinsic,11874,EPG,EPG(PB08)_L7,L,cb_intrinsic,11
19355,ER2_c,ER2_c_R,R,cb_intrinsic,11874,EPG,EPG(PB08)_L7,L,cb_intrinsic,11
18733,ER2_c,ER2_c_L,L,cb_intrinsic,11874,EPG,EPG(PB08)_L7,L,cb_intrinsic,11
527653,ER4d,ER4d_L,L,cb_intrinsic,512514,EPG,EPG(PB08)_L1,L,cb_intrinsic,11
518690,ER1_b,ER1_b_R,R,cb_intrinsic,512514,EPG,EPG(PB08)_L1,L,cb_intrinsic,11
53745,ER3p_a,ER3p_a_L,L,cb_intrinsic,512514,EPG,EPG(PB08)_L1,L,cb_intrinsic,11
45134,ER3p_b,ER3p_b_L,L,cb_intrinsic,512514,EPG,EPG(PB08)_L1,L,cb_intrinsic,11
37758,ER3d_a,ER3d_a_R,R,cb_intrinsic,512514,EPG,EPG(PB08)_L1,L,cb_intrinsic,11
30371,ER1_a,ER1_a_R,R,cb_intrinsic,512514,EPG,EPG(PB08)_L1,L,cb_intrinsic,11
27269,ER3d_c,ER3d_c_L,L,cb_intrinsic,512514,EPG,EPG(PB08)_L1,L,cb_intrinsic,11
23315,ER4d,ER4d_L,L,cb_intrinsic,512514,EPG,EPG(PB08)_L1,L,cb_intrinsic,11
21179,ER2_a,ER2_a_R,R,cb_intrinsic,512514,EPG,EPG(PB08)_L1,L,cb_intrinsic,11
20590,ER2_a,ER2_a_R,R,cb_intrinsic,512514,EPG,EPG(PB08)_L1,L,cb_intrinsic,11
19410,ER4d,ER4d_L,L,cb_intrinsic,512514,EPG,EPG(PB08)_L1,L,cb_intrinsic,11
18508,ER2_c,ER2_c_L,L,cb_intrinsic,512514,EPG,EPG(PB08)_L1,L,cb_intrinsic,11
524075,ER2_d,ER2_d_L,L,cb_intrinsic,88342,EPG,EPG(PB08)_L3,L,cb_intrinsic,11
513346,ER3w_b,ER3w_b_R,R,cb_intrinsic,88342,EPG,EPG(PB08)_L3,L,cb_intrinsic,11
80867,ER1_a,ER1_a_R,R,cb_intrinsic,88342,EPG,EPG(PB08)_L3,L,cb_intrinsic,11
61273,ER1_b,ER1_b_L,L,cb_intrinsic,88342,EPG,EPG(PB08)_L3,L,cb_intrinsic,11
50888,ER2_c,ER2_c_L,L,cb_intrinsic,88342,EPG,EPG(PB08)_L3,L,cb_intrinsic,11
44010,ER3w_b,ER3w_b_L,L,cb_intrinsic,88342,EPG,EPG(PB08)_L3,L,cb_intrinsic,11
42509,ER1_a,ER1_a_R,R,cb_intrinsic,88342,EPG,EPG(PB08)_L3,L,cb_intrinsic,11
40213,ER1_b,ER1_b_L,L,cb_intrinsic,88342,EPG,EPG(PB08)_L3,L,cb_intrinsic,11
38084,ER3m,ER3m_L,L,cb_intrinsic,88342,EPG,EPG(PB08)_L3,L,cb_intrinsic,11
27850,ER3w_b,ER3w_b_R,R,cb_intrinsic,88342,EPG,EPG(PB08)_L3,L,cb_intrinsic,11
25359,ER3p_a,ER3p_a_R,R,cb_intrinsic,88342,EPG,EPG(PB08)_L3,L,cb_intrinsic,11
23315,ER4d,ER4d_L,L,cb_intrinsic,88342,EPG,EPG(PB08)_L3,L,cb_intrinsic,11
21179,ER2_a,ER2_a_R,R,cb_intrinsic,88342,EPG,EPG(PB08)_L3,L,cb_intrinsic,11
19169,ER3m,ER3m_L,L,cb_intrinsic,88342,EPG,EPG(PB08)_L3,L,cb_intrinsic,11
18664,ER2_c,ER2_c_R,R,cb_intrinsic,88342,EPG,EPG(PB08)_L3,L,cb_intrinsic,11
48291,ER3w_b,ER3w_b_L,L,cb_intrinsic,15713,EPG,EPG(PB08)_L6,L,cb_intrinsic,11
42241,ER1_b,ER1_b_R,R,cb_intrinsic,15713,EPG,EPG(PB08)_L6,L,cb_intrinsic,11
32315,ER1_a,ER1_a_L,L,cb_intrinsic,15713,EPG,EPG(PB08)_L6,L,cb_intrinsic,11
20664,ER2_a,ER2_a_R,R,cb_intrinsic,15713,EPG,EPG(PB08)_L6,L,cb_intrinsic,11
20404,ER4d,ER4d_L,L,cb_intrinsic,15713,EPG,EPG(PB08)_L6,L,cb_intrinsic,11
18508,ER2_c,ER2_c_L,L,cb_intrinsic,15713,EPG,EPG(PB08)_L6,L,cb_intrinsic,11
17591,ER4d,ER4d_R,R,cb_intrinsic,15713,EPG,EPG(PB08)_L6,L,cb_intrinsic,11
527653,ER4d,ER4d_L,L,cb_intrinsic,520581,EPG,EPG(PB08)_R4,R,cb_intrinsic,11
526143,ER3w_b,ER3w_b_L,L,cb_intrinsic,520581,EPG,EPG(PB08)_R4,R,cb_intrinsic,11
63782,ER3d_c,ER3d_c_L,L,cb_intrinsic,520581,EPG,EPG(PB08)_R4,R,cb_intrinsic,11
52832,ER3m,ER3m_R,R,cb_intrinsic,520581,EPG,EPG(PB08)_R4,R,cb_intrinsic,11
48291,ER3w_b,ER3w_b_L,L,cb_intrinsic,520581,EPG,EPG(PB08)_R4,R,cb_intrinsic,11
36730,ER1_b,ER1_b_L,L,cb_intrinsic,520581,EPG,EPG(PB08)_R4,R,cb_intrinsic,11
34607,ER4d,ER4d_L,L,cb_intrinsic,520581,EPG,EPG(PB08)_R4,R,cb_intrinsic,11
32315,ER1_a,ER1_a_L,L,cb_intrinsic,520581,EPG,EPG(PB08)_R4,R,cb_intrinsic,11
31088,ER3p_a,ER3p_a_R,R,cb_intrinsic,520581,EPG,EPG(PB08)_R4,R,cb_intrinsic,11
27269,ER3d_c,ER3d_c_L,L,cb_intrinsic,520581,EPG,EPG(PB08)_R4,R,cb_intrinsic,11
20980,ER4d,ER4d_R,R,cb_intrinsic,520581,EPG,EPG(PB08)_R4,R,cb_intrinsic,11
19737,ER4d,ER4d_R,R,cb_intrinsic,520581,EPG,EPG(PB08)_R4,R,cb_intrinsic,11
523788,ER3w_a,ER3w_a_R,R,cb_intrinsic,13217,EPG,EPG(PB08)_L8,L,cb_intrinsic,11
513678,ER3w_b,ER3w_b_R,R,cb_intrinsic,13217,EPG,EPG(PB08)_L8,L,cb_intrinsic,11
512607,ER3p_a,ER3p_a_R,R,cb_intrinsic,13217,EPG,EPG(PB08)_L8,L,cb_intrinsic,11
72491,ER1_c,ER1_c_R,R,cb_intrinsic,13217,EPG,EPG(PB08)_L8,L,cb_intrinsic,11
47271,ER3p_a,ER3p_a_L,L,cb_intrinsic,13217,EPG,EPG(PB08)_L8,L,cb_intrinsic,11
42264,ER3d_e,ER3d_e_R,R,cb_intrinsic,13217,EPG,EPG(PB08)_L8,L,cb_intrinsic,11
37817,ER3d_e,ER3d_e_R,R,cb_intrinsic,13217,EPG,EPG(PB08)_L8,L,cb_intrinsic,11
37058,ER1_b,ER1_b_R,R,cb_intrinsic,13217,EPG,EPG(PB08)_L8,L,cb_intrinsic,11
34652,ER1_b,ER1_b_L,L,cb_intrinsic,13217,EPG,EPG(PB08)_L8,L,cb_intrinsic,11
25797,ER4d,ER4d_L,L,cb_intrinsic,13217,EPG,EPG(PB08)_L8,L,cb_intrinsic,11
25297,ER3w_a,ER3w_a_R,R,cb_intrinsic,13217,EPG,EPG(PB08)_L8,L,cb_intrinsic,11
21752,ER2_c,ER2_c_L,L,cb_intrinsic,13217,EPG,EPG(PB08)_L8,L,cb_intrinsic,11
19410,ER4d,ER4d_L,L,cb_intrinsic,13217,EPG,EPG(PB08)_L8,L,cb_intrinsic,11
17419,ER6,ER6_R,R,cb_intrinsic,13217,EPG,EPG(PB08)_L8,L,cb_intrinsic,11
526552,ER3w_b,ER3w_b_R,R,cb_intrinsic,92188,EPG,EPG(PB08)_R7,R,cb_intrinsic,11
517602,ER3p_a,ER3p_a_R,R,cb_intrinsic,92188,EPG,EPG(PB08)_R7,R,cb_intrinsic,11
53745,ER3p_a,ER3p_a_L,L,cb_intrinsic,92188,EPG,EPG(PB08)_R7,R,cb_intrinsic,11
43683,ER3w_a,ER3w_a_R,R,cb_intrinsic,92188,EPG,EPG(PB08)_R7,R,cb_intrinsic,11
30371,ER1_a,ER1_a_R,R,cb_intrinsic,92188,EPG,EPG(PB08)_R7,R,cb_intrinsic,11
25797,ER4d,ER4d_L,L,cb_intrinsic,92188,EPG,EPG(PB08)_R7,R,cb_intrinsic,11
23315,ER4d,ER4d_L,L,cb_intrinsic,92188,EPG,EPG(PB08)_R7,R,cb_intrinsic,11
21882,ER2_a,ER2_a_L,L,cb_intrinsic,92188,EPG,EPG(PB08)_R7,R,cb_intrinsic,11
21449,ER2_c,ER2_c_R,R,cb_intrinsic,92188,EPG,EPG(PB08)_R7,R,cb_intrinsic,11
20883,ER2_c,ER2_c_R,R,cb_intrinsic,92188,EPG,EPG(PB08)_R7,R,cb_intrinsic,11
48291,ER3w_b,ER3w_b_L,L,cb_intrinsic,521812,EPG,EPG(PB08)_R7,R,cb_intrinsic,11
46707,ER3w_a,ER3w_a_L,L,cb_intrinsic,521812,EPG,EPG(PB08)_R7,R,cb_intrinsic,11
37105,ER1_b,ER1_b_L,L,cb_intrinsic,521812,EPG,EPG(PB08)_R7,R,cb_intrinsic,11
24459,ER4d,ER4d_L,L,cb_intrinsic,521812,EPG,EPG(PB08)_R7,R,cb_intrinsic,11
20678,ER2_d,ER2_d_R,R,cb_intrinsic,521812,EPG,EPG(PB08)_R7,R,cb_intrinsic,11
20664,ER2_a,ER2_a_R,R,cb_intrinsic,521812,EPG,EPG(PB08)_R7,R,cb_intrinsic,11
16440,ER4m,ER4m_L,L,cb_intrinsic,521812,EPG,EPG(PB08)_R7,R,cb_intrinsic,11
529207,ER3p_a,ER3p_a_R,R,cb_intrinsic,521813,EPG,EPG(PB08)_L2,L,cb_intrinsic,11
72491,ER1_c,ER1_c_R,R,cb_intrinsic,521813,EPG,EPG(PB08)_L2,L,cb_intrinsic,11
48096,ER3p_a,ER3p_a_L,L,cb_intrinsic,521813,EPG,EPG(PB08)_L2,L,cb_intrinsic,11
43683,ER3w_a,ER3w_a_R,R,cb_intrinsic,521813,EPG,EPG(PB08)_L2,L,cb_intrinsic,11
40213,ER1_b,ER1_b_L,L,cb_intrinsic,521813,EPG,EPG(PB08)_L2,L,cb_intrinsic,11
38268,ER1_b,ER1_b_R,R,cb_intrinsic,521813,EPG,EPG(PB08)_L2,L,cb_intrinsic,11
31088,ER3p_a,ER3p_a_R,R,cb_intrinsic,521813,EPG,EPG(PB08)_L2,L,cb_intrinsic,11
27850,ER3w_b,ER3w_b_R,R,cb_intrinsic,521813,EPG,EPG(PB08)_L2,L,cb_intrinsic,11
27043,ER3w_c,ER3w_c_R,R,cb_intrinsic,521813,EPG,EPG(PB08)_L2,L,cb_intrinsic,11
24879,ER4d,ER4d_L,L,cb_intrinsic,521813,EPG,EPG(PB08)_L2,L,cb_intrinsic,11
21179,ER2_a,ER2_a_R,R,cb_intrinsic,521813,EPG,EPG(PB08)_L2,L,cb_intrinsic,11
19791,ER4d,ER4d_L,L,cb_intrinsic,521813,EPG,EPG(PB08)_L2,L,cb_intrinsic,11
18508,ER2_c,ER2_c_L,L,cb_intrinsic,521813,EPG,EPG(PB08)_L2,L,cb_intrinsic,11
16343,ER4d,ER4d_R,R,cb_intrinsic,521813,EPG,EPG(PB08)_L2,L,cb_intrinsic,11
523816,ER1_b,ER1_b_L,L,cb_intrinsic,512513,EPG,EPG(PB08)_R1,R,cb_intrinsic,11
515761,ER3p_a,ER3p_a_R,R,cb_intrinsic,512513,EPG,EPG(PB08)_R1,R,cb_intrinsic,11
39503,ER3p_a,ER3p_a_L,L,cb_intrinsic,512513,EPG,EPG(PB08)_R1,R,cb_intrinsic,11
38084,ER3m,ER3m_L,L,cb_intrinsic,512513,EPG,EPG(PB08)_R1,R,cb_intrinsic,11
23874,ER4d,ER4d_R,R,cb_intrinsic,512513,EPG,EPG(PB08)_R1,R,cb_intrinsic,11
22001,ER5,ER5_L,L,cb_intrinsic,512513,EPG,EPG(PB08)_R1,R,cb_intrinsic,11
20653,ER4d,ER4d_L,L,cb_intrinsic,512513,EPG,EPG(PB08)_R1,R,cb_intrinsic,11
19323,ER4d,ER4d_R,R,cb_intrinsic,512513,EPG,EPG(PB08)_R1,R,cb_intrinsic,11
19169,ER3m,ER3m_L,L,cb_intrinsic,512513,EPG,EPG(PB08)_R1,R,cb_intrinsic,11
10043,ER5,ER5_L,L,cb_intrinsic,512513,EPG,EPG(PB08)_R1,R,cb_intrinsic,11
514803,ER2_b,ER2_b_L,L,cb_intrinsic,519941,EPG,EPG(PB08)_L3,L,cb_intrinsic,10
69319,ER1_a,ER1_a_R,R,cb_intrinsic,519941,EPG,EPG(PB08)_L3,L,cb_intrinsic,10
34652,ER1_b,ER1_b_L,L,cb_intrinsic,519941,EPG,EPG(PB08)_L3,L,cb_intrinsic,10
28701,ER3d_b,ER3d_b_R,R,cb_intrinsic,519941,EPG,EPG(PB08)_L3,L,cb_intrinsic,10
27043,ER3w_c,ER3w_c_R,R,cb_intrinsic,519941,EPG,EPG(PB08)_L3,L,cb_intrinsic,10
20945,ER2_c,ER2_c_R,R,cb_intrinsic,519941,EPG,EPG(PB08)_L3,L,cb_intrinsic,10
20404,ER4d,ER4d_L,L,cb_intrinsic,519941,EPG,EPG(PB08)_L3,L,cb_intrinsic,10
529207,ER3p_a,ER3p_a_R,R,cb_intrinsic,11989,EPG,EPG(PB08)_L5,L,cb_intrinsic,10
61273,ER1_b,ER1_b_L,L,cb_intrinsic,11989,EPG,EPG(PB08)_L5,L,cb_intrinsic,10
59337,ER3w_b,ER3w_b_L,L,cb_intrinsic,11989,EPG,EPG(PB08)_L5,L,cb_intrinsic,10
54597,ER1_a,ER1_a_L,L,cb_intrinsic,11989,EPG,EPG(PB08)_L5,L,cb_intrinsic,10
46242,ER3w_a,ER3w_a_L,L,cb_intrinsic,11989,EPG,EPG(PB08)_L5,L,cb_intrinsic,10
46262,ER3d_b,ER3d_b_L,L,cb_intrinsic,11989,EPG,EPG(PB08)_L5,L,cb_intrinsic,10
45839,ER3d_b,ER3d_b_L,L,cb_intrinsic,11989,EPG,EPG(PB08)_L5,L,cb_intrinsic,10
26843,ER3w_b,ER3w_b_R,R,cb_intrinsic,11989,EPG,EPG(PB08)_L5,L,cb_intrinsic,10
26673,ER3w_b,ER3w_b_L,L,cb_intrinsic,11989,EPG,EPG(PB08)_L5,L,cb_intrinsic,10
25203,ER3w_c,ER3w_c_L,L,cb_intrinsic,11989,EPG,EPG(PB08)_L5,L,cb_intrinsic,10
23520,ER4d,ER4d_L,L,cb_intrinsic,11989,EPG,EPG(PB08)_L5,L,cb_intrinsic,10
23097,ER2_a,ER2_a_L,L,cb_intrinsic,11989,EPG,EPG(PB08)_L5,L,cb_intrinsic,10
21752,ER2_c,ER2_c_L,L,cb_intrinsic,11989,EPG,EPG(PB08)_L5,L,cb_intrinsic,10
21277,ER2_a,ER2_a_R,R,cb_intrinsic,11989,EPG,EPG(PB08)_L5,L,cb_intrinsic,10
20559,ER2_a,ER2_a_L,L,cb_intrinsic,11989,EPG,EPG(PB08)_L5,L,cb_intrinsic,10
18058,ER2_b,ER2_b_L,L,cb_intrinsic,11989,EPG,EPG(PB08)_L5,L,cb_intrinsic,10
527199,ER3d_e,ER3d_e_L,L,cb_intrinsic,107195,EPG,EPG(PB08)_L5,L,cb_intrinsic,10
54597,ER1_a,ER1_a_L,L,cb_intrinsic,107195,EPG,EPG(PB08)_L5,L,cb_intrinsic,10
48096,ER3p_a,ER3p_a_L,L,cb_intrinsic,107195,EPG,EPG(PB08)_L5,L,cb_intrinsic,10
27269,ER3d_c,ER3d_c_L,L,cb_intrinsic,107195,EPG,EPG(PB08)_L5,L,cb_intrinsic,10
27013,ER3m,ER3m_L,L,cb_intrinsic,107195,EPG,EPG(PB08)_L5,L,cb_intrinsic,10
26798,ER1_a,ER1_a_L,L,cb_intrinsic,107195,EPG,EPG(PB08)_L5,L,cb_intrinsic,10
26136,ER2_b,ER2_b_R,R,cb_intrinsic,107195,EPG,EPG(PB08)_L5,L,cb_intrinsic,10
25329,ER3d_c,ER3d_c_L,L,cb_intrinsic,107195,EPG,EPG(PB08)_L5,L,cb_intrinsic,10
23874,ER4d,ER4d_R,R,cb_intrinsic,107195,EPG,EPG(PB08)_L5,L,cb_intrinsic,10
20559,ER2_a,ER2_a_L,L,cb_intrinsic,107195,EPG,EPG(PB08)_L5,L,cb_intrinsic,10
16343,ER4d,ER4d_R,R,cb_intrinsic,107195,EPG,EPG(PB08)_L5,L,cb_intrinsic,10
12357,ER2_c,ER2_c_L,L,cb_intrinsic,107195,EPG,EPG(PB08)_L5,L,cb_intrinsic,10
72491,ER1_c,ER1_c_R,R,cb_intrinsic,519328,EPG,EPG(PB08)_L3,L,cb_intrinsic,10
71503,ER1_c,ER1_c_R,R,cb_intrinsic,519328,EPG,EPG(PB08)_L3,L,cb_intrinsic,10
67174,ER1_a,ER1_a_R,R,cb_intrinsic,519328,EPG,EPG(PB08)_L3,L,cb_intrinsic,10
48291,ER3w_b,ER3w_b_L,L,cb_intrinsic,519328,EPG,EPG(PB08)_L3,L,cb_intrinsic,10
47036,ER3d_a,ER3d_a_R,R,cb_intrinsic,519328,EPG,EPG(PB08)_L3,L,cb_intrinsic,10
44830,ER3d_e,ER3d_e_R,R,cb_intrinsic,519328,EPG,EPG(PB08)_L3,L,cb_intrinsic,10
38268,ER1_b,ER1_b_R,R,cb_intrinsic,519328,EPG,EPG(PB08)_L3,L,cb_intrinsic,10
35978,ER1_b,ER1_b_L,L,cb_intrinsic,519328,EPG,EPG(PB08)_L3,L,cb_intrinsic,10
31684,ER3d_a,ER3d_a_R,R,cb_intrinsic,519328,EPG,EPG(PB08)_L3,L,cb_intrinsic,10
31681,ER1_a,ER1_a_R,R,cb_intrinsic,519328,EPG,EPG(PB08)_L3,L,cb_intrinsic,10
23874,ER4d,ER4d_R,R,cb_intrinsic,519328,EPG,EPG(PB08)_L3,L,cb_intrinsic,10
23315,ER4d,ER4d_L,L,cb_intrinsic,519328,EPG,EPG(PB08)_L3,L,cb_intrinsic,10
21179,ER2_a,ER2_a_R,R,cb_intrinsic,519328,EPG,EPG(PB08)_L3,L,cb_intrinsic,10
20559,ER2_a,ER2_a_L,L,cb_intrinsic,519328,EPG,EPG(PB08)_L3,L,cb_intrinsic,10
19900,ER2_c,ER2_c_L,L,cb_intrinsic,519328,EPG,EPG(PB08)_L3,L,cb_intrinsic,10
19169,ER3m,ER3m_L,L,cb_intrinsic,519328,EPG,EPG(PB08)_L3,L,cb_intrinsic,10
15444,ER2_d,ER2_d_L,L,cb_intrinsic,519328,EPG,EPG(PB08)_L3,L,cb_intrinsic,10
522745,ER2_c,ER2_c_L,L,cb_intrinsic,512928,EPG,EPG(PB08)_R3,R,cb_intrinsic,10
50694,ER3w_b,ER3w_b_L,L,cb_intrinsic,512928,EPG,EPG(PB08)_R3,R,cb_intrinsic,10
49869,ER3p_b,ER3p_b_R,R,cb_intrinsic,512928,EPG,EPG(PB08)_R3,R,cb_intrinsic,10
46262,ER3d_b,ER3d_b_L,L,cb_intrinsic,512928,EPG,EPG(PB08)_R3,R,cb_intrinsic,10
35978,ER1_b,ER1_b_L,L,cb_intrinsic,512928,EPG,EPG(PB08)_R3,R,cb_intrinsic,10
526552,ER3w_b,ER3w_b_R,R,cb_intrinsic,14507,EPG,EPG(PB08)_R7,R,cb_intrinsic,10
513678,ER3w_b,ER3w_b_R,R,cb_intrinsic,14507,EPG,EPG(PB08)_R7,R,cb_intrinsic,10
61273,ER1_b,ER1_b_L,L,cb_intrinsic,14507,EPG,EPG(PB08)_R7,R,cb_intrinsic,10
47271,ER3p_a,ER3p_a_L,L,cb_intrinsic,14507,EPG,EPG(PB08)_R7,R,cb_intrinsic,10
47036,ER3d_a,ER3d_a_R,R,cb_intrinsic,14507,EPG,EPG(PB08)_R7,R,cb_intrinsic,10
46707,ER3w_a,ER3w_a_L,L,cb_intrinsic,14507,EPG,EPG(PB08)_R7,R,cb_intrinsic,10
34652,ER1_b,ER1_b_L,L,cb_intrinsic,14507,EPG,EPG(PB08)_R7,R,cb_intrinsic,10
27770,ER3w_b,ER3w_b_R,R,cb_intrinsic,14507,EPG,EPG(PB08)_R7,R,cb_intrinsic,10
25709,ER2_c,ER2_c_L,L,cb_intrinsic,14507,EPG,EPG(PB08)_R7,R,cb_intrinsic,10
25203,ER3w_c,ER3w_c_L,L,cb_intrinsic,14507,EPG,EPG(PB08)_R7,R,cb_intrinsic,10
24549,ER3w_c,ER3w_c_L,L,cb_intrinsic,14507,EPG,EPG(PB08)_R7,R,cb_intrinsic,10
21179,ER2_a,ER2_a_R,R,cb_intrinsic,14507,EPG,EPG(PB08)_R7,R,cb_intrinsic,10
21059,ER2_d,ER2_d_R,R,cb_intrinsic,14507,EPG,EPG(PB08)_R7,R,cb_intrinsic,10
20664,ER2_a,ER2_a_R,R,cb_intrinsic,14507,EPG,EPG(PB08)_R7,R,cb_intrinsic,10
20605,ER2_a,ER2_a_L,L,cb_intrinsic,14507,EPG,EPG(PB08)_R7,R,cb_intrinsic,10
19917,ER2_c,ER2_c_R,R,cb_intrinsic,14507,EPG,EPG(PB08)_R7,R,cb_intrinsic,10
19425,ER2_c,ER2_c_R,R,cb_intrinsic,14507,EPG,EPG(PB08)_R7,R,cb_intrinsic,10
513678,ER3w_b,ER3w_b_R,R,cb_intrinsic,524073,EPG,EPG(PB08)_L2,L,cb_intrinsic,10
46242,ER3w_a,ER3w_a_L,L,cb_intrinsic,524073,EPG,EPG(PB08)_L2,L,cb_intrinsic,10
34652,ER1_b,ER1_b_L,L,cb_intrinsic,524073,EPG,EPG(PB08)_L2,L,cb_intrinsic,10
27052,ER3d_d,ER3d_d_R,R,cb_intrinsic,524073,EPG,EPG(PB08)_L2,L,cb_intrinsic,10
25797,ER4d,ER4d_L,L,cb_intrinsic,524073,EPG,EPG(PB08)_L2,L,cb_intrinsic,10
25329,ER3d_c,ER3d_c_L,L,cb_intrinsic,524073,EPG,EPG(PB08)_L2,L,cb_intrinsic,10
24459,ER4d,ER4d_L,L,cb_intrinsic,524073,EPG,EPG(PB08)_L2,L,cb_intrinsic,10
24076,ER4d,ER4d_R,R,cb_intrinsic,524073,EPG,EPG(PB08)_L2,L,cb_intrinsic,10
19900,ER2_c,ER2_c_L,L,cb_intrinsic,524073,EPG,EPG(PB08)_L2,L,cb_intrinsic,10
17591,ER4d,ER4d_R,R,cb_intrinsic,524073,EPG,EPG(PB08)_L2,L,cb_intrinsic,10
16598,ER3w_b,ER3w_b_R,R,cb_intrinsic,524073,EPG,EPG(PB08)_L2,L,cb_intrinsic,10
524075,ER2_d,ER2_d_L,L,cb_intrinsic,519144,EPG,EPG(PB08)_L8,L,cb_intrinsic,10
513346,ER3w_b,ER3w_b_R,R,cb_intrinsic,519144,EPG,EPG(PB08)_L8,L,cb_intrinsic,10
511857,ER1_c,ER1_c_L,L,cb_intrinsic,519144,EPG,EPG(PB08)_L8,L,cb_intrinsic,10
46707,ER3w_a,ER3w_a_L,L,cb_intrinsic,519144,EPG,EPG(PB08)_L8,L,cb_intrinsic,10
37758,ER3d_a,ER3d_a_R,R,cb_intrinsic,519144,EPG,EPG(PB08)_L8,L,cb_intrinsic,10
34607,ER4d,ER4d_L,L,cb_intrinsic,519144,EPG,EPG(PB08)_L8,L,cb_intrinsic,10
25501,ER3w_b,ER3w_b_L,L,cb_intrinsic,519144,EPG,EPG(PB08)_L8,L,cb_intrinsic,10
24879,ER4d,ER4d_L,L,cb_intrinsic,519144,EPG,EPG(PB08)_L8,L,cb_intrinsic,10
23874,ER4d,ER4d_R,R,cb_intrinsic,519144,EPG,EPG(PB08)_L8,L,cb_intrinsic,10
23080,ER4d,ER4d_R,R,cb_intrinsic,519144,EPG,EPG(PB08)_L8,L,cb_intrinsic,10
20653,ER4d,ER4d_L,L,cb_intrinsic,519144,EPG,EPG(PB08)_L8,L,cb_intrinsic,10
16818,ER4d,ER4d_R,R,cb_intrinsic,519144,EPG,EPG(PB08)_L8,L,cb_intrinsic,10
527653,ER4d,ER4d_L,L,cb_intrinsic,512305,EPG,EPG(PB08)_R8,R,cb_intrinsic,10
515761,ER3p_a,ER3p_a_R,R,cb_intrinsic,512305,EPG,EPG(PB08)_R8,R,cb_intrinsic,10
514042,ER2_b,ER2_b_L,L,cb_intrinsic,512305,EPG,EPG(PB08)_R8,R,cb_intrinsic,10
512319,ER6,ER6_L,L,cb_intrinsic,512305,EPG,EPG(PB08)_R8,R,cb_intrinsic,10
53745,ER3p_a,ER3p_a_L,L,cb_intrinsic,512305,EPG,EPG(PB08)_R8,R,cb_intrinsic,10
48291,ER3w_b,ER3w_b_L,L,cb_intrinsic,512305,EPG,EPG(PB08)_R8,R,cb_intrinsic,10
46089,ER3p_a,ER3p_a_L,L,cb_intrinsic,512305,EPG,EPG(PB08)_R8,R,cb_intrinsic,10
42241,ER1_b,ER1_b_R,R,cb_intrinsic,512305,EPG,EPG(PB08)_R8,R,cb_intrinsic,10
27850,ER3w_b,ER3w_b_R,R,cb_intrinsic,512305,EPG,EPG(PB08)_R8,R,cb_intrinsic,10
20404,ER4d,ER4d_L,L,cb_intrinsic,512305,EPG,EPG(PB08)_R8,R,cb_intrinsic,10
19425,ER2_c,ER2_c_R,R,cb_intrinsic,512305,EPG,EPG(PB08)_R8,R,cb_intrinsic,10
19323,ER4d,ER4d_R,R,cb_intrinsic,512305,EPG,EPG(PB08)_R8,R,cb_intrinsic,10
15444,ER2_d,ER2_d_L,L,cb_intrinsic,512305,EPG,EPG(PB08)_R8,R,cb_intrinsic,10
517264,ER3w_a,ER3w_a_R,R,cb_intrinsic,513464,EPG,EPG(PB08)_R8,R,cb_intrinsic,10
517059,ER2_a,ER2_a_L,L,cb_intrinsic,513464,EPG,EPG(PB08)_R8,R,cb_intrinsic,10
515761,ER3p_a,ER3p_a_R,R,cb_intrinsic,513464,EPG,EPG(PB08)_R8,R,cb_intrinsic,10
512607,ER3p_a,ER3p_a_R,R,cb_intrinsic,513464,EPG,EPG(PB08)_R8,R,cb_intrinsic,10
53618,ER3p_b,ER3p_b_L,L,cb_intrinsic,513464,EPG,EPG(PB08)_R8,R,cb_intrinsic,10
50694,ER3w_b,ER3w_b_L,L,cb_intrinsic,513464,EPG,EPG(PB08)_R8,R,cb_intrinsic,10
50007,ER3p_a,ER3p_a_L,L,cb_intrinsic,513464,EPG,EPG(PB08)_R8,R,cb_intrinsic,10
46262,ER3d_b,ER3d_b_L,L,cb_intrinsic,513464,EPG,EPG(PB08)_R8,R,cb_intrinsic,10
42241,ER1_b,ER1_b_R,R,cb_intrinsic,513464,EPG,EPG(PB08)_R8,R,cb_intrinsic,10
38268,ER1_b,ER1_b_R,R,cb_intrinsic,513464,EPG,EPG(PB08)_R8,R,cb_intrinsic,10
37058,ER1_b,ER1_b_R,R,cb_intrinsic,513464,EPG,EPG(PB08)_R8,R,cb_intrinsic,10
27043,ER3w_c,ER3w_c_R,R,cb_intrinsic,513464,EPG,EPG(PB08)_R8,R,cb_intrinsic,10
19737,ER4d,ER4d_R,R,cb_intrinsic,513464,EPG,EPG(PB08)_R8,R,cb_intrinsic,10
19410,ER4d,ER4d_L,L,cb_intrinsic,513464,EPG,EPG(PB08)_R8,R,cb_intrinsic,10
69319,ER1_a,ER1_a_R,R,cb_intrinsic,19825,EPG,EPG(PB08)_R6,R,cb_intrinsic,10
47271,ER3p_a,ER3p_a_L,L,cb_intrinsic,19825,EPG,EPG(PB08)_R6,R,cb_intrinsic,10
40213,ER1_b,ER1_b_L,L,cb_intrinsic,19825,EPG,EPG(PB08)_R6,R,cb_intrinsic,10
37058,ER1_b,ER1_b_R,R,cb_intrinsic,19825,EPG,EPG(PB08)_R6,R,cb_intrinsic,10
28701,ER3d_b,ER3d_b_R,R,cb_intrinsic,19825,EPG,EPG(PB08)_R6,R,cb_intrinsic,10
25359,ER3p_a,ER3p_a_R,R,cb_intrinsic,19825,EPG,EPG(PB08)_R6,R,cb_intrinsic,10
25203,ER3w_c,ER3w_c_L,L,cb_intrinsic,19825,EPG,EPG(PB08)_R6,R,cb_intrinsic,10
24879,ER4d,ER4d_L,L,cb_intrinsic,19825,EPG,EPG(PB08)_R6,R,cb_intrinsic,10
23315,ER4d,ER4d_L,L,cb_intrinsic,19825,EPG,EPG(PB08)_R6,R,cb_intrinsic,10
22461,ER4d,ER4d_R,R,cb_intrinsic,19825,EPG,EPG(PB08)_R6,R,cb_intrinsic,10
20980,ER4d,ER4d_R,R,cb_intrinsic,19825,EPG,EPG(PB08)_R6,R,cb_intrinsic,10
20664,ER2_a,ER2_a_R,R,cb_intrinsic,19825,EPG,EPG(PB08)_R6,R,cb_intrinsic,10
18058,ER2_b,ER2_b_L,L,cb_intrinsic,19825,EPG,EPG(PB08)_R6,R,cb_intrinsic,10
17679,ER2_d,ER2_d_R,R,cb_intrinsic,19825,EPG,EPG(PB08)_R6,R,cb_intrinsic,10
529207,ER3p_a,ER3p_a_R,R,cb_intrinsic,11307,EPG,EPG(PB08)_L4,L,cb_intrinsic,10
526552,ER3w_b,ER3w_b_R,R,cb_intrinsic,11307,EPG,EPG(PB08)_L4,L,cb_intrinsic,10
524075,ER2_d,ER2_d_L,L,cb_intrinsic,11307,EPG,EPG(PB08)_L4,L,cb_intrinsic,10
517264,ER3w_a,ER3w_a_R,R,cb_intrinsic,11307,EPG,EPG(PB08)_L4,L,cb_intrinsic,10
514042,ER2_b,ER2_b_L,L,cb_intrinsic,11307,EPG,EPG(PB08)_L4,L,cb_intrinsic,10
512606,ER3w_c,ER3w_c_L,L,cb_intrinsic,11307,EPG,EPG(PB08)_L4,L,cb_intrinsic,10
511857,ER1_c,ER1_c_L,L,cb_intrinsic,11307,EPG,EPG(PB08)_L4,L,cb_intrinsic,10
46242,ER3w_a,ER3w_a_L,L,cb_intrinsic,11307,EPG,EPG(PB08)_L4,L,cb_intrinsic,10
44010,ER3w_b,ER3w_b_L,L,cb_intrinsic,11307,EPG,EPG(PB08)_L4,L,cb_intrinsic,10
39503,ER3p_a,ER3p_a_L,L,cb_intrinsic,11307,EPG,EPG(PB08)_L4,L,cb_intrinsic,10
34607,ER4d,ER4d_L,L,cb_intrinsic,11307,EPG,EPG(PB08)_L4,L,cb_intrinsic,10
34652,ER1_b,ER1_b_L,L,cb_intrinsic,11307,EPG,EPG(PB08)_L4,L,cb_intrinsic,10
25447,ER3w_c,ER3w_c_R,R,cb_intrinsic,11307,EPG,EPG(PB08)_L4,L,cb_intrinsic,10
25359,ER3p_a,ER3p_a_R,R,cb_intrinsic,11307,EPG,EPG(PB08)_L4,L,cb_intrinsic,10
24879,ER4d,ER4d_L,L,cb_intrinsic,11307,EPG,EPG(PB08)_L4,L,cb_intrinsic,10
24093,ER3w_a,ER3w_a_R,R,cb_intrinsic,11307,EPG,EPG(PB08)_L4,L,cb_intrinsic,10
19917,ER2_c,ER2_c_R,R,cb_intrinsic,11307,EPG,EPG(PB08)_L4,L,cb_intrinsic,10
19569,ER2_c,ER2_c_R,R,cb_intrinsic,11307,EPG,EPG(PB08)_L4,L,cb_intrinsic,10
19410,ER4d,ER4d_L,L,cb_intrinsic,11307,EPG,EPG(PB08)_L4,L,cb_intrinsic,10
15444,ER2_d,ER2_d_L,L,cb_intrinsic,11307,EPG,EPG(PB08)_L4,L,cb_intrinsic,10
526552,ER3w_b,ER3w_b_R,R,cb_intrinsic,11503,EPG,EPG(PB08)_R8,R,cb_intrinsic,10
526143,ER3w_b,ER3w_b_L,L,cb_intrinsic,11503,EPG,EPG(PB08)_R8,R,cb_intrinsic,10
523788,ER3w_a,ER3w_a_R,R,cb_intrinsic,11503,EPG,EPG(PB08)_R8,R,cb_intrinsic,10
515761,ER3p_a,ER3p_a_R,R,cb_intrinsic,11503,EPG,EPG(PB08)_R8,R,cb_intrinsic,10
59337,ER3w_b,ER3w_b_L,L,cb_intrinsic,11503,EPG,EPG(PB08)_R8,R,cb_intrinsic,10
47464,ER3d_d,ER3d_d_R,R,cb_intrinsic,11503,EPG,EPG(PB08)_R8,R,cb_intrinsic,10
46242,ER3w_a,ER3w_a_L,L,cb_intrinsic,11503,EPG,EPG(PB08)_R8,R,cb_intrinsic,10
25841,ER3w_b,ER3w_b_L,L,cb_intrinsic,11503,EPG,EPG(PB08)_R8,R,cb_intrinsic,10
25797,ER4d,ER4d_L,L,cb_intrinsic,11503,EPG,EPG(PB08)_R8,R,cb_intrinsic,10
24093,ER3w_a,ER3w_a_R,R,cb_intrinsic,11503,EPG,EPG(PB08)_R8,R,cb_intrinsic,10
23080,ER4d,ER4d_R,R,cb_intrinsic,11503,EPG,EPG(PB08)_R8,R,cb_intrinsic,10
20980,ER4d,ER4d_R,R,cb_intrinsic,11503,EPG,EPG(PB08)_R8,R,cb_intrinsic,10
16343,ER4d,ER4d_R,R,cb_intrinsic,11503,EPG,EPG(PB08)_R8,R,cb_intrinsic,10
523816,ER1_b,ER1_b_L,L,cb_intrinsic,84758,EPG,EPG(PB08)_L7,L,cb_intrinsic,10
522806,ER3d_c,ER3d_c_R,R,cb_intrinsic,84758,EPG,EPG(PB08)_L7,L,cb_intrinsic,10
521528,ER5,ER5_L,L,cb_intrinsic,84758,EPG,EPG(PB08)_L7,L,cb_intrinsic,10
518690,ER1_b,ER1_b_R,R,cb_intrinsic,84758,EPG,EPG(PB08)_L7,L,cb_intrinsic,10
513678,ER3w_b,ER3w_b_R,R,cb_intrinsic,84758,EPG,EPG(PB08)_L7,L,cb_intrinsic,10
511857,ER1_c,ER1_c_L,L,cb_intrinsic,84758,EPG,EPG(PB08)_L7,L,cb_intrinsic,10
63782,ER3d_c,ER3d_c_L,L,cb_intrinsic,84758,EPG,EPG(PB08)_L7,L,cb_intrinsic,10
38084,ER3m,ER3m_L,L,cb_intrinsic,84758,EPG,EPG(PB08)_L7,L,cb_intrinsic,10
35978,ER1_b,ER1_b_L,L,cb_intrinsic,84758,EPG,EPG(PB08)_L7,L,cb_intrinsic,10
34652,ER1_b,ER1_b_L,L,cb_intrinsic,84758,EPG,EPG(PB08)_L7,L,cb_intrinsic,10
31121,ER3a_c,ER3a_c_L,L,cb_intrinsic,84758,EPG,EPG(PB08)_L7,L,cb_intrinsic,10
30371,ER1_a,ER1_a_R,R,cb_intrinsic,84758,EPG,EPG(PB08)_L7,L,cb_intrinsic,10
28701,ER3d_b,ER3d_b_R,R,cb_intrinsic,84758,EPG,EPG(PB08)_L7,L,cb_intrinsic,10
27043,ER3w_c,ER3w_c_R,R,cb_intrinsic,84758,EPG,EPG(PB08)_L7,L,cb_intrinsic,10
26939,ER3m,ER3m_R,R,cb_intrinsic,84758,EPG,EPG(PB08)_L7,L,cb_intrinsic,10
26843,ER3w_b,ER3w_b_R,R,cb_intrinsic,84758,EPG,EPG(PB08)_L7,L,cb_intrinsic,10
25297,ER3w_a,ER3w_a_R,R,cb_intrinsic,84758,EPG,EPG(PB08)_L7,L,cb_intrinsic,10
24549,ER3w_c,ER3w_c_L,L,cb_intrinsic,84758,EPG,EPG(PB08)_L7,L,cb_intrinsic,10
24093,ER3w_a,ER3w_a_R,R,cb_intrinsic,84758,EPG,EPG(PB08)_L7,L,cb_intrinsic,10
21179,ER2_a,ER2_a_R,R,cb_intrinsic,84758,EPG,EPG(PB08)_L7,L,cb_intrinsic,10
517059,ER2_a,ER2_a_L,L,cb_intrinsic,520812,EPG,EPG(PB08)_R8,R,cb_intrinsic,10
53745,ER3p_a,ER3p_a_L,L,cb_intrinsic,520812,EPG,EPG(PB08)_R8,R,cb_intrinsic,10
46707,ER3w_a,ER3w_a_L,L,cb_intrinsic,520812,EPG,EPG(PB08)_R8,R,cb_intrinsic,10
46242,ER3w_a,ER3w_a_L,L,cb_intrinsic,520812,EPG,EPG(PB08)_R8,R,cb_intrinsic,10
37817,ER3d_e,ER3d_e_R,R,cb_intrinsic,520812,EPG,EPG(PB08)_R8,R,cb_intrinsic,10
25841,ER3w_b,ER3w_b_L,L,cb_intrinsic,520812,EPG,EPG(PB08)_R8,R,cb_intrinsic,10
25501,ER3w_b,ER3w_b_L,L,cb_intrinsic,520812,EPG,EPG(PB08)_R8,R,cb_intrinsic,10
21059,ER2_d,ER2_d_R,R,cb_intrinsic,520812,EPG,EPG(PB08)_R8,R,cb_intrinsic,10
19425,ER2_c,ER2_c_R,R,cb_intrinsic,520812,EPG,EPG(PB08)_R8,R,cb_intrinsic,10
18664,ER2_c,ER2_c_R,R,cb_intrinsic,520812,EPG,EPG(PB08)_R8,R,cb_intrinsic,10
18377,ER3w_b,ER3w_b_L,L,cb_intrinsic,520812,EPG,EPG(PB08)_R8,R,cb_intrinsic,10
15444,ER2_d,ER2_d_L,L,cb_intrinsic,520812,EPG,EPG(PB08)_R8,R,cb_intrinsic,10
13985,ER4m,ER4m_L,L,cb_intrinsic,520812,EPG,EPG(PB08)_R8,R,cb_intrinsic,10
527199,ER3d_e,ER3d_e_L,L,cb_intrinsic,513284,EPG,EPG(PB08)_R3,R,cb_intrinsic,10
522759,ER3d_d,ER3d_d_L,L,cb_intrinsic,513284,EPG,EPG(PB08)_R3,R,cb_intrinsic,10
514042,ER2_b,ER2_b_L,L,cb_intrinsic,513284,EPG,EPG(PB08)_R3,R,cb_intrinsic,10
71503,ER1_c,ER1_c_R,R,cb_intrinsic,513284,EPG,EPG(PB08)_R3,R,cb_intrinsic,10
50808,ER4d,ER4d_L,L,cb_intrinsic,513284,EPG,EPG(PB08)_R3,R,cb_intrinsic,10
48291,ER3w_b,ER3w_b_L,L,cb_intrinsic,513284,EPG,EPG(PB08)_R3,R,cb_intrinsic,10
47036,ER3d_a,ER3d_a_R,R,cb_intrinsic,513284,EPG,EPG(PB08)_R3,R,cb_intrinsic,10
45134,ER3p_b,ER3p_b_L,L,cb_intrinsic,513284,EPG,EPG(PB08)_R3,R,cb_intrinsic,10
39798,ER5,ER5_L,L,cb_intrinsic,513284,EPG,EPG(PB08)_R3,R,cb_intrinsic,10
37758,ER3d_a,ER3d_a_R,R,cb_intrinsic,513284,EPG,EPG(PB08)_R3,R,cb_intrinsic,10
37105,ER1_b,ER1_b_L,L,cb_intrinsic,513284,EPG,EPG(PB08)_R3,R,cb_intrinsic,10
34607,ER4d,ER4d_L,L,cb_intrinsic,513284,EPG,EPG(PB08)_R3,R,cb_intrinsic,10
30178,ER3d_b,ER3d_b_R,R,cb_intrinsic,513284,EPG,EPG(PB08)_R3,R,cb_intrinsic,10
25797,ER4d,ER4d_L,L,cb_intrinsic,513284,EPG,EPG(PB08)_R3,R,cb_intrinsic,10
22001,ER5,ER5_L,L,cb_intrinsic,513284,EPG,EPG(PB08)_R3,R,cb_intrinsic,10
20026,ER5,ER5_L,L,cb_intrinsic,513284,EPG,EPG(PB08)_R3,R,cb_intrinsic,10
19791,ER4d,ER4d_L,L,cb_intrinsic,513284,EPG,EPG(PB08)_R3,R,cb_intrinsic,10
16343,ER4d,ER4d_R,R,cb_intrinsic,513284,EPG,EPG(PB08)_R3,R,cb_intrinsic,10
517264,ER3w_a,ER3w_a_R,R,cb_intrinsic,556346,EPG,EPG(PB08)_L6,L,cb_intrinsic,10
514042,ER2_b,ER2_b_L,L,cb_intrinsic,556346,EPG,EPG(PB08)_L6,L,cb_intrinsic,10
513346,ER3w_b,ER3w_b_R,R,cb_intrinsic,556346,EPG,EPG(PB08)_L6,L,cb_intrinsic,10
67174,ER1_a,ER1_a_R,R,cb_intrinsic,556346,EPG,EPG(PB08)_L6,L,cb_intrinsic,10
50694,ER3w_b,ER3w_b_L,L,cb_intrinsic,556346,EPG,EPG(PB08)_L6,L,cb_intrinsic,10
49869,ER3p_b,ER3p_b_R,R,cb_intrinsic,556346,EPG,EPG(PB08)_L6,L,cb_intrinsic,10
46242,ER3w_a,ER3w_a_L,L,cb_intrinsic,556346,EPG,EPG(PB08)_L6,L,cb_intrinsic,10
44010,ER3w_b,ER3w_b_L,L,cb_intrinsic,556346,EPG,EPG(PB08)_L6,L,cb_intrinsic,10
43683,ER3w_a,ER3w_a_R,R,cb_intrinsic,556346,EPG,EPG(PB08)_L6,L,cb_intrinsic,10
40213,ER1_b,ER1_b_L,L,cb_intrinsic,556346,EPG,EPG(PB08)_L6,L,cb_intrinsic,10
37105,ER1_b,ER1_b_L,L,cb_intrinsic,556346,EPG,EPG(PB08)_L6,L,cb_intrinsic,10
30371,ER1_a,ER1_a_R,R,cb_intrinsic,556346,EPG,EPG(PB08)_L6,L,cb_intrinsic,10
27348,ER3m,ER3m_L,L,cb_intrinsic,556346,EPG,EPG(PB08)_L6,L,cb_intrinsic,10
26673,ER3w_b,ER3w_b_L,L,cb_intrinsic,556346,EPG,EPG(PB08)_L6,L,cb_intrinsic,10
24459,ER4d,ER4d_L,L,cb_intrinsic,556346,EPG,EPG(PB08)_L6,L,cb_intrinsic,10
23874,ER4d,ER4d_R,R,cb_intrinsic,556346,EPG,EPG(PB08)_L6,L,cb_intrinsic,10
20980,ER4d,ER4d_R,R,cb_intrinsic,556346,EPG,EPG(PB08)_L6,L,cb_intrinsic,10
20945,ER2_c,ER2_c_R,R,cb_intrinsic,556346,EPG,EPG(PB08)_L6,L,cb_intrinsic,10
18664,ER2_c,ER2_c_R,R,cb_intrinsic,556346,EPG,EPG(PB08)_L6,L,cb_intrinsic,10
18377,ER3w_b,ER3w_b_L,L,cb_intrinsic,556346,EPG,EPG(PB08)_L6,L,cb_intrinsic,10
16343,ER4d,ER4d_R,R,cb_intrinsic,556346,EPG,EPG(PB08)_L6,L,cb_intrinsic,10
512607,ER3p_a,ER3p_a_R,R,cb_intrinsic,523786,EPG,EPG(PB08)_R4,R,cb_intrinsic,10
512319,ER6,ER6_L,L,cb_intrinsic,523786,EPG,EPG(PB08)_R4,R,cb_intrinsic,10
61273,ER1_b,ER1_b_L,L,cb_intrinsic,523786,EPG,EPG(PB08)_R4,R,cb_intrinsic,10
50694,ER3w_b,ER3w_b_L,L,cb_intrinsic,523786,EPG,EPG(PB08)_R4,R,cb_intrinsic,10
46341,ER3w_b,ER3w_b_L,L,cb_intrinsic,523786,EPG,EPG(PB08)_R4,R,cb_intrinsic,10
46089,ER3p_a,ER3p_a_L,L,cb_intrinsic,523786,EPG,EPG(PB08)_R4,R,cb_intrinsic,10
43039,ER3d_d,ER3d_d_L,L,cb_intrinsic,523786,EPG,EPG(PB08)_R4,R,cb_intrinsic,10
31121,ER3a_c,ER3a_c_L,L,cb_intrinsic,523786,EPG,EPG(PB08)_R4,R,cb_intrinsic,10
25501,ER3w_b,ER3w_b_L,L,cb_intrinsic,523786,EPG,EPG(PB08)_R4,R,cb_intrinsic,10
25447,ER3w_c,ER3w_c_R,R,cb_intrinsic,523786,EPG,EPG(PB08)_R4,R,cb_intrinsic,10
22001,ER5,ER5_L,L,cb_intrinsic,523786,EPG,EPG(PB08)_R4,R,cb_intrinsic,10
21449,ER2_c,ER2_c_R,R,cb_intrinsic,523786,EPG,EPG(PB08)_R4,R,cb_intrinsic,10
20404,ER4d,ER4d_L,L,cb_intrinsic,523786,EPG,EPG(PB08)_R4,R,cb_intrinsic,10
19917,ER2_c,ER2_c_R,R,cb_intrinsic,523786,EPG,EPG(PB08)_R4,R,cb_intrinsic,10
13999,ER3w_c,ER3w_c_R,R,cb_intrinsic,523786,EPG,EPG(PB08)_R4,R,cb_intrinsic,10
523788,ER3w_a,ER3w_a_R,R,cb_intrinsic,11987,EPG,EPG(PB08)_R5,R,cb_intrinsic,10
522745,ER2_c,ER2_c_L,L,cb_intrinsic,11987,EPG,EPG(PB08)_R5,R,cb_intrinsic,10
518690,ER1_b,ER1_b_R,R,cb_intrinsic,11987,EPG,EPG(PB08)_R5,R,cb_intrinsic,10
61273,ER1_b,ER1_b_L,L,cb_intrinsic,11987,EPG,EPG(PB08)_R5,R,cb_intrinsic,10
50694,ER3w_b,ER3w_b_L,L,cb_intrinsic,11987,EPG,EPG(PB08)_R5,R,cb_intrinsic,10
48096,ER3p_a,ER3p_a_L,L,cb_intrinsic,11987,EPG,EPG(PB08)_R5,R,cb_intrinsic,10
31735,ER1_a,ER1_a_L,L,cb_intrinsic,11987,EPG,EPG(PB08)_R5,R,cb_intrinsic,10
26673,ER3w_b,ER3w_b_L,L,cb_intrinsic,11987,EPG,EPG(PB08)_R5,R,cb_intrinsic,10
25203,ER3w_c,ER3w_c_L,L,cb_intrinsic,11987,EPG,EPG(PB08)_R5,R,cb_intrinsic,10
23197,ER4d,ER4d_L,L,cb_intrinsic,11987,EPG,EPG(PB08)_R5,R,cb_intrinsic,10
22461,ER4d,ER4d_R,R,cb_intrinsic,11987,EPG,EPG(PB08)_R5,R,cb_intrinsic,10
21752,ER2_c,ER2_c_L,L,cb_intrinsic,11987,EPG,EPG(PB08)_R5,R,cb_intrinsic,10
21179,ER2_a,ER2_a_R,R,cb_intrinsic,11987,EPG,EPG(PB08)_R5,R,cb_intrinsic,10
20653,ER4d,ER4d_L,L,cb_intrinsic,11987,EPG,EPG(PB08)_R5,R,cb_intrinsic,10
20253,ER2_a,ER2_a_R,R,cb_intrinsic,11987,EPG,EPG(PB08)_R5,R,cb_intrinsic,10
19737,ER4d,ER4d_R,R,cb_intrinsic,11987,EPG,EPG(PB08)_R5,R,cb_intrinsic,10
18377,ER3w_b,ER3w_b_L,L,cb_intrinsic,11987,EPG,EPG(PB08)_R5,R,cb_intrinsic,10
13999,ER3w_c,ER3w_c_R,R,cb_intrinsic,11987,EPG,EPG(PB08)_R5,R,cb_intrinsic,10
527150,ER3d_a,ER3d_a_L,L,cb_intrinsic,513033,EPG,EPG(PB08)_L8,L,cb_intrinsic,10
526552,ER3w_b,ER3w_b_R,R,cb_intrinsic,513033,EPG,EPG(PB08)_L8,L,cb_intrinsic,10
523788,ER3w_a,ER3w_a_R,R,cb_intrinsic,513033,EPG,EPG(PB08)_L8,L,cb_intrinsic,10
518690,ER1_b,ER1_b_R,R,cb_intrinsic,513033,EPG,EPG(PB08)_L8,L,cb_intrinsic,10
515761,ER3p_a,ER3p_a_R,R,cb_intrinsic,513033,EPG,EPG(PB08)_L8,L,cb_intrinsic,10
513678,ER3w_b,ER3w_b_R,R,cb_intrinsic,513033,EPG,EPG(PB08)_L8,L,cb_intrinsic,10
63782,ER3d_c,ER3d_c_L,L,cb_intrinsic,513033,EPG,EPG(PB08)_L8,L,cb_intrinsic,10
54597,ER1_a,ER1_a_L,L,cb_intrinsic,513033,EPG,EPG(PB08)_L8,L,cb_intrinsic,10
49002,ER3p_a,ER3p_a_L,L,cb_intrinsic,513033,EPG,EPG(PB08)_L8,L,cb_intrinsic,10
47036,ER3d_a,ER3d_a_R,R,cb_intrinsic,513033,EPG,EPG(PB08)_L8,L,cb_intrinsic,10
44010,ER3w_b,ER3w_b_L,L,cb_intrinsic,513033,EPG,EPG(PB08)_L8,L,cb_intrinsic,10
43683,ER3w_a,ER3w_a_R,R,cb_intrinsic,513033,EPG,EPG(PB08)_L8,L,cb_intrinsic,10
39798,ER5,ER5_L,L,cb_intrinsic,513033,EPG,EPG(PB08)_L8,L,cb_intrinsic,10
30206,ER5,ER5_R,R,cb_intrinsic,513033,EPG,EPG(PB08)_L8,L,cb_intrinsic,10
25797,ER4d,ER4d_L,L,cb_intrinsic,513033,EPG,EPG(PB08)_L8,L,cb_intrinsic,10
25359,ER3p_a,ER3p_a_R,R,cb_intrinsic,513033,EPG,EPG(PB08)_L8,L,cb_intrinsic,10
25297,ER3w_a,ER3w_a_R,R,cb_intrinsic,513033,EPG,EPG(PB08)_L8,L,cb_intrinsic,10
24879,ER4d,ER4d_L,L,cb_intrinsic,513033,EPG,EPG(PB08)_L8,L,cb_intrinsic,10
23315,ER4d,ER4d_L,L,cb_intrinsic,513033,EPG,EPG(PB08)_L8,L,cb_intrinsic,10
16598,ER3w_b,ER3w_b_R,R,cb_intrinsic,513033,EPG,EPG(PB08)_L8,L,cb_intrinsic,10
13999,ER3w_c,ER3w_c_R,R,cb_intrinsic,513033,EPG,EPG(PB08)_L8,L,cb_intrinsic,10
522745,ER2_c,ER2_c_L,L,cb_intrinsic,19125,EPG,EPG(PB08)_R5,R,cb_intrinsic,10
512608,ER3d_b,ER3d_b_R,R,cb_intrinsic,19125,EPG,EPG(PB08)_R5,R,cb_intrinsic,10
50694,ER3w_b,ER3w_b_L,L,cb_intrinsic,19125,EPG,EPG(PB08)_R5,R,cb_intrinsic,10
50007,ER3p_a,ER3p_a_L,L,cb_intrinsic,19125,EPG,EPG(PB08)_R5,R,cb_intrinsic,10
49869,ER3p_b,ER3p_b_R,R,cb_intrinsic,19125,EPG,EPG(PB08)_R5,R,cb_intrinsic,10
48291,ER3w_b,ER3w_b_L,L,cb_intrinsic,19125,EPG,EPG(PB08)_R5,R,cb_intrinsic,10
42509,ER1_a,ER1_a_R,R,cb_intrinsic,19125,EPG,EPG(PB08)_R5,R,cb_intrinsic,10
42264,ER3d_e,ER3d_e_R,R,cb_intrinsic,19125,EPG,EPG(PB08)_R5,R,cb_intrinsic,10
42241,ER1_b,ER1_b_R,R,cb_intrinsic,19125,EPG,EPG(PB08)_R5,R,cb_intrinsic,10
33589,ER3d_b,ER3d_b_L,L,cb_intrinsic,19125,EPG,EPG(PB08)_R5,R,cb_intrinsic,10
26136,ER2_b,ER2_b_R,R,cb_intrinsic,19125,EPG,EPG(PB08)_R5,R,cb_intrinsic,10
24076,ER4d,ER4d_R,R,cb_intrinsic,19125,EPG,EPG(PB08)_R5,R,cb_intrinsic,10
23197,ER4d,ER4d_L,L,cb_intrinsic,19125,EPG,EPG(PB08)_R5,R,cb_intrinsic,10
21752,ER2_c,ER2_c_L,L,cb_intrinsic,19125,EPG,EPG(PB08)_R5,R,cb_intrinsic,10
21449,ER2_c,ER2_c_R,R,cb_intrinsic,19125,EPG,EPG(PB08)_R5,R,cb_intrinsic,10
21277,ER2_a,ER2_a_R,R,cb_intrinsic,19125,EPG,EPG(PB08)_R5,R,cb_intrinsic,10
20317,ER2_c,ER2_c_L,L,cb_intrinsic,19125,EPG,EPG(PB08)_R5,R,cb_intrinsic,10
16598,ER3w_b,ER3w_b_R,R,cb_intrinsic,19125,EPG,EPG(PB08)_R5,R,cb_intrinsic,10
13094,ER4d,ER4d_R,R,cb_intrinsic,19125,EPG,EPG(PB08)_R5,R,cb_intrinsic,10
12357,ER2_c,ER2_c_L,L,cb_intrinsic,19125,EPG,EPG(PB08)_R5,R,cb_intrinsic,10
526143,ER3w_b,ER3w_b_L,L,cb_intrinsic,131313,EPG,EPG(PB08)_R6,R,cb_intrinsic,10
513678,ER3w_b,ER3w_b_R,R,cb_intrinsic,131313,EPG,EPG(PB08)_R6,R,cb_intrinsic,10
43683,ER3w_a,ER3w_a_R,R,cb_intrinsic,131313,EPG,EPG(PB08)_R6,R,cb_intrinsic,10
39503,ER3p_a,ER3p_a_L,L,cb_intrinsic,131313,EPG,EPG(PB08)_R6,R,cb_intrinsic,10
36524,ER2_a,ER2_a_L,L,cb_intrinsic,131313,EPG,EPG(PB08)_R6,R,cb_intrinsic,10
28701,ER3d_b,ER3d_b_R,R,cb_intrinsic,131313,EPG,EPG(PB08)_R6,R,cb_intrinsic,10
25709,ER2_c,ER2_c_L,L,cb_intrinsic,131313,EPG,EPG(PB08)_R6,R,cb_intrinsic,10
25447,ER3w_c,ER3w_c_R,R,cb_intrinsic,131313,EPG,EPG(PB08)_R6,R,cb_intrinsic,10
24459,ER4d,ER4d_L,L,cb_intrinsic,131313,EPG,EPG(PB08)_R6,R,cb_intrinsic,10
20678,ER2_d,ER2_d_R,R,cb_intrinsic,131313,EPG,EPG(PB08)_R6,R,cb_intrinsic,10
19737,ER4d,ER4d_R,R,cb_intrinsic,131313,EPG,EPG(PB08)_R6,R,cb_intrinsic,10
18058,ER2_b,ER2_b_L,L,cb_intrinsic,131313,EPG,EPG(PB08)_R6,R,cb_intrinsic,10
17679,ER2_d,ER2_d_R,R,cb_intrinsic,131313,EPG,EPG(PB08)_R6,R,cb_intrinsic,10
16598,ER3w_b,ER3w_b_R,R,cb_intrinsic,131313,EPG,EPG(PB08)_R6,R,cb_intrinsic,10
517059,ER2_a,ER2_a_L,L,cb_intrinsic,513517,EPG,EPG(PB08)_L4,L,cb_intrinsic,10
515761,ER3p_a,ER3p_a_R,R,cb_intrinsic,513517,EPG,EPG(PB08)_L4,L,cb_intrinsic,10
513678,ER3w_b,ER3w_b_R,R,cb_intrinsic,513517,EPG,EPG(PB08)_L4,L,cb_intrinsic,10
71503,ER1_c,ER1_c_R,R,cb_intrinsic,513517,EPG,EPG(PB08)_L4,L,cb_intrinsic,10
53745,ER3p_a,ER3p_a_L,L,cb_intrinsic,513517,EPG,EPG(PB08)_L4,L,cb_intrinsic,10
48096,ER3p_a,ER3p_a_L,L,cb_intrinsic,513517,EPG,EPG(PB08)_L4,L,cb_intrinsic,10
47186,ER3m,ER3m_R,R,cb_intrinsic,513517,EPG,EPG(PB08)_L4,L,cb_intrinsic,10
46341,ER3w_b,ER3w_b_L,L,cb_intrinsic,513517,EPG,EPG(PB08)_L4,L,cb_intrinsic,10
46262,ER3d_b,ER3d_b_L,L,cb_intrinsic,513517,EPG,EPG(PB08)_L4,L,cb_intrinsic,10
36235,ER1_c,ER1_c_L,L,cb_intrinsic,513517,EPG,EPG(PB08)_L4,L,cb_intrinsic,10
30371,ER1_a,ER1_a_R,R,cb_intrinsic,513517,EPG,EPG(PB08)_L4,L,cb_intrinsic,10
29177,ER3d_b,ER3d_b_R,R,cb_intrinsic,513517,EPG,EPG(PB08)_L4,L,cb_intrinsic,10
24093,ER3w_a,ER3w_a_R,R,cb_intrinsic,513517,EPG,EPG(PB08)_L4,L,cb_intrinsic,10
23097,ER2_a,ER2_a_L,L,cb_intrinsic,513517,EPG,EPG(PB08)_L4,L,cb_intrinsic,10
22461,ER4d,ER4d_R,R,cb_intrinsic,513517,EPG,EPG(PB08)_L4,L,cb_intrinsic,10
16598,ER3w_b,ER3w_b_R,R,cb_intrinsic,513517,EPG,EPG(PB08)_L4,L,cb_intrinsic,10
16343,ER4d,ER4d_R,R,cb_intrinsic,513517,EPG,EPG(PB08)_L4,L,cb_intrinsic,10
524075,ER2_d,ER2_d_L,L,cb_intrinsic,556347,EPG,EPG(PB08)_R4,R,cb_intrinsic,10
523788,ER3w_a,ER3w_a_R,R,cb_intrinsic,556347,EPG,EPG(PB08)_R4,R,cb_intrinsic,10
518690,ER1_b,ER1_b_R,R,cb_intrinsic,556347,EPG,EPG(PB08)_R4,R,cb_intrinsic,10
514042,ER2_b,ER2_b_L,L,cb_intrinsic,556347,EPG,EPG(PB08)_R4,R,cb_intrinsic,10
69319,ER1_a,ER1_a_R,R,cb_intrinsic,556347,EPG,EPG(PB08)_R4,R,cb_intrinsic,10
53745,ER3p_a,ER3p_a_L,L,cb_intrinsic,556347,EPG,EPG(PB08)_R4,R,cb_intrinsic,10
48096,ER3p_a,ER3p_a_L,L,cb_intrinsic,556347,EPG,EPG(PB08)_R4,R,cb_intrinsic,10
46242,ER3w_a,ER3w_a_L,L,cb_intrinsic,556347,EPG,EPG(PB08)_R4,R,cb_intrinsic,10
31735,ER1_a,ER1_a_L,L,cb_intrinsic,556347,EPG,EPG(PB08)_R4,R,cb_intrinsic,10
25709,ER2_c,ER2_c_L,L,cb_intrinsic,556347,EPG,EPG(PB08)_R4,R,cb_intrinsic,10
24549,ER3w_c,ER3w_c_L,L,cb_intrinsic,556347,EPG,EPG(PB08)_R4,R,cb_intrinsic,10
20559,ER2_a,ER2_a_L,L,cb_intrinsic,556347,EPG,EPG(PB08)_R4,R,cb_intrinsic,10
526552,ER3w_b,ER3w_b_R,R,cb_intrinsic,521409,EPG,EPG(PB08)_L8,L,cb_intrinsic,10
524075,ER2_d,ER2_d_L,L,cb_intrinsic,521409,EPG,EPG(PB08)_L8,L,cb_intrinsic,10
514180,ER3p_b,ER3p_b_R,R,cb_intrinsic,521409,EPG,EPG(PB08)_L8,L,cb_intrinsic,10
47186,ER3m,ER3m_R,R,cb_intrinsic,521409,EPG,EPG(PB08)_L8,L,cb_intrinsic,10
36384,ER1_b,ER1_b_R,R,cb_intrinsic,521409,EPG,EPG(PB08)_L8,L,cb_intrinsic,10
27806,ER3p_a,ER3p_a_R,R,cb_intrinsic,521409,EPG,EPG(PB08)_L8,L,cb_intrinsic,10
25501,ER3w_b,ER3w_b_L,L,cb_intrinsic,521409,EPG,EPG(PB08)_L8,L,cb_intrinsic,10
23520,ER4d,ER4d_L,L,cb_intrinsic,521409,EPG,EPG(PB08)_L8,L,cb_intrinsic,10
22461,ER4d,ER4d_R,R,cb_intrinsic,521409,EPG,EPG(PB08)_L8,L,cb_intrinsic,10
20653,ER4d,ER4d_L,L,cb_intrinsic,521409,EPG,EPG(PB08)_L8,L,cb_intrinsic,10
20559,ER2_a,ER2_a_L,L,cb_intrinsic,521409,EPG,EPG(PB08)_L8,L,cb_intrinsic,10
19917,ER2_c,ER2_c_R,R,cb_intrinsic,521409,EPG,EPG(PB08)_L8,L,cb_intrinsic,10
18058,ER2_b,ER2_b_L,L,cb_intrinsic,521409,EPG,EPG(PB08)_L8,L,cb_intrinsic,10
16598,ER3w_b,ER3w_b_R,R,cb_intrinsic,521409,EPG,EPG(PB08)_L8,L,cb_intrinsic,10
544496,ER3a_c,ER3a_c_R,R,cb_intrinsic,513463,EPG,EPG(PB08)_R2,R,cb_intrinsic,10
529847,ER3m,ER3m_L,L,cb_intrinsic,513463,EPG,EPG(PB08)_R2,R,cb_intrinsic,10
518690,ER1_b,ER1_b_R,R,cb_intrinsic,513463,EPG,EPG(PB08)_R2,R,cb_intrinsic,10
512319,ER6,ER6_L,L,cb_intrinsic,513463,EPG,EPG(PB08)_R2,R,cb_intrinsic,10
511857,ER1_c,ER1_c_L,L,cb_intrinsic,513463,EPG,EPG(PB08)_R2,R,cb_intrinsic,10
42241,ER1_b,ER1_b_R,R,cb_intrinsic,513463,EPG,EPG(PB08)_R2,R,cb_intrinsic,10
37437,ER3d_e,ER3d_e_L,L,cb_intrinsic,513463,EPG,EPG(PB08)_R2,R,cb_intrinsic,10
27013,ER3m,ER3m_L,L,cb_intrinsic,513463,EPG,EPG(PB08)_R2,R,cb_intrinsic,10
25203,ER3w_c,ER3w_c_L,L,cb_intrinsic,513463,EPG,EPG(PB08)_R2,R,cb_intrinsic,10
22644,ER3d_a,ER3d_a_R,R,cb_intrinsic,513463,EPG,EPG(PB08)_R2,R,cb_intrinsic,10
21664,ER3d_e,ER3d_e_R,R,cb_intrinsic,513463,EPG,EPG(PB08)_R2,R,cb_intrinsic,10
19410,ER4d,ER4d_L,L,cb_intrinsic,513463,EPG,EPG(PB08)_R2,R,cb_intrinsic,10
19169,ER3m,ER3m_L,L,cb_intrinsic,513463,EPG,EPG(PB08)_R2,R,cb_intrinsic,10
15444,ER2_d,ER2_d_L,L,cb_intrinsic,513463,EPG,EPG(PB08)_R2,R,cb_intrinsic,10
518690,ER1_b,ER1_b_R,R,cb_intrinsic,520818,EPG,EPG(PB08)_L4,L,cb_intrinsic,10
48291,ER3w_b,ER3w_b_L,L,cb_intrinsic,520818,EPG,EPG(PB08)_L4,L,cb_intrinsic,10
46089,ER3p_a,ER3p_a_L,L,cb_intrinsic,520818,EPG,EPG(PB08)_L4,L,cb_intrinsic,10
44010,ER3w_b,ER3w_b_L,L,cb_intrinsic,520818,EPG,EPG(PB08)_L4,L,cb_intrinsic,10
42509,ER1_a,ER1_a_R,R,cb_intrinsic,520818,EPG,EPG(PB08)_L4,L,cb_intrinsic,10
40213,ER1_b,ER1_b_L,L,cb_intrinsic,520818,EPG,EPG(PB08)_L4,L,cb_intrinsic,10
39095,ER1_a,ER1_a_L,L,cb_intrinsic,520818,EPG,EPG(PB08)_L4,L,cb_intrinsic,10
27850,ER3w_b,ER3w_b_R,R,cb_intrinsic,520818,EPG,EPG(PB08)_L4,L,cb_intrinsic,10
26843,ER3w_b,ER3w_b_R,R,cb_intrinsic,520818,EPG,EPG(PB08)_L4,L,cb_intrinsic,10
25797,ER4d,ER4d_L,L,cb_intrinsic,520818,EPG,EPG(PB08)_L4,L,cb_intrinsic,10
25501,ER3w_b,ER3w_b_L,L,cb_intrinsic,520818,EPG,EPG(PB08)_L4,L,cb_intrinsic,10
25447,ER3w_c,ER3w_c_R,R,cb_intrinsic,520818,EPG,EPG(PB08)_L4,L,cb_intrinsic,10
24549,ER3w_c,ER3w_c_L,L,cb_intrinsic,520818,EPG,EPG(PB08)_L4,L,cb_intrinsic,10
24122,ER4d,ER4d_R,R,cb_intrinsic,520818,EPG,EPG(PB08)_L4,L,cb_intrinsic,10
19737,ER4d,ER4d_R,R,cb_intrinsic,520818,EPG,EPG(PB08)_L4,L,cb_intrinsic,10
526552,ER3w_b,ER3w_b_R,R,cb_intrinsic,12449,EPG,EPG(PB08)_L5,L,cb_intrinsic,10
72491,ER1_c,ER1_c_R,R,cb_intrinsic,12449,EPG,EPG(PB08)_L5,L,cb_intrinsic,10
44010,ER3w_b,ER3w_b_L,L,cb_intrinsic,12449,EPG,EPG(PB08)_L5,L,cb_intrinsic,10
42509,ER1_a,ER1_a_R,R,cb_intrinsic,12449,EPG,EPG(PB08)_L5,L,cb_intrinsic,10
42241,ER1_b,ER1_b_R,R,cb_intrinsic,12449,EPG,EPG(PB08)_L5,L,cb_intrinsic,10
35978,ER1_b,ER1_b_L,L,cb_intrinsic,12449,EPG,EPG(PB08)_L5,L,cb_intrinsic,10
22461,ER4d,ER4d_R,R,cb_intrinsic,12449,EPG,EPG(PB08)_L5,L,cb_intrinsic,10
20980,ER4d,ER4d_R,R,cb_intrinsic,12449,EPG,EPG(PB08)_L5,L,cb_intrinsic,10
19791,ER4d,ER4d_L,L,cb_intrinsic,12449,EPG,EPG(PB08)_L5,L,cb_intrinsic,10
18058,ER2_b,ER2_b_L,L,cb_intrinsic,12449,EPG,EPG(PB08)_L5,L,cb_intrinsic,10
17591,ER4d,ER4d_R,R,cb_intrinsic,12449,EPG,EPG(PB08)_L5,L,cb_intrinsic,10
526552,ER3w_b,ER3w_b_R,R,cb_intrinsic,10539,EPG,EPG(PB08)_R2,R,cb_intrinsic,10
513346,ER3w_b,ER3w_b_R,R,cb_intrinsic,10539,EPG,EPG(PB08)_R2,R,cb_intrinsic,10
512608,ER3d_b,ER3d_b_R,R,cb_intrinsic,10539,EPG,EPG(PB08)_R2,R,cb_intrinsic,10
59337,ER3w_b,ER3w_b_L,L,cb_intrinsic,10539,EPG,EPG(PB08)_R2,R,cb_intrinsic,10
49002,ER3p_a,ER3p_a_L,L,cb_intrinsic,10539,EPG,EPG(PB08)_R2,R,cb_intrinsic,10
44814,ER3m,ER3m_L,L,cb_intrinsic,10539,EPG,EPG(PB08)_R2,R,cb_intrinsic,10
26939,ER3m,ER3m_R,R,cb_intrinsic,10539,EPG,EPG(PB08)_R2,R,cb_intrinsic,10
26798,ER1_a,ER1_a_L,L,cb_intrinsic,10539,EPG,EPG(PB08)_R2,R,cb_intrinsic,10
16598,ER3w_b,ER3w_b_R,R,cb_intrinsic,10539,EPG,EPG(PB08)_R2,R,cb_intrinsic,10
526143,ER3w_b,ER3w_b_L,L,cb_intrinsic,14727,EPG,EPG(PB08)_L7,L,cb_intrinsic,10
517264,ER3w_a,ER3w_a_R,R,cb_intrinsic,14727,EPG,EPG(PB08)_L7,L,cb_intrinsic,10
514042,ER2_b,ER2_b_L,L,cb_intrinsic,14727,EPG,EPG(PB08)_L7,L,cb_intrinsic,10
46707,ER3w_a,ER3w_a_L,L,cb_intrinsic,14727,EPG,EPG(PB08)_L7,L,cb_intrinsic,10
46262,ER3d_b,ER3d_b_L,L,cb_intrinsic,14727,EPG,EPG(PB08)_L7,L,cb_intrinsic,10
44422,ER3m,ER3m_L,L,cb_intrinsic,14727,EPG,EPG(PB08)_L7,L,cb_intrinsic,10
44010,ER3w_b,ER3w_b_L,L,cb_intrinsic,14727,EPG,EPG(PB08)_L7,L,cb_intrinsic,10
39095,ER1_a,ER1_a_L,L,cb_intrinsic,14727,EPG,EPG(PB08)_L7,L,cb_intrinsic,10
38084,ER3m,ER3m_L,L,cb_intrinsic,14727,EPG,EPG(PB08)_L7,L,cb_intrinsic,10
37817,ER3d_e,ER3d_e_R,R,cb_intrinsic,14727,EPG,EPG(PB08)_L7,L,cb_intrinsic,10
36235,ER1_c,ER1_c_L,L,cb_intrinsic,14727,EPG,EPG(PB08)_L7,L,cb_intrinsic,10
27850,ER3w_b,ER3w_b_R,R,cb_intrinsic,14727,EPG,EPG(PB08)_L7,L,cb_intrinsic,10
26843,ER3w_b,ER3w_b_R,R,cb_intrinsic,14727,EPG,EPG(PB08)_L7,L,cb_intrinsic,10
26939,ER3m,ER3m_R,R,cb_intrinsic,14727,EPG,EPG(PB08)_L7,L,cb_intrinsic,10
25494,ER3d_e,ER3d_e_L,L,cb_intrinsic,14727,EPG,EPG(PB08)_L7,L,cb_intrinsic,10
24459,ER4d,ER4d_L,L,cb_intrinsic,14727,EPG,EPG(PB08)_L7,L,cb_intrinsic,10
21059,ER2_d,ER2_d_R,R,cb_intrinsic,14727,EPG,EPG(PB08)_L7,L,cb_intrinsic,10
19791,ER4d,ER4d_L,L,cb_intrinsic,14727,EPG,EPG(PB08)_L7,L,cb_intrinsic,10
16818,ER4d,ER4d_R,R,cb_intrinsic,14727,EPG,EPG(PB08)_L7,L,cb_intrinsic,10
513379,ER5,ER5_R,R,cb_intrinsic,519140,EPG,EPG(PB08)_L1,L,cb_intrinsic,10
80867,ER1_a,ER1_a_R,R,cb_intrinsic,519140,EPG,EPG(PB08)_L1,L,cb_intrinsic,10
72491,ER1_c,ER1_c_R,R,cb_intrinsic,519140,EPG,EPG(PB08)_L1,L,cb_intrinsic,10
47186,ER3m,ER3m_R,R,cb_intrinsic,519140,EPG,EPG(PB08)_L1,L,cb_intrinsic,10
46262,ER3d_b,ER3d_b_L,L,cb_intrinsic,519140,EPG,EPG(PB08)_L1,L,cb_intrinsic,10
45839,ER3d_b,ER3d_b_L,L,cb_intrinsic,519140,EPG,EPG(PB08)_L1,L,cb_intrinsic,10
38268,ER1_b,ER1_b_R,R,cb_intrinsic,519140,EPG,EPG(PB08)_L1,L,cb_intrinsic,10
37058,ER1_b,ER1_b_R,R,cb_intrinsic,519140,EPG,EPG(PB08)_L1,L,cb_intrinsic,10
30371,ER1_a,ER1_a_R,R,cb_intrinsic,519140,EPG,EPG(PB08)_L1,L,cb_intrinsic,10
30178,ER3d_b,ER3d_b_R,R,cb_intrinsic,519140,EPG,EPG(PB08)_L1,L,cb_intrinsic,10
28627,ER3m,ER3m_L,L,cb_intrinsic,519140,EPG,EPG(PB08)_L1,L,cb_intrinsic,10
27454,ER3d_c,ER3d_c_R,R,cb_intrinsic,519140,EPG,EPG(PB08)_L1,L,cb_intrinsic,10
26295,ER3m,ER3m_R,R,cb_intrinsic,519140,EPG,EPG(PB08)_L1,L,cb_intrinsic,10
25329,ER3d_c,ER3d_c_L,L,cb_intrinsic,519140,EPG,EPG(PB08)_L1,L,cb_intrinsic,10
16818,ER4d,ER4d_R,R,cb_intrinsic,519140,EPG,EPG(PB08)_L1,L,cb_intrinsic,10
71503,ER1_c,ER1_c_R,R,cb_intrinsic,15616,EPG,EPG(PB08)_R3,R,cb_intrinsic,10
48096,ER3p_a,ER3p_a_L,L,cb_intrinsic,15616,EPG,EPG(PB08)_R3,R,cb_intrinsic,10
44909,ER5,ER5_L,L,cb_intrinsic,15616,EPG,EPG(PB08)_R3,R,cb_intrinsic,10
38306,ER3d_a,ER3d_a_L,L,cb_intrinsic,15616,EPG,EPG(PB08)_R3,R,cb_intrinsic,10
31684,ER3d_a,ER3d_a_R,R,cb_intrinsic,15616,EPG,EPG(PB08)_R3,R,cb_intrinsic,10
27348,ER3m,ER3m_L,L,cb_intrinsic,15616,EPG,EPG(PB08)_R3,R,cb_intrinsic,10
27013,ER3m,ER3m_L,L,cb_intrinsic,15616,EPG,EPG(PB08)_R3,R,cb_intrinsic,10
24459,ER4d,ER4d_L,L,cb_intrinsic,15616,EPG,EPG(PB08)_R3,R,cb_intrinsic,10
24122,ER4d,ER4d_R,R,cb_intrinsic,15616,EPG,EPG(PB08)_R3,R,cb_intrinsic,10
22644,ER3d_a,ER3d_a_R,R,cb_intrinsic,15616,EPG,EPG(PB08)_R3,R,cb_intrinsic,10
19569,ER2_c,ER2_c_R,R,cb_intrinsic,15616,EPG,EPG(PB08)_R3,R,cb_intrinsic,10
19169,ER3m,ER3m_L,L,cb_intrinsic,15616,EPG,EPG(PB08)_R3,R,cb_intrinsic,10
17078,ER5,ER5_R,R,cb_intrinsic,15616,EPG,EPG(PB08)_R3,R,cb_intrinsic,10
526552,ER3w_b,ER3w_b_R,R,cb_intrinsic,16360,EPG,EPG(PB08)_L6,L,cb_intrinsic,10
526143,ER3w_b,ER3w_b_L,L,cb_intrinsic,16360,EPG,EPG(PB08)_L6,L,cb_intrinsic,10
514803,ER2_b,ER2_b_L,L,cb_intrinsic,16360,EPG,EPG(PB08)_L6,L,cb_intrinsic,10
46707,ER3w_a,ER3w_a_L,L,cb_intrinsic,16360,EPG,EPG(PB08)_L6,L,cb_intrinsic,10
36235,ER1_c,ER1_c_L,L,cb_intrinsic,16360,EPG,EPG(PB08)_L6,L,cb_intrinsic,10
29545,ER3w_b,ER3w_b_R,R,cb_intrinsic,16360,EPG,EPG(PB08)_L6,L,cb_intrinsic,10
26939,ER3m,ER3m_R,R,cb_intrinsic,16360,EPG,EPG(PB08)_L6,L,cb_intrinsic,10
26673,ER3w_b,ER3w_b_L,L,cb_intrinsic,16360,EPG,EPG(PB08)_L6,L,cb_intrinsic,10
24093,ER3w_a,ER3w_a_R,R,cb_intrinsic,16360,EPG,EPG(PB08)_L6,L,cb_intrinsic,10
23874,ER4d,ER4d_R,R,cb_intrinsic,16360,EPG,EPG(PB08)_L6,L,cb_intrinsic,10
23315,ER4d,ER4d_L,L,cb_intrinsic,16360,EPG,EPG(PB08)_L6,L,cb_intrinsic,10
20605,ER2_a,ER2_a_L,L,cb_intrinsic,16360,EPG,EPG(PB08)_L6,L,cb_intrinsic,10
13999,ER3w_c,ER3w_c_R,R,cb_intrinsic,16360,EPG,EPG(PB08)_L6,L,cb_intrinsic,10
527653,ER4d,ER4d_L,L,cb_intrinsic,515675,EPG,EPG(PB08)_R1,R,cb_intrinsic,10
45839,ER3d_b,ER3d_b_L,L,cb_intrinsic,515675,EPG,EPG(PB08)_R1,R,cb_intrinsic,10
44422,ER3m,ER3m_L,L,cb_intrinsic,515675,EPG,EPG(PB08)_R1,R,cb_intrinsic,10
42241,ER1_b,ER1_b_R,R,cb_intrinsic,515675,EPG,EPG(PB08)_R1,R,cb_intrinsic,10
38084,ER3m,ER3m_L,L,cb_intrinsic,515675,EPG,EPG(PB08)_R1,R,cb_intrinsic,10
31684,ER3d_a,ER3d_a_R,R,cb_intrinsic,515675,EPG,EPG(PB08)_R1,R,cb_intrinsic,10
31681,ER1_a,ER1_a_R,R,cb_intrinsic,515675,EPG,EPG(PB08)_R1,R,cb_intrinsic,10
27269,ER3d_c,ER3d_c_L,L,cb_intrinsic,515675,EPG,EPG(PB08)_R1,R,cb_intrinsic,10
27013,ER3m,ER3m_L,L,cb_intrinsic,515675,EPG,EPG(PB08)_R1,R,cb_intrinsic,10
24879,ER4d,ER4d_L,L,cb_intrinsic,515675,EPG,EPG(PB08)_R1,R,cb_intrinsic,10
23703,ER1_b,ER1_b_R,R,cb_intrinsic,515675,EPG,EPG(PB08)_R1,R,cb_intrinsic,10
529847,ER3m,ER3m_L,L,cb_intrinsic,514126,EPG,EPG(PB08)_R5,R,cb_intrinsic,10
527199,ER3d_e,ER3d_e_L,L,cb_intrinsic,514126,EPG,EPG(PB08)_R5,R,cb_intrinsic,10
512608,ER3d_b,ER3d_b_R,R,cb_intrinsic,514126,EPG,EPG(PB08)_R5,R,cb_intrinsic,10
512606,ER3w_c,ER3w_c_L,L,cb_intrinsic,514126,EPG,EPG(PB08)_R5,R,cb_intrinsic,10
50694,ER3w_b,ER3w_b_L,L,cb_intrinsic,514126,EPG,EPG(PB08)_R5,R,cb_intrinsic,10
48291,ER3w_b,ER3w_b_L,L,cb_intrinsic,514126,EPG,EPG(PB08)_R5,R,cb_intrinsic,10
48096,ER3p_a,ER3p_a_L,L,cb_intrinsic,514126,EPG,EPG(PB08)_R5,R,cb_intrinsic,10
45134,ER3p_b,ER3p_b_L,L,cb_intrinsic,514126,EPG,EPG(PB08)_R5,R,cb_intrinsic,10
44909,ER5,ER5_L,L,cb_intrinsic,514126,EPG,EPG(PB08)_R5,R,cb_intrinsic,10
43683,ER3w_a,ER3w_a_R,R,cb_intrinsic,514126,EPG,EPG(PB08)_R5,R,cb_intrinsic,10
41665,ER3a_c,ER3a_c_L,L,cb_intrinsic,514126,EPG,EPG(PB08)_R5,R,cb_intrinsic,10
38268,ER1_b,ER1_b_R,R,cb_intrinsic,514126,EPG,EPG(PB08)_R5,R,cb_intrinsic,10
37105,ER1_b,ER1_b_L,L,cb_intrinsic,514126,EPG,EPG(PB08)_R5,R,cb_intrinsic,10
36235,ER1_c,ER1_c_L,L,cb_intrinsic,514126,EPG,EPG(PB08)_R5,R,cb_intrinsic,10
35641,ER3d_c,ER3d_c_L,L,cb_intrinsic,514126,EPG,EPG(PB08)_R5,R,cb_intrinsic,10
30206,ER5,ER5_R,R,cb_intrinsic,514126,EPG,EPG(PB08)_R5,R,cb_intrinsic,10
28627,ER3m,ER3m_L,L,cb_intrinsic,514126,EPG,EPG(PB08)_R5,R,cb_intrinsic,10
26136,ER2_b,ER2_b_R,R,cb_intrinsic,514126,EPG,EPG(PB08)_R5,R,cb_intrinsic,10
25841,ER3w_b,ER3w_b_L,L,cb_intrinsic,514126,EPG,EPG(PB08)_R5,R,cb_intrinsic,10
25494,ER3d_e,ER3d_e_L,L,cb_intrinsic,514126,EPG,EPG(PB08)_R5,R,cb_intrinsic,10
21449,ER2_c,ER2_c_R,R,cb_intrinsic,514126,EPG,EPG(PB08)_R5,R,cb_intrinsic,10
522806,ER3d_c,ER3d_c_R,R,cb_intrinsic,513520,EPG,EPG(PB08)_R6,R,cb_intrinsic,10
517059,ER2_a,ER2_a_L,L,cb_intrinsic,513520,EPG,EPG(PB08)_R6,R,cb_intrinsic,10
513346,ER3w_b,ER3w_b_R,R,cb_intrinsic,513520,EPG,EPG(PB08)_R6,R,cb_intrinsic,10
512606,ER3w_c,ER3w_c_L,L,cb_intrinsic,513520,EPG,EPG(PB08)_R6,R,cb_intrinsic,10
48291,ER3w_b,ER3w_b_L,L,cb_intrinsic,513520,EPG,EPG(PB08)_R6,R,cb_intrinsic,10
45134,ER3p_b,ER3p_b_L,L,cb_intrinsic,513520,EPG,EPG(PB08)_R6,R,cb_intrinsic,10
36730,ER1_b,ER1_b_L,L,cb_intrinsic,513520,EPG,EPG(PB08)_R6,R,cb_intrinsic,10
27348,ER3m,ER3m_L,L,cb_intrinsic,513520,EPG,EPG(PB08)_R6,R,cb_intrinsic,10
23703,ER1_b,ER1_b_R,R,cb_intrinsic,513520,EPG,EPG(PB08)_R6,R,cb_intrinsic,10
21882,ER2_a,ER2_a_L,L,cb_intrinsic,513520,EPG,EPG(PB08)_R6,R,cb_intrinsic,10
20590,ER2_a,ER2_a_R,R,cb_intrinsic,513520,EPG,EPG(PB08)_R6,R,cb_intrinsic,10
20253,ER2_a,ER2_a_R,R,cb_intrinsic,513520,EPG,EPG(PB08)_R6,R,cb_intrinsic,10
19569,ER2_c,ER2_c_R,R,cb_intrinsic,513520,EPG,EPG(PB08)_R6,R,cb_intrinsic,10
19410,ER4d,ER4d_L,L,cb_intrinsic,513520,EPG,EPG(PB08)_R6,R,cb_intrinsic,10
517602,ER3p_a,ER3p_a_R,R,cb_intrinsic,11874,EPG,EPG(PB08)_L7,L,cb_intrinsic,10
512607,ER3p_a,ER3p_a_R,R,cb_intrinsic,11874,EPG,EPG(PB08)_L7,L,cb_intrinsic,10
47186,ER3m,ER3m_R,R,cb_intrinsic,11874,EPG,EPG(PB08)_L7,L,cb_intrinsic,10
46262,ER3d_b,ER3d_b_L,L,cb_intrinsic,11874,EPG,EPG(PB08)_L7,L,cb_intrinsic,10
39798,ER5,ER5_L,L,cb_intrinsic,11874,EPG,EPG(PB08)_L7,L,cb_intrinsic,10
31681,ER1_a,ER1_a_R,R,cb_intrinsic,11874,EPG,EPG(PB08)_L7,L,cb_intrinsic,10
27770,ER3w_b,ER3w_b_R,R,cb_intrinsic,11874,EPG,EPG(PB08)_L7,L,cb_intrinsic,10
26939,ER3m,ER3m_R,R,cb_intrinsic,11874,EPG,EPG(PB08)_L7,L,cb_intrinsic,10
24879,ER4d,ER4d_L,L,cb_intrinsic,11874,EPG,EPG(PB08)_L7,L,cb_intrinsic,10
19917,ER2_c,ER2_c_R,R,cb_intrinsic,11874,EPG,EPG(PB08)_L7,L,cb_intrinsic,10
18664,ER2_c,ER2_c_R,R,cb_intrinsic,11874,EPG,EPG(PB08)_L7,L,cb_intrinsic,10
18377,ER3w_b,ER3w_b_L,L,cb_intrinsic,11874,EPG,EPG(PB08)_L7,L,cb_intrinsic,10
17679,ER2_d,ER2_d_R,R,cb_intrinsic,11874,EPG,EPG(PB08)_L7,L,cb_intrinsic,10
16598,ER3w_b,ER3w_b_R,R,cb_intrinsic,11874,EPG,EPG(PB08)_L7,L,cb_intrinsic,10
522745,ER2_c,ER2_c_L,L,cb_intrinsic,512514,EPG,EPG(PB08)_L1,L,cb_intrinsic,10
50808,ER4d,ER4d_L,L,cb_intrinsic,512514,EPG,EPG(PB08)_L1,L,cb_intrinsic,10
47036,ER3d_a,ER3d_a_R,R,cb_intrinsic,512514,EPG,EPG(PB08)_L1,L,cb_intrinsic,10
38306,ER3d_a,ER3d_a_L,L,cb_intrinsic,512514,EPG,EPG(PB08)_L1,L,cb_intrinsic,10
38084,ER3m,ER3m_L,L,cb_intrinsic,512514,EPG,EPG(PB08)_L1,L,cb_intrinsic,10
28339,ER4d,ER4d_R,R,cb_intrinsic,512514,EPG,EPG(PB08)_L1,L,cb_intrinsic,10
25797,ER4d,ER4d_L,L,cb_intrinsic,512514,EPG,EPG(PB08)_L1,L,cb_intrinsic,10
24076,ER4d,ER4d_R,R,cb_intrinsic,512514,EPG,EPG(PB08)_L1,L,cb_intrinsic,10
22644,ER3d_a,ER3d_a_R,R,cb_intrinsic,512514,EPG,EPG(PB08)_L1,L,cb_intrinsic,10
19900,ER2_c,ER2_c_L,L,cb_intrinsic,512514,EPG,EPG(PB08)_L1,L,cb_intrinsic,10
16343,ER4d,ER4d_R,R,cb_intrinsic,512514,EPG,EPG(PB08)_L1,L,cb_intrinsic,10
512607,ER3p_a,ER3p_a_R,R,cb_intrinsic,88342,EPG,EPG(PB08)_L3,L,cb_intrinsic,10
36235,ER1_c,ER1_c_L,L,cb_intrinsic,88342,EPG,EPG(PB08)_L3,L,cb_intrinsic,10
32315,ER1_a,ER1_a_L,L,cb_intrinsic,88342,EPG,EPG(PB08)_L3,L,cb_intrinsic,10
30206,ER5,ER5_R,R,cb_intrinsic,88342,EPG,EPG(PB08)_L3,L,cb_intrinsic,10
26939,ER3m,ER3m_R,R,cb_intrinsic,88342,EPG,EPG(PB08)_L3,L,cb_intrinsic,10
24879,ER4d,ER4d_L,L,cb_intrinsic,88342,EPG,EPG(PB08)_L3,L,cb_intrinsic,10
19900,ER2_c,ER2_c_L,L,cb_intrinsic,88342,EPG,EPG(PB08)_L3,L,cb_intrinsic,10
18508,ER2_c,ER2_c_L,L,cb_intrinsic,88342,EPG,EPG(PB08)_L3,L,cb_intrinsic,10
18377,ER3w_b,ER3w_b_L,L,cb_intrinsic,88342,EPG,EPG(PB08)_L3,L,cb_intrinsic,10
16818,ER4d,ER4d_R,R,cb_intrinsic,88342,EPG,EPG(PB08)_L3,L,cb_intrinsic,10
59337,ER3w_b,ER3w_b_L,L,cb_intrinsic,15713,EPG,EPG(PB08)_L6,L,cb_intrinsic,10
53618,ER3p_b,ER3p_b_L,L,cb_intrinsic,15713,EPG,EPG(PB08)_L6,L,cb_intrinsic,10
37105,ER1_b,ER1_b_L,L,cb_intrinsic,15713,EPG,EPG(PB08)_L6,L,cb_intrinsic,10
31681,ER1_a,ER1_a_R,R,cb_intrinsic,15713,EPG,EPG(PB08)_L6,L,cb_intrinsic,10
27013,ER3m,ER3m_L,L,cb_intrinsic,15713,EPG,EPG(PB08)_L6,L,cb_intrinsic,10
26673,ER3w_b,ER3w_b_L,L,cb_intrinsic,15713,EPG,EPG(PB08)_L6,L,cb_intrinsic,10
25297,ER3w_a,ER3w_a_R,R,cb_intrinsic,15713,EPG,EPG(PB08)_L6,L,cb_intrinsic,10
23520,ER4d,ER4d_L,L,cb_intrinsic,15713,EPG,EPG(PB08)_L6,L,cb_intrinsic,10
21449,ER2_c,ER2_c_R,R,cb_intrinsic,15713,EPG,EPG(PB08)_L6,L,cb_intrinsic,10
21059,ER2_d,ER2_d_R,R,cb_intrinsic,15713,EPG,EPG(PB08)_L6,L,cb_intrinsic,10
20980,ER4d,ER4d_R,R,cb_intrinsic,15713,EPG,EPG(PB08)_L6,L,cb_intrinsic,10
16343,ER4d,ER4d_R,R,cb_intrinsic,15713,EPG,EPG(PB08)_L6,L,cb_intrinsic,10
15444,ER2_d,ER2_d_L,L,cb_intrinsic,15713,EPG,EPG(PB08)_L6,L,cb_intrinsic,10
517264,ER3w_a,ER3w_a_R,R,cb_intrinsic,520581,EPG,EPG(PB08)_R4,R,cb_intrinsic,10
515761,ER3p_a,ER3p_a_R,R,cb_intrinsic,520581,EPG,EPG(PB08)_R4,R,cb_intrinsic,10
80867,ER1_a,ER1_a_R,R,cb_intrinsic,520581,EPG,EPG(PB08)_R4,R,cb_intrinsic,10
50888,ER2_c,ER2_c_L,L,cb_intrinsic,520581,EPG,EPG(PB08)_R4,R,cb_intrinsic,10
50694,ER3w_b,ER3w_b_L,L,cb_intrinsic,520581,EPG,EPG(PB08)_R4,R,cb_intrinsic,10
47036,ER3d_a,ER3d_a_R,R,cb_intrinsic,520581,EPG,EPG(PB08)_R4,R,cb_intrinsic,10
46707,ER3w_a,ER3w_a_L,L,cb_intrinsic,520581,EPG,EPG(PB08)_R4,R,cb_intrinsic,10
35641,ER3d_c,ER3d_c_L,L,cb_intrinsic,520581,EPG,EPG(PB08)_R4,R,cb_intrinsic,10
31735,ER1_a,ER1_a_L,L,cb_intrinsic,520581,EPG,EPG(PB08)_R4,R,cb_intrinsic,10
28339,ER4d,ER4d_R,R,cb_intrinsic,520581,EPG,EPG(PB08)_R4,R,cb_intrinsic,10
27806,ER3p_a,ER3p_a_R,R,cb_intrinsic,520581,EPG,EPG(PB08)_R4,R,cb_intrinsic,10
26843,ER3w_b,ER3w_b_R,R,cb_intrinsic,520581,EPG,EPG(PB08)_R4,R,cb_intrinsic,10
26295,ER3m,ER3m_R,R,cb_intrinsic,520581,EPG,EPG(PB08)_R4,R,cb_intrinsic,10
20605,ER2_a,ER2_a_L,L,cb_intrinsic,520581,EPG,EPG(PB08)_R4,R,cb_intrinsic,10
527653,ER4d,ER4d_L,L,cb_intrinsic,13217,EPG,EPG(PB08)_L8,L,cb_intrinsic,10
518690,ER1_b,ER1_b_R,R,cb_intrinsic,13217,EPG,EPG(PB08)_L8,L,cb_intrinsic,10
517264,ER3w_a,ER3w_a_R,R,cb_intrinsic,13217,EPG,EPG(PB08)_L8,L,cb_intrinsic,10
67174,ER1_a,ER1_a_R,R,cb_intrinsic,13217,EPG,EPG(PB08)_L8,L,cb_intrinsic,10
48318,ER3d_c,ER3d_c_L,L,cb_intrinsic,13217,EPG,EPG(PB08)_L8,L,cb_intrinsic,10
47859,ER3d_c,ER3d_c_R,R,cb_intrinsic,13217,EPG,EPG(PB08)_L8,L,cb_intrinsic,10
44830,ER3d_e,ER3d_e_R,R,cb_intrinsic,13217,EPG,EPG(PB08)_L8,L,cb_intrinsic,10
39095,ER1_a,ER1_a_L,L,cb_intrinsic,13217,EPG,EPG(PB08)_L8,L,cb_intrinsic,10
37437,ER3d_e,ER3d_e_L,L,cb_intrinsic,13217,EPG,EPG(PB08)_L8,L,cb_intrinsic,10
37105,ER1_b,ER1_b_L,L,cb_intrinsic,13217,EPG,EPG(PB08)_L8,L,cb_intrinsic,10
36384,ER1_b,ER1_b_R,R,cb_intrinsic,13217,EPG,EPG(PB08)_L8,L,cb_intrinsic,10
25841,ER3w_b,ER3w_b_L,L,cb_intrinsic,13217,EPG,EPG(PB08)_L8,L,cb_intrinsic,10
25203,ER3w_c,ER3w_c_L,L,cb_intrinsic,13217,EPG,EPG(PB08)_L8,L,cb_intrinsic,10
16818,ER4d,ER4d_R,R,cb_intrinsic,13217,EPG,EPG(PB08)_L8,L,cb_intrinsic,10
527653,ER4d,ER4d_L,L,cb_intrinsic,92188,EPG,EPG(PB08)_R7,R,cb_intrinsic,10
517264,ER3w_a,ER3w_a_R,R,cb_intrinsic,92188,EPG,EPG(PB08)_R7,R,cb_intrinsic,10
517059,ER2_a,ER2_a_L,L,cb_intrinsic,92188,EPG,EPG(PB08)_R7,R,cb_intrinsic,10
512607,ER3p_a,ER3p_a_R,R,cb_intrinsic,92188,EPG,EPG(PB08)_R7,R,cb_intrinsic,10
46707,ER3w_a,ER3w_a_L,L,cb_intrinsic,92188,EPG,EPG(PB08)_R7,R,cb_intrinsic,10
40213,ER1_b,ER1_b_L,L,cb_intrinsic,92188,EPG,EPG(PB08)_R7,R,cb_intrinsic,10
39503,ER3p_a,ER3p_a_L,L,cb_intrinsic,92188,EPG,EPG(PB08)_R7,R,cb_intrinsic,10
38268,ER1_b,ER1_b_R,R,cb_intrinsic,92188,EPG,EPG(PB08)_R7,R,cb_intrinsic,10
27269,ER3d_c,ER3d_c_L,L,cb_intrinsic,92188,EPG,EPG(PB08)_R7,R,cb_intrinsic,10
23197,ER4d,ER4d_L,L,cb_intrinsic,92188,EPG,EPG(PB08)_R7,R,cb_intrinsic,10
20317,ER2_c,ER2_c_L,L,cb_intrinsic,92188,EPG,EPG(PB08)_R7,R,cb_intrinsic,10
16818,ER4d,ER4d_R,R,cb_intrinsic,92188,EPG,EPG(PB08)_R7,R,cb_intrinsic,10
524075,ER2_d,ER2_d_L,L,cb_intrinsic,521812,EPG,EPG(PB08)_R7,R,cb_intrinsic,10
523788,ER3w_a,ER3w_a_R,R,cb_intrinsic,521812,EPG,EPG(PB08)_R7,R,cb_intrinsic,10
512607,ER3p_a,ER3p_a_R,R,cb_intrinsic,521812,EPG,EPG(PB08)_R7,R,cb_intrinsic,10
511857,ER1_c,ER1_c_L,L,cb_intrinsic,521812,EPG,EPG(PB08)_R7,R,cb_intrinsic,10
72491,ER1_c,ER1_c_R,R,cb_intrinsic,521812,EPG,EPG(PB08)_R7,R,cb_intrinsic,10
49002,ER3p_a,ER3p_a_L,L,cb_intrinsic,521812,EPG,EPG(PB08)_R7,R,cb_intrinsic,10
31735,ER1_a,ER1_a_L,L,cb_intrinsic,521812,EPG,EPG(PB08)_R7,R,cb_intrinsic,10
25797,ER4d,ER4d_L,L,cb_intrinsic,521812,EPG,EPG(PB08)_R7,R,cb_intrinsic,10
21645,ER2_a,ER2_a_L,L,cb_intrinsic,521812,EPG,EPG(PB08)_R7,R,cb_intrinsic,10
21059,ER2_d,ER2_d_R,R,cb_intrinsic,521812,EPG,EPG(PB08)_R7,R,cb_intrinsic,10
20980,ER4d,ER4d_R,R,cb_intrinsic,521812,EPG,EPG(PB08)_R7,R,cb_intrinsic,10
19410,ER4d,ER4d_L,L,cb_intrinsic,521812,EPG,EPG(PB08)_R7,R,cb_intrinsic,10
17679,ER2_d,ER2_d_R,R,cb_intrinsic,521812,EPG,EPG(PB08)_R7,R,cb_intrinsic,10
17591,ER4d,ER4d_R,R,cb_intrinsic,521812,EPG,EPG(PB08)_R7,R,cb_intrinsic,10
50007,ER3p_a,ER3p_a_L,L,cb_intrinsic,521813,EPG,EPG(PB08)_L2,L,cb_intrinsic,10
47271,ER3p_a,ER3p_a_L,L,cb_intrinsic,521813,EPG,EPG(PB08)_L2,L,cb_intrinsic,10
34607,ER4d,ER4d_L,L,cb_intrinsic,521813,EPG,EPG(PB08)_L2,L,cb_intrinsic,10
32315,ER1_a,ER1_a_L,L,cb_intrinsic,521813,EPG,EPG(PB08)_L2,L,cb_intrinsic,10
30371,ER1_a,ER1_a_R,R,cb_intrinsic,521813,EPG,EPG(PB08)_L2,L,cb_intrinsic,10
26673,ER3w_b,ER3w_b_L,L,cb_intrinsic,521813,EPG,EPG(PB08)_L2,L,cb_intrinsic,10
25797,ER4d,ER4d_L,L,cb_intrinsic,521813,EPG,EPG(PB08)_L2,L,cb_intrinsic,10
20883,ER2_c,ER2_c_R,R,cb_intrinsic,521813,EPG,EPG(PB08)_L2,L,cb_intrinsic,10
13999,ER3w_c,ER3w_c_R,R,cb_intrinsic,521813,EPG,EPG(PB08)_L2,L,cb_intrinsic,10
514042,ER2_b,ER2_b_L,L,cb_intrinsic,512513,EPG,EPG(PB08)_R1,R,cb_intrinsic,10
512607,ER3p_a,ER3p_a_R,R,cb_intrinsic,512513,EPG,EPG(PB08)_R1,R,cb_intrinsic,10
69319,ER1_a,ER1_a_R,R,cb_intrinsic,512513,EPG,EPG(PB08)_R1,R,cb_intrinsic,10
52832,ER3m,ER3m_R,R,cb_intrinsic,512513,EPG,EPG(PB08)_R1,R,cb_intrinsic,10
48318,ER3d_c,ER3d_c_L,L,cb_intrinsic,512513,EPG,EPG(PB08)_R1,R,cb_intrinsic,10
44814,ER3m,ER3m_L,L,cb_intrinsic,512513,EPG,EPG(PB08)_R1,R,cb_intrinsic,10
31051,ER3m,ER3m_R,R,cb_intrinsic,512513,EPG,EPG(PB08)_R1,R,cb_intrinsic,10
28627,ER3m,ER3m_L,L,cb_intrinsic,512513,EPG,EPG(PB08)_R1,R,cb_intrinsic,10
26939,ER3m,ER3m_R,R,cb_intrinsic,512513,EPG,EPG(PB08)_R1,R,cb_intrinsic,10
23703,ER1_b,ER1_b_R,R,cb_intrinsic,512513,EPG,EPG(PB08)_R1,R,cb_intrinsic,10
23315,ER4d,ER4d_L,L,cb_intrinsic,512513,EPG,EPG(PB08)_R1,R,cb_intrinsic,10
21664,ER3d_e,ER3d_e_R,R,cb_intrinsic,512513,EPG,EPG(PB08)_R1,R,cb_intrinsic,10
20980,ER4d,ER4d_R,R,cb_intrinsic,512513,EPG,EPG(PB08)_R1,R,cb_intrinsic,10
20026,ER5,ER5_L,L,cb_intrinsic,512513,EPG,EPG(PB08)_R1,R,cb_intrinsic,10
16818,ER4d,ER4d_R,R,cb_intrinsic,512513,EPG,EPG(PB08)_R1,R,cb_intrinsic,10
14284,ER5,ER5_R,R,cb_intrinsic,512513,EPG,EPG(PB08)_R1,R,cb_intrinsic,10
522806,ER3d_c,ER3d_c_R,R,cb_intrinsic,519941,EPG,EPG(PB08)_L3,L,cb_intrinsic,9
518690,ER1_b,ER1_b_R,R,cb_intrinsic,519941,EPG,EPG(PB08)_L3,L,cb_intrinsic,9
59337,ER3w_b,ER3w_b_L,L,cb_intrinsic,519941,EPG,EPG(PB08)_L3,L,cb_intrinsic,9
47186,ER3m,ER3m_R,R,cb_intrinsic,519941,EPG,EPG(PB08)_L3,L,cb_intrinsic,9
47036,ER3d_a,ER3d_a_R,R,cb_intrinsic,519941,EPG,EPG(PB08)_L3,L,cb_intrinsic,9
37817,ER3d_e,ER3d_e_R,R,cb_intrinsic,519941,EPG,EPG(PB08)_L3,L,cb_intrinsic,9
37105,ER1_b,ER1_b_L,L,cb_intrinsic,519941,EPG,EPG(PB08)_L3,L,cb_intrinsic,9
36730,ER1_b,ER1_b_L,L,cb_intrinsic,519941,EPG,EPG(PB08)_L3,L,cb_intrinsic,9
30522,ER3d_b,ER3d_b_R,R,cb_intrinsic,519941,EPG,EPG(PB08)_L3,L,cb_intrinsic,9
29046,ER3d_b,ER3d_b_R,R,cb_intrinsic,519941,EPG,EPG(PB08)_L3,L,cb_intrinsic,9
24093,ER3w_a,ER3w_a_R,R,cb_intrinsic,519941,EPG,EPG(PB08)_L3,L,cb_intrinsic,9
20559,ER2_a,ER2_a_L,L,cb_intrinsic,519941,EPG,EPG(PB08)_L3,L,cb_intrinsic,9
513379,ER5,ER5_R,R,cb_intrinsic,11989,EPG,EPG(PB08)_L5,L,cb_intrinsic,9
512606,ER3w_c,ER3w_c_L,L,cb_intrinsic,11989,EPG,EPG(PB08)_L5,L,cb_intrinsic,9
50694,ER3w_b,ER3w_b_L,L,cb_intrinsic,11989,EPG,EPG(PB08)_L5,L,cb_intrinsic,9
49002,ER3p_a,ER3p_a_L,L,cb_intrinsic,11989,EPG,EPG(PB08)_L5,L,cb_intrinsic,9
44010,ER3w_b,ER3w_b_L,L,cb_intrinsic,11989,EPG,EPG(PB08)_L5,L,cb_intrinsic,9
42509,ER1_a,ER1_a_R,R,cb_intrinsic,11989,EPG,EPG(PB08)_L5,L,cb_intrinsic,9
36235,ER1_c,ER1_c_L,L,cb_intrinsic,11989,EPG,EPG(PB08)_L5,L,cb_intrinsic,9
33589,ER3d_b,ER3d_b_L,L,cb_intrinsic,11989,EPG,EPG(PB08)_L5,L,cb_intrinsic,9
25494,ER3d_e,ER3d_e_L,L,cb_intrinsic,11989,EPG,EPG(PB08)_L5,L,cb_intrinsic,9
19917,ER2_c,ER2_c_R,R,cb_intrinsic,11989,EPG,EPG(PB08)_L5,L,cb_intrinsic,9
527150,ER3d_a,ER3d_a_L,L,cb_intrinsic,107195,EPG,EPG(PB08)_L5,L,cb_intrinsic,9
39503,ER3p_a,ER3p_a_L,L,cb_intrinsic,107195,EPG,EPG(PB08)_L5,L,cb_intrinsic,9
37105,ER1_b,ER1_b_L,L,cb_intrinsic,107195,EPG,EPG(PB08)_L5,L,cb_intrinsic,9
36730,ER1_b,ER1_b_L,L,cb_intrinsic,107195,EPG,EPG(PB08)_L5,L,cb_intrinsic,9
31735,ER1_a,ER1_a_L,L,cb_intrinsic,107195,EPG,EPG(PB08)_L5,L,cb_intrinsic,9
28627,ER3m,ER3m_L,L,cb_intrinsic,107195,EPG,EPG(PB08)_L5,L,cb_intrinsic,9
27043,ER3w_c,ER3w_c_R,R,cb_intrinsic,107195,EPG,EPG(PB08)_L5,L,cb_intrinsic,9
19791,ER4d,ER4d_L,L,cb_intrinsic,107195,EPG,EPG(PB08)_L5,L,cb_intrinsic,9
16598,ER3w_b,ER3w_b_R,R,cb_intrinsic,107195,EPG,EPG(PB08)_L5,L,cb_intrinsic,9
512607,ER3p_a,ER3p_a_R,R,cb_intrinsic,519328,EPG,EPG(PB08)_L3,L,cb_intrinsic,9
512606,ER3w_c,ER3w_c_L,L,cb_intrinsic,519328,EPG,EPG(PB08)_L3,L,cb_intrinsic,9
61273,ER1_b,ER1_b_L,L,cb_intrinsic,519328,EPG,EPG(PB08)_L3,L,cb_intrinsic,9
54597,ER1_a,ER1_a_L,L,cb_intrinsic,519328,EPG,EPG(PB08)_L3,L,cb_intrinsic,9
53618,ER3p_b,ER3p_b_L,L,cb_intrinsic,519328,EPG,EPG(PB08)_L3,L,cb_intrinsic,9
49002,ER3p_a,ER3p_a_L,L,cb_intrinsic,519328,EPG,EPG(PB08)_L3,L,cb_intrinsic,9
35641,ER3d_c,ER3d_c_L,L,cb_intrinsic,519328,EPG,EPG(PB08)_L3,L,cb_intrinsic,9
34652,ER1_b,ER1_b_L,L,cb_intrinsic,519328,EPG,EPG(PB08)_L3,L,cb_intrinsic,9
31735,ER1_a,ER1_a_L,L,cb_intrinsic,519328,EPG,EPG(PB08)_L3,L,cb_intrinsic,9
27770,ER3w_b,ER3w_b_R,R,cb_intrinsic,519328,EPG,EPG(PB08)_L3,L,cb_intrinsic,9
27348,ER3m,ER3m_L,L,cb_intrinsic,519328,EPG,EPG(PB08)_L3,L,cb_intrinsic,9
26136,ER2_b,ER2_b_R,R,cb_intrinsic,519328,EPG,EPG(PB08)_L3,L,cb_intrinsic,9
24879,ER4d,ER4d_L,L,cb_intrinsic,519328,EPG,EPG(PB08)_L3,L,cb_intrinsic,9
23197,ER4d,ER4d_L,L,cb_intrinsic,519328,EPG,EPG(PB08)_L3,L,cb_intrinsic,9
22461,ER4d,ER4d_R,R,cb_intrinsic,519328,EPG,EPG(PB08)_L3,L,cb_intrinsic,9
20653,ER4d,ER4d_L,L,cb_intrinsic,519328,EPG,EPG(PB08)_L3,L,cb_intrinsic,9
19935,ER2_c,ER2_c_R,R,cb_intrinsic,519328,EPG,EPG(PB08)_L3,L,cb_intrinsic,9
16818,ER4d,ER4d_R,R,cb_intrinsic,519328,EPG,EPG(PB08)_L3,L,cb_intrinsic,9
47186,ER3m,ER3m_R,R,cb_intrinsic,512928,EPG,EPG(PB08)_R3,R,cb_intrinsic,9
44010,ER3w_b,ER3w_b_L,L,cb_intrinsic,512928,EPG,EPG(PB08)_R3,R,cb_intrinsic,9
41665,ER3a_c,ER3a_c_L,L,cb_intrinsic,512928,EPG,EPG(PB08)_R3,R,cb_intrinsic,9
38084,ER3m,ER3m_L,L,cb_intrinsic,512928,EPG,EPG(PB08)_R3,R,cb_intrinsic,9
36384,ER1_b,ER1_b_R,R,cb_intrinsic,512928,EPG,EPG(PB08)_R3,R,cb_intrinsic,9
31684,ER3d_a,ER3d_a_R,R,cb_intrinsic,512928,EPG,EPG(PB08)_R3,R,cb_intrinsic,9
30443,ER3a_c,ER3a_c_R,R,cb_intrinsic,512928,EPG,EPG(PB08)_R3,R,cb_intrinsic,9
27013,ER3m,ER3m_L,L,cb_intrinsic,512928,EPG,EPG(PB08)_R3,R,cb_intrinsic,9
24093,ER3w_a,ER3w_a_R,R,cb_intrinsic,512928,EPG,EPG(PB08)_R3,R,cb_intrinsic,9
24076,ER4d,ER4d_R,R,cb_intrinsic,512928,EPG,EPG(PB08)_R3,R,cb_intrinsic,9
21664,ER3d_e,ER3d_e_R,R,cb_intrinsic,512928,EPG,EPG(PB08)_R3,R,cb_intrinsic,9
17561,ER3m,ER3m_R,R,cb_intrinsic,512928,EPG,EPG(PB08)_R3,R,cb_intrinsic,9
526143,ER3w_b,ER3w_b_L,L,cb_intrinsic,14507,EPG,EPG(PB08)_R7,R,cb_intrinsic,9
524075,ER2_d,ER2_d_L,L,cb_intrinsic,14507,EPG,EPG(PB08)_R7,R,cb_intrinsic,9
67174,ER1_a,ER1_a_R,R,cb_intrinsic,14507,EPG,EPG(PB08)_R7,R,cb_intrinsic,9
53745,ER3p_a,ER3p_a_L,L,cb_intrinsic,14507,EPG,EPG(PB08)_R7,R,cb_intrinsic,9
43212,ER3d_a,ER3d_a_L,L,cb_intrinsic,14507,EPG,EPG(PB08)_R7,R,cb_intrinsic,9
40213,ER1_b,ER1_b_L,L,cb_intrinsic,14507,EPG,EPG(PB08)_R7,R,cb_intrinsic,9
36235,ER1_c,ER1_c_L,L,cb_intrinsic,14507,EPG,EPG(PB08)_R7,R,cb_intrinsic,9
31088,ER3p_a,ER3p_a_R,R,cb_intrinsic,14507,EPG,EPG(PB08)_R7,R,cb_intrinsic,9
26136,ER2_b,ER2_b_R,R,cb_intrinsic,14507,EPG,EPG(PB08)_R7,R,cb_intrinsic,9
25797,ER4d,ER4d_L,L,cb_intrinsic,14507,EPG,EPG(PB08)_R7,R,cb_intrinsic,9
25501,ER3w_b,ER3w_b_L,L,cb_intrinsic,14507,EPG,EPG(PB08)_R7,R,cb_intrinsic,9
22461,ER4d,ER4d_R,R,cb_intrinsic,14507,EPG,EPG(PB08)_R7,R,cb_intrinsic,9
20945,ER2_c,ER2_c_R,R,cb_intrinsic,14507,EPG,EPG(PB08)_R7,R,cb_intrinsic,9
20404,ER4d,ER4d_L,L,cb_intrinsic,14507,EPG,EPG(PB08)_R7,R,cb_intrinsic,9
19410,ER4d,ER4d_L,L,cb_intrinsic,14507,EPG,EPG(PB08)_R7,R,cb_intrinsic,9
13999,ER3w_c,ER3w_c_R,R,cb_intrinsic,14507,EPG,EPG(PB08)_R7,R,cb_intrinsic,9
517602,ER3p_a,ER3p_a_R,R,cb_intrinsic,524073,EPG,EPG(PB08)_L2,L,cb_intrinsic,9
515761,ER3p_a,ER3p_a_R,R,cb_intrinsic,524073,EPG,EPG(PB08)_L2,L,cb_intrinsic,9
513346,ER3w_b,ER3w_b_R,R,cb_intrinsic,524073,EPG,EPG(PB08)_L2,L,cb_intrinsic,9
511857,ER1_c,ER1_c_L,L,cb_intrinsic,524073,EPG,EPG(PB08)_L2,L,cb_intrinsic,9
53745,ER3p_a,ER3p_a_L,L,cb_intrinsic,524073,EPG,EPG(PB08)_L2,L,cb_intrinsic,9
48956,ER3d_b,ER3d_b_R,R,cb_intrinsic,524073,EPG,EPG(PB08)_L2,L,cb_intrinsic,9
48291,ER3w_b,ER3w_b_L,L,cb_intrinsic,524073,EPG,EPG(PB08)_L2,L,cb_intrinsic,9
48096,ER3p_a,ER3p_a_L,L,cb_intrinsic,524073,EPG,EPG(PB08)_L2,L,cb_intrinsic,9
27770,ER3w_b,ER3w_b_R,R,cb_intrinsic,524073,EPG,EPG(PB08)_L2,L,cb_intrinsic,9
26798,ER1_a,ER1_a_L,L,cb_intrinsic,524073,EPG,EPG(PB08)_L2,L,cb_intrinsic,9
25359,ER3p_a,ER3p_a_R,R,cb_intrinsic,524073,EPG,EPG(PB08)_L2,L,cb_intrinsic,9
24549,ER3w_c,ER3w_c_L,L,cb_intrinsic,524073,EPG,EPG(PB08)_L2,L,cb_intrinsic,9
24122,ER4d,ER4d_R,R,cb_intrinsic,524073,EPG,EPG(PB08)_L2,L,cb_intrinsic,9
23315,ER4d,ER4d_L,L,cb_intrinsic,524073,EPG,EPG(PB08)_L2,L,cb_intrinsic,9
21664,ER3d_e,ER3d_e_R,R,cb_intrinsic,524073,EPG,EPG(PB08)_L2,L,cb_intrinsic,9
21179,ER2_a,ER2_a_R,R,cb_intrinsic,524073,EPG,EPG(PB08)_L2,L,cb_intrinsic,9
20945,ER2_c,ER2_c_R,R,cb_intrinsic,524073,EPG,EPG(PB08)_L2,L,cb_intrinsic,9
20404,ER4d,ER4d_L,L,cb_intrinsic,524073,EPG,EPG(PB08)_L2,L,cb_intrinsic,9
19737,ER4d,ER4d_R,R,cb_intrinsic,524073,EPG,EPG(PB08)_L2,L,cb_intrinsic,9
18058,ER2_b,ER2_b_L,L,cb_intrinsic,524073,EPG,EPG(PB08)_L2,L,cb_intrinsic,9
13094,ER4d,ER4d_R,R,cb_intrinsic,524073,EPG,EPG(PB08)_L2,L,cb_intrinsic,9
512607,ER3p_a,ER3p_a_R,R,cb_intrinsic,519144,EPG,EPG(PB08)_L8,L,cb_intrinsic,9
59337,ER3w_b,ER3w_b_L,L,cb_intrinsic,519144,EPG,EPG(PB08)_L8,L,cb_intrinsic,9
50007,ER3p_a,ER3p_a_L,L,cb_intrinsic,519144,EPG,EPG(PB08)_L8,L,cb_intrinsic,9
36384,ER1_b,ER1_b_R,R,cb_intrinsic,519144,EPG,EPG(PB08)_L8,L,cb_intrinsic,9
34652,ER1_b,ER1_b_L,L,cb_intrinsic,519144,EPG,EPG(PB08)_L8,L,cb_intrinsic,9
27770,ER3w_b,ER3w_b_R,R,cb_intrinsic,519144,EPG,EPG(PB08)_L8,L,cb_intrinsic,9
23520,ER4d,ER4d_L,L,cb_intrinsic,519144,EPG,EPG(PB08)_L8,L,cb_intrinsic,9
19425,ER2_c,ER2_c_R,R,cb_intrinsic,519144,EPG,EPG(PB08)_L8,L,cb_intrinsic,9
523816,ER1_b,ER1_b_L,L,cb_intrinsic,512305,EPG,EPG(PB08)_R8,R,cb_intrinsic,9
517602,ER3p_a,ER3p_a_R,R,cb_intrinsic,512305,EPG,EPG(PB08)_R8,R,cb_intrinsic,9
512606,ER3w_c,ER3w_c_L,L,cb_intrinsic,512305,EPG,EPG(PB08)_R8,R,cb_intrinsic,9
512608,ER3d_b,ER3d_b_R,R,cb_intrinsic,512305,EPG,EPG(PB08)_R8,R,cb_intrinsic,9
49869,ER3p_b,ER3p_b_R,R,cb_intrinsic,512305,EPG,EPG(PB08)_R8,R,cb_intrinsic,9
46242,ER3w_a,ER3w_a_L,L,cb_intrinsic,512305,EPG,EPG(PB08)_R8,R,cb_intrinsic,9
45134,ER3p_b,ER3p_b_L,L,cb_intrinsic,512305,EPG,EPG(PB08)_R8,R,cb_intrinsic,9
34607,ER4d,ER4d_L,L,cb_intrinsic,512305,EPG,EPG(PB08)_R8,R,cb_intrinsic,9
28339,ER4d,ER4d_R,R,cb_intrinsic,512305,EPG,EPG(PB08)_R8,R,cb_intrinsic,9
26798,ER1_a,ER1_a_L,L,cb_intrinsic,512305,EPG,EPG(PB08)_R8,R,cb_intrinsic,9
25297,ER3w_a,ER3w_a_R,R,cb_intrinsic,512305,EPG,EPG(PB08)_R8,R,cb_intrinsic,9
25203,ER3w_c,ER3w_c_L,L,cb_intrinsic,512305,EPG,EPG(PB08)_R8,R,cb_intrinsic,9
23315,ER4d,ER4d_L,L,cb_intrinsic,512305,EPG,EPG(PB08)_R8,R,cb_intrinsic,9
23080,ER4d,ER4d_R,R,cb_intrinsic,512305,EPG,EPG(PB08)_R8,R,cb_intrinsic,9
21664,ER3d_e,ER3d_e_R,R,cb_intrinsic,512305,EPG,EPG(PB08)_R8,R,cb_intrinsic,9
21059,ER2_d,ER2_d_R,R,cb_intrinsic,512305,EPG,EPG(PB08)_R8,R,cb_intrinsic,9
19737,ER4d,ER4d_R,R,cb_intrinsic,512305,EPG,EPG(PB08)_R8,R,cb_intrinsic,9
16598,ER3w_b,ER3w_b_R,R,cb_intrinsic,512305,EPG,EPG(PB08)_R8,R,cb_intrinsic,9
524075,ER2_d,ER2_d_L,L,cb_intrinsic,513464,EPG,EPG(PB08)_R8,R,cb_intrinsic,9
523816,ER1_b,ER1_b_L,L,cb_intrinsic,513464,EPG,EPG(PB08)_R8,R,cb_intrinsic,9
59337,ER3w_b,ER3w_b_L,L,cb_intrinsic,513464,EPG,EPG(PB08)_R8,R,cb_intrinsic,9
37437,ER3d_e,ER3d_e_L,L,cb_intrinsic,513464,EPG,EPG(PB08)_R8,R,cb_intrinsic,9
31684,ER3d_a,ER3d_a_R,R,cb_intrinsic,513464,EPG,EPG(PB08)_R8,R,cb_intrinsic,9
30371,ER1_a,ER1_a_R,R,cb_intrinsic,513464,EPG,EPG(PB08)_R8,R,cb_intrinsic,9
26136,ER2_b,ER2_b_R,R,cb_intrinsic,513464,EPG,EPG(PB08)_R8,R,cb_intrinsic,9
25494,ER3d_e,ER3d_e_L,L,cb_intrinsic,513464,EPG,EPG(PB08)_R8,R,cb_intrinsic,9
24093,ER3w_a,ER3w_a_R,R,cb_intrinsic,513464,EPG,EPG(PB08)_R8,R,cb_intrinsic,9
24076,ER4d,ER4d_R,R,cb_intrinsic,513464,EPG,EPG(PB08)_R8,R,cb_intrinsic,9
21664,ER3d_e,ER3d_e_R,R,cb_intrinsic,513464,EPG,EPG(PB08)_R8,R,cb_intrinsic,9
20653,ER4d,ER4d_L,L,cb_intrinsic,513464,EPG,EPG(PB08)_R8,R,cb_intrinsic,9
19323,ER4d,ER4d_R,R,cb_intrinsic,513464,EPG,EPG(PB08)_R8,R,cb_intrinsic,9
14308,ER4m,ER4m_L,L,cb_intrinsic,513464,EPG,EPG(PB08)_R8,R,cb_intrinsic,9
13094,ER4d,ER4d_R,R,cb_intrinsic,513464,EPG,EPG(PB08)_R8,R,cb_intrinsic,9
522745,ER2_c,ER2_c_L,L,cb_intrinsic,19825,EPG,EPG(PB08)_R6,R,cb_intrinsic,9
515761,ER3p_a,ER3p_a_R,R,cb_intrinsic,19825,EPG,EPG(PB08)_R6,R,cb_intrinsic,9
42509,ER1_a,ER1_a_R,R,cb_intrinsic,19825,EPG,EPG(PB08)_R6,R,cb_intrinsic,9
38084,ER3m,ER3m_L,L,cb_intrinsic,19825,EPG,EPG(PB08)_R6,R,cb_intrinsic,9
37105,ER1_b,ER1_b_L,L,cb_intrinsic,19825,EPG,EPG(PB08)_R6,R,cb_intrinsic,9
29545,ER3w_b,ER3w_b_R,R,cb_intrinsic,19825,EPG,EPG(PB08)_R6,R,cb_intrinsic,9
24459,ER4d,ER4d_L,L,cb_intrinsic,19825,EPG,EPG(PB08)_R6,R,cb_intrinsic,9
23520,ER4d,ER4d_L,L,cb_intrinsic,19825,EPG,EPG(PB08)_R6,R,cb_intrinsic,9
23080,ER4d,ER4d_R,R,cb_intrinsic,19825,EPG,EPG(PB08)_R6,R,cb_intrinsic,9
21277,ER2_a,ER2_a_R,R,cb_intrinsic,19825,EPG,EPG(PB08)_R6,R,cb_intrinsic,9
20253,ER2_a,ER2_a_R,R,cb_intrinsic,19825,EPG,EPG(PB08)_R6,R,cb_intrinsic,9
19917,ER2_c,ER2_c_R,R,cb_intrinsic,19825,EPG,EPG(PB08)_R6,R,cb_intrinsic,9
527653,ER4d,ER4d_L,L,cb_intrinsic,11307,EPG,EPG(PB08)_L4,L,cb_intrinsic,9
517059,ER2_a,ER2_a_L,L,cb_intrinsic,11307,EPG,EPG(PB08)_L4,L,cb_intrinsic,9
50007,ER3p_a,ER3p_a_L,L,cb_intrinsic,11307,EPG,EPG(PB08)_L4,L,cb_intrinsic,9
47271,ER3p_a,ER3p_a_L,L,cb_intrinsic,11307,EPG,EPG(PB08)_L4,L,cb_intrinsic,9
43212,ER3d_a,ER3d_a_L,L,cb_intrinsic,11307,EPG,EPG(PB08)_L4,L,cb_intrinsic,9
23520,ER4d,ER4d_L,L,cb_intrinsic,11307,EPG,EPG(PB08)_L4,L,cb_intrinsic,9
21449,ER2_c,ER2_c_R,R,cb_intrinsic,11307,EPG,EPG(PB08)_L4,L,cb_intrinsic,9
21179,ER2_a,ER2_a_R,R,cb_intrinsic,11307,EPG,EPG(PB08)_L4,L,cb_intrinsic,9
20980,ER4d,ER4d_R,R,cb_intrinsic,11307,EPG,EPG(PB08)_L4,L,cb_intrinsic,9
18733,ER2_c,ER2_c_L,L,cb_intrinsic,11307,EPG,EPG(PB08)_L4,L,cb_intrinsic,9
18377,ER3w_b,ER3w_b_L,L,cb_intrinsic,11307,EPG,EPG(PB08)_L4,L,cb_intrinsic,9
17419,ER6,ER6_R,R,cb_intrinsic,11307,EPG,EPG(PB08)_L4,L,cb_intrinsic,9
12357,ER2_c,ER2_c_L,L,cb_intrinsic,11307,EPG,EPG(PB08)_L4,L,cb_intrinsic,9
512606,ER3w_c,ER3w_c_L,L,cb_intrinsic,11503,EPG,EPG(PB08)_R8,R,cb_intrinsic,9
61273,ER1_b,ER1_b_L,L,cb_intrinsic,11503,EPG,EPG(PB08)_R8,R,cb_intrinsic,9
53745,ER3p_a,ER3p_a_L,L,cb_intrinsic,11503,EPG,EPG(PB08)_R8,R,cb_intrinsic,9
48096,ER3p_a,ER3p_a_L,L,cb_intrinsic,11503,EPG,EPG(PB08)_R8,R,cb_intrinsic,9
47271,ER3p_a,ER3p_a_L,L,cb_intrinsic,11503,EPG,EPG(PB08)_R8,R,cb_intrinsic,9
27850,ER3w_b,ER3w_b_R,R,cb_intrinsic,11503,EPG,EPG(PB08)_R8,R,cb_intrinsic,9
25447,ER3w_c,ER3w_c_R,R,cb_intrinsic,11503,EPG,EPG(PB08)_R8,R,cb_intrinsic,9
529847,ER3m,ER3m_L,L,cb_intrinsic,84758,EPG,EPG(PB08)_L7,L,cb_intrinsic,9
513379,ER5,ER5_R,R,cb_intrinsic,84758,EPG,EPG(PB08)_L7,L,cb_intrinsic,9
61273,ER1_b,ER1_b_L,L,cb_intrinsic,84758,EPG,EPG(PB08)_L7,L,cb_intrinsic,9
46262,ER3d_b,ER3d_b_L,L,cb_intrinsic,84758,EPG,EPG(PB08)_L7,L,cb_intrinsic,9
44010,ER3w_b,ER3w_b_L,L,cb_intrinsic,84758,EPG,EPG(PB08)_L7,L,cb_intrinsic,9
42264,ER3d_e,ER3d_e_R,R,cb_intrinsic,84758,EPG,EPG(PB08)_L7,L,cb_intrinsic,9
37817,ER3d_e,ER3d_e_R,R,cb_intrinsic,84758,EPG,EPG(PB08)_L7,L,cb_intrinsic,9
31681,ER1_a,ER1_a_R,R,cb_intrinsic,84758,EPG,EPG(PB08)_L7,L,cb_intrinsic,9
30206,ER5,ER5_R,R,cb_intrinsic,84758,EPG,EPG(PB08)_L7,L,cb_intrinsic,9
29177,ER3d_b,ER3d_b_R,R,cb_intrinsic,84758,EPG,EPG(PB08)_L7,L,cb_intrinsic,9
27269,ER3d_c,ER3d_c_L,L,cb_intrinsic,84758,EPG,EPG(PB08)_L7,L,cb_intrinsic,9
25329,ER3d_c,ER3d_c_L,L,cb_intrinsic,84758,EPG,EPG(PB08)_L7,L,cb_intrinsic,9
23703,ER1_b,ER1_b_R,R,cb_intrinsic,84758,EPG,EPG(PB08)_L7,L,cb_intrinsic,9
20980,ER4d,ER4d_R,R,cb_intrinsic,84758,EPG,EPG(PB08)_L7,L,cb_intrinsic,9
19935,ER2_c,ER2_c_R,R,cb_intrinsic,84758,EPG,EPG(PB08)_L7,L,cb_intrinsic,9
19323,ER4d,ER4d_R,R,cb_intrinsic,84758,EPG,EPG(PB08)_L7,L,cb_intrinsic,9
17171,ER5,ER5_R,R,cb_intrinsic,84758,EPG,EPG(PB08)_L7,L,cb_intrinsic,9
514803,ER2_b,ER2_b_L,L,cb_intrinsic,520812,EPG,EPG(PB08)_R8,R,cb_intrinsic,9
512607,ER3p_a,ER3p_a_R,R,cb_intrinsic,520812,EPG,EPG(PB08)_R8,R,cb_intrinsic,9
80867,ER1_a,ER1_a_R,R,cb_intrinsic,520812,EPG,EPG(PB08)_R8,R,cb_intrinsic,9
40213,ER1_b,ER1_b_L,L,cb_intrinsic,520812,EPG,EPG(PB08)_R8,R,cb_intrinsic,9
31681,ER1_a,ER1_a_R,R,cb_intrinsic,520812,EPG,EPG(PB08)_R8,R,cb_intrinsic,9
30371,ER1_a,ER1_a_R,R,cb_intrinsic,520812,EPG,EPG(PB08)_R8,R,cb_intrinsic,9
29545,ER3w_b,ER3w_b_R,R,cb_intrinsic,520812,EPG,EPG(PB08)_R8,R,cb_intrinsic,9
23703,ER1_b,ER1_b_R,R,cb_intrinsic,520812,EPG,EPG(PB08)_R8,R,cb_intrinsic,9
18058,ER2_b,ER2_b_L,L,cb_intrinsic,520812,EPG,EPG(PB08)_R8,R,cb_intrinsic,9
522806,ER3d_c,ER3d_c_R,R,cb_intrinsic,513284,EPG,EPG(PB08)_R3,R,cb_intrinsic,9
512608,ER3d_b,ER3d_b_R,R,cb_intrinsic,513284,EPG,EPG(PB08)_R3,R,cb_intrinsic,9
63782,ER3d_c,ER3d_c_L,L,cb_intrinsic,513284,EPG,EPG(PB08)_R3,R,cb_intrinsic,9
46242,ER3w_a,ER3w_a_L,L,cb_intrinsic,513284,EPG,EPG(PB08)_R3,R,cb_intrinsic,9
38306,ER3d_a,ER3d_a_L,L,cb_intrinsic,513284,EPG,EPG(PB08)_R3,R,cb_intrinsic,9
35641,ER3d_c,ER3d_c_L,L,cb_intrinsic,513284,EPG,EPG(PB08)_R3,R,cb_intrinsic,9
31735,ER1_a,ER1_a_L,L,cb_intrinsic,513284,EPG,EPG(PB08)_R3,R,cb_intrinsic,9
31263,ER3d_b,ER3d_b_R,R,cb_intrinsic,513284,EPG,EPG(PB08)_R3,R,cb_intrinsic,9
28701,ER3d_b,ER3d_b_R,R,cb_intrinsic,513284,EPG,EPG(PB08)_R3,R,cb_intrinsic,9
27454,ER3d_c,ER3d_c_R,R,cb_intrinsic,513284,EPG,EPG(PB08)_R3,R,cb_intrinsic,9
25494,ER3d_e,ER3d_e_L,L,cb_intrinsic,513284,EPG,EPG(PB08)_R3,R,cb_intrinsic,9
23874,ER4d,ER4d_R,R,cb_intrinsic,513284,EPG,EPG(PB08)_R3,R,cb_intrinsic,9
23703,ER1_b,ER1_b_R,R,cb_intrinsic,513284,EPG,EPG(PB08)_R3,R,cb_intrinsic,9
22644,ER3d_a,ER3d_a_R,R,cb_intrinsic,513284,EPG,EPG(PB08)_R3,R,cb_intrinsic,9
14963,ER5,ER5_L,L,cb_intrinsic,513284,EPG,EPG(PB08)_R3,R,cb_intrinsic,9
11605,ER5,ER5_R,R,cb_intrinsic,513284,EPG,EPG(PB08)_R3,R,cb_intrinsic,9
527653,ER4d,ER4d_L,L,cb_intrinsic,556346,EPG,EPG(PB08)_L6,L,cb_intrinsic,9
526143,ER3w_b,ER3w_b_L,L,cb_intrinsic,556346,EPG,EPG(PB08)_L6,L,cb_intrinsic,9
512606,ER3w_c,ER3w_c_L,L,cb_intrinsic,556346,EPG,EPG(PB08)_L6,L,cb_intrinsic,9
48291,ER3w_b,ER3w_b_L,L,cb_intrinsic,556346,EPG,EPG(PB08)_L6,L,cb_intrinsic,9
46341,ER3w_b,ER3w_b_L,L,cb_intrinsic,556346,EPG,EPG(PB08)_L6,L,cb_intrinsic,9
45134,ER3p_b,ER3p_b_L,L,cb_intrinsic,556346,EPG,EPG(PB08)_L6,L,cb_intrinsic,9
29545,ER3w_b,ER3w_b_R,R,cb_intrinsic,556346,EPG,EPG(PB08)_L6,L,cb_intrinsic,9
22461,ER4d,ER4d_R,R,cb_intrinsic,556346,EPG,EPG(PB08)_L6,L,cb_intrinsic,9
20664,ER2_a,ER2_a_R,R,cb_intrinsic,556346,EPG,EPG(PB08)_L6,L,cb_intrinsic,9
20404,ER4d,ER4d_L,L,cb_intrinsic,556346,EPG,EPG(PB08)_L6,L,cb_intrinsic,9
20317,ER2_c,ER2_c_L,L,cb_intrinsic,556346,EPG,EPG(PB08)_L6,L,cb_intrinsic,9
19410,ER4d,ER4d_L,L,cb_intrinsic,556346,EPG,EPG(PB08)_L6,L,cb_intrinsic,9
544496,ER3a_c,ER3a_c_R,R,cb_intrinsic,523786,EPG,EPG(PB08)_R4,R,cb_intrinsic,9
513346,ER3w_b,ER3w_b_R,R,cb_intrinsic,523786,EPG,EPG(PB08)_R4,R,cb_intrinsic,9
47186,ER3m,ER3m_R,R,cb_intrinsic,523786,EPG,EPG(PB08)_R4,R,cb_intrinsic,9
34607,ER4d,ER4d_L,L,cb_intrinsic,523786,EPG,EPG(PB08)_R4,R,cb_intrinsic,9
31681,ER1_a,ER1_a_R,R,cb_intrinsic,523786,EPG,EPG(PB08)_R4,R,cb_intrinsic,9
30522,ER3d_b,ER3d_b_R,R,cb_intrinsic,523786,EPG,EPG(PB08)_R4,R,cb_intrinsic,9
27850,ER3w_b,ER3w_b_R,R,cb_intrinsic,523786,EPG,EPG(PB08)_R4,R,cb_intrinsic,9
25329,ER3d_c,ER3d_c_L,L,cb_intrinsic,523786,EPG,EPG(PB08)_R4,R,cb_intrinsic,9
25297,ER3w_a,ER3w_a_R,R,cb_intrinsic,523786,EPG,EPG(PB08)_R4,R,cb_intrinsic,9
25203,ER3w_c,ER3w_c_L,L,cb_intrinsic,523786,EPG,EPG(PB08)_R4,R,cb_intrinsic,9
10043,ER5,ER5_L,L,cb_intrinsic,523786,EPG,EPG(PB08)_R4,R,cb_intrinsic,9
71503,ER1_c,ER1_c_R,R,cb_intrinsic,11987,EPG,EPG(PB08)_R5,R,cb_intrinsic,9
69319,ER1_a,ER1_a_R,R,cb_intrinsic,11987,EPG,EPG(PB08)_R5,R,cb_intrinsic,9
50007,ER3p_a,ER3p_a_L,L,cb_intrinsic,11987,EPG,EPG(PB08)_R5,R,cb_intrinsic,9
49378,ER3d_c,ER3d_c_R,R,cb_intrinsic,11987,EPG,EPG(PB08)_R5,R,cb_intrinsic,9
47186,ER3m,ER3m_R,R,cb_intrinsic,11987,EPG,EPG(PB08)_R5,R,cb_intrinsic,9
46242,ER3w_a,ER3w_a_L,L,cb_intrinsic,11987,EPG,EPG(PB08)_R5,R,cb_intrinsic,9
40213,ER1_b,ER1_b_L,L,cb_intrinsic,11987,EPG,EPG(PB08)_R5,R,cb_intrinsic,9
38306,ER3d_a,ER3d_a_L,L,cb_intrinsic,11987,EPG,EPG(PB08)_R5,R,cb_intrinsic,9
37058,ER1_b,ER1_b_R,R,cb_intrinsic,11987,EPG,EPG(PB08)_R5,R,cb_intrinsic,9
36730,ER1_b,ER1_b_L,L,cb_intrinsic,11987,EPG,EPG(PB08)_R5,R,cb_intrinsic,9
27454,ER3d_c,ER3d_c_R,R,cb_intrinsic,11987,EPG,EPG(PB08)_R5,R,cb_intrinsic,9
26843,ER3w_b,ER3w_b_R,R,cb_intrinsic,11987,EPG,EPG(PB08)_R5,R,cb_intrinsic,9
21059,ER2_d,ER2_d_R,R,cb_intrinsic,11987,EPG,EPG(PB08)_R5,R,cb_intrinsic,9
20980,ER4d,ER4d_R,R,cb_intrinsic,11987,EPG,EPG(PB08)_R5,R,cb_intrinsic,9
19410,ER4d,ER4d_L,L,cb_intrinsic,11987,EPG,EPG(PB08)_R5,R,cb_intrinsic,9
15444,ER2_d,ER2_d_L,L,cb_intrinsic,11987,EPG,EPG(PB08)_R5,R,cb_intrinsic,9
529207,ER3p_a,ER3p_a_R,R,cb_intrinsic,513033,EPG,EPG(PB08)_L8,L,cb_intrinsic,9
61273,ER1_b,ER1_b_L,L,cb_intrinsic,513033,EPG,EPG(PB08)_L8,L,cb_intrinsic,9
59337,ER3w_b,ER3w_b_L,L,cb_intrinsic,513033,EPG,EPG(PB08)_L8,L,cb_intrinsic,9
45134,ER3p_b,ER3p_b_L,L,cb_intrinsic,513033,EPG,EPG(PB08)_L8,L,cb_intrinsic,9
37758,ER3d_a,ER3d_a_R,R,cb_intrinsic,513033,EPG,EPG(PB08)_L8,L,cb_intrinsic,9
37105,ER1_b,ER1_b_L,L,cb_intrinsic,513033,EPG,EPG(PB08)_L8,L,cb_intrinsic,9
37058,ER1_b,ER1_b_R,R,cb_intrinsic,513033,EPG,EPG(PB08)_L8,L,cb_intrinsic,9
36235,ER1_c,ER1_c_L,L,cb_intrinsic,513033,EPG,EPG(PB08)_L8,L,cb_intrinsic,9
26673,ER3w_b,ER3w_b_L,L,cb_intrinsic,513033,EPG,EPG(PB08)_L8,L,cb_intrinsic,9
25841,ER3w_b,ER3w_b_L,L,cb_intrinsic,513033,EPG,EPG(PB08)_L8,L,cb_intrinsic,9
25494,ER3d_e,ER3d_e_L,L,cb_intrinsic,513033,EPG,EPG(PB08)_L8,L,cb_intrinsic,9
24122,ER4d,ER4d_R,R,cb_intrinsic,513033,EPG,EPG(PB08)_L8,L,cb_intrinsic,9
23703,ER1_b,ER1_b_R,R,cb_intrinsic,513033,EPG,EPG(PB08)_L8,L,cb_intrinsic,9
23197,ER4d,ER4d_L,L,cb_intrinsic,513033,EPG,EPG(PB08)_L8,L,cb_intrinsic,9
527653,ER4d,ER4d_L,L,cb_intrinsic,19125,EPG,EPG(PB08)_R5,R,cb_intrinsic,9
526143,ER3w_b,ER3w_b_L,L,cb_intrinsic,19125,EPG,EPG(PB08)_R5,R,cb_intrinsic,9
517059,ER2_a,ER2_a_L,L,cb_intrinsic,19125,EPG,EPG(PB08)_R5,R,cb_intrinsic,9
511857,ER1_c,ER1_c_L,L,cb_intrinsic,19125,EPG,EPG(PB08)_R5,R,cb_intrinsic,9
59337,ER3w_b,ER3w_b_L,L,cb_intrinsic,19125,EPG,EPG(PB08)_R5,R,cb_intrinsic,9
49002,ER3p_a,ER3p_a_L,L,cb_intrinsic,19125,EPG,EPG(PB08)_R5,R,cb_intrinsic,9
37437,ER3d_e,ER3d_e_L,L,cb_intrinsic,19125,EPG,EPG(PB08)_R5,R,cb_intrinsic,9
27806,ER3p_a,ER3p_a_R,R,cb_intrinsic,19125,EPG,EPG(PB08)_R5,R,cb_intrinsic,9
21179,ER2_a,ER2_a_R,R,cb_intrinsic,19125,EPG,EPG(PB08)_R5,R,cb_intrinsic,9
16818,ER4d,ER4d_R,R,cb_intrinsic,19125,EPG,EPG(PB08)_R5,R,cb_intrinsic,9
523816,ER1_b,ER1_b_L,L,cb_intrinsic,131313,EPG,EPG(PB08)_R6,R,cb_intrinsic,9
514042,ER2_b,ER2_b_L,L,cb_intrinsic,131313,EPG,EPG(PB08)_R6,R,cb_intrinsic,9
511857,ER1_c,ER1_c_L,L,cb_intrinsic,131313,EPG,EPG(PB08)_R6,R,cb_intrinsic,9
50694,ER3w_b,ER3w_b_L,L,cb_intrinsic,131313,EPG,EPG(PB08)_R6,R,cb_intrinsic,9
28339,ER4d,ER4d_R,R,cb_intrinsic,131313,EPG,EPG(PB08)_R6,R,cb_intrinsic,9
27770,ER3w_b,ER3w_b_R,R,cb_intrinsic,131313,EPG,EPG(PB08)_R6,R,cb_intrinsic,9
25841,ER3w_b,ER3w_b_L,L,cb_intrinsic,131313,EPG,EPG(PB08)_R6,R,cb_intrinsic,9
25501,ER3w_b,ER3w_b_L,L,cb_intrinsic,131313,EPG,EPG(PB08)_R6,R,cb_intrinsic,9
24122,ER4d,ER4d_R,R,cb_intrinsic,131313,EPG,EPG(PB08)_R6,R,cb_intrinsic,9
23520,ER4d,ER4d_L,L,cb_intrinsic,131313,EPG,EPG(PB08)_R6,R,cb_intrinsic,9
19917,ER2_c,ER2_c_R,R,cb_intrinsic,131313,EPG,EPG(PB08)_R6,R,cb_intrinsic,9
19410,ER4d,ER4d_L,L,cb_intrinsic,131313,EPG,EPG(PB08)_R6,R,cb_intrinsic,9
529207,ER3p_a,ER3p_a_R,R,cb_intrinsic,513517,EPG,EPG(PB08)_L4,L,cb_intrinsic,9
526143,ER3w_b,ER3w_b_L,L,cb_intrinsic,513517,EPG,EPG(PB08)_L4,L,cb_intrinsic,9
523816,ER1_b,ER1_b_L,L,cb_intrinsic,513517,EPG,EPG(PB08)_L4,L,cb_intrinsic,9
80867,ER1_a,ER1_a_R,R,cb_intrinsic,513517,EPG,EPG(PB08)_L4,L,cb_intrinsic,9
54597,ER1_a,ER1_a_L,L,cb_intrinsic,513517,EPG,EPG(PB08)_L4,L,cb_intrinsic,9
46089,ER3p_a,ER3p_a_L,L,cb_intrinsic,513517,EPG,EPG(PB08)_L4,L,cb_intrinsic,9
45134,ER3p_b,ER3p_b_L,L,cb_intrinsic,513517,EPG,EPG(PB08)_L4,L,cb_intrinsic,9
38268,ER1_b,ER1_b_R,R,cb_intrinsic,513517,EPG,EPG(PB08)_L4,L,cb_intrinsic,9
37058,ER1_b,ER1_b_R,R,cb_intrinsic,513517,EPG,EPG(PB08)_L4,L,cb_intrinsic,9
31088,ER3p_a,ER3p_a_R,R,cb_intrinsic,513517,EPG,EPG(PB08)_L4,L,cb_intrinsic,9
27850,ER3w_b,ER3w_b_R,R,cb_intrinsic,513517,EPG,EPG(PB08)_L4,L,cb_intrinsic,9
25501,ER3w_b,ER3w_b_L,L,cb_intrinsic,513517,EPG,EPG(PB08)_L4,L,cb_intrinsic,9
20605,ER2_a,ER2_a_L,L,cb_intrinsic,513517,EPG,EPG(PB08)_L4,L,cb_intrinsic,9
523816,ER1_b,ER1_b_L,L,cb_intrinsic,556347,EPG,EPG(PB08)_R4,R,cb_intrinsic,9
517059,ER2_a,ER2_a_L,L,cb_intrinsic,556347,EPG,EPG(PB08)_R4,R,cb_intrinsic,9
512607,ER3p_a,ER3p_a_R,R,cb_intrinsic,556347,EPG,EPG(PB08)_R4,R,cb_intrinsic,9
511857,ER1_c,ER1_c_L,L,cb_intrinsic,556347,EPG,EPG(PB08)_R4,R,cb_intrinsic,9
54597,ER1_a,ER1_a_L,L,cb_intrinsic,556347,EPG,EPG(PB08)_R4,R,cb_intrinsic,9
43683,ER3w_a,ER3w_a_R,R,cb_intrinsic,556347,EPG,EPG(PB08)_R4,R,cb_intrinsic,9
43212,ER3d_a,ER3d_a_L,L,cb_intrinsic,556347,EPG,EPG(PB08)_R4,R,cb_intrinsic,9
42241,ER1_b,ER1_b_R,R,cb_intrinsic,556347,EPG,EPG(PB08)_R4,R,cb_intrinsic,9
41665,ER3a_c,ER3a_c_L,L,cb_intrinsic,556347,EPG,EPG(PB08)_R4,R,cb_intrinsic,9
38268,ER1_b,ER1_b_R,R,cb_intrinsic,556347,EPG,EPG(PB08)_R4,R,cb_intrinsic,9
37105,ER1_b,ER1_b_L,L,cb_intrinsic,556347,EPG,EPG(PB08)_R4,R,cb_intrinsic,9
37058,ER1_b,ER1_b_R,R,cb_intrinsic,556347,EPG,EPG(PB08)_R4,R,cb_intrinsic,9
36730,ER1_b,ER1_b_L,L,cb_intrinsic,556347,EPG,EPG(PB08)_R4,R,cb_intrinsic,9
36524,ER2_a,ER2_a_L,L,cb_intrinsic,556347,EPG,EPG(PB08)_R4,R,cb_intrinsic,9
34607,ER4d,ER4d_L,L,cb_intrinsic,556347,EPG,EPG(PB08)_R4,R,cb_intrinsic,9
28339,ER4d,ER4d_R,R,cb_intrinsic,556347,EPG,EPG(PB08)_R4,R,cb_intrinsic,9
27770,ER3w_b,ER3w_b_R,R,cb_intrinsic,556347,EPG,EPG(PB08)_R4,R,cb_intrinsic,9
27013,ER3m,ER3m_L,L,cb_intrinsic,556347,EPG,EPG(PB08)_R4,R,cb_intrinsic,9
25797,ER4d,ER4d_L,L,cb_intrinsic,556347,EPG,EPG(PB08)_R4,R,cb_intrinsic,9
25494,ER3d_e,ER3d_e_L,L,cb_intrinsic,556347,EPG,EPG(PB08)_R4,R,cb_intrinsic,9
24879,ER4d,ER4d_L,L,cb_intrinsic,556347,EPG,EPG(PB08)_R4,R,cb_intrinsic,9
22461,ER4d,ER4d_R,R,cb_intrinsic,556347,EPG,EPG(PB08)_R4,R,cb_intrinsic,9
21882,ER2_a,ER2_a_L,L,cb_intrinsic,556347,EPG,EPG(PB08)_R4,R,cb_intrinsic,9
20678,ER2_d,ER2_d_R,R,cb_intrinsic,556347,EPG,EPG(PB08)_R4,R,cb_intrinsic,9
19169,ER3m,ER3m_L,L,cb_intrinsic,556347,EPG,EPG(PB08)_R4,R,cb_intrinsic,9
18508,ER2_c,ER2_c_L,L,cb_intrinsic,556347,EPG,EPG(PB08)_R4,R,cb_intrinsic,9
17679,ER2_d,ER2_d_R,R,cb_intrinsic,556347,EPG,EPG(PB08)_R4,R,cb_intrinsic,9
527199,ER3d_e,ER3d_e_L,L,cb_intrinsic,521409,EPG,EPG(PB08)_L8,L,cb_intrinsic,9
80867,ER1_a,ER1_a_R,R,cb_intrinsic,521409,EPG,EPG(PB08)_L8,L,cb_intrinsic,9
71503,ER1_c,ER1_c_R,R,cb_intrinsic,521409,EPG,EPG(PB08)_L8,L,cb_intrinsic,9
49869,ER3p_b,ER3p_b_R,R,cb_intrinsic,521409,EPG,EPG(PB08)_L8,L,cb_intrinsic,9
48291,ER3w_b,ER3w_b_L,L,cb_intrinsic,521409,EPG,EPG(PB08)_L8,L,cb_intrinsic,9
39503,ER3p_a,ER3p_a_L,L,cb_intrinsic,521409,EPG,EPG(PB08)_L8,L,cb_intrinsic,9
39095,ER1_a,ER1_a_L,L,cb_intrinsic,521409,EPG,EPG(PB08)_L8,L,cb_intrinsic,9
37817,ER3d_e,ER3d_e_R,R,cb_intrinsic,521409,EPG,EPG(PB08)_L8,L,cb_intrinsic,9
37058,ER1_b,ER1_b_R,R,cb_intrinsic,521409,EPG,EPG(PB08)_L8,L,cb_intrinsic,9
25797,ER4d,ER4d_L,L,cb_intrinsic,521409,EPG,EPG(PB08)_L8,L,cb_intrinsic,9
25709,ER2_c,ER2_c_L,L,cb_intrinsic,521409,EPG,EPG(PB08)_L8,L,cb_intrinsic,9
23197,ER4d,ER4d_L,L,cb_intrinsic,521409,EPG,EPG(PB08)_L8,L,cb_intrinsic,9
16818,ER4d,ER4d_R,R,cb_intrinsic,521409,EPG,EPG(PB08)_L8,L,cb_intrinsic,9
13094,ER4d,ER4d_R,R,cb_intrinsic,521409,EPG,EPG(PB08)_L8,L,cb_intrinsic,9
515761,ER3p_a,ER3p_a_R,R,cb_intrinsic,513463,EPG,EPG(PB08)_R2,R,cb_intrinsic,9
512607,ER3p_a,ER3p_a_R,R,cb_intrinsic,513463,EPG,EPG(PB08)_R2,R,cb_intrinsic,9
72491,ER1_c,ER1_c_R,R,cb_intrinsic,513463,EPG,EPG(PB08)_R2,R,cb_intrinsic,9
59337,ER3w_b,ER3w_b_L,L,cb_intrinsic,513463,EPG,EPG(PB08)_R2,R,cb_intrinsic,9
52832,ER3m,ER3m_R,R,cb_intrinsic,513463,EPG,EPG(PB08)_R2,R,cb_intrinsic,9
49002,ER3p_a,ER3p_a_L,L,cb_intrinsic,513463,EPG,EPG(PB08)_R2,R,cb_intrinsic,9
46341,ER3w_b,ER3w_b_L,L,cb_intrinsic,513463,EPG,EPG(PB08)_R2,R,cb_intrinsic,9
40213,ER1_b,ER1_b_L,L,cb_intrinsic,513463,EPG,EPG(PB08)_R2,R,cb_intrinsic,9
36524,ER2_a,ER2_a_L,L,cb_intrinsic,513463,EPG,EPG(PB08)_R2,R,cb_intrinsic,9
35641,ER3d_c,ER3d_c_L,L,cb_intrinsic,513463,EPG,EPG(PB08)_R2,R,cb_intrinsic,9
31051,ER3m,ER3m_R,R,cb_intrinsic,513463,EPG,EPG(PB08)_R2,R,cb_intrinsic,9
30674,ER3d_b,ER3d_b_R,R,cb_intrinsic,513463,EPG,EPG(PB08)_R2,R,cb_intrinsic,9
26798,ER1_a,ER1_a_L,L,cb_intrinsic,513463,EPG,EPG(PB08)_R2,R,cb_intrinsic,9
25447,ER3w_c,ER3w_c_R,R,cb_intrinsic,513463,EPG,EPG(PB08)_R2,R,cb_intrinsic,9
21882,ER2_a,ER2_a_L,L,cb_intrinsic,513463,EPG,EPG(PB08)_R2,R,cb_intrinsic,9
17561,ER3m,ER3m_R,R,cb_intrinsic,513463,EPG,EPG(PB08)_R2,R,cb_intrinsic,9
526552,ER3w_b,ER3w_b_R,R,cb_intrinsic,520818,EPG,EPG(PB08)_L4,L,cb_intrinsic,9
523816,ER1_b,ER1_b_L,L,cb_intrinsic,520818,EPG,EPG(PB08)_L4,L,cb_intrinsic,9
517602,ER3p_a,ER3p_a_R,R,cb_intrinsic,520818,EPG,EPG(PB08)_L4,L,cb_intrinsic,9
517059,ER2_a,ER2_a_L,L,cb_intrinsic,520818,EPG,EPG(PB08)_L4,L,cb_intrinsic,9
513678,ER3w_b,ER3w_b_R,R,cb_intrinsic,520818,EPG,EPG(PB08)_L4,L,cb_intrinsic,9
511857,ER1_c,ER1_c_L,L,cb_intrinsic,520818,EPG,EPG(PB08)_L4,L,cb_intrinsic,9
80867,ER1_a,ER1_a_R,R,cb_intrinsic,520818,EPG,EPG(PB08)_L4,L,cb_intrinsic,9
49378,ER3d_c,ER3d_c_R,R,cb_intrinsic,520818,EPG,EPG(PB08)_L4,L,cb_intrinsic,9
46341,ER3w_b,ER3w_b_L,L,cb_intrinsic,520818,EPG,EPG(PB08)_L4,L,cb_intrinsic,9
38268,ER1_b,ER1_b_R,R,cb_intrinsic,520818,EPG,EPG(PB08)_L4,L,cb_intrinsic,9
30371,ER1_a,ER1_a_R,R,cb_intrinsic,520818,EPG,EPG(PB08)_L4,L,cb_intrinsic,9
18377,ER3w_b,ER3w_b_L,L,cb_intrinsic,520818,EPG,EPG(PB08)_L4,L,cb_intrinsic,9
15444,ER2_d,ER2_d_L,L,cb_intrinsic,520818,EPG,EPG(PB08)_L4,L,cb_intrinsic,9
71503,ER1_c,ER1_c_R,R,cb_intrinsic,12449,EPG,EPG(PB08)_L5,L,cb_intrinsic,9
61273,ER1_b,ER1_b_L,L,cb_intrinsic,12449,EPG,EPG(PB08)_L5,L,cb_intrinsic,9
34607,ER4d,ER4d_L,L,cb_intrinsic,12449,EPG,EPG(PB08)_L5,L,cb_intrinsic,9
25841,ER3w_b,ER3w_b_L,L,cb_intrinsic,12449,EPG,EPG(PB08)_L5,L,cb_intrinsic,9
20605,ER2_a,ER2_a_L,L,cb_intrinsic,12449,EPG,EPG(PB08)_L5,L,cb_intrinsic,9
19410,ER4d,ER4d_L,L,cb_intrinsic,12449,EPG,EPG(PB08)_L5,L,cb_intrinsic,9
524068,ER3d_b,ER3d_b_L,L,cb_intrinsic,10539,EPG,EPG(PB08)_R2,R,cb_intrinsic,9
513379,ER5,ER5_R,R,cb_intrinsic,10539,EPG,EPG(PB08)_R2,R,cb_intrinsic,9
512606,ER3w_c,ER3w_c_L,L,cb_intrinsic,10539,EPG,EPG(PB08)_R2,R,cb_intrinsic,9
67174,ER1_a,ER1_a_R,R,cb_intrinsic,10539,EPG,EPG(PB08)_R2,R,cb_intrinsic,9
47464,ER3d_d,ER3d_d_R,R,cb_intrinsic,10539,EPG,EPG(PB08)_R2,R,cb_intrinsic,9
42241,ER1_b,ER1_b_R,R,cb_intrinsic,10539,EPG,EPG(PB08)_R2,R,cb_intrinsic,9
40213,ER1_b,ER1_b_L,L,cb_intrinsic,10539,EPG,EPG(PB08)_R2,R,cb_intrinsic,9
37105,ER1_b,ER1_b_L,L,cb_intrinsic,10539,EPG,EPG(PB08)_R2,R,cb_intrinsic,9
36235,ER1_c,ER1_c_L,L,cb_intrinsic,10539,EPG,EPG(PB08)_R2,R,cb_intrinsic,9
31735,ER1_a,ER1_a_L,L,cb_intrinsic,10539,EPG,EPG(PB08)_R2,R,cb_intrinsic,9
29177,ER3d_b,ER3d_b_R,R,cb_intrinsic,10539,EPG,EPG(PB08)_R2,R,cb_intrinsic,9
27850,ER3w_b,ER3w_b_R,R,cb_intrinsic,10539,EPG,EPG(PB08)_R2,R,cb_intrinsic,9
20653,ER4d,ER4d_L,L,cb_intrinsic,10539,EPG,EPG(PB08)_R2,R,cb_intrinsic,9
13999,ER3w_c,ER3w_c_R,R,cb_intrinsic,10539,EPG,EPG(PB08)_R2,R,cb_intrinsic,9
512606,ER3w_c,ER3w_c_L,L,cb_intrinsic,14727,EPG,EPG(PB08)_L7,L,cb_intrinsic,9
71503,ER1_c,ER1_c_R,R,cb_intrinsic,14727,EPG,EPG(PB08)_L7,L,cb_intrinsic,9
63782,ER3d_c,ER3d_c_L,L,cb_intrinsic,14727,EPG,EPG(PB08)_L7,L,cb_intrinsic,9
50808,ER4d,ER4d_L,L,cb_intrinsic,14727,EPG,EPG(PB08)_L7,L,cb_intrinsic,9
40213,ER1_b,ER1_b_L,L,cb_intrinsic,14727,EPG,EPG(PB08)_L7,L,cb_intrinsic,9
36384,ER1_b,ER1_b_R,R,cb_intrinsic,14727,EPG,EPG(PB08)_L7,L,cb_intrinsic,9
30371,ER1_a,ER1_a_R,R,cb_intrinsic,14727,EPG,EPG(PB08)_L7,L,cb_intrinsic,9
30206,ER5,ER5_R,R,cb_intrinsic,14727,EPG,EPG(PB08)_L7,L,cb_intrinsic,9
29842,ER3m,ER3m_R,R,cb_intrinsic,14727,EPG,EPG(PB08)_L7,L,cb_intrinsic,9
27770,ER3w_b,ER3w_b_R,R,cb_intrinsic,14727,EPG,EPG(PB08)_L7,L,cb_intrinsic,9
27348,ER3m,ER3m_L,L,cb_intrinsic,14727,EPG,EPG(PB08)_L7,L,cb_intrinsic,9
27043,ER3w_c,ER3w_c_R,R,cb_intrinsic,14727,EPG,EPG(PB08)_L7,L,cb_intrinsic,9
26798,ER1_a,ER1_a_L,L,cb_intrinsic,14727,EPG,EPG(PB08)_L7,L,cb_intrinsic,9
25359,ER3p_a,ER3p_a_R,R,cb_intrinsic,14727,EPG,EPG(PB08)_L7,L,cb_intrinsic,9
22644,ER3d_a,ER3d_a_R,R,cb_intrinsic,14727,EPG,EPG(PB08)_L7,L,cb_intrinsic,9
530339,ER3d_d,ER3d_d_L,L,cb_intrinsic,519140,EPG,EPG(PB08)_L1,L,cb_intrinsic,9
518690,ER1_b,ER1_b_R,R,cb_intrinsic,519140,EPG,EPG(PB08)_L1,L,cb_intrinsic,9
512608,ER3d_b,ER3d_b_R,R,cb_intrinsic,519140,EPG,EPG(PB08)_L1,L,cb_intrinsic,9
511857,ER1_c,ER1_c_L,L,cb_intrinsic,519140,EPG,EPG(PB08)_L1,L,cb_intrinsic,9
67174,ER1_a,ER1_a_R,R,cb_intrinsic,519140,EPG,EPG(PB08)_L1,L,cb_intrinsic,9
53618,ER3p_b,ER3p_b_L,L,cb_intrinsic,519140,EPG,EPG(PB08)_L1,L,cb_intrinsic,9
47036,ER3d_a,ER3d_a_R,R,cb_intrinsic,519140,EPG,EPG(PB08)_L1,L,cb_intrinsic,9
35978,ER1_b,ER1_b_L,L,cb_intrinsic,519140,EPG,EPG(PB08)_L1,L,cb_intrinsic,9
34652,ER1_b,ER1_b_L,L,cb_intrinsic,519140,EPG,EPG(PB08)_L1,L,cb_intrinsic,9
31051,ER3m,ER3m_R,R,cb_intrinsic,519140,EPG,EPG(PB08)_L1,L,cb_intrinsic,9
29545,ER3w_b,ER3w_b_R,R,cb_intrinsic,519140,EPG,EPG(PB08)_L1,L,cb_intrinsic,9
25494,ER3d_e,ER3d_e_L,L,cb_intrinsic,519140,EPG,EPG(PB08)_L1,L,cb_intrinsic,9
24879,ER4d,ER4d_L,L,cb_intrinsic,519140,EPG,EPG(PB08)_L1,L,cb_intrinsic,9
23315,ER4d,ER4d_L,L,cb_intrinsic,519140,EPG,EPG(PB08)_L1,L,cb_intrinsic,9
19737,ER4d,ER4d_R,R,cb_intrinsic,519140,EPG,EPG(PB08)_L1,L,cb_intrinsic,9
19410,ER4d,ER4d_L,L,cb_intrinsic,519140,EPG,EPG(PB08)_L1,L,cb_intrinsic,9
522806,ER3d_c,ER3d_c_R,R,cb_intrinsic,15616,EPG,EPG(PB08)_R3,R,cb_intrinsic,9
512607,ER3p_a,ER3p_a_R,R,cb_intrinsic,15616,EPG,EPG(PB08)_R3,R,cb_intrinsic,9
54597,ER1_a,ER1_a_L,L,cb_intrinsic,15616,EPG,EPG(PB08)_R3,R,cb_intrinsic,9
50007,ER3p_a,ER3p_a_L,L,cb_intrinsic,15616,EPG,EPG(PB08)_R3,R,cb_intrinsic,9
47859,ER3d_c,ER3d_c_R,R,cb_intrinsic,15616,EPG,EPG(PB08)_R3,R,cb_intrinsic,9
37758,ER3d_a,ER3d_a_R,R,cb_intrinsic,15616,EPG,EPG(PB08)_R3,R,cb_intrinsic,9
28339,ER4d,ER4d_R,R,cb_intrinsic,15616,EPG,EPG(PB08)_R3,R,cb_intrinsic,9
24093,ER3w_a,ER3w_a_R,R,cb_intrinsic,15616,EPG,EPG(PB08)_R3,R,cb_intrinsic,9
23520,ER4d,ER4d_L,L,cb_intrinsic,15616,EPG,EPG(PB08)_R3,R,cb_intrinsic,9
23315,ER4d,ER4d_L,L,cb_intrinsic,15616,EPG,EPG(PB08)_R3,R,cb_intrinsic,9
527653,ER4d,ER4d_L,L,cb_intrinsic,16360,EPG,EPG(PB08)_L6,L,cb_intrinsic,9
523788,ER3w_a,ER3w_a_R,R,cb_intrinsic,16360,EPG,EPG(PB08)_L6,L,cb_intrinsic,9
512607,ER3p_a,ER3p_a_R,R,cb_intrinsic,16360,EPG,EPG(PB08)_L6,L,cb_intrinsic,9
43683,ER3w_a,ER3w_a_R,R,cb_intrinsic,16360,EPG,EPG(PB08)_L6,L,cb_intrinsic,9
40213,ER1_b,ER1_b_L,L,cb_intrinsic,16360,EPG,EPG(PB08)_L6,L,cb_intrinsic,9
37058,ER1_b,ER1_b_R,R,cb_intrinsic,16360,EPG,EPG(PB08)_L6,L,cb_intrinsic,9
36730,ER1_b,ER1_b_L,L,cb_intrinsic,16360,EPG,EPG(PB08)_L6,L,cb_intrinsic,9
32315,ER1_a,ER1_a_L,L,cb_intrinsic,16360,EPG,EPG(PB08)_L6,L,cb_intrinsic,9
28339,ER4d,ER4d_R,R,cb_intrinsic,16360,EPG,EPG(PB08)_L6,L,cb_intrinsic,9
27348,ER3m,ER3m_L,L,cb_intrinsic,16360,EPG,EPG(PB08)_L6,L,cb_intrinsic,9
22461,ER4d,ER4d_R,R,cb_intrinsic,16360,EPG,EPG(PB08)_L6,L,cb_intrinsic,9
21882,ER2_a,ER2_a_L,L,cb_intrinsic,16360,EPG,EPG(PB08)_L6,L,cb_intrinsic,9
20678,ER2_d,ER2_d_R,R,cb_intrinsic,16360,EPG,EPG(PB08)_L6,L,cb_intrinsic,9
20590,ER2_a,ER2_a_R,R,cb_intrinsic,16360,EPG,EPG(PB08)_L6,L,cb_intrinsic,9
19791,ER4d,ER4d_L,L,cb_intrinsic,16360,EPG,EPG(PB08)_L6,L,cb_intrinsic,9
521528,ER5,ER5_L,L,cb_intrinsic,515675,EPG,EPG(PB08)_R1,R,cb_intrinsic,9
61273,ER1_b,ER1_b_L,L,cb_intrinsic,515675,EPG,EPG(PB08)_R1,R,cb_intrinsic,9
47859,ER3d_c,ER3d_c_R,R,cb_intrinsic,515675,EPG,EPG(PB08)_R1,R,cb_intrinsic,9
47186,ER3m,ER3m_R,R,cb_intrinsic,515675,EPG,EPG(PB08)_R1,R,cb_intrinsic,9
44814,ER3m,ER3m_L,L,cb_intrinsic,515675,EPG,EPG(PB08)_R1,R,cb_intrinsic,9
44010,ER3w_b,ER3w_b_L,L,cb_intrinsic,515675,EPG,EPG(PB08)_R1,R,cb_intrinsic,9
37817,ER3d_e,ER3d_e_R,R,cb_intrinsic,515675,EPG,EPG(PB08)_R1,R,cb_intrinsic,9
30178,ER3d_b,ER3d_b_R,R,cb_intrinsic,515675,EPG,EPG(PB08)_R1,R,cb_intrinsic,9
26939,ER3m,ER3m_R,R,cb_intrinsic,515675,EPG,EPG(PB08)_R1,R,cb_intrinsic,9
26798,ER1_a,ER1_a_L,L,cb_intrinsic,515675,EPG,EPG(PB08)_R1,R,cb_intrinsic,9
25501,ER3w_b,ER3w_b_L,L,cb_intrinsic,515675,EPG,EPG(PB08)_R1,R,cb_intrinsic,9
25494,ER3d_e,ER3d_e_L,L,cb_intrinsic,515675,EPG,EPG(PB08)_R1,R,cb_intrinsic,9
20653,ER4d,ER4d_L,L,cb_intrinsic,515675,EPG,EPG(PB08)_R1,R,cb_intrinsic,9
18377,ER3w_b,ER3w_b_L,L,cb_intrinsic,515675,EPG,EPG(PB08)_R1,R,cb_intrinsic,9
526552,ER3w_b,ER3w_b_R,R,cb_intrinsic,514126,EPG,EPG(PB08)_R5,R,cb_intrinsic,9
72491,ER1_c,ER1_c_R,R,cb_intrinsic,514126,EPG,EPG(PB08)_R5,R,cb_intrinsic,9
44010,ER3w_b,ER3w_b_L,L,cb_intrinsic,514126,EPG,EPG(PB08)_R5,R,cb_intrinsic,9
38084,ER3m,ER3m_L,L,cb_intrinsic,514126,EPG,EPG(PB08)_R5,R,cb_intrinsic,9
28701,ER3d_b,ER3d_b_R,R,cb_intrinsic,514126,EPG,EPG(PB08)_R5,R,cb_intrinsic,9
27013,ER3m,ER3m_L,L,cb_intrinsic,514126,EPG,EPG(PB08)_R5,R,cb_intrinsic,9
26843,ER3w_b,ER3w_b_R,R,cb_intrinsic,514126,EPG,EPG(PB08)_R5,R,cb_intrinsic,9
25797,ER4d,ER4d_L,L,cb_intrinsic,514126,EPG,EPG(PB08)_R5,R,cb_intrinsic,9
23520,ER4d,ER4d_L,L,cb_intrinsic,514126,EPG,EPG(PB08)_R5,R,cb_intrinsic,9
20653,ER4d,ER4d_L,L,cb_intrinsic,514126,EPG,EPG(PB08)_R5,R,cb_intrinsic,9
20404,ER4d,ER4d_L,L,cb_intrinsic,514126,EPG,EPG(PB08)_R5,R,cb_intrinsic,9
19072,ER5,ER5_R,R,cb_intrinsic,514126,EPG,EPG(PB08)_R5,R,cb_intrinsic,9
18377,ER3w_b,ER3w_b_L,L,cb_intrinsic,514126,EPG,EPG(PB08)_R5,R,cb_intrinsic,9
16343,ER4d,ER4d_R,R,cb_intrinsic,514126,EPG,EPG(PB08)_R5,R,cb_intrinsic,9
517602,ER3p_a,ER3p_a_R,R,cb_intrinsic,513520,EPG,EPG(PB08)_R6,R,cb_intrinsic,9
515761,ER3p_a,ER3p_a_R,R,cb_intrinsic,513520,EPG,EPG(PB08)_R6,R,cb_intrinsic,9
72491,ER1_c,ER1_c_R,R,cb_intrinsic,513520,EPG,EPG(PB08)_R6,R,cb_intrinsic,9
50694,ER3w_b,ER3w_b_L,L,cb_intrinsic,513520,EPG,EPG(PB08)_R6,R,cb_intrinsic,9
49002,ER3p_a,ER3p_a_L,L,cb_intrinsic,513520,EPG,EPG(PB08)_R6,R,cb_intrinsic,9
47186,ER3m,ER3m_R,R,cb_intrinsic,513520,EPG,EPG(PB08)_R6,R,cb_intrinsic,9
37058,ER1_b,ER1_b_R,R,cb_intrinsic,513520,EPG,EPG(PB08)_R6,R,cb_intrinsic,9
36384,ER1_b,ER1_b_R,R,cb_intrinsic,513520,EPG,EPG(PB08)_R6,R,cb_intrinsic,9
32315,ER1_a,ER1_a_L,L,cb_intrinsic,513520,EPG,EPG(PB08)_R6,R,cb_intrinsic,9
31681,ER1_a,ER1_a_R,R,cb_intrinsic,513520,EPG,EPG(PB08)_R6,R,cb_intrinsic,9
26673,ER3w_b,ER3w_b_L,L,cb_intrinsic,513520,EPG,EPG(PB08)_R6,R,cb_intrinsic,9
25447,ER3w_c,ER3w_c_R,R,cb_intrinsic,513520,EPG,EPG(PB08)_R6,R,cb_intrinsic,9
24122,ER4d,ER4d_R,R,cb_intrinsic,513520,EPG,EPG(PB08)_R6,R,cb_intrinsic,9
21645,ER2_a,ER2_a_L,L,cb_intrinsic,513520,EPG,EPG(PB08)_R6,R,cb_intrinsic,9
21277,ER2_a,ER2_a_R,R,cb_intrinsic,513520,EPG,EPG(PB08)_R6,R,cb_intrinsic,9
20980,ER4d,ER4d_R,R,cb_intrinsic,513520,EPG,EPG(PB08)_R6,R,cb_intrinsic,9
20678,ER2_d,ER2_d_R,R,cb_intrinsic,513520,EPG,EPG(PB08)_R6,R,cb_intrinsic,9
527199,ER3d_e,ER3d_e_L,L,cb_intrinsic,11874,EPG,EPG(PB08)_L7,L,cb_intrinsic,9
80867,ER1_a,ER1_a_R,R,cb_intrinsic,11874,EPG,EPG(PB08)_L7,L,cb_intrinsic,9
71503,ER1_c,ER1_c_R,R,cb_intrinsic,11874,EPG,EPG(PB08)_L7,L,cb_intrinsic,9
67174,ER1_a,ER1_a_R,R,cb_intrinsic,11874,EPG,EPG(PB08)_L7,L,cb_intrinsic,9
50694,ER3w_b,ER3w_b_L,L,cb_intrinsic,11874,EPG,EPG(PB08)_L7,L,cb_intrinsic,9
50007,ER3p_a,ER3p_a_L,L,cb_intrinsic,11874,EPG,EPG(PB08)_L7,L,cb_intrinsic,9
44830,ER3d_e,ER3d_e_R,R,cb_intrinsic,11874,EPG,EPG(PB08)_L7,L,cb_intrinsic,9
39095,ER1_a,ER1_a_L,L,cb_intrinsic,11874,EPG,EPG(PB08)_L7,L,cb_intrinsic,9
38084,ER3m,ER3m_L,L,cb_intrinsic,11874,EPG,EPG(PB08)_L7,L,cb_intrinsic,9
36384,ER1_b,ER1_b_R,R,cb_intrinsic,11874,EPG,EPG(PB08)_L7,L,cb_intrinsic,9
26798,ER1_a,ER1_a_L,L,cb_intrinsic,11874,EPG,EPG(PB08)_L7,L,cb_intrinsic,9
26295,ER3m,ER3m_R,R,cb_intrinsic,11874,EPG,EPG(PB08)_L7,L,cb_intrinsic,9
25297,ER3w_a,ER3w_a_R,R,cb_intrinsic,11874,EPG,EPG(PB08)_L7,L,cb_intrinsic,9
23197,ER4d,ER4d_L,L,cb_intrinsic,11874,EPG,EPG(PB08)_L7,L,cb_intrinsic,9
20317,ER2_c,ER2_c_L,L,cb_intrinsic,11874,EPG,EPG(PB08)_L7,L,cb_intrinsic,9
19935,ER2_c,ER2_c_R,R,cb_intrinsic,11874,EPG,EPG(PB08)_L7,L,cb_intrinsic,9
523816,ER1_b,ER1_b_L,L,cb_intrinsic,512514,EPG,EPG(PB08)_L1,L,cb_intrinsic,9
522806,ER3d_c,ER3d_c_R,R,cb_intrinsic,512514,EPG,EPG(PB08)_L1,L,cb_intrinsic,9
514180,ER3p_b,ER3p_b_R,R,cb_intrinsic,512514,EPG,EPG(PB08)_L1,L,cb_intrinsic,9
513379,ER5,ER5_R,R,cb_intrinsic,512514,EPG,EPG(PB08)_L1,L,cb_intrinsic,9
61273,ER1_b,ER1_b_L,L,cb_intrinsic,512514,EPG,EPG(PB08)_L1,L,cb_intrinsic,9
52832,ER3m,ER3m_R,R,cb_intrinsic,512514,EPG,EPG(PB08)_L1,L,cb_intrinsic,9
50888,ER2_c,ER2_c_L,L,cb_intrinsic,512514,EPG,EPG(PB08)_L1,L,cb_intrinsic,9
38268,ER1_b,ER1_b_R,R,cb_intrinsic,512514,EPG,EPG(PB08)_L1,L,cb_intrinsic,9
36730,ER1_b,ER1_b_L,L,cb_intrinsic,512514,EPG,EPG(PB08)_L1,L,cb_intrinsic,9
34652,ER1_b,ER1_b_L,L,cb_intrinsic,512514,EPG,EPG(PB08)_L1,L,cb_intrinsic,9
31684,ER3d_a,ER3d_a_R,R,cb_intrinsic,512514,EPG,EPG(PB08)_L1,L,cb_intrinsic,9
27013,ER3m,ER3m_L,L,cb_intrinsic,512514,EPG,EPG(PB08)_L1,L,cb_intrinsic,9
26843,ER3w_b,ER3w_b_R,R,cb_intrinsic,512514,EPG,EPG(PB08)_L1,L,cb_intrinsic,9
25494,ER3d_e,ER3d_e_L,L,cb_intrinsic,512514,EPG,EPG(PB08)_L1,L,cb_intrinsic,9
20980,ER4d,ER4d_R,R,cb_intrinsic,512514,EPG,EPG(PB08)_L1,L,cb_intrinsic,9
20404,ER4d,ER4d_L,L,cb_intrinsic,512514,EPG,EPG(PB08)_L1,L,cb_intrinsic,9
19737,ER4d,ER4d_R,R,cb_intrinsic,512514,EPG,EPG(PB08)_L1,L,cb_intrinsic,9
19323,ER4d,ER4d_R,R,cb_intrinsic,512514,EPG,EPG(PB08)_L1,L,cb_intrinsic,9
16818,ER4d,ER4d_R,R,cb_intrinsic,512514,EPG,EPG(PB08)_L1,L,cb_intrinsic,9
15444,ER2_d,ER2_d_L,L,cb_intrinsic,512514,EPG,EPG(PB08)_L1,L,cb_intrinsic,9
532637,ER3m,ER3m_R,R,cb_intrinsic,88342,EPG,EPG(PB08)_L3,L,cb_intrinsic,9
518690,ER1_b,ER1_b_R,R,cb_intrinsic,88342,EPG,EPG(PB08)_L3,L,cb_intrinsic,9
511857,ER1_c,ER1_c_L,L,cb_intrinsic,88342,EPG,EPG(PB08)_L3,L,cb_intrinsic,9
47859,ER3d_c,ER3d_c_R,R,cb_intrinsic,88342,EPG,EPG(PB08)_L3,L,cb_intrinsic,9
44814,ER3m,ER3m_L,L,cb_intrinsic,88342,EPG,EPG(PB08)_L3,L,cb_intrinsic,9
44422,ER3m,ER3m_L,L,cb_intrinsic,88342,EPG,EPG(PB08)_L3,L,cb_intrinsic,9
43683,ER3w_a,ER3w_a_R,R,cb_intrinsic,88342,EPG,EPG(PB08)_L3,L,cb_intrinsic,9
42264,ER3d_e,ER3d_e_R,R,cb_intrinsic,88342,EPG,EPG(PB08)_L3,L,cb_intrinsic,9
40558,ER3d_b,ER3d_b_L,L,cb_intrinsic,88342,EPG,EPG(PB08)_L3,L,cb_intrinsic,9
35641,ER3d_c,ER3d_c_L,L,cb_intrinsic,88342,EPG,EPG(PB08)_L3,L,cb_intrinsic,9
34607,ER4d,ER4d_L,L,cb_intrinsic,88342,EPG,EPG(PB08)_L3,L,cb_intrinsic,9
28701,ER3d_b,ER3d_b_R,R,cb_intrinsic,88342,EPG,EPG(PB08)_L3,L,cb_intrinsic,9
28627,ER3m,ER3m_L,L,cb_intrinsic,88342,EPG,EPG(PB08)_L3,L,cb_intrinsic,9
25203,ER3w_c,ER3w_c_L,L,cb_intrinsic,88342,EPG,EPG(PB08)_L3,L,cb_intrinsic,9
24093,ER3w_a,ER3w_a_R,R,cb_intrinsic,88342,EPG,EPG(PB08)_L3,L,cb_intrinsic,9
23197,ER4d,ER4d_L,L,cb_intrinsic,88342,EPG,EPG(PB08)_L3,L,cb_intrinsic,9
22461,ER4d,ER4d_R,R,cb_intrinsic,88342,EPG,EPG(PB08)_L3,L,cb_intrinsic,9
21059,ER2_d,ER2_d_R,R,cb_intrinsic,88342,EPG,EPG(PB08)_L3,L,cb_intrinsic,9
18733,ER2_c,ER2_c_L,L,cb_intrinsic,88342,EPG,EPG(PB08)_L3,L,cb_intrinsic,9
517602,ER3p_a,ER3p_a_R,R,cb_intrinsic,15713,EPG,EPG(PB08)_L6,L,cb_intrinsic,9
69319,ER1_a,ER1_a_R,R,cb_intrinsic,15713,EPG,EPG(PB08)_L6,L,cb_intrinsic,9
52832,ER3m,ER3m_R,R,cb_intrinsic,15713,EPG,EPG(PB08)_L6,L,cb_intrinsic,9
48096,ER3p_a,ER3p_a_L,L,cb_intrinsic,15713,EPG,EPG(PB08)_L6,L,cb_intrinsic,9
46707,ER3w_a,ER3w_a_L,L,cb_intrinsic,15713,EPG,EPG(PB08)_L6,L,cb_intrinsic,9
38084,ER3m,ER3m_L,L,cb_intrinsic,15713,EPG,EPG(PB08)_L6,L,cb_intrinsic,9
31735,ER1_a,ER1_a_L,L,cb_intrinsic,15713,EPG,EPG(PB08)_L6,L,cb_intrinsic,9
31051,ER3m,ER3m_R,R,cb_intrinsic,15713,EPG,EPG(PB08)_L6,L,cb_intrinsic,9
29545,ER3w_b,ER3w_b_R,R,cb_intrinsic,15713,EPG,EPG(PB08)_L6,L,cb_intrinsic,9
27806,ER3p_a,ER3p_a_R,R,cb_intrinsic,15713,EPG,EPG(PB08)_L6,L,cb_intrinsic,9
25501,ER3w_b,ER3w_b_L,L,cb_intrinsic,15713,EPG,EPG(PB08)_L6,L,cb_intrinsic,9
24122,ER4d,ER4d_R,R,cb_intrinsic,15713,EPG,EPG(PB08)_L6,L,cb_intrinsic,9
24076,ER4d,ER4d_R,R,cb_intrinsic,15713,EPG,EPG(PB08)_L6,L,cb_intrinsic,9
23080,ER4d,ER4d_R,R,cb_intrinsic,15713,EPG,EPG(PB08)_L6,L,cb_intrinsic,9
20559,ER2_a,ER2_a_L,L,cb_intrinsic,15713,EPG,EPG(PB08)_L6,L,cb_intrinsic,9
19935,ER2_c,ER2_c_R,R,cb_intrinsic,15713,EPG,EPG(PB08)_L6,L,cb_intrinsic,9
19169,ER3m,ER3m_L,L,cb_intrinsic,15713,EPG,EPG(PB08)_L6,L,cb_intrinsic,9
17561,ER3m,ER3m_R,R,cb_intrinsic,15713,EPG,EPG(PB08)_L6,L,cb_intrinsic,9
13094,ER4d,ER4d_R,R,cb_intrinsic,15713,EPG,EPG(PB08)_L6,L,cb_intrinsic,9
523816,ER1_b,ER1_b_L,L,cb_intrinsic,520581,EPG,EPG(PB08)_R4,R,cb_intrinsic,9
522806,ER3d_c,ER3d_c_R,R,cb_intrinsic,520581,EPG,EPG(PB08)_R4,R,cb_intrinsic,9
518690,ER1_b,ER1_b_R,R,cb_intrinsic,520581,EPG,EPG(PB08)_R4,R,cb_intrinsic,9
511857,ER1_c,ER1_c_L,L,cb_intrinsic,520581,EPG,EPG(PB08)_R4,R,cb_intrinsic,9
72491,ER1_c,ER1_c_R,R,cb_intrinsic,520581,EPG,EPG(PB08)_R4,R,cb_intrinsic,9
43212,ER3d_a,ER3d_a_L,L,cb_intrinsic,520581,EPG,EPG(PB08)_R4,R,cb_intrinsic,9
39095,ER1_a,ER1_a_L,L,cb_intrinsic,520581,EPG,EPG(PB08)_R4,R,cb_intrinsic,9
37758,ER3d_a,ER3d_a_R,R,cb_intrinsic,520581,EPG,EPG(PB08)_R4,R,cb_intrinsic,9
37437,ER3d_e,ER3d_e_L,L,cb_intrinsic,520581,EPG,EPG(PB08)_R4,R,cb_intrinsic,9
29545,ER3w_b,ER3w_b_R,R,cb_intrinsic,520581,EPG,EPG(PB08)_R4,R,cb_intrinsic,9
26939,ER3m,ER3m_R,R,cb_intrinsic,520581,EPG,EPG(PB08)_R4,R,cb_intrinsic,9
25797,ER4d,ER4d_L,L,cb_intrinsic,520581,EPG,EPG(PB08)_R4,R,cb_intrinsic,9
25494,ER3d_e,ER3d_e_L,L,cb_intrinsic,520581,EPG,EPG(PB08)_R4,R,cb_intrinsic,9
24549,ER3w_c,ER3w_c_L,L,cb_intrinsic,520581,EPG,EPG(PB08)_R4,R,cb_intrinsic,9
23703,ER1_b,ER1_b_R,R,cb_intrinsic,520581,EPG,EPG(PB08)_R4,R,cb_intrinsic,9
21645,ER2_a,ER2_a_L,L,cb_intrinsic,520581,EPG,EPG(PB08)_R4,R,cb_intrinsic,9
21179,ER2_a,ER2_a_R,R,cb_intrinsic,520581,EPG,EPG(PB08)_R4,R,cb_intrinsic,9
18377,ER3w_b,ER3w_b_L,L,cb_intrinsic,520581,EPG,EPG(PB08)_R4,R,cb_intrinsic,9
13094,ER4d,ER4d_R,R,cb_intrinsic,520581,EPG,EPG(PB08)_R4,R,cb_intrinsic,9
517602,ER3p_a,ER3p_a_R,R,cb_intrinsic,13217,EPG,EPG(PB08)_L8,L,cb_intrinsic,9
513379,ER5,ER5_R,R,cb_intrinsic,13217,EPG,EPG(PB08)_L8,L,cb_intrinsic,9
512606,ER3w_c,ER3w_c_L,L,cb_intrinsic,13217,EPG,EPG(PB08)_L8,L,cb_intrinsic,9
63782,ER3d_c,ER3d_c_L,L,cb_intrinsic,13217,EPG,EPG(PB08)_L8,L,cb_intrinsic,9
61273,ER1_b,ER1_b_L,L,cb_intrinsic,13217,EPG,EPG(PB08)_L8,L,cb_intrinsic,9
54597,ER1_a,ER1_a_L,L,cb_intrinsic,13217,EPG,EPG(PB08)_L8,L,cb_intrinsic,9
41665,ER3a_c,ER3a_c_L,L,cb_intrinsic,13217,EPG,EPG(PB08)_L8,L,cb_intrinsic,9
40213,ER1_b,ER1_b_L,L,cb_intrinsic,13217,EPG,EPG(PB08)_L8,L,cb_intrinsic,9
36730,ER1_b,ER1_b_L,L,cb_intrinsic,13217,EPG,EPG(PB08)_L8,L,cb_intrinsic,9
31684,ER3d_a,ER3d_a_R,R,cb_intrinsic,13217,EPG,EPG(PB08)_L8,L,cb_intrinsic,9
30443,ER3a_c,ER3a_c_R,R,cb_intrinsic,13217,EPG,EPG(PB08)_L8,L,cb_intrinsic,9
29545,ER3w_b,ER3w_b_R,R,cb_intrinsic,13217,EPG,EPG(PB08)_L8,L,cb_intrinsic,9
28701,ER3d_b,ER3d_b_R,R,cb_intrinsic,13217,EPG,EPG(PB08)_L8,L,cb_intrinsic,9
26798,ER1_a,ER1_a_L,L,cb_intrinsic,13217,EPG,EPG(PB08)_L8,L,cb_intrinsic,9
25359,ER3p_a,ER3p_a_R,R,cb_intrinsic,13217,EPG,EPG(PB08)_L8,L,cb_intrinsic,9
23197,ER4d,ER4d_L,L,cb_intrinsic,13217,EPG,EPG(PB08)_L8,L,cb_intrinsic,9
22461,ER4d,ER4d_R,R,cb_intrinsic,13217,EPG,EPG(PB08)_L8,L,cb_intrinsic,9
22001,ER5,ER5_L,L,cb_intrinsic,13217,EPG,EPG(PB08)_L8,L,cb_intrinsic,9
21664,ER3d_e,ER3d_e_R,R,cb_intrinsic,13217,EPG,EPG(PB08)_L8,L,cb_intrinsic,9
20664,ER2_a,ER2_a_R,R,cb_intrinsic,13217,EPG,EPG(PB08)_L8,L,cb_intrinsic,9
20653,ER4d,ER4d_L,L,cb_intrinsic,13217,EPG,EPG(PB08)_L8,L,cb_intrinsic,9
13094,ER4d,ER4d_R,R,cb_intrinsic,13217,EPG,EPG(PB08)_L8,L,cb_intrinsic,9
523816,ER1_b,ER1_b_L,L,cb_intrinsic,92188,EPG,EPG(PB08)_R7,R,cb_intrinsic,9
521528,ER5,ER5_L,L,cb_intrinsic,92188,EPG,EPG(PB08)_R7,R,cb_intrinsic,9
518690,ER1_b,ER1_b_R,R,cb_intrinsic,92188,EPG,EPG(PB08)_R7,R,cb_intrinsic,9
514803,ER2_b,ER2_b_L,L,cb_intrinsic,92188,EPG,EPG(PB08)_R7,R,cb_intrinsic,9
67174,ER1_a,ER1_a_R,R,cb_intrinsic,92188,EPG,EPG(PB08)_R7,R,cb_intrinsic,9
61273,ER1_b,ER1_b_L,L,cb_intrinsic,92188,EPG,EPG(PB08)_R7,R,cb_intrinsic,9
47859,ER3d_c,ER3d_c_R,R,cb_intrinsic,92188,EPG,EPG(PB08)_R7,R,cb_intrinsic,9
47464,ER3d_d,ER3d_d_R,R,cb_intrinsic,92188,EPG,EPG(PB08)_R7,R,cb_intrinsic,9
47036,ER3d_a,ER3d_a_R,R,cb_intrinsic,92188,EPG,EPG(PB08)_R7,R,cb_intrinsic,9
46262,ER3d_b,ER3d_b_L,L,cb_intrinsic,92188,EPG,EPG(PB08)_R7,R,cb_intrinsic,9
46242,ER3w_a,ER3w_a_L,L,cb_intrinsic,92188,EPG,EPG(PB08)_R7,R,cb_intrinsic,9
43212,ER3d_a,ER3d_a_L,L,cb_intrinsic,92188,EPG,EPG(PB08)_R7,R,cb_intrinsic,9
36384,ER1_b,ER1_b_R,R,cb_intrinsic,92188,EPG,EPG(PB08)_R7,R,cb_intrinsic,9
24879,ER4d,ER4d_L,L,cb_intrinsic,92188,EPG,EPG(PB08)_R7,R,cb_intrinsic,9
24459,ER4d,ER4d_L,L,cb_intrinsic,92188,EPG,EPG(PB08)_R7,R,cb_intrinsic,9
24093,ER3w_a,ER3w_a_R,R,cb_intrinsic,92188,EPG,EPG(PB08)_R7,R,cb_intrinsic,9
23097,ER2_a,ER2_a_L,L,cb_intrinsic,92188,EPG,EPG(PB08)_R7,R,cb_intrinsic,9
21277,ER2_a,ER2_a_R,R,cb_intrinsic,92188,EPG,EPG(PB08)_R7,R,cb_intrinsic,9
21059,ER2_d,ER2_d_R,R,cb_intrinsic,92188,EPG,EPG(PB08)_R7,R,cb_intrinsic,9
20945,ER2_c,ER2_c_R,R,cb_intrinsic,92188,EPG,EPG(PB08)_R7,R,cb_intrinsic,9
17561,ER3m,ER3m_R,R,cb_intrinsic,92188,EPG,EPG(PB08)_R7,R,cb_intrinsic,9
17078,ER5,ER5_R,R,cb_intrinsic,92188,EPG,EPG(PB08)_R7,R,cb_intrinsic,9
16343,ER4d,ER4d_R,R,cb_intrinsic,92188,EPG,EPG(PB08)_R7,R,cb_intrinsic,9
14963,ER5,ER5_L,L,cb_intrinsic,92188,EPG,EPG(PB08)_R7,R,cb_intrinsic,9
80867,ER1_a,ER1_a_R,R,cb_intrinsic,521812,EPG,EPG(PB08)_R7,R,cb_intrinsic,9
50808,ER4d,ER4d_L,L,cb_intrinsic,521812,EPG,EPG(PB08)_R7,R,cb_intrinsic,9
50007,ER3p_a,ER3p_a_L,L,cb_intrinsic,521812,EPG,EPG(PB08)_R7,R,cb_intrinsic,9
46341,ER3w_b,ER3w_b_L,L,cb_intrinsic,521812,EPG,EPG(PB08)_R7,R,cb_intrinsic,9
32315,ER1_a,ER1_a_L,L,cb_intrinsic,521812,EPG,EPG(PB08)_R7,R,cb_intrinsic,9
24093,ER3w_a,ER3w_a_R,R,cb_intrinsic,521812,EPG,EPG(PB08)_R7,R,cb_intrinsic,9
23703,ER1_b,ER1_b_R,R,cb_intrinsic,521812,EPG,EPG(PB08)_R7,R,cb_intrinsic,9
23520,ER4d,ER4d_L,L,cb_intrinsic,521812,EPG,EPG(PB08)_R7,R,cb_intrinsic,9
20653,ER4d,ER4d_L,L,cb_intrinsic,521812,EPG,EPG(PB08)_R7,R,cb_intrinsic,9
19169,ER3m,ER3m_L,L,cb_intrinsic,521812,EPG,EPG(PB08)_R7,R,cb_intrinsic,9
15444,ER2_d,ER2_d_L,L,cb_intrinsic,521812,EPG,EPG(PB08)_R7,R,cb_intrinsic,9
527653,ER4d,ER4d_L,L,cb_intrinsic,521813,EPG,EPG(PB08)_L2,L,cb_intrinsic,9
517602,ER3p_a,ER3p_a_R,R,cb_intrinsic,521813,EPG,EPG(PB08)_L2,L,cb_intrinsic,9
514180,ER3p_b,ER3p_b_R,R,cb_intrinsic,521813,EPG,EPG(PB08)_L2,L,cb_intrinsic,9
511857,ER1_c,ER1_c_L,L,cb_intrinsic,521813,EPG,EPG(PB08)_L2,L,cb_intrinsic,9
71503,ER1_c,ER1_c_R,R,cb_intrinsic,521813,EPG,EPG(PB08)_L2,L,cb_intrinsic,9
69319,ER1_a,ER1_a_R,R,cb_intrinsic,521813,EPG,EPG(PB08)_L2,L,cb_intrinsic,9
54597,ER1_a,ER1_a_L,L,cb_intrinsic,521813,EPG,EPG(PB08)_L2,L,cb_intrinsic,9
50694,ER3w_b,ER3w_b_L,L,cb_intrinsic,521813,EPG,EPG(PB08)_L2,L,cb_intrinsic,9
48291,ER3w_b,ER3w_b_L,L,cb_intrinsic,521813,EPG,EPG(PB08)_L2,L,cb_intrinsic,9
47036,ER3d_a,ER3d_a_R,R,cb_intrinsic,521813,EPG,EPG(PB08)_L2,L,cb_intrinsic,9
42241,ER1_b,ER1_b_R,R,cb_intrinsic,521813,EPG,EPG(PB08)_L2,L,cb_intrinsic,9
39095,ER1_a,ER1_a_L,L,cb_intrinsic,521813,EPG,EPG(PB08)_L2,L,cb_intrinsic,9
36730,ER1_b,ER1_b_L,L,cb_intrinsic,521813,EPG,EPG(PB08)_L2,L,cb_intrinsic,9
29545,ER3w_b,ER3w_b_R,R,cb_intrinsic,521813,EPG,EPG(PB08)_L2,L,cb_intrinsic,9
28701,ER3d_b,ER3d_b_R,R,cb_intrinsic,521813,EPG,EPG(PB08)_L2,L,cb_intrinsic,9
26798,ER1_a,ER1_a_L,L,cb_intrinsic,521813,EPG,EPG(PB08)_L2,L,cb_intrinsic,9
25501,ER3w_b,ER3w_b_L,L,cb_intrinsic,521813,EPG,EPG(PB08)_L2,L,cb_intrinsic,9
25447,ER3w_c,ER3w_c_R,R,cb_intrinsic,521813,EPG,EPG(PB08)_L2,L,cb_intrinsic,9
23520,ER4d,ER4d_L,L,cb_intrinsic,521813,EPG,EPG(PB08)_L2,L,cb_intrinsic,9
17591,ER4d,ER4d_R,R,cb_intrinsic,521813,EPG,EPG(PB08)_L2,L,cb_intrinsic,9
527150,ER3d_a,ER3d_a_L,L,cb_intrinsic,512513,EPG,EPG(PB08)_R1,R,cb_intrinsic,9
511857,ER1_c,ER1_c_L,L,cb_intrinsic,512513,EPG,EPG(PB08)_R1,R,cb_intrinsic,9
71503,ER1_c,ER1_c_R,R,cb_intrinsic,512513,EPG,EPG(PB08)_R1,R,cb_intrinsic,9
61273,ER1_b,ER1_b_L,L,cb_intrinsic,512513,EPG,EPG(PB08)_R1,R,cb_intrinsic,9
47036,ER3d_a,ER3d_a_R,R,cb_intrinsic,512513,EPG,EPG(PB08)_R1,R,cb_intrinsic,9
44422,ER3m,ER3m_L,L,cb_intrinsic,512513,EPG,EPG(PB08)_R1,R,cb_intrinsic,9
43212,ER3d_a,ER3d_a_L,L,cb_intrinsic,512513,EPG,EPG(PB08)_R1,R,cb_intrinsic,9
37817,ER3d_e,ER3d_e_R,R,cb_intrinsic,512513,EPG,EPG(PB08)_R1,R,cb_intrinsic,9
37758,ER3d_a,ER3d_a_R,R,cb_intrinsic,512513,EPG,EPG(PB08)_R1,R,cb_intrinsic,9
35641,ER3d_c,ER3d_c_L,L,cb_intrinsic,512513,EPG,EPG(PB08)_R1,R,cb_intrinsic,9
27013,ER3m,ER3m_L,L,cb_intrinsic,512513,EPG,EPG(PB08)_R1,R,cb_intrinsic,9
24459,ER4d,ER4d_L,L,cb_intrinsic,512513,EPG,EPG(PB08)_R1,R,cb_intrinsic,9
19737,ER4d,ER4d_R,R,cb_intrinsic,512513,EPG,EPG(PB08)_R1,R,cb_intrinsic,9
54597,ER1_a,ER1_a_L,L,cb_intrinsic,519941,EPG,EPG(PB08)_L3,L,cb_intrinsic,8
51382,ER3d_b,ER3d_b_L,L,cb_intrinsic,519941,EPG,EPG(PB08)_L3,L,cb_intrinsic,8
42509,ER1_a,ER1_a_R,R,cb_intrinsic,519941,EPG,EPG(PB08)_L3,L,cb_intrinsic,8
40213,ER1_b,ER1_b_L,L,cb_intrinsic,519941,EPG,EPG(PB08)_L3,L,cb_intrinsic,8
39095,ER1_a,ER1_a_L,L,cb_intrinsic,519941,EPG,EPG(PB08)_L3,L,cb_intrinsic,8
38268,ER1_b,ER1_b_R,R,cb_intrinsic,519941,EPG,EPG(PB08)_L3,L,cb_intrinsic,8
35978,ER1_b,ER1_b_L,L,cb_intrinsic,519941,EPG,EPG(PB08)_L3,L,cb_intrinsic,8
34607,ER4d,ER4d_L,L,cb_intrinsic,519941,EPG,EPG(PB08)_L3,L,cb_intrinsic,8
32315,ER1_a,ER1_a_L,L,cb_intrinsic,519941,EPG,EPG(PB08)_L3,L,cb_intrinsic,8
31735,ER1_a,ER1_a_L,L,cb_intrinsic,519941,EPG,EPG(PB08)_L3,L,cb_intrinsic,8
29791,ER3d_b,ER3d_b_L,L,cb_intrinsic,519941,EPG,EPG(PB08)_L3,L,cb_intrinsic,8
25841,ER3w_b,ER3w_b_L,L,cb_intrinsic,519941,EPG,EPG(PB08)_L3,L,cb_intrinsic,8
25797,ER4d,ER4d_L,L,cb_intrinsic,519941,EPG,EPG(PB08)_L3,L,cb_intrinsic,8
24879,ER4d,ER4d_L,L,cb_intrinsic,519941,EPG,EPG(PB08)_L3,L,cb_intrinsic,8
24076,ER4d,ER4d_R,R,cb_intrinsic,519941,EPG,EPG(PB08)_L3,L,cb_intrinsic,8
23874,ER4d,ER4d_R,R,cb_intrinsic,519941,EPG,EPG(PB08)_L3,L,cb_intrinsic,8
19323,ER4d,ER4d_R,R,cb_intrinsic,519941,EPG,EPG(PB08)_L3,L,cb_intrinsic,8
17561,ER3m,ER3m_R,R,cb_intrinsic,519941,EPG,EPG(PB08)_L3,L,cb_intrinsic,8
16818,ER4d,ER4d_R,R,cb_intrinsic,519941,EPG,EPG(PB08)_L3,L,cb_intrinsic,8
530339,ER3d_d,ER3d_d_L,L,cb_intrinsic,11989,EPG,EPG(PB08)_L5,L,cb_intrinsic,8
529330,ER3d_b,ER3d_b_L,L,cb_intrinsic,11989,EPG,EPG(PB08)_L5,L,cb_intrinsic,8
526143,ER3w_b,ER3w_b_L,L,cb_intrinsic,11989,EPG,EPG(PB08)_L5,L,cb_intrinsic,8
523816,ER1_b,ER1_b_L,L,cb_intrinsic,11989,EPG,EPG(PB08)_L5,L,cb_intrinsic,8
514180,ER3p_b,ER3p_b_R,R,cb_intrinsic,11989,EPG,EPG(PB08)_L5,L,cb_intrinsic,8
514042,ER2_b,ER2_b_L,L,cb_intrinsic,11989,EPG,EPG(PB08)_L5,L,cb_intrinsic,8
513678,ER3w_b,ER3w_b_R,R,cb_intrinsic,11989,EPG,EPG(PB08)_L5,L,cb_intrinsic,8
41665,ER3a_c,ER3a_c_L,L,cb_intrinsic,11989,EPG,EPG(PB08)_L5,L,cb_intrinsic,8
37758,ER3d_a,ER3d_a_R,R,cb_intrinsic,11989,EPG,EPG(PB08)_L5,L,cb_intrinsic,8
37437,ER3d_e,ER3d_e_L,L,cb_intrinsic,11989,EPG,EPG(PB08)_L5,L,cb_intrinsic,8
32315,ER1_a,ER1_a_L,L,cb_intrinsic,11989,EPG,EPG(PB08)_L5,L,cb_intrinsic,8
31541,ER3d_d,ER3d_d_R,R,cb_intrinsic,11989,EPG,EPG(PB08)_L5,L,cb_intrinsic,8
29545,ER3w_b,ER3w_b_R,R,cb_intrinsic,11989,EPG,EPG(PB08)_L5,L,cb_intrinsic,8
25709,ER2_c,ER2_c_L,L,cb_intrinsic,11989,EPG,EPG(PB08)_L5,L,cb_intrinsic,8
24093,ER3w_a,ER3w_a_R,R,cb_intrinsic,11989,EPG,EPG(PB08)_L5,L,cb_intrinsic,8
23315,ER4d,ER4d_L,L,cb_intrinsic,11989,EPG,EPG(PB08)_L5,L,cb_intrinsic,8
22644,ER3d_a,ER3d_a_R,R,cb_intrinsic,11989,EPG,EPG(PB08)_L5,L,cb_intrinsic,8
18664,ER2_c,ER2_c_R,R,cb_intrinsic,11989,EPG,EPG(PB08)_L5,L,cb_intrinsic,8
16598,ER3w_b,ER3w_b_R,R,cb_intrinsic,11989,EPG,EPG(PB08)_L5,L,cb_intrinsic,8
518690,ER1_b,ER1_b_R,R,cb_intrinsic,107195,EPG,EPG(PB08)_L5,L,cb_intrinsic,8
517264,ER3w_a,ER3w_a_R,R,cb_intrinsic,107195,EPG,EPG(PB08)_L5,L,cb_intrinsic,8
511857,ER1_c,ER1_c_L,L,cb_intrinsic,107195,EPG,EPG(PB08)_L5,L,cb_intrinsic,8
61273,ER1_b,ER1_b_L,L,cb_intrinsic,107195,EPG,EPG(PB08)_L5,L,cb_intrinsic,8
47859,ER3d_c,ER3d_c_R,R,cb_intrinsic,107195,EPG,EPG(PB08)_L5,L,cb_intrinsic,8
42241,ER1_b,ER1_b_R,R,cb_intrinsic,107195,EPG,EPG(PB08)_L5,L,cb_intrinsic,8
31681,ER1_a,ER1_a_R,R,cb_intrinsic,107195,EPG,EPG(PB08)_L5,L,cb_intrinsic,8
25297,ER3w_a,ER3w_a_R,R,cb_intrinsic,107195,EPG,EPG(PB08)_L5,L,cb_intrinsic,8
24549,ER3w_c,ER3w_c_L,L,cb_intrinsic,107195,EPG,EPG(PB08)_L5,L,cb_intrinsic,8
23080,ER4d,ER4d_R,R,cb_intrinsic,107195,EPG,EPG(PB08)_L5,L,cb_intrinsic,8
19807,ER2_c,ER2_c_L,L,cb_intrinsic,107195,EPG,EPG(PB08)_L5,L,cb_intrinsic,8
18664,ER2_c,ER2_c_R,R,cb_intrinsic,107195,EPG,EPG(PB08)_L5,L,cb_intrinsic,8
17561,ER3m,ER3m_R,R,cb_intrinsic,107195,EPG,EPG(PB08)_L5,L,cb_intrinsic,8
517059,ER2_a,ER2_a_L,L,cb_intrinsic,519328,EPG,EPG(PB08)_L3,L,cb_intrinsic,8
514180,ER3p_b,ER3p_b_R,R,cb_intrinsic,519328,EPG,EPG(PB08)_L3,L,cb_intrinsic,8
47186,ER3m,ER3m_R,R,cb_intrinsic,519328,EPG,EPG(PB08)_L3,L,cb_intrinsic,8
44814,ER3m,ER3m_L,L,cb_intrinsic,519328,EPG,EPG(PB08)_L3,L,cb_intrinsic,8
43039,ER3d_d,ER3d_d_L,L,cb_intrinsic,519328,EPG,EPG(PB08)_L3,L,cb_intrinsic,8
40213,ER1_b,ER1_b_L,L,cb_intrinsic,519328,EPG,EPG(PB08)_L3,L,cb_intrinsic,8
36730,ER1_b,ER1_b_L,L,cb_intrinsic,519328,EPG,EPG(PB08)_L3,L,cb_intrinsic,8
36235,ER1_c,ER1_c_L,L,cb_intrinsic,519328,EPG,EPG(PB08)_L3,L,cb_intrinsic,8
31263,ER3d_b,ER3d_b_R,R,cb_intrinsic,519328,EPG,EPG(PB08)_L3,L,cb_intrinsic,8
28339,ER4d,ER4d_R,R,cb_intrinsic,519328,EPG,EPG(PB08)_L3,L,cb_intrinsic,8
26798,ER1_a,ER1_a_L,L,cb_intrinsic,519328,EPG,EPG(PB08)_L3,L,cb_intrinsic,8
20605,ER2_a,ER2_a_L,L,cb_intrinsic,519328,EPG,EPG(PB08)_L3,L,cb_intrinsic,8
19323,ER4d,ER4d_R,R,cb_intrinsic,519328,EPG,EPG(PB08)_L3,L,cb_intrinsic,8
16343,ER4d,ER4d_R,R,cb_intrinsic,519328,EPG,EPG(PB08)_L3,L,cb_intrinsic,8
544496,ER3a_c,ER3a_c_R,R,cb_intrinsic,512928,EPG,EPG(PB08)_R3,R,cb_intrinsic,8
523816,ER1_b,ER1_b_L,L,cb_intrinsic,512928,EPG,EPG(PB08)_R3,R,cb_intrinsic,8
521534,ER5,ER5_L,L,cb_intrinsic,512928,EPG,EPG(PB08)_R3,R,cb_intrinsic,8
517603,ER3d_d,ER3d_d_R,R,cb_intrinsic,512928,EPG,EPG(PB08)_R3,R,cb_intrinsic,8
512608,ER3d_b,ER3d_b_R,R,cb_intrinsic,512928,EPG,EPG(PB08)_R3,R,cb_intrinsic,8
59230,ER3m,ER3m_R,R,cb_intrinsic,512928,EPG,EPG(PB08)_R3,R,cb_intrinsic,8
53618,ER3p_b,ER3p_b_L,L,cb_intrinsic,512928,EPG,EPG(PB08)_R3,R,cb_intrinsic,8
52832,ER3m,ER3m_R,R,cb_intrinsic,512928,EPG,EPG(PB08)_R3,R,cb_intrinsic,8
50808,ER4d,ER4d_L,L,cb_intrinsic,512928,EPG,EPG(PB08)_R3,R,cb_intrinsic,8
44814,ER3m,ER3m_L,L,cb_intrinsic,512928,EPG,EPG(PB08)_R3,R,cb_intrinsic,8
30522,ER3d_b,ER3d_b_R,R,cb_intrinsic,512928,EPG,EPG(PB08)_R3,R,cb_intrinsic,8
28701,ER3d_b,ER3d_b_R,R,cb_intrinsic,512928,EPG,EPG(PB08)_R3,R,cb_intrinsic,8
28339,ER4d,ER4d_R,R,cb_intrinsic,512928,EPG,EPG(PB08)_R3,R,cb_intrinsic,8
23315,ER4d,ER4d_L,L,cb_intrinsic,512928,EPG,EPG(PB08)_R3,R,cb_intrinsic,8
23197,ER4d,ER4d_L,L,cb_intrinsic,512928,EPG,EPG(PB08)_R3,R,cb_intrinsic,8
21277,ER2_a,ER2_a_R,R,cb_intrinsic,512928,EPG,EPG(PB08)_R3,R,cb_intrinsic,8
17679,ER2_d,ER2_d_R,R,cb_intrinsic,512928,EPG,EPG(PB08)_R3,R,cb_intrinsic,8
527653,ER4d,ER4d_L,L,cb_intrinsic,14507,EPG,EPG(PB08)_R7,R,cb_intrinsic,8
517602,ER3p_a,ER3p_a_R,R,cb_intrinsic,14507,EPG,EPG(PB08)_R7,R,cb_intrinsic,8
48096,ER3p_a,ER3p_a_L,L,cb_intrinsic,14507,EPG,EPG(PB08)_R7,R,cb_intrinsic,8
47859,ER3d_c,ER3d_c_R,R,cb_intrinsic,14507,EPG,EPG(PB08)_R7,R,cb_intrinsic,8
42241,ER1_b,ER1_b_R,R,cb_intrinsic,14507,EPG,EPG(PB08)_R7,R,cb_intrinsic,8
39095,ER1_a,ER1_a_L,L,cb_intrinsic,14507,EPG,EPG(PB08)_R7,R,cb_intrinsic,8
38306,ER3d_a,ER3d_a_L,L,cb_intrinsic,14507,EPG,EPG(PB08)_R7,R,cb_intrinsic,8
36524,ER2_a,ER2_a_L,L,cb_intrinsic,14507,EPG,EPG(PB08)_R7,R,cb_intrinsic,8
25841,ER3w_b,ER3w_b_L,L,cb_intrinsic,14507,EPG,EPG(PB08)_R7,R,cb_intrinsic,8
23874,ER4d,ER4d_R,R,cb_intrinsic,14507,EPG,EPG(PB08)_R7,R,cb_intrinsic,8
23520,ER4d,ER4d_L,L,cb_intrinsic,14507,EPG,EPG(PB08)_R7,R,cb_intrinsic,8
21752,ER2_c,ER2_c_L,L,cb_intrinsic,14507,EPG,EPG(PB08)_R7,R,cb_intrinsic,8
20559,ER2_a,ER2_a_L,L,cb_intrinsic,14507,EPG,EPG(PB08)_R7,R,cb_intrinsic,8
20317,ER2_c,ER2_c_L,L,cb_intrinsic,14507,EPG,EPG(PB08)_R7,R,cb_intrinsic,8
19791,ER4d,ER4d_L,L,cb_intrinsic,14507,EPG,EPG(PB08)_R7,R,cb_intrinsic,8
18377,ER3w_b,ER3w_b_L,L,cb_intrinsic,14507,EPG,EPG(PB08)_R7,R,cb_intrinsic,8
529847,ER3m,ER3m_L,L,cb_intrinsic,524073,EPG,EPG(PB08)_L2,L,cb_intrinsic,8
526552,ER3w_b,ER3w_b_R,R,cb_intrinsic,524073,EPG,EPG(PB08)_L2,L,cb_intrinsic,8
512608,ER3d_b,ER3d_b_R,R,cb_intrinsic,524073,EPG,EPG(PB08)_L2,L,cb_intrinsic,8
63782,ER3d_c,ER3d_c_L,L,cb_intrinsic,524073,EPG,EPG(PB08)_L2,L,cb_intrinsic,8
50694,ER3w_b,ER3w_b_L,L,cb_intrinsic,524073,EPG,EPG(PB08)_L2,L,cb_intrinsic,8
45134,ER3p_b,ER3p_b_L,L,cb_intrinsic,524073,EPG,EPG(PB08)_L2,L,cb_intrinsic,8
44830,ER3d_e,ER3d_e_R,R,cb_intrinsic,524073,EPG,EPG(PB08)_L2,L,cb_intrinsic,8
39503,ER3p_a,ER3p_a_L,L,cb_intrinsic,524073,EPG,EPG(PB08)_L2,L,cb_intrinsic,8
39095,ER1_a,ER1_a_L,L,cb_intrinsic,524073,EPG,EPG(PB08)_L2,L,cb_intrinsic,8
38268,ER1_b,ER1_b_R,R,cb_intrinsic,524073,EPG,EPG(PB08)_L2,L,cb_intrinsic,8
38084,ER3m,ER3m_L,L,cb_intrinsic,524073,EPG,EPG(PB08)_L2,L,cb_intrinsic,8
37058,ER1_b,ER1_b_R,R,cb_intrinsic,524073,EPG,EPG(PB08)_L2,L,cb_intrinsic,8
31088,ER3p_a,ER3p_a_R,R,cb_intrinsic,524073,EPG,EPG(PB08)_L2,L,cb_intrinsic,8
30592,ER3d_b,ER3d_b_R,R,cb_intrinsic,524073,EPG,EPG(PB08)_L2,L,cb_intrinsic,8
29545,ER3w_b,ER3w_b_R,R,cb_intrinsic,524073,EPG,EPG(PB08)_L2,L,cb_intrinsic,8
25841,ER3w_b,ER3w_b_L,L,cb_intrinsic,524073,EPG,EPG(PB08)_L2,L,cb_intrinsic,8
25297,ER3w_a,ER3w_a_R,R,cb_intrinsic,524073,EPG,EPG(PB08)_L2,L,cb_intrinsic,8
19791,ER4d,ER4d_L,L,cb_intrinsic,524073,EPG,EPG(PB08)_L2,L,cb_intrinsic,8
19355,ER2_c,ER2_c_R,R,cb_intrinsic,524073,EPG,EPG(PB08)_L2,L,cb_intrinsic,8
19323,ER4d,ER4d_R,R,cb_intrinsic,524073,EPG,EPG(PB08)_L2,L,cb_intrinsic,8
16818,ER4d,ER4d_R,R,cb_intrinsic,524073,EPG,EPG(PB08)_L2,L,cb_intrinsic,8
39095,ER1_a,ER1_a_L,L,cb_intrinsic,519144,EPG,EPG(PB08)_L8,L,cb_intrinsic,8
27850,ER3w_b,ER3w_b_R,R,cb_intrinsic,519144,EPG,EPG(PB08)_L8,L,cb_intrinsic,8
529847,ER3m,ER3m_L,L,cb_intrinsic,512305,EPG,EPG(PB08)_R8,R,cb_intrinsic,8
518690,ER1_b,ER1_b_R,R,cb_intrinsic,512305,EPG,EPG(PB08)_R8,R,cb_intrinsic,8
514803,ER2_b,ER2_b_L,L,cb_intrinsic,512305,EPG,EPG(PB08)_R8,R,cb_intrinsic,8
59337,ER3w_b,ER3w_b_L,L,cb_intrinsic,512305,EPG,EPG(PB08)_R8,R,cb_intrinsic,8
34652,ER1_b,ER1_b_L,L,cb_intrinsic,512305,EPG,EPG(PB08)_R8,R,cb_intrinsic,8
34038,ER3d_b,ER3d_b_L,L,cb_intrinsic,512305,EPG,EPG(PB08)_R8,R,cb_intrinsic,8
30592,ER3d_b,ER3d_b_R,R,cb_intrinsic,512305,EPG,EPG(PB08)_R8,R,cb_intrinsic,8
29791,ER3d_b,ER3d_b_L,L,cb_intrinsic,512305,EPG,EPG(PB08)_R8,R,cb_intrinsic,8
24122,ER4d,ER4d_R,R,cb_intrinsic,512305,EPG,EPG(PB08)_R8,R,cb_intrinsic,8
24093,ER3w_a,ER3w_a_R,R,cb_intrinsic,512305,EPG,EPG(PB08)_R8,R,cb_intrinsic,8
23520,ER4d,ER4d_L,L,cb_intrinsic,512305,EPG,EPG(PB08)_R8,R,cb_intrinsic,8
16818,ER4d,ER4d_R,R,cb_intrinsic,512305,EPG,EPG(PB08)_R8,R,cb_intrinsic,8
518690,ER1_b,ER1_b_R,R,cb_intrinsic,513464,EPG,EPG(PB08)_R8,R,cb_intrinsic,8
517602,ER3p_a,ER3p_a_R,R,cb_intrinsic,513464,EPG,EPG(PB08)_R8,R,cb_intrinsic,8
36384,ER1_b,ER1_b_R,R,cb_intrinsic,513464,EPG,EPG(PB08)_R8,R,cb_intrinsic,8
30206,ER5,ER5_R,R,cb_intrinsic,513464,EPG,EPG(PB08)_R8,R,cb_intrinsic,8
29545,ER3w_b,ER3w_b_R,R,cb_intrinsic,513464,EPG,EPG(PB08)_R8,R,cb_intrinsic,8
27806,ER3p_a,ER3p_a_R,R,cb_intrinsic,513464,EPG,EPG(PB08)_R8,R,cb_intrinsic,8
24459,ER4d,ER4d_L,L,cb_intrinsic,513464,EPG,EPG(PB08)_R8,R,cb_intrinsic,8
23520,ER4d,ER4d_L,L,cb_intrinsic,513464,EPG,EPG(PB08)_R8,R,cb_intrinsic,8
17679,ER2_d,ER2_d_R,R,cb_intrinsic,513464,EPG,EPG(PB08)_R8,R,cb_intrinsic,8
16598,ER3w_b,ER3w_b_R,R,cb_intrinsic,513464,EPG,EPG(PB08)_R8,R,cb_intrinsic,8
527653,ER4d,ER4d_L,L,cb_intrinsic,19825,EPG,EPG(PB08)_R6,R,cb_intrinsic,8
527150,ER3d_a,ER3d_a_L,L,cb_intrinsic,19825,EPG,EPG(PB08)_R6,R,cb_intrinsic,8
72491,ER1_c,ER1_c_R,R,cb_intrinsic,19825,EPG,EPG(PB08)_R6,R,cb_intrinsic,8
67174,ER1_a,ER1_a_R,R,cb_intrinsic,19825,EPG,EPG(PB08)_R6,R,cb_intrinsic,8
53745,ER3p_a,ER3p_a_L,L,cb_intrinsic,19825,EPG,EPG(PB08)_R6,R,cb_intrinsic,8
50808,ER4d,ER4d_L,L,cb_intrinsic,19825,EPG,EPG(PB08)_R6,R,cb_intrinsic,8
47186,ER3m,ER3m_R,R,cb_intrinsic,19825,EPG,EPG(PB08)_R6,R,cb_intrinsic,8
44814,ER3m,ER3m_L,L,cb_intrinsic,19825,EPG,EPG(PB08)_R6,R,cb_intrinsic,8
36730,ER1_b,ER1_b_L,L,cb_intrinsic,19825,EPG,EPG(PB08)_R6,R,cb_intrinsic,8
35978,ER1_b,ER1_b_L,L,cb_intrinsic,19825,EPG,EPG(PB08)_R6,R,cb_intrinsic,8
30371,ER1_a,ER1_a_R,R,cb_intrinsic,19825,EPG,EPG(PB08)_R6,R,cb_intrinsic,8
27013,ER3m,ER3m_L,L,cb_intrinsic,19825,EPG,EPG(PB08)_R6,R,cb_intrinsic,8
24093,ER3w_a,ER3w_a_R,R,cb_intrinsic,19825,EPG,EPG(PB08)_R6,R,cb_intrinsic,8
19791,ER4d,ER4d_L,L,cb_intrinsic,19825,EPG,EPG(PB08)_R6,R,cb_intrinsic,8
18733,ER2_c,ER2_c_L,L,cb_intrinsic,19825,EPG,EPG(PB08)_R6,R,cb_intrinsic,8
517602,ER3p_a,ER3p_a_R,R,cb_intrinsic,11307,EPG,EPG(PB08)_L4,L,cb_intrinsic,8
514180,ER3p_b,ER3p_b_R,R,cb_intrinsic,11307,EPG,EPG(PB08)_L4,L,cb_intrinsic,8
72491,ER1_c,ER1_c_R,R,cb_intrinsic,11307,EPG,EPG(PB08)_L4,L,cb_intrinsic,8
67174,ER1_a,ER1_a_R,R,cb_intrinsic,11307,EPG,EPG(PB08)_L4,L,cb_intrinsic,8
59337,ER3w_b,ER3w_b_L,L,cb_intrinsic,11307,EPG,EPG(PB08)_L4,L,cb_intrinsic,8
44830,ER3d_e,ER3d_e_R,R,cb_intrinsic,11307,EPG,EPG(PB08)_L4,L,cb_intrinsic,8
31681,ER1_a,ER1_a_R,R,cb_intrinsic,11307,EPG,EPG(PB08)_L4,L,cb_intrinsic,8
29545,ER3w_b,ER3w_b_R,R,cb_intrinsic,11307,EPG,EPG(PB08)_L4,L,cb_intrinsic,8
28339,ER4d,ER4d_R,R,cb_intrinsic,11307,EPG,EPG(PB08)_L4,L,cb_intrinsic,8
25501,ER3w_b,ER3w_b_L,L,cb_intrinsic,11307,EPG,EPG(PB08)_L4,L,cb_intrinsic,8
24076,ER4d,ER4d_R,R,cb_intrinsic,11307,EPG,EPG(PB08)_L4,L,cb_intrinsic,8
21645,ER2_a,ER2_a_L,L,cb_intrinsic,11307,EPG,EPG(PB08)_L4,L,cb_intrinsic,8
20404,ER4d,ER4d_L,L,cb_intrinsic,11307,EPG,EPG(PB08)_L4,L,cb_intrinsic,8
19900,ER2_c,ER2_c_L,L,cb_intrinsic,11307,EPG,EPG(PB08)_L4,L,cb_intrinsic,8
19791,ER4d,ER4d_L,L,cb_intrinsic,11307,EPG,EPG(PB08)_L4,L,cb_intrinsic,8
19737,ER4d,ER4d_R,R,cb_intrinsic,11307,EPG,EPG(PB08)_L4,L,cb_intrinsic,8
16818,ER4d,ER4d_R,R,cb_intrinsic,11307,EPG,EPG(PB08)_L4,L,cb_intrinsic,8
522806,ER3d_c,ER3d_c_R,R,cb_intrinsic,11503,EPG,EPG(PB08)_R8,R,cb_intrinsic,8
514042,ER2_b,ER2_b_L,L,cb_intrinsic,11503,EPG,EPG(PB08)_R8,R,cb_intrinsic,8
80867,ER1_a,ER1_a_R,R,cb_intrinsic,11503,EPG,EPG(PB08)_R8,R,cb_intrinsic,8
50694,ER3w_b,ER3w_b_L,L,cb_intrinsic,11503,EPG,EPG(PB08)_R8,R,cb_intrinsic,8
48291,ER3w_b,ER3w_b_L,L,cb_intrinsic,11503,EPG,EPG(PB08)_R8,R,cb_intrinsic,8
45134,ER3p_b,ER3p_b_L,L,cb_intrinsic,11503,EPG,EPG(PB08)_R8,R,cb_intrinsic,8
37058,ER1_b,ER1_b_R,R,cb_intrinsic,11503,EPG,EPG(PB08)_R8,R,cb_intrinsic,8
36384,ER1_b,ER1_b_R,R,cb_intrinsic,11503,EPG,EPG(PB08)_R8,R,cb_intrinsic,8
31735,ER1_a,ER1_a_L,L,cb_intrinsic,11503,EPG,EPG(PB08)_R8,R,cb_intrinsic,8
26843,ER3w_b,ER3w_b_R,R,cb_intrinsic,11503,EPG,EPG(PB08)_R8,R,cb_intrinsic,8
25501,ER3w_b,ER3w_b_L,L,cb_intrinsic,11503,EPG,EPG(PB08)_R8,R,cb_intrinsic,8
23703,ER1_b,ER1_b_R,R,cb_intrinsic,11503,EPG,EPG(PB08)_R8,R,cb_intrinsic,8
23315,ER4d,ER4d_L,L,cb_intrinsic,11503,EPG,EPG(PB08)_R8,R,cb_intrinsic,8
13999,ER3w_c,ER3w_c_R,R,cb_intrinsic,11503,EPG,EPG(PB08)_R8,R,cb_intrinsic,8
568502,ER5,ER5_R,R,cb_intrinsic,84758,EPG,EPG(PB08)_L7,L,cb_intrinsic,8
52832,ER3m,ER3m_R,R,cb_intrinsic,84758,EPG,EPG(PB08)_L7,L,cb_intrinsic,8
49378,ER3d_c,ER3d_c_R,R,cb_intrinsic,84758,EPG,EPG(PB08)_L7,L,cb_intrinsic,8
47036,ER3d_a,ER3d_a_R,R,cb_intrinsic,84758,EPG,EPG(PB08)_L7,L,cb_intrinsic,8
45839,ER3d_b,ER3d_b_L,L,cb_intrinsic,84758,EPG,EPG(PB08)_L7,L,cb_intrinsic,8
43212,ER3d_a,ER3d_a_L,L,cb_intrinsic,84758,EPG,EPG(PB08)_L7,L,cb_intrinsic,8
41665,ER3a_c,ER3a_c_L,L,cb_intrinsic,84758,EPG,EPG(PB08)_L7,L,cb_intrinsic,8
39095,ER1_a,ER1_a_L,L,cb_intrinsic,84758,EPG,EPG(PB08)_L7,L,cb_intrinsic,8
37105,ER1_b,ER1_b_L,L,cb_intrinsic,84758,EPG,EPG(PB08)_L7,L,cb_intrinsic,8
25797,ER4d,ER4d_L,L,cb_intrinsic,84758,EPG,EPG(PB08)_L7,L,cb_intrinsic,8
23080,ER4d,ER4d_R,R,cb_intrinsic,84758,EPG,EPG(PB08)_L7,L,cb_intrinsic,8
20653,ER4d,ER4d_L,L,cb_intrinsic,84758,EPG,EPG(PB08)_L7,L,cb_intrinsic,8
17561,ER3m,ER3m_R,R,cb_intrinsic,84758,EPG,EPG(PB08)_L7,L,cb_intrinsic,8
17078,ER5,ER5_R,R,cb_intrinsic,84758,EPG,EPG(PB08)_L7,L,cb_intrinsic,8
526552,ER3w_b,ER3w_b_R,R,cb_intrinsic,520812,EPG,EPG(PB08)_R8,R,cb_intrinsic,8
517603,ER3d_d,ER3d_d_R,R,cb_intrinsic,520812,EPG,EPG(PB08)_R8,R,cb_intrinsic,8
513678,ER3w_b,ER3w_b_R,R,cb_intrinsic,520812,EPG,EPG(PB08)_R8,R,cb_intrinsic,8
69319,ER1_a,ER1_a_R,R,cb_intrinsic,520812,EPG,EPG(PB08)_R8,R,cb_intrinsic,8
49869,ER3p_b,ER3p_b_R,R,cb_intrinsic,520812,EPG,EPG(PB08)_R8,R,cb_intrinsic,8
49002,ER3p_a,ER3p_a_L,L,cb_intrinsic,520812,EPG,EPG(PB08)_R8,R,cb_intrinsic,8
47186,ER3m,ER3m_R,R,cb_intrinsic,520812,EPG,EPG(PB08)_R8,R,cb_intrinsic,8
46341,ER3w_b,ER3w_b_L,L,cb_intrinsic,520812,EPG,EPG(PB08)_R8,R,cb_intrinsic,8
46262,ER3d_b,ER3d_b_L,L,cb_intrinsic,520812,EPG,EPG(PB08)_R8,R,cb_intrinsic,8
45839,ER3d_b,ER3d_b_L,L,cb_intrinsic,520812,EPG,EPG(PB08)_R8,R,cb_intrinsic,8
43039,ER3d_d,ER3d_d_L,L,cb_intrinsic,520812,EPG,EPG(PB08)_R8,R,cb_intrinsic,8
39798,ER5,ER5_L,L,cb_intrinsic,520812,EPG,EPG(PB08)_R8,R,cb_intrinsic,8
38306,ER3d_a,ER3d_a_L,L,cb_intrinsic,520812,EPG,EPG(PB08)_R8,R,cb_intrinsic,8
38268,ER1_b,ER1_b_R,R,cb_intrinsic,520812,EPG,EPG(PB08)_R8,R,cb_intrinsic,8
38084,ER3m,ER3m_L,L,cb_intrinsic,520812,EPG,EPG(PB08)_R8,R,cb_intrinsic,8
35978,ER1_b,ER1_b_L,L,cb_intrinsic,520812,EPG,EPG(PB08)_R8,R,cb_intrinsic,8
24549,ER3w_c,ER3w_c_L,L,cb_intrinsic,520812,EPG,EPG(PB08)_R8,R,cb_intrinsic,8
20980,ER4d,ER4d_R,R,cb_intrinsic,520812,EPG,EPG(PB08)_R8,R,cb_intrinsic,8
20678,ER2_d,ER2_d_R,R,cb_intrinsic,520812,EPG,EPG(PB08)_R8,R,cb_intrinsic,8
20653,ER4d,ER4d_L,L,cb_intrinsic,520812,EPG,EPG(PB08)_R8,R,cb_intrinsic,8
17679,ER2_d,ER2_d_R,R,cb_intrinsic,520812,EPG,EPG(PB08)_R8,R,cb_intrinsic,8
16598,ER3w_b,ER3w_b_R,R,cb_intrinsic,520812,EPG,EPG(PB08)_R8,R,cb_intrinsic,8
523816,ER1_b,ER1_b_L,L,cb_intrinsic,513284,EPG,EPG(PB08)_R3,R,cb_intrinsic,8
521534,ER5,ER5_L,L,cb_intrinsic,513284,EPG,EPG(PB08)_R3,R,cb_intrinsic,8
513379,ER5,ER5_R,R,cb_intrinsic,513284,EPG,EPG(PB08)_R3,R,cb_intrinsic,8
61273,ER1_b,ER1_b_L,L,cb_intrinsic,513284,EPG,EPG(PB08)_R3,R,cb_intrinsic,8
46262,ER3d_b,ER3d_b_L,L,cb_intrinsic,513284,EPG,EPG(PB08)_R3,R,cb_intrinsic,8
29177,ER3d_b,ER3d_b_R,R,cb_intrinsic,513284,EPG,EPG(PB08)_R3,R,cb_intrinsic,8
28627,ER3m,ER3m_L,L,cb_intrinsic,513284,EPG,EPG(PB08)_R3,R,cb_intrinsic,8
27770,ER3w_b,ER3w_b_R,R,cb_intrinsic,513284,EPG,EPG(PB08)_R3,R,cb_intrinsic,8
26939,ER3m,ER3m_R,R,cb_intrinsic,513284,EPG,EPG(PB08)_R3,R,cb_intrinsic,8
25447,ER3w_c,ER3w_c_R,R,cb_intrinsic,513284,EPG,EPG(PB08)_R3,R,cb_intrinsic,8
25329,ER3d_c,ER3d_c_L,L,cb_intrinsic,513284,EPG,EPG(PB08)_R3,R,cb_intrinsic,8
20980,ER4d,ER4d_R,R,cb_intrinsic,513284,EPG,EPG(PB08)_R3,R,cb_intrinsic,8
512607,ER3p_a,ER3p_a_R,R,cb_intrinsic,556346,EPG,EPG(PB08)_L6,L,cb_intrinsic,8
69319,ER1_a,ER1_a_R,R,cb_intrinsic,556346,EPG,EPG(PB08)_L6,L,cb_intrinsic,8
46707,ER3w_a,ER3w_a_L,L,cb_intrinsic,556346,EPG,EPG(PB08)_L6,L,cb_intrinsic,8
46262,ER3d_b,ER3d_b_L,L,cb_intrinsic,556346,EPG,EPG(PB08)_L6,L,cb_intrinsic,8
45839,ER3d_b,ER3d_b_L,L,cb_intrinsic,556346,EPG,EPG(PB08)_L6,L,cb_intrinsic,8
38268,ER1_b,ER1_b_R,R,cb_intrinsic,556346,EPG,EPG(PB08)_L6,L,cb_intrinsic,8
38084,ER3m,ER3m_L,L,cb_intrinsic,556346,EPG,EPG(PB08)_L6,L,cb_intrinsic,8
36730,ER1_b,ER1_b_L,L,cb_intrinsic,556346,EPG,EPG(PB08)_L6,L,cb_intrinsic,8
36384,ER1_b,ER1_b_R,R,cb_intrinsic,556346,EPG,EPG(PB08)_L6,L,cb_intrinsic,8
34607,ER4d,ER4d_L,L,cb_intrinsic,556346,EPG,EPG(PB08)_L6,L,cb_intrinsic,8
28701,ER3d_b,ER3d_b_R,R,cb_intrinsic,556346,EPG,EPG(PB08)_L6,L,cb_intrinsic,8
25447,ER3w_c,ER3w_c_R,R,cb_intrinsic,556346,EPG,EPG(PB08)_L6,L,cb_intrinsic,8
20590,ER2_a,ER2_a_R,R,cb_intrinsic,556346,EPG,EPG(PB08)_L6,L,cb_intrinsic,8
18633,ER5,ER5_L,L,cb_intrinsic,556346,EPG,EPG(PB08)_L6,L,cb_intrinsic,8
529847,ER3m,ER3m_L,L,cb_intrinsic,523786,EPG,EPG(PB08)_R4,R,cb_intrinsic,8
516944,ER5,ER5_L,L,cb_intrinsic,523786,EPG,EPG(PB08)_R4,R,cb_intrinsic,8
40213,ER1_b,ER1_b_L,L,cb_intrinsic,523786,EPG,EPG(PB08)_R4,R,cb_intrinsic,8
27013,ER3m,ER3m_L,L,cb_intrinsic,523786,EPG,EPG(PB08)_R4,R,cb_intrinsic,8
19169,ER3m,ER3m_L,L,cb_intrinsic,523786,EPG,EPG(PB08)_R4,R,cb_intrinsic,8
18377,ER3w_b,ER3w_b_L,L,cb_intrinsic,523786,EPG,EPG(PB08)_R4,R,cb_intrinsic,8
17561,ER3m,ER3m_R,R,cb_intrinsic,523786,EPG,EPG(PB08)_R4,R,cb_intrinsic,8
47859,ER3d_c,ER3d_c_R,R,cb_intrinsic,11987,EPG,EPG(PB08)_R5,R,cb_intrinsic,8
47036,ER3d_a,ER3d_a_R,R,cb_intrinsic,11987,EPG,EPG(PB08)_R5,R,cb_intrinsic,8
46707,ER3w_a,ER3w_a_L,L,cb_intrinsic,11987,EPG,EPG(PB08)_R5,R,cb_intrinsic,8
46089,ER3p_a,ER3p_a_L,L,cb_intrinsic,11987,EPG,EPG(PB08)_R5,R,cb_intrinsic,8
44010,ER3w_b,ER3w_b_L,L,cb_intrinsic,11987,EPG,EPG(PB08)_R5,R,cb_intrinsic,8
42509,ER1_a,ER1_a_R,R,cb_intrinsic,11987,EPG,EPG(PB08)_R5,R,cb_intrinsic,8
39095,ER1_a,ER1_a_L,L,cb_intrinsic,11987,EPG,EPG(PB08)_R5,R,cb_intrinsic,8
38268,ER1_b,ER1_b_R,R,cb_intrinsic,11987,EPG,EPG(PB08)_R5,R,cb_intrinsic,8
37758,ER3d_a,ER3d_a_R,R,cb_intrinsic,11987,EPG,EPG(PB08)_R5,R,cb_intrinsic,8
35978,ER1_b,ER1_b_L,L,cb_intrinsic,11987,EPG,EPG(PB08)_R5,R,cb_intrinsic,8
34652,ER1_b,ER1_b_L,L,cb_intrinsic,11987,EPG,EPG(PB08)_R5,R,cb_intrinsic,8
25797,ER4d,ER4d_L,L,cb_intrinsic,11987,EPG,EPG(PB08)_R5,R,cb_intrinsic,8
23520,ER4d,ER4d_L,L,cb_intrinsic,11987,EPG,EPG(PB08)_R5,R,cb_intrinsic,8
21664,ER3d_e,ER3d_e_R,R,cb_intrinsic,11987,EPG,EPG(PB08)_R5,R,cb_intrinsic,8
17591,ER4d,ER4d_R,R,cb_intrinsic,11987,EPG,EPG(PB08)_R5,R,cb_intrinsic,8
16818,ER4d,ER4d_R,R,cb_intrinsic,11987,EPG,EPG(PB08)_R5,R,cb_intrinsic,8
521528,ER5,ER5_L,L,cb_intrinsic,513033,EPG,EPG(PB08)_L8,L,cb_intrinsic,8
80867,ER1_a,ER1_a_R,R,cb_intrinsic,513033,EPG,EPG(PB08)_L8,L,cb_intrinsic,8
54912,ER3d_b,ER3d_b_L,L,cb_intrinsic,513033,EPG,EPG(PB08)_L8,L,cb_intrinsic,8
53618,ER3p_b,ER3p_b_L,L,cb_intrinsic,513033,EPG,EPG(PB08)_L8,L,cb_intrinsic,8
50808,ER4d,ER4d_L,L,cb_intrinsic,513033,EPG,EPG(PB08)_L8,L,cb_intrinsic,8
49869,ER3p_b,ER3p_b_R,R,cb_intrinsic,513033,EPG,EPG(PB08)_L8,L,cb_intrinsic,8
48291,ER3w_b,ER3w_b_L,L,cb_intrinsic,513033,EPG,EPG(PB08)_L8,L,cb_intrinsic,8
40213,ER1_b,ER1_b_L,L,cb_intrinsic,513033,EPG,EPG(PB08)_L8,L,cb_intrinsic,8
20653,ER4d,ER4d_L,L,cb_intrinsic,513033,EPG,EPG(PB08)_L8,L,cb_intrinsic,8
18377,ER3w_b,ER3w_b_L,L,cb_intrinsic,513033,EPG,EPG(PB08)_L8,L,cb_intrinsic,8
513346,ER3w_b,ER3w_b_R,R,cb_intrinsic,19125,EPG,EPG(PB08)_R5,R,cb_intrinsic,8
512607,ER3p_a,ER3p_a_R,R,cb_intrinsic,19125,EPG,EPG(PB08)_R5,R,cb_intrinsic,8
72491,ER1_c,ER1_c_R,R,cb_intrinsic,19125,EPG,EPG(PB08)_R5,R,cb_intrinsic,8
61273,ER1_b,ER1_b_L,L,cb_intrinsic,19125,EPG,EPG(PB08)_R5,R,cb_intrinsic,8
46262,ER3d_b,ER3d_b_L,L,cb_intrinsic,19125,EPG,EPG(PB08)_R5,R,cb_intrinsic,8
39095,ER1_a,ER1_a_L,L,cb_intrinsic,19125,EPG,EPG(PB08)_R5,R,cb_intrinsic,8
38306,ER3d_a,ER3d_a_L,L,cb_intrinsic,19125,EPG,EPG(PB08)_R5,R,cb_intrinsic,8
35978,ER1_b,ER1_b_L,L,cb_intrinsic,19125,EPG,EPG(PB08)_R5,R,cb_intrinsic,8
32315,ER1_a,ER1_a_L,L,cb_intrinsic,19125,EPG,EPG(PB08)_R5,R,cb_intrinsic,8
31263,ER3d_b,ER3d_b_R,R,cb_intrinsic,19125,EPG,EPG(PB08)_R5,R,cb_intrinsic,8
30674,ER3d_b,ER3d_b_R,R,cb_intrinsic,19125,EPG,EPG(PB08)_R5,R,cb_intrinsic,8
30522,ER3d_b,ER3d_b_R,R,cb_intrinsic,19125,EPG,EPG(PB08)_R5,R,cb_intrinsic,8
28339,ER4d,ER4d_R,R,cb_intrinsic,19125,EPG,EPG(PB08)_R5,R,cb_intrinsic,8
24093,ER3w_a,ER3w_a_R,R,cb_intrinsic,19125,EPG,EPG(PB08)_R5,R,cb_intrinsic,8
23703,ER1_b,ER1_b_R,R,cb_intrinsic,19125,EPG,EPG(PB08)_R5,R,cb_intrinsic,8
20678,ER2_d,ER2_d_R,R,cb_intrinsic,19125,EPG,EPG(PB08)_R5,R,cb_intrinsic,8
19935,ER2_c,ER2_c_R,R,cb_intrinsic,19125,EPG,EPG(PB08)_R5,R,cb_intrinsic,8
19807,ER2_c,ER2_c_L,L,cb_intrinsic,19125,EPG,EPG(PB08)_R5,R,cb_intrinsic,8
13999,ER3w_c,ER3w_c_R,R,cb_intrinsic,19125,EPG,EPG(PB08)_R5,R,cb_intrinsic,8
47186,ER3m,ER3m_R,R,cb_intrinsic,131313,EPG,EPG(PB08)_R6,R,cb_intrinsic,8
46707,ER3w_a,ER3w_a_L,L,cb_intrinsic,131313,EPG,EPG(PB08)_R6,R,cb_intrinsic,8
42509,ER1_a,ER1_a_R,R,cb_intrinsic,131313,EPG,EPG(PB08)_R6,R,cb_intrinsic,8
36235,ER1_c,ER1_c_L,L,cb_intrinsic,131313,EPG,EPG(PB08)_R6,R,cb_intrinsic,8
26843,ER3w_b,ER3w_b_R,R,cb_intrinsic,131313,EPG,EPG(PB08)_R6,R,cb_intrinsic,8
26673,ER3w_b,ER3w_b_L,L,cb_intrinsic,131313,EPG,EPG(PB08)_R6,R,cb_intrinsic,8
26136,ER2_b,ER2_b_R,R,cb_intrinsic,131313,EPG,EPG(PB08)_R6,R,cb_intrinsic,8
23703,ER1_b,ER1_b_R,R,cb_intrinsic,131313,EPG,EPG(PB08)_R6,R,cb_intrinsic,8
21882,ER2_a,ER2_a_L,L,cb_intrinsic,131313,EPG,EPG(PB08)_R6,R,cb_intrinsic,8
20653,ER4d,ER4d_L,L,cb_intrinsic,131313,EPG,EPG(PB08)_R6,R,cb_intrinsic,8
20317,ER2_c,ER2_c_L,L,cb_intrinsic,131313,EPG,EPG(PB08)_R6,R,cb_intrinsic,8
19323,ER4d,ER4d_R,R,cb_intrinsic,131313,EPG,EPG(PB08)_R6,R,cb_intrinsic,8
18377,ER3w_b,ER3w_b_L,L,cb_intrinsic,131313,EPG,EPG(PB08)_R6,R,cb_intrinsic,8
13094,ER4d,ER4d_R,R,cb_intrinsic,131313,EPG,EPG(PB08)_R6,R,cb_intrinsic,8
517603,ER3d_d,ER3d_d_R,R,cb_intrinsic,513517,EPG,EPG(PB08)_L4,L,cb_intrinsic,8
514180,ER3p_b,ER3p_b_R,R,cb_intrinsic,513517,EPG,EPG(PB08)_L4,L,cb_intrinsic,8
59337,ER3w_b,ER3w_b_L,L,cb_intrinsic,513517,EPG,EPG(PB08)_L4,L,cb_intrinsic,8
50694,ER3w_b,ER3w_b_L,L,cb_intrinsic,513517,EPG,EPG(PB08)_L4,L,cb_intrinsic,8
47271,ER3p_a,ER3p_a_L,L,cb_intrinsic,513517,EPG,EPG(PB08)_L4,L,cb_intrinsic,8
43212,ER3d_a,ER3d_a_L,L,cb_intrinsic,513517,EPG,EPG(PB08)_L4,L,cb_intrinsic,8
39503,ER3p_a,ER3p_a_L,L,cb_intrinsic,513517,EPG,EPG(PB08)_L4,L,cb_intrinsic,8
36730,ER1_b,ER1_b_L,L,cb_intrinsic,513517,EPG,EPG(PB08)_L4,L,cb_intrinsic,8
35641,ER3d_c,ER3d_c_L,L,cb_intrinsic,513517,EPG,EPG(PB08)_L4,L,cb_intrinsic,8
34038,ER3d_b,ER3d_b_L,L,cb_intrinsic,513517,EPG,EPG(PB08)_L4,L,cb_intrinsic,8
30522,ER3d_b,ER3d_b_R,R,cb_intrinsic,513517,EPG,EPG(PB08)_L4,L,cb_intrinsic,8
27454,ER3d_c,ER3d_c_R,R,cb_intrinsic,513517,EPG,EPG(PB08)_L4,L,cb_intrinsic,8
25494,ER3d_e,ER3d_e_L,L,cb_intrinsic,513517,EPG,EPG(PB08)_L4,L,cb_intrinsic,8
23315,ER4d,ER4d_L,L,cb_intrinsic,513517,EPG,EPG(PB08)_L4,L,cb_intrinsic,8
21179,ER2_a,ER2_a_R,R,cb_intrinsic,513517,EPG,EPG(PB08)_L4,L,cb_intrinsic,8
19737,ER4d,ER4d_R,R,cb_intrinsic,513517,EPG,EPG(PB08)_L4,L,cb_intrinsic,8
19072,ER5,ER5_R,R,cb_intrinsic,513517,EPG,EPG(PB08)_L4,L,cb_intrinsic,8
67174,ER1_a,ER1_a_R,R,cb_intrinsic,556347,EPG,EPG(PB08)_R4,R,cb_intrinsic,8
59230,ER3m,ER3m_R,R,cb_intrinsic,556347,EPG,EPG(PB08)_R4,R,cb_intrinsic,8
46262,ER3d_b,ER3d_b_L,L,cb_intrinsic,556347,EPG,EPG(PB08)_R4,R,cb_intrinsic,8
44814,ER3m,ER3m_L,L,cb_intrinsic,556347,EPG,EPG(PB08)_R4,R,cb_intrinsic,8
39503,ER3p_a,ER3p_a_L,L,cb_intrinsic,556347,EPG,EPG(PB08)_R4,R,cb_intrinsic,8
35978,ER1_b,ER1_b_L,L,cb_intrinsic,556347,EPG,EPG(PB08)_R4,R,cb_intrinsic,8
31681,ER1_a,ER1_a_R,R,cb_intrinsic,556347,EPG,EPG(PB08)_R4,R,cb_intrinsic,8
28627,ER3m,ER3m_L,L,cb_intrinsic,556347,EPG,EPG(PB08)_R4,R,cb_intrinsic,8
25203,ER3w_c,ER3w_c_L,L,cb_intrinsic,556347,EPG,EPG(PB08)_R4,R,cb_intrinsic,8
24122,ER4d,ER4d_R,R,cb_intrinsic,556347,EPG,EPG(PB08)_R4,R,cb_intrinsic,8
23197,ER4d,ER4d_L,L,cb_intrinsic,556347,EPG,EPG(PB08)_R4,R,cb_intrinsic,8
20945,ER2_c,ER2_c_R,R,cb_intrinsic,556347,EPG,EPG(PB08)_R4,R,cb_intrinsic,8
19737,ER4d,ER4d_R,R,cb_intrinsic,556347,EPG,EPG(PB08)_R4,R,cb_intrinsic,8
19355,ER2_c,ER2_c_R,R,cb_intrinsic,556347,EPG,EPG(PB08)_R4,R,cb_intrinsic,8
11933,ER2_c,ER2_c_R,R,cb_intrinsic,556347,EPG,EPG(PB08)_R4,R,cb_intrinsic,8
512606,ER3w_c,ER3w_c_L,L,cb_intrinsic,521409,EPG,EPG(PB08)_L8,L,cb_intrinsic,8
49002,ER3p_a,ER3p_a_L,L,cb_intrinsic,521409,EPG,EPG(PB08)_L8,L,cb_intrinsic,8
43212,ER3d_a,ER3d_a_L,L,cb_intrinsic,521409,EPG,EPG(PB08)_L8,L,cb_intrinsic,8
38084,ER3m,ER3m_L,L,cb_intrinsic,521409,EPG,EPG(PB08)_L8,L,cb_intrinsic,8
37105,ER1_b,ER1_b_L,L,cb_intrinsic,521409,EPG,EPG(PB08)_L8,L,cb_intrinsic,8
32315,ER1_a,ER1_a_L,L,cb_intrinsic,521409,EPG,EPG(PB08)_L8,L,cb_intrinsic,8
31088,ER3p_a,ER3p_a_R,R,cb_intrinsic,521409,EPG,EPG(PB08)_L8,L,cb_intrinsic,8
27043,ER3w_c,ER3w_c_R,R,cb_intrinsic,521409,EPG,EPG(PB08)_L8,L,cb_intrinsic,8
26843,ER3w_b,ER3w_b_R,R,cb_intrinsic,521409,EPG,EPG(PB08)_L8,L,cb_intrinsic,8
25494,ER3d_e,ER3d_e_L,L,cb_intrinsic,521409,EPG,EPG(PB08)_L8,L,cb_intrinsic,8
20404,ER4d,ER4d_L,L,cb_intrinsic,521409,EPG,EPG(PB08)_L8,L,cb_intrinsic,8
529207,ER3p_a,ER3p_a_R,R,cb_intrinsic,513463,EPG,EPG(PB08)_R2,R,cb_intrinsic,8
71503,ER1_c,ER1_c_R,R,cb_intrinsic,513463,EPG,EPG(PB08)_R2,R,cb_intrinsic,8
49378,ER3d_c,ER3d_c_R,R,cb_intrinsic,513463,EPG,EPG(PB08)_R2,R,cb_intrinsic,8
48096,ER3p_a,ER3p_a_L,L,cb_intrinsic,513463,EPG,EPG(PB08)_R2,R,cb_intrinsic,8
45839,ER3d_b,ER3d_b_L,L,cb_intrinsic,513463,EPG,EPG(PB08)_R2,R,cb_intrinsic,8
45134,ER3p_b,ER3p_b_L,L,cb_intrinsic,513463,EPG,EPG(PB08)_R2,R,cb_intrinsic,8
44830,ER3d_e,ER3d_e_R,R,cb_intrinsic,513463,EPG,EPG(PB08)_R2,R,cb_intrinsic,8
42509,ER1_a,ER1_a_R,R,cb_intrinsic,513463,EPG,EPG(PB08)_R2,R,cb_intrinsic,8
39503,ER3p_a,ER3p_a_L,L,cb_intrinsic,513463,EPG,EPG(PB08)_R2,R,cb_intrinsic,8
35978,ER1_b,ER1_b_L,L,cb_intrinsic,513463,EPG,EPG(PB08)_R2,R,cb_intrinsic,8
31121,ER3a_c,ER3a_c_L,L,cb_intrinsic,513463,EPG,EPG(PB08)_R2,R,cb_intrinsic,8
27043,ER3w_c,ER3w_c_R,R,cb_intrinsic,513463,EPG,EPG(PB08)_R2,R,cb_intrinsic,8
19072,ER5,ER5_R,R,cb_intrinsic,513463,EPG,EPG(PB08)_R2,R,cb_intrinsic,8
13999,ER3w_c,ER3w_c_R,R,cb_intrinsic,513463,EPG,EPG(PB08)_R2,R,cb_intrinsic,8
523788,ER3w_a,ER3w_a_R,R,cb_intrinsic,520818,EPG,EPG(PB08)_L4,L,cb_intrinsic,8
522806,ER3d_c,ER3d_c_R,R,cb_intrinsic,520818,EPG,EPG(PB08)_L4,L,cb_intrinsic,8
514042,ER2_b,ER2_b_L,L,cb_intrinsic,520818,EPG,EPG(PB08)_L4,L,cb_intrinsic,8
514180,ER3p_b,ER3p_b_R,R,cb_intrinsic,520818,EPG,EPG(PB08)_L4,L,cb_intrinsic,8
512606,ER3w_c,ER3w_c_L,L,cb_intrinsic,520818,EPG,EPG(PB08)_L4,L,cb_intrinsic,8
53745,ER3p_a,ER3p_a_L,L,cb_intrinsic,520818,EPG,EPG(PB08)_L4,L,cb_intrinsic,8
48096,ER3p_a,ER3p_a_L,L,cb_intrinsic,520818,EPG,EPG(PB08)_L4,L,cb_intrinsic,8
46707,ER3w_a,ER3w_a_L,L,cb_intrinsic,520818,EPG,EPG(PB08)_L4,L,cb_intrinsic,8
44830,ER3d_e,ER3d_e_R,R,cb_intrinsic,520818,EPG,EPG(PB08)_L4,L,cb_intrinsic,8
36384,ER1_b,ER1_b_R,R,cb_intrinsic,520818,EPG,EPG(PB08)_L4,L,cb_intrinsic,8
27770,ER3w_b,ER3w_b_R,R,cb_intrinsic,520818,EPG,EPG(PB08)_L4,L,cb_intrinsic,8
27043,ER3w_c,ER3w_c_R,R,cb_intrinsic,520818,EPG,EPG(PB08)_L4,L,cb_intrinsic,8
25841,ER3w_b,ER3w_b_L,L,cb_intrinsic,520818,EPG,EPG(PB08)_L4,L,cb_intrinsic,8
24093,ER3w_a,ER3w_a_R,R,cb_intrinsic,520818,EPG,EPG(PB08)_L4,L,cb_intrinsic,8
23703,ER1_b,ER1_b_R,R,cb_intrinsic,520818,EPG,EPG(PB08)_L4,L,cb_intrinsic,8
21664,ER3d_e,ER3d_e_R,R,cb_intrinsic,520818,EPG,EPG(PB08)_L4,L,cb_intrinsic,8
17591,ER4d,ER4d_R,R,cb_intrinsic,520818,EPG,EPG(PB08)_L4,L,cb_intrinsic,8
514180,ER3p_b,ER3p_b_R,R,cb_intrinsic,12449,EPG,EPG(PB08)_L5,L,cb_intrinsic,8
49869,ER3p_b,ER3p_b_R,R,cb_intrinsic,12449,EPG,EPG(PB08)_L5,L,cb_intrinsic,8
43683,ER3w_a,ER3w_a_R,R,cb_intrinsic,12449,EPG,EPG(PB08)_L5,L,cb_intrinsic,8
31681,ER1_a,ER1_a_R,R,cb_intrinsic,12449,EPG,EPG(PB08)_L5,L,cb_intrinsic,8
28339,ER4d,ER4d_R,R,cb_intrinsic,12449,EPG,EPG(PB08)_L5,L,cb_intrinsic,8
25203,ER3w_c,ER3w_c_L,L,cb_intrinsic,12449,EPG,EPG(PB08)_L5,L,cb_intrinsic,8
24879,ER4d,ER4d_L,L,cb_intrinsic,12449,EPG,EPG(PB08)_L5,L,cb_intrinsic,8
21645,ER2_a,ER2_a_L,L,cb_intrinsic,12449,EPG,EPG(PB08)_L5,L,cb_intrinsic,8
19323,ER4d,ER4d_R,R,cb_intrinsic,12449,EPG,EPG(PB08)_L5,L,cb_intrinsic,8
16818,ER4d,ER4d_R,R,cb_intrinsic,12449,EPG,EPG(PB08)_L5,L,cb_intrinsic,8
526143,ER3w_b,ER3w_b_L,L,cb_intrinsic,10539,EPG,EPG(PB08)_R2,R,cb_intrinsic,8
46707,ER3w_a,ER3w_a_L,L,cb_intrinsic,10539,EPG,EPG(PB08)_R2,R,cb_intrinsic,8
38306,ER3d_a,ER3d_a_L,L,cb_intrinsic,10539,EPG,EPG(PB08)_R2,R,cb_intrinsic,8
33589,ER3d_b,ER3d_b_L,L,cb_intrinsic,10539,EPG,EPG(PB08)_R2,R,cb_intrinsic,8
31681,ER1_a,ER1_a_R,R,cb_intrinsic,10539,EPG,EPG(PB08)_R2,R,cb_intrinsic,8
31263,ER3d_b,ER3d_b_R,R,cb_intrinsic,10539,EPG,EPG(PB08)_R2,R,cb_intrinsic,8
27269,ER3d_c,ER3d_c_L,L,cb_intrinsic,10539,EPG,EPG(PB08)_R2,R,cb_intrinsic,8
27043,ER3w_c,ER3w_c_R,R,cb_intrinsic,10539,EPG,EPG(PB08)_R2,R,cb_intrinsic,8
26673,ER3w_b,ER3w_b_L,L,cb_intrinsic,10539,EPG,EPG(PB08)_R2,R,cb_intrinsic,8
26295,ER3m,ER3m_R,R,cb_intrinsic,10539,EPG,EPG(PB08)_R2,R,cb_intrinsic,8
25841,ER3w_b,ER3w_b_L,L,cb_intrinsic,10539,EPG,EPG(PB08)_R2,R,cb_intrinsic,8
24549,ER3w_c,ER3w_c_L,L,cb_intrinsic,10539,EPG,EPG(PB08)_R2,R,cb_intrinsic,8
527199,ER3d_e,ER3d_e_L,L,cb_intrinsic,14727,EPG,EPG(PB08)_L7,L,cb_intrinsic,8
517602,ER3p_a,ER3p_a_R,R,cb_intrinsic,14727,EPG,EPG(PB08)_L7,L,cb_intrinsic,8
511857,ER1_c,ER1_c_L,L,cb_intrinsic,14727,EPG,EPG(PB08)_L7,L,cb_intrinsic,8
80867,ER1_a,ER1_a_R,R,cb_intrinsic,14727,EPG,EPG(PB08)_L7,L,cb_intrinsic,8
72491,ER1_c,ER1_c_R,R,cb_intrinsic,14727,EPG,EPG(PB08)_L7,L,cb_intrinsic,8
53745,ER3p_a,ER3p_a_L,L,cb_intrinsic,14727,EPG,EPG(PB08)_L7,L,cb_intrinsic,8
49378,ER3d_c,ER3d_c_R,R,cb_intrinsic,14727,EPG,EPG(PB08)_L7,L,cb_intrinsic,8
49002,ER3p_a,ER3p_a_L,L,cb_intrinsic,14727,EPG,EPG(PB08)_L7,L,cb_intrinsic,8
48096,ER3p_a,ER3p_a_L,L,cb_intrinsic,14727,EPG,EPG(PB08)_L7,L,cb_intrinsic,8
47036,ER3d_a,ER3d_a_R,R,cb_intrinsic,14727,EPG,EPG(PB08)_L7,L,cb_intrinsic,8
41665,ER3a_c,ER3a_c_L,L,cb_intrinsic,14727,EPG,EPG(PB08)_L7,L,cb_intrinsic,8
39503,ER3p_a,ER3p_a_L,L,cb_intrinsic,14727,EPG,EPG(PB08)_L7,L,cb_intrinsic,8
35978,ER1_b,ER1_b_L,L,cb_intrinsic,14727,EPG,EPG(PB08)_L7,L,cb_intrinsic,8
35641,ER3d_c,ER3d_c_L,L,cb_intrinsic,14727,EPG,EPG(PB08)_L7,L,cb_intrinsic,8
31681,ER1_a,ER1_a_R,R,cb_intrinsic,14727,EPG,EPG(PB08)_L7,L,cb_intrinsic,8
27269,ER3d_c,ER3d_c_L,L,cb_intrinsic,14727,EPG,EPG(PB08)_L7,L,cb_intrinsic,8
24076,ER4d,ER4d_R,R,cb_intrinsic,14727,EPG,EPG(PB08)_L7,L,cb_intrinsic,8
23520,ER4d,ER4d_L,L,cb_intrinsic,14727,EPG,EPG(PB08)_L7,L,cb_intrinsic,8
19737,ER4d,ER4d_R,R,cb_intrinsic,14727,EPG,EPG(PB08)_L7,L,cb_intrinsic,8
17591,ER4d,ER4d_R,R,cb_intrinsic,14727,EPG,EPG(PB08)_L7,L,cb_intrinsic,8
13999,ER3w_c,ER3w_c_R,R,cb_intrinsic,14727,EPG,EPG(PB08)_L7,L,cb_intrinsic,8
521528,ER5,ER5_L,L,cb_intrinsic,519140,EPG,EPG(PB08)_L1,L,cb_intrinsic,8
71503,ER1_c,ER1_c_R,R,cb_intrinsic,519140,EPG,EPG(PB08)_L1,L,cb_intrinsic,8
50808,ER4d,ER4d_L,L,cb_intrinsic,519140,EPG,EPG(PB08)_L1,L,cb_intrinsic,8
49869,ER3p_b,ER3p_b_R,R,cb_intrinsic,519140,EPG,EPG(PB08)_L1,L,cb_intrinsic,8
49378,ER3d_c,ER3d_c_R,R,cb_intrinsic,519140,EPG,EPG(PB08)_L1,L,cb_intrinsic,8
44909,ER5,ER5_L,L,cb_intrinsic,519140,EPG,EPG(PB08)_L1,L,cb_intrinsic,8
37437,ER3d_e,ER3d_e_L,L,cb_intrinsic,519140,EPG,EPG(PB08)_L1,L,cb_intrinsic,8
36730,ER1_b,ER1_b_L,L,cb_intrinsic,519140,EPG,EPG(PB08)_L1,L,cb_intrinsic,8
30443,ER3a_c,ER3a_c_R,R,cb_intrinsic,519140,EPG,EPG(PB08)_L1,L,cb_intrinsic,8
27269,ER3d_c,ER3d_c_L,L,cb_intrinsic,519140,EPG,EPG(PB08)_L1,L,cb_intrinsic,8
27052,ER3d_d,ER3d_d_R,R,cb_intrinsic,519140,EPG,EPG(PB08)_L1,L,cb_intrinsic,8
24076,ER4d,ER4d_R,R,cb_intrinsic,519140,EPG,EPG(PB08)_L1,L,cb_intrinsic,8
23874,ER4d,ER4d_R,R,cb_intrinsic,519140,EPG,EPG(PB08)_L1,L,cb_intrinsic,8
23703,ER1_b,ER1_b_R,R,cb_intrinsic,519140,EPG,EPG(PB08)_L1,L,cb_intrinsic,8
19791,ER4d,ER4d_L,L,cb_intrinsic,519140,EPG,EPG(PB08)_L1,L,cb_intrinsic,8
19169,ER3m,ER3m_L,L,cb_intrinsic,519140,EPG,EPG(PB08)_L1,L,cb_intrinsic,8
17591,ER4d,ER4d_R,R,cb_intrinsic,519140,EPG,EPG(PB08)_L1,L,cb_intrinsic,8
12059,ER5,ER5_R,R,cb_intrinsic,519140,EPG,EPG(PB08)_L1,L,cb_intrinsic,8
516944,ER5,ER5_L,L,cb_intrinsic,15616,EPG,EPG(PB08)_R3,R,cb_intrinsic,8
511857,ER1_c,ER1_c_L,L,cb_intrinsic,15616,EPG,EPG(PB08)_R3,R,cb_intrinsic,8
72491,ER1_c,ER1_c_R,R,cb_intrinsic,15616,EPG,EPG(PB08)_R3,R,cb_intrinsic,8
53745,ER3p_a,ER3p_a_L,L,cb_intrinsic,15616,EPG,EPG(PB08)_R3,R,cb_intrinsic,8
53618,ER3p_b,ER3p_b_L,L,cb_intrinsic,15616,EPG,EPG(PB08)_R3,R,cb_intrinsic,8
47036,ER3d_a,ER3d_a_R,R,cb_intrinsic,15616,EPG,EPG(PB08)_R3,R,cb_intrinsic,8
43039,ER3d_d,ER3d_d_L,L,cb_intrinsic,15616,EPG,EPG(PB08)_R3,R,cb_intrinsic,8
42509,ER1_a,ER1_a_R,R,cb_intrinsic,15616,EPG,EPG(PB08)_R3,R,cb_intrinsic,8
42264,ER3d_e,ER3d_e_R,R,cb_intrinsic,15616,EPG,EPG(PB08)_R3,R,cb_intrinsic,8
39798,ER5,ER5_L,L,cb_intrinsic,15616,EPG,EPG(PB08)_R3,R,cb_intrinsic,8
36730,ER1_b,ER1_b_L,L,cb_intrinsic,15616,EPG,EPG(PB08)_R3,R,cb_intrinsic,8
34607,ER4d,ER4d_L,L,cb_intrinsic,15616,EPG,EPG(PB08)_R3,R,cb_intrinsic,8
30371,ER1_a,ER1_a_R,R,cb_intrinsic,15616,EPG,EPG(PB08)_R3,R,cb_intrinsic,8
27246,ER3d_d,ER3d_d_R,R,cb_intrinsic,15616,EPG,EPG(PB08)_R3,R,cb_intrinsic,8
24879,ER4d,ER4d_L,L,cb_intrinsic,15616,EPG,EPG(PB08)_R3,R,cb_intrinsic,8
20404,ER4d,ER4d_L,L,cb_intrinsic,15616,EPG,EPG(PB08)_R3,R,cb_intrinsic,8
13094,ER4d,ER4d_R,R,cb_intrinsic,15616,EPG,EPG(PB08)_R3,R,cb_intrinsic,8
518690,ER1_b,ER1_b_R,R,cb_intrinsic,16360,EPG,EPG(PB08)_L6,L,cb_intrinsic,8
69319,ER1_a,ER1_a_R,R,cb_intrinsic,16360,EPG,EPG(PB08)_L6,L,cb_intrinsic,8
59337,ER3w_b,ER3w_b_L,L,cb_intrinsic,16360,EPG,EPG(PB08)_L6,L,cb_intrinsic,8
46242,ER3w_a,ER3w_a_L,L,cb_intrinsic,16360,EPG,EPG(PB08)_L6,L,cb_intrinsic,8
31684,ER3d_a,ER3d_a_R,R,cb_intrinsic,16360,EPG,EPG(PB08)_L6,L,cb_intrinsic,8
25329,ER3d_c,ER3d_c_L,L,cb_intrinsic,16360,EPG,EPG(PB08)_L6,L,cb_intrinsic,8
25297,ER3w_a,ER3w_a_R,R,cb_intrinsic,16360,EPG,EPG(PB08)_L6,L,cb_intrinsic,8
24879,ER4d,ER4d_L,L,cb_intrinsic,16360,EPG,EPG(PB08)_L6,L,cb_intrinsic,8
23080,ER4d,ER4d_R,R,cb_intrinsic,16360,EPG,EPG(PB08)_L6,L,cb_intrinsic,8
21449,ER2_c,ER2_c_R,R,cb_intrinsic,16360,EPG,EPG(PB08)_L6,L,cb_intrinsic,8
20980,ER4d,ER4d_R,R,cb_intrinsic,16360,EPG,EPG(PB08)_L6,L,cb_intrinsic,8
11933,ER2_c,ER2_c_R,R,cb_intrinsic,16360,EPG,EPG(PB08)_L6,L,cb_intrinsic,8
513379,ER5,ER5_R,R,cb_intrinsic,515675,EPG,EPG(PB08)_R1,R,cb_intrinsic,8
512608,ER3d_b,ER3d_b_R,R,cb_intrinsic,515675,EPG,EPG(PB08)_R1,R,cb_intrinsic,8
48956,ER3d_b,ER3d_b_R,R,cb_intrinsic,515675,EPG,EPG(PB08)_R1,R,cb_intrinsic,8
47464,ER3d_d,ER3d_d_R,R,cb_intrinsic,515675,EPG,EPG(PB08)_R1,R,cb_intrinsic,8
43212,ER3d_a,ER3d_a_L,L,cb_intrinsic,515675,EPG,EPG(PB08)_R1,R,cb_intrinsic,8
39095,ER1_a,ER1_a_L,L,cb_intrinsic,515675,EPG,EPG(PB08)_R1,R,cb_intrinsic,8
37105,ER1_b,ER1_b_L,L,cb_intrinsic,515675,EPG,EPG(PB08)_R1,R,cb_intrinsic,8
36730,ER1_b,ER1_b_L,L,cb_intrinsic,515675,EPG,EPG(PB08)_R1,R,cb_intrinsic,8
35641,ER3d_c,ER3d_c_L,L,cb_intrinsic,515675,EPG,EPG(PB08)_R1,R,cb_intrinsic,8
32315,ER1_a,ER1_a_L,L,cb_intrinsic,515675,EPG,EPG(PB08)_R1,R,cb_intrinsic,8
30674,ER3d_b,ER3d_b_R,R,cb_intrinsic,515675,EPG,EPG(PB08)_R1,R,cb_intrinsic,8
30522,ER3d_b,ER3d_b_R,R,cb_intrinsic,515675,EPG,EPG(PB08)_R1,R,cb_intrinsic,8
27348,ER3m,ER3m_L,L,cb_intrinsic,515675,EPG,EPG(PB08)_R1,R,cb_intrinsic,8
22644,ER3d_a,ER3d_a_R,R,cb_intrinsic,515675,EPG,EPG(PB08)_R1,R,cb_intrinsic,8
21664,ER3d_e,ER3d_e_R,R,cb_intrinsic,515675,EPG,EPG(PB08)_R1,R,cb_intrinsic,8
568502,ER5,ER5_R,R,cb_intrinsic,514126,EPG,EPG(PB08)_R5,R,cb_intrinsic,8
512607,ER3p_a,ER3p_a_R,R,cb_intrinsic,514126,EPG,EPG(PB08)_R5,R,cb_intrinsic,8
80867,ER1_a,ER1_a_R,R,cb_intrinsic,514126,EPG,EPG(PB08)_R5,R,cb_intrinsic,8
69319,ER1_a,ER1_a_R,R,cb_intrinsic,514126,EPG,EPG(PB08)_R5,R,cb_intrinsic,8
63782,ER3d_c,ER3d_c_L,L,cb_intrinsic,514126,EPG,EPG(PB08)_R5,R,cb_intrinsic,8
61273,ER1_b,ER1_b_L,L,cb_intrinsic,514126,EPG,EPG(PB08)_R5,R,cb_intrinsic,8
49869,ER3p_b,ER3p_b_R,R,cb_intrinsic,514126,EPG,EPG(PB08)_R5,R,cb_intrinsic,8
43212,ER3d_a,ER3d_a_L,L,cb_intrinsic,514126,EPG,EPG(PB08)_R5,R,cb_intrinsic,8
39503,ER3p_a,ER3p_a_L,L,cb_intrinsic,514126,EPG,EPG(PB08)_R5,R,cb_intrinsic,8
37437,ER3d_e,ER3d_e_L,L,cb_intrinsic,514126,EPG,EPG(PB08)_R5,R,cb_intrinsic,8
31121,ER3a_c,ER3a_c_L,L,cb_intrinsic,514126,EPG,EPG(PB08)_R5,R,cb_intrinsic,8
30371,ER1_a,ER1_a_R,R,cb_intrinsic,514126,EPG,EPG(PB08)_R5,R,cb_intrinsic,8
30178,ER3d_b,ER3d_b_R,R,cb_intrinsic,514126,EPG,EPG(PB08)_R5,R,cb_intrinsic,8
29791,ER3d_b,ER3d_b_L,L,cb_intrinsic,514126,EPG,EPG(PB08)_R5,R,cb_intrinsic,8
27850,ER3w_b,ER3w_b_R,R,cb_intrinsic,514126,EPG,EPG(PB08)_R5,R,cb_intrinsic,8
27770,ER3w_b,ER3w_b_R,R,cb_intrinsic,514126,EPG,EPG(PB08)_R5,R,cb_intrinsic,8
23703,ER1_b,ER1_b_R,R,cb_intrinsic,514126,EPG,EPG(PB08)_R5,R,cb_intrinsic,8
23315,ER4d,ER4d_L,L,cb_intrinsic,514126,EPG,EPG(PB08)_R5,R,cb_intrinsic,8
19323,ER4d,ER4d_R,R,cb_intrinsic,514126,EPG,EPG(PB08)_R5,R,cb_intrinsic,8
17591,ER4d,ER4d_R,R,cb_intrinsic,514126,EPG,EPG(PB08)_R5,R,cb_intrinsic,8
17078,ER5,ER5_R,R,cb_intrinsic,514126,EPG,EPG(PB08)_R5,R,cb_intrinsic,8
568502,ER5,ER5_R,R,cb_intrinsic,513520,EPG,EPG(PB08)_R6,R,cb_intrinsic,8
527653,ER4d,ER4d_L,L,cb_intrinsic,513520,EPG,EPG(PB08)_R6,R,cb_intrinsic,8
518690,ER1_b,ER1_b_R,R,cb_intrinsic,513520,EPG,EPG(PB08)_R6,R,cb_intrinsic,8
512608,ER3d_b,ER3d_b_R,R,cb_intrinsic,513520,EPG,EPG(PB08)_R6,R,cb_intrinsic,8
50808,ER4d,ER4d_L,L,cb_intrinsic,513520,EPG,EPG(PB08)_R6,R,cb_intrinsic,8
42241,ER1_b,ER1_b_R,R,cb_intrinsic,513520,EPG,EPG(PB08)_R6,R,cb_intrinsic,8
40213,ER1_b,ER1_b_L,L,cb_intrinsic,513520,EPG,EPG(PB08)_R6,R,cb_intrinsic,8
38268,ER1_b,ER1_b_R,R,cb_intrinsic,513520,EPG,EPG(PB08)_R6,R,cb_intrinsic,8
37105,ER1_b,ER1_b_L,L,cb_intrinsic,513520,EPG,EPG(PB08)_R6,R,cb_intrinsic,8
31735,ER1_a,ER1_a_L,L,cb_intrinsic,513520,EPG,EPG(PB08)_R6,R,cb_intrinsic,8
27043,ER3w_c,ER3w_c_R,R,cb_intrinsic,513520,EPG,EPG(PB08)_R6,R,cb_intrinsic,8
26798,ER1_a,ER1_a_L,L,cb_intrinsic,513520,EPG,EPG(PB08)_R6,R,cb_intrinsic,8
24093,ER3w_a,ER3w_a_R,R,cb_intrinsic,513520,EPG,EPG(PB08)_R6,R,cb_intrinsic,8
23874,ER4d,ER4d_R,R,cb_intrinsic,513520,EPG,EPG(PB08)_R6,R,cb_intrinsic,8
23520,ER4d,ER4d_L,L,cb_intrinsic,513520,EPG,EPG(PB08)_R6,R,cb_intrinsic,8
20945,ER2_c,ER2_c_R,R,cb_intrinsic,513520,EPG,EPG(PB08)_R6,R,cb_intrinsic,8
19791,ER4d,ER4d_L,L,cb_intrinsic,513520,EPG,EPG(PB08)_R6,R,cb_intrinsic,8
523816,ER1_b,ER1_b_L,L,cb_intrinsic,11874,EPG,EPG(PB08)_L7,L,cb_intrinsic,8
511857,ER1_c,ER1_c_L,L,cb_intrinsic,11874,EPG,EPG(PB08)_L7,L,cb_intrinsic,8
37758,ER3d_a,ER3d_a_R,R,cb_intrinsic,11874,EPG,EPG(PB08)_L7,L,cb_intrinsic,8
36235,ER1_c,ER1_c_L,L,cb_intrinsic,11874,EPG,EPG(PB08)_L7,L,cb_intrinsic,8
35978,ER1_b,ER1_b_L,L,cb_intrinsic,11874,EPG,EPG(PB08)_L7,L,cb_intrinsic,8
34652,ER1_b,ER1_b_L,L,cb_intrinsic,11874,EPG,EPG(PB08)_L7,L,cb_intrinsic,8
30206,ER5,ER5_R,R,cb_intrinsic,11874,EPG,EPG(PB08)_L7,L,cb_intrinsic,8
20653,ER4d,ER4d_L,L,cb_intrinsic,11874,EPG,EPG(PB08)_L7,L,cb_intrinsic,8
511857,ER1_c,ER1_c_L,L,cb_intrinsic,512514,EPG,EPG(PB08)_L1,L,cb_intrinsic,8
54597,ER1_a,ER1_a_L,L,cb_intrinsic,512514,EPG,EPG(PB08)_L1,L,cb_intrinsic,8
42241,ER1_b,ER1_b_R,R,cb_intrinsic,512514,EPG,EPG(PB08)_L1,L,cb_intrinsic,8
39095,ER1_a,ER1_a_L,L,cb_intrinsic,512514,EPG,EPG(PB08)_L1,L,cb_intrinsic,8
37105,ER1_b,ER1_b_L,L,cb_intrinsic,512514,EPG,EPG(PB08)_L1,L,cb_intrinsic,8
36235,ER1_c,ER1_c_L,L,cb_intrinsic,512514,EPG,EPG(PB08)_L1,L,cb_intrinsic,8
35978,ER1_b,ER1_b_L,L,cb_intrinsic,512514,EPG,EPG(PB08)_L1,L,cb_intrinsic,8
31541,ER3d_d,ER3d_d_R,R,cb_intrinsic,512514,EPG,EPG(PB08)_L1,L,cb_intrinsic,8
27454,ER3d_c,ER3d_c_R,R,cb_intrinsic,512514,EPG,EPG(PB08)_L1,L,cb_intrinsic,8
26798,ER1_a,ER1_a_L,L,cb_intrinsic,512514,EPG,EPG(PB08)_L1,L,cb_intrinsic,8
23197,ER4d,ER4d_L,L,cb_intrinsic,512514,EPG,EPG(PB08)_L1,L,cb_intrinsic,8
22001,ER5,ER5_L,L,cb_intrinsic,512514,EPG,EPG(PB08)_L1,L,cb_intrinsic,8
21664,ER3d_e,ER3d_e_R,R,cb_intrinsic,512514,EPG,EPG(PB08)_L1,L,cb_intrinsic,8
20945,ER2_c,ER2_c_R,R,cb_intrinsic,512514,EPG,EPG(PB08)_L1,L,cb_intrinsic,8
17591,ER4d,ER4d_R,R,cb_intrinsic,512514,EPG,EPG(PB08)_L1,L,cb_intrinsic,8
527653,ER4d,ER4d_L,L,cb_intrinsic,88342,EPG,EPG(PB08)_L3,L,cb_intrinsic,8
527297,ER5,ER5_R,R,cb_intrinsic,88342,EPG,EPG(PB08)_L3,L,cb_intrinsic,8
63782,ER3d_c,ER3d_c_L,L,cb_intrinsic,88342,EPG,EPG(PB08)_L3,L,cb_intrinsic,8
45134,ER3p_b,ER3p_b_L,L,cb_intrinsic,88342,EPG,EPG(PB08)_L3,L,cb_intrinsic,8
35978,ER1_b,ER1_b_L,L,cb_intrinsic,88342,EPG,EPG(PB08)_L3,L,cb_intrinsic,8
31684,ER3d_a,ER3d_a_R,R,cb_intrinsic,88342,EPG,EPG(PB08)_L3,L,cb_intrinsic,8
29791,ER3d_b,ER3d_b_L,L,cb_intrinsic,88342,EPG,EPG(PB08)_L3,L,cb_intrinsic,8
24549,ER3w_c,ER3w_c_L,L,cb_intrinsic,88342,EPG,EPG(PB08)_L3,L,cb_intrinsic,8
24122,ER4d,ER4d_R,R,cb_intrinsic,88342,EPG,EPG(PB08)_L3,L,cb_intrinsic,8
23520,ER4d,ER4d_L,L,cb_intrinsic,88342,EPG,EPG(PB08)_L3,L,cb_intrinsic,8
20883,ER2_c,ER2_c_R,R,cb_intrinsic,88342,EPG,EPG(PB08)_L3,L,cb_intrinsic,8
20514,ER3d_d,ER3d_d_L,L,cb_intrinsic,88342,EPG,EPG(PB08)_L3,L,cb_intrinsic,8
19425,ER2_c,ER2_c_R,R,cb_intrinsic,88342,EPG,EPG(PB08)_L3,L,cb_intrinsic,8
19410,ER4d,ER4d_L,L,cb_intrinsic,88342,EPG,EPG(PB08)_L3,L,cb_intrinsic,8
19072,ER5,ER5_R,R,cb_intrinsic,88342,EPG,EPG(PB08)_L3,L,cb_intrinsic,8
526552,ER3w_b,ER3w_b_R,R,cb_intrinsic,15713,EPG,EPG(PB08)_L6,L,cb_intrinsic,8
524075,ER2_d,ER2_d_L,L,cb_intrinsic,15713,EPG,EPG(PB08)_L6,L,cb_intrinsic,8
513678,ER3w_b,ER3w_b_R,R,cb_intrinsic,15713,EPG,EPG(PB08)_L6,L,cb_intrinsic,8
80867,ER1_a,ER1_a_R,R,cb_intrinsic,15713,EPG,EPG(PB08)_L6,L,cb_intrinsic,8
67174,ER1_a,ER1_a_R,R,cb_intrinsic,15713,EPG,EPG(PB08)_L6,L,cb_intrinsic,8
47186,ER3m,ER3m_R,R,cb_intrinsic,15713,EPG,EPG(PB08)_L6,L,cb_intrinsic,8
38268,ER1_b,ER1_b_R,R,cb_intrinsic,15713,EPG,EPG(PB08)_L6,L,cb_intrinsic,8
35978,ER1_b,ER1_b_L,L,cb_intrinsic,15713,EPG,EPG(PB08)_L6,L,cb_intrinsic,8
28701,ER3d_b,ER3d_b_R,R,cb_intrinsic,15713,EPG,EPG(PB08)_L6,L,cb_intrinsic,8
27850,ER3w_b,ER3w_b_R,R,cb_intrinsic,15713,EPG,EPG(PB08)_L6,L,cb_intrinsic,8
27043,ER3w_c,ER3w_c_R,R,cb_intrinsic,15713,EPG,EPG(PB08)_L6,L,cb_intrinsic,8
26295,ER3m,ER3m_R,R,cb_intrinsic,15713,EPG,EPG(PB08)_L6,L,cb_intrinsic,8
25447,ER3w_c,ER3w_c_R,R,cb_intrinsic,15713,EPG,EPG(PB08)_L6,L,cb_intrinsic,8
20883,ER2_c,ER2_c_R,R,cb_intrinsic,15713,EPG,EPG(PB08)_L6,L,cb_intrinsic,8
19737,ER4d,ER4d_R,R,cb_intrinsic,15713,EPG,EPG(PB08)_L6,L,cb_intrinsic,8
18377,ER3w_b,ER3w_b_L,L,cb_intrinsic,15713,EPG,EPG(PB08)_L6,L,cb_intrinsic,8
16818,ER4d,ER4d_R,R,cb_intrinsic,15713,EPG,EPG(PB08)_L6,L,cb_intrinsic,8
529847,ER3m,ER3m_L,L,cb_intrinsic,520581,EPG,EPG(PB08)_R4,R,cb_intrinsic,8
527199,ER3d_e,ER3d_e_L,L,cb_intrinsic,520581,EPG,EPG(PB08)_R4,R,cb_intrinsic,8
514180,ER3p_b,ER3p_b_R,R,cb_intrinsic,520581,EPG,EPG(PB08)_R4,R,cb_intrinsic,8
61273,ER1_b,ER1_b_L,L,cb_intrinsic,520581,EPG,EPG(PB08)_R4,R,cb_intrinsic,8
44814,ER3m,ER3m_L,L,cb_intrinsic,520581,EPG,EPG(PB08)_R4,R,cb_intrinsic,8
42241,ER1_b,ER1_b_R,R,cb_intrinsic,520581,EPG,EPG(PB08)_R4,R,cb_intrinsic,8
38306,ER3d_a,ER3d_a_L,L,cb_intrinsic,520581,EPG,EPG(PB08)_R4,R,cb_intrinsic,8
31681,ER1_a,ER1_a_R,R,cb_intrinsic,520581,EPG,EPG(PB08)_R4,R,cb_intrinsic,8
27348,ER3m,ER3m_L,L,cb_intrinsic,520581,EPG,EPG(PB08)_R4,R,cb_intrinsic,8
26136,ER2_b,ER2_b_R,R,cb_intrinsic,520581,EPG,EPG(PB08)_R4,R,cb_intrinsic,8
25359,ER3p_a,ER3p_a_R,R,cb_intrinsic,520581,EPG,EPG(PB08)_R4,R,cb_intrinsic,8
22644,ER3d_a,ER3d_a_R,R,cb_intrinsic,520581,EPG,EPG(PB08)_R4,R,cb_intrinsic,8
21664,ER3d_e,ER3d_e_R,R,cb_intrinsic,520581,EPG,EPG(PB08)_R4,R,cb_intrinsic,8
20404,ER4d,ER4d_L,L,cb_intrinsic,520581,EPG,EPG(PB08)_R4,R,cb_intrinsic,8
19169,ER3m,ER3m_L,L,cb_intrinsic,520581,EPG,EPG(PB08)_R4,R,cb_intrinsic,8
69319,ER1_a,ER1_a_R,R,cb_intrinsic,13217,EPG,EPG(PB08)_L8,L,cb_intrinsic,8
50694,ER3w_b,ER3w_b_L,L,cb_intrinsic,13217,EPG,EPG(PB08)_L8,L,cb_intrinsic,8
49002,ER3p_a,ER3p_a_L,L,cb_intrinsic,13217,EPG,EPG(PB08)_L8,L,cb_intrinsic,8
47036,ER3d_a,ER3d_a_R,R,cb_intrinsic,13217,EPG,EPG(PB08)_L8,L,cb_intrinsic,8
45134,ER3p_b,ER3p_b_L,L,cb_intrinsic,13217,EPG,EPG(PB08)_L8,L,cb_intrinsic,8
44909,ER5,ER5_L,L,cb_intrinsic,13217,EPG,EPG(PB08)_L8,L,cb_intrinsic,8
42241,ER1_b,ER1_b_R,R,cb_intrinsic,13217,EPG,EPG(PB08)_L8,L,cb_intrinsic,8
35978,ER1_b,ER1_b_L,L,cb_intrinsic,13217,EPG,EPG(PB08)_L8,L,cb_intrinsic,8
26843,ER3w_b,ER3w_b_R,R,cb_intrinsic,13217,EPG,EPG(PB08)_L8,L,cb_intrinsic,8
26939,ER3m,ER3m_R,R,cb_intrinsic,13217,EPG,EPG(PB08)_L8,L,cb_intrinsic,8
26673,ER3w_b,ER3w_b_L,L,cb_intrinsic,13217,EPG,EPG(PB08)_L8,L,cb_intrinsic,8
19169,ER3m,ER3m_L,L,cb_intrinsic,13217,EPG,EPG(PB08)_L8,L,cb_intrinsic,8
522806,ER3d_c,ER3d_c_R,R,cb_intrinsic,92188,EPG,EPG(PB08)_R7,R,cb_intrinsic,8
511857,ER1_c,ER1_c_L,L,cb_intrinsic,92188,EPG,EPG(PB08)_R7,R,cb_intrinsic,8
69319,ER1_a,ER1_a_R,R,cb_intrinsic,92188,EPG,EPG(PB08)_R7,R,cb_intrinsic,8
63782,ER3d_c,ER3d_c_L,L,cb_intrinsic,92188,EPG,EPG(PB08)_R7,R,cb_intrinsic,8
54597,ER1_a,ER1_a_L,L,cb_intrinsic,92188,EPG,EPG(PB08)_R7,R,cb_intrinsic,8
50888,ER2_c,ER2_c_L,L,cb_intrinsic,92188,EPG,EPG(PB08)_R7,R,cb_intrinsic,8
47186,ER3m,ER3m_R,R,cb_intrinsic,92188,EPG,EPG(PB08)_R7,R,cb_intrinsic,8
20404,ER4d,ER4d_L,L,cb_intrinsic,92188,EPG,EPG(PB08)_R7,R,cb_intrinsic,8
19935,ER2_c,ER2_c_R,R,cb_intrinsic,92188,EPG,EPG(PB08)_R7,R,cb_intrinsic,8
18377,ER3w_b,ER3w_b_L,L,cb_intrinsic,92188,EPG,EPG(PB08)_R7,R,cb_intrinsic,8
13094,ER4d,ER4d_R,R,cb_intrinsic,92188,EPG,EPG(PB08)_R7,R,cb_intrinsic,8
527653,ER4d,ER4d_L,L,cb_intrinsic,521812,EPG,EPG(PB08)_R7,R,cb_intrinsic,8
527150,ER3d_a,ER3d_a_L,L,cb_intrinsic,521812,EPG,EPG(PB08)_R7,R,cb_intrinsic,8
517602,ER3p_a,ER3p_a_R,R,cb_intrinsic,521812,EPG,EPG(PB08)_R7,R,cb_intrinsic,8
61273,ER1_b,ER1_b_L,L,cb_intrinsic,521812,EPG,EPG(PB08)_R7,R,cb_intrinsic,8
50694,ER3w_b,ER3w_b_L,L,cb_intrinsic,521812,EPG,EPG(PB08)_R7,R,cb_intrinsic,8
49869,ER3p_b,ER3p_b_R,R,cb_intrinsic,521812,EPG,EPG(PB08)_R7,R,cb_intrinsic,8
48096,ER3p_a,ER3p_a_L,L,cb_intrinsic,521812,EPG,EPG(PB08)_R7,R,cb_intrinsic,8
39095,ER1_a,ER1_a_L,L,cb_intrinsic,521812,EPG,EPG(PB08)_R7,R,cb_intrinsic,8
38268,ER1_b,ER1_b_R,R,cb_intrinsic,521812,EPG,EPG(PB08)_R7,R,cb_intrinsic,8
38084,ER3m,ER3m_L,L,cb_intrinsic,521812,EPG,EPG(PB08)_R7,R,cb_intrinsic,8
36235,ER1_c,ER1_c_L,L,cb_intrinsic,521812,EPG,EPG(PB08)_R7,R,cb_intrinsic,8
34652,ER1_b,ER1_b_L,L,cb_intrinsic,521812,EPG,EPG(PB08)_R7,R,cb_intrinsic,8
30674,ER3d_b,ER3d_b_R,R,cb_intrinsic,521812,EPG,EPG(PB08)_R7,R,cb_intrinsic,8
29545,ER3w_b,ER3w_b_R,R,cb_intrinsic,521812,EPG,EPG(PB08)_R7,R,cb_intrinsic,8
28339,ER4d,ER4d_R,R,cb_intrinsic,521812,EPG,EPG(PB08)_R7,R,cb_intrinsic,8
27269,ER3d_c,ER3d_c_L,L,cb_intrinsic,521812,EPG,EPG(PB08)_R7,R,cb_intrinsic,8
26843,ER3w_b,ER3w_b_R,R,cb_intrinsic,521812,EPG,EPG(PB08)_R7,R,cb_intrinsic,8
25841,ER3w_b,ER3w_b_L,L,cb_intrinsic,521812,EPG,EPG(PB08)_R7,R,cb_intrinsic,8
24549,ER3w_c,ER3w_c_L,L,cb_intrinsic,521812,EPG,EPG(PB08)_R7,R,cb_intrinsic,8
23315,ER4d,ER4d_L,L,cb_intrinsic,521812,EPG,EPG(PB08)_R7,R,cb_intrinsic,8
23080,ER4d,ER4d_R,R,cb_intrinsic,521812,EPG,EPG(PB08)_R7,R,cb_intrinsic,8
514042,ER2_b,ER2_b_L,L,cb_intrinsic,521813,EPG,EPG(PB08)_L2,L,cb_intrinsic,8
513678,ER3w_b,ER3w_b_R,R,cb_intrinsic,521813,EPG,EPG(PB08)_L2,L,cb_intrinsic,8
67174,ER1_a,ER1_a_R,R,cb_intrinsic,521813,EPG,EPG(PB08)_L2,L,cb_intrinsic,8
48318,ER3d_c,ER3d_c_L,L,cb_intrinsic,521813,EPG,EPG(PB08)_L2,L,cb_intrinsic,8
47859,ER3d_c,ER3d_c_R,R,cb_intrinsic,521813,EPG,EPG(PB08)_L2,L,cb_intrinsic,8
46707,ER3w_a,ER3w_a_L,L,cb_intrinsic,521813,EPG,EPG(PB08)_L2,L,cb_intrinsic,8
45839,ER3d_b,ER3d_b_L,L,cb_intrinsic,521813,EPG,EPG(PB08)_L2,L,cb_intrinsic,8
45134,ER3p_b,ER3p_b_L,L,cb_intrinsic,521813,EPG,EPG(PB08)_L2,L,cb_intrinsic,8
36384,ER1_b,ER1_b_R,R,cb_intrinsic,521813,EPG,EPG(PB08)_L2,L,cb_intrinsic,8
31735,ER1_a,ER1_a_L,L,cb_intrinsic,521813,EPG,EPG(PB08)_L2,L,cb_intrinsic,8
24076,ER4d,ER4d_R,R,cb_intrinsic,521813,EPG,EPG(PB08)_L2,L,cb_intrinsic,8
23874,ER4d,ER4d_R,R,cb_intrinsic,521813,EPG,EPG(PB08)_L2,L,cb_intrinsic,8
20980,ER4d,ER4d_R,R,cb_intrinsic,521813,EPG,EPG(PB08)_L2,L,cb_intrinsic,8
20653,ER4d,ER4d_L,L,cb_intrinsic,521813,EPG,EPG(PB08)_L2,L,cb_intrinsic,8
53745,ER3p_a,ER3p_a_L,L,cb_intrinsic,512513,EPG,EPG(PB08)_R1,R,cb_intrinsic,8
50808,ER4d,ER4d_L,L,cb_intrinsic,512513,EPG,EPG(PB08)_R1,R,cb_intrinsic,8
47859,ER3d_c,ER3d_c_R,R,cb_intrinsic,512513,EPG,EPG(PB08)_R1,R,cb_intrinsic,8
45134,ER3p_b,ER3p_b_L,L,cb_intrinsic,512513,EPG,EPG(PB08)_R1,R,cb_intrinsic,8
44909,ER5,ER5_L,L,cb_intrinsic,512513,EPG,EPG(PB08)_R1,R,cb_intrinsic,8
44830,ER3d_e,ER3d_e_R,R,cb_intrinsic,512513,EPG,EPG(PB08)_R1,R,cb_intrinsic,8
30178,ER3d_b,ER3d_b_R,R,cb_intrinsic,512513,EPG,EPG(PB08)_R1,R,cb_intrinsic,8
27454,ER3d_c,ER3d_c_R,R,cb_intrinsic,512513,EPG,EPG(PB08)_R1,R,cb_intrinsic,8
27052,ER3d_d,ER3d_d_R,R,cb_intrinsic,512513,EPG,EPG(PB08)_R1,R,cb_intrinsic,8
26798,ER1_a,ER1_a_L,L,cb_intrinsic,512513,EPG,EPG(PB08)_R1,R,cb_intrinsic,8
26295,ER3m,ER3m_R,R,cb_intrinsic,512513,EPG,EPG(PB08)_R1,R,cb_intrinsic,8
24076,ER4d,ER4d_R,R,cb_intrinsic,512513,EPG,EPG(PB08)_R1,R,cb_intrinsic,8
19410,ER4d,ER4d_L,L,cb_intrinsic,512513,EPG,EPG(PB08)_R1,R,cb_intrinsic,8
527653,ER4d,ER4d_L,L,cb_intrinsic,519941,EPG,EPG(PB08)_L3,L,cb_intrinsic,7
523816,ER1_b,ER1_b_L,L,cb_intrinsic,519941,EPG,EPG(PB08)_L3,L,cb_intrinsic,7
61273,ER1_b,ER1_b_L,L,cb_intrinsic,519941,EPG,EPG(PB08)_L3,L,cb_intrinsic,7
54912,ER3d_b,ER3d_b_L,L,cb_intrinsic,519941,EPG,EPG(PB08)_L3,L,cb_intrinsic,7
52832,ER3m,ER3m_R,R,cb_intrinsic,519941,EPG,EPG(PB08)_L3,L,cb_intrinsic,7
48318,ER3d_c,ER3d_c_L,L,cb_intrinsic,519941,EPG,EPG(PB08)_L3,L,cb_intrinsic,7
46262,ER3d_b,ER3d_b_L,L,cb_intrinsic,519941,EPG,EPG(PB08)_L3,L,cb_intrinsic,7
46242,ER3w_a,ER3w_a_L,L,cb_intrinsic,519941,EPG,EPG(PB08)_L3,L,cb_intrinsic,7
43212,ER3d_a,ER3d_a_L,L,cb_intrinsic,519941,EPG,EPG(PB08)_L3,L,cb_intrinsic,7
38084,ER3m,ER3m_L,L,cb_intrinsic,519941,EPG,EPG(PB08)_L3,L,cb_intrinsic,7
37058,ER1_b,ER1_b_R,R,cb_intrinsic,519941,EPG,EPG(PB08)_L3,L,cb_intrinsic,7
30371,ER1_a,ER1_a_R,R,cb_intrinsic,519941,EPG,EPG(PB08)_L3,L,cb_intrinsic,7
30178,ER3d_b,ER3d_b_R,R,cb_intrinsic,519941,EPG,EPG(PB08)_L3,L,cb_intrinsic,7
27903,ER3d_d,ER3d_d_L,L,cb_intrinsic,519941,EPG,EPG(PB08)_L3,L,cb_intrinsic,7
27052,ER3d_d,ER3d_d_R,R,cb_intrinsic,519941,EPG,EPG(PB08)_L3,L,cb_intrinsic,7
24459,ER4d,ER4d_L,L,cb_intrinsic,519941,EPG,EPG(PB08)_L3,L,cb_intrinsic,7
23520,ER4d,ER4d_L,L,cb_intrinsic,519941,EPG,EPG(PB08)_L3,L,cb_intrinsic,7
16343,ER4d,ER4d_R,R,cb_intrinsic,519941,EPG,EPG(PB08)_L3,L,cb_intrinsic,7
527150,ER3d_a,ER3d_a_L,L,cb_intrinsic,11989,EPG,EPG(PB08)_L5,L,cb_intrinsic,7
522806,ER3d_c,ER3d_c_R,R,cb_intrinsic,11989,EPG,EPG(PB08)_L5,L,cb_intrinsic,7
521534,ER5,ER5_L,L,cb_intrinsic,11989,EPG,EPG(PB08)_L5,L,cb_intrinsic,7
80867,ER1_a,ER1_a_R,R,cb_intrinsic,11989,EPG,EPG(PB08)_L5,L,cb_intrinsic,7
49869,ER3p_b,ER3p_b_R,R,cb_intrinsic,11989,EPG,EPG(PB08)_L5,L,cb_intrinsic,7
48291,ER3w_b,ER3w_b_L,L,cb_intrinsic,11989,EPG,EPG(PB08)_L5,L,cb_intrinsic,7
43683,ER3w_a,ER3w_a_R,R,cb_intrinsic,11989,EPG,EPG(PB08)_L5,L,cb_intrinsic,7
40558,ER3d_b,ER3d_b_L,L,cb_intrinsic,11989,EPG,EPG(PB08)_L5,L,cb_intrinsic,7
36384,ER1_b,ER1_b_R,R,cb_intrinsic,11989,EPG,EPG(PB08)_L5,L,cb_intrinsic,7
31681,ER1_a,ER1_a_R,R,cb_intrinsic,11989,EPG,EPG(PB08)_L5,L,cb_intrinsic,7
30592,ER3d_b,ER3d_b_R,R,cb_intrinsic,11989,EPG,EPG(PB08)_L5,L,cb_intrinsic,7
30522,ER3d_b,ER3d_b_R,R,cb_intrinsic,11989,EPG,EPG(PB08)_L5,L,cb_intrinsic,7
29791,ER3d_b,ER3d_b_L,L,cb_intrinsic,11989,EPG,EPG(PB08)_L5,L,cb_intrinsic,7
28701,ER3d_b,ER3d_b_R,R,cb_intrinsic,11989,EPG,EPG(PB08)_L5,L,cb_intrinsic,7
23703,ER1_b,ER1_b_R,R,cb_intrinsic,11989,EPG,EPG(PB08)_L5,L,cb_intrinsic,7
21664,ER3d_e,ER3d_e_R,R,cb_intrinsic,11989,EPG,EPG(PB08)_L5,L,cb_intrinsic,7
14963,ER5,ER5_L,L,cb_intrinsic,11989,EPG,EPG(PB08)_L5,L,cb_intrinsic,7
529847,ER3m,ER3m_L,L,cb_intrinsic,107195,EPG,EPG(PB08)_L5,L,cb_intrinsic,7
523816,ER1_b,ER1_b_L,L,cb_intrinsic,107195,EPG,EPG(PB08)_L5,L,cb_intrinsic,7
71503,ER1_c,ER1_c_R,R,cb_intrinsic,107195,EPG,EPG(PB08)_L5,L,cb_intrinsic,7
59230,ER3m,ER3m_R,R,cb_intrinsic,107195,EPG,EPG(PB08)_L5,L,cb_intrinsic,7
50808,ER4d,ER4d_L,L,cb_intrinsic,107195,EPG,EPG(PB08)_L5,L,cb_intrinsic,7
47036,ER3d_a,ER3d_a_R,R,cb_intrinsic,107195,EPG,EPG(PB08)_L5,L,cb_intrinsic,7
44830,ER3d_e,ER3d_e_R,R,cb_intrinsic,107195,EPG,EPG(PB08)_L5,L,cb_intrinsic,7
42509,ER1_a,ER1_a_R,R,cb_intrinsic,107195,EPG,EPG(PB08)_L5,L,cb_intrinsic,7
40213,ER1_b,ER1_b_L,L,cb_intrinsic,107195,EPG,EPG(PB08)_L5,L,cb_intrinsic,7
37758,ER3d_a,ER3d_a_R,R,cb_intrinsic,107195,EPG,EPG(PB08)_L5,L,cb_intrinsic,7
37437,ER3d_e,ER3d_e_L,L,cb_intrinsic,107195,EPG,EPG(PB08)_L5,L,cb_intrinsic,7
36384,ER1_b,ER1_b_R,R,cb_intrinsic,107195,EPG,EPG(PB08)_L5,L,cb_intrinsic,7
35641,ER3d_c,ER3d_c_L,L,cb_intrinsic,107195,EPG,EPG(PB08)_L5,L,cb_intrinsic,7
31051,ER3m,ER3m_R,R,cb_intrinsic,107195,EPG,EPG(PB08)_L5,L,cb_intrinsic,7
26939,ER3m,ER3m_R,R,cb_intrinsic,107195,EPG,EPG(PB08)_L5,L,cb_intrinsic,7
25797,ER4d,ER4d_L,L,cb_intrinsic,107195,EPG,EPG(PB08)_L5,L,cb_intrinsic,7
23520,ER4d,ER4d_L,L,cb_intrinsic,107195,EPG,EPG(PB08)_L5,L,cb_intrinsic,7
21664,ER3d_e,ER3d_e_R,R,cb_intrinsic,107195,EPG,EPG(PB08)_L5,L,cb_intrinsic,7
19935,ER2_c,ER2_c_R,R,cb_intrinsic,107195,EPG,EPG(PB08)_L5,L,cb_intrinsic,7
19410,ER4d,ER4d_L,L,cb_intrinsic,107195,EPG,EPG(PB08)_L5,L,cb_intrinsic,7
19169,ER3m,ER3m_L,L,cb_intrinsic,107195,EPG,EPG(PB08)_L5,L,cb_intrinsic,7
17078,ER5,ER5_R,R,cb_intrinsic,107195,EPG,EPG(PB08)_L5,L,cb_intrinsic,7
529847,ER3m,ER3m_L,L,cb_intrinsic,519328,EPG,EPG(PB08)_L3,L,cb_intrinsic,7
523816,ER1_b,ER1_b_L,L,cb_intrinsic,519328,EPG,EPG(PB08)_L3,L,cb_intrinsic,7
69319,ER1_a,ER1_a_R,R,cb_intrinsic,519328,EPG,EPG(PB08)_L3,L,cb_intrinsic,7
63782,ER3d_c,ER3d_c_L,L,cb_intrinsic,519328,EPG,EPG(PB08)_L3,L,cb_intrinsic,7
46707,ER3w_a,ER3w_a_L,L,cb_intrinsic,519328,EPG,EPG(PB08)_L3,L,cb_intrinsic,7
46262,ER3d_b,ER3d_b_L,L,cb_intrinsic,519328,EPG,EPG(PB08)_L3,L,cb_intrinsic,7
43212,ER3d_a,ER3d_a_L,L,cb_intrinsic,519328,EPG,EPG(PB08)_L3,L,cb_intrinsic,7
39095,ER1_a,ER1_a_L,L,cb_intrinsic,519328,EPG,EPG(PB08)_L3,L,cb_intrinsic,7
38306,ER3d_a,ER3d_a_L,L,cb_intrinsic,519328,EPG,EPG(PB08)_L3,L,cb_intrinsic,7
37758,ER3d_a,ER3d_a_R,R,cb_intrinsic,519328,EPG,EPG(PB08)_L3,L,cb_intrinsic,7
37437,ER3d_e,ER3d_e_L,L,cb_intrinsic,519328,EPG,EPG(PB08)_L3,L,cb_intrinsic,7
36384,ER1_b,ER1_b_R,R,cb_intrinsic,519328,EPG,EPG(PB08)_L3,L,cb_intrinsic,7
28701,ER3d_b,ER3d_b_R,R,cb_intrinsic,519328,EPG,EPG(PB08)_L3,L,cb_intrinsic,7
27269,ER3d_c,ER3d_c_L,L,cb_intrinsic,519328,EPG,EPG(PB08)_L3,L,cb_intrinsic,7
24093,ER3w_a,ER3w_a_R,R,cb_intrinsic,519328,EPG,EPG(PB08)_L3,L,cb_intrinsic,7
23080,ER4d,ER4d_R,R,cb_intrinsic,519328,EPG,EPG(PB08)_L3,L,cb_intrinsic,7
17561,ER3m,ER3m_R,R,cb_intrinsic,519328,EPG,EPG(PB08)_L3,L,cb_intrinsic,7
529847,ER3m,ER3m_L,L,cb_intrinsic,512928,EPG,EPG(PB08)_R3,R,cb_intrinsic,7
71503,ER1_c,ER1_c_R,R,cb_intrinsic,512928,EPG,EPG(PB08)_R3,R,cb_intrinsic,7
45839,ER3d_b,ER3d_b_L,L,cb_intrinsic,512928,EPG,EPG(PB08)_R3,R,cb_intrinsic,7
42509,ER1_a,ER1_a_R,R,cb_intrinsic,512928,EPG,EPG(PB08)_R3,R,cb_intrinsic,7
37817,ER3d_e,ER3d_e_R,R,cb_intrinsic,512928,EPG,EPG(PB08)_R3,R,cb_intrinsic,7
36235,ER1_c,ER1_c_L,L,cb_intrinsic,512928,EPG,EPG(PB08)_R3,R,cb_intrinsic,7
30674,ER3d_b,ER3d_b_R,R,cb_intrinsic,512928,EPG,EPG(PB08)_R3,R,cb_intrinsic,7
30206,ER5,ER5_R,R,cb_intrinsic,512928,EPG,EPG(PB08)_R3,R,cb_intrinsic,7
28627,ER3m,ER3m_L,L,cb_intrinsic,512928,EPG,EPG(PB08)_R3,R,cb_intrinsic,7
513346,ER3w_b,ER3w_b_R,R,cb_intrinsic,14507,EPG,EPG(PB08)_R7,R,cb_intrinsic,7
50808,ER4d,ER4d_L,L,cb_intrinsic,14507,EPG,EPG(PB08)_R7,R,cb_intrinsic,7
49378,ER3d_c,ER3d_c_R,R,cb_intrinsic,14507,EPG,EPG(PB08)_R7,R,cb_intrinsic,7
46262,ER3d_b,ER3d_b_L,L,cb_intrinsic,14507,EPG,EPG(PB08)_R7,R,cb_intrinsic,7
43683,ER3w_a,ER3w_a_R,R,cb_intrinsic,14507,EPG,EPG(PB08)_R7,R,cb_intrinsic,7
42509,ER1_a,ER1_a_R,R,cb_intrinsic,14507,EPG,EPG(PB08)_R7,R,cb_intrinsic,7
38268,ER1_b,ER1_b_R,R,cb_intrinsic,14507,EPG,EPG(PB08)_R7,R,cb_intrinsic,7
31681,ER1_a,ER1_a_R,R,cb_intrinsic,14507,EPG,EPG(PB08)_R7,R,cb_intrinsic,7
27269,ER3d_c,ER3d_c_L,L,cb_intrinsic,14507,EPG,EPG(PB08)_R7,R,cb_intrinsic,7
27043,ER3w_c,ER3w_c_R,R,cb_intrinsic,14507,EPG,EPG(PB08)_R7,R,cb_intrinsic,7
19355,ER2_c,ER2_c_R,R,cb_intrinsic,14507,EPG,EPG(PB08)_R7,R,cb_intrinsic,7
16818,ER4d,ER4d_R,R,cb_intrinsic,14507,EPG,EPG(PB08)_R7,R,cb_intrinsic,7
530339,ER3d_d,ER3d_d_L,L,cb_intrinsic,524073,EPG,EPG(PB08)_L2,L,cb_intrinsic,7
527150,ER3d_a,ER3d_a_L,L,cb_intrinsic,524073,EPG,EPG(PB08)_L2,L,cb_intrinsic,7
522806,ER3d_c,ER3d_c_R,R,cb_intrinsic,524073,EPG,EPG(PB08)_L2,L,cb_intrinsic,7
53618,ER3p_b,ER3p_b_L,L,cb_intrinsic,524073,EPG,EPG(PB08)_L2,L,cb_intrinsic,7
46089,ER3p_a,ER3p_a_L,L,cb_intrinsic,524073,EPG,EPG(PB08)_L2,L,cb_intrinsic,7
44814,ER3m,ER3m_L,L,cb_intrinsic,524073,EPG,EPG(PB08)_L2,L,cb_intrinsic,7
44127,ER3d_d,ER3d_d_R,R,cb_intrinsic,524073,EPG,EPG(PB08)_L2,L,cb_intrinsic,7
38306,ER3d_a,ER3d_a_L,L,cb_intrinsic,524073,EPG,EPG(PB08)_L2,L,cb_intrinsic,7
37437,ER3d_e,ER3d_e_L,L,cb_intrinsic,524073,EPG,EPG(PB08)_L2,L,cb_intrinsic,7
37105,ER1_b,ER1_b_L,L,cb_intrinsic,524073,EPG,EPG(PB08)_L2,L,cb_intrinsic,7
31681,ER1_a,ER1_a_R,R,cb_intrinsic,524073,EPG,EPG(PB08)_L2,L,cb_intrinsic,7
28701,ER3d_b,ER3d_b_R,R,cb_intrinsic,524073,EPG,EPG(PB08)_L2,L,cb_intrinsic,7
22001,ER5,ER5_L,L,cb_intrinsic,524073,EPG,EPG(PB08)_L2,L,cb_intrinsic,7
18377,ER3w_b,ER3w_b_L,L,cb_intrinsic,524073,EPG,EPG(PB08)_L2,L,cb_intrinsic,7
16343,ER4d,ER4d_R,R,cb_intrinsic,524073,EPG,EPG(PB08)_L2,L,cb_intrinsic,7
526552,ER3w_b,ER3w_b_R,R,cb_intrinsic,519144,EPG,EPG(PB08)_L8,L,cb_intrinsic,7
80867,ER1_a,ER1_a_R,R,cb_intrinsic,519144,EPG,EPG(PB08)_L8,L,cb_intrinsic,7
69319,ER1_a,ER1_a_R,R,cb_intrinsic,519144,EPG,EPG(PB08)_L8,L,cb_intrinsic,7
49002,ER3p_a,ER3p_a_L,L,cb_intrinsic,519144,EPG,EPG(PB08)_L8,L,cb_intrinsic,7
37105,ER1_b,ER1_b_L,L,cb_intrinsic,519144,EPG,EPG(PB08)_L8,L,cb_intrinsic,7
36730,ER1_b,ER1_b_L,L,cb_intrinsic,519144,EPG,EPG(PB08)_L8,L,cb_intrinsic,7
35641,ER3d_c,ER3d_c_L,L,cb_intrinsic,519144,EPG,EPG(PB08)_L8,L,cb_intrinsic,7
23315,ER4d,ER4d_L,L,cb_intrinsic,519144,EPG,EPG(PB08)_L8,L,cb_intrinsic,7
21664,ER3d_e,ER3d_e_R,R,cb_intrinsic,519144,EPG,EPG(PB08)_L8,L,cb_intrinsic,7
527199,ER3d_e,ER3d_e_L,L,cb_intrinsic,512305,EPG,EPG(PB08)_R8,R,cb_intrinsic,7
517603,ER3d_d,ER3d_d_R,R,cb_intrinsic,512305,EPG,EPG(PB08)_R8,R,cb_intrinsic,7
71503,ER1_c,ER1_c_R,R,cb_intrinsic,512305,EPG,EPG(PB08)_R8,R,cb_intrinsic,7
53618,ER3p_b,ER3p_b_L,L,cb_intrinsic,512305,EPG,EPG(PB08)_R8,R,cb_intrinsic,7
45839,ER3d_b,ER3d_b_L,L,cb_intrinsic,512305,EPG,EPG(PB08)_R8,R,cb_intrinsic,7
42509,ER1_a,ER1_a_R,R,cb_intrinsic,512305,EPG,EPG(PB08)_R8,R,cb_intrinsic,7
35978,ER1_b,ER1_b_L,L,cb_intrinsic,512305,EPG,EPG(PB08)_R8,R,cb_intrinsic,7
31735,ER1_a,ER1_a_L,L,cb_intrinsic,512305,EPG,EPG(PB08)_R8,R,cb_intrinsic,7
27770,ER3w_b,ER3w_b_R,R,cb_intrinsic,512305,EPG,EPG(PB08)_R8,R,cb_intrinsic,7
24459,ER4d,ER4d_L,L,cb_intrinsic,512305,EPG,EPG(PB08)_R8,R,cb_intrinsic,7
23703,ER1_b,ER1_b_R,R,cb_intrinsic,512305,EPG,EPG(PB08)_R8,R,cb_intrinsic,7
22001,ER5,ER5_L,L,cb_intrinsic,512305,EPG,EPG(PB08)_R8,R,cb_intrinsic,7
20980,ER4d,ER4d_R,R,cb_intrinsic,512305,EPG,EPG(PB08)_R8,R,cb_intrinsic,7
17591,ER4d,ER4d_R,R,cb_intrinsic,512305,EPG,EPG(PB08)_R8,R,cb_intrinsic,7
526552,ER3w_b,ER3w_b_R,R,cb_intrinsic,513464,EPG,EPG(PB08)_R8,R,cb_intrinsic,7
513678,ER3w_b,ER3w_b_R,R,cb_intrinsic,513464,EPG,EPG(PB08)_R8,R,cb_intrinsic,7
48291,ER3w_b,ER3w_b_L,L,cb_intrinsic,513464,EPG,EPG(PB08)_R8,R,cb_intrinsic,7
47271,ER3p_a,ER3p_a_L,L,cb_intrinsic,513464,EPG,EPG(PB08)_R8,R,cb_intrinsic,7
44830,ER3d_e,ER3d_e_R,R,cb_intrinsic,513464,EPG,EPG(PB08)_R8,R,cb_intrinsic,7
43683,ER3w_a,ER3w_a_R,R,cb_intrinsic,513464,EPG,EPG(PB08)_R8,R,cb_intrinsic,7
42509,ER1_a,ER1_a_R,R,cb_intrinsic,513464,EPG,EPG(PB08)_R8,R,cb_intrinsic,7
38306,ER3d_a,ER3d_a_L,L,cb_intrinsic,513464,EPG,EPG(PB08)_R8,R,cb_intrinsic,7
38084,ER3m,ER3m_L,L,cb_intrinsic,513464,EPG,EPG(PB08)_R8,R,cb_intrinsic,7
31681,ER1_a,ER1_a_R,R,cb_intrinsic,513464,EPG,EPG(PB08)_R8,R,cb_intrinsic,7
30674,ER3d_b,ER3d_b_R,R,cb_intrinsic,513464,EPG,EPG(PB08)_R8,R,cb_intrinsic,7
26939,ER3m,ER3m_R,R,cb_intrinsic,513464,EPG,EPG(PB08)_R8,R,cb_intrinsic,7
25447,ER3w_c,ER3w_c_R,R,cb_intrinsic,513464,EPG,EPG(PB08)_R8,R,cb_intrinsic,7
24549,ER3w_c,ER3w_c_L,L,cb_intrinsic,513464,EPG,EPG(PB08)_R8,R,cb_intrinsic,7
518690,ER1_b,ER1_b_R,R,cb_intrinsic,19825,EPG,EPG(PB08)_R6,R,cb_intrinsic,7
517059,ER2_a,ER2_a_L,L,cb_intrinsic,19825,EPG,EPG(PB08)_R6,R,cb_intrinsic,7
512608,ER3d_b,ER3d_b_R,R,cb_intrinsic,19825,EPG,EPG(PB08)_R6,R,cb_intrinsic,7
47036,ER3d_a,ER3d_a_R,R,cb_intrinsic,19825,EPG,EPG(PB08)_R6,R,cb_intrinsic,7
46262,ER3d_b,ER3d_b_L,L,cb_intrinsic,19825,EPG,EPG(PB08)_R6,R,cb_intrinsic,7
44830,ER3d_e,ER3d_e_R,R,cb_intrinsic,19825,EPG,EPG(PB08)_R6,R,cb_intrinsic,7
42241,ER1_b,ER1_b_R,R,cb_intrinsic,19825,EPG,EPG(PB08)_R6,R,cb_intrinsic,7
38306,ER3d_a,ER3d_a_L,L,cb_intrinsic,19825,EPG,EPG(PB08)_R6,R,cb_intrinsic,7
36384,ER1_b,ER1_b_R,R,cb_intrinsic,19825,EPG,EPG(PB08)_R6,R,cb_intrinsic,7
28339,ER4d,ER4d_R,R,cb_intrinsic,19825,EPG,EPG(PB08)_R6,R,cb_intrinsic,7
25494,ER3d_e,ER3d_e_L,L,cb_intrinsic,19825,EPG,EPG(PB08)_R6,R,cb_intrinsic,7
24122,ER4d,ER4d_R,R,cb_intrinsic,19825,EPG,EPG(PB08)_R6,R,cb_intrinsic,7
23874,ER4d,ER4d_R,R,cb_intrinsic,19825,EPG,EPG(PB08)_R6,R,cb_intrinsic,7
23703,ER1_b,ER1_b_R,R,cb_intrinsic,19825,EPG,EPG(PB08)_R6,R,cb_intrinsic,7
530339,ER3d_d,ER3d_d_L,L,cb_intrinsic,11307,EPG,EPG(PB08)_L4,L,cb_intrinsic,7
529847,ER3m,ER3m_L,L,cb_intrinsic,11307,EPG,EPG(PB08)_L4,L,cb_intrinsic,7
527150,ER3d_a,ER3d_a_L,L,cb_intrinsic,11307,EPG,EPG(PB08)_L4,L,cb_intrinsic,7
526143,ER3w_b,ER3w_b_L,L,cb_intrinsic,11307,EPG,EPG(PB08)_L4,L,cb_intrinsic,7
515761,ER3p_a,ER3p_a_R,R,cb_intrinsic,11307,EPG,EPG(PB08)_L4,L,cb_intrinsic,7
52832,ER3m,ER3m_R,R,cb_intrinsic,11307,EPG,EPG(PB08)_L4,L,cb_intrinsic,7
49002,ER3p_a,ER3p_a_L,L,cb_intrinsic,11307,EPG,EPG(PB08)_L4,L,cb_intrinsic,7
47036,ER3d_a,ER3d_a_R,R,cb_intrinsic,11307,EPG,EPG(PB08)_L4,L,cb_intrinsic,7
46341,ER3w_b,ER3w_b_L,L,cb_intrinsic,11307,EPG,EPG(PB08)_L4,L,cb_intrinsic,7
42264,ER3d_e,ER3d_e_R,R,cb_intrinsic,11307,EPG,EPG(PB08)_L4,L,cb_intrinsic,7
39095,ER1_a,ER1_a_L,L,cb_intrinsic,11307,EPG,EPG(PB08)_L4,L,cb_intrinsic,7
37437,ER3d_e,ER3d_e_L,L,cb_intrinsic,11307,EPG,EPG(PB08)_L4,L,cb_intrinsic,7
37058,ER1_b,ER1_b_R,R,cb_intrinsic,11307,EPG,EPG(PB08)_L4,L,cb_intrinsic,7
32315,ER1_a,ER1_a_L,L,cb_intrinsic,11307,EPG,EPG(PB08)_L4,L,cb_intrinsic,7
27770,ER3w_b,ER3w_b_R,R,cb_intrinsic,11307,EPG,EPG(PB08)_L4,L,cb_intrinsic,7
26673,ER3w_b,ER3w_b_L,L,cb_intrinsic,11307,EPG,EPG(PB08)_L4,L,cb_intrinsic,7
26136,ER2_b,ER2_b_R,R,cb_intrinsic,11307,EPG,EPG(PB08)_L4,L,cb_intrinsic,7
20653,ER4d,ER4d_L,L,cb_intrinsic,11307,EPG,EPG(PB08)_L4,L,cb_intrinsic,7
19323,ER4d,ER4d_R,R,cb_intrinsic,11307,EPG,EPG(PB08)_L4,L,cb_intrinsic,7
17171,ER5,ER5_R,R,cb_intrinsic,11307,EPG,EPG(PB08)_L4,L,cb_intrinsic,7
514803,ER2_b,ER2_b_L,L,cb_intrinsic,11503,EPG,EPG(PB08)_R8,R,cb_intrinsic,7
514180,ER3p_b,ER3p_b_R,R,cb_intrinsic,11503,EPG,EPG(PB08)_R8,R,cb_intrinsic,7
512608,ER3d_b,ER3d_b_R,R,cb_intrinsic,11503,EPG,EPG(PB08)_R8,R,cb_intrinsic,7
54912,ER3d_b,ER3d_b_L,L,cb_intrinsic,11503,EPG,EPG(PB08)_R8,R,cb_intrinsic,7
47036,ER3d_a,ER3d_a_R,R,cb_intrinsic,11503,EPG,EPG(PB08)_R8,R,cb_intrinsic,7
40213,ER1_b,ER1_b_L,L,cb_intrinsic,11503,EPG,EPG(PB08)_R8,R,cb_intrinsic,7
37817,ER3d_e,ER3d_e_R,R,cb_intrinsic,11503,EPG,EPG(PB08)_R8,R,cb_intrinsic,7
37758,ER3d_a,ER3d_a_R,R,cb_intrinsic,11503,EPG,EPG(PB08)_R8,R,cb_intrinsic,7
35641,ER3d_c,ER3d_c_L,L,cb_intrinsic,11503,EPG,EPG(PB08)_R8,R,cb_intrinsic,7
34607,ER4d,ER4d_L,L,cb_intrinsic,11503,EPG,EPG(PB08)_R8,R,cb_intrinsic,7
30206,ER5,ER5_R,R,cb_intrinsic,11503,EPG,EPG(PB08)_R8,R,cb_intrinsic,7
27770,ER3w_b,ER3w_b_R,R,cb_intrinsic,11503,EPG,EPG(PB08)_R8,R,cb_intrinsic,7
23874,ER4d,ER4d_R,R,cb_intrinsic,11503,EPG,EPG(PB08)_R8,R,cb_intrinsic,7
21664,ER3d_e,ER3d_e_R,R,cb_intrinsic,11503,EPG,EPG(PB08)_R8,R,cb_intrinsic,7
526143,ER3w_b,ER3w_b_L,L,cb_intrinsic,84758,EPG,EPG(PB08)_L7,L,cb_intrinsic,7
512608,ER3d_b,ER3d_b_R,R,cb_intrinsic,84758,EPG,EPG(PB08)_L7,L,cb_intrinsic,7
44127,ER3d_d,ER3d_d_R,R,cb_intrinsic,84758,EPG,EPG(PB08)_L7,L,cb_intrinsic,7
36730,ER1_b,ER1_b_L,L,cb_intrinsic,84758,EPG,EPG(PB08)_L7,L,cb_intrinsic,7
33589,ER3d_b,ER3d_b_L,L,cb_intrinsic,84758,EPG,EPG(PB08)_L7,L,cb_intrinsic,7
31684,ER3d_a,ER3d_a_R,R,cb_intrinsic,84758,EPG,EPG(PB08)_L7,L,cb_intrinsic,7
30522,ER3d_b,ER3d_b_R,R,cb_intrinsic,84758,EPG,EPG(PB08)_L7,L,cb_intrinsic,7
26673,ER3w_b,ER3w_b_L,L,cb_intrinsic,84758,EPG,EPG(PB08)_L7,L,cb_intrinsic,7
24076,ER4d,ER4d_R,R,cb_intrinsic,84758,EPG,EPG(PB08)_L7,L,cb_intrinsic,7
22644,ER3d_a,ER3d_a_R,R,cb_intrinsic,84758,EPG,EPG(PB08)_L7,L,cb_intrinsic,7
19737,ER4d,ER4d_R,R,cb_intrinsic,84758,EPG,EPG(PB08)_L7,L,cb_intrinsic,7
19169,ER3m,ER3m_L,L,cb_intrinsic,84758,EPG,EPG(PB08)_L7,L,cb_intrinsic,7
17591,ER4d,ER4d_R,R,cb_intrinsic,84758,EPG,EPG(PB08)_L7,L,cb_intrinsic,7
13094,ER4d,ER4d_R,R,cb_intrinsic,84758,EPG,EPG(PB08)_L7,L,cb_intrinsic,7
523788,ER3w_a,ER3w_a_R,R,cb_intrinsic,520812,EPG,EPG(PB08)_R8,R,cb_intrinsic,7
517602,ER3p_a,ER3p_a_R,R,cb_intrinsic,520812,EPG,EPG(PB08)_R8,R,cb_intrinsic,7
49378,ER3d_c,ER3d_c_R,R,cb_intrinsic,520812,EPG,EPG(PB08)_R8,R,cb_intrinsic,7
45134,ER3p_b,ER3p_b_L,L,cb_intrinsic,520812,EPG,EPG(PB08)_R8,R,cb_intrinsic,7
42264,ER3d_e,ER3d_e_R,R,cb_intrinsic,520812,EPG,EPG(PB08)_R8,R,cb_intrinsic,7
34652,ER1_b,ER1_b_L,L,cb_intrinsic,520812,EPG,EPG(PB08)_R8,R,cb_intrinsic,7
33589,ER3d_b,ER3d_b_L,L,cb_intrinsic,520812,EPG,EPG(PB08)_R8,R,cb_intrinsic,7
31684,ER3d_a,ER3d_a_R,R,cb_intrinsic,520812,EPG,EPG(PB08)_R8,R,cb_intrinsic,7
27770,ER3w_b,ER3w_b_R,R,cb_intrinsic,520812,EPG,EPG(PB08)_R8,R,cb_intrinsic,7
25297,ER3w_a,ER3w_a_R,R,cb_intrinsic,520812,EPG,EPG(PB08)_R8,R,cb_intrinsic,7
17591,ER4d,ER4d_R,R,cb_intrinsic,520812,EPG,EPG(PB08)_R8,R,cb_intrinsic,7
527653,ER4d,ER4d_L,L,cb_intrinsic,513284,EPG,EPG(PB08)_R3,R,cb_intrinsic,7
512607,ER3p_a,ER3p_a_R,R,cb_intrinsic,513284,EPG,EPG(PB08)_R3,R,cb_intrinsic,7
72491,ER1_c,ER1_c_R,R,cb_intrinsic,513284,EPG,EPG(PB08)_R3,R,cb_intrinsic,7
51382,ER3d_b,ER3d_b_L,L,cb_intrinsic,513284,EPG,EPG(PB08)_R3,R,cb_intrinsic,7
47186,ER3m,ER3m_R,R,cb_intrinsic,513284,EPG,EPG(PB08)_R3,R,cb_intrinsic,7
40213,ER1_b,ER1_b_L,L,cb_intrinsic,513284,EPG,EPG(PB08)_R3,R,cb_intrinsic,7
29791,ER3d_b,ER3d_b_L,L,cb_intrinsic,513284,EPG,EPG(PB08)_R3,R,cb_intrinsic,7
29545,ER3w_b,ER3w_b_R,R,cb_intrinsic,513284,EPG,EPG(PB08)_R3,R,cb_intrinsic,7
27903,ER3d_d,ER3d_d_L,L,cb_intrinsic,513284,EPG,EPG(PB08)_R3,R,cb_intrinsic,7
26295,ER3m,ER3m_R,R,cb_intrinsic,513284,EPG,EPG(PB08)_R3,R,cb_intrinsic,7
23197,ER4d,ER4d_L,L,cb_intrinsic,513284,EPG,EPG(PB08)_R3,R,cb_intrinsic,7
17591,ER4d,ER4d_R,R,cb_intrinsic,513284,EPG,EPG(PB08)_R3,R,cb_intrinsic,7
16818,ER4d,ER4d_R,R,cb_intrinsic,513284,EPG,EPG(PB08)_R3,R,cb_intrinsic,7
529847,ER3m,ER3m_L,L,cb_intrinsic,556346,EPG,EPG(PB08)_L6,L,cb_intrinsic,7
514180,ER3p_b,ER3p_b_R,R,cb_intrinsic,556346,EPG,EPG(PB08)_L6,L,cb_intrinsic,7
513678,ER3w_b,ER3w_b_R,R,cb_intrinsic,556346,EPG,EPG(PB08)_L6,L,cb_intrinsic,7
512608,ER3d_b,ER3d_b_R,R,cb_intrinsic,556346,EPG,EPG(PB08)_L6,L,cb_intrinsic,7
72491,ER1_c,ER1_c_R,R,cb_intrinsic,556346,EPG,EPG(PB08)_L6,L,cb_intrinsic,7
71503,ER1_c,ER1_c_R,R,cb_intrinsic,556346,EPG,EPG(PB08)_L6,L,cb_intrinsic,7
37817,ER3d_e,ER3d_e_R,R,cb_intrinsic,556346,EPG,EPG(PB08)_L6,L,cb_intrinsic,7
31735,ER1_a,ER1_a_L,L,cb_intrinsic,556346,EPG,EPG(PB08)_L6,L,cb_intrinsic,7
29177,ER3d_b,ER3d_b_R,R,cb_intrinsic,556346,EPG,EPG(PB08)_L6,L,cb_intrinsic,7
27013,ER3m,ER3m_L,L,cb_intrinsic,556346,EPG,EPG(PB08)_L6,L,cb_intrinsic,7
23703,ER1_b,ER1_b_R,R,cb_intrinsic,556346,EPG,EPG(PB08)_L6,L,cb_intrinsic,7
23520,ER4d,ER4d_L,L,cb_intrinsic,556346,EPG,EPG(PB08)_L6,L,cb_intrinsic,7
21664,ER3d_e,ER3d_e_R,R,cb_intrinsic,556346,EPG,EPG(PB08)_L6,L,cb_intrinsic,7
19791,ER4d,ER4d_L,L,cb_intrinsic,556346,EPG,EPG(PB08)_L6,L,cb_intrinsic,7
19169,ER3m,ER3m_L,L,cb_intrinsic,556346,EPG,EPG(PB08)_L6,L,cb_intrinsic,7
15444,ER2_d,ER2_d_L,L,cb_intrinsic,556346,EPG,EPG(PB08)_L6,L,cb_intrinsic,7
530339,ER3d_d,ER3d_d_L,L,cb_intrinsic,523786,EPG,EPG(PB08)_R4,R,cb_intrinsic,7
524068,ER3d_b,ER3d_b_L,L,cb_intrinsic,523786,EPG,EPG(PB08)_R4,R,cb_intrinsic,7
511857,ER1_c,ER1_c_L,L,cb_intrinsic,523786,EPG,EPG(PB08)_R4,R,cb_intrinsic,7
71503,ER1_c,ER1_c_R,R,cb_intrinsic,523786,EPG,EPG(PB08)_R4,R,cb_intrinsic,7
63782,ER3d_c,ER3d_c_L,L,cb_intrinsic,523786,EPG,EPG(PB08)_R4,R,cb_intrinsic,7
38306,ER3d_a,ER3d_a_L,L,cb_intrinsic,523786,EPG,EPG(PB08)_R4,R,cb_intrinsic,7
37058,ER1_b,ER1_b_R,R,cb_intrinsic,523786,EPG,EPG(PB08)_R4,R,cb_intrinsic,7
32315,ER1_a,ER1_a_L,L,cb_intrinsic,523786,EPG,EPG(PB08)_R4,R,cb_intrinsic,7
30178,ER3d_b,ER3d_b_R,R,cb_intrinsic,523786,EPG,EPG(PB08)_R4,R,cb_intrinsic,7
27454,ER3d_c,ER3d_c_R,R,cb_intrinsic,523786,EPG,EPG(PB08)_R4,R,cb_intrinsic,7
25797,ER4d,ER4d_L,L,cb_intrinsic,523786,EPG,EPG(PB08)_R4,R,cb_intrinsic,7
23703,ER1_b,ER1_b_R,R,cb_intrinsic,523786,EPG,EPG(PB08)_R4,R,cb_intrinsic,7
21664,ER3d_e,ER3d_e_R,R,cb_intrinsic,523786,EPG,EPG(PB08)_R4,R,cb_intrinsic,7
19791,ER4d,ER4d_L,L,cb_intrinsic,523786,EPG,EPG(PB08)_R4,R,cb_intrinsic,7
514180,ER3p_b,ER3p_b_R,R,cb_intrinsic,11987,EPG,EPG(PB08)_R5,R,cb_intrinsic,7
512607,ER3p_a,ER3p_a_R,R,cb_intrinsic,11987,EPG,EPG(PB08)_R5,R,cb_intrinsic,7
48318,ER3d_c,ER3d_c_L,L,cb_intrinsic,11987,EPG,EPG(PB08)_R5,R,cb_intrinsic,7
45134,ER3p_b,ER3p_b_L,L,cb_intrinsic,11987,EPG,EPG(PB08)_R5,R,cb_intrinsic,7
44814,ER3m,ER3m_L,L,cb_intrinsic,11987,EPG,EPG(PB08)_R5,R,cb_intrinsic,7
34607,ER4d,ER4d_L,L,cb_intrinsic,11987,EPG,EPG(PB08)_R5,R,cb_intrinsic,7
33589,ER3d_b,ER3d_b_L,L,cb_intrinsic,11987,EPG,EPG(PB08)_R5,R,cb_intrinsic,7
27013,ER3m,ER3m_L,L,cb_intrinsic,11987,EPG,EPG(PB08)_R5,R,cb_intrinsic,7
24122,ER4d,ER4d_R,R,cb_intrinsic,11987,EPG,EPG(PB08)_R5,R,cb_intrinsic,7
23080,ER4d,ER4d_R,R,cb_intrinsic,11987,EPG,EPG(PB08)_R5,R,cb_intrinsic,7
13094,ER4d,ER4d_R,R,cb_intrinsic,11987,EPG,EPG(PB08)_R5,R,cb_intrinsic,7
527199,ER3d_e,ER3d_e_L,L,cb_intrinsic,513033,EPG,EPG(PB08)_L8,L,cb_intrinsic,7
514180,ER3p_b,ER3p_b_R,R,cb_intrinsic,513033,EPG,EPG(PB08)_L8,L,cb_intrinsic,7
512606,ER3w_c,ER3w_c_L,L,cb_intrinsic,513033,EPG,EPG(PB08)_L8,L,cb_intrinsic,7
71503,ER1_c,ER1_c_R,R,cb_intrinsic,513033,EPG,EPG(PB08)_L8,L,cb_intrinsic,7
69319,ER1_a,ER1_a_R,R,cb_intrinsic,513033,EPG,EPG(PB08)_L8,L,cb_intrinsic,7
50694,ER3w_b,ER3w_b_L,L,cb_intrinsic,513033,EPG,EPG(PB08)_L8,L,cb_intrinsic,7
49378,ER3d_c,ER3d_c_R,R,cb_intrinsic,513033,EPG,EPG(PB08)_L8,L,cb_intrinsic,7
48318,ER3d_c,ER3d_c_L,L,cb_intrinsic,513033,EPG,EPG(PB08)_L8,L,cb_intrinsic,7
46707,ER3w_a,ER3w_a_L,L,cb_intrinsic,513033,EPG,EPG(PB08)_L8,L,cb_intrinsic,7
43039,ER3d_d,ER3d_d_L,L,cb_intrinsic,513033,EPG,EPG(PB08)_L8,L,cb_intrinsic,7
36730,ER1_b,ER1_b_L,L,cb_intrinsic,513033,EPG,EPG(PB08)_L8,L,cb_intrinsic,7
36384,ER1_b,ER1_b_R,R,cb_intrinsic,513033,EPG,EPG(PB08)_L8,L,cb_intrinsic,7
35978,ER1_b,ER1_b_L,L,cb_intrinsic,513033,EPG,EPG(PB08)_L8,L,cb_intrinsic,7
35641,ER3d_c,ER3d_c_L,L,cb_intrinsic,513033,EPG,EPG(PB08)_L8,L,cb_intrinsic,7
31735,ER1_a,ER1_a_L,L,cb_intrinsic,513033,EPG,EPG(PB08)_L8,L,cb_intrinsic,7
29177,ER3d_b,ER3d_b_R,R,cb_intrinsic,513033,EPG,EPG(PB08)_L8,L,cb_intrinsic,7
21664,ER3d_e,ER3d_e_R,R,cb_intrinsic,513033,EPG,EPG(PB08)_L8,L,cb_intrinsic,7
20980,ER4d,ER4d_R,R,cb_intrinsic,513033,EPG,EPG(PB08)_L8,L,cb_intrinsic,7
80867,ER1_a,ER1_a_R,R,cb_intrinsic,19125,EPG,EPG(PB08)_R5,R,cb_intrinsic,7
51382,ER3d_b,ER3d_b_L,L,cb_intrinsic,19125,EPG,EPG(PB08)_R5,R,cb_intrinsic,7
44010,ER3w_b,ER3w_b_L,L,cb_intrinsic,19125,EPG,EPG(PB08)_R5,R,cb_intrinsic,7
36384,ER1_b,ER1_b_R,R,cb_intrinsic,19125,EPG,EPG(PB08)_R5,R,cb_intrinsic,7
36235,ER1_c,ER1_c_L,L,cb_intrinsic,19125,EPG,EPG(PB08)_R5,R,cb_intrinsic,7
27013,ER3m,ER3m_L,L,cb_intrinsic,19125,EPG,EPG(PB08)_R5,R,cb_intrinsic,7
25501,ER3w_b,ER3w_b_L,L,cb_intrinsic,19125,EPG,EPG(PB08)_R5,R,cb_intrinsic,7
24122,ER4d,ER4d_R,R,cb_intrinsic,19125,EPG,EPG(PB08)_R5,R,cb_intrinsic,7
22461,ER4d,ER4d_R,R,cb_intrinsic,19125,EPG,EPG(PB08)_R5,R,cb_intrinsic,7
19737,ER4d,ER4d_R,R,cb_intrinsic,19125,EPG,EPG(PB08)_R5,R,cb_intrinsic,7
19410,ER4d,ER4d_L,L,cb_intrinsic,19125,EPG,EPG(PB08)_R5,R,cb_intrinsic,7
17591,ER4d,ER4d_R,R,cb_intrinsic,19125,EPG,EPG(PB08)_R5,R,cb_intrinsic,7
10043,ER5,ER5_L,L,cb_intrinsic,19125,EPG,EPG(PB08)_R5,R,cb_intrinsic,7
513346,ER3w_b,ER3w_b_R,R,cb_intrinsic,131313,EPG,EPG(PB08)_R6,R,cb_intrinsic,7
512606,ER3w_c,ER3w_c_L,L,cb_intrinsic,131313,EPG,EPG(PB08)_R6,R,cb_intrinsic,7
67174,ER1_a,ER1_a_R,R,cb_intrinsic,131313,EPG,EPG(PB08)_R6,R,cb_intrinsic,7
49378,ER3d_c,ER3d_c_R,R,cb_intrinsic,131313,EPG,EPG(PB08)_R6,R,cb_intrinsic,7
47464,ER3d_d,ER3d_d_R,R,cb_intrinsic,131313,EPG,EPG(PB08)_R6,R,cb_intrinsic,7
47036,ER3d_a,ER3d_a_R,R,cb_intrinsic,131313,EPG,EPG(PB08)_R6,R,cb_intrinsic,7
38306,ER3d_a,ER3d_a_L,L,cb_intrinsic,131313,EPG,EPG(PB08)_R6,R,cb_intrinsic,7
31735,ER1_a,ER1_a_L,L,cb_intrinsic,131313,EPG,EPG(PB08)_R6,R,cb_intrinsic,7
31681,ER1_a,ER1_a_R,R,cb_intrinsic,131313,EPG,EPG(PB08)_R6,R,cb_intrinsic,7
27043,ER3w_c,ER3w_c_R,R,cb_intrinsic,131313,EPG,EPG(PB08)_R6,R,cb_intrinsic,7
24549,ER3w_c,ER3w_c_L,L,cb_intrinsic,131313,EPG,EPG(PB08)_R6,R,cb_intrinsic,7
24093,ER3w_a,ER3w_a_R,R,cb_intrinsic,131313,EPG,EPG(PB08)_R6,R,cb_intrinsic,7
24076,ER4d,ER4d_R,R,cb_intrinsic,131313,EPG,EPG(PB08)_R6,R,cb_intrinsic,7
21664,ER3d_e,ER3d_e_R,R,cb_intrinsic,131313,EPG,EPG(PB08)_R6,R,cb_intrinsic,7
13999,ER3w_c,ER3w_c_R,R,cb_intrinsic,131313,EPG,EPG(PB08)_R6,R,cb_intrinsic,7
527199,ER3d_e,ER3d_e_L,L,cb_intrinsic,513517,EPG,EPG(PB08)_L4,L,cb_intrinsic,7
517602,ER3p_a,ER3p_a_R,R,cb_intrinsic,513517,EPG,EPG(PB08)_L4,L,cb_intrinsic,7
513346,ER3w_b,ER3w_b_R,R,cb_intrinsic,513517,EPG,EPG(PB08)_L4,L,cb_intrinsic,7
512607,ER3p_a,ER3p_a_R,R,cb_intrinsic,513517,EPG,EPG(PB08)_L4,L,cb_intrinsic,7
69319,ER1_a,ER1_a_R,R,cb_intrinsic,513517,EPG,EPG(PB08)_L4,L,cb_intrinsic,7
67174,ER1_a,ER1_a_R,R,cb_intrinsic,513517,EPG,EPG(PB08)_L4,L,cb_intrinsic,7
53618,ER3p_b,ER3p_b_L,L,cb_intrinsic,513517,EPG,EPG(PB08)_L4,L,cb_intrinsic,7
46242,ER3w_a,ER3w_a_L,L,cb_intrinsic,513517,EPG,EPG(PB08)_L4,L,cb_intrinsic,7
45839,ER3d_b,ER3d_b_L,L,cb_intrinsic,513517,EPG,EPG(PB08)_L4,L,cb_intrinsic,7
42264,ER3d_e,ER3d_e_R,R,cb_intrinsic,513517,EPG,EPG(PB08)_L4,L,cb_intrinsic,7
38306,ER3d_a,ER3d_a_L,L,cb_intrinsic,513517,EPG,EPG(PB08)_L4,L,cb_intrinsic,7
37105,ER1_b,ER1_b_L,L,cb_intrinsic,513517,EPG,EPG(PB08)_L4,L,cb_intrinsic,7
31681,ER1_a,ER1_a_R,R,cb_intrinsic,513517,EPG,EPG(PB08)_L4,L,cb_intrinsic,7
28627,ER3m,ER3m_L,L,cb_intrinsic,513517,EPG,EPG(PB08)_L4,L,cb_intrinsic,7
27348,ER3m,ER3m_L,L,cb_intrinsic,513517,EPG,EPG(PB08)_L4,L,cb_intrinsic,7
27013,ER3m,ER3m_L,L,cb_intrinsic,513517,EPG,EPG(PB08)_L4,L,cb_intrinsic,7
26295,ER3m,ER3m_R,R,cb_intrinsic,513517,EPG,EPG(PB08)_L4,L,cb_intrinsic,7
516944,ER5,ER5_L,L,cb_intrinsic,556347,EPG,EPG(PB08)_R4,R,cb_intrinsic,7
42509,ER1_a,ER1_a_R,R,cb_intrinsic,556347,EPG,EPG(PB08)_R4,R,cb_intrinsic,7
40213,ER1_b,ER1_b_L,L,cb_intrinsic,556347,EPG,EPG(PB08)_R4,R,cb_intrinsic,7
38306,ER3d_a,ER3d_a_L,L,cb_intrinsic,556347,EPG,EPG(PB08)_R4,R,cb_intrinsic,7
38084,ER3m,ER3m_L,L,cb_intrinsic,556347,EPG,EPG(PB08)_R4,R,cb_intrinsic,7
36235,ER1_c,ER1_c_L,L,cb_intrinsic,556347,EPG,EPG(PB08)_R4,R,cb_intrinsic,7
32315,ER1_a,ER1_a_L,L,cb_intrinsic,556347,EPG,EPG(PB08)_R4,R,cb_intrinsic,7
26939,ER3m,ER3m_R,R,cb_intrinsic,556347,EPG,EPG(PB08)_R4,R,cb_intrinsic,7
24093,ER3w_a,ER3w_a_R,R,cb_intrinsic,556347,EPG,EPG(PB08)_R4,R,cb_intrinsic,7
24076,ER4d,ER4d_R,R,cb_intrinsic,556347,EPG,EPG(PB08)_R4,R,cb_intrinsic,7
23874,ER4d,ER4d_R,R,cb_intrinsic,556347,EPG,EPG(PB08)_R4,R,cb_intrinsic,7
23097,ER2_a,ER2_a_L,L,cb_intrinsic,556347,EPG,EPG(PB08)_R4,R,cb_intrinsic,7
19791,ER4d,ER4d_L,L,cb_intrinsic,556347,EPG,EPG(PB08)_R4,R,cb_intrinsic,7
16343,ER4d,ER4d_R,R,cb_intrinsic,556347,EPG,EPG(PB08)_R4,R,cb_intrinsic,7
13094,ER4d,ER4d_R,R,cb_intrinsic,556347,EPG,EPG(PB08)_R4,R,cb_intrinsic,7
523788,ER3w_a,ER3w_a_R,R,cb_intrinsic,521409,EPG,EPG(PB08)_L8,L,cb_intrinsic,7
512608,ER3d_b,ER3d_b_R,R,cb_intrinsic,521409,EPG,EPG(PB08)_L8,L,cb_intrinsic,7
63782,ER3d_c,ER3d_c_L,L,cb_intrinsic,521409,EPG,EPG(PB08)_L8,L,cb_intrinsic,7
45839,ER3d_b,ER3d_b_L,L,cb_intrinsic,521409,EPG,EPG(PB08)_L8,L,cb_intrinsic,7
28339,ER4d,ER4d_R,R,cb_intrinsic,521409,EPG,EPG(PB08)_L8,L,cb_intrinsic,7
27052,ER3d_d,ER3d_d_R,R,cb_intrinsic,521409,EPG,EPG(PB08)_L8,L,cb_intrinsic,7
26798,ER1_a,ER1_a_L,L,cb_intrinsic,521409,EPG,EPG(PB08)_L8,L,cb_intrinsic,7
21664,ER3d_e,ER3d_e_R,R,cb_intrinsic,521409,EPG,EPG(PB08)_L8,L,cb_intrinsic,7
19935,ER2_c,ER2_c_R,R,cb_intrinsic,521409,EPG,EPG(PB08)_L8,L,cb_intrinsic,7
524075,ER2_d,ER2_d_L,L,cb_intrinsic,513463,EPG,EPG(PB08)_R2,R,cb_intrinsic,7
521535,ER5,ER5_L,L,cb_intrinsic,513463,EPG,EPG(PB08)_R2,R,cb_intrinsic,7
514180,ER3p_b,ER3p_b_R,R,cb_intrinsic,513463,EPG,EPG(PB08)_R2,R,cb_intrinsic,7
512608,ER3d_b,ER3d_b_R,R,cb_intrinsic,513463,EPG,EPG(PB08)_R2,R,cb_intrinsic,7
69319,ER1_a,ER1_a_R,R,cb_intrinsic,513463,EPG,EPG(PB08)_R2,R,cb_intrinsic,7
54597,ER1_a,ER1_a_L,L,cb_intrinsic,513463,EPG,EPG(PB08)_R2,R,cb_intrinsic,7
49869,ER3p_b,ER3p_b_R,R,cb_intrinsic,513463,EPG,EPG(PB08)_R2,R,cb_intrinsic,7
37817,ER3d_e,ER3d_e_R,R,cb_intrinsic,513463,EPG,EPG(PB08)_R2,R,cb_intrinsic,7
37758,ER3d_a,ER3d_a_R,R,cb_intrinsic,513463,EPG,EPG(PB08)_R2,R,cb_intrinsic,7
37058,ER1_b,ER1_b_R,R,cb_intrinsic,513463,EPG,EPG(PB08)_R2,R,cb_intrinsic,7
29791,ER3d_b,ER3d_b_L,L,cb_intrinsic,513463,EPG,EPG(PB08)_R2,R,cb_intrinsic,7
26939,ER3m,ER3m_R,R,cb_intrinsic,513463,EPG,EPG(PB08)_R2,R,cb_intrinsic,7
25494,ER3d_e,ER3d_e_L,L,cb_intrinsic,513463,EPG,EPG(PB08)_R2,R,cb_intrinsic,7
20664,ER2_a,ER2_a_R,R,cb_intrinsic,513463,EPG,EPG(PB08)_R2,R,cb_intrinsic,7
527150,ER3d_a,ER3d_a_L,L,cb_intrinsic,520818,EPG,EPG(PB08)_L4,L,cb_intrinsic,7
71503,ER1_c,ER1_c_R,R,cb_intrinsic,520818,EPG,EPG(PB08)_L4,L,cb_intrinsic,7
69319,ER1_a,ER1_a_R,R,cb_intrinsic,520818,EPG,EPG(PB08)_L4,L,cb_intrinsic,7
54597,ER1_a,ER1_a_L,L,cb_intrinsic,520818,EPG,EPG(PB08)_L4,L,cb_intrinsic,7
49869,ER3p_b,ER3p_b_R,R,cb_intrinsic,520818,EPG,EPG(PB08)_L4,L,cb_intrinsic,7
49002,ER3p_a,ER3p_a_L,L,cb_intrinsic,520818,EPG,EPG(PB08)_L4,L,cb_intrinsic,7
47186,ER3m,ER3m_R,R,cb_intrinsic,520818,EPG,EPG(PB08)_L4,L,cb_intrinsic,7
47271,ER3p_a,ER3p_a_L,L,cb_intrinsic,520818,EPG,EPG(PB08)_L4,L,cb_intrinsic,7
46262,ER3d_b,ER3d_b_L,L,cb_intrinsic,520818,EPG,EPG(PB08)_L4,L,cb_intrinsic,7
43683,ER3w_a,ER3w_a_R,R,cb_intrinsic,520818,EPG,EPG(PB08)_L4,L,cb_intrinsic,7
37058,ER1_b,ER1_b_R,R,cb_intrinsic,520818,EPG,EPG(PB08)_L4,L,cb_intrinsic,7
35978,ER1_b,ER1_b_L,L,cb_intrinsic,520818,EPG,EPG(PB08)_L4,L,cb_intrinsic,7
27454,ER3d_c,ER3d_c_R,R,cb_intrinsic,520818,EPG,EPG(PB08)_L4,L,cb_intrinsic,7
26673,ER3w_b,ER3w_b_L,L,cb_intrinsic,520818,EPG,EPG(PB08)_L4,L,cb_intrinsic,7
25203,ER3w_c,ER3w_c_L,L,cb_intrinsic,520818,EPG,EPG(PB08)_L4,L,cb_intrinsic,7
23874,ER4d,ER4d_R,R,cb_intrinsic,520818,EPG,EPG(PB08)_L4,L,cb_intrinsic,7
20605,ER2_a,ER2_a_L,L,cb_intrinsic,520818,EPG,EPG(PB08)_L4,L,cb_intrinsic,7
529847,ER3m,ER3m_L,L,cb_intrinsic,12449,EPG,EPG(PB08)_L5,L,cb_intrinsic,7
527653,ER4d,ER4d_L,L,cb_intrinsic,12449,EPG,EPG(PB08)_L5,L,cb_intrinsic,7
526143,ER3w_b,ER3w_b_L,L,cb_intrinsic,12449,EPG,EPG(PB08)_L5,L,cb_intrinsic,7
512608,ER3d_b,ER3d_b_R,R,cb_intrinsic,12449,EPG,EPG(PB08)_L5,L,cb_intrinsic,7
53618,ER3p_b,ER3p_b_L,L,cb_intrinsic,12449,EPG,EPG(PB08)_L5,L,cb_intrinsic,7
46262,ER3d_b,ER3d_b_L,L,cb_intrinsic,12449,EPG,EPG(PB08)_L5,L,cb_intrinsic,7
44127,ER3d_d,ER3d_d_R,R,cb_intrinsic,12449,EPG,EPG(PB08)_L5,L,cb_intrinsic,7
42264,ER3d_e,ER3d_e_R,R,cb_intrinsic,12449,EPG,EPG(PB08)_L5,L,cb_intrinsic,7
37758,ER3d_a,ER3d_a_R,R,cb_intrinsic,12449,EPG,EPG(PB08)_L5,L,cb_intrinsic,7
37437,ER3d_e,ER3d_e_L,L,cb_intrinsic,12449,EPG,EPG(PB08)_L5,L,cb_intrinsic,7
28701,ER3d_b,ER3d_b_R,R,cb_intrinsic,12449,EPG,EPG(PB08)_L5,L,cb_intrinsic,7
23097,ER2_a,ER2_a_L,L,cb_intrinsic,12449,EPG,EPG(PB08)_L5,L,cb_intrinsic,7
54912,ER3d_b,ER3d_b_L,L,cb_intrinsic,10539,EPG,EPG(PB08)_R2,R,cb_intrinsic,7
49869,ER3p_b,ER3p_b_R,R,cb_intrinsic,10539,EPG,EPG(PB08)_R2,R,cb_intrinsic,7
47186,ER3m,ER3m_R,R,cb_intrinsic,10539,EPG,EPG(PB08)_R2,R,cb_intrinsic,7
44830,ER3d_e,ER3d_e_R,R,cb_intrinsic,10539,EPG,EPG(PB08)_R2,R,cb_intrinsic,7
37817,ER3d_e,ER3d_e_R,R,cb_intrinsic,10539,EPG,EPG(PB08)_R2,R,cb_intrinsic,7
36384,ER1_b,ER1_b_R,R,cb_intrinsic,10539,EPG,EPG(PB08)_R2,R,cb_intrinsic,7
28627,ER3m,ER3m_L,L,cb_intrinsic,10539,EPG,EPG(PB08)_R2,R,cb_intrinsic,7
27454,ER3d_c,ER3d_c_R,R,cb_intrinsic,10539,EPG,EPG(PB08)_R2,R,cb_intrinsic,7
50694,ER3w_b,ER3w_b_L,L,cb_intrinsic,14727,EPG,EPG(PB08)_L7,L,cb_intrinsic,7
49869,ER3p_b,ER3p_b_R,R,cb_intrinsic,14727,EPG,EPG(PB08)_L7,L,cb_intrinsic,7
37437,ER3d_e,ER3d_e_L,L,cb_intrinsic,14727,EPG,EPG(PB08)_L7,L,cb_intrinsic,7
36730,ER1_b,ER1_b_L,L,cb_intrinsic,14727,EPG,EPG(PB08)_L7,L,cb_intrinsic,7
30178,ER3d_b,ER3d_b_R,R,cb_intrinsic,14727,EPG,EPG(PB08)_L7,L,cb_intrinsic,7
25329,ER3d_c,ER3d_c_L,L,cb_intrinsic,14727,EPG,EPG(PB08)_L7,L,cb_intrinsic,7
24093,ER3w_a,ER3w_a_R,R,cb_intrinsic,14727,EPG,EPG(PB08)_L7,L,cb_intrinsic,7
20514,ER3d_d,ER3d_d_L,L,cb_intrinsic,14727,EPG,EPG(PB08)_L7,L,cb_intrinsic,7
17561,ER3m,ER3m_R,R,cb_intrinsic,14727,EPG,EPG(PB08)_L7,L,cb_intrinsic,7
16343,ER4d,ER4d_R,R,cb_intrinsic,14727,EPG,EPG(PB08)_L7,L,cb_intrinsic,7
13094,ER4d,ER4d_R,R,cb_intrinsic,14727,EPG,EPG(PB08)_L7,L,cb_intrinsic,7
522806,ER3d_c,ER3d_c_R,R,cb_intrinsic,519140,EPG,EPG(PB08)_L1,L,cb_intrinsic,7
522759,ER3d_d,ER3d_d_L,L,cb_intrinsic,519140,EPG,EPG(PB08)_L1,L,cb_intrinsic,7
54597,ER1_a,ER1_a_L,L,cb_intrinsic,519140,EPG,EPG(PB08)_L1,L,cb_intrinsic,7
42264,ER3d_e,ER3d_e_R,R,cb_intrinsic,519140,EPG,EPG(PB08)_L1,L,cb_intrinsic,7
38306,ER3d_a,ER3d_a_L,L,cb_intrinsic,519140,EPG,EPG(PB08)_L1,L,cb_intrinsic,7
37817,ER3d_e,ER3d_e_R,R,cb_intrinsic,519140,EPG,EPG(PB08)_L1,L,cb_intrinsic,7
37758,ER3d_a,ER3d_a_R,R,cb_intrinsic,519140,EPG,EPG(PB08)_L1,L,cb_intrinsic,7
35641,ER3d_c,ER3d_c_L,L,cb_intrinsic,519140,EPG,EPG(PB08)_L1,L,cb_intrinsic,7
31684,ER3d_a,ER3d_a_R,R,cb_intrinsic,519140,EPG,EPG(PB08)_L1,L,cb_intrinsic,7
31121,ER3a_c,ER3a_c_L,L,cb_intrinsic,519140,EPG,EPG(PB08)_L1,L,cb_intrinsic,7
28430,ER3m,ER3m_L,L,cb_intrinsic,519140,EPG,EPG(PB08)_L1,L,cb_intrinsic,7
26939,ER3m,ER3m_R,R,cb_intrinsic,519140,EPG,EPG(PB08)_L1,L,cb_intrinsic,7
568502,ER5,ER5_R,R,cb_intrinsic,15616,EPG,EPG(PB08)_R3,R,cb_intrinsic,7
529847,ER3m,ER3m_L,L,cb_intrinsic,15616,EPG,EPG(PB08)_R3,R,cb_intrinsic,7
514180,ER3p_b,ER3p_b_R,R,cb_intrinsic,15616,EPG,EPG(PB08)_R3,R,cb_intrinsic,7
63782,ER3d_c,ER3d_c_L,L,cb_intrinsic,15616,EPG,EPG(PB08)_R3,R,cb_intrinsic,7
54912,ER3d_b,ER3d_b_L,L,cb_intrinsic,15616,EPG,EPG(PB08)_R3,R,cb_intrinsic,7
52832,ER3m,ER3m_R,R,cb_intrinsic,15616,EPG,EPG(PB08)_R3,R,cb_intrinsic,7
45134,ER3p_b,ER3p_b_L,L,cb_intrinsic,15616,EPG,EPG(PB08)_R3,R,cb_intrinsic,7
44814,ER3m,ER3m_L,L,cb_intrinsic,15616,EPG,EPG(PB08)_R3,R,cb_intrinsic,7
42241,ER1_b,ER1_b_R,R,cb_intrinsic,15616,EPG,EPG(PB08)_R3,R,cb_intrinsic,7
39503,ER3p_a,ER3p_a_L,L,cb_intrinsic,15616,EPG,EPG(PB08)_R3,R,cb_intrinsic,7
37437,ER3d_e,ER3d_e_L,L,cb_intrinsic,15616,EPG,EPG(PB08)_R3,R,cb_intrinsic,7
20026,ER5,ER5_L,L,cb_intrinsic,15616,EPG,EPG(PB08)_R3,R,cb_intrinsic,7
19791,ER4d,ER4d_L,L,cb_intrinsic,15616,EPG,EPG(PB08)_R3,R,cb_intrinsic,7
19737,ER4d,ER4d_R,R,cb_intrinsic,15616,EPG,EPG(PB08)_R3,R,cb_intrinsic,7
12059,ER5,ER5_R,R,cb_intrinsic,15616,EPG,EPG(PB08)_R3,R,cb_intrinsic,7
53618,ER3p_b,ER3p_b_L,L,cb_intrinsic,16360,EPG,EPG(PB08)_L6,L,cb_intrinsic,7
47464,ER3d_d,ER3d_d_R,R,cb_intrinsic,16360,EPG,EPG(PB08)_L6,L,cb_intrinsic,7
46262,ER3d_b,ER3d_b_L,L,cb_intrinsic,16360,EPG,EPG(PB08)_L6,L,cb_intrinsic,7
44830,ER3d_e,ER3d_e_R,R,cb_intrinsic,16360,EPG,EPG(PB08)_L6,L,cb_intrinsic,7
42241,ER1_b,ER1_b_R,R,cb_intrinsic,16360,EPG,EPG(PB08)_L6,L,cb_intrinsic,7
37105,ER1_b,ER1_b_L,L,cb_intrinsic,16360,EPG,EPG(PB08)_L6,L,cb_intrinsic,7
36384,ER1_b,ER1_b_R,R,cb_intrinsic,16360,EPG,EPG(PB08)_L6,L,cb_intrinsic,7
34652,ER1_b,ER1_b_L,L,cb_intrinsic,16360,EPG,EPG(PB08)_L6,L,cb_intrinsic,7
31735,ER1_a,ER1_a_L,L,cb_intrinsic,16360,EPG,EPG(PB08)_L6,L,cb_intrinsic,7
31681,ER1_a,ER1_a_R,R,cb_intrinsic,16360,EPG,EPG(PB08)_L6,L,cb_intrinsic,7
28627,ER3m,ER3m_L,L,cb_intrinsic,16360,EPG,EPG(PB08)_L6,L,cb_intrinsic,7
27770,ER3w_b,ER3w_b_R,R,cb_intrinsic,16360,EPG,EPG(PB08)_L6,L,cb_intrinsic,7
25203,ER3w_c,ER3w_c_L,L,cb_intrinsic,16360,EPG,EPG(PB08)_L6,L,cb_intrinsic,7
24459,ER4d,ER4d_L,L,cb_intrinsic,16360,EPG,EPG(PB08)_L6,L,cb_intrinsic,7
23197,ER4d,ER4d_L,L,cb_intrinsic,16360,EPG,EPG(PB08)_L6,L,cb_intrinsic,7
19355,ER2_c,ER2_c_R,R,cb_intrinsic,16360,EPG,EPG(PB08)_L6,L,cb_intrinsic,7
18733,ER2_c,ER2_c_L,L,cb_intrinsic,16360,EPG,EPG(PB08)_L6,L,cb_intrinsic,7
18664,ER2_c,ER2_c_R,R,cb_intrinsic,16360,EPG,EPG(PB08)_L6,L,cb_intrinsic,7
16343,ER4d,ER4d_R,R,cb_intrinsic,16360,EPG,EPG(PB08)_L6,L,cb_intrinsic,7
13094,ER4d,ER4d_R,R,cb_intrinsic,16360,EPG,EPG(PB08)_L6,L,cb_intrinsic,7
51382,ER3d_b,ER3d_b_L,L,cb_intrinsic,515675,EPG,EPG(PB08)_R1,R,cb_intrinsic,7
46262,ER3d_b,ER3d_b_L,L,cb_intrinsic,515675,EPG,EPG(PB08)_R1,R,cb_intrinsic,7
42264,ER3d_e,ER3d_e_R,R,cb_intrinsic,515675,EPG,EPG(PB08)_R1,R,cb_intrinsic,7
40558,ER3d_b,ER3d_b_L,L,cb_intrinsic,515675,EPG,EPG(PB08)_R1,R,cb_intrinsic,7
31541,ER3d_d,ER3d_d_R,R,cb_intrinsic,515675,EPG,EPG(PB08)_R1,R,cb_intrinsic,7
30592,ER3d_b,ER3d_b_R,R,cb_intrinsic,515675,EPG,EPG(PB08)_R1,R,cb_intrinsic,7
19169,ER3m,ER3m_L,L,cb_intrinsic,515675,EPG,EPG(PB08)_R1,R,cb_intrinsic,7
17561,ER3m,ER3m_R,R,cb_intrinsic,515675,EPG,EPG(PB08)_R1,R,cb_intrinsic,7
527297,ER5,ER5_R,R,cb_intrinsic,514126,EPG,EPG(PB08)_R5,R,cb_intrinsic,7
522806,ER3d_c,ER3d_c_R,R,cb_intrinsic,514126,EPG,EPG(PB08)_R5,R,cb_intrinsic,7
517602,ER3p_a,ER3p_a_R,R,cb_intrinsic,514126,EPG,EPG(PB08)_R5,R,cb_intrinsic,7
514180,ER3p_b,ER3p_b_R,R,cb_intrinsic,514126,EPG,EPG(PB08)_R5,R,cb_intrinsic,7
67174,ER1_a,ER1_a_R,R,cb_intrinsic,514126,EPG,EPG(PB08)_R5,R,cb_intrinsic,7
59337,ER3w_b,ER3w_b_L,L,cb_intrinsic,514126,EPG,EPG(PB08)_R5,R,cb_intrinsic,7
54597,ER1_a,ER1_a_L,L,cb_intrinsic,514126,EPG,EPG(PB08)_R5,R,cb_intrinsic,7
49378,ER3d_c,ER3d_c_R,R,cb_intrinsic,514126,EPG,EPG(PB08)_R5,R,cb_intrinsic,7
44814,ER3m,ER3m_L,L,cb_intrinsic,514126,EPG,EPG(PB08)_R5,R,cb_intrinsic,7
44422,ER3m,ER3m_L,L,cb_intrinsic,514126,EPG,EPG(PB08)_R5,R,cb_intrinsic,7
43039,ER3d_d,ER3d_d_L,L,cb_intrinsic,514126,EPG,EPG(PB08)_R5,R,cb_intrinsic,7
39095,ER1_a,ER1_a_L,L,cb_intrinsic,514126,EPG,EPG(PB08)_R5,R,cb_intrinsic,7
37758,ER3d_a,ER3d_a_R,R,cb_intrinsic,514126,EPG,EPG(PB08)_R5,R,cb_intrinsic,7
37058,ER1_b,ER1_b_R,R,cb_intrinsic,514126,EPG,EPG(PB08)_R5,R,cb_intrinsic,7
31541,ER3d_d,ER3d_d_R,R,cb_intrinsic,514126,EPG,EPG(PB08)_R5,R,cb_intrinsic,7
29177,ER3d_b,ER3d_b_R,R,cb_intrinsic,514126,EPG,EPG(PB08)_R5,R,cb_intrinsic,7
26295,ER3m,ER3m_R,R,cb_intrinsic,514126,EPG,EPG(PB08)_R5,R,cb_intrinsic,7
17561,ER3m,ER3m_R,R,cb_intrinsic,514126,EPG,EPG(PB08)_R5,R,cb_intrinsic,7
13094,ER4d,ER4d_R,R,cb_intrinsic,514126,EPG,EPG(PB08)_R5,R,cb_intrinsic,7
529207,ER3p_a,ER3p_a_R,R,cb_intrinsic,513520,EPG,EPG(PB08)_R6,R,cb_intrinsic,7
521534,ER5,ER5_L,L,cb_intrinsic,513520,EPG,EPG(PB08)_R6,R,cb_intrinsic,7
512607,ER3p_a,ER3p_a_R,R,cb_intrinsic,513520,EPG,EPG(PB08)_R6,R,cb_intrinsic,7
80867,ER1_a,ER1_a_R,R,cb_intrinsic,513520,EPG,EPG(PB08)_R6,R,cb_intrinsic,7
52832,ER3m,ER3m_R,R,cb_intrinsic,513520,EPG,EPG(PB08)_R6,R,cb_intrinsic,7
46707,ER3w_a,ER3w_a_L,L,cb_intrinsic,513520,EPG,EPG(PB08)_R6,R,cb_intrinsic,7
42509,ER1_a,ER1_a_R,R,cb_intrinsic,513520,EPG,EPG(PB08)_R6,R,cb_intrinsic,7
37437,ER3d_e,ER3d_e_L,L,cb_intrinsic,513520,EPG,EPG(PB08)_R6,R,cb_intrinsic,7
33589,ER3d_b,ER3d_b_L,L,cb_intrinsic,513520,EPG,EPG(PB08)_R6,R,cb_intrinsic,7
29545,ER3w_b,ER3w_b_R,R,cb_intrinsic,513520,EPG,EPG(PB08)_R6,R,cb_intrinsic,7
28339,ER4d,ER4d_R,R,cb_intrinsic,513520,EPG,EPG(PB08)_R6,R,cb_intrinsic,7
27269,ER3d_c,ER3d_c_L,L,cb_intrinsic,513520,EPG,EPG(PB08)_R6,R,cb_intrinsic,7
26136,ER2_b,ER2_b_R,R,cb_intrinsic,513520,EPG,EPG(PB08)_R6,R,cb_intrinsic,7
20026,ER5,ER5_L,L,cb_intrinsic,513520,EPG,EPG(PB08)_R6,R,cb_intrinsic,7
17171,ER5,ER5_R,R,cb_intrinsic,513520,EPG,EPG(PB08)_R6,R,cb_intrinsic,7
63782,ER3d_c,ER3d_c_L,L,cb_intrinsic,11874,EPG,EPG(PB08)_L7,L,cb_intrinsic,7
54597,ER1_a,ER1_a_L,L,cb_intrinsic,11874,EPG,EPG(PB08)_L7,L,cb_intrinsic,7
52832,ER3m,ER3m_R,R,cb_intrinsic,11874,EPG,EPG(PB08)_L7,L,cb_intrinsic,7
44010,ER3w_b,ER3w_b_L,L,cb_intrinsic,11874,EPG,EPG(PB08)_L7,L,cb_intrinsic,7
42509,ER1_a,ER1_a_R,R,cb_intrinsic,11874,EPG,EPG(PB08)_L7,L,cb_intrinsic,7
41665,ER3a_c,ER3a_c_L,L,cb_intrinsic,11874,EPG,EPG(PB08)_L7,L,cb_intrinsic,7
37437,ER3d_e,ER3d_e_L,L,cb_intrinsic,11874,EPG,EPG(PB08)_L7,L,cb_intrinsic,7
27348,ER3m,ER3m_L,L,cb_intrinsic,11874,EPG,EPG(PB08)_L7,L,cb_intrinsic,7
27013,ER3m,ER3m_L,L,cb_intrinsic,11874,EPG,EPG(PB08)_L7,L,cb_intrinsic,7
24122,ER4d,ER4d_R,R,cb_intrinsic,11874,EPG,EPG(PB08)_L7,L,cb_intrinsic,7
19791,ER4d,ER4d_L,L,cb_intrinsic,11874,EPG,EPG(PB08)_L7,L,cb_intrinsic,7
12059,ER5,ER5_R,R,cb_intrinsic,11874,EPG,EPG(PB08)_L7,L,cb_intrinsic,7
527199,ER3d_e,ER3d_e_L,L,cb_intrinsic,512514,EPG,EPG(PB08)_L1,L,cb_intrinsic,7
71503,ER1_c,ER1_c_R,R,cb_intrinsic,512514,EPG,EPG(PB08)_L1,L,cb_intrinsic,7
53618,ER3p_b,ER3p_b_L,L,cb_intrinsic,512514,EPG,EPG(PB08)_L1,L,cb_intrinsic,7
49378,ER3d_c,ER3d_c_R,R,cb_intrinsic,512514,EPG,EPG(PB08)_L1,L,cb_intrinsic,7
44814,ER3m,ER3m_L,L,cb_intrinsic,512514,EPG,EPG(PB08)_L1,L,cb_intrinsic,7
37817,ER3d_e,ER3d_e_R,R,cb_intrinsic,512514,EPG,EPG(PB08)_L1,L,cb_intrinsic,7
32315,ER1_a,ER1_a_L,L,cb_intrinsic,512514,EPG,EPG(PB08)_L1,L,cb_intrinsic,7
30206,ER5,ER5_R,R,cb_intrinsic,512514,EPG,EPG(PB08)_L1,L,cb_intrinsic,7
26939,ER3m,ER3m_R,R,cb_intrinsic,512514,EPG,EPG(PB08)_L1,L,cb_intrinsic,7
25329,ER3d_c,ER3d_c_L,L,cb_intrinsic,512514,EPG,EPG(PB08)_L1,L,cb_intrinsic,7
24879,ER4d,ER4d_L,L,cb_intrinsic,512514,EPG,EPG(PB08)_L1,L,cb_intrinsic,7
23874,ER4d,ER4d_R,R,cb_intrinsic,512514,EPG,EPG(PB08)_L1,L,cb_intrinsic,7
527150,ER3d_a,ER3d_a_L,L,cb_intrinsic,88342,EPG,EPG(PB08)_L3,L,cb_intrinsic,7
522806,ER3d_c,ER3d_c_R,R,cb_intrinsic,88342,EPG,EPG(PB08)_L3,L,cb_intrinsic,7
54912,ER3d_b,ER3d_b_L,L,cb_intrinsic,88342,EPG,EPG(PB08)_L3,L,cb_intrinsic,7
50694,ER3w_b,ER3w_b_L,L,cb_intrinsic,88342,EPG,EPG(PB08)_L3,L,cb_intrinsic,7
46262,ER3d_b,ER3d_b_L,L,cb_intrinsic,88342,EPG,EPG(PB08)_L3,L,cb_intrinsic,7
42241,ER1_b,ER1_b_R,R,cb_intrinsic,88342,EPG,EPG(PB08)_L3,L,cb_intrinsic,7
36384,ER1_b,ER1_b_R,R,cb_intrinsic,88342,EPG,EPG(PB08)_L3,L,cb_intrinsic,7
34652,ER1_b,ER1_b_L,L,cb_intrinsic,88342,EPG,EPG(PB08)_L3,L,cb_intrinsic,7
31681,ER1_a,ER1_a_R,R,cb_intrinsic,88342,EPG,EPG(PB08)_L3,L,cb_intrinsic,7
31051,ER3m,ER3m_R,R,cb_intrinsic,88342,EPG,EPG(PB08)_L3,L,cb_intrinsic,7
27269,ER3d_c,ER3d_c_L,L,cb_intrinsic,88342,EPG,EPG(PB08)_L3,L,cb_intrinsic,7
23703,ER1_b,ER1_b_R,R,cb_intrinsic,88342,EPG,EPG(PB08)_L3,L,cb_intrinsic,7
21664,ER3d_e,ER3d_e_R,R,cb_intrinsic,88342,EPG,EPG(PB08)_L3,L,cb_intrinsic,7
20404,ER4d,ER4d_L,L,cb_intrinsic,88342,EPG,EPG(PB08)_L3,L,cb_intrinsic,7
16343,ER4d,ER4d_R,R,cb_intrinsic,88342,EPG,EPG(PB08)_L3,L,cb_intrinsic,7
529847,ER3m,ER3m_L,L,cb_intrinsic,15713,EPG,EPG(PB08)_L6,L,cb_intrinsic,7
518690,ER1_b,ER1_b_R,R,cb_intrinsic,15713,EPG,EPG(PB08)_L6,L,cb_intrinsic,7
514803,ER2_b,ER2_b_L,L,cb_intrinsic,15713,EPG,EPG(PB08)_L6,L,cb_intrinsic,7
513346,ER3w_b,ER3w_b_R,R,cb_intrinsic,15713,EPG,EPG(PB08)_L6,L,cb_intrinsic,7
512606,ER3w_c,ER3w_c_L,L,cb_intrinsic,15713,EPG,EPG(PB08)_L6,L,cb_intrinsic,7
511857,ER1_c,ER1_c_L,L,cb_intrinsic,15713,EPG,EPG(PB08)_L6,L,cb_intrinsic,7
71503,ER1_c,ER1_c_R,R,cb_intrinsic,15713,EPG,EPG(PB08)_L6,L,cb_intrinsic,7
50694,ER3w_b,ER3w_b_L,L,cb_intrinsic,15713,EPG,EPG(PB08)_L6,L,cb_intrinsic,7
44814,ER3m,ER3m_L,L,cb_intrinsic,15713,EPG,EPG(PB08)_L6,L,cb_intrinsic,7
42509,ER1_a,ER1_a_R,R,cb_intrinsic,15713,EPG,EPG(PB08)_L6,L,cb_intrinsic,7
41665,ER3a_c,ER3a_c_L,L,cb_intrinsic,15713,EPG,EPG(PB08)_L6,L,cb_intrinsic,7
39095,ER1_a,ER1_a_L,L,cb_intrinsic,15713,EPG,EPG(PB08)_L6,L,cb_intrinsic,7
38306,ER3d_a,ER3d_a_L,L,cb_intrinsic,15713,EPG,EPG(PB08)_L6,L,cb_intrinsic,7
30371,ER1_a,ER1_a_R,R,cb_intrinsic,15713,EPG,EPG(PB08)_L6,L,cb_intrinsic,7
23874,ER4d,ER4d_R,R,cb_intrinsic,15713,EPG,EPG(PB08)_L6,L,cb_intrinsic,7
22644,ER3d_a,ER3d_a_R,R,cb_intrinsic,15713,EPG,EPG(PB08)_L6,L,cb_intrinsic,7
21277,ER2_a,ER2_a_R,R,cb_intrinsic,15713,EPG,EPG(PB08)_L6,L,cb_intrinsic,7
517603,ER3d_d,ER3d_d_R,R,cb_intrinsic,520581,EPG,EPG(PB08)_R4,R,cb_intrinsic,7
53618,ER3p_b,ER3p_b_L,L,cb_intrinsic,520581,EPG,EPG(PB08)_R4,R,cb_intrinsic,7
47859,ER3d_c,ER3d_c_R,R,cb_intrinsic,520581,EPG,EPG(PB08)_R4,R,cb_intrinsic,7
46242,ER3w_a,ER3w_a_L,L,cb_intrinsic,520581,EPG,EPG(PB08)_R4,R,cb_intrinsic,7
41665,ER3a_c,ER3a_c_L,L,cb_intrinsic,520581,EPG,EPG(PB08)_R4,R,cb_intrinsic,7
38268,ER1_b,ER1_b_R,R,cb_intrinsic,520581,EPG,EPG(PB08)_R4,R,cb_intrinsic,7
37058,ER1_b,ER1_b_R,R,cb_intrinsic,520581,EPG,EPG(PB08)_R4,R,cb_intrinsic,7
31684,ER3d_a,ER3d_a_R,R,cb_intrinsic,520581,EPG,EPG(PB08)_R4,R,cb_intrinsic,7
31541,ER3d_d,ER3d_d_R,R,cb_intrinsic,520581,EPG,EPG(PB08)_R4,R,cb_intrinsic,7
29791,ER3d_b,ER3d_b_L,L,cb_intrinsic,520581,EPG,EPG(PB08)_R4,R,cb_intrinsic,7
27850,ER3w_b,ER3w_b_R,R,cb_intrinsic,520581,EPG,EPG(PB08)_R4,R,cb_intrinsic,7
27013,ER3m,ER3m_L,L,cb_intrinsic,520581,EPG,EPG(PB08)_R4,R,cb_intrinsic,7
25329,ER3d_c,ER3d_c_L,L,cb_intrinsic,520581,EPG,EPG(PB08)_R4,R,cb_intrinsic,7
24076,ER4d,ER4d_R,R,cb_intrinsic,520581,EPG,EPG(PB08)_R4,R,cb_intrinsic,7
23080,ER4d,ER4d_R,R,cb_intrinsic,520581,EPG,EPG(PB08)_R4,R,cb_intrinsic,7
21882,ER2_a,ER2_a_L,L,cb_intrinsic,520581,EPG,EPG(PB08)_R4,R,cb_intrinsic,7
18664,ER2_c,ER2_c_R,R,cb_intrinsic,520581,EPG,EPG(PB08)_R4,R,cb_intrinsic,7
522806,ER3d_c,ER3d_c_R,R,cb_intrinsic,13217,EPG,EPG(PB08)_L8,L,cb_intrinsic,7
59337,ER3w_b,ER3w_b_L,L,cb_intrinsic,13217,EPG,EPG(PB08)_L8,L,cb_intrinsic,7
59230,ER3m,ER3m_R,R,cb_intrinsic,13217,EPG,EPG(PB08)_L8,L,cb_intrinsic,7
53745,ER3p_a,ER3p_a_L,L,cb_intrinsic,13217,EPG,EPG(PB08)_L8,L,cb_intrinsic,7
46707,ER3w_a,ER3w_a_L,L,cb_intrinsic,13217,EPG,EPG(PB08)_L8,L,cb_intrinsic,7
46242,ER3w_a,ER3w_a_L,L,cb_intrinsic,13217,EPG,EPG(PB08)_L8,L,cb_intrinsic,7
44814,ER3m,ER3m_L,L,cb_intrinsic,13217,EPG,EPG(PB08)_L8,L,cb_intrinsic,7
32315,ER1_a,ER1_a_L,L,cb_intrinsic,13217,EPG,EPG(PB08)_L8,L,cb_intrinsic,7
31051,ER3m,ER3m_R,R,cb_intrinsic,13217,EPG,EPG(PB08)_L8,L,cb_intrinsic,7
28627,ER3m,ER3m_L,L,cb_intrinsic,13217,EPG,EPG(PB08)_L8,L,cb_intrinsic,7
27770,ER3w_b,ER3w_b_R,R,cb_intrinsic,13217,EPG,EPG(PB08)_L8,L,cb_intrinsic,7
27454,ER3d_c,ER3d_c_R,R,cb_intrinsic,13217,EPG,EPG(PB08)_L8,L,cb_intrinsic,7
27348,ER3m,ER3m_L,L,cb_intrinsic,13217,EPG,EPG(PB08)_L8,L,cb_intrinsic,7
27013,ER3m,ER3m_L,L,cb_intrinsic,13217,EPG,EPG(PB08)_L8,L,cb_intrinsic,7
10043,ER5,ER5_L,L,cb_intrinsic,13217,EPG,EPG(PB08)_L8,L,cb_intrinsic,7
529847,ER3m,ER3m_L,L,cb_intrinsic,92188,EPG,EPG(PB08)_R7,R,cb_intrinsic,7
53618,ER3p_b,ER3p_b_L,L,cb_intrinsic,92188,EPG,EPG(PB08)_R7,R,cb_intrinsic,7
51382,ER3d_b,ER3d_b_L,L,cb_intrinsic,92188,EPG,EPG(PB08)_R7,R,cb_intrinsic,7
50808,ER4d,ER4d_L,L,cb_intrinsic,92188,EPG,EPG(PB08)_R7,R,cb_intrinsic,7
41665,ER3a_c,ER3a_c_L,L,cb_intrinsic,92188,EPG,EPG(PB08)_R7,R,cb_intrinsic,7
40558,ER3d_b,ER3d_b_L,L,cb_intrinsic,92188,EPG,EPG(PB08)_R7,R,cb_intrinsic,7
37817,ER3d_e,ER3d_e_R,R,cb_intrinsic,92188,EPG,EPG(PB08)_R7,R,cb_intrinsic,7
31684,ER3d_a,ER3d_a_R,R,cb_intrinsic,92188,EPG,EPG(PB08)_R7,R,cb_intrinsic,7
29046,ER3d_b,ER3d_b_R,R,cb_intrinsic,92188,EPG,EPG(PB08)_R7,R,cb_intrinsic,7
28339,ER4d,ER4d_R,R,cb_intrinsic,92188,EPG,EPG(PB08)_R7,R,cb_intrinsic,7
26939,ER3m,ER3m_R,R,cb_intrinsic,92188,EPG,EPG(PB08)_R7,R,cb_intrinsic,7
24122,ER4d,ER4d_R,R,cb_intrinsic,92188,EPG,EPG(PB08)_R7,R,cb_intrinsic,7
23874,ER4d,ER4d_R,R,cb_intrinsic,92188,EPG,EPG(PB08)_R7,R,cb_intrinsic,7
23703,ER1_b,ER1_b_R,R,cb_intrinsic,92188,EPG,EPG(PB08)_R7,R,cb_intrinsic,7
22461,ER4d,ER4d_R,R,cb_intrinsic,92188,EPG,EPG(PB08)_R7,R,cb_intrinsic,7
20980,ER4d,ER4d_R,R,cb_intrinsic,92188,EPG,EPG(PB08)_R7,R,cb_intrinsic,7
20653,ER4d,ER4d_L,L,cb_intrinsic,92188,EPG,EPG(PB08)_R7,R,cb_intrinsic,7
17591,ER4d,ER4d_R,R,cb_intrinsic,92188,EPG,EPG(PB08)_R7,R,cb_intrinsic,7
10043,ER5,ER5_L,L,cb_intrinsic,92188,EPG,EPG(PB08)_R7,R,cb_intrinsic,7
568502,ER5,ER5_R,R,cb_intrinsic,521812,EPG,EPG(PB08)_R7,R,cb_intrinsic,7
529207,ER3p_a,ER3p_a_R,R,cb_intrinsic,521812,EPG,EPG(PB08)_R7,R,cb_intrinsic,7
527199,ER3d_e,ER3d_e_L,L,cb_intrinsic,521812,EPG,EPG(PB08)_R7,R,cb_intrinsic,7
526143,ER3w_b,ER3w_b_L,L,cb_intrinsic,521812,EPG,EPG(PB08)_R7,R,cb_intrinsic,7
514803,ER2_b,ER2_b_L,L,cb_intrinsic,521812,EPG,EPG(PB08)_R7,R,cb_intrinsic,7
514180,ER3p_b,ER3p_b_R,R,cb_intrinsic,521812,EPG,EPG(PB08)_R7,R,cb_intrinsic,7
45134,ER3p_b,ER3p_b_L,L,cb_intrinsic,521812,EPG,EPG(PB08)_R7,R,cb_intrinsic,7
44010,ER3w_b,ER3w_b_L,L,cb_intrinsic,521812,EPG,EPG(PB08)_R7,R,cb_intrinsic,7
43212,ER3d_a,ER3d_a_L,L,cb_intrinsic,521812,EPG,EPG(PB08)_R7,R,cb_intrinsic,7
35978,ER1_b,ER1_b_L,L,cb_intrinsic,521812,EPG,EPG(PB08)_R7,R,cb_intrinsic,7
27043,ER3w_c,ER3w_c_R,R,cb_intrinsic,521812,EPG,EPG(PB08)_R7,R,cb_intrinsic,7
26673,ER3w_b,ER3w_b_L,L,cb_intrinsic,521812,EPG,EPG(PB08)_R7,R,cb_intrinsic,7
25447,ER3w_c,ER3w_c_R,R,cb_intrinsic,521812,EPG,EPG(PB08)_R7,R,cb_intrinsic,7
24076,ER4d,ER4d_R,R,cb_intrinsic,521812,EPG,EPG(PB08)_R7,R,cb_intrinsic,7
22644,ER3d_a,ER3d_a_R,R,cb_intrinsic,521812,EPG,EPG(PB08)_R7,R,cb_intrinsic,7
22461,ER4d,ER4d_R,R,cb_intrinsic,521812,EPG,EPG(PB08)_R7,R,cb_intrinsic,7
20514,ER3d_d,ER3d_d_L,L,cb_intrinsic,521812,EPG,EPG(PB08)_R7,R,cb_intrinsic,7
526552,ER3w_b,ER3w_b_R,R,cb_intrinsic,521813,EPG,EPG(PB08)_L2,L,cb_intrinsic,7
524068,ER3d_b,ER3d_b_L,L,cb_intrinsic,521813,EPG,EPG(PB08)_L2,L,cb_intrinsic,7
515761,ER3p_a,ER3p_a_R,R,cb_intrinsic,521813,EPG,EPG(PB08)_L2,L,cb_intrinsic,7
512608,ER3d_b,ER3d_b_R,R,cb_intrinsic,521813,EPG,EPG(PB08)_L2,L,cb_intrinsic,7
47186,ER3m,ER3m_R,R,cb_intrinsic,521813,EPG,EPG(PB08)_L2,L,cb_intrinsic,7
46262,ER3d_b,ER3d_b_L,L,cb_intrinsic,521813,EPG,EPG(PB08)_L2,L,cb_intrinsic,7
43039,ER3d_d,ER3d_d_L,L,cb_intrinsic,521813,EPG,EPG(PB08)_L2,L,cb_intrinsic,7
42509,ER1_a,ER1_a_R,R,cb_intrinsic,521813,EPG,EPG(PB08)_L2,L,cb_intrinsic,7
37758,ER3d_a,ER3d_a_R,R,cb_intrinsic,521813,EPG,EPG(PB08)_L2,L,cb_intrinsic,7
33589,ER3d_b,ER3d_b_L,L,cb_intrinsic,521813,EPG,EPG(PB08)_L2,L,cb_intrinsic,7
28339,ER4d,ER4d_R,R,cb_intrinsic,521813,EPG,EPG(PB08)_L2,L,cb_intrinsic,7
27269,ER3d_c,ER3d_c_L,L,cb_intrinsic,521813,EPG,EPG(PB08)_L2,L,cb_intrinsic,7
26843,ER3w_b,ER3w_b_R,R,cb_intrinsic,521813,EPG,EPG(PB08)_L2,L,cb_intrinsic,7
21645,ER2_a,ER2_a_L,L,cb_intrinsic,521813,EPG,EPG(PB08)_L2,L,cb_intrinsic,7
17561,ER3m,ER3m_R,R,cb_intrinsic,521813,EPG,EPG(PB08)_L2,L,cb_intrinsic,7
527199,ER3d_e,ER3d_e_L,L,cb_intrinsic,512513,EPG,EPG(PB08)_R1,R,cb_intrinsic,7
522806,ER3d_c,ER3d_c_R,R,cb_intrinsic,512513,EPG,EPG(PB08)_R1,R,cb_intrinsic,7
43039,ER3d_d,ER3d_d_L,L,cb_intrinsic,512513,EPG,EPG(PB08)_R1,R,cb_intrinsic,7
38306,ER3d_a,ER3d_a_L,L,cb_intrinsic,512513,EPG,EPG(PB08)_R1,R,cb_intrinsic,7
36235,ER1_c,ER1_c_L,L,cb_intrinsic,512513,EPG,EPG(PB08)_R1,R,cb_intrinsic,7
31681,ER1_a,ER1_a_R,R,cb_intrinsic,512513,EPG,EPG(PB08)_R1,R,cb_intrinsic,7
29711,ER3a_b,ER3a_b_L,L,cb_intrinsic,512513,EPG,EPG(PB08)_R1,R,cb_intrinsic,7
27903,ER3d_d,ER3d_d_L,L,cb_intrinsic,512513,EPG,EPG(PB08)_R1,R,cb_intrinsic,7
533062,ER3a_a,ER3a_a_L,L,cb_intrinsic,519941,EPG,EPG(PB08)_L3,L,cb_intrinsic,6
530339,ER3d_d,ER3d_d_L,L,cb_intrinsic,519941,EPG,EPG(PB08)_L3,L,cb_intrinsic,6
529847,ER3m,ER3m_L,L,cb_intrinsic,519941,EPG,EPG(PB08)_L3,L,cb_intrinsic,6
529330,ER3d_b,ER3d_b_L,L,cb_intrinsic,519941,EPG,EPG(PB08)_L3,L,cb_intrinsic,6
512608,ER3d_b,ER3d_b_R,R,cb_intrinsic,519941,EPG,EPG(PB08)_L3,L,cb_intrinsic,6
80867,ER1_a,ER1_a_R,R,cb_intrinsic,519941,EPG,EPG(PB08)_L3,L,cb_intrinsic,6
53618,ER3p_b,ER3p_b_L,L,cb_intrinsic,519941,EPG,EPG(PB08)_L3,L,cb_intrinsic,6
49378,ER3d_c,ER3d_c_R,R,cb_intrinsic,519941,EPG,EPG(PB08)_L3,L,cb_intrinsic,6
48956,ER3d_b,ER3d_b_R,R,cb_intrinsic,519941,EPG,EPG(PB08)_L3,L,cb_intrinsic,6
45134,ER3p_b,ER3p_b_L,L,cb_intrinsic,519941,EPG,EPG(PB08)_L3,L,cb_intrinsic,6
44830,ER3d_e,ER3d_e_R,R,cb_intrinsic,519941,EPG,EPG(PB08)_L3,L,cb_intrinsic,6
42264,ER3d_e,ER3d_e_R,R,cb_intrinsic,519941,EPG,EPG(PB08)_L3,L,cb_intrinsic,6
37758,ER3d_a,ER3d_a_R,R,cb_intrinsic,519941,EPG,EPG(PB08)_L3,L,cb_intrinsic,6
37437,ER3d_e,ER3d_e_L,L,cb_intrinsic,519941,EPG,EPG(PB08)_L3,L,cb_intrinsic,6
31541,ER3d_d,ER3d_d_R,R,cb_intrinsic,519941,EPG,EPG(PB08)_L3,L,cb_intrinsic,6
27269,ER3d_c,ER3d_c_L,L,cb_intrinsic,519941,EPG,EPG(PB08)_L3,L,cb_intrinsic,6
26295,ER3m,ER3m_R,R,cb_intrinsic,519941,EPG,EPG(PB08)_L3,L,cb_intrinsic,6
22461,ER4d,ER4d_R,R,cb_intrinsic,519941,EPG,EPG(PB08)_L3,L,cb_intrinsic,6
22001,ER5,ER5_L,L,cb_intrinsic,519941,EPG,EPG(PB08)_L3,L,cb_intrinsic,6
19169,ER3m,ER3m_L,L,cb_intrinsic,519941,EPG,EPG(PB08)_L3,L,cb_intrinsic,6
18633,ER5,ER5_L,L,cb_intrinsic,519941,EPG,EPG(PB08)_L3,L,cb_intrinsic,6
568502,ER5,ER5_R,R,cb_intrinsic,11989,EPG,EPG(PB08)_L5,L,cb_intrinsic,6
527297,ER5,ER5_R,R,cb_intrinsic,11989,EPG,EPG(PB08)_L5,L,cb_intrinsic,6
527199,ER3d_e,ER3d_e_L,L,cb_intrinsic,11989,EPG,EPG(PB08)_L5,L,cb_intrinsic,6
512608,ER3d_b,ER3d_b_R,R,cb_intrinsic,11989,EPG,EPG(PB08)_L5,L,cb_intrinsic,6
69319,ER1_a,ER1_a_R,R,cb_intrinsic,11989,EPG,EPG(PB08)_L5,L,cb_intrinsic,6
53745,ER3p_a,ER3p_a_L,L,cb_intrinsic,11989,EPG,EPG(PB08)_L5,L,cb_intrinsic,6
49378,ER3d_c,ER3d_c_R,R,cb_intrinsic,11989,EPG,EPG(PB08)_L5,L,cb_intrinsic,6
47464,ER3d_d,ER3d_d_R,R,cb_intrinsic,11989,EPG,EPG(PB08)_L5,L,cb_intrinsic,6
47036,ER3d_a,ER3d_a_R,R,cb_intrinsic,11989,EPG,EPG(PB08)_L5,L,cb_intrinsic,6
44830,ER3d_e,ER3d_e_R,R,cb_intrinsic,11989,EPG,EPG(PB08)_L5,L,cb_intrinsic,6
44127,ER3d_d,ER3d_d_R,R,cb_intrinsic,11989,EPG,EPG(PB08)_L5,L,cb_intrinsic,6
42241,ER1_b,ER1_b_R,R,cb_intrinsic,11989,EPG,EPG(PB08)_L5,L,cb_intrinsic,6
35641,ER3d_c,ER3d_c_L,L,cb_intrinsic,11989,EPG,EPG(PB08)_L5,L,cb_intrinsic,6
34038,ER3d_b,ER3d_b_L,L,cb_intrinsic,11989,EPG,EPG(PB08)_L5,L,cb_intrinsic,6
31684,ER3d_a,ER3d_a_R,R,cb_intrinsic,11989,EPG,EPG(PB08)_L5,L,cb_intrinsic,6
30371,ER1_a,ER1_a_R,R,cb_intrinsic,11989,EPG,EPG(PB08)_L5,L,cb_intrinsic,6
30178,ER3d_b,ER3d_b_R,R,cb_intrinsic,11989,EPG,EPG(PB08)_L5,L,cb_intrinsic,6
29177,ER3d_b,ER3d_b_R,R,cb_intrinsic,11989,EPG,EPG(PB08)_L5,L,cb_intrinsic,6
28339,ER4d,ER4d_R,R,cb_intrinsic,11989,EPG,EPG(PB08)_L5,L,cb_intrinsic,6
25329,ER3d_c,ER3d_c_L,L,cb_intrinsic,11989,EPG,EPG(PB08)_L5,L,cb_intrinsic,6
25297,ER3w_a,ER3w_a_R,R,cb_intrinsic,11989,EPG,EPG(PB08)_L5,L,cb_intrinsic,6
21882,ER2_a,ER2_a_L,L,cb_intrinsic,11989,EPG,EPG(PB08)_L5,L,cb_intrinsic,6
17078,ER5,ER5_R,R,cb_intrinsic,11989,EPG,EPG(PB08)_L5,L,cb_intrinsic,6
14284,ER5,ER5_R,R,cb_intrinsic,11989,EPG,EPG(PB08)_L5,L,cb_intrinsic,6
527653,ER4d,ER4d_L,L,cb_intrinsic,107195,EPG,EPG(PB08)_L5,L,cb_intrinsic,6
527297,ER5,ER5_R,R,cb_intrinsic,107195,EPG,EPG(PB08)_L5,L,cb_intrinsic,6
516944,ER5,ER5_L,L,cb_intrinsic,107195,EPG,EPG(PB08)_L5,L,cb_intrinsic,6
514803,ER2_b,ER2_b_L,L,cb_intrinsic,107195,EPG,EPG(PB08)_L5,L,cb_intrinsic,6
45134,ER3p_b,ER3p_b_L,L,cb_intrinsic,107195,EPG,EPG(PB08)_L5,L,cb_intrinsic,6
44814,ER3m,ER3m_L,L,cb_intrinsic,107195,EPG,EPG(PB08)_L5,L,cb_intrinsic,6
39095,ER1_a,ER1_a_L,L,cb_intrinsic,107195,EPG,EPG(PB08)_L5,L,cb_intrinsic,6
38306,ER3d_a,ER3d_a_L,L,cb_intrinsic,107195,EPG,EPG(PB08)_L5,L,cb_intrinsic,6
37817,ER3d_e,ER3d_e_R,R,cb_intrinsic,107195,EPG,EPG(PB08)_L5,L,cb_intrinsic,6
37058,ER1_b,ER1_b_R,R,cb_intrinsic,107195,EPG,EPG(PB08)_L5,L,cb_intrinsic,6
34607,ER4d,ER4d_L,L,cb_intrinsic,107195,EPG,EPG(PB08)_L5,L,cb_intrinsic,6
31121,ER3a_c,ER3a_c_L,L,cb_intrinsic,107195,EPG,EPG(PB08)_L5,L,cb_intrinsic,6
30371,ER1_a,ER1_a_R,R,cb_intrinsic,107195,EPG,EPG(PB08)_L5,L,cb_intrinsic,6
29842,ER3m,ER3m_R,R,cb_intrinsic,107195,EPG,EPG(PB08)_L5,L,cb_intrinsic,6
27348,ER3m,ER3m_L,L,cb_intrinsic,107195,EPG,EPG(PB08)_L5,L,cb_intrinsic,6
24879,ER4d,ER4d_L,L,cb_intrinsic,107195,EPG,EPG(PB08)_L5,L,cb_intrinsic,6
24076,ER4d,ER4d_R,R,cb_intrinsic,107195,EPG,EPG(PB08)_L5,L,cb_intrinsic,6
20653,ER4d,ER4d_L,L,cb_intrinsic,107195,EPG,EPG(PB08)_L5,L,cb_intrinsic,6
19323,ER4d,ER4d_R,R,cb_intrinsic,107195,EPG,EPG(PB08)_L5,L,cb_intrinsic,6
18058,ER2_b,ER2_b_L,L,cb_intrinsic,107195,EPG,EPG(PB08)_L5,L,cb_intrinsic,6
17591,ER4d,ER4d_R,R,cb_intrinsic,107195,EPG,EPG(PB08)_L5,L,cb_intrinsic,6
522806,ER3d_c,ER3d_c_R,R,cb_intrinsic,519328,EPG,EPG(PB08)_L3,L,cb_intrinsic,6
80867,ER1_a,ER1_a_R,R,cb_intrinsic,519328,EPG,EPG(PB08)_L3,L,cb_intrinsic,6
52832,ER3m,ER3m_R,R,cb_intrinsic,519328,EPG,EPG(PB08)_L3,L,cb_intrinsic,6
48956,ER3d_b,ER3d_b_R,R,cb_intrinsic,519328,EPG,EPG(PB08)_L3,L,cb_intrinsic,6
47859,ER3d_c,ER3d_c_R,R,cb_intrinsic,519328,EPG,EPG(PB08)_L3,L,cb_intrinsic,6
45134,ER3p_b,ER3p_b_L,L,cb_intrinsic,519328,EPG,EPG(PB08)_L3,L,cb_intrinsic,6
42264,ER3d_e,ER3d_e_R,R,cb_intrinsic,519328,EPG,EPG(PB08)_L3,L,cb_intrinsic,6
26295,ER3m,ER3m_R,R,cb_intrinsic,519328,EPG,EPG(PB08)_L3,L,cb_intrinsic,6
24122,ER4d,ER4d_R,R,cb_intrinsic,519328,EPG,EPG(PB08)_L3,L,cb_intrinsic,6
22644,ER3d_a,ER3d_a_R,R,cb_intrinsic,519328,EPG,EPG(PB08)_L3,L,cb_intrinsic,6
20980,ER4d,ER4d_R,R,cb_intrinsic,519328,EPG,EPG(PB08)_L3,L,cb_intrinsic,6
17591,ER4d,ER4d_R,R,cb_intrinsic,519328,EPG,EPG(PB08)_L3,L,cb_intrinsic,6
527199,ER3d_e,ER3d_e_L,L,cb_intrinsic,512928,EPG,EPG(PB08)_R3,R,cb_intrinsic,6
522806,ER3d_c,ER3d_c_R,R,cb_intrinsic,512928,EPG,EPG(PB08)_R3,R,cb_intrinsic,6
522759,ER3d_d,ER3d_d_L,L,cb_intrinsic,512928,EPG,EPG(PB08)_R3,R,cb_intrinsic,6
521528,ER5,ER5_L,L,cb_intrinsic,512928,EPG,EPG(PB08)_R3,R,cb_intrinsic,6
51382,ER3d_b,ER3d_b_L,L,cb_intrinsic,512928,EPG,EPG(PB08)_R3,R,cb_intrinsic,6
49378,ER3d_c,ER3d_c_R,R,cb_intrinsic,512928,EPG,EPG(PB08)_R3,R,cb_intrinsic,6
44127,ER3d_d,ER3d_d_R,R,cb_intrinsic,512928,EPG,EPG(PB08)_R3,R,cb_intrinsic,6
38306,ER3d_a,ER3d_a_L,L,cb_intrinsic,512928,EPG,EPG(PB08)_R3,R,cb_intrinsic,6
37105,ER1_b,ER1_b_L,L,cb_intrinsic,512928,EPG,EPG(PB08)_R3,R,cb_intrinsic,6
31263,ER3d_b,ER3d_b_R,R,cb_intrinsic,512928,EPG,EPG(PB08)_R3,R,cb_intrinsic,6
28430,ER3m,ER3m_L,L,cb_intrinsic,512928,EPG,EPG(PB08)_R3,R,cb_intrinsic,6
27454,ER3d_c,ER3d_c_R,R,cb_intrinsic,512928,EPG,EPG(PB08)_R3,R,cb_intrinsic,6
19169,ER3m,ER3m_L,L,cb_intrinsic,512928,EPG,EPG(PB08)_R3,R,cb_intrinsic,6
11605,ER5,ER5_R,R,cb_intrinsic,512928,EPG,EPG(PB08)_R3,R,cb_intrinsic,6
518690,ER1_b,ER1_b_R,R,cb_intrinsic,14507,EPG,EPG(PB08)_R7,R,cb_intrinsic,6
80867,ER1_a,ER1_a_R,R,cb_intrinsic,14507,EPG,EPG(PB08)_R7,R,cb_intrinsic,6
72491,ER1_c,ER1_c_R,R,cb_intrinsic,14507,EPG,EPG(PB08)_R7,R,cb_intrinsic,6
59337,ER3w_b,ER3w_b_L,L,cb_intrinsic,14507,EPG,EPG(PB08)_R7,R,cb_intrinsic,6
52832,ER3m,ER3m_R,R,cb_intrinsic,14507,EPG,EPG(PB08)_R7,R,cb_intrinsic,6
37437,ER3d_e,ER3d_e_L,L,cb_intrinsic,14507,EPG,EPG(PB08)_R7,R,cb_intrinsic,6
37058,ER1_b,ER1_b_R,R,cb_intrinsic,14507,EPG,EPG(PB08)_R7,R,cb_intrinsic,6
31541,ER3d_d,ER3d_d_R,R,cb_intrinsic,14507,EPG,EPG(PB08)_R7,R,cb_intrinsic,6
28339,ER4d,ER4d_R,R,cb_intrinsic,14507,EPG,EPG(PB08)_R7,R,cb_intrinsic,6
27903,ER3d_d,ER3d_d_L,L,cb_intrinsic,14507,EPG,EPG(PB08)_R7,R,cb_intrinsic,6
26798,ER1_a,ER1_a_L,L,cb_intrinsic,14507,EPG,EPG(PB08)_R7,R,cb_intrinsic,6
25297,ER3w_a,ER3w_a_R,R,cb_intrinsic,14507,EPG,EPG(PB08)_R7,R,cb_intrinsic,6
24879,ER4d,ER4d_L,L,cb_intrinsic,14507,EPG,EPG(PB08)_R7,R,cb_intrinsic,6
24093,ER3w_a,ER3w_a_R,R,cb_intrinsic,14507,EPG,EPG(PB08)_R7,R,cb_intrinsic,6
21664,ER3d_e,ER3d_e_R,R,cb_intrinsic,14507,EPG,EPG(PB08)_R7,R,cb_intrinsic,6
21645,ER2_a,ER2_a_L,L,cb_intrinsic,14507,EPG,EPG(PB08)_R7,R,cb_intrinsic,6
18058,ER2_b,ER2_b_L,L,cb_intrinsic,14507,EPG,EPG(PB08)_R7,R,cb_intrinsic,6
15444,ER2_d,ER2_d_L,L,cb_intrinsic,14507,EPG,EPG(PB08)_R7,R,cb_intrinsic,6
544496,ER3a_c,ER3a_c_R,R,cb_intrinsic,524073,EPG,EPG(PB08)_L2,L,cb_intrinsic,6
522759,ER3d_d,ER3d_d_L,L,cb_intrinsic,524073,EPG,EPG(PB08)_L2,L,cb_intrinsic,6
512607,ER3p_a,ER3p_a_R,R,cb_intrinsic,524073,EPG,EPG(PB08)_L2,L,cb_intrinsic,6
71503,ER1_c,ER1_c_R,R,cb_intrinsic,524073,EPG,EPG(PB08)_L2,L,cb_intrinsic,6
67174,ER1_a,ER1_a_R,R,cb_intrinsic,524073,EPG,EPG(PB08)_L2,L,cb_intrinsic,6
54597,ER1_a,ER1_a_L,L,cb_intrinsic,524073,EPG,EPG(PB08)_L2,L,cb_intrinsic,6
49378,ER3d_c,ER3d_c_R,R,cb_intrinsic,524073,EPG,EPG(PB08)_L2,L,cb_intrinsic,6
47859,ER3d_c,ER3d_c_R,R,cb_intrinsic,524073,EPG,EPG(PB08)_L2,L,cb_intrinsic,6
45839,ER3d_b,ER3d_b_L,L,cb_intrinsic,524073,EPG,EPG(PB08)_L2,L,cb_intrinsic,6
40213,ER1_b,ER1_b_L,L,cb_intrinsic,524073,EPG,EPG(PB08)_L2,L,cb_intrinsic,6
35978,ER1_b,ER1_b_L,L,cb_intrinsic,524073,EPG,EPG(PB08)_L2,L,cb_intrinsic,6
35641,ER3d_c,ER3d_c_L,L,cb_intrinsic,524073,EPG,EPG(PB08)_L2,L,cb_intrinsic,6
31684,ER3d_a,ER3d_a_R,R,cb_intrinsic,524073,EPG,EPG(PB08)_L2,L,cb_intrinsic,6
31051,ER3m,ER3m_R,R,cb_intrinsic,524073,EPG,EPG(PB08)_L2,L,cb_intrinsic,6
30522,ER3d_b,ER3d_b_R,R,cb_intrinsic,524073,EPG,EPG(PB08)_L2,L,cb_intrinsic,6
30371,ER1_a,ER1_a_R,R,cb_intrinsic,524073,EPG,EPG(PB08)_L2,L,cb_intrinsic,6
23703,ER1_b,ER1_b_R,R,cb_intrinsic,524073,EPG,EPG(PB08)_L2,L,cb_intrinsic,6
22644,ER3d_a,ER3d_a_R,R,cb_intrinsic,524073,EPG,EPG(PB08)_L2,L,cb_intrinsic,6
22461,ER4d,ER4d_R,R,cb_intrinsic,524073,EPG,EPG(PB08)_L2,L,cb_intrinsic,6
20980,ER4d,ER4d_R,R,cb_intrinsic,524073,EPG,EPG(PB08)_L2,L,cb_intrinsic,6
19410,ER4d,ER4d_L,L,cb_intrinsic,524073,EPG,EPG(PB08)_L2,L,cb_intrinsic,6
13999,ER3w_c,ER3w_c_R,R,cb_intrinsic,524073,EPG,EPG(PB08)_L2,L,cb_intrinsic,6
527199,ER3d_e,ER3d_e_L,L,cb_intrinsic,519144,EPG,EPG(PB08)_L8,L,cb_intrinsic,6
512608,ER3d_b,ER3d_b_R,R,cb_intrinsic,519144,EPG,EPG(PB08)_L8,L,cb_intrinsic,6
49378,ER3d_c,ER3d_c_R,R,cb_intrinsic,519144,EPG,EPG(PB08)_L8,L,cb_intrinsic,6
44830,ER3d_e,ER3d_e_R,R,cb_intrinsic,519144,EPG,EPG(PB08)_L8,L,cb_intrinsic,6
38306,ER3d_a,ER3d_a_L,L,cb_intrinsic,519144,EPG,EPG(PB08)_L8,L,cb_intrinsic,6
31684,ER3d_a,ER3d_a_R,R,cb_intrinsic,519144,EPG,EPG(PB08)_L8,L,cb_intrinsic,6
521528,ER5,ER5_L,L,cb_intrinsic,512305,EPG,EPG(PB08)_R8,R,cb_intrinsic,6
511857,ER1_c,ER1_c_L,L,cb_intrinsic,512305,EPG,EPG(PB08)_R8,R,cb_intrinsic,6
47186,ER3m,ER3m_R,R,cb_intrinsic,512305,EPG,EPG(PB08)_R8,R,cb_intrinsic,6
46262,ER3d_b,ER3d_b_L,L,cb_intrinsic,512305,EPG,EPG(PB08)_R8,R,cb_intrinsic,6
44909,ER5,ER5_L,L,cb_intrinsic,512305,EPG,EPG(PB08)_R8,R,cb_intrinsic,6
43212,ER3d_a,ER3d_a_L,L,cb_intrinsic,512305,EPG,EPG(PB08)_R8,R,cb_intrinsic,6
40558,ER3d_b,ER3d_b_L,L,cb_intrinsic,512305,EPG,EPG(PB08)_R8,R,cb_intrinsic,6
40213,ER1_b,ER1_b_L,L,cb_intrinsic,512305,EPG,EPG(PB08)_R8,R,cb_intrinsic,6
39095,ER1_a,ER1_a_L,L,cb_intrinsic,512305,EPG,EPG(PB08)_R8,R,cb_intrinsic,6
37437,ER3d_e,ER3d_e_L,L,cb_intrinsic,512305,EPG,EPG(PB08)_R8,R,cb_intrinsic,6
36730,ER1_b,ER1_b_L,L,cb_intrinsic,512305,EPG,EPG(PB08)_R8,R,cb_intrinsic,6
30371,ER1_a,ER1_a_R,R,cb_intrinsic,512305,EPG,EPG(PB08)_R8,R,cb_intrinsic,6
30178,ER3d_b,ER3d_b_R,R,cb_intrinsic,512305,EPG,EPG(PB08)_R8,R,cb_intrinsic,6
19169,ER3m,ER3m_L,L,cb_intrinsic,512305,EPG,EPG(PB08)_R8,R,cb_intrinsic,6
18633,ER5,ER5_L,L,cb_intrinsic,512305,EPG,EPG(PB08)_R8,R,cb_intrinsic,6
18377,ER3w_b,ER3w_b_L,L,cb_intrinsic,512305,EPG,EPG(PB08)_R8,R,cb_intrinsic,6
529207,ER3p_a,ER3p_a_R,R,cb_intrinsic,513464,EPG,EPG(PB08)_R8,R,cb_intrinsic,6
522806,ER3d_c,ER3d_c_R,R,cb_intrinsic,513464,EPG,EPG(PB08)_R8,R,cb_intrinsic,6
513379,ER5,ER5_R,R,cb_intrinsic,513464,EPG,EPG(PB08)_R8,R,cb_intrinsic,6
72491,ER1_c,ER1_c_R,R,cb_intrinsic,513464,EPG,EPG(PB08)_R8,R,cb_intrinsic,6
71503,ER1_c,ER1_c_R,R,cb_intrinsic,513464,EPG,EPG(PB08)_R8,R,cb_intrinsic,6
52832,ER3m,ER3m_R,R,cb_intrinsic,513464,EPG,EPG(PB08)_R8,R,cb_intrinsic,6
49378,ER3d_c,ER3d_c_R,R,cb_intrinsic,513464,EPG,EPG(PB08)_R8,R,cb_intrinsic,6
43212,ER3d_a,ER3d_a_L,L,cb_intrinsic,513464,EPG,EPG(PB08)_R8,R,cb_intrinsic,6
43039,ER3d_d,ER3d_d_L,L,cb_intrinsic,513464,EPG,EPG(PB08)_R8,R,cb_intrinsic,6
42264,ER3d_e,ER3d_e_R,R,cb_intrinsic,513464,EPG,EPG(PB08)_R8,R,cb_intrinsic,6
40213,ER1_b,ER1_b_L,L,cb_intrinsic,513464,EPG,EPG(PB08)_R8,R,cb_intrinsic,6
39798,ER5,ER5_L,L,cb_intrinsic,513464,EPG,EPG(PB08)_R8,R,cb_intrinsic,6
30522,ER3d_b,ER3d_b_R,R,cb_intrinsic,513464,EPG,EPG(PB08)_R8,R,cb_intrinsic,6
27013,ER3m,ER3m_L,L,cb_intrinsic,513464,EPG,EPG(PB08)_R8,R,cb_intrinsic,6
26798,ER1_a,ER1_a_L,L,cb_intrinsic,513464,EPG,EPG(PB08)_R8,R,cb_intrinsic,6
25359,ER3p_a,ER3p_a_R,R,cb_intrinsic,513464,EPG,EPG(PB08)_R8,R,cb_intrinsic,6
24122,ER4d,ER4d_R,R,cb_intrinsic,513464,EPG,EPG(PB08)_R8,R,cb_intrinsic,6
18058,ER2_b,ER2_b_L,L,cb_intrinsic,513464,EPG,EPG(PB08)_R8,R,cb_intrinsic,6
52832,ER3m,ER3m_R,R,cb_intrinsic,19825,EPG,EPG(PB08)_R6,R,cb_intrinsic,6
51382,ER3d_b,ER3d_b_L,L,cb_intrinsic,19825,EPG,EPG(PB08)_R6,R,cb_intrinsic,6
48318,ER3d_c,ER3d_c_L,L,cb_intrinsic,19825,EPG,EPG(PB08)_R6,R,cb_intrinsic,6
45839,ER3d_b,ER3d_b_L,L,cb_intrinsic,19825,EPG,EPG(PB08)_R6,R,cb_intrinsic,6
45134,ER3p_b,ER3p_b_L,L,cb_intrinsic,19825,EPG,EPG(PB08)_R6,R,cb_intrinsic,6
37817,ER3d_e,ER3d_e_R,R,cb_intrinsic,19825,EPG,EPG(PB08)_R6,R,cb_intrinsic,6
34607,ER4d,ER4d_L,L,cb_intrinsic,19825,EPG,EPG(PB08)_R6,R,cb_intrinsic,6
33589,ER3d_b,ER3d_b_L,L,cb_intrinsic,19825,EPG,EPG(PB08)_R6,R,cb_intrinsic,6
30178,ER3d_b,ER3d_b_R,R,cb_intrinsic,19825,EPG,EPG(PB08)_R6,R,cb_intrinsic,6
26798,ER1_a,ER1_a_L,L,cb_intrinsic,19825,EPG,EPG(PB08)_R6,R,cb_intrinsic,6
22644,ER3d_a,ER3d_a_R,R,cb_intrinsic,19825,EPG,EPG(PB08)_R6,R,cb_intrinsic,6
21449,ER2_c,ER2_c_R,R,cb_intrinsic,19825,EPG,EPG(PB08)_R6,R,cb_intrinsic,6
19410,ER4d,ER4d_L,L,cb_intrinsic,19825,EPG,EPG(PB08)_R6,R,cb_intrinsic,6
17591,ER4d,ER4d_R,R,cb_intrinsic,19825,EPG,EPG(PB08)_R6,R,cb_intrinsic,6
522806,ER3d_c,ER3d_c_R,R,cb_intrinsic,11307,EPG,EPG(PB08)_L4,L,cb_intrinsic,6
80867,ER1_a,ER1_a_R,R,cb_intrinsic,11307,EPG,EPG(PB08)_L4,L,cb_intrinsic,6
71503,ER1_c,ER1_c_R,R,cb_intrinsic,11307,EPG,EPG(PB08)_L4,L,cb_intrinsic,6
47464,ER3d_d,ER3d_d_R,R,cb_intrinsic,11307,EPG,EPG(PB08)_L4,L,cb_intrinsic,6
44814,ER3m,ER3m_L,L,cb_intrinsic,11307,EPG,EPG(PB08)_L4,L,cb_intrinsic,6
43039,ER3d_d,ER3d_d_L,L,cb_intrinsic,11307,EPG,EPG(PB08)_L4,L,cb_intrinsic,6
42241,ER1_b,ER1_b_R,R,cb_intrinsic,11307,EPG,EPG(PB08)_L4,L,cb_intrinsic,6
40558,ER3d_b,ER3d_b_L,L,cb_intrinsic,11307,EPG,EPG(PB08)_L4,L,cb_intrinsic,6
38306,ER3d_a,ER3d_a_L,L,cb_intrinsic,11307,EPG,EPG(PB08)_L4,L,cb_intrinsic,6
38268,ER1_b,ER1_b_R,R,cb_intrinsic,11307,EPG,EPG(PB08)_L4,L,cb_intrinsic,6
36384,ER1_b,ER1_b_R,R,cb_intrinsic,11307,EPG,EPG(PB08)_L4,L,cb_intrinsic,6
33589,ER3d_b,ER3d_b_L,L,cb_intrinsic,11307,EPG,EPG(PB08)_L4,L,cb_intrinsic,6
31684,ER3d_a,ER3d_a_R,R,cb_intrinsic,11307,EPG,EPG(PB08)_L4,L,cb_intrinsic,6
31051,ER3m,ER3m_R,R,cb_intrinsic,11307,EPG,EPG(PB08)_L4,L,cb_intrinsic,6
28627,ER3m,ER3m_L,L,cb_intrinsic,11307,EPG,EPG(PB08)_L4,L,cb_intrinsic,6
27903,ER3d_d,ER3d_d_L,L,cb_intrinsic,11307,EPG,EPG(PB08)_L4,L,cb_intrinsic,6
27806,ER3p_a,ER3p_a_R,R,cb_intrinsic,11307,EPG,EPG(PB08)_L4,L,cb_intrinsic,6
27013,ER3m,ER3m_L,L,cb_intrinsic,11307,EPG,EPG(PB08)_L4,L,cb_intrinsic,6
26295,ER3m,ER3m_R,R,cb_intrinsic,11307,EPG,EPG(PB08)_L4,L,cb_intrinsic,6
23315,ER4d,ER4d_L,L,cb_intrinsic,11307,EPG,EPG(PB08)_L4,L,cb_intrinsic,6
23197,ER4d,ER4d_L,L,cb_intrinsic,11307,EPG,EPG(PB08)_L4,L,cb_intrinsic,6
22644,ER3d_a,ER3d_a_R,R,cb_intrinsic,11307,EPG,EPG(PB08)_L4,L,cb_intrinsic,6
17561,ER3m,ER3m_R,R,cb_intrinsic,11307,EPG,EPG(PB08)_L4,L,cb_intrinsic,6
16343,ER4d,ER4d_R,R,cb_intrinsic,11307,EPG,EPG(PB08)_L4,L,cb_intrinsic,6
13094,ER4d,ER4d_R,R,cb_intrinsic,11307,EPG,EPG(PB08)_L4,L,cb_intrinsic,6
511857,ER1_c,ER1_c_L,L,cb_intrinsic,11503,EPG,EPG(PB08)_R8,R,cb_intrinsic,6
67174,ER1_a,ER1_a_R,R,cb_intrinsic,11503,EPG,EPG(PB08)_R8,R,cb_intrinsic,6
42509,ER1_a,ER1_a_R,R,cb_intrinsic,11503,EPG,EPG(PB08)_R8,R,cb_intrinsic,6
42264,ER3d_e,ER3d_e_R,R,cb_intrinsic,11503,EPG,EPG(PB08)_R8,R,cb_intrinsic,6
38084,ER3m,ER3m_L,L,cb_intrinsic,11503,EPG,EPG(PB08)_R8,R,cb_intrinsic,6
36730,ER1_b,ER1_b_L,L,cb_intrinsic,11503,EPG,EPG(PB08)_R8,R,cb_intrinsic,6
32315,ER1_a,ER1_a_L,L,cb_intrinsic,11503,EPG,EPG(PB08)_R8,R,cb_intrinsic,6
30178,ER3d_b,ER3d_b_R,R,cb_intrinsic,11503,EPG,EPG(PB08)_R8,R,cb_intrinsic,6
26798,ER1_a,ER1_a_L,L,cb_intrinsic,11503,EPG,EPG(PB08)_R8,R,cb_intrinsic,6
25297,ER3w_a,ER3w_a_R,R,cb_intrinsic,11503,EPG,EPG(PB08)_R8,R,cb_intrinsic,6
51382,ER3d_b,ER3d_b_L,L,cb_intrinsic,84758,EPG,EPG(PB08)_L7,L,cb_intrinsic,6
47859,ER3d_c,ER3d_c_R,R,cb_intrinsic,84758,EPG,EPG(PB08)_L7,L,cb_intrinsic,6
39798,ER5,ER5_L,L,cb_intrinsic,84758,EPG,EPG(PB08)_L7,L,cb_intrinsic,6
37758,ER3d_a,ER3d_a_R,R,cb_intrinsic,84758,EPG,EPG(PB08)_L7,L,cb_intrinsic,6
37058,ER1_b,ER1_b_R,R,cb_intrinsic,84758,EPG,EPG(PB08)_L7,L,cb_intrinsic,6
30674,ER3d_b,ER3d_b_R,R,cb_intrinsic,84758,EPG,EPG(PB08)_L7,L,cb_intrinsic,6
30443,ER3a_c,ER3a_c_R,R,cb_intrinsic,84758,EPG,EPG(PB08)_L7,L,cb_intrinsic,6
29791,ER3d_b,ER3d_b_L,L,cb_intrinsic,84758,EPG,EPG(PB08)_L7,L,cb_intrinsic,6
28627,ER3m,ER3m_L,L,cb_intrinsic,84758,EPG,EPG(PB08)_L7,L,cb_intrinsic,6
27850,ER3w_b,ER3w_b_R,R,cb_intrinsic,84758,EPG,EPG(PB08)_L7,L,cb_intrinsic,6
27246,ER3d_d,ER3d_d_R,R,cb_intrinsic,84758,EPG,EPG(PB08)_L7,L,cb_intrinsic,6
27052,ER3d_d,ER3d_d_R,R,cb_intrinsic,84758,EPG,EPG(PB08)_L7,L,cb_intrinsic,6
26295,ER3m,ER3m_R,R,cb_intrinsic,84758,EPG,EPG(PB08)_L7,L,cb_intrinsic,6
24122,ER4d,ER4d_R,R,cb_intrinsic,84758,EPG,EPG(PB08)_L7,L,cb_intrinsic,6
568502,ER5,ER5_R,R,cb_intrinsic,520812,EPG,EPG(PB08)_R8,R,cb_intrinsic,6
530339,ER3d_d,ER3d_d_L,L,cb_intrinsic,520812,EPG,EPG(PB08)_R8,R,cb_intrinsic,6
529330,ER3d_b,ER3d_b_L,L,cb_intrinsic,520812,EPG,EPG(PB08)_R8,R,cb_intrinsic,6
527199,ER3d_e,ER3d_e_L,L,cb_intrinsic,520812,EPG,EPG(PB08)_R8,R,cb_intrinsic,6
53618,ER3p_b,ER3p_b_L,L,cb_intrinsic,520812,EPG,EPG(PB08)_R8,R,cb_intrinsic,6
52832,ER3m,ER3m_R,R,cb_intrinsic,520812,EPG,EPG(PB08)_R8,R,cb_intrinsic,6
43212,ER3d_a,ER3d_a_L,L,cb_intrinsic,520812,EPG,EPG(PB08)_R8,R,cb_intrinsic,6
37437,ER3d_e,ER3d_e_L,L,cb_intrinsic,520812,EPG,EPG(PB08)_R8,R,cb_intrinsic,6
37105,ER1_b,ER1_b_L,L,cb_intrinsic,520812,EPG,EPG(PB08)_R8,R,cb_intrinsic,6
30178,ER3d_b,ER3d_b_R,R,cb_intrinsic,520812,EPG,EPG(PB08)_R8,R,cb_intrinsic,6
28339,ER4d,ER4d_R,R,cb_intrinsic,520812,EPG,EPG(PB08)_R8,R,cb_intrinsic,6
26673,ER3w_b,ER3w_b_L,L,cb_intrinsic,520812,EPG,EPG(PB08)_R8,R,cb_intrinsic,6
25494,ER3d_e,ER3d_e_L,L,cb_intrinsic,520812,EPG,EPG(PB08)_R8,R,cb_intrinsic,6
22644,ER3d_a,ER3d_a_R,R,cb_intrinsic,520812,EPG,EPG(PB08)_R8,R,cb_intrinsic,6
544496,ER3a_c,ER3a_c_R,R,cb_intrinsic,513284,EPG,EPG(PB08)_R3,R,cb_intrinsic,6
530339,ER3d_d,ER3d_d_L,L,cb_intrinsic,513284,EPG,EPG(PB08)_R3,R,cb_intrinsic,6
529847,ER3m,ER3m_L,L,cb_intrinsic,513284,EPG,EPG(PB08)_R3,R,cb_intrinsic,6
524068,ER3d_b,ER3d_b_L,L,cb_intrinsic,513284,EPG,EPG(PB08)_R3,R,cb_intrinsic,6
54912,ER3d_b,ER3d_b_L,L,cb_intrinsic,513284,EPG,EPG(PB08)_R3,R,cb_intrinsic,6
52832,ER3m,ER3m_R,R,cb_intrinsic,513284,EPG,EPG(PB08)_R3,R,cb_intrinsic,6
48956,ER3d_b,ER3d_b_R,R,cb_intrinsic,513284,EPG,EPG(PB08)_R3,R,cb_intrinsic,6
47464,ER3d_d,ER3d_d_R,R,cb_intrinsic,513284,EPG,EPG(PB08)_R3,R,cb_intrinsic,6
38084,ER3m,ER3m_L,L,cb_intrinsic,513284,EPG,EPG(PB08)_R3,R,cb_intrinsic,6
37437,ER3d_e,ER3d_e_L,L,cb_intrinsic,513284,EPG,EPG(PB08)_R3,R,cb_intrinsic,6
34038,ER3d_b,ER3d_b_L,L,cb_intrinsic,513284,EPG,EPG(PB08)_R3,R,cb_intrinsic,6
31541,ER3d_d,ER3d_d_R,R,cb_intrinsic,513284,EPG,EPG(PB08)_R3,R,cb_intrinsic,6
31051,ER3m,ER3m_R,R,cb_intrinsic,513284,EPG,EPG(PB08)_R3,R,cb_intrinsic,6
30592,ER3d_b,ER3d_b_R,R,cb_intrinsic,513284,EPG,EPG(PB08)_R3,R,cb_intrinsic,6
29046,ER3d_b,ER3d_b_R,R,cb_intrinsic,513284,EPG,EPG(PB08)_R3,R,cb_intrinsic,6
28339,ER4d,ER4d_R,R,cb_intrinsic,513284,EPG,EPG(PB08)_R3,R,cb_intrinsic,6
27269,ER3d_c,ER3d_c_L,L,cb_intrinsic,513284,EPG,EPG(PB08)_R3,R,cb_intrinsic,6
27013,ER3m,ER3m_L,L,cb_intrinsic,513284,EPG,EPG(PB08)_R3,R,cb_intrinsic,6
529330,ER3d_b,ER3d_b_L,L,cb_intrinsic,556346,EPG,EPG(PB08)_L6,L,cb_intrinsic,6
526552,ER3w_b,ER3w_b_R,R,cb_intrinsic,556346,EPG,EPG(PB08)_L6,L,cb_intrinsic,6
44830,ER3d_e,ER3d_e_R,R,cb_intrinsic,556346,EPG,EPG(PB08)_L6,L,cb_intrinsic,6
42509,ER1_a,ER1_a_R,R,cb_intrinsic,556346,EPG,EPG(PB08)_L6,L,cb_intrinsic,6
42241,ER1_b,ER1_b_R,R,cb_intrinsic,556346,EPG,EPG(PB08)_L6,L,cb_intrinsic,6
39095,ER1_a,ER1_a_L,L,cb_intrinsic,556346,EPG,EPG(PB08)_L6,L,cb_intrinsic,6
38306,ER3d_a,ER3d_a_L,L,cb_intrinsic,556346,EPG,EPG(PB08)_L6,L,cb_intrinsic,6
35978,ER1_b,ER1_b_L,L,cb_intrinsic,556346,EPG,EPG(PB08)_L6,L,cb_intrinsic,6
31684,ER3d_a,ER3d_a_R,R,cb_intrinsic,556346,EPG,EPG(PB08)_L6,L,cb_intrinsic,6
30178,ER3d_b,ER3d_b_R,R,cb_intrinsic,556346,EPG,EPG(PB08)_L6,L,cb_intrinsic,6
27850,ER3w_b,ER3w_b_R,R,cb_intrinsic,556346,EPG,EPG(PB08)_L6,L,cb_intrinsic,6
27246,ER3d_d,ER3d_d_R,R,cb_intrinsic,556346,EPG,EPG(PB08)_L6,L,cb_intrinsic,6
26295,ER3m,ER3m_R,R,cb_intrinsic,556346,EPG,EPG(PB08)_L6,L,cb_intrinsic,6
25797,ER4d,ER4d_L,L,cb_intrinsic,556346,EPG,EPG(PB08)_L6,L,cb_intrinsic,6
25494,ER3d_e,ER3d_e_L,L,cb_intrinsic,556346,EPG,EPG(PB08)_L6,L,cb_intrinsic,6
23315,ER4d,ER4d_L,L,cb_intrinsic,556346,EPG,EPG(PB08)_L6,L,cb_intrinsic,6
20653,ER4d,ER4d_L,L,cb_intrinsic,556346,EPG,EPG(PB08)_L6,L,cb_intrinsic,6
19737,ER4d,ER4d_R,R,cb_intrinsic,556346,EPG,EPG(PB08)_L6,L,cb_intrinsic,6
521534,ER5,ER5_L,L,cb_intrinsic,523786,EPG,EPG(PB08)_R4,R,cb_intrinsic,6
513678,ER3w_b,ER3w_b_R,R,cb_intrinsic,523786,EPG,EPG(PB08)_R4,R,cb_intrinsic,6
512608,ER3d_b,ER3d_b_R,R,cb_intrinsic,523786,EPG,EPG(PB08)_R4,R,cb_intrinsic,6
59337,ER3w_b,ER3w_b_L,L,cb_intrinsic,523786,EPG,EPG(PB08)_R4,R,cb_intrinsic,6
54912,ER3d_b,ER3d_b_L,L,cb_intrinsic,523786,EPG,EPG(PB08)_R4,R,cb_intrinsic,6
47859,ER3d_c,ER3d_c_R,R,cb_intrinsic,523786,EPG,EPG(PB08)_R4,R,cb_intrinsic,6
44814,ER3m,ER3m_L,L,cb_intrinsic,523786,EPG,EPG(PB08)_R4,R,cb_intrinsic,6
40558,ER3d_b,ER3d_b_L,L,cb_intrinsic,523786,EPG,EPG(PB08)_R4,R,cb_intrinsic,6
37437,ER3d_e,ER3d_e_L,L,cb_intrinsic,523786,EPG,EPG(PB08)_R4,R,cb_intrinsic,6
36730,ER1_b,ER1_b_L,L,cb_intrinsic,523786,EPG,EPG(PB08)_R4,R,cb_intrinsic,6
31541,ER3d_d,ER3d_d_R,R,cb_intrinsic,523786,EPG,EPG(PB08)_R4,R,cb_intrinsic,6
30592,ER3d_b,ER3d_b_R,R,cb_intrinsic,523786,EPG,EPG(PB08)_R4,R,cb_intrinsic,6
30443,ER3a_c,ER3a_c_R,R,cb_intrinsic,523786,EPG,EPG(PB08)_R4,R,cb_intrinsic,6
29791,ER3d_b,ER3d_b_L,L,cb_intrinsic,523786,EPG,EPG(PB08)_R4,R,cb_intrinsic,6
23315,ER4d,ER4d_L,L,cb_intrinsic,523786,EPG,EPG(PB08)_R4,R,cb_intrinsic,6
22644,ER3d_a,ER3d_a_R,R,cb_intrinsic,523786,EPG,EPG(PB08)_R4,R,cb_intrinsic,6
18664,ER2_c,ER2_c_R,R,cb_intrinsic,523786,EPG,EPG(PB08)_R4,R,cb_intrinsic,6
17078,ER5,ER5_R,R,cb_intrinsic,523786,EPG,EPG(PB08)_R4,R,cb_intrinsic,6
14963,ER5,ER5_L,L,cb_intrinsic,523786,EPG,EPG(PB08)_R4,R,cb_intrinsic,6
11605,ER5,ER5_R,R,cb_intrinsic,523786,EPG,EPG(PB08)_R4,R,cb_intrinsic,6
527150,ER3d_a,ER3d_a_L,L,cb_intrinsic,11987,EPG,EPG(PB08)_R5,R,cb_intrinsic,6
526552,ER3w_b,ER3w_b_R,R,cb_intrinsic,11987,EPG,EPG(PB08)_R5,R,cb_intrinsic,6
49869,ER3p_b,ER3p_b_R,R,cb_intrinsic,11987,EPG,EPG(PB08)_R5,R,cb_intrinsic,6
49002,ER3p_a,ER3p_a_L,L,cb_intrinsic,11987,EPG,EPG(PB08)_R5,R,cb_intrinsic,6
46262,ER3d_b,ER3d_b_L,L,cb_intrinsic,11987,EPG,EPG(PB08)_R5,R,cb_intrinsic,6
44830,ER3d_e,ER3d_e_R,R,cb_intrinsic,11987,EPG,EPG(PB08)_R5,R,cb_intrinsic,6
43039,ER3d_d,ER3d_d_L,L,cb_intrinsic,11987,EPG,EPG(PB08)_R5,R,cb_intrinsic,6
42264,ER3d_e,ER3d_e_R,R,cb_intrinsic,11987,EPG,EPG(PB08)_R5,R,cb_intrinsic,6
40558,ER3d_b,ER3d_b_L,L,cb_intrinsic,11987,EPG,EPG(PB08)_R5,R,cb_intrinsic,6
38084,ER3m,ER3m_L,L,cb_intrinsic,11987,EPG,EPG(PB08)_R5,R,cb_intrinsic,6
24459,ER4d,ER4d_L,L,cb_intrinsic,11987,EPG,EPG(PB08)_R5,R,cb_intrinsic,6
24076,ER4d,ER4d_R,R,cb_intrinsic,11987,EPG,EPG(PB08)_R5,R,cb_intrinsic,6
21449,ER2_c,ER2_c_R,R,cb_intrinsic,11987,EPG,EPG(PB08)_R5,R,cb_intrinsic,6
16343,ER4d,ER4d_R,R,cb_intrinsic,11987,EPG,EPG(PB08)_R5,R,cb_intrinsic,6
523816,ER1_b,ER1_b_L,L,cb_intrinsic,513033,EPG,EPG(PB08)_L8,L,cb_intrinsic,6
48956,ER3d_b,ER3d_b_R,R,cb_intrinsic,513033,EPG,EPG(PB08)_L8,L,cb_intrinsic,6
47859,ER3d_c,ER3d_c_R,R,cb_intrinsic,513033,EPG,EPG(PB08)_L8,L,cb_intrinsic,6
46262,ER3d_b,ER3d_b_L,L,cb_intrinsic,513033,EPG,EPG(PB08)_L8,L,cb_intrinsic,6
43212,ER3d_a,ER3d_a_L,L,cb_intrinsic,513033,EPG,EPG(PB08)_L8,L,cb_intrinsic,6
38084,ER3m,ER3m_L,L,cb_intrinsic,513033,EPG,EPG(PB08)_L8,L,cb_intrinsic,6
34652,ER1_b,ER1_b_L,L,cb_intrinsic,513033,EPG,EPG(PB08)_L8,L,cb_intrinsic,6
33589,ER3d_b,ER3d_b_L,L,cb_intrinsic,513033,EPG,EPG(PB08)_L8,L,cb_intrinsic,6
31684,ER3d_a,ER3d_a_R,R,cb_intrinsic,513033,EPG,EPG(PB08)_L8,L,cb_intrinsic,6
31263,ER3d_b,ER3d_b_R,R,cb_intrinsic,513033,EPG,EPG(PB08)_L8,L,cb_intrinsic,6
29046,ER3d_b,ER3d_b_R,R,cb_intrinsic,513033,EPG,EPG(PB08)_L8,L,cb_intrinsic,6
28701,ER3d_b,ER3d_b_R,R,cb_intrinsic,513033,EPG,EPG(PB08)_L8,L,cb_intrinsic,6
27850,ER3w_b,ER3w_b_R,R,cb_intrinsic,513033,EPG,EPG(PB08)_L8,L,cb_intrinsic,6
27770,ER3w_b,ER3w_b_R,R,cb_intrinsic,513033,EPG,EPG(PB08)_L8,L,cb_intrinsic,6
27043,ER3w_c,ER3w_c_R,R,cb_intrinsic,513033,EPG,EPG(PB08)_L8,L,cb_intrinsic,6
26798,ER1_a,ER1_a_L,L,cb_intrinsic,513033,EPG,EPG(PB08)_L8,L,cb_intrinsic,6
24076,ER4d,ER4d_R,R,cb_intrinsic,513033,EPG,EPG(PB08)_L8,L,cb_intrinsic,6
23080,ER4d,ER4d_R,R,cb_intrinsic,513033,EPG,EPG(PB08)_L8,L,cb_intrinsic,6
18633,ER5,ER5_L,L,cb_intrinsic,513033,EPG,EPG(PB08)_L8,L,cb_intrinsic,6
14963,ER5,ER5_L,L,cb_intrinsic,513033,EPG,EPG(PB08)_L8,L,cb_intrinsic,6
527199,ER3d_e,ER3d_e_L,L,cb_intrinsic,19125,EPG,EPG(PB08)_R5,R,cb_intrinsic,6
526552,ER3w_b,ER3w_b_R,R,cb_intrinsic,19125,EPG,EPG(PB08)_R5,R,cb_intrinsic,6
67174,ER1_a,ER1_a_R,R,cb_intrinsic,19125,EPG,EPG(PB08)_R5,R,cb_intrinsic,6
50808,ER4d,ER4d_L,L,cb_intrinsic,19125,EPG,EPG(PB08)_R5,R,cb_intrinsic,6
47464,ER3d_d,ER3d_d_R,R,cb_intrinsic,19125,EPG,EPG(PB08)_R5,R,cb_intrinsic,6
43212,ER3d_a,ER3d_a_L,L,cb_intrinsic,19125,EPG,EPG(PB08)_R5,R,cb_intrinsic,6
43039,ER3d_d,ER3d_d_L,L,cb_intrinsic,19125,EPG,EPG(PB08)_R5,R,cb_intrinsic,6
40558,ER3d_b,ER3d_b_L,L,cb_intrinsic,19125,EPG,EPG(PB08)_R5,R,cb_intrinsic,6
38268,ER1_b,ER1_b_R,R,cb_intrinsic,19125,EPG,EPG(PB08)_R5,R,cb_intrinsic,6
37817,ER3d_e,ER3d_e_R,R,cb_intrinsic,19125,EPG,EPG(PB08)_R5,R,cb_intrinsic,6
36730,ER1_b,ER1_b_L,L,cb_intrinsic,19125,EPG,EPG(PB08)_R5,R,cb_intrinsic,6
27052,ER3d_d,ER3d_d_R,R,cb_intrinsic,19125,EPG,EPG(PB08)_R5,R,cb_intrinsic,6
23520,ER4d,ER4d_L,L,cb_intrinsic,19125,EPG,EPG(PB08)_R5,R,cb_intrinsic,6
23315,ER4d,ER4d_L,L,cb_intrinsic,19125,EPG,EPG(PB08)_R5,R,cb_intrinsic,6
529207,ER3p_a,ER3p_a_R,R,cb_intrinsic,131313,EPG,EPG(PB08)_R6,R,cb_intrinsic,6
54597,ER1_a,ER1_a_L,L,cb_intrinsic,131313,EPG,EPG(PB08)_R6,R,cb_intrinsic,6
48291,ER3w_b,ER3w_b_L,L,cb_intrinsic,131313,EPG,EPG(PB08)_R6,R,cb_intrinsic,6
40213,ER1_b,ER1_b_L,L,cb_intrinsic,131313,EPG,EPG(PB08)_R6,R,cb_intrinsic,6
39095,ER1_a,ER1_a_L,L,cb_intrinsic,131313,EPG,EPG(PB08)_R6,R,cb_intrinsic,6
37105,ER1_b,ER1_b_L,L,cb_intrinsic,131313,EPG,EPG(PB08)_R6,R,cb_intrinsic,6
37058,ER1_b,ER1_b_R,R,cb_intrinsic,131313,EPG,EPG(PB08)_R6,R,cb_intrinsic,6
36384,ER1_b,ER1_b_R,R,cb_intrinsic,131313,EPG,EPG(PB08)_R6,R,cb_intrinsic,6
34607,ER4d,ER4d_L,L,cb_intrinsic,131313,EPG,EPG(PB08)_R6,R,cb_intrinsic,6
31684,ER3d_a,ER3d_a_R,R,cb_intrinsic,131313,EPG,EPG(PB08)_R6,R,cb_intrinsic,6
29545,ER3w_b,ER3w_b_R,R,cb_intrinsic,131313,EPG,EPG(PB08)_R6,R,cb_intrinsic,6
25203,ER3w_c,ER3w_c_L,L,cb_intrinsic,131313,EPG,EPG(PB08)_R6,R,cb_intrinsic,6
23874,ER4d,ER4d_R,R,cb_intrinsic,131313,EPG,EPG(PB08)_R6,R,cb_intrinsic,6
19169,ER3m,ER3m_L,L,cb_intrinsic,131313,EPG,EPG(PB08)_R6,R,cb_intrinsic,6
18508,ER2_c,ER2_c_L,L,cb_intrinsic,131313,EPG,EPG(PB08)_R6,R,cb_intrinsic,6
12357,ER2_c,ER2_c_L,L,cb_intrinsic,131313,EPG,EPG(PB08)_R6,R,cb_intrinsic,6
522806,ER3d_c,ER3d_c_R,R,cb_intrinsic,513517,EPG,EPG(PB08)_L4,L,cb_intrinsic,6
61273,ER1_b,ER1_b_L,L,cb_intrinsic,513517,EPG,EPG(PB08)_L4,L,cb_intrinsic,6
51382,ER3d_b,ER3d_b_L,L,cb_intrinsic,513517,EPG,EPG(PB08)_L4,L,cb_intrinsic,6
49378,ER3d_c,ER3d_c_R,R,cb_intrinsic,513517,EPG,EPG(PB08)_L4,L,cb_intrinsic,6
47036,ER3d_a,ER3d_a_R,R,cb_intrinsic,513517,EPG,EPG(PB08)_L4,L,cb_intrinsic,6
44010,ER3w_b,ER3w_b_L,L,cb_intrinsic,513517,EPG,EPG(PB08)_L4,L,cb_intrinsic,6
42509,ER1_a,ER1_a_R,R,cb_intrinsic,513517,EPG,EPG(PB08)_L4,L,cb_intrinsic,6
40213,ER1_b,ER1_b_L,L,cb_intrinsic,513517,EPG,EPG(PB08)_L4,L,cb_intrinsic,6
37437,ER3d_e,ER3d_e_L,L,cb_intrinsic,513517,EPG,EPG(PB08)_L4,L,cb_intrinsic,6
26798,ER1_a,ER1_a_L,L,cb_intrinsic,513517,EPG,EPG(PB08)_L4,L,cb_intrinsic,6
22644,ER3d_a,ER3d_a_R,R,cb_intrinsic,513517,EPG,EPG(PB08)_L4,L,cb_intrinsic,6
18377,ER3w_b,ER3w_b_L,L,cb_intrinsic,513517,EPG,EPG(PB08)_L4,L,cb_intrinsic,6
12059,ER5,ER5_R,R,cb_intrinsic,513517,EPG,EPG(PB08)_L4,L,cb_intrinsic,6
527653,ER4d,ER4d_L,L,cb_intrinsic,556347,EPG,EPG(PB08)_R4,R,cb_intrinsic,6
527297,ER5,ER5_R,R,cb_intrinsic,556347,EPG,EPG(PB08)_R4,R,cb_intrinsic,6
54912,ER3d_b,ER3d_b_L,L,cb_intrinsic,556347,EPG,EPG(PB08)_R4,R,cb_intrinsic,6
53618,ER3p_b,ER3p_b_L,L,cb_intrinsic,556347,EPG,EPG(PB08)_R4,R,cb_intrinsic,6
31051,ER3m,ER3m_R,R,cb_intrinsic,556347,EPG,EPG(PB08)_R4,R,cb_intrinsic,6
23703,ER1_b,ER1_b_R,R,cb_intrinsic,556347,EPG,EPG(PB08)_R4,R,cb_intrinsic,6
23315,ER4d,ER4d_L,L,cb_intrinsic,556347,EPG,EPG(PB08)_R4,R,cb_intrinsic,6
23080,ER4d,ER4d_R,R,cb_intrinsic,556347,EPG,EPG(PB08)_R4,R,cb_intrinsic,6
22644,ER3d_a,ER3d_a_R,R,cb_intrinsic,556347,EPG,EPG(PB08)_R4,R,cb_intrinsic,6
20653,ER4d,ER4d_L,L,cb_intrinsic,556347,EPG,EPG(PB08)_R4,R,cb_intrinsic,6
20404,ER4d,ER4d_L,L,cb_intrinsic,556347,EPG,EPG(PB08)_R4,R,cb_intrinsic,6
18733,ER2_c,ER2_c_L,L,cb_intrinsic,556347,EPG,EPG(PB08)_R4,R,cb_intrinsic,6
17591,ER4d,ER4d_R,R,cb_intrinsic,556347,EPG,EPG(PB08)_R4,R,cb_intrinsic,6
17561,ER3m,ER3m_R,R,cb_intrinsic,556347,EPG,EPG(PB08)_R4,R,cb_intrinsic,6
16818,ER4d,ER4d_R,R,cb_intrinsic,556347,EPG,EPG(PB08)_R4,R,cb_intrinsic,6
521528,ER5,ER5_L,L,cb_intrinsic,521409,EPG,EPG(PB08)_L8,L,cb_intrinsic,6
72491,ER1_c,ER1_c_R,R,cb_intrinsic,521409,EPG,EPG(PB08)_L8,L,cb_intrinsic,6
67174,ER1_a,ER1_a_R,R,cb_intrinsic,521409,EPG,EPG(PB08)_L8,L,cb_intrinsic,6
53618,ER3p_b,ER3p_b_L,L,cb_intrinsic,521409,EPG,EPG(PB08)_L8,L,cb_intrinsic,6
43039,ER3d_d,ER3d_d_L,L,cb_intrinsic,521409,EPG,EPG(PB08)_L8,L,cb_intrinsic,6
40213,ER1_b,ER1_b_L,L,cb_intrinsic,521409,EPG,EPG(PB08)_L8,L,cb_intrinsic,6
37758,ER3d_a,ER3d_a_R,R,cb_intrinsic,521409,EPG,EPG(PB08)_L8,L,cb_intrinsic,6
37437,ER3d_e,ER3d_e_L,L,cb_intrinsic,521409,EPG,EPG(PB08)_L8,L,cb_intrinsic,6
34652,ER1_b,ER1_b_L,L,cb_intrinsic,521409,EPG,EPG(PB08)_L8,L,cb_intrinsic,6
28701,ER3d_b,ER3d_b_R,R,cb_intrinsic,521409,EPG,EPG(PB08)_L8,L,cb_intrinsic,6
27348,ER3m,ER3m_L,L,cb_intrinsic,521409,EPG,EPG(PB08)_L8,L,cb_intrinsic,6
27246,ER3d_d,ER3d_d_R,R,cb_intrinsic,521409,EPG,EPG(PB08)_L8,L,cb_intrinsic,6
26939,ER3m,ER3m_R,R,cb_intrinsic,521409,EPG,EPG(PB08)_L8,L,cb_intrinsic,6
23703,ER1_b,ER1_b_R,R,cb_intrinsic,521409,EPG,EPG(PB08)_L8,L,cb_intrinsic,6
22644,ER3d_a,ER3d_a_R,R,cb_intrinsic,521409,EPG,EPG(PB08)_L8,L,cb_intrinsic,6
20980,ER4d,ER4d_R,R,cb_intrinsic,521409,EPG,EPG(PB08)_L8,L,cb_intrinsic,6
19791,ER4d,ER4d_L,L,cb_intrinsic,521409,EPG,EPG(PB08)_L8,L,cb_intrinsic,6
16343,ER4d,ER4d_R,R,cb_intrinsic,521409,EPG,EPG(PB08)_L8,L,cb_intrinsic,6
527150,ER3d_a,ER3d_a_L,L,cb_intrinsic,513463,EPG,EPG(PB08)_R2,R,cb_intrinsic,6
521528,ER5,ER5_L,L,cb_intrinsic,513463,EPG,EPG(PB08)_R2,R,cb_intrinsic,6
513379,ER5,ER5_R,R,cb_intrinsic,513463,EPG,EPG(PB08)_R2,R,cb_intrinsic,6
80867,ER1_a,ER1_a_R,R,cb_intrinsic,513463,EPG,EPG(PB08)_R2,R,cb_intrinsic,6
59230,ER3m,ER3m_R,R,cb_intrinsic,513463,EPG,EPG(PB08)_R2,R,cb_intrinsic,6
43212,ER3d_a,ER3d_a_L,L,cb_intrinsic,513463,EPG,EPG(PB08)_R2,R,cb_intrinsic,6
39095,ER1_a,ER1_a_L,L,cb_intrinsic,513463,EPG,EPG(PB08)_R2,R,cb_intrinsic,6
37105,ER1_b,ER1_b_L,L,cb_intrinsic,513463,EPG,EPG(PB08)_R2,R,cb_intrinsic,6
36235,ER1_c,ER1_c_L,L,cb_intrinsic,513463,EPG,EPG(PB08)_R2,R,cb_intrinsic,6
29046,ER3d_b,ER3d_b_R,R,cb_intrinsic,513463,EPG,EPG(PB08)_R2,R,cb_intrinsic,6
26295,ER3m,ER3m_R,R,cb_intrinsic,513463,EPG,EPG(PB08)_R2,R,cb_intrinsic,6
25297,ER3w_a,ER3w_a_R,R,cb_intrinsic,513463,EPG,EPG(PB08)_R2,R,cb_intrinsic,6
18633,ER5,ER5_L,L,cb_intrinsic,513463,EPG,EPG(PB08)_R2,R,cb_intrinsic,6
529207,ER3p_a,ER3p_a_R,R,cb_intrinsic,520818,EPG,EPG(PB08)_L4,L,cb_intrinsic,6
512607,ER3p_a,ER3p_a_R,R,cb_intrinsic,520818,EPG,EPG(PB08)_L4,L,cb_intrinsic,6
72491,ER1_c,ER1_c_R,R,cb_intrinsic,520818,EPG,EPG(PB08)_L4,L,cb_intrinsic,6
67174,ER1_a,ER1_a_R,R,cb_intrinsic,520818,EPG,EPG(PB08)_L4,L,cb_intrinsic,6
59337,ER3w_b,ER3w_b_L,L,cb_intrinsic,520818,EPG,EPG(PB08)_L4,L,cb_intrinsic,6
31735,ER1_a,ER1_a_L,L,cb_intrinsic,520818,EPG,EPG(PB08)_L4,L,cb_intrinsic,6
26798,ER1_a,ER1_a_L,L,cb_intrinsic,520818,EPG,EPG(PB08)_L4,L,cb_intrinsic,6
25329,ER3d_c,ER3d_c_L,L,cb_intrinsic,520818,EPG,EPG(PB08)_L4,L,cb_intrinsic,6
18508,ER2_c,ER2_c_L,L,cb_intrinsic,520818,EPG,EPG(PB08)_L4,L,cb_intrinsic,6
16343,ER4d,ER4d_R,R,cb_intrinsic,520818,EPG,EPG(PB08)_L4,L,cb_intrinsic,6
511857,ER1_c,ER1_c_L,L,cb_intrinsic,12449,EPG,EPG(PB08)_L5,L,cb_intrinsic,6
52832,ER3m,ER3m_R,R,cb_intrinsic,12449,EPG,EPG(PB08)_L5,L,cb_intrinsic,6
49378,ER3d_c,ER3d_c_R,R,cb_intrinsic,12449,EPG,EPG(PB08)_L5,L,cb_intrinsic,6
45134,ER3p_b,ER3p_b_L,L,cb_intrinsic,12449,EPG,EPG(PB08)_L5,L,cb_intrinsic,6
36384,ER1_b,ER1_b_R,R,cb_intrinsic,12449,EPG,EPG(PB08)_L5,L,cb_intrinsic,6
33589,ER3d_b,ER3d_b_L,L,cb_intrinsic,12449,EPG,EPG(PB08)_L5,L,cb_intrinsic,6
30178,ER3d_b,ER3d_b_R,R,cb_intrinsic,12449,EPG,EPG(PB08)_L5,L,cb_intrinsic,6
26939,ER3m,ER3m_R,R,cb_intrinsic,12449,EPG,EPG(PB08)_L5,L,cb_intrinsic,6
24459,ER4d,ER4d_L,L,cb_intrinsic,12449,EPG,EPG(PB08)_L5,L,cb_intrinsic,6
23874,ER4d,ER4d_R,R,cb_intrinsic,12449,EPG,EPG(PB08)_L5,L,cb_intrinsic,6
23520,ER4d,ER4d_L,L,cb_intrinsic,12449,EPG,EPG(PB08)_L5,L,cb_intrinsic,6
23197,ER4d,ER4d_L,L,cb_intrinsic,12449,EPG,EPG(PB08)_L5,L,cb_intrinsic,6
20317,ER2_c,ER2_c_L,L,cb_intrinsic,12449,EPG,EPG(PB08)_L5,L,cb_intrinsic,6
17078,ER5,ER5_R,R,cb_intrinsic,12449,EPG,EPG(PB08)_L5,L,cb_intrinsic,6
529847,ER3m,ER3m_L,L,cb_intrinsic,10539,EPG,EPG(PB08)_R2,R,cb_intrinsic,6
529330,ER3d_b,ER3d_b_L,L,cb_intrinsic,10539,EPG,EPG(PB08)_R2,R,cb_intrinsic,6
513678,ER3w_b,ER3w_b_R,R,cb_intrinsic,10539,EPG,EPG(PB08)_R2,R,cb_intrinsic,6
71503,ER1_c,ER1_c_R,R,cb_intrinsic,10539,EPG,EPG(PB08)_R2,R,cb_intrinsic,6
69319,ER1_a,ER1_a_R,R,cb_intrinsic,10539,EPG,EPG(PB08)_R2,R,cb_intrinsic,6
61273,ER1_b,ER1_b_L,L,cb_intrinsic,10539,EPG,EPG(PB08)_R2,R,cb_intrinsic,6
49378,ER3d_c,ER3d_c_R,R,cb_intrinsic,10539,EPG,EPG(PB08)_R2,R,cb_intrinsic,6
48956,ER3d_b,ER3d_b_R,R,cb_intrinsic,10539,EPG,EPG(PB08)_R2,R,cb_intrinsic,6
46262,ER3d_b,ER3d_b_L,L,cb_intrinsic,10539,EPG,EPG(PB08)_R2,R,cb_intrinsic,6
44909,ER5,ER5_L,L,cb_intrinsic,10539,EPG,EPG(PB08)_R2,R,cb_intrinsic,6
38084,ER3m,ER3m_L,L,cb_intrinsic,10539,EPG,EPG(PB08)_R2,R,cb_intrinsic,6
35978,ER1_b,ER1_b_L,L,cb_intrinsic,10539,EPG,EPG(PB08)_R2,R,cb_intrinsic,6
30522,ER3d_b,ER3d_b_R,R,cb_intrinsic,10539,EPG,EPG(PB08)_R2,R,cb_intrinsic,6
29545,ER3w_b,ER3w_b_R,R,cb_intrinsic,10539,EPG,EPG(PB08)_R2,R,cb_intrinsic,6
25494,ER3d_e,ER3d_e_L,L,cb_intrinsic,10539,EPG,EPG(PB08)_R2,R,cb_intrinsic,6
21664,ER3d_e,ER3d_e_R,R,cb_intrinsic,10539,EPG,EPG(PB08)_R2,R,cb_intrinsic,6
521528,ER5,ER5_L,L,cb_intrinsic,14727,EPG,EPG(PB08)_L7,L,cb_intrinsic,6
517603,ER3d_d,ER3d_d_R,R,cb_intrinsic,14727,EPG,EPG(PB08)_L7,L,cb_intrinsic,6
512607,ER3p_a,ER3p_a_R,R,cb_intrinsic,14727,EPG,EPG(PB08)_L7,L,cb_intrinsic,6
69319,ER1_a,ER1_a_R,R,cb_intrinsic,14727,EPG,EPG(PB08)_L7,L,cb_intrinsic,6
47859,ER3d_c,ER3d_c_R,R,cb_intrinsic,14727,EPG,EPG(PB08)_L7,L,cb_intrinsic,6
45134,ER3p_b,ER3p_b_L,L,cb_intrinsic,14727,EPG,EPG(PB08)_L7,L,cb_intrinsic,6
44830,ER3d_e,ER3d_e_R,R,cb_intrinsic,14727,EPG,EPG(PB08)_L7,L,cb_intrinsic,6
31121,ER3a_c,ER3a_c_L,L,cb_intrinsic,14727,EPG,EPG(PB08)_L7,L,cb_intrinsic,6
28627,ER3m,ER3m_L,L,cb_intrinsic,14727,EPG,EPG(PB08)_L7,L,cb_intrinsic,6
27246,ER3d_d,ER3d_d_R,R,cb_intrinsic,14727,EPG,EPG(PB08)_L7,L,cb_intrinsic,6
24879,ER4d,ER4d_L,L,cb_intrinsic,14727,EPG,EPG(PB08)_L7,L,cb_intrinsic,6
23874,ER4d,ER4d_R,R,cb_intrinsic,14727,EPG,EPG(PB08)_L7,L,cb_intrinsic,6
23315,ER4d,ER4d_L,L,cb_intrinsic,14727,EPG,EPG(PB08)_L7,L,cb_intrinsic,6
18633,ER5,ER5_L,L,cb_intrinsic,14727,EPG,EPG(PB08)_L7,L,cb_intrinsic,6
527199,ER3d_e,ER3d_e_L,L,cb_intrinsic,519140,EPG,EPG(PB08)_L1,L,cb_intrinsic,6
517603,ER3d_d,ER3d_d_R,R,cb_intrinsic,519140,EPG,EPG(PB08)_L1,L,cb_intrinsic,6
54912,ER3d_b,ER3d_b_L,L,cb_intrinsic,519140,EPG,EPG(PB08)_L1,L,cb_intrinsic,6
44422,ER3m,ER3m_L,L,cb_intrinsic,519140,EPG,EPG(PB08)_L1,L,cb_intrinsic,6
44127,ER3d_d,ER3d_d_R,R,cb_intrinsic,519140,EPG,EPG(PB08)_L1,L,cb_intrinsic,6
42509,ER1_a,ER1_a_R,R,cb_intrinsic,519140,EPG,EPG(PB08)_L1,L,cb_intrinsic,6
38084,ER3m,ER3m_L,L,cb_intrinsic,519140,EPG,EPG(PB08)_L1,L,cb_intrinsic,6
30522,ER3d_b,ER3d_b_R,R,cb_intrinsic,519140,EPG,EPG(PB08)_L1,L,cb_intrinsic,6
27348,ER3m,ER3m_L,L,cb_intrinsic,519140,EPG,EPG(PB08)_L1,L,cb_intrinsic,6
24122,ER4d,ER4d_R,R,cb_intrinsic,519140,EPG,EPG(PB08)_L1,L,cb_intrinsic,6
22461,ER4d,ER4d_R,R,cb_intrinsic,519140,EPG,EPG(PB08)_L1,L,cb_intrinsic,6
20653,ER4d,ER4d_L,L,cb_intrinsic,519140,EPG,EPG(PB08)_L1,L,cb_intrinsic,6
19323,ER4d,ER4d_R,R,cb_intrinsic,519140,EPG,EPG(PB08)_L1,L,cb_intrinsic,6
19072,ER5,ER5_R,R,cb_intrinsic,519140,EPG,EPG(PB08)_L1,L,cb_intrinsic,6
18633,ER5,ER5_L,L,cb_intrinsic,519140,EPG,EPG(PB08)_L1,L,cb_intrinsic,6
16343,ER4d,ER4d_R,R,cb_intrinsic,519140,EPG,EPG(PB08)_L1,L,cb_intrinsic,6
527297,ER5,ER5_R,R,cb_intrinsic,15616,EPG,EPG(PB08)_R3,R,cb_intrinsic,6
527150,ER3d_a,ER3d_a_L,L,cb_intrinsic,15616,EPG,EPG(PB08)_R3,R,cb_intrinsic,6
521535,ER5,ER5_L,L,cb_intrinsic,15616,EPG,EPG(PB08)_R3,R,cb_intrinsic,6
521528,ER5,ER5_L,L,cb_intrinsic,15616,EPG,EPG(PB08)_R3,R,cb_intrinsic,6
51382,ER3d_b,ER3d_b_L,L,cb_intrinsic,15616,EPG,EPG(PB08)_R3,R,cb_intrinsic,6
50808,ER4d,ER4d_L,L,cb_intrinsic,15616,EPG,EPG(PB08)_R3,R,cb_intrinsic,6
48318,ER3d_c,ER3d_c_L,L,cb_intrinsic,15616,EPG,EPG(PB08)_R3,R,cb_intrinsic,6
47186,ER3m,ER3m_R,R,cb_intrinsic,15616,EPG,EPG(PB08)_R3,R,cb_intrinsic,6
44127,ER3d_d,ER3d_d_R,R,cb_intrinsic,15616,EPG,EPG(PB08)_R3,R,cb_intrinsic,6
41665,ER3a_c,ER3a_c_L,L,cb_intrinsic,15616,EPG,EPG(PB08)_R3,R,cb_intrinsic,6
38084,ER3m,ER3m_L,L,cb_intrinsic,15616,EPG,EPG(PB08)_R3,R,cb_intrinsic,6
31121,ER3a_c,ER3a_c_L,L,cb_intrinsic,15616,EPG,EPG(PB08)_R3,R,cb_intrinsic,6
30206,ER5,ER5_R,R,cb_intrinsic,15616,EPG,EPG(PB08)_R3,R,cb_intrinsic,6
23197,ER4d,ER4d_L,L,cb_intrinsic,15616,EPG,EPG(PB08)_R3,R,cb_intrinsic,6
22461,ER4d,ER4d_R,R,cb_intrinsic,15616,EPG,EPG(PB08)_R3,R,cb_intrinsic,6
19323,ER4d,ER4d_R,R,cb_intrinsic,15616,EPG,EPG(PB08)_R3,R,cb_intrinsic,6
17561,ER3m,ER3m_R,R,cb_intrinsic,15616,EPG,EPG(PB08)_R3,R,cb_intrinsic,6
11605,ER5,ER5_R,R,cb_intrinsic,15616,EPG,EPG(PB08)_R3,R,cb_intrinsic,6
67174,ER1_a,ER1_a_R,R,cb_intrinsic,16360,EPG,EPG(PB08)_L6,L,cb_intrinsic,6
51382,ER3d_b,ER3d_b_L,L,cb_intrinsic,16360,EPG,EPG(PB08)_L6,L,cb_intrinsic,6
49869,ER3p_b,ER3p_b_R,R,cb_intrinsic,16360,EPG,EPG(PB08)_L6,L,cb_intrinsic,6
47186,ER3m,ER3m_R,R,cb_intrinsic,16360,EPG,EPG(PB08)_L6,L,cb_intrinsic,6
42264,ER3d_e,ER3d_e_R,R,cb_intrinsic,16360,EPG,EPG(PB08)_L6,L,cb_intrinsic,6
41665,ER3a_c,ER3a_c_L,L,cb_intrinsic,16360,EPG,EPG(PB08)_L6,L,cb_intrinsic,6
38306,ER3d_a,ER3d_a_L,L,cb_intrinsic,16360,EPG,EPG(PB08)_L6,L,cb_intrinsic,6
38268,ER1_b,ER1_b_R,R,cb_intrinsic,16360,EPG,EPG(PB08)_L6,L,cb_intrinsic,6
28430,ER3m,ER3m_L,L,cb_intrinsic,16360,EPG,EPG(PB08)_L6,L,cb_intrinsic,6
27013,ER3m,ER3m_L,L,cb_intrinsic,16360,EPG,EPG(PB08)_L6,L,cb_intrinsic,6
24076,ER4d,ER4d_R,R,cb_intrinsic,16360,EPG,EPG(PB08)_L6,L,cb_intrinsic,6
20404,ER4d,ER4d_L,L,cb_intrinsic,16360,EPG,EPG(PB08)_L6,L,cb_intrinsic,6
19410,ER4d,ER4d_L,L,cb_intrinsic,16360,EPG,EPG(PB08)_L6,L,cb_intrinsic,6
19323,ER4d,ER4d_R,R,cb_intrinsic,16360,EPG,EPG(PB08)_L6,L,cb_intrinsic,6
17679,ER2_d,ER2_d_R,R,cb_intrinsic,16360,EPG,EPG(PB08)_L6,L,cb_intrinsic,6
17561,ER3m,ER3m_R,R,cb_intrinsic,16360,EPG,EPG(PB08)_L6,L,cb_intrinsic,6
10043,ER5,ER5_L,L,cb_intrinsic,16360,EPG,EPG(PB08)_L6,L,cb_intrinsic,6
526552,ER3w_b,ER3w_b_R,R,cb_intrinsic,515675,EPG,EPG(PB08)_R1,R,cb_intrinsic,6
69319,ER1_a,ER1_a_R,R,cb_intrinsic,515675,EPG,EPG(PB08)_R1,R,cb_intrinsic,6
67174,ER1_a,ER1_a_R,R,cb_intrinsic,515675,EPG,EPG(PB08)_R1,R,cb_intrinsic,6
63782,ER3d_c,ER3d_c_L,L,cb_intrinsic,515675,EPG,EPG(PB08)_R1,R,cb_intrinsic,6
59230,ER3m,ER3m_R,R,cb_intrinsic,515675,EPG,EPG(PB08)_R1,R,cb_intrinsic,6
44830,ER3d_e,ER3d_e_R,R,cb_intrinsic,515675,EPG,EPG(PB08)_R1,R,cb_intrinsic,6
40213,ER1_b,ER1_b_L,L,cb_intrinsic,515675,EPG,EPG(PB08)_R1,R,cb_intrinsic,6
39798,ER5,ER5_L,L,cb_intrinsic,515675,EPG,EPG(PB08)_R1,R,cb_intrinsic,6
36384,ER1_b,ER1_b_R,R,cb_intrinsic,515675,EPG,EPG(PB08)_R1,R,cb_intrinsic,6
31735,ER1_a,ER1_a_L,L,cb_intrinsic,515675,EPG,EPG(PB08)_R1,R,cb_intrinsic,6
30443,ER3a_c,ER3a_c_R,R,cb_intrinsic,515675,EPG,EPG(PB08)_R1,R,cb_intrinsic,6
30371,ER1_a,ER1_a_R,R,cb_intrinsic,515675,EPG,EPG(PB08)_R1,R,cb_intrinsic,6
29791,ER3d_b,ER3d_b_L,L,cb_intrinsic,515675,EPG,EPG(PB08)_R1,R,cb_intrinsic,6
23197,ER4d,ER4d_L,L,cb_intrinsic,515675,EPG,EPG(PB08)_R1,R,cb_intrinsic,6
12059,ER5,ER5_R,R,cb_intrinsic,515675,EPG,EPG(PB08)_R1,R,cb_intrinsic,6
517603,ER3d_d,ER3d_d_R,R,cb_intrinsic,514126,EPG,EPG(PB08)_R5,R,cb_intrinsic,6
511857,ER1_c,ER1_c_L,L,cb_intrinsic,514126,EPG,EPG(PB08)_R5,R,cb_intrinsic,6
51382,ER3d_b,ER3d_b_L,L,cb_intrinsic,514126,EPG,EPG(PB08)_R5,R,cb_intrinsic,6
47036,ER3d_a,ER3d_a_R,R,cb_intrinsic,514126,EPG,EPG(PB08)_R5,R,cb_intrinsic,6
39798,ER5,ER5_L,L,cb_intrinsic,514126,EPG,EPG(PB08)_R5,R,cb_intrinsic,6
36730,ER1_b,ER1_b_L,L,cb_intrinsic,514126,EPG,EPG(PB08)_R5,R,cb_intrinsic,6
32315,ER1_a,ER1_a_L,L,cb_intrinsic,514126,EPG,EPG(PB08)_R5,R,cb_intrinsic,6
31681,ER1_a,ER1_a_R,R,cb_intrinsic,514126,EPG,EPG(PB08)_R5,R,cb_intrinsic,6
29046,ER3d_b,ER3d_b_R,R,cb_intrinsic,514126,EPG,EPG(PB08)_R5,R,cb_intrinsic,6
27348,ER3m,ER3m_L,L,cb_intrinsic,514126,EPG,EPG(PB08)_R5,R,cb_intrinsic,6
26798,ER1_a,ER1_a_L,L,cb_intrinsic,514126,EPG,EPG(PB08)_R5,R,cb_intrinsic,6
22644,ER3d_a,ER3d_a_R,R,cb_intrinsic,514126,EPG,EPG(PB08)_R5,R,cb_intrinsic,6
20980,ER4d,ER4d_R,R,cb_intrinsic,514126,EPG,EPG(PB08)_R5,R,cb_intrinsic,6
527150,ER3d_a,ER3d_a_L,L,cb_intrinsic,513520,EPG,EPG(PB08)_R6,R,cb_intrinsic,6
527199,ER3d_e,ER3d_e_L,L,cb_intrinsic,513520,EPG,EPG(PB08)_R6,R,cb_intrinsic,6
526143,ER3w_b,ER3w_b_L,L,cb_intrinsic,513520,EPG,EPG(PB08)_R6,R,cb_intrinsic,6
61273,ER1_b,ER1_b_L,L,cb_intrinsic,513520,EPG,EPG(PB08)_R6,R,cb_intrinsic,6
54597,ER1_a,ER1_a_L,L,cb_intrinsic,513520,EPG,EPG(PB08)_R6,R,cb_intrinsic,6
41665,ER3a_c,ER3a_c_L,L,cb_intrinsic,513520,EPG,EPG(PB08)_R6,R,cb_intrinsic,6
34607,ER4d,ER4d_L,L,cb_intrinsic,513520,EPG,EPG(PB08)_R6,R,cb_intrinsic,6
27013,ER3m,ER3m_L,L,cb_intrinsic,513520,EPG,EPG(PB08)_R6,R,cb_intrinsic,6
25329,ER3d_c,ER3d_c_L,L,cb_intrinsic,513520,EPG,EPG(PB08)_R6,R,cb_intrinsic,6
23315,ER4d,ER4d_L,L,cb_intrinsic,513520,EPG,EPG(PB08)_R6,R,cb_intrinsic,6
21664,ER3d_e,ER3d_e_R,R,cb_intrinsic,513520,EPG,EPG(PB08)_R6,R,cb_intrinsic,6
19737,ER4d,ER4d_R,R,cb_intrinsic,513520,EPG,EPG(PB08)_R6,R,cb_intrinsic,6
12059,ER5,ER5_R,R,cb_intrinsic,513520,EPG,EPG(PB08)_R6,R,cb_intrinsic,6
518690,ER1_b,ER1_b_R,R,cb_intrinsic,11874,EPG,EPG(PB08)_L7,L,cb_intrinsic,6
72491,ER1_c,ER1_c_R,R,cb_intrinsic,11874,EPG,EPG(PB08)_L7,L,cb_intrinsic,6
53618,ER3p_b,ER3p_b_L,L,cb_intrinsic,11874,EPG,EPG(PB08)_L7,L,cb_intrinsic,6
47036,ER3d_a,ER3d_a_R,R,cb_intrinsic,11874,EPG,EPG(PB08)_L7,L,cb_intrinsic,6
37058,ER1_b,ER1_b_R,R,cb_intrinsic,11874,EPG,EPG(PB08)_L7,L,cb_intrinsic,6
35641,ER3d_c,ER3d_c_L,L,cb_intrinsic,11874,EPG,EPG(PB08)_L7,L,cb_intrinsic,6
25494,ER3d_e,ER3d_e_L,L,cb_intrinsic,11874,EPG,EPG(PB08)_L7,L,cb_intrinsic,6
22644,ER3d_a,ER3d_a_R,R,cb_intrinsic,11874,EPG,EPG(PB08)_L7,L,cb_intrinsic,6
529847,ER3m,ER3m_L,L,cb_intrinsic,512514,EPG,EPG(PB08)_L1,L,cb_intrinsic,6
67174,ER1_a,ER1_a_R,R,cb_intrinsic,512514,EPG,EPG(PB08)_L1,L,cb_intrinsic,6
63782,ER3d_c,ER3d_c_L,L,cb_intrinsic,512514,EPG,EPG(PB08)_L1,L,cb_intrinsic,6
49869,ER3p_b,ER3p_b_R,R,cb_intrinsic,512514,EPG,EPG(PB08)_L1,L,cb_intrinsic,6
47464,ER3d_d,ER3d_d_R,R,cb_intrinsic,512514,EPG,EPG(PB08)_L1,L,cb_intrinsic,6
46262,ER3d_b,ER3d_b_L,L,cb_intrinsic,512514,EPG,EPG(PB08)_L1,L,cb_intrinsic,6
42509,ER1_a,ER1_a_R,R,cb_intrinsic,512514,EPG,EPG(PB08)_L1,L,cb_intrinsic,6
37437,ER3d_e,ER3d_e_L,L,cb_intrinsic,512514,EPG,EPG(PB08)_L1,L,cb_intrinsic,6
31735,ER1_a,ER1_a_L,L,cb_intrinsic,512514,EPG,EPG(PB08)_L1,L,cb_intrinsic,6
26295,ER3m,ER3m_R,R,cb_intrinsic,512514,EPG,EPG(PB08)_L1,L,cb_intrinsic,6
24459,ER4d,ER4d_L,L,cb_intrinsic,512514,EPG,EPG(PB08)_L1,L,cb_intrinsic,6
23520,ER4d,ER4d_L,L,cb_intrinsic,512514,EPG,EPG(PB08)_L1,L,cb_intrinsic,6
20653,ER4d,ER4d_L,L,cb_intrinsic,512514,EPG,EPG(PB08)_L1,L,cb_intrinsic,6
19169,ER3m,ER3m_L,L,cb_intrinsic,512514,EPG,EPG(PB08)_L1,L,cb_intrinsic,6
17078,ER5,ER5_R,R,cb_intrinsic,512514,EPG,EPG(PB08)_L1,L,cb_intrinsic,6
527199,ER3d_e,ER3d_e_L,L,cb_intrinsic,88342,EPG,EPG(PB08)_L3,L,cb_intrinsic,6
521528,ER5,ER5_L,L,cb_intrinsic,88342,EPG,EPG(PB08)_L3,L,cb_intrinsic,6
514180,ER3p_b,ER3p_b_R,R,cb_intrinsic,88342,EPG,EPG(PB08)_L3,L,cb_intrinsic,6
513379,ER5,ER5_R,R,cb_intrinsic,88342,EPG,EPG(PB08)_L3,L,cb_intrinsic,6
67174,ER1_a,ER1_a_R,R,cb_intrinsic,88342,EPG,EPG(PB08)_L3,L,cb_intrinsic,6
52832,ER3m,ER3m_R,R,cb_intrinsic,88342,EPG,EPG(PB08)_L3,L,cb_intrinsic,6
49378,ER3d_c,ER3d_c_R,R,cb_intrinsic,88342,EPG,EPG(PB08)_L3,L,cb_intrinsic,6
47464,ER3d_d,ER3d_d_R,R,cb_intrinsic,88342,EPG,EPG(PB08)_L3,L,cb_intrinsic,6
47271,ER3p_a,ER3p_a_L,L,cb_intrinsic,88342,EPG,EPG(PB08)_L3,L,cb_intrinsic,6
44127,ER3d_d,ER3d_d_R,R,cb_intrinsic,88342,EPG,EPG(PB08)_L3,L,cb_intrinsic,6
43039,ER3d_d,ER3d_d_L,L,cb_intrinsic,88342,EPG,EPG(PB08)_L3,L,cb_intrinsic,6
39095,ER1_a,ER1_a_L,L,cb_intrinsic,88342,EPG,EPG(PB08)_L3,L,cb_intrinsic,6
38306,ER3d_a,ER3d_a_L,L,cb_intrinsic,88342,EPG,EPG(PB08)_L3,L,cb_intrinsic,6
37817,ER3d_e,ER3d_e_R,R,cb_intrinsic,88342,EPG,EPG(PB08)_L3,L,cb_intrinsic,6
31735,ER1_a,ER1_a_L,L,cb_intrinsic,88342,EPG,EPG(PB08)_L3,L,cb_intrinsic,6
31541,ER3d_d,ER3d_d_R,R,cb_intrinsic,88342,EPG,EPG(PB08)_L3,L,cb_intrinsic,6
31121,ER3a_c,ER3a_c_L,L,cb_intrinsic,88342,EPG,EPG(PB08)_L3,L,cb_intrinsic,6
30522,ER3d_b,ER3d_b_R,R,cb_intrinsic,88342,EPG,EPG(PB08)_L3,L,cb_intrinsic,6
30443,ER3a_c,ER3a_c_R,R,cb_intrinsic,88342,EPG,EPG(PB08)_L3,L,cb_intrinsic,6
30371,ER1_a,ER1_a_R,R,cb_intrinsic,88342,EPG,EPG(PB08)_L3,L,cb_intrinsic,6
29711,ER3a_b,ER3a_b_L,L,cb_intrinsic,88342,EPG,EPG(PB08)_L3,L,cb_intrinsic,6
23874,ER4d,ER4d_R,R,cb_intrinsic,88342,EPG,EPG(PB08)_L3,L,cb_intrinsic,6
20664,ER2_a,ER2_a_R,R,cb_intrinsic,88342,EPG,EPG(PB08)_L3,L,cb_intrinsic,6
20653,ER4d,ER4d_L,L,cb_intrinsic,88342,EPG,EPG(PB08)_L3,L,cb_intrinsic,6
19323,ER4d,ER4d_R,R,cb_intrinsic,88342,EPG,EPG(PB08)_L3,L,cb_intrinsic,6
17591,ER4d,ER4d_R,R,cb_intrinsic,88342,EPG,EPG(PB08)_L3,L,cb_intrinsic,6
10043,ER5,ER5_L,L,cb_intrinsic,88342,EPG,EPG(PB08)_L3,L,cb_intrinsic,6
532637,ER3m,ER3m_R,R,cb_intrinsic,15713,EPG,EPG(PB08)_L6,L,cb_intrinsic,6
523788,ER3w_a,ER3w_a_R,R,cb_intrinsic,15713,EPG,EPG(PB08)_L6,L,cb_intrinsic,6
512608,ER3d_b,ER3d_b_R,R,cb_intrinsic,15713,EPG,EPG(PB08)_L6,L,cb_intrinsic,6
54597,ER1_a,ER1_a_L,L,cb_intrinsic,15713,EPG,EPG(PB08)_L6,L,cb_intrinsic,6
46341,ER3w_b,ER3w_b_L,L,cb_intrinsic,15713,EPG,EPG(PB08)_L6,L,cb_intrinsic,6
39503,ER3p_a,ER3p_a_L,L,cb_intrinsic,15713,EPG,EPG(PB08)_L6,L,cb_intrinsic,6
37437,ER3d_e,ER3d_e_L,L,cb_intrinsic,15713,EPG,EPG(PB08)_L6,L,cb_intrinsic,6
36730,ER1_b,ER1_b_L,L,cb_intrinsic,15713,EPG,EPG(PB08)_L6,L,cb_intrinsic,6
36384,ER1_b,ER1_b_R,R,cb_intrinsic,15713,EPG,EPG(PB08)_L6,L,cb_intrinsic,6
31121,ER3a_c,ER3a_c_L,L,cb_intrinsic,15713,EPG,EPG(PB08)_L6,L,cb_intrinsic,6
30674,ER3d_b,ER3d_b_R,R,cb_intrinsic,15713,EPG,EPG(PB08)_L6,L,cb_intrinsic,6
30522,ER3d_b,ER3d_b_R,R,cb_intrinsic,15713,EPG,EPG(PB08)_L6,L,cb_intrinsic,6
30178,ER3d_b,ER3d_b_R,R,cb_intrinsic,15713,EPG,EPG(PB08)_L6,L,cb_intrinsic,6
25203,ER3w_c,ER3w_c_L,L,cb_intrinsic,15713,EPG,EPG(PB08)_L6,L,cb_intrinsic,6
21664,ER3d_e,ER3d_e_R,R,cb_intrinsic,15713,EPG,EPG(PB08)_L6,L,cb_intrinsic,6
21645,ER2_a,ER2_a_L,L,cb_intrinsic,15713,EPG,EPG(PB08)_L6,L,cb_intrinsic,6
19569,ER2_c,ER2_c_R,R,cb_intrinsic,15713,EPG,EPG(PB08)_L6,L,cb_intrinsic,6
18664,ER2_c,ER2_c_R,R,cb_intrinsic,15713,EPG,EPG(PB08)_L6,L,cb_intrinsic,6
49869,ER3p_b,ER3p_b_R,R,cb_intrinsic,520581,EPG,EPG(PB08)_R4,R,cb_intrinsic,6
49378,ER3d_c,ER3d_c_R,R,cb_intrinsic,520581,EPG,EPG(PB08)_R4,R,cb_intrinsic,6
47464,ER3d_d,ER3d_d_R,R,cb_intrinsic,520581,EPG,EPG(PB08)_R4,R,cb_intrinsic,6
44127,ER3d_d,ER3d_d_R,R,cb_intrinsic,520581,EPG,EPG(PB08)_R4,R,cb_intrinsic,6
33589,ER3d_b,ER3d_b_L,L,cb_intrinsic,520581,EPG,EPG(PB08)_R4,R,cb_intrinsic,6
25841,ER3w_b,ER3w_b_L,L,cb_intrinsic,520581,EPG,EPG(PB08)_R4,R,cb_intrinsic,6
25297,ER3w_a,ER3w_a_R,R,cb_intrinsic,520581,EPG,EPG(PB08)_R4,R,cb_intrinsic,6
23520,ER4d,ER4d_L,L,cb_intrinsic,520581,EPG,EPG(PB08)_R4,R,cb_intrinsic,6
23315,ER4d,ER4d_L,L,cb_intrinsic,520581,EPG,EPG(PB08)_R4,R,cb_intrinsic,6
20653,ER4d,ER4d_L,L,cb_intrinsic,520581,EPG,EPG(PB08)_R4,R,cb_intrinsic,6
17561,ER3m,ER3m_R,R,cb_intrinsic,520581,EPG,EPG(PB08)_R4,R,cb_intrinsic,6
529847,ER3m,ER3m_L,L,cb_intrinsic,13217,EPG,EPG(PB08)_L8,L,cb_intrinsic,6
524068,ER3d_b,ER3d_b_L,L,cb_intrinsic,13217,EPG,EPG(PB08)_L8,L,cb_intrinsic,6
521528,ER5,ER5_L,L,cb_intrinsic,13217,EPG,EPG(PB08)_L8,L,cb_intrinsic,6
514180,ER3p_b,ER3p_b_R,R,cb_intrinsic,13217,EPG,EPG(PB08)_L8,L,cb_intrinsic,6
512608,ER3d_b,ER3d_b_R,R,cb_intrinsic,13217,EPG,EPG(PB08)_L8,L,cb_intrinsic,6
71503,ER1_c,ER1_c_R,R,cb_intrinsic,13217,EPG,EPG(PB08)_L8,L,cb_intrinsic,6
54912,ER3d_b,ER3d_b_L,L,cb_intrinsic,13217,EPG,EPG(PB08)_L8,L,cb_intrinsic,6
49378,ER3d_c,ER3d_c_R,R,cb_intrinsic,13217,EPG,EPG(PB08)_L8,L,cb_intrinsic,6
48956,ER3d_b,ER3d_b_R,R,cb_intrinsic,13217,EPG,EPG(PB08)_L8,L,cb_intrinsic,6
48291,ER3w_b,ER3w_b_L,L,cb_intrinsic,13217,EPG,EPG(PB08)_L8,L,cb_intrinsic,6
46262,ER3d_b,ER3d_b_L,L,cb_intrinsic,13217,EPG,EPG(PB08)_L8,L,cb_intrinsic,6
38306,ER3d_a,ER3d_a_L,L,cb_intrinsic,13217,EPG,EPG(PB08)_L8,L,cb_intrinsic,6
35641,ER3d_c,ER3d_c_L,L,cb_intrinsic,13217,EPG,EPG(PB08)_L8,L,cb_intrinsic,6
31681,ER1_a,ER1_a_R,R,cb_intrinsic,13217,EPG,EPG(PB08)_L8,L,cb_intrinsic,6
31541,ER3d_d,ER3d_d_R,R,cb_intrinsic,13217,EPG,EPG(PB08)_L8,L,cb_intrinsic,6
30522,ER3d_b,ER3d_b_R,R,cb_intrinsic,13217,EPG,EPG(PB08)_L8,L,cb_intrinsic,6
27269,ER3d_c,ER3d_c_L,L,cb_intrinsic,13217,EPG,EPG(PB08)_L8,L,cb_intrinsic,6
27246,ER3d_d,ER3d_d_R,R,cb_intrinsic,13217,EPG,EPG(PB08)_L8,L,cb_intrinsic,6
27052,ER3d_d,ER3d_d_R,R,cb_intrinsic,13217,EPG,EPG(PB08)_L8,L,cb_intrinsic,6
25494,ER3d_e,ER3d_e_L,L,cb_intrinsic,13217,EPG,EPG(PB08)_L8,L,cb_intrinsic,6
23703,ER1_b,ER1_b_R,R,cb_intrinsic,13217,EPG,EPG(PB08)_L8,L,cb_intrinsic,6
527297,ER5,ER5_R,R,cb_intrinsic,92188,EPG,EPG(PB08)_R7,R,cb_intrinsic,6
45134,ER3p_b,ER3p_b_L,L,cb_intrinsic,92188,EPG,EPG(PB08)_R7,R,cb_intrinsic,6
43039,ER3d_d,ER3d_d_L,L,cb_intrinsic,92188,EPG,EPG(PB08)_R7,R,cb_intrinsic,6
42241,ER1_b,ER1_b_R,R,cb_intrinsic,92188,EPG,EPG(PB08)_R7,R,cb_intrinsic,6
37437,ER3d_e,ER3d_e_L,L,cb_intrinsic,92188,EPG,EPG(PB08)_R7,R,cb_intrinsic,6
28701,ER3d_b,ER3d_b_R,R,cb_intrinsic,92188,EPG,EPG(PB08)_R7,R,cb_intrinsic,6
27052,ER3d_d,ER3d_d_R,R,cb_intrinsic,92188,EPG,EPG(PB08)_R7,R,cb_intrinsic,6
27013,ER3m,ER3m_L,L,cb_intrinsic,92188,EPG,EPG(PB08)_R7,R,cb_intrinsic,6
23080,ER4d,ER4d_R,R,cb_intrinsic,92188,EPG,EPG(PB08)_R7,R,cb_intrinsic,6
19410,ER4d,ER4d_L,L,cb_intrinsic,92188,EPG,EPG(PB08)_R7,R,cb_intrinsic,6
18633,ER5,ER5_L,L,cb_intrinsic,92188,EPG,EPG(PB08)_R7,R,cb_intrinsic,6
11605,ER5,ER5_R,R,cb_intrinsic,92188,EPG,EPG(PB08)_R7,R,cb_intrinsic,6
529847,ER3m,ER3m_L,L,cb_intrinsic,521812,EPG,EPG(PB08)_R7,R,cb_intrinsic,6
513346,ER3w_b,ER3w_b_R,R,cb_intrinsic,521812,EPG,EPG(PB08)_R7,R,cb_intrinsic,6
69319,ER1_a,ER1_a_R,R,cb_intrinsic,521812,EPG,EPG(PB08)_R7,R,cb_intrinsic,6
54597,ER1_a,ER1_a_L,L,cb_intrinsic,521812,EPG,EPG(PB08)_R7,R,cb_intrinsic,6
53618,ER3p_b,ER3p_b_L,L,cb_intrinsic,521812,EPG,EPG(PB08)_R7,R,cb_intrinsic,6
46262,ER3d_b,ER3d_b_L,L,cb_intrinsic,521812,EPG,EPG(PB08)_R7,R,cb_intrinsic,6
40213,ER1_b,ER1_b_L,L,cb_intrinsic,521812,EPG,EPG(PB08)_R7,R,cb_intrinsic,6
37758,ER3d_a,ER3d_a_R,R,cb_intrinsic,521812,EPG,EPG(PB08)_R7,R,cb_intrinsic,6
37058,ER1_b,ER1_b_R,R,cb_intrinsic,521812,EPG,EPG(PB08)_R7,R,cb_intrinsic,6
35641,ER3d_c,ER3d_c_L,L,cb_intrinsic,521812,EPG,EPG(PB08)_R7,R,cb_intrinsic,6
34607,ER4d,ER4d_L,L,cb_intrinsic,521812,EPG,EPG(PB08)_R7,R,cb_intrinsic,6
30371,ER1_a,ER1_a_R,R,cb_intrinsic,521812,EPG,EPG(PB08)_R7,R,cb_intrinsic,6
27903,ER3d_d,ER3d_d_L,L,cb_intrinsic,521812,EPG,EPG(PB08)_R7,R,cb_intrinsic,6
25501,ER3w_b,ER3w_b_L,L,cb_intrinsic,521812,EPG,EPG(PB08)_R7,R,cb_intrinsic,6
24122,ER4d,ER4d_R,R,cb_intrinsic,521812,EPG,EPG(PB08)_R7,R,cb_intrinsic,6
19791,ER4d,ER4d_L,L,cb_intrinsic,521812,EPG,EPG(PB08)_R7,R,cb_intrinsic,6
19737,ER4d,ER4d_R,R,cb_intrinsic,521812,EPG,EPG(PB08)_R7,R,cb_intrinsic,6
16598,ER3w_b,ER3w_b_R,R,cb_intrinsic,521812,EPG,EPG(PB08)_R7,R,cb_intrinsic,6
527199,ER3d_e,ER3d_e_L,L,cb_intrinsic,521813,EPG,EPG(PB08)_L2,L,cb_intrinsic,6
63782,ER3d_c,ER3d_c_L,L,cb_intrinsic,521813,EPG,EPG(PB08)_L2,L,cb_intrinsic,6
44127,ER3d_d,ER3d_d_R,R,cb_intrinsic,521813,EPG,EPG(PB08)_L2,L,cb_intrinsic,6
36235,ER1_c,ER1_c_L,L,cb_intrinsic,521813,EPG,EPG(PB08)_L2,L,cb_intrinsic,6
31263,ER3d_b,ER3d_b_R,R,cb_intrinsic,521813,EPG,EPG(PB08)_L2,L,cb_intrinsic,6
26939,ER3m,ER3m_R,R,cb_intrinsic,521813,EPG,EPG(PB08)_L2,L,cb_intrinsic,6
24093,ER3w_a,ER3w_a_R,R,cb_intrinsic,521813,EPG,EPG(PB08)_L2,L,cb_intrinsic,6
23703,ER1_b,ER1_b_R,R,cb_intrinsic,521813,EPG,EPG(PB08)_L2,L,cb_intrinsic,6
14963,ER5,ER5_L,L,cb_intrinsic,521813,EPG,EPG(PB08)_L2,L,cb_intrinsic,6
12059,ER5,ER5_R,R,cb_intrinsic,521813,EPG,EPG(PB08)_L2,L,cb_intrinsic,6
568502,ER5,ER5_R,R,cb_intrinsic,512513,EPG,EPG(PB08)_R1,R,cb_intrinsic,6
514180,ER3p_b,ER3p_b_R,R,cb_intrinsic,512513,EPG,EPG(PB08)_R1,R,cb_intrinsic,6
512608,ER3d_b,ER3d_b_R,R,cb_intrinsic,512513,EPG,EPG(PB08)_R1,R,cb_intrinsic,6
59230,ER3m,ER3m_R,R,cb_intrinsic,512513,EPG,EPG(PB08)_R1,R,cb_intrinsic,6
54912,ER3d_b,ER3d_b_L,L,cb_intrinsic,512513,EPG,EPG(PB08)_R1,R,cb_intrinsic,6
54597,ER1_a,ER1_a_L,L,cb_intrinsic,512513,EPG,EPG(PB08)_R1,R,cb_intrinsic,6
49378,ER3d_c,ER3d_c_R,R,cb_intrinsic,512513,EPG,EPG(PB08)_R1,R,cb_intrinsic,6
31263,ER3d_b,ER3d_b_R,R,cb_intrinsic,512513,EPG,EPG(PB08)_R1,R,cb_intrinsic,6
30592,ER3d_b,ER3d_b_R,R,cb_intrinsic,512513,EPG,EPG(PB08)_R1,R,cb_intrinsic,6
28701,ER3d_b,ER3d_b_R,R,cb_intrinsic,512513,EPG,EPG(PB08)_R1,R,cb_intrinsic,6
27246,ER3d_d,ER3d_d_R,R,cb_intrinsic,512513,EPG,EPG(PB08)_R1,R,cb_intrinsic,6
25797,ER4d,ER4d_L,L,cb_intrinsic,512513,EPG,EPG(PB08)_R1,R,cb_intrinsic,6
19791,ER4d,ER4d_L,L,cb_intrinsic,512513,EPG,EPG(PB08)_R1,R,cb_intrinsic,6
17078,ER5,ER5_R,R,cb_intrinsic,512513,EPG,EPG(PB08)_R1,R,cb_intrinsic,6
11605,ER5,ER5_R,R,cb_intrinsic,512513,EPG,EPG(PB08)_R1,R,cb_intrinsic,6
521528,ER5,ER5_L,L,cb_intrinsic,519941,EPG,EPG(PB08)_L3,L,cb_intrinsic,5
513379,ER5,ER5_R,R,cb_intrinsic,519941,EPG,EPG(PB08)_L3,L,cb_intrinsic,5
71503,ER1_c,ER1_c_R,R,cb_intrinsic,519941,EPG,EPG(PB08)_L3,L,cb_intrinsic,5
63782,ER3d_c,ER3d_c_L,L,cb_intrinsic,519941,EPG,EPG(PB08)_L3,L,cb_intrinsic,5
44814,ER3m,ER3m_L,L,cb_intrinsic,519941,EPG,EPG(PB08)_L3,L,cb_intrinsic,5
40558,ER3d_b,ER3d_b_L,L,cb_intrinsic,519941,EPG,EPG(PB08)_L3,L,cb_intrinsic,5
34038,ER3d_b,ER3d_b_L,L,cb_intrinsic,519941,EPG,EPG(PB08)_L3,L,cb_intrinsic,5
31263,ER3d_b,ER3d_b_R,R,cb_intrinsic,519941,EPG,EPG(PB08)_L3,L,cb_intrinsic,5
31051,ER3m,ER3m_R,R,cb_intrinsic,519941,EPG,EPG(PB08)_L3,L,cb_intrinsic,5
30443,ER3a_c,ER3a_c_R,R,cb_intrinsic,519941,EPG,EPG(PB08)_L3,L,cb_intrinsic,5
29177,ER3d_b,ER3d_b_R,R,cb_intrinsic,519941,EPG,EPG(PB08)_L3,L,cb_intrinsic,5
23315,ER4d,ER4d_L,L,cb_intrinsic,519941,EPG,EPG(PB08)_L3,L,cb_intrinsic,5
19410,ER4d,ER4d_L,L,cb_intrinsic,519941,EPG,EPG(PB08)_L3,L,cb_intrinsic,5
19072,ER5,ER5_R,R,cb_intrinsic,519941,EPG,EPG(PB08)_L3,L,cb_intrinsic,5
11605,ER5,ER5_R,R,cb_intrinsic,519941,EPG,EPG(PB08)_L3,L,cb_intrinsic,5
521535,ER5,ER5_L,L,cb_intrinsic,11989,EPG,EPG(PB08)_L5,L,cb_intrinsic,5
514803,ER2_b,ER2_b_L,L,cb_intrinsic,11989,EPG,EPG(PB08)_L5,L,cb_intrinsic,5
63782,ER3d_c,ER3d_c_L,L,cb_intrinsic,11989,EPG,EPG(PB08)_L5,L,cb_intrinsic,5
52832,ER3m,ER3m_R,R,cb_intrinsic,11989,EPG,EPG(PB08)_L5,L,cb_intrinsic,5
48956,ER3d_b,ER3d_b_R,R,cb_intrinsic,11989,EPG,EPG(PB08)_L5,L,cb_intrinsic,5
48318,ER3d_c,ER3d_c_L,L,cb_intrinsic,11989,EPG,EPG(PB08)_L5,L,cb_intrinsic,5
43212,ER3d_a,ER3d_a_L,L,cb_intrinsic,11989,EPG,EPG(PB08)_L5,L,cb_intrinsic,5
38084,ER3m,ER3m_L,L,cb_intrinsic,11989,EPG,EPG(PB08)_L5,L,cb_intrinsic,5
31735,ER1_a,ER1_a_L,L,cb_intrinsic,11989,EPG,EPG(PB08)_L5,L,cb_intrinsic,5
31263,ER3d_b,ER3d_b_R,R,cb_intrinsic,11989,EPG,EPG(PB08)_L5,L,cb_intrinsic,5
30443,ER3a_c,ER3a_c_R,R,cb_intrinsic,11989,EPG,EPG(PB08)_L5,L,cb_intrinsic,5
27770,ER3w_b,ER3w_b_R,R,cb_intrinsic,11989,EPG,EPG(PB08)_L5,L,cb_intrinsic,5
26295,ER3m,ER3m_R,R,cb_intrinsic,11989,EPG,EPG(PB08)_L5,L,cb_intrinsic,5
20026,ER5,ER5_L,L,cb_intrinsic,11989,EPG,EPG(PB08)_L5,L,cb_intrinsic,5
19072,ER5,ER5_R,R,cb_intrinsic,11989,EPG,EPG(PB08)_L5,L,cb_intrinsic,5
532637,ER3m,ER3m_R,R,cb_intrinsic,107195,EPG,EPG(PB08)_L5,L,cb_intrinsic,5
524075,ER2_d,ER2_d_L,L,cb_intrinsic,107195,EPG,EPG(PB08)_L5,L,cb_intrinsic,5
522806,ER3d_c,ER3d_c_R,R,cb_intrinsic,107195,EPG,EPG(PB08)_L5,L,cb_intrinsic,5
46262,ER3d_b,ER3d_b_L,L,cb_intrinsic,107195,EPG,EPG(PB08)_L5,L,cb_intrinsic,5
44422,ER3m,ER3m_L,L,cb_intrinsic,107195,EPG,EPG(PB08)_L5,L,cb_intrinsic,5
43683,ER3w_a,ER3w_a_R,R,cb_intrinsic,107195,EPG,EPG(PB08)_L5,L,cb_intrinsic,5
32315,ER1_a,ER1_a_L,L,cb_intrinsic,107195,EPG,EPG(PB08)_L5,L,cb_intrinsic,5
31684,ER3d_a,ER3d_a_R,R,cb_intrinsic,107195,EPG,EPG(PB08)_L5,L,cb_intrinsic,5
31541,ER3d_d,ER3d_d_R,R,cb_intrinsic,107195,EPG,EPG(PB08)_L5,L,cb_intrinsic,5
30206,ER5,ER5_R,R,cb_intrinsic,107195,EPG,EPG(PB08)_L5,L,cb_intrinsic,5
27052,ER3d_d,ER3d_d_R,R,cb_intrinsic,107195,EPG,EPG(PB08)_L5,L,cb_intrinsic,5
24459,ER4d,ER4d_L,L,cb_intrinsic,107195,EPG,EPG(PB08)_L5,L,cb_intrinsic,5
23197,ER4d,ER4d_L,L,cb_intrinsic,107195,EPG,EPG(PB08)_L5,L,cb_intrinsic,5
22461,ER4d,ER4d_R,R,cb_intrinsic,107195,EPG,EPG(PB08)_L5,L,cb_intrinsic,5
20404,ER4d,ER4d_L,L,cb_intrinsic,107195,EPG,EPG(PB08)_L5,L,cb_intrinsic,5
527150,ER3d_a,ER3d_a_L,L,cb_intrinsic,519328,EPG,EPG(PB08)_L3,L,cb_intrinsic,5
59230,ER3m,ER3m_R,R,cb_intrinsic,519328,EPG,EPG(PB08)_L3,L,cb_intrinsic,5
49378,ER3d_c,ER3d_c_R,R,cb_intrinsic,519328,EPG,EPG(PB08)_L3,L,cb_intrinsic,5
45839,ER3d_b,ER3d_b_L,L,cb_intrinsic,519328,EPG,EPG(PB08)_L3,L,cb_intrinsic,5
37817,ER3d_e,ER3d_e_R,R,cb_intrinsic,519328,EPG,EPG(PB08)_L3,L,cb_intrinsic,5
33589,ER3d_b,ER3d_b_L,L,cb_intrinsic,519328,EPG,EPG(PB08)_L3,L,cb_intrinsic,5
31541,ER3d_d,ER3d_d_R,R,cb_intrinsic,519328,EPG,EPG(PB08)_L3,L,cb_intrinsic,5
25494,ER3d_e,ER3d_e_L,L,cb_intrinsic,519328,EPG,EPG(PB08)_L3,L,cb_intrinsic,5
20404,ER4d,ER4d_L,L,cb_intrinsic,519328,EPG,EPG(PB08)_L3,L,cb_intrinsic,5
14284,ER5,ER5_R,R,cb_intrinsic,519328,EPG,EPG(PB08)_L3,L,cb_intrinsic,5
532637,ER3m,ER3m_R,R,cb_intrinsic,512928,EPG,EPG(PB08)_R3,R,cb_intrinsic,5
529330,ER3d_b,ER3d_b_L,L,cb_intrinsic,512928,EPG,EPG(PB08)_R3,R,cb_intrinsic,5
527297,ER5,ER5_R,R,cb_intrinsic,512928,EPG,EPG(PB08)_R3,R,cb_intrinsic,5
521535,ER5,ER5_L,L,cb_intrinsic,512928,EPG,EPG(PB08)_R3,R,cb_intrinsic,5
47859,ER3d_c,ER3d_c_R,R,cb_intrinsic,512928,EPG,EPG(PB08)_R3,R,cb_intrinsic,5
44830,ER3d_e,ER3d_e_R,R,cb_intrinsic,512928,EPG,EPG(PB08)_R3,R,cb_intrinsic,5
39798,ER5,ER5_L,L,cb_intrinsic,512928,EPG,EPG(PB08)_R3,R,cb_intrinsic,5
37758,ER3d_a,ER3d_a_R,R,cb_intrinsic,512928,EPG,EPG(PB08)_R3,R,cb_intrinsic,5
34038,ER3d_b,ER3d_b_L,L,cb_intrinsic,512928,EPG,EPG(PB08)_R3,R,cb_intrinsic,5
31051,ER3m,ER3m_R,R,cb_intrinsic,512928,EPG,EPG(PB08)_R3,R,cb_intrinsic,5
30592,ER3d_b,ER3d_b_R,R,cb_intrinsic,512928,EPG,EPG(PB08)_R3,R,cb_intrinsic,5
30178,ER3d_b,ER3d_b_R,R,cb_intrinsic,512928,EPG,EPG(PB08)_R3,R,cb_intrinsic,5
27246,ER3d_d,ER3d_d_R,R,cb_intrinsic,512928,EPG,EPG(PB08)_R3,R,cb_intrinsic,5
25329,ER3d_c,ER3d_c_L,L,cb_intrinsic,512928,EPG,EPG(PB08)_R3,R,cb_intrinsic,5
24122,ER4d,ER4d_R,R,cb_intrinsic,512928,EPG,EPG(PB08)_R3,R,cb_intrinsic,5
18633,ER5,ER5_L,L,cb_intrinsic,512928,EPG,EPG(PB08)_R3,R,cb_intrinsic,5
14963,ER5,ER5_L,L,cb_intrinsic,512928,EPG,EPG(PB08)_R3,R,cb_intrinsic,5
10043,ER5,ER5_L,L,cb_intrinsic,512928,EPG,EPG(PB08)_R3,R,cb_intrinsic,5
527150,ER3d_a,ER3d_a_L,L,cb_intrinsic,14507,EPG,EPG(PB08)_R7,R,cb_intrinsic,5
527199,ER3d_e,ER3d_e_L,L,cb_intrinsic,14507,EPG,EPG(PB08)_R7,R,cb_intrinsic,5
511857,ER1_c,ER1_c_L,L,cb_intrinsic,14507,EPG,EPG(PB08)_R7,R,cb_intrinsic,5
63782,ER3d_c,ER3d_c_L,L,cb_intrinsic,14507,EPG,EPG(PB08)_R7,R,cb_intrinsic,5
53618,ER3p_b,ER3p_b_L,L,cb_intrinsic,14507,EPG,EPG(PB08)_R7,R,cb_intrinsic,5
49002,ER3p_a,ER3p_a_L,L,cb_intrinsic,14507,EPG,EPG(PB08)_R7,R,cb_intrinsic,5
38084,ER3m,ER3m_L,L,cb_intrinsic,14507,EPG,EPG(PB08)_R7,R,cb_intrinsic,5
37758,ER3d_a,ER3d_a_R,R,cb_intrinsic,14507,EPG,EPG(PB08)_R7,R,cb_intrinsic,5
36730,ER1_b,ER1_b_L,L,cb_intrinsic,14507,EPG,EPG(PB08)_R7,R,cb_intrinsic,5
33589,ER3d_b,ER3d_b_L,L,cb_intrinsic,14507,EPG,EPG(PB08)_R7,R,cb_intrinsic,5
31735,ER1_a,ER1_a_L,L,cb_intrinsic,14507,EPG,EPG(PB08)_R7,R,cb_intrinsic,5
25494,ER3d_e,ER3d_e_L,L,cb_intrinsic,14507,EPG,EPG(PB08)_R7,R,cb_intrinsic,5
24076,ER4d,ER4d_R,R,cb_intrinsic,14507,EPG,EPG(PB08)_R7,R,cb_intrinsic,5
23703,ER1_b,ER1_b_R,R,cb_intrinsic,14507,EPG,EPG(PB08)_R7,R,cb_intrinsic,5
23197,ER4d,ER4d_L,L,cb_intrinsic,14507,EPG,EPG(PB08)_R7,R,cb_intrinsic,5
23080,ER4d,ER4d_R,R,cb_intrinsic,14507,EPG,EPG(PB08)_R7,R,cb_intrinsic,5
22644,ER3d_a,ER3d_a_R,R,cb_intrinsic,14507,EPG,EPG(PB08)_R7,R,cb_intrinsic,5
19169,ER3m,ER3m_L,L,cb_intrinsic,14507,EPG,EPG(PB08)_R7,R,cb_intrinsic,5
16598,ER3w_b,ER3w_b_R,R,cb_intrinsic,14507,EPG,EPG(PB08)_R7,R,cb_intrinsic,5
529207,ER3p_a,ER3p_a_R,R,cb_intrinsic,524073,EPG,EPG(PB08)_L2,L,cb_intrinsic,5
514180,ER3p_b,ER3p_b_R,R,cb_intrinsic,524073,EPG,EPG(PB08)_L2,L,cb_intrinsic,5
50007,ER3p_a,ER3p_a_L,L,cb_intrinsic,524073,EPG,EPG(PB08)_L2,L,cb_intrinsic,5
47186,ER3m,ER3m_R,R,cb_intrinsic,524073,EPG,EPG(PB08)_L2,L,cb_intrinsic,5
47036,ER3d_a,ER3d_a_R,R,cb_intrinsic,524073,EPG,EPG(PB08)_L2,L,cb_intrinsic,5
43212,ER3d_a,ER3d_a_L,L,cb_intrinsic,524073,EPG,EPG(PB08)_L2,L,cb_intrinsic,5
41665,ER3a_c,ER3a_c_L,L,cb_intrinsic,524073,EPG,EPG(PB08)_L2,L,cb_intrinsic,5
34038,ER3d_b,ER3d_b_L,L,cb_intrinsic,524073,EPG,EPG(PB08)_L2,L,cb_intrinsic,5
33589,ER3d_b,ER3d_b_L,L,cb_intrinsic,524073,EPG,EPG(PB08)_L2,L,cb_intrinsic,5
31735,ER1_a,ER1_a_L,L,cb_intrinsic,524073,EPG,EPG(PB08)_L2,L,cb_intrinsic,5
31121,ER3a_c,ER3a_c_L,L,cb_intrinsic,524073,EPG,EPG(PB08)_L2,L,cb_intrinsic,5
30206,ER5,ER5_R,R,cb_intrinsic,524073,EPG,EPG(PB08)_L2,L,cb_intrinsic,5
29046,ER3d_b,ER3d_b_R,R,cb_intrinsic,524073,EPG,EPG(PB08)_L2,L,cb_intrinsic,5
27806,ER3p_a,ER3p_a_R,R,cb_intrinsic,524073,EPG,EPG(PB08)_L2,L,cb_intrinsic,5
26295,ER3m,ER3m_R,R,cb_intrinsic,524073,EPG,EPG(PB08)_L2,L,cb_intrinsic,5
20514,ER3d_d,ER3d_d_L,L,cb_intrinsic,524073,EPG,EPG(PB08)_L2,L,cb_intrinsic,5
19169,ER3m,ER3m_L,L,cb_intrinsic,524073,EPG,EPG(PB08)_L2,L,cb_intrinsic,5
72491,ER1_c,ER1_c_R,R,cb_intrinsic,519144,EPG,EPG(PB08)_L8,L,cb_intrinsic,5
61273,ER1_b,ER1_b_L,L,cb_intrinsic,519144,EPG,EPG(PB08)_L8,L,cb_intrinsic,5
54597,ER1_a,ER1_a_L,L,cb_intrinsic,519144,EPG,EPG(PB08)_L8,L,cb_intrinsic,5
47464,ER3d_d,ER3d_d_R,R,cb_intrinsic,519144,EPG,EPG(PB08)_L8,L,cb_intrinsic,5
47036,ER3d_a,ER3d_a_R,R,cb_intrinsic,519144,EPG,EPG(PB08)_L8,L,cb_intrinsic,5
43039,ER3d_d,ER3d_d_L,L,cb_intrinsic,519144,EPG,EPG(PB08)_L8,L,cb_intrinsic,5
36235,ER1_c,ER1_c_L,L,cb_intrinsic,519144,EPG,EPG(PB08)_L8,L,cb_intrinsic,5
31681,ER1_a,ER1_a_R,R,cb_intrinsic,519144,EPG,EPG(PB08)_L8,L,cb_intrinsic,5
25329,ER3d_c,ER3d_c_L,L,cb_intrinsic,519144,EPG,EPG(PB08)_L8,L,cb_intrinsic,5
522806,ER3d_c,ER3d_c_R,R,cb_intrinsic,512305,EPG,EPG(PB08)_R8,R,cb_intrinsic,5
69319,ER1_a,ER1_a_R,R,cb_intrinsic,512305,EPG,EPG(PB08)_R8,R,cb_intrinsic,5
63782,ER3d_c,ER3d_c_L,L,cb_intrinsic,512305,EPG,EPG(PB08)_R8,R,cb_intrinsic,5
52832,ER3m,ER3m_R,R,cb_intrinsic,512305,EPG,EPG(PB08)_R8,R,cb_intrinsic,5
48318,ER3d_c,ER3d_c_L,L,cb_intrinsic,512305,EPG,EPG(PB08)_R8,R,cb_intrinsic,5
39798,ER5,ER5_L,L,cb_intrinsic,512305,EPG,EPG(PB08)_R8,R,cb_intrinsic,5
38306,ER3d_a,ER3d_a_L,L,cb_intrinsic,512305,EPG,EPG(PB08)_R8,R,cb_intrinsic,5
37817,ER3d_e,ER3d_e_R,R,cb_intrinsic,512305,EPG,EPG(PB08)_R8,R,cb_intrinsic,5
32315,ER1_a,ER1_a_L,L,cb_intrinsic,512305,EPG,EPG(PB08)_R8,R,cb_intrinsic,5
28701,ER3d_b,ER3d_b_R,R,cb_intrinsic,512305,EPG,EPG(PB08)_R8,R,cb_intrinsic,5
27013,ER3m,ER3m_L,L,cb_intrinsic,512305,EPG,EPG(PB08)_R8,R,cb_intrinsic,5
26295,ER3m,ER3m_R,R,cb_intrinsic,512305,EPG,EPG(PB08)_R8,R,cb_intrinsic,5
17561,ER3m,ER3m_R,R,cb_intrinsic,512305,EPG,EPG(PB08)_R8,R,cb_intrinsic,5
12059,ER5,ER5_R,R,cb_intrinsic,512305,EPG,EPG(PB08)_R8,R,cb_intrinsic,5
514180,ER3p_b,ER3p_b_R,R,cb_intrinsic,513464,EPG,EPG(PB08)_R8,R,cb_intrinsic,5
511857,ER1_c,ER1_c_L,L,cb_intrinsic,513464,EPG,EPG(PB08)_R8,R,cb_intrinsic,5
53745,ER3p_a,ER3p_a_L,L,cb_intrinsic,513464,EPG,EPG(PB08)_R8,R,cb_intrinsic,5
48096,ER3p_a,ER3p_a_L,L,cb_intrinsic,513464,EPG,EPG(PB08)_R8,R,cb_intrinsic,5
47186,ER3m,ER3m_R,R,cb_intrinsic,513464,EPG,EPG(PB08)_R8,R,cb_intrinsic,5
39503,ER3p_a,ER3p_a_L,L,cb_intrinsic,513464,EPG,EPG(PB08)_R8,R,cb_intrinsic,5
37817,ER3d_e,ER3d_e_R,R,cb_intrinsic,513464,EPG,EPG(PB08)_R8,R,cb_intrinsic,5
37758,ER3d_a,ER3d_a_R,R,cb_intrinsic,513464,EPG,EPG(PB08)_R8,R,cb_intrinsic,5
27269,ER3d_c,ER3d_c_L,L,cb_intrinsic,513464,EPG,EPG(PB08)_R8,R,cb_intrinsic,5
23197,ER4d,ER4d_L,L,cb_intrinsic,513464,EPG,EPG(PB08)_R8,R,cb_intrinsic,5
22644,ER3d_a,ER3d_a_R,R,cb_intrinsic,513464,EPG,EPG(PB08)_R8,R,cb_intrinsic,5
522806,ER3d_c,ER3d_c_R,R,cb_intrinsic,19825,EPG,EPG(PB08)_R6,R,cb_intrinsic,5
61273,ER1_b,ER1_b_L,L,cb_intrinsic,19825,EPG,EPG(PB08)_R6,R,cb_intrinsic,5
43212,ER3d_a,ER3d_a_L,L,cb_intrinsic,19825,EPG,EPG(PB08)_R6,R,cb_intrinsic,5
31681,ER1_a,ER1_a_R,R,cb_intrinsic,19825,EPG,EPG(PB08)_R6,R,cb_intrinsic,5
31541,ER3d_d,ER3d_d_R,R,cb_intrinsic,19825,EPG,EPG(PB08)_R6,R,cb_intrinsic,5
29791,ER3d_b,ER3d_b_L,L,cb_intrinsic,19825,EPG,EPG(PB08)_R6,R,cb_intrinsic,5
27806,ER3p_a,ER3p_a_R,R,cb_intrinsic,19825,EPG,EPG(PB08)_R6,R,cb_intrinsic,5
23197,ER4d,ER4d_L,L,cb_intrinsic,19825,EPG,EPG(PB08)_R6,R,cb_intrinsic,5
21664,ER3d_e,ER3d_e_R,R,cb_intrinsic,19825,EPG,EPG(PB08)_R6,R,cb_intrinsic,5
19737,ER4d,ER4d_R,R,cb_intrinsic,19825,EPG,EPG(PB08)_R6,R,cb_intrinsic,5
19169,ER3m,ER3m_L,L,cb_intrinsic,19825,EPG,EPG(PB08)_R6,R,cb_intrinsic,5
527199,ER3d_e,ER3d_e_L,L,cb_intrinsic,11307,EPG,EPG(PB08)_L4,L,cb_intrinsic,5
523816,ER1_b,ER1_b_L,L,cb_intrinsic,11307,EPG,EPG(PB08)_L4,L,cb_intrinsic,5
53618,ER3p_b,ER3p_b_L,L,cb_intrinsic,11307,EPG,EPG(PB08)_L4,L,cb_intrinsic,5
49869,ER3p_b,ER3p_b_R,R,cb_intrinsic,11307,EPG,EPG(PB08)_L4,L,cb_intrinsic,5
45134,ER3p_b,ER3p_b_L,L,cb_intrinsic,11307,EPG,EPG(PB08)_L4,L,cb_intrinsic,5
42509,ER1_a,ER1_a_R,R,cb_intrinsic,11307,EPG,EPG(PB08)_L4,L,cb_intrinsic,5
37105,ER1_b,ER1_b_L,L,cb_intrinsic,11307,EPG,EPG(PB08)_L4,L,cb_intrinsic,5
30371,ER1_a,ER1_a_R,R,cb_intrinsic,11307,EPG,EPG(PB08)_L4,L,cb_intrinsic,5
27348,ER3m,ER3m_L,L,cb_intrinsic,11307,EPG,EPG(PB08)_L4,L,cb_intrinsic,5
26939,ER3m,ER3m_R,R,cb_intrinsic,11307,EPG,EPG(PB08)_L4,L,cb_intrinsic,5
26798,ER1_a,ER1_a_L,L,cb_intrinsic,11307,EPG,EPG(PB08)_L4,L,cb_intrinsic,5
25329,ER3d_c,ER3d_c_L,L,cb_intrinsic,11307,EPG,EPG(PB08)_L4,L,cb_intrinsic,5
23703,ER1_b,ER1_b_R,R,cb_intrinsic,11307,EPG,EPG(PB08)_L4,L,cb_intrinsic,5
19169,ER3m,ER3m_L,L,cb_intrinsic,11307,EPG,EPG(PB08)_L4,L,cb_intrinsic,5
71503,ER1_c,ER1_c_R,R,cb_intrinsic,11503,EPG,EPG(PB08)_R8,R,cb_intrinsic,5
63782,ER3d_c,ER3d_c_L,L,cb_intrinsic,11503,EPG,EPG(PB08)_R8,R,cb_intrinsic,5
54597,ER1_a,ER1_a_L,L,cb_intrinsic,11503,EPG,EPG(PB08)_R8,R,cb_intrinsic,5
49869,ER3p_b,ER3p_b_R,R,cb_intrinsic,11503,EPG,EPG(PB08)_R8,R,cb_intrinsic,5
45839,ER3d_b,ER3d_b_L,L,cb_intrinsic,11503,EPG,EPG(PB08)_R8,R,cb_intrinsic,5
43212,ER3d_a,ER3d_a_L,L,cb_intrinsic,11503,EPG,EPG(PB08)_R8,R,cb_intrinsic,5
43039,ER3d_d,ER3d_d_L,L,cb_intrinsic,11503,EPG,EPG(PB08)_R8,R,cb_intrinsic,5
38306,ER3d_a,ER3d_a_L,L,cb_intrinsic,11503,EPG,EPG(PB08)_R8,R,cb_intrinsic,5
36235,ER1_c,ER1_c_L,L,cb_intrinsic,11503,EPG,EPG(PB08)_R8,R,cb_intrinsic,5
29545,ER3w_b,ER3w_b_R,R,cb_intrinsic,11503,EPG,EPG(PB08)_R8,R,cb_intrinsic,5
28701,ER3d_b,ER3d_b_R,R,cb_intrinsic,11503,EPG,EPG(PB08)_R8,R,cb_intrinsic,5
27052,ER3d_d,ER3d_d_R,R,cb_intrinsic,11503,EPG,EPG(PB08)_R8,R,cb_intrinsic,5
20514,ER3d_d,ER3d_d_L,L,cb_intrinsic,11503,EPG,EPG(PB08)_R8,R,cb_intrinsic,5
10043,ER5,ER5_L,L,cb_intrinsic,11503,EPG,EPG(PB08)_R8,R,cb_intrinsic,5
530339,ER3d_d,ER3d_d_L,L,cb_intrinsic,84758,EPG,EPG(PB08)_L7,L,cb_intrinsic,5
527653,ER4d,ER4d_L,L,cb_intrinsic,84758,EPG,EPG(PB08)_L7,L,cb_intrinsic,5
524068,ER3d_b,ER3d_b_L,L,cb_intrinsic,84758,EPG,EPG(PB08)_L7,L,cb_intrinsic,5
521534,ER5,ER5_L,L,cb_intrinsic,84758,EPG,EPG(PB08)_L7,L,cb_intrinsic,5
48956,ER3d_b,ER3d_b_R,R,cb_intrinsic,84758,EPG,EPG(PB08)_L7,L,cb_intrinsic,5
47186,ER3m,ER3m_R,R,cb_intrinsic,84758,EPG,EPG(PB08)_L7,L,cb_intrinsic,5
44909,ER5,ER5_L,L,cb_intrinsic,84758,EPG,EPG(PB08)_L7,L,cb_intrinsic,5
43039,ER3d_d,ER3d_d_L,L,cb_intrinsic,84758,EPG,EPG(PB08)_L7,L,cb_intrinsic,5
37437,ER3d_e,ER3d_e_L,L,cb_intrinsic,84758,EPG,EPG(PB08)_L7,L,cb_intrinsic,5
31263,ER3d_b,ER3d_b_R,R,cb_intrinsic,84758,EPG,EPG(PB08)_L7,L,cb_intrinsic,5
27013,ER3m,ER3m_L,L,cb_intrinsic,84758,EPG,EPG(PB08)_L7,L,cb_intrinsic,5
23874,ER4d,ER4d_R,R,cb_intrinsic,84758,EPG,EPG(PB08)_L7,L,cb_intrinsic,5
23315,ER4d,ER4d_L,L,cb_intrinsic,84758,EPG,EPG(PB08)_L7,L,cb_intrinsic,5
18633,ER5,ER5_L,L,cb_intrinsic,84758,EPG,EPG(PB08)_L7,L,cb_intrinsic,5
16343,ER4d,ER4d_R,R,cb_intrinsic,84758,EPG,EPG(PB08)_L7,L,cb_intrinsic,5
12059,ER5,ER5_R,R,cb_intrinsic,84758,EPG,EPG(PB08)_L7,L,cb_intrinsic,5
10043,ER5,ER5_L,L,cb_intrinsic,84758,EPG,EPG(PB08)_L7,L,cb_intrinsic,5
521535,ER5,ER5_L,L,cb_intrinsic,520812,EPG,EPG(PB08)_R8,R,cb_intrinsic,5
521528,ER5,ER5_L,L,cb_intrinsic,520812,EPG,EPG(PB08)_R8,R,cb_intrinsic,5
521534,ER5,ER5_L,L,cb_intrinsic,520812,EPG,EPG(PB08)_R8,R,cb_intrinsic,5
54597,ER1_a,ER1_a_L,L,cb_intrinsic,520812,EPG,EPG(PB08)_R8,R,cb_intrinsic,5
48291,ER3w_b,ER3w_b_L,L,cb_intrinsic,520812,EPG,EPG(PB08)_R8,R,cb_intrinsic,5
47271,ER3p_a,ER3p_a_L,L,cb_intrinsic,520812,EPG,EPG(PB08)_R8,R,cb_intrinsic,5
47036,ER3d_a,ER3d_a_R,R,cb_intrinsic,520812,EPG,EPG(PB08)_R8,R,cb_intrinsic,5
42509,ER1_a,ER1_a_R,R,cb_intrinsic,520812,EPG,EPG(PB08)_R8,R,cb_intrinsic,5
42241,ER1_b,ER1_b_R,R,cb_intrinsic,520812,EPG,EPG(PB08)_R8,R,cb_intrinsic,5
39095,ER1_a,ER1_a_L,L,cb_intrinsic,520812,EPG,EPG(PB08)_R8,R,cb_intrinsic,5
31263,ER3d_b,ER3d_b_R,R,cb_intrinsic,520812,EPG,EPG(PB08)_R8,R,cb_intrinsic,5
30522,ER3d_b,ER3d_b_R,R,cb_intrinsic,520812,EPG,EPG(PB08)_R8,R,cb_intrinsic,5
27903,ER3d_d,ER3d_d_L,L,cb_intrinsic,520812,EPG,EPG(PB08)_R8,R,cb_intrinsic,5
27348,ER3m,ER3m_L,L,cb_intrinsic,520812,EPG,EPG(PB08)_R8,R,cb_intrinsic,5
27043,ER3w_c,ER3w_c_R,R,cb_intrinsic,520812,EPG,EPG(PB08)_R8,R,cb_intrinsic,5
27013,ER3m,ER3m_L,L,cb_intrinsic,520812,EPG,EPG(PB08)_R8,R,cb_intrinsic,5
26798,ER1_a,ER1_a_L,L,cb_intrinsic,520812,EPG,EPG(PB08)_R8,R,cb_intrinsic,5
25329,ER3d_c,ER3d_c_L,L,cb_intrinsic,520812,EPG,EPG(PB08)_R8,R,cb_intrinsic,5
22001,ER5,ER5_L,L,cb_intrinsic,520812,EPG,EPG(PB08)_R8,R,cb_intrinsic,5
19169,ER3m,ER3m_L,L,cb_intrinsic,520812,EPG,EPG(PB08)_R8,R,cb_intrinsic,5
12059,ER5,ER5_R,R,cb_intrinsic,520812,EPG,EPG(PB08)_R8,R,cb_intrinsic,5
527297,ER5,ER5_R,R,cb_intrinsic,513284,EPG,EPG(PB08)_R3,R,cb_intrinsic,5
48318,ER3d_c,ER3d_c_L,L,cb_intrinsic,513284,EPG,EPG(PB08)_R3,R,cb_intrinsic,5
45839,ER3d_b,ER3d_b_L,L,cb_intrinsic,513284,EPG,EPG(PB08)_R3,R,cb_intrinsic,5
44814,ER3m,ER3m_L,L,cb_intrinsic,513284,EPG,EPG(PB08)_R3,R,cb_intrinsic,5
41665,ER3a_c,ER3a_c_L,L,cb_intrinsic,513284,EPG,EPG(PB08)_R3,R,cb_intrinsic,5
40558,ER3d_b,ER3d_b_L,L,cb_intrinsic,513284,EPG,EPG(PB08)_R3,R,cb_intrinsic,5
30674,ER3d_b,ER3d_b_R,R,cb_intrinsic,513284,EPG,EPG(PB08)_R3,R,cb_intrinsic,5
30443,ER3a_c,ER3a_c_R,R,cb_intrinsic,513284,EPG,EPG(PB08)_R3,R,cb_intrinsic,5
27246,ER3d_d,ER3d_d_R,R,cb_intrinsic,513284,EPG,EPG(PB08)_R3,R,cb_intrinsic,5
27052,ER3d_d,ER3d_d_R,R,cb_intrinsic,513284,EPG,EPG(PB08)_R3,R,cb_intrinsic,5
19072,ER5,ER5_R,R,cb_intrinsic,513284,EPG,EPG(PB08)_R3,R,cb_intrinsic,5
17561,ER3m,ER3m_R,R,cb_intrinsic,513284,EPG,EPG(PB08)_R3,R,cb_intrinsic,5
523816,ER1_b,ER1_b_L,L,cb_intrinsic,556346,EPG,EPG(PB08)_L6,L,cb_intrinsic,5
522806,ER3d_c,ER3d_c_R,R,cb_intrinsic,556346,EPG,EPG(PB08)_L6,L,cb_intrinsic,5
517603,ER3d_d,ER3d_d_R,R,cb_intrinsic,556346,EPG,EPG(PB08)_L6,L,cb_intrinsic,5
51382,ER3d_b,ER3d_b_L,L,cb_intrinsic,556346,EPG,EPG(PB08)_L6,L,cb_intrinsic,5
47859,ER3d_c,ER3d_c_R,R,cb_intrinsic,556346,EPG,EPG(PB08)_L6,L,cb_intrinsic,5
37437,ER3d_e,ER3d_e_L,L,cb_intrinsic,556346,EPG,EPG(PB08)_L6,L,cb_intrinsic,5
33589,ER3d_b,ER3d_b_L,L,cb_intrinsic,556346,EPG,EPG(PB08)_L6,L,cb_intrinsic,5
31681,ER1_a,ER1_a_R,R,cb_intrinsic,556346,EPG,EPG(PB08)_L6,L,cb_intrinsic,5
29791,ER3d_b,ER3d_b_L,L,cb_intrinsic,556346,EPG,EPG(PB08)_L6,L,cb_intrinsic,5
27770,ER3w_b,ER3w_b_R,R,cb_intrinsic,556346,EPG,EPG(PB08)_L6,L,cb_intrinsic,5
26939,ER3m,ER3m_R,R,cb_intrinsic,556346,EPG,EPG(PB08)_L6,L,cb_intrinsic,5
24879,ER4d,ER4d_L,L,cb_intrinsic,556346,EPG,EPG(PB08)_L6,L,cb_intrinsic,5
17561,ER3m,ER3m_R,R,cb_intrinsic,556346,EPG,EPG(PB08)_L6,L,cb_intrinsic,5
16598,ER3w_b,ER3w_b_R,R,cb_intrinsic,556346,EPG,EPG(PB08)_L6,L,cb_intrinsic,5
568502,ER5,ER5_R,R,cb_intrinsic,523786,EPG,EPG(PB08)_R4,R,cb_intrinsic,5
527297,ER5,ER5_R,R,cb_intrinsic,523786,EPG,EPG(PB08)_R4,R,cb_intrinsic,5
527199,ER3d_e,ER3d_e_L,L,cb_intrinsic,523786,EPG,EPG(PB08)_R4,R,cb_intrinsic,5
526552,ER3w_b,ER3w_b_R,R,cb_intrinsic,523786,EPG,EPG(PB08)_R4,R,cb_intrinsic,5
522806,ER3d_c,ER3d_c_R,R,cb_intrinsic,523786,EPG,EPG(PB08)_R4,R,cb_intrinsic,5
517603,ER3d_d,ER3d_d_R,R,cb_intrinsic,523786,EPG,EPG(PB08)_R4,R,cb_intrinsic,5
48318,ER3d_c,ER3d_c_L,L,cb_intrinsic,523786,EPG,EPG(PB08)_R4,R,cb_intrinsic,5
47464,ER3d_d,ER3d_d_R,R,cb_intrinsic,523786,EPG,EPG(PB08)_R4,R,cb_intrinsic,5
47036,ER3d_a,ER3d_a_R,R,cb_intrinsic,523786,EPG,EPG(PB08)_R4,R,cb_intrinsic,5
45839,ER3d_b,ER3d_b_L,L,cb_intrinsic,523786,EPG,EPG(PB08)_R4,R,cb_intrinsic,5
39798,ER5,ER5_L,L,cb_intrinsic,523786,EPG,EPG(PB08)_R4,R,cb_intrinsic,5
30371,ER1_a,ER1_a_R,R,cb_intrinsic,523786,EPG,EPG(PB08)_R4,R,cb_intrinsic,5
27348,ER3m,ER3m_L,L,cb_intrinsic,523786,EPG,EPG(PB08)_R4,R,cb_intrinsic,5
27269,ER3d_c,ER3d_c_L,L,cb_intrinsic,523786,EPG,EPG(PB08)_R4,R,cb_intrinsic,5
26295,ER3m,ER3m_R,R,cb_intrinsic,523786,EPG,EPG(PB08)_R4,R,cb_intrinsic,5
18633,ER5,ER5_L,L,cb_intrinsic,523786,EPG,EPG(PB08)_R4,R,cb_intrinsic,5
14284,ER5,ER5_R,R,cb_intrinsic,523786,EPG,EPG(PB08)_R4,R,cb_intrinsic,5
527199,ER3d_e,ER3d_e_L,L,cb_intrinsic,11987,EPG,EPG(PB08)_R5,R,cb_intrinsic,5
511857,ER1_c,ER1_c_L,L,cb_intrinsic,11987,EPG,EPG(PB08)_R5,R,cb_intrinsic,5
80867,ER1_a,ER1_a_R,R,cb_intrinsic,11987,EPG,EPG(PB08)_R5,R,cb_intrinsic,5
72491,ER1_c,ER1_c_R,R,cb_intrinsic,11987,EPG,EPG(PB08)_R5,R,cb_intrinsic,5
67174,ER1_a,ER1_a_R,R,cb_intrinsic,11987,EPG,EPG(PB08)_R5,R,cb_intrinsic,5
54912,ER3d_b,ER3d_b_L,L,cb_intrinsic,11987,EPG,EPG(PB08)_R5,R,cb_intrinsic,5
50808,ER4d,ER4d_L,L,cb_intrinsic,11987,EPG,EPG(PB08)_R5,R,cb_intrinsic,5
48956,ER3d_b,ER3d_b_R,R,cb_intrinsic,11987,EPG,EPG(PB08)_R5,R,cb_intrinsic,5
47271,ER3p_a,ER3p_a_L,L,cb_intrinsic,11987,EPG,EPG(PB08)_R5,R,cb_intrinsic,5
42241,ER1_b,ER1_b_R,R,cb_intrinsic,11987,EPG,EPG(PB08)_R5,R,cb_intrinsic,5
37817,ER3d_e,ER3d_e_R,R,cb_intrinsic,11987,EPG,EPG(PB08)_R5,R,cb_intrinsic,5
31684,ER3d_a,ER3d_a_R,R,cb_intrinsic,11987,EPG,EPG(PB08)_R5,R,cb_intrinsic,5
31541,ER3d_d,ER3d_d_R,R,cb_intrinsic,11987,EPG,EPG(PB08)_R5,R,cb_intrinsic,5
31088,ER3p_a,ER3p_a_R,R,cb_intrinsic,11987,EPG,EPG(PB08)_R5,R,cb_intrinsic,5
30674,ER3d_b,ER3d_b_R,R,cb_intrinsic,11987,EPG,EPG(PB08)_R5,R,cb_intrinsic,5
27903,ER3d_d,ER3d_d_L,L,cb_intrinsic,11987,EPG,EPG(PB08)_R5,R,cb_intrinsic,5
27348,ER3m,ER3m_L,L,cb_intrinsic,11987,EPG,EPG(PB08)_R5,R,cb_intrinsic,5
27052,ER3d_d,ER3d_d_R,R,cb_intrinsic,11987,EPG,EPG(PB08)_R5,R,cb_intrinsic,5
25329,ER3d_c,ER3d_c_L,L,cb_intrinsic,11987,EPG,EPG(PB08)_R5,R,cb_intrinsic,5
20514,ER3d_d,ER3d_d_L,L,cb_intrinsic,11987,EPG,EPG(PB08)_R5,R,cb_intrinsic,5
522759,ER3d_d,ER3d_d_L,L,cb_intrinsic,513033,EPG,EPG(PB08)_L8,L,cb_intrinsic,5
513346,ER3w_b,ER3w_b_R,R,cb_intrinsic,513033,EPG,EPG(PB08)_L8,L,cb_intrinsic,5
512608,ER3d_b,ER3d_b_R,R,cb_intrinsic,513033,EPG,EPG(PB08)_L8,L,cb_intrinsic,5
47464,ER3d_d,ER3d_d_R,R,cb_intrinsic,513033,EPG,EPG(PB08)_L8,L,cb_intrinsic,5
44909,ER5,ER5_L,L,cb_intrinsic,513033,EPG,EPG(PB08)_L8,L,cb_intrinsic,5
44830,ER3d_e,ER3d_e_R,R,cb_intrinsic,513033,EPG,EPG(PB08)_L8,L,cb_intrinsic,5
42264,ER3d_e,ER3d_e_R,R,cb_intrinsic,513033,EPG,EPG(PB08)_L8,L,cb_intrinsic,5
41665,ER3a_c,ER3a_c_L,L,cb_intrinsic,513033,EPG,EPG(PB08)_L8,L,cb_intrinsic,5
37817,ER3d_e,ER3d_e_R,R,cb_intrinsic,513033,EPG,EPG(PB08)_L8,L,cb_intrinsic,5
37437,ER3d_e,ER3d_e_L,L,cb_intrinsic,513033,EPG,EPG(PB08)_L8,L,cb_intrinsic,5
30522,ER3d_b,ER3d_b_R,R,cb_intrinsic,513033,EPG,EPG(PB08)_L8,L,cb_intrinsic,5
29791,ER3d_b,ER3d_b_L,L,cb_intrinsic,513033,EPG,EPG(PB08)_L8,L,cb_intrinsic,5
29545,ER3w_b,ER3w_b_R,R,cb_intrinsic,513033,EPG,EPG(PB08)_L8,L,cb_intrinsic,5
27454,ER3d_c,ER3d_c_R,R,cb_intrinsic,513033,EPG,EPG(PB08)_L8,L,cb_intrinsic,5
26843,ER3w_b,ER3w_b_R,R,cb_intrinsic,513033,EPG,EPG(PB08)_L8,L,cb_intrinsic,5
22644,ER3d_a,ER3d_a_R,R,cb_intrinsic,513033,EPG,EPG(PB08)_L8,L,cb_intrinsic,5
11605,ER5,ER5_R,R,cb_intrinsic,513033,EPG,EPG(PB08)_L8,L,cb_intrinsic,5
71503,ER1_c,ER1_c_R,R,cb_intrinsic,19125,EPG,EPG(PB08)_R5,R,cb_intrinsic,5
69319,ER1_a,ER1_a_R,R,cb_intrinsic,19125,EPG,EPG(PB08)_R5,R,cb_intrinsic,5
52832,ER3m,ER3m_R,R,cb_intrinsic,19125,EPG,EPG(PB08)_R5,R,cb_intrinsic,5
34038,ER3d_b,ER3d_b_L,L,cb_intrinsic,19125,EPG,EPG(PB08)_R5,R,cb_intrinsic,5
31684,ER3d_a,ER3d_a_R,R,cb_intrinsic,19125,EPG,EPG(PB08)_R5,R,cb_intrinsic,5
30592,ER3d_b,ER3d_b_R,R,cb_intrinsic,19125,EPG,EPG(PB08)_R5,R,cb_intrinsic,5
30178,ER3d_b,ER3d_b_R,R,cb_intrinsic,19125,EPG,EPG(PB08)_R5,R,cb_intrinsic,5
29046,ER3d_b,ER3d_b_R,R,cb_intrinsic,19125,EPG,EPG(PB08)_R5,R,cb_intrinsic,5
27348,ER3m,ER3m_L,L,cb_intrinsic,19125,EPG,EPG(PB08)_R5,R,cb_intrinsic,5
26673,ER3w_b,ER3w_b_L,L,cb_intrinsic,19125,EPG,EPG(PB08)_R5,R,cb_intrinsic,5
25494,ER3d_e,ER3d_e_L,L,cb_intrinsic,19125,EPG,EPG(PB08)_R5,R,cb_intrinsic,5
24459,ER4d,ER4d_L,L,cb_intrinsic,19125,EPG,EPG(PB08)_R5,R,cb_intrinsic,5
21664,ER3d_e,ER3d_e_R,R,cb_intrinsic,19125,EPG,EPG(PB08)_R5,R,cb_intrinsic,5
21059,ER2_d,ER2_d_R,R,cb_intrinsic,19125,EPG,EPG(PB08)_R5,R,cb_intrinsic,5
568502,ER5,ER5_R,R,cb_intrinsic,131313,EPG,EPG(PB08)_R6,R,cb_intrinsic,5
80867,ER1_a,ER1_a_R,R,cb_intrinsic,131313,EPG,EPG(PB08)_R6,R,cb_intrinsic,5
71503,ER1_c,ER1_c_R,R,cb_intrinsic,131313,EPG,EPG(PB08)_R6,R,cb_intrinsic,5
61273,ER1_b,ER1_b_L,L,cb_intrinsic,131313,EPG,EPG(PB08)_R6,R,cb_intrinsic,5
49869,ER3p_b,ER3p_b_R,R,cb_intrinsic,131313,EPG,EPG(PB08)_R6,R,cb_intrinsic,5
49002,ER3p_a,ER3p_a_L,L,cb_intrinsic,131313,EPG,EPG(PB08)_R6,R,cb_intrinsic,5
46341,ER3w_b,ER3w_b_L,L,cb_intrinsic,131313,EPG,EPG(PB08)_R6,R,cb_intrinsic,5
37817,ER3d_e,ER3d_e_R,R,cb_intrinsic,131313,EPG,EPG(PB08)_R6,R,cb_intrinsic,5
37758,ER3d_a,ER3d_a_R,R,cb_intrinsic,131313,EPG,EPG(PB08)_R6,R,cb_intrinsic,5
32315,ER1_a,ER1_a_L,L,cb_intrinsic,131313,EPG,EPG(PB08)_R6,R,cb_intrinsic,5
25494,ER3d_e,ER3d_e_L,L,cb_intrinsic,131313,EPG,EPG(PB08)_R6,R,cb_intrinsic,5
22644,ER3d_a,ER3d_a_R,R,cb_intrinsic,131313,EPG,EPG(PB08)_R6,R,cb_intrinsic,5
22461,ER4d,ER4d_R,R,cb_intrinsic,131313,EPG,EPG(PB08)_R6,R,cb_intrinsic,5
17591,ER4d,ER4d_R,R,cb_intrinsic,131313,EPG,EPG(PB08)_R6,R,cb_intrinsic,5
17419,ER6,ER6_R,R,cb_intrinsic,131313,EPG,EPG(PB08)_R6,R,cb_intrinsic,5
16818,ER4d,ER4d_R,R,cb_intrinsic,131313,EPG,EPG(PB08)_R6,R,cb_intrinsic,5
16343,ER4d,ER4d_R,R,cb_intrinsic,131313,EPG,EPG(PB08)_R6,R,cb_intrinsic,5
529847,ER3m,ER3m_L,L,cb_intrinsic,513517,EPG,EPG(PB08)_L4,L,cb_intrinsic,5
526552,ER3w_b,ER3w_b_R,R,cb_intrinsic,513517,EPG,EPG(PB08)_L4,L,cb_intrinsic,5
511857,ER1_c,ER1_c_L,L,cb_intrinsic,513517,EPG,EPG(PB08)_L4,L,cb_intrinsic,5
52832,ER3m,ER3m_R,R,cb_intrinsic,513517,EPG,EPG(PB08)_L4,L,cb_intrinsic,5
47859,ER3d_c,ER3d_c_R,R,cb_intrinsic,513517,EPG,EPG(PB08)_L4,L,cb_intrinsic,5
44830,ER3d_e,ER3d_e_R,R,cb_intrinsic,513517,EPG,EPG(PB08)_L4,L,cb_intrinsic,5
44422,ER3m,ER3m_L,L,cb_intrinsic,513517,EPG,EPG(PB08)_L4,L,cb_intrinsic,5
43039,ER3d_d,ER3d_d_L,L,cb_intrinsic,513517,EPG,EPG(PB08)_L4,L,cb_intrinsic,5
42241,ER1_b,ER1_b_R,R,cb_intrinsic,513517,EPG,EPG(PB08)_L4,L,cb_intrinsic,5
39095,ER1_a,ER1_a_L,L,cb_intrinsic,513517,EPG,EPG(PB08)_L4,L,cb_intrinsic,5
37817,ER3d_e,ER3d_e_R,R,cb_intrinsic,513517,EPG,EPG(PB08)_L4,L,cb_intrinsic,5
33589,ER3d_b,ER3d_b_L,L,cb_intrinsic,513517,EPG,EPG(PB08)_L4,L,cb_intrinsic,5
31541,ER3d_d,ER3d_d_R,R,cb_intrinsic,513517,EPG,EPG(PB08)_L4,L,cb_intrinsic,5
30674,ER3d_b,ER3d_b_R,R,cb_intrinsic,513517,EPG,EPG(PB08)_L4,L,cb_intrinsic,5
29791,ER3d_b,ER3d_b_L,L,cb_intrinsic,513517,EPG,EPG(PB08)_L4,L,cb_intrinsic,5
29046,ER3d_b,ER3d_b_R,R,cb_intrinsic,513517,EPG,EPG(PB08)_L4,L,cb_intrinsic,5
28701,ER3d_b,ER3d_b_R,R,cb_intrinsic,513517,EPG,EPG(PB08)_L4,L,cb_intrinsic,5
28430,ER3m,ER3m_L,L,cb_intrinsic,513517,EPG,EPG(PB08)_L4,L,cb_intrinsic,5
26673,ER3w_b,ER3w_b_L,L,cb_intrinsic,513517,EPG,EPG(PB08)_L4,L,cb_intrinsic,5
19169,ER3m,ER3m_L,L,cb_intrinsic,513517,EPG,EPG(PB08)_L4,L,cb_intrinsic,5
17171,ER5,ER5_R,R,cb_intrinsic,513517,EPG,EPG(PB08)_L4,L,cb_intrinsic,5
17078,ER5,ER5_R,R,cb_intrinsic,513517,EPG,EPG(PB08)_L4,L,cb_intrinsic,5
10043,ER5,ER5_L,L,cb_intrinsic,513517,EPG,EPG(PB08)_L4,L,cb_intrinsic,5
522806,ER3d_c,ER3d_c_R,R,cb_intrinsic,556347,EPG,EPG(PB08)_R4,R,cb_intrinsic,5
517603,ER3d_d,ER3d_d_R,R,cb_intrinsic,556347,EPG,EPG(PB08)_R4,R,cb_intrinsic,5
48318,ER3d_c,ER3d_c_L,L,cb_intrinsic,556347,EPG,EPG(PB08)_R4,R,cb_intrinsic,5
47036,ER3d_a,ER3d_a_R,R,cb_intrinsic,556347,EPG,EPG(PB08)_R4,R,cb_intrinsic,5
31684,ER3d_a,ER3d_a_R,R,cb_intrinsic,556347,EPG,EPG(PB08)_R4,R,cb_intrinsic,5
31121,ER3a_c,ER3a_c_L,L,cb_intrinsic,556347,EPG,EPG(PB08)_R4,R,cb_intrinsic,5
28701,ER3d_b,ER3d_b_R,R,cb_intrinsic,556347,EPG,EPG(PB08)_R4,R,cb_intrinsic,5
27348,ER3m,ER3m_L,L,cb_intrinsic,556347,EPG,EPG(PB08)_R4,R,cb_intrinsic,5
25329,ER3d_c,ER3d_c_L,L,cb_intrinsic,556347,EPG,EPG(PB08)_R4,R,cb_intrinsic,5
23520,ER4d,ER4d_L,L,cb_intrinsic,556347,EPG,EPG(PB08)_R4,R,cb_intrinsic,5
20514,ER3d_d,ER3d_d_L,L,cb_intrinsic,556347,EPG,EPG(PB08)_R4,R,cb_intrinsic,5
20317,ER2_c,ER2_c_L,L,cb_intrinsic,556347,EPG,EPG(PB08)_R4,R,cb_intrinsic,5
19917,ER2_c,ER2_c_R,R,cb_intrinsic,556347,EPG,EPG(PB08)_R4,R,cb_intrinsic,5
19410,ER4d,ER4d_L,L,cb_intrinsic,556347,EPG,EPG(PB08)_R4,R,cb_intrinsic,5
17078,ER5,ER5_R,R,cb_intrinsic,556347,EPG,EPG(PB08)_R4,R,cb_intrinsic,5
14284,ER5,ER5_R,R,cb_intrinsic,556347,EPG,EPG(PB08)_R4,R,cb_intrinsic,5
527653,ER4d,ER4d_L,L,cb_intrinsic,521409,EPG,EPG(PB08)_L8,L,cb_intrinsic,5
518690,ER1_b,ER1_b_R,R,cb_intrinsic,521409,EPG,EPG(PB08)_L8,L,cb_intrinsic,5
513379,ER5,ER5_R,R,cb_intrinsic,521409,EPG,EPG(PB08)_L8,L,cb_intrinsic,5
69319,ER1_a,ER1_a_R,R,cb_intrinsic,521409,EPG,EPG(PB08)_L8,L,cb_intrinsic,5
50007,ER3p_a,ER3p_a_L,L,cb_intrinsic,521409,EPG,EPG(PB08)_L8,L,cb_intrinsic,5
48318,ER3d_c,ER3d_c_L,L,cb_intrinsic,521409,EPG,EPG(PB08)_L8,L,cb_intrinsic,5
47036,ER3d_a,ER3d_a_R,R,cb_intrinsic,521409,EPG,EPG(PB08)_L8,L,cb_intrinsic,5
44814,ER3m,ER3m_L,L,cb_intrinsic,521409,EPG,EPG(PB08)_L8,L,cb_intrinsic,5
42509,ER1_a,ER1_a_R,R,cb_intrinsic,521409,EPG,EPG(PB08)_L8,L,cb_intrinsic,5
38306,ER3d_a,ER3d_a_L,L,cb_intrinsic,521409,EPG,EPG(PB08)_L8,L,cb_intrinsic,5
33589,ER3d_b,ER3d_b_L,L,cb_intrinsic,521409,EPG,EPG(PB08)_L8,L,cb_intrinsic,5
31684,ER3d_a,ER3d_a_R,R,cb_intrinsic,521409,EPG,EPG(PB08)_L8,L,cb_intrinsic,5
30371,ER1_a,ER1_a_R,R,cb_intrinsic,521409,EPG,EPG(PB08)_L8,L,cb_intrinsic,5
27903,ER3d_d,ER3d_d_L,L,cb_intrinsic,521409,EPG,EPG(PB08)_L8,L,cb_intrinsic,5
27454,ER3d_c,ER3d_c_R,R,cb_intrinsic,521409,EPG,EPG(PB08)_L8,L,cb_intrinsic,5
23315,ER4d,ER4d_L,L,cb_intrinsic,521409,EPG,EPG(PB08)_L8,L,cb_intrinsic,5
67174,ER1_a,ER1_a_R,R,cb_intrinsic,513463,EPG,EPG(PB08)_R2,R,cb_intrinsic,5
63782,ER3d_c,ER3d_c_L,L,cb_intrinsic,513463,EPG,EPG(PB08)_R2,R,cb_intrinsic,5
61273,ER1_b,ER1_b_L,L,cb_intrinsic,513463,EPG,EPG(PB08)_R2,R,cb_intrinsic,5
53618,ER3p_b,ER3p_b_L,L,cb_intrinsic,513463,EPG,EPG(PB08)_R2,R,cb_intrinsic,5
47859,ER3d_c,ER3d_c_R,R,cb_intrinsic,513463,EPG,EPG(PB08)_R2,R,cb_intrinsic,5
44909,ER5,ER5_L,L,cb_intrinsic,513463,EPG,EPG(PB08)_R2,R,cb_intrinsic,5
44422,ER3m,ER3m_L,L,cb_intrinsic,513463,EPG,EPG(PB08)_R2,R,cb_intrinsic,5
42264,ER3d_e,ER3d_e_R,R,cb_intrinsic,513463,EPG,EPG(PB08)_R2,R,cb_intrinsic,5
39798,ER5,ER5_L,L,cb_intrinsic,513463,EPG,EPG(PB08)_R2,R,cb_intrinsic,5
38306,ER3d_a,ER3d_a_L,L,cb_intrinsic,513463,EPG,EPG(PB08)_R2,R,cb_intrinsic,5
31735,ER1_a,ER1_a_L,L,cb_intrinsic,513463,EPG,EPG(PB08)_R2,R,cb_intrinsic,5
31263,ER3d_b,ER3d_b_R,R,cb_intrinsic,513463,EPG,EPG(PB08)_R2,R,cb_intrinsic,5
30592,ER3d_b,ER3d_b_R,R,cb_intrinsic,513463,EPG,EPG(PB08)_R2,R,cb_intrinsic,5
30522,ER3d_b,ER3d_b_R,R,cb_intrinsic,513463,EPG,EPG(PB08)_R2,R,cb_intrinsic,5
30371,ER1_a,ER1_a_R,R,cb_intrinsic,513463,EPG,EPG(PB08)_R2,R,cb_intrinsic,5
30206,ER5,ER5_R,R,cb_intrinsic,513463,EPG,EPG(PB08)_R2,R,cb_intrinsic,5
28627,ER3m,ER3m_L,L,cb_intrinsic,513463,EPG,EPG(PB08)_R2,R,cb_intrinsic,5
25329,ER3d_c,ER3d_c_L,L,cb_intrinsic,513463,EPG,EPG(PB08)_R2,R,cb_intrinsic,5
23703,ER1_b,ER1_b_R,R,cb_intrinsic,513463,EPG,EPG(PB08)_R2,R,cb_intrinsic,5
12059,ER5,ER5_R,R,cb_intrinsic,513463,EPG,EPG(PB08)_R2,R,cb_intrinsic,5
10043,ER5,ER5_L,L,cb_intrinsic,513463,EPG,EPG(PB08)_R2,R,cb_intrinsic,5
527297,ER5,ER5_R,R,cb_intrinsic,520818,EPG,EPG(PB08)_L4,L,cb_intrinsic,5
526143,ER3w_b,ER3w_b_L,L,cb_intrinsic,520818,EPG,EPG(PB08)_L4,L,cb_intrinsic,5
515761,ER3p_a,ER3p_a_R,R,cb_intrinsic,520818,EPG,EPG(PB08)_L4,L,cb_intrinsic,5
512319,ER6,ER6_L,L,cb_intrinsic,520818,EPG,EPG(PB08)_L4,L,cb_intrinsic,5
47859,ER3d_c,ER3d_c_R,R,cb_intrinsic,520818,EPG,EPG(PB08)_L4,L,cb_intrinsic,5
47036,ER3d_a,ER3d_a_R,R,cb_intrinsic,520818,EPG,EPG(PB08)_L4,L,cb_intrinsic,5
45134,ER3p_b,ER3p_b_L,L,cb_intrinsic,520818,EPG,EPG(PB08)_L4,L,cb_intrinsic,5
43212,ER3d_a,ER3d_a_L,L,cb_intrinsic,520818,EPG,EPG(PB08)_L4,L,cb_intrinsic,5
42264,ER3d_e,ER3d_e_R,R,cb_intrinsic,520818,EPG,EPG(PB08)_L4,L,cb_intrinsic,5
42241,ER1_b,ER1_b_R,R,cb_intrinsic,520818,EPG,EPG(PB08)_L4,L,cb_intrinsic,5
38084,ER3m,ER3m_L,L,cb_intrinsic,520818,EPG,EPG(PB08)_L4,L,cb_intrinsic,5
37437,ER3d_e,ER3d_e_L,L,cb_intrinsic,520818,EPG,EPG(PB08)_L4,L,cb_intrinsic,5
36730,ER1_b,ER1_b_L,L,cb_intrinsic,520818,EPG,EPG(PB08)_L4,L,cb_intrinsic,5
36235,ER1_c,ER1_c_L,L,cb_intrinsic,520818,EPG,EPG(PB08)_L4,L,cb_intrinsic,5
28701,ER3d_b,ER3d_b_R,R,cb_intrinsic,520818,EPG,EPG(PB08)_L4,L,cb_intrinsic,5
27806,ER3p_a,ER3p_a_R,R,cb_intrinsic,520818,EPG,EPG(PB08)_L4,L,cb_intrinsic,5
27052,ER3d_d,ER3d_d_R,R,cb_intrinsic,520818,EPG,EPG(PB08)_L4,L,cb_intrinsic,5
25494,ER3d_e,ER3d_e_L,L,cb_intrinsic,520818,EPG,EPG(PB08)_L4,L,cb_intrinsic,5
22644,ER3d_a,ER3d_a_R,R,cb_intrinsic,520818,EPG,EPG(PB08)_L4,L,cb_intrinsic,5
19169,ER3m,ER3m_L,L,cb_intrinsic,520818,EPG,EPG(PB08)_L4,L,cb_intrinsic,5
17561,ER3m,ER3m_R,R,cb_intrinsic,520818,EPG,EPG(PB08)_L4,L,cb_intrinsic,5
522759,ER3d_d,ER3d_d_L,L,cb_intrinsic,12449,EPG,EPG(PB08)_L5,L,cb_intrinsic,5
517603,ER3d_d,ER3d_d_R,R,cb_intrinsic,12449,EPG,EPG(PB08)_L5,L,cb_intrinsic,5
51382,ER3d_b,ER3d_b_L,L,cb_intrinsic,12449,EPG,EPG(PB08)_L5,L,cb_intrinsic,5
47186,ER3m,ER3m_R,R,cb_intrinsic,12449,EPG,EPG(PB08)_L5,L,cb_intrinsic,5
44830,ER3d_e,ER3d_e_R,R,cb_intrinsic,12449,EPG,EPG(PB08)_L5,L,cb_intrinsic,5
38084,ER3m,ER3m_L,L,cb_intrinsic,12449,EPG,EPG(PB08)_L5,L,cb_intrinsic,5
37817,ER3d_e,ER3d_e_R,R,cb_intrinsic,12449,EPG,EPG(PB08)_L5,L,cb_intrinsic,5
36730,ER1_b,ER1_b_L,L,cb_intrinsic,12449,EPG,EPG(PB08)_L5,L,cb_intrinsic,5
30371,ER1_a,ER1_a_R,R,cb_intrinsic,12449,EPG,EPG(PB08)_L5,L,cb_intrinsic,5
30206,ER5,ER5_R,R,cb_intrinsic,12449,EPG,EPG(PB08)_L5,L,cb_intrinsic,5
27903,ER3d_d,ER3d_d_L,L,cb_intrinsic,12449,EPG,EPG(PB08)_L5,L,cb_intrinsic,5
27348,ER3m,ER3m_L,L,cb_intrinsic,12449,EPG,EPG(PB08)_L5,L,cb_intrinsic,5
26295,ER3m,ER3m_R,R,cb_intrinsic,12449,EPG,EPG(PB08)_L5,L,cb_intrinsic,5
25494,ER3d_e,ER3d_e_L,L,cb_intrinsic,12449,EPG,EPG(PB08)_L5,L,cb_intrinsic,5
25329,ER3d_c,ER3d_c_L,L,cb_intrinsic,12449,EPG,EPG(PB08)_L5,L,cb_intrinsic,5
23080,ER4d,ER4d_R,R,cb_intrinsic,12449,EPG,EPG(PB08)_L5,L,cb_intrinsic,5
19737,ER4d,ER4d_R,R,cb_intrinsic,12449,EPG,EPG(PB08)_L5,L,cb_intrinsic,5
17561,ER3m,ER3m_R,R,cb_intrinsic,12449,EPG,EPG(PB08)_L5,L,cb_intrinsic,5
10043,ER5,ER5_L,L,cb_intrinsic,12449,EPG,EPG(PB08)_L5,L,cb_intrinsic,5
522759,ER3d_d,ER3d_d_L,L,cb_intrinsic,10539,EPG,EPG(PB08)_R2,R,cb_intrinsic,5
521528,ER5,ER5_L,L,cb_intrinsic,10539,EPG,EPG(PB08)_R2,R,cb_intrinsic,5
511857,ER1_c,ER1_c_L,L,cb_intrinsic,10539,EPG,EPG(PB08)_R2,R,cb_intrinsic,5
63782,ER3d_c,ER3d_c_L,L,cb_intrinsic,10539,EPG,EPG(PB08)_R2,R,cb_intrinsic,5
59230,ER3m,ER3m_R,R,cb_intrinsic,10539,EPG,EPG(PB08)_R2,R,cb_intrinsic,5
54597,ER1_a,ER1_a_L,L,cb_intrinsic,10539,EPG,EPG(PB08)_R2,R,cb_intrinsic,5
52832,ER3m,ER3m_R,R,cb_intrinsic,10539,EPG,EPG(PB08)_R2,R,cb_intrinsic,5
47036,ER3d_a,ER3d_a_R,R,cb_intrinsic,10539,EPG,EPG(PB08)_R2,R,cb_intrinsic,5
45839,ER3d_b,ER3d_b_L,L,cb_intrinsic,10539,EPG,EPG(PB08)_R2,R,cb_intrinsic,5
34038,ER3d_b,ER3d_b_L,L,cb_intrinsic,10539,EPG,EPG(PB08)_R2,R,cb_intrinsic,5
30592,ER3d_b,ER3d_b_R,R,cb_intrinsic,10539,EPG,EPG(PB08)_R2,R,cb_intrinsic,5
30178,ER3d_b,ER3d_b_R,R,cb_intrinsic,10539,EPG,EPG(PB08)_R2,R,cb_intrinsic,5
27770,ER3w_b,ER3w_b_R,R,cb_intrinsic,10539,EPG,EPG(PB08)_R2,R,cb_intrinsic,5
25329,ER3d_c,ER3d_c_L,L,cb_intrinsic,10539,EPG,EPG(PB08)_R2,R,cb_intrinsic,5
544496,ER3a_c,ER3a_c_R,R,cb_intrinsic,14727,EPG,EPG(PB08)_L7,L,cb_intrinsic,5
532637,ER3m,ER3m_R,R,cb_intrinsic,14727,EPG,EPG(PB08)_L7,L,cb_intrinsic,5
527150,ER3d_a,ER3d_a_L,L,cb_intrinsic,14727,EPG,EPG(PB08)_L7,L,cb_intrinsic,5
522806,ER3d_c,ER3d_c_R,R,cb_intrinsic,14727,EPG,EPG(PB08)_L7,L,cb_intrinsic,5
54597,ER1_a,ER1_a_L,L,cb_intrinsic,14727,EPG,EPG(PB08)_L7,L,cb_intrinsic,5
47464,ER3d_d,ER3d_d_R,R,cb_intrinsic,14727,EPG,EPG(PB08)_L7,L,cb_intrinsic,5
45839,ER3d_b,ER3d_b_L,L,cb_intrinsic,14727,EPG,EPG(PB08)_L7,L,cb_intrinsic,5
44127,ER3d_d,ER3d_d_R,R,cb_intrinsic,14727,EPG,EPG(PB08)_L7,L,cb_intrinsic,5
43212,ER3d_a,ER3d_a_L,L,cb_intrinsic,14727,EPG,EPG(PB08)_L7,L,cb_intrinsic,5
43039,ER3d_d,ER3d_d_L,L,cb_intrinsic,14727,EPG,EPG(PB08)_L7,L,cb_intrinsic,5
37058,ER1_b,ER1_b_R,R,cb_intrinsic,14727,EPG,EPG(PB08)_L7,L,cb_intrinsic,5
31684,ER3d_a,ER3d_a_R,R,cb_intrinsic,14727,EPG,EPG(PB08)_L7,L,cb_intrinsic,5
27052,ER3d_d,ER3d_d_R,R,cb_intrinsic,14727,EPG,EPG(PB08)_L7,L,cb_intrinsic,5
544496,ER3a_c,ER3a_c_R,R,cb_intrinsic,519140,EPG,EPG(PB08)_L1,L,cb_intrinsic,5
532637,ER3m,ER3m_R,R,cb_intrinsic,519140,EPG,EPG(PB08)_L1,L,cb_intrinsic,5
529847,ER3m,ER3m_L,L,cb_intrinsic,519140,EPG,EPG(PB08)_L1,L,cb_intrinsic,5
529330,ER3d_b,ER3d_b_L,L,cb_intrinsic,519140,EPG,EPG(PB08)_L1,L,cb_intrinsic,5
69319,ER1_a,ER1_a_R,R,cb_intrinsic,519140,EPG,EPG(PB08)_L1,L,cb_intrinsic,5
52832,ER3m,ER3m_R,R,cb_intrinsic,519140,EPG,EPG(PB08)_L1,L,cb_intrinsic,5
51382,ER3d_b,ER3d_b_L,L,cb_intrinsic,519140,EPG,EPG(PB08)_L1,L,cb_intrinsic,5
31263,ER3d_b,ER3d_b_R,R,cb_intrinsic,519140,EPG,EPG(PB08)_L1,L,cb_intrinsic,5
28339,ER4d,ER4d_R,R,cb_intrinsic,519140,EPG,EPG(PB08)_L1,L,cb_intrinsic,5
23197,ER4d,ER4d_L,L,cb_intrinsic,519140,EPG,EPG(PB08)_L1,L,cb_intrinsic,5
22644,ER3d_a,ER3d_a_R,R,cb_intrinsic,519140,EPG,EPG(PB08)_L1,L,cb_intrinsic,5
20945,ER2_c,ER2_c_R,R,cb_intrinsic,519140,EPG,EPG(PB08)_L1,L,cb_intrinsic,5
17561,ER3m,ER3m_R,R,cb_intrinsic,519140,EPG,EPG(PB08)_L1,L,cb_intrinsic,5
17171,ER5,ER5_R,R,cb_intrinsic,519140,EPG,EPG(PB08)_L1,L,cb_intrinsic,5
530339,ER3d_d,ER3d_d_L,L,cb_intrinsic,15616,EPG,EPG(PB08)_R3,R,cb_intrinsic,5
517603,ER3d_d,ER3d_d_R,R,cb_intrinsic,15616,EPG,EPG(PB08)_R3,R,cb_intrinsic,5
47464,ER3d_d,ER3d_d_R,R,cb_intrinsic,15616,EPG,EPG(PB08)_R3,R,cb_intrinsic,5
31735,ER1_a,ER1_a_L,L,cb_intrinsic,15616,EPG,EPG(PB08)_R3,R,cb_intrinsic,5
31051,ER3m,ER3m_R,R,cb_intrinsic,15616,EPG,EPG(PB08)_R3,R,cb_intrinsic,5
28627,ER3m,ER3m_L,L,cb_intrinsic,15616,EPG,EPG(PB08)_R3,R,cb_intrinsic,5
27903,ER3d_d,ER3d_d_L,L,cb_intrinsic,15616,EPG,EPG(PB08)_R3,R,cb_intrinsic,5
27454,ER3d_c,ER3d_c_R,R,cb_intrinsic,15616,EPG,EPG(PB08)_R3,R,cb_intrinsic,5
26939,ER3m,ER3m_R,R,cb_intrinsic,15616,EPG,EPG(PB08)_R3,R,cb_intrinsic,5
19072,ER5,ER5_R,R,cb_intrinsic,15616,EPG,EPG(PB08)_R3,R,cb_intrinsic,5
17171,ER5,ER5_R,R,cb_intrinsic,15616,EPG,EPG(PB08)_R3,R,cb_intrinsic,5
16343,ER4d,ER4d_R,R,cb_intrinsic,15616,EPG,EPG(PB08)_R3,R,cb_intrinsic,5
14284,ER5,ER5_R,R,cb_intrinsic,15616,EPG,EPG(PB08)_R3,R,cb_intrinsic,5
527150,ER3d_a,ER3d_a_L,L,cb_intrinsic,16360,EPG,EPG(PB08)_L6,L,cb_intrinsic,5
523816,ER1_b,ER1_b_L,L,cb_intrinsic,16360,EPG,EPG(PB08)_L6,L,cb_intrinsic,5
511857,ER1_c,ER1_c_L,L,cb_intrinsic,16360,EPG,EPG(PB08)_L6,L,cb_intrinsic,5
63782,ER3d_c,ER3d_c_L,L,cb_intrinsic,16360,EPG,EPG(PB08)_L6,L,cb_intrinsic,5
59230,ER3m,ER3m_R,R,cb_intrinsic,16360,EPG,EPG(PB08)_L6,L,cb_intrinsic,5
49378,ER3d_c,ER3d_c_R,R,cb_intrinsic,16360,EPG,EPG(PB08)_L6,L,cb_intrinsic,5
47036,ER3d_a,ER3d_a_R,R,cb_intrinsic,16360,EPG,EPG(PB08)_L6,L,cb_intrinsic,5
44422,ER3m,ER3m_L,L,cb_intrinsic,16360,EPG,EPG(PB08)_L6,L,cb_intrinsic,5
43212,ER3d_a,ER3d_a_L,L,cb_intrinsic,16360,EPG,EPG(PB08)_L6,L,cb_intrinsic,5
37817,ER3d_e,ER3d_e_R,R,cb_intrinsic,16360,EPG,EPG(PB08)_L6,L,cb_intrinsic,5
37437,ER3d_e,ER3d_e_L,L,cb_intrinsic,16360,EPG,EPG(PB08)_L6,L,cb_intrinsic,5
35641,ER3d_c,ER3d_c_L,L,cb_intrinsic,16360,EPG,EPG(PB08)_L6,L,cb_intrinsic,5
34607,ER4d,ER4d_L,L,cb_intrinsic,16360,EPG,EPG(PB08)_L6,L,cb_intrinsic,5
31121,ER3a_c,ER3a_c_L,L,cb_intrinsic,16360,EPG,EPG(PB08)_L6,L,cb_intrinsic,5
31051,ER3m,ER3m_R,R,cb_intrinsic,16360,EPG,EPG(PB08)_L6,L,cb_intrinsic,5
29791,ER3d_b,ER3d_b_L,L,cb_intrinsic,16360,EPG,EPG(PB08)_L6,L,cb_intrinsic,5
28701,ER3d_b,ER3d_b_R,R,cb_intrinsic,16360,EPG,EPG(PB08)_L6,L,cb_intrinsic,5
27052,ER3d_d,ER3d_d_R,R,cb_intrinsic,16360,EPG,EPG(PB08)_L6,L,cb_intrinsic,5
25359,ER3p_a,ER3p_a_R,R,cb_intrinsic,16360,EPG,EPG(PB08)_L6,L,cb_intrinsic,5
24122,ER4d,ER4d_R,R,cb_intrinsic,16360,EPG,EPG(PB08)_L6,L,cb_intrinsic,5
23703,ER1_b,ER1_b_R,R,cb_intrinsic,16360,EPG,EPG(PB08)_L6,L,cb_intrinsic,5
20664,ER2_a,ER2_a_R,R,cb_intrinsic,16360,EPG,EPG(PB08)_L6,L,cb_intrinsic,5
18633,ER5,ER5_L,L,cb_intrinsic,16360,EPG,EPG(PB08)_L6,L,cb_intrinsic,5
17591,ER4d,ER4d_R,R,cb_intrinsic,16360,EPG,EPG(PB08)_L6,L,cb_intrinsic,5
15444,ER2_d,ER2_d_L,L,cb_intrinsic,16360,EPG,EPG(PB08)_L6,L,cb_intrinsic,5
529847,ER3m,ER3m_L,L,cb_intrinsic,515675,EPG,EPG(PB08)_R1,R,cb_intrinsic,5
529330,ER3d_b,ER3d_b_L,L,cb_intrinsic,515675,EPG,EPG(PB08)_R1,R,cb_intrinsic,5
527150,ER3d_a,ER3d_a_L,L,cb_intrinsic,515675,EPG,EPG(PB08)_R1,R,cb_intrinsic,5
522759,ER3d_d,ER3d_d_L,L,cb_intrinsic,515675,EPG,EPG(PB08)_R1,R,cb_intrinsic,5
511857,ER1_c,ER1_c_L,L,cb_intrinsic,515675,EPG,EPG(PB08)_R1,R,cb_intrinsic,5
54597,ER1_a,ER1_a_L,L,cb_intrinsic,515675,EPG,EPG(PB08)_R1,R,cb_intrinsic,5
43039,ER3d_d,ER3d_d_L,L,cb_intrinsic,515675,EPG,EPG(PB08)_R1,R,cb_intrinsic,5
36235,ER1_c,ER1_c_L,L,cb_intrinsic,515675,EPG,EPG(PB08)_R1,R,cb_intrinsic,5
35978,ER1_b,ER1_b_L,L,cb_intrinsic,515675,EPG,EPG(PB08)_R1,R,cb_intrinsic,5
34038,ER3d_b,ER3d_b_L,L,cb_intrinsic,515675,EPG,EPG(PB08)_R1,R,cb_intrinsic,5
33589,ER3d_b,ER3d_b_L,L,cb_intrinsic,515675,EPG,EPG(PB08)_R1,R,cb_intrinsic,5
31051,ER3m,ER3m_R,R,cb_intrinsic,515675,EPG,EPG(PB08)_R1,R,cb_intrinsic,5
25329,ER3d_c,ER3d_c_L,L,cb_intrinsic,515675,EPG,EPG(PB08)_R1,R,cb_intrinsic,5
22001,ER5,ER5_L,L,cb_intrinsic,515675,EPG,EPG(PB08)_R1,R,cb_intrinsic,5
19072,ER5,ER5_R,R,cb_intrinsic,515675,EPG,EPG(PB08)_R1,R,cb_intrinsic,5
529330,ER3d_b,ER3d_b_L,L,cb_intrinsic,514126,EPG,EPG(PB08)_R5,R,cb_intrinsic,5
527150,ER3d_a,ER3d_a_L,L,cb_intrinsic,514126,EPG,EPG(PB08)_R5,R,cb_intrinsic,5
518690,ER1_b,ER1_b_R,R,cb_intrinsic,514126,EPG,EPG(PB08)_R5,R,cb_intrinsic,5
513346,ER3w_b,ER3w_b_R,R,cb_intrinsic,514126,EPG,EPG(PB08)_R5,R,cb_intrinsic,5
59230,ER3m,ER3m_R,R,cb_intrinsic,514126,EPG,EPG(PB08)_R5,R,cb_intrinsic,5
48318,ER3d_c,ER3d_c_L,L,cb_intrinsic,514126,EPG,EPG(PB08)_R5,R,cb_intrinsic,5
47464,ER3d_d,ER3d_d_R,R,cb_intrinsic,514126,EPG,EPG(PB08)_R5,R,cb_intrinsic,5
47186,ER3m,ER3m_R,R,cb_intrinsic,514126,EPG,EPG(PB08)_R5,R,cb_intrinsic,5
44830,ER3d_e,ER3d_e_R,R,cb_intrinsic,514126,EPG,EPG(PB08)_R5,R,cb_intrinsic,5
36384,ER1_b,ER1_b_R,R,cb_intrinsic,514126,EPG,EPG(PB08)_R5,R,cb_intrinsic,5
34737,ER3a_b,ER3a_b_R,R,cb_intrinsic,514126,EPG,EPG(PB08)_R5,R,cb_intrinsic,5
33589,ER3d_b,ER3d_b_L,L,cb_intrinsic,514126,EPG,EPG(PB08)_R5,R,cb_intrinsic,5
31684,ER3d_a,ER3d_a_R,R,cb_intrinsic,514126,EPG,EPG(PB08)_R5,R,cb_intrinsic,5
30674,ER3d_b,ER3d_b_R,R,cb_intrinsic,514126,EPG,EPG(PB08)_R5,R,cb_intrinsic,5
27454,ER3d_c,ER3d_c_R,R,cb_intrinsic,514126,EPG,EPG(PB08)_R5,R,cb_intrinsic,5
21664,ER3d_e,ER3d_e_R,R,cb_intrinsic,514126,EPG,EPG(PB08)_R5,R,cb_intrinsic,5
20026,ER5,ER5_L,L,cb_intrinsic,514126,EPG,EPG(PB08)_R5,R,cb_intrinsic,5
16818,ER4d,ER4d_R,R,cb_intrinsic,514126,EPG,EPG(PB08)_R5,R,cb_intrinsic,5
14963,ER5,ER5_L,L,cb_intrinsic,514126,EPG,EPG(PB08)_R5,R,cb_intrinsic,5
11605,ER5,ER5_R,R,cb_intrinsic,514126,EPG,EPG(PB08)_R5,R,cb_intrinsic,5
10043,ER5,ER5_L,L,cb_intrinsic,514126,EPG,EPG(PB08)_R5,R,cb_intrinsic,5
521535,ER5,ER5_L,L,cb_intrinsic,513520,EPG,EPG(PB08)_R6,R,cb_intrinsic,5
514180,ER3p_b,ER3p_b_R,R,cb_intrinsic,513520,EPG,EPG(PB08)_R6,R,cb_intrinsic,5
513379,ER5,ER5_R,R,cb_intrinsic,513520,EPG,EPG(PB08)_R6,R,cb_intrinsic,5
71503,ER1_c,ER1_c_R,R,cb_intrinsic,513520,EPG,EPG(PB08)_R6,R,cb_intrinsic,5
48318,ER3d_c,ER3d_c_L,L,cb_intrinsic,513520,EPG,EPG(PB08)_R6,R,cb_intrinsic,5
47464,ER3d_d,ER3d_d_R,R,cb_intrinsic,513520,EPG,EPG(PB08)_R6,R,cb_intrinsic,5
46262,ER3d_b,ER3d_b_L,L,cb_intrinsic,513520,EPG,EPG(PB08)_R6,R,cb_intrinsic,5
45839,ER3d_b,ER3d_b_L,L,cb_intrinsic,513520,EPG,EPG(PB08)_R6,R,cb_intrinsic,5
42264,ER3d_e,ER3d_e_R,R,cb_intrinsic,513520,EPG,EPG(PB08)_R6,R,cb_intrinsic,5
38306,ER3d_a,ER3d_a_L,L,cb_intrinsic,513520,EPG,EPG(PB08)_R6,R,cb_intrinsic,5
37817,ER3d_e,ER3d_e_R,R,cb_intrinsic,513520,EPG,EPG(PB08)_R6,R,cb_intrinsic,5
37758,ER3d_a,ER3d_a_R,R,cb_intrinsic,513520,EPG,EPG(PB08)_R6,R,cb_intrinsic,5
22461,ER4d,ER4d_R,R,cb_intrinsic,513520,EPG,EPG(PB08)_R6,R,cb_intrinsic,5
19072,ER5,ER5_R,R,cb_intrinsic,513520,EPG,EPG(PB08)_R6,R,cb_intrinsic,5
18633,ER5,ER5_L,L,cb_intrinsic,513520,EPG,EPG(PB08)_R6,R,cb_intrinsic,5
18377,ER3w_b,ER3w_b_L,L,cb_intrinsic,513520,EPG,EPG(PB08)_R6,R,cb_intrinsic,5
10043,ER5,ER5_L,L,cb_intrinsic,513520,EPG,EPG(PB08)_R6,R,cb_intrinsic,5
532637,ER3m,ER3m_R,R,cb_intrinsic,11874,EPG,EPG(PB08)_L7,L,cb_intrinsic,5
529847,ER3m,ER3m_L,L,cb_intrinsic,11874,EPG,EPG(PB08)_L7,L,cb_intrinsic,5
527150,ER3d_a,ER3d_a_L,L,cb_intrinsic,11874,EPG,EPG(PB08)_L7,L,cb_intrinsic,5
61273,ER1_b,ER1_b_L,L,cb_intrinsic,11874,EPG,EPG(PB08)_L7,L,cb_intrinsic,5
46707,ER3w_a,ER3w_a_L,L,cb_intrinsic,11874,EPG,EPG(PB08)_L7,L,cb_intrinsic,5
42241,ER1_b,ER1_b_R,R,cb_intrinsic,11874,EPG,EPG(PB08)_L7,L,cb_intrinsic,5
38306,ER3d_a,ER3d_a_L,L,cb_intrinsic,11874,EPG,EPG(PB08)_L7,L,cb_intrinsic,5
36730,ER1_b,ER1_b_L,L,cb_intrinsic,11874,EPG,EPG(PB08)_L7,L,cb_intrinsic,5
31541,ER3d_d,ER3d_d_R,R,cb_intrinsic,11874,EPG,EPG(PB08)_L7,L,cb_intrinsic,5
22001,ER5,ER5_L,L,cb_intrinsic,11874,EPG,EPG(PB08)_L7,L,cb_intrinsic,5
522759,ER3d_d,ER3d_d_L,L,cb_intrinsic,512514,EPG,EPG(PB08)_L1,L,cb_intrinsic,5
72491,ER1_c,ER1_c_R,R,cb_intrinsic,512514,EPG,EPG(PB08)_L1,L,cb_intrinsic,5
43212,ER3d_a,ER3d_a_L,L,cb_intrinsic,512514,EPG,EPG(PB08)_L1,L,cb_intrinsic,5
31121,ER3a_c,ER3a_c_L,L,cb_intrinsic,512514,EPG,EPG(PB08)_L1,L,cb_intrinsic,5
28627,ER3m,ER3m_L,L,cb_intrinsic,512514,EPG,EPG(PB08)_L1,L,cb_intrinsic,5
19791,ER4d,ER4d_L,L,cb_intrinsic,512514,EPG,EPG(PB08)_L1,L,cb_intrinsic,5
14464,ER6,ER6_L,L,cb_intrinsic,512514,EPG,EPG(PB08)_L1,L,cb_intrinsic,5
13094,ER4d,ER4d_R,R,cb_intrinsic,512514,EPG,EPG(PB08)_L1,L,cb_intrinsic,5
10043,ER5,ER5_L,L,cb_intrinsic,512514,EPG,EPG(PB08)_L1,L,cb_intrinsic,5
529330,ER3d_b,ER3d_b_L,L,cb_intrinsic,88342,EPG,EPG(PB08)_L3,L,cb_intrinsic,5
517603,ER3d_d,ER3d_d_R,R,cb_intrinsic,88342,EPG,EPG(PB08)_L3,L,cb_intrinsic,5
516944,ER5,ER5_L,L,cb_intrinsic,88342,EPG,EPG(PB08)_L3,L,cb_intrinsic,5
512608,ER3d_b,ER3d_b_R,R,cb_intrinsic,88342,EPG,EPG(PB08)_L3,L,cb_intrinsic,5
50808,ER4d,ER4d_L,L,cb_intrinsic,88342,EPG,EPG(PB08)_L3,L,cb_intrinsic,5
48956,ER3d_b,ER3d_b_R,R,cb_intrinsic,88342,EPG,EPG(PB08)_L3,L,cb_intrinsic,5
47186,ER3m,ER3m_R,R,cb_intrinsic,88342,EPG,EPG(PB08)_L3,L,cb_intrinsic,5
45839,ER3d_b,ER3d_b_L,L,cb_intrinsic,88342,EPG,EPG(PB08)_L3,L,cb_intrinsic,5
44909,ER5,ER5_L,L,cb_intrinsic,88342,EPG,EPG(PB08)_L3,L,cb_intrinsic,5
37437,ER3d_e,ER3d_e_L,L,cb_intrinsic,88342,EPG,EPG(PB08)_L3,L,cb_intrinsic,5
28339,ER4d,ER4d_R,R,cb_intrinsic,88342,EPG,EPG(PB08)_L3,L,cb_intrinsic,5
27348,ER3m,ER3m_L,L,cb_intrinsic,88342,EPG,EPG(PB08)_L3,L,cb_intrinsic,5
26841,ER3a_a,ER3a_a_L,L,cb_intrinsic,88342,EPG,EPG(PB08)_L3,L,cb_intrinsic,5
22644,ER3d_a,ER3d_a_R,R,cb_intrinsic,88342,EPG,EPG(PB08)_L3,L,cb_intrinsic,5
20026,ER5,ER5_L,L,cb_intrinsic,88342,EPG,EPG(PB08)_L3,L,cb_intrinsic,5
18633,ER5,ER5_L,L,cb_intrinsic,88342,EPG,EPG(PB08)_L3,L,cb_intrinsic,5
17561,ER3m,ER3m_R,R,cb_intrinsic,88342,EPG,EPG(PB08)_L3,L,cb_intrinsic,5
17171,ER5,ER5_R,R,cb_intrinsic,88342,EPG,EPG(PB08)_L3,L,cb_intrinsic,5
13094,ER4d,ER4d_R,R,cb_intrinsic,88342,EPG,EPG(PB08)_L3,L,cb_intrinsic,5
568502,ER5,ER5_R,R,cb_intrinsic,15713,EPG,EPG(PB08)_L6,L,cb_intrinsic,5
524068,ER3d_b,ER3d_b_L,L,cb_intrinsic,15713,EPG,EPG(PB08)_L6,L,cb_intrinsic,5
522806,ER3d_c,ER3d_c_R,R,cb_intrinsic,15713,EPG,EPG(PB08)_L6,L,cb_intrinsic,5
72491,ER1_c,ER1_c_R,R,cb_intrinsic,15713,EPG,EPG(PB08)_L6,L,cb_intrinsic,5
47271,ER3p_a,ER3p_a_L,L,cb_intrinsic,15713,EPG,EPG(PB08)_L6,L,cb_intrinsic,5
47036,ER3d_a,ER3d_a_R,R,cb_intrinsic,15713,EPG,EPG(PB08)_L6,L,cb_intrinsic,5
43039,ER3d_d,ER3d_d_L,L,cb_intrinsic,15713,EPG,EPG(PB08)_L6,L,cb_intrinsic,5
31684,ER3d_a,ER3d_a_R,R,cb_intrinsic,15713,EPG,EPG(PB08)_L6,L,cb_intrinsic,5
29791,ER3d_b,ER3d_b_L,L,cb_intrinsic,15713,EPG,EPG(PB08)_L6,L,cb_intrinsic,5
29177,ER3d_b,ER3d_b_R,R,cb_intrinsic,15713,EPG,EPG(PB08)_L6,L,cb_intrinsic,5
27348,ER3m,ER3m_L,L,cb_intrinsic,15713,EPG,EPG(PB08)_L6,L,cb_intrinsic,5
26843,ER3w_b,ER3w_b_R,R,cb_intrinsic,15713,EPG,EPG(PB08)_L6,L,cb_intrinsic,5
24549,ER3w_c,ER3w_c_L,L,cb_intrinsic,15713,EPG,EPG(PB08)_L6,L,cb_intrinsic,5
16598,ER3w_b,ER3w_b_R,R,cb_intrinsic,15713,EPG,EPG(PB08)_L6,L,cb_intrinsic,5
44830,ER3d_e,ER3d_e_R,R,cb_intrinsic,520581,EPG,EPG(PB08)_R4,R,cb_intrinsic,5
38084,ER3m,ER3m_L,L,cb_intrinsic,520581,EPG,EPG(PB08)_R4,R,cb_intrinsic,5
31051,ER3m,ER3m_R,R,cb_intrinsic,520581,EPG,EPG(PB08)_R4,R,cb_intrinsic,5
30371,ER1_a,ER1_a_R,R,cb_intrinsic,520581,EPG,EPG(PB08)_R4,R,cb_intrinsic,5
28627,ER3m,ER3m_L,L,cb_intrinsic,520581,EPG,EPG(PB08)_R4,R,cb_intrinsic,5
27903,ER3d_d,ER3d_d_L,L,cb_intrinsic,520581,EPG,EPG(PB08)_R4,R,cb_intrinsic,5
27454,ER3d_c,ER3d_c_R,R,cb_intrinsic,520581,EPG,EPG(PB08)_R4,R,cb_intrinsic,5
24879,ER4d,ER4d_L,L,cb_intrinsic,520581,EPG,EPG(PB08)_R4,R,cb_intrinsic,5
23874,ER4d,ER4d_R,R,cb_intrinsic,520581,EPG,EPG(PB08)_R4,R,cb_intrinsic,5
20514,ER3d_d,ER3d_d_L,L,cb_intrinsic,520581,EPG,EPG(PB08)_R4,R,cb_intrinsic,5
19323,ER4d,ER4d_R,R,cb_intrinsic,520581,EPG,EPG(PB08)_R4,R,cb_intrinsic,5
11605,ER5,ER5_R,R,cb_intrinsic,520581,EPG,EPG(PB08)_R4,R,cb_intrinsic,5
544496,ER3a_c,ER3a_c_R,R,cb_intrinsic,13217,EPG,EPG(PB08)_L8,L,cb_intrinsic,5
527150,ER3d_a,ER3d_a_L,L,cb_intrinsic,13217,EPG,EPG(PB08)_L8,L,cb_intrinsic,5
517603,ER3d_d,ER3d_d_R,R,cb_intrinsic,13217,EPG,EPG(PB08)_L8,L,cb_intrinsic,5
515761,ER3p_a,ER3p_a_R,R,cb_intrinsic,13217,EPG,EPG(PB08)_L8,L,cb_intrinsic,5
53618,ER3p_b,ER3p_b_L,L,cb_intrinsic,13217,EPG,EPG(PB08)_L8,L,cb_intrinsic,5
47186,ER3m,ER3m_R,R,cb_intrinsic,13217,EPG,EPG(PB08)_L8,L,cb_intrinsic,5
43039,ER3d_d,ER3d_d_L,L,cb_intrinsic,13217,EPG,EPG(PB08)_L8,L,cb_intrinsic,5
40558,ER3d_b,ER3d_b_L,L,cb_intrinsic,13217,EPG,EPG(PB08)_L8,L,cb_intrinsic,5
38084,ER3m,ER3m_L,L,cb_intrinsic,13217,EPG,EPG(PB08)_L8,L,cb_intrinsic,5
37758,ER3d_a,ER3d_a_R,R,cb_intrinsic,13217,EPG,EPG(PB08)_L8,L,cb_intrinsic,5
31121,ER3a_c,ER3a_c_L,L,cb_intrinsic,13217,EPG,EPG(PB08)_L8,L,cb_intrinsic,5
30206,ER5,ER5_R,R,cb_intrinsic,13217,EPG,EPG(PB08)_L8,L,cb_intrinsic,5
29046,ER3d_b,ER3d_b_R,R,cb_intrinsic,13217,EPG,EPG(PB08)_L8,L,cb_intrinsic,5
20514,ER3d_d,ER3d_d_L,L,cb_intrinsic,13217,EPG,EPG(PB08)_L8,L,cb_intrinsic,5
18633,ER5,ER5_L,L,cb_intrinsic,13217,EPG,EPG(PB08)_L8,L,cb_intrinsic,5
17078,ER5,ER5_R,R,cb_intrinsic,13217,EPG,EPG(PB08)_L8,L,cb_intrinsic,5
14284,ER5,ER5_R,R,cb_intrinsic,13217,EPG,EPG(PB08)_L8,L,cb_intrinsic,5
527199,ER3d_e,ER3d_e_L,L,cb_intrinsic,92188,EPG,EPG(PB08)_R7,R,cb_intrinsic,5
522759,ER3d_d,ER3d_d_L,L,cb_intrinsic,92188,EPG,EPG(PB08)_R7,R,cb_intrinsic,5
517603,ER3d_d,ER3d_d_R,R,cb_intrinsic,92188,EPG,EPG(PB08)_R7,R,cb_intrinsic,5
514180,ER3p_b,ER3p_b_R,R,cb_intrinsic,92188,EPG,EPG(PB08)_R7,R,cb_intrinsic,5
36730,ER1_b,ER1_b_L,L,cb_intrinsic,92188,EPG,EPG(PB08)_R7,R,cb_intrinsic,5
35641,ER3d_c,ER3d_c_L,L,cb_intrinsic,92188,EPG,EPG(PB08)_R7,R,cb_intrinsic,5
34607,ER4d,ER4d_L,L,cb_intrinsic,92188,EPG,EPG(PB08)_R7,R,cb_intrinsic,5
28627,ER3m,ER3m_L,L,cb_intrinsic,92188,EPG,EPG(PB08)_R7,R,cb_intrinsic,5
27454,ER3d_c,ER3d_c_R,R,cb_intrinsic,92188,EPG,EPG(PB08)_R7,R,cb_intrinsic,5
27246,ER3d_d,ER3d_d_R,R,cb_intrinsic,92188,EPG,EPG(PB08)_R7,R,cb_intrinsic,5
25494,ER3d_e,ER3d_e_L,L,cb_intrinsic,92188,EPG,EPG(PB08)_R7,R,cb_intrinsic,5
24076,ER4d,ER4d_R,R,cb_intrinsic,92188,EPG,EPG(PB08)_R7,R,cb_intrinsic,5
22644,ER3d_a,ER3d_a_R,R,cb_intrinsic,92188,EPG,EPG(PB08)_R7,R,cb_intrinsic,5
22001,ER5,ER5_L,L,cb_intrinsic,92188,EPG,EPG(PB08)_R7,R,cb_intrinsic,5
21664,ER3d_e,ER3d_e_R,R,cb_intrinsic,92188,EPG,EPG(PB08)_R7,R,cb_intrinsic,5
19323,ER4d,ER4d_R,R,cb_intrinsic,92188,EPG,EPG(PB08)_R7,R,cb_intrinsic,5
19169,ER3m,ER3m_L,L,cb_intrinsic,92188,EPG,EPG(PB08)_R7,R,cb_intrinsic,5
14284,ER5,ER5_R,R,cb_intrinsic,92188,EPG,EPG(PB08)_R7,R,cb_intrinsic,5
63782,ER3d_c,ER3d_c_L,L,cb_intrinsic,521812,EPG,EPG(PB08)_R7,R,cb_intrinsic,5
53745,ER3p_a,ER3p_a_L,L,cb_intrinsic,521812,EPG,EPG(PB08)_R7,R,cb_intrinsic,5
52832,ER3m,ER3m_R,R,cb_intrinsic,521812,EPG,EPG(PB08)_R7,R,cb_intrinsic,5
47186,ER3m,ER3m_R,R,cb_intrinsic,521812,EPG,EPG(PB08)_R7,R,cb_intrinsic,5
46242,ER3w_a,ER3w_a_L,L,cb_intrinsic,521812,EPG,EPG(PB08)_R7,R,cb_intrinsic,5
44814,ER3m,ER3m_L,L,cb_intrinsic,521812,EPG,EPG(PB08)_R7,R,cb_intrinsic,5
42264,ER3d_e,ER3d_e_R,R,cb_intrinsic,521812,EPG,EPG(PB08)_R7,R,cb_intrinsic,5
36384,ER1_b,ER1_b_R,R,cb_intrinsic,521812,EPG,EPG(PB08)_R7,R,cb_intrinsic,5
31263,ER3d_b,ER3d_b_R,R,cb_intrinsic,521812,EPG,EPG(PB08)_R7,R,cb_intrinsic,5
26939,ER3m,ER3m_R,R,cb_intrinsic,521812,EPG,EPG(PB08)_R7,R,cb_intrinsic,5
23197,ER4d,ER4d_L,L,cb_intrinsic,521812,EPG,EPG(PB08)_R7,R,cb_intrinsic,5
16343,ER4d,ER4d_R,R,cb_intrinsic,521812,EPG,EPG(PB08)_R7,R,cb_intrinsic,5
10043,ER5,ER5_L,L,cb_intrinsic,521812,EPG,EPG(PB08)_R7,R,cb_intrinsic,5
54912,ER3d_b,ER3d_b_L,L,cb_intrinsic,521813,EPG,EPG(PB08)_L2,L,cb_intrinsic,5
43212,ER3d_a,ER3d_a_L,L,cb_intrinsic,521813,EPG,EPG(PB08)_L2,L,cb_intrinsic,5
42264,ER3d_e,ER3d_e_R,R,cb_intrinsic,521813,EPG,EPG(PB08)_L2,L,cb_intrinsic,5
38306,ER3d_a,ER3d_a_L,L,cb_intrinsic,521813,EPG,EPG(PB08)_L2,L,cb_intrinsic,5
37817,ER3d_e,ER3d_e_R,R,cb_intrinsic,521813,EPG,EPG(PB08)_L2,L,cb_intrinsic,5
35978,ER1_b,ER1_b_L,L,cb_intrinsic,521813,EPG,EPG(PB08)_L2,L,cb_intrinsic,5
30206,ER5,ER5_R,R,cb_intrinsic,521813,EPG,EPG(PB08)_L2,L,cb_intrinsic,5
27806,ER3p_a,ER3p_a_R,R,cb_intrinsic,521813,EPG,EPG(PB08)_L2,L,cb_intrinsic,5
27770,ER3w_b,ER3w_b_R,R,cb_intrinsic,521813,EPG,EPG(PB08)_L2,L,cb_intrinsic,5
27013,ER3m,ER3m_L,L,cb_intrinsic,521813,EPG,EPG(PB08)_L2,L,cb_intrinsic,5
26295,ER3m,ER3m_R,R,cb_intrinsic,521813,EPG,EPG(PB08)_L2,L,cb_intrinsic,5
25494,ER3d_e,ER3d_e_L,L,cb_intrinsic,521813,EPG,EPG(PB08)_L2,L,cb_intrinsic,5
19737,ER4d,ER4d_R,R,cb_intrinsic,521813,EPG,EPG(PB08)_L2,L,cb_intrinsic,5
14284,ER5,ER5_R,R,cb_intrinsic,521813,EPG,EPG(PB08)_L2,L,cb_intrinsic,5
10043,ER5,ER5_L,L,cb_intrinsic,521813,EPG,EPG(PB08)_L2,L,cb_intrinsic,5
522759,ER3d_d,ER3d_d_L,L,cb_intrinsic,512513,EPG,EPG(PB08)_R1,R,cb_intrinsic,5
517603,ER3d_d,ER3d_d_R,R,cb_intrinsic,512513,EPG,EPG(PB08)_R1,R,cb_intrinsic,5
47464,ER3d_d,ER3d_d_R,R,cb_intrinsic,512513,EPG,EPG(PB08)_R1,R,cb_intrinsic,5
45839,ER3d_b,ER3d_b_L,L,cb_intrinsic,512513,EPG,EPG(PB08)_R1,R,cb_intrinsic,5
41665,ER3a_c,ER3a_c_L,L,cb_intrinsic,512513,EPG,EPG(PB08)_R1,R,cb_intrinsic,5
40558,ER3d_b,ER3d_b_L,L,cb_intrinsic,512513,EPG,EPG(PB08)_R1,R,cb_intrinsic,5
37437,ER3d_e,ER3d_e_L,L,cb_intrinsic,512513,EPG,EPG(PB08)_R1,R,cb_intrinsic,5
34038,ER3d_b,ER3d_b_L,L,cb_intrinsic,512513,EPG,EPG(PB08)_R1,R,cb_intrinsic,5
31541,ER3d_d,ER3d_d_R,R,cb_intrinsic,512513,EPG,EPG(PB08)_R1,R,cb_intrinsic,5
31121,ER3a_c,ER3a_c_L,L,cb_intrinsic,512513,EPG,EPG(PB08)_R1,R,cb_intrinsic,5
30443,ER3a_c,ER3a_c_R,R,cb_intrinsic,512513,EPG,EPG(PB08)_R1,R,cb_intrinsic,5
30371,ER1_a,ER1_a_R,R,cb_intrinsic,512513,EPG,EPG(PB08)_R1,R,cb_intrinsic,5
29177,ER3d_b,ER3d_b_R,R,cb_intrinsic,512513,EPG,EPG(PB08)_R1,R,cb_intrinsic,5
28430,ER3m,ER3m_L,L,cb_intrinsic,512513,EPG,EPG(PB08)_R1,R,cb_intrinsic,5
28339,ER4d,ER4d_R,R,cb_intrinsic,512513,EPG,EPG(PB08)_R1,R,cb_intrinsic,5
18633,ER5,ER5_L,L,cb_intrinsic,512513,EPG,EPG(PB08)_R1,R,cb_intrinsic,5
17171,ER5,ER5_R,R,cb_intrinsic,512513,EPG,EPG(PB08)_R1,R,cb_intrinsic,5
527297,ER5,ER5_R,R,cb_intrinsic,519941,EPG,EPG(PB08)_L3,L,cb_intrinsic,4
527150,ER3d_a,ER3d_a_L,L,cb_intrinsic,519941,EPG,EPG(PB08)_L3,L,cb_intrinsic,4
524068,ER3d_b,ER3d_b_L,L,cb_intrinsic,519941,EPG,EPG(PB08)_L3,L,cb_intrinsic,4
522759,ER3d_d,ER3d_d_L,L,cb_intrinsic,519941,EPG,EPG(PB08)_L3,L,cb_intrinsic,4
47859,ER3d_c,ER3d_c_R,R,cb_intrinsic,519941,EPG,EPG(PB08)_L3,L,cb_intrinsic,4
45839,ER3d_b,ER3d_b_L,L,cb_intrinsic,519941,EPG,EPG(PB08)_L3,L,cb_intrinsic,4
44422,ER3m,ER3m_L,L,cb_intrinsic,519941,EPG,EPG(PB08)_L3,L,cb_intrinsic,4
41665,ER3a_c,ER3a_c_L,L,cb_intrinsic,519941,EPG,EPG(PB08)_L3,L,cb_intrinsic,4
36384,ER1_b,ER1_b_R,R,cb_intrinsic,519941,EPG,EPG(PB08)_L3,L,cb_intrinsic,4
31684,ER3d_a,ER3d_a_R,R,cb_intrinsic,519941,EPG,EPG(PB08)_L3,L,cb_intrinsic,4
30592,ER3d_b,ER3d_b_R,R,cb_intrinsic,519941,EPG,EPG(PB08)_L3,L,cb_intrinsic,4
28627,ER3m,ER3m_L,L,cb_intrinsic,519941,EPG,EPG(PB08)_L3,L,cb_intrinsic,4
28430,ER3m,ER3m_L,L,cb_intrinsic,519941,EPG,EPG(PB08)_L3,L,cb_intrinsic,4
27348,ER3m,ER3m_L,L,cb_intrinsic,519941,EPG,EPG(PB08)_L3,L,cb_intrinsic,4
24122,ER4d,ER4d_R,R,cb_intrinsic,519941,EPG,EPG(PB08)_L3,L,cb_intrinsic,4
23197,ER4d,ER4d_L,L,cb_intrinsic,519941,EPG,EPG(PB08)_L3,L,cb_intrinsic,4
21664,ER3d_e,ER3d_e_R,R,cb_intrinsic,519941,EPG,EPG(PB08)_L3,L,cb_intrinsic,4
20026,ER5,ER5_L,L,cb_intrinsic,519941,EPG,EPG(PB08)_L3,L,cb_intrinsic,4
19737,ER4d,ER4d_R,R,cb_intrinsic,519941,EPG,EPG(PB08)_L3,L,cb_intrinsic,4
17171,ER5,ER5_R,R,cb_intrinsic,519941,EPG,EPG(PB08)_L3,L,cb_intrinsic,4
17078,ER5,ER5_R,R,cb_intrinsic,519941,EPG,EPG(PB08)_L3,L,cb_intrinsic,4
13094,ER4d,ER4d_R,R,cb_intrinsic,519941,EPG,EPG(PB08)_L3,L,cb_intrinsic,4
12059,ER5,ER5_R,R,cb_intrinsic,519941,EPG,EPG(PB08)_L3,L,cb_intrinsic,4
517264,ER3w_a,ER3w_a_R,R,cb_intrinsic,11989,EPG,EPG(PB08)_L5,L,cb_intrinsic,4
516944,ER5,ER5_L,L,cb_intrinsic,11989,EPG,EPG(PB08)_L5,L,cb_intrinsic,4
511857,ER1_c,ER1_c_L,L,cb_intrinsic,11989,EPG,EPG(PB08)_L5,L,cb_intrinsic,4
27454,ER3d_c,ER3d_c_R,R,cb_intrinsic,11989,EPG,EPG(PB08)_L5,L,cb_intrinsic,4
27348,ER3m,ER3m_L,L,cb_intrinsic,11989,EPG,EPG(PB08)_L5,L,cb_intrinsic,4
20514,ER3d_d,ER3d_d_L,L,cb_intrinsic,11989,EPG,EPG(PB08)_L5,L,cb_intrinsic,4
12059,ER5,ER5_R,R,cb_intrinsic,11989,EPG,EPG(PB08)_L5,L,cb_intrinsic,4
521528,ER5,ER5_L,L,cb_intrinsic,107195,EPG,EPG(PB08)_L5,L,cb_intrinsic,4
517602,ER3p_a,ER3p_a_R,R,cb_intrinsic,107195,EPG,EPG(PB08)_L5,L,cb_intrinsic,4
517603,ER3d_d,ER3d_d_R,R,cb_intrinsic,107195,EPG,EPG(PB08)_L5,L,cb_intrinsic,4
67174,ER1_a,ER1_a_R,R,cb_intrinsic,107195,EPG,EPG(PB08)_L5,L,cb_intrinsic,4
63782,ER3d_c,ER3d_c_L,L,cb_intrinsic,107195,EPG,EPG(PB08)_L5,L,cb_intrinsic,4
49869,ER3p_b,ER3p_b_R,R,cb_intrinsic,107195,EPG,EPG(PB08)_L5,L,cb_intrinsic,4
47464,ER3d_d,ER3d_d_R,R,cb_intrinsic,107195,EPG,EPG(PB08)_L5,L,cb_intrinsic,4
47186,ER3m,ER3m_R,R,cb_intrinsic,107195,EPG,EPG(PB08)_L5,L,cb_intrinsic,4
43212,ER3d_a,ER3d_a_L,L,cb_intrinsic,107195,EPG,EPG(PB08)_L5,L,cb_intrinsic,4
41665,ER3a_c,ER3a_c_L,L,cb_intrinsic,107195,EPG,EPG(PB08)_L5,L,cb_intrinsic,4
36235,ER1_c,ER1_c_L,L,cb_intrinsic,107195,EPG,EPG(PB08)_L5,L,cb_intrinsic,4
30674,ER3d_b,ER3d_b_R,R,cb_intrinsic,107195,EPG,EPG(PB08)_L5,L,cb_intrinsic,4
30522,ER3d_b,ER3d_b_R,R,cb_intrinsic,107195,EPG,EPG(PB08)_L5,L,cb_intrinsic,4
28701,ER3d_b,ER3d_b_R,R,cb_intrinsic,107195,EPG,EPG(PB08)_L5,L,cb_intrinsic,4
27903,ER3d_d,ER3d_d_L,L,cb_intrinsic,107195,EPG,EPG(PB08)_L5,L,cb_intrinsic,4
27454,ER3d_c,ER3d_c_R,R,cb_intrinsic,107195,EPG,EPG(PB08)_L5,L,cb_intrinsic,4
26295,ER3m,ER3m_R,R,cb_intrinsic,107195,EPG,EPG(PB08)_L5,L,cb_intrinsic,4
22644,ER3d_a,ER3d_a_R,R,cb_intrinsic,107195,EPG,EPG(PB08)_L5,L,cb_intrinsic,4
20980,ER4d,ER4d_R,R,cb_intrinsic,107195,EPG,EPG(PB08)_L5,L,cb_intrinsic,4
19737,ER4d,ER4d_R,R,cb_intrinsic,107195,EPG,EPG(PB08)_L5,L,cb_intrinsic,4
13094,ER4d,ER4d_R,R,cb_intrinsic,107195,EPG,EPG(PB08)_L5,L,cb_intrinsic,4
54912,ER3d_b,ER3d_b_L,L,cb_intrinsic,519328,EPG,EPG(PB08)_L3,L,cb_intrinsic,4
38084,ER3m,ER3m_L,L,cb_intrinsic,519328,EPG,EPG(PB08)_L3,L,cb_intrinsic,4
37058,ER1_b,ER1_b_R,R,cb_intrinsic,519328,EPG,EPG(PB08)_L3,L,cb_intrinsic,4
30371,ER1_a,ER1_a_R,R,cb_intrinsic,519328,EPG,EPG(PB08)_L3,L,cb_intrinsic,4
28627,ER3m,ER3m_L,L,cb_intrinsic,519328,EPG,EPG(PB08)_L3,L,cb_intrinsic,4
27052,ER3d_d,ER3d_d_R,R,cb_intrinsic,519328,EPG,EPG(PB08)_L3,L,cb_intrinsic,4
27013,ER3m,ER3m_L,L,cb_intrinsic,519328,EPG,EPG(PB08)_L3,L,cb_intrinsic,4
21664,ER3d_e,ER3d_e_R,R,cb_intrinsic,519328,EPG,EPG(PB08)_L3,L,cb_intrinsic,4
19791,ER4d,ER4d_L,L,cb_intrinsic,519328,EPG,EPG(PB08)_L3,L,cb_intrinsic,4
19737,ER4d,ER4d_R,R,cb_intrinsic,519328,EPG,EPG(PB08)_L3,L,cb_intrinsic,4
19072,ER5,ER5_R,R,cb_intrinsic,519328,EPG,EPG(PB08)_L3,L,cb_intrinsic,4
13094,ER4d,ER4d_R,R,cb_intrinsic,519328,EPG,EPG(PB08)_L3,L,cb_intrinsic,4
11605,ER5,ER5_R,R,cb_intrinsic,519328,EPG,EPG(PB08)_L3,L,cb_intrinsic,4
524068,ER3d_b,ER3d_b_L,L,cb_intrinsic,512928,EPG,EPG(PB08)_R3,R,cb_intrinsic,4
33589,ER3d_b,ER3d_b_L,L,cb_intrinsic,512928,EPG,EPG(PB08)_R3,R,cb_intrinsic,4
29842,ER3m,ER3m_R,R,cb_intrinsic,512928,EPG,EPG(PB08)_R3,R,cb_intrinsic,4
29177,ER3d_b,ER3d_b_R,R,cb_intrinsic,512928,EPG,EPG(PB08)_R3,R,cb_intrinsic,4
27903,ER3d_d,ER3d_d_L,L,cb_intrinsic,512928,EPG,EPG(PB08)_R3,R,cb_intrinsic,4
27269,ER3d_c,ER3d_c_L,L,cb_intrinsic,512928,EPG,EPG(PB08)_R3,R,cb_intrinsic,4
26939,ER3m,ER3m_R,R,cb_intrinsic,512928,EPG,EPG(PB08)_R3,R,cb_intrinsic,4
24879,ER4d,ER4d_L,L,cb_intrinsic,512928,EPG,EPG(PB08)_R3,R,cb_intrinsic,4
22644,ER3d_a,ER3d_a_R,R,cb_intrinsic,512928,EPG,EPG(PB08)_R3,R,cb_intrinsic,4
20385,ER3a_a,ER3a_a_L,L,cb_intrinsic,512928,EPG,EPG(PB08)_R3,R,cb_intrinsic,4
14284,ER5,ER5_R,R,cb_intrinsic,512928,EPG,EPG(PB08)_R3,R,cb_intrinsic,4
522806,ER3d_c,ER3d_c_R,R,cb_intrinsic,14507,EPG,EPG(PB08)_R7,R,cb_intrinsic,4
514803,ER2_b,ER2_b_L,L,cb_intrinsic,14507,EPG,EPG(PB08)_R7,R,cb_intrinsic,4
54597,ER1_a,ER1_a_L,L,cb_intrinsic,14507,EPG,EPG(PB08)_R7,R,cb_intrinsic,4
43039,ER3d_d,ER3d_d_L,L,cb_intrinsic,14507,EPG,EPG(PB08)_R7,R,cb_intrinsic,4
42264,ER3d_e,ER3d_e_R,R,cb_intrinsic,14507,EPG,EPG(PB08)_R7,R,cb_intrinsic,4
35641,ER3d_c,ER3d_c_L,L,cb_intrinsic,14507,EPG,EPG(PB08)_R7,R,cb_intrinsic,4
28701,ER3d_b,ER3d_b_R,R,cb_intrinsic,14507,EPG,EPG(PB08)_R7,R,cb_intrinsic,4
17591,ER4d,ER4d_R,R,cb_intrinsic,14507,EPG,EPG(PB08)_R7,R,cb_intrinsic,4
16343,ER4d,ER4d_R,R,cb_intrinsic,14507,EPG,EPG(PB08)_R7,R,cb_intrinsic,4
529330,ER3d_b,ER3d_b_L,L,cb_intrinsic,524073,EPG,EPG(PB08)_L2,L,cb_intrinsic,4
517603,ER3d_d,ER3d_d_R,R,cb_intrinsic,524073,EPG,EPG(PB08)_L2,L,cb_intrinsic,4
49002,ER3p_a,ER3p_a_L,L,cb_intrinsic,524073,EPG,EPG(PB08)_L2,L,cb_intrinsic,4
48318,ER3d_c,ER3d_c_L,L,cb_intrinsic,524073,EPG,EPG(PB08)_L2,L,cb_intrinsic,4
42509,ER1_a,ER1_a_R,R,cb_intrinsic,524073,EPG,EPG(PB08)_L2,L,cb_intrinsic,4
42241,ER1_b,ER1_b_R,R,cb_intrinsic,524073,EPG,EPG(PB08)_L2,L,cb_intrinsic,4
30178,ER3d_b,ER3d_b_R,R,cb_intrinsic,524073,EPG,EPG(PB08)_L2,L,cb_intrinsic,4
29177,ER3d_b,ER3d_b_R,R,cb_intrinsic,524073,EPG,EPG(PB08)_L2,L,cb_intrinsic,4
27269,ER3d_c,ER3d_c_L,L,cb_intrinsic,524073,EPG,EPG(PB08)_L2,L,cb_intrinsic,4
27043,ER3w_c,ER3w_c_R,R,cb_intrinsic,524073,EPG,EPG(PB08)_L2,L,cb_intrinsic,4
19072,ER5,ER5_R,R,cb_intrinsic,524073,EPG,EPG(PB08)_L2,L,cb_intrinsic,4
18633,ER5,ER5_L,L,cb_intrinsic,524073,EPG,EPG(PB08)_L2,L,cb_intrinsic,4
17561,ER3m,ER3m_R,R,cb_intrinsic,524073,EPG,EPG(PB08)_L2,L,cb_intrinsic,4
71503,ER1_c,ER1_c_R,R,cb_intrinsic,519144,EPG,EPG(PB08)_L8,L,cb_intrinsic,4
46262,ER3d_b,ER3d_b_L,L,cb_intrinsic,519144,EPG,EPG(PB08)_L8,L,cb_intrinsic,4
45839,ER3d_b,ER3d_b_L,L,cb_intrinsic,519144,EPG,EPG(PB08)_L8,L,cb_intrinsic,4
43683,ER3w_a,ER3w_a_R,R,cb_intrinsic,519144,EPG,EPG(PB08)_L8,L,cb_intrinsic,4
42509,ER1_a,ER1_a_R,R,cb_intrinsic,519144,EPG,EPG(PB08)_L8,L,cb_intrinsic,4
42264,ER3d_e,ER3d_e_R,R,cb_intrinsic,519144,EPG,EPG(PB08)_L8,L,cb_intrinsic,4
39798,ER5,ER5_L,L,cb_intrinsic,519144,EPG,EPG(PB08)_L8,L,cb_intrinsic,4
38268,ER1_b,ER1_b_R,R,cb_intrinsic,519144,EPG,EPG(PB08)_L8,L,cb_intrinsic,4
38084,ER3m,ER3m_L,L,cb_intrinsic,519144,EPG,EPG(PB08)_L8,L,cb_intrinsic,4
32315,ER1_a,ER1_a_L,L,cb_intrinsic,519144,EPG,EPG(PB08)_L8,L,cb_intrinsic,4
28701,ER3d_b,ER3d_b_R,R,cb_intrinsic,519144,EPG,EPG(PB08)_L8,L,cb_intrinsic,4
23197,ER4d,ER4d_L,L,cb_intrinsic,519144,EPG,EPG(PB08)_L8,L,cb_intrinsic,4
20026,ER5,ER5_L,L,cb_intrinsic,519144,EPG,EPG(PB08)_L8,L,cb_intrinsic,4
529330,ER3d_b,ER3d_b_L,L,cb_intrinsic,512305,EPG,EPG(PB08)_R8,R,cb_intrinsic,4
48956,ER3d_b,ER3d_b_R,R,cb_intrinsic,512305,EPG,EPG(PB08)_R8,R,cb_intrinsic,4
44422,ER3m,ER3m_L,L,cb_intrinsic,512305,EPG,EPG(PB08)_R8,R,cb_intrinsic,4
37058,ER1_b,ER1_b_R,R,cb_intrinsic,512305,EPG,EPG(PB08)_R8,R,cb_intrinsic,4
36384,ER1_b,ER1_b_R,R,cb_intrinsic,512305,EPG,EPG(PB08)_R8,R,cb_intrinsic,4
31681,ER1_a,ER1_a_R,R,cb_intrinsic,512305,EPG,EPG(PB08)_R8,R,cb_intrinsic,4
31121,ER3a_c,ER3a_c_L,L,cb_intrinsic,512305,EPG,EPG(PB08)_R8,R,cb_intrinsic,4
30443,ER3a_c,ER3a_c_R,R,cb_intrinsic,512305,EPG,EPG(PB08)_R8,R,cb_intrinsic,4
30206,ER5,ER5_R,R,cb_intrinsic,512305,EPG,EPG(PB08)_R8,R,cb_intrinsic,4
27348,ER3m,ER3m_L,L,cb_intrinsic,512305,EPG,EPG(PB08)_R8,R,cb_intrinsic,4
26939,ER3m,ER3m_R,R,cb_intrinsic,512305,EPG,EPG(PB08)_R8,R,cb_intrinsic,4
25329,ER3d_c,ER3d_c_L,L,cb_intrinsic,512305,EPG,EPG(PB08)_R8,R,cb_intrinsic,4
22644,ER3d_a,ER3d_a_R,R,cb_intrinsic,512305,EPG,EPG(PB08)_R8,R,cb_intrinsic,4
532637,ER3m,ER3m_R,R,cb_intrinsic,513464,EPG,EPG(PB08)_R8,R,cb_intrinsic,4
527150,ER3d_a,ER3d_a_L,L,cb_intrinsic,513464,EPG,EPG(PB08)_R8,R,cb_intrinsic,4
63782,ER3d_c,ER3d_c_L,L,cb_intrinsic,513464,EPG,EPG(PB08)_R8,R,cb_intrinsic,4
51382,ER3d_b,ER3d_b_L,L,cb_intrinsic,513464,EPG,EPG(PB08)_R8,R,cb_intrinsic,4
48318,ER3d_c,ER3d_c_L,L,cb_intrinsic,513464,EPG,EPG(PB08)_R8,R,cb_intrinsic,4
45839,ER3d_b,ER3d_b_L,L,cb_intrinsic,513464,EPG,EPG(PB08)_R8,R,cb_intrinsic,4
45134,ER3p_b,ER3p_b_L,L,cb_intrinsic,513464,EPG,EPG(PB08)_R8,R,cb_intrinsic,4
44814,ER3m,ER3m_L,L,cb_intrinsic,513464,EPG,EPG(PB08)_R8,R,cb_intrinsic,4
35641,ER3d_c,ER3d_c_L,L,cb_intrinsic,513464,EPG,EPG(PB08)_R8,R,cb_intrinsic,4
34607,ER4d,ER4d_L,L,cb_intrinsic,513464,EPG,EPG(PB08)_R8,R,cb_intrinsic,4
33589,ER3d_b,ER3d_b_L,L,cb_intrinsic,513464,EPG,EPG(PB08)_R8,R,cb_intrinsic,4
31263,ER3d_b,ER3d_b_R,R,cb_intrinsic,513464,EPG,EPG(PB08)_R8,R,cb_intrinsic,4
28701,ER3d_b,ER3d_b_R,R,cb_intrinsic,513464,EPG,EPG(PB08)_R8,R,cb_intrinsic,4
26295,ER3m,ER3m_R,R,cb_intrinsic,513464,EPG,EPG(PB08)_R8,R,cb_intrinsic,4
25329,ER3d_c,ER3d_c_L,L,cb_intrinsic,513464,EPG,EPG(PB08)_R8,R,cb_intrinsic,4
20514,ER3d_d,ER3d_d_L,L,cb_intrinsic,513464,EPG,EPG(PB08)_R8,R,cb_intrinsic,4
19072,ER5,ER5_R,R,cb_intrinsic,513464,EPG,EPG(PB08)_R8,R,cb_intrinsic,4
17561,ER3m,ER3m_R,R,cb_intrinsic,513464,EPG,EPG(PB08)_R8,R,cb_intrinsic,4
517602,ER3p_a,ER3p_a_R,R,cb_intrinsic,19825,EPG,EPG(PB08)_R6,R,cb_intrinsic,4
48956,ER3d_b,ER3d_b_R,R,cb_intrinsic,19825,EPG,EPG(PB08)_R6,R,cb_intrinsic,4
47859,ER3d_c,ER3d_c_R,R,cb_intrinsic,19825,EPG,EPG(PB08)_R6,R,cb_intrinsic,4
42264,ER3d_e,ER3d_e_R,R,cb_intrinsic,19825,EPG,EPG(PB08)_R6,R,cb_intrinsic,4
37758,ER3d_a,ER3d_a_R,R,cb_intrinsic,19825,EPG,EPG(PB08)_R6,R,cb_intrinsic,4
35641,ER3d_c,ER3d_c_L,L,cb_intrinsic,19825,EPG,EPG(PB08)_R6,R,cb_intrinsic,4
30443,ER3a_c,ER3a_c_R,R,cb_intrinsic,19825,EPG,EPG(PB08)_R6,R,cb_intrinsic,4
30206,ER5,ER5_R,R,cb_intrinsic,19825,EPG,EPG(PB08)_R6,R,cb_intrinsic,4
27454,ER3d_c,ER3d_c_R,R,cb_intrinsic,19825,EPG,EPG(PB08)_R6,R,cb_intrinsic,4
27348,ER3m,ER3m_L,L,cb_intrinsic,19825,EPG,EPG(PB08)_R6,R,cb_intrinsic,4
27246,ER3d_d,ER3d_d_R,R,cb_intrinsic,19825,EPG,EPG(PB08)_R6,R,cb_intrinsic,4
22001,ER5,ER5_L,L,cb_intrinsic,19825,EPG,EPG(PB08)_R6,R,cb_intrinsic,4
19323,ER4d,ER4d_R,R,cb_intrinsic,19825,EPG,EPG(PB08)_R6,R,cb_intrinsic,4
13094,ER4d,ER4d_R,R,cb_intrinsic,19825,EPG,EPG(PB08)_R6,R,cb_intrinsic,4
522759,ER3d_d,ER3d_d_L,L,cb_intrinsic,11307,EPG,EPG(PB08)_L4,L,cb_intrinsic,4
69319,ER1_a,ER1_a_R,R,cb_intrinsic,11307,EPG,EPG(PB08)_L4,L,cb_intrinsic,4
50808,ER4d,ER4d_L,L,cb_intrinsic,11307,EPG,EPG(PB08)_L4,L,cb_intrinsic,4
48956,ER3d_b,ER3d_b_R,R,cb_intrinsic,11307,EPG,EPG(PB08)_L4,L,cb_intrinsic,4
48318,ER3d_c,ER3d_c_L,L,cb_intrinsic,11307,EPG,EPG(PB08)_L4,L,cb_intrinsic,4
48096,ER3p_a,ER3p_a_L,L,cb_intrinsic,11307,EPG,EPG(PB08)_L4,L,cb_intrinsic,4
47186,ER3m,ER3m_R,R,cb_intrinsic,11307,EPG,EPG(PB08)_L4,L,cb_intrinsic,4
37758,ER3d_a,ER3d_a_R,R,cb_intrinsic,11307,EPG,EPG(PB08)_L4,L,cb_intrinsic,4
31735,ER1_a,ER1_a_L,L,cb_intrinsic,11307,EPG,EPG(PB08)_L4,L,cb_intrinsic,4
31541,ER3d_d,ER3d_d_R,R,cb_intrinsic,11307,EPG,EPG(PB08)_L4,L,cb_intrinsic,4
30592,ER3d_b,ER3d_b_R,R,cb_intrinsic,11307,EPG,EPG(PB08)_L4,L,cb_intrinsic,4
27454,ER3d_c,ER3d_c_R,R,cb_intrinsic,11307,EPG,EPG(PB08)_L4,L,cb_intrinsic,4
26841,ER3a_a,ER3a_a_L,L,cb_intrinsic,11307,EPG,EPG(PB08)_L4,L,cb_intrinsic,4
24122,ER4d,ER4d_R,R,cb_intrinsic,11307,EPG,EPG(PB08)_L4,L,cb_intrinsic,4
23080,ER4d,ER4d_R,R,cb_intrinsic,11307,EPG,EPG(PB08)_L4,L,cb_intrinsic,4
530339,ER3d_d,ER3d_d_L,L,cb_intrinsic,11503,EPG,EPG(PB08)_R8,R,cb_intrinsic,4
517602,ER3p_a,ER3p_a_R,R,cb_intrinsic,11503,EPG,EPG(PB08)_R8,R,cb_intrinsic,4
69319,ER1_a,ER1_a_R,R,cb_intrinsic,11503,EPG,EPG(PB08)_R8,R,cb_intrinsic,4
48956,ER3d_b,ER3d_b_R,R,cb_intrinsic,11503,EPG,EPG(PB08)_R8,R,cb_intrinsic,4
44909,ER5,ER5_L,L,cb_intrinsic,11503,EPG,EPG(PB08)_R8,R,cb_intrinsic,4
42241,ER1_b,ER1_b_R,R,cb_intrinsic,11503,EPG,EPG(PB08)_R8,R,cb_intrinsic,4
40558,ER3d_b,ER3d_b_L,L,cb_intrinsic,11503,EPG,EPG(PB08)_R8,R,cb_intrinsic,4
39798,ER5,ER5_L,L,cb_intrinsic,11503,EPG,EPG(PB08)_R8,R,cb_intrinsic,4
39095,ER1_a,ER1_a_L,L,cb_intrinsic,11503,EPG,EPG(PB08)_R8,R,cb_intrinsic,4
37437,ER3d_e,ER3d_e_L,L,cb_intrinsic,11503,EPG,EPG(PB08)_R8,R,cb_intrinsic,4
28627,ER3m,ER3m_L,L,cb_intrinsic,11503,EPG,EPG(PB08)_R8,R,cb_intrinsic,4
27903,ER3d_d,ER3d_d_L,L,cb_intrinsic,11503,EPG,EPG(PB08)_R8,R,cb_intrinsic,4
26295,ER3m,ER3m_R,R,cb_intrinsic,11503,EPG,EPG(PB08)_R8,R,cb_intrinsic,4
25329,ER3d_c,ER3d_c_L,L,cb_intrinsic,11503,EPG,EPG(PB08)_R8,R,cb_intrinsic,4
19072,ER5,ER5_R,R,cb_intrinsic,11503,EPG,EPG(PB08)_R8,R,cb_intrinsic,4
544496,ER3a_c,ER3a_c_R,R,cb_intrinsic,84758,EPG,EPG(PB08)_L7,L,cb_intrinsic,4
529330,ER3d_b,ER3d_b_L,L,cb_intrinsic,84758,EPG,EPG(PB08)_L7,L,cb_intrinsic,4
516944,ER5,ER5_L,L,cb_intrinsic,84758,EPG,EPG(PB08)_L7,L,cb_intrinsic,4
512319,ER6,ER6_L,L,cb_intrinsic,84758,EPG,EPG(PB08)_L7,L,cb_intrinsic,4
40558,ER3d_b,ER3d_b_L,L,cb_intrinsic,84758,EPG,EPG(PB08)_L7,L,cb_intrinsic,4
38306,ER3d_a,ER3d_a_L,L,cb_intrinsic,84758,EPG,EPG(PB08)_L7,L,cb_intrinsic,4
35641,ER3d_c,ER3d_c_L,L,cb_intrinsic,84758,EPG,EPG(PB08)_L7,L,cb_intrinsic,4
31051,ER3m,ER3m_R,R,cb_intrinsic,84758,EPG,EPG(PB08)_L7,L,cb_intrinsic,4
30178,ER3d_b,ER3d_b_R,R,cb_intrinsic,84758,EPG,EPG(PB08)_L7,L,cb_intrinsic,4
29711,ER3a_b,ER3a_b_L,L,cb_intrinsic,84758,EPG,EPG(PB08)_L7,L,cb_intrinsic,4
27903,ER3d_d,ER3d_d_L,L,cb_intrinsic,84758,EPG,EPG(PB08)_L7,L,cb_intrinsic,4
24459,ER4d,ER4d_L,L,cb_intrinsic,84758,EPG,EPG(PB08)_L7,L,cb_intrinsic,4
22001,ER5,ER5_L,L,cb_intrinsic,84758,EPG,EPG(PB08)_L7,L,cb_intrinsic,4
21664,ER3d_e,ER3d_e_R,R,cb_intrinsic,84758,EPG,EPG(PB08)_L7,L,cb_intrinsic,4
20404,ER4d,ER4d_L,L,cb_intrinsic,84758,EPG,EPG(PB08)_L7,L,cb_intrinsic,4
20026,ER5,ER5_L,L,cb_intrinsic,84758,EPG,EPG(PB08)_L7,L,cb_intrinsic,4
19791,ER4d,ER4d_L,L,cb_intrinsic,84758,EPG,EPG(PB08)_L7,L,cb_intrinsic,4
19410,ER4d,ER4d_L,L,cb_intrinsic,84758,EPG,EPG(PB08)_L7,L,cb_intrinsic,4
16818,ER4d,ER4d_R,R,cb_intrinsic,84758,EPG,EPG(PB08)_L7,L,cb_intrinsic,4
527150,ER3d_a,ER3d_a_L,L,cb_intrinsic,520812,EPG,EPG(PB08)_R8,R,cb_intrinsic,4
524068,ER3d_b,ER3d_b_L,L,cb_intrinsic,520812,EPG,EPG(PB08)_R8,R,cb_intrinsic,4
514180,ER3p_b,ER3p_b_R,R,cb_intrinsic,520812,EPG,EPG(PB08)_R8,R,cb_intrinsic,4
512608,ER3d_b,ER3d_b_R,R,cb_intrinsic,520812,EPG,EPG(PB08)_R8,R,cb_intrinsic,4
67174,ER1_a,ER1_a_R,R,cb_intrinsic,520812,EPG,EPG(PB08)_R8,R,cb_intrinsic,4
51382,ER3d_b,ER3d_b_L,L,cb_intrinsic,520812,EPG,EPG(PB08)_R8,R,cb_intrinsic,4
47859,ER3d_c,ER3d_c_R,R,cb_intrinsic,520812,EPG,EPG(PB08)_R8,R,cb_intrinsic,4
44830,ER3d_e,ER3d_e_R,R,cb_intrinsic,520812,EPG,EPG(PB08)_R8,R,cb_intrinsic,4
44814,ER3m,ER3m_L,L,cb_intrinsic,520812,EPG,EPG(PB08)_R8,R,cb_intrinsic,4
36235,ER1_c,ER1_c_L,L,cb_intrinsic,520812,EPG,EPG(PB08)_R8,R,cb_intrinsic,4
29791,ER3d_b,ER3d_b_L,L,cb_intrinsic,520812,EPG,EPG(PB08)_R8,R,cb_intrinsic,4
29046,ER3d_b,ER3d_b_R,R,cb_intrinsic,520812,EPG,EPG(PB08)_R8,R,cb_intrinsic,4
28701,ER3d_b,ER3d_b_R,R,cb_intrinsic,520812,EPG,EPG(PB08)_R8,R,cb_intrinsic,4
28627,ER3m,ER3m_L,L,cb_intrinsic,520812,EPG,EPG(PB08)_R8,R,cb_intrinsic,4
27052,ER3d_d,ER3d_d_R,R,cb_intrinsic,520812,EPG,EPG(PB08)_R8,R,cb_intrinsic,4
21664,ER3d_e,ER3d_e_R,R,cb_intrinsic,520812,EPG,EPG(PB08)_R8,R,cb_intrinsic,4
20026,ER5,ER5_L,L,cb_intrinsic,520812,EPG,EPG(PB08)_R8,R,cb_intrinsic,4
18633,ER5,ER5_L,L,cb_intrinsic,520812,EPG,EPG(PB08)_R8,R,cb_intrinsic,4
14963,ER5,ER5_L,L,cb_intrinsic,520812,EPG,EPG(PB08)_R8,R,cb_intrinsic,4
517603,ER3d_d,ER3d_d_R,R,cb_intrinsic,513284,EPG,EPG(PB08)_R3,R,cb_intrinsic,4
47859,ER3d_c,ER3d_c_R,R,cb_intrinsic,513284,EPG,EPG(PB08)_R3,R,cb_intrinsic,4
44422,ER3m,ER3m_L,L,cb_intrinsic,513284,EPG,EPG(PB08)_R3,R,cb_intrinsic,4
43212,ER3d_a,ER3d_a_L,L,cb_intrinsic,513284,EPG,EPG(PB08)_R3,R,cb_intrinsic,4
27348,ER3m,ER3m_L,L,cb_intrinsic,513284,EPG,EPG(PB08)_R3,R,cb_intrinsic,4
23315,ER4d,ER4d_L,L,cb_intrinsic,513284,EPG,EPG(PB08)_R3,R,cb_intrinsic,4
20514,ER3d_d,ER3d_d_L,L,cb_intrinsic,513284,EPG,EPG(PB08)_R3,R,cb_intrinsic,4
17171,ER5,ER5_R,R,cb_intrinsic,513284,EPG,EPG(PB08)_R3,R,cb_intrinsic,4
17078,ER5,ER5_R,R,cb_intrinsic,513284,EPG,EPG(PB08)_R3,R,cb_intrinsic,4
12059,ER5,ER5_R,R,cb_intrinsic,513284,EPG,EPG(PB08)_R3,R,cb_intrinsic,4
10043,ER5,ER5_L,L,cb_intrinsic,513284,EPG,EPG(PB08)_R3,R,cb_intrinsic,4
527297,ER5,ER5_R,R,cb_intrinsic,556346,EPG,EPG(PB08)_L6,L,cb_intrinsic,4
511857,ER1_c,ER1_c_L,L,cb_intrinsic,556346,EPG,EPG(PB08)_L6,L,cb_intrinsic,4
63782,ER3d_c,ER3d_c_L,L,cb_intrinsic,556346,EPG,EPG(PB08)_L6,L,cb_intrinsic,4
54912,ER3d_b,ER3d_b_L,L,cb_intrinsic,556346,EPG,EPG(PB08)_L6,L,cb_intrinsic,4
52832,ER3m,ER3m_R,R,cb_intrinsic,556346,EPG,EPG(PB08)_L6,L,cb_intrinsic,4
49378,ER3d_c,ER3d_c_R,R,cb_intrinsic,556346,EPG,EPG(PB08)_L6,L,cb_intrinsic,4
47036,ER3d_a,ER3d_a_R,R,cb_intrinsic,556346,EPG,EPG(PB08)_L6,L,cb_intrinsic,4
44909,ER5,ER5_L,L,cb_intrinsic,556346,EPG,EPG(PB08)_L6,L,cb_intrinsic,4
44814,ER3m,ER3m_L,L,cb_intrinsic,556346,EPG,EPG(PB08)_L6,L,cb_intrinsic,4
43039,ER3d_d,ER3d_d_L,L,cb_intrinsic,556346,EPG,EPG(PB08)_L6,L,cb_intrinsic,4
32315,ER1_a,ER1_a_L,L,cb_intrinsic,556346,EPG,EPG(PB08)_L6,L,cb_intrinsic,4
31121,ER3a_c,ER3a_c_L,L,cb_intrinsic,556346,EPG,EPG(PB08)_L6,L,cb_intrinsic,4
30592,ER3d_b,ER3d_b_R,R,cb_intrinsic,556346,EPG,EPG(PB08)_L6,L,cb_intrinsic,4
27269,ER3d_c,ER3d_c_L,L,cb_intrinsic,556346,EPG,EPG(PB08)_L6,L,cb_intrinsic,4
26798,ER1_a,ER1_a_L,L,cb_intrinsic,556346,EPG,EPG(PB08)_L6,L,cb_intrinsic,4
25203,ER3w_c,ER3w_c_L,L,cb_intrinsic,556346,EPG,EPG(PB08)_L6,L,cb_intrinsic,4
23197,ER4d,ER4d_L,L,cb_intrinsic,556346,EPG,EPG(PB08)_L6,L,cb_intrinsic,4
22644,ER3d_a,ER3d_a_R,R,cb_intrinsic,556346,EPG,EPG(PB08)_L6,L,cb_intrinsic,4
17171,ER5,ER5_R,R,cb_intrinsic,556346,EPG,EPG(PB08)_L6,L,cb_intrinsic,4
14284,ER5,ER5_R,R,cb_intrinsic,556346,EPG,EPG(PB08)_L6,L,cb_intrinsic,4
10043,ER5,ER5_L,L,cb_intrinsic,556346,EPG,EPG(PB08)_L6,L,cb_intrinsic,4
529330,ER3d_b,ER3d_b_L,L,cb_intrinsic,523786,EPG,EPG(PB08)_R4,R,cb_intrinsic,4
527150,ER3d_a,ER3d_a_L,L,cb_intrinsic,523786,EPG,EPG(PB08)_R4,R,cb_intrinsic,4
522759,ER3d_d,ER3d_d_L,L,cb_intrinsic,523786,EPG,EPG(PB08)_R4,R,cb_intrinsic,4
521528,ER5,ER5_L,L,cb_intrinsic,523786,EPG,EPG(PB08)_R4,R,cb_intrinsic,4
513379,ER5,ER5_R,R,cb_intrinsic,523786,EPG,EPG(PB08)_R4,R,cb_intrinsic,4
512606,ER3w_c,ER3w_c_L,L,cb_intrinsic,523786,EPG,EPG(PB08)_R4,R,cb_intrinsic,4
49378,ER3d_c,ER3d_c_R,R,cb_intrinsic,523786,EPG,EPG(PB08)_R4,R,cb_intrinsic,4
48956,ER3d_b,ER3d_b_R,R,cb_intrinsic,523786,EPG,EPG(PB08)_R4,R,cb_intrinsic,4
44909,ER5,ER5_L,L,cb_intrinsic,523786,EPG,EPG(PB08)_R4,R,cb_intrinsic,4
44830,ER3d_e,ER3d_e_R,R,cb_intrinsic,523786,EPG,EPG(PB08)_R4,R,cb_intrinsic,4
42509,ER1_a,ER1_a_R,R,cb_intrinsic,523786,EPG,EPG(PB08)_R4,R,cb_intrinsic,4
35641,ER3d_c,ER3d_c_L,L,cb_intrinsic,523786,EPG,EPG(PB08)_R4,R,cb_intrinsic,4
27052,ER3d_d,ER3d_d_R,R,cb_intrinsic,523786,EPG,EPG(PB08)_R4,R,cb_intrinsic,4
26939,ER3m,ER3m_R,R,cb_intrinsic,523786,EPG,EPG(PB08)_R4,R,cb_intrinsic,4
12059,ER5,ER5_R,R,cb_intrinsic,523786,EPG,EPG(PB08)_R4,R,cb_intrinsic,4
530339,ER3d_d,ER3d_d_L,L,cb_intrinsic,11987,EPG,EPG(PB08)_R5,R,cb_intrinsic,4
529330,ER3d_b,ER3d_b_L,L,cb_intrinsic,11987,EPG,EPG(PB08)_R5,R,cb_intrinsic,4
522806,ER3d_c,ER3d_c_R,R,cb_intrinsic,11987,EPG,EPG(PB08)_R5,R,cb_intrinsic,4
522759,ER3d_d,ER3d_d_L,L,cb_intrinsic,11987,EPG,EPG(PB08)_R5,R,cb_intrinsic,4
517603,ER3d_d,ER3d_d_R,R,cb_intrinsic,11987,EPG,EPG(PB08)_R5,R,cb_intrinsic,4
63782,ER3d_c,ER3d_c_L,L,cb_intrinsic,11987,EPG,EPG(PB08)_R5,R,cb_intrinsic,4
53745,ER3p_a,ER3p_a_L,L,cb_intrinsic,11987,EPG,EPG(PB08)_R5,R,cb_intrinsic,4
53618,ER3p_b,ER3p_b_L,L,cb_intrinsic,11987,EPG,EPG(PB08)_R5,R,cb_intrinsic,4
45839,ER3d_b,ER3d_b_L,L,cb_intrinsic,11987,EPG,EPG(PB08)_R5,R,cb_intrinsic,4
37437,ER3d_e,ER3d_e_L,L,cb_intrinsic,11987,EPG,EPG(PB08)_R5,R,cb_intrinsic,4
35641,ER3d_c,ER3d_c_L,L,cb_intrinsic,11987,EPG,EPG(PB08)_R5,R,cb_intrinsic,4
27269,ER3d_c,ER3d_c_L,L,cb_intrinsic,11987,EPG,EPG(PB08)_R5,R,cb_intrinsic,4
27246,ER3d_d,ER3d_d_R,R,cb_intrinsic,11987,EPG,EPG(PB08)_R5,R,cb_intrinsic,4
25494,ER3d_e,ER3d_e_L,L,cb_intrinsic,11987,EPG,EPG(PB08)_R5,R,cb_intrinsic,4
22644,ER3d_a,ER3d_a_R,R,cb_intrinsic,11987,EPG,EPG(PB08)_R5,R,cb_intrinsic,4
526143,ER3w_b,ER3w_b_L,L,cb_intrinsic,513033,EPG,EPG(PB08)_L8,L,cb_intrinsic,4
522806,ER3d_c,ER3d_c_R,R,cb_intrinsic,513033,EPG,EPG(PB08)_L8,L,cb_intrinsic,4
517602,ER3p_a,ER3p_a_R,R,cb_intrinsic,513033,EPG,EPG(PB08)_L8,L,cb_intrinsic,4
513379,ER5,ER5_R,R,cb_intrinsic,513033,EPG,EPG(PB08)_L8,L,cb_intrinsic,4
72491,ER1_c,ER1_c_R,R,cb_intrinsic,513033,EPG,EPG(PB08)_L8,L,cb_intrinsic,4
52832,ER3m,ER3m_R,R,cb_intrinsic,513033,EPG,EPG(PB08)_L8,L,cb_intrinsic,4
45839,ER3d_b,ER3d_b_L,L,cb_intrinsic,513033,EPG,EPG(PB08)_L8,L,cb_intrinsic,4
42509,ER1_a,ER1_a_R,R,cb_intrinsic,513033,EPG,EPG(PB08)_L8,L,cb_intrinsic,4
40558,ER3d_b,ER3d_b_L,L,cb_intrinsic,513033,EPG,EPG(PB08)_L8,L,cb_intrinsic,4
32315,ER1_a,ER1_a_L,L,cb_intrinsic,513033,EPG,EPG(PB08)_L8,L,cb_intrinsic,4
30674,ER3d_b,ER3d_b_R,R,cb_intrinsic,513033,EPG,EPG(PB08)_L8,L,cb_intrinsic,4
30592,ER3d_b,ER3d_b_R,R,cb_intrinsic,513033,EPG,EPG(PB08)_L8,L,cb_intrinsic,4
30371,ER1_a,ER1_a_R,R,cb_intrinsic,513033,EPG,EPG(PB08)_L8,L,cb_intrinsic,4
30178,ER3d_b,ER3d_b_R,R,cb_intrinsic,513033,EPG,EPG(PB08)_L8,L,cb_intrinsic,4
17078,ER5,ER5_R,R,cb_intrinsic,513033,EPG,EPG(PB08)_L8,L,cb_intrinsic,4
12059,ER5,ER5_R,R,cb_intrinsic,513033,EPG,EPG(PB08)_L8,L,cb_intrinsic,4
568502,ER5,ER5_R,R,cb_intrinsic,19125,EPG,EPG(PB08)_R5,R,cb_intrinsic,4
532637,ER3m,ER3m_R,R,cb_intrinsic,19125,EPG,EPG(PB08)_R5,R,cb_intrinsic,4
529847,ER3m,ER3m_L,L,cb_intrinsic,19125,EPG,EPG(PB08)_R5,R,cb_intrinsic,4
529330,ER3d_b,ER3d_b_L,L,cb_intrinsic,19125,EPG,EPG(PB08)_R5,R,cb_intrinsic,4
527150,ER3d_a,ER3d_a_L,L,cb_intrinsic,19125,EPG,EPG(PB08)_R5,R,cb_intrinsic,4
524068,ER3d_b,ER3d_b_L,L,cb_intrinsic,19125,EPG,EPG(PB08)_R5,R,cb_intrinsic,4
517603,ER3d_d,ER3d_d_R,R,cb_intrinsic,19125,EPG,EPG(PB08)_R5,R,cb_intrinsic,4
49378,ER3d_c,ER3d_c_R,R,cb_intrinsic,19125,EPG,EPG(PB08)_R5,R,cb_intrinsic,4
47859,ER3d_c,ER3d_c_R,R,cb_intrinsic,19125,EPG,EPG(PB08)_R5,R,cb_intrinsic,4
47036,ER3d_a,ER3d_a_R,R,cb_intrinsic,19125,EPG,EPG(PB08)_R5,R,cb_intrinsic,4
44830,ER3d_e,ER3d_e_R,R,cb_intrinsic,19125,EPG,EPG(PB08)_R5,R,cb_intrinsic,4
44814,ER3m,ER3m_L,L,cb_intrinsic,19125,EPG,EPG(PB08)_R5,R,cb_intrinsic,4
44127,ER3d_d,ER3d_d_R,R,cb_intrinsic,19125,EPG,EPG(PB08)_R5,R,cb_intrinsic,4
38084,ER3m,ER3m_L,L,cb_intrinsic,19125,EPG,EPG(PB08)_R5,R,cb_intrinsic,4
37758,ER3d_a,ER3d_a_R,R,cb_intrinsic,19125,EPG,EPG(PB08)_R5,R,cb_intrinsic,4
35641,ER3d_c,ER3d_c_L,L,cb_intrinsic,19125,EPG,EPG(PB08)_R5,R,cb_intrinsic,4
34607,ER4d,ER4d_L,L,cb_intrinsic,19125,EPG,EPG(PB08)_R5,R,cb_intrinsic,4
31541,ER3d_d,ER3d_d_R,R,cb_intrinsic,19125,EPG,EPG(PB08)_R5,R,cb_intrinsic,4
27903,ER3d_d,ER3d_d_L,L,cb_intrinsic,19125,EPG,EPG(PB08)_R5,R,cb_intrinsic,4
27454,ER3d_c,ER3d_c_R,R,cb_intrinsic,19125,EPG,EPG(PB08)_R5,R,cb_intrinsic,4
20514,ER3d_d,ER3d_d_L,L,cb_intrinsic,19125,EPG,EPG(PB08)_R5,R,cb_intrinsic,4
11605,ER5,ER5_R,R,cb_intrinsic,19125,EPG,EPG(PB08)_R5,R,cb_intrinsic,4
529847,ER3m,ER3m_L,L,cb_intrinsic,131313,EPG,EPG(PB08)_R6,R,cb_intrinsic,4
527150,ER3d_a,ER3d_a_L,L,cb_intrinsic,131313,EPG,EPG(PB08)_R6,R,cb_intrinsic,4
526552,ER3w_b,ER3w_b_R,R,cb_intrinsic,131313,EPG,EPG(PB08)_R6,R,cb_intrinsic,4
513379,ER5,ER5_R,R,cb_intrinsic,131313,EPG,EPG(PB08)_R6,R,cb_intrinsic,4
69319,ER1_a,ER1_a_R,R,cb_intrinsic,131313,EPG,EPG(PB08)_R6,R,cb_intrinsic,4
54912,ER3d_b,ER3d_b_L,L,cb_intrinsic,131313,EPG,EPG(PB08)_R6,R,cb_intrinsic,4
52832,ER3m,ER3m_R,R,cb_intrinsic,131313,EPG,EPG(PB08)_R6,R,cb_intrinsic,4
43212,ER3d_a,ER3d_a_L,L,cb_intrinsic,131313,EPG,EPG(PB08)_R6,R,cb_intrinsic,4
42241,ER1_b,ER1_b_R,R,cb_intrinsic,131313,EPG,EPG(PB08)_R6,R,cb_intrinsic,4
41665,ER3a_c,ER3a_c_L,L,cb_intrinsic,131313,EPG,EPG(PB08)_R6,R,cb_intrinsic,4
37437,ER3d_e,ER3d_e_L,L,cb_intrinsic,131313,EPG,EPG(PB08)_R6,R,cb_intrinsic,4
28627,ER3m,ER3m_L,L,cb_intrinsic,131313,EPG,EPG(PB08)_R6,R,cb_intrinsic,4
27246,ER3d_d,ER3d_d_R,R,cb_intrinsic,131313,EPG,EPG(PB08)_R6,R,cb_intrinsic,4
26295,ER3m,ER3m_R,R,cb_intrinsic,131313,EPG,EPG(PB08)_R6,R,cb_intrinsic,4
25329,ER3d_c,ER3d_c_L,L,cb_intrinsic,131313,EPG,EPG(PB08)_R6,R,cb_intrinsic,4
25297,ER3w_a,ER3w_a_R,R,cb_intrinsic,131313,EPG,EPG(PB08)_R6,R,cb_intrinsic,4
11605,ER5,ER5_R,R,cb_intrinsic,131313,EPG,EPG(PB08)_R6,R,cb_intrinsic,4
532637,ER3m,ER3m_R,R,cb_intrinsic,513517,EPG,EPG(PB08)_L4,L,cb_intrinsic,4
63782,ER3d_c,ER3d_c_L,L,cb_intrinsic,513517,EPG,EPG(PB08)_L4,L,cb_intrinsic,4
54912,ER3d_b,ER3d_b_L,L,cb_intrinsic,513517,EPG,EPG(PB08)_L4,L,cb_intrinsic,4
48956,ER3d_b,ER3d_b_R,R,cb_intrinsic,513517,EPG,EPG(PB08)_L4,L,cb_intrinsic,4
44814,ER3m,ER3m_L,L,cb_intrinsic,513517,EPG,EPG(PB08)_L4,L,cb_intrinsic,4
44127,ER3d_d,ER3d_d_R,R,cb_intrinsic,513517,EPG,EPG(PB08)_L4,L,cb_intrinsic,4
41665,ER3a_c,ER3a_c_L,L,cb_intrinsic,513517,EPG,EPG(PB08)_L4,L,cb_intrinsic,4
37758,ER3d_a,ER3d_a_R,R,cb_intrinsic,513517,EPG,EPG(PB08)_L4,L,cb_intrinsic,4
31684,ER3d_a,ER3d_a_R,R,cb_intrinsic,513517,EPG,EPG(PB08)_L4,L,cb_intrinsic,4
31121,ER3a_c,ER3a_c_L,L,cb_intrinsic,513517,EPG,EPG(PB08)_L4,L,cb_intrinsic,4
30592,ER3d_b,ER3d_b_R,R,cb_intrinsic,513517,EPG,EPG(PB08)_L4,L,cb_intrinsic,4
27903,ER3d_d,ER3d_d_L,L,cb_intrinsic,513517,EPG,EPG(PB08)_L4,L,cb_intrinsic,4
27269,ER3d_c,ER3d_c_L,L,cb_intrinsic,513517,EPG,EPG(PB08)_L4,L,cb_intrinsic,4
20514,ER3d_d,ER3d_d_L,L,cb_intrinsic,513517,EPG,EPG(PB08)_L4,L,cb_intrinsic,4
20026,ER5,ER5_L,L,cb_intrinsic,513517,EPG,EPG(PB08)_L4,L,cb_intrinsic,4
17561,ER3m,ER3m_R,R,cb_intrinsic,513517,EPG,EPG(PB08)_L4,L,cb_intrinsic,4
11605,ER5,ER5_R,R,cb_intrinsic,513517,EPG,EPG(PB08)_L4,L,cb_intrinsic,4
544496,ER3a_c,ER3a_c_R,R,cb_intrinsic,556347,EPG,EPG(PB08)_R4,R,cb_intrinsic,4
527199,ER3d_e,ER3d_e_L,L,cb_intrinsic,556347,EPG,EPG(PB08)_R4,R,cb_intrinsic,4
521534,ER5,ER5_L,L,cb_intrinsic,556347,EPG,EPG(PB08)_R4,R,cb_intrinsic,4
80867,ER1_a,ER1_a_R,R,cb_intrinsic,556347,EPG,EPG(PB08)_R4,R,cb_intrinsic,4
72491,ER1_c,ER1_c_R,R,cb_intrinsic,556347,EPG,EPG(PB08)_R4,R,cb_intrinsic,4
71503,ER1_c,ER1_c_R,R,cb_intrinsic,556347,EPG,EPG(PB08)_R4,R,cb_intrinsic,4
61273,ER1_b,ER1_b_L,L,cb_intrinsic,556347,EPG,EPG(PB08)_R4,R,cb_intrinsic,4
50808,ER4d,ER4d_L,L,cb_intrinsic,556347,EPG,EPG(PB08)_R4,R,cb_intrinsic,4
48956,ER3d_b,ER3d_b_R,R,cb_intrinsic,556347,EPG,EPG(PB08)_R4,R,cb_intrinsic,4
45839,ER3d_b,ER3d_b_L,L,cb_intrinsic,556347,EPG,EPG(PB08)_R4,R,cb_intrinsic,4
42264,ER3d_e,ER3d_e_R,R,cb_intrinsic,556347,EPG,EPG(PB08)_R4,R,cb_intrinsic,4
39798,ER5,ER5_L,L,cb_intrinsic,556347,EPG,EPG(PB08)_R4,R,cb_intrinsic,4
35641,ER3d_c,ER3d_c_L,L,cb_intrinsic,556347,EPG,EPG(PB08)_R4,R,cb_intrinsic,4
31541,ER3d_d,ER3d_d_R,R,cb_intrinsic,556347,EPG,EPG(PB08)_R4,R,cb_intrinsic,4
30443,ER3a_c,ER3a_c_R,R,cb_intrinsic,556347,EPG,EPG(PB08)_R4,R,cb_intrinsic,4
30206,ER5,ER5_R,R,cb_intrinsic,556347,EPG,EPG(PB08)_R4,R,cb_intrinsic,4
27454,ER3d_c,ER3d_c_R,R,cb_intrinsic,556347,EPG,EPG(PB08)_R4,R,cb_intrinsic,4
27269,ER3d_c,ER3d_c_L,L,cb_intrinsic,556347,EPG,EPG(PB08)_R4,R,cb_intrinsic,4
27052,ER3d_d,ER3d_d_R,R,cb_intrinsic,556347,EPG,EPG(PB08)_R4,R,cb_intrinsic,4
24459,ER4d,ER4d_L,L,cb_intrinsic,556347,EPG,EPG(PB08)_R4,R,cb_intrinsic,4
21664,ER3d_e,ER3d_e_R,R,cb_intrinsic,556347,EPG,EPG(PB08)_R4,R,cb_intrinsic,4
20980,ER4d,ER4d_R,R,cb_intrinsic,556347,EPG,EPG(PB08)_R4,R,cb_intrinsic,4
18664,ER2_c,ER2_c_R,R,cb_intrinsic,556347,EPG,EPG(PB08)_R4,R,cb_intrinsic,4
10043,ER5,ER5_L,L,cb_intrinsic,556347,EPG,EPG(PB08)_R4,R,cb_intrinsic,4
527150,ER3d_a,ER3d_a_L,L,cb_intrinsic,521409,EPG,EPG(PB08)_L8,L,cb_intrinsic,4
52832,ER3m,ER3m_R,R,cb_intrinsic,521409,EPG,EPG(PB08)_L8,L,cb_intrinsic,4
49378,ER3d_c,ER3d_c_R,R,cb_intrinsic,521409,EPG,EPG(PB08)_L8,L,cb_intrinsic,4
46262,ER3d_b,ER3d_b_L,L,cb_intrinsic,521409,EPG,EPG(PB08)_L8,L,cb_intrinsic,4
44830,ER3d_e,ER3d_e_R,R,cb_intrinsic,521409,EPG,EPG(PB08)_L8,L,cb_intrinsic,4
42264,ER3d_e,ER3d_e_R,R,cb_intrinsic,521409,EPG,EPG(PB08)_L8,L,cb_intrinsic,4
42241,ER1_b,ER1_b_R,R,cb_intrinsic,521409,EPG,EPG(PB08)_L8,L,cb_intrinsic,4
35641,ER3d_c,ER3d_c_L,L,cb_intrinsic,521409,EPG,EPG(PB08)_L8,L,cb_intrinsic,4
30592,ER3d_b,ER3d_b_R,R,cb_intrinsic,521409,EPG,EPG(PB08)_L8,L,cb_intrinsic,4
30178,ER3d_b,ER3d_b_R,R,cb_intrinsic,521409,EPG,EPG(PB08)_L8,L,cb_intrinsic,4
29791,ER3d_b,ER3d_b_L,L,cb_intrinsic,521409,EPG,EPG(PB08)_L8,L,cb_intrinsic,4
29177,ER3d_b,ER3d_b_R,R,cb_intrinsic,521409,EPG,EPG(PB08)_L8,L,cb_intrinsic,4
29046,ER3d_b,ER3d_b_R,R,cb_intrinsic,521409,EPG,EPG(PB08)_L8,L,cb_intrinsic,4
28627,ER3m,ER3m_L,L,cb_intrinsic,521409,EPG,EPG(PB08)_L8,L,cb_intrinsic,4
27269,ER3d_c,ER3d_c_L,L,cb_intrinsic,521409,EPG,EPG(PB08)_L8,L,cb_intrinsic,4
26295,ER3m,ER3m_R,R,cb_intrinsic,521409,EPG,EPG(PB08)_L8,L,cb_intrinsic,4
25329,ER3d_c,ER3d_c_L,L,cb_intrinsic,521409,EPG,EPG(PB08)_L8,L,cb_intrinsic,4
24459,ER4d,ER4d_L,L,cb_intrinsic,521409,EPG,EPG(PB08)_L8,L,cb_intrinsic,4
22001,ER5,ER5_L,L,cb_intrinsic,521409,EPG,EPG(PB08)_L8,L,cb_intrinsic,4
20514,ER3d_d,ER3d_d_L,L,cb_intrinsic,521409,EPG,EPG(PB08)_L8,L,cb_intrinsic,4
19072,ER5,ER5_R,R,cb_intrinsic,521409,EPG,EPG(PB08)_L8,L,cb_intrinsic,4
17591,ER4d,ER4d_R,R,cb_intrinsic,521409,EPG,EPG(PB08)_L8,L,cb_intrinsic,4
14963,ER5,ER5_L,L,cb_intrinsic,521409,EPG,EPG(PB08)_L8,L,cb_intrinsic,4
12059,ER5,ER5_R,R,cb_intrinsic,521409,EPG,EPG(PB08)_L8,L,cb_intrinsic,4
11605,ER5,ER5_R,R,cb_intrinsic,521409,EPG,EPG(PB08)_L8,L,cb_intrinsic,4
532637,ER3m,ER3m_R,R,cb_intrinsic,513463,EPG,EPG(PB08)_R2,R,cb_intrinsic,4
529330,ER3d_b,ER3d_b_L,L,cb_intrinsic,513463,EPG,EPG(PB08)_R2,R,cb_intrinsic,4
524068,ER3d_b,ER3d_b_L,L,cb_intrinsic,513463,EPG,EPG(PB08)_R2,R,cb_intrinsic,4
521534,ER5,ER5_L,L,cb_intrinsic,513463,EPG,EPG(PB08)_R2,R,cb_intrinsic,4
517602,ER3p_a,ER3p_a_R,R,cb_intrinsic,513463,EPG,EPG(PB08)_R2,R,cb_intrinsic,4
516944,ER5,ER5_L,L,cb_intrinsic,513463,EPG,EPG(PB08)_R2,R,cb_intrinsic,4
51382,ER3d_b,ER3d_b_L,L,cb_intrinsic,513463,EPG,EPG(PB08)_R2,R,cb_intrinsic,4
44814,ER3m,ER3m_L,L,cb_intrinsic,513463,EPG,EPG(PB08)_R2,R,cb_intrinsic,4
38268,ER1_b,ER1_b_R,R,cb_intrinsic,513463,EPG,EPG(PB08)_R2,R,cb_intrinsic,4
36730,ER1_b,ER1_b_L,L,cb_intrinsic,513463,EPG,EPG(PB08)_R2,R,cb_intrinsic,4
36384,ER1_b,ER1_b_R,R,cb_intrinsic,513463,EPG,EPG(PB08)_R2,R,cb_intrinsic,4
31684,ER3d_a,ER3d_a_R,R,cb_intrinsic,513463,EPG,EPG(PB08)_R2,R,cb_intrinsic,4
31541,ER3d_d,ER3d_d_R,R,cb_intrinsic,513463,EPG,EPG(PB08)_R2,R,cb_intrinsic,4
30178,ER3d_b,ER3d_b_R,R,cb_intrinsic,513463,EPG,EPG(PB08)_R2,R,cb_intrinsic,4
27348,ER3m,ER3m_L,L,cb_intrinsic,513463,EPG,EPG(PB08)_R2,R,cb_intrinsic,4
17171,ER5,ER5_R,R,cb_intrinsic,513463,EPG,EPG(PB08)_R2,R,cb_intrinsic,4
17078,ER5,ER5_R,R,cb_intrinsic,513463,EPG,EPG(PB08)_R2,R,cb_intrinsic,4
14963,ER5,ER5_L,L,cb_intrinsic,513463,EPG,EPG(PB08)_R2,R,cb_intrinsic,4
529847,ER3m,ER3m_L,L,cb_intrinsic,520818,EPG,EPG(PB08)_L4,L,cb_intrinsic,4
529330,ER3d_b,ER3d_b_L,L,cb_intrinsic,520818,EPG,EPG(PB08)_L4,L,cb_intrinsic,4
522759,ER3d_d,ER3d_d_L,L,cb_intrinsic,520818,EPG,EPG(PB08)_L4,L,cb_intrinsic,4
521534,ER5,ER5_L,L,cb_intrinsic,520818,EPG,EPG(PB08)_L4,L,cb_intrinsic,4
63782,ER3d_c,ER3d_c_L,L,cb_intrinsic,520818,EPG,EPG(PB08)_L4,L,cb_intrinsic,4
47464,ER3d_d,ER3d_d_R,R,cb_intrinsic,520818,EPG,EPG(PB08)_L4,L,cb_intrinsic,4
44814,ER3m,ER3m_L,L,cb_intrinsic,520818,EPG,EPG(PB08)_L4,L,cb_intrinsic,4
44422,ER3m,ER3m_L,L,cb_intrinsic,520818,EPG,EPG(PB08)_L4,L,cb_intrinsic,4
39798,ER5,ER5_L,L,cb_intrinsic,520818,EPG,EPG(PB08)_L4,L,cb_intrinsic,4
37817,ER3d_e,ER3d_e_R,R,cb_intrinsic,520818,EPG,EPG(PB08)_L4,L,cb_intrinsic,4
37758,ER3d_a,ER3d_a_R,R,cb_intrinsic,520818,EPG,EPG(PB08)_L4,L,cb_intrinsic,4
35641,ER3d_c,ER3d_c_L,L,cb_intrinsic,520818,EPG,EPG(PB08)_L4,L,cb_intrinsic,4
31684,ER3d_a,ER3d_a_R,R,cb_intrinsic,520818,EPG,EPG(PB08)_L4,L,cb_intrinsic,4
31681,ER1_a,ER1_a_R,R,cb_intrinsic,520818,EPG,EPG(PB08)_L4,L,cb_intrinsic,4
31121,ER3a_c,ER3a_c_L,L,cb_intrinsic,520818,EPG,EPG(PB08)_L4,L,cb_intrinsic,4
28627,ER3m,ER3m_L,L,cb_intrinsic,520818,EPG,EPG(PB08)_L4,L,cb_intrinsic,4
27269,ER3d_c,ER3d_c_L,L,cb_intrinsic,520818,EPG,EPG(PB08)_L4,L,cb_intrinsic,4
18058,ER2_b,ER2_b_L,L,cb_intrinsic,520818,EPG,EPG(PB08)_L4,L,cb_intrinsic,4
14963,ER5,ER5_L,L,cb_intrinsic,520818,EPG,EPG(PB08)_L4,L,cb_intrinsic,4
530339,ER3d_d,ER3d_d_L,L,cb_intrinsic,12449,EPG,EPG(PB08)_L5,L,cb_intrinsic,4
63782,ER3d_c,ER3d_c_L,L,cb_intrinsic,12449,EPG,EPG(PB08)_L5,L,cb_intrinsic,4
50808,ER4d,ER4d_L,L,cb_intrinsic,12449,EPG,EPG(PB08)_L5,L,cb_intrinsic,4
43039,ER3d_d,ER3d_d_L,L,cb_intrinsic,12449,EPG,EPG(PB08)_L5,L,cb_intrinsic,4
30674,ER3d_b,ER3d_b_R,R,cb_intrinsic,12449,EPG,EPG(PB08)_L5,L,cb_intrinsic,4
20404,ER4d,ER4d_L,L,cb_intrinsic,12449,EPG,EPG(PB08)_L5,L,cb_intrinsic,4
530339,ER3d_d,ER3d_d_L,L,cb_intrinsic,10539,EPG,EPG(PB08)_R2,R,cb_intrinsic,4
527150,ER3d_a,ER3d_a_L,L,cb_intrinsic,10539,EPG,EPG(PB08)_R2,R,cb_intrinsic,4
517603,ER3d_d,ER3d_d_R,R,cb_intrinsic,10539,EPG,EPG(PB08)_R2,R,cb_intrinsic,4
514180,ER3p_b,ER3p_b_R,R,cb_intrinsic,10539,EPG,EPG(PB08)_R2,R,cb_intrinsic,4
48318,ER3d_c,ER3d_c_L,L,cb_intrinsic,10539,EPG,EPG(PB08)_R2,R,cb_intrinsic,4
44422,ER3m,ER3m_L,L,cb_intrinsic,10539,EPG,EPG(PB08)_R2,R,cb_intrinsic,4
44127,ER3d_d,ER3d_d_R,R,cb_intrinsic,10539,EPG,EPG(PB08)_R2,R,cb_intrinsic,4
44010,ER3w_b,ER3w_b_L,L,cb_intrinsic,10539,EPG,EPG(PB08)_R2,R,cb_intrinsic,4
43212,ER3d_a,ER3d_a_L,L,cb_intrinsic,10539,EPG,EPG(PB08)_R2,R,cb_intrinsic,4
42509,ER1_a,ER1_a_R,R,cb_intrinsic,10539,EPG,EPG(PB08)_R2,R,cb_intrinsic,4
42264,ER3d_e,ER3d_e_R,R,cb_intrinsic,10539,EPG,EPG(PB08)_R2,R,cb_intrinsic,4
41665,ER3a_c,ER3a_c_L,L,cb_intrinsic,10539,EPG,EPG(PB08)_R2,R,cb_intrinsic,4
37758,ER3d_a,ER3d_a_R,R,cb_intrinsic,10539,EPG,EPG(PB08)_R2,R,cb_intrinsic,4
36730,ER1_b,ER1_b_L,L,cb_intrinsic,10539,EPG,EPG(PB08)_R2,R,cb_intrinsic,4
32315,ER1_a,ER1_a_L,L,cb_intrinsic,10539,EPG,EPG(PB08)_R2,R,cb_intrinsic,4
30371,ER1_a,ER1_a_R,R,cb_intrinsic,10539,EPG,EPG(PB08)_R2,R,cb_intrinsic,4
28701,ER3d_b,ER3d_b_R,R,cb_intrinsic,10539,EPG,EPG(PB08)_R2,R,cb_intrinsic,4
28430,ER3m,ER3m_L,L,cb_intrinsic,10539,EPG,EPG(PB08)_R2,R,cb_intrinsic,4
27013,ER3m,ER3m_L,L,cb_intrinsic,10539,EPG,EPG(PB08)_R2,R,cb_intrinsic,4
17561,ER3m,ER3m_R,R,cb_intrinsic,10539,EPG,EPG(PB08)_R2,R,cb_intrinsic,4
568502,ER5,ER5_R,R,cb_intrinsic,14727,EPG,EPG(PB08)_L7,L,cb_intrinsic,4
521534,ER5,ER5_L,L,cb_intrinsic,14727,EPG,EPG(PB08)_L7,L,cb_intrinsic,4
514180,ER3p_b,ER3p_b_R,R,cb_intrinsic,14727,EPG,EPG(PB08)_L7,L,cb_intrinsic,4
54912,ER3d_b,ER3d_b_L,L,cb_intrinsic,14727,EPG,EPG(PB08)_L7,L,cb_intrinsic,4
51382,ER3d_b,ER3d_b_L,L,cb_intrinsic,14727,EPG,EPG(PB08)_L7,L,cb_intrinsic,4
42264,ER3d_e,ER3d_e_R,R,cb_intrinsic,14727,EPG,EPG(PB08)_L7,L,cb_intrinsic,4
38268,ER1_b,ER1_b_R,R,cb_intrinsic,14727,EPG,EPG(PB08)_L7,L,cb_intrinsic,4
37758,ER3d_a,ER3d_a_R,R,cb_intrinsic,14727,EPG,EPG(PB08)_L7,L,cb_intrinsic,4
31263,ER3d_b,ER3d_b_R,R,cb_intrinsic,14727,EPG,EPG(PB08)_L7,L,cb_intrinsic,4
31051,ER3m,ER3m_R,R,cb_intrinsic,14727,EPG,EPG(PB08)_L7,L,cb_intrinsic,4
29791,ER3d_b,ER3d_b_L,L,cb_intrinsic,14727,EPG,EPG(PB08)_L7,L,cb_intrinsic,4
29046,ER3d_b,ER3d_b_R,R,cb_intrinsic,14727,EPG,EPG(PB08)_L7,L,cb_intrinsic,4
27454,ER3d_c,ER3d_c_R,R,cb_intrinsic,14727,EPG,EPG(PB08)_L7,L,cb_intrinsic,4
14963,ER5,ER5_L,L,cb_intrinsic,14727,EPG,EPG(PB08)_L7,L,cb_intrinsic,4
524068,ER3d_b,ER3d_b_L,L,cb_intrinsic,519140,EPG,EPG(PB08)_L1,L,cb_intrinsic,4
521534,ER5,ER5_L,L,cb_intrinsic,519140,EPG,EPG(PB08)_L1,L,cb_intrinsic,4
48956,ER3d_b,ER3d_b_R,R,cb_intrinsic,519140,EPG,EPG(PB08)_L1,L,cb_intrinsic,4
39798,ER5,ER5_L,L,cb_intrinsic,519140,EPG,EPG(PB08)_L1,L,cb_intrinsic,4
34922,ER3a_b,ER3a_b_R,R,cb_intrinsic,519140,EPG,EPG(PB08)_L1,L,cb_intrinsic,4
31541,ER3d_d,ER3d_d_R,R,cb_intrinsic,519140,EPG,EPG(PB08)_L1,L,cb_intrinsic,4
30592,ER3d_b,ER3d_b_R,R,cb_intrinsic,519140,EPG,EPG(PB08)_L1,L,cb_intrinsic,4
29791,ER3d_b,ER3d_b_L,L,cb_intrinsic,519140,EPG,EPG(PB08)_L1,L,cb_intrinsic,4
29711,ER3a_b,ER3a_b_L,L,cb_intrinsic,519140,EPG,EPG(PB08)_L1,L,cb_intrinsic,4
29177,ER3d_b,ER3d_b_R,R,cb_intrinsic,519140,EPG,EPG(PB08)_L1,L,cb_intrinsic,4
27246,ER3d_d,ER3d_d_R,R,cb_intrinsic,519140,EPG,EPG(PB08)_L1,L,cb_intrinsic,4
24459,ER4d,ER4d_L,L,cb_intrinsic,519140,EPG,EPG(PB08)_L1,L,cb_intrinsic,4
14963,ER5,ER5_L,L,cb_intrinsic,519140,EPG,EPG(PB08)_L1,L,cb_intrinsic,4
13094,ER4d,ER4d_R,R,cb_intrinsic,519140,EPG,EPG(PB08)_L1,L,cb_intrinsic,4
513379,ER5,ER5_R,R,cb_intrinsic,15616,EPG,EPG(PB08)_R3,R,cb_intrinsic,4
48956,ER3d_b,ER3d_b_R,R,cb_intrinsic,15616,EPG,EPG(PB08)_R3,R,cb_intrinsic,4
40558,ER3d_b,ER3d_b_L,L,cb_intrinsic,15616,EPG,EPG(PB08)_R3,R,cb_intrinsic,4
35641,ER3d_c,ER3d_c_L,L,cb_intrinsic,15616,EPG,EPG(PB08)_R3,R,cb_intrinsic,4
31263,ER3d_b,ER3d_b_R,R,cb_intrinsic,15616,EPG,EPG(PB08)_R3,R,cb_intrinsic,4
30592,ER3d_b,ER3d_b_R,R,cb_intrinsic,15616,EPG,EPG(PB08)_R3,R,cb_intrinsic,4
30178,ER3d_b,ER3d_b_R,R,cb_intrinsic,15616,EPG,EPG(PB08)_R3,R,cb_intrinsic,4
28430,ER3m,ER3m_L,L,cb_intrinsic,15616,EPG,EPG(PB08)_R3,R,cb_intrinsic,4
27052,ER3d_d,ER3d_d_R,R,cb_intrinsic,15616,EPG,EPG(PB08)_R3,R,cb_intrinsic,4
532637,ER3m,ER3m_R,R,cb_intrinsic,16360,EPG,EPG(PB08)_L6,L,cb_intrinsic,4
522806,ER3d_c,ER3d_c_R,R,cb_intrinsic,16360,EPG,EPG(PB08)_L6,L,cb_intrinsic,4
512608,ER3d_b,ER3d_b_R,R,cb_intrinsic,16360,EPG,EPG(PB08)_L6,L,cb_intrinsic,4
48318,ER3d_c,ER3d_c_L,L,cb_intrinsic,16360,EPG,EPG(PB08)_L6,L,cb_intrinsic,4
44909,ER5,ER5_L,L,cb_intrinsic,16360,EPG,EPG(PB08)_L6,L,cb_intrinsic,4
40558,ER3d_b,ER3d_b_L,L,cb_intrinsic,16360,EPG,EPG(PB08)_L6,L,cb_intrinsic,4
38084,ER3m,ER3m_L,L,cb_intrinsic,16360,EPG,EPG(PB08)_L6,L,cb_intrinsic,4
37758,ER3d_a,ER3d_a_R,R,cb_intrinsic,16360,EPG,EPG(PB08)_L6,L,cb_intrinsic,4
33589,ER3d_b,ER3d_b_L,L,cb_intrinsic,16360,EPG,EPG(PB08)_L6,L,cb_intrinsic,4
31541,ER3d_d,ER3d_d_R,R,cb_intrinsic,16360,EPG,EPG(PB08)_L6,L,cb_intrinsic,4
30522,ER3d_b,ER3d_b_R,R,cb_intrinsic,16360,EPG,EPG(PB08)_L6,L,cb_intrinsic,4
29177,ER3d_b,ER3d_b_R,R,cb_intrinsic,16360,EPG,EPG(PB08)_L6,L,cb_intrinsic,4
22644,ER3d_a,ER3d_a_R,R,cb_intrinsic,16360,EPG,EPG(PB08)_L6,L,cb_intrinsic,4
544496,ER3a_c,ER3a_c_R,R,cb_intrinsic,515675,EPG,EPG(PB08)_R1,R,cb_intrinsic,4
533062,ER3a_a,ER3a_a_L,L,cb_intrinsic,515675,EPG,EPG(PB08)_R1,R,cb_intrinsic,4
527297,ER5,ER5_R,R,cb_intrinsic,515675,EPG,EPG(PB08)_R1,R,cb_intrinsic,4
524068,ER3d_b,ER3d_b_L,L,cb_intrinsic,515675,EPG,EPG(PB08)_R1,R,cb_intrinsic,4
522806,ER3d_c,ER3d_c_R,R,cb_intrinsic,515675,EPG,EPG(PB08)_R1,R,cb_intrinsic,4
517603,ER3d_d,ER3d_d_R,R,cb_intrinsic,515675,EPG,EPG(PB08)_R1,R,cb_intrinsic,4
48318,ER3d_c,ER3d_c_L,L,cb_intrinsic,515675,EPG,EPG(PB08)_R1,R,cb_intrinsic,4
44909,ER5,ER5_L,L,cb_intrinsic,515675,EPG,EPG(PB08)_R1,R,cb_intrinsic,4
44127,ER3d_d,ER3d_d_R,R,cb_intrinsic,515675,EPG,EPG(PB08)_R1,R,cb_intrinsic,4
38306,ER3d_a,ER3d_a_L,L,cb_intrinsic,515675,EPG,EPG(PB08)_R1,R,cb_intrinsic,4
37058,ER1_b,ER1_b_R,R,cb_intrinsic,515675,EPG,EPG(PB08)_R1,R,cb_intrinsic,4
31121,ER3a_c,ER3a_c_L,L,cb_intrinsic,515675,EPG,EPG(PB08)_R1,R,cb_intrinsic,4
29177,ER3d_b,ER3d_b_R,R,cb_intrinsic,515675,EPG,EPG(PB08)_R1,R,cb_intrinsic,4
28627,ER3m,ER3m_L,L,cb_intrinsic,515675,EPG,EPG(PB08)_R1,R,cb_intrinsic,4
27903,ER3d_d,ER3d_d_L,L,cb_intrinsic,515675,EPG,EPG(PB08)_R1,R,cb_intrinsic,4
26295,ER3m,ER3m_R,R,cb_intrinsic,515675,EPG,EPG(PB08)_R1,R,cb_intrinsic,4
20514,ER3d_d,ER3d_d_L,L,cb_intrinsic,515675,EPG,EPG(PB08)_R1,R,cb_intrinsic,4
17171,ER5,ER5_R,R,cb_intrinsic,515675,EPG,EPG(PB08)_R1,R,cb_intrinsic,4
52832,ER3m,ER3m_R,R,cb_intrinsic,514126,EPG,EPG(PB08)_R5,R,cb_intrinsic,4
42509,ER1_a,ER1_a_R,R,cb_intrinsic,514126,EPG,EPG(PB08)_R5,R,cb_intrinsic,4
42264,ER3d_e,ER3d_e_R,R,cb_intrinsic,514126,EPG,EPG(PB08)_R5,R,cb_intrinsic,4
42241,ER1_b,ER1_b_R,R,cb_intrinsic,514126,EPG,EPG(PB08)_R5,R,cb_intrinsic,4
31735,ER1_a,ER1_a_L,L,cb_intrinsic,514126,EPG,EPG(PB08)_R5,R,cb_intrinsic,4
31263,ER3d_b,ER3d_b_R,R,cb_intrinsic,514126,EPG,EPG(PB08)_R5,R,cb_intrinsic,4
30171,ER3a_a,ER3a_a_R,R,cb_intrinsic,514126,EPG,EPG(PB08)_R5,R,cb_intrinsic,4
27269,ER3d_c,ER3d_c_L,L,cb_intrinsic,514126,EPG,EPG(PB08)_R5,R,cb_intrinsic,4
25329,ER3d_c,ER3d_c_L,L,cb_intrinsic,514126,EPG,EPG(PB08)_R5,R,cb_intrinsic,4
22001,ER5,ER5_L,L,cb_intrinsic,514126,EPG,EPG(PB08)_R5,R,cb_intrinsic,4
17171,ER5,ER5_R,R,cb_intrinsic,514126,EPG,EPG(PB08)_R5,R,cb_intrinsic,4
529847,ER3m,ER3m_L,L,cb_intrinsic,513520,EPG,EPG(PB08)_R6,R,cb_intrinsic,4
517603,ER3d_d,ER3d_d_R,R,cb_intrinsic,513520,EPG,EPG(PB08)_R6,R,cb_intrinsic,4
516944,ER5,ER5_L,L,cb_intrinsic,513520,EPG,EPG(PB08)_R6,R,cb_intrinsic,4
63782,ER3d_c,ER3d_c_L,L,cb_intrinsic,513520,EPG,EPG(PB08)_R6,R,cb_intrinsic,4
53618,ER3p_b,ER3p_b_L,L,cb_intrinsic,513520,EPG,EPG(PB08)_R6,R,cb_intrinsic,4
44909,ER5,ER5_L,L,cb_intrinsic,513520,EPG,EPG(PB08)_R6,R,cb_intrinsic,4
44814,ER3m,ER3m_L,L,cb_intrinsic,513520,EPG,EPG(PB08)_R6,R,cb_intrinsic,4
43212,ER3d_a,ER3d_a_L,L,cb_intrinsic,513520,EPG,EPG(PB08)_R6,R,cb_intrinsic,4
30522,ER3d_b,ER3d_b_R,R,cb_intrinsic,513520,EPG,EPG(PB08)_R6,R,cb_intrinsic,4
30443,ER3a_c,ER3a_c_R,R,cb_intrinsic,513520,EPG,EPG(PB08)_R6,R,cb_intrinsic,4
26295,ER3m,ER3m_R,R,cb_intrinsic,513520,EPG,EPG(PB08)_R6,R,cb_intrinsic,4
20514,ER3d_d,ER3d_d_L,L,cb_intrinsic,513520,EPG,EPG(PB08)_R6,R,cb_intrinsic,4
17591,ER4d,ER4d_R,R,cb_intrinsic,513520,EPG,EPG(PB08)_R6,R,cb_intrinsic,4
14284,ER5,ER5_R,R,cb_intrinsic,513520,EPG,EPG(PB08)_R6,R,cb_intrinsic,4
59230,ER3m,ER3m_R,R,cb_intrinsic,11874,EPG,EPG(PB08)_L7,L,cb_intrinsic,4
44422,ER3m,ER3m_L,L,cb_intrinsic,11874,EPG,EPG(PB08)_L7,L,cb_intrinsic,4
42264,ER3d_e,ER3d_e_R,R,cb_intrinsic,11874,EPG,EPG(PB08)_L7,L,cb_intrinsic,4
37105,ER1_b,ER1_b_L,L,cb_intrinsic,11874,EPG,EPG(PB08)_L7,L,cb_intrinsic,4
32315,ER1_a,ER1_a_L,L,cb_intrinsic,11874,EPG,EPG(PB08)_L7,L,cb_intrinsic,4
31684,ER3d_a,ER3d_a_R,R,cb_intrinsic,11874,EPG,EPG(PB08)_L7,L,cb_intrinsic,4
31051,ER3m,ER3m_R,R,cb_intrinsic,11874,EPG,EPG(PB08)_L7,L,cb_intrinsic,4
20026,ER5,ER5_L,L,cb_intrinsic,11874,EPG,EPG(PB08)_L7,L,cb_intrinsic,4
527297,ER5,ER5_R,R,cb_intrinsic,512514,EPG,EPG(PB08)_L1,L,cb_intrinsic,4
521528,ER5,ER5_L,L,cb_intrinsic,512514,EPG,EPG(PB08)_L1,L,cb_intrinsic,4
80867,ER1_a,ER1_a_R,R,cb_intrinsic,512514,EPG,EPG(PB08)_L1,L,cb_intrinsic,4
69319,ER1_a,ER1_a_R,R,cb_intrinsic,512514,EPG,EPG(PB08)_L1,L,cb_intrinsic,4
59230,ER3m,ER3m_R,R,cb_intrinsic,512514,EPG,EPG(PB08)_L1,L,cb_intrinsic,4
44830,ER3d_e,ER3d_e_R,R,cb_intrinsic,512514,EPG,EPG(PB08)_L1,L,cb_intrinsic,4
42264,ER3d_e,ER3d_e_R,R,cb_intrinsic,512514,EPG,EPG(PB08)_L1,L,cb_intrinsic,4
41665,ER3a_c,ER3a_c_L,L,cb_intrinsic,512514,EPG,EPG(PB08)_L1,L,cb_intrinsic,4
40213,ER1_b,ER1_b_L,L,cb_intrinsic,512514,EPG,EPG(PB08)_L1,L,cb_intrinsic,4
36384,ER1_b,ER1_b_R,R,cb_intrinsic,512514,EPG,EPG(PB08)_L1,L,cb_intrinsic,4
35641,ER3d_c,ER3d_c_L,L,cb_intrinsic,512514,EPG,EPG(PB08)_L1,L,cb_intrinsic,4
30592,ER3d_b,ER3d_b_R,R,cb_intrinsic,512514,EPG,EPG(PB08)_L1,L,cb_intrinsic,4
28701,ER3d_b,ER3d_b_R,R,cb_intrinsic,512514,EPG,EPG(PB08)_L1,L,cb_intrinsic,4
27052,ER3d_d,ER3d_d_R,R,cb_intrinsic,512514,EPG,EPG(PB08)_L1,L,cb_intrinsic,4
24122,ER4d,ER4d_R,R,cb_intrinsic,512514,EPG,EPG(PB08)_L1,L,cb_intrinsic,4
20026,ER5,ER5_L,L,cb_intrinsic,512514,EPG,EPG(PB08)_L1,L,cb_intrinsic,4
19072,ER5,ER5_R,R,cb_intrinsic,512514,EPG,EPG(PB08)_L1,L,cb_intrinsic,4
12059,ER5,ER5_R,R,cb_intrinsic,512514,EPG,EPG(PB08)_L1,L,cb_intrinsic,4
533062,ER3a_a,ER3a_a_L,L,cb_intrinsic,88342,EPG,EPG(PB08)_L3,L,cb_intrinsic,4
529847,ER3m,ER3m_L,L,cb_intrinsic,88342,EPG,EPG(PB08)_L3,L,cb_intrinsic,4
521534,ER5,ER5_L,L,cb_intrinsic,88342,EPG,EPG(PB08)_L3,L,cb_intrinsic,4
53618,ER3p_b,ER3p_b_L,L,cb_intrinsic,88342,EPG,EPG(PB08)_L3,L,cb_intrinsic,4
48318,ER3d_c,ER3d_c_L,L,cb_intrinsic,88342,EPG,EPG(PB08)_L3,L,cb_intrinsic,4
43212,ER3d_a,ER3d_a_L,L,cb_intrinsic,88342,EPG,EPG(PB08)_L3,L,cb_intrinsic,4
37758,ER3d_a,ER3d_a_R,R,cb_intrinsic,88342,EPG,EPG(PB08)_L3,L,cb_intrinsic,4
31263,ER3d_b,ER3d_b_R,R,cb_intrinsic,88342,EPG,EPG(PB08)_L3,L,cb_intrinsic,4
29046,ER3d_b,ER3d_b_R,R,cb_intrinsic,88342,EPG,EPG(PB08)_L3,L,cb_intrinsic,4
28430,ER3m,ER3m_L,L,cb_intrinsic,88342,EPG,EPG(PB08)_L3,L,cb_intrinsic,4
27903,ER3d_d,ER3d_d_L,L,cb_intrinsic,88342,EPG,EPG(PB08)_L3,L,cb_intrinsic,4
27454,ER3d_c,ER3d_c_R,R,cb_intrinsic,88342,EPG,EPG(PB08)_L3,L,cb_intrinsic,4
27246,ER3d_d,ER3d_d_R,R,cb_intrinsic,88342,EPG,EPG(PB08)_L3,L,cb_intrinsic,4
27052,ER3d_d,ER3d_d_R,R,cb_intrinsic,88342,EPG,EPG(PB08)_L3,L,cb_intrinsic,4
25797,ER4d,ER4d_L,L,cb_intrinsic,88342,EPG,EPG(PB08)_L3,L,cb_intrinsic,4
20980,ER4d,ER4d_R,R,cb_intrinsic,88342,EPG,EPG(PB08)_L3,L,cb_intrinsic,4
18058,ER2_b,ER2_b_L,L,cb_intrinsic,88342,EPG,EPG(PB08)_L3,L,cb_intrinsic,4
544496,ER3a_c,ER3a_c_R,R,cb_intrinsic,15713,EPG,EPG(PB08)_L6,L,cb_intrinsic,4
517603,ER3d_d,ER3d_d_R,R,cb_intrinsic,15713,EPG,EPG(PB08)_L6,L,cb_intrinsic,4
47464,ER3d_d,ER3d_d_R,R,cb_intrinsic,15713,EPG,EPG(PB08)_L6,L,cb_intrinsic,4
45839,ER3d_b,ER3d_b_L,L,cb_intrinsic,15713,EPG,EPG(PB08)_L6,L,cb_intrinsic,4
44127,ER3d_d,ER3d_d_R,R,cb_intrinsic,15713,EPG,EPG(PB08)_L6,L,cb_intrinsic,4
37817,ER3d_e,ER3d_e_R,R,cb_intrinsic,15713,EPG,EPG(PB08)_L6,L,cb_intrinsic,4
37758,ER3d_a,ER3d_a_R,R,cb_intrinsic,15713,EPG,EPG(PB08)_L6,L,cb_intrinsic,4
37058,ER1_b,ER1_b_R,R,cb_intrinsic,15713,EPG,EPG(PB08)_L6,L,cb_intrinsic,4
26939,ER3m,ER3m_R,R,cb_intrinsic,15713,EPG,EPG(PB08)_L6,L,cb_intrinsic,4
26798,ER1_a,ER1_a_L,L,cb_intrinsic,15713,EPG,EPG(PB08)_L6,L,cb_intrinsic,4
24459,ER4d,ER4d_L,L,cb_intrinsic,15713,EPG,EPG(PB08)_L6,L,cb_intrinsic,4
23703,ER1_b,ER1_b_R,R,cb_intrinsic,15713,EPG,EPG(PB08)_L6,L,cb_intrinsic,4
22001,ER5,ER5_L,L,cb_intrinsic,15713,EPG,EPG(PB08)_L6,L,cb_intrinsic,4
18633,ER5,ER5_L,L,cb_intrinsic,15713,EPG,EPG(PB08)_L6,L,cb_intrinsic,4
14464,ER6,ER6_L,L,cb_intrinsic,15713,EPG,EPG(PB08)_L6,L,cb_intrinsic,4
10043,ER5,ER5_L,L,cb_intrinsic,15713,EPG,EPG(PB08)_L6,L,cb_intrinsic,4
532637,ER3m,ER3m_R,R,cb_intrinsic,520581,EPG,EPG(PB08)_R4,R,cb_intrinsic,4
527150,ER3d_a,ER3d_a_L,L,cb_intrinsic,520581,EPG,EPG(PB08)_R4,R,cb_intrinsic,4
522759,ER3d_d,ER3d_d_L,L,cb_intrinsic,520581,EPG,EPG(PB08)_R4,R,cb_intrinsic,4
512608,ER3d_b,ER3d_b_R,R,cb_intrinsic,520581,EPG,EPG(PB08)_R4,R,cb_intrinsic,4
51382,ER3d_b,ER3d_b_L,L,cb_intrinsic,520581,EPG,EPG(PB08)_R4,R,cb_intrinsic,4
50007,ER3p_a,ER3p_a_L,L,cb_intrinsic,520581,EPG,EPG(PB08)_R4,R,cb_intrinsic,4
48956,ER3d_b,ER3d_b_R,R,cb_intrinsic,520581,EPG,EPG(PB08)_R4,R,cb_intrinsic,4
44422,ER3m,ER3m_L,L,cb_intrinsic,520581,EPG,EPG(PB08)_R4,R,cb_intrinsic,4
43039,ER3d_d,ER3d_d_L,L,cb_intrinsic,520581,EPG,EPG(PB08)_R4,R,cb_intrinsic,4
29177,ER3d_b,ER3d_b_R,R,cb_intrinsic,520581,EPG,EPG(PB08)_R4,R,cb_intrinsic,4
28430,ER3m,ER3m_L,L,cb_intrinsic,520581,EPG,EPG(PB08)_R4,R,cb_intrinsic,4
27246,ER3d_d,ER3d_d_R,R,cb_intrinsic,520581,EPG,EPG(PB08)_R4,R,cb_intrinsic,4
24122,ER4d,ER4d_R,R,cb_intrinsic,520581,EPG,EPG(PB08)_R4,R,cb_intrinsic,4
23197,ER4d,ER4d_L,L,cb_intrinsic,520581,EPG,EPG(PB08)_R4,R,cb_intrinsic,4
568502,ER5,ER5_R,R,cb_intrinsic,13217,EPG,EPG(PB08)_L8,L,cb_intrinsic,4
530339,ER3d_d,ER3d_d_L,L,cb_intrinsic,13217,EPG,EPG(PB08)_L8,L,cb_intrinsic,4
529330,ER3d_b,ER3d_b_L,L,cb_intrinsic,13217,EPG,EPG(PB08)_L8,L,cb_intrinsic,4
511857,ER1_c,ER1_c_L,L,cb_intrinsic,13217,EPG,EPG(PB08)_L8,L,cb_intrinsic,4
52832,ER3m,ER3m_R,R,cb_intrinsic,13217,EPG,EPG(PB08)_L8,L,cb_intrinsic,4
51382,ER3d_b,ER3d_b_L,L,cb_intrinsic,13217,EPG,EPG(PB08)_L8,L,cb_intrinsic,4
49869,ER3p_b,ER3p_b_R,R,cb_intrinsic,13217,EPG,EPG(PB08)_L8,L,cb_intrinsic,4
47464,ER3d_d,ER3d_d_R,R,cb_intrinsic,13217,EPG,EPG(PB08)_L8,L,cb_intrinsic,4
42509,ER1_a,ER1_a_R,R,cb_intrinsic,13217,EPG,EPG(PB08)_L8,L,cb_intrinsic,4
36235,ER1_c,ER1_c_L,L,cb_intrinsic,13217,EPG,EPG(PB08)_L8,L,cb_intrinsic,4
31735,ER1_a,ER1_a_L,L,cb_intrinsic,13217,EPG,EPG(PB08)_L8,L,cb_intrinsic,4
31263,ER3d_b,ER3d_b_R,R,cb_intrinsic,13217,EPG,EPG(PB08)_L8,L,cb_intrinsic,4
29791,ER3d_b,ER3d_b_L,L,cb_intrinsic,13217,EPG,EPG(PB08)_L8,L,cb_intrinsic,4
29177,ER3d_b,ER3d_b_R,R,cb_intrinsic,13217,EPG,EPG(PB08)_L8,L,cb_intrinsic,4
26295,ER3m,ER3m_R,R,cb_intrinsic,13217,EPG,EPG(PB08)_L8,L,cb_intrinsic,4
22644,ER3d_a,ER3d_a_R,R,cb_intrinsic,13217,EPG,EPG(PB08)_L8,L,cb_intrinsic,4
19072,ER5,ER5_R,R,cb_intrinsic,13217,EPG,EPG(PB08)_L8,L,cb_intrinsic,4
14963,ER5,ER5_L,L,cb_intrinsic,13217,EPG,EPG(PB08)_L8,L,cb_intrinsic,4
544496,ER3a_c,ER3a_c_R,R,cb_intrinsic,92188,EPG,EPG(PB08)_R7,R,cb_intrinsic,4
532637,ER3m,ER3m_R,R,cb_intrinsic,92188,EPG,EPG(PB08)_R7,R,cb_intrinsic,4
524068,ER3d_b,ER3d_b_L,L,cb_intrinsic,92188,EPG,EPG(PB08)_R7,R,cb_intrinsic,4
521534,ER5,ER5_L,L,cb_intrinsic,92188,EPG,EPG(PB08)_R7,R,cb_intrinsic,4
516944,ER5,ER5_L,L,cb_intrinsic,92188,EPG,EPG(PB08)_R7,R,cb_intrinsic,4
516110,ER6,ER6_R,R,cb_intrinsic,92188,EPG,EPG(PB08)_R7,R,cb_intrinsic,4
49869,ER3p_b,ER3p_b_R,R,cb_intrinsic,92188,EPG,EPG(PB08)_R7,R,cb_intrinsic,4
49378,ER3d_c,ER3d_c_R,R,cb_intrinsic,92188,EPG,EPG(PB08)_R7,R,cb_intrinsic,4
44830,ER3d_e,ER3d_e_R,R,cb_intrinsic,92188,EPG,EPG(PB08)_R7,R,cb_intrinsic,4
44814,ER3m,ER3m_L,L,cb_intrinsic,92188,EPG,EPG(PB08)_R7,R,cb_intrinsic,4
44127,ER3d_d,ER3d_d_R,R,cb_intrinsic,92188,EPG,EPG(PB08)_R7,R,cb_intrinsic,4
35545,ER3a_a,ER3a_a_L,L,cb_intrinsic,92188,EPG,EPG(PB08)_R7,R,cb_intrinsic,4
31541,ER3d_d,ER3d_d_R,R,cb_intrinsic,92188,EPG,EPG(PB08)_R7,R,cb_intrinsic,4
31121,ER3a_c,ER3a_c_L,L,cb_intrinsic,92188,EPG,EPG(PB08)_R7,R,cb_intrinsic,4
30592,ER3d_b,ER3d_b_R,R,cb_intrinsic,92188,EPG,EPG(PB08)_R7,R,cb_intrinsic,4
30522,ER3d_b,ER3d_b_R,R,cb_intrinsic,92188,EPG,EPG(PB08)_R7,R,cb_intrinsic,4
29791,ER3d_b,ER3d_b_L,L,cb_intrinsic,92188,EPG,EPG(PB08)_R7,R,cb_intrinsic,4
19737,ER4d,ER4d_R,R,cb_intrinsic,92188,EPG,EPG(PB08)_R7,R,cb_intrinsic,4
523816,ER1_b,ER1_b_L,L,cb_intrinsic,521812,EPG,EPG(PB08)_R7,R,cb_intrinsic,4
522759,ER3d_d,ER3d_d_L,L,cb_intrinsic,521812,EPG,EPG(PB08)_R7,R,cb_intrinsic,4
49378,ER3d_c,ER3d_c_R,R,cb_intrinsic,521812,EPG,EPG(PB08)_R7,R,cb_intrinsic,4
47036,ER3d_a,ER3d_a_R,R,cb_intrinsic,521812,EPG,EPG(PB08)_R7,R,cb_intrinsic,4
44127,ER3d_d,ER3d_d_R,R,cb_intrinsic,521812,EPG,EPG(PB08)_R7,R,cb_intrinsic,4
30522,ER3d_b,ER3d_b_R,R,cb_intrinsic,521812,EPG,EPG(PB08)_R7,R,cb_intrinsic,4
28701,ER3d_b,ER3d_b_R,R,cb_intrinsic,521812,EPG,EPG(PB08)_R7,R,cb_intrinsic,4
28627,ER3m,ER3m_L,L,cb_intrinsic,521812,EPG,EPG(PB08)_R7,R,cb_intrinsic,4
27850,ER3w_b,ER3w_b_R,R,cb_intrinsic,521812,EPG,EPG(PB08)_R7,R,cb_intrinsic,4
26295,ER3m,ER3m_R,R,cb_intrinsic,521812,EPG,EPG(PB08)_R7,R,cb_intrinsic,4
25494,ER3d_e,ER3d_e_L,L,cb_intrinsic,521812,EPG,EPG(PB08)_R7,R,cb_intrinsic,4
18377,ER3w_b,ER3w_b_L,L,cb_intrinsic,521812,EPG,EPG(PB08)_R7,R,cb_intrinsic,4
532637,ER3m,ER3m_R,R,cb_intrinsic,521813,EPG,EPG(PB08)_L2,L,cb_intrinsic,4
529330,ER3d_b,ER3d_b_L,L,cb_intrinsic,521813,EPG,EPG(PB08)_L2,L,cb_intrinsic,4
527297,ER5,ER5_R,R,cb_intrinsic,521813,EPG,EPG(PB08)_L2,L,cb_intrinsic,4
521534,ER5,ER5_L,L,cb_intrinsic,521813,EPG,EPG(PB08)_L2,L,cb_intrinsic,4
512607,ER3p_a,ER3p_a_R,R,cb_intrinsic,521813,EPG,EPG(PB08)_L2,L,cb_intrinsic,4
52832,ER3m,ER3m_R,R,cb_intrinsic,521813,EPG,EPG(PB08)_L2,L,cb_intrinsic,4
49378,ER3d_c,ER3d_c_R,R,cb_intrinsic,521813,EPG,EPG(PB08)_L2,L,cb_intrinsic,4
49002,ER3p_a,ER3p_a_L,L,cb_intrinsic,521813,EPG,EPG(PB08)_L2,L,cb_intrinsic,4
44830,ER3d_e,ER3d_e_R,R,cb_intrinsic,521813,EPG,EPG(PB08)_L2,L,cb_intrinsic,4
44814,ER3m,ER3m_L,L,cb_intrinsic,521813,EPG,EPG(PB08)_L2,L,cb_intrinsic,4
38084,ER3m,ER3m_L,L,cb_intrinsic,521813,EPG,EPG(PB08)_L2,L,cb_intrinsic,4
30178,ER3d_b,ER3d_b_R,R,cb_intrinsic,521813,EPG,EPG(PB08)_L2,L,cb_intrinsic,4
28627,ER3m,ER3m_L,L,cb_intrinsic,521813,EPG,EPG(PB08)_L2,L,cb_intrinsic,4
28430,ER3m,ER3m_L,L,cb_intrinsic,521813,EPG,EPG(PB08)_L2,L,cb_intrinsic,4
27454,ER3d_c,ER3d_c_R,R,cb_intrinsic,521813,EPG,EPG(PB08)_L2,L,cb_intrinsic,4
27246,ER3d_d,ER3d_d_R,R,cb_intrinsic,521813,EPG,EPG(PB08)_L2,L,cb_intrinsic,4
22001,ER5,ER5_L,L,cb_intrinsic,521813,EPG,EPG(PB08)_L2,L,cb_intrinsic,4
19169,ER3m,ER3m_L,L,cb_intrinsic,521813,EPG,EPG(PB08)_L2,L,cb_intrinsic,4
544496,ER3a_c,ER3a_c_R,R,cb_intrinsic,512513,EPG,EPG(PB08)_R1,R,cb_intrinsic,4
530339,ER3d_d,ER3d_d_L,L,cb_intrinsic,512513,EPG,EPG(PB08)_R1,R,cb_intrinsic,4
521534,ER5,ER5_L,L,cb_intrinsic,512513,EPG,EPG(PB08)_R1,R,cb_intrinsic,4
516944,ER5,ER5_L,L,cb_intrinsic,512513,EPG,EPG(PB08)_R1,R,cb_intrinsic,4
51382,ER3d_b,ER3d_b_L,L,cb_intrinsic,512513,EPG,EPG(PB08)_R1,R,cb_intrinsic,4
49869,ER3p_b,ER3p_b_R,R,cb_intrinsic,512513,EPG,EPG(PB08)_R1,R,cb_intrinsic,4
42264,ER3d_e,ER3d_e_R,R,cb_intrinsic,512513,EPG,EPG(PB08)_R1,R,cb_intrinsic,4
29046,ER3d_b,ER3d_b_R,R,cb_intrinsic,512513,EPG,EPG(PB08)_R1,R,cb_intrinsic,4
27269,ER3d_c,ER3d_c_L,L,cb_intrinsic,512513,EPG,EPG(PB08)_R1,R,cb_intrinsic,4
23197,ER4d,ER4d_L,L,cb_intrinsic,512513,EPG,EPG(PB08)_R1,R,cb_intrinsic,4
22644,ER3d_a,ER3d_a_R,R,cb_intrinsic,512513,EPG,EPG(PB08)_R1,R,cb_intrinsic,4
17561,ER3m,ER3m_R,R,cb_intrinsic,512513,EPG,EPG(PB08)_R1,R,cb_intrinsic,4
544496,ER3a_c,ER3a_c_R,R,cb_intrinsic,519941,EPG,EPG(PB08)_L3,L,cb_intrinsic,3
517603,ER3d_d,ER3d_d_R,R,cb_intrinsic,519941,EPG,EPG(PB08)_L3,L,cb_intrinsic,3
44127,ER3d_d,ER3d_d_R,R,cb_intrinsic,519941,EPG,EPG(PB08)_L3,L,cb_intrinsic,3
39798,ER5,ER5_L,L,cb_intrinsic,519941,EPG,EPG(PB08)_L3,L,cb_intrinsic,3
31121,ER3a_c,ER3a_c_L,L,cb_intrinsic,519941,EPG,EPG(PB08)_L3,L,cb_intrinsic,3
30206,ER5,ER5_R,R,cb_intrinsic,519941,EPG,EPG(PB08)_L3,L,cb_intrinsic,3
29842,ER3m,ER3m_R,R,cb_intrinsic,519941,EPG,EPG(PB08)_L3,L,cb_intrinsic,3
27454,ER3d_c,ER3d_c_R,R,cb_intrinsic,519941,EPG,EPG(PB08)_L3,L,cb_intrinsic,3
26841,ER3a_a,ER3a_a_L,L,cb_intrinsic,519941,EPG,EPG(PB08)_L3,L,cb_intrinsic,3
25329,ER3d_c,ER3d_c_L,L,cb_intrinsic,519941,EPG,EPG(PB08)_L3,L,cb_intrinsic,3
22644,ER3d_a,ER3d_a_R,R,cb_intrinsic,519941,EPG,EPG(PB08)_L3,L,cb_intrinsic,3
20385,ER3a_a,ER3a_a_L,L,cb_intrinsic,519941,EPG,EPG(PB08)_L3,L,cb_intrinsic,3
14284,ER5,ER5_R,R,cb_intrinsic,519941,EPG,EPG(PB08)_L3,L,cb_intrinsic,3
544496,ER3a_c,ER3a_c_R,R,cb_intrinsic,11989,EPG,EPG(PB08)_L5,L,cb_intrinsic,3
529847,ER3m,ER3m_L,L,cb_intrinsic,11989,EPG,EPG(PB08)_L5,L,cb_intrinsic,3
522759,ER3d_d,ER3d_d_L,L,cb_intrinsic,11989,EPG,EPG(PB08)_L5,L,cb_intrinsic,3
521528,ER5,ER5_L,L,cb_intrinsic,11989,EPG,EPG(PB08)_L5,L,cb_intrinsic,3
59230,ER3m,ER3m_R,R,cb_intrinsic,11989,EPG,EPG(PB08)_L5,L,cb_intrinsic,3
47859,ER3d_c,ER3d_c_R,R,cb_intrinsic,11989,EPG,EPG(PB08)_L5,L,cb_intrinsic,3
43039,ER3d_d,ER3d_d_L,L,cb_intrinsic,11989,EPG,EPG(PB08)_L5,L,cb_intrinsic,3
39798,ER5,ER5_L,L,cb_intrinsic,11989,EPG,EPG(PB08)_L5,L,cb_intrinsic,3
30206,ER5,ER5_R,R,cb_intrinsic,11989,EPG,EPG(PB08)_L5,L,cb_intrinsic,3
29046,ER3d_b,ER3d_b_R,R,cb_intrinsic,11989,EPG,EPG(PB08)_L5,L,cb_intrinsic,3
27903,ER3d_d,ER3d_d_L,L,cb_intrinsic,11989,EPG,EPG(PB08)_L5,L,cb_intrinsic,3
27269,ER3d_c,ER3d_c_L,L,cb_intrinsic,11989,EPG,EPG(PB08)_L5,L,cb_intrinsic,3
27052,ER3d_d,ER3d_d_R,R,cb_intrinsic,11989,EPG,EPG(PB08)_L5,L,cb_intrinsic,3
26939,ER3m,ER3m_R,R,cb_intrinsic,11989,EPG,EPG(PB08)_L5,L,cb_intrinsic,3
11605,ER5,ER5_R,R,cb_intrinsic,11989,EPG,EPG(PB08)_L5,L,cb_intrinsic,3
10043,ER5,ER5_L,L,cb_intrinsic,11989,EPG,EPG(PB08)_L5,L,cb_intrinsic,3
544496,ER3a_c,ER3a_c_R,R,cb_intrinsic,107195,EPG,EPG(PB08)_L5,L,cb_intrinsic,3
533062,ER3a_a,ER3a_a_L,L,cb_intrinsic,107195,EPG,EPG(PB08)_L5,L,cb_intrinsic,3
514180,ER3p_b,ER3p_b_R,R,cb_intrinsic,107195,EPG,EPG(PB08)_L5,L,cb_intrinsic,3
513379,ER5,ER5_R,R,cb_intrinsic,107195,EPG,EPG(PB08)_L5,L,cb_intrinsic,3
512608,ER3d_b,ER3d_b_R,R,cb_intrinsic,107195,EPG,EPG(PB08)_L5,L,cb_intrinsic,3
69319,ER1_a,ER1_a_R,R,cb_intrinsic,107195,EPG,EPG(PB08)_L5,L,cb_intrinsic,3
53745,ER3p_a,ER3p_a_L,L,cb_intrinsic,107195,EPG,EPG(PB08)_L5,L,cb_intrinsic,3
53618,ER3p_b,ER3p_b_L,L,cb_intrinsic,107195,EPG,EPG(PB08)_L5,L,cb_intrinsic,3
48318,ER3d_c,ER3d_c_L,L,cb_intrinsic,107195,EPG,EPG(PB08)_L5,L,cb_intrinsic,3
30592,ER3d_b,ER3d_b_R,R,cb_intrinsic,107195,EPG,EPG(PB08)_L5,L,cb_intrinsic,3
28430,ER3m,ER3m_L,L,cb_intrinsic,107195,EPG,EPG(PB08)_L5,L,cb_intrinsic,3
24122,ER4d,ER4d_R,R,cb_intrinsic,107195,EPG,EPG(PB08)_L5,L,cb_intrinsic,3
16818,ER4d,ER4d_R,R,cb_intrinsic,107195,EPG,EPG(PB08)_L5,L,cb_intrinsic,3
544496,ER3a_c,ER3a_c_R,R,cb_intrinsic,519328,EPG,EPG(PB08)_L3,L,cb_intrinsic,3
532637,ER3m,ER3m_R,R,cb_intrinsic,519328,EPG,EPG(PB08)_L3,L,cb_intrinsic,3
530339,ER3d_d,ER3d_d_L,L,cb_intrinsic,519328,EPG,EPG(PB08)_L3,L,cb_intrinsic,3
529330,ER3d_b,ER3d_b_L,L,cb_intrinsic,519328,EPG,EPG(PB08)_L3,L,cb_intrinsic,3
527297,ER5,ER5_R,R,cb_intrinsic,519328,EPG,EPG(PB08)_L3,L,cb_intrinsic,3
51382,ER3d_b,ER3d_b_L,L,cb_intrinsic,519328,EPG,EPG(PB08)_L3,L,cb_intrinsic,3
48318,ER3d_c,ER3d_c_L,L,cb_intrinsic,519328,EPG,EPG(PB08)_L3,L,cb_intrinsic,3
47464,ER3d_d,ER3d_d_R,R,cb_intrinsic,519328,EPG,EPG(PB08)_L3,L,cb_intrinsic,3
44909,ER5,ER5_L,L,cb_intrinsic,519328,EPG,EPG(PB08)_L3,L,cb_intrinsic,3
44422,ER3m,ER3m_L,L,cb_intrinsic,519328,EPG,EPG(PB08)_L3,L,cb_intrinsic,3
42509,ER1_a,ER1_a_R,R,cb_intrinsic,519328,EPG,EPG(PB08)_L3,L,cb_intrinsic,3
40558,ER3d_b,ER3d_b_L,L,cb_intrinsic,519328,EPG,EPG(PB08)_L3,L,cb_intrinsic,3
39798,ER5,ER5_L,L,cb_intrinsic,519328,EPG,EPG(PB08)_L3,L,cb_intrinsic,3
31051,ER3m,ER3m_R,R,cb_intrinsic,519328,EPG,EPG(PB08)_L3,L,cb_intrinsic,3
30522,ER3d_b,ER3d_b_R,R,cb_intrinsic,519328,EPG,EPG(PB08)_L3,L,cb_intrinsic,3
30443,ER3a_c,ER3a_c_R,R,cb_intrinsic,519328,EPG,EPG(PB08)_L3,L,cb_intrinsic,3
29046,ER3d_b,ER3d_b_R,R,cb_intrinsic,519328,EPG,EPG(PB08)_L3,L,cb_intrinsic,3
27454,ER3d_c,ER3d_c_R,R,cb_intrinsic,519328,EPG,EPG(PB08)_L3,L,cb_intrinsic,3
26939,ER3m,ER3m_R,R,cb_intrinsic,519328,EPG,EPG(PB08)_L3,L,cb_intrinsic,3
25329,ER3d_c,ER3d_c_L,L,cb_intrinsic,519328,EPG,EPG(PB08)_L3,L,cb_intrinsic,3
18633,ER5,ER5_L,L,cb_intrinsic,519328,EPG,EPG(PB08)_L3,L,cb_intrinsic,3
533062,ER3a_a,ER3a_a_L,L,cb_intrinsic,512928,EPG,EPG(PB08)_R3,R,cb_intrinsic,3
530339,ER3d_d,ER3d_d_L,L,cb_intrinsic,512928,EPG,EPG(PB08)_R3,R,cb_intrinsic,3
63782,ER3d_c,ER3d_c_L,L,cb_intrinsic,512928,EPG,EPG(PB08)_R3,R,cb_intrinsic,3
48318,ER3d_c,ER3d_c_L,L,cb_intrinsic,512928,EPG,EPG(PB08)_R3,R,cb_intrinsic,3
47464,ER3d_d,ER3d_d_R,R,cb_intrinsic,512928,EPG,EPG(PB08)_R3,R,cb_intrinsic,3
47036,ER3d_a,ER3d_a_R,R,cb_intrinsic,512928,EPG,EPG(PB08)_R3,R,cb_intrinsic,3
44422,ER3m,ER3m_L,L,cb_intrinsic,512928,EPG,EPG(PB08)_R3,R,cb_intrinsic,3
37437,ER3d_e,ER3d_e_L,L,cb_intrinsic,512928,EPG,EPG(PB08)_R3,R,cb_intrinsic,3
29791,ER3d_b,ER3d_b_L,L,cb_intrinsic,512928,EPG,EPG(PB08)_R3,R,cb_intrinsic,3
29711,ER3a_b,ER3a_b_L,L,cb_intrinsic,512928,EPG,EPG(PB08)_R3,R,cb_intrinsic,3
26841,ER3a_a,ER3a_a_L,L,cb_intrinsic,512928,EPG,EPG(PB08)_R3,R,cb_intrinsic,3
25494,ER3d_e,ER3d_e_L,L,cb_intrinsic,512928,EPG,EPG(PB08)_R3,R,cb_intrinsic,3
20514,ER3d_d,ER3d_d_L,L,cb_intrinsic,512928,EPG,EPG(PB08)_R3,R,cb_intrinsic,3
19072,ER5,ER5_R,R,cb_intrinsic,512928,EPG,EPG(PB08)_R3,R,cb_intrinsic,3
17419,ER6,ER6_R,R,cb_intrinsic,512928,EPG,EPG(PB08)_R3,R,cb_intrinsic,3
12059,ER5,ER5_R,R,cb_intrinsic,512928,EPG,EPG(PB08)_R3,R,cb_intrinsic,3
512608,ER3d_b,ER3d_b_R,R,cb_intrinsic,14507,EPG,EPG(PB08)_R7,R,cb_intrinsic,3
47464,ER3d_d,ER3d_d_R,R,cb_intrinsic,14507,EPG,EPG(PB08)_R7,R,cb_intrinsic,3
45134,ER3p_b,ER3p_b_L,L,cb_intrinsic,14507,EPG,EPG(PB08)_R7,R,cb_intrinsic,3
30522,ER3d_b,ER3d_b_R,R,cb_intrinsic,14507,EPG,EPG(PB08)_R7,R,cb_intrinsic,3
30371,ER1_a,ER1_a_R,R,cb_intrinsic,14507,EPG,EPG(PB08)_R7,R,cb_intrinsic,3
29791,ER3d_b,ER3d_b_L,L,cb_intrinsic,14507,EPG,EPG(PB08)_R7,R,cb_intrinsic,3
29177,ER3d_b,ER3d_b_R,R,cb_intrinsic,14507,EPG,EPG(PB08)_R7,R,cb_intrinsic,3
27454,ER3d_c,ER3d_c_R,R,cb_intrinsic,14507,EPG,EPG(PB08)_R7,R,cb_intrinsic,3
20980,ER4d,ER4d_R,R,cb_intrinsic,14507,EPG,EPG(PB08)_R7,R,cb_intrinsic,3
20653,ER4d,ER4d_L,L,cb_intrinsic,14507,EPG,EPG(PB08)_R7,R,cb_intrinsic,3
17419,ER6,ER6_R,R,cb_intrinsic,14507,EPG,EPG(PB08)_R7,R,cb_intrinsic,3
13094,ER4d,ER4d_R,R,cb_intrinsic,14507,EPG,EPG(PB08)_R7,R,cb_intrinsic,3
521528,ER5,ER5_L,L,cb_intrinsic,524073,EPG,EPG(PB08)_L2,L,cb_intrinsic,3
513379,ER5,ER5_R,R,cb_intrinsic,524073,EPG,EPG(PB08)_L2,L,cb_intrinsic,3
42264,ER3d_e,ER3d_e_R,R,cb_intrinsic,524073,EPG,EPG(PB08)_L2,L,cb_intrinsic,3
39798,ER5,ER5_L,L,cb_intrinsic,524073,EPG,EPG(PB08)_L2,L,cb_intrinsic,3
37758,ER3d_a,ER3d_a_R,R,cb_intrinsic,524073,EPG,EPG(PB08)_L2,L,cb_intrinsic,3
35545,ER3a_a,ER3a_a_L,L,cb_intrinsic,524073,EPG,EPG(PB08)_L2,L,cb_intrinsic,3
31541,ER3d_d,ER3d_d_R,R,cb_intrinsic,524073,EPG,EPG(PB08)_L2,L,cb_intrinsic,3
31263,ER3d_b,ER3d_b_R,R,cb_intrinsic,524073,EPG,EPG(PB08)_L2,L,cb_intrinsic,3
30443,ER3a_c,ER3a_c_R,R,cb_intrinsic,524073,EPG,EPG(PB08)_L2,L,cb_intrinsic,3
29791,ER3d_b,ER3d_b_L,L,cb_intrinsic,524073,EPG,EPG(PB08)_L2,L,cb_intrinsic,3
28627,ER3m,ER3m_L,L,cb_intrinsic,524073,EPG,EPG(PB08)_L2,L,cb_intrinsic,3
28430,ER3m,ER3m_L,L,cb_intrinsic,524073,EPG,EPG(PB08)_L2,L,cb_intrinsic,3
27903,ER3d_d,ER3d_d_L,L,cb_intrinsic,524073,EPG,EPG(PB08)_L2,L,cb_intrinsic,3
27246,ER3d_d,ER3d_d_R,R,cb_intrinsic,524073,EPG,EPG(PB08)_L2,L,cb_intrinsic,3
26939,ER3m,ER3m_R,R,cb_intrinsic,524073,EPG,EPG(PB08)_L2,L,cb_intrinsic,3
530339,ER3d_d,ER3d_d_L,L,cb_intrinsic,519144,EPG,EPG(PB08)_L8,L,cb_intrinsic,3
522806,ER3d_c,ER3d_c_R,R,cb_intrinsic,519144,EPG,EPG(PB08)_L8,L,cb_intrinsic,3
522759,ER3d_d,ER3d_d_L,L,cb_intrinsic,519144,EPG,EPG(PB08)_L8,L,cb_intrinsic,3
521534,ER5,ER5_L,L,cb_intrinsic,519144,EPG,EPG(PB08)_L8,L,cb_intrinsic,3
517603,ER3d_d,ER3d_d_R,R,cb_intrinsic,519144,EPG,EPG(PB08)_L8,L,cb_intrinsic,3
512319,ER6,ER6_L,L,cb_intrinsic,519144,EPG,EPG(PB08)_L8,L,cb_intrinsic,3
63782,ER3d_c,ER3d_c_L,L,cb_intrinsic,519144,EPG,EPG(PB08)_L8,L,cb_intrinsic,3
53618,ER3p_b,ER3p_b_L,L,cb_intrinsic,519144,EPG,EPG(PB08)_L8,L,cb_intrinsic,3
51382,ER3d_b,ER3d_b_L,L,cb_intrinsic,519144,EPG,EPG(PB08)_L8,L,cb_intrinsic,3
49869,ER3p_b,ER3p_b_R,R,cb_intrinsic,519144,EPG,EPG(PB08)_L8,L,cb_intrinsic,3
47859,ER3d_c,ER3d_c_R,R,cb_intrinsic,519144,EPG,EPG(PB08)_L8,L,cb_intrinsic,3
44127,ER3d_d,ER3d_d_R,R,cb_intrinsic,519144,EPG,EPG(PB08)_L8,L,cb_intrinsic,3
42241,ER1_b,ER1_b_R,R,cb_intrinsic,519144,EPG,EPG(PB08)_L8,L,cb_intrinsic,3
35978,ER1_b,ER1_b_L,L,cb_intrinsic,519144,EPG,EPG(PB08)_L8,L,cb_intrinsic,3
34038,ER3d_b,ER3d_b_L,L,cb_intrinsic,519144,EPG,EPG(PB08)_L8,L,cb_intrinsic,3
30371,ER1_a,ER1_a_R,R,cb_intrinsic,519144,EPG,EPG(PB08)_L8,L,cb_intrinsic,3
30206,ER5,ER5_R,R,cb_intrinsic,519144,EPG,EPG(PB08)_L8,L,cb_intrinsic,3
27269,ER3d_c,ER3d_c_L,L,cb_intrinsic,519144,EPG,EPG(PB08)_L8,L,cb_intrinsic,3
26798,ER1_a,ER1_a_L,L,cb_intrinsic,519144,EPG,EPG(PB08)_L8,L,cb_intrinsic,3
23703,ER1_b,ER1_b_R,R,cb_intrinsic,519144,EPG,EPG(PB08)_L8,L,cb_intrinsic,3
22644,ER3d_a,ER3d_a_R,R,cb_intrinsic,519144,EPG,EPG(PB08)_L8,L,cb_intrinsic,3
19791,ER4d,ER4d_L,L,cb_intrinsic,519144,EPG,EPG(PB08)_L8,L,cb_intrinsic,3
19072,ER5,ER5_R,R,cb_intrinsic,519144,EPG,EPG(PB08)_L8,L,cb_intrinsic,3
568502,ER5,ER5_R,R,cb_intrinsic,512305,EPG,EPG(PB08)_R8,R,cb_intrinsic,3
527150,ER3d_a,ER3d_a_L,L,cb_intrinsic,512305,EPG,EPG(PB08)_R8,R,cb_intrinsic,3
524068,ER3d_b,ER3d_b_L,L,cb_intrinsic,512305,EPG,EPG(PB08)_R8,R,cb_intrinsic,3
513379,ER5,ER5_R,R,cb_intrinsic,512305,EPG,EPG(PB08)_R8,R,cb_intrinsic,3
67174,ER1_a,ER1_a_R,R,cb_intrinsic,512305,EPG,EPG(PB08)_R8,R,cb_intrinsic,3
61273,ER1_b,ER1_b_L,L,cb_intrinsic,512305,EPG,EPG(PB08)_R8,R,cb_intrinsic,3
54912,ER3d_b,ER3d_b_L,L,cb_intrinsic,512305,EPG,EPG(PB08)_R8,R,cb_intrinsic,3
43683,ER3w_a,ER3w_a_R,R,cb_intrinsic,512305,EPG,EPG(PB08)_R8,R,cb_intrinsic,3
33589,ER3d_b,ER3d_b_L,L,cb_intrinsic,512305,EPG,EPG(PB08)_R8,R,cb_intrinsic,3
31263,ER3d_b,ER3d_b_R,R,cb_intrinsic,512305,EPG,EPG(PB08)_R8,R,cb_intrinsic,3
29046,ER3d_b,ER3d_b_R,R,cb_intrinsic,512305,EPG,EPG(PB08)_R8,R,cb_intrinsic,3
28627,ER3m,ER3m_L,L,cb_intrinsic,512305,EPG,EPG(PB08)_R8,R,cb_intrinsic,3
27246,ER3d_d,ER3d_d_R,R,cb_intrinsic,512305,EPG,EPG(PB08)_R8,R,cb_intrinsic,3
25494,ER3d_e,ER3d_e_L,L,cb_intrinsic,512305,EPG,EPG(PB08)_R8,R,cb_intrinsic,3
17171,ER5,ER5_R,R,cb_intrinsic,512305,EPG,EPG(PB08)_R8,R,cb_intrinsic,3
10043,ER5,ER5_L,L,cb_intrinsic,512305,EPG,EPG(PB08)_R8,R,cb_intrinsic,3
527297,ER5,ER5_R,R,cb_intrinsic,513464,EPG,EPG(PB08)_R8,R,cb_intrinsic,3
527199,ER3d_e,ER3d_e_L,L,cb_intrinsic,513464,EPG,EPG(PB08)_R8,R,cb_intrinsic,3
522759,ER3d_d,ER3d_d_L,L,cb_intrinsic,513464,EPG,EPG(PB08)_R8,R,cb_intrinsic,3
69319,ER1_a,ER1_a_R,R,cb_intrinsic,513464,EPG,EPG(PB08)_R8,R,cb_intrinsic,3
67174,ER1_a,ER1_a_R,R,cb_intrinsic,513464,EPG,EPG(PB08)_R8,R,cb_intrinsic,3
49869,ER3p_b,ER3p_b_R,R,cb_intrinsic,513464,EPG,EPG(PB08)_R8,R,cb_intrinsic,3
48956,ER3d_b,ER3d_b_R,R,cb_intrinsic,513464,EPG,EPG(PB08)_R8,R,cb_intrinsic,3
47859,ER3d_c,ER3d_c_R,R,cb_intrinsic,513464,EPG,EPG(PB08)_R8,R,cb_intrinsic,3
47464,ER3d_d,ER3d_d_R,R,cb_intrinsic,513464,EPG,EPG(PB08)_R8,R,cb_intrinsic,3
47036,ER3d_a,ER3d_a_R,R,cb_intrinsic,513464,EPG,EPG(PB08)_R8,R,cb_intrinsic,3
46707,ER3w_a,ER3w_a_L,L,cb_intrinsic,513464,EPG,EPG(PB08)_R8,R,cb_intrinsic,3
44422,ER3m,ER3m_L,L,cb_intrinsic,513464,EPG,EPG(PB08)_R8,R,cb_intrinsic,3
31735,ER1_a,ER1_a_L,L,cb_intrinsic,513464,EPG,EPG(PB08)_R8,R,cb_intrinsic,3
30178,ER3d_b,ER3d_b_R,R,cb_intrinsic,513464,EPG,EPG(PB08)_R8,R,cb_intrinsic,3
27246,ER3d_d,ER3d_d_R,R,cb_intrinsic,513464,EPG,EPG(PB08)_R8,R,cb_intrinsic,3
19169,ER3m,ER3m_L,L,cb_intrinsic,513464,EPG,EPG(PB08)_R8,R,cb_intrinsic,3
14963,ER5,ER5_L,L,cb_intrinsic,513464,EPG,EPG(PB08)_R8,R,cb_intrinsic,3
14284,ER5,ER5_R,R,cb_intrinsic,513464,EPG,EPG(PB08)_R8,R,cb_intrinsic,3
529847,ER3m,ER3m_L,L,cb_intrinsic,19825,EPG,EPG(PB08)_R6,R,cb_intrinsic,3
529330,ER3d_b,ER3d_b_L,L,cb_intrinsic,19825,EPG,EPG(PB08)_R6,R,cb_intrinsic,3
529207,ER3p_a,ER3p_a_R,R,cb_intrinsic,19825,EPG,EPG(PB08)_R6,R,cb_intrinsic,3
517603,ER3d_d,ER3d_d_R,R,cb_intrinsic,19825,EPG,EPG(PB08)_R6,R,cb_intrinsic,3
513379,ER5,ER5_R,R,cb_intrinsic,19825,EPG,EPG(PB08)_R6,R,cb_intrinsic,3
43039,ER3d_d,ER3d_d_L,L,cb_intrinsic,19825,EPG,EPG(PB08)_R6,R,cb_intrinsic,3
41665,ER3a_c,ER3a_c_L,L,cb_intrinsic,19825,EPG,EPG(PB08)_R6,R,cb_intrinsic,3
40558,ER3d_b,ER3d_b_L,L,cb_intrinsic,19825,EPG,EPG(PB08)_R6,R,cb_intrinsic,3
37437,ER3d_e,ER3d_e_L,L,cb_intrinsic,19825,EPG,EPG(PB08)_R6,R,cb_intrinsic,3
30522,ER3d_b,ER3d_b_R,R,cb_intrinsic,19825,EPG,EPG(PB08)_R6,R,cb_intrinsic,3
27269,ER3d_c,ER3d_c_L,L,cb_intrinsic,19825,EPG,EPG(PB08)_R6,R,cb_intrinsic,3
17561,ER3m,ER3m_R,R,cb_intrinsic,19825,EPG,EPG(PB08)_R6,R,cb_intrinsic,3
16343,ER4d,ER4d_R,R,cb_intrinsic,19825,EPG,EPG(PB08)_R6,R,cb_intrinsic,3
532637,ER3m,ER3m_R,R,cb_intrinsic,11307,EPG,EPG(PB08)_L4,L,cb_intrinsic,3
529330,ER3d_b,ER3d_b_L,L,cb_intrinsic,11307,EPG,EPG(PB08)_L4,L,cb_intrinsic,3
517603,ER3d_d,ER3d_d_R,R,cb_intrinsic,11307,EPG,EPG(PB08)_L4,L,cb_intrinsic,3
59230,ER3m,ER3m_R,R,cb_intrinsic,11307,EPG,EPG(PB08)_L4,L,cb_intrinsic,3
54912,ER3d_b,ER3d_b_L,L,cb_intrinsic,11307,EPG,EPG(PB08)_L4,L,cb_intrinsic,3
54597,ER1_a,ER1_a_L,L,cb_intrinsic,11307,EPG,EPG(PB08)_L4,L,cb_intrinsic,3
47859,ER3d_c,ER3d_c_R,R,cb_intrinsic,11307,EPG,EPG(PB08)_L4,L,cb_intrinsic,3
45839,ER3d_b,ER3d_b_L,L,cb_intrinsic,11307,EPG,EPG(PB08)_L4,L,cb_intrinsic,3
44422,ER3m,ER3m_L,L,cb_intrinsic,11307,EPG,EPG(PB08)_L4,L,cb_intrinsic,3
44127,ER3d_d,ER3d_d_R,R,cb_intrinsic,11307,EPG,EPG(PB08)_L4,L,cb_intrinsic,3
40213,ER1_b,ER1_b_L,L,cb_intrinsic,11307,EPG,EPG(PB08)_L4,L,cb_intrinsic,3
38084,ER3m,ER3m_L,L,cb_intrinsic,11307,EPG,EPG(PB08)_L4,L,cb_intrinsic,3
36730,ER1_b,ER1_b_L,L,cb_intrinsic,11307,EPG,EPG(PB08)_L4,L,cb_intrinsic,3
35641,ER3d_c,ER3d_c_L,L,cb_intrinsic,11307,EPG,EPG(PB08)_L4,L,cb_intrinsic,3
31121,ER3a_c,ER3a_c_L,L,cb_intrinsic,11307,EPG,EPG(PB08)_L4,L,cb_intrinsic,3
30522,ER3d_b,ER3d_b_R,R,cb_intrinsic,11307,EPG,EPG(PB08)_L4,L,cb_intrinsic,3
28701,ER3d_b,ER3d_b_R,R,cb_intrinsic,11307,EPG,EPG(PB08)_L4,L,cb_intrinsic,3
27246,ER3d_d,ER3d_d_R,R,cb_intrinsic,11307,EPG,EPG(PB08)_L4,L,cb_intrinsic,3
27052,ER3d_d,ER3d_d_R,R,cb_intrinsic,11307,EPG,EPG(PB08)_L4,L,cb_intrinsic,3
24459,ER4d,ER4d_L,L,cb_intrinsic,11307,EPG,EPG(PB08)_L4,L,cb_intrinsic,3
23874,ER4d,ER4d_R,R,cb_intrinsic,11307,EPG,EPG(PB08)_L4,L,cb_intrinsic,3
20026,ER5,ER5_L,L,cb_intrinsic,11307,EPG,EPG(PB08)_L4,L,cb_intrinsic,3
18633,ER5,ER5_L,L,cb_intrinsic,11307,EPG,EPG(PB08)_L4,L,cb_intrinsic,3
11605,ER5,ER5_R,R,cb_intrinsic,11307,EPG,EPG(PB08)_L4,L,cb_intrinsic,3
529330,ER3d_b,ER3d_b_L,L,cb_intrinsic,11503,EPG,EPG(PB08)_R8,R,cb_intrinsic,3
527199,ER3d_e,ER3d_e_L,L,cb_intrinsic,11503,EPG,EPG(PB08)_R8,R,cb_intrinsic,3
524068,ER3d_b,ER3d_b_L,L,cb_intrinsic,11503,EPG,EPG(PB08)_R8,R,cb_intrinsic,3
521528,ER5,ER5_L,L,cb_intrinsic,11503,EPG,EPG(PB08)_R8,R,cb_intrinsic,3
517603,ER3d_d,ER3d_d_R,R,cb_intrinsic,11503,EPG,EPG(PB08)_R8,R,cb_intrinsic,3
72491,ER1_c,ER1_c_R,R,cb_intrinsic,11503,EPG,EPG(PB08)_R8,R,cb_intrinsic,3
53618,ER3p_b,ER3p_b_L,L,cb_intrinsic,11503,EPG,EPG(PB08)_R8,R,cb_intrinsic,3
49378,ER3d_c,ER3d_c_R,R,cb_intrinsic,11503,EPG,EPG(PB08)_R8,R,cb_intrinsic,3
47859,ER3d_c,ER3d_c_R,R,cb_intrinsic,11503,EPG,EPG(PB08)_R8,R,cb_intrinsic,3
44127,ER3d_d,ER3d_d_R,R,cb_intrinsic,11503,EPG,EPG(PB08)_R8,R,cb_intrinsic,3
34038,ER3d_b,ER3d_b_L,L,cb_intrinsic,11503,EPG,EPG(PB08)_R8,R,cb_intrinsic,3
31541,ER3d_d,ER3d_d_R,R,cb_intrinsic,11503,EPG,EPG(PB08)_R8,R,cb_intrinsic,3
31263,ER3d_b,ER3d_b_R,R,cb_intrinsic,11503,EPG,EPG(PB08)_R8,R,cb_intrinsic,3
30674,ER3d_b,ER3d_b_R,R,cb_intrinsic,11503,EPG,EPG(PB08)_R8,R,cb_intrinsic,3
29046,ER3d_b,ER3d_b_R,R,cb_intrinsic,11503,EPG,EPG(PB08)_R8,R,cb_intrinsic,3
27348,ER3m,ER3m_L,L,cb_intrinsic,11503,EPG,EPG(PB08)_R8,R,cb_intrinsic,3
26939,ER3m,ER3m_R,R,cb_intrinsic,11503,EPG,EPG(PB08)_R8,R,cb_intrinsic,3
20026,ER5,ER5_L,L,cb_intrinsic,11503,EPG,EPG(PB08)_R8,R,cb_intrinsic,3
17171,ER5,ER5_R,R,cb_intrinsic,11503,EPG,EPG(PB08)_R8,R,cb_intrinsic,3
17078,ER5,ER5_R,R,cb_intrinsic,11503,EPG,EPG(PB08)_R8,R,cb_intrinsic,3
12059,ER5,ER5_R,R,cb_intrinsic,11503,EPG,EPG(PB08)_R8,R,cb_intrinsic,3
11605,ER5,ER5_R,R,cb_intrinsic,11503,EPG,EPG(PB08)_R8,R,cb_intrinsic,3
527150,ER3d_a,ER3d_a_L,L,cb_intrinsic,84758,EPG,EPG(PB08)_L7,L,cb_intrinsic,3
521535,ER5,ER5_L,L,cb_intrinsic,84758,EPG,EPG(PB08)_L7,L,cb_intrinsic,3
59230,ER3m,ER3m_R,R,cb_intrinsic,84758,EPG,EPG(PB08)_L7,L,cb_intrinsic,3
54912,ER3d_b,ER3d_b_L,L,cb_intrinsic,84758,EPG,EPG(PB08)_L7,L,cb_intrinsic,3
34038,ER3d_b,ER3d_b_L,L,cb_intrinsic,84758,EPG,EPG(PB08)_L7,L,cb_intrinsic,3
30592,ER3d_b,ER3d_b_R,R,cb_intrinsic,84758,EPG,EPG(PB08)_L7,L,cb_intrinsic,3
27348,ER3m,ER3m_L,L,cb_intrinsic,84758,EPG,EPG(PB08)_L7,L,cb_intrinsic,3
25494,ER3d_e,ER3d_e_L,L,cb_intrinsic,84758,EPG,EPG(PB08)_L7,L,cb_intrinsic,3
24879,ER4d,ER4d_L,L,cb_intrinsic,84758,EPG,EPG(PB08)_L7,L,cb_intrinsic,3
22461,ER4d,ER4d_R,R,cb_intrinsic,84758,EPG,EPG(PB08)_L7,L,cb_intrinsic,3
20514,ER3d_d,ER3d_d_L,L,cb_intrinsic,84758,EPG,EPG(PB08)_L7,L,cb_intrinsic,3
19072,ER5,ER5_R,R,cb_intrinsic,84758,EPG,EPG(PB08)_L7,L,cb_intrinsic,3
14963,ER5,ER5_L,L,cb_intrinsic,84758,EPG,EPG(PB08)_L7,L,cb_intrinsic,3
14464,ER6,ER6_L,L,cb_intrinsic,84758,EPG,EPG(PB08)_L7,L,cb_intrinsic,3
14284,ER5,ER5_R,R,cb_intrinsic,84758,EPG,EPG(PB08)_L7,L,cb_intrinsic,3
527297,ER5,ER5_R,R,cb_intrinsic,520812,EPG,EPG(PB08)_R8,R,cb_intrinsic,3
512606,ER3w_c,ER3w_c_L,L,cb_intrinsic,520812,EPG,EPG(PB08)_R8,R,cb_intrinsic,3
71503,ER1_c,ER1_c_R,R,cb_intrinsic,520812,EPG,EPG(PB08)_R8,R,cb_intrinsic,3
63782,ER3d_c,ER3d_c_L,L,cb_intrinsic,520812,EPG,EPG(PB08)_R8,R,cb_intrinsic,3
54912,ER3d_b,ER3d_b_L,L,cb_intrinsic,520812,EPG,EPG(PB08)_R8,R,cb_intrinsic,3
48956,ER3d_b,ER3d_b_R,R,cb_intrinsic,520812,EPG,EPG(PB08)_R8,R,cb_intrinsic,3
44422,ER3m,ER3m_L,L,cb_intrinsic,520812,EPG,EPG(PB08)_R8,R,cb_intrinsic,3
37758,ER3d_a,ER3d_a_R,R,cb_intrinsic,520812,EPG,EPG(PB08)_R8,R,cb_intrinsic,3
36384,ER1_b,ER1_b_R,R,cb_intrinsic,520812,EPG,EPG(PB08)_R8,R,cb_intrinsic,3
31735,ER1_a,ER1_a_L,L,cb_intrinsic,520812,EPG,EPG(PB08)_R8,R,cb_intrinsic,3
31541,ER3d_d,ER3d_d_R,R,cb_intrinsic,520812,EPG,EPG(PB08)_R8,R,cb_intrinsic,3
31051,ER3m,ER3m_R,R,cb_intrinsic,520812,EPG,EPG(PB08)_R8,R,cb_intrinsic,3
29177,ER3d_b,ER3d_b_R,R,cb_intrinsic,520812,EPG,EPG(PB08)_R8,R,cb_intrinsic,3
27454,ER3d_c,ER3d_c_R,R,cb_intrinsic,520812,EPG,EPG(PB08)_R8,R,cb_intrinsic,3
27269,ER3d_c,ER3d_c_L,L,cb_intrinsic,520812,EPG,EPG(PB08)_R8,R,cb_intrinsic,3
19072,ER5,ER5_R,R,cb_intrinsic,520812,EPG,EPG(PB08)_R8,R,cb_intrinsic,3
17561,ER3m,ER3m_R,R,cb_intrinsic,520812,EPG,EPG(PB08)_R8,R,cb_intrinsic,3
17171,ER5,ER5_R,R,cb_intrinsic,520812,EPG,EPG(PB08)_R8,R,cb_intrinsic,3
17078,ER5,ER5_R,R,cb_intrinsic,520812,EPG,EPG(PB08)_R8,R,cb_intrinsic,3
14284,ER5,ER5_R,R,cb_intrinsic,520812,EPG,EPG(PB08)_R8,R,cb_intrinsic,3
11605,ER5,ER5_R,R,cb_intrinsic,520812,EPG,EPG(PB08)_R8,R,cb_intrinsic,3
568502,ER5,ER5_R,R,cb_intrinsic,513284,EPG,EPG(PB08)_R3,R,cb_intrinsic,3
533062,ER3a_a,ER3a_a_L,L,cb_intrinsic,513284,EPG,EPG(PB08)_R3,R,cb_intrinsic,3
529826,ER3a_a,ER3a_a_R,R,cb_intrinsic,513284,EPG,EPG(PB08)_R3,R,cb_intrinsic,3
529330,ER3d_b,ER3d_b_L,L,cb_intrinsic,513284,EPG,EPG(PB08)_R3,R,cb_intrinsic,3
44909,ER5,ER5_L,L,cb_intrinsic,513284,EPG,EPG(PB08)_R3,R,cb_intrinsic,3
33589,ER3d_b,ER3d_b_L,L,cb_intrinsic,513284,EPG,EPG(PB08)_R3,R,cb_intrinsic,3
30522,ER3d_b,ER3d_b_R,R,cb_intrinsic,513284,EPG,EPG(PB08)_R3,R,cb_intrinsic,3
28430,ER3m,ER3m_L,L,cb_intrinsic,513284,EPG,EPG(PB08)_R3,R,cb_intrinsic,3
527199,ER3d_e,ER3d_e_L,L,cb_intrinsic,556346,EPG,EPG(PB08)_L6,L,cb_intrinsic,3
521535,ER5,ER5_L,L,cb_intrinsic,556346,EPG,EPG(PB08)_L6,L,cb_intrinsic,3
54597,ER1_a,ER1_a_L,L,cb_intrinsic,556346,EPG,EPG(PB08)_L6,L,cb_intrinsic,3
53618,ER3p_b,ER3p_b_L,L,cb_intrinsic,556346,EPG,EPG(PB08)_L6,L,cb_intrinsic,3
48318,ER3d_c,ER3d_c_L,L,cb_intrinsic,556346,EPG,EPG(PB08)_L6,L,cb_intrinsic,3
43212,ER3d_a,ER3d_a_L,L,cb_intrinsic,556346,EPG,EPG(PB08)_L6,L,cb_intrinsic,3
42264,ER3d_e,ER3d_e_R,R,cb_intrinsic,556346,EPG,EPG(PB08)_L6,L,cb_intrinsic,3
39798,ER5,ER5_L,L,cb_intrinsic,556346,EPG,EPG(PB08)_L6,L,cb_intrinsic,3
30522,ER3d_b,ER3d_b_R,R,cb_intrinsic,556346,EPG,EPG(PB08)_L6,L,cb_intrinsic,3
27903,ER3d_d,ER3d_d_L,L,cb_intrinsic,556346,EPG,EPG(PB08)_L6,L,cb_intrinsic,3
27454,ER3d_c,ER3d_c_R,R,cb_intrinsic,556346,EPG,EPG(PB08)_L6,L,cb_intrinsic,3
20514,ER3d_d,ER3d_d_L,L,cb_intrinsic,556346,EPG,EPG(PB08)_L6,L,cb_intrinsic,3
14963,ER5,ER5_L,L,cb_intrinsic,556346,EPG,EPG(PB08)_L6,L,cb_intrinsic,3
12059,ER5,ER5_R,R,cb_intrinsic,556346,EPG,EPG(PB08)_L6,L,cb_intrinsic,3
527653,ER4d,ER4d_L,L,cb_intrinsic,523786,EPG,EPG(PB08)_R4,R,cb_intrinsic,3
72491,ER1_c,ER1_c_R,R,cb_intrinsic,523786,EPG,EPG(PB08)_R4,R,cb_intrinsic,3
69319,ER1_a,ER1_a_R,R,cb_intrinsic,523786,EPG,EPG(PB08)_R4,R,cb_intrinsic,3
42264,ER3d_e,ER3d_e_R,R,cb_intrinsic,523786,EPG,EPG(PB08)_R4,R,cb_intrinsic,3
35978,ER1_b,ER1_b_L,L,cb_intrinsic,523786,EPG,EPG(PB08)_R4,R,cb_intrinsic,3
34038,ER3d_b,ER3d_b_L,L,cb_intrinsic,523786,EPG,EPG(PB08)_R4,R,cb_intrinsic,3
30674,ER3d_b,ER3d_b_R,R,cb_intrinsic,523786,EPG,EPG(PB08)_R4,R,cb_intrinsic,3
28627,ER3m,ER3m_L,L,cb_intrinsic,523786,EPG,EPG(PB08)_R4,R,cb_intrinsic,3
27903,ER3d_d,ER3d_d_L,L,cb_intrinsic,523786,EPG,EPG(PB08)_R4,R,cb_intrinsic,3
27770,ER3w_b,ER3w_b_R,R,cb_intrinsic,523786,EPG,EPG(PB08)_R4,R,cb_intrinsic,3
26798,ER1_a,ER1_a_L,L,cb_intrinsic,523786,EPG,EPG(PB08)_R4,R,cb_intrinsic,3
20026,ER5,ER5_L,L,cb_intrinsic,523786,EPG,EPG(PB08)_R4,R,cb_intrinsic,3
17171,ER5,ER5_R,R,cb_intrinsic,523786,EPG,EPG(PB08)_R4,R,cb_intrinsic,3
524068,ER3d_b,ER3d_b_L,L,cb_intrinsic,11987,EPG,EPG(PB08)_R5,R,cb_intrinsic,3
517602,ER3p_a,ER3p_a_R,R,cb_intrinsic,11987,EPG,EPG(PB08)_R5,R,cb_intrinsic,3
47464,ER3d_d,ER3d_d_R,R,cb_intrinsic,11987,EPG,EPG(PB08)_R5,R,cb_intrinsic,3
44127,ER3d_d,ER3d_d_R,R,cb_intrinsic,11987,EPG,EPG(PB08)_R5,R,cb_intrinsic,3
36384,ER1_b,ER1_b_R,R,cb_intrinsic,11987,EPG,EPG(PB08)_R5,R,cb_intrinsic,3
34038,ER3d_b,ER3d_b_L,L,cb_intrinsic,11987,EPG,EPG(PB08)_R5,R,cb_intrinsic,3
31681,ER1_a,ER1_a_R,R,cb_intrinsic,11987,EPG,EPG(PB08)_R5,R,cb_intrinsic,3
29791,ER3d_b,ER3d_b_L,L,cb_intrinsic,11987,EPG,EPG(PB08)_R5,R,cb_intrinsic,3
29046,ER3d_b,ER3d_b_R,R,cb_intrinsic,11987,EPG,EPG(PB08)_R5,R,cb_intrinsic,3
26798,ER1_a,ER1_a_L,L,cb_intrinsic,11987,EPG,EPG(PB08)_R5,R,cb_intrinsic,3
24879,ER4d,ER4d_L,L,cb_intrinsic,11987,EPG,EPG(PB08)_R5,R,cb_intrinsic,3
23874,ER4d,ER4d_R,R,cb_intrinsic,11987,EPG,EPG(PB08)_R5,R,cb_intrinsic,3
20404,ER4d,ER4d_L,L,cb_intrinsic,11987,EPG,EPG(PB08)_R5,R,cb_intrinsic,3
568502,ER5,ER5_R,R,cb_intrinsic,513033,EPG,EPG(PB08)_L8,L,cb_intrinsic,3
527297,ER5,ER5_R,R,cb_intrinsic,513033,EPG,EPG(PB08)_L8,L,cb_intrinsic,3
517603,ER3d_d,ER3d_d_R,R,cb_intrinsic,513033,EPG,EPG(PB08)_L8,L,cb_intrinsic,3
511857,ER1_c,ER1_c_L,L,cb_intrinsic,513033,EPG,EPG(PB08)_L8,L,cb_intrinsic,3
47186,ER3m,ER3m_R,R,cb_intrinsic,513033,EPG,EPG(PB08)_L8,L,cb_intrinsic,3
46242,ER3w_a,ER3w_a_L,L,cb_intrinsic,513033,EPG,EPG(PB08)_L8,L,cb_intrinsic,3
31541,ER3d_d,ER3d_d_R,R,cb_intrinsic,513033,EPG,EPG(PB08)_L8,L,cb_intrinsic,3
31121,ER3a_c,ER3a_c_L,L,cb_intrinsic,513033,EPG,EPG(PB08)_L8,L,cb_intrinsic,3
31051,ER3m,ER3m_R,R,cb_intrinsic,513033,EPG,EPG(PB08)_L8,L,cb_intrinsic,3
26295,ER3m,ER3m_R,R,cb_intrinsic,513033,EPG,EPG(PB08)_L8,L,cb_intrinsic,3
10043,ER5,ER5_L,L,cb_intrinsic,513033,EPG,EPG(PB08)_L8,L,cb_intrinsic,3
522806,ER3d_c,ER3d_c_R,R,cb_intrinsic,19125,EPG,EPG(PB08)_R5,R,cb_intrinsic,3
522759,ER3d_d,ER3d_d_L,L,cb_intrinsic,19125,EPG,EPG(PB08)_R5,R,cb_intrinsic,3
63782,ER3d_c,ER3d_c_L,L,cb_intrinsic,19125,EPG,EPG(PB08)_R5,R,cb_intrinsic,3
54912,ER3d_b,ER3d_b_L,L,cb_intrinsic,19125,EPG,EPG(PB08)_R5,R,cb_intrinsic,3
48318,ER3d_c,ER3d_c_L,L,cb_intrinsic,19125,EPG,EPG(PB08)_R5,R,cb_intrinsic,3
44909,ER5,ER5_L,L,cb_intrinsic,19125,EPG,EPG(PB08)_R5,R,cb_intrinsic,3
39798,ER5,ER5_L,L,cb_intrinsic,19125,EPG,EPG(PB08)_R5,R,cb_intrinsic,3
31051,ER3m,ER3m_R,R,cb_intrinsic,19125,EPG,EPG(PB08)_R5,R,cb_intrinsic,3
30443,ER3a_c,ER3a_c_R,R,cb_intrinsic,19125,EPG,EPG(PB08)_R5,R,cb_intrinsic,3
29791,ER3d_b,ER3d_b_L,L,cb_intrinsic,19125,EPG,EPG(PB08)_R5,R,cb_intrinsic,3
29711,ER3a_b,ER3a_b_L,L,cb_intrinsic,19125,EPG,EPG(PB08)_R5,R,cb_intrinsic,3
27269,ER3d_c,ER3d_c_L,L,cb_intrinsic,19125,EPG,EPG(PB08)_R5,R,cb_intrinsic,3
22644,ER3d_a,ER3d_a_R,R,cb_intrinsic,19125,EPG,EPG(PB08)_R5,R,cb_intrinsic,3
19169,ER3m,ER3m_L,L,cb_intrinsic,19125,EPG,EPG(PB08)_R5,R,cb_intrinsic,3
14963,ER5,ER5_L,L,cb_intrinsic,19125,EPG,EPG(PB08)_R5,R,cb_intrinsic,3
14284,ER5,ER5_R,R,cb_intrinsic,19125,EPG,EPG(PB08)_R5,R,cb_intrinsic,3
544496,ER3a_c,ER3a_c_R,R,cb_intrinsic,131313,EPG,EPG(PB08)_R6,R,cb_intrinsic,3
527199,ER3d_e,ER3d_e_L,L,cb_intrinsic,131313,EPG,EPG(PB08)_R6,R,cb_intrinsic,3
522759,ER3d_d,ER3d_d_L,L,cb_intrinsic,131313,EPG,EPG(PB08)_R6,R,cb_intrinsic,3
72491,ER1_c,ER1_c_R,R,cb_intrinsic,131313,EPG,EPG(PB08)_R6,R,cb_intrinsic,3
47859,ER3d_c,ER3d_c_R,R,cb_intrinsic,131313,EPG,EPG(PB08)_R6,R,cb_intrinsic,3
46262,ER3d_b,ER3d_b_L,L,cb_intrinsic,131313,EPG,EPG(PB08)_R6,R,cb_intrinsic,3
45839,ER3d_b,ER3d_b_L,L,cb_intrinsic,131313,EPG,EPG(PB08)_R6,R,cb_intrinsic,3
44830,ER3d_e,ER3d_e_R,R,cb_intrinsic,131313,EPG,EPG(PB08)_R6,R,cb_intrinsic,3
44814,ER3m,ER3m_L,L,cb_intrinsic,131313,EPG,EPG(PB08)_R6,R,cb_intrinsic,3
43039,ER3d_d,ER3d_d_L,L,cb_intrinsic,131313,EPG,EPG(PB08)_R6,R,cb_intrinsic,3
38084,ER3m,ER3m_L,L,cb_intrinsic,131313,EPG,EPG(PB08)_R6,R,cb_intrinsic,3
30206,ER5,ER5_R,R,cb_intrinsic,131313,EPG,EPG(PB08)_R6,R,cb_intrinsic,3
27348,ER3m,ER3m_L,L,cb_intrinsic,131313,EPG,EPG(PB08)_R6,R,cb_intrinsic,3
18633,ER5,ER5_L,L,cb_intrinsic,131313,EPG,EPG(PB08)_R6,R,cb_intrinsic,3
17078,ER5,ER5_R,R,cb_intrinsic,131313,EPG,EPG(PB08)_R6,R,cb_intrinsic,3
14284,ER5,ER5_R,R,cb_intrinsic,131313,EPG,EPG(PB08)_R6,R,cb_intrinsic,3
12059,ER5,ER5_R,R,cb_intrinsic,131313,EPG,EPG(PB08)_R6,R,cb_intrinsic,3
530339,ER3d_d,ER3d_d_L,L,cb_intrinsic,513517,EPG,EPG(PB08)_L4,L,cb_intrinsic,3
529330,ER3d_b,ER3d_b_L,L,cb_intrinsic,513517,EPG,EPG(PB08)_L4,L,cb_intrinsic,3
524068,ER3d_b,ER3d_b_L,L,cb_intrinsic,513517,EPG,EPG(PB08)_L4,L,cb_intrinsic,3
521528,ER5,ER5_L,L,cb_intrinsic,513517,EPG,EPG(PB08)_L4,L,cb_intrinsic,3
47464,ER3d_d,ER3d_d_R,R,cb_intrinsic,513517,EPG,EPG(PB08)_L4,L,cb_intrinsic,3
40558,ER3d_b,ER3d_b_L,L,cb_intrinsic,513517,EPG,EPG(PB08)_L4,L,cb_intrinsic,3
34922,ER3a_b,ER3a_b_R,R,cb_intrinsic,513517,EPG,EPG(PB08)_L4,L,cb_intrinsic,3
31263,ER3d_b,ER3d_b_R,R,cb_intrinsic,513517,EPG,EPG(PB08)_L4,L,cb_intrinsic,3
31051,ER3m,ER3m_R,R,cb_intrinsic,513517,EPG,EPG(PB08)_L4,L,cb_intrinsic,3
27246,ER3d_d,ER3d_d_R,R,cb_intrinsic,513517,EPG,EPG(PB08)_L4,L,cb_intrinsic,3
27052,ER3d_d,ER3d_d_R,R,cb_intrinsic,513517,EPG,EPG(PB08)_L4,L,cb_intrinsic,3
26939,ER3m,ER3m_R,R,cb_intrinsic,513517,EPG,EPG(PB08)_L4,L,cb_intrinsic,3
26843,ER3w_b,ER3w_b_R,R,cb_intrinsic,513517,EPG,EPG(PB08)_L4,L,cb_intrinsic,3
22001,ER5,ER5_L,L,cb_intrinsic,513517,EPG,EPG(PB08)_L4,L,cb_intrinsic,3
21664,ER3d_e,ER3d_e_R,R,cb_intrinsic,513517,EPG,EPG(PB08)_L4,L,cb_intrinsic,3
18633,ER5,ER5_L,L,cb_intrinsic,513517,EPG,EPG(PB08)_L4,L,cb_intrinsic,3
529330,ER3d_b,ER3d_b_L,L,cb_intrinsic,556347,EPG,EPG(PB08)_R4,R,cb_intrinsic,3
527150,ER3d_a,ER3d_a_L,L,cb_intrinsic,556347,EPG,EPG(PB08)_R4,R,cb_intrinsic,3
524068,ER3d_b,ER3d_b_L,L,cb_intrinsic,556347,EPG,EPG(PB08)_R4,R,cb_intrinsic,3
521528,ER5,ER5_L,L,cb_intrinsic,556347,EPG,EPG(PB08)_R4,R,cb_intrinsic,3
44909,ER5,ER5_L,L,cb_intrinsic,556347,EPG,EPG(PB08)_R4,R,cb_intrinsic,3
44830,ER3d_e,ER3d_e_R,R,cb_intrinsic,556347,EPG,EPG(PB08)_R4,R,cb_intrinsic,3
43039,ER3d_d,ER3d_d_L,L,cb_intrinsic,556347,EPG,EPG(PB08)_R4,R,cb_intrinsic,3
33589,ER3d_b,ER3d_b_L,L,cb_intrinsic,556347,EPG,EPG(PB08)_R4,R,cb_intrinsic,3
30674,ER3d_b,ER3d_b_R,R,cb_intrinsic,556347,EPG,EPG(PB08)_R4,R,cb_intrinsic,3
29791,ER3d_b,ER3d_b_L,L,cb_intrinsic,556347,EPG,EPG(PB08)_R4,R,cb_intrinsic,3
27246,ER3d_d,ER3d_d_R,R,cb_intrinsic,556347,EPG,EPG(PB08)_R4,R,cb_intrinsic,3
26841,ER3a_a,ER3a_a_L,L,cb_intrinsic,556347,EPG,EPG(PB08)_R4,R,cb_intrinsic,3
22001,ER5,ER5_L,L,cb_intrinsic,556347,EPG,EPG(PB08)_R4,R,cb_intrinsic,3
530339,ER3d_d,ER3d_d_L,L,cb_intrinsic,521409,EPG,EPG(PB08)_L8,L,cb_intrinsic,3
529330,ER3d_b,ER3d_b_L,L,cb_intrinsic,521409,EPG,EPG(PB08)_L8,L,cb_intrinsic,3
522806,ER3d_c,ER3d_c_R,R,cb_intrinsic,521409,EPG,EPG(PB08)_L8,L,cb_intrinsic,3
517603,ER3d_d,ER3d_d_R,R,cb_intrinsic,521409,EPG,EPG(PB08)_L8,L,cb_intrinsic,3
512319,ER6,ER6_L,L,cb_intrinsic,521409,EPG,EPG(PB08)_L8,L,cb_intrinsic,3
61273,ER1_b,ER1_b_L,L,cb_intrinsic,521409,EPG,EPG(PB08)_L8,L,cb_intrinsic,3
54912,ER3d_b,ER3d_b_L,L,cb_intrinsic,521409,EPG,EPG(PB08)_L8,L,cb_intrinsic,3
47464,ER3d_d,ER3d_d_R,R,cb_intrinsic,521409,EPG,EPG(PB08)_L8,L,cb_intrinsic,3
41665,ER3a_c,ER3a_c_L,L,cb_intrinsic,521409,EPG,EPG(PB08)_L8,L,cb_intrinsic,3
40558,ER3d_b,ER3d_b_L,L,cb_intrinsic,521409,EPG,EPG(PB08)_L8,L,cb_intrinsic,3
36235,ER1_c,ER1_c_L,L,cb_intrinsic,521409,EPG,EPG(PB08)_L8,L,cb_intrinsic,3
30522,ER3d_b,ER3d_b_R,R,cb_intrinsic,521409,EPG,EPG(PB08)_L8,L,cb_intrinsic,3
27013,ER3m,ER3m_L,L,cb_intrinsic,521409,EPG,EPG(PB08)_L8,L,cb_intrinsic,3
24879,ER4d,ER4d_L,L,cb_intrinsic,521409,EPG,EPG(PB08)_L8,L,cb_intrinsic,3
20026,ER5,ER5_L,L,cb_intrinsic,521409,EPG,EPG(PB08)_L8,L,cb_intrinsic,3
19169,ER3m,ER3m_L,L,cb_intrinsic,521409,EPG,EPG(PB08)_L8,L,cb_intrinsic,3
568502,ER5,ER5_R,R,cb_intrinsic,513463,EPG,EPG(PB08)_R2,R,cb_intrinsic,3
533062,ER3a_a,ER3a_a_L,L,cb_intrinsic,513463,EPG,EPG(PB08)_R2,R,cb_intrinsic,3
522759,ER3d_d,ER3d_d_L,L,cb_intrinsic,513463,EPG,EPG(PB08)_R2,R,cb_intrinsic,3
517603,ER3d_d,ER3d_d_R,R,cb_intrinsic,513463,EPG,EPG(PB08)_R2,R,cb_intrinsic,3
511777,ER3a_b,ER3a_b_L,L,cb_intrinsic,513463,EPG,EPG(PB08)_R2,R,cb_intrinsic,3
47464,ER3d_d,ER3d_d_R,R,cb_intrinsic,513463,EPG,EPG(PB08)_R2,R,cb_intrinsic,3
44127,ER3d_d,ER3d_d_R,R,cb_intrinsic,513463,EPG,EPG(PB08)_R2,R,cb_intrinsic,3
40558,ER3d_b,ER3d_b_L,L,cb_intrinsic,513463,EPG,EPG(PB08)_R2,R,cb_intrinsic,3
33589,ER3d_b,ER3d_b_L,L,cb_intrinsic,513463,EPG,EPG(PB08)_R2,R,cb_intrinsic,3
30443,ER3a_c,ER3a_c_R,R,cb_intrinsic,513463,EPG,EPG(PB08)_R2,R,cb_intrinsic,3
27903,ER3d_d,ER3d_d_L,L,cb_intrinsic,513463,EPG,EPG(PB08)_R2,R,cb_intrinsic,3
17419,ER6,ER6_R,R,cb_intrinsic,513463,EPG,EPG(PB08)_R2,R,cb_intrinsic,3
14284,ER5,ER5_R,R,cb_intrinsic,513463,EPG,EPG(PB08)_R2,R,cb_intrinsic,3
568502,ER5,ER5_R,R,cb_intrinsic,520818,EPG,EPG(PB08)_L4,L,cb_intrinsic,3
517603,ER3d_d,ER3d_d_R,R,cb_intrinsic,520818,EPG,EPG(PB08)_L4,L,cb_intrinsic,3
50694,ER3w_b,ER3w_b_L,L,cb_intrinsic,520818,EPG,EPG(PB08)_L4,L,cb_intrinsic,3
48318,ER3d_c,ER3d_c_L,L,cb_intrinsic,520818,EPG,EPG(PB08)_L4,L,cb_intrinsic,3
44909,ER5,ER5_L,L,cb_intrinsic,520818,EPG,EPG(PB08)_L4,L,cb_intrinsic,3
43039,ER3d_d,ER3d_d_L,L,cb_intrinsic,520818,EPG,EPG(PB08)_L4,L,cb_intrinsic,3
33589,ER3d_b,ER3d_b_L,L,cb_intrinsic,520818,EPG,EPG(PB08)_L4,L,cb_intrinsic,3
29177,ER3d_b,ER3d_b_R,R,cb_intrinsic,520818,EPG,EPG(PB08)_L4,L,cb_intrinsic,3
27246,ER3d_d,ER3d_d_R,R,cb_intrinsic,520818,EPG,EPG(PB08)_L4,L,cb_intrinsic,3
27013,ER3m,ER3m_L,L,cb_intrinsic,520818,EPG,EPG(PB08)_L4,L,cb_intrinsic,3
26939,ER3m,ER3m_R,R,cb_intrinsic,520818,EPG,EPG(PB08)_L4,L,cb_intrinsic,3
17171,ER5,ER5_R,R,cb_intrinsic,520818,EPG,EPG(PB08)_L4,L,cb_intrinsic,3
12059,ER5,ER5_R,R,cb_intrinsic,520818,EPG,EPG(PB08)_L4,L,cb_intrinsic,3
527297,ER5,ER5_R,R,cb_intrinsic,12449,EPG,EPG(PB08)_L5,L,cb_intrinsic,3
527199,ER3d_e,ER3d_e_L,L,cb_intrinsic,12449,EPG,EPG(PB08)_L5,L,cb_intrinsic,3
524068,ER3d_b,ER3d_b_L,L,cb_intrinsic,12449,EPG,EPG(PB08)_L5,L,cb_intrinsic,3
521528,ER5,ER5_L,L,cb_intrinsic,12449,EPG,EPG(PB08)_L5,L,cb_intrinsic,3
54912,ER3d_b,ER3d_b_L,L,cb_intrinsic,12449,EPG,EPG(PB08)_L5,L,cb_intrinsic,3
47464,ER3d_d,ER3d_d_R,R,cb_intrinsic,12449,EPG,EPG(PB08)_L5,L,cb_intrinsic,3
47036,ER3d_a,ER3d_a_R,R,cb_intrinsic,12449,EPG,EPG(PB08)_L5,L,cb_intrinsic,3
44814,ER3m,ER3m_L,L,cb_intrinsic,12449,EPG,EPG(PB08)_L5,L,cb_intrinsic,3
43212,ER3d_a,ER3d_a_L,L,cb_intrinsic,12449,EPG,EPG(PB08)_L5,L,cb_intrinsic,3
38268,ER1_b,ER1_b_R,R,cb_intrinsic,12449,EPG,EPG(PB08)_L5,L,cb_intrinsic,3
34038,ER3d_b,ER3d_b_L,L,cb_intrinsic,12449,EPG,EPG(PB08)_L5,L,cb_intrinsic,3
31263,ER3d_b,ER3d_b_R,R,cb_intrinsic,12449,EPG,EPG(PB08)_L5,L,cb_intrinsic,3
30592,ER3d_b,ER3d_b_R,R,cb_intrinsic,12449,EPG,EPG(PB08)_L5,L,cb_intrinsic,3
22644,ER3d_a,ER3d_a_R,R,cb_intrinsic,12449,EPG,EPG(PB08)_L5,L,cb_intrinsic,3
20514,ER3d_d,ER3d_d_L,L,cb_intrinsic,12449,EPG,EPG(PB08)_L5,L,cb_intrinsic,3
14963,ER5,ER5_L,L,cb_intrinsic,12449,EPG,EPG(PB08)_L5,L,cb_intrinsic,3
533062,ER3a_a,ER3a_a_L,L,cb_intrinsic,10539,EPG,EPG(PB08)_R2,R,cb_intrinsic,3
527199,ER3d_e,ER3d_e_L,L,cb_intrinsic,10539,EPG,EPG(PB08)_R2,R,cb_intrinsic,3
522806,ER3d_c,ER3d_c_R,R,cb_intrinsic,10539,EPG,EPG(PB08)_R2,R,cb_intrinsic,3
72491,ER1_c,ER1_c_R,R,cb_intrinsic,10539,EPG,EPG(PB08)_R2,R,cb_intrinsic,3
53618,ER3p_b,ER3p_b_L,L,cb_intrinsic,10539,EPG,EPG(PB08)_R2,R,cb_intrinsic,3
46341,ER3w_b,ER3w_b_L,L,cb_intrinsic,10539,EPG,EPG(PB08)_R2,R,cb_intrinsic,3
43039,ER3d_d,ER3d_d_L,L,cb_intrinsic,10539,EPG,EPG(PB08)_R2,R,cb_intrinsic,3
37437,ER3d_e,ER3d_e_L,L,cb_intrinsic,10539,EPG,EPG(PB08)_R2,R,cb_intrinsic,3
31684,ER3d_a,ER3d_a_R,R,cb_intrinsic,10539,EPG,EPG(PB08)_R2,R,cb_intrinsic,3
31121,ER3a_c,ER3a_c_L,L,cb_intrinsic,10539,EPG,EPG(PB08)_R2,R,cb_intrinsic,3
31051,ER3m,ER3m_R,R,cb_intrinsic,10539,EPG,EPG(PB08)_R2,R,cb_intrinsic,3
29791,ER3d_b,ER3d_b_L,L,cb_intrinsic,10539,EPG,EPG(PB08)_R2,R,cb_intrinsic,3
29046,ER3d_b,ER3d_b_R,R,cb_intrinsic,10539,EPG,EPG(PB08)_R2,R,cb_intrinsic,3
27348,ER3m,ER3m_L,L,cb_intrinsic,10539,EPG,EPG(PB08)_R2,R,cb_intrinsic,3
27246,ER3d_d,ER3d_d_R,R,cb_intrinsic,10539,EPG,EPG(PB08)_R2,R,cb_intrinsic,3
27052,ER3d_d,ER3d_d_R,R,cb_intrinsic,10539,EPG,EPG(PB08)_R2,R,cb_intrinsic,3
22644,ER3d_a,ER3d_a_R,R,cb_intrinsic,10539,EPG,EPG(PB08)_R2,R,cb_intrinsic,3
20514,ER3d_d,ER3d_d_L,L,cb_intrinsic,10539,EPG,EPG(PB08)_R2,R,cb_intrinsic,3
19169,ER3m,ER3m_L,L,cb_intrinsic,10539,EPG,EPG(PB08)_R2,R,cb_intrinsic,3
19072,ER5,ER5_R,R,cb_intrinsic,10539,EPG,EPG(PB08)_R2,R,cb_intrinsic,3
522759,ER3d_d,ER3d_d_L,L,cb_intrinsic,14727,EPG,EPG(PB08)_L7,L,cb_intrinsic,3
513379,ER5,ER5_R,R,cb_intrinsic,14727,EPG,EPG(PB08)_L7,L,cb_intrinsic,3
512608,ER3d_b,ER3d_b_R,R,cb_intrinsic,14727,EPG,EPG(PB08)_L7,L,cb_intrinsic,3
59230,ER3m,ER3m_R,R,cb_intrinsic,14727,EPG,EPG(PB08)_L7,L,cb_intrinsic,3
48956,ER3d_b,ER3d_b_R,R,cb_intrinsic,14727,EPG,EPG(PB08)_L7,L,cb_intrinsic,3
42509,ER1_a,ER1_a_R,R,cb_intrinsic,14727,EPG,EPG(PB08)_L7,L,cb_intrinsic,3
39798,ER5,ER5_L,L,cb_intrinsic,14727,EPG,EPG(PB08)_L7,L,cb_intrinsic,3
34038,ER3d_b,ER3d_b_L,L,cb_intrinsic,14727,EPG,EPG(PB08)_L7,L,cb_intrinsic,3
30592,ER3d_b,ER3d_b_R,R,cb_intrinsic,14727,EPG,EPG(PB08)_L7,L,cb_intrinsic,3
29177,ER3d_b,ER3d_b_R,R,cb_intrinsic,14727,EPG,EPG(PB08)_L7,L,cb_intrinsic,3
27903,ER3d_d,ER3d_d_L,L,cb_intrinsic,14727,EPG,EPG(PB08)_L7,L,cb_intrinsic,3
19072,ER5,ER5_R,R,cb_intrinsic,14727,EPG,EPG(PB08)_L7,L,cb_intrinsic,3
521535,ER5,ER5_L,L,cb_intrinsic,519140,EPG,EPG(PB08)_L1,L,cb_intrinsic,3
63782,ER3d_c,ER3d_c_L,L,cb_intrinsic,519140,EPG,EPG(PB08)_L1,L,cb_intrinsic,3
48318,ER3d_c,ER3d_c_L,L,cb_intrinsic,519140,EPG,EPG(PB08)_L1,L,cb_intrinsic,3
47464,ER3d_d,ER3d_d_R,R,cb_intrinsic,519140,EPG,EPG(PB08)_L1,L,cb_intrinsic,3
44830,ER3d_e,ER3d_e_R,R,cb_intrinsic,519140,EPG,EPG(PB08)_L1,L,cb_intrinsic,3
43039,ER3d_d,ER3d_d_L,L,cb_intrinsic,519140,EPG,EPG(PB08)_L1,L,cb_intrinsic,3
40558,ER3d_b,ER3d_b_L,L,cb_intrinsic,519140,EPG,EPG(PB08)_L1,L,cb_intrinsic,3
33589,ER3d_b,ER3d_b_L,L,cb_intrinsic,519140,EPG,EPG(PB08)_L1,L,cb_intrinsic,3
30674,ER3d_b,ER3d_b_R,R,cb_intrinsic,519140,EPG,EPG(PB08)_L1,L,cb_intrinsic,3
30206,ER5,ER5_R,R,cb_intrinsic,519140,EPG,EPG(PB08)_L1,L,cb_intrinsic,3
22001,ER5,ER5_L,L,cb_intrinsic,519140,EPG,EPG(PB08)_L1,L,cb_intrinsic,3
20385,ER3a_a,ER3a_a_L,L,cb_intrinsic,519140,EPG,EPG(PB08)_L1,L,cb_intrinsic,3
17078,ER5,ER5_R,R,cb_intrinsic,519140,EPG,EPG(PB08)_L1,L,cb_intrinsic,3
14284,ER5,ER5_R,R,cb_intrinsic,519140,EPG,EPG(PB08)_L1,L,cb_intrinsic,3
10043,ER5,ER5_L,L,cb_intrinsic,519140,EPG,EPG(PB08)_L1,L,cb_intrinsic,3
46262,ER3d_b,ER3d_b_L,L,cb_intrinsic,15616,EPG,EPG(PB08)_R3,R,cb_intrinsic,3
45839,ER3d_b,ER3d_b_L,L,cb_intrinsic,15616,EPG,EPG(PB08)_R3,R,cb_intrinsic,3
44422,ER3m,ER3m_L,L,cb_intrinsic,15616,EPG,EPG(PB08)_R3,R,cb_intrinsic,3
29842,ER3m,ER3m_R,R,cb_intrinsic,15616,EPG,EPG(PB08)_R3,R,cb_intrinsic,3
29046,ER3d_b,ER3d_b_R,R,cb_intrinsic,15616,EPG,EPG(PB08)_R3,R,cb_intrinsic,3
28701,ER3d_b,ER3d_b_R,R,cb_intrinsic,15616,EPG,EPG(PB08)_R3,R,cb_intrinsic,3
20514,ER3d_d,ER3d_d_L,L,cb_intrinsic,15616,EPG,EPG(PB08)_R3,R,cb_intrinsic,3
568502,ER5,ER5_R,R,cb_intrinsic,16360,EPG,EPG(PB08)_L6,L,cb_intrinsic,3
544496,ER3a_c,ER3a_c_R,R,cb_intrinsic,16360,EPG,EPG(PB08)_L6,L,cb_intrinsic,3
527297,ER5,ER5_R,R,cb_intrinsic,16360,EPG,EPG(PB08)_L6,L,cb_intrinsic,3
522759,ER3d_d,ER3d_d_L,L,cb_intrinsic,16360,EPG,EPG(PB08)_L6,L,cb_intrinsic,3
48956,ER3d_b,ER3d_b_R,R,cb_intrinsic,16360,EPG,EPG(PB08)_L6,L,cb_intrinsic,3
47859,ER3d_c,ER3d_c_R,R,cb_intrinsic,16360,EPG,EPG(PB08)_L6,L,cb_intrinsic,3
45839,ER3d_b,ER3d_b_L,L,cb_intrinsic,16360,EPG,EPG(PB08)_L6,L,cb_intrinsic,3
43039,ER3d_d,ER3d_d_L,L,cb_intrinsic,16360,EPG,EPG(PB08)_L6,L,cb_intrinsic,3
39798,ER5,ER5_L,L,cb_intrinsic,16360,EPG,EPG(PB08)_L6,L,cb_intrinsic,3
30443,ER3a_c,ER3a_c_R,R,cb_intrinsic,16360,EPG,EPG(PB08)_L6,L,cb_intrinsic,3
30206,ER5,ER5_R,R,cb_intrinsic,16360,EPG,EPG(PB08)_L6,L,cb_intrinsic,3
29711,ER3a_b,ER3a_b_L,L,cb_intrinsic,16360,EPG,EPG(PB08)_L6,L,cb_intrinsic,3
27454,ER3d_c,ER3d_c_R,R,cb_intrinsic,16360,EPG,EPG(PB08)_L6,L,cb_intrinsic,3
25797,ER4d,ER4d_L,L,cb_intrinsic,16360,EPG,EPG(PB08)_L6,L,cb_intrinsic,3
25494,ER3d_e,ER3d_e_L,L,cb_intrinsic,16360,EPG,EPG(PB08)_L6,L,cb_intrinsic,3
20514,ER3d_d,ER3d_d_L,L,cb_intrinsic,16360,EPG,EPG(PB08)_L6,L,cb_intrinsic,3
17171,ER5,ER5_R,R,cb_intrinsic,16360,EPG,EPG(PB08)_L6,L,cb_intrinsic,3
530339,ER3d_d,ER3d_d_L,L,cb_intrinsic,515675,EPG,EPG(PB08)_R1,R,cb_intrinsic,3
527199,ER3d_e,ER3d_e_L,L,cb_intrinsic,515675,EPG,EPG(PB08)_R1,R,cb_intrinsic,3
49378,ER3d_c,ER3d_c_R,R,cb_intrinsic,515675,EPG,EPG(PB08)_R1,R,cb_intrinsic,3
37437,ER3d_e,ER3d_e_L,L,cb_intrinsic,515675,EPG,EPG(PB08)_R1,R,cb_intrinsic,3
31263,ER3d_b,ER3d_b_R,R,cb_intrinsic,515675,EPG,EPG(PB08)_R1,R,cb_intrinsic,3
29046,ER3d_b,ER3d_b_R,R,cb_intrinsic,515675,EPG,EPG(PB08)_R1,R,cb_intrinsic,3
28430,ER3m,ER3m_L,L,cb_intrinsic,515675,EPG,EPG(PB08)_R1,R,cb_intrinsic,3
522759,ER3d_d,ER3d_d_L,L,cb_intrinsic,514126,EPG,EPG(PB08)_R5,R,cb_intrinsic,3
521528,ER5,ER5_L,L,cb_intrinsic,514126,EPG,EPG(PB08)_R5,R,cb_intrinsic,3
521534,ER5,ER5_L,L,cb_intrinsic,514126,EPG,EPG(PB08)_R5,R,cb_intrinsic,3
513379,ER5,ER5_R,R,cb_intrinsic,514126,EPG,EPG(PB08)_R5,R,cb_intrinsic,3
511777,ER3a_b,ER3a_b_L,L,cb_intrinsic,514126,EPG,EPG(PB08)_R5,R,cb_intrinsic,3
44127,ER3d_d,ER3d_d_R,R,cb_intrinsic,514126,EPG,EPG(PB08)_R5,R,cb_intrinsic,3
38306,ER3d_a,ER3d_a_L,L,cb_intrinsic,514126,EPG,EPG(PB08)_R5,R,cb_intrinsic,3
37817,ER3d_e,ER3d_e_R,R,cb_intrinsic,514126,EPG,EPG(PB08)_R5,R,cb_intrinsic,3
34038,ER3d_b,ER3d_b_L,L,cb_intrinsic,514126,EPG,EPG(PB08)_R5,R,cb_intrinsic,3
31970,ER3a_d,ER3a_d_L,L,cb_intrinsic,514126,EPG,EPG(PB08)_R5,R,cb_intrinsic,3
30592,ER3d_b,ER3d_b_R,R,cb_intrinsic,514126,EPG,EPG(PB08)_R5,R,cb_intrinsic,3
30443,ER3a_c,ER3a_c_R,R,cb_intrinsic,514126,EPG,EPG(PB08)_R5,R,cb_intrinsic,3
26841,ER3a_a,ER3a_a_L,L,cb_intrinsic,514126,EPG,EPG(PB08)_R5,R,cb_intrinsic,3
19169,ER3m,ER3m_L,L,cb_intrinsic,514126,EPG,EPG(PB08)_R5,R,cb_intrinsic,3
18633,ER5,ER5_L,L,cb_intrinsic,514126,EPG,EPG(PB08)_R5,R,cb_intrinsic,3
544496,ER3a_c,ER3a_c_R,R,cb_intrinsic,513520,EPG,EPG(PB08)_R6,R,cb_intrinsic,3
532637,ER3m,ER3m_R,R,cb_intrinsic,513520,EPG,EPG(PB08)_R6,R,cb_intrinsic,3
530339,ER3d_d,ER3d_d_L,L,cb_intrinsic,513520,EPG,EPG(PB08)_R6,R,cb_intrinsic,3
522759,ER3d_d,ER3d_d_L,L,cb_intrinsic,513520,EPG,EPG(PB08)_R6,R,cb_intrinsic,3
521528,ER5,ER5_L,L,cb_intrinsic,513520,EPG,EPG(PB08)_R6,R,cb_intrinsic,3
516110,ER6,ER6_R,R,cb_intrinsic,513520,EPG,EPG(PB08)_R6,R,cb_intrinsic,3
54912,ER3d_b,ER3d_b_L,L,cb_intrinsic,513520,EPG,EPG(PB08)_R6,R,cb_intrinsic,3
49869,ER3p_b,ER3p_b_R,R,cb_intrinsic,513520,EPG,EPG(PB08)_R6,R,cb_intrinsic,3
47859,ER3d_c,ER3d_c_R,R,cb_intrinsic,513520,EPG,EPG(PB08)_R6,R,cb_intrinsic,3
44422,ER3m,ER3m_L,L,cb_intrinsic,513520,EPG,EPG(PB08)_R6,R,cb_intrinsic,3
44127,ER3d_d,ER3d_d_R,R,cb_intrinsic,513520,EPG,EPG(PB08)_R6,R,cb_intrinsic,3
43039,ER3d_d,ER3d_d_L,L,cb_intrinsic,513520,EPG,EPG(PB08)_R6,R,cb_intrinsic,3
38084,ER3m,ER3m_L,L,cb_intrinsic,513520,EPG,EPG(PB08)_R6,R,cb_intrinsic,3
36235,ER1_c,ER1_c_L,L,cb_intrinsic,513520,EPG,EPG(PB08)_R6,R,cb_intrinsic,3
35641,ER3d_c,ER3d_c_L,L,cb_intrinsic,513520,EPG,EPG(PB08)_R6,R,cb_intrinsic,3
30371,ER1_a,ER1_a_R,R,cb_intrinsic,513520,EPG,EPG(PB08)_R6,R,cb_intrinsic,3
28627,ER3m,ER3m_L,L,cb_intrinsic,513520,EPG,EPG(PB08)_R6,R,cb_intrinsic,3
27454,ER3d_c,ER3d_c_R,R,cb_intrinsic,513520,EPG,EPG(PB08)_R6,R,cb_intrinsic,3
26939,ER3m,ER3m_R,R,cb_intrinsic,513520,EPG,EPG(PB08)_R6,R,cb_intrinsic,3
25494,ER3d_e,ER3d_e_L,L,cb_intrinsic,513520,EPG,EPG(PB08)_R6,R,cb_intrinsic,3
19169,ER3m,ER3m_L,L,cb_intrinsic,513520,EPG,EPG(PB08)_R6,R,cb_intrinsic,3
17078,ER5,ER5_R,R,cb_intrinsic,513520,EPG,EPG(PB08)_R6,R,cb_intrinsic,3
527297,ER5,ER5_R,R,cb_intrinsic,11874,EPG,EPG(PB08)_L7,L,cb_intrinsic,3
521535,ER5,ER5_L,L,cb_intrinsic,11874,EPG,EPG(PB08)_L7,L,cb_intrinsic,3
513379,ER5,ER5_R,R,cb_intrinsic,11874,EPG,EPG(PB08)_L7,L,cb_intrinsic,3
512608,ER3d_b,ER3d_b_R,R,cb_intrinsic,11874,EPG,EPG(PB08)_L7,L,cb_intrinsic,3
512319,ER6,ER6_L,L,cb_intrinsic,11874,EPG,EPG(PB08)_L7,L,cb_intrinsic,3
69319,ER1_a,ER1_a_R,R,cb_intrinsic,11874,EPG,EPG(PB08)_L7,L,cb_intrinsic,3
49378,ER3d_c,ER3d_c_R,R,cb_intrinsic,11874,EPG,EPG(PB08)_L7,L,cb_intrinsic,3
45839,ER3d_b,ER3d_b_L,L,cb_intrinsic,11874,EPG,EPG(PB08)_L7,L,cb_intrinsic,3
40213,ER1_b,ER1_b_L,L,cb_intrinsic,11874,EPG,EPG(PB08)_L7,L,cb_intrinsic,3
37817,ER3d_e,ER3d_e_R,R,cb_intrinsic,11874,EPG,EPG(PB08)_L7,L,cb_intrinsic,3
33589,ER3d_b,ER3d_b_L,L,cb_intrinsic,11874,EPG,EPG(PB08)_L7,L,cb_intrinsic,3
31121,ER3a_c,ER3a_c_L,L,cb_intrinsic,11874,EPG,EPG(PB08)_L7,L,cb_intrinsic,3
29177,ER3d_b,ER3d_b_R,R,cb_intrinsic,11874,EPG,EPG(PB08)_L7,L,cb_intrinsic,3
27269,ER3d_c,ER3d_c_L,L,cb_intrinsic,11874,EPG,EPG(PB08)_L7,L,cb_intrinsic,3
25329,ER3d_c,ER3d_c_L,L,cb_intrinsic,11874,EPG,EPG(PB08)_L7,L,cb_intrinsic,3
14464,ER6,ER6_L,L,cb_intrinsic,11874,EPG,EPG(PB08)_L7,L,cb_intrinsic,3
10043,ER5,ER5_L,L,cb_intrinsic,11874,EPG,EPG(PB08)_L7,L,cb_intrinsic,3
568502,ER5,ER5_R,R,cb_intrinsic,512514,EPG,EPG(PB08)_L1,L,cb_intrinsic,3
544496,ER3a_c,ER3a_c_R,R,cb_intrinsic,512514,EPG,EPG(PB08)_L1,L,cb_intrinsic,3
532637,ER3m,ER3m_R,R,cb_intrinsic,512514,EPG,EPG(PB08)_L1,L,cb_intrinsic,3
527150,ER3d_a,ER3d_a_L,L,cb_intrinsic,512514,EPG,EPG(PB08)_L1,L,cb_intrinsic,3
524068,ER3d_b,ER3d_b_L,L,cb_intrinsic,512514,EPG,EPG(PB08)_L1,L,cb_intrinsic,3
517603,ER3d_d,ER3d_d_R,R,cb_intrinsic,512514,EPG,EPG(PB08)_L1,L,cb_intrinsic,3
516944,ER5,ER5_L,L,cb_intrinsic,512514,EPG,EPG(PB08)_L1,L,cb_intrinsic,3
48956,ER3d_b,ER3d_b_R,R,cb_intrinsic,512514,EPG,EPG(PB08)_L1,L,cb_intrinsic,3
48318,ER3d_c,ER3d_c_L,L,cb_intrinsic,512514,EPG,EPG(PB08)_L1,L,cb_intrinsic,3
47186,ER3m,ER3m_R,R,cb_intrinsic,512514,EPG,EPG(PB08)_L1,L,cb_intrinsic,3
45839,ER3d_b,ER3d_b_L,L,cb_intrinsic,512514,EPG,EPG(PB08)_L1,L,cb_intrinsic,3
44422,ER3m,ER3m_L,L,cb_intrinsic,512514,EPG,EPG(PB08)_L1,L,cb_intrinsic,3
39798,ER5,ER5_L,L,cb_intrinsic,512514,EPG,EPG(PB08)_L1,L,cb_intrinsic,3
30522,ER3d_b,ER3d_b_R,R,cb_intrinsic,512514,EPG,EPG(PB08)_L1,L,cb_intrinsic,3
30178,ER3d_b,ER3d_b_R,R,cb_intrinsic,512514,EPG,EPG(PB08)_L1,L,cb_intrinsic,3
29711,ER3a_b,ER3a_b_L,L,cb_intrinsic,512514,EPG,EPG(PB08)_L1,L,cb_intrinsic,3
27246,ER3d_d,ER3d_d_R,R,cb_intrinsic,512514,EPG,EPG(PB08)_L1,L,cb_intrinsic,3
23703,ER1_b,ER1_b_R,R,cb_intrinsic,512514,EPG,EPG(PB08)_L1,L,cb_intrinsic,3
20514,ER3d_d,ER3d_d_L,L,cb_intrinsic,512514,EPG,EPG(PB08)_L1,L,cb_intrinsic,3
18633,ER5,ER5_L,L,cb_intrinsic,512514,EPG,EPG(PB08)_L1,L,cb_intrinsic,3
14963,ER5,ER5_L,L,cb_intrinsic,512514,EPG,EPG(PB08)_L1,L,cb_intrinsic,3
544496,ER3a_c,ER3a_c_R,R,cb_intrinsic,88342,EPG,EPG(PB08)_L3,L,cb_intrinsic,3
530339,ER3d_d,ER3d_d_L,L,cb_intrinsic,88342,EPG,EPG(PB08)_L3,L,cb_intrinsic,3
524068,ER3d_b,ER3d_b_L,L,cb_intrinsic,88342,EPG,EPG(PB08)_L3,L,cb_intrinsic,3
54597,ER1_a,ER1_a_L,L,cb_intrinsic,88342,EPG,EPG(PB08)_L3,L,cb_intrinsic,3
44830,ER3d_e,ER3d_e_R,R,cb_intrinsic,88342,EPG,EPG(PB08)_L3,L,cb_intrinsic,3
41665,ER3a_c,ER3a_c_L,L,cb_intrinsic,88342,EPG,EPG(PB08)_L3,L,cb_intrinsic,3
36730,ER1_b,ER1_b_L,L,cb_intrinsic,88342,EPG,EPG(PB08)_L3,L,cb_intrinsic,3
33589,ER3d_b,ER3d_b_L,L,cb_intrinsic,88342,EPG,EPG(PB08)_L3,L,cb_intrinsic,3
30178,ER3d_b,ER3d_b_R,R,cb_intrinsic,88342,EPG,EPG(PB08)_L3,L,cb_intrinsic,3
29842,ER3m,ER3m_R,R,cb_intrinsic,88342,EPG,EPG(PB08)_L3,L,cb_intrinsic,3
29177,ER3d_b,ER3d_b_R,R,cb_intrinsic,88342,EPG,EPG(PB08)_L3,L,cb_intrinsic,3
25494,ER3d_e,ER3d_e_L,L,cb_intrinsic,88342,EPG,EPG(PB08)_L3,L,cb_intrinsic,3
14284,ER5,ER5_R,R,cb_intrinsic,88342,EPG,EPG(PB08)_L3,L,cb_intrinsic,3
12059,ER5,ER5_R,R,cb_intrinsic,88342,EPG,EPG(PB08)_L3,L,cb_intrinsic,3
527199,ER3d_e,ER3d_e_L,L,cb_intrinsic,15713,EPG,EPG(PB08)_L6,L,cb_intrinsic,3
522759,ER3d_d,ER3d_d_L,L,cb_intrinsic,15713,EPG,EPG(PB08)_L6,L,cb_intrinsic,3
521534,ER5,ER5_L,L,cb_intrinsic,15713,EPG,EPG(PB08)_L6,L,cb_intrinsic,3
61273,ER1_b,ER1_b_L,L,cb_intrinsic,15713,EPG,EPG(PB08)_L6,L,cb_intrinsic,3
59230,ER3m,ER3m_R,R,cb_intrinsic,15713,EPG,EPG(PB08)_L6,L,cb_intrinsic,3
54912,ER3d_b,ER3d_b_L,L,cb_intrinsic,15713,EPG,EPG(PB08)_L6,L,cb_intrinsic,3
44909,ER5,ER5_L,L,cb_intrinsic,15713,EPG,EPG(PB08)_L6,L,cb_intrinsic,3
44830,ER3d_e,ER3d_e_R,R,cb_intrinsic,15713,EPG,EPG(PB08)_L6,L,cb_intrinsic,3
40213,ER1_b,ER1_b_L,L,cb_intrinsic,15713,EPG,EPG(PB08)_L6,L,cb_intrinsic,3
34038,ER3d_b,ER3d_b_L,L,cb_intrinsic,15713,EPG,EPG(PB08)_L6,L,cb_intrinsic,3
31263,ER3d_b,ER3d_b_R,R,cb_intrinsic,15713,EPG,EPG(PB08)_L6,L,cb_intrinsic,3
29842,ER3m,ER3m_R,R,cb_intrinsic,15713,EPG,EPG(PB08)_L6,L,cb_intrinsic,3
27903,ER3d_d,ER3d_d_L,L,cb_intrinsic,15713,EPG,EPG(PB08)_L6,L,cb_intrinsic,3
27770,ER3w_b,ER3w_b_R,R,cb_intrinsic,15713,EPG,EPG(PB08)_L6,L,cb_intrinsic,3
27246,ER3d_d,ER3d_d_R,R,cb_intrinsic,15713,EPG,EPG(PB08)_L6,L,cb_intrinsic,3
25841,ER3w_b,ER3w_b_L,L,cb_intrinsic,15713,EPG,EPG(PB08)_L6,L,cb_intrinsic,3
20026,ER5,ER5_L,L,cb_intrinsic,15713,EPG,EPG(PB08)_L6,L,cb_intrinsic,3
14963,ER5,ER5_L,L,cb_intrinsic,15713,EPG,EPG(PB08)_L6,L,cb_intrinsic,3
13999,ER3w_c,ER3w_c_R,R,cb_intrinsic,15713,EPG,EPG(PB08)_L6,L,cb_intrinsic,3
11933,ER2_c,ER2_c_R,R,cb_intrinsic,15713,EPG,EPG(PB08)_L6,L,cb_intrinsic,3
54912,ER3d_b,ER3d_b_L,L,cb_intrinsic,520581,EPG,EPG(PB08)_R4,R,cb_intrinsic,3
45839,ER3d_b,ER3d_b_L,L,cb_intrinsic,520581,EPG,EPG(PB08)_R4,R,cb_intrinsic,3
40558,ER3d_b,ER3d_b_L,L,cb_intrinsic,520581,EPG,EPG(PB08)_R4,R,cb_intrinsic,3
27052,ER3d_d,ER3d_d_R,R,cb_intrinsic,520581,EPG,EPG(PB08)_R4,R,cb_intrinsic,3
527297,ER5,ER5_R,R,cb_intrinsic,13217,EPG,EPG(PB08)_L8,L,cb_intrinsic,3
516944,ER5,ER5_L,L,cb_intrinsic,13217,EPG,EPG(PB08)_L8,L,cb_intrinsic,3
45839,ER3d_b,ER3d_b_L,L,cb_intrinsic,13217,EPG,EPG(PB08)_L8,L,cb_intrinsic,3
44422,ER3m,ER3m_L,L,cb_intrinsic,13217,EPG,EPG(PB08)_L8,L,cb_intrinsic,3
43683,ER3w_a,ER3w_a_R,R,cb_intrinsic,13217,EPG,EPG(PB08)_L8,L,cb_intrinsic,3
34038,ER3d_b,ER3d_b_L,L,cb_intrinsic,13217,EPG,EPG(PB08)_L8,L,cb_intrinsic,3
30674,ER3d_b,ER3d_b_R,R,cb_intrinsic,13217,EPG,EPG(PB08)_L8,L,cb_intrinsic,3
29711,ER3a_b,ER3a_b_L,L,cb_intrinsic,13217,EPG,EPG(PB08)_L8,L,cb_intrinsic,3
20026,ER5,ER5_L,L,cb_intrinsic,13217,EPG,EPG(PB08)_L8,L,cb_intrinsic,3
17561,ER3m,ER3m_R,R,cb_intrinsic,13217,EPG,EPG(PB08)_L8,L,cb_intrinsic,3
530339,ER3d_d,ER3d_d_L,L,cb_intrinsic,92188,EPG,EPG(PB08)_R7,R,cb_intrinsic,3
529330,ER3d_b,ER3d_b_L,L,cb_intrinsic,92188,EPG,EPG(PB08)_R7,R,cb_intrinsic,3
521535,ER5,ER5_L,L,cb_intrinsic,92188,EPG,EPG(PB08)_R7,R,cb_intrinsic,3
513379,ER5,ER5_R,R,cb_intrinsic,92188,EPG,EPG(PB08)_R7,R,cb_intrinsic,3
512608,ER3d_b,ER3d_b_R,R,cb_intrinsic,92188,EPG,EPG(PB08)_R7,R,cb_intrinsic,3
59230,ER3m,ER3m_R,R,cb_intrinsic,92188,EPG,EPG(PB08)_R7,R,cb_intrinsic,3
45839,ER3d_b,ER3d_b_L,L,cb_intrinsic,92188,EPG,EPG(PB08)_R7,R,cb_intrinsic,3
42264,ER3d_e,ER3d_e_R,R,cb_intrinsic,92188,EPG,EPG(PB08)_R7,R,cb_intrinsic,3
38306,ER3d_a,ER3d_a_L,L,cb_intrinsic,92188,EPG,EPG(PB08)_R7,R,cb_intrinsic,3
37758,ER3d_a,ER3d_a_R,R,cb_intrinsic,92188,EPG,EPG(PB08)_R7,R,cb_intrinsic,3
37058,ER1_b,ER1_b_R,R,cb_intrinsic,92188,EPG,EPG(PB08)_R7,R,cb_intrinsic,3
31681,ER1_a,ER1_a_R,R,cb_intrinsic,92188,EPG,EPG(PB08)_R7,R,cb_intrinsic,3
31051,ER3m,ER3m_R,R,cb_intrinsic,92188,EPG,EPG(PB08)_R7,R,cb_intrinsic,3
30674,ER3d_b,ER3d_b_R,R,cb_intrinsic,92188,EPG,EPG(PB08)_R7,R,cb_intrinsic,3
30443,ER3a_c,ER3a_c_R,R,cb_intrinsic,92188,EPG,EPG(PB08)_R7,R,cb_intrinsic,3
30178,ER3d_b,ER3d_b_R,R,cb_intrinsic,92188,EPG,EPG(PB08)_R7,R,cb_intrinsic,3
29711,ER3a_b,ER3a_b_L,L,cb_intrinsic,92188,EPG,EPG(PB08)_R7,R,cb_intrinsic,3
28430,ER3m,ER3m_L,L,cb_intrinsic,92188,EPG,EPG(PB08)_R7,R,cb_intrinsic,3
526552,ER3w_b,ER3w_b_R,R,cb_intrinsic,521812,EPG,EPG(PB08)_R7,R,cb_intrinsic,3
516110,ER6,ER6_R,R,cb_intrinsic,521812,EPG,EPG(PB08)_R7,R,cb_intrinsic,3
513379,ER5,ER5_R,R,cb_intrinsic,521812,EPG,EPG(PB08)_R7,R,cb_intrinsic,3
67174,ER1_a,ER1_a_R,R,cb_intrinsic,521812,EPG,EPG(PB08)_R7,R,cb_intrinsic,3
59337,ER3w_b,ER3w_b_L,L,cb_intrinsic,521812,EPG,EPG(PB08)_R7,R,cb_intrinsic,3
54912,ER3d_b,ER3d_b_L,L,cb_intrinsic,521812,EPG,EPG(PB08)_R7,R,cb_intrinsic,3
48318,ER3d_c,ER3d_c_L,L,cb_intrinsic,521812,EPG,EPG(PB08)_R7,R,cb_intrinsic,3
47859,ER3d_c,ER3d_c_R,R,cb_intrinsic,521812,EPG,EPG(PB08)_R7,R,cb_intrinsic,3
45839,ER3d_b,ER3d_b_L,L,cb_intrinsic,521812,EPG,EPG(PB08)_R7,R,cb_intrinsic,3
43039,ER3d_d,ER3d_d_L,L,cb_intrinsic,521812,EPG,EPG(PB08)_R7,R,cb_intrinsic,3
42509,ER1_a,ER1_a_R,R,cb_intrinsic,521812,EPG,EPG(PB08)_R7,R,cb_intrinsic,3
38306,ER3d_a,ER3d_a_L,L,cb_intrinsic,521812,EPG,EPG(PB08)_R7,R,cb_intrinsic,3
37817,ER3d_e,ER3d_e_R,R,cb_intrinsic,521812,EPG,EPG(PB08)_R7,R,cb_intrinsic,3
37437,ER3d_e,ER3d_e_L,L,cb_intrinsic,521812,EPG,EPG(PB08)_R7,R,cb_intrinsic,3
36730,ER1_b,ER1_b_L,L,cb_intrinsic,521812,EPG,EPG(PB08)_R7,R,cb_intrinsic,3
34038,ER3d_b,ER3d_b_L,L,cb_intrinsic,521812,EPG,EPG(PB08)_R7,R,cb_intrinsic,3
33589,ER3d_b,ER3d_b_L,L,cb_intrinsic,521812,EPG,EPG(PB08)_R7,R,cb_intrinsic,3
31681,ER1_a,ER1_a_R,R,cb_intrinsic,521812,EPG,EPG(PB08)_R7,R,cb_intrinsic,3
27454,ER3d_c,ER3d_c_R,R,cb_intrinsic,521812,EPG,EPG(PB08)_R7,R,cb_intrinsic,3
27246,ER3d_d,ER3d_d_R,R,cb_intrinsic,521812,EPG,EPG(PB08)_R7,R,cb_intrinsic,3
21664,ER3d_e,ER3d_e_R,R,cb_intrinsic,521812,EPG,EPG(PB08)_R7,R,cb_intrinsic,3
19072,ER5,ER5_R,R,cb_intrinsic,521812,EPG,EPG(PB08)_R7,R,cb_intrinsic,3
17561,ER3m,ER3m_R,R,cb_intrinsic,521812,EPG,EPG(PB08)_R7,R,cb_intrinsic,3
13094,ER4d,ER4d_R,R,cb_intrinsic,521812,EPG,EPG(PB08)_R7,R,cb_intrinsic,3
568502,ER5,ER5_R,R,cb_intrinsic,521813,EPG,EPG(PB08)_L2,L,cb_intrinsic,3
527150,ER3d_a,ER3d_a_L,L,cb_intrinsic,521813,EPG,EPG(PB08)_L2,L,cb_intrinsic,3
522759,ER3d_d,ER3d_d_L,L,cb_intrinsic,521813,EPG,EPG(PB08)_L2,L,cb_intrinsic,3
521535,ER5,ER5_L,L,cb_intrinsic,521813,EPG,EPG(PB08)_L2,L,cb_intrinsic,3
521528,ER5,ER5_L,L,cb_intrinsic,521813,EPG,EPG(PB08)_L2,L,cb_intrinsic,3
513379,ER5,ER5_R,R,cb_intrinsic,521813,EPG,EPG(PB08)_L2,L,cb_intrinsic,3
512319,ER6,ER6_L,L,cb_intrinsic,521813,EPG,EPG(PB08)_L2,L,cb_intrinsic,3
59230,ER3m,ER3m_R,R,cb_intrinsic,521813,EPG,EPG(PB08)_L2,L,cb_intrinsic,3
51382,ER3d_b,ER3d_b_L,L,cb_intrinsic,521813,EPG,EPG(PB08)_L2,L,cb_intrinsic,3
49869,ER3p_b,ER3p_b_R,R,cb_intrinsic,521813,EPG,EPG(PB08)_L2,L,cb_intrinsic,3
47464,ER3d_d,ER3d_d_R,R,cb_intrinsic,521813,EPG,EPG(PB08)_L2,L,cb_intrinsic,3
44422,ER3m,ER3m_L,L,cb_intrinsic,521813,EPG,EPG(PB08)_L2,L,cb_intrinsic,3
39798,ER5,ER5_L,L,cb_intrinsic,521813,EPG,EPG(PB08)_L2,L,cb_intrinsic,3
37437,ER3d_e,ER3d_e_L,L,cb_intrinsic,521813,EPG,EPG(PB08)_L2,L,cb_intrinsic,3
35641,ER3d_c,ER3d_c_L,L,cb_intrinsic,521813,EPG,EPG(PB08)_L2,L,cb_intrinsic,3
30674,ER3d_b,ER3d_b_R,R,cb_intrinsic,521813,EPG,EPG(PB08)_L2,L,cb_intrinsic,3
30592,ER3d_b,ER3d_b_R,R,cb_intrinsic,521813,EPG,EPG(PB08)_L2,L,cb_intrinsic,3
29842,ER3m,ER3m_R,R,cb_intrinsic,521813,EPG,EPG(PB08)_L2,L,cb_intrinsic,3
29177,ER3d_b,ER3d_b_R,R,cb_intrinsic,521813,EPG,EPG(PB08)_L2,L,cb_intrinsic,3
27348,ER3m,ER3m_L,L,cb_intrinsic,521813,EPG,EPG(PB08)_L2,L,cb_intrinsic,3
25329,ER3d_c,ER3d_c_L,L,cb_intrinsic,521813,EPG,EPG(PB08)_L2,L,cb_intrinsic,3
21664,ER3d_e,ER3d_e_R,R,cb_intrinsic,521813,EPG,EPG(PB08)_L2,L,cb_intrinsic,3
20514,ER3d_d,ER3d_d_L,L,cb_intrinsic,521813,EPG,EPG(PB08)_L2,L,cb_intrinsic,3
527297,ER5,ER5_R,R,cb_intrinsic,512513,EPG,EPG(PB08)_R1,R,cb_intrinsic,3
524068,ER3d_b,ER3d_b_L,L,cb_intrinsic,512513,EPG,EPG(PB08)_R1,R,cb_intrinsic,3
521535,ER5,ER5_L,L,cb_intrinsic,512513,EPG,EPG(PB08)_R1,R,cb_intrinsic,3
53618,ER3p_b,ER3p_b_L,L,cb_intrinsic,512513,EPG,EPG(PB08)_R1,R,cb_intrinsic,3
48956,ER3d_b,ER3d_b_R,R,cb_intrinsic,512513,EPG,EPG(PB08)_R1,R,cb_intrinsic,3
34922,ER3a_b,ER3a_b_R,R,cb_intrinsic,512513,EPG,EPG(PB08)_R1,R,cb_intrinsic,3
30674,ER3d_b,ER3d_b_R,R,cb_intrinsic,512513,EPG,EPG(PB08)_R1,R,cb_intrinsic,3
26841,ER3a_a,ER3a_a_L,L,cb_intrinsic,512513,EPG,EPG(PB08)_R1,R,cb_intrinsic,3
25494,ER3d_e,ER3d_e_L,L,cb_intrinsic,512513,EPG,EPG(PB08)_R1,R,cb_intrinsic,3
14963,ER5,ER5_L,L,cb_intrinsic,512513,EPG,EPG(PB08)_R1,R,cb_intrinsic,3
532637,ER3m,ER3m_R,R,cb_intrinsic,519941,EPG,EPG(PB08)_L3,L,cb_intrinsic,2
527199,ER3d_e,ER3d_e_L,L,cb_intrinsic,519941,EPG,EPG(PB08)_L3,L,cb_intrinsic,2
59230,ER3m,ER3m_R,R,cb_intrinsic,519941,EPG,EPG(PB08)_L3,L,cb_intrinsic,2
47464,ER3d_d,ER3d_d_R,R,cb_intrinsic,519941,EPG,EPG(PB08)_L3,L,cb_intrinsic,2
43039,ER3d_d,ER3d_d_L,L,cb_intrinsic,519941,EPG,EPG(PB08)_L3,L,cb_intrinsic,2
35641,ER3d_c,ER3d_c_L,L,cb_intrinsic,519941,EPG,EPG(PB08)_L3,L,cb_intrinsic,2
34922,ER3a_b,ER3a_b_R,R,cb_intrinsic,519941,EPG,EPG(PB08)_L3,L,cb_intrinsic,2
28339,ER4d,ER4d_R,R,cb_intrinsic,519941,EPG,EPG(PB08)_L3,L,cb_intrinsic,2
20980,ER4d,ER4d_R,R,cb_intrinsic,519941,EPG,EPG(PB08)_L3,L,cb_intrinsic,2
17591,ER4d,ER4d_R,R,cb_intrinsic,519941,EPG,EPG(PB08)_L3,L,cb_intrinsic,2
14963,ER5,ER5_L,L,cb_intrinsic,519941,EPG,EPG(PB08)_L3,L,cb_intrinsic,2
14464,ER6,ER6_L,L,cb_intrinsic,519941,EPG,EPG(PB08)_L3,L,cb_intrinsic,2
533062,ER3a_a,ER3a_a_L,L,cb_intrinsic,11989,EPG,EPG(PB08)_L5,L,cb_intrinsic,2
524068,ER3d_b,ER3d_b_L,L,cb_intrinsic,11989,EPG,EPG(PB08)_L5,L,cb_intrinsic,2
517603,ER3d_d,ER3d_d_R,R,cb_intrinsic,11989,EPG,EPG(PB08)_L5,L,cb_intrinsic,2
512319,ER6,ER6_L,L,cb_intrinsic,11989,EPG,EPG(PB08)_L5,L,cb_intrinsic,2
51382,ER3d_b,ER3d_b_L,L,cb_intrinsic,11989,EPG,EPG(PB08)_L5,L,cb_intrinsic,2
47186,ER3m,ER3m_R,R,cb_intrinsic,11989,EPG,EPG(PB08)_L5,L,cb_intrinsic,2
31121,ER3a_c,ER3a_c_L,L,cb_intrinsic,11989,EPG,EPG(PB08)_L5,L,cb_intrinsic,2
30674,ER3d_b,ER3d_b_R,R,cb_intrinsic,11989,EPG,EPG(PB08)_L5,L,cb_intrinsic,2
28627,ER3m,ER3m_L,L,cb_intrinsic,11989,EPG,EPG(PB08)_L5,L,cb_intrinsic,2
27246,ER3d_d,ER3d_d_R,R,cb_intrinsic,11989,EPG,EPG(PB08)_L5,L,cb_intrinsic,2
27013,ER3m,ER3m_L,L,cb_intrinsic,11989,EPG,EPG(PB08)_L5,L,cb_intrinsic,2
22001,ER5,ER5_L,L,cb_intrinsic,11989,EPG,EPG(PB08)_L5,L,cb_intrinsic,2
18633,ER5,ER5_L,L,cb_intrinsic,11989,EPG,EPG(PB08)_L5,L,cb_intrinsic,2
17561,ER3m,ER3m_R,R,cb_intrinsic,11989,EPG,EPG(PB08)_L5,L,cb_intrinsic,2
17171,ER5,ER5_R,R,cb_intrinsic,11989,EPG,EPG(PB08)_L5,L,cb_intrinsic,2
530339,ER3d_d,ER3d_d_L,L,cb_intrinsic,107195,EPG,EPG(PB08)_L5,L,cb_intrinsic,2
529330,ER3d_b,ER3d_b_L,L,cb_intrinsic,107195,EPG,EPG(PB08)_L5,L,cb_intrinsic,2
72491,ER1_c,ER1_c_R,R,cb_intrinsic,107195,EPG,EPG(PB08)_L5,L,cb_intrinsic,2
51382,ER3d_b,ER3d_b_L,L,cb_intrinsic,107195,EPG,EPG(PB08)_L5,L,cb_intrinsic,2
49378,ER3d_c,ER3d_c_R,R,cb_intrinsic,107195,EPG,EPG(PB08)_L5,L,cb_intrinsic,2
48956,ER3d_b,ER3d_b_R,R,cb_intrinsic,107195,EPG,EPG(PB08)_L5,L,cb_intrinsic,2
45839,ER3d_b,ER3d_b_L,L,cb_intrinsic,107195,EPG,EPG(PB08)_L5,L,cb_intrinsic,2
43039,ER3d_d,ER3d_d_L,L,cb_intrinsic,107195,EPG,EPG(PB08)_L5,L,cb_intrinsic,2
42264,ER3d_e,ER3d_e_R,R,cb_intrinsic,107195,EPG,EPG(PB08)_L5,L,cb_intrinsic,2
39798,ER5,ER5_L,L,cb_intrinsic,107195,EPG,EPG(PB08)_L5,L,cb_intrinsic,2
33589,ER3d_b,ER3d_b_L,L,cb_intrinsic,107195,EPG,EPG(PB08)_L5,L,cb_intrinsic,2
31263,ER3d_b,ER3d_b_R,R,cb_intrinsic,107195,EPG,EPG(PB08)_L5,L,cb_intrinsic,2
30443,ER3a_c,ER3a_c_R,R,cb_intrinsic,107195,EPG,EPG(PB08)_L5,L,cb_intrinsic,2
29791,ER3d_b,ER3d_b_L,L,cb_intrinsic,107195,EPG,EPG(PB08)_L5,L,cb_intrinsic,2
27246,ER3d_d,ER3d_d_R,R,cb_intrinsic,107195,EPG,EPG(PB08)_L5,L,cb_intrinsic,2
26841,ER3a_a,ER3a_a_L,L,cb_intrinsic,107195,EPG,EPG(PB08)_L5,L,cb_intrinsic,2
23315,ER4d,ER4d_L,L,cb_intrinsic,107195,EPG,EPG(PB08)_L5,L,cb_intrinsic,2
20514,ER3d_d,ER3d_d_L,L,cb_intrinsic,107195,EPG,EPG(PB08)_L5,L,cb_intrinsic,2
20026,ER5,ER5_L,L,cb_intrinsic,107195,EPG,EPG(PB08)_L5,L,cb_intrinsic,2
14963,ER5,ER5_L,L,cb_intrinsic,107195,EPG,EPG(PB08)_L5,L,cb_intrinsic,2
14284,ER5,ER5_R,R,cb_intrinsic,107195,EPG,EPG(PB08)_L5,L,cb_intrinsic,2
12059,ER5,ER5_R,R,cb_intrinsic,107195,EPG,EPG(PB08)_L5,L,cb_intrinsic,2
533062,ER3a_a,ER3a_a_L,L,cb_intrinsic,519328,EPG,EPG(PB08)_L3,L,cb_intrinsic,2
524068,ER3d_b,ER3d_b_L,L,cb_intrinsic,519328,EPG,EPG(PB08)_L3,L,cb_intrinsic,2
72824,ER3a_a,ER3a_a_R,R,cb_intrinsic,519328,EPG,EPG(PB08)_L3,L,cb_intrinsic,2
44127,ER3d_d,ER3d_d_R,R,cb_intrinsic,519328,EPG,EPG(PB08)_L3,L,cb_intrinsic,2
41665,ER3a_c,ER3a_c_L,L,cb_intrinsic,519328,EPG,EPG(PB08)_L3,L,cb_intrinsic,2
34038,ER3d_b,ER3d_b_L,L,cb_intrinsic,519328,EPG,EPG(PB08)_L3,L,cb_intrinsic,2
30674,ER3d_b,ER3d_b_R,R,cb_intrinsic,519328,EPG,EPG(PB08)_L3,L,cb_intrinsic,2
30206,ER5,ER5_R,R,cb_intrinsic,519328,EPG,EPG(PB08)_L3,L,cb_intrinsic,2
30178,ER3d_b,ER3d_b_R,R,cb_intrinsic,519328,EPG,EPG(PB08)_L3,L,cb_intrinsic,2
29842,ER3m,ER3m_R,R,cb_intrinsic,519328,EPG,EPG(PB08)_L3,L,cb_intrinsic,2
29177,ER3d_b,ER3d_b_R,R,cb_intrinsic,519328,EPG,EPG(PB08)_L3,L,cb_intrinsic,2
28430,ER3m,ER3m_L,L,cb_intrinsic,519328,EPG,EPG(PB08)_L3,L,cb_intrinsic,2
27903,ER3d_d,ER3d_d_L,L,cb_intrinsic,519328,EPG,EPG(PB08)_L3,L,cb_intrinsic,2
26841,ER3a_a,ER3a_a_L,L,cb_intrinsic,519328,EPG,EPG(PB08)_L3,L,cb_intrinsic,2
20026,ER5,ER5_L,L,cb_intrinsic,519328,EPG,EPG(PB08)_L3,L,cb_intrinsic,2
17171,ER5,ER5_R,R,cb_intrinsic,519328,EPG,EPG(PB08)_L3,L,cb_intrinsic,2
17078,ER5,ER5_R,R,cb_intrinsic,519328,EPG,EPG(PB08)_L3,L,cb_intrinsic,2
14464,ER6,ER6_L,L,cb_intrinsic,519328,EPG,EPG(PB08)_L3,L,cb_intrinsic,2
527150,ER3d_a,ER3d_a_L,L,cb_intrinsic,512928,EPG,EPG(PB08)_R3,R,cb_intrinsic,2
516944,ER5,ER5_L,L,cb_intrinsic,512928,EPG,EPG(PB08)_R3,R,cb_intrinsic,2
513379,ER5,ER5_R,R,cb_intrinsic,512928,EPG,EPG(PB08)_R3,R,cb_intrinsic,2
72824,ER3a_a,ER3a_a_R,R,cb_intrinsic,512928,EPG,EPG(PB08)_R3,R,cb_intrinsic,2
43039,ER3d_d,ER3d_d_L,L,cb_intrinsic,512928,EPG,EPG(PB08)_R3,R,cb_intrinsic,2
42264,ER3d_e,ER3d_e_R,R,cb_intrinsic,512928,EPG,EPG(PB08)_R3,R,cb_intrinsic,2
41908,ER3a_a,ER3a_a_L,L,cb_intrinsic,512928,EPG,EPG(PB08)_R3,R,cb_intrinsic,2
40558,ER3d_b,ER3d_b_L,L,cb_intrinsic,512928,EPG,EPG(PB08)_R3,R,cb_intrinsic,2
34239,ER3a_a,ER3a_a_R,R,cb_intrinsic,512928,EPG,EPG(PB08)_R3,R,cb_intrinsic,2
17171,ER5,ER5_R,R,cb_intrinsic,512928,EPG,EPG(PB08)_R3,R,cb_intrinsic,2
17078,ER5,ER5_R,R,cb_intrinsic,512928,EPG,EPG(PB08)_R3,R,cb_intrinsic,2
532637,ER3m,ER3m_R,R,cb_intrinsic,14507,EPG,EPG(PB08)_R7,R,cb_intrinsic,2
71503,ER1_c,ER1_c_R,R,cb_intrinsic,14507,EPG,EPG(PB08)_R7,R,cb_intrinsic,2
54912,ER3d_b,ER3d_b_L,L,cb_intrinsic,14507,EPG,EPG(PB08)_R7,R,cb_intrinsic,2
47186,ER3m,ER3m_R,R,cb_intrinsic,14507,EPG,EPG(PB08)_R7,R,cb_intrinsic,2
45839,ER3d_b,ER3d_b_L,L,cb_intrinsic,14507,EPG,EPG(PB08)_R7,R,cb_intrinsic,2
44830,ER3d_e,ER3d_e_R,R,cb_intrinsic,14507,EPG,EPG(PB08)_R7,R,cb_intrinsic,2
44422,ER3m,ER3m_L,L,cb_intrinsic,14507,EPG,EPG(PB08)_R7,R,cb_intrinsic,2
44127,ER3d_d,ER3d_d_R,R,cb_intrinsic,14507,EPG,EPG(PB08)_R7,R,cb_intrinsic,2
39503,ER3p_a,ER3p_a_L,L,cb_intrinsic,14507,EPG,EPG(PB08)_R7,R,cb_intrinsic,2
37817,ER3d_e,ER3d_e_R,R,cb_intrinsic,14507,EPG,EPG(PB08)_R7,R,cb_intrinsic,2
34607,ER4d,ER4d_L,L,cb_intrinsic,14507,EPG,EPG(PB08)_R7,R,cb_intrinsic,2
30674,ER3d_b,ER3d_b_R,R,cb_intrinsic,14507,EPG,EPG(PB08)_R7,R,cb_intrinsic,2
29046,ER3d_b,ER3d_b_R,R,cb_intrinsic,14507,EPG,EPG(PB08)_R7,R,cb_intrinsic,2
28627,ER3m,ER3m_L,L,cb_intrinsic,14507,EPG,EPG(PB08)_R7,R,cb_intrinsic,2
26295,ER3m,ER3m_R,R,cb_intrinsic,14507,EPG,EPG(PB08)_R7,R,cb_intrinsic,2
24122,ER4d,ER4d_R,R,cb_intrinsic,14507,EPG,EPG(PB08)_R7,R,cb_intrinsic,2
23315,ER4d,ER4d_L,L,cb_intrinsic,14507,EPG,EPG(PB08)_R7,R,cb_intrinsic,2
19737,ER4d,ER4d_R,R,cb_intrinsic,14507,EPG,EPG(PB08)_R7,R,cb_intrinsic,2
19323,ER4d,ER4d_R,R,cb_intrinsic,14507,EPG,EPG(PB08)_R7,R,cb_intrinsic,2
533062,ER3a_a,ER3a_a_L,L,cb_intrinsic,524073,EPG,EPG(PB08)_L2,L,cb_intrinsic,2
524068,ER3d_b,ER3d_b_L,L,cb_intrinsic,524073,EPG,EPG(PB08)_L2,L,cb_intrinsic,2
512319,ER6,ER6_L,L,cb_intrinsic,524073,EPG,EPG(PB08)_L2,L,cb_intrinsic,2
51382,ER3d_b,ER3d_b_L,L,cb_intrinsic,524073,EPG,EPG(PB08)_L2,L,cb_intrinsic,2
47464,ER3d_d,ER3d_d_R,R,cb_intrinsic,524073,EPG,EPG(PB08)_L2,L,cb_intrinsic,2
43039,ER3d_d,ER3d_d_L,L,cb_intrinsic,524073,EPG,EPG(PB08)_L2,L,cb_intrinsic,2
40558,ER3d_b,ER3d_b_L,L,cb_intrinsic,524073,EPG,EPG(PB08)_L2,L,cb_intrinsic,2
34737,ER3a_b,ER3a_b_R,R,cb_intrinsic,524073,EPG,EPG(PB08)_L2,L,cb_intrinsic,2
30674,ER3d_b,ER3d_b_R,R,cb_intrinsic,524073,EPG,EPG(PB08)_L2,L,cb_intrinsic,2
27454,ER3d_c,ER3d_c_R,R,cb_intrinsic,524073,EPG,EPG(PB08)_L2,L,cb_intrinsic,2
27013,ER3m,ER3m_L,L,cb_intrinsic,524073,EPG,EPG(PB08)_L2,L,cb_intrinsic,2
26841,ER3a_a,ER3a_a_L,L,cb_intrinsic,524073,EPG,EPG(PB08)_L2,L,cb_intrinsic,2
14963,ER5,ER5_L,L,cb_intrinsic,524073,EPG,EPG(PB08)_L2,L,cb_intrinsic,2
67174,ER1_a,ER1_a_R,R,cb_intrinsic,519144,EPG,EPG(PB08)_L8,L,cb_intrinsic,2
48956,ER3d_b,ER3d_b_R,R,cb_intrinsic,519144,EPG,EPG(PB08)_L8,L,cb_intrinsic,2
48318,ER3d_c,ER3d_c_L,L,cb_intrinsic,519144,EPG,EPG(PB08)_L8,L,cb_intrinsic,2
47186,ER3m,ER3m_R,R,cb_intrinsic,519144,EPG,EPG(PB08)_L8,L,cb_intrinsic,2
44422,ER3m,ER3m_L,L,cb_intrinsic,519144,EPG,EPG(PB08)_L8,L,cb_intrinsic,2
41665,ER3a_c,ER3a_c_L,L,cb_intrinsic,519144,EPG,EPG(PB08)_L8,L,cb_intrinsic,2
40558,ER3d_b,ER3d_b_L,L,cb_intrinsic,519144,EPG,EPG(PB08)_L8,L,cb_intrinsic,2
37817,ER3d_e,ER3d_e_R,R,cb_intrinsic,519144,EPG,EPG(PB08)_L8,L,cb_intrinsic,2
37437,ER3d_e,ER3d_e_L,L,cb_intrinsic,519144,EPG,EPG(PB08)_L8,L,cb_intrinsic,2
31541,ER3d_d,ER3d_d_R,R,cb_intrinsic,519144,EPG,EPG(PB08)_L8,L,cb_intrinsic,2
30674,ER3d_b,ER3d_b_R,R,cb_intrinsic,519144,EPG,EPG(PB08)_L8,L,cb_intrinsic,2
30178,ER3d_b,ER3d_b_R,R,cb_intrinsic,519144,EPG,EPG(PB08)_L8,L,cb_intrinsic,2
29791,ER3d_b,ER3d_b_L,L,cb_intrinsic,519144,EPG,EPG(PB08)_L8,L,cb_intrinsic,2
27903,ER3d_d,ER3d_d_L,L,cb_intrinsic,519144,EPG,EPG(PB08)_L8,L,cb_intrinsic,2
27454,ER3d_c,ER3d_c_R,R,cb_intrinsic,519144,EPG,EPG(PB08)_L8,L,cb_intrinsic,2
27246,ER3d_d,ER3d_d_R,R,cb_intrinsic,519144,EPG,EPG(PB08)_L8,L,cb_intrinsic,2
27013,ER3m,ER3m_L,L,cb_intrinsic,519144,EPG,EPG(PB08)_L8,L,cb_intrinsic,2
22001,ER5,ER5_L,L,cb_intrinsic,519144,EPG,EPG(PB08)_L8,L,cb_intrinsic,2
19169,ER3m,ER3m_L,L,cb_intrinsic,519144,EPG,EPG(PB08)_L8,L,cb_intrinsic,2
18633,ER5,ER5_L,L,cb_intrinsic,519144,EPG,EPG(PB08)_L8,L,cb_intrinsic,2
17561,ER3m,ER3m_R,R,cb_intrinsic,519144,EPG,EPG(PB08)_L8,L,cb_intrinsic,2
522759,ER3d_d,ER3d_d_L,L,cb_intrinsic,512305,EPG,EPG(PB08)_R8,R,cb_intrinsic,2
49378,ER3d_c,ER3d_c_R,R,cb_intrinsic,512305,EPG,EPG(PB08)_R8,R,cb_intrinsic,2
47859,ER3d_c,ER3d_c_R,R,cb_intrinsic,512305,EPG,EPG(PB08)_R8,R,cb_intrinsic,2
44830,ER3d_e,ER3d_e_R,R,cb_intrinsic,512305,EPG,EPG(PB08)_R8,R,cb_intrinsic,2
43039,ER3d_d,ER3d_d_L,L,cb_intrinsic,512305,EPG,EPG(PB08)_R8,R,cb_intrinsic,2
42264,ER3d_e,ER3d_e_R,R,cb_intrinsic,512305,EPG,EPG(PB08)_R8,R,cb_intrinsic,2
41665,ER3a_c,ER3a_c_L,L,cb_intrinsic,512305,EPG,EPG(PB08)_R8,R,cb_intrinsic,2
37758,ER3d_a,ER3d_a_R,R,cb_intrinsic,512305,EPG,EPG(PB08)_R8,R,cb_intrinsic,2
35641,ER3d_c,ER3d_c_L,L,cb_intrinsic,512305,EPG,EPG(PB08)_R8,R,cb_intrinsic,2
31541,ER3d_d,ER3d_d_R,R,cb_intrinsic,512305,EPG,EPG(PB08)_R8,R,cb_intrinsic,2
30674,ER3d_b,ER3d_b_R,R,cb_intrinsic,512305,EPG,EPG(PB08)_R8,R,cb_intrinsic,2
29177,ER3d_b,ER3d_b_R,R,cb_intrinsic,512305,EPG,EPG(PB08)_R8,R,cb_intrinsic,2
27454,ER3d_c,ER3d_c_R,R,cb_intrinsic,512305,EPG,EPG(PB08)_R8,R,cb_intrinsic,2
27269,ER3d_c,ER3d_c_L,L,cb_intrinsic,512305,EPG,EPG(PB08)_R8,R,cb_intrinsic,2
27052,ER3d_d,ER3d_d_R,R,cb_intrinsic,512305,EPG,EPG(PB08)_R8,R,cb_intrinsic,2
17419,ER6,ER6_R,R,cb_intrinsic,512305,EPG,EPG(PB08)_R8,R,cb_intrinsic,2
14963,ER5,ER5_L,L,cb_intrinsic,512305,EPG,EPG(PB08)_R8,R,cb_intrinsic,2
11605,ER5,ER5_R,R,cb_intrinsic,512305,EPG,EPG(PB08)_R8,R,cb_intrinsic,2
521528,ER5,ER5_L,L,cb_intrinsic,513464,EPG,EPG(PB08)_R8,R,cb_intrinsic,2
54597,ER1_a,ER1_a_L,L,cb_intrinsic,513464,EPG,EPG(PB08)_R8,R,cb_intrinsic,2
44127,ER3d_d,ER3d_d_R,R,cb_intrinsic,513464,EPG,EPG(PB08)_R8,R,cb_intrinsic,2
40558,ER3d_b,ER3d_b_L,L,cb_intrinsic,513464,EPG,EPG(PB08)_R8,R,cb_intrinsic,2
36730,ER1_b,ER1_b_L,L,cb_intrinsic,513464,EPG,EPG(PB08)_R8,R,cb_intrinsic,2
34038,ER3d_b,ER3d_b_L,L,cb_intrinsic,513464,EPG,EPG(PB08)_R8,R,cb_intrinsic,2
31121,ER3a_c,ER3a_c_L,L,cb_intrinsic,513464,EPG,EPG(PB08)_R8,R,cb_intrinsic,2
31051,ER3m,ER3m_R,R,cb_intrinsic,513464,EPG,EPG(PB08)_R8,R,cb_intrinsic,2
29177,ER3d_b,ER3d_b_R,R,cb_intrinsic,513464,EPG,EPG(PB08)_R8,R,cb_intrinsic,2
27348,ER3m,ER3m_L,L,cb_intrinsic,513464,EPG,EPG(PB08)_R8,R,cb_intrinsic,2
27052,ER3d_d,ER3d_d_R,R,cb_intrinsic,513464,EPG,EPG(PB08)_R8,R,cb_intrinsic,2
18633,ER5,ER5_L,L,cb_intrinsic,513464,EPG,EPG(PB08)_R8,R,cb_intrinsic,2
17078,ER5,ER5_R,R,cb_intrinsic,513464,EPG,EPG(PB08)_R8,R,cb_intrinsic,2
530339,ER3d_d,ER3d_d_L,L,cb_intrinsic,19825,EPG,EPG(PB08)_R6,R,cb_intrinsic,2
527199,ER3d_e,ER3d_e_L,L,cb_intrinsic,19825,EPG,EPG(PB08)_R6,R,cb_intrinsic,2
522759,ER3d_d,ER3d_d_L,L,cb_intrinsic,19825,EPG,EPG(PB08)_R6,R,cb_intrinsic,2
521528,ER5,ER5_L,L,cb_intrinsic,19825,EPG,EPG(PB08)_R6,R,cb_intrinsic,2
54912,ER3d_b,ER3d_b_L,L,cb_intrinsic,19825,EPG,EPG(PB08)_R6,R,cb_intrinsic,2
49378,ER3d_c,ER3d_c_R,R,cb_intrinsic,19825,EPG,EPG(PB08)_R6,R,cb_intrinsic,2
47464,ER3d_d,ER3d_d_R,R,cb_intrinsic,19825,EPG,EPG(PB08)_R6,R,cb_intrinsic,2
44422,ER3m,ER3m_L,L,cb_intrinsic,19825,EPG,EPG(PB08)_R6,R,cb_intrinsic,2
39798,ER5,ER5_L,L,cb_intrinsic,19825,EPG,EPG(PB08)_R6,R,cb_intrinsic,2
31684,ER3d_a,ER3d_a_R,R,cb_intrinsic,19825,EPG,EPG(PB08)_R6,R,cb_intrinsic,2
31263,ER3d_b,ER3d_b_R,R,cb_intrinsic,19825,EPG,EPG(PB08)_R6,R,cb_intrinsic,2
31121,ER3a_c,ER3a_c_L,L,cb_intrinsic,19825,EPG,EPG(PB08)_R6,R,cb_intrinsic,2
30674,ER3d_b,ER3d_b_R,R,cb_intrinsic,19825,EPG,EPG(PB08)_R6,R,cb_intrinsic,2
30592,ER3d_b,ER3d_b_R,R,cb_intrinsic,19825,EPG,EPG(PB08)_R6,R,cb_intrinsic,2
29046,ER3d_b,ER3d_b_R,R,cb_intrinsic,19825,EPG,EPG(PB08)_R6,R,cb_intrinsic,2
28627,ER3m,ER3m_L,L,cb_intrinsic,19825,EPG,EPG(PB08)_R6,R,cb_intrinsic,2
26295,ER3m,ER3m_R,R,cb_intrinsic,19825,EPG,EPG(PB08)_R6,R,cb_intrinsic,2
25329,ER3d_c,ER3d_c_L,L,cb_intrinsic,19825,EPG,EPG(PB08)_R6,R,cb_intrinsic,2
20514,ER3d_d,ER3d_d_L,L,cb_intrinsic,19825,EPG,EPG(PB08)_R6,R,cb_intrinsic,2
524068,ER3d_b,ER3d_b_L,L,cb_intrinsic,11307,EPG,EPG(PB08)_L4,L,cb_intrinsic,2
521534,ER5,ER5_L,L,cb_intrinsic,11307,EPG,EPG(PB08)_L4,L,cb_intrinsic,2
516944,ER5,ER5_L,L,cb_intrinsic,11307,EPG,EPG(PB08)_L4,L,cb_intrinsic,2
513379,ER5,ER5_R,R,cb_intrinsic,11307,EPG,EPG(PB08)_L4,L,cb_intrinsic,2
512608,ER3d_b,ER3d_b_R,R,cb_intrinsic,11307,EPG,EPG(PB08)_L4,L,cb_intrinsic,2
51382,ER3d_b,ER3d_b_L,L,cb_intrinsic,11307,EPG,EPG(PB08)_L4,L,cb_intrinsic,2
49378,ER3d_c,ER3d_c_R,R,cb_intrinsic,11307,EPG,EPG(PB08)_L4,L,cb_intrinsic,2
44909,ER5,ER5_L,L,cb_intrinsic,11307,EPG,EPG(PB08)_L4,L,cb_intrinsic,2
41665,ER3a_c,ER3a_c_L,L,cb_intrinsic,11307,EPG,EPG(PB08)_L4,L,cb_intrinsic,2
34038,ER3d_b,ER3d_b_L,L,cb_intrinsic,11307,EPG,EPG(PB08)_L4,L,cb_intrinsic,2
30674,ER3d_b,ER3d_b_R,R,cb_intrinsic,11307,EPG,EPG(PB08)_L4,L,cb_intrinsic,2
30206,ER5,ER5_R,R,cb_intrinsic,11307,EPG,EPG(PB08)_L4,L,cb_intrinsic,2
30178,ER3d_b,ER3d_b_R,R,cb_intrinsic,11307,EPG,EPG(PB08)_L4,L,cb_intrinsic,2
29046,ER3d_b,ER3d_b_R,R,cb_intrinsic,11307,EPG,EPG(PB08)_L4,L,cb_intrinsic,2
27269,ER3d_c,ER3d_c_L,L,cb_intrinsic,11307,EPG,EPG(PB08)_L4,L,cb_intrinsic,2
25797,ER4d,ER4d_L,L,cb_intrinsic,11307,EPG,EPG(PB08)_L4,L,cb_intrinsic,2
25494,ER3d_e,ER3d_e_L,L,cb_intrinsic,11307,EPG,EPG(PB08)_L4,L,cb_intrinsic,2
21664,ER3d_e,ER3d_e_R,R,cb_intrinsic,11307,EPG,EPG(PB08)_L4,L,cb_intrinsic,2
12059,ER5,ER5_R,R,cb_intrinsic,11307,EPG,EPG(PB08)_L4,L,cb_intrinsic,2
527297,ER5,ER5_R,R,cb_intrinsic,11503,EPG,EPG(PB08)_R8,R,cb_intrinsic,2
522759,ER3d_d,ER3d_d_L,L,cb_intrinsic,11503,EPG,EPG(PB08)_R8,R,cb_intrinsic,2
516944,ER5,ER5_L,L,cb_intrinsic,11503,EPG,EPG(PB08)_R8,R,cb_intrinsic,2
59230,ER3m,ER3m_R,R,cb_intrinsic,11503,EPG,EPG(PB08)_R8,R,cb_intrinsic,2
52832,ER3m,ER3m_R,R,cb_intrinsic,11503,EPG,EPG(PB08)_R8,R,cb_intrinsic,2
51382,ER3d_b,ER3d_b_L,L,cb_intrinsic,11503,EPG,EPG(PB08)_R8,R,cb_intrinsic,2
47186,ER3m,ER3m_R,R,cb_intrinsic,11503,EPG,EPG(PB08)_R8,R,cb_intrinsic,2
33589,ER3d_b,ER3d_b_L,L,cb_intrinsic,11503,EPG,EPG(PB08)_R8,R,cb_intrinsic,2
29791,ER3d_b,ER3d_b_L,L,cb_intrinsic,11503,EPG,EPG(PB08)_R8,R,cb_intrinsic,2
27454,ER3d_c,ER3d_c_R,R,cb_intrinsic,11503,EPG,EPG(PB08)_R8,R,cb_intrinsic,2
27013,ER3m,ER3m_L,L,cb_intrinsic,11503,EPG,EPG(PB08)_R8,R,cb_intrinsic,2
25494,ER3d_e,ER3d_e_L,L,cb_intrinsic,11503,EPG,EPG(PB08)_R8,R,cb_intrinsic,2
22001,ER5,ER5_L,L,cb_intrinsic,11503,EPG,EPG(PB08)_R8,R,cb_intrinsic,2
14963,ER5,ER5_L,L,cb_intrinsic,11503,EPG,EPG(PB08)_R8,R,cb_intrinsic,2
511777,ER3a_b,ER3a_b_L,L,cb_intrinsic,84758,EPG,EPG(PB08)_L7,L,cb_intrinsic,2
72824,ER3a_a,ER3a_a_R,R,cb_intrinsic,84758,EPG,EPG(PB08)_L7,L,cb_intrinsic,2
44814,ER3m,ER3m_L,L,cb_intrinsic,84758,EPG,EPG(PB08)_L7,L,cb_intrinsic,2
31541,ER3d_d,ER3d_d_R,R,cb_intrinsic,84758,EPG,EPG(PB08)_L7,L,cb_intrinsic,2
29046,ER3d_b,ER3d_b_R,R,cb_intrinsic,84758,EPG,EPG(PB08)_L7,L,cb_intrinsic,2
28430,ER3m,ER3m_L,L,cb_intrinsic,84758,EPG,EPG(PB08)_L7,L,cb_intrinsic,2
27454,ER3d_c,ER3d_c_R,R,cb_intrinsic,84758,EPG,EPG(PB08)_L7,L,cb_intrinsic,2
23520,ER4d,ER4d_L,L,cb_intrinsic,84758,EPG,EPG(PB08)_L7,L,cb_intrinsic,2
47464,ER3d_d,ER3d_d_R,R,cb_intrinsic,520812,EPG,EPG(PB08)_R8,R,cb_intrinsic,2
40558,ER3d_b,ER3d_b_L,L,cb_intrinsic,520812,EPG,EPG(PB08)_R8,R,cb_intrinsic,2
35641,ER3d_c,ER3d_c_L,L,cb_intrinsic,520812,EPG,EPG(PB08)_R8,R,cb_intrinsic,2
34038,ER3d_b,ER3d_b_L,L,cb_intrinsic,520812,EPG,EPG(PB08)_R8,R,cb_intrinsic,2
30592,ER3d_b,ER3d_b_R,R,cb_intrinsic,520812,EPG,EPG(PB08)_R8,R,cb_intrinsic,2
26939,ER3m,ER3m_R,R,cb_intrinsic,520812,EPG,EPG(PB08)_R8,R,cb_intrinsic,2
20514,ER3d_d,ER3d_d_L,L,cb_intrinsic,520812,EPG,EPG(PB08)_R8,R,cb_intrinsic,2
10043,ER5,ER5_L,L,cb_intrinsic,520812,EPG,EPG(PB08)_R8,R,cb_intrinsic,2
532637,ER3m,ER3m_R,R,cb_intrinsic,513284,EPG,EPG(PB08)_R3,R,cb_intrinsic,2
72824,ER3a_a,ER3a_a_R,R,cb_intrinsic,513284,EPG,EPG(PB08)_R3,R,cb_intrinsic,2
44127,ER3d_d,ER3d_d_R,R,cb_intrinsic,513284,EPG,EPG(PB08)_R3,R,cb_intrinsic,2
43039,ER3d_d,ER3d_d_L,L,cb_intrinsic,513284,EPG,EPG(PB08)_R3,R,cb_intrinsic,2
36327,ER3a_a,ER3a_a_R,R,cb_intrinsic,513284,EPG,EPG(PB08)_R3,R,cb_intrinsic,2
31121,ER3a_c,ER3a_c_L,L,cb_intrinsic,513284,EPG,EPG(PB08)_R3,R,cb_intrinsic,2
30206,ER5,ER5_R,R,cb_intrinsic,513284,EPG,EPG(PB08)_R3,R,cb_intrinsic,2
29711,ER3a_b,ER3a_b_L,L,cb_intrinsic,513284,EPG,EPG(PB08)_R3,R,cb_intrinsic,2
20385,ER3a_a,ER3a_a_L,L,cb_intrinsic,513284,EPG,EPG(PB08)_R3,R,cb_intrinsic,2
17419,ER6,ER6_R,R,cb_intrinsic,513284,EPG,EPG(PB08)_R3,R,cb_intrinsic,2
544496,ER3a_c,ER3a_c_R,R,cb_intrinsic,556346,EPG,EPG(PB08)_L6,L,cb_intrinsic,2
530339,ER3d_d,ER3d_d_L,L,cb_intrinsic,556346,EPG,EPG(PB08)_L6,L,cb_intrinsic,2
524068,ER3d_b,ER3d_b_L,L,cb_intrinsic,556346,EPG,EPG(PB08)_L6,L,cb_intrinsic,2
521528,ER5,ER5_L,L,cb_intrinsic,556346,EPG,EPG(PB08)_L6,L,cb_intrinsic,2
516944,ER5,ER5_L,L,cb_intrinsic,556346,EPG,EPG(PB08)_L6,L,cb_intrinsic,2
47464,ER3d_d,ER3d_d_R,R,cb_intrinsic,556346,EPG,EPG(PB08)_L6,L,cb_intrinsic,2
47186,ER3m,ER3m_R,R,cb_intrinsic,556346,EPG,EPG(PB08)_L6,L,cb_intrinsic,2
41665,ER3a_c,ER3a_c_L,L,cb_intrinsic,556346,EPG,EPG(PB08)_L6,L,cb_intrinsic,2
37758,ER3d_a,ER3d_a_R,R,cb_intrinsic,556346,EPG,EPG(PB08)_L6,L,cb_intrinsic,2
31541,ER3d_d,ER3d_d_R,R,cb_intrinsic,556346,EPG,EPG(PB08)_L6,L,cb_intrinsic,2
31263,ER3d_b,ER3d_b_R,R,cb_intrinsic,556346,EPG,EPG(PB08)_L6,L,cb_intrinsic,2
31051,ER3m,ER3m_R,R,cb_intrinsic,556346,EPG,EPG(PB08)_L6,L,cb_intrinsic,2
30206,ER5,ER5_R,R,cb_intrinsic,556346,EPG,EPG(PB08)_L6,L,cb_intrinsic,2
28627,ER3m,ER3m_L,L,cb_intrinsic,556346,EPG,EPG(PB08)_L6,L,cb_intrinsic,2
28430,ER3m,ER3m_L,L,cb_intrinsic,556346,EPG,EPG(PB08)_L6,L,cb_intrinsic,2
27052,ER3d_d,ER3d_d_R,R,cb_intrinsic,556346,EPG,EPG(PB08)_L6,L,cb_intrinsic,2
25329,ER3d_c,ER3d_c_L,L,cb_intrinsic,556346,EPG,EPG(PB08)_L6,L,cb_intrinsic,2
13094,ER4d,ER4d_R,R,cb_intrinsic,556346,EPG,EPG(PB08)_L6,L,cb_intrinsic,2
521535,ER5,ER5_L,L,cb_intrinsic,523786,EPG,EPG(PB08)_R4,R,cb_intrinsic,2
80867,ER1_a,ER1_a_R,R,cb_intrinsic,523786,EPG,EPG(PB08)_R4,R,cb_intrinsic,2
51382,ER3d_b,ER3d_b_L,L,cb_intrinsic,523786,EPG,EPG(PB08)_R4,R,cb_intrinsic,2
44422,ER3m,ER3m_L,L,cb_intrinsic,523786,EPG,EPG(PB08)_R4,R,cb_intrinsic,2
44127,ER3d_d,ER3d_d_R,R,cb_intrinsic,523786,EPG,EPG(PB08)_R4,R,cb_intrinsic,2
43212,ER3d_a,ER3d_a_L,L,cb_intrinsic,523786,EPG,EPG(PB08)_R4,R,cb_intrinsic,2
39095,ER1_a,ER1_a_L,L,cb_intrinsic,523786,EPG,EPG(PB08)_R4,R,cb_intrinsic,2
37758,ER3d_a,ER3d_a_R,R,cb_intrinsic,523786,EPG,EPG(PB08)_R4,R,cb_intrinsic,2
33589,ER3d_b,ER3d_b_L,L,cb_intrinsic,523786,EPG,EPG(PB08)_R4,R,cb_intrinsic,2
31735,ER1_a,ER1_a_L,L,cb_intrinsic,523786,EPG,EPG(PB08)_R4,R,cb_intrinsic,2
31684,ER3d_a,ER3d_a_R,R,cb_intrinsic,523786,EPG,EPG(PB08)_R4,R,cb_intrinsic,2
31263,ER3d_b,ER3d_b_R,R,cb_intrinsic,523786,EPG,EPG(PB08)_R4,R,cb_intrinsic,2
29842,ER3m,ER3m_R,R,cb_intrinsic,523786,EPG,EPG(PB08)_R4,R,cb_intrinsic,2
29177,ER3d_b,ER3d_b_R,R,cb_intrinsic,523786,EPG,EPG(PB08)_R4,R,cb_intrinsic,2
29046,ER3d_b,ER3d_b_R,R,cb_intrinsic,523786,EPG,EPG(PB08)_R4,R,cb_intrinsic,2
28430,ER3m,ER3m_L,L,cb_intrinsic,523786,EPG,EPG(PB08)_R4,R,cb_intrinsic,2
27246,ER3d_d,ER3d_d_R,R,cb_intrinsic,523786,EPG,EPG(PB08)_R4,R,cb_intrinsic,2
27043,ER3w_c,ER3w_c_R,R,cb_intrinsic,523786,EPG,EPG(PB08)_R4,R,cb_intrinsic,2
26843,ER3w_b,ER3w_b_R,R,cb_intrinsic,523786,EPG,EPG(PB08)_R4,R,cb_intrinsic,2
20514,ER3d_d,ER3d_d_L,L,cb_intrinsic,523786,EPG,EPG(PB08)_R4,R,cb_intrinsic,2
19072,ER5,ER5_R,R,cb_intrinsic,523786,EPG,EPG(PB08)_R4,R,cb_intrinsic,2
544496,ER3a_c,ER3a_c_R,R,cb_intrinsic,11987,EPG,EPG(PB08)_R5,R,cb_intrinsic,2
529847,ER3m,ER3m_L,L,cb_intrinsic,11987,EPG,EPG(PB08)_R5,R,cb_intrinsic,2
512608,ER3d_b,ER3d_b_R,R,cb_intrinsic,11987,EPG,EPG(PB08)_R5,R,cb_intrinsic,2
72824,ER3a_a,ER3a_a_R,R,cb_intrinsic,11987,EPG,EPG(PB08)_R5,R,cb_intrinsic,2
36235,ER1_c,ER1_c_L,L,cb_intrinsic,11987,EPG,EPG(PB08)_R5,R,cb_intrinsic,2
31263,ER3d_b,ER3d_b_R,R,cb_intrinsic,11987,EPG,EPG(PB08)_R5,R,cb_intrinsic,2
30592,ER3d_b,ER3d_b_R,R,cb_intrinsic,11987,EPG,EPG(PB08)_R5,R,cb_intrinsic,2
30522,ER3d_b,ER3d_b_R,R,cb_intrinsic,11987,EPG,EPG(PB08)_R5,R,cb_intrinsic,2
26841,ER3a_a,ER3a_a_L,L,cb_intrinsic,11987,EPG,EPG(PB08)_R5,R,cb_intrinsic,2
19169,ER3m,ER3m_L,L,cb_intrinsic,11987,EPG,EPG(PB08)_R5,R,cb_intrinsic,2
530339,ER3d_d,ER3d_d_L,L,cb_intrinsic,513033,EPG,EPG(PB08)_L8,L,cb_intrinsic,2
529330,ER3d_b,ER3d_b_L,L,cb_intrinsic,513033,EPG,EPG(PB08)_L8,L,cb_intrinsic,2
51382,ER3d_b,ER3d_b_L,L,cb_intrinsic,513033,EPG,EPG(PB08)_L8,L,cb_intrinsic,2
44422,ER3m,ER3m_L,L,cb_intrinsic,513033,EPG,EPG(PB08)_L8,L,cb_intrinsic,2
30443,ER3a_c,ER3a_c_R,R,cb_intrinsic,513033,EPG,EPG(PB08)_L8,L,cb_intrinsic,2
27903,ER3d_d,ER3d_d_L,L,cb_intrinsic,513033,EPG,EPG(PB08)_L8,L,cb_intrinsic,2
27246,ER3d_d,ER3d_d_R,R,cb_intrinsic,513033,EPG,EPG(PB08)_L8,L,cb_intrinsic,2
27052,ER3d_d,ER3d_d_R,R,cb_intrinsic,513033,EPG,EPG(PB08)_L8,L,cb_intrinsic,2
26939,ER3m,ER3m_R,R,cb_intrinsic,513033,EPG,EPG(PB08)_L8,L,cb_intrinsic,2
25329,ER3d_c,ER3d_c_L,L,cb_intrinsic,513033,EPG,EPG(PB08)_L8,L,cb_intrinsic,2
20026,ER5,ER5_L,L,cb_intrinsic,513033,EPG,EPG(PB08)_L8,L,cb_intrinsic,2
17171,ER5,ER5_R,R,cb_intrinsic,513033,EPG,EPG(PB08)_L8,L,cb_intrinsic,2
14284,ER5,ER5_R,R,cb_intrinsic,513033,EPG,EPG(PB08)_L8,L,cb_intrinsic,2
527297,ER5,ER5_R,R,cb_intrinsic,19125,EPG,EPG(PB08)_R5,R,cb_intrinsic,2
69454,ER3a_d,ER3a_d_L,L,cb_intrinsic,19125,EPG,EPG(PB08)_R5,R,cb_intrinsic,2
48956,ER3d_b,ER3d_b_R,R,cb_intrinsic,19125,EPG,EPG(PB08)_R5,R,cb_intrinsic,2
47186,ER3m,ER3m_R,R,cb_intrinsic,19125,EPG,EPG(PB08)_R5,R,cb_intrinsic,2
41665,ER3a_c,ER3a_c_L,L,cb_intrinsic,19125,EPG,EPG(PB08)_R5,R,cb_intrinsic,2
31121,ER3a_c,ER3a_c_L,L,cb_intrinsic,19125,EPG,EPG(PB08)_R5,R,cb_intrinsic,2
29177,ER3d_b,ER3d_b_R,R,cb_intrinsic,19125,EPG,EPG(PB08)_R5,R,cb_intrinsic,2
28430,ER3m,ER3m_L,L,cb_intrinsic,19125,EPG,EPG(PB08)_R5,R,cb_intrinsic,2
27246,ER3d_d,ER3d_d_R,R,cb_intrinsic,19125,EPG,EPG(PB08)_R5,R,cb_intrinsic,2
26939,ER3m,ER3m_R,R,cb_intrinsic,19125,EPG,EPG(PB08)_R5,R,cb_intrinsic,2
22001,ER5,ER5_L,L,cb_intrinsic,19125,EPG,EPG(PB08)_R5,R,cb_intrinsic,2
17171,ER5,ER5_R,R,cb_intrinsic,19125,EPG,EPG(PB08)_R5,R,cb_intrinsic,2
12059,ER5,ER5_R,R,cb_intrinsic,19125,EPG,EPG(PB08)_R5,R,cb_intrinsic,2
522806,ER3d_c,ER3d_c_R,R,cb_intrinsic,131313,EPG,EPG(PB08)_R6,R,cb_intrinsic,2
521534,ER5,ER5_L,L,cb_intrinsic,131313,EPG,EPG(PB08)_R6,R,cb_intrinsic,2
512608,ER3d_b,ER3d_b_R,R,cb_intrinsic,131313,EPG,EPG(PB08)_R6,R,cb_intrinsic,2
63782,ER3d_c,ER3d_c_L,L,cb_intrinsic,131313,EPG,EPG(PB08)_R6,R,cb_intrinsic,2
48318,ER3d_c,ER3d_c_L,L,cb_intrinsic,131313,EPG,EPG(PB08)_R6,R,cb_intrinsic,2
44909,ER5,ER5_L,L,cb_intrinsic,131313,EPG,EPG(PB08)_R6,R,cb_intrinsic,2
44127,ER3d_d,ER3d_d_R,R,cb_intrinsic,131313,EPG,EPG(PB08)_R6,R,cb_intrinsic,2
36730,ER1_b,ER1_b_L,L,cb_intrinsic,131313,EPG,EPG(PB08)_R6,R,cb_intrinsic,2
35641,ER3d_c,ER3d_c_L,L,cb_intrinsic,131313,EPG,EPG(PB08)_R6,R,cb_intrinsic,2
33589,ER3d_b,ER3d_b_L,L,cb_intrinsic,131313,EPG,EPG(PB08)_R6,R,cb_intrinsic,2
31121,ER3a_c,ER3a_c_L,L,cb_intrinsic,131313,EPG,EPG(PB08)_R6,R,cb_intrinsic,2
29791,ER3d_b,ER3d_b_L,L,cb_intrinsic,131313,EPG,EPG(PB08)_R6,R,cb_intrinsic,2
29046,ER3d_b,ER3d_b_R,R,cb_intrinsic,131313,EPG,EPG(PB08)_R6,R,cb_intrinsic,2
27269,ER3d_c,ER3d_c_L,L,cb_intrinsic,131313,EPG,EPG(PB08)_R6,R,cb_intrinsic,2
27013,ER3m,ER3m_L,L,cb_intrinsic,131313,EPG,EPG(PB08)_R6,R,cb_intrinsic,2
26841,ER3a_a,ER3a_a_L,L,cb_intrinsic,131313,EPG,EPG(PB08)_R6,R,cb_intrinsic,2
20026,ER5,ER5_L,L,cb_intrinsic,131313,EPG,EPG(PB08)_R6,R,cb_intrinsic,2
17561,ER3m,ER3m_R,R,cb_intrinsic,131313,EPG,EPG(PB08)_R6,R,cb_intrinsic,2
14963,ER5,ER5_L,L,cb_intrinsic,131313,EPG,EPG(PB08)_R6,R,cb_intrinsic,2
527150,ER3d_a,ER3d_a_L,L,cb_intrinsic,513517,EPG,EPG(PB08)_L4,L,cb_intrinsic,2
522759,ER3d_d,ER3d_d_L,L,cb_intrinsic,513517,EPG,EPG(PB08)_L4,L,cb_intrinsic,2
521534,ER5,ER5_L,L,cb_intrinsic,513517,EPG,EPG(PB08)_L4,L,cb_intrinsic,2
516944,ER5,ER5_L,L,cb_intrinsic,513517,EPG,EPG(PB08)_L4,L,cb_intrinsic,2
72491,ER1_c,ER1_c_R,R,cb_intrinsic,513517,EPG,EPG(PB08)_L4,L,cb_intrinsic,2
59230,ER3m,ER3m_R,R,cb_intrinsic,513517,EPG,EPG(PB08)_L4,L,cb_intrinsic,2
30443,ER3a_c,ER3a_c_R,R,cb_intrinsic,513517,EPG,EPG(PB08)_L4,L,cb_intrinsic,2
29842,ER3m,ER3m_R,R,cb_intrinsic,513517,EPG,EPG(PB08)_L4,L,cb_intrinsic,2
29545,ER3w_b,ER3w_b_R,R,cb_intrinsic,513517,EPG,EPG(PB08)_L4,L,cb_intrinsic,2
25329,ER3d_c,ER3d_c_L,L,cb_intrinsic,513517,EPG,EPG(PB08)_L4,L,cb_intrinsic,2
530339,ER3d_d,ER3d_d_L,L,cb_intrinsic,556347,EPG,EPG(PB08)_R4,R,cb_intrinsic,2
523035,ER3a_a,ER3a_a_R,R,cb_intrinsic,556347,EPG,EPG(PB08)_R4,R,cb_intrinsic,2
521535,ER5,ER5_L,L,cb_intrinsic,556347,EPG,EPG(PB08)_R4,R,cb_intrinsic,2
512608,ER3d_b,ER3d_b_R,R,cb_intrinsic,556347,EPG,EPG(PB08)_R4,R,cb_intrinsic,2
63782,ER3d_c,ER3d_c_L,L,cb_intrinsic,556347,EPG,EPG(PB08)_R4,R,cb_intrinsic,2
44422,ER3m,ER3m_L,L,cb_intrinsic,556347,EPG,EPG(PB08)_R4,R,cb_intrinsic,2
44127,ER3d_d,ER3d_d_R,R,cb_intrinsic,556347,EPG,EPG(PB08)_R4,R,cb_intrinsic,2
30592,ER3d_b,ER3d_b_R,R,cb_intrinsic,556347,EPG,EPG(PB08)_R4,R,cb_intrinsic,2
30522,ER3d_b,ER3d_b_R,R,cb_intrinsic,556347,EPG,EPG(PB08)_R4,R,cb_intrinsic,2
29046,ER3d_b,ER3d_b_R,R,cb_intrinsic,556347,EPG,EPG(PB08)_R4,R,cb_intrinsic,2
28430,ER3m,ER3m_L,L,cb_intrinsic,556347,EPG,EPG(PB08)_R4,R,cb_intrinsic,2
27903,ER3d_d,ER3d_d_L,L,cb_intrinsic,556347,EPG,EPG(PB08)_R4,R,cb_intrinsic,2
20026,ER5,ER5_L,L,cb_intrinsic,556347,EPG,EPG(PB08)_R4,R,cb_intrinsic,2
19072,ER5,ER5_R,R,cb_intrinsic,556347,EPG,EPG(PB08)_R4,R,cb_intrinsic,2
17419,ER6,ER6_R,R,cb_intrinsic,556347,EPG,EPG(PB08)_R4,R,cb_intrinsic,2
17171,ER5,ER5_R,R,cb_intrinsic,556347,EPG,EPG(PB08)_R4,R,cb_intrinsic,2
14963,ER5,ER5_L,L,cb_intrinsic,556347,EPG,EPG(PB08)_R4,R,cb_intrinsic,2
529847,ER3m,ER3m_L,L,cb_intrinsic,521409,EPG,EPG(PB08)_L8,L,cb_intrinsic,2
524068,ER3d_b,ER3d_b_L,L,cb_intrinsic,521409,EPG,EPG(PB08)_L8,L,cb_intrinsic,2
522759,ER3d_d,ER3d_d_L,L,cb_intrinsic,521409,EPG,EPG(PB08)_L8,L,cb_intrinsic,2
48956,ER3d_b,ER3d_b_R,R,cb_intrinsic,521409,EPG,EPG(PB08)_L8,L,cb_intrinsic,2
44909,ER5,ER5_L,L,cb_intrinsic,521409,EPG,EPG(PB08)_L8,L,cb_intrinsic,2
34038,ER3d_b,ER3d_b_L,L,cb_intrinsic,521409,EPG,EPG(PB08)_L8,L,cb_intrinsic,2
31541,ER3d_d,ER3d_d_R,R,cb_intrinsic,521409,EPG,EPG(PB08)_L8,L,cb_intrinsic,2
31263,ER3d_b,ER3d_b_R,R,cb_intrinsic,521409,EPG,EPG(PB08)_L8,L,cb_intrinsic,2
31051,ER3m,ER3m_R,R,cb_intrinsic,521409,EPG,EPG(PB08)_L8,L,cb_intrinsic,2
30674,ER3d_b,ER3d_b_R,R,cb_intrinsic,521409,EPG,EPG(PB08)_L8,L,cb_intrinsic,2
17561,ER3m,ER3m_R,R,cb_intrinsic,521409,EPG,EPG(PB08)_L8,L,cb_intrinsic,2
14464,ER6,ER6_L,L,cb_intrinsic,521409,EPG,EPG(PB08)_L8,L,cb_intrinsic,2
14284,ER5,ER5_R,R,cb_intrinsic,521409,EPG,EPG(PB08)_L8,L,cb_intrinsic,2
10043,ER5,ER5_L,L,cb_intrinsic,521409,EPG,EPG(PB08)_L8,L,cb_intrinsic,2
527297,ER5,ER5_R,R,cb_intrinsic,513463,EPG,EPG(PB08)_R2,R,cb_intrinsic,2
48318,ER3d_c,ER3d_c_L,L,cb_intrinsic,513463,EPG,EPG(PB08)_R2,R,cb_intrinsic,2
34038,ER3d_b,ER3d_b_L,L,cb_intrinsic,513463,EPG,EPG(PB08)_R2,R,cb_intrinsic,2
29842,ER3m,ER3m_R,R,cb_intrinsic,513463,EPG,EPG(PB08)_R2,R,cb_intrinsic,2
28430,ER3m,ER3m_L,L,cb_intrinsic,513463,EPG,EPG(PB08)_R2,R,cb_intrinsic,2
27269,ER3d_c,ER3d_c_L,L,cb_intrinsic,513463,EPG,EPG(PB08)_R2,R,cb_intrinsic,2
27052,ER3d_d,ER3d_d_R,R,cb_intrinsic,513463,EPG,EPG(PB08)_R2,R,cb_intrinsic,2
20514,ER3d_d,ER3d_d_L,L,cb_intrinsic,513463,EPG,EPG(PB08)_R2,R,cb_intrinsic,2
20026,ER5,ER5_L,L,cb_intrinsic,513463,EPG,EPG(PB08)_R2,R,cb_intrinsic,2
530339,ER3d_d,ER3d_d_L,L,cb_intrinsic,520818,EPG,EPG(PB08)_L4,L,cb_intrinsic,2
527199,ER3d_e,ER3d_e_L,L,cb_intrinsic,520818,EPG,EPG(PB08)_L4,L,cb_intrinsic,2
517264,ER3w_a,ER3w_a_R,R,cb_intrinsic,520818,EPG,EPG(PB08)_L4,L,cb_intrinsic,2
512608,ER3d_b,ER3d_b_R,R,cb_intrinsic,520818,EPG,EPG(PB08)_L4,L,cb_intrinsic,2
54912,ER3d_b,ER3d_b_L,L,cb_intrinsic,520818,EPG,EPG(PB08)_L4,L,cb_intrinsic,2
51382,ER3d_b,ER3d_b_L,L,cb_intrinsic,520818,EPG,EPG(PB08)_L4,L,cb_intrinsic,2
48956,ER3d_b,ER3d_b_R,R,cb_intrinsic,520818,EPG,EPG(PB08)_L4,L,cb_intrinsic,2
45839,ER3d_b,ER3d_b_L,L,cb_intrinsic,520818,EPG,EPG(PB08)_L4,L,cb_intrinsic,2
44127,ER3d_d,ER3d_d_R,R,cb_intrinsic,520818,EPG,EPG(PB08)_L4,L,cb_intrinsic,2
41665,ER3a_c,ER3a_c_L,L,cb_intrinsic,520818,EPG,EPG(PB08)_L4,L,cb_intrinsic,2
40558,ER3d_b,ER3d_b_L,L,cb_intrinsic,520818,EPG,EPG(PB08)_L4,L,cb_intrinsic,2
30674,ER3d_b,ER3d_b_R,R,cb_intrinsic,520818,EPG,EPG(PB08)_L4,L,cb_intrinsic,2
30443,ER3a_c,ER3a_c_R,R,cb_intrinsic,520818,EPG,EPG(PB08)_L4,L,cb_intrinsic,2
30206,ER5,ER5_R,R,cb_intrinsic,520818,EPG,EPG(PB08)_L4,L,cb_intrinsic,2
27903,ER3d_d,ER3d_d_L,L,cb_intrinsic,520818,EPG,EPG(PB08)_L4,L,cb_intrinsic,2
26295,ER3m,ER3m_R,R,cb_intrinsic,520818,EPG,EPG(PB08)_L4,L,cb_intrinsic,2
20026,ER5,ER5_L,L,cb_intrinsic,520818,EPG,EPG(PB08)_L4,L,cb_intrinsic,2
529330,ER3d_b,ER3d_b_L,L,cb_intrinsic,12449,EPG,EPG(PB08)_L5,L,cb_intrinsic,2
522806,ER3d_c,ER3d_c_R,R,cb_intrinsic,12449,EPG,EPG(PB08)_L5,L,cb_intrinsic,2
521534,ER5,ER5_L,L,cb_intrinsic,12449,EPG,EPG(PB08)_L5,L,cb_intrinsic,2
521535,ER5,ER5_L,L,cb_intrinsic,12449,EPG,EPG(PB08)_L5,L,cb_intrinsic,2
59230,ER3m,ER3m_R,R,cb_intrinsic,12449,EPG,EPG(PB08)_L5,L,cb_intrinsic,2
48956,ER3d_b,ER3d_b_R,R,cb_intrinsic,12449,EPG,EPG(PB08)_L5,L,cb_intrinsic,2
44422,ER3m,ER3m_L,L,cb_intrinsic,12449,EPG,EPG(PB08)_L5,L,cb_intrinsic,2
31684,ER3d_a,ER3d_a_R,R,cb_intrinsic,12449,EPG,EPG(PB08)_L5,L,cb_intrinsic,2
31121,ER3a_c,ER3a_c_L,L,cb_intrinsic,12449,EPG,EPG(PB08)_L5,L,cb_intrinsic,2
30522,ER3d_b,ER3d_b_R,R,cb_intrinsic,12449,EPG,EPG(PB08)_L5,L,cb_intrinsic,2
29791,ER3d_b,ER3d_b_L,L,cb_intrinsic,12449,EPG,EPG(PB08)_L5,L,cb_intrinsic,2
29177,ER3d_b,ER3d_b_R,R,cb_intrinsic,12449,EPG,EPG(PB08)_L5,L,cb_intrinsic,2
27454,ER3d_c,ER3d_c_R,R,cb_intrinsic,12449,EPG,EPG(PB08)_L5,L,cb_intrinsic,2
27269,ER3d_c,ER3d_c_L,L,cb_intrinsic,12449,EPG,EPG(PB08)_L5,L,cb_intrinsic,2
27246,ER3d_d,ER3d_d_R,R,cb_intrinsic,12449,EPG,EPG(PB08)_L5,L,cb_intrinsic,2
21664,ER3d_e,ER3d_e_R,R,cb_intrinsic,12449,EPG,EPG(PB08)_L5,L,cb_intrinsic,2
19169,ER3m,ER3m_L,L,cb_intrinsic,12449,EPG,EPG(PB08)_L5,L,cb_intrinsic,2
17171,ER5,ER5_R,R,cb_intrinsic,12449,EPG,EPG(PB08)_L5,L,cb_intrinsic,2
521534,ER5,ER5_L,L,cb_intrinsic,10539,EPG,EPG(PB08)_R2,R,cb_intrinsic,2
516944,ER5,ER5_L,L,cb_intrinsic,10539,EPG,EPG(PB08)_R2,R,cb_intrinsic,2
35641,ER3d_c,ER3d_c_L,L,cb_intrinsic,10539,EPG,EPG(PB08)_R2,R,cb_intrinsic,2
31541,ER3d_d,ER3d_d_R,R,cb_intrinsic,10539,EPG,EPG(PB08)_R2,R,cb_intrinsic,2
30206,ER5,ER5_R,R,cb_intrinsic,10539,EPG,EPG(PB08)_R2,R,cb_intrinsic,2
27903,ER3d_d,ER3d_d_L,L,cb_intrinsic,10539,EPG,EPG(PB08)_R2,R,cb_intrinsic,2
22001,ER5,ER5_L,L,cb_intrinsic,10539,EPG,EPG(PB08)_R2,R,cb_intrinsic,2
530339,ER3d_d,ER3d_d_L,L,cb_intrinsic,14727,EPG,EPG(PB08)_L7,L,cb_intrinsic,2
48318,ER3d_c,ER3d_c_L,L,cb_intrinsic,14727,EPG,EPG(PB08)_L7,L,cb_intrinsic,2
44909,ER5,ER5_L,L,cb_intrinsic,14727,EPG,EPG(PB08)_L7,L,cb_intrinsic,2
33589,ER3d_b,ER3d_b_L,L,cb_intrinsic,14727,EPG,EPG(PB08)_L7,L,cb_intrinsic,2
31541,ER3d_d,ER3d_d_R,R,cb_intrinsic,14727,EPG,EPG(PB08)_L7,L,cb_intrinsic,2
28701,ER3d_b,ER3d_b_R,R,cb_intrinsic,14727,EPG,EPG(PB08)_L7,L,cb_intrinsic,2
28430,ER3m,ER3m_L,L,cb_intrinsic,14727,EPG,EPG(PB08)_L7,L,cb_intrinsic,2
26841,ER3a_a,ER3a_a_L,L,cb_intrinsic,14727,EPG,EPG(PB08)_L7,L,cb_intrinsic,2
23163,ER3a_a,ER3a_a_R,R,cb_intrinsic,14727,EPG,EPG(PB08)_L7,L,cb_intrinsic,2
20026,ER5,ER5_L,L,cb_intrinsic,14727,EPG,EPG(PB08)_L7,L,cb_intrinsic,2
17078,ER5,ER5_R,R,cb_intrinsic,14727,EPG,EPG(PB08)_L7,L,cb_intrinsic,2
14284,ER5,ER5_R,R,cb_intrinsic,14727,EPG,EPG(PB08)_L7,L,cb_intrinsic,2
10043,ER5,ER5_L,L,cb_intrinsic,14727,EPG,EPG(PB08)_L7,L,cb_intrinsic,2
533062,ER3a_a,ER3a_a_L,L,cb_intrinsic,519140,EPG,EPG(PB08)_L1,L,cb_intrinsic,2
529826,ER3a_a,ER3a_a_R,R,cb_intrinsic,519140,EPG,EPG(PB08)_L1,L,cb_intrinsic,2
512515,ER3a_a,ER3a_a_L,L,cb_intrinsic,519140,EPG,EPG(PB08)_L1,L,cb_intrinsic,2
72824,ER3a_a,ER3a_a_R,R,cb_intrinsic,519140,EPG,EPG(PB08)_L1,L,cb_intrinsic,2
47859,ER3d_c,ER3d_c_R,R,cb_intrinsic,519140,EPG,EPG(PB08)_L1,L,cb_intrinsic,2
38001,ER3a_d,ER3a_d_L,L,cb_intrinsic,519140,EPG,EPG(PB08)_L1,L,cb_intrinsic,2
35545,ER3a_a,ER3a_a_L,L,cb_intrinsic,519140,EPG,EPG(PB08)_L1,L,cb_intrinsic,2
29842,ER3m,ER3m_R,R,cb_intrinsic,519140,EPG,EPG(PB08)_L1,L,cb_intrinsic,2
29046,ER3d_b,ER3d_b_R,R,cb_intrinsic,519140,EPG,EPG(PB08)_L1,L,cb_intrinsic,2
26841,ER3a_a,ER3a_a_L,L,cb_intrinsic,519140,EPG,EPG(PB08)_L1,L,cb_intrinsic,2
21664,ER3d_e,ER3d_e_R,R,cb_intrinsic,519140,EPG,EPG(PB08)_L1,L,cb_intrinsic,2
20514,ER3d_d,ER3d_d_L,L,cb_intrinsic,519140,EPG,EPG(PB08)_L1,L,cb_intrinsic,2
20026,ER5,ER5_L,L,cb_intrinsic,519140,EPG,EPG(PB08)_L1,L,cb_intrinsic,2
532637,ER3m,ER3m_R,R,cb_intrinsic,15616,EPG,EPG(PB08)_R3,R,cb_intrinsic,2
524068,ER3d_b,ER3d_b_L,L,cb_intrinsic,15616,EPG,EPG(PB08)_R3,R,cb_intrinsic,2
522759,ER3d_d,ER3d_d_L,L,cb_intrinsic,15616,EPG,EPG(PB08)_R3,R,cb_intrinsic,2
516110,ER6,ER6_R,R,cb_intrinsic,15616,EPG,EPG(PB08)_R3,R,cb_intrinsic,2
72824,ER3a_a,ER3a_a_R,R,cb_intrinsic,15616,EPG,EPG(PB08)_R3,R,cb_intrinsic,2
59230,ER3m,ER3m_R,R,cb_intrinsic,15616,EPG,EPG(PB08)_R3,R,cb_intrinsic,2
34038,ER3d_b,ER3d_b_L,L,cb_intrinsic,15616,EPG,EPG(PB08)_R3,R,cb_intrinsic,2
33589,ER3d_b,ER3d_b_L,L,cb_intrinsic,15616,EPG,EPG(PB08)_R3,R,cb_intrinsic,2
31541,ER3d_d,ER3d_d_R,R,cb_intrinsic,15616,EPG,EPG(PB08)_R3,R,cb_intrinsic,2
30674,ER3d_b,ER3d_b_R,R,cb_intrinsic,15616,EPG,EPG(PB08)_R3,R,cb_intrinsic,2
26841,ER3a_a,ER3a_a_L,L,cb_intrinsic,15616,EPG,EPG(PB08)_R3,R,cb_intrinsic,2
26295,ER3m,ER3m_R,R,cb_intrinsic,15616,EPG,EPG(PB08)_R3,R,cb_intrinsic,2
527199,ER3d_e,ER3d_e_L,L,cb_intrinsic,16360,EPG,EPG(PB08)_L6,L,cb_intrinsic,2
80867,ER1_a,ER1_a_R,R,cb_intrinsic,16360,EPG,EPG(PB08)_L6,L,cb_intrinsic,2
54912,ER3d_b,ER3d_b_L,L,cb_intrinsic,16360,EPG,EPG(PB08)_L6,L,cb_intrinsic,2
34922,ER3a_b,ER3a_b_R,R,cb_intrinsic,16360,EPG,EPG(PB08)_L6,L,cb_intrinsic,2
34239,ER3a_a,ER3a_a_R,R,cb_intrinsic,16360,EPG,EPG(PB08)_L6,L,cb_intrinsic,2
34038,ER3d_b,ER3d_b_L,L,cb_intrinsic,16360,EPG,EPG(PB08)_L6,L,cb_intrinsic,2
30592,ER3d_b,ER3d_b_R,R,cb_intrinsic,16360,EPG,EPG(PB08)_L6,L,cb_intrinsic,2
22001,ER5,ER5_L,L,cb_intrinsic,16360,EPG,EPG(PB08)_L6,L,cb_intrinsic,2
21664,ER3d_e,ER3d_e_R,R,cb_intrinsic,16360,EPG,EPG(PB08)_L6,L,cb_intrinsic,2
20385,ER3a_a,ER3a_a_L,L,cb_intrinsic,16360,EPG,EPG(PB08)_L6,L,cb_intrinsic,2
14963,ER5,ER5_L,L,cb_intrinsic,16360,EPG,EPG(PB08)_L6,L,cb_intrinsic,2
11605,ER5,ER5_R,R,cb_intrinsic,16360,EPG,EPG(PB08)_L6,L,cb_intrinsic,2
568502,ER5,ER5_R,R,cb_intrinsic,515675,EPG,EPG(PB08)_R1,R,cb_intrinsic,2
532637,ER3m,ER3m_R,R,cb_intrinsic,515675,EPG,EPG(PB08)_R1,R,cb_intrinsic,2
521534,ER5,ER5_L,L,cb_intrinsic,515675,EPG,EPG(PB08)_R1,R,cb_intrinsic,2
516110,ER6,ER6_R,R,cb_intrinsic,515675,EPG,EPG(PB08)_R1,R,cb_intrinsic,2
37758,ER3d_a,ER3d_a_R,R,cb_intrinsic,515675,EPG,EPG(PB08)_R1,R,cb_intrinsic,2
34239,ER3a_a,ER3a_a_R,R,cb_intrinsic,515675,EPG,EPG(PB08)_R1,R,cb_intrinsic,2
29842,ER3m,ER3m_R,R,cb_intrinsic,515675,EPG,EPG(PB08)_R1,R,cb_intrinsic,2
27454,ER3d_c,ER3d_c_R,R,cb_intrinsic,515675,EPG,EPG(PB08)_R1,R,cb_intrinsic,2
27246,ER3d_d,ER3d_d_R,R,cb_intrinsic,515675,EPG,EPG(PB08)_R1,R,cb_intrinsic,2
27052,ER3d_d,ER3d_d_R,R,cb_intrinsic,515675,EPG,EPG(PB08)_R1,R,cb_intrinsic,2
18633,ER5,ER5_L,L,cb_intrinsic,515675,EPG,EPG(PB08)_R1,R,cb_intrinsic,2
17078,ER5,ER5_R,R,cb_intrinsic,515675,EPG,EPG(PB08)_R1,R,cb_intrinsic,2
533062,ER3a_a,ER3a_a_L,L,cb_intrinsic,514126,EPG,EPG(PB08)_R5,R,cb_intrinsic,2
532637,ER3m,ER3m_R,R,cb_intrinsic,514126,EPG,EPG(PB08)_R5,R,cb_intrinsic,2
519329,ER3a_d,ER3a_d_R,R,cb_intrinsic,514126,EPG,EPG(PB08)_R5,R,cb_intrinsic,2
516944,ER5,ER5_L,L,cb_intrinsic,514126,EPG,EPG(PB08)_R5,R,cb_intrinsic,2
54912,ER3d_b,ER3d_b_L,L,cb_intrinsic,514126,EPG,EPG(PB08)_R5,R,cb_intrinsic,2
47859,ER3d_c,ER3d_c_R,R,cb_intrinsic,514126,EPG,EPG(PB08)_R5,R,cb_intrinsic,2
34922,ER3a_b,ER3a_b_R,R,cb_intrinsic,514126,EPG,EPG(PB08)_R5,R,cb_intrinsic,2
33911,ER3a_b,ER3a_b_R,R,cb_intrinsic,514126,EPG,EPG(PB08)_R5,R,cb_intrinsic,2
31051,ER3m,ER3m_R,R,cb_intrinsic,514126,EPG,EPG(PB08)_R5,R,cb_intrinsic,2
28430,ER3m,ER3m_L,L,cb_intrinsic,514126,EPG,EPG(PB08)_R5,R,cb_intrinsic,2
20514,ER3d_d,ER3d_d_L,L,cb_intrinsic,514126,EPG,EPG(PB08)_R5,R,cb_intrinsic,2
527297,ER5,ER5_R,R,cb_intrinsic,513520,EPG,EPG(PB08)_R6,R,cb_intrinsic,2
524068,ER3d_b,ER3d_b_L,L,cb_intrinsic,513520,EPG,EPG(PB08)_R6,R,cb_intrinsic,2
47036,ER3d_a,ER3d_a_R,R,cb_intrinsic,513520,EPG,EPG(PB08)_R6,R,cb_intrinsic,2
44830,ER3d_e,ER3d_e_R,R,cb_intrinsic,513520,EPG,EPG(PB08)_R6,R,cb_intrinsic,2
30674,ER3d_b,ER3d_b_R,R,cb_intrinsic,513520,EPG,EPG(PB08)_R6,R,cb_intrinsic,2
30178,ER3d_b,ER3d_b_R,R,cb_intrinsic,513520,EPG,EPG(PB08)_R6,R,cb_intrinsic,2
29046,ER3d_b,ER3d_b_R,R,cb_intrinsic,513520,EPG,EPG(PB08)_R6,R,cb_intrinsic,2
28701,ER3d_b,ER3d_b_R,R,cb_intrinsic,513520,EPG,EPG(PB08)_R6,R,cb_intrinsic,2
27903,ER3d_d,ER3d_d_L,L,cb_intrinsic,513520,EPG,EPG(PB08)_R6,R,cb_intrinsic,2
27052,ER3d_d,ER3d_d_R,R,cb_intrinsic,513520,EPG,EPG(PB08)_R6,R,cb_intrinsic,2
23080,ER4d,ER4d_R,R,cb_intrinsic,513520,EPG,EPG(PB08)_R6,R,cb_intrinsic,2
22644,ER3d_a,ER3d_a_R,R,cb_intrinsic,513520,EPG,EPG(PB08)_R6,R,cb_intrinsic,2
17561,ER3m,ER3m_R,R,cb_intrinsic,513520,EPG,EPG(PB08)_R6,R,cb_intrinsic,2
17419,ER6,ER6_R,R,cb_intrinsic,513520,EPG,EPG(PB08)_R6,R,cb_intrinsic,2
11605,ER5,ER5_R,R,cb_intrinsic,513520,EPG,EPG(PB08)_R6,R,cb_intrinsic,2
544496,ER3a_c,ER3a_c_R,R,cb_intrinsic,11874,EPG,EPG(PB08)_L7,L,cb_intrinsic,2
529330,ER3d_b,ER3d_b_L,L,cb_intrinsic,11874,EPG,EPG(PB08)_L7,L,cb_intrinsic,2
524068,ER3d_b,ER3d_b_L,L,cb_intrinsic,11874,EPG,EPG(PB08)_L7,L,cb_intrinsic,2
522759,ER3d_d,ER3d_d_L,L,cb_intrinsic,11874,EPG,EPG(PB08)_L7,L,cb_intrinsic,2
516944,ER5,ER5_L,L,cb_intrinsic,11874,EPG,EPG(PB08)_L7,L,cb_intrinsic,2
48956,ER3d_b,ER3d_b_R,R,cb_intrinsic,11874,EPG,EPG(PB08)_L7,L,cb_intrinsic,2
48318,ER3d_c,ER3d_c_L,L,cb_intrinsic,11874,EPG,EPG(PB08)_L7,L,cb_intrinsic,2
34038,ER3d_b,ER3d_b_L,L,cb_intrinsic,11874,EPG,EPG(PB08)_L7,L,cb_intrinsic,2
28701,ER3d_b,ER3d_b_R,R,cb_intrinsic,11874,EPG,EPG(PB08)_L7,L,cb_intrinsic,2
28430,ER3m,ER3m_L,L,cb_intrinsic,11874,EPG,EPG(PB08)_L7,L,cb_intrinsic,2
27454,ER3d_c,ER3d_c_R,R,cb_intrinsic,11874,EPG,EPG(PB08)_L7,L,cb_intrinsic,2
27246,ER3d_d,ER3d_d_R,R,cb_intrinsic,11874,EPG,EPG(PB08)_L7,L,cb_intrinsic,2
27052,ER3d_d,ER3d_d_R,R,cb_intrinsic,11874,EPG,EPG(PB08)_L7,L,cb_intrinsic,2
21664,ER3d_e,ER3d_e_R,R,cb_intrinsic,11874,EPG,EPG(PB08)_L7,L,cb_intrinsic,2
19072,ER5,ER5_R,R,cb_intrinsic,11874,EPG,EPG(PB08)_L7,L,cb_intrinsic,2
17171,ER5,ER5_R,R,cb_intrinsic,11874,EPG,EPG(PB08)_L7,L,cb_intrinsic,2
17078,ER5,ER5_R,R,cb_intrinsic,11874,EPG,EPG(PB08)_L7,L,cb_intrinsic,2
14284,ER5,ER5_R,R,cb_intrinsic,11874,EPG,EPG(PB08)_L7,L,cb_intrinsic,2
533062,ER3a_a,ER3a_a_L,L,cb_intrinsic,512514,EPG,EPG(PB08)_L1,L,cb_intrinsic,2
530339,ER3d_d,ER3d_d_L,L,cb_intrinsic,512514,EPG,EPG(PB08)_L1,L,cb_intrinsic,2
529330,ER3d_b,ER3d_b_L,L,cb_intrinsic,512514,EPG,EPG(PB08)_L1,L,cb_intrinsic,2
51382,ER3d_b,ER3d_b_L,L,cb_intrinsic,512514,EPG,EPG(PB08)_L1,L,cb_intrinsic,2
47859,ER3d_c,ER3d_c_R,R,cb_intrinsic,512514,EPG,EPG(PB08)_L1,L,cb_intrinsic,2
44127,ER3d_d,ER3d_d_R,R,cb_intrinsic,512514,EPG,EPG(PB08)_L1,L,cb_intrinsic,2
43039,ER3d_d,ER3d_d_L,L,cb_intrinsic,512514,EPG,EPG(PB08)_L1,L,cb_intrinsic,2
34922,ER3a_b,ER3a_b_R,R,cb_intrinsic,512514,EPG,EPG(PB08)_L1,L,cb_intrinsic,2
33589,ER3d_b,ER3d_b_L,L,cb_intrinsic,512514,EPG,EPG(PB08)_L1,L,cb_intrinsic,2
29842,ER3m,ER3m_R,R,cb_intrinsic,512514,EPG,EPG(PB08)_L1,L,cb_intrinsic,2
29177,ER3d_b,ER3d_b_R,R,cb_intrinsic,512514,EPG,EPG(PB08)_L1,L,cb_intrinsic,2
28430,ER3m,ER3m_L,L,cb_intrinsic,512514,EPG,EPG(PB08)_L1,L,cb_intrinsic,2
27903,ER3d_d,ER3d_d_L,L,cb_intrinsic,512514,EPG,EPG(PB08)_L1,L,cb_intrinsic,2
27348,ER3m,ER3m_L,L,cb_intrinsic,512514,EPG,EPG(PB08)_L1,L,cb_intrinsic,2
17561,ER3m,ER3m_R,R,cb_intrinsic,512514,EPG,EPG(PB08)_L1,L,cb_intrinsic,2
17171,ER5,ER5_R,R,cb_intrinsic,512514,EPG,EPG(PB08)_L1,L,cb_intrinsic,2
14284,ER5,ER5_R,R,cb_intrinsic,512514,EPG,EPG(PB08)_L1,L,cb_intrinsic,2
11605,ER5,ER5_R,R,cb_intrinsic,512514,EPG,EPG(PB08)_L1,L,cb_intrinsic,2
522759,ER3d_d,ER3d_d_L,L,cb_intrinsic,88342,EPG,EPG(PB08)_L3,L,cb_intrinsic,2
59230,ER3m,ER3m_R,R,cb_intrinsic,88342,EPG,EPG(PB08)_L3,L,cb_intrinsic,2
51382,ER3d_b,ER3d_b_L,L,cb_intrinsic,88342,EPG,EPG(PB08)_L3,L,cb_intrinsic,2
39798,ER5,ER5_L,L,cb_intrinsic,88342,EPG,EPG(PB08)_L3,L,cb_intrinsic,2
34038,ER3d_b,ER3d_b_L,L,cb_intrinsic,88342,EPG,EPG(PB08)_L3,L,cb_intrinsic,2
30674,ER3d_b,ER3d_b_R,R,cb_intrinsic,88342,EPG,EPG(PB08)_L3,L,cb_intrinsic,2
30592,ER3d_b,ER3d_b_R,R,cb_intrinsic,88342,EPG,EPG(PB08)_L3,L,cb_intrinsic,2
20385,ER3a_a,ER3a_a_L,L,cb_intrinsic,88342,EPG,EPG(PB08)_L3,L,cb_intrinsic,2
11605,ER5,ER5_R,R,cb_intrinsic,88342,EPG,EPG(PB08)_L3,L,cb_intrinsic,2
530339,ER3d_d,ER3d_d_L,L,cb_intrinsic,15713,EPG,EPG(PB08)_L6,L,cb_intrinsic,2
529330,ER3d_b,ER3d_b_L,L,cb_intrinsic,15713,EPG,EPG(PB08)_L6,L,cb_intrinsic,2
527150,ER3d_a,ER3d_a_L,L,cb_intrinsic,15713,EPG,EPG(PB08)_L6,L,cb_intrinsic,2
516944,ER5,ER5_L,L,cb_intrinsic,15713,EPG,EPG(PB08)_L6,L,cb_intrinsic,2
513379,ER5,ER5_R,R,cb_intrinsic,15713,EPG,EPG(PB08)_L6,L,cb_intrinsic,2
47859,ER3d_c,ER3d_c_R,R,cb_intrinsic,15713,EPG,EPG(PB08)_L6,L,cb_intrinsic,2
44422,ER3m,ER3m_L,L,cb_intrinsic,15713,EPG,EPG(PB08)_L6,L,cb_intrinsic,2
42264,ER3d_e,ER3d_e_R,R,cb_intrinsic,15713,EPG,EPG(PB08)_L6,L,cb_intrinsic,2
39798,ER5,ER5_L,L,cb_intrinsic,15713,EPG,EPG(PB08)_L6,L,cb_intrinsic,2
36235,ER1_c,ER1_c_L,L,cb_intrinsic,15713,EPG,EPG(PB08)_L6,L,cb_intrinsic,2
35641,ER3d_c,ER3d_c_L,L,cb_intrinsic,15713,EPG,EPG(PB08)_L6,L,cb_intrinsic,2
33589,ER3d_b,ER3d_b_L,L,cb_intrinsic,15713,EPG,EPG(PB08)_L6,L,cb_intrinsic,2
30443,ER3a_c,ER3a_c_R,R,cb_intrinsic,15713,EPG,EPG(PB08)_L6,L,cb_intrinsic,2
29046,ER3d_b,ER3d_b_R,R,cb_intrinsic,15713,EPG,EPG(PB08)_L6,L,cb_intrinsic,2
28627,ER3m,ER3m_L,L,cb_intrinsic,15713,EPG,EPG(PB08)_L6,L,cb_intrinsic,2
28430,ER3m,ER3m_L,L,cb_intrinsic,15713,EPG,EPG(PB08)_L6,L,cb_intrinsic,2
27269,ER3d_c,ER3d_c_L,L,cb_intrinsic,15713,EPG,EPG(PB08)_L6,L,cb_intrinsic,2
27052,ER3d_d,ER3d_d_R,R,cb_intrinsic,15713,EPG,EPG(PB08)_L6,L,cb_intrinsic,2
26841,ER3a_a,ER3a_a_L,L,cb_intrinsic,15713,EPG,EPG(PB08)_L6,L,cb_intrinsic,2
25329,ER3d_c,ER3d_c_L,L,cb_intrinsic,15713,EPG,EPG(PB08)_L6,L,cb_intrinsic,2
20514,ER3d_d,ER3d_d_L,L,cb_intrinsic,15713,EPG,EPG(PB08)_L6,L,cb_intrinsic,2
12059,ER5,ER5_R,R,cb_intrinsic,15713,EPG,EPG(PB08)_L6,L,cb_intrinsic,2
11605,ER5,ER5_R,R,cb_intrinsic,15713,EPG,EPG(PB08)_L6,L,cb_intrinsic,2
544496,ER3a_c,ER3a_c_R,R,cb_intrinsic,520581,EPG,EPG(PB08)_R4,R,cb_intrinsic,2
533062,ER3a_a,ER3a_a_L,L,cb_intrinsic,520581,EPG,EPG(PB08)_R4,R,cb_intrinsic,2
530339,ER3d_d,ER3d_d_L,L,cb_intrinsic,520581,EPG,EPG(PB08)_R4,R,cb_intrinsic,2
529330,ER3d_b,ER3d_b_L,L,cb_intrinsic,520581,EPG,EPG(PB08)_R4,R,cb_intrinsic,2
516944,ER5,ER5_L,L,cb_intrinsic,520581,EPG,EPG(PB08)_R4,R,cb_intrinsic,2
516110,ER6,ER6_R,R,cb_intrinsic,520581,EPG,EPG(PB08)_R4,R,cb_intrinsic,2
46262,ER3d_b,ER3d_b_L,L,cb_intrinsic,520581,EPG,EPG(PB08)_R4,R,cb_intrinsic,2
30592,ER3d_b,ER3d_b_R,R,cb_intrinsic,520581,EPG,EPG(PB08)_R4,R,cb_intrinsic,2
30178,ER3d_b,ER3d_b_R,R,cb_intrinsic,520581,EPG,EPG(PB08)_R4,R,cb_intrinsic,2
29046,ER3d_b,ER3d_b_R,R,cb_intrinsic,520581,EPG,EPG(PB08)_R4,R,cb_intrinsic,2
28701,ER3d_b,ER3d_b_R,R,cb_intrinsic,520581,EPG,EPG(PB08)_R4,R,cb_intrinsic,2
532637,ER3m,ER3m_R,R,cb_intrinsic,13217,EPG,EPG(PB08)_L8,L,cb_intrinsic,2
527199,ER3d_e,ER3d_e_L,L,cb_intrinsic,13217,EPG,EPG(PB08)_L8,L,cb_intrinsic,2
80867,ER1_a,ER1_a_R,R,cb_intrinsic,13217,EPG,EPG(PB08)_L8,L,cb_intrinsic,2
34922,ER3a_b,ER3a_b_R,R,cb_intrinsic,13217,EPG,EPG(PB08)_L8,L,cb_intrinsic,2
33589,ER3d_b,ER3d_b_L,L,cb_intrinsic,13217,EPG,EPG(PB08)_L8,L,cb_intrinsic,2
30371,ER1_a,ER1_a_R,R,cb_intrinsic,13217,EPG,EPG(PB08)_L8,L,cb_intrinsic,2
27903,ER3d_d,ER3d_d_L,L,cb_intrinsic,13217,EPG,EPG(PB08)_L8,L,cb_intrinsic,2
26841,ER3a_a,ER3a_a_L,L,cb_intrinsic,13217,EPG,EPG(PB08)_L8,L,cb_intrinsic,2
17171,ER5,ER5_R,R,cb_intrinsic,13217,EPG,EPG(PB08)_L8,L,cb_intrinsic,2
11605,ER5,ER5_R,R,cb_intrinsic,13217,EPG,EPG(PB08)_L8,L,cb_intrinsic,2
527150,ER3d_a,ER3d_a_L,L,cb_intrinsic,92188,EPG,EPG(PB08)_R7,R,cb_intrinsic,2
48318,ER3d_c,ER3d_c_L,L,cb_intrinsic,92188,EPG,EPG(PB08)_R7,R,cb_intrinsic,2
44909,ER5,ER5_L,L,cb_intrinsic,92188,EPG,EPG(PB08)_R7,R,cb_intrinsic,2
44422,ER3m,ER3m_L,L,cb_intrinsic,92188,EPG,EPG(PB08)_R7,R,cb_intrinsic,2
39095,ER1_a,ER1_a_L,L,cb_intrinsic,92188,EPG,EPG(PB08)_R7,R,cb_intrinsic,2
34038,ER3d_b,ER3d_b_L,L,cb_intrinsic,92188,EPG,EPG(PB08)_R7,R,cb_intrinsic,2
33589,ER3d_b,ER3d_b_L,L,cb_intrinsic,92188,EPG,EPG(PB08)_R7,R,cb_intrinsic,2
29842,ER3m,ER3m_R,R,cb_intrinsic,92188,EPG,EPG(PB08)_R7,R,cb_intrinsic,2
29177,ER3d_b,ER3d_b_R,R,cb_intrinsic,92188,EPG,EPG(PB08)_R7,R,cb_intrinsic,2
27903,ER3d_d,ER3d_d_L,L,cb_intrinsic,92188,EPG,EPG(PB08)_R7,R,cb_intrinsic,2
27348,ER3m,ER3m_L,L,cb_intrinsic,92188,EPG,EPG(PB08)_R7,R,cb_intrinsic,2
25329,ER3d_c,ER3d_c_L,L,cb_intrinsic,92188,EPG,EPG(PB08)_R7,R,cb_intrinsic,2
20514,ER3d_d,ER3d_d_L,L,cb_intrinsic,92188,EPG,EPG(PB08)_R7,R,cb_intrinsic,2
530339,ER3d_d,ER3d_d_L,L,cb_intrinsic,521812,EPG,EPG(PB08)_R7,R,cb_intrinsic,2
529330,ER3d_b,ER3d_b_L,L,cb_intrinsic,521812,EPG,EPG(PB08)_R7,R,cb_intrinsic,2
522806,ER3d_c,ER3d_c_R,R,cb_intrinsic,521812,EPG,EPG(PB08)_R7,R,cb_intrinsic,2
521535,ER5,ER5_L,L,cb_intrinsic,521812,EPG,EPG(PB08)_R7,R,cb_intrinsic,2
521528,ER5,ER5_L,L,cb_intrinsic,521812,EPG,EPG(PB08)_R7,R,cb_intrinsic,2
512608,ER3d_b,ER3d_b_R,R,cb_intrinsic,521812,EPG,EPG(PB08)_R7,R,cb_intrinsic,2
71503,ER1_c,ER1_c_R,R,cb_intrinsic,521812,EPG,EPG(PB08)_R7,R,cb_intrinsic,2
59230,ER3m,ER3m_R,R,cb_intrinsic,521812,EPG,EPG(PB08)_R7,R,cb_intrinsic,2
48956,ER3d_b,ER3d_b_R,R,cb_intrinsic,521812,EPG,EPG(PB08)_R7,R,cb_intrinsic,2
47464,ER3d_d,ER3d_d_R,R,cb_intrinsic,521812,EPG,EPG(PB08)_R7,R,cb_intrinsic,2
44830,ER3d_e,ER3d_e_R,R,cb_intrinsic,521812,EPG,EPG(PB08)_R7,R,cb_intrinsic,2
40558,ER3d_b,ER3d_b_L,L,cb_intrinsic,521812,EPG,EPG(PB08)_R7,R,cb_intrinsic,2
39798,ER5,ER5_L,L,cb_intrinsic,521812,EPG,EPG(PB08)_R7,R,cb_intrinsic,2
31684,ER3d_a,ER3d_a_R,R,cb_intrinsic,521812,EPG,EPG(PB08)_R7,R,cb_intrinsic,2
31541,ER3d_d,ER3d_d_R,R,cb_intrinsic,521812,EPG,EPG(PB08)_R7,R,cb_intrinsic,2
31051,ER3m,ER3m_R,R,cb_intrinsic,521812,EPG,EPG(PB08)_R7,R,cb_intrinsic,2
30206,ER5,ER5_R,R,cb_intrinsic,521812,EPG,EPG(PB08)_R7,R,cb_intrinsic,2
30178,ER3d_b,ER3d_b_R,R,cb_intrinsic,521812,EPG,EPG(PB08)_R7,R,cb_intrinsic,2
29046,ER3d_b,ER3d_b_R,R,cb_intrinsic,521812,EPG,EPG(PB08)_R7,R,cb_intrinsic,2
27013,ER3m,ER3m_L,L,cb_intrinsic,521812,EPG,EPG(PB08)_R7,R,cb_intrinsic,2
17171,ER5,ER5_R,R,cb_intrinsic,521812,EPG,EPG(PB08)_R7,R,cb_intrinsic,2
17078,ER5,ER5_R,R,cb_intrinsic,521812,EPG,EPG(PB08)_R7,R,cb_intrinsic,2
14963,ER5,ER5_L,L,cb_intrinsic,521812,EPG,EPG(PB08)_R7,R,cb_intrinsic,2
14284,ER5,ER5_R,R,cb_intrinsic,521812,EPG,EPG(PB08)_R7,R,cb_intrinsic,2
530339,ER3d_d,ER3d_d_L,L,cb_intrinsic,521813,EPG,EPG(PB08)_L2,L,cb_intrinsic,2
529826,ER3a_a,ER3a_a_R,R,cb_intrinsic,521813,EPG,EPG(PB08)_L2,L,cb_intrinsic,2
522806,ER3d_c,ER3d_c_R,R,cb_intrinsic,521813,EPG,EPG(PB08)_L2,L,cb_intrinsic,2
517603,ER3d_d,ER3d_d_R,R,cb_intrinsic,521813,EPG,EPG(PB08)_L2,L,cb_intrinsic,2
48956,ER3d_b,ER3d_b_R,R,cb_intrinsic,521813,EPG,EPG(PB08)_L2,L,cb_intrinsic,2
44909,ER5,ER5_L,L,cb_intrinsic,521813,EPG,EPG(PB08)_L2,L,cb_intrinsic,2
36327,ER3a_a,ER3a_a_R,R,cb_intrinsic,521813,EPG,EPG(PB08)_L2,L,cb_intrinsic,2
34038,ER3d_b,ER3d_b_L,L,cb_intrinsic,521813,EPG,EPG(PB08)_L2,L,cb_intrinsic,2
31681,ER1_a,ER1_a_R,R,cb_intrinsic,521813,EPG,EPG(PB08)_L2,L,cb_intrinsic,2
31121,ER3a_c,ER3a_c_L,L,cb_intrinsic,521813,EPG,EPG(PB08)_L2,L,cb_intrinsic,2
31051,ER3m,ER3m_R,R,cb_intrinsic,521813,EPG,EPG(PB08)_L2,L,cb_intrinsic,2
30443,ER3a_c,ER3a_c_R,R,cb_intrinsic,521813,EPG,EPG(PB08)_L2,L,cb_intrinsic,2
29711,ER3a_b,ER3a_b_L,L,cb_intrinsic,521813,EPG,EPG(PB08)_L2,L,cb_intrinsic,2
29046,ER3d_b,ER3d_b_R,R,cb_intrinsic,521813,EPG,EPG(PB08)_L2,L,cb_intrinsic,2
22644,ER3d_a,ER3d_a_R,R,cb_intrinsic,521813,EPG,EPG(PB08)_L2,L,cb_intrinsic,2
19072,ER5,ER5_R,R,cb_intrinsic,521813,EPG,EPG(PB08)_L2,L,cb_intrinsic,2
18377,ER3w_b,ER3w_b_L,L,cb_intrinsic,521813,EPG,EPG(PB08)_L2,L,cb_intrinsic,2
516110,ER6,ER6_R,R,cb_intrinsic,512513,EPG,EPG(PB08)_R1,R,cb_intrinsic,2
72824,ER3a_a,ER3a_a_R,R,cb_intrinsic,512513,EPG,EPG(PB08)_R1,R,cb_intrinsic,2
69454,ER3a_d,ER3a_d_L,L,cb_intrinsic,512513,EPG,EPG(PB08)_R1,R,cb_intrinsic,2
40213,ER1_b,ER1_b_L,L,cb_intrinsic,512513,EPG,EPG(PB08)_R1,R,cb_intrinsic,2
36327,ER3a_a,ER3a_a_R,R,cb_intrinsic,512513,EPG,EPG(PB08)_R1,R,cb_intrinsic,2
31970,ER3a_d,ER3a_d_L,L,cb_intrinsic,512513,EPG,EPG(PB08)_R1,R,cb_intrinsic,2
30522,ER3d_b,ER3d_b_R,R,cb_intrinsic,512513,EPG,EPG(PB08)_R1,R,cb_intrinsic,2
20514,ER3d_d,ER3d_d_L,L,cb_intrinsic,512513,EPG,EPG(PB08)_R1,R,cb_intrinsic,2
521535,ER5,ER5_L,L,cb_intrinsic,519941,EPG,EPG(PB08)_L3,L,cb_intrinsic,1
41908,ER3a_a,ER3a_a_L,L,cb_intrinsic,519941,EPG,EPG(PB08)_L3,L,cb_intrinsic,1
35545,ER3a_a,ER3a_a_L,L,cb_intrinsic,519941,EPG,EPG(PB08)_L3,L,cb_intrinsic,1
33911,ER3a_b,ER3a_b_R,R,cb_intrinsic,519941,EPG,EPG(PB08)_L3,L,cb_intrinsic,1
29711,ER3a_b,ER3a_b_L,L,cb_intrinsic,519941,EPG,EPG(PB08)_L3,L,cb_intrinsic,1
25494,ER3d_e,ER3d_e_L,L,cb_intrinsic,519941,EPG,EPG(PB08)_L3,L,cb_intrinsic,1
20514,ER3d_d,ER3d_d_L,L,cb_intrinsic,519941,EPG,EPG(PB08)_L3,L,cb_intrinsic,1
10043,ER5,ER5_L,L,cb_intrinsic,519941,EPG,EPG(PB08)_L3,L,cb_intrinsic,1
532637,ER3m,ER3m_R,R,cb_intrinsic,11989,EPG,EPG(PB08)_L5,L,cb_intrinsic,1
104306,ER3a_a,ER3a_a_L,L,cb_intrinsic,11989,EPG,EPG(PB08)_L5,L,cb_intrinsic,1
54912,ER3d_b,ER3d_b_L,L,cb_intrinsic,11989,EPG,EPG(PB08)_L5,L,cb_intrinsic,1
44909,ER5,ER5_L,L,cb_intrinsic,11989,EPG,EPG(PB08)_L5,L,cb_intrinsic,1
44814,ER3m,ER3m_L,L,cb_intrinsic,11989,EPG,EPG(PB08)_L5,L,cb_intrinsic,1
44422,ER3m,ER3m_L,L,cb_intrinsic,11989,EPG,EPG(PB08)_L5,L,cb_intrinsic,1
34922,ER3a_b,ER3a_b_R,R,cb_intrinsic,11989,EPG,EPG(PB08)_L5,L,cb_intrinsic,1
31051,ER3m,ER3m_R,R,cb_intrinsic,11989,EPG,EPG(PB08)_L5,L,cb_intrinsic,1
29842,ER3m,ER3m_R,R,cb_intrinsic,11989,EPG,EPG(PB08)_L5,L,cb_intrinsic,1
29711,ER3a_b,ER3a_b_L,L,cb_intrinsic,11989,EPG,EPG(PB08)_L5,L,cb_intrinsic,1
28430,ER3m,ER3m_L,L,cb_intrinsic,11989,EPG,EPG(PB08)_L5,L,cb_intrinsic,1
19169,ER3m,ER3m_L,L,cb_intrinsic,11989,EPG,EPG(PB08)_L5,L,cb_intrinsic,1
524068,ER3d_b,ER3d_b_L,L,cb_intrinsic,107195,EPG,EPG(PB08)_L5,L,cb_intrinsic,1
522759,ER3d_d,ER3d_d_L,L,cb_intrinsic,107195,EPG,EPG(PB08)_L5,L,cb_intrinsic,1
521535,ER5,ER5_L,L,cb_intrinsic,107195,EPG,EPG(PB08)_L5,L,cb_intrinsic,1
72824,ER3a_a,ER3a_a_R,R,cb_intrinsic,107195,EPG,EPG(PB08)_L5,L,cb_intrinsic,1
54912,ER3d_b,ER3d_b_L,L,cb_intrinsic,107195,EPG,EPG(PB08)_L5,L,cb_intrinsic,1
44909,ER5,ER5_L,L,cb_intrinsic,107195,EPG,EPG(PB08)_L5,L,cb_intrinsic,1
44127,ER3d_d,ER3d_d_R,R,cb_intrinsic,107195,EPG,EPG(PB08)_L5,L,cb_intrinsic,1
40558,ER3d_b,ER3d_b_L,L,cb_intrinsic,107195,EPG,EPG(PB08)_L5,L,cb_intrinsic,1
34038,ER3d_b,ER3d_b_L,L,cb_intrinsic,107195,EPG,EPG(PB08)_L5,L,cb_intrinsic,1
30178,ER3d_b,ER3d_b_R,R,cb_intrinsic,107195,EPG,EPG(PB08)_L5,L,cb_intrinsic,1
29177,ER3d_b,ER3d_b_R,R,cb_intrinsic,107195,EPG,EPG(PB08)_L5,L,cb_intrinsic,1
29046,ER3d_b,ER3d_b_R,R,cb_intrinsic,107195,EPG,EPG(PB08)_L5,L,cb_intrinsic,1
28339,ER4d,ER4d_R,R,cb_intrinsic,107195,EPG,EPG(PB08)_L5,L,cb_intrinsic,1
20385,ER3a_a,ER3a_a_L,L,cb_intrinsic,107195,EPG,EPG(PB08)_L5,L,cb_intrinsic,1
19072,ER5,ER5_R,R,cb_intrinsic,107195,EPG,EPG(PB08)_L5,L,cb_intrinsic,1
17171,ER5,ER5_R,R,cb_intrinsic,107195,EPG,EPG(PB08)_L5,L,cb_intrinsic,1
10043,ER5,ER5_L,L,cb_intrinsic,107195,EPG,EPG(PB08)_L5,L,cb_intrinsic,1
568502,ER5,ER5_R,R,cb_intrinsic,519328,EPG,EPG(PB08)_L3,L,cb_intrinsic,1
529826,ER3a_a,ER3a_a_R,R,cb_intrinsic,519328,EPG,EPG(PB08)_L3,L,cb_intrinsic,1
521535,ER5,ER5_L,L,cb_intrinsic,519328,EPG,EPG(PB08)_L3,L,cb_intrinsic,1
521528,ER5,ER5_L,L,cb_intrinsic,519328,EPG,EPG(PB08)_L3,L,cb_intrinsic,1
517603,ER3d_d,ER3d_d_R,R,cb_intrinsic,519328,EPG,EPG(PB08)_L3,L,cb_intrinsic,1
516944,ER5,ER5_L,L,cb_intrinsic,519328,EPG,EPG(PB08)_L3,L,cb_intrinsic,1
512515,ER3a_a,ER3a_a_L,L,cb_intrinsic,519328,EPG,EPG(PB08)_L3,L,cb_intrinsic,1
104306,ER3a_a,ER3a_a_L,L,cb_intrinsic,519328,EPG,EPG(PB08)_L3,L,cb_intrinsic,1
69454,ER3a_d,ER3a_d_L,L,cb_intrinsic,519328,EPG,EPG(PB08)_L3,L,cb_intrinsic,1
41908,ER3a_a,ER3a_a_L,L,cb_intrinsic,519328,EPG,EPG(PB08)_L3,L,cb_intrinsic,1
34239,ER3a_a,ER3a_a_R,R,cb_intrinsic,519328,EPG,EPG(PB08)_L3,L,cb_intrinsic,1
31121,ER3a_c,ER3a_c_L,L,cb_intrinsic,519328,EPG,EPG(PB08)_L3,L,cb_intrinsic,1
30592,ER3d_b,ER3d_b_R,R,cb_intrinsic,519328,EPG,EPG(PB08)_L3,L,cb_intrinsic,1
29791,ER3d_b,ER3d_b_L,L,cb_intrinsic,519328,EPG,EPG(PB08)_L3,L,cb_intrinsic,1
27246,ER3d_d,ER3d_d_R,R,cb_intrinsic,519328,EPG,EPG(PB08)_L3,L,cb_intrinsic,1
22001,ER5,ER5_L,L,cb_intrinsic,519328,EPG,EPG(PB08)_L3,L,cb_intrinsic,1
20514,ER3d_d,ER3d_d_L,L,cb_intrinsic,519328,EPG,EPG(PB08)_L3,L,cb_intrinsic,1
20385,ER3a_a,ER3a_a_L,L,cb_intrinsic,519328,EPG,EPG(PB08)_L3,L,cb_intrinsic,1
12059,ER5,ER5_R,R,cb_intrinsic,519328,EPG,EPG(PB08)_L3,L,cb_intrinsic,1
10043,ER5,ER5_L,L,cb_intrinsic,519328,EPG,EPG(PB08)_L3,L,cb_intrinsic,1
568502,ER5,ER5_R,R,cb_intrinsic,512928,EPG,EPG(PB08)_R3,R,cb_intrinsic,1
519329,ER3a_d,ER3a_d_R,R,cb_intrinsic,512928,EPG,EPG(PB08)_R3,R,cb_intrinsic,1
516110,ER6,ER6_R,R,cb_intrinsic,512928,EPG,EPG(PB08)_R3,R,cb_intrinsic,1
511777,ER3a_b,ER3a_b_L,L,cb_intrinsic,512928,EPG,EPG(PB08)_R3,R,cb_intrinsic,1
48956,ER3d_b,ER3d_b_R,R,cb_intrinsic,512928,EPG,EPG(PB08)_R3,R,cb_intrinsic,1
44909,ER5,ER5_L,L,cb_intrinsic,512928,EPG,EPG(PB08)_R3,R,cb_intrinsic,1
43212,ER3d_a,ER3d_a_L,L,cb_intrinsic,512928,EPG,EPG(PB08)_R3,R,cb_intrinsic,1
38001,ER3a_d,ER3a_d_L,L,cb_intrinsic,512928,EPG,EPG(PB08)_R3,R,cb_intrinsic,1
35545,ER3a_a,ER3a_a_L,L,cb_intrinsic,512928,EPG,EPG(PB08)_R3,R,cb_intrinsic,1
34737,ER3a_b,ER3a_b_R,R,cb_intrinsic,512928,EPG,EPG(PB08)_R3,R,cb_intrinsic,1
29046,ER3d_b,ER3d_b_R,R,cb_intrinsic,512928,EPG,EPG(PB08)_R3,R,cb_intrinsic,1
27052,ER3d_d,ER3d_d_R,R,cb_intrinsic,512928,EPG,EPG(PB08)_R3,R,cb_intrinsic,1
22001,ER5,ER5_L,L,cb_intrinsic,512928,EPG,EPG(PB08)_R3,R,cb_intrinsic,1
20026,ER5,ER5_L,L,cb_intrinsic,512928,EPG,EPG(PB08)_R3,R,cb_intrinsic,1
529330,ER3d_b,ER3d_b_L,L,cb_intrinsic,14507,EPG,EPG(PB08)_R7,R,cb_intrinsic,1
517603,ER3d_d,ER3d_d_R,R,cb_intrinsic,14507,EPG,EPG(PB08)_R7,R,cb_intrinsic,1
516110,ER6,ER6_R,R,cb_intrinsic,14507,EPG,EPG(PB08)_R7,R,cb_intrinsic,1
69319,ER1_a,ER1_a_R,R,cb_intrinsic,14507,EPG,EPG(PB08)_R7,R,cb_intrinsic,1
51382,ER3d_b,ER3d_b_L,L,cb_intrinsic,14507,EPG,EPG(PB08)_R7,R,cb_intrinsic,1
49869,ER3p_b,ER3p_b_R,R,cb_intrinsic,14507,EPG,EPG(PB08)_R7,R,cb_intrinsic,1
48956,ER3d_b,ER3d_b_R,R,cb_intrinsic,14507,EPG,EPG(PB08)_R7,R,cb_intrinsic,1
34038,ER3d_b,ER3d_b_L,L,cb_intrinsic,14507,EPG,EPG(PB08)_R7,R,cb_intrinsic,1
31051,ER3m,ER3m_R,R,cb_intrinsic,14507,EPG,EPG(PB08)_R7,R,cb_intrinsic,1
30592,ER3d_b,ER3d_b_R,R,cb_intrinsic,14507,EPG,EPG(PB08)_R7,R,cb_intrinsic,1
28430,ER3m,ER3m_L,L,cb_intrinsic,14507,EPG,EPG(PB08)_R7,R,cb_intrinsic,1
27052,ER3d_d,ER3d_d_R,R,cb_intrinsic,14507,EPG,EPG(PB08)_R7,R,cb_intrinsic,1
26939,ER3m,ER3m_R,R,cb_intrinsic,14507,EPG,EPG(PB08)_R7,R,cb_intrinsic,1
25329,ER3d_c,ER3d_c_L,L,cb_intrinsic,14507,EPG,EPG(PB08)_R7,R,cb_intrinsic,1
20514,ER3d_d,ER3d_d_L,L,cb_intrinsic,14507,EPG,EPG(PB08)_R7,R,cb_intrinsic,1
17561,ER3m,ER3m_R,R,cb_intrinsic,14507,EPG,EPG(PB08)_R7,R,cb_intrinsic,1
568502,ER5,ER5_R,R,cb_intrinsic,524073,EPG,EPG(PB08)_L2,L,cb_intrinsic,1
521535,ER5,ER5_L,L,cb_intrinsic,524073,EPG,EPG(PB08)_L2,L,cb_intrinsic,1
516944,ER5,ER5_L,L,cb_intrinsic,524073,EPG,EPG(PB08)_L2,L,cb_intrinsic,1
72824,ER3a_a,ER3a_a_R,R,cb_intrinsic,524073,EPG,EPG(PB08)_L2,L,cb_intrinsic,1
36384,ER1_b,ER1_b_R,R,cb_intrinsic,524073,EPG,EPG(PB08)_L2,L,cb_intrinsic,1
29842,ER3m,ER3m_R,R,cb_intrinsic,524073,EPG,EPG(PB08)_L2,L,cb_intrinsic,1
29711,ER3a_b,ER3a_b_L,L,cb_intrinsic,524073,EPG,EPG(PB08)_L2,L,cb_intrinsic,1
27348,ER3m,ER3m_L,L,cb_intrinsic,524073,EPG,EPG(PB08)_L2,L,cb_intrinsic,1
25494,ER3d_e,ER3d_e_L,L,cb_intrinsic,524073,EPG,EPG(PB08)_L2,L,cb_intrinsic,1
20026,ER5,ER5_L,L,cb_intrinsic,524073,EPG,EPG(PB08)_L2,L,cb_intrinsic,1
17171,ER5,ER5_R,R,cb_intrinsic,524073,EPG,EPG(PB08)_L2,L,cb_intrinsic,1
14464,ER6,ER6_L,L,cb_intrinsic,524073,EPG,EPG(PB08)_L2,L,cb_intrinsic,1
14284,ER5,ER5_R,R,cb_intrinsic,524073,EPG,EPG(PB08)_L2,L,cb_intrinsic,1
12059,ER5,ER5_R,R,cb_intrinsic,524073,EPG,EPG(PB08)_L2,L,cb_intrinsic,1
10043,ER5,ER5_L,L,cb_intrinsic,524073,EPG,EPG(PB08)_L2,L,cb_intrinsic,1
568502,ER5,ER5_R,R,cb_intrinsic,519144,EPG,EPG(PB08)_L8,L,cb_intrinsic,1
529847,ER3m,ER3m_L,L,cb_intrinsic,519144,EPG,EPG(PB08)_L8,L,cb_intrinsic,1
529330,ER3d_b,ER3d_b_L,L,cb_intrinsic,519144,EPG,EPG(PB08)_L8,L,cb_intrinsic,1
527297,ER5,ER5_R,R,cb_intrinsic,519144,EPG,EPG(PB08)_L8,L,cb_intrinsic,1
527150,ER3d_a,ER3d_a_L,L,cb_intrinsic,519144,EPG,EPG(PB08)_L8,L,cb_intrinsic,1
524068,ER3d_b,ER3d_b_L,L,cb_intrinsic,519144,EPG,EPG(PB08)_L8,L,cb_intrinsic,1
516944,ER5,ER5_L,L,cb_intrinsic,519144,EPG,EPG(PB08)_L8,L,cb_intrinsic,1
514180,ER3p_b,ER3p_b_R,R,cb_intrinsic,519144,EPG,EPG(PB08)_L8,L,cb_intrinsic,1
513379,ER5,ER5_R,R,cb_intrinsic,519144,EPG,EPG(PB08)_L8,L,cb_intrinsic,1
69454,ER3a_d,ER3a_d_L,L,cb_intrinsic,519144,EPG,EPG(PB08)_L8,L,cb_intrinsic,1
54912,ER3d_b,ER3d_b_L,L,cb_intrinsic,519144,EPG,EPG(PB08)_L8,L,cb_intrinsic,1
45134,ER3p_b,ER3p_b_L,L,cb_intrinsic,519144,EPG,EPG(PB08)_L8,L,cb_intrinsic,1
44909,ER5,ER5_L,L,cb_intrinsic,519144,EPG,EPG(PB08)_L8,L,cb_intrinsic,1
44814,ER3m,ER3m_L,L,cb_intrinsic,519144,EPG,EPG(PB08)_L8,L,cb_intrinsic,1
41908,ER3a_a,ER3a_a_L,L,cb_intrinsic,519144,EPG,EPG(PB08)_L8,L,cb_intrinsic,1
31121,ER3a_c,ER3a_c_L,L,cb_intrinsic,519144,EPG,EPG(PB08)_L8,L,cb_intrinsic,1
31051,ER3m,ER3m_R,R,cb_intrinsic,519144,EPG,EPG(PB08)_L8,L,cb_intrinsic,1
30592,ER3d_b,ER3d_b_R,R,cb_intrinsic,519144,EPG,EPG(PB08)_L8,L,cb_intrinsic,1
30522,ER3d_b,ER3d_b_R,R,cb_intrinsic,519144,EPG,EPG(PB08)_L8,L,cb_intrinsic,1
29046,ER3d_b,ER3d_b_R,R,cb_intrinsic,519144,EPG,EPG(PB08)_L8,L,cb_intrinsic,1
27052,ER3d_d,ER3d_d_R,R,cb_intrinsic,519144,EPG,EPG(PB08)_L8,L,cb_intrinsic,1
26939,ER3m,ER3m_R,R,cb_intrinsic,519144,EPG,EPG(PB08)_L8,L,cb_intrinsic,1
26295,ER3m,ER3m_R,R,cb_intrinsic,519144,EPG,EPG(PB08)_L8,L,cb_intrinsic,1
25494,ER3d_e,ER3d_e_L,L,cb_intrinsic,519144,EPG,EPG(PB08)_L8,L,cb_intrinsic,1
20514,ER3d_d,ER3d_d_L,L,cb_intrinsic,519144,EPG,EPG(PB08)_L8,L,cb_intrinsic,1
17078,ER5,ER5_R,R,cb_intrinsic,519144,EPG,EPG(PB08)_L8,L,cb_intrinsic,1
14464,ER6,ER6_L,L,cb_intrinsic,519144,EPG,EPG(PB08)_L8,L,cb_intrinsic,1
14284,ER5,ER5_R,R,cb_intrinsic,519144,EPG,EPG(PB08)_L8,L,cb_intrinsic,1
11605,ER5,ER5_R,R,cb_intrinsic,519144,EPG,EPG(PB08)_L8,L,cb_intrinsic,1
10043,ER5,ER5_L,L,cb_intrinsic,519144,EPG,EPG(PB08)_L8,L,cb_intrinsic,1
533062,ER3a_a,ER3a_a_L,L,cb_intrinsic,512305,EPG,EPG(PB08)_R8,R,cb_intrinsic,1
530339,ER3d_d,ER3d_d_L,L,cb_intrinsic,512305,EPG,EPG(PB08)_R8,R,cb_intrinsic,1
527297,ER5,ER5_R,R,cb_intrinsic,512305,EPG,EPG(PB08)_R8,R,cb_intrinsic,1
523035,ER3a_a,ER3a_a_R,R,cb_intrinsic,512305,EPG,EPG(PB08)_R8,R,cb_intrinsic,1
516944,ER5,ER5_L,L,cb_intrinsic,512305,EPG,EPG(PB08)_R8,R,cb_intrinsic,1
47464,ER3d_d,ER3d_d_R,R,cb_intrinsic,512305,EPG,EPG(PB08)_R8,R,cb_intrinsic,1
47036,ER3d_a,ER3d_a_R,R,cb_intrinsic,512305,EPG,EPG(PB08)_R8,R,cb_intrinsic,1
44127,ER3d_d,ER3d_d_R,R,cb_intrinsic,512305,EPG,EPG(PB08)_R8,R,cb_intrinsic,1
34922,ER3a_b,ER3a_b_R,R,cb_intrinsic,512305,EPG,EPG(PB08)_R8,R,cb_intrinsic,1
31051,ER3m,ER3m_R,R,cb_intrinsic,512305,EPG,EPG(PB08)_R8,R,cb_intrinsic,1
28430,ER3m,ER3m_L,L,cb_intrinsic,512305,EPG,EPG(PB08)_R8,R,cb_intrinsic,1
27903,ER3d_d,ER3d_d_L,L,cb_intrinsic,512305,EPG,EPG(PB08)_R8,R,cb_intrinsic,1
20514,ER3d_d,ER3d_d_L,L,cb_intrinsic,512305,EPG,EPG(PB08)_R8,R,cb_intrinsic,1
20026,ER5,ER5_L,L,cb_intrinsic,512305,EPG,EPG(PB08)_R8,R,cb_intrinsic,1
568502,ER5,ER5_R,R,cb_intrinsic,513464,EPG,EPG(PB08)_R8,R,cb_intrinsic,1
530339,ER3d_d,ER3d_d_L,L,cb_intrinsic,513464,EPG,EPG(PB08)_R8,R,cb_intrinsic,1
529330,ER3d_b,ER3d_b_L,L,cb_intrinsic,513464,EPG,EPG(PB08)_R8,R,cb_intrinsic,1
517603,ER3d_d,ER3d_d_R,R,cb_intrinsic,513464,EPG,EPG(PB08)_R8,R,cb_intrinsic,1
59230,ER3m,ER3m_R,R,cb_intrinsic,513464,EPG,EPG(PB08)_R8,R,cb_intrinsic,1
44909,ER5,ER5_L,L,cb_intrinsic,513464,EPG,EPG(PB08)_R8,R,cb_intrinsic,1
41665,ER3a_c,ER3a_c_L,L,cb_intrinsic,513464,EPG,EPG(PB08)_R8,R,cb_intrinsic,1
36327,ER3a_a,ER3a_a_R,R,cb_intrinsic,513464,EPG,EPG(PB08)_R8,R,cb_intrinsic,1
31541,ER3d_d,ER3d_d_R,R,cb_intrinsic,513464,EPG,EPG(PB08)_R8,R,cb_intrinsic,1
29791,ER3d_b,ER3d_b_L,L,cb_intrinsic,513464,EPG,EPG(PB08)_R8,R,cb_intrinsic,1
28627,ER3m,ER3m_L,L,cb_intrinsic,513464,EPG,EPG(PB08)_R8,R,cb_intrinsic,1
27903,ER3d_d,ER3d_d_L,L,cb_intrinsic,513464,EPG,EPG(PB08)_R8,R,cb_intrinsic,1
27454,ER3d_c,ER3d_c_R,R,cb_intrinsic,513464,EPG,EPG(PB08)_R8,R,cb_intrinsic,1
26841,ER3a_a,ER3a_a_L,L,cb_intrinsic,513464,EPG,EPG(PB08)_R8,R,cb_intrinsic,1
17419,ER6,ER6_R,R,cb_intrinsic,513464,EPG,EPG(PB08)_R8,R,cb_intrinsic,1
17171,ER5,ER5_R,R,cb_intrinsic,513464,EPG,EPG(PB08)_R8,R,cb_intrinsic,1
10043,ER5,ER5_L,L,cb_intrinsic,513464,EPG,EPG(PB08)_R8,R,cb_intrinsic,1
568502,ER5,ER5_R,R,cb_intrinsic,19825,EPG,EPG(PB08)_R6,R,cb_intrinsic,1
544496,ER3a_c,ER3a_c_R,R,cb_intrinsic,19825,EPG,EPG(PB08)_R6,R,cb_intrinsic,1
524068,ER3d_b,ER3d_b_L,L,cb_intrinsic,19825,EPG,EPG(PB08)_R6,R,cb_intrinsic,1
521534,ER5,ER5_L,L,cb_intrinsic,19825,EPG,EPG(PB08)_R6,R,cb_intrinsic,1
516944,ER5,ER5_L,L,cb_intrinsic,19825,EPG,EPG(PB08)_R6,R,cb_intrinsic,1
516110,ER6,ER6_R,R,cb_intrinsic,19825,EPG,EPG(PB08)_R6,R,cb_intrinsic,1
63782,ER3d_c,ER3d_c_L,L,cb_intrinsic,19825,EPG,EPG(PB08)_R6,R,cb_intrinsic,1
59230,ER3m,ER3m_R,R,cb_intrinsic,19825,EPG,EPG(PB08)_R6,R,cb_intrinsic,1
44127,ER3d_d,ER3d_d_R,R,cb_intrinsic,19825,EPG,EPG(PB08)_R6,R,cb_intrinsic,1
34038,ER3d_b,ER3d_b_L,L,cb_intrinsic,19825,EPG,EPG(PB08)_R6,R,cb_intrinsic,1
29177,ER3d_b,ER3d_b_R,R,cb_intrinsic,19825,EPG,EPG(PB08)_R6,R,cb_intrinsic,1
28430,ER3m,ER3m_L,L,cb_intrinsic,19825,EPG,EPG(PB08)_R6,R,cb_intrinsic,1
27052,ER3d_d,ER3d_d_R,R,cb_intrinsic,19825,EPG,EPG(PB08)_R6,R,cb_intrinsic,1
20026,ER5,ER5_L,L,cb_intrinsic,19825,EPG,EPG(PB08)_R6,R,cb_intrinsic,1
18633,ER5,ER5_L,L,cb_intrinsic,19825,EPG,EPG(PB08)_R6,R,cb_intrinsic,1
17419,ER6,ER6_R,R,cb_intrinsic,19825,EPG,EPG(PB08)_R6,R,cb_intrinsic,1
14963,ER5,ER5_L,L,cb_intrinsic,19825,EPG,EPG(PB08)_R6,R,cb_intrinsic,1
12059,ER5,ER5_R,R,cb_intrinsic,19825,EPG,EPG(PB08)_R6,R,cb_intrinsic,1
544496,ER3a_c,ER3a_c_R,R,cb_intrinsic,11307,EPG,EPG(PB08)_L4,L,cb_intrinsic,1
533062,ER3a_a,ER3a_a_L,L,cb_intrinsic,11307,EPG,EPG(PB08)_L4,L,cb_intrinsic,1
527297,ER5,ER5_R,R,cb_intrinsic,11307,EPG,EPG(PB08)_L4,L,cb_intrinsic,1
521535,ER5,ER5_L,L,cb_intrinsic,11307,EPG,EPG(PB08)_L4,L,cb_intrinsic,1
521528,ER5,ER5_L,L,cb_intrinsic,11307,EPG,EPG(PB08)_L4,L,cb_intrinsic,1
512319,ER6,ER6_L,L,cb_intrinsic,11307,EPG,EPG(PB08)_L4,L,cb_intrinsic,1
63782,ER3d_c,ER3d_c_L,L,cb_intrinsic,11307,EPG,EPG(PB08)_L4,L,cb_intrinsic,1
46262,ER3d_b,ER3d_b_L,L,cb_intrinsic,11307,EPG,EPG(PB08)_L4,L,cb_intrinsic,1
37817,ER3d_e,ER3d_e_R,R,cb_intrinsic,11307,EPG,EPG(PB08)_L4,L,cb_intrinsic,1
34922,ER3a_b,ER3a_b_R,R,cb_intrinsic,11307,EPG,EPG(PB08)_L4,L,cb_intrinsic,1
30443,ER3a_c,ER3a_c_R,R,cb_intrinsic,11307,EPG,EPG(PB08)_L4,L,cb_intrinsic,1
29842,ER3m,ER3m_R,R,cb_intrinsic,11307,EPG,EPG(PB08)_L4,L,cb_intrinsic,1
29791,ER3d_b,ER3d_b_L,L,cb_intrinsic,11307,EPG,EPG(PB08)_L4,L,cb_intrinsic,1
28430,ER3m,ER3m_L,L,cb_intrinsic,11307,EPG,EPG(PB08)_L4,L,cb_intrinsic,1
22001,ER5,ER5_L,L,cb_intrinsic,11307,EPG,EPG(PB08)_L4,L,cb_intrinsic,1
20514,ER3d_d,ER3d_d_L,L,cb_intrinsic,11307,EPG,EPG(PB08)_L4,L,cb_intrinsic,1
533062,ER3a_a,ER3a_a_L,L,cb_intrinsic,11503,EPG,EPG(PB08)_R8,R,cb_intrinsic,1
529847,ER3m,ER3m_L,L,cb_intrinsic,11503,EPG,EPG(PB08)_R8,R,cb_intrinsic,1
516110,ER6,ER6_R,R,cb_intrinsic,11503,EPG,EPG(PB08)_R8,R,cb_intrinsic,1
48318,ER3d_c,ER3d_c_L,L,cb_intrinsic,11503,EPG,EPG(PB08)_R8,R,cb_intrinsic,1
44830,ER3d_e,ER3d_e_R,R,cb_intrinsic,11503,EPG,EPG(PB08)_R8,R,cb_intrinsic,1
44422,ER3m,ER3m_L,L,cb_intrinsic,11503,EPG,EPG(PB08)_R8,R,cb_intrinsic,1
31684,ER3d_a,ER3d_a_R,R,cb_intrinsic,11503,EPG,EPG(PB08)_R8,R,cb_intrinsic,1
30592,ER3d_b,ER3d_b_R,R,cb_intrinsic,11503,EPG,EPG(PB08)_R8,R,cb_intrinsic,1
29177,ER3d_b,ER3d_b_R,R,cb_intrinsic,11503,EPG,EPG(PB08)_R8,R,cb_intrinsic,1
27269,ER3d_c,ER3d_c_L,L,cb_intrinsic,11503,EPG,EPG(PB08)_R8,R,cb_intrinsic,1
22644,ER3d_a,ER3d_a_R,R,cb_intrinsic,11503,EPG,EPG(PB08)_R8,R,cb_intrinsic,1
17419,ER6,ER6_R,R,cb_intrinsic,11503,EPG,EPG(PB08)_R8,R,cb_intrinsic,1
533062,ER3a_a,ER3a_a_L,L,cb_intrinsic,84758,EPG,EPG(PB08)_L7,L,cb_intrinsic,1
527199,ER3d_e,ER3d_e_L,L,cb_intrinsic,84758,EPG,EPG(PB08)_L7,L,cb_intrinsic,1
522759,ER3d_d,ER3d_d_L,L,cb_intrinsic,84758,EPG,EPG(PB08)_L7,L,cb_intrinsic,1
517603,ER3d_d,ER3d_d_R,R,cb_intrinsic,84758,EPG,EPG(PB08)_L7,L,cb_intrinsic,1
104306,ER3a_a,ER3a_a_L,L,cb_intrinsic,84758,EPG,EPG(PB08)_L7,L,cb_intrinsic,1
50808,ER4d,ER4d_L,L,cb_intrinsic,84758,EPG,EPG(PB08)_L7,L,cb_intrinsic,1
47464,ER3d_d,ER3d_d_R,R,cb_intrinsic,84758,EPG,EPG(PB08)_L7,L,cb_intrinsic,1
44422,ER3m,ER3m_L,L,cb_intrinsic,84758,EPG,EPG(PB08)_L7,L,cb_intrinsic,1
34922,ER3a_b,ER3a_b_R,R,cb_intrinsic,84758,EPG,EPG(PB08)_L7,L,cb_intrinsic,1
29842,ER3m,ER3m_R,R,cb_intrinsic,84758,EPG,EPG(PB08)_L7,L,cb_intrinsic,1
26841,ER3a_a,ER3a_a_L,L,cb_intrinsic,84758,EPG,EPG(PB08)_L7,L,cb_intrinsic,1
23197,ER4d,ER4d_L,L,cb_intrinsic,84758,EPG,EPG(PB08)_L7,L,cb_intrinsic,1
11605,ER5,ER5_R,R,cb_intrinsic,84758,EPG,EPG(PB08)_L7,L,cb_intrinsic,1
529847,ER3m,ER3m_L,L,cb_intrinsic,520812,EPG,EPG(PB08)_R8,R,cb_intrinsic,1
522806,ER3d_c,ER3d_c_R,R,cb_intrinsic,520812,EPG,EPG(PB08)_R8,R,cb_intrinsic,1
522759,ER3d_d,ER3d_d_L,L,cb_intrinsic,520812,EPG,EPG(PB08)_R8,R,cb_intrinsic,1
516944,ER5,ER5_L,L,cb_intrinsic,520812,EPG,EPG(PB08)_R8,R,cb_intrinsic,1
516110,ER6,ER6_R,R,cb_intrinsic,520812,EPG,EPG(PB08)_R8,R,cb_intrinsic,1
512515,ER3a_a,ER3a_a_L,L,cb_intrinsic,520812,EPG,EPG(PB08)_R8,R,cb_intrinsic,1
104306,ER3a_a,ER3a_a_L,L,cb_intrinsic,520812,EPG,EPG(PB08)_R8,R,cb_intrinsic,1
59230,ER3m,ER3m_R,R,cb_intrinsic,520812,EPG,EPG(PB08)_R8,R,cb_intrinsic,1
44127,ER3d_d,ER3d_d_R,R,cb_intrinsic,520812,EPG,EPG(PB08)_R8,R,cb_intrinsic,1
39503,ER3p_a,ER3p_a_L,L,cb_intrinsic,520812,EPG,EPG(PB08)_R8,R,cb_intrinsic,1
37058,ER1_b,ER1_b_R,R,cb_intrinsic,520812,EPG,EPG(PB08)_R8,R,cb_intrinsic,1
34922,ER3a_b,ER3a_b_R,R,cb_intrinsic,520812,EPG,EPG(PB08)_R8,R,cb_intrinsic,1
30674,ER3d_b,ER3d_b_R,R,cb_intrinsic,520812,EPG,EPG(PB08)_R8,R,cb_intrinsic,1
30443,ER3a_c,ER3a_c_R,R,cb_intrinsic,520812,EPG,EPG(PB08)_R8,R,cb_intrinsic,1
29711,ER3a_b,ER3a_b_L,L,cb_intrinsic,520812,EPG,EPG(PB08)_R8,R,cb_intrinsic,1
27246,ER3d_d,ER3d_d_R,R,cb_intrinsic,520812,EPG,EPG(PB08)_R8,R,cb_intrinsic,1
516110,ER6,ER6_R,R,cb_intrinsic,513284,EPG,EPG(PB08)_R3,R,cb_intrinsic,1
512515,ER3a_a,ER3a_a_L,L,cb_intrinsic,513284,EPG,EPG(PB08)_R3,R,cb_intrinsic,1
59230,ER3m,ER3m_R,R,cb_intrinsic,513284,EPG,EPG(PB08)_R3,R,cb_intrinsic,1
35545,ER3a_a,ER3a_a_L,L,cb_intrinsic,513284,EPG,EPG(PB08)_R3,R,cb_intrinsic,1
34922,ER3a_b,ER3a_b_R,R,cb_intrinsic,513284,EPG,EPG(PB08)_R3,R,cb_intrinsic,1
33911,ER3a_b,ER3a_b_R,R,cb_intrinsic,513284,EPG,EPG(PB08)_R3,R,cb_intrinsic,1
29842,ER3m,ER3m_R,R,cb_intrinsic,513284,EPG,EPG(PB08)_R3,R,cb_intrinsic,1
26841,ER3a_a,ER3a_a_L,L,cb_intrinsic,513284,EPG,EPG(PB08)_R3,R,cb_intrinsic,1
14284,ER5,ER5_R,R,cb_intrinsic,513284,EPG,EPG(PB08)_R3,R,cb_intrinsic,1
533062,ER3a_a,ER3a_a_L,L,cb_intrinsic,556346,EPG,EPG(PB08)_L6,L,cb_intrinsic,1
532637,ER3m,ER3m_R,R,cb_intrinsic,556346,EPG,EPG(PB08)_L6,L,cb_intrinsic,1
527150,ER3d_a,ER3d_a_L,L,cb_intrinsic,556346,EPG,EPG(PB08)_L6,L,cb_intrinsic,1
522759,ER3d_d,ER3d_d_L,L,cb_intrinsic,556346,EPG,EPG(PB08)_L6,L,cb_intrinsic,1
59230,ER3m,ER3m_R,R,cb_intrinsic,556346,EPG,EPG(PB08)_L6,L,cb_intrinsic,1
48956,ER3d_b,ER3d_b_R,R,cb_intrinsic,556346,EPG,EPG(PB08)_L6,L,cb_intrinsic,1
44422,ER3m,ER3m_L,L,cb_intrinsic,556346,EPG,EPG(PB08)_L6,L,cb_intrinsic,1
44127,ER3d_d,ER3d_d_R,R,cb_intrinsic,556346,EPG,EPG(PB08)_L6,L,cb_intrinsic,1
40558,ER3d_b,ER3d_b_L,L,cb_intrinsic,556346,EPG,EPG(PB08)_L6,L,cb_intrinsic,1
34038,ER3d_b,ER3d_b_L,L,cb_intrinsic,556346,EPG,EPG(PB08)_L6,L,cb_intrinsic,1
30674,ER3d_b,ER3d_b_R,R,cb_intrinsic,556346,EPG,EPG(PB08)_L6,L,cb_intrinsic,1
29046,ER3d_b,ER3d_b_R,R,cb_intrinsic,556346,EPG,EPG(PB08)_L6,L,cb_intrinsic,1
20026,ER5,ER5_L,L,cb_intrinsic,556346,EPG,EPG(PB08)_L6,L,cb_intrinsic,1
17078,ER5,ER5_R,R,cb_intrinsic,556346,EPG,EPG(PB08)_L6,L,cb_intrinsic,1
11605,ER5,ER5_R,R,cb_intrinsic,556346,EPG,EPG(PB08)_L6,L,cb_intrinsic,1
532637,ER3m,ER3m_R,R,cb_intrinsic,523786,EPG,EPG(PB08)_R4,R,cb_intrinsic,1
516110,ER6,ER6_R,R,cb_intrinsic,523786,EPG,EPG(PB08)_R4,R,cb_intrinsic,1
512515,ER3a_a,ER3a_a_L,L,cb_intrinsic,523786,EPG,EPG(PB08)_R4,R,cb_intrinsic,1
69454,ER3a_d,ER3a_d_L,L,cb_intrinsic,523786,EPG,EPG(PB08)_R4,R,cb_intrinsic,1
33911,ER3a_b,ER3a_b_R,R,cb_intrinsic,523786,EPG,EPG(PB08)_R4,R,cb_intrinsic,1
31051,ER3m,ER3m_R,R,cb_intrinsic,523786,EPG,EPG(PB08)_R4,R,cb_intrinsic,1
25494,ER3d_e,ER3d_e_L,L,cb_intrinsic,523786,EPG,EPG(PB08)_R4,R,cb_intrinsic,1
533062,ER3a_a,ER3a_a_L,L,cb_intrinsic,11987,EPG,EPG(PB08)_R5,R,cb_intrinsic,1
532637,ER3m,ER3m_R,R,cb_intrinsic,11987,EPG,EPG(PB08)_R5,R,cb_intrinsic,1
52832,ER3m,ER3m_R,R,cb_intrinsic,11987,EPG,EPG(PB08)_R5,R,cb_intrinsic,1
51382,ER3d_b,ER3d_b_L,L,cb_intrinsic,11987,EPG,EPG(PB08)_R5,R,cb_intrinsic,1
44422,ER3m,ER3m_L,L,cb_intrinsic,11987,EPG,EPG(PB08)_R5,R,cb_intrinsic,1
41665,ER3a_c,ER3a_c_L,L,cb_intrinsic,11987,EPG,EPG(PB08)_R5,R,cb_intrinsic,1
30371,ER1_a,ER1_a_R,R,cb_intrinsic,11987,EPG,EPG(PB08)_R5,R,cb_intrinsic,1
29177,ER3d_b,ER3d_b_R,R,cb_intrinsic,11987,EPG,EPG(PB08)_R5,R,cb_intrinsic,1
28701,ER3d_b,ER3d_b_R,R,cb_intrinsic,11987,EPG,EPG(PB08)_R5,R,cb_intrinsic,1
28627,ER3m,ER3m_L,L,cb_intrinsic,11987,EPG,EPG(PB08)_R5,R,cb_intrinsic,1
26939,ER3m,ER3m_R,R,cb_intrinsic,11987,EPG,EPG(PB08)_R5,R,cb_intrinsic,1
26295,ER3m,ER3m_R,R,cb_intrinsic,11987,EPG,EPG(PB08)_R5,R,cb_intrinsic,1
17561,ER3m,ER3m_R,R,cb_intrinsic,11987,EPG,EPG(PB08)_R5,R,cb_intrinsic,1
532637,ER3m,ER3m_R,R,cb_intrinsic,513033,EPG,EPG(PB08)_L8,L,cb_intrinsic,1
529847,ER3m,ER3m_L,L,cb_intrinsic,513033,EPG,EPG(PB08)_L8,L,cb_intrinsic,1
524068,ER3d_b,ER3d_b_L,L,cb_intrinsic,513033,EPG,EPG(PB08)_L8,L,cb_intrinsic,1
521535,ER5,ER5_L,L,cb_intrinsic,513033,EPG,EPG(PB08)_L8,L,cb_intrinsic,1
521534,ER5,ER5_L,L,cb_intrinsic,513033,EPG,EPG(PB08)_L8,L,cb_intrinsic,1
59230,ER3m,ER3m_R,R,cb_intrinsic,513033,EPG,EPG(PB08)_L8,L,cb_intrinsic,1
44814,ER3m,ER3m_L,L,cb_intrinsic,513033,EPG,EPG(PB08)_L8,L,cb_intrinsic,1
36327,ER3a_a,ER3a_a_R,R,cb_intrinsic,513033,EPG,EPG(PB08)_L8,L,cb_intrinsic,1
35545,ER3a_a,ER3a_a_L,L,cb_intrinsic,513033,EPG,EPG(PB08)_L8,L,cb_intrinsic,1
34038,ER3d_b,ER3d_b_L,L,cb_intrinsic,513033,EPG,EPG(PB08)_L8,L,cb_intrinsic,1
28627,ER3m,ER3m_L,L,cb_intrinsic,513033,EPG,EPG(PB08)_L8,L,cb_intrinsic,1
28430,ER3m,ER3m_L,L,cb_intrinsic,513033,EPG,EPG(PB08)_L8,L,cb_intrinsic,1
27348,ER3m,ER3m_L,L,cb_intrinsic,513033,EPG,EPG(PB08)_L8,L,cb_intrinsic,1
27013,ER3m,ER3m_L,L,cb_intrinsic,513033,EPG,EPG(PB08)_L8,L,cb_intrinsic,1
26841,ER3a_a,ER3a_a_L,L,cb_intrinsic,513033,EPG,EPG(PB08)_L8,L,cb_intrinsic,1
20514,ER3d_d,ER3d_d_L,L,cb_intrinsic,513033,EPG,EPG(PB08)_L8,L,cb_intrinsic,1
19169,ER3m,ER3m_L,L,cb_intrinsic,513033,EPG,EPG(PB08)_L8,L,cb_intrinsic,1
19072,ER5,ER5_R,R,cb_intrinsic,513033,EPG,EPG(PB08)_L8,L,cb_intrinsic,1
544496,ER3a_c,ER3a_c_R,R,cb_intrinsic,19125,EPG,EPG(PB08)_R5,R,cb_intrinsic,1
530339,ER3d_d,ER3d_d_L,L,cb_intrinsic,19125,EPG,EPG(PB08)_R5,R,cb_intrinsic,1
521534,ER5,ER5_L,L,cb_intrinsic,19125,EPG,EPG(PB08)_R5,R,cb_intrinsic,1
519329,ER3a_d,ER3a_d_R,R,cb_intrinsic,19125,EPG,EPG(PB08)_R5,R,cb_intrinsic,1
516944,ER5,ER5_L,L,cb_intrinsic,19125,EPG,EPG(PB08)_R5,R,cb_intrinsic,1
513379,ER5,ER5_R,R,cb_intrinsic,19125,EPG,EPG(PB08)_R5,R,cb_intrinsic,1
511777,ER3a_b,ER3a_b_L,L,cb_intrinsic,19125,EPG,EPG(PB08)_R5,R,cb_intrinsic,1
44422,ER3m,ER3m_L,L,cb_intrinsic,19125,EPG,EPG(PB08)_R5,R,cb_intrinsic,1
41908,ER3a_a,ER3a_a_L,L,cb_intrinsic,19125,EPG,EPG(PB08)_R5,R,cb_intrinsic,1
33911,ER3a_b,ER3a_b_R,R,cb_intrinsic,19125,EPG,EPG(PB08)_R5,R,cb_intrinsic,1
30206,ER5,ER5_R,R,cb_intrinsic,19125,EPG,EPG(PB08)_R5,R,cb_intrinsic,1
30171,ER3a_a,ER3a_a_R,R,cb_intrinsic,19125,EPG,EPG(PB08)_R5,R,cb_intrinsic,1
28627,ER3m,ER3m_L,L,cb_intrinsic,19125,EPG,EPG(PB08)_R5,R,cb_intrinsic,1
26841,ER3a_a,ER3a_a_L,L,cb_intrinsic,19125,EPG,EPG(PB08)_R5,R,cb_intrinsic,1
26295,ER3m,ER3m_R,R,cb_intrinsic,19125,EPG,EPG(PB08)_R5,R,cb_intrinsic,1
17078,ER5,ER5_R,R,cb_intrinsic,19125,EPG,EPG(PB08)_R5,R,cb_intrinsic,1
527297,ER5,ER5_R,R,cb_intrinsic,131313,EPG,EPG(PB08)_R6,R,cb_intrinsic,1
521528,ER5,ER5_L,L,cb_intrinsic,131313,EPG,EPG(PB08)_R6,R,cb_intrinsic,1
517603,ER3d_d,ER3d_d_R,R,cb_intrinsic,131313,EPG,EPG(PB08)_R6,R,cb_intrinsic,1
512515,ER3a_a,ER3a_a_L,L,cb_intrinsic,131313,EPG,EPG(PB08)_R6,R,cb_intrinsic,1
48956,ER3d_b,ER3d_b_R,R,cb_intrinsic,131313,EPG,EPG(PB08)_R6,R,cb_intrinsic,1
42264,ER3d_e,ER3d_e_R,R,cb_intrinsic,131313,EPG,EPG(PB08)_R6,R,cb_intrinsic,1
39798,ER5,ER5_L,L,cb_intrinsic,131313,EPG,EPG(PB08)_R6,R,cb_intrinsic,1
38268,ER1_b,ER1_b_R,R,cb_intrinsic,131313,EPG,EPG(PB08)_R6,R,cb_intrinsic,1
36327,ER3a_a,ER3a_a_R,R,cb_intrinsic,131313,EPG,EPG(PB08)_R6,R,cb_intrinsic,1
34038,ER3d_b,ER3d_b_L,L,cb_intrinsic,131313,EPG,EPG(PB08)_R6,R,cb_intrinsic,1
30443,ER3a_c,ER3a_c_R,R,cb_intrinsic,131313,EPG,EPG(PB08)_R6,R,cb_intrinsic,1
30178,ER3d_b,ER3d_b_R,R,cb_intrinsic,131313,EPG,EPG(PB08)_R6,R,cb_intrinsic,1
29177,ER3d_b,ER3d_b_R,R,cb_intrinsic,131313,EPG,EPG(PB08)_R6,R,cb_intrinsic,1
28430,ER3m,ER3m_L,L,cb_intrinsic,131313,EPG,EPG(PB08)_R6,R,cb_intrinsic,1
27903,ER3d_d,ER3d_d_L,L,cb_intrinsic,131313,EPG,EPG(PB08)_R6,R,cb_intrinsic,1
26939,ER3m,ER3m_R,R,cb_intrinsic,131313,EPG,EPG(PB08)_R6,R,cb_intrinsic,1
22001,ER5,ER5_L,L,cb_intrinsic,131313,EPG,EPG(PB08)_R6,R,cb_intrinsic,1
20514,ER3d_d,ER3d_d_L,L,cb_intrinsic,131313,EPG,EPG(PB08)_R6,R,cb_intrinsic,1
513379,ER5,ER5_R,R,cb_intrinsic,513517,EPG,EPG(PB08)_L4,L,cb_intrinsic,1
512608,ER3d_b,ER3d_b_R,R,cb_intrinsic,513517,EPG,EPG(PB08)_L4,L,cb_intrinsic,1
48318,ER3d_c,ER3d_c_L,L,cb_intrinsic,513517,EPG,EPG(PB08)_L4,L,cb_intrinsic,1
44909,ER5,ER5_L,L,cb_intrinsic,513517,EPG,EPG(PB08)_L4,L,cb_intrinsic,1
39798,ER5,ER5_L,L,cb_intrinsic,513517,EPG,EPG(PB08)_L4,L,cb_intrinsic,1
33911,ER3a_b,ER3a_b_R,R,cb_intrinsic,513517,EPG,EPG(PB08)_L4,L,cb_intrinsic,1
26841,ER3a_a,ER3a_a_L,L,cb_intrinsic,513517,EPG,EPG(PB08)_L4,L,cb_intrinsic,1
568502,ER5,ER5_R,R,cb_intrinsic,556347,EPG,EPG(PB08)_R4,R,cb_intrinsic,1
532637,ER3m,ER3m_R,R,cb_intrinsic,556347,EPG,EPG(PB08)_R4,R,cb_intrinsic,1
522759,ER3d_d,ER3d_d_L,L,cb_intrinsic,556347,EPG,EPG(PB08)_R4,R,cb_intrinsic,1
513379,ER5,ER5_R,R,cb_intrinsic,556347,EPG,EPG(PB08)_R4,R,cb_intrinsic,1
511777,ER3a_b,ER3a_b_L,L,cb_intrinsic,556347,EPG,EPG(PB08)_R4,R,cb_intrinsic,1
104306,ER3a_a,ER3a_a_L,L,cb_intrinsic,556347,EPG,EPG(PB08)_R4,R,cb_intrinsic,1
47859,ER3d_c,ER3d_c_R,R,cb_intrinsic,556347,EPG,EPG(PB08)_R4,R,cb_intrinsic,1
47464,ER3d_d,ER3d_d_R,R,cb_intrinsic,556347,EPG,EPG(PB08)_R4,R,cb_intrinsic,1
40558,ER3d_b,ER3d_b_L,L,cb_intrinsic,556347,EPG,EPG(PB08)_R4,R,cb_intrinsic,1
37817,ER3d_e,ER3d_e_R,R,cb_intrinsic,556347,EPG,EPG(PB08)_R4,R,cb_intrinsic,1
37437,ER3d_e,ER3d_e_L,L,cb_intrinsic,556347,EPG,EPG(PB08)_R4,R,cb_intrinsic,1
34038,ER3d_b,ER3d_b_L,L,cb_intrinsic,556347,EPG,EPG(PB08)_R4,R,cb_intrinsic,1
31263,ER3d_b,ER3d_b_R,R,cb_intrinsic,556347,EPG,EPG(PB08)_R4,R,cb_intrinsic,1
29842,ER3m,ER3m_R,R,cb_intrinsic,556347,EPG,EPG(PB08)_R4,R,cb_intrinsic,1
29711,ER3a_b,ER3a_b_L,L,cb_intrinsic,556347,EPG,EPG(PB08)_R4,R,cb_intrinsic,1
29177,ER3d_b,ER3d_b_R,R,cb_intrinsic,556347,EPG,EPG(PB08)_R4,R,cb_intrinsic,1
23859,ER3a_d,ER3a_d_R,R,cb_intrinsic,556347,EPG,EPG(PB08)_R4,R,cb_intrinsic,1
11605,ER5,ER5_R,R,cb_intrinsic,556347,EPG,EPG(PB08)_R4,R,cb_intrinsic,1
568502,ER5,ER5_R,R,cb_intrinsic,521409,EPG,EPG(PB08)_L8,L,cb_intrinsic,1
544496,ER3a_c,ER3a_c_R,R,cb_intrinsic,521409,EPG,EPG(PB08)_L8,L,cb_intrinsic,1
532637,ER3m,ER3m_R,R,cb_intrinsic,521409,EPG,EPG(PB08)_L8,L,cb_intrinsic,1
527297,ER5,ER5_R,R,cb_intrinsic,521409,EPG,EPG(PB08)_L8,L,cb_intrinsic,1
521535,ER5,ER5_L,L,cb_intrinsic,521409,EPG,EPG(PB08)_L8,L,cb_intrinsic,1
69454,ER3a_d,ER3a_d_L,L,cb_intrinsic,521409,EPG,EPG(PB08)_L8,L,cb_intrinsic,1
47859,ER3d_c,ER3d_c_R,R,cb_intrinsic,521409,EPG,EPG(PB08)_L8,L,cb_intrinsic,1
44422,ER3m,ER3m_L,L,cb_intrinsic,521409,EPG,EPG(PB08)_L8,L,cb_intrinsic,1
31681,ER1_a,ER1_a_R,R,cb_intrinsic,521409,EPG,EPG(PB08)_L8,L,cb_intrinsic,1
30443,ER3a_c,ER3a_c_R,R,cb_intrinsic,521409,EPG,EPG(PB08)_L8,L,cb_intrinsic,1
30206,ER5,ER5_R,R,cb_intrinsic,521409,EPG,EPG(PB08)_L8,L,cb_intrinsic,1
29842,ER3m,ER3m_R,R,cb_intrinsic,521409,EPG,EPG(PB08)_L8,L,cb_intrinsic,1
29711,ER3a_b,ER3a_b_L,L,cb_intrinsic,521409,EPG,EPG(PB08)_L8,L,cb_intrinsic,1
18633,ER5,ER5_L,L,cb_intrinsic,521409,EPG,EPG(PB08)_L8,L,cb_intrinsic,1
17078,ER5,ER5_R,R,cb_intrinsic,521409,EPG,EPG(PB08)_L8,L,cb_intrinsic,1
519329,ER3a_d,ER3a_d_R,R,cb_intrinsic,513463,EPG,EPG(PB08)_R2,R,cb_intrinsic,1
516110,ER6,ER6_R,R,cb_intrinsic,513463,EPG,EPG(PB08)_R2,R,cb_intrinsic,1
54912,ER3d_b,ER3d_b_L,L,cb_intrinsic,513463,EPG,EPG(PB08)_R2,R,cb_intrinsic,1
48956,ER3d_b,ER3d_b_R,R,cb_intrinsic,513463,EPG,EPG(PB08)_R2,R,cb_intrinsic,1
46262,ER3d_b,ER3d_b_L,L,cb_intrinsic,513463,EPG,EPG(PB08)_R2,R,cb_intrinsic,1
41908,ER3a_a,ER3a_a_L,L,cb_intrinsic,513463,EPG,EPG(PB08)_R2,R,cb_intrinsic,1
36327,ER3a_a,ER3a_a_R,R,cb_intrinsic,513463,EPG,EPG(PB08)_R2,R,cb_intrinsic,1
34922,ER3a_b,ER3a_b_R,R,cb_intrinsic,513463,EPG,EPG(PB08)_R2,R,cb_intrinsic,1
34737,ER3a_b,ER3a_b_R,R,cb_intrinsic,513463,EPG,EPG(PB08)_R2,R,cb_intrinsic,1
33911,ER3a_b,ER3a_b_R,R,cb_intrinsic,513463,EPG,EPG(PB08)_R2,R,cb_intrinsic,1
31970,ER3a_d,ER3a_d_L,L,cb_intrinsic,513463,EPG,EPG(PB08)_R2,R,cb_intrinsic,1
29711,ER3a_b,ER3a_b_L,L,cb_intrinsic,513463,EPG,EPG(PB08)_R2,R,cb_intrinsic,1
29177,ER3d_b,ER3d_b_R,R,cb_intrinsic,513463,EPG,EPG(PB08)_R2,R,cb_intrinsic,1
28701,ER3d_b,ER3d_b_R,R,cb_intrinsic,513463,EPG,EPG(PB08)_R2,R,cb_intrinsic,1
26841,ER3a_a,ER3a_a_L,L,cb_intrinsic,513463,EPG,EPG(PB08)_R2,R,cb_intrinsic,1
22001,ER5,ER5_L,L,cb_intrinsic,513463,EPG,EPG(PB08)_R2,R,cb_intrinsic,1
11605,ER5,ER5_R,R,cb_intrinsic,513463,EPG,EPG(PB08)_R2,R,cb_intrinsic,1
544496,ER3a_c,ER3a_c_R,R,cb_intrinsic,520818,EPG,EPG(PB08)_L4,L,cb_intrinsic,1
533062,ER3a_a,ER3a_a_L,L,cb_intrinsic,520818,EPG,EPG(PB08)_L4,L,cb_intrinsic,1
532637,ER3m,ER3m_R,R,cb_intrinsic,520818,EPG,EPG(PB08)_L4,L,cb_intrinsic,1
524068,ER3d_b,ER3d_b_L,L,cb_intrinsic,520818,EPG,EPG(PB08)_L4,L,cb_intrinsic,1
521535,ER5,ER5_L,L,cb_intrinsic,520818,EPG,EPG(PB08)_L4,L,cb_intrinsic,1
513379,ER5,ER5_R,R,cb_intrinsic,520818,EPG,EPG(PB08)_L4,L,cb_intrinsic,1
59230,ER3m,ER3m_R,R,cb_intrinsic,520818,EPG,EPG(PB08)_L4,L,cb_intrinsic,1
34922,ER3a_b,ER3a_b_R,R,cb_intrinsic,520818,EPG,EPG(PB08)_L4,L,cb_intrinsic,1
34038,ER3d_b,ER3d_b_L,L,cb_intrinsic,520818,EPG,EPG(PB08)_L4,L,cb_intrinsic,1
31541,ER3d_d,ER3d_d_R,R,cb_intrinsic,520818,EPG,EPG(PB08)_L4,L,cb_intrinsic,1
31263,ER3d_b,ER3d_b_R,R,cb_intrinsic,520818,EPG,EPG(PB08)_L4,L,cb_intrinsic,1
31051,ER3m,ER3m_R,R,cb_intrinsic,520818,EPG,EPG(PB08)_L4,L,cb_intrinsic,1
30592,ER3d_b,ER3d_b_R,R,cb_intrinsic,520818,EPG,EPG(PB08)_L4,L,cb_intrinsic,1
30522,ER3d_b,ER3d_b_R,R,cb_intrinsic,520818,EPG,EPG(PB08)_L4,L,cb_intrinsic,1
30178,ER3d_b,ER3d_b_R,R,cb_intrinsic,520818,EPG,EPG(PB08)_L4,L,cb_intrinsic,1
29842,ER3m,ER3m_R,R,cb_intrinsic,520818,EPG,EPG(PB08)_L4,L,cb_intrinsic,1
29791,ER3d_b,ER3d_b_L,L,cb_intrinsic,520818,EPG,EPG(PB08)_L4,L,cb_intrinsic,1
29046,ER3d_b,ER3d_b_R,R,cb_intrinsic,520818,EPG,EPG(PB08)_L4,L,cb_intrinsic,1
27348,ER3m,ER3m_L,L,cb_intrinsic,520818,EPG,EPG(PB08)_L4,L,cb_intrinsic,1
22001,ER5,ER5_L,L,cb_intrinsic,520818,EPG,EPG(PB08)_L4,L,cb_intrinsic,1
19072,ER5,ER5_R,R,cb_intrinsic,520818,EPG,EPG(PB08)_L4,L,cb_intrinsic,1
14464,ER6,ER6_L,L,cb_intrinsic,520818,EPG,EPG(PB08)_L4,L,cb_intrinsic,1
10043,ER5,ER5_L,L,cb_intrinsic,520818,EPG,EPG(PB08)_L4,L,cb_intrinsic,1
568502,ER5,ER5_R,R,cb_intrinsic,12449,EPG,EPG(PB08)_L5,L,cb_intrinsic,1
544496,ER3a_c,ER3a_c_R,R,cb_intrinsic,12449,EPG,EPG(PB08)_L5,L,cb_intrinsic,1
527150,ER3d_a,ER3d_a_L,L,cb_intrinsic,12449,EPG,EPG(PB08)_L5,L,cb_intrinsic,1
511777,ER3a_b,ER3a_b_L,L,cb_intrinsic,12449,EPG,EPG(PB08)_L5,L,cb_intrinsic,1
48318,ER3d_c,ER3d_c_L,L,cb_intrinsic,12449,EPG,EPG(PB08)_L5,L,cb_intrinsic,1
47859,ER3d_c,ER3d_c_R,R,cb_intrinsic,12449,EPG,EPG(PB08)_L5,L,cb_intrinsic,1
41665,ER3a_c,ER3a_c_L,L,cb_intrinsic,12449,EPG,EPG(PB08)_L5,L,cb_intrinsic,1
40558,ER3d_b,ER3d_b_L,L,cb_intrinsic,12449,EPG,EPG(PB08)_L5,L,cb_intrinsic,1
38306,ER3d_a,ER3d_a_L,L,cb_intrinsic,12449,EPG,EPG(PB08)_L5,L,cb_intrinsic,1
31051,ER3m,ER3m_R,R,cb_intrinsic,12449,EPG,EPG(PB08)_L5,L,cb_intrinsic,1
30443,ER3a_c,ER3a_c_R,R,cb_intrinsic,12449,EPG,EPG(PB08)_L5,L,cb_intrinsic,1
29046,ER3d_b,ER3d_b_R,R,cb_intrinsic,12449,EPG,EPG(PB08)_L5,L,cb_intrinsic,1
28627,ER3m,ER3m_L,L,cb_intrinsic,12449,EPG,EPG(PB08)_L5,L,cb_intrinsic,1
27052,ER3d_d,ER3d_d_R,R,cb_intrinsic,12449,EPG,EPG(PB08)_L5,L,cb_intrinsic,1
27013,ER3m,ER3m_L,L,cb_intrinsic,12449,EPG,EPG(PB08)_L5,L,cb_intrinsic,1
18633,ER5,ER5_L,L,cb_intrinsic,12449,EPG,EPG(PB08)_L5,L,cb_intrinsic,1
14284,ER5,ER5_R,R,cb_intrinsic,12449,EPG,EPG(PB08)_L5,L,cb_intrinsic,1
12059,ER5,ER5_R,R,cb_intrinsic,12449,EPG,EPG(PB08)_L5,L,cb_intrinsic,1
11605,ER5,ER5_R,R,cb_intrinsic,12449,EPG,EPG(PB08)_L5,L,cb_intrinsic,1
568502,ER5,ER5_R,R,cb_intrinsic,10539,EPG,EPG(PB08)_R2,R,cb_intrinsic,1
532637,ER3m,ER3m_R,R,cb_intrinsic,10539,EPG,EPG(PB08)_R2,R,cb_intrinsic,1
527297,ER5,ER5_R,R,cb_intrinsic,10539,EPG,EPG(PB08)_R2,R,cb_intrinsic,1
516110,ER6,ER6_R,R,cb_intrinsic,10539,EPG,EPG(PB08)_R2,R,cb_intrinsic,1
51382,ER3d_b,ER3d_b_L,L,cb_intrinsic,10539,EPG,EPG(PB08)_R2,R,cb_intrinsic,1
47859,ER3d_c,ER3d_c_R,R,cb_intrinsic,10539,EPG,EPG(PB08)_R2,R,cb_intrinsic,1
39798,ER5,ER5_L,L,cb_intrinsic,10539,EPG,EPG(PB08)_R2,R,cb_intrinsic,1
29842,ER3m,ER3m_R,R,cb_intrinsic,10539,EPG,EPG(PB08)_R2,R,cb_intrinsic,1
25501,ER3w_b,ER3w_b_L,L,cb_intrinsic,10539,EPG,EPG(PB08)_R2,R,cb_intrinsic,1
18633,ER5,ER5_L,L,cb_intrinsic,10539,EPG,EPG(PB08)_R2,R,cb_intrinsic,1
17171,ER5,ER5_R,R,cb_intrinsic,10539,EPG,EPG(PB08)_R2,R,cb_intrinsic,1
14963,ER5,ER5_L,L,cb_intrinsic,10539,EPG,EPG(PB08)_R2,R,cb_intrinsic,1
533062,ER3a_a,ER3a_a_L,L,cb_intrinsic,14727,EPG,EPG(PB08)_L7,L,cb_intrinsic,1
529826,ER3a_a,ER3a_a_R,R,cb_intrinsic,14727,EPG,EPG(PB08)_L7,L,cb_intrinsic,1
521535,ER5,ER5_L,L,cb_intrinsic,14727,EPG,EPG(PB08)_L7,L,cb_intrinsic,1
516944,ER5,ER5_L,L,cb_intrinsic,14727,EPG,EPG(PB08)_L7,L,cb_intrinsic,1
511777,ER3a_b,ER3a_b_L,L,cb_intrinsic,14727,EPG,EPG(PB08)_L7,L,cb_intrinsic,1
104306,ER3a_a,ER3a_a_L,L,cb_intrinsic,14727,EPG,EPG(PB08)_L7,L,cb_intrinsic,1
69454,ER3a_d,ER3a_d_L,L,cb_intrinsic,14727,EPG,EPG(PB08)_L7,L,cb_intrinsic,1
53618,ER3p_b,ER3p_b_L,L,cb_intrinsic,14727,EPG,EPG(PB08)_L7,L,cb_intrinsic,1
41908,ER3a_a,ER3a_a_L,L,cb_intrinsic,14727,EPG,EPG(PB08)_L7,L,cb_intrinsic,1
40558,ER3d_b,ER3d_b_L,L,cb_intrinsic,14727,EPG,EPG(PB08)_L7,L,cb_intrinsic,1
35545,ER3a_a,ER3a_a_L,L,cb_intrinsic,14727,EPG,EPG(PB08)_L7,L,cb_intrinsic,1
34922,ER3a_b,ER3a_b_R,R,cb_intrinsic,14727,EPG,EPG(PB08)_L7,L,cb_intrinsic,1
30522,ER3d_b,ER3d_b_R,R,cb_intrinsic,14727,EPG,EPG(PB08)_L7,L,cb_intrinsic,1
29711,ER3a_b,ER3a_b_L,L,cb_intrinsic,14727,EPG,EPG(PB08)_L7,L,cb_intrinsic,1
22001,ER5,ER5_L,L,cb_intrinsic,14727,EPG,EPG(PB08)_L7,L,cb_intrinsic,1
20385,ER3a_a,ER3a_a_L,L,cb_intrinsic,14727,EPG,EPG(PB08)_L7,L,cb_intrinsic,1
14464,ER6,ER6_L,L,cb_intrinsic,14727,EPG,EPG(PB08)_L7,L,cb_intrinsic,1
12059,ER5,ER5_R,R,cb_intrinsic,14727,EPG,EPG(PB08)_L7,L,cb_intrinsic,1
11605,ER5,ER5_R,R,cb_intrinsic,14727,EPG,EPG(PB08)_L7,L,cb_intrinsic,1
527297,ER5,ER5_R,R,cb_intrinsic,519140,EPG,EPG(PB08)_L1,L,cb_intrinsic,1
511777,ER3a_b,ER3a_b_L,L,cb_intrinsic,519140,EPG,EPG(PB08)_L1,L,cb_intrinsic,1
41908,ER3a_a,ER3a_a_L,L,cb_intrinsic,519140,EPG,EPG(PB08)_L1,L,cb_intrinsic,1
36327,ER3a_a,ER3a_a_R,R,cb_intrinsic,519140,EPG,EPG(PB08)_L1,L,cb_intrinsic,1
34038,ER3d_b,ER3d_b_L,L,cb_intrinsic,519140,EPG,EPG(PB08)_L1,L,cb_intrinsic,1
30171,ER3a_a,ER3a_a_R,R,cb_intrinsic,519140,EPG,EPG(PB08)_L1,L,cb_intrinsic,1
27903,ER3d_d,ER3d_d_L,L,cb_intrinsic,519140,EPG,EPG(PB08)_L1,L,cb_intrinsic,1
14464,ER6,ER6_L,L,cb_intrinsic,519140,EPG,EPG(PB08)_L1,L,cb_intrinsic,1
544496,ER3a_c,ER3a_c_R,R,cb_intrinsic,15616,EPG,EPG(PB08)_R3,R,cb_intrinsic,1
512515,ER3a_a,ER3a_a_L,L,cb_intrinsic,15616,EPG,EPG(PB08)_R3,R,cb_intrinsic,1
43212,ER3d_a,ER3d_a_L,L,cb_intrinsic,15616,EPG,EPG(PB08)_R3,R,cb_intrinsic,1
36327,ER3a_a,ER3a_a_R,R,cb_intrinsic,15616,EPG,EPG(PB08)_R3,R,cb_intrinsic,1
29711,ER3a_b,ER3a_b_L,L,cb_intrinsic,15616,EPG,EPG(PB08)_R3,R,cb_intrinsic,1
29177,ER3d_b,ER3d_b_R,R,cb_intrinsic,15616,EPG,EPG(PB08)_R3,R,cb_intrinsic,1
23859,ER3a_d,ER3a_d_R,R,cb_intrinsic,15616,EPG,EPG(PB08)_R3,R,cb_intrinsic,1
20385,ER3a_a,ER3a_a_L,L,cb_intrinsic,15616,EPG,EPG(PB08)_R3,R,cb_intrinsic,1
17419,ER6,ER6_R,R,cb_intrinsic,15616,EPG,EPG(PB08)_R3,R,cb_intrinsic,1
533062,ER3a_a,ER3a_a_L,L,cb_intrinsic,16360,EPG,EPG(PB08)_L6,L,cb_intrinsic,1
530339,ER3d_d,ER3d_d_L,L,cb_intrinsic,16360,EPG,EPG(PB08)_L6,L,cb_intrinsic,1
529330,ER3d_b,ER3d_b_L,L,cb_intrinsic,16360,EPG,EPG(PB08)_L6,L,cb_intrinsic,1
523035,ER3a_a,ER3a_a_R,R,cb_intrinsic,16360,EPG,EPG(PB08)_L6,L,cb_intrinsic,1
521534,ER5,ER5_L,L,cb_intrinsic,16360,EPG,EPG(PB08)_L6,L,cb_intrinsic,1
521535,ER5,ER5_L,L,cb_intrinsic,16360,EPG,EPG(PB08)_L6,L,cb_intrinsic,1
521528,ER5,ER5_L,L,cb_intrinsic,16360,EPG,EPG(PB08)_L6,L,cb_intrinsic,1
512319,ER6,ER6_L,L,cb_intrinsic,16360,EPG,EPG(PB08)_L6,L,cb_intrinsic,1
72824,ER3a_a,ER3a_a_R,R,cb_intrinsic,16360,EPG,EPG(PB08)_L6,L,cb_intrinsic,1
44127,ER3d_d,ER3d_d_R,R,cb_intrinsic,16360,EPG,EPG(PB08)_L6,L,cb_intrinsic,1
36327,ER3a_a,ER3a_a_R,R,cb_intrinsic,16360,EPG,EPG(PB08)_L6,L,cb_intrinsic,1
30674,ER3d_b,ER3d_b_R,R,cb_intrinsic,16360,EPG,EPG(PB08)_L6,L,cb_intrinsic,1
30171,ER3a_a,ER3a_a_R,R,cb_intrinsic,16360,EPG,EPG(PB08)_L6,L,cb_intrinsic,1
29842,ER3m,ER3m_R,R,cb_intrinsic,16360,EPG,EPG(PB08)_L6,L,cb_intrinsic,1
29046,ER3d_b,ER3d_b_R,R,cb_intrinsic,16360,EPG,EPG(PB08)_L6,L,cb_intrinsic,1
27903,ER3d_d,ER3d_d_L,L,cb_intrinsic,16360,EPG,EPG(PB08)_L6,L,cb_intrinsic,1
27269,ER3d_c,ER3d_c_L,L,cb_intrinsic,16360,EPG,EPG(PB08)_L6,L,cb_intrinsic,1
26841,ER3a_a,ER3a_a_L,L,cb_intrinsic,16360,EPG,EPG(PB08)_L6,L,cb_intrinsic,1
20026,ER5,ER5_L,L,cb_intrinsic,16360,EPG,EPG(PB08)_L6,L,cb_intrinsic,1
14464,ER6,ER6_L,L,cb_intrinsic,16360,EPG,EPG(PB08)_L6,L,cb_intrinsic,1
521535,ER5,ER5_L,L,cb_intrinsic,515675,EPG,EPG(PB08)_R1,R,cb_intrinsic,1
511777,ER3a_b,ER3a_b_L,L,cb_intrinsic,515675,EPG,EPG(PB08)_R1,R,cb_intrinsic,1
38001,ER3a_d,ER3a_d_L,L,cb_intrinsic,515675,EPG,EPG(PB08)_R1,R,cb_intrinsic,1
36327,ER3a_a,ER3a_a_R,R,cb_intrinsic,515675,EPG,EPG(PB08)_R1,R,cb_intrinsic,1
35545,ER3a_a,ER3a_a_L,L,cb_intrinsic,515675,EPG,EPG(PB08)_R1,R,cb_intrinsic,1
34922,ER3a_b,ER3a_b_R,R,cb_intrinsic,515675,EPG,EPG(PB08)_R1,R,cb_intrinsic,1
14963,ER5,ER5_L,L,cb_intrinsic,515675,EPG,EPG(PB08)_R1,R,cb_intrinsic,1
14284,ER5,ER5_R,R,cb_intrinsic,515675,EPG,EPG(PB08)_R1,R,cb_intrinsic,1
10043,ER5,ER5_L,L,cb_intrinsic,515675,EPG,EPG(PB08)_R1,R,cb_intrinsic,1
530339,ER3d_d,ER3d_d_L,L,cb_intrinsic,514126,EPG,EPG(PB08)_R5,R,cb_intrinsic,1
524068,ER3d_b,ER3d_b_L,L,cb_intrinsic,514126,EPG,EPG(PB08)_R5,R,cb_intrinsic,1
104306,ER3a_a,ER3a_a_L,L,cb_intrinsic,514126,EPG,EPG(PB08)_R5,R,cb_intrinsic,1
72824,ER3a_a,ER3a_a_R,R,cb_intrinsic,514126,EPG,EPG(PB08)_R5,R,cb_intrinsic,1
69454,ER3a_d,ER3a_d_L,L,cb_intrinsic,514126,EPG,EPG(PB08)_R5,R,cb_intrinsic,1
56993,ER3a_a,ER3a_a_L,L,cb_intrinsic,514126,EPG,EPG(PB08)_R5,R,cb_intrinsic,1
48956,ER3d_b,ER3d_b_R,R,cb_intrinsic,514126,EPG,EPG(PB08)_R5,R,cb_intrinsic,1
40558,ER3d_b,ER3d_b_L,L,cb_intrinsic,514126,EPG,EPG(PB08)_R5,R,cb_intrinsic,1
36327,ER3a_a,ER3a_a_R,R,cb_intrinsic,514126,EPG,EPG(PB08)_R5,R,cb_intrinsic,1
35545,ER3a_a,ER3a_a_L,L,cb_intrinsic,514126,EPG,EPG(PB08)_R5,R,cb_intrinsic,1
29842,ER3m,ER3m_R,R,cb_intrinsic,514126,EPG,EPG(PB08)_R5,R,cb_intrinsic,1
29711,ER3a_b,ER3a_b_L,L,cb_intrinsic,514126,EPG,EPG(PB08)_R5,R,cb_intrinsic,1
27903,ER3d_d,ER3d_d_L,L,cb_intrinsic,514126,EPG,EPG(PB08)_R5,R,cb_intrinsic,1
27246,ER3d_d,ER3d_d_R,R,cb_intrinsic,514126,EPG,EPG(PB08)_R5,R,cb_intrinsic,1
40558,ER3d_b,ER3d_b_L,L,cb_intrinsic,513520,EPG,EPG(PB08)_R6,R,cb_intrinsic,1
34922,ER3a_b,ER3a_b_R,R,cb_intrinsic,513520,EPG,EPG(PB08)_R6,R,cb_intrinsic,1
31541,ER3d_d,ER3d_d_R,R,cb_intrinsic,513520,EPG,EPG(PB08)_R6,R,cb_intrinsic,1
31263,ER3d_b,ER3d_b_R,R,cb_intrinsic,513520,EPG,EPG(PB08)_R6,R,cb_intrinsic,1
31121,ER3a_c,ER3a_c_L,L,cb_intrinsic,513520,EPG,EPG(PB08)_R6,R,cb_intrinsic,1
30592,ER3d_b,ER3d_b_R,R,cb_intrinsic,513520,EPG,EPG(PB08)_R6,R,cb_intrinsic,1
30206,ER5,ER5_R,R,cb_intrinsic,513520,EPG,EPG(PB08)_R6,R,cb_intrinsic,1
29842,ER3m,ER3m_R,R,cb_intrinsic,513520,EPG,EPG(PB08)_R6,R,cb_intrinsic,1
29791,ER3d_b,ER3d_b_L,L,cb_intrinsic,513520,EPG,EPG(PB08)_R6,R,cb_intrinsic,1
28430,ER3m,ER3m_L,L,cb_intrinsic,513520,EPG,EPG(PB08)_R6,R,cb_intrinsic,1
27246,ER3d_d,ER3d_d_R,R,cb_intrinsic,513520,EPG,EPG(PB08)_R6,R,cb_intrinsic,1
26841,ER3a_a,ER3a_a_L,L,cb_intrinsic,513520,EPG,EPG(PB08)_R6,R,cb_intrinsic,1
20385,ER3a_a,ER3a_a_L,L,cb_intrinsic,513520,EPG,EPG(PB08)_R6,R,cb_intrinsic,1
14963,ER5,ER5_L,L,cb_intrinsic,513520,EPG,EPG(PB08)_R6,R,cb_intrinsic,1
568502,ER5,ER5_R,R,cb_intrinsic,11874,EPG,EPG(PB08)_L7,L,cb_intrinsic,1
533062,ER3a_a,ER3a_a_L,L,cb_intrinsic,11874,EPG,EPG(PB08)_L7,L,cb_intrinsic,1
529826,ER3a_a,ER3a_a_R,R,cb_intrinsic,11874,EPG,EPG(PB08)_L7,L,cb_intrinsic,1
522806,ER3d_c,ER3d_c_R,R,cb_intrinsic,11874,EPG,EPG(PB08)_L7,L,cb_intrinsic,1
521534,ER5,ER5_L,L,cb_intrinsic,11874,EPG,EPG(PB08)_L7,L,cb_intrinsic,1
104306,ER3a_a,ER3a_a_L,L,cb_intrinsic,11874,EPG,EPG(PB08)_L7,L,cb_intrinsic,1
47859,ER3d_c,ER3d_c_R,R,cb_intrinsic,11874,EPG,EPG(PB08)_L7,L,cb_intrinsic,1
47464,ER3d_d,ER3d_d_R,R,cb_intrinsic,11874,EPG,EPG(PB08)_L7,L,cb_intrinsic,1
44909,ER5,ER5_L,L,cb_intrinsic,11874,EPG,EPG(PB08)_L7,L,cb_intrinsic,1
36327,ER3a_a,ER3a_a_R,R,cb_intrinsic,11874,EPG,EPG(PB08)_L7,L,cb_intrinsic,1
34922,ER3a_b,ER3a_b_R,R,cb_intrinsic,11874,EPG,EPG(PB08)_L7,L,cb_intrinsic,1
31263,ER3d_b,ER3d_b_R,R,cb_intrinsic,11874,EPG,EPG(PB08)_L7,L,cb_intrinsic,1
30674,ER3d_b,ER3d_b_R,R,cb_intrinsic,11874,EPG,EPG(PB08)_L7,L,cb_intrinsic,1
30592,ER3d_b,ER3d_b_R,R,cb_intrinsic,11874,EPG,EPG(PB08)_L7,L,cb_intrinsic,1
29842,ER3m,ER3m_R,R,cb_intrinsic,11874,EPG,EPG(PB08)_L7,L,cb_intrinsic,1
29791,ER3d_b,ER3d_b_L,L,cb_intrinsic,11874,EPG,EPG(PB08)_L7,L,cb_intrinsic,1
27903,ER3d_d,ER3d_d_L,L,cb_intrinsic,11874,EPG,EPG(PB08)_L7,L,cb_intrinsic,1
26841,ER3a_a,ER3a_a_L,L,cb_intrinsic,11874,EPG,EPG(PB08)_L7,L,cb_intrinsic,1
20385,ER3a_a,ER3a_a_L,L,cb_intrinsic,11874,EPG,EPG(PB08)_L7,L,cb_intrinsic,1
18633,ER5,ER5_L,L,cb_intrinsic,11874,EPG,EPG(PB08)_L7,L,cb_intrinsic,1
14963,ER5,ER5_L,L,cb_intrinsic,11874,EPG,EPG(PB08)_L7,L,cb_intrinsic,1
11605,ER5,ER5_R,R,cb_intrinsic,11874,EPG,EPG(PB08)_L7,L,cb_intrinsic,1
512608,ER3d_b,ER3d_b_R,R,cb_intrinsic,512514,EPG,EPG(PB08)_L1,L,cb_intrinsic,1
54912,ER3d_b,ER3d_b_L,L,cb_intrinsic,512514,EPG,EPG(PB08)_L1,L,cb_intrinsic,1
44909,ER5,ER5_L,L,cb_intrinsic,512514,EPG,EPG(PB08)_L1,L,cb_intrinsic,1
40558,ER3d_b,ER3d_b_L,L,cb_intrinsic,512514,EPG,EPG(PB08)_L1,L,cb_intrinsic,1
35545,ER3a_a,ER3a_a_L,L,cb_intrinsic,512514,EPG,EPG(PB08)_L1,L,cb_intrinsic,1
34038,ER3d_b,ER3d_b_L,L,cb_intrinsic,512514,EPG,EPG(PB08)_L1,L,cb_intrinsic,1
33911,ER3a_b,ER3a_b_R,R,cb_intrinsic,512514,EPG,EPG(PB08)_L1,L,cb_intrinsic,1
31970,ER3a_d,ER3a_d_L,L,cb_intrinsic,512514,EPG,EPG(PB08)_L1,L,cb_intrinsic,1
30443,ER3a_c,ER3a_c_R,R,cb_intrinsic,512514,EPG,EPG(PB08)_L1,L,cb_intrinsic,1
29791,ER3d_b,ER3d_b_L,L,cb_intrinsic,512514,EPG,EPG(PB08)_L1,L,cb_intrinsic,1
29046,ER3d_b,ER3d_b_R,R,cb_intrinsic,512514,EPG,EPG(PB08)_L1,L,cb_intrinsic,1
26841,ER3a_a,ER3a_a_L,L,cb_intrinsic,512514,EPG,EPG(PB08)_L1,L,cb_intrinsic,1
523035,ER3a_a,ER3a_a_R,R,cb_intrinsic,88342,EPG,EPG(PB08)_L3,L,cb_intrinsic,1
521535,ER5,ER5_L,L,cb_intrinsic,88342,EPG,EPG(PB08)_L3,L,cb_intrinsic,1
512319,ER6,ER6_L,L,cb_intrinsic,88342,EPG,EPG(PB08)_L3,L,cb_intrinsic,1
56993,ER3a_a,ER3a_a_L,L,cb_intrinsic,88342,EPG,EPG(PB08)_L3,L,cb_intrinsic,1
41908,ER3a_a,ER3a_a_L,L,cb_intrinsic,88342,EPG,EPG(PB08)_L3,L,cb_intrinsic,1
36327,ER3a_a,ER3a_a_R,R,cb_intrinsic,88342,EPG,EPG(PB08)_L3,L,cb_intrinsic,1
34922,ER3a_b,ER3a_b_R,R,cb_intrinsic,88342,EPG,EPG(PB08)_L3,L,cb_intrinsic,1
34239,ER3a_a,ER3a_a_R,R,cb_intrinsic,88342,EPG,EPG(PB08)_L3,L,cb_intrinsic,1
25329,ER3d_c,ER3d_c_L,L,cb_intrinsic,88342,EPG,EPG(PB08)_L3,L,cb_intrinsic,1
24076,ER4d,ER4d_R,R,cb_intrinsic,88342,EPG,EPG(PB08)_L3,L,cb_intrinsic,1
23163,ER3a_a,ER3a_a_R,R,cb_intrinsic,88342,EPG,EPG(PB08)_L3,L,cb_intrinsic,1
17078,ER5,ER5_R,R,cb_intrinsic,88342,EPG,EPG(PB08)_L3,L,cb_intrinsic,1
14963,ER5,ER5_L,L,cb_intrinsic,88342,EPG,EPG(PB08)_L3,L,cb_intrinsic,1
14464,ER6,ER6_L,L,cb_intrinsic,88342,EPG,EPG(PB08)_L3,L,cb_intrinsic,1
527297,ER5,ER5_R,R,cb_intrinsic,15713,EPG,EPG(PB08)_L6,L,cb_intrinsic,1
521528,ER5,ER5_L,L,cb_intrinsic,15713,EPG,EPG(PB08)_L6,L,cb_intrinsic,1
512319,ER6,ER6_L,L,cb_intrinsic,15713,EPG,EPG(PB08)_L6,L,cb_intrinsic,1
63782,ER3d_c,ER3d_c_L,L,cb_intrinsic,15713,EPG,EPG(PB08)_L6,L,cb_intrinsic,1
51382,ER3d_b,ER3d_b_L,L,cb_intrinsic,15713,EPG,EPG(PB08)_L6,L,cb_intrinsic,1
49378,ER3d_c,ER3d_c_R,R,cb_intrinsic,15713,EPG,EPG(PB08)_L6,L,cb_intrinsic,1
48956,ER3d_b,ER3d_b_R,R,cb_intrinsic,15713,EPG,EPG(PB08)_L6,L,cb_intrinsic,1
48318,ER3d_c,ER3d_c_L,L,cb_intrinsic,15713,EPG,EPG(PB08)_L6,L,cb_intrinsic,1
43212,ER3d_a,ER3d_a_L,L,cb_intrinsic,15713,EPG,EPG(PB08)_L6,L,cb_intrinsic,1
40558,ER3d_b,ER3d_b_L,L,cb_intrinsic,15713,EPG,EPG(PB08)_L6,L,cb_intrinsic,1
31541,ER3d_d,ER3d_d_R,R,cb_intrinsic,15713,EPG,EPG(PB08)_L6,L,cb_intrinsic,1
27454,ER3d_c,ER3d_c_R,R,cb_intrinsic,15713,EPG,EPG(PB08)_L6,L,cb_intrinsic,1
25494,ER3d_e,ER3d_e_L,L,cb_intrinsic,15713,EPG,EPG(PB08)_L6,L,cb_intrinsic,1
20385,ER3a_a,ER3a_a_L,L,cb_intrinsic,15713,EPG,EPG(PB08)_L6,L,cb_intrinsic,1
19072,ER5,ER5_R,R,cb_intrinsic,15713,EPG,EPG(PB08)_L6,L,cb_intrinsic,1
14284,ER5,ER5_R,R,cb_intrinsic,15713,EPG,EPG(PB08)_L6,L,cb_intrinsic,1
568502,ER5,ER5_R,R,cb_intrinsic,520581,EPG,EPG(PB08)_R4,R,cb_intrinsic,1
524068,ER3d_b,ER3d_b_L,L,cb_intrinsic,520581,EPG,EPG(PB08)_R4,R,cb_intrinsic,1
59230,ER3m,ER3m_R,R,cb_intrinsic,520581,EPG,EPG(PB08)_R4,R,cb_intrinsic,1
45134,ER3p_b,ER3p_b_L,L,cb_intrinsic,520581,EPG,EPG(PB08)_R4,R,cb_intrinsic,1
34737,ER3a_b,ER3a_b_R,R,cb_intrinsic,520581,EPG,EPG(PB08)_R4,R,cb_intrinsic,1
31121,ER3a_c,ER3a_c_L,L,cb_intrinsic,520581,EPG,EPG(PB08)_R4,R,cb_intrinsic,1
30674,ER3d_b,ER3d_b_R,R,cb_intrinsic,520581,EPG,EPG(PB08)_R4,R,cb_intrinsic,1
30443,ER3a_c,ER3a_c_R,R,cb_intrinsic,520581,EPG,EPG(PB08)_R4,R,cb_intrinsic,1
29842,ER3m,ER3m_R,R,cb_intrinsic,520581,EPG,EPG(PB08)_R4,R,cb_intrinsic,1
29711,ER3a_b,ER3a_b_L,L,cb_intrinsic,520581,EPG,EPG(PB08)_R4,R,cb_intrinsic,1
20026,ER5,ER5_L,L,cb_intrinsic,520581,EPG,EPG(PB08)_R4,R,cb_intrinsic,1
19072,ER5,ER5_R,R,cb_intrinsic,520581,EPG,EPG(PB08)_R4,R,cb_intrinsic,1
17419,ER6,ER6_R,R,cb_intrinsic,520581,EPG,EPG(PB08)_R4,R,cb_intrinsic,1
17078,ER5,ER5_R,R,cb_intrinsic,520581,EPG,EPG(PB08)_R4,R,cb_intrinsic,1
14963,ER5,ER5_L,L,cb_intrinsic,520581,EPG,EPG(PB08)_R4,R,cb_intrinsic,1
12059,ER5,ER5_R,R,cb_intrinsic,520581,EPG,EPG(PB08)_R4,R,cb_intrinsic,1
522759,ER3d_d,ER3d_d_L,L,cb_intrinsic,13217,EPG,EPG(PB08)_L8,L,cb_intrinsic,1
521534,ER5,ER5_L,L,cb_intrinsic,13217,EPG,EPG(PB08)_L8,L,cb_intrinsic,1
104306,ER3a_a,ER3a_a_L,L,cb_intrinsic,13217,EPG,EPG(PB08)_L8,L,cb_intrinsic,1
44127,ER3d_d,ER3d_d_R,R,cb_intrinsic,13217,EPG,EPG(PB08)_L8,L,cb_intrinsic,1
36327,ER3a_a,ER3a_a_R,R,cb_intrinsic,13217,EPG,EPG(PB08)_L8,L,cb_intrinsic,1
30592,ER3d_b,ER3d_b_R,R,cb_intrinsic,13217,EPG,EPG(PB08)_L8,L,cb_intrinsic,1
29842,ER3m,ER3m_R,R,cb_intrinsic,13217,EPG,EPG(PB08)_L8,L,cb_intrinsic,1
14464,ER6,ER6_L,L,cb_intrinsic,13217,EPG,EPG(PB08)_L8,L,cb_intrinsic,1
54912,ER3d_b,ER3d_b_L,L,cb_intrinsic,92188,EPG,EPG(PB08)_R7,R,cb_intrinsic,1
48956,ER3d_b,ER3d_b_R,R,cb_intrinsic,92188,EPG,EPG(PB08)_R7,R,cb_intrinsic,1
36928,ER3a_b,ER3a_b_L,L,cb_intrinsic,92188,EPG,EPG(PB08)_R7,R,cb_intrinsic,1
34922,ER3a_b,ER3a_b_R,R,cb_intrinsic,92188,EPG,EPG(PB08)_R7,R,cb_intrinsic,1
31970,ER3a_d,ER3a_d_L,L,cb_intrinsic,92188,EPG,EPG(PB08)_R7,R,cb_intrinsic,1
20026,ER5,ER5_L,L,cb_intrinsic,92188,EPG,EPG(PB08)_R7,R,cb_intrinsic,1
527297,ER5,ER5_R,R,cb_intrinsic,521812,EPG,EPG(PB08)_R7,R,cb_intrinsic,1
524068,ER3d_b,ER3d_b_L,L,cb_intrinsic,521812,EPG,EPG(PB08)_R7,R,cb_intrinsic,1
521534,ER5,ER5_L,L,cb_intrinsic,521812,EPG,EPG(PB08)_R7,R,cb_intrinsic,1
517603,ER3d_d,ER3d_d_R,R,cb_intrinsic,521812,EPG,EPG(PB08)_R7,R,cb_intrinsic,1
516944,ER5,ER5_L,L,cb_intrinsic,521812,EPG,EPG(PB08)_R7,R,cb_intrinsic,1
44909,ER5,ER5_L,L,cb_intrinsic,521812,EPG,EPG(PB08)_R7,R,cb_intrinsic,1
42241,ER1_b,ER1_b_R,R,cb_intrinsic,521812,EPG,EPG(PB08)_R7,R,cb_intrinsic,1
35545,ER3a_a,ER3a_a_L,L,cb_intrinsic,521812,EPG,EPG(PB08)_R7,R,cb_intrinsic,1
31121,ER3a_c,ER3a_c_L,L,cb_intrinsic,521812,EPG,EPG(PB08)_R7,R,cb_intrinsic,1
30592,ER3d_b,ER3d_b_R,R,cb_intrinsic,521812,EPG,EPG(PB08)_R7,R,cb_intrinsic,1
29791,ER3d_b,ER3d_b_L,L,cb_intrinsic,521812,EPG,EPG(PB08)_R7,R,cb_intrinsic,1
27348,ER3m,ER3m_L,L,cb_intrinsic,521812,EPG,EPG(PB08)_R7,R,cb_intrinsic,1
27052,ER3d_d,ER3d_d_R,R,cb_intrinsic,521812,EPG,EPG(PB08)_R7,R,cb_intrinsic,1
25329,ER3d_c,ER3d_c_L,L,cb_intrinsic,521812,EPG,EPG(PB08)_R7,R,cb_intrinsic,1
12059,ER5,ER5_R,R,cb_intrinsic,521812,EPG,EPG(PB08)_R7,R,cb_intrinsic,1
533062,ER3a_a,ER3a_a_L,L,cb_intrinsic,521813,EPG,EPG(PB08)_L2,L,cb_intrinsic,1
529847,ER3m,ER3m_L,L,cb_intrinsic,521813,EPG,EPG(PB08)_L2,L,cb_intrinsic,1
516944,ER5,ER5_L,L,cb_intrinsic,521813,EPG,EPG(PB08)_L2,L,cb_intrinsic,1
69454,ER3a_d,ER3a_d_L,L,cb_intrinsic,521813,EPG,EPG(PB08)_L2,L,cb_intrinsic,1
40558,ER3d_b,ER3d_b_L,L,cb_intrinsic,521813,EPG,EPG(PB08)_L2,L,cb_intrinsic,1
31684,ER3d_a,ER3d_a_R,R,cb_intrinsic,521813,EPG,EPG(PB08)_L2,L,cb_intrinsic,1
31541,ER3d_d,ER3d_d_R,R,cb_intrinsic,521813,EPG,EPG(PB08)_L2,L,cb_intrinsic,1
29791,ER3d_b,ER3d_b_L,L,cb_intrinsic,521813,EPG,EPG(PB08)_L2,L,cb_intrinsic,1
27903,ER3d_d,ER3d_d_L,L,cb_intrinsic,521813,EPG,EPG(PB08)_L2,L,cb_intrinsic,1
27052,ER3d_d,ER3d_d_R,R,cb_intrinsic,521813,EPG,EPG(PB08)_L2,L,cb_intrinsic,1
20026,ER5,ER5_L,L,cb_intrinsic,521813,EPG,EPG(PB08)_L2,L,cb_intrinsic,1
18633,ER5,ER5_L,L,cb_intrinsic,521813,EPG,EPG(PB08)_L2,L,cb_intrinsic,1
17171,ER5,ER5_R,R,cb_intrinsic,521813,EPG,EPG(PB08)_L2,L,cb_intrinsic,1
17078,ER5,ER5_R,R,cb_intrinsic,521813,EPG,EPG(PB08)_L2,L,cb_intrinsic,1
14464,ER6,ER6_L,L,cb_intrinsic,521813,EPG,EPG(PB08)_L2,L,cb_intrinsic,1
11605,ER5,ER5_R,R,cb_intrinsic,521813,EPG,EPG(PB08)_L2,L,cb_intrinsic,1
533062,ER3a_a,ER3a_a_L,L,cb_intrinsic,512513,EPG,EPG(PB08)_R1,R,cb_intrinsic,1
512515,ER3a_a,ER3a_a_L,L,cb_intrinsic,512513,EPG,EPG(PB08)_R1,R,cb_intrinsic,1
46262,ER3d_b,ER3d_b_L,L,cb_intrinsic,512513,EPG,EPG(PB08)_R1,R,cb_intrinsic,1
41908,ER3a_a,ER3a_a_L,L,cb_intrinsic,512513,EPG,EPG(PB08)_R1,R,cb_intrinsic,1
34737,ER3a_b,ER3a_b_R,R,cb_intrinsic,512513,EPG,EPG(PB08)_R1,R,cb_intrinsic,1
33589,ER3d_b,ER3d_b_L,L,cb_intrinsic,512513,EPG,EPG(PB08)_R1,R,cb_intrinsic,1
30171,ER3a_a,ER3a_a_R,R,cb_intrinsic,512513,EPG,EPG(PB08)_R1,R,cb_intrinsic,1
29842,ER3m,ER3m_R,R,cb_intrinsic,512513,EPG,EPG(PB08)_R1,R,cb_intrinsic,1
23163,ER3a_a,ER3a_a_R,R,cb_intrinsic,512513,EPG,EPG(PB08)_R1,R,cb_intrinsic,1
