source_bodyId,source_type,source_instance,source_side,target_bodyId,target_type,target_instance,target_side,weight
454614,ER4m,ER4m_L,L,520818,EPG,EPG(PB08)_L4,L,75
519347,ER4m,ER4m_R,R,520818,EPG,EPG(PB08)_L4,L,74
515760,ER4m,ER4m_R,R,520818,EPG,EPG(PB08)_L4,L,74
13985,ER4m,ER4m_L,L,513284,EPG,EPG(PB08)_R3,R,73
13395,ER4m,ER4m_R,R,11307,EPG,EPG(PB08)_L4,L,72
14308,ER4m,ER4m_L,L,513284,EPG,EPG(PB08)_R3,R,72
14308,ER4m,ER4m_L,L,15616,EPG,EPG(PB08)_R3,R,72
17402,ER4m,ER4m_L,L,513284,EPG,EPG(PB08)_R3,R,71
13985,ER4m,ER4m_L,L,520818,EPG,EPG(PB08)_L4,L,71
16440,ER4m,ER4m_L,L,512928,EPG,EPG(PB08)_R3,R,69
14482,ER4m,ER4m_R,R,11307,EPG,EPG(PB08)_L4,L,69
454614,ER4m,ER4m_L,L,10539,EPG,EPG(PB08)_R2,R,69
14308,ER4m,ER4m_L,L,513520,EPG,EPG(PB08)_R6,R,68
13395,ER4m,ER4m_R,R,520818,EPG,EPG(PB08)_L4,L,67
14308,ER4m,ER4m_L,L,520581,EPG,EPG(PB08)_R4,R,67
515760,ER4m,ER4m_R,R,11307,EPG,EPG(PB08)_L4,L,66
515760,ER4m,ER4m_R,R,10539,EPG,EPG(PB08)_R2,R,66
16440,ER4m,ER4m_L,L,15616,EPG,EPG(PB08)_R3,R,66
14308,ER4m,ER4m_L,L,11307,EPG,EPG(PB08)_L4,L,65
13985,ER4m,ER4m_L,L,11307,EPG,EPG(PB08)_L4,L,65
13434,ER4m,ER4m_R,R,15616,EPG,EPG(PB08)_R3,R,65
12797,ER4m,ER4m_R,R,520818,EPG,EPG(PB08)_L4,L,64
13434,ER4m,ER4m_R,R,513520,EPG,EPG(PB08)_R6,R,64
13434,ER4m,ER4m_R,R,11307,EPG,EPG(PB08)_L4,L,63
14308,ER4m,ER4m_L,L,523786,EPG,EPG(PB08)_R4,R,63
14308,ER4m,ER4m_L,L,520818,EPG,EPG(PB08)_L4,L,63
14308,ER4m,ER4m_L,L,10539,EPG,EPG(PB08)_R2,R,63
13985,ER4m,ER4m_L,L,11989,EPG,EPG(PB08)_L5,L,62
13985,ER4m,ER4m_L,L,523786,EPG,EPG(PB08)_R4,R,62
454614,ER4m,ER4m_L,L,556347,EPG,EPG(PB08)_R4,R,62
13434,ER4m,ER4m_R,R,513284,EPG,EPG(PB08)_R3,R,61
16440,ER4m,ER4m_L,L,11987,EPG,EPG(PB08)_R5,R,61
14482,ER4m,ER4m_R,R,519140,EPG,EPG(PB08)_L1,L,61
454614,ER4m,ER4m_L,L,15616,EPG,EPG(PB08)_R3,R,61
13985,ER4m,ER4m_L,L,15616,EPG,EPG(PB08)_R3,R,61
13985,ER4m,ER4m_L,L,520581,EPG,EPG(PB08)_R4,R,61
13434,ER4m,ER4m_R,R,524073,EPG,EPG(PB08)_L2,L,60
519347,ER4m,ER4m_R,R,11307,EPG,EPG(PB08)_L4,L,60
14308,ER4m,ER4m_L,L,84758,EPG,EPG(PB08)_L7,L,60
13985,ER4m,ER4m_L,L,556346,EPG,EPG(PB08)_L6,L,60
14308,ER4m,ER4m_L,L,11987,EPG,EPG(PB08)_R5,R,60
13985,ER4m,ER4m_L,L,512928,EPG,EPG(PB08)_R3,R,59
454614,ER4m,ER4m_L,L,11307,EPG,EPG(PB08)_L4,L,59
13985,ER4m,ER4m_L,L,10539,EPG,EPG(PB08)_R2,R,59
13434,ER4m,ER4m_R,R,523786,EPG,EPG(PB08)_R4,R,58
14308,ER4m,ER4m_L,L,556347,EPG,EPG(PB08)_R4,R,58
519347,ER4m,ER4m_R,R,519941,EPG,EPG(PB08)_L3,L,57
14308,ER4m,ER4m_L,L,512928,EPG,EPG(PB08)_R3,R,57
13985,ER4m,ER4m_L,L,11987,EPG,EPG(PB08)_R5,R,57
14308,ER4m,ER4m_L,L,12449,EPG,EPG(PB08)_L5,L,57
13395,ER4m,ER4m_R,R,513520,EPG,EPG(PB08)_R6,R,57
17402,ER4m,ER4m_L,L,512928,EPG,EPG(PB08)_R3,R,56
17402,ER4m,ER4m_L,L,11307,EPG,EPG(PB08)_L4,L,56
519347,ER4m,ER4m_R,R,11503,EPG,EPG(PB08)_R8,R,56
17402,ER4m,ER4m_L,L,84758,EPG,EPG(PB08)_L7,L,56
454614,ER4m,ER4m_L,L,556346,EPG,EPG(PB08)_L6,L,56
17402,ER4m,ER4m_L,L,556346,EPG,EPG(PB08)_L6,L,56
13434,ER4m,ER4m_R,R,11987,EPG,EPG(PB08)_R5,R,56
12797,ER4m,ER4m_R,R,11987,EPG,EPG(PB08)_R5,R,56
13434,ER4m,ER4m_R,R,556347,EPG,EPG(PB08)_R4,R,56
454614,ER4m,ER4m_L,L,513463,EPG,EPG(PB08)_R2,R,56
13434,ER4m,ER4m_R,R,520818,EPG,EPG(PB08)_L4,L,56
519347,ER4m,ER4m_R,R,15616,EPG,EPG(PB08)_R3,R,56
13985,ER4m,ER4m_L,L,11874,EPG,EPG(PB08)_L7,L,56
14308,ER4m,ER4m_L,L,11989,EPG,EPG(PB08)_L5,L,55
454614,ER4m,ER4m_L,L,512928,EPG,EPG(PB08)_R3,R,55
14308,ER4m,ER4m_L,L,513517,EPG,EPG(PB08)_L4,L,55
13395,ER4m,ER4m_R,R,513517,EPG,EPG(PB08)_L4,L,55
17402,ER4m,ER4m_L,L,556347,EPG,EPG(PB08)_R4,R,55
13395,ER4m,ER4m_R,R,556347,EPG,EPG(PB08)_R4,R,55
14308,ER4m,ER4m_L,L,514126,EPG,EPG(PB08)_R5,R,55
13985,ER4m,ER4m_L,L,513520,EPG,EPG(PB08)_R6,R,55
13434,ER4m,ER4m_R,R,107195,EPG,EPG(PB08)_L5,L,54
12797,ER4m,ER4m_R,R,11307,EPG,EPG(PB08)_L4,L,54
16440,ER4m,ER4m_L,L,84758,EPG,EPG(PB08)_L7,L,54
515760,ER4m,ER4m_R,R,513517,EPG,EPG(PB08)_L4,L,54
12797,ER4m,ER4m_R,R,513517,EPG,EPG(PB08)_L4,L,54
13985,ER4m,ER4m_L,L,513463,EPG,EPG(PB08)_R2,R,54
519347,ER4m,ER4m_R,R,10539,EPG,EPG(PB08)_R2,R,54
17402,ER4m,ER4m_L,L,15616,EPG,EPG(PB08)_R3,R,54
13395,ER4m,ER4m_R,R,11989,EPG,EPG(PB08)_L5,L,53
14308,ER4m,ER4m_L,L,107195,EPG,EPG(PB08)_L5,L,53
13434,ER4m,ER4m_R,R,512928,EPG,EPG(PB08)_R3,R,53
14308,ER4m,ER4m_L,L,19825,EPG,EPG(PB08)_R6,R,53
454614,ER4m,ER4m_L,L,513284,EPG,EPG(PB08)_R3,R,53
12797,ER4m,ER4m_R,R,556346,EPG,EPG(PB08)_L6,L,53
14482,ER4m,ER4m_R,R,11987,EPG,EPG(PB08)_R5,R,53
14308,ER4m,ER4m_L,L,513463,EPG,EPG(PB08)_R2,R,53
13434,ER4m,ER4m_R,R,519140,EPG,EPG(PB08)_L1,L,53
13395,ER4m,ER4m_R,R,519941,EPG,EPG(PB08)_L3,L,52
13985,ER4m,ER4m_L,L,107195,EPG,EPG(PB08)_L5,L,52
16440,ER4m,ER4m_L,L,513284,EPG,EPG(PB08)_R3,R,52
454614,ER4m,ER4m_L,L,523786,EPG,EPG(PB08)_R4,R,52
454614,ER4m,ER4m_L,L,11987,EPG,EPG(PB08)_R5,R,52
454614,ER4m,ER4m_L,L,513033,EPG,EPG(PB08)_L8,L,52
17402,ER4m,ER4m_L,L,513033,EPG,EPG(PB08)_L8,L,52
13985,ER4m,ER4m_L,L,556347,EPG,EPG(PB08)_R4,R,52
14308,ER4m,ER4m_L,L,16360,EPG,EPG(PB08)_L6,L,52
17402,ER4m,ER4m_L,L,515675,EPG,EPG(PB08)_R1,R,52
13395,ER4m,ER4m_R,R,92188,EPG,EPG(PB08)_R7,R,52
519347,ER4m,ER4m_R,R,521812,EPG,EPG(PB08)_R7,R,52
515760,ER4m,ER4m_R,R,521813,EPG,EPG(PB08)_L2,L,52
14482,ER4m,ER4m_R,R,521813,EPG,EPG(PB08)_L2,L,52
16440,ER4m,ER4m_L,L,519941,EPG,EPG(PB08)_L3,L,51
17402,ER4m,ER4m_L,L,11989,EPG,EPG(PB08)_L5,L,51
12797,ER4m,ER4m_R,R,513284,EPG,EPG(PB08)_R3,R,51
13985,ER4m,ER4m_L,L,521409,EPG,EPG(PB08)_L8,L,51
515760,ER4m,ER4m_R,R,15616,EPG,EPG(PB08)_R3,R,51
519347,ER4m,ER4m_R,R,515675,EPG,EPG(PB08)_R1,R,51
454614,ER4m,ER4m_L,L,15713,EPG,EPG(PB08)_L6,L,51
13395,ER4m,ER4m_R,R,521813,EPG,EPG(PB08)_L2,L,51
454614,ER4m,ER4m_L,L,512513,EPG,EPG(PB08)_R1,R,51
14482,ER4m,ER4m_R,R,512305,EPG,EPG(PB08)_R8,R,50
16440,ER4m,ER4m_L,L,11307,EPG,EPG(PB08)_L4,L,50
14482,ER4m,ER4m_R,R,11503,EPG,EPG(PB08)_R8,R,50
16440,ER4m,ER4m_L,L,556346,EPG,EPG(PB08)_L6,L,50
519347,ER4m,ER4m_R,R,11987,EPG,EPG(PB08)_R5,R,50
515760,ER4m,ER4m_R,R,513033,EPG,EPG(PB08)_L8,L,50
14482,ER4m,ER4m_R,R,513517,EPG,EPG(PB08)_L4,L,50
13434,ER4m,ER4m_R,R,513517,EPG,EPG(PB08)_L4,L,50
16440,ER4m,ER4m_L,L,520818,EPG,EPG(PB08)_L4,L,50
14482,ER4m,ER4m_R,R,520818,EPG,EPG(PB08)_L4,L,50
16440,ER4m,ER4m_L,L,10539,EPG,EPG(PB08)_R2,R,50
12797,ER4m,ER4m_R,R,15616,EPG,EPG(PB08)_R3,R,50
13985,ER4m,ER4m_L,L,515675,EPG,EPG(PB08)_R1,R,50
519347,ER4m,ER4m_R,R,513520,EPG,EPG(PB08)_R6,R,50
515760,ER4m,ER4m_R,R,513520,EPG,EPG(PB08)_R6,R,50
12797,ER4m,ER4m_R,R,513520,EPG,EPG(PB08)_R6,R,50
13434,ER4m,ER4m_R,R,520581,EPG,EPG(PB08)_R4,R,50
13434,ER4m,ER4m_R,R,11989,EPG,EPG(PB08)_L5,L,49
13434,ER4m,ER4m_R,R,19825,EPG,EPG(PB08)_R6,R,49
454614,ER4m,ER4m_L,L,84758,EPG,EPG(PB08)_L7,L,49
13985,ER4m,ER4m_L,L,513033,EPG,EPG(PB08)_L8,L,49
519347,ER4m,ER4m_R,R,513517,EPG,EPG(PB08)_L4,L,49
13985,ER4m,ER4m_L,L,513517,EPG,EPG(PB08)_L4,L,49
454614,ER4m,ER4m_L,L,515675,EPG,EPG(PB08)_R1,R,49
13985,ER4m,ER4m_L,L,514126,EPG,EPG(PB08)_R5,R,49
17402,ER4m,ER4m_L,L,520581,EPG,EPG(PB08)_R4,R,49
17402,ER4m,ER4m_L,L,512513,EPG,EPG(PB08)_R1,R,49
14482,ER4m,ER4m_R,R,519941,EPG,EPG(PB08)_L3,L,48
13434,ER4m,ER4m_R,R,519941,EPG,EPG(PB08)_L3,L,48
454614,ER4m,ER4m_L,L,519144,EPG,EPG(PB08)_L8,L,48
13395,ER4m,ER4m_R,R,19825,EPG,EPG(PB08)_R6,R,48
13985,ER4m,ER4m_L,L,84758,EPG,EPG(PB08)_L7,L,48
13395,ER4m,ER4m_R,R,513284,EPG,EPG(PB08)_R3,R,48
515760,ER4m,ER4m_R,R,11987,EPG,EPG(PB08)_R5,R,48
13395,ER4m,ER4m_R,R,11987,EPG,EPG(PB08)_R5,R,48
13434,ER4m,ER4m_R,R,19125,EPG,EPG(PB08)_R5,R,48
16440,ER4m,ER4m_L,L,513463,EPG,EPG(PB08)_R2,R,48
12797,ER4m,ER4m_R,R,513463,EPG,EPG(PB08)_R2,R,48
13985,ER4m,ER4m_L,L,12449,EPG,EPG(PB08)_L5,L,48
16440,ER4m,ER4m_L,L,519140,EPG,EPG(PB08)_L1,L,48
17402,ER4m,ER4m_L,L,16360,EPG,EPG(PB08)_L6,L,48
454614,ER4m,ER4m_L,L,520581,EPG,EPG(PB08)_R4,R,48
16440,ER4m,ER4m_L,L,107195,EPG,EPG(PB08)_L5,L,47
13395,ER4m,ER4m_R,R,524073,EPG,EPG(PB08)_L2,L,47
515760,ER4m,ER4m_R,R,513464,EPG,EPG(PB08)_R8,R,47
14308,ER4m,ER4m_L,L,556346,EPG,EPG(PB08)_L6,L,47
519347,ER4m,ER4m_R,R,523786,EPG,EPG(PB08)_R4,R,47
515760,ER4m,ER4m_R,R,131313,EPG,EPG(PB08)_R6,R,47
13395,ER4m,ER4m_R,R,131313,EPG,EPG(PB08)_R6,R,47
16440,ER4m,ER4m_L,L,14727,EPG,EPG(PB08)_L7,L,47
16440,ER4m,ER4m_L,L,515675,EPG,EPG(PB08)_R1,R,47
14482,ER4m,ER4m_R,R,515675,EPG,EPG(PB08)_R1,R,47
13395,ER4m,ER4m_R,R,515675,EPG,EPG(PB08)_R1,R,47
519347,ER4m,ER4m_R,R,514126,EPG,EPG(PB08)_R5,R,47
14482,ER4m,ER4m_R,R,513520,EPG,EPG(PB08)_R6,R,47
519347,ER4m,ER4m_R,R,11874,EPG,EPG(PB08)_L7,L,47
14308,ER4m,ER4m_L,L,88342,EPG,EPG(PB08)_L3,L,47
515760,ER4m,ER4m_R,R,521812,EPG,EPG(PB08)_R7,R,47
14482,ER4m,ER4m_R,R,521812,EPG,EPG(PB08)_R7,R,47
12797,ER4m,ER4m_R,R,521813,EPG,EPG(PB08)_L2,L,47
14308,ER4m,ER4m_L,L,519941,EPG,EPG(PB08)_L3,L,46
454614,ER4m,ER4m_L,L,107195,EPG,EPG(PB08)_L5,L,46
13395,ER4m,ER4m_R,R,519328,EPG,EPG(PB08)_L3,L,46
519347,ER4m,ER4m_R,R,84758,EPG,EPG(PB08)_L7,L,46
12797,ER4m,ER4m_R,R,520812,EPG,EPG(PB08)_R8,R,46
13434,ER4m,ER4m_R,R,131313,EPG,EPG(PB08)_R6,R,46
17402,ER4m,ER4m_L,L,513463,EPG,EPG(PB08)_R2,R,46
14308,ER4m,ER4m_L,L,11874,EPG,EPG(PB08)_L7,L,46
17402,ER4m,ER4m_L,L,15713,EPG,EPG(PB08)_L6,L,46
16440,ER4m,ER4m_L,L,519144,EPG,EPG(PB08)_L8,L,45
13395,ER4m,ER4m_R,R,513464,EPG,EPG(PB08)_R8,R,45
519347,ER4m,ER4m_R,R,513284,EPG,EPG(PB08)_R3,R,45
13434,ER4m,ER4m_R,R,556346,EPG,EPG(PB08)_L6,L,45
17402,ER4m,ER4m_L,L,523786,EPG,EPG(PB08)_R4,R,45
16440,ER4m,ER4m_L,L,523786,EPG,EPG(PB08)_R4,R,45
14308,ER4m,ER4m_L,L,513033,EPG,EPG(PB08)_L8,L,45
14482,ER4m,ER4m_R,R,19125,EPG,EPG(PB08)_R5,R,45
14308,ER4m,ER4m_L,L,19125,EPG,EPG(PB08)_R5,R,45
16440,ER4m,ER4m_L,L,513517,EPG,EPG(PB08)_L4,L,45
17402,ER4m,ER4m_L,L,520818,EPG,EPG(PB08)_L4,L,45
17402,ER4m,ER4m_L,L,10539,EPG,EPG(PB08)_R2,R,45
13985,ER4m,ER4m_L,L,14727,EPG,EPG(PB08)_L7,L,45
454614,ER4m,ER4m_L,L,519140,EPG,EPG(PB08)_L1,L,45
17402,ER4m,ER4m_L,L,519140,EPG,EPG(PB08)_L1,L,45
454614,ER4m,ER4m_L,L,11874,EPG,EPG(PB08)_L7,L,45
14482,ER4m,ER4m_R,R,107195,EPG,EPG(PB08)_L5,L,44
12797,ER4m,ER4m_R,R,107195,EPG,EPG(PB08)_L5,L,44
13434,ER4m,ER4m_R,R,519328,EPG,EPG(PB08)_L3,L,44
14482,ER4m,ER4m_R,R,512928,EPG,EPG(PB08)_R3,R,44
14482,ER4m,ER4m_R,R,524073,EPG,EPG(PB08)_L2,L,44
12797,ER4m,ER4m_R,R,524073,EPG,EPG(PB08)_L2,L,44
14482,ER4m,ER4m_R,R,19825,EPG,EPG(PB08)_R6,R,44
13434,ER4m,ER4m_R,R,11503,EPG,EPG(PB08)_R8,R,44
13434,ER4m,ER4m_R,R,520812,EPG,EPG(PB08)_R8,R,44
13395,ER4m,ER4m_R,R,523786,EPG,EPG(PB08)_R4,R,44
12797,ER4m,ER4m_R,R,523786,EPG,EPG(PB08)_R4,R,44
17402,ER4m,ER4m_L,L,11987,EPG,EPG(PB08)_R5,R,44
14482,ER4m,ER4m_R,R,131313,EPG,EPG(PB08)_R6,R,44
515760,ER4m,ER4m_R,R,556347,EPG,EPG(PB08)_R4,R,44
16440,ER4m,ER4m_L,L,16360,EPG,EPG(PB08)_L6,L,44
16440,ER4m,ER4m_L,L,11874,EPG,EPG(PB08)_L7,L,44
515760,ER4m,ER4m_R,R,520581,EPG,EPG(PB08)_R4,R,44
17402,ER4m,ER4m_L,L,13217,EPG,EPG(PB08)_L8,L,44
519347,ER4m,ER4m_R,R,11989,EPG,EPG(PB08)_L5,L,43
454614,ER4m,ER4m_L,L,11989,EPG,EPG(PB08)_L5,L,43
515760,ER4m,ER4m_R,R,512928,EPG,EPG(PB08)_R3,R,43
519347,ER4m,ER4m_R,R,512305,EPG,EPG(PB08)_R8,R,43
14482,ER4m,ER4m_R,R,513464,EPG,EPG(PB08)_R8,R,43
13434,ER4m,ER4m_R,R,513464,EPG,EPG(PB08)_R8,R,43
515760,ER4m,ER4m_R,R,84758,EPG,EPG(PB08)_L7,L,43
515760,ER4m,ER4m_R,R,513284,EPG,EPG(PB08)_R3,R,43
14482,ER4m,ER4m_R,R,556346,EPG,EPG(PB08)_L6,L,43
515760,ER4m,ER4m_R,R,523786,EPG,EPG(PB08)_R4,R,43
13395,ER4m,ER4m_R,R,19125,EPG,EPG(PB08)_R5,R,43
454614,ER4m,ER4m_L,L,521409,EPG,EPG(PB08)_L8,L,43
519347,ER4m,ER4m_R,R,513463,EPG,EPG(PB08)_R2,R,43
17402,ER4m,ER4m_L,L,14727,EPG,EPG(PB08)_L7,L,43
12797,ER4m,ER4m_R,R,519140,EPG,EPG(PB08)_L1,L,43
12797,ER4m,ER4m_R,R,515675,EPG,EPG(PB08)_R1,R,43
16440,ER4m,ER4m_L,L,513520,EPG,EPG(PB08)_R6,R,43
515760,ER4m,ER4m_R,R,13217,EPG,EPG(PB08)_L8,L,43
13434,ER4m,ER4m_R,R,13217,EPG,EPG(PB08)_L8,L,43
13434,ER4m,ER4m_R,R,92188,EPG,EPG(PB08)_R7,R,43
13985,ER4m,ER4m_L,L,521813,EPG,EPG(PB08)_L2,L,43
13434,ER4m,ER4m_R,R,521813,EPG,EPG(PB08)_L2,L,43
515760,ER4m,ER4m_R,R,519941,EPG,EPG(PB08)_L3,L,42
16440,ER4m,ER4m_L,L,11989,EPG,EPG(PB08)_L5,L,42
519347,ER4m,ER4m_R,R,512928,EPG,EPG(PB08)_R3,R,42
12797,ER4m,ER4m_R,R,19825,EPG,EPG(PB08)_R6,R,42
13395,ER4m,ER4m_R,R,11503,EPG,EPG(PB08)_R8,R,42
515760,ER4m,ER4m_R,R,520812,EPG,EPG(PB08)_R8,R,42
14482,ER4m,ER4m_R,R,513463,EPG,EPG(PB08)_R2,R,42
14482,ER4m,ER4m_R,R,10539,EPG,EPG(PB08)_R2,R,42
12797,ER4m,ER4m_R,R,10539,EPG,EPG(PB08)_R2,R,42
519347,ER4m,ER4m_R,R,16360,EPG,EPG(PB08)_L6,L,42
13985,ER4m,ER4m_L,L,16360,EPG,EPG(PB08)_L6,L,42
16440,ER4m,ER4m_L,L,520581,EPG,EPG(PB08)_R4,R,42
519347,ER4m,ER4m_R,R,92188,EPG,EPG(PB08)_R7,R,42
14482,ER4m,ER4m_R,R,92188,EPG,EPG(PB08)_R7,R,42
13434,ER4m,ER4m_R,R,512513,EPG,EPG(PB08)_R1,R,42
516110,ER6,ER6_R,R,519941,EPG,EPG(PB08)_L3,L,41
12797,ER4m,ER4m_R,R,512928,EPG,EPG(PB08)_R3,R,41
519347,ER4m,ER4m_R,R,524073,EPG,EPG(PB08)_L2,L,41
17402,ER4m,ER4m_L,L,513464,EPG,EPG(PB08)_R8,R,41
14482,ER4m,ER4m_R,R,520812,EPG,EPG(PB08)_R8,R,41
14482,ER4m,ER4m_R,R,513284,EPG,EPG(PB08)_R3,R,41
519347,ER4m,ER4m_R,R,556346,EPG,EPG(PB08)_L6,L,41
519347,ER4m,ER4m_R,R,513033,EPG,EPG(PB08)_L8,L,41
16440,ER4m,ER4m_L,L,19125,EPG,EPG(PB08)_R5,R,41
16440,ER4m,ER4m_L,L,131313,EPG,EPG(PB08)_R6,R,41
12797,ER4m,ER4m_R,R,131313,EPG,EPG(PB08)_R6,R,41
17402,ER4m,ER4m_L,L,12449,EPG,EPG(PB08)_L5,L,41
16440,ER4m,ER4m_L,L,12449,EPG,EPG(PB08)_L5,L,41
13395,ER4m,ER4m_R,R,519140,EPG,EPG(PB08)_L1,L,41
14482,ER4m,ER4m_R,R,15616,EPG,EPG(PB08)_R3,R,41
454614,ER4m,ER4m_L,L,514126,EPG,EPG(PB08)_R5,R,41
17402,ER4m,ER4m_L,L,11874,EPG,EPG(PB08)_L7,L,41
13985,ER4m,ER4m_L,L,15713,EPG,EPG(PB08)_L6,L,41
14308,ER4m,ER4m_L,L,13217,EPG,EPG(PB08)_L8,L,41
515760,ER4m,ER4m_R,R,11989,EPG,EPG(PB08)_L5,L,40
12797,ER4m,ER4m_R,R,519328,EPG,EPG(PB08)_L3,L,40
13985,ER4m,ER4m_L,L,519144,EPG,EPG(PB08)_L8,L,40
519347,ER4m,ER4m_R,R,19825,EPG,EPG(PB08)_R6,R,40
515760,ER4m,ER4m_R,R,19825,EPG,EPG(PB08)_R6,R,40
13985,ER4m,ER4m_L,L,19825,EPG,EPG(PB08)_R6,R,40
13395,ER4m,ER4m_R,R,520812,EPG,EPG(PB08)_R8,R,40
13985,ER4m,ER4m_L,L,19125,EPG,EPG(PB08)_R5,R,40
13985,ER4m,ER4m_L,L,131313,EPG,EPG(PB08)_R6,R,40
515760,ER4m,ER4m_R,R,521409,EPG,EPG(PB08)_L8,L,40
515760,ER4m,ER4m_R,R,513463,EPG,EPG(PB08)_R2,R,40
16440,ER4m,ER4m_L,L,514126,EPG,EPG(PB08)_R5,R,40
14482,ER4m,ER4m_R,R,514126,EPG,EPG(PB08)_R5,R,40
13434,ER4m,ER4m_R,R,514126,EPG,EPG(PB08)_R5,R,40
12797,ER4m,ER4m_R,R,514126,EPG,EPG(PB08)_R5,R,40
515760,ER4m,ER4m_R,R,11874,EPG,EPG(PB08)_L7,L,40
13434,ER4m,ER4m_R,R,11874,EPG,EPG(PB08)_L7,L,40
17402,ER4m,ER4m_L,L,512514,EPG,EPG(PB08)_L1,L,40
14482,ER4m,ER4m_R,R,512514,EPG,EPG(PB08)_L1,L,40
13395,ER4m,ER4m_R,R,88342,EPG,EPG(PB08)_L3,L,40
12797,ER4m,ER4m_R,R,520581,EPG,EPG(PB08)_R4,R,40
16440,ER4m,ER4m_L,L,13217,EPG,EPG(PB08)_L8,L,40
13395,ER4m,ER4m_R,R,521812,EPG,EPG(PB08)_R7,R,40
12797,ER4m,ER4m_R,R,512513,EPG,EPG(PB08)_R1,R,40
14482,ER4m,ER4m_R,R,11989,EPG,EPG(PB08)_L5,L,39
17402,ER4m,ER4m_L,L,107195,EPG,EPG(PB08)_L5,L,39
16440,ER4m,ER4m_L,L,513464,EPG,EPG(PB08)_R8,R,39
16440,ER4m,ER4m_L,L,11503,EPG,EPG(PB08)_R8,R,39
13434,ER4m,ER4m_R,R,84758,EPG,EPG(PB08)_L7,L,39
515760,ER4m,ER4m_R,R,556346,EPG,EPG(PB08)_L6,L,39
12797,ER4m,ER4m_R,R,513033,EPG,EPG(PB08)_L8,L,39
519347,ER4m,ER4m_R,R,131313,EPG,EPG(PB08)_R6,R,39
17402,ER4m,ER4m_L,L,513517,EPG,EPG(PB08)_L4,L,39
14482,ER4m,ER4m_R,R,556347,EPG,EPG(PB08)_R4,R,39
14308,ER4m,ER4m_L,L,14727,EPG,EPG(PB08)_L7,L,39
515760,ER4m,ER4m_R,R,16360,EPG,EPG(PB08)_L6,L,39
12797,ER4m,ER4m_R,R,16360,EPG,EPG(PB08)_L6,L,39
13434,ER4m,ER4m_R,R,512514,EPG,EPG(PB08)_L1,L,39
13434,ER4m,ER4m_R,R,88342,EPG,EPG(PB08)_L3,L,39
454614,ER4m,ER4m_L,L,13217,EPG,EPG(PB08)_L8,L,39
519347,ER4m,ER4m_R,R,512513,EPG,EPG(PB08)_R1,R,39
515760,ER4m,ER4m_R,R,512513,EPG,EPG(PB08)_R1,R,39
14308,ER4m,ER4m_L,L,512513,EPG,EPG(PB08)_R1,R,39
519347,ER4m,ER4m_R,R,519328,EPG,EPG(PB08)_L3,L,38
454614,ER4m,ER4m_L,L,519328,EPG,EPG(PB08)_L3,L,38
17402,ER4m,ER4m_L,L,519144,EPG,EPG(PB08)_L8,L,38
12797,ER4m,ER4m_R,R,512305,EPG,EPG(PB08)_R8,R,38
12797,ER4m,ER4m_R,R,513464,EPG,EPG(PB08)_R8,R,38
13395,ER4m,ER4m_R,R,556346,EPG,EPG(PB08)_L6,L,38
519347,ER4m,ER4m_R,R,556347,EPG,EPG(PB08)_R4,R,38
16440,ER4m,ER4m_L,L,556347,EPG,EPG(PB08)_R4,R,38
519347,ER4m,ER4m_R,R,521409,EPG,EPG(PB08)_L8,L,38
13434,ER4m,ER4m_R,R,14727,EPG,EPG(PB08)_L7,L,38
14482,ER4m,ER4m_R,R,16360,EPG,EPG(PB08)_L6,L,38
515760,ER4m,ER4m_R,R,515675,EPG,EPG(PB08)_R1,R,38
519347,ER4m,ER4m_R,R,88342,EPG,EPG(PB08)_L3,L,38
14482,ER4m,ER4m_R,R,88342,EPG,EPG(PB08)_L3,L,38
14482,ER4m,ER4m_R,R,15713,EPG,EPG(PB08)_L6,L,38
13985,ER4m,ER4m_L,L,13217,EPG,EPG(PB08)_L8,L,38
14308,ER4m,ER4m_L,L,521813,EPG,EPG(PB08)_L2,L,38
14482,ER4m,ER4m_R,R,512513,EPG,EPG(PB08)_R1,R,38
13395,ER4m,ER4m_R,R,512513,EPG,EPG(PB08)_R1,R,38
12797,ER4m,ER4m_R,R,519941,EPG,EPG(PB08)_L3,L,37
454614,ER4m,ER4m_L,L,19825,EPG,EPG(PB08)_R6,R,37
16440,ER4m,ER4m_L,L,19825,EPG,EPG(PB08)_R6,R,37
519347,ER4m,ER4m_R,R,520812,EPG,EPG(PB08)_R8,R,37
14482,ER4m,ER4m_R,R,523786,EPG,EPG(PB08)_R4,R,37
12797,ER4m,ER4m_R,R,556347,EPG,EPG(PB08)_R4,R,37
16440,ER4m,ER4m_L,L,521409,EPG,EPG(PB08)_L8,L,37
13434,ER4m,ER4m_R,R,12449,EPG,EPG(PB08)_L5,L,37
13395,ER4m,ER4m_R,R,12449,EPG,EPG(PB08)_L5,L,37
515760,ER4m,ER4m_R,R,519140,EPG,EPG(PB08)_L1,L,37
13434,ER4m,ER4m_R,R,16360,EPG,EPG(PB08)_L6,L,37
13395,ER4m,ER4m_R,R,514126,EPG,EPG(PB08)_R5,R,37
519347,ER4m,ER4m_R,R,512514,EPG,EPG(PB08)_L1,L,37
14308,ER4m,ER4m_L,L,15713,EPG,EPG(PB08)_L6,L,37
515760,ER4m,ER4m_R,R,92188,EPG,EPG(PB08)_R7,R,37
12797,ER4m,ER4m_R,R,92188,EPG,EPG(PB08)_R7,R,37
16440,ER4m,ER4m_L,L,512513,EPG,EPG(PB08)_R1,R,37
13985,ER4m,ER4m_L,L,512513,EPG,EPG(PB08)_R1,R,37
13985,ER4m,ER4m_L,L,519941,EPG,EPG(PB08)_L3,L,36
13434,ER4m,ER4m_R,R,14507,EPG,EPG(PB08)_R7,R,36
17402,ER4m,ER4m_L,L,19825,EPG,EPG(PB08)_R6,R,36
14482,ER4m,ER4m_R,R,84758,EPG,EPG(PB08)_L7,L,36
12797,ER4m,ER4m_R,R,84758,EPG,EPG(PB08)_L7,L,36
14308,ER4m,ER4m_L,L,131313,EPG,EPG(PB08)_R6,R,36
454614,ER4m,ER4m_L,L,513517,EPG,EPG(PB08)_L4,L,36
17402,ER4m,ER4m_L,L,521409,EPG,EPG(PB08)_L8,L,36
14308,ER4m,ER4m_L,L,521409,EPG,EPG(PB08)_L8,L,36
454614,ER4m,ER4m_L,L,12449,EPG,EPG(PB08)_L5,L,36
519347,ER4m,ER4m_R,R,519140,EPG,EPG(PB08)_L1,L,36
13985,ER4m,ER4m_L,L,519140,EPG,EPG(PB08)_L1,L,36
13434,ER4m,ER4m_R,R,515675,EPG,EPG(PB08)_R1,R,36
515760,ER4m,ER4m_R,R,514126,EPG,EPG(PB08)_R5,R,36
17402,ER4m,ER4m_L,L,513520,EPG,EPG(PB08)_R6,R,36
12797,ER4m,ER4m_R,R,11874,EPG,EPG(PB08)_L7,L,36
515760,ER4m,ER4m_R,R,88342,EPG,EPG(PB08)_L3,L,36
519347,ER4m,ER4m_R,R,520581,EPG,EPG(PB08)_R4,R,36
519347,ER4m,ER4m_R,R,521813,EPG,EPG(PB08)_L2,L,36
12797,ER4m,ER4m_R,R,11989,EPG,EPG(PB08)_L5,L,35
13395,ER4m,ER4m_R,R,107195,EPG,EPG(PB08)_L5,L,35
14308,ER4m,ER4m_L,L,524073,EPG,EPG(PB08)_L2,L,35
13395,ER4m,ER4m_R,R,512305,EPG,EPG(PB08)_R8,R,35
519347,ER4m,ER4m_R,R,513464,EPG,EPG(PB08)_R8,R,35
515760,ER4m,ER4m_R,R,11503,EPG,EPG(PB08)_R8,R,35
17402,ER4m,ER4m_L,L,11503,EPG,EPG(PB08)_R8,R,35
21449,ER2_c,ER2_c_R,R,513033,EPG,EPG(PB08)_L8,L,35
454614,ER4m,ER4m_L,L,19125,EPG,EPG(PB08)_R5,R,35
13434,ER4m,ER4m_R,R,10539,EPG,EPG(PB08)_R2,R,35
13395,ER4m,ER4m_R,R,16360,EPG,EPG(PB08)_L6,L,35
515760,ER4m,ER4m_R,R,512514,EPG,EPG(PB08)_L1,L,35
16440,ER4m,ER4m_L,L,15713,EPG,EPG(PB08)_L6,L,35
14308,ER4m,ER4m_L,L,92188,EPG,EPG(PB08)_R7,R,35
14308,ER4m,ER4m_L,L,521812,EPG,EPG(PB08)_R7,R,35
512319,ER6,ER6_L,L,512928,EPG,EPG(PB08)_R3,R,34
515760,ER4m,ER4m_R,R,524073,EPG,EPG(PB08)_L2,L,34
14308,ER4m,ER4m_L,L,519144,EPG,EPG(PB08)_L8,L,34
13434,ER4m,ER4m_R,R,512305,EPG,EPG(PB08)_R8,R,34
12797,ER4m,ER4m_R,R,11503,EPG,EPG(PB08)_R8,R,34
16440,ER4m,ER4m_L,L,513033,EPG,EPG(PB08)_L8,L,34
14482,ER4m,ER4m_R,R,521409,EPG,EPG(PB08)_L8,L,34
515760,ER4m,ER4m_R,R,14727,EPG,EPG(PB08)_L7,L,34
454614,ER4m,ER4m_L,L,14727,EPG,EPG(PB08)_L7,L,34
14482,ER4m,ER4m_R,R,11874,EPG,EPG(PB08)_L7,L,34
454614,ER4m,ER4m_L,L,88342,EPG,EPG(PB08)_L3,L,34
12797,ER4m,ER4m_R,R,88342,EPG,EPG(PB08)_L3,L,34
13395,ER4m,ER4m_R,R,520581,EPG,EPG(PB08)_R4,R,34
519347,ER4m,ER4m_R,R,13217,EPG,EPG(PB08)_L8,L,34
12797,ER4m,ER4m_R,R,13217,EPG,EPG(PB08)_L8,L,34
13434,ER4m,ER4m_R,R,521812,EPG,EPG(PB08)_R7,R,34
12797,ER4m,ER4m_R,R,521812,EPG,EPG(PB08)_R7,R,34
454614,ER4m,ER4m_L,L,519941,EPG,EPG(PB08)_L3,L,33
14482,ER4m,ER4m_R,R,519328,EPG,EPG(PB08)_L3,L,33
14308,ER4m,ER4m_L,L,519328,EPG,EPG(PB08)_L3,L,33
13985,ER4m,ER4m_L,L,519328,EPG,EPG(PB08)_L3,L,33
519347,ER4m,ER4m_R,R,14507,EPG,EPG(PB08)_R7,R,33
515760,ER4m,ER4m_R,R,12449,EPG,EPG(PB08)_L5,L,33
12797,ER4m,ER4m_R,R,12449,EPG,EPG(PB08)_L5,L,33
13395,ER4m,ER4m_R,R,15616,EPG,EPG(PB08)_R3,R,33
13985,ER4m,ER4m_L,L,88342,EPG,EPG(PB08)_L3,L,33
14482,ER4m,ER4m_R,R,520581,EPG,EPG(PB08)_R4,R,33
13395,ER4m,ER4m_R,R,13217,EPG,EPG(PB08)_L8,L,33
519347,ER4m,ER4m_R,R,107195,EPG,EPG(PB08)_L5,L,32
515760,ER4m,ER4m_R,R,519328,EPG,EPG(PB08)_L3,L,32
519347,ER4m,ER4m_R,R,19125,EPG,EPG(PB08)_R5,R,32
17419,ER6,ER6_R,R,519140,EPG,EPG(PB08)_L1,L,32
454614,ER4m,ER4m_L,L,16360,EPG,EPG(PB08)_L6,L,32
13434,ER4m,ER4m_R,R,15713,EPG,EPG(PB08)_L6,L,32
13395,ER4m,ER4m_R,R,15713,EPG,EPG(PB08)_L6,L,32
12797,ER4m,ER4m_R,R,14507,EPG,EPG(PB08)_R7,R,31
454614,ER4m,ER4m_L,L,524073,EPG,EPG(PB08)_L2,L,31
13985,ER4m,ER4m_L,L,524073,EPG,EPG(PB08)_L2,L,31
454614,ER4m,ER4m_L,L,131313,EPG,EPG(PB08)_R6,R,31
519347,ER4m,ER4m_R,R,12449,EPG,EPG(PB08)_L5,L,31
12797,ER4m,ER4m_R,R,14727,EPG,EPG(PB08)_L7,L,31
454614,ER4m,ER4m_L,L,513520,EPG,EPG(PB08)_R6,R,31
17402,ER4m,ER4m_L,L,88342,EPG,EPG(PB08)_L3,L,31
12797,ER4m,ER4m_R,R,15713,EPG,EPG(PB08)_L6,L,31
13985,ER4m,ER4m_L,L,92188,EPG,EPG(PB08)_R7,R,31
17402,ER4m,ER4m_L,L,519941,EPG,EPG(PB08)_L3,L,30
14482,ER4m,ER4m_R,R,519144,EPG,EPG(PB08)_L8,L,30
515760,ER4m,ER4m_R,R,512305,EPG,EPG(PB08)_R8,R,30
454614,ER4m,ER4m_L,L,513464,EPG,EPG(PB08)_R8,R,30
14308,ER4m,ER4m_L,L,515675,EPG,EPG(PB08)_R1,R,30
27770,ER3w_b,ER3w_b_R,R,512514,EPG,EPG(PB08)_L1,L,30
454614,ER4m,ER4m_L,L,92188,EPG,EPG(PB08)_R7,R,30
454614,ER4m,ER4m_L,L,521812,EPG,EPG(PB08)_R7,R,30
17402,ER4m,ER4m_L,L,524073,EPG,EPG(PB08)_L2,L,29
16440,ER4m,ER4m_L,L,512305,EPG,EPG(PB08)_R8,R,29
17402,ER4m,ER4m_L,L,19125,EPG,EPG(PB08)_R5,R,29
516110,ER6,ER6_R,R,12449,EPG,EPG(PB08)_L5,L,29
18508,ER2_c,ER2_c_L,L,10539,EPG,EPG(PB08)_R2,R,29
13985,ER4m,ER4m_L,L,521812,EPG,EPG(PB08)_R7,R,29
454614,ER4m,ER4m_L,L,521813,EPG,EPG(PB08)_L2,L,29
14308,ER4m,ER4m_L,L,14507,EPG,EPG(PB08)_R7,R,28
16440,ER4m,ER4m_L,L,524073,EPG,EPG(PB08)_L2,L,28
13434,ER4m,ER4m_R,R,519144,EPG,EPG(PB08)_L8,L,28
14308,ER4m,ER4m_L,L,512305,EPG,EPG(PB08)_R8,R,28
17419,ER6,ER6_R,R,84758,EPG,EPG(PB08)_L7,L,28
18508,ER2_c,ER2_c_L,L,513284,EPG,EPG(PB08)_R3,R,28
12797,ER4m,ER4m_R,R,19125,EPG,EPG(PB08)_R5,R,28
13434,ER4m,ER4m_R,R,513463,EPG,EPG(PB08)_R2,R,28
512606,ER3w_c,ER3w_c_L,L,519140,EPG,EPG(PB08)_L1,L,28
18377,ER3w_b,ER3w_b_L,L,15616,EPG,EPG(PB08)_R3,R,28
17402,ER4m,ER4m_L,L,514126,EPG,EPG(PB08)_R5,R,28
26136,ER2_b,ER2_b_R,R,512514,EPG,EPG(PB08)_L1,L,28
16440,ER4m,ER4m_L,L,512514,EPG,EPG(PB08)_L1,L,28
12797,ER4m,ER4m_R,R,512514,EPG,EPG(PB08)_L1,L,28
515760,ER4m,ER4m_R,R,15713,EPG,EPG(PB08)_L6,L,28
512319,ER6,ER6_L,L,512513,EPG,EPG(PB08)_R1,R,28
12797,ER4m,ER4m_R,R,519144,EPG,EPG(PB08)_L8,L,27
59337,ER3w_b,ER3w_b_L,L,556347,EPG,EPG(PB08)_R4,R,27
13434,ER4m,ER4m_R,R,521409,EPG,EPG(PB08)_L8,L,27
19807,ER2_c,ER2_c_L,L,10539,EPG,EPG(PB08)_R2,R,27
25841,ER3w_b,ER3w_b_L,L,15616,EPG,EPG(PB08)_R3,R,27
25501,ER3w_b,ER3w_b_L,L,15616,EPG,EPG(PB08)_R3,R,27
18633,ER5,ER5_L,L,15616,EPG,EPG(PB08)_R3,R,27
516110,ER6,ER6_R,R,88342,EPG,EPG(PB08)_L3,L,27
19807,ER2_c,ER2_c_L,L,521813,EPG,EPG(PB08)_L2,L,27
11933,ER2_c,ER2_c_R,R,521813,EPG,EPG(PB08)_L2,L,27
516110,ER6,ER6_R,R,107195,EPG,EPG(PB08)_L5,L,26
13395,ER4m,ER4m_R,R,512928,EPG,EPG(PB08)_R3,R,26
519347,ER4m,ER4m_R,R,519144,EPG,EPG(PB08)_L8,L,26
14464,ER6,ER6_L,L,512305,EPG,EPG(PB08)_R8,R,26
19807,ER2_c,ER2_c_L,L,513033,EPG,EPG(PB08)_L8,L,26
14482,ER4m,ER4m_R,R,513033,EPG,EPG(PB08)_L8,L,26
17419,ER6,ER6_R,R,12449,EPG,EPG(PB08)_L5,L,26
26136,ER2_b,ER2_b_R,R,519140,EPG,EPG(PB08)_L1,L,26
14308,ER4m,ER4m_L,L,519140,EPG,EPG(PB08)_L1,L,26
512319,ER6,ER6_L,L,514126,EPG,EPG(PB08)_R5,R,26
17419,ER6,ER6_R,R,512514,EPG,EPG(PB08)_L1,L,26
13395,ER4m,ER4m_R,R,512514,EPG,EPG(PB08)_L1,L,26
519347,ER4m,ER4m_R,R,15713,EPG,EPG(PB08)_L6,L,26
19569,ER2_c,ER2_c_R,R,13217,EPG,EPG(PB08)_L8,L,26
14482,ER4m,ER4m_R,R,13217,EPG,EPG(PB08)_L8,L,26
17402,ER4m,ER4m_L,L,519328,EPG,EPG(PB08)_L3,L,25
50007,ER3p_a,ER3p_a_L,L,512928,EPG,EPG(PB08)_R3,R,25
43683,ER3w_a,ER3w_a_R,R,512928,EPG,EPG(PB08)_R3,R,25
14464,ER6,ER6_L,L,512928,EPG,EPG(PB08)_R3,R,25
515760,ER4m,ER4m_R,R,519144,EPG,EPG(PB08)_L8,L,25
21449,ER2_c,ER2_c_R,R,519144,EPG,EPG(PB08)_L8,L,25
13395,ER4m,ER4m_R,R,519144,EPG,EPG(PB08)_L8,L,25
14464,ER6,ER6_L,L,19825,EPG,EPG(PB08)_R6,R,25
516110,ER6,ER6_R,R,84758,EPG,EPG(PB08)_L7,L,25
50007,ER3p_a,ER3p_a_L,L,513033,EPG,EPG(PB08)_L8,L,25
13395,ER4m,ER4m_R,R,513033,EPG,EPG(PB08)_L8,L,25
515760,ER4m,ER4m_R,R,19125,EPG,EPG(PB08)_R5,R,25
23080,ER4d,ER4d_R,R,513463,EPG,EPG(PB08)_R2,R,25
14482,ER4m,ER4m_R,R,12449,EPG,EPG(PB08)_L5,L,25
50007,ER3p_a,ER3p_a_L,L,519140,EPG,EPG(PB08)_L1,L,25
26673,ER3w_b,ER3w_b_L,L,15616,EPG,EPG(PB08)_R3,R,25
512319,ER6,ER6_L,L,515675,EPG,EPG(PB08)_R1,R,25
14464,ER6,ER6_L,L,515675,EPG,EPG(PB08)_R1,R,25
526552,ER3w_b,ER3w_b_R,R,512514,EPG,EPG(PB08)_L1,L,25
454614,ER4m,ER4m_L,L,512514,EPG,EPG(PB08)_L1,L,25
13985,ER4m,ER4m_L,L,512514,EPG,EPG(PB08)_L1,L,25
17402,ER4m,ER4m_L,L,92188,EPG,EPG(PB08)_R7,R,25
17402,ER4m,ER4m_L,L,521813,EPG,EPG(PB08)_L2,L,25
19807,ER2_c,ER2_c_L,L,519941,EPG,EPG(PB08)_L3,L,24
18508,ER2_c,ER2_c_L,L,512928,EPG,EPG(PB08)_R3,R,24
14482,ER4m,ER4m_R,R,14507,EPG,EPG(PB08)_R7,R,24
13395,ER4m,ER4m_R,R,14507,EPG,EPG(PB08)_R7,R,24
18508,ER2_c,ER2_c_L,L,11503,EPG,EPG(PB08)_R8,R,24
11933,ER2_c,ER2_c_R,R,11503,EPG,EPG(PB08)_R8,R,24
46341,ER3w_b,ER3w_b_L,L,84758,EPG,EPG(PB08)_L7,L,24
21449,ER2_c,ER2_c_R,R,84758,EPG,EPG(PB08)_L7,L,24
18508,ER2_c,ER2_c_L,L,84758,EPG,EPG(PB08)_L7,L,24
17402,ER4m,ER4m_L,L,520812,EPG,EPG(PB08)_R8,R,24
16440,ER4m,ER4m_L,L,520812,EPG,EPG(PB08)_R8,R,24
46341,ER3w_b,ER3w_b_L,L,513284,EPG,EPG(PB08)_R3,R,24
17402,ER4m,ER4m_L,L,131313,EPG,EPG(PB08)_R6,R,24
46341,ER3w_b,ER3w_b_L,L,556347,EPG,EPG(PB08)_R4,R,24
12797,ER4m,ER4m_R,R,521409,EPG,EPG(PB08)_L8,L,24
17419,ER6,ER6_R,R,520818,EPG,EPG(PB08)_L4,L,24
14464,ER6,ER6_L,L,10539,EPG,EPG(PB08)_R2,R,24
13395,ER4m,ER4m_R,R,14727,EPG,EPG(PB08)_L7,L,24
24549,ER3w_c,ER3w_c_L,L,519140,EPG,EPG(PB08)_L1,L,24
46341,ER3w_b,ER3w_b_L,L,15616,EPG,EPG(PB08)_R3,R,24
46341,ER3w_b,ER3w_b_L,L,16360,EPG,EPG(PB08)_L6,L,24
50007,ER3p_a,ER3p_a_L,L,515675,EPG,EPG(PB08)_R1,R,24
46341,ER3w_b,ER3w_b_L,L,515675,EPG,EPG(PB08)_R1,R,24
25841,ER3w_b,ER3w_b_L,L,11874,EPG,EPG(PB08)_L7,L,24
13395,ER4m,ER4m_R,R,11874,EPG,EPG(PB08)_L7,L,24
516110,ER6,ER6_R,R,512514,EPG,EPG(PB08)_L1,L,24
59337,ER3w_b,ER3w_b_L,L,512514,EPG,EPG(PB08)_L1,L,24
24549,ER3w_c,ER3w_c_L,L,512514,EPG,EPG(PB08)_L1,L,24
16440,ER4m,ER4m_L,L,88342,EPG,EPG(PB08)_L3,L,24
14464,ER6,ER6_L,L,520581,EPG,EPG(PB08)_R4,R,24
513678,ER3w_b,ER3w_b_R,R,512513,EPG,EPG(PB08)_R1,R,24
25841,ER3w_b,ER3w_b_L,L,512513,EPG,EPG(PB08)_R1,R,24
18508,ER2_c,ER2_c_L,L,512513,EPG,EPG(PB08)_R1,R,24
512606,ER3w_c,ER3w_c_L,L,519941,EPG,EPG(PB08)_L3,L,23
23080,ER4d,ER4d_R,R,11989,EPG,EPG(PB08)_L5,L,23
515760,ER4m,ER4m_R,R,107195,EPG,EPG(PB08)_L5,L,23
48291,ER3w_b,ER3w_b_L,L,512928,EPG,EPG(PB08)_R3,R,23
516110,ER6,ER6_R,R,11307,EPG,EPG(PB08)_L4,L,23
11933,ER2_c,ER2_c_R,R,513033,EPG,EPG(PB08)_L8,L,23
14464,ER6,ER6_L,L,19125,EPG,EPG(PB08)_R5,R,23
514180,ER3p_b,ER3p_b_R,R,131313,EPG,EPG(PB08)_R6,R,23
19569,ER2_c,ER2_c_R,R,10539,EPG,EPG(PB08)_R2,R,23
519347,ER4m,ER4m_R,R,14727,EPG,EPG(PB08)_L7,L,23
14482,ER4m,ER4m_R,R,14727,EPG,EPG(PB08)_L7,L,23
516110,ER6,ER6_R,R,519140,EPG,EPG(PB08)_L1,L,23
18508,ER2_c,ER2_c_L,L,519140,EPG,EPG(PB08)_L1,L,23
526552,ER3w_b,ER3w_b_R,R,15616,EPG,EPG(PB08)_R3,R,23
48291,ER3w_b,ER3w_b_L,L,15616,EPG,EPG(PB08)_R3,R,23
27770,ER3w_b,ER3w_b_R,R,15616,EPG,EPG(PB08)_R3,R,23
25841,ER3w_b,ER3w_b_L,L,515675,EPG,EPG(PB08)_R1,R,23
25203,ER3w_c,ER3w_c_L,L,512514,EPG,EPG(PB08)_L1,L,23
516110,ER6,ER6_R,R,15713,EPG,EPG(PB08)_L6,L,23
19807,ER2_c,ER2_c_L,L,13217,EPG,EPG(PB08)_L8,L,23
59337,ER3w_b,ER3w_b_L,L,512513,EPG,EPG(PB08)_R1,R,23
24549,ER3w_c,ER3w_c_L,L,512513,EPG,EPG(PB08)_R1,R,23
21449,ER2_c,ER2_c_R,R,512513,EPG,EPG(PB08)_R1,R,23
11933,ER2_c,ER2_c_R,R,512513,EPG,EPG(PB08)_R1,R,23
46341,ER3w_b,ER3w_b_L,L,519941,EPG,EPG(PB08)_L3,L,22
26673,ER3w_b,ER3w_b_L,L,519941,EPG,EPG(PB08)_L3,L,22
25501,ER3w_b,ER3w_b_L,L,519941,EPG,EPG(PB08)_L3,L,22
11933,ER2_c,ER2_c_R,R,519941,EPG,EPG(PB08)_L3,L,22
516110,ER6,ER6_R,R,11989,EPG,EPG(PB08)_L5,L,22
11933,ER2_c,ER2_c_R,R,11989,EPG,EPG(PB08)_L5,L,22
516110,ER6,ER6_R,R,519328,EPG,EPG(PB08)_L3,L,22
19569,ER2_c,ER2_c_R,R,519328,EPG,EPG(PB08)_L3,L,22
16440,ER4m,ER4m_L,L,519328,EPG,EPG(PB08)_L3,L,22
514180,ER3p_b,ER3p_b_R,R,512928,EPG,EPG(PB08)_R3,R,22
39503,ER3p_a,ER3p_a_L,L,512928,EPG,EPG(PB08)_R3,R,22
24549,ER3w_c,ER3w_c_L,L,512928,EPG,EPG(PB08)_R3,R,22
26136,ER2_b,ER2_b_R,R,512305,EPG,EPG(PB08)_R8,R,22
13985,ER4m,ER4m_L,L,512305,EPG,EPG(PB08)_R8,R,22
14464,ER6,ER6_L,L,513464,EPG,EPG(PB08)_R8,R,22
50007,ER3p_a,ER3p_a_L,L,84758,EPG,EPG(PB08)_L7,L,22
26136,ER2_b,ER2_b_R,R,84758,EPG,EPG(PB08)_L7,L,22
25709,ER2_c,ER2_c_L,L,84758,EPG,EPG(PB08)_L7,L,22
25709,ER2_c,ER2_c_L,L,520812,EPG,EPG(PB08)_R8,R,22
25709,ER2_c,ER2_c_L,L,513284,EPG,EPG(PB08)_R3,R,22
14464,ER6,ER6_L,L,513284,EPG,EPG(PB08)_R3,R,22
11933,ER2_c,ER2_c_R,R,513284,EPG,EPG(PB08)_R3,R,22
50007,ER3p_a,ER3p_a_L,L,556346,EPG,EPG(PB08)_L6,L,22
18508,ER2_c,ER2_c_L,L,556346,EPG,EPG(PB08)_L6,L,22
19569,ER2_c,ER2_c_R,R,513033,EPG,EPG(PB08)_L8,L,22
14464,ER6,ER6_L,L,131313,EPG,EPG(PB08)_R6,R,22
25841,ER3w_b,ER3w_b_L,L,556347,EPG,EPG(PB08)_R4,R,22
14464,ER6,ER6_L,L,556347,EPG,EPG(PB08)_R4,R,22
18508,ER2_c,ER2_c_L,L,521409,EPG,EPG(PB08)_L8,L,22
21449,ER2_c,ER2_c_R,R,513463,EPG,EPG(PB08)_R2,R,22
516110,ER6,ER6_R,R,520818,EPG,EPG(PB08)_L4,L,22
25709,ER2_c,ER2_c_L,L,10539,EPG,EPG(PB08)_R2,R,22
11933,ER2_c,ER2_c_R,R,15616,EPG,EPG(PB08)_R3,R,22
513678,ER3w_b,ER3w_b_R,R,515675,EPG,EPG(PB08)_R1,R,22
11933,ER2_c,ER2_c_R,R,515675,EPG,EPG(PB08)_R1,R,22
14464,ER6,ER6_L,L,514126,EPG,EPG(PB08)_R5,R,22
46341,ER3w_b,ER3w_b_L,L,88342,EPG,EPG(PB08)_L3,L,22
512319,ER6,ER6_L,L,92188,EPG,EPG(PB08)_R7,R,22
25841,ER3w_b,ER3w_b_L,L,92188,EPG,EPG(PB08)_R7,R,22
516110,ER6,ER6_R,R,521813,EPG,EPG(PB08)_L2,L,22
26136,ER2_b,ER2_b_R,R,521813,EPG,EPG(PB08)_L2,L,22
46341,ER3w_b,ER3w_b_L,L,512513,EPG,EPG(PB08)_R1,R,22
43683,ER3w_a,ER3w_a_R,R,512513,EPG,EPG(PB08)_R1,R,22
19569,ER2_c,ER2_c_R,R,512513,EPG,EPG(PB08)_R1,R,22
50694,ER3w_b,ER3w_b_L,L,519941,EPG,EPG(PB08)_L3,L,21
50007,ER3p_a,ER3p_a_L,L,519941,EPG,EPG(PB08)_L3,L,21
46341,ER3w_b,ER3w_b_L,L,11989,EPG,EPG(PB08)_L5,L,21
24459,ER4d,ER4d_L,L,11989,EPG,EPG(PB08)_L5,L,21
46341,ER3w_b,ER3w_b_L,L,107195,EPG,EPG(PB08)_L5,L,21
39503,ER3p_a,ER3p_a_L,L,519328,EPG,EPG(PB08)_L3,L,21
25501,ER3w_b,ER3w_b_L,L,519328,EPG,EPG(PB08)_L3,L,21
512606,ER3w_c,ER3w_c_L,L,512928,EPG,EPG(PB08)_R3,R,21
46341,ER3w_b,ER3w_b_L,L,512928,EPG,EPG(PB08)_R3,R,21
25501,ER3w_b,ER3w_b_L,L,512928,EPG,EPG(PB08)_R3,R,21
454614,ER4m,ER4m_L,L,14507,EPG,EPG(PB08)_R7,R,21
26843,ER3w_b,ER3w_b_R,R,524073,EPG,EPG(PB08)_L2,L,21
39503,ER3p_a,ER3p_a_L,L,512305,EPG,EPG(PB08)_R8,R,21
18508,ER2_c,ER2_c_L,L,512305,EPG,EPG(PB08)_R8,R,21
527653,ER4d,ER4d_L,L,513464,EPG,EPG(PB08)_R8,R,21
26673,ER3w_b,ER3w_b_L,L,19825,EPG,EPG(PB08)_R6,R,21
527653,ER4d,ER4d_L,L,11503,EPG,EPG(PB08)_R8,R,21
19807,ER2_c,ER2_c_L,L,11503,EPG,EPG(PB08)_R8,R,21
14464,ER6,ER6_L,L,11503,EPG,EPG(PB08)_R8,R,21
45134,ER3p_b,ER3p_b_L,L,84758,EPG,EPG(PB08)_L7,L,21
13395,ER4m,ER4m_R,R,84758,EPG,EPG(PB08)_L7,L,21
50007,ER3p_a,ER3p_a_L,L,513284,EPG,EPG(PB08)_R3,R,21
24549,ER3w_c,ER3w_c_L,L,513284,EPG,EPG(PB08)_R3,R,21
11933,ER2_c,ER2_c_R,R,523786,EPG,EPG(PB08)_R4,R,21
516110,ER6,ER6_R,R,513517,EPG,EPG(PB08)_L4,L,21
13395,ER4m,ER4m_R,R,521409,EPG,EPG(PB08)_L8,L,21
513678,ER3w_b,ER3w_b_R,R,513463,EPG,EPG(PB08)_R2,R,21
22461,ER4d,ER4d_R,R,513463,EPG,EPG(PB08)_R2,R,21
17591,ER4d,ER4d_R,R,513463,EPG,EPG(PB08)_R2,R,21
23874,ER4d,ER4d_R,R,10539,EPG,EPG(PB08)_R2,R,21
19791,ER4d,ER4d_L,L,10539,EPG,EPG(PB08)_R2,R,21
13094,ER4d,ER4d_R,R,10539,EPG,EPG(PB08)_R2,R,21
25709,ER2_c,ER2_c_L,L,14727,EPG,EPG(PB08)_L7,L,21
50694,ER3w_b,ER3w_b_L,L,519140,EPG,EPG(PB08)_L1,L,21
48291,ER3w_b,ER3w_b_L,L,519140,EPG,EPG(PB08)_L1,L,21
11933,ER2_c,ER2_c_R,R,519140,EPG,EPG(PB08)_L1,L,21
513678,ER3w_b,ER3w_b_R,R,15616,EPG,EPG(PB08)_R3,R,21
43683,ER3w_a,ER3w_a_R,R,15616,EPG,EPG(PB08)_R3,R,21
26136,ER2_b,ER2_b_R,R,15616,EPG,EPG(PB08)_R3,R,21
516110,ER6,ER6_R,R,16360,EPG,EPG(PB08)_L6,L,21
514180,ER3p_b,ER3p_b_R,R,515675,EPG,EPG(PB08)_R1,R,21
26673,ER3w_b,ER3w_b_L,L,514126,EPG,EPG(PB08)_R5,R,21
516110,ER6,ER6_R,R,11874,EPG,EPG(PB08)_L7,L,21
39503,ER3p_a,ER3p_a_L,L,11874,EPG,EPG(PB08)_L7,L,21
19807,ER2_c,ER2_c_L,L,11874,EPG,EPG(PB08)_L7,L,21
512606,ER3w_c,ER3w_c_L,L,512514,EPG,EPG(PB08)_L1,L,21
43683,ER3w_a,ER3w_a_R,R,512514,EPG,EPG(PB08)_L1,L,21
25841,ER3w_b,ER3w_b_L,L,512514,EPG,EPG(PB08)_L1,L,21
19569,ER2_c,ER2_c_R,R,512514,EPG,EPG(PB08)_L1,L,21
39503,ER3p_a,ER3p_a_L,L,88342,EPG,EPG(PB08)_L3,L,21
26843,ER3w_b,ER3w_b_R,R,88342,EPG,EPG(PB08)_L3,L,21
45134,ER3p_b,ER3p_b_L,L,15713,EPG,EPG(PB08)_L6,L,21
24879,ER4d,ER4d_L,L,15713,EPG,EPG(PB08)_L6,L,21
18508,ER2_c,ER2_c_L,L,13217,EPG,EPG(PB08)_L8,L,21
48291,ER3w_b,ER3w_b_L,L,92188,EPG,EPG(PB08)_R7,R,21
27770,ER3w_b,ER3w_b_R,R,92188,EPG,EPG(PB08)_R7,R,21
26136,ER2_b,ER2_b_R,R,92188,EPG,EPG(PB08)_R7,R,21
19807,ER2_c,ER2_c_L,L,92188,EPG,EPG(PB08)_R7,R,21
21449,ER2_c,ER2_c_R,R,521812,EPG,EPG(PB08)_R7,R,21
17402,ER4m,ER4m_L,L,521812,EPG,EPG(PB08)_R7,R,21
14464,ER6,ER6_L,L,521812,EPG,EPG(PB08)_R7,R,21
16440,ER4m,ER4m_L,L,521813,EPG,EPG(PB08)_L2,L,21
44010,ER3w_b,ER3w_b_L,L,512513,EPG,EPG(PB08)_R1,R,21
27770,ER3w_b,ER3w_b_R,R,512513,EPG,EPG(PB08)_R1,R,21
25501,ER3w_b,ER3w_b_L,L,512513,EPG,EPG(PB08)_R1,R,21
19807,ER2_c,ER2_c_L,L,512513,EPG,EPG(PB08)_R1,R,21
18377,ER3w_b,ER3w_b_L,L,512513,EPG,EPG(PB08)_R1,R,21
26843,ER3w_b,ER3w_b_R,R,519941,EPG,EPG(PB08)_L3,L,20
19569,ER2_c,ER2_c_R,R,519941,EPG,EPG(PB08)_L3,L,20
17419,ER6,ER6_R,R,519941,EPG,EPG(PB08)_L3,L,20
512319,ER6,ER6_L,L,14507,EPG,EPG(PB08)_R7,R,20
18508,ER2_c,ER2_c_L,L,524073,EPG,EPG(PB08)_L2,L,20
19569,ER2_c,ER2_c_R,R,84758,EPG,EPG(PB08)_L7,L,20
527653,ER4d,ER4d_L,L,520812,EPG,EPG(PB08)_R8,R,20
19807,ER2_c,ER2_c_L,L,520812,EPG,EPG(PB08)_R8,R,20
19569,ER2_c,ER2_c_R,R,520812,EPG,EPG(PB08)_R8,R,20
19807,ER2_c,ER2_c_L,L,513284,EPG,EPG(PB08)_R3,R,20
25709,ER2_c,ER2_c_L,L,523786,EPG,EPG(PB08)_R4,R,20
16343,ER4d,ER4d_R,R,523786,EPG,EPG(PB08)_R4,R,20
14464,ER6,ER6_L,L,11987,EPG,EPG(PB08)_R5,R,20
11933,ER2_c,ER2_c_R,R,11987,EPG,EPG(PB08)_R5,R,20
516110,ER6,ER6_R,R,513033,EPG,EPG(PB08)_L8,L,20
18508,ER2_c,ER2_c_L,L,513033,EPG,EPG(PB08)_L8,L,20
13434,ER4m,ER4m_R,R,513033,EPG,EPG(PB08)_L8,L,20
19807,ER2_c,ER2_c_L,L,513517,EPG,EPG(PB08)_L4,L,20
18377,ER3w_b,ER3w_b_L,L,556347,EPG,EPG(PB08)_R4,R,20
19807,ER2_c,ER2_c_L,L,513463,EPG,EPG(PB08)_R2,R,20
26136,ER2_b,ER2_b_R,R,12449,EPG,EPG(PB08)_L5,L,20
24879,ER4d,ER4d_L,L,10539,EPG,EPG(PB08)_R2,R,20
24122,ER4d,ER4d_R,R,10539,EPG,EPG(PB08)_R2,R,20
23080,ER4d,ER4d_R,R,10539,EPG,EPG(PB08)_R2,R,20
25709,ER2_c,ER2_c_L,L,519140,EPG,EPG(PB08)_L1,L,20
25203,ER3w_c,ER3w_c_L,L,519140,EPG,EPG(PB08)_L1,L,20
512319,ER6,ER6_L,L,15616,EPG,EPG(PB08)_R3,R,20
50694,ER3w_b,ER3w_b_L,L,15616,EPG,EPG(PB08)_R3,R,20
37817,ER3d_e,ER3d_e_R,R,15616,EPG,EPG(PB08)_R3,R,20
25203,ER3w_c,ER3w_c_L,L,15616,EPG,EPG(PB08)_R3,R,20
50007,ER3p_a,ER3p_a_L,L,16360,EPG,EPG(PB08)_L6,L,20
39503,ER3p_a,ER3p_a_L,L,515675,EPG,EPG(PB08)_R1,R,20
25709,ER2_c,ER2_c_L,L,515675,EPG,EPG(PB08)_R1,R,20
21449,ER2_c,ER2_c_R,R,515675,EPG,EPG(PB08)_R1,R,20
19323,ER4d,ER4d_R,R,515675,EPG,EPG(PB08)_R1,R,20
19807,ER2_c,ER2_c_L,L,514126,EPG,EPG(PB08)_R5,R,20
513678,ER3w_b,ER3w_b_R,R,11874,EPG,EPG(PB08)_L7,L,20
512319,ER6,ER6_L,L,520581,EPG,EPG(PB08)_R4,R,20
18377,ER3w_b,ER3w_b_L,L,13217,EPG,EPG(PB08)_L8,L,20
568502,ER5,ER5_R,R,92188,EPG,EPG(PB08)_R7,R,20
513678,ER3w_b,ER3w_b_R,R,92188,EPG,EPG(PB08)_R7,R,20
50694,ER3w_b,ER3w_b_L,L,92188,EPG,EPG(PB08)_R7,R,20
26843,ER3w_b,ER3w_b_R,R,92188,EPG,EPG(PB08)_R7,R,20
25709,ER2_c,ER2_c_L,L,92188,EPG,EPG(PB08)_R7,R,20
39503,ER3p_a,ER3p_a_L,L,521813,EPG,EPG(PB08)_L2,L,20
22461,ER4d,ER4d_R,R,521813,EPG,EPG(PB08)_L2,L,20
17419,ER6,ER6_R,R,521813,EPG,EPG(PB08)_L2,L,20
526552,ER3w_b,ER3w_b_R,R,512513,EPG,EPG(PB08)_R1,R,20
50007,ER3p_a,ER3p_a_L,L,512513,EPG,EPG(PB08)_R1,R,20
26843,ER3w_b,ER3w_b_R,R,512513,EPG,EPG(PB08)_R1,R,20
26136,ER2_b,ER2_b_R,R,512513,EPG,EPG(PB08)_R1,R,20
25709,ER2_c,ER2_c_L,L,519941,EPG,EPG(PB08)_L3,L,19
18377,ER3w_b,ER3w_b_L,L,519941,EPG,EPG(PB08)_L3,L,19
25841,ER3w_b,ER3w_b_L,L,519328,EPG,EPG(PB08)_L3,L,19
19807,ER2_c,ER2_c_L,L,519328,EPG,EPG(PB08)_L3,L,19
26136,ER2_b,ER2_b_R,R,512928,EPG,EPG(PB08)_R3,R,19
19807,ER2_c,ER2_c_L,L,512928,EPG,EPG(PB08)_R3,R,19
18377,ER3w_b,ER3w_b_L,L,512928,EPG,EPG(PB08)_R3,R,19
515760,ER4m,ER4m_R,R,14507,EPG,EPG(PB08)_R7,R,19
50007,ER3p_a,ER3p_a_L,L,14507,EPG,EPG(PB08)_R7,R,19
13985,ER4m,ER4m_L,L,14507,EPG,EPG(PB08)_R7,R,19
527653,ER4d,ER4d_L,L,524073,EPG,EPG(PB08)_L2,L,19
21449,ER2_c,ER2_c_R,R,524073,EPG,EPG(PB08)_L2,L,19
512606,ER3w_c,ER3w_c_L,L,519144,EPG,EPG(PB08)_L8,L,19
24122,ER4d,ER4d_R,R,519144,EPG,EPG(PB08)_L8,L,19
50007,ER3p_a,ER3p_a_L,L,512305,EPG,EPG(PB08)_R8,R,19
25501,ER3w_b,ER3w_b_L,L,512305,EPG,EPG(PB08)_R8,R,19
512319,ER6,ER6_L,L,513464,EPG,EPG(PB08)_R8,R,19
48291,ER3w_b,ER3w_b_L,L,19825,EPG,EPG(PB08)_R6,R,19
46341,ER3w_b,ER3w_b_L,L,19825,EPG,EPG(PB08)_R6,R,19
48291,ER3w_b,ER3w_b_L,L,11307,EPG,EPG(PB08)_L4,L,19
21449,ER2_c,ER2_c_R,R,11503,EPG,EPG(PB08)_R8,R,19
25203,ER3w_c,ER3w_c_L,L,84758,EPG,EPG(PB08)_L7,L,19
512319,ER6,ER6_L,L,513284,EPG,EPG(PB08)_R3,R,19
37817,ER3d_e,ER3d_e_R,R,513284,EPG,EPG(PB08)_R3,R,19
516110,ER6,ER6_R,R,556346,EPG,EPG(PB08)_L6,L,19
25841,ER3w_b,ER3w_b_L,L,523786,EPG,EPG(PB08)_R4,R,19
19323,ER4d,ER4d_R,R,523786,EPG,EPG(PB08)_R4,R,19
43683,ER3w_a,ER3w_a_R,R,11987,EPG,EPG(PB08)_R5,R,19
527653,ER4d,ER4d_L,L,513033,EPG,EPG(PB08)_L8,L,19
25709,ER2_c,ER2_c_L,L,513033,EPG,EPG(PB08)_L8,L,19
24879,ER4d,ER4d_L,L,131313,EPG,EPG(PB08)_R6,R,19
45134,ER3p_b,ER3p_b_L,L,556347,EPG,EPG(PB08)_R4,R,19
44010,ER3w_b,ER3w_b_L,L,556347,EPG,EPG(PB08)_R4,R,19
527653,ER4d,ER4d_L,L,513463,EPG,EPG(PB08)_R2,R,19
25709,ER2_c,ER2_c_L,L,513463,EPG,EPG(PB08)_R2,R,19
19569,ER2_c,ER2_c_R,R,513463,EPG,EPG(PB08)_R2,R,19
39503,ER3p_a,ER3p_a_L,L,12449,EPG,EPG(PB08)_L5,L,19
26843,ER3w_b,ER3w_b_R,R,12449,EPG,EPG(PB08)_L5,L,19
26136,ER2_b,ER2_b_R,R,10539,EPG,EPG(PB08)_R2,R,19
11933,ER2_c,ER2_c_R,R,10539,EPG,EPG(PB08)_R2,R,19
23080,ER4d,ER4d_R,R,14727,EPG,EPG(PB08)_L7,L,19
25501,ER3w_b,ER3w_b_L,L,519140,EPG,EPG(PB08)_L1,L,19
512606,ER3w_c,ER3w_c_L,L,15616,EPG,EPG(PB08)_R3,R,19
49378,ER3d_c,ER3d_c_R,R,15616,EPG,EPG(PB08)_R3,R,19
26843,ER3w_b,ER3w_b_R,R,15616,EPG,EPG(PB08)_R3,R,19
26136,ER2_b,ER2_b_R,R,515675,EPG,EPG(PB08)_R1,R,19
19807,ER2_c,ER2_c_L,L,515675,EPG,EPG(PB08)_R1,R,19
19569,ER2_c,ER2_c_R,R,515675,EPG,EPG(PB08)_R1,R,19
13094,ER4d,ER4d_R,R,515675,EPG,EPG(PB08)_R1,R,19
18508,ER2_c,ER2_c_L,L,513520,EPG,EPG(PB08)_R6,R,19
46341,ER3w_b,ER3w_b_L,L,11874,EPG,EPG(PB08)_L7,L,19
21449,ER2_c,ER2_c_R,R,11874,EPG,EPG(PB08)_L7,L,19
48291,ER3w_b,ER3w_b_L,L,512514,EPG,EPG(PB08)_L1,L,19
44010,ER3w_b,ER3w_b_L,L,512514,EPG,EPG(PB08)_L1,L,19
11933,ER2_c,ER2_c_R,R,512514,EPG,EPG(PB08)_L1,L,19
513678,ER3w_b,ER3w_b_R,R,88342,EPG,EPG(PB08)_L3,L,19
46341,ER3w_b,ER3w_b_L,L,13217,EPG,EPG(PB08)_L8,L,19
512606,ER3w_c,ER3w_c_L,L,92188,EPG,EPG(PB08)_R7,R,19
46341,ER3w_b,ER3w_b_L,L,92188,EPG,EPG(PB08)_R7,R,19
44010,ER3w_b,ER3w_b_L,L,92188,EPG,EPG(PB08)_R7,R,19
16440,ER4m,ER4m_L,L,92188,EPG,EPG(PB08)_R7,R,19
14464,ER6,ER6_L,L,92188,EPG,EPG(PB08)_R7,R,19
11933,ER2_c,ER2_c_R,R,92188,EPG,EPG(PB08)_R7,R,19
25709,ER2_c,ER2_c_L,L,521813,EPG,EPG(PB08)_L2,L,19
24459,ER4d,ER4d_L,L,521813,EPG,EPG(PB08)_L2,L,19
25709,ER2_c,ER2_c_L,L,512513,EPG,EPG(PB08)_R1,R,19
48291,ER3w_b,ER3w_b_L,L,519941,EPG,EPG(PB08)_L3,L,18
18508,ER2_c,ER2_c_L,L,11989,EPG,EPG(PB08)_L5,L,18
17591,ER4d,ER4d_R,R,11989,EPG,EPG(PB08)_L5,L,18
513678,ER3w_b,ER3w_b_R,R,107195,EPG,EPG(PB08)_L5,L,18
526552,ER3w_b,ER3w_b_R,R,519328,EPG,EPG(PB08)_L3,L,18
43683,ER3w_a,ER3w_a_R,R,519328,EPG,EPG(PB08)_L3,L,18
24549,ER3w_c,ER3w_c_L,L,519328,EPG,EPG(PB08)_L3,L,18
25841,ER3w_b,ER3w_b_L,L,512928,EPG,EPG(PB08)_R3,R,18
23080,ER4d,ER4d_R,R,512928,EPG,EPG(PB08)_R3,R,18
21449,ER2_c,ER2_c_R,R,512928,EPG,EPG(PB08)_R3,R,18
46341,ER3w_b,ER3w_b_L,L,524073,EPG,EPG(PB08)_L2,L,18
25709,ER2_c,ER2_c_L,L,524073,EPG,EPG(PB08)_L2,L,18
19807,ER2_c,ER2_c_L,L,524073,EPG,EPG(PB08)_L2,L,18
17419,ER6,ER6_R,R,524073,EPG,EPG(PB08)_L2,L,18
18508,ER2_c,ER2_c_L,L,519144,EPG,EPG(PB08)_L8,L,18
513678,ER3w_b,ER3w_b_R,R,512305,EPG,EPG(PB08)_R8,R,18
46341,ER3w_b,ER3w_b_L,L,512305,EPG,EPG(PB08)_R8,R,18
25709,ER2_c,ER2_c_L,L,512305,EPG,EPG(PB08)_R8,R,18
46341,ER3w_b,ER3w_b_L,L,513464,EPG,EPG(PB08)_R8,R,18
26843,ER3w_b,ER3w_b_R,R,11307,EPG,EPG(PB08)_L4,L,18
25709,ER2_c,ER2_c_L,L,11307,EPG,EPG(PB08)_L4,L,18
512319,ER6,ER6_L,L,11503,EPG,EPG(PB08)_R8,R,18
25709,ER2_c,ER2_c_L,L,11503,EPG,EPG(PB08)_R8,R,18
24879,ER4d,ER4d_L,L,11503,EPG,EPG(PB08)_R8,R,18
19791,ER4d,ER4d_L,L,520812,EPG,EPG(PB08)_R8,R,18
16343,ER4d,ER4d_R,R,520812,EPG,EPG(PB08)_R8,R,18
14308,ER4m,ER4m_L,L,520812,EPG,EPG(PB08)_R8,R,18
26843,ER3w_b,ER3w_b_R,R,513284,EPG,EPG(PB08)_R3,R,18
26136,ER2_b,ER2_b_R,R,513284,EPG,EPG(PB08)_R3,R,18
25501,ER3w_b,ER3w_b_L,L,513284,EPG,EPG(PB08)_R3,R,18
24459,ER4d,ER4d_L,L,513284,EPG,EPG(PB08)_R3,R,18
23080,ER4d,ER4d_R,R,513284,EPG,EPG(PB08)_R3,R,18
25709,ER2_c,ER2_c_L,L,556346,EPG,EPG(PB08)_L6,L,18
11933,ER2_c,ER2_c_R,R,556346,EPG,EPG(PB08)_L6,L,18
14464,ER6,ER6_L,L,523786,EPG,EPG(PB08)_R4,R,18
13094,ER4d,ER4d_R,R,523786,EPG,EPG(PB08)_R4,R,18
25709,ER2_c,ER2_c_L,L,11987,EPG,EPG(PB08)_R5,R,18
512319,ER6,ER6_L,L,19125,EPG,EPG(PB08)_R5,R,18
45134,ER3p_b,ER3p_b_L,L,19125,EPG,EPG(PB08)_R5,R,18
27770,ER3w_b,ER3w_b_R,R,19125,EPG,EPG(PB08)_R5,R,18
18508,ER2_c,ER2_c_L,L,19125,EPG,EPG(PB08)_R5,R,18
50007,ER3p_a,ER3p_a_L,L,513517,EPG,EPG(PB08)_L4,L,18
48291,ER3w_b,ER3w_b_L,L,513517,EPG,EPG(PB08)_L4,L,18
21449,ER2_c,ER2_c_R,R,513517,EPG,EPG(PB08)_L4,L,18
50007,ER3p_a,ER3p_a_L,L,12449,EPG,EPG(PB08)_L5,L,18
46341,ER3w_b,ER3w_b_L,L,12449,EPG,EPG(PB08)_L5,L,18
18377,ER3w_b,ER3w_b_L,L,12449,EPG,EPG(PB08)_L5,L,18
13395,ER4m,ER4m_R,R,10539,EPG,EPG(PB08)_R2,R,18
516110,ER6,ER6_R,R,14727,EPG,EPG(PB08)_L7,L,18
21449,ER2_c,ER2_c_R,R,14727,EPG,EPG(PB08)_L7,L,18
18377,ER3w_b,ER3w_b_L,L,519140,EPG,EPG(PB08)_L1,L,18
19807,ER2_c,ER2_c_L,L,16360,EPG,EPG(PB08)_L6,L,18
24076,ER4d,ER4d_R,R,515675,EPG,EPG(PB08)_R1,R,18
22461,ER4d,ER4d_R,R,515675,EPG,EPG(PB08)_R1,R,18
18508,ER2_c,ER2_c_L,L,515675,EPG,EPG(PB08)_R1,R,18
45134,ER3p_b,ER3p_b_L,L,11874,EPG,EPG(PB08)_L7,L,18
23080,ER4d,ER4d_R,R,11874,EPG,EPG(PB08)_L7,L,18
22461,ER4d,ER4d_R,R,11874,EPG,EPG(PB08)_L7,L,18
13094,ER4d,ER4d_R,R,11874,EPG,EPG(PB08)_L7,L,18
39503,ER3p_a,ER3p_a_L,L,512514,EPG,EPG(PB08)_L1,L,18
18377,ER3w_b,ER3w_b_L,L,512514,EPG,EPG(PB08)_L1,L,18
526552,ER3w_b,ER3w_b_R,R,88342,EPG,EPG(PB08)_L3,L,18
50007,ER3p_a,ER3p_a_L,L,88342,EPG,EPG(PB08)_L3,L,18
27770,ER3w_b,ER3w_b_R,R,88342,EPG,EPG(PB08)_L3,L,18
19807,ER2_c,ER2_c_L,L,15713,EPG,EPG(PB08)_L6,L,18
18508,ER2_c,ER2_c_L,L,520581,EPG,EPG(PB08)_R4,R,18
516110,ER6,ER6_R,R,13217,EPG,EPG(PB08)_L8,L,18
24122,ER4d,ER4d_R,R,13217,EPG,EPG(PB08)_L8,L,18
512319,ER6,ER6_L,L,521812,EPG,EPG(PB08)_R7,R,18
59337,ER3w_b,ER3w_b_L,L,521813,EPG,EPG(PB08)_L2,L,18
26673,ER3w_b,ER3w_b_L,L,512513,EPG,EPG(PB08)_R1,R,18
16343,ER4d,ER4d_R,R,512513,EPG,EPG(PB08)_R1,R,18
14464,ER6,ER6_L,L,512513,EPG,EPG(PB08)_R1,R,18
26136,ER2_b,ER2_b_R,R,519941,EPG,EPG(PB08)_L3,L,17
24549,ER3w_c,ER3w_c_L,L,519941,EPG,EPG(PB08)_L3,L,17
19323,ER4d,ER4d_R,R,11989,EPG,EPG(PB08)_L5,L,17
512606,ER3w_c,ER3w_c_L,L,107195,EPG,EPG(PB08)_L5,L,17
50694,ER3w_b,ER3w_b_L,L,107195,EPG,EPG(PB08)_L5,L,17
48291,ER3w_b,ER3w_b_L,L,107195,EPG,EPG(PB08)_L5,L,17
25501,ER3w_b,ER3w_b_L,L,107195,EPG,EPG(PB08)_L5,L,17
19569,ER2_c,ER2_c_R,R,107195,EPG,EPG(PB08)_L5,L,17
18377,ER3w_b,ER3w_b_L,L,107195,EPG,EPG(PB08)_L5,L,17
44010,ER3w_b,ER3w_b_L,L,519328,EPG,EPG(PB08)_L3,L,17
21449,ER2_c,ER2_c_R,R,519328,EPG,EPG(PB08)_L3,L,17
45134,ER3p_b,ER3p_b_L,L,512928,EPG,EPG(PB08)_R3,R,17
26843,ER3w_b,ER3w_b_R,R,512928,EPG,EPG(PB08)_R3,R,17
19569,ER2_c,ER2_c_R,R,512928,EPG,EPG(PB08)_R3,R,17
19569,ER2_c,ER2_c_R,R,14507,EPG,EPG(PB08)_R7,R,17
14464,ER6,ER6_L,L,14507,EPG,EPG(PB08)_R7,R,17
516110,ER6,ER6_R,R,524073,EPG,EPG(PB08)_L2,L,17
59337,ER3w_b,ER3w_b_L,L,524073,EPG,EPG(PB08)_L2,L,17
46341,ER3w_b,ER3w_b_L,L,519144,EPG,EPG(PB08)_L8,L,17
454614,ER4m,ER4m_L,L,512305,EPG,EPG(PB08)_R8,R,17
17402,ER4m,ER4m_L,L,512305,EPG,EPG(PB08)_R8,R,17
526552,ER3w_b,ER3w_b_R,R,19825,EPG,EPG(PB08)_R6,R,17
59337,ER3w_b,ER3w_b_L,L,19825,EPG,EPG(PB08)_R6,R,17
27770,ER3w_b,ER3w_b_R,R,19825,EPG,EPG(PB08)_R6,R,17
526552,ER3w_b,ER3w_b_R,R,84758,EPG,EPG(PB08)_L7,L,17
23874,ER4d,ER4d_R,R,520812,EPG,EPG(PB08)_R8,R,17
14464,ER6,ER6_L,L,520812,EPG,EPG(PB08)_R8,R,17
39503,ER3p_a,ER3p_a_L,L,513284,EPG,EPG(PB08)_R3,R,17
19569,ER2_c,ER2_c_R,R,513284,EPG,EPG(PB08)_R3,R,17
19569,ER2_c,ER2_c_R,R,556346,EPG,EPG(PB08)_L6,L,17
50007,ER3p_a,ER3p_a_L,L,523786,EPG,EPG(PB08)_R4,R,17
48291,ER3w_b,ER3w_b_L,L,523786,EPG,EPG(PB08)_R4,R,17
45134,ER3p_b,ER3p_b_L,L,523786,EPG,EPG(PB08)_R4,R,17
59337,ER3w_b,ER3w_b_L,L,11987,EPG,EPG(PB08)_R5,R,17
19807,ER2_c,ER2_c_L,L,11987,EPG,EPG(PB08)_R5,R,17
43683,ER3w_a,ER3w_a_R,R,19125,EPG,EPG(PB08)_R5,R,17
25203,ER3w_c,ER3w_c_L,L,19125,EPG,EPG(PB08)_R5,R,17
19569,ER2_c,ER2_c_R,R,131313,EPG,EPG(PB08)_R6,R,17
23874,ER4d,ER4d_R,R,513517,EPG,EPG(PB08)_L4,L,17
19569,ER2_c,ER2_c_R,R,513517,EPG,EPG(PB08)_L4,L,17
17419,ER6,ER6_R,R,513517,EPG,EPG(PB08)_L4,L,17
514180,ER3p_b,ER3p_b_R,R,556347,EPG,EPG(PB08)_R4,R,17
513678,ER3w_b,ER3w_b_R,R,556347,EPG,EPG(PB08)_R4,R,17
48291,ER3w_b,ER3w_b_L,L,556347,EPG,EPG(PB08)_R4,R,17
19569,ER2_c,ER2_c_R,R,521409,EPG,EPG(PB08)_L8,L,17
43683,ER3w_a,ER3w_a_R,R,513463,EPG,EPG(PB08)_R2,R,17
24459,ER4d,ER4d_L,L,513463,EPG,EPG(PB08)_R2,R,17
18508,ER2_c,ER2_c_L,L,513463,EPG,EPG(PB08)_R2,R,17
11933,ER2_c,ER2_c_R,R,513463,EPG,EPG(PB08)_R2,R,17
50007,ER3p_a,ER3p_a_L,L,520818,EPG,EPG(PB08)_L4,L,17
19807,ER2_c,ER2_c_L,L,520818,EPG,EPG(PB08)_L4,L,17
24459,ER4d,ER4d_L,L,10539,EPG,EPG(PB08)_R2,R,17
19323,ER4d,ER4d_R,R,10539,EPG,EPG(PB08)_R2,R,17
25501,ER3w_b,ER3w_b_L,L,14727,EPG,EPG(PB08)_L7,L,17
19569,ER2_c,ER2_c_R,R,14727,EPG,EPG(PB08)_L7,L,17
19323,ER4d,ER4d_R,R,14727,EPG,EPG(PB08)_L7,L,17
11933,ER2_c,ER2_c_R,R,14727,EPG,EPG(PB08)_L7,L,17
27770,ER3w_b,ER3w_b_R,R,519140,EPG,EPG(PB08)_L1,L,17
27013,ER3m,ER3m_L,L,519140,EPG,EPG(PB08)_L1,L,17
26843,ER3w_b,ER3w_b_R,R,519140,EPG,EPG(PB08)_L1,L,17
21449,ER2_c,ER2_c_R,R,519140,EPG,EPG(PB08)_L1,L,17
19807,ER2_c,ER2_c_L,L,519140,EPG,EPG(PB08)_L1,L,17
44010,ER3w_b,ER3w_b_L,L,15616,EPG,EPG(PB08)_R3,R,17
25501,ER3w_b,ER3w_b_L,L,16360,EPG,EPG(PB08)_L6,L,17
26843,ER3w_b,ER3w_b_R,R,515675,EPG,EPG(PB08)_R1,R,17
25203,ER3w_c,ER3w_c_L,L,515675,EPG,EPG(PB08)_R1,R,17
19791,ER4d,ER4d_L,L,515675,EPG,EPG(PB08)_R1,R,17
512319,ER6,ER6_L,L,513520,EPG,EPG(PB08)_R6,R,17
50007,ER3p_a,ER3p_a_L,L,513520,EPG,EPG(PB08)_R6,R,17
21449,ER2_c,ER2_c_R,R,513520,EPG,EPG(PB08)_R6,R,17
26673,ER3w_b,ER3w_b_L,L,11874,EPG,EPG(PB08)_L7,L,17
50694,ER3w_b,ER3w_b_L,L,512514,EPG,EPG(PB08)_L1,L,17
26673,ER3w_b,ER3w_b_L,L,512514,EPG,EPG(PB08)_L1,L,17
25709,ER2_c,ER2_c_L,L,512514,EPG,EPG(PB08)_L1,L,17
26136,ER2_b,ER2_b_R,R,88342,EPG,EPG(PB08)_L3,L,17
23197,ER4d,ER4d_L,L,15713,EPG,EPG(PB08)_L6,L,17
526552,ER3w_b,ER3w_b_R,R,520581,EPG,EPG(PB08)_R4,R,17
43683,ER3w_a,ER3w_a_R,R,520581,EPG,EPG(PB08)_R4,R,17
39503,ER3p_a,ER3p_a_L,L,520581,EPG,EPG(PB08)_R4,R,17
19807,ER2_c,ER2_c_L,L,520581,EPG,EPG(PB08)_R4,R,17
26673,ER3w_b,ER3w_b_L,L,92188,EPG,EPG(PB08)_R7,R,17
11933,ER2_c,ER2_c_R,R,521812,EPG,EPG(PB08)_R7,R,17
25841,ER3w_b,ER3w_b_L,L,521813,EPG,EPG(PB08)_L2,L,17
24122,ER4d,ER4d_R,R,521813,EPG,EPG(PB08)_L2,L,17
13094,ER4d,ER4d_R,R,521813,EPG,EPG(PB08)_L2,L,17
48291,ER3w_b,ER3w_b_L,L,512513,EPG,EPG(PB08)_R1,R,17
24122,ER4d,ER4d_R,R,512513,EPG,EPG(PB08)_R1,R,17
44010,ER3w_b,ER3w_b_L,L,519941,EPG,EPG(PB08)_L3,L,16
27770,ER3w_b,ER3w_b_R,R,519941,EPG,EPG(PB08)_L3,L,16
18508,ER2_c,ER2_c_L,L,519941,EPG,EPG(PB08)_L3,L,16
39503,ER3p_a,ER3p_a_L,L,11989,EPG,EPG(PB08)_L5,L,16
25841,ER3w_b,ER3w_b_L,L,11989,EPG,EPG(PB08)_L5,L,16
24879,ER4d,ER4d_L,L,11989,EPG,EPG(PB08)_L5,L,16
22461,ER4d,ER4d_R,R,11989,EPG,EPG(PB08)_L5,L,16
19569,ER2_c,ER2_c_R,R,11989,EPG,EPG(PB08)_L5,L,16
18377,ER3w_b,ER3w_b_L,L,11989,EPG,EPG(PB08)_L5,L,16
13094,ER4d,ER4d_R,R,11989,EPG,EPG(PB08)_L5,L,16
21449,ER2_c,ER2_c_R,R,107195,EPG,EPG(PB08)_L5,L,16
26843,ER3w_b,ER3w_b_R,R,519328,EPG,EPG(PB08)_L3,L,16
59337,ER3w_b,ER3w_b_L,L,512928,EPG,EPG(PB08)_R3,R,16
25709,ER2_c,ER2_c_L,L,512928,EPG,EPG(PB08)_R3,R,16
25203,ER3w_c,ER3w_c_L,L,512928,EPG,EPG(PB08)_R3,R,16
16343,ER4d,ER4d_R,R,512928,EPG,EPG(PB08)_R3,R,16
11933,ER2_c,ER2_c_R,R,512928,EPG,EPG(PB08)_R3,R,16
11933,ER2_c,ER2_c_R,R,14507,EPG,EPG(PB08)_R7,R,16
516110,ER6,ER6_R,R,519144,EPG,EPG(PB08)_L8,L,16
50694,ER3w_b,ER3w_b_L,L,519144,EPG,EPG(PB08)_L8,L,16
19807,ER2_c,ER2_c_L,L,519144,EPG,EPG(PB08)_L8,L,16
18377,ER3w_b,ER3w_b_L,L,519144,EPG,EPG(PB08)_L8,L,16
526552,ER3w_b,ER3w_b_R,R,512305,EPG,EPG(PB08)_R8,R,16
25841,ER3w_b,ER3w_b_L,L,512305,EPG,EPG(PB08)_R8,R,16
19807,ER2_c,ER2_c_L,L,512305,EPG,EPG(PB08)_R8,R,16
11933,ER2_c,ER2_c_R,R,512305,EPG,EPG(PB08)_R8,R,16
512606,ER3w_c,ER3w_c_L,L,513464,EPG,EPG(PB08)_R8,R,16
18508,ER2_c,ER2_c_L,L,513464,EPG,EPG(PB08)_R8,R,16
50694,ER3w_b,ER3w_b_L,L,19825,EPG,EPG(PB08)_R6,R,16
26136,ER2_b,ER2_b_R,R,19825,EPG,EPG(PB08)_R6,R,16
11933,ER2_c,ER2_c_R,R,19825,EPG,EPG(PB08)_R6,R,16
22461,ER4d,ER4d_R,R,11503,EPG,EPG(PB08)_R8,R,16
14308,ER4m,ER4m_L,L,11503,EPG,EPG(PB08)_R8,R,16
59337,ER3w_b,ER3w_b_L,L,520812,EPG,EPG(PB08)_R8,R,16
44010,ER3w_b,ER3w_b_L,L,520812,EPG,EPG(PB08)_R8,R,16
26136,ER2_b,ER2_b_R,R,520812,EPG,EPG(PB08)_R8,R,16
521528,ER5,ER5_L,L,513284,EPG,EPG(PB08)_R3,R,16
21449,ER2_c,ER2_c_R,R,513284,EPG,EPG(PB08)_R3,R,16
19323,ER4d,ER4d_R,R,513284,EPG,EPG(PB08)_R3,R,16
24879,ER4d,ER4d_L,L,523786,EPG,EPG(PB08)_R4,R,16
24549,ER3w_c,ER3w_c_L,L,523786,EPG,EPG(PB08)_R4,R,16
23197,ER4d,ER4d_L,L,523786,EPG,EPG(PB08)_R4,R,16
512319,ER6,ER6_L,L,11987,EPG,EPG(PB08)_R5,R,16
48291,ER3w_b,ER3w_b_L,L,11987,EPG,EPG(PB08)_R5,R,16
25501,ER3w_b,ER3w_b_L,L,11987,EPG,EPG(PB08)_R5,R,16
23874,ER4d,ER4d_R,R,513033,EPG,EPG(PB08)_L8,L,16
514180,ER3p_b,ER3p_b_R,R,19125,EPG,EPG(PB08)_R5,R,16
11933,ER2_c,ER2_c_R,R,19125,EPG,EPG(PB08)_R5,R,16
512319,ER6,ER6_L,L,131313,EPG,EPG(PB08)_R6,R,16
45134,ER3p_b,ER3p_b_L,L,131313,EPG,EPG(PB08)_R6,R,16
23197,ER4d,ER4d_L,L,513517,EPG,EPG(PB08)_L4,L,16
18508,ER2_c,ER2_c_L,L,513517,EPG,EPG(PB08)_L4,L,16
512606,ER3w_c,ER3w_c_L,L,556347,EPG,EPG(PB08)_R4,R,16
512319,ER6,ER6_L,L,556347,EPG,EPG(PB08)_R4,R,16
50694,ER3w_b,ER3w_b_L,L,556347,EPG,EPG(PB08)_R4,R,16
50007,ER3p_a,ER3p_a_L,L,556347,EPG,EPG(PB08)_R4,R,16
24076,ER4d,ER4d_R,R,521409,EPG,EPG(PB08)_L8,L,16
17419,ER6,ER6_R,R,521409,EPG,EPG(PB08)_L8,L,16
526552,ER3w_b,ER3w_b_R,R,513463,EPG,EPG(PB08)_R2,R,16
48291,ER3w_b,ER3w_b_L,L,513463,EPG,EPG(PB08)_R2,R,16
27770,ER3w_b,ER3w_b_R,R,513463,EPG,EPG(PB08)_R2,R,16
23197,ER4d,ER4d_L,L,513463,EPG,EPG(PB08)_R2,R,16
19323,ER4d,ER4d_R,R,513463,EPG,EPG(PB08)_R2,R,16
14464,ER6,ER6_L,L,513463,EPG,EPG(PB08)_R2,R,16
512606,ER3w_c,ER3w_c_L,L,12449,EPG,EPG(PB08)_L5,L,16
48291,ER3w_b,ER3w_b_L,L,12449,EPG,EPG(PB08)_L5,L,16
25709,ER2_c,ER2_c_L,L,12449,EPG,EPG(PB08)_L5,L,16
18508,ER2_c,ER2_c_L,L,12449,EPG,EPG(PB08)_L5,L,16
13094,ER4d,ER4d_R,R,12449,EPG,EPG(PB08)_L5,L,16
512319,ER6,ER6_L,L,10539,EPG,EPG(PB08)_R2,R,16
16343,ER4d,ER4d_R,R,10539,EPG,EPG(PB08)_R2,R,16
47186,ER3m,ER3m_R,R,14727,EPG,EPG(PB08)_L7,L,16
43683,ER3w_a,ER3w_a_R,R,14727,EPG,EPG(PB08)_L7,L,16
19807,ER2_c,ER2_c_L,L,14727,EPG,EPG(PB08)_L7,L,16
513678,ER3w_b,ER3w_b_R,R,519140,EPG,EPG(PB08)_L1,L,16
44010,ER3w_b,ER3w_b_L,L,519140,EPG,EPG(PB08)_L1,L,16
19569,ER2_c,ER2_c_R,R,519140,EPG,EPG(PB08)_L1,L,16
44830,ER3d_e,ER3d_e_R,R,15616,EPG,EPG(PB08)_R3,R,16
19807,ER2_c,ER2_c_L,L,15616,EPG,EPG(PB08)_R3,R,16
18508,ER2_c,ER2_c_L,L,15616,EPG,EPG(PB08)_R3,R,16
17591,ER4d,ER4d_R,R,15616,EPG,EPG(PB08)_R3,R,16
39503,ER3p_a,ER3p_a_L,L,16360,EPG,EPG(PB08)_L6,L,16
26843,ER3w_b,ER3w_b_R,R,16360,EPG,EPG(PB08)_L6,L,16
24549,ER3w_c,ER3w_c_L,L,16360,EPG,EPG(PB08)_L6,L,16
19569,ER2_c,ER2_c_R,R,16360,EPG,EPG(PB08)_L6,L,16
18377,ER3w_b,ER3w_b_L,L,16360,EPG,EPG(PB08)_L6,L,16
59337,ER3w_b,ER3w_b_L,L,515675,EPG,EPG(PB08)_R1,R,16
45134,ER3p_b,ER3p_b_L,L,515675,EPG,EPG(PB08)_R1,R,16
17591,ER4d,ER4d_R,R,515675,EPG,EPG(PB08)_R1,R,16
513678,ER3w_b,ER3w_b_R,R,514126,EPG,EPG(PB08)_R5,R,16
50007,ER3p_a,ER3p_a_L,L,514126,EPG,EPG(PB08)_R5,R,16
25709,ER2_c,ER2_c_L,L,514126,EPG,EPG(PB08)_R5,R,16
25203,ER3w_c,ER3w_c_L,L,514126,EPG,EPG(PB08)_R5,R,16
19569,ER2_c,ER2_c_R,R,514126,EPG,EPG(PB08)_R5,R,16
25203,ER3w_c,ER3w_c_L,L,513520,EPG,EPG(PB08)_R6,R,16
24459,ER4d,ER4d_L,L,513520,EPG,EPG(PB08)_R6,R,16
48291,ER3w_b,ER3w_b_L,L,11874,EPG,EPG(PB08)_L7,L,16
25709,ER2_c,ER2_c_L,L,11874,EPG,EPG(PB08)_L7,L,16
25501,ER3w_b,ER3w_b_L,L,11874,EPG,EPG(PB08)_L7,L,16
25203,ER3w_c,ER3w_c_L,L,11874,EPG,EPG(PB08)_L7,L,16
24459,ER4d,ER4d_L,L,11874,EPG,EPG(PB08)_L7,L,16
23874,ER4d,ER4d_R,R,11874,EPG,EPG(PB08)_L7,L,16
19323,ER4d,ER4d_R,R,11874,EPG,EPG(PB08)_L7,L,16
513678,ER3w_b,ER3w_b_R,R,512514,EPG,EPG(PB08)_L1,L,16
46341,ER3w_b,ER3w_b_L,L,512514,EPG,EPG(PB08)_L1,L,16
25501,ER3w_b,ER3w_b_L,L,512514,EPG,EPG(PB08)_L1,L,16
27013,ER3m,ER3m_L,L,88342,EPG,EPG(PB08)_L3,L,16
26673,ER3w_b,ER3w_b_L,L,88342,EPG,EPG(PB08)_L3,L,16
21449,ER2_c,ER2_c_R,R,88342,EPG,EPG(PB08)_L3,L,16
19807,ER2_c,ER2_c_L,L,88342,EPG,EPG(PB08)_L3,L,16
47186,ER3m,ER3m_R,R,520581,EPG,EPG(PB08)_R4,R,16
37817,ER3d_e,ER3d_e_R,R,520581,EPG,EPG(PB08)_R4,R,16
25501,ER3w_b,ER3w_b_L,L,520581,EPG,EPG(PB08)_R4,R,16
11933,ER2_c,ER2_c_R,R,520581,EPG,EPG(PB08)_R4,R,16
24879,ER4d,ER4d_L,L,13217,EPG,EPG(PB08)_L8,L,16
21449,ER2_c,ER2_c_R,R,13217,EPG,EPG(PB08)_L8,L,16
16343,ER4d,ER4d_R,R,13217,EPG,EPG(PB08)_L8,L,16
11933,ER2_c,ER2_c_R,R,13217,EPG,EPG(PB08)_L8,L,16
59337,ER3w_b,ER3w_b_L,L,92188,EPG,EPG(PB08)_R7,R,16
24549,ER3w_c,ER3w_c_L,L,92188,EPG,EPG(PB08)_R7,R,16
43683,ER3w_a,ER3w_a_R,R,521812,EPG,EPG(PB08)_R7,R,16
512606,ER3w_c,ER3w_c_L,L,521813,EPG,EPG(PB08)_L2,L,16
53618,ER3p_b,ER3p_b_L,L,521813,EPG,EPG(PB08)_L2,L,16
21449,ER2_c,ER2_c_R,R,521813,EPG,EPG(PB08)_L2,L,16
521528,ER5,ER5_L,L,512513,EPG,EPG(PB08)_R1,R,16
25203,ER3w_c,ER3w_c_L,L,512513,EPG,EPG(PB08)_R1,R,16
13094,ER4d,ER4d_R,R,512513,EPG,EPG(PB08)_R1,R,16
526552,ER3w_b,ER3w_b_R,R,519941,EPG,EPG(PB08)_L3,L,15
513678,ER3w_b,ER3w_b_R,R,519941,EPG,EPG(PB08)_L3,L,15
43683,ER3w_a,ER3w_a_R,R,519941,EPG,EPG(PB08)_L3,L,15
45134,ER3p_b,ER3p_b_L,L,11989,EPG,EPG(PB08)_L5,L,15
37817,ER3d_e,ER3d_e_R,R,11989,EPG,EPG(PB08)_L5,L,15
23874,ER4d,ER4d_R,R,11989,EPG,EPG(PB08)_L5,L,15
17419,ER6,ER6_R,R,11989,EPG,EPG(PB08)_L5,L,15
59337,ER3w_b,ER3w_b_L,L,107195,EPG,EPG(PB08)_L5,L,15
50694,ER3w_b,ER3w_b_L,L,519328,EPG,EPG(PB08)_L3,L,15
50007,ER3p_a,ER3p_a_L,L,519328,EPG,EPG(PB08)_L3,L,15
26673,ER3w_b,ER3w_b_L,L,519328,EPG,EPG(PB08)_L3,L,15
25709,ER2_c,ER2_c_L,L,519328,EPG,EPG(PB08)_L3,L,15
22461,ER4d,ER4d_R,R,512928,EPG,EPG(PB08)_R3,R,15
19807,ER2_c,ER2_c_L,L,14507,EPG,EPG(PB08)_R7,R,15
16440,ER4m,ER4m_L,L,14507,EPG,EPG(PB08)_R7,R,15
24879,ER4d,ER4d_L,L,524073,EPG,EPG(PB08)_L2,L,15
25709,ER2_c,ER2_c_L,L,519144,EPG,EPG(PB08)_L8,L,15
24549,ER3w_c,ER3w_c_L,L,519144,EPG,EPG(PB08)_L8,L,15
16343,ER4d,ER4d_R,R,519144,EPG,EPG(PB08)_L8,L,15
24879,ER4d,ER4d_L,L,512305,EPG,EPG(PB08)_R8,R,15
24549,ER3w_c,ER3w_c_L,L,512305,EPG,EPG(PB08)_R8,R,15
25203,ER3w_c,ER3w_c_L,L,513464,EPG,EPG(PB08)_R8,R,15
514180,ER3p_b,ER3p_b_R,R,19825,EPG,EPG(PB08)_R6,R,15
512606,ER3w_c,ER3w_c_L,L,19825,EPG,EPG(PB08)_R6,R,15
39503,ER3p_a,ER3p_a_L,L,19825,EPG,EPG(PB08)_R6,R,15
19569,ER2_c,ER2_c_R,R,19825,EPG,EPG(PB08)_R6,R,15
18377,ER3w_b,ER3w_b_L,L,19825,EPG,EPG(PB08)_R6,R,15
454614,ER4m,ER4m_L,L,11503,EPG,EPG(PB08)_R8,R,15
50007,ER3p_a,ER3p_a_L,L,11503,EPG,EPG(PB08)_R8,R,15
23197,ER4d,ER4d_L,L,11503,EPG,EPG(PB08)_R8,R,15
19569,ER2_c,ER2_c_R,R,11503,EPG,EPG(PB08)_R8,R,15
25841,ER3w_b,ER3w_b_L,L,84758,EPG,EPG(PB08)_L7,L,15
19807,ER2_c,ER2_c_L,L,84758,EPG,EPG(PB08)_L7,L,15
11933,ER2_c,ER2_c_R,R,84758,EPG,EPG(PB08)_L7,L,15
24879,ER4d,ER4d_L,L,520812,EPG,EPG(PB08)_R8,R,15
21449,ER2_c,ER2_c_R,R,520812,EPG,EPG(PB08)_R8,R,15
512606,ER3w_c,ER3w_c_L,L,513284,EPG,EPG(PB08)_R3,R,15
42264,ER3d_e,ER3d_e_R,R,513284,EPG,EPG(PB08)_R3,R,15
25841,ER3w_b,ER3w_b_L,L,513284,EPG,EPG(PB08)_R3,R,15
21664,ER3d_e,ER3d_e_R,R,513284,EPG,EPG(PB08)_R3,R,15
19807,ER2_c,ER2_c_L,L,556346,EPG,EPG(PB08)_L6,L,15
53618,ER3p_b,ER3p_b_L,L,523786,EPG,EPG(PB08)_R4,R,15
49869,ER3p_b,ER3p_b_R,R,523786,EPG,EPG(PB08)_R4,R,15
24076,ER4d,ER4d_R,R,523786,EPG,EPG(PB08)_R4,R,15
22461,ER4d,ER4d_R,R,523786,EPG,EPG(PB08)_R4,R,15
19807,ER2_c,ER2_c_L,L,523786,EPG,EPG(PB08)_R4,R,15
512606,ER3w_c,ER3w_c_L,L,11987,EPG,EPG(PB08)_R5,R,15
46341,ER3w_b,ER3w_b_L,L,11987,EPG,EPG(PB08)_R5,R,15
25841,ER3w_b,ER3w_b_L,L,11987,EPG,EPG(PB08)_R5,R,15
22001,ER5,ER5_L,L,513033,EPG,EPG(PB08)_L8,L,15
16343,ER4d,ER4d_R,R,513033,EPG,EPG(PB08)_L8,L,15
512606,ER3w_c,ER3w_c_L,L,19125,EPG,EPG(PB08)_R5,R,15
19791,ER4d,ER4d_L,L,19125,EPG,EPG(PB08)_R5,R,15
25709,ER2_c,ER2_c_L,L,513517,EPG,EPG(PB08)_L4,L,15
23080,ER4d,ER4d_R,R,513517,EPG,EPG(PB08)_L4,L,15
11933,ER2_c,ER2_c_R,R,513517,EPG,EPG(PB08)_L4,L,15
25501,ER3w_b,ER3w_b_L,L,556347,EPG,EPG(PB08)_R4,R,15
516110,ER6,ER6_R,R,521409,EPG,EPG(PB08)_L8,L,15
513678,ER3w_b,ER3w_b_R,R,521409,EPG,EPG(PB08)_L8,L,15
50694,ER3w_b,ER3w_b_L,L,521409,EPG,EPG(PB08)_L8,L,15
44010,ER3w_b,ER3w_b_L,L,521409,EPG,EPG(PB08)_L8,L,15
26673,ER3w_b,ER3w_b_L,L,521409,EPG,EPG(PB08)_L8,L,15
25841,ER3w_b,ER3w_b_L,L,521409,EPG,EPG(PB08)_L8,L,15
50694,ER3w_b,ER3w_b_L,L,513463,EPG,EPG(PB08)_R2,R,15
47186,ER3m,ER3m_R,R,513463,EPG,EPG(PB08)_R2,R,15
26843,ER3w_b,ER3w_b_R,R,513463,EPG,EPG(PB08)_R2,R,15
26673,ER3w_b,ER3w_b_L,L,513463,EPG,EPG(PB08)_R2,R,15
527653,ER4d,ER4d_L,L,520818,EPG,EPG(PB08)_L4,L,15
25709,ER2_c,ER2_c_L,L,520818,EPG,EPG(PB08)_L4,L,15
22461,ER4d,ER4d_R,R,520818,EPG,EPG(PB08)_L4,L,15
21449,ER2_c,ER2_c_R,R,520818,EPG,EPG(PB08)_L4,L,15
19323,ER4d,ER4d_R,R,520818,EPG,EPG(PB08)_L4,L,15
11933,ER2_c,ER2_c_R,R,520818,EPG,EPG(PB08)_L4,L,15
50694,ER3w_b,ER3w_b_L,L,12449,EPG,EPG(PB08)_L5,L,15
24076,ER4d,ER4d_R,R,12449,EPG,EPG(PB08)_L5,L,15
527653,ER4d,ER4d_L,L,10539,EPG,EPG(PB08)_R2,R,15
22461,ER4d,ER4d_R,R,10539,EPG,EPG(PB08)_R2,R,15
21449,ER2_c,ER2_c_R,R,10539,EPG,EPG(PB08)_R2,R,15
526552,ER3w_b,ER3w_b_R,R,14727,EPG,EPG(PB08)_L7,L,15
513678,ER3w_b,ER3w_b_R,R,14727,EPG,EPG(PB08)_L7,L,15
52832,ER3m,ER3m_R,R,14727,EPG,EPG(PB08)_L7,L,15
44814,ER3m,ER3m_L,L,14727,EPG,EPG(PB08)_L7,L,15
18508,ER2_c,ER2_c_L,L,14727,EPG,EPG(PB08)_L7,L,15
17419,ER6,ER6_R,R,14727,EPG,EPG(PB08)_L7,L,15
526552,ER3w_b,ER3w_b_R,R,519140,EPG,EPG(PB08)_L1,L,15
59337,ER3w_b,ER3w_b_L,L,519140,EPG,EPG(PB08)_L1,L,15
46341,ER3w_b,ER3w_b_L,L,519140,EPG,EPG(PB08)_L1,L,15
39503,ER3p_a,ER3p_a_L,L,519140,EPG,EPG(PB08)_L1,L,15
14963,ER5,ER5_L,L,15616,EPG,EPG(PB08)_R3,R,15
19169,ER3m,ER3m_L,L,16360,EPG,EPG(PB08)_L6,L,15
17419,ER6,ER6_R,R,16360,EPG,EPG(PB08)_L6,L,15
53618,ER3p_b,ER3p_b_L,L,515675,EPG,EPG(PB08)_R1,R,15
49869,ER3p_b,ER3p_b_R,R,515675,EPG,EPG(PB08)_R1,R,15
24549,ER3w_c,ER3w_c_L,L,515675,EPG,EPG(PB08)_R1,R,15
24459,ER4d,ER4d_L,L,515675,EPG,EPG(PB08)_R1,R,15
23874,ER4d,ER4d_R,R,515675,EPG,EPG(PB08)_R1,R,15
46341,ER3w_b,ER3w_b_L,L,513520,EPG,EPG(PB08)_R6,R,15
27770,ER3w_b,ER3w_b_R,R,513520,EPG,EPG(PB08)_R6,R,15
512606,ER3w_c,ER3w_c_L,L,11874,EPG,EPG(PB08)_L7,L,15
49869,ER3p_b,ER3p_b_R,R,11874,EPG,EPG(PB08)_L7,L,15
43683,ER3w_a,ER3w_a_R,R,11874,EPG,EPG(PB08)_L7,L,15
26843,ER3w_b,ER3w_b_R,R,11874,EPG,EPG(PB08)_L7,L,15
17561,ER3m,ER3m_R,R,11874,EPG,EPG(PB08)_L7,L,15
17591,ER4d,ER4d_R,R,11874,EPG,EPG(PB08)_L7,L,15
16343,ER4d,ER4d_R,R,11874,EPG,EPG(PB08)_L7,L,15
11933,ER2_c,ER2_c_R,R,11874,EPG,EPG(PB08)_L7,L,15
48291,ER3w_b,ER3w_b_L,L,88342,EPG,EPG(PB08)_L3,L,15
527653,ER4d,ER4d_L,L,15713,EPG,EPG(PB08)_L6,L,15
19791,ER4d,ER4d_L,L,13217,EPG,EPG(PB08)_L8,L,15
19323,ER4d,ER4d_R,R,13217,EPG,EPG(PB08)_L8,L,15
17591,ER4d,ER4d_R,R,13217,EPG,EPG(PB08)_L8,L,15
30206,ER5,ER5_R,R,92188,EPG,EPG(PB08)_R7,R,15
25203,ER3w_c,ER3w_c_L,L,92188,EPG,EPG(PB08)_R7,R,15
18508,ER2_c,ER2_c_L,L,92188,EPG,EPG(PB08)_R7,R,15
19323,ER4d,ER4d_R,R,521812,EPG,EPG(PB08)_R7,R,15
23080,ER4d,ER4d_R,R,521813,EPG,EPG(PB08)_L2,L,15
19323,ER4d,ER4d_R,R,521813,EPG,EPG(PB08)_L2,L,15
50694,ER3w_b,ER3w_b_L,L,512513,EPG,EPG(PB08)_R1,R,15
47186,ER3m,ER3m_R,R,512513,EPG,EPG(PB08)_R1,R,15
19072,ER5,ER5_R,R,512513,EPG,EPG(PB08)_R1,R,15
49869,ER3p_b,ER3p_b_R,R,519941,EPG,EPG(PB08)_L3,L,14
39503,ER3p_a,ER3p_a_L,L,519941,EPG,EPG(PB08)_L3,L,14
21449,ER2_c,ER2_c_R,R,519941,EPG,EPG(PB08)_L3,L,14
23197,ER4d,ER4d_L,L,11989,EPG,EPG(PB08)_L5,L,14
19807,ER2_c,ER2_c_L,L,11989,EPG,EPG(PB08)_L5,L,14
526552,ER3w_b,ER3w_b_R,R,107195,EPG,EPG(PB08)_L5,L,14
27770,ER3w_b,ER3w_b_R,R,107195,EPG,EPG(PB08)_L5,L,14
25841,ER3w_b,ER3w_b_L,L,107195,EPG,EPG(PB08)_L5,L,14
25709,ER2_c,ER2_c_L,L,107195,EPG,EPG(PB08)_L5,L,14
17419,ER6,ER6_R,R,107195,EPG,EPG(PB08)_L5,L,14
11933,ER2_c,ER2_c_R,R,107195,EPG,EPG(PB08)_L5,L,14
513678,ER3w_b,ER3w_b_R,R,519328,EPG,EPG(PB08)_L3,L,14
25203,ER3w_c,ER3w_c_L,L,519328,EPG,EPG(PB08)_L3,L,14
18508,ER2_c,ER2_c_L,L,519328,EPG,EPG(PB08)_L3,L,14
17419,ER6,ER6_R,R,519328,EPG,EPG(PB08)_L3,L,14
526552,ER3w_b,ER3w_b_R,R,512928,EPG,EPG(PB08)_R3,R,14
27770,ER3w_b,ER3w_b_R,R,512928,EPG,EPG(PB08)_R3,R,14
26673,ER3w_b,ER3w_b_L,L,512928,EPG,EPG(PB08)_R3,R,14
19323,ER4d,ER4d_R,R,512928,EPG,EPG(PB08)_R3,R,14
512606,ER3w_c,ER3w_c_L,L,14507,EPG,EPG(PB08)_R7,R,14
46341,ER3w_b,ER3w_b_L,L,14507,EPG,EPG(PB08)_R7,R,14
18508,ER2_c,ER2_c_L,L,14507,EPG,EPG(PB08)_R7,R,14
43683,ER3w_a,ER3w_a_R,R,524073,EPG,EPG(PB08)_L2,L,14
11933,ER2_c,ER2_c_R,R,524073,EPG,EPG(PB08)_L2,L,14
26136,ER2_b,ER2_b_R,R,519144,EPG,EPG(PB08)_L8,L,14
17419,ER6,ER6_R,R,519144,EPG,EPG(PB08)_L8,L,14
44010,ER3w_b,ER3w_b_L,L,512305,EPG,EPG(PB08)_R8,R,14
26673,ER3w_b,ER3w_b_L,L,512305,EPG,EPG(PB08)_R8,R,14
22461,ER4d,ER4d_R,R,512305,EPG,EPG(PB08)_R8,R,14
19791,ER4d,ER4d_L,L,512305,EPG,EPG(PB08)_R8,R,14
16343,ER4d,ER4d_R,R,512305,EPG,EPG(PB08)_R8,R,14
25841,ER3w_b,ER3w_b_L,L,513464,EPG,EPG(PB08)_R8,R,14
25709,ER2_c,ER2_c_L,L,513464,EPG,EPG(PB08)_R8,R,14
23080,ER4d,ER4d_R,R,513464,EPG,EPG(PB08)_R8,R,14
22461,ER4d,ER4d_R,R,513464,EPG,EPG(PB08)_R8,R,14
19791,ER4d,ER4d_L,L,513464,EPG,EPG(PB08)_R8,R,14
512319,ER6,ER6_L,L,19825,EPG,EPG(PB08)_R6,R,14
25841,ER3w_b,ER3w_b_L,L,19825,EPG,EPG(PB08)_R6,R,14
25501,ER3w_b,ER3w_b_L,L,19825,EPG,EPG(PB08)_R6,R,14
25841,ER3w_b,ER3w_b_L,L,11307,EPG,EPG(PB08)_L4,L,14
46341,ER3w_b,ER3w_b_L,L,11503,EPG,EPG(PB08)_R8,R,14
26673,ER3w_b,ER3w_b_L,L,11503,EPG,EPG(PB08)_R8,R,14
26136,ER2_b,ER2_b_R,R,11503,EPG,EPG(PB08)_R8,R,14
49869,ER3p_b,ER3p_b_R,R,84758,EPG,EPG(PB08)_L7,L,14
39503,ER3p_a,ER3p_a_L,L,84758,EPG,EPG(PB08)_L7,L,14
25501,ER3w_b,ER3w_b_L,L,84758,EPG,EPG(PB08)_L7,L,14
512319,ER6,ER6_L,L,520812,EPG,EPG(PB08)_R8,R,14
50694,ER3w_b,ER3w_b_L,L,520812,EPG,EPG(PB08)_R8,R,14
11933,ER2_c,ER2_c_R,R,520812,EPG,EPG(PB08)_R8,R,14
521535,ER5,ER5_L,L,513284,EPG,EPG(PB08)_R3,R,14
516944,ER5,ER5_L,L,513284,EPG,EPG(PB08)_R3,R,14
513678,ER3w_b,ER3w_b_R,R,513284,EPG,EPG(PB08)_R3,R,14
26673,ER3w_b,ER3w_b_L,L,513284,EPG,EPG(PB08)_R3,R,14
18633,ER5,ER5_L,L,513284,EPG,EPG(PB08)_R3,R,14
59337,ER3w_b,ER3w_b_L,L,556346,EPG,EPG(PB08)_L6,L,14
26136,ER2_b,ER2_b_R,R,556346,EPG,EPG(PB08)_L6,L,14
23080,ER4d,ER4d_R,R,556346,EPG,EPG(PB08)_L6,L,14
21449,ER2_c,ER2_c_R,R,556346,EPG,EPG(PB08)_L6,L,14
19323,ER4d,ER4d_R,R,556346,EPG,EPG(PB08)_L6,L,14
46262,ER3d_b,ER3d_b_L,L,523786,EPG,EPG(PB08)_R4,R,14
38084,ER3m,ER3m_L,L,523786,EPG,EPG(PB08)_R4,R,14
24459,ER4d,ER4d_L,L,523786,EPG,EPG(PB08)_R4,R,14
18508,ER2_c,ER2_c_L,L,523786,EPG,EPG(PB08)_R4,R,14
513678,ER3w_b,ER3w_b_R,R,11987,EPG,EPG(PB08)_R5,R,14
27770,ER3w_b,ER3w_b_R,R,11987,EPG,EPG(PB08)_R5,R,14
19569,ER2_c,ER2_c_R,R,11987,EPG,EPG(PB08)_R5,R,14
18508,ER2_c,ER2_c_L,L,11987,EPG,EPG(PB08)_R5,R,14
13094,ER4d,ER4d_R,R,513033,EPG,EPG(PB08)_L8,L,14
19569,ER2_c,ER2_c_R,R,19125,EPG,EPG(PB08)_R5,R,14
527653,ER4d,ER4d_L,L,131313,EPG,EPG(PB08)_R6,R,14
59337,ER3w_b,ER3w_b_L,L,131313,EPG,EPG(PB08)_R6,R,14
19791,ER4d,ER4d_L,L,131313,EPG,EPG(PB08)_R6,R,14
24879,ER4d,ER4d_L,L,513517,EPG,EPG(PB08)_L4,L,14
47186,ER3m,ER3m_R,R,556347,EPG,EPG(PB08)_R4,R,14
26843,ER3w_b,ER3w_b_R,R,556347,EPG,EPG(PB08)_R4,R,14
26295,ER3m,ER3m_R,R,556347,EPG,EPG(PB08)_R4,R,14
19569,ER2_c,ER2_c_R,R,556347,EPG,EPG(PB08)_R4,R,14
26136,ER2_b,ER2_b_R,R,521409,EPG,EPG(PB08)_L8,L,14
24122,ER4d,ER4d_R,R,521409,EPG,EPG(PB08)_L8,L,14
44010,ER3w_b,ER3w_b_L,L,513463,EPG,EPG(PB08)_R2,R,14
13094,ER4d,ER4d_R,R,513463,EPG,EPG(PB08)_R2,R,14
19791,ER4d,ER4d_L,L,520818,EPG,EPG(PB08)_L4,L,14
513678,ER3w_b,ER3w_b_R,R,12449,EPG,EPG(PB08)_L5,L,14
21449,ER2_c,ER2_c_R,R,12449,EPG,EPG(PB08)_L5,L,14
43683,ER3w_a,ER3w_a_R,R,10539,EPG,EPG(PB08)_R2,R,14
17591,ER4d,ER4d_R,R,10539,EPG,EPG(PB08)_R2,R,14
59337,ER3w_b,ER3w_b_L,L,14727,EPG,EPG(PB08)_L7,L,14
48291,ER3w_b,ER3w_b_L,L,14727,EPG,EPG(PB08)_L7,L,14
38306,ER3d_a,ER3d_a_L,L,14727,EPG,EPG(PB08)_L7,L,14
26136,ER2_b,ER2_b_R,R,14727,EPG,EPG(PB08)_L7,L,14
25841,ER3w_b,ER3w_b_L,L,14727,EPG,EPG(PB08)_L7,L,14
24549,ER3w_c,ER3w_c_L,L,14727,EPG,EPG(PB08)_L7,L,14
514180,ER3p_b,ER3p_b_R,R,519140,EPG,EPG(PB08)_L1,L,14
43683,ER3w_a,ER3w_a_R,R,519140,EPG,EPG(PB08)_L1,L,14
25841,ER3w_b,ER3w_b_L,L,519140,EPG,EPG(PB08)_L1,L,14
59337,ER3w_b,ER3w_b_L,L,15616,EPG,EPG(PB08)_R3,R,14
25709,ER2_c,ER2_c_L,L,15616,EPG,EPG(PB08)_R3,R,14
513678,ER3w_b,ER3w_b_R,R,16360,EPG,EPG(PB08)_L6,L,14
512606,ER3w_c,ER3w_c_L,L,16360,EPG,EPG(PB08)_L6,L,14
50694,ER3w_b,ER3w_b_L,L,16360,EPG,EPG(PB08)_L6,L,14
48291,ER3w_b,ER3w_b_L,L,16360,EPG,EPG(PB08)_L6,L,14
18508,ER2_c,ER2_c_L,L,16360,EPG,EPG(PB08)_L6,L,14
512606,ER3w_c,ER3w_c_L,L,515675,EPG,EPG(PB08)_R1,R,14
43683,ER3w_a,ER3w_a_R,R,515675,EPG,EPG(PB08)_R1,R,14
28701,ER3d_b,ER3d_b_R,R,515675,EPG,EPG(PB08)_R1,R,14
27770,ER3w_b,ER3w_b_R,R,515675,EPG,EPG(PB08)_R1,R,14
24122,ER4d,ER4d_R,R,515675,EPG,EPG(PB08)_R1,R,14
527653,ER4d,ER4d_L,L,514126,EPG,EPG(PB08)_R5,R,14
25501,ER3w_b,ER3w_b_L,L,514126,EPG,EPG(PB08)_R5,R,14
24549,ER3w_c,ER3w_c_L,L,514126,EPG,EPG(PB08)_R5,R,14
39503,ER3p_a,ER3p_a_L,L,513520,EPG,EPG(PB08)_R6,R,14
31684,ER3d_a,ER3d_a_R,R,513520,EPG,EPG(PB08)_R6,R,14
25709,ER2_c,ER2_c_L,L,513520,EPG,EPG(PB08)_R6,R,14
521528,ER5,ER5_L,L,11874,EPG,EPG(PB08)_L7,L,14
50007,ER3p_a,ER3p_a_L,L,512514,EPG,EPG(PB08)_L1,L,14
22461,ER4d,ER4d_R,R,512514,EPG,EPG(PB08)_L1,L,14
19807,ER2_c,ER2_c_L,L,512514,EPG,EPG(PB08)_L1,L,14
59337,ER3w_b,ER3w_b_L,L,88342,EPG,EPG(PB08)_L3,L,14
47036,ER3d_a,ER3d_a_R,R,88342,EPG,EPG(PB08)_L3,L,14
25709,ER2_c,ER2_c_L,L,88342,EPG,EPG(PB08)_L3,L,14
17419,ER6,ER6_R,R,88342,EPG,EPG(PB08)_L3,L,14
50007,ER3p_a,ER3p_a_L,L,15713,EPG,EPG(PB08)_L6,L,14
49869,ER3p_b,ER3p_b_R,R,15713,EPG,EPG(PB08)_L6,L,14
26136,ER2_b,ER2_b_R,R,15713,EPG,EPG(PB08)_L6,L,14
19791,ER4d,ER4d_L,L,15713,EPG,EPG(PB08)_L6,L,14
42264,ER3d_e,ER3d_e_R,R,520581,EPG,EPG(PB08)_R4,R,14
26673,ER3w_b,ER3w_b_L,L,520581,EPG,EPG(PB08)_R4,R,14
25203,ER3w_c,ER3w_c_L,L,520581,EPG,EPG(PB08)_R4,R,14
22461,ER4d,ER4d_R,R,520581,EPG,EPG(PB08)_R4,R,14
25709,ER2_c,ER2_c_L,L,13217,EPG,EPG(PB08)_L8,L,14
24459,ER4d,ER4d_L,L,13217,EPG,EPG(PB08)_L8,L,14
23874,ER4d,ER4d_R,R,13217,EPG,EPG(PB08)_L8,L,14
50007,ER3p_a,ER3p_a_L,L,92188,EPG,EPG(PB08)_R7,R,14
26295,ER3m,ER3m_R,R,92188,EPG,EPG(PB08)_R7,R,14
19072,ER5,ER5_R,R,92188,EPG,EPG(PB08)_R7,R,14
513678,ER3w_b,ER3w_b_R,R,521812,EPG,EPG(PB08)_R7,R,14
26136,ER2_b,ER2_b_R,R,521812,EPG,EPG(PB08)_R7,R,14
25709,ER2_c,ER2_c_L,L,521812,EPG,EPG(PB08)_R7,R,14
23197,ER4d,ER4d_L,L,521813,EPG,EPG(PB08)_L2,L,14
513379,ER5,ER5_R,R,512513,EPG,EPG(PB08)_R1,R,14
31684,ER3d_a,ER3d_a_R,R,512513,EPG,EPG(PB08)_R1,R,14
30206,ER5,ER5_R,R,512513,EPG,EPG(PB08)_R1,R,14
22461,ER4d,ER4d_R,R,512513,EPG,EPG(PB08)_R1,R,14
17591,ER4d,ER4d_R,R,512513,EPG,EPG(PB08)_R1,R,14
514180,ER3p_b,ER3p_b_R,R,519941,EPG,EPG(PB08)_L3,L,13
38306,ER3d_a,ER3d_a_L,L,519941,EPG,EPG(PB08)_L3,L,13
26939,ER3m,ER3m_R,R,519941,EPG,EPG(PB08)_L3,L,13
25203,ER3w_c,ER3w_c_L,L,519941,EPG,EPG(PB08)_L3,L,13
23080,ER4d,ER4d_R,R,519941,EPG,EPG(PB08)_L3,L,13
526552,ER3w_b,ER3w_b_R,R,11989,EPG,EPG(PB08)_L5,L,13
53618,ER3p_b,ER3p_b_L,L,11989,EPG,EPG(PB08)_L5,L,13
24549,ER3w_c,ER3w_c_L,L,11989,EPG,EPG(PB08)_L5,L,13
24122,ER4d,ER4d_R,R,11989,EPG,EPG(PB08)_L5,L,13
24076,ER4d,ER4d_R,R,11989,EPG,EPG(PB08)_L5,L,13
44010,ER3w_b,ER3w_b_L,L,107195,EPG,EPG(PB08)_L5,L,13
26673,ER3w_b,ER3w_b_L,L,107195,EPG,EPG(PB08)_L5,L,13
25203,ER3w_c,ER3w_c_L,L,107195,EPG,EPG(PB08)_L5,L,13
527653,ER4d,ER4d_L,L,519328,EPG,EPG(PB08)_L3,L,13
46341,ER3w_b,ER3w_b_L,L,519328,EPG,EPG(PB08)_L3,L,13
18377,ER3w_b,ER3w_b_L,L,519328,EPG,EPG(PB08)_L3,L,13
513678,ER3w_b,ER3w_b_R,R,512928,EPG,EPG(PB08)_R3,R,13
27348,ER3m,ER3m_L,L,512928,EPG,EPG(PB08)_R3,R,13
24459,ER4d,ER4d_L,L,512928,EPG,EPG(PB08)_R3,R,13
23874,ER4d,ER4d_R,R,512928,EPG,EPG(PB08)_R3,R,13
48291,ER3w_b,ER3w_b_L,L,14507,EPG,EPG(PB08)_R7,R,13
21449,ER2_c,ER2_c_R,R,14507,EPG,EPG(PB08)_R7,R,13
26673,ER3w_b,ER3w_b_L,L,524073,EPG,EPG(PB08)_L2,L,13
23874,ER4d,ER4d_R,R,524073,EPG,EPG(PB08)_L2,L,13
23197,ER4d,ER4d_L,L,524073,EPG,EPG(PB08)_L2,L,13
23080,ER4d,ER4d_R,R,524073,EPG,EPG(PB08)_L2,L,13
527653,ER4d,ER4d_L,L,519144,EPG,EPG(PB08)_L8,L,13
48291,ER3w_b,ER3w_b_L,L,519144,EPG,EPG(PB08)_L8,L,13
24459,ER4d,ER4d_L,L,519144,EPG,EPG(PB08)_L8,L,13
22461,ER4d,ER4d_R,R,519144,EPG,EPG(PB08)_L8,L,13
514180,ER3p_b,ER3p_b_R,R,512305,EPG,EPG(PB08)_R8,R,13
50694,ER3w_b,ER3w_b_L,L,512305,EPG,EPG(PB08)_R8,R,13
23874,ER4d,ER4d_R,R,512305,EPG,EPG(PB08)_R8,R,13
23197,ER4d,ER4d_L,L,512305,EPG,EPG(PB08)_R8,R,13
21449,ER2_c,ER2_c_R,R,512305,EPG,EPG(PB08)_R8,R,13
19569,ER2_c,ER2_c_R,R,512305,EPG,EPG(PB08)_R8,R,13
44010,ER3w_b,ER3w_b_L,L,513464,EPG,EPG(PB08)_R8,R,13
27770,ER3w_b,ER3w_b_R,R,513464,EPG,EPG(PB08)_R8,R,13
26843,ER3w_b,ER3w_b_R,R,513464,EPG,EPG(PB08)_R8,R,13
23874,ER4d,ER4d_R,R,513464,EPG,EPG(PB08)_R8,R,13
19807,ER2_c,ER2_c_L,L,513464,EPG,EPG(PB08)_R8,R,13
19569,ER2_c,ER2_c_R,R,513464,EPG,EPG(PB08)_R8,R,13
13985,ER4m,ER4m_L,L,513464,EPG,EPG(PB08)_R8,R,13
11933,ER2_c,ER2_c_R,R,513464,EPG,EPG(PB08)_R8,R,13
513678,ER3w_b,ER3w_b_R,R,19825,EPG,EPG(PB08)_R6,R,13
50007,ER3p_a,ER3p_a_L,L,19825,EPG,EPG(PB08)_R6,R,13
44010,ER3w_b,ER3w_b_L,L,19825,EPG,EPG(PB08)_R6,R,13
26843,ER3w_b,ER3w_b_R,R,19825,EPG,EPG(PB08)_R6,R,13
24549,ER3w_c,ER3w_c_L,L,19825,EPG,EPG(PB08)_R6,R,13
43683,ER3w_a,ER3w_a_R,R,11307,EPG,EPG(PB08)_L4,L,13
19807,ER2_c,ER2_c_L,L,11307,EPG,EPG(PB08)_L4,L,13
18508,ER2_c,ER2_c_L,L,11307,EPG,EPG(PB08)_L4,L,13
11933,ER2_c,ER2_c_R,R,11307,EPG,EPG(PB08)_L4,L,13
44010,ER3w_b,ER3w_b_L,L,11503,EPG,EPG(PB08)_R8,R,13
43683,ER3w_a,ER3w_a_R,R,11503,EPG,EPG(PB08)_R8,R,13
25203,ER3w_c,ER3w_c_L,L,11503,EPG,EPG(PB08)_R8,R,13
17591,ER4d,ER4d_R,R,11503,EPG,EPG(PB08)_R8,R,13
13985,ER4m,ER4m_L,L,11503,EPG,EPG(PB08)_R8,R,13
512606,ER3w_c,ER3w_c_L,L,84758,EPG,EPG(PB08)_L7,L,13
59337,ER3w_b,ER3w_b_L,L,84758,EPG,EPG(PB08)_L7,L,13
50694,ER3w_b,ER3w_b_L,L,84758,EPG,EPG(PB08)_L7,L,13
43683,ER3w_a,ER3w_a_R,R,84758,EPG,EPG(PB08)_L7,L,13
454614,ER4m,ER4m_L,L,520812,EPG,EPG(PB08)_R8,R,13
50007,ER3p_a,ER3p_a_L,L,520812,EPG,EPG(PB08)_R8,R,13
43683,ER3w_a,ER3w_a_R,R,520812,EPG,EPG(PB08)_R8,R,13
26843,ER3w_b,ER3w_b_R,R,520812,EPG,EPG(PB08)_R8,R,13
24459,ER4d,ER4d_L,L,520812,EPG,EPG(PB08)_R8,R,13
18508,ER2_c,ER2_c_L,L,520812,EPG,EPG(PB08)_R8,R,13
526552,ER3w_b,ER3w_b_R,R,513284,EPG,EPG(PB08)_R3,R,13
514180,ER3p_b,ER3p_b_R,R,513284,EPG,EPG(PB08)_R3,R,13
59337,ER3w_b,ER3w_b_L,L,513284,EPG,EPG(PB08)_R3,R,13
50694,ER3w_b,ER3w_b_L,L,513284,EPG,EPG(PB08)_R3,R,13
49869,ER3p_b,ER3p_b_R,R,513284,EPG,EPG(PB08)_R3,R,13
49378,ER3d_c,ER3d_c_R,R,513284,EPG,EPG(PB08)_R3,R,13
44010,ER3w_b,ER3w_b_L,L,513284,EPG,EPG(PB08)_R3,R,13
43683,ER3w_a,ER3w_a_R,R,513284,EPG,EPG(PB08)_R3,R,13
25203,ER3w_c,ER3w_c_L,L,513284,EPG,EPG(PB08)_R3,R,13
24879,ER4d,ER4d_L,L,513284,EPG,EPG(PB08)_R3,R,13
24076,ER4d,ER4d_R,R,513284,EPG,EPG(PB08)_R3,R,13
19169,ER3m,ER3m_L,L,513284,EPG,EPG(PB08)_R3,R,13
26843,ER3w_b,ER3w_b_R,R,556346,EPG,EPG(PB08)_L6,L,13
17419,ER6,ER6_R,R,556346,EPG,EPG(PB08)_L6,L,13
26673,ER3w_b,ER3w_b_L,L,523786,EPG,EPG(PB08)_R4,R,13
19569,ER2_c,ER2_c_R,R,523786,EPG,EPG(PB08)_R4,R,13
17591,ER4d,ER4d_R,R,523786,EPG,EPG(PB08)_R4,R,13
19323,ER4d,ER4d_R,R,11987,EPG,EPG(PB08)_R5,R,13
46341,ER3w_b,ER3w_b_L,L,513033,EPG,EPG(PB08)_L8,L,13
39503,ER3p_a,ER3p_a_L,L,513033,EPG,EPG(PB08)_L8,L,13
25501,ER3w_b,ER3w_b_L,L,513033,EPG,EPG(PB08)_L8,L,13
17419,ER6,ER6_R,R,513033,EPG,EPG(PB08)_L8,L,13
53618,ER3p_b,ER3p_b_L,L,19125,EPG,EPG(PB08)_R5,R,13
39503,ER3p_a,ER3p_a_L,L,19125,EPG,EPG(PB08)_R5,R,13
25709,ER2_c,ER2_c_L,L,19125,EPG,EPG(PB08)_R5,R,13
18377,ER3w_b,ER3w_b_L,L,19125,EPG,EPG(PB08)_R5,R,13
16343,ER4d,ER4d_R,R,19125,EPG,EPG(PB08)_R5,R,13
44010,ER3w_b,ER3w_b_L,L,131313,EPG,EPG(PB08)_R6,R,13
23197,ER4d,ER4d_L,L,131313,EPG,EPG(PB08)_R6,R,13
23080,ER4d,ER4d_R,R,131313,EPG,EPG(PB08)_R6,R,13
21449,ER2_c,ER2_c_R,R,131313,EPG,EPG(PB08)_R6,R,13
27770,ER3w_b,ER3w_b_R,R,513517,EPG,EPG(PB08)_L4,L,13
25841,ER3w_b,ER3w_b_L,L,513517,EPG,EPG(PB08)_L4,L,13
24549,ER3w_c,ER3w_c_L,L,513517,EPG,EPG(PB08)_L4,L,13
24122,ER4d,ER4d_R,R,513517,EPG,EPG(PB08)_L4,L,13
52832,ER3m,ER3m_R,R,556347,EPG,EPG(PB08)_R4,R,13
49869,ER3p_b,ER3p_b_R,R,556347,EPG,EPG(PB08)_R4,R,13
26673,ER3w_b,ER3w_b_L,L,556347,EPG,EPG(PB08)_R4,R,13
46341,ER3w_b,ER3w_b_L,L,521409,EPG,EPG(PB08)_L8,L,13
25203,ER3w_c,ER3w_c_L,L,521409,EPG,EPG(PB08)_L8,L,13
23080,ER4d,ER4d_R,R,521409,EPG,EPG(PB08)_L8,L,13
21449,ER2_c,ER2_c_R,R,521409,EPG,EPG(PB08)_L8,L,13
19323,ER4d,ER4d_R,R,521409,EPG,EPG(PB08)_L8,L,13
26136,ER2_b,ER2_b_R,R,513463,EPG,EPG(PB08)_R2,R,13
24549,ER3w_c,ER3w_c_L,L,513463,EPG,EPG(PB08)_R2,R,13
24076,ER4d,ER4d_R,R,513463,EPG,EPG(PB08)_R2,R,13
23874,ER4d,ER4d_R,R,513463,EPG,EPG(PB08)_R2,R,13
13395,ER4m,ER4m_R,R,513463,EPG,EPG(PB08)_R2,R,13
26136,ER2_b,ER2_b_R,R,520818,EPG,EPG(PB08)_L4,L,13
24076,ER4d,ER4d_R,R,520818,EPG,EPG(PB08)_L4,L,13
23197,ER4d,ER4d_L,L,520818,EPG,EPG(PB08)_L4,L,13
13094,ER4d,ER4d_R,R,520818,EPG,EPG(PB08)_L4,L,13
59337,ER3w_b,ER3w_b_L,L,12449,EPG,EPG(PB08)_L5,L,13
27770,ER3w_b,ER3w_b_R,R,12449,EPG,EPG(PB08)_L5,L,13
26673,ER3w_b,ER3w_b_L,L,12449,EPG,EPG(PB08)_L5,L,13
24549,ER3w_c,ER3w_c_L,L,12449,EPG,EPG(PB08)_L5,L,13
11933,ER2_c,ER2_c_R,R,12449,EPG,EPG(PB08)_L5,L,13
50007,ER3p_a,ER3p_a_L,L,10539,EPG,EPG(PB08)_R2,R,13
24076,ER4d,ER4d_R,R,10539,EPG,EPG(PB08)_R2,R,13
23197,ER4d,ER4d_L,L,10539,EPG,EPG(PB08)_R2,R,13
26673,ER3w_b,ER3w_b_L,L,14727,EPG,EPG(PB08)_L7,L,13
26295,ER3m,ER3m_R,R,14727,EPG,EPG(PB08)_L7,L,13
24122,ER4d,ER4d_R,R,14727,EPG,EPG(PB08)_L7,L,13
44814,ER3m,ER3m_L,L,519140,EPG,EPG(PB08)_L1,L,13
527653,ER4d,ER4d_L,L,15616,EPG,EPG(PB08)_R3,R,13
527199,ER3d_e,ER3d_e_L,L,15616,EPG,EPG(PB08)_R3,R,13
24549,ER3w_c,ER3w_c_L,L,15616,EPG,EPG(PB08)_R3,R,13
23080,ER4d,ER4d_R,R,15616,EPG,EPG(PB08)_R3,R,13
21664,ER3d_e,ER3d_e_R,R,15616,EPG,EPG(PB08)_R3,R,13
21449,ER2_c,ER2_c_R,R,15616,EPG,EPG(PB08)_R3,R,13
52832,ER3m,ER3m_R,R,16360,EPG,EPG(PB08)_L6,L,13
25841,ER3w_b,ER3w_b_L,L,16360,EPG,EPG(PB08)_L6,L,13
52832,ER3m,ER3m_R,R,515675,EPG,EPG(PB08)_R1,R,13
48291,ER3w_b,ER3w_b_L,L,515675,EPG,EPG(PB08)_R1,R,13
23080,ER4d,ER4d_R,R,515675,EPG,EPG(PB08)_R1,R,13
46262,ER3d_b,ER3d_b_L,L,514126,EPG,EPG(PB08)_R5,R,13
26939,ER3m,ER3m_R,R,514126,EPG,EPG(PB08)_R5,R,13
24122,ER4d,ER4d_R,R,514126,EPG,EPG(PB08)_R5,R,13
23874,ER4d,ER4d_R,R,514126,EPG,EPG(PB08)_R5,R,13
23080,ER4d,ER4d_R,R,514126,EPG,EPG(PB08)_R5,R,13
19791,ER4d,ER4d_L,L,514126,EPG,EPG(PB08)_R5,R,13
18508,ER2_c,ER2_c_L,L,514126,EPG,EPG(PB08)_R5,R,13
12059,ER5,ER5_R,R,514126,EPG,EPG(PB08)_R5,R,13
59337,ER3w_b,ER3w_b_L,L,513520,EPG,EPG(PB08)_R6,R,13
44010,ER3w_b,ER3w_b_L,L,513520,EPG,EPG(PB08)_R6,R,13
25841,ER3w_b,ER3w_b_L,L,513520,EPG,EPG(PB08)_R6,R,13
24879,ER4d,ER4d_L,L,513520,EPG,EPG(PB08)_R6,R,13
24549,ER3w_c,ER3w_c_L,L,513520,EPG,EPG(PB08)_R6,R,13
24076,ER4d,ER4d_R,R,513520,EPG,EPG(PB08)_R6,R,13
19807,ER2_c,ER2_c_L,L,513520,EPG,EPG(PB08)_R6,R,13
13094,ER4d,ER4d_R,R,513520,EPG,EPG(PB08)_R6,R,13
11933,ER2_c,ER2_c_R,R,513520,EPG,EPG(PB08)_R6,R,13
44814,ER3m,ER3m_L,L,11874,EPG,EPG(PB08)_L7,L,13
24076,ER4d,ER4d_R,R,11874,EPG,EPG(PB08)_L7,L,13
19169,ER3m,ER3m_L,L,11874,EPG,EPG(PB08)_L7,L,13
21449,ER2_c,ER2_c_R,R,512514,EPG,EPG(PB08)_L1,L,13
568502,ER5,ER5_R,R,88342,EPG,EPG(PB08)_L3,L,13
11933,ER2_c,ER2_c_R,R,88342,EPG,EPG(PB08)_L3,L,13
514180,ER3p_b,ER3p_b_R,R,15713,EPG,EPG(PB08)_L6,L,13
46262,ER3d_b,ER3d_b_L,L,15713,EPG,EPG(PB08)_L6,L,13
19323,ER4d,ER4d_R,R,15713,EPG,EPG(PB08)_L6,L,13
46341,ER3w_b,ER3w_b_L,L,520581,EPG,EPG(PB08)_R4,R,13
44010,ER3w_b,ER3w_b_L,L,520581,EPG,EPG(PB08)_R4,R,13
24459,ER4d,ER4d_L,L,520581,EPG,EPG(PB08)_R4,R,13
21449,ER2_c,ER2_c_R,R,520581,EPG,EPG(PB08)_R4,R,13
19791,ER4d,ER4d_L,L,520581,EPG,EPG(PB08)_R4,R,13
19569,ER2_c,ER2_c_R,R,520581,EPG,EPG(PB08)_R4,R,13
50007,ER3p_a,ER3p_a_L,L,13217,EPG,EPG(PB08)_L8,L,13
44010,ER3w_b,ER3w_b_L,L,13217,EPG,EPG(PB08)_L8,L,13
39503,ER3p_a,ER3p_a_L,L,13217,EPG,EPG(PB08)_L8,L,13
23080,ER4d,ER4d_R,R,13217,EPG,EPG(PB08)_L8,L,13
52832,ER3m,ER3m_R,R,92188,EPG,EPG(PB08)_R7,R,13
39798,ER5,ER5_L,L,92188,EPG,EPG(PB08)_R7,R,13
25501,ER3w_b,ER3w_b_L,L,92188,EPG,EPG(PB08)_R7,R,13
19569,ER2_c,ER2_c_R,R,92188,EPG,EPG(PB08)_R7,R,13
17171,ER5,ER5_R,R,92188,EPG,EPG(PB08)_R7,R,13
12059,ER5,ER5_R,R,92188,EPG,EPG(PB08)_R7,R,13
512606,ER3w_c,ER3w_c_L,L,521812,EPG,EPG(PB08)_R7,R,13
24879,ER4d,ER4d_L,L,521812,EPG,EPG(PB08)_R7,R,13
23874,ER4d,ER4d_R,R,521812,EPG,EPG(PB08)_R7,R,13
19807,ER2_c,ER2_c_L,L,521812,EPG,EPG(PB08)_R7,R,13
19569,ER2_c,ER2_c_R,R,521812,EPG,EPG(PB08)_R7,R,13
18508,ER2_c,ER2_c_L,L,521812,EPG,EPG(PB08)_R7,R,13
44010,ER3w_b,ER3w_b_L,L,521813,EPG,EPG(PB08)_L2,L,13
19569,ER2_c,ER2_c_R,R,521813,EPG,EPG(PB08)_L2,L,13
512606,ER3w_c,ER3w_c_L,L,512513,EPG,EPG(PB08)_R1,R,13
39798,ER5,ER5_L,L,512513,EPG,EPG(PB08)_R1,R,13
24879,ER4d,ER4d_L,L,512513,EPG,EPG(PB08)_R1,R,13
50007,ER3p_a,ER3p_a_L,L,11989,EPG,EPG(PB08)_L5,L,12
38306,ER3d_a,ER3d_a_L,L,11989,EPG,EPG(PB08)_L5,L,12
26136,ER2_b,ER2_b_R,R,11989,EPG,EPG(PB08)_L5,L,12
25501,ER3w_b,ER3w_b_L,L,11989,EPG,EPG(PB08)_L5,L,12
19791,ER4d,ER4d_L,L,11989,EPG,EPG(PB08)_L5,L,12
25494,ER3d_e,ER3d_e_L,L,107195,EPG,EPG(PB08)_L5,L,12
18508,ER2_c,ER2_c_L,L,107195,EPG,EPG(PB08)_L5,L,12
11933,ER2_c,ER2_c_R,R,519328,EPG,EPG(PB08)_L3,L,12
26295,ER3m,ER3m_R,R,512928,EPG,EPG(PB08)_R3,R,12
13094,ER4d,ER4d_R,R,512928,EPG,EPG(PB08)_R3,R,12
44010,ER3w_b,ER3w_b_L,L,14507,EPG,EPG(PB08)_R7,R,12
24459,ER4d,ER4d_L,L,14507,EPG,EPG(PB08)_R7,R,12
17402,ER4m,ER4m_L,L,14507,EPG,EPG(PB08)_R7,R,12
527199,ER3d_e,ER3d_e_L,L,524073,EPG,EPG(PB08)_L2,L,12
25203,ER3w_c,ER3w_c_L,L,524073,EPG,EPG(PB08)_L2,L,12
19569,ER2_c,ER2_c_R,R,524073,EPG,EPG(PB08)_L2,L,12
44010,ER3w_b,ER3w_b_L,L,519144,EPG,EPG(PB08)_L8,L,12
26673,ER3w_b,ER3w_b_L,L,519144,EPG,EPG(PB08)_L8,L,12
19569,ER2_c,ER2_c_R,R,519144,EPG,EPG(PB08)_L8,L,12
19323,ER4d,ER4d_R,R,519144,EPG,EPG(PB08)_L8,L,12
13094,ER4d,ER4d_R,R,519144,EPG,EPG(PB08)_L8,L,12
11933,ER2_c,ER2_c_R,R,519144,EPG,EPG(PB08)_L8,L,12
13094,ER4d,ER4d_R,R,512305,EPG,EPG(PB08)_R8,R,12
24879,ER4d,ER4d_L,L,513464,EPG,EPG(PB08)_R8,R,12
22001,ER5,ER5_L,L,513464,EPG,EPG(PB08)_R8,R,12
12059,ER5,ER5_R,R,513464,EPG,EPG(PB08)_R8,R,12
49869,ER3p_b,ER3p_b_R,R,19825,EPG,EPG(PB08)_R6,R,12
26939,ER3m,ER3m_R,R,19825,EPG,EPG(PB08)_R6,R,12
25709,ER2_c,ER2_c_L,L,19825,EPG,EPG(PB08)_R6,R,12
24076,ER4d,ER4d_R,R,19825,EPG,EPG(PB08)_R6,R,12
50694,ER3w_b,ER3w_b_L,L,11307,EPG,EPG(PB08)_L4,L,12
22461,ER4d,ER4d_R,R,11307,EPG,EPG(PB08)_L4,L,12
17591,ER4d,ER4d_R,R,11307,EPG,EPG(PB08)_L4,L,12
513678,ER3w_b,ER3w_b_R,R,11503,EPG,EPG(PB08)_R8,R,12
39503,ER3p_a,ER3p_a_L,L,11503,EPG,EPG(PB08)_R8,R,12
24549,ER3w_c,ER3w_c_L,L,11503,EPG,EPG(PB08)_R8,R,12
24459,ER4d,ER4d_L,L,11503,EPG,EPG(PB08)_R8,R,12
19323,ER4d,ER4d_R,R,11503,EPG,EPG(PB08)_R8,R,12
514180,ER3p_b,ER3p_b_R,R,84758,EPG,EPG(PB08)_L7,L,12
48291,ER3w_b,ER3w_b_L,L,84758,EPG,EPG(PB08)_L7,L,12
27770,ER3w_b,ER3w_b_R,R,84758,EPG,EPG(PB08)_L7,L,12
513379,ER5,ER5_R,R,520812,EPG,EPG(PB08)_R8,R,12
25203,ER3w_c,ER3w_c_L,L,520812,EPG,EPG(PB08)_R8,R,12
23197,ER4d,ER4d_L,L,520812,EPG,EPG(PB08)_R8,R,12
23080,ER4d,ER4d_R,R,520812,EPG,EPG(PB08)_R8,R,12
22461,ER4d,ER4d_R,R,520812,EPG,EPG(PB08)_R8,R,12
13094,ER4d,ER4d_R,R,520812,EPG,EPG(PB08)_R8,R,12
527150,ER3d_a,ER3d_a_L,L,513284,EPG,EPG(PB08)_R3,R,12
44830,ER3d_e,ER3d_e_R,R,513284,EPG,EPG(PB08)_R3,R,12
31684,ER3d_a,ER3d_a_R,R,513284,EPG,EPG(PB08)_R3,R,12
24122,ER4d,ER4d_R,R,513284,EPG,EPG(PB08)_R3,R,12
18377,ER3w_b,ER3w_b_L,L,513284,EPG,EPG(PB08)_R3,R,12
13094,ER4d,ER4d_R,R,513284,EPG,EPG(PB08)_R3,R,12
39503,ER3p_a,ER3p_a_L,L,556346,EPG,EPG(PB08)_L6,L,12
17591,ER4d,ER4d_R,R,556346,EPG,EPG(PB08)_L6,L,12
514180,ER3p_b,ER3p_b_R,R,523786,EPG,EPG(PB08)_R4,R,12
44010,ER3w_b,ER3w_b_L,L,523786,EPG,EPG(PB08)_R4,R,12
37817,ER3d_e,ER3d_e_R,R,523786,EPG,EPG(PB08)_R4,R,12
28701,ER3d_b,ER3d_b_R,R,523786,EPG,EPG(PB08)_R4,R,12
23080,ER4d,ER4d_R,R,523786,EPG,EPG(PB08)_R4,R,12
527653,ER4d,ER4d_L,L,11987,EPG,EPG(PB08)_R5,R,12
39503,ER3p_a,ER3p_a_L,L,11987,EPG,EPG(PB08)_R5,R,12
26136,ER2_b,ER2_b_R,R,513033,EPG,EPG(PB08)_L8,L,12
25203,ER3w_c,ER3w_c_L,L,513033,EPG,EPG(PB08)_L8,L,12
24549,ER3w_c,ER3w_c_L,L,513033,EPG,EPG(PB08)_L8,L,12
24459,ER4d,ER4d_L,L,513033,EPG,EPG(PB08)_L8,L,12
19791,ER4d,ER4d_L,L,513033,EPG,EPG(PB08)_L8,L,12
19323,ER4d,ER4d_R,R,513033,EPG,EPG(PB08)_L8,L,12
17591,ER4d,ER4d_R,R,513033,EPG,EPG(PB08)_L8,L,12
513678,ER3w_b,ER3w_b_R,R,19125,EPG,EPG(PB08)_R5,R,12
24879,ER4d,ER4d_L,L,19125,EPG,EPG(PB08)_R5,R,12
24549,ER3w_c,ER3w_c_L,L,19125,EPG,EPG(PB08)_R5,R,12
23080,ER4d,ER4d_R,R,19125,EPG,EPG(PB08)_R5,R,12
53618,ER3p_b,ER3p_b_L,L,131313,EPG,EPG(PB08)_R6,R,12
50007,ER3p_a,ER3p_a_L,L,131313,EPG,EPG(PB08)_R6,R,12
11933,ER2_c,ER2_c_R,R,131313,EPG,EPG(PB08)_R6,R,12
30178,ER3d_b,ER3d_b_R,R,513517,EPG,EPG(PB08)_L4,L,12
26136,ER2_b,ER2_b_R,R,513517,EPG,EPG(PB08)_L4,L,12
24076,ER4d,ER4d_R,R,513517,EPG,EPG(PB08)_L4,L,12
19791,ER4d,ER4d_L,L,513517,EPG,EPG(PB08)_L4,L,12
19323,ER4d,ER4d_R,R,513517,EPG,EPG(PB08)_L4,L,12
13094,ER4d,ER4d_R,R,513517,EPG,EPG(PB08)_L4,L,12
526552,ER3w_b,ER3w_b_R,R,556347,EPG,EPG(PB08)_R4,R,12
49378,ER3d_c,ER3d_c_R,R,556347,EPG,EPG(PB08)_R4,R,12
21449,ER2_c,ER2_c_R,R,556347,EPG,EPG(PB08)_R4,R,12
19807,ER2_c,ER2_c_L,L,556347,EPG,EPG(PB08)_R4,R,12
43683,ER3w_a,ER3w_a_R,R,521409,EPG,EPG(PB08)_L8,L,12
23874,ER4d,ER4d_R,R,521409,EPG,EPG(PB08)_L8,L,12
19807,ER2_c,ER2_c_L,L,521409,EPG,EPG(PB08)_L8,L,12
18377,ER3w_b,ER3w_b_L,L,521409,EPG,EPG(PB08)_L8,L,12
527199,ER3d_e,ER3d_e_L,L,513463,EPG,EPG(PB08)_R2,R,12
38084,ER3m,ER3m_L,L,513463,EPG,EPG(PB08)_R2,R,12
24879,ER4d,ER4d_L,L,513463,EPG,EPG(PB08)_R2,R,12
24122,ER4d,ER4d_R,R,513463,EPG,EPG(PB08)_R2,R,12
18377,ER3w_b,ER3w_b_L,L,513463,EPG,EPG(PB08)_R2,R,12
24459,ER4d,ER4d_L,L,520818,EPG,EPG(PB08)_L4,L,12
25501,ER3w_b,ER3w_b_L,L,12449,EPG,EPG(PB08)_L5,L,12
19569,ER2_c,ER2_c_R,R,12449,EPG,EPG(PB08)_L5,L,12
16343,ER4d,ER4d_R,R,12449,EPG,EPG(PB08)_L5,L,12
39503,ER3p_a,ER3p_a_L,L,10539,EPG,EPG(PB08)_R2,R,12
25203,ER3w_c,ER3w_c_L,L,10539,EPG,EPG(PB08)_R2,R,12
527653,ER4d,ER4d_L,L,14727,EPG,EPG(PB08)_L7,L,12
46341,ER3w_b,ER3w_b_L,L,14727,EPG,EPG(PB08)_L7,L,12
27013,ER3m,ER3m_L,L,14727,EPG,EPG(PB08)_L7,L,12
23197,ER4d,ER4d_L,L,14727,EPG,EPG(PB08)_L7,L,12
22461,ER4d,ER4d_R,R,14727,EPG,EPG(PB08)_L7,L,12
19169,ER3m,ER3m_L,L,14727,EPG,EPG(PB08)_L7,L,12
18377,ER3w_b,ER3w_b_L,L,14727,EPG,EPG(PB08)_L7,L,12
527653,ER4d,ER4d_L,L,519140,EPG,EPG(PB08)_L1,L,12
26673,ER3w_b,ER3w_b_L,L,519140,EPG,EPG(PB08)_L1,L,12
23080,ER4d,ER4d_R,R,519140,EPG,EPG(PB08)_L1,L,12
25494,ER3d_e,ER3d_e_L,L,15616,EPG,EPG(PB08)_R3,R,12
24076,ER4d,ER4d_R,R,15616,EPG,EPG(PB08)_R3,R,12
23874,ER4d,ER4d_R,R,15616,EPG,EPG(PB08)_R3,R,12
14464,ER6,ER6_L,L,15616,EPG,EPG(PB08)_R3,R,12
10043,ER5,ER5_L,L,15616,EPG,EPG(PB08)_R3,R,12
45134,ER3p_b,ER3p_b_L,L,16360,EPG,EPG(PB08)_L6,L,12
44814,ER3m,ER3m_L,L,16360,EPG,EPG(PB08)_L6,L,12
44010,ER3w_b,ER3w_b_L,L,16360,EPG,EPG(PB08)_L6,L,12
25709,ER2_c,ER2_c_L,L,16360,EPG,EPG(PB08)_L6,L,12
53618,ER3p_b,ER3p_b_L,L,514126,EPG,EPG(PB08)_R5,R,12
46341,ER3w_b,ER3w_b_L,L,514126,EPG,EPG(PB08)_R5,R,12
24879,ER4d,ER4d_L,L,514126,EPG,EPG(PB08)_R5,R,12
24459,ER4d,ER4d_L,L,514126,EPG,EPG(PB08)_R5,R,12
24076,ER4d,ER4d_R,R,514126,EPG,EPG(PB08)_R5,R,12
22461,ER4d,ER4d_R,R,514126,EPG,EPG(PB08)_R5,R,12
11933,ER2_c,ER2_c_R,R,514126,EPG,EPG(PB08)_R5,R,12
526552,ER3w_b,ER3w_b_R,R,513520,EPG,EPG(PB08)_R6,R,12
513678,ER3w_b,ER3w_b_R,R,513520,EPG,EPG(PB08)_R6,R,12
26843,ER3w_b,ER3w_b_R,R,513520,EPG,EPG(PB08)_R6,R,12
16343,ER4d,ER4d_R,R,513520,EPG,EPG(PB08)_R6,R,12
14464,ER6,ER6_L,L,513520,EPG,EPG(PB08)_R6,R,12
527653,ER4d,ER4d_L,L,11874,EPG,EPG(PB08)_L7,L,12
526552,ER3w_b,ER3w_b_R,R,11874,EPG,EPG(PB08)_L7,L,12
26136,ER2_b,ER2_b_R,R,11874,EPG,EPG(PB08)_L7,L,12
24549,ER3w_c,ER3w_c_L,L,11874,EPG,EPG(PB08)_L7,L,12
19569,ER2_c,ER2_c_R,R,11874,EPG,EPG(PB08)_L7,L,12
18508,ER2_c,ER2_c_L,L,11874,EPG,EPG(PB08)_L7,L,12
17419,ER6,ER6_R,R,11874,EPG,EPG(PB08)_L7,L,12
23080,ER4d,ER4d_R,R,512514,EPG,EPG(PB08)_L1,L,12
14308,ER4m,ER4m_L,L,512514,EPG,EPG(PB08)_L1,L,12
512606,ER3w_c,ER3w_c_L,L,88342,EPG,EPG(PB08)_L3,L,12
49869,ER3p_b,ER3p_b_R,R,88342,EPG,EPG(PB08)_L3,L,12
26295,ER3m,ER3m_R,R,88342,EPG,EPG(PB08)_L3,L,12
25841,ER3w_b,ER3w_b_L,L,88342,EPG,EPG(PB08)_L3,L,12
25501,ER3w_b,ER3w_b_L,L,88342,EPG,EPG(PB08)_L3,L,12
24459,ER4d,ER4d_L,L,88342,EPG,EPG(PB08)_L3,L,12
23080,ER4d,ER4d_R,R,88342,EPG,EPG(PB08)_L3,L,12
19791,ER4d,ER4d_L,L,88342,EPG,EPG(PB08)_L3,L,12
19569,ER2_c,ER2_c_R,R,88342,EPG,EPG(PB08)_L3,L,12
44010,ER3w_b,ER3w_b_L,L,15713,EPG,EPG(PB08)_L6,L,12
43683,ER3w_a,ER3w_a_R,R,15713,EPG,EPG(PB08)_L6,L,12
25709,ER2_c,ER2_c_L,L,15713,EPG,EPG(PB08)_L6,L,12
22461,ER4d,ER4d_R,R,15713,EPG,EPG(PB08)_L6,L,12
17419,ER6,ER6_R,R,15713,EPG,EPG(PB08)_L6,L,12
513678,ER3w_b,ER3w_b_R,R,520581,EPG,EPG(PB08)_R4,R,12
512606,ER3w_c,ER3w_c_L,L,520581,EPG,EPG(PB08)_R4,R,12
59337,ER3w_b,ER3w_b_L,L,520581,EPG,EPG(PB08)_R4,R,12
27770,ER3w_b,ER3w_b_R,R,520581,EPG,EPG(PB08)_R4,R,12
25709,ER2_c,ER2_c_L,L,520581,EPG,EPG(PB08)_R4,R,12
17591,ER4d,ER4d_R,R,520581,EPG,EPG(PB08)_R4,R,12
16343,ER4d,ER4d_R,R,520581,EPG,EPG(PB08)_R4,R,12
526552,ER3w_b,ER3w_b_R,R,13217,EPG,EPG(PB08)_L8,L,12
39798,ER5,ER5_L,L,13217,EPG,EPG(PB08)_L8,L,12
26136,ER2_b,ER2_b_R,R,13217,EPG,EPG(PB08)_L8,L,12
25501,ER3w_b,ER3w_b_L,L,13217,EPG,EPG(PB08)_L8,L,12
24549,ER3w_c,ER3w_c_L,L,13217,EPG,EPG(PB08)_L8,L,12
24076,ER4d,ER4d_R,R,13217,EPG,EPG(PB08)_L8,L,12
38084,ER3m,ER3m_L,L,92188,EPG,EPG(PB08)_R7,R,12
19791,ER4d,ER4d_L,L,92188,EPG,EPG(PB08)_R7,R,12
39503,ER3p_a,ER3p_a_L,L,521812,EPG,EPG(PB08)_R7,R,12
27770,ER3w_b,ER3w_b_R,R,521812,EPG,EPG(PB08)_R7,R,12
25203,ER3w_c,ER3w_c_L,L,521812,EPG,EPG(PB08)_R7,R,12
46341,ER3w_b,ER3w_b_L,L,521813,EPG,EPG(PB08)_L2,L,12
25203,ER3w_c,ER3w_c_L,L,521813,EPG,EPG(PB08)_L2,L,12
24549,ER3w_c,ER3w_c_L,L,521813,EPG,EPG(PB08)_L2,L,12
527653,ER4d,ER4d_L,L,512513,EPG,EPG(PB08)_R1,R,12
63782,ER3d_c,ER3d_c_L,L,512513,EPG,EPG(PB08)_R1,R,12
27348,ER3m,ER3m_L,L,512513,EPG,EPG(PB08)_R1,R,12
23080,ER4d,ER4d_R,R,512513,EPG,EPG(PB08)_R1,R,12
12059,ER5,ER5_R,R,512513,EPG,EPG(PB08)_R1,R,12
568502,ER5,ER5_R,R,519941,EPG,EPG(PB08)_L3,L,11
33589,ER3d_b,ER3d_b_L,L,519941,EPG,EPG(PB08)_L3,L,11
27013,ER3m,ER3m_L,L,519941,EPG,EPG(PB08)_L3,L,11
19791,ER4d,ER4d_L,L,519941,EPG,EPG(PB08)_L3,L,11
527653,ER4d,ER4d_L,L,11989,EPG,EPG(PB08)_L5,L,11
42264,ER3d_e,ER3d_e_R,R,11989,EPG,EPG(PB08)_L5,L,11
21449,ER2_c,ER2_c_R,R,11989,EPG,EPG(PB08)_L5,L,11
16343,ER4d,ER4d_R,R,11989,EPG,EPG(PB08)_L5,L,11
52832,ER3m,ER3m_R,R,107195,EPG,EPG(PB08)_L5,L,11
50007,ER3p_a,ER3p_a_L,L,107195,EPG,EPG(PB08)_L5,L,11
38084,ER3m,ER3m_L,L,107195,EPG,EPG(PB08)_L5,L,11
26843,ER3w_b,ER3w_b_R,R,107195,EPG,EPG(PB08)_L5,L,11
527199,ER3d_e,ER3d_e_L,L,519328,EPG,EPG(PB08)_L3,L,11
513379,ER5,ER5_R,R,519328,EPG,EPG(PB08)_L3,L,11
59337,ER3w_b,ER3w_b_L,L,519328,EPG,EPG(PB08)_L3,L,11
49869,ER3p_b,ER3p_b_R,R,519328,EPG,EPG(PB08)_L3,L,11
24459,ER4d,ER4d_L,L,519328,EPG,EPG(PB08)_L3,L,11
24076,ER4d,ER4d_R,R,519328,EPG,EPG(PB08)_L3,L,11
527653,ER4d,ER4d_L,L,512928,EPG,EPG(PB08)_R3,R,11
35641,ER3d_c,ER3d_c_L,L,512928,EPG,EPG(PB08)_R3,R,11
19791,ER4d,ER4d_L,L,512928,EPG,EPG(PB08)_R3,R,11
17591,ER4d,ER4d_R,R,512928,EPG,EPG(PB08)_R3,R,11
50694,ER3w_b,ER3w_b_L,L,14507,EPG,EPG(PB08)_R7,R,11
26843,ER3w_b,ER3w_b_R,R,14507,EPG,EPG(PB08)_R7,R,11
26673,ER3w_b,ER3w_b_L,L,14507,EPG,EPG(PB08)_R7,R,11
512606,ER3w_c,ER3w_c_L,L,524073,EPG,EPG(PB08)_L2,L,11
52832,ER3m,ER3m_R,R,524073,EPG,EPG(PB08)_L2,L,11
46262,ER3d_b,ER3d_b_L,L,524073,EPG,EPG(PB08)_L2,L,11
44010,ER3w_b,ER3w_b_L,L,524073,EPG,EPG(PB08)_L2,L,11
37817,ER3d_e,ER3d_e_R,R,524073,EPG,EPG(PB08)_L2,L,11
26136,ER2_b,ER2_b_R,R,524073,EPG,EPG(PB08)_L2,L,11
25501,ER3w_b,ER3w_b_L,L,524073,EPG,EPG(PB08)_L2,L,11
513678,ER3w_b,ER3w_b_R,R,519144,EPG,EPG(PB08)_L8,L,11
39503,ER3p_a,ER3p_a_L,L,519144,EPG,EPG(PB08)_L8,L,11
26843,ER3w_b,ER3w_b_R,R,519144,EPG,EPG(PB08)_L8,L,11
25841,ER3w_b,ER3w_b_L,L,519144,EPG,EPG(PB08)_L8,L,11
25203,ER3w_c,ER3w_c_L,L,519144,EPG,EPG(PB08)_L8,L,11
24076,ER4d,ER4d_R,R,519144,EPG,EPG(PB08)_L8,L,11
17591,ER4d,ER4d_R,R,519144,EPG,EPG(PB08)_L8,L,11
44814,ER3m,ER3m_L,L,512305,EPG,EPG(PB08)_R8,R,11
38084,ER3m,ER3m_L,L,512305,EPG,EPG(PB08)_R8,R,11
26843,ER3w_b,ER3w_b_R,R,512305,EPG,EPG(PB08)_R8,R,11
24076,ER4d,ER4d_R,R,512305,EPG,EPG(PB08)_R8,R,11
512608,ER3d_b,ER3d_b_R,R,513464,EPG,EPG(PB08)_R8,R,11
26673,ER3w_b,ER3w_b_L,L,513464,EPG,EPG(PB08)_R8,R,11
25501,ER3w_b,ER3w_b_L,L,513464,EPG,EPG(PB08)_R8,R,11
21449,ER2_c,ER2_c_R,R,513464,EPG,EPG(PB08)_R8,R,11
18377,ER3w_b,ER3w_b_L,L,513464,EPG,EPG(PB08)_R8,R,11
17591,ER4d,ER4d_R,R,513464,EPG,EPG(PB08)_R8,R,11
16343,ER4d,ER4d_R,R,513464,EPG,EPG(PB08)_R8,R,11
53618,ER3p_b,ER3p_b_L,L,19825,EPG,EPG(PB08)_R6,R,11
43683,ER3w_a,ER3w_a_R,R,19825,EPG,EPG(PB08)_R6,R,11
19807,ER2_c,ER2_c_L,L,19825,EPG,EPG(PB08)_R6,R,11
18508,ER2_c,ER2_c_L,L,19825,EPG,EPG(PB08)_R6,R,11
513678,ER3w_b,ER3w_b_R,R,11307,EPG,EPG(PB08)_L4,L,11
25203,ER3w_c,ER3w_c_L,L,11307,EPG,EPG(PB08)_L4,L,11
24549,ER3w_c,ER3w_c_L,L,11307,EPG,EPG(PB08)_L4,L,11
46262,ER3d_b,ER3d_b_L,L,11503,EPG,EPG(PB08)_R8,R,11
24122,ER4d,ER4d_R,R,11503,EPG,EPG(PB08)_R8,R,11
24076,ER4d,ER4d_R,R,11503,EPG,EPG(PB08)_R8,R,11
19791,ER4d,ER4d_L,L,11503,EPG,EPG(PB08)_R8,R,11
18377,ER3w_b,ER3w_b_L,L,11503,EPG,EPG(PB08)_R8,R,11
13094,ER4d,ER4d_R,R,11503,EPG,EPG(PB08)_R8,R,11
527297,ER5,ER5_R,R,84758,EPG,EPG(PB08)_L7,L,11
53618,ER3p_b,ER3p_b_L,L,84758,EPG,EPG(PB08)_L7,L,11
44830,ER3d_e,ER3d_e_R,R,84758,EPG,EPG(PB08)_L7,L,11
18377,ER3w_b,ER3w_b_L,L,84758,EPG,EPG(PB08)_L7,L,11
30206,ER5,ER5_R,R,520812,EPG,EPG(PB08)_R8,R,11
26295,ER3m,ER3m_R,R,520812,EPG,EPG(PB08)_R8,R,11
24122,ER4d,ER4d_R,R,520812,EPG,EPG(PB08)_R8,R,11
24076,ER4d,ER4d_R,R,520812,EPG,EPG(PB08)_R8,R,11
19323,ER4d,ER4d_R,R,520812,EPG,EPG(PB08)_R8,R,11
53618,ER3p_b,ER3p_b_L,L,513284,EPG,EPG(PB08)_R3,R,11
22461,ER4d,ER4d_R,R,513284,EPG,EPG(PB08)_R3,R,11
25841,ER3w_b,ER3w_b_L,L,556346,EPG,EPG(PB08)_L6,L,11
25501,ER3w_b,ER3w_b_L,L,556346,EPG,EPG(PB08)_L6,L,11
24549,ER3w_c,ER3w_c_L,L,556346,EPG,EPG(PB08)_L6,L,11
24122,ER4d,ER4d_R,R,556346,EPG,EPG(PB08)_L6,L,11
24076,ER4d,ER4d_R,R,556346,EPG,EPG(PB08)_L6,L,11
52832,ER3m,ER3m_R,R,523786,EPG,EPG(PB08)_R4,R,11
43683,ER3w_a,ER3w_a_R,R,523786,EPG,EPG(PB08)_R4,R,11
39503,ER3p_a,ER3p_a_L,L,523786,EPG,EPG(PB08)_R4,R,11
26136,ER2_b,ER2_b_R,R,523786,EPG,EPG(PB08)_R4,R,11
24122,ER4d,ER4d_R,R,523786,EPG,EPG(PB08)_R4,R,11
23874,ER4d,ER4d_R,R,523786,EPG,EPG(PB08)_R4,R,11
26136,ER2_b,ER2_b_R,R,11987,EPG,EPG(PB08)_R5,R,11
24549,ER3w_c,ER3w_c_L,L,11987,EPG,EPG(PB08)_R5,R,11
19791,ER4d,ER4d_L,L,11987,EPG,EPG(PB08)_R5,R,11
38306,ER3d_a,ER3d_a_L,L,513033,EPG,EPG(PB08)_L8,L,11
27269,ER3d_c,ER3d_c_L,L,513033,EPG,EPG(PB08)_L8,L,11
22461,ER4d,ER4d_R,R,513033,EPG,EPG(PB08)_L8,L,11
46341,ER3w_b,ER3w_b_L,L,19125,EPG,EPG(PB08)_R5,R,11
28701,ER3d_b,ER3d_b_R,R,19125,EPG,EPG(PB08)_R5,R,11
26843,ER3w_b,ER3w_b_R,R,19125,EPG,EPG(PB08)_R5,R,11
25841,ER3w_b,ER3w_b_L,L,19125,EPG,EPG(PB08)_R5,R,11
23874,ER4d,ER4d_R,R,19125,EPG,EPG(PB08)_R5,R,11
19323,ER4d,ER4d_R,R,19125,EPG,EPG(PB08)_R5,R,11
19807,ER2_c,ER2_c_L,L,131313,EPG,EPG(PB08)_R6,R,11
527653,ER4d,ER4d_L,L,513517,EPG,EPG(PB08)_L4,L,11
512606,ER3w_c,ER3w_c_L,L,513517,EPG,EPG(PB08)_L4,L,11
49869,ER3p_b,ER3p_b_R,R,513517,EPG,EPG(PB08)_L4,L,11
43683,ER3w_a,ER3w_a_R,R,513517,EPG,EPG(PB08)_L4,L,11
38084,ER3m,ER3m_L,L,513517,EPG,EPG(PB08)_L4,L,11
25203,ER3w_c,ER3w_c_L,L,513517,EPG,EPG(PB08)_L4,L,11
24459,ER4d,ER4d_L,L,513517,EPG,EPG(PB08)_L4,L,11
17591,ER4d,ER4d_R,R,513517,EPG,EPG(PB08)_L4,L,11
37758,ER3d_a,ER3d_a_R,R,556347,EPG,EPG(PB08)_R4,R,11
26136,ER2_b,ER2_b_R,R,556347,EPG,EPG(PB08)_R4,R,11
19323,ER4d,ER4d_R,R,556347,EPG,EPG(PB08)_R4,R,11
59337,ER3w_b,ER3w_b_L,L,521409,EPG,EPG(PB08)_L8,L,11
45134,ER3p_b,ER3p_b_L,L,521409,EPG,EPG(PB08)_L8,L,11
39798,ER5,ER5_L,L,521409,EPG,EPG(PB08)_L8,L,11
27770,ER3w_b,ER3w_b_R,R,521409,EPG,EPG(PB08)_L8,L,11
24549,ER3w_c,ER3w_c_L,L,521409,EPG,EPG(PB08)_L8,L,11
11933,ER2_c,ER2_c_R,R,521409,EPG,EPG(PB08)_L8,L,11
522806,ER3d_c,ER3d_c_R,R,513463,EPG,EPG(PB08)_R2,R,11
512606,ER3w_c,ER3w_c_L,L,513463,EPG,EPG(PB08)_R2,R,11
50007,ER3p_a,ER3p_a_L,L,513463,EPG,EPG(PB08)_R2,R,11
47036,ER3d_a,ER3d_a_R,R,513463,EPG,EPG(PB08)_R2,R,11
25841,ER3w_b,ER3w_b_L,L,513463,EPG,EPG(PB08)_R2,R,11
25501,ER3w_b,ER3w_b_L,L,513463,EPG,EPG(PB08)_R2,R,11
19791,ER4d,ER4d_L,L,513463,EPG,EPG(PB08)_R2,R,11
16343,ER4d,ER4d_R,R,513463,EPG,EPG(PB08)_R2,R,11
39503,ER3p_a,ER3p_a_L,L,520818,EPG,EPG(PB08)_L4,L,11
38306,ER3d_a,ER3d_a_L,L,520818,EPG,EPG(PB08)_L4,L,11
24879,ER4d,ER4d_L,L,520818,EPG,EPG(PB08)_L4,L,11
23080,ER4d,ER4d_R,R,520818,EPG,EPG(PB08)_L4,L,11
19569,ER2_c,ER2_c_R,R,520818,EPG,EPG(PB08)_L4,L,11
24122,ER4d,ER4d_R,R,12449,EPG,EPG(PB08)_L5,L,11
19807,ER2_c,ER2_c_L,L,12449,EPG,EPG(PB08)_L5,L,11
50694,ER3w_b,ER3w_b_L,L,10539,EPG,EPG(PB08)_R2,R,11
48291,ER3w_b,ER3w_b_L,L,10539,EPG,EPG(PB08)_R2,R,11
45134,ER3p_b,ER3p_b_L,L,10539,EPG,EPG(PB08)_R2,R,11
26843,ER3w_b,ER3w_b_R,R,10539,EPG,EPG(PB08)_R2,R,11
18377,ER3w_b,ER3w_b_L,L,10539,EPG,EPG(PB08)_R2,R,11
50007,ER3p_a,ER3p_a_L,L,14727,EPG,EPG(PB08)_L7,L,11
25203,ER3w_c,ER3w_c_L,L,14727,EPG,EPG(PB08)_L7,L,11
21664,ER3d_e,ER3d_e_R,R,14727,EPG,EPG(PB08)_L7,L,11
527150,ER3d_a,ER3d_a_L,L,519140,EPG,EPG(PB08)_L1,L,11
45134,ER3p_b,ER3p_b_L,L,519140,EPG,EPG(PB08)_L1,L,11
28701,ER3d_b,ER3d_b_R,R,519140,EPG,EPG(PB08)_L1,L,11
521534,ER5,ER5_L,L,15616,EPG,EPG(PB08)_R3,R,11
49869,ER3p_b,ER3p_b_R,R,15616,EPG,EPG(PB08)_R3,R,11
27269,ER3d_c,ER3d_c_L,L,15616,EPG,EPG(PB08)_R3,R,11
22001,ER5,ER5_L,L,15616,EPG,EPG(PB08)_R3,R,11
514180,ER3p_b,ER3p_b_R,R,16360,EPG,EPG(PB08)_L6,L,11
26295,ER3m,ER3m_R,R,16360,EPG,EPG(PB08)_L6,L,11
26136,ER2_b,ER2_b_R,R,16360,EPG,EPG(PB08)_L6,L,11
50694,ER3w_b,ER3w_b_L,L,515675,EPG,EPG(PB08)_R1,R,11
47036,ER3d_a,ER3d_a_R,R,515675,EPG,EPG(PB08)_R1,R,11
26673,ER3w_b,ER3w_b_L,L,515675,EPG,EPG(PB08)_R1,R,11
16343,ER4d,ER4d_R,R,515675,EPG,EPG(PB08)_R1,R,11
521535,ER5,ER5_L,L,514126,EPG,EPG(PB08)_R5,R,11
23197,ER4d,ER4d_L,L,514126,EPG,EPG(PB08)_R5,R,11
14284,ER5,ER5_R,R,514126,EPG,EPG(PB08)_R5,R,11
49378,ER3d_c,ER3d_c_R,R,513520,EPG,EPG(PB08)_R6,R,11
43683,ER3w_a,ER3w_a_R,R,513520,EPG,EPG(PB08)_R6,R,11
39798,ER5,ER5_L,L,513520,EPG,EPG(PB08)_R6,R,11
25501,ER3w_b,ER3w_b_L,L,513520,EPG,EPG(PB08)_R6,R,11
23197,ER4d,ER4d_L,L,513520,EPG,EPG(PB08)_R6,R,11
19323,ER4d,ER4d_R,R,513520,EPG,EPG(PB08)_R6,R,11
514180,ER3p_b,ER3p_b_R,R,11874,EPG,EPG(PB08)_L7,L,11
59337,ER3w_b,ER3w_b_L,L,11874,EPG,EPG(PB08)_L7,L,11
527653,ER4d,ER4d_L,L,512514,EPG,EPG(PB08)_L1,L,11
45134,ER3p_b,ER3p_b_L,L,512514,EPG,EPG(PB08)_L1,L,11
37758,ER3d_a,ER3d_a_R,R,512514,EPG,EPG(PB08)_L1,L,11
27269,ER3d_c,ER3d_c_L,L,512514,EPG,EPG(PB08)_L1,L,11
18508,ER2_c,ER2_c_L,L,512514,EPG,EPG(PB08)_L1,L,11
44010,ER3w_b,ER3w_b_L,L,88342,EPG,EPG(PB08)_L3,L,11
38084,ER3m,ER3m_L,L,88342,EPG,EPG(PB08)_L3,L,11
19169,ER3m,ER3m_L,L,88342,EPG,EPG(PB08)_L3,L,11
48291,ER3w_b,ER3w_b_L,L,15713,EPG,EPG(PB08)_L6,L,11
18508,ER2_c,ER2_c_L,L,15713,EPG,EPG(PB08)_L6,L,11
17591,ER4d,ER4d_R,R,15713,EPG,EPG(PB08)_L6,L,11
527653,ER4d,ER4d_L,L,520581,EPG,EPG(PB08)_R4,R,11
63782,ER3d_c,ER3d_c_L,L,520581,EPG,EPG(PB08)_R4,R,11
52832,ER3m,ER3m_R,R,520581,EPG,EPG(PB08)_R4,R,11
48291,ER3w_b,ER3w_b_L,L,520581,EPG,EPG(PB08)_R4,R,11
27269,ER3d_c,ER3d_c_L,L,520581,EPG,EPG(PB08)_R4,R,11
513678,ER3w_b,ER3w_b_R,R,13217,EPG,EPG(PB08)_L8,L,11
42264,ER3d_e,ER3d_e_R,R,13217,EPG,EPG(PB08)_L8,L,11
37817,ER3d_e,ER3d_e_R,R,13217,EPG,EPG(PB08)_L8,L,11
17419,ER6,ER6_R,R,13217,EPG,EPG(PB08)_L8,L,11
526552,ER3w_b,ER3w_b_R,R,92188,EPG,EPG(PB08)_R7,R,11
43683,ER3w_a,ER3w_a_R,R,92188,EPG,EPG(PB08)_R7,R,11
21449,ER2_c,ER2_c_R,R,92188,EPG,EPG(PB08)_R7,R,11
48291,ER3w_b,ER3w_b_L,L,521812,EPG,EPG(PB08)_R7,R,11
24459,ER4d,ER4d_L,L,521812,EPG,EPG(PB08)_R7,R,11
16440,ER4m,ER4m_L,L,521812,EPG,EPG(PB08)_R7,R,11
43683,ER3w_a,ER3w_a_R,R,521813,EPG,EPG(PB08)_L2,L,11
24879,ER4d,ER4d_L,L,521813,EPG,EPG(PB08)_L2,L,11
19791,ER4d,ER4d_L,L,521813,EPG,EPG(PB08)_L2,L,11
18508,ER2_c,ER2_c_L,L,521813,EPG,EPG(PB08)_L2,L,11
16343,ER4d,ER4d_R,R,521813,EPG,EPG(PB08)_L2,L,11
39503,ER3p_a,ER3p_a_L,L,512513,EPG,EPG(PB08)_R1,R,11
38084,ER3m,ER3m_L,L,512513,EPG,EPG(PB08)_R1,R,11
23874,ER4d,ER4d_R,R,512513,EPG,EPG(PB08)_R1,R,11
22001,ER5,ER5_L,L,512513,EPG,EPG(PB08)_R1,R,11
19323,ER4d,ER4d_R,R,512513,EPG,EPG(PB08)_R1,R,11
19169,ER3m,ER3m_L,L,512513,EPG,EPG(PB08)_R1,R,11
10043,ER5,ER5_L,L,512513,EPG,EPG(PB08)_R1,R,11
28701,ER3d_b,ER3d_b_R,R,519941,EPG,EPG(PB08)_L3,L,10
59337,ER3w_b,ER3w_b_L,L,11989,EPG,EPG(PB08)_L5,L,10
46262,ER3d_b,ER3d_b_L,L,11989,EPG,EPG(PB08)_L5,L,10
26843,ER3w_b,ER3w_b_R,R,11989,EPG,EPG(PB08)_L5,L,10
26673,ER3w_b,ER3w_b_L,L,11989,EPG,EPG(PB08)_L5,L,10
25203,ER3w_c,ER3w_c_L,L,11989,EPG,EPG(PB08)_L5,L,10
527199,ER3d_e,ER3d_e_L,L,107195,EPG,EPG(PB08)_L5,L,10
27269,ER3d_c,ER3d_c_L,L,107195,EPG,EPG(PB08)_L5,L,10
27013,ER3m,ER3m_L,L,107195,EPG,EPG(PB08)_L5,L,10
26136,ER2_b,ER2_b_R,R,107195,EPG,EPG(PB08)_L5,L,10
23874,ER4d,ER4d_R,R,107195,EPG,EPG(PB08)_L5,L,10
16343,ER4d,ER4d_R,R,107195,EPG,EPG(PB08)_L5,L,10
48291,ER3w_b,ER3w_b_L,L,519328,EPG,EPG(PB08)_L3,L,10
47036,ER3d_a,ER3d_a_R,R,519328,EPG,EPG(PB08)_L3,L,10
44830,ER3d_e,ER3d_e_R,R,519328,EPG,EPG(PB08)_L3,L,10
31684,ER3d_a,ER3d_a_R,R,519328,EPG,EPG(PB08)_L3,L,10
23874,ER4d,ER4d_R,R,519328,EPG,EPG(PB08)_L3,L,10
19169,ER3m,ER3m_L,L,519328,EPG,EPG(PB08)_L3,L,10
50694,ER3w_b,ER3w_b_L,L,512928,EPG,EPG(PB08)_R3,R,10
49869,ER3p_b,ER3p_b_R,R,512928,EPG,EPG(PB08)_R3,R,10
46262,ER3d_b,ER3d_b_L,L,512928,EPG,EPG(PB08)_R3,R,10
526552,ER3w_b,ER3w_b_R,R,14507,EPG,EPG(PB08)_R7,R,10
513678,ER3w_b,ER3w_b_R,R,14507,EPG,EPG(PB08)_R7,R,10
47036,ER3d_a,ER3d_a_R,R,14507,EPG,EPG(PB08)_R7,R,10
27770,ER3w_b,ER3w_b_R,R,14507,EPG,EPG(PB08)_R7,R,10
25709,ER2_c,ER2_c_L,L,14507,EPG,EPG(PB08)_R7,R,10
25203,ER3w_c,ER3w_c_L,L,14507,EPG,EPG(PB08)_R7,R,10
24549,ER3w_c,ER3w_c_L,L,14507,EPG,EPG(PB08)_R7,R,10
513678,ER3w_b,ER3w_b_R,R,524073,EPG,EPG(PB08)_L2,L,10
24459,ER4d,ER4d_L,L,524073,EPG,EPG(PB08)_L2,L,10
24076,ER4d,ER4d_R,R,524073,EPG,EPG(PB08)_L2,L,10
17591,ER4d,ER4d_R,R,524073,EPG,EPG(PB08)_L2,L,10
37758,ER3d_a,ER3d_a_R,R,519144,EPG,EPG(PB08)_L8,L,10
25501,ER3w_b,ER3w_b_L,L,519144,EPG,EPG(PB08)_L8,L,10
24879,ER4d,ER4d_L,L,519144,EPG,EPG(PB08)_L8,L,10
23874,ER4d,ER4d_R,R,519144,EPG,EPG(PB08)_L8,L,10
23080,ER4d,ER4d_R,R,519144,EPG,EPG(PB08)_L8,L,10
527653,ER4d,ER4d_L,L,512305,EPG,EPG(PB08)_R8,R,10
512319,ER6,ER6_L,L,512305,EPG,EPG(PB08)_R8,R,10
48291,ER3w_b,ER3w_b_L,L,512305,EPG,EPG(PB08)_R8,R,10
19323,ER4d,ER4d_R,R,512305,EPG,EPG(PB08)_R8,R,10
53618,ER3p_b,ER3p_b_L,L,513464,EPG,EPG(PB08)_R8,R,10
50694,ER3w_b,ER3w_b_L,L,513464,EPG,EPG(PB08)_R8,R,10
50007,ER3p_a,ER3p_a_L,L,513464,EPG,EPG(PB08)_R8,R,10
46262,ER3d_b,ER3d_b_L,L,513464,EPG,EPG(PB08)_R8,R,10
28701,ER3d_b,ER3d_b_R,R,19825,EPG,EPG(PB08)_R6,R,10
25203,ER3w_c,ER3w_c_L,L,19825,EPG,EPG(PB08)_R6,R,10
24879,ER4d,ER4d_L,L,19825,EPG,EPG(PB08)_R6,R,10
22461,ER4d,ER4d_R,R,19825,EPG,EPG(PB08)_R6,R,10
526552,ER3w_b,ER3w_b_R,R,11307,EPG,EPG(PB08)_L4,L,10
512606,ER3w_c,ER3w_c_L,L,11307,EPG,EPG(PB08)_L4,L,10
44010,ER3w_b,ER3w_b_L,L,11307,EPG,EPG(PB08)_L4,L,10
39503,ER3p_a,ER3p_a_L,L,11307,EPG,EPG(PB08)_L4,L,10
24879,ER4d,ER4d_L,L,11307,EPG,EPG(PB08)_L4,L,10
19569,ER2_c,ER2_c_R,R,11307,EPG,EPG(PB08)_L4,L,10
526552,ER3w_b,ER3w_b_R,R,11503,EPG,EPG(PB08)_R8,R,10
59337,ER3w_b,ER3w_b_L,L,11503,EPG,EPG(PB08)_R8,R,10
25841,ER3w_b,ER3w_b_L,L,11503,EPG,EPG(PB08)_R8,R,10
23080,ER4d,ER4d_R,R,11503,EPG,EPG(PB08)_R8,R,10
16343,ER4d,ER4d_R,R,11503,EPG,EPG(PB08)_R8,R,10
522806,ER3d_c,ER3d_c_R,R,84758,EPG,EPG(PB08)_L7,L,10
521528,ER5,ER5_L,L,84758,EPG,EPG(PB08)_L7,L,10
513678,ER3w_b,ER3w_b_R,R,84758,EPG,EPG(PB08)_L7,L,10
63782,ER3d_c,ER3d_c_L,L,84758,EPG,EPG(PB08)_L7,L,10
38084,ER3m,ER3m_L,L,84758,EPG,EPG(PB08)_L7,L,10
28701,ER3d_b,ER3d_b_R,R,84758,EPG,EPG(PB08)_L7,L,10
26939,ER3m,ER3m_R,R,84758,EPG,EPG(PB08)_L7,L,10
26843,ER3w_b,ER3w_b_R,R,84758,EPG,EPG(PB08)_L7,L,10
24549,ER3w_c,ER3w_c_L,L,84758,EPG,EPG(PB08)_L7,L,10
37817,ER3d_e,ER3d_e_R,R,520812,EPG,EPG(PB08)_R8,R,10
25841,ER3w_b,ER3w_b_L,L,520812,EPG,EPG(PB08)_R8,R,10
25501,ER3w_b,ER3w_b_L,L,520812,EPG,EPG(PB08)_R8,R,10
18377,ER3w_b,ER3w_b_L,L,520812,EPG,EPG(PB08)_R8,R,10
13985,ER4m,ER4m_L,L,520812,EPG,EPG(PB08)_R8,R,10
527199,ER3d_e,ER3d_e_L,L,513284,EPG,EPG(PB08)_R3,R,10
522759,ER3d_d,ER3d_d_L,L,513284,EPG,EPG(PB08)_R3,R,10
48291,ER3w_b,ER3w_b_L,L,513284,EPG,EPG(PB08)_R3,R,10
47036,ER3d_a,ER3d_a_R,R,513284,EPG,EPG(PB08)_R3,R,10
45134,ER3p_b,ER3p_b_L,L,513284,EPG,EPG(PB08)_R3,R,10
39798,ER5,ER5_L,L,513284,EPG,EPG(PB08)_R3,R,10
37758,ER3d_a,ER3d_a_R,R,513284,EPG,EPG(PB08)_R3,R,10
30178,ER3d_b,ER3d_b_R,R,513284,EPG,EPG(PB08)_R3,R,10
22001,ER5,ER5_L,L,513284,EPG,EPG(PB08)_R3,R,10
20026,ER5,ER5_L,L,513284,EPG,EPG(PB08)_R3,R,10
19791,ER4d,ER4d_L,L,513284,EPG,EPG(PB08)_R3,R,10
16343,ER4d,ER4d_R,R,513284,EPG,EPG(PB08)_R3,R,10
50694,ER3w_b,ER3w_b_L,L,556346,EPG,EPG(PB08)_L6,L,10
49869,ER3p_b,ER3p_b_R,R,556346,EPG,EPG(PB08)_L6,L,10
44010,ER3w_b,ER3w_b_L,L,556346,EPG,EPG(PB08)_L6,L,10
43683,ER3w_a,ER3w_a_R,R,556346,EPG,EPG(PB08)_L6,L,10
27348,ER3m,ER3m_L,L,556346,EPG,EPG(PB08)_L6,L,10
26673,ER3w_b,ER3w_b_L,L,556346,EPG,EPG(PB08)_L6,L,10
24459,ER4d,ER4d_L,L,556346,EPG,EPG(PB08)_L6,L,10
23874,ER4d,ER4d_R,R,556346,EPG,EPG(PB08)_L6,L,10
18377,ER3w_b,ER3w_b_L,L,556346,EPG,EPG(PB08)_L6,L,10
16343,ER4d,ER4d_R,R,556346,EPG,EPG(PB08)_L6,L,10
512319,ER6,ER6_L,L,523786,EPG,EPG(PB08)_R4,R,10
50694,ER3w_b,ER3w_b_L,L,523786,EPG,EPG(PB08)_R4,R,10
46341,ER3w_b,ER3w_b_L,L,523786,EPG,EPG(PB08)_R4,R,10
25501,ER3w_b,ER3w_b_L,L,523786,EPG,EPG(PB08)_R4,R,10
22001,ER5,ER5_L,L,523786,EPG,EPG(PB08)_R4,R,10
21449,ER2_c,ER2_c_R,R,523786,EPG,EPG(PB08)_R4,R,10
50694,ER3w_b,ER3w_b_L,L,11987,EPG,EPG(PB08)_R5,R,10
26673,ER3w_b,ER3w_b_L,L,11987,EPG,EPG(PB08)_R5,R,10
25203,ER3w_c,ER3w_c_L,L,11987,EPG,EPG(PB08)_R5,R,10
23197,ER4d,ER4d_L,L,11987,EPG,EPG(PB08)_R5,R,10
22461,ER4d,ER4d_R,R,11987,EPG,EPG(PB08)_R5,R,10
18377,ER3w_b,ER3w_b_L,L,11987,EPG,EPG(PB08)_R5,R,10
527150,ER3d_a,ER3d_a_L,L,513033,EPG,EPG(PB08)_L8,L,10
526552,ER3w_b,ER3w_b_R,R,513033,EPG,EPG(PB08)_L8,L,10
513678,ER3w_b,ER3w_b_R,R,513033,EPG,EPG(PB08)_L8,L,10
63782,ER3d_c,ER3d_c_L,L,513033,EPG,EPG(PB08)_L8,L,10
47036,ER3d_a,ER3d_a_R,R,513033,EPG,EPG(PB08)_L8,L,10
44010,ER3w_b,ER3w_b_L,L,513033,EPG,EPG(PB08)_L8,L,10
43683,ER3w_a,ER3w_a_R,R,513033,EPG,EPG(PB08)_L8,L,10
39798,ER5,ER5_L,L,513033,EPG,EPG(PB08)_L8,L,10
30206,ER5,ER5_R,R,513033,EPG,EPG(PB08)_L8,L,10
24879,ER4d,ER4d_L,L,513033,EPG,EPG(PB08)_L8,L,10
512608,ER3d_b,ER3d_b_R,R,19125,EPG,EPG(PB08)_R5,R,10
50694,ER3w_b,ER3w_b_L,L,19125,EPG,EPG(PB08)_R5,R,10
50007,ER3p_a,ER3p_a_L,L,19125,EPG,EPG(PB08)_R5,R,10
49869,ER3p_b,ER3p_b_R,R,19125,EPG,EPG(PB08)_R5,R,10
48291,ER3w_b,ER3w_b_L,L,19125,EPG,EPG(PB08)_R5,R,10
42264,ER3d_e,ER3d_e_R,R,19125,EPG,EPG(PB08)_R5,R,10
33589,ER3d_b,ER3d_b_L,L,19125,EPG,EPG(PB08)_R5,R,10
26136,ER2_b,ER2_b_R,R,19125,EPG,EPG(PB08)_R5,R,10
24076,ER4d,ER4d_R,R,19125,EPG,EPG(PB08)_R5,R,10
23197,ER4d,ER4d_L,L,19125,EPG,EPG(PB08)_R5,R,10
21449,ER2_c,ER2_c_R,R,19125,EPG,EPG(PB08)_R5,R,10
13094,ER4d,ER4d_R,R,19125,EPG,EPG(PB08)_R5,R,10
513678,ER3w_b,ER3w_b_R,R,131313,EPG,EPG(PB08)_R6,R,10
43683,ER3w_a,ER3w_a_R,R,131313,EPG,EPG(PB08)_R6,R,10
39503,ER3p_a,ER3p_a_L,L,131313,EPG,EPG(PB08)_R6,R,10
28701,ER3d_b,ER3d_b_R,R,131313,EPG,EPG(PB08)_R6,R,10
25709,ER2_c,ER2_c_L,L,131313,EPG,EPG(PB08)_R6,R,10
24459,ER4d,ER4d_L,L,131313,EPG,EPG(PB08)_R6,R,10
513678,ER3w_b,ER3w_b_R,R,513517,EPG,EPG(PB08)_L4,L,10
47186,ER3m,ER3m_R,R,513517,EPG,EPG(PB08)_L4,L,10
46341,ER3w_b,ER3w_b_L,L,513517,EPG,EPG(PB08)_L4,L,10
46262,ER3d_b,ER3d_b_L,L,513517,EPG,EPG(PB08)_L4,L,10
29177,ER3d_b,ER3d_b_R,R,513517,EPG,EPG(PB08)_L4,L,10
22461,ER4d,ER4d_R,R,513517,EPG,EPG(PB08)_L4,L,10
16343,ER4d,ER4d_R,R,513517,EPG,EPG(PB08)_L4,L,10
25709,ER2_c,ER2_c_L,L,556347,EPG,EPG(PB08)_R4,R,10
24549,ER3w_c,ER3w_c_L,L,556347,EPG,EPG(PB08)_R4,R,10
526552,ER3w_b,ER3w_b_R,R,521409,EPG,EPG(PB08)_L8,L,10
514180,ER3p_b,ER3p_b_R,R,521409,EPG,EPG(PB08)_L8,L,10
47186,ER3m,ER3m_R,R,521409,EPG,EPG(PB08)_L8,L,10
25501,ER3w_b,ER3w_b_L,L,521409,EPG,EPG(PB08)_L8,L,10
22461,ER4d,ER4d_R,R,521409,EPG,EPG(PB08)_L8,L,10
512319,ER6,ER6_L,L,513463,EPG,EPG(PB08)_R2,R,10
37437,ER3d_e,ER3d_e_L,L,513463,EPG,EPG(PB08)_R2,R,10
27013,ER3m,ER3m_L,L,513463,EPG,EPG(PB08)_R2,R,10
25203,ER3w_c,ER3w_c_L,L,513463,EPG,EPG(PB08)_R2,R,10
22644,ER3d_a,ER3d_a_R,R,513463,EPG,EPG(PB08)_R2,R,10
21664,ER3d_e,ER3d_e_R,R,513463,EPG,EPG(PB08)_R2,R,10
19169,ER3m,ER3m_L,L,513463,EPG,EPG(PB08)_R2,R,10
48291,ER3w_b,ER3w_b_L,L,520818,EPG,EPG(PB08)_L4,L,10
44010,ER3w_b,ER3w_b_L,L,520818,EPG,EPG(PB08)_L4,L,10
26843,ER3w_b,ER3w_b_R,R,520818,EPG,EPG(PB08)_L4,L,10
25501,ER3w_b,ER3w_b_L,L,520818,EPG,EPG(PB08)_L4,L,10
24549,ER3w_c,ER3w_c_L,L,520818,EPG,EPG(PB08)_L4,L,10
24122,ER4d,ER4d_R,R,520818,EPG,EPG(PB08)_L4,L,10
526552,ER3w_b,ER3w_b_R,R,12449,EPG,EPG(PB08)_L5,L,10
44010,ER3w_b,ER3w_b_L,L,12449,EPG,EPG(PB08)_L5,L,10
22461,ER4d,ER4d_R,R,12449,EPG,EPG(PB08)_L5,L,10
19791,ER4d,ER4d_L,L,12449,EPG,EPG(PB08)_L5,L,10
17591,ER4d,ER4d_R,R,12449,EPG,EPG(PB08)_L5,L,10
526552,ER3w_b,ER3w_b_R,R,10539,EPG,EPG(PB08)_R2,R,10
512608,ER3d_b,ER3d_b_R,R,10539,EPG,EPG(PB08)_R2,R,10
59337,ER3w_b,ER3w_b_L,L,10539,EPG,EPG(PB08)_R2,R,10
44814,ER3m,ER3m_L,L,10539,EPG,EPG(PB08)_R2,R,10
26939,ER3m,ER3m_R,R,10539,EPG,EPG(PB08)_R2,R,10
46262,ER3d_b,ER3d_b_L,L,14727,EPG,EPG(PB08)_L7,L,10
44422,ER3m,ER3m_L,L,14727,EPG,EPG(PB08)_L7,L,10
44010,ER3w_b,ER3w_b_L,L,14727,EPG,EPG(PB08)_L7,L,10
38084,ER3m,ER3m_L,L,14727,EPG,EPG(PB08)_L7,L,10
37817,ER3d_e,ER3d_e_R,R,14727,EPG,EPG(PB08)_L7,L,10
26843,ER3w_b,ER3w_b_R,R,14727,EPG,EPG(PB08)_L7,L,10
26939,ER3m,ER3m_R,R,14727,EPG,EPG(PB08)_L7,L,10
25494,ER3d_e,ER3d_e_L,L,14727,EPG,EPG(PB08)_L7,L,10
24459,ER4d,ER4d_L,L,14727,EPG,EPG(PB08)_L7,L,10
19791,ER4d,ER4d_L,L,14727,EPG,EPG(PB08)_L7,L,10
513379,ER5,ER5_R,R,519140,EPG,EPG(PB08)_L1,L,10
47186,ER3m,ER3m_R,R,519140,EPG,EPG(PB08)_L1,L,10
46262,ER3d_b,ER3d_b_L,L,519140,EPG,EPG(PB08)_L1,L,10
30178,ER3d_b,ER3d_b_R,R,519140,EPG,EPG(PB08)_L1,L,10
27454,ER3d_c,ER3d_c_R,R,519140,EPG,EPG(PB08)_L1,L,10
26295,ER3m,ER3m_R,R,519140,EPG,EPG(PB08)_L1,L,10
44909,ER5,ER5_L,L,15616,EPG,EPG(PB08)_R3,R,10
38306,ER3d_a,ER3d_a_L,L,15616,EPG,EPG(PB08)_R3,R,10
31684,ER3d_a,ER3d_a_R,R,15616,EPG,EPG(PB08)_R3,R,10
27348,ER3m,ER3m_L,L,15616,EPG,EPG(PB08)_R3,R,10
27013,ER3m,ER3m_L,L,15616,EPG,EPG(PB08)_R3,R,10
24459,ER4d,ER4d_L,L,15616,EPG,EPG(PB08)_R3,R,10
24122,ER4d,ER4d_R,R,15616,EPG,EPG(PB08)_R3,R,10
22644,ER3d_a,ER3d_a_R,R,15616,EPG,EPG(PB08)_R3,R,10
19569,ER2_c,ER2_c_R,R,15616,EPG,EPG(PB08)_R3,R,10
19169,ER3m,ER3m_L,L,15616,EPG,EPG(PB08)_R3,R,10
17078,ER5,ER5_R,R,15616,EPG,EPG(PB08)_R3,R,10
526552,ER3w_b,ER3w_b_R,R,16360,EPG,EPG(PB08)_L6,L,10
26939,ER3m,ER3m_R,R,16360,EPG,EPG(PB08)_L6,L,10
26673,ER3w_b,ER3w_b_L,L,16360,EPG,EPG(PB08)_L6,L,10
23874,ER4d,ER4d_R,R,16360,EPG,EPG(PB08)_L6,L,10
527653,ER4d,ER4d_L,L,515675,EPG,EPG(PB08)_R1,R,10
44422,ER3m,ER3m_L,L,515675,EPG,EPG(PB08)_R1,R,10
38084,ER3m,ER3m_L,L,515675,EPG,EPG(PB08)_R1,R,10
31684,ER3d_a,ER3d_a_R,R,515675,EPG,EPG(PB08)_R1,R,10
27269,ER3d_c,ER3d_c_L,L,515675,EPG,EPG(PB08)_R1,R,10
27013,ER3m,ER3m_L,L,515675,EPG,EPG(PB08)_R1,R,10
24879,ER4d,ER4d_L,L,515675,EPG,EPG(PB08)_R1,R,10
527199,ER3d_e,ER3d_e_L,L,514126,EPG,EPG(PB08)_R5,R,10
512608,ER3d_b,ER3d_b_R,R,514126,EPG,EPG(PB08)_R5,R,10
512606,ER3w_c,ER3w_c_L,L,514126,EPG,EPG(PB08)_R5,R,10
50694,ER3w_b,ER3w_b_L,L,514126,EPG,EPG(PB08)_R5,R,10
48291,ER3w_b,ER3w_b_L,L,514126,EPG,EPG(PB08)_R5,R,10
45134,ER3p_b,ER3p_b_L,L,514126,EPG,EPG(PB08)_R5,R,10
44909,ER5,ER5_L,L,514126,EPG,EPG(PB08)_R5,R,10
43683,ER3w_a,ER3w_a_R,R,514126,EPG,EPG(PB08)_R5,R,10
35641,ER3d_c,ER3d_c_L,L,514126,EPG,EPG(PB08)_R5,R,10
30206,ER5,ER5_R,R,514126,EPG,EPG(PB08)_R5,R,10
26136,ER2_b,ER2_b_R,R,514126,EPG,EPG(PB08)_R5,R,10
25841,ER3w_b,ER3w_b_L,L,514126,EPG,EPG(PB08)_R5,R,10
25494,ER3d_e,ER3d_e_L,L,514126,EPG,EPG(PB08)_R5,R,10
21449,ER2_c,ER2_c_R,R,514126,EPG,EPG(PB08)_R5,R,10
522806,ER3d_c,ER3d_c_R,R,513520,EPG,EPG(PB08)_R6,R,10
512606,ER3w_c,ER3w_c_L,L,513520,EPG,EPG(PB08)_R6,R,10
48291,ER3w_b,ER3w_b_L,L,513520,EPG,EPG(PB08)_R6,R,10
45134,ER3p_b,ER3p_b_L,L,513520,EPG,EPG(PB08)_R6,R,10
27348,ER3m,ER3m_L,L,513520,EPG,EPG(PB08)_R6,R,10
19569,ER2_c,ER2_c_R,R,513520,EPG,EPG(PB08)_R6,R,10
47186,ER3m,ER3m_R,R,11874,EPG,EPG(PB08)_L7,L,10
46262,ER3d_b,ER3d_b_L,L,11874,EPG,EPG(PB08)_L7,L,10
39798,ER5,ER5_L,L,11874,EPG,EPG(PB08)_L7,L,10
27770,ER3w_b,ER3w_b_R,R,11874,EPG,EPG(PB08)_L7,L,10
26939,ER3m,ER3m_R,R,11874,EPG,EPG(PB08)_L7,L,10
24879,ER4d,ER4d_L,L,11874,EPG,EPG(PB08)_L7,L,10
18377,ER3w_b,ER3w_b_L,L,11874,EPG,EPG(PB08)_L7,L,10
47036,ER3d_a,ER3d_a_R,R,512514,EPG,EPG(PB08)_L1,L,10
38306,ER3d_a,ER3d_a_L,L,512514,EPG,EPG(PB08)_L1,L,10
38084,ER3m,ER3m_L,L,512514,EPG,EPG(PB08)_L1,L,10
24076,ER4d,ER4d_R,R,512514,EPG,EPG(PB08)_L1,L,10
22644,ER3d_a,ER3d_a_R,R,512514,EPG,EPG(PB08)_L1,L,10
16343,ER4d,ER4d_R,R,512514,EPG,EPG(PB08)_L1,L,10
30206,ER5,ER5_R,R,88342,EPG,EPG(PB08)_L3,L,10
26939,ER3m,ER3m_R,R,88342,EPG,EPG(PB08)_L3,L,10
24879,ER4d,ER4d_L,L,88342,EPG,EPG(PB08)_L3,L,10
18508,ER2_c,ER2_c_L,L,88342,EPG,EPG(PB08)_L3,L,10
18377,ER3w_b,ER3w_b_L,L,88342,EPG,EPG(PB08)_L3,L,10
59337,ER3w_b,ER3w_b_L,L,15713,EPG,EPG(PB08)_L6,L,10
53618,ER3p_b,ER3p_b_L,L,15713,EPG,EPG(PB08)_L6,L,10
27013,ER3m,ER3m_L,L,15713,EPG,EPG(PB08)_L6,L,10
26673,ER3w_b,ER3w_b_L,L,15713,EPG,EPG(PB08)_L6,L,10
21449,ER2_c,ER2_c_R,R,15713,EPG,EPG(PB08)_L6,L,10
16343,ER4d,ER4d_R,R,15713,EPG,EPG(PB08)_L6,L,10
50694,ER3w_b,ER3w_b_L,L,520581,EPG,EPG(PB08)_R4,R,10
47036,ER3d_a,ER3d_a_R,R,520581,EPG,EPG(PB08)_R4,R,10
35641,ER3d_c,ER3d_c_L,L,520581,EPG,EPG(PB08)_R4,R,10
26843,ER3w_b,ER3w_b_R,R,520581,EPG,EPG(PB08)_R4,R,10
26295,ER3m,ER3m_R,R,520581,EPG,EPG(PB08)_R4,R,10
527653,ER4d,ER4d_L,L,13217,EPG,EPG(PB08)_L8,L,10
47859,ER3d_c,ER3d_c_R,R,13217,EPG,EPG(PB08)_L8,L,10
44830,ER3d_e,ER3d_e_R,R,13217,EPG,EPG(PB08)_L8,L,10
37437,ER3d_e,ER3d_e_L,L,13217,EPG,EPG(PB08)_L8,L,10
25841,ER3w_b,ER3w_b_L,L,13217,EPG,EPG(PB08)_L8,L,10
25203,ER3w_c,ER3w_c_L,L,13217,EPG,EPG(PB08)_L8,L,10
527653,ER4d,ER4d_L,L,92188,EPG,EPG(PB08)_R7,R,10
39503,ER3p_a,ER3p_a_L,L,92188,EPG,EPG(PB08)_R7,R,10
27269,ER3d_c,ER3d_c_L,L,92188,EPG,EPG(PB08)_R7,R,10
23197,ER4d,ER4d_L,L,92188,EPG,EPG(PB08)_R7,R,10
17591,ER4d,ER4d_R,R,521812,EPG,EPG(PB08)_R7,R,10
50007,ER3p_a,ER3p_a_L,L,521813,EPG,EPG(PB08)_L2,L,10
26673,ER3w_b,ER3w_b_L,L,521813,EPG,EPG(PB08)_L2,L,10
52832,ER3m,ER3m_R,R,512513,EPG,EPG(PB08)_R1,R,10
44814,ER3m,ER3m_L,L,512513,EPG,EPG(PB08)_R1,R,10
26939,ER3m,ER3m_R,R,512513,EPG,EPG(PB08)_R1,R,10
21664,ER3d_e,ER3d_e_R,R,512513,EPG,EPG(PB08)_R1,R,10
20026,ER5,ER5_L,L,512513,EPG,EPG(PB08)_R1,R,10
14284,ER5,ER5_R,R,512513,EPG,EPG(PB08)_R1,R,10
522806,ER3d_c,ER3d_c_R,R,519941,EPG,EPG(PB08)_L3,L,9
59337,ER3w_b,ER3w_b_L,L,519941,EPG,EPG(PB08)_L3,L,9
47186,ER3m,ER3m_R,R,519941,EPG,EPG(PB08)_L3,L,9
47036,ER3d_a,ER3d_a_R,R,519941,EPG,EPG(PB08)_L3,L,9
37817,ER3d_e,ER3d_e_R,R,519941,EPG,EPG(PB08)_L3,L,9
29046,ER3d_b,ER3d_b_R,R,519941,EPG,EPG(PB08)_L3,L,9
513379,ER5,ER5_R,R,11989,EPG,EPG(PB08)_L5,L,9
512606,ER3w_c,ER3w_c_L,L,11989,EPG,EPG(PB08)_L5,L,9
50694,ER3w_b,ER3w_b_L,L,11989,EPG,EPG(PB08)_L5,L,9
44010,ER3w_b,ER3w_b_L,L,11989,EPG,EPG(PB08)_L5,L,9
33589,ER3d_b,ER3d_b_L,L,11989,EPG,EPG(PB08)_L5,L,9
25494,ER3d_e,ER3d_e_L,L,11989,EPG,EPG(PB08)_L5,L,9
527150,ER3d_a,ER3d_a_L,L,107195,EPG,EPG(PB08)_L5,L,9
39503,ER3p_a,ER3p_a_L,L,107195,EPG,EPG(PB08)_L5,L,9
19791,ER4d,ER4d_L,L,107195,EPG,EPG(PB08)_L5,L,9
512606,ER3w_c,ER3w_c_L,L,519328,EPG,EPG(PB08)_L3,L,9
53618,ER3p_b,ER3p_b_L,L,519328,EPG,EPG(PB08)_L3,L,9
35641,ER3d_c,ER3d_c_L,L,519328,EPG,EPG(PB08)_L3,L,9
27770,ER3w_b,ER3w_b_R,R,519328,EPG,EPG(PB08)_L3,L,9
27348,ER3m,ER3m_L,L,519328,EPG,EPG(PB08)_L3,L,9
26136,ER2_b,ER2_b_R,R,519328,EPG,EPG(PB08)_L3,L,9
24879,ER4d,ER4d_L,L,519328,EPG,EPG(PB08)_L3,L,9
23197,ER4d,ER4d_L,L,519328,EPG,EPG(PB08)_L3,L,9
22461,ER4d,ER4d_R,R,519328,EPG,EPG(PB08)_L3,L,9
47186,ER3m,ER3m_R,R,512928,EPG,EPG(PB08)_R3,R,9
44010,ER3w_b,ER3w_b_L,L,512928,EPG,EPG(PB08)_R3,R,9
38084,ER3m,ER3m_L,L,512928,EPG,EPG(PB08)_R3,R,9
31684,ER3d_a,ER3d_a_R,R,512928,EPG,EPG(PB08)_R3,R,9
27013,ER3m,ER3m_L,L,512928,EPG,EPG(PB08)_R3,R,9
24076,ER4d,ER4d_R,R,512928,EPG,EPG(PB08)_R3,R,9
21664,ER3d_e,ER3d_e_R,R,512928,EPG,EPG(PB08)_R3,R,9
17561,ER3m,ER3m_R,R,512928,EPG,EPG(PB08)_R3,R,9
26136,ER2_b,ER2_b_R,R,14507,EPG,EPG(PB08)_R7,R,9
25501,ER3w_b,ER3w_b_L,L,14507,EPG,EPG(PB08)_R7,R,9
22461,ER4d,ER4d_R,R,14507,EPG,EPG(PB08)_R7,R,9
48956,ER3d_b,ER3d_b_R,R,524073,EPG,EPG(PB08)_L2,L,9
48291,ER3w_b,ER3w_b_L,L,524073,EPG,EPG(PB08)_L2,L,9
27770,ER3w_b,ER3w_b_R,R,524073,EPG,EPG(PB08)_L2,L,9
24549,ER3w_c,ER3w_c_L,L,524073,EPG,EPG(PB08)_L2,L,9
24122,ER4d,ER4d_R,R,524073,EPG,EPG(PB08)_L2,L,9
21664,ER3d_e,ER3d_e_R,R,524073,EPG,EPG(PB08)_L2,L,9
13094,ER4d,ER4d_R,R,524073,EPG,EPG(PB08)_L2,L,9
59337,ER3w_b,ER3w_b_L,L,519144,EPG,EPG(PB08)_L8,L,9
50007,ER3p_a,ER3p_a_L,L,519144,EPG,EPG(PB08)_L8,L,9
27770,ER3w_b,ER3w_b_R,R,519144,EPG,EPG(PB08)_L8,L,9
512606,ER3w_c,ER3w_c_L,L,512305,EPG,EPG(PB08)_R8,R,9
512608,ER3d_b,ER3d_b_R,R,512305,EPG,EPG(PB08)_R8,R,9
49869,ER3p_b,ER3p_b_R,R,512305,EPG,EPG(PB08)_R8,R,9
45134,ER3p_b,ER3p_b_L,L,512305,EPG,EPG(PB08)_R8,R,9
25203,ER3w_c,ER3w_c_L,L,512305,EPG,EPG(PB08)_R8,R,9
23080,ER4d,ER4d_R,R,512305,EPG,EPG(PB08)_R8,R,9
21664,ER3d_e,ER3d_e_R,R,512305,EPG,EPG(PB08)_R8,R,9
59337,ER3w_b,ER3w_b_L,L,513464,EPG,EPG(PB08)_R8,R,9
37437,ER3d_e,ER3d_e_L,L,513464,EPG,EPG(PB08)_R8,R,9
31684,ER3d_a,ER3d_a_R,R,513464,EPG,EPG(PB08)_R8,R,9
26136,ER2_b,ER2_b_R,R,513464,EPG,EPG(PB08)_R8,R,9
25494,ER3d_e,ER3d_e_L,L,513464,EPG,EPG(PB08)_R8,R,9
24076,ER4d,ER4d_R,R,513464,EPG,EPG(PB08)_R8,R,9
21664,ER3d_e,ER3d_e_R,R,513464,EPG,EPG(PB08)_R8,R,9
19323,ER4d,ER4d_R,R,513464,EPG,EPG(PB08)_R8,R,9
14308,ER4m,ER4m_L,L,513464,EPG,EPG(PB08)_R8,R,9
13094,ER4d,ER4d_R,R,513464,EPG,EPG(PB08)_R8,R,9
38084,ER3m,ER3m_L,L,19825,EPG,EPG(PB08)_R6,R,9
24459,ER4d,ER4d_L,L,19825,EPG,EPG(PB08)_R6,R,9
23080,ER4d,ER4d_R,R,19825,EPG,EPG(PB08)_R6,R,9
527653,ER4d,ER4d_L,L,11307,EPG,EPG(PB08)_L4,L,9
50007,ER3p_a,ER3p_a_L,L,11307,EPG,EPG(PB08)_L4,L,9
21449,ER2_c,ER2_c_R,R,11307,EPG,EPG(PB08)_L4,L,9
18377,ER3w_b,ER3w_b_L,L,11307,EPG,EPG(PB08)_L4,L,9
17419,ER6,ER6_R,R,11307,EPG,EPG(PB08)_L4,L,9
512606,ER3w_c,ER3w_c_L,L,11503,EPG,EPG(PB08)_R8,R,9
513379,ER5,ER5_R,R,84758,EPG,EPG(PB08)_L7,L,9
46262,ER3d_b,ER3d_b_L,L,84758,EPG,EPG(PB08)_L7,L,9
44010,ER3w_b,ER3w_b_L,L,84758,EPG,EPG(PB08)_L7,L,9
42264,ER3d_e,ER3d_e_R,R,84758,EPG,EPG(PB08)_L7,L,9
37817,ER3d_e,ER3d_e_R,R,84758,EPG,EPG(PB08)_L7,L,9
30206,ER5,ER5_R,R,84758,EPG,EPG(PB08)_L7,L,9
29177,ER3d_b,ER3d_b_R,R,84758,EPG,EPG(PB08)_L7,L,9
27269,ER3d_c,ER3d_c_L,L,84758,EPG,EPG(PB08)_L7,L,9
19323,ER4d,ER4d_R,R,84758,EPG,EPG(PB08)_L7,L,9
17171,ER5,ER5_R,R,84758,EPG,EPG(PB08)_L7,L,9
522806,ER3d_c,ER3d_c_R,R,513284,EPG,EPG(PB08)_R3,R,9
512608,ER3d_b,ER3d_b_R,R,513284,EPG,EPG(PB08)_R3,R,9
63782,ER3d_c,ER3d_c_L,L,513284,EPG,EPG(PB08)_R3,R,9
38306,ER3d_a,ER3d_a_L,L,513284,EPG,EPG(PB08)_R3,R,9
35641,ER3d_c,ER3d_c_L,L,513284,EPG,EPG(PB08)_R3,R,9
31263,ER3d_b,ER3d_b_R,R,513284,EPG,EPG(PB08)_R3,R,9
28701,ER3d_b,ER3d_b_R,R,513284,EPG,EPG(PB08)_R3,R,9
27454,ER3d_c,ER3d_c_R,R,513284,EPG,EPG(PB08)_R3,R,9
25494,ER3d_e,ER3d_e_L,L,513284,EPG,EPG(PB08)_R3,R,9
23874,ER4d,ER4d_R,R,513284,EPG,EPG(PB08)_R3,R,9
22644,ER3d_a,ER3d_a_R,R,513284,EPG,EPG(PB08)_R3,R,9
14963,ER5,ER5_L,L,513284,EPG,EPG(PB08)_R3,R,9
11605,ER5,ER5_R,R,513284,EPG,EPG(PB08)_R3,R,9
527653,ER4d,ER4d_L,L,556346,EPG,EPG(PB08)_L6,L,9
512606,ER3w_c,ER3w_c_L,L,556346,EPG,EPG(PB08)_L6,L,9
48291,ER3w_b,ER3w_b_L,L,556346,EPG,EPG(PB08)_L6,L,9
46341,ER3w_b,ER3w_b_L,L,556346,EPG,EPG(PB08)_L6,L,9
45134,ER3p_b,ER3p_b_L,L,556346,EPG,EPG(PB08)_L6,L,9
22461,ER4d,ER4d_R,R,556346,EPG,EPG(PB08)_L6,L,9
47186,ER3m,ER3m_R,R,523786,EPG,EPG(PB08)_R4,R,9
25203,ER3w_c,ER3w_c_L,L,523786,EPG,EPG(PB08)_R4,R,9
10043,ER5,ER5_L,L,523786,EPG,EPG(PB08)_R4,R,9
50007,ER3p_a,ER3p_a_L,L,11987,EPG,EPG(PB08)_R5,R,9
49378,ER3d_c,ER3d_c_R,R,11987,EPG,EPG(PB08)_R5,R,9
47186,ER3m,ER3m_R,R,11987,EPG,EPG(PB08)_R5,R,9
38306,ER3d_a,ER3d_a_L,L,11987,EPG,EPG(PB08)_R5,R,9
27454,ER3d_c,ER3d_c_R,R,11987,EPG,EPG(PB08)_R5,R,9
26843,ER3w_b,ER3w_b_R,R,11987,EPG,EPG(PB08)_R5,R,9
59337,ER3w_b,ER3w_b_L,L,513033,EPG,EPG(PB08)_L8,L,9
45134,ER3p_b,ER3p_b_L,L,513033,EPG,EPG(PB08)_L8,L,9
37758,ER3d_a,ER3d_a_R,R,513033,EPG,EPG(PB08)_L8,L,9
26673,ER3w_b,ER3w_b_L,L,513033,EPG,EPG(PB08)_L8,L,9
25841,ER3w_b,ER3w_b_L,L,513033,EPG,EPG(PB08)_L8,L,9
25494,ER3d_e,ER3d_e_L,L,513033,EPG,EPG(PB08)_L8,L,9
24122,ER4d,ER4d_R,R,513033,EPG,EPG(PB08)_L8,L,9
23197,ER4d,ER4d_L,L,513033,EPG,EPG(PB08)_L8,L,9
527653,ER4d,ER4d_L,L,19125,EPG,EPG(PB08)_R5,R,9
59337,ER3w_b,ER3w_b_L,L,19125,EPG,EPG(PB08)_R5,R,9
37437,ER3d_e,ER3d_e_L,L,19125,EPG,EPG(PB08)_R5,R,9
50694,ER3w_b,ER3w_b_L,L,131313,EPG,EPG(PB08)_R6,R,9
27770,ER3w_b,ER3w_b_R,R,131313,EPG,EPG(PB08)_R6,R,9
25841,ER3w_b,ER3w_b_L,L,131313,EPG,EPG(PB08)_R6,R,9
25501,ER3w_b,ER3w_b_L,L,131313,EPG,EPG(PB08)_R6,R,9
24122,ER4d,ER4d_R,R,131313,EPG,EPG(PB08)_R6,R,9
45134,ER3p_b,ER3p_b_L,L,513517,EPG,EPG(PB08)_L4,L,9
25501,ER3w_b,ER3w_b_L,L,513517,EPG,EPG(PB08)_L4,L,9
43683,ER3w_a,ER3w_a_R,R,556347,EPG,EPG(PB08)_R4,R,9
27770,ER3w_b,ER3w_b_R,R,556347,EPG,EPG(PB08)_R4,R,9
27013,ER3m,ER3m_L,L,556347,EPG,EPG(PB08)_R4,R,9
25494,ER3d_e,ER3d_e_L,L,556347,EPG,EPG(PB08)_R4,R,9
24879,ER4d,ER4d_L,L,556347,EPG,EPG(PB08)_R4,R,9
22461,ER4d,ER4d_R,R,556347,EPG,EPG(PB08)_R4,R,9
19169,ER3m,ER3m_L,L,556347,EPG,EPG(PB08)_R4,R,9
18508,ER2_c,ER2_c_L,L,556347,EPG,EPG(PB08)_R4,R,9
527199,ER3d_e,ER3d_e_L,L,521409,EPG,EPG(PB08)_L8,L,9
49869,ER3p_b,ER3p_b_R,R,521409,EPG,EPG(PB08)_L8,L,9
48291,ER3w_b,ER3w_b_L,L,521409,EPG,EPG(PB08)_L8,L,9
39503,ER3p_a,ER3p_a_L,L,521409,EPG,EPG(PB08)_L8,L,9
37817,ER3d_e,ER3d_e_R,R,521409,EPG,EPG(PB08)_L8,L,9
25709,ER2_c,ER2_c_L,L,521409,EPG,EPG(PB08)_L8,L,9
23197,ER4d,ER4d_L,L,521409,EPG,EPG(PB08)_L8,L,9
13094,ER4d,ER4d_R,R,521409,EPG,EPG(PB08)_L8,L,9
59337,ER3w_b,ER3w_b_L,L,513463,EPG,EPG(PB08)_R2,R,9
52832,ER3m,ER3m_R,R,513463,EPG,EPG(PB08)_R2,R,9
46341,ER3w_b,ER3w_b_L,L,513463,EPG,EPG(PB08)_R2,R,9
35641,ER3d_c,ER3d_c_L,L,513463,EPG,EPG(PB08)_R2,R,9
17561,ER3m,ER3m_R,R,513463,EPG,EPG(PB08)_R2,R,9
526552,ER3w_b,ER3w_b_R,R,520818,EPG,EPG(PB08)_L4,L,9
513678,ER3w_b,ER3w_b_R,R,520818,EPG,EPG(PB08)_L4,L,9
49378,ER3d_c,ER3d_c_R,R,520818,EPG,EPG(PB08)_L4,L,9
46341,ER3w_b,ER3w_b_L,L,520818,EPG,EPG(PB08)_L4,L,9
18377,ER3w_b,ER3w_b_L,L,520818,EPG,EPG(PB08)_L4,L,9
25841,ER3w_b,ER3w_b_L,L,12449,EPG,EPG(PB08)_L5,L,9
524068,ER3d_b,ER3d_b_L,L,10539,EPG,EPG(PB08)_R2,R,9
513379,ER5,ER5_R,R,10539,EPG,EPG(PB08)_R2,R,9
512606,ER3w_c,ER3w_c_L,L,10539,EPG,EPG(PB08)_R2,R,9
29177,ER3d_b,ER3d_b_R,R,10539,EPG,EPG(PB08)_R2,R,9
512606,ER3w_c,ER3w_c_L,L,14727,EPG,EPG(PB08)_L7,L,9
63782,ER3d_c,ER3d_c_L,L,14727,EPG,EPG(PB08)_L7,L,9
30206,ER5,ER5_R,R,14727,EPG,EPG(PB08)_L7,L,9
27770,ER3w_b,ER3w_b_R,R,14727,EPG,EPG(PB08)_L7,L,9
27348,ER3m,ER3m_L,L,14727,EPG,EPG(PB08)_L7,L,9
22644,ER3d_a,ER3d_a_R,R,14727,EPG,EPG(PB08)_L7,L,9
530339,ER3d_d,ER3d_d_L,L,519140,EPG,EPG(PB08)_L1,L,9
512608,ER3d_b,ER3d_b_R,R,519140,EPG,EPG(PB08)_L1,L,9
53618,ER3p_b,ER3p_b_L,L,519140,EPG,EPG(PB08)_L1,L,9
47036,ER3d_a,ER3d_a_R,R,519140,EPG,EPG(PB08)_L1,L,9
25494,ER3d_e,ER3d_e_L,L,519140,EPG,EPG(PB08)_L1,L,9
24879,ER4d,ER4d_L,L,519140,EPG,EPG(PB08)_L1,L,9
522806,ER3d_c,ER3d_c_R,R,15616,EPG,EPG(PB08)_R3,R,9
50007,ER3p_a,ER3p_a_L,L,15616,EPG,EPG(PB08)_R3,R,9
47859,ER3d_c,ER3d_c_R,R,15616,EPG,EPG(PB08)_R3,R,9
37758,ER3d_a,ER3d_a_R,R,15616,EPG,EPG(PB08)_R3,R,9
527653,ER4d,ER4d_L,L,16360,EPG,EPG(PB08)_L6,L,9
43683,ER3w_a,ER3w_a_R,R,16360,EPG,EPG(PB08)_L6,L,9
27348,ER3m,ER3m_L,L,16360,EPG,EPG(PB08)_L6,L,9
22461,ER4d,ER4d_R,R,16360,EPG,EPG(PB08)_L6,L,9
19791,ER4d,ER4d_L,L,16360,EPG,EPG(PB08)_L6,L,9
521528,ER5,ER5_L,L,515675,EPG,EPG(PB08)_R1,R,9
47859,ER3d_c,ER3d_c_R,R,515675,EPG,EPG(PB08)_R1,R,9
47186,ER3m,ER3m_R,R,515675,EPG,EPG(PB08)_R1,R,9
44814,ER3m,ER3m_L,L,515675,EPG,EPG(PB08)_R1,R,9
44010,ER3w_b,ER3w_b_L,L,515675,EPG,EPG(PB08)_R1,R,9
37817,ER3d_e,ER3d_e_R,R,515675,EPG,EPG(PB08)_R1,R,9
30178,ER3d_b,ER3d_b_R,R,515675,EPG,EPG(PB08)_R1,R,9
26939,ER3m,ER3m_R,R,515675,EPG,EPG(PB08)_R1,R,9
25501,ER3w_b,ER3w_b_L,L,515675,EPG,EPG(PB08)_R1,R,9
25494,ER3d_e,ER3d_e_L,L,515675,EPG,EPG(PB08)_R1,R,9
18377,ER3w_b,ER3w_b_L,L,515675,EPG,EPG(PB08)_R1,R,9
526552,ER3w_b,ER3w_b_R,R,514126,EPG,EPG(PB08)_R5,R,9
44010,ER3w_b,ER3w_b_L,L,514126,EPG,EPG(PB08)_R5,R,9
38084,ER3m,ER3m_L,L,514126,EPG,EPG(PB08)_R5,R,9
28701,ER3d_b,ER3d_b_R,R,514126,EPG,EPG(PB08)_R5,R,9
27013,ER3m,ER3m_L,L,514126,EPG,EPG(PB08)_R5,R,9
26843,ER3w_b,ER3w_b_R,R,514126,EPG,EPG(PB08)_R5,R,9
19072,ER5,ER5_R,R,514126,EPG,EPG(PB08)_R5,R,9
18377,ER3w_b,ER3w_b_L,L,514126,EPG,EPG(PB08)_R5,R,9
16343,ER4d,ER4d_R,R,514126,EPG,EPG(PB08)_R5,R,9
50694,ER3w_b,ER3w_b_L,L,513520,EPG,EPG(PB08)_R6,R,9
47186,ER3m,ER3m_R,R,513520,EPG,EPG(PB08)_R6,R,9
26673,ER3w_b,ER3w_b_L,L,513520,EPG,EPG(PB08)_R6,R,9
24122,ER4d,ER4d_R,R,513520,EPG,EPG(PB08)_R6,R,9
527199,ER3d_e,ER3d_e_L,L,11874,EPG,EPG(PB08)_L7,L,9
50694,ER3w_b,ER3w_b_L,L,11874,EPG,EPG(PB08)_L7,L,9
50007,ER3p_a,ER3p_a_L,L,11874,EPG,EPG(PB08)_L7,L,9
44830,ER3d_e,ER3d_e_R,R,11874,EPG,EPG(PB08)_L7,L,9
38084,ER3m,ER3m_L,L,11874,EPG,EPG(PB08)_L7,L,9
26295,ER3m,ER3m_R,R,11874,EPG,EPG(PB08)_L7,L,9
23197,ER4d,ER4d_L,L,11874,EPG,EPG(PB08)_L7,L,9
522806,ER3d_c,ER3d_c_R,R,512514,EPG,EPG(PB08)_L1,L,9
514180,ER3p_b,ER3p_b_R,R,512514,EPG,EPG(PB08)_L1,L,9
513379,ER5,ER5_R,R,512514,EPG,EPG(PB08)_L1,L,9
52832,ER3m,ER3m_R,R,512514,EPG,EPG(PB08)_L1,L,9
31684,ER3d_a,ER3d_a_R,R,512514,EPG,EPG(PB08)_L1,L,9
27013,ER3m,ER3m_L,L,512514,EPG,EPG(PB08)_L1,L,9
26843,ER3w_b,ER3w_b_R,R,512514,EPG,EPG(PB08)_L1,L,9
25494,ER3d_e,ER3d_e_L,L,512514,EPG,EPG(PB08)_L1,L,9
19323,ER4d,ER4d_R,R,512514,EPG,EPG(PB08)_L1,L,9
532637,ER3m,ER3m_R,R,88342,EPG,EPG(PB08)_L3,L,9
47859,ER3d_c,ER3d_c_R,R,88342,EPG,EPG(PB08)_L3,L,9
44814,ER3m,ER3m_L,L,88342,EPG,EPG(PB08)_L3,L,9
44422,ER3m,ER3m_L,L,88342,EPG,EPG(PB08)_L3,L,9
43683,ER3w_a,ER3w_a_R,R,88342,EPG,EPG(PB08)_L3,L,9
42264,ER3d_e,ER3d_e_R,R,88342,EPG,EPG(PB08)_L3,L,9
40558,ER3d_b,ER3d_b_L,L,88342,EPG,EPG(PB08)_L3,L,9
35641,ER3d_c,ER3d_c_L,L,88342,EPG,EPG(PB08)_L3,L,9
28701,ER3d_b,ER3d_b_R,R,88342,EPG,EPG(PB08)_L3,L,9
25203,ER3w_c,ER3w_c_L,L,88342,EPG,EPG(PB08)_L3,L,9
23197,ER4d,ER4d_L,L,88342,EPG,EPG(PB08)_L3,L,9
22461,ER4d,ER4d_R,R,88342,EPG,EPG(PB08)_L3,L,9
52832,ER3m,ER3m_R,R,15713,EPG,EPG(PB08)_L6,L,9
38084,ER3m,ER3m_L,L,15713,EPG,EPG(PB08)_L6,L,9
25501,ER3w_b,ER3w_b_L,L,15713,EPG,EPG(PB08)_L6,L,9
24122,ER4d,ER4d_R,R,15713,EPG,EPG(PB08)_L6,L,9
24076,ER4d,ER4d_R,R,15713,EPG,EPG(PB08)_L6,L,9
23080,ER4d,ER4d_R,R,15713,EPG,EPG(PB08)_L6,L,9
19169,ER3m,ER3m_L,L,15713,EPG,EPG(PB08)_L6,L,9
17561,ER3m,ER3m_R,R,15713,EPG,EPG(PB08)_L6,L,9
13094,ER4d,ER4d_R,R,15713,EPG,EPG(PB08)_L6,L,9
522806,ER3d_c,ER3d_c_R,R,520581,EPG,EPG(PB08)_R4,R,9
37758,ER3d_a,ER3d_a_R,R,520581,EPG,EPG(PB08)_R4,R,9
37437,ER3d_e,ER3d_e_L,L,520581,EPG,EPG(PB08)_R4,R,9
26939,ER3m,ER3m_R,R,520581,EPG,EPG(PB08)_R4,R,9
25494,ER3d_e,ER3d_e_L,L,520581,EPG,EPG(PB08)_R4,R,9
24549,ER3w_c,ER3w_c_L,L,520581,EPG,EPG(PB08)_R4,R,9
18377,ER3w_b,ER3w_b_L,L,520581,EPG,EPG(PB08)_R4,R,9
13094,ER4d,ER4d_R,R,520581,EPG,EPG(PB08)_R4,R,9
513379,ER5,ER5_R,R,13217,EPG,EPG(PB08)_L8,L,9
512606,ER3w_c,ER3w_c_L,L,13217,EPG,EPG(PB08)_L8,L,9
63782,ER3d_c,ER3d_c_L,L,13217,EPG,EPG(PB08)_L8,L,9
31684,ER3d_a,ER3d_a_R,R,13217,EPG,EPG(PB08)_L8,L,9
28701,ER3d_b,ER3d_b_R,R,13217,EPG,EPG(PB08)_L8,L,9
23197,ER4d,ER4d_L,L,13217,EPG,EPG(PB08)_L8,L,9
22461,ER4d,ER4d_R,R,13217,EPG,EPG(PB08)_L8,L,9
22001,ER5,ER5_L,L,13217,EPG,EPG(PB08)_L8,L,9
21664,ER3d_e,ER3d_e_R,R,13217,EPG,EPG(PB08)_L8,L,9
13094,ER4d,ER4d_R,R,13217,EPG,EPG(PB08)_L8,L,9
521528,ER5,ER5_L,L,92188,EPG,EPG(PB08)_R7,R,9
47859,ER3d_c,ER3d_c_R,R,92188,EPG,EPG(PB08)_R7,R,9
47036,ER3d_a,ER3d_a_R,R,92188,EPG,EPG(PB08)_R7,R,9
46262,ER3d_b,ER3d_b_L,L,92188,EPG,EPG(PB08)_R7,R,9
24879,ER4d,ER4d_L,L,92188,EPG,EPG(PB08)_R7,R,9
24459,ER4d,ER4d_L,L,92188,EPG,EPG(PB08)_R7,R,9
17561,ER3m,ER3m_R,R,92188,EPG,EPG(PB08)_R7,R,9
17078,ER5,ER5_R,R,92188,EPG,EPG(PB08)_R7,R,9
16343,ER4d,ER4d_R,R,92188,EPG,EPG(PB08)_R7,R,9
14963,ER5,ER5_L,L,92188,EPG,EPG(PB08)_R7,R,9
50007,ER3p_a,ER3p_a_L,L,521812,EPG,EPG(PB08)_R7,R,9
46341,ER3w_b,ER3w_b_L,L,521812,EPG,EPG(PB08)_R7,R,9
19169,ER3m,ER3m_L,L,521812,EPG,EPG(PB08)_R7,R,9
527653,ER4d,ER4d_L,L,521813,EPG,EPG(PB08)_L2,L,9
514180,ER3p_b,ER3p_b_R,R,521813,EPG,EPG(PB08)_L2,L,9
50694,ER3w_b,ER3w_b_L,L,521813,EPG,EPG(PB08)_L2,L,9
48291,ER3w_b,ER3w_b_L,L,521813,EPG,EPG(PB08)_L2,L,9
47036,ER3d_a,ER3d_a_R,R,521813,EPG,EPG(PB08)_L2,L,9
28701,ER3d_b,ER3d_b_R,R,521813,EPG,EPG(PB08)_L2,L,9
25501,ER3w_b,ER3w_b_L,L,521813,EPG,EPG(PB08)_L2,L,9
17591,ER4d,ER4d_R,R,521813,EPG,EPG(PB08)_L2,L,9
527150,ER3d_a,ER3d_a_L,L,512513,EPG,EPG(PB08)_R1,R,9
47036,ER3d_a,ER3d_a_R,R,512513,EPG,EPG(PB08)_R1,R,9
44422,ER3m,ER3m_L,L,512513,EPG,EPG(PB08)_R1,R,9
37817,ER3d_e,ER3d_e_R,R,512513,EPG,EPG(PB08)_R1,R,9
37758,ER3d_a,ER3d_a_R,R,512513,EPG,EPG(PB08)_R1,R,9
35641,ER3d_c,ER3d_c_L,L,512513,EPG,EPG(PB08)_R1,R,9
27013,ER3m,ER3m_L,L,512513,EPG,EPG(PB08)_R1,R,9
24459,ER4d,ER4d_L,L,512513,EPG,EPG(PB08)_R1,R,9
51382,ER3d_b,ER3d_b_L,L,519941,EPG,EPG(PB08)_L3,L,8
25841,ER3w_b,ER3w_b_L,L,519941,EPG,EPG(PB08)_L3,L,8
24879,ER4d,ER4d_L,L,519941,EPG,EPG(PB08)_L3,L,8
24076,ER4d,ER4d_R,R,519941,EPG,EPG(PB08)_L3,L,8
23874,ER4d,ER4d_R,R,519941,EPG,EPG(PB08)_L3,L,8
19323,ER4d,ER4d_R,R,519941,EPG,EPG(PB08)_L3,L,8
17561,ER3m,ER3m_R,R,519941,EPG,EPG(PB08)_L3,L,8
530339,ER3d_d,ER3d_d_L,L,11989,EPG,EPG(PB08)_L5,L,8
514180,ER3p_b,ER3p_b_R,R,11989,EPG,EPG(PB08)_L5,L,8
513678,ER3w_b,ER3w_b_R,R,11989,EPG,EPG(PB08)_L5,L,8
37758,ER3d_a,ER3d_a_R,R,11989,EPG,EPG(PB08)_L5,L,8
37437,ER3d_e,ER3d_e_L,L,11989,EPG,EPG(PB08)_L5,L,8
25709,ER2_c,ER2_c_L,L,11989,EPG,EPG(PB08)_L5,L,8
22644,ER3d_a,ER3d_a_R,R,11989,EPG,EPG(PB08)_L5,L,8
47859,ER3d_c,ER3d_c_R,R,107195,EPG,EPG(PB08)_L5,L,8
24549,ER3w_c,ER3w_c_L,L,107195,EPG,EPG(PB08)_L5,L,8
23080,ER4d,ER4d_R,R,107195,EPG,EPG(PB08)_L5,L,8
19807,ER2_c,ER2_c_L,L,107195,EPG,EPG(PB08)_L5,L,8
17561,ER3m,ER3m_R,R,107195,EPG,EPG(PB08)_L5,L,8
514180,ER3p_b,ER3p_b_R,R,519328,EPG,EPG(PB08)_L3,L,8
47186,ER3m,ER3m_R,R,519328,EPG,EPG(PB08)_L3,L,8
44814,ER3m,ER3m_L,L,519328,EPG,EPG(PB08)_L3,L,8
31263,ER3d_b,ER3d_b_R,R,519328,EPG,EPG(PB08)_L3,L,8
19323,ER4d,ER4d_R,R,519328,EPG,EPG(PB08)_L3,L,8
16343,ER4d,ER4d_R,R,519328,EPG,EPG(PB08)_L3,L,8
521534,ER5,ER5_L,L,512928,EPG,EPG(PB08)_R3,R,8
512608,ER3d_b,ER3d_b_R,R,512928,EPG,EPG(PB08)_R3,R,8
53618,ER3p_b,ER3p_b_L,L,512928,EPG,EPG(PB08)_R3,R,8
52832,ER3m,ER3m_R,R,512928,EPG,EPG(PB08)_R3,R,8
44814,ER3m,ER3m_L,L,512928,EPG,EPG(PB08)_R3,R,8
28701,ER3d_b,ER3d_b_R,R,512928,EPG,EPG(PB08)_R3,R,8
23197,ER4d,ER4d_L,L,512928,EPG,EPG(PB08)_R3,R,8
527653,ER4d,ER4d_L,L,14507,EPG,EPG(PB08)_R7,R,8
47859,ER3d_c,ER3d_c_R,R,14507,EPG,EPG(PB08)_R7,R,8
38306,ER3d_a,ER3d_a_L,L,14507,EPG,EPG(PB08)_R7,R,8
25841,ER3w_b,ER3w_b_L,L,14507,EPG,EPG(PB08)_R7,R,8
23874,ER4d,ER4d_R,R,14507,EPG,EPG(PB08)_R7,R,8
19791,ER4d,ER4d_L,L,14507,EPG,EPG(PB08)_R7,R,8
18377,ER3w_b,ER3w_b_L,L,14507,EPG,EPG(PB08)_R7,R,8
526552,ER3w_b,ER3w_b_R,R,524073,EPG,EPG(PB08)_L2,L,8
512608,ER3d_b,ER3d_b_R,R,524073,EPG,EPG(PB08)_L2,L,8
63782,ER3d_c,ER3d_c_L,L,524073,EPG,EPG(PB08)_L2,L,8
50694,ER3w_b,ER3w_b_L,L,524073,EPG,EPG(PB08)_L2,L,8
45134,ER3p_b,ER3p_b_L,L,524073,EPG,EPG(PB08)_L2,L,8
44830,ER3d_e,ER3d_e_R,R,524073,EPG,EPG(PB08)_L2,L,8
39503,ER3p_a,ER3p_a_L,L,524073,EPG,EPG(PB08)_L2,L,8
38084,ER3m,ER3m_L,L,524073,EPG,EPG(PB08)_L2,L,8
30592,ER3d_b,ER3d_b_R,R,524073,EPG,EPG(PB08)_L2,L,8
25841,ER3w_b,ER3w_b_L,L,524073,EPG,EPG(PB08)_L2,L,8
19791,ER4d,ER4d_L,L,524073,EPG,EPG(PB08)_L2,L,8
19323,ER4d,ER4d_R,R,524073,EPG,EPG(PB08)_L2,L,8
59337,ER3w_b,ER3w_b_L,L,512305,EPG,EPG(PB08)_R8,R,8
34038,ER3d_b,ER3d_b_L,L,512305,EPG,EPG(PB08)_R8,R,8
30592,ER3d_b,ER3d_b_R,R,512305,EPG,EPG(PB08)_R8,R,8
24122,ER4d,ER4d_R,R,512305,EPG,EPG(PB08)_R8,R,8
30206,ER5,ER5_R,R,513464,EPG,EPG(PB08)_R8,R,8
24459,ER4d,ER4d_L,L,513464,EPG,EPG(PB08)_R8,R,8
527653,ER4d,ER4d_L,L,19825,EPG,EPG(PB08)_R6,R,8
527150,ER3d_a,ER3d_a_L,L,19825,EPG,EPG(PB08)_R6,R,8
47186,ER3m,ER3m_R,R,19825,EPG,EPG(PB08)_R6,R,8
44814,ER3m,ER3m_L,L,19825,EPG,EPG(PB08)_R6,R,8
27013,ER3m,ER3m_L,L,19825,EPG,EPG(PB08)_R6,R,8
19791,ER4d,ER4d_L,L,19825,EPG,EPG(PB08)_R6,R,8
514180,ER3p_b,ER3p_b_R,R,11307,EPG,EPG(PB08)_L4,L,8
59337,ER3w_b,ER3w_b_L,L,11307,EPG,EPG(PB08)_L4,L,8
44830,ER3d_e,ER3d_e_R,R,11307,EPG,EPG(PB08)_L4,L,8
25501,ER3w_b,ER3w_b_L,L,11307,EPG,EPG(PB08)_L4,L,8
24076,ER4d,ER4d_R,R,11307,EPG,EPG(PB08)_L4,L,8
19791,ER4d,ER4d_L,L,11307,EPG,EPG(PB08)_L4,L,8
522806,ER3d_c,ER3d_c_R,R,11503,EPG,EPG(PB08)_R8,R,8
50694,ER3w_b,ER3w_b_L,L,11503,EPG,EPG(PB08)_R8,R,8
48291,ER3w_b,ER3w_b_L,L,11503,EPG,EPG(PB08)_R8,R,8
45134,ER3p_b,ER3p_b_L,L,11503,EPG,EPG(PB08)_R8,R,8
26843,ER3w_b,ER3w_b_R,R,11503,EPG,EPG(PB08)_R8,R,8
25501,ER3w_b,ER3w_b_L,L,11503,EPG,EPG(PB08)_R8,R,8
568502,ER5,ER5_R,R,84758,EPG,EPG(PB08)_L7,L,8
52832,ER3m,ER3m_R,R,84758,EPG,EPG(PB08)_L7,L,8
49378,ER3d_c,ER3d_c_R,R,84758,EPG,EPG(PB08)_L7,L,8
47036,ER3d_a,ER3d_a_R,R,84758,EPG,EPG(PB08)_L7,L,8
23080,ER4d,ER4d_R,R,84758,EPG,EPG(PB08)_L7,L,8
17561,ER3m,ER3m_R,R,84758,EPG,EPG(PB08)_L7,L,8
17078,ER5,ER5_R,R,84758,EPG,EPG(PB08)_L7,L,8
526552,ER3w_b,ER3w_b_R,R,520812,EPG,EPG(PB08)_R8,R,8
513678,ER3w_b,ER3w_b_R,R,520812,EPG,EPG(PB08)_R8,R,8
49869,ER3p_b,ER3p_b_R,R,520812,EPG,EPG(PB08)_R8,R,8
47186,ER3m,ER3m_R,R,520812,EPG,EPG(PB08)_R8,R,8
46341,ER3w_b,ER3w_b_L,L,520812,EPG,EPG(PB08)_R8,R,8
46262,ER3d_b,ER3d_b_L,L,520812,EPG,EPG(PB08)_R8,R,8
39798,ER5,ER5_L,L,520812,EPG,EPG(PB08)_R8,R,8
38306,ER3d_a,ER3d_a_L,L,520812,EPG,EPG(PB08)_R8,R,8
38084,ER3m,ER3m_L,L,520812,EPG,EPG(PB08)_R8,R,8
24549,ER3w_c,ER3w_c_L,L,520812,EPG,EPG(PB08)_R8,R,8
521534,ER5,ER5_L,L,513284,EPG,EPG(PB08)_R3,R,8
513379,ER5,ER5_R,R,513284,EPG,EPG(PB08)_R3,R,8
46262,ER3d_b,ER3d_b_L,L,513284,EPG,EPG(PB08)_R3,R,8
29177,ER3d_b,ER3d_b_R,R,513284,EPG,EPG(PB08)_R3,R,8
27770,ER3w_b,ER3w_b_R,R,513284,EPG,EPG(PB08)_R3,R,8
26939,ER3m,ER3m_R,R,513284,EPG,EPG(PB08)_R3,R,8
46262,ER3d_b,ER3d_b_L,L,556346,EPG,EPG(PB08)_L6,L,8
38084,ER3m,ER3m_L,L,556346,EPG,EPG(PB08)_L6,L,8
28701,ER3d_b,ER3d_b_R,R,556346,EPG,EPG(PB08)_L6,L,8
18633,ER5,ER5_L,L,556346,EPG,EPG(PB08)_L6,L,8
516944,ER5,ER5_L,L,523786,EPG,EPG(PB08)_R4,R,8
27013,ER3m,ER3m_L,L,523786,EPG,EPG(PB08)_R4,R,8
19169,ER3m,ER3m_L,L,523786,EPG,EPG(PB08)_R4,R,8
18377,ER3w_b,ER3w_b_L,L,523786,EPG,EPG(PB08)_R4,R,8
17561,ER3m,ER3m_R,R,523786,EPG,EPG(PB08)_R4,R,8
47859,ER3d_c,ER3d_c_R,R,11987,EPG,EPG(PB08)_R5,R,8
47036,ER3d_a,ER3d_a_R,R,11987,EPG,EPG(PB08)_R5,R,8
44010,ER3w_b,ER3w_b_L,L,11987,EPG,EPG(PB08)_R5,R,8
37758,ER3d_a,ER3d_a_R,R,11987,EPG,EPG(PB08)_R5,R,8
21664,ER3d_e,ER3d_e_R,R,11987,EPG,EPG(PB08)_R5,R,8
17591,ER4d,ER4d_R,R,11987,EPG,EPG(PB08)_R5,R,8
521528,ER5,ER5_L,L,513033,EPG,EPG(PB08)_L8,L,8
53618,ER3p_b,ER3p_b_L,L,513033,EPG,EPG(PB08)_L8,L,8
49869,ER3p_b,ER3p_b_R,R,513033,EPG,EPG(PB08)_L8,L,8
48291,ER3w_b,ER3w_b_L,L,513033,EPG,EPG(PB08)_L8,L,8
18377,ER3w_b,ER3w_b_L,L,513033,EPG,EPG(PB08)_L8,L,8
46262,ER3d_b,ER3d_b_L,L,19125,EPG,EPG(PB08)_R5,R,8
38306,ER3d_a,ER3d_a_L,L,19125,EPG,EPG(PB08)_R5,R,8
31263,ER3d_b,ER3d_b_R,R,19125,EPG,EPG(PB08)_R5,R,8
19807,ER2_c,ER2_c_L,L,19125,EPG,EPG(PB08)_R5,R,8
47186,ER3m,ER3m_R,R,131313,EPG,EPG(PB08)_R6,R,8
26843,ER3w_b,ER3w_b_R,R,131313,EPG,EPG(PB08)_R6,R,8
26673,ER3w_b,ER3w_b_L,L,131313,EPG,EPG(PB08)_R6,R,8
26136,ER2_b,ER2_b_R,R,131313,EPG,EPG(PB08)_R6,R,8
19323,ER4d,ER4d_R,R,131313,EPG,EPG(PB08)_R6,R,8
18377,ER3w_b,ER3w_b_L,L,131313,EPG,EPG(PB08)_R6,R,8
13094,ER4d,ER4d_R,R,131313,EPG,EPG(PB08)_R6,R,8
514180,ER3p_b,ER3p_b_R,R,513517,EPG,EPG(PB08)_L4,L,8
59337,ER3w_b,ER3w_b_L,L,513517,EPG,EPG(PB08)_L4,L,8
50694,ER3w_b,ER3w_b_L,L,513517,EPG,EPG(PB08)_L4,L,8
39503,ER3p_a,ER3p_a_L,L,513517,EPG,EPG(PB08)_L4,L,8
35641,ER3d_c,ER3d_c_L,L,513517,EPG,EPG(PB08)_L4,L,8
34038,ER3d_b,ER3d_b_L,L,513517,EPG,EPG(PB08)_L4,L,8
27454,ER3d_c,ER3d_c_R,R,513517,EPG,EPG(PB08)_L4,L,8
25494,ER3d_e,ER3d_e_L,L,513517,EPG,EPG(PB08)_L4,L,8
19072,ER5,ER5_R,R,513517,EPG,EPG(PB08)_L4,L,8
46262,ER3d_b,ER3d_b_L,L,556347,EPG,EPG(PB08)_R4,R,8
44814,ER3m,ER3m_L,L,556347,EPG,EPG(PB08)_R4,R,8
39503,ER3p_a,ER3p_a_L,L,556347,EPG,EPG(PB08)_R4,R,8
25203,ER3w_c,ER3w_c_L,L,556347,EPG,EPG(PB08)_R4,R,8
24122,ER4d,ER4d_R,R,556347,EPG,EPG(PB08)_R4,R,8
23197,ER4d,ER4d_L,L,556347,EPG,EPG(PB08)_R4,R,8
11933,ER2_c,ER2_c_R,R,556347,EPG,EPG(PB08)_R4,R,8
512606,ER3w_c,ER3w_c_L,L,521409,EPG,EPG(PB08)_L8,L,8
38084,ER3m,ER3m_L,L,521409,EPG,EPG(PB08)_L8,L,8
26843,ER3w_b,ER3w_b_R,R,521409,EPG,EPG(PB08)_L8,L,8
25494,ER3d_e,ER3d_e_L,L,521409,EPG,EPG(PB08)_L8,L,8
49378,ER3d_c,ER3d_c_R,R,513463,EPG,EPG(PB08)_R2,R,8
45134,ER3p_b,ER3p_b_L,L,513463,EPG,EPG(PB08)_R2,R,8
44830,ER3d_e,ER3d_e_R,R,513463,EPG,EPG(PB08)_R2,R,8
39503,ER3p_a,ER3p_a_L,L,513463,EPG,EPG(PB08)_R2,R,8
19072,ER5,ER5_R,R,513463,EPG,EPG(PB08)_R2,R,8
522806,ER3d_c,ER3d_c_R,R,520818,EPG,EPG(PB08)_L4,L,8
514180,ER3p_b,ER3p_b_R,R,520818,EPG,EPG(PB08)_L4,L,8
512606,ER3w_c,ER3w_c_L,L,520818,EPG,EPG(PB08)_L4,L,8
44830,ER3d_e,ER3d_e_R,R,520818,EPG,EPG(PB08)_L4,L,8
27770,ER3w_b,ER3w_b_R,R,520818,EPG,EPG(PB08)_L4,L,8
25841,ER3w_b,ER3w_b_L,L,520818,EPG,EPG(PB08)_L4,L,8
21664,ER3d_e,ER3d_e_R,R,520818,EPG,EPG(PB08)_L4,L,8
17591,ER4d,ER4d_R,R,520818,EPG,EPG(PB08)_L4,L,8
514180,ER3p_b,ER3p_b_R,R,12449,EPG,EPG(PB08)_L5,L,8
49869,ER3p_b,ER3p_b_R,R,12449,EPG,EPG(PB08)_L5,L,8
43683,ER3w_a,ER3w_a_R,R,12449,EPG,EPG(PB08)_L5,L,8
25203,ER3w_c,ER3w_c_L,L,12449,EPG,EPG(PB08)_L5,L,8
24879,ER4d,ER4d_L,L,12449,EPG,EPG(PB08)_L5,L,8
19323,ER4d,ER4d_R,R,12449,EPG,EPG(PB08)_L5,L,8
38306,ER3d_a,ER3d_a_L,L,10539,EPG,EPG(PB08)_R2,R,8
33589,ER3d_b,ER3d_b_L,L,10539,EPG,EPG(PB08)_R2,R,8
31263,ER3d_b,ER3d_b_R,R,10539,EPG,EPG(PB08)_R2,R,8
27269,ER3d_c,ER3d_c_L,L,10539,EPG,EPG(PB08)_R2,R,8
26673,ER3w_b,ER3w_b_L,L,10539,EPG,EPG(PB08)_R2,R,8
26295,ER3m,ER3m_R,R,10539,EPG,EPG(PB08)_R2,R,8
25841,ER3w_b,ER3w_b_L,L,10539,EPG,EPG(PB08)_R2,R,8
24549,ER3w_c,ER3w_c_L,L,10539,EPG,EPG(PB08)_R2,R,8
527199,ER3d_e,ER3d_e_L,L,14727,EPG,EPG(PB08)_L7,L,8
49378,ER3d_c,ER3d_c_R,R,14727,EPG,EPG(PB08)_L7,L,8
47036,ER3d_a,ER3d_a_R,R,14727,EPG,EPG(PB08)_L7,L,8
39503,ER3p_a,ER3p_a_L,L,14727,EPG,EPG(PB08)_L7,L,8
35641,ER3d_c,ER3d_c_L,L,14727,EPG,EPG(PB08)_L7,L,8
27269,ER3d_c,ER3d_c_L,L,14727,EPG,EPG(PB08)_L7,L,8
24076,ER4d,ER4d_R,R,14727,EPG,EPG(PB08)_L7,L,8
17591,ER4d,ER4d_R,R,14727,EPG,EPG(PB08)_L7,L,8
521528,ER5,ER5_L,L,519140,EPG,EPG(PB08)_L1,L,8
49869,ER3p_b,ER3p_b_R,R,519140,EPG,EPG(PB08)_L1,L,8
49378,ER3d_c,ER3d_c_R,R,519140,EPG,EPG(PB08)_L1,L,8
44909,ER5,ER5_L,L,519140,EPG,EPG(PB08)_L1,L,8
37437,ER3d_e,ER3d_e_L,L,519140,EPG,EPG(PB08)_L1,L,8
27269,ER3d_c,ER3d_c_L,L,519140,EPG,EPG(PB08)_L1,L,8
24076,ER4d,ER4d_R,R,519140,EPG,EPG(PB08)_L1,L,8
23874,ER4d,ER4d_R,R,519140,EPG,EPG(PB08)_L1,L,8
19791,ER4d,ER4d_L,L,519140,EPG,EPG(PB08)_L1,L,8
19169,ER3m,ER3m_L,L,519140,EPG,EPG(PB08)_L1,L,8
17591,ER4d,ER4d_R,R,519140,EPG,EPG(PB08)_L1,L,8
12059,ER5,ER5_R,R,519140,EPG,EPG(PB08)_L1,L,8
516944,ER5,ER5_L,L,15616,EPG,EPG(PB08)_R3,R,8
53618,ER3p_b,ER3p_b_L,L,15616,EPG,EPG(PB08)_R3,R,8
47036,ER3d_a,ER3d_a_R,R,15616,EPG,EPG(PB08)_R3,R,8
42264,ER3d_e,ER3d_e_R,R,15616,EPG,EPG(PB08)_R3,R,8
39798,ER5,ER5_L,L,15616,EPG,EPG(PB08)_R3,R,8
27246,ER3d_d,ER3d_d_R,R,15616,EPG,EPG(PB08)_R3,R,8
24879,ER4d,ER4d_L,L,15616,EPG,EPG(PB08)_R3,R,8
13094,ER4d,ER4d_R,R,15616,EPG,EPG(PB08)_R3,R,8
59337,ER3w_b,ER3w_b_L,L,16360,EPG,EPG(PB08)_L6,L,8
31684,ER3d_a,ER3d_a_R,R,16360,EPG,EPG(PB08)_L6,L,8
24879,ER4d,ER4d_L,L,16360,EPG,EPG(PB08)_L6,L,8
23080,ER4d,ER4d_R,R,16360,EPG,EPG(PB08)_L6,L,8
21449,ER2_c,ER2_c_R,R,16360,EPG,EPG(PB08)_L6,L,8
11933,ER2_c,ER2_c_R,R,16360,EPG,EPG(PB08)_L6,L,8
513379,ER5,ER5_R,R,515675,EPG,EPG(PB08)_R1,R,8
512608,ER3d_b,ER3d_b_R,R,515675,EPG,EPG(PB08)_R1,R,8
48956,ER3d_b,ER3d_b_R,R,515675,EPG,EPG(PB08)_R1,R,8
35641,ER3d_c,ER3d_c_L,L,515675,EPG,EPG(PB08)_R1,R,8
27348,ER3m,ER3m_L,L,515675,EPG,EPG(PB08)_R1,R,8
22644,ER3d_a,ER3d_a_R,R,515675,EPG,EPG(PB08)_R1,R,8
21664,ER3d_e,ER3d_e_R,R,515675,EPG,EPG(PB08)_R1,R,8
568502,ER5,ER5_R,R,514126,EPG,EPG(PB08)_R5,R,8
63782,ER3d_c,ER3d_c_L,L,514126,EPG,EPG(PB08)_R5,R,8
49869,ER3p_b,ER3p_b_R,R,514126,EPG,EPG(PB08)_R5,R,8
39503,ER3p_a,ER3p_a_L,L,514126,EPG,EPG(PB08)_R5,R,8
37437,ER3d_e,ER3d_e_L,L,514126,EPG,EPG(PB08)_R5,R,8
30178,ER3d_b,ER3d_b_R,R,514126,EPG,EPG(PB08)_R5,R,8
27770,ER3w_b,ER3w_b_R,R,514126,EPG,EPG(PB08)_R5,R,8
19323,ER4d,ER4d_R,R,514126,EPG,EPG(PB08)_R5,R,8
17591,ER4d,ER4d_R,R,514126,EPG,EPG(PB08)_R5,R,8
17078,ER5,ER5_R,R,514126,EPG,EPG(PB08)_R5,R,8
568502,ER5,ER5_R,R,513520,EPG,EPG(PB08)_R6,R,8
527653,ER4d,ER4d_L,L,513520,EPG,EPG(PB08)_R6,R,8
512608,ER3d_b,ER3d_b_R,R,513520,EPG,EPG(PB08)_R6,R,8
23874,ER4d,ER4d_R,R,513520,EPG,EPG(PB08)_R6,R,8
19791,ER4d,ER4d_L,L,513520,EPG,EPG(PB08)_R6,R,8
37758,ER3d_a,ER3d_a_R,R,11874,EPG,EPG(PB08)_L7,L,8
30206,ER5,ER5_R,R,11874,EPG,EPG(PB08)_L7,L,8
27454,ER3d_c,ER3d_c_R,R,512514,EPG,EPG(PB08)_L1,L,8
23197,ER4d,ER4d_L,L,512514,EPG,EPG(PB08)_L1,L,8
22001,ER5,ER5_L,L,512514,EPG,EPG(PB08)_L1,L,8
21664,ER3d_e,ER3d_e_R,R,512514,EPG,EPG(PB08)_L1,L,8
17591,ER4d,ER4d_R,R,512514,EPG,EPG(PB08)_L1,L,8
527653,ER4d,ER4d_L,L,88342,EPG,EPG(PB08)_L3,L,8
527297,ER5,ER5_R,R,88342,EPG,EPG(PB08)_L3,L,8
63782,ER3d_c,ER3d_c_L,L,88342,EPG,EPG(PB08)_L3,L,8
45134,ER3p_b,ER3p_b_L,L,88342,EPG,EPG(PB08)_L3,L,8
31684,ER3d_a,ER3d_a_R,R,88342,EPG,EPG(PB08)_L3,L,8
24549,ER3w_c,ER3w_c_L,L,88342,EPG,EPG(PB08)_L3,L,8
24122,ER4d,ER4d_R,R,88342,EPG,EPG(PB08)_L3,L,8
19072,ER5,ER5_R,R,88342,EPG,EPG(PB08)_L3,L,8
526552,ER3w_b,ER3w_b_R,R,15713,EPG,EPG(PB08)_L6,L,8
513678,ER3w_b,ER3w_b_R,R,15713,EPG,EPG(PB08)_L6,L,8
47186,ER3m,ER3m_R,R,15713,EPG,EPG(PB08)_L6,L,8
28701,ER3d_b,ER3d_b_R,R,15713,EPG,EPG(PB08)_L6,L,8
26295,ER3m,ER3m_R,R,15713,EPG,EPG(PB08)_L6,L,8
18377,ER3w_b,ER3w_b_L,L,15713,EPG,EPG(PB08)_L6,L,8
527199,ER3d_e,ER3d_e_L,L,520581,EPG,EPG(PB08)_R4,R,8
514180,ER3p_b,ER3p_b_R,R,520581,EPG,EPG(PB08)_R4,R,8
44814,ER3m,ER3m_L,L,520581,EPG,EPG(PB08)_R4,R,8
38306,ER3d_a,ER3d_a_L,L,520581,EPG,EPG(PB08)_R4,R,8
27348,ER3m,ER3m_L,L,520581,EPG,EPG(PB08)_R4,R,8
26136,ER2_b,ER2_b_R,R,520581,EPG,EPG(PB08)_R4,R,8
22644,ER3d_a,ER3d_a_R,R,520581,EPG,EPG(PB08)_R4,R,8
21664,ER3d_e,ER3d_e_R,R,520581,EPG,EPG(PB08)_R4,R,8
19169,ER3m,ER3m_L,L,520581,EPG,EPG(PB08)_R4,R,8
50694,ER3w_b,ER3w_b_L,L,13217,EPG,EPG(PB08)_L8,L,8
47036,ER3d_a,ER3d_a_R,R,13217,EPG,EPG(PB08)_L8,L,8
45134,ER3p_b,ER3p_b_L,L,13217,EPG,EPG(PB08)_L8,L,8
44909,ER5,ER5_L,L,13217,EPG,EPG(PB08)_L8,L,8
26843,ER3w_b,ER3w_b_R,R,13217,EPG,EPG(PB08)_L8,L,8
26939,ER3m,ER3m_R,R,13217,EPG,EPG(PB08)_L8,L,8
26673,ER3w_b,ER3w_b_L,L,13217,EPG,EPG(PB08)_L8,L,8
19169,ER3m,ER3m_L,L,13217,EPG,EPG(PB08)_L8,L,8
522806,ER3d_c,ER3d_c_R,R,92188,EPG,EPG(PB08)_R7,R,8
63782,ER3d_c,ER3d_c_L,L,92188,EPG,EPG(PB08)_R7,R,8
47186,ER3m,ER3m_R,R,92188,EPG,EPG(PB08)_R7,R,8
18377,ER3w_b,ER3w_b_L,L,92188,EPG,EPG(PB08)_R7,R,8
13094,ER4d,ER4d_R,R,92188,EPG,EPG(PB08)_R7,R,8
527653,ER4d,ER4d_L,L,521812,EPG,EPG(PB08)_R7,R,8
527150,ER3d_a,ER3d_a_L,L,521812,EPG,EPG(PB08)_R7,R,8
50694,ER3w_b,ER3w_b_L,L,521812,EPG,EPG(PB08)_R7,R,8
49869,ER3p_b,ER3p_b_R,R,521812,EPG,EPG(PB08)_R7,R,8
38084,ER3m,ER3m_L,L,521812,EPG,EPG(PB08)_R7,R,8
27269,ER3d_c,ER3d_c_L,L,521812,EPG,EPG(PB08)_R7,R,8
26843,ER3w_b,ER3w_b_R,R,521812,EPG,EPG(PB08)_R7,R,8
25841,ER3w_b,ER3w_b_L,L,521812,EPG,EPG(PB08)_R7,R,8
24549,ER3w_c,ER3w_c_L,L,521812,EPG,EPG(PB08)_R7,R,8
23080,ER4d,ER4d_R,R,521812,EPG,EPG(PB08)_R7,R,8
513678,ER3w_b,ER3w_b_R,R,521813,EPG,EPG(PB08)_L2,L,8
47859,ER3d_c,ER3d_c_R,R,521813,EPG,EPG(PB08)_L2,L,8
45134,ER3p_b,ER3p_b_L,L,521813,EPG,EPG(PB08)_L2,L,8
24076,ER4d,ER4d_R,R,521813,EPG,EPG(PB08)_L2,L,8
23874,ER4d,ER4d_R,R,521813,EPG,EPG(PB08)_L2,L,8
47859,ER3d_c,ER3d_c_R,R,512513,EPG,EPG(PB08)_R1,R,8
45134,ER3p_b,ER3p_b_L,L,512513,EPG,EPG(PB08)_R1,R,8
44909,ER5,ER5_L,L,512513,EPG,EPG(PB08)_R1,R,8
44830,ER3d_e,ER3d_e_R,R,512513,EPG,EPG(PB08)_R1,R,8
30178,ER3d_b,ER3d_b_R,R,512513,EPG,EPG(PB08)_R1,R,8
27454,ER3d_c,ER3d_c_R,R,512513,EPG,EPG(PB08)_R1,R,8
26295,ER3m,ER3m_R,R,512513,EPG,EPG(PB08)_R1,R,8
24076,ER4d,ER4d_R,R,512513,EPG,EPG(PB08)_R1,R,8
527653,ER4d,ER4d_L,L,519941,EPG,EPG(PB08)_L3,L,7
52832,ER3m,ER3m_R,R,519941,EPG,EPG(PB08)_L3,L,7
46262,ER3d_b,ER3d_b_L,L,519941,EPG,EPG(PB08)_L3,L,7
38084,ER3m,ER3m_L,L,519941,EPG,EPG(PB08)_L3,L,7
30178,ER3d_b,ER3d_b_R,R,519941,EPG,EPG(PB08)_L3,L,7
24459,ER4d,ER4d_L,L,519941,EPG,EPG(PB08)_L3,L,7
16343,ER4d,ER4d_R,R,519941,EPG,EPG(PB08)_L3,L,7
527150,ER3d_a,ER3d_a_L,L,11989,EPG,EPG(PB08)_L5,L,7
522806,ER3d_c,ER3d_c_R,R,11989,EPG,EPG(PB08)_L5,L,7
521534,ER5,ER5_L,L,11989,EPG,EPG(PB08)_L5,L,7
49869,ER3p_b,ER3p_b_R,R,11989,EPG,EPG(PB08)_L5,L,7
48291,ER3w_b,ER3w_b_L,L,11989,EPG,EPG(PB08)_L5,L,7
43683,ER3w_a,ER3w_a_R,R,11989,EPG,EPG(PB08)_L5,L,7
40558,ER3d_b,ER3d_b_L,L,11989,EPG,EPG(PB08)_L5,L,7
30592,ER3d_b,ER3d_b_R,R,11989,EPG,EPG(PB08)_L5,L,7
28701,ER3d_b,ER3d_b_R,R,11989,EPG,EPG(PB08)_L5,L,7
21664,ER3d_e,ER3d_e_R,R,11989,EPG,EPG(PB08)_L5,L,7
14963,ER5,ER5_L,L,11989,EPG,EPG(PB08)_L5,L,7
47036,ER3d_a,ER3d_a_R,R,107195,EPG,EPG(PB08)_L5,L,7
44830,ER3d_e,ER3d_e_R,R,107195,EPG,EPG(PB08)_L5,L,7
37758,ER3d_a,ER3d_a_R,R,107195,EPG,EPG(PB08)_L5,L,7
37437,ER3d_e,ER3d_e_L,L,107195,EPG,EPG(PB08)_L5,L,7
35641,ER3d_c,ER3d_c_L,L,107195,EPG,EPG(PB08)_L5,L,7
26939,ER3m,ER3m_R,R,107195,EPG,EPG(PB08)_L5,L,7
21664,ER3d_e,ER3d_e_R,R,107195,EPG,EPG(PB08)_L5,L,7
19169,ER3m,ER3m_L,L,107195,EPG,EPG(PB08)_L5,L,7
17078,ER5,ER5_R,R,107195,EPG,EPG(PB08)_L5,L,7
63782,ER3d_c,ER3d_c_L,L,519328,EPG,EPG(PB08)_L3,L,7
46262,ER3d_b,ER3d_b_L,L,519328,EPG,EPG(PB08)_L3,L,7
38306,ER3d_a,ER3d_a_L,L,519328,EPG,EPG(PB08)_L3,L,7
37758,ER3d_a,ER3d_a_R,R,519328,EPG,EPG(PB08)_L3,L,7
37437,ER3d_e,ER3d_e_L,L,519328,EPG,EPG(PB08)_L3,L,7
28701,ER3d_b,ER3d_b_R,R,519328,EPG,EPG(PB08)_L3,L,7
27269,ER3d_c,ER3d_c_L,L,519328,EPG,EPG(PB08)_L3,L,7
23080,ER4d,ER4d_R,R,519328,EPG,EPG(PB08)_L3,L,7
17561,ER3m,ER3m_R,R,519328,EPG,EPG(PB08)_L3,L,7
37817,ER3d_e,ER3d_e_R,R,512928,EPG,EPG(PB08)_R3,R,7
30206,ER5,ER5_R,R,512928,EPG,EPG(PB08)_R3,R,7
49378,ER3d_c,ER3d_c_R,R,14507,EPG,EPG(PB08)_R7,R,7
46262,ER3d_b,ER3d_b_L,L,14507,EPG,EPG(PB08)_R7,R,7
43683,ER3w_a,ER3w_a_R,R,14507,EPG,EPG(PB08)_R7,R,7
27269,ER3d_c,ER3d_c_L,L,14507,EPG,EPG(PB08)_R7,R,7
530339,ER3d_d,ER3d_d_L,L,524073,EPG,EPG(PB08)_L2,L,7
527150,ER3d_a,ER3d_a_L,L,524073,EPG,EPG(PB08)_L2,L,7
522806,ER3d_c,ER3d_c_R,R,524073,EPG,EPG(PB08)_L2,L,7
53618,ER3p_b,ER3p_b_L,L,524073,EPG,EPG(PB08)_L2,L,7
44814,ER3m,ER3m_L,L,524073,EPG,EPG(PB08)_L2,L,7
44127,ER3d_d,ER3d_d_R,R,524073,EPG,EPG(PB08)_L2,L,7
38306,ER3d_a,ER3d_a_L,L,524073,EPG,EPG(PB08)_L2,L,7
37437,ER3d_e,ER3d_e_L,L,524073,EPG,EPG(PB08)_L2,L,7
28701,ER3d_b,ER3d_b_R,R,524073,EPG,EPG(PB08)_L2,L,7
22001,ER5,ER5_L,L,524073,EPG,EPG(PB08)_L2,L,7
18377,ER3w_b,ER3w_b_L,L,524073,EPG,EPG(PB08)_L2,L,7
16343,ER4d,ER4d_R,R,524073,EPG,EPG(PB08)_L2,L,7
526552,ER3w_b,ER3w_b_R,R,519144,EPG,EPG(PB08)_L8,L,7
35641,ER3d_c,ER3d_c_L,L,519144,EPG,EPG(PB08)_L8,L,7
21664,ER3d_e,ER3d_e_R,R,519144,EPG,EPG(PB08)_L8,L,7
527199,ER3d_e,ER3d_e_L,L,512305,EPG,EPG(PB08)_R8,R,7
53618,ER3p_b,ER3p_b_L,L,512305,EPG,EPG(PB08)_R8,R,7
27770,ER3w_b,ER3w_b_R,R,512305,EPG,EPG(PB08)_R8,R,7
24459,ER4d,ER4d_L,L,512305,EPG,EPG(PB08)_R8,R,7
22001,ER5,ER5_L,L,512305,EPG,EPG(PB08)_R8,R,7
17591,ER4d,ER4d_R,R,512305,EPG,EPG(PB08)_R8,R,7
526552,ER3w_b,ER3w_b_R,R,513464,EPG,EPG(PB08)_R8,R,7
513678,ER3w_b,ER3w_b_R,R,513464,EPG,EPG(PB08)_R8,R,7
48291,ER3w_b,ER3w_b_L,L,513464,EPG,EPG(PB08)_R8,R,7
44830,ER3d_e,ER3d_e_R,R,513464,EPG,EPG(PB08)_R8,R,7
43683,ER3w_a,ER3w_a_R,R,513464,EPG,EPG(PB08)_R8,R,7
38306,ER3d_a,ER3d_a_L,L,513464,EPG,EPG(PB08)_R8,R,7
38084,ER3m,ER3m_L,L,513464,EPG,EPG(PB08)_R8,R,7
26939,ER3m,ER3m_R,R,513464,EPG,EPG(PB08)_R8,R,7
24549,ER3w_c,ER3w_c_L,L,513464,EPG,EPG(PB08)_R8,R,7
512608,ER3d_b,ER3d_b_R,R,19825,EPG,EPG(PB08)_R6,R,7
47036,ER3d_a,ER3d_a_R,R,19825,EPG,EPG(PB08)_R6,R,7
46262,ER3d_b,ER3d_b_L,L,19825,EPG,EPG(PB08)_R6,R,7
44830,ER3d_e,ER3d_e_R,R,19825,EPG,EPG(PB08)_R6,R,7
38306,ER3d_a,ER3d_a_L,L,19825,EPG,EPG(PB08)_R6,R,7
25494,ER3d_e,ER3d_e_L,L,19825,EPG,EPG(PB08)_R6,R,7
24122,ER4d,ER4d_R,R,19825,EPG,EPG(PB08)_R6,R,7
23874,ER4d,ER4d_R,R,19825,EPG,EPG(PB08)_R6,R,7
530339,ER3d_d,ER3d_d_L,L,11307,EPG,EPG(PB08)_L4,L,7
527150,ER3d_a,ER3d_a_L,L,11307,EPG,EPG(PB08)_L4,L,7
52832,ER3m,ER3m_R,R,11307,EPG,EPG(PB08)_L4,L,7
47036,ER3d_a,ER3d_a_R,R,11307,EPG,EPG(PB08)_L4,L,7
46341,ER3w_b,ER3w_b_L,L,11307,EPG,EPG(PB08)_L4,L,7
42264,ER3d_e,ER3d_e_R,R,11307,EPG,EPG(PB08)_L4,L,7
37437,ER3d_e,ER3d_e_L,L,11307,EPG,EPG(PB08)_L4,L,7
27770,ER3w_b,ER3w_b_R,R,11307,EPG,EPG(PB08)_L4,L,7
26673,ER3w_b,ER3w_b_L,L,11307,EPG,EPG(PB08)_L4,L,7
26136,ER2_b,ER2_b_R,R,11307,EPG,EPG(PB08)_L4,L,7
19323,ER4d,ER4d_R,R,11307,EPG,EPG(PB08)_L4,L,7
17171,ER5,ER5_R,R,11307,EPG,EPG(PB08)_L4,L,7
514180,ER3p_b,ER3p_b_R,R,11503,EPG,EPG(PB08)_R8,R,7
512608,ER3d_b,ER3d_b_R,R,11503,EPG,EPG(PB08)_R8,R,7
47036,ER3d_a,ER3d_a_R,R,11503,EPG,EPG(PB08)_R8,R,7
37817,ER3d_e,ER3d_e_R,R,11503,EPG,EPG(PB08)_R8,R,7
37758,ER3d_a,ER3d_a_R,R,11503,EPG,EPG(PB08)_R8,R,7
35641,ER3d_c,ER3d_c_L,L,11503,EPG,EPG(PB08)_R8,R,7
30206,ER5,ER5_R,R,11503,EPG,EPG(PB08)_R8,R,7
27770,ER3w_b,ER3w_b_R,R,11503,EPG,EPG(PB08)_R8,R,7
23874,ER4d,ER4d_R,R,11503,EPG,EPG(PB08)_R8,R,7
21664,ER3d_e,ER3d_e_R,R,11503,EPG,EPG(PB08)_R8,R,7
512608,ER3d_b,ER3d_b_R,R,84758,EPG,EPG(PB08)_L7,L,7
44127,ER3d_d,ER3d_d_R,R,84758,EPG,EPG(PB08)_L7,L,7
33589,ER3d_b,ER3d_b_L,L,84758,EPG,EPG(PB08)_L7,L,7
31684,ER3d_a,ER3d_a_R,R,84758,EPG,EPG(PB08)_L7,L,7
26673,ER3w_b,ER3w_b_L,L,84758,EPG,EPG(PB08)_L7,L,7
24076,ER4d,ER4d_R,R,84758,EPG,EPG(PB08)_L7,L,7
22644,ER3d_a,ER3d_a_R,R,84758,EPG,EPG(PB08)_L7,L,7
19169,ER3m,ER3m_L,L,84758,EPG,EPG(PB08)_L7,L,7
17591,ER4d,ER4d_R,R,84758,EPG,EPG(PB08)_L7,L,7
13094,ER4d,ER4d_R,R,84758,EPG,EPG(PB08)_L7,L,7
49378,ER3d_c,ER3d_c_R,R,520812,EPG,EPG(PB08)_R8,R,7
45134,ER3p_b,ER3p_b_L,L,520812,EPG,EPG(PB08)_R8,R,7
42264,ER3d_e,ER3d_e_R,R,520812,EPG,EPG(PB08)_R8,R,7
33589,ER3d_b,ER3d_b_L,L,520812,EPG,EPG(PB08)_R8,R,7
31684,ER3d_a,ER3d_a_R,R,520812,EPG,EPG(PB08)_R8,R,7
27770,ER3w_b,ER3w_b_R,R,520812,EPG,EPG(PB08)_R8,R,7
17591,ER4d,ER4d_R,R,520812,EPG,EPG(PB08)_R8,R,7
527653,ER4d,ER4d_L,L,513284,EPG,EPG(PB08)_R3,R,7
51382,ER3d_b,ER3d_b_L,L,513284,EPG,EPG(PB08)_R3,R,7
47186,ER3m,ER3m_R,R,513284,EPG,EPG(PB08)_R3,R,7
26295,ER3m,ER3m_R,R,513284,EPG,EPG(PB08)_R3,R,7
23197,ER4d,ER4d_L,L,513284,EPG,EPG(PB08)_R3,R,7
17591,ER4d,ER4d_R,R,513284,EPG,EPG(PB08)_R3,R,7
514180,ER3p_b,ER3p_b_R,R,556346,EPG,EPG(PB08)_L6,L,7
513678,ER3w_b,ER3w_b_R,R,556346,EPG,EPG(PB08)_L6,L,7
512608,ER3d_b,ER3d_b_R,R,556346,EPG,EPG(PB08)_L6,L,7
37817,ER3d_e,ER3d_e_R,R,556346,EPG,EPG(PB08)_L6,L,7
29177,ER3d_b,ER3d_b_R,R,556346,EPG,EPG(PB08)_L6,L,7
27013,ER3m,ER3m_L,L,556346,EPG,EPG(PB08)_L6,L,7
21664,ER3d_e,ER3d_e_R,R,556346,EPG,EPG(PB08)_L6,L,7
19791,ER4d,ER4d_L,L,556346,EPG,EPG(PB08)_L6,L,7
19169,ER3m,ER3m_L,L,556346,EPG,EPG(PB08)_L6,L,7
530339,ER3d_d,ER3d_d_L,L,523786,EPG,EPG(PB08)_R4,R,7
524068,ER3d_b,ER3d_b_L,L,523786,EPG,EPG(PB08)_R4,R,7
63782,ER3d_c,ER3d_c_L,L,523786,EPG,EPG(PB08)_R4,R,7
38306,ER3d_a,ER3d_a_L,L,523786,EPG,EPG(PB08)_R4,R,7
30178,ER3d_b,ER3d_b_R,R,523786,EPG,EPG(PB08)_R4,R,7
27454,ER3d_c,ER3d_c_R,R,523786,EPG,EPG(PB08)_R4,R,7
21664,ER3d_e,ER3d_e_R,R,523786,EPG,EPG(PB08)_R4,R,7
19791,ER4d,ER4d_L,L,523786,EPG,EPG(PB08)_R4,R,7
514180,ER3p_b,ER3p_b_R,R,11987,EPG,EPG(PB08)_R5,R,7
45134,ER3p_b,ER3p_b_L,L,11987,EPG,EPG(PB08)_R5,R,7
44814,ER3m,ER3m_L,L,11987,EPG,EPG(PB08)_R5,R,7
33589,ER3d_b,ER3d_b_L,L,11987,EPG,EPG(PB08)_R5,R,7
27013,ER3m,ER3m_L,L,11987,EPG,EPG(PB08)_R5,R,7
24122,ER4d,ER4d_R,R,11987,EPG,EPG(PB08)_R5,R,7
23080,ER4d,ER4d_R,R,11987,EPG,EPG(PB08)_R5,R,7
13094,ER4d,ER4d_R,R,11987,EPG,EPG(PB08)_R5,R,7
527199,ER3d_e,ER3d_e_L,L,513033,EPG,EPG(PB08)_L8,L,7
514180,ER3p_b,ER3p_b_R,R,513033,EPG,EPG(PB08)_L8,L,7
512606,ER3w_c,ER3w_c_L,L,513033,EPG,EPG(PB08)_L8,L,7
50694,ER3w_b,ER3w_b_L,L,513033,EPG,EPG(PB08)_L8,L,7
49378,ER3d_c,ER3d_c_R,R,513033,EPG,EPG(PB08)_L8,L,7
35641,ER3d_c,ER3d_c_L,L,513033,EPG,EPG(PB08)_L8,L,7
29177,ER3d_b,ER3d_b_R,R,513033,EPG,EPG(PB08)_L8,L,7
21664,ER3d_e,ER3d_e_R,R,513033,EPG,EPG(PB08)_L8,L,7
51382,ER3d_b,ER3d_b_L,L,19125,EPG,EPG(PB08)_R5,R,7
44010,ER3w_b,ER3w_b_L,L,19125,EPG,EPG(PB08)_R5,R,7
27013,ER3m,ER3m_L,L,19125,EPG,EPG(PB08)_R5,R,7
25501,ER3w_b,ER3w_b_L,L,19125,EPG,EPG(PB08)_R5,R,7
24122,ER4d,ER4d_R,R,19125,EPG,EPG(PB08)_R5,R,7
22461,ER4d,ER4d_R,R,19125,EPG,EPG(PB08)_R5,R,7
17591,ER4d,ER4d_R,R,19125,EPG,EPG(PB08)_R5,R,7
10043,ER5,ER5_L,L,19125,EPG,EPG(PB08)_R5,R,7
512606,ER3w_c,ER3w_c_L,L,131313,EPG,EPG(PB08)_R6,R,7
49378,ER3d_c,ER3d_c_R,R,131313,EPG,EPG(PB08)_R6,R,7
47036,ER3d_a,ER3d_a_R,R,131313,EPG,EPG(PB08)_R6,R,7
38306,ER3d_a,ER3d_a_L,L,131313,EPG,EPG(PB08)_R6,R,7
24549,ER3w_c,ER3w_c_L,L,131313,EPG,EPG(PB08)_R6,R,7
24076,ER4d,ER4d_R,R,131313,EPG,EPG(PB08)_R6,R,7
21664,ER3d_e,ER3d_e_R,R,131313,EPG,EPG(PB08)_R6,R,7
527199,ER3d_e,ER3d_e_L,L,513517,EPG,EPG(PB08)_L4,L,7
53618,ER3p_b,ER3p_b_L,L,513517,EPG,EPG(PB08)_L4,L,7
42264,ER3d_e,ER3d_e_R,R,513517,EPG,EPG(PB08)_L4,L,7
38306,ER3d_a,ER3d_a_L,L,513517,EPG,EPG(PB08)_L4,L,7
27348,ER3m,ER3m_L,L,513517,EPG,EPG(PB08)_L4,L,7
27013,ER3m,ER3m_L,L,513517,EPG,EPG(PB08)_L4,L,7
26295,ER3m,ER3m_R,R,513517,EPG,EPG(PB08)_L4,L,7
516944,ER5,ER5_L,L,556347,EPG,EPG(PB08)_R4,R,7
38306,ER3d_a,ER3d_a_L,L,556347,EPG,EPG(PB08)_R4,R,7
38084,ER3m,ER3m_L,L,556347,EPG,EPG(PB08)_R4,R,7
26939,ER3m,ER3m_R,R,556347,EPG,EPG(PB08)_R4,R,7
24076,ER4d,ER4d_R,R,556347,EPG,EPG(PB08)_R4,R,7
23874,ER4d,ER4d_R,R,556347,EPG,EPG(PB08)_R4,R,7
19791,ER4d,ER4d_L,L,556347,EPG,EPG(PB08)_R4,R,7
16343,ER4d,ER4d_R,R,556347,EPG,EPG(PB08)_R4,R,7
13094,ER4d,ER4d_R,R,556347,EPG,EPG(PB08)_R4,R,7
512608,ER3d_b,ER3d_b_R,R,521409,EPG,EPG(PB08)_L8,L,7
63782,ER3d_c,ER3d_c_L,L,521409,EPG,EPG(PB08)_L8,L,7
21664,ER3d_e,ER3d_e_R,R,521409,EPG,EPG(PB08)_L8,L,7
521535,ER5,ER5_L,L,513463,EPG,EPG(PB08)_R2,R,7
514180,ER3p_b,ER3p_b_R,R,513463,EPG,EPG(PB08)_R2,R,7
512608,ER3d_b,ER3d_b_R,R,513463,EPG,EPG(PB08)_R2,R,7
49869,ER3p_b,ER3p_b_R,R,513463,EPG,EPG(PB08)_R2,R,7
37817,ER3d_e,ER3d_e_R,R,513463,EPG,EPG(PB08)_R2,R,7
37758,ER3d_a,ER3d_a_R,R,513463,EPG,EPG(PB08)_R2,R,7
26939,ER3m,ER3m_R,R,513463,EPG,EPG(PB08)_R2,R,7
25494,ER3d_e,ER3d_e_L,L,513463,EPG,EPG(PB08)_R2,R,7
527150,ER3d_a,ER3d_a_L,L,520818,EPG,EPG(PB08)_L4,L,7
49869,ER3p_b,ER3p_b_R,R,520818,EPG,EPG(PB08)_L4,L,7
47186,ER3m,ER3m_R,R,520818,EPG,EPG(PB08)_L4,L,7
46262,ER3d_b,ER3d_b_L,L,520818,EPG,EPG(PB08)_L4,L,7
43683,ER3w_a,ER3w_a_R,R,520818,EPG,EPG(PB08)_L4,L,7
27454,ER3d_c,ER3d_c_R,R,520818,EPG,EPG(PB08)_L4,L,7
26673,ER3w_b,ER3w_b_L,L,520818,EPG,EPG(PB08)_L4,L,7
25203,ER3w_c,ER3w_c_L,L,520818,EPG,EPG(PB08)_L4,L,7
23874,ER4d,ER4d_R,R,520818,EPG,EPG(PB08)_L4,L,7
527653,ER4d,ER4d_L,L,12449,EPG,EPG(PB08)_L5,L,7
512608,ER3d_b,ER3d_b_R,R,12449,EPG,EPG(PB08)_L5,L,7
53618,ER3p_b,ER3p_b_L,L,12449,EPG,EPG(PB08)_L5,L,7
46262,ER3d_b,ER3d_b_L,L,12449,EPG,EPG(PB08)_L5,L,7
44127,ER3d_d,ER3d_d_R,R,12449,EPG,EPG(PB08)_L5,L,7
42264,ER3d_e,ER3d_e_R,R,12449,EPG,EPG(PB08)_L5,L,7
37758,ER3d_a,ER3d_a_R,R,12449,EPG,EPG(PB08)_L5,L,7
37437,ER3d_e,ER3d_e_L,L,12449,EPG,EPG(PB08)_L5,L,7
28701,ER3d_b,ER3d_b_R,R,12449,EPG,EPG(PB08)_L5,L,7
49869,ER3p_b,ER3p_b_R,R,10539,EPG,EPG(PB08)_R2,R,7
47186,ER3m,ER3m_R,R,10539,EPG,EPG(PB08)_R2,R,7
44830,ER3d_e,ER3d_e_R,R,10539,EPG,EPG(PB08)_R2,R,7
37817,ER3d_e,ER3d_e_R,R,10539,EPG,EPG(PB08)_R2,R,7
27454,ER3d_c,ER3d_c_R,R,10539,EPG,EPG(PB08)_R2,R,7
50694,ER3w_b,ER3w_b_L,L,14727,EPG,EPG(PB08)_L7,L,7
49869,ER3p_b,ER3p_b_R,R,14727,EPG,EPG(PB08)_L7,L,7
37437,ER3d_e,ER3d_e_L,L,14727,EPG,EPG(PB08)_L7,L,7
30178,ER3d_b,ER3d_b_R,R,14727,EPG,EPG(PB08)_L7,L,7
17561,ER3m,ER3m_R,R,14727,EPG,EPG(PB08)_L7,L,7
16343,ER4d,ER4d_R,R,14727,EPG,EPG(PB08)_L7,L,7
13094,ER4d,ER4d_R,R,14727,EPG,EPG(PB08)_L7,L,7
522806,ER3d_c,ER3d_c_R,R,519140,EPG,EPG(PB08)_L1,L,7
522759,ER3d_d,ER3d_d_L,L,519140,EPG,EPG(PB08)_L1,L,7
42264,ER3d_e,ER3d_e_R,R,519140,EPG,EPG(PB08)_L1,L,7
38306,ER3d_a,ER3d_a_L,L,519140,EPG,EPG(PB08)_L1,L,7
37817,ER3d_e,ER3d_e_R,R,519140,EPG,EPG(PB08)_L1,L,7
37758,ER3d_a,ER3d_a_R,R,519140,EPG,EPG(PB08)_L1,L,7
35641,ER3d_c,ER3d_c_L,L,519140,EPG,EPG(PB08)_L1,L,7
31684,ER3d_a,ER3d_a_R,R,519140,EPG,EPG(PB08)_L1,L,7
28430,ER3m,ER3m_L,L,519140,EPG,EPG(PB08)_L1,L,7
26939,ER3m,ER3m_R,R,519140,EPG,EPG(PB08)_L1,L,7
568502,ER5,ER5_R,R,15616,EPG,EPG(PB08)_R3,R,7
514180,ER3p_b,ER3p_b_R,R,15616,EPG,EPG(PB08)_R3,R,7
63782,ER3d_c,ER3d_c_L,L,15616,EPG,EPG(PB08)_R3,R,7
52832,ER3m,ER3m_R,R,15616,EPG,EPG(PB08)_R3,R,7
45134,ER3p_b,ER3p_b_L,L,15616,EPG,EPG(PB08)_R3,R,7
44814,ER3m,ER3m_L,L,15616,EPG,EPG(PB08)_R3,R,7
39503,ER3p_a,ER3p_a_L,L,15616,EPG,EPG(PB08)_R3,R,7
37437,ER3d_e,ER3d_e_L,L,15616,EPG,EPG(PB08)_R3,R,7
20026,ER5,ER5_L,L,15616,EPG,EPG(PB08)_R3,R,7
19791,ER4d,ER4d_L,L,15616,EPG,EPG(PB08)_R3,R,7
12059,ER5,ER5_R,R,15616,EPG,EPG(PB08)_R3,R,7
53618,ER3p_b,ER3p_b_L,L,16360,EPG,EPG(PB08)_L6,L,7
46262,ER3d_b,ER3d_b_L,L,16360,EPG,EPG(PB08)_L6,L,7
44830,ER3d_e,ER3d_e_R,R,16360,EPG,EPG(PB08)_L6,L,7
27770,ER3w_b,ER3w_b_R,R,16360,EPG,EPG(PB08)_L6,L,7
25203,ER3w_c,ER3w_c_L,L,16360,EPG,EPG(PB08)_L6,L,7
24459,ER4d,ER4d_L,L,16360,EPG,EPG(PB08)_L6,L,7
23197,ER4d,ER4d_L,L,16360,EPG,EPG(PB08)_L6,L,7
16343,ER4d,ER4d_R,R,16360,EPG,EPG(PB08)_L6,L,7
13094,ER4d,ER4d_R,R,16360,EPG,EPG(PB08)_L6,L,7
51382,ER3d_b,ER3d_b_L,L,515675,EPG,EPG(PB08)_R1,R,7
46262,ER3d_b,ER3d_b_L,L,515675,EPG,EPG(PB08)_R1,R,7
42264,ER3d_e,ER3d_e_R,R,515675,EPG,EPG(PB08)_R1,R,7
40558,ER3d_b,ER3d_b_L,L,515675,EPG,EPG(PB08)_R1,R,7
30592,ER3d_b,ER3d_b_R,R,515675,EPG,EPG(PB08)_R1,R,7
19169,ER3m,ER3m_L,L,515675,EPG,EPG(PB08)_R1,R,7
17561,ER3m,ER3m_R,R,515675,EPG,EPG(PB08)_R1,R,7
527297,ER5,ER5_R,R,514126,EPG,EPG(PB08)_R5,R,7
522806,ER3d_c,ER3d_c_R,R,514126,EPG,EPG(PB08)_R5,R,7
514180,ER3p_b,ER3p_b_R,R,514126,EPG,EPG(PB08)_R5,R,7
59337,ER3w_b,ER3w_b_L,L,514126,EPG,EPG(PB08)_R5,R,7
49378,ER3d_c,ER3d_c_R,R,514126,EPG,EPG(PB08)_R5,R,7
44814,ER3m,ER3m_L,L,514126,EPG,EPG(PB08)_R5,R,7
44422,ER3m,ER3m_L,L,514126,EPG,EPG(PB08)_R5,R,7
37758,ER3d_a,ER3d_a_R,R,514126,EPG,EPG(PB08)_R5,R,7
29177,ER3d_b,ER3d_b_R,R,514126,EPG,EPG(PB08)_R5,R,7
26295,ER3m,ER3m_R,R,514126,EPG,EPG(PB08)_R5,R,7
17561,ER3m,ER3m_R,R,514126,EPG,EPG(PB08)_R5,R,7
13094,ER4d,ER4d_R,R,514126,EPG,EPG(PB08)_R5,R,7
521534,ER5,ER5_L,L,513520,EPG,EPG(PB08)_R6,R,7
52832,ER3m,ER3m_R,R,513520,EPG,EPG(PB08)_R6,R,7
37437,ER3d_e,ER3d_e_L,L,513520,EPG,EPG(PB08)_R6,R,7
33589,ER3d_b,ER3d_b_L,L,513520,EPG,EPG(PB08)_R6,R,7
27269,ER3d_c,ER3d_c_L,L,513520,EPG,EPG(PB08)_R6,R,7
26136,ER2_b,ER2_b_R,R,513520,EPG,EPG(PB08)_R6,R,7
20026,ER5,ER5_L,L,513520,EPG,EPG(PB08)_R6,R,7
17171,ER5,ER5_R,R,513520,EPG,EPG(PB08)_R6,R,7
63782,ER3d_c,ER3d_c_L,L,11874,EPG,EPG(PB08)_L7,L,7
52832,ER3m,ER3m_R,R,11874,EPG,EPG(PB08)_L7,L,7
44010,ER3w_b,ER3w_b_L,L,11874,EPG,EPG(PB08)_L7,L,7
37437,ER3d_e,ER3d_e_L,L,11874,EPG,EPG(PB08)_L7,L,7
27348,ER3m,ER3m_L,L,11874,EPG,EPG(PB08)_L7,L,7
27013,ER3m,ER3m_L,L,11874,EPG,EPG(PB08)_L7,L,7
24122,ER4d,ER4d_R,R,11874,EPG,EPG(PB08)_L7,L,7
19791,ER4d,ER4d_L,L,11874,EPG,EPG(PB08)_L7,L,7
12059,ER5,ER5_R,R,11874,EPG,EPG(PB08)_L7,L,7
527199,ER3d_e,ER3d_e_L,L,512514,EPG,EPG(PB08)_L1,L,7
53618,ER3p_b,ER3p_b_L,L,512514,EPG,EPG(PB08)_L1,L,7
49378,ER3d_c,ER3d_c_R,R,512514,EPG,EPG(PB08)_L1,L,7
44814,ER3m,ER3m_L,L,512514,EPG,EPG(PB08)_L1,L,7
37817,ER3d_e,ER3d_e_R,R,512514,EPG,EPG(PB08)_L1,L,7
30206,ER5,ER5_R,R,512514,EPG,EPG(PB08)_L1,L,7
26939,ER3m,ER3m_R,R,512514,EPG,EPG(PB08)_L1,L,7
24879,ER4d,ER4d_L,L,512514,EPG,EPG(PB08)_L1,L,7
23874,ER4d,ER4d_R,R,512514,EPG,EPG(PB08)_L1,L,7
527150,ER3d_a,ER3d_a_L,L,88342,EPG,EPG(PB08)_L3,L,7
522806,ER3d_c,ER3d_c_R,R,88342,EPG,EPG(PB08)_L3,L,7
50694,ER3w_b,ER3w_b_L,L,88342,EPG,EPG(PB08)_L3,L,7
46262,ER3d_b,ER3d_b_L,L,88342,EPG,EPG(PB08)_L3,L,7
27269,ER3d_c,ER3d_c_L,L,88342,EPG,EPG(PB08)_L3,L,7
21664,ER3d_e,ER3d_e_R,R,88342,EPG,EPG(PB08)_L3,L,7
16343,ER4d,ER4d_R,R,88342,EPG,EPG(PB08)_L3,L,7
512606,ER3w_c,ER3w_c_L,L,15713,EPG,EPG(PB08)_L6,L,7
50694,ER3w_b,ER3w_b_L,L,15713,EPG,EPG(PB08)_L6,L,7
44814,ER3m,ER3m_L,L,15713,EPG,EPG(PB08)_L6,L,7
38306,ER3d_a,ER3d_a_L,L,15713,EPG,EPG(PB08)_L6,L,7
23874,ER4d,ER4d_R,R,15713,EPG,EPG(PB08)_L6,L,7
22644,ER3d_a,ER3d_a_R,R,15713,EPG,EPG(PB08)_L6,L,7
53618,ER3p_b,ER3p_b_L,L,520581,EPG,EPG(PB08)_R4,R,7
47859,ER3d_c,ER3d_c_R,R,520581,EPG,EPG(PB08)_R4,R,7
31684,ER3d_a,ER3d_a_R,R,520581,EPG,EPG(PB08)_R4,R,7
27013,ER3m,ER3m_L,L,520581,EPG,EPG(PB08)_R4,R,7
24076,ER4d,ER4d_R,R,520581,EPG,EPG(PB08)_R4,R,7
23080,ER4d,ER4d_R,R,520581,EPG,EPG(PB08)_R4,R,7
522806,ER3d_c,ER3d_c_R,R,13217,EPG,EPG(PB08)_L8,L,7
59337,ER3w_b,ER3w_b_L,L,13217,EPG,EPG(PB08)_L8,L,7
44814,ER3m,ER3m_L,L,13217,EPG,EPG(PB08)_L8,L,7
27770,ER3w_b,ER3w_b_R,R,13217,EPG,EPG(PB08)_L8,L,7
27454,ER3d_c,ER3d_c_R,R,13217,EPG,EPG(PB08)_L8,L,7
27348,ER3m,ER3m_L,L,13217,EPG,EPG(PB08)_L8,L,7
27013,ER3m,ER3m_L,L,13217,EPG,EPG(PB08)_L8,L,7
10043,ER5,ER5_L,L,13217,EPG,EPG(PB08)_L8,L,7
53618,ER3p_b,ER3p_b_L,L,92188,EPG,EPG(PB08)_R7,R,7
51382,ER3d_b,ER3d_b_L,L,92188,EPG,EPG(PB08)_R7,R,7
40558,ER3d_b,ER3d_b_L,L,92188,EPG,EPG(PB08)_R7,R,7
37817,ER3d_e,ER3d_e_R,R,92188,EPG,EPG(PB08)_R7,R,7
31684,ER3d_a,ER3d_a_R,R,92188,EPG,EPG(PB08)_R7,R,7
29046,ER3d_b,ER3d_b_R,R,92188,EPG,EPG(PB08)_R7,R,7
26939,ER3m,ER3m_R,R,92188,EPG,EPG(PB08)_R7,R,7
24122,ER4d,ER4d_R,R,92188,EPG,EPG(PB08)_R7,R,7
23874,ER4d,ER4d_R,R,92188,EPG,EPG(PB08)_R7,R,7
22461,ER4d,ER4d_R,R,92188,EPG,EPG(PB08)_R7,R,7
17591,ER4d,ER4d_R,R,92188,EPG,EPG(PB08)_R7,R,7
10043,ER5,ER5_L,L,92188,EPG,EPG(PB08)_R7,R,7
568502,ER5,ER5_R,R,521812,EPG,EPG(PB08)_R7,R,7
527199,ER3d_e,ER3d_e_L,L,521812,EPG,EPG(PB08)_R7,R,7
514180,ER3p_b,ER3p_b_R,R,521812,EPG,EPG(PB08)_R7,R,7
45134,ER3p_b,ER3p_b_L,L,521812,EPG,EPG(PB08)_R7,R,7
44010,ER3w_b,ER3w_b_L,L,521812,EPG,EPG(PB08)_R7,R,7
26673,ER3w_b,ER3w_b_L,L,521812,EPG,EPG(PB08)_R7,R,7
24076,ER4d,ER4d_R,R,521812,EPG,EPG(PB08)_R7,R,7
22644,ER3d_a,ER3d_a_R,R,521812,EPG,EPG(PB08)_R7,R,7
22461,ER4d,ER4d_R,R,521812,EPG,EPG(PB08)_R7,R,7
526552,ER3w_b,ER3w_b_R,R,521813,EPG,EPG(PB08)_L2,L,7
524068,ER3d_b,ER3d_b_L,L,521813,EPG,EPG(PB08)_L2,L,7
512608,ER3d_b,ER3d_b_R,R,521813,EPG,EPG(PB08)_L2,L,7
47186,ER3m,ER3m_R,R,521813,EPG,EPG(PB08)_L2,L,7
46262,ER3d_b,ER3d_b_L,L,521813,EPG,EPG(PB08)_L2,L,7
37758,ER3d_a,ER3d_a_R,R,521813,EPG,EPG(PB08)_L2,L,7
33589,ER3d_b,ER3d_b_L,L,521813,EPG,EPG(PB08)_L2,L,7
27269,ER3d_c,ER3d_c_L,L,521813,EPG,EPG(PB08)_L2,L,7
26843,ER3w_b,ER3w_b_R,R,521813,EPG,EPG(PB08)_L2,L,7
17561,ER3m,ER3m_R,R,521813,EPG,EPG(PB08)_L2,L,7
527199,ER3d_e,ER3d_e_L,L,512513,EPG,EPG(PB08)_R1,R,7
522806,ER3d_c,ER3d_c_R,R,512513,EPG,EPG(PB08)_R1,R,7
38306,ER3d_a,ER3d_a_L,L,512513,EPG,EPG(PB08)_R1,R,7
533062,ER3a_a,ER3a_a_L,L,519941,EPG,EPG(PB08)_L3,L,6
530339,ER3d_d,ER3d_d_L,L,519941,EPG,EPG(PB08)_L3,L,6
512608,ER3d_b,ER3d_b_R,R,519941,EPG,EPG(PB08)_L3,L,6
53618,ER3p_b,ER3p_b_L,L,519941,EPG,EPG(PB08)_L3,L,6
49378,ER3d_c,ER3d_c_R,R,519941,EPG,EPG(PB08)_L3,L,6
48956,ER3d_b,ER3d_b_R,R,519941,EPG,EPG(PB08)_L3,L,6
45134,ER3p_b,ER3p_b_L,L,519941,EPG,EPG(PB08)_L3,L,6
44830,ER3d_e,ER3d_e_R,R,519941,EPG,EPG(PB08)_L3,L,6
42264,ER3d_e,ER3d_e_R,R,519941,EPG,EPG(PB08)_L3,L,6
37758,ER3d_a,ER3d_a_R,R,519941,EPG,EPG(PB08)_L3,L,6
37437,ER3d_e,ER3d_e_L,L,519941,EPG,EPG(PB08)_L3,L,6
27269,ER3d_c,ER3d_c_L,L,519941,EPG,EPG(PB08)_L3,L,6
26295,ER3m,ER3m_R,R,519941,EPG,EPG(PB08)_L3,L,6
22461,ER4d,ER4d_R,R,519941,EPG,EPG(PB08)_L3,L,6
22001,ER5,ER5_L,L,519941,EPG,EPG(PB08)_L3,L,6
19169,ER3m,ER3m_L,L,519941,EPG,EPG(PB08)_L3,L,6
18633,ER5,ER5_L,L,519941,EPG,EPG(PB08)_L3,L,6
568502,ER5,ER5_R,R,11989,EPG,EPG(PB08)_L5,L,6
527297,ER5,ER5_R,R,11989,EPG,EPG(PB08)_L5,L,6
527199,ER3d_e,ER3d_e_L,L,11989,EPG,EPG(PB08)_L5,L,6
512608,ER3d_b,ER3d_b_R,R,11989,EPG,EPG(PB08)_L5,L,6
49378,ER3d_c,ER3d_c_R,R,11989,EPG,EPG(PB08)_L5,L,6
47036,ER3d_a,ER3d_a_R,R,11989,EPG,EPG(PB08)_L5,L,6
44830,ER3d_e,ER3d_e_R,R,11989,EPG,EPG(PB08)_L5,L,6
44127,ER3d_d,ER3d_d_R,R,11989,EPG,EPG(PB08)_L5,L,6
35641,ER3d_c,ER3d_c_L,L,11989,EPG,EPG(PB08)_L5,L,6
34038,ER3d_b,ER3d_b_L,L,11989,EPG,EPG(PB08)_L5,L,6
31684,ER3d_a,ER3d_a_R,R,11989,EPG,EPG(PB08)_L5,L,6
30178,ER3d_b,ER3d_b_R,R,11989,EPG,EPG(PB08)_L5,L,6
29177,ER3d_b,ER3d_b_R,R,11989,EPG,EPG(PB08)_L5,L,6
17078,ER5,ER5_R,R,11989,EPG,EPG(PB08)_L5,L,6
14284,ER5,ER5_R,R,11989,EPG,EPG(PB08)_L5,L,6
527653,ER4d,ER4d_L,L,107195,EPG,EPG(PB08)_L5,L,6
527297,ER5,ER5_R,R,107195,EPG,EPG(PB08)_L5,L,6
516944,ER5,ER5_L,L,107195,EPG,EPG(PB08)_L5,L,6
45134,ER3p_b,ER3p_b_L,L,107195,EPG,EPG(PB08)_L5,L,6
44814,ER3m,ER3m_L,L,107195,EPG,EPG(PB08)_L5,L,6
38306,ER3d_a,ER3d_a_L,L,107195,EPG,EPG(PB08)_L5,L,6
37817,ER3d_e,ER3d_e_R,R,107195,EPG,EPG(PB08)_L5,L,6
27348,ER3m,ER3m_L,L,107195,EPG,EPG(PB08)_L5,L,6
24879,ER4d,ER4d_L,L,107195,EPG,EPG(PB08)_L5,L,6
24076,ER4d,ER4d_R,R,107195,EPG,EPG(PB08)_L5,L,6
19323,ER4d,ER4d_R,R,107195,EPG,EPG(PB08)_L5,L,6
17591,ER4d,ER4d_R,R,107195,EPG,EPG(PB08)_L5,L,6
522806,ER3d_c,ER3d_c_R,R,519328,EPG,EPG(PB08)_L3,L,6
52832,ER3m,ER3m_R,R,519328,EPG,EPG(PB08)_L3,L,6
48956,ER3d_b,ER3d_b_R,R,519328,EPG,EPG(PB08)_L3,L,6
47859,ER3d_c,ER3d_c_R,R,519328,EPG,EPG(PB08)_L3,L,6
45134,ER3p_b,ER3p_b_L,L,519328,EPG,EPG(PB08)_L3,L,6
42264,ER3d_e,ER3d_e_R,R,519328,EPG,EPG(PB08)_L3,L,6
26295,ER3m,ER3m_R,R,519328,EPG,EPG(PB08)_L3,L,6
24122,ER4d,ER4d_R,R,519328,EPG,EPG(PB08)_L3,L,6
22644,ER3d_a,ER3d_a_R,R,519328,EPG,EPG(PB08)_L3,L,6
17591,ER4d,ER4d_R,R,519328,EPG,EPG(PB08)_L3,L,6
527199,ER3d_e,ER3d_e_L,L,512928,EPG,EPG(PB08)_R3,R,6
522806,ER3d_c,ER3d_c_R,R,512928,EPG,EPG(PB08)_R3,R,6
522759,ER3d_d,ER3d_d_L,L,512928,EPG,EPG(PB08)_R3,R,6
521528,ER5,ER5_L,L,512928,EPG,EPG(PB08)_R3,R,6
51382,ER3d_b,ER3d_b_L,L,512928,EPG,EPG(PB08)_R3,R,6
49378,ER3d_c,ER3d_c_R,R,512928,EPG,EPG(PB08)_R3,R,6
44127,ER3d_d,ER3d_d_R,R,512928,EPG,EPG(PB08)_R3,R,6
38306,ER3d_a,ER3d_a_L,L,512928,EPG,EPG(PB08)_R3,R,6
31263,ER3d_b,ER3d_b_R,R,512928,EPG,EPG(PB08)_R3,R,6
28430,ER3m,ER3m_L,L,512928,EPG,EPG(PB08)_R3,R,6
27454,ER3d_c,ER3d_c_R,R,512928,EPG,EPG(PB08)_R3,R,6
19169,ER3m,ER3m_L,L,512928,EPG,EPG(PB08)_R3,R,6
11605,ER5,ER5_R,R,512928,EPG,EPG(PB08)_R3,R,6
59337,ER3w_b,ER3w_b_L,L,14507,EPG,EPG(PB08)_R7,R,6
52832,ER3m,ER3m_R,R,14507,EPG,EPG(PB08)_R7,R,6
37437,ER3d_e,ER3d_e_L,L,14507,EPG,EPG(PB08)_R7,R,6
24879,ER4d,ER4d_L,L,14507,EPG,EPG(PB08)_R7,R,6
21664,ER3d_e,ER3d_e_R,R,14507,EPG,EPG(PB08)_R7,R,6
522759,ER3d_d,ER3d_d_L,L,524073,EPG,EPG(PB08)_L2,L,6
49378,ER3d_c,ER3d_c_R,R,524073,EPG,EPG(PB08)_L2,L,6
47859,ER3d_c,ER3d_c_R,R,524073,EPG,EPG(PB08)_L2,L,6
35641,ER3d_c,ER3d_c_L,L,524073,EPG,EPG(PB08)_L2,L,6
31684,ER3d_a,ER3d_a_R,R,524073,EPG,EPG(PB08)_L2,L,6
22644,ER3d_a,ER3d_a_R,R,524073,EPG,EPG(PB08)_L2,L,6
22461,ER4d,ER4d_R,R,524073,EPG,EPG(PB08)_L2,L,6
527199,ER3d_e,ER3d_e_L,L,519144,EPG,EPG(PB08)_L8,L,6
512608,ER3d_b,ER3d_b_R,R,519144,EPG,EPG(PB08)_L8,L,6
49378,ER3d_c,ER3d_c_R,R,519144,EPG,EPG(PB08)_L8,L,6
44830,ER3d_e,ER3d_e_R,R,519144,EPG,EPG(PB08)_L8,L,6
38306,ER3d_a,ER3d_a_L,L,519144,EPG,EPG(PB08)_L8,L,6
31684,ER3d_a,ER3d_a_R,R,519144,EPG,EPG(PB08)_L8,L,6
521528,ER5,ER5_L,L,512305,EPG,EPG(PB08)_R8,R,6
47186,ER3m,ER3m_R,R,512305,EPG,EPG(PB08)_R8,R,6
46262,ER3d_b,ER3d_b_L,L,512305,EPG,EPG(PB08)_R8,R,6
44909,ER5,ER5_L,L,512305,EPG,EPG(PB08)_R8,R,6
40558,ER3d_b,ER3d_b_L,L,512305,EPG,EPG(PB08)_R8,R,6
37437,ER3d_e,ER3d_e_L,L,512305,EPG,EPG(PB08)_R8,R,6
30178,ER3d_b,ER3d_b_R,R,512305,EPG,EPG(PB08)_R8,R,6
19169,ER3m,ER3m_L,L,512305,EPG,EPG(PB08)_R8,R,6
18633,ER5,ER5_L,L,512305,EPG,EPG(PB08)_R8,R,6
18377,ER3w_b,ER3w_b_L,L,512305,EPG,EPG(PB08)_R8,R,6
522806,ER3d_c,ER3d_c_R,R,513464,EPG,EPG(PB08)_R8,R,6
513379,ER5,ER5_R,R,513464,EPG,EPG(PB08)_R8,R,6
52832,ER3m,ER3m_R,R,513464,EPG,EPG(PB08)_R8,R,6
49378,ER3d_c,ER3d_c_R,R,513464,EPG,EPG(PB08)_R8,R,6
42264,ER3d_e,ER3d_e_R,R,513464,EPG,EPG(PB08)_R8,R,6
39798,ER5,ER5_L,L,513464,EPG,EPG(PB08)_R8,R,6
27013,ER3m,ER3m_L,L,513464,EPG,EPG(PB08)_R8,R,6
24122,ER4d,ER4d_R,R,513464,EPG,EPG(PB08)_R8,R,6
52832,ER3m,ER3m_R,R,19825,EPG,EPG(PB08)_R6,R,6
51382,ER3d_b,ER3d_b_L,L,19825,EPG,EPG(PB08)_R6,R,6
45134,ER3p_b,ER3p_b_L,L,19825,EPG,EPG(PB08)_R6,R,6
37817,ER3d_e,ER3d_e_R,R,19825,EPG,EPG(PB08)_R6,R,6
33589,ER3d_b,ER3d_b_L,L,19825,EPG,EPG(PB08)_R6,R,6
30178,ER3d_b,ER3d_b_R,R,19825,EPG,EPG(PB08)_R6,R,6
22644,ER3d_a,ER3d_a_R,R,19825,EPG,EPG(PB08)_R6,R,6
21449,ER2_c,ER2_c_R,R,19825,EPG,EPG(PB08)_R6,R,6
17591,ER4d,ER4d_R,R,19825,EPG,EPG(PB08)_R6,R,6
522806,ER3d_c,ER3d_c_R,R,11307,EPG,EPG(PB08)_L4,L,6
44814,ER3m,ER3m_L,L,11307,EPG,EPG(PB08)_L4,L,6
40558,ER3d_b,ER3d_b_L,L,11307,EPG,EPG(PB08)_L4,L,6
38306,ER3d_a,ER3d_a_L,L,11307,EPG,EPG(PB08)_L4,L,6
33589,ER3d_b,ER3d_b_L,L,11307,EPG,EPG(PB08)_L4,L,6
31684,ER3d_a,ER3d_a_R,R,11307,EPG,EPG(PB08)_L4,L,6
27013,ER3m,ER3m_L,L,11307,EPG,EPG(PB08)_L4,L,6
26295,ER3m,ER3m_R,R,11307,EPG,EPG(PB08)_L4,L,6
23197,ER4d,ER4d_L,L,11307,EPG,EPG(PB08)_L4,L,6
22644,ER3d_a,ER3d_a_R,R,11307,EPG,EPG(PB08)_L4,L,6
17561,ER3m,ER3m_R,R,11307,EPG,EPG(PB08)_L4,L,6
16343,ER4d,ER4d_R,R,11307,EPG,EPG(PB08)_L4,L,6
13094,ER4d,ER4d_R,R,11307,EPG,EPG(PB08)_L4,L,6
42264,ER3d_e,ER3d_e_R,R,11503,EPG,EPG(PB08)_R8,R,6
38084,ER3m,ER3m_L,L,11503,EPG,EPG(PB08)_R8,R,6
30178,ER3d_b,ER3d_b_R,R,11503,EPG,EPG(PB08)_R8,R,6
51382,ER3d_b,ER3d_b_L,L,84758,EPG,EPG(PB08)_L7,L,6
47859,ER3d_c,ER3d_c_R,R,84758,EPG,EPG(PB08)_L7,L,6
39798,ER5,ER5_L,L,84758,EPG,EPG(PB08)_L7,L,6
37758,ER3d_a,ER3d_a_R,R,84758,EPG,EPG(PB08)_L7,L,6
27246,ER3d_d,ER3d_d_R,R,84758,EPG,EPG(PB08)_L7,L,6
26295,ER3m,ER3m_R,R,84758,EPG,EPG(PB08)_L7,L,6
24122,ER4d,ER4d_R,R,84758,EPG,EPG(PB08)_L7,L,6
568502,ER5,ER5_R,R,520812,EPG,EPG(PB08)_R8,R,6
530339,ER3d_d,ER3d_d_L,L,520812,EPG,EPG(PB08)_R8,R,6
527199,ER3d_e,ER3d_e_L,L,520812,EPG,EPG(PB08)_R8,R,6
53618,ER3p_b,ER3p_b_L,L,520812,EPG,EPG(PB08)_R8,R,6
52832,ER3m,ER3m_R,R,520812,EPG,EPG(PB08)_R8,R,6
37437,ER3d_e,ER3d_e_L,L,520812,EPG,EPG(PB08)_R8,R,6
30178,ER3d_b,ER3d_b_R,R,520812,EPG,EPG(PB08)_R8,R,6
26673,ER3w_b,ER3w_b_L,L,520812,EPG,EPG(PB08)_R8,R,6
25494,ER3d_e,ER3d_e_L,L,520812,EPG,EPG(PB08)_R8,R,6
22644,ER3d_a,ER3d_a_R,R,520812,EPG,EPG(PB08)_R8,R,6
530339,ER3d_d,ER3d_d_L,L,513284,EPG,EPG(PB08)_R3,R,6
524068,ER3d_b,ER3d_b_L,L,513284,EPG,EPG(PB08)_R3,R,6
52832,ER3m,ER3m_R,R,513284,EPG,EPG(PB08)_R3,R,6
48956,ER3d_b,ER3d_b_R,R,513284,EPG,EPG(PB08)_R3,R,6
38084,ER3m,ER3m_L,L,513284,EPG,EPG(PB08)_R3,R,6
37437,ER3d_e,ER3d_e_L,L,513284,EPG,EPG(PB08)_R3,R,6
34038,ER3d_b,ER3d_b_L,L,513284,EPG,EPG(PB08)_R3,R,6
30592,ER3d_b,ER3d_b_R,R,513284,EPG,EPG(PB08)_R3,R,6
29046,ER3d_b,ER3d_b_R,R,513284,EPG,EPG(PB08)_R3,R,6
27269,ER3d_c,ER3d_c_L,L,513284,EPG,EPG(PB08)_R3,R,6
27013,ER3m,ER3m_L,L,513284,EPG,EPG(PB08)_R3,R,6
526552,ER3w_b,ER3w_b_R,R,556346,EPG,EPG(PB08)_L6,L,6
44830,ER3d_e,ER3d_e_R,R,556346,EPG,EPG(PB08)_L6,L,6
38306,ER3d_a,ER3d_a_L,L,556346,EPG,EPG(PB08)_L6,L,6
31684,ER3d_a,ER3d_a_R,R,556346,EPG,EPG(PB08)_L6,L,6
30178,ER3d_b,ER3d_b_R,R,556346,EPG,EPG(PB08)_L6,L,6
27246,ER3d_d,ER3d_d_R,R,556346,EPG,EPG(PB08)_L6,L,6
26295,ER3m,ER3m_R,R,556346,EPG,EPG(PB08)_L6,L,6
25494,ER3d_e,ER3d_e_L,L,556346,EPG,EPG(PB08)_L6,L,6
521534,ER5,ER5_L,L,523786,EPG,EPG(PB08)_R4,R,6
513678,ER3w_b,ER3w_b_R,R,523786,EPG,EPG(PB08)_R4,R,6
512608,ER3d_b,ER3d_b_R,R,523786,EPG,EPG(PB08)_R4,R,6
59337,ER3w_b,ER3w_b_L,L,523786,EPG,EPG(PB08)_R4,R,6
47859,ER3d_c,ER3d_c_R,R,523786,EPG,EPG(PB08)_R4,R,6
44814,ER3m,ER3m_L,L,523786,EPG,EPG(PB08)_R4,R,6
40558,ER3d_b,ER3d_b_L,L,523786,EPG,EPG(PB08)_R4,R,6
37437,ER3d_e,ER3d_e_L,L,523786,EPG,EPG(PB08)_R4,R,6
30592,ER3d_b,ER3d_b_R,R,523786,EPG,EPG(PB08)_R4,R,6
22644,ER3d_a,ER3d_a_R,R,523786,EPG,EPG(PB08)_R4,R,6
17078,ER5,ER5_R,R,523786,EPG,EPG(PB08)_R4,R,6
14963,ER5,ER5_L,L,523786,EPG,EPG(PB08)_R4,R,6
11605,ER5,ER5_R,R,523786,EPG,EPG(PB08)_R4,R,6
527150,ER3d_a,ER3d_a_L,L,11987,EPG,EPG(PB08)_R5,R,6
526552,ER3w_b,ER3w_b_R,R,11987,EPG,EPG(PB08)_R5,R,6
49869,ER3p_b,ER3p_b_R,R,11987,EPG,EPG(PB08)_R5,R,6
46262,ER3d_b,ER3d_b_L,L,11987,EPG,EPG(PB08)_R5,R,6
44830,ER3d_e,ER3d_e_R,R,11987,EPG,EPG(PB08)_R5,R,6
42264,ER3d_e,ER3d_e_R,R,11987,EPG,EPG(PB08)_R5,R,6
40558,ER3d_b,ER3d_b_L,L,11987,EPG,EPG(PB08)_R5,R,6
38084,ER3m,ER3m_L,L,11987,EPG,EPG(PB08)_R5,R,6
24459,ER4d,ER4d_L,L,11987,EPG,EPG(PB08)_R5,R,6
24076,ER4d,ER4d_R,R,11987,EPG,EPG(PB08)_R5,R,6
21449,ER2_c,ER2_c_R,R,11987,EPG,EPG(PB08)_R5,R,6
16343,ER4d,ER4d_R,R,11987,EPG,EPG(PB08)_R5,R,6
48956,ER3d_b,ER3d_b_R,R,513033,EPG,EPG(PB08)_L8,L,6
47859,ER3d_c,ER3d_c_R,R,513033,EPG,EPG(PB08)_L8,L,6
46262,ER3d_b,ER3d_b_L,L,513033,EPG,EPG(PB08)_L8,L,6
38084,ER3m,ER3m_L,L,513033,EPG,EPG(PB08)_L8,L,6
33589,ER3d_b,ER3d_b_L,L,513033,EPG,EPG(PB08)_L8,L,6
31684,ER3d_a,ER3d_a_R,R,513033,EPG,EPG(PB08)_L8,L,6
31263,ER3d_b,ER3d_b_R,R,513033,EPG,EPG(PB08)_L8,L,6
29046,ER3d_b,ER3d_b_R,R,513033,EPG,EPG(PB08)_L8,L,6
28701,ER3d_b,ER3d_b_R,R,513033,EPG,EPG(PB08)_L8,L,6
27770,ER3w_b,ER3w_b_R,R,513033,EPG,EPG(PB08)_L8,L,6
24076,ER4d,ER4d_R,R,513033,EPG,EPG(PB08)_L8,L,6
23080,ER4d,ER4d_R,R,513033,EPG,EPG(PB08)_L8,L,6
18633,ER5,ER5_L,L,513033,EPG,EPG(PB08)_L8,L,6
14963,ER5,ER5_L,L,513033,EPG,EPG(PB08)_L8,L,6
527199,ER3d_e,ER3d_e_L,L,19125,EPG,EPG(PB08)_R5,R,6
526552,ER3w_b,ER3w_b_R,R,19125,EPG,EPG(PB08)_R5,R,6
40558,ER3d_b,ER3d_b_L,L,19125,EPG,EPG(PB08)_R5,R,6
37817,ER3d_e,ER3d_e_R,R,19125,EPG,EPG(PB08)_R5,R,6
48291,ER3w_b,ER3w_b_L,L,131313,EPG,EPG(PB08)_R6,R,6
31684,ER3d_a,ER3d_a_R,R,131313,EPG,EPG(PB08)_R6,R,6
25203,ER3w_c,ER3w_c_L,L,131313,EPG,EPG(PB08)_R6,R,6
23874,ER4d,ER4d_R,R,131313,EPG,EPG(PB08)_R6,R,6
19169,ER3m,ER3m_L,L,131313,EPG,EPG(PB08)_R6,R,6
18508,ER2_c,ER2_c_L,L,131313,EPG,EPG(PB08)_R6,R,6
522806,ER3d_c,ER3d_c_R,R,513517,EPG,EPG(PB08)_L4,L,6
51382,ER3d_b,ER3d_b_L,L,513517,EPG,EPG(PB08)_L4,L,6
49378,ER3d_c,ER3d_c_R,R,513517,EPG,EPG(PB08)_L4,L,6
47036,ER3d_a,ER3d_a_R,R,513517,EPG,EPG(PB08)_L4,L,6
44010,ER3w_b,ER3w_b_L,L,513517,EPG,EPG(PB08)_L4,L,6
37437,ER3d_e,ER3d_e_L,L,513517,EPG,EPG(PB08)_L4,L,6
22644,ER3d_a,ER3d_a_R,R,513517,EPG,EPG(PB08)_L4,L,6
18377,ER3w_b,ER3w_b_L,L,513517,EPG,EPG(PB08)_L4,L,6
12059,ER5,ER5_R,R,513517,EPG,EPG(PB08)_L4,L,6
527653,ER4d,ER4d_L,L,556347,EPG,EPG(PB08)_R4,R,6
527297,ER5,ER5_R,R,556347,EPG,EPG(PB08)_R4,R,6
53618,ER3p_b,ER3p_b_L,L,556347,EPG,EPG(PB08)_R4,R,6
23080,ER4d,ER4d_R,R,556347,EPG,EPG(PB08)_R4,R,6
22644,ER3d_a,ER3d_a_R,R,556347,EPG,EPG(PB08)_R4,R,6
17591,ER4d,ER4d_R,R,556347,EPG,EPG(PB08)_R4,R,6
17561,ER3m,ER3m_R,R,556347,EPG,EPG(PB08)_R4,R,6
521528,ER5,ER5_L,L,521409,EPG,EPG(PB08)_L8,L,6
53618,ER3p_b,ER3p_b_L,L,521409,EPG,EPG(PB08)_L8,L,6
37758,ER3d_a,ER3d_a_R,R,521409,EPG,EPG(PB08)_L8,L,6
37437,ER3d_e,ER3d_e_L,L,521409,EPG,EPG(PB08)_L8,L,6
28701,ER3d_b,ER3d_b_R,R,521409,EPG,EPG(PB08)_L8,L,6
27348,ER3m,ER3m_L,L,521409,EPG,EPG(PB08)_L8,L,6
27246,ER3d_d,ER3d_d_R,R,521409,EPG,EPG(PB08)_L8,L,6
26939,ER3m,ER3m_R,R,521409,EPG,EPG(PB08)_L8,L,6
22644,ER3d_a,ER3d_a_R,R,521409,EPG,EPG(PB08)_L8,L,6
19791,ER4d,ER4d_L,L,521409,EPG,EPG(PB08)_L8,L,6
16343,ER4d,ER4d_R,R,521409,EPG,EPG(PB08)_L8,L,6
527150,ER3d_a,ER3d_a_L,L,513463,EPG,EPG(PB08)_R2,R,6
521528,ER5,ER5_L,L,513463,EPG,EPG(PB08)_R2,R,6
513379,ER5,ER5_R,R,513463,EPG,EPG(PB08)_R2,R,6
29046,ER3d_b,ER3d_b_R,R,513463,EPG,EPG(PB08)_R2,R,6
26295,ER3m,ER3m_R,R,513463,EPG,EPG(PB08)_R2,R,6
18633,ER5,ER5_L,L,513463,EPG,EPG(PB08)_R2,R,6
59337,ER3w_b,ER3w_b_L,L,520818,EPG,EPG(PB08)_L4,L,6
18508,ER2_c,ER2_c_L,L,520818,EPG,EPG(PB08)_L4,L,6
16343,ER4d,ER4d_R,R,520818,EPG,EPG(PB08)_L4,L,6
52832,ER3m,ER3m_R,R,12449,EPG,EPG(PB08)_L5,L,6
49378,ER3d_c,ER3d_c_R,R,12449,EPG,EPG(PB08)_L5,L,6
45134,ER3p_b,ER3p_b_L,L,12449,EPG,EPG(PB08)_L5,L,6
33589,ER3d_b,ER3d_b_L,L,12449,EPG,EPG(PB08)_L5,L,6
30178,ER3d_b,ER3d_b_R,R,12449,EPG,EPG(PB08)_L5,L,6
26939,ER3m,ER3m_R,R,12449,EPG,EPG(PB08)_L5,L,6
24459,ER4d,ER4d_L,L,12449,EPG,EPG(PB08)_L5,L,6
23874,ER4d,ER4d_R,R,12449,EPG,EPG(PB08)_L5,L,6
23197,ER4d,ER4d_L,L,12449,EPG,EPG(PB08)_L5,L,6
17078,ER5,ER5_R,R,12449,EPG,EPG(PB08)_L5,L,6
513678,ER3w_b,ER3w_b_R,R,10539,EPG,EPG(PB08)_R2,R,6
49378,ER3d_c,ER3d_c_R,R,10539,EPG,EPG(PB08)_R2,R,6
48956,ER3d_b,ER3d_b_R,R,10539,EPG,EPG(PB08)_R2,R,6
46262,ER3d_b,ER3d_b_L,L,10539,EPG,EPG(PB08)_R2,R,6
44909,ER5,ER5_L,L,10539,EPG,EPG(PB08)_R2,R,6
38084,ER3m,ER3m_L,L,10539,EPG,EPG(PB08)_R2,R,6
25494,ER3d_e,ER3d_e_L,L,10539,EPG,EPG(PB08)_R2,R,6
21664,ER3d_e,ER3d_e_R,R,10539,EPG,EPG(PB08)_R2,R,6
521528,ER5,ER5_L,L,14727,EPG,EPG(PB08)_L7,L,6
47859,ER3d_c,ER3d_c_R,R,14727,EPG,EPG(PB08)_L7,L,6
45134,ER3p_b,ER3p_b_L,L,14727,EPG,EPG(PB08)_L7,L,6
44830,ER3d_e,ER3d_e_R,R,14727,EPG,EPG(PB08)_L7,L,6
27246,ER3d_d,ER3d_d_R,R,14727,EPG,EPG(PB08)_L7,L,6
24879,ER4d,ER4d_L,L,14727,EPG,EPG(PB08)_L7,L,6
23874,ER4d,ER4d_R,R,14727,EPG,EPG(PB08)_L7,L,6
18633,ER5,ER5_L,L,14727,EPG,EPG(PB08)_L7,L,6
527199,ER3d_e,ER3d_e_L,L,519140,EPG,EPG(PB08)_L1,L,6
44422,ER3m,ER3m_L,L,519140,EPG,EPG(PB08)_L1,L,6
44127,ER3d_d,ER3d_d_R,R,519140,EPG,EPG(PB08)_L1,L,6
38084,ER3m,ER3m_L,L,519140,EPG,EPG(PB08)_L1,L,6
27348,ER3m,ER3m_L,L,519140,EPG,EPG(PB08)_L1,L,6
24122,ER4d,ER4d_R,R,519140,EPG,EPG(PB08)_L1,L,6
22461,ER4d,ER4d_R,R,519140,EPG,EPG(PB08)_L1,L,6
19323,ER4d,ER4d_R,R,519140,EPG,EPG(PB08)_L1,L,6
19072,ER5,ER5_R,R,519140,EPG,EPG(PB08)_L1,L,6
18633,ER5,ER5_L,L,519140,EPG,EPG(PB08)_L1,L,6
16343,ER4d,ER4d_R,R,519140,EPG,EPG(PB08)_L1,L,6
527297,ER5,ER5_R,R,15616,EPG,EPG(PB08)_R3,R,6
527150,ER3d_a,ER3d_a_L,L,15616,EPG,EPG(PB08)_R3,R,6
521535,ER5,ER5_L,L,15616,EPG,EPG(PB08)_R3,R,6
521528,ER5,ER5_L,L,15616,EPG,EPG(PB08)_R3,R,6
51382,ER3d_b,ER3d_b_L,L,15616,EPG,EPG(PB08)_R3,R,6
47186,ER3m,ER3m_R,R,15616,EPG,EPG(PB08)_R3,R,6
44127,ER3d_d,ER3d_d_R,R,15616,EPG,EPG(PB08)_R3,R,6
38084,ER3m,ER3m_L,L,15616,EPG,EPG(PB08)_R3,R,6
30206,ER5,ER5_R,R,15616,EPG,EPG(PB08)_R3,R,6
23197,ER4d,ER4d_L,L,15616,EPG,EPG(PB08)_R3,R,6
22461,ER4d,ER4d_R,R,15616,EPG,EPG(PB08)_R3,R,6
19323,ER4d,ER4d_R,R,15616,EPG,EPG(PB08)_R3,R,6
17561,ER3m,ER3m_R,R,15616,EPG,EPG(PB08)_R3,R,6
11605,ER5,ER5_R,R,15616,EPG,EPG(PB08)_R3,R,6
51382,ER3d_b,ER3d_b_L,L,16360,EPG,EPG(PB08)_L6,L,6
49869,ER3p_b,ER3p_b_R,R,16360,EPG,EPG(PB08)_L6,L,6
47186,ER3m,ER3m_R,R,16360,EPG,EPG(PB08)_L6,L,6
42264,ER3d_e,ER3d_e_R,R,16360,EPG,EPG(PB08)_L6,L,6
38306,ER3d_a,ER3d_a_L,L,16360,EPG,EPG(PB08)_L6,L,6
28430,ER3m,ER3m_L,L,16360,EPG,EPG(PB08)_L6,L,6
27013,ER3m,ER3m_L,L,16360,EPG,EPG(PB08)_L6,L,6
24076,ER4d,ER4d_R,R,16360,EPG,EPG(PB08)_L6,L,6
19323,ER4d,ER4d_R,R,16360,EPG,EPG(PB08)_L6,L,6
17561,ER3m,ER3m_R,R,16360,EPG,EPG(PB08)_L6,L,6
10043,ER5,ER5_L,L,16360,EPG,EPG(PB08)_L6,L,6
526552,ER3w_b,ER3w_b_R,R,515675,EPG,EPG(PB08)_R1,R,6
63782,ER3d_c,ER3d_c_L,L,515675,EPG,EPG(PB08)_R1,R,6
44830,ER3d_e,ER3d_e_R,R,515675,EPG,EPG(PB08)_R1,R,6
39798,ER5,ER5_L,L,515675,EPG,EPG(PB08)_R1,R,6
23197,ER4d,ER4d_L,L,515675,EPG,EPG(PB08)_R1,R,6
12059,ER5,ER5_R,R,515675,EPG,EPG(PB08)_R1,R,6
51382,ER3d_b,ER3d_b_L,L,514126,EPG,EPG(PB08)_R5,R,6
47036,ER3d_a,ER3d_a_R,R,514126,EPG,EPG(PB08)_R5,R,6
39798,ER5,ER5_L,L,514126,EPG,EPG(PB08)_R5,R,6
29046,ER3d_b,ER3d_b_R,R,514126,EPG,EPG(PB08)_R5,R,6
27348,ER3m,ER3m_L,L,514126,EPG,EPG(PB08)_R5,R,6
22644,ER3d_a,ER3d_a_R,R,514126,EPG,EPG(PB08)_R5,R,6
527150,ER3d_a,ER3d_a_L,L,513520,EPG,EPG(PB08)_R6,R,6
527199,ER3d_e,ER3d_e_L,L,513520,EPG,EPG(PB08)_R6,R,6
27013,ER3m,ER3m_L,L,513520,EPG,EPG(PB08)_R6,R,6
21664,ER3d_e,ER3d_e_R,R,513520,EPG,EPG(PB08)_R6,R,6
12059,ER5,ER5_R,R,513520,EPG,EPG(PB08)_R6,R,6
53618,ER3p_b,ER3p_b_L,L,11874,EPG,EPG(PB08)_L7,L,6
47036,ER3d_a,ER3d_a_R,R,11874,EPG,EPG(PB08)_L7,L,6
35641,ER3d_c,ER3d_c_L,L,11874,EPG,EPG(PB08)_L7,L,6
25494,ER3d_e,ER3d_e_L,L,11874,EPG,EPG(PB08)_L7,L,6
22644,ER3d_a,ER3d_a_R,R,11874,EPG,EPG(PB08)_L7,L,6
63782,ER3d_c,ER3d_c_L,L,512514,EPG,EPG(PB08)_L1,L,6
49869,ER3p_b,ER3p_b_R,R,512514,EPG,EPG(PB08)_L1,L,6
46262,ER3d_b,ER3d_b_L,L,512514,EPG,EPG(PB08)_L1,L,6
37437,ER3d_e,ER3d_e_L,L,512514,EPG,EPG(PB08)_L1,L,6
26295,ER3m,ER3m_R,R,512514,EPG,EPG(PB08)_L1,L,6
24459,ER4d,ER4d_L,L,512514,EPG,EPG(PB08)_L1,L,6
19169,ER3m,ER3m_L,L,512514,EPG,EPG(PB08)_L1,L,6
17078,ER5,ER5_R,R,512514,EPG,EPG(PB08)_L1,L,6
527199,ER3d_e,ER3d_e_L,L,88342,EPG,EPG(PB08)_L3,L,6
521528,ER5,ER5_L,L,88342,EPG,EPG(PB08)_L3,L,6
514180,ER3p_b,ER3p_b_R,R,88342,EPG,EPG(PB08)_L3,L,6
513379,ER5,ER5_R,R,88342,EPG,EPG(PB08)_L3,L,6
52832,ER3m,ER3m_R,R,88342,EPG,EPG(PB08)_L3,L,6
49378,ER3d_c,ER3d_c_R,R,88342,EPG,EPG(PB08)_L3,L,6
44127,ER3d_d,ER3d_d_R,R,88342,EPG,EPG(PB08)_L3,L,6
38306,ER3d_a,ER3d_a_L,L,88342,EPG,EPG(PB08)_L3,L,6
37817,ER3d_e,ER3d_e_R,R,88342,EPG,EPG(PB08)_L3,L,6
23874,ER4d,ER4d_R,R,88342,EPG,EPG(PB08)_L3,L,6
19323,ER4d,ER4d_R,R,88342,EPG,EPG(PB08)_L3,L,6
17591,ER4d,ER4d_R,R,88342,EPG,EPG(PB08)_L3,L,6
10043,ER5,ER5_L,L,88342,EPG,EPG(PB08)_L3,L,6
532637,ER3m,ER3m_R,R,15713,EPG,EPG(PB08)_L6,L,6
512608,ER3d_b,ER3d_b_R,R,15713,EPG,EPG(PB08)_L6,L,6
46341,ER3w_b,ER3w_b_L,L,15713,EPG,EPG(PB08)_L6,L,6
39503,ER3p_a,ER3p_a_L,L,15713,EPG,EPG(PB08)_L6,L,6
37437,ER3d_e,ER3d_e_L,L,15713,EPG,EPG(PB08)_L6,L,6
30178,ER3d_b,ER3d_b_R,R,15713,EPG,EPG(PB08)_L6,L,6
25203,ER3w_c,ER3w_c_L,L,15713,EPG,EPG(PB08)_L6,L,6
21664,ER3d_e,ER3d_e_R,R,15713,EPG,EPG(PB08)_L6,L,6
19569,ER2_c,ER2_c_R,R,15713,EPG,EPG(PB08)_L6,L,6
49869,ER3p_b,ER3p_b_R,R,520581,EPG,EPG(PB08)_R4,R,6
49378,ER3d_c,ER3d_c_R,R,520581,EPG,EPG(PB08)_R4,R,6
44127,ER3d_d,ER3d_d_R,R,520581,EPG,EPG(PB08)_R4,R,6
33589,ER3d_b,ER3d_b_L,L,520581,EPG,EPG(PB08)_R4,R,6
25841,ER3w_b,ER3w_b_L,L,520581,EPG,EPG(PB08)_R4,R,6
17561,ER3m,ER3m_R,R,520581,EPG,EPG(PB08)_R4,R,6
524068,ER3d_b,ER3d_b_L,L,13217,EPG,EPG(PB08)_L8,L,6
521528,ER5,ER5_L,L,13217,EPG,EPG(PB08)_L8,L,6
514180,ER3p_b,ER3p_b_R,R,13217,EPG,EPG(PB08)_L8,L,6
512608,ER3d_b,ER3d_b_R,R,13217,EPG,EPG(PB08)_L8,L,6
49378,ER3d_c,ER3d_c_R,R,13217,EPG,EPG(PB08)_L8,L,6
48956,ER3d_b,ER3d_b_R,R,13217,EPG,EPG(PB08)_L8,L,6
48291,ER3w_b,ER3w_b_L,L,13217,EPG,EPG(PB08)_L8,L,6
46262,ER3d_b,ER3d_b_L,L,13217,EPG,EPG(PB08)_L8,L,6
38306,ER3d_a,ER3d_a_L,L,13217,EPG,EPG(PB08)_L8,L,6
35641,ER3d_c,ER3d_c_L,L,13217,EPG,EPG(PB08)_L8,L,6
27269,ER3d_c,ER3d_c_L,L,13217,EPG,EPG(PB08)_L8,L,6
27246,ER3d_d,ER3d_d_R,R,13217,EPG,EPG(PB08)_L8,L,6
25494,ER3d_e,ER3d_e_L,L,13217,EPG,EPG(PB08)_L8,L,6
527297,ER5,ER5_R,R,92188,EPG,EPG(PB08)_R7,R,6
45134,ER3p_b,ER3p_b_L,L,92188,EPG,EPG(PB08)_R7,R,6
37437,ER3d_e,ER3d_e_L,L,92188,EPG,EPG(PB08)_R7,R,6
28701,ER3d_b,ER3d_b_R,R,92188,EPG,EPG(PB08)_R7,R,6
27013,ER3m,ER3m_L,L,92188,EPG,EPG(PB08)_R7,R,6
23080,ER4d,ER4d_R,R,92188,EPG,EPG(PB08)_R7,R,6
18633,ER5,ER5_L,L,92188,EPG,EPG(PB08)_R7,R,6
11605,ER5,ER5_R,R,92188,EPG,EPG(PB08)_R7,R,6
53618,ER3p_b,ER3p_b_L,L,521812,EPG,EPG(PB08)_R7,R,6
46262,ER3d_b,ER3d_b_L,L,521812,EPG,EPG(PB08)_R7,R,6
37758,ER3d_a,ER3d_a_R,R,521812,EPG,EPG(PB08)_R7,R,6
35641,ER3d_c,ER3d_c_L,L,521812,EPG,EPG(PB08)_R7,R,6
25501,ER3w_b,ER3w_b_L,L,521812,EPG,EPG(PB08)_R7,R,6
24122,ER4d,ER4d_R,R,521812,EPG,EPG(PB08)_R7,R,6
19791,ER4d,ER4d_L,L,521812,EPG,EPG(PB08)_R7,R,6
527199,ER3d_e,ER3d_e_L,L,521813,EPG,EPG(PB08)_L2,L,6
63782,ER3d_c,ER3d_c_L,L,521813,EPG,EPG(PB08)_L2,L,6
44127,ER3d_d,ER3d_d_R,R,521813,EPG,EPG(PB08)_L2,L,6
31263,ER3d_b,ER3d_b_R,R,521813,EPG,EPG(PB08)_L2,L,6
26939,ER3m,ER3m_R,R,521813,EPG,EPG(PB08)_L2,L,6
14963,ER5,ER5_L,L,521813,EPG,EPG(PB08)_L2,L,6
12059,ER5,ER5_R,R,521813,EPG,EPG(PB08)_L2,L,6
568502,ER5,ER5_R,R,512513,EPG,EPG(PB08)_R1,R,6
514180,ER3p_b,ER3p_b_R,R,512513,EPG,EPG(PB08)_R1,R,6
512608,ER3d_b,ER3d_b_R,R,512513,EPG,EPG(PB08)_R1,R,6
49378,ER3d_c,ER3d_c_R,R,512513,EPG,EPG(PB08)_R1,R,6
31263,ER3d_b,ER3d_b_R,R,512513,EPG,EPG(PB08)_R1,R,6
30592,ER3d_b,ER3d_b_R,R,512513,EPG,EPG(PB08)_R1,R,6
28701,ER3d_b,ER3d_b_R,R,512513,EPG,EPG(PB08)_R1,R,6
27246,ER3d_d,ER3d_d_R,R,512513,EPG,EPG(PB08)_R1,R,6
19791,ER4d,ER4d_L,L,512513,EPG,EPG(PB08)_R1,R,6
17078,ER5,ER5_R,R,512513,EPG,EPG(PB08)_R1,R,6
11605,ER5,ER5_R,R,512513,EPG,EPG(PB08)_R1,R,6
521528,ER5,ER5_L,L,519941,EPG,EPG(PB08)_L3,L,5
513379,ER5,ER5_R,R,519941,EPG,EPG(PB08)_L3,L,5
63782,ER3d_c,ER3d_c_L,L,519941,EPG,EPG(PB08)_L3,L,5
44814,ER3m,ER3m_L,L,519941,EPG,EPG(PB08)_L3,L,5
40558,ER3d_b,ER3d_b_L,L,519941,EPG,EPG(PB08)_L3,L,5
34038,ER3d_b,ER3d_b_L,L,519941,EPG,EPG(PB08)_L3,L,5
31263,ER3d_b,ER3d_b_R,R,519941,EPG,EPG(PB08)_L3,L,5
29177,ER3d_b,ER3d_b_R,R,519941,EPG,EPG(PB08)_L3,L,5
19072,ER5,ER5_R,R,519941,EPG,EPG(PB08)_L3,L,5
11605,ER5,ER5_R,R,519941,EPG,EPG(PB08)_L3,L,5
521535,ER5,ER5_L,L,11989,EPG,EPG(PB08)_L5,L,5
63782,ER3d_c,ER3d_c_L,L,11989,EPG,EPG(PB08)_L5,L,5
52832,ER3m,ER3m_R,R,11989,EPG,EPG(PB08)_L5,L,5
48956,ER3d_b,ER3d_b_R,R,11989,EPG,EPG(PB08)_L5,L,5
38084,ER3m,ER3m_L,L,11989,EPG,EPG(PB08)_L5,L,5
31263,ER3d_b,ER3d_b_R,R,11989,EPG,EPG(PB08)_L5,L,5
27770,ER3w_b,ER3w_b_R,R,11989,EPG,EPG(PB08)_L5,L,5
26295,ER3m,ER3m_R,R,11989,EPG,EPG(PB08)_L5,L,5
20026,ER5,ER5_L,L,11989,EPG,EPG(PB08)_L5,L,5
19072,ER5,ER5_R,R,11989,EPG,EPG(PB08)_L5,L,5
532637,ER3m,ER3m_R,R,107195,EPG,EPG(PB08)_L5,L,5
522806,ER3d_c,ER3d_c_R,R,107195,EPG,EPG(PB08)_L5,L,5
46262,ER3d_b,ER3d_b_L,L,107195,EPG,EPG(PB08)_L5,L,5
44422,ER3m,ER3m_L,L,107195,EPG,EPG(PB08)_L5,L,5
43683,ER3w_a,ER3w_a_R,R,107195,EPG,EPG(PB08)_L5,L,5
31684,ER3d_a,ER3d_a_R,R,107195,EPG,EPG(PB08)_L5,L,5
30206,ER5,ER5_R,R,107195,EPG,EPG(PB08)_L5,L,5
24459,ER4d,ER4d_L,L,107195,EPG,EPG(PB08)_L5,L,5
23197,ER4d,ER4d_L,L,107195,EPG,EPG(PB08)_L5,L,5
22461,ER4d,ER4d_R,R,107195,EPG,EPG(PB08)_L5,L,5
527150,ER3d_a,ER3d_a_L,L,519328,EPG,EPG(PB08)_L3,L,5
49378,ER3d_c,ER3d_c_R,R,519328,EPG,EPG(PB08)_L3,L,5
37817,ER3d_e,ER3d_e_R,R,519328,EPG,EPG(PB08)_L3,L,5
33589,ER3d_b,ER3d_b_L,L,519328,EPG,EPG(PB08)_L3,L,5
25494,ER3d_e,ER3d_e_L,L,519328,EPG,EPG(PB08)_L3,L,5
14284,ER5,ER5_R,R,519328,EPG,EPG(PB08)_L3,L,5
532637,ER3m,ER3m_R,R,512928,EPG,EPG(PB08)_R3,R,5
527297,ER5,ER5_R,R,512928,EPG,EPG(PB08)_R3,R,5
521535,ER5,ER5_L,L,512928,EPG,EPG(PB08)_R3,R,5
47859,ER3d_c,ER3d_c_R,R,512928,EPG,EPG(PB08)_R3,R,5
44830,ER3d_e,ER3d_e_R,R,512928,EPG,EPG(PB08)_R3,R,5
39798,ER5,ER5_L,L,512928,EPG,EPG(PB08)_R3,R,5
37758,ER3d_a,ER3d_a_R,R,512928,EPG,EPG(PB08)_R3,R,5
34038,ER3d_b,ER3d_b_L,L,512928,EPG,EPG(PB08)_R3,R,5
30592,ER3d_b,ER3d_b_R,R,512928,EPG,EPG(PB08)_R3,R,5
30178,ER3d_b,ER3d_b_R,R,512928,EPG,EPG(PB08)_R3,R,5
27246,ER3d_d,ER3d_d_R,R,512928,EPG,EPG(PB08)_R3,R,5
24122,ER4d,ER4d_R,R,512928,EPG,EPG(PB08)_R3,R,5
18633,ER5,ER5_L,L,512928,EPG,EPG(PB08)_R3,R,5
14963,ER5,ER5_L,L,512928,EPG,EPG(PB08)_R3,R,5
10043,ER5,ER5_L,L,512928,EPG,EPG(PB08)_R3,R,5
527150,ER3d_a,ER3d_a_L,L,14507,EPG,EPG(PB08)_R7,R,5
527199,ER3d_e,ER3d_e_L,L,14507,EPG,EPG(PB08)_R7,R,5
63782,ER3d_c,ER3d_c_L,L,14507,EPG,EPG(PB08)_R7,R,5
53618,ER3p_b,ER3p_b_L,L,14507,EPG,EPG(PB08)_R7,R,5
38084,ER3m,ER3m_L,L,14507,EPG,EPG(PB08)_R7,R,5
37758,ER3d_a,ER3d_a_R,R,14507,EPG,EPG(PB08)_R7,R,5
33589,ER3d_b,ER3d_b_L,L,14507,EPG,EPG(PB08)_R7,R,5
25494,ER3d_e,ER3d_e_L,L,14507,EPG,EPG(PB08)_R7,R,5
24076,ER4d,ER4d_R,R,14507,EPG,EPG(PB08)_R7,R,5
23197,ER4d,ER4d_L,L,14507,EPG,EPG(PB08)_R7,R,5
23080,ER4d,ER4d_R,R,14507,EPG,EPG(PB08)_R7,R,5
22644,ER3d_a,ER3d_a_R,R,14507,EPG,EPG(PB08)_R7,R,5
19169,ER3m,ER3m_L,L,14507,EPG,EPG(PB08)_R7,R,5
514180,ER3p_b,ER3p_b_R,R,524073,EPG,EPG(PB08)_L2,L,5
50007,ER3p_a,ER3p_a_L,L,524073,EPG,EPG(PB08)_L2,L,5
47186,ER3m,ER3m_R,R,524073,EPG,EPG(PB08)_L2,L,5
47036,ER3d_a,ER3d_a_R,R,524073,EPG,EPG(PB08)_L2,L,5
34038,ER3d_b,ER3d_b_L,L,524073,EPG,EPG(PB08)_L2,L,5
33589,ER3d_b,ER3d_b_L,L,524073,EPG,EPG(PB08)_L2,L,5
30206,ER5,ER5_R,R,524073,EPG,EPG(PB08)_L2,L,5
29046,ER3d_b,ER3d_b_R,R,524073,EPG,EPG(PB08)_L2,L,5
26295,ER3m,ER3m_R,R,524073,EPG,EPG(PB08)_L2,L,5
19169,ER3m,ER3m_L,L,524073,EPG,EPG(PB08)_L2,L,5
47036,ER3d_a,ER3d_a_R,R,519144,EPG,EPG(PB08)_L8,L,5
522806,ER3d_c,ER3d_c_R,R,512305,EPG,EPG(PB08)_R8,R,5
63782,ER3d_c,ER3d_c_L,L,512305,EPG,EPG(PB08)_R8,R,5
52832,ER3m,ER3m_R,R,512305,EPG,EPG(PB08)_R8,R,5
39798,ER5,ER5_L,L,512305,EPG,EPG(PB08)_R8,R,5
38306,ER3d_a,ER3d_a_L,L,512305,EPG,EPG(PB08)_R8,R,5
37817,ER3d_e,ER3d_e_R,R,512305,EPG,EPG(PB08)_R8,R,5
28701,ER3d_b,ER3d_b_R,R,512305,EPG,EPG(PB08)_R8,R,5
27013,ER3m,ER3m_L,L,512305,EPG,EPG(PB08)_R8,R,5
26295,ER3m,ER3m_R,R,512305,EPG,EPG(PB08)_R8,R,5
17561,ER3m,ER3m_R,R,512305,EPG,EPG(PB08)_R8,R,5
12059,ER5,ER5_R,R,512305,EPG,EPG(PB08)_R8,R,5
514180,ER3p_b,ER3p_b_R,R,513464,EPG,EPG(PB08)_R8,R,5
47186,ER3m,ER3m_R,R,513464,EPG,EPG(PB08)_R8,R,5
39503,ER3p_a,ER3p_a_L,L,513464,EPG,EPG(PB08)_R8,R,5
37817,ER3d_e,ER3d_e_R,R,513464,EPG,EPG(PB08)_R8,R,5
37758,ER3d_a,ER3d_a_R,R,513464,EPG,EPG(PB08)_R8,R,5
27269,ER3d_c,ER3d_c_L,L,513464,EPG,EPG(PB08)_R8,R,5
23197,ER4d,ER4d_L,L,513464,EPG,EPG(PB08)_R8,R,5
22644,ER3d_a,ER3d_a_R,R,513464,EPG,EPG(PB08)_R8,R,5
522806,ER3d_c,ER3d_c_R,R,19825,EPG,EPG(PB08)_R6,R,5
23197,ER4d,ER4d_L,L,19825,EPG,EPG(PB08)_R6,R,5
21664,ER3d_e,ER3d_e_R,R,19825,EPG,EPG(PB08)_R6,R,5
19169,ER3m,ER3m_L,L,19825,EPG,EPG(PB08)_R6,R,5
527199,ER3d_e,ER3d_e_L,L,11307,EPG,EPG(PB08)_L4,L,5
53618,ER3p_b,ER3p_b_L,L,11307,EPG,EPG(PB08)_L4,L,5
49869,ER3p_b,ER3p_b_R,R,11307,EPG,EPG(PB08)_L4,L,5
45134,ER3p_b,ER3p_b_L,L,11307,EPG,EPG(PB08)_L4,L,5
27348,ER3m,ER3m_L,L,11307,EPG,EPG(PB08)_L4,L,5
26939,ER3m,ER3m_R,R,11307,EPG,EPG(PB08)_L4,L,5
19169,ER3m,ER3m_L,L,11307,EPG,EPG(PB08)_L4,L,5
63782,ER3d_c,ER3d_c_L,L,11503,EPG,EPG(PB08)_R8,R,5
49869,ER3p_b,ER3p_b_R,R,11503,EPG,EPG(PB08)_R8,R,5
38306,ER3d_a,ER3d_a_L,L,11503,EPG,EPG(PB08)_R8,R,5
28701,ER3d_b,ER3d_b_R,R,11503,EPG,EPG(PB08)_R8,R,5
10043,ER5,ER5_L,L,11503,EPG,EPG(PB08)_R8,R,5
530339,ER3d_d,ER3d_d_L,L,84758,EPG,EPG(PB08)_L7,L,5
527653,ER4d,ER4d_L,L,84758,EPG,EPG(PB08)_L7,L,5
524068,ER3d_b,ER3d_b_L,L,84758,EPG,EPG(PB08)_L7,L,5
521534,ER5,ER5_L,L,84758,EPG,EPG(PB08)_L7,L,5
48956,ER3d_b,ER3d_b_R,R,84758,EPG,EPG(PB08)_L7,L,5
47186,ER3m,ER3m_R,R,84758,EPG,EPG(PB08)_L7,L,5
44909,ER5,ER5_L,L,84758,EPG,EPG(PB08)_L7,L,5
37437,ER3d_e,ER3d_e_L,L,84758,EPG,EPG(PB08)_L7,L,5
31263,ER3d_b,ER3d_b_R,R,84758,EPG,EPG(PB08)_L7,L,5
27013,ER3m,ER3m_L,L,84758,EPG,EPG(PB08)_L7,L,5
23874,ER4d,ER4d_R,R,84758,EPG,EPG(PB08)_L7,L,5
18633,ER5,ER5_L,L,84758,EPG,EPG(PB08)_L7,L,5
16343,ER4d,ER4d_R,R,84758,EPG,EPG(PB08)_L7,L,5
12059,ER5,ER5_R,R,84758,EPG,EPG(PB08)_L7,L,5
10043,ER5,ER5_L,L,84758,EPG,EPG(PB08)_L7,L,5
521535,ER5,ER5_L,L,520812,EPG,EPG(PB08)_R8,R,5
521528,ER5,ER5_L,L,520812,EPG,EPG(PB08)_R8,R,5
521534,ER5,ER5_L,L,520812,EPG,EPG(PB08)_R8,R,5
48291,ER3w_b,ER3w_b_L,L,520812,EPG,EPG(PB08)_R8,R,5
47036,ER3d_a,ER3d_a_R,R,520812,EPG,EPG(PB08)_R8,R,5
31263,ER3d_b,ER3d_b_R,R,520812,EPG,EPG(PB08)_R8,R,5
27348,ER3m,ER3m_L,L,520812,EPG,EPG(PB08)_R8,R,5
27013,ER3m,ER3m_L,L,520812,EPG,EPG(PB08)_R8,R,5
22001,ER5,ER5_L,L,520812,EPG,EPG(PB08)_R8,R,5
19169,ER3m,ER3m_L,L,520812,EPG,EPG(PB08)_R8,R,5
12059,ER5,ER5_R,R,520812,EPG,EPG(PB08)_R8,R,5
527297,ER5,ER5_R,R,513284,EPG,EPG(PB08)_R3,R,5
44814,ER3m,ER3m_L,L,513284,EPG,EPG(PB08)_R3,R,5
40558,ER3d_b,ER3d_b_L,L,513284,EPG,EPG(PB08)_R3,R,5
27246,ER3d_d,ER3d_d_R,R,513284,EPG,EPG(PB08)_R3,R,5
19072,ER5,ER5_R,R,513284,EPG,EPG(PB08)_R3,R,5
17561,ER3m,ER3m_R,R,513284,EPG,EPG(PB08)_R3,R,5
522806,ER3d_c,ER3d_c_R,R,556346,EPG,EPG(PB08)_L6,L,5
51382,ER3d_b,ER3d_b_L,L,556346,EPG,EPG(PB08)_L6,L,5
47859,ER3d_c,ER3d_c_R,R,556346,EPG,EPG(PB08)_L6,L,5
37437,ER3d_e,ER3d_e_L,L,556346,EPG,EPG(PB08)_L6,L,5
33589,ER3d_b,ER3d_b_L,L,556346,EPG,EPG(PB08)_L6,L,5
27770,ER3w_b,ER3w_b_R,R,556346,EPG,EPG(PB08)_L6,L,5
26939,ER3m,ER3m_R,R,556346,EPG,EPG(PB08)_L6,L,5
24879,ER4d,ER4d_L,L,556346,EPG,EPG(PB08)_L6,L,5
17561,ER3m,ER3m_R,R,556346,EPG,EPG(PB08)_L6,L,5
568502,ER5,ER5_R,R,523786,EPG,EPG(PB08)_R4,R,5
527297,ER5,ER5_R,R,523786,EPG,EPG(PB08)_R4,R,5
527199,ER3d_e,ER3d_e_L,L,523786,EPG,EPG(PB08)_R4,R,5
526552,ER3w_b,ER3w_b_R,R,523786,EPG,EPG(PB08)_R4,R,5
522806,ER3d_c,ER3d_c_R,R,523786,EPG,EPG(PB08)_R4,R,5
47036,ER3d_a,ER3d_a_R,R,523786,EPG,EPG(PB08)_R4,R,5
39798,ER5,ER5_L,L,523786,EPG,EPG(PB08)_R4,R,5
27348,ER3m,ER3m_L,L,523786,EPG,EPG(PB08)_R4,R,5
27269,ER3d_c,ER3d_c_L,L,523786,EPG,EPG(PB08)_R4,R,5
26295,ER3m,ER3m_R,R,523786,EPG,EPG(PB08)_R4,R,5
18633,ER5,ER5_L,L,523786,EPG,EPG(PB08)_R4,R,5
14284,ER5,ER5_R,R,523786,EPG,EPG(PB08)_R4,R,5
527199,ER3d_e,ER3d_e_L,L,11987,EPG,EPG(PB08)_R5,R,5
48956,ER3d_b,ER3d_b_R,R,11987,EPG,EPG(PB08)_R5,R,5
37817,ER3d_e,ER3d_e_R,R,11987,EPG,EPG(PB08)_R5,R,5
31684,ER3d_a,ER3d_a_R,R,11987,EPG,EPG(PB08)_R5,R,5
27348,ER3m,ER3m_L,L,11987,EPG,EPG(PB08)_R5,R,5
522759,ER3d_d,ER3d_d_L,L,513033,EPG,EPG(PB08)_L8,L,5
512608,ER3d_b,ER3d_b_R,R,513033,EPG,EPG(PB08)_L8,L,5
44909,ER5,ER5_L,L,513033,EPG,EPG(PB08)_L8,L,5
44830,ER3d_e,ER3d_e_R,R,513033,EPG,EPG(PB08)_L8,L,5
42264,ER3d_e,ER3d_e_R,R,513033,EPG,EPG(PB08)_L8,L,5
37817,ER3d_e,ER3d_e_R,R,513033,EPG,EPG(PB08)_L8,L,5
37437,ER3d_e,ER3d_e_L,L,513033,EPG,EPG(PB08)_L8,L,5
27454,ER3d_c,ER3d_c_R,R,513033,EPG,EPG(PB08)_L8,L,5
26843,ER3w_b,ER3w_b_R,R,513033,EPG,EPG(PB08)_L8,L,5
22644,ER3d_a,ER3d_a_R,R,513033,EPG,EPG(PB08)_L8,L,5
11605,ER5,ER5_R,R,513033,EPG,EPG(PB08)_L8,L,5
52832,ER3m,ER3m_R,R,19125,EPG,EPG(PB08)_R5,R,5
34038,ER3d_b,ER3d_b_L,L,19125,EPG,EPG(PB08)_R5,R,5
31684,ER3d_a,ER3d_a_R,R,19125,EPG,EPG(PB08)_R5,R,5
30592,ER3d_b,ER3d_b_R,R,19125,EPG,EPG(PB08)_R5,R,5
30178,ER3d_b,ER3d_b_R,R,19125,EPG,EPG(PB08)_R5,R,5
29046,ER3d_b,ER3d_b_R,R,19125,EPG,EPG(PB08)_R5,R,5
27348,ER3m,ER3m_L,L,19125,EPG,EPG(PB08)_R5,R,5
26673,ER3w_b,ER3w_b_L,L,19125,EPG,EPG(PB08)_R5,R,5
25494,ER3d_e,ER3d_e_L,L,19125,EPG,EPG(PB08)_R5,R,5
24459,ER4d,ER4d_L,L,19125,EPG,EPG(PB08)_R5,R,5
21664,ER3d_e,ER3d_e_R,R,19125,EPG,EPG(PB08)_R5,R,5
568502,ER5,ER5_R,R,131313,EPG,EPG(PB08)_R6,R,5
49869,ER3p_b,ER3p_b_R,R,131313,EPG,EPG(PB08)_R6,R,5
46341,ER3w_b,ER3w_b_L,L,131313,EPG,EPG(PB08)_R6,R,5
37817,ER3d_e,ER3d_e_R,R,131313,EPG,EPG(PB08)_R6,R,5
37758,ER3d_a,ER3d_a_R,R,131313,EPG,EPG(PB08)_R6,R,5
25494,ER3d_e,ER3d_e_L,L,131313,EPG,EPG(PB08)_R6,R,5
22644,ER3d_a,ER3d_a_R,R,131313,EPG,EPG(PB08)_R6,R,5
22461,ER4d,ER4d_R,R,131313,EPG,EPG(PB08)_R6,R,5
17591,ER4d,ER4d_R,R,131313,EPG,EPG(PB08)_R6,R,5
17419,ER6,ER6_R,R,131313,EPG,EPG(PB08)_R6,R,5
16343,ER4d,ER4d_R,R,131313,EPG,EPG(PB08)_R6,R,5
526552,ER3w_b,ER3w_b_R,R,513517,EPG,EPG(PB08)_L4,L,5
52832,ER3m,ER3m_R,R,513517,EPG,EPG(PB08)_L4,L,5
47859,ER3d_c,ER3d_c_R,R,513517,EPG,EPG(PB08)_L4,L,5
44830,ER3d_e,ER3d_e_R,R,513517,EPG,EPG(PB08)_L4,L,5
44422,ER3m,ER3m_L,L,513517,EPG,EPG(PB08)_L4,L,5
37817,ER3d_e,ER3d_e_R,R,513517,EPG,EPG(PB08)_L4,L,5
33589,ER3d_b,ER3d_b_L,L,513517,EPG,EPG(PB08)_L4,L,5
29046,ER3d_b,ER3d_b_R,R,513517,EPG,EPG(PB08)_L4,L,5
28701,ER3d_b,ER3d_b_R,R,513517,EPG,EPG(PB08)_L4,L,5
28430,ER3m,ER3m_L,L,513517,EPG,EPG(PB08)_L4,L,5
26673,ER3w_b,ER3w_b_L,L,513517,EPG,EPG(PB08)_L4,L,5
19169,ER3m,ER3m_L,L,513517,EPG,EPG(PB08)_L4,L,5
17171,ER5,ER5_R,R,513517,EPG,EPG(PB08)_L4,L,5
17078,ER5,ER5_R,R,513517,EPG,EPG(PB08)_L4,L,5
10043,ER5,ER5_L,L,513517,EPG,EPG(PB08)_L4,L,5
522806,ER3d_c,ER3d_c_R,R,556347,EPG,EPG(PB08)_R4,R,5
47036,ER3d_a,ER3d_a_R,R,556347,EPG,EPG(PB08)_R4,R,5
31684,ER3d_a,ER3d_a_R,R,556347,EPG,EPG(PB08)_R4,R,5
28701,ER3d_b,ER3d_b_R,R,556347,EPG,EPG(PB08)_R4,R,5
27348,ER3m,ER3m_L,L,556347,EPG,EPG(PB08)_R4,R,5
17078,ER5,ER5_R,R,556347,EPG,EPG(PB08)_R4,R,5
14284,ER5,ER5_R,R,556347,EPG,EPG(PB08)_R4,R,5
527653,ER4d,ER4d_L,L,521409,EPG,EPG(PB08)_L8,L,5
513379,ER5,ER5_R,R,521409,EPG,EPG(PB08)_L8,L,5
50007,ER3p_a,ER3p_a_L,L,521409,EPG,EPG(PB08)_L8,L,5
47036,ER3d_a,ER3d_a_R,R,521409,EPG,EPG(PB08)_L8,L,5
44814,ER3m,ER3m_L,L,521409,EPG,EPG(PB08)_L8,L,5
38306,ER3d_a,ER3d_a_L,L,521409,EPG,EPG(PB08)_L8,L,5
33589,ER3d_b,ER3d_b_L,L,521409,EPG,EPG(PB08)_L8,L,5
31684,ER3d_a,ER3d_a_R,R,521409,EPG,EPG(PB08)_L8,L,5
27454,ER3d_c,ER3d_c_R,R,521409,EPG,EPG(PB08)_L8,L,5
63782,ER3d_c,ER3d_c_L,L,513463,EPG,EPG(PB08)_R2,R,5
53618,ER3p_b,ER3p_b_L,L,513463,EPG,EPG(PB08)_R2,R,5
47859,ER3d_c,ER3d_c_R,R,513463,EPG,EPG(PB08)_R2,R,5
44909,ER5,ER5_L,L,513463,EPG,EPG(PB08)_R2,R,5
44422,ER3m,ER3m_L,L,513463,EPG,EPG(PB08)_R2,R,5
42264,ER3d_e,ER3d_e_R,R,513463,EPG,EPG(PB08)_R2,R,5
39798,ER5,ER5_L,L,513463,EPG,EPG(PB08)_R2,R,5
38306,ER3d_a,ER3d_a_L,L,513463,EPG,EPG(PB08)_R2,R,5
31263,ER3d_b,ER3d_b_R,R,513463,EPG,EPG(PB08)_R2,R,5
30592,ER3d_b,ER3d_b_R,R,513463,EPG,EPG(PB08)_R2,R,5
30206,ER5,ER5_R,R,513463,EPG,EPG(PB08)_R2,R,5
12059,ER5,ER5_R,R,513463,EPG,EPG(PB08)_R2,R,5
10043,ER5,ER5_L,L,513463,EPG,EPG(PB08)_R2,R,5
527297,ER5,ER5_R,R,520818,EPG,EPG(PB08)_L4,L,5
512319,ER6,ER6_L,L,520818,EPG,EPG(PB08)_L4,L,5
47859,ER3d_c,ER3d_c_R,R,520818,EPG,EPG(PB08)_L4,L,5
47036,ER3d_a,ER3d_a_R,R,520818,EPG,EPG(PB08)_L4,L,5
45134,ER3p_b,ER3p_b_L,L,520818,EPG,EPG(PB08)_L4,L,5
42264,ER3d_e,ER3d_e_R,R,520818,EPG,EPG(PB08)_L4,L,5
38084,ER3m,ER3m_L,L,520818,EPG,EPG(PB08)_L4,L,5
37437,ER3d_e,ER3d_e_L,L,520818,EPG,EPG(PB08)_L4,L,5
28701,ER3d_b,ER3d_b_R,R,520818,EPG,EPG(PB08)_L4,L,5
25494,ER3d_e,ER3d_e_L,L,520818,EPG,EPG(PB08)_L4,L,5
22644,ER3d_a,ER3d_a_R,R,520818,EPG,EPG(PB08)_L4,L,5
19169,ER3m,ER3m_L,L,520818,EPG,EPG(PB08)_L4,L,5
17561,ER3m,ER3m_R,R,520818,EPG,EPG(PB08)_L4,L,5
522759,ER3d_d,ER3d_d_L,L,12449,EPG,EPG(PB08)_L5,L,5
51382,ER3d_b,ER3d_b_L,L,12449,EPG,EPG(PB08)_L5,L,5
47186,ER3m,ER3m_R,R,12449,EPG,EPG(PB08)_L5,L,5
44830,ER3d_e,ER3d_e_R,R,12449,EPG,EPG(PB08)_L5,L,5
38084,ER3m,ER3m_L,L,12449,EPG,EPG(PB08)_L5,L,5
37817,ER3d_e,ER3d_e_R,R,12449,EPG,EPG(PB08)_L5,L,5
30206,ER5,ER5_R,R,12449,EPG,EPG(PB08)_L5,L,5
27348,ER3m,ER3m_L,L,12449,EPG,EPG(PB08)_L5,L,5
26295,ER3m,ER3m_R,R,12449,EPG,EPG(PB08)_L5,L,5
25494,ER3d_e,ER3d_e_L,L,12449,EPG,EPG(PB08)_L5,L,5
23080,ER4d,ER4d_R,R,12449,EPG,EPG(PB08)_L5,L,5
17561,ER3m,ER3m_R,R,12449,EPG,EPG(PB08)_L5,L,5
10043,ER5,ER5_L,L,12449,EPG,EPG(PB08)_L5,L,5
522759,ER3d_d,ER3d_d_L,L,10539,EPG,EPG(PB08)_R2,R,5
521528,ER5,ER5_L,L,10539,EPG,EPG(PB08)_R2,R,5
63782,ER3d_c,ER3d_c_L,L,10539,EPG,EPG(PB08)_R2,R,5
52832,ER3m,ER3m_R,R,10539,EPG,EPG(PB08)_R2,R,5
47036,ER3d_a,ER3d_a_R,R,10539,EPG,EPG(PB08)_R2,R,5
34038,ER3d_b,ER3d_b_L,L,10539,EPG,EPG(PB08)_R2,R,5
30592,ER3d_b,ER3d_b_R,R,10539,EPG,EPG(PB08)_R2,R,5
30178,ER3d_b,ER3d_b_R,R,10539,EPG,EPG(PB08)_R2,R,5
27770,ER3w_b,ER3w_b_R,R,10539,EPG,EPG(PB08)_R2,R,5
532637,ER3m,ER3m_R,R,14727,EPG,EPG(PB08)_L7,L,5
527150,ER3d_a,ER3d_a_L,L,14727,EPG,EPG(PB08)_L7,L,5
522806,ER3d_c,ER3d_c_R,R,14727,EPG,EPG(PB08)_L7,L,5
44127,ER3d_d,ER3d_d_R,R,14727,EPG,EPG(PB08)_L7,L,5
31684,ER3d_a,ER3d_a_R,R,14727,EPG,EPG(PB08)_L7,L,5
532637,ER3m,ER3m_R,R,519140,EPG,EPG(PB08)_L1,L,5
52832,ER3m,ER3m_R,R,519140,EPG,EPG(PB08)_L1,L,5
51382,ER3d_b,ER3d_b_L,L,519140,EPG,EPG(PB08)_L1,L,5
31263,ER3d_b,ER3d_b_R,R,519140,EPG,EPG(PB08)_L1,L,5
23197,ER4d,ER4d_L,L,519140,EPG,EPG(PB08)_L1,L,5
22644,ER3d_a,ER3d_a_R,R,519140,EPG,EPG(PB08)_L1,L,5
17561,ER3m,ER3m_R,R,519140,EPG,EPG(PB08)_L1,L,5
17171,ER5,ER5_R,R,519140,EPG,EPG(PB08)_L1,L,5
530339,ER3d_d,ER3d_d_L,L,15616,EPG,EPG(PB08)_R3,R,5
27454,ER3d_c,ER3d_c_R,R,15616,EPG,EPG(PB08)_R3,R,5
26939,ER3m,ER3m_R,R,15616,EPG,EPG(PB08)_R3,R,5
19072,ER5,ER5_R,R,15616,EPG,EPG(PB08)_R3,R,5
17171,ER5,ER5_R,R,15616,EPG,EPG(PB08)_R3,R,5
16343,ER4d,ER4d_R,R,15616,EPG,EPG(PB08)_R3,R,5
14284,ER5,ER5_R,R,15616,EPG,EPG(PB08)_R3,R,5
527150,ER3d_a,ER3d_a_L,L,16360,EPG,EPG(PB08)_L6,L,5
63782,ER3d_c,ER3d_c_L,L,16360,EPG,EPG(PB08)_L6,L,5
49378,ER3d_c,ER3d_c_R,R,16360,EPG,EPG(PB08)_L6,L,5
47036,ER3d_a,ER3d_a_R,R,16360,EPG,EPG(PB08)_L6,L,5
44422,ER3m,ER3m_L,L,16360,EPG,EPG(PB08)_L6,L,5
37817,ER3d_e,ER3d_e_R,R,16360,EPG,EPG(PB08)_L6,L,5
37437,ER3d_e,ER3d_e_L,L,16360,EPG,EPG(PB08)_L6,L,5
35641,ER3d_c,ER3d_c_L,L,16360,EPG,EPG(PB08)_L6,L,5
28701,ER3d_b,ER3d_b_R,R,16360,EPG,EPG(PB08)_L6,L,5
24122,ER4d,ER4d_R,R,16360,EPG,EPG(PB08)_L6,L,5
18633,ER5,ER5_L,L,16360,EPG,EPG(PB08)_L6,L,5
17591,ER4d,ER4d_R,R,16360,EPG,EPG(PB08)_L6,L,5
527150,ER3d_a,ER3d_a_L,L,515675,EPG,EPG(PB08)_R1,R,5
522759,ER3d_d,ER3d_d_L,L,515675,EPG,EPG(PB08)_R1,R,5
34038,ER3d_b,ER3d_b_L,L,515675,EPG,EPG(PB08)_R1,R,5
33589,ER3d_b,ER3d_b_L,L,515675,EPG,EPG(PB08)_R1,R,5
22001,ER5,ER5_L,L,515675,EPG,EPG(PB08)_R1,R,5
19072,ER5,ER5_R,R,515675,EPG,EPG(PB08)_R1,R,5
527150,ER3d_a,ER3d_a_L,L,514126,EPG,EPG(PB08)_R5,R,5
47186,ER3m,ER3m_R,R,514126,EPG,EPG(PB08)_R5,R,5
44830,ER3d_e,ER3d_e_R,R,514126,EPG,EPG(PB08)_R5,R,5
33589,ER3d_b,ER3d_b_L,L,514126,EPG,EPG(PB08)_R5,R,5
31684,ER3d_a,ER3d_a_R,R,514126,EPG,EPG(PB08)_R5,R,5
27454,ER3d_c,ER3d_c_R,R,514126,EPG,EPG(PB08)_R5,R,5
21664,ER3d_e,ER3d_e_R,R,514126,EPG,EPG(PB08)_R5,R,5
20026,ER5,ER5_L,L,514126,EPG,EPG(PB08)_R5,R,5
14963,ER5,ER5_L,L,514126,EPG,EPG(PB08)_R5,R,5
11605,ER5,ER5_R,R,514126,EPG,EPG(PB08)_R5,R,5
10043,ER5,ER5_L,L,514126,EPG,EPG(PB08)_R5,R,5
521535,ER5,ER5_L,L,513520,EPG,EPG(PB08)_R6,R,5
514180,ER3p_b,ER3p_b_R,R,513520,EPG,EPG(PB08)_R6,R,5
513379,ER5,ER5_R,R,513520,EPG,EPG(PB08)_R6,R,5
46262,ER3d_b,ER3d_b_L,L,513520,EPG,EPG(PB08)_R6,R,5
42264,ER3d_e,ER3d_e_R,R,513520,EPG,EPG(PB08)_R6,R,5
38306,ER3d_a,ER3d_a_L,L,513520,EPG,EPG(PB08)_R6,R,5
37817,ER3d_e,ER3d_e_R,R,513520,EPG,EPG(PB08)_R6,R,5
37758,ER3d_a,ER3d_a_R,R,513520,EPG,EPG(PB08)_R6,R,5
22461,ER4d,ER4d_R,R,513520,EPG,EPG(PB08)_R6,R,5
19072,ER5,ER5_R,R,513520,EPG,EPG(PB08)_R6,R,5
18633,ER5,ER5_L,L,513520,EPG,EPG(PB08)_R6,R,5
18377,ER3w_b,ER3w_b_L,L,513520,EPG,EPG(PB08)_R6,R,5
10043,ER5,ER5_L,L,513520,EPG,EPG(PB08)_R6,R,5
532637,ER3m,ER3m_R,R,11874,EPG,EPG(PB08)_L7,L,5
527150,ER3d_a,ER3d_a_L,L,11874,EPG,EPG(PB08)_L7,L,5
38306,ER3d_a,ER3d_a_L,L,11874,EPG,EPG(PB08)_L7,L,5
22001,ER5,ER5_L,L,11874,EPG,EPG(PB08)_L7,L,5
522759,ER3d_d,ER3d_d_L,L,512514,EPG,EPG(PB08)_L1,L,5
19791,ER4d,ER4d_L,L,512514,EPG,EPG(PB08)_L1,L,5
14464,ER6,ER6_L,L,512514,EPG,EPG(PB08)_L1,L,5
13094,ER4d,ER4d_R,R,512514,EPG,EPG(PB08)_L1,L,5
10043,ER5,ER5_L,L,512514,EPG,EPG(PB08)_L1,L,5
516944,ER5,ER5_L,L,88342,EPG,EPG(PB08)_L3,L,5
512608,ER3d_b,ER3d_b_R,R,88342,EPG,EPG(PB08)_L3,L,5
48956,ER3d_b,ER3d_b_R,R,88342,EPG,EPG(PB08)_L3,L,5
47186,ER3m,ER3m_R,R,88342,EPG,EPG(PB08)_L3,L,5
44909,ER5,ER5_L,L,88342,EPG,EPG(PB08)_L3,L,5
37437,ER3d_e,ER3d_e_L,L,88342,EPG,EPG(PB08)_L3,L,5
27348,ER3m,ER3m_L,L,88342,EPG,EPG(PB08)_L3,L,5
26841,ER3a_a,ER3a_a_L,L,88342,EPG,EPG(PB08)_L3,L,5
22644,ER3d_a,ER3d_a_R,R,88342,EPG,EPG(PB08)_L3,L,5
20026,ER5,ER5_L,L,88342,EPG,EPG(PB08)_L3,L,5
18633,ER5,ER5_L,L,88342,EPG,EPG(PB08)_L3,L,5
17561,ER3m,ER3m_R,R,88342,EPG,EPG(PB08)_L3,L,5
17171,ER5,ER5_R,R,88342,EPG,EPG(PB08)_L3,L,5
13094,ER4d,ER4d_R,R,88342,EPG,EPG(PB08)_L3,L,5
568502,ER5,ER5_R,R,15713,EPG,EPG(PB08)_L6,L,5
524068,ER3d_b,ER3d_b_L,L,15713,EPG,EPG(PB08)_L6,L,5
522806,ER3d_c,ER3d_c_R,R,15713,EPG,EPG(PB08)_L6,L,5
47036,ER3d_a,ER3d_a_R,R,15713,EPG,EPG(PB08)_L6,L,5
31684,ER3d_a,ER3d_a_R,R,15713,EPG,EPG(PB08)_L6,L,5
29177,ER3d_b,ER3d_b_R,R,15713,EPG,EPG(PB08)_L6,L,5
27348,ER3m,ER3m_L,L,15713,EPG,EPG(PB08)_L6,L,5
26843,ER3w_b,ER3w_b_R,R,15713,EPG,EPG(PB08)_L6,L,5
24549,ER3w_c,ER3w_c_L,L,15713,EPG,EPG(PB08)_L6,L,5
44830,ER3d_e,ER3d_e_R,R,520581,EPG,EPG(PB08)_R4,R,5
38084,ER3m,ER3m_L,L,520581,EPG,EPG(PB08)_R4,R,5
27454,ER3d_c,ER3d_c_R,R,520581,EPG,EPG(PB08)_R4,R,5
24879,ER4d,ER4d_L,L,520581,EPG,EPG(PB08)_R4,R,5
23874,ER4d,ER4d_R,R,520581,EPG,EPG(PB08)_R4,R,5
19323,ER4d,ER4d_R,R,520581,EPG,EPG(PB08)_R4,R,5
11605,ER5,ER5_R,R,520581,EPG,EPG(PB08)_R4,R,5
527150,ER3d_a,ER3d_a_L,L,13217,EPG,EPG(PB08)_L8,L,5
53618,ER3p_b,ER3p_b_L,L,13217,EPG,EPG(PB08)_L8,L,5
47186,ER3m,ER3m_R,R,13217,EPG,EPG(PB08)_L8,L,5
40558,ER3d_b,ER3d_b_L,L,13217,EPG,EPG(PB08)_L8,L,5
38084,ER3m,ER3m_L,L,13217,EPG,EPG(PB08)_L8,L,5
37758,ER3d_a,ER3d_a_R,R,13217,EPG,EPG(PB08)_L8,L,5
30206,ER5,ER5_R,R,13217,EPG,EPG(PB08)_L8,L,5
29046,ER3d_b,ER3d_b_R,R,13217,EPG,EPG(PB08)_L8,L,5
18633,ER5,ER5_L,L,13217,EPG,EPG(PB08)_L8,L,5
17078,ER5,ER5_R,R,13217,EPG,EPG(PB08)_L8,L,5
14284,ER5,ER5_R,R,13217,EPG,EPG(PB08)_L8,L,5
527199,ER3d_e,ER3d_e_L,L,92188,EPG,EPG(PB08)_R7,R,5
522759,ER3d_d,ER3d_d_L,L,92188,EPG,EPG(PB08)_R7,R,5
514180,ER3p_b,ER3p_b_R,R,92188,EPG,EPG(PB08)_R7,R,5
35641,ER3d_c,ER3d_c_L,L,92188,EPG,EPG(PB08)_R7,R,5
27454,ER3d_c,ER3d_c_R,R,92188,EPG,EPG(PB08)_R7,R,5
27246,ER3d_d,ER3d_d_R,R,92188,EPG,EPG(PB08)_R7,R,5
25494,ER3d_e,ER3d_e_L,L,92188,EPG,EPG(PB08)_R7,R,5
24076,ER4d,ER4d_R,R,92188,EPG,EPG(PB08)_R7,R,5
22644,ER3d_a,ER3d_a_R,R,92188,EPG,EPG(PB08)_R7,R,5
22001,ER5,ER5_L,L,92188,EPG,EPG(PB08)_R7,R,5
21664,ER3d_e,ER3d_e_R,R,92188,EPG,EPG(PB08)_R7,R,5
19323,ER4d,ER4d_R,R,92188,EPG,EPG(PB08)_R7,R,5
19169,ER3m,ER3m_L,L,92188,EPG,EPG(PB08)_R7,R,5
14284,ER5,ER5_R,R,92188,EPG,EPG(PB08)_R7,R,5
63782,ER3d_c,ER3d_c_L,L,521812,EPG,EPG(PB08)_R7,R,5
52832,ER3m,ER3m_R,R,521812,EPG,EPG(PB08)_R7,R,5
47186,ER3m,ER3m_R,R,521812,EPG,EPG(PB08)_R7,R,5
44814,ER3m,ER3m_L,L,521812,EPG,EPG(PB08)_R7,R,5
42264,ER3d_e,ER3d_e_R,R,521812,EPG,EPG(PB08)_R7,R,5
31263,ER3d_b,ER3d_b_R,R,521812,EPG,EPG(PB08)_R7,R,5
26939,ER3m,ER3m_R,R,521812,EPG,EPG(PB08)_R7,R,5
23197,ER4d,ER4d_L,L,521812,EPG,EPG(PB08)_R7,R,5
16343,ER4d,ER4d_R,R,521812,EPG,EPG(PB08)_R7,R,5
10043,ER5,ER5_L,L,521812,EPG,EPG(PB08)_R7,R,5
42264,ER3d_e,ER3d_e_R,R,521813,EPG,EPG(PB08)_L2,L,5
38306,ER3d_a,ER3d_a_L,L,521813,EPG,EPG(PB08)_L2,L,5
37817,ER3d_e,ER3d_e_R,R,521813,EPG,EPG(PB08)_L2,L,5
30206,ER5,ER5_R,R,521813,EPG,EPG(PB08)_L2,L,5
27770,ER3w_b,ER3w_b_R,R,521813,EPG,EPG(PB08)_L2,L,5
27013,ER3m,ER3m_L,L,521813,EPG,EPG(PB08)_L2,L,5
26295,ER3m,ER3m_R,R,521813,EPG,EPG(PB08)_L2,L,5
25494,ER3d_e,ER3d_e_L,L,521813,EPG,EPG(PB08)_L2,L,5
14284,ER5,ER5_R,R,521813,EPG,EPG(PB08)_L2,L,5
10043,ER5,ER5_L,L,521813,EPG,EPG(PB08)_L2,L,5
522759,ER3d_d,ER3d_d_L,L,512513,EPG,EPG(PB08)_R1,R,5
40558,ER3d_b,ER3d_b_L,L,512513,EPG,EPG(PB08)_R1,R,5
37437,ER3d_e,ER3d_e_L,L,512513,EPG,EPG(PB08)_R1,R,5
34038,ER3d_b,ER3d_b_L,L,512513,EPG,EPG(PB08)_R1,R,5
29177,ER3d_b,ER3d_b_R,R,512513,EPG,EPG(PB08)_R1,R,5
28430,ER3m,ER3m_L,L,512513,EPG,EPG(PB08)_R1,R,5
18633,ER5,ER5_L,L,512513,EPG,EPG(PB08)_R1,R,5
17171,ER5,ER5_R,R,512513,EPG,EPG(PB08)_R1,R,5
527297,ER5,ER5_R,R,519941,EPG,EPG(PB08)_L3,L,4
527150,ER3d_a,ER3d_a_L,L,519941,EPG,EPG(PB08)_L3,L,4
524068,ER3d_b,ER3d_b_L,L,519941,EPG,EPG(PB08)_L3,L,4
522759,ER3d_d,ER3d_d_L,L,519941,EPG,EPG(PB08)_L3,L,4
47859,ER3d_c,ER3d_c_R,R,519941,EPG,EPG(PB08)_L3,L,4
44422,ER3m,ER3m_L,L,519941,EPG,EPG(PB08)_L3,L,4
31684,ER3d_a,ER3d_a_R,R,519941,EPG,EPG(PB08)_L3,L,4
30592,ER3d_b,ER3d_b_R,R,519941,EPG,EPG(PB08)_L3,L,4
28430,ER3m,ER3m_L,L,519941,EPG,EPG(PB08)_L3,L,4
27348,ER3m,ER3m_L,L,519941,EPG,EPG(PB08)_L3,L,4
24122,ER4d,ER4d_R,R,519941,EPG,EPG(PB08)_L3,L,4
23197,ER4d,ER4d_L,L,519941,EPG,EPG(PB08)_L3,L,4
21664,ER3d_e,ER3d_e_R,R,519941,EPG,EPG(PB08)_L3,L,4
20026,ER5,ER5_L,L,519941,EPG,EPG(PB08)_L3,L,4
17171,ER5,ER5_R,R,519941,EPG,EPG(PB08)_L3,L,4
17078,ER5,ER5_R,R,519941,EPG,EPG(PB08)_L3,L,4
13094,ER4d,ER4d_R,R,519941,EPG,EPG(PB08)_L3,L,4
12059,ER5,ER5_R,R,519941,EPG,EPG(PB08)_L3,L,4
516944,ER5,ER5_L,L,11989,EPG,EPG(PB08)_L5,L,4
27454,ER3d_c,ER3d_c_R,R,11989,EPG,EPG(PB08)_L5,L,4
27348,ER3m,ER3m_L,L,11989,EPG,EPG(PB08)_L5,L,4
12059,ER5,ER5_R,R,11989,EPG,EPG(PB08)_L5,L,4
521528,ER5,ER5_L,L,107195,EPG,EPG(PB08)_L5,L,4
63782,ER3d_c,ER3d_c_L,L,107195,EPG,EPG(PB08)_L5,L,4
49869,ER3p_b,ER3p_b_R,R,107195,EPG,EPG(PB08)_L5,L,4
47186,ER3m,ER3m_R,R,107195,EPG,EPG(PB08)_L5,L,4
28701,ER3d_b,ER3d_b_R,R,107195,EPG,EPG(PB08)_L5,L,4
27454,ER3d_c,ER3d_c_R,R,107195,EPG,EPG(PB08)_L5,L,4
26295,ER3m,ER3m_R,R,107195,EPG,EPG(PB08)_L5,L,4
22644,ER3d_a,ER3d_a_R,R,107195,EPG,EPG(PB08)_L5,L,4
13094,ER4d,ER4d_R,R,107195,EPG,EPG(PB08)_L5,L,4
38084,ER3m,ER3m_L,L,519328,EPG,EPG(PB08)_L3,L,4
27013,ER3m,ER3m_L,L,519328,EPG,EPG(PB08)_L3,L,4
21664,ER3d_e,ER3d_e_R,R,519328,EPG,EPG(PB08)_L3,L,4
19791,ER4d,ER4d_L,L,519328,EPG,EPG(PB08)_L3,L,4
19072,ER5,ER5_R,R,519328,EPG,EPG(PB08)_L3,L,4
13094,ER4d,ER4d_R,R,519328,EPG,EPG(PB08)_L3,L,4
11605,ER5,ER5_R,R,519328,EPG,EPG(PB08)_L3,L,4
524068,ER3d_b,ER3d_b_L,L,512928,EPG,EPG(PB08)_R3,R,4
33589,ER3d_b,ER3d_b_L,L,512928,EPG,EPG(PB08)_R3,R,4
29177,ER3d_b,ER3d_b_R,R,512928,EPG,EPG(PB08)_R3,R,4
27269,ER3d_c,ER3d_c_L,L,512928,EPG,EPG(PB08)_R3,R,4
26939,ER3m,ER3m_R,R,512928,EPG,EPG(PB08)_R3,R,4
24879,ER4d,ER4d_L,L,512928,EPG,EPG(PB08)_R3,R,4
22644,ER3d_a,ER3d_a_R,R,512928,EPG,EPG(PB08)_R3,R,4
14284,ER5,ER5_R,R,512928,EPG,EPG(PB08)_R3,R,4
522806,ER3d_c,ER3d_c_R,R,14507,EPG,EPG(PB08)_R7,R,4
42264,ER3d_e,ER3d_e_R,R,14507,EPG,EPG(PB08)_R7,R,4
35641,ER3d_c,ER3d_c_L,L,14507,EPG,EPG(PB08)_R7,R,4
28701,ER3d_b,ER3d_b_R,R,14507,EPG,EPG(PB08)_R7,R,4
17591,ER4d,ER4d_R,R,14507,EPG,EPG(PB08)_R7,R,4
16343,ER4d,ER4d_R,R,14507,EPG,EPG(PB08)_R7,R,4
30178,ER3d_b,ER3d_b_R,R,524073,EPG,EPG(PB08)_L2,L,4
29177,ER3d_b,ER3d_b_R,R,524073,EPG,EPG(PB08)_L2,L,4
27269,ER3d_c,ER3d_c_L,L,524073,EPG,EPG(PB08)_L2,L,4
19072,ER5,ER5_R,R,524073,EPG,EPG(PB08)_L2,L,4
18633,ER5,ER5_L,L,524073,EPG,EPG(PB08)_L2,L,4
17561,ER3m,ER3m_R,R,524073,EPG,EPG(PB08)_L2,L,4
46262,ER3d_b,ER3d_b_L,L,519144,EPG,EPG(PB08)_L8,L,4
43683,ER3w_a,ER3w_a_R,R,519144,EPG,EPG(PB08)_L8,L,4
42264,ER3d_e,ER3d_e_R,R,519144,EPG,EPG(PB08)_L8,L,4
39798,ER5,ER5_L,L,519144,EPG,EPG(PB08)_L8,L,4
38084,ER3m,ER3m_L,L,519144,EPG,EPG(PB08)_L8,L,4
28701,ER3d_b,ER3d_b_R,R,519144,EPG,EPG(PB08)_L8,L,4
23197,ER4d,ER4d_L,L,519144,EPG,EPG(PB08)_L8,L,4
20026,ER5,ER5_L,L,519144,EPG,EPG(PB08)_L8,L,4
48956,ER3d_b,ER3d_b_R,R,512305,EPG,EPG(PB08)_R8,R,4
44422,ER3m,ER3m_L,L,512305,EPG,EPG(PB08)_R8,R,4
30206,ER5,ER5_R,R,512305,EPG,EPG(PB08)_R8,R,4
27348,ER3m,ER3m_L,L,512305,EPG,EPG(PB08)_R8,R,4
26939,ER3m,ER3m_R,R,512305,EPG,EPG(PB08)_R8,R,4
22644,ER3d_a,ER3d_a_R,R,512305,EPG,EPG(PB08)_R8,R,4
532637,ER3m,ER3m_R,R,513464,EPG,EPG(PB08)_R8,R,4
527150,ER3d_a,ER3d_a_L,L,513464,EPG,EPG(PB08)_R8,R,4
63782,ER3d_c,ER3d_c_L,L,513464,EPG,EPG(PB08)_R8,R,4
51382,ER3d_b,ER3d_b_L,L,513464,EPG,EPG(PB08)_R8,R,4
45134,ER3p_b,ER3p_b_L,L,513464,EPG,EPG(PB08)_R8,R,4
44814,ER3m,ER3m_L,L,513464,EPG,EPG(PB08)_R8,R,4
35641,ER3d_c,ER3d_c_L,L,513464,EPG,EPG(PB08)_R8,R,4
33589,ER3d_b,ER3d_b_L,L,513464,EPG,EPG(PB08)_R8,R,4
31263,ER3d_b,ER3d_b_R,R,513464,EPG,EPG(PB08)_R8,R,4
28701,ER3d_b,ER3d_b_R,R,513464,EPG,EPG(PB08)_R8,R,4
26295,ER3m,ER3m_R,R,513464,EPG,EPG(PB08)_R8,R,4
19072,ER5,ER5_R,R,513464,EPG,EPG(PB08)_R8,R,4
17561,ER3m,ER3m_R,R,513464,EPG,EPG(PB08)_R8,R,4
48956,ER3d_b,ER3d_b_R,R,19825,EPG,EPG(PB08)_R6,R,4
47859,ER3d_c,ER3d_c_R,R,19825,EPG,EPG(PB08)_R6,R,4
42264,ER3d_e,ER3d_e_R,R,19825,EPG,EPG(PB08)_R6,R,4
37758,ER3d_a,ER3d_a_R,R,19825,EPG,EPG(PB08)_R6,R,4
35641,ER3d_c,ER3d_c_L,L,19825,EPG,EPG(PB08)_R6,R,4
30206,ER5,ER5_R,R,19825,EPG,EPG(PB08)_R6,R,4
27454,ER3d_c,ER3d_c_R,R,19825,EPG,EPG(PB08)_R6,R,4
27348,ER3m,ER3m_L,L,19825,EPG,EPG(PB08)_R6,R,4
27246,ER3d_d,ER3d_d_R,R,19825,EPG,EPG(PB08)_R6,R,4
22001,ER5,ER5_L,L,19825,EPG,EPG(PB08)_R6,R,4
19323,ER4d,ER4d_R,R,19825,EPG,EPG(PB08)_R6,R,4
13094,ER4d,ER4d_R,R,19825,EPG,EPG(PB08)_R6,R,4
522759,ER3d_d,ER3d_d_L,L,11307,EPG,EPG(PB08)_L4,L,4
48956,ER3d_b,ER3d_b_R,R,11307,EPG,EPG(PB08)_L4,L,4
47186,ER3m,ER3m_R,R,11307,EPG,EPG(PB08)_L4,L,4
37758,ER3d_a,ER3d_a_R,R,11307,EPG,EPG(PB08)_L4,L,4
30592,ER3d_b,ER3d_b_R,R,11307,EPG,EPG(PB08)_L4,L,4
27454,ER3d_c,ER3d_c_R,R,11307,EPG,EPG(PB08)_L4,L,4
26841,ER3a_a,ER3a_a_L,L,11307,EPG,EPG(PB08)_L4,L,4
24122,ER4d,ER4d_R,R,11307,EPG,EPG(PB08)_L4,L,4
23080,ER4d,ER4d_R,R,11307,EPG,EPG(PB08)_L4,L,4
530339,ER3d_d,ER3d_d_L,L,11503,EPG,EPG(PB08)_R8,R,4
48956,ER3d_b,ER3d_b_R,R,11503,EPG,EPG(PB08)_R8,R,4
44909,ER5,ER5_L,L,11503,EPG,EPG(PB08)_R8,R,4
40558,ER3d_b,ER3d_b_L,L,11503,EPG,EPG(PB08)_R8,R,4
39798,ER5,ER5_L,L,11503,EPG,EPG(PB08)_R8,R,4
37437,ER3d_e,ER3d_e_L,L,11503,EPG,EPG(PB08)_R8,R,4
26295,ER3m,ER3m_R,R,11503,EPG,EPG(PB08)_R8,R,4
19072,ER5,ER5_R,R,11503,EPG,EPG(PB08)_R8,R,4
516944,ER5,ER5_L,L,84758,EPG,EPG(PB08)_L7,L,4
512319,ER6,ER6_L,L,84758,EPG,EPG(PB08)_L7,L,4
40558,ER3d_b,ER3d_b_L,L,84758,EPG,EPG(PB08)_L7,L,4
38306,ER3d_a,ER3d_a_L,L,84758,EPG,EPG(PB08)_L7,L,4
35641,ER3d_c,ER3d_c_L,L,84758,EPG,EPG(PB08)_L7,L,4
30178,ER3d_b,ER3d_b_R,R,84758,EPG,EPG(PB08)_L7,L,4
24459,ER4d,ER4d_L,L,84758,EPG,EPG(PB08)_L7,L,4
22001,ER5,ER5_L,L,84758,EPG,EPG(PB08)_L7,L,4
21664,ER3d_e,ER3d_e_R,R,84758,EPG,EPG(PB08)_L7,L,4
20026,ER5,ER5_L,L,84758,EPG,EPG(PB08)_L7,L,4
19791,ER4d,ER4d_L,L,84758,EPG,EPG(PB08)_L7,L,4
527150,ER3d_a,ER3d_a_L,L,520812,EPG,EPG(PB08)_R8,R,4
524068,ER3d_b,ER3d_b_L,L,520812,EPG,EPG(PB08)_R8,R,4
514180,ER3p_b,ER3p_b_R,R,520812,EPG,EPG(PB08)_R8,R,4
512608,ER3d_b,ER3d_b_R,R,520812,EPG,EPG(PB08)_R8,R,4
51382,ER3d_b,ER3d_b_L,L,520812,EPG,EPG(PB08)_R8,R,4
47859,ER3d_c,ER3d_c_R,R,520812,EPG,EPG(PB08)_R8,R,4
44830,ER3d_e,ER3d_e_R,R,520812,EPG,EPG(PB08)_R8,R,4
44814,ER3m,ER3m_L,L,520812,EPG,EPG(PB08)_R8,R,4
29046,ER3d_b,ER3d_b_R,R,520812,EPG,EPG(PB08)_R8,R,4
28701,ER3d_b,ER3d_b_R,R,520812,EPG,EPG(PB08)_R8,R,4
21664,ER3d_e,ER3d_e_R,R,520812,EPG,EPG(PB08)_R8,R,4
20026,ER5,ER5_L,L,520812,EPG,EPG(PB08)_R8,R,4
18633,ER5,ER5_L,L,520812,EPG,EPG(PB08)_R8,R,4
14963,ER5,ER5_L,L,520812,EPG,EPG(PB08)_R8,R,4
47859,ER3d_c,ER3d_c_R,R,513284,EPG,EPG(PB08)_R3,R,4
44422,ER3m,ER3m_L,L,513284,EPG,EPG(PB08)_R3,R,4
27348,ER3m,ER3m_L,L,513284,EPG,EPG(PB08)_R3,R,4
17171,ER5,ER5_R,R,513284,EPG,EPG(PB08)_R3,R,4
17078,ER5,ER5_R,R,513284,EPG,EPG(PB08)_R3,R,4
12059,ER5,ER5_R,R,513284,EPG,EPG(PB08)_R3,R,4
10043,ER5,ER5_L,L,513284,EPG,EPG(PB08)_R3,R,4
527297,ER5,ER5_R,R,556346,EPG,EPG(PB08)_L6,L,4
63782,ER3d_c,ER3d_c_L,L,556346,EPG,EPG(PB08)_L6,L,4
52832,ER3m,ER3m_R,R,556346,EPG,EPG(PB08)_L6,L,4
49378,ER3d_c,ER3d_c_R,R,556346,EPG,EPG(PB08)_L6,L,4
47036,ER3d_a,ER3d_a_R,R,556346,EPG,EPG(PB08)_L6,L,4
44909,ER5,ER5_L,L,556346,EPG,EPG(PB08)_L6,L,4
44814,ER3m,ER3m_L,L,556346,EPG,EPG(PB08)_L6,L,4
30592,ER3d_b,ER3d_b_R,R,556346,EPG,EPG(PB08)_L6,L,4
27269,ER3d_c,ER3d_c_L,L,556346,EPG,EPG(PB08)_L6,L,4
25203,ER3w_c,ER3w_c_L,L,556346,EPG,EPG(PB08)_L6,L,4
23197,ER4d,ER4d_L,L,556346,EPG,EPG(PB08)_L6,L,4
22644,ER3d_a,ER3d_a_R,R,556346,EPG,EPG(PB08)_L6,L,4
17171,ER5,ER5_R,R,556346,EPG,EPG(PB08)_L6,L,4
14284,ER5,ER5_R,R,556346,EPG,EPG(PB08)_L6,L,4
10043,ER5,ER5_L,L,556346,EPG,EPG(PB08)_L6,L,4
527150,ER3d_a,ER3d_a_L,L,523786,EPG,EPG(PB08)_R4,R,4
522759,ER3d_d,ER3d_d_L,L,523786,EPG,EPG(PB08)_R4,R,4
521528,ER5,ER5_L,L,523786,EPG,EPG(PB08)_R4,R,4
513379,ER5,ER5_R,R,523786,EPG,EPG(PB08)_R4,R,4
512606,ER3w_c,ER3w_c_L,L,523786,EPG,EPG(PB08)_R4,R,4
49378,ER3d_c,ER3d_c_R,R,523786,EPG,EPG(PB08)_R4,R,4
48956,ER3d_b,ER3d_b_R,R,523786,EPG,EPG(PB08)_R4,R,4
44909,ER5,ER5_L,L,523786,EPG,EPG(PB08)_R4,R,4
44830,ER3d_e,ER3d_e_R,R,523786,EPG,EPG(PB08)_R4,R,4
35641,ER3d_c,ER3d_c_L,L,523786,EPG,EPG(PB08)_R4,R,4
26939,ER3m,ER3m_R,R,523786,EPG,EPG(PB08)_R4,R,4
12059,ER5,ER5_R,R,523786,EPG,EPG(PB08)_R4,R,4
530339,ER3d_d,ER3d_d_L,L,11987,EPG,EPG(PB08)_R5,R,4
522806,ER3d_c,ER3d_c_R,R,11987,EPG,EPG(PB08)_R5,R,4
522759,ER3d_d,ER3d_d_L,L,11987,EPG,EPG(PB08)_R5,R,4
63782,ER3d_c,ER3d_c_L,L,11987,EPG,EPG(PB08)_R5,R,4
53618,ER3p_b,ER3p_b_L,L,11987,EPG,EPG(PB08)_R5,R,4
37437,ER3d_e,ER3d_e_L,L,11987,EPG,EPG(PB08)_R5,R,4
35641,ER3d_c,ER3d_c_L,L,11987,EPG,EPG(PB08)_R5,R,4
27269,ER3d_c,ER3d_c_L,L,11987,EPG,EPG(PB08)_R5,R,4
27246,ER3d_d,ER3d_d_R,R,11987,EPG,EPG(PB08)_R5,R,4
25494,ER3d_e,ER3d_e_L,L,11987,EPG,EPG(PB08)_R5,R,4
22644,ER3d_a,ER3d_a_R,R,11987,EPG,EPG(PB08)_R5,R,4
522806,ER3d_c,ER3d_c_R,R,513033,EPG,EPG(PB08)_L8,L,4
513379,ER5,ER5_R,R,513033,EPG,EPG(PB08)_L8,L,4
52832,ER3m,ER3m_R,R,513033,EPG,EPG(PB08)_L8,L,4
40558,ER3d_b,ER3d_b_L,L,513033,EPG,EPG(PB08)_L8,L,4
30592,ER3d_b,ER3d_b_R,R,513033,EPG,EPG(PB08)_L8,L,4
30178,ER3d_b,ER3d_b_R,R,513033,EPG,EPG(PB08)_L8,L,4
17078,ER5,ER5_R,R,513033,EPG,EPG(PB08)_L8,L,4
12059,ER5,ER5_R,R,513033,EPG,EPG(PB08)_L8,L,4
568502,ER5,ER5_R,R,19125,EPG,EPG(PB08)_R5,R,4
532637,ER3m,ER3m_R,R,19125,EPG,EPG(PB08)_R5,R,4
527150,ER3d_a,ER3d_a_L,L,19125,EPG,EPG(PB08)_R5,R,4
524068,ER3d_b,ER3d_b_L,L,19125,EPG,EPG(PB08)_R5,R,4
49378,ER3d_c,ER3d_c_R,R,19125,EPG,EPG(PB08)_R5,R,4
47859,ER3d_c,ER3d_c_R,R,19125,EPG,EPG(PB08)_R5,R,4
47036,ER3d_a,ER3d_a_R,R,19125,EPG,EPG(PB08)_R5,R,4
44830,ER3d_e,ER3d_e_R,R,19125,EPG,EPG(PB08)_R5,R,4
44814,ER3m,ER3m_L,L,19125,EPG,EPG(PB08)_R5,R,4
44127,ER3d_d,ER3d_d_R,R,19125,EPG,EPG(PB08)_R5,R,4
38084,ER3m,ER3m_L,L,19125,EPG,EPG(PB08)_R5,R,4
37758,ER3d_a,ER3d_a_R,R,19125,EPG,EPG(PB08)_R5,R,4
35641,ER3d_c,ER3d_c_L,L,19125,EPG,EPG(PB08)_R5,R,4
27454,ER3d_c,ER3d_c_R,R,19125,EPG,EPG(PB08)_R5,R,4
11605,ER5,ER5_R,R,19125,EPG,EPG(PB08)_R5,R,4
527150,ER3d_a,ER3d_a_L,L,131313,EPG,EPG(PB08)_R6,R,4
526552,ER3w_b,ER3w_b_R,R,131313,EPG,EPG(PB08)_R6,R,4
513379,ER5,ER5_R,R,131313,EPG,EPG(PB08)_R6,R,4
52832,ER3m,ER3m_R,R,131313,EPG,EPG(PB08)_R6,R,4
37437,ER3d_e,ER3d_e_L,L,131313,EPG,EPG(PB08)_R6,R,4
27246,ER3d_d,ER3d_d_R,R,131313,EPG,EPG(PB08)_R6,R,4
26295,ER3m,ER3m_R,R,131313,EPG,EPG(PB08)_R6,R,4
11605,ER5,ER5_R,R,131313,EPG,EPG(PB08)_R6,R,4
532637,ER3m,ER3m_R,R,513517,EPG,EPG(PB08)_L4,L,4
63782,ER3d_c,ER3d_c_L,L,513517,EPG,EPG(PB08)_L4,L,4
48956,ER3d_b,ER3d_b_R,R,513517,EPG,EPG(PB08)_L4,L,4
44814,ER3m,ER3m_L,L,513517,EPG,EPG(PB08)_L4,L,4
44127,ER3d_d,ER3d_d_R,R,513517,EPG,EPG(PB08)_L4,L,4
37758,ER3d_a,ER3d_a_R,R,513517,EPG,EPG(PB08)_L4,L,4
31684,ER3d_a,ER3d_a_R,R,513517,EPG,EPG(PB08)_L4,L,4
30592,ER3d_b,ER3d_b_R,R,513517,EPG,EPG(PB08)_L4,L,4
27269,ER3d_c,ER3d_c_L,L,513517,EPG,EPG(PB08)_L4,L,4
20026,ER5,ER5_L,L,513517,EPG,EPG(PB08)_L4,L,4
17561,ER3m,ER3m_R,R,513517,EPG,EPG(PB08)_L4,L,4
11605,ER5,ER5_R,R,513517,EPG,EPG(PB08)_L4,L,4
527199,ER3d_e,ER3d_e_L,L,556347,EPG,EPG(PB08)_R4,R,4
521534,ER5,ER5_L,L,556347,EPG,EPG(PB08)_R4,R,4
48956,ER3d_b,ER3d_b_R,R,556347,EPG,EPG(PB08)_R4,R,4
42264,ER3d_e,ER3d_e_R,R,556347,EPG,EPG(PB08)_R4,R,4
39798,ER5,ER5_L,L,556347,EPG,EPG(PB08)_R4,R,4
35641,ER3d_c,ER3d_c_L,L,556347,EPG,EPG(PB08)_R4,R,4
30206,ER5,ER5_R,R,556347,EPG,EPG(PB08)_R4,R,4
27454,ER3d_c,ER3d_c_R,R,556347,EPG,EPG(PB08)_R4,R,4
27269,ER3d_c,ER3d_c_L,L,556347,EPG,EPG(PB08)_R4,R,4
24459,ER4d,ER4d_L,L,556347,EPG,EPG(PB08)_R4,R,4
21664,ER3d_e,ER3d_e_R,R,556347,EPG,EPG(PB08)_R4,R,4
10043,ER5,ER5_L,L,556347,EPG,EPG(PB08)_R4,R,4
527150,ER3d_a,ER3d_a_L,L,521409,EPG,EPG(PB08)_L8,L,4
52832,ER3m,ER3m_R,R,521409,EPG,EPG(PB08)_L8,L,4
49378,ER3d_c,ER3d_c_R,R,521409,EPG,EPG(PB08)_L8,L,4
46262,ER3d_b,ER3d_b_L,L,521409,EPG,EPG(PB08)_L8,L,4
44830,ER3d_e,ER3d_e_R,R,521409,EPG,EPG(PB08)_L8,L,4
42264,ER3d_e,ER3d_e_R,R,521409,EPG,EPG(PB08)_L8,L,4
35641,ER3d_c,ER3d_c_L,L,521409,EPG,EPG(PB08)_L8,L,4
30592,ER3d_b,ER3d_b_R,R,521409,EPG,EPG(PB08)_L8,L,4
30178,ER3d_b,ER3d_b_R,R,521409,EPG,EPG(PB08)_L8,L,4
29177,ER3d_b,ER3d_b_R,R,521409,EPG,EPG(PB08)_L8,L,4
29046,ER3d_b,ER3d_b_R,R,521409,EPG,EPG(PB08)_L8,L,4
27269,ER3d_c,ER3d_c_L,L,521409,EPG,EPG(PB08)_L8,L,4
26295,ER3m,ER3m_R,R,521409,EPG,EPG(PB08)_L8,L,4
24459,ER4d,ER4d_L,L,521409,EPG,EPG(PB08)_L8,L,4
22001,ER5,ER5_L,L,521409,EPG,EPG(PB08)_L8,L,4
19072,ER5,ER5_R,R,521409,EPG,EPG(PB08)_L8,L,4
17591,ER4d,ER4d_R,R,521409,EPG,EPG(PB08)_L8,L,4
14963,ER5,ER5_L,L,521409,EPG,EPG(PB08)_L8,L,4
12059,ER5,ER5_R,R,521409,EPG,EPG(PB08)_L8,L,4
11605,ER5,ER5_R,R,521409,EPG,EPG(PB08)_L8,L,4
532637,ER3m,ER3m_R,R,513463,EPG,EPG(PB08)_R2,R,4
524068,ER3d_b,ER3d_b_L,L,513463,EPG,EPG(PB08)_R2,R,4
521534,ER5,ER5_L,L,513463,EPG,EPG(PB08)_R2,R,4
516944,ER5,ER5_L,L,513463,EPG,EPG(PB08)_R2,R,4
51382,ER3d_b,ER3d_b_L,L,513463,EPG,EPG(PB08)_R2,R,4
44814,ER3m,ER3m_L,L,513463,EPG,EPG(PB08)_R2,R,4
31684,ER3d_a,ER3d_a_R,R,513463,EPG,EPG(PB08)_R2,R,4
30178,ER3d_b,ER3d_b_R,R,513463,EPG,EPG(PB08)_R2,R,4
27348,ER3m,ER3m_L,L,513463,EPG,EPG(PB08)_R2,R,4
17171,ER5,ER5_R,R,513463,EPG,EPG(PB08)_R2,R,4
17078,ER5,ER5_R,R,513463,EPG,EPG(PB08)_R2,R,4
14963,ER5,ER5_L,L,513463,EPG,EPG(PB08)_R2,R,4
522759,ER3d_d,ER3d_d_L,L,520818,EPG,EPG(PB08)_L4,L,4
521534,ER5,ER5_L,L,520818,EPG,EPG(PB08)_L4,L,4
63782,ER3d_c,ER3d_c_L,L,520818,EPG,EPG(PB08)_L4,L,4
44814,ER3m,ER3m_L,L,520818,EPG,EPG(PB08)_L4,L,4
44422,ER3m,ER3m_L,L,520818,EPG,EPG(PB08)_L4,L,4
39798,ER5,ER5_L,L,520818,EPG,EPG(PB08)_L4,L,4
37817,ER3d_e,ER3d_e_R,R,520818,EPG,EPG(PB08)_L4,L,4
37758,ER3d_a,ER3d_a_R,R,520818,EPG,EPG(PB08)_L4,L,4
35641,ER3d_c,ER3d_c_L,L,520818,EPG,EPG(PB08)_L4,L,4
31684,ER3d_a,ER3d_a_R,R,520818,EPG,EPG(PB08)_L4,L,4
27269,ER3d_c,ER3d_c_L,L,520818,EPG,EPG(PB08)_L4,L,4
14963,ER5,ER5_L,L,520818,EPG,EPG(PB08)_L4,L,4
530339,ER3d_d,ER3d_d_L,L,12449,EPG,EPG(PB08)_L5,L,4
63782,ER3d_c,ER3d_c_L,L,12449,EPG,EPG(PB08)_L5,L,4
530339,ER3d_d,ER3d_d_L,L,10539,EPG,EPG(PB08)_R2,R,4
527150,ER3d_a,ER3d_a_L,L,10539,EPG,EPG(PB08)_R2,R,4
514180,ER3p_b,ER3p_b_R,R,10539,EPG,EPG(PB08)_R2,R,4
44422,ER3m,ER3m_L,L,10539,EPG,EPG(PB08)_R2,R,4
44127,ER3d_d,ER3d_d_R,R,10539,EPG,EPG(PB08)_R2,R,4
44010,ER3w_b,ER3w_b_L,L,10539,EPG,EPG(PB08)_R2,R,4
42264,ER3d_e,ER3d_e_R,R,10539,EPG,EPG(PB08)_R2,R,4
37758,ER3d_a,ER3d_a_R,R,10539,EPG,EPG(PB08)_R2,R,4
28701,ER3d_b,ER3d_b_R,R,10539,EPG,EPG(PB08)_R2,R,4
28430,ER3m,ER3m_L,L,10539,EPG,EPG(PB08)_R2,R,4
27013,ER3m,ER3m_L,L,10539,EPG,EPG(PB08)_R2,R,4
17561,ER3m,ER3m_R,R,10539,EPG,EPG(PB08)_R2,R,4
568502,ER5,ER5_R,R,14727,EPG,EPG(PB08)_L7,L,4
521534,ER5,ER5_L,L,14727,EPG,EPG(PB08)_L7,L,4
514180,ER3p_b,ER3p_b_R,R,14727,EPG,EPG(PB08)_L7,L,4
51382,ER3d_b,ER3d_b_L,L,14727,EPG,EPG(PB08)_L7,L,4
42264,ER3d_e,ER3d_e_R,R,14727,EPG,EPG(PB08)_L7,L,4
37758,ER3d_a,ER3d_a_R,R,14727,EPG,EPG(PB08)_L7,L,4
31263,ER3d_b,ER3d_b_R,R,14727,EPG,EPG(PB08)_L7,L,4
29046,ER3d_b,ER3d_b_R,R,14727,EPG,EPG(PB08)_L7,L,4
27454,ER3d_c,ER3d_c_R,R,14727,EPG,EPG(PB08)_L7,L,4
14963,ER5,ER5_L,L,14727,EPG,EPG(PB08)_L7,L,4
524068,ER3d_b,ER3d_b_L,L,519140,EPG,EPG(PB08)_L1,L,4
521534,ER5,ER5_L,L,519140,EPG,EPG(PB08)_L1,L,4
48956,ER3d_b,ER3d_b_R,R,519140,EPG,EPG(PB08)_L1,L,4
39798,ER5,ER5_L,L,519140,EPG,EPG(PB08)_L1,L,4
30592,ER3d_b,ER3d_b_R,R,519140,EPG,EPG(PB08)_L1,L,4
29177,ER3d_b,ER3d_b_R,R,519140,EPG,EPG(PB08)_L1,L,4
27246,ER3d_d,ER3d_d_R,R,519140,EPG,EPG(PB08)_L1,L,4
24459,ER4d,ER4d_L,L,519140,EPG,EPG(PB08)_L1,L,4
14963,ER5,ER5_L,L,519140,EPG,EPG(PB08)_L1,L,4
13094,ER4d,ER4d_R,R,519140,EPG,EPG(PB08)_L1,L,4
513379,ER5,ER5_R,R,15616,EPG,EPG(PB08)_R3,R,4
48956,ER3d_b,ER3d_b_R,R,15616,EPG,EPG(PB08)_R3,R,4
40558,ER3d_b,ER3d_b_L,L,15616,EPG,EPG(PB08)_R3,R,4
35641,ER3d_c,ER3d_c_L,L,15616,EPG,EPG(PB08)_R3,R,4
31263,ER3d_b,ER3d_b_R,R,15616,EPG,EPG(PB08)_R3,R,4
30592,ER3d_b,ER3d_b_R,R,15616,EPG,EPG(PB08)_R3,R,4
30178,ER3d_b,ER3d_b_R,R,15616,EPG,EPG(PB08)_R3,R,4
28430,ER3m,ER3m_L,L,15616,EPG,EPG(PB08)_R3,R,4
532637,ER3m,ER3m_R,R,16360,EPG,EPG(PB08)_L6,L,4
522806,ER3d_c,ER3d_c_R,R,16360,EPG,EPG(PB08)_L6,L,4
512608,ER3d_b,ER3d_b_R,R,16360,EPG,EPG(PB08)_L6,L,4
44909,ER5,ER5_L,L,16360,EPG,EPG(PB08)_L6,L,4
40558,ER3d_b,ER3d_b_L,L,16360,EPG,EPG(PB08)_L6,L,4
38084,ER3m,ER3m_L,L,16360,EPG,EPG(PB08)_L6,L,4
37758,ER3d_a,ER3d_a_R,R,16360,EPG,EPG(PB08)_L6,L,4
33589,ER3d_b,ER3d_b_L,L,16360,EPG,EPG(PB08)_L6,L,4
29177,ER3d_b,ER3d_b_R,R,16360,EPG,EPG(PB08)_L6,L,4
22644,ER3d_a,ER3d_a_R,R,16360,EPG,EPG(PB08)_L6,L,4
533062,ER3a_a,ER3a_a_L,L,515675,EPG,EPG(PB08)_R1,R,4
527297,ER5,ER5_R,R,515675,EPG,EPG(PB08)_R1,R,4
524068,ER3d_b,ER3d_b_L,L,515675,EPG,EPG(PB08)_R1,R,4
522806,ER3d_c,ER3d_c_R,R,515675,EPG,EPG(PB08)_R1,R,4
44909,ER5,ER5_L,L,515675,EPG,EPG(PB08)_R1,R,4
44127,ER3d_d,ER3d_d_R,R,515675,EPG,EPG(PB08)_R1,R,4
38306,ER3d_a,ER3d_a_L,L,515675,EPG,EPG(PB08)_R1,R,4
29177,ER3d_b,ER3d_b_R,R,515675,EPG,EPG(PB08)_R1,R,4
26295,ER3m,ER3m_R,R,515675,EPG,EPG(PB08)_R1,R,4
17171,ER5,ER5_R,R,515675,EPG,EPG(PB08)_R1,R,4
52832,ER3m,ER3m_R,R,514126,EPG,EPG(PB08)_R5,R,4
42264,ER3d_e,ER3d_e_R,R,514126,EPG,EPG(PB08)_R5,R,4
31263,ER3d_b,ER3d_b_R,R,514126,EPG,EPG(PB08)_R5,R,4
30171,ER3a_a,ER3a_a_R,R,514126,EPG,EPG(PB08)_R5,R,4
27269,ER3d_c,ER3d_c_L,L,514126,EPG,EPG(PB08)_R5,R,4
22001,ER5,ER5_L,L,514126,EPG,EPG(PB08)_R5,R,4
17171,ER5,ER5_R,R,514126,EPG,EPG(PB08)_R5,R,4
516944,ER5,ER5_L,L,513520,EPG,EPG(PB08)_R6,R,4
63782,ER3d_c,ER3d_c_L,L,513520,EPG,EPG(PB08)_R6,R,4
53618,ER3p_b,ER3p_b_L,L,513520,EPG,EPG(PB08)_R6,R,4
44909,ER5,ER5_L,L,513520,EPG,EPG(PB08)_R6,R,4
44814,ER3m,ER3m_L,L,513520,EPG,EPG(PB08)_R6,R,4
26295,ER3m,ER3m_R,R,513520,EPG,EPG(PB08)_R6,R,4
17591,ER4d,ER4d_R,R,513520,EPG,EPG(PB08)_R6,R,4
14284,ER5,ER5_R,R,513520,EPG,EPG(PB08)_R6,R,4
44422,ER3m,ER3m_L,L,11874,EPG,EPG(PB08)_L7,L,4
42264,ER3d_e,ER3d_e_R,R,11874,EPG,EPG(PB08)_L7,L,4
31684,ER3d_a,ER3d_a_R,R,11874,EPG,EPG(PB08)_L7,L,4
20026,ER5,ER5_L,L,11874,EPG,EPG(PB08)_L7,L,4
527297,ER5,ER5_R,R,512514,EPG,EPG(PB08)_L1,L,4
521528,ER5,ER5_L,L,512514,EPG,EPG(PB08)_L1,L,4
44830,ER3d_e,ER3d_e_R,R,512514,EPG,EPG(PB08)_L1,L,4
42264,ER3d_e,ER3d_e_R,R,512514,EPG,EPG(PB08)_L1,L,4
35641,ER3d_c,ER3d_c_L,L,512514,EPG,EPG(PB08)_L1,L,4
30592,ER3d_b,ER3d_b_R,R,512514,EPG,EPG(PB08)_L1,L,4
28701,ER3d_b,ER3d_b_R,R,512514,EPG,EPG(PB08)_L1,L,4
24122,ER4d,ER4d_R,R,512514,EPG,EPG(PB08)_L1,L,4
20026,ER5,ER5_L,L,512514,EPG,EPG(PB08)_L1,L,4
19072,ER5,ER5_R,R,512514,EPG,EPG(PB08)_L1,L,4
12059,ER5,ER5_R,R,512514,EPG,EPG(PB08)_L1,L,4
533062,ER3a_a,ER3a_a_L,L,88342,EPG,EPG(PB08)_L3,L,4
521534,ER5,ER5_L,L,88342,EPG,EPG(PB08)_L3,L,4
53618,ER3p_b,ER3p_b_L,L,88342,EPG,EPG(PB08)_L3,L,4
37758,ER3d_a,ER3d_a_R,R,88342,EPG,EPG(PB08)_L3,L,4
31263,ER3d_b,ER3d_b_R,R,88342,EPG,EPG(PB08)_L3,L,4
29046,ER3d_b,ER3d_b_R,R,88342,EPG,EPG(PB08)_L3,L,4
28430,ER3m,ER3m_L,L,88342,EPG,EPG(PB08)_L3,L,4
27454,ER3d_c,ER3d_c_R,R,88342,EPG,EPG(PB08)_L3,L,4
27246,ER3d_d,ER3d_d_R,R,88342,EPG,EPG(PB08)_L3,L,4
44127,ER3d_d,ER3d_d_R,R,15713,EPG,EPG(PB08)_L6,L,4
37817,ER3d_e,ER3d_e_R,R,15713,EPG,EPG(PB08)_L6,L,4
37758,ER3d_a,ER3d_a_R,R,15713,EPG,EPG(PB08)_L6,L,4
26939,ER3m,ER3m_R,R,15713,EPG,EPG(PB08)_L6,L,4
24459,ER4d,ER4d_L,L,15713,EPG,EPG(PB08)_L6,L,4
22001,ER5,ER5_L,L,15713,EPG,EPG(PB08)_L6,L,4
18633,ER5,ER5_L,L,15713,EPG,EPG(PB08)_L6,L,4
14464,ER6,ER6_L,L,15713,EPG,EPG(PB08)_L6,L,4
10043,ER5,ER5_L,L,15713,EPG,EPG(PB08)_L6,L,4
532637,ER3m,ER3m_R,R,520581,EPG,EPG(PB08)_R4,R,4
527150,ER3d_a,ER3d_a_L,L,520581,EPG,EPG(PB08)_R4,R,4
522759,ER3d_d,ER3d_d_L,L,520581,EPG,EPG(PB08)_R4,R,4
512608,ER3d_b,ER3d_b_R,R,520581,EPG,EPG(PB08)_R4,R,4
51382,ER3d_b,ER3d_b_L,L,520581,EPG,EPG(PB08)_R4,R,4
50007,ER3p_a,ER3p_a_L,L,520581,EPG,EPG(PB08)_R4,R,4
48956,ER3d_b,ER3d_b_R,R,520581,EPG,EPG(PB08)_R4,R,4
44422,ER3m,ER3m_L,L,520581,EPG,EPG(PB08)_R4,R,4
29177,ER3d_b,ER3d_b_R,R,520581,EPG,EPG(PB08)_R4,R,4
28430,ER3m,ER3m_L,L,520581,EPG,EPG(PB08)_R4,R,4
27246,ER3d_d,ER3d_d_R,R,520581,EPG,EPG(PB08)_R4,R,4
24122,ER4d,ER4d_R,R,520581,EPG,EPG(PB08)_R4,R,4
23197,ER4d,ER4d_L,L,520581,EPG,EPG(PB08)_R4,R,4
568502,ER5,ER5_R,R,13217,EPG,EPG(PB08)_L8,L,4
530339,ER3d_d,ER3d_d_L,L,13217,EPG,EPG(PB08)_L8,L,4
52832,ER3m,ER3m_R,R,13217,EPG,EPG(PB08)_L8,L,4
51382,ER3d_b,ER3d_b_L,L,13217,EPG,EPG(PB08)_L8,L,4
49869,ER3p_b,ER3p_b_R,R,13217,EPG,EPG(PB08)_L8,L,4
31263,ER3d_b,ER3d_b_R,R,13217,EPG,EPG(PB08)_L8,L,4
29177,ER3d_b,ER3d_b_R,R,13217,EPG,EPG(PB08)_L8,L,4
26295,ER3m,ER3m_R,R,13217,EPG,EPG(PB08)_L8,L,4
22644,ER3d_a,ER3d_a_R,R,13217,EPG,EPG(PB08)_L8,L,4
19072,ER5,ER5_R,R,13217,EPG,EPG(PB08)_L8,L,4
14963,ER5,ER5_L,L,13217,EPG,EPG(PB08)_L8,L,4
532637,ER3m,ER3m_R,R,92188,EPG,EPG(PB08)_R7,R,4
524068,ER3d_b,ER3d_b_L,L,92188,EPG,EPG(PB08)_R7,R,4
521534,ER5,ER5_L,L,92188,EPG,EPG(PB08)_R7,R,4
516944,ER5,ER5_L,L,92188,EPG,EPG(PB08)_R7,R,4
516110,ER6,ER6_R,R,92188,EPG,EPG(PB08)_R7,R,4
49869,ER3p_b,ER3p_b_R,R,92188,EPG,EPG(PB08)_R7,R,4
49378,ER3d_c,ER3d_c_R,R,92188,EPG,EPG(PB08)_R7,R,4
44830,ER3d_e,ER3d_e_R,R,92188,EPG,EPG(PB08)_R7,R,4
44814,ER3m,ER3m_L,L,92188,EPG,EPG(PB08)_R7,R,4
44127,ER3d_d,ER3d_d_R,R,92188,EPG,EPG(PB08)_R7,R,4
35545,ER3a_a,ER3a_a_L,L,92188,EPG,EPG(PB08)_R7,R,4
30592,ER3d_b,ER3d_b_R,R,92188,EPG,EPG(PB08)_R7,R,4
522759,ER3d_d,ER3d_d_L,L,521812,EPG,EPG(PB08)_R7,R,4
49378,ER3d_c,ER3d_c_R,R,521812,EPG,EPG(PB08)_R7,R,4
47036,ER3d_a,ER3d_a_R,R,521812,EPG,EPG(PB08)_R7,R,4
44127,ER3d_d,ER3d_d_R,R,521812,EPG,EPG(PB08)_R7,R,4
28701,ER3d_b,ER3d_b_R,R,521812,EPG,EPG(PB08)_R7,R,4
26295,ER3m,ER3m_R,R,521812,EPG,EPG(PB08)_R7,R,4
25494,ER3d_e,ER3d_e_L,L,521812,EPG,EPG(PB08)_R7,R,4
18377,ER3w_b,ER3w_b_L,L,521812,EPG,EPG(PB08)_R7,R,4
532637,ER3m,ER3m_R,R,521813,EPG,EPG(PB08)_L2,L,4
527297,ER5,ER5_R,R,521813,EPG,EPG(PB08)_L2,L,4
521534,ER5,ER5_L,L,521813,EPG,EPG(PB08)_L2,L,4
52832,ER3m,ER3m_R,R,521813,EPG,EPG(PB08)_L2,L,4
49378,ER3d_c,ER3d_c_R,R,521813,EPG,EPG(PB08)_L2,L,4
44830,ER3d_e,ER3d_e_R,R,521813,EPG,EPG(PB08)_L2,L,4
44814,ER3m,ER3m_L,L,521813,EPG,EPG(PB08)_L2,L,4
38084,ER3m,ER3m_L,L,521813,EPG,EPG(PB08)_L2,L,4
30178,ER3d_b,ER3d_b_R,R,521813,EPG,EPG(PB08)_L2,L,4
28430,ER3m,ER3m_L,L,521813,EPG,EPG(PB08)_L2,L,4
27454,ER3d_c,ER3d_c_R,R,521813,EPG,EPG(PB08)_L2,L,4
27246,ER3d_d,ER3d_d_R,R,521813,EPG,EPG(PB08)_L2,L,4
22001,ER5,ER5_L,L,521813,EPG,EPG(PB08)_L2,L,4
19169,ER3m,ER3m_L,L,521813,EPG,EPG(PB08)_L2,L,4
530339,ER3d_d,ER3d_d_L,L,512513,EPG,EPG(PB08)_R1,R,4
521534,ER5,ER5_L,L,512513,EPG,EPG(PB08)_R1,R,4
516944,ER5,ER5_L,L,512513,EPG,EPG(PB08)_R1,R,4
51382,ER3d_b,ER3d_b_L,L,512513,EPG,EPG(PB08)_R1,R,4
49869,ER3p_b,ER3p_b_R,R,512513,EPG,EPG(PB08)_R1,R,4
42264,ER3d_e,ER3d_e_R,R,512513,EPG,EPG(PB08)_R1,R,4
29046,ER3d_b,ER3d_b_R,R,512513,EPG,EPG(PB08)_R1,R,4
27269,ER3d_c,ER3d_c_L,L,512513,EPG,EPG(PB08)_R1,R,4
23197,ER4d,ER4d_L,L,512513,EPG,EPG(PB08)_R1,R,4
22644,ER3d_a,ER3d_a_R,R,512513,EPG,EPG(PB08)_R1,R,4
17561,ER3m,ER3m_R,R,512513,EPG,EPG(PB08)_R1,R,4
44127,ER3d_d,ER3d_d_R,R,519941,EPG,EPG(PB08)_L3,L,3
39798,ER5,ER5_L,L,519941,EPG,EPG(PB08)_L3,L,3
30206,ER5,ER5_R,R,519941,EPG,EPG(PB08)_L3,L,3
27454,ER3d_c,ER3d_c_R,R,519941,EPG,EPG(PB08)_L3,L,3
26841,ER3a_a,ER3a_a_L,L,519941,EPG,EPG(PB08)_L3,L,3
22644,ER3d_a,ER3d_a_R,R,519941,EPG,EPG(PB08)_L3,L,3
14284,ER5,ER5_R,R,519941,EPG,EPG(PB08)_L3,L,3
522759,ER3d_d,ER3d_d_L,L,11989,EPG,EPG(PB08)_L5,L,3
521528,ER5,ER5_L,L,11989,EPG,EPG(PB08)_L5,L,3
47859,ER3d_c,ER3d_c_R,R,11989,EPG,EPG(PB08)_L5,L,3
39798,ER5,ER5_L,L,11989,EPG,EPG(PB08)_L5,L,3
30206,ER5,ER5_R,R,11989,EPG,EPG(PB08)_L5,L,3
29046,ER3d_b,ER3d_b_R,R,11989,EPG,EPG(PB08)_L5,L,3
27269,ER3d_c,ER3d_c_L,L,11989,EPG,EPG(PB08)_L5,L,3
26939,ER3m,ER3m_R,R,11989,EPG,EPG(PB08)_L5,L,3
11605,ER5,ER5_R,R,11989,EPG,EPG(PB08)_L5,L,3
10043,ER5,ER5_L,L,11989,EPG,EPG(PB08)_L5,L,3
533062,ER3a_a,ER3a_a_L,L,107195,EPG,EPG(PB08)_L5,L,3
514180,ER3p_b,ER3p_b_R,R,107195,EPG,EPG(PB08)_L5,L,3
513379,ER5,ER5_R,R,107195,EPG,EPG(PB08)_L5,L,3
512608,ER3d_b,ER3d_b_R,R,107195,EPG,EPG(PB08)_L5,L,3
53618,ER3p_b,ER3p_b_L,L,107195,EPG,EPG(PB08)_L5,L,3
30592,ER3d_b,ER3d_b_R,R,107195,EPG,EPG(PB08)_L5,L,3
28430,ER3m,ER3m_L,L,107195,EPG,EPG(PB08)_L5,L,3
24122,ER4d,ER4d_R,R,107195,EPG,EPG(PB08)_L5,L,3
532637,ER3m,ER3m_R,R,519328,EPG,EPG(PB08)_L3,L,3
530339,ER3d_d,ER3d_d_L,L,519328,EPG,EPG(PB08)_L3,L,3
527297,ER5,ER5_R,R,519328,EPG,EPG(PB08)_L3,L,3
51382,ER3d_b,ER3d_b_L,L,519328,EPG,EPG(PB08)_L3,L,3
44909,ER5,ER5_L,L,519328,EPG,EPG(PB08)_L3,L,3
44422,ER3m,ER3m_L,L,519328,EPG,EPG(PB08)_L3,L,3
40558,ER3d_b,ER3d_b_L,L,519328,EPG,EPG(PB08)_L3,L,3
39798,ER5,ER5_L,L,519328,EPG,EPG(PB08)_L3,L,3
29046,ER3d_b,ER3d_b_R,R,519328,EPG,EPG(PB08)_L3,L,3
27454,ER3d_c,ER3d_c_R,R,519328,EPG,EPG(PB08)_L3,L,3
26939,ER3m,ER3m_R,R,519328,EPG,EPG(PB08)_L3,L,3
18633,ER5,ER5_L,L,519328,EPG,EPG(PB08)_L3,L,3
533062,ER3a_a,ER3a_a_L,L,512928,EPG,EPG(PB08)_R3,R,3
530339,ER3d_d,ER3d_d_L,L,512928,EPG,EPG(PB08)_R3,R,3
63782,ER3d_c,ER3d_c_L,L,512928,EPG,EPG(PB08)_R3,R,3
47036,ER3d_a,ER3d_a_R,R,512928,EPG,EPG(PB08)_R3,R,3
44422,ER3m,ER3m_L,L,512928,EPG,EPG(PB08)_R3,R,3
37437,ER3d_e,ER3d_e_L,L,512928,EPG,EPG(PB08)_R3,R,3
26841,ER3a_a,ER3a_a_L,L,512928,EPG,EPG(PB08)_R3,R,3
25494,ER3d_e,ER3d_e_L,L,512928,EPG,EPG(PB08)_R3,R,3
19072,ER5,ER5_R,R,512928,EPG,EPG(PB08)_R3,R,3
17419,ER6,ER6_R,R,512928,EPG,EPG(PB08)_R3,R,3
12059,ER5,ER5_R,R,512928,EPG,EPG(PB08)_R3,R,3
512608,ER3d_b,ER3d_b_R,R,14507,EPG,EPG(PB08)_R7,R,3
45134,ER3p_b,ER3p_b_L,L,14507,EPG,EPG(PB08)_R7,R,3
29177,ER3d_b,ER3d_b_R,R,14507,EPG,EPG(PB08)_R7,R,3
27454,ER3d_c,ER3d_c_R,R,14507,EPG,EPG(PB08)_R7,R,3
17419,ER6,ER6_R,R,14507,EPG,EPG(PB08)_R7,R,3
13094,ER4d,ER4d_R,R,14507,EPG,EPG(PB08)_R7,R,3
521528,ER5,ER5_L,L,524073,EPG,EPG(PB08)_L2,L,3
513379,ER5,ER5_R,R,524073,EPG,EPG(PB08)_L2,L,3
42264,ER3d_e,ER3d_e_R,R,524073,EPG,EPG(PB08)_L2,L,3
39798,ER5,ER5_L,L,524073,EPG,EPG(PB08)_L2,L,3
37758,ER3d_a,ER3d_a_R,R,524073,EPG,EPG(PB08)_L2,L,3
35545,ER3a_a,ER3a_a_L,L,524073,EPG,EPG(PB08)_L2,L,3
31263,ER3d_b,ER3d_b_R,R,524073,EPG,EPG(PB08)_L2,L,3
28430,ER3m,ER3m_L,L,524073,EPG,EPG(PB08)_L2,L,3
27246,ER3d_d,ER3d_d_R,R,524073,EPG,EPG(PB08)_L2,L,3
26939,ER3m,ER3m_R,R,524073,EPG,EPG(PB08)_L2,L,3
530339,ER3d_d,ER3d_d_L,L,519144,EPG,EPG(PB08)_L8,L,3
522806,ER3d_c,ER3d_c_R,R,519144,EPG,EPG(PB08)_L8,L,3
522759,ER3d_d,ER3d_d_L,L,519144,EPG,EPG(PB08)_L8,L,3
521534,ER5,ER5_L,L,519144,EPG,EPG(PB08)_L8,L,3
512319,ER6,ER6_L,L,519144,EPG,EPG(PB08)_L8,L,3
63782,ER3d_c,ER3d_c_L,L,519144,EPG,EPG(PB08)_L8,L,3
53618,ER3p_b,ER3p_b_L,L,519144,EPG,EPG(PB08)_L8,L,3
51382,ER3d_b,ER3d_b_L,L,519144,EPG,EPG(PB08)_L8,L,3
49869,ER3p_b,ER3p_b_R,R,519144,EPG,EPG(PB08)_L8,L,3
47859,ER3d_c,ER3d_c_R,R,519144,EPG,EPG(PB08)_L8,L,3
44127,ER3d_d,ER3d_d_R,R,519144,EPG,EPG(PB08)_L8,L,3
34038,ER3d_b,ER3d_b_L,L,519144,EPG,EPG(PB08)_L8,L,3
30206,ER5,ER5_R,R,519144,EPG,EPG(PB08)_L8,L,3
27269,ER3d_c,ER3d_c_L,L,519144,EPG,EPG(PB08)_L8,L,3
22644,ER3d_a,ER3d_a_R,R,519144,EPG,EPG(PB08)_L8,L,3
19791,ER4d,ER4d_L,L,519144,EPG,EPG(PB08)_L8,L,3
19072,ER5,ER5_R,R,519144,EPG,EPG(PB08)_L8,L,3
568502,ER5,ER5_R,R,512305,EPG,EPG(PB08)_R8,R,3
527150,ER3d_a,ER3d_a_L,L,512305,EPG,EPG(PB08)_R8,R,3
524068,ER3d_b,ER3d_b_L,L,512305,EPG,EPG(PB08)_R8,R,3
513379,ER5,ER5_R,R,512305,EPG,EPG(PB08)_R8,R,3
43683,ER3w_a,ER3w_a_R,R,512305,EPG,EPG(PB08)_R8,R,3
33589,ER3d_b,ER3d_b_L,L,512305,EPG,EPG(PB08)_R8,R,3
31263,ER3d_b,ER3d_b_R,R,512305,EPG,EPG(PB08)_R8,R,3
29046,ER3d_b,ER3d_b_R,R,512305,EPG,EPG(PB08)_R8,R,3
27246,ER3d_d,ER3d_d_R,R,512305,EPG,EPG(PB08)_R8,R,3
25494,ER3d_e,ER3d_e_L,L,512305,EPG,EPG(PB08)_R8,R,3
17171,ER5,ER5_R,R,512305,EPG,EPG(PB08)_R8,R,3
10043,ER5,ER5_L,L,512305,EPG,EPG(PB08)_R8,R,3
527297,ER5,ER5_R,R,513464,EPG,EPG(PB08)_R8,R,3
527199,ER3d_e,ER3d_e_L,L,513464,EPG,EPG(PB08)_R8,R,3
522759,ER3d_d,ER3d_d_L,L,513464,EPG,EPG(PB08)_R8,R,3
49869,ER3p_b,ER3p_b_R,R,513464,EPG,EPG(PB08)_R8,R,3
48956,ER3d_b,ER3d_b_R,R,513464,EPG,EPG(PB08)_R8,R,3
47859,ER3d_c,ER3d_c_R,R,513464,EPG,EPG(PB08)_R8,R,3
47036,ER3d_a,ER3d_a_R,R,513464,EPG,EPG(PB08)_R8,R,3
44422,ER3m,ER3m_L,L,513464,EPG,EPG(PB08)_R8,R,3
30178,ER3d_b,ER3d_b_R,R,513464,EPG,EPG(PB08)_R8,R,3
27246,ER3d_d,ER3d_d_R,R,513464,EPG,EPG(PB08)_R8,R,3
19169,ER3m,ER3m_L,L,513464,EPG,EPG(PB08)_R8,R,3
14963,ER5,ER5_L,L,513464,EPG,EPG(PB08)_R8,R,3
14284,ER5,ER5_R,R,513464,EPG,EPG(PB08)_R8,R,3
513379,ER5,ER5_R,R,19825,EPG,EPG(PB08)_R6,R,3
40558,ER3d_b,ER3d_b_L,L,19825,EPG,EPG(PB08)_R6,R,3
37437,ER3d_e,ER3d_e_L,L,19825,EPG,EPG(PB08)_R6,R,3
27269,ER3d_c,ER3d_c_L,L,19825,EPG,EPG(PB08)_R6,R,3
17561,ER3m,ER3m_R,R,19825,EPG,EPG(PB08)_R6,R,3
16343,ER4d,ER4d_R,R,19825,EPG,EPG(PB08)_R6,R,3
532637,ER3m,ER3m_R,R,11307,EPG,EPG(PB08)_L4,L,3
47859,ER3d_c,ER3d_c_R,R,11307,EPG,EPG(PB08)_L4,L,3
44422,ER3m,ER3m_L,L,11307,EPG,EPG(PB08)_L4,L,3
44127,ER3d_d,ER3d_d_R,R,11307,EPG,EPG(PB08)_L4,L,3
38084,ER3m,ER3m_L,L,11307,EPG,EPG(PB08)_L4,L,3
35641,ER3d_c,ER3d_c_L,L,11307,EPG,EPG(PB08)_L4,L,3
28701,ER3d_b,ER3d_b_R,R,11307,EPG,EPG(PB08)_L4,L,3
27246,ER3d_d,ER3d_d_R,R,11307,EPG,EPG(PB08)_L4,L,3
24459,ER4d,ER4d_L,L,11307,EPG,EPG(PB08)_L4,L,3
23874,ER4d,ER4d_R,R,11307,EPG,EPG(PB08)_L4,L,3
20026,ER5,ER5_L,L,11307,EPG,EPG(PB08)_L4,L,3
18633,ER5,ER5_L,L,11307,EPG,EPG(PB08)_L4,L,3
11605,ER5,ER5_R,R,11307,EPG,EPG(PB08)_L4,L,3
527199,ER3d_e,ER3d_e_L,L,11503,EPG,EPG(PB08)_R8,R,3
524068,ER3d_b,ER3d_b_L,L,11503,EPG,EPG(PB08)_R8,R,3
521528,ER5,ER5_L,L,11503,EPG,EPG(PB08)_R8,R,3
53618,ER3p_b,ER3p_b_L,L,11503,EPG,EPG(PB08)_R8,R,3
49378,ER3d_c,ER3d_c_R,R,11503,EPG,EPG(PB08)_R8,R,3
47859,ER3d_c,ER3d_c_R,R,11503,EPG,EPG(PB08)_R8,R,3
44127,ER3d_d,ER3d_d_R,R,11503,EPG,EPG(PB08)_R8,R,3
34038,ER3d_b,ER3d_b_L,L,11503,EPG,EPG(PB08)_R8,R,3
31263,ER3d_b,ER3d_b_R,R,11503,EPG,EPG(PB08)_R8,R,3
29046,ER3d_b,ER3d_b_R,R,11503,EPG,EPG(PB08)_R8,R,3
27348,ER3m,ER3m_L,L,11503,EPG,EPG(PB08)_R8,R,3
26939,ER3m,ER3m_R,R,11503,EPG,EPG(PB08)_R8,R,3
20026,ER5,ER5_L,L,11503,EPG,EPG(PB08)_R8,R,3
17171,ER5,ER5_R,R,11503,EPG,EPG(PB08)_R8,R,3
17078,ER5,ER5_R,R,11503,EPG,EPG(PB08)_R8,R,3
12059,ER5,ER5_R,R,11503,EPG,EPG(PB08)_R8,R,3
11605,ER5,ER5_R,R,11503,EPG,EPG(PB08)_R8,R,3
527150,ER3d_a,ER3d_a_L,L,84758,EPG,EPG(PB08)_L7,L,3
521535,ER5,ER5_L,L,84758,EPG,EPG(PB08)_L7,L,3
34038,ER3d_b,ER3d_b_L,L,84758,EPG,EPG(PB08)_L7,L,3
30592,ER3d_b,ER3d_b_R,R,84758,EPG,EPG(PB08)_L7,L,3
27348,ER3m,ER3m_L,L,84758,EPG,EPG(PB08)_L7,L,3
25494,ER3d_e,ER3d_e_L,L,84758,EPG,EPG(PB08)_L7,L,3
24879,ER4d,ER4d_L,L,84758,EPG,EPG(PB08)_L7,L,3
22461,ER4d,ER4d_R,R,84758,EPG,EPG(PB08)_L7,L,3
19072,ER5,ER5_R,R,84758,EPG,EPG(PB08)_L7,L,3
14963,ER5,ER5_L,L,84758,EPG,EPG(PB08)_L7,L,3
14464,ER6,ER6_L,L,84758,EPG,EPG(PB08)_L7,L,3
14284,ER5,ER5_R,R,84758,EPG,EPG(PB08)_L7,L,3
527297,ER5,ER5_R,R,520812,EPG,EPG(PB08)_R8,R,3
512606,ER3w_c,ER3w_c_L,L,520812,EPG,EPG(PB08)_R8,R,3
63782,ER3d_c,ER3d_c_L,L,520812,EPG,EPG(PB08)_R8,R,3
48956,ER3d_b,ER3d_b_R,R,520812,EPG,EPG(PB08)_R8,R,3
44422,ER3m,ER3m_L,L,520812,EPG,EPG(PB08)_R8,R,3
37758,ER3d_a,ER3d_a_R,R,520812,EPG,EPG(PB08)_R8,R,3
29177,ER3d_b,ER3d_b_R,R,520812,EPG,EPG(PB08)_R8,R,3
27454,ER3d_c,ER3d_c_R,R,520812,EPG,EPG(PB08)_R8,R,3
27269,ER3d_c,ER3d_c_L,L,520812,EPG,EPG(PB08)_R8,R,3
19072,ER5,ER5_R,R,520812,EPG,EPG(PB08)_R8,R,3
17561,ER3m,ER3m_R,R,520812,EPG,EPG(PB08)_R8,R,3
17171,ER5,ER5_R,R,520812,EPG,EPG(PB08)_R8,R,3
17078,ER5,ER5_R,R,520812,EPG,EPG(PB08)_R8,R,3
14284,ER5,ER5_R,R,520812,EPG,EPG(PB08)_R8,R,3
11605,ER5,ER5_R,R,520812,EPG,EPG(PB08)_R8,R,3
568502,ER5,ER5_R,R,513284,EPG,EPG(PB08)_R3,R,3
533062,ER3a_a,ER3a_a_L,L,513284,EPG,EPG(PB08)_R3,R,3
529826,ER3a_a,ER3a_a_R,R,513284,EPG,EPG(PB08)_R3,R,3
44909,ER5,ER5_L,L,513284,EPG,EPG(PB08)_R3,R,3
33589,ER3d_b,ER3d_b_L,L,513284,EPG,EPG(PB08)_R3,R,3
28430,ER3m,ER3m_L,L,513284,EPG,EPG(PB08)_R3,R,3
527199,ER3d_e,ER3d_e_L,L,556346,EPG,EPG(PB08)_L6,L,3
521535,ER5,ER5_L,L,556346,EPG,EPG(PB08)_L6,L,3
53618,ER3p_b,ER3p_b_L,L,556346,EPG,EPG(PB08)_L6,L,3
42264,ER3d_e,ER3d_e_R,R,556346,EPG,EPG(PB08)_L6,L,3
39798,ER5,ER5_L,L,556346,EPG,EPG(PB08)_L6,L,3
27454,ER3d_c,ER3d_c_R,R,556346,EPG,EPG(PB08)_L6,L,3
14963,ER5,ER5_L,L,556346,EPG,EPG(PB08)_L6,L,3
12059,ER5,ER5_R,R,556346,EPG,EPG(PB08)_L6,L,3
527653,ER4d,ER4d_L,L,523786,EPG,EPG(PB08)_R4,R,3
42264,ER3d_e,ER3d_e_R,R,523786,EPG,EPG(PB08)_R4,R,3
34038,ER3d_b,ER3d_b_L,L,523786,EPG,EPG(PB08)_R4,R,3
27770,ER3w_b,ER3w_b_R,R,523786,EPG,EPG(PB08)_R4,R,3
20026,ER5,ER5_L,L,523786,EPG,EPG(PB08)_R4,R,3
17171,ER5,ER5_R,R,523786,EPG,EPG(PB08)_R4,R,3
524068,ER3d_b,ER3d_b_L,L,11987,EPG,EPG(PB08)_R5,R,3
44127,ER3d_d,ER3d_d_R,R,11987,EPG,EPG(PB08)_R5,R,3
34038,ER3d_b,ER3d_b_L,L,11987,EPG,EPG(PB08)_R5,R,3
29046,ER3d_b,ER3d_b_R,R,11987,EPG,EPG(PB08)_R5,R,3
24879,ER4d,ER4d_L,L,11987,EPG,EPG(PB08)_R5,R,3
23874,ER4d,ER4d_R,R,11987,EPG,EPG(PB08)_R5,R,3
568502,ER5,ER5_R,R,513033,EPG,EPG(PB08)_L8,L,3
527297,ER5,ER5_R,R,513033,EPG,EPG(PB08)_L8,L,3
47186,ER3m,ER3m_R,R,513033,EPG,EPG(PB08)_L8,L,3
26295,ER3m,ER3m_R,R,513033,EPG,EPG(PB08)_L8,L,3
10043,ER5,ER5_L,L,513033,EPG,EPG(PB08)_L8,L,3
522806,ER3d_c,ER3d_c_R,R,19125,EPG,EPG(PB08)_R5,R,3
522759,ER3d_d,ER3d_d_L,L,19125,EPG,EPG(PB08)_R5,R,3
63782,ER3d_c,ER3d_c_L,L,19125,EPG,EPG(PB08)_R5,R,3
44909,ER5,ER5_L,L,19125,EPG,EPG(PB08)_R5,R,3
39798,ER5,ER5_L,L,19125,EPG,EPG(PB08)_R5,R,3
27269,ER3d_c,ER3d_c_L,L,19125,EPG,EPG(PB08)_R5,R,3
22644,ER3d_a,ER3d_a_R,R,19125,EPG,EPG(PB08)_R5,R,3
19169,ER3m,ER3m_L,L,19125,EPG,EPG(PB08)_R5,R,3
14963,ER5,ER5_L,L,19125,EPG,EPG(PB08)_R5,R,3
14284,ER5,ER5_R,R,19125,EPG,EPG(PB08)_R5,R,3
527199,ER3d_e,ER3d_e_L,L,131313,EPG,EPG(PB08)_R6,R,3
522759,ER3d_d,ER3d_d_L,L,131313,EPG,EPG(PB08)_R6,R,3
47859,ER3d_c,ER3d_c_R,R,131313,EPG,EPG(PB08)_R6,R,3
46262,ER3d_b,ER3d_b_L,L,131313,EPG,EPG(PB08)_R6,R,3
44830,ER3d_e,ER3d_e_R,R,131313,EPG,EPG(PB08)_R6,R,3
44814,ER3m,ER3m_L,L,131313,EPG,EPG(PB08)_R6,R,3
38084,ER3m,ER3m_L,L,131313,EPG,EPG(PB08)_R6,R,3
30206,ER5,ER5_R,R,131313,EPG,EPG(PB08)_R6,R,3
27348,ER3m,ER3m_L,L,131313,EPG,EPG(PB08)_R6,R,3
18633,ER5,ER5_L,L,131313,EPG,EPG(PB08)_R6,R,3
17078,ER5,ER5_R,R,131313,EPG,EPG(PB08)_R6,R,3
14284,ER5,ER5_R,R,131313,EPG,EPG(PB08)_R6,R,3
12059,ER5,ER5_R,R,131313,EPG,EPG(PB08)_R6,R,3
530339,ER3d_d,ER3d_d_L,L,513517,EPG,EPG(PB08)_L4,L,3
524068,ER3d_b,ER3d_b_L,L,513517,EPG,EPG(PB08)_L4,L,3
521528,ER5,ER5_L,L,513517,EPG,EPG(PB08)_L4,L,3
40558,ER3d_b,ER3d_b_L,L,513517,EPG,EPG(PB08)_L4,L,3
31263,ER3d_b,ER3d_b_R,R,513517,EPG,EPG(PB08)_L4,L,3
27246,ER3d_d,ER3d_d_R,R,513517,EPG,EPG(PB08)_L4,L,3
26939,ER3m,ER3m_R,R,513517,EPG,EPG(PB08)_L4,L,3
26843,ER3w_b,ER3w_b_R,R,513517,EPG,EPG(PB08)_L4,L,3
22001,ER5,ER5_L,L,513517,EPG,EPG(PB08)_L4,L,3
21664,ER3d_e,ER3d_e_R,R,513517,EPG,EPG(PB08)_L4,L,3
18633,ER5,ER5_L,L,513517,EPG,EPG(PB08)_L4,L,3
527150,ER3d_a,ER3d_a_L,L,556347,EPG,EPG(PB08)_R4,R,3
524068,ER3d_b,ER3d_b_L,L,556347,EPG,EPG(PB08)_R4,R,3
521528,ER5,ER5_L,L,556347,EPG,EPG(PB08)_R4,R,3
44909,ER5,ER5_L,L,556347,EPG,EPG(PB08)_R4,R,3
44830,ER3d_e,ER3d_e_R,R,556347,EPG,EPG(PB08)_R4,R,3
33589,ER3d_b,ER3d_b_L,L,556347,EPG,EPG(PB08)_R4,R,3
27246,ER3d_d,ER3d_d_R,R,556347,EPG,EPG(PB08)_R4,R,3
26841,ER3a_a,ER3a_a_L,L,556347,EPG,EPG(PB08)_R4,R,3
22001,ER5,ER5_L,L,556347,EPG,EPG(PB08)_R4,R,3
530339,ER3d_d,ER3d_d_L,L,521409,EPG,EPG(PB08)_L8,L,3
522806,ER3d_c,ER3d_c_R,R,521409,EPG,EPG(PB08)_L8,L,3
512319,ER6,ER6_L,L,521409,EPG,EPG(PB08)_L8,L,3
40558,ER3d_b,ER3d_b_L,L,521409,EPG,EPG(PB08)_L8,L,3
27013,ER3m,ER3m_L,L,521409,EPG,EPG(PB08)_L8,L,3
24879,ER4d,ER4d_L,L,521409,EPG,EPG(PB08)_L8,L,3
20026,ER5,ER5_L,L,521409,EPG,EPG(PB08)_L8,L,3
19169,ER3m,ER3m_L,L,521409,EPG,EPG(PB08)_L8,L,3
568502,ER5,ER5_R,R,513463,EPG,EPG(PB08)_R2,R,3
533062,ER3a_a,ER3a_a_L,L,513463,EPG,EPG(PB08)_R2,R,3
522759,ER3d_d,ER3d_d_L,L,513463,EPG,EPG(PB08)_R2,R,3
44127,ER3d_d,ER3d_d_R,R,513463,EPG,EPG(PB08)_R2,R,3
40558,ER3d_b,ER3d_b_L,L,513463,EPG,EPG(PB08)_R2,R,3
33589,ER3d_b,ER3d_b_L,L,513463,EPG,EPG(PB08)_R2,R,3
17419,ER6,ER6_R,R,513463,EPG,EPG(PB08)_R2,R,3
14284,ER5,ER5_R,R,513463,EPG,EPG(PB08)_R2,R,3
568502,ER5,ER5_R,R,520818,EPG,EPG(PB08)_L4,L,3
50694,ER3w_b,ER3w_b_L,L,520818,EPG,EPG(PB08)_L4,L,3
44909,ER5,ER5_L,L,520818,EPG,EPG(PB08)_L4,L,3
33589,ER3d_b,ER3d_b_L,L,520818,EPG,EPG(PB08)_L4,L,3
29177,ER3d_b,ER3d_b_R,R,520818,EPG,EPG(PB08)_L4,L,3
27246,ER3d_d,ER3d_d_R,R,520818,EPG,EPG(PB08)_L4,L,3
27013,ER3m,ER3m_L,L,520818,EPG,EPG(PB08)_L4,L,3
26939,ER3m,ER3m_R,R,520818,EPG,EPG(PB08)_L4,L,3
17171,ER5,ER5_R,R,520818,EPG,EPG(PB08)_L4,L,3
12059,ER5,ER5_R,R,520818,EPG,EPG(PB08)_L4,L,3
527297,ER5,ER5_R,R,12449,EPG,EPG(PB08)_L5,L,3
527199,ER3d_e,ER3d_e_L,L,12449,EPG,EPG(PB08)_L5,L,3
524068,ER3d_b,ER3d_b_L,L,12449,EPG,EPG(PB08)_L5,L,3
521528,ER5,ER5_L,L,12449,EPG,EPG(PB08)_L5,L,3
47036,ER3d_a,ER3d_a_R,R,12449,EPG,EPG(PB08)_L5,L,3
44814,ER3m,ER3m_L,L,12449,EPG,EPG(PB08)_L5,L,3
34038,ER3d_b,ER3d_b_L,L,12449,EPG,EPG(PB08)_L5,L,3
31263,ER3d_b,ER3d_b_R,R,12449,EPG,EPG(PB08)_L5,L,3
30592,ER3d_b,ER3d_b_R,R,12449,EPG,EPG(PB08)_L5,L,3
22644,ER3d_a,ER3d_a_R,R,12449,EPG,EPG(PB08)_L5,L,3
14963,ER5,ER5_L,L,12449,EPG,EPG(PB08)_L5,L,3
533062,ER3a_a,ER3a_a_L,L,10539,EPG,EPG(PB08)_R2,R,3
527199,ER3d_e,ER3d_e_L,L,10539,EPG,EPG(PB08)_R2,R,3
522806,ER3d_c,ER3d_c_R,R,10539,EPG,EPG(PB08)_R2,R,3
53618,ER3p_b,ER3p_b_L,L,10539,EPG,EPG(PB08)_R2,R,3
46341,ER3w_b,ER3w_b_L,L,10539,EPG,EPG(PB08)_R2,R,3
37437,ER3d_e,ER3d_e_L,L,10539,EPG,EPG(PB08)_R2,R,3
31684,ER3d_a,ER3d_a_R,R,10539,EPG,EPG(PB08)_R2,R,3
29046,ER3d_b,ER3d_b_R,R,10539,EPG,EPG(PB08)_R2,R,3
27348,ER3m,ER3m_L,L,10539,EPG,EPG(PB08)_R2,R,3
27246,ER3d_d,ER3d_d_R,R,10539,EPG,EPG(PB08)_R2,R,3
22644,ER3d_a,ER3d_a_R,R,10539,EPG,EPG(PB08)_R2,R,3
19169,ER3m,ER3m_L,L,10539,EPG,EPG(PB08)_R2,R,3
19072,ER5,ER5_R,R,10539,EPG,EPG(PB08)_R2,R,3
522759,ER3d_d,ER3d_d_L,L,14727,EPG,EPG(PB08)_L7,L,3
513379,ER5,ER5_R,R,14727,EPG,EPG(PB08)_L7,L,3
512608,ER3d_b,ER3d_b_R,R,14727,EPG,EPG(PB08)_L7,L,3
48956,ER3d_b,ER3d_b_R,R,14727,EPG,EPG(PB08)_L7,L,3
39798,ER5,ER5_L,L,14727,EPG,EPG(PB08)_L7,L,3
34038,ER3d_b,ER3d_b_L,L,14727,EPG,EPG(PB08)_L7,L,3
30592,ER3d_b,ER3d_b_R,R,14727,EPG,EPG(PB08)_L7,L,3
29177,ER3d_b,ER3d_b_R,R,14727,EPG,EPG(PB08)_L7,L,3
19072,ER5,ER5_R,R,14727,EPG,EPG(PB08)_L7,L,3
521535,ER5,ER5_L,L,519140,EPG,EPG(PB08)_L1,L,3
63782,ER3d_c,ER3d_c_L,L,519140,EPG,EPG(PB08)_L1,L,3
44830,ER3d_e,ER3d_e_R,R,519140,EPG,EPG(PB08)_L1,L,3
40558,ER3d_b,ER3d_b_L,L,519140,EPG,EPG(PB08)_L1,L,3
33589,ER3d_b,ER3d_b_L,L,519140,EPG,EPG(PB08)_L1,L,3
30206,ER5,ER5_R,R,519140,EPG,EPG(PB08)_L1,L,3
22001,ER5,ER5_L,L,519140,EPG,EPG(PB08)_L1,L,3
17078,ER5,ER5_R,R,519140,EPG,EPG(PB08)_L1,L,3
14284,ER5,ER5_R,R,519140,EPG,EPG(PB08)_L1,L,3
10043,ER5,ER5_L,L,519140,EPG,EPG(PB08)_L1,L,3
46262,ER3d_b,ER3d_b_L,L,15616,EPG,EPG(PB08)_R3,R,3
44422,ER3m,ER3m_L,L,15616,EPG,EPG(PB08)_R3,R,3
29046,ER3d_b,ER3d_b_R,R,15616,EPG,EPG(PB08)_R3,R,3
28701,ER3d_b,ER3d_b_R,R,15616,EPG,EPG(PB08)_R3,R,3
568502,ER5,ER5_R,R,16360,EPG,EPG(PB08)_L6,L,3
527297,ER5,ER5_R,R,16360,EPG,EPG(PB08)_L6,L,3
522759,ER3d_d,ER3d_d_L,L,16360,EPG,EPG(PB08)_L6,L,3
48956,ER3d_b,ER3d_b_R,R,16360,EPG,EPG(PB08)_L6,L,3
47859,ER3d_c,ER3d_c_R,R,16360,EPG,EPG(PB08)_L6,L,3
39798,ER5,ER5_L,L,16360,EPG,EPG(PB08)_L6,L,3
30206,ER5,ER5_R,R,16360,EPG,EPG(PB08)_L6,L,3
27454,ER3d_c,ER3d_c_R,R,16360,EPG,EPG(PB08)_L6,L,3
25494,ER3d_e,ER3d_e_L,L,16360,EPG,EPG(PB08)_L6,L,3
17171,ER5,ER5_R,R,16360,EPG,EPG(PB08)_L6,L,3
530339,ER3d_d,ER3d_d_L,L,515675,EPG,EPG(PB08)_R1,R,3
527199,ER3d_e,ER3d_e_L,L,515675,EPG,EPG(PB08)_R1,R,3
49378,ER3d_c,ER3d_c_R,R,515675,EPG,EPG(PB08)_R1,R,3
37437,ER3d_e,ER3d_e_L,L,515675,EPG,EPG(PB08)_R1,R,3
31263,ER3d_b,ER3d_b_R,R,515675,EPG,EPG(PB08)_R1,R,3
29046,ER3d_b,ER3d_b_R,R,515675,EPG,EPG(PB08)_R1,R,3
28430,ER3m,ER3m_L,L,515675,EPG,EPG(PB08)_R1,R,3
522759,ER3d_d,ER3d_d_L,L,514126,EPG,EPG(PB08)_R5,R,3
521528,ER5,ER5_L,L,514126,EPG,EPG(PB08)_R5,R,3
521534,ER5,ER5_L,L,514126,EPG,EPG(PB08)_R5,R,3
513379,ER5,ER5_R,R,514126,EPG,EPG(PB08)_R5,R,3
44127,ER3d_d,ER3d_d_R,R,514126,EPG,EPG(PB08)_R5,R,3
38306,ER3d_a,ER3d_a_L,L,514126,EPG,EPG(PB08)_R5,R,3
37817,ER3d_e,ER3d_e_R,R,514126,EPG,EPG(PB08)_R5,R,3
34038,ER3d_b,ER3d_b_L,L,514126,EPG,EPG(PB08)_R5,R,3
31970,ER3a_d,ER3a_d_L,L,514126,EPG,EPG(PB08)_R5,R,3
30592,ER3d_b,ER3d_b_R,R,514126,EPG,EPG(PB08)_R5,R,3
26841,ER3a_a,ER3a_a_L,L,514126,EPG,EPG(PB08)_R5,R,3
19169,ER3m,ER3m_L,L,514126,EPG,EPG(PB08)_R5,R,3
18633,ER5,ER5_L,L,514126,EPG,EPG(PB08)_R5,R,3
532637,ER3m,ER3m_R,R,513520,EPG,EPG(PB08)_R6,R,3
530339,ER3d_d,ER3d_d_L,L,513520,EPG,EPG(PB08)_R6,R,3
522759,ER3d_d,ER3d_d_L,L,513520,EPG,EPG(PB08)_R6,R,3
521528,ER5,ER5_L,L,513520,EPG,EPG(PB08)_R6,R,3
516110,ER6,ER6_R,R,513520,EPG,EPG(PB08)_R6,R,3
49869,ER3p_b,ER3p_b_R,R,513520,EPG,EPG(PB08)_R6,R,3
47859,ER3d_c,ER3d_c_R,R,513520,EPG,EPG(PB08)_R6,R,3
44422,ER3m,ER3m_L,L,513520,EPG,EPG(PB08)_R6,R,3
44127,ER3d_d,ER3d_d_R,R,513520,EPG,EPG(PB08)_R6,R,3
38084,ER3m,ER3m_L,L,513520,EPG,EPG(PB08)_R6,R,3
35641,ER3d_c,ER3d_c_L,L,513520,EPG,EPG(PB08)_R6,R,3
27454,ER3d_c,ER3d_c_R,R,513520,EPG,EPG(PB08)_R6,R,3
26939,ER3m,ER3m_R,R,513520,EPG,EPG(PB08)_R6,R,3
25494,ER3d_e,ER3d_e_L,L,513520,EPG,EPG(PB08)_R6,R,3
19169,ER3m,ER3m_L,L,513520,EPG,EPG(PB08)_R6,R,3
17078,ER5,ER5_R,R,513520,EPG,EPG(PB08)_R6,R,3
527297,ER5,ER5_R,R,11874,EPG,EPG(PB08)_L7,L,3
521535,ER5,ER5_L,L,11874,EPG,EPG(PB08)_L7,L,3
513379,ER5,ER5_R,R,11874,EPG,EPG(PB08)_L7,L,3
512608,ER3d_b,ER3d_b_R,R,11874,EPG,EPG(PB08)_L7,L,3
512319,ER6,ER6_L,L,11874,EPG,EPG(PB08)_L7,L,3
49378,ER3d_c,ER3d_c_R,R,11874,EPG,EPG(PB08)_L7,L,3
37817,ER3d_e,ER3d_e_R,R,11874,EPG,EPG(PB08)_L7,L,3
33589,ER3d_b,ER3d_b_L,L,11874,EPG,EPG(PB08)_L7,L,3
29177,ER3d_b,ER3d_b_R,R,11874,EPG,EPG(PB08)_L7,L,3
27269,ER3d_c,ER3d_c_L,L,11874,EPG,EPG(PB08)_L7,L,3
14464,ER6,ER6_L,L,11874,EPG,EPG(PB08)_L7,L,3
10043,ER5,ER5_L,L,11874,EPG,EPG(PB08)_L7,L,3
568502,ER5,ER5_R,R,512514,EPG,EPG(PB08)_L1,L,3
532637,ER3m,ER3m_R,R,512514,EPG,EPG(PB08)_L1,L,3
527150,ER3d_a,ER3d_a_L,L,512514,EPG,EPG(PB08)_L1,L,3
524068,ER3d_b,ER3d_b_L,L,512514,EPG,EPG(PB08)_L1,L,3
516944,ER5,ER5_L,L,512514,EPG,EPG(PB08)_L1,L,3
48956,ER3d_b,ER3d_b_R,R,512514,EPG,EPG(PB08)_L1,L,3
47186,ER3m,ER3m_R,R,512514,EPG,EPG(PB08)_L1,L,3
44422,ER3m,ER3m_L,L,512514,EPG,EPG(PB08)_L1,L,3
39798,ER5,ER5_L,L,512514,EPG,EPG(PB08)_L1,L,3
30178,ER3d_b,ER3d_b_R,R,512514,EPG,EPG(PB08)_L1,L,3
27246,ER3d_d,ER3d_d_R,R,512514,EPG,EPG(PB08)_L1,L,3
18633,ER5,ER5_L,L,512514,EPG,EPG(PB08)_L1,L,3
14963,ER5,ER5_L,L,512514,EPG,EPG(PB08)_L1,L,3
530339,ER3d_d,ER3d_d_L,L,88342,EPG,EPG(PB08)_L3,L,3
524068,ER3d_b,ER3d_b_L,L,88342,EPG,EPG(PB08)_L3,L,3
44830,ER3d_e,ER3d_e_R,R,88342,EPG,EPG(PB08)_L3,L,3
33589,ER3d_b,ER3d_b_L,L,88342,EPG,EPG(PB08)_L3,L,3
30178,ER3d_b,ER3d_b_R,R,88342,EPG,EPG(PB08)_L3,L,3
29177,ER3d_b,ER3d_b_R,R,88342,EPG,EPG(PB08)_L3,L,3
25494,ER3d_e,ER3d_e_L,L,88342,EPG,EPG(PB08)_L3,L,3
14284,ER5,ER5_R,R,88342,EPG,EPG(PB08)_L3,L,3
12059,ER5,ER5_R,R,88342,EPG,EPG(PB08)_L3,L,3
527199,ER3d_e,ER3d_e_L,L,15713,EPG,EPG(PB08)_L6,L,3
522759,ER3d_d,ER3d_d_L,L,15713,EPG,EPG(PB08)_L6,L,3
521534,ER5,ER5_L,L,15713,EPG,EPG(PB08)_L6,L,3
44909,ER5,ER5_L,L,15713,EPG,EPG(PB08)_L6,L,3
44830,ER3d_e,ER3d_e_R,R,15713,EPG,EPG(PB08)_L6,L,3
34038,ER3d_b,ER3d_b_L,L,15713,EPG,EPG(PB08)_L6,L,3
31263,ER3d_b,ER3d_b_R,R,15713,EPG,EPG(PB08)_L6,L,3
27770,ER3w_b,ER3w_b_R,R,15713,EPG,EPG(PB08)_L6,L,3
27246,ER3d_d,ER3d_d_R,R,15713,EPG,EPG(PB08)_L6,L,3
25841,ER3w_b,ER3w_b_L,L,15713,EPG,EPG(PB08)_L6,L,3
20026,ER5,ER5_L,L,15713,EPG,EPG(PB08)_L6,L,3
14963,ER5,ER5_L,L,15713,EPG,EPG(PB08)_L6,L,3
11933,ER2_c,ER2_c_R,R,15713,EPG,EPG(PB08)_L6,L,3
40558,ER3d_b,ER3d_b_L,L,520581,EPG,EPG(PB08)_R4,R,3
527297,ER5,ER5_R,R,13217,EPG,EPG(PB08)_L8,L,3
516944,ER5,ER5_L,L,13217,EPG,EPG(PB08)_L8,L,3
44422,ER3m,ER3m_L,L,13217,EPG,EPG(PB08)_L8,L,3
43683,ER3w_a,ER3w_a_R,R,13217,EPG,EPG(PB08)_L8,L,3
34038,ER3d_b,ER3d_b_L,L,13217,EPG,EPG(PB08)_L8,L,3
20026,ER5,ER5_L,L,13217,EPG,EPG(PB08)_L8,L,3
17561,ER3m,ER3m_R,R,13217,EPG,EPG(PB08)_L8,L,3
530339,ER3d_d,ER3d_d_L,L,92188,EPG,EPG(PB08)_R7,R,3
521535,ER5,ER5_L,L,92188,EPG,EPG(PB08)_R7,R,3
513379,ER5,ER5_R,R,92188,EPG,EPG(PB08)_R7,R,3
512608,ER3d_b,ER3d_b_R,R,92188,EPG,EPG(PB08)_R7,R,3
42264,ER3d_e,ER3d_e_R,R,92188,EPG,EPG(PB08)_R7,R,3
38306,ER3d_a,ER3d_a_L,L,92188,EPG,EPG(PB08)_R7,R,3
37758,ER3d_a,ER3d_a_R,R,92188,EPG,EPG(PB08)_R7,R,3
30178,ER3d_b,ER3d_b_R,R,92188,EPG,EPG(PB08)_R7,R,3
28430,ER3m,ER3m_L,L,92188,EPG,EPG(PB08)_R7,R,3
526552,ER3w_b,ER3w_b_R,R,521812,EPG,EPG(PB08)_R7,R,3
516110,ER6,ER6_R,R,521812,EPG,EPG(PB08)_R7,R,3
513379,ER5,ER5_R,R,521812,EPG,EPG(PB08)_R7,R,3
59337,ER3w_b,ER3w_b_L,L,521812,EPG,EPG(PB08)_R7,R,3
47859,ER3d_c,ER3d_c_R,R,521812,EPG,EPG(PB08)_R7,R,3
38306,ER3d_a,ER3d_a_L,L,521812,EPG,EPG(PB08)_R7,R,3
37817,ER3d_e,ER3d_e_R,R,521812,EPG,EPG(PB08)_R7,R,3
37437,ER3d_e,ER3d_e_L,L,521812,EPG,EPG(PB08)_R7,R,3
34038,ER3d_b,ER3d_b_L,L,521812,EPG,EPG(PB08)_R7,R,3
33589,ER3d_b,ER3d_b_L,L,521812,EPG,EPG(PB08)_R7,R,3
27454,ER3d_c,ER3d_c_R,R,521812,EPG,EPG(PB08)_R7,R,3
27246,ER3d_d,ER3d_d_R,R,521812,EPG,EPG(PB08)_R7,R,3
21664,ER3d_e,ER3d_e_R,R,521812,EPG,EPG(PB08)_R7,R,3
19072,ER5,ER5_R,R,521812,EPG,EPG(PB08)_R7,R,3
17561,ER3m,ER3m_R,R,521812,EPG,EPG(PB08)_R7,R,3
13094,ER4d,ER4d_R,R,521812,EPG,EPG(PB08)_R7,R,3
568502,ER5,ER5_R,R,521813,EPG,EPG(PB08)_L2,L,3
527150,ER3d_a,ER3d_a_L,L,521813,EPG,EPG(PB08)_L2,L,3
522759,ER3d_d,ER3d_d_L,L,521813,EPG,EPG(PB08)_L2,L,3
521535,ER5,ER5_L,L,521813,EPG,EPG(PB08)_L2,L,3
521528,ER5,ER5_L,L,521813,EPG,EPG(PB08)_L2,L,3
513379,ER5,ER5_R,R,521813,EPG,EPG(PB08)_L2,L,3
512319,ER6,ER6_L,L,521813,EPG,EPG(PB08)_L2,L,3
51382,ER3d_b,ER3d_b_L,L,521813,EPG,EPG(PB08)_L2,L,3
49869,ER3p_b,ER3p_b_R,R,521813,EPG,EPG(PB08)_L2,L,3
44422,ER3m,ER3m_L,L,521813,EPG,EPG(PB08)_L2,L,3
39798,ER5,ER5_L,L,521813,EPG,EPG(PB08)_L2,L,3
37437,ER3d_e,ER3d_e_L,L,521813,EPG,EPG(PB08)_L2,L,3
35641,ER3d_c,ER3d_c_L,L,521813,EPG,EPG(PB08)_L2,L,3
30592,ER3d_b,ER3d_b_R,R,521813,EPG,EPG(PB08)_L2,L,3
29177,ER3d_b,ER3d_b_R,R,521813,EPG,EPG(PB08)_L2,L,3
27348,ER3m,ER3m_L,L,521813,EPG,EPG(PB08)_L2,L,3
21664,ER3d_e,ER3d_e_R,R,521813,EPG,EPG(PB08)_L2,L,3
527297,ER5,ER5_R,R,512513,EPG,EPG(PB08)_R1,R,3
524068,ER3d_b,ER3d_b_L,L,512513,EPG,EPG(PB08)_R1,R,3
521535,ER5,ER5_L,L,512513,EPG,EPG(PB08)_R1,R,3
53618,ER3p_b,ER3p_b_L,L,512513,EPG,EPG(PB08)_R1,R,3
48956,ER3d_b,ER3d_b_R,R,512513,EPG,EPG(PB08)_R1,R,3
26841,ER3a_a,ER3a_a_L,L,512513,EPG,EPG(PB08)_R1,R,3
25494,ER3d_e,ER3d_e_L,L,512513,EPG,EPG(PB08)_R1,R,3
14963,ER5,ER5_L,L,512513,EPG,EPG(PB08)_R1,R,3
532637,ER3m,ER3m_R,R,519941,EPG,EPG(PB08)_L3,L,2
527199,ER3d_e,ER3d_e_L,L,519941,EPG,EPG(PB08)_L3,L,2
35641,ER3d_c,ER3d_c_L,L,519941,EPG,EPG(PB08)_L3,L,2
17591,ER4d,ER4d_R,R,519941,EPG,EPG(PB08)_L3,L,2
14963,ER5,ER5_L,L,519941,EPG,EPG(PB08)_L3,L,2
14464,ER6,ER6_L,L,519941,EPG,EPG(PB08)_L3,L,2
533062,ER3a_a,ER3a_a_L,L,11989,EPG,EPG(PB08)_L5,L,2
524068,ER3d_b,ER3d_b_L,L,11989,EPG,EPG(PB08)_L5,L,2
512319,ER6,ER6_L,L,11989,EPG,EPG(PB08)_L5,L,2
51382,ER3d_b,ER3d_b_L,L,11989,EPG,EPG(PB08)_L5,L,2
47186,ER3m,ER3m_R,R,11989,EPG,EPG(PB08)_L5,L,2
27246,ER3d_d,ER3d_d_R,R,11989,EPG,EPG(PB08)_L5,L,2
27013,ER3m,ER3m_L,L,11989,EPG,EPG(PB08)_L5,L,2
22001,ER5,ER5_L,L,11989,EPG,EPG(PB08)_L5,L,2
18633,ER5,ER5_L,L,11989,EPG,EPG(PB08)_L5,L,2
17561,ER3m,ER3m_R,R,11989,EPG,EPG(PB08)_L5,L,2
17171,ER5,ER5_R,R,11989,EPG,EPG(PB08)_L5,L,2
530339,ER3d_d,ER3d_d_L,L,107195,EPG,EPG(PB08)_L5,L,2
51382,ER3d_b,ER3d_b_L,L,107195,EPG,EPG(PB08)_L5,L,2
49378,ER3d_c,ER3d_c_R,R,107195,EPG,EPG(PB08)_L5,L,2
48956,ER3d_b,ER3d_b_R,R,107195,EPG,EPG(PB08)_L5,L,2
42264,ER3d_e,ER3d_e_R,R,107195,EPG,EPG(PB08)_L5,L,2
39798,ER5,ER5_L,L,107195,EPG,EPG(PB08)_L5,L,2
33589,ER3d_b,ER3d_b_L,L,107195,EPG,EPG(PB08)_L5,L,2
31263,ER3d_b,ER3d_b_R,R,107195,EPG,EPG(PB08)_L5,L,2
27246,ER3d_d,ER3d_d_R,R,107195,EPG,EPG(PB08)_L5,L,2
26841,ER3a_a,ER3a_a_L,L,107195,EPG,EPG(PB08)_L5,L,2
20026,ER5,ER5_L,L,107195,EPG,EPG(PB08)_L5,L,2
14963,ER5,ER5_L,L,107195,EPG,EPG(PB08)_L5,L,2
14284,ER5,ER5_R,R,107195,EPG,EPG(PB08)_L5,L,2
12059,ER5,ER5_R,R,107195,EPG,EPG(PB08)_L5,L,2
533062,ER3a_a,ER3a_a_L,L,519328,EPG,EPG(PB08)_L3,L,2
524068,ER3d_b,ER3d_b_L,L,519328,EPG,EPG(PB08)_L3,L,2
72824,ER3a_a,ER3a_a_R,R,519328,EPG,EPG(PB08)_L3,L,2
44127,ER3d_d,ER3d_d_R,R,519328,EPG,EPG(PB08)_L3,L,2
34038,ER3d_b,ER3d_b_L,L,519328,EPG,EPG(PB08)_L3,L,2
30206,ER5,ER5_R,R,519328,EPG,EPG(PB08)_L3,L,2
30178,ER3d_b,ER3d_b_R,R,519328,EPG,EPG(PB08)_L3,L,2
29177,ER3d_b,ER3d_b_R,R,519328,EPG,EPG(PB08)_L3,L,2
28430,ER3m,ER3m_L,L,519328,EPG,EPG(PB08)_L3,L,2
26841,ER3a_a,ER3a_a_L,L,519328,EPG,EPG(PB08)_L3,L,2
20026,ER5,ER5_L,L,519328,EPG,EPG(PB08)_L3,L,2
17171,ER5,ER5_R,R,519328,EPG,EPG(PB08)_L3,L,2
17078,ER5,ER5_R,R,519328,EPG,EPG(PB08)_L3,L,2
14464,ER6,ER6_L,L,519328,EPG,EPG(PB08)_L3,L,2
527150,ER3d_a,ER3d_a_L,L,512928,EPG,EPG(PB08)_R3,R,2
516944,ER5,ER5_L,L,512928,EPG,EPG(PB08)_R3,R,2
513379,ER5,ER5_R,R,512928,EPG,EPG(PB08)_R3,R,2
72824,ER3a_a,ER3a_a_R,R,512928,EPG,EPG(PB08)_R3,R,2
42264,ER3d_e,ER3d_e_R,R,512928,EPG,EPG(PB08)_R3,R,2
41908,ER3a_a,ER3a_a_L,L,512928,EPG,EPG(PB08)_R3,R,2
40558,ER3d_b,ER3d_b_L,L,512928,EPG,EPG(PB08)_R3,R,2
34239,ER3a_a,ER3a_a_R,R,512928,EPG,EPG(PB08)_R3,R,2
17171,ER5,ER5_R,R,512928,EPG,EPG(PB08)_R3,R,2
17078,ER5,ER5_R,R,512928,EPG,EPG(PB08)_R3,R,2
532637,ER3m,ER3m_R,R,14507,EPG,EPG(PB08)_R7,R,2
47186,ER3m,ER3m_R,R,14507,EPG,EPG(PB08)_R7,R,2
44830,ER3d_e,ER3d_e_R,R,14507,EPG,EPG(PB08)_R7,R,2
44422,ER3m,ER3m_L,L,14507,EPG,EPG(PB08)_R7,R,2
44127,ER3d_d,ER3d_d_R,R,14507,EPG,EPG(PB08)_R7,R,2
39503,ER3p_a,ER3p_a_L,L,14507,EPG,EPG(PB08)_R7,R,2
37817,ER3d_e,ER3d_e_R,R,14507,EPG,EPG(PB08)_R7,R,2
29046,ER3d_b,ER3d_b_R,R,14507,EPG,EPG(PB08)_R7,R,2
26295,ER3m,ER3m_R,R,14507,EPG,EPG(PB08)_R7,R,2
24122,ER4d,ER4d_R,R,14507,EPG,EPG(PB08)_R7,R,2
19323,ER4d,ER4d_R,R,14507,EPG,EPG(PB08)_R7,R,2
533062,ER3a_a,ER3a_a_L,L,524073,EPG,EPG(PB08)_L2,L,2
524068,ER3d_b,ER3d_b_L,L,524073,EPG,EPG(PB08)_L2,L,2
512319,ER6,ER6_L,L,524073,EPG,EPG(PB08)_L2,L,2
51382,ER3d_b,ER3d_b_L,L,524073,EPG,EPG(PB08)_L2,L,2
40558,ER3d_b,ER3d_b_L,L,524073,EPG,EPG(PB08)_L2,L,2
27454,ER3d_c,ER3d_c_R,R,524073,EPG,EPG(PB08)_L2,L,2
27013,ER3m,ER3m_L,L,524073,EPG,EPG(PB08)_L2,L,2
26841,ER3a_a,ER3a_a_L,L,524073,EPG,EPG(PB08)_L2,L,2
14963,ER5,ER5_L,L,524073,EPG,EPG(PB08)_L2,L,2
48956,ER3d_b,ER3d_b_R,R,519144,EPG,EPG(PB08)_L8,L,2
47186,ER3m,ER3m_R,R,519144,EPG,EPG(PB08)_L8,L,2
44422,ER3m,ER3m_L,L,519144,EPG,EPG(PB08)_L8,L,2
40558,ER3d_b,ER3d_b_L,L,519144,EPG,EPG(PB08)_L8,L,2
37817,ER3d_e,ER3d_e_R,R,519144,EPG,EPG(PB08)_L8,L,2
37437,ER3d_e,ER3d_e_L,L,519144,EPG,EPG(PB08)_L8,L,2
30178,ER3d_b,ER3d_b_R,R,519144,EPG,EPG(PB08)_L8,L,2
27454,ER3d_c,ER3d_c_R,R,519144,EPG,EPG(PB08)_L8,L,2
27246,ER3d_d,ER3d_d_R,R,519144,EPG,EPG(PB08)_L8,L,2
27013,ER3m,ER3m_L,L,519144,EPG,EPG(PB08)_L8,L,2
22001,ER5,ER5_L,L,519144,EPG,EPG(PB08)_L8,L,2
19169,ER3m,ER3m_L,L,519144,EPG,EPG(PB08)_L8,L,2
18633,ER5,ER5_L,L,519144,EPG,EPG(PB08)_L8,L,2
17561,ER3m,ER3m_R,R,519144,EPG,EPG(PB08)_L8,L,2
522759,ER3d_d,ER3d_d_L,L,512305,EPG,EPG(PB08)_R8,R,2
49378,ER3d_c,ER3d_c_R,R,512305,EPG,EPG(PB08)_R8,R,2
47859,ER3d_c,ER3d_c_R,R,512305,EPG,EPG(PB08)_R8,R,2
44830,ER3d_e,ER3d_e_R,R,512305,EPG,EPG(PB08)_R8,R,2
42264,ER3d_e,ER3d_e_R,R,512305,EPG,EPG(PB08)_R8,R,2
37758,ER3d_a,ER3d_a_R,R,512305,EPG,EPG(PB08)_R8,R,2
35641,ER3d_c,ER3d_c_L,L,512305,EPG,EPG(PB08)_R8,R,2
29177,ER3d_b,ER3d_b_R,R,512305,EPG,EPG(PB08)_R8,R,2
27454,ER3d_c,ER3d_c_R,R,512305,EPG,EPG(PB08)_R8,R,2
27269,ER3d_c,ER3d_c_L,L,512305,EPG,EPG(PB08)_R8,R,2
17419,ER6,ER6_R,R,512305,EPG,EPG(PB08)_R8,R,2
14963,ER5,ER5_L,L,512305,EPG,EPG(PB08)_R8,R,2
11605,ER5,ER5_R,R,512305,EPG,EPG(PB08)_R8,R,2
521528,ER5,ER5_L,L,513464,EPG,EPG(PB08)_R8,R,2
44127,ER3d_d,ER3d_d_R,R,513464,EPG,EPG(PB08)_R8,R,2
40558,ER3d_b,ER3d_b_L,L,513464,EPG,EPG(PB08)_R8,R,2
34038,ER3d_b,ER3d_b_L,L,513464,EPG,EPG(PB08)_R8,R,2
29177,ER3d_b,ER3d_b_R,R,513464,EPG,EPG(PB08)_R8,R,2
27348,ER3m,ER3m_L,L,513464,EPG,EPG(PB08)_R8,R,2
18633,ER5,ER5_L,L,513464,EPG,EPG(PB08)_R8,R,2
17078,ER5,ER5_R,R,513464,EPG,EPG(PB08)_R8,R,2
530339,ER3d_d,ER3d_d_L,L,19825,EPG,EPG(PB08)_R6,R,2
527199,ER3d_e,ER3d_e_L,L,19825,EPG,EPG(PB08)_R6,R,2
522759,ER3d_d,ER3d_d_L,L,19825,EPG,EPG(PB08)_R6,R,2
521528,ER5,ER5_L,L,19825,EPG,EPG(PB08)_R6,R,2
49378,ER3d_c,ER3d_c_R,R,19825,EPG,EPG(PB08)_R6,R,2
44422,ER3m,ER3m_L,L,19825,EPG,EPG(PB08)_R6,R,2
39798,ER5,ER5_L,L,19825,EPG,EPG(PB08)_R6,R,2
31684,ER3d_a,ER3d_a_R,R,19825,EPG,EPG(PB08)_R6,R,2
31263,ER3d_b,ER3d_b_R,R,19825,EPG,EPG(PB08)_R6,R,2
30592,ER3d_b,ER3d_b_R,R,19825,EPG,EPG(PB08)_R6,R,2
29046,ER3d_b,ER3d_b_R,R,19825,EPG,EPG(PB08)_R6,R,2
26295,ER3m,ER3m_R,R,19825,EPG,EPG(PB08)_R6,R,2
524068,ER3d_b,ER3d_b_L,L,11307,EPG,EPG(PB08)_L4,L,2
521534,ER5,ER5_L,L,11307,EPG,EPG(PB08)_L4,L,2
516944,ER5,ER5_L,L,11307,EPG,EPG(PB08)_L4,L,2
513379,ER5,ER5_R,R,11307,EPG,EPG(PB08)_L4,L,2
512608,ER3d_b,ER3d_b_R,R,11307,EPG,EPG(PB08)_L4,L,2
51382,ER3d_b,ER3d_b_L,L,11307,EPG,EPG(PB08)_L4,L,2
49378,ER3d_c,ER3d_c_R,R,11307,EPG,EPG(PB08)_L4,L,2
44909,ER5,ER5_L,L,11307,EPG,EPG(PB08)_L4,L,2
34038,ER3d_b,ER3d_b_L,L,11307,EPG,EPG(PB08)_L4,L,2
30206,ER5,ER5_R,R,11307,EPG,EPG(PB08)_L4,L,2
30178,ER3d_b,ER3d_b_R,R,11307,EPG,EPG(PB08)_L4,L,2
29046,ER3d_b,ER3d_b_R,R,11307,EPG,EPG(PB08)_L4,L,2
27269,ER3d_c,ER3d_c_L,L,11307,EPG,EPG(PB08)_L4,L,2
25494,ER3d_e,ER3d_e_L,L,11307,EPG,EPG(PB08)_L4,L,2
21664,ER3d_e,ER3d_e_R,R,11307,EPG,EPG(PB08)_L4,L,2
12059,ER5,ER5_R,R,11307,EPG,EPG(PB08)_L4,L,2
527297,ER5,ER5_R,R,11503,EPG,EPG(PB08)_R8,R,2
522759,ER3d_d,ER3d_d_L,L,11503,EPG,EPG(PB08)_R8,R,2
516944,ER5,ER5_L,L,11503,EPG,EPG(PB08)_R8,R,2
52832,ER3m,ER3m_R,R,11503,EPG,EPG(PB08)_R8,R,2
51382,ER3d_b,ER3d_b_L,L,11503,EPG,EPG(PB08)_R8,R,2
47186,ER3m,ER3m_R,R,11503,EPG,EPG(PB08)_R8,R,2
33589,ER3d_b,ER3d_b_L,L,11503,EPG,EPG(PB08)_R8,R,2
27454,ER3d_c,ER3d_c_R,R,11503,EPG,EPG(PB08)_R8,R,2
27013,ER3m,ER3m_L,L,11503,EPG,EPG(PB08)_R8,R,2
25494,ER3d_e,ER3d_e_L,L,11503,EPG,EPG(PB08)_R8,R,2
22001,ER5,ER5_L,L,11503,EPG,EPG(PB08)_R8,R,2
14963,ER5,ER5_L,L,11503,EPG,EPG(PB08)_R8,R,2
72824,ER3a_a,ER3a_a_R,R,84758,EPG,EPG(PB08)_L7,L,2
44814,ER3m,ER3m_L,L,84758,EPG,EPG(PB08)_L7,L,2
29046,ER3d_b,ER3d_b_R,R,84758,EPG,EPG(PB08)_L7,L,2
28430,ER3m,ER3m_L,L,84758,EPG,EPG(PB08)_L7,L,2
27454,ER3d_c,ER3d_c_R,R,84758,EPG,EPG(PB08)_L7,L,2
40558,ER3d_b,ER3d_b_L,L,520812,EPG,EPG(PB08)_R8,R,2
35641,ER3d_c,ER3d_c_L,L,520812,EPG,EPG(PB08)_R8,R,2
34038,ER3d_b,ER3d_b_L,L,520812,EPG,EPG(PB08)_R8,R,2
30592,ER3d_b,ER3d_b_R,R,520812,EPG,EPG(PB08)_R8,R,2
26939,ER3m,ER3m_R,R,520812,EPG,EPG(PB08)_R8,R,2
10043,ER5,ER5_L,L,520812,EPG,EPG(PB08)_R8,R,2
532637,ER3m,ER3m_R,R,513284,EPG,EPG(PB08)_R3,R,2
72824,ER3a_a,ER3a_a_R,R,513284,EPG,EPG(PB08)_R3,R,2
44127,ER3d_d,ER3d_d_R,R,513284,EPG,EPG(PB08)_R3,R,2
36327,ER3a_a,ER3a_a_R,R,513284,EPG,EPG(PB08)_R3,R,2
30206,ER5,ER5_R,R,513284,EPG,EPG(PB08)_R3,R,2
17419,ER6,ER6_R,R,513284,EPG,EPG(PB08)_R3,R,2
530339,ER3d_d,ER3d_d_L,L,556346,EPG,EPG(PB08)_L6,L,2
524068,ER3d_b,ER3d_b_L,L,556346,EPG,EPG(PB08)_L6,L,2
521528,ER5,ER5_L,L,556346,EPG,EPG(PB08)_L6,L,2
516944,ER5,ER5_L,L,556346,EPG,EPG(PB08)_L6,L,2
47186,ER3m,ER3m_R,R,556346,EPG,EPG(PB08)_L6,L,2
37758,ER3d_a,ER3d_a_R,R,556346,EPG,EPG(PB08)_L6,L,2
31263,ER3d_b,ER3d_b_R,R,556346,EPG,EPG(PB08)_L6,L,2
30206,ER5,ER5_R,R,556346,EPG,EPG(PB08)_L6,L,2
28430,ER3m,ER3m_L,L,556346,EPG,EPG(PB08)_L6,L,2
13094,ER4d,ER4d_R,R,556346,EPG,EPG(PB08)_L6,L,2
521535,ER5,ER5_L,L,523786,EPG,EPG(PB08)_R4,R,2
51382,ER3d_b,ER3d_b_L,L,523786,EPG,EPG(PB08)_R4,R,2
44422,ER3m,ER3m_L,L,523786,EPG,EPG(PB08)_R4,R,2
44127,ER3d_d,ER3d_d_R,R,523786,EPG,EPG(PB08)_R4,R,2
37758,ER3d_a,ER3d_a_R,R,523786,EPG,EPG(PB08)_R4,R,2
33589,ER3d_b,ER3d_b_L,L,523786,EPG,EPG(PB08)_R4,R,2
31684,ER3d_a,ER3d_a_R,R,523786,EPG,EPG(PB08)_R4,R,2
31263,ER3d_b,ER3d_b_R,R,523786,EPG,EPG(PB08)_R4,R,2
29177,ER3d_b,ER3d_b_R,R,523786,EPG,EPG(PB08)_R4,R,2
29046,ER3d_b,ER3d_b_R,R,523786,EPG,EPG(PB08)_R4,R,2
28430,ER3m,ER3m_L,L,523786,EPG,EPG(PB08)_R4,R,2
27246,ER3d_d,ER3d_d_R,R,523786,EPG,EPG(PB08)_R4,R,2
26843,ER3w_b,ER3w_b_R,R,523786,EPG,EPG(PB08)_R4,R,2
19072,ER5,ER5_R,R,523786,EPG,EPG(PB08)_R4,R,2
512608,ER3d_b,ER3d_b_R,R,11987,EPG,EPG(PB08)_R5,R,2
72824,ER3a_a,ER3a_a_R,R,11987,EPG,EPG(PB08)_R5,R,2
31263,ER3d_b,ER3d_b_R,R,11987,EPG,EPG(PB08)_R5,R,2
30592,ER3d_b,ER3d_b_R,R,11987,EPG,EPG(PB08)_R5,R,2
26841,ER3a_a,ER3a_a_L,L,11987,EPG,EPG(PB08)_R5,R,2
19169,ER3m,ER3m_L,L,11987,EPG,EPG(PB08)_R5,R,2
530339,ER3d_d,ER3d_d_L,L,513033,EPG,EPG(PB08)_L8,L,2
51382,ER3d_b,ER3d_b_L,L,513033,EPG,EPG(PB08)_L8,L,2
44422,ER3m,ER3m_L,L,513033,EPG,EPG(PB08)_L8,L,2
27246,ER3d_d,ER3d_d_R,R,513033,EPG,EPG(PB08)_L8,L,2
26939,ER3m,ER3m_R,R,513033,EPG,EPG(PB08)_L8,L,2
20026,ER5,ER5_L,L,513033,EPG,EPG(PB08)_L8,L,2
17171,ER5,ER5_R,R,513033,EPG,EPG(PB08)_L8,L,2
14284,ER5,ER5_R,R,513033,EPG,EPG(PB08)_L8,L,2
527297,ER5,ER5_R,R,19125,EPG,EPG(PB08)_R5,R,2
69454,ER3a_d,ER3a_d_L,L,19125,EPG,EPG(PB08)_R5,R,2
48956,ER3d_b,ER3d_b_R,R,19125,EPG,EPG(PB08)_R5,R,2
47186,ER3m,ER3m_R,R,19125,EPG,EPG(PB08)_R5,R,2
29177,ER3d_b,ER3d_b_R,R,19125,EPG,EPG(PB08)_R5,R,2
28430,ER3m,ER3m_L,L,19125,EPG,EPG(PB08)_R5,R,2
27246,ER3d_d,ER3d_d_R,R,19125,EPG,EPG(PB08)_R5,R,2
26939,ER3m,ER3m_R,R,19125,EPG,EPG(PB08)_R5,R,2
22001,ER5,ER5_L,L,19125,EPG,EPG(PB08)_R5,R,2
17171,ER5,ER5_R,R,19125,EPG,EPG(PB08)_R5,R,2
12059,ER5,ER5_R,R,19125,EPG,EPG(PB08)_R5,R,2
522806,ER3d_c,ER3d_c_R,R,131313,EPG,EPG(PB08)_R6,R,2
521534,ER5,ER5_L,L,131313,EPG,EPG(PB08)_R6,R,2
512608,ER3d_b,ER3d_b_R,R,131313,EPG,EPG(PB08)_R6,R,2
63782,ER3d_c,ER3d_c_L,L,131313,EPG,EPG(PB08)_R6,R,2
44909,ER5,ER5_L,L,131313,EPG,EPG(PB08)_R6,R,2
44127,ER3d_d,ER3d_d_R,R,131313,EPG,EPG(PB08)_R6,R,2
35641,ER3d_c,ER3d_c_L,L,131313,EPG,EPG(PB08)_R6,R,2
33589,ER3d_b,ER3d_b_L,L,131313,EPG,EPG(PB08)_R6,R,2
29046,ER3d_b,ER3d_b_R,R,131313,EPG,EPG(PB08)_R6,R,2
27269,ER3d_c,ER3d_c_L,L,131313,EPG,EPG(PB08)_R6,R,2
27013,ER3m,ER3m_L,L,131313,EPG,EPG(PB08)_R6,R,2
26841,ER3a_a,ER3a_a_L,L,131313,EPG,EPG(PB08)_R6,R,2
20026,ER5,ER5_L,L,131313,EPG,EPG(PB08)_R6,R,2
17561,ER3m,ER3m_R,R,131313,EPG,EPG(PB08)_R6,R,2
14963,ER5,ER5_L,L,131313,EPG,EPG(PB08)_R6,R,2
527150,ER3d_a,ER3d_a_L,L,513517,EPG,EPG(PB08)_L4,L,2
522759,ER3d_d,ER3d_d_L,L,513517,EPG,EPG(PB08)_L4,L,2
521534,ER5,ER5_L,L,513517,EPG,EPG(PB08)_L4,L,2
516944,ER5,ER5_L,L,513517,EPG,EPG(PB08)_L4,L,2
530339,ER3d_d,ER3d_d_L,L,556347,EPG,EPG(PB08)_R4,R,2
523035,ER3a_a,ER3a_a_R,R,556347,EPG,EPG(PB08)_R4,R,2
521535,ER5,ER5_L,L,556347,EPG,EPG(PB08)_R4,R,2
512608,ER3d_b,ER3d_b_R,R,556347,EPG,EPG(PB08)_R4,R,2
63782,ER3d_c,ER3d_c_L,L,556347,EPG,EPG(PB08)_R4,R,2
44422,ER3m,ER3m_L,L,556347,EPG,EPG(PB08)_R4,R,2
44127,ER3d_d,ER3d_d_R,R,556347,EPG,EPG(PB08)_R4,R,2
30592,ER3d_b,ER3d_b_R,R,556347,EPG,EPG(PB08)_R4,R,2
29046,ER3d_b,ER3d_b_R,R,556347,EPG,EPG(PB08)_R4,R,2
28430,ER3m,ER3m_L,L,556347,EPG,EPG(PB08)_R4,R,2
20026,ER5,ER5_L,L,556347,EPG,EPG(PB08)_R4,R,2
19072,ER5,ER5_R,R,556347,EPG,EPG(PB08)_R4,R,2
17419,ER6,ER6_R,R,556347,EPG,EPG(PB08)_R4,R,2
17171,ER5,ER5_R,R,556347,EPG,EPG(PB08)_R4,R,2
14963,ER5,ER5_L,L,556347,EPG,EPG(PB08)_R4,R,2
524068,ER3d_b,ER3d_b_L,L,521409,EPG,EPG(PB08)_L8,L,2
522759,ER3d_d,ER3d_d_L,L,521409,EPG,EPG(PB08)_L8,L,2
48956,ER3d_b,ER3d_b_R,R,521409,EPG,EPG(PB08)_L8,L,2
44909,ER5,ER5_L,L,521409,EPG,EPG(PB08)_L8,L,2
34038,ER3d_b,ER3d_b_L,L,521409,EPG,EPG(PB08)_L8,L,2
31263,ER3d_b,ER3d_b_R,R,521409,EPG,EPG(PB08)_L8,L,2
17561,ER3m,ER3m_R,R,521409,EPG,EPG(PB08)_L8,L,2
14464,ER6,ER6_L,L,521409,EPG,EPG(PB08)_L8,L,2
14284,ER5,ER5_R,R,521409,EPG,EPG(PB08)_L8,L,2
10043,ER5,ER5_L,L,521409,EPG,EPG(PB08)_L8,L,2
527297,ER5,ER5_R,R,513463,EPG,EPG(PB08)_R2,R,2
34038,ER3d_b,ER3d_b_L,L,513463,EPG,EPG(PB08)_R2,R,2
28430,ER3m,ER3m_L,L,513463,EPG,EPG(PB08)_R2,R,2
27269,ER3d_c,ER3d_c_L,L,513463,EPG,EPG(PB08)_R2,R,2
20026,ER5,ER5_L,L,513463,EPG,EPG(PB08)_R2,R,2
530339,ER3d_d,ER3d_d_L,L,520818,EPG,EPG(PB08)_L4,L,2
527199,ER3d_e,ER3d_e_L,L,520818,EPG,EPG(PB08)_L4,L,2
512608,ER3d_b,ER3d_b_R,R,520818,EPG,EPG(PB08)_L4,L,2
51382,ER3d_b,ER3d_b_L,L,520818,EPG,EPG(PB08)_L4,L,2
48956,ER3d_b,ER3d_b_R,R,520818,EPG,EPG(PB08)_L4,L,2
44127,ER3d_d,ER3d_d_R,R,520818,EPG,EPG(PB08)_L4,L,2
40558,ER3d_b,ER3d_b_L,L,520818,EPG,EPG(PB08)_L4,L,2
30206,ER5,ER5_R,R,520818,EPG,EPG(PB08)_L4,L,2
26295,ER3m,ER3m_R,R,520818,EPG,EPG(PB08)_L4,L,2
20026,ER5,ER5_L,L,520818,EPG,EPG(PB08)_L4,L,2
522806,ER3d_c,ER3d_c_R,R,12449,EPG,EPG(PB08)_L5,L,2
521534,ER5,ER5_L,L,12449,EPG,EPG(PB08)_L5,L,2
521535,ER5,ER5_L,L,12449,EPG,EPG(PB08)_L5,L,2
48956,ER3d_b,ER3d_b_R,R,12449,EPG,EPG(PB08)_L5,L,2
44422,ER3m,ER3m_L,L,12449,EPG,EPG(PB08)_L5,L,2
31684,ER3d_a,ER3d_a_R,R,12449,EPG,EPG(PB08)_L5,L,2
29177,ER3d_b,ER3d_b_R,R,12449,EPG,EPG(PB08)_L5,L,2
27454,ER3d_c,ER3d_c_R,R,12449,EPG,EPG(PB08)_L5,L,2
27269,ER3d_c,ER3d_c_L,L,12449,EPG,EPG(PB08)_L5,L,2
27246,ER3d_d,ER3d_d_R,R,12449,EPG,EPG(PB08)_L5,L,2
21664,ER3d_e,ER3d_e_R,R,12449,EPG,EPG(PB08)_L5,L,2
19169,ER3m,ER3m_L,L,12449,EPG,EPG(PB08)_L5,L,2
17171,ER5,ER5_R,R,12449,EPG,EPG(PB08)_L5,L,2
521534,ER5,ER5_L,L,10539,EPG,EPG(PB08)_R2,R,2
516944,ER5,ER5_L,L,10539,EPG,EPG(PB08)_R2,R,2
35641,ER3d_c,ER3d_c_L,L,10539,EPG,EPG(PB08)_R2,R,2
30206,ER5,ER5_R,R,10539,EPG,EPG(PB08)_R2,R,2
22001,ER5,ER5_L,L,10539,EPG,EPG(PB08)_R2,R,2
530339,ER3d_d,ER3d_d_L,L,14727,EPG,EPG(PB08)_L7,L,2
44909,ER5,ER5_L,L,14727,EPG,EPG(PB08)_L7,L,2
33589,ER3d_b,ER3d_b_L,L,14727,EPG,EPG(PB08)_L7,L,2
28701,ER3d_b,ER3d_b_R,R,14727,EPG,EPG(PB08)_L7,L,2
28430,ER3m,ER3m_L,L,14727,EPG,EPG(PB08)_L7,L,2
26841,ER3a_a,ER3a_a_L,L,14727,EPG,EPG(PB08)_L7,L,2
23163,ER3a_a,ER3a_a_R,R,14727,EPG,EPG(PB08)_L7,L,2
20026,ER5,ER5_L,L,14727,EPG,EPG(PB08)_L7,L,2
17078,ER5,ER5_R,R,14727,EPG,EPG(PB08)_L7,L,2
14284,ER5,ER5_R,R,14727,EPG,EPG(PB08)_L7,L,2
10043,ER5,ER5_L,L,14727,EPG,EPG(PB08)_L7,L,2
533062,ER3a_a,ER3a_a_L,L,519140,EPG,EPG(PB08)_L1,L,2
529826,ER3a_a,ER3a_a_R,R,519140,EPG,EPG(PB08)_L1,L,2
512515,ER3a_a,ER3a_a_L,L,519140,EPG,EPG(PB08)_L1,L,2
72824,ER3a_a,ER3a_a_R,R,519140,EPG,EPG(PB08)_L1,L,2
47859,ER3d_c,ER3d_c_R,R,519140,EPG,EPG(PB08)_L1,L,2
38001,ER3a_d,ER3a_d_L,L,519140,EPG,EPG(PB08)_L1,L,2
35545,ER3a_a,ER3a_a_L,L,519140,EPG,EPG(PB08)_L1,L,2
29046,ER3d_b,ER3d_b_R,R,519140,EPG,EPG(PB08)_L1,L,2
26841,ER3a_a,ER3a_a_L,L,519140,EPG,EPG(PB08)_L1,L,2
21664,ER3d_e,ER3d_e_R,R,519140,EPG,EPG(PB08)_L1,L,2
20026,ER5,ER5_L,L,519140,EPG,EPG(PB08)_L1,L,2
532637,ER3m,ER3m_R,R,15616,EPG,EPG(PB08)_R3,R,2
524068,ER3d_b,ER3d_b_L,L,15616,EPG,EPG(PB08)_R3,R,2
522759,ER3d_d,ER3d_d_L,L,15616,EPG,EPG(PB08)_R3,R,2
516110,ER6,ER6_R,R,15616,EPG,EPG(PB08)_R3,R,2
72824,ER3a_a,ER3a_a_R,R,15616,EPG,EPG(PB08)_R3,R,2
34038,ER3d_b,ER3d_b_L,L,15616,EPG,EPG(PB08)_R3,R,2
33589,ER3d_b,ER3d_b_L,L,15616,EPG,EPG(PB08)_R3,R,2
26841,ER3a_a,ER3a_a_L,L,15616,EPG,EPG(PB08)_R3,R,2
26295,ER3m,ER3m_R,R,15616,EPG,EPG(PB08)_R3,R,2
527199,ER3d_e,ER3d_e_L,L,16360,EPG,EPG(PB08)_L6,L,2
34239,ER3a_a,ER3a_a_R,R,16360,EPG,EPG(PB08)_L6,L,2
34038,ER3d_b,ER3d_b_L,L,16360,EPG,EPG(PB08)_L6,L,2
30592,ER3d_b,ER3d_b_R,R,16360,EPG,EPG(PB08)_L6,L,2
22001,ER5,ER5_L,L,16360,EPG,EPG(PB08)_L6,L,2
21664,ER3d_e,ER3d_e_R,R,16360,EPG,EPG(PB08)_L6,L,2
14963,ER5,ER5_L,L,16360,EPG,EPG(PB08)_L6,L,2
11605,ER5,ER5_R,R,16360,EPG,EPG(PB08)_L6,L,2
568502,ER5,ER5_R,R,515675,EPG,EPG(PB08)_R1,R,2
532637,ER3m,ER3m_R,R,515675,EPG,EPG(PB08)_R1,R,2
521534,ER5,ER5_L,L,515675,EPG,EPG(PB08)_R1,R,2
516110,ER6,ER6_R,R,515675,EPG,EPG(PB08)_R1,R,2
37758,ER3d_a,ER3d_a_R,R,515675,EPG,EPG(PB08)_R1,R,2
34239,ER3a_a,ER3a_a_R,R,515675,EPG,EPG(PB08)_R1,R,2
27454,ER3d_c,ER3d_c_R,R,515675,EPG,EPG(PB08)_R1,R,2
27246,ER3d_d,ER3d_d_R,R,515675,EPG,EPG(PB08)_R1,R,2
18633,ER5,ER5_L,L,515675,EPG,EPG(PB08)_R1,R,2
17078,ER5,ER5_R,R,515675,EPG,EPG(PB08)_R1,R,2
533062,ER3a_a,ER3a_a_L,L,514126,EPG,EPG(PB08)_R5,R,2
532637,ER3m,ER3m_R,R,514126,EPG,EPG(PB08)_R5,R,2
519329,ER3a_d,ER3a_d_R,R,514126,EPG,EPG(PB08)_R5,R,2
516944,ER5,ER5_L,L,514126,EPG,EPG(PB08)_R5,R,2
47859,ER3d_c,ER3d_c_R,R,514126,EPG,EPG(PB08)_R5,R,2
28430,ER3m,ER3m_L,L,514126,EPG,EPG(PB08)_R5,R,2
527297,ER5,ER5_R,R,513520,EPG,EPG(PB08)_R6,R,2
524068,ER3d_b,ER3d_b_L,L,513520,EPG,EPG(PB08)_R6,R,2
47036,ER3d_a,ER3d_a_R,R,513520,EPG,EPG(PB08)_R6,R,2
44830,ER3d_e,ER3d_e_R,R,513520,EPG,EPG(PB08)_R6,R,2
30178,ER3d_b,ER3d_b_R,R,513520,EPG,EPG(PB08)_R6,R,2
29046,ER3d_b,ER3d_b_R,R,513520,EPG,EPG(PB08)_R6,R,2
28701,ER3d_b,ER3d_b_R,R,513520,EPG,EPG(PB08)_R6,R,2
23080,ER4d,ER4d_R,R,513520,EPG,EPG(PB08)_R6,R,2
22644,ER3d_a,ER3d_a_R,R,513520,EPG,EPG(PB08)_R6,R,2
17561,ER3m,ER3m_R,R,513520,EPG,EPG(PB08)_R6,R,2
17419,ER6,ER6_R,R,513520,EPG,EPG(PB08)_R6,R,2
11605,ER5,ER5_R,R,513520,EPG,EPG(PB08)_R6,R,2
524068,ER3d_b,ER3d_b_L,L,11874,EPG,EPG(PB08)_L7,L,2
522759,ER3d_d,ER3d_d_L,L,11874,EPG,EPG(PB08)_L7,L,2
516944,ER5,ER5_L,L,11874,EPG,EPG(PB08)_L7,L,2
48956,ER3d_b,ER3d_b_R,R,11874,EPG,EPG(PB08)_L7,L,2
34038,ER3d_b,ER3d_b_L,L,11874,EPG,EPG(PB08)_L7,L,2
28701,ER3d_b,ER3d_b_R,R,11874,EPG,EPG(PB08)_L7,L,2
28430,ER3m,ER3m_L,L,11874,EPG,EPG(PB08)_L7,L,2
27454,ER3d_c,ER3d_c_R,R,11874,EPG,EPG(PB08)_L7,L,2
27246,ER3d_d,ER3d_d_R,R,11874,EPG,EPG(PB08)_L7,L,2
21664,ER3d_e,ER3d_e_R,R,11874,EPG,EPG(PB08)_L7,L,2
19072,ER5,ER5_R,R,11874,EPG,EPG(PB08)_L7,L,2
17171,ER5,ER5_R,R,11874,EPG,EPG(PB08)_L7,L,2
17078,ER5,ER5_R,R,11874,EPG,EPG(PB08)_L7,L,2
14284,ER5,ER5_R,R,11874,EPG,EPG(PB08)_L7,L,2
533062,ER3a_a,ER3a_a_L,L,512514,EPG,EPG(PB08)_L1,L,2
530339,ER3d_d,ER3d_d_L,L,512514,EPG,EPG(PB08)_L1,L,2
51382,ER3d_b,ER3d_b_L,L,512514,EPG,EPG(PB08)_L1,L,2
47859,ER3d_c,ER3d_c_R,R,512514,EPG,EPG(PB08)_L1,L,2
44127,ER3d_d,ER3d_d_R,R,512514,EPG,EPG(PB08)_L1,L,2
33589,ER3d_b,ER3d_b_L,L,512514,EPG,EPG(PB08)_L1,L,2
29177,ER3d_b,ER3d_b_R,R,512514,EPG,EPG(PB08)_L1,L,2
28430,ER3m,ER3m_L,L,512514,EPG,EPG(PB08)_L1,L,2
27348,ER3m,ER3m_L,L,512514,EPG,EPG(PB08)_L1,L,2
17561,ER3m,ER3m_R,R,512514,EPG,EPG(PB08)_L1,L,2
17171,ER5,ER5_R,R,512514,EPG,EPG(PB08)_L1,L,2
14284,ER5,ER5_R,R,512514,EPG,EPG(PB08)_L1,L,2
11605,ER5,ER5_R,R,512514,EPG,EPG(PB08)_L1,L,2
522759,ER3d_d,ER3d_d_L,L,88342,EPG,EPG(PB08)_L3,L,2
51382,ER3d_b,ER3d_b_L,L,88342,EPG,EPG(PB08)_L3,L,2
39798,ER5,ER5_L,L,88342,EPG,EPG(PB08)_L3,L,2
34038,ER3d_b,ER3d_b_L,L,88342,EPG,EPG(PB08)_L3,L,2
30592,ER3d_b,ER3d_b_R,R,88342,EPG,EPG(PB08)_L3,L,2
11605,ER5,ER5_R,R,88342,EPG,EPG(PB08)_L3,L,2
530339,ER3d_d,ER3d_d_L,L,15713,EPG,EPG(PB08)_L6,L,2
527150,ER3d_a,ER3d_a_L,L,15713,EPG,EPG(PB08)_L6,L,2
516944,ER5,ER5_L,L,15713,EPG,EPG(PB08)_L6,L,2
513379,ER5,ER5_R,R,15713,EPG,EPG(PB08)_L6,L,2
47859,ER3d_c,ER3d_c_R,R,15713,EPG,EPG(PB08)_L6,L,2
44422,ER3m,ER3m_L,L,15713,EPG,EPG(PB08)_L6,L,2
42264,ER3d_e,ER3d_e_R,R,15713,EPG,EPG(PB08)_L6,L,2
39798,ER5,ER5_L,L,15713,EPG,EPG(PB08)_L6,L,2
35641,ER3d_c,ER3d_c_L,L,15713,EPG,EPG(PB08)_L6,L,2
33589,ER3d_b,ER3d_b_L,L,15713,EPG,EPG(PB08)_L6,L,2
29046,ER3d_b,ER3d_b_R,R,15713,EPG,EPG(PB08)_L6,L,2
28430,ER3m,ER3m_L,L,15713,EPG,EPG(PB08)_L6,L,2
27269,ER3d_c,ER3d_c_L,L,15713,EPG,EPG(PB08)_L6,L,2
26841,ER3a_a,ER3a_a_L,L,15713,EPG,EPG(PB08)_L6,L,2
12059,ER5,ER5_R,R,15713,EPG,EPG(PB08)_L6,L,2
11605,ER5,ER5_R,R,15713,EPG,EPG(PB08)_L6,L,2
533062,ER3a_a,ER3a_a_L,L,520581,EPG,EPG(PB08)_R4,R,2
530339,ER3d_d,ER3d_d_L,L,520581,EPG,EPG(PB08)_R4,R,2
516944,ER5,ER5_L,L,520581,EPG,EPG(PB08)_R4,R,2
516110,ER6,ER6_R,R,520581,EPG,EPG(PB08)_R4,R,2
46262,ER3d_b,ER3d_b_L,L,520581,EPG,EPG(PB08)_R4,R,2
30592,ER3d_b,ER3d_b_R,R,520581,EPG,EPG(PB08)_R4,R,2
30178,ER3d_b,ER3d_b_R,R,520581,EPG,EPG(PB08)_R4,R,2
29046,ER3d_b,ER3d_b_R,R,520581,EPG,EPG(PB08)_R4,R,2
28701,ER3d_b,ER3d_b_R,R,520581,EPG,EPG(PB08)_R4,R,2
532637,ER3m,ER3m_R,R,13217,EPG,EPG(PB08)_L8,L,2
527199,ER3d_e,ER3d_e_L,L,13217,EPG,EPG(PB08)_L8,L,2
33589,ER3d_b,ER3d_b_L,L,13217,EPG,EPG(PB08)_L8,L,2
26841,ER3a_a,ER3a_a_L,L,13217,EPG,EPG(PB08)_L8,L,2
17171,ER5,ER5_R,R,13217,EPG,EPG(PB08)_L8,L,2
11605,ER5,ER5_R,R,13217,EPG,EPG(PB08)_L8,L,2
527150,ER3d_a,ER3d_a_L,L,92188,EPG,EPG(PB08)_R7,R,2
44909,ER5,ER5_L,L,92188,EPG,EPG(PB08)_R7,R,2
44422,ER3m,ER3m_L,L,92188,EPG,EPG(PB08)_R7,R,2
34038,ER3d_b,ER3d_b_L,L,92188,EPG,EPG(PB08)_R7,R,2
33589,ER3d_b,ER3d_b_L,L,92188,EPG,EPG(PB08)_R7,R,2
29177,ER3d_b,ER3d_b_R,R,92188,EPG,EPG(PB08)_R7,R,2
27348,ER3m,ER3m_L,L,92188,EPG,EPG(PB08)_R7,R,2
530339,ER3d_d,ER3d_d_L,L,521812,EPG,EPG(PB08)_R7,R,2
522806,ER3d_c,ER3d_c_R,R,521812,EPG,EPG(PB08)_R7,R,2
521535,ER5,ER5_L,L,521812,EPG,EPG(PB08)_R7,R,2
521528,ER5,ER5_L,L,521812,EPG,EPG(PB08)_R7,R,2
512608,ER3d_b,ER3d_b_R,R,521812,EPG,EPG(PB08)_R7,R,2
48956,ER3d_b,ER3d_b_R,R,521812,EPG,EPG(PB08)_R7,R,2
44830,ER3d_e,ER3d_e_R,R,521812,EPG,EPG(PB08)_R7,R,2
40558,ER3d_b,ER3d_b_L,L,521812,EPG,EPG(PB08)_R7,R,2
39798,ER5,ER5_L,L,521812,EPG,EPG(PB08)_R7,R,2
31684,ER3d_a,ER3d_a_R,R,521812,EPG,EPG(PB08)_R7,R,2
30206,ER5,ER5_R,R,521812,EPG,EPG(PB08)_R7,R,2
30178,ER3d_b,ER3d_b_R,R,521812,EPG,EPG(PB08)_R7,R,2
29046,ER3d_b,ER3d_b_R,R,521812,EPG,EPG(PB08)_R7,R,2
27013,ER3m,ER3m_L,L,521812,EPG,EPG(PB08)_R7,R,2
17171,ER5,ER5_R,R,521812,EPG,EPG(PB08)_R7,R,2
17078,ER5,ER5_R,R,521812,EPG,EPG(PB08)_R7,R,2
14963,ER5,ER5_L,L,521812,EPG,EPG(PB08)_R7,R,2
14284,ER5,ER5_R,R,521812,EPG,EPG(PB08)_R7,R,2
530339,ER3d_d,ER3d_d_L,L,521813,EPG,EPG(PB08)_L2,L,2
529826,ER3a_a,ER3a_a_R,R,521813,EPG,EPG(PB08)_L2,L,2
522806,ER3d_c,ER3d_c_R,R,521813,EPG,EPG(PB08)_L2,L,2
48956,ER3d_b,ER3d_b_R,R,521813,EPG,EPG(PB08)_L2,L,2
44909,ER5,ER5_L,L,521813,EPG,EPG(PB08)_L2,L,2
36327,ER3a_a,ER3a_a_R,R,521813,EPG,EPG(PB08)_L2,L,2
34038,ER3d_b,ER3d_b_L,L,521813,EPG,EPG(PB08)_L2,L,2
29046,ER3d_b,ER3d_b_R,R,521813,EPG,EPG(PB08)_L2,L,2
22644,ER3d_a,ER3d_a_R,R,521813,EPG,EPG(PB08)_L2,L,2
19072,ER5,ER5_R,R,521813,EPG,EPG(PB08)_L2,L,2
18377,ER3w_b,ER3w_b_L,L,521813,EPG,EPG(PB08)_L2,L,2
516110,ER6,ER6_R,R,512513,EPG,EPG(PB08)_R1,R,2
72824,ER3a_a,ER3a_a_R,R,512513,EPG,EPG(PB08)_R1,R,2
69454,ER3a_d,ER3a_d_L,L,512513,EPG,EPG(PB08)_R1,R,2
36327,ER3a_a,ER3a_a_R,R,512513,EPG,EPG(PB08)_R1,R,2
31970,ER3a_d,ER3a_d_L,L,512513,EPG,EPG(PB08)_R1,R,2
521535,ER5,ER5_L,L,519941,EPG,EPG(PB08)_L3,L,1
41908,ER3a_a,ER3a_a_L,L,519941,EPG,EPG(PB08)_L3,L,1
35545,ER3a_a,ER3a_a_L,L,519941,EPG,EPG(PB08)_L3,L,1
25494,ER3d_e,ER3d_e_L,L,519941,EPG,EPG(PB08)_L3,L,1
10043,ER5,ER5_L,L,519941,EPG,EPG(PB08)_L3,L,1
532637,ER3m,ER3m_R,R,11989,EPG,EPG(PB08)_L5,L,1
104306,ER3a_a,ER3a_a_L,L,11989,EPG,EPG(PB08)_L5,L,1
44909,ER5,ER5_L,L,11989,EPG,EPG(PB08)_L5,L,1
44814,ER3m,ER3m_L,L,11989,EPG,EPG(PB08)_L5,L,1
44422,ER3m,ER3m_L,L,11989,EPG,EPG(PB08)_L5,L,1
28430,ER3m,ER3m_L,L,11989,EPG,EPG(PB08)_L5,L,1
19169,ER3m,ER3m_L,L,11989,EPG,EPG(PB08)_L5,L,1
524068,ER3d_b,ER3d_b_L,L,107195,EPG,EPG(PB08)_L5,L,1
522759,ER3d_d,ER3d_d_L,L,107195,EPG,EPG(PB08)_L5,L,1
521535,ER5,ER5_L,L,107195,EPG,EPG(PB08)_L5,L,1
72824,ER3a_a,ER3a_a_R,R,107195,EPG,EPG(PB08)_L5,L,1
44909,ER5,ER5_L,L,107195,EPG,EPG(PB08)_L5,L,1
44127,ER3d_d,ER3d_d_R,R,107195,EPG,EPG(PB08)_L5,L,1
40558,ER3d_b,ER3d_b_L,L,107195,EPG,EPG(PB08)_L5,L,1
34038,ER3d_b,ER3d_b_L,L,107195,EPG,EPG(PB08)_L5,L,1
30178,ER3d_b,ER3d_b_R,R,107195,EPG,EPG(PB08)_L5,L,1
29177,ER3d_b,ER3d_b_R,R,107195,EPG,EPG(PB08)_L5,L,1
29046,ER3d_b,ER3d_b_R,R,107195,EPG,EPG(PB08)_L5,L,1
19072,ER5,ER5_R,R,107195,EPG,EPG(PB08)_L5,L,1
17171,ER5,ER5_R,R,107195,EPG,EPG(PB08)_L5,L,1
10043,ER5,ER5_L,L,107195,EPG,EPG(PB08)_L5,L,1
568502,ER5,ER5_R,R,519328,EPG,EPG(PB08)_L3,L,1
529826,ER3a_a,ER3a_a_R,R,519328,EPG,EPG(PB08)_L3,L,1
521535,ER5,ER5_L,L,519328,EPG,EPG(PB08)_L3,L,1
521528,ER5,ER5_L,L,519328,EPG,EPG(PB08)_L3,L,1
516944,ER5,ER5_L,L,519328,EPG,EPG(PB08)_L3,L,1
512515,ER3a_a,ER3a_a_L,L,519328,EPG,EPG(PB08)_L3,L,1
104306,ER3a_a,ER3a_a_L,L,519328,EPG,EPG(PB08)_L3,L,1
69454,ER3a_d,ER3a_d_L,L,519328,EPG,EPG(PB08)_L3,L,1
41908,ER3a_a,ER3a_a_L,L,519328,EPG,EPG(PB08)_L3,L,1
34239,ER3a_a,ER3a_a_R,R,519328,EPG,EPG(PB08)_L3,L,1
30592,ER3d_b,ER3d_b_R,R,519328,EPG,EPG(PB08)_L3,L,1
27246,ER3d_d,ER3d_d_R,R,519328,EPG,EPG(PB08)_L3,L,1
22001,ER5,ER5_L,L,519328,EPG,EPG(PB08)_L3,L,1
12059,ER5,ER5_R,R,519328,EPG,EPG(PB08)_L3,L,1
10043,ER5,ER5_L,L,519328,EPG,EPG(PB08)_L3,L,1
568502,ER5,ER5_R,R,512928,EPG,EPG(PB08)_R3,R,1
519329,ER3a_d,ER3a_d_R,R,512928,EPG,EPG(PB08)_R3,R,1
516110,ER6,ER6_R,R,512928,EPG,EPG(PB08)_R3,R,1
48956,ER3d_b,ER3d_b_R,R,512928,EPG,EPG(PB08)_R3,R,1
44909,ER5,ER5_L,L,512928,EPG,EPG(PB08)_R3,R,1
38001,ER3a_d,ER3a_d_L,L,512928,EPG,EPG(PB08)_R3,R,1
35545,ER3a_a,ER3a_a_L,L,512928,EPG,EPG(PB08)_R3,R,1
29046,ER3d_b,ER3d_b_R,R,512928,EPG,EPG(PB08)_R3,R,1
22001,ER5,ER5_L,L,512928,EPG,EPG(PB08)_R3,R,1
20026,ER5,ER5_L,L,512928,EPG,EPG(PB08)_R3,R,1
516110,ER6,ER6_R,R,14507,EPG,EPG(PB08)_R7,R,1
51382,ER3d_b,ER3d_b_L,L,14507,EPG,EPG(PB08)_R7,R,1
49869,ER3p_b,ER3p_b_R,R,14507,EPG,EPG(PB08)_R7,R,1
48956,ER3d_b,ER3d_b_R,R,14507,EPG,EPG(PB08)_R7,R,1
34038,ER3d_b,ER3d_b_L,L,14507,EPG,EPG(PB08)_R7,R,1
30592,ER3d_b,ER3d_b_R,R,14507,EPG,EPG(PB08)_R7,R,1
28430,ER3m,ER3m_L,L,14507,EPG,EPG(PB08)_R7,R,1
26939,ER3m,ER3m_R,R,14507,EPG,EPG(PB08)_R7,R,1
17561,ER3m,ER3m_R,R,14507,EPG,EPG(PB08)_R7,R,1
568502,ER5,ER5_R,R,524073,EPG,EPG(PB08)_L2,L,1
521535,ER5,ER5_L,L,524073,EPG,EPG(PB08)_L2,L,1
516944,ER5,ER5_L,L,524073,EPG,EPG(PB08)_L2,L,1
72824,ER3a_a,ER3a_a_R,R,524073,EPG,EPG(PB08)_L2,L,1
27348,ER3m,ER3m_L,L,524073,EPG,EPG(PB08)_L2,L,1
25494,ER3d_e,ER3d_e_L,L,524073,EPG,EPG(PB08)_L2,L,1
20026,ER5,ER5_L,L,524073,EPG,EPG(PB08)_L2,L,1
17171,ER5,ER5_R,R,524073,EPG,EPG(PB08)_L2,L,1
14464,ER6,ER6_L,L,524073,EPG,EPG(PB08)_L2,L,1
14284,ER5,ER5_R,R,524073,EPG,EPG(PB08)_L2,L,1
12059,ER5,ER5_R,R,524073,EPG,EPG(PB08)_L2,L,1
10043,ER5,ER5_L,L,524073,EPG,EPG(PB08)_L2,L,1
568502,ER5,ER5_R,R,519144,EPG,EPG(PB08)_L8,L,1
527297,ER5,ER5_R,R,519144,EPG,EPG(PB08)_L8,L,1
527150,ER3d_a,ER3d_a_L,L,519144,EPG,EPG(PB08)_L8,L,1
524068,ER3d_b,ER3d_b_L,L,519144,EPG,EPG(PB08)_L8,L,1
516944,ER5,ER5_L,L,519144,EPG,EPG(PB08)_L8,L,1
514180,ER3p_b,ER3p_b_R,R,519144,EPG,EPG(PB08)_L8,L,1
513379,ER5,ER5_R,R,519144,EPG,EPG(PB08)_L8,L,1
69454,ER3a_d,ER3a_d_L,L,519144,EPG,EPG(PB08)_L8,L,1
45134,ER3p_b,ER3p_b_L,L,519144,EPG,EPG(PB08)_L8,L,1
44909,ER5,ER5_L,L,519144,EPG,EPG(PB08)_L8,L,1
44814,ER3m,ER3m_L,L,519144,EPG,EPG(PB08)_L8,L,1
41908,ER3a_a,ER3a_a_L,L,519144,EPG,EPG(PB08)_L8,L,1
30592,ER3d_b,ER3d_b_R,R,519144,EPG,EPG(PB08)_L8,L,1
29046,ER3d_b,ER3d_b_R,R,519144,EPG,EPG(PB08)_L8,L,1
26939,ER3m,ER3m_R,R,519144,EPG,EPG(PB08)_L8,L,1
26295,ER3m,ER3m_R,R,519144,EPG,EPG(PB08)_L8,L,1
25494,ER3d_e,ER3d_e_L,L,519144,EPG,EPG(PB08)_L8,L,1
17078,ER5,ER5_R,R,519144,EPG,EPG(PB08)_L8,L,1
14464,ER6,ER6_L,L,519144,EPG,EPG(PB08)_L8,L,1
14284,ER5,ER5_R,R,519144,EPG,EPG(PB08)_L8,L,1
11605,ER5,ER5_R,R,519144,EPG,EPG(PB08)_L8,L,1
10043,ER5,ER5_L,L,519144,EPG,EPG(PB08)_L8,L,1
533062,ER3a_a,ER3a_a_L,L,512305,EPG,EPG(PB08)_R8,R,1
530339,ER3d_d,ER3d_d_L,L,512305,EPG,EPG(PB08)_R8,R,1
527297,ER5,ER5_R,R,512305,EPG,EPG(PB08)_R8,R,1
523035,ER3a_a,ER3a_a_R,R,512305,EPG,EPG(PB08)_R8,R,1
516944,ER5,ER5_L,L,512305,EPG,EPG(PB08)_R8,R,1
47036,ER3d_a,ER3d_a_R,R,512305,EPG,EPG(PB08)_R8,R,1
44127,ER3d_d,ER3d_d_R,R,512305,EPG,EPG(PB08)_R8,R,1
28430,ER3m,ER3m_L,L,512305,EPG,EPG(PB08)_R8,R,1
20026,ER5,ER5_L,L,512305,EPG,EPG(PB08)_R8,R,1
568502,ER5,ER5_R,R,513464,EPG,EPG(PB08)_R8,R,1
530339,ER3d_d,ER3d_d_L,L,513464,EPG,EPG(PB08)_R8,R,1
44909,ER5,ER5_L,L,513464,EPG,EPG(PB08)_R8,R,1
36327,ER3a_a,ER3a_a_R,R,513464,EPG,EPG(PB08)_R8,R,1
27454,ER3d_c,ER3d_c_R,R,513464,EPG,EPG(PB08)_R8,R,1
26841,ER3a_a,ER3a_a_L,L,513464,EPG,EPG(PB08)_R8,R,1
17419,ER6,ER6_R,R,513464,EPG,EPG(PB08)_R8,R,1
17171,ER5,ER5_R,R,513464,EPG,EPG(PB08)_R8,R,1
10043,ER5,ER5_L,L,513464,EPG,EPG(PB08)_R8,R,1
568502,ER5,ER5_R,R,19825,EPG,EPG(PB08)_R6,R,1
524068,ER3d_b,ER3d_b_L,L,19825,EPG,EPG(PB08)_R6,R,1
521534,ER5,ER5_L,L,19825,EPG,EPG(PB08)_R6,R,1
516944,ER5,ER5_L,L,19825,EPG,EPG(PB08)_R6,R,1
516110,ER6,ER6_R,R,19825,EPG,EPG(PB08)_R6,R,1
63782,ER3d_c,ER3d_c_L,L,19825,EPG,EPG(PB08)_R6,R,1
44127,ER3d_d,ER3d_d_R,R,19825,EPG,EPG(PB08)_R6,R,1
34038,ER3d_b,ER3d_b_L,L,19825,EPG,EPG(PB08)_R6,R,1
29177,ER3d_b,ER3d_b_R,R,19825,EPG,EPG(PB08)_R6,R,1
28430,ER3m,ER3m_L,L,19825,EPG,EPG(PB08)_R6,R,1
20026,ER5,ER5_L,L,19825,EPG,EPG(PB08)_R6,R,1
18633,ER5,ER5_L,L,19825,EPG,EPG(PB08)_R6,R,1
17419,ER6,ER6_R,R,19825,EPG,EPG(PB08)_R6,R,1
14963,ER5,ER5_L,L,19825,EPG,EPG(PB08)_R6,R,1
12059,ER5,ER5_R,R,19825,EPG,EPG(PB08)_R6,R,1
533062,ER3a_a,ER3a_a_L,L,11307,EPG,EPG(PB08)_L4,L,1
527297,ER5,ER5_R,R,11307,EPG,EPG(PB08)_L4,L,1
521535,ER5,ER5_L,L,11307,EPG,EPG(PB08)_L4,L,1
521528,ER5,ER5_L,L,11307,EPG,EPG(PB08)_L4,L,1
512319,ER6,ER6_L,L,11307,EPG,EPG(PB08)_L4,L,1
63782,ER3d_c,ER3d_c_L,L,11307,EPG,EPG(PB08)_L4,L,1
46262,ER3d_b,ER3d_b_L,L,11307,EPG,EPG(PB08)_L4,L,1
37817,ER3d_e,ER3d_e_R,R,11307,EPG,EPG(PB08)_L4,L,1
28430,ER3m,ER3m_L,L,11307,EPG,EPG(PB08)_L4,L,1
22001,ER5,ER5_L,L,11307,EPG,EPG(PB08)_L4,L,1
533062,ER3a_a,ER3a_a_L,L,11503,EPG,EPG(PB08)_R8,R,1
516110,ER6,ER6_R,R,11503,EPG,EPG(PB08)_R8,R,1
44830,ER3d_e,ER3d_e_R,R,11503,EPG,EPG(PB08)_R8,R,1
44422,ER3m,ER3m_L,L,11503,EPG,EPG(PB08)_R8,R,1
31684,ER3d_a,ER3d_a_R,R,11503,EPG,EPG(PB08)_R8,R,1
30592,ER3d_b,ER3d_b_R,R,11503,EPG,EPG(PB08)_R8,R,1
29177,ER3d_b,ER3d_b_R,R,11503,EPG,EPG(PB08)_R8,R,1
27269,ER3d_c,ER3d_c_L,L,11503,EPG,EPG(PB08)_R8,R,1
22644,ER3d_a,ER3d_a_R,R,11503,EPG,EPG(PB08)_R8,R,1
17419,ER6,ER6_R,R,11503,EPG,EPG(PB08)_R8,R,1
533062,ER3a_a,ER3a_a_L,L,84758,EPG,EPG(PB08)_L7,L,1
527199,ER3d_e,ER3d_e_L,L,84758,EPG,EPG(PB08)_L7,L,1
522759,ER3d_d,ER3d_d_L,L,84758,EPG,EPG(PB08)_L7,L,1
104306,ER3a_a,ER3a_a_L,L,84758,EPG,EPG(PB08)_L7,L,1
44422,ER3m,ER3m_L,L,84758,EPG,EPG(PB08)_L7,L,1
26841,ER3a_a,ER3a_a_L,L,84758,EPG,EPG(PB08)_L7,L,1
23197,ER4d,ER4d_L,L,84758,EPG,EPG(PB08)_L7,L,1
11605,ER5,ER5_R,R,84758,EPG,EPG(PB08)_L7,L,1
522806,ER3d_c,ER3d_c_R,R,520812,EPG,EPG(PB08)_R8,R,1
522759,ER3d_d,ER3d_d_L,L,520812,EPG,EPG(PB08)_R8,R,1
516944,ER5,ER5_L,L,520812,EPG,EPG(PB08)_R8,R,1
516110,ER6,ER6_R,R,520812,EPG,EPG(PB08)_R8,R,1
512515,ER3a_a,ER3a_a_L,L,520812,EPG,EPG(PB08)_R8,R,1
104306,ER3a_a,ER3a_a_L,L,520812,EPG,EPG(PB08)_R8,R,1
44127,ER3d_d,ER3d_d_R,R,520812,EPG,EPG(PB08)_R8,R,1
39503,ER3p_a,ER3p_a_L,L,520812,EPG,EPG(PB08)_R8,R,1
27246,ER3d_d,ER3d_d_R,R,520812,EPG,EPG(PB08)_R8,R,1
516110,ER6,ER6_R,R,513284,EPG,EPG(PB08)_R3,R,1
512515,ER3a_a,ER3a_a_L,L,513284,EPG,EPG(PB08)_R3,R,1
35545,ER3a_a,ER3a_a_L,L,513284,EPG,EPG(PB08)_R3,R,1
26841,ER3a_a,ER3a_a_L,L,513284,EPG,EPG(PB08)_R3,R,1
14284,ER5,ER5_R,R,513284,EPG,EPG(PB08)_R3,R,1
533062,ER3a_a,ER3a_a_L,L,556346,EPG,EPG(PB08)_L6,L,1
532637,ER3m,ER3m_R,R,556346,EPG,EPG(PB08)_L6,L,1
527150,ER3d_a,ER3d_a_L,L,556346,EPG,EPG(PB08)_L6,L,1
522759,ER3d_d,ER3d_d_L,L,556346,EPG,EPG(PB08)_L6,L,1
48956,ER3d_b,ER3d_b_R,R,556346,EPG,EPG(PB08)_L6,L,1
44422,ER3m,ER3m_L,L,556346,EPG,EPG(PB08)_L6,L,1
44127,ER3d_d,ER3d_d_R,R,556346,EPG,EPG(PB08)_L6,L,1
40558,ER3d_b,ER3d_b_L,L,556346,EPG,EPG(PB08)_L6,L,1
34038,ER3d_b,ER3d_b_L,L,556346,EPG,EPG(PB08)_L6,L,1
29046,ER3d_b,ER3d_b_R,R,556346,EPG,EPG(PB08)_L6,L,1
20026,ER5,ER5_L,L,556346,EPG,EPG(PB08)_L6,L,1
17078,ER5,ER5_R,R,556346,EPG,EPG(PB08)_L6,L,1
11605,ER5,ER5_R,R,556346,EPG,EPG(PB08)_L6,L,1
532637,ER3m,ER3m_R,R,523786,EPG,EPG(PB08)_R4,R,1
516110,ER6,ER6_R,R,523786,EPG,EPG(PB08)_R4,R,1
512515,ER3a_a,ER3a_a_L,L,523786,EPG,EPG(PB08)_R4,R,1
69454,ER3a_d,ER3a_d_L,L,523786,EPG,EPG(PB08)_R4,R,1
25494,ER3d_e,ER3d_e_L,L,523786,EPG,EPG(PB08)_R4,R,1
533062,ER3a_a,ER3a_a_L,L,11987,EPG,EPG(PB08)_R5,R,1
532637,ER3m,ER3m_R,R,11987,EPG,EPG(PB08)_R5,R,1
52832,ER3m,ER3m_R,R,11987,EPG,EPG(PB08)_R5,R,1
51382,ER3d_b,ER3d_b_L,L,11987,EPG,EPG(PB08)_R5,R,1
44422,ER3m,ER3m_L,L,11987,EPG,EPG(PB08)_R5,R,1
29177,ER3d_b,ER3d_b_R,R,11987,EPG,EPG(PB08)_R5,R,1
28701,ER3d_b,ER3d_b_R,R,11987,EPG,EPG(PB08)_R5,R,1
26939,ER3m,ER3m_R,R,11987,EPG,EPG(PB08)_R5,R,1
26295,ER3m,ER3m_R,R,11987,EPG,EPG(PB08)_R5,R,1
17561,ER3m,ER3m_R,R,11987,EPG,EPG(PB08)_R5,R,1
532637,ER3m,ER3m_R,R,513033,EPG,EPG(PB08)_L8,L,1
524068,ER3d_b,ER3d_b_L,L,513033,EPG,EPG(PB08)_L8,L,1
521535,ER5,ER5_L,L,513033,EPG,EPG(PB08)_L8,L,1
521534,ER5,ER5_L,L,513033,EPG,EPG(PB08)_L8,L,1
44814,ER3m,ER3m_L,L,513033,EPG,EPG(PB08)_L8,L,1
36327,ER3a_a,ER3a_a_R,R,513033,EPG,EPG(PB08)_L8,L,1
35545,ER3a_a,ER3a_a_L,L,513033,EPG,EPG(PB08)_L8,L,1
34038,ER3d_b,ER3d_b_L,L,513033,EPG,EPG(PB08)_L8,L,1
28430,ER3m,ER3m_L,L,513033,EPG,EPG(PB08)_L8,L,1
27348,ER3m,ER3m_L,L,513033,EPG,EPG(PB08)_L8,L,1
27013,ER3m,ER3m_L,L,513033,EPG,EPG(PB08)_L8,L,1
26841,ER3a_a,ER3a_a_L,L,513033,EPG,EPG(PB08)_L8,L,1
19169,ER3m,ER3m_L,L,513033,EPG,EPG(PB08)_L8,L,1
19072,ER5,ER5_R,R,513033,EPG,EPG(PB08)_L8,L,1
530339,ER3d_d,ER3d_d_L,L,19125,EPG,EPG(PB08)_R5,R,1
521534,ER5,ER5_L,L,19125,EPG,EPG(PB08)_R5,R,1
519329,ER3a_d,ER3a_d_R,R,19125,EPG,EPG(PB08)_R5,R,1
516944,ER5,ER5_L,L,19125,EPG,EPG(PB08)_R5,R,1
513379,ER5,ER5_R,R,19125,EPG,EPG(PB08)_R5,R,1
44422,ER3m,ER3m_L,L,19125,EPG,EPG(PB08)_R5,R,1
41908,ER3a_a,ER3a_a_L,L,19125,EPG,EPG(PB08)_R5,R,1
30206,ER5,ER5_R,R,19125,EPG,EPG(PB08)_R5,R,1
30171,ER3a_a,ER3a_a_R,R,19125,EPG,EPG(PB08)_R5,R,1
26841,ER3a_a,ER3a_a_L,L,19125,EPG,EPG(PB08)_R5,R,1
26295,ER3m,ER3m_R,R,19125,EPG,EPG(PB08)_R5,R,1
17078,ER5,ER5_R,R,19125,EPG,EPG(PB08)_R5,R,1
527297,ER5,ER5_R,R,131313,EPG,EPG(PB08)_R6,R,1
521528,ER5,ER5_L,L,131313,EPG,EPG(PB08)_R6,R,1
512515,ER3a_a,ER3a_a_L,L,131313,EPG,EPG(PB08)_R6,R,1
48956,ER3d_b,ER3d_b_R,R,131313,EPG,EPG(PB08)_R6,R,1
42264,ER3d_e,ER3d_e_R,R,131313,EPG,EPG(PB08)_R6,R,1
39798,ER5,ER5_L,L,131313,EPG,EPG(PB08)_R6,R,1
36327,ER3a_a,ER3a_a_R,R,131313,EPG,EPG(PB08)_R6,R,1
34038,ER3d_b,ER3d_b_L,L,131313,EPG,EPG(PB08)_R6,R,1
30178,ER3d_b,ER3d_b_R,R,131313,EPG,EPG(PB08)_R6,R,1
29177,ER3d_b,ER3d_b_R,R,131313,EPG,EPG(PB08)_R6,R,1
28430,ER3m,ER3m_L,L,131313,EPG,EPG(PB08)_R6,R,1
26939,ER3m,ER3m_R,R,131313,EPG,EPG(PB08)_R6,R,1
22001,ER5,ER5_L,L,131313,EPG,EPG(PB08)_R6,R,1
513379,ER5,ER5_R,R,513517,EPG,EPG(PB08)_L4,L,1
512608,ER3d_b,ER3d_b_R,R,513517,EPG,EPG(PB08)_L4,L,1
44909,ER5,ER5_L,L,513517,EPG,EPG(PB08)_L4,L,1
39798,ER5,ER5_L,L,513517,EPG,EPG(PB08)_L4,L,1
26841,ER3a_a,ER3a_a_L,L,513517,EPG,EPG(PB08)_L4,L,1
568502,ER5,ER5_R,R,556347,EPG,EPG(PB08)_R4,R,1
532637,ER3m,ER3m_R,R,556347,EPG,EPG(PB08)_R4,R,1
522759,ER3d_d,ER3d_d_L,L,556347,EPG,EPG(PB08)_R4,R,1
513379,ER5,ER5_R,R,556347,EPG,EPG(PB08)_R4,R,1
104306,ER3a_a,ER3a_a_L,L,556347,EPG,EPG(PB08)_R4,R,1
47859,ER3d_c,ER3d_c_R,R,556347,EPG,EPG(PB08)_R4,R,1
40558,ER3d_b,ER3d_b_L,L,556347,EPG,EPG(PB08)_R4,R,1
37817,ER3d_e,ER3d_e_R,R,556347,EPG,EPG(PB08)_R4,R,1
37437,ER3d_e,ER3d_e_L,L,556347,EPG,EPG(PB08)_R4,R,1
34038,ER3d_b,ER3d_b_L,L,556347,EPG,EPG(PB08)_R4,R,1
31263,ER3d_b,ER3d_b_R,R,556347,EPG,EPG(PB08)_R4,R,1
29177,ER3d_b,ER3d_b_R,R,556347,EPG,EPG(PB08)_R4,R,1
23859,ER3a_d,ER3a_d_R,R,556347,EPG,EPG(PB08)_R4,R,1
11605,ER5,ER5_R,R,556347,EPG,EPG(PB08)_R4,R,1
568502,ER5,ER5_R,R,521409,EPG,EPG(PB08)_L8,L,1
532637,ER3m,ER3m_R,R,521409,EPG,EPG(PB08)_L8,L,1
527297,ER5,ER5_R,R,521409,EPG,EPG(PB08)_L8,L,1
521535,ER5,ER5_L,L,521409,EPG,EPG(PB08)_L8,L,1
69454,ER3a_d,ER3a_d_L,L,521409,EPG,EPG(PB08)_L8,L,1
47859,ER3d_c,ER3d_c_R,R,521409,EPG,EPG(PB08)_L8,L,1
44422,ER3m,ER3m_L,L,521409,EPG,EPG(PB08)_L8,L,1
30206,ER5,ER5_R,R,521409,EPG,EPG(PB08)_L8,L,1
18633,ER5,ER5_L,L,521409,EPG,EPG(PB08)_L8,L,1
17078,ER5,ER5_R,R,521409,EPG,EPG(PB08)_L8,L,1
519329,ER3a_d,ER3a_d_R,R,513463,EPG,EPG(PB08)_R2,R,1
516110,ER6,ER6_R,R,513463,EPG,EPG(PB08)_R2,R,1
48956,ER3d_b,ER3d_b_R,R,513463,EPG,EPG(PB08)_R2,R,1
46262,ER3d_b,ER3d_b_L,L,513463,EPG,EPG(PB08)_R2,R,1
41908,ER3a_a,ER3a_a_L,L,513463,EPG,EPG(PB08)_R2,R,1
36327,ER3a_a,ER3a_a_R,R,513463,EPG,EPG(PB08)_R2,R,1
31970,ER3a_d,ER3a_d_L,L,513463,EPG,EPG(PB08)_R2,R,1
29177,ER3d_b,ER3d_b_R,R,513463,EPG,EPG(PB08)_R2,R,1
28701,ER3d_b,ER3d_b_R,R,513463,EPG,EPG(PB08)_R2,R,1
26841,ER3a_a,ER3a_a_L,L,513463,EPG,EPG(PB08)_R2,R,1
22001,ER5,ER5_L,L,513463,EPG,EPG(PB08)_R2,R,1
11605,ER5,ER5_R,R,513463,EPG,EPG(PB08)_R2,R,1
533062,ER3a_a,ER3a_a_L,L,520818,EPG,EPG(PB08)_L4,L,1
532637,ER3m,ER3m_R,R,520818,EPG,EPG(PB08)_L4,L,1
524068,ER3d_b,ER3d_b_L,L,520818,EPG,EPG(PB08)_L4,L,1
521535,ER5,ER5_L,L,520818,EPG,EPG(PB08)_L4,L,1
513379,ER5,ER5_R,R,520818,EPG,EPG(PB08)_L4,L,1
34038,ER3d_b,ER3d_b_L,L,520818,EPG,EPG(PB08)_L4,L,1
31263,ER3d_b,ER3d_b_R,R,520818,EPG,EPG(PB08)_L4,L,1
30592,ER3d_b,ER3d_b_R,R,520818,EPG,EPG(PB08)_L4,L,1
30178,ER3d_b,ER3d_b_R,R,520818,EPG,EPG(PB08)_L4,L,1
29046,ER3d_b,ER3d_b_R,R,520818,EPG,EPG(PB08)_L4,L,1
27348,ER3m,ER3m_L,L,520818,EPG,EPG(PB08)_L4,L,1
22001,ER5,ER5_L,L,520818,EPG,EPG(PB08)_L4,L,1
19072,ER5,ER5_R,R,520818,EPG,EPG(PB08)_L4,L,1
14464,ER6,ER6_L,L,520818,EPG,EPG(PB08)_L4,L,1
10043,ER5,ER5_L,L,520818,EPG,EPG(PB08)_L4,L,1
568502,ER5,ER5_R,R,12449,EPG,EPG(PB08)_L5,L,1
527150,ER3d_a,ER3d_a_L,L,12449,EPG,EPG(PB08)_L5,L,1
47859,ER3d_c,ER3d_c_R,R,12449,EPG,EPG(PB08)_L5,L,1
40558,ER3d_b,ER3d_b_L,L,12449,EPG,EPG(PB08)_L5,L,1
38306,ER3d_a,ER3d_a_L,L,12449,EPG,EPG(PB08)_L5,L,1
29046,ER3d_b,ER3d_b_R,R,12449,EPG,EPG(PB08)_L5,L,1
27013,ER3m,ER3m_L,L,12449,EPG,EPG(PB08)_L5,L,1
18633,ER5,ER5_L,L,12449,EPG,EPG(PB08)_L5,L,1
14284,ER5,ER5_R,R,12449,EPG,EPG(PB08)_L5,L,1
12059,ER5,ER5_R,R,12449,EPG,EPG(PB08)_L5,L,1
11605,ER5,ER5_R,R,12449,EPG,EPG(PB08)_L5,L,1
568502,ER5,ER5_R,R,10539,EPG,EPG(PB08)_R2,R,1
532637,ER3m,ER3m_R,R,10539,EPG,EPG(PB08)_R2,R,1
527297,ER5,ER5_R,R,10539,EPG,EPG(PB08)_R2,R,1
516110,ER6,ER6_R,R,10539,EPG,EPG(PB08)_R2,R,1
51382,ER3d_b,ER3d_b_L,L,10539,EPG,EPG(PB08)_R2,R,1
47859,ER3d_c,ER3d_c_R,R,10539,EPG,EPG(PB08)_R2,R,1
39798,ER5,ER5_L,L,10539,EPG,EPG(PB08)_R2,R,1
25501,ER3w_b,ER3w_b_L,L,10539,EPG,EPG(PB08)_R2,R,1
18633,ER5,ER5_L,L,10539,EPG,EPG(PB08)_R2,R,1
17171,ER5,ER5_R,R,10539,EPG,EPG(PB08)_R2,R,1
14963,ER5,ER5_L,L,10539,EPG,EPG(PB08)_R2,R,1
533062,ER3a_a,ER3a_a_L,L,14727,EPG,EPG(PB08)_L7,L,1
529826,ER3a_a,ER3a_a_R,R,14727,EPG,EPG(PB08)_L7,L,1
521535,ER5,ER5_L,L,14727,EPG,EPG(PB08)_L7,L,1
516944,ER5,ER5_L,L,14727,EPG,EPG(PB08)_L7,L,1
104306,ER3a_a,ER3a_a_L,L,14727,EPG,EPG(PB08)_L7,L,1
69454,ER3a_d,ER3a_d_L,L,14727,EPG,EPG(PB08)_L7,L,1
53618,ER3p_b,ER3p_b_L,L,14727,EPG,EPG(PB08)_L7,L,1
41908,ER3a_a,ER3a_a_L,L,14727,EPG,EPG(PB08)_L7,L,1
40558,ER3d_b,ER3d_b_L,L,14727,EPG,EPG(PB08)_L7,L,1
35545,ER3a_a,ER3a_a_L,L,14727,EPG,EPG(PB08)_L7,L,1
22001,ER5,ER5_L,L,14727,EPG,EPG(PB08)_L7,L,1
14464,ER6,ER6_L,L,14727,EPG,EPG(PB08)_L7,L,1
12059,ER5,ER5_R,R,14727,EPG,EPG(PB08)_L7,L,1
11605,ER5,ER5_R,R,14727,EPG,EPG(PB08)_L7,L,1
527297,ER5,ER5_R,R,519140,EPG,EPG(PB08)_L1,L,1
41908,ER3a_a,ER3a_a_L,L,519140,EPG,EPG(PB08)_L1,L,1
36327,ER3a_a,ER3a_a_R,R,519140,EPG,EPG(PB08)_L1,L,1
34038,ER3d_b,ER3d_b_L,L,519140,EPG,EPG(PB08)_L1,L,1
30171,ER3a_a,ER3a_a_R,R,519140,EPG,EPG(PB08)_L1,L,1
14464,ER6,ER6_L,L,519140,EPG,EPG(PB08)_L1,L,1
512515,ER3a_a,ER3a_a_L,L,15616,EPG,EPG(PB08)_R3,R,1
36327,ER3a_a,ER3a_a_R,R,15616,EPG,EPG(PB08)_R3,R,1
29177,ER3d_b,ER3d_b_R,R,15616,EPG,EPG(PB08)_R3,R,1
23859,ER3a_d,ER3a_d_R,R,15616,EPG,EPG(PB08)_R3,R,1
17419,ER6,ER6_R,R,15616,EPG,EPG(PB08)_R3,R,1
533062,ER3a_a,ER3a_a_L,L,16360,EPG,EPG(PB08)_L6,L,1
530339,ER3d_d,ER3d_d_L,L,16360,EPG,EPG(PB08)_L6,L,1
523035,ER3a_a,ER3a_a_R,R,16360,EPG,EPG(PB08)_L6,L,1
521534,ER5,ER5_L,L,16360,EPG,EPG(PB08)_L6,L,1
521535,ER5,ER5_L,L,16360,EPG,EPG(PB08)_L6,L,1
521528,ER5,ER5_L,L,16360,EPG,EPG(PB08)_L6,L,1
512319,ER6,ER6_L,L,16360,EPG,EPG(PB08)_L6,L,1
72824,ER3a_a,ER3a_a_R,R,16360,EPG,EPG(PB08)_L6,L,1
44127,ER3d_d,ER3d_d_R,R,16360,EPG,EPG(PB08)_L6,L,1
36327,ER3a_a,ER3a_a_R,R,16360,EPG,EPG(PB08)_L6,L,1
30171,ER3a_a,ER3a_a_R,R,16360,EPG,EPG(PB08)_L6,L,1
29046,ER3d_b,ER3d_b_R,R,16360,EPG,EPG(PB08)_L6,L,1
27269,ER3d_c,ER3d_c_L,L,16360,EPG,EPG(PB08)_L6,L,1
26841,ER3a_a,ER3a_a_L,L,16360,EPG,EPG(PB08)_L6,L,1
20026,ER5,ER5_L,L,16360,EPG,EPG(PB08)_L6,L,1
14464,ER6,ER6_L,L,16360,EPG,EPG(PB08)_L6,L,1
521535,ER5,ER5_L,L,515675,EPG,EPG(PB08)_R1,R,1
38001,ER3a_d,ER3a_d_L,L,515675,EPG,EPG(PB08)_R1,R,1
36327,ER3a_a,ER3a_a_R,R,515675,EPG,EPG(PB08)_R1,R,1
35545,ER3a_a,ER3a_a_L,L,515675,EPG,EPG(PB08)_R1,R,1
14963,ER5,ER5_L,L,515675,EPG,EPG(PB08)_R1,R,1
14284,ER5,ER5_R,R,515675,EPG,EPG(PB08)_R1,R,1
10043,ER5,ER5_L,L,515675,EPG,EPG(PB08)_R1,R,1
530339,ER3d_d,ER3d_d_L,L,514126,EPG,EPG(PB08)_R5,R,1
524068,ER3d_b,ER3d_b_L,L,514126,EPG,EPG(PB08)_R5,R,1
104306,ER3a_a,ER3a_a_L,L,514126,EPG,EPG(PB08)_R5,R,1
72824,ER3a_a,ER3a_a_R,R,514126,EPG,EPG(PB08)_R5,R,1
69454,ER3a_d,ER3a_d_L,L,514126,EPG,EPG(PB08)_R5,R,1
56993,ER3a_a,ER3a_a_L,L,514126,EPG,EPG(PB08)_R5,R,1
48956,ER3d_b,ER3d_b_R,R,514126,EPG,EPG(PB08)_R5,R,1
40558,ER3d_b,ER3d_b_L,L,514126,EPG,EPG(PB08)_R5,R,1
36327,ER3a_a,ER3a_a_R,R,514126,EPG,EPG(PB08)_R5,R,1
35545,ER3a_a,ER3a_a_L,L,514126,EPG,EPG(PB08)_R5,R,1
27246,ER3d_d,ER3d_d_R,R,514126,EPG,EPG(PB08)_R5,R,1
40558,ER3d_b,ER3d_b_L,L,513520,EPG,EPG(PB08)_R6,R,1
31263,ER3d_b,ER3d_b_R,R,513520,EPG,EPG(PB08)_R6,R,1
30592,ER3d_b,ER3d_b_R,R,513520,EPG,EPG(PB08)_R6,R,1
30206,ER5,ER5_R,R,513520,EPG,EPG(PB08)_R6,R,1
28430,ER3m,ER3m_L,L,513520,EPG,EPG(PB08)_R6,R,1
27246,ER3d_d,ER3d_d_R,R,513520,EPG,EPG(PB08)_R6,R,1
26841,ER3a_a,ER3a_a_L,L,513520,EPG,EPG(PB08)_R6,R,1
14963,ER5,ER5_L,L,513520,EPG,EPG(PB08)_R6,R,1
568502,ER5,ER5_R,R,11874,EPG,EPG(PB08)_L7,L,1
533062,ER3a_a,ER3a_a_L,L,11874,EPG,EPG(PB08)_L7,L,1
529826,ER3a_a,ER3a_a_R,R,11874,EPG,EPG(PB08)_L7,L,1
522806,ER3d_c,ER3d_c_R,R,11874,EPG,EPG(PB08)_L7,L,1
521534,ER5,ER5_L,L,11874,EPG,EPG(PB08)_L7,L,1
104306,ER3a_a,ER3a_a_L,L,11874,EPG,EPG(PB08)_L7,L,1
47859,ER3d_c,ER3d_c_R,R,11874,EPG,EPG(PB08)_L7,L,1
44909,ER5,ER5_L,L,11874,EPG,EPG(PB08)_L7,L,1
36327,ER3a_a,ER3a_a_R,R,11874,EPG,EPG(PB08)_L7,L,1
31263,ER3d_b,ER3d_b_R,R,11874,EPG,EPG(PB08)_L7,L,1
30592,ER3d_b,ER3d_b_R,R,11874,EPG,EPG(PB08)_L7,L,1
26841,ER3a_a,ER3a_a_L,L,11874,EPG,EPG(PB08)_L7,L,1
18633,ER5,ER5_L,L,11874,EPG,EPG(PB08)_L7,L,1
14963,ER5,ER5_L,L,11874,EPG,EPG(PB08)_L7,L,1
11605,ER5,ER5_R,R,11874,EPG,EPG(PB08)_L7,L,1
512608,ER3d_b,ER3d_b_R,R,512514,EPG,EPG(PB08)_L1,L,1
44909,ER5,ER5_L,L,512514,EPG,EPG(PB08)_L1,L,1
40558,ER3d_b,ER3d_b_L,L,512514,EPG,EPG(PB08)_L1,L,1
35545,ER3a_a,ER3a_a_L,L,512514,EPG,EPG(PB08)_L1,L,1
34038,ER3d_b,ER3d_b_L,L,512514,EPG,EPG(PB08)_L1,L,1
31970,ER3a_d,ER3a_d_L,L,512514,EPG,EPG(PB08)_L1,L,1
29046,ER3d_b,ER3d_b_R,R,512514,EPG,EPG(PB08)_L1,L,1
26841,ER3a_a,ER3a_a_L,L,512514,EPG,EPG(PB08)_L1,L,1
523035,ER3a_a,ER3a_a_R,R,88342,EPG,EPG(PB08)_L3,L,1
521535,ER5,ER5_L,L,88342,EPG,EPG(PB08)_L3,L,1
512319,ER6,ER6_L,L,88342,EPG,EPG(PB08)_L3,L,1
56993,ER3a_a,ER3a_a_L,L,88342,EPG,EPG(PB08)_L3,L,1
41908,ER3a_a,ER3a_a_L,L,88342,EPG,EPG(PB08)_L3,L,1
36327,ER3a_a,ER3a_a_R,R,88342,EPG,EPG(PB08)_L3,L,1
34239,ER3a_a,ER3a_a_R,R,88342,EPG,EPG(PB08)_L3,L,1
24076,ER4d,ER4d_R,R,88342,EPG,EPG(PB08)_L3,L,1
23163,ER3a_a,ER3a_a_R,R,88342,EPG,EPG(PB08)_L3,L,1
17078,ER5,ER5_R,R,88342,EPG,EPG(PB08)_L3,L,1
14963,ER5,ER5_L,L,88342,EPG,EPG(PB08)_L3,L,1
14464,ER6,ER6_L,L,88342,EPG,EPG(PB08)_L3,L,1
527297,ER5,ER5_R,R,15713,EPG,EPG(PB08)_L6,L,1
521528,ER5,ER5_L,L,15713,EPG,EPG(PB08)_L6,L,1
512319,ER6,ER6_L,L,15713,EPG,EPG(PB08)_L6,L,1
63782,ER3d_c,ER3d_c_L,L,15713,EPG,EPG(PB08)_L6,L,1
51382,ER3d_b,ER3d_b_L,L,15713,EPG,EPG(PB08)_L6,L,1
49378,ER3d_c,ER3d_c_R,R,15713,EPG,EPG(PB08)_L6,L,1
48956,ER3d_b,ER3d_b_R,R,15713,EPG,EPG(PB08)_L6,L,1
40558,ER3d_b,ER3d_b_L,L,15713,EPG,EPG(PB08)_L6,L,1
27454,ER3d_c,ER3d_c_R,R,15713,EPG,EPG(PB08)_L6,L,1
25494,ER3d_e,ER3d_e_L,L,15713,EPG,EPG(PB08)_L6,L,1
19072,ER5,ER5_R,R,15713,EPG,EPG(PB08)_L6,L,1
14284,ER5,ER5_R,R,15713,EPG,EPG(PB08)_L6,L,1
568502,ER5,ER5_R,R,520581,EPG,EPG(PB08)_R4,R,1
524068,ER3d_b,ER3d_b_L,L,520581,EPG,EPG(PB08)_R4,R,1
45134,ER3p_b,ER3p_b_L,L,520581,EPG,EPG(PB08)_R4,R,1
20026,ER5,ER5_L,L,520581,EPG,EPG(PB08)_R4,R,1
19072,ER5,ER5_R,R,520581,EPG,EPG(PB08)_R4,R,1
17419,ER6,ER6_R,R,520581,EPG,EPG(PB08)_R4,R,1
17078,ER5,ER5_R,R,520581,EPG,EPG(PB08)_R4,R,1
14963,ER5,ER5_L,L,520581,EPG,EPG(PB08)_R4,R,1
12059,ER5,ER5_R,R,520581,EPG,EPG(PB08)_R4,R,1
522759,ER3d_d,ER3d_d_L,L,13217,EPG,EPG(PB08)_L8,L,1
521534,ER5,ER5_L,L,13217,EPG,EPG(PB08)_L8,L,1
104306,ER3a_a,ER3a_a_L,L,13217,EPG,EPG(PB08)_L8,L,1
44127,ER3d_d,ER3d_d_R,R,13217,EPG,EPG(PB08)_L8,L,1
36327,ER3a_a,ER3a_a_R,R,13217,EPG,EPG(PB08)_L8,L,1
30592,ER3d_b,ER3d_b_R,R,13217,EPG,EPG(PB08)_L8,L,1
14464,ER6,ER6_L,L,13217,EPG,EPG(PB08)_L8,L,1
48956,ER3d_b,ER3d_b_R,R,92188,EPG,EPG(PB08)_R7,R,1
36928,ER3a_b,ER3a_b_L,L,92188,EPG,EPG(PB08)_R7,R,1
31970,ER3a_d,ER3a_d_L,L,92188,EPG,EPG(PB08)_R7,R,1
20026,ER5,ER5_L,L,92188,EPG,EPG(PB08)_R7,R,1
527297,ER5,ER5_R,R,521812,EPG,EPG(PB08)_R7,R,1
524068,ER3d_b,ER3d_b_L,L,521812,EPG,EPG(PB08)_R7,R,1
521534,ER5,ER5_L,L,521812,EPG,EPG(PB08)_R7,R,1
516944,ER5,ER5_L,L,521812,EPG,EPG(PB08)_R7,R,1
44909,ER5,ER5_L,L,521812,EPG,EPG(PB08)_R7,R,1
35545,ER3a_a,ER3a_a_L,L,521812,EPG,EPG(PB08)_R7,R,1
30592,ER3d_b,ER3d_b_R,R,521812,EPG,EPG(PB08)_R7,R,1
27348,ER3m,ER3m_L,L,521812,EPG,EPG(PB08)_R7,R,1
12059,ER5,ER5_R,R,521812,EPG,EPG(PB08)_R7,R,1
533062,ER3a_a,ER3a_a_L,L,521813,EPG,EPG(PB08)_L2,L,1
516944,ER5,ER5_L,L,521813,EPG,EPG(PB08)_L2,L,1
69454,ER3a_d,ER3a_d_L,L,521813,EPG,EPG(PB08)_L2,L,1
40558,ER3d_b,ER3d_b_L,L,521813,EPG,EPG(PB08)_L2,L,1
31684,ER3d_a,ER3d_a_R,R,521813,EPG,EPG(PB08)_L2,L,1
20026,ER5,ER5_L,L,521813,EPG,EPG(PB08)_L2,L,1
18633,ER5,ER5_L,L,521813,EPG,EPG(PB08)_L2,L,1
17171,ER5,ER5_R,R,521813,EPG,EPG(PB08)_L2,L,1
17078,ER5,ER5_R,R,521813,EPG,EPG(PB08)_L2,L,1
14464,ER6,ER6_L,L,521813,EPG,EPG(PB08)_L2,L,1
11605,ER5,ER5_R,R,521813,EPG,EPG(PB08)_L2,L,1
533062,ER3a_a,ER3a_a_L,L,512513,EPG,EPG(PB08)_R1,R,1
512515,ER3a_a,ER3a_a_L,L,512513,EPG,EPG(PB08)_R1,R,1
46262,ER3d_b,ER3d_b_L,L,512513,EPG,EPG(PB08)_R1,R,1
41908,ER3a_a,ER3a_a_L,L,512513,EPG,EPG(PB08)_R1,R,1
33589,ER3d_b,ER3d_b_L,L,512513,EPG,EPG(PB08)_R1,R,1
30171,ER3a_a,ER3a_a_R,R,512513,EPG,EPG(PB08)_R1,R,1
23163,ER3a_a,ER3a_a_R,R,512513,EPG,EPG(PB08)_R1,R,1
