source_bodyId,source_type,source_instance,source_side,target_bodyId,target_type,target_instance,target_side,target_superclass,weight
81112,LC4,LC4_L,L,531898,DNp04,DNp04_L,L,descending_neuron,172
12349,LC4,LC4_L,L,531898,DNp04,DNp04_L,L,descending_neuron,160
515900,LC4,LC4_L,L,531898,DNp04,DNp04_L,L,descending_neuron,158
512366,LC4,LC4_L,L,531898,DNp04,DNp04_L,L,descending_neuron,154
17054,LC4,LC4_R,R,11137,DNp04,DNp04_R,R,descending_neuron,154
27624,LC4,LC4_L,L,531898,DNp04,DNp04_L,L,descending_neuron,148
17653,LC4,LC4_L,L,531898,DNp04,DNp04_L,L,descending_neuron,147
24523,LC4,LC4_L,L,531898,DNp04,DNp04_L,L,descending_neuron,141
520449,LC4,LC4_L,L,531898,DNp04,DNp04_L,L,descending_neuron,132
17548,LC4,LC4_R,R,11137,DNp04,DNp04_R,R,descending_neuron,132
14888,LC4,LC4_L,L,531898,DNp04,DNp04_L,L,descending_neuron,132
37587,LC4,LC4_L,L,531898,DNp04,DNp04_L,L,descending_neuron,132
17340,LC4,LC4_L,L,531898,DNp04,DNp04_L,L,descending_neuron,131
518439,LC4,LC4_L,L,531898,DNp04,DNp04_L,L,descending_neuron,129
77614,LC4,LC4_L,L,531898,DNp04,DNp04_L,L,descending_neuron,128
16128,LC4,LC4_R,R,11137,DNp04,DNp04_R,R,descending_neuron,128
530029,LC4,LC4_L,L,531898,DNp04,DNp04_L,L,descending_neuron,128
21804,LC4,LC4_R,R,11137,DNp04,DNp04_R,R,descending_neuron,126
17478,LC4,LC4_L,L,531898,DNp04,DNp04_L,L,descending_neuron,125
31262,LC4,LC4_R,R,11137,DNp04,DNp04_R,R,descending_neuron,123
23929,LC4,LC4_R,R,11137,DNp04,DNp04_R,R,descending_neuron,122
16809,LC4,LC4_L,L,531898,DNp04,DNp04_L,L,descending_neuron,120
17987,LC4,LC4_R,R,11137,DNp04,DNp04_R,R,descending_neuron,119
16628,LC4,LC4_R,R,11137,DNp04,DNp04_R,R,descending_neuron,118
20859,LC4,LC4_L,L,531898,DNp04,DNp04_L,L,descending_neuron,111
518983,LC4,LC4_L,L,531898,DNp04,DNp04_L,L,descending_neuron,111
511914,LC4,LC4_L,L,531898,DNp04,DNp04_L,L,descending_neuron,110
20282,LC4,LC4_R,R,11137,DNp04,DNp04_R,R,descending_neuron,109
518730,LC4,LC4_L,L,531898,DNp04,DNp04_L,L,descending_neuron,108
12824,LC4,LC4_L,L,531898,DNp04,DNp04_L,L,descending_neuron,108
27750,LC4,LC4_L,L,531898,DNp04,DNp04_L,L,descending_neuron,107
19543,LC4,LC4_R,R,11137,DNp04,DNp04_R,R,descending_neuron,106
27829,LC4,LC4_L,L,531898,DNp04,DNp04_L,L,descending_neuron,106
34845,LC4,LC4_L,L,531898,DNp04,DNp04_L,L,descending_neuron,106
17608,LC4,LC4_L,L,531898,DNp04,DNp04_L,L,descending_neuron,106
19550,LC4,LC4_R,R,11137,DNp04,DNp04_R,R,descending_neuron,106
20917,LC4,LC4_R,R,11137,DNp04,DNp04_R,R,descending_neuron,104
15018,LC4,LC4_L,L,531898,DNp04,DNp04_L,L,descending_neuron,104
19954,LC4,LC4_R,R,11137,DNp04,DNp04_R,R,descending_neuron,101
17364,LC4,LC4_R,R,11137,DNp04,DNp04_R,R,descending_neuron,100
20967,LC4,LC4_L,L,531898,DNp04,DNp04_L,L,descending_neuron,99
526286,LC4,LC4_L,L,531898,DNp04,DNp04_L,L,descending_neuron,99
17608,LC4,LC4_L,L,10259,DNp11,DNp11_L,L,descending_neuron,99
20588,LC4,LC4_R,R,11137,DNp04,DNp04_R,R,descending_neuron,99
514956,LC4,LC4_L,L,531898,DNp04,DNp04_L,L,descending_neuron,99
111787,LC4,LC4_L,L,531898,DNp04,DNp04_L,L,descending_neuron,97
19794,LC4,LC4_R,R,11137,DNp04,DNp04_R,R,descending_neuron,96
22847,LC4,LC4_R,R,11137,DNp04,DNp04_R,R,descending_neuron,94
20542,LC4,LC4_R,R,11137,DNp04,DNp04_R,R,descending_neuron,94
30087,LC4,LC4_L,L,531898,DNp04,DNp04_L,L,descending_neuron,93
18432,LC4,LC4_L,L,531898,DNp04,DNp04_L,L,descending_neuron,92
17926,LC4,LC4_R,R,11137,DNp04,DNp04_R,R,descending_neuron,92
32597,LC4,LC4_L,L,531898,DNp04,DNp04_L,L,descending_neuron,92
29469,LC4,LC4_L,L,531898,DNp04,DNp04_L,L,descending_neuron,91
33137,LC4,LC4_L,L,531898,DNp04,DNp04_L,L,descending_neuron,90
527408,LC4,LC4_R,R,11137,DNp04,DNp04_R,R,descending_neuron,90
25584,LC4,LC4_R,R,11137,DNp04,DNp04_R,R,descending_neuron,89
18478,LC4,LC4_L,L,531898,DNp04,DNp04_L,L,descending_neuron,89
18127,LC4,LC4_R,R,11137,DNp04,DNp04_R,R,descending_neuron,89
26112,LC4,LC4_R,R,11137,DNp04,DNp04_R,R,descending_neuron,88
22034,LC4,LC4_R,R,11137,DNp04,DNp04_R,R,descending_neuron,87
17270,LC4,LC4_L,L,531898,DNp04,DNp04_L,L,descending_neuron,87
21313,LC4,LC4_R,R,11137,DNp04,DNp04_R,R,descending_neuron,87
17478,LC4,LC4_L,L,10010,DNp01,DNp01(GF)_L,L,descending_neuron,86
22975,LC4,LC4_R,R,11137,DNp04,DNp04_R,R,descending_neuron,86
512705,LC4,LC4_L,L,531898,DNp04,DNp04_L,L,descending_neuron,86
30803,LC4,LC4_R,R,11137,DNp04,DNp04_R,R,descending_neuron,86
18396,LC4,LC4_L,L,531898,DNp04,DNp04_L,L,descending_neuron,86
23202,LC4,LC4_L,L,531898,DNp04,DNp04_L,L,descending_neuron,86
20440,LC4,LC4_L,L,531898,DNp04,DNp04_L,L,descending_neuron,85
515476,LC4,LC4_L,L,531898,DNp04,DNp04_L,L,descending_neuron,85
22194,LC4,LC4_R,R,11137,DNp04,DNp04_R,R,descending_neuron,85
21225,LC4,LC4_R,R,11137,DNp04,DNp04_R,R,descending_neuron,85
30480,LC4,LC4_R,R,11137,DNp04,DNp04_R,R,descending_neuron,84
18189,LC4,LC4_R,R,11137,DNp04,DNp04_R,R,descending_neuron,84
12032,LC4,LC4_L,L,531898,DNp04,DNp04_L,L,descending_neuron,84
21721,LC4,LC4_L,L,531898,DNp04,DNp04_L,L,descending_neuron,83
17653,LC4,LC4_L,L,10010,DNp01,DNp01(GF)_L,L,descending_neuron,83
518016,LC4,LC4_L,L,531898,DNp04,DNp04_L,L,descending_neuron,83
22772,LC4,LC4_L,L,531898,DNp04,DNp04_L,L,descending_neuron,83
35262,LC4,LC4_L,L,531898,DNp04,DNp04_L,L,descending_neuron,83
21287,LC4,LC4_R,R,11137,DNp04,DNp04_R,R,descending_neuron,82
518439,LC4,LC4_L,L,10010,DNp01,DNp01(GF)_L,L,descending_neuron,82
20859,LC4,LC4_L,L,10010,DNp01,DNp01(GF)_L,L,descending_neuron,81
31429,LC4,LC4_L,L,531898,DNp04,DNp04_L,L,descending_neuron,81
31301,LC4,LC4_L,L,531898,DNp04,DNp04_L,L,descending_neuron,80
30803,LC4,LC4_R,R,10106,DNp11,DNp11_R,R,descending_neuron,80
518439,LC4,LC4_L,L,10259,DNp11,DNp11_L,L,descending_neuron,80
20808,LC4,LC4_R,R,11137,DNp04,DNp04_R,R,descending_neuron,79
30480,LC4,LC4_R,R,10106,DNp11,DNp11_R,R,descending_neuron,78
107513,LC4,LC4_L,L,531898,DNp04,DNp04_L,L,descending_neuron,78
29563,LC4,LC4_R,R,11137,DNp04,DNp04_R,R,descending_neuron,78
22966,LC4,LC4_R,R,10106,DNp11,DNp11_R,R,descending_neuron,77
23098,LC4,LC4_R,R,11137,DNp04,DNp04_R,R,descending_neuron,77
524899,LC4,LC4_L,L,531898,DNp04,DNp04_L,L,descending_neuron,77
516909,LC4,LC4_L,L,531898,DNp04,DNp04_L,L,descending_neuron,77
17860,LC4,LC4_R,R,11137,DNp04,DNp04_R,R,descending_neuron,76
21336,LC4,LC4_R,R,11137,DNp04,DNp04_R,R,descending_neuron,76
29417,LC4,LC4_L,L,531898,DNp04,DNp04_L,L,descending_neuron,76
15018,LC4,LC4_L,L,10259,DNp11,DNp11_L,L,descending_neuron,75
24338,LC4,LC4_R,R,11137,DNp04,DNp04_R,R,descending_neuron,74
29514,LC4,LC4_L,L,531898,DNp04,DNp04_L,L,descending_neuron,74
100485,LC4,LC4_L,L,531898,DNp04,DNp04_L,L,descending_neuron,74
29469,LC4,LC4_L,L,10010,DNp01,DNp01(GF)_L,L,descending_neuron,73
514956,LC4,LC4_L,L,10259,DNp11,DNp11_L,L,descending_neuron,73
19260,LC4,LC4_R,R,11137,DNp04,DNp04_R,R,descending_neuron,73
514508,LC4,LC4_L,L,531898,DNp04,DNp04_L,L,descending_neuron,73
532254,LC4,LC4_L,L,531898,DNp04,DNp04_L,L,descending_neuron,72
17926,LC4,LC4_R,R,10117,DNp02,DNp02_R,R,descending_neuron,72
535341,LC4,LC4_L,L,531898,DNp04,DNp04_L,L,descending_neuron,72
20572,LC4,LC4_L,L,531898,DNp04,DNp04_L,L,descending_neuron,72
16628,LC4,LC4_R,R,10117,DNp02,DNp02_R,R,descending_neuron,72
22966,LC4,LC4_R,R,11137,DNp04,DNp04_R,R,descending_neuron,71
20399,LC4,LC4_R,R,11137,DNp04,DNp04_R,R,descending_neuron,71
22847,LC4,LC4_R,R,10106,DNp11,DNp11_R,R,descending_neuron,71
17668,LC4,LC4_R,R,10117,DNp02,DNp02_R,R,descending_neuron,70
18396,LC4,LC4_L,L,10259,DNp11,DNp11_L,L,descending_neuron,70
32597,LC4,LC4_L,L,10010,DNp01,DNp01(GF)_L,L,descending_neuron,69
533129,LC4,LC4_L,L,531898,DNp04,DNp04_L,L,descending_neuron,69
533129,LC4,LC4_L,L,10010,DNp01,DNp01(GF)_L,L,descending_neuron,69
22922,LC4,LC4_L,L,531898,DNp04,DNp04_L,L,descending_neuron,68
28945,LC4,LC4_R,R,10106,DNp11,DNp11_R,R,descending_neuron,67
20967,LC4,LC4_L,L,10197,DNp02,DNp02_L,L,descending_neuron,67
22847,LC4,LC4_R,R,10001,DNp01,DNp01(GF)_R,R,descending_neuron,67
20976,LC4,LC4_L,L,531898,DNp04,DNp04_L,L,descending_neuron,67
17266,LC4,LC4_R,R,11137,DNp04,DNp04_R,R,descending_neuron,67
27624,LC4,LC4_L,L,10259,DNp11,DNp11_L,L,descending_neuron,67
21151,LC4,LC4_R,R,11137,DNp04,DNp04_R,R,descending_neuron,67
16138,LC4,LC4_R,R,11137,DNp04,DNp04_R,R,descending_neuron,67
16917,LC4,LC4_L,L,531898,DNp04,DNp04_L,L,descending_neuron,66
31308,LC4,LC4_L,L,531898,DNp04,DNp04_L,L,descending_neuron,66
512366,LC4,LC4_L,L,10010,DNp01,DNp01(GF)_L,L,descending_neuron,65
16128,LC4,LC4_R,R,10001,DNp01,DNp01(GF)_R,R,descending_neuron,65
31563,LPLC2,LPLC2_L,L,10010,DNp01,DNp01(GF)_L,L,descending_neuron,64
28945,LC4,LC4_R,R,11137,DNp04,DNp04_R,R,descending_neuron,64
27829,LC4,LC4_L,L,10010,DNp01,DNp01(GF)_L,L,descending_neuron,64
515476,LC4,LC4_L,L,10010,DNp01,DNp01(GF)_L,L,descending_neuron,64
524899,LC4,LC4_L,L,10010,DNp01,DNp01(GF)_L,L,descending_neuron,64
22328,LC4,LC4_R,R,11137,DNp04,DNp04_R,R,descending_neuron,64
17548,LC4,LC4_R,R,10117,DNp02,DNp02_R,R,descending_neuron,63
17668,LC4,LC4_R,R,10001,DNp01,DNp01(GF)_R,R,descending_neuron,63
35616,LC4,LC4_L,L,531898,DNp04,DNp04_L,L,descending_neuron,63
17270,LC4,LC4_L,L,10010,DNp01,DNp01(GF)_L,L,descending_neuron,63
24338,LC4,LC4_R,R,10001,DNp01,DNp01(GF)_R,R,descending_neuron,63
23392,LC4,LC4_R,R,11137,DNp04,DNp04_R,R,descending_neuron,63
29514,LC4,LC4_L,L,10259,DNp11,DNp11_L,L,descending_neuron,63
20016,LC4,LC4_R,R,11137,DNp04,DNp04_R,R,descending_neuron,63
16917,LC4,LC4_L,L,10010,DNp01,DNp01(GF)_L,L,descending_neuron,62
38065,LC4,LC4_R,R,11137,DNp04,DNp04_R,R,descending_neuron,62
12349,LC4,LC4_L,L,10010,DNp01,DNp01(GF)_L,L,descending_neuron,62
20399,LC4,LC4_R,R,10001,DNp01,DNp01(GF)_R,R,descending_neuron,62
22772,LC4,LC4_L,L,10010,DNp01,DNp01(GF)_L,L,descending_neuron,62
12032,LC4,LC4_L,L,10010,DNp01,DNp01(GF)_L,L,descending_neuron,62
19420,LC4,LC4_R,R,11137,DNp04,DNp04_R,R,descending_neuron,62
17364,LC4,LC4_R,R,10117,DNp02,DNp02_R,R,descending_neuron,62
530029,LC4,LC4_L,L,10010,DNp01,DNp01(GF)_L,L,descending_neuron,62
18127,LC4,LC4_R,R,10117,DNp02,DNp02_R,R,descending_neuron,62
22966,LC4,LC4_R,R,10001,DNp01,DNp01(GF)_R,R,descending_neuron,61
17668,LC4,LC4_R,R,11137,DNp04,DNp04_R,R,descending_neuron,61
35616,LC4,LC4_L,L,10010,DNp01,DNp01(GF)_L,L,descending_neuron,61
31301,LC4,LC4_L,L,10010,DNp01,DNp01(GF)_L,L,descending_neuron,61
20673,LC4,LC4_R,R,11137,DNp04,DNp04_R,R,descending_neuron,61
12824,LC4,LC4_L,L,10197,DNp02,DNp02_L,L,descending_neuron,61
22253,LPLC2,LPLC2_L,L,10010,DNp01,DNp01(GF)_L,L,descending_neuron,60
38065,LC4,LC4_R,R,10106,DNp11,DNp11_R,R,descending_neuron,60
514956,LC4,LC4_L,L,10010,DNp01,DNp01(GF)_L,L,descending_neuron,60
20182,LPLC2,LPLC2_R,R,10001,DNp01,DNp01(GF)_R,R,descending_neuron,59
27750,LC4,LC4_L,L,10010,DNp01,DNp01(GF)_L,L,descending_neuron,59
20572,LC4,LC4_L,L,10197,DNp02,DNp02_L,L,descending_neuron,59
18396,LC4,LC4_L,L,10010,DNp01,DNp01(GF)_L,L,descending_neuron,59
22194,LC4,LC4_R,R,10001,DNp01,DNp01(GF)_R,R,descending_neuron,59
23226,LC4,LC4_L,L,531898,DNp04,DNp04_L,L,descending_neuron,58
22975,LC4,LC4_R,R,10106,DNp11,DNp11_R,R,descending_neuron,58
22975,LC4,LC4_R,R,10001,DNp01,DNp01(GF)_R,R,descending_neuron,58
32597,LC4,LC4_L,L,10259,DNp11,DNp11_L,L,descending_neuron,58
29514,LC4,LC4_L,L,10010,DNp01,DNp01(GF)_L,L,descending_neuron,58
21165,LC4,LC4_R,R,11137,DNp04,DNp04_R,R,descending_neuron,58
18478,LC4,LC4_L,L,10010,DNp01,DNp01(GF)_L,L,descending_neuron,58
12824,LC4,LC4_L,L,10010,DNp01,DNp01(GF)_L,L,descending_neuron,58
100485,LC4,LC4_L,L,10010,DNp01,DNp01(GF)_L,L,descending_neuron,58
24187,LPLC2,LPLC2_R,R,10923,DNg40,DNg40(hb5813056435)_R,R,descending_neuron,57
532254,LC4,LC4_L,L,10259,DNp11,DNp11_L,L,descending_neuron,57
30803,LC4,LC4_R,R,10001,DNp01,DNp01(GF)_R,R,descending_neuron,57
20976,LC4,LC4_L,L,10010,DNp01,DNp01(GF)_L,L,descending_neuron,57
21336,LC4,LC4_R,R,10117,DNp02,DNp02_R,R,descending_neuron,57
519650,LC4,LC4_L,L,531898,DNp04,DNp04_L,L,descending_neuron,57
16128,LC4,LC4_R,R,10117,DNp02,DNp02_R,R,descending_neuron,57
530029,LC4,LC4_L,L,10259,DNp11,DNp11_L,L,descending_neuron,57
18127,LC4,LC4_R,R,10001,DNp01,DNp01(GF)_R,R,descending_neuron,57
19634,LC4,LC4_R,R,10001,DNp01,DNp01(GF)_R,R,descending_neuron,56
23929,LC4,LC4_R,R,10001,DNp01,DNp01(GF)_R,R,descending_neuron,56
20673,LC4,LC4_R,R,10117,DNp02,DNp02_R,R,descending_neuron,56
23392,LC4,LC4_R,R,10001,DNp01,DNp01(GF)_R,R,descending_neuron,56
28980,LC4,LC4_L,L,10259,DNp11,DNp11_L,L,descending_neuron,56
12032,LC4,LC4_L,L,10259,DNp11,DNp11_L,L,descending_neuron,56
35262,LC4,LC4_L,L,10010,DNp01,DNp01(GF)_L,L,descending_neuron,56
514670,LPLC2,LPLC2_L,L,531898,DNp04,DNp04_L,L,descending_neuron,55
19787,LPLC2,LPLC2_L,L,10010,DNp01,DNp01(GF)_L,L,descending_neuron,55
17653,LC4,LC4_L,L,10197,DNp02,DNp02_L,L,descending_neuron,55
20572,LC4,LC4_L,L,10010,DNp01,DNp01(GF)_L,L,descending_neuron,55
23929,LC4,LC4_R,R,10106,DNp11,DNp11_R,R,descending_neuron,55
517752,LC4,LC4_L,L,531898,DNp04,DNp04_L,L,descending_neuron,55
517752,LC4,LC4_L,L,10010,DNp01,DNp01(GF)_L,L,descending_neuron,55
81112,LC4,LC4_L,L,10010,DNp01,DNp01(GF)_L,L,descending_neuron,55
21336,LC4,LC4_R,R,10001,DNp01,DNp01(GF)_R,R,descending_neuron,55
14888,LC4,LC4_L,L,10010,DNp01,DNp01(GF)_L,L,descending_neuron,55
22557,LPLC2,LPLC2_L,L,10010,DNp01,DNp01(GF)_L,L,descending_neuron,54
511914,LC4,LC4_L,L,10010,DNp01,DNp01(GF)_L,L,descending_neuron,54
515900,LC4,LC4_L,L,10010,DNp01,DNp01(GF)_L,L,descending_neuron,54
23792,LC4,LC4_R,R,11137,DNp04,DNp04_R,R,descending_neuron,54
23792,LC4,LC4_R,R,10106,DNp11,DNp11_R,R,descending_neuron,54
23202,LC4,LC4_L,L,10010,DNp01,DNp01(GF)_L,L,descending_neuron,54
21808,LPLC2,LPLC2_R,R,10283,DNp103,DNp103(PVLP119)_R,R,descending_neuron,53
20269,LPLC2,LPLC2_R,R,10001,DNp01,DNp01(GF)_R,R,descending_neuron,53
19634,LC4,LC4_R,R,11137,DNp04,DNp04_R,R,descending_neuron,53
17478,LC4,LC4_L,L,10197,DNp02,DNp02_L,L,descending_neuron,53
512705,LC4,LC4_L,L,10010,DNp01,DNp01(GF)_L,L,descending_neuron,53
515476,LC4,LC4_L,L,10259,DNp11,DNp11_L,L,descending_neuron,53
524899,LC4,LC4_L,L,10197,DNp02,DNp02_L,L,descending_neuron,53
16628,LC4,LC4_R,R,10001,DNp01,DNp01(GF)_R,R,descending_neuron,53
26112,LC4,LC4_R,R,10001,DNp01,DNp01(GF)_R,R,descending_neuron,53
19260,LC4,LC4_R,R,10117,DNp02,DNp02_R,R,descending_neuron,53
518544,LC4,LC4_L,L,531898,DNp04,DNp04_L,L,descending_neuron,53
29563,LC4,LC4_R,R,10106,DNp11,DNp11_R,R,descending_neuron,53
18432,LC4,LC4_L,L,10010,DNp01,DNp01(GF)_L,L,descending_neuron,52
31262,LC4,LC4_R,R,10106,DNp11,DNp11_R,R,descending_neuron,52
23226,LC4,LC4_L,L,10010,DNp01,DNp01(GF)_L,L,descending_neuron,52
515900,LC4,LC4_L,L,10197,DNp02,DNp02_L,L,descending_neuron,52
77614,LC4,LC4_L,L,10010,DNp01,DNp01(GF)_L,L,descending_neuron,52
21225,LC4,LC4_R,R,10001,DNp01,DNp01(GF)_R,R,descending_neuron,52
22922,LC4,LC4_L,L,10010,DNp01,DNp01(GF)_L,L,descending_neuron,52
23792,LC4,LC4_R,R,10001,DNp01,DNp01(GF)_R,R,descending_neuron,52
17054,LC4,LC4_R,R,10117,DNp02,DNp02_R,R,descending_neuron,52
19420,LC4,LC4_R,R,10117,DNp02,DNp02_R,R,descending_neuron,52
16138,LC4,LC4_R,R,10001,DNp01,DNp01(GF)_R,R,descending_neuron,52
25316,LPLC2,LPLC2_R,R,10283,DNp103,DNp103(PVLP119)_R,R,descending_neuron,51
23497,LPLC2,LPLC2_R,R,10283,DNp103,DNp103(PVLP119)_R,R,descending_neuron,51
111903,LPLC2,LPLC2_L,L,10228,DNp06,DNp06_L,L,descending_neuron,51
21721,LC4,LC4_L,L,10010,DNp01,DNp01(GF)_L,L,descending_neuron,51
34845,LC4,LC4_L,L,10010,DNp01,DNp01(GF)_L,L,descending_neuron,51
30087,LC4,LC4_L,L,10010,DNp01,DNp01(GF)_L,L,descending_neuron,51
28980,LC4,LC4_L,L,10010,DNp01,DNp01(GF)_L,L,descending_neuron,51
18478,LC4,LC4_L,L,10197,DNp02,DNp02_L,L,descending_neuron,51
27624,LC4,LC4_L,L,10010,DNp01,DNp01(GF)_L,L,descending_neuron,51
518730,LC4,LC4_L,L,10010,DNp01,DNp01(GF)_L,L,descending_neuron,51
37587,LC4,LC4_L,L,10010,DNp01,DNp01(GF)_L,L,descending_neuron,51
20162,LPLC2,LPLC2_R,R,10283,DNp103,DNp103(PVLP119)_R,R,descending_neuron,50
13726,LPLC2,LPLC2_L,L,531898,DNp04,DNp04_L,L,descending_neuron,50
20471,LPLC2,LPLC2_R,R,10283,DNp103,DNp103(PVLP119)_R,R,descending_neuron,50
533895,LPLC2,LPLC2_L,L,10010,DNp01,DNp01(GF)_L,L,descending_neuron,50
29598,LPLC2,LPLC2_R,R,10283,DNp103,DNp103(PVLP119)_R,R,descending_neuron,50
33137,LC4,LC4_L,L,10197,DNp02,DNp02_L,L,descending_neuron,50
17860,LC4,LC4_R,R,10001,DNp01,DNp01(GF)_R,R,descending_neuron,50
18189,LC4,LC4_R,R,10117,DNp02,DNp02_R,R,descending_neuron,50
28980,LC4,LC4_L,L,531898,DNp04,DNp04_L,L,descending_neuron,50
514508,LC4,LC4_L,L,10259,DNp11,DNp11_L,L,descending_neuron,50
107513,LC4,LC4_L,L,10259,DNp11,DNp11_L,L,descending_neuron,50
19608,LPLC2,LPLC2_R,R,10001,DNp01,DNp01(GF)_R,R,descending_neuron,49
19543,LC4,LC4_R,R,10001,DNp01,DNp01(GF)_R,R,descending_neuron,49
30087,LC4,LC4_L,L,10259,DNp11,DNp11_L,L,descending_neuron,49
21225,LC4,LC4_R,R,10117,DNp02,DNp02_R,R,descending_neuron,49
27624,LC4,LC4_L,L,10752,DNp03,DNp03_L,L,descending_neuron,49
18672,LPLC2,LPLC2_R,R,10283,DNp103,DNp103(PVLP119)_R,R,descending_neuron,48
20103,LPLC2,LPLC2_R,R,10001,DNp01,DNp01(GF)_R,R,descending_neuron,48
24187,LPLC2,LPLC2_R,R,10001,DNp01,DNp01(GF)_R,R,descending_neuron,48
14030,LPLC2,LPLC2_L,L,531898,DNp04,DNp04_L,L,descending_neuron,48
25854,LPLC2,LPLC2_L,L,10010,DNp01,DNp01(GF)_L,L,descending_neuron,48
518731,LPLC2,LPLC2_L,L,10010,DNp01,DNp01(GF)_L,L,descending_neuron,48
39620,LPLC2,LPLC2_R,R,10923,DNg40,DNg40(hb5813056435)_R,R,descending_neuron,48
17926,LC4,LC4_R,R,10001,DNp01,DNp01(GF)_R,R,descending_neuron,48
17653,LC4,LC4_L,L,10752,DNp03,DNp03_L,L,descending_neuron,48
512366,LC4,LC4_L,L,10259,DNp11,DNp11_L,L,descending_neuron,48
26112,LC4,LC4_R,R,10106,DNp11,DNp11_R,R,descending_neuron,48
29417,LC4,LC4_L,L,10259,DNp11,DNp11_L,L,descending_neuron,48
21804,LC4,LC4_R,R,10001,DNp01,DNp01(GF)_R,R,descending_neuron,48
17364,LC4,LC4_R,R,10001,DNp01,DNp01(GF)_R,R,descending_neuron,48
25253,LPLC2,LPLC2_R,R,10283,DNp103,DNp103(PVLP119)_R,R,descending_neuron,47
18672,LPLC2,LPLC2_R,R,11137,DNp04,DNp04_R,R,descending_neuron,47
20047,LPLC2,LPLC2_R,R,10001,DNp01,DNp01(GF)_R,R,descending_neuron,47
24401,LPLC2,LPLC2_R,R,10001,DNp01,DNp01(GF)_R,R,descending_neuron,47
17544,LPLC2,LPLC2_L,L,10228,DNp06,DNp06_L,L,descending_neuron,47
23919,LPLC2,LPLC2_L,L,10010,DNp01,DNp01(GF)_L,L,descending_neuron,47
21562,LPLC2,LPLC2_R,R,10001,DNp01,DNp01(GF)_R,R,descending_neuron,47
22034,LC4,LC4_R,R,10106,DNp11,DNp11_R,R,descending_neuron,47
17270,LC4,LC4_L,L,10197,DNp02,DNp02_L,L,descending_neuron,47
516909,LC4,LC4_L,L,10010,DNp01,DNp01(GF)_L,L,descending_neuron,47
17266,LC4,LC4_R,R,10001,DNp01,DNp01(GF)_R,R,descending_neuron,47
22328,LC4,LC4_R,R,10001,DNp01,DNp01(GF)_R,R,descending_neuron,47
519931,LC4,LC4_L,L,531898,DNp04,DNp04_L,L,descending_neuron,47
527408,LC4,LC4_R,R,10001,DNp01,DNp01(GF)_R,R,descending_neuron,47
518544,LC4,LC4_L,L,10010,DNp01,DNp01(GF)_L,L,descending_neuron,47
20542,LC4,LC4_R,R,10001,DNp01,DNp01(GF)_R,R,descending_neuron,47
23878,LPLC2,LPLC2_R,R,10001,DNp01,DNp01(GF)_R,R,descending_neuron,46
520764,LPLC2,LPLC2_L,L,10010,DNp01,DNp01(GF)_L,L,descending_neuron,46
20584,LPLC2,LPLC2_R,R,11137,DNp04,DNp04_R,R,descending_neuron,46
20799,LPLC2,LPLC2_L,L,10010,DNp01,DNp01(GF)_L,L,descending_neuron,46
28044,LPLC2,LPLC2_R,R,10923,DNg40,DNg40(hb5813056435)_R,R,descending_neuron,46
518983,LC4,LC4_L,L,10010,DNp01,DNp01(GF)_L,L,descending_neuron,46
21287,LC4,LC4_R,R,10106,DNp11,DNp11_R,R,descending_neuron,46
18189,LC4,LC4_R,R,10001,DNp01,DNp01(GF)_R,R,descending_neuron,46
17608,LC4,LC4_L,L,10010,DNp01,DNp01(GF)_L,L,descending_neuron,46
519650,LC4,LC4_L,L,10010,DNp01,DNp01(GF)_L,L,descending_neuron,46
20016,LC4,LC4_R,R,10001,DNp01,DNp01(GF)_R,R,descending_neuron,46
20162,LPLC2,LPLC2_R,R,10001,DNp01,DNp01(GF)_R,R,descending_neuron,45
515971,LPLC2,LPLC2_L,L,10010,DNp01,DNp01(GF)_L,L,descending_neuron,45
17987,LC4,LC4_R,R,10117,DNp02,DNp02_R,R,descending_neuron,45
20440,LC4,LC4_L,L,10010,DNp01,DNp01(GF)_L,L,descending_neuron,45
30480,LC4,LC4_R,R,10001,DNp01,DNp01(GF)_R,R,descending_neuron,45
31429,LC4,LC4_L,L,10010,DNp01,DNp01(GF)_L,L,descending_neuron,45
519931,LC4,LC4_L,L,10197,DNp02,DNp02_L,L,descending_neuron,45
19420,LC4,LC4_R,R,10001,DNp01,DNp01(GF)_R,R,descending_neuron,45
30207,LPLC2,LPLC2_R,R,10283,DNp103,DNp103(PVLP119)_R,R,descending_neuron,44
21769,LPLC2,LPLC2_R,R,11137,DNp04,DNp04_R,R,descending_neuron,44
28871,LPLC2,LPLC2_R,R,10923,DNg40,DNg40(hb5813056435)_R,R,descending_neuron,44
29702,LPLC2,LPLC2_L,L,10417,DNp103,DNp103(PVLP119)_L,L,descending_neuron,44
12384,LPLC2,LPLC2_L,L,531898,DNp04,DNp04_L,L,descending_neuron,44
517819,LPLC2,LPLC2_L,L,10010,DNp01,DNp01(GF)_L,L,descending_neuron,44
515971,LPLC2,LPLC2_L,L,531898,DNp04,DNp04_L,L,descending_neuron,44
17775,LPLC2,LPLC2_L,L,10010,DNp01,DNp01(GF)_L,L,descending_neuron,44
21862,LPLC2,LPLC2_R,R,10283,DNp103,DNp103(PVLP119)_R,R,descending_neuron,44
31964,LPLC2,LPLC2_R,R,10001,DNp01,DNp01(GF)_R,R,descending_neuron,44
520449,LC4,LC4_L,L,10197,DNp02,DNp02_L,L,descending_neuron,44
20859,LC4,LC4_L,L,10197,DNp02,DNp02_L,L,descending_neuron,44
17340,LC4,LC4_L,L,10752,DNp03,DNp03_L,L,descending_neuron,44
17860,LC4,LC4_R,R,10117,DNp02,DNp02_R,R,descending_neuron,44
17608,LC4,LC4_L,L,10752,DNp03,DNp03_L,L,descending_neuron,44
20673,LC4,LC4_R,R,10001,DNp01,DNp01(GF)_R,R,descending_neuron,44
518016,LC4,LC4_L,L,10197,DNp02,DNp02_L,L,descending_neuron,44
19794,LC4,LC4_R,R,10001,DNp01,DNp01(GF)_R,R,descending_neuron,44
77614,LC4,LC4_L,L,10197,DNp02,DNp02_L,L,descending_neuron,44
533129,LC4,LC4_L,L,10197,DNp02,DNp02_L,L,descending_neuron,44
21165,LC4,LC4_R,R,10117,DNp02,DNp02_R,R,descending_neuron,44
12032,LC4,LC4_L,L,10197,DNp02,DNp02_L,L,descending_neuron,44
21804,LC4,LC4_R,R,10106,DNp11,DNp11_R,R,descending_neuron,44
37587,LC4,LC4_L,L,10259,DNp11,DNp11_L,L,descending_neuron,44
23665,LPLC2,LPLC2_L,L,10010,DNp01,DNp01(GF)_L,L,descending_neuron,43
13726,LPLC2,LPLC2_L,L,10010,DNp01,DNp01(GF)_L,L,descending_neuron,43
20471,LPLC2,LPLC2_R,R,10001,DNp01,DNp01(GF)_R,R,descending_neuron,43
25524,LPLC2,LPLC2_L,L,10010,DNp01,DNp01(GF)_L,L,descending_neuron,43
21045,LPLC2,LPLC2_R,R,10283,DNp103,DNp103(PVLP119)_R,R,descending_neuron,43
28044,LPLC2,LPLC2_R,R,10001,DNp01,DNp01(GF)_R,R,descending_neuron,43
22261,LPLC2,LPLC2_R,R,10283,DNp103,DNp103(PVLP119)_R,R,descending_neuron,43
100103,LPLC2,LPLC2_L,L,531898,DNp04,DNp04_L,L,descending_neuron,43
517079,LPLC2,LPLC2_L,L,10010,DNp01,DNp01(GF)_L,L,descending_neuron,43
21721,LC4,LC4_L,L,10197,DNp02,DNp02_L,L,descending_neuron,43
518983,LC4,LC4_L,L,10197,DNp02,DNp02_L,L,descending_neuron,43
17478,LC4,LC4_L,L,10752,DNp03,DNp03_L,L,descending_neuron,43
21287,LC4,LC4_R,R,10001,DNp01,DNp01(GF)_R,R,descending_neuron,43
31308,LC4,LC4_L,L,10010,DNp01,DNp01(GF)_L,L,descending_neuron,43
20588,LC4,LC4_R,R,10001,DNp01,DNp01(GF)_R,R,descending_neuron,43
23392,LC4,LC4_R,R,10117,DNp02,DNp02_R,R,descending_neuron,43
518730,LC4,LC4_L,L,10197,DNp02,DNp02_L,L,descending_neuron,43
23202,LC4,LC4_L,L,10197,DNp02,DNp02_L,L,descending_neuron,43
26147,LPLC2,LPLC2_R,R,10001,DNp01,DNp01(GF)_R,R,descending_neuron,42
20334,LPLC2,LPLC2_R,R,10283,DNp103,DNp103(PVLP119)_R,R,descending_neuron,42
22253,LPLC2,LPLC2_L,L,531898,DNp04,DNp04_L,L,descending_neuron,42
32737,LPLC2,LPLC2_L,L,10417,DNp103,DNp103(PVLP119)_L,L,descending_neuron,42
518731,LPLC2,LPLC2_L,L,10417,DNp103,DNp103(PVLP119)_L,L,descending_neuron,42
17775,LPLC2,LPLC2_L,L,531898,DNp04,DNp04_L,L,descending_neuron,42
20808,LC4,LC4_R,R,10001,DNp01,DNp01(GF)_R,R,descending_neuron,42
520449,LC4,LC4_L,L,10010,DNp01,DNp01(GF)_L,L,descending_neuron,42
28945,LC4,LC4_R,R,10001,DNp01,DNp01(GF)_R,R,descending_neuron,42
24523,LC4,LC4_L,L,10010,DNp01,DNp01(GF)_L,L,descending_neuron,42
31301,LC4,LC4_L,L,10197,DNp02,DNp02_L,L,descending_neuron,42
22034,LC4,LC4_R,R,10001,DNp01,DNp01(GF)_R,R,descending_neuron,42
515900,LC4,LC4_L,L,10752,DNp03,DNp03_L,L,descending_neuron,42
20917,LC4,LC4_R,R,10001,DNp01,DNp01(GF)_R,R,descending_neuron,42
33185,LPLC2,LPLC2_R,R,10001,DNp01,DNp01(GF)_R,R,descending_neuron,41
28871,LPLC2,LPLC2_R,R,10001,DNp01,DNp01(GF)_R,R,descending_neuron,41
23349,LPLC2,LPLC2_L,L,10010,DNp01,DNp01(GF)_L,L,descending_neuron,41
29183,LPLC2,LPLC2_R,R,10283,DNp103,DNp103(PVLP119)_R,R,descending_neuron,41
29391,LPLC2,LPLC2_R,R,10923,DNg40,DNg40(hb5813056435)_R,R,descending_neuron,41
19249,LPLC2,LPLC2_R,R,10601,DNpe025,DNpe025(PVLP145)_R,R,descending_neuron,41
20240,LPLC2,LPLC2_L,L,10010,DNp01,DNp01(GF)_L,L,descending_neuron,41
21562,LPLC2,LPLC2_R,R,10923,DNg40,DNg40(hb5813056435)_R,R,descending_neuron,41
23590,LPLC2,LPLC2_R,R,10923,DNg40,DNg40(hb5813056435)_R,R,descending_neuron,41
24800,LPLC2,LPLC2_R,R,10001,DNp01,DNp01(GF)_R,R,descending_neuron,41
23497,LPLC2,LPLC2_R,R,10001,DNp01,DNp01(GF)_R,R,descending_neuron,41
535341,LC4,LC4_L,L,10197,DNp02,DNp02_L,L,descending_neuron,41
29469,LC4,LC4_L,L,10259,DNp11,DNp11_L,L,descending_neuron,41
20399,LC4,LC4_R,R,10106,DNp11,DNp11_R,R,descending_neuron,41
22922,LC4,LC4_L,L,10197,DNp02,DNp02_L,L,descending_neuron,41
29417,LC4,LC4_L,L,10010,DNp01,DNp01(GF)_L,L,descending_neuron,41
514508,LC4,LC4_L,L,10010,DNp01,DNp01(GF)_L,L,descending_neuron,41
530029,LC4,LC4_L,L,10752,DNp03,DNp03_L,L,descending_neuron,41
21313,LC4,LC4_R,R,10001,DNp01,DNp01(GF)_R,R,descending_neuron,41
18936,LPLC2,LPLC2_L,L,10010,DNp01,DNp01(GF)_L,L,descending_neuron,40
30893,LPLC2,LPLC2_L,L,10417,DNp103,DNp103(PVLP119)_L,L,descending_neuron,40
25286,LPLC2,LPLC2_L,L,10228,DNp06,DNp06_L,L,descending_neuron,40
24268,LPLC2,LPLC2_R,R,10923,DNg40,DNg40(hb5813056435)_R,R,descending_neuron,40
24268,LPLC2,LPLC2_R,R,10283,DNp103,DNp103(PVLP119)_R,R,descending_neuron,40
34407,LPLC2,LPLC2_L,L,10010,DNp01,DNp01(GF)_L,L,descending_neuron,40
521115,LPLC2,LPLC2_L,L,10010,DNp01,DNp01(GF)_L,L,descending_neuron,40
16809,LC4,LC4_L,L,10010,DNp01,DNp01(GF)_L,L,descending_neuron,40
15018,LC4,LC4_L,L,10010,DNp01,DNp01(GF)_L,L,descending_neuron,40
21151,LC4,LC4_R,R,10117,DNp02,DNp02_R,R,descending_neuron,40
21151,LC4,LC4_R,R,10001,DNp01,DNp01(GF)_R,R,descending_neuron,40
29563,LC4,LC4_R,R,10001,DNp01,DNp01(GF)_R,R,descending_neuron,40
41097,LPLC2,LPLC2_L,L,10010,DNp01,DNp01(GF)_L,L,descending_neuron,39
23247,LPLC2,LPLC2_L,L,531898,DNp04,DNp04_L,L,descending_neuron,39
20269,LPLC2,LPLC2_R,R,10923,DNg40,DNg40(hb5813056435)_R,R,descending_neuron,39
20269,LPLC2,LPLC2_R,R,10283,DNp103,DNp103(PVLP119)_R,R,descending_neuron,39
24568,LPLC2,LPLC2_L,L,10010,DNp01,DNp01(GF)_L,L,descending_neuron,39
34372,LPLC2,LPLC2_R,R,10283,DNp103,DNp103(PVLP119)_R,R,descending_neuron,39
26730,LPLC2,LPLC2_R,R,10283,DNp103,DNp103(PVLP119)_R,R,descending_neuron,39
17987,LC4,LC4_R,R,10001,DNp01,DNp01(GF)_R,R,descending_neuron,39
23098,LC4,LC4_R,R,10117,DNp02,DNp02_R,R,descending_neuron,39
33137,LC4,LC4_L,L,10010,DNp01,DNp01(GF)_L,L,descending_neuron,39
27750,LC4,LC4_L,L,10259,DNp11,DNp11_L,L,descending_neuron,39
518016,LC4,LC4_L,L,10010,DNp01,DNp01(GF)_L,L,descending_neuron,39
516909,LC4,LC4_L,L,10197,DNp02,DNp02_L,L,descending_neuron,39
107513,LC4,LC4_L,L,10010,DNp01,DNp01(GF)_L,L,descending_neuron,39
18936,LPLC2,LPLC2_L,L,531898,DNp04,DNp04_L,L,descending_neuron,38
18900,LPLC2,LPLC2_L,L,10010,DNp01,DNp01(GF)_L,L,descending_neuron,38
23878,LPLC2,LPLC2_R,R,10283,DNp103,DNp103(PVLP119)_R,R,descending_neuron,38
21769,LPLC2,LPLC2_R,R,10283,DNp103,DNp103(PVLP119)_R,R,descending_neuron,38
21808,LPLC2,LPLC2_R,R,10001,DNp01,DNp01(GF)_R,R,descending_neuron,38
24840,LPLC2,LPLC2_L,L,10010,DNp01,DNp01(GF)_L,L,descending_neuron,38
17990,LPLC2,LPLC2_L,L,10010,DNp01,DNp01(GF)_L,L,descending_neuron,38
26528,LPLC2,LPLC2_L,L,10010,DNp01,DNp01(GF)_L,L,descending_neuron,38
35889,LPLC2,LPLC2_R,R,10001,DNp01,DNp01(GF)_R,R,descending_neuron,38
23590,LPLC2,LPLC2_R,R,10283,DNp103,DNp103(PVLP119)_R,R,descending_neuron,38
95241,LPLC2,LPLC2_L,L,531898,DNp04,DNp04_L,L,descending_neuron,38
517078,LPLC2,LPLC2_L,L,531898,DNp04,DNp04_L,L,descending_neuron,38
19954,LC4,LC4_R,R,10001,DNp01,DNp01(GF)_R,R,descending_neuron,38
20967,LC4,LC4_L,L,10010,DNp01,DNp01(GF)_L,L,descending_neuron,38
20917,LC4,LC4_R,R,10117,DNp02,DNp02_R,R,descending_neuron,38
17364,LC4,LC4_R,R,11020,DNp05,DNp05_R,R,descending_neuron,38
16138,LC4,LC4_R,R,10117,DNp02,DNp02_R,R,descending_neuron,38
26147,LPLC2,LPLC2_R,R,10923,DNg40,DNg40(hb5813056435)_R,R,descending_neuron,37
514670,LPLC2,LPLC2_L,L,10010,DNp01,DNp01(GF)_L,L,descending_neuron,37
17551,LPLC2,LPLC2_R,R,10001,DNp01,DNp01(GF)_R,R,descending_neuron,37
19830,LPLC2,LPLC2_L,L,10228,DNp06,DNp06_L,L,descending_neuron,37
22253,LPLC2,LPLC2_L,L,10417,DNp103,DNp103(PVLP119)_L,L,descending_neuron,37
23919,LPLC2,LPLC2_L,L,10361,DNg40,DNg40(hb5813056435)_L,L,descending_neuron,37
20749,LPLC2,LPLC2_R,R,10283,DNp103,DNp103(PVLP119)_R,R,descending_neuron,37
37925,LPLC2,LPLC2_R,R,10283,DNp103,DNp103(PVLP119)_R,R,descending_neuron,37
22261,LPLC2,LPLC2_R,R,10001,DNp01,DNp01(GF)_R,R,descending_neuron,37
17059,LPLC2,LPLC2_L,L,531898,DNp04,DNp04_L,L,descending_neuron,37
19146,LPLC2,LPLC2_R,R,11137,DNp04,DNp04_R,R,descending_neuron,37
19549,LPLC2,LPLC2_R,R,10283,DNp103,DNp103(PVLP119)_R,R,descending_neuron,37
20535,LPLC2,LPLC2_R,R,10001,DNp01,DNp01(GF)_R,R,descending_neuron,37
27829,LC4,LC4_L,L,10197,DNp02,DNp02_L,L,descending_neuron,37
17860,LC4,LC4_R,R,10106,DNp11,DNp11_R,R,descending_neuron,37
518439,LC4,LC4_L,L,10752,DNp03,DNp03_L,L,descending_neuron,37
17266,LC4,LC4_R,R,10106,DNp11,DNp11_R,R,descending_neuron,37
25584,LC4,LC4_R,R,10117,DNp02,DNp02_R,R,descending_neuron,37
519931,LC4,LC4_L,L,10259,DNp11,DNp11_L,L,descending_neuron,37
519931,LC4,LC4_L,L,10010,DNp01,DNp01(GF)_L,L,descending_neuron,37
29417,LC4,LC4_L,L,10197,DNp02,DNp02_L,L,descending_neuron,37
17054,LC4,LC4_R,R,10001,DNp01,DNp01(GF)_R,R,descending_neuron,37
19260,LC4,LC4_R,R,10001,DNp01,DNp01(GF)_R,R,descending_neuron,37
20542,LC4,LC4_R,R,10117,DNp02,DNp02_R,R,descending_neuron,37
25253,LPLC2,LPLC2_R,R,10923,DNg40,DNg40(hb5813056435)_R,R,descending_neuron,36
18672,LPLC2,LPLC2_R,R,10001,DNp01,DNp01(GF)_R,R,descending_neuron,36
25027,LPLC2,LPLC2_L,L,10417,DNp103,DNp103(PVLP119)_L,L,descending_neuron,36
34681,LPLC2,LPLC2_R,R,10283,DNp103,DNp103(PVLP119)_R,R,descending_neuron,36
28188,LPLC2,LPLC2_L,L,10010,DNp01,DNp01(GF)_L,L,descending_neuron,36
26393,LPLC2,LPLC2_R,R,10001,DNp01,DNp01(GF)_R,R,descending_neuron,36
536444,LPLC2,LPLC2_L,L,10010,DNp01,DNp01(GF)_L,L,descending_neuron,36
29287,LPLC2,LPLC2_R,R,10923,DNg40,DNg40(hb5813056435)_R,R,descending_neuron,36
100103,LPLC2,LPLC2_L,L,10010,DNp01,DNp01(GF)_L,L,descending_neuron,36
35889,LPLC2,LPLC2_R,R,10283,DNp103,DNp103(PVLP119)_R,R,descending_neuron,36
20329,LPLC2,LPLC2_L,L,10010,DNp01,DNp01(GF)_L,L,descending_neuron,36
18432,LC4,LC4_L,L,10197,DNp02,DNp02_L,L,descending_neuron,36
38065,LC4,LC4_R,R,10001,DNp01,DNp01(GF)_R,R,descending_neuron,36
31262,LC4,LC4_R,R,10001,DNp01,DNp01(GF)_R,R,descending_neuron,36
24523,LC4,LC4_L,L,10752,DNp03,DNp03_L,L,descending_neuron,36
20673,LC4,LC4_R,R,10106,DNp11,DNp11_R,R,descending_neuron,36
19794,LC4,LC4_R,R,10117,DNp02,DNp02_R,R,descending_neuron,36
527408,LC4,LC4_R,R,10106,DNp11,DNp11_R,R,descending_neuron,36
20016,LC4,LC4_R,R,10106,DNp11,DNp11_R,R,descending_neuron,36
100485,LC4,LC4_L,L,10259,DNp11,DNp11_L,L,descending_neuron,36
26915,LPLC2,LPLC2_R,R,10283,DNp103,DNp103(PVLP119)_R,R,descending_neuron,35
22677,LPLC2,LPLC2_R,R,10283,DNp103,DNp103(PVLP119)_R,R,descending_neuron,35
24118,LPLC2,LPLC2_R,R,10001,DNp01,DNp01(GF)_R,R,descending_neuron,35
33406,LPLC2,LPLC2_L,L,10010,DNp01,DNp01(GF)_L,L,descending_neuron,35
29391,LPLC2,LPLC2_R,R,10283,DNp103,DNp103(PVLP119)_R,R,descending_neuron,35
19608,LPLC2,LPLC2_R,R,10283,DNp103,DNp103(PVLP119)_R,R,descending_neuron,35
35632,LPLC2,LPLC2_R,R,10923,DNg40,DNg40(hb5813056435)_R,R,descending_neuron,35
26730,LPLC2,LPLC2_R,R,10584,DNp06,DNp06_R,R,descending_neuron,35
39620,LPLC2,LPLC2_R,R,10283,DNp103,DNp103(PVLP119)_R,R,descending_neuron,35
17548,LC4,LC4_R,R,10001,DNp01,DNp01(GF)_R,R,descending_neuron,35
532254,LC4,LC4_L,L,10197,DNp02,DNp02_L,L,descending_neuron,35
17478,LC4,LC4_L,L,524001,DNp05,DNp05_L,L,descending_neuron,35
20440,LC4,LC4_L,L,10259,DNp11,DNp11_L,L,descending_neuron,35
21287,LC4,LC4_R,R,10117,DNp02,DNp02_R,R,descending_neuron,35
20399,LC4,LC4_R,R,10117,DNp02,DNp02_R,R,descending_neuron,35
17266,LC4,LC4_R,R,11020,DNp05,DNp05_R,R,descending_neuron,35
517752,LC4,LC4_L,L,10259,DNp11,DNp11_L,L,descending_neuron,35
20282,LC4,LC4_R,R,10117,DNp02,DNp02_R,R,descending_neuron,35
20282,LC4,LC4_R,R,10001,DNp01,DNp01(GF)_R,R,descending_neuron,35
81112,LC4,LC4_L,L,10752,DNp03,DNp03_L,L,descending_neuron,35
22218,LPLC2,LPLC2_R,R,11137,DNp04,DNp04_R,R,descending_neuron,34
24401,LPLC2,LPLC2_R,R,10923,DNg40,DNg40(hb5813056435)_R,R,descending_neuron,34
19229,LPLC2,LPLC2_R,R,10001,DNp01,DNp01(GF)_R,R,descending_neuron,34
28044,LPLC2,LPLC2_R,R,10283,DNp103,DNp103(PVLP119)_R,R,descending_neuron,34
21361,LPLC2,LPLC2_L,L,10010,DNp01,DNp01(GF)_L,L,descending_neuron,34
26416,LPLC2,LPLC2_L,L,10417,DNp103,DNp103(PVLP119)_L,L,descending_neuron,34
19146,LPLC2,LPLC2_R,R,10283,DNp103,DNp103(PVLP119)_R,R,descending_neuron,34
19146,LPLC2,LPLC2_R,R,10001,DNp01,DNp01(GF)_R,R,descending_neuron,34
25511,LPLC2,LPLC2_R,R,10283,DNp103,DNp103(PVLP119)_R,R,descending_neuron,34
13132,LPLC2,LPLC2_L,L,531898,DNp04,DNp04_L,L,descending_neuron,34
20535,LPLC2,LPLC2_R,R,10283,DNp103,DNp103(PVLP119)_R,R,descending_neuron,34
31964,LPLC2,LPLC2_R,R,10923,DNg40,DNg40(hb5813056435)_R,R,descending_neuron,34
16917,LC4,LC4_L,L,10259,DNp11,DNp11_L,L,descending_neuron,34
532254,LC4,LC4_L,L,10010,DNp01,DNp01(GF)_L,L,descending_neuron,34
20859,LC4,LC4_L,L,10752,DNp03,DNp03_L,L,descending_neuron,34
23226,LC4,LC4_L,L,10197,DNp02,DNp02_L,L,descending_neuron,34
20440,LC4,LC4_L,L,524001,DNp05,DNp05_L,L,descending_neuron,34
35616,LC4,LC4_L,L,10197,DNp02,DNp02_L,L,descending_neuron,34
512366,LC4,LC4_L,L,10361,DNg40,DNg40(hb5813056435)_L,L,descending_neuron,34
31308,LC4,LC4_L,L,10197,DNp02,DNp02_L,L,descending_neuron,34
17266,LC4,LC4_R,R,10117,DNp02,DNp02_R,R,descending_neuron,34
20588,LC4,LC4_R,R,10106,DNp11,DNp11_R,R,descending_neuron,34
18396,LC4,LC4_L,L,10752,DNp03,DNp03_L,L,descending_neuron,34
22194,LC4,LC4_R,R,10117,DNp02,DNp02_R,R,descending_neuron,34
21165,LC4,LC4_R,R,10106,DNp11,DNp11_R,R,descending_neuron,34
18478,LC4,LC4_L,L,10259,DNp11,DNp11_L,L,descending_neuron,34
15018,LC4,LC4_L,L,10752,DNp03,DNp03_L,L,descending_neuron,34
24605,LPLC2,LPLC2_L,L,10417,DNp103,DNp103(PVLP119)_L,L,descending_neuron,33
14102,LPLC2,LPLC2_L,L,531898,DNp04,DNp04_L,L,descending_neuron,33
15804,LPLC2,LPLC2_L,L,10010,DNp01,DNp01(GF)_L,L,descending_neuron,33
29702,LPLC2,LPLC2_L,L,10010,DNp01,DNp01(GF)_L,L,descending_neuron,33
17544,LPLC2,LPLC2_L,L,10417,DNp103,DNp103(PVLP119)_L,L,descending_neuron,33
26393,LPLC2,LPLC2_R,R,10923,DNg40,DNg40(hb5813056435)_R,R,descending_neuron,33
32737,LPLC2,LPLC2_L,L,10010,DNp01,DNp01(GF)_L,L,descending_neuron,33
19229,LPLC2,LPLC2_R,R,10283,DNp103,DNp103(PVLP119)_R,R,descending_neuron,33
536444,LPLC2,LPLC2_L,L,10417,DNp103,DNp103(PVLP119)_L,L,descending_neuron,33
34655,LPLC2,LPLC2_L,L,10010,DNp01,DNp01(GF)_L,L,descending_neuron,33
20799,LPLC2,LPLC2_L,L,10417,DNp103,DNp103(PVLP119)_L,L,descending_neuron,33
14465,LPLC2,LPLC2_R,R,11137,DNp04,DNp04_R,R,descending_neuron,33
31988,LPLC2,LPLC2_R,R,10923,DNg40,DNg40(hb5813056435)_R,R,descending_neuron,33
23590,LPLC2,LPLC2_R,R,10001,DNp01,DNp01(GF)_R,R,descending_neuron,33
511914,LC4,LC4_L,L,10752,DNp03,DNp03_L,L,descending_neuron,33
17340,LC4,LC4_L,L,10010,DNp01,DNp01(GF)_L,L,descending_neuron,33
535341,LC4,LC4_L,L,10752,DNp03,DNp03_L,L,descending_neuron,33
524899,LC4,LC4_L,L,10259,DNp11,DNp11_L,L,descending_neuron,33
526286,LC4,LC4_L,L,10197,DNp02,DNp02_L,L,descending_neuron,33
27750,LC4,LC4_L,L,10752,DNp03,DNp03_L,L,descending_neuron,33
23929,LC4,LC4_R,R,10923,DNg40,DNg40(hb5813056435)_R,R,descending_neuron,33
14888,LC4,LC4_L,L,10197,DNp02,DNp02_L,L,descending_neuron,33
19260,LC4,LC4_R,R,11020,DNp05,DNp05_R,R,descending_neuron,33
518544,LC4,LC4_L,L,10197,DNp02,DNp02_L,L,descending_neuron,33
37587,LC4,LC4_L,L,10752,DNp03,DNp03_L,L,descending_neuron,33
25253,LPLC2,LPLC2_R,R,10001,DNp01,DNp01(GF)_R,R,descending_neuron,32
18936,LPLC2,LPLC2_L,L,10417,DNp103,DNp103(PVLP119)_L,L,descending_neuron,32
21299,LPLC2,LPLC2_L,L,531898,DNp04,DNp04_L,L,descending_neuron,32
19830,LPLC2,LPLC2_L,L,10449,DNpe025,DNpe025(PVLP145)_L,L,descending_neuron,32
29873,LPLC2,LPLC2_R,R,10283,DNp103,DNp103(PVLP119)_R,R,descending_neuron,32
37613,LPLC2,LPLC2_R,R,10283,DNp103,DNp103(PVLP119)_R,R,descending_neuron,32
20047,LPLC2,LPLC2_R,R,10283,DNp103,DNp103(PVLP119)_R,R,descending_neuron,32
29391,LPLC2,LPLC2_R,R,10001,DNp01,DNp01(GF)_R,R,descending_neuron,32
31105,LPLC2,LPLC2_L,L,10417,DNp103,DNp103(PVLP119)_L,L,descending_neuron,32
25497,LPLC2,LPLC2_R,R,10001,DNp01,DNp01(GF)_R,R,descending_neuron,32
30041,LPLC2,LPLC2_R,R,10283,DNp103,DNp103(PVLP119)_R,R,descending_neuron,32
515971,LPLC2,LPLC2_L,L,10417,DNp103,DNp103(PVLP119)_L,L,descending_neuron,32
21862,LPLC2,LPLC2_R,R,10923,DNg40,DNg40(hb5813056435)_R,R,descending_neuron,32
40811,LPLC2,LPLC2_L,L,10417,DNp103,DNp103(PVLP119)_L,L,descending_neuron,32
19543,LC4,LC4_R,R,10106,DNp11,DNp11_R,R,descending_neuron,32
19954,LC4,LC4_R,R,10117,DNp02,DNp02_R,R,descending_neuron,32
23098,LC4,LC4_R,R,10001,DNp01,DNp01(GF)_R,R,descending_neuron,32
34845,LC4,LC4_L,L,10259,DNp11,DNp11_L,L,descending_neuron,32
535341,LC4,LC4_L,L,10010,DNp01,DNp01(GF)_L,L,descending_neuron,32
524899,LC4,LC4_L,L,524001,DNp05,DNp05_L,L,descending_neuron,32
526286,LC4,LC4_L,L,10010,DNp01,DNp01(GF)_L,L,descending_neuron,32
22772,LC4,LC4_L,L,10197,DNp02,DNp02_L,L,descending_neuron,32
35262,LC4,LC4_L,L,10197,DNp02,DNp02_L,L,descending_neuron,32
514508,LC4,LC4_L,L,10752,DNp03,DNp03_L,L,descending_neuron,32
19550,LC4,LC4_R,R,10117,DNp02,DNp02_R,R,descending_neuron,32
17364,LC4,LC4_R,R,10106,DNp11,DNp11_R,R,descending_neuron,32
17880,LPLC2,LPLC2_L,L,10417,DNp103,DNp103(PVLP119)_L,L,descending_neuron,31
33185,LPLC2,LPLC2_R,R,10923,DNg40,DNg40(hb5813056435)_R,R,descending_neuron,31
30893,LPLC2,LPLC2_L,L,10228,DNp06,DNp06_L,L,descending_neuron,31
11498,LPLC2,LPLC2_L,L,531898,DNp04,DNp04_L,L,descending_neuron,31
19830,LPLC2,LPLC2_L,L,10417,DNp103,DNp103(PVLP119)_L,L,descending_neuron,31
19911,LPLC2,LPLC2_L,L,10417,DNp103,DNp103(PVLP119)_L,L,descending_neuron,31
23247,LPLC2,LPLC2_L,L,10417,DNp103,DNp103(PVLP119)_L,L,descending_neuron,31
23247,LPLC2,LPLC2_L,L,10010,DNp01,DNp01(GF)_L,L,descending_neuron,31
20471,LPLC2,LPLC2_R,R,10923,DNg40,DNg40(hb5813056435)_R,R,descending_neuron,31
20240,LPLC2,LPLC2_L,L,10417,DNp103,DNp103(PVLP119)_L,L,descending_neuron,31
515971,LPLC2,LPLC2_L,L,519771,DNp71,DNp71(DNp09)_L,L,descending_neuron,31
35632,LPLC2,LPLC2_R,R,10283,DNp103,DNp103(PVLP119)_R,R,descending_neuron,31
21562,LPLC2,LPLC2_R,R,10283,DNp103,DNp103(PVLP119)_R,R,descending_neuron,31
17774,LPLC2,LPLC2_L,L,531898,DNp04,DNp04_L,L,descending_neuron,31
30938,LPLC2,LPLC2_R,R,10283,DNp103,DNp103(PVLP119)_R,R,descending_neuron,31
29014,LPLC2,LPLC2_R,R,10001,DNp01,DNp01(GF)_R,R,descending_neuron,31
23550,LPLC2,LPLC2_L,L,10010,DNp01,DNp01(GF)_L,L,descending_neuron,31
35889,LPLC2,LPLC2_R,R,10923,DNg40,DNg40(hb5813056435)_R,R,descending_neuron,31
31988,LPLC2,LPLC2_R,R,10283,DNp103,DNp103(PVLP119)_R,R,descending_neuron,31
520449,LC4,LC4_L,L,10752,DNp03,DNp03_L,L,descending_neuron,31
511914,LC4,LC4_L,L,10197,DNp02,DNp02_L,L,descending_neuron,31
19634,LC4,LC4_R,R,10117,DNp02,DNp02_R,R,descending_neuron,31
532254,LC4,LC4_L,L,10752,DNp03,DNp03_L,L,descending_neuron,31
512705,LC4,LC4_L,L,10197,DNp02,DNp02_L,L,descending_neuron,31
29469,LC4,LC4_L,L,10752,DNp03,DNp03_L,L,descending_neuron,31
22328,LC4,LC4_R,R,10106,DNp11,DNp11_R,R,descending_neuron,31
21165,LC4,LC4_R,R,10001,DNp01,DNp01(GF)_R,R,descending_neuron,31
519650,LC4,LC4_L,L,10197,DNp02,DNp02_L,L,descending_neuron,31
21804,LC4,LC4_R,R,10989,DNp03,DNp03_R,R,descending_neuron,31
29563,LC4,LC4_R,R,10117,DNp02,DNp02_R,R,descending_neuron,31
27716,LPLC2,LPLC2_L,L,10010,DNp01,DNp01(GF)_L,L,descending_neuron,30
24308,LPLC2,LPLC2_L,L,10417,DNp103,DNp103(PVLP119)_L,L,descending_neuron,30
24308,LPLC2,LPLC2_L,L,10228,DNp06,DNp06_L,L,descending_neuron,30
32237,LPLC2,LPLC2_L,L,10417,DNp103,DNp103(PVLP119)_L,L,descending_neuron,30
24840,LPLC2,LPLC2_L,L,10417,DNp103,DNp103(PVLP119)_L,L,descending_neuron,30
27355,LPLC2,LPLC2_L,L,10010,DNp01,DNp01(GF)_L,L,descending_neuron,30
17990,LPLC2,LPLC2_L,L,531898,DNp04,DNp04_L,L,descending_neuron,30
20749,LPLC2,LPLC2_R,R,11137,DNp04,DNp04_R,R,descending_neuron,30
19229,LPLC2,LPLC2_R,R,11137,DNp04,DNp04_R,R,descending_neuron,30
20240,LPLC2,LPLC2_L,L,531898,DNp04,DNp04_L,L,descending_neuron,30
33694,LPLC2,LPLC2_R,R,10923,DNg40,DNg40(hb5813056435)_R,R,descending_neuron,30
25572,LPLC2,LPLC2_L,L,10010,DNp01,DNp01(GF)_L,L,descending_neuron,30
37925,LPLC2,LPLC2_R,R,10923,DNg40,DNg40(hb5813056435)_R,R,descending_neuron,30
27471,LPLC2,LPLC2_R,R,10283,DNp103,DNp103(PVLP119)_R,R,descending_neuron,30
525844,LPLC2,LPLC2_L,L,10417,DNp103,DNp103(PVLP119)_L,L,descending_neuron,30
21361,LPLC2,LPLC2_L,L,531898,DNp04,DNp04_L,L,descending_neuron,30
21862,LPLC2,LPLC2_R,R,10001,DNp01,DNp01(GF)_R,R,descending_neuron,30
16809,LC4,LC4_L,L,10259,DNp11,DNp11_L,L,descending_neuron,30
17668,LC4,LC4_R,R,11020,DNp05,DNp05_R,R,descending_neuron,30
515476,LC4,LC4_L,L,10752,DNp03,DNp03_L,L,descending_neuron,30
20976,LC4,LC4_L,L,10197,DNp02,DNp02_L,L,descending_neuron,30
31429,LC4,LC4_L,L,10197,DNp02,DNp02_L,L,descending_neuron,30
77614,LC4,LC4_L,L,10752,DNp03,DNp03_L,L,descending_neuron,30
25584,LC4,LC4_R,R,10001,DNp01,DNp01(GF)_R,R,descending_neuron,30
20282,LC4,LC4_R,R,10106,DNp11,DNp11_R,R,descending_neuron,30
29417,LC4,LC4_L,L,10752,DNp03,DNp03_L,L,descending_neuron,30
111787,LC4,LC4_L,L,10259,DNp11,DNp11_L,L,descending_neuron,30
111787,LC4,LC4_L,L,10010,DNp01,DNp01(GF)_L,L,descending_neuron,30
21313,LC4,LC4_R,R,10117,DNp02,DNp02_R,R,descending_neuron,30
20334,LPLC2,LPLC2_R,R,11137,DNp04,DNp04_R,R,descending_neuron,29
31563,LPLC2,LPLC2_L,L,10361,DNg40,DNg40(hb5813056435)_L,L,descending_neuron,29
37431,LPLC2,LPLC2_R,R,10283,DNp103,DNp103(PVLP119)_R,R,descending_neuron,29
23665,LPLC2,LPLC2_L,L,531898,DNp04,DNp04_L,L,descending_neuron,29
27796,LPLC2,LPLC2_L,L,10010,DNp01,DNp01(GF)_L,L,descending_neuron,29
17551,LPLC2,LPLC2_R,R,10283,DNp103,DNp103(PVLP119)_R,R,descending_neuron,29
20103,LPLC2,LPLC2_R,R,10283,DNp103,DNp103(PVLP119)_R,R,descending_neuron,29
20694,LPLC2,LPLC2_R,R,11137,DNp04,DNp04_R,R,descending_neuron,29
29873,LPLC2,LPLC2_R,R,10923,DNg40,DNg40(hb5813056435)_R,R,descending_neuron,29
29955,LPLC2,LPLC2_L,L,10010,DNp01,DNp01(GF)_L,L,descending_neuron,29
35838,LPLC2,LPLC2_R,R,10283,DNp103,DNp103(PVLP119)_R,R,descending_neuron,29
24187,LPLC2,LPLC2_R,R,10283,DNp103,DNp103(PVLP119)_R,R,descending_neuron,29
33396,LPLC2,LPLC2_R,R,10283,DNp103,DNp103(PVLP119)_R,R,descending_neuron,29
24268,LPLC2,LPLC2_R,R,10001,DNp01,DNp01(GF)_R,R,descending_neuron,29
21703,LPLC2,LPLC2_R,R,11137,DNp04,DNp04_R,R,descending_neuron,29
25497,LPLC2,LPLC2_R,R,10283,DNp103,DNp103(PVLP119)_R,R,descending_neuron,29
517819,LPLC2,LPLC2_L,L,531898,DNp04,DNp04_L,L,descending_neuron,29
35632,LPLC2,LPLC2_R,R,10584,DNp06,DNp06_R,R,descending_neuron,29
29287,LPLC2,LPLC2_R,R,10283,DNp103,DNp103(PVLP119)_R,R,descending_neuron,29
29287,LPLC2,LPLC2_R,R,10001,DNp01,DNp01(GF)_R,R,descending_neuron,29
25572,LPLC2,LPLC2_L,L,10361,DNg40,DNg40(hb5813056435)_L,L,descending_neuron,29
29753,LPLC2,LPLC2_L,L,10010,DNp01,DNp01(GF)_L,L,descending_neuron,29
20182,LPLC2,LPLC2_R,R,11137,DNp04,DNp04_R,R,descending_neuron,29
31257,LPLC2,LPLC2_R,R,10283,DNp103,DNp103(PVLP119)_R,R,descending_neuron,29
26730,LPLC2,LPLC2_R,R,11137,DNp04,DNp04_R,R,descending_neuron,29
14465,LPLC2,LPLC2_R,R,10283,DNp103,DNp103(PVLP119)_R,R,descending_neuron,29
111903,LPLC2,LPLC2_L,L,10417,DNp103,DNp103(PVLP119)_L,L,descending_neuron,29
31964,LPLC2,LPLC2_R,R,10283,DNp103,DNp103(PVLP119)_R,R,descending_neuron,29
20808,LC4,LC4_R,R,10117,DNp02,DNp02_R,R,descending_neuron,29
22966,LC4,LC4_R,R,10923,DNg40,DNg40(hb5813056435)_R,R,descending_neuron,29
512366,LC4,LC4_L,L,10752,DNp03,DNp03_L,L,descending_neuron,29
31301,LC4,LC4_L,L,10259,DNp11,DNp11_L,L,descending_neuron,29
24338,LC4,LC4_R,R,10106,DNp11,DNp11_R,R,descending_neuron,29
519931,LC4,LC4_L,L,524001,DNp05,DNp05_L,L,descending_neuron,29
20016,LC4,LC4_R,R,10117,DNp02,DNp02_R,R,descending_neuron,29
20542,LC4,LC4_R,R,10106,DNp11,DNp11_R,R,descending_neuron,29
18900,LPLC2,LPLC2_L,L,10417,DNp103,DNp103(PVLP119)_L,L,descending_neuron,28
18900,LPLC2,LPLC2_L,L,531898,DNp04,DNp04_L,L,descending_neuron,28
27796,LPLC2,LPLC2_L,L,531898,DNp04,DNp04_L,L,descending_neuron,28
23878,LPLC2,LPLC2_R,R,10923,DNg40,DNg40(hb5813056435)_R,R,descending_neuron,28
20047,LPLC2,LPLC2_R,R,11137,DNp04,DNp04_R,R,descending_neuron,28
25286,LPLC2,LPLC2_L,L,10417,DNp103,DNp103(PVLP119)_L,L,descending_neuron,28
34110,LPLC2,LPLC2_R,R,10283,DNp103,DNp103(PVLP119)_R,R,descending_neuron,28
19589,LPLC2,LPLC2_R,R,10283,DNp103,DNp103(PVLP119)_R,R,descending_neuron,28
19034,LPLC2,LPLC2_R,R,10001,DNp01,DNp01(GF)_R,R,descending_neuron,28
13764,LPLC2,LPLC2_L,L,531898,DNp04,DNp04_L,L,descending_neuron,28
34407,LPLC2,LPLC2_L,L,10417,DNp103,DNp103(PVLP119)_L,L,descending_neuron,28
28741,LPLC2,LPLC2_R,R,10001,DNp01,DNp01(GF)_R,R,descending_neuron,28
17774,LPLC2,LPLC2_L,L,10417,DNp103,DNp103(PVLP119)_L,L,descending_neuron,28
29014,LPLC2,LPLC2_R,R,10923,DNg40,DNg40(hb5813056435)_R,R,descending_neuron,28
23550,LPLC2,LPLC2_L,L,10361,DNg40,DNg40(hb5813056435)_L,L,descending_neuron,28
24800,LPLC2,LPLC2_R,R,10283,DNp103,DNp103(PVLP119)_R,R,descending_neuron,28
19549,LPLC2,LPLC2_R,R,10601,DNpe025,DNpe025(PVLP145)_R,R,descending_neuron,28
25511,LPLC2,LPLC2_R,R,10923,DNg40,DNg40(hb5813056435)_R,R,descending_neuron,28
29986,LPLC2,LPLC2_R,R,10283,DNp103,DNp103(PVLP119)_R,R,descending_neuron,28
25209,LPLC2,LPLC2_L,L,10010,DNp01,DNp01(GF)_L,L,descending_neuron,28
21721,LC4,LC4_L,L,10752,DNp03,DNp03_L,L,descending_neuron,28
20859,LC4,LC4_L,L,524001,DNp05,DNp05_L,L,descending_neuron,28
12349,LC4,LC4_L,L,10752,DNp03,DNp03_L,L,descending_neuron,28
17340,LC4,LC4_L,L,10197,DNp02,DNp02_L,L,descending_neuron,28
24523,LC4,LC4_L,L,10197,DNp02,DNp02_L,L,descending_neuron,28
32597,LC4,LC4_L,L,10752,DNp03,DNp03_L,L,descending_neuron,28
17860,LC4,LC4_R,R,11020,DNp05,DNp05_R,R,descending_neuron,28
22194,LC4,LC4_R,R,10106,DNp11,DNp11_R,R,descending_neuron,28
18478,LC4,LC4_L,L,524001,DNp05,DNp05_L,L,descending_neuron,28
18478,LC4,LC4_L,L,10752,DNp03,DNp03_L,L,descending_neuron,28
81112,LC4,LC4_L,L,10197,DNp02,DNp02_L,L,descending_neuron,28
14102,LPLC2,LPLC2_L,L,10010,DNp01,DNp01(GF)_L,L,descending_neuron,27
112292,LPLC2,LPLC2_L,L,531898,DNp04,DNp04_L,L,descending_neuron,27
26915,LPLC2,LPLC2_R,R,10923,DNg40,DNg40(hb5813056435)_R,R,descending_neuron,27
33303,LPLC2,LPLC2_L,L,10361,DNg40,DNg40(hb5813056435)_L,L,descending_neuron,27
24308,LPLC2,LPLC2_L,L,10010,DNp01,DNp01(GF)_L,L,descending_neuron,27
24118,LPLC2,LPLC2_R,R,10283,DNp103,DNp103(PVLP119)_R,R,descending_neuron,27
28011,LPLC2,LPLC2_L,L,10010,DNp01,DNp01(GF)_L,L,descending_neuron,27
55627,LPLC2,LPLC2_R,R,10283,DNp103,DNp103(PVLP119)_R,R,descending_neuron,27
30895,LPLC2,LPLC2_L,L,10010,DNp01,DNp01(GF)_L,L,descending_neuron,27
33396,LPLC2,LPLC2_R,R,10923,DNg40,DNg40(hb5813056435)_R,R,descending_neuron,27
27355,LPLC2,LPLC2_L,L,10417,DNp103,DNp103(PVLP119)_L,L,descending_neuron,27
29815,LPLC2,LPLC2_L,L,10010,DNp01,DNp01(GF)_L,L,descending_neuron,27
24568,LPLC2,LPLC2_L,L,10417,DNp103,DNp103(PVLP119)_L,L,descending_neuron,27
21045,LPLC2,LPLC2_R,R,10001,DNp01,DNp01(GF)_R,R,descending_neuron,27
25636,LPLC2,LPLC2_R,R,10923,DNg40,DNg40(hb5813056435)_R,R,descending_neuron,27
525844,LPLC2,LPLC2_L,L,10010,DNp01,DNp01(GF)_L,L,descending_neuron,27
517079,LPLC2,LPLC2_L,L,10417,DNp103,DNp103(PVLP119)_L,L,descending_neuron,27
20808,LC4,LC4_R,R,10106,DNp11,DNp11_R,R,descending_neuron,27
518983,LC4,LC4_L,L,10752,DNp03,DNp03_L,L,descending_neuron,27
12349,LC4,LC4_L,L,10259,DNp11,DNp11_L,L,descending_neuron,27
517752,LC4,LC4_L,L,10197,DNp02,DNp02_L,L,descending_neuron,27
519650,LC4,LC4_L,L,10259,DNp11,DNp11_L,L,descending_neuron,27
12032,LC4,LC4_L,L,10752,DNp03,DNp03_L,L,descending_neuron,27
16138,LC4,LC4_R,R,10106,DNp11,DNp11_R,R,descending_neuron,27
26147,LPLC2,LPLC2_R,R,10283,DNp103,DNp103(PVLP119)_R,R,descending_neuron,26
31563,LPLC2,LPLC2_L,L,10417,DNp103,DNp103(PVLP119)_L,L,descending_neuron,26
514670,LPLC2,LPLC2_L,L,519771,DNp71,DNp71(DNp09)_L,L,descending_neuron,26
27023,LPLC2,LPLC2_L,L,10417,DNp103,DNp103(PVLP119)_L,L,descending_neuron,26
29216,LPLC2,LPLC2_R,R,10283,DNp103,DNp103(PVLP119)_R,R,descending_neuron,26
38542,LPLC2,LPLC2_R,R,10283,DNp103,DNp103(PVLP119)_R,R,descending_neuron,26
23665,LPLC2,LPLC2_L,L,10417,DNp103,DNp103(PVLP119)_L,L,descending_neuron,26
23665,LPLC2,LPLC2_L,L,10361,DNg40,DNg40(hb5813056435)_L,L,descending_neuron,26
24118,LPLC2,LPLC2_R,R,10923,DNg40,DNg40(hb5813056435)_R,R,descending_neuron,26
20162,LPLC2,LPLC2_R,R,10923,DNg40,DNg40(hb5813056435)_R,R,descending_neuron,26
20694,LPLC2,LPLC2_R,R,10283,DNp103,DNp103(PVLP119)_R,R,descending_neuron,26
23349,LPLC2,LPLC2_L,L,531898,DNp04,DNp04_L,L,descending_neuron,26
15804,LPLC2,LPLC2_L,L,531898,DNp04,DNp04_L,L,descending_neuron,26
29702,LPLC2,LPLC2_L,L,10361,DNg40,DNg40(hb5813056435)_L,L,descending_neuron,26
29702,LPLC2,LPLC2_L,L,10223,DNpe056,DNpe056(PVLP146)_L,L,descending_neuron,26
29391,LPLC2,LPLC2_R,R,10732,DNpe056,DNpe056(PVLP146)_R,R,descending_neuron,26
22253,LPLC2,LPLC2_L,L,10361,DNg40,DNg40(hb5813056435)_L,L,descending_neuron,26
25136,LPLC2,LPLC2_L,L,10223,DNpe056,DNpe056(PVLP146)_L,L,descending_neuron,26
19842,LPLC2,LPLC2_R,R,10283,DNp103,DNp103(PVLP119)_R,R,descending_neuron,26
26528,LPLC2,LPLC2_L,L,10361,DNg40,DNg40(hb5813056435)_L,L,descending_neuron,26
33694,LPLC2,LPLC2_R,R,10283,DNp103,DNp103(PVLP119)_R,R,descending_neuron,26
18929,LPLC2,LPLC2_R,R,10601,DNpe025,DNpe025(PVLP145)_R,R,descending_neuron,26
18929,LPLC2,LPLC2_R,R,10283,DNp103,DNp103(PVLP119)_R,R,descending_neuron,26
27399,LPLC2,LPLC2_L,L,531898,DNp04,DNp04_L,L,descending_neuron,26
17059,LPLC2,LPLC2_L,L,10417,DNp103,DNp103(PVLP119)_L,L,descending_neuron,26
28945,LC4,LC4_R,R,10989,DNp03,DNp03_R,R,descending_neuron,26
12349,LC4,LC4_L,L,10197,DNp02,DNp02_L,L,descending_neuron,26
535341,LC4,LC4_L,L,10259,DNp11,DNp11_L,L,descending_neuron,26
29469,LC4,LC4_L,L,10197,DNp02,DNp02_L,L,descending_neuron,26
17608,LC4,LC4_L,L,10361,DNg40,DNg40(hb5813056435)_L,L,descending_neuron,26
31308,LC4,LC4_L,L,524001,DNp05,DNp05_L,L,descending_neuron,26
515900,LC4,LC4_L,L,10228,DNp06,DNp06_L,L,descending_neuron,26
22328,LC4,LC4_R,R,10117,DNp02,DNp02_R,R,descending_neuron,26
514956,LC4,LC4_L,L,10752,DNp03,DNp03_L,L,descending_neuron,26
29514,LC4,LC4_L,L,10197,DNp02,DNp02_L,L,descending_neuron,26
27624,LC4,LC4_L,L,10361,DNg40,DNg40(hb5813056435)_L,L,descending_neuron,26
11498,LPLC2,LPLC2_L,L,10449,DNpe025,DNpe025(PVLP145)_L,L,descending_neuron,25
531014,LPLC2,LPLC2_L,L,10417,DNp103,DNp103(PVLP119)_L,L,descending_neuron,25
27566,LPLC2,LPLC2_R,R,10283,DNp103,DNp103(PVLP119)_R,R,descending_neuron,25
26393,LPLC2,LPLC2_R,R,10283,DNp103,DNp103(PVLP119)_R,R,descending_neuron,25
19249,LPLC2,LPLC2_R,R,10283,DNp103,DNp103(PVLP119)_R,R,descending_neuron,25
24268,LPLC2,LPLC2_R,R,10584,DNp06,DNp06_R,R,descending_neuron,25
20584,LPLC2,LPLC2_R,R,10283,DNp103,DNp103(PVLP119)_R,R,descending_neuron,25
521115,LPLC2,LPLC2_L,L,10361,DNg40,DNg40(hb5813056435)_L,L,descending_neuron,25
25572,LPLC2,LPLC2_L,L,10417,DNp103,DNp103(PVLP119)_L,L,descending_neuron,25
27399,LPLC2,LPLC2_L,L,10010,DNp01,DNp01(GF)_L,L,descending_neuron,25
20182,LPLC2,LPLC2_R,R,10923,DNg40,DNg40(hb5813056435)_R,R,descending_neuron,25
21899,LPLC2,LPLC2_R,R,11137,DNp04,DNp04_R,R,descending_neuron,25
25636,LPLC2,LPLC2_R,R,10283,DNp103,DNp103(PVLP119)_R,R,descending_neuron,25
129687,LPLC2,LPLC2_L,L,10417,DNp103,DNp103(PVLP119)_L,L,descending_neuron,25
28003,LPLC2,LPLC2_R,R,10001,DNp01,DNp01(GF)_R,R,descending_neuron,25
19634,LC4,LC4_R,R,11020,DNp05,DNp05_R,R,descending_neuron,25
16917,LC4,LC4_L,L,10197,DNp02,DNp02_L,L,descending_neuron,25
512705,LC4,LC4_L,L,10752,DNp03,DNp03_L,L,descending_neuron,25
28980,LC4,LC4_L,L,10752,DNp03,DNp03_L,L,descending_neuron,25
21151,LC4,LC4_R,R,11020,DNp05,DNp05_R,R,descending_neuron,25
530029,LC4,LC4_L,L,10361,DNg40,DNg40(hb5813056435)_L,L,descending_neuron,25
100485,LC4,LC4_L,L,10752,DNp03,DNp03_L,L,descending_neuron,25
14102,LPLC2,LPLC2_L,L,10417,DNp103,DNp103(PVLP119)_L,L,descending_neuron,24
33303,LPLC2,LPLC2_L,L,10010,DNp01,DNp01(GF)_L,L,descending_neuron,24
22677,LPLC2,LPLC2_R,R,11137,DNp04,DNp04_R,R,descending_neuron,24
27796,LPLC2,LPLC2_L,L,10417,DNp103,DNp103(PVLP119)_L,L,descending_neuron,24
19830,LPLC2,LPLC2_L,L,531898,DNp04,DNp04_L,L,descending_neuron,24
32237,LPLC2,LPLC2_L,L,10223,DNpe056,DNpe056(PVLP146)_L,L,descending_neuron,24
25267,LPLC2,LPLC2_R,R,10601,DNpe025,DNpe025(PVLP145)_R,R,descending_neuron,24
30512,LPLC2,LPLC2_L,L,10417,DNp103,DNp103(PVLP119)_L,L,descending_neuron,24
134521,LPLC2,LPLC2_L,L,531898,DNp04,DNp04_L,L,descending_neuron,24
22557,LPLC2,LPLC2_L,L,531898,DNp04,DNp04_L,L,descending_neuron,24
17990,LPLC2,LPLC2_L,L,10417,DNp103,DNp103(PVLP119)_L,L,descending_neuron,24
20799,LPLC2,LPLC2_L,L,531898,DNp04,DNp04_L,L,descending_neuron,24
21899,LPLC2,LPLC2_R,R,10283,DNp103,DNp103(PVLP119)_R,R,descending_neuron,24
25575,LPLC2,LPLC2_L,L,10417,DNp103,DNp103(PVLP119)_L,L,descending_neuron,24
25575,LPLC2,LPLC2_L,L,10010,DNp01,DNp01(GF)_L,L,descending_neuron,24
31988,LPLC2,LPLC2_R,R,10001,DNp01,DNp01(GF)_R,R,descending_neuron,24
25511,LPLC2,LPLC2_R,R,11137,DNp04,DNp04_R,R,descending_neuron,24
28003,LPLC2,LPLC2_R,R,10283,DNp103,DNp103(PVLP119)_R,R,descending_neuron,24
21721,LC4,LC4_L,L,10259,DNp11,DNp11_L,L,descending_neuron,24
22034,LC4,LC4_R,R,10117,DNp02,DNp02_R,R,descending_neuron,24
17860,LC4,LC4_R,R,10989,DNp03,DNp03_R,R,descending_neuron,24
22847,LC4,LC4_R,R,10117,DNp02,DNp02_R,R,descending_neuron,24
516909,LC4,LC4_L,L,524001,DNp05,DNp05_L,L,descending_neuron,24
515900,LC4,LC4_L,L,10234,DNp35,DNp35(PVLP136)_L,L,descending_neuron,24
31429,LC4,LC4_L,L,10752,DNp03,DNp03_L,L,descending_neuron,24
19794,LC4,LC4_R,R,10106,DNp11,DNp11_R,R,descending_neuron,24
514956,LC4,LC4_L,L,10361,DNg40,DNg40(hb5813056435)_L,L,descending_neuron,24
16628,LC4,LC4_R,R,11020,DNp05,DNp05_R,R,descending_neuron,24
519931,LC4,LC4_L,L,10752,DNp03,DNp03_L,L,descending_neuron,24
23202,LC4,LC4_L,L,10752,DNp03,DNp03_L,L,descending_neuron,24
530029,LC4,LC4_L,L,10197,DNp02,DNp02_L,L,descending_neuron,24
27716,LPLC2,LPLC2_L,L,10417,DNp103,DNp103(PVLP119)_L,L,descending_neuron,23
17880,LPLC2,LPLC2_L,L,531898,DNp04,DNp04_L,L,descending_neuron,23
17551,LPLC2,LPLC2_R,R,11137,DNp04,DNp04_R,R,descending_neuron,23
23878,LPLC2,LPLC2_R,R,11137,DNp04,DNp04_R,R,descending_neuron,23
55627,LPLC2,LPLC2_R,R,10732,DNpe056,DNpe056(PVLP146)_R,R,descending_neuron,23
30895,LPLC2,LPLC2_L,L,10361,DNg40,DNg40(hb5813056435)_L,L,descending_neuron,23
28871,LPLC2,LPLC2_R,R,10283,DNp103,DNp103(PVLP119)_R,R,descending_neuron,23
25316,LPLC2,LPLC2_R,R,10584,DNp06,DNp06_R,R,descending_neuron,23
531014,LPLC2,LPLC2_L,L,10010,DNp01,DNp01(GF)_L,L,descending_neuron,23
35838,LPLC2,LPLC2_R,R,10923,DNg40,DNg40(hb5813056435)_R,R,descending_neuron,23
21808,LPLC2,LPLC2_R,R,10923,DNg40,DNg40(hb5813056435)_R,R,descending_neuron,23
19249,LPLC2,LPLC2_R,R,11137,DNp04,DNp04_R,R,descending_neuron,23
19034,LPLC2,LPLC2_R,R,11137,DNp04,DNp04_R,R,descending_neuron,23
13764,LPLC2,LPLC2_L,L,10234,DNp35,DNp35(PVLP136)_L,L,descending_neuron,23
520764,LPLC2,LPLC2_L,L,10417,DNp103,DNp103(PVLP119)_L,L,descending_neuron,23
50287,LPLC2,LPLC2_R,R,10283,DNp103,DNp103(PVLP119)_R,R,descending_neuron,23
24568,LPLC2,LPLC2_L,L,531898,DNp04,DNp04_L,L,descending_neuron,23
32507,LPLC2,LPLC2_R,R,10923,DNg40,DNg40(hb5813056435)_R,R,descending_neuron,23
32507,LPLC2,LPLC2_R,R,10283,DNp103,DNp103(PVLP119)_R,R,descending_neuron,23
533895,LPLC2,LPLC2_L,L,10417,DNp103,DNp103(PVLP119)_L,L,descending_neuron,23
533895,LPLC2,LPLC2_L,L,10361,DNg40,DNg40(hb5813056435)_L,L,descending_neuron,23
32223,LPLC2,LPLC2_L,L,10417,DNp103,DNp103(PVLP119)_L,L,descending_neuron,23
30938,LPLC2,LPLC2_R,R,10923,DNg40,DNg40(hb5813056435)_R,R,descending_neuron,23
30938,LPLC2,LPLC2_R,R,10001,DNp01,DNp01(GF)_R,R,descending_neuron,23
40841,LPLC2,LPLC2_L,L,10010,DNp01,DNp01(GF)_L,L,descending_neuron,23
25575,LPLC2,LPLC2_L,L,531898,DNp04,DNp04_L,L,descending_neuron,23
20329,LPLC2,LPLC2_L,L,531898,DNp04,DNp04_L,L,descending_neuron,23
35680,LPLC2,LPLC2_R,R,10923,DNg40,DNg40(hb5813056435)_R,R,descending_neuron,23
29986,LPLC2,LPLC2_R,R,10923,DNg40,DNg40(hb5813056435)_R,R,descending_neuron,23
95241,LPLC2,LPLC2_L,L,10417,DNp103,DNp103(PVLP119)_L,L,descending_neuron,23
16809,LC4,LC4_L,L,10197,DNp02,DNp02_L,L,descending_neuron,23
30480,LC4,LC4_R,R,10923,DNg40,DNg40(hb5813056435)_R,R,descending_neuron,23
524899,LC4,LC4_L,L,10752,DNp03,DNp03_L,L,descending_neuron,23
515900,LC4,LC4_L,L,524001,DNp05,DNp05_L,L,descending_neuron,23
533129,LC4,LC4_L,L,10752,DNp03,DNp03_L,L,descending_neuron,23
28980,LC4,LC4_L,L,10197,DNp02,DNp02_L,L,descending_neuron,23
16628,LC4,LC4_R,R,10989,DNp03,DNp03_R,R,descending_neuron,23
16128,LC4,LC4_R,R,11020,DNp05,DNp05_R,R,descending_neuron,23
514670,LPLC2,LPLC2_L,L,10417,DNp103,DNp103(PVLP119)_L,L,descending_neuron,22
27023,LPLC2,LPLC2_L,L,10361,DNg40,DNg40(hb5813056435)_L,L,descending_neuron,22
22218,LPLC2,LPLC2_R,R,10283,DNp103,DNp103(PVLP119)_R,R,descending_neuron,22
30893,LPLC2,LPLC2_L,L,10223,DNpe056,DNpe056(PVLP146)_L,L,descending_neuron,22
11498,LPLC2,LPLC2_L,L,10234,DNp35,DNp35(PVLP136)_L,L,descending_neuron,22
21299,LPLC2,LPLC2_L,L,10228,DNp06,DNp06_L,L,descending_neuron,22
28011,LPLC2,LPLC2_L,L,10223,DNpe056,DNpe056(PVLP146)_L,L,descending_neuron,22
29955,LPLC2,LPLC2_L,L,10223,DNpe056,DNpe056(PVLP146)_L,L,descending_neuron,22
28871,LPLC2,LPLC2_R,R,10732,DNpe056,DNpe056(PVLP146)_R,R,descending_neuron,22
21808,LPLC2,LPLC2_R,R,11137,DNp04,DNp04_R,R,descending_neuron,22
13726,LPLC2,LPLC2_L,L,10417,DNp103,DNp103(PVLP119)_L,L,descending_neuron,22
24840,LPLC2,LPLC2_L,L,531898,DNp04,DNp04_L,L,descending_neuron,22
20584,LPLC2,LPLC2_R,R,10601,DNpe025,DNpe025(PVLP145)_R,R,descending_neuron,22
32737,LPLC2,LPLC2_L,L,531898,DNp04,DNp04_L,L,descending_neuron,22
517819,LPLC2,LPLC2_L,L,10417,DNp103,DNp103(PVLP119)_L,L,descending_neuron,22
29014,LPLC2,LPLC2_R,R,10283,DNp103,DNp103(PVLP119)_R,R,descending_neuron,22
26416,LPLC2,LPLC2_L,L,10228,DNp06,DNp06_L,L,descending_neuron,22
23497,LPLC2,LPLC2_R,R,10923,DNg40,DNg40(hb5813056435)_R,R,descending_neuron,22
23497,LPLC2,LPLC2_R,R,10584,DNp06,DNp06_R,R,descending_neuron,22
19549,LPLC2,LPLC2_R,R,11137,DNp04,DNp04_R,R,descending_neuron,22
129687,LPLC2,LPLC2_L,L,10010,DNp01,DNp01(GF)_L,L,descending_neuron,22
40811,LPLC2,LPLC2_L,L,10223,DNpe056,DNpe056(PVLP146)_L,L,descending_neuron,22
18432,LC4,LC4_L,L,10752,DNp03,DNp03_L,L,descending_neuron,22
12349,LC4,LC4_L,L,10361,DNg40,DNg40(hb5813056435)_L,L,descending_neuron,22
34845,LC4,LC4_L,L,10752,DNp03,DNp03_L,L,descending_neuron,22
20440,LC4,LC4_L,L,10197,DNp02,DNp02_L,L,descending_neuron,22
32597,LC4,LC4_L,L,10197,DNp02,DNp02_L,L,descending_neuron,22
526286,LC4,LC4_L,L,10752,DNp03,DNp03_L,L,descending_neuron,22
22847,LC4,LC4_R,R,10989,DNp03,DNp03_R,R,descending_neuron,22
516909,LC4,LC4_L,L,10752,DNp03,DNp03_L,L,descending_neuron,22
28980,LC4,LC4_L,L,524001,DNp05,DNp05_L,L,descending_neuron,22
22922,LC4,LC4_L,L,524001,DNp05,DNp05_L,L,descending_neuron,22
23792,LC4,LC4_R,R,10117,DNp02,DNp02_R,R,descending_neuron,22
12824,LC4,LC4_L,L,524001,DNp05,DNp05_L,L,descending_neuron,22
514508,LC4,LC4_L,L,10197,DNp02,DNp02_L,L,descending_neuron,22
107513,LC4,LC4_L,L,10752,DNp03,DNp03_L,L,descending_neuron,22
18127,LC4,LC4_R,R,11020,DNp05,DNp05_R,R,descending_neuron,22
37431,LPLC2,LPLC2_R,R,10001,DNp01,DNp01(GF)_R,R,descending_neuron,21
112292,LPLC2,LPLC2_L,L,10010,DNp01,DNp01(GF)_L,L,descending_neuron,21
26915,LPLC2,LPLC2_R,R,10001,DNp01,DNp01(GF)_R,R,descending_neuron,21
21299,LPLC2,LPLC2_L,L,10417,DNp103,DNp103(PVLP119)_L,L,descending_neuron,21
32237,LPLC2,LPLC2_L,L,10361,DNg40,DNg40(hb5813056435)_L,L,descending_neuron,21
25316,LPLC2,LPLC2_R,R,11137,DNp04,DNp04_R,R,descending_neuron,21
24401,LPLC2,LPLC2_R,R,10283,DNp103,DNp103(PVLP119)_R,R,descending_neuron,21
33396,LPLC2,LPLC2_R,R,10001,DNp01,DNp01(GF)_R,R,descending_neuron,21
17544,LPLC2,LPLC2_L,L,519771,DNp71,DNp71(DNp09)_L,L,descending_neuron,21
19589,LPLC2,LPLC2_R,R,11137,DNp04,DNp04_R,R,descending_neuron,21
19034,LPLC2,LPLC2_R,R,10283,DNp103,DNp103(PVLP119)_R,R,descending_neuron,21
21703,LPLC2,LPLC2_R,R,10283,DNp103,DNp103(PVLP119)_R,R,descending_neuron,21
520764,LPLC2,LPLC2_L,L,10361,DNg40,DNg40(hb5813056435)_L,L,descending_neuron,21
521115,LPLC2,LPLC2_L,L,10417,DNp103,DNp103(PVLP119)_L,L,descending_neuron,21
21318,LPLC2,LPLC2_R,R,11137,DNp04,DNp04_R,R,descending_neuron,21
28741,LPLC2,LPLC2_R,R,10923,DNg40,DNg40(hb5813056435)_R,R,descending_neuron,21
518731,LPLC2,LPLC2_L,L,531898,DNp04,DNp04_L,L,descending_neuron,21
33965,LPLC2,LPLC2_L,L,10417,DNp103,DNp103(PVLP119)_L,L,descending_neuron,21
28044,LPLC2,LPLC2_R,R,11137,DNp04,DNp04_R,R,descending_neuron,21
14465,LPLC2,LPLC2_R,R,10001,DNp01,DNp01(GF)_R,R,descending_neuron,21
17775,LPLC2,LPLC2_L,L,10417,DNp103,DNp103(PVLP119)_L,L,descending_neuron,21
39620,LPLC2,LPLC2_R,R,10001,DNp01,DNp01(GF)_R,R,descending_neuron,21
35680,LPLC2,LPLC2_R,R,10001,DNp01,DNp01(GF)_R,R,descending_neuron,21
25511,LPLC2,LPLC2_R,R,10001,DNp01,DNp01(GF)_R,R,descending_neuron,21
33439,LPLC2,LPLC2_R,R,10001,DNp01,DNp01(GF)_R,R,descending_neuron,21
29319,LPLC2,LPLC2_L,L,10417,DNp103,DNp103(PVLP119)_L,L,descending_neuron,21
13132,LPLC2,LPLC2_L,L,10228,DNp06,DNp06_L,L,descending_neuron,21
19543,LC4,LC4_R,R,10117,DNp02,DNp02_R,R,descending_neuron,21
19634,LC4,LC4_R,R,10106,DNp11,DNp11_R,R,descending_neuron,21
34845,LC4,LC4_L,L,10197,DNp02,DNp02_L,L,descending_neuron,21
17653,LC4,LC4_L,L,524001,DNp05,DNp05_L,L,descending_neuron,21
20572,LC4,LC4_L,L,524001,DNp05,DNp05_L,L,descending_neuron,21
17266,LC4,LC4_R,R,10989,DNp03,DNp03_R,R,descending_neuron,21
22772,LC4,LC4_L,L,10259,DNp11,DNp11_L,L,descending_neuron,21
14888,LC4,LC4_L,L,10228,DNp06,DNp06_L,L,descending_neuron,21
12824,LC4,LC4_L,L,10752,DNp03,DNp03_L,L,descending_neuron,21
35262,LC4,LC4_L,L,10752,DNp03,DNp03_L,L,descending_neuron,21
35262,LC4,LC4_L,L,10259,DNp11,DNp11_L,L,descending_neuron,21
21804,LC4,LC4_R,R,10923,DNg40,DNg40(hb5813056435)_R,R,descending_neuron,21
19550,LC4,LC4_R,R,10001,DNp01,DNp01(GF)_R,R,descending_neuron,21
27716,LPLC2,LPLC2_L,L,531898,DNp04,DNp04_L,L,descending_neuron,20
41097,LPLC2,LPLC2_L,L,10417,DNp103,DNp103(PVLP119)_L,L,descending_neuron,20
524366,LPLC2,LPLC2_L,L,10010,DNp01,DNp01(GF)_L,L,descending_neuron,20
19830,LPLC2,LPLC2_L,L,519771,DNp71,DNp71(DNp09)_L,L,descending_neuron,20
25027,LPLC2,LPLC2_L,L,10010,DNp01,DNp01(GF)_L,L,descending_neuron,20
531014,LPLC2,LPLC2_L,L,10223,DNpe056,DNpe056(PVLP146)_L,L,descending_neuron,20
23349,LPLC2,LPLC2_L,L,10417,DNp103,DNp103(PVLP119)_L,L,descending_neuron,20
25286,LPLC2,LPLC2_L,L,10449,DNpe025,DNpe025(PVLP145)_L,L,descending_neuron,20
34110,LPLC2,LPLC2_R,R,10923,DNg40,DNg40(hb5813056435)_R,R,descending_neuron,20
34110,LPLC2,LPLC2_R,R,10732,DNpe056,DNpe056(PVLP146)_R,R,descending_neuron,20
25267,LPLC2,LPLC2_R,R,10283,DNp103,DNp103(PVLP119)_R,R,descending_neuron,20
27566,LPLC2,LPLC2_R,R,10923,DNg40,DNg40(hb5813056435)_R,R,descending_neuron,20
27566,LPLC2,LPLC2_R,R,10584,DNp06,DNp06_R,R,descending_neuron,20
33396,LPLC2,LPLC2_R,R,10584,DNp06,DNp06_R,R,descending_neuron,20
12384,LPLC2,LPLC2_L,L,10417,DNp103,DNp103(PVLP119)_L,L,descending_neuron,20
12384,LPLC2,LPLC2_L,L,10228,DNp06,DNp06_L,L,descending_neuron,20
12384,LPLC2,LPLC2_L,L,10010,DNp01,DNp01(GF)_L,L,descending_neuron,20
19911,LPLC2,LPLC2_L,L,10361,DNg40,DNg40(hb5813056435)_L,L,descending_neuron,20
19589,LPLC2,LPLC2_R,R,10001,DNp01,DNp01(GF)_R,R,descending_neuron,20
19608,LPLC2,LPLC2_R,R,10923,DNg40,DNg40(hb5813056435)_R,R,descending_neuron,20
521115,LPLC2,LPLC2_L,L,531898,DNp04,DNp04_L,L,descending_neuron,20
28741,LPLC2,LPLC2_R,R,10283,DNp103,DNp103(PVLP119)_R,R,descending_neuron,20
536444,LPLC2,LPLC2_L,L,10361,DNg40,DNg40(hb5813056435)_L,L,descending_neuron,20
19842,LPLC2,LPLC2_R,R,11137,DNp04,DNp04_R,R,descending_neuron,20
26528,LPLC2,LPLC2_L,L,10417,DNp103,DNp103(PVLP119)_L,L,descending_neuron,20
33965,LPLC2,LPLC2_L,L,10010,DNp01,DNp01(GF)_L,L,descending_neuron,20
34372,LPLC2,LPLC2_R,R,11137,DNp04,DNp04_R,R,descending_neuron,20
22261,LPLC2,LPLC2_R,R,11137,DNp04,DNp04_R,R,descending_neuron,20
29598,LPLC2,LPLC2_R,R,10584,DNp06,DNp06_R,R,descending_neuron,20
25636,LPLC2,LPLC2_R,R,10001,DNp01,DNp01(GF)_R,R,descending_neuron,20
26416,LPLC2,LPLC2_L,L,531898,DNp04,DNp04_L,L,descending_neuron,20
39620,LPLC2,LPLC2_R,R,10732,DNpe056,DNpe056(PVLP146)_R,R,descending_neuron,20
39620,LPLC2,LPLC2_R,R,10584,DNp06,DNp06_R,R,descending_neuron,20
517078,LPLC2,LPLC2_L,L,10449,DNpe025,DNpe025(PVLP145)_L,L,descending_neuron,20
22966,LC4,LC4_R,R,10989,DNp03,DNp03_R,R,descending_neuron,20
17653,LC4,LC4_L,L,10228,DNp06,DNp06_L,L,descending_neuron,20
20967,LC4,LC4_L,L,524001,DNp05,DNp05_L,L,descending_neuron,20
31301,LC4,LC4_L,L,10752,DNp03,DNp03_L,L,descending_neuron,20
30803,LC4,LC4_R,R,10989,DNp03,DNp03_R,R,descending_neuron,20
30087,LC4,LC4_L,L,10752,DNp03,DNp03_L,L,descending_neuron,20
17270,LC4,LC4_L,L,10752,DNp03,DNp03_L,L,descending_neuron,20
516909,LC4,LC4_L,L,10228,DNp06,DNp06_L,L,descending_neuron,20
22772,LC4,LC4_L,L,10752,DNp03,DNp03_L,L,descending_neuron,20
24338,LC4,LC4_R,R,10117,DNp02,DNp02_R,R,descending_neuron,20
22922,LC4,LC4_L,L,10259,DNp11,DNp11_L,L,descending_neuron,20
21165,LC4,LC4_R,R,11020,DNp05,DNp05_R,R,descending_neuron,20
81112,LC4,LC4_L,L,524001,DNp05,DNp05_L,L,descending_neuron,20
21336,LC4,LC4_R,R,10106,DNp11,DNp11_R,R,descending_neuron,20
14888,LC4,LC4_L,L,10752,DNp03,DNp03_L,L,descending_neuron,20
21804,LC4,LC4_R,R,10117,DNp02,DNp02_R,R,descending_neuron,20
24605,LPLC2,LPLC2_L,L,531898,DNp04,DNp04_L,L,descending_neuron,19
35294,LPLC2,LPLC2_L,L,10223,DNpe056,DNpe056(PVLP146)_L,L,descending_neuron,19
27023,LPLC2,LPLC2_L,L,10223,DNpe056,DNpe056(PVLP146)_L,L,descending_neuron,19
30893,LPLC2,LPLC2_L,L,10361,DNg40,DNg40(hb5813056435)_L,L,descending_neuron,19
112292,LPLC2,LPLC2_L,L,10417,DNp103,DNp103(PVLP119)_L,L,descending_neuron,19
20162,LPLC2,LPLC2_R,R,11137,DNp04,DNp04_R,R,descending_neuron,19
20103,LPLC2,LPLC2_R,R,11137,DNp04,DNp04_R,R,descending_neuron,19
20694,LPLC2,LPLC2_R,R,10001,DNp01,DNp01(GF)_R,R,descending_neuron,19
29955,LPLC2,LPLC2_L,L,10417,DNp103,DNp103(PVLP119)_L,L,descending_neuron,19
30895,LPLC2,LPLC2_L,L,10417,DNp103,DNp103(PVLP119)_L,L,descending_neuron,19
32237,LPLC2,LPLC2_L,L,10010,DNp01,DNp01(GF)_L,L,descending_neuron,19
28871,LPLC2,LPLC2_R,R,11137,DNp04,DNp04_R,R,descending_neuron,19
34681,LPLC2,LPLC2_R,R,10001,DNp01,DNp01(GF)_R,R,descending_neuron,19
24187,LPLC2,LPLC2_R,R,10732,DNpe056,DNpe056(PVLP146)_R,R,descending_neuron,19
12384,LPLC2,LPLC2_L,L,519771,DNp71,DNp71(DNp09)_L,L,descending_neuron,19
19787,LPLC2,LPLC2_L,L,519771,DNp71,DNp71(DNp09)_L,L,descending_neuron,19
24268,LPLC2,LPLC2_R,R,10732,DNpe056,DNpe056(PVLP146)_R,R,descending_neuron,19
25497,LPLC2,LPLC2_R,R,10923,DNg40,DNg40(hb5813056435)_R,R,descending_neuron,19
34407,LPLC2,LPLC2_L,L,531898,DNp04,DNp04_L,L,descending_neuron,19
27355,LPLC2,LPLC2_L,L,10361,DNg40,DNg40(hb5813056435)_L,L,descending_neuron,19
27355,LPLC2,LPLC2_L,L,10223,DNpe056,DNpe056(PVLP146)_L,L,descending_neuron,19
25524,LPLC2,LPLC2_L,L,531898,DNp04,DNp04_L,L,descending_neuron,19
30041,LPLC2,LPLC2_R,R,10923,DNg40,DNg40(hb5813056435)_R,R,descending_neuron,19
25854,LPLC2,LPLC2_L,L,10417,DNp103,DNp103(PVLP119)_L,L,descending_neuron,19
25136,LPLC2,LPLC2_L,L,10417,DNp103,DNp103(PVLP119)_L,L,descending_neuron,19
21318,LPLC2,LPLC2_R,R,10601,DNpe025,DNpe025(PVLP145)_R,R,descending_neuron,19
518731,LPLC2,LPLC2_L,L,519771,DNp71,DNp71(DNp09)_L,L,descending_neuron,19
19842,LPLC2,LPLC2_R,R,10601,DNpe025,DNpe025(PVLP145)_R,R,descending_neuron,19
32507,LPLC2,LPLC2_R,R,10001,DNp01,DNp01(GF)_R,R,descending_neuron,19
17774,LPLC2,LPLC2_L,L,10010,DNp01,DNp01(GF)_L,L,descending_neuron,19
31257,LPLC2,LPLC2_R,R,10001,DNp01,DNp01(GF)_R,R,descending_neuron,19
22261,LPLC2,LPLC2_R,R,10923,DNg40,DNg40(hb5813056435)_R,R,descending_neuron,19
24800,LPLC2,LPLC2_R,R,10923,DNg40,DNg40(hb5813056435)_R,R,descending_neuron,19
33439,LPLC2,LPLC2_R,R,10923,DNg40,DNg40(hb5813056435)_R,R,descending_neuron,19
16809,LC4,LC4_L,L,10752,DNp03,DNp03_L,L,descending_neuron,19
17478,LC4,LC4_L,L,10228,DNp06,DNp06_L,L,descending_neuron,19
17340,LC4,LC4_L,L,10228,DNp06,DNp06_L,L,descending_neuron,19
22975,LC4,LC4_R,R,10117,DNp02,DNp02_R,R,descending_neuron,19
518439,LC4,LC4_L,L,10361,DNg40,DNg40(hb5813056435)_L,L,descending_neuron,19
20976,LC4,LC4_L,L,10752,DNp03,DNp03_L,L,descending_neuron,19
20588,LC4,LC4_R,R,10117,DNp02,DNp02_R,R,descending_neuron,19
23392,LC4,LC4_R,R,10106,DNp11,DNp11_R,R,descending_neuron,19
81112,LC4,LC4_L,L,10259,DNp11,DNp11_L,L,descending_neuron,19
81112,LC4,LC4_L,L,10228,DNp06,DNp06_L,L,descending_neuron,19
518730,LC4,LC4_L,L,10752,DNp03,DNp03_L,L,descending_neuron,19
111787,LC4,LC4_L,L,10752,DNp03,DNp03_L,L,descending_neuron,19
15018,LC4,LC4_L,L,10361,DNg40,DNg40(hb5813056435)_L,L,descending_neuron,19
38542,LPLC2,LPLC2_R,R,10923,DNg40,DNg40(hb5813056435)_R,R,descending_neuron,18
33303,LPLC2,LPLC2_L,L,10417,DNp103,DNp103(PVLP119)_L,L,descending_neuron,18
22677,LPLC2,LPLC2_R,R,10601,DNpe025,DNpe025(PVLP145)_R,R,descending_neuron,18
28011,LPLC2,LPLC2_L,L,10361,DNg40,DNg40(hb5813056435)_L,L,descending_neuron,18
29873,LPLC2,LPLC2_R,R,11137,DNp04,DNp04_R,R,descending_neuron,18
29955,LPLC2,LPLC2_L,L,10361,DNg40,DNg40(hb5813056435)_L,L,descending_neuron,18
30895,LPLC2,LPLC2_L,L,531898,DNp04,DNp04_L,L,descending_neuron,18
25027,LPLC2,LPLC2_L,L,10223,DNpe056,DNpe056(PVLP146)_L,L,descending_neuron,18
37613,LPLC2,LPLC2_R,R,10923,DNg40,DNg40(hb5813056435)_R,R,descending_neuron,18
37613,LPLC2,LPLC2_R,R,10584,DNp06,DNp06_R,R,descending_neuron,18
30512,LPLC2,LPLC2_L,L,10010,DNp01,DNp01(GF)_L,L,descending_neuron,18
12384,LPLC2,LPLC2_L,L,10449,DNpe025,DNpe025(PVLP145)_L,L,descending_neuron,18
19911,LPLC2,LPLC2_L,L,10223,DNpe056,DNpe056(PVLP146)_L,L,descending_neuron,18
134521,LPLC2,LPLC2_L,L,10010,DNp01,DNp01(GF)_L,L,descending_neuron,18
19034,LPLC2,LPLC2_R,R,10923,DNg40,DNg40(hb5813056435)_R,R,descending_neuron,18
14030,LPLC2,LPLC2_L,L,10449,DNpe025,DNpe025(PVLP145)_L,L,descending_neuron,18
13764,LPLC2,LPLC2_L,L,10417,DNp103,DNp103(PVLP119)_L,L,descending_neuron,18
20749,LPLC2,LPLC2_R,R,10601,DNpe025,DNpe025(PVLP145)_R,R,descending_neuron,18
21318,LPLC2,LPLC2_R,R,10283,DNp103,DNp103(PVLP119)_R,R,descending_neuron,18
50287,LPLC2,LPLC2_R,R,10923,DNg40,DNg40(hb5813056435)_R,R,descending_neuron,18
28741,LPLC2,LPLC2_R,R,10732,DNpe056,DNpe056(PVLP146)_R,R,descending_neuron,18
18929,LPLC2,LPLC2_R,R,11137,DNp04,DNp04_R,R,descending_neuron,18
18929,LPLC2,LPLC2_R,R,10584,DNp06,DNp06_R,R,descending_neuron,18
21562,LPLC2,LPLC2_R,R,10732,DNpe056,DNpe056(PVLP146)_R,R,descending_neuron,18
32223,LPLC2,LPLC2_L,L,531898,DNp04,DNp04_L,L,descending_neuron,18
40841,LPLC2,LPLC2_L,L,531898,DNp04,DNp04_L,L,descending_neuron,18
29986,LPLC2,LPLC2_R,R,10001,DNp01,DNp01(GF)_R,R,descending_neuron,18
25209,LPLC2,LPLC2_L,L,531898,DNp04,DNp04_L,L,descending_neuron,18
25209,LPLC2,LPLC2_L,L,10361,DNg40,DNg40(hb5813056435)_L,L,descending_neuron,18
20535,LPLC2,LPLC2_R,R,11137,DNp04,DNp04_R,R,descending_neuron,18
17987,LC4,LC4_R,R,10923,DNg40,DNg40(hb5813056435)_R,R,descending_neuron,18
19634,LC4,LC4_R,R,10989,DNp03,DNp03_R,R,descending_neuron,18
16917,LC4,LC4_L,L,10361,DNg40,DNg40(hb5813056435)_L,L,descending_neuron,18
518983,LC4,LC4_L,L,10228,DNp06,DNp06_L,L,descending_neuron,18
34845,LC4,LC4_L,L,10228,DNp06,DNp06_L,L,descending_neuron,18
20440,LC4,LC4_L,L,10752,DNp03,DNp03_L,L,descending_neuron,18
512366,LC4,LC4_L,L,10197,DNp02,DNp02_L,L,descending_neuron,18
20572,LC4,LC4_L,L,10752,DNp03,DNp03_L,L,descending_neuron,18
518016,LC4,LC4_L,L,10752,DNp03,DNp03_L,L,descending_neuron,18
31308,LC4,LC4_L,L,10259,DNp11,DNp11_L,L,descending_neuron,18
18396,LC4,LC4_L,L,10361,DNg40,DNg40(hb5813056435)_L,L,descending_neuron,18
517752,LC4,LC4_L,L,10752,DNp03,DNp03_L,L,descending_neuron,18
18478,LC4,LC4_L,L,10228,DNp06,DNp06_L,L,descending_neuron,18
27624,LC4,LC4_L,L,10197,DNp02,DNp02_L,L,descending_neuron,18
17054,LC4,LC4_R,R,10989,DNp03,DNp03_R,R,descending_neuron,18
20016,LC4,LC4_R,R,11020,DNp05,DNp05_R,R,descending_neuron,18
19420,LC4,LC4_R,R,11020,DNp05,DNp05_R,R,descending_neuron,18
16138,LC4,LC4_R,R,11020,DNp05,DNp05_R,R,descending_neuron,18
25253,LPLC2,LPLC2_R,R,10732,DNpe056,DNpe056(PVLP146)_R,R,descending_neuron,17
27023,LPLC2,LPLC2_L,L,531898,DNp04,DNp04_L,L,descending_neuron,17
29216,LPLC2,LPLC2_R,R,10923,DNg40,DNg40(hb5813056435)_R,R,descending_neuron,17
29216,LPLC2,LPLC2_R,R,10001,DNp01,DNp01(GF)_R,R,descending_neuron,17
20103,LPLC2,LPLC2_R,R,10923,DNg40,DNg40(hb5813056435)_R,R,descending_neuron,17
21769,LPLC2,LPLC2_R,R,10584,DNp06,DNp06_R,R,descending_neuron,17
531014,LPLC2,LPLC2_L,L,10361,DNg40,DNg40(hb5813056435)_L,L,descending_neuron,17
29702,LPLC2,LPLC2_L,L,531898,DNp04,DNp04_L,L,descending_neuron,17
33396,LPLC2,LPLC2_R,R,10732,DNpe056,DNpe056(PVLP146)_R,R,descending_neuron,17
19787,LPLC2,LPLC2_L,L,10417,DNp103,DNp103(PVLP119)_L,L,descending_neuron,17
134521,LPLC2,LPLC2_L,L,10417,DNp103,DNp103(PVLP119)_L,L,descending_neuron,17
134521,LPLC2,LPLC2_L,L,10361,DNg40,DNg40(hb5813056435)_L,L,descending_neuron,17
34051,LPLC2,LPLC2_L,L,10010,DNp01,DNp01(GF)_L,L,descending_neuron,17
20471,LPLC2,LPLC2_R,R,11137,DNp04,DNp04_R,R,descending_neuron,17
22557,LPLC2,LPLC2_L,L,519771,DNp71,DNp71(DNp09)_L,L,descending_neuron,17
25524,LPLC2,LPLC2_L,L,10361,DNg40,DNg40(hb5813056435)_L,L,descending_neuron,17
50287,LPLC2,LPLC2_R,R,10001,DNp01,DNp01(GF)_R,R,descending_neuron,17
34655,LPLC2,LPLC2_L,L,10223,DNpe056,DNpe056(PVLP146)_L,L,descending_neuron,17
21045,LPLC2,LPLC2_R,R,11137,DNp04,DNp04_R,R,descending_neuron,17
27471,LPLC2,LPLC2_R,R,11137,DNp04,DNp04_R,R,descending_neuron,17
27471,LPLC2,LPLC2_R,R,10001,DNp01,DNp01(GF)_R,R,descending_neuron,17
40841,LPLC2,LPLC2_L,L,10361,DNg40,DNg40(hb5813056435)_L,L,descending_neuron,17
21361,LPLC2,LPLC2_L,L,10417,DNp103,DNp103(PVLP119)_L,L,descending_neuron,17
20329,LPLC2,LPLC2_L,L,10361,DNg40,DNg40(hb5813056435)_L,L,descending_neuron,17
129687,LPLC2,LPLC2_L,L,10361,DNg40,DNg40(hb5813056435)_L,L,descending_neuron,17
25209,LPLC2,LPLC2_L,L,10223,DNpe056,DNpe056(PVLP146)_L,L,descending_neuron,17
29319,LPLC2,LPLC2_L,L,10010,DNp01,DNp01(GF)_L,L,descending_neuron,17
13132,LPLC2,LPLC2_L,L,10449,DNpe025,DNpe025(PVLP145)_L,L,descending_neuron,17
40811,LPLC2,LPLC2_L,L,10010,DNp01,DNp01(GF)_L,L,descending_neuron,17
520449,LC4,LC4_L,L,524001,DNp05,DNp05_L,L,descending_neuron,17
17548,LC4,LC4_R,R,11020,DNp05,DNp05_R,R,descending_neuron,17
27829,LC4,LC4_L,L,10752,DNp03,DNp03_L,L,descending_neuron,17
34845,LC4,LC4_L,L,10361,DNg40,DNg40(hb5813056435)_L,L,descending_neuron,17
31301,LC4,LC4_L,L,10361,DNg40,DNg40(hb5813056435)_L,L,descending_neuron,17
29469,LC4,LC4_L,L,10228,DNp06,DNp06_L,L,descending_neuron,17
17608,LC4,LC4_L,L,10228,DNp06,DNp06_L,L,descending_neuron,17
77614,LC4,LC4_L,L,10259,DNp11,DNp11_L,L,descending_neuron,17
22328,LC4,LC4_R,R,10989,DNp03,DNp03_R,R,descending_neuron,17
111787,LC4,LC4_L,L,10197,DNp02,DNp02_L,L,descending_neuron,17
17054,LC4,LC4_R,R,11020,DNp05,DNp05_R,R,descending_neuron,17
22218,LPLC2,LPLC2_R,R,10601,DNpe025,DNpe025(PVLP145)_R,R,descending_neuron,16
33303,LPLC2,LPLC2_L,L,10228,DNp06,DNp06_L,L,descending_neuron,16
24118,LPLC2,LPLC2_R,R,10732,DNpe056,DNpe056(PVLP146)_R,R,descending_neuron,16
33406,LPLC2,LPLC2_L,L,531898,DNp04,DNp04_L,L,descending_neuron,16
33406,LPLC2,LPLC2_L,L,10361,DNg40,DNg40(hb5813056435)_L,L,descending_neuron,16
21769,LPLC2,LPLC2_R,R,10558,DNp35,DNp35(PVLP136)_R,R,descending_neuron,16
55627,LPLC2,LPLC2_R,R,10001,DNp01,DNp01(GF)_R,R,descending_neuron,16
29873,LPLC2,LPLC2_R,R,10001,DNp01,DNp01(GF)_R,R,descending_neuron,16
25316,LPLC2,LPLC2_R,R,11159,DNp71,DNp71(DNp09)_R,R,descending_neuron,16
28188,LPLC2,LPLC2_L,L,10361,DNg40,DNg40(hb5813056435)_L,L,descending_neuron,16
34110,LPLC2,LPLC2_R,R,10001,DNp01,DNp01(GF)_R,R,descending_neuron,16
13726,LPLC2,LPLC2_L,L,519771,DNp71,DNp71(DNp09)_L,L,descending_neuron,16
26393,LPLC2,LPLC2_R,R,10732,DNpe056,DNpe056(PVLP146)_R,R,descending_neuron,16
19787,LPLC2,LPLC2_L,L,10361,DNg40,DNg40(hb5813056435)_L,L,descending_neuron,16
20269,LPLC2,LPLC2_R,R,11137,DNp04,DNp04_R,R,descending_neuron,16
34051,LPLC2,LPLC2_L,L,10361,DNg40,DNg40(hb5813056435)_L,L,descending_neuron,16
19589,LPLC2,LPLC2_R,R,10584,DNp06,DNp06_R,R,descending_neuron,16
19608,LPLC2,LPLC2_R,R,11137,DNp04,DNp04_R,R,descending_neuron,16
31105,LPLC2,LPLC2_L,L,10223,DNpe056,DNpe056(PVLP146)_L,L,descending_neuron,16
13764,LPLC2,LPLC2_L,L,10449,DNpe025,DNpe025(PVLP145)_L,L,descending_neuron,16
22557,LPLC2,LPLC2_L,L,10417,DNp103,DNp103(PVLP119)_L,L,descending_neuron,16
22557,LPLC2,LPLC2_L,L,10223,DNpe056,DNpe056(PVLP146)_L,L,descending_neuron,16
27355,LPLC2,LPLC2_L,L,10228,DNp06,DNp06_L,L,descending_neuron,16
517819,LPLC2,LPLC2_L,L,10361,DNg40,DNg40(hb5813056435)_L,L,descending_neuron,16
25854,LPLC2,LPLC2_L,L,531898,DNp04,DNp04_L,L,descending_neuron,16
29815,LPLC2,LPLC2_L,L,10417,DNp103,DNp103(PVLP119)_L,L,descending_neuron,16
29815,LPLC2,LPLC2_L,L,10361,DNg40,DNg40(hb5813056435)_L,L,descending_neuron,16
21318,LPLC2,LPLC2_R,R,10558,DNp35,DNp35(PVLP136)_R,R,descending_neuron,16
18929,LPLC2,LPLC2_R,R,10558,DNp35,DNp35(PVLP136)_R,R,descending_neuron,16
31257,LPLC2,LPLC2_R,R,10732,DNpe056,DNpe056(PVLP146)_R,R,descending_neuron,16
40841,LPLC2,LPLC2_L,L,10417,DNp103,DNp103(PVLP119)_L,L,descending_neuron,16
100103,LPLC2,LPLC2_L,L,10417,DNp103,DNp103(PVLP119)_L,L,descending_neuron,16
517079,LPLC2,LPLC2_L,L,519771,DNp71,DNp71(DNp09)_L,L,descending_neuron,16
24800,LPLC2,LPLC2_R,R,11137,DNp04,DNp04_R,R,descending_neuron,16
25209,LPLC2,LPLC2_L,L,10417,DNp103,DNp103(PVLP119)_L,L,descending_neuron,16
33439,LPLC2,LPLC2_R,R,10283,DNp103,DNp103(PVLP119)_R,R,descending_neuron,16
20859,LC4,LC4_L,L,10228,DNp06,DNp06_L,L,descending_neuron,16
31262,LC4,LC4_R,R,10989,DNp03,DNp03_R,R,descending_neuron,16
31262,LC4,LC4_R,R,10923,DNg40,DNg40(hb5813056435)_R,R,descending_neuron,16
12349,LC4,LC4_L,L,10228,DNp06,DNp06_L,L,descending_neuron,16
22975,LC4,LC4_R,R,10923,DNg40,DNg40(hb5813056435)_R,R,descending_neuron,16
20967,LC4,LC4_L,L,10752,DNp03,DNp03_L,L,descending_neuron,16
27750,LC4,LC4_L,L,10361,DNg40,DNg40(hb5813056435)_L,L,descending_neuron,16
533129,LC4,LC4_L,L,524001,DNp05,DNp05_L,L,descending_neuron,16
20282,LC4,LC4_R,R,10923,DNg40,DNg40(hb5813056435)_R,R,descending_neuron,16
519650,LC4,LC4_L,L,10752,DNp03,DNp03_L,L,descending_neuron,16
527408,LC4,LC4_R,R,10923,DNg40,DNg40(hb5813056435)_R,R,descending_neuron,16
107513,LC4,LC4_L,L,10228,DNp06,DNp06_L,L,descending_neuron,16
20542,LC4,LC4_R,R,11020,DNp05,DNp05_R,R,descending_neuron,16
100485,LC4,LC4_L,L,10197,DNp02,DNp02_L,L,descending_neuron,16
27716,LPLC2,LPLC2_L,L,10223,DNpe056,DNpe056(PVLP146)_L,L,descending_neuron,15
17880,LPLC2,LPLC2_L,L,10010,DNp01,DNp01(GF)_L,L,descending_neuron,15
35294,LPLC2,LPLC2_L,L,10417,DNp103,DNp103(PVLP119)_L,L,descending_neuron,15
14102,LPLC2,LPLC2_L,L,10449,DNpe025,DNpe025(PVLP145)_L,L,descending_neuron,15
11498,LPLC2,LPLC2_L,L,10417,DNp103,DNp103(PVLP119)_L,L,descending_neuron,15
33303,LPLC2,LPLC2_L,L,10223,DNpe056,DNpe056(PVLP146)_L,L,descending_neuron,15
21299,LPLC2,LPLC2_L,L,10449,DNpe025,DNpe025(PVLP145)_L,L,descending_neuron,15
22677,LPLC2,LPLC2_R,R,10558,DNp35,DNp35(PVLP136)_R,R,descending_neuron,15
27796,LPLC2,LPLC2_L,L,10361,DNg40,DNg40(hb5813056435)_L,L,descending_neuron,15
28011,LPLC2,LPLC2_L,L,10417,DNp103,DNp103(PVLP119)_L,L,descending_neuron,15
20103,LPLC2,LPLC2_R,R,11159,DNp71,DNp71(DNp09)_R,R,descending_neuron,15
25316,LPLC2,LPLC2_R,R,10558,DNp35,DNp35(PVLP136)_R,R,descending_neuron,15
20047,LPLC2,LPLC2_R,R,10923,DNg40,DNg40(hb5813056435)_R,R,descending_neuron,15
34681,LPLC2,LPLC2_R,R,10923,DNg40,DNg40(hb5813056435)_R,R,descending_neuron,15
34681,LPLC2,LPLC2_R,R,10584,DNp06,DNp06_R,R,descending_neuron,15
25286,LPLC2,LPLC2_L,L,519771,DNp71,DNp71(DNp09)_L,L,descending_neuron,15
28188,LPLC2,LPLC2_L,L,10223,DNpe056,DNpe056(PVLP146)_L,L,descending_neuron,15
29183,LPLC2,LPLC2_R,R,10584,DNp06,DNp06_R,R,descending_neuron,15
19787,LPLC2,LPLC2_L,L,531898,DNp04,DNp04_L,L,descending_neuron,15
23919,LPLC2,LPLC2_L,L,10417,DNp103,DNp103(PVLP119)_L,L,descending_neuron,15
23919,LPLC2,LPLC2_L,L,10223,DNpe056,DNpe056(PVLP146)_L,L,descending_neuron,15
31105,LPLC2,LPLC2_L,L,10361,DNg40,DNg40(hb5813056435)_L,L,descending_neuron,15
13764,LPLC2,LPLC2_L,L,10228,DNp06,DNp06_L,L,descending_neuron,15
25497,LPLC2,LPLC2_R,R,11137,DNp04,DNp04_R,R,descending_neuron,15
25136,LPLC2,LPLC2_L,L,10010,DNp01,DNp01(GF)_L,L,descending_neuron,15
20240,LPLC2,LPLC2_L,L,10449,DNpe025,DNpe025(PVLP145)_L,L,descending_neuron,15
32507,LPLC2,LPLC2_R,R,11137,DNp04,DNp04_R,R,descending_neuron,15
29287,LPLC2,LPLC2_R,R,10732,DNpe056,DNpe056(PVLP146)_R,R,descending_neuron,15
20799,LPLC2,LPLC2_L,L,10361,DNg40,DNg40(hb5813056435)_L,L,descending_neuron,15
27399,LPLC2,LPLC2_L,L,10417,DNp103,DNp103(PVLP119)_L,L,descending_neuron,15
20182,LPLC2,LPLC2_R,R,10283,DNp103,DNp103(PVLP119)_R,R,descending_neuron,15
21899,LPLC2,LPLC2_R,R,10001,DNp01,DNp01(GF)_R,R,descending_neuron,15
23550,LPLC2,LPLC2_L,L,10417,DNp103,DNp103(PVLP119)_L,L,descending_neuron,15
100103,LPLC2,LPLC2_L,L,10449,DNpe025,DNpe025(PVLP145)_L,L,descending_neuron,15
525844,LPLC2,LPLC2_L,L,10361,DNg40,DNg40(hb5813056435)_L,L,descending_neuron,15
525844,LPLC2,LPLC2_L,L,10223,DNpe056,DNpe056(PVLP146)_L,L,descending_neuron,15
20329,LPLC2,LPLC2_L,L,10417,DNp103,DNp103(PVLP119)_L,L,descending_neuron,15
28003,LPLC2,LPLC2_R,R,10584,DNp06,DNp06_R,R,descending_neuron,15
517078,LPLC2,LPLC2_L,L,10010,DNp01,DNp01(GF)_L,L,descending_neuron,15
17987,LC4,LC4_R,R,11020,DNp05,DNp05_R,R,descending_neuron,15
28945,LC4,LC4_R,R,10117,DNp02,DNp02_R,R,descending_neuron,15
532254,LC4,LC4_L,L,524001,DNp05,DNp05_L,L,descending_neuron,15
31262,LC4,LC4_R,R,10117,DNp02,DNp02_R,R,descending_neuron,15
30480,LC4,LC4_R,R,10989,DNp03,DNp03_R,R,descending_neuron,15
526286,LC4,LC4_L,L,524001,DNp05,DNp05_L,L,descending_neuron,15
21287,LC4,LC4_R,R,10989,DNp03,DNp03_R,R,descending_neuron,15
20399,LC4,LC4_R,R,10923,DNg40,DNg40(hb5813056435)_R,R,descending_neuron,15
31429,LC4,LC4_L,L,10259,DNp11,DNp11_L,L,descending_neuron,15
20588,LC4,LC4_R,R,10584,DNp06,DNp06_R,R,descending_neuron,15
27624,LC4,LC4_L,L,10228,DNp06,DNp06_L,L,descending_neuron,15
21336,LC4,LC4_R,R,10584,DNp06,DNp06_R,R,descending_neuron,15
21313,LC4,LC4_R,R,10989,DNp03,DNp03_R,R,descending_neuron,15
20334,LPLC2,LPLC2_R,R,10001,DNp01,DNp01(GF)_R,R,descending_neuron,14
24605,LPLC2,LPLC2_L,L,10449,DNpe025,DNpe025(PVLP145)_L,L,descending_neuron,14
24605,LPLC2,LPLC2_L,L,10228,DNp06,DNp06_L,L,descending_neuron,14
18936,LPLC2,LPLC2_L,L,519771,DNp71,DNp71(DNp09)_L,L,descending_neuron,14
18936,LPLC2,LPLC2_L,L,10234,DNp35,DNp35(PVLP136)_L,L,descending_neuron,14
33185,LPLC2,LPLC2_R,R,10283,DNp103,DNp103(PVLP119)_R,R,descending_neuron,14
14102,LPLC2,LPLC2_L,L,10228,DNp06,DNp06_L,L,descending_neuron,14
22218,LPLC2,LPLC2_R,R,10001,DNp01,DNp01(GF)_R,R,descending_neuron,14
11498,LPLC2,LPLC2_L,L,519771,DNp71,DNp71(DNp09)_L,L,descending_neuron,14
41097,LPLC2,LPLC2_L,L,531898,DNp04,DNp04_L,L,descending_neuron,14
41097,LPLC2,LPLC2_L,L,10361,DNg40,DNg40(hb5813056435)_L,L,descending_neuron,14
24308,LPLC2,LPLC2_L,L,531898,DNp04,DNp04_L,L,descending_neuron,14
22677,LPLC2,LPLC2_R,R,10584,DNp06,DNp06_R,R,descending_neuron,14
30207,LPLC2,LPLC2_R,R,11137,DNp04,DNp04_R,R,descending_neuron,14
30207,LPLC2,LPLC2_R,R,10923,DNg40,DNg40(hb5813056435)_R,R,descending_neuron,14
23878,LPLC2,LPLC2_R,R,10732,DNpe056,DNpe056(PVLP146)_R,R,descending_neuron,14
28011,LPLC2,LPLC2_L,L,531898,DNp04,DNp04_L,L,descending_neuron,14
524366,LPLC2,LPLC2_L,L,10223,DNpe056,DNpe056(PVLP146)_L,L,descending_neuron,14
35838,LPLC2,LPLC2_R,R,10584,DNp06,DNp06_R,R,descending_neuron,14
28188,LPLC2,LPLC2_L,L,10417,DNp103,DNp103(PVLP119)_L,L,descending_neuron,14
23919,LPLC2,LPLC2_L,L,531898,DNp04,DNp04_L,L,descending_neuron,14
34051,LPLC2,LPLC2_L,L,531898,DNp04,DNp04_L,L,descending_neuron,14
19249,LPLC2,LPLC2_R,R,11159,DNp71,DNp71(DNp09)_R,R,descending_neuron,14
19608,LPLC2,LPLC2_R,R,11159,DNp71,DNp71(DNp09)_R,R,descending_neuron,14
21703,LPLC2,LPLC2_R,R,10001,DNp01,DNp01(GF)_R,R,descending_neuron,14
20471,LPLC2,LPLC2_R,R,10732,DNpe056,DNpe056(PVLP146)_R,R,descending_neuron,14
22557,LPLC2,LPLC2_L,L,10361,DNg40,DNg40(hb5813056435)_L,L,descending_neuron,14
32737,LPLC2,LPLC2_L,L,10361,DNg40,DNg40(hb5813056435)_L,L,descending_neuron,14
30041,LPLC2,LPLC2_R,R,10732,DNpe056,DNpe056(PVLP146)_R,R,descending_neuron,14
25854,LPLC2,LPLC2_L,L,10361,DNg40,DNg40(hb5813056435)_L,L,descending_neuron,14
17990,LPLC2,LPLC2_L,L,519771,DNp71,DNp71(DNp09)_L,L,descending_neuron,14
29815,LPLC2,LPLC2_L,L,10228,DNp06,DNp06_L,L,descending_neuron,14
21318,LPLC2,LPLC2_R,R,10584,DNp06,DNp06_R,R,descending_neuron,14
536444,LPLC2,LPLC2_L,L,10223,DNpe056,DNpe056(PVLP146)_L,L,descending_neuron,14
34655,LPLC2,LPLC2_L,L,10417,DNp103,DNp103(PVLP119)_L,L,descending_neuron,14
21045,LPLC2,LPLC2_R,R,10923,DNg40,DNg40(hb5813056435)_R,R,descending_neuron,14
33694,LPLC2,LPLC2_R,R,10732,DNpe056,DNpe056(PVLP146)_R,R,descending_neuron,14
21562,LPLC2,LPLC2_R,R,11137,DNp04,DNp04_R,R,descending_neuron,14
29598,LPLC2,LPLC2_R,R,10732,DNpe056,DNpe056(PVLP146)_R,R,descending_neuron,14
29598,LPLC2,LPLC2_R,R,10001,DNp01,DNp01(GF)_R,R,descending_neuron,14
25575,LPLC2,LPLC2_L,L,10234,DNp35,DNp35(PVLP136)_L,L,descending_neuron,14
25636,LPLC2,LPLC2_R,R,11137,DNp04,DNp04_R,R,descending_neuron,14
26416,LPLC2,LPLC2_L,L,10361,DNg40,DNg40(hb5813056435)_L,L,descending_neuron,14
20329,LPLC2,LPLC2_L,L,519771,DNp71,DNp71(DNp09)_L,L,descending_neuron,14
19549,LPLC2,LPLC2_R,R,10584,DNp06,DNp06_R,R,descending_neuron,14
129687,LPLC2,LPLC2_L,L,531898,DNp04,DNp04_L,L,descending_neuron,14
29319,LPLC2,LPLC2_L,L,10361,DNg40,DNg40(hb5813056435)_L,L,descending_neuron,14
19543,LC4,LC4_R,R,10923,DNg40,DNg40(hb5813056435)_R,R,descending_neuron,14
17926,LC4,LC4_R,R,11020,DNp05,DNp05_R,R,descending_neuron,14
20440,LC4,LC4_L,L,10228,DNp06,DNp06_L,L,descending_neuron,14
35616,LC4,LC4_L,L,10259,DNp11,DNp11_L,L,descending_neuron,14
30803,LC4,LC4_R,R,10923,DNg40,DNg40(hb5813056435)_R,R,descending_neuron,14
32597,LC4,LC4_L,L,10361,DNg40,DNg40(hb5813056435)_L,L,descending_neuron,14
33137,LC4,LC4_L,L,524001,DNp05,DNp05_L,L,descending_neuron,14
33137,LC4,LC4_L,L,10752,DNp03,DNp03_L,L,descending_neuron,14
27750,LC4,LC4_L,L,10197,DNp02,DNp02_L,L,descending_neuron,14
77614,LC4,LC4_L,L,10228,DNp06,DNp06_L,L,descending_neuron,14
26112,LC4,LC4_R,R,11020,DNp05,DNp05_R,R,descending_neuron,14
26112,LC4,LC4_R,R,10117,DNp02,DNp02_R,R,descending_neuron,14
35262,LC4,LC4_L,L,10361,DNg40,DNg40(hb5813056435)_L,L,descending_neuron,14
23202,LC4,LC4_L,L,524001,DNp05,DNp05_L,L,descending_neuron,14
16128,LC4,LC4_R,R,10989,DNp03,DNp03_R,R,descending_neuron,14
19550,LC4,LC4_R,R,11020,DNp05,DNp05_R,R,descending_neuron,14
107513,LC4,LC4_L,L,10361,DNg40,DNg40(hb5813056435)_L,L,descending_neuron,14
17364,LC4,LC4_R,R,10989,DNp03,DNp03_R,R,descending_neuron,14
14102,LPLC2,LPLC2_L,L,519771,DNp71,DNp71(DNp09)_L,L,descending_neuron,13
31563,LPLC2,LPLC2_L,L,531898,DNp04,DNp04_L,L,descending_neuron,13
30893,LPLC2,LPLC2_L,L,10783,DNp09,DNp09_L,L,descending_neuron,13
24308,LPLC2,LPLC2_L,L,519771,DNp71,DNp71(DNp09)_L,L,descending_neuron,13
30207,LPLC2,LPLC2_R,R,10601,DNpe025,DNpe025(PVLP145)_R,R,descending_neuron,13
24118,LPLC2,LPLC2_R,R,11137,DNp04,DNp04_R,R,descending_neuron,13
27796,LPLC2,LPLC2_L,L,10223,DNpe056,DNpe056(PVLP146)_L,L,descending_neuron,13
524366,LPLC2,LPLC2_L,L,10417,DNp103,DNp103(PVLP119)_L,L,descending_neuron,13
30895,LPLC2,LPLC2_L,L,10223,DNpe056,DNpe056(PVLP146)_L,L,descending_neuron,13
25316,LPLC2,LPLC2_R,R,11334,DNpe045,DNpe045(DNp23)_R,R,descending_neuron,13
531014,LPLC2,LPLC2_L,L,531898,DNp04,DNp04_L,L,descending_neuron,13
531014,LPLC2,LPLC2_L,L,10091,DNpe042,DNpe042(CL262)_L,L,descending_neuron,13
21808,LPLC2,LPLC2_R,R,10584,DNp06,DNp06_R,R,descending_neuron,13
29183,LPLC2,LPLC2_R,R,10001,DNp01,DNp01(GF)_R,R,descending_neuron,13
30512,LPLC2,LPLC2_L,L,10361,DNg40,DNg40(hb5813056435)_L,L,descending_neuron,13
12384,LPLC2,LPLC2_L,L,10234,DNp35,DNp35(PVLP136)_L,L,descending_neuron,13
17544,LPLC2,LPLC2_L,L,10223,DNpe056,DNpe056(PVLP146)_L,L,descending_neuron,13
22253,LPLC2,LPLC2_L,L,519771,DNp71,DNp71(DNp09)_L,L,descending_neuron,13
23919,LPLC2,LPLC2_L,L,10228,DNp06,DNp06_L,L,descending_neuron,13
34051,LPLC2,LPLC2_L,L,10417,DNp103,DNp103(PVLP119)_L,L,descending_neuron,13
19249,LPLC2,LPLC2_R,R,10584,DNp06,DNp06_R,R,descending_neuron,13
19249,LPLC2,LPLC2_R,R,10558,DNp35,DNp35(PVLP136)_R,R,descending_neuron,13
31105,LPLC2,LPLC2_L,L,10091,DNpe042,DNpe042(CL262)_L,L,descending_neuron,13
21703,LPLC2,LPLC2_R,R,10601,DNpe025,DNpe025(PVLP145)_R,R,descending_neuron,13
25136,LPLC2,LPLC2_L,L,531898,DNp04,DNp04_L,L,descending_neuron,13
24568,LPLC2,LPLC2_L,L,10361,DNg40,DNg40(hb5813056435)_L,L,descending_neuron,13
34655,LPLC2,LPLC2_L,L,10361,DNg40,DNg40(hb5813056435)_L,L,descending_neuron,13
33965,LPLC2,LPLC2_L,L,10223,DNpe056,DNpe056(PVLP146)_L,L,descending_neuron,13
21045,LPLC2,LPLC2_R,R,10584,DNp06,DNp06_R,R,descending_neuron,13
37925,LPLC2,LPLC2_R,R,10732,DNpe056,DNpe056(PVLP146)_R,R,descending_neuron,13
34372,LPLC2,LPLC2_R,R,10923,DNg40,DNg40(hb5813056435)_R,R,descending_neuron,13
29753,LPLC2,LPLC2_L,L,10417,DNp103,DNp103(PVLP119)_L,L,descending_neuron,13
29753,LPLC2,LPLC2_L,L,10361,DNg40,DNg40(hb5813056435)_L,L,descending_neuron,13
29753,LPLC2,LPLC2_L,L,10223,DNpe056,DNpe056(PVLP146)_L,L,descending_neuron,13
27471,LPLC2,LPLC2_R,R,10584,DNp06,DNp06_R,R,descending_neuron,13
30938,LPLC2,LPLC2_R,R,10732,DNpe056,DNpe056(PVLP146)_R,R,descending_neuron,13
29014,LPLC2,LPLC2_R,R,11137,DNp04,DNp04_R,R,descending_neuron,13
40841,LPLC2,LPLC2_L,L,10228,DNp06,DNp06_L,L,descending_neuron,13
17059,LPLC2,LPLC2_L,L,519771,DNp71,DNp71(DNp09)_L,L,descending_neuron,13
525844,LPLC2,LPLC2_L,L,10783,DNp09,DNp09_L,L,descending_neuron,13
14465,LPLC2,LPLC2_R,R,10601,DNpe025,DNpe025(PVLP145)_R,R,descending_neuron,13
26416,LPLC2,LPLC2_L,L,10010,DNp01,DNp01(GF)_L,L,descending_neuron,13
31988,LPLC2,LPLC2_R,R,10732,DNpe056,DNpe056(PVLP146)_R,R,descending_neuron,13
19146,LPLC2,LPLC2_R,R,10601,DNpe025,DNpe025(PVLP145)_R,R,descending_neuron,13
19549,LPLC2,LPLC2_R,R,11159,DNp71,DNp71(DNp09)_R,R,descending_neuron,13
29986,LPLC2,LPLC2_R,R,11137,DNp04,DNp04_R,R,descending_neuron,13
33439,LPLC2,LPLC2_R,R,10732,DNpe056,DNpe056(PVLP146)_R,R,descending_neuron,13
111903,LPLC2,LPLC2_L,L,531898,DNp04,DNp04_L,L,descending_neuron,13
29319,LPLC2,LPLC2_L,L,10223,DNpe056,DNpe056(PVLP146)_L,L,descending_neuron,13
13132,LPLC2,LPLC2_L,L,519771,DNp71,DNp71(DNp09)_L,L,descending_neuron,13
13132,LPLC2,LPLC2_L,L,10417,DNp103,DNp103(PVLP119)_L,L,descending_neuron,13
511914,LC4,LC4_L,L,524001,DNp05,DNp05_L,L,descending_neuron,13
19543,LC4,LC4_R,R,10989,DNp03,DNp03_R,R,descending_neuron,13
19543,LC4,LC4_R,R,10283,DNp103,DNp103(PVLP119)_R,R,descending_neuron,13
17548,LC4,LC4_R,R,10989,DNp03,DNp03_R,R,descending_neuron,13
21721,LC4,LC4_L,L,10228,DNp06,DNp06_L,L,descending_neuron,13
16917,LC4,LC4_L,L,10752,DNp03,DNp03_L,L,descending_neuron,13
512705,LC4,LC4_L,L,10259,DNp11,DNp11_L,L,descending_neuron,13
23929,LC4,LC4_R,R,10989,DNp03,DNp03_R,R,descending_neuron,13
20399,LC4,LC4_R,R,10989,DNp03,DNp03_R,R,descending_neuron,13
19794,LC4,LC4_R,R,10989,DNp03,DNp03_R,R,descending_neuron,13
20917,LC4,LC4_R,R,10989,DNp03,DNp03_R,R,descending_neuron,13
23392,LC4,LC4_R,R,10584,DNp06,DNp06_R,R,descending_neuron,13
21225,LC4,LC4_R,R,10989,DNp03,DNp03_R,R,descending_neuron,13
29514,LC4,LC4_L,L,10752,DNp03,DNp03_L,L,descending_neuron,13
22922,LC4,LC4_L,L,10752,DNp03,DNp03_L,L,descending_neuron,13
26112,LC4,LC4_R,R,10989,DNp03,DNp03_R,R,descending_neuron,13
519650,LC4,LC4_L,L,10228,DNp06,DNp06_L,L,descending_neuron,13
12824,LC4,LC4_L,L,10228,DNp06,DNp06_L,L,descending_neuron,13
23202,LC4,LC4_L,L,10228,DNp06,DNp06_L,L,descending_neuron,13
20016,LC4,LC4_R,R,10989,DNp03,DNp03_R,R,descending_neuron,13
20016,LC4,LC4_R,R,10584,DNp06,DNp06_R,R,descending_neuron,13
29563,LC4,LC4_R,R,10923,DNg40,DNg40(hb5813056435)_R,R,descending_neuron,13
37587,LC4,LC4_L,L,10361,DNg40,DNg40(hb5813056435)_L,L,descending_neuron,13
24605,LPLC2,LPLC2_L,L,519771,DNp71,DNp71(DNp09)_L,L,descending_neuron,12
35294,LPLC2,LPLC2_L,L,531898,DNp04,DNp04_L,L,descending_neuron,12
31563,LPLC2,LPLC2_L,L,10228,DNp06,DNp06_L,L,descending_neuron,12
27023,LPLC2,LPLC2_L,L,10228,DNp06,DNp06_L,L,descending_neuron,12
11498,LPLC2,LPLC2_L,L,10228,DNp06,DNp06_L,L,descending_neuron,12
26915,LPLC2,LPLC2_R,R,10732,DNpe056,DNpe056(PVLP146)_R,R,descending_neuron,12
24308,LPLC2,LPLC2_L,L,10361,DNg40,DNg40(hb5813056435)_L,L,descending_neuron,12
24308,LPLC2,LPLC2_L,L,10223,DNpe056,DNpe056(PVLP146)_L,L,descending_neuron,12
17551,LPLC2,LPLC2_R,R,11159,DNp71,DNp71(DNp09)_R,R,descending_neuron,12
17551,LPLC2,LPLC2_R,R,10601,DNpe025,DNpe025(PVLP145)_R,R,descending_neuron,12
33406,LPLC2,LPLC2_L,L,10417,DNp103,DNp103(PVLP119)_L,L,descending_neuron,12
21769,LPLC2,LPLC2_R,R,10001,DNp01,DNp01(GF)_R,R,descending_neuron,12
19830,LPLC2,LPLC2_L,L,10010,DNp01,DNp01(GF)_L,L,descending_neuron,12
55627,LPLC2,LPLC2_R,R,10923,DNg40,DNg40(hb5813056435)_R,R,descending_neuron,12
15804,LPLC2,LPLC2_L,L,10417,DNp103,DNp103(PVLP119)_L,L,descending_neuron,12
29702,LPLC2,LPLC2_L,L,519771,DNp71,DNp71(DNp09)_L,L,descending_neuron,12
21808,LPLC2,LPLC2_R,R,11159,DNp71,DNp71(DNp09)_R,R,descending_neuron,12
29183,LPLC2,LPLC2_R,R,11137,DNp04,DNp04_R,R,descending_neuron,12
25267,LPLC2,LPLC2_R,R,10558,DNp35,DNp35(PVLP136)_R,R,descending_neuron,12
27566,LPLC2,LPLC2_R,R,11137,DNp04,DNp04_R,R,descending_neuron,12
29391,LPLC2,LPLC2_R,R,12628,DNpe042,DNpe042(CL262)_R,R,descending_neuron,12
19911,LPLC2,LPLC2_L,L,531898,DNp04,DNp04_L,L,descending_neuron,12
19911,LPLC2,LPLC2_L,L,10228,DNp06,DNp06_L,L,descending_neuron,12
24840,LPLC2,LPLC2_L,L,10361,DNg40,DNg40(hb5813056435)_L,L,descending_neuron,12
20584,LPLC2,LPLC2_R,R,11159,DNp71,DNp71(DNp09)_R,R,descending_neuron,12
22557,LPLC2,LPLC2_L,L,10228,DNp06,DNp06_L,L,descending_neuron,12
30041,LPLC2,LPLC2_R,R,10001,DNp01,DNp01(GF)_R,R,descending_neuron,12
20749,LPLC2,LPLC2_R,R,10001,DNp01,DNp01(GF)_R,R,descending_neuron,12
19229,LPLC2,LPLC2_R,R,10601,DNpe025,DNpe025(PVLP145)_R,R,descending_neuron,12
29815,LPLC2,LPLC2_L,L,10223,DNpe056,DNpe056(PVLP146)_L,L,descending_neuron,12
20240,LPLC2,LPLC2_L,L,10234,DNp35,DNp35(PVLP136)_L,L,descending_neuron,12
20240,LPLC2,LPLC2_L,L,10228,DNp06,DNp06_L,L,descending_neuron,12
26528,LPLC2,LPLC2_L,L,531898,DNp04,DNp04_L,L,descending_neuron,12
33965,LPLC2,LPLC2_L,L,531898,DNp04,DNp04_L,L,descending_neuron,12
29287,LPLC2,LPLC2_R,R,10584,DNp06,DNp06_R,R,descending_neuron,12
25572,LPLC2,LPLC2_L,L,531898,DNp04,DNp04_L,L,descending_neuron,12
25572,LPLC2,LPLC2_L,L,519771,DNp71,DNp71(DNp09)_L,L,descending_neuron,12
25572,LPLC2,LPLC2_L,L,10228,DNp06,DNp06_L,L,descending_neuron,12
31257,LPLC2,LPLC2_R,R,11137,DNp04,DNp04_R,R,descending_neuron,12
32223,LPLC2,LPLC2_L,L,10361,DNg40,DNg40(hb5813056435)_L,L,descending_neuron,12
40841,LPLC2,LPLC2_L,L,10223,DNpe056,DNpe056(PVLP146)_L,L,descending_neuron,12
21899,LPLC2,LPLC2_R,R,10601,DNpe025,DNpe025(PVLP145)_R,R,descending_neuron,12
23550,LPLC2,LPLC2_L,L,10223,DNpe056,DNpe056(PVLP146)_L,L,descending_neuron,12
29598,LPLC2,LPLC2_R,R,11137,DNp04,DNp04_R,R,descending_neuron,12
17059,LPLC2,LPLC2_L,L,10010,DNp01,DNp01(GF)_L,L,descending_neuron,12
517079,LPLC2,LPLC2_L,L,10223,DNpe056,DNpe056(PVLP146)_L,L,descending_neuron,12
28003,LPLC2,LPLC2_R,R,10923,DNg40,DNg40(hb5813056435)_R,R,descending_neuron,12
95241,LPLC2,LPLC2_L,L,10449,DNpe025,DNpe025(PVLP145)_L,L,descending_neuron,12
111903,LPLC2,LPLC2_L,L,519771,DNp71,DNp71(DNp09)_L,L,descending_neuron,12
31964,LPLC2,LPLC2_R,R,10584,DNp06,DNp06_R,R,descending_neuron,12
19954,LC4,LC4_R,R,10989,DNp03,DNp03_R,R,descending_neuron,12
20859,LC4,LC4_L,L,10259,DNp11,DNp11_L,L,descending_neuron,12
23098,LC4,LC4_R,R,11020,DNp05,DNp05_R,R,descending_neuron,12
23098,LC4,LC4_R,R,10584,DNp06,DNp06_R,R,descending_neuron,12
17478,LC4,LC4_L,L,10259,DNp11,DNp11_L,L,descending_neuron,12
24523,LC4,LC4_L,L,10228,DNp06,DNp06_L,L,descending_neuron,12
20967,LC4,LC4_L,L,10228,DNp06,DNp06_L,L,descending_neuron,12
35616,LC4,LC4_L,L,10752,DNp03,DNp03_L,L,descending_neuron,12
31301,LC4,LC4_L,L,10228,DNp06,DNp06_L,L,descending_neuron,12
18189,LC4,LC4_R,R,10584,DNp06,DNp06_R,R,descending_neuron,12
31308,LC4,LC4_L,L,10752,DNp03,DNp03_L,L,descending_neuron,12
17270,LC4,LC4_L,L,10259,DNp11,DNp11_L,L,descending_neuron,12
17270,LC4,LC4_L,L,10228,DNp06,DNp06_L,L,descending_neuron,12
19794,LC4,LC4_R,R,10923,DNg40,DNg40(hb5813056435)_R,R,descending_neuron,12
22772,LC4,LC4_L,L,524001,DNp05,DNp05_L,L,descending_neuron,12
20917,LC4,LC4_R,R,11020,DNp05,DNp05_R,R,descending_neuron,12
22194,LC4,LC4_R,R,10584,DNp06,DNp06_R,R,descending_neuron,12
23392,LC4,LC4_R,R,10989,DNp03,DNp03_R,R,descending_neuron,12
21225,LC4,LC4_R,R,10558,DNp35,DNp35(PVLP136)_R,R,descending_neuron,12
22328,LC4,LC4_R,R,10923,DNg40,DNg40(hb5813056435)_R,R,descending_neuron,12
517752,LC4,LC4_L,L,10228,DNp06,DNp06_L,L,descending_neuron,12
19260,LC4,LC4_R,R,10989,DNp03,DNp03_R,R,descending_neuron,12
21151,LC4,LC4_R,R,10584,DNp06,DNp06_R,R,descending_neuron,12
19420,LC4,LC4_R,R,10584,DNp06,DNp06_R,R,descending_neuron,12
19420,LC4,LC4_R,R,10106,DNp11,DNp11_R,R,descending_neuron,12
29563,LC4,LC4_R,R,10989,DNp03,DNp03_R,R,descending_neuron,12
26147,LPLC2,LPLC2_R,R,10732,DNpe056,DNpe056(PVLP146)_R,R,descending_neuron,11
27716,LPLC2,LPLC2_L,L,10361,DNg40,DNg40(hb5813056435)_L,L,descending_neuron,11
25253,LPLC2,LPLC2_R,R,11137,DNp04,DNp04_R,R,descending_neuron,11
35294,LPLC2,LPLC2_L,L,10010,DNp01,DNp01(GF)_L,L,descending_neuron,11
18672,LPLC2,LPLC2_R,R,11159,DNp71,DNp71(DNp09)_R,R,descending_neuron,11
31563,LPLC2,LPLC2_L,L,10223,DNpe056,DNpe056(PVLP146)_L,L,descending_neuron,11
514670,LPLC2,LPLC2_L,L,10449,DNpe025,DNpe025(PVLP145)_L,L,descending_neuron,11
27023,LPLC2,LPLC2_L,L,519771,DNp71,DNp71(DNp09)_L,L,descending_neuron,11
27023,LPLC2,LPLC2_L,L,10010,DNp01,DNp01(GF)_L,L,descending_neuron,11
22218,LPLC2,LPLC2_R,R,10584,DNp06,DNp06_R,R,descending_neuron,11
29216,LPLC2,LPLC2_R,R,10732,DNpe056,DNpe056(PVLP146)_R,R,descending_neuron,11
30893,LPLC2,LPLC2_L,L,519771,DNp71,DNp71(DNp09)_L,L,descending_neuron,11
18900,LPLC2,LPLC2_L,L,519771,DNp71,DNp71(DNp09)_L,L,descending_neuron,11
21299,LPLC2,LPLC2_L,L,519771,DNp71,DNp71(DNp09)_L,L,descending_neuron,11
23665,LPLC2,LPLC2_L,L,10228,DNp06,DNp06_L,L,descending_neuron,11
17551,LPLC2,LPLC2_R,R,10584,DNp06,DNp06_R,R,descending_neuron,11
20162,LPLC2,LPLC2_R,R,10732,DNpe056,DNpe056(PVLP146)_R,R,descending_neuron,11
20103,LPLC2,LPLC2_R,R,10601,DNpe025,DNpe025(PVLP145)_R,R,descending_neuron,11
32237,LPLC2,LPLC2_L,L,10228,DNp06,DNp06_L,L,descending_neuron,11
25316,LPLC2,LPLC2_R,R,10923,DNg40,DNg40(hb5813056435)_R,R,descending_neuron,11
20047,LPLC2,LPLC2_R,R,10584,DNp06,DNp06_R,R,descending_neuron,11
24187,LPLC2,LPLC2_R,R,11137,DNp04,DNp04_R,R,descending_neuron,11
29183,LPLC2,LPLC2_R,R,10732,DNpe056,DNpe056(PVLP146)_R,R,descending_neuron,11
30512,LPLC2,LPLC2_L,L,10228,DNp06,DNp06_L,L,descending_neuron,11
24401,LPLC2,LPLC2_R,R,11137,DNp04,DNp04_R,R,descending_neuron,11
29391,LPLC2,LPLC2_R,R,11137,DNp04,DNp04_R,R,descending_neuron,11
23247,LPLC2,LPLC2_L,L,10449,DNpe025,DNpe025(PVLP145)_L,L,descending_neuron,11
23919,LPLC2,LPLC2_L,L,10931,DNpe045,DNpe045(DNp23)_L,L,descending_neuron,11
23919,LPLC2,LPLC2_L,L,10091,DNpe042,DNpe042(CL262)_L,L,descending_neuron,11
134521,LPLC2,LPLC2_L,L,10223,DNpe056,DNpe056(PVLP146)_L,L,descending_neuron,11
19589,LPLC2,LPLC2_R,R,10601,DNpe025,DNpe025(PVLP145)_R,R,descending_neuron,11
19608,LPLC2,LPLC2_R,R,10601,DNpe025,DNpe025(PVLP145)_R,R,descending_neuron,11
14030,LPLC2,LPLC2_L,L,10417,DNp103,DNp103(PVLP119)_L,L,descending_neuron,11
13764,LPLC2,LPLC2_L,L,519771,DNp71,DNp71(DNp09)_L,L,descending_neuron,11
27355,LPLC2,LPLC2_L,L,531898,DNp04,DNp04_L,L,descending_neuron,11
517819,LPLC2,LPLC2_L,L,519771,DNp71,DNp71(DNp09)_L,L,descending_neuron,11
30041,LPLC2,LPLC2_R,R,10584,DNp06,DNp06_R,R,descending_neuron,11
19229,LPLC2,LPLC2_R,R,10558,DNp35,DNp35(PVLP136)_R,R,descending_neuron,11
25136,LPLC2,LPLC2_L,L,10228,DNp06,DNp06_L,L,descending_neuron,11
21318,LPLC2,LPLC2_R,R,11159,DNp71,DNp71(DNp09)_R,R,descending_neuron,11
536444,LPLC2,LPLC2_L,L,531898,DNp04,DNp04_L,L,descending_neuron,11
33965,LPLC2,LPLC2_L,L,10361,DNg40,DNg40(hb5813056435)_L,L,descending_neuron,11
21045,LPLC2,LPLC2_R,R,10732,DNpe056,DNpe056(PVLP146)_R,R,descending_neuron,11
33694,LPLC2,LPLC2_R,R,10001,DNp01,DNp01(GF)_R,R,descending_neuron,11
20799,LPLC2,LPLC2_L,L,10223,DNpe056,DNpe056(PVLP146)_L,L,descending_neuron,11
37925,LPLC2,LPLC2_R,R,10584,DNp06,DNp06_R,R,descending_neuron,11
31257,LPLC2,LPLC2_R,R,10923,DNg40,DNg40(hb5813056435)_R,R,descending_neuron,11
28044,LPLC2,LPLC2_R,R,10732,DNpe056,DNpe056(PVLP146)_R,R,descending_neuron,11
21899,LPLC2,LPLC2_R,R,10584,DNp06,DNp06_R,R,descending_neuron,11
23550,LPLC2,LPLC2_L,L,519771,DNp71,DNp71(DNp09)_L,L,descending_neuron,11
26730,LPLC2,LPLC2_R,R,11159,DNp71,DNp71(DNp09)_R,R,descending_neuron,11
517079,LPLC2,LPLC2_L,L,531898,DNp04,DNp04_L,L,descending_neuron,11
19146,LPLC2,LPLC2_R,R,10923,DNg40,DNg40(hb5813056435)_R,R,descending_neuron,11
35680,LPLC2,LPLC2_R,R,10283,DNp103,DNp103(PVLP119)_R,R,descending_neuron,11
25511,LPLC2,LPLC2_R,R,10732,DNpe056,DNpe056(PVLP146)_R,R,descending_neuron,11
95241,LPLC2,LPLC2_L,L,10010,DNp01,DNp01(GF)_L,L,descending_neuron,11
111903,LPLC2,LPLC2_L,L,10449,DNpe025,DNpe025(PVLP145)_L,L,descending_neuron,11
19634,LC4,LC4_R,R,10584,DNp06,DNp06_R,R,descending_neuron,11
18432,LC4,LC4_L,L,10259,DNp11,DNp11_L,L,descending_neuron,11
16809,LC4,LC4_L,L,10361,DNg40,DNg40(hb5813056435)_L,L,descending_neuron,11
17668,LC4,LC4_R,R,10106,DNp11,DNp11_R,R,descending_neuron,11
38065,LC4,LC4_R,R,10989,DNp03,DNp03_R,R,descending_neuron,11
23226,LC4,LC4_L,L,10752,DNp03,DNp03_L,L,descending_neuron,11
23226,LC4,LC4_L,L,10259,DNp11,DNp11_L,L,descending_neuron,11
518983,LC4,LC4_L,L,524001,DNp05,DNp05_L,L,descending_neuron,11
22975,LC4,LC4_R,R,10989,DNp03,DNp03_R,R,descending_neuron,11
22975,LC4,LC4_R,R,10584,DNp06,DNp06_R,R,descending_neuron,11
512366,LC4,LC4_L,L,10228,DNp06,DNp06_L,L,descending_neuron,11
515476,LC4,LC4_L,L,10197,DNp02,DNp02_L,L,descending_neuron,11
30803,LC4,LC4_R,R,10584,DNp06,DNp06_R,R,descending_neuron,11
21287,LC4,LC4_R,R,11020,DNp05,DNp05_R,R,descending_neuron,11
20399,LC4,LC4_R,R,10584,DNp06,DNp06_R,R,descending_neuron,11
20673,LC4,LC4_R,R,11020,DNp05,DNp05_R,R,descending_neuron,11
518016,LC4,LC4_L,L,10259,DNp11,DNp11_L,L,descending_neuron,11
20917,LC4,LC4_R,R,10584,DNp06,DNp06_R,R,descending_neuron,11
24338,LC4,LC4_R,R,10923,DNg40,DNg40(hb5813056435)_R,R,descending_neuron,11
24338,LC4,LC4_R,R,10584,DNp06,DNp06_R,R,descending_neuron,11
16628,LC4,LC4_R,R,10558,DNp35,DNp35(PVLP136)_R,R,descending_neuron,11
20334,LPLC2,LPLC2_R,R,10923,DNg40,DNg40(hb5813056435)_R,R,descending_neuron,10
24605,LPLC2,LPLC2_L,L,10010,DNp01,DNp01(GF)_L,L,descending_neuron,10
18672,LPLC2,LPLC2_R,R,10558,DNp35,DNp35(PVLP136)_R,R,descending_neuron,10
38542,LPLC2,LPLC2_R,R,10732,DNpe056,DNpe056(PVLP146)_R,R,descending_neuron,10
41097,LPLC2,LPLC2_L,L,10223,DNpe056,DNpe056(PVLP146)_L,L,descending_neuron,10
23665,LPLC2,LPLC2_L,L,10223,DNpe056,DNpe056(PVLP146)_L,L,descending_neuron,10
23878,LPLC2,LPLC2_R,R,10558,DNp35,DNp35(PVLP136)_R,R,descending_neuron,10
20162,LPLC2,LPLC2_R,R,10584,DNp06,DNp06_R,R,descending_neuron,10
524366,LPLC2,LPLC2_L,L,10228,DNp06,DNp06_L,L,descending_neuron,10
29873,LPLC2,LPLC2_R,R,11159,DNp71,DNp71(DNp09)_R,R,descending_neuron,10
29955,LPLC2,LPLC2_L,L,10228,DNp06,DNp06_L,L,descending_neuron,10
25027,LPLC2,LPLC2_L,L,10361,DNg40,DNg40(hb5813056435)_L,L,descending_neuron,10
531014,LPLC2,LPLC2_L,L,519771,DNp71,DNp71(DNp09)_L,L,descending_neuron,10
23349,LPLC2,LPLC2_L,L,519771,DNp71,DNp71(DNp09)_L,L,descending_neuron,10
34681,LPLC2,LPLC2_R,R,11334,DNpe045,DNpe045(DNp23)_R,R,descending_neuron,10
15804,LPLC2,LPLC2_L,L,519771,DNp71,DNp71(DNp09)_L,L,descending_neuron,10
15804,LPLC2,LPLC2_L,L,10449,DNpe025,DNpe025(PVLP145)_L,L,descending_neuron,10
24187,LPLC2,LPLC2_R,R,11159,DNp71,DNp71(DNp09)_R,R,descending_neuron,10
29702,LPLC2,LPLC2_L,L,10091,DNpe042,DNpe042(CL262)_L,L,descending_neuron,10
29183,LPLC2,LPLC2_R,R,10923,DNg40,DNg40(hb5813056435)_R,R,descending_neuron,10
27566,LPLC2,LPLC2_R,R,10001,DNp01,DNp01(GF)_R,R,descending_neuron,10
13726,LPLC2,LPLC2_L,L,10449,DNpe025,DNpe025(PVLP145)_L,L,descending_neuron,10
22253,LPLC2,LPLC2_L,L,10228,DNp06,DNp06_L,L,descending_neuron,10
19911,LPLC2,LPLC2_L,L,10010,DNp01,DNp01(GF)_L,L,descending_neuron,10
23919,LPLC2,LPLC2_L,L,10783,DNp09,DNp09_L,L,descending_neuron,10
14030,LPLC2,LPLC2_L,L,519771,DNp71,DNp71(DNp09)_L,L,descending_neuron,10
520764,LPLC2,LPLC2_L,L,10223,DNpe056,DNpe056(PVLP146)_L,L,descending_neuron,10
24840,LPLC2,LPLC2_L,L,519771,DNp71,DNp71(DNp09)_L,L,descending_neuron,10
34407,LPLC2,LPLC2_L,L,10361,DNg40,DNg40(hb5813056435)_L,L,descending_neuron,10
34407,LPLC2,LPLC2_L,L,10223,DNpe056,DNpe056(PVLP146)_L,L,descending_neuron,10
20749,LPLC2,LPLC2_R,R,10584,DNp06,DNp06_R,R,descending_neuron,10
19229,LPLC2,LPLC2_R,R,10923,DNg40,DNg40(hb5813056435)_R,R,descending_neuron,10
19229,LPLC2,LPLC2_R,R,10584,DNp06,DNp06_R,R,descending_neuron,10
515971,LPLC2,LPLC2_L,L,10361,DNg40,DNg40(hb5813056435)_L,L,descending_neuron,10
35632,LPLC2,LPLC2_R,R,11137,DNp04,DNp04_R,R,descending_neuron,10
536444,LPLC2,LPLC2_L,L,10931,DNpe045,DNpe045(DNp23)_L,L,descending_neuron,10
533895,LPLC2,LPLC2_L,L,519771,DNp71,DNp71(DNp09)_L,L,descending_neuron,10
533895,LPLC2,LPLC2_L,L,10223,DNpe056,DNpe056(PVLP146)_L,L,descending_neuron,10
27399,LPLC2,LPLC2_L,L,10234,DNp35,DNp35(PVLP136)_L,L,descending_neuron,10
27471,LPLC2,LPLC2_R,R,10923,DNg40,DNg40(hb5813056435)_R,R,descending_neuron,10
32223,LPLC2,LPLC2_L,L,10223,DNpe056,DNpe056(PVLP146)_L,L,descending_neuron,10
32223,LPLC2,LPLC2_L,L,10010,DNp01,DNp01(GF)_L,L,descending_neuron,10
30938,LPLC2,LPLC2_R,R,10584,DNp06,DNp06_R,R,descending_neuron,10
23550,LPLC2,LPLC2_L,L,10228,DNp06,DNp06_L,L,descending_neuron,10
26730,LPLC2,LPLC2_R,R,10601,DNpe025,DNpe025(PVLP145)_R,R,descending_neuron,10
25636,LPLC2,LPLC2_R,R,10732,DNpe056,DNpe056(PVLP146)_R,R,descending_neuron,10
25636,LPLC2,LPLC2_R,R,10558,DNp35,DNp35(PVLP136)_R,R,descending_neuron,10
525844,LPLC2,LPLC2_L,L,10091,DNpe042,DNpe042(CL262)_L,L,descending_neuron,10
517079,LPLC2,LPLC2_L,L,10228,DNp06,DNp06_L,L,descending_neuron,10
28003,LPLC2,LPLC2_R,R,11137,DNp04,DNp04_R,R,descending_neuron,10
13132,LPLC2,LPLC2_L,L,10590,DNpe052,DNpe052(AVLP564)_L,L,descending_neuron,10
20535,LPLC2,LPLC2_R,R,10923,DNg40,DNg40(hb5813056435)_R,R,descending_neuron,10
517078,LPLC2,LPLC2_L,L,10417,DNp103,DNp103(PVLP119)_L,L,descending_neuron,10
517078,LPLC2,LPLC2_L,L,10234,DNp35,DNp35(PVLP136)_L,L,descending_neuron,10
22966,LC4,LC4_R,R,10558,DNp35,DNp35(PVLP136)_R,R,descending_neuron,10
17987,LC4,LC4_R,R,10601,DNpe025,DNpe025(PVLP145)_R,R,descending_neuron,10
21721,LC4,LC4_L,L,524001,DNp05,DNp05_L,L,descending_neuron,10
532254,LC4,LC4_L,L,11573,DNpe021,DNpe021(CL307)_L,L,descending_neuron,10
17668,LC4,LC4_R,R,10584,DNp06,DNp06_R,R,descending_neuron,10
23226,LC4,LC4_L,L,524001,DNp05,DNp05_L,L,descending_neuron,10
23098,LC4,LC4_R,R,10989,DNp03,DNp03_R,R,descending_neuron,10
35616,LC4,LC4_L,L,524001,DNp05,DNp05_L,L,descending_neuron,10
30480,LC4,LC4_R,R,10558,DNp35,DNp35(PVLP136)_R,R,descending_neuron,10
22034,LC4,LC4_R,R,10584,DNp06,DNp06_R,R,descending_neuron,10
524899,LC4,LC4_L,L,10228,DNp06,DNp06_L,L,descending_neuron,10
32597,LC4,LC4_L,L,10228,DNp06,DNp06_L,L,descending_neuron,10
18189,LC4,LC4_R,R,10923,DNg40,DNg40(hb5813056435)_R,R,descending_neuron,10
29469,LC4,LC4_L,L,10361,DNg40,DNg40(hb5813056435)_L,L,descending_neuron,10
30087,LC4,LC4_L,L,10197,DNp02,DNp02_L,L,descending_neuron,10
518439,LC4,LC4_L,L,10197,DNp02,DNp02_L,L,descending_neuron,10
20976,LC4,LC4_L,L,524001,DNp05,DNp05_L,L,descending_neuron,10
17266,LC4,LC4_R,R,10584,DNp06,DNp06_R,R,descending_neuron,10
18396,LC4,LC4_L,L,10228,DNp06,DNp06_L,L,descending_neuron,10
21225,LC4,LC4_R,R,11020,DNp05,DNp05_R,R,descending_neuron,10
26112,LC4,LC4_R,R,10923,DNg40,DNg40(hb5813056435)_R,R,descending_neuron,10
23792,LC4,LC4_R,R,10989,DNp03,DNp03_R,R,descending_neuron,10
518730,LC4,LC4_L,L,524001,DNp05,DNp05_L,L,descending_neuron,10
23202,LC4,LC4_L,L,10234,DNp35,DNp35(PVLP136)_L,L,descending_neuron,10
17054,LC4,LC4_R,R,10601,DNpe025,DNpe025(PVLP145)_R,R,descending_neuron,10
16128,LC4,LC4_R,R,10558,DNp35,DNp35(PVLP136)_R,R,descending_neuron,10
19550,LC4,LC4_R,R,10989,DNp03,DNp03_R,R,descending_neuron,10
19550,LC4,LC4_R,R,10106,DNp11,DNp11_R,R,descending_neuron,10
518544,LC4,LC4_L,L,524001,DNp05,DNp05_L,L,descending_neuron,10
16138,LC4,LC4_R,R,10584,DNp06,DNp06_R,R,descending_neuron,10
100485,LC4,LC4_L,L,524001,DNp05,DNp05_L,L,descending_neuron,10
20334,LPLC2,LPLC2_R,R,10584,DNp06,DNp06_R,R,descending_neuron,9
33185,LPLC2,LPLC2_R,R,11137,DNp04,DNp04_R,R,descending_neuron,9
33185,LPLC2,LPLC2_R,R,10732,DNpe056,DNpe056(PVLP146)_R,R,descending_neuron,9
27023,LPLC2,LPLC2_L,L,10931,DNpe045,DNpe045(DNp23)_L,L,descending_neuron,9
22218,LPLC2,LPLC2_R,R,10923,DNg40,DNg40(hb5813056435)_R,R,descending_neuron,9
37431,LPLC2,LPLC2_R,R,10923,DNg40,DNg40(hb5813056435)_R,R,descending_neuron,9
112292,LPLC2,LPLC2_L,L,519771,DNp71,DNp71(DNp09)_L,L,descending_neuron,9
33303,LPLC2,LPLC2_L,L,10234,DNp35,DNp35(PVLP136)_L,L,descending_neuron,9
22677,LPLC2,LPLC2_R,R,10001,DNp01,DNp01(GF)_R,R,descending_neuron,9
33406,LPLC2,LPLC2_L,L,10228,DNp06,DNp06_L,L,descending_neuron,9
25027,LPLC2,LPLC2_L,L,531898,DNp04,DNp04_L,L,descending_neuron,9
25316,LPLC2,LPLC2_R,R,10601,DNpe025,DNpe025(PVLP145)_R,R,descending_neuron,9
23349,LPLC2,LPLC2_L,L,10361,DNg40,DNg40(hb5813056435)_L,L,descending_neuron,9
25286,LPLC2,LPLC2_L,L,531898,DNp04,DNp04_L,L,descending_neuron,9
25286,LPLC2,LPLC2_L,L,10091,DNpe042,DNpe042(CL262)_L,L,descending_neuron,9
15804,LPLC2,LPLC2_L,L,10223,DNpe056,DNpe056(PVLP146)_L,L,descending_neuron,9
29702,LPLC2,LPLC2_L,L,10228,DNp06,DNp06_L,L,descending_neuron,9
24401,LPLC2,LPLC2_R,R,10732,DNpe056,DNpe056(PVLP146)_R,R,descending_neuron,9
17544,LPLC2,LPLC2_L,L,10449,DNpe025,DNpe025(PVLP145)_L,L,descending_neuron,9
17544,LPLC2,LPLC2_L,L,10010,DNp01,DNp01(GF)_L,L,descending_neuron,9
26393,LPLC2,LPLC2_R,R,11137,DNp04,DNp04_R,R,descending_neuron,9
22253,LPLC2,LPLC2_L,L,10223,DNpe056,DNpe056(PVLP146)_L,L,descending_neuron,9
23247,LPLC2,LPLC2_L,L,519771,DNp71,DNp71(DNp09)_L,L,descending_neuron,9
34051,LPLC2,LPLC2_L,L,10223,DNpe056,DNpe056(PVLP146)_L,L,descending_neuron,9
14030,LPLC2,LPLC2_L,L,10228,DNp06,DNp06_L,L,descending_neuron,9
31105,LPLC2,LPLC2_L,L,10010,DNp01,DNp01(GF)_L,L,descending_neuron,9
20584,LPLC2,LPLC2_R,R,10558,DNp35,DNp35(PVLP136)_R,R,descending_neuron,9
27355,LPLC2,LPLC2_L,L,519771,DNp71,DNp71(DNp09)_L,L,descending_neuron,9
25524,LPLC2,LPLC2_L,L,10417,DNp103,DNp103(PVLP119)_L,L,descending_neuron,9
20749,LPLC2,LPLC2_R,R,10558,DNp35,DNp35(PVLP136)_R,R,descending_neuron,9
29815,LPLC2,LPLC2_L,L,531898,DNp04,DNp04_L,L,descending_neuron,9
25136,LPLC2,LPLC2_L,L,10783,DNp09,DNp09_L,L,descending_neuron,9
20240,LPLC2,LPLC2_L,L,10361,DNg40,DNg40(hb5813056435)_L,L,descending_neuron,9
50287,LPLC2,LPLC2_R,R,11137,DNp04,DNp04_R,R,descending_neuron,9
50287,LPLC2,LPLC2_R,R,10732,DNpe056,DNpe056(PVLP146)_R,R,descending_neuron,9
19842,LPLC2,LPLC2_R,R,10584,DNp06,DNp06_R,R,descending_neuron,9
20799,LPLC2,LPLC2_L,L,10228,DNp06,DNp06_L,L,descending_neuron,9
37925,LPLC2,LPLC2_R,R,10001,DNp01,DNp01(GF)_R,R,descending_neuron,9
34372,LPLC2,LPLC2_R,R,11133,DNp70,DNp70(CL305)_R,R,descending_neuron,9
34372,LPLC2,LPLC2_R,R,10001,DNp01,DNp01(GF)_R,R,descending_neuron,9
27399,LPLC2,LPLC2_L,L,10361,DNg40,DNg40(hb5813056435)_L,L,descending_neuron,9
27399,LPLC2,LPLC2_L,L,10223,DNpe056,DNpe056(PVLP146)_L,L,descending_neuron,9
17774,LPLC2,LPLC2_L,L,519771,DNp71,DNp71(DNp09)_L,L,descending_neuron,9
32223,LPLC2,LPLC2_L,L,10234,DNp35,DNp35(PVLP136)_L,L,descending_neuron,9
28044,LPLC2,LPLC2_R,R,12628,DNpe042,DNpe042(CL262)_R,R,descending_neuron,9
22261,LPLC2,LPLC2_R,R,12628,DNpe042,DNpe042(CL262)_R,R,descending_neuron,9
22261,LPLC2,LPLC2_R,R,10732,DNpe056,DNpe056(PVLP146)_R,R,descending_neuron,9
29598,LPLC2,LPLC2_R,R,11334,DNpe045,DNpe045(DNp23)_R,R,descending_neuron,9
29598,LPLC2,LPLC2_R,R,10923,DNg40,DNg40(hb5813056435)_R,R,descending_neuron,9
17059,LPLC2,LPLC2_L,L,10228,DNp06,DNp06_L,L,descending_neuron,9
35889,LPLC2,LPLC2_R,R,11137,DNp04,DNp04_R,R,descending_neuron,9
35889,LPLC2,LPLC2_R,R,10732,DNpe056,DNpe056(PVLP146)_R,R,descending_neuron,9
25575,LPLC2,LPLC2_L,L,10223,DNpe056,DNpe056(PVLP146)_L,L,descending_neuron,9
21361,LPLC2,LPLC2_L,L,10449,DNpe025,DNpe025(PVLP145)_L,L,descending_neuron,9
17775,LPLC2,LPLC2_L,L,10361,DNg40,DNg40(hb5813056435)_L,L,descending_neuron,9
39620,LPLC2,LPLC2_R,R,11137,DNp04,DNp04_R,R,descending_neuron,9
23590,LPLC2,LPLC2_R,R,11137,DNp04,DNp04_R,R,descending_neuron,9
23590,LPLC2,LPLC2_R,R,10584,DNp06,DNp06_R,R,descending_neuron,9
21862,LPLC2,LPLC2_R,R,10732,DNpe056,DNpe056(PVLP146)_R,R,descending_neuron,9
23497,LPLC2,LPLC2_R,R,10558,DNp35,DNp35(PVLP136)_R,R,descending_neuron,9
33439,LPLC2,LPLC2_R,R,12628,DNpe042,DNpe042(CL262)_R,R,descending_neuron,9
33439,LPLC2,LPLC2_R,R,10584,DNp06,DNp06_R,R,descending_neuron,9
95241,LPLC2,LPLC2_L,L,519771,DNp71,DNp71(DNp09)_L,L,descending_neuron,9
13132,LPLC2,LPLC2_L,L,10234,DNp35,DNp35(PVLP136)_L,L,descending_neuron,9
40811,LPLC2,LPLC2_L,L,10361,DNg40,DNg40(hb5813056435)_L,L,descending_neuron,9
28945,LC4,LC4_R,R,10923,DNg40,DNg40(hb5813056435)_R,R,descending_neuron,9
18432,LC4,LC4_L,L,524001,DNp05,DNp05_L,L,descending_neuron,9
18432,LC4,LC4_L,L,10361,DNg40,DNg40(hb5813056435)_L,L,descending_neuron,9
17668,LC4,LC4_R,R,10989,DNp03,DNp03_R,R,descending_neuron,9
17926,LC4,LC4_R,R,10989,DNp03,DNp03_R,R,descending_neuron,9
17926,LC4,LC4_R,R,10558,DNp35,DNp35(PVLP136)_R,R,descending_neuron,9
23098,LC4,LC4_R,R,10558,DNp35,DNp35(PVLP136)_R,R,descending_neuron,9
17653,LC4,LC4_L,L,10417,DNp103,DNp103(PVLP119)_L,L,descending_neuron,9
20440,LC4,LC4_L,L,10234,DNp35,DNp35(PVLP136)_L,L,descending_neuron,9
512705,LC4,LC4_L,L,10361,DNg40,DNg40(hb5813056435)_L,L,descending_neuron,9
512705,LC4,LC4_L,L,10228,DNp06,DNp06_L,L,descending_neuron,9
33137,LC4,LC4_L,L,10259,DNp11,DNp11_L,L,descending_neuron,9
21287,LC4,LC4_R,R,10584,DNp06,DNp06_R,R,descending_neuron,9
18189,LC4,LC4_R,R,11020,DNp05,DNp05_R,R,descending_neuron,9
20572,LC4,LC4_L,L,10259,DNp11,DNp11_L,L,descending_neuron,9
23929,LC4,LC4_R,R,10584,DNp06,DNp06_R,R,descending_neuron,9
23929,LC4,LC4_R,R,10117,DNp02,DNp02_R,R,descending_neuron,9
30087,LC4,LC4_L,L,10228,DNp06,DNp06_L,L,descending_neuron,9
518439,LC4,LC4_L,L,10228,DNp06,DNp06_L,L,descending_neuron,9
31308,LC4,LC4_L,L,10228,DNp06,DNp06_L,L,descending_neuron,9
17270,LC4,LC4_L,L,524001,DNp05,DNp05_L,L,descending_neuron,9
19794,LC4,LC4_R,R,10584,DNp06,DNp06_R,R,descending_neuron,9
20917,LC4,LC4_R,R,10923,DNg40,DNg40(hb5813056435)_R,R,descending_neuron,9
20917,LC4,LC4_R,R,10106,DNp11,DNp11_R,R,descending_neuron,9
24338,LC4,LC4_R,R,10989,DNp03,DNp03_R,R,descending_neuron,9
21225,LC4,LC4_R,R,10601,DNpe025,DNpe025(PVLP145)_R,R,descending_neuron,9
533129,LC4,LC4_L,L,10259,DNp11,DNp11_L,L,descending_neuron,9
533129,LC4,LC4_L,L,10228,DNp06,DNp06_L,L,descending_neuron,9
25584,LC4,LC4_R,R,10989,DNp03,DNp03_R,R,descending_neuron,9
29514,LC4,LC4_L,L,10361,DNg40,DNg40(hb5813056435)_L,L,descending_neuron,9
21165,LC4,LC4_R,R,10584,DNp06,DNp06_R,R,descending_neuron,9
16628,LC4,LC4_R,R,10584,DNp06,DNp06_R,R,descending_neuron,9
16628,LC4,LC4_R,R,10106,DNp11,DNp11_R,R,descending_neuron,9
23792,LC4,LC4_R,R,10584,DNp06,DNp06_R,R,descending_neuron,9
29417,LC4,LC4_L,L,11573,DNpe021,DNpe021(CL307)_L,L,descending_neuron,9
12032,LC4,LC4_L,L,524001,DNp05,DNp05_L,L,descending_neuron,9
17054,LC4,LC4_R,R,10558,DNp35,DNp35(PVLP136)_R,R,descending_neuron,9
15018,LC4,LC4_L,L,11573,DNpe021,DNpe021(CL307)_L,L,descending_neuron,9
15018,LC4,LC4_L,L,10228,DNp06,DNp06_L,L,descending_neuron,9
19260,LC4,LC4_R,R,10106,DNp11,DNp11_R,R,descending_neuron,9
21151,LC4,LC4_R,R,10989,DNp03,DNp03_R,R,descending_neuron,9
17364,LC4,LC4_R,R,10584,DNp06,DNp06_R,R,descending_neuron,9
530029,LC4,LC4_L,L,10228,DNp06,DNp06_L,L,descending_neuron,9
18127,LC4,LC4_R,R,10989,DNp03,DNp03_R,R,descending_neuron,9
21313,LC4,LC4_R,R,10584,DNp06,DNp06_R,R,descending_neuron,9
20334,LPLC2,LPLC2_R,R,10601,DNpe025,DNpe025(PVLP145)_R,R,descending_neuron,8
27716,LPLC2,LPLC2_L,L,10228,DNp06,DNp06_L,L,descending_neuron,8
17880,LPLC2,LPLC2_L,L,10223,DNpe056,DNpe056(PVLP146)_L,L,descending_neuron,8
25253,LPLC2,LPLC2_R,R,10558,DNp35,DNp35(PVLP136)_R,R,descending_neuron,8
35294,LPLC2,LPLC2_L,L,10361,DNg40,DNg40(hb5813056435)_L,L,descending_neuron,8
18672,LPLC2,LPLC2_R,R,10584,DNp06,DNp06_R,R,descending_neuron,8
33185,LPLC2,LPLC2_R,R,10558,DNp35,DNp35(PVLP136)_R,R,descending_neuron,8
31563,LPLC2,LPLC2_L,L,519771,DNp71,DNp71(DNp09)_L,L,descending_neuron,8
37431,LPLC2,LPLC2_R,R,11137,DNp04,DNp04_R,R,descending_neuron,8
112292,LPLC2,LPLC2_L,L,10234,DNp35,DNp35(PVLP136)_L,L,descending_neuron,8
33303,LPLC2,LPLC2_L,L,531898,DNp04,DNp04_L,L,descending_neuron,8
21299,LPLC2,LPLC2_L,L,10361,DNg40,DNg40(hb5813056435)_L,L,descending_neuron,8
21299,LPLC2,LPLC2_L,L,10010,DNp01,DNp01(GF)_L,L,descending_neuron,8
23665,LPLC2,LPLC2_L,L,519771,DNp71,DNp71(DNp09)_L,L,descending_neuron,8
20162,LPLC2,LPLC2_R,R,10558,DNp35,DNp35(PVLP136)_R,R,descending_neuron,8
20694,LPLC2,LPLC2_R,R,10601,DNpe025,DNpe025(PVLP145)_R,R,descending_neuron,8
19830,LPLC2,LPLC2_L,L,10234,DNp35,DNp35(PVLP136)_L,L,descending_neuron,8
30895,LPLC2,LPLC2_L,L,10228,DNp06,DNp06_L,L,descending_neuron,8
32237,LPLC2,LPLC2_L,L,10091,DNpe042,DNpe042(CL262)_L,L,descending_neuron,8
32237,LPLC2,LPLC2_L,L,531898,DNp04,DNp04_L,L,descending_neuron,8
20047,LPLC2,LPLC2_R,R,10732,DNpe056,DNpe056(PVLP146)_R,R,descending_neuron,8
34681,LPLC2,LPLC2_R,R,10558,DNp35,DNp35(PVLP136)_R,R,descending_neuron,8
35838,LPLC2,LPLC2_R,R,11159,DNp71,DNp71(DNp09)_R,R,descending_neuron,8
25286,LPLC2,LPLC2_L,L,10234,DNp35,DNp35(PVLP136)_L,L,descending_neuron,8
28188,LPLC2,LPLC2_L,L,531898,DNp04,DNp04_L,L,descending_neuron,8
21808,LPLC2,LPLC2_R,R,11088,DNp55,DNp55(WED180)_R,R,descending_neuron,8
30512,LPLC2,LPLC2_L,L,531898,DNp04,DNp04_L,L,descending_neuron,8
17544,LPLC2,LPLC2_L,L,10361,DNg40,DNg40(hb5813056435)_L,L,descending_neuron,8
22253,LPLC2,LPLC2_L,L,10449,DNpe025,DNpe025(PVLP145)_L,L,descending_neuron,8
19911,LPLC2,LPLC2_L,L,10234,DNp35,DNp35(PVLP136)_L,L,descending_neuron,8
23247,LPLC2,LPLC2_L,L,10228,DNp06,DNp06_L,L,descending_neuron,8
34051,LPLC2,LPLC2_L,L,519771,DNp71,DNp71(DNp09)_L,L,descending_neuron,8
19608,LPLC2,LPLC2_R,R,10558,DNp35,DNp35(PVLP136)_R,R,descending_neuron,8
24268,LPLC2,LPLC2_R,R,11137,DNp04,DNp04_R,R,descending_neuron,8
24268,LPLC2,LPLC2_R,R,11133,DNp70,DNp70(CL305)_R,R,descending_neuron,8
31105,LPLC2,LPLC2_L,L,531898,DNp04,DNp04_L,L,descending_neuron,8
520764,LPLC2,LPLC2_L,L,531898,DNp04,DNp04_L,L,descending_neuron,8
24840,LPLC2,LPLC2_L,L,10223,DNpe056,DNpe056(PVLP146)_L,L,descending_neuron,8
20584,LPLC2,LPLC2_R,R,10001,DNp01,DNp01(GF)_R,R,descending_neuron,8
34407,LPLC2,LPLC2_L,L,10449,DNpe025,DNpe025(PVLP145)_L,L,descending_neuron,8
32737,LPLC2,LPLC2_L,L,10223,DNpe056,DNpe056(PVLP146)_L,L,descending_neuron,8
517819,LPLC2,LPLC2_L,L,10228,DNp06,DNp06_L,L,descending_neuron,8
30041,LPLC2,LPLC2_R,R,10558,DNp35,DNp35(PVLP136)_R,R,descending_neuron,8
25136,LPLC2,LPLC2_L,L,519771,DNp71,DNp71(DNp09)_L,L,descending_neuron,8
518731,LPLC2,LPLC2_L,L,10361,DNg40,DNg40(hb5813056435)_L,L,descending_neuron,8
518731,LPLC2,LPLC2_L,L,10091,DNpe042,DNpe042(CL262)_L,L,descending_neuron,8
19842,LPLC2,LPLC2_R,R,10558,DNp35,DNp35(PVLP136)_R,R,descending_neuron,8
32507,LPLC2,LPLC2_R,R,10558,DNp35,DNp35(PVLP136)_R,R,descending_neuron,8
26528,LPLC2,LPLC2_L,L,519771,DNp71,DNp71(DNp09)_L,L,descending_neuron,8
29287,LPLC2,LPLC2_R,R,11137,DNp04,DNp04_R,R,descending_neuron,8
33694,LPLC2,LPLC2_R,R,10584,DNp06,DNp06_R,R,descending_neuron,8
25572,LPLC2,LPLC2_L,L,10223,DNpe056,DNpe056(PVLP146)_L,L,descending_neuron,8
20799,LPLC2,LPLC2_L,L,519771,DNp71,DNp71(DNp09)_L,L,descending_neuron,8
34372,LPLC2,LPLC2_R,R,11159,DNp71,DNp71(DNp09)_R,R,descending_neuron,8
31257,LPLC2,LPLC2_R,R,11334,DNpe045,DNpe045(DNp23)_R,R,descending_neuron,8
31257,LPLC2,LPLC2_R,R,10584,DNp06,DNp06_R,R,descending_neuron,8
28044,LPLC2,LPLC2_R,R,11159,DNp71,DNp71(DNp09)_R,R,descending_neuron,8
23550,LPLC2,LPLC2_L,L,531898,DNp04,DNp04_L,L,descending_neuron,8
17059,LPLC2,LPLC2_L,L,10234,DNp35,DNp35(PVLP136)_L,L,descending_neuron,8
525844,LPLC2,LPLC2_L,L,531898,DNp04,DNp04_L,L,descending_neuron,8
525844,LPLC2,LPLC2_L,L,519771,DNp71,DNp71(DNp09)_L,L,descending_neuron,8
517079,LPLC2,LPLC2_L,L,10361,DNg40,DNg40(hb5813056435)_L,L,descending_neuron,8
26416,LPLC2,LPLC2_L,L,10223,DNpe056,DNpe056(PVLP146)_L,L,descending_neuron,8
23590,LPLC2,LPLC2_R,R,11159,DNp71,DNp71(DNp09)_R,R,descending_neuron,8
23590,LPLC2,LPLC2_R,R,10732,DNpe056,DNpe056(PVLP146)_R,R,descending_neuron,8
24800,LPLC2,LPLC2_R,R,10732,DNpe056,DNpe056(PVLP146)_R,R,descending_neuron,8
21862,LPLC2,LPLC2_R,R,11137,DNp04,DNp04_R,R,descending_neuron,8
23497,LPLC2,LPLC2_R,R,11137,DNp04,DNp04_R,R,descending_neuron,8
19549,LPLC2,LPLC2_R,R,10558,DNp35,DNp35(PVLP136)_R,R,descending_neuron,8
25511,LPLC2,LPLC2_R,R,10584,DNp06,DNp06_R,R,descending_neuron,8
95241,LPLC2,LPLC2_L,L,10234,DNp35,DNp35(PVLP136)_L,L,descending_neuron,8
29319,LPLC2,LPLC2_L,L,531898,DNp04,DNp04_L,L,descending_neuron,8
13132,LPLC2,LPLC2_L,L,10010,DNp01,DNp01(GF)_L,L,descending_neuron,8
40811,LPLC2,LPLC2_L,L,531898,DNp04,DNp04_L,L,descending_neuron,8
22966,LC4,LC4_R,R,10584,DNp06,DNp06_R,R,descending_neuron,8
22966,LC4,LC4_R,R,10117,DNp02,DNp02_R,R,descending_neuron,8
520449,LC4,LC4_L,L,10417,DNp103,DNp103(PVLP119)_L,L,descending_neuron,8
520449,LC4,LC4_L,L,10228,DNp06,DNp06_L,L,descending_neuron,8
17340,LC4,LC4_L,L,10234,DNp35,DNp35(PVLP136)_L,L,descending_neuron,8
515476,LC4,LC4_L,L,10228,DNp06,DNp06_L,L,descending_neuron,8
22847,LC4,LC4_R,R,10584,DNp06,DNp06_R,R,descending_neuron,8
20673,LC4,LC4_R,R,10989,DNp03,DNp03_R,R,descending_neuron,8
20976,LC4,LC4_L,L,10259,DNp11,DNp11_L,L,descending_neuron,8
31429,LC4,LC4_L,L,10361,DNg40,DNg40(hb5813056435)_L,L,descending_neuron,8
31429,LC4,LC4_L,L,10228,DNp06,DNp06_L,L,descending_neuron,8
20588,LC4,LC4_R,R,10923,DNg40,DNg40(hb5813056435)_R,R,descending_neuron,8
20917,LC4,LC4_R,R,10283,DNp103,DNp103(PVLP119)_R,R,descending_neuron,8
18396,LC4,LC4_L,L,10417,DNp103,DNp103(PVLP119)_L,L,descending_neuron,8
22194,LC4,LC4_R,R,10989,DNp03,DNp03_R,R,descending_neuron,8
22194,LC4,LC4_R,R,10923,DNg40,DNg40(hb5813056435)_R,R,descending_neuron,8
23392,LC4,LC4_R,R,11020,DNp05,DNp05_R,R,descending_neuron,8
25584,LC4,LC4_R,R,10923,DNg40,DNg40(hb5813056435)_R,R,descending_neuron,8
25584,LC4,LC4_R,R,10106,DNp11,DNp11_R,R,descending_neuron,8
22922,LC4,LC4_L,L,10234,DNp35,DNp35(PVLP136)_L,L,descending_neuron,8
21165,LC4,LC4_R,R,10558,DNp35,DNp35(PVLP136)_R,R,descending_neuron,8
81112,LC4,LC4_L,L,10449,DNpe025,DNpe025(PVLP145)_L,L,descending_neuron,8
81112,LC4,LC4_L,L,10361,DNg40,DNg40(hb5813056435)_L,L,descending_neuron,8
26112,LC4,LC4_R,R,10584,DNp06,DNp06_R,R,descending_neuron,8
14888,LC4,LC4_L,L,524001,DNp05,DNp05_L,L,descending_neuron,8
519650,LC4,LC4_L,L,524001,DNp05,DNp05_L,L,descending_neuron,8
518730,LC4,LC4_L,L,10449,DNpe025,DNpe025(PVLP145)_L,L,descending_neuron,8
518730,LC4,LC4_L,L,10259,DNp11,DNp11_L,L,descending_neuron,8
29417,LC4,LC4_L,L,10361,DNg40,DNg40(hb5813056435)_L,L,descending_neuron,8
527408,LC4,LC4_R,R,10117,DNp02,DNp02_R,R,descending_neuron,8
111787,LC4,LC4_L,L,10361,DNg40,DNg40(hb5813056435)_L,L,descending_neuron,8
17054,LC4,LC4_R,R,10584,DNp06,DNp06_R,R,descending_neuron,8
514508,LC4,LC4_L,L,10361,DNg40,DNg40(hb5813056435)_L,L,descending_neuron,8
19550,LC4,LC4_R,R,10601,DNpe025,DNpe025(PVLP145)_R,R,descending_neuron,8
518544,LC4,LC4_L,L,10752,DNp03,DNp03_L,L,descending_neuron,8
518544,LC4,LC4_L,L,10259,DNp11,DNp11_L,L,descending_neuron,8
518544,LC4,LC4_L,L,10228,DNp06,DNp06_L,L,descending_neuron,8
19420,LC4,LC4_R,R,10989,DNp03,DNp03_R,R,descending_neuron,8
29563,LC4,LC4_R,R,10584,DNp06,DNp06_R,R,descending_neuron,8
16138,LC4,LC4_R,R,10989,DNp03,DNp03_R,R,descending_neuron,8
18127,LC4,LC4_R,R,10584,DNp06,DNp06_R,R,descending_neuron,8
21313,LC4,LC4_R,R,11020,DNp05,DNp05_R,R,descending_neuron,8
26147,LPLC2,LPLC2_R,R,11137,DNp04,DNp04_R,R,descending_neuron,7
20334,LPLC2,LPLC2_R,R,11159,DNp71,DNp71(DNp09)_R,R,descending_neuron,7
17880,LPLC2,LPLC2_L,L,10361,DNg40,DNg40(hb5813056435)_L,L,descending_neuron,7
35294,LPLC2,LPLC2_L,L,10228,DNp06,DNp06_L,L,descending_neuron,7
14102,LPLC2,LPLC2_L,L,10234,DNp35,DNp35(PVLP136)_L,L,descending_neuron,7
30893,LPLC2,LPLC2_L,L,531898,DNp04,DNp04_L,L,descending_neuron,7
30893,LPLC2,LPLC2_L,L,10449,DNpe025,DNpe025(PVLP145)_L,L,descending_neuron,7
30893,LPLC2,LPLC2_L,L,10234,DNp35,DNp35(PVLP136)_L,L,descending_neuron,7
112292,LPLC2,LPLC2_L,L,10449,DNpe025,DNpe025(PVLP145)_L,L,descending_neuron,7
112292,LPLC2,LPLC2_L,L,10361,DNg40,DNg40(hb5813056435)_L,L,descending_neuron,7
26915,LPLC2,LPLC2_R,R,11137,DNp04,DNp04_R,R,descending_neuron,7
26915,LPLC2,LPLC2_R,R,10584,DNp06,DNp06_R,R,descending_neuron,7
33303,LPLC2,LPLC2_L,L,519771,DNp71,DNp71(DNp09)_L,L,descending_neuron,7
30207,LPLC2,LPLC2_R,R,10732,DNpe056,DNpe056(PVLP146)_R,R,descending_neuron,7
30207,LPLC2,LPLC2_R,R,10558,DNp35,DNp35(PVLP136)_R,R,descending_neuron,7
24118,LPLC2,LPLC2_R,R,10558,DNp35,DNp35(PVLP136)_R,R,descending_neuron,7
33406,LPLC2,LPLC2_L,L,10223,DNpe056,DNpe056(PVLP146)_L,L,descending_neuron,7
20694,LPLC2,LPLC2_R,R,10584,DNp06,DNp06_R,R,descending_neuron,7
20694,LPLC2,LPLC2_R,R,10558,DNp35,DNp35(PVLP136)_R,R,descending_neuron,7
21769,LPLC2,LPLC2_R,R,10923,DNg40,DNg40(hb5813056435)_R,R,descending_neuron,7
25027,LPLC2,LPLC2_L,L,519771,DNp71,DNp71(DNp09)_L,L,descending_neuron,7
37613,LPLC2,LPLC2_R,R,10558,DNp35,DNp35(PVLP136)_R,R,descending_neuron,7
34681,LPLC2,LPLC2_R,R,11137,DNp04,DNp04_R,R,descending_neuron,7
25286,LPLC2,LPLC2_L,L,10223,DNpe056,DNpe056(PVLP146)_L,L,descending_neuron,7
24187,LPLC2,LPLC2_R,R,12628,DNpe042,DNpe042(CL262)_R,R,descending_neuron,7
24187,LPLC2,LPLC2_R,R,10584,DNp06,DNp06_R,R,descending_neuron,7
34110,LPLC2,LPLC2_R,R,10584,DNp06,DNp06_R,R,descending_neuron,7
25267,LPLC2,LPLC2_R,R,10001,DNp01,DNp01(GF)_R,R,descending_neuron,7
27566,LPLC2,LPLC2_R,R,10732,DNpe056,DNpe056(PVLP146)_R,R,descending_neuron,7
27566,LPLC2,LPLC2_R,R,10601,DNpe025,DNpe025(PVLP145)_R,R,descending_neuron,7
24401,LPLC2,LPLC2_R,R,10558,DNp35,DNp35(PVLP136)_R,R,descending_neuron,7
33396,LPLC2,LPLC2_R,R,10558,DNp35,DNp35(PVLP136)_R,R,descending_neuron,7
29391,LPLC2,LPLC2_R,R,11334,DNpe045,DNpe045(DNp23)_R,R,descending_neuron,7
23247,LPLC2,LPLC2_L,L,10234,DNp35,DNp35(PVLP136)_L,L,descending_neuron,7
23247,LPLC2,LPLC2_L,L,10091,DNpe042,DNpe042(CL262)_L,L,descending_neuron,7
19787,LPLC2,LPLC2_L,L,10091,DNpe042,DNpe042(CL262)_L,L,descending_neuron,7
134521,LPLC2,LPLC2_L,L,10234,DNp35,DNp35(PVLP136)_L,L,descending_neuron,7
19589,LPLC2,LPLC2_R,R,10923,DNg40,DNg40(hb5813056435)_R,R,descending_neuron,7
19608,LPLC2,LPLC2_R,R,10732,DNpe056,DNpe056(PVLP146)_R,R,descending_neuron,7
19608,LPLC2,LPLC2_R,R,10584,DNp06,DNp06_R,R,descending_neuron,7
24268,LPLC2,LPLC2_R,R,12628,DNpe042,DNpe042(CL262)_R,R,descending_neuron,7
19034,LPLC2,LPLC2_R,R,10601,DNpe025,DNpe025(PVLP145)_R,R,descending_neuron,7
21703,LPLC2,LPLC2_R,R,10558,DNp35,DNp35(PVLP136)_R,R,descending_neuron,7
34407,LPLC2,LPLC2_L,L,519771,DNp71,DNp71(DNp09)_L,L,descending_neuron,7
27355,LPLC2,LPLC2_L,L,10783,DNp09,DNp09_L,L,descending_neuron,7
32737,LPLC2,LPLC2_L,L,519771,DNp71,DNp71(DNp09)_L,L,descending_neuron,7
25524,LPLC2,LPLC2_L,L,10223,DNpe056,DNpe056(PVLP146)_L,L,descending_neuron,7
30041,LPLC2,LPLC2_R,R,11137,DNp04,DNp04_R,R,descending_neuron,7
20749,LPLC2,LPLC2_R,R,10923,DNg40,DNg40(hb5813056435)_R,R,descending_neuron,7
35632,LPLC2,LPLC2_R,R,10601,DNpe025,DNpe025(PVLP145)_R,R,descending_neuron,7
536444,LPLC2,LPLC2_L,L,10228,DNp06,DNp06_L,L,descending_neuron,7
19842,LPLC2,LPLC2_R,R,11159,DNp71,DNp71(DNp09)_R,R,descending_neuron,7
32507,LPLC2,LPLC2_R,R,10732,DNpe056,DNpe056(PVLP146)_R,R,descending_neuron,7
26528,LPLC2,LPLC2_L,L,10223,DNpe056,DNpe056(PVLP146)_L,L,descending_neuron,7
33694,LPLC2,LPLC2_R,R,12628,DNpe042,DNpe042(CL262)_R,R,descending_neuron,7
533895,LPLC2,LPLC2_L,L,10228,DNp06,DNp06_L,L,descending_neuron,7
37925,LPLC2,LPLC2_R,R,12628,DNpe042,DNpe042(CL262)_R,R,descending_neuron,7
37925,LPLC2,LPLC2_R,R,11159,DNp71,DNp71(DNp09)_R,R,descending_neuron,7
34372,LPLC2,LPLC2_R,R,10732,DNpe056,DNpe056(PVLP146)_R,R,descending_neuron,7
29753,LPLC2,LPLC2_L,L,531898,DNp04,DNp04_L,L,descending_neuron,7
21562,LPLC2,LPLC2_R,R,10584,DNp06,DNp06_R,R,descending_neuron,7
21562,LPLC2,LPLC2_R,R,10558,DNp35,DNp35(PVLP136)_R,R,descending_neuron,7
27471,LPLC2,LPLC2_R,R,10732,DNpe056,DNpe056(PVLP146)_R,R,descending_neuron,7
31257,LPLC2,LPLC2_R,R,10558,DNp35,DNp35(PVLP136)_R,R,descending_neuron,7
30938,LPLC2,LPLC2_R,R,11137,DNp04,DNp04_R,R,descending_neuron,7
29598,LPLC2,LPLC2_R,R,10601,DNpe025,DNpe025(PVLP145)_R,R,descending_neuron,7
100103,LPLC2,LPLC2_L,L,519771,DNp71,DNp71(DNp09)_L,L,descending_neuron,7
100103,LPLC2,LPLC2_L,L,10361,DNg40,DNg40(hb5813056435)_L,L,descending_neuron,7
26730,LPLC2,LPLC2_R,R,10558,DNp35,DNp35(PVLP136)_R,R,descending_neuron,7
35889,LPLC2,LPLC2_R,R,11334,DNpe045,DNpe045(DNp23)_R,R,descending_neuron,7
25636,LPLC2,LPLC2_R,R,10584,DNp06,DNp06_R,R,descending_neuron,7
525844,LPLC2,LPLC2_L,L,10228,DNp06,DNp06_L,L,descending_neuron,7
31988,LPLC2,LPLC2_R,R,10584,DNp06,DNp06_R,R,descending_neuron,7
39620,LPLC2,LPLC2_R,R,12628,DNpe042,DNpe042(CL262)_R,R,descending_neuron,7
24800,LPLC2,LPLC2_R,R,11159,DNp71,DNp71(DNp09)_R,R,descending_neuron,7
21862,LPLC2,LPLC2_R,R,10601,DNpe025,DNpe025(PVLP145)_R,R,descending_neuron,7
23497,LPLC2,LPLC2_R,R,10732,DNpe056,DNpe056(PVLP146)_R,R,descending_neuron,7
35680,LPLC2,LPLC2_R,R,11137,DNp04,DNp04_R,R,descending_neuron,7
29319,LPLC2,LPLC2_L,L,10228,DNp06,DNp06_L,L,descending_neuron,7
20535,LPLC2,LPLC2_R,R,10732,DNpe056,DNpe056(PVLP146)_R,R,descending_neuron,7
40811,LPLC2,LPLC2_L,L,10228,DNp06,DNp06_L,L,descending_neuron,7
31964,LPLC2,LPLC2_R,R,11137,DNp04,DNp04_R,R,descending_neuron,7
31964,LPLC2,LPLC2_R,R,10732,DNpe056,DNpe056(PVLP146)_R,R,descending_neuron,7
517078,LPLC2,LPLC2_L,L,519771,DNp71,DNp71(DNp09)_L,L,descending_neuron,7
517078,LPLC2,LPLC2_L,L,10590,DNpe052,DNpe052(AVLP564)_L,L,descending_neuron,7
517078,LPLC2,LPLC2_L,L,10377,DNge054,DNge054_L,L,descending_neuron,7
517078,LPLC2,LPLC2_L,L,10228,DNp06,DNp06_L,L,descending_neuron,7
20808,LC4,LC4_R,R,10923,DNg40,DNg40(hb5813056435)_R,R,descending_neuron,7
28945,LC4,LC4_R,R,10584,DNp06,DNp06_R,R,descending_neuron,7
28945,LC4,LC4_R,R,10558,DNp35,DNp35(PVLP136)_R,R,descending_neuron,7
17548,LC4,LC4_R,R,10283,DNp103,DNp103(PVLP119)_R,R,descending_neuron,7
532254,LC4,LC4_L,L,10361,DNg40,DNg40(hb5813056435)_L,L,descending_neuron,7
18432,LC4,LC4_L,L,10234,DNp35,DNp35(PVLP136)_L,L,descending_neuron,7
38065,LC4,LC4_R,R,10117,DNp02,DNp02_R,R,descending_neuron,7
17926,LC4,LC4_R,R,10584,DNp06,DNp06_R,R,descending_neuron,7
12349,LC4,LC4_L,L,10417,DNp103,DNp103(PVLP119)_L,L,descending_neuron,7
17478,LC4,LC4_L,L,10417,DNp103,DNp103(PVLP119)_L,L,descending_neuron,7
24523,LC4,LC4_L,L,524001,DNp05,DNp05_L,L,descending_neuron,7
22034,LC4,LC4_R,R,10923,DNg40,DNg40(hb5813056435)_R,R,descending_neuron,7
515476,LC4,LC4_L,L,10361,DNg40,DNg40(hb5813056435)_L,L,descending_neuron,7
33137,LC4,LC4_L,L,10361,DNg40,DNg40(hb5813056435)_L,L,descending_neuron,7
27750,LC4,LC4_L,L,10228,DNp06,DNp06_L,L,descending_neuron,7
20572,LC4,LC4_L,L,10228,DNp06,DNp06_L,L,descending_neuron,7
29469,LC4,LC4_L,L,10234,DNp35,DNp35(PVLP136)_L,L,descending_neuron,7
17608,LC4,LC4_L,L,10197,DNp02,DNp02_L,L,descending_neuron,7
17270,LC4,LC4_L,L,11573,DNpe021,DNpe021(CL307)_L,L,descending_neuron,7
515900,LC4,LC4_L,L,10417,DNp103,DNp103(PVLP119)_L,L,descending_neuron,7
19794,LC4,LC4_R,R,11020,DNp05,DNp05_R,R,descending_neuron,7
20588,LC4,LC4_R,R,10989,DNp03,DNp03_R,R,descending_neuron,7
77614,LC4,LC4_L,L,10449,DNpe025,DNpe025(PVLP145)_L,L,descending_neuron,7
18396,LC4,LC4_L,L,10197,DNp02,DNp02_L,L,descending_neuron,7
25584,LC4,LC4_R,R,10283,DNp103,DNp103(PVLP119)_R,R,descending_neuron,7
514956,LC4,LC4_L,L,10197,DNp02,DNp02_L,L,descending_neuron,7
22922,LC4,LC4_L,L,10228,DNp06,DNp06_L,L,descending_neuron,7
21165,LC4,LC4_R,R,10989,DNp03,DNp03_R,R,descending_neuron,7
519931,LC4,LC4_L,L,10228,DNp06,DNp06_L,L,descending_neuron,7
23792,LC4,LC4_R,R,10923,DNg40,DNg40(hb5813056435)_R,R,descending_neuron,7
14888,LC4,LC4_L,L,10259,DNp11,DNp11_L,L,descending_neuron,7
518730,LC4,LC4_L,L,10417,DNp103,DNp103(PVLP119)_L,L,descending_neuron,7
527408,LC4,LC4_R,R,10584,DNp06,DNp06_R,R,descending_neuron,7
527408,LC4,LC4_R,R,10558,DNp35,DNp35(PVLP136)_R,R,descending_neuron,7
17054,LC4,LC4_R,R,10065,DNb05,DNb05_R,R,descending_neuron,7
21804,LC4,LC4_R,R,10283,DNp103,DNp103(PVLP119)_R,R,descending_neuron,7
19260,LC4,LC4_R,R,10923,DNg40,DNg40(hb5813056435)_R,R,descending_neuron,7
19260,LC4,LC4_R,R,10584,DNp06,DNp06_R,R,descending_neuron,7
21151,LC4,LC4_R,R,10106,DNp11,DNp11_R,R,descending_neuron,7
20542,LC4,LC4_R,R,10989,DNp03,DNp03_R,R,descending_neuron,7
37587,LC4,LC4_L,L,10228,DNp06,DNp06_L,L,descending_neuron,7
18127,LC4,LC4_R,R,10106,DNp11,DNp11_R,R,descending_neuron,7
20334,LPLC2,LPLC2_R,R,10558,DNp35,DNp35(PVLP136)_R,R,descending_neuron,6
25253,LPLC2,LPLC2_R,R,11334,DNpe045,DNpe045(DNp23)_R,R,descending_neuron,6
35294,LPLC2,LPLC2_L,L,10783,DNp09,DNp09_L,L,descending_neuron,6
18672,LPLC2,LPLC2_R,R,10601,DNpe025,DNpe025(PVLP145)_R,R,descending_neuron,6
30893,LPLC2,LPLC2_L,L,10010,DNp01,DNp01(GF)_L,L,descending_neuron,6
37431,LPLC2,LPLC2_R,R,10558,DNp35,DNp35(PVLP136)_R,R,descending_neuron,6
22677,LPLC2,LPLC2_R,R,11159,DNp71,DNp71(DNp09)_R,R,descending_neuron,6
30207,LPLC2,LPLC2_R,R,10584,DNp06,DNp06_R,R,descending_neuron,6
23665,LPLC2,LPLC2_L,L,10234,DNp35,DNp35(PVLP136)_L,L,descending_neuron,6
17551,LPLC2,LPLC2_R,R,10923,DNg40,DNg40(hb5813056435)_R,R,descending_neuron,6
23878,LPLC2,LPLC2_R,R,12628,DNpe042,DNpe042(CL262)_R,R,descending_neuron,6
524366,LPLC2,LPLC2_L,L,531898,DNp04,DNp04_L,L,descending_neuron,6
524366,LPLC2,LPLC2_L,L,10234,DNp35,DNp35(PVLP136)_L,L,descending_neuron,6
19830,LPLC2,LPLC2_L,L,10590,DNpe052,DNpe052(AVLP564)_L,L,descending_neuron,6
55627,LPLC2,LPLC2_R,R,10584,DNp06,DNp06_R,R,descending_neuron,6
29955,LPLC2,LPLC2_L,L,10931,DNpe045,DNpe045(DNp23)_L,L,descending_neuron,6
29955,LPLC2,LPLC2_L,L,10234,DNp35,DNp35(PVLP136)_L,L,descending_neuron,6
29955,LPLC2,LPLC2_L,L,10091,DNpe042,DNpe042(CL262)_L,L,descending_neuron,6
32237,LPLC2,LPLC2_L,L,519771,DNp71,DNp71(DNp09)_L,L,descending_neuron,6
25316,LPLC2,LPLC2_R,R,10001,DNp01,DNp01(GF)_R,R,descending_neuron,6
23349,LPLC2,LPLC2_L,L,10449,DNpe025,DNpe025(PVLP145)_L,L,descending_neuron,6
23349,LPLC2,LPLC2_L,L,10228,DNp06,DNp06_L,L,descending_neuron,6
25286,LPLC2,LPLC2_L,L,10361,DNg40,DNg40(hb5813056435)_L,L,descending_neuron,6
25286,LPLC2,LPLC2_L,L,10010,DNp01,DNp01(GF)_L,L,descending_neuron,6
28188,LPLC2,LPLC2_L,L,10234,DNp35,DNp35(PVLP136)_L,L,descending_neuron,6
29702,LPLC2,LPLC2_L,L,10259,DNp11,DNp11_L,L,descending_neuron,6
30512,LPLC2,LPLC2_L,L,10931,DNpe045,DNpe045(DNp23)_L,L,descending_neuron,6
30512,LPLC2,LPLC2_L,L,10091,DNpe042,DNpe042(CL262)_L,L,descending_neuron,6
24401,LPLC2,LPLC2_R,R,10584,DNp06,DNp06_R,R,descending_neuron,6
17544,LPLC2,LPLC2_L,L,10234,DNp35,DNp35(PVLP136)_L,L,descending_neuron,6
17544,LPLC2,LPLC2_L,L,531898,DNp04,DNp04_L,L,descending_neuron,6
29391,LPLC2,LPLC2_R,R,11088,DNp55,DNp55(WED180)_R,R,descending_neuron,6
19911,LPLC2,LPLC2_L,L,519771,DNp71,DNp71(DNp09)_L,L,descending_neuron,6
19787,LPLC2,LPLC2_L,L,10234,DNp35,DNp35(PVLP136)_L,L,descending_neuron,6
19787,LPLC2,LPLC2_L,L,10223,DNpe056,DNpe056(PVLP146)_L,L,descending_neuron,6
23919,LPLC2,LPLC2_L,L,10580,DNp70,DNp70(CL305)_L,L,descending_neuron,6
23919,LPLC2,LPLC2_L,L,519771,DNp71,DNp71(DNp09)_L,L,descending_neuron,6
20269,LPLC2,LPLC2_R,R,12628,DNpe042,DNpe042(CL262)_R,R,descending_neuron,6
19589,LPLC2,LPLC2_R,R,12628,DNpe042,DNpe042(CL262)_R,R,descending_neuron,6
19589,LPLC2,LPLC2_R,R,11159,DNp71,DNp71(DNp09)_R,R,descending_neuron,6
19034,LPLC2,LPLC2_R,R,11159,DNp71,DNp71(DNp09)_R,R,descending_neuron,6
31105,LPLC2,LPLC2_L,L,10931,DNpe045,DNpe045(DNp23)_L,L,descending_neuron,6
13764,LPLC2,LPLC2_L,L,10010,DNp01,DNp01(GF)_L,L,descending_neuron,6
20471,LPLC2,LPLC2_R,R,12628,DNpe042,DNpe042(CL262)_R,R,descending_neuron,6
20471,LPLC2,LPLC2_R,R,10558,DNp35,DNp35(PVLP136)_R,R,descending_neuron,6
27355,LPLC2,LPLC2_L,L,10234,DNp35,DNp35(PVLP136)_L,L,descending_neuron,6
517819,LPLC2,LPLC2_L,L,10449,DNpe025,DNpe025(PVLP145)_L,L,descending_neuron,6
25854,LPLC2,LPLC2_L,L,10228,DNp06,DNp06_L,L,descending_neuron,6
17990,LPLC2,LPLC2_L,L,10449,DNpe025,DNpe025(PVLP145)_L,L,descending_neuron,6
17990,LPLC2,LPLC2_L,L,10234,DNp35,DNp35(PVLP136)_L,L,descending_neuron,6
20749,LPLC2,LPLC2_R,R,11159,DNp71,DNp71(DNp09)_R,R,descending_neuron,6
521115,LPLC2,LPLC2_L,L,10223,DNpe056,DNpe056(PVLP146)_L,L,descending_neuron,6
35632,LPLC2,LPLC2_R,R,10732,DNpe056,DNpe056(PVLP146)_R,R,descending_neuron,6
35632,LPLC2,LPLC2_R,R,11159,DNp71,DNp71(DNp09)_R,R,descending_neuron,6
518731,LPLC2,LPLC2_L,L,10234,DNp35,DNp35(PVLP136)_L,L,descending_neuron,6
518731,LPLC2,LPLC2_L,L,10223,DNpe056,DNpe056(PVLP146)_L,L,descending_neuron,6
536444,LPLC2,LPLC2_L,L,10091,DNpe042,DNpe042(CL262)_L,L,descending_neuron,6
34655,LPLC2,LPLC2_L,L,10244,DNp55,DNp55(WED180)_L,L,descending_neuron,6
21045,LPLC2,LPLC2_R,R,10601,DNpe025,DNpe025(PVLP145)_R,R,descending_neuron,6
29287,LPLC2,LPLC2_R,R,12628,DNpe042,DNpe042(CL262)_R,R,descending_neuron,6
25572,LPLC2,LPLC2_L,L,10091,DNpe042,DNpe042(CL262)_L,L,descending_neuron,6
533895,LPLC2,LPLC2_L,L,531898,DNp04,DNp04_L,L,descending_neuron,6
34372,LPLC2,LPLC2_R,R,10584,DNp06,DNp06_R,R,descending_neuron,6
27399,LPLC2,LPLC2_L,L,10449,DNpe025,DNpe025(PVLP145)_L,L,descending_neuron,6
20182,LPLC2,LPLC2_R,R,10732,DNpe056,DNpe056(PVLP146)_R,R,descending_neuron,6
21562,LPLC2,LPLC2_R,R,11334,DNpe045,DNpe045(DNp23)_R,R,descending_neuron,6
27471,LPLC2,LPLC2_R,R,11159,DNp71,DNp71(DNp09)_R,R,descending_neuron,6
27471,LPLC2,LPLC2_R,R,10601,DNpe025,DNpe025(PVLP145)_R,R,descending_neuron,6
17774,LPLC2,LPLC2_L,L,10449,DNpe025,DNpe025(PVLP145)_L,L,descending_neuron,6
32223,LPLC2,LPLC2_L,L,10449,DNpe025,DNpe025(PVLP145)_L,L,descending_neuron,6
32223,LPLC2,LPLC2_L,L,10228,DNp06,DNp06_L,L,descending_neuron,6
32223,LPLC2,LPLC2_L,L,10091,DNpe042,DNpe042(CL262)_L,L,descending_neuron,6
28044,LPLC2,LPLC2_R,R,10584,DNp06,DNp06_R,R,descending_neuron,6
22261,LPLC2,LPLC2_R,R,10558,DNp35,DNp35(PVLP136)_R,R,descending_neuron,6
29014,LPLC2,LPLC2_R,R,10732,DNpe056,DNpe056(PVLP146)_R,R,descending_neuron,6
21899,LPLC2,LPLC2_R,R,10923,DNg40,DNg40(hb5813056435)_R,R,descending_neuron,6
14465,LPLC2,LPLC2_R,R,10584,DNp06,DNp06_R,R,descending_neuron,6
14465,LPLC2,LPLC2_R,R,10558,DNp35,DNp35(PVLP136)_R,R,descending_neuron,6
21361,LPLC2,LPLC2_L,L,10361,DNg40,DNg40(hb5813056435)_L,L,descending_neuron,6
21361,LPLC2,LPLC2_L,L,10091,DNpe042,DNpe042(CL262)_L,L,descending_neuron,6
26416,LPLC2,LPLC2_L,L,10590,DNpe052,DNpe052(AVLP564)_L,L,descending_neuron,6
20329,LPLC2,LPLC2_L,L,10449,DNpe025,DNpe025(PVLP145)_L,L,descending_neuron,6
24800,LPLC2,LPLC2_R,R,10558,DNp35,DNp35(PVLP136)_R,R,descending_neuron,6
21862,LPLC2,LPLC2_R,R,10584,DNp06,DNp06_R,R,descending_neuron,6
25511,LPLC2,LPLC2_R,R,10601,DNpe025,DNpe025(PVLP145)_R,R,descending_neuron,6
129687,LPLC2,LPLC2_L,L,10223,DNpe056,DNpe056(PVLP146)_L,L,descending_neuron,6
25209,LPLC2,LPLC2_L,L,10228,DNp06,DNp06_L,L,descending_neuron,6
33439,LPLC2,LPLC2_R,R,11137,DNp04,DNp04_R,R,descending_neuron,6
111903,LPLC2,LPLC2_L,L,10361,DNg40,DNg40(hb5813056435)_L,L,descending_neuron,6
111903,LPLC2,LPLC2_L,L,10234,DNp35,DNp35(PVLP136)_L,L,descending_neuron,6
111903,LPLC2,LPLC2_L,L,10010,DNp01,DNp01(GF)_L,L,descending_neuron,6
20808,LC4,LC4_R,R,10283,DNp103,DNp103(PVLP119)_R,R,descending_neuron,6
511914,LC4,LC4_L,L,10361,DNg40,DNg40(hb5813056435)_L,L,descending_neuron,6
511914,LC4,LC4_L,L,10228,DNp06,DNp06_L,L,descending_neuron,6
17987,LC4,LC4_R,R,10584,DNp06,DNp06_R,R,descending_neuron,6
17548,LC4,LC4_R,R,10584,DNp06,DNp06_R,R,descending_neuron,6
16917,LC4,LC4_L,L,10228,DNp06,DNp06_L,L,descending_neuron,6
18432,LC4,LC4_L,L,10228,DNp06,DNp06_L,L,descending_neuron,6
17668,LC4,LC4_R,R,10558,DNp35,DNp35(PVLP136)_R,R,descending_neuron,6
38065,LC4,LC4_R,R,10923,DNg40,DNg40(hb5813056435)_R,R,descending_neuron,6
38065,LC4,LC4_R,R,10558,DNp35,DNp35(PVLP136)_R,R,descending_neuron,6
27829,LC4,LC4_L,L,524001,DNp05,DNp05_L,L,descending_neuron,6
23226,LC4,LC4_L,L,10228,DNp06,DNp06_L,L,descending_neuron,6
23098,LC4,LC4_R,R,10601,DNpe025,DNpe025(PVLP145)_R,R,descending_neuron,6
23098,LC4,LC4_R,R,10106,DNp11,DNp11_R,R,descending_neuron,6
17340,LC4,LC4_L,L,10259,DNp11,DNp11_L,L,descending_neuron,6
22034,LC4,LC4_R,R,10989,DNp03,DNp03_R,R,descending_neuron,6
526286,LC4,LC4_L,L,10234,DNp35,DNp35(PVLP136)_L,L,descending_neuron,6
526286,LC4,LC4_L,L,10228,DNp06,DNp06_L,L,descending_neuron,6
33137,LC4,LC4_L,L,10234,DNp35,DNp35(PVLP136)_L,L,descending_neuron,6
18189,LC4,LC4_R,R,10989,DNp03,DNp03_R,R,descending_neuron,6
18189,LC4,LC4_R,R,10558,DNp35,DNp35(PVLP136)_R,R,descending_neuron,6
30087,LC4,LC4_L,L,11573,DNpe021,DNpe021(CL307)_L,L,descending_neuron,6
22847,LC4,LC4_R,R,10283,DNp103,DNp103(PVLP119)_R,R,descending_neuron,6
22847,LC4,LC4_R,R,575082,DNpe021,DNpe021_R,R,descending_neuron,6
20976,LC4,LC4_L,L,10449,DNpe025,DNpe025(PVLP145)_L,L,descending_neuron,6
31308,LC4,LC4_L,L,10234,DNp35,DNp35(PVLP136)_L,L,descending_neuron,6
516909,LC4,LC4_L,L,11573,DNpe021,DNpe021(CL307)_L,L,descending_neuron,6
31429,LC4,LC4_L,L,10234,DNp35,DNp35(PVLP136)_L,L,descending_neuron,6
19794,LC4,LC4_R,R,10283,DNp103,DNp103(PVLP119)_R,R,descending_neuron,6
22772,LC4,LC4_L,L,10228,DNp06,DNp06_L,L,descending_neuron,6
20917,LC4,LC4_R,R,10065,DNb05,DNb05_R,R,descending_neuron,6
77614,LC4,LC4_L,L,10361,DNg40,DNg40(hb5813056435)_L,L,descending_neuron,6
18396,LC4,LC4_L,L,11573,DNpe021,DNpe021(CL307)_L,L,descending_neuron,6
18396,LC4,LC4_L,L,10234,DNp35,DNp35(PVLP136)_L,L,descending_neuron,6
21225,LC4,LC4_R,R,10923,DNg40,DNg40(hb5813056435)_R,R,descending_neuron,6
25584,LC4,LC4_R,R,11020,DNp05,DNp05_R,R,descending_neuron,6
25584,LC4,LC4_R,R,10584,DNp06,DNp06_R,R,descending_neuron,6
28980,LC4,LC4_L,L,10234,DNp35,DNp35(PVLP136)_L,L,descending_neuron,6
29514,LC4,LC4_L,L,10228,DNp06,DNp06_L,L,descending_neuron,6
18478,LC4,LC4_L,L,10234,DNp35,DNp35(PVLP136)_L,L,descending_neuron,6
21336,LC4,LC4_R,R,11020,DNp05,DNp05_R,R,descending_neuron,6
29417,LC4,LC4_L,L,524001,DNp05,DNp05_L,L,descending_neuron,6
12032,LC4,LC4_L,L,10361,DNg40,DNg40(hb5813056435)_L,L,descending_neuron,6
12032,LC4,LC4_L,L,10234,DNp35,DNp35(PVLP136)_L,L,descending_neuron,6
12032,LC4,LC4_L,L,10228,DNp06,DNp06_L,L,descending_neuron,6
16128,LC4,LC4_R,R,10106,DNp11,DNp11_R,R,descending_neuron,6
15018,LC4,LC4_L,L,10197,DNp02,DNp02_L,L,descending_neuron,6
19260,LC4,LC4_R,R,10283,DNp103,DNp103(PVLP119)_R,R,descending_neuron,6
19550,LC4,LC4_R,R,10283,DNp103,DNp103(PVLP119)_R,R,descending_neuron,6
19420,LC4,LC4_R,R,10601,DNpe025,DNpe025(PVLP145)_R,R,descending_neuron,6
107513,LC4,LC4_L,L,10197,DNp02,DNp02_L,L,descending_neuron,6
20542,LC4,LC4_R,R,10923,DNg40,DNg40(hb5813056435)_R,R,descending_neuron,6
20542,LC4,LC4_R,R,10584,DNp06,DNp06_R,R,descending_neuron,6
37587,LC4,LC4_L,L,10197,DNp02,DNp02_L,L,descending_neuron,6
18127,LC4,LC4_R,R,10283,DNp103,DNp103(PVLP119)_R,R,descending_neuron,6
100485,LC4,LC4_L,L,10361,DNg40,DNg40(hb5813056435)_L,L,descending_neuron,6
27716,LPLC2,LPLC2_L,L,10931,DNpe045,DNpe045(DNp23)_L,L,descending_neuron,5
35294,LPLC2,LPLC2_L,L,10234,DNp35,DNp35(PVLP136)_L,L,descending_neuron,5
18672,LPLC2,LPLC2_R,R,12628,DNpe042,DNpe042(CL262)_R,R,descending_neuron,5
31563,LPLC2,LPLC2_L,L,10244,DNp55,DNp55(WED180)_L,L,descending_neuron,5
22218,LPLC2,LPLC2_R,R,11159,DNp71,DNp71(DNp09)_R,R,descending_neuron,5
22218,LPLC2,LPLC2_R,R,10558,DNp35,DNp35(PVLP136)_R,R,descending_neuron,5
30893,LPLC2,LPLC2_L,L,10931,DNpe045,DNpe045(DNp23)_L,L,descending_neuron,5
37431,LPLC2,LPLC2_R,R,11334,DNpe045,DNpe045(DNp23)_R,R,descending_neuron,5
37431,LPLC2,LPLC2_R,R,10732,DNpe056,DNpe056(PVLP146)_R,R,descending_neuron,5
38542,LPLC2,LPLC2_R,R,12628,DNpe042,DNpe042(CL262)_R,R,descending_neuron,5
38542,LPLC2,LPLC2_R,R,10584,DNp06,DNp06_R,R,descending_neuron,5
38542,LPLC2,LPLC2_R,R,10001,DNp01,DNp01(GF)_R,R,descending_neuron,5
41097,LPLC2,LPLC2_L,L,10244,DNp55,DNp55(WED180)_L,L,descending_neuron,5
18900,LPLC2,LPLC2_L,L,10449,DNpe025,DNpe025(PVLP145)_L,L,descending_neuron,5
18900,LPLC2,LPLC2_L,L,10234,DNp35,DNp35(PVLP136)_L,L,descending_neuron,5
18900,LPLC2,LPLC2_L,L,10228,DNp06,DNp06_L,L,descending_neuron,5
21299,LPLC2,LPLC2_L,L,10234,DNp35,DNp35(PVLP136)_L,L,descending_neuron,5
24308,LPLC2,LPLC2_L,L,10091,DNpe042,DNpe042(CL262)_L,L,descending_neuron,5
22677,LPLC2,LPLC2_R,R,575082,DNpe021,DNpe021_R,R,descending_neuron,5
30207,LPLC2,LPLC2_R,R,11159,DNp71,DNp71(DNp09)_R,R,descending_neuron,5
24118,LPLC2,LPLC2_R,R,10584,DNp06,DNp06_R,R,descending_neuron,5
27796,LPLC2,LPLC2_L,L,10228,DNp06,DNp06_L,L,descending_neuron,5
33406,LPLC2,LPLC2_L,L,519771,DNp71,DNp71(DNp09)_L,L,descending_neuron,5
28011,LPLC2,LPLC2_L,L,10234,DNp35,DNp35(PVLP136)_L,L,descending_neuron,5
28011,LPLC2,LPLC2_L,L,10228,DNp06,DNp06_L,L,descending_neuron,5
28011,LPLC2,LPLC2_L,L,10091,DNpe042,DNpe042(CL262)_L,L,descending_neuron,5
524366,LPLC2,LPLC2_L,L,10091,DNpe042,DNpe042(CL262)_L,L,descending_neuron,5
29873,LPLC2,LPLC2_R,R,11334,DNpe045,DNpe045(DNp23)_R,R,descending_neuron,5
29873,LPLC2,LPLC2_R,R,10601,DNpe025,DNpe025(PVLP145)_R,R,descending_neuron,5
29955,LPLC2,LPLC2_L,L,531898,DNp04,DNp04_L,L,descending_neuron,5
32237,LPLC2,LPLC2_L,L,10783,DNp09,DNp09_L,L,descending_neuron,5
25316,LPLC2,LPLC2_R,R,12628,DNpe042,DNpe042(CL262)_R,R,descending_neuron,5
37613,LPLC2,LPLC2_R,R,10001,DNp01,DNp01(GF)_R,R,descending_neuron,5
20047,LPLC2,LPLC2_R,R,11159,DNp71,DNp71(DNp09)_R,R,descending_neuron,5
35838,LPLC2,LPLC2_R,R,10732,DNpe056,DNpe056(PVLP146)_R,R,descending_neuron,5
25286,LPLC2,LPLC2_L,L,10590,DNpe052,DNpe052(AVLP564)_L,L,descending_neuron,5
28188,LPLC2,LPLC2_L,L,519771,DNp71,DNp71(DNp09)_L,L,descending_neuron,5
15804,LPLC2,LPLC2_L,L,10590,DNpe052,DNpe052(AVLP564)_L,L,descending_neuron,5
21808,LPLC2,LPLC2_R,R,12628,DNpe042,DNpe042(CL262)_R,R,descending_neuron,5
34110,LPLC2,LPLC2_R,R,11137,DNp04,DNp04_R,R,descending_neuron,5
25267,LPLC2,LPLC2_R,R,11137,DNp04,DNp04_R,R,descending_neuron,5
25267,LPLC2,LPLC2_R,R,10584,DNp06,DNp06_R,R,descending_neuron,5
27566,LPLC2,LPLC2_R,R,10558,DNp35,DNp35(PVLP136)_R,R,descending_neuron,5
30512,LPLC2,LPLC2_L,L,519771,DNp71,DNp71(DNp09)_L,L,descending_neuron,5
30512,LPLC2,LPLC2_L,L,10783,DNp09,DNp09_L,L,descending_neuron,5
30512,LPLC2,LPLC2_L,L,10234,DNp35,DNp35(PVLP136)_L,L,descending_neuron,5
30512,LPLC2,LPLC2_L,L,10223,DNpe056,DNpe056(PVLP146)_L,L,descending_neuron,5
12384,LPLC2,LPLC2_L,L,10223,DNpe056,DNpe056(PVLP146)_L,L,descending_neuron,5
17544,LPLC2,LPLC2_L,L,10931,DNpe045,DNpe045(DNp23)_L,L,descending_neuron,5
13726,LPLC2,LPLC2_L,L,10361,DNg40,DNg40(hb5813056435)_L,L,descending_neuron,5
29391,LPLC2,LPLC2_R,R,11133,DNp70,DNp70(CL305)_R,R,descending_neuron,5
26393,LPLC2,LPLC2_R,R,11334,DNpe045,DNpe045(DNp23)_R,R,descending_neuron,5
26393,LPLC2,LPLC2_R,R,10584,DNp06,DNp06_R,R,descending_neuron,5
23247,LPLC2,LPLC2_L,L,10223,DNpe056,DNpe056(PVLP146)_L,L,descending_neuron,5
134521,LPLC2,LPLC2_L,L,519771,DNp71,DNp71(DNp09)_L,L,descending_neuron,5
19589,LPLC2,LPLC2_R,R,575082,DNpe021,DNpe021_R,R,descending_neuron,5
31105,LPLC2,LPLC2_L,L,10228,DNp06,DNp06_L,L,descending_neuron,5
13764,LPLC2,LPLC2_L,L,10590,DNpe052,DNpe052(AVLP564)_L,L,descending_neuron,5
20584,LPLC2,LPLC2_R,R,10584,DNp06,DNp06_R,R,descending_neuron,5
27355,LPLC2,LPLC2_L,L,10244,DNp55,DNp55(WED180)_L,L,descending_neuron,5
27355,LPLC2,LPLC2_L,L,10091,DNpe042,DNpe042(CL262)_L,L,descending_neuron,5
32737,LPLC2,LPLC2_L,L,10228,DNp06,DNp06_L,L,descending_neuron,5
32737,LPLC2,LPLC2_L,L,10091,DNpe042,DNpe042(CL262)_L,L,descending_neuron,5
25524,LPLC2,LPLC2_L,L,519771,DNp71,DNp71(DNp09)_L,L,descending_neuron,5
517819,LPLC2,LPLC2_L,L,10223,DNpe056,DNpe056(PVLP146)_L,L,descending_neuron,5
30041,LPLC2,LPLC2_R,R,11159,DNp71,DNp71(DNp09)_R,R,descending_neuron,5
25854,LPLC2,LPLC2_L,L,10223,DNpe056,DNpe056(PVLP146)_L,L,descending_neuron,5
17990,LPLC2,LPLC2_L,L,10590,DNpe052,DNpe052(AVLP564)_L,L,descending_neuron,5
20749,LPLC2,LPLC2_R,R,10296,DNge054,DNge054_R,R,descending_neuron,5
19229,LPLC2,LPLC2_R,R,10732,DNpe056,DNpe056(PVLP146)_R,R,descending_neuron,5
25136,LPLC2,LPLC2_L,L,10361,DNg40,DNg40(hb5813056435)_L,L,descending_neuron,5
25136,LPLC2,LPLC2_L,L,10234,DNp35,DNp35(PVLP136)_L,L,descending_neuron,5
20240,LPLC2,LPLC2_L,L,519771,DNp71,DNp71(DNp09)_L,L,descending_neuron,5
521115,LPLC2,LPLC2_L,L,10931,DNpe045,DNpe045(DNp23)_L,L,descending_neuron,5
50287,LPLC2,LPLC2_R,R,12628,DNpe042,DNpe042(CL262)_R,R,descending_neuron,5
515971,LPLC2,LPLC2_L,L,10449,DNpe025,DNpe025(PVLP145)_L,L,descending_neuron,5
35632,LPLC2,LPLC2_R,R,10558,DNp35,DNp35(PVLP136)_R,R,descending_neuron,5
28741,LPLC2,LPLC2_R,R,11137,DNp04,DNp04_R,R,descending_neuron,5
518731,LPLC2,LPLC2_L,L,10228,DNp06,DNp06_L,L,descending_neuron,5
34655,LPLC2,LPLC2_L,L,531898,DNp04,DNp04_L,L,descending_neuron,5
19842,LPLC2,LPLC2_R,R,10001,DNp01,DNp01(GF)_R,R,descending_neuron,5
26528,LPLC2,LPLC2_L,L,10259,DNp11,DNp11_L,L,descending_neuron,5
21045,LPLC2,LPLC2_R,R,10558,DNp35,DNp35(PVLP136)_R,R,descending_neuron,5
18929,LPLC2,LPLC2_R,R,11632,DNpe052,DNpe052(AVLP564)_R,R,descending_neuron,5
18929,LPLC2,LPLC2_R,R,11159,DNp71,DNp71(DNp09)_R,R,descending_neuron,5
18929,LPLC2,LPLC2_R,R,10001,DNp01,DNp01(GF)_R,R,descending_neuron,5
37925,LPLC2,LPLC2_R,R,11334,DNpe045,DNpe045(DNp23)_R,R,descending_neuron,5
34372,LPLC2,LPLC2_R,R,12628,DNpe042,DNpe042(CL262)_R,R,descending_neuron,5
34372,LPLC2,LPLC2_R,R,11334,DNpe045,DNpe045(DNp23)_R,R,descending_neuron,5
27399,LPLC2,LPLC2_L,L,10244,DNp55,DNp55(WED180)_L,L,descending_neuron,5
27399,LPLC2,LPLC2_L,L,10228,DNp06,DNp06_L,L,descending_neuron,5
17774,LPLC2,LPLC2_L,L,10228,DNp06,DNp06_L,L,descending_neuron,5
32223,LPLC2,LPLC2_L,L,519771,DNp71,DNp71(DNp09)_L,L,descending_neuron,5
22261,LPLC2,LPLC2_R,R,10601,DNpe025,DNpe025(PVLP145)_R,R,descending_neuron,5
40841,LPLC2,LPLC2_L,L,519771,DNp71,DNp71(DNp09)_L,L,descending_neuron,5
26730,LPLC2,LPLC2_R,R,10732,DNpe056,DNpe056(PVLP146)_R,R,descending_neuron,5
35889,LPLC2,LPLC2_R,R,10601,DNpe025,DNpe025(PVLP145)_R,R,descending_neuron,5
517079,LPLC2,LPLC2_L,L,10244,DNp55,DNp55(WED180)_L,L,descending_neuron,5
21361,LPLC2,LPLC2_L,L,10228,DNp06,DNp06_L,L,descending_neuron,5
26416,LPLC2,LPLC2_L,L,10449,DNpe025,DNpe025(PVLP145)_L,L,descending_neuron,5
17775,LPLC2,LPLC2_L,L,10449,DNpe025,DNpe025(PVLP145)_L,L,descending_neuron,5
20329,LPLC2,LPLC2_L,L,10234,DNp35,DNp35(PVLP136)_L,L,descending_neuron,5
39620,LPLC2,LPLC2_R,R,11334,DNpe045,DNpe045(DNp23)_R,R,descending_neuron,5
39620,LPLC2,LPLC2_R,R,11159,DNp71,DNp71(DNp09)_R,R,descending_neuron,5
19146,LPLC2,LPLC2_R,R,11159,DNp71,DNp71(DNp09)_R,R,descending_neuron,5
19146,LPLC2,LPLC2_R,R,10584,DNp06,DNp06_R,R,descending_neuron,5
21862,LPLC2,LPLC2_R,R,11159,DNp71,DNp71(DNp09)_R,R,descending_neuron,5
21862,LPLC2,LPLC2_R,R,10558,DNp35,DNp35(PVLP136)_R,R,descending_neuron,5
23497,LPLC2,LPLC2_R,R,11159,DNp71,DNp71(DNp09)_R,R,descending_neuron,5
23497,LPLC2,LPLC2_R,R,10601,DNpe025,DNpe025(PVLP145)_R,R,descending_neuron,5
35680,LPLC2,LPLC2_R,R,10732,DNpe056,DNpe056(PVLP146)_R,R,descending_neuron,5
25511,LPLC2,LPLC2_R,R,12628,DNpe042,DNpe042(CL262)_R,R,descending_neuron,5
129687,LPLC2,LPLC2_L,L,10228,DNp06,DNp06_L,L,descending_neuron,5
28003,LPLC2,LPLC2_R,R,12628,DNpe042,DNpe042(CL262)_R,R,descending_neuron,5
29986,LPLC2,LPLC2_R,R,10601,DNpe025,DNpe025(PVLP145)_R,R,descending_neuron,5
29986,LPLC2,LPLC2_R,R,10558,DNp35,DNp35(PVLP136)_R,R,descending_neuron,5
25209,LPLC2,LPLC2_L,L,519771,DNp71,DNp71(DNp09)_L,L,descending_neuron,5
25209,LPLC2,LPLC2_L,L,10234,DNp35,DNp35(PVLP136)_L,L,descending_neuron,5
95241,LPLC2,LPLC2_L,L,10228,DNp06,DNp06_L,L,descending_neuron,5
40811,LPLC2,LPLC2_L,L,10091,DNpe042,DNpe042(CL262)_L,L,descending_neuron,5
20808,LC4,LC4_R,R,10584,DNp06,DNp06_R,R,descending_neuron,5
520449,LC4,LC4_L,L,10234,DNp35,DNp35(PVLP136)_L,L,descending_neuron,5
17987,LC4,LC4_R,R,10283,DNp103,DNp103(PVLP119)_R,R,descending_neuron,5
17987,LC4,LC4_R,R,10106,DNp11,DNp11_R,R,descending_neuron,5
19543,LC4,LC4_R,R,10584,DNp06,DNp06_R,R,descending_neuron,5
19543,LC4,LC4_R,R,10558,DNp35,DNp35(PVLP136)_R,R,descending_neuron,5
19634,LC4,LC4_R,R,10283,DNp103,DNp103(PVLP119)_R,R,descending_neuron,5
17548,LC4,LC4_R,R,10601,DNpe025,DNpe025(PVLP145)_R,R,descending_neuron,5
532254,LC4,LC4_L,L,10228,DNp06,DNp06_L,L,descending_neuron,5
16809,LC4,LC4_L,L,10228,DNp06,DNp06_L,L,descending_neuron,5
19954,LC4,LC4_R,R,10923,DNg40,DNg40(hb5813056435)_R,R,descending_neuron,5
19954,LC4,LC4_R,R,10584,DNp06,DNp06_R,R,descending_neuron,5
20859,LC4,LC4_L,L,10417,DNp103,DNp103(PVLP119)_L,L,descending_neuron,5
20859,LC4,LC4_L,L,10118,DNb05,DNb05_L,L,descending_neuron,5
23226,LC4,LC4_L,L,11573,DNpe021,DNpe021(CL307)_L,L,descending_neuron,5
518983,LC4,LC4_L,L,10449,DNpe025,DNpe025(PVLP145)_L,L,descending_neuron,5
518983,LC4,LC4_L,L,10234,DNp35,DNp35(PVLP136)_L,L,descending_neuron,5
12349,LC4,LC4_L,L,10449,DNpe025,DNpe025(PVLP145)_L,L,descending_neuron,5
17478,LC4,LC4_L,L,10234,DNp35,DNp35(PVLP136)_L,L,descending_neuron,5
17653,LC4,LC4_L,L,10259,DNp11,DNp11_L,L,descending_neuron,5
20967,LC4,LC4_L,L,10449,DNpe025,DNpe025(PVLP145)_L,L,descending_neuron,5
35616,LC4,LC4_L,L,10361,DNg40,DNg40(hb5813056435)_L,L,descending_neuron,5
535341,LC4,LC4_L,L,524001,DNp05,DNp05_L,L,descending_neuron,5
535341,LC4,LC4_L,L,10234,DNp35,DNp35(PVLP136)_L,L,descending_neuron,5
515476,LC4,LC4_L,L,11573,DNpe021,DNpe021(CL307)_L,L,descending_neuron,5
515476,LC4,LC4_L,L,10234,DNp35,DNp35(PVLP136)_L,L,descending_neuron,5
30803,LC4,LC4_R,R,10283,DNp103,DNp103(PVLP119)_R,R,descending_neuron,5
524899,LC4,LC4_L,L,10234,DNp35,DNp35(PVLP136)_L,L,descending_neuron,5
32597,LC4,LC4_L,L,10234,DNp35,DNp35(PVLP136)_L,L,descending_neuron,5
33137,LC4,LC4_L,L,10449,DNpe025,DNpe025(PVLP145)_L,L,descending_neuron,5
27750,LC4,LC4_L,L,10417,DNp103,DNp103(PVLP119)_L,L,descending_neuron,5
17860,LC4,LC4_R,R,10584,DNp06,DNp06_R,R,descending_neuron,5
21287,LC4,LC4_R,R,575082,DNpe021,DNpe021_R,R,descending_neuron,5
20572,LC4,LC4_L,L,10234,DNp35,DNp35(PVLP136)_L,L,descending_neuron,5
20399,LC4,LC4_R,R,11020,DNp05,DNp05_R,R,descending_neuron,5
17608,LC4,LC4_L,L,11573,DNpe021,DNpe021(CL307)_L,L,descending_neuron,5
22847,LC4,LC4_R,R,11020,DNp05,DNp05_R,R,descending_neuron,5
22847,LC4,LC4_R,R,10923,DNg40,DNg40(hb5813056435)_R,R,descending_neuron,5
20673,LC4,LC4_R,R,10584,DNp06,DNp06_R,R,descending_neuron,5
516909,LC4,LC4_L,L,10449,DNpe025,DNpe025(PVLP145)_L,L,descending_neuron,5
17266,LC4,LC4_R,R,575082,DNpe021,DNpe021_R,R,descending_neuron,5
22194,LC4,LC4_R,R,10558,DNp35,DNp35(PVLP136)_R,R,descending_neuron,5
22328,LC4,LC4_R,R,10584,DNp06,DNp06_R,R,descending_neuron,5
22922,LC4,LC4_L,L,10449,DNpe025,DNpe025(PVLP145)_L,L,descending_neuron,5
18478,LC4,LC4_L,L,11573,DNpe021,DNpe021(CL307)_L,L,descending_neuron,5
20282,LC4,LC4_R,R,10584,DNp06,DNp06_R,R,descending_neuron,5
21336,LC4,LC4_R,R,10283,DNp103,DNp103(PVLP119)_R,R,descending_neuron,5
21336,LC4,LC4_R,R,10558,DNp35,DNp35(PVLP136)_R,R,descending_neuron,5
23792,LC4,LC4_R,R,11020,DNp05,DNp05_R,R,descending_neuron,5
23792,LC4,LC4_R,R,10558,DNp35,DNp35(PVLP136)_R,R,descending_neuron,5
519650,LC4,LC4_L,L,10361,DNg40,DNg40(hb5813056435)_L,L,descending_neuron,5
29417,LC4,LC4_L,L,10228,DNp06,DNp06_L,L,descending_neuron,5
12824,LC4,LC4_L,L,10449,DNpe025,DNpe025(PVLP145)_L,L,descending_neuron,5
17054,LC4,LC4_R,R,10283,DNp103,DNp103(PVLP119)_R,R,descending_neuron,5
16128,LC4,LC4_R,R,10923,DNg40,DNg40(hb5813056435)_R,R,descending_neuron,5
20016,LC4,LC4_R,R,10923,DNg40,DNg40(hb5813056435)_R,R,descending_neuron,5
514508,LC4,LC4_L,L,524001,DNp05,DNp05_L,L,descending_neuron,5
21151,LC4,LC4_R,R,10558,DNp35,DNp35(PVLP136)_R,R,descending_neuron,5
530029,LC4,LC4_L,L,11573,DNpe021,DNpe021(CL307)_L,L,descending_neuron,5
21313,LC4,LC4_R,R,10106,DNp11,DNp11_R,R,descending_neuron,5
26147,LPLC2,LPLC2_R,R,10601,DNpe025,DNpe025(PVLP145)_R,R,descending_neuron,4
24605,LPLC2,LPLC2_L,L,10377,DNge054,DNge054_L,L,descending_neuron,4
27716,LPLC2,LPLC2_L,L,10234,DNp35,DNp35(PVLP136)_L,L,descending_neuron,4
17880,LPLC2,LPLC2_L,L,10234,DNp35,DNp35(PVLP136)_L,L,descending_neuron,4
17880,LPLC2,LPLC2_L,L,10228,DNp06,DNp06_L,L,descending_neuron,4
18936,LPLC2,LPLC2_L,L,10449,DNpe025,DNpe025(PVLP145)_L,L,descending_neuron,4
35294,LPLC2,LPLC2_L,L,519771,DNp71,DNp71(DNp09)_L,L,descending_neuron,4
31563,LPLC2,LPLC2_L,L,10449,DNpe025,DNpe025(PVLP145)_L,L,descending_neuron,4
31563,LPLC2,LPLC2_L,L,10091,DNpe042,DNpe042(CL262)_L,L,descending_neuron,4
29216,LPLC2,LPLC2_R,R,11137,DNp04,DNp04_R,R,descending_neuron,4
29216,LPLC2,LPLC2_R,R,10584,DNp06,DNp06_R,R,descending_neuron,4
112292,LPLC2,LPLC2_L,L,10228,DNp06,DNp06_L,L,descending_neuron,4
26915,LPLC2,LPLC2_R,R,11159,DNp71,DNp71(DNp09)_R,R,descending_neuron,4
26915,LPLC2,LPLC2_R,R,10558,DNp35,DNp35(PVLP136)_R,R,descending_neuron,4
33303,LPLC2,LPLC2_L,L,10449,DNpe025,DNpe025(PVLP145)_L,L,descending_neuron,4
21299,LPLC2,LPLC2_L,L,524001,DNp05,DNp05_L,L,descending_neuron,4
24308,LPLC2,LPLC2_L,L,10931,DNpe045,DNpe045(DNp23)_L,L,descending_neuron,4
23665,LPLC2,LPLC2_L,L,10244,DNp55,DNp55(WED180)_L,L,descending_neuron,4
23665,LPLC2,LPLC2_L,L,10091,DNpe042,DNpe042(CL262)_L,L,descending_neuron,4
24118,LPLC2,LPLC2_R,R,11334,DNpe045,DNpe045(DNp23)_R,R,descending_neuron,4
27796,LPLC2,LPLC2_L,L,10234,DNp35,DNp35(PVLP136)_L,L,descending_neuron,4
20162,LPLC2,LPLC2_R,R,10601,DNpe025,DNpe025(PVLP145)_R,R,descending_neuron,4
20103,LPLC2,LPLC2_R,R,10584,DNp06,DNp06_R,R,descending_neuron,4
524366,LPLC2,LPLC2_L,L,10361,DNg40,DNg40(hb5813056435)_L,L,descending_neuron,4
21769,LPLC2,LPLC2_R,R,11334,DNpe045,DNpe045(DNp23)_R,R,descending_neuron,4
21769,LPLC2,LPLC2_R,R,11159,DNp71,DNp71(DNp09)_R,R,descending_neuron,4
19830,LPLC2,LPLC2_L,L,10377,DNge054,DNge054_L,L,descending_neuron,4
29873,LPLC2,LPLC2_R,R,10732,DNpe056,DNpe056(PVLP146)_R,R,descending_neuron,4
29873,LPLC2,LPLC2_R,R,10584,DNp06,DNp06_R,R,descending_neuron,4
30895,LPLC2,LPLC2_L,L,10449,DNpe025,DNpe025(PVLP145)_L,L,descending_neuron,4
28871,LPLC2,LPLC2_R,R,10584,DNp06,DNp06_R,R,descending_neuron,4
25027,LPLC2,LPLC2_L,L,10449,DNpe025,DNpe025(PVLP145)_L,L,descending_neuron,4
25316,LPLC2,LPLC2_R,R,10732,DNpe056,DNpe056(PVLP146)_R,R,descending_neuron,4
531014,LPLC2,LPLC2_L,L,10244,DNp55,DNp55(WED180)_L,L,descending_neuron,4
23349,LPLC2,LPLC2_L,L,10223,DNpe056,DNpe056(PVLP146)_L,L,descending_neuron,4
37613,LPLC2,LPLC2_R,R,10732,DNpe056,DNpe056(PVLP146)_R,R,descending_neuron,4
20047,LPLC2,LPLC2_R,R,12628,DNpe042,DNpe042(CL262)_R,R,descending_neuron,4
20047,LPLC2,LPLC2_R,R,10601,DNpe025,DNpe025(PVLP145)_R,R,descending_neuron,4
20047,LPLC2,LPLC2_R,R,10558,DNp35,DNp35(PVLP136)_R,R,descending_neuron,4
34681,LPLC2,LPLC2_R,R,10732,DNpe056,DNpe056(PVLP146)_R,R,descending_neuron,4
35838,LPLC2,LPLC2_R,R,11133,DNp70,DNp70(CL305)_R,R,descending_neuron,4
35838,LPLC2,LPLC2_R,R,10001,DNp01,DNp01(GF)_R,R,descending_neuron,4
15804,LPLC2,LPLC2_L,L,10361,DNg40,DNg40(hb5813056435)_L,L,descending_neuron,4
15804,LPLC2,LPLC2_L,L,10234,DNp35,DNp35(PVLP136)_L,L,descending_neuron,4
24187,LPLC2,LPLC2_R,R,10601,DNpe025,DNpe025(PVLP145)_R,R,descending_neuron,4
29702,LPLC2,LPLC2_L,L,10244,DNp55,DNp55(WED180)_L,L,descending_neuron,4
21808,LPLC2,LPLC2_R,R,10732,DNpe056,DNpe056(PVLP146)_R,R,descending_neuron,4
21808,LPLC2,LPLC2_R,R,10601,DNpe025,DNpe025(PVLP145)_R,R,descending_neuron,4
29183,LPLC2,LPLC2_R,R,11159,DNp71,DNp71(DNp09)_R,R,descending_neuron,4
29183,LPLC2,LPLC2_R,R,10558,DNp35,DNp35(PVLP136)_R,R,descending_neuron,4
34110,LPLC2,LPLC2_R,R,11334,DNpe045,DNpe045(DNp23)_R,R,descending_neuron,4
25267,LPLC2,LPLC2_R,R,10296,DNge054,DNge054_R,R,descending_neuron,4
25267,LPLC2,LPLC2_R,R,10732,DNpe056,DNpe056(PVLP146)_R,R,descending_neuron,4
27566,LPLC2,LPLC2_R,R,12628,DNpe042,DNpe042(CL262)_R,R,descending_neuron,4
27566,LPLC2,LPLC2_R,R,11159,DNp71,DNp71(DNp09)_R,R,descending_neuron,4
24401,LPLC2,LPLC2_R,R,12628,DNpe042,DNpe042(CL262)_R,R,descending_neuron,4
24401,LPLC2,LPLC2_R,R,11159,DNp71,DNp71(DNp09)_R,R,descending_neuron,4
33396,LPLC2,LPLC2_R,R,12628,DNpe042,DNpe042(CL262)_R,R,descending_neuron,4
17544,LPLC2,LPLC2_L,L,10580,DNp70,DNp70(CL305)_L,L,descending_neuron,4
17544,LPLC2,LPLC2_L,L,10091,DNpe042,DNpe042(CL262)_L,L,descending_neuron,4
13726,LPLC2,LPLC2_L,L,10091,DNpe042,DNpe042(CL262)_L,L,descending_neuron,4
29391,LPLC2,LPLC2_R,R,10584,DNp06,DNp06_R,R,descending_neuron,4
26393,LPLC2,LPLC2_R,R,12628,DNpe042,DNpe042(CL262)_R,R,descending_neuron,4
22253,LPLC2,LPLC2_L,L,10234,DNp35,DNp35(PVLP136)_L,L,descending_neuron,4
19911,LPLC2,LPLC2_L,L,10449,DNpe025,DNpe025(PVLP145)_L,L,descending_neuron,4
19911,LPLC2,LPLC2_L,L,10091,DNpe042,DNpe042(CL262)_L,L,descending_neuron,4
23247,LPLC2,LPLC2_L,L,10361,DNg40,DNg40(hb5813056435)_L,L,descending_neuron,4
20269,LPLC2,LPLC2_R,R,10584,DNp06,DNp06_R,R,descending_neuron,4
134521,LPLC2,LPLC2_L,L,10931,DNpe045,DNpe045(DNp23)_L,L,descending_neuron,4
19249,LPLC2,LPLC2_R,R,575082,DNpe021,DNpe021_R,R,descending_neuron,4
24268,LPLC2,LPLC2_R,R,11334,DNpe045,DNpe045(DNp23)_R,R,descending_neuron,4
24268,LPLC2,LPLC2_R,R,11177,DNp09,DNp09_R,R,descending_neuron,4
24268,LPLC2,LPLC2_R,R,11159,DNp71,DNp71(DNp09)_R,R,descending_neuron,4
24268,LPLC2,LPLC2_R,R,10957,DNp69,DNp69(CL304)_R,R,descending_neuron,4
14030,LPLC2,LPLC2_L,L,10010,DNp01,DNp01(GF)_L,L,descending_neuron,4
31105,LPLC2,LPLC2_L,L,10234,DNp35,DNp35(PVLP136)_L,L,descending_neuron,4
21703,LPLC2,LPLC2_R,R,10584,DNp06,DNp06_R,R,descending_neuron,4
25497,LPLC2,LPLC2_R,R,10584,DNp06,DNp06_R,R,descending_neuron,4
25497,LPLC2,LPLC2_R,R,10558,DNp35,DNp35(PVLP136)_R,R,descending_neuron,4
520764,LPLC2,LPLC2_L,L,10259,DNp11,DNp11_L,L,descending_neuron,4
20471,LPLC2,LPLC2_R,R,11159,DNp71,DNp71(DNp09)_R,R,descending_neuron,4
20471,LPLC2,LPLC2_R,R,10584,DNp06,DNp06_R,R,descending_neuron,4
24840,LPLC2,LPLC2_L,L,10449,DNpe025,DNpe025(PVLP145)_L,L,descending_neuron,4
24840,LPLC2,LPLC2_L,L,10228,DNp06,DNp06_L,L,descending_neuron,4
34407,LPLC2,LPLC2_L,L,10228,DNp06,DNp06_L,L,descending_neuron,4
25524,LPLC2,LPLC2_L,L,10234,DNp35,DNp35(PVLP136)_L,L,descending_neuron,4
25854,LPLC2,LPLC2_L,L,519771,DNp71,DNp71(DNp09)_L,L,descending_neuron,4
521115,LPLC2,LPLC2_L,L,519771,DNp71,DNp71(DNp09)_L,L,descending_neuron,4
21318,LPLC2,LPLC2_R,R,10296,DNge054,DNge054_R,R,descending_neuron,4
21318,LPLC2,LPLC2_R,R,10001,DNp01,DNp01(GF)_R,R,descending_neuron,4
50287,LPLC2,LPLC2_R,R,10601,DNpe025,DNpe025(PVLP145)_R,R,descending_neuron,4
515971,LPLC2,LPLC2_L,L,10244,DNp55,DNp55(WED180)_L,L,descending_neuron,4
515971,LPLC2,LPLC2_L,L,10223,DNpe056,DNpe056(PVLP146)_L,L,descending_neuron,4
515971,LPLC2,LPLC2_L,L,10091,DNpe042,DNpe042(CL262)_L,L,descending_neuron,4
35632,LPLC2,LPLC2_R,R,10001,DNp01,DNp01(GF)_R,R,descending_neuron,4
28741,LPLC2,LPLC2_R,R,10584,DNp06,DNp06_R,R,descending_neuron,4
28741,LPLC2,LPLC2_R,R,10558,DNp35,DNp35(PVLP136)_R,R,descending_neuron,4
24568,LPLC2,LPLC2_L,L,10223,DNpe056,DNpe056(PVLP146)_L,L,descending_neuron,4
34655,LPLC2,LPLC2_L,L,10091,DNpe042,DNpe042(CL262)_L,L,descending_neuron,4
26528,LPLC2,LPLC2_L,L,10228,DNp06,DNp06_L,L,descending_neuron,4
26528,LPLC2,LPLC2_L,L,10091,DNpe042,DNpe042(CL262)_L,L,descending_neuron,4
33965,LPLC2,LPLC2_L,L,10234,DNp35,DNp35(PVLP136)_L,L,descending_neuron,4
29287,LPLC2,LPLC2_R,R,11334,DNpe045,DNpe045(DNp23)_R,R,descending_neuron,4
533895,LPLC2,LPLC2_L,L,10091,DNpe042,DNpe042(CL262)_L,L,descending_neuron,4
20799,LPLC2,LPLC2_L,L,10234,DNp35,DNp35(PVLP136)_L,L,descending_neuron,4
20799,LPLC2,LPLC2_L,L,10091,DNpe042,DNpe042(CL262)_L,L,descending_neuron,4
37925,LPLC2,LPLC2_R,R,11088,DNp55,DNp55(WED180)_R,R,descending_neuron,4
29753,LPLC2,LPLC2_L,L,10783,DNp09,DNp09_L,L,descending_neuron,4
29753,LPLC2,LPLC2_L,L,10234,DNp35,DNp35(PVLP136)_L,L,descending_neuron,4
29753,LPLC2,LPLC2_L,L,10228,DNp06,DNp06_L,L,descending_neuron,4
29753,LPLC2,LPLC2_L,L,519771,DNp71,DNp71(DNp09)_L,L,descending_neuron,4
27471,LPLC2,LPLC2_R,R,10558,DNp35,DNp35(PVLP136)_R,R,descending_neuron,4
17774,LPLC2,LPLC2_L,L,10234,DNp35,DNp35(PVLP136)_L,L,descending_neuron,4
40841,LPLC2,LPLC2_L,L,10449,DNpe025,DNpe025(PVLP145)_L,L,descending_neuron,4
23550,LPLC2,LPLC2_L,L,10234,DNp35,DNp35(PVLP136)_L,L,descending_neuron,4
17059,LPLC2,LPLC2_L,L,10449,DNpe025,DNpe025(PVLP145)_L,L,descending_neuron,4
26730,LPLC2,LPLC2_R,R,10923,DNg40,DNg40(hb5813056435)_R,R,descending_neuron,4
25575,LPLC2,LPLC2_L,L,519771,DNp71,DNp71(DNp09)_L,L,descending_neuron,4
25575,LPLC2,LPLC2_L,L,10361,DNg40,DNg40(hb5813056435)_L,L,descending_neuron,4
25636,LPLC2,LPLC2_R,R,10601,DNpe025,DNpe025(PVLP145)_R,R,descending_neuron,4
517079,LPLC2,LPLC2_L,L,10091,DNpe042,DNpe042(CL262)_L,L,descending_neuron,4
14465,LPLC2,LPLC2_R,R,11159,DNp71,DNp71(DNp09)_R,R,descending_neuron,4
26416,LPLC2,LPLC2_L,L,519771,DNp71,DNp71(DNp09)_L,L,descending_neuron,4
31988,LPLC2,LPLC2_R,R,11334,DNpe045,DNpe045(DNp23)_R,R,descending_neuron,4
17775,LPLC2,LPLC2_L,L,519771,DNp71,DNp71(DNp09)_L,L,descending_neuron,4
17775,LPLC2,LPLC2_L,L,10223,DNpe056,DNpe056(PVLP146)_L,L,descending_neuron,4
23590,LPLC2,LPLC2_R,R,11334,DNpe045,DNpe045(DNp23)_R,R,descending_neuron,4
23590,LPLC2,LPLC2_R,R,10601,DNpe025,DNpe025(PVLP145)_R,R,descending_neuron,4
19146,LPLC2,LPLC2_R,R,12628,DNpe042,DNpe042(CL262)_R,R,descending_neuron,4
19146,LPLC2,LPLC2_R,R,10558,DNp35,DNp35(PVLP136)_R,R,descending_neuron,4
23497,LPLC2,LPLC2_R,R,575082,DNpe021,DNpe021_R,R,descending_neuron,4
35680,LPLC2,LPLC2_R,R,11159,DNp71,DNp71(DNp09)_R,R,descending_neuron,4
35680,LPLC2,LPLC2_R,R,10584,DNp06,DNp06_R,R,descending_neuron,4
25511,LPLC2,LPLC2_R,R,10558,DNp35,DNp35(PVLP136)_R,R,descending_neuron,4
129687,LPLC2,LPLC2_L,L,10234,DNp35,DNp35(PVLP136)_L,L,descending_neuron,4
129687,LPLC2,LPLC2_L,L,10091,DNpe042,DNpe042(CL262)_L,L,descending_neuron,4
28003,LPLC2,LPLC2_R,R,10601,DNpe025,DNpe025(PVLP145)_R,R,descending_neuron,4
29986,LPLC2,LPLC2_R,R,10584,DNp06,DNp06_R,R,descending_neuron,4
33439,LPLC2,LPLC2_R,R,10558,DNp35,DNp35(PVLP136)_R,R,descending_neuron,4
111903,LPLC2,LPLC2_L,L,10590,DNpe052,DNpe052(AVLP564)_L,L,descending_neuron,4
29319,LPLC2,LPLC2_L,L,519771,DNp71,DNp71(DNp09)_L,L,descending_neuron,4
20535,LPLC2,LPLC2_R,R,10558,DNp35,DNp35(PVLP136)_R,R,descending_neuron,4
17548,LC4,LC4_R,R,10558,DNp35,DNp35(PVLP136)_R,R,descending_neuron,4
16917,LC4,LC4_L,L,11573,DNpe021,DNpe021(CL307)_L,L,descending_neuron,4
19954,LC4,LC4_R,R,11020,DNp05,DNp05_R,R,descending_neuron,4
20859,LC4,LC4_L,L,10449,DNpe025,DNpe025(PVLP145)_L,L,descending_neuron,4
20859,LC4,LC4_L,L,10234,DNp35,DNp35(PVLP136)_L,L,descending_neuron,4
38065,LC4,LC4_R,R,10283,DNp103,DNp103(PVLP119)_R,R,descending_neuron,4
27829,LC4,LC4_L,L,10228,DNp06,DNp06_L,L,descending_neuron,4
518983,LC4,LC4_L,L,10417,DNp103,DNp103(PVLP119)_L,L,descending_neuron,4
518983,LC4,LC4_L,L,10377,DNge054,DNge054_L,L,descending_neuron,4
518983,LC4,LC4_L,L,10259,DNp11,DNp11_L,L,descending_neuron,4
23098,LC4,LC4_R,R,10283,DNp103,DNp103(PVLP119)_R,R,descending_neuron,4
17478,LC4,LC4_L,L,11573,DNpe021,DNpe021(CL307)_L,L,descending_neuron,4
35616,LC4,LC4_L,L,10234,DNp35,DNp35(PVLP136)_L,L,descending_neuron,4
512366,LC4,LC4_L,L,33037,DNp69,DNp69(CL304)_L,L,descending_neuron,4
512366,LC4,LC4_L,L,10449,DNpe025,DNpe025(PVLP145)_L,L,descending_neuron,4
512366,LC4,LC4_L,L,10417,DNp103,DNp103(PVLP119)_L,L,descending_neuron,4
31301,LC4,LC4_L,L,10417,DNp103,DNp103(PVLP119)_L,L,descending_neuron,4
512705,LC4,LC4_L,L,524001,DNp05,DNp05_L,L,descending_neuron,4
22034,LC4,LC4_R,R,575082,DNpe021,DNpe021_R,R,descending_neuron,4
30803,LC4,LC4_R,R,10117,DNp02,DNp02_R,R,descending_neuron,4
30803,LC4,LC4_R,R,575082,DNpe021,DNpe021_R,R,descending_neuron,4
27750,LC4,LC4_L,L,11573,DNpe021,DNpe021(CL307)_L,L,descending_neuron,4
17860,LC4,LC4_R,R,10558,DNp35,DNp35(PVLP136)_R,R,descending_neuron,4
20572,LC4,LC4_L,L,10449,DNpe025,DNpe025(PVLP145)_L,L,descending_neuron,4
29469,LC4,LC4_L,L,11573,DNpe021,DNpe021(CL307)_L,L,descending_neuron,4
20673,LC4,LC4_R,R,10283,DNp103,DNp103(PVLP119)_R,R,descending_neuron,4
518016,LC4,LC4_L,L,10361,DNg40,DNg40(hb5813056435)_L,L,descending_neuron,4
17270,LC4,LC4_L,L,10234,DNp35,DNp35(PVLP136)_L,L,descending_neuron,4
516909,LC4,LC4_L,L,10361,DNg40,DNg40(hb5813056435)_L,L,descending_neuron,4
17266,LC4,LC4_R,R,10923,DNg40,DNg40(hb5813056435)_R,R,descending_neuron,4
17266,LC4,LC4_R,R,10283,DNp103,DNp103(PVLP119)_R,R,descending_neuron,4
20588,LC4,LC4_R,R,10283,DNp103,DNp103(PVLP119)_R,R,descending_neuron,4
20917,LC4,LC4_R,R,10957,DNp69,DNp69(CL304)_R,R,descending_neuron,4
77614,LC4,LC4_L,L,10234,DNp35,DNp35(PVLP136)_L,L,descending_neuron,4
24338,LC4,LC4_R,R,11020,DNp05,DNp05_R,R,descending_neuron,4
24338,LC4,LC4_R,R,10283,DNp103,DNp103(PVLP119)_R,R,descending_neuron,4
23392,LC4,LC4_R,R,10558,DNp35,DNp35(PVLP136)_R,R,descending_neuron,4
533129,LC4,LC4_L,L,10449,DNpe025,DNpe025(PVLP145)_L,L,descending_neuron,4
22328,LC4,LC4_R,R,11020,DNp05,DNp05_R,R,descending_neuron,4
22328,LC4,LC4_R,R,10283,DNp103,DNp103(PVLP119)_R,R,descending_neuron,4
514956,LC4,LC4_L,L,10228,DNp06,DNp06_L,L,descending_neuron,4
517752,LC4,LC4_L,L,11573,DNpe021,DNpe021(CL307)_L,L,descending_neuron,4
21165,LC4,LC4_R,R,10923,DNg40,DNg40(hb5813056435)_R,R,descending_neuron,4
27624,LC4,LC4_L,L,10417,DNp103,DNp103(PVLP119)_L,L,descending_neuron,4
27624,LC4,LC4_L,L,10234,DNp35,DNp35(PVLP136)_L,L,descending_neuron,4
20282,LC4,LC4_R,R,10283,DNp103,DNp103(PVLP119)_R,R,descending_neuron,4
14888,LC4,LC4_L,L,10234,DNp35,DNp35(PVLP136)_L,L,descending_neuron,4
519650,LC4,LC4_L,L,10417,DNp103,DNp103(PVLP119)_L,L,descending_neuron,4
527408,LC4,LC4_R,R,10989,DNp03,DNp03_R,R,descending_neuron,4
12032,LC4,LC4_L,L,10417,DNp103,DNp103(PVLP119)_L,L,descending_neuron,4
111787,LC4,LC4_L,L,10228,DNp06,DNp06_L,L,descending_neuron,4
35262,LC4,LC4_L,L,10228,DNp06,DNp06_L,L,descending_neuron,4
23202,LC4,LC4_L,L,10259,DNp11,DNp11_L,L,descending_neuron,4
21804,LC4,LC4_R,R,10584,DNp06,DNp06_R,R,descending_neuron,4
19550,LC4,LC4_R,R,10558,DNp35,DNp35(PVLP136)_R,R,descending_neuron,4
107513,LC4,LC4_L,L,10234,DNp35,DNp35(PVLP136)_L,L,descending_neuron,4
37587,LC4,LC4_L,L,10234,DNp35,DNp35(PVLP136)_L,L,descending_neuron,4
16138,LC4,LC4_R,R,10601,DNpe025,DNpe025(PVLP145)_R,R,descending_neuron,4
16138,LC4,LC4_R,R,10283,DNp103,DNp103(PVLP119)_R,R,descending_neuron,4
21313,LC4,LC4_R,R,10923,DNg40,DNg40(hb5813056435)_R,R,descending_neuron,4
21313,LC4,LC4_R,R,10283,DNp103,DNp103(PVLP119)_R,R,descending_neuron,4
26147,LPLC2,LPLC2_R,R,10558,DNp35,DNp35(PVLP136)_R,R,descending_neuron,3
24605,LPLC2,LPLC2_L,L,10234,DNp35,DNp35(PVLP136)_L,L,descending_neuron,3
27716,LPLC2,LPLC2_L,L,519771,DNp71,DNp71(DNp09)_L,L,descending_neuron,3
17880,LPLC2,LPLC2_L,L,519771,DNp71,DNp71(DNp09)_L,L,descending_neuron,3
17880,LPLC2,LPLC2_L,L,10449,DNpe025,DNpe025(PVLP145)_L,L,descending_neuron,3
25253,LPLC2,LPLC2_R,R,11133,DNp70,DNp70(CL305)_R,R,descending_neuron,3
25253,LPLC2,LPLC2_R,R,10584,DNp06,DNp06_R,R,descending_neuron,3
18936,LPLC2,LPLC2_L,L,10783,DNp09,DNp09_L,L,descending_neuron,3
35294,LPLC2,LPLC2_L,L,10580,DNp70,DNp70(CL305)_L,L,descending_neuron,3
35294,LPLC2,LPLC2_L,L,10091,DNpe042,DNpe042(CL262)_L,L,descending_neuron,3
33185,LPLC2,LPLC2_R,R,12628,DNpe042,DNpe042(CL262)_R,R,descending_neuron,3
33185,LPLC2,LPLC2_R,R,11088,DNp55,DNp55(WED180)_R,R,descending_neuron,3
514670,LPLC2,LPLC2_L,L,10361,DNg40,DNg40(hb5813056435)_L,L,descending_neuron,3
514670,LPLC2,LPLC2_L,L,10234,DNp35,DNp35(PVLP136)_L,L,descending_neuron,3
514670,LPLC2,LPLC2_L,L,10091,DNpe042,DNpe042(CL262)_L,L,descending_neuron,3
27023,LPLC2,LPLC2_L,L,10449,DNpe025,DNpe025(PVLP145)_L,L,descending_neuron,3
29216,LPLC2,LPLC2_R,R,10601,DNpe025,DNpe025(PVLP145)_R,R,descending_neuron,3
29216,LPLC2,LPLC2_R,R,10558,DNp35,DNp35(PVLP136)_R,R,descending_neuron,3
30893,LPLC2,LPLC2_L,L,522345,DNpe037,DNpe037(CL338)_L,L,descending_neuron,3
30893,LPLC2,LPLC2_L,L,10580,DNp70,DNp70(CL305)_L,L,descending_neuron,3
37431,LPLC2,LPLC2_R,R,10601,DNpe025,DNpe025(PVLP145)_R,R,descending_neuron,3
41097,LPLC2,LPLC2_L,L,10234,DNp35,DNp35(PVLP136)_L,L,descending_neuron,3
41097,LPLC2,LPLC2_L,L,10091,DNpe042,DNpe042(CL262)_L,L,descending_neuron,3
18900,LPLC2,LPLC2_L,L,10223,DNpe056,DNpe056(PVLP146)_L,L,descending_neuron,3
33303,LPLC2,LPLC2_L,L,10931,DNpe045,DNpe045(DNp23)_L,L,descending_neuron,3
21299,LPLC2,LPLC2_L,L,10590,DNpe052,DNpe052(AVLP564)_L,L,descending_neuron,3
24308,LPLC2,LPLC2_L,L,10234,DNp35,DNp35(PVLP136)_L,L,descending_neuron,3
22677,LPLC2,LPLC2_R,R,11632,DNpe052,DNpe052(AVLP564)_R,R,descending_neuron,3
22677,LPLC2,LPLC2_R,R,10296,DNge054,DNge054_R,R,descending_neuron,3
30207,LPLC2,LPLC2_R,R,10001,DNp01,DNp01(GF)_R,R,descending_neuron,3
27796,LPLC2,LPLC2_L,L,519771,DNp71,DNp71(DNp09)_L,L,descending_neuron,3
33406,LPLC2,LPLC2_L,L,10091,DNpe042,DNpe042(CL262)_L,L,descending_neuron,3
28011,LPLC2,LPLC2_L,L,519771,DNp71,DNp71(DNp09)_L,L,descending_neuron,3
524366,LPLC2,LPLC2_L,L,519771,DNp71,DNp71(DNp09)_L,L,descending_neuron,3
19830,LPLC2,LPLC2_L,L,10342,DNc02,DNc02(SIFa)_R,R,descending_neuron,3
55627,LPLC2,LPLC2_R,R,12628,DNpe042,DNpe042(CL262)_R,R,descending_neuron,3
55627,LPLC2,LPLC2_R,R,11334,DNpe045,DNpe045(DNp23)_R,R,descending_neuron,3
55627,LPLC2,LPLC2_R,R,11133,DNp70,DNp70(CL305)_R,R,descending_neuron,3
55627,LPLC2,LPLC2_R,R,10558,DNp35,DNp35(PVLP136)_R,R,descending_neuron,3
32237,LPLC2,LPLC2_L,L,10580,DNp70,DNp70(CL305)_L,L,descending_neuron,3
25027,LPLC2,LPLC2_L,L,10228,DNp06,DNp06_L,L,descending_neuron,3
531014,LPLC2,LPLC2_L,L,10228,DNp06,DNp06_L,L,descending_neuron,3
23349,LPLC2,LPLC2_L,L,10244,DNp55,DNp55(WED180)_L,L,descending_neuron,3
23349,LPLC2,LPLC2_L,L,10234,DNp35,DNp35(PVLP136)_L,L,descending_neuron,3
37613,LPLC2,LPLC2_R,R,11334,DNpe045,DNpe045(DNp23)_R,R,descending_neuron,3
37613,LPLC2,LPLC2_R,R,11159,DNp71,DNp71(DNp09)_R,R,descending_neuron,3
37613,LPLC2,LPLC2_R,R,11137,DNp04,DNp04_R,R,descending_neuron,3
37613,LPLC2,LPLC2_R,R,10601,DNpe025,DNpe025(PVLP145)_R,R,descending_neuron,3
34681,LPLC2,LPLC2_R,R,11159,DNp71,DNp71(DNp09)_R,R,descending_neuron,3
35838,LPLC2,LPLC2_R,R,12628,DNpe042,DNpe042(CL262)_R,R,descending_neuron,3
35838,LPLC2,LPLC2_R,R,10601,DNpe025,DNpe025(PVLP145)_R,R,descending_neuron,3
35838,LPLC2,LPLC2_R,R,10558,DNp35,DNp35(PVLP136)_R,R,descending_neuron,3
15804,LPLC2,LPLC2_L,L,10931,DNpe045,DNpe045(DNp23)_L,L,descending_neuron,3
24187,LPLC2,LPLC2_R,R,11334,DNpe045,DNpe045(DNp23)_R,R,descending_neuron,3
29702,LPLC2,LPLC2_L,L,10449,DNpe025,DNpe025(PVLP145)_L,L,descending_neuron,3
25267,LPLC2,LPLC2_R,R,575082,DNpe021,DNpe021_R,R,descending_neuron,3
27566,LPLC2,LPLC2_R,R,11334,DNpe045,DNpe045(DNp23)_R,R,descending_neuron,3
30512,LPLC2,LPLC2_L,L,10244,DNp55,DNp55(WED180)_L,L,descending_neuron,3
33396,LPLC2,LPLC2_R,R,11133,DNp70,DNp70(CL305)_R,R,descending_neuron,3
12384,LPLC2,LPLC2_L,L,10590,DNpe052,DNpe052(AVLP564)_L,L,descending_neuron,3
17544,LPLC2,LPLC2_L,L,10783,DNp09,DNp09_L,L,descending_neuron,3
13726,LPLC2,LPLC2_L,L,10244,DNp55,DNp55(WED180)_L,L,descending_neuron,3
13726,LPLC2,LPLC2_L,L,10223,DNpe056,DNpe056(PVLP146)_L,L,descending_neuron,3
29391,LPLC2,LPLC2_R,R,11159,DNp71,DNp71(DNp09)_R,R,descending_neuron,3
29391,LPLC2,LPLC2_R,R,11020,DNp05,DNp05_R,R,descending_neuron,3
19911,LPLC2,LPLC2_L,L,10931,DNpe045,DNpe045(DNp23)_L,L,descending_neuron,3
19787,LPLC2,LPLC2_L,L,10449,DNpe025,DNpe025(PVLP145)_L,L,descending_neuron,3
19787,LPLC2,LPLC2_L,L,10228,DNp06,DNp06_L,L,descending_neuron,3
20269,LPLC2,LPLC2_R,R,11088,DNp55,DNp55(WED180)_R,R,descending_neuron,3
20269,LPLC2,LPLC2_R,R,10732,DNpe056,DNpe056(PVLP146)_R,R,descending_neuron,3
134521,LPLC2,LPLC2_L,L,10449,DNpe025,DNpe025(PVLP145)_L,L,descending_neuron,3
34051,LPLC2,LPLC2_L,L,10449,DNpe025,DNpe025(PVLP145)_L,L,descending_neuron,3
19249,LPLC2,LPLC2_R,R,11088,DNp55,DNp55(WED180)_R,R,descending_neuron,3
19608,LPLC2,LPLC2_R,R,12628,DNpe042,DNpe042(CL262)_R,R,descending_neuron,3
19034,LPLC2,LPLC2_R,R,10558,DNp35,DNp35(PVLP136)_R,R,descending_neuron,3
14030,LPLC2,LPLC2_L,L,10234,DNp35,DNp35(PVLP136)_L,L,descending_neuron,3
13764,LPLC2,LPLC2_L,L,10377,DNge054,DNge054_L,L,descending_neuron,3
13764,LPLC2,LPLC2_L,L,10361,DNg40,DNg40(hb5813056435)_L,L,descending_neuron,3
21703,LPLC2,LPLC2_R,R,575082,DNpe021,DNpe021_R,R,descending_neuron,3
25497,LPLC2,LPLC2_R,R,10601,DNpe025,DNpe025(PVLP145)_R,R,descending_neuron,3
520764,LPLC2,LPLC2_L,L,10234,DNp35,DNp35(PVLP136)_L,L,descending_neuron,3
520764,LPLC2,LPLC2_L,L,10228,DNp06,DNp06_L,L,descending_neuron,3
520764,LPLC2,LPLC2_L,L,10091,DNpe042,DNpe042(CL262)_L,L,descending_neuron,3
20471,LPLC2,LPLC2_R,R,11133,DNp70,DNp70(CL305)_R,R,descending_neuron,3
20471,LPLC2,LPLC2_R,R,11020,DNp05,DNp05_R,R,descending_neuron,3
22557,LPLC2,LPLC2_L,L,10244,DNp55,DNp55(WED180)_L,L,descending_neuron,3
22557,LPLC2,LPLC2_L,L,10091,DNpe042,DNpe042(CL262)_L,L,descending_neuron,3
34407,LPLC2,LPLC2_L,L,10234,DNp35,DNp35(PVLP136)_L,L,descending_neuron,3
34407,LPLC2,LPLC2_L,L,10091,DNpe042,DNpe042(CL262)_L,L,descending_neuron,3
27355,LPLC2,LPLC2_L,L,10259,DNp11,DNp11_L,L,descending_neuron,3
25524,LPLC2,LPLC2_L,L,524001,DNp05,DNp05_L,L,descending_neuron,3
25524,LPLC2,LPLC2_L,L,10590,DNpe052,DNpe052(AVLP564)_L,L,descending_neuron,3
25524,LPLC2,LPLC2_L,L,10259,DNp11,DNp11_L,L,descending_neuron,3
25524,LPLC2,LPLC2_L,L,10228,DNp06,DNp06_L,L,descending_neuron,3
30041,LPLC2,LPLC2_R,R,11334,DNpe045,DNpe045(DNp23)_R,R,descending_neuron,3
17990,LPLC2,LPLC2_L,L,10361,DNg40,DNg40(hb5813056435)_L,L,descending_neuron,3
17990,LPLC2,LPLC2_L,L,10228,DNp06,DNp06_L,L,descending_neuron,3
19229,LPLC2,LPLC2_R,R,575082,DNpe021,DNpe021_R,R,descending_neuron,3
29815,LPLC2,LPLC2_L,L,10234,DNp35,DNp35(PVLP136)_L,L,descending_neuron,3
29815,LPLC2,LPLC2_L,L,10091,DNpe042,DNpe042(CL262)_L,L,descending_neuron,3
25136,LPLC2,LPLC2_L,L,10580,DNp70,DNp70(CL305)_L,L,descending_neuron,3
25136,LPLC2,LPLC2_L,L,10244,DNp55,DNp55(WED180)_L,L,descending_neuron,3
20240,LPLC2,LPLC2_L,L,10590,DNpe052,DNpe052(AVLP564)_L,L,descending_neuron,3
20240,LPLC2,LPLC2_L,L,10091,DNpe042,DNpe042(CL262)_L,L,descending_neuron,3
521115,LPLC2,LPLC2_L,L,10228,DNp06,DNp06_L,L,descending_neuron,3
521115,LPLC2,LPLC2_L,L,10091,DNpe042,DNpe042(CL262)_L,L,descending_neuron,3
50287,LPLC2,LPLC2_R,R,10558,DNp35,DNp35(PVLP136)_R,R,descending_neuron,3
515971,LPLC2,LPLC2_L,L,10590,DNpe052,DNpe052(AVLP564)_L,L,descending_neuron,3
24568,LPLC2,LPLC2_L,L,10228,DNp06,DNp06_L,L,descending_neuron,3
24568,LPLC2,LPLC2_L,L,519771,DNp71,DNp71(DNp09)_L,L,descending_neuron,3
536444,LPLC2,LPLC2_L,L,10590,DNpe052,DNpe052(AVLP564)_L,L,descending_neuron,3
536444,LPLC2,LPLC2_L,L,10244,DNp55,DNp55(WED180)_L,L,descending_neuron,3
34655,LPLC2,LPLC2_L,L,10931,DNpe045,DNpe045(DNp23)_L,L,descending_neuron,3
34655,LPLC2,LPLC2_L,L,10783,DNp09,DNp09_L,L,descending_neuron,3
34655,LPLC2,LPLC2_L,L,10228,DNp06,DNp06_L,L,descending_neuron,3
32507,LPLC2,LPLC2_R,R,10584,DNp06,DNp06_R,R,descending_neuron,3
33965,LPLC2,LPLC2_L,L,10931,DNpe045,DNpe045(DNp23)_L,L,descending_neuron,3
33965,LPLC2,LPLC2_L,L,10259,DNp11,DNp11_L,L,descending_neuron,3
21045,LPLC2,LPLC2_R,R,12628,DNpe042,DNpe042(CL262)_R,R,descending_neuron,3
21045,LPLC2,LPLC2_R,R,11159,DNp71,DNp71(DNp09)_R,R,descending_neuron,3
533895,LPLC2,LPLC2_L,L,10259,DNp11,DNp11_L,L,descending_neuron,3
533895,LPLC2,LPLC2_L,L,10234,DNp35,DNp35(PVLP136)_L,L,descending_neuron,3
18929,LPLC2,LPLC2_R,R,10296,DNge054,DNge054_R,R,descending_neuron,3
34372,LPLC2,LPLC2_R,R,11088,DNp55,DNp55(WED180)_R,R,descending_neuron,3
27399,LPLC2,LPLC2_L,L,10590,DNpe052,DNpe052(AVLP564)_L,L,descending_neuron,3
29753,LPLC2,LPLC2_L,L,10259,DNp11,DNp11_L,L,descending_neuron,3
29753,LPLC2,LPLC2_L,L,10244,DNp55,DNp55(WED180)_L,L,descending_neuron,3
20182,LPLC2,LPLC2_R,R,10558,DNp35,DNp35(PVLP136)_R,R,descending_neuron,3
21562,LPLC2,LPLC2_R,R,11133,DNp70,DNp70(CL305)_R,R,descending_neuron,3
27471,LPLC2,LPLC2_R,R,575082,DNpe021,DNpe021_R,R,descending_neuron,3
31257,LPLC2,LPLC2_R,R,11159,DNp71,DNp71(DNp09)_R,R,descending_neuron,3
32223,LPLC2,LPLC2_L,L,10783,DNp09,DNp09_L,L,descending_neuron,3
28044,LPLC2,LPLC2_R,R,11020,DNp05,DNp05_R,R,descending_neuron,3
28044,LPLC2,LPLC2_R,R,10601,DNpe025,DNpe025(PVLP145)_R,R,descending_neuron,3
22261,LPLC2,LPLC2_R,R,10584,DNp06,DNp06_R,R,descending_neuron,3
29014,LPLC2,LPLC2_R,R,10601,DNpe025,DNpe025(PVLP145)_R,R,descending_neuron,3
40841,LPLC2,LPLC2_L,L,10091,DNpe042,DNpe042(CL262)_L,L,descending_neuron,3
21899,LPLC2,LPLC2_R,R,11632,DNpe052,DNpe052(AVLP564)_R,R,descending_neuron,3
21899,LPLC2,LPLC2_R,R,10732,DNpe056,DNpe056(PVLP146)_R,R,descending_neuron,3
100103,LPLC2,LPLC2_L,L,10091,DNpe042,DNpe042(CL262)_L,L,descending_neuron,3
26730,LPLC2,LPLC2_R,R,10001,DNp01,DNp01(GF)_R,R,descending_neuron,3
35889,LPLC2,LPLC2_R,R,12628,DNpe042,DNpe042(CL262)_R,R,descending_neuron,3
35889,LPLC2,LPLC2_R,R,11088,DNp55,DNp55(WED180)_R,R,descending_neuron,3
25636,LPLC2,LPLC2_R,R,12628,DNpe042,DNpe042(CL262)_R,R,descending_neuron,3
525844,LPLC2,LPLC2_L,L,10931,DNpe045,DNpe045(DNp23)_L,L,descending_neuron,3
525844,LPLC2,LPLC2_L,L,10259,DNp11,DNp11_L,L,descending_neuron,3
517079,LPLC2,LPLC2_L,L,10449,DNpe025,DNpe025(PVLP145)_L,L,descending_neuron,3
31988,LPLC2,LPLC2_R,R,12628,DNpe042,DNpe042(CL262)_R,R,descending_neuron,3
31988,LPLC2,LPLC2_R,R,10558,DNp35,DNp35(PVLP136)_R,R,descending_neuron,3
20329,LPLC2,LPLC2_L,L,10223,DNpe056,DNpe056(PVLP146)_L,L,descending_neuron,3
20329,LPLC2,LPLC2_L,L,10091,DNpe042,DNpe042(CL262)_L,L,descending_neuron,3
39620,LPLC2,LPLC2_R,R,11133,DNp70,DNp70(CL305)_R,R,descending_neuron,3
39620,LPLC2,LPLC2_R,R,10558,DNp35,DNp35(PVLP136)_R,R,descending_neuron,3
23590,LPLC2,LPLC2_R,R,10957,DNp69,DNp69(CL304)_R,R,descending_neuron,3
21862,LPLC2,LPLC2_R,R,575082,DNpe021,DNpe021_R,R,descending_neuron,3
21862,LPLC2,LPLC2_R,R,12628,DNpe042,DNpe042(CL262)_R,R,descending_neuron,3
21862,LPLC2,LPLC2_R,R,11334,DNpe045,DNpe045(DNp23)_R,R,descending_neuron,3
35680,LPLC2,LPLC2_R,R,12628,DNpe042,DNpe042(CL262)_R,R,descending_neuron,3
35680,LPLC2,LPLC2_R,R,10601,DNpe025,DNpe025(PVLP145)_R,R,descending_neuron,3
25511,LPLC2,LPLC2_R,R,11159,DNp71,DNp71(DNp09)_R,R,descending_neuron,3
129687,LPLC2,LPLC2_L,L,10244,DNp55,DNp55(WED180)_L,L,descending_neuron,3
28003,LPLC2,LPLC2_R,R,10732,DNpe056,DNpe056(PVLP146)_R,R,descending_neuron,3
28003,LPLC2,LPLC2_R,R,10558,DNp35,DNp35(PVLP136)_R,R,descending_neuron,3
29986,LPLC2,LPLC2_R,R,10732,DNpe056,DNpe056(PVLP146)_R,R,descending_neuron,3
33439,LPLC2,LPLC2_R,R,11334,DNpe045,DNpe045(DNp23)_R,R,descending_neuron,3
33439,LPLC2,LPLC2_R,R,11159,DNp71,DNp71(DNp09)_R,R,descending_neuron,3
29319,LPLC2,LPLC2_L,L,10783,DNp09,DNp09_L,L,descending_neuron,3
29319,LPLC2,LPLC2_L,L,10234,DNp35,DNp35(PVLP136)_L,L,descending_neuron,3
29319,LPLC2,LPLC2_L,L,10091,DNpe042,DNpe042(CL262)_L,L,descending_neuron,3
40811,LPLC2,LPLC2_L,L,519771,DNp71,DNp71(DNp09)_L,L,descending_neuron,3
20808,LC4,LC4_R,R,10558,DNp35,DNp35(PVLP136)_R,R,descending_neuron,3
511914,LC4,LC4_L,L,10449,DNpe025,DNpe025(PVLP145)_L,L,descending_neuron,3
511914,LC4,LC4_L,L,10234,DNp35,DNp35(PVLP136)_L,L,descending_neuron,3
17987,LC4,LC4_R,R,10989,DNp03,DNp03_R,R,descending_neuron,3
28945,LC4,LC4_R,R,11290,DNp66,DNp66(AVLP499)_R,R,descending_neuron,3
21721,LC4,LC4_L,L,10361,DNg40,DNg40(hb5813056435)_L,L,descending_neuron,3
18432,LC4,LC4_L,L,11573,DNpe021,DNpe021(CL307)_L,L,descending_neuron,3
19954,LC4,LC4_R,R,10283,DNp103,DNp103(PVLP119)_R,R,descending_neuron,3
17668,LC4,LC4_R,R,10283,DNp103,DNp103(PVLP119)_R,R,descending_neuron,3
38065,LC4,LC4_R,R,10584,DNp06,DNp06_R,R,descending_neuron,3
27829,LC4,LC4_L,L,10417,DNp103,DNp103(PVLP119)_L,L,descending_neuron,3
27829,LC4,LC4_L,L,10259,DNp11,DNp11_L,L,descending_neuron,3
17926,LC4,LC4_R,R,10283,DNp103,DNp103(PVLP119)_R,R,descending_neuron,3
17926,LC4,LC4_R,R,10106,DNp11,DNp11_R,R,descending_neuron,3
31262,LC4,LC4_R,R,10558,DNp35,DNp35(PVLP136)_R,R,descending_neuron,3
23226,LC4,LC4_L,L,10417,DNp103,DNp103(PVLP119)_L,L,descending_neuron,3
12349,LC4,LC4_L,L,524001,DNp05,DNp05_L,L,descending_neuron,3
17478,LC4,LC4_L,L,10361,DNg40,DNg40(hb5813056435)_L,L,descending_neuron,3
17653,LC4,LC4_L,L,11573,DNpe021,DNpe021(CL307)_L,L,descending_neuron,3
17653,LC4,LC4_L,L,10234,DNp35,DNp35(PVLP136)_L,L,descending_neuron,3
20440,LC4,LC4_L,L,10417,DNp103,DNp103(PVLP119)_L,L,descending_neuron,3
17340,LC4,LC4_L,L,10417,DNp103,DNp103(PVLP119)_L,L,descending_neuron,3
17340,LC4,LC4_L,L,524001,DNp05,DNp05_L,L,descending_neuron,3
22975,LC4,LC4_R,R,11334,DNpe045,DNpe045(DNp23)_R,R,descending_neuron,3
22975,LC4,LC4_R,R,10558,DNp35,DNp35(PVLP136)_R,R,descending_neuron,3
24523,LC4,LC4_L,L,11573,DNpe021,DNpe021(CL307)_L,L,descending_neuron,3
24523,LC4,LC4_L,L,10449,DNpe025,DNpe025(PVLP145)_L,L,descending_neuron,3
24523,LC4,LC4_L,L,10259,DNp11,DNp11_L,L,descending_neuron,3
24523,LC4,LC4_L,L,10234,DNp35,DNp35(PVLP136)_L,L,descending_neuron,3
20967,LC4,LC4_L,L,10259,DNp11,DNp11_L,L,descending_neuron,3
35616,LC4,LC4_L,L,10417,DNp103,DNp103(PVLP119)_L,L,descending_neuron,3
35616,LC4,LC4_L,L,10228,DNp06,DNp06_L,L,descending_neuron,3
535341,LC4,LC4_L,L,10361,DNg40,DNg40(hb5813056435)_L,L,descending_neuron,3
535341,LC4,LC4_L,L,10228,DNp06,DNp06_L,L,descending_neuron,3
512366,LC4,LC4_L,L,10234,DNp35,DNp35(PVLP136)_L,L,descending_neuron,3
31301,LC4,LC4_L,L,524001,DNp05,DNp05_L,L,descending_neuron,3
512705,LC4,LC4_L,L,11573,DNpe021,DNpe021(CL307)_L,L,descending_neuron,3
512705,LC4,LC4_L,L,10417,DNp103,DNp103(PVLP119)_L,L,descending_neuron,3
22034,LC4,LC4_R,R,11020,DNp05,DNp05_R,R,descending_neuron,3
22034,LC4,LC4_R,R,10283,DNp103,DNp103(PVLP119)_R,R,descending_neuron,3
524899,LC4,LC4_L,L,11573,DNpe021,DNpe021(CL307)_L,L,descending_neuron,3
524899,LC4,LC4_L,L,10361,DNg40,DNg40(hb5813056435)_L,L,descending_neuron,3
33137,LC4,LC4_L,L,11573,DNpe021,DNpe021(CL307)_L,L,descending_neuron,3
33137,LC4,LC4_L,L,10417,DNp103,DNp103(PVLP119)_L,L,descending_neuron,3
27750,LC4,LC4_L,L,10449,DNpe025,DNpe025(PVLP145)_L,L,descending_neuron,3
27750,LC4,LC4_L,L,10234,DNp35,DNp35(PVLP136)_L,L,descending_neuron,3
17860,LC4,LC4_R,R,10923,DNg40,DNg40(hb5813056435)_R,R,descending_neuron,3
17860,LC4,LC4_R,R,10283,DNp103,DNp103(PVLP119)_R,R,descending_neuron,3
21287,LC4,LC4_R,R,10923,DNg40,DNg40(hb5813056435)_R,R,descending_neuron,3
18189,LC4,LC4_R,R,10106,DNp11,DNp11_R,R,descending_neuron,3
30087,LC4,LC4_L,L,10361,DNg40,DNg40(hb5813056435)_L,L,descending_neuron,3
20673,LC4,LC4_R,R,10923,DNg40,DNg40(hb5813056435)_R,R,descending_neuron,3
518016,LC4,LC4_L,L,10417,DNp103,DNp103(PVLP119)_L,L,descending_neuron,3
20976,LC4,LC4_L,L,10228,DNp06,DNp06_L,L,descending_neuron,3
31308,LC4,LC4_L,L,10417,DNp103,DNp103(PVLP119)_L,L,descending_neuron,3
31429,LC4,LC4_L,L,10417,DNp103,DNp103(PVLP119)_L,L,descending_neuron,3
19794,LC4,LC4_R,R,10558,DNp35,DNp35(PVLP136)_R,R,descending_neuron,3
77614,LC4,LC4_L,L,33037,DNp69,DNp69(CL304)_L,L,descending_neuron,3
77614,LC4,LC4_L,L,10417,DNp103,DNp103(PVLP119)_L,L,descending_neuron,3
24338,LC4,LC4_R,R,10558,DNp35,DNp35(PVLP136)_R,R,descending_neuron,3
22194,LC4,LC4_R,R,11020,DNp05,DNp05_R,R,descending_neuron,3
23392,LC4,LC4_R,R,10283,DNp103,DNp103(PVLP119)_R,R,descending_neuron,3
21225,LC4,LC4_R,R,10584,DNp06,DNp06_R,R,descending_neuron,3
533129,LC4,LC4_L,L,10234,DNp35,DNp35(PVLP136)_L,L,descending_neuron,3
25584,LC4,LC4_R,R,10558,DNp35,DNp35(PVLP136)_R,R,descending_neuron,3
514956,LC4,LC4_L,L,11573,DNpe021,DNpe021(CL307)_L,L,descending_neuron,3
29514,LC4,LC4_L,L,10449,DNpe025,DNpe025(PVLP145)_L,L,descending_neuron,3
517752,LC4,LC4_L,L,524001,DNp05,DNp05_L,L,descending_neuron,3
519931,LC4,LC4_L,L,10361,DNg40,DNg40(hb5813056435)_L,L,descending_neuron,3
18478,LC4,LC4_L,L,10449,DNpe025,DNpe025(PVLP145)_L,L,descending_neuron,3
18478,LC4,LC4_L,L,10417,DNp103,DNp103(PVLP119)_L,L,descending_neuron,3
20282,LC4,LC4_R,R,10989,DNp03,DNp03_R,R,descending_neuron,3
26112,LC4,LC4_R,R,10558,DNp35,DNp35(PVLP136)_R,R,descending_neuron,3
21336,LC4,LC4_R,R,10989,DNp03,DNp03_R,R,descending_neuron,3
14888,LC4,LC4_L,L,10449,DNpe025,DNpe025(PVLP145)_L,L,descending_neuron,3
519650,LC4,LC4_L,L,11573,DNpe021,DNpe021(CL307)_L,L,descending_neuron,3
519650,LC4,LC4_L,L,10234,DNp35,DNp35(PVLP136)_L,L,descending_neuron,3
518730,LC4,LC4_L,L,11573,DNpe021,DNpe021(CL307)_L,L,descending_neuron,3
518730,LC4,LC4_L,L,10361,DNg40,DNg40(hb5813056435)_L,L,descending_neuron,3
111787,LC4,LC4_L,L,10234,DNp35,DNp35(PVLP136)_L,L,descending_neuron,3
23202,LC4,LC4_L,L,10449,DNpe025,DNpe025(PVLP145)_L,L,descending_neuron,3
17054,LC4,LC4_R,R,10923,DNg40,DNg40(hb5813056435)_R,R,descending_neuron,3
16128,LC4,LC4_R,R,575082,DNpe021,DNpe021_R,R,descending_neuron,3
19260,LC4,LC4_R,R,10296,DNge054,DNge054_R,R,descending_neuron,3
514508,LC4,LC4_L,L,10228,DNp06,DNp06_L,L,descending_neuron,3
19550,LC4,LC4_R,R,10923,DNg40,DNg40(hb5813056435)_R,R,descending_neuron,3
19550,LC4,LC4_R,R,10584,DNp06,DNp06_R,R,descending_neuron,3
21151,LC4,LC4_R,R,10601,DNpe025,DNpe025(PVLP145)_R,R,descending_neuron,3
518544,LC4,LC4_L,L,10449,DNpe025,DNpe025(PVLP145)_L,L,descending_neuron,3
518544,LC4,LC4_L,L,10234,DNp35,DNp35(PVLP136)_L,L,descending_neuron,3
20542,LC4,LC4_R,R,10283,DNp103,DNp103(PVLP119)_R,R,descending_neuron,3
17364,LC4,LC4_R,R,10558,DNp35,DNp35(PVLP136)_R,R,descending_neuron,3
17364,LC4,LC4_R,R,10283,DNp103,DNp103(PVLP119)_R,R,descending_neuron,3
530029,LC4,LC4_L,L,10234,DNp35,DNp35(PVLP136)_L,L,descending_neuron,3
100485,LC4,LC4_L,L,10228,DNp06,DNp06_L,L,descending_neuron,3
21313,LC4,LC4_R,R,10601,DNpe025,DNpe025(PVLP145)_R,R,descending_neuron,3
26147,LPLC2,LPLC2_R,R,12628,DNpe042,DNpe042(CL262)_R,R,descending_neuron,2
26147,LPLC2,LPLC2_R,R,10957,DNp69,DNp69(CL304)_R,R,descending_neuron,2
20334,LPLC2,LPLC2_R,R,11088,DNp55,DNp55(WED180)_R,R,descending_neuron,2
24605,LPLC2,LPLC2_L,L,10590,DNpe052,DNpe052(AVLP564)_L,L,descending_neuron,2
24605,LPLC2,LPLC2_L,L,10063,DNp27,DNp27_R,R,descending_neuron,2
27716,LPLC2,LPLC2_L,L,10449,DNpe025,DNpe025(PVLP145)_L,L,descending_neuron,2
17880,LPLC2,LPLC2_L,L,10590,DNpe052,DNpe052(AVLP564)_L,L,descending_neuron,2
25253,LPLC2,LPLC2_R,R,10601,DNpe025,DNpe025(PVLP145)_R,R,descending_neuron,2
18936,LPLC2,LPLC2_L,L,10377,DNge054,DNge054_L,L,descending_neuron,2
33185,LPLC2,LPLC2_R,R,11334,DNpe045,DNpe045(DNp23)_R,R,descending_neuron,2
14102,LPLC2,LPLC2_L,L,10377,DNge054,DNge054_L,L,descending_neuron,2
14102,LPLC2,LPLC2_L,L,10361,DNg40,DNg40(hb5813056435)_L,L,descending_neuron,2
14102,LPLC2,LPLC2_L,L,10223,DNpe056,DNpe056(PVLP146)_L,L,descending_neuron,2
27023,LPLC2,LPLC2_L,L,33037,DNp69,DNp69(CL304)_L,L,descending_neuron,2
27023,LPLC2,LPLC2_L,L,10091,DNpe042,DNpe042(CL262)_L,L,descending_neuron,2
11498,LPLC2,LPLC2_L,L,10010,DNp01,DNp01(GF)_L,L,descending_neuron,2
37431,LPLC2,LPLC2_R,R,12628,DNpe042,DNpe042(CL262)_R,R,descending_neuron,2
38542,LPLC2,LPLC2_R,R,11334,DNpe045,DNpe045(DNp23)_R,R,descending_neuron,2
38542,LPLC2,LPLC2_R,R,11159,DNp71,DNp71(DNp09)_R,R,descending_neuron,2
38542,LPLC2,LPLC2_R,R,11133,DNp70,DNp70(CL305)_R,R,descending_neuron,2
38542,LPLC2,LPLC2_R,R,10601,DNpe025,DNpe025(PVLP145)_R,R,descending_neuron,2
41097,LPLC2,LPLC2_L,L,519771,DNp71,DNp71(DNp09)_L,L,descending_neuron,2
41097,LPLC2,LPLC2_L,L,10783,DNp09,DNp09_L,L,descending_neuron,2
41097,LPLC2,LPLC2_L,L,10228,DNp06,DNp06_L,L,descending_neuron,2
26915,LPLC2,LPLC2_R,R,11334,DNpe045,DNpe045(DNp23)_R,R,descending_neuron,2
33303,LPLC2,LPLC2_L,L,10783,DNp09,DNp09_L,L,descending_neuron,2
33303,LPLC2,LPLC2_L,L,10590,DNpe052,DNpe052(AVLP564)_L,L,descending_neuron,2
33303,LPLC2,LPLC2_L,L,10259,DNp11,DNp11_L,L,descending_neuron,2
21299,LPLC2,LPLC2_L,L,10223,DNpe056,DNpe056(PVLP146)_L,L,descending_neuron,2
24308,LPLC2,LPLC2_L,L,10449,DNpe025,DNpe025(PVLP145)_L,L,descending_neuron,2
22677,LPLC2,LPLC2_R,R,10923,DNg40,DNg40(hb5813056435)_R,R,descending_neuron,2
27796,LPLC2,LPLC2_L,L,10580,DNp70,DNp70(CL305)_L,L,descending_neuron,2
27796,LPLC2,LPLC2_L,L,10091,DNpe042,DNpe042(CL262)_L,L,descending_neuron,2
17551,LPLC2,LPLC2_R,R,10558,DNp35,DNp35(PVLP136)_R,R,descending_neuron,2
23878,LPLC2,LPLC2_R,R,11159,DNp71,DNp71(DNp09)_R,R,descending_neuron,2
23878,LPLC2,LPLC2_R,R,10584,DNp06,DNp06_R,R,descending_neuron,2
23878,LPLC2,LPLC2_R,R,575082,DNpe021,DNpe021_R,R,descending_neuron,2
33406,LPLC2,LPLC2_L,L,10259,DNp11,DNp11_L,L,descending_neuron,2
33406,LPLC2,LPLC2_L,L,10234,DNp35,DNp35(PVLP136)_L,L,descending_neuron,2
28011,LPLC2,LPLC2_L,L,10931,DNpe045,DNpe045(DNp23)_L,L,descending_neuron,2
28011,LPLC2,LPLC2_L,L,10259,DNp11,DNp11_L,L,descending_neuron,2
28011,LPLC2,LPLC2_L,L,10244,DNp55,DNp55(WED180)_L,L,descending_neuron,2
20162,LPLC2,LPLC2_R,R,12628,DNpe042,DNpe042(CL262)_R,R,descending_neuron,2
20162,LPLC2,LPLC2_R,R,10296,DNge054,DNge054_R,R,descending_neuron,2
20162,LPLC2,LPLC2_R,R,10106,DNp11,DNp11_R,R,descending_neuron,2
20162,LPLC2,LPLC2_R,R,575082,DNpe021,DNpe021_R,R,descending_neuron,2
20103,LPLC2,LPLC2_R,R,12628,DNpe042,DNpe042(CL262)_R,R,descending_neuron,2
20103,LPLC2,LPLC2_R,R,10732,DNpe056,DNpe056(PVLP146)_R,R,descending_neuron,2
20694,LPLC2,LPLC2_R,R,575082,DNpe021,DNpe021_R,R,descending_neuron,2
20694,LPLC2,LPLC2_R,R,12628,DNpe042,DNpe042(CL262)_R,R,descending_neuron,2
21769,LPLC2,LPLC2_R,R,11632,DNpe052,DNpe052(AVLP564)_R,R,descending_neuron,2
19830,LPLC2,LPLC2_L,L,10361,DNg40,DNg40(hb5813056435)_L,L,descending_neuron,2
19830,LPLC2,LPLC2_L,L,10091,DNpe042,DNpe042(CL262)_L,L,descending_neuron,2
29873,LPLC2,LPLC2_R,R,10558,DNp35,DNp35(PVLP136)_R,R,descending_neuron,2
29955,LPLC2,LPLC2_L,L,519771,DNp71,DNp71(DNp09)_L,L,descending_neuron,2
29955,LPLC2,LPLC2_L,L,10244,DNp55,DNp55(WED180)_L,L,descending_neuron,2
30895,LPLC2,LPLC2_L,L,10931,DNpe045,DNpe045(DNp23)_L,L,descending_neuron,2
30895,LPLC2,LPLC2_L,L,10783,DNp09,DNp09_L,L,descending_neuron,2
30895,LPLC2,LPLC2_L,L,10244,DNp55,DNp55(WED180)_L,L,descending_neuron,2
32237,LPLC2,LPLC2_L,L,10244,DNp55,DNp55(WED180)_L,L,descending_neuron,2
28871,LPLC2,LPLC2_R,R,10601,DNpe025,DNpe025(PVLP145)_R,R,descending_neuron,2
28871,LPLC2,LPLC2_R,R,10558,DNp35,DNp35(PVLP136)_R,R,descending_neuron,2
25027,LPLC2,LPLC2_L,L,10244,DNp55,DNp55(WED180)_L,L,descending_neuron,2
25316,LPLC2,LPLC2_R,R,11632,DNpe052,DNpe052(AVLP564)_R,R,descending_neuron,2
531014,LPLC2,LPLC2_L,L,10931,DNpe045,DNpe045(DNp23)_L,L,descending_neuron,2
531014,LPLC2,LPLC2_L,L,10063,DNp27,DNp27_R,R,descending_neuron,2
23349,LPLC2,LPLC2_L,L,10590,DNpe052,DNpe052(AVLP564)_L,L,descending_neuron,2
37613,LPLC2,LPLC2_R,R,12628,DNpe042,DNpe042(CL262)_R,R,descending_neuron,2
34681,LPLC2,LPLC2_R,R,11088,DNp55,DNp55(WED180)_R,R,descending_neuron,2
34681,LPLC2,LPLC2_R,R,10601,DNpe025,DNpe025(PVLP145)_R,R,descending_neuron,2
34681,LPLC2,LPLC2_R,R,10106,DNp11,DNp11_R,R,descending_neuron,2
35838,LPLC2,LPLC2_R,R,11137,DNp04,DNp04_R,R,descending_neuron,2
15804,LPLC2,LPLC2_L,L,10244,DNp55,DNp55(WED180)_L,L,descending_neuron,2
24187,LPLC2,LPLC2_R,R,11133,DNp70,DNp70(CL305)_R,R,descending_neuron,2
24187,LPLC2,LPLC2_R,R,10957,DNp69,DNp69(CL304)_R,R,descending_neuron,2
21808,LPLC2,LPLC2_R,R,10558,DNp35,DNp35(PVLP136)_R,R,descending_neuron,2
34110,LPLC2,LPLC2_R,R,11159,DNp71,DNp71(DNp09)_R,R,descending_neuron,2
34110,LPLC2,LPLC2_R,R,10558,DNp35,DNp35(PVLP136)_R,R,descending_neuron,2
25267,LPLC2,LPLC2_R,R,11159,DNp71,DNp71(DNp09)_R,R,descending_neuron,2
30512,LPLC2,LPLC2_L,L,11063,DNge032,DNge032_L,L,descending_neuron,2
30512,LPLC2,LPLC2_L,L,10449,DNpe025,DNpe025(PVLP145)_L,L,descending_neuron,2
33396,LPLC2,LPLC2_R,R,11334,DNpe045,DNpe045(DNp23)_R,R,descending_neuron,2
33396,LPLC2,LPLC2_R,R,11159,DNp71,DNp71(DNp09)_R,R,descending_neuron,2
17544,LPLC2,LPLC2_L,L,10244,DNp55,DNp55(WED180)_L,L,descending_neuron,2
13726,LPLC2,LPLC2_L,L,10228,DNp06,DNp06_L,L,descending_neuron,2
29391,LPLC2,LPLC2_R,R,10558,DNp35,DNp35(PVLP136)_R,R,descending_neuron,2
26393,LPLC2,LPLC2_R,R,11159,DNp71,DNp71(DNp09)_R,R,descending_neuron,2
26393,LPLC2,LPLC2_R,R,10601,DNpe025,DNpe025(PVLP145)_R,R,descending_neuron,2
23919,LPLC2,LPLC2_L,L,10449,DNpe025,DNpe025(PVLP145)_L,L,descending_neuron,2
23919,LPLC2,LPLC2_L,L,10259,DNp11,DNp11_L,L,descending_neuron,2
20269,LPLC2,LPLC2_R,R,11334,DNpe045,DNpe045(DNp23)_R,R,descending_neuron,2
20269,LPLC2,LPLC2_R,R,11159,DNp71,DNp71(DNp09)_R,R,descending_neuron,2
34051,LPLC2,LPLC2_L,L,10931,DNpe045,DNpe045(DNp23)_L,L,descending_neuron,2
34051,LPLC2,LPLC2_L,L,10244,DNp55,DNp55(WED180)_L,L,descending_neuron,2
34051,LPLC2,LPLC2_L,L,10228,DNp06,DNp06_L,L,descending_neuron,2
19589,LPLC2,LPLC2_R,R,11334,DNpe045,DNpe045(DNp23)_R,R,descending_neuron,2
19589,LPLC2,LPLC2_R,R,11088,DNp55,DNp55(WED180)_R,R,descending_neuron,2
24268,LPLC2,LPLC2_R,R,10601,DNpe025,DNpe025(PVLP145)_R,R,descending_neuron,2
24268,LPLC2,LPLC2_R,R,10558,DNp35,DNp35(PVLP136)_R,R,descending_neuron,2
19034,LPLC2,LPLC2_R,R,11632,DNpe052,DNpe052(AVLP564)_R,R,descending_neuron,2
19034,LPLC2,LPLC2_R,R,10732,DNpe056,DNpe056(PVLP146)_R,R,descending_neuron,2
19034,LPLC2,LPLC2_R,R,10584,DNp06,DNp06_R,R,descending_neuron,2
14030,LPLC2,LPLC2_L,L,10377,DNge054,DNge054_L,L,descending_neuron,2
14030,LPLC2,LPLC2_L,L,10091,DNpe042,DNpe042(CL262)_L,L,descending_neuron,2
31105,LPLC2,LPLC2_L,L,10783,DNp09,DNp09_L,L,descending_neuron,2
31105,LPLC2,LPLC2_L,L,10449,DNpe025,DNpe025(PVLP145)_L,L,descending_neuron,2
31105,LPLC2,LPLC2_L,L,10259,DNp11,DNp11_L,L,descending_neuron,2
13764,LPLC2,LPLC2_L,L,10223,DNpe056,DNpe056(PVLP146)_L,L,descending_neuron,2
13764,LPLC2,LPLC2_L,L,10091,DNpe042,DNpe042(CL262)_L,L,descending_neuron,2
21703,LPLC2,LPLC2_R,R,11632,DNpe052,DNpe052(AVLP564)_R,R,descending_neuron,2
21703,LPLC2,LPLC2_R,R,10923,DNg40,DNg40(hb5813056435)_R,R,descending_neuron,2
25497,LPLC2,LPLC2_R,R,11334,DNpe045,DNpe045(DNp23)_R,R,descending_neuron,2
25497,LPLC2,LPLC2_R,R,10732,DNpe056,DNpe056(PVLP146)_R,R,descending_neuron,2
520764,LPLC2,LPLC2_L,L,10931,DNpe045,DNpe045(DNp23)_L,L,descending_neuron,2
520764,LPLC2,LPLC2_L,L,10244,DNp55,DNp55(WED180)_L,L,descending_neuron,2
20471,LPLC2,LPLC2_R,R,11334,DNpe045,DNpe045(DNp23)_R,R,descending_neuron,2
20471,LPLC2,LPLC2_R,R,11088,DNp55,DNp55(WED180)_R,R,descending_neuron,2
20471,LPLC2,LPLC2_R,R,10957,DNp69,DNp69(CL304)_R,R,descending_neuron,2
24840,LPLC2,LPLC2_L,L,10931,DNpe045,DNpe045(DNp23)_L,L,descending_neuron,2
24840,LPLC2,LPLC2_L,L,10234,DNp35,DNp35(PVLP136)_L,L,descending_neuron,2
22557,LPLC2,LPLC2_L,L,10590,DNpe052,DNpe052(AVLP564)_L,L,descending_neuron,2
22557,LPLC2,LPLC2_L,L,10449,DNpe025,DNpe025(PVLP145)_L,L,descending_neuron,2
32737,LPLC2,LPLC2_L,L,10931,DNpe045,DNpe045(DNp23)_L,L,descending_neuron,2
32737,LPLC2,LPLC2_L,L,10449,DNpe025,DNpe025(PVLP145)_L,L,descending_neuron,2
25524,LPLC2,LPLC2_L,L,10449,DNpe025,DNpe025(PVLP145)_L,L,descending_neuron,2
30041,LPLC2,LPLC2_R,R,12628,DNpe042,DNpe042(CL262)_R,R,descending_neuron,2
25854,LPLC2,LPLC2_L,L,10449,DNpe025,DNpe025(PVLP145)_L,L,descending_neuron,2
25854,LPLC2,LPLC2_L,L,10234,DNp35,DNp35(PVLP136)_L,L,descending_neuron,2
19229,LPLC2,LPLC2_R,R,11159,DNp71,DNp71(DNp09)_R,R,descending_neuron,2
29815,LPLC2,LPLC2_L,L,10449,DNpe025,DNpe025(PVLP145)_L,L,descending_neuron,2
21318,LPLC2,LPLC2_R,R,10923,DNg40,DNg40(hb5813056435)_R,R,descending_neuron,2
50287,LPLC2,LPLC2_R,R,11159,DNp71,DNp71(DNp09)_R,R,descending_neuron,2
50287,LPLC2,LPLC2_R,R,10584,DNp06,DNp06_R,R,descending_neuron,2
35632,LPLC2,LPLC2_R,R,11334,DNpe045,DNpe045(DNp23)_R,R,descending_neuron,2
35632,LPLC2,LPLC2_R,R,11133,DNp70,DNp70(CL305)_R,R,descending_neuron,2
28741,LPLC2,LPLC2_R,R,12628,DNpe042,DNpe042(CL262)_R,R,descending_neuron,2
28741,LPLC2,LPLC2_R,R,11334,DNpe045,DNpe045(DNp23)_R,R,descending_neuron,2
24568,LPLC2,LPLC2_L,L,10931,DNpe045,DNpe045(DNp23)_L,L,descending_neuron,2
24568,LPLC2,LPLC2_L,L,536048,DNp27,DNp27_L,L,descending_neuron,2
536444,LPLC2,LPLC2_L,L,524001,DNp05,DNp05_L,L,descending_neuron,2
536444,LPLC2,LPLC2_L,L,10234,DNp35,DNp35(PVLP136)_L,L,descending_neuron,2
34655,LPLC2,LPLC2_L,L,519771,DNp71,DNp71(DNp09)_L,L,descending_neuron,2
34655,LPLC2,LPLC2_L,L,10580,DNp70,DNp70(CL305)_L,L,descending_neuron,2
34655,LPLC2,LPLC2_L,L,10449,DNpe025,DNpe025(PVLP145)_L,L,descending_neuron,2
19842,LPLC2,LPLC2_R,R,10296,DNge054,DNge054_R,R,descending_neuron,2
19842,LPLC2,LPLC2_R,R,536048,DNp27,DNp27_L,L,descending_neuron,2
26528,LPLC2,LPLC2_L,L,10783,DNp09,DNp09_L,L,descending_neuron,2
26528,LPLC2,LPLC2_L,L,10234,DNp35,DNp35(PVLP136)_L,L,descending_neuron,2
33965,LPLC2,LPLC2_L,L,519771,DNp71,DNp71(DNp09)_L,L,descending_neuron,2
33965,LPLC2,LPLC2_L,L,10228,DNp06,DNp06_L,L,descending_neuron,2
21045,LPLC2,LPLC2_R,R,11088,DNp55,DNp55(WED180)_R,R,descending_neuron,2
29287,LPLC2,LPLC2_R,R,10601,DNpe025,DNpe025(PVLP145)_R,R,descending_neuron,2
33694,LPLC2,LPLC2_R,R,11334,DNpe045,DNpe045(DNp23)_R,R,descending_neuron,2
33694,LPLC2,LPLC2_R,R,11137,DNp04,DNp04_R,R,descending_neuron,2
25572,LPLC2,LPLC2_L,L,524001,DNp05,DNp05_L,L,descending_neuron,2
25572,LPLC2,LPLC2_L,L,10449,DNpe025,DNpe025(PVLP145)_L,L,descending_neuron,2
533895,LPLC2,LPLC2_L,L,10449,DNpe025,DNpe025(PVLP145)_L,L,descending_neuron,2
18929,LPLC2,LPLC2_R,R,575082,DNpe021,DNpe021_R,R,descending_neuron,2
20799,LPLC2,LPLC2_L,L,10590,DNpe052,DNpe052(AVLP564)_L,L,descending_neuron,2
37925,LPLC2,LPLC2_R,R,11133,DNp70,DNp70(CL305)_R,R,descending_neuron,2
37925,LPLC2,LPLC2_R,R,10601,DNpe025,DNpe025(PVLP145)_R,R,descending_neuron,2
34372,LPLC2,LPLC2_R,R,10601,DNpe025,DNpe025(PVLP145)_R,R,descending_neuron,2
34372,LPLC2,LPLC2_R,R,10558,DNp35,DNp35(PVLP136)_R,R,descending_neuron,2
27399,LPLC2,LPLC2_L,L,10931,DNpe045,DNpe045(DNp23)_L,L,descending_neuron,2
27399,LPLC2,LPLC2_L,L,10259,DNp11,DNp11_L,L,descending_neuron,2
29753,LPLC2,LPLC2_L,L,10091,DNpe042,DNpe042(CL262)_L,L,descending_neuron,2
20182,LPLC2,LPLC2_R,R,10584,DNp06,DNp06_R,R,descending_neuron,2
21562,LPLC2,LPLC2_R,R,12628,DNpe042,DNpe042(CL262)_R,R,descending_neuron,2
27471,LPLC2,LPLC2_R,R,12628,DNpe042,DNpe042(CL262)_R,R,descending_neuron,2
17774,LPLC2,LPLC2_L,L,10590,DNpe052,DNpe052(AVLP564)_L,L,descending_neuron,2
31257,LPLC2,LPLC2_R,R,12628,DNpe042,DNpe042(CL262)_R,R,descending_neuron,2
31257,LPLC2,LPLC2_R,R,10601,DNpe025,DNpe025(PVLP145)_R,R,descending_neuron,2
30938,LPLC2,LPLC2_R,R,11334,DNpe045,DNpe045(DNp23)_R,R,descending_neuron,2
22261,LPLC2,LPLC2_R,R,11159,DNp71,DNp71(DNp09)_R,R,descending_neuron,2
29014,LPLC2,LPLC2_R,R,12628,DNpe042,DNpe042(CL262)_R,R,descending_neuron,2
40841,LPLC2,LPLC2_L,L,10234,DNp35,DNp35(PVLP136)_L,L,descending_neuron,2
21899,LPLC2,LPLC2_R,R,10558,DNp35,DNp35(PVLP136)_R,R,descending_neuron,2
29598,LPLC2,LPLC2_R,R,12628,DNpe042,DNpe042(CL262)_R,R,descending_neuron,2
29598,LPLC2,LPLC2_R,R,11159,DNp71,DNp71(DNp09)_R,R,descending_neuron,2
29598,LPLC2,LPLC2_R,R,11133,DNp70,DNp70(CL305)_R,R,descending_neuron,2
29598,LPLC2,LPLC2_R,R,11088,DNp55,DNp55(WED180)_R,R,descending_neuron,2
29598,LPLC2,LPLC2_R,R,10558,DNp35,DNp35(PVLP136)_R,R,descending_neuron,2
29598,LPLC2,LPLC2_R,R,10296,DNge054,DNge054_R,R,descending_neuron,2
17059,LPLC2,LPLC2_L,L,10091,DNpe042,DNpe042(CL262)_L,L,descending_neuron,2
35889,LPLC2,LPLC2_R,R,10584,DNp06,DNp06_R,R,descending_neuron,2
35889,LPLC2,LPLC2_R,R,10558,DNp35,DNp35(PVLP136)_R,R,descending_neuron,2
25636,LPLC2,LPLC2_R,R,10296,DNge054,DNge054_R,R,descending_neuron,2
525844,LPLC2,LPLC2_L,L,10580,DNp70,DNp70(CL305)_L,L,descending_neuron,2
525844,LPLC2,LPLC2_L,L,10449,DNpe025,DNpe025(PVLP145)_L,L,descending_neuron,2
517079,LPLC2,LPLC2_L,L,10234,DNp35,DNp35(PVLP136)_L,L,descending_neuron,2
517079,LPLC2,LPLC2_L,L,10063,DNp27,DNp27_R,R,descending_neuron,2
14465,LPLC2,LPLC2_R,R,11632,DNpe052,DNpe052(AVLP564)_R,R,descending_neuron,2
21361,LPLC2,LPLC2_L,L,10234,DNp35,DNp35(PVLP136)_L,L,descending_neuron,2
26416,LPLC2,LPLC2_L,L,10931,DNpe045,DNpe045(DNp23)_L,L,descending_neuron,2
26416,LPLC2,LPLC2_L,L,10234,DNp35,DNp35(PVLP136)_L,L,descending_neuron,2
31988,LPLC2,LPLC2_R,R,11137,DNp04,DNp04_R,R,descending_neuron,2
20329,LPLC2,LPLC2_L,L,10228,DNp06,DNp06_L,L,descending_neuron,2
23590,LPLC2,LPLC2_R,R,10558,DNp35,DNp35(PVLP136)_R,R,descending_neuron,2
24800,LPLC2,LPLC2_R,R,12628,DNpe042,DNpe042(CL262)_R,R,descending_neuron,2
24800,LPLC2,LPLC2_R,R,10601,DNpe025,DNpe025(PVLP145)_R,R,descending_neuron,2
21862,LPLC2,LPLC2_R,R,10117,DNp02,DNp02_R,R,descending_neuron,2
35680,LPLC2,LPLC2_R,R,11020,DNp05,DNp05_R,R,descending_neuron,2
19549,LPLC2,LPLC2_R,R,11632,DNpe052,DNpe052(AVLP564)_R,R,descending_neuron,2
19549,LPLC2,LPLC2_R,R,575082,DNpe021,DNpe021_R,R,descending_neuron,2
129687,LPLC2,LPLC2_L,L,10931,DNpe045,DNpe045(DNp23)_L,L,descending_neuron,2
29319,LPLC2,LPLC2_L,L,10449,DNpe025,DNpe025(PVLP145)_L,L,descending_neuron,2
13132,LPLC2,LPLC2_L,L,10361,DNg40,DNg40(hb5813056435)_L,L,descending_neuron,2
20535,LPLC2,LPLC2_R,R,11334,DNpe045,DNpe045(DNp23)_R,R,descending_neuron,2
20535,LPLC2,LPLC2_R,R,11020,DNp05,DNp05_R,R,descending_neuron,2
20535,LPLC2,LPLC2_R,R,10601,DNpe025,DNpe025(PVLP145)_R,R,descending_neuron,2
20535,LPLC2,LPLC2_R,R,10584,DNp06,DNp06_R,R,descending_neuron,2
20535,LPLC2,LPLC2_R,R,10296,DNge054,DNge054_R,R,descending_neuron,2
40811,LPLC2,LPLC2_L,L,10783,DNp09,DNp09_L,L,descending_neuron,2
40811,LPLC2,LPLC2_L,L,10244,DNp55,DNp55(WED180)_L,L,descending_neuron,2
40811,LPLC2,LPLC2_L,L,10234,DNp35,DNp35(PVLP136)_L,L,descending_neuron,2
31964,LPLC2,LPLC2_R,R,11159,DNp71,DNp71(DNp09)_R,R,descending_neuron,2
517078,LPLC2,LPLC2_L,L,10244,DNp55,DNp55(WED180)_L,L,descending_neuron,2
20808,LC4,LC4_R,R,10989,DNp03,DNp03_R,R,descending_neuron,2
22966,LC4,LC4_R,R,575082,DNpe021,DNpe021_R,R,descending_neuron,2
511914,LC4,LC4_L,L,10259,DNp11,DNp11_L,L,descending_neuron,2
511914,LC4,LC4_L,L,10118,DNb05,DNb05_L,L,descending_neuron,2
17987,LC4,LC4_R,R,10558,DNp35,DNp35(PVLP136)_R,R,descending_neuron,2
19543,LC4,LC4_R,R,11020,DNp05,DNp05_R,R,descending_neuron,2
28945,LC4,LC4_R,R,575082,DNpe021,DNpe021_R,R,descending_neuron,2
28945,LC4,LC4_R,R,10283,DNp103,DNp103(PVLP119)_R,R,descending_neuron,2
19634,LC4,LC4_R,R,575082,DNpe021,DNpe021_R,R,descending_neuron,2
17548,LC4,LC4_R,R,575082,DNpe021,DNpe021_R,R,descending_neuron,2
17548,LC4,LC4_R,R,10106,DNp11,DNp11_R,R,descending_neuron,2
16917,LC4,LC4_L,L,524001,DNp05,DNp05_L,L,descending_neuron,2
16917,LC4,LC4_L,L,10234,DNp35,DNp35(PVLP136)_L,L,descending_neuron,2
16809,LC4,LC4_L,L,10931,DNpe045,DNpe045(DNp23)_L,L,descending_neuron,2
16809,LC4,LC4_L,L,10234,DNp35,DNp35(PVLP136)_L,L,descending_neuron,2
17668,LC4,LC4_R,R,10601,DNpe025,DNpe025(PVLP145)_R,R,descending_neuron,2
20859,LC4,LC4_L,L,11573,DNpe021,DNpe021(CL307)_L,L,descending_neuron,2
27829,LC4,LC4_L,L,10361,DNg40,DNg40(hb5813056435)_L,L,descending_neuron,2
27829,LC4,LC4_L,L,10234,DNp35,DNp35(PVLP136)_L,L,descending_neuron,2
31262,LC4,LC4_R,R,10601,DNpe025,DNpe025(PVLP145)_R,R,descending_neuron,2
31262,LC4,LC4_R,R,10584,DNp06,DNp06_R,R,descending_neuron,2
23226,LC4,LC4_L,L,10361,DNg40,DNg40(hb5813056435)_L,L,descending_neuron,2
12349,LC4,LC4_L,L,10234,DNp35,DNp35(PVLP136)_L,L,descending_neuron,2
17478,LC4,LC4_L,L,519771,DNp71,DNp71(DNp09)_L,L,descending_neuron,2
34845,LC4,LC4_L,L,10580,DNp70,DNp70(CL305)_L,L,descending_neuron,2
20440,LC4,LC4_L,L,11573,DNpe021,DNpe021(CL307)_L,L,descending_neuron,2
20440,LC4,LC4_L,L,10030,pIP1,pIP1_L,L,descending_neuron,2
17340,LC4,LC4_L,L,11573,DNpe021,DNpe021(CL307)_L,L,descending_neuron,2
17340,LC4,LC4_L,L,10118,DNb05,DNb05_L,L,descending_neuron,2
24523,LC4,LC4_L,L,10118,DNb05,DNb05_L,L,descending_neuron,2
20967,LC4,LC4_L,L,11573,DNpe021,DNpe021(CL307)_L,L,descending_neuron,2
512366,LC4,LC4_L,L,10580,DNp70,DNp70(CL305)_L,L,descending_neuron,2
30480,LC4,LC4_R,R,575082,DNpe021,DNpe021_R,R,descending_neuron,2
512705,LC4,LC4_L,L,10234,DNp35,DNp35(PVLP136)_L,L,descending_neuron,2
515476,LC4,LC4_L,L,10417,DNp103,DNp103(PVLP119)_L,L,descending_neuron,2
30803,LC4,LC4_R,R,10558,DNp35,DNp35(PVLP136)_R,R,descending_neuron,2
17860,LC4,LC4_R,R,575082,DNpe021,DNpe021_R,R,descending_neuron,2
17860,LC4,LC4_R,R,11290,DNp66,DNp66(AVLP499)_R,R,descending_neuron,2
17860,LC4,LC4_R,R,10732,DNpe056,DNpe056(PVLP146)_R,R,descending_neuron,2
21287,LC4,LC4_R,R,10957,DNp69,DNp69(CL304)_R,R,descending_neuron,2
21287,LC4,LC4_R,R,10558,DNp35,DNp35(PVLP136)_R,R,descending_neuron,2
20572,LC4,LC4_L,L,10361,DNg40,DNg40(hb5813056435)_L,L,descending_neuron,2
29469,LC4,LC4_L,L,33037,DNp69,DNp69(CL304)_L,L,descending_neuron,2
29469,LC4,LC4_L,L,10417,DNp103,DNp103(PVLP119)_L,L,descending_neuron,2
23929,LC4,LC4_R,R,10957,DNp69,DNp69(CL304)_R,R,descending_neuron,2
20399,LC4,LC4_R,R,10283,DNp103,DNp103(PVLP119)_R,R,descending_neuron,2
30087,LC4,LC4_L,L,10417,DNp103,DNp103(PVLP119)_L,L,descending_neuron,2
17608,LC4,LC4_L,L,10449,DNpe025,DNpe025(PVLP145)_L,L,descending_neuron,2
17608,LC4,LC4_L,L,10091,DNpe042,DNpe042(CL262)_L,L,descending_neuron,2
17608,LC4,LC4_L,L,10068,DNp30,DNp30_R,R,descending_neuron,2
518016,LC4,LC4_L,L,10228,DNp06,DNp06_L,L,descending_neuron,2
518016,LC4,LC4_L,L,524001,DNp05,DNp05_L,L,descending_neuron,2
20976,LC4,LC4_L,L,10417,DNp103,DNp103(PVLP119)_L,L,descending_neuron,2
20976,LC4,LC4_L,L,10234,DNp35,DNp35(PVLP136)_L,L,descending_neuron,2
31308,LC4,LC4_L,L,10361,DNg40,DNg40(hb5813056435)_L,L,descending_neuron,2
17270,LC4,LC4_L,L,10361,DNg40,DNg40(hb5813056435)_L,L,descending_neuron,2
516909,LC4,LC4_L,L,10259,DNp11,DNp11_L,L,descending_neuron,2
515900,LC4,LC4_L,L,10449,DNpe025,DNpe025(PVLP145)_L,L,descending_neuron,2
515900,LC4,LC4_L,L,10361,DNg40,DNg40(hb5813056435)_L,L,descending_neuron,2
515900,LC4,LC4_L,L,10259,DNp11,DNp11_L,L,descending_neuron,2
31429,LC4,LC4_L,L,524001,DNp05,DNp05_L,L,descending_neuron,2
31429,LC4,LC4_L,L,11573,DNpe021,DNpe021(CL307)_L,L,descending_neuron,2
31429,LC4,LC4_L,L,10449,DNpe025,DNpe025(PVLP145)_L,L,descending_neuron,2
19794,LC4,LC4_R,R,10601,DNpe025,DNpe025(PVLP145)_R,R,descending_neuron,2
17266,LC4,LC4_R,R,10558,DNp35,DNp35(PVLP136)_R,R,descending_neuron,2
20588,LC4,LC4_R,R,10558,DNp35,DNp35(PVLP136)_R,R,descending_neuron,2
22772,LC4,LC4_L,L,10449,DNpe025,DNpe025(PVLP145)_L,L,descending_neuron,2
22772,LC4,LC4_L,L,10417,DNp103,DNp103(PVLP119)_L,L,descending_neuron,2
22772,LC4,LC4_L,L,10361,DNg40,DNg40(hb5813056435)_L,L,descending_neuron,2
22772,LC4,LC4_L,L,10234,DNp35,DNp35(PVLP136)_L,L,descending_neuron,2
20917,LC4,LC4_R,R,575082,DNpe021,DNpe021_R,R,descending_neuron,2
20917,LC4,LC4_R,R,11513,DNp07,DNp07_R,R,descending_neuron,2
20917,LC4,LC4_R,R,10601,DNpe025,DNpe025(PVLP145)_R,R,descending_neuron,2
20917,LC4,LC4_R,R,10558,DNp35,DNp35(PVLP136)_R,R,descending_neuron,2
22194,LC4,LC4_R,R,10957,DNp69,DNp69(CL304)_R,R,descending_neuron,2
21225,LC4,LC4_R,R,10106,DNp11,DNp11_R,R,descending_neuron,2
533129,LC4,LC4_L,L,11573,DNpe021,DNpe021(CL307)_L,L,descending_neuron,2
514956,LC4,LC4_L,L,10234,DNp35,DNp35(PVLP136)_L,L,descending_neuron,2
29514,LC4,LC4_L,L,33037,DNp69,DNp69(CL304)_L,L,descending_neuron,2
22922,LC4,LC4_L,L,11573,DNpe021,DNpe021(CL307)_L,L,descending_neuron,2
22922,LC4,LC4_L,L,10118,DNb05,DNb05_L,L,descending_neuron,2
517752,LC4,LC4_L,L,10234,DNp35,DNp35(PVLP136)_L,L,descending_neuron,2
21165,LC4,LC4_R,R,10601,DNpe025,DNpe025(PVLP145)_R,R,descending_neuron,2
21165,LC4,LC4_R,R,575082,DNpe021,DNpe021_R,R,descending_neuron,2
16628,LC4,LC4_R,R,10923,DNg40,DNg40(hb5813056435)_R,R,descending_neuron,2
18478,LC4,LC4_L,L,10361,DNg40,DNg40(hb5813056435)_L,L,descending_neuron,2
18478,LC4,LC4_L,L,10244,DNp55,DNp55(WED180)_L,L,descending_neuron,2
81112,LC4,LC4_L,L,11573,DNpe021,DNpe021(CL307)_L,L,descending_neuron,2
81112,LC4,LC4_L,L,10417,DNp103,DNp103(PVLP119)_L,L,descending_neuron,2
21336,LC4,LC4_R,R,10923,DNg40,DNg40(hb5813056435)_R,R,descending_neuron,2
23792,LC4,LC4_R,R,11290,DNp66,DNp66(AVLP499)_R,R,descending_neuron,2
23792,LC4,LC4_R,R,10283,DNp103,DNp103(PVLP119)_R,R,descending_neuron,2
14888,LC4,LC4_L,L,11573,DNpe021,DNpe021(CL307)_L,L,descending_neuron,2
518730,LC4,LC4_L,L,10228,DNp06,DNp06_L,L,descending_neuron,2
29417,LC4,LC4_L,L,10417,DNp103,DNp103(PVLP119)_L,L,descending_neuron,2
12824,LC4,LC4_L,L,10361,DNg40,DNg40(hb5813056435)_L,L,descending_neuron,2
12032,LC4,LC4_L,L,11573,DNpe021,DNpe021(CL307)_L,L,descending_neuron,2
12032,LC4,LC4_L,L,10449,DNpe025,DNpe025(PVLP145)_L,L,descending_neuron,2
111787,LC4,LC4_L,L,11573,DNpe021,DNpe021(CL307)_L,L,descending_neuron,2
23202,LC4,LC4_L,L,10030,pIP1,pIP1_L,L,descending_neuron,2
16128,LC4,LC4_R,R,10584,DNp06,DNp06_R,R,descending_neuron,2
16128,LC4,LC4_R,R,10283,DNp103,DNp103(PVLP119)_R,R,descending_neuron,2
21804,LC4,LC4_R,R,10558,DNp35,DNp35(PVLP136)_R,R,descending_neuron,2
20016,LC4,LC4_R,R,575082,DNpe021,DNpe021_R,R,descending_neuron,2
15018,LC4,LC4_L,L,10234,DNp35,DNp35(PVLP136)_L,L,descending_neuron,2
19260,LC4,LC4_R,R,536048,DNp27,DNp27_L,L,descending_neuron,2
19260,LC4,LC4_R,R,10558,DNp35,DNp35(PVLP136)_R,R,descending_neuron,2
514508,LC4,LC4_L,L,10417,DNp103,DNp103(PVLP119)_L,L,descending_neuron,2
21151,LC4,LC4_R,R,10283,DNp103,DNp103(PVLP119)_R,R,descending_neuron,2
518544,LC4,LC4_L,L,10361,DNg40,DNg40(hb5813056435)_L,L,descending_neuron,2
107513,LC4,LC4_L,L,11573,DNpe021,DNpe021(CL307)_L,L,descending_neuron,2
20542,LC4,LC4_R,R,575082,DNpe021,DNpe021_R,R,descending_neuron,2
20542,LC4,LC4_R,R,10558,DNp35,DNp35(PVLP136)_R,R,descending_neuron,2
17364,LC4,LC4_R,R,575082,DNpe021,DNpe021_R,R,descending_neuron,2
37587,LC4,LC4_L,L,10449,DNpe025,DNpe025(PVLP145)_L,L,descending_neuron,2
16138,LC4,LC4_R,R,10923,DNg40,DNg40(hb5813056435)_R,R,descending_neuron,2
16138,LC4,LC4_R,R,10732,DNpe056,DNpe056(PVLP146)_R,R,descending_neuron,2
18127,LC4,LC4_R,R,10558,DNp35,DNp35(PVLP136)_R,R,descending_neuron,2
100485,LC4,LC4_L,L,10449,DNpe025,DNpe025(PVLP145)_L,L,descending_neuron,2
26147,LPLC2,LPLC2_R,R,10106,DNp11,DNp11_R,R,descending_neuron,1
20334,LPLC2,LPLC2_R,R,12628,DNpe042,DNpe042(CL262)_R,R,descending_neuron,1
17880,LPLC2,LPLC2_L,L,10244,DNp55,DNp55(WED180)_L,L,descending_neuron,1
25253,LPLC2,LPLC2_R,R,11159,DNp71,DNp71(DNp09)_R,R,descending_neuron,1
25253,LPLC2,LPLC2_R,R,11088,DNp55,DNp55(WED180)_R,R,descending_neuron,1
25253,LPLC2,LPLC2_R,R,10106,DNp11,DNp11_R,R,descending_neuron,1
18936,LPLC2,LPLC2_L,L,10228,DNp06,DNp06_L,L,descending_neuron,1
35294,LPLC2,LPLC2_L,L,536048,DNp27,DNp27_L,L,descending_neuron,1
35294,LPLC2,LPLC2_L,L,10590,DNpe052,DNpe052(AVLP564)_L,L,descending_neuron,1
35294,LPLC2,LPLC2_L,L,10259,DNp11,DNp11_L,L,descending_neuron,1
18672,LPLC2,LPLC2_R,R,10923,DNg40,DNg40(hb5813056435)_R,R,descending_neuron,1
18672,LPLC2,LPLC2_R,R,10732,DNpe056,DNpe056(PVLP146)_R,R,descending_neuron,1
33185,LPLC2,LPLC2_R,R,11133,DNp70,DNp70(CL305)_R,R,descending_neuron,1
33185,LPLC2,LPLC2_R,R,10584,DNp06,DNp06_R,R,descending_neuron,1
33185,LPLC2,LPLC2_R,R,10106,DNp11,DNp11_R,R,descending_neuron,1
14102,LPLC2,LPLC2_L,L,10091,DNpe042,DNpe042(CL262)_L,L,descending_neuron,1
31563,LPLC2,LPLC2_L,L,10783,DNp09,DNp09_L,L,descending_neuron,1
31563,LPLC2,LPLC2_L,L,10234,DNp35,DNp35(PVLP136)_L,L,descending_neuron,1
31563,LPLC2,LPLC2_L,L,10063,DNp27,DNp27_R,R,descending_neuron,1
514670,LPLC2,LPLC2_L,L,10228,DNp06,DNp06_L,L,descending_neuron,1
514670,LPLC2,LPLC2_L,L,10223,DNpe056,DNpe056(PVLP146)_L,L,descending_neuron,1
27023,LPLC2,LPLC2_L,L,536048,DNp27,DNp27_L,L,descending_neuron,1
27023,LPLC2,LPLC2_L,L,10590,DNpe052,DNpe052(AVLP564)_L,L,descending_neuron,1
27023,LPLC2,LPLC2_L,L,10259,DNp11,DNp11_L,L,descending_neuron,1
27023,LPLC2,LPLC2_L,L,10234,DNp35,DNp35(PVLP136)_L,L,descending_neuron,1
22218,LPLC2,LPLC2_R,R,12628,DNpe042,DNpe042(CL262)_R,R,descending_neuron,1
22218,LPLC2,LPLC2_R,R,11334,DNpe045,DNpe045(DNp23)_R,R,descending_neuron,1
29216,LPLC2,LPLC2_R,R,11159,DNp71,DNp71(DNp09)_R,R,descending_neuron,1
11498,LPLC2,LPLC2_L,L,10377,DNge054,DNge054_L,L,descending_neuron,1
11498,LPLC2,LPLC2_L,L,10361,DNg40,DNg40(hb5813056435)_L,L,descending_neuron,1
11498,LPLC2,LPLC2_L,L,10590,DNpe052,DNpe052(AVLP564)_L,L,descending_neuron,1
37431,LPLC2,LPLC2_R,R,10106,DNp11,DNp11_R,R,descending_neuron,1
38542,LPLC2,LPLC2_R,R,11137,DNp04,DNp04_R,R,descending_neuron,1
41097,LPLC2,LPLC2_L,L,10931,DNpe045,DNpe045(DNp23)_L,L,descending_neuron,1
41097,LPLC2,LPLC2_L,L,10590,DNpe052,DNpe052(AVLP564)_L,L,descending_neuron,1
18900,LPLC2,LPLC2_L,L,10361,DNg40,DNg40(hb5813056435)_L,L,descending_neuron,1
112292,LPLC2,LPLC2_L,L,10931,DNpe045,DNpe045(DNp23)_L,L,descending_neuron,1
26915,LPLC2,LPLC2_R,R,10601,DNpe025,DNpe025(PVLP145)_R,R,descending_neuron,1
33303,LPLC2,LPLC2_L,L,10091,DNpe042,DNpe042(CL262)_L,L,descending_neuron,1
21299,LPLC2,LPLC2_L,L,10091,DNpe042,DNpe042(CL262)_L,L,descending_neuron,1
21299,LPLC2,LPLC2_L,L,536048,DNp27,DNp27_L,L,descending_neuron,1
24308,LPLC2,LPLC2_L,L,11063,DNge032,DNge032_L,L,descending_neuron,1
24308,LPLC2,LPLC2_L,L,10259,DNp11,DNp11_L,L,descending_neuron,1
22677,LPLC2,LPLC2_R,R,536048,DNp27,DNp27_L,L,descending_neuron,1
22677,LPLC2,LPLC2_R,R,10732,DNpe056,DNpe056(PVLP146)_R,R,descending_neuron,1
30207,LPLC2,LPLC2_R,R,12628,DNpe042,DNpe042(CL262)_R,R,descending_neuron,1
30207,LPLC2,LPLC2_R,R,11334,DNpe045,DNpe045(DNp23)_R,R,descending_neuron,1
30207,LPLC2,LPLC2_R,R,11088,DNp55,DNp55(WED180)_R,R,descending_neuron,1
23665,LPLC2,LPLC2_L,L,10590,DNpe052,DNpe052(AVLP564)_L,L,descending_neuron,1
23665,LPLC2,LPLC2_L,L,10259,DNp11,DNp11_L,L,descending_neuron,1
24118,LPLC2,LPLC2_R,R,12628,DNpe042,DNpe042(CL262)_R,R,descending_neuron,1
24118,LPLC2,LPLC2_R,R,11159,DNp71,DNp71(DNp09)_R,R,descending_neuron,1
24118,LPLC2,LPLC2_R,R,10601,DNpe025,DNpe025(PVLP145)_R,R,descending_neuron,1
24118,LPLC2,LPLC2_R,R,10106,DNp11,DNp11_R,R,descending_neuron,1
27796,LPLC2,LPLC2_L,L,10931,DNpe045,DNpe045(DNp23)_L,L,descending_neuron,1
27796,LPLC2,LPLC2_L,L,10449,DNpe025,DNpe025(PVLP145)_L,L,descending_neuron,1
27796,LPLC2,LPLC2_L,L,10244,DNp55,DNp55(WED180)_L,L,descending_neuron,1
17551,LPLC2,LPLC2_R,R,10296,DNge054,DNge054_R,R,descending_neuron,1
23878,LPLC2,LPLC2_R,R,10601,DNpe025,DNpe025(PVLP145)_R,R,descending_neuron,1
33406,LPLC2,LPLC2_L,L,10931,DNpe045,DNpe045(DNp23)_L,L,descending_neuron,1
28011,LPLC2,LPLC2_L,L,536048,DNp27,DNp27_L,L,descending_neuron,1
28011,LPLC2,LPLC2_L,L,10449,DNpe025,DNpe025(PVLP145)_L,L,descending_neuron,1
20162,LPLC2,LPLC2_R,R,11632,DNpe052,DNpe052(AVLP564)_R,R,descending_neuron,1
20162,LPLC2,LPLC2_R,R,11159,DNp71,DNp71(DNp09)_R,R,descending_neuron,1
20103,LPLC2,LPLC2_R,R,11020,DNp05,DNp05_R,R,descending_neuron,1
524366,LPLC2,LPLC2_L,L,10931,DNpe045,DNpe045(DNp23)_L,L,descending_neuron,1
524366,LPLC2,LPLC2_L,L,10449,DNpe025,DNpe025(PVLP145)_L,L,descending_neuron,1
524366,LPLC2,LPLC2_L,L,10244,DNp55,DNp55(WED180)_L,L,descending_neuron,1
20694,LPLC2,LPLC2_R,R,11632,DNpe052,DNpe052(AVLP564)_R,R,descending_neuron,1
21769,LPLC2,LPLC2_R,R,12628,DNpe042,DNpe042(CL262)_R,R,descending_neuron,1
21769,LPLC2,LPLC2_R,R,11088,DNp55,DNp55(WED180)_R,R,descending_neuron,1
21769,LPLC2,LPLC2_R,R,11020,DNp05,DNp05_R,R,descending_neuron,1
21769,LPLC2,LPLC2_R,R,10732,DNpe056,DNpe056(PVLP146)_R,R,descending_neuron,1
21769,LPLC2,LPLC2_R,R,10601,DNpe025,DNpe025(PVLP145)_R,R,descending_neuron,1
19830,LPLC2,LPLC2_L,L,10931,DNpe045,DNpe045(DNp23)_L,L,descending_neuron,1
55627,LPLC2,LPLC2_R,R,11137,DNp04,DNp04_R,R,descending_neuron,1
55627,LPLC2,LPLC2_R,R,10106,DNp11,DNp11_R,R,descending_neuron,1
29873,LPLC2,LPLC2_R,R,12628,DNpe042,DNpe042(CL262)_R,R,descending_neuron,1
29955,LPLC2,LPLC2_L,L,10590,DNpe052,DNpe052(AVLP564)_L,L,descending_neuron,1
30895,LPLC2,LPLC2_L,L,10590,DNpe052,DNpe052(AVLP564)_L,L,descending_neuron,1
30895,LPLC2,LPLC2_L,L,10259,DNp11,DNp11_L,L,descending_neuron,1
32237,LPLC2,LPLC2_L,L,10931,DNpe045,DNpe045(DNp23)_L,L,descending_neuron,1
32237,LPLC2,LPLC2_L,L,10449,DNpe025,DNpe025(PVLP145)_L,L,descending_neuron,1
32237,LPLC2,LPLC2_L,L,10234,DNp35,DNp35(PVLP136)_L,L,descending_neuron,1
28871,LPLC2,LPLC2_R,R,575082,DNpe021,DNpe021_R,R,descending_neuron,1
28871,LPLC2,LPLC2_R,R,12628,DNpe042,DNpe042(CL262)_R,R,descending_neuron,1
28871,LPLC2,LPLC2_R,R,11159,DNp71,DNp71(DNp09)_R,R,descending_neuron,1
28871,LPLC2,LPLC2_R,R,11133,DNp70,DNp70(CL305)_R,R,descending_neuron,1
25027,LPLC2,LPLC2_L,L,10931,DNpe045,DNpe045(DNp23)_L,L,descending_neuron,1
25027,LPLC2,LPLC2_L,L,10259,DNp11,DNp11_L,L,descending_neuron,1
25027,LPLC2,LPLC2_L,L,10091,DNpe042,DNpe042(CL262)_L,L,descending_neuron,1
531014,LPLC2,LPLC2_L,L,522345,DNpe037,DNpe037(CL338)_L,L,descending_neuron,1
531014,LPLC2,LPLC2_L,L,10783,DNp09,DNp09_L,L,descending_neuron,1
531014,LPLC2,LPLC2_L,L,10590,DNpe052,DNpe052(AVLP564)_L,L,descending_neuron,1
531014,LPLC2,LPLC2_L,L,10449,DNpe025,DNpe025(PVLP145)_L,L,descending_neuron,1
531014,LPLC2,LPLC2_L,L,10234,DNp35,DNp35(PVLP136)_L,L,descending_neuron,1
23349,LPLC2,LPLC2_L,L,10091,DNpe042,DNpe042(CL262)_L,L,descending_neuron,1
20047,LPLC2,LPLC2_R,R,11334,DNpe045,DNpe045(DNp23)_R,R,descending_neuron,1
20047,LPLC2,LPLC2_R,R,11133,DNp70,DNp70(CL305)_R,R,descending_neuron,1
20047,LPLC2,LPLC2_R,R,11088,DNp55,DNp55(WED180)_R,R,descending_neuron,1
20047,LPLC2,LPLC2_R,R,575082,DNpe021,DNpe021_R,R,descending_neuron,1
34681,LPLC2,LPLC2_R,R,12628,DNpe042,DNpe042(CL262)_R,R,descending_neuron,1
25286,LPLC2,LPLC2_L,L,10931,DNpe045,DNpe045(DNp23)_L,L,descending_neuron,1
25286,LPLC2,LPLC2_L,L,10244,DNp55,DNp55(WED180)_L,L,descending_neuron,1
28188,LPLC2,LPLC2_L,L,10377,DNge054,DNge054_L,L,descending_neuron,1
28188,LPLC2,LPLC2_L,L,10259,DNp11,DNp11_L,L,descending_neuron,1
28188,LPLC2,LPLC2_L,L,10244,DNp55,DNp55(WED180)_L,L,descending_neuron,1
28188,LPLC2,LPLC2_L,L,10228,DNp06,DNp06_L,L,descending_neuron,1
28188,LPLC2,LPLC2_L,L,10091,DNpe042,DNpe042(CL262)_L,L,descending_neuron,1
28188,LPLC2,LPLC2_L,L,10063,DNp27,DNp27_R,R,descending_neuron,1
28188,LPLC2,LPLC2_L,L,536048,DNp27,DNp27_L,L,descending_neuron,1
24187,LPLC2,LPLC2_R,R,11177,DNp09,DNp09_R,R,descending_neuron,1
24187,LPLC2,LPLC2_R,R,11020,DNp05,DNp05_R,R,descending_neuron,1
24187,LPLC2,LPLC2_R,R,10558,DNp35,DNp35(PVLP136)_R,R,descending_neuron,1
29702,LPLC2,LPLC2_L,L,524001,DNp05,DNp05_L,L,descending_neuron,1
29702,LPLC2,LPLC2_L,L,10783,DNp09,DNp09_L,L,descending_neuron,1
29183,LPLC2,LPLC2_R,R,10063,DNp27,DNp27_R,R,descending_neuron,1
34110,LPLC2,LPLC2_R,R,12628,DNpe042,DNpe042(CL262)_R,R,descending_neuron,1
34110,LPLC2,LPLC2_R,R,10601,DNpe025,DNpe025(PVLP145)_R,R,descending_neuron,1
25267,LPLC2,LPLC2_R,R,10923,DNg40,DNg40(hb5813056435)_R,R,descending_neuron,1
27566,LPLC2,LPLC2_R,R,11133,DNp70,DNp70(CL305)_R,R,descending_neuron,1
27566,LPLC2,LPLC2_R,R,10957,DNp69,DNp69(CL304)_R,R,descending_neuron,1
24401,LPLC2,LPLC2_R,R,11334,DNpe045,DNpe045(DNp23)_R,R,descending_neuron,1
24401,LPLC2,LPLC2_R,R,11088,DNp55,DNp55(WED180)_R,R,descending_neuron,1
33396,LPLC2,LPLC2_R,R,11137,DNp04,DNp04_R,R,descending_neuron,1
33396,LPLC2,LPLC2_R,R,10601,DNpe025,DNpe025(PVLP145)_R,R,descending_neuron,1
33396,LPLC2,LPLC2_R,R,10296,DNge054,DNge054_R,R,descending_neuron,1
12384,LPLC2,LPLC2_L,L,10244,DNp55,DNp55(WED180)_L,L,descending_neuron,1
17544,LPLC2,LPLC2_L,L,10590,DNpe052,DNpe052(AVLP564)_L,L,descending_neuron,1
17544,LPLC2,LPLC2_L,L,10259,DNp11,DNp11_L,L,descending_neuron,1
13726,LPLC2,LPLC2_L,L,10590,DNpe052,DNpe052(AVLP564)_L,L,descending_neuron,1
29391,LPLC2,LPLC2_R,R,11632,DNpe052,DNpe052(AVLP564)_R,R,descending_neuron,1
29391,LPLC2,LPLC2_R,R,11177,DNp09,DNp09_R,R,descending_neuron,1
29391,LPLC2,LPLC2_R,R,10601,DNpe025,DNpe025(PVLP145)_R,R,descending_neuron,1
26393,LPLC2,LPLC2_R,R,10558,DNp35,DNp35(PVLP136)_R,R,descending_neuron,1
26393,LPLC2,LPLC2_R,R,11020,DNp05,DNp05_R,R,descending_neuron,1
26393,LPLC2,LPLC2_R,R,10957,DNp69,DNp69(CL304)_R,R,descending_neuron,1
22253,LPLC2,LPLC2_L,L,10931,DNpe045,DNpe045(DNp23)_L,L,descending_neuron,1
22253,LPLC2,LPLC2_L,L,10590,DNpe052,DNpe052(AVLP564)_L,L,descending_neuron,1
22253,LPLC2,LPLC2_L,L,10377,DNge054,DNge054_L,L,descending_neuron,1
22253,LPLC2,LPLC2_L,L,10259,DNp11,DNp11_L,L,descending_neuron,1
22253,LPLC2,LPLC2_L,L,10063,DNp27,DNp27_R,R,descending_neuron,1
19911,LPLC2,LPLC2_L,L,522345,DNpe037,DNpe037(CL338)_L,L,descending_neuron,1
19911,LPLC2,LPLC2_L,L,10259,DNp11,DNp11_L,L,descending_neuron,1
23247,LPLC2,LPLC2_L,L,10590,DNpe052,DNpe052(AVLP564)_L,L,descending_neuron,1
19787,LPLC2,LPLC2_L,L,536048,DNp27,DNp27_L,L,descending_neuron,1
19787,LPLC2,LPLC2_L,L,10244,DNp55,DNp55(WED180)_L,L,descending_neuron,1
23919,LPLC2,LPLC2_L,L,11133,DNp70,DNp70(CL305)_R,R,descending_neuron,1
23919,LPLC2,LPLC2_L,L,10234,DNp35,DNp35(PVLP136)_L,L,descending_neuron,1
23919,LPLC2,LPLC2_L,L,536048,DNp27,DNp27_L,L,descending_neuron,1
20269,LPLC2,LPLC2_R,R,11133,DNp70,DNp70(CL305)_R,R,descending_neuron,1
20269,LPLC2,LPLC2_R,R,11020,DNp05,DNp05_R,R,descending_neuron,1
20269,LPLC2,LPLC2_R,R,10558,DNp35,DNp35(PVLP136)_R,R,descending_neuron,1
134521,LPLC2,LPLC2_L,L,10590,DNpe052,DNpe052(AVLP564)_L,L,descending_neuron,1
34051,LPLC2,LPLC2_L,L,10234,DNp35,DNp35(PVLP136)_L,L,descending_neuron,1
34051,LPLC2,LPLC2_L,L,10091,DNpe042,DNpe042(CL262)_L,L,descending_neuron,1
19249,LPLC2,LPLC2_R,R,11632,DNpe052,DNpe052(AVLP564)_R,R,descending_neuron,1
19249,LPLC2,LPLC2_R,R,10001,DNp01,DNp01(GF)_R,R,descending_neuron,1
19589,LPLC2,LPLC2_R,R,10732,DNpe056,DNpe056(PVLP146)_R,R,descending_neuron,1
19608,LPLC2,LPLC2_R,R,11334,DNpe045,DNpe045(DNp23)_R,R,descending_neuron,1
19608,LPLC2,LPLC2_R,R,11020,DNp05,DNp05_R,R,descending_neuron,1
19034,LPLC2,LPLC2_R,R,12628,DNpe042,DNpe042(CL262)_R,R,descending_neuron,1
19034,LPLC2,LPLC2_R,R,11334,DNpe045,DNpe045(DNp23)_R,R,descending_neuron,1
19034,LPLC2,LPLC2_R,R,575082,DNpe021,DNpe021_R,R,descending_neuron,1
14030,LPLC2,LPLC2_L,L,10361,DNg40,DNg40(hb5813056435)_L,L,descending_neuron,1
14030,LPLC2,LPLC2_L,L,10223,DNpe056,DNpe056(PVLP146)_L,L,descending_neuron,1
31105,LPLC2,LPLC2_L,L,519771,DNp71,DNp71(DNp09)_L,L,descending_neuron,1
31105,LPLC2,LPLC2_L,L,10244,DNp55,DNp55(WED180)_L,L,descending_neuron,1
13764,LPLC2,LPLC2_L,L,10931,DNpe045,DNpe045(DNp23)_L,L,descending_neuron,1
13764,LPLC2,LPLC2_L,L,10063,DNp27,DNp27_R,R,descending_neuron,1
21703,LPLC2,LPLC2_R,R,11159,DNp71,DNp71(DNp09)_R,R,descending_neuron,1
25497,LPLC2,LPLC2_R,R,12628,DNpe042,DNpe042(CL262)_R,R,descending_neuron,1
24840,LPLC2,LPLC2_L,L,10590,DNpe052,DNpe052(AVLP564)_L,L,descending_neuron,1
20584,LPLC2,LPLC2_R,R,11632,DNpe052,DNpe052(AVLP564)_R,R,descending_neuron,1
20584,LPLC2,LPLC2_R,R,10923,DNg40,DNg40(hb5813056435)_R,R,descending_neuron,1
20584,LPLC2,LPLC2_R,R,10296,DNge054,DNge054_R,R,descending_neuron,1
20584,LPLC2,LPLC2_R,R,10063,DNp27,DNp27_R,R,descending_neuron,1
22557,LPLC2,LPLC2_L,L,10377,DNge054,DNge054_L,L,descending_neuron,1
22557,LPLC2,LPLC2_L,L,536048,DNp27,DNp27_L,L,descending_neuron,1
34407,LPLC2,LPLC2_L,L,10590,DNpe052,DNpe052(AVLP564)_L,L,descending_neuron,1
27355,LPLC2,LPLC2_L,L,536048,DNp27,DNp27_L,L,descending_neuron,1
27355,LPLC2,LPLC2_L,L,524001,DNp05,DNp05_L,L,descending_neuron,1
27355,LPLC2,LPLC2_L,L,10449,DNpe025,DNpe025(PVLP145)_L,L,descending_neuron,1
517819,LPLC2,LPLC2_L,L,10234,DNp35,DNp35(PVLP136)_L,L,descending_neuron,1
517819,LPLC2,LPLC2_L,L,10091,DNpe042,DNpe042(CL262)_L,L,descending_neuron,1
517819,LPLC2,LPLC2_L,L,536048,DNp27,DNp27_L,L,descending_neuron,1
30041,LPLC2,LPLC2_R,R,11088,DNp55,DNp55(WED180)_R,R,descending_neuron,1
30041,LPLC2,LPLC2_R,R,10601,DNpe025,DNpe025(PVLP145)_R,R,descending_neuron,1
25854,LPLC2,LPLC2_L,L,10590,DNpe052,DNpe052(AVLP564)_L,L,descending_neuron,1
17990,LPLC2,LPLC2_L,L,10223,DNpe056,DNpe056(PVLP146)_L,L,descending_neuron,1
20749,LPLC2,LPLC2_R,R,575082,DNpe021,DNpe021_R,R,descending_neuron,1
20749,LPLC2,LPLC2_R,R,12628,DNpe042,DNpe042(CL262)_R,R,descending_neuron,1
20749,LPLC2,LPLC2_R,R,11334,DNpe045,DNpe045(DNp23)_R,R,descending_neuron,1
20749,LPLC2,LPLC2_R,R,10732,DNpe056,DNpe056(PVLP146)_R,R,descending_neuron,1
19229,LPLC2,LPLC2_R,R,12628,DNpe042,DNpe042(CL262)_R,R,descending_neuron,1
29815,LPLC2,LPLC2_L,L,10590,DNpe052,DNpe052(AVLP564)_L,L,descending_neuron,1
29815,LPLC2,LPLC2_L,L,10063,DNp27,DNp27_R,R,descending_neuron,1
25136,LPLC2,LPLC2_L,L,10931,DNpe045,DNpe045(DNp23)_L,L,descending_neuron,1
25136,LPLC2,LPLC2_L,L,10449,DNpe025,DNpe025(PVLP145)_L,L,descending_neuron,1
25136,LPLC2,LPLC2_L,L,10259,DNp11,DNp11_L,L,descending_neuron,1
25136,LPLC2,LPLC2_L,L,10091,DNpe042,DNpe042(CL262)_L,L,descending_neuron,1
521115,LPLC2,LPLC2_L,L,10590,DNpe052,DNpe052(AVLP564)_L,L,descending_neuron,1
521115,LPLC2,LPLC2_L,L,10244,DNp55,DNp55(WED180)_L,L,descending_neuron,1
521115,LPLC2,LPLC2_L,L,10063,DNp27,DNp27_R,R,descending_neuron,1
21318,LPLC2,LPLC2_R,R,575082,DNpe021,DNpe021_R,R,descending_neuron,1
21318,LPLC2,LPLC2_R,R,12628,DNpe042,DNpe042(CL262)_R,R,descending_neuron,1
21318,LPLC2,LPLC2_R,R,11632,DNpe052,DNpe052(AVLP564)_R,R,descending_neuron,1
50287,LPLC2,LPLC2_R,R,11334,DNpe045,DNpe045(DNp23)_R,R,descending_neuron,1
50287,LPLC2,LPLC2_R,R,11133,DNp70,DNp70(CL305)_R,R,descending_neuron,1
515971,LPLC2,LPLC2_L,L,10931,DNpe045,DNpe045(DNp23)_L,L,descending_neuron,1
515971,LPLC2,LPLC2_L,L,10228,DNp06,DNp06_L,L,descending_neuron,1
35632,LPLC2,LPLC2_R,R,12628,DNpe042,DNpe042(CL262)_R,R,descending_neuron,1
35632,LPLC2,LPLC2_R,R,11177,DNp09,DNp09_R,R,descending_neuron,1
28741,LPLC2,LPLC2_R,R,11159,DNp71,DNp71(DNp09)_R,R,descending_neuron,1
28741,LPLC2,LPLC2_R,R,11133,DNp70,DNp70(CL305)_R,R,descending_neuron,1
518731,LPLC2,LPLC2_L,L,10931,DNpe045,DNpe045(DNp23)_L,L,descending_neuron,1
518731,LPLC2,LPLC2_L,L,10590,DNpe052,DNpe052(AVLP564)_L,L,descending_neuron,1
24568,LPLC2,LPLC2_L,L,10449,DNpe025,DNpe025(PVLP145)_L,L,descending_neuron,1
24568,LPLC2,LPLC2_L,L,10234,DNp35,DNp35(PVLP136)_L,L,descending_neuron,1
536444,LPLC2,LPLC2_L,L,536048,DNp27,DNp27_L,L,descending_neuron,1
536444,LPLC2,LPLC2_L,L,519771,DNp71,DNp71(DNp09)_L,L,descending_neuron,1
536444,LPLC2,LPLC2_L,L,10580,DNp70,DNp70(CL305)_L,L,descending_neuron,1
34655,LPLC2,LPLC2_L,L,10234,DNp35,DNp35(PVLP136)_L,L,descending_neuron,1
19842,LPLC2,LPLC2_R,R,10923,DNg40,DNg40(hb5813056435)_R,R,descending_neuron,1
19842,LPLC2,LPLC2_R,R,10732,DNpe056,DNpe056(PVLP146)_R,R,descending_neuron,1
19842,LPLC2,LPLC2_R,R,10117,DNp02,DNp02_R,R,descending_neuron,1
32507,LPLC2,LPLC2_R,R,12628,DNpe042,DNpe042(CL262)_R,R,descending_neuron,1
32507,LPLC2,LPLC2_R,R,11159,DNp71,DNp71(DNp09)_R,R,descending_neuron,1
32507,LPLC2,LPLC2_R,R,10063,DNp27,DNp27_R,R,descending_neuron,1
26528,LPLC2,LPLC2_L,L,10590,DNpe052,DNpe052(AVLP564)_L,L,descending_neuron,1
26528,LPLC2,LPLC2_L,L,10580,DNp70,DNp70(CL305)_L,L,descending_neuron,1
26528,LPLC2,LPLC2_L,L,10063,DNp27,DNp27_R,R,descending_neuron,1
33965,LPLC2,LPLC2_L,L,536048,DNp27,DNp27_L,L,descending_neuron,1
21045,LPLC2,LPLC2_R,R,11632,DNpe052,DNpe052(AVLP564)_R,R,descending_neuron,1
29287,LPLC2,LPLC2_R,R,11159,DNp71,DNp71(DNp09)_R,R,descending_neuron,1
29287,LPLC2,LPLC2_R,R,11133,DNp70,DNp70(CL305)_R,R,descending_neuron,1
29287,LPLC2,LPLC2_R,R,10957,DNp69,DNp69(CL304)_R,R,descending_neuron,1
29287,LPLC2,LPLC2_R,R,10558,DNp35,DNp35(PVLP136)_R,R,descending_neuron,1
33694,LPLC2,LPLC2_R,R,11133,DNp70,DNp70(CL305)_R,R,descending_neuron,1
33694,LPLC2,LPLC2_R,R,10063,DNp27,DNp27_R,R,descending_neuron,1
25572,LPLC2,LPLC2_L,L,10234,DNp35,DNp35(PVLP136)_L,L,descending_neuron,1
533895,LPLC2,LPLC2_L,L,10590,DNpe052,DNpe052(AVLP564)_L,L,descending_neuron,1
533895,LPLC2,LPLC2_L,L,10580,DNp70,DNp70(CL305)_L,L,descending_neuron,1
20799,LPLC2,LPLC2_L,L,10931,DNpe045,DNpe045(DNp23)_L,L,descending_neuron,1
20799,LPLC2,LPLC2_L,L,10449,DNpe025,DNpe025(PVLP145)_L,L,descending_neuron,1
37925,LPLC2,LPLC2_R,R,11137,DNp04,DNp04_R,R,descending_neuron,1
37925,LPLC2,LPLC2_R,R,10558,DNp35,DNp35(PVLP136)_R,R,descending_neuron,1
34372,LPLC2,LPLC2_R,R,11020,DNp05,DNp05_R,R,descending_neuron,1
34372,LPLC2,LPLC2_R,R,10106,DNp11,DNp11_R,R,descending_neuron,1
27399,LPLC2,LPLC2_L,L,536048,DNp27,DNp27_L,L,descending_neuron,1
27399,LPLC2,LPLC2_L,L,524001,DNp05,DNp05_L,L,descending_neuron,1
27399,LPLC2,LPLC2_L,L,519771,DNp71,DNp71(DNp09)_L,L,descending_neuron,1
29753,LPLC2,LPLC2_L,L,10752,DNp03,DNp03_L,L,descending_neuron,1
29753,LPLC2,LPLC2_L,L,10590,DNpe052,DNpe052(AVLP564)_L,L,descending_neuron,1
29753,LPLC2,LPLC2_L,L,12218,DNpe031,DNpe031(PVLP116)_L,L,descending_neuron,1
20182,LPLC2,LPLC2_R,R,12628,DNpe042,DNpe042(CL262)_R,R,descending_neuron,1
20182,LPLC2,LPLC2_R,R,11334,DNpe045,DNpe045(DNp23)_R,R,descending_neuron,1
20182,LPLC2,LPLC2_R,R,11159,DNp71,DNp71(DNp09)_R,R,descending_neuron,1
20182,LPLC2,LPLC2_R,R,11020,DNp05,DNp05_R,R,descending_neuron,1
20182,LPLC2,LPLC2_R,R,10601,DNpe025,DNpe025(PVLP145)_R,R,descending_neuron,1
21562,LPLC2,LPLC2_R,R,11159,DNp71,DNp71(DNp09)_R,R,descending_neuron,1
21562,LPLC2,LPLC2_R,R,10601,DNpe025,DNpe025(PVLP145)_R,R,descending_neuron,1
27471,LPLC2,LPLC2_R,R,11334,DNpe045,DNpe045(DNp23)_R,R,descending_neuron,1
28044,LPLC2,LPLC2_R,R,11334,DNpe045,DNpe045(DNp23)_R,R,descending_neuron,1
28044,LPLC2,LPLC2_R,R,10117,DNp02,DNp02_R,R,descending_neuron,1
30938,LPLC2,LPLC2_R,R,12628,DNpe042,DNpe042(CL262)_R,R,descending_neuron,1
30938,LPLC2,LPLC2_R,R,10558,DNp35,DNp35(PVLP136)_R,R,descending_neuron,1
30938,LPLC2,LPLC2_R,R,10296,DNge054,DNge054_R,R,descending_neuron,1
30938,LPLC2,LPLC2_R,R,10106,DNp11,DNp11_R,R,descending_neuron,1
29014,LPLC2,LPLC2_R,R,11159,DNp71,DNp71(DNp09)_R,R,descending_neuron,1
29014,LPLC2,LPLC2_R,R,10584,DNp06,DNp06_R,R,descending_neuron,1
29014,LPLC2,LPLC2_R,R,10558,DNp35,DNp35(PVLP136)_R,R,descending_neuron,1
21899,LPLC2,LPLC2_R,R,575082,DNpe021,DNpe021_R,R,descending_neuron,1
21899,LPLC2,LPLC2_R,R,11334,DNpe045,DNpe045(DNp23)_R,R,descending_neuron,1
21899,LPLC2,LPLC2_R,R,11159,DNp71,DNp71(DNp09)_R,R,descending_neuron,1
100103,LPLC2,LPLC2_L,L,10234,DNp35,DNp35(PVLP136)_L,L,descending_neuron,1
100103,LPLC2,LPLC2_L,L,10228,DNp06,DNp06_L,L,descending_neuron,1
17059,LPLC2,LPLC2_L,L,10590,DNpe052,DNpe052(AVLP564)_L,L,descending_neuron,1
17059,LPLC2,LPLC2_L,L,10580,DNp70,DNp70(CL305)_L,L,descending_neuron,1
17059,LPLC2,LPLC2_L,L,10244,DNp55,DNp55(WED180)_L,L,descending_neuron,1
26730,LPLC2,LPLC2_R,R,11632,DNpe052,DNpe052(AVLP564)_R,R,descending_neuron,1
26730,LPLC2,LPLC2_R,R,10063,DNp27,DNp27_R,R,descending_neuron,1
35889,LPLC2,LPLC2_R,R,11020,DNp05,DNp05_R,R,descending_neuron,1
35889,LPLC2,LPLC2_R,R,10117,DNp02,DNp02_R,R,descending_neuron,1
35889,LPLC2,LPLC2_R,R,10106,DNp11,DNp11_R,R,descending_neuron,1
25575,LPLC2,LPLC2_L,L,10580,DNp70,DNp70(CL305)_L,L,descending_neuron,1
525844,LPLC2,LPLC2_L,L,12222,DNpe031,DNpe031(PVLP116)_L,L,descending_neuron,1
525844,LPLC2,LPLC2_L,L,10234,DNp35,DNp35(PVLP136)_L,L,descending_neuron,1
517079,LPLC2,LPLC2_L,L,10590,DNpe052,DNpe052(AVLP564)_L,L,descending_neuron,1
517079,LPLC2,LPLC2_L,L,10580,DNp70,DNp70(CL305)_L,L,descending_neuron,1
21361,LPLC2,LPLC2_L,L,519771,DNp71,DNp71(DNp09)_L,L,descending_neuron,1
21361,LPLC2,LPLC2_L,L,10590,DNpe052,DNpe052(AVLP564)_L,L,descending_neuron,1
21361,LPLC2,LPLC2_L,L,10244,DNp55,DNp55(WED180)_L,L,descending_neuron,1
31988,LPLC2,LPLC2_R,R,11133,DNp70,DNp70(CL305)_R,R,descending_neuron,1
17775,LPLC2,LPLC2_L,L,10234,DNp35,DNp35(PVLP136)_L,L,descending_neuron,1
17775,LPLC2,LPLC2_L,L,10228,DNp06,DNp06_L,L,descending_neuron,1
39620,LPLC2,LPLC2_R,R,10601,DNpe025,DNpe025(PVLP145)_R,R,descending_neuron,1
23590,LPLC2,LPLC2_R,R,11088,DNp55,DNp55(WED180)_R,R,descending_neuron,1
23590,LPLC2,LPLC2_R,R,10280,DNp47,DNp47(PS293)_R,R,descending_neuron,1
23590,LPLC2,LPLC2_R,R,10106,DNp11,DNp11_R,R,descending_neuron,1
23590,LPLC2,LPLC2_R,R,12628,DNpe042,DNpe042(CL262)_R,R,descending_neuron,1
24800,LPLC2,LPLC2_R,R,11334,DNpe045,DNpe045(DNp23)_R,R,descending_neuron,1
21862,LPLC2,LPLC2_R,R,11020,DNp05,DNp05_R,R,descending_neuron,1
23497,LPLC2,LPLC2_R,R,12628,DNpe042,DNpe042(CL262)_R,R,descending_neuron,1
23497,LPLC2,LPLC2_R,R,11334,DNpe045,DNpe045(DNp23)_R,R,descending_neuron,1
23497,LPLC2,LPLC2_R,R,11088,DNp55,DNp55(WED180)_R,R,descending_neuron,1
23497,LPLC2,LPLC2_R,R,11020,DNp05,DNp05_R,R,descending_neuron,1
35680,LPLC2,LPLC2_R,R,11334,DNpe045,DNpe045(DNp23)_R,R,descending_neuron,1
35680,LPLC2,LPLC2_R,R,11133,DNp70,DNp70(CL305)_R,R,descending_neuron,1
35680,LPLC2,LPLC2_R,R,10558,DNp35,DNp35(PVLP136)_R,R,descending_neuron,1
19549,LPLC2,LPLC2_R,R,11334,DNpe045,DNpe045(DNp23)_R,R,descending_neuron,1
19549,LPLC2,LPLC2_R,R,11133,DNp70,DNp70(CL305)_R,R,descending_neuron,1
19549,LPLC2,LPLC2_R,R,11088,DNp55,DNp55(WED180)_R,R,descending_neuron,1
19549,LPLC2,LPLC2_R,R,10923,DNg40,DNg40(hb5813056435)_R,R,descending_neuron,1
19549,LPLC2,LPLC2_R,R,10001,DNp01,DNp01(GF)_R,R,descending_neuron,1
25511,LPLC2,LPLC2_R,R,11334,DNpe045,DNpe045(DNp23)_R,R,descending_neuron,1
129687,LPLC2,LPLC2_L,L,519771,DNp71,DNp71(DNp09)_L,L,descending_neuron,1
129687,LPLC2,LPLC2_L,L,10590,DNpe052,DNpe052(AVLP564)_L,L,descending_neuron,1
28003,LPLC2,LPLC2_R,R,11159,DNp71,DNp71(DNp09)_R,R,descending_neuron,1
28003,LPLC2,LPLC2_R,R,575082,DNpe021,DNpe021_R,R,descending_neuron,1
29986,LPLC2,LPLC2_R,R,11334,DNpe045,DNpe045(DNp23)_R,R,descending_neuron,1
25209,LPLC2,LPLC2_L,L,12218,DNpe031,DNpe031(PVLP116)_L,L,descending_neuron,1
25209,LPLC2,LPLC2_L,L,10783,DNp09,DNp09_L,L,descending_neuron,1
33439,LPLC2,LPLC2_R,R,11133,DNp70,DNp70(CL305)_R,R,descending_neuron,1
33439,LPLC2,LPLC2_R,R,11088,DNp55,DNp55(WED180)_R,R,descending_neuron,1
33439,LPLC2,LPLC2_R,R,10601,DNpe025,DNpe025(PVLP145)_R,R,descending_neuron,1
95241,LPLC2,LPLC2_L,L,10377,DNge054,DNge054_L,L,descending_neuron,1
111903,LPLC2,LPLC2_L,L,10783,DNp09,DNp09_L,L,descending_neuron,1
111903,LPLC2,LPLC2_L,L,10580,DNp70,DNp70(CL305)_L,L,descending_neuron,1
111903,LPLC2,LPLC2_L,L,10377,DNge054,DNge054_L,L,descending_neuron,1
111903,LPLC2,LPLC2_L,L,10223,DNpe056,DNpe056(PVLP146)_L,L,descending_neuron,1
29319,LPLC2,LPLC2_L,L,10931,DNpe045,DNpe045(DNp23)_L,L,descending_neuron,1
13132,LPLC2,LPLC2_L,L,10244,DNp55,DNp55(WED180)_L,L,descending_neuron,1
20535,LPLC2,LPLC2_R,R,575082,DNpe021,DNpe021_R,R,descending_neuron,1
20535,LPLC2,LPLC2_R,R,11159,DNp71,DNp71(DNp09)_R,R,descending_neuron,1
40811,LPLC2,LPLC2_L,L,10580,DNp70,DNp70(CL305)_L,L,descending_neuron,1
31964,LPLC2,LPLC2_R,R,11334,DNpe045,DNpe045(DNp23)_R,R,descending_neuron,1
31964,LPLC2,LPLC2_R,R,10957,DNp69,DNp69(CL304)_R,R,descending_neuron,1
31964,LPLC2,LPLC2_R,R,10106,DNp11,DNp11_R,R,descending_neuron,1
517078,LPLC2,LPLC2_L,L,524001,DNp05,DNp05_L,L,descending_neuron,1
517078,LPLC2,LPLC2_L,L,11063,DNge032,DNge032_L,L,descending_neuron,1
517078,LPLC2,LPLC2_L,L,10361,DNg40,DNg40(hb5813056435)_L,L,descending_neuron,1
517078,LPLC2,LPLC2_L,L,10091,DNpe042,DNpe042(CL262)_L,L,descending_neuron,1
20808,LC4,LC4_R,R,11020,DNp05,DNp05_R,R,descending_neuron,1
20808,LC4,LC4_R,R,10601,DNpe025,DNpe025(PVLP145)_R,R,descending_neuron,1
22966,LC4,LC4_R,R,11133,DNp70,DNp70(CL305)_R,R,descending_neuron,1
22966,LC4,LC4_R,R,10601,DNpe025,DNpe025(PVLP145)_R,R,descending_neuron,1
520449,LC4,LC4_L,L,10449,DNpe025,DNpe025(PVLP145)_L,L,descending_neuron,1
511914,LC4,LC4_L,L,11573,DNpe021,DNpe021(CL307)_L,L,descending_neuron,1
511914,LC4,LC4_L,L,10417,DNp103,DNp103(PVLP119)_L,L,descending_neuron,1
19543,LC4,LC4_R,R,10063,DNp27,DNp27_R,R,descending_neuron,1
19634,LC4,LC4_R,R,10923,DNg40,DNg40(hb5813056435)_R,R,descending_neuron,1
19634,LC4,LC4_R,R,10558,DNp35,DNp35(PVLP136)_R,R,descending_neuron,1
17548,LC4,LC4_R,R,10923,DNg40,DNg40(hb5813056435)_R,R,descending_neuron,1
21721,LC4,LC4_L,L,10449,DNpe025,DNpe025(PVLP145)_L,L,descending_neuron,1
21721,LC4,LC4_L,L,10234,DNp35,DNp35(PVLP136)_L,L,descending_neuron,1
16917,LC4,LC4_L,L,33037,DNp69,DNp69(CL304)_L,L,descending_neuron,1
16917,LC4,LC4_L,L,10223,DNpe056,DNpe056(PVLP146)_L,L,descending_neuron,1
532254,LC4,LC4_L,L,10417,DNp103,DNp103(PVLP119)_L,L,descending_neuron,1
18432,LC4,LC4_L,L,33037,DNp69,DNp69(CL304)_L,L,descending_neuron,1
18432,LC4,LC4_L,L,10713,DNp42,DNp42_L,L,descending_neuron,1
18432,LC4,LC4_L,L,10417,DNp103,DNp103(PVLP119)_L,L,descending_neuron,1
16809,LC4,LC4_L,L,11573,DNpe021,DNpe021(CL307)_L,L,descending_neuron,1
16809,LC4,LC4_L,L,10580,DNp70,DNp70(CL305)_L,L,descending_neuron,1
16809,LC4,LC4_L,L,10417,DNp103,DNp103(PVLP119)_L,L,descending_neuron,1
19954,LC4,LC4_R,R,10957,DNp69,DNp69(CL304)_R,R,descending_neuron,1
19954,LC4,LC4_R,R,10601,DNpe025,DNpe025(PVLP145)_R,R,descending_neuron,1
19954,LC4,LC4_R,R,10558,DNp35,DNp35(PVLP136)_R,R,descending_neuron,1
19954,LC4,LC4_R,R,10280,DNp47,DNp47(PS293)_R,R,descending_neuron,1
17668,LC4,LC4_R,R,575082,DNpe021,DNpe021_R,R,descending_neuron,1
17668,LC4,LC4_R,R,10280,DNp47,DNp47(PS293)_R,R,descending_neuron,1
20859,LC4,LC4_L,L,10713,DNp42,DNp42_L,L,descending_neuron,1
20859,LC4,LC4_L,L,10580,DNp70,DNp70(CL305)_L,L,descending_neuron,1
20859,LC4,LC4_L,L,10030,pIP1,pIP1_L,L,descending_neuron,1
27829,LC4,LC4_L,L,11573,DNpe021,DNpe021(CL307)_L,L,descending_neuron,1
17926,LC4,LC4_R,R,575082,DNpe021,DNpe021_R,R,descending_neuron,1
17926,LC4,LC4_R,R,10923,DNg40,DNg40(hb5813056435)_R,R,descending_neuron,1
17926,LC4,LC4_R,R,10601,DNpe025,DNpe025(PVLP145)_R,R,descending_neuron,1
31262,LC4,LC4_R,R,10283,DNp103,DNp103(PVLP119)_R,R,descending_neuron,1
23226,LC4,LC4_L,L,536048,DNp27,DNp27_L,L,descending_neuron,1
518983,LC4,LC4_L,L,10713,DNp42,DNp42_L,L,descending_neuron,1
518983,LC4,LC4_L,L,10030,pIP1,pIP1_L,L,descending_neuron,1
23098,LC4,LC4_R,R,10923,DNg40,DNg40(hb5813056435)_R,R,descending_neuron,1
23098,LC4,LC4_R,R,575082,DNpe021,DNpe021_R,R,descending_neuron,1
23098,LC4,LC4_R,R,536048,DNp27,DNp27_L,L,descending_neuron,1
17478,LC4,LC4_L,L,10449,DNpe025,DNpe025(PVLP145)_L,L,descending_neuron,1
34845,LC4,LC4_L,L,33037,DNp69,DNp69(CL304)_L,L,descending_neuron,1
34845,LC4,LC4_L,L,10931,DNpe045,DNpe045(DNp23)_L,L,descending_neuron,1
34845,LC4,LC4_L,L,10449,DNpe025,DNpe025(PVLP145)_L,L,descending_neuron,1
34845,LC4,LC4_L,L,10417,DNp103,DNp103(PVLP119)_L,L,descending_neuron,1
17653,LC4,LC4_L,L,10449,DNpe025,DNpe025(PVLP145)_L,L,descending_neuron,1
17653,LC4,LC4_L,L,10361,DNg40,DNg40(hb5813056435)_L,L,descending_neuron,1
20440,LC4,LC4_L,L,10361,DNg40,DNg40(hb5813056435)_L,L,descending_neuron,1
17340,LC4,LC4_L,L,33037,DNp69,DNp69(CL304)_L,L,descending_neuron,1
17340,LC4,LC4_L,L,10449,DNpe025,DNpe025(PVLP145)_L,L,descending_neuron,1
22975,LC4,LC4_R,R,10283,DNp103,DNp103(PVLP119)_R,R,descending_neuron,1
22975,LC4,LC4_R,R,10143,DNp30,DNp30_L,L,descending_neuron,1
20967,LC4,LC4_L,L,10580,DNp70,DNp70(CL305)_L,L,descending_neuron,1
20967,LC4,LC4_L,L,10234,DNp35,DNp35(PVLP136)_L,L,descending_neuron,1
20967,LC4,LC4_L,L,10030,pIP1,pIP1_L,L,descending_neuron,1
35616,LC4,LC4_L,L,11573,DNpe021,DNpe021(CL307)_L,L,descending_neuron,1
35616,LC4,LC4_L,L,10449,DNpe025,DNpe025(PVLP145)_L,L,descending_neuron,1
535341,LC4,LC4_L,L,11573,DNpe021,DNpe021(CL307)_L,L,descending_neuron,1
535341,LC4,LC4_L,L,10449,DNpe025,DNpe025(PVLP145)_L,L,descending_neuron,1
535341,LC4,LC4_L,L,10417,DNp103,DNp103(PVLP119)_L,L,descending_neuron,1
512366,LC4,LC4_L,L,10931,DNpe045,DNpe045(DNp23)_L,L,descending_neuron,1
30480,LC4,LC4_R,R,11133,DNp70,DNp70(CL305)_R,R,descending_neuron,1
30480,LC4,LC4_R,R,10584,DNp06,DNp06_R,R,descending_neuron,1
31301,LC4,LC4_L,L,11573,DNpe021,DNpe021(CL307)_L,L,descending_neuron,1
512705,LC4,LC4_L,L,10449,DNpe025,DNpe025(PVLP145)_L,L,descending_neuron,1
515476,LC4,LC4_L,L,524001,DNp05,DNp05_L,L,descending_neuron,1
515476,LC4,LC4_L,L,10223,DNpe056,DNpe056(PVLP146)_L,L,descending_neuron,1
32597,LC4,LC4_L,L,11573,DNpe021,DNpe021(CL307)_L,L,descending_neuron,1
32597,LC4,LC4_L,L,10713,DNp42,DNp42_L,L,descending_neuron,1
526286,LC4,LC4_L,L,10361,DNg40,DNg40(hb5813056435)_L,L,descending_neuron,1
27750,LC4,LC4_L,L,10580,DNp70,DNp70(CL305)_L,L,descending_neuron,1
17860,LC4,LC4_R,R,506334,DNp42,DNp42_R,R,descending_neuron,1
21287,LC4,LC4_R,R,506334,DNp42,DNp42_R,R,descending_neuron,1
21287,LC4,LC4_R,R,11334,DNpe045,DNpe045(DNp23)_R,R,descending_neuron,1
18189,LC4,LC4_R,R,10601,DNpe025,DNpe025(PVLP145)_R,R,descending_neuron,1
18189,LC4,LC4_R,R,10280,DNp47,DNp47(PS293)_R,R,descending_neuron,1
18189,LC4,LC4_R,R,506334,DNp42,DNp42_R,R,descending_neuron,1
20572,LC4,LC4_L,L,10417,DNp103,DNp103(PVLP119)_L,L,descending_neuron,1
29469,LC4,LC4_L,L,524001,DNp05,DNp05_L,L,descending_neuron,1
29469,LC4,LC4_L,L,10449,DNpe025,DNpe025(PVLP145)_L,L,descending_neuron,1
23929,LC4,LC4_R,R,575082,DNpe021,DNpe021_R,R,descending_neuron,1
23929,LC4,LC4_R,R,10143,DNp30,DNp30_L,L,descending_neuron,1
518439,LC4,LC4_L,L,11573,DNpe021,DNpe021(CL307)_L,L,descending_neuron,1
518439,LC4,LC4_L,L,10580,DNp70,DNp70(CL305)_L,L,descending_neuron,1
518439,LC4,LC4_L,L,10091,DNpe042,DNpe042(CL262)_L,L,descending_neuron,1
17608,LC4,LC4_L,L,10417,DNp103,DNp103(PVLP119)_L,L,descending_neuron,1
22847,LC4,LC4_R,R,10957,DNp69,DNp69(CL304)_R,R,descending_neuron,1
20673,LC4,LC4_R,R,10957,DNp69,DNp69(CL304)_R,R,descending_neuron,1
20673,LC4,LC4_R,R,10601,DNpe025,DNpe025(PVLP145)_R,R,descending_neuron,1
20673,LC4,LC4_R,R,10558,DNp35,DNp35(PVLP136)_R,R,descending_neuron,1
518016,LC4,LC4_L,L,10449,DNpe025,DNpe025(PVLP145)_L,L,descending_neuron,1
518016,LC4,LC4_L,L,11573,DNpe021,DNpe021(CL307)_L,L,descending_neuron,1
31308,LC4,LC4_L,L,11573,DNpe021,DNpe021(CL307)_L,L,descending_neuron,1
17270,LC4,LC4_L,L,10417,DNp103,DNp103(PVLP119)_L,L,descending_neuron,1
516909,LC4,LC4_L,L,10417,DNp103,DNp103(PVLP119)_L,L,descending_neuron,1
516909,LC4,LC4_L,L,10234,DNp35,DNp35(PVLP136)_L,L,descending_neuron,1
516909,LC4,LC4_L,L,10118,DNb05,DNb05_L,L,descending_neuron,1
515900,LC4,LC4_L,L,11573,DNpe021,DNpe021(CL307)_L,L,descending_neuron,1
17266,LC4,LC4_R,R,11513,DNp07,DNp07_R,R,descending_neuron,1
17266,LC4,LC4_R,R,11290,DNp66,DNp66(AVLP499)_R,R,descending_neuron,1
17266,LC4,LC4_R,R,10601,DNpe025,DNpe025(PVLP145)_R,R,descending_neuron,1
20588,LC4,LC4_R,R,506334,DNp42,DNp42_R,R,descending_neuron,1
77614,LC4,LC4_L,L,524001,DNp05,DNp05_L,L,descending_neuron,1
77614,LC4,LC4_L,L,10580,DNp70,DNp70(CL305)_L,L,descending_neuron,1
77614,LC4,LC4_L,L,10030,pIP1,pIP1_L,L,descending_neuron,1
24338,LC4,LC4_R,R,10957,DNp69,DNp69(CL304)_R,R,descending_neuron,1
22194,LC4,LC4_R,R,10601,DNpe025,DNpe025(PVLP145)_R,R,descending_neuron,1
22194,LC4,LC4_R,R,10283,DNp103,DNp103(PVLP119)_R,R,descending_neuron,1
23392,LC4,LC4_R,R,10923,DNg40,DNg40(hb5813056435)_R,R,descending_neuron,1
23392,LC4,LC4_R,R,10732,DNpe056,DNpe056(PVLP146)_R,R,descending_neuron,1
23392,LC4,LC4_R,R,10601,DNpe025,DNpe025(PVLP145)_R,R,descending_neuron,1
23392,LC4,LC4_R,R,10280,DNp47,DNp47(PS293)_R,R,descending_neuron,1
21225,LC4,LC4_R,R,575082,DNpe021,DNpe021_R,R,descending_neuron,1
21225,LC4,LC4_R,R,10296,DNge054,DNge054_R,R,descending_neuron,1
21225,LC4,LC4_R,R,10283,DNp103,DNp103(PVLP119)_R,R,descending_neuron,1
533129,LC4,LC4_L,L,10361,DNg40,DNg40(hb5813056435)_L,L,descending_neuron,1
25584,LC4,LC4_R,R,10601,DNpe025,DNpe025(PVLP145)_R,R,descending_neuron,1
28980,LC4,LC4_L,L,11573,DNpe021,DNpe021(CL307)_L,L,descending_neuron,1
28980,LC4,LC4_L,L,10228,DNp06,DNp06_L,L,descending_neuron,1
22328,LC4,LC4_R,R,10957,DNp69,DNp69(CL304)_R,R,descending_neuron,1
22328,LC4,LC4_R,R,10063,DNp27,DNp27_R,R,descending_neuron,1
514956,LC4,LC4_L,L,10417,DNp103,DNp103(PVLP119)_L,L,descending_neuron,1
517752,LC4,LC4_L,L,10931,DNpe045,DNpe045(DNp23)_L,L,descending_neuron,1
16628,LC4,LC4_R,R,575082,DNpe021,DNpe021_R,R,descending_neuron,1
16628,LC4,LC4_R,R,10065,DNb05,DNb05_R,R,descending_neuron,1
16628,LC4,LC4_R,R,10063,DNp27,DNp27_R,R,descending_neuron,1
519931,LC4,LC4_L,L,10580,DNp70,DNp70(CL305)_L,L,descending_neuron,1
18478,LC4,LC4_L,L,10705,DNc02,DNc02(SIFa)_L,L,descending_neuron,1
27624,LC4,LC4_L,L,33037,DNp69,DNp69(CL304)_L,L,descending_neuron,1
20282,LC4,LC4_R,R,10601,DNpe025,DNpe025(PVLP145)_R,R,descending_neuron,1
20282,LC4,LC4_R,R,10558,DNp35,DNp35(PVLP136)_R,R,descending_neuron,1
81112,LC4,LC4_L,L,10234,DNp35,DNp35(PVLP136)_L,L,descending_neuron,1
26112,LC4,LC4_R,R,575082,DNpe021,DNpe021_R,R,descending_neuron,1
26112,LC4,LC4_R,R,10601,DNpe025,DNpe025(PVLP145)_R,R,descending_neuron,1
26112,LC4,LC4_R,R,10283,DNp103,DNp103(PVLP119)_R,R,descending_neuron,1
21336,LC4,LC4_R,R,575082,DNpe021,DNpe021_R,R,descending_neuron,1
21336,LC4,LC4_R,R,10601,DNpe025,DNpe025(PVLP145)_R,R,descending_neuron,1
23792,LC4,LC4_R,R,575082,DNpe021,DNpe021_R,R,descending_neuron,1
14888,LC4,LC4_L,L,10931,DNpe045,DNpe045(DNp23)_L,L,descending_neuron,1
14888,LC4,LC4_L,L,10417,DNp103,DNp103(PVLP119)_L,L,descending_neuron,1
14888,LC4,LC4_L,L,10361,DNg40,DNg40(hb5813056435)_L,L,descending_neuron,1
29417,LC4,LC4_L,L,10713,DNp42,DNp42_L,L,descending_neuron,1
29417,LC4,LC4_L,L,10234,DNp35,DNp35(PVLP136)_L,L,descending_neuron,1
12824,LC4,LC4_L,L,10705,DNc02,DNc02(SIFa)_L,L,descending_neuron,1
12824,LC4,LC4_L,L,10259,DNp11,DNp11_L,L,descending_neuron,1
12824,LC4,LC4_L,L,10234,DNp35,DNp35(PVLP136)_L,L,descending_neuron,1
111787,LC4,LC4_L,L,10580,DNp70,DNp70(CL305)_L,L,descending_neuron,1
35262,LC4,LC4_L,L,11573,DNpe021,DNpe021(CL307)_L,L,descending_neuron,1
35262,LC4,LC4_L,L,10449,DNpe025,DNpe025(PVLP145)_L,L,descending_neuron,1
35262,LC4,LC4_L,L,10234,DNp35,DNp35(PVLP136)_L,L,descending_neuron,1
23202,LC4,LC4_L,L,11573,DNpe021,DNpe021(CL307)_L,L,descending_neuron,1
23202,LC4,LC4_L,L,10361,DNg40,DNg40(hb5813056435)_L,L,descending_neuron,1
23202,LC4,LC4_L,L,10063,DNp27,DNp27_R,R,descending_neuron,1
17054,LC4,LC4_R,R,575082,DNpe021,DNpe021_R,R,descending_neuron,1
16128,LC4,LC4_R,R,11513,DNp07,DNp07_R,R,descending_neuron,1
21804,LC4,LC4_R,R,11020,DNp05,DNp05_R,R,descending_neuron,1
21804,LC4,LC4_R,R,10957,DNp69,DNp69(CL304)_R,R,descending_neuron,1
19260,LC4,LC4_R,R,11133,DNp70,DNp70(CL305)_R,R,descending_neuron,1
19260,LC4,LC4_R,R,10601,DNpe025,DNpe025(PVLP145)_R,R,descending_neuron,1
19260,LC4,LC4_R,R,10038,pIP1,pIP1_R,R,descending_neuron,1
514508,LC4,LC4_L,L,11573,DNpe021,DNpe021(CL307)_L,L,descending_neuron,1
514508,LC4,LC4_L,L,10449,DNpe025,DNpe025(PVLP145)_L,L,descending_neuron,1
514508,LC4,LC4_L,L,10234,DNp35,DNp35(PVLP136)_L,L,descending_neuron,1
514508,LC4,LC4_L,L,10118,DNb05,DNb05_L,L,descending_neuron,1
21151,LC4,LC4_R,R,536048,DNp27,DNp27_L,L,descending_neuron,1
518544,LC4,LC4_L,L,10713,DNp42,DNp42_L,L,descending_neuron,1
518544,LC4,LC4_L,L,10417,DNp103,DNp103(PVLP119)_L,L,descending_neuron,1
19420,LC4,LC4_R,R,10558,DNp35,DNp35(PVLP136)_R,R,descending_neuron,1
19420,LC4,LC4_R,R,10065,DNb05,DNb05_R,R,descending_neuron,1
107513,LC4,LC4_L,L,10449,DNpe025,DNpe025(PVLP145)_L,L,descending_neuron,1
29563,LC4,LC4_R,R,575082,DNpe021,DNpe021_R,R,descending_neuron,1
29563,LC4,LC4_R,R,10558,DNp35,DNp35(PVLP136)_R,R,descending_neuron,1
29563,LC4,LC4_R,R,10283,DNp103,DNp103(PVLP119)_R,R,descending_neuron,1
17364,LC4,LC4_R,R,11290,DNp66,DNp66(AVLP499)_R,R,descending_neuron,1
17364,LC4,LC4_R,R,10923,DNg40,DNg40(hb5813056435)_R,R,descending_neuron,1
37587,LC4,LC4_L,L,524001,DNp05,DNp05_L,L,descending_neuron,1
37587,LC4,LC4_L,L,33037,DNp69,DNp69(CL304)_L,L,descending_neuron,1
37587,LC4,LC4_L,L,11573,DNpe021,DNpe021(CL307)_L,L,descending_neuron,1
37587,LC4,LC4_L,L,10580,DNp70,DNp70(CL305)_L,L,descending_neuron,1
530029,LC4,LC4_L,L,10931,DNpe045,DNpe045(DNp23)_L,L,descending_neuron,1
530029,LC4,LC4_L,L,10713,DNp42,DNp42_L,L,descending_neuron,1
530029,LC4,LC4_L,L,10580,DNp70,DNp70(CL305)_L,L,descending_neuron,1
530029,LC4,LC4_L,L,10449,DNpe025,DNpe025(PVLP145)_L,L,descending_neuron,1
16138,LC4,LC4_R,R,10558,DNp35,DNp35(PVLP136)_R,R,descending_neuron,1
18127,LC4,LC4_R,R,10280,DNp47,DNp47(PS293)_R,R,descending_neuron,1
100485,LC4,LC4_L,L,11573,DNpe021,DNpe021(CL307)_L,L,descending_neuron,1
21313,LC4,LC4_R,R,11334,DNpe045,DNpe045(DNp23)_R,R,descending_neuron,1
21313,LC4,LC4_R,R,10558,DNp35,DNp35(PVLP136)_R,R,descending_neuron,1
21313,LC4,LC4_R,R,575082,DNpe021,DNpe021_R,R,descending_neuron,1
