trial,step,time_s,target_relative_angle_deg,target_visible,red_fraction,centroid_x_norm,confidence,dna02_L_drive,dna02_R_drive,raw_steering,smoothed_steering,forward_scale,forward_speed,turn_component,left_wheel,right_wheel,arrival_hold_frames
LEFT,1,0.0320,15.0,0,0.000000,,0.000000,1.000000,1.000000,0.000000,0.000000,0.000000,0.000000,0.000000,0.000000,0.000000,0
LEFT,2,0.0640,15.0,0,0.000000,,0.000000,1.000000,1.000000,0.000000,0.000000,0.000000,0.000000,0.000000,0.000000,0.000000,0
LEFT,3,0.0960,15.0,0,0.000000,,0.000000,1.000000,1.000000,0.000000,0.000000,0.000000,0.000000,0.000000,0.000000,0.000000,0
LEFT,4,0.1280,15.0,0,0.000000,,0.000000,1.000000,1.000000,0.000000,0.000000,0.000000,0.000000,0.000000,0.000000,0.000000,0
LEFT,5,0.1600,15.0,0,0.000000,,0.000000,1.000000,1.000000,0.000000,0.000000,0.000000,0.000000,0.000000,0.000000,0.000000,0
LEFT,6,0.1920,15.0,0,0.000000,,0.000000,1.000000,1.000000,0.000000,0.000000,0.000000,0.000000,0.000000,0.000000,0.000000,0
LEFT,7,0.2240,15.0,0,0.000000,,0.000000,1.000000,1.000000,0.000000,0.000000,0.000000,0.000000,0.000000,0.000000,0.000000,0
LEFT,8,0.2560,15.0,0,0.000000,,0.000000,1.000000,1.000000,0.000000,0.000000,0.000000,0.000000,0.000000,0.000000,0.000000,0
LEFT,9,0.2880,15.0,0,0.000000,,0.000000,1.000000,1.000000,0.000000,0.000000,0.000000,0.000000,0.000000,0.000000,0.000000,0
LEFT,10,0.3200,15.0,0,0.000000,,0.000000,1.000000,1.000000,0.000000,0.000000,0.000000,0.000000,0.000000,0.000000,0.000000,0
LEFT,11,0.3520,15.0,0,0.000000,,0.000000,1.000000,1.000000,0.000000,0.000000,0.000000,0.000000,0.000000,0.000000,0.000000,0
LEFT,12,0.3840,15.0,0,0.000000,,0.000000,1.000000,1.000000,0.000000,0.000000,0.000000,0.000000,0.000000,0.000000,0.000000,0
LEFT,13,0.4160,15.0,0,0.000000,,0.000000,1.000000,1.000000,0.000000,0.000000,0.000000,0.000000,0.000000,0.000000,0.000000,0
LEFT,14,0.4480,15.0,0,0.000000,,0.000000,1.000000,1.000000,0.000000,0.000000,0.000000,0.000000,0.000000,0.000000,0.000000,0
LEFT,15,0.4800,15.0,0,0.000000,,0.000000,1.000000,1.000000,0.000000,0.000000,0.000000,0.000000,0.000000,0.000000,0.000000,0
LEFT,16,0.5120,15.0,0,0.000000,,0.000000,1.000000,1.000000,0.000000,0.000000,0.000000,0.000000,0.000000,0.000000,0.000000,0
LEFT,17,0.5440,15.0,0,0.000000,,0.000000,1.000000,1.000000,0.000000,0.000000,0.000000,0.000000,0.000000,0.000000,0.000000,0
LEFT,18,0.5760,15.0,0,0.000000,,0.000000,1.000000,1.000000,0.000000,0.000000,0.000000,0.000000,0.000000,0.000000,0.000000,0
LEFT,19,0.6080,15.0,0,0.000000,,0.000000,1.000000,1.000000,0.000000,0.000000,0.000000,0.000000,0.000000,0.000000,0.000000,0
LEFT,20,0.6400,15.0,0,0.000000,,0.000000,1.000000,1.000000,0.000000,0.000000,0.000000,0.000000,0.000000,0.000000,0.000000,0
LEFT,21,0.6720,15.0,0,0.000000,,0.000000,1.000000,1.000000,0.000000,0.000000,0.000000,0.000000,0.000000,0.000000,0.000000,0
LEFT,22,0.7040,15.0,0,0.000000,,0.000000,1.000000,1.000000,0.000000,0.000000,0.000000,0.000000,0.000000,0.000000,0.000000,0
LEFT,23,0.7360,15.0,0,0.000000,,0.000000,1.000000,1.000000,0.000000,0.000000,0.000000,0.000000,0.000000,0.000000,0.000000,0
LEFT,24,0.7680,15.0,0,0.000000,,0.000000,1.000000,1.000000,0.000000,0.000000,0.000000,0.000000,0.000000,0.000000,0.000000,0
LEFT,25,0.8000,15.0,0,0.000000,,0.000000,1.000000,1.000000,0.000000,0.000000,0.000000,0.000000,0.000000,0.000000,0.000000,0
LEFT,26,0.8320,15.0,0,0.000000,,0.000000,1.000000,1.000000,0.000000,0.000000,0.000000,0.000000,0.000000,0.000000,0.000000,0
LEFT,27,0.8640,15.0,0,0.000000,,0.000000,1.000000,1.000000,0.000000,0.000000,0.000000,0.000000,0.000000,0.000000,0.000000,0
LEFT,28,0.8960,15.0,0,0.000000,,0.000000,1.000000,1.000000,0.000000,0.000000,0.000000,0.000000,0.000000,0.000000,0.000000,0
LEFT,29,0.9280,15.0,0,0.000000,,0.000000,1.000000,1.000000,0.000000,0.000000,0.000000,0.000000,0.000000,0.000000,0.000000,0
LEFT,30,0.9600,15.0,0,0.000000,,0.000000,1.000000,1.000000,0.000000,0.000000,0.000000,0.000000,0.000000,0.000000,0.000000,0
LEFT,31,0.9920,15.0,0,0.000000,,0.000000,1.000000,1.000000,0.000000,0.000000,0.000000,0.000000,0.000000,0.000000,0.000000,0
LEFT,32,1.0240,15.0,0,0.000000,,0.000000,1.000000,1.000000,0.000000,0.000000,0.000000,0.000000,0.000000,0.000000,0.000000,0
LEFT,33,1.0560,15.0,0,0.000000,,0.000000,1.000000,1.000000,0.000000,0.000000,0.000000,0.000000,0.000000,0.000000,0.000000,0
LEFT,34,1.0880,15.0,0,0.000000,,0.000000,1.000000,1.000000,0.000000,0.000000,0.000000,0.000000,0.000000,0.000000,0.000000,0
LEFT,35,1.1200,15.0,0,0.000000,,0.000000,1.000000,1.000000,0.000000,0.000000,0.000000,0.000000,0.000000,0.000000,0.000000,0
LEFT,36,1.1520,15.0,0,0.000000,,0.000000,1.000000,1.000000,0.000000,0.000000,0.000000,0.000000,0.000000,0.000000,0.000000,0
LEFT,37,1.1840,15.0,0,0.000000,,0.000000,1.000000,1.000000,0.000000,0.000000,0.000000,0.000000,0.000000,0.000000,0.000000,0
LEFT,38,1.2160,15.0,0,0.000000,,0.000000,1.000000,1.000000,0.000000,0.000000,0.000000,0.000000,0.000000,0.000000,0.000000,0
LEFT,39,1.2480,15.0,0,0.000000,,0.000000,1.000000,1.000000,0.000000,0.000000,0.000000,0.000000,0.000000,0.000000,0.000000,0
LEFT,40,1.2800,15.0,0,0.000000,,0.000000,1.000000,1.000000,0.000000,0.000000,0.000000,0.000000,0.000000,0.000000,0.000000,0
LEFT,41,1.3120,15.0,0,0.000000,,0.000000,1.000000,1.000000,0.000000,0.000000,0.000000,0.000000,0.000000,0.000000,0.000000,0
LEFT,42,1.3440,15.0,0,0.000000,,0.000000,1.000000,1.000000,0.000000,0.000000,0.000000,0.000000,0.000000,0.000000,0.000000,0
LEFT,43,1.3760,15.0,0,0.000000,,0.000000,1.000000,1.000000,0.000000,0.000000,0.000000,0.000000,0.000000,0.000000,0.000000,0
LEFT,44,1.4080,15.0,0,0.000000,,0.000000,1.000000,1.000000,0.000000,0.000000,0.000000,0.000000,0.000000,0.000000,0.000000,0
LEFT,45,1.4400,15.0,0,0.000000,,0.000000,1.000000,1.000000,0.000000,0.000000,0.000000,0.000000,0.000000,0.000000,0.000000,0
LEFT,46,1.4720,15.0,0,0.000000,,0.000000,1.000000,1.000000,0.000000,0.000000,0.000000,0.000000,0.000000,0.000000,0.000000,0
LEFT,47,1.5040,15.0,0,0.000000,,0.000000,1.000000,1.000000,0.000000,0.000000,0.000000,0.000000,0.000000,0.000000,0.000000,0
LEFT,48,1.5360,15.0,0,0.000000,,0.000000,1.000000,1.000000,0.000000,0.000000,0.000000,0.000000,0.000000,0.000000,0.000000,0
LEFT,49,1.5680,15.0,0,0.000000,,0.000000,1.000000,1.000000,0.000000,0.000000,0.000000,0.000000,0.000000,0.000000,0.000000,0
LEFT,50,1.6000,15.0,0,0.000000,,0.000000,1.000000,1.000000,0.000000,0.000000,0.000000,0.000000,0.000000,0.000000,0.000000,0
LEFT,51,1.6320,15.0,0,0.000000,,0.000000,1.000000,1.000000,0.000000,0.000000,0.000000,0.000000,0.000000,0.000000,0.000000,0
LEFT,52,1.6640,15.0,0,0.000000,,0.000000,1.000000,1.000000,0.000000,0.000000,0.000000,0.000000,0.000000,0.000000,0.000000,0
LEFT,53,1.6960,15.0,0,0.000000,,0.000000,1.000000,1.000000,0.000000,0.000000,0.000000,0.000000,0.000000,0.000000,0.000000,0
LEFT,54,1.7280,15.0,0,0.000000,,0.000000,1.000000,1.000000,0.000000,0.000000,0.000000,0.000000,0.000000,0.000000,0.000000,0
LEFT,55,1.7600,15.0,0,0.000000,,0.000000,1.000000,1.000000,0.000000,0.000000,0.000000,0.000000,0.000000,0.000000,0.000000,0
LEFT,56,1.7920,15.0,0,0.000000,,0.000000,1.000000,1.000000,0.000000,0.000000,0.000000,0.000000,0.000000,0.000000,0.000000,0
LEFT,57,1.8240,15.0,0,0.000000,,0.000000,1.000000,1.000000,0.000000,0.000000,0.000000,0.000000,0.000000,0.000000,0.000000,0
LEFT,58,1.8560,15.0,0,0.000000,,0.000000,1.000000,1.000000,0.000000,0.000000,0.000000,0.000000,0.000000,0.000000,0.000000,0
LEFT,59,1.8880,15.0,0,0.000000,,0.000000,1.000000,1.000000,0.000000,0.000000,0.000000,0.000000,0.000000,0.000000,0.000000,0
LEFT,60,1.9200,15.0,0,0.000000,,0.000000,1.000000,1.000000,0.000000,0.000000,0.000000,0.000000,0.000000,0.000000,0.000000,0
LEFT,61,1.9520,15.0,0,0.000000,,0.000000,1.000000,1.000000,0.000000,0.000000,0.000000,0.000000,0.000000,0.000000,0.000000,0
LEFT,62,1.9840,15.0,0,0.000000,,0.000000,1.000000,1.000000,0.000000,0.000000,0.000000,0.000000,0.000000,0.000000,0.000000,0
LEFT,63,2.0160,15.0,0,0.000000,,0.000000,1.000000,1.000000,0.000000,0.000000,0.000000,0.000000,0.000000,0.000000,0.000000,0
LEFT,64,2.0480,15.0,0,0.000000,,0.000000,1.000000,1.000000,0.000000,0.000000,0.000000,0.000000,0.000000,0.000000,0.000000,0
LEFT,65,2.0800,15.0,0,0.000000,,0.000000,1.000000,1.000000,0.000000,0.000000,0.000000,0.000000,0.000000,0.000000,0.000000,0
LEFT,66,2.1120,15.0,0,0.000000,,0.000000,1.000000,1.000000,0.000000,0.000000,0.000000,0.000000,0.000000,0.000000,0.000000,0
LEFT,67,2.1440,15.0,0,0.000000,,0.000000,1.000000,1.000000,0.000000,0.000000,0.000000,0.000000,0.000000,0.000000,0.000000,0
LEFT,68,2.1760,15.0,0,0.000000,,0.000000,1.000000,1.000000,0.000000,0.000000,0.000000,0.000000,0.000000,0.000000,0.000000,0
LEFT,69,2.2080,15.0,0,0.000000,,0.000000,1.000000,1.000000,0.000000,0.000000,0.000000,0.000000,0.000000,0.000000,0.000000,0
LEFT,70,2.2400,15.0,0,0.000000,,0.000000,1.000000,1.000000,0.000000,0.000000,0.000000,0.000000,0.000000,0.000000,0.000000,0
LEFT,71,2.2720,15.0,0,0.000000,,0.000000,1.000000,1.000000,0.000000,0.000000,0.000000,0.000000,0.000000,0.000000,0.000000,0
LEFT,72,2.3040,15.0,0,0.000000,,0.000000,1.000000,1.000000,0.000000,0.000000,0.000000,0.000000,0.000000,0.000000,0.000000,0
LEFT,73,2.3360,15.0,0,0.000000,,0.000000,1.000000,1.000000,0.000000,0.000000,0.000000,0.000000,0.000000,0.000000,0.000000,0
LEFT,74,2.3680,15.0,0,0.000000,,0.000000,1.000000,1.000000,0.000000,0.000000,0.000000,0.000000,0.000000,0.000000,0.000000,0
LEFT,75,2.4000,15.0,0,0.000000,,0.000000,1.000000,1.000000,0.000000,0.000000,0.000000,0.000000,0.000000,0.000000,0.000000,0
LEFT,76,2.4320,15.0,0,0.000000,,0.000000,1.000000,1.000000,0.000000,0.000000,0.000000,0.000000,0.000000,0.000000,0.000000,0
LEFT,77,2.4640,15.0,0,0.000000,,0.000000,1.000000,1.000000,0.000000,0.000000,0.000000,0.000000,0.000000,0.000000,0.000000,0
LEFT,78,2.4960,15.0,0,0.000000,,0.000000,1.000000,1.000000,0.000000,0.000000,0.000000,0.000000,0.000000,0.000000,0.000000,0
LEFT,79,2.5280,15.0,0,0.000000,,0.000000,1.000000,1.000000,0.000000,0.000000,0.000000,0.000000,0.000000,0.000000,0.000000,0
LEFT,80,2.5600,15.0,0,0.000000,,0.000000,1.000000,1.000000,0.000000,0.000000,0.000000,0.000000,0.000000,0.000000,0.000000,0
LEFT,81,2.5920,15.0,0,0.000000,,0.000000,1.000000,1.000000,0.000000,0.000000,0.000000,0.000000,0.000000,0.000000,0.000000,0
LEFT,82,2.6240,15.0,0,0.000000,,0.000000,1.000000,1.000000,0.000000,0.000000,0.000000,0.000000,0.000000,0.000000,0.000000,0
LEFT,83,2.6560,15.0,0,0.000000,,0.000000,1.000000,1.000000,0.000000,0.000000,0.000000,0.000000,0.000000,0.000000,0.000000,0
LEFT,84,2.6880,15.0,0,0.000000,,0.000000,1.000000,1.000000,0.000000,0.000000,0.000000,0.000000,0.000000,0.000000,0.000000,0
LEFT,85,2.7200,15.0,0,0.000000,,0.000000,1.000000,1.000000,0.000000,0.000000,0.000000,0.000000,0.000000,0.000000,0.000000,0
LEFT,86,2.7520,15.0,0,0.000000,,0.000000,1.000000,1.000000,0.000000,0.000000,0.000000,0.000000,0.000000,0.000000,0.000000,0
LEFT,87,2.7840,15.0,0,0.000000,,0.000000,1.000000,1.000000,0.000000,0.000000,0.000000,0.000000,0.000000,0.000000,0.000000,0
LEFT,88,2.8160,15.0,0,0.000000,,0.000000,1.000000,1.000000,0.000000,0.000000,0.000000,0.000000,0.000000,0.000000,0.000000,0
LEFT,89,2.8480,15.0,0,0.000000,,0.000000,1.000000,1.000000,0.000000,0.000000,0.000000,0.000000,0.000000,0.000000,0.000000,0
LEFT,90,2.8800,15.0,0,0.000000,,0.000000,1.000000,1.000000,0.000000,0.000000,0.000000,0.000000,0.000000,0.000000,0.000000,0
LEFT,91,2.9120,15.0,0,0.000000,,0.000000,1.000000,1.000000,0.000000,0.000000,0.000000,0.000000,0.000000,0.000000,0.000000,0
LEFT,92,2.9440,15.0,0,0.000000,,0.000000,1.000000,1.000000,0.000000,0.000000,0.000000,0.000000,0.000000,0.000000,0.000000,0
LEFT,93,2.9760,15.0,0,0.000000,,0.000000,1.000000,1.000000,0.000000,0.000000,0.000000,0.000000,0.000000,0.000000,0.000000,0
LEFT,94,3.0080,15.0,0,0.000000,,0.000000,1.000000,1.000000,0.000000,0.000000,0.000000,0.000000,0.000000,0.000000,0.000000,0
LEFT,95,3.0400,15.0,0,0.000000,,0.000000,1.000000,1.000000,0.000000,0.000000,0.000000,0.000000,0.000000,0.000000,0.000000,0
LEFT,96,3.0720,15.0,0,0.000000,,0.000000,1.000000,1.000000,0.000000,0.000000,0.000000,0.000000,0.000000,0.000000,0.000000,0
LEFT,97,3.1040,15.0,0,0.000000,,0.000000,1.000000,1.000000,0.000000,0.000000,0.000000,0.000000,0.000000,0.000000,0.000000,0
LEFT,98,3.1360,15.0,0,0.000000,,0.000000,1.000000,1.000000,0.000000,0.000000,0.000000,0.000000,0.000000,0.000000,0.000000,0
LEFT,99,3.1680,15.0,0,0.000000,,0.000000,1.000000,1.000000,0.000000,0.000000,0.000000,0.000000,0.000000,0.000000,0.000000,0
LEFT,100,3.2000,15.0,0,0.000000,,0.000000,1.000000,1.000000,0.000000,0.000000,0.000000,0.000000,0.000000,0.000000,0.000000,0
LEFT,101,3.2320,15.0,0,0.000000,,0.000000,1.000000,1.000000,0.000000,0.000000,0.000000,0.000000,0.000000,0.000000,0.000000,0
LEFT,102,3.2640,15.0,0,0.000000,,0.000000,1.000000,1.000000,0.000000,0.000000,0.000000,0.000000,0.000000,0.000000,0.000000,0
LEFT,103,3.2960,15.0,0,0.000000,,0.000000,1.000000,1.000000,0.000000,0.000000,0.000000,0.000000,0.000000,0.000000,0.000000,0
LEFT,104,3.3280,15.0,0,0.000000,,0.000000,1.000000,1.000000,0.000000,0.000000,0.000000,0.000000,0.000000,0.000000,0.000000,0
LEFT,105,3.3600,15.0,0,0.000000,,0.000000,1.000000,1.000000,0.000000,0.000000,0.000000,0.000000,0.000000,0.000000,0.000000,0
LEFT,106,3.3920,15.0,0,0.000000,,0.000000,1.000000,1.000000,0.000000,0.000000,0.000000,0.000000,0.000000,0.000000,0.000000,0
LEFT,107,3.4240,15.0,0,0.000000,,0.000000,1.000000,1.000000,0.000000,0.000000,0.000000,0.000000,0.000000,0.000000,0.000000,0
LEFT,108,3.4560,15.0,0,0.000000,,0.000000,1.000000,1.000000,0.000000,0.000000,0.000000,0.000000,0.000000,0.000000,0.000000,0
LEFT,109,3.4880,15.0,0,0.000000,,0.000000,1.000000,1.000000,0.000000,0.000000,0.000000,0.000000,0.000000,0.000000,0.000000,0
LEFT,110,3.5200,15.0,0,0.000000,,0.000000,1.000000,1.000000,0.000000,0.000000,0.000000,0.000000,0.000000,0.000000,0.000000,0
LEFT,111,3.5520,15.0,0,0.000000,,0.000000,1.000000,1.000000,0.000000,0.000000,0.000000,0.000000,0.000000,0.000000,0.000000,0
LEFT,112,3.5840,15.0,0,0.000000,,0.000000,1.000000,1.000000,0.000000,0.000000,0.000000,0.000000,0.000000,0.000000,0.000000,0
LEFT,113,3.6160,15.0,0,0.000000,,0.000000,1.000000,1.000000,0.000000,0.000000,0.000000,0.000000,0.000000,0.000000,0.000000,0
LEFT,114,3.6480,15.0,0,0.000000,,0.000000,1.000000,1.000000,0.000000,0.000000,0.000000,0.000000,0.000000,0.000000,0.000000,0
LEFT,115,3.6800,15.0,0,0.000000,,0.000000,1.000000,1.000000,0.000000,0.000000,0.000000,0.000000,0.000000,0.000000,0.000000,0
LEFT,116,3.7120,15.0,0,0.000000,,0.000000,1.000000,1.000000,0.000000,0.000000,0.000000,0.000000,0.000000,0.000000,0.000000,0
LEFT,117,3.7440,15.0,0,0.000000,,0.000000,1.000000,1.000000,0.000000,0.000000,0.000000,0.000000,0.000000,0.000000,0.000000,0
LEFT,118,3.7760,15.0,0,0.000000,,0.000000,1.000000,1.000000,0.000000,0.000000,0.000000,0.000000,0.000000,0.000000,0.000000,0
LEFT,119,3.8080,15.0,0,0.000000,,0.000000,1.000000,1.000000,0.000000,0.000000,0.000000,0.000000,0.000000,0.000000,0.000000,0
LEFT,120,3.8400,15.0,0,0.000000,,0.000000,1.000000,1.000000,0.000000,0.000000,0.000000,0.000000,0.000000,0.000000,0.000000,0
LEFT,121,3.8720,15.0,0,0.000000,,0.000000,1.000000,1.000000,0.000000,0.000000,0.000000,0.000000,0.000000,0.000000,0.000000,0
LEFT,122,3.9040,15.0,0,0.000000,,0.000000,1.000000,1.000000,0.000000,0.000000,0.000000,0.000000,0.000000,0.000000,0.000000,0
LEFT,123,3.9360,15.0,0,0.000000,,0.000000,1.000000,1.000000,0.000000,0.000000,0.000000,0.000000,0.000000,0.000000,0.000000,0
LEFT,124,3.9680,15.0,0,0.000000,,0.000000,1.000000,1.000000,0.000000,0.000000,0.000000,0.000000,0.000000,0.000000,0.000000,0
LEFT,125,4.0000,15.0,0,0.000000,,0.000000,1.000000,1.000000,0.000000,0.000000,0.000000,0.000000,0.000000,0.000000,0.000000,0
LEFT,126,4.0320,15.0,0,0.000000,,0.000000,1.000000,1.000000,0.000000,0.000000,0.000000,0.000000,0.000000,0.000000,0.000000,0
LEFT,127,4.0640,15.0,0,0.000000,,0.000000,1.000000,1.000000,0.000000,0.000000,0.000000,0.000000,0.000000,0.000000,0.000000,0
LEFT,128,4.0960,15.0,0,0.000000,,0.000000,1.000000,1.000000,0.000000,0.000000,0.000000,0.000000,0.000000,0.000000,0.000000,0
LEFT,129,4.1280,15.0,0,0.000000,,0.000000,1.000000,1.000000,0.000000,0.000000,0.000000,0.000000,0.000000,0.000000,0.000000,0
LEFT,130,4.1600,15.0,0,0.000000,,0.000000,1.000000,1.000000,0.000000,0.000000,0.000000,0.000000,0.000000,0.000000,0.000000,0
LEFT,131,4.1920,15.0,0,0.000000,,0.000000,1.000000,1.000000,0.000000,0.000000,0.000000,0.000000,0.000000,0.000000,0.000000,0
LEFT,132,4.2240,15.0,0,0.000000,,0.000000,1.000000,1.000000,0.000000,0.000000,0.000000,0.000000,0.000000,0.000000,0.000000,0
LEFT,133,4.2560,15.0,0,0.000000,,0.000000,1.000000,1.000000,0.000000,0.000000,0.000000,0.000000,0.000000,0.000000,0.000000,0
LEFT,134,4.2880,15.0,0,0.000000,,0.000000,1.000000,1.000000,0.000000,0.000000,0.000000,0.000000,0.000000,0.000000,0.000000,0
LEFT,135,4.3200,15.0,0,0.000000,,0.000000,1.000000,1.000000,0.000000,0.000000,0.000000,0.000000,0.000000,0.000000,0.000000,0
LEFT,136,4.3520,15.0,0,0.000000,,0.000000,1.000000,1.000000,0.000000,0.000000,0.000000,0.000000,0.000000,0.000000,0.000000,0
LEFT,137,4.3840,15.0,0,0.000000,,0.000000,1.000000,1.000000,0.000000,0.000000,0.000000,0.000000,0.000000,0.000000,0.000000,0
LEFT,138,4.4160,15.0,0,0.000000,,0.000000,1.000000,1.000000,0.000000,0.000000,0.000000,0.000000,0.000000,0.000000,0.000000,0
LEFT,139,4.4480,15.0,0,0.000000,,0.000000,1.000000,1.000000,0.000000,0.000000,0.000000,0.000000,0.000000,0.000000,0.000000,0
LEFT,140,4.4800,15.0,0,0.000000,,0.000000,1.000000,1.000000,0.000000,0.000000,0.000000,0.000000,0.000000,0.000000,0.000000,0
LEFT,141,4.5120,15.0,0,0.000000,,0.000000,1.000000,1.000000,0.000000,0.000000,0.000000,0.000000,0.000000,0.000000,0.000000,0
LEFT,142,4.5440,15.0,0,0.000000,,0.000000,1.000000,1.000000,0.000000,0.000000,0.000000,0.000000,0.000000,0.000000,0.000000,0
LEFT,143,4.5760,15.0,0,0.000000,,0.000000,1.000000,1.000000,0.000000,0.000000,0.000000,0.000000,0.000000,0.000000,0.000000,0
LEFT,144,4.6080,15.0,0,0.000000,,0.000000,1.000000,1.000000,0.000000,0.000000,0.000000,0.000000,0.000000,0.000000,0.000000,0
LEFT,145,4.6400,15.0,0,0.000000,,0.000000,1.000000,1.000000,0.000000,0.000000,0.000000,0.000000,0.000000,0.000000,0.000000,0
LEFT,146,4.6720,15.0,0,0.000000,,0.000000,1.000000,1.000000,0.000000,0.000000,0.000000,0.000000,0.000000,0.000000,0.000000,0
LEFT,147,4.7040,15.0,0,0.000000,,0.000000,1.000000,1.000000,0.000000,0.000000,0.000000,0.000000,0.000000,0.000000,0.000000,0
LEFT,148,4.7360,15.0,0,0.000000,,0.000000,1.000000,1.000000,0.000000,0.000000,0.000000,0.000000,0.000000,0.000000,0.000000,0
LEFT,149,4.7680,15.0,0,0.000000,,0.000000,1.000000,1.000000,0.000000,0.000000,0.000000,0.000000,0.000000,0.000000,0.000000,0
LEFT,150,4.8000,15.0,0,0.000000,,0.000000,1.000000,1.000000,0.000000,0.000000,0.000000,0.000000,0.000000,0.000000,0.000000,0
LEFT,151,4.8320,15.0,0,0.000000,,0.000000,1.000000,1.000000,0.000000,0.000000,0.000000,0.000000,0.000000,0.000000,0.000000,0
LEFT,152,4.8640,15.0,0,0.000000,,0.000000,1.000000,1.000000,0.000000,0.000000,0.000000,0.000000,0.000000,0.000000,0.000000,0
LEFT,153,4.8960,15.0,0,0.000000,,0.000000,1.000000,1.000000,0.000000,0.000000,0.000000,0.000000,0.000000,0.000000,0.000000,0
LEFT,154,4.9280,15.0,0,0.000000,,0.000000,1.000000,1.000000,0.000000,0.000000,0.000000,0.000000,0.000000,0.000000,0.000000,0
LEFT,155,4.9600,15.0,0,0.000000,,0.000000,1.000000,1.000000,0.000000,0.000000,0.000000,0.000000,0.000000,0.000000,0.000000,0
LEFT,156,4.9920,15.0,0,0.000000,,0.000000,1.000000,1.000000,0.000000,0.000000,0.000000,0.000000,0.000000,0.000000,0.000000,0
LEFT,157,5.0240,15.0,0,0.000000,,0.000000,1.000000,1.000000,0.000000,0.000000,0.000000,0.000000,0.000000,0.000000,0.000000,0
LEFT,158,5.0560,15.0,0,0.000000,,0.000000,1.000000,1.000000,0.000000,0.000000,0.000000,0.000000,0.000000,0.000000,0.000000,0
LEFT,159,5.0880,15.0,0,0.000000,,0.000000,1.000000,1.000000,0.000000,0.000000,0.000000,0.000000,0.000000,0.000000,0.000000,0
LEFT,160,5.1200,15.0,0,0.000000,,0.000000,1.000000,1.000000,0.000000,0.000000,0.000000,0.000000,0.000000,0.000000,0.000000,0
LEFT,161,5.1520,15.0,0,0.000000,,0.000000,1.000000,1.000000,0.000000,0.000000,0.000000,0.000000,0.000000,0.000000,0.000000,0
LEFT,162,5.1840,15.0,0,0.000000,,0.000000,1.000000,1.000000,0.000000,0.000000,0.000000,0.000000,0.000000,0.000000,0.000000,0
LEFT,163,5.2160,15.0,0,0.000000,,0.000000,1.000000,1.000000,0.000000,0.000000,0.000000,0.000000,0.000000,0.000000,0.000000,0
LEFT,164,5.2480,15.0,0,0.000000,,0.000000,1.000000,1.000000,0.000000,0.000000,0.000000,0.000000,0.000000,0.000000,0.000000,0
LEFT,165,5.2800,15.0,0,0.000000,,0.000000,1.000000,1.000000,0.000000,0.000000,0.000000,0.000000,0.000000,0.000000,0.000000,0
LEFT,166,5.3120,15.0,0,0.000000,,0.000000,1.000000,1.000000,0.000000,0.000000,0.000000,0.000000,0.000000,0.000000,0.000000,0
LEFT,167,5.3440,15.0,0,0.000000,,0.000000,1.000000,1.000000,0.000000,0.000000,0.000000,0.000000,0.000000,0.000000,0.000000,0
LEFT,168,5.3760,15.0,0,0.000000,,0.000000,1.000000,1.000000,0.000000,0.000000,0.000000,0.000000,0.000000,0.000000,0.000000,0
LEFT,169,5.4080,15.0,0,0.000000,,0.000000,1.000000,1.000000,0.000000,0.000000,0.000000,0.000000,0.000000,0.000000,0.000000,0
LEFT,170,5.4400,15.0,0,0.000000,,0.000000,1.000000,1.000000,0.000000,0.000000,0.000000,0.000000,0.000000,0.000000,0.000000,0
LEFT,171,5.4720,15.0,0,0.000000,,0.000000,1.000000,1.000000,0.000000,0.000000,0.000000,0.000000,0.000000,0.000000,0.000000,0
LEFT,172,5.5040,15.0,0,0.000000,,0.000000,1.000000,1.000000,0.000000,0.000000,0.000000,0.000000,0.000000,0.000000,0.000000,0
LEFT,173,5.5360,15.0,0,0.000000,,0.000000,1.000000,1.000000,0.000000,0.000000,0.000000,0.000000,0.000000,0.000000,0.000000,0
LEFT,174,5.5680,15.0,0,0.000000,,0.000000,1.000000,1.000000,0.000000,0.000000,0.000000,0.000000,0.000000,0.000000,0.000000,0
LEFT,175,5.6000,15.0,0,0.000000,,0.000000,1.000000,1.000000,0.000000,0.000000,0.000000,0.000000,0.000000,0.000000,0.000000,0
LEFT,176,5.6320,15.0,0,0.000000,,0.000000,1.000000,1.000000,0.000000,0.000000,0.000000,0.000000,0.000000,0.000000,0.000000,0
LEFT,177,5.6640,15.0,0,0.000000,,0.000000,1.000000,1.000000,0.000000,0.000000,0.000000,0.000000,0.000000,0.000000,0.000000,0
LEFT,178,5.6960,15.0,0,0.000000,,0.000000,1.000000,1.000000,0.000000,0.000000,0.000000,0.000000,0.000000,0.000000,0.000000,0
LEFT,179,5.7280,15.0,0,0.000000,,0.000000,1.000000,1.000000,0.000000,0.000000,0.000000,0.000000,0.000000,0.000000,0.000000,0
LEFT,180,5.7600,15.0,0,0.000000,,0.000000,1.000000,1.000000,0.000000,0.000000,0.000000,0.000000,0.000000,0.000000,0.000000,0
LEFT,181,5.7920,15.0,0,0.000000,,0.000000,1.000000,1.000000,0.000000,0.000000,0.000000,0.000000,0.000000,0.000000,0.000000,0
LEFT,182,5.8240,15.0,0,0.000000,,0.000000,1.000000,1.000000,0.000000,0.000000,0.000000,0.000000,0.000000,0.000000,0.000000,0
LEFT,183,5.8560,15.0,0,0.000000,,0.000000,1.000000,1.000000,0.000000,0.000000,0.000000,0.000000,0.000000,0.000000,0.000000,0
LEFT,184,5.8880,15.0,0,0.000000,,0.000000,1.000000,1.000000,0.000000,0.000000,0.000000,0.000000,0.000000,0.000000,0.000000,0
LEFT,185,5.9200,15.0,0,0.000000,,0.000000,1.000000,1.000000,0.000000,0.000000,0.000000,0.000000,0.000000,0.000000,0.000000,0
LEFT,186,5.9520,15.0,0,0.000000,,0.000000,1.000000,1.000000,0.000000,0.000000,0.000000,0.000000,0.000000,0.000000,0.000000,0
LEFT,187,5.9840,15.0,0,0.000000,,0.000000,1.000000,1.000000,0.000000,0.000000,0.000000,0.000000,0.000000,0.000000,0.000000,0
LEFT,188,6.0160,15.0,0,0.000000,,0.000000,1.000000,1.000000,0.000000,0.000000,0.000000,0.000000,0.000000,0.000000,0.000000,0
LEFT,189,6.0480,15.0,0,0.000000,,0.000000,1.000000,1.000000,0.000000,0.000000,0.000000,0.000000,0.000000,0.000000,0.000000,0
LEFT,190,6.0800,15.0,0,0.000000,,0.000000,1.000000,1.000000,0.000000,0.000000,0.000000,0.000000,0.000000,0.000000,0.000000,0
LEFT,191,6.1120,15.0,0,0.000000,,0.000000,1.000000,1.000000,0.000000,0.000000,0.000000,0.000000,0.000000,0.000000,0.000000,0
LEFT,192,6.1440,15.0,0,0.000000,,0.000000,1.000000,1.000000,0.000000,0.000000,0.000000,0.000000,0.000000,0.000000,0.000000,0
LEFT,193,6.1760,15.0,0,0.000000,,0.000000,1.000000,1.000000,0.000000,0.000000,0.000000,0.000000,0.000000,0.000000,0.000000,0
LEFT,194,6.2080,15.0,0,0.000000,,0.000000,1.000000,1.000000,0.000000,0.000000,0.000000,0.000000,0.000000,0.000000,0.000000,0
LEFT,195,6.2400,15.0,0,0.000000,,0.000000,1.000000,1.000000,0.000000,0.000000,0.000000,0.000000,0.000000,0.000000,0.000000,0
LEFT,196,6.2720,15.0,0,0.000000,,0.000000,1.000000,1.000000,0.000000,0.000000,0.000000,0.000000,0.000000,0.000000,0.000000,0
LEFT,197,6.3040,15.0,0,0.000000,,0.000000,1.000000,1.000000,0.000000,0.000000,0.000000,0.000000,0.000000,0.000000,0.000000,0
LEFT,198,6.3360,15.0,0,0.000000,,0.000000,1.000000,1.000000,0.000000,0.000000,0.000000,0.000000,0.000000,0.000000,0.000000,0
LEFT,199,6.3680,15.0,0,0.000000,,0.000000,1.000000,1.000000,0.000000,0.000000,0.000000,0.000000,0.000000,0.000000,0.000000,0
LEFT,200,6.4000,15.0,0,0.000000,,0.000000,1.000000,1.000000,0.000000,0.000000,0.000000,0.000000,0.000000,0.000000,0.000000,0
LEFT,201,6.4320,15.0,0,0.000000,,0.000000,1.000000,1.000000,0.000000,0.000000,0.000000,0.000000,0.000000,0.000000,0.000000,0
LEFT,202,6.4640,15.0,0,0.000000,,0.000000,1.000000,1.000000,0.000000,0.000000,0.000000,0.000000,0.000000,0.000000,0.000000,0
LEFT,203,6.4960,15.0,0,0.000000,,0.000000,1.000000,1.000000,0.000000,0.000000,0.000000,0.000000,0.000000,0.000000,0.000000,0
LEFT,204,6.5280,15.0,0,0.000000,,0.000000,1.000000,1.000000,0.000000,0.000000,0.000000,0.000000,0.000000,0.000000,0.000000,0
LEFT,205,6.5600,15.0,0,0.000000,,0.000000,1.000000,1.000000,0.000000,0.000000,0.000000,0.000000,0.000000,0.000000,0.000000,0
LEFT,206,6.5920,15.0,0,0.000000,,0.000000,1.000000,1.000000,0.000000,0.000000,0.000000,0.000000,0.000000,0.000000,0.000000,0
LEFT,207,6.6240,15.0,0,0.000000,,0.000000,1.000000,1.000000,0.000000,0.000000,0.000000,0.000000,0.000000,0.000000,0.000000,0
LEFT,208,6.6560,15.0,0,0.000000,,0.000000,1.000000,1.000000,0.000000,0.000000,0.000000,0.000000,0.000000,0.000000,0.000000,0
LEFT,209,6.6880,15.0,0,0.000000,,0.000000,1.000000,1.000000,0.000000,0.000000,0.000000,0.000000,0.000000,0.000000,0.000000,0
LEFT,210,6.7200,15.0,0,0.000000,,0.000000,1.000000,1.000000,0.000000,0.000000,0.000000,0.000000,0.000000,0.000000,0.000000,0
LEFT,211,6.7520,15.0,0,0.000000,,0.000000,1.000000,1.000000,0.000000,0.000000,0.000000,0.000000,0.000000,0.000000,0.000000,0
LEFT,212,6.7840,15.0,0,0.000000,,0.000000,1.000000,1.000000,0.000000,0.000000,0.000000,0.000000,0.000000,0.000000,0.000000,0
LEFT,213,6.8160,15.0,0,0.000000,,0.000000,1.000000,1.000000,0.000000,0.000000,0.000000,0.000000,0.000000,0.000000,0.000000,0
LEFT,214,6.8480,15.0,0,0.000000,,0.000000,1.000000,1.000000,0.000000,0.000000,0.000000,0.000000,0.000000,0.000000,0.000000,0
LEFT,215,6.8800,15.0,0,0.000000,,0.000000,1.000000,1.000000,0.000000,0.000000,0.000000,0.000000,0.000000,0.000000,0.000000,0
LEFT,216,6.9120,15.0,0,0.000000,,0.000000,1.000000,1.000000,0.000000,0.000000,0.000000,0.000000,0.000000,0.000000,0.000000,0
LEFT,217,6.9440,15.0,0,0.000000,,0.000000,1.000000,1.000000,0.000000,0.000000,0.000000,0.000000,0.000000,0.000000,0.000000,0
LEFT,218,6.9760,15.0,0,0.000000,,0.000000,1.000000,1.000000,0.000000,0.000000,0.000000,0.000000,0.000000,0.000000,0.000000,0
LEFT,219,7.0080,15.0,0,0.000000,,0.000000,1.000000,1.000000,0.000000,0.000000,0.000000,0.000000,0.000000,0.000000,0.000000,0
LEFT,220,7.0400,15.0,0,0.000000,,0.000000,1.000000,1.000000,0.000000,0.000000,0.000000,0.000000,0.000000,0.000000,0.000000,0
LEFT,221,7.0720,15.0,0,0.000000,,0.000000,1.000000,1.000000,0.000000,0.000000,0.000000,0.000000,0.000000,0.000000,0.000000,0
LEFT,222,7.1040,15.0,0,0.000000,,0.000000,1.000000,1.000000,0.000000,0.000000,0.000000,0.000000,0.000000,0.000000,0.000000,0
LEFT,223,7.1360,15.0,0,0.000000,,0.000000,1.000000,1.000000,0.000000,0.000000,0.000000,0.000000,0.000000,0.000000,0.000000,0
LEFT,224,7.1680,15.0,0,0.000000,,0.000000,1.000000,1.000000,0.000000,0.000000,0.000000,0.000000,0.000000,0.000000,0.000000,0
LEFT,225,7.2000,15.0,0,0.000000,,0.000000,1.000000,1.000000,0.000000,0.000000,0.000000,0.000000,0.000000,0.000000,0.000000,0
LEFT,226,7.2320,15.0,0,0.000000,,0.000000,1.000000,1.000000,0.000000,0.000000,0.000000,0.000000,0.000000,0.000000,0.000000,0
LEFT,227,7.2640,15.0,0,0.000000,,0.000000,1.000000,1.000000,0.000000,0.000000,0.000000,0.000000,0.000000,0.000000,0.000000,0
LEFT,228,7.2960,15.0,0,0.000000,,0.000000,1.000000,1.000000,0.000000,0.000000,0.000000,0.000000,0.000000,0.000000,0.000000,0
LEFT,229,7.3280,15.0,0,0.000000,,0.000000,1.000000,1.000000,0.000000,0.000000,0.000000,0.000000,0.000000,0.000000,0.000000,0
LEFT,230,7.3600,15.0,0,0.000000,,0.000000,1.000000,1.000000,0.000000,0.000000,0.000000,0.000000,0.000000,0.000000,0.000000,0
LEFT,231,7.3920,15.0,0,0.000000,,0.000000,1.000000,1.000000,0.000000,0.000000,0.000000,0.000000,0.000000,0.000000,0.000000,0
LEFT,232,7.4240,15.0,0,0.000000,,0.000000,1.000000,1.000000,0.000000,0.000000,0.000000,0.000000,0.000000,0.000000,0.000000,0
LEFT,233,7.4560,15.0,0,0.000000,,0.000000,1.000000,1.000000,0.000000,0.000000,0.000000,0.000000,0.000000,0.000000,0.000000,0
LEFT,234,7.4880,15.0,0,0.000000,,0.000000,1.000000,1.000000,0.000000,0.000000,0.000000,0.000000,0.000000,0.000000,0.000000,0
LEFT,235,7.5200,15.0,0,0.000000,,0.000000,1.000000,1.000000,0.000000,0.000000,0.000000,0.000000,0.000000,0.000000,0.000000,0
LEFT,236,7.5520,15.0,0,0.000000,,0.000000,1.000000,1.000000,0.000000,0.000000,0.000000,0.000000,0.000000,0.000000,0.000000,0
LEFT,237,7.5840,15.0,0,0.000000,,0.000000,1.000000,1.000000,0.000000,0.000000,0.000000,0.000000,0.000000,0.000000,0.000000,0
LEFT,238,7.6160,15.0,0,0.000000,,0.000000,1.000000,1.000000,0.000000,0.000000,0.000000,0.000000,0.000000,0.000000,0.000000,0
LEFT,239,7.6480,15.0,0,0.000000,,0.000000,1.000000,1.000000,0.000000,0.000000,0.000000,0.000000,0.000000,0.000000,0.000000,0
LEFT,240,7.6800,15.0,0,0.000000,,0.000000,1.000000,1.000000,0.000000,0.000000,0.000000,0.000000,0.000000,0.000000,0.000000,0
LEFT,241,7.7120,15.0,0,0.000000,,0.000000,1.000000,1.000000,0.000000,0.000000,0.000000,0.000000,0.000000,0.000000,0.000000,0
LEFT,242,7.7440,15.0,0,0.000000,,0.000000,1.000000,1.000000,0.000000,0.000000,0.000000,0.000000,0.000000,0.000000,0.000000,0
LEFT,243,7.7760,15.0,0,0.000000,,0.000000,1.000000,1.000000,0.000000,0.000000,0.000000,0.000000,0.000000,0.000000,0.000000,0
LEFT,244,7.8080,15.0,0,0.000000,,0.000000,1.000000,1.000000,0.000000,0.000000,0.000000,0.000000,0.000000,0.000000,0.000000,0
LEFT,245,7.8400,15.0,0,0.000000,,0.000000,1.000000,1.000000,0.000000,0.000000,0.000000,0.000000,0.000000,0.000000,0.000000,0
LEFT,246,7.8720,15.0,0,0.000000,,0.000000,1.000000,1.000000,0.000000,0.000000,0.000000,0.000000,0.000000,0.000000,0.000000,0
LEFT,247,7.9040,15.0,0,0.000000,,0.000000,1.000000,1.000000,0.000000,0.000000,0.000000,0.000000,0.000000,0.000000,0.000000,0
LEFT,248,7.9360,15.0,0,0.000000,,0.000000,1.000000,1.000000,0.000000,0.000000,0.000000,0.000000,0.000000,0.000000,0.000000,0
LEFT,249,7.9680,15.0,0,0.000000,,0.000000,1.000000,1.000000,0.000000,0.000000,0.000000,0.000000,0.000000,0.000000,0.000000,0
LEFT,250,8.0000,15.0,0,0.000000,,0.000000,1.000000,1.000000,0.000000,0.000000,0.000000,0.000000,0.000000,0.000000,0.000000,0
LEFT,251,8.0320,15.0,0,0.000000,,0.000000,1.000000,1.000000,0.000000,0.000000,0.000000,0.000000,0.000000,0.000000,0.000000,0
LEFT,252,8.0640,15.0,0,0.000000,,0.000000,1.000000,1.000000,0.000000,0.000000,0.000000,0.000000,0.000000,0.000000,0.000000,0
LEFT,253,8.0960,15.0,0,0.000000,,0.000000,1.000000,1.000000,0.000000,0.000000,0.000000,0.000000,0.000000,0.000000,0.000000,0
LEFT,254,8.1280,15.0,0,0.000000,,0.000000,1.000000,1.000000,0.000000,0.000000,0.000000,0.000000,0.000000,0.000000,0.000000,0
LEFT,255,8.1600,15.0,0,0.000000,,0.000000,1.000000,1.000000,0.000000,0.000000,0.000000,0.000000,0.000000,0.000000,0.000000,0
LEFT,256,8.1920,15.0,0,0.000000,,0.000000,1.000000,1.000000,0.000000,0.000000,0.000000,0.000000,0.000000,0.000000,0.000000,0
LEFT,257,8.2240,15.0,0,0.000000,,0.000000,1.000000,1.000000,0.000000,0.000000,0.000000,0.000000,0.000000,0.000000,0.000000,0
LEFT,258,8.2560,15.0,0,0.000000,,0.000000,1.000000,1.000000,0.000000,0.000000,0.000000,0.000000,0.000000,0.000000,0.000000,0
LEFT,259,8.2880,15.0,0,0.000000,,0.000000,1.000000,1.000000,0.000000,0.000000,0.000000,0.000000,0.000000,0.000000,0.000000,0
LEFT,260,8.3200,15.0,0,0.000000,,0.000000,1.000000,1.000000,0.000000,0.000000,0.000000,0.000000,0.000000,0.000000,0.000000,0
LEFT,261,8.3520,15.0,0,0.000000,,0.000000,1.000000,1.000000,0.000000,0.000000,0.000000,0.000000,0.000000,0.000000,0.000000,0
LEFT,262,8.3840,15.0,0,0.000000,,0.000000,1.000000,1.000000,0.000000,0.000000,0.000000,0.000000,0.000000,0.000000,0.000000,0
LEFT,263,8.4160,15.0,0,0.000000,,0.000000,1.000000,1.000000,0.000000,0.000000,0.000000,0.000000,0.000000,0.000000,0.000000,0
LEFT,264,8.4480,15.0,0,0.000000,,0.000000,1.000000,1.000000,0.000000,0.000000,0.000000,0.000000,0.000000,0.000000,0.000000,0
LEFT,265,8.4800,15.0,0,0.000000,,0.000000,1.000000,1.000000,0.000000,0.000000,0.000000,0.000000,0.000000,0.000000,0.000000,0
LEFT,266,8.5120,15.0,0,0.000000,,0.000000,1.000000,1.000000,0.000000,0.000000,0.000000,0.000000,0.000000,0.000000,0.000000,0
LEFT,267,8.5440,15.0,0,0.000000,,0.000000,1.000000,1.000000,0.000000,0.000000,0.000000,0.000000,0.000000,0.000000,0.000000,0
LEFT,268,8.5760,15.0,0,0.000000,,0.000000,1.000000,1.000000,0.000000,0.000000,0.000000,0.000000,0.000000,0.000000,0.000000,0
LEFT,269,8.6080,15.0,0,0.000000,,0.000000,1.000000,1.000000,0.000000,0.000000,0.000000,0.000000,0.000000,0.000000,0.000000,0
LEFT,270,8.6400,15.0,0,0.000000,,0.000000,1.000000,1.000000,0.000000,0.000000,0.000000,0.000000,0.000000,0.000000,0.000000,0
LEFT,271,8.6720,15.0,0,0.000000,,0.000000,1.000000,1.000000,0.000000,0.000000,0.000000,0.000000,0.000000,0.000000,0.000000,0
LEFT,272,8.7040,15.0,0,0.000000,,0.000000,1.000000,1.000000,0.000000,0.000000,0.000000,0.000000,0.000000,0.000000,0.000000,0
LEFT,273,8.7360,15.0,0,0.000000,,0.000000,1.000000,1.000000,0.000000,0.000000,0.000000,0.000000,0.000000,0.000000,0.000000,0
LEFT,274,8.7680,15.0,0,0.000000,,0.000000,1.000000,1.000000,0.000000,0.000000,0.000000,0.000000,0.000000,0.000000,0.000000,0
LEFT,275,8.8000,15.0,0,0.000000,,0.000000,1.000000,1.000000,0.000000,0.000000,0.000000,0.000000,0.000000,0.000000,0.000000,0
LEFT,276,8.8320,15.0,0,0.000000,,0.000000,1.000000,1.000000,0.000000,0.000000,0.000000,0.000000,0.000000,0.000000,0.000000,0
LEFT,277,8.8640,15.0,0,0.000000,,0.000000,1.000000,1.000000,0.000000,0.000000,0.000000,0.000000,0.000000,0.000000,0.000000,0
LEFT,278,8.8960,15.0,0,0.000000,,0.000000,1.000000,1.000000,0.000000,0.000000,0.000000,0.000000,0.000000,0.000000,0.000000,0
LEFT,279,8.9280,15.0,0,0.000000,,0.000000,1.000000,1.000000,0.000000,0.000000,0.000000,0.000000,0.000000,0.000000,0.000000,0
LEFT,280,8.9600,15.0,0,0.000000,,0.000000,1.000000,1.000000,0.000000,0.000000,0.000000,0.000000,0.000000,0.000000,0.000000,0
LEFT,281,8.9920,15.0,0,0.000000,,0.000000,1.000000,1.000000,0.000000,0.000000,0.000000,0.000000,0.000000,0.000000,0.000000,0
LEFT,282,9.0240,15.0,0,0.000000,,0.000000,1.000000,1.000000,0.000000,0.000000,0.000000,0.000000,0.000000,0.000000,0.000000,0
LEFT,283,9.0560,15.0,0,0.000000,,0.000000,1.000000,1.000000,0.000000,0.000000,0.000000,0.000000,0.000000,0.000000,0.000000,0
LEFT,284,9.0880,15.0,0,0.000000,,0.000000,1.000000,1.000000,0.000000,0.000000,0.000000,0.000000,0.000000,0.000000,0.000000,0
LEFT,285,9.1200,15.0,0,0.000000,,0.000000,1.000000,1.000000,0.000000,0.000000,0.000000,0.000000,0.000000,0.000000,0.000000,0
LEFT,286,9.1520,15.0,0,0.000000,,0.000000,1.000000,1.000000,0.000000,0.000000,0.000000,0.000000,0.000000,0.000000,0.000000,0
LEFT,287,9.1840,15.0,0,0.000000,,0.000000,1.000000,1.000000,0.000000,0.000000,0.000000,0.000000,0.000000,0.000000,0.000000,0
LEFT,288,9.2160,15.0,0,0.000000,,0.000000,1.000000,1.000000,0.000000,0.000000,0.000000,0.000000,0.000000,0.000000,0.000000,0
LEFT,289,9.2480,15.0,0,0.000000,,0.000000,1.000000,1.000000,0.000000,0.000000,0.000000,0.000000,0.000000,0.000000,0.000000,0
LEFT,290,9.2800,15.0,0,0.000000,,0.000000,1.000000,1.000000,0.000000,0.000000,0.000000,0.000000,0.000000,0.000000,0.000000,0
LEFT,291,9.3120,15.0,0,0.000000,,0.000000,1.000000,1.000000,0.000000,0.000000,0.000000,0.000000,0.000000,0.000000,0.000000,0
LEFT,292,9.3440,15.0,0,0.000000,,0.000000,1.000000,1.000000,0.000000,0.000000,0.000000,0.000000,0.000000,0.000000,0.000000,0
LEFT,293,9.3760,15.0,0,0.000000,,0.000000,1.000000,1.000000,0.000000,0.000000,0.000000,0.000000,0.000000,0.000000,0.000000,0
LEFT,294,9.4080,15.0,0,0.000000,,0.000000,1.000000,1.000000,0.000000,0.000000,0.000000,0.000000,0.000000,0.000000,0.000000,0
LEFT,295,9.4400,15.0,0,0.000000,,0.000000,1.000000,1.000000,0.000000,0.000000,0.000000,0.000000,0.000000,0.000000,0.000000,0
LEFT,296,9.4720,15.0,0,0.000000,,0.000000,1.000000,1.000000,0.000000,0.000000,0.000000,0.000000,0.000000,0.000000,0.000000,0
LEFT,297,9.5040,15.0,0,0.000000,,0.000000,1.000000,1.000000,0.000000,0.000000,0.000000,0.000000,0.000000,0.000000,0.000000,0
LEFT,298,9.5360,15.0,0,0.000000,,0.000000,1.000000,1.000000,0.000000,0.000000,0.000000,0.000000,0.000000,0.000000,0.000000,0
LEFT,299,9.5680,15.0,0,0.000000,,0.000000,1.000000,1.000000,0.000000,0.000000,0.000000,0.000000,0.000000,0.000000,0.000000,0
LEFT,300,9.6000,15.0,0,0.000000,,0.000000,1.000000,1.000000,0.000000,0.000000,0.000000,0.000000,0.000000,0.000000,0.000000,0
LEFT,301,9.6320,15.0,0,0.000000,,0.000000,1.000000,1.000000,0.000000,0.000000,0.000000,0.000000,0.000000,0.000000,0.000000,0
LEFT,302,9.6640,15.0,0,0.000000,,0.000000,1.000000,1.000000,0.000000,0.000000,0.000000,0.000000,0.000000,0.000000,0.000000,0
LEFT,303,9.6960,15.0,0,0.000000,,0.000000,1.000000,1.000000,0.000000,0.000000,0.000000,0.000000,0.000000,0.000000,0.000000,0
LEFT,304,9.7280,15.0,0,0.000000,,0.000000,1.000000,1.000000,0.000000,0.000000,0.000000,0.000000,0.000000,0.000000,0.000000,0
LEFT,305,9.7600,15.0,0,0.000000,,0.000000,1.000000,1.000000,0.000000,0.000000,0.000000,0.000000,0.000000,0.000000,0.000000,0
LEFT,306,9.7920,15.0,0,0.000000,,0.000000,1.000000,1.000000,0.000000,0.000000,0.000000,0.000000,0.000000,0.000000,0.000000,0
LEFT,307,9.8240,15.0,0,0.000000,,0.000000,1.000000,1.000000,0.000000,0.000000,0.000000,0.000000,0.000000,0.000000,0.000000,0
LEFT,308,9.8560,15.0,0,0.000000,,0.000000,1.000000,1.000000,0.000000,0.000000,0.000000,0.000000,0.000000,0.000000,0.000000,0
LEFT,309,9.8880,15.0,0,0.000000,,0.000000,1.000000,1.000000,0.000000,0.000000,0.000000,0.000000,0.000000,0.000000,0.000000,0
LEFT,310,9.9200,15.0,0,0.000000,,0.000000,1.000000,1.000000,0.000000,0.000000,0.000000,0.000000,0.000000,0.000000,0.000000,0
LEFT,311,9.9520,15.0,0,0.000000,,0.000000,1.000000,1.000000,0.000000,0.000000,0.000000,0.000000,0.000000,0.000000,0.000000,0
LEFT,312,9.9840,15.0,0,0.000000,,0.000000,1.000000,1.000000,0.000000,0.000000,0.000000,0.000000,0.000000,0.000000,0.000000,0
LEFT,313,10.0160,15.0,0,0.000000,,0.000000,1.000000,1.000000,0.000000,0.000000,0.000000,0.000000,0.000000,0.000000,0.000000,0
LEFT,314,10.0480,15.0,0,0.000000,,0.000000,1.000000,1.000000,0.000000,0.000000,0.000000,0.000000,0.000000,0.000000,0.000000,0
LEFT,315,10.0800,15.0,0,0.000000,,0.000000,1.000000,1.000000,0.000000,0.000000,0.000000,0.000000,0.000000,0.000000,0.000000,0
LEFT,316,10.1120,15.0,0,0.000000,,0.000000,1.000000,1.000000,0.000000,0.000000,0.000000,0.000000,0.000000,0.000000,0.000000,0
LEFT,317,10.1440,15.0,0,0.000000,,0.000000,1.000000,1.000000,0.000000,0.000000,0.000000,0.000000,0.000000,0.000000,0.000000,0
LEFT,318,10.1760,15.0,0,0.000000,,0.000000,1.000000,1.000000,0.000000,0.000000,0.000000,0.000000,0.000000,0.000000,0.000000,0
LEFT,319,10.2080,15.0,0,0.000000,,0.000000,1.000000,1.000000,0.000000,0.000000,0.000000,0.000000,0.000000,0.000000,0.000000,0
LEFT,320,10.2400,15.0,0,0.000000,,0.000000,1.000000,1.000000,0.000000,0.000000,0.000000,0.000000,0.000000,0.000000,0.000000,0
LEFT,321,10.2720,15.0,0,0.000000,,0.000000,1.000000,1.000000,0.000000,0.000000,0.000000,0.000000,0.000000,0.000000,0.000000,0
LEFT,322,10.3040,15.0,0,0.000000,,0.000000,1.000000,1.000000,0.000000,0.000000,0.000000,0.000000,0.000000,0.000000,0.000000,0
LEFT,323,10.3360,15.0,0,0.000000,,0.000000,1.000000,1.000000,0.000000,0.000000,0.000000,0.000000,0.000000,0.000000,0.000000,0
LEFT,324,10.3680,15.0,0,0.000000,,0.000000,1.000000,1.000000,0.000000,0.000000,0.000000,0.000000,0.000000,0.000000,0.000000,0
LEFT,325,10.4000,15.0,0,0.000000,,0.000000,1.000000,1.000000,0.000000,0.000000,0.000000,0.000000,0.000000,0.000000,0.000000,0
LEFT,326,10.4320,15.0,0,0.000000,,0.000000,1.000000,1.000000,0.000000,0.000000,0.000000,0.000000,0.000000,0.000000,0.000000,0
LEFT,327,10.4640,15.0,0,0.000000,,0.000000,1.000000,1.000000,0.000000,0.000000,0.000000,0.000000,0.000000,0.000000,0.000000,0
LEFT,328,10.4960,15.0,0,0.000000,,0.000000,1.000000,1.000000,0.000000,0.000000,0.000000,0.000000,0.000000,0.000000,0.000000,0
LEFT,329,10.5280,15.0,0,0.000000,,0.000000,1.000000,1.000000,0.000000,0.000000,0.000000,0.000000,0.000000,0.000000,0.000000,0
LEFT,330,10.5600,15.0,0,0.000000,,0.000000,1.000000,1.000000,0.000000,0.000000,0.000000,0.000000,0.000000,0.000000,0.000000,0
LEFT,331,10.5920,15.0,0,0.000000,,0.000000,1.000000,1.000000,0.000000,0.000000,0.000000,0.000000,0.000000,0.000000,0.000000,0
LEFT,332,10.6240,15.0,0,0.000000,,0.000000,1.000000,1.000000,0.000000,0.000000,0.000000,0.000000,0.000000,0.000000,0.000000,0
LEFT,333,10.6560,15.0,0,0.000000,,0.000000,1.000000,1.000000,0.000000,0.000000,0.000000,0.000000,0.000000,0.000000,0.000000,0
LEFT,334,10.6880,15.0,0,0.000000,,0.000000,1.000000,1.000000,0.000000,0.000000,0.000000,0.000000,0.000000,0.000000,0.000000,0
LEFT,335,10.7200,15.0,0,0.000000,,0.000000,1.000000,1.000000,0.000000,0.000000,0.000000,0.000000,0.000000,0.000000,0.000000,0
LEFT,336,10.7520,15.0,0,0.000000,,0.000000,1.000000,1.000000,0.000000,0.000000,0.000000,0.000000,0.000000,0.000000,0.000000,0
LEFT,337,10.7840,15.0,0,0.000000,,0.000000,1.000000,1.000000,0.000000,0.000000,0.000000,0.000000,0.000000,0.000000,0.000000,0
LEFT,338,10.8160,15.0,0,0.000000,,0.000000,1.000000,1.000000,0.000000,0.000000,0.000000,0.000000,0.000000,0.000000,0.000000,0
LEFT,339,10.8480,15.0,0,0.000000,,0.000000,1.000000,1.000000,0.000000,0.000000,0.000000,0.000000,0.000000,0.000000,0.000000,0
LEFT,340,10.8800,15.0,0,0.000000,,0.000000,1.000000,1.000000,0.000000,0.000000,0.000000,0.000000,0.000000,0.000000,0.000000,0
LEFT,341,10.9120,15.0,0,0.000000,,0.000000,1.000000,1.000000,0.000000,0.000000,0.000000,0.000000,0.000000,0.000000,0.000000,0
LEFT,342,10.9440,15.0,0,0.000000,,0.000000,1.000000,1.000000,0.000000,0.000000,0.000000,0.000000,0.000000,0.000000,0.000000,0
LEFT,343,10.9760,15.0,0,0.000000,,0.000000,1.000000,1.000000,0.000000,0.000000,0.000000,0.000000,0.000000,0.000000,0.000000,0
LEFT,344,11.0080,15.0,0,0.000000,,0.000000,1.000000,1.000000,0.000000,0.000000,0.000000,0.000000,0.000000,0.000000,0.000000,0
LEFT,345,11.0400,15.0,0,0.000000,,0.000000,1.000000,1.000000,0.000000,0.000000,0.000000,0.000000,0.000000,0.000000,0.000000,0
LEFT,346,11.0720,15.0,0,0.000000,,0.000000,1.000000,1.000000,0.000000,0.000000,0.000000,0.000000,0.000000,0.000000,0.000000,0
LEFT,347,11.1040,15.0,0,0.000000,,0.000000,1.000000,1.000000,0.000000,0.000000,0.000000,0.000000,0.000000,0.000000,0.000000,0
LEFT,348,11.1360,15.0,0,0.000000,,0.000000,1.000000,1.000000,0.000000,0.000000,0.000000,0.000000,0.000000,0.000000,0.000000,0
LEFT,349,11.1680,15.0,0,0.000000,,0.000000,1.000000,1.000000,0.000000,0.000000,0.000000,0.000000,0.000000,0.000000,0.000000,0
LEFT,350,11.2000,15.0,0,0.000000,,0.000000,1.000000,1.000000,0.000000,0.000000,0.000000,0.000000,0.000000,0.000000,0.000000,0
LEFT,351,11.2320,15.0,0,0.000000,,0.000000,1.000000,1.000000,0.000000,0.000000,0.000000,0.000000,0.000000,0.000000,0.000000,0
LEFT,352,11.2640,15.0,0,0.000000,,0.000000,1.000000,1.000000,0.000000,0.000000,0.000000,0.000000,0.000000,0.000000,0.000000,0
LEFT,353,11.2960,15.0,0,0.000000,,0.000000,1.000000,1.000000,0.000000,0.000000,0.000000,0.000000,0.000000,0.000000,0.000000,0
LEFT,354,11.3280,15.0,0,0.000000,,0.000000,1.000000,1.000000,0.000000,0.000000,0.000000,0.000000,0.000000,0.000000,0.000000,0
LEFT,355,11.3600,15.0,0,0.000000,,0.000000,1.000000,1.000000,0.000000,0.000000,0.000000,0.000000,0.000000,0.000000,0.000000,0
LEFT,356,11.3920,15.0,0,0.000000,,0.000000,1.000000,1.000000,0.000000,0.000000,0.000000,0.000000,0.000000,0.000000,0.000000,0
LEFT,357,11.4240,15.0,0,0.000000,,0.000000,1.000000,1.000000,0.000000,0.000000,0.000000,0.000000,0.000000,0.000000,0.000000,0
LEFT,358,11.4560,15.0,0,0.000000,,0.000000,1.000000,1.000000,0.000000,0.000000,0.000000,0.000000,0.000000,0.000000,0.000000,0
LEFT,359,11.4880,15.0,0,0.000000,,0.000000,1.000000,1.000000,0.000000,0.000000,0.000000,0.000000,0.000000,0.000000,0.000000,0
LEFT,360,11.5200,15.0,0,0.000000,,0.000000,1.000000,1.000000,0.000000,0.000000,0.000000,0.000000,0.000000,0.000000,0.000000,0
LEFT,361,11.5520,15.0,0,0.000000,,0.000000,1.000000,1.000000,0.000000,0.000000,0.000000,0.000000,0.000000,0.000000,0.000000,0
LEFT,362,11.5840,15.0,0,0.000000,,0.000000,1.000000,1.000000,0.000000,0.000000,0.000000,0.000000,0.000000,0.000000,0.000000,0
LEFT,363,11.6160,15.0,0,0.000000,,0.000000,1.000000,1.000000,0.000000,0.000000,0.000000,0.000000,0.000000,0.000000,0.000000,0
LEFT,364,11.6480,15.0,0,0.000000,,0.000000,1.000000,1.000000,0.000000,0.000000,0.000000,0.000000,0.000000,0.000000,0.000000,0
LEFT,365,11.6800,15.0,0,0.000000,,0.000000,1.000000,1.000000,0.000000,0.000000,0.000000,0.000000,0.000000,0.000000,0.000000,0
LEFT,366,11.7120,15.0,0,0.000000,,0.000000,1.000000,1.000000,0.000000,0.000000,0.000000,0.000000,0.000000,0.000000,0.000000,0
LEFT,367,11.7440,15.0,0,0.000000,,0.000000,1.000000,1.000000,0.000000,0.000000,0.000000,0.000000,0.000000,0.000000,0.000000,0
LEFT,368,11.7760,15.0,0,0.000000,,0.000000,1.000000,1.000000,0.000000,0.000000,0.000000,0.000000,0.000000,0.000000,0.000000,0
LEFT,369,11.8080,15.0,0,0.000000,,0.000000,1.000000,1.000000,0.000000,0.000000,0.000000,0.000000,0.000000,0.000000,0.000000,0
LEFT,370,11.8400,15.0,0,0.000000,,0.000000,1.000000,1.000000,0.000000,0.000000,0.000000,0.000000,0.000000,0.000000,0.000000,0
LEFT,371,11.8720,15.0,0,0.000000,,0.000000,1.000000,1.000000,0.000000,0.000000,0.000000,0.000000,0.000000,0.000000,0.000000,0
LEFT,372,11.9040,15.0,0,0.000000,,0.000000,1.000000,1.000000,0.000000,0.000000,0.000000,0.000000,0.000000,0.000000,0.000000,0
LEFT,373,11.9360,15.0,0,0.000000,,0.000000,1.000000,1.000000,0.000000,0.000000,0.000000,0.000000,0.000000,0.000000,0.000000,0
LEFT,374,11.9680,15.0,0,0.000000,,0.000000,1.000000,1.000000,0.000000,0.000000,0.000000,0.000000,0.000000,0.000000,0.000000,0
LEFT,375,12.0000,15.0,0,0.000000,,0.000000,1.000000,1.000000,0.000000,0.000000,0.000000,0.000000,0.000000,0.000000,0.000000,0
LEFT,376,12.0320,15.0,0,0.000000,,0.000000,1.000000,1.000000,0.000000,0.000000,0.000000,0.000000,0.000000,0.000000,0.000000,0
LEFT,377,12.0640,15.0,0,0.000000,,0.000000,1.000000,1.000000,0.000000,0.000000,0.000000,0.000000,0.000000,0.000000,0.000000,0
LEFT,378,12.0960,15.0,0,0.000000,,0.000000,1.000000,1.000000,0.000000,0.000000,0.000000,0.000000,0.000000,0.000000,0.000000,0
LEFT,379,12.1280,15.0,0,0.000000,,0.000000,1.000000,1.000000,0.000000,0.000000,0.000000,0.000000,0.000000,0.000000,0.000000,0
LEFT,380,12.1600,15.0,0,0.000000,,0.000000,1.000000,1.000000,0.000000,0.000000,0.000000,0.000000,0.000000,0.000000,0.000000,0
LEFT,381,12.1920,15.0,0,0.000000,,0.000000,1.000000,1.000000,0.000000,0.000000,0.000000,0.000000,0.000000,0.000000,0.000000,0
LEFT,382,12.2240,15.0,0,0.000000,,0.000000,1.000000,1.000000,0.000000,0.000000,0.000000,0.000000,0.000000,0.000000,0.000000,0
LEFT,383,12.2560,15.0,0,0.000000,,0.000000,1.000000,1.000000,0.000000,0.000000,0.000000,0.000000,0.000000,0.000000,0.000000,0
LEFT,384,12.2880,15.0,0,0.000000,,0.000000,1.000000,1.000000,0.000000,0.000000,0.000000,0.000000,0.000000,0.000000,0.000000,0
LEFT,385,12.3200,15.0,0,0.000000,,0.000000,1.000000,1.000000,0.000000,0.000000,0.000000,0.000000,0.000000,0.000000,0.000000,0
LEFT,386,12.3520,15.0,0,0.000000,,0.000000,1.000000,1.000000,0.000000,0.000000,0.000000,0.000000,0.000000,0.000000,0.000000,0
LEFT,387,12.3840,15.0,0,0.000000,,0.000000,1.000000,1.000000,0.000000,0.000000,0.000000,0.000000,0.000000,0.000000,0.000000,0
LEFT,388,12.4160,15.0,0,0.000000,,0.000000,1.000000,1.000000,0.000000,0.000000,0.000000,0.000000,0.000000,0.000000,0.000000,0
LEFT,389,12.4480,15.0,0,0.000000,,0.000000,1.000000,1.000000,0.000000,0.000000,0.000000,0.000000,0.000000,0.000000,0.000000,0
LEFT,390,12.4800,15.0,0,0.000000,,0.000000,1.000000,1.000000,0.000000,0.000000,0.000000,0.000000,0.000000,0.000000,0.000000,0
LEFT,391,12.5120,15.0,0,0.000000,,0.000000,1.000000,1.000000,0.000000,0.000000,0.000000,0.000000,0.000000,0.000000,0.000000,0
LEFT,392,12.5440,15.0,0,0.000000,,0.000000,1.000000,1.000000,0.000000,0.000000,0.000000,0.000000,0.000000,0.000000,0.000000,0
LEFT,393,12.5760,15.0,0,0.000000,,0.000000,1.000000,1.000000,0.000000,0.000000,0.000000,0.000000,0.000000,0.000000,0.000000,0
LEFT,394,12.6080,15.0,0,0.000000,,0.000000,1.000000,1.000000,0.000000,0.000000,0.000000,0.000000,0.000000,0.000000,0.000000,0
LEFT,395,12.6400,15.0,0,0.000000,,0.000000,1.000000,1.000000,0.000000,0.000000,0.000000,0.000000,0.000000,0.000000,0.000000,0
LEFT,396,12.6720,15.0,0,0.000000,,0.000000,1.000000,1.000000,0.000000,0.000000,0.000000,0.000000,0.000000,0.000000,0.000000,0
LEFT,397,12.7040,15.0,0,0.000000,,0.000000,1.000000,1.000000,0.000000,0.000000,0.000000,0.000000,0.000000,0.000000,0.000000,0
LEFT,398,12.7360,15.0,0,0.000000,,0.000000,1.000000,1.000000,0.000000,0.000000,0.000000,0.000000,0.000000,0.000000,0.000000,0
LEFT,399,12.7680,15.0,0,0.000000,,0.000000,1.000000,1.000000,0.000000,0.000000,0.000000,0.000000,0.000000,0.000000,0.000000,0
LEFT,400,12.8000,15.0,0,0.000000,,0.000000,1.000000,1.000000,0.000000,0.000000,0.000000,0.000000,0.000000,0.000000,0.000000,0
LEFT,401,12.8320,15.0,0,0.000000,,0.000000,1.000000,1.000000,0.000000,0.000000,0.000000,0.000000,0.000000,0.000000,0.000000,0
LEFT,402,12.8640,15.0,0,0.000000,,0.000000,1.000000,1.000000,0.000000,0.000000,0.000000,0.000000,0.000000,0.000000,0.000000,0
LEFT,403,12.8960,15.0,0,0.000000,,0.000000,1.000000,1.000000,0.000000,0.000000,0.000000,0.000000,0.000000,0.000000,0.000000,0
LEFT,404,12.9280,15.0,0,0.000000,,0.000000,1.000000,1.000000,0.000000,0.000000,0.000000,0.000000,0.000000,0.000000,0.000000,0
LEFT,405,12.9600,15.0,0,0.000000,,0.000000,1.000000,1.000000,0.000000,0.000000,0.000000,0.000000,0.000000,0.000000,0.000000,0
LEFT,406,12.9920,15.0,0,0.000000,,0.000000,1.000000,1.000000,0.000000,0.000000,0.000000,0.000000,0.000000,0.000000,0.000000,0
LEFT,407,13.0240,15.0,0,0.000000,,0.000000,1.000000,1.000000,0.000000,0.000000,0.000000,0.000000,0.000000,0.000000,0.000000,0
LEFT,408,13.0560,15.0,0,0.000000,,0.000000,1.000000,1.000000,0.000000,0.000000,0.000000,0.000000,0.000000,0.000000,0.000000,0
LEFT,409,13.0880,15.0,0,0.000000,,0.000000,1.000000,1.000000,0.000000,0.000000,0.000000,0.000000,0.000000,0.000000,0.000000,0
LEFT,410,13.1200,15.0,0,0.000000,,0.000000,1.000000,1.000000,0.000000,0.000000,0.000000,0.000000,0.000000,0.000000,0.000000,0
LEFT,411,13.1520,15.0,0,0.000000,,0.000000,1.000000,1.000000,0.000000,0.000000,0.000000,0.000000,0.000000,0.000000,0.000000,0
LEFT,412,13.1840,15.0,0,0.000000,,0.000000,1.000000,1.000000,0.000000,0.000000,0.000000,0.000000,0.000000,0.000000,0.000000,0
LEFT,413,13.2160,15.0,0,0.000000,,0.000000,1.000000,1.000000,0.000000,0.000000,0.000000,0.000000,0.000000,0.000000,0.000000,0
LEFT,414,13.2480,15.0,0,0.000000,,0.000000,1.000000,1.000000,0.000000,0.000000,0.000000,0.000000,0.000000,0.000000,0.000000,0
LEFT,415,13.2800,15.0,0,0.000000,,0.000000,1.000000,1.000000,0.000000,0.000000,0.000000,0.000000,0.000000,0.000000,0.000000,0
LEFT,416,13.3120,15.0,0,0.000000,,0.000000,1.000000,1.000000,0.000000,0.000000,0.000000,0.000000,0.000000,0.000000,0.000000,0
LEFT,417,13.3440,15.0,0,0.000000,,0.000000,1.000000,1.000000,0.000000,0.000000,0.000000,0.000000,0.000000,0.000000,0.000000,0
LEFT,418,13.3760,15.0,0,0.000000,,0.000000,1.000000,1.000000,0.000000,0.000000,0.000000,0.000000,0.000000,0.000000,0.000000,0
LEFT,419,13.4080,15.0,0,0.000000,,0.000000,1.000000,1.000000,0.000000,0.000000,0.000000,0.000000,0.000000,0.000000,0.000000,0
LEFT,420,13.4400,15.0,0,0.000000,,0.000000,1.000000,1.000000,0.000000,0.000000,0.000000,0.000000,0.000000,0.000000,0.000000,0
LEFT,421,13.4720,15.0,0,0.000000,,0.000000,1.000000,1.000000,0.000000,0.000000,0.000000,0.000000,0.000000,0.000000,0.000000,0
LEFT,422,13.5040,15.0,0,0.000000,,0.000000,1.000000,1.000000,0.000000,0.000000,0.000000,0.000000,0.000000,0.000000,0.000000,0
LEFT,423,13.5360,15.0,0,0.000000,,0.000000,1.000000,1.000000,0.000000,0.000000,0.000000,0.000000,0.000000,0.000000,0.000000,0
LEFT,424,13.5680,15.0,0,0.000000,,0.000000,1.000000,1.000000,0.000000,0.000000,0.000000,0.000000,0.000000,0.000000,0.000000,0
LEFT,425,13.6000,15.0,0,0.000000,,0.000000,1.000000,1.000000,0.000000,0.000000,0.000000,0.000000,0.000000,0.000000,0.000000,0
LEFT,426,13.6320,15.0,0,0.000000,,0.000000,1.000000,1.000000,0.000000,0.000000,0.000000,0.000000,0.000000,0.000000,0.000000,0
LEFT,427,13.6640,15.0,0,0.000000,,0.000000,1.000000,1.000000,0.000000,0.000000,0.000000,0.000000,0.000000,0.000000,0.000000,0
LEFT,428,13.6960,15.0,0,0.000000,,0.000000,1.000000,1.000000,0.000000,0.000000,0.000000,0.000000,0.000000,0.000000,0.000000,0
LEFT,429,13.7280,15.0,0,0.000000,,0.000000,1.000000,1.000000,0.000000,0.000000,0.000000,0.000000,0.000000,0.000000,0.000000,0
LEFT,430,13.7600,15.0,0,0.000000,,0.000000,1.000000,1.000000,0.000000,0.000000,0.000000,0.000000,0.000000,0.000000,0.000000,0
LEFT,431,13.7920,15.0,0,0.000000,,0.000000,1.000000,1.000000,0.000000,0.000000,0.000000,0.000000,0.000000,0.000000,0.000000,0
LEFT,432,13.8240,15.0,0,0.000000,,0.000000,1.000000,1.000000,0.000000,0.000000,0.000000,0.000000,0.000000,0.000000,0.000000,0
LEFT,433,13.8560,15.0,0,0.000000,,0.000000,1.000000,1.000000,0.000000,0.000000,0.000000,0.000000,0.000000,0.000000,0.000000,0
LEFT,434,13.8880,15.0,0,0.000000,,0.000000,1.000000,1.000000,0.000000,0.000000,0.000000,0.000000,0.000000,0.000000,0.000000,0
LEFT,435,13.9200,15.0,0,0.000000,,0.000000,1.000000,1.000000,0.000000,0.000000,0.000000,0.000000,0.000000,0.000000,0.000000,0
LEFT,436,13.9520,15.0,0,0.000000,,0.000000,1.000000,1.000000,0.000000,0.000000,0.000000,0.000000,0.000000,0.000000,0.000000,0
LEFT,437,13.9840,15.0,0,0.000000,,0.000000,1.000000,1.000000,0.000000,0.000000,0.000000,0.000000,0.000000,0.000000,0.000000,0
LEFT,438,14.0160,15.0,0,0.000000,,0.000000,1.000000,1.000000,0.000000,0.000000,0.000000,0.000000,0.000000,0.000000,0.000000,0
LEFT,439,14.0480,15.0,0,0.000000,,0.000000,1.000000,1.000000,0.000000,0.000000,0.000000,0.000000,0.000000,0.000000,0.000000,0
LEFT,440,14.0800,15.0,0,0.000000,,0.000000,1.000000,1.000000,0.000000,0.000000,0.000000,0.000000,0.000000,0.000000,0.000000,0
LEFT,441,14.1120,15.0,0,0.000000,,0.000000,1.000000,1.000000,0.000000,0.000000,0.000000,0.000000,0.000000,0.000000,0.000000,0
LEFT,442,14.1440,15.0,0,0.000000,,0.000000,1.000000,1.000000,0.000000,0.000000,0.000000,0.000000,0.000000,0.000000,0.000000,0
LEFT,443,14.1760,15.0,0,0.000000,,0.000000,1.000000,1.000000,0.000000,0.000000,0.000000,0.000000,0.000000,0.000000,0.000000,0
LEFT,444,14.2080,15.0,0,0.000000,,0.000000,1.000000,1.000000,0.000000,0.000000,0.000000,0.000000,0.000000,0.000000,0.000000,0
LEFT,445,14.2400,15.0,0,0.000000,,0.000000,1.000000,1.000000,0.000000,0.000000,0.000000,0.000000,0.000000,0.000000,0.000000,0
LEFT,446,14.2720,15.0,0,0.000000,,0.000000,1.000000,1.000000,0.000000,0.000000,0.000000,0.000000,0.000000,0.000000,0.000000,0
LEFT,447,14.3040,15.0,0,0.000000,,0.000000,1.000000,1.000000,0.000000,0.000000,0.000000,0.000000,0.000000,0.000000,0.000000,0
LEFT,448,14.3360,15.0,0,0.000000,,0.000000,1.000000,1.000000,0.000000,0.000000,0.000000,0.000000,0.000000,0.000000,0.000000,0
LEFT,449,14.3680,15.0,0,0.000000,,0.000000,1.000000,1.000000,0.000000,0.000000,0.000000,0.000000,0.000000,0.000000,0.000000,0
LEFT,450,14.4000,15.0,0,0.000000,,0.000000,1.000000,1.000000,0.000000,0.000000,0.000000,0.000000,0.000000,0.000000,0.000000,0
LEFT,451,14.4320,15.0,0,0.000000,,0.000000,1.000000,1.000000,0.000000,0.000000,0.000000,0.000000,0.000000,0.000000,0.000000,0
LEFT,452,14.4640,15.0,0,0.000000,,0.000000,1.000000,1.000000,0.000000,0.000000,0.000000,0.000000,0.000000,0.000000,0.000000,0
LEFT,453,14.4960,15.0,0,0.000000,,0.000000,1.000000,1.000000,0.000000,0.000000,0.000000,0.000000,0.000000,0.000000,0.000000,0
LEFT,454,14.5280,15.0,0,0.000000,,0.000000,1.000000,1.000000,0.000000,0.000000,0.000000,0.000000,0.000000,0.000000,0.000000,0
LEFT,455,14.5600,15.0,0,0.000000,,0.000000,1.000000,1.000000,0.000000,0.000000,0.000000,0.000000,0.000000,0.000000,0.000000,0
LEFT,456,14.5920,15.0,0,0.000000,,0.000000,1.000000,1.000000,0.000000,0.000000,0.000000,0.000000,0.000000,0.000000,0.000000,0
LEFT,457,14.6240,15.0,0,0.000000,,0.000000,1.000000,1.000000,0.000000,0.000000,0.000000,0.000000,0.000000,0.000000,0.000000,0
LEFT,458,14.6560,15.0,0,0.000000,,0.000000,1.000000,1.000000,0.000000,0.000000,0.000000,0.000000,0.000000,0.000000,0.000000,0
LEFT,459,14.6880,15.0,0,0.000000,,0.000000,1.000000,1.000000,0.000000,0.000000,0.000000,0.000000,0.000000,0.000000,0.000000,0
LEFT,460,14.7200,15.0,0,0.000000,,0.000000,1.000000,1.000000,0.000000,0.000000,0.000000,0.000000,0.000000,0.000000,0.000000,0
LEFT,461,14.7520,15.0,0,0.000000,,0.000000,1.000000,1.000000,0.000000,0.000000,0.000000,0.000000,0.000000,0.000000,0.000000,0
LEFT,462,14.7840,15.0,0,0.000000,,0.000000,1.000000,1.000000,0.000000,0.000000,0.000000,0.000000,0.000000,0.000000,0.000000,0
LEFT,463,14.8160,15.0,0,0.000000,,0.000000,1.000000,1.000000,0.000000,0.000000,0.000000,0.000000,0.000000,0.000000,0.000000,0
LEFT,464,14.8480,15.0,0,0.000000,,0.000000,1.000000,1.000000,0.000000,0.000000,0.000000,0.000000,0.000000,0.000000,0.000000,0
LEFT,465,14.8800,15.0,0,0.000000,,0.000000,1.000000,1.000000,0.000000,0.000000,0.000000,0.000000,0.000000,0.000000,0.000000,0
LEFT,466,14.9120,15.0,0,0.000000,,0.000000,1.000000,1.000000,0.000000,0.000000,0.000000,0.000000,0.000000,0.000000,0.000000,0
LEFT,467,14.9440,15.0,0,0.000000,,0.000000,1.000000,1.000000,0.000000,0.000000,0.000000,0.000000,0.000000,0.000000,0.000000,0
LEFT,468,14.9760,15.0,0,0.000000,,0.000000,1.000000,1.000000,0.000000,0.000000,0.000000,0.000000,0.000000,0.000000,0.000000,0
LEFT,469,15.0080,15.0,0,0.000000,,0.000000,1.000000,1.000000,0.000000,0.000000,0.000000,0.000000,0.000000,0.000000,0.000000,0
LEFT,470,15.0400,15.0,0,0.000000,,0.000000,1.000000,1.000000,0.000000,0.000000,0.000000,0.000000,0.000000,0.000000,0.000000,0
LEFT,471,15.0720,15.0,0,0.000000,,0.000000,1.000000,1.000000,0.000000,0.000000,0.000000,0.000000,0.000000,0.000000,0.000000,0
LEFT,472,15.1040,15.0,0,0.000000,,0.000000,1.000000,1.000000,0.000000,0.000000,0.000000,0.000000,0.000000,0.000000,0.000000,0
LEFT,473,15.1360,15.0,0,0.000000,,0.000000,1.000000,1.000000,0.000000,0.000000,0.000000,0.000000,0.000000,0.000000,0.000000,0
LEFT,474,15.1680,15.0,0,0.000000,,0.000000,1.000000,1.000000,0.000000,0.000000,0.000000,0.000000,0.000000,0.000000,0.000000,0
LEFT,475,15.2000,15.0,0,0.000000,,0.000000,1.000000,1.000000,0.000000,0.000000,0.000000,0.000000,0.000000,0.000000,0.000000,0
LEFT,476,15.2320,15.0,0,0.000000,,0.000000,1.000000,1.000000,0.000000,0.000000,0.000000,0.000000,0.000000,0.000000,0.000000,0
LEFT,477,15.2640,15.0,0,0.000000,,0.000000,1.000000,1.000000,0.000000,0.000000,0.000000,0.000000,0.000000,0.000000,0.000000,0
LEFT,478,15.2960,15.0,0,0.000000,,0.000000,1.000000,1.000000,0.000000,0.000000,0.000000,0.000000,0.000000,0.000000,0.000000,0
LEFT,479,15.3280,15.0,0,0.000000,,0.000000,1.000000,1.000000,0.000000,0.000000,0.000000,0.000000,0.000000,0.000000,0.000000,0
LEFT,480,15.3600,15.0,0,0.000000,,0.000000,1.000000,1.000000,0.000000,0.000000,0.000000,0.000000,0.000000,0.000000,0.000000,0
LEFT,481,15.3920,15.0,0,0.000000,,0.000000,1.000000,1.000000,0.000000,0.000000,0.000000,0.000000,0.000000,0.000000,0.000000,0
LEFT,482,15.4240,15.0,0,0.000000,,0.000000,1.000000,1.000000,0.000000,0.000000,0.000000,0.000000,0.000000,0.000000,0.000000,0
LEFT,483,15.4560,15.0,0,0.000000,,0.000000,1.000000,1.000000,0.000000,0.000000,0.000000,0.000000,0.000000,0.000000,0.000000,0
LEFT,484,15.4880,15.0,0,0.000000,,0.000000,1.000000,1.000000,0.000000,0.000000,0.000000,0.000000,0.000000,0.000000,0.000000,0
LEFT,485,15.5200,15.0,0,0.000000,,0.000000,1.000000,1.000000,0.000000,0.000000,0.000000,0.000000,0.000000,0.000000,0.000000,0
LEFT,486,15.5520,15.0,0,0.000000,,0.000000,1.000000,1.000000,0.000000,0.000000,0.000000,0.000000,0.000000,0.000000,0.000000,0
LEFT,487,15.5840,15.0,0,0.000000,,0.000000,1.000000,1.000000,0.000000,0.000000,0.000000,0.000000,0.000000,0.000000,0.000000,0
LEFT,488,15.6160,15.0,0,0.000000,,0.000000,1.000000,1.000000,0.000000,0.000000,0.000000,0.000000,0.000000,0.000000,0.000000,0
LEFT,489,15.6480,15.0,0,0.000000,,0.000000,1.000000,1.000000,0.000000,0.000000,0.000000,0.000000,0.000000,0.000000,0.000000,0
LEFT,490,15.6800,15.0,0,0.000000,,0.000000,1.000000,1.000000,0.000000,0.000000,0.000000,0.000000,0.000000,0.000000,0.000000,0
LEFT,491,15.7120,15.0,0,0.000000,,0.000000,1.000000,1.000000,0.000000,0.000000,0.000000,0.000000,0.000000,0.000000,0.000000,0
LEFT,492,15.7440,15.0,0,0.000000,,0.000000,1.000000,1.000000,0.000000,0.000000,0.000000,0.000000,0.000000,0.000000,0.000000,0
LEFT,493,15.7760,15.0,0,0.000000,,0.000000,1.000000,1.000000,0.000000,0.000000,0.000000,0.000000,0.000000,0.000000,0.000000,0
LEFT,494,15.8080,15.0,0,0.000000,,0.000000,1.000000,1.000000,0.000000,0.000000,0.000000,0.000000,0.000000,0.000000,0.000000,0
LEFT,495,15.8400,15.0,0,0.000000,,0.000000,1.000000,1.000000,0.000000,0.000000,0.000000,0.000000,0.000000,0.000000,0.000000,0
LEFT,496,15.8720,15.0,0,0.000000,,0.000000,1.000000,1.000000,0.000000,0.000000,0.000000,0.000000,0.000000,0.000000,0.000000,0
LEFT,497,15.9040,15.0,0,0.000000,,0.000000,1.000000,1.000000,0.000000,0.000000,0.000000,0.000000,0.000000,0.000000,0.000000,0
LEFT,498,15.9360,15.0,0,0.000000,,0.000000,1.000000,1.000000,0.000000,0.000000,0.000000,0.000000,0.000000,0.000000,0.000000,0
LEFT,499,15.9680,15.0,0,0.000000,,0.000000,1.000000,1.000000,0.000000,0.000000,0.000000,0.000000,0.000000,0.000000,0.000000,0
LEFT,500,16.0000,15.0,0,0.000000,,0.000000,1.000000,1.000000,0.000000,0.000000,0.000000,0.000000,0.000000,0.000000,0.000000,0
LEFT,501,16.0320,15.0,0,0.000000,,0.000000,1.000000,1.000000,0.000000,0.000000,0.000000,0.000000,0.000000,0.000000,0.000000,0
LEFT,502,16.0640,15.0,0,0.000000,,0.000000,1.000000,1.000000,0.000000,0.000000,0.000000,0.000000,0.000000,0.000000,0.000000,0
LEFT,503,16.0960,15.0,0,0.000000,,0.000000,1.000000,1.000000,0.000000,0.000000,0.000000,0.000000,0.000000,0.000000,0.000000,0
LEFT,504,16.1280,15.0,0,0.000000,,0.000000,1.000000,1.000000,0.000000,0.000000,0.000000,0.000000,0.000000,0.000000,0.000000,0
LEFT,505,16.1600,15.0,0,0.000000,,0.000000,1.000000,1.000000,0.000000,0.000000,0.000000,0.000000,0.000000,0.000000,0.000000,0
LEFT,506,16.1920,15.0,0,0.000000,,0.000000,1.000000,1.000000,0.000000,0.000000,0.000000,0.000000,0.000000,0.000000,0.000000,0
LEFT,507,16.2240,15.0,0,0.000000,,0.000000,1.000000,1.000000,0.000000,0.000000,0.000000,0.000000,0.000000,0.000000,0.000000,0
LEFT,508,16.2560,15.0,0,0.000000,,0.000000,1.000000,1.000000,0.000000,0.000000,0.000000,0.000000,0.000000,0.000000,0.000000,0
LEFT,509,16.2880,15.0,0,0.000000,,0.000000,1.000000,1.000000,0.000000,0.000000,0.000000,0.000000,0.000000,0.000000,0.000000,0
LEFT,510,16.3200,15.0,0,0.000000,,0.000000,1.000000,1.000000,0.000000,0.000000,0.000000,0.000000,0.000000,0.000000,0.000000,0
LEFT,511,16.3520,15.0,0,0.000000,,0.000000,1.000000,1.000000,0.000000,0.000000,0.000000,0.000000,0.000000,0.000000,0.000000,0
LEFT,512,16.3840,15.0,0,0.000000,,0.000000,1.000000,1.000000,0.000000,0.000000,0.000000,0.000000,0.000000,0.000000,0.000000,0
LEFT,513,16.4160,15.0,0,0.000000,,0.000000,1.000000,1.000000,0.000000,0.000000,0.000000,0.000000,0.000000,0.000000,0.000000,0
LEFT,514,16.4480,15.0,0,0.000000,,0.000000,1.000000,1.000000,0.000000,0.000000,0.000000,0.000000,0.000000,0.000000,0.000000,0
LEFT,515,16.4800,15.0,0,0.000000,,0.000000,1.000000,1.000000,0.000000,0.000000,0.000000,0.000000,0.000000,0.000000,0.000000,0
LEFT,516,16.5120,15.0,0,0.000000,,0.000000,1.000000,1.000000,0.000000,0.000000,0.000000,0.000000,0.000000,0.000000,0.000000,0
LEFT,517,16.5440,15.0,0,0.000000,,0.000000,1.000000,1.000000,0.000000,0.000000,0.000000,0.000000,0.000000,0.000000,0.000000,0
LEFT,518,16.5760,15.0,0,0.000000,,0.000000,1.000000,1.000000,0.000000,0.000000,0.000000,0.000000,0.000000,0.000000,0.000000,0
LEFT,519,16.6080,15.0,0,0.000000,,0.000000,1.000000,1.000000,0.000000,0.000000,0.000000,0.000000,0.000000,0.000000,0.000000,0
LEFT,520,16.6400,15.0,0,0.000000,,0.000000,1.000000,1.000000,0.000000,0.000000,0.000000,0.000000,0.000000,0.000000,0.000000,0
LEFT,521,16.6720,15.0,0,0.000000,,0.000000,1.000000,1.000000,0.000000,0.000000,0.000000,0.000000,0.000000,0.000000,0.000000,0
LEFT,522,16.7040,15.0,0,0.000000,,0.000000,1.000000,1.000000,0.000000,0.000000,0.000000,0.000000,0.000000,0.000000,0.000000,0
LEFT,523,16.7360,15.0,0,0.000000,,0.000000,1.000000,1.000000,0.000000,0.000000,0.000000,0.000000,0.000000,0.000000,0.000000,0
LEFT,524,16.7680,15.0,0,0.000000,,0.000000,1.000000,1.000000,0.000000,0.000000,0.000000,0.000000,0.000000,0.000000,0.000000,0
LEFT,525,16.8000,15.0,0,0.000000,,0.000000,1.000000,1.000000,0.000000,0.000000,0.000000,0.000000,0.000000,0.000000,0.000000,0
LEFT,526,16.8320,15.0,0,0.000000,,0.000000,1.000000,1.000000,0.000000,0.000000,0.000000,0.000000,0.000000,0.000000,0.000000,0
LEFT,527,16.8640,15.0,0,0.000000,,0.000000,1.000000,1.000000,0.000000,0.000000,0.000000,0.000000,0.000000,0.000000,0.000000,0
LEFT,528,16.8960,15.0,0,0.000000,,0.000000,1.000000,1.000000,0.000000,0.000000,0.000000,0.000000,0.000000,0.000000,0.000000,0
LEFT,529,16.9280,15.0,0,0.000000,,0.000000,1.000000,1.000000,0.000000,0.000000,0.000000,0.000000,0.000000,0.000000,0.000000,0
LEFT,530,16.9600,15.0,0,0.000000,,0.000000,1.000000,1.000000,0.000000,0.000000,0.000000,0.000000,0.000000,0.000000,0.000000,0
LEFT,531,16.9920,15.0,0,0.000000,,0.000000,1.000000,1.000000,0.000000,0.000000,0.000000,0.000000,0.000000,0.000000,0.000000,0
LEFT,532,17.0240,15.0,0,0.000000,,0.000000,1.000000,1.000000,0.000000,0.000000,0.000000,0.000000,0.000000,0.000000,0.000000,0
LEFT,533,17.0560,15.0,0,0.000000,,0.000000,1.000000,1.000000,0.000000,0.000000,0.000000,0.000000,0.000000,0.000000,0.000000,0
LEFT,534,17.0880,15.0,0,0.000000,,0.000000,1.000000,1.000000,0.000000,0.000000,0.000000,0.000000,0.000000,0.000000,0.000000,0
LEFT,535,17.1200,15.0,0,0.000000,,0.000000,1.000000,1.000000,0.000000,0.000000,0.000000,0.000000,0.000000,0.000000,0.000000,0
LEFT,536,17.1520,15.0,0,0.000000,,0.000000,1.000000,1.000000,0.000000,0.000000,0.000000,0.000000,0.000000,0.000000,0.000000,0
LEFT,537,17.1840,15.0,0,0.000000,,0.000000,1.000000,1.000000,0.000000,0.000000,0.000000,0.000000,0.000000,0.000000,0.000000,0
LEFT,538,17.2160,15.0,0,0.000000,,0.000000,1.000000,1.000000,0.000000,0.000000,0.000000,0.000000,0.000000,0.000000,0.000000,0
LEFT,539,17.2480,15.0,0,0.000000,,0.000000,1.000000,1.000000,0.000000,0.000000,0.000000,0.000000,0.000000,0.000000,0.000000,0
LEFT,540,17.2800,15.0,0,0.000000,,0.000000,1.000000,1.000000,0.000000,0.000000,0.000000,0.000000,0.000000,0.000000,0.000000,0
LEFT,541,17.3120,15.0,0,0.000000,,0.000000,1.000000,1.000000,0.000000,0.000000,0.000000,0.000000,0.000000,0.000000,0.000000,0
LEFT,542,17.3440,15.0,0,0.000000,,0.000000,1.000000,1.000000,0.000000,0.000000,0.000000,0.000000,0.000000,0.000000,0.000000,0
LEFT,543,17.3760,15.0,0,0.000000,,0.000000,1.000000,1.000000,0.000000,0.000000,0.000000,0.000000,0.000000,0.000000,0.000000,0
LEFT,544,17.4080,15.0,0,0.000000,,0.000000,1.000000,1.000000,0.000000,0.000000,0.000000,0.000000,0.000000,0.000000,0.000000,0
LEFT,545,17.4400,15.0,0,0.000000,,0.000000,1.000000,1.000000,0.000000,0.000000,0.000000,0.000000,0.000000,0.000000,0.000000,0
LEFT,546,17.4720,15.0,0,0.000000,,0.000000,1.000000,1.000000,0.000000,0.000000,0.000000,0.000000,0.000000,0.000000,0.000000,0
LEFT,547,17.5040,15.0,0,0.000000,,0.000000,1.000000,1.000000,0.000000,0.000000,0.000000,0.000000,0.000000,0.000000,0.000000,0
LEFT,548,17.5360,15.0,0,0.000000,,0.000000,1.000000,1.000000,0.000000,0.000000,0.000000,0.000000,0.000000,0.000000,0.000000,0
LEFT,549,17.5680,15.0,0,0.000000,,0.000000,1.000000,1.000000,0.000000,0.000000,0.000000,0.000000,0.000000,0.000000,0.000000,0
LEFT,550,17.6000,15.0,0,0.000000,,0.000000,1.000000,1.000000,0.000000,0.000000,0.000000,0.000000,0.000000,0.000000,0.000000,0
LEFT,551,17.6320,15.0,0,0.000000,,0.000000,1.000000,1.000000,0.000000,0.000000,0.000000,0.000000,0.000000,0.000000,0.000000,0
LEFT,552,17.6640,15.0,0,0.000000,,0.000000,1.000000,1.000000,0.000000,0.000000,0.000000,0.000000,0.000000,0.000000,0.000000,0
LEFT,553,17.6960,15.0,0,0.000000,,0.000000,1.000000,1.000000,0.000000,0.000000,0.000000,0.000000,0.000000,0.000000,0.000000,0
LEFT,554,17.7280,15.0,0,0.000000,,0.000000,1.000000,1.000000,0.000000,0.000000,0.000000,0.000000,0.000000,0.000000,0.000000,0
LEFT,555,17.7600,15.0,0,0.000000,,0.000000,1.000000,1.000000,0.000000,0.000000,0.000000,0.000000,0.000000,0.000000,0.000000,0
LEFT,556,17.7920,15.0,0,0.000000,,0.000000,1.000000,1.000000,0.000000,0.000000,0.000000,0.000000,0.000000,0.000000,0.000000,0
LEFT,557,17.8240,15.0,0,0.000000,,0.000000,1.000000,1.000000,0.000000,0.000000,0.000000,0.000000,0.000000,0.000000,0.000000,0
LEFT,558,17.8560,15.0,0,0.000000,,0.000000,1.000000,1.000000,0.000000,0.000000,0.000000,0.000000,0.000000,0.000000,0.000000,0
LEFT,559,17.8880,15.0,0,0.000000,,0.000000,1.000000,1.000000,0.000000,0.000000,0.000000,0.000000,0.000000,0.000000,0.000000,0
LEFT,560,17.9200,15.0,0,0.000000,,0.000000,1.000000,1.000000,0.000000,0.000000,0.000000,0.000000,0.000000,0.000000,0.000000,0
LEFT,561,17.9520,15.0,0,0.000000,,0.000000,1.000000,1.000000,0.000000,0.000000,0.000000,0.000000,0.000000,0.000000,0.000000,0
LEFT,562,17.9840,15.0,0,0.000000,,0.000000,1.000000,1.000000,0.000000,0.000000,0.000000,0.000000,0.000000,0.000000,0.000000,0
CENTER,1,0.0320,0.0,0,0.000000,,0.000000,1.000000,1.000000,0.000000,0.000000,0.000000,0.000000,0.000000,0.000000,0.000000,0
CENTER,2,0.0640,0.0,0,0.000000,,0.000000,1.000000,1.000000,0.000000,0.000000,0.000000,0.000000,0.000000,0.000000,0.000000,0
CENTER,3,0.0960,0.0,0,0.000000,,0.000000,1.000000,1.000000,0.000000,0.000000,0.000000,0.000000,0.000000,0.000000,0.000000,0
CENTER,4,0.1280,0.0,0,0.000000,,0.000000,1.000000,1.000000,0.000000,0.000000,0.000000,0.000000,0.000000,0.000000,0.000000,0
CENTER,5,0.1600,0.0,0,0.000000,,0.000000,1.000000,1.000000,0.000000,0.000000,0.000000,0.000000,0.000000,0.000000,0.000000,0
CENTER,6,0.1920,0.0,0,0.000000,,0.000000,1.000000,1.000000,0.000000,0.000000,0.000000,0.000000,0.000000,0.000000,0.000000,0
CENTER,7,0.2240,0.0,0,0.000000,,0.000000,1.000000,1.000000,0.000000,0.000000,0.000000,0.000000,0.000000,0.000000,0.000000,0
CENTER,8,0.2560,0.0,0,0.000000,,0.000000,1.000000,1.000000,0.000000,0.000000,0.000000,0.000000,0.000000,0.000000,0.000000,0
CENTER,9,0.2880,0.0,0,0.000000,,0.000000,1.000000,1.000000,0.000000,0.000000,0.000000,0.000000,0.000000,0.000000,0.000000,0
CENTER,10,0.3200,0.0,0,0.000000,,0.000000,1.000000,1.000000,0.000000,0.000000,0.000000,0.000000,0.000000,0.000000,0.000000,0
CENTER,11,0.3520,0.0,0,0.000000,,0.000000,1.000000,1.000000,0.000000,0.000000,0.000000,0.000000,0.000000,0.000000,0.000000,0
CENTER,12,0.3840,0.0,0,0.000000,,0.000000,1.000000,1.000000,0.000000,0.000000,0.000000,0.000000,0.000000,0.000000,0.000000,0
CENTER,13,0.4160,0.0,0,0.000000,,0.000000,1.000000,1.000000,0.000000,0.000000,0.000000,0.000000,0.000000,0.000000,0.000000,0
CENTER,14,0.4480,0.0,0,0.000000,,0.000000,1.000000,1.000000,0.000000,0.000000,0.000000,0.000000,0.000000,0.000000,0.000000,0
CENTER,15,0.4800,0.0,0,0.000000,,0.000000,1.000000,1.000000,0.000000,0.000000,0.000000,0.000000,0.000000,0.000000,0.000000,0
CENTER,16,0.5120,0.0,0,0.000000,,0.000000,1.000000,1.000000,0.000000,0.000000,0.000000,0.000000,0.000000,0.000000,0.000000,0
CENTER,17,0.5440,0.0,0,0.000000,,0.000000,1.000000,1.000000,0.000000,0.000000,0.000000,0.000000,0.000000,0.000000,0.000000,0
CENTER,18,0.5760,0.0,0,0.000000,,0.000000,1.000000,1.000000,0.000000,0.000000,0.000000,0.000000,0.000000,0.000000,0.000000,0
CENTER,19,0.6080,0.0,0,0.000000,,0.000000,1.000000,1.000000,0.000000,0.000000,0.000000,0.000000,0.000000,0.000000,0.000000,0
CENTER,20,0.6400,0.0,0,0.000000,,0.000000,1.000000,1.000000,0.000000,0.000000,0.000000,0.000000,0.000000,0.000000,0.000000,0
CENTER,21,0.6720,0.0,0,0.000000,,0.000000,1.000000,1.000000,0.000000,0.000000,0.000000,0.000000,0.000000,0.000000,0.000000,0
CENTER,22,0.7040,0.0,0,0.000000,,0.000000,1.000000,1.000000,0.000000,0.000000,0.000000,0.000000,0.000000,0.000000,0.000000,0
CENTER,23,0.7360,0.0,0,0.000000,,0.000000,1.000000,1.000000,0.000000,0.000000,0.000000,0.000000,0.000000,0.000000,0.000000,0
CENTER,24,0.7680,0.0,0,0.000000,,0.000000,1.000000,1.000000,0.000000,0.000000,0.000000,0.000000,0.000000,0.000000,0.000000,0
CENTER,25,0.8000,0.0,0,0.000000,,0.000000,1.000000,1.000000,0.000000,0.000000,0.000000,0.000000,0.000000,0.000000,0.000000,0
CENTER,26,0.8320,0.0,0,0.000000,,0.000000,1.000000,1.000000,0.000000,0.000000,0.000000,0.000000,0.000000,0.000000,0.000000,0
CENTER,27,0.8640,0.0,0,0.000000,,0.000000,1.000000,1.000000,0.000000,0.000000,0.000000,0.000000,0.000000,0.000000,0.000000,0
CENTER,28,0.8960,0.0,0,0.000000,,0.000000,1.000000,1.000000,0.000000,0.000000,0.000000,0.000000,0.000000,0.000000,0.000000,0
CENTER,29,0.9280,0.0,0,0.000000,,0.000000,1.000000,1.000000,0.000000,0.000000,0.000000,0.000000,0.000000,0.000000,0.000000,0
CENTER,30,0.9600,0.0,0,0.000000,,0.000000,1.000000,1.000000,0.000000,0.000000,0.000000,0.000000,0.000000,0.000000,0.000000,0
CENTER,31,0.9920,0.0,0,0.000000,,0.000000,1.000000,1.000000,0.000000,0.000000,0.000000,0.000000,0.000000,0.000000,0.000000,0
CENTER,32,1.0240,0.0,0,0.000000,,0.000000,1.000000,1.000000,0.000000,0.000000,0.000000,0.000000,0.000000,0.000000,0.000000,0
CENTER,33,1.0560,0.0,0,0.000000,,0.000000,1.000000,1.000000,0.000000,0.000000,0.000000,0.000000,0.000000,0.000000,0.000000,0
CENTER,34,1.0880,0.0,0,0.000000,,0.000000,1.000000,1.000000,0.000000,0.000000,0.000000,0.000000,0.000000,0.000000,0.000000,0
CENTER,35,1.1200,0.0,0,0.000000,,0.000000,1.000000,1.000000,0.000000,0.000000,0.000000,0.000000,0.000000,0.000000,0.000000,0
CENTER,36,1.1520,0.0,0,0.000000,,0.000000,1.000000,1.000000,0.000000,0.000000,0.000000,0.000000,0.000000,0.000000,0.000000,0
CENTER,37,1.1840,0.0,0,0.000000,,0.000000,1.000000,1.000000,0.000000,0.000000,0.000000,0.000000,0.000000,0.000000,0.000000,0
CENTER,38,1.2160,0.0,0,0.000000,,0.000000,1.000000,1.000000,0.000000,0.000000,0.000000,0.000000,0.000000,0.000000,0.000000,0
CENTER,39,1.2480,0.0,0,0.000000,,0.000000,1.000000,1.000000,0.000000,0.000000,0.000000,0.000000,0.000000,0.000000,0.000000,0
CENTER,40,1.2800,0.0,0,0.000000,,0.000000,1.000000,1.000000,0.000000,0.000000,0.000000,0.000000,0.000000,0.000000,0.000000,0
CENTER,41,1.3120,0.0,0,0.000000,,0.000000,1.000000,1.000000,0.000000,0.000000,0.000000,0.000000,0.000000,0.000000,0.000000,0
CENTER,42,1.3440,0.0,0,0.000000,,0.000000,1.000000,1.000000,0.000000,0.000000,0.000000,0.000000,0.000000,0.000000,0.000000,0
CENTER,43,1.3760,0.0,0,0.000000,,0.000000,1.000000,1.000000,0.000000,0.000000,0.000000,0.000000,0.000000,0.000000,0.000000,0
CENTER,44,1.4080,0.0,0,0.000000,,0.000000,1.000000,1.000000,0.000000,0.000000,0.000000,0.000000,0.000000,0.000000,0.000000,0
CENTER,45,1.4400,0.0,0,0.000000,,0.000000,1.000000,1.000000,0.000000,0.000000,0.000000,0.000000,0.000000,0.000000,0.000000,0
CENTER,46,1.4720,0.0,0,0.000000,,0.000000,1.000000,1.000000,0.000000,0.000000,0.000000,0.000000,0.000000,0.000000,0.000000,0
CENTER,47,1.5040,0.0,0,0.000000,,0.000000,1.000000,1.000000,0.000000,0.000000,0.000000,0.000000,0.000000,0.000000,0.000000,0
CENTER,48,1.5360,0.0,0,0.000000,,0.000000,1.000000,1.000000,0.000000,0.000000,0.000000,0.000000,0.000000,0.000000,0.000000,0
CENTER,49,1.5680,0.0,0,0.000000,,0.000000,1.000000,1.000000,0.000000,0.000000,0.000000,0.000000,0.000000,0.000000,0.000000,0
CENTER,50,1.6000,0.0,0,0.000000,,0.000000,1.000000,1.000000,0.000000,0.000000,0.000000,0.000000,0.000000,0.000000,0.000000,0
CENTER,51,1.6320,0.0,0,0.000000,,0.000000,1.000000,1.000000,0.000000,0.000000,0.000000,0.000000,0.000000,0.000000,0.000000,0
CENTER,52,1.6640,0.0,0,0.000000,,0.000000,1.000000,1.000000,0.000000,0.000000,0.000000,0.000000,0.000000,0.000000,0.000000,0
CENTER,53,1.6960,0.0,0,0.000000,,0.000000,1.000000,1.000000,0.000000,0.000000,0.000000,0.000000,0.000000,0.000000,0.000000,0
CENTER,54,1.7280,0.0,0,0.000000,,0.000000,1.000000,1.000000,0.000000,0.000000,0.000000,0.000000,0.000000,0.000000,0.000000,0
CENTER,55,1.7600,0.0,0,0.000000,,0.000000,1.000000,1.000000,0.000000,0.000000,0.000000,0.000000,0.000000,0.000000,0.000000,0
CENTER,56,1.7920,0.0,0,0.000000,,0.000000,1.000000,1.000000,0.000000,0.000000,0.000000,0.000000,0.000000,0.000000,0.000000,0
CENTER,57,1.8240,0.0,0,0.000000,,0.000000,1.000000,1.000000,0.000000,0.000000,0.000000,0.000000,0.000000,0.000000,0.000000,0
CENTER,58,1.8560,0.0,0,0.000000,,0.000000,1.000000,1.000000,0.000000,0.000000,0.000000,0.000000,0.000000,0.000000,0.000000,0
CENTER,59,1.8880,0.0,0,0.000000,,0.000000,1.000000,1.000000,0.000000,0.000000,0.000000,0.000000,0.000000,0.000000,0.000000,0
CENTER,60,1.9200,0.0,0,0.000000,,0.000000,1.000000,1.000000,0.000000,0.000000,0.000000,0.000000,0.000000,0.000000,0.000000,0
CENTER,61,1.9520,0.0,0,0.000000,,0.000000,1.000000,1.000000,0.000000,0.000000,0.000000,0.000000,0.000000,0.000000,0.000000,0
CENTER,62,1.9840,0.0,0,0.000000,,0.000000,1.000000,1.000000,0.000000,0.000000,0.000000,0.000000,0.000000,0.000000,0.000000,0
CENTER,63,2.0160,0.0,0,0.000000,,0.000000,1.000000,1.000000,0.000000,0.000000,0.000000,0.000000,0.000000,0.000000,0.000000,0
CENTER,64,2.0480,0.0,0,0.000000,,0.000000,1.000000,1.000000,0.000000,0.000000,0.000000,0.000000,0.000000,0.000000,0.000000,0
CENTER,65,2.0800,0.0,0,0.000000,,0.000000,1.000000,1.000000,0.000000,0.000000,0.000000,0.000000,0.000000,0.000000,0.000000,0
CENTER,66,2.1120,0.0,0,0.000000,,0.000000,1.000000,1.000000,0.000000,0.000000,0.000000,0.000000,0.000000,0.000000,0.000000,0
CENTER,67,2.1440,0.0,0,0.000000,,0.000000,1.000000,1.000000,0.000000,0.000000,0.000000,0.000000,0.000000,0.000000,0.000000,0
CENTER,68,2.1760,0.0,0,0.000000,,0.000000,1.000000,1.000000,0.000000,0.000000,0.000000,0.000000,0.000000,0.000000,0.000000,0
CENTER,69,2.2080,0.0,0,0.000000,,0.000000,1.000000,1.000000,0.000000,0.000000,0.000000,0.000000,0.000000,0.000000,0.000000,0
CENTER,70,2.2400,0.0,0,0.000000,,0.000000,1.000000,1.000000,0.000000,0.000000,0.000000,0.000000,0.000000,0.000000,0.000000,0
CENTER,71,2.2720,0.0,0,0.000000,,0.000000,1.000000,1.000000,0.000000,0.000000,0.000000,0.000000,0.000000,0.000000,0.000000,0
CENTER,72,2.3040,0.0,0,0.000000,,0.000000,1.000000,1.000000,0.000000,0.000000,0.000000,0.000000,0.000000,0.000000,0.000000,0
CENTER,73,2.3360,0.0,0,0.000000,,0.000000,1.000000,1.000000,0.000000,0.000000,0.000000,0.000000,0.000000,0.000000,0.000000,0
CENTER,74,2.3680,0.0,0,0.000000,,0.000000,1.000000,1.000000,0.000000,0.000000,0.000000,0.000000,0.000000,0.000000,0.000000,0
CENTER,75,2.4000,0.0,0,0.000000,,0.000000,1.000000,1.000000,0.000000,0.000000,0.000000,0.000000,0.000000,0.000000,0.000000,0
CENTER,76,2.4320,0.0,0,0.000000,,0.000000,1.000000,1.000000,0.000000,0.000000,0.000000,0.000000,0.000000,0.000000,0.000000,0
CENTER,77,2.4640,0.0,0,0.000000,,0.000000,1.000000,1.000000,0.000000,0.000000,0.000000,0.000000,0.000000,0.000000,0.000000,0
CENTER,78,2.4960,0.0,0,0.000000,,0.000000,1.000000,1.000000,0.000000,0.000000,0.000000,0.000000,0.000000,0.000000,0.000000,0
CENTER,79,2.5280,0.0,0,0.000000,,0.000000,1.000000,1.000000,0.000000,0.000000,0.000000,0.000000,0.000000,0.000000,0.000000,0
CENTER,80,2.5600,0.0,0,0.000000,,0.000000,1.000000,1.000000,0.000000,0.000000,0.000000,0.000000,0.000000,0.000000,0.000000,0
CENTER,81,2.5920,0.0,0,0.000000,,0.000000,1.000000,1.000000,0.000000,0.000000,0.000000,0.000000,0.000000,0.000000,0.000000,0
CENTER,82,2.6240,0.0,0,0.000000,,0.000000,1.000000,1.000000,0.000000,0.000000,0.000000,0.000000,0.000000,0.000000,0.000000,0
CENTER,83,2.6560,0.0,0,0.000000,,0.000000,1.000000,1.000000,0.000000,0.000000,0.000000,0.000000,0.000000,0.000000,0.000000,0
CENTER,84,2.6880,0.0,0,0.000000,,0.000000,1.000000,1.000000,0.000000,0.000000,0.000000,0.000000,0.000000,0.000000,0.000000,0
CENTER,85,2.7200,0.0,0,0.000000,,0.000000,1.000000,1.000000,0.000000,0.000000,0.000000,0.000000,0.000000,0.000000,0.000000,0
CENTER,86,2.7520,0.0,0,0.000000,,0.000000,1.000000,1.000000,0.000000,0.000000,0.000000,0.000000,0.000000,0.000000,0.000000,0
CENTER,87,2.7840,0.0,0,0.000000,,0.000000,1.000000,1.000000,0.000000,0.000000,0.000000,0.000000,0.000000,0.000000,0.000000,0
CENTER,88,2.8160,0.0,0,0.000000,,0.000000,1.000000,1.000000,0.000000,0.000000,0.000000,0.000000,0.000000,0.000000,0.000000,0
CENTER,89,2.8480,0.0,0,0.000000,,0.000000,1.000000,1.000000,0.000000,0.000000,0.000000,0.000000,0.000000,0.000000,0.000000,0
CENTER,90,2.8800,0.0,0,0.000000,,0.000000,1.000000,1.000000,0.000000,0.000000,0.000000,0.000000,0.000000,0.000000,0.000000,0
CENTER,91,2.9120,0.0,0,0.000000,,0.000000,1.000000,1.000000,0.000000,0.000000,0.000000,0.000000,0.000000,0.000000,0.000000,0
CENTER,92,2.9440,0.0,0,0.000000,,0.000000,1.000000,1.000000,0.000000,0.000000,0.000000,0.000000,0.000000,0.000000,0.000000,0
CENTER,93,2.9760,0.0,0,0.000000,,0.000000,1.000000,1.000000,0.000000,0.000000,0.000000,0.000000,0.000000,0.000000,0.000000,0
CENTER,94,3.0080,0.0,0,0.000000,,0.000000,1.000000,1.000000,0.000000,0.000000,0.000000,0.000000,0.000000,0.000000,0.000000,0
CENTER,95,3.0400,0.0,0,0.000000,,0.000000,1.000000,1.000000,0.000000,0.000000,0.000000,0.000000,0.000000,0.000000,0.000000,0
CENTER,96,3.0720,0.0,0,0.000000,,0.000000,1.000000,1.000000,0.000000,0.000000,0.000000,0.000000,0.000000,0.000000,0.000000,0
CENTER,97,3.1040,0.0,0,0.000000,,0.000000,1.000000,1.000000,0.000000,0.000000,0.000000,0.000000,0.000000,0.000000,0.000000,0
CENTER,98,3.1360,0.0,0,0.000000,,0.000000,1.000000,1.000000,0.000000,0.000000,0.000000,0.000000,0.000000,0.000000,0.000000,0
CENTER,99,3.1680,0.0,0,0.000000,,0.000000,1.000000,1.000000,0.000000,0.000000,0.000000,0.000000,0.000000,0.000000,0.000000,0
CENTER,100,3.2000,0.0,0,0.000000,,0.000000,1.000000,1.000000,0.000000,0.000000,0.000000,0.000000,0.000000,0.000000,0.000000,0
CENTER,101,3.2320,0.0,0,0.000000,,0.000000,1.000000,1.000000,0.000000,0.000000,0.000000,0.000000,0.000000,0.000000,0.000000,0
CENTER,102,3.2640,0.0,0,0.000000,,0.000000,1.000000,1.000000,0.000000,0.000000,0.000000,0.000000,0.000000,0.000000,0.000000,0
CENTER,103,3.2960,0.0,0,0.000000,,0.000000,1.000000,1.000000,0.000000,0.000000,0.000000,0.000000,0.000000,0.000000,0.000000,0
CENTER,104,3.3280,0.0,0,0.000000,,0.000000,1.000000,1.000000,0.000000,0.000000,0.000000,0.000000,0.000000,0.000000,0.000000,0
CENTER,105,3.3600,0.0,0,0.000000,,0.000000,1.000000,1.000000,0.000000,0.000000,0.000000,0.000000,0.000000,0.000000,0.000000,0
CENTER,106,3.3920,0.0,0,0.000000,,0.000000,1.000000,1.000000,0.000000,0.000000,0.000000,0.000000,0.000000,0.000000,0.000000,0
CENTER,107,3.4240,0.0,0,0.000000,,0.000000,1.000000,1.000000,0.000000,0.000000,0.000000,0.000000,0.000000,0.000000,0.000000,0
CENTER,108,3.4560,0.0,0,0.000000,,0.000000,1.000000,1.000000,0.000000,0.000000,0.000000,0.000000,0.000000,0.000000,0.000000,0
CENTER,109,3.4880,0.0,0,0.000000,,0.000000,1.000000,1.000000,0.000000,0.000000,0.000000,0.000000,0.000000,0.000000,0.000000,0
CENTER,110,3.5200,0.0,0,0.000000,,0.000000,1.000000,1.000000,0.000000,0.000000,0.000000,0.000000,0.000000,0.000000,0.000000,0
CENTER,111,3.5520,0.0,0,0.000000,,0.000000,1.000000,1.000000,0.000000,0.000000,0.000000,0.000000,0.000000,0.000000,0.000000,0
CENTER,112,3.5840,0.0,0,0.000000,,0.000000,1.000000,1.000000,0.000000,0.000000,0.000000,0.000000,0.000000,0.000000,0.000000,0
CENTER,113,3.6160,0.0,0,0.000000,,0.000000,1.000000,1.000000,0.000000,0.000000,0.000000,0.000000,0.000000,0.000000,0.000000,0
CENTER,114,3.6480,0.0,0,0.000000,,0.000000,1.000000,1.000000,0.000000,0.000000,0.000000,0.000000,0.000000,0.000000,0.000000,0
CENTER,115,3.6800,0.0,0,0.000000,,0.000000,1.000000,1.000000,0.000000,0.000000,0.000000,0.000000,0.000000,0.000000,0.000000,0
CENTER,116,3.7120,0.0,0,0.000000,,0.000000,1.000000,1.000000,0.000000,0.000000,0.000000,0.000000,0.000000,0.000000,0.000000,0
CENTER,117,3.7440,0.0,0,0.000000,,0.000000,1.000000,1.000000,0.000000,0.000000,0.000000,0.000000,0.000000,0.000000,0.000000,0
CENTER,118,3.7760,0.0,0,0.000000,,0.000000,1.000000,1.000000,0.000000,0.000000,0.000000,0.000000,0.000000,0.000000,0.000000,0
CENTER,119,3.8080,0.0,0,0.000000,,0.000000,1.000000,1.000000,0.000000,0.000000,0.000000,0.000000,0.000000,0.000000,0.000000,0
CENTER,120,3.8400,0.0,0,0.000000,,0.000000,1.000000,1.000000,0.000000,0.000000,0.000000,0.000000,0.000000,0.000000,0.000000,0
CENTER,121,3.8720,0.0,0,0.000000,,0.000000,1.000000,1.000000,0.000000,0.000000,0.000000,0.000000,0.000000,0.000000,0.000000,0
CENTER,122,3.9040,0.0,0,0.000000,,0.000000,1.000000,1.000000,0.000000,0.000000,0.000000,0.000000,0.000000,0.000000,0.000000,0
CENTER,123,3.9360,0.0,0,0.000000,,0.000000,1.000000,1.000000,0.000000,0.000000,0.000000,0.000000,0.000000,0.000000,0.000000,0
CENTER,124,3.9680,0.0,0,0.000000,,0.000000,1.000000,1.000000,0.000000,0.000000,0.000000,0.000000,0.000000,0.000000,0.000000,0
CENTER,125,4.0000,0.0,0,0.000000,,0.000000,1.000000,1.000000,0.000000,0.000000,0.000000,0.000000,0.000000,0.000000,0.000000,0
CENTER,126,4.0320,0.0,0,0.000000,,0.000000,1.000000,1.000000,0.000000,0.000000,0.000000,0.000000,0.000000,0.000000,0.000000,0
CENTER,127,4.0640,0.0,0,0.000000,,0.000000,1.000000,1.000000,0.000000,0.000000,0.000000,0.000000,0.000000,0.000000,0.000000,0
CENTER,128,4.0960,0.0,0,0.000000,,0.000000,1.000000,1.000000,0.000000,0.000000,0.000000,0.000000,0.000000,0.000000,0.000000,0
CENTER,129,4.1280,0.0,0,0.000000,,0.000000,1.000000,1.000000,0.000000,0.000000,0.000000,0.000000,0.000000,0.000000,0.000000,0
CENTER,130,4.1600,0.0,0,0.000000,,0.000000,1.000000,1.000000,0.000000,0.000000,0.000000,0.000000,0.000000,0.000000,0.000000,0
CENTER,131,4.1920,0.0,0,0.000000,,0.000000,1.000000,1.000000,0.000000,0.000000,0.000000,0.000000,0.000000,0.000000,0.000000,0
CENTER,132,4.2240,0.0,0,0.000000,,0.000000,1.000000,1.000000,0.000000,0.000000,0.000000,0.000000,0.000000,0.000000,0.000000,0
CENTER,133,4.2560,0.0,0,0.000000,,0.000000,1.000000,1.000000,0.000000,0.000000,0.000000,0.000000,0.000000,0.000000,0.000000,0
CENTER,134,4.2880,0.0,0,0.000000,,0.000000,1.000000,1.000000,0.000000,0.000000,0.000000,0.000000,0.000000,0.000000,0.000000,0
CENTER,135,4.3200,0.0,0,0.000000,,0.000000,1.000000,1.000000,0.000000,0.000000,0.000000,0.000000,0.000000,0.000000,0.000000,0
CENTER,136,4.3520,0.0,0,0.000000,,0.000000,1.000000,1.000000,0.000000,0.000000,0.000000,0.000000,0.000000,0.000000,0.000000,0
CENTER,137,4.3840,0.0,0,0.000000,,0.000000,1.000000,1.000000,0.000000,0.000000,0.000000,0.000000,0.000000,0.000000,0.000000,0
CENTER,138,4.4160,0.0,0,0.000000,,0.000000,1.000000,1.000000,0.000000,0.000000,0.000000,0.000000,0.000000,0.000000,0.000000,0
CENTER,139,4.4480,0.0,0,0.000000,,0.000000,1.000000,1.000000,0.000000,0.000000,0.000000,0.000000,0.000000,0.000000,0.000000,0
CENTER,140,4.4800,0.0,0,0.000000,,0.000000,1.000000,1.000000,0.000000,0.000000,0.000000,0.000000,0.000000,0.000000,0.000000,0
CENTER,141,4.5120,0.0,0,0.000000,,0.000000,1.000000,1.000000,0.000000,0.000000,0.000000,0.000000,0.000000,0.000000,0.000000,0
CENTER,142,4.5440,0.0,0,0.000000,,0.000000,1.000000,1.000000,0.000000,0.000000,0.000000,0.000000,0.000000,0.000000,0.000000,0
CENTER,143,4.5760,0.0,0,0.000000,,0.000000,1.000000,1.000000,0.000000,0.000000,0.000000,0.000000,0.000000,0.000000,0.000000,0
CENTER,144,4.6080,0.0,0,0.000000,,0.000000,1.000000,1.000000,0.000000,0.000000,0.000000,0.000000,0.000000,0.000000,0.000000,0
CENTER,145,4.6400,0.0,0,0.000000,,0.000000,1.000000,1.000000,0.000000,0.000000,0.000000,0.000000,0.000000,0.000000,0.000000,0
CENTER,146,4.6720,0.0,0,0.000000,,0.000000,1.000000,1.000000,0.000000,0.000000,0.000000,0.000000,0.000000,0.000000,0.000000,0
CENTER,147,4.7040,0.0,0,0.000000,,0.000000,1.000000,1.000000,0.000000,0.000000,0.000000,0.000000,0.000000,0.000000,0.000000,0
CENTER,148,4.7360,0.0,0,0.000000,,0.000000,1.000000,1.000000,0.000000,0.000000,0.000000,0.000000,0.000000,0.000000,0.000000,0
CENTER,149,4.7680,0.0,0,0.000000,,0.000000,1.000000,1.000000,0.000000,0.000000,0.000000,0.000000,0.000000,0.000000,0.000000,0
CENTER,150,4.8000,0.0,0,0.000000,,0.000000,1.000000,1.000000,0.000000,0.000000,0.000000,0.000000,0.000000,0.000000,0.000000,0
CENTER,151,4.8320,0.0,0,0.000000,,0.000000,1.000000,1.000000,0.000000,0.000000,0.000000,0.000000,0.000000,0.000000,0.000000,0
CENTER,152,4.8640,0.0,0,0.000000,,0.000000,1.000000,1.000000,0.000000,0.000000,0.000000,0.000000,0.000000,0.000000,0.000000,0
CENTER,153,4.8960,0.0,0,0.000000,,0.000000,1.000000,1.000000,0.000000,0.000000,0.000000,0.000000,0.000000,0.000000,0.000000,0
CENTER,154,4.9280,0.0,0,0.000000,,0.000000,1.000000,1.000000,0.000000,0.000000,0.000000,0.000000,0.000000,0.000000,0.000000,0
CENTER,155,4.9600,0.0,0,0.000000,,0.000000,1.000000,1.000000,0.000000,0.000000,0.000000,0.000000,0.000000,0.000000,0.000000,0
CENTER,156,4.9920,0.0,0,0.000000,,0.000000,1.000000,1.000000,0.000000,0.000000,0.000000,0.000000,0.000000,0.000000,0.000000,0
CENTER,157,5.0240,0.0,0,0.000000,,0.000000,1.000000,1.000000,0.000000,0.000000,0.000000,0.000000,0.000000,0.000000,0.000000,0
CENTER,158,5.0560,0.0,0,0.000000,,0.000000,1.000000,1.000000,0.000000,0.000000,0.000000,0.000000,0.000000,0.000000,0.000000,0
CENTER,159,5.0880,0.0,0,0.000000,,0.000000,1.000000,1.000000,0.000000,0.000000,0.000000,0.000000,0.000000,0.000000,0.000000,0
CENTER,160,5.1200,0.0,0,0.000000,,0.000000,1.000000,1.000000,0.000000,0.000000,0.000000,0.000000,0.000000,0.000000,0.000000,0
CENTER,161,5.1520,0.0,0,0.000000,,0.000000,1.000000,1.000000,0.000000,0.000000,0.000000,0.000000,0.000000,0.000000,0.000000,0
CENTER,162,5.1840,0.0,0,0.000000,,0.000000,1.000000,1.000000,0.000000,0.000000,0.000000,0.000000,0.000000,0.000000,0.000000,0
CENTER,163,5.2160,0.0,0,0.000000,,0.000000,1.000000,1.000000,0.000000,0.000000,0.000000,0.000000,0.000000,0.000000,0.000000,0
CENTER,164,5.2480,0.0,0,0.000000,,0.000000,1.000000,1.000000,0.000000,0.000000,0.000000,0.000000,0.000000,0.000000,0.000000,0
CENTER,165,5.2800,0.0,0,0.000000,,0.000000,1.000000,1.000000,0.000000,0.000000,0.000000,0.000000,0.000000,0.000000,0.000000,0
CENTER,166,5.3120,0.0,0,0.000000,,0.000000,1.000000,1.000000,0.000000,0.000000,0.000000,0.000000,0.000000,0.000000,0.000000,0
CENTER,167,5.3440,0.0,0,0.000000,,0.000000,1.000000,1.000000,0.000000,0.000000,0.000000,0.000000,0.000000,0.000000,0.000000,0
CENTER,168,5.3760,0.0,0,0.000000,,0.000000,1.000000,1.000000,0.000000,0.000000,0.000000,0.000000,0.000000,0.000000,0.000000,0
CENTER,169,5.4080,0.0,0,0.000000,,0.000000,1.000000,1.000000,0.000000,0.000000,0.000000,0.000000,0.000000,0.000000,0.000000,0
CENTER,170,5.4400,0.0,0,0.000000,,0.000000,1.000000,1.000000,0.000000,0.000000,0.000000,0.000000,0.000000,0.000000,0.000000,0
CENTER,171,5.4720,0.0,0,0.000000,,0.000000,1.000000,1.000000,0.000000,0.000000,0.000000,0.000000,0.000000,0.000000,0.000000,0
CENTER,172,5.5040,0.0,0,0.000000,,0.000000,1.000000,1.000000,0.000000,0.000000,0.000000,0.000000,0.000000,0.000000,0.000000,0
CENTER,173,5.5360,0.0,0,0.000000,,0.000000,1.000000,1.000000,0.000000,0.000000,0.000000,0.000000,0.000000,0.000000,0.000000,0
CENTER,174,5.5680,0.0,0,0.000000,,0.000000,1.000000,1.000000,0.000000,0.000000,0.000000,0.000000,0.000000,0.000000,0.000000,0
CENTER,175,5.6000,0.0,0,0.000000,,0.000000,1.000000,1.000000,0.000000,0.000000,0.000000,0.000000,0.000000,0.000000,0.000000,0
CENTER,176,5.6320,0.0,0,0.000000,,0.000000,1.000000,1.000000,0.000000,0.000000,0.000000,0.000000,0.000000,0.000000,0.000000,0
CENTER,177,5.6640,0.0,0,0.000000,,0.000000,1.000000,1.000000,0.000000,0.000000,0.000000,0.000000,0.000000,0.000000,0.000000,0
CENTER,178,5.6960,0.0,0,0.000000,,0.000000,1.000000,1.000000,0.000000,0.000000,0.000000,0.000000,0.000000,0.000000,0.000000,0
CENTER,179,5.7280,0.0,0,0.000000,,0.000000,1.000000,1.000000,0.000000,0.000000,0.000000,0.000000,0.000000,0.000000,0.000000,0
CENTER,180,5.7600,0.0,0,0.000000,,0.000000,1.000000,1.000000,0.000000,0.000000,0.000000,0.000000,0.000000,0.000000,0.000000,0
CENTER,181,5.7920,0.0,0,0.000000,,0.000000,1.000000,1.000000,0.000000,0.000000,0.000000,0.000000,0.000000,0.000000,0.000000,0
CENTER,182,5.8240,0.0,0,0.000000,,0.000000,1.000000,1.000000,0.000000,0.000000,0.000000,0.000000,0.000000,0.000000,0.000000,0
CENTER,183,5.8560,0.0,0,0.000000,,0.000000,1.000000,1.000000,0.000000,0.000000,0.000000,0.000000,0.000000,0.000000,0.000000,0
CENTER,184,5.8880,0.0,0,0.000000,,0.000000,1.000000,1.000000,0.000000,0.000000,0.000000,0.000000,0.000000,0.000000,0.000000,0
CENTER,185,5.9200,0.0,0,0.000000,,0.000000,1.000000,1.000000,0.000000,0.000000,0.000000,0.000000,0.000000,0.000000,0.000000,0
CENTER,186,5.9520,0.0,0,0.000000,,0.000000,1.000000,1.000000,0.000000,0.000000,0.000000,0.000000,0.000000,0.000000,0.000000,0
CENTER,187,5.9840,0.0,0,0.000000,,0.000000,1.000000,1.000000,0.000000,0.000000,0.000000,0.000000,0.000000,0.000000,0.000000,0
CENTER,188,6.0160,0.0,0,0.000000,,0.000000,1.000000,1.000000,0.000000,0.000000,0.000000,0.000000,0.000000,0.000000,0.000000,0
CENTER,189,6.0480,0.0,0,0.000000,,0.000000,1.000000,1.000000,0.000000,0.000000,0.000000,0.000000,0.000000,0.000000,0.000000,0
CENTER,190,6.0800,0.0,0,0.000000,,0.000000,1.000000,1.000000,0.000000,0.000000,0.000000,0.000000,0.000000,0.000000,0.000000,0
CENTER,191,6.1120,0.0,0,0.000000,,0.000000,1.000000,1.000000,0.000000,0.000000,0.000000,0.000000,0.000000,0.000000,0.000000,0
CENTER,192,6.1440,0.0,0,0.000000,,0.000000,1.000000,1.000000,0.000000,0.000000,0.000000,0.000000,0.000000,0.000000,0.000000,0
CENTER,193,6.1760,0.0,0,0.000000,,0.000000,1.000000,1.000000,0.000000,0.000000,0.000000,0.000000,0.000000,0.000000,0.000000,0
CENTER,194,6.2080,0.0,0,0.000000,,0.000000,1.000000,1.000000,0.000000,0.000000,0.000000,0.000000,0.000000,0.000000,0.000000,0
CENTER,195,6.2400,0.0,0,0.000000,,0.000000,1.000000,1.000000,0.000000,0.000000,0.000000,0.000000,0.000000,0.000000,0.000000,0
CENTER,196,6.2720,0.0,0,0.000000,,0.000000,1.000000,1.000000,0.000000,0.000000,0.000000,0.000000,0.000000,0.000000,0.000000,0
CENTER,197,6.3040,0.0,0,0.000000,,0.000000,1.000000,1.000000,0.000000,0.000000,0.000000,0.000000,0.000000,0.000000,0.000000,0
CENTER,198,6.3360,0.0,0,0.000000,,0.000000,1.000000,1.000000,0.000000,0.000000,0.000000,0.000000,0.000000,0.000000,0.000000,0
CENTER,199,6.3680,0.0,0,0.000000,,0.000000,1.000000,1.000000,0.000000,0.000000,0.000000,0.000000,0.000000,0.000000,0.000000,0
CENTER,200,6.4000,0.0,0,0.000000,,0.000000,1.000000,1.000000,0.000000,0.000000,0.000000,0.000000,0.000000,0.000000,0.000000,0
CENTER,201,6.4320,0.0,0,0.000000,,0.000000,1.000000,1.000000,0.000000,0.000000,0.000000,0.000000,0.000000,0.000000,0.000000,0
CENTER,202,6.4640,0.0,0,0.000000,,0.000000,1.000000,1.000000,0.000000,0.000000,0.000000,0.000000,0.000000,0.000000,0.000000,0
CENTER,203,6.4960,0.0,0,0.000000,,0.000000,1.000000,1.000000,0.000000,0.000000,0.000000,0.000000,0.000000,0.000000,0.000000,0
CENTER,204,6.5280,0.0,0,0.000000,,0.000000,1.000000,1.000000,0.000000,0.000000,0.000000,0.000000,0.000000,0.000000,0.000000,0
CENTER,205,6.5600,0.0,0,0.000000,,0.000000,1.000000,1.000000,0.000000,0.000000,0.000000,0.000000,0.000000,0.000000,0.000000,0
CENTER,206,6.5920,0.0,0,0.000000,,0.000000,1.000000,1.000000,0.000000,0.000000,0.000000,0.000000,0.000000,0.000000,0.000000,0
CENTER,207,6.6240,0.0,0,0.000000,,0.000000,1.000000,1.000000,0.000000,0.000000,0.000000,0.000000,0.000000,0.000000,0.000000,0
CENTER,208,6.6560,0.0,0,0.000000,,0.000000,1.000000,1.000000,0.000000,0.000000,0.000000,0.000000,0.000000,0.000000,0.000000,0
CENTER,209,6.6880,0.0,0,0.000000,,0.000000,1.000000,1.000000,0.000000,0.000000,0.000000,0.000000,0.000000,0.000000,0.000000,0
CENTER,210,6.7200,0.0,0,0.000000,,0.000000,1.000000,1.000000,0.000000,0.000000,0.000000,0.000000,0.000000,0.000000,0.000000,0
CENTER,211,6.7520,0.0,0,0.000000,,0.000000,1.000000,1.000000,0.000000,0.000000,0.000000,0.000000,0.000000,0.000000,0.000000,0
CENTER,212,6.7840,0.0,0,0.000000,,0.000000,1.000000,1.000000,0.000000,0.000000,0.000000,0.000000,0.000000,0.000000,0.000000,0
CENTER,213,6.8160,0.0,0,0.000000,,0.000000,1.000000,1.000000,0.000000,0.000000,0.000000,0.000000,0.000000,0.000000,0.000000,0
CENTER,214,6.8480,0.0,0,0.000000,,0.000000,1.000000,1.000000,0.000000,0.000000,0.000000,0.000000,0.000000,0.000000,0.000000,0
CENTER,215,6.8800,0.0,0,0.000000,,0.000000,1.000000,1.000000,0.000000,0.000000,0.000000,0.000000,0.000000,0.000000,0.000000,0
CENTER,216,6.9120,0.0,0,0.000000,,0.000000,1.000000,1.000000,0.000000,0.000000,0.000000,0.000000,0.000000,0.000000,0.000000,0
CENTER,217,6.9440,0.0,0,0.000000,,0.000000,1.000000,1.000000,0.000000,0.000000,0.000000,0.000000,0.000000,0.000000,0.000000,0
CENTER,218,6.9760,0.0,0,0.000000,,0.000000,1.000000,1.000000,0.000000,0.000000,0.000000,0.000000,0.000000,0.000000,0.000000,0
CENTER,219,7.0080,0.0,0,0.000000,,0.000000,1.000000,1.000000,0.000000,0.000000,0.000000,0.000000,0.000000,0.000000,0.000000,0
CENTER,220,7.0400,0.0,0,0.000000,,0.000000,1.000000,1.000000,0.000000,0.000000,0.000000,0.000000,0.000000,0.000000,0.000000,0
CENTER,221,7.0720,0.0,0,0.000000,,0.000000,1.000000,1.000000,0.000000,0.000000,0.000000,0.000000,0.000000,0.000000,0.000000,0
CENTER,222,7.1040,0.0,0,0.000000,,0.000000,1.000000,1.000000,0.000000,0.000000,0.000000,0.000000,0.000000,0.000000,0.000000,0
CENTER,223,7.1360,0.0,0,0.000000,,0.000000,1.000000,1.000000,0.000000,0.000000,0.000000,0.000000,0.000000,0.000000,0.000000,0
CENTER,224,7.1680,0.0,0,0.000000,,0.000000,1.000000,1.000000,0.000000,0.000000,0.000000,0.000000,0.000000,0.000000,0.000000,0
CENTER,225,7.2000,0.0,0,0.000000,,0.000000,1.000000,1.000000,0.000000,0.000000,0.000000,0.000000,0.000000,0.000000,0.000000,0
CENTER,226,7.2320,0.0,0,0.000000,,0.000000,1.000000,1.000000,0.000000,0.000000,0.000000,0.000000,0.000000,0.000000,0.000000,0
CENTER,227,7.2640,0.0,0,0.000000,,0.000000,1.000000,1.000000,0.000000,0.000000,0.000000,0.000000,0.000000,0.000000,0.000000,0
CENTER,228,7.2960,0.0,0,0.000000,,0.000000,1.000000,1.000000,0.000000,0.000000,0.000000,0.000000,0.000000,0.000000,0.000000,0
CENTER,229,7.3280,0.0,0,0.000000,,0.000000,1.000000,1.000000,0.000000,0.000000,0.000000,0.000000,0.000000,0.000000,0.000000,0
CENTER,230,7.3600,0.0,0,0.000000,,0.000000,1.000000,1.000000,0.000000,0.000000,0.000000,0.000000,0.000000,0.000000,0.000000,0
CENTER,231,7.3920,0.0,0,0.000000,,0.000000,1.000000,1.000000,0.000000,0.000000,0.000000,0.000000,0.000000,0.000000,0.000000,0
CENTER,232,7.4240,0.0,0,0.000000,,0.000000,1.000000,1.000000,0.000000,0.000000,0.000000,0.000000,0.000000,0.000000,0.000000,0
CENTER,233,7.4560,0.0,0,0.000000,,0.000000,1.000000,1.000000,0.000000,0.000000,0.000000,0.000000,0.000000,0.000000,0.000000,0
CENTER,234,7.4880,0.0,0,0.000000,,0.000000,1.000000,1.000000,0.000000,0.000000,0.000000,0.000000,0.000000,0.000000,0.000000,0
CENTER,235,7.5200,0.0,0,0.000000,,0.000000,1.000000,1.000000,0.000000,0.000000,0.000000,0.000000,0.000000,0.000000,0.000000,0
CENTER,236,7.5520,0.0,0,0.000000,,0.000000,1.000000,1.000000,0.000000,0.000000,0.000000,0.000000,0.000000,0.000000,0.000000,0
CENTER,237,7.5840,0.0,0,0.000000,,0.000000,1.000000,1.000000,0.000000,0.000000,0.000000,0.000000,0.000000,0.000000,0.000000,0
CENTER,238,7.6160,0.0,0,0.000000,,0.000000,1.000000,1.000000,0.000000,0.000000,0.000000,0.000000,0.000000,0.000000,0.000000,0
CENTER,239,7.6480,0.0,0,0.000000,,0.000000,1.000000,1.000000,0.000000,0.000000,0.000000,0.000000,0.000000,0.000000,0.000000,0
CENTER,240,7.6800,0.0,0,0.000000,,0.000000,1.000000,1.000000,0.000000,0.000000,0.000000,0.000000,0.000000,0.000000,0.000000,0
CENTER,241,7.7120,0.0,0,0.000000,,0.000000,1.000000,1.000000,0.000000,0.000000,0.000000,0.000000,0.000000,0.000000,0.000000,0
CENTER,242,7.7440,0.0,0,0.000000,,0.000000,1.000000,1.000000,0.000000,0.000000,0.000000,0.000000,0.000000,0.000000,0.000000,0
CENTER,243,7.7760,0.0,0,0.000000,,0.000000,1.000000,1.000000,0.000000,0.000000,0.000000,0.000000,0.000000,0.000000,0.000000,0
CENTER,244,7.8080,0.0,0,0.000000,,0.000000,1.000000,1.000000,0.000000,0.000000,0.000000,0.000000,0.000000,0.000000,0.000000,0
CENTER,245,7.8400,0.0,0,0.000000,,0.000000,1.000000,1.000000,0.000000,0.000000,0.000000,0.000000,0.000000,0.000000,0.000000,0
CENTER,246,7.8720,0.0,0,0.000000,,0.000000,1.000000,1.000000,0.000000,0.000000,0.000000,0.000000,0.000000,0.000000,0.000000,0
CENTER,247,7.9040,0.0,0,0.000000,,0.000000,1.000000,1.000000,0.000000,0.000000,0.000000,0.000000,0.000000,0.000000,0.000000,0
CENTER,248,7.9360,0.0,0,0.000000,,0.000000,1.000000,1.000000,0.000000,0.000000,0.000000,0.000000,0.000000,0.000000,0.000000,0
CENTER,249,7.9680,0.0,0,0.000000,,0.000000,1.000000,1.000000,0.000000,0.000000,0.000000,0.000000,0.000000,0.000000,0.000000,0
CENTER,250,8.0000,0.0,0,0.000000,,0.000000,1.000000,1.000000,0.000000,0.000000,0.000000,0.000000,0.000000,0.000000,0.000000,0
CENTER,251,8.0320,0.0,0,0.000000,,0.000000,1.000000,1.000000,0.000000,0.000000,0.000000,0.000000,0.000000,0.000000,0.000000,0
CENTER,252,8.0640,0.0,0,0.000000,,0.000000,1.000000,1.000000,0.000000,0.000000,0.000000,0.000000,0.000000,0.000000,0.000000,0
CENTER,253,8.0960,0.0,0,0.000000,,0.000000,1.000000,1.000000,0.000000,0.000000,0.000000,0.000000,0.000000,0.000000,0.000000,0
CENTER,254,8.1280,0.0,0,0.000000,,0.000000,1.000000,1.000000,0.000000,0.000000,0.000000,0.000000,0.000000,0.000000,0.000000,0
CENTER,255,8.1600,0.0,0,0.000000,,0.000000,1.000000,1.000000,0.000000,0.000000,0.000000,0.000000,0.000000,0.000000,0.000000,0
CENTER,256,8.1920,0.0,0,0.000000,,0.000000,1.000000,1.000000,0.000000,0.000000,0.000000,0.000000,0.000000,0.000000,0.000000,0
CENTER,257,8.2240,0.0,0,0.000000,,0.000000,1.000000,1.000000,0.000000,0.000000,0.000000,0.000000,0.000000,0.000000,0.000000,0
CENTER,258,8.2560,0.0,0,0.000000,,0.000000,1.000000,1.000000,0.000000,0.000000,0.000000,0.000000,0.000000,0.000000,0.000000,0
CENTER,259,8.2880,0.0,0,0.000000,,0.000000,1.000000,1.000000,0.000000,0.000000,0.000000,0.000000,0.000000,0.000000,0.000000,0
CENTER,260,8.3200,0.0,0,0.000000,,0.000000,1.000000,1.000000,0.000000,0.000000,0.000000,0.000000,0.000000,0.000000,0.000000,0
CENTER,261,8.3520,0.0,0,0.000000,,0.000000,1.000000,1.000000,0.000000,0.000000,0.000000,0.000000,0.000000,0.000000,0.000000,0
CENTER,262,8.3840,0.0,0,0.000000,,0.000000,1.000000,1.000000,0.000000,0.000000,0.000000,0.000000,0.000000,0.000000,0.000000,0
CENTER,263,8.4160,0.0,0,0.000000,,0.000000,1.000000,1.000000,0.000000,0.000000,0.000000,0.000000,0.000000,0.000000,0.000000,0
CENTER,264,8.4480,0.0,0,0.000000,,0.000000,1.000000,1.000000,0.000000,0.000000,0.000000,0.000000,0.000000,0.000000,0.000000,0
CENTER,265,8.4800,0.0,0,0.000000,,0.000000,1.000000,1.000000,0.000000,0.000000,0.000000,0.000000,0.000000,0.000000,0.000000,0
CENTER,266,8.5120,0.0,0,0.000000,,0.000000,1.000000,1.000000,0.000000,0.000000,0.000000,0.000000,0.000000,0.000000,0.000000,0
CENTER,267,8.5440,0.0,0,0.000000,,0.000000,1.000000,1.000000,0.000000,0.000000,0.000000,0.000000,0.000000,0.000000,0.000000,0
CENTER,268,8.5760,0.0,0,0.000000,,0.000000,1.000000,1.000000,0.000000,0.000000,0.000000,0.000000,0.000000,0.000000,0.000000,0
CENTER,269,8.6080,0.0,0,0.000000,,0.000000,1.000000,1.000000,0.000000,0.000000,0.000000,0.000000,0.000000,0.000000,0.000000,0
CENTER,270,8.6400,0.0,0,0.000000,,0.000000,1.000000,1.000000,0.000000,0.000000,0.000000,0.000000,0.000000,0.000000,0.000000,0
CENTER,271,8.6720,0.0,0,0.000000,,0.000000,1.000000,1.000000,0.000000,0.000000,0.000000,0.000000,0.000000,0.000000,0.000000,0
CENTER,272,8.7040,0.0,0,0.000000,,0.000000,1.000000,1.000000,0.000000,0.000000,0.000000,0.000000,0.000000,0.000000,0.000000,0
CENTER,273,8.7360,0.0,0,0.000000,,0.000000,1.000000,1.000000,0.000000,0.000000,0.000000,0.000000,0.000000,0.000000,0.000000,0
CENTER,274,8.7680,0.0,0,0.000000,,0.000000,1.000000,1.000000,0.000000,0.000000,0.000000,0.000000,0.000000,0.000000,0.000000,0
CENTER,275,8.8000,0.0,0,0.000000,,0.000000,1.000000,1.000000,0.000000,0.000000,0.000000,0.000000,0.000000,0.000000,0.000000,0
CENTER,276,8.8320,0.0,0,0.000000,,0.000000,1.000000,1.000000,0.000000,0.000000,0.000000,0.000000,0.000000,0.000000,0.000000,0
CENTER,277,8.8640,0.0,0,0.000000,,0.000000,1.000000,1.000000,0.000000,0.000000,0.000000,0.000000,0.000000,0.000000,0.000000,0
CENTER,278,8.8960,0.0,0,0.000000,,0.000000,1.000000,1.000000,0.000000,0.000000,0.000000,0.000000,0.000000,0.000000,0.000000,0
CENTER,279,8.9280,0.0,0,0.000000,,0.000000,1.000000,1.000000,0.000000,0.000000,0.000000,0.000000,0.000000,0.000000,0.000000,0
CENTER,280,8.9600,0.0,0,0.000000,,0.000000,1.000000,1.000000,0.000000,0.000000,0.000000,0.000000,0.000000,0.000000,0.000000,0
CENTER,281,8.9920,0.0,0,0.000000,,0.000000,1.000000,1.000000,0.000000,0.000000,0.000000,0.000000,0.000000,0.000000,0.000000,0
CENTER,282,9.0240,0.0,0,0.000000,,0.000000,1.000000,1.000000,0.000000,0.000000,0.000000,0.000000,0.000000,0.000000,0.000000,0
CENTER,283,9.0560,0.0,0,0.000000,,0.000000,1.000000,1.000000,0.000000,0.000000,0.000000,0.000000,0.000000,0.000000,0.000000,0
CENTER,284,9.0880,0.0,0,0.000000,,0.000000,1.000000,1.000000,0.000000,0.000000,0.000000,0.000000,0.000000,0.000000,0.000000,0
CENTER,285,9.1200,0.0,0,0.000000,,0.000000,1.000000,1.000000,0.000000,0.000000,0.000000,0.000000,0.000000,0.000000,0.000000,0
CENTER,286,9.1520,0.0,0,0.000000,,0.000000,1.000000,1.000000,0.000000,0.000000,0.000000,0.000000,0.000000,0.000000,0.000000,0
CENTER,287,9.1840,0.0,0,0.000000,,0.000000,1.000000,1.000000,0.000000,0.000000,0.000000,0.000000,0.000000,0.000000,0.000000,0
CENTER,288,9.2160,0.0,0,0.000000,,0.000000,1.000000,1.000000,0.000000,0.000000,0.000000,0.000000,0.000000,0.000000,0.000000,0
CENTER,289,9.2480,0.0,0,0.000000,,0.000000,1.000000,1.000000,0.000000,0.000000,0.000000,0.000000,0.000000,0.000000,0.000000,0
CENTER,290,9.2800,0.0,0,0.000000,,0.000000,1.000000,1.000000,0.000000,0.000000,0.000000,0.000000,0.000000,0.000000,0.000000,0
CENTER,291,9.3120,0.0,0,0.000000,,0.000000,1.000000,1.000000,0.000000,0.000000,0.000000,0.000000,0.000000,0.000000,0.000000,0
CENTER,292,9.3440,0.0,0,0.000000,,0.000000,1.000000,1.000000,0.000000,0.000000,0.000000,0.000000,0.000000,0.000000,0.000000,0
CENTER,293,9.3760,0.0,0,0.000000,,0.000000,1.000000,1.000000,0.000000,0.000000,0.000000,0.000000,0.000000,0.000000,0.000000,0
CENTER,294,9.4080,0.0,0,0.000000,,0.000000,1.000000,1.000000,0.000000,0.000000,0.000000,0.000000,0.000000,0.000000,0.000000,0
CENTER,295,9.4400,0.0,0,0.000000,,0.000000,1.000000,1.000000,0.000000,0.000000,0.000000,0.000000,0.000000,0.000000,0.000000,0
CENTER,296,9.4720,0.0,0,0.000000,,0.000000,1.000000,1.000000,0.000000,0.000000,0.000000,0.000000,0.000000,0.000000,0.000000,0
CENTER,297,9.5040,0.0,0,0.000000,,0.000000,1.000000,1.000000,0.000000,0.000000,0.000000,0.000000,0.000000,0.000000,0.000000,0
CENTER,298,9.5360,0.0,0,0.000000,,0.000000,1.000000,1.000000,0.000000,0.000000,0.000000,0.000000,0.000000,0.000000,0.000000,0
CENTER,299,9.5680,0.0,0,0.000000,,0.000000,1.000000,1.000000,0.000000,0.000000,0.000000,0.000000,0.000000,0.000000,0.000000,0
CENTER,300,9.6000,0.0,0,0.000000,,0.000000,1.000000,1.000000,0.000000,0.000000,0.000000,0.000000,0.000000,0.000000,0.000000,0
CENTER,301,9.6320,0.0,0,0.000000,,0.000000,1.000000,1.000000,0.000000,0.000000,0.000000,0.000000,0.000000,0.000000,0.000000,0
CENTER,302,9.6640,0.0,0,0.000000,,0.000000,1.000000,1.000000,0.000000,0.000000,0.000000,0.000000,0.000000,0.000000,0.000000,0
CENTER,303,9.6960,0.0,0,0.000000,,0.000000,1.000000,1.000000,0.000000,0.000000,0.000000,0.000000,0.000000,0.000000,0.000000,0
CENTER,304,9.7280,0.0,0,0.000000,,0.000000,1.000000,1.000000,0.000000,0.000000,0.000000,0.000000,0.000000,0.000000,0.000000,0
CENTER,305,9.7600,0.0,0,0.000000,,0.000000,1.000000,1.000000,0.000000,0.000000,0.000000,0.000000,0.000000,0.000000,0.000000,0
CENTER,306,9.7920,0.0,0,0.000000,,0.000000,1.000000,1.000000,0.000000,0.000000,0.000000,0.000000,0.000000,0.000000,0.000000,0
CENTER,307,9.8240,0.0,0,0.000000,,0.000000,1.000000,1.000000,0.000000,0.000000,0.000000,0.000000,0.000000,0.000000,0.000000,0
CENTER,308,9.8560,0.0,0,0.000000,,0.000000,1.000000,1.000000,0.000000,0.000000,0.000000,0.000000,0.000000,0.000000,0.000000,0
CENTER,309,9.8880,0.0,0,0.000000,,0.000000,1.000000,1.000000,0.000000,0.000000,0.000000,0.000000,0.000000,0.000000,0.000000,0
CENTER,310,9.9200,0.0,0,0.000000,,0.000000,1.000000,1.000000,0.000000,0.000000,0.000000,0.000000,0.000000,0.000000,0.000000,0
CENTER,311,9.9520,0.0,0,0.000000,,0.000000,1.000000,1.000000,0.000000,0.000000,0.000000,0.000000,0.000000,0.000000,0.000000,0
CENTER,312,9.9840,0.0,0,0.000000,,0.000000,1.000000,1.000000,0.000000,0.000000,0.000000,0.000000,0.000000,0.000000,0.000000,0
CENTER,313,10.0160,0.0,0,0.000000,,0.000000,1.000000,1.000000,0.000000,0.000000,0.000000,0.000000,0.000000,0.000000,0.000000,0
CENTER,314,10.0480,0.0,0,0.000000,,0.000000,1.000000,1.000000,0.000000,0.000000,0.000000,0.000000,0.000000,0.000000,0.000000,0
CENTER,315,10.0800,0.0,0,0.000000,,0.000000,1.000000,1.000000,0.000000,0.000000,0.000000,0.000000,0.000000,0.000000,0.000000,0
CENTER,316,10.1120,0.0,0,0.000000,,0.000000,1.000000,1.000000,0.000000,0.000000,0.000000,0.000000,0.000000,0.000000,0.000000,0
CENTER,317,10.1440,0.0,0,0.000000,,0.000000,1.000000,1.000000,0.000000,0.000000,0.000000,0.000000,0.000000,0.000000,0.000000,0
CENTER,318,10.1760,0.0,0,0.000000,,0.000000,1.000000,1.000000,0.000000,0.000000,0.000000,0.000000,0.000000,0.000000,0.000000,0
CENTER,319,10.2080,0.0,0,0.000000,,0.000000,1.000000,1.000000,0.000000,0.000000,0.000000,0.000000,0.000000,0.000000,0.000000,0
CENTER,320,10.2400,0.0,0,0.000000,,0.000000,1.000000,1.000000,0.000000,0.000000,0.000000,0.000000,0.000000,0.000000,0.000000,0
CENTER,321,10.2720,0.0,0,0.000000,,0.000000,1.000000,1.000000,0.000000,0.000000,0.000000,0.000000,0.000000,0.000000,0.000000,0
CENTER,322,10.3040,0.0,0,0.000000,,0.000000,1.000000,1.000000,0.000000,0.000000,0.000000,0.000000,0.000000,0.000000,0.000000,0
CENTER,323,10.3360,0.0,0,0.000000,,0.000000,1.000000,1.000000,0.000000,0.000000,0.000000,0.000000,0.000000,0.000000,0.000000,0
CENTER,324,10.3680,0.0,0,0.000000,,0.000000,1.000000,1.000000,0.000000,0.000000,0.000000,0.000000,0.000000,0.000000,0.000000,0
CENTER,325,10.4000,0.0,0,0.000000,,0.000000,1.000000,1.000000,0.000000,0.000000,0.000000,0.000000,0.000000,0.000000,0.000000,0
CENTER,326,10.4320,0.0,0,0.000000,,0.000000,1.000000,1.000000,0.000000,0.000000,0.000000,0.000000,0.000000,0.000000,0.000000,0
CENTER,327,10.4640,0.0,0,0.000000,,0.000000,1.000000,1.000000,0.000000,0.000000,0.000000,0.000000,0.000000,0.000000,0.000000,0
CENTER,328,10.4960,0.0,0,0.000000,,0.000000,1.000000,1.000000,0.000000,0.000000,0.000000,0.000000,0.000000,0.000000,0.000000,0
CENTER,329,10.5280,0.0,0,0.000000,,0.000000,1.000000,1.000000,0.000000,0.000000,0.000000,0.000000,0.000000,0.000000,0.000000,0
CENTER,330,10.5600,0.0,0,0.000000,,0.000000,1.000000,1.000000,0.000000,0.000000,0.000000,0.000000,0.000000,0.000000,0.000000,0
CENTER,331,10.5920,0.0,0,0.000000,,0.000000,1.000000,1.000000,0.000000,0.000000,0.000000,0.000000,0.000000,0.000000,0.000000,0
CENTER,332,10.6240,0.0,0,0.000000,,0.000000,1.000000,1.000000,0.000000,0.000000,0.000000,0.000000,0.000000,0.000000,0.000000,0
CENTER,333,10.6560,0.0,0,0.000000,,0.000000,1.000000,1.000000,0.000000,0.000000,0.000000,0.000000,0.000000,0.000000,0.000000,0
CENTER,334,10.6880,0.0,0,0.000000,,0.000000,1.000000,1.000000,0.000000,0.000000,0.000000,0.000000,0.000000,0.000000,0.000000,0
CENTER,335,10.7200,0.0,0,0.000000,,0.000000,1.000000,1.000000,0.000000,0.000000,0.000000,0.000000,0.000000,0.000000,0.000000,0
CENTER,336,10.7520,0.0,0,0.000000,,0.000000,1.000000,1.000000,0.000000,0.000000,0.000000,0.000000,0.000000,0.000000,0.000000,0
CENTER,337,10.7840,0.0,0,0.000000,,0.000000,1.000000,1.000000,0.000000,0.000000,0.000000,0.000000,0.000000,0.000000,0.000000,0
CENTER,338,10.8160,0.0,0,0.000000,,0.000000,1.000000,1.000000,0.000000,0.000000,0.000000,0.000000,0.000000,0.000000,0.000000,0
CENTER,339,10.8480,0.0,0,0.000000,,0.000000,1.000000,1.000000,0.000000,0.000000,0.000000,0.000000,0.000000,0.000000,0.000000,0
CENTER,340,10.8800,0.0,0,0.000000,,0.000000,1.000000,1.000000,0.000000,0.000000,0.000000,0.000000,0.000000,0.000000,0.000000,0
CENTER,341,10.9120,0.0,0,0.000000,,0.000000,1.000000,1.000000,0.000000,0.000000,0.000000,0.000000,0.000000,0.000000,0.000000,0
CENTER,342,10.9440,0.0,0,0.000000,,0.000000,1.000000,1.000000,0.000000,0.000000,0.000000,0.000000,0.000000,0.000000,0.000000,0
CENTER,343,10.9760,0.0,0,0.000000,,0.000000,1.000000,1.000000,0.000000,0.000000,0.000000,0.000000,0.000000,0.000000,0.000000,0
CENTER,344,11.0080,0.0,0,0.000000,,0.000000,1.000000,1.000000,0.000000,0.000000,0.000000,0.000000,0.000000,0.000000,0.000000,0
CENTER,345,11.0400,0.0,0,0.000000,,0.000000,1.000000,1.000000,0.000000,0.000000,0.000000,0.000000,0.000000,0.000000,0.000000,0
CENTER,346,11.0720,0.0,0,0.000000,,0.000000,1.000000,1.000000,0.000000,0.000000,0.000000,0.000000,0.000000,0.000000,0.000000,0
CENTER,347,11.1040,0.0,0,0.000000,,0.000000,1.000000,1.000000,0.000000,0.000000,0.000000,0.000000,0.000000,0.000000,0.000000,0
CENTER,348,11.1360,0.0,0,0.000000,,0.000000,1.000000,1.000000,0.000000,0.000000,0.000000,0.000000,0.000000,0.000000,0.000000,0
CENTER,349,11.1680,0.0,0,0.000000,,0.000000,1.000000,1.000000,0.000000,0.000000,0.000000,0.000000,0.000000,0.000000,0.000000,0
CENTER,350,11.2000,0.0,0,0.000000,,0.000000,1.000000,1.000000,0.000000,0.000000,0.000000,0.000000,0.000000,0.000000,0.000000,0
CENTER,351,11.2320,0.0,0,0.000000,,0.000000,1.000000,1.000000,0.000000,0.000000,0.000000,0.000000,0.000000,0.000000,0.000000,0
CENTER,352,11.2640,0.0,0,0.000000,,0.000000,1.000000,1.000000,0.000000,0.000000,0.000000,0.000000,0.000000,0.000000,0.000000,0
CENTER,353,11.2960,0.0,0,0.000000,,0.000000,1.000000,1.000000,0.000000,0.000000,0.000000,0.000000,0.000000,0.000000,0.000000,0
CENTER,354,11.3280,0.0,0,0.000000,,0.000000,1.000000,1.000000,0.000000,0.000000,0.000000,0.000000,0.000000,0.000000,0.000000,0
CENTER,355,11.3600,0.0,0,0.000000,,0.000000,1.000000,1.000000,0.000000,0.000000,0.000000,0.000000,0.000000,0.000000,0.000000,0
CENTER,356,11.3920,0.0,0,0.000000,,0.000000,1.000000,1.000000,0.000000,0.000000,0.000000,0.000000,0.000000,0.000000,0.000000,0
CENTER,357,11.4240,0.0,0,0.000000,,0.000000,1.000000,1.000000,0.000000,0.000000,0.000000,0.000000,0.000000,0.000000,0.000000,0
CENTER,358,11.4560,0.0,0,0.000000,,0.000000,1.000000,1.000000,0.000000,0.000000,0.000000,0.000000,0.000000,0.000000,0.000000,0
CENTER,359,11.4880,0.0,0,0.000000,,0.000000,1.000000,1.000000,0.000000,0.000000,0.000000,0.000000,0.000000,0.000000,0.000000,0
CENTER,360,11.5200,0.0,0,0.000000,,0.000000,1.000000,1.000000,0.000000,0.000000,0.000000,0.000000,0.000000,0.000000,0.000000,0
CENTER,361,11.5520,0.0,0,0.000000,,0.000000,1.000000,1.000000,0.000000,0.000000,0.000000,0.000000,0.000000,0.000000,0.000000,0
CENTER,362,11.5840,0.0,0,0.000000,,0.000000,1.000000,1.000000,0.000000,0.000000,0.000000,0.000000,0.000000,0.000000,0.000000,0
CENTER,363,11.6160,0.0,0,0.000000,,0.000000,1.000000,1.000000,0.000000,0.000000,0.000000,0.000000,0.000000,0.000000,0.000000,0
CENTER,364,11.6480,0.0,0,0.000000,,0.000000,1.000000,1.000000,0.000000,0.000000,0.000000,0.000000,0.000000,0.000000,0.000000,0
CENTER,365,11.6800,0.0,0,0.000000,,0.000000,1.000000,1.000000,0.000000,0.000000,0.000000,0.000000,0.000000,0.000000,0.000000,0
CENTER,366,11.7120,0.0,0,0.000000,,0.000000,1.000000,1.000000,0.000000,0.000000,0.000000,0.000000,0.000000,0.000000,0.000000,0
CENTER,367,11.7440,0.0,0,0.000000,,0.000000,1.000000,1.000000,0.000000,0.000000,0.000000,0.000000,0.000000,0.000000,0.000000,0
CENTER,368,11.7760,0.0,0,0.000000,,0.000000,1.000000,1.000000,0.000000,0.000000,0.000000,0.000000,0.000000,0.000000,0.000000,0
CENTER,369,11.8080,0.0,0,0.000000,,0.000000,1.000000,1.000000,0.000000,0.000000,0.000000,0.000000,0.000000,0.000000,0.000000,0
CENTER,370,11.8400,0.0,0,0.000000,,0.000000,1.000000,1.000000,0.000000,0.000000,0.000000,0.000000,0.000000,0.000000,0.000000,0
CENTER,371,11.8720,0.0,0,0.000000,,0.000000,1.000000,1.000000,0.000000,0.000000,0.000000,0.000000,0.000000,0.000000,0.000000,0
CENTER,372,11.9040,0.0,0,0.000000,,0.000000,1.000000,1.000000,0.000000,0.000000,0.000000,0.000000,0.000000,0.000000,0.000000,0
CENTER,373,11.9360,0.0,0,0.000000,,0.000000,1.000000,1.000000,0.000000,0.000000,0.000000,0.000000,0.000000,0.000000,0.000000,0
CENTER,374,11.9680,0.0,0,0.000000,,0.000000,1.000000,1.000000,0.000000,0.000000,0.000000,0.000000,0.000000,0.000000,0.000000,0
CENTER,375,12.0000,0.0,0,0.000000,,0.000000,1.000000,1.000000,0.000000,0.000000,0.000000,0.000000,0.000000,0.000000,0.000000,0
CENTER,376,12.0320,0.0,0,0.000000,,0.000000,1.000000,1.000000,0.000000,0.000000,0.000000,0.000000,0.000000,0.000000,0.000000,0
CENTER,377,12.0640,0.0,0,0.000000,,0.000000,1.000000,1.000000,0.000000,0.000000,0.000000,0.000000,0.000000,0.000000,0.000000,0
CENTER,378,12.0960,0.0,0,0.000000,,0.000000,1.000000,1.000000,0.000000,0.000000,0.000000,0.000000,0.000000,0.000000,0.000000,0
CENTER,379,12.1280,0.0,0,0.000000,,0.000000,1.000000,1.000000,0.000000,0.000000,0.000000,0.000000,0.000000,0.000000,0.000000,0
CENTER,380,12.1600,0.0,0,0.000000,,0.000000,1.000000,1.000000,0.000000,0.000000,0.000000,0.000000,0.000000,0.000000,0.000000,0
CENTER,381,12.1920,0.0,0,0.000000,,0.000000,1.000000,1.000000,0.000000,0.000000,0.000000,0.000000,0.000000,0.000000,0.000000,0
CENTER,382,12.2240,0.0,0,0.000000,,0.000000,1.000000,1.000000,0.000000,0.000000,0.000000,0.000000,0.000000,0.000000,0.000000,0
CENTER,383,12.2560,0.0,0,0.000000,,0.000000,1.000000,1.000000,0.000000,0.000000,0.000000,0.000000,0.000000,0.000000,0.000000,0
CENTER,384,12.2880,0.0,0,0.000000,,0.000000,1.000000,1.000000,0.000000,0.000000,0.000000,0.000000,0.000000,0.000000,0.000000,0
CENTER,385,12.3200,0.0,0,0.000000,,0.000000,1.000000,1.000000,0.000000,0.000000,0.000000,0.000000,0.000000,0.000000,0.000000,0
CENTER,386,12.3520,0.0,0,0.000000,,0.000000,1.000000,1.000000,0.000000,0.000000,0.000000,0.000000,0.000000,0.000000,0.000000,0
CENTER,387,12.3840,0.0,0,0.000000,,0.000000,1.000000,1.000000,0.000000,0.000000,0.000000,0.000000,0.000000,0.000000,0.000000,0
CENTER,388,12.4160,0.0,0,0.000000,,0.000000,1.000000,1.000000,0.000000,0.000000,0.000000,0.000000,0.000000,0.000000,0.000000,0
CENTER,389,12.4480,0.0,0,0.000000,,0.000000,1.000000,1.000000,0.000000,0.000000,0.000000,0.000000,0.000000,0.000000,0.000000,0
CENTER,390,12.4800,0.0,0,0.000000,,0.000000,1.000000,1.000000,0.000000,0.000000,0.000000,0.000000,0.000000,0.000000,0.000000,0
CENTER,391,12.5120,0.0,0,0.000000,,0.000000,1.000000,1.000000,0.000000,0.000000,0.000000,0.000000,0.000000,0.000000,0.000000,0
CENTER,392,12.5440,0.0,0,0.000000,,0.000000,1.000000,1.000000,0.000000,0.000000,0.000000,0.000000,0.000000,0.000000,0.000000,0
CENTER,393,12.5760,0.0,0,0.000000,,0.000000,1.000000,1.000000,0.000000,0.000000,0.000000,0.000000,0.000000,0.000000,0.000000,0
CENTER,394,12.6080,0.0,0,0.000000,,0.000000,1.000000,1.000000,0.000000,0.000000,0.000000,0.000000,0.000000,0.000000,0.000000,0
CENTER,395,12.6400,0.0,0,0.000000,,0.000000,1.000000,1.000000,0.000000,0.000000,0.000000,0.000000,0.000000,0.000000,0.000000,0
CENTER,396,12.6720,0.0,0,0.000000,,0.000000,1.000000,1.000000,0.000000,0.000000,0.000000,0.000000,0.000000,0.000000,0.000000,0
CENTER,397,12.7040,0.0,0,0.000000,,0.000000,1.000000,1.000000,0.000000,0.000000,0.000000,0.000000,0.000000,0.000000,0.000000,0
CENTER,398,12.7360,0.0,0,0.000000,,0.000000,1.000000,1.000000,0.000000,0.000000,0.000000,0.000000,0.000000,0.000000,0.000000,0
CENTER,399,12.7680,0.0,0,0.000000,,0.000000,1.000000,1.000000,0.000000,0.000000,0.000000,0.000000,0.000000,0.000000,0.000000,0
CENTER,400,12.8000,0.0,0,0.000000,,0.000000,1.000000,1.000000,0.000000,0.000000,0.000000,0.000000,0.000000,0.000000,0.000000,0
CENTER,401,12.8320,0.0,0,0.000000,,0.000000,1.000000,1.000000,0.000000,0.000000,0.000000,0.000000,0.000000,0.000000,0.000000,0
CENTER,402,12.8640,0.0,0,0.000000,,0.000000,1.000000,1.000000,0.000000,0.000000,0.000000,0.000000,0.000000,0.000000,0.000000,0
CENTER,403,12.8960,0.0,0,0.000000,,0.000000,1.000000,1.000000,0.000000,0.000000,0.000000,0.000000,0.000000,0.000000,0.000000,0
CENTER,404,12.9280,0.0,0,0.000000,,0.000000,1.000000,1.000000,0.000000,0.000000,0.000000,0.000000,0.000000,0.000000,0.000000,0
CENTER,405,12.9600,0.0,0,0.000000,,0.000000,1.000000,1.000000,0.000000,0.000000,0.000000,0.000000,0.000000,0.000000,0.000000,0
CENTER,406,12.9920,0.0,0,0.000000,,0.000000,1.000000,1.000000,0.000000,0.000000,0.000000,0.000000,0.000000,0.000000,0.000000,0
CENTER,407,13.0240,0.0,0,0.000000,,0.000000,1.000000,1.000000,0.000000,0.000000,0.000000,0.000000,0.000000,0.000000,0.000000,0
CENTER,408,13.0560,0.0,0,0.000000,,0.000000,1.000000,1.000000,0.000000,0.000000,0.000000,0.000000,0.000000,0.000000,0.000000,0
CENTER,409,13.0880,0.0,0,0.000000,,0.000000,1.000000,1.000000,0.000000,0.000000,0.000000,0.000000,0.000000,0.000000,0.000000,0
CENTER,410,13.1200,0.0,0,0.000000,,0.000000,1.000000,1.000000,0.000000,0.000000,0.000000,0.000000,0.000000,0.000000,0.000000,0
CENTER,411,13.1520,0.0,0,0.000000,,0.000000,1.000000,1.000000,0.000000,0.000000,0.000000,0.000000,0.000000,0.000000,0.000000,0
CENTER,412,13.1840,0.0,0,0.000000,,0.000000,1.000000,1.000000,0.000000,0.000000,0.000000,0.000000,0.000000,0.000000,0.000000,0
CENTER,413,13.2160,0.0,0,0.000000,,0.000000,1.000000,1.000000,0.000000,0.000000,0.000000,0.000000,0.000000,0.000000,0.000000,0
CENTER,414,13.2480,0.0,0,0.000000,,0.000000,1.000000,1.000000,0.000000,0.000000,0.000000,0.000000,0.000000,0.000000,0.000000,0
CENTER,415,13.2800,0.0,0,0.000000,,0.000000,1.000000,1.000000,0.000000,0.000000,0.000000,0.000000,0.000000,0.000000,0.000000,0
CENTER,416,13.3120,0.0,0,0.000000,,0.000000,1.000000,1.000000,0.000000,0.000000,0.000000,0.000000,0.000000,0.000000,0.000000,0
CENTER,417,13.3440,0.0,0,0.000000,,0.000000,1.000000,1.000000,0.000000,0.000000,0.000000,0.000000,0.000000,0.000000,0.000000,0
CENTER,418,13.3760,0.0,0,0.000000,,0.000000,1.000000,1.000000,0.000000,0.000000,0.000000,0.000000,0.000000,0.000000,0.000000,0
CENTER,419,13.4080,0.0,0,0.000000,,0.000000,1.000000,1.000000,0.000000,0.000000,0.000000,0.000000,0.000000,0.000000,0.000000,0
CENTER,420,13.4400,0.0,0,0.000000,,0.000000,1.000000,1.000000,0.000000,0.000000,0.000000,0.000000,0.000000,0.000000,0.000000,0
CENTER,421,13.4720,0.0,0,0.000000,,0.000000,1.000000,1.000000,0.000000,0.000000,0.000000,0.000000,0.000000,0.000000,0.000000,0
CENTER,422,13.5040,0.0,0,0.000000,,0.000000,1.000000,1.000000,0.000000,0.000000,0.000000,0.000000,0.000000,0.000000,0.000000,0
CENTER,423,13.5360,0.0,0,0.000000,,0.000000,1.000000,1.000000,0.000000,0.000000,0.000000,0.000000,0.000000,0.000000,0.000000,0
CENTER,424,13.5680,0.0,0,0.000000,,0.000000,1.000000,1.000000,0.000000,0.000000,0.000000,0.000000,0.000000,0.000000,0.000000,0
CENTER,425,13.6000,0.0,0,0.000000,,0.000000,1.000000,1.000000,0.000000,0.000000,0.000000,0.000000,0.000000,0.000000,0.000000,0
CENTER,426,13.6320,0.0,0,0.000000,,0.000000,1.000000,1.000000,0.000000,0.000000,0.000000,0.000000,0.000000,0.000000,0.000000,0
CENTER,427,13.6640,0.0,0,0.000000,,0.000000,1.000000,1.000000,0.000000,0.000000,0.000000,0.000000,0.000000,0.000000,0.000000,0
CENTER,428,13.6960,0.0,0,0.000000,,0.000000,1.000000,1.000000,0.000000,0.000000,0.000000,0.000000,0.000000,0.000000,0.000000,0
CENTER,429,13.7280,0.0,0,0.000000,,0.000000,1.000000,1.000000,0.000000,0.000000,0.000000,0.000000,0.000000,0.000000,0.000000,0
CENTER,430,13.7600,0.0,0,0.000000,,0.000000,1.000000,1.000000,0.000000,0.000000,0.000000,0.000000,0.000000,0.000000,0.000000,0
CENTER,431,13.7920,0.0,0,0.000000,,0.000000,1.000000,1.000000,0.000000,0.000000,0.000000,0.000000,0.000000,0.000000,0.000000,0
CENTER,432,13.8240,0.0,0,0.000000,,0.000000,1.000000,1.000000,0.000000,0.000000,0.000000,0.000000,0.000000,0.000000,0.000000,0
CENTER,433,13.8560,0.0,0,0.000000,,0.000000,1.000000,1.000000,0.000000,0.000000,0.000000,0.000000,0.000000,0.000000,0.000000,0
CENTER,434,13.8880,0.0,0,0.000000,,0.000000,1.000000,1.000000,0.000000,0.000000,0.000000,0.000000,0.000000,0.000000,0.000000,0
CENTER,435,13.9200,0.0,0,0.000000,,0.000000,1.000000,1.000000,0.000000,0.000000,0.000000,0.000000,0.000000,0.000000,0.000000,0
CENTER,436,13.9520,0.0,0,0.000000,,0.000000,1.000000,1.000000,0.000000,0.000000,0.000000,0.000000,0.000000,0.000000,0.000000,0
CENTER,437,13.9840,0.0,0,0.000000,,0.000000,1.000000,1.000000,0.000000,0.000000,0.000000,0.000000,0.000000,0.000000,0.000000,0
CENTER,438,14.0160,0.0,0,0.000000,,0.000000,1.000000,1.000000,0.000000,0.000000,0.000000,0.000000,0.000000,0.000000,0.000000,0
CENTER,439,14.0480,0.0,0,0.000000,,0.000000,1.000000,1.000000,0.000000,0.000000,0.000000,0.000000,0.000000,0.000000,0.000000,0
CENTER,440,14.0800,0.0,0,0.000000,,0.000000,1.000000,1.000000,0.000000,0.000000,0.000000,0.000000,0.000000,0.000000,0.000000,0
CENTER,441,14.1120,0.0,0,0.000000,,0.000000,1.000000,1.000000,0.000000,0.000000,0.000000,0.000000,0.000000,0.000000,0.000000,0
CENTER,442,14.1440,0.0,0,0.000000,,0.000000,1.000000,1.000000,0.000000,0.000000,0.000000,0.000000,0.000000,0.000000,0.000000,0
CENTER,443,14.1760,0.0,0,0.000000,,0.000000,1.000000,1.000000,0.000000,0.000000,0.000000,0.000000,0.000000,0.000000,0.000000,0
CENTER,444,14.2080,0.0,0,0.000000,,0.000000,1.000000,1.000000,0.000000,0.000000,0.000000,0.000000,0.000000,0.000000,0.000000,0
CENTER,445,14.2400,0.0,0,0.000000,,0.000000,1.000000,1.000000,0.000000,0.000000,0.000000,0.000000,0.000000,0.000000,0.000000,0
CENTER,446,14.2720,0.0,0,0.000000,,0.000000,1.000000,1.000000,0.000000,0.000000,0.000000,0.000000,0.000000,0.000000,0.000000,0
CENTER,447,14.3040,0.0,0,0.000000,,0.000000,1.000000,1.000000,0.000000,0.000000,0.000000,0.000000,0.000000,0.000000,0.000000,0
CENTER,448,14.3360,0.0,0,0.000000,,0.000000,1.000000,1.000000,0.000000,0.000000,0.000000,0.000000,0.000000,0.000000,0.000000,0
CENTER,449,14.3680,0.0,0,0.000000,,0.000000,1.000000,1.000000,0.000000,0.000000,0.000000,0.000000,0.000000,0.000000,0.000000,0
CENTER,450,14.4000,0.0,0,0.000000,,0.000000,1.000000,1.000000,0.000000,0.000000,0.000000,0.000000,0.000000,0.000000,0.000000,0
CENTER,451,14.4320,0.0,0,0.000000,,0.000000,1.000000,1.000000,0.000000,0.000000,0.000000,0.000000,0.000000,0.000000,0.000000,0
CENTER,452,14.4640,0.0,0,0.000000,,0.000000,1.000000,1.000000,0.000000,0.000000,0.000000,0.000000,0.000000,0.000000,0.000000,0
CENTER,453,14.4960,0.0,0,0.000000,,0.000000,1.000000,1.000000,0.000000,0.000000,0.000000,0.000000,0.000000,0.000000,0.000000,0
CENTER,454,14.5280,0.0,0,0.000000,,0.000000,1.000000,1.000000,0.000000,0.000000,0.000000,0.000000,0.000000,0.000000,0.000000,0
CENTER,455,14.5600,0.0,0,0.000000,,0.000000,1.000000,1.000000,0.000000,0.000000,0.000000,0.000000,0.000000,0.000000,0.000000,0
CENTER,456,14.5920,0.0,0,0.000000,,0.000000,1.000000,1.000000,0.000000,0.000000,0.000000,0.000000,0.000000,0.000000,0.000000,0
CENTER,457,14.6240,0.0,0,0.000000,,0.000000,1.000000,1.000000,0.000000,0.000000,0.000000,0.000000,0.000000,0.000000,0.000000,0
CENTER,458,14.6560,0.0,0,0.000000,,0.000000,1.000000,1.000000,0.000000,0.000000,0.000000,0.000000,0.000000,0.000000,0.000000,0
CENTER,459,14.6880,0.0,0,0.000000,,0.000000,1.000000,1.000000,0.000000,0.000000,0.000000,0.000000,0.000000,0.000000,0.000000,0
CENTER,460,14.7200,0.0,0,0.000000,,0.000000,1.000000,1.000000,0.000000,0.000000,0.000000,0.000000,0.000000,0.000000,0.000000,0
CENTER,461,14.7520,0.0,0,0.000000,,0.000000,1.000000,1.000000,0.000000,0.000000,0.000000,0.000000,0.000000,0.000000,0.000000,0
CENTER,462,14.7840,0.0,0,0.000000,,0.000000,1.000000,1.000000,0.000000,0.000000,0.000000,0.000000,0.000000,0.000000,0.000000,0
CENTER,463,14.8160,0.0,0,0.000000,,0.000000,1.000000,1.000000,0.000000,0.000000,0.000000,0.000000,0.000000,0.000000,0.000000,0
CENTER,464,14.8480,0.0,0,0.000000,,0.000000,1.000000,1.000000,0.000000,0.000000,0.000000,0.000000,0.000000,0.000000,0.000000,0
CENTER,465,14.8800,0.0,0,0.000000,,0.000000,1.000000,1.000000,0.000000,0.000000,0.000000,0.000000,0.000000,0.000000,0.000000,0
CENTER,466,14.9120,0.0,0,0.000000,,0.000000,1.000000,1.000000,0.000000,0.000000,0.000000,0.000000,0.000000,0.000000,0.000000,0
CENTER,467,14.9440,0.0,0,0.000000,,0.000000,1.000000,1.000000,0.000000,0.000000,0.000000,0.000000,0.000000,0.000000,0.000000,0
CENTER,468,14.9760,0.0,0,0.000000,,0.000000,1.000000,1.000000,0.000000,0.000000,0.000000,0.000000,0.000000,0.000000,0.000000,0
CENTER,469,15.0080,0.0,0,0.000000,,0.000000,1.000000,1.000000,0.000000,0.000000,0.000000,0.000000,0.000000,0.000000,0.000000,0
CENTER,470,15.0400,0.0,0,0.000000,,0.000000,1.000000,1.000000,0.000000,0.000000,0.000000,0.000000,0.000000,0.000000,0.000000,0
CENTER,471,15.0720,0.0,0,0.000000,,0.000000,1.000000,1.000000,0.000000,0.000000,0.000000,0.000000,0.000000,0.000000,0.000000,0
CENTER,472,15.1040,0.0,0,0.000000,,0.000000,1.000000,1.000000,0.000000,0.000000,0.000000,0.000000,0.000000,0.000000,0.000000,0
CENTER,473,15.1360,0.0,0,0.000000,,0.000000,1.000000,1.000000,0.000000,0.000000,0.000000,0.000000,0.000000,0.000000,0.000000,0
CENTER,474,15.1680,0.0,0,0.000000,,0.000000,1.000000,1.000000,0.000000,0.000000,0.000000,0.000000,0.000000,0.000000,0.000000,0
CENTER,475,15.2000,0.0,0,0.000000,,0.000000,1.000000,1.000000,0.000000,0.000000,0.000000,0.000000,0.000000,0.000000,0.000000,0
CENTER,476,15.2320,0.0,0,0.000000,,0.000000,1.000000,1.000000,0.000000,0.000000,0.000000,0.000000,0.000000,0.000000,0.000000,0
CENTER,477,15.2640,0.0,0,0.000000,,0.000000,1.000000,1.000000,0.000000,0.000000,0.000000,0.000000,0.000000,0.000000,0.000000,0
CENTER,478,15.2960,0.0,0,0.000000,,0.000000,1.000000,1.000000,0.000000,0.000000,0.000000,0.000000,0.000000,0.000000,0.000000,0
CENTER,479,15.3280,0.0,0,0.000000,,0.000000,1.000000,1.000000,0.000000,0.000000,0.000000,0.000000,0.000000,0.000000,0.000000,0
CENTER,480,15.3600,0.0,0,0.000000,,0.000000,1.000000,1.000000,0.000000,0.000000,0.000000,0.000000,0.000000,0.000000,0.000000,0
CENTER,481,15.3920,0.0,0,0.000000,,0.000000,1.000000,1.000000,0.000000,0.000000,0.000000,0.000000,0.000000,0.000000,0.000000,0
CENTER,482,15.4240,0.0,0,0.000000,,0.000000,1.000000,1.000000,0.000000,0.000000,0.000000,0.000000,0.000000,0.000000,0.000000,0
CENTER,483,15.4560,0.0,0,0.000000,,0.000000,1.000000,1.000000,0.000000,0.000000,0.000000,0.000000,0.000000,0.000000,0.000000,0
CENTER,484,15.4880,0.0,0,0.000000,,0.000000,1.000000,1.000000,0.000000,0.000000,0.000000,0.000000,0.000000,0.000000,0.000000,0
CENTER,485,15.5200,0.0,0,0.000000,,0.000000,1.000000,1.000000,0.000000,0.000000,0.000000,0.000000,0.000000,0.000000,0.000000,0
CENTER,486,15.5520,0.0,0,0.000000,,0.000000,1.000000,1.000000,0.000000,0.000000,0.000000,0.000000,0.000000,0.000000,0.000000,0
CENTER,487,15.5840,0.0,0,0.000000,,0.000000,1.000000,1.000000,0.000000,0.000000,0.000000,0.000000,0.000000,0.000000,0.000000,0
CENTER,488,15.6160,0.0,0,0.000000,,0.000000,1.000000,1.000000,0.000000,0.000000,0.000000,0.000000,0.000000,0.000000,0.000000,0
CENTER,489,15.6480,0.0,0,0.000000,,0.000000,1.000000,1.000000,0.000000,0.000000,0.000000,0.000000,0.000000,0.000000,0.000000,0
CENTER,490,15.6800,0.0,0,0.000000,,0.000000,1.000000,1.000000,0.000000,0.000000,0.000000,0.000000,0.000000,0.000000,0.000000,0
CENTER,491,15.7120,0.0,0,0.000000,,0.000000,1.000000,1.000000,0.000000,0.000000,0.000000,0.000000,0.000000,0.000000,0.000000,0
CENTER,492,15.7440,0.0,0,0.000000,,0.000000,1.000000,1.000000,0.000000,0.000000,0.000000,0.000000,0.000000,0.000000,0.000000,0
CENTER,493,15.7760,0.0,0,0.000000,,0.000000,1.000000,1.000000,0.000000,0.000000,0.000000,0.000000,0.000000,0.000000,0.000000,0
CENTER,494,15.8080,0.0,0,0.000000,,0.000000,1.000000,1.000000,0.000000,0.000000,0.000000,0.000000,0.000000,0.000000,0.000000,0
CENTER,495,15.8400,0.0,0,0.000000,,0.000000,1.000000,1.000000,0.000000,0.000000,0.000000,0.000000,0.000000,0.000000,0.000000,0
CENTER,496,15.8720,0.0,0,0.000000,,0.000000,1.000000,1.000000,0.000000,0.000000,0.000000,0.000000,0.000000,0.000000,0.000000,0
CENTER,497,15.9040,0.0,0,0.000000,,0.000000,1.000000,1.000000,0.000000,0.000000,0.000000,0.000000,0.000000,0.000000,0.000000,0
CENTER,498,15.9360,0.0,0,0.000000,,0.000000,1.000000,1.000000,0.000000,0.000000,0.000000,0.000000,0.000000,0.000000,0.000000,0
CENTER,499,15.9680,0.0,0,0.000000,,0.000000,1.000000,1.000000,0.000000,0.000000,0.000000,0.000000,0.000000,0.000000,0.000000,0
CENTER,500,16.0000,0.0,0,0.000000,,0.000000,1.000000,1.000000,0.000000,0.000000,0.000000,0.000000,0.000000,0.000000,0.000000,0
CENTER,501,16.0320,0.0,0,0.000000,,0.000000,1.000000,1.000000,0.000000,0.000000,0.000000,0.000000,0.000000,0.000000,0.000000,0
CENTER,502,16.0640,0.0,0,0.000000,,0.000000,1.000000,1.000000,0.000000,0.000000,0.000000,0.000000,0.000000,0.000000,0.000000,0
CENTER,503,16.0960,0.0,0,0.000000,,0.000000,1.000000,1.000000,0.000000,0.000000,0.000000,0.000000,0.000000,0.000000,0.000000,0
CENTER,504,16.1280,0.0,0,0.000000,,0.000000,1.000000,1.000000,0.000000,0.000000,0.000000,0.000000,0.000000,0.000000,0.000000,0
CENTER,505,16.1600,0.0,0,0.000000,,0.000000,1.000000,1.000000,0.000000,0.000000,0.000000,0.000000,0.000000,0.000000,0.000000,0
CENTER,506,16.1920,0.0,0,0.000000,,0.000000,1.000000,1.000000,0.000000,0.000000,0.000000,0.000000,0.000000,0.000000,0.000000,0
CENTER,507,16.2240,0.0,0,0.000000,,0.000000,1.000000,1.000000,0.000000,0.000000,0.000000,0.000000,0.000000,0.000000,0.000000,0
CENTER,508,16.2560,0.0,0,0.000000,,0.000000,1.000000,1.000000,0.000000,0.000000,0.000000,0.000000,0.000000,0.000000,0.000000,0
CENTER,509,16.2880,0.0,0,0.000000,,0.000000,1.000000,1.000000,0.000000,0.000000,0.000000,0.000000,0.000000,0.000000,0.000000,0
CENTER,510,16.3200,0.0,0,0.000000,,0.000000,1.000000,1.000000,0.000000,0.000000,0.000000,0.000000,0.000000,0.000000,0.000000,0
CENTER,511,16.3520,0.0,0,0.000000,,0.000000,1.000000,1.000000,0.000000,0.000000,0.000000,0.000000,0.000000,0.000000,0.000000,0
CENTER,512,16.3840,0.0,0,0.000000,,0.000000,1.000000,1.000000,0.000000,0.000000,0.000000,0.000000,0.000000,0.000000,0.000000,0
CENTER,513,16.4160,0.0,0,0.000000,,0.000000,1.000000,1.000000,0.000000,0.000000,0.000000,0.000000,0.000000,0.000000,0.000000,0
CENTER,514,16.4480,0.0,0,0.000000,,0.000000,1.000000,1.000000,0.000000,0.000000,0.000000,0.000000,0.000000,0.000000,0.000000,0
CENTER,515,16.4800,0.0,0,0.000000,,0.000000,1.000000,1.000000,0.000000,0.000000,0.000000,0.000000,0.000000,0.000000,0.000000,0
CENTER,516,16.5120,0.0,0,0.000000,,0.000000,1.000000,1.000000,0.000000,0.000000,0.000000,0.000000,0.000000,0.000000,0.000000,0
CENTER,517,16.5440,0.0,0,0.000000,,0.000000,1.000000,1.000000,0.000000,0.000000,0.000000,0.000000,0.000000,0.000000,0.000000,0
CENTER,518,16.5760,0.0,0,0.000000,,0.000000,1.000000,1.000000,0.000000,0.000000,0.000000,0.000000,0.000000,0.000000,0.000000,0
CENTER,519,16.6080,0.0,0,0.000000,,0.000000,1.000000,1.000000,0.000000,0.000000,0.000000,0.000000,0.000000,0.000000,0.000000,0
CENTER,520,16.6400,0.0,0,0.000000,,0.000000,1.000000,1.000000,0.000000,0.000000,0.000000,0.000000,0.000000,0.000000,0.000000,0
CENTER,521,16.6720,0.0,0,0.000000,,0.000000,1.000000,1.000000,0.000000,0.000000,0.000000,0.000000,0.000000,0.000000,0.000000,0
CENTER,522,16.7040,0.0,0,0.000000,,0.000000,1.000000,1.000000,0.000000,0.000000,0.000000,0.000000,0.000000,0.000000,0.000000,0
CENTER,523,16.7360,0.0,0,0.000000,,0.000000,1.000000,1.000000,0.000000,0.000000,0.000000,0.000000,0.000000,0.000000,0.000000,0
CENTER,524,16.7680,0.0,0,0.000000,,0.000000,1.000000,1.000000,0.000000,0.000000,0.000000,0.000000,0.000000,0.000000,0.000000,0
CENTER,525,16.8000,0.0,0,0.000000,,0.000000,1.000000,1.000000,0.000000,0.000000,0.000000,0.000000,0.000000,0.000000,0.000000,0
CENTER,526,16.8320,0.0,0,0.000000,,0.000000,1.000000,1.000000,0.000000,0.000000,0.000000,0.000000,0.000000,0.000000,0.000000,0
CENTER,527,16.8640,0.0,0,0.000000,,0.000000,1.000000,1.000000,0.000000,0.000000,0.000000,0.000000,0.000000,0.000000,0.000000,0
CENTER,528,16.8960,0.0,0,0.000000,,0.000000,1.000000,1.000000,0.000000,0.000000,0.000000,0.000000,0.000000,0.000000,0.000000,0
CENTER,529,16.9280,0.0,0,0.000000,,0.000000,1.000000,1.000000,0.000000,0.000000,0.000000,0.000000,0.000000,0.000000,0.000000,0
CENTER,530,16.9600,0.0,0,0.000000,,0.000000,1.000000,1.000000,0.000000,0.000000,0.000000,0.000000,0.000000,0.000000,0.000000,0
CENTER,531,16.9920,0.0,0,0.000000,,0.000000,1.000000,1.000000,0.000000,0.000000,0.000000,0.000000,0.000000,0.000000,0.000000,0
CENTER,532,17.0240,0.0,0,0.000000,,0.000000,1.000000,1.000000,0.000000,0.000000,0.000000,0.000000,0.000000,0.000000,0.000000,0
CENTER,533,17.0560,0.0,0,0.000000,,0.000000,1.000000,1.000000,0.000000,0.000000,0.000000,0.000000,0.000000,0.000000,0.000000,0
CENTER,534,17.0880,0.0,0,0.000000,,0.000000,1.000000,1.000000,0.000000,0.000000,0.000000,0.000000,0.000000,0.000000,0.000000,0
CENTER,535,17.1200,0.0,0,0.000000,,0.000000,1.000000,1.000000,0.000000,0.000000,0.000000,0.000000,0.000000,0.000000,0.000000,0
CENTER,536,17.1520,0.0,0,0.000000,,0.000000,1.000000,1.000000,0.000000,0.000000,0.000000,0.000000,0.000000,0.000000,0.000000,0
CENTER,537,17.1840,0.0,0,0.000000,,0.000000,1.000000,1.000000,0.000000,0.000000,0.000000,0.000000,0.000000,0.000000,0.000000,0
CENTER,538,17.2160,0.0,0,0.000000,,0.000000,1.000000,1.000000,0.000000,0.000000,0.000000,0.000000,0.000000,0.000000,0.000000,0
CENTER,539,17.2480,0.0,0,0.000000,,0.000000,1.000000,1.000000,0.000000,0.000000,0.000000,0.000000,0.000000,0.000000,0.000000,0
CENTER,540,17.2800,0.0,0,0.000000,,0.000000,1.000000,1.000000,0.000000,0.000000,0.000000,0.000000,0.000000,0.000000,0.000000,0
CENTER,541,17.3120,0.0,0,0.000000,,0.000000,1.000000,1.000000,0.000000,0.000000,0.000000,0.000000,0.000000,0.000000,0.000000,0
CENTER,542,17.3440,0.0,0,0.000000,,0.000000,1.000000,1.000000,0.000000,0.000000,0.000000,0.000000,0.000000,0.000000,0.000000,0
CENTER,543,17.3760,0.0,0,0.000000,,0.000000,1.000000,1.000000,0.000000,0.000000,0.000000,0.000000,0.000000,0.000000,0.000000,0
CENTER,544,17.4080,0.0,0,0.000000,,0.000000,1.000000,1.000000,0.000000,0.000000,0.000000,0.000000,0.000000,0.000000,0.000000,0
CENTER,545,17.4400,0.0,0,0.000000,,0.000000,1.000000,1.000000,0.000000,0.000000,0.000000,0.000000,0.000000,0.000000,0.000000,0
CENTER,546,17.4720,0.0,0,0.000000,,0.000000,1.000000,1.000000,0.000000,0.000000,0.000000,0.000000,0.000000,0.000000,0.000000,0
CENTER,547,17.5040,0.0,0,0.000000,,0.000000,1.000000,1.000000,0.000000,0.000000,0.000000,0.000000,0.000000,0.000000,0.000000,0
CENTER,548,17.5360,0.0,0,0.000000,,0.000000,1.000000,1.000000,0.000000,0.000000,0.000000,0.000000,0.000000,0.000000,0.000000,0
CENTER,549,17.5680,0.0,0,0.000000,,0.000000,1.000000,1.000000,0.000000,0.000000,0.000000,0.000000,0.000000,0.000000,0.000000,0
CENTER,550,17.6000,0.0,0,0.000000,,0.000000,1.000000,1.000000,0.000000,0.000000,0.000000,0.000000,0.000000,0.000000,0.000000,0
CENTER,551,17.6320,0.0,0,0.000000,,0.000000,1.000000,1.000000,0.000000,0.000000,0.000000,0.000000,0.000000,0.000000,0.000000,0
CENTER,552,17.6640,0.0,0,0.000000,,0.000000,1.000000,1.000000,0.000000,0.000000,0.000000,0.000000,0.000000,0.000000,0.000000,0
CENTER,553,17.6960,0.0,0,0.000000,,0.000000,1.000000,1.000000,0.000000,0.000000,0.000000,0.000000,0.000000,0.000000,0.000000,0
CENTER,554,17.7280,0.0,0,0.000000,,0.000000,1.000000,1.000000,0.000000,0.000000,0.000000,0.000000,0.000000,0.000000,0.000000,0
CENTER,555,17.7600,0.0,0,0.000000,,0.000000,1.000000,1.000000,0.000000,0.000000,0.000000,0.000000,0.000000,0.000000,0.000000,0
CENTER,556,17.7920,0.0,0,0.000000,,0.000000,1.000000,1.000000,0.000000,0.000000,0.000000,0.000000,0.000000,0.000000,0.000000,0
CENTER,557,17.8240,0.0,0,0.000000,,0.000000,1.000000,1.000000,0.000000,0.000000,0.000000,0.000000,0.000000,0.000000,0.000000,0
CENTER,558,17.8560,0.0,0,0.000000,,0.000000,1.000000,1.000000,0.000000,0.000000,0.000000,0.000000,0.000000,0.000000,0.000000,0
CENTER,559,17.8880,0.0,0,0.000000,,0.000000,1.000000,1.000000,0.000000,0.000000,0.000000,0.000000,0.000000,0.000000,0.000000,0
CENTER,560,17.9200,0.0,0,0.000000,,0.000000,1.000000,1.000000,0.000000,0.000000,0.000000,0.000000,0.000000,0.000000,0.000000,0
CENTER,561,17.9520,0.0,0,0.000000,,0.000000,1.000000,1.000000,0.000000,0.000000,0.000000,0.000000,0.000000,0.000000,0.000000,0
CENTER,562,17.9840,0.0,0,0.000000,,0.000000,1.000000,1.000000,0.000000,0.000000,0.000000,0.000000,0.000000,0.000000,0.000000,0
RIGHT,1,0.0320,-15.0,0,0.000000,,0.000000,1.000000,1.000000,0.000000,0.000000,0.000000,0.000000,0.000000,0.000000,0.000000,0
RIGHT,2,0.0640,-15.0,0,0.000000,,0.000000,1.000000,1.000000,0.000000,0.000000,0.000000,0.000000,0.000000,0.000000,0.000000,0
RIGHT,3,0.0960,-15.0,0,0.000000,,0.000000,1.000000,1.000000,0.000000,0.000000,0.000000,0.000000,0.000000,0.000000,0.000000,0
RIGHT,4,0.1280,-15.0,0,0.000000,,0.000000,1.000000,1.000000,0.000000,0.000000,0.000000,0.000000,0.000000,0.000000,0.000000,0
RIGHT,5,0.1600,-15.0,0,0.000000,,0.000000,1.000000,1.000000,0.000000,0.000000,0.000000,0.000000,0.000000,0.000000,0.000000,0
RIGHT,6,0.1920,-15.0,0,0.000000,,0.000000,1.000000,1.000000,0.000000,0.000000,0.000000,0.000000,0.000000,0.000000,0.000000,0
RIGHT,7,0.2240,-15.0,0,0.000000,,0.000000,1.000000,1.000000,0.000000,0.000000,0.000000,0.000000,0.000000,0.000000,0.000000,0
RIGHT,8,0.2560,-15.0,0,0.000000,,0.000000,1.000000,1.000000,0.000000,0.000000,0.000000,0.000000,0.000000,0.000000,0.000000,0
RIGHT,9,0.2880,-15.0,0,0.000000,,0.000000,1.000000,1.000000,0.000000,0.000000,0.000000,0.000000,0.000000,0.000000,0.000000,0
RIGHT,10,0.3200,-15.0,0,0.000000,,0.000000,1.000000,1.000000,0.000000,0.000000,0.000000,0.000000,0.000000,0.000000,0.000000,0
RIGHT,11,0.3520,-15.0,0,0.000000,,0.000000,1.000000,1.000000,0.000000,0.000000,0.000000,0.000000,0.000000,0.000000,0.000000,0
RIGHT,12,0.3840,-15.0,0,0.000000,,0.000000,1.000000,1.000000,0.000000,0.000000,0.000000,0.000000,0.000000,0.000000,0.000000,0
RIGHT,13,0.4160,-15.0,0,0.000000,,0.000000,1.000000,1.000000,0.000000,0.000000,0.000000,0.000000,0.000000,0.000000,0.000000,0
RIGHT,14,0.4480,-15.0,0,0.000000,,0.000000,1.000000,1.000000,0.000000,0.000000,0.000000,0.000000,0.000000,0.000000,0.000000,0
RIGHT,15,0.4800,-15.0,0,0.000000,,0.000000,1.000000,1.000000,0.000000,0.000000,0.000000,0.000000,0.000000,0.000000,0.000000,0
RIGHT,16,0.5120,-15.0,0,0.000000,,0.000000,1.000000,1.000000,0.000000,0.000000,0.000000,0.000000,0.000000,0.000000,0.000000,0
RIGHT,17,0.5440,-15.0,0,0.000000,,0.000000,1.000000,1.000000,0.000000,0.000000,0.000000,0.000000,0.000000,0.000000,0.000000,0
RIGHT,18,0.5760,-15.0,0,0.000000,,0.000000,1.000000,1.000000,0.000000,0.000000,0.000000,0.000000,0.000000,0.000000,0.000000,0
RIGHT,19,0.6080,-15.0,0,0.000000,,0.000000,1.000000,1.000000,0.000000,0.000000,0.000000,0.000000,0.000000,0.000000,0.000000,0
RIGHT,20,0.6400,-15.0,0,0.000000,,0.000000,1.000000,1.000000,0.000000,0.000000,0.000000,0.000000,0.000000,0.000000,0.000000,0
RIGHT,21,0.6720,-15.0,0,0.000000,,0.000000,1.000000,1.000000,0.000000,0.000000,0.000000,0.000000,0.000000,0.000000,0.000000,0
RIGHT,22,0.7040,-15.0,0,0.000000,,0.000000,1.000000,1.000000,0.000000,0.000000,0.000000,0.000000,0.000000,0.000000,0.000000,0
RIGHT,23,0.7360,-15.0,0,0.000000,,0.000000,1.000000,1.000000,0.000000,0.000000,0.000000,0.000000,0.000000,0.000000,0.000000,0
RIGHT,24,0.7680,-15.0,0,0.000000,,0.000000,1.000000,1.000000,0.000000,0.000000,0.000000,0.000000,0.000000,0.000000,0.000000,0
RIGHT,25,0.8000,-15.0,0,0.000000,,0.000000,1.000000,1.000000,0.000000,0.000000,0.000000,0.000000,0.000000,0.000000,0.000000,0
RIGHT,26,0.8320,-15.0,0,0.000000,,0.000000,1.000000,1.000000,0.000000,0.000000,0.000000,0.000000,0.000000,0.000000,0.000000,0
RIGHT,27,0.8640,-15.0,0,0.000000,,0.000000,1.000000,1.000000,0.000000,0.000000,0.000000,0.000000,0.000000,0.000000,0.000000,0
RIGHT,28,0.8960,-15.0,0,0.000000,,0.000000,1.000000,1.000000,0.000000,0.000000,0.000000,0.000000,0.000000,0.000000,0.000000,0
RIGHT,29,0.9280,-15.0,0,0.000000,,0.000000,1.000000,1.000000,0.000000,0.000000,0.000000,0.000000,0.000000,0.000000,0.000000,0
RIGHT,30,0.9600,-15.0,0,0.000000,,0.000000,1.000000,1.000000,0.000000,0.000000,0.000000,0.000000,0.000000,0.000000,0.000000,0
RIGHT,31,0.9920,-15.0,0,0.000000,,0.000000,1.000000,1.000000,0.000000,0.000000,0.000000,0.000000,0.000000,0.000000,0.000000,0
RIGHT,32,1.0240,-15.0,0,0.000000,,0.000000,1.000000,1.000000,0.000000,0.000000,0.000000,0.000000,0.000000,0.000000,0.000000,0
RIGHT,33,1.0560,-15.0,0,0.000000,,0.000000,1.000000,1.000000,0.000000,0.000000,0.000000,0.000000,0.000000,0.000000,0.000000,0
RIGHT,34,1.0880,-15.0,0,0.000000,,0.000000,1.000000,1.000000,0.000000,0.000000,0.000000,0.000000,0.000000,0.000000,0.000000,0
RIGHT,35,1.1200,-15.0,0,0.000000,,0.000000,1.000000,1.000000,0.000000,0.000000,0.000000,0.000000,0.000000,0.000000,0.000000,0
RIGHT,36,1.1520,-15.0,0,0.000000,,0.000000,1.000000,1.000000,0.000000,0.000000,0.000000,0.000000,0.000000,0.000000,0.000000,0
RIGHT,37,1.1840,-15.0,0,0.000000,,0.000000,1.000000,1.000000,0.000000,0.000000,0.000000,0.000000,0.000000,0.000000,0.000000,0
RIGHT,38,1.2160,-15.0,0,0.000000,,0.000000,1.000000,1.000000,0.000000,0.000000,0.000000,0.000000,0.000000,0.000000,0.000000,0
RIGHT,39,1.2480,-15.0,0,0.000000,,0.000000,1.000000,1.000000,0.000000,0.000000,0.000000,0.000000,0.000000,0.000000,0.000000,0
RIGHT,40,1.2800,-15.0,0,0.000000,,0.000000,1.000000,1.000000,0.000000,0.000000,0.000000,0.000000,0.000000,0.000000,0.000000,0
RIGHT,41,1.3120,-15.0,0,0.000000,,0.000000,1.000000,1.000000,0.000000,0.000000,0.000000,0.000000,0.000000,0.000000,0.000000,0
RIGHT,42,1.3440,-15.0,0,0.000000,,0.000000,1.000000,1.000000,0.000000,0.000000,0.000000,0.000000,0.000000,0.000000,0.000000,0
RIGHT,43,1.3760,-15.0,0,0.000000,,0.000000,1.000000,1.000000,0.000000,0.000000,0.000000,0.000000,0.000000,0.000000,0.000000,0
RIGHT,44,1.4080,-15.0,0,0.000000,,0.000000,1.000000,1.000000,0.000000,0.000000,0.000000,0.000000,0.000000,0.000000,0.000000,0
RIGHT,45,1.4400,-15.0,0,0.000000,,0.000000,1.000000,1.000000,0.000000,0.000000,0.000000,0.000000,0.000000,0.000000,0.000000,0
RIGHT,46,1.4720,-15.0,0,0.000000,,0.000000,1.000000,1.000000,0.000000,0.000000,0.000000,0.000000,0.000000,0.000000,0.000000,0
RIGHT,47,1.5040,-15.0,0,0.000000,,0.000000,1.000000,1.000000,0.000000,0.000000,0.000000,0.000000,0.000000,0.000000,0.000000,0
RIGHT,48,1.5360,-15.0,0,0.000000,,0.000000,1.000000,1.000000,0.000000,0.000000,0.000000,0.000000,0.000000,0.000000,0.000000,0
RIGHT,49,1.5680,-15.0,0,0.000000,,0.000000,1.000000,1.000000,0.000000,0.000000,0.000000,0.000000,0.000000,0.000000,0.000000,0
RIGHT,50,1.6000,-15.0,0,0.000000,,0.000000,1.000000,1.000000,0.000000,0.000000,0.000000,0.000000,0.000000,0.000000,0.000000,0
RIGHT,51,1.6320,-15.0,0,0.000000,,0.000000,1.000000,1.000000,0.000000,0.000000,0.000000,0.000000,0.000000,0.000000,0.000000,0
RIGHT,52,1.6640,-15.0,0,0.000000,,0.000000,1.000000,1.000000,0.000000,0.000000,0.000000,0.000000,0.000000,0.000000,0.000000,0
RIGHT,53,1.6960,-15.0,0,0.000000,,0.000000,1.000000,1.000000,0.000000,0.000000,0.000000,0.000000,0.000000,0.000000,0.000000,0
RIGHT,54,1.7280,-15.0,0,0.000000,,0.000000,1.000000,1.000000,0.000000,0.000000,0.000000,0.000000,0.000000,0.000000,0.000000,0
RIGHT,55,1.7600,-15.0,0,0.000000,,0.000000,1.000000,1.000000,0.000000,0.000000,0.000000,0.000000,0.000000,0.000000,0.000000,0
RIGHT,56,1.7920,-15.0,0,0.000000,,0.000000,1.000000,1.000000,0.000000,0.000000,0.000000,0.000000,0.000000,0.000000,0.000000,0
RIGHT,57,1.8240,-15.0,0,0.000000,,0.000000,1.000000,1.000000,0.000000,0.000000,0.000000,0.000000,0.000000,0.000000,0.000000,0
RIGHT,58,1.8560,-15.0,0,0.000000,,0.000000,1.000000,1.000000,0.000000,0.000000,0.000000,0.000000,0.000000,0.000000,0.000000,0
RIGHT,59,1.8880,-15.0,0,0.000000,,0.000000,1.000000,1.000000,0.000000,0.000000,0.000000,0.000000,0.000000,0.000000,0.000000,0
RIGHT,60,1.9200,-15.0,0,0.000000,,0.000000,1.000000,1.000000,0.000000,0.000000,0.000000,0.000000,0.000000,0.000000,0.000000,0
RIGHT,61,1.9520,-15.0,0,0.000000,,0.000000,1.000000,1.000000,0.000000,0.000000,0.000000,0.000000,0.000000,0.000000,0.000000,0
RIGHT,62,1.9840,-15.0,0,0.000000,,0.000000,1.000000,1.000000,0.000000,0.000000,0.000000,0.000000,0.000000,0.000000,0.000000,0
RIGHT,63,2.0160,-15.0,0,0.000000,,0.000000,1.000000,1.000000,0.000000,0.000000,0.000000,0.000000,0.000000,0.000000,0.000000,0
RIGHT,64,2.0480,-15.0,0,0.000000,,0.000000,1.000000,1.000000,0.000000,0.000000,0.000000,0.000000,0.000000,0.000000,0.000000,0
RIGHT,65,2.0800,-15.0,0,0.000000,,0.000000,1.000000,1.000000,0.000000,0.000000,0.000000,0.000000,0.000000,0.000000,0.000000,0
RIGHT,66,2.1120,-15.0,0,0.000000,,0.000000,1.000000,1.000000,0.000000,0.000000,0.000000,0.000000,0.000000,0.000000,0.000000,0
RIGHT,67,2.1440,-15.0,0,0.000000,,0.000000,1.000000,1.000000,0.000000,0.000000,0.000000,0.000000,0.000000,0.000000,0.000000,0
RIGHT,68,2.1760,-15.0,0,0.000000,,0.000000,1.000000,1.000000,0.000000,0.000000,0.000000,0.000000,0.000000,0.000000,0.000000,0
RIGHT,69,2.2080,-15.0,0,0.000000,,0.000000,1.000000,1.000000,0.000000,0.000000,0.000000,0.000000,0.000000,0.000000,0.000000,0
RIGHT,70,2.2400,-15.0,0,0.000000,,0.000000,1.000000,1.000000,0.000000,0.000000,0.000000,0.000000,0.000000,0.000000,0.000000,0
RIGHT,71,2.2720,-15.0,0,0.000000,,0.000000,1.000000,1.000000,0.000000,0.000000,0.000000,0.000000,0.000000,0.000000,0.000000,0
RIGHT,72,2.3040,-15.0,0,0.000000,,0.000000,1.000000,1.000000,0.000000,0.000000,0.000000,0.000000,0.000000,0.000000,0.000000,0
RIGHT,73,2.3360,-15.0,0,0.000000,,0.000000,1.000000,1.000000,0.000000,0.000000,0.000000,0.000000,0.000000,0.000000,0.000000,0
RIGHT,74,2.3680,-15.0,0,0.000000,,0.000000,1.000000,1.000000,0.000000,0.000000,0.000000,0.000000,0.000000,0.000000,0.000000,0
RIGHT,75,2.4000,-15.0,0,0.000000,,0.000000,1.000000,1.000000,0.000000,0.000000,0.000000,0.000000,0.000000,0.000000,0.000000,0
RIGHT,76,2.4320,-15.0,0,0.000000,,0.000000,1.000000,1.000000,0.000000,0.000000,0.000000,0.000000,0.000000,0.000000,0.000000,0
RIGHT,77,2.4640,-15.0,0,0.000000,,0.000000,1.000000,1.000000,0.000000,0.000000,0.000000,0.000000,0.000000,0.000000,0.000000,0
RIGHT,78,2.4960,-15.0,0,0.000000,,0.000000,1.000000,1.000000,0.000000,0.000000,0.000000,0.000000,0.000000,0.000000,0.000000,0
RIGHT,79,2.5280,-15.0,0,0.000000,,0.000000,1.000000,1.000000,0.000000,0.000000,0.000000,0.000000,0.000000,0.000000,0.000000,0
RIGHT,80,2.5600,-15.0,0,0.000000,,0.000000,1.000000,1.000000,0.000000,0.000000,0.000000,0.000000,0.000000,0.000000,0.000000,0
RIGHT,81,2.5920,-15.0,0,0.000000,,0.000000,1.000000,1.000000,0.000000,0.000000,0.000000,0.000000,0.000000,0.000000,0.000000,0
RIGHT,82,2.6240,-15.0,0,0.000000,,0.000000,1.000000,1.000000,0.000000,0.000000,0.000000,0.000000,0.000000,0.000000,0.000000,0
RIGHT,83,2.6560,-15.0,0,0.000000,,0.000000,1.000000,1.000000,0.000000,0.000000,0.000000,0.000000,0.000000,0.000000,0.000000,0
RIGHT,84,2.6880,-15.0,0,0.000000,,0.000000,1.000000,1.000000,0.000000,0.000000,0.000000,0.000000,0.000000,0.000000,0.000000,0
RIGHT,85,2.7200,-15.0,0,0.000000,,0.000000,1.000000,1.000000,0.000000,0.000000,0.000000,0.000000,0.000000,0.000000,0.000000,0
RIGHT,86,2.7520,-15.0,0,0.000000,,0.000000,1.000000,1.000000,0.000000,0.000000,0.000000,0.000000,0.000000,0.000000,0.000000,0
RIGHT,87,2.7840,-15.0,0,0.000000,,0.000000,1.000000,1.000000,0.000000,0.000000,0.000000,0.000000,0.000000,0.000000,0.000000,0
RIGHT,88,2.8160,-15.0,0,0.000000,,0.000000,1.000000,1.000000,0.000000,0.000000,0.000000,0.000000,0.000000,0.000000,0.000000,0
RIGHT,89,2.8480,-15.0,0,0.000000,,0.000000,1.000000,1.000000,0.000000,0.000000,0.000000,0.000000,0.000000,0.000000,0.000000,0
RIGHT,90,2.8800,-15.0,0,0.000000,,0.000000,1.000000,1.000000,0.000000,0.000000,0.000000,0.000000,0.000000,0.000000,0.000000,0
RIGHT,91,2.9120,-15.0,0,0.000000,,0.000000,1.000000,1.000000,0.000000,0.000000,0.000000,0.000000,0.000000,0.000000,0.000000,0
RIGHT,92,2.9440,-15.0,0,0.000000,,0.000000,1.000000,1.000000,0.000000,0.000000,0.000000,0.000000,0.000000,0.000000,0.000000,0
RIGHT,93,2.9760,-15.0,0,0.000000,,0.000000,1.000000,1.000000,0.000000,0.000000,0.000000,0.000000,0.000000,0.000000,0.000000,0
RIGHT,94,3.0080,-15.0,0,0.000000,,0.000000,1.000000,1.000000,0.000000,0.000000,0.000000,0.000000,0.000000,0.000000,0.000000,0
RIGHT,95,3.0400,-15.0,0,0.000000,,0.000000,1.000000,1.000000,0.000000,0.000000,0.000000,0.000000,0.000000,0.000000,0.000000,0
RIGHT,96,3.0720,-15.0,0,0.000000,,0.000000,1.000000,1.000000,0.000000,0.000000,0.000000,0.000000,0.000000,0.000000,0.000000,0
RIGHT,97,3.1040,-15.0,0,0.000000,,0.000000,1.000000,1.000000,0.000000,0.000000,0.000000,0.000000,0.000000,0.000000,0.000000,0
RIGHT,98,3.1360,-15.0,0,0.000000,,0.000000,1.000000,1.000000,0.000000,0.000000,0.000000,0.000000,0.000000,0.000000,0.000000,0
RIGHT,99,3.1680,-15.0,0,0.000000,,0.000000,1.000000,1.000000,0.000000,0.000000,0.000000,0.000000,0.000000,0.000000,0.000000,0
RIGHT,100,3.2000,-15.0,0,0.000000,,0.000000,1.000000,1.000000,0.000000,0.000000,0.000000,0.000000,0.000000,0.000000,0.000000,0
RIGHT,101,3.2320,-15.0,0,0.000000,,0.000000,1.000000,1.000000,0.000000,0.000000,0.000000,0.000000,0.000000,0.000000,0.000000,0
RIGHT,102,3.2640,-15.0,0,0.000000,,0.000000,1.000000,1.000000,0.000000,0.000000,0.000000,0.000000,0.000000,0.000000,0.000000,0
RIGHT,103,3.2960,-15.0,0,0.000000,,0.000000,1.000000,1.000000,0.000000,0.000000,0.000000,0.000000,0.000000,0.000000,0.000000,0
RIGHT,104,3.3280,-15.0,0,0.000000,,0.000000,1.000000,1.000000,0.000000,0.000000,0.000000,0.000000,0.000000,0.000000,0.000000,0
RIGHT,105,3.3600,-15.0,0,0.000000,,0.000000,1.000000,1.000000,0.000000,0.000000,0.000000,0.000000,0.000000,0.000000,0.000000,0
RIGHT,106,3.3920,-15.0,0,0.000000,,0.000000,1.000000,1.000000,0.000000,0.000000,0.000000,0.000000,0.000000,0.000000,0.000000,0
RIGHT,107,3.4240,-15.0,0,0.000000,,0.000000,1.000000,1.000000,0.000000,0.000000,0.000000,0.000000,0.000000,0.000000,0.000000,0
RIGHT,108,3.4560,-15.0,0,0.000000,,0.000000,1.000000,1.000000,0.000000,0.000000,0.000000,0.000000,0.000000,0.000000,0.000000,0
RIGHT,109,3.4880,-15.0,0,0.000000,,0.000000,1.000000,1.000000,0.000000,0.000000,0.000000,0.000000,0.000000,0.000000,0.000000,0
RIGHT,110,3.5200,-15.0,0,0.000000,,0.000000,1.000000,1.000000,0.000000,0.000000,0.000000,0.000000,0.000000,0.000000,0.000000,0
RIGHT,111,3.5520,-15.0,0,0.000000,,0.000000,1.000000,1.000000,0.000000,0.000000,0.000000,0.000000,0.000000,0.000000,0.000000,0
RIGHT,112,3.5840,-15.0,0,0.000000,,0.000000,1.000000,1.000000,0.000000,0.000000,0.000000,0.000000,0.000000,0.000000,0.000000,0
RIGHT,113,3.6160,-15.0,0,0.000000,,0.000000,1.000000,1.000000,0.000000,0.000000,0.000000,0.000000,0.000000,0.000000,0.000000,0
RIGHT,114,3.6480,-15.0,0,0.000000,,0.000000,1.000000,1.000000,0.000000,0.000000,0.000000,0.000000,0.000000,0.000000,0.000000,0
RIGHT,115,3.6800,-15.0,0,0.000000,,0.000000,1.000000,1.000000,0.000000,0.000000,0.000000,0.000000,0.000000,0.000000,0.000000,0
RIGHT,116,3.7120,-15.0,0,0.000000,,0.000000,1.000000,1.000000,0.000000,0.000000,0.000000,0.000000,0.000000,0.000000,0.000000,0
RIGHT,117,3.7440,-15.0,0,0.000000,,0.000000,1.000000,1.000000,0.000000,0.000000,0.000000,0.000000,0.000000,0.000000,0.000000,0
RIGHT,118,3.7760,-15.0,0,0.000000,,0.000000,1.000000,1.000000,0.000000,0.000000,0.000000,0.000000,0.000000,0.000000,0.000000,0
RIGHT,119,3.8080,-15.0,0,0.000000,,0.000000,1.000000,1.000000,0.000000,0.000000,0.000000,0.000000,0.000000,0.000000,0.000000,0
RIGHT,120,3.8400,-15.0,0,0.000000,,0.000000,1.000000,1.000000,0.000000,0.000000,0.000000,0.000000,0.000000,0.000000,0.000000,0
RIGHT,121,3.8720,-15.0,0,0.000000,,0.000000,1.000000,1.000000,0.000000,0.000000,0.000000,0.000000,0.000000,0.000000,0.000000,0
RIGHT,122,3.9040,-15.0,0,0.000000,,0.000000,1.000000,1.000000,0.000000,0.000000,0.000000,0.000000,0.000000,0.000000,0.000000,0
RIGHT,123,3.9360,-15.0,0,0.000000,,0.000000,1.000000,1.000000,0.000000,0.000000,0.000000,0.000000,0.000000,0.000000,0.000000,0
RIGHT,124,3.9680,-15.0,0,0.000000,,0.000000,1.000000,1.000000,0.000000,0.000000,0.000000,0.000000,0.000000,0.000000,0.000000,0
RIGHT,125,4.0000,-15.0,0,0.000000,,0.000000,1.000000,1.000000,0.000000,0.000000,0.000000,0.000000,0.000000,0.000000,0.000000,0
RIGHT,126,4.0320,-15.0,0,0.000000,,0.000000,1.000000,1.000000,0.000000,0.000000,0.000000,0.000000,0.000000,0.000000,0.000000,0
RIGHT,127,4.0640,-15.0,0,0.000000,,0.000000,1.000000,1.000000,0.000000,0.000000,0.000000,0.000000,0.000000,0.000000,0.000000,0
RIGHT,128,4.0960,-15.0,0,0.000000,,0.000000,1.000000,1.000000,0.000000,0.000000,0.000000,0.000000,0.000000,0.000000,0.000000,0
RIGHT,129,4.1280,-15.0,0,0.000000,,0.000000,1.000000,1.000000,0.000000,0.000000,0.000000,0.000000,0.000000,0.000000,0.000000,0
RIGHT,130,4.1600,-15.0,0,0.000000,,0.000000,1.000000,1.000000,0.000000,0.000000,0.000000,0.000000,0.000000,0.000000,0.000000,0
RIGHT,131,4.1920,-15.0,0,0.000000,,0.000000,1.000000,1.000000,0.000000,0.000000,0.000000,0.000000,0.000000,0.000000,0.000000,0
RIGHT,132,4.2240,-15.0,0,0.000000,,0.000000,1.000000,1.000000,0.000000,0.000000,0.000000,0.000000,0.000000,0.000000,0.000000,0
RIGHT,133,4.2560,-15.0,0,0.000000,,0.000000,1.000000,1.000000,0.000000,0.000000,0.000000,0.000000,0.000000,0.000000,0.000000,0
RIGHT,134,4.2880,-15.0,0,0.000000,,0.000000,1.000000,1.000000,0.000000,0.000000,0.000000,0.000000,0.000000,0.000000,0.000000,0
RIGHT,135,4.3200,-15.0,0,0.000000,,0.000000,1.000000,1.000000,0.000000,0.000000,0.000000,0.000000,0.000000,0.000000,0.000000,0
RIGHT,136,4.3520,-15.0,0,0.000000,,0.000000,1.000000,1.000000,0.000000,0.000000,0.000000,0.000000,0.000000,0.000000,0.000000,0
RIGHT,137,4.3840,-15.0,0,0.000000,,0.000000,1.000000,1.000000,0.000000,0.000000,0.000000,0.000000,0.000000,0.000000,0.000000,0
RIGHT,138,4.4160,-15.0,0,0.000000,,0.000000,1.000000,1.000000,0.000000,0.000000,0.000000,0.000000,0.000000,0.000000,0.000000,0
RIGHT,139,4.4480,-15.0,0,0.000000,,0.000000,1.000000,1.000000,0.000000,0.000000,0.000000,0.000000,0.000000,0.000000,0.000000,0
RIGHT,140,4.4800,-15.0,0,0.000000,,0.000000,1.000000,1.000000,0.000000,0.000000,0.000000,0.000000,0.000000,0.000000,0.000000,0
RIGHT,141,4.5120,-15.0,0,0.000000,,0.000000,1.000000,1.000000,0.000000,0.000000,0.000000,0.000000,0.000000,0.000000,0.000000,0
RIGHT,142,4.5440,-15.0,0,0.000000,,0.000000,1.000000,1.000000,0.000000,0.000000,0.000000,0.000000,0.000000,0.000000,0.000000,0
RIGHT,143,4.5760,-15.0,0,0.000000,,0.000000,1.000000,1.000000,0.000000,0.000000,0.000000,0.000000,0.000000,0.000000,0.000000,0
RIGHT,144,4.6080,-15.0,0,0.000000,,0.000000,1.000000,1.000000,0.000000,0.000000,0.000000,0.000000,0.000000,0.000000,0.000000,0
RIGHT,145,4.6400,-15.0,0,0.000000,,0.000000,1.000000,1.000000,0.000000,0.000000,0.000000,0.000000,0.000000,0.000000,0.000000,0
RIGHT,146,4.6720,-15.0,0,0.000000,,0.000000,1.000000,1.000000,0.000000,0.000000,0.000000,0.000000,0.000000,0.000000,0.000000,0
RIGHT,147,4.7040,-15.0,0,0.000000,,0.000000,1.000000,1.000000,0.000000,0.000000,0.000000,0.000000,0.000000,0.000000,0.000000,0
RIGHT,148,4.7360,-15.0,0,0.000000,,0.000000,1.000000,1.000000,0.000000,0.000000,0.000000,0.000000,0.000000,0.000000,0.000000,0
RIGHT,149,4.7680,-15.0,0,0.000000,,0.000000,1.000000,1.000000,0.000000,0.000000,0.000000,0.000000,0.000000,0.000000,0.000000,0
RIGHT,150,4.8000,-15.0,0,0.000000,,0.000000,1.000000,1.000000,0.000000,0.000000,0.000000,0.000000,0.000000,0.000000,0.000000,0
RIGHT,151,4.8320,-15.0,0,0.000000,,0.000000,1.000000,1.000000,0.000000,0.000000,0.000000,0.000000,0.000000,0.000000,0.000000,0
RIGHT,152,4.8640,-15.0,0,0.000000,,0.000000,1.000000,1.000000,0.000000,0.000000,0.000000,0.000000,0.000000,0.000000,0.000000,0
RIGHT,153,4.8960,-15.0,0,0.000000,,0.000000,1.000000,1.000000,0.000000,0.000000,0.000000,0.000000,0.000000,0.000000,0.000000,0
RIGHT,154,4.9280,-15.0,0,0.000000,,0.000000,1.000000,1.000000,0.000000,0.000000,0.000000,0.000000,0.000000,0.000000,0.000000,0
RIGHT,155,4.9600,-15.0,0,0.000000,,0.000000,1.000000,1.000000,0.000000,0.000000,0.000000,0.000000,0.000000,0.000000,0.000000,0
RIGHT,156,4.9920,-15.0,0,0.000000,,0.000000,1.000000,1.000000,0.000000,0.000000,0.000000,0.000000,0.000000,0.000000,0.000000,0
RIGHT,157,5.0240,-15.0,0,0.000000,,0.000000,1.000000,1.000000,0.000000,0.000000,0.000000,0.000000,0.000000,0.000000,0.000000,0
RIGHT,158,5.0560,-15.0,0,0.000000,,0.000000,1.000000,1.000000,0.000000,0.000000,0.000000,0.000000,0.000000,0.000000,0.000000,0
RIGHT,159,5.0880,-15.0,0,0.000000,,0.000000,1.000000,1.000000,0.000000,0.000000,0.000000,0.000000,0.000000,0.000000,0.000000,0
RIGHT,160,5.1200,-15.0,0,0.000000,,0.000000,1.000000,1.000000,0.000000,0.000000,0.000000,0.000000,0.000000,0.000000,0.000000,0
RIGHT,161,5.1520,-15.0,0,0.000000,,0.000000,1.000000,1.000000,0.000000,0.000000,0.000000,0.000000,0.000000,0.000000,0.000000,0
RIGHT,162,5.1840,-15.0,0,0.000000,,0.000000,1.000000,1.000000,0.000000,0.000000,0.000000,0.000000,0.000000,0.000000,0.000000,0
RIGHT,163,5.2160,-15.0,0,0.000000,,0.000000,1.000000,1.000000,0.000000,0.000000,0.000000,0.000000,0.000000,0.000000,0.000000,0
RIGHT,164,5.2480,-15.0,0,0.000000,,0.000000,1.000000,1.000000,0.000000,0.000000,0.000000,0.000000,0.000000,0.000000,0.000000,0
RIGHT,165,5.2800,-15.0,0,0.000000,,0.000000,1.000000,1.000000,0.000000,0.000000,0.000000,0.000000,0.000000,0.000000,0.000000,0
RIGHT,166,5.3120,-15.0,0,0.000000,,0.000000,1.000000,1.000000,0.000000,0.000000,0.000000,0.000000,0.000000,0.000000,0.000000,0
RIGHT,167,5.3440,-15.0,0,0.000000,,0.000000,1.000000,1.000000,0.000000,0.000000,0.000000,0.000000,0.000000,0.000000,0.000000,0
RIGHT,168,5.3760,-15.0,0,0.000000,,0.000000,1.000000,1.000000,0.000000,0.000000,0.000000,0.000000,0.000000,0.000000,0.000000,0
RIGHT,169,5.4080,-15.0,0,0.000000,,0.000000,1.000000,1.000000,0.000000,0.000000,0.000000,0.000000,0.000000,0.000000,0.000000,0
RIGHT,170,5.4400,-15.0,0,0.000000,,0.000000,1.000000,1.000000,0.000000,0.000000,0.000000,0.000000,0.000000,0.000000,0.000000,0
RIGHT,171,5.4720,-15.0,0,0.000000,,0.000000,1.000000,1.000000,0.000000,0.000000,0.000000,0.000000,0.000000,0.000000,0.000000,0
RIGHT,172,5.5040,-15.0,0,0.000000,,0.000000,1.000000,1.000000,0.000000,0.000000,0.000000,0.000000,0.000000,0.000000,0.000000,0
RIGHT,173,5.5360,-15.0,0,0.000000,,0.000000,1.000000,1.000000,0.000000,0.000000,0.000000,0.000000,0.000000,0.000000,0.000000,0
RIGHT,174,5.5680,-15.0,0,0.000000,,0.000000,1.000000,1.000000,0.000000,0.000000,0.000000,0.000000,0.000000,0.000000,0.000000,0
RIGHT,175,5.6000,-15.0,0,0.000000,,0.000000,1.000000,1.000000,0.000000,0.000000,0.000000,0.000000,0.000000,0.000000,0.000000,0
RIGHT,176,5.6320,-15.0,0,0.000000,,0.000000,1.000000,1.000000,0.000000,0.000000,0.000000,0.000000,0.000000,0.000000,0.000000,0
RIGHT,177,5.6640,-15.0,0,0.000000,,0.000000,1.000000,1.000000,0.000000,0.000000,0.000000,0.000000,0.000000,0.000000,0.000000,0
RIGHT,178,5.6960,-15.0,0,0.000000,,0.000000,1.000000,1.000000,0.000000,0.000000,0.000000,0.000000,0.000000,0.000000,0.000000,0
RIGHT,179,5.7280,-15.0,0,0.000000,,0.000000,1.000000,1.000000,0.000000,0.000000,0.000000,0.000000,0.000000,0.000000,0.000000,0
RIGHT,180,5.7600,-15.0,0,0.000000,,0.000000,1.000000,1.000000,0.000000,0.000000,0.000000,0.000000,0.000000,0.000000,0.000000,0
RIGHT,181,5.7920,-15.0,0,0.000000,,0.000000,1.000000,1.000000,0.000000,0.000000,0.000000,0.000000,0.000000,0.000000,0.000000,0
RIGHT,182,5.8240,-15.0,0,0.000000,,0.000000,1.000000,1.000000,0.000000,0.000000,0.000000,0.000000,0.000000,0.000000,0.000000,0
RIGHT,183,5.8560,-15.0,0,0.000000,,0.000000,1.000000,1.000000,0.000000,0.000000,0.000000,0.000000,0.000000,0.000000,0.000000,0
RIGHT,184,5.8880,-15.0,0,0.000000,,0.000000,1.000000,1.000000,0.000000,0.000000,0.000000,0.000000,0.000000,0.000000,0.000000,0
RIGHT,185,5.9200,-15.0,0,0.000000,,0.000000,1.000000,1.000000,0.000000,0.000000,0.000000,0.000000,0.000000,0.000000,0.000000,0
RIGHT,186,5.9520,-15.0,0,0.000000,,0.000000,1.000000,1.000000,0.000000,0.000000,0.000000,0.000000,0.000000,0.000000,0.000000,0
RIGHT,187,5.9840,-15.0,0,0.000000,,0.000000,1.000000,1.000000,0.000000,0.000000,0.000000,0.000000,0.000000,0.000000,0.000000,0
RIGHT,188,6.0160,-15.0,0,0.000000,,0.000000,1.000000,1.000000,0.000000,0.000000,0.000000,0.000000,0.000000,0.000000,0.000000,0
RIGHT,189,6.0480,-15.0,0,0.000000,,0.000000,1.000000,1.000000,0.000000,0.000000,0.000000,0.000000,0.000000,0.000000,0.000000,0
RIGHT,190,6.0800,-15.0,0,0.000000,,0.000000,1.000000,1.000000,0.000000,0.000000,0.000000,0.000000,0.000000,0.000000,0.000000,0
RIGHT,191,6.1120,-15.0,0,0.000000,,0.000000,1.000000,1.000000,0.000000,0.000000,0.000000,0.000000,0.000000,0.000000,0.000000,0
RIGHT,192,6.1440,-15.0,0,0.000000,,0.000000,1.000000,1.000000,0.000000,0.000000,0.000000,0.000000,0.000000,0.000000,0.000000,0
RIGHT,193,6.1760,-15.0,0,0.000000,,0.000000,1.000000,1.000000,0.000000,0.000000,0.000000,0.000000,0.000000,0.000000,0.000000,0
RIGHT,194,6.2080,-15.0,0,0.000000,,0.000000,1.000000,1.000000,0.000000,0.000000,0.000000,0.000000,0.000000,0.000000,0.000000,0
RIGHT,195,6.2400,-15.0,0,0.000000,,0.000000,1.000000,1.000000,0.000000,0.000000,0.000000,0.000000,0.000000,0.000000,0.000000,0
RIGHT,196,6.2720,-15.0,0,0.000000,,0.000000,1.000000,1.000000,0.000000,0.000000,0.000000,0.000000,0.000000,0.000000,0.000000,0
RIGHT,197,6.3040,-15.0,0,0.000000,,0.000000,1.000000,1.000000,0.000000,0.000000,0.000000,0.000000,0.000000,0.000000,0.000000,0
RIGHT,198,6.3360,-15.0,0,0.000000,,0.000000,1.000000,1.000000,0.000000,0.000000,0.000000,0.000000,0.000000,0.000000,0.000000,0
RIGHT,199,6.3680,-15.0,0,0.000000,,0.000000,1.000000,1.000000,0.000000,0.000000,0.000000,0.000000,0.000000,0.000000,0.000000,0
RIGHT,200,6.4000,-15.0,0,0.000000,,0.000000,1.000000,1.000000,0.000000,0.000000,0.000000,0.000000,0.000000,0.000000,0.000000,0
RIGHT,201,6.4320,-15.0,0,0.000000,,0.000000,1.000000,1.000000,0.000000,0.000000,0.000000,0.000000,0.000000,0.000000,0.000000,0
RIGHT,202,6.4640,-15.0,0,0.000000,,0.000000,1.000000,1.000000,0.000000,0.000000,0.000000,0.000000,0.000000,0.000000,0.000000,0
RIGHT,203,6.4960,-15.0,0,0.000000,,0.000000,1.000000,1.000000,0.000000,0.000000,0.000000,0.000000,0.000000,0.000000,0.000000,0
RIGHT,204,6.5280,-15.0,0,0.000000,,0.000000,1.000000,1.000000,0.000000,0.000000,0.000000,0.000000,0.000000,0.000000,0.000000,0
RIGHT,205,6.5600,-15.0,0,0.000000,,0.000000,1.000000,1.000000,0.000000,0.000000,0.000000,0.000000,0.000000,0.000000,0.000000,0
RIGHT,206,6.5920,-15.0,0,0.000000,,0.000000,1.000000,1.000000,0.000000,0.000000,0.000000,0.000000,0.000000,0.000000,0.000000,0
RIGHT,207,6.6240,-15.0,0,0.000000,,0.000000,1.000000,1.000000,0.000000,0.000000,0.000000,0.000000,0.000000,0.000000,0.000000,0
RIGHT,208,6.6560,-15.0,0,0.000000,,0.000000,1.000000,1.000000,0.000000,0.000000,0.000000,0.000000,0.000000,0.000000,0.000000,0
RIGHT,209,6.6880,-15.0,0,0.000000,,0.000000,1.000000,1.000000,0.000000,0.000000,0.000000,0.000000,0.000000,0.000000,0.000000,0
RIGHT,210,6.7200,-15.0,0,0.000000,,0.000000,1.000000,1.000000,0.000000,0.000000,0.000000,0.000000,0.000000,0.000000,0.000000,0
RIGHT,211,6.7520,-15.0,0,0.000000,,0.000000,1.000000,1.000000,0.000000,0.000000,0.000000,0.000000,0.000000,0.000000,0.000000,0
RIGHT,212,6.7840,-15.0,0,0.000000,,0.000000,1.000000,1.000000,0.000000,0.000000,0.000000,0.000000,0.000000,0.000000,0.000000,0
RIGHT,213,6.8160,-15.0,0,0.000000,,0.000000,1.000000,1.000000,0.000000,0.000000,0.000000,0.000000,0.000000,0.000000,0.000000,0
RIGHT,214,6.8480,-15.0,0,0.000000,,0.000000,1.000000,1.000000,0.000000,0.000000,0.000000,0.000000,0.000000,0.000000,0.000000,0
RIGHT,215,6.8800,-15.0,0,0.000000,,0.000000,1.000000,1.000000,0.000000,0.000000,0.000000,0.000000,0.000000,0.000000,0.000000,0
RIGHT,216,6.9120,-15.0,0,0.000000,,0.000000,1.000000,1.000000,0.000000,0.000000,0.000000,0.000000,0.000000,0.000000,0.000000,0
RIGHT,217,6.9440,-15.0,0,0.000000,,0.000000,1.000000,1.000000,0.000000,0.000000,0.000000,0.000000,0.000000,0.000000,0.000000,0
RIGHT,218,6.9760,-15.0,0,0.000000,,0.000000,1.000000,1.000000,0.000000,0.000000,0.000000,0.000000,0.000000,0.000000,0.000000,0
RIGHT,219,7.0080,-15.0,0,0.000000,,0.000000,1.000000,1.000000,0.000000,0.000000,0.000000,0.000000,0.000000,0.000000,0.000000,0
RIGHT,220,7.0400,-15.0,0,0.000000,,0.000000,1.000000,1.000000,0.000000,0.000000,0.000000,0.000000,0.000000,0.000000,0.000000,0
RIGHT,221,7.0720,-15.0,0,0.000000,,0.000000,1.000000,1.000000,0.000000,0.000000,0.000000,0.000000,0.000000,0.000000,0.000000,0
RIGHT,222,7.1040,-15.0,0,0.000000,,0.000000,1.000000,1.000000,0.000000,0.000000,0.000000,0.000000,0.000000,0.000000,0.000000,0
RIGHT,223,7.1360,-15.0,0,0.000000,,0.000000,1.000000,1.000000,0.000000,0.000000,0.000000,0.000000,0.000000,0.000000,0.000000,0
RIGHT,224,7.1680,-15.0,0,0.000000,,0.000000,1.000000,1.000000,0.000000,0.000000,0.000000,0.000000,0.000000,0.000000,0.000000,0
RIGHT,225,7.2000,-15.0,0,0.000000,,0.000000,1.000000,1.000000,0.000000,0.000000,0.000000,0.000000,0.000000,0.000000,0.000000,0
RIGHT,226,7.2320,-15.0,0,0.000000,,0.000000,1.000000,1.000000,0.000000,0.000000,0.000000,0.000000,0.000000,0.000000,0.000000,0
RIGHT,227,7.2640,-15.0,0,0.000000,,0.000000,1.000000,1.000000,0.000000,0.000000,0.000000,0.000000,0.000000,0.000000,0.000000,0
RIGHT,228,7.2960,-15.0,0,0.000000,,0.000000,1.000000,1.000000,0.000000,0.000000,0.000000,0.000000,0.000000,0.000000,0.000000,0
RIGHT,229,7.3280,-15.0,0,0.000000,,0.000000,1.000000,1.000000,0.000000,0.000000,0.000000,0.000000,0.000000,0.000000,0.000000,0
RIGHT,230,7.3600,-15.0,0,0.000000,,0.000000,1.000000,1.000000,0.000000,0.000000,0.000000,0.000000,0.000000,0.000000,0.000000,0
RIGHT,231,7.3920,-15.0,0,0.000000,,0.000000,1.000000,1.000000,0.000000,0.000000,0.000000,0.000000,0.000000,0.000000,0.000000,0
RIGHT,232,7.4240,-15.0,0,0.000000,,0.000000,1.000000,1.000000,0.000000,0.000000,0.000000,0.000000,0.000000,0.000000,0.000000,0
RIGHT,233,7.4560,-15.0,0,0.000000,,0.000000,1.000000,1.000000,0.000000,0.000000,0.000000,0.000000,0.000000,0.000000,0.000000,0
RIGHT,234,7.4880,-15.0,0,0.000000,,0.000000,1.000000,1.000000,0.000000,0.000000,0.000000,0.000000,0.000000,0.000000,0.000000,0
RIGHT,235,7.5200,-15.0,0,0.000000,,0.000000,1.000000,1.000000,0.000000,0.000000,0.000000,0.000000,0.000000,0.000000,0.000000,0
RIGHT,236,7.5520,-15.0,0,0.000000,,0.000000,1.000000,1.000000,0.000000,0.000000,0.000000,0.000000,0.000000,0.000000,0.000000,0
RIGHT,237,7.5840,-15.0,0,0.000000,,0.000000,1.000000,1.000000,0.000000,0.000000,0.000000,0.000000,0.000000,0.000000,0.000000,0
RIGHT,238,7.6160,-15.0,0,0.000000,,0.000000,1.000000,1.000000,0.000000,0.000000,0.000000,0.000000,0.000000,0.000000,0.000000,0
RIGHT,239,7.6480,-15.0,0,0.000000,,0.000000,1.000000,1.000000,0.000000,0.000000,0.000000,0.000000,0.000000,0.000000,0.000000,0
RIGHT,240,7.6800,-15.0,0,0.000000,,0.000000,1.000000,1.000000,0.000000,0.000000,0.000000,0.000000,0.000000,0.000000,0.000000,0
RIGHT,241,7.7120,-15.0,0,0.000000,,0.000000,1.000000,1.000000,0.000000,0.000000,0.000000,0.000000,0.000000,0.000000,0.000000,0
RIGHT,242,7.7440,-15.0,0,0.000000,,0.000000,1.000000,1.000000,0.000000,0.000000,0.000000,0.000000,0.000000,0.000000,0.000000,0
RIGHT,243,7.7760,-15.0,0,0.000000,,0.000000,1.000000,1.000000,0.000000,0.000000,0.000000,0.000000,0.000000,0.000000,0.000000,0
RIGHT,244,7.8080,-15.0,0,0.000000,,0.000000,1.000000,1.000000,0.000000,0.000000,0.000000,0.000000,0.000000,0.000000,0.000000,0
RIGHT,245,7.8400,-15.0,0,0.000000,,0.000000,1.000000,1.000000,0.000000,0.000000,0.000000,0.000000,0.000000,0.000000,0.000000,0
RIGHT,246,7.8720,-15.0,0,0.000000,,0.000000,1.000000,1.000000,0.000000,0.000000,0.000000,0.000000,0.000000,0.000000,0.000000,0
RIGHT,247,7.9040,-15.0,0,0.000000,,0.000000,1.000000,1.000000,0.000000,0.000000,0.000000,0.000000,0.000000,0.000000,0.000000,0
RIGHT,248,7.9360,-15.0,0,0.000000,,0.000000,1.000000,1.000000,0.000000,0.000000,0.000000,0.000000,0.000000,0.000000,0.000000,0
RIGHT,249,7.9680,-15.0,0,0.000000,,0.000000,1.000000,1.000000,0.000000,0.000000,0.000000,0.000000,0.000000,0.000000,0.000000,0
RIGHT,250,8.0000,-15.0,0,0.000000,,0.000000,1.000000,1.000000,0.000000,0.000000,0.000000,0.000000,0.000000,0.000000,0.000000,0
RIGHT,251,8.0320,-15.0,0,0.000000,,0.000000,1.000000,1.000000,0.000000,0.000000,0.000000,0.000000,0.000000,0.000000,0.000000,0
RIGHT,252,8.0640,-15.0,0,0.000000,,0.000000,1.000000,1.000000,0.000000,0.000000,0.000000,0.000000,0.000000,0.000000,0.000000,0
RIGHT,253,8.0960,-15.0,0,0.000000,,0.000000,1.000000,1.000000,0.000000,0.000000,0.000000,0.000000,0.000000,0.000000,0.000000,0
RIGHT,254,8.1280,-15.0,0,0.000000,,0.000000,1.000000,1.000000,0.000000,0.000000,0.000000,0.000000,0.000000,0.000000,0.000000,0
RIGHT,255,8.1600,-15.0,0,0.000000,,0.000000,1.000000,1.000000,0.000000,0.000000,0.000000,0.000000,0.000000,0.000000,0.000000,0
RIGHT,256,8.1920,-15.0,0,0.000000,,0.000000,1.000000,1.000000,0.000000,0.000000,0.000000,0.000000,0.000000,0.000000,0.000000,0
RIGHT,257,8.2240,-15.0,0,0.000000,,0.000000,1.000000,1.000000,0.000000,0.000000,0.000000,0.000000,0.000000,0.000000,0.000000,0
RIGHT,258,8.2560,-15.0,0,0.000000,,0.000000,1.000000,1.000000,0.000000,0.000000,0.000000,0.000000,0.000000,0.000000,0.000000,0
RIGHT,259,8.2880,-15.0,0,0.000000,,0.000000,1.000000,1.000000,0.000000,0.000000,0.000000,0.000000,0.000000,0.000000,0.000000,0
RIGHT,260,8.3200,-15.0,0,0.000000,,0.000000,1.000000,1.000000,0.000000,0.000000,0.000000,0.000000,0.000000,0.000000,0.000000,0
RIGHT,261,8.3520,-15.0,0,0.000000,,0.000000,1.000000,1.000000,0.000000,0.000000,0.000000,0.000000,0.000000,0.000000,0.000000,0
RIGHT,262,8.3840,-15.0,0,0.000000,,0.000000,1.000000,1.000000,0.000000,0.000000,0.000000,0.000000,0.000000,0.000000,0.000000,0
RIGHT,263,8.4160,-15.0,0,0.000000,,0.000000,1.000000,1.000000,0.000000,0.000000,0.000000,0.000000,0.000000,0.000000,0.000000,0
RIGHT,264,8.4480,-15.0,0,0.000000,,0.000000,1.000000,1.000000,0.000000,0.000000,0.000000,0.000000,0.000000,0.000000,0.000000,0
RIGHT,265,8.4800,-15.0,0,0.000000,,0.000000,1.000000,1.000000,0.000000,0.000000,0.000000,0.000000,0.000000,0.000000,0.000000,0
RIGHT,266,8.5120,-15.0,0,0.000000,,0.000000,1.000000,1.000000,0.000000,0.000000,0.000000,0.000000,0.000000,0.000000,0.000000,0
RIGHT,267,8.5440,-15.0,0,0.000000,,0.000000,1.000000,1.000000,0.000000,0.000000,0.000000,0.000000,0.000000,0.000000,0.000000,0
RIGHT,268,8.5760,-15.0,0,0.000000,,0.000000,1.000000,1.000000,0.000000,0.000000,0.000000,0.000000,0.000000,0.000000,0.000000,0
RIGHT,269,8.6080,-15.0,0,0.000000,,0.000000,1.000000,1.000000,0.000000,0.000000,0.000000,0.000000,0.000000,0.000000,0.000000,0
RIGHT,270,8.6400,-15.0,0,0.000000,,0.000000,1.000000,1.000000,0.000000,0.000000,0.000000,0.000000,0.000000,0.000000,0.000000,0
RIGHT,271,8.6720,-15.0,0,0.000000,,0.000000,1.000000,1.000000,0.000000,0.000000,0.000000,0.000000,0.000000,0.000000,0.000000,0
RIGHT,272,8.7040,-15.0,0,0.000000,,0.000000,1.000000,1.000000,0.000000,0.000000,0.000000,0.000000,0.000000,0.000000,0.000000,0
RIGHT,273,8.7360,-15.0,0,0.000000,,0.000000,1.000000,1.000000,0.000000,0.000000,0.000000,0.000000,0.000000,0.000000,0.000000,0
RIGHT,274,8.7680,-15.0,0,0.000000,,0.000000,1.000000,1.000000,0.000000,0.000000,0.000000,0.000000,0.000000,0.000000,0.000000,0
RIGHT,275,8.8000,-15.0,0,0.000000,,0.000000,1.000000,1.000000,0.000000,0.000000,0.000000,0.000000,0.000000,0.000000,0.000000,0
RIGHT,276,8.8320,-15.0,0,0.000000,,0.000000,1.000000,1.000000,0.000000,0.000000,0.000000,0.000000,0.000000,0.000000,0.000000,0
RIGHT,277,8.8640,-15.0,0,0.000000,,0.000000,1.000000,1.000000,0.000000,0.000000,0.000000,0.000000,0.000000,0.000000,0.000000,0
RIGHT,278,8.8960,-15.0,0,0.000000,,0.000000,1.000000,1.000000,0.000000,0.000000,0.000000,0.000000,0.000000,0.000000,0.000000,0
RIGHT,279,8.9280,-15.0,0,0.000000,,0.000000,1.000000,1.000000,0.000000,0.000000,0.000000,0.000000,0.000000,0.000000,0.000000,0
RIGHT,280,8.9600,-15.0,0,0.000000,,0.000000,1.000000,1.000000,0.000000,0.000000,0.000000,0.000000,0.000000,0.000000,0.000000,0
RIGHT,281,8.9920,-15.0,0,0.000000,,0.000000,1.000000,1.000000,0.000000,0.000000,0.000000,0.000000,0.000000,0.000000,0.000000,0
RIGHT,282,9.0240,-15.0,0,0.000000,,0.000000,1.000000,1.000000,0.000000,0.000000,0.000000,0.000000,0.000000,0.000000,0.000000,0
RIGHT,283,9.0560,-15.0,0,0.000000,,0.000000,1.000000,1.000000,0.000000,0.000000,0.000000,0.000000,0.000000,0.000000,0.000000,0
RIGHT,284,9.0880,-15.0,0,0.000000,,0.000000,1.000000,1.000000,0.000000,0.000000,0.000000,0.000000,0.000000,0.000000,0.000000,0
RIGHT,285,9.1200,-15.0,0,0.000000,,0.000000,1.000000,1.000000,0.000000,0.000000,0.000000,0.000000,0.000000,0.000000,0.000000,0
RIGHT,286,9.1520,-15.0,0,0.000000,,0.000000,1.000000,1.000000,0.000000,0.000000,0.000000,0.000000,0.000000,0.000000,0.000000,0
RIGHT,287,9.1840,-15.0,0,0.000000,,0.000000,1.000000,1.000000,0.000000,0.000000,0.000000,0.000000,0.000000,0.000000,0.000000,0
RIGHT,288,9.2160,-15.0,0,0.000000,,0.000000,1.000000,1.000000,0.000000,0.000000,0.000000,0.000000,0.000000,0.000000,0.000000,0
RIGHT,289,9.2480,-15.0,0,0.000000,,0.000000,1.000000,1.000000,0.000000,0.000000,0.000000,0.000000,0.000000,0.000000,0.000000,0
RIGHT,290,9.2800,-15.0,0,0.000000,,0.000000,1.000000,1.000000,0.000000,0.000000,0.000000,0.000000,0.000000,0.000000,0.000000,0
RIGHT,291,9.3120,-15.0,0,0.000000,,0.000000,1.000000,1.000000,0.000000,0.000000,0.000000,0.000000,0.000000,0.000000,0.000000,0
RIGHT,292,9.3440,-15.0,0,0.000000,,0.000000,1.000000,1.000000,0.000000,0.000000,0.000000,0.000000,0.000000,0.000000,0.000000,0
RIGHT,293,9.3760,-15.0,0,0.000000,,0.000000,1.000000,1.000000,0.000000,0.000000,0.000000,0.000000,0.000000,0.000000,0.000000,0
RIGHT,294,9.4080,-15.0,0,0.000000,,0.000000,1.000000,1.000000,0.000000,0.000000,0.000000,0.000000,0.000000,0.000000,0.000000,0
RIGHT,295,9.4400,-15.0,0,0.000000,,0.000000,1.000000,1.000000,0.000000,0.000000,0.000000,0.000000,0.000000,0.000000,0.000000,0
RIGHT,296,9.4720,-15.0,0,0.000000,,0.000000,1.000000,1.000000,0.000000,0.000000,0.000000,0.000000,0.000000,0.000000,0.000000,0
RIGHT,297,9.5040,-15.0,0,0.000000,,0.000000,1.000000,1.000000,0.000000,0.000000,0.000000,0.000000,0.000000,0.000000,0.000000,0
RIGHT,298,9.5360,-15.0,0,0.000000,,0.000000,1.000000,1.000000,0.000000,0.000000,0.000000,0.000000,0.000000,0.000000,0.000000,0
RIGHT,299,9.5680,-15.0,0,0.000000,,0.000000,1.000000,1.000000,0.000000,0.000000,0.000000,0.000000,0.000000,0.000000,0.000000,0
RIGHT,300,9.6000,-15.0,0,0.000000,,0.000000,1.000000,1.000000,0.000000,0.000000,0.000000,0.000000,0.000000,0.000000,0.000000,0
RIGHT,301,9.6320,-15.0,0,0.000000,,0.000000,1.000000,1.000000,0.000000,0.000000,0.000000,0.000000,0.000000,0.000000,0.000000,0
RIGHT,302,9.6640,-15.0,0,0.000000,,0.000000,1.000000,1.000000,0.000000,0.000000,0.000000,0.000000,0.000000,0.000000,0.000000,0
RIGHT,303,9.6960,-15.0,0,0.000000,,0.000000,1.000000,1.000000,0.000000,0.000000,0.000000,0.000000,0.000000,0.000000,0.000000,0
RIGHT,304,9.7280,-15.0,0,0.000000,,0.000000,1.000000,1.000000,0.000000,0.000000,0.000000,0.000000,0.000000,0.000000,0.000000,0
RIGHT,305,9.7600,-15.0,0,0.000000,,0.000000,1.000000,1.000000,0.000000,0.000000,0.000000,0.000000,0.000000,0.000000,0.000000,0
RIGHT,306,9.7920,-15.0,0,0.000000,,0.000000,1.000000,1.000000,0.000000,0.000000,0.000000,0.000000,0.000000,0.000000,0.000000,0
RIGHT,307,9.8240,-15.0,0,0.000000,,0.000000,1.000000,1.000000,0.000000,0.000000,0.000000,0.000000,0.000000,0.000000,0.000000,0
RIGHT,308,9.8560,-15.0,0,0.000000,,0.000000,1.000000,1.000000,0.000000,0.000000,0.000000,0.000000,0.000000,0.000000,0.000000,0
RIGHT,309,9.8880,-15.0,0,0.000000,,0.000000,1.000000,1.000000,0.000000,0.000000,0.000000,0.000000,0.000000,0.000000,0.000000,0
RIGHT,310,9.9200,-15.0,0,0.000000,,0.000000,1.000000,1.000000,0.000000,0.000000,0.000000,0.000000,0.000000,0.000000,0.000000,0
RIGHT,311,9.9520,-15.0,0,0.000000,,0.000000,1.000000,1.000000,0.000000,0.000000,0.000000,0.000000,0.000000,0.000000,0.000000,0
RIGHT,312,9.9840,-15.0,0,0.000000,,0.000000,1.000000,1.000000,0.000000,0.000000,0.000000,0.000000,0.000000,0.000000,0.000000,0
RIGHT,313,10.0160,-15.0,0,0.000000,,0.000000,1.000000,1.000000,0.000000,0.000000,0.000000,0.000000,0.000000,0.000000,0.000000,0
RIGHT,314,10.0480,-15.0,0,0.000000,,0.000000,1.000000,1.000000,0.000000,0.000000,0.000000,0.000000,0.000000,0.000000,0.000000,0
RIGHT,315,10.0800,-15.0,0,0.000000,,0.000000,1.000000,1.000000,0.000000,0.000000,0.000000,0.000000,0.000000,0.000000,0.000000,0
RIGHT,316,10.1120,-15.0,0,0.000000,,0.000000,1.000000,1.000000,0.000000,0.000000,0.000000,0.000000,0.000000,0.000000,0.000000,0
RIGHT,317,10.1440,-15.0,0,0.000000,,0.000000,1.000000,1.000000,0.000000,0.000000,0.000000,0.000000,0.000000,0.000000,0.000000,0
RIGHT,318,10.1760,-15.0,0,0.000000,,0.000000,1.000000,1.000000,0.000000,0.000000,0.000000,0.000000,0.000000,0.000000,0.000000,0
RIGHT,319,10.2080,-15.0,0,0.000000,,0.000000,1.000000,1.000000,0.000000,0.000000,0.000000,0.000000,0.000000,0.000000,0.000000,0
RIGHT,320,10.2400,-15.0,0,0.000000,,0.000000,1.000000,1.000000,0.000000,0.000000,0.000000,0.000000,0.000000,0.000000,0.000000,0
RIGHT,321,10.2720,-15.0,0,0.000000,,0.000000,1.000000,1.000000,0.000000,0.000000,0.000000,0.000000,0.000000,0.000000,0.000000,0
RIGHT,322,10.3040,-15.0,0,0.000000,,0.000000,1.000000,1.000000,0.000000,0.000000,0.000000,0.000000,0.000000,0.000000,0.000000,0
RIGHT,323,10.3360,-15.0,0,0.000000,,0.000000,1.000000,1.000000,0.000000,0.000000,0.000000,0.000000,0.000000,0.000000,0.000000,0
RIGHT,324,10.3680,-15.0,0,0.000000,,0.000000,1.000000,1.000000,0.000000,0.000000,0.000000,0.000000,0.000000,0.000000,0.000000,0
RIGHT,325,10.4000,-15.0,0,0.000000,,0.000000,1.000000,1.000000,0.000000,0.000000,0.000000,0.000000,0.000000,0.000000,0.000000,0
RIGHT,326,10.4320,-15.0,0,0.000000,,0.000000,1.000000,1.000000,0.000000,0.000000,0.000000,0.000000,0.000000,0.000000,0.000000,0
RIGHT,327,10.4640,-15.0,0,0.000000,,0.000000,1.000000,1.000000,0.000000,0.000000,0.000000,0.000000,0.000000,0.000000,0.000000,0
RIGHT,328,10.4960,-15.0,0,0.000000,,0.000000,1.000000,1.000000,0.000000,0.000000,0.000000,0.000000,0.000000,0.000000,0.000000,0
RIGHT,329,10.5280,-15.0,0,0.000000,,0.000000,1.000000,1.000000,0.000000,0.000000,0.000000,0.000000,0.000000,0.000000,0.000000,0
RIGHT,330,10.5600,-15.0,0,0.000000,,0.000000,1.000000,1.000000,0.000000,0.000000,0.000000,0.000000,0.000000,0.000000,0.000000,0
RIGHT,331,10.5920,-15.0,0,0.000000,,0.000000,1.000000,1.000000,0.000000,0.000000,0.000000,0.000000,0.000000,0.000000,0.000000,0
RIGHT,332,10.6240,-15.0,0,0.000000,,0.000000,1.000000,1.000000,0.000000,0.000000,0.000000,0.000000,0.000000,0.000000,0.000000,0
RIGHT,333,10.6560,-15.0,0,0.000000,,0.000000,1.000000,1.000000,0.000000,0.000000,0.000000,0.000000,0.000000,0.000000,0.000000,0
RIGHT,334,10.6880,-15.0,0,0.000000,,0.000000,1.000000,1.000000,0.000000,0.000000,0.000000,0.000000,0.000000,0.000000,0.000000,0
RIGHT,335,10.7200,-15.0,0,0.000000,,0.000000,1.000000,1.000000,0.000000,0.000000,0.000000,0.000000,0.000000,0.000000,0.000000,0
RIGHT,336,10.7520,-15.0,0,0.000000,,0.000000,1.000000,1.000000,0.000000,0.000000,0.000000,0.000000,0.000000,0.000000,0.000000,0
RIGHT,337,10.7840,-15.0,0,0.000000,,0.000000,1.000000,1.000000,0.000000,0.000000,0.000000,0.000000,0.000000,0.000000,0.000000,0
RIGHT,338,10.8160,-15.0,0,0.000000,,0.000000,1.000000,1.000000,0.000000,0.000000,0.000000,0.000000,0.000000,0.000000,0.000000,0
RIGHT,339,10.8480,-15.0,0,0.000000,,0.000000,1.000000,1.000000,0.000000,0.000000,0.000000,0.000000,0.000000,0.000000,0.000000,0
RIGHT,340,10.8800,-15.0,0,0.000000,,0.000000,1.000000,1.000000,0.000000,0.000000,0.000000,0.000000,0.000000,0.000000,0.000000,0
RIGHT,341,10.9120,-15.0,0,0.000000,,0.000000,1.000000,1.000000,0.000000,0.000000,0.000000,0.000000,0.000000,0.000000,0.000000,0
RIGHT,342,10.9440,-15.0,0,0.000000,,0.000000,1.000000,1.000000,0.000000,0.000000,0.000000,0.000000,0.000000,0.000000,0.000000,0
RIGHT,343,10.9760,-15.0,0,0.000000,,0.000000,1.000000,1.000000,0.000000,0.000000,0.000000,0.000000,0.000000,0.000000,0.000000,0
RIGHT,344,11.0080,-15.0,0,0.000000,,0.000000,1.000000,1.000000,0.000000,0.000000,0.000000,0.000000,0.000000,0.000000,0.000000,0
RIGHT,345,11.0400,-15.0,0,0.000000,,0.000000,1.000000,1.000000,0.000000,0.000000,0.000000,0.000000,0.000000,0.000000,0.000000,0
RIGHT,346,11.0720,-15.0,0,0.000000,,0.000000,1.000000,1.000000,0.000000,0.000000,0.000000,0.000000,0.000000,0.000000,0.000000,0
RIGHT,347,11.1040,-15.0,0,0.000000,,0.000000,1.000000,1.000000,0.000000,0.000000,0.000000,0.000000,0.000000,0.000000,0.000000,0
RIGHT,348,11.1360,-15.0,0,0.000000,,0.000000,1.000000,1.000000,0.000000,0.000000,0.000000,0.000000,0.000000,0.000000,0.000000,0
RIGHT,349,11.1680,-15.0,0,0.000000,,0.000000,1.000000,1.000000,0.000000,0.000000,0.000000,0.000000,0.000000,0.000000,0.000000,0
RIGHT,350,11.2000,-15.0,0,0.000000,,0.000000,1.000000,1.000000,0.000000,0.000000,0.000000,0.000000,0.000000,0.000000,0.000000,0
RIGHT,351,11.2320,-15.0,0,0.000000,,0.000000,1.000000,1.000000,0.000000,0.000000,0.000000,0.000000,0.000000,0.000000,0.000000,0
RIGHT,352,11.2640,-15.0,0,0.000000,,0.000000,1.000000,1.000000,0.000000,0.000000,0.000000,0.000000,0.000000,0.000000,0.000000,0
RIGHT,353,11.2960,-15.0,0,0.000000,,0.000000,1.000000,1.000000,0.000000,0.000000,0.000000,0.000000,0.000000,0.000000,0.000000,0
RIGHT,354,11.3280,-15.0,0,0.000000,,0.000000,1.000000,1.000000,0.000000,0.000000,0.000000,0.000000,0.000000,0.000000,0.000000,0
RIGHT,355,11.3600,-15.0,0,0.000000,,0.000000,1.000000,1.000000,0.000000,0.000000,0.000000,0.000000,0.000000,0.000000,0.000000,0
RIGHT,356,11.3920,-15.0,0,0.000000,,0.000000,1.000000,1.000000,0.000000,0.000000,0.000000,0.000000,0.000000,0.000000,0.000000,0
RIGHT,357,11.4240,-15.0,0,0.000000,,0.000000,1.000000,1.000000,0.000000,0.000000,0.000000,0.000000,0.000000,0.000000,0.000000,0
RIGHT,358,11.4560,-15.0,0,0.000000,,0.000000,1.000000,1.000000,0.000000,0.000000,0.000000,0.000000,0.000000,0.000000,0.000000,0
RIGHT,359,11.4880,-15.0,0,0.000000,,0.000000,1.000000,1.000000,0.000000,0.000000,0.000000,0.000000,0.000000,0.000000,0.000000,0
RIGHT,360,11.5200,-15.0,0,0.000000,,0.000000,1.000000,1.000000,0.000000,0.000000,0.000000,0.000000,0.000000,0.000000,0.000000,0
RIGHT,361,11.5520,-15.0,0,0.000000,,0.000000,1.000000,1.000000,0.000000,0.000000,0.000000,0.000000,0.000000,0.000000,0.000000,0
RIGHT,362,11.5840,-15.0,0,0.000000,,0.000000,1.000000,1.000000,0.000000,0.000000,0.000000,0.000000,0.000000,0.000000,0.000000,0
RIGHT,363,11.6160,-15.0,0,0.000000,,0.000000,1.000000,1.000000,0.000000,0.000000,0.000000,0.000000,0.000000,0.000000,0.000000,0
RIGHT,364,11.6480,-15.0,0,0.000000,,0.000000,1.000000,1.000000,0.000000,0.000000,0.000000,0.000000,0.000000,0.000000,0.000000,0
RIGHT,365,11.6800,-15.0,0,0.000000,,0.000000,1.000000,1.000000,0.000000,0.000000,0.000000,0.000000,0.000000,0.000000,0.000000,0
RIGHT,366,11.7120,-15.0,0,0.000000,,0.000000,1.000000,1.000000,0.000000,0.000000,0.000000,0.000000,0.000000,0.000000,0.000000,0
RIGHT,367,11.7440,-15.0,0,0.000000,,0.000000,1.000000,1.000000,0.000000,0.000000,0.000000,0.000000,0.000000,0.000000,0.000000,0
RIGHT,368,11.7760,-15.0,0,0.000000,,0.000000,1.000000,1.000000,0.000000,0.000000,0.000000,0.000000,0.000000,0.000000,0.000000,0
RIGHT,369,11.8080,-15.0,0,0.000000,,0.000000,1.000000,1.000000,0.000000,0.000000,0.000000,0.000000,0.000000,0.000000,0.000000,0
RIGHT,370,11.8400,-15.0,0,0.000000,,0.000000,1.000000,1.000000,0.000000,0.000000,0.000000,0.000000,0.000000,0.000000,0.000000,0
RIGHT,371,11.8720,-15.0,0,0.000000,,0.000000,1.000000,1.000000,0.000000,0.000000,0.000000,0.000000,0.000000,0.000000,0.000000,0
RIGHT,372,11.9040,-15.0,0,0.000000,,0.000000,1.000000,1.000000,0.000000,0.000000,0.000000,0.000000,0.000000,0.000000,0.000000,0
RIGHT,373,11.9360,-15.0,0,0.000000,,0.000000,1.000000,1.000000,0.000000,0.000000,0.000000,0.000000,0.000000,0.000000,0.000000,0
RIGHT,374,11.9680,-15.0,0,0.000000,,0.000000,1.000000,1.000000,0.000000,0.000000,0.000000,0.000000,0.000000,0.000000,0.000000,0
RIGHT,375,12.0000,-15.0,0,0.000000,,0.000000,1.000000,1.000000,0.000000,0.000000,0.000000,0.000000,0.000000,0.000000,0.000000,0
RIGHT,376,12.0320,-15.0,0,0.000000,,0.000000,1.000000,1.000000,0.000000,0.000000,0.000000,0.000000,0.000000,0.000000,0.000000,0
RIGHT,377,12.0640,-15.0,0,0.000000,,0.000000,1.000000,1.000000,0.000000,0.000000,0.000000,0.000000,0.000000,0.000000,0.000000,0
RIGHT,378,12.0960,-15.0,0,0.000000,,0.000000,1.000000,1.000000,0.000000,0.000000,0.000000,0.000000,0.000000,0.000000,0.000000,0
RIGHT,379,12.1280,-15.0,0,0.000000,,0.000000,1.000000,1.000000,0.000000,0.000000,0.000000,0.000000,0.000000,0.000000,0.000000,0
RIGHT,380,12.1600,-15.0,0,0.000000,,0.000000,1.000000,1.000000,0.000000,0.000000,0.000000,0.000000,0.000000,0.000000,0.000000,0
RIGHT,381,12.1920,-15.0,0,0.000000,,0.000000,1.000000,1.000000,0.000000,0.000000,0.000000,0.000000,0.000000,0.000000,0.000000,0
RIGHT,382,12.2240,-15.0,0,0.000000,,0.000000,1.000000,1.000000,0.000000,0.000000,0.000000,0.000000,0.000000,0.000000,0.000000,0
RIGHT,383,12.2560,-15.0,0,0.000000,,0.000000,1.000000,1.000000,0.000000,0.000000,0.000000,0.000000,0.000000,0.000000,0.000000,0
RIGHT,384,12.2880,-15.0,0,0.000000,,0.000000,1.000000,1.000000,0.000000,0.000000,0.000000,0.000000,0.000000,0.000000,0.000000,0
RIGHT,385,12.3200,-15.0,0,0.000000,,0.000000,1.000000,1.000000,0.000000,0.000000,0.000000,0.000000,0.000000,0.000000,0.000000,0
RIGHT,386,12.3520,-15.0,0,0.000000,,0.000000,1.000000,1.000000,0.000000,0.000000,0.000000,0.000000,0.000000,0.000000,0.000000,0
RIGHT,387,12.3840,-15.0,0,0.000000,,0.000000,1.000000,1.000000,0.000000,0.000000,0.000000,0.000000,0.000000,0.000000,0.000000,0
RIGHT,388,12.4160,-15.0,0,0.000000,,0.000000,1.000000,1.000000,0.000000,0.000000,0.000000,0.000000,0.000000,0.000000,0.000000,0
RIGHT,389,12.4480,-15.0,0,0.000000,,0.000000,1.000000,1.000000,0.000000,0.000000,0.000000,0.000000,0.000000,0.000000,0.000000,0
RIGHT,390,12.4800,-15.0,0,0.000000,,0.000000,1.000000,1.000000,0.000000,0.000000,0.000000,0.000000,0.000000,0.000000,0.000000,0
RIGHT,391,12.5120,-15.0,0,0.000000,,0.000000,1.000000,1.000000,0.000000,0.000000,0.000000,0.000000,0.000000,0.000000,0.000000,0
RIGHT,392,12.5440,-15.0,0,0.000000,,0.000000,1.000000,1.000000,0.000000,0.000000,0.000000,0.000000,0.000000,0.000000,0.000000,0
RIGHT,393,12.5760,-15.0,0,0.000000,,0.000000,1.000000,1.000000,0.000000,0.000000,0.000000,0.000000,0.000000,0.000000,0.000000,0
RIGHT,394,12.6080,-15.0,0,0.000000,,0.000000,1.000000,1.000000,0.000000,0.000000,0.000000,0.000000,0.000000,0.000000,0.000000,0
RIGHT,395,12.6400,-15.0,0,0.000000,,0.000000,1.000000,1.000000,0.000000,0.000000,0.000000,0.000000,0.000000,0.000000,0.000000,0
RIGHT,396,12.6720,-15.0,0,0.000000,,0.000000,1.000000,1.000000,0.000000,0.000000,0.000000,0.000000,0.000000,0.000000,0.000000,0
RIGHT,397,12.7040,-15.0,0,0.000000,,0.000000,1.000000,1.000000,0.000000,0.000000,0.000000,0.000000,0.000000,0.000000,0.000000,0
RIGHT,398,12.7360,-15.0,0,0.000000,,0.000000,1.000000,1.000000,0.000000,0.000000,0.000000,0.000000,0.000000,0.000000,0.000000,0
RIGHT,399,12.7680,-15.0,0,0.000000,,0.000000,1.000000,1.000000,0.000000,0.000000,0.000000,0.000000,0.000000,0.000000,0.000000,0
RIGHT,400,12.8000,-15.0,0,0.000000,,0.000000,1.000000,1.000000,0.000000,0.000000,0.000000,0.000000,0.000000,0.000000,0.000000,0
RIGHT,401,12.8320,-15.0,0,0.000000,,0.000000,1.000000,1.000000,0.000000,0.000000,0.000000,0.000000,0.000000,0.000000,0.000000,0
RIGHT,402,12.8640,-15.0,0,0.000000,,0.000000,1.000000,1.000000,0.000000,0.000000,0.000000,0.000000,0.000000,0.000000,0.000000,0
RIGHT,403,12.8960,-15.0,0,0.000000,,0.000000,1.000000,1.000000,0.000000,0.000000,0.000000,0.000000,0.000000,0.000000,0.000000,0
RIGHT,404,12.9280,-15.0,0,0.000000,,0.000000,1.000000,1.000000,0.000000,0.000000,0.000000,0.000000,0.000000,0.000000,0.000000,0
RIGHT,405,12.9600,-15.0,0,0.000000,,0.000000,1.000000,1.000000,0.000000,0.000000,0.000000,0.000000,0.000000,0.000000,0.000000,0
RIGHT,406,12.9920,-15.0,0,0.000000,,0.000000,1.000000,1.000000,0.000000,0.000000,0.000000,0.000000,0.000000,0.000000,0.000000,0
RIGHT,407,13.0240,-15.0,0,0.000000,,0.000000,1.000000,1.000000,0.000000,0.000000,0.000000,0.000000,0.000000,0.000000,0.000000,0
RIGHT,408,13.0560,-15.0,0,0.000000,,0.000000,1.000000,1.000000,0.000000,0.000000,0.000000,0.000000,0.000000,0.000000,0.000000,0
RIGHT,409,13.0880,-15.0,0,0.000000,,0.000000,1.000000,1.000000,0.000000,0.000000,0.000000,0.000000,0.000000,0.000000,0.000000,0
RIGHT,410,13.1200,-15.0,0,0.000000,,0.000000,1.000000,1.000000,0.000000,0.000000,0.000000,0.000000,0.000000,0.000000,0.000000,0
RIGHT,411,13.1520,-15.0,0,0.000000,,0.000000,1.000000,1.000000,0.000000,0.000000,0.000000,0.000000,0.000000,0.000000,0.000000,0
RIGHT,412,13.1840,-15.0,0,0.000000,,0.000000,1.000000,1.000000,0.000000,0.000000,0.000000,0.000000,0.000000,0.000000,0.000000,0
RIGHT,413,13.2160,-15.0,0,0.000000,,0.000000,1.000000,1.000000,0.000000,0.000000,0.000000,0.000000,0.000000,0.000000,0.000000,0
RIGHT,414,13.2480,-15.0,0,0.000000,,0.000000,1.000000,1.000000,0.000000,0.000000,0.000000,0.000000,0.000000,0.000000,0.000000,0
RIGHT,415,13.2800,-15.0,0,0.000000,,0.000000,1.000000,1.000000,0.000000,0.000000,0.000000,0.000000,0.000000,0.000000,0.000000,0
RIGHT,416,13.3120,-15.0,0,0.000000,,0.000000,1.000000,1.000000,0.000000,0.000000,0.000000,0.000000,0.000000,0.000000,0.000000,0
RIGHT,417,13.3440,-15.0,0,0.000000,,0.000000,1.000000,1.000000,0.000000,0.000000,0.000000,0.000000,0.000000,0.000000,0.000000,0
RIGHT,418,13.3760,-15.0,0,0.000000,,0.000000,1.000000,1.000000,0.000000,0.000000,0.000000,0.000000,0.000000,0.000000,0.000000,0
RIGHT,419,13.4080,-15.0,0,0.000000,,0.000000,1.000000,1.000000,0.000000,0.000000,0.000000,0.000000,0.000000,0.000000,0.000000,0
RIGHT,420,13.4400,-15.0,0,0.000000,,0.000000,1.000000,1.000000,0.000000,0.000000,0.000000,0.000000,0.000000,0.000000,0.000000,0
RIGHT,421,13.4720,-15.0,0,0.000000,,0.000000,1.000000,1.000000,0.000000,0.000000,0.000000,0.000000,0.000000,0.000000,0.000000,0
RIGHT,422,13.5040,-15.0,0,0.000000,,0.000000,1.000000,1.000000,0.000000,0.000000,0.000000,0.000000,0.000000,0.000000,0.000000,0
RIGHT,423,13.5360,-15.0,0,0.000000,,0.000000,1.000000,1.000000,0.000000,0.000000,0.000000,0.000000,0.000000,0.000000,0.000000,0
RIGHT,424,13.5680,-15.0,0,0.000000,,0.000000,1.000000,1.000000,0.000000,0.000000,0.000000,0.000000,0.000000,0.000000,0.000000,0
RIGHT,425,13.6000,-15.0,0,0.000000,,0.000000,1.000000,1.000000,0.000000,0.000000,0.000000,0.000000,0.000000,0.000000,0.000000,0
RIGHT,426,13.6320,-15.0,0,0.000000,,0.000000,1.000000,1.000000,0.000000,0.000000,0.000000,0.000000,0.000000,0.000000,0.000000,0
RIGHT,427,13.6640,-15.0,0,0.000000,,0.000000,1.000000,1.000000,0.000000,0.000000,0.000000,0.000000,0.000000,0.000000,0.000000,0
RIGHT,428,13.6960,-15.0,0,0.000000,,0.000000,1.000000,1.000000,0.000000,0.000000,0.000000,0.000000,0.000000,0.000000,0.000000,0
RIGHT,429,13.7280,-15.0,0,0.000000,,0.000000,1.000000,1.000000,0.000000,0.000000,0.000000,0.000000,0.000000,0.000000,0.000000,0
RIGHT,430,13.7600,-15.0,0,0.000000,,0.000000,1.000000,1.000000,0.000000,0.000000,0.000000,0.000000,0.000000,0.000000,0.000000,0
RIGHT,431,13.7920,-15.0,0,0.000000,,0.000000,1.000000,1.000000,0.000000,0.000000,0.000000,0.000000,0.000000,0.000000,0.000000,0
RIGHT,432,13.8240,-15.0,0,0.000000,,0.000000,1.000000,1.000000,0.000000,0.000000,0.000000,0.000000,0.000000,0.000000,0.000000,0
RIGHT,433,13.8560,-15.0,0,0.000000,,0.000000,1.000000,1.000000,0.000000,0.000000,0.000000,0.000000,0.000000,0.000000,0.000000,0
RIGHT,434,13.8880,-15.0,0,0.000000,,0.000000,1.000000,1.000000,0.000000,0.000000,0.000000,0.000000,0.000000,0.000000,0.000000,0
RIGHT,435,13.9200,-15.0,0,0.000000,,0.000000,1.000000,1.000000,0.000000,0.000000,0.000000,0.000000,0.000000,0.000000,0.000000,0
RIGHT,436,13.9520,-15.0,0,0.000000,,0.000000,1.000000,1.000000,0.000000,0.000000,0.000000,0.000000,0.000000,0.000000,0.000000,0
RIGHT,437,13.9840,-15.0,0,0.000000,,0.000000,1.000000,1.000000,0.000000,0.000000,0.000000,0.000000,0.000000,0.000000,0.000000,0
RIGHT,438,14.0160,-15.0,0,0.000000,,0.000000,1.000000,1.000000,0.000000,0.000000,0.000000,0.000000,0.000000,0.000000,0.000000,0
RIGHT,439,14.0480,-15.0,0,0.000000,,0.000000,1.000000,1.000000,0.000000,0.000000,0.000000,0.000000,0.000000,0.000000,0.000000,0
RIGHT,440,14.0800,-15.0,0,0.000000,,0.000000,1.000000,1.000000,0.000000,0.000000,0.000000,0.000000,0.000000,0.000000,0.000000,0
RIGHT,441,14.1120,-15.0,0,0.000000,,0.000000,1.000000,1.000000,0.000000,0.000000,0.000000,0.000000,0.000000,0.000000,0.000000,0
RIGHT,442,14.1440,-15.0,0,0.000000,,0.000000,1.000000,1.000000,0.000000,0.000000,0.000000,0.000000,0.000000,0.000000,0.000000,0
RIGHT,443,14.1760,-15.0,0,0.000000,,0.000000,1.000000,1.000000,0.000000,0.000000,0.000000,0.000000,0.000000,0.000000,0.000000,0
RIGHT,444,14.2080,-15.0,0,0.000000,,0.000000,1.000000,1.000000,0.000000,0.000000,0.000000,0.000000,0.000000,0.000000,0.000000,0
RIGHT,445,14.2400,-15.0,0,0.000000,,0.000000,1.000000,1.000000,0.000000,0.000000,0.000000,0.000000,0.000000,0.000000,0.000000,0
RIGHT,446,14.2720,-15.0,0,0.000000,,0.000000,1.000000,1.000000,0.000000,0.000000,0.000000,0.000000,0.000000,0.000000,0.000000,0
RIGHT,447,14.3040,-15.0,0,0.000000,,0.000000,1.000000,1.000000,0.000000,0.000000,0.000000,0.000000,0.000000,0.000000,0.000000,0
RIGHT,448,14.3360,-15.0,0,0.000000,,0.000000,1.000000,1.000000,0.000000,0.000000,0.000000,0.000000,0.000000,0.000000,0.000000,0
RIGHT,449,14.3680,-15.0,0,0.000000,,0.000000,1.000000,1.000000,0.000000,0.000000,0.000000,0.000000,0.000000,0.000000,0.000000,0
RIGHT,450,14.4000,-15.0,0,0.000000,,0.000000,1.000000,1.000000,0.000000,0.000000,0.000000,0.000000,0.000000,0.000000,0.000000,0
RIGHT,451,14.4320,-15.0,0,0.000000,,0.000000,1.000000,1.000000,0.000000,0.000000,0.000000,0.000000,0.000000,0.000000,0.000000,0
RIGHT,452,14.4640,-15.0,0,0.000000,,0.000000,1.000000,1.000000,0.000000,0.000000,0.000000,0.000000,0.000000,0.000000,0.000000,0
RIGHT,453,14.4960,-15.0,0,0.000000,,0.000000,1.000000,1.000000,0.000000,0.000000,0.000000,0.000000,0.000000,0.000000,0.000000,0
RIGHT,454,14.5280,-15.0,0,0.000000,,0.000000,1.000000,1.000000,0.000000,0.000000,0.000000,0.000000,0.000000,0.000000,0.000000,0
RIGHT,455,14.5600,-15.0,0,0.000000,,0.000000,1.000000,1.000000,0.000000,0.000000,0.000000,0.000000,0.000000,0.000000,0.000000,0
RIGHT,456,14.5920,-15.0,0,0.000000,,0.000000,1.000000,1.000000,0.000000,0.000000,0.000000,0.000000,0.000000,0.000000,0.000000,0
RIGHT,457,14.6240,-15.0,0,0.000000,,0.000000,1.000000,1.000000,0.000000,0.000000,0.000000,0.000000,0.000000,0.000000,0.000000,0
RIGHT,458,14.6560,-15.0,0,0.000000,,0.000000,1.000000,1.000000,0.000000,0.000000,0.000000,0.000000,0.000000,0.000000,0.000000,0
RIGHT,459,14.6880,-15.0,0,0.000000,,0.000000,1.000000,1.000000,0.000000,0.000000,0.000000,0.000000,0.000000,0.000000,0.000000,0
RIGHT,460,14.7200,-15.0,0,0.000000,,0.000000,1.000000,1.000000,0.000000,0.000000,0.000000,0.000000,0.000000,0.000000,0.000000,0
RIGHT,461,14.7520,-15.0,0,0.000000,,0.000000,1.000000,1.000000,0.000000,0.000000,0.000000,0.000000,0.000000,0.000000,0.000000,0
RIGHT,462,14.7840,-15.0,0,0.000000,,0.000000,1.000000,1.000000,0.000000,0.000000,0.000000,0.000000,0.000000,0.000000,0.000000,0
RIGHT,463,14.8160,-15.0,0,0.000000,,0.000000,1.000000,1.000000,0.000000,0.000000,0.000000,0.000000,0.000000,0.000000,0.000000,0
RIGHT,464,14.8480,-15.0,0,0.000000,,0.000000,1.000000,1.000000,0.000000,0.000000,0.000000,0.000000,0.000000,0.000000,0.000000,0
RIGHT,465,14.8800,-15.0,0,0.000000,,0.000000,1.000000,1.000000,0.000000,0.000000,0.000000,0.000000,0.000000,0.000000,0.000000,0
RIGHT,466,14.9120,-15.0,0,0.000000,,0.000000,1.000000,1.000000,0.000000,0.000000,0.000000,0.000000,0.000000,0.000000,0.000000,0
RIGHT,467,14.9440,-15.0,0,0.000000,,0.000000,1.000000,1.000000,0.000000,0.000000,0.000000,0.000000,0.000000,0.000000,0.000000,0
RIGHT,468,14.9760,-15.0,0,0.000000,,0.000000,1.000000,1.000000,0.000000,0.000000,0.000000,0.000000,0.000000,0.000000,0.000000,0
RIGHT,469,15.0080,-15.0,0,0.000000,,0.000000,1.000000,1.000000,0.000000,0.000000,0.000000,0.000000,0.000000,0.000000,0.000000,0
RIGHT,470,15.0400,-15.0,0,0.000000,,0.000000,1.000000,1.000000,0.000000,0.000000,0.000000,0.000000,0.000000,0.000000,0.000000,0
RIGHT,471,15.0720,-15.0,0,0.000000,,0.000000,1.000000,1.000000,0.000000,0.000000,0.000000,0.000000,0.000000,0.000000,0.000000,0
RIGHT,472,15.1040,-15.0,0,0.000000,,0.000000,1.000000,1.000000,0.000000,0.000000,0.000000,0.000000,0.000000,0.000000,0.000000,0
RIGHT,473,15.1360,-15.0,0,0.000000,,0.000000,1.000000,1.000000,0.000000,0.000000,0.000000,0.000000,0.000000,0.000000,0.000000,0
RIGHT,474,15.1680,-15.0,0,0.000000,,0.000000,1.000000,1.000000,0.000000,0.000000,0.000000,0.000000,0.000000,0.000000,0.000000,0
RIGHT,475,15.2000,-15.0,0,0.000000,,0.000000,1.000000,1.000000,0.000000,0.000000,0.000000,0.000000,0.000000,0.000000,0.000000,0
RIGHT,476,15.2320,-15.0,0,0.000000,,0.000000,1.000000,1.000000,0.000000,0.000000,0.000000,0.000000,0.000000,0.000000,0.000000,0
RIGHT,477,15.2640,-15.0,0,0.000000,,0.000000,1.000000,1.000000,0.000000,0.000000,0.000000,0.000000,0.000000,0.000000,0.000000,0
RIGHT,478,15.2960,-15.0,0,0.000000,,0.000000,1.000000,1.000000,0.000000,0.000000,0.000000,0.000000,0.000000,0.000000,0.000000,0
RIGHT,479,15.3280,-15.0,0,0.000000,,0.000000,1.000000,1.000000,0.000000,0.000000,0.000000,0.000000,0.000000,0.000000,0.000000,0
RIGHT,480,15.3600,-15.0,0,0.000000,,0.000000,1.000000,1.000000,0.000000,0.000000,0.000000,0.000000,0.000000,0.000000,0.000000,0
RIGHT,481,15.3920,-15.0,0,0.000000,,0.000000,1.000000,1.000000,0.000000,0.000000,0.000000,0.000000,0.000000,0.000000,0.000000,0
RIGHT,482,15.4240,-15.0,0,0.000000,,0.000000,1.000000,1.000000,0.000000,0.000000,0.000000,0.000000,0.000000,0.000000,0.000000,0
RIGHT,483,15.4560,-15.0,0,0.000000,,0.000000,1.000000,1.000000,0.000000,0.000000,0.000000,0.000000,0.000000,0.000000,0.000000,0
RIGHT,484,15.4880,-15.0,0,0.000000,,0.000000,1.000000,1.000000,0.000000,0.000000,0.000000,0.000000,0.000000,0.000000,0.000000,0
RIGHT,485,15.5200,-15.0,0,0.000000,,0.000000,1.000000,1.000000,0.000000,0.000000,0.000000,0.000000,0.000000,0.000000,0.000000,0
RIGHT,486,15.5520,-15.0,0,0.000000,,0.000000,1.000000,1.000000,0.000000,0.000000,0.000000,0.000000,0.000000,0.000000,0.000000,0
RIGHT,487,15.5840,-15.0,0,0.000000,,0.000000,1.000000,1.000000,0.000000,0.000000,0.000000,0.000000,0.000000,0.000000,0.000000,0
RIGHT,488,15.6160,-15.0,0,0.000000,,0.000000,1.000000,1.000000,0.000000,0.000000,0.000000,0.000000,0.000000,0.000000,0.000000,0
RIGHT,489,15.6480,-15.0,0,0.000000,,0.000000,1.000000,1.000000,0.000000,0.000000,0.000000,0.000000,0.000000,0.000000,0.000000,0
RIGHT,490,15.6800,-15.0,0,0.000000,,0.000000,1.000000,1.000000,0.000000,0.000000,0.000000,0.000000,0.000000,0.000000,0.000000,0
RIGHT,491,15.7120,-15.0,0,0.000000,,0.000000,1.000000,1.000000,0.000000,0.000000,0.000000,0.000000,0.000000,0.000000,0.000000,0
RIGHT,492,15.7440,-15.0,0,0.000000,,0.000000,1.000000,1.000000,0.000000,0.000000,0.000000,0.000000,0.000000,0.000000,0.000000,0
RIGHT,493,15.7760,-15.0,0,0.000000,,0.000000,1.000000,1.000000,0.000000,0.000000,0.000000,0.000000,0.000000,0.000000,0.000000,0
RIGHT,494,15.8080,-15.0,0,0.000000,,0.000000,1.000000,1.000000,0.000000,0.000000,0.000000,0.000000,0.000000,0.000000,0.000000,0
RIGHT,495,15.8400,-15.0,0,0.000000,,0.000000,1.000000,1.000000,0.000000,0.000000,0.000000,0.000000,0.000000,0.000000,0.000000,0
RIGHT,496,15.8720,-15.0,0,0.000000,,0.000000,1.000000,1.000000,0.000000,0.000000,0.000000,0.000000,0.000000,0.000000,0.000000,0
RIGHT,497,15.9040,-15.0,0,0.000000,,0.000000,1.000000,1.000000,0.000000,0.000000,0.000000,0.000000,0.000000,0.000000,0.000000,0
RIGHT,498,15.9360,-15.0,0,0.000000,,0.000000,1.000000,1.000000,0.000000,0.000000,0.000000,0.000000,0.000000,0.000000,0.000000,0
RIGHT,499,15.9680,-15.0,0,0.000000,,0.000000,1.000000,1.000000,0.000000,0.000000,0.000000,0.000000,0.000000,0.000000,0.000000,0
RIGHT,500,16.0000,-15.0,0,0.000000,,0.000000,1.000000,1.000000,0.000000,0.000000,0.000000,0.000000,0.000000,0.000000,0.000000,0
RIGHT,501,16.0320,-15.0,0,0.000000,,0.000000,1.000000,1.000000,0.000000,0.000000,0.000000,0.000000,0.000000,0.000000,0.000000,0
RIGHT,502,16.0640,-15.0,0,0.000000,,0.000000,1.000000,1.000000,0.000000,0.000000,0.000000,0.000000,0.000000,0.000000,0.000000,0
RIGHT,503,16.0960,-15.0,0,0.000000,,0.000000,1.000000,1.000000,0.000000,0.000000,0.000000,0.000000,0.000000,0.000000,0.000000,0
RIGHT,504,16.1280,-15.0,0,0.000000,,0.000000,1.000000,1.000000,0.000000,0.000000,0.000000,0.000000,0.000000,0.000000,0.000000,0
RIGHT,505,16.1600,-15.0,0,0.000000,,0.000000,1.000000,1.000000,0.000000,0.000000,0.000000,0.000000,0.000000,0.000000,0.000000,0
RIGHT,506,16.1920,-15.0,0,0.000000,,0.000000,1.000000,1.000000,0.000000,0.000000,0.000000,0.000000,0.000000,0.000000,0.000000,0
RIGHT,507,16.2240,-15.0,0,0.000000,,0.000000,1.000000,1.000000,0.000000,0.000000,0.000000,0.000000,0.000000,0.000000,0.000000,0
RIGHT,508,16.2560,-15.0,0,0.000000,,0.000000,1.000000,1.000000,0.000000,0.000000,0.000000,0.000000,0.000000,0.000000,0.000000,0
RIGHT,509,16.2880,-15.0,0,0.000000,,0.000000,1.000000,1.000000,0.000000,0.000000,0.000000,0.000000,0.000000,0.000000,0.000000,0
RIGHT,510,16.3200,-15.0,0,0.000000,,0.000000,1.000000,1.000000,0.000000,0.000000,0.000000,0.000000,0.000000,0.000000,0.000000,0
RIGHT,511,16.3520,-15.0,0,0.000000,,0.000000,1.000000,1.000000,0.000000,0.000000,0.000000,0.000000,0.000000,0.000000,0.000000,0
RIGHT,512,16.3840,-15.0,0,0.000000,,0.000000,1.000000,1.000000,0.000000,0.000000,0.000000,0.000000,0.000000,0.000000,0.000000,0
RIGHT,513,16.4160,-15.0,0,0.000000,,0.000000,1.000000,1.000000,0.000000,0.000000,0.000000,0.000000,0.000000,0.000000,0.000000,0
RIGHT,514,16.4480,-15.0,0,0.000000,,0.000000,1.000000,1.000000,0.000000,0.000000,0.000000,0.000000,0.000000,0.000000,0.000000,0
RIGHT,515,16.4800,-15.0,0,0.000000,,0.000000,1.000000,1.000000,0.000000,0.000000,0.000000,0.000000,0.000000,0.000000,0.000000,0
RIGHT,516,16.5120,-15.0,0,0.000000,,0.000000,1.000000,1.000000,0.000000,0.000000,0.000000,0.000000,0.000000,0.000000,0.000000,0
RIGHT,517,16.5440,-15.0,0,0.000000,,0.000000,1.000000,1.000000,0.000000,0.000000,0.000000,0.000000,0.000000,0.000000,0.000000,0
RIGHT,518,16.5760,-15.0,0,0.000000,,0.000000,1.000000,1.000000,0.000000,0.000000,0.000000,0.000000,0.000000,0.000000,0.000000,0
RIGHT,519,16.6080,-15.0,0,0.000000,,0.000000,1.000000,1.000000,0.000000,0.000000,0.000000,0.000000,0.000000,0.000000,0.000000,0
RIGHT,520,16.6400,-15.0,0,0.000000,,0.000000,1.000000,1.000000,0.000000,0.000000,0.000000,0.000000,0.000000,0.000000,0.000000,0
RIGHT,521,16.6720,-15.0,0,0.000000,,0.000000,1.000000,1.000000,0.000000,0.000000,0.000000,0.000000,0.000000,0.000000,0.000000,0
RIGHT,522,16.7040,-15.0,0,0.000000,,0.000000,1.000000,1.000000,0.000000,0.000000,0.000000,0.000000,0.000000,0.000000,0.000000,0
RIGHT,523,16.7360,-15.0,0,0.000000,,0.000000,1.000000,1.000000,0.000000,0.000000,0.000000,0.000000,0.000000,0.000000,0.000000,0
RIGHT,524,16.7680,-15.0,0,0.000000,,0.000000,1.000000,1.000000,0.000000,0.000000,0.000000,0.000000,0.000000,0.000000,0.000000,0
RIGHT,525,16.8000,-15.0,0,0.000000,,0.000000,1.000000,1.000000,0.000000,0.000000,0.000000,0.000000,0.000000,0.000000,0.000000,0
RIGHT,526,16.8320,-15.0,0,0.000000,,0.000000,1.000000,1.000000,0.000000,0.000000,0.000000,0.000000,0.000000,0.000000,0.000000,0
RIGHT,527,16.8640,-15.0,0,0.000000,,0.000000,1.000000,1.000000,0.000000,0.000000,0.000000,0.000000,0.000000,0.000000,0.000000,0
RIGHT,528,16.8960,-15.0,0,0.000000,,0.000000,1.000000,1.000000,0.000000,0.000000,0.000000,0.000000,0.000000,0.000000,0.000000,0
RIGHT,529,16.9280,-15.0,0,0.000000,,0.000000,1.000000,1.000000,0.000000,0.000000,0.000000,0.000000,0.000000,0.000000,0.000000,0
RIGHT,530,16.9600,-15.0,0,0.000000,,0.000000,1.000000,1.000000,0.000000,0.000000,0.000000,0.000000,0.000000,0.000000,0.000000,0
RIGHT,531,16.9920,-15.0,0,0.000000,,0.000000,1.000000,1.000000,0.000000,0.000000,0.000000,0.000000,0.000000,0.000000,0.000000,0
RIGHT,532,17.0240,-15.0,0,0.000000,,0.000000,1.000000,1.000000,0.000000,0.000000,0.000000,0.000000,0.000000,0.000000,0.000000,0
RIGHT,533,17.0560,-15.0,0,0.000000,,0.000000,1.000000,1.000000,0.000000,0.000000,0.000000,0.000000,0.000000,0.000000,0.000000,0
RIGHT,534,17.0880,-15.0,0,0.000000,,0.000000,1.000000,1.000000,0.000000,0.000000,0.000000,0.000000,0.000000,0.000000,0.000000,0
RIGHT,535,17.1200,-15.0,0,0.000000,,0.000000,1.000000,1.000000,0.000000,0.000000,0.000000,0.000000,0.000000,0.000000,0.000000,0
RIGHT,536,17.1520,-15.0,0,0.000000,,0.000000,1.000000,1.000000,0.000000,0.000000,0.000000,0.000000,0.000000,0.000000,0.000000,0
RIGHT,537,17.1840,-15.0,0,0.000000,,0.000000,1.000000,1.000000,0.000000,0.000000,0.000000,0.000000,0.000000,0.000000,0.000000,0
RIGHT,538,17.2160,-15.0,0,0.000000,,0.000000,1.000000,1.000000,0.000000,0.000000,0.000000,0.000000,0.000000,0.000000,0.000000,0
RIGHT,539,17.2480,-15.0,0,0.000000,,0.000000,1.000000,1.000000,0.000000,0.000000,0.000000,0.000000,0.000000,0.000000,0.000000,0
RIGHT,540,17.2800,-15.0,0,0.000000,,0.000000,1.000000,1.000000,0.000000,0.000000,0.000000,0.000000,0.000000,0.000000,0.000000,0
RIGHT,541,17.3120,-15.0,0,0.000000,,0.000000,1.000000,1.000000,0.000000,0.000000,0.000000,0.000000,0.000000,0.000000,0.000000,0
RIGHT,542,17.3440,-15.0,0,0.000000,,0.000000,1.000000,1.000000,0.000000,0.000000,0.000000,0.000000,0.000000,0.000000,0.000000,0
RIGHT,543,17.3760,-15.0,0,0.000000,,0.000000,1.000000,1.000000,0.000000,0.000000,0.000000,0.000000,0.000000,0.000000,0.000000,0
RIGHT,544,17.4080,-15.0,0,0.000000,,0.000000,1.000000,1.000000,0.000000,0.000000,0.000000,0.000000,0.000000,0.000000,0.000000,0
RIGHT,545,17.4400,-15.0,0,0.000000,,0.000000,1.000000,1.000000,0.000000,0.000000,0.000000,0.000000,0.000000,0.000000,0.000000,0
RIGHT,546,17.4720,-15.0,0,0.000000,,0.000000,1.000000,1.000000,0.000000,0.000000,0.000000,0.000000,0.000000,0.000000,0.000000,0
RIGHT,547,17.5040,-15.0,0,0.000000,,0.000000,1.000000,1.000000,0.000000,0.000000,0.000000,0.000000,0.000000,0.000000,0.000000,0
RIGHT,548,17.5360,-15.0,0,0.000000,,0.000000,1.000000,1.000000,0.000000,0.000000,0.000000,0.000000,0.000000,0.000000,0.000000,0
RIGHT,549,17.5680,-15.0,0,0.000000,,0.000000,1.000000,1.000000,0.000000,0.000000,0.000000,0.000000,0.000000,0.000000,0.000000,0
RIGHT,550,17.6000,-15.0,0,0.000000,,0.000000,1.000000,1.000000,0.000000,0.000000,0.000000,0.000000,0.000000,0.000000,0.000000,0
RIGHT,551,17.6320,-15.0,0,0.000000,,0.000000,1.000000,1.000000,0.000000,0.000000,0.000000,0.000000,0.000000,0.000000,0.000000,0
RIGHT,552,17.6640,-15.0,0,0.000000,,0.000000,1.000000,1.000000,0.000000,0.000000,0.000000,0.000000,0.000000,0.000000,0.000000,0
RIGHT,553,17.6960,-15.0,0,0.000000,,0.000000,1.000000,1.000000,0.000000,0.000000,0.000000,0.000000,0.000000,0.000000,0.000000,0
RIGHT,554,17.7280,-15.0,0,0.000000,,0.000000,1.000000,1.000000,0.000000,0.000000,0.000000,0.000000,0.000000,0.000000,0.000000,0
RIGHT,555,17.7600,-15.0,0,0.000000,,0.000000,1.000000,1.000000,0.000000,0.000000,0.000000,0.000000,0.000000,0.000000,0.000000,0
RIGHT,556,17.7920,-15.0,0,0.000000,,0.000000,1.000000,1.000000,0.000000,0.000000,0.000000,0.000000,0.000000,0.000000,0.000000,0
RIGHT,557,17.8240,-15.0,0,0.000000,,0.000000,1.000000,1.000000,0.000000,0.000000,0.000000,0.000000,0.000000,0.000000,0.000000,0
RIGHT,558,17.8560,-15.0,0,0.000000,,0.000000,1.000000,1.000000,0.000000,0.000000,0.000000,0.000000,0.000000,0.000000,0.000000,0
RIGHT,559,17.8880,-15.0,0,0.000000,,0.000000,1.000000,1.000000,0.000000,0.000000,0.000000,0.000000,0.000000,0.000000,0.000000,0
RIGHT,560,17.9200,-15.0,0,0.000000,,0.000000,1.000000,1.000000,0.000000,0.000000,0.000000,0.000000,0.000000,0.000000,0.000000,0
RIGHT,561,17.9520,-15.0,0,0.000000,,0.000000,1.000000,1.000000,0.000000,0.000000,0.000000,0.000000,0.000000,0.000000,0.000000,0
RIGHT,562,17.9840,-15.0,0,0.000000,,0.000000,1.000000,1.000000,0.000000,0.000000,0.000000,0.000000,0.000000,0.000000,0.000000,0
