source_bodyId,source_type,source_instance,source_side,source_nt,target_bodyId,target_type,target_instance,target_side,weight
17379,Delta7,Delta7(PB15)_L4R5_R,R,glutamate,518378,PFL3,PFL3(PB12c)_R5_C3,R,95
513284,EPG,EPG(PB08)_R3,R,acetylcholine,15616,EPG,EPG(PB08)_R3,R,94
11307,EPG,EPG(PB08)_L4,L,acetylcholine,520818,EPG,EPG(PB08)_L4,L,90
515675,EPG,EPG(PB08)_R1,R,acetylcholine,512513,EPG,EPG(PB08)_R1,R,89
520818,EPG,EPG(PB08)_L4,L,acetylcholine,11307,EPG,EPG(PB08)_L4,L,80
512305,EPG,EPG(PB08)_R8,R,acetylcholine,520812,EPG,EPG(PB08)_R8,R,79
16110,Delta7,Delta7(PB15)_L3R6_R,R,glutamate,19715,PFL2,PFL2(PB12b)_L4_C8,L,78
15495,Delta7,Delta7(PB15)_L3R6_R,R,glutamate,530071,PFL3,PFL3(PB12c)_L3_C5,L,74
513517,EPG,EPG(PB08)_L4,L,acetylcholine,11307,EPG,EPG(PB08)_L4,L,73
512928,EPG,EPG(PB08)_R3,R,acetylcholine,15616,EPG,EPG(PB08)_R3,R,73
15616,EPG,EPG(PB08)_R3,R,acetylcholine,513284,EPG,EPG(PB08)_R3,R,72
512513,EPG,EPG(PB08)_R1,R,acetylcholine,515675,EPG,EPG(PB08)_R1,R,71
519941,EPG,EPG(PB08)_L3,L,acetylcholine,519328,EPG,EPG(PB08)_L3,L,71
15409,Delta7,Delta7(PB15)_L8R1R9_L,L,glutamate,14729,PFL2,PFL2(PB12b)_R1_C5,R,71
15904,Delta7,Delta7(PB15)_L4R5_R,R,glutamate,518378,PFL3,PFL3(PB12c)_R5_C3,R,70
41559,FC2A,FC2A_C9_L,L,acetylcholine,519346,PFL3,PFL3(PB12c)_L7_C9,L,70
523786,EPG,EPG(PB08)_R4,R,acetylcholine,520581,EPG,EPG(PB08)_R4,R,70
512514,EPG,EPG(PB08)_L1,L,acetylcholine,519140,EPG,EPG(PB08)_L1,L,69
10539,EPG,EPG(PB08)_R2,R,acetylcholine,513463,EPG,EPG(PB08)_R2,R,69
19125,EPG,EPG(PB08)_R5,R,acetylcholine,11987,EPG,EPG(PB08)_R5,R,69
18823,Delta7,Delta7(PB15)_L4R5_R,R,glutamate,19715,PFL2,PFL2(PB12b)_L4_C8,L,68
514126,EPG,EPG(PB08)_R5,R,acetylcholine,11987,EPG,EPG(PB08)_R5,R,68
517417,Delta7,Delta7(PB15)_L6R3_L,L,glutamate,567101,PFL3,PFL3(PB12c)_R3_C5,R,67
15713,EPG,EPG(PB08)_L6,L,acetylcholine,523786,EPG,EPG(PB08)_R4,R,67
36201,FC2A,FC2A_C4_L,L,acetylcholine,523032,PFL3,PFL3(PB12c)_L2_C4,L,67
16110,Delta7,Delta7(PB15)_L3R6_R,R,glutamate,520811,PFL3,PFL3(PB12c)_R6_C2,R,66
18823,Delta7,Delta7(PB15)_L4R5_R,R,glutamate,519351,PFL3,PFL3(PB12c)_L4_C5,L,66
513464,EPG,EPG(PB08)_R8,R,acetylcholine,11503,EPG,EPG(PB08)_R8,R,65
39538,FC2A,FC2A_C6_R,R,acetylcholine,567101,PFL3,PFL3(PB12c)_R3_C5,R,64
36201,FC2A,FC2A_C4_L,L,acetylcholine,23159,PFL3,PFL3(PB12c)_R4_C4,R,64
519140,EPG,EPG(PB08)_L1,L,acetylcholine,512514,EPG,EPG(PB08)_L1,L,63
16234,Delta7,Delta7(PB15)_L1L9R8_R,R,glutamate,18851,PFL3,PFL3(PB12c)_L1_C8_irreg,R,63
520812,EPG,EPG(PB08)_R8,R,acetylcholine,11503,EPG,EPG(PB08)_R8,R,62
519328,EPG,EPG(PB08)_L3,L,acetylcholine,88342,EPG,EPG(PB08)_L3,L,62
15713,EPG,EPG(PB08)_L6,L,acetylcholine,16360,EPG,EPG(PB08)_L6,L,62
519328,EPG,EPG(PB08)_L3,L,acetylcholine,519941,EPG,EPG(PB08)_L3,L,62
519144,EPG,EPG(PB08)_L8,L,acetylcholine,512513,EPG,EPG(PB08)_R1,R,61
513463,EPG,EPG(PB08)_R2,R,acetylcholine,10539,EPG,EPG(PB08)_R2,R,61
15495,Delta7,Delta7(PB15)_L3R6_R,R,glutamate,520811,PFL3,PFL3(PB12c)_R6_C2,R,60
513033,EPG,EPG(PB08)_L8,L,acetylcholine,13217,EPG,EPG(PB08)_L8,L,60
84758,EPG,EPG(PB08)_L7,L,acetylcholine,14727,EPG,EPG(PB08)_L7,L,60
11989,EPG,EPG(PB08)_L5,L,acetylcholine,107195,EPG,EPG(PB08)_L5,L,60
521409,EPG,EPG(PB08)_L8,L,acetylcholine,10539,EPG,EPG(PB08)_R2,R,60
55401,FC2A,FC2A_C9_R,R,acetylcholine,519346,PFL3,PFL3(PB12c)_L7_C9,L,60
529318,Delta7,Delta7(PB15)_L4R5_R,R,glutamate,513034,PFL2,PFL2(PB12b)_L5_C9,L,60
556347,EPG,EPG(PB08)_R4,R,acetylcholine,520581,EPG,EPG(PB08)_R4,R,60
10513,Delta7,Delta7(PB15)_L3R6_R,R,glutamate,520811,PFL3,PFL3(PB12c)_R6_C2,R,59
16360,EPG,EPG(PB08)_L6,L,acetylcholine,556346,EPG,EPG(PB08)_L6,L,59
513463,EPG,EPG(PB08)_R2,R,acetylcholine,84758,EPG,EPG(PB08)_L7,L,59
84758,EPG,EPG(PB08)_L7,L,acetylcholine,11874,EPG,EPG(PB08)_L7,L,59
11503,EPG,EPG(PB08)_R8,R,acetylcholine,513464,EPG,EPG(PB08)_R8,R,58
434891,Delta7,Delta7(PB15)_L3R7_R,R,glutamate,27492,PFL2,PFL2(PB12b)_L3_C7,L,58
11307,EPG,EPG(PB08)_L4,L,acetylcholine,513517,EPG,EPG(PB08)_L4,L,58
18639,Delta7,Delta7(PB15)_L7R2_L,L,glutamate,15210,PFL3,PFL3(PB12c)_R2_C1_irreg,L,58
11503,EPG,EPG(PB08)_R8,R,acetylcholine,520812,EPG,EPG(PB08)_R8,R,58
10513,Delta7,Delta7(PB15)_L3R6_R,R,glutamate,19715,PFL2,PFL2(PB12b)_L4_C8,L,58
513520,EPG,EPG(PB08)_R6,R,acetylcholine,11307,EPG,EPG(PB08)_L4,L,57
434891,Delta7,Delta7(PB15)_L3R7_R,R,glutamate,530071,PFL3,PFL3(PB12c)_L3_C5,L,57
10539,EPG,EPG(PB08)_R2,R,acetylcholine,521409,EPG,EPG(PB08)_L8,L,57
520581,EPG,EPG(PB08)_R4,R,acetylcholine,556347,EPG,EPG(PB08)_R4,R,57
513464,EPG,EPG(PB08)_R8,R,acetylcholine,512514,EPG,EPG(PB08)_L1,L,56
11874,EPG,EPG(PB08)_L7,L,acetylcholine,14727,EPG,EPG(PB08)_L7,L,56
515675,EPG,EPG(PB08)_R1,R,acetylcholine,519140,EPG,EPG(PB08)_L1,L,56
15398,Delta7,Delta7(PB15)_L4R5_R,R,glutamate,26488,PFL3,PFL3(PB12c)_R5_C3,R,56
16476,Delta7,Delta7(PB15)_L7R2_L,L,glutamate,18327,PFL3,PFL3(PB12c)_R2_C6,R,56
568155,Delta7,Delta7(PB15)_L8R1R9_L,L,glutamate,17286,PFL3,PFL3(PB12c)_R1_C2_irreg,L,56
521409,EPG,EPG(PB08)_L8,L,acetylcholine,513033,EPG,EPG(PB08)_L8,L,56
517417,Delta7,Delta7(PB15)_L6R3_L,L,glutamate,13031,PFL2,PFL2(PB12b)_R3_C3,R,56
522994,Delta7,Delta7(PB15)_L6R3_L,L,glutamate,567101,PFL3,PFL3(PB12c)_R3_C5,R,55
519140,EPG,EPG(PB08)_L1,L,acetylcholine,515675,EPG,EPG(PB08)_R1,R,55
17753,Delta7,Delta7(PB15)_L7R3_L,L,glutamate,519346,PFL3,PFL3(PB12c)_L7_C9,L,55
13217,EPG,EPG(PB08)_L8,L,acetylcholine,519144,EPG,EPG(PB08)_L8,L,55
14727,EPG,EPG(PB08)_L7,L,acetylcholine,11874,EPG,EPG(PB08)_L7,L,55
514126,EPG,EPG(PB08)_R5,R,acetylcholine,513517,EPG,EPG(PB08)_L4,L,54
519332,Delta7,Delta7(PB15)_L2R7_R,R,glutamate,523032,PFL3,PFL3(PB12c)_L2_C4,L,54
16476,Delta7,Delta7(PB15)_L7R2_L,L,glutamate,522853,PFL2,PFL2(PB12b)_R2_C4,R,54
11987,EPG,EPG(PB08)_R5,R,acetylcholine,514126,EPG,EPG(PB08)_R5,R,54
513517,EPG,EPG(PB08)_L4,L,acetylcholine,520818,EPG,EPG(PB08)_L4,L,54
88342,EPG,EPG(PB08)_L3,L,acetylcholine,519328,EPG,EPG(PB08)_L3,L,53
512305,EPG,EPG(PB08)_R8,R,acetylcholine,521813,EPG,EPG(PB08)_L2,L,53
17804,Delta7,Delta7(PB15)_L7R2_L,L,glutamate,519346,PFL3,PFL3(PB12c)_L7_C9,L,53
16180,Delta7,Delta7(PB15)_L3R6_R,R,glutamate,520811,PFL3,PFL3(PB12c)_R6_C2,R,52
524073,EPG,EPG(PB08)_L2,L,acetylcholine,512305,EPG,EPG(PB08)_R8,R,52
520812,EPG,EPG(PB08)_R8,R,acetylcholine,512305,EPG,EPG(PB08)_R8,R,52
92188,EPG,EPG(PB08)_R7,R,acetylcholine,521813,EPG,EPG(PB08)_L2,L,52
17753,Delta7,Delta7(PB15)_L7R3_L,L,glutamate,518375,PFL2,PFL2(PB12b)_R3_C3,R,52
11874,EPG,EPG(PB08)_L7,L,acetylcholine,84758,EPG,EPG(PB08)_L7,L,52
513520,EPG,EPG(PB08)_R6,R,acetylcholine,520818,EPG,EPG(PB08)_L4,L,52
131313,EPG,EPG(PB08)_R6,R,acetylcholine,519941,EPG,EPG(PB08)_L3,L,52
14509,Delta7,Delta7(PB15)_L4R6_R,R,glutamate,520811,PFL3,PFL3(PB12c)_R6_C2,R,51
512928,EPG,EPG(PB08)_R3,R,acetylcholine,14727,EPG,EPG(PB08)_L7,L,51
519144,EPG,EPG(PB08)_L8,L,acetylcholine,515675,EPG,EPG(PB08)_R1,R,51
522994,Delta7,Delta7(PB15)_L6R3_L,L,glutamate,513266,PFL3,PFL3(PB12c)_R3_C5,R,51
170539,FC2A,FC2A_C4_R,R,acetylcholine,523032,PFL3,PFL3(PB12c)_L2_C4,L,51
36201,FC2A,FC2A_C4_L,L,acetylcholine,530071,PFL3,PFL3(PB12c)_L3_C5,L,51
513033,EPG,EPG(PB08)_L8,L,acetylcholine,10539,EPG,EPG(PB08)_R2,R,51
16360,EPG,EPG(PB08)_L6,L,acetylcholine,15713,EPG,EPG(PB08)_L6,L,51
524073,EPG,EPG(PB08)_L2,L,acetylcholine,521813,EPG,EPG(PB08)_L2,L,51
16180,Delta7,Delta7(PB15)_L3R6_R,R,glutamate,16110,Delta7,Delta7(PB15)_L3R6_R,R,51
39538,FC2A,FC2A_C6_R,R,acetylcholine,511842,PFL2,PFL2(PB12b)_L2_C6,L,51
15839,Delta7,Delta7(PB15)_L1L9R8_R,R,glutamate,511842,PFL2,PFL2(PB12b)_L2_C6,L,51
515294,Delta7,Delta7(PB15)_L5R4_L,L,glutamate,11673,PFL2,PFL2(PB12b)_R4_C2,R,51
15851,Delta7,Delta7(PB15)_L6R4_L,L,glutamate,11673,PFL2,PFL2(PB12b)_R4_C2,R,51
520812,EPG,EPG(PB08)_R8,R,acetylcholine,524073,EPG,EPG(PB08)_L2,L,50
15398,Delta7,Delta7(PB15)_L4R5_R,R,glutamate,518378,PFL3,PFL3(PB12c)_R5_C3,R,50
513464,EPG,EPG(PB08)_R8,R,acetylcholine,519140,EPG,EPG(PB08)_L1,L,50
513284,EPG,EPG(PB08)_R3,R,acetylcholine,556346,EPG,EPG(PB08)_L6,L,50
15409,Delta7,Delta7(PB15)_L8R1R9_L,L,glutamate,35322,PFL3,PFL3(PB12c)_R1_C7,R,50
16540,Delta7,Delta7(PB15)_L2R7_R,R,glutamate,523032,PFL3,PFL3(PB12c)_L2_C4,L,50
523786,EPG,EPG(PB08)_R4,R,acetylcholine,15713,EPG,EPG(PB08)_L6,L,50
514126,EPG,EPG(PB08)_R5,R,acetylcholine,19125,EPG,EPG(PB08)_R5,R,50
16412,Delta7,Delta7(PB15)_L7R2_L,L,glutamate,18327,PFL3,PFL3(PB12c)_R2_C6,R,50
41559,FC2A,FC2A_C9_L,L,acetylcholine,513034,PFL2,PFL2(PB12b)_L5_C9,L,50
15616,EPG,EPG(PB08)_R3,R,acetylcholine,512928,EPG,EPG(PB08)_R3,R,50
14727,EPG,EPG(PB08)_L7,L,acetylcholine,512928,EPG,EPG(PB08)_R3,R,50
137299,FC2A,FC2A_C5_L,L,acetylcholine,519351,PFL3,PFL3(PB12c)_L4_C5,L,50
434891,Delta7,Delta7(PB15)_L3R7_R,R,glutamate,79549,PFL3,PFL3(PB12c)_R7_C1,R,50
17143,Delta7,Delta7(PB15)_L2R7_R,R,glutamate,79549,PFL3,PFL3(PB12c)_R7_C1,R,50
15399,Delta7,Delta7(PB15)_L1L9R8_R,R,glutamate,18851,PFL3,PFL3(PB12c)_L1_C8_irreg,R,50
17753,Delta7,Delta7(PB15)_L7R3_L,L,glutamate,567101,PFL3,PFL3(PB12c)_R3_C5,R,49
519144,EPG,EPG(PB08)_L8,L,acetylcholine,13217,EPG,EPG(PB08)_L8,L,49
556347,EPG,EPG(PB08)_R4,R,acetylcholine,11989,EPG,EPG(PB08)_L5,L,49
513033,EPG,EPG(PB08)_L8,L,acetylcholine,521409,EPG,EPG(PB08)_L8,L,49
556346,EPG,EPG(PB08)_L6,L,acetylcholine,16360,EPG,EPG(PB08)_L6,L,49
521813,EPG,EPG(PB08)_L2,L,acetylcholine,524073,EPG,EPG(PB08)_L2,L,48
514126,EPG,EPG(PB08)_R5,R,acetylcholine,11307,EPG,EPG(PB08)_L4,L,48
519941,EPG,EPG(PB08)_L3,L,acetylcholine,18639,Delta7,Delta7(PB15)_L7R2_L,L,48
511841,Delta7,Delta7(PB15)_L2R7_R,R,glutamate,523032,PFL3,PFL3(PB12c)_L2_C4,L,48
16869,Delta7,Delta7(PB15)_L7R3_L,L,glutamate,519346,PFL3,PFL3(PB12c)_L7_C9,L,48
512305,EPG,EPG(PB08)_R8,R,acetylcholine,11503,EPG,EPG(PB08)_R8,R,47
519941,EPG,EPG(PB08)_L3,L,acetylcholine,131313,EPG,EPG(PB08)_R6,R,47
107195,EPG,EPG(PB08)_L5,L,acetylcholine,11989,EPG,EPG(PB08)_L5,L,47
15904,Delta7,Delta7(PB15)_L4R5_R,R,glutamate,513034,PFL2,PFL2(PB12b)_L5_C9,L,47
16234,Delta7,Delta7(PB15)_L1L9R8_R,R,glutamate,13490,PFL2,PFL2(PB12b)_L1_C5,L,47
532704,FC2A,FC2A_C1_R,R,acetylcholine,79549,PFL3,PFL3(PB12c)_R7_C1,R,47
560327,FC2A,FC2A_C3_R,R,acetylcholine,17000,PFL3,PFL3(PB12c)_L1_C3,L,47
11989,EPG,EPG(PB08)_L5,L,acetylcholine,556347,EPG,EPG(PB08)_R4,R,47
16476,Delta7,Delta7(PB15)_L7R2_L,L,glutamate,15210,PFL3,PFL3(PB12c)_R2_C1_irreg,L,46
15713,EPG,EPG(PB08)_L6,L,acetylcholine,556346,EPG,EPG(PB08)_L6,L,46
513284,EPG,EPG(PB08)_R3,R,acetylcholine,511841,Delta7,Delta7(PB15)_L2R7_R,R,46
513520,EPG,EPG(PB08)_R6,R,acetylcholine,19825,EPG,EPG(PB08)_R6,R,46
519144,EPG,EPG(PB08)_L8,L,acetylcholine,513033,EPG,EPG(PB08)_L8,L,46
16540,Delta7,Delta7(PB15)_L2R7_R,R,glutamate,511842,PFL2,PFL2(PB12b)_L2_C6,L,46
99820,FC2B,FC2B_C4_L,L,acetylcholine,14729,PFL2,PFL2(PB12b)_R1_C5,R,46
519140,EPG,EPG(PB08)_L1,L,acetylcholine,513464,EPG,EPG(PB08)_R8,R,45
16412,Delta7,Delta7(PB15)_L7R2_L,L,glutamate,15210,PFL3,PFL3(PB12c)_R2_C1_irreg,L,45
14806,Delta7,Delta7(PB15)_L8R1R9_L,L,glutamate,15210,PFL3,PFL3(PB12c)_R2_C1_irreg,L,45
517417,Delta7,Delta7(PB15)_L6R3_L,L,glutamate,17290,PFL3,PFL3(PB12c)_L6_C8,L,45
56382,FC2A,FC2A_C6_L,L,acetylcholine,29836,PFL3,PFL3(PB12c)_L4_C6,L,45
13217,EPG,EPG(PB08)_L8,L,acetylcholine,512513,EPG,EPG(PB08)_R1,R,45
99820,FC2B,FC2B_C4_L,L,acetylcholine,523032,PFL3,PFL3(PB12c)_L2_C4,L,45
19825,EPG,EPG(PB08)_R6,R,acetylcholine,131313,EPG,EPG(PB08)_R6,R,45
16553,Delta7,Delta7(PB15)_L5R4_L,L,glutamate,513032,PFL3,PFL3(PB12c)_L5_C7,L,45
14509,Delta7,Delta7(PB15)_L4R6_R,R,glutamate,513034,PFL2,PFL2(PB12b)_L5_C9,L,45
11874,EPG,EPG(PB08)_L7,L,acetylcholine,512928,EPG,EPG(PB08)_R3,R,45
19125,EPG,EPG(PB08)_R5,R,acetylcholine,12449,EPG,EPG(PB08)_L5,L,45
522994,Delta7,Delta7(PB15)_L6R3_L,L,glutamate,13031,PFL2,PFL2(PB12b)_R3_C3,R,45
512928,EPG,EPG(PB08)_R3,R,acetylcholine,513284,EPG,EPG(PB08)_R3,R,44
16360,EPG,EPG(PB08)_L6,L,acetylcholine,513284,EPG,EPG(PB08)_R3,R,44
512305,EPG,EPG(PB08)_R8,R,acetylcholine,524073,EPG,EPG(PB08)_L2,L,44
14509,Delta7,Delta7(PB15)_L4R6_R,R,glutamate,11307,EPG,EPG(PB08)_L4,L,44
16180,Delta7,Delta7(PB15)_L3R6_R,R,glutamate,11557,PFL2,PFL2(PB12b)_L3_C7,L,44
520818,EPG,EPG(PB08)_L4,L,acetylcholine,513520,EPG,EPG(PB08)_R6,R,44
11307,EPG,EPG(PB08)_L4,L,acetylcholine,513520,EPG,EPG(PB08)_R6,R,44
17024,Delta7,Delta7(PB15)_L5R4_L,L,glutamate,26038,PFL3,PFL3(PB12c)_L5_C7,L,44
17379,Delta7,Delta7(PB15)_L4R5_R,R,glutamate,26488,PFL3,PFL3(PB12c)_R5_C3,R,44
568155,Delta7,Delta7(PB15)_L8R1R9_L,L,glutamate,18803,PFL3,PFL3(PB12c)_R1_C7,R,44
519941,EPG,EPG(PB08)_L3,L,acetylcholine,19825,EPG,EPG(PB08)_R6,R,44
131313,EPG,EPG(PB08)_R6,R,acetylcholine,19825,EPG,EPG(PB08)_R6,R,44
50461,FC2B,FC2B_C9_R,R,acetylcholine,519346,PFL3,PFL3(PB12c)_L7_C9,L,44
513284,EPG,EPG(PB08)_R3,R,acetylcholine,512928,EPG,EPG(PB08)_R3,R,44
15399,Delta7,Delta7(PB15)_L1L9R8_R,R,glutamate,13490,PFL2,PFL2(PB12b)_L1_C5,L,44
39538,FC2A,FC2A_C6_R,R,acetylcholine,519351,PFL3,PFL3(PB12c)_L4_C5,L,44
13217,EPG,EPG(PB08)_L8,L,acetylcholine,513033,EPG,EPG(PB08)_L8,L,44
112888,FC2C,FC2C_C8_L,L,acetylcholine,19715,PFL2,PFL2(PB12b)_L4_C8,L,44
519140,EPG,EPG(PB08)_L1,L,acetylcholine,16553,Delta7,Delta7(PB15)_L5R4_L,L,43
15495,Delta7,Delta7(PB15)_L3R6_R,R,glutamate,11557,PFL2,PFL2(PB12b)_L3_C7,L,43
532704,FC2A,FC2A_C1_R,R,acetylcholine,15210,PFL3,PFL3(PB12c)_R2_C1_irreg,L,43
533725,Delta7,Delta7(PB15)_L8R1R9_L,L,glutamate,17286,PFL3,PFL3(PB12c)_R1_C2_irreg,L,43
137299,FC2A,FC2A_C5_L,L,acetylcholine,13490,PFL2,PFL2(PB12b)_L1_C5,L,43
16180,Delta7,Delta7(PB15)_L3R6_R,R,glutamate,522994,Delta7,Delta7(PB15)_L6R3_L,L,43
84758,EPG,EPG(PB08)_L7,L,acetylcholine,513463,EPG,EPG(PB08)_R2,R,43
513463,EPG,EPG(PB08)_R2,R,acetylcholine,11874,EPG,EPG(PB08)_L7,L,43
520812,EPG,EPG(PB08)_R8,R,acetylcholine,513464,EPG,EPG(PB08)_R8,R,42
526406,FC2A,FC2A_C2_R,R,acetylcholine,520811,PFL3,PFL3(PB12c)_R6_C2,R,42
39538,FC2A,FC2A_C6_R,R,acetylcholine,29836,PFL3,PFL3(PB12c)_L4_C6,L,42
15398,Delta7,Delta7(PB15)_L4R5_R,R,glutamate,29836,PFL3,PFL3(PB12c)_L4_C6,L,42
520581,EPG,EPG(PB08)_R4,R,acetylcholine,523786,EPG,EPG(PB08)_R4,R,42
16360,EPG,EPG(PB08)_L6,L,acetylcholine,523786,EPG,EPG(PB08)_R4,R,42
17379,Delta7,Delta7(PB15)_L4R5_R,R,glutamate,513034,PFL2,PFL2(PB12b)_L5_C9,L,42
526406,FC2A,FC2A_C2_R,R,acetylcholine,17286,PFL3,PFL3(PB12c)_R1_C2_irreg,L,42
519140,EPG,EPG(PB08)_L1,L,acetylcholine,17024,Delta7,Delta7(PB15)_L5R4_L,L,42
519941,EPG,EPG(PB08)_L3,L,acetylcholine,88342,EPG,EPG(PB08)_L3,L,42
95713,FC2C,FC2C_C4_L,L,acetylcholine,14729,PFL2,PFL2(PB12b)_R1_C5,R,42
524074,Delta7,Delta7(PB15)_L5R4_L,L,glutamate,11673,PFL2,PFL2(PB12b)_R4_C2,R,42
137299,FC2A,FC2A_C5_L,L,acetylcholine,567101,PFL3,PFL3(PB12c)_R3_C5,R,41
519140,EPG,EPG(PB08)_L1,L,acetylcholine,14816,Delta7,Delta7(PB15)_L6R4_L,L,41
520818,EPG,EPG(PB08)_L4,L,acetylcholine,513517,EPG,EPG(PB08)_L4,L,41
12449,EPG,EPG(PB08)_L5,L,acetylcholine,107195,EPG,EPG(PB08)_L5,L,41
15409,Delta7,Delta7(PB15)_L8R1R9_L,L,glutamate,18803,PFL3,PFL3(PB12c)_R1_C7,R,41
519140,EPG,EPG(PB08)_L1,L,acetylcholine,512513,EPG,EPG(PB08)_R1,R,41
18639,Delta7,Delta7(PB15)_L7R2_L,L,glutamate,18327,PFL3,PFL3(PB12c)_R2_C6,R,41
16869,Delta7,Delta7(PB15)_L7R3_L,L,glutamate,518375,PFL2,PFL2(PB12b)_R3_C3,R,41
82293,FC2B,FC2B_C5_L,L,acetylcholine,13490,PFL2,PFL2(PB12b)_L1_C5,L,41
10539,EPG,EPG(PB08)_R2,R,acetylcholine,513033,EPG,EPG(PB08)_L8,L,41
533725,Delta7,Delta7(PB15)_L8R1R9_L,L,glutamate,14729,PFL2,PFL2(PB12b)_R1_C5,R,41
14806,Delta7,Delta7(PB15)_L8R1R9_L,L,glutamate,14729,PFL2,PFL2(PB12b)_R1_C5,R,41
15837,Delta7,Delta7(PB15)_L1L9R8_R,R,glutamate,18851,PFL3,PFL3(PB12c)_L1_C8_irreg,R,41
92188,EPG,EPG(PB08)_R7,R,acetylcholine,521812,EPG,EPG(PB08)_R7,R,40
512928,EPG,EPG(PB08)_R3,R,acetylcholine,16540,Delta7,Delta7(PB15)_L2R7_R,R,40
512514,EPG,EPG(PB08)_L1,L,acetylcholine,14816,Delta7,Delta7(PB15)_L6R4_L,L,40
14727,EPG,EPG(PB08)_L7,L,acetylcholine,15616,EPG,EPG(PB08)_R3,R,40
519331,Delta7,Delta7(PB15)_L3R7_R,R,glutamate,27492,PFL2,PFL2(PB12b)_L3_C7,L,40
45876,FC2A,FC2A_C7_R,R,acetylcholine,27492,PFL2,PFL2(PB12b)_L3_C7,L,40
521813,EPG,EPG(PB08)_L2,L,acetylcholine,517417,Delta7,Delta7(PB15)_L6R3_L,L,40
17143,Delta7,Delta7(PB15)_L2R7_R,R,glutamate,517417,Delta7,Delta7(PB15)_L6R3_L,L,40
68502,FC2C,FC2C_C1_L,L,acetylcholine,520573,PFL2,PFL2(PB12b)_R5_C1,R,40
36201,FC2A,FC2A_C4_L,L,acetylcholine,513266,PFL3,PFL3(PB12c)_R3_C5,R,40
11987,EPG,EPG(PB08)_R5,R,acetylcholine,15654,Delta7,Delta7(PB15)_L8R1R9_L,L,40
16412,Delta7,Delta7(PB15)_L7R2_L,L,glutamate,518375,PFL2,PFL2(PB12b)_R3_C3,R,40
84758,EPG,EPG(PB08)_L7,L,acetylcholine,519346,PFL3,PFL3(PB12c)_L7_C9,L,40
16234,Delta7,Delta7(PB15)_L1L9R8_R,R,glutamate,108478,PFL3,PFL3(PB12c)_L1_C3,L,40
521813,EPG,EPG(PB08)_L2,L,acetylcholine,515294,Delta7,Delta7(PB15)_L5R4_L,L,40
19825,EPG,EPG(PB08)_R6,R,acetylcholine,15409,Delta7,Delta7(PB15)_L8R1R9_L,L,40
16180,Delta7,Delta7(PB15)_L3R6_R,R,glutamate,19715,PFL2,PFL2(PB12b)_L4_C8,L,40
513517,EPG,EPG(PB08)_L4,L,acetylcholine,11987,EPG,EPG(PB08)_R5,R,40
515233,FC2B,FC2B_C2_R,R,acetylcholine,11673,PFL2,PFL2(PB12b)_R4_C2,R,40
521812,EPG,EPG(PB08)_R7,R,acetylcholine,92188,EPG,EPG(PB08)_R7,R,39
515294,Delta7,Delta7(PB15)_L5R4_L,L,glutamate,14816,Delta7,Delta7(PB15)_L6R4_L,L,39
513284,EPG,EPG(PB08)_R3,R,acetylcholine,434891,Delta7,Delta7(PB15)_L3R7_R,R,39
529318,Delta7,Delta7(PB15)_L4R5_R,R,glutamate,26488,PFL3,PFL3(PB12c)_R5_C3,R,39
16180,Delta7,Delta7(PB15)_L3R6_R,R,glutamate,530071,PFL3,PFL3(PB12c)_L3_C5,L,39
241046,FC2B,FC2B_C4_R,R,acetylcholine,522853,PFL2,PFL2(PB12b)_R2_C4,R,39
11987,EPG,EPG(PB08)_R5,R,acetylcholine,19125,EPG,EPG(PB08)_R5,R,39
39538,FC2A,FC2A_C6_R,R,acetylcholine,18327,PFL3,PFL3(PB12c)_R2_C6,R,39
533725,Delta7,Delta7(PB15)_L8R1R9_L,L,glutamate,15654,Delta7,Delta7(PB15)_L8R1R9_L,L,39
15654,Delta7,Delta7(PB15)_L8R1R9_L,L,glutamate,17286,PFL3,PFL3(PB12c)_R1_C2_irreg,L,39
106495,FC2B,FC2B_C6_R,R,acetylcholine,13490,PFL2,PFL2(PB12b)_L1_C5,L,39
15837,Delta7,Delta7(PB15)_L1L9R8_R,R,glutamate,13490,PFL2,PFL2(PB12b)_L1_C5,L,39
11184,Delta7,Delta7(PB15)_L1L9R8_R,R,glutamate,13490,PFL2,PFL2(PB12b)_L1_C5,L,39
511841,Delta7,Delta7(PB15)_L2R7_R,R,glutamate,19009,PFL3,PFL3(PB12c)_L2_C9_irreg,R,39
107195,EPG,EPG(PB08)_L5,L,acetylcholine,12449,EPG,EPG(PB08)_L5,L,39
16476,Delta7,Delta7(PB15)_L7R2_L,L,glutamate,513463,EPG,EPG(PB08)_R2,R,39
50431,FC2C,FC2C_C8_R,R,acetylcholine,19715,PFL2,PFL2(PB12b)_L4_C8,L,39
11989,EPG,EPG(PB08)_L5,L,acetylcholine,520581,EPG,EPG(PB08)_R4,R,39
511841,Delta7,Delta7(PB15)_L2R7_R,R,glutamate,511842,PFL2,PFL2(PB12b)_L2_C6,L,39
88342,EPG,EPG(PB08)_L3,L,acetylcholine,14507,EPG,EPG(PB08)_R7,R,39
16180,Delta7,Delta7(PB15)_L3R6_R,R,glutamate,10513,Delta7,Delta7(PB15)_L3R6_R,R,39
556346,EPG,EPG(PB08)_L6,L,acetylcholine,513284,EPG,EPG(PB08)_R3,R,38
512514,EPG,EPG(PB08)_L1,L,acetylcholine,513464,EPG,EPG(PB08)_R8,R,38
520581,EPG,EPG(PB08)_R4,R,acetylcholine,16540,Delta7,Delta7(PB15)_L2R7_R,R,38
14509,Delta7,Delta7(PB15)_L4R6_R,R,glutamate,533725,Delta7,Delta7(PB15)_L8R1R9_L,L,38
15495,Delta7,Delta7(PB15)_L3R6_R,R,glutamate,27492,PFL2,PFL2(PB12b)_L3_C7,L,38
11503,EPG,EPG(PB08)_R8,R,acetylcholine,512305,EPG,EPG(PB08)_R8,R,38
522994,Delta7,Delta7(PB15)_L6R3_L,L,glutamate,17290,PFL3,PFL3(PB12c)_L6_C8,L,38
15851,Delta7,Delta7(PB15)_L6R4_L,L,glutamate,17290,PFL3,PFL3(PB12c)_L6_C8,L,38
19825,EPG,EPG(PB08)_R6,R,acetylcholine,513520,EPG,EPG(PB08)_R6,R,38
45876,FC2A,FC2A_C7_R,R,acetylcholine,26038,PFL3,PFL3(PB12c)_L5_C7,L,38
556347,EPG,EPG(PB08)_R4,R,acetylcholine,523786,EPG,EPG(PB08)_R4,R,38
512513,EPG,EPG(PB08)_R1,R,acetylcholine,15904,Delta7,Delta7(PB15)_L4R5_R,R,38
521813,EPG,EPG(PB08)_L2,L,acetylcholine,515961,Delta7,Delta7(PB15)_L6R3_L,L,38
511841,Delta7,Delta7(PB15)_L2R7_R,R,glutamate,515961,Delta7,Delta7(PB15)_L6R3_L,L,38
88342,EPG,EPG(PB08)_L3,L,acetylcholine,530071,PFL3,PFL3(PB12c)_L3_C5,L,38
84758,EPG,EPG(PB08)_L7,L,acetylcholine,10539,EPG,EPG(PB08)_R2,R,38
515675,EPG,EPG(PB08)_R1,R,acetylcholine,16110,Delta7,Delta7(PB15)_L3R6_R,R,38
15409,Delta7,Delta7(PB15)_L8R1R9_L,L,glutamate,15654,Delta7,Delta7(PB15)_L8R1R9_L,L,38
18639,Delta7,Delta7(PB15)_L7R2_L,L,glutamate,519346,PFL3,PFL3(PB12c)_L7_C9,L,38
15409,Delta7,Delta7(PB15)_L8R1R9_L,L,glutamate,17286,PFL3,PFL3(PB12c)_R1_C2_irreg,L,38
14727,EPG,EPG(PB08)_L7,L,acetylcholine,84758,EPG,EPG(PB08)_L7,L,38
14507,EPG,EPG(PB08)_R7,R,acetylcholine,88342,EPG,EPG(PB08)_L3,L,38
434891,Delta7,Delta7(PB15)_L3R7_R,R,glutamate,519941,EPG,EPG(PB08)_L3,L,38
523786,EPG,EPG(PB08)_R4,R,acetylcholine,556347,EPG,EPG(PB08)_R4,R,38
16869,Delta7,Delta7(PB15)_L7R3_L,L,glutamate,15495,Delta7,Delta7(PB15)_L3R6_R,R,37
16180,Delta7,Delta7(PB15)_L3R6_R,R,glutamate,15495,Delta7,Delta7(PB15)_L3R6_R,R,37
515675,EPG,EPG(PB08)_R1,R,acetylcholine,18823,Delta7,Delta7(PB15)_L4R5_R,R,37
17143,Delta7,Delta7(PB15)_L2R7_R,R,glutamate,27492,PFL2,PFL2(PB12b)_L3_C7,L,37
512514,EPG,EPG(PB08)_L1,L,acetylcholine,14509,Delta7,Delta7(PB15)_L4R6_R,R,37
33382,FC2A,FC2A_C8_R,R,acetylcholine,26038,PFL3,PFL3(PB12c)_L5_C7,L,37
15654,Delta7,Delta7(PB15)_L8R1R9_L,L,glutamate,18803,PFL3,PFL3(PB12c)_R1_C7,R,37
519358,FC2B,FC2B_C4_R,R,acetylcholine,523032,PFL3,PFL3(PB12c)_L2_C4,L,37
513517,EPG,EPG(PB08)_L4,L,acetylcholine,15399,Delta7,Delta7(PB15)_L1L9R8_R,R,37
15851,Delta7,Delta7(PB15)_L6R4_L,L,glutamate,511841,Delta7,Delta7(PB15)_L2R7_R,R,37
131313,EPG,EPG(PB08)_R6,R,acetylcholine,16869,Delta7,Delta7(PB15)_L7R3_L,L,37
55401,FC2A,FC2A_C9_R,R,acetylcholine,513034,PFL2,PFL2(PB12b)_L5_C9,L,37
512514,EPG,EPG(PB08)_L1,L,acetylcholine,13490,PFL2,PFL2(PB12b)_L1_C5,L,37
39538,FC2A,FC2A_C6_R,R,acetylcholine,13490,PFL2,PFL2(PB12b)_L1_C5,L,37
16540,Delta7,Delta7(PB15)_L2R7_R,R,glutamate,19009,PFL3,PFL3(PB12c)_L2_C9_irreg,R,37
15851,Delta7,Delta7(PB15)_L6R4_L,L,glutamate,15837,Delta7,Delta7(PB15)_L1L9R8_R,R,37
18823,Delta7,Delta7(PB15)_L4R5_R,R,glutamate,11184,Delta7,Delta7(PB15)_L1L9R8_R,R,37
15654,Delta7,Delta7(PB15)_L8R1R9_L,L,glutamate,35324,Delta7,Delta7(PB15)_L5R4_L,L,37
11874,EPG,EPG(PB08)_L7,L,acetylcholine,513463,EPG,EPG(PB08)_R2,R,37
19125,EPG,EPG(PB08)_R5,R,acetylcholine,15409,Delta7,Delta7(PB15)_L8R1R9_L,L,37
15399,Delta7,Delta7(PB15)_L1L9R8_R,R,glutamate,17000,PFL3,PFL3(PB12c)_L1_C3,L,37
522994,Delta7,Delta7(PB15)_L6R3_L,L,glutamate,11673,PFL2,PFL2(PB12b)_R4_C2,R,37
14816,Delta7,Delta7(PB15)_L6R4_L,L,glutamate,11673,PFL2,PFL2(PB12b)_R4_C2,R,37
15398,Delta7,Delta7(PB15)_L4R5_R,R,glutamate,17379,Delta7,Delta7(PB15)_L4R5_R,R,37
521813,EPG,EPG(PB08)_L2,L,acetylcholine,92188,EPG,EPG(PB08)_R7,R,36
513520,EPG,EPG(PB08)_R6,R,acetylcholine,520811,PFL3,PFL3(PB12c)_R6_C2,R,36
568155,Delta7,Delta7(PB15)_L8R1R9_L,L,glutamate,14806,Delta7,Delta7(PB15)_L8R1R9_L,L,36
17143,Delta7,Delta7(PB15)_L2R7_R,R,glutamate,14816,Delta7,Delta7(PB15)_L6R4_L,L,36
512513,EPG,EPG(PB08)_R1,R,acetylcholine,13217,EPG,EPG(PB08)_L8,L,36
15837,Delta7,Delta7(PB15)_L1L9R8_R,R,glutamate,15839,Delta7,Delta7(PB15)_L1L9R8_R,R,36
11987,EPG,EPG(PB08)_R5,R,acetylcholine,513517,EPG,EPG(PB08)_L4,L,36
512513,EPG,EPG(PB08)_R1,R,acetylcholine,519140,EPG,EPG(PB08)_L1,L,36
515961,Delta7,Delta7(PB15)_L6R3_L,L,glutamate,17290,PFL3,PFL3(PB12c)_L6_C8,L,36
530445,FC2B,FC2B_C6_L,L,acetylcholine,29836,PFL3,PFL3(PB12c)_L4_C6,L,36
18639,Delta7,Delta7(PB15)_L7R2_L,L,glutamate,14509,Delta7,Delta7(PB15)_L4R6_R,R,36
40179,FC2A,FC2A_C7_L,L,acetylcholine,26038,PFL3,PFL3(PB12c)_L5_C7,L,36
512514,EPG,EPG(PB08)_L1,L,acetylcholine,515961,Delta7,Delta7(PB15)_L6R3_L,L,36
16553,Delta7,Delta7(PB15)_L5R4_L,L,glutamate,520573,PFL2,PFL2(PB12b)_R5_C1,R,36
99820,FC2B,FC2B_C4_L,L,acetylcholine,530071,PFL3,PFL3(PB12c)_L3_C5,L,36
533725,Delta7,Delta7(PB15)_L8R1R9_L,L,glutamate,522853,PFL2,PFL2(PB12b)_R2_C4,R,36
519358,FC2B,FC2B_C4_R,R,acetylcholine,522853,PFL2,PFL2(PB12b)_R2_C4,R,36
520818,EPG,EPG(PB08)_L4,L,acetylcholine,19825,EPG,EPG(PB08)_R6,R,36
513033,EPG,EPG(PB08)_L8,L,acetylcholine,519144,EPG,EPG(PB08)_L8,L,36
520581,EPG,EPG(PB08)_R4,R,acetylcholine,11989,EPG,EPG(PB08)_L5,L,36
515233,FC2B,FC2B_C2_R,R,acetylcholine,17286,PFL3,PFL3(PB12c)_R1_C2_irreg,L,36
101011,FC2C,FC2C_C6_R,R,acetylcholine,13490,PFL2,PFL2(PB12b)_L1_C5,L,36
519332,Delta7,Delta7(PB15)_L2R7_R,R,glutamate,19009,PFL3,PFL3(PB12c)_L2_C9_irreg,R,36
15399,Delta7,Delta7(PB15)_L1L9R8_R,R,glutamate,15837,Delta7,Delta7(PB15)_L1L9R8_R,R,36
515675,EPG,EPG(PB08)_R1,R,acetylcholine,15398,Delta7,Delta7(PB15)_L4R5_R,R,36
519328,EPG,EPG(PB08)_L3,L,acetylcholine,522994,Delta7,Delta7(PB15)_L6R3_L,L,36
521812,EPG,EPG(PB08)_R7,R,acetylcholine,88342,EPG,EPG(PB08)_L3,L,36
514126,EPG,EPG(PB08)_R5,R,acetylcholine,15409,Delta7,Delta7(PB15)_L8R1R9_L,L,36
519332,Delta7,Delta7(PB15)_L2R7_R,R,glutamate,511842,PFL2,PFL2(PB12b)_L2_C6,L,36
556347,EPG,EPG(PB08)_R4,R,acetylcholine,11673,PFL2,PFL2(PB12b)_R4_C2,R,36
15654,Delta7,Delta7(PB15)_L8R1R9_L,L,glutamate,17379,Delta7,Delta7(PB15)_L4R5_R,R,36
515675,EPG,EPG(PB08)_R1,R,acetylcholine,16553,Delta7,Delta7(PB15)_L5R4_L,L,35
16412,Delta7,Delta7(PB15)_L7R2_L,L,glutamate,17143,Delta7,Delta7(PB15)_L2R7_R,R,35
515233,FC2B,FC2B_C2_R,R,acetylcholine,520811,PFL3,PFL3(PB12c)_R6_C2,R,35
16476,Delta7,Delta7(PB15)_L7R2_L,L,glutamate,15495,Delta7,Delta7(PB15)_L3R6_R,R,35
519941,EPG,EPG(PB08)_L3,L,acetylcholine,14816,Delta7,Delta7(PB15)_L6R4_L,L,35
15837,Delta7,Delta7(PB15)_L1L9R8_R,R,glutamate,14816,Delta7,Delta7(PB15)_L6R4_L,L,35
519331,Delta7,Delta7(PB15)_L3R7_R,R,glutamate,11557,PFL2,PFL2(PB12b)_L3_C7,L,35
434891,Delta7,Delta7(PB15)_L3R7_R,R,glutamate,11557,PFL2,PFL2(PB12b)_L3_C7,L,35
513463,EPG,EPG(PB08)_R2,R,acetylcholine,18823,Delta7,Delta7(PB15)_L4R5_R,R,35
512513,EPG,EPG(PB08)_R1,R,acetylcholine,18823,Delta7,Delta7(PB15)_L4R5_R,R,35
18639,Delta7,Delta7(PB15)_L7R2_L,L,glutamate,18823,Delta7,Delta7(PB15)_L4R5_R,R,35
15654,Delta7,Delta7(PB15)_L8R1R9_L,L,glutamate,18823,Delta7,Delta7(PB15)_L4R5_R,R,35
11184,Delta7,Delta7(PB15)_L1L9R8_R,R,glutamate,15839,Delta7,Delta7(PB15)_L1L9R8_R,R,35
513463,EPG,EPG(PB08)_R2,R,acetylcholine,16180,Delta7,Delta7(PB15)_L3R6_R,R,35
14509,Delta7,Delta7(PB15)_L4R6_R,R,glutamate,29836,PFL3,PFL3(PB12c)_L4_C6,L,35
16553,Delta7,Delta7(PB15)_L5R4_L,L,glutamate,26038,PFL3,PFL3(PB12c)_L5_C7,L,35
17379,Delta7,Delta7(PB15)_L4R5_R,R,glutamate,15904,Delta7,Delta7(PB15)_L4R5_R,R,35
15839,Delta7,Delta7(PB15)_L1L9R8_R,R,glutamate,523032,PFL3,PFL3(PB12c)_L2_C4,L,35
519331,Delta7,Delta7(PB15)_L3R7_R,R,glutamate,530071,PFL3,PFL3(PB12c)_L3_C5,L,35
17143,Delta7,Delta7(PB15)_L2R7_R,R,glutamate,530071,PFL3,PFL3(PB12c)_L3_C5,L,35
521813,EPG,EPG(PB08)_L2,L,acetylcholine,15851,Delta7,Delta7(PB15)_L6R4_L,L,35
519332,Delta7,Delta7(PB15)_L2R7_R,R,glutamate,521813,EPG,EPG(PB08)_L2,L,35
14806,Delta7,Delta7(PB15)_L8R1R9_L,L,glutamate,18327,PFL3,PFL3(PB12c)_R2_C6,R,35
513284,EPG,EPG(PB08)_R3,R,acetylcholine,16110,Delta7,Delta7(PB15)_L3R6_R,R,35
15495,Delta7,Delta7(PB15)_L3R6_R,R,glutamate,16110,Delta7,Delta7(PB15)_L3R6_R,R,35
520818,EPG,EPG(PB08)_L4,L,acetylcholine,513034,PFL2,PFL2(PB12b)_L5_C9,L,35
15398,Delta7,Delta7(PB15)_L4R5_R,R,glutamate,513034,PFL2,PFL2(PB12b)_L5_C9,L,35
15713,EPG,EPG(PB08)_L6,L,acetylcholine,15837,Delta7,Delta7(PB15)_L1L9R8_R,R,35
241046,FC2B,FC2B_C4_R,R,acetylcholine,23159,PFL3,PFL3(PB12c)_R4_C4,R,35
96384,FC2B,FC2B_C5_R,R,acetylcholine,519351,PFL3,PFL3(PB12c)_L4_C5,L,35
10539,EPG,EPG(PB08)_R2,R,acetylcholine,84758,EPG,EPG(PB08)_L7,L,35
19825,EPG,EPG(PB08)_R6,R,acetylcholine,520818,EPG,EPG(PB08)_L4,L,35
523786,EPG,EPG(PB08)_R4,R,acetylcholine,16360,EPG,EPG(PB08)_L6,L,35
56382,FC2A,FC2A_C6_L,L,acetylcholine,511842,PFL2,PFL2(PB12b)_L2_C6,L,35
67361,FC2B,FC2B_C2_R,R,acetylcholine,11673,PFL2,PFL2(PB12b)_R4_C2,R,35
519140,EPG,EPG(PB08)_L1,L,acetylcholine,529318,Delta7,Delta7(PB15)_L4R5_R,R,35
524073,EPG,EPG(PB08)_L2,L,acetylcholine,92188,EPG,EPG(PB08)_R7,R,34
434891,Delta7,Delta7(PB15)_L3R7_R,R,glutamate,519331,Delta7,Delta7(PB15)_L3R7_R,R,34
511841,Delta7,Delta7(PB15)_L2R7_R,R,glutamate,524073,EPG,EPG(PB08)_L2,L,34
513284,EPG,EPG(PB08)_R3,R,acetylcholine,16540,Delta7,Delta7(PB15)_L2R7_R,R,34
512928,EPG,EPG(PB08)_R3,R,acetylcholine,15495,Delta7,Delta7(PB15)_L3R6_R,R,34
17143,Delta7,Delta7(PB15)_L2R7_R,R,glutamate,533725,Delta7,Delta7(PB15)_L8R1R9_L,L,34
15616,EPG,EPG(PB08)_R3,R,acetylcholine,18823,Delta7,Delta7(PB15)_L4R5_R,R,34
519941,EPG,EPG(PB08)_L3,L,acetylcholine,27492,PFL2,PFL2(PB12b)_L3_C7,L,34
519331,Delta7,Delta7(PB15)_L3R7_R,R,glutamate,434891,Delta7,Delta7(PB15)_L3R7_R,R,34
89635,FC2B,FC2B_C3_R,R,acetylcholine,518378,PFL3,PFL3(PB12c)_R5_C3,R,34
518606,FC2A,FC2A_C8_L,L,acetylcholine,17290,PFL3,PFL3(PB12c)_L6_C8,L,34
533725,Delta7,Delta7(PB15)_L8R1R9_L,L,glutamate,14509,Delta7,Delta7(PB15)_L4R6_R,R,34
16869,Delta7,Delta7(PB15)_L7R3_L,L,glutamate,14509,Delta7,Delta7(PB15)_L4R6_R,R,34
519941,EPG,EPG(PB08)_L3,L,acetylcholine,517417,Delta7,Delta7(PB15)_L6R3_L,L,34
16412,Delta7,Delta7(PB15)_L7R2_L,L,glutamate,16476,Delta7,Delta7(PB15)_L7R2_L,L,34
17024,Delta7,Delta7(PB15)_L5R4_L,L,glutamate,520573,PFL2,PFL2(PB12b)_R5_C1,R,34
131273,FC2A,FC2A_C5_R,R,acetylcholine,530071,PFL3,PFL3(PB12c)_L3_C5,L,34
115674,FC2C,FC2C_C4_R,R,acetylcholine,522853,PFL2,PFL2(PB12b)_R2_C4,R,34
18639,Delta7,Delta7(PB15)_L7R2_L,L,glutamate,522853,PFL2,PFL2(PB12b)_R2_C4,R,34
568155,Delta7,Delta7(PB15)_L8R1R9_L,L,glutamate,15654,Delta7,Delta7(PB15)_L8R1R9_L,L,34
524074,Delta7,Delta7(PB15)_L5R4_L,L,glutamate,513032,PFL3,PFL3(PB12c)_L5_C7,L,34
521813,EPG,EPG(PB08)_L2,L,acetylcholine,19009,PFL3,PFL3(PB12c)_L2_C9_irreg,R,34
11989,EPG,EPG(PB08)_L5,L,acetylcholine,15837,Delta7,Delta7(PB15)_L1L9R8_R,R,34
170539,FC2A,FC2A_C4_R,R,acetylcholine,23159,PFL3,PFL3(PB12c)_R4_C4,R,34
512514,EPG,EPG(PB08)_L1,L,acetylcholine,522994,Delta7,Delta7(PB15)_L6R3_L,L,34
88342,EPG,EPG(PB08)_L3,L,acetylcholine,522994,Delta7,Delta7(PB15)_L6R3_L,L,34
513517,EPG,EPG(PB08)_L4,L,acetylcholine,514126,EPG,EPG(PB08)_R5,R,34
19125,EPG,EPG(PB08)_R5,R,acetylcholine,514126,EPG,EPG(PB08)_R5,R,34
513284,EPG,EPG(PB08)_R3,R,acetylcholine,16360,EPG,EPG(PB08)_L6,L,34
36201,FC2A,FC2A_C4_L,L,acetylcholine,14729,PFL2,PFL2(PB12b)_R1_C5,R,34
526406,FC2A,FC2A_C2_R,R,acetylcholine,11673,PFL2,PFL2(PB12b)_R4_C2,R,34
139763,FC2C,FC2C_C2_R,R,acetylcholine,11673,PFL2,PFL2(PB12b)_R4_C2,R,34
29674,FC2A,FC2A_C2_L,L,acetylcholine,11673,PFL2,PFL2(PB12b)_R4_C2,R,34
512514,EPG,EPG(PB08)_L1,L,acetylcholine,524074,Delta7,Delta7(PB15)_L5R4_L,L,34
15904,Delta7,Delta7(PB15)_L4R5_R,R,glutamate,17379,Delta7,Delta7(PB15)_L4R5_R,R,34
67741,FC2B,FC2B_C6_R,R,acetylcholine,567101,PFL3,PFL3(PB12c)_R3_C5,R,33
519941,EPG,EPG(PB08)_L3,L,acetylcholine,16412,Delta7,Delta7(PB15)_L7R2_L,L,33
519331,Delta7,Delta7(PB15)_L3R7_R,R,glutamate,17143,Delta7,Delta7(PB15)_L2R7_R,R,33
513463,EPG,EPG(PB08)_R2,R,acetylcholine,15495,Delta7,Delta7(PB15)_L3R6_R,R,33
16476,Delta7,Delta7(PB15)_L7R2_L,L,glutamate,18639,Delta7,Delta7(PB15)_L7R2_L,L,33
15616,EPG,EPG(PB08)_R3,R,acetylcholine,14727,EPG,EPG(PB08)_L7,L,33
15839,Delta7,Delta7(PB15)_L1L9R8_R,R,glutamate,18823,Delta7,Delta7(PB15)_L4R5_R,R,33
14507,EPG,EPG(PB08)_R7,R,acetylcholine,519328,EPG,EPG(PB08)_L3,L,33
519140,EPG,EPG(PB08)_L1,L,acetylcholine,14509,Delta7,Delta7(PB15)_L4R6_R,R,33
533725,Delta7,Delta7(PB15)_L8R1R9_L,L,glutamate,35322,PFL3,PFL3(PB12c)_R1_C7,R,33
14509,Delta7,Delta7(PB15)_L4R6_R,R,glutamate,517417,Delta7,Delta7(PB15)_L6R3_L,L,33
11307,EPG,EPG(PB08)_L4,L,acetylcholine,16476,Delta7,Delta7(PB15)_L7R2_L,L,33
532704,FC2A,FC2A_C1_R,R,acetylcholine,520573,PFL2,PFL2(PB12b)_R5_C1,R,33
515294,Delta7,Delta7(PB15)_L5R4_L,L,glutamate,520573,PFL2,PFL2(PB12b)_R5_C1,R,33
16360,EPG,EPG(PB08)_L6,L,acetylcholine,15399,Delta7,Delta7(PB15)_L1L9R8_R,R,33
15837,Delta7,Delta7(PB15)_L1L9R8_R,R,glutamate,15399,Delta7,Delta7(PB15)_L1L9R8_R,R,33
149740,FC2B,FC2B_C9_L,L,acetylcholine,519346,PFL3,PFL3(PB12c)_L7_C9,L,33
16476,Delta7,Delta7(PB15)_L7R2_L,L,glutamate,519346,PFL3,PFL3(PB12c)_L7_C9,L,33
40179,FC2A,FC2A_C7_L,L,acetylcholine,513032,PFL3,PFL3(PB12c)_L5_C7,L,33
35324,Delta7,Delta7(PB15)_L5R4_L,L,glutamate,513032,PFL3,PFL3(PB12c)_L5_C7,L,33
29674,FC2A,FC2A_C2_L,L,acetylcholine,17286,PFL3,PFL3(PB12c)_R1_C2_irreg,L,33
512513,EPG,EPG(PB08)_R1,R,acetylcholine,15398,Delta7,Delta7(PB15)_L4R5_R,R,33
568155,Delta7,Delta7(PB15)_L8R1R9_L,L,glutamate,17024,Delta7,Delta7(PB15)_L5R4_L,L,33
16180,Delta7,Delta7(PB15)_L3R6_R,R,glutamate,515294,Delta7,Delta7(PB15)_L5R4_L,L,33
16360,EPG,EPG(PB08)_L6,L,acetylcholine,11184,Delta7,Delta7(PB15)_L1L9R8_R,R,33
15904,Delta7,Delta7(PB15)_L4R5_R,R,glutamate,11184,Delta7,Delta7(PB15)_L1L9R8_R,R,33
14509,Delta7,Delta7(PB15)_L4R6_R,R,glutamate,11184,Delta7,Delta7(PB15)_L1L9R8_R,R,33
17143,Delta7,Delta7(PB15)_L2R7_R,R,glutamate,522994,Delta7,Delta7(PB15)_L6R3_L,L,33
513464,EPG,EPG(PB08)_R8,R,acetylcholine,520812,EPG,EPG(PB08)_R8,R,33
533725,Delta7,Delta7(PB15)_L8R1R9_L,L,glutamate,15409,Delta7,Delta7(PB15)_L8R1R9_L,L,33
16110,Delta7,Delta7(PB15)_L3R6_R,R,glutamate,15409,Delta7,Delta7(PB15)_L8R1R9_L,L,33
519331,Delta7,Delta7(PB15)_L3R7_R,R,glutamate,79549,PFL3,PFL3(PB12c)_R7_C1,R,33
519332,Delta7,Delta7(PB15)_L2R7_R,R,glutamate,79549,PFL3,PFL3(PB12c)_R7_C1,R,33
51782,FC2C,FC2C_C2_R,R,acetylcholine,11673,PFL2,PFL2(PB12b)_R4_C2,R,33
513463,EPG,EPG(PB08)_R2,R,acetylcholine,10513,Delta7,Delta7(PB15)_L3R6_R,R,33
521813,EPG,EPG(PB08)_L2,L,acetylcholine,16553,Delta7,Delta7(PB15)_L5R4_L,L,32
16869,Delta7,Delta7(PB15)_L7R3_L,L,glutamate,17804,Delta7,Delta7(PB15)_L7R2_L,L,32
521813,EPG,EPG(PB08)_L2,L,acetylcholine,14816,Delta7,Delta7(PB15)_L6R4_L,L,32
16360,EPG,EPG(PB08)_L6,L,acetylcholine,15616,EPG,EPG(PB08)_R3,R,32
17753,Delta7,Delta7(PB15)_L7R3_L,L,glutamate,434891,Delta7,Delta7(PB15)_L3R7_R,R,32
521813,EPG,EPG(PB08)_L2,L,acetylcholine,512305,EPG,EPG(PB08)_R8,R,32
15616,EPG,EPG(PB08)_R3,R,acetylcholine,556346,EPG,EPG(PB08)_L6,L,32
10539,EPG,EPG(PB08)_R2,R,acetylcholine,15904,Delta7,Delta7(PB15)_L4R5_R,R,32
241046,FC2B,FC2B_C4_R,R,acetylcholine,523032,PFL3,PFL3(PB12c)_L2_C4,L,32
10513,Delta7,Delta7(PB15)_L3R6_R,R,glutamate,530071,PFL3,PFL3(PB12c)_L3_C5,L,32
15837,Delta7,Delta7(PB15)_L1L9R8_R,R,glutamate,15851,Delta7,Delta7(PB15)_L6R4_L,L,32
568155,Delta7,Delta7(PB15)_L8R1R9_L,L,glutamate,522853,PFL2,PFL2(PB12b)_R2_C4,R,32
15654,Delta7,Delta7(PB15)_L8R1R9_L,L,glutamate,16110,Delta7,Delta7(PB15)_L3R6_R,R,32
19125,EPG,EPG(PB08)_R5,R,acetylcholine,15654,Delta7,Delta7(PB15)_L8R1R9_L,L,32
16869,Delta7,Delta7(PB15)_L7R3_L,L,glutamate,519332,Delta7,Delta7(PB15)_L2R7_R,R,32
11987,EPG,EPG(PB08)_R5,R,acetylcholine,568155,Delta7,Delta7(PB15)_L8R1R9_L,L,32
512514,EPG,EPG(PB08)_L1,L,acetylcholine,17024,Delta7,Delta7(PB15)_L5R4_L,L,32
15904,Delta7,Delta7(PB15)_L4R5_R,R,glutamate,519351,PFL3,PFL3(PB12c)_L4_C5,L,32
15713,EPG,EPG(PB08)_L6,L,acetylcholine,11184,Delta7,Delta7(PB15)_L1L9R8_R,R,32
514126,EPG,EPG(PB08)_R5,R,acetylcholine,520818,EPG,EPG(PB08)_L4,L,32
11987,EPG,EPG(PB08)_R5,R,acetylcholine,15409,Delta7,Delta7(PB15)_L8R1R9_L,L,32
34203,FC2B,FC2B_C1_R,R,acetylcholine,79549,PFL3,PFL3(PB12c)_R7_C1,R,32
15713,EPG,EPG(PB08)_L6,L,acetylcholine,520581,EPG,EPG(PB08)_R4,R,32
529318,Delta7,Delta7(PB15)_L4R5_R,R,glutamate,11987,EPG,EPG(PB08)_R5,R,32
515675,EPG,EPG(PB08)_R1,R,acetylcholine,14729,PFL2,PFL2(PB12b)_R1_C5,R,32
71855,FC2A,FC2A_C3_L,L,acetylcholine,17000,PFL3,PFL3(PB12c)_L1_C3,L,32
19825,EPG,EPG(PB08)_R6,R,acetylcholine,519941,EPG,EPG(PB08)_L3,L,32
15839,Delta7,Delta7(PB15)_L1L9R8_R,R,glutamate,18851,PFL3,PFL3(PB12c)_L1_C8_irreg,R,32
513284,EPG,EPG(PB08)_R3,R,acetylcholine,567101,PFL3,PFL3(PB12c)_R3_C5,R,31
519332,Delta7,Delta7(PB15)_L2R7_R,R,glutamate,16412,Delta7,Delta7(PB15)_L7R2_L,L,31
15616,EPG,EPG(PB08)_R3,R,acetylcholine,17143,Delta7,Delta7(PB15)_L2R7_R,R,31
17143,Delta7,Delta7(PB15)_L2R7_R,R,glutamate,519331,Delta7,Delta7(PB15)_L3R7_R,R,31
519332,Delta7,Delta7(PB15)_L2R7_R,R,glutamate,524073,EPG,EPG(PB08)_L2,L,31
92188,EPG,EPG(PB08)_R7,R,acetylcholine,524073,EPG,EPG(PB08)_L2,L,31
29674,FC2A,FC2A_C2_L,L,acetylcholine,520811,PFL3,PFL3(PB12c)_R6_C2,R,31
14507,EPG,EPG(PB08)_R7,R,acetylcholine,521812,EPG,EPG(PB08)_R7,R,31
520818,EPG,EPG(PB08)_L4,L,acetylcholine,14806,Delta7,Delta7(PB15)_L8R1R9_L,L,31
515675,EPG,EPG(PB08)_R1,R,acetylcholine,512514,EPG,EPG(PB08)_L1,L,31
519941,EPG,EPG(PB08)_L3,L,acetylcholine,17804,Delta7,Delta7(PB15)_L7R2_L,L,31
17753,Delta7,Delta7(PB15)_L7R3_L,L,glutamate,17804,Delta7,Delta7(PB15)_L7R2_L,L,31
14509,Delta7,Delta7(PB15)_L4R6_R,R,glutamate,17804,Delta7,Delta7(PB15)_L7R2_L,L,31
519332,Delta7,Delta7(PB15)_L2R7_R,R,glutamate,16540,Delta7,Delta7(PB15)_L2R7_R,R,31
15851,Delta7,Delta7(PB15)_L6R4_L,L,glutamate,16540,Delta7,Delta7(PB15)_L2R7_R,R,31
10539,EPG,EPG(PB08)_R2,R,acetylcholine,16540,Delta7,Delta7(PB15)_L2R7_R,R,31
515294,Delta7,Delta7(PB15)_L5R4_L,L,glutamate,15495,Delta7,Delta7(PB15)_L3R6_R,R,31
45876,FC2A,FC2A_C7_R,R,acetylcholine,11557,PFL2,PFL2(PB12b)_L3_C7,L,31
16869,Delta7,Delta7(PB15)_L7R3_L,L,glutamate,434891,Delta7,Delta7(PB15)_L3R7_R,R,31
15399,Delta7,Delta7(PB15)_L1L9R8_R,R,glutamate,14509,Delta7,Delta7(PB15)_L4R6_R,R,31
533725,Delta7,Delta7(PB15)_L8R1R9_L,L,glutamate,18803,PFL3,PFL3(PB12c)_R1_C7,R,31
529318,Delta7,Delta7(PB15)_L4R5_R,R,glutamate,520573,PFL2,PFL2(PB12b)_R5_C1,R,31
55415,FC2B,FC2B_C1_R,R,acetylcholine,520573,PFL2,PFL2(PB12b)_R5_C1,R,31
99820,FC2B,FC2B_C4_L,L,acetylcholine,513266,PFL3,PFL3(PB12c)_R3_C5,R,31
12449,EPG,EPG(PB08)_L5,L,acetylcholine,19125,EPG,EPG(PB08)_R5,R,31
18823,Delta7,Delta7(PB15)_L4R5_R,R,glutamate,15654,Delta7,Delta7(PB15)_L8R1R9_L,L,31
88342,EPG,EPG(PB08)_L3,L,acetylcholine,16869,Delta7,Delta7(PB15)_L7R3_L,L,31
513520,EPG,EPG(PB08)_R6,R,acetylcholine,568155,Delta7,Delta7(PB15)_L8R1R9_L,L,31
15654,Delta7,Delta7(PB15)_L8R1R9_L,L,glutamate,568155,Delta7,Delta7(PB15)_L8R1R9_L,L,31
12449,EPG,EPG(PB08)_L5,L,acetylcholine,11989,EPG,EPG(PB08)_L5,L,31
14806,Delta7,Delta7(PB15)_L8R1R9_L,L,glutamate,17286,PFL3,PFL3(PB12c)_R1_C2_irreg,L,31
41559,FC2A,FC2A_C9_L,L,acetylcholine,19009,PFL3,PFL3(PB12c)_L2_C9_irreg,R,31
10513,Delta7,Delta7(PB15)_L3R6_R,R,glutamate,515294,Delta7,Delta7(PB15)_L5R4_L,L,31
11307,EPG,EPG(PB08)_L4,L,acetylcholine,11184,Delta7,Delta7(PB15)_L1L9R8_R,R,31
16412,Delta7,Delta7(PB15)_L7R2_L,L,glutamate,35324,Delta7,Delta7(PB15)_L5R4_L,L,31
520581,EPG,EPG(PB08)_R4,R,acetylcholine,15409,Delta7,Delta7(PB15)_L8R1R9_L,L,31
530445,FC2B,FC2B_C6_L,L,acetylcholine,511842,PFL2,PFL2(PB12b)_L2_C6,L,31
15654,Delta7,Delta7(PB15)_L8R1R9_L,L,glutamate,14729,PFL2,PFL2(PB12b)_R1_C5,R,31
521812,EPG,EPG(PB08)_R7,R,acetylcholine,14507,EPG,EPG(PB08)_R7,R,31
517417,Delta7,Delta7(PB15)_L6R3_L,L,glutamate,10513,Delta7,Delta7(PB15)_L3R6_R,R,31
512514,EPG,EPG(PB08)_L1,L,acetylcholine,17379,Delta7,Delta7(PB15)_L4R5_R,R,31
519332,Delta7,Delta7(PB15)_L2R7_R,R,glutamate,519331,Delta7,Delta7(PB15)_L3R7_R,R,30
16476,Delta7,Delta7(PB15)_L7R2_L,L,glutamate,519331,Delta7,Delta7(PB15)_L3R7_R,R,30
15399,Delta7,Delta7(PB15)_L1L9R8_R,R,glutamate,513464,EPG,EPG(PB08)_R8,R,30
520818,EPG,EPG(PB08)_L4,L,acetylcholine,533725,Delta7,Delta7(PB15)_L8R1R9_L,L,30
11307,EPG,EPG(PB08)_L4,L,acetylcholine,18639,Delta7,Delta7(PB15)_L7R2_L,L,30
513517,EPG,EPG(PB08)_L4,L,acetylcholine,15839,Delta7,Delta7(PB15)_L1L9R8_R,R,30
560327,FC2A,FC2A_C3_R,R,acetylcholine,518378,PFL3,PFL3(PB12c)_R5_C3,R,30
151739,FC2C,FC2C_C2_R,R,acetylcholine,15210,PFL3,PFL3(PB12c)_R2_C1_irreg,L,30
519941,EPG,EPG(PB08)_L3,L,acetylcholine,513520,EPG,EPG(PB08)_R6,R,30
512514,EPG,EPG(PB08)_L1,L,acetylcholine,15904,Delta7,Delta7(PB15)_L4R5_R,R,30
18823,Delta7,Delta7(PB15)_L4R5_R,R,glutamate,15904,Delta7,Delta7(PB15)_L4R5_R,R,30
568155,Delta7,Delta7(PB15)_L8R1R9_L,L,glutamate,35322,PFL3,PFL3(PB12c)_R1_C7,R,30
15654,Delta7,Delta7(PB15)_L8R1R9_L,L,glutamate,35322,PFL3,PFL3(PB12c)_R1_C7,R,30
560327,FC2A,FC2A_C3_R,R,acetylcholine,26488,PFL3,PFL3(PB12c)_R5_C3,R,30
19825,EPG,EPG(PB08)_R6,R,acetylcholine,517417,Delta7,Delta7(PB15)_L6R3_L,L,30
33382,FC2A,FC2A_C8_R,R,acetylcholine,18803,PFL3,PFL3(PB12c)_R1_C7,R,30
513520,EPG,EPG(PB08)_R6,R,acetylcholine,16476,Delta7,Delta7(PB15)_L7R2_L,L,30
18639,Delta7,Delta7(PB15)_L7R2_L,L,glutamate,16476,Delta7,Delta7(PB15)_L7R2_L,L,30
537128,FC2C,FC2C_C1_L,L,acetylcholine,520573,PFL2,PFL2(PB12b)_R5_C1,R,30
46169,FC2A,FC2A_C1_L,L,acetylcholine,520573,PFL2,PFL2(PB12b)_R5_C1,R,30
96384,FC2B,FC2B_C5_R,R,acetylcholine,513266,PFL3,PFL3(PB12c)_R3_C5,R,30
15851,Delta7,Delta7(PB15)_L6R4_L,L,glutamate,513266,PFL3,PFL3(PB12c)_R3_C5,R,30
524073,EPG,EPG(PB08)_L2,L,acetylcholine,11503,EPG,EPG(PB08)_R8,R,30
556347,EPG,EPG(PB08)_R4,R,acetylcholine,15399,Delta7,Delta7(PB15)_L1L9R8_R,R,30
517417,Delta7,Delta7(PB15)_L6R3_L,L,glutamate,15399,Delta7,Delta7(PB15)_L1L9R8_R,R,30
12449,EPG,EPG(PB08)_L5,L,acetylcholine,15399,Delta7,Delta7(PB15)_L1L9R8_R,R,30
66750,FC2C,FC2C_C4_R,R,acetylcholine,522853,PFL2,PFL2(PB12b)_R2_C4,R,30
15398,Delta7,Delta7(PB15)_L4R5_R,R,glutamate,19125,EPG,EPG(PB08)_R5,R,30
512928,EPG,EPG(PB08)_R3,R,acetylcholine,16110,Delta7,Delta7(PB15)_L3R6_R,R,30
15616,EPG,EPG(PB08)_R3,R,acetylcholine,16110,Delta7,Delta7(PB15)_L3R6_R,R,30
131313,EPG,EPG(PB08)_R6,R,acetylcholine,15654,Delta7,Delta7(PB15)_L8R1R9_L,L,30
16180,Delta7,Delta7(PB15)_L3R6_R,R,glutamate,15654,Delta7,Delta7(PB15)_L8R1R9_L,L,30
15495,Delta7,Delta7(PB15)_L3R6_R,R,glutamate,15654,Delta7,Delta7(PB15)_L8R1R9_L,L,30
513284,EPG,EPG(PB08)_R3,R,acetylcholine,518375,PFL2,PFL2(PB12b)_R3_C3,R,30
519331,Delta7,Delta7(PB15)_L3R7_R,R,glutamate,519332,Delta7,Delta7(PB15)_L2R7_R,R,30
524074,Delta7,Delta7(PB15)_L5R4_L,L,glutamate,513034,PFL2,PFL2(PB12b)_L5_C9,L,30
33356,FC2B,FC2B_C2_L,L,acetylcholine,17286,PFL3,PFL3(PB12c)_R1_C2_irreg,L,30
55401,FC2A,FC2A_C9_R,R,acetylcholine,19009,PFL3,PFL3(PB12c)_L2_C9_irreg,R,30
18823,Delta7,Delta7(PB15)_L4R5_R,R,glutamate,15837,Delta7,Delta7(PB15)_L1L9R8_R,R,30
16412,Delta7,Delta7(PB15)_L7R2_L,L,glutamate,15398,Delta7,Delta7(PB15)_L4R5_R,R,30
16553,Delta7,Delta7(PB15)_L5R4_L,L,glutamate,17024,Delta7,Delta7(PB15)_L5R4_L,L,30
14509,Delta7,Delta7(PB15)_L4R6_R,R,glutamate,519351,PFL3,PFL3(PB12c)_L4_C5,L,30
519140,EPG,EPG(PB08)_L1,L,acetylcholine,515294,Delta7,Delta7(PB15)_L5R4_L,L,30
14816,Delta7,Delta7(PB15)_L6R4_L,L,glutamate,515294,Delta7,Delta7(PB15)_L5R4_L,L,30
517417,Delta7,Delta7(PB15)_L6R3_L,L,glutamate,11184,Delta7,Delta7(PB15)_L1L9R8_R,R,30
15839,Delta7,Delta7(PB15)_L1L9R8_R,R,glutamate,11184,Delta7,Delta7(PB15)_L1L9R8_R,R,30
16540,Delta7,Delta7(PB15)_L2R7_R,R,glutamate,35324,Delta7,Delta7(PB15)_L5R4_L,L,30
513517,EPG,EPG(PB08)_L4,L,acetylcholine,17753,Delta7,Delta7(PB15)_L7R3_L,L,30
517417,Delta7,Delta7(PB15)_L6R3_L,L,glutamate,522994,Delta7,Delta7(PB15)_L6R3_L,L,30
524073,EPG,EPG(PB08)_L2,L,acetylcholine,520812,EPG,EPG(PB08)_R8,R,30
15904,Delta7,Delta7(PB15)_L4R5_R,R,glutamate,15409,Delta7,Delta7(PB15)_L8R1R9_L,L,30
511841,Delta7,Delta7(PB15)_L2R7_R,R,glutamate,79549,PFL3,PFL3(PB12c)_R7_C1,R,30
568155,Delta7,Delta7(PB15)_L8R1R9_L,L,glutamate,14729,PFL2,PFL2(PB12b)_R1_C5,R,30
523786,EPG,EPG(PB08)_R4,R,acetylcholine,11673,PFL2,PFL2(PB12b)_R4_C2,R,30
33356,FC2B,FC2B_C2_L,L,acetylcholine,11673,PFL2,PFL2(PB12b)_R4_C2,R,30
18639,Delta7,Delta7(PB15)_L7R2_L,L,glutamate,10513,Delta7,Delta7(PB15)_L3R6_R,R,30
14816,Delta7,Delta7(PB15)_L6R4_L,L,glutamate,556347,EPG,EPG(PB08)_R4,R,30
515675,EPG,EPG(PB08)_R1,R,acetylcholine,17379,Delta7,Delta7(PB15)_L4R5_R,R,30
16869,Delta7,Delta7(PB15)_L7R3_L,L,glutamate,567101,PFL3,PFL3(PB12c)_R3_C5,R,29
524074,Delta7,Delta7(PB15)_L5R4_L,L,glutamate,16553,Delta7,Delta7(PB15)_L5R4_L,L,29
17753,Delta7,Delta7(PB15)_L7R3_L,L,glutamate,17143,Delta7,Delta7(PB15)_L2R7_R,R,29
517417,Delta7,Delta7(PB15)_L6R3_L,L,glutamate,16540,Delta7,Delta7(PB15)_L2R7_R,R,29
15851,Delta7,Delta7(PB15)_L6R4_L,L,glutamate,15495,Delta7,Delta7(PB15)_L3R6_R,R,29
533436,FC2C,FC2C_C7_L,L,acetylcholine,27492,PFL2,PFL2(PB12b)_L3_C7,L,29
122167,FC2C,FC2C_C7_R,R,acetylcholine,27492,PFL2,PFL2(PB12b)_L3_C7,L,29
513284,EPG,EPG(PB08)_R3,R,acetylcholine,15839,Delta7,Delta7(PB15)_L1L9R8_R,R,29
50885,FC2C,FC2C_C2_L,L,acetylcholine,518378,PFL3,PFL3(PB12c)_R5_C3,R,29
513463,EPG,EPG(PB08)_R2,R,acetylcholine,15210,PFL3,PFL3(PB12c)_R2_C1_irreg,L,29
515675,EPG,EPG(PB08)_R1,R,acetylcholine,16180,Delta7,Delta7(PB15)_L3R6_R,R,29
511841,Delta7,Delta7(PB15)_L2R7_R,R,glutamate,15904,Delta7,Delta7(PB15)_L4R5_R,R,29
15399,Delta7,Delta7(PB15)_L1L9R8_R,R,glutamate,15904,Delta7,Delta7(PB15)_L4R5_R,R,29
15851,Delta7,Delta7(PB15)_L6R4_L,L,glutamate,517417,Delta7,Delta7(PB15)_L6R3_L,L,29
40179,FC2A,FC2A_C7_L,L,acetylcholine,18803,PFL3,PFL3(PB12c)_R1_C7,R,29
519140,EPG,EPG(PB08)_L1,L,acetylcholine,515961,Delta7,Delta7(PB15)_L6R3_L,L,29
15409,Delta7,Delta7(PB15)_L8R1R9_L,L,glutamate,515961,Delta7,Delta7(PB15)_L6R3_L,L,29
524074,Delta7,Delta7(PB15)_L5R4_L,L,glutamate,520573,PFL2,PFL2(PB12b)_R5_C1,R,29
60670,FC2C,FC2C_C1_R,R,acetylcholine,520573,PFL2,PFL2(PB12b)_R5_C1,R,29
96384,FC2B,FC2B_C5_R,R,acetylcholine,530071,PFL3,PFL3(PB12c)_L3_C5,L,29
16110,Delta7,Delta7(PB15)_L3R6_R,R,glutamate,530071,PFL3,PFL3(PB12c)_L3_C5,L,29
16412,Delta7,Delta7(PB15)_L7R2_L,L,glutamate,10539,EPG,EPG(PB08)_R2,R,29
14806,Delta7,Delta7(PB15)_L8R1R9_L,L,glutamate,522853,PFL2,PFL2(PB12b)_R2_C4,R,29
556346,EPG,EPG(PB08)_L6,L,acetylcholine,15713,EPG,EPG(PB08)_L6,L,29
521812,EPG,EPG(PB08)_R7,R,acetylcholine,521813,EPG,EPG(PB08)_L2,L,29
511841,Delta7,Delta7(PB15)_L2R7_R,R,glutamate,521813,EPG,EPG(PB08)_L2,L,29
519941,EPG,EPG(PB08)_L3,L,acetylcholine,15654,Delta7,Delta7(PB15)_L8R1R9_L,L,29
107195,EPG,EPG(PB08)_L5,L,acetylcholine,15654,Delta7,Delta7(PB15)_L8R1R9_L,L,29
517417,Delta7,Delta7(PB15)_L6R3_L,L,glutamate,518375,PFL2,PFL2(PB12b)_R3_C3,R,29
17804,Delta7,Delta7(PB15)_L7R2_L,L,glutamate,519332,Delta7,Delta7(PB15)_L2R7_R,R,29
15713,EPG,EPG(PB08)_L6,L,acetylcholine,519332,Delta7,Delta7(PB15)_L2R7_R,R,29
17753,Delta7,Delta7(PB15)_L7R3_L,L,glutamate,16869,Delta7,Delta7(PB15)_L7R3_L,L,29
56905,FC2C,FC2C_C9_L,L,acetylcholine,513034,PFL2,PFL2(PB12b)_L5_C9,L,29
519140,EPG,EPG(PB08)_L1,L,acetylcholine,13490,PFL2,PFL2(PB12b)_L1_C5,L,29
17143,Delta7,Delta7(PB15)_L2R7_R,R,glutamate,19009,PFL3,PFL3(PB12c)_L2_C9_irreg,R,29
17379,Delta7,Delta7(PB15)_L4R5_R,R,glutamate,15398,Delta7,Delta7(PB15)_L4R5_R,R,29
513463,EPG,EPG(PB08)_R2,R,acetylcholine,17024,Delta7,Delta7(PB15)_L5R4_L,L,29
10513,Delta7,Delta7(PB15)_L3R6_R,R,glutamate,519351,PFL3,PFL3(PB12c)_L4_C5,L,29
17143,Delta7,Delta7(PB15)_L2R7_R,R,glutamate,515294,Delta7,Delta7(PB15)_L5R4_L,L,29
17753,Delta7,Delta7(PB15)_L7R3_L,L,glutamate,84758,EPG,EPG(PB08)_L7,L,29
520812,EPG,EPG(PB08)_R8,R,acetylcholine,522994,Delta7,Delta7(PB15)_L6R3_L,L,29
131313,EPG,EPG(PB08)_R6,R,acetylcholine,520818,EPG,EPG(PB08)_L4,L,29
524074,Delta7,Delta7(PB15)_L5R4_L,L,glutamate,15409,Delta7,Delta7(PB15)_L8R1R9_L,L,29
140787,FC2B,FC2B_C1_L,L,acetylcholine,79549,PFL3,PFL3(PB12c)_R7_C1,R,29
16234,Delta7,Delta7(PB15)_L1L9R8_R,R,glutamate,511842,PFL2,PFL2(PB12b)_L2_C6,L,29
515961,Delta7,Delta7(PB15)_L6R3_L,L,glutamate,11673,PFL2,PFL2(PB12b)_R4_C2,R,29
16412,Delta7,Delta7(PB15)_L7R2_L,L,glutamate,10513,Delta7,Delta7(PB15)_L3R6_R,R,29
17804,Delta7,Delta7(PB15)_L7R2_L,L,glutamate,567101,PFL3,PFL3(PB12c)_R3_C5,R,28
16476,Delta7,Delta7(PB15)_L7R2_L,L,glutamate,16412,Delta7,Delta7(PB15)_L7R2_L,L,28
11987,EPG,EPG(PB08)_R5,R,acetylcholine,16412,Delta7,Delta7(PB15)_L7R2_L,L,28
511841,Delta7,Delta7(PB15)_L2R7_R,R,glutamate,16553,Delta7,Delta7(PB15)_L5R4_L,L,28
17024,Delta7,Delta7(PB15)_L5R4_L,L,glutamate,16553,Delta7,Delta7(PB15)_L5R4_L,L,28
521813,EPG,EPG(PB08)_L2,L,acetylcholine,521812,EPG,EPG(PB08)_R7,R,28
11503,EPG,EPG(PB08)_R8,R,acetylcholine,512514,EPG,EPG(PB08)_L1,L,28
16553,Delta7,Delta7(PB15)_L5R4_L,L,glutamate,16540,Delta7,Delta7(PB15)_L2R7_R,R,28
15616,EPG,EPG(PB08)_R3,R,acetylcholine,16540,Delta7,Delta7(PB15)_L2R7_R,R,28
511841,Delta7,Delta7(PB15)_L2R7_R,R,glutamate,14816,Delta7,Delta7(PB15)_L6R4_L,L,28
513517,EPG,EPG(PB08)_L4,L,acetylcholine,533725,Delta7,Delta7(PB15)_L8R1R9_L,L,28
14806,Delta7,Delta7(PB15)_L8R1R9_L,L,glutamate,533725,Delta7,Delta7(PB15)_L8R1R9_L,L,28
11989,EPG,EPG(PB08)_L5,L,acetylcholine,533725,Delta7,Delta7(PB15)_L8R1R9_L,L,28
519332,Delta7,Delta7(PB15)_L2R7_R,R,glutamate,27492,PFL2,PFL2(PB12b)_L3_C7,L,28
515294,Delta7,Delta7(PB15)_L5R4_L,L,glutamate,15839,Delta7,Delta7(PB15)_L1L9R8_R,R,28
517417,Delta7,Delta7(PB15)_L6R3_L,L,glutamate,556346,EPG,EPG(PB08)_L6,L,28
15713,EPG,EPG(PB08)_L6,L,acetylcholine,17290,PFL3,PFL3(PB12c)_L6_C8,L,28
512513,EPG,EPG(PB08)_R1,R,acetylcholine,16180,Delta7,Delta7(PB15)_L3R6_R,R,28
15616,EPG,EPG(PB08)_R3,R,acetylcholine,14509,Delta7,Delta7(PB15)_L4R6_R,R,28
513463,EPG,EPG(PB08)_R2,R,acetylcholine,15904,Delta7,Delta7(PB15)_L4R5_R,R,28
16234,Delta7,Delta7(PB15)_L1L9R8_R,R,glutamate,15904,Delta7,Delta7(PB15)_L4R5_R,R,28
14806,Delta7,Delta7(PB15)_L8R1R9_L,L,glutamate,35322,PFL3,PFL3(PB12c)_R1_C7,R,28
16180,Delta7,Delta7(PB15)_L3R6_R,R,glutamate,517417,Delta7,Delta7(PB15)_L6R3_L,L,28
88342,EPG,EPG(PB08)_L3,L,acetylcholine,16476,Delta7,Delta7(PB15)_L7R2_L,L,28
15399,Delta7,Delta7(PB15)_L1L9R8_R,R,glutamate,515961,Delta7,Delta7(PB15)_L6R3_L,L,28
15409,Delta7,Delta7(PB15)_L8R1R9_L,L,glutamate,512513,EPG,EPG(PB08)_R1,R,28
515294,Delta7,Delta7(PB15)_L5R4_L,L,glutamate,513266,PFL3,PFL3(PB12c)_R3_C5,R,28
115674,FC2C,FC2C_C4_R,R,acetylcholine,513266,PFL3,PFL3(PB12c)_R3_C5,R,28
95713,FC2C,FC2C_C4_L,L,acetylcholine,513266,PFL3,PFL3(PB12c)_R3_C5,R,28
519331,Delta7,Delta7(PB15)_L3R7_R,R,glutamate,523032,PFL3,PFL3(PB12c)_L2_C4,L,28
15904,Delta7,Delta7(PB15)_L4R5_R,R,glutamate,15399,Delta7,Delta7(PB15)_L1L9R8_R,R,28
517417,Delta7,Delta7(PB15)_L6R3_L,L,glutamate,511841,Delta7,Delta7(PB15)_L2R7_R,R,28
511841,Delta7,Delta7(PB15)_L2R7_R,R,glutamate,15851,Delta7,Delta7(PB15)_L6R4_L,L,28
15495,Delta7,Delta7(PB15)_L3R6_R,R,glutamate,15851,Delta7,Delta7(PB15)_L6R4_L,L,28
520581,EPG,EPG(PB08)_R4,R,acetylcholine,15713,EPG,EPG(PB08)_L6,L,28
513520,EPG,EPG(PB08)_R6,R,acetylcholine,131313,EPG,EPG(PB08)_R6,R,28
16412,Delta7,Delta7(PB15)_L7R2_L,L,glutamate,16110,Delta7,Delta7(PB15)_L3R6_R,R,28
16110,Delta7,Delta7(PB15)_L3R6_R,R,glutamate,15654,Delta7,Delta7(PB15)_L8R1R9_L,L,28
560327,FC2A,FC2A_C3_R,R,acetylcholine,518375,PFL2,PFL2(PB12b)_R3_C3,R,28
17804,Delta7,Delta7(PB15)_L7R2_L,L,glutamate,518375,PFL2,PFL2(PB12b)_R3_C3,R,28
16412,Delta7,Delta7(PB15)_L7R2_L,L,glutamate,519346,PFL3,PFL3(PB12c)_L7_C9,L,28
89635,FC2B,FC2B_C3_R,R,acetylcholine,108478,PFL3,PFL3(PB12c)_L1_C3,L,28
19125,EPG,EPG(PB08)_R5,R,acetylcholine,568155,Delta7,Delta7(PB15)_L8R1R9_L,L,28
15839,Delta7,Delta7(PB15)_L1L9R8_R,R,glutamate,13490,PFL2,PFL2(PB12b)_L1_C5,L,28
519331,Delta7,Delta7(PB15)_L3R7_R,R,glutamate,19009,PFL3,PFL3(PB12c)_L2_C9_irreg,R,28
512513,EPG,EPG(PB08)_R1,R,acetylcholine,17024,Delta7,Delta7(PB15)_L5R4_L,L,28
15839,Delta7,Delta7(PB15)_L1L9R8_R,R,glutamate,17024,Delta7,Delta7(PB15)_L5R4_L,L,28
519358,FC2B,FC2B_C4_R,R,acetylcholine,23159,PFL3,PFL3(PB12c)_R4_C4,R,28
14816,Delta7,Delta7(PB15)_L6R4_L,L,glutamate,23159,PFL3,PFL3(PB12c)_R4_C4,R,28
512514,EPG,EPG(PB08)_L1,L,acetylcholine,515294,Delta7,Delta7(PB15)_L5R4_L,L,28
17753,Delta7,Delta7(PB15)_L7R3_L,L,glutamate,11184,Delta7,Delta7(PB15)_L1L9R8_R,R,28
15399,Delta7,Delta7(PB15)_L1L9R8_R,R,glutamate,11184,Delta7,Delta7(PB15)_L1L9R8_R,R,28
15837,Delta7,Delta7(PB15)_L1L9R8_R,R,glutamate,16234,Delta7,Delta7(PB15)_L1L9R8_R,R,28
519941,EPG,EPG(PB08)_L3,L,acetylcholine,17753,Delta7,Delta7(PB15)_L7R3_L,L,28
16869,Delta7,Delta7(PB15)_L7R3_L,L,glutamate,17753,Delta7,Delta7(PB15)_L7R3_L,L,28
14509,Delta7,Delta7(PB15)_L4R6_R,R,glutamate,17753,Delta7,Delta7(PB15)_L7R3_L,L,28
11307,EPG,EPG(PB08)_L4,L,acetylcholine,17753,Delta7,Delta7(PB15)_L7R3_L,L,28
16110,Delta7,Delta7(PB15)_L3R6_R,R,glutamate,522994,Delta7,Delta7(PB15)_L6R3_L,L,28
15851,Delta7,Delta7(PB15)_L6R4_L,L,glutamate,522994,Delta7,Delta7(PB15)_L6R3_L,L,28
15837,Delta7,Delta7(PB15)_L1L9R8_R,R,glutamate,522994,Delta7,Delta7(PB15)_L6R3_L,L,28
16412,Delta7,Delta7(PB15)_L7R2_L,L,glutamate,513463,EPG,EPG(PB08)_R2,R,28
12449,EPG,EPG(PB08)_L5,L,acetylcholine,15409,Delta7,Delta7(PB15)_L8R1R9_L,L,28
33382,FC2A,FC2A_C8_R,R,acetylcholine,19715,PFL2,PFL2(PB12b)_L4_C8,L,28
55415,FC2B,FC2B_C1_R,R,acetylcholine,79549,PFL3,PFL3(PB12c)_R7_C1,R,28
16540,Delta7,Delta7(PB15)_L2R7_R,R,glutamate,79549,PFL3,PFL3(PB12c)_R7_C1,R,28
50885,FC2C,FC2C_C2_L,L,acetylcholine,13031,PFL2,PFL2(PB12b)_R3_C3,R,28
16869,Delta7,Delta7(PB15)_L7R3_L,L,glutamate,13031,PFL2,PFL2(PB12b)_R3_C3,R,28
521813,EPG,EPG(PB08)_L2,L,acetylcholine,511842,PFL2,PFL2(PB12b)_L2_C6,L,28
119544,FC2C,FC2C_C6_L,L,acetylcholine,511842,PFL2,PFL2(PB12b)_L2_C6,L,28
512513,EPG,EPG(PB08)_R1,R,acetylcholine,529318,Delta7,Delta7(PB15)_L4R5_R,R,28
512514,EPG,EPG(PB08)_L1,L,acetylcholine,529318,Delta7,Delta7(PB15)_L4R5_R,R,28
15654,Delta7,Delta7(PB15)_L8R1R9_L,L,glutamate,529318,Delta7,Delta7(PB15)_L4R5_R,R,28
15851,Delta7,Delta7(PB15)_L6R4_L,L,glutamate,10513,Delta7,Delta7(PB15)_L3R6_R,R,28
14507,EPG,EPG(PB08)_R7,R,acetylcholine,519941,EPG,EPG(PB08)_L3,L,28
533725,Delta7,Delta7(PB15)_L8R1R9_L,L,glutamate,16553,Delta7,Delta7(PB15)_L5R4_L,L,27
513463,EPG,EPG(PB08)_R2,R,acetylcholine,16553,Delta7,Delta7(PB15)_L5R4_L,L,27
511841,Delta7,Delta7(PB15)_L2R7_R,R,glutamate,521812,EPG,EPG(PB08)_R7,R,27
88342,EPG,EPG(PB08)_L3,L,acetylcholine,521812,EPG,EPG(PB08)_R7,R,27
520818,EPG,EPG(PB08)_L4,L,acetylcholine,17804,Delta7,Delta7(PB15)_L7R2_L,L,27
19125,EPG,EPG(PB08)_R5,R,acetylcholine,17804,Delta7,Delta7(PB15)_L7R2_L,L,27
521812,EPG,EPG(PB08)_R7,R,acetylcholine,533725,Delta7,Delta7(PB15)_L8R1R9_L,L,27
513520,EPG,EPG(PB08)_R6,R,acetylcholine,533725,Delta7,Delta7(PB15)_L8R1R9_L,L,27
18823,Delta7,Delta7(PB15)_L4R5_R,R,glutamate,18639,Delta7,Delta7(PB15)_L7R2_L,L,27
513284,EPG,EPG(PB08)_R3,R,acetylcholine,14727,EPG,EPG(PB08)_L7,L,27
40179,FC2A,FC2A_C7_L,L,acetylcholine,11557,PFL2,PFL2(PB12b)_L3_C7,L,27
13217,EPG,EPG(PB08)_L8,L,acetylcholine,515675,EPG,EPG(PB08)_R1,R,27
512928,EPG,EPG(PB08)_R3,R,acetylcholine,434891,Delta7,Delta7(PB15)_L3R7_R,R,27
522994,Delta7,Delta7(PB15)_L6R3_L,L,glutamate,15839,Delta7,Delta7(PB15)_L1L9R8_R,R,27
16180,Delta7,Delta7(PB15)_L3R6_R,R,glutamate,15839,Delta7,Delta7(PB15)_L1L9R8_R,R,27
15616,EPG,EPG(PB08)_R3,R,acetylcholine,15839,Delta7,Delta7(PB15)_L1L9R8_R,R,27
60670,FC2C,FC2C_C1_R,R,acetylcholine,15210,PFL3,PFL3(PB12c)_R2_C1_irreg,L,27
10539,EPG,EPG(PB08)_R2,R,acetylcholine,15210,PFL3,PFL3(PB12c)_R2_C1_irreg,L,27
524074,Delta7,Delta7(PB15)_L5R4_L,L,glutamate,26038,PFL3,PFL3(PB12c)_L5_C7,L,27
45876,FC2A,FC2A_C7_R,R,acetylcholine,35322,PFL3,PFL3(PB12c)_R1_C7,R,27
40179,FC2A,FC2A_C7_L,L,acetylcholine,35322,PFL3,PFL3(PB12c)_R1_C7,R,27
71855,FC2A,FC2A_C3_L,L,acetylcholine,26488,PFL3,PFL3(PB12c)_R5_C3,R,27
519941,EPG,EPG(PB08)_L3,L,acetylcholine,16476,Delta7,Delta7(PB15)_L7R2_L,L,27
18823,Delta7,Delta7(PB15)_L4R5_R,R,glutamate,16476,Delta7,Delta7(PB15)_L7R2_L,L,27
524073,EPG,EPG(PB08)_L2,L,acetylcholine,515961,Delta7,Delta7(PB15)_L6R3_L,L,27
151739,FC2C,FC2C_C2_R,R,acetylcholine,520573,PFL2,PFL2(PB12b)_R5_C1,R,27
521813,EPG,EPG(PB08)_L2,L,acetylcholine,523032,PFL3,PFL3(PB12c)_L2_C4,L,27
514126,EPG,EPG(PB08)_R5,R,acetylcholine,15399,Delta7,Delta7(PB15)_L1L9R8_R,R,27
15713,EPG,EPG(PB08)_L6,L,acetylcholine,15399,Delta7,Delta7(PB15)_L1L9R8_R,R,27
515294,Delta7,Delta7(PB15)_L5R4_L,L,glutamate,511841,Delta7,Delta7(PB15)_L2R7_R,R,27
519140,EPG,EPG(PB08)_L1,L,acetylcholine,15851,Delta7,Delta7(PB15)_L6R4_L,L,27
16869,Delta7,Delta7(PB15)_L7R3_L,L,glutamate,16110,Delta7,Delta7(PB15)_L3R6_R,R,27
520581,EPG,EPG(PB08)_R4,R,acetylcholine,15654,Delta7,Delta7(PB15)_L8R1R9_L,L,27
15399,Delta7,Delta7(PB15)_L1L9R8_R,R,glutamate,108478,PFL3,PFL3(PB12c)_L1_C3,L,27
15654,Delta7,Delta7(PB15)_L8R1R9_L,L,glutamate,519332,Delta7,Delta7(PB15)_L2R7_R,R,27
14806,Delta7,Delta7(PB15)_L8R1R9_L,L,glutamate,568155,Delta7,Delta7(PB15)_L8R1R9_L,L,27
512513,EPG,EPG(PB08)_R1,R,acetylcholine,519144,EPG,EPG(PB08)_L8,L,27
15839,Delta7,Delta7(PB15)_L1L9R8_R,R,glutamate,19009,PFL3,PFL3(PB12c)_L2_C9_irreg,R,27
517417,Delta7,Delta7(PB15)_L6R3_L,L,glutamate,15837,Delta7,Delta7(PB15)_L1L9R8_R,R,27
524073,EPG,EPG(PB08)_L2,L,acetylcholine,17024,Delta7,Delta7(PB15)_L5R4_L,L,27
101011,FC2C,FC2C_C6_R,R,acetylcholine,519351,PFL3,PFL3(PB12c)_L4_C5,L,27
67741,FC2B,FC2B_C6_R,R,acetylcholine,519351,PFL3,PFL3(PB12c)_L4_C5,L,27
524074,Delta7,Delta7(PB15)_L5R4_L,L,glutamate,515294,Delta7,Delta7(PB15)_L5R4_L,L,27
515675,EPG,EPG(PB08)_R1,R,acetylcholine,515294,Delta7,Delta7(PB15)_L5R4_L,L,27
512513,EPG,EPG(PB08)_R1,R,acetylcholine,515294,Delta7,Delta7(PB15)_L5R4_L,L,27
16553,Delta7,Delta7(PB15)_L5R4_L,L,glutamate,515294,Delta7,Delta7(PB15)_L5R4_L,L,27
14509,Delta7,Delta7(PB15)_L4R6_R,R,glutamate,515294,Delta7,Delta7(PB15)_L5R4_L,L,27
524073,EPG,EPG(PB08)_L2,L,acetylcholine,35324,Delta7,Delta7(PB15)_L5R4_L,L,27
92188,EPG,EPG(PB08)_R7,R,acetylcholine,35324,Delta7,Delta7(PB15)_L5R4_L,L,27
524073,EPG,EPG(PB08)_L2,L,acetylcholine,522994,Delta7,Delta7(PB15)_L6R3_L,L,27
16540,Delta7,Delta7(PB15)_L2R7_R,R,glutamate,522994,Delta7,Delta7(PB15)_L6R3_L,L,27
18639,Delta7,Delta7(PB15)_L7R2_L,L,glutamate,513463,EPG,EPG(PB08)_R2,R,27
515294,Delta7,Delta7(PB15)_L5R4_L,L,glutamate,15409,Delta7,Delta7(PB15)_L8R1R9_L,L,27
15654,Delta7,Delta7(PB15)_L8R1R9_L,L,glutamate,15409,Delta7,Delta7(PB15)_L8R1R9_L,L,27
518606,FC2A,FC2A_C8_L,L,acetylcholine,19715,PFL2,PFL2(PB12b)_L4_C8,L,27
515294,Delta7,Delta7(PB15)_L5R4_L,L,glutamate,520581,EPG,EPG(PB08)_R4,R,27
115261,FC2C,FC2C_C6_L,L,acetylcholine,511842,PFL2,PFL2(PB12b)_L2_C6,L,27
512513,EPG,EPG(PB08)_R1,R,acetylcholine,14729,PFL2,PFL2(PB12b)_R1_C5,R,27
96384,FC2B,FC2B_C5_R,R,acetylcholine,14729,PFL2,PFL2(PB12b)_R1_C5,R,27
87630,FC2B,FC2B_C3_L,L,acetylcholine,17000,PFL3,PFL3(PB12c)_L1_C3,L,27
16553,Delta7,Delta7(PB15)_L5R4_L,L,glutamate,524074,Delta7,Delta7(PB15)_L5R4_L,L,27
88342,EPG,EPG(PB08)_L3,L,acetylcholine,519941,EPG,EPG(PB08)_L3,L,27
512513,EPG,EPG(PB08)_R1,R,acetylcholine,17379,Delta7,Delta7(PB15)_L4R5_R,R,27
10513,Delta7,Delta7(PB15)_L3R6_R,R,glutamate,16412,Delta7,Delta7(PB15)_L7R2_L,L,26
15409,Delta7,Delta7(PB15)_L8R1R9_L,L,glutamate,16553,Delta7,Delta7(PB15)_L5R4_L,L,26
513284,EPG,EPG(PB08)_R3,R,acetylcholine,17143,Delta7,Delta7(PB15)_L2R7_R,R,26
17379,Delta7,Delta7(PB15)_L4R5_R,R,glutamate,17143,Delta7,Delta7(PB15)_L2R7_R,R,26
529318,Delta7,Delta7(PB15)_L4R5_R,R,glutamate,14806,Delta7,Delta7(PB15)_L8R1R9_L,L,26
16180,Delta7,Delta7(PB15)_L3R6_R,R,glutamate,14806,Delta7,Delta7(PB15)_L8R1R9_L,L,26
15837,Delta7,Delta7(PB15)_L1L9R8_R,R,glutamate,512514,EPG,EPG(PB08)_L1,L,26
434891,Delta7,Delta7(PB15)_L3R7_R,R,glutamate,17804,Delta7,Delta7(PB15)_L7R2_L,L,26
519140,EPG,EPG(PB08)_L1,L,acetylcholine,15495,Delta7,Delta7(PB15)_L3R6_R,R,26
517417,Delta7,Delta7(PB15)_L6R3_L,L,glutamate,15495,Delta7,Delta7(PB15)_L3R6_R,R,26
15616,EPG,EPG(PB08)_R3,R,acetylcholine,15495,Delta7,Delta7(PB15)_L3R6_R,R,26
519328,EPG,EPG(PB08)_L3,L,acetylcholine,14816,Delta7,Delta7(PB15)_L6R4_L,L,26
512513,EPG,EPG(PB08)_R1,R,acetylcholine,14816,Delta7,Delta7(PB15)_L6R4_L,L,26
521409,EPG,EPG(PB08)_L8,L,acetylcholine,13217,EPG,EPG(PB08)_L8,L,26
514126,EPG,EPG(PB08)_R5,R,acetylcholine,533725,Delta7,Delta7(PB15)_L8R1R9_L,L,26
511841,Delta7,Delta7(PB15)_L2R7_R,R,glutamate,533725,Delta7,Delta7(PB15)_L8R1R9_L,L,26
19825,EPG,EPG(PB08)_R6,R,acetylcholine,533725,Delta7,Delta7(PB15)_L8R1R9_L,L,26
15495,Delta7,Delta7(PB15)_L3R6_R,R,glutamate,533725,Delta7,Delta7(PB15)_L8R1R9_L,L,26
88342,EPG,EPG(PB08)_L3,L,acetylcholine,18639,Delta7,Delta7(PB15)_L7R2_L,L,26
16476,Delta7,Delta7(PB15)_L7R2_L,L,glutamate,14727,EPG,EPG(PB08)_L7,L,26
519941,EPG,EPG(PB08)_L3,L,acetylcholine,11557,PFL2,PFL2(PB12b)_L3_C7,L,26
15837,Delta7,Delta7(PB15)_L1L9R8_R,R,glutamate,18823,Delta7,Delta7(PB15)_L4R5_R,R,26
15851,Delta7,Delta7(PB15)_L6R4_L,L,glutamate,15839,Delta7,Delta7(PB15)_L1L9R8_R,R,26
15713,EPG,EPG(PB08)_L6,L,acetylcholine,15839,Delta7,Delta7(PB15)_L1L9R8_R,R,26
12449,EPG,EPG(PB08)_L5,L,acetylcholine,15839,Delta7,Delta7(PB15)_L1L9R8_R,R,26
11989,EPG,EPG(PB08)_L5,L,acetylcholine,15839,Delta7,Delta7(PB15)_L1L9R8_R,R,26
46169,FC2A,FC2A_C1_L,L,acetylcholine,15210,PFL3,PFL3(PB12c)_R2_C1_irreg,L,26
515294,Delta7,Delta7(PB15)_L5R4_L,L,glutamate,17290,PFL3,PFL3(PB12c)_L6_C8,L,26
16234,Delta7,Delta7(PB15)_L1L9R8_R,R,glutamate,16180,Delta7,Delta7(PB15)_L3R6_R,R,26
106495,FC2B,FC2B_C6_R,R,acetylcholine,29836,PFL3,PFL3(PB12c)_L4_C6,L,26
556347,EPG,EPG(PB08)_R4,R,acetylcholine,107195,EPG,EPG(PB08)_L5,L,26
519144,EPG,EPG(PB08)_L8,L,acetylcholine,14509,Delta7,Delta7(PB15)_L4R6_R,R,26
10539,EPG,EPG(PB08)_R2,R,acetylcholine,14509,Delta7,Delta7(PB15)_L4R6_R,R,26
533436,FC2C,FC2C_C7_L,L,acetylcholine,26038,PFL3,PFL3(PB12c)_L5_C7,L,26
68271,FC2B,FC2B_C7_L,L,acetylcholine,26038,PFL3,PFL3(PB12c)_L5_C7,L,26
16540,Delta7,Delta7(PB15)_L2R7_R,R,glutamate,15904,Delta7,Delta7(PB15)_L4R5_R,R,26
17024,Delta7,Delta7(PB15)_L5R4_L,L,glutamate,26488,PFL3,PFL3(PB12c)_R5_C3,R,26
88342,EPG,EPG(PB08)_L3,L,acetylcholine,517417,Delta7,Delta7(PB15)_L6R3_L,L,26
16110,Delta7,Delta7(PB15)_L3R6_R,R,glutamate,517417,Delta7,Delta7(PB15)_L6R3_L,L,26
16180,Delta7,Delta7(PB15)_L3R6_R,R,glutamate,16476,Delta7,Delta7(PB15)_L7R2_L,L,26
14816,Delta7,Delta7(PB15)_L6R4_L,L,glutamate,520573,PFL2,PFL2(PB12b)_R5_C1,R,26
131273,FC2A,FC2A_C5_R,R,acetylcholine,513266,PFL3,PFL3(PB12c)_R3_C5,R,26
16234,Delta7,Delta7(PB15)_L1L9R8_R,R,glutamate,11503,EPG,EPG(PB08)_R8,R,26
15399,Delta7,Delta7(PB15)_L1L9R8_R,R,glutamate,11503,EPG,EPG(PB08)_R8,R,26
513284,EPG,EPG(PB08)_R3,R,acetylcholine,15399,Delta7,Delta7(PB15)_L1L9R8_R,R,26
84758,EPG,EPG(PB08)_L7,L,acetylcholine,15399,Delta7,Delta7(PB15)_L1L9R8_R,R,26
11987,EPG,EPG(PB08)_R5,R,acetylcholine,15399,Delta7,Delta7(PB15)_L1L9R8_R,R,26
514126,EPG,EPG(PB08)_R5,R,acetylcholine,511841,Delta7,Delta7(PB15)_L2R7_R,R,26
16476,Delta7,Delta7(PB15)_L7R2_L,L,glutamate,511841,Delta7,Delta7(PB15)_L2R7_R,R,26
11987,EPG,EPG(PB08)_R5,R,acetylcholine,511841,Delta7,Delta7(PB15)_L2R7_R,R,26
36201,FC2A,FC2A_C4_L,L,acetylcholine,522853,PFL2,PFL2(PB12b)_R2_C4,R,26
16540,Delta7,Delta7(PB15)_L2R7_R,R,glutamate,521813,EPG,EPG(PB08)_L2,L,26
530445,FC2B,FC2B_C6_L,L,acetylcholine,18327,PFL3,PFL3(PB12c)_R2_C6,R,26
10539,EPG,EPG(PB08)_R2,R,acetylcholine,18327,PFL3,PFL3(PB12c)_R2_C6,R,26
513463,EPG,EPG(PB08)_R2,R,acetylcholine,16110,Delta7,Delta7(PB15)_L3R6_R,R,26
15409,Delta7,Delta7(PB15)_L8R1R9_L,L,glutamate,16110,Delta7,Delta7(PB15)_L3R6_R,R,26
10539,EPG,EPG(PB08)_R2,R,acetylcholine,16110,Delta7,Delta7(PB15)_L3R6_R,R,26
11307,EPG,EPG(PB08)_L4,L,acetylcholine,15654,Delta7,Delta7(PB15)_L8R1R9_L,L,26
71855,FC2A,FC2A_C3_L,L,acetylcholine,518375,PFL2,PFL2(PB12b)_R3_C3,R,26
16476,Delta7,Delta7(PB15)_L7R2_L,L,glutamate,518375,PFL2,PFL2(PB12b)_R3_C3,R,26
518606,FC2A,FC2A_C8_L,L,acetylcholine,519346,PFL3,PFL3(PB12c)_L7_C9,L,26
71855,FC2A,FC2A_C3_L,L,acetylcholine,108478,PFL3,PFL3(PB12c)_L1_C3,L,26
15837,Delta7,Delta7(PB15)_L1L9R8_R,R,glutamate,108478,PFL3,PFL3(PB12c)_L1_C3,L,26
17143,Delta7,Delta7(PB15)_L2R7_R,R,glutamate,16869,Delta7,Delta7(PB15)_L7R3_L,L,26
514126,EPG,EPG(PB08)_R5,R,acetylcholine,568155,Delta7,Delta7(PB15)_L8R1R9_L,L,26
11307,EPG,EPG(PB08)_L4,L,acetylcholine,568155,Delta7,Delta7(PB15)_L8R1R9_L,L,26
515675,EPG,EPG(PB08)_R1,R,acetylcholine,519144,EPG,EPG(PB08)_L8,L,26
84758,EPG,EPG(PB08)_L7,L,acetylcholine,512928,EPG,EPG(PB08)_R3,R,26
148830,FC2C,FC2C_C5_R,R,acetylcholine,13490,PFL2,PFL2(PB12b)_L1_C5,L,26
19125,EPG,EPG(PB08)_R5,R,acetylcholine,15837,Delta7,Delta7(PB15)_L1L9R8_R,R,26
16180,Delta7,Delta7(PB15)_L3R6_R,R,glutamate,15837,Delta7,Delta7(PB15)_L1L9R8_R,R,26
513463,EPG,EPG(PB08)_R2,R,acetylcholine,15398,Delta7,Delta7(PB15)_L4R5_R,R,26
512514,EPG,EPG(PB08)_L1,L,acetylcholine,15398,Delta7,Delta7(PB15)_L4R5_R,R,26
16476,Delta7,Delta7(PB15)_L7R2_L,L,glutamate,15398,Delta7,Delta7(PB15)_L4R5_R,R,26
515294,Delta7,Delta7(PB15)_L5R4_L,L,glutamate,23159,PFL3,PFL3(PB12c)_R4_C4,R,26
533725,Delta7,Delta7(PB15)_L8R1R9_L,L,glutamate,515294,Delta7,Delta7(PB15)_L5R4_L,L,26
511841,Delta7,Delta7(PB15)_L2R7_R,R,glutamate,515294,Delta7,Delta7(PB15)_L5R4_L,L,26
520581,EPG,EPG(PB08)_R4,R,acetylcholine,11184,Delta7,Delta7(PB15)_L1L9R8_R,R,26
35324,Delta7,Delta7(PB15)_L5R4_L,L,glutamate,11184,Delta7,Delta7(PB15)_L1L9R8_R,R,26
16553,Delta7,Delta7(PB15)_L5R4_L,L,glutamate,35324,Delta7,Delta7(PB15)_L5R4_L,L,26
520812,EPG,EPG(PB08)_R8,R,acetylcholine,17753,Delta7,Delta7(PB15)_L7R3_L,L,26
131313,EPG,EPG(PB08)_R6,R,acetylcholine,17753,Delta7,Delta7(PB15)_L7R3_L,L,26
17143,Delta7,Delta7(PB15)_L2R7_R,R,glutamate,17753,Delta7,Delta7(PB15)_L7R3_L,L,26
15495,Delta7,Delta7(PB15)_L3R6_R,R,glutamate,17753,Delta7,Delta7(PB15)_L7R3_L,L,26
131313,EPG,EPG(PB08)_R6,R,acetylcholine,522994,Delta7,Delta7(PB15)_L6R3_L,L,26
15839,Delta7,Delta7(PB15)_L1L9R8_R,R,glutamate,522994,Delta7,Delta7(PB15)_L6R3_L,L,26
11184,Delta7,Delta7(PB15)_L1L9R8_R,R,glutamate,520812,EPG,EPG(PB08)_R8,R,26
520818,EPG,EPG(PB08)_L4,L,acetylcholine,15409,Delta7,Delta7(PB15)_L8R1R9_L,L,26
513520,EPG,EPG(PB08)_R6,R,acetylcholine,15409,Delta7,Delta7(PB15)_L8R1R9_L,L,26
15495,Delta7,Delta7(PB15)_L3R6_R,R,glutamate,15409,Delta7,Delta7(PB15)_L8R1R9_L,L,26
14509,Delta7,Delta7(PB15)_L4R6_R,R,glutamate,19715,PFL2,PFL2(PB12b)_L4_C8,L,26
67741,FC2B,FC2B_C6_R,R,acetylcholine,511842,PFL2,PFL2(PB12b)_L2_C6,L,26
15837,Delta7,Delta7(PB15)_L1L9R8_R,R,glutamate,14729,PFL2,PFL2(PB12b)_R1_C5,R,26
532704,FC2A,FC2A_C1_R,R,acetylcholine,11673,PFL2,PFL2(PB12b)_R4_C2,R,26
515675,EPG,EPG(PB08)_R1,R,acetylcholine,524074,Delta7,Delta7(PB15)_L5R4_L,L,26
515294,Delta7,Delta7(PB15)_L5R4_L,L,glutamate,524074,Delta7,Delta7(PB15)_L5R4_L,L,26
15839,Delta7,Delta7(PB15)_L1L9R8_R,R,glutamate,524074,Delta7,Delta7(PB15)_L5R4_L,L,26
17143,Delta7,Delta7(PB15)_L2R7_R,R,glutamate,529318,Delta7,Delta7(PB15)_L4R5_R,R,26
16234,Delta7,Delta7(PB15)_L1L9R8_R,R,glutamate,529318,Delta7,Delta7(PB15)_L4R5_R,R,26
513284,EPG,EPG(PB08)_R3,R,acetylcholine,10513,Delta7,Delta7(PB15)_L3R6_R,R,26
16540,Delta7,Delta7(PB15)_L2R7_R,R,glutamate,17379,Delta7,Delta7(PB15)_L4R5_R,R,26
11184,Delta7,Delta7(PB15)_L1L9R8_R,R,glutamate,18851,PFL3,PFL3(PB12c)_L1_C8_irreg,R,26
11307,EPG,EPG(PB08)_L4,L,acetylcholine,16412,Delta7,Delta7(PB15)_L7R2_L,L,25
512513,EPG,EPG(PB08)_R1,R,acetylcholine,16553,Delta7,Delta7(PB15)_L5R4_L,L,25
16540,Delta7,Delta7(PB15)_L2R7_R,R,glutamate,16553,Delta7,Delta7(PB15)_L5R4_L,L,25
519332,Delta7,Delta7(PB15)_L2R7_R,R,glutamate,17143,Delta7,Delta7(PB15)_L2R7_R,R,25
17804,Delta7,Delta7(PB15)_L7R2_L,L,glutamate,17143,Delta7,Delta7(PB15)_L2R7_R,R,25
10539,EPG,EPG(PB08)_R2,R,acetylcholine,519331,Delta7,Delta7(PB15)_L3R7_R,R,25
33356,FC2B,FC2B_C2_L,L,acetylcholine,520811,PFL3,PFL3(PB12c)_R6_C2,R,25
513520,EPG,EPG(PB08)_R6,R,acetylcholine,14806,Delta7,Delta7(PB15)_L8R1R9_L,L,25
11987,EPG,EPG(PB08)_R5,R,acetylcholine,14806,Delta7,Delta7(PB15)_L8R1R9_L,L,25
17143,Delta7,Delta7(PB15)_L2R7_R,R,glutamate,17804,Delta7,Delta7(PB15)_L7R2_L,L,25
523786,EPG,EPG(PB08)_R4,R,acetylcholine,16540,Delta7,Delta7(PB15)_L2R7_R,R,25
514126,EPG,EPG(PB08)_R5,R,acetylcholine,16540,Delta7,Delta7(PB15)_L2R7_R,R,25
16869,Delta7,Delta7(PB15)_L7R3_L,L,glutamate,16540,Delta7,Delta7(PB15)_L2R7_R,R,25
513284,EPG,EPG(PB08)_R3,R,acetylcholine,15495,Delta7,Delta7(PB15)_L3R6_R,R,25
512513,EPG,EPG(PB08)_R1,R,acetylcholine,15495,Delta7,Delta7(PB15)_L3R6_R,R,25
16360,EPG,EPG(PB08)_L6,L,acetylcholine,15495,Delta7,Delta7(PB15)_L3R6_R,R,25
515675,EPG,EPG(PB08)_R1,R,acetylcholine,14816,Delta7,Delta7(PB15)_L6R4_L,L,25
16540,Delta7,Delta7(PB15)_L2R7_R,R,glutamate,533725,Delta7,Delta7(PB15)_L8R1R9_L,L,25
15409,Delta7,Delta7(PB15)_L8R1R9_L,L,glutamate,533725,Delta7,Delta7(PB15)_L8R1R9_L,L,25
11874,EPG,EPG(PB08)_L7,L,acetylcholine,15616,EPG,EPG(PB08)_R3,R,25
17143,Delta7,Delta7(PB15)_L2R7_R,R,glutamate,18639,Delta7,Delta7(PB15)_L7R2_L,L,25
15495,Delta7,Delta7(PB15)_L3R6_R,R,glutamate,18639,Delta7,Delta7(PB15)_L7R2_L,L,25
534662,FC2C,FC2C_C8_R,R,acetylcholine,11557,PFL2,PFL2(PB12b)_L3_C7,L,25
17143,Delta7,Delta7(PB15)_L2R7_R,R,glutamate,11557,PFL2,PFL2(PB12b)_L3_C7,L,25
16476,Delta7,Delta7(PB15)_L7R2_L,L,glutamate,18823,Delta7,Delta7(PB15)_L4R5_R,R,25
15904,Delta7,Delta7(PB15)_L4R5_R,R,glutamate,18823,Delta7,Delta7(PB15)_L4R5_R,R,25
40179,FC2A,FC2A_C7_L,L,acetylcholine,27492,PFL2,PFL2(PB12b)_L3_C7,L,25
16412,Delta7,Delta7(PB15)_L7R2_L,L,glutamate,434891,Delta7,Delta7(PB15)_L3R7_R,R,25
15616,EPG,EPG(PB08)_R3,R,acetylcholine,434891,Delta7,Delta7(PB15)_L3R7_R,R,25
15904,Delta7,Delta7(PB15)_L4R5_R,R,glutamate,15839,Delta7,Delta7(PB15)_L1L9R8_R,R,25
19125,EPG,EPG(PB08)_R5,R,acetylcholine,513517,EPG,EPG(PB08)_L4,L,25
19125,EPG,EPG(PB08)_R5,R,acetylcholine,518378,PFL3,PFL3(PB12c)_R5_C3,R,25
97443,FC2B,FC2B_C8_L,L,acetylcholine,17290,PFL3,PFL3(PB12c)_L6_C8,L,25
14816,Delta7,Delta7(PB15)_L6R4_L,L,glutamate,17290,PFL3,PFL3(PB12c)_L6_C8,L,25
15654,Delta7,Delta7(PB15)_L8R1R9_L,L,glutamate,16180,Delta7,Delta7(PB15)_L3R6_R,R,25
15495,Delta7,Delta7(PB15)_L3R6_R,R,glutamate,16180,Delta7,Delta7(PB15)_L3R6_R,R,25
515675,EPG,EPG(PB08)_R1,R,acetylcholine,14509,Delta7,Delta7(PB15)_L4R6_R,R,25
17804,Delta7,Delta7(PB15)_L7R2_L,L,glutamate,14509,Delta7,Delta7(PB15)_L4R6_R,R,25
15654,Delta7,Delta7(PB15)_L8R1R9_L,L,glutamate,14509,Delta7,Delta7(PB15)_L4R6_R,R,25
85400,FC2B,FC2B_C7_R,R,acetylcholine,26038,PFL3,PFL3(PB12c)_L5_C7,L,25
529318,Delta7,Delta7(PB15)_L4R5_R,R,glutamate,15904,Delta7,Delta7(PB15)_L4R5_R,R,25
515675,EPG,EPG(PB08)_R1,R,acetylcholine,15904,Delta7,Delta7(PB15)_L4R5_R,R,25
519328,EPG,EPG(PB08)_L3,L,acetylcholine,517417,Delta7,Delta7(PB15)_L6R3_L,L,25
15839,Delta7,Delta7(PB15)_L1L9R8_R,R,glutamate,517417,Delta7,Delta7(PB15)_L6R3_L,L,25
513517,EPG,EPG(PB08)_L4,L,acetylcholine,16476,Delta7,Delta7(PB15)_L7R2_L,L,25
529992,FC2C,FC2C_C1_R,R,acetylcholine,520573,PFL2,PFL2(PB12b)_R5_C1,R,25
137299,FC2A,FC2A_C5_L,L,acetylcholine,513266,PFL3,PFL3(PB12c)_R3_C5,R,25
17143,Delta7,Delta7(PB15)_L2R7_R,R,glutamate,523032,PFL3,PFL3(PB12c)_L2_C4,L,25
512514,EPG,EPG(PB08)_L1,L,acetylcholine,11503,EPG,EPG(PB08)_R8,R,25
18823,Delta7,Delta7(PB15)_L4R5_R,R,glutamate,15399,Delta7,Delta7(PB15)_L1L9R8_R,R,25
15851,Delta7,Delta7(PB15)_L6R4_L,L,glutamate,15399,Delta7,Delta7(PB15)_L1L9R8_R,R,25
11184,Delta7,Delta7(PB15)_L1L9R8_R,R,glutamate,15399,Delta7,Delta7(PB15)_L1L9R8_R,R,25
11874,EPG,EPG(PB08)_L7,L,acetylcholine,10539,EPG,EPG(PB08)_R2,R,25
88342,EPG,EPG(PB08)_L3,L,acetylcholine,15851,Delta7,Delta7(PB15)_L6R4_L,L,25
17143,Delta7,Delta7(PB15)_L2R7_R,R,glutamate,15851,Delta7,Delta7(PB15)_L6R4_L,L,25
524977,FC2C,FC2C_C3_L,L,acetylcholine,522853,PFL2,PFL2(PB12b)_R2_C4,R,25
79204,FC2C,FC2C_C3_L,L,acetylcholine,522853,PFL2,PFL2(PB12b)_R2_C4,R,25
513284,EPG,EPG(PB08)_R3,R,acetylcholine,15713,EPG,EPG(PB08)_L6,L,25
14507,EPG,EPG(PB08)_R7,R,acetylcholine,521813,EPG,EPG(PB08)_L2,L,25
16476,Delta7,Delta7(PB15)_L7R2_L,L,glutamate,16110,Delta7,Delta7(PB15)_L3R6_R,R,25
514126,EPG,EPG(PB08)_R5,R,acetylcholine,15654,Delta7,Delta7(PB15)_L8R1R9_L,L,25
513520,EPG,EPG(PB08)_R6,R,acetylcholine,15654,Delta7,Delta7(PB15)_L8R1R9_L,L,25
16553,Delta7,Delta7(PB15)_L5R4_L,L,glutamate,15654,Delta7,Delta7(PB15)_L8R1R9_L,L,25
107195,EPG,EPG(PB08)_L5,L,acetylcholine,519332,Delta7,Delta7(PB15)_L2R7_R,R,25
16540,Delta7,Delta7(PB15)_L2R7_R,R,glutamate,519332,Delta7,Delta7(PB15)_L2R7_R,R,25
519941,EPG,EPG(PB08)_L3,L,acetylcholine,16869,Delta7,Delta7(PB15)_L7R3_L,L,25
16553,Delta7,Delta7(PB15)_L5R4_L,L,glutamate,513034,PFL2,PFL2(PB12b)_L5_C9,L,25
522994,Delta7,Delta7(PB15)_L6R3_L,L,glutamate,512928,EPG,EPG(PB08)_R3,R,25
127661,FC2C,FC2C_C6_R,R,acetylcholine,13490,PFL2,PFL2(PB12b)_L1_C5,L,25
96384,FC2B,FC2B_C5_R,R,acetylcholine,13490,PFL2,PFL2(PB12b)_L1_C5,L,25
67741,FC2B,FC2B_C6_R,R,acetylcholine,13490,PFL2,PFL2(PB12b)_L1_C5,L,25
149740,FC2B,FC2B_C9_L,L,acetylcholine,19009,PFL3,PFL3(PB12c)_L2_C9_irreg,R,25
50461,FC2B,FC2B_C9_R,R,acetylcholine,19009,PFL3,PFL3(PB12c)_L2_C9_irreg,R,25
15839,Delta7,Delta7(PB15)_L1L9R8_R,R,glutamate,15398,Delta7,Delta7(PB15)_L4R5_R,R,25
15654,Delta7,Delta7(PB15)_L8R1R9_L,L,glutamate,15398,Delta7,Delta7(PB15)_L4R5_R,R,25
524074,Delta7,Delta7(PB15)_L5R4_L,L,glutamate,17024,Delta7,Delta7(PB15)_L5R4_L,L,25
512305,EPG,EPG(PB08)_R8,R,acetylcholine,17024,Delta7,Delta7(PB15)_L5R4_L,L,25
17143,Delta7,Delta7(PB15)_L2R7_R,R,glutamate,17024,Delta7,Delta7(PB15)_L5R4_L,L,25
16540,Delta7,Delta7(PB15)_L2R7_R,R,glutamate,17024,Delta7,Delta7(PB15)_L5R4_L,L,25
15837,Delta7,Delta7(PB15)_L1L9R8_R,R,glutamate,17024,Delta7,Delta7(PB15)_L5R4_L,L,25
17024,Delta7,Delta7(PB15)_L5R4_L,L,glutamate,12449,EPG,EPG(PB08)_L5,L,25
529318,Delta7,Delta7(PB15)_L4R5_R,R,glutamate,519351,PFL3,PFL3(PB12c)_L4_C5,L,25
16180,Delta7,Delta7(PB15)_L3R6_R,R,glutamate,519351,PFL3,PFL3(PB12c)_L4_C5,L,25
519941,EPG,EPG(PB08)_L3,L,acetylcholine,515294,Delta7,Delta7(PB15)_L5R4_L,L,25
16540,Delta7,Delta7(PB15)_L2R7_R,R,glutamate,515294,Delta7,Delta7(PB15)_L5R4_L,L,25
19125,EPG,EPG(PB08)_R5,R,acetylcholine,11184,Delta7,Delta7(PB15)_L1L9R8_R,R,25
17804,Delta7,Delta7(PB15)_L7R2_L,L,glutamate,11184,Delta7,Delta7(PB15)_L1L9R8_R,R,25
15851,Delta7,Delta7(PB15)_L6R4_L,L,glutamate,11184,Delta7,Delta7(PB15)_L1L9R8_R,R,25
14816,Delta7,Delta7(PB15)_L6R4_L,L,glutamate,11184,Delta7,Delta7(PB15)_L1L9R8_R,R,25
12449,EPG,EPG(PB08)_L5,L,acetylcholine,11184,Delta7,Delta7(PB15)_L1L9R8_R,R,25
513520,EPG,EPG(PB08)_R6,R,acetylcholine,17753,Delta7,Delta7(PB15)_L7R3_L,L,25
511841,Delta7,Delta7(PB15)_L2R7_R,R,glutamate,17753,Delta7,Delta7(PB15)_L7R3_L,L,25
17804,Delta7,Delta7(PB15)_L7R2_L,L,glutamate,17753,Delta7,Delta7(PB15)_L7R3_L,L,25
521813,EPG,EPG(PB08)_L2,L,acetylcholine,522994,Delta7,Delta7(PB15)_L6R3_L,L,25
519941,EPG,EPG(PB08)_L3,L,acetylcholine,522994,Delta7,Delta7(PB15)_L6R3_L,L,25
92188,EPG,EPG(PB08)_R7,R,acetylcholine,88342,EPG,EPG(PB08)_L3,L,25
18823,Delta7,Delta7(PB15)_L4R5_R,R,glutamate,15409,Delta7,Delta7(PB15)_L8R1R9_L,L,25
17143,Delta7,Delta7(PB15)_L2R7_R,R,glutamate,15409,Delta7,Delta7(PB15)_L8R1R9_L,L,25
11307,EPG,EPG(PB08)_L4,L,acetylcholine,15409,Delta7,Delta7(PB15)_L8R1R9_L,L,25
520818,EPG,EPG(PB08)_L4,L,acetylcholine,19715,PFL2,PFL2(PB12b)_L4_C8,L,25
513517,EPG,EPG(PB08)_L4,L,acetylcholine,19715,PFL2,PFL2(PB12b)_L4_C8,L,25
119819,FC2C,FC2C_C8_L,L,acetylcholine,19715,PFL2,PFL2(PB12b)_L4_C8,L,25
74326,FC2B,FC2B_C8_L,L,acetylcholine,19715,PFL2,PFL2(PB12b)_L4_C8,L,25
17379,Delta7,Delta7(PB15)_L4R5_R,R,glutamate,11987,EPG,EPG(PB08)_R5,R,25
551404,FC2C,FC2C_C6_L,L,acetylcholine,511842,PFL2,PFL2(PB12b)_L2_C6,L,25
16234,Delta7,Delta7(PB15)_L1L9R8_R,R,glutamate,17000,PFL3,PFL3(PB12c)_L1_C3,L,25
15837,Delta7,Delta7(PB15)_L1L9R8_R,R,glutamate,17000,PFL3,PFL3(PB12c)_L1_C3,L,25
16540,Delta7,Delta7(PB15)_L2R7_R,R,glutamate,524074,Delta7,Delta7(PB15)_L5R4_L,L,25
15654,Delta7,Delta7(PB15)_L8R1R9_L,L,glutamate,524074,Delta7,Delta7(PB15)_L5R4_L,L,25
15904,Delta7,Delta7(PB15)_L4R5_R,R,glutamate,529318,Delta7,Delta7(PB15)_L4R5_R,R,25
434891,Delta7,Delta7(PB15)_L3R7_R,R,glutamate,16412,Delta7,Delta7(PB15)_L7R2_L,L,24
15904,Delta7,Delta7(PB15)_L4R5_R,R,glutamate,16412,Delta7,Delta7(PB15)_L7R2_L,L,24
512514,EPG,EPG(PB08)_L1,L,acetylcholine,16553,Delta7,Delta7(PB15)_L5R4_L,L,24
15654,Delta7,Delta7(PB15)_L8R1R9_L,L,glutamate,16553,Delta7,Delta7(PB15)_L5R4_L,L,24
11503,EPG,EPG(PB08)_R8,R,acetylcholine,524073,EPG,EPG(PB08)_L2,L,24
519328,EPG,EPG(PB08)_L3,L,acetylcholine,14806,Delta7,Delta7(PB15)_L8R1R9_L,L,24
92188,EPG,EPG(PB08)_R7,R,acetylcholine,14806,Delta7,Delta7(PB15)_L8R1R9_L,L,24
19825,EPG,EPG(PB08)_R6,R,acetylcholine,14806,Delta7,Delta7(PB15)_L8R1R9_L,L,24
18823,Delta7,Delta7(PB15)_L4R5_R,R,glutamate,14806,Delta7,Delta7(PB15)_L8R1R9_L,L,24
11307,EPG,EPG(PB08)_L4,L,acetylcholine,14806,Delta7,Delta7(PB15)_L8R1R9_L,L,24
556346,EPG,EPG(PB08)_L6,L,acetylcholine,15495,Delta7,Delta7(PB15)_L3R6_R,R,24
533725,Delta7,Delta7(PB15)_L8R1R9_L,L,glutamate,14816,Delta7,Delta7(PB15)_L6R4_L,L,24
15654,Delta7,Delta7(PB15)_L8R1R9_L,L,glutamate,14816,Delta7,Delta7(PB15)_L6R4_L,L,24
107195,EPG,EPG(PB08)_L5,L,acetylcholine,533725,Delta7,Delta7(PB15)_L8R1R9_L,L,24
18823,Delta7,Delta7(PB15)_L4R5_R,R,glutamate,533725,Delta7,Delta7(PB15)_L8R1R9_L,L,24
12449,EPG,EPG(PB08)_L5,L,acetylcholine,533725,Delta7,Delta7(PB15)_L8R1R9_L,L,24
11987,EPG,EPG(PB08)_R5,R,acetylcholine,533725,Delta7,Delta7(PB15)_L8R1R9_L,L,24
11307,EPG,EPG(PB08)_L4,L,acetylcholine,533725,Delta7,Delta7(PB15)_L8R1R9_L,L,24
533725,Delta7,Delta7(PB15)_L8R1R9_L,L,glutamate,18639,Delta7,Delta7(PB15)_L7R2_L,L,24
16412,Delta7,Delta7(PB15)_L7R2_L,L,glutamate,14727,EPG,EPG(PB08)_L7,L,24
533436,FC2C,FC2C_C7_L,L,acetylcholine,11557,PFL2,PFL2(PB12b)_L3_C7,L,24
45343,FC2C,FC2C_C7_L,L,acetylcholine,11557,PFL2,PFL2(PB12b)_L3_C7,L,24
16412,Delta7,Delta7(PB15)_L7R2_L,L,glutamate,18823,Delta7,Delta7(PB15)_L4R5_R,R,24
11503,EPG,EPG(PB08)_R8,R,acetylcholine,18823,Delta7,Delta7(PB15)_L4R5_R,R,24
45343,FC2C,FC2C_C7_L,L,acetylcholine,27492,PFL2,PFL2(PB12b)_L3_C7,L,24
10539,EPG,EPG(PB08)_R2,R,acetylcholine,434891,Delta7,Delta7(PB15)_L3R7_R,R,24
16360,EPG,EPG(PB08)_L6,L,acetylcholine,15839,Delta7,Delta7(PB15)_L1L9R8_R,R,24
14509,Delta7,Delta7(PB15)_L4R6_R,R,glutamate,513517,EPG,EPG(PB08)_L4,L,24
517417,Delta7,Delta7(PB15)_L6R3_L,L,glutamate,16180,Delta7,Delta7(PB15)_L3R6_R,R,24
15851,Delta7,Delta7(PB15)_L6R4_L,L,glutamate,16180,Delta7,Delta7(PB15)_L3R6_R,R,24
45876,FC2A,FC2A_C7_R,R,acetylcholine,29836,PFL3,PFL3(PB12c)_L4_C6,L,24
19125,EPG,EPG(PB08)_R5,R,acetylcholine,107195,EPG,EPG(PB08)_L5,L,24
15837,Delta7,Delta7(PB15)_L1L9R8_R,R,glutamate,14509,Delta7,Delta7(PB15)_L4R6_R,R,24
15409,Delta7,Delta7(PB15)_L8R1R9_L,L,glutamate,14509,Delta7,Delta7(PB15)_L4R6_R,R,24
556346,EPG,EPG(PB08)_L6,L,acetylcholine,523786,EPG,EPG(PB08)_R4,R,24
521813,EPG,EPG(PB08)_L2,L,acetylcholine,15904,Delta7,Delta7(PB15)_L4R5_R,R,24
519140,EPG,EPG(PB08)_L1,L,acetylcholine,15904,Delta7,Delta7(PB15)_L4R5_R,R,24
515675,EPG,EPG(PB08)_R1,R,acetylcholine,35322,PFL3,PFL3(PB12c)_R1_C7,R,24
79204,FC2C,FC2C_C3_L,L,acetylcholine,26488,PFL3,PFL3(PB12c)_R5_C3,R,24
18823,Delta7,Delta7(PB15)_L4R5_R,R,glutamate,517417,Delta7,Delta7(PB15)_L6R3_L,L,24
15495,Delta7,Delta7(PB15)_L3R6_R,R,glutamate,517417,Delta7,Delta7(PB15)_L6R3_L,L,24
515675,EPG,EPG(PB08)_R1,R,acetylcholine,18803,PFL3,PFL3(PB12c)_R1_C7,R,24
514126,EPG,EPG(PB08)_R5,R,acetylcholine,16476,Delta7,Delta7(PB15)_L7R2_L,L,24
522994,Delta7,Delta7(PB15)_L6R3_L,L,glutamate,515961,Delta7,Delta7(PB15)_L6R3_L,L,24
519331,Delta7,Delta7(PB15)_L3R7_R,R,glutamate,515961,Delta7,Delta7(PB15)_L6R3_L,L,24
15495,Delta7,Delta7(PB15)_L3R6_R,R,glutamate,515961,Delta7,Delta7(PB15)_L6R3_L,L,24
35324,Delta7,Delta7(PB15)_L5R4_L,L,glutamate,520573,PFL2,PFL2(PB12b)_R5_C1,R,24
107195,EPG,EPG(PB08)_L5,L,acetylcholine,15399,Delta7,Delta7(PB15)_L1L9R8_R,R,24
11989,EPG,EPG(PB08)_L5,L,acetylcholine,15399,Delta7,Delta7(PB15)_L1L9R8_R,R,24
519941,EPG,EPG(PB08)_L3,L,acetylcholine,530071,PFL3,PFL3(PB12c)_L3_C5,L,24
556347,EPG,EPG(PB08)_R4,R,acetylcholine,511841,Delta7,Delta7(PB15)_L2R7_R,R,24
512928,EPG,EPG(PB08)_R3,R,acetylcholine,511841,Delta7,Delta7(PB15)_L2R7_R,R,24
15398,Delta7,Delta7(PB15)_L4R5_R,R,glutamate,511841,Delta7,Delta7(PB15)_L2R7_R,R,24
524073,EPG,EPG(PB08)_L2,L,acetylcholine,15851,Delta7,Delta7(PB15)_L6R4_L,L,24
16180,Delta7,Delta7(PB15)_L3R6_R,R,glutamate,15851,Delta7,Delta7(PB15)_L6R4_L,L,24
517417,Delta7,Delta7(PB15)_L6R3_L,L,glutamate,16110,Delta7,Delta7(PB15)_L3R6_R,R,24
513033,EPG,EPG(PB08)_L8,L,acetylcholine,16110,Delta7,Delta7(PB15)_L3R6_R,R,24
512514,EPG,EPG(PB08)_L1,L,acetylcholine,16110,Delta7,Delta7(PB15)_L3R6_R,R,24
14509,Delta7,Delta7(PB15)_L4R6_R,R,glutamate,15654,Delta7,Delta7(PB15)_L8R1R9_L,L,24
15839,Delta7,Delta7(PB15)_L1L9R8_R,R,glutamate,108478,PFL3,PFL3(PB12c)_L1_C3,L,24
434891,Delta7,Delta7(PB15)_L3R7_R,R,glutamate,519332,Delta7,Delta7(PB15)_L2R7_R,R,24
84758,EPG,EPG(PB08)_L7,L,acetylcholine,519332,Delta7,Delta7(PB15)_L2R7_R,R,24
11987,EPG,EPG(PB08)_R5,R,acetylcholine,519332,Delta7,Delta7(PB15)_L2R7_R,R,24
521813,EPG,EPG(PB08)_L2,L,acetylcholine,16869,Delta7,Delta7(PB15)_L7R3_L,L,24
434891,Delta7,Delta7(PB15)_L3R7_R,R,glutamate,16869,Delta7,Delta7(PB15)_L7R3_L,L,24
85400,FC2B,FC2B_C7_R,R,acetylcholine,513032,PFL3,PFL3(PB12c)_L5_C7,L,24
515961,Delta7,Delta7(PB15)_L6R3_L,L,glutamate,568155,Delta7,Delta7(PB15)_L8R1R9_L,L,24
513517,EPG,EPG(PB08)_L4,L,acetylcholine,513034,PFL2,PFL2(PB12b)_L5_C9,L,24
18823,Delta7,Delta7(PB15)_L4R5_R,R,glutamate,513034,PFL2,PFL2(PB12b)_L5_C9,L,24
46169,FC2A,FC2A_C1_L,L,acetylcholine,17286,PFL3,PFL3(PB12c)_R1_C2_irreg,L,24
513517,EPG,EPG(PB08)_L4,L,acetylcholine,15837,Delta7,Delta7(PB15)_L1L9R8_R,R,24
16234,Delta7,Delta7(PB15)_L1L9R8_R,R,glutamate,15837,Delta7,Delta7(PB15)_L1L9R8_R,R,24
15904,Delta7,Delta7(PB15)_L4R5_R,R,glutamate,15837,Delta7,Delta7(PB15)_L1L9R8_R,R,24
11987,EPG,EPG(PB08)_R5,R,acetylcholine,15837,Delta7,Delta7(PB15)_L1L9R8_R,R,24
529318,Delta7,Delta7(PB15)_L4R5_R,R,glutamate,15398,Delta7,Delta7(PB15)_L4R5_R,R,24
514126,EPG,EPG(PB08)_R5,R,acetylcholine,12449,EPG,EPG(PB08)_L5,L,24
11989,EPG,EPG(PB08)_L5,L,acetylcholine,12449,EPG,EPG(PB08)_L5,L,24
82293,FC2B,FC2B_C5_L,L,acetylcholine,519351,PFL3,PFL3(PB12c)_L4_C5,L,24
524073,EPG,EPG(PB08)_L2,L,acetylcholine,515294,Delta7,Delta7(PB15)_L5R4_L,L,24
520812,EPG,EPG(PB08)_R8,R,acetylcholine,515294,Delta7,Delta7(PB15)_L5R4_L,L,24
16180,Delta7,Delta7(PB15)_L3R6_R,R,glutamate,11184,Delta7,Delta7(PB15)_L1L9R8_R,R,24
11987,EPG,EPG(PB08)_R5,R,acetylcholine,11184,Delta7,Delta7(PB15)_L1L9R8_R,R,24
14806,Delta7,Delta7(PB15)_L8R1R9_L,L,glutamate,35324,Delta7,Delta7(PB15)_L5R4_L,L,24
517417,Delta7,Delta7(PB15)_L6R3_L,L,glutamate,16234,Delta7,Delta7(PB15)_L1L9R8_R,R,24
515294,Delta7,Delta7(PB15)_L5R4_L,L,glutamate,16234,Delta7,Delta7(PB15)_L1L9R8_R,R,24
88342,EPG,EPG(PB08)_L3,L,acetylcholine,17753,Delta7,Delta7(PB15)_L7R3_L,L,24
512305,EPG,EPG(PB08)_R8,R,acetylcholine,522994,Delta7,Delta7(PB15)_L6R3_L,L,24
11307,EPG,EPG(PB08)_L4,L,acetylcholine,514126,EPG,EPG(PB08)_R5,R,24
18823,Delta7,Delta7(PB15)_L4R5_R,R,glutamate,520818,EPG,EPG(PB08)_L4,L,24
513463,EPG,EPG(PB08)_R2,R,acetylcholine,521409,EPG,EPG(PB08)_L8,L,24
15616,EPG,EPG(PB08)_R3,R,acetylcholine,16360,EPG,EPG(PB08)_L6,L,24
521409,EPG,EPG(PB08)_L8,L,acetylcholine,513463,EPG,EPG(PB08)_R2,R,24
513517,EPG,EPG(PB08)_L4,L,acetylcholine,15409,Delta7,Delta7(PB15)_L8R1R9_L,L,24
131313,EPG,EPG(PB08)_R6,R,acetylcholine,15409,Delta7,Delta7(PB15)_L8R1R9_L,L,24
17024,Delta7,Delta7(PB15)_L5R4_L,L,glutamate,15409,Delta7,Delta7(PB15)_L8R1R9_L,L,24
16180,Delta7,Delta7(PB15)_L3R6_R,R,glutamate,15409,Delta7,Delta7(PB15)_L8R1R9_L,L,24
35277,FC2B,FC2B_C8_R,R,acetylcholine,19715,PFL2,PFL2(PB12b)_L4_C8,L,24
18639,Delta7,Delta7(PB15)_L7R2_L,L,glutamate,13031,PFL2,PFL2(PB12b)_R3_C3,R,24
524073,EPG,EPG(PB08)_L2,L,acetylcholine,511842,PFL2,PFL2(PB12b)_L2_C6,L,24
66750,FC2C,FC2C_C4_R,R,acetylcholine,14729,PFL2,PFL2(PB12b)_R1_C5,R,24
513033,EPG,EPG(PB08)_L8,L,acetylcholine,529318,Delta7,Delta7(PB15)_L4R5_R,R,24
15837,Delta7,Delta7(PB15)_L1L9R8_R,R,glutamate,529318,Delta7,Delta7(PB15)_L4R5_R,R,24
16110,Delta7,Delta7(PB15)_L3R6_R,R,glutamate,10513,Delta7,Delta7(PB15)_L3R6_R,R,24
529318,Delta7,Delta7(PB15)_L4R5_R,R,glutamate,17379,Delta7,Delta7(PB15)_L4R5_R,R,24
519140,EPG,EPG(PB08)_L1,L,acetylcholine,17379,Delta7,Delta7(PB15)_L4R5_R,R,24
16540,Delta7,Delta7(PB15)_L2R7_R,R,glutamate,92188,EPG,EPG(PB08)_R7,R,23
517417,Delta7,Delta7(PB15)_L6R3_L,L,glutamate,16412,Delta7,Delta7(PB15)_L7R2_L,L,23
522994,Delta7,Delta7(PB15)_L6R3_L,L,glutamate,17143,Delta7,Delta7(PB15)_L2R7_R,R,23
515961,Delta7,Delta7(PB15)_L6R3_L,L,glutamate,17143,Delta7,Delta7(PB15)_L2R7_R,R,23
434891,Delta7,Delta7(PB15)_L3R7_R,R,glutamate,17143,Delta7,Delta7(PB15)_L2R7_R,R,23
15713,EPG,EPG(PB08)_L6,L,acetylcholine,519331,Delta7,Delta7(PB15)_L3R7_R,R,23
51782,FC2C,FC2C_C2_R,R,acetylcholine,520811,PFL3,PFL3(PB12c)_R6_C2,R,23
131313,EPG,EPG(PB08)_R6,R,acetylcholine,14806,Delta7,Delta7(PB15)_L8R1R9_L,L,23
520812,EPG,EPG(PB08)_R8,R,acetylcholine,512514,EPG,EPG(PB08)_L1,L,23
512514,EPG,EPG(PB08)_L1,L,acetylcholine,17804,Delta7,Delta7(PB15)_L7R2_L,L,23
15495,Delta7,Delta7(PB15)_L3R6_R,R,glutamate,17804,Delta7,Delta7(PB15)_L7R2_L,L,23
522994,Delta7,Delta7(PB15)_L6R3_L,L,glutamate,16540,Delta7,Delta7(PB15)_L2R7_R,R,23
511841,Delta7,Delta7(PB15)_L2R7_R,R,glutamate,16540,Delta7,Delta7(PB15)_L2R7_R,R,23
15654,Delta7,Delta7(PB15)_L8R1R9_L,L,glutamate,16540,Delta7,Delta7(PB15)_L2R7_R,R,23
533725,Delta7,Delta7(PB15)_L8R1R9_L,L,glutamate,15495,Delta7,Delta7(PB15)_L3R6_R,R,23
519332,Delta7,Delta7(PB15)_L2R7_R,R,glutamate,14816,Delta7,Delta7(PB15)_L6R4_L,L,23
16110,Delta7,Delta7(PB15)_L3R6_R,R,glutamate,18639,Delta7,Delta7(PB15)_L7R2_L,L,23
15904,Delta7,Delta7(PB15)_L4R5_R,R,glutamate,18639,Delta7,Delta7(PB15)_L7R2_L,L,23
512514,EPG,EPG(PB08)_L1,L,acetylcholine,515675,EPG,EPG(PB08)_R1,R,23
84758,EPG,EPG(PB08)_L7,L,acetylcholine,18823,Delta7,Delta7(PB15)_L4R5_R,R,23
15399,Delta7,Delta7(PB15)_L1L9R8_R,R,glutamate,18823,Delta7,Delta7(PB15)_L4R5_R,R,23
85400,FC2B,FC2B_C7_R,R,acetylcholine,27492,PFL2,PFL2(PB12b)_L3_C7,L,23
520581,EPG,EPG(PB08)_R4,R,acetylcholine,434891,Delta7,Delta7(PB15)_L3R7_R,R,23
517417,Delta7,Delta7(PB15)_L6R3_L,L,glutamate,434891,Delta7,Delta7(PB15)_L3R7_R,R,23
16476,Delta7,Delta7(PB15)_L7R2_L,L,glutamate,15839,Delta7,Delta7(PB15)_L1L9R8_R,R,23
11307,EPG,EPG(PB08)_L4,L,acetylcholine,15839,Delta7,Delta7(PB15)_L1L9R8_R,R,23
131313,EPG,EPG(PB08)_R6,R,acetylcholine,519328,EPG,EPG(PB08)_L3,L,23
16412,Delta7,Delta7(PB15)_L7R2_L,L,glutamate,16180,Delta7,Delta7(PB15)_L3R6_R,R,23
15409,Delta7,Delta7(PB15)_L8R1R9_L,L,glutamate,16180,Delta7,Delta7(PB15)_L3R6_R,R,23
10539,EPG,EPG(PB08)_R2,R,acetylcholine,16180,Delta7,Delta7(PB15)_L3R6_R,R,23
512513,EPG,EPG(PB08)_R1,R,acetylcholine,14509,Delta7,Delta7(PB15)_L4R6_R,R,23
16476,Delta7,Delta7(PB15)_L7R2_L,L,glutamate,14509,Delta7,Delta7(PB15)_L4R6_R,R,23
15904,Delta7,Delta7(PB15)_L4R5_R,R,glutamate,14509,Delta7,Delta7(PB15)_L4R6_R,R,23
14806,Delta7,Delta7(PB15)_L8R1R9_L,L,glutamate,14509,Delta7,Delta7(PB15)_L4R6_R,R,23
10513,Delta7,Delta7(PB15)_L3R6_R,R,glutamate,14509,Delta7,Delta7(PB15)_L4R6_R,R,23
131313,EPG,EPG(PB08)_R6,R,acetylcholine,513520,EPG,EPG(PB08)_R6,R,23
14509,Delta7,Delta7(PB15)_L4R6_R,R,glutamate,513520,EPG,EPG(PB08)_R6,R,23
524073,EPG,EPG(PB08)_L2,L,acetylcholine,517417,Delta7,Delta7(PB15)_L6R3_L,L,23
522994,Delta7,Delta7(PB15)_L6R3_L,L,glutamate,517417,Delta7,Delta7(PB15)_L6R3_L,L,23
513464,EPG,EPG(PB08)_R8,R,acetylcholine,517417,Delta7,Delta7(PB15)_L6R3_L,L,23
68271,FC2B,FC2B_C7_L,L,acetylcholine,18803,PFL3,PFL3(PB12c)_R1_C7,R,23
520818,EPG,EPG(PB08)_L4,L,acetylcholine,16476,Delta7,Delta7(PB15)_L7R2_L,L,23
511841,Delta7,Delta7(PB15)_L2R7_R,R,glutamate,16476,Delta7,Delta7(PB15)_L7R2_L,L,23
17143,Delta7,Delta7(PB15)_L2R7_R,R,glutamate,515961,Delta7,Delta7(PB15)_L6R3_L,L,23
523786,EPG,EPG(PB08)_R4,R,acetylcholine,520573,PFL2,PFL2(PB12b)_R5_C1,R,23
15654,Delta7,Delta7(PB15)_L8R1R9_L,L,glutamate,512513,EPG,EPG(PB08)_R1,R,23
153558,FC2C,FC2C_C5_R,R,acetylcholine,513266,PFL3,PFL3(PB12c)_R3_C5,R,23
524074,Delta7,Delta7(PB15)_L5R4_L,L,glutamate,15399,Delta7,Delta7(PB15)_L1L9R8_R,R,23
520581,EPG,EPG(PB08)_R4,R,acetylcholine,15399,Delta7,Delta7(PB15)_L1L9R8_R,R,23
16110,Delta7,Delta7(PB15)_L3R6_R,R,glutamate,15399,Delta7,Delta7(PB15)_L1L9R8_R,R,23
10513,Delta7,Delta7(PB15)_L3R6_R,R,glutamate,15399,Delta7,Delta7(PB15)_L1L9R8_R,R,23
523786,EPG,EPG(PB08)_R4,R,acetylcholine,511841,Delta7,Delta7(PB15)_L2R7_R,R,23
519332,Delta7,Delta7(PB15)_L2R7_R,R,glutamate,511841,Delta7,Delta7(PB15)_L2R7_R,R,23
84758,EPG,EPG(PB08)_L7,L,acetylcholine,511841,Delta7,Delta7(PB15)_L2R7_R,R,23
519328,EPG,EPG(PB08)_L3,L,acetylcholine,15851,Delta7,Delta7(PB15)_L6R4_L,L,23
517417,Delta7,Delta7(PB15)_L6R3_L,L,glutamate,15851,Delta7,Delta7(PB15)_L6R4_L,L,23
15654,Delta7,Delta7(PB15)_L8R1R9_L,L,glutamate,15851,Delta7,Delta7(PB15)_L6R4_L,L,23
11503,EPG,EPG(PB08)_R8,R,acetylcholine,15851,Delta7,Delta7(PB15)_L6R4_L,L,23
107690,FC2B,FC2B_C4_L,L,acetylcholine,522853,PFL2,PFL2(PB12b)_R2_C4,R,23
119544,FC2C,FC2C_C6_L,L,acetylcholine,18327,PFL3,PFL3(PB12c)_R2_C6,R,23
56382,FC2A,FC2A_C6_L,L,acetylcholine,18327,PFL3,PFL3(PB12c)_R2_C6,R,23
515294,Delta7,Delta7(PB15)_L5R4_L,L,glutamate,15654,Delta7,Delta7(PB15)_L8R1R9_L,L,23
29674,FC2A,FC2A_C2_L,L,acetylcholine,108478,PFL3,PFL3(PB12c)_L1_C3,L,23
16412,Delta7,Delta7(PB15)_L7R2_L,L,glutamate,519332,Delta7,Delta7(PB15)_L2R7_R,R,23
520818,EPG,EPG(PB08)_L4,L,acetylcholine,16869,Delta7,Delta7(PB15)_L7R3_L,L,23
17804,Delta7,Delta7(PB15)_L7R2_L,L,glutamate,16869,Delta7,Delta7(PB15)_L7R3_L,L,23
517417,Delta7,Delta7(PB15)_L6R3_L,L,glutamate,568155,Delta7,Delta7(PB15)_L8R1R9_L,L,23
15713,EPG,EPG(PB08)_L6,L,acetylcholine,568155,Delta7,Delta7(PB15)_L8R1R9_L,L,23
15409,Delta7,Delta7(PB15)_L8R1R9_L,L,glutamate,519144,EPG,EPG(PB08)_L8,L,23
532704,FC2A,FC2A_C1_R,R,acetylcholine,17286,PFL3,PFL3(PB12c)_R1_C2_irreg,L,23
91537,FC2C,FC2C_C5_L,L,acetylcholine,13490,PFL2,PFL2(PB12b)_L1_C5,L,23
518606,FC2A,FC2A_C8_L,L,acetylcholine,19009,PFL3,PFL3(PB12c)_L2_C9_irreg,R,23
17753,Delta7,Delta7(PB15)_L7R3_L,L,glutamate,15837,Delta7,Delta7(PB15)_L1L9R8_R,R,23
17379,Delta7,Delta7(PB15)_L4R5_R,R,glutamate,15837,Delta7,Delta7(PB15)_L1L9R8_R,R,23
16360,EPG,EPG(PB08)_L6,L,acetylcholine,15837,Delta7,Delta7(PB15)_L1L9R8_R,R,23
14509,Delta7,Delta7(PB15)_L4R6_R,R,glutamate,15837,Delta7,Delta7(PB15)_L1L9R8_R,R,23
11307,EPG,EPG(PB08)_L4,L,acetylcholine,15837,Delta7,Delta7(PB15)_L1L9R8_R,R,23
16180,Delta7,Delta7(PB15)_L3R6_R,R,glutamate,15398,Delta7,Delta7(PB15)_L4R5_R,R,23
15409,Delta7,Delta7(PB15)_L8R1R9_L,L,glutamate,15398,Delta7,Delta7(PB15)_L4R5_R,R,23
533725,Delta7,Delta7(PB15)_L8R1R9_L,L,glutamate,17024,Delta7,Delta7(PB15)_L5R4_L,L,23
515675,EPG,EPG(PB08)_R1,R,acetylcholine,17024,Delta7,Delta7(PB15)_L5R4_L,L,23
434891,Delta7,Delta7(PB15)_L3R7_R,R,glutamate,17024,Delta7,Delta7(PB15)_L5R4_L,L,23
15654,Delta7,Delta7(PB15)_L8R1R9_L,L,glutamate,17024,Delta7,Delta7(PB15)_L5R4_L,L,23
519144,EPG,EPG(PB08)_L8,L,acetylcholine,515294,Delta7,Delta7(PB15)_L5R4_L,L,23
15839,Delta7,Delta7(PB15)_L1L9R8_R,R,glutamate,515294,Delta7,Delta7(PB15)_L5R4_L,L,23
14507,EPG,EPG(PB08)_R7,R,acetylcholine,515294,Delta7,Delta7(PB15)_L5R4_L,L,23
512928,EPG,EPG(PB08)_R3,R,acetylcholine,11184,Delta7,Delta7(PB15)_L1L9R8_R,R,23
16476,Delta7,Delta7(PB15)_L7R2_L,L,glutamate,11184,Delta7,Delta7(PB15)_L1L9R8_R,R,23
15837,Delta7,Delta7(PB15)_L1L9R8_R,R,glutamate,11184,Delta7,Delta7(PB15)_L1L9R8_R,R,23
11989,EPG,EPG(PB08)_L5,L,acetylcholine,11184,Delta7,Delta7(PB15)_L1L9R8_R,R,23
521813,EPG,EPG(PB08)_L2,L,acetylcholine,35324,Delta7,Delta7(PB15)_L5R4_L,L,23
511841,Delta7,Delta7(PB15)_L2R7_R,R,glutamate,35324,Delta7,Delta7(PB15)_L5R4_L,L,23
17024,Delta7,Delta7(PB15)_L5R4_L,L,glutamate,35324,Delta7,Delta7(PB15)_L5R4_L,L,23
16476,Delta7,Delta7(PB15)_L7R2_L,L,glutamate,35324,Delta7,Delta7(PB15)_L5R4_L,L,23
511841,Delta7,Delta7(PB15)_L2R7_R,R,glutamate,16234,Delta7,Delta7(PB15)_L1L9R8_R,R,23
14816,Delta7,Delta7(PB15)_L6R4_L,L,glutamate,16234,Delta7,Delta7(PB15)_L1L9R8_R,R,23
14509,Delta7,Delta7(PB15)_L4R6_R,R,glutamate,16234,Delta7,Delta7(PB15)_L1L9R8_R,R,23
521409,EPG,EPG(PB08)_L8,L,acetylcholine,84758,EPG,EPG(PB08)_L7,L,23
519328,EPG,EPG(PB08)_L3,L,acetylcholine,17753,Delta7,Delta7(PB15)_L7R3_L,L,23
519140,EPG,EPG(PB08)_L1,L,acetylcholine,17753,Delta7,Delta7(PB15)_L7R3_L,L,23
16180,Delta7,Delta7(PB15)_L3R6_R,R,glutamate,17753,Delta7,Delta7(PB15)_L7R3_L,L,23
434891,Delta7,Delta7(PB15)_L3R7_R,R,glutamate,522994,Delta7,Delta7(PB15)_L6R3_L,L,23
10513,Delta7,Delta7(PB15)_L3R6_R,R,glutamate,522994,Delta7,Delta7(PB15)_L6R3_L,L,23
434891,Delta7,Delta7(PB15)_L3R7_R,R,glutamate,88342,EPG,EPG(PB08)_L3,L,23
10513,Delta7,Delta7(PB15)_L3R6_R,R,glutamate,15409,Delta7,Delta7(PB15)_L8R1R9_L,L,23
97443,FC2B,FC2B_C8_L,L,acetylcholine,19715,PFL2,PFL2(PB12b)_L4_C8,L,23
60670,FC2C,FC2C_C1_R,R,acetylcholine,79549,PFL3,PFL3(PB12c)_R7_C1,R,23
46169,FC2A,FC2A_C1_L,L,acetylcholine,79549,PFL3,PFL3(PB12c)_R7_C1,R,23
560327,FC2A,FC2A_C3_R,R,acetylcholine,13031,PFL2,PFL2(PB12b)_R3_C3,R,23
92188,EPG,EPG(PB08)_R7,R,acetylcholine,14507,EPG,EPG(PB08)_R7,R,23
533725,Delta7,Delta7(PB15)_L8R1R9_L,L,glutamate,529318,Delta7,Delta7(PB15)_L4R5_R,R,23
515675,EPG,EPG(PB08)_R1,R,acetylcholine,529318,Delta7,Delta7(PB15)_L4R5_R,R,23
35324,Delta7,Delta7(PB15)_L5R4_L,L,glutamate,529318,Delta7,Delta7(PB15)_L4R5_R,R,23
15839,Delta7,Delta7(PB15)_L1L9R8_R,R,glutamate,529318,Delta7,Delta7(PB15)_L4R5_R,R,23
515675,EPG,EPG(PB08)_R1,R,acetylcholine,10513,Delta7,Delta7(PB15)_L3R6_R,R,23
512928,EPG,EPG(PB08)_R3,R,acetylcholine,10513,Delta7,Delta7(PB15)_L3R6_R,R,23
511841,Delta7,Delta7(PB15)_L2R7_R,R,glutamate,17379,Delta7,Delta7(PB15)_L4R5_R,R,23
519332,Delta7,Delta7(PB15)_L2R7_R,R,glutamate,92188,EPG,EPG(PB08)_R7,R,22
530445,FC2B,FC2B_C6_L,L,acetylcholine,567101,PFL3,PFL3(PB12c)_R3_C5,R,22
512928,EPG,EPG(PB08)_R3,R,acetylcholine,567101,PFL3,PFL3(PB12c)_R3_C5,R,22
127661,FC2C,FC2C_C6_R,R,acetylcholine,567101,PFL3,PFL3(PB12c)_R3_C5,R,22
82293,FC2B,FC2B_C5_L,L,acetylcholine,567101,PFL3,PFL3(PB12c)_R3_C5,R,22
513517,EPG,EPG(PB08)_L4,L,acetylcholine,16412,Delta7,Delta7(PB15)_L7R2_L,L,22
107195,EPG,EPG(PB08)_L5,L,acetylcholine,16412,Delta7,Delta7(PB15)_L7R2_L,L,22
14806,Delta7,Delta7(PB15)_L8R1R9_L,L,glutamate,16553,Delta7,Delta7(PB15)_L5R4_L,L,22
520581,EPG,EPG(PB08)_R4,R,acetylcholine,17143,Delta7,Delta7(PB15)_L2R7_R,R,22
517417,Delta7,Delta7(PB15)_L6R3_L,L,glutamate,17143,Delta7,Delta7(PB15)_L2R7_R,R,22
513284,EPG,EPG(PB08)_R3,R,acetylcholine,519331,Delta7,Delta7(PB15)_L3R7_R,R,22
15616,EPG,EPG(PB08)_R3,R,acetylcholine,519331,Delta7,Delta7(PB15)_L3R7_R,R,22
50885,FC2C,FC2C_C2_L,L,acetylcholine,520811,PFL3,PFL3(PB12c)_R6_C2,R,22
10513,Delta7,Delta7(PB15)_L3R6_R,R,glutamate,11307,EPG,EPG(PB08)_L4,L,22
519941,EPG,EPG(PB08)_L3,L,acetylcholine,14806,Delta7,Delta7(PB15)_L8R1R9_L,L,22
513517,EPG,EPG(PB08)_L4,L,acetylcholine,14806,Delta7,Delta7(PB15)_L8R1R9_L,L,22
19125,EPG,EPG(PB08)_R5,R,acetylcholine,14806,Delta7,Delta7(PB15)_L8R1R9_L,L,22
16180,Delta7,Delta7(PB15)_L3R6_R,R,glutamate,17804,Delta7,Delta7(PB15)_L7R2_L,L,22
15398,Delta7,Delta7(PB15)_L4R5_R,R,glutamate,17804,Delta7,Delta7(PB15)_L7R2_L,L,22
11307,EPG,EPG(PB08)_L4,L,acetylcholine,17804,Delta7,Delta7(PB15)_L7R2_L,L,22
524074,Delta7,Delta7(PB15)_L5R4_L,L,glutamate,16540,Delta7,Delta7(PB15)_L2R7_R,R,22
515294,Delta7,Delta7(PB15)_L5R4_L,L,glutamate,16540,Delta7,Delta7(PB15)_L2R7_R,R,22
16412,Delta7,Delta7(PB15)_L7R2_L,L,glutamate,16540,Delta7,Delta7(PB15)_L2R7_R,R,22
434891,Delta7,Delta7(PB15)_L3R7_R,R,glutamate,15495,Delta7,Delta7(PB15)_L3R6_R,R,22
84758,EPG,EPG(PB08)_L7,L,acetylcholine,15495,Delta7,Delta7(PB15)_L3R6_R,R,22
18639,Delta7,Delta7(PB15)_L7R2_L,L,glutamate,15495,Delta7,Delta7(PB15)_L3R6_R,R,22
17804,Delta7,Delta7(PB15)_L7R2_L,L,glutamate,15495,Delta7,Delta7(PB15)_L3R6_R,R,22
10539,EPG,EPG(PB08)_R2,R,acetylcholine,15495,Delta7,Delta7(PB15)_L3R6_R,R,22
524073,EPG,EPG(PB08)_L2,L,acetylcholine,14816,Delta7,Delta7(PB15)_L6R4_L,L,22
522994,Delta7,Delta7(PB15)_L6R3_L,L,glutamate,14816,Delta7,Delta7(PB15)_L6R4_L,L,22
512305,EPG,EPG(PB08)_R8,R,acetylcholine,14816,Delta7,Delta7(PB15)_L6R4_L,L,22
16540,Delta7,Delta7(PB15)_L2R7_R,R,glutamate,14816,Delta7,Delta7(PB15)_L6R4_L,L,22
16180,Delta7,Delta7(PB15)_L3R6_R,R,glutamate,14816,Delta7,Delta7(PB15)_L6R4_L,L,22
16110,Delta7,Delta7(PB15)_L3R6_R,R,glutamate,14816,Delta7,Delta7(PB15)_L6R4_L,L,22
15839,Delta7,Delta7(PB15)_L1L9R8_R,R,glutamate,14816,Delta7,Delta7(PB15)_L6R4_L,L,22
515675,EPG,EPG(PB08)_R1,R,acetylcholine,13217,EPG,EPG(PB08)_L8,L,22
131313,EPG,EPG(PB08)_R6,R,acetylcholine,533725,Delta7,Delta7(PB15)_L8R1R9_L,L,22
19125,EPG,EPG(PB08)_R5,R,acetylcholine,533725,Delta7,Delta7(PB15)_L8R1R9_L,L,22
15654,Delta7,Delta7(PB15)_L8R1R9_L,L,glutamate,533725,Delta7,Delta7(PB15)_L8R1R9_L,L,22
519328,EPG,EPG(PB08)_L3,L,acetylcholine,18639,Delta7,Delta7(PB15)_L7R2_L,L,22
16540,Delta7,Delta7(PB15)_L2R7_R,R,glutamate,18639,Delta7,Delta7(PB15)_L7R2_L,L,22
108286,FC2C,FC2C_C7_R,R,acetylcholine,11557,PFL2,PFL2(PB12b)_L3_C7,L,22
88342,EPG,EPG(PB08)_L3,L,acetylcholine,11557,PFL2,PFL2(PB12b)_L3_C7,L,22
16869,Delta7,Delta7(PB15)_L7R3_L,L,glutamate,18823,Delta7,Delta7(PB15)_L4R5_R,R,22
15851,Delta7,Delta7(PB15)_L6R4_L,L,glutamate,18823,Delta7,Delta7(PB15)_L4R5_R,R,22
107195,EPG,EPG(PB08)_L5,L,acetylcholine,15839,Delta7,Delta7(PB15)_L1L9R8_R,R,22
16110,Delta7,Delta7(PB15)_L3R6_R,R,glutamate,15839,Delta7,Delta7(PB15)_L1L9R8_R,R,22
14509,Delta7,Delta7(PB15)_L4R6_R,R,glutamate,15839,Delta7,Delta7(PB15)_L1L9R8_R,R,22
11874,EPG,EPG(PB08)_L7,L,acetylcholine,15839,Delta7,Delta7(PB15)_L1L9R8_R,R,22
103466,FC2B,FC2B_C2_L,L,acetylcholine,518378,PFL3,PFL3(PB12c)_R5_C3,R,22
519144,EPG,EPG(PB08)_L8,L,acetylcholine,16180,Delta7,Delta7(PB15)_L3R6_R,R,22
513464,EPG,EPG(PB08)_R8,R,acetylcholine,16180,Delta7,Delta7(PB15)_L3R6_R,R,22
16110,Delta7,Delta7(PB15)_L3R6_R,R,glutamate,16180,Delta7,Delta7(PB15)_L3R6_R,R,22
513284,EPG,EPG(PB08)_R3,R,acetylcholine,14509,Delta7,Delta7(PB15)_L4R6_R,R,22
16234,Delta7,Delta7(PB15)_L1L9R8_R,R,glutamate,14509,Delta7,Delta7(PB15)_L4R6_R,R,22
550660,FC2C,FC2C_C7_R,R,acetylcholine,26038,PFL3,PFL3(PB12c)_L5_C7,L,22
15398,Delta7,Delta7(PB15)_L4R5_R,R,glutamate,15904,Delta7,Delta7(PB15)_L4R5_R,R,22
85400,FC2B,FC2B_C7_R,R,acetylcholine,35322,PFL3,PFL3(PB12c)_R1_C7,R,22
15837,Delta7,Delta7(PB15)_L1L9R8_R,R,glutamate,517417,Delta7,Delta7(PB15)_L6R3_L,L,22
512305,EPG,EPG(PB08)_R8,R,acetylcholine,16476,Delta7,Delta7(PB15)_L7R2_L,L,22
519941,EPG,EPG(PB08)_L3,L,acetylcholine,515961,Delta7,Delta7(PB15)_L6R3_L,L,22
131313,EPG,EPG(PB08)_R6,R,acetylcholine,515961,Delta7,Delta7(PB15)_L6R3_L,L,22
34203,FC2B,FC2B_C1_R,R,acetylcholine,520573,PFL2,PFL2(PB12b)_R5_C1,R,22
41941,FC2C,FC2C_C4_L,L,acetylcholine,513266,PFL3,PFL3(PB12c)_R3_C5,R,22
115674,FC2C,FC2C_C4_R,R,acetylcholine,523032,PFL3,PFL3(PB12c)_L2_C4,L,22
87630,FC2B,FC2B_C3_L,L,acetylcholine,523032,PFL3,PFL3(PB12c)_L2_C4,L,22
35324,Delta7,Delta7(PB15)_L5R4_L,L,glutamate,15399,Delta7,Delta7(PB15)_L1L9R8_R,R,22
15495,Delta7,Delta7(PB15)_L3R6_R,R,glutamate,15399,Delta7,Delta7(PB15)_L1L9R8_R,R,22
82293,FC2B,FC2B_C5_L,L,acetylcholine,530071,PFL3,PFL3(PB12c)_L3_C5,L,22
16360,EPG,EPG(PB08)_L6,L,acetylcholine,511841,Delta7,Delta7(PB15)_L2R7_R,R,22
15616,EPG,EPG(PB08)_R3,R,acetylcholine,511841,Delta7,Delta7(PB15)_L2R7_R,R,22
522994,Delta7,Delta7(PB15)_L6R3_L,L,glutamate,15851,Delta7,Delta7(PB15)_L6R4_L,L,22
16540,Delta7,Delta7(PB15)_L2R7_R,R,glutamate,15851,Delta7,Delta7(PB15)_L6R4_L,L,22
15399,Delta7,Delta7(PB15)_L1L9R8_R,R,glutamate,15851,Delta7,Delta7(PB15)_L6R4_L,L,22
95713,FC2C,FC2C_C4_L,L,acetylcholine,522853,PFL2,PFL2(PB12b)_R2_C4,R,22
517417,Delta7,Delta7(PB15)_L6R3_L,L,glutamate,15713,EPG,EPG(PB08)_L6,L,22
520812,EPG,EPG(PB08)_R8,R,acetylcholine,521813,EPG,EPG(PB08)_L2,L,22
16110,Delta7,Delta7(PB15)_L3R6_R,R,glutamate,131313,EPG,EPG(PB08)_R6,R,22
519328,EPG,EPG(PB08)_L3,L,acetylcholine,19825,EPG,EPG(PB08)_R6,R,22
16110,Delta7,Delta7(PB15)_L3R6_R,R,glutamate,19825,EPG,EPG(PB08)_R6,R,22
519140,EPG,EPG(PB08)_L1,L,acetylcholine,16110,Delta7,Delta7(PB15)_L3R6_R,R,22
15851,Delta7,Delta7(PB15)_L6R4_L,L,glutamate,16110,Delta7,Delta7(PB15)_L3R6_R,R,22
10513,Delta7,Delta7(PB15)_L3R6_R,R,glutamate,16110,Delta7,Delta7(PB15)_L3R6_R,R,22
521812,EPG,EPG(PB08)_R7,R,acetylcholine,15654,Delta7,Delta7(PB15)_L8R1R9_L,L,22
17379,Delta7,Delta7(PB15)_L4R5_R,R,glutamate,15654,Delta7,Delta7(PB15)_L8R1R9_L,L,22
11989,EPG,EPG(PB08)_L5,L,acetylcholine,15654,Delta7,Delta7(PB15)_L8R1R9_L,L,22
11184,Delta7,Delta7(PB15)_L1L9R8_R,R,glutamate,108478,PFL3,PFL3(PB12c)_L1_C3,L,22
513284,EPG,EPG(PB08)_R3,R,acetylcholine,519332,Delta7,Delta7(PB15)_L2R7_R,R,22
511841,Delta7,Delta7(PB15)_L2R7_R,R,glutamate,519332,Delta7,Delta7(PB15)_L2R7_R,R,22
19125,EPG,EPG(PB08)_R5,R,acetylcholine,519332,Delta7,Delta7(PB15)_L2R7_R,R,22
13217,EPG,EPG(PB08)_L8,L,acetylcholine,519332,Delta7,Delta7(PB15)_L2R7_R,R,22
14509,Delta7,Delta7(PB15)_L4R6_R,R,glutamate,16869,Delta7,Delta7(PB15)_L7R3_L,L,22
57603,FC2C,FC2C_C9_L,L,acetylcholine,513034,PFL2,PFL2(PB12b)_L5_C9,L,22
50461,FC2B,FC2B_C9_R,R,acetylcholine,513034,PFL2,PFL2(PB12b)_L5_C9,L,22
35324,Delta7,Delta7(PB15)_L5R4_L,L,glutamate,513034,PFL2,PFL2(PB12b)_L5_C9,L,22
17024,Delta7,Delta7(PB15)_L5R4_L,L,glutamate,513034,PFL2,PFL2(PB12b)_L5_C9,L,22
515675,EPG,EPG(PB08)_R1,R,acetylcholine,17286,PFL3,PFL3(PB12c)_R1_C2_irreg,L,22
124562,FC2C,FC2C_C5_L,L,acetylcholine,13490,PFL2,PFL2(PB12b)_L1_C5,L,22
57603,FC2C,FC2C_C9_L,L,acetylcholine,19009,PFL3,PFL3(PB12c)_L2_C9_irreg,R,22
107195,EPG,EPG(PB08)_L5,L,acetylcholine,15837,Delta7,Delta7(PB15)_L1L9R8_R,R,22
524073,EPG,EPG(PB08)_L2,L,acetylcholine,15398,Delta7,Delta7(PB15)_L4R5_R,R,22
515294,Delta7,Delta7(PB15)_L5R4_L,L,glutamate,17024,Delta7,Delta7(PB15)_L5R4_L,L,22
524074,Delta7,Delta7(PB15)_L5R4_L,L,glutamate,23159,PFL3,PFL3(PB12c)_R4_C4,R,22
515961,Delta7,Delta7(PB15)_L6R3_L,L,glutamate,23159,PFL3,PFL3(PB12c)_R4_C4,R,22
99820,FC2B,FC2B_C4_L,L,acetylcholine,23159,PFL3,PFL3(PB12c)_R4_C4,R,22
66750,FC2C,FC2C_C4_R,R,acetylcholine,23159,PFL3,PFL3(PB12c)_R4_C4,R,22
519332,Delta7,Delta7(PB15)_L2R7_R,R,glutamate,515294,Delta7,Delta7(PB15)_L5R4_L,L,22
513464,EPG,EPG(PB08)_R8,R,acetylcholine,515294,Delta7,Delta7(PB15)_L5R4_L,L,22
88342,EPG,EPG(PB08)_L3,L,acetylcholine,515294,Delta7,Delta7(PB15)_L5R4_L,L,22
556346,EPG,EPG(PB08)_L6,L,acetylcholine,11184,Delta7,Delta7(PB15)_L1L9R8_R,R,22
513517,EPG,EPG(PB08)_L4,L,acetylcholine,11184,Delta7,Delta7(PB15)_L1L9R8_R,R,22
16553,Delta7,Delta7(PB15)_L5R4_L,L,glutamate,11184,Delta7,Delta7(PB15)_L1L9R8_R,R,22
15495,Delta7,Delta7(PB15)_L3R6_R,R,glutamate,11184,Delta7,Delta7(PB15)_L1L9R8_R,R,22
515961,Delta7,Delta7(PB15)_L6R3_L,L,glutamate,35324,Delta7,Delta7(PB15)_L5R4_L,L,22
15839,Delta7,Delta7(PB15)_L1L9R8_R,R,glutamate,35324,Delta7,Delta7(PB15)_L5R4_L,L,22
84758,EPG,EPG(PB08)_L7,L,acetylcholine,16234,Delta7,Delta7(PB15)_L1L9R8_R,R,22
15399,Delta7,Delta7(PB15)_L1L9R8_R,R,glutamate,16234,Delta7,Delta7(PB15)_L1L9R8_R,R,22
524073,EPG,EPG(PB08)_L2,L,acetylcholine,17753,Delta7,Delta7(PB15)_L7R3_L,L,22
15399,Delta7,Delta7(PB15)_L1L9R8_R,R,glutamate,17753,Delta7,Delta7(PB15)_L7R3_L,L,22
568155,Delta7,Delta7(PB15)_L8R1R9_L,L,glutamate,521409,EPG,EPG(PB08)_L8,L,22
84758,EPG,EPG(PB08)_L7,L,acetylcholine,521409,EPG,EPG(PB08)_L8,L,22
556347,EPG,EPG(PB08)_R4,R,acetylcholine,15409,Delta7,Delta7(PB15)_L8R1R9_L,L,22
523786,EPG,EPG(PB08)_R4,R,acetylcholine,15409,Delta7,Delta7(PB15)_L8R1R9_L,L,22
68502,FC2C,FC2C_C1_L,L,acetylcholine,79549,PFL3,PFL3(PB12c)_R7_C1,R,22
17804,Delta7,Delta7(PB15)_L7R2_L,L,glutamate,13031,PFL2,PFL2(PB12b)_R3_C3,R,22
17753,Delta7,Delta7(PB15)_L7R3_L,L,glutamate,13031,PFL2,PFL2(PB12b)_R3_C3,R,22
12449,EPG,EPG(PB08)_L5,L,acetylcholine,11987,EPG,EPG(PB08)_R5,R,22
512928,EPG,EPG(PB08)_R3,R,acetylcholine,11874,EPG,EPG(PB08)_L7,L,22
115674,FC2C,FC2C_C4_R,R,acetylcholine,14729,PFL2,PFL2(PB12b)_R1_C5,R,22
89635,FC2B,FC2B_C3_R,R,acetylcholine,17000,PFL3,PFL3(PB12c)_L1_C3,L,22
11184,Delta7,Delta7(PB15)_L1L9R8_R,R,glutamate,17000,PFL3,PFL3(PB12c)_L1_C3,L,22
151739,FC2C,FC2C_C2_R,R,acetylcholine,11673,PFL2,PFL2(PB12b)_R4_C2,R,22
521813,EPG,EPG(PB08)_L2,L,acetylcholine,524074,Delta7,Delta7(PB15)_L5R4_L,L,22
519140,EPG,EPG(PB08)_L1,L,acetylcholine,524074,Delta7,Delta7(PB15)_L5R4_L,L,22
17143,Delta7,Delta7(PB15)_L2R7_R,R,glutamate,524074,Delta7,Delta7(PB15)_L5R4_L,L,22
17024,Delta7,Delta7(PB15)_L5R4_L,L,glutamate,524074,Delta7,Delta7(PB15)_L5R4_L,L,22
14509,Delta7,Delta7(PB15)_L4R6_R,R,glutamate,524074,Delta7,Delta7(PB15)_L5R4_L,L,22
13217,EPG,EPG(PB08)_L8,L,acetylcholine,524074,Delta7,Delta7(PB15)_L5R4_L,L,22
519144,EPG,EPG(PB08)_L8,L,acetylcholine,529318,Delta7,Delta7(PB15)_L4R5_R,R,22
513463,EPG,EPG(PB08)_R2,R,acetylcholine,529318,Delta7,Delta7(PB15)_L4R5_R,R,22
16476,Delta7,Delta7(PB15)_L7R2_L,L,glutamate,10513,Delta7,Delta7(PB15)_L3R6_R,R,22
15654,Delta7,Delta7(PB15)_L8R1R9_L,L,glutamate,10513,Delta7,Delta7(PB15)_L3R6_R,R,22
15713,EPG,EPG(PB08)_L6,L,acetylcholine,556347,EPG,EPG(PB08)_R4,R,22
17143,Delta7,Delta7(PB15)_L2R7_R,R,glutamate,17379,Delta7,Delta7(PB15)_L4R5_R,R,22
519140,EPG,EPG(PB08)_L1,L,acetylcholine,18851,PFL3,PFL3(PB12c)_L1_C8_irreg,R,22
518606,FC2A,FC2A_C8_L,L,acetylcholine,18851,PFL3,PFL3(PB12c)_L1_C8_irreg,R,22
17143,Delta7,Delta7(PB15)_L2R7_R,R,glutamate,92188,EPG,EPG(PB08)_R7,R,21
101011,FC2C,FC2C_C6_R,R,acetylcholine,567101,PFL3,PFL3(PB12c)_R3_C5,R,21
521813,EPG,EPG(PB08)_L2,L,acetylcholine,16412,Delta7,Delta7(PB15)_L7R2_L,L,21
19125,EPG,EPG(PB08)_R5,R,acetylcholine,16412,Delta7,Delta7(PB15)_L7R2_L,L,21
519144,EPG,EPG(PB08)_L8,L,acetylcholine,16553,Delta7,Delta7(PB15)_L5R4_L,L,21
515294,Delta7,Delta7(PB15)_L5R4_L,L,glutamate,16553,Delta7,Delta7(PB15)_L5R4_L,L,21
15837,Delta7,Delta7(PB15)_L1L9R8_R,R,glutamate,16553,Delta7,Delta7(PB15)_L5R4_L,L,21
14507,EPG,EPG(PB08)_R7,R,acetylcholine,16553,Delta7,Delta7(PB15)_L5R4_L,L,21
517417,Delta7,Delta7(PB15)_L6R3_L,L,glutamate,513284,EPG,EPG(PB08)_R3,R,21
16360,EPG,EPG(PB08)_L6,L,acetylcholine,17143,Delta7,Delta7(PB15)_L2R7_R,R,21
15654,Delta7,Delta7(PB15)_L8R1R9_L,L,glutamate,17143,Delta7,Delta7(PB15)_L2R7_R,R,21
529266,FC2C,FC2C_C2_L,L,acetylcholine,520811,PFL3,PFL3(PB12c)_R6_C2,R,21
18823,Delta7,Delta7(PB15)_L4R5_R,R,glutamate,11307,EPG,EPG(PB08)_L4,L,21
515294,Delta7,Delta7(PB15)_L5R4_L,L,glutamate,14806,Delta7,Delta7(PB15)_L8R1R9_L,L,21
14509,Delta7,Delta7(PB15)_L4R6_R,R,glutamate,14806,Delta7,Delta7(PB15)_L8R1R9_L,L,21
19825,EPG,EPG(PB08)_R6,R,acetylcholine,17804,Delta7,Delta7(PB15)_L7R2_L,L,21
15839,Delta7,Delta7(PB15)_L1L9R8_R,R,glutamate,17804,Delta7,Delta7(PB15)_L7R2_L,L,21
16412,Delta7,Delta7(PB15)_L7R2_L,L,glutamate,15495,Delta7,Delta7(PB15)_L3R6_R,R,21
15654,Delta7,Delta7(PB15)_L8R1R9_L,L,glutamate,15495,Delta7,Delta7(PB15)_L3R6_R,R,21
519331,Delta7,Delta7(PB15)_L3R7_R,R,glutamate,14816,Delta7,Delta7(PB15)_L6R4_L,L,21
16553,Delta7,Delta7(PB15)_L5R4_L,L,glutamate,14816,Delta7,Delta7(PB15)_L6R4_L,L,21
14806,Delta7,Delta7(PB15)_L8R1R9_L,L,glutamate,14816,Delta7,Delta7(PB15)_L6R4_L,L,21
88342,EPG,EPG(PB08)_L3,L,acetylcholine,533725,Delta7,Delta7(PB15)_L8R1R9_L,L,21
556346,EPG,EPG(PB08)_L6,L,acetylcholine,15616,EPG,EPG(PB08)_R3,R,21
513520,EPG,EPG(PB08)_R6,R,acetylcholine,18639,Delta7,Delta7(PB15)_L7R2_L,L,21
15409,Delta7,Delta7(PB15)_L8R1R9_L,L,glutamate,515675,EPG,EPG(PB08)_R1,R,21
568155,Delta7,Delta7(PB15)_L8R1R9_L,L,glutamate,18823,Delta7,Delta7(PB15)_L4R5_R,R,21
519140,EPG,EPG(PB08)_L1,L,acetylcholine,18823,Delta7,Delta7(PB15)_L4R5_R,R,21
14509,Delta7,Delta7(PB15)_L4R6_R,R,glutamate,18823,Delta7,Delta7(PB15)_L4R5_R,R,21
11874,EPG,EPG(PB08)_L7,L,acetylcholine,18823,Delta7,Delta7(PB15)_L4R5_R,R,21
522994,Delta7,Delta7(PB15)_L6R3_L,L,glutamate,434891,Delta7,Delta7(PB15)_L3R7_R,R,21
17143,Delta7,Delta7(PB15)_L2R7_R,R,glutamate,434891,Delta7,Delta7(PB15)_L3R7_R,R,21
556346,EPG,EPG(PB08)_L6,L,acetylcholine,15839,Delta7,Delta7(PB15)_L1L9R8_R,R,21
16869,Delta7,Delta7(PB15)_L7R3_L,L,glutamate,15839,Delta7,Delta7(PB15)_L1L9R8_R,R,21
16553,Delta7,Delta7(PB15)_L5R4_L,L,glutamate,15839,Delta7,Delta7(PB15)_L1L9R8_R,R,21
15399,Delta7,Delta7(PB15)_L1L9R8_R,R,glutamate,15839,Delta7,Delta7(PB15)_L1L9R8_R,R,21
529992,FC2C,FC2C_C1_R,R,acetylcholine,15210,PFL3,PFL3(PB12c)_R2_C1_irreg,L,21
55415,FC2B,FC2B_C1_R,R,acetylcholine,15210,PFL3,PFL3(PB12c)_R2_C1_irreg,L,21
512928,EPG,EPG(PB08)_R3,R,acetylcholine,16180,Delta7,Delta7(PB15)_L3R6_R,R,21
15616,EPG,EPG(PB08)_R3,R,acetylcholine,16180,Delta7,Delta7(PB15)_L3R6_R,R,21
119544,FC2C,FC2C_C6_L,L,acetylcholine,29836,PFL3,PFL3(PB12c)_L4_C6,L,21
513033,EPG,EPG(PB08)_L8,L,acetylcholine,14509,Delta7,Delta7(PB15)_L4R6_R,R,21
512928,EPG,EPG(PB08)_R3,R,acetylcholine,14509,Delta7,Delta7(PB15)_L4R6_R,R,21
511841,Delta7,Delta7(PB15)_L2R7_R,R,glutamate,14509,Delta7,Delta7(PB15)_L4R6_R,R,21
18823,Delta7,Delta7(PB15)_L4R5_R,R,glutamate,14509,Delta7,Delta7(PB15)_L4R6_R,R,21
16540,Delta7,Delta7(PB15)_L2R7_R,R,glutamate,14509,Delta7,Delta7(PB15)_L4R6_R,R,21
16180,Delta7,Delta7(PB15)_L3R6_R,R,glutamate,14509,Delta7,Delta7(PB15)_L4R6_R,R,21
16110,Delta7,Delta7(PB15)_L3R6_R,R,glutamate,513520,EPG,EPG(PB08)_R6,R,21
14816,Delta7,Delta7(PB15)_L6R4_L,L,glutamate,26038,PFL3,PFL3(PB12c)_L5_C7,L,21
522994,Delta7,Delta7(PB15)_L6R3_L,L,glutamate,15904,Delta7,Delta7(PB15)_L4R5_R,R,21
16869,Delta7,Delta7(PB15)_L7R3_L,L,glutamate,15904,Delta7,Delta7(PB15)_L4R5_R,R,21
89635,FC2B,FC2B_C3_R,R,acetylcholine,26488,PFL3,PFL3(PB12c)_R5_C3,R,21
14806,Delta7,Delta7(PB15)_L8R1R9_L,L,glutamate,18803,PFL3,PFL3(PB12c)_R1_C7,R,21
519332,Delta7,Delta7(PB15)_L2R7_R,R,glutamate,16476,Delta7,Delta7(PB15)_L7R2_L,L,21
519328,EPG,EPG(PB08)_L3,L,acetylcholine,16476,Delta7,Delta7(PB15)_L7R2_L,L,21
19125,EPG,EPG(PB08)_R5,R,acetylcholine,16476,Delta7,Delta7(PB15)_L7R2_L,L,21
15904,Delta7,Delta7(PB15)_L4R5_R,R,glutamate,16476,Delta7,Delta7(PB15)_L7R2_L,L,21
519332,Delta7,Delta7(PB15)_L2R7_R,R,glutamate,515961,Delta7,Delta7(PB15)_L6R3_L,L,21
513520,EPG,EPG(PB08)_R6,R,acetylcholine,515961,Delta7,Delta7(PB15)_L6R3_L,L,21
512513,EPG,EPG(PB08)_R1,R,acetylcholine,515961,Delta7,Delta7(PB15)_L6R3_L,L,21
92188,EPG,EPG(PB08)_R7,R,acetylcholine,515961,Delta7,Delta7(PB15)_L6R3_L,L,21
15851,Delta7,Delta7(PB15)_L6R4_L,L,glutamate,515961,Delta7,Delta7(PB15)_L6R3_L,L,21
15654,Delta7,Delta7(PB15)_L8R1R9_L,L,glutamate,515961,Delta7,Delta7(PB15)_L6R3_L,L,21
512514,EPG,EPG(PB08)_L1,L,acetylcholine,512513,EPG,EPG(PB08)_R1,R,21
124562,FC2C,FC2C_C5_L,L,acetylcholine,513266,PFL3,PFL3(PB12c)_R3_C5,R,21
79204,FC2C,FC2C_C3_L,L,acetylcholine,523032,PFL3,PFL3(PB12c)_L2_C4,L,21
41941,FC2C,FC2C_C4_L,L,acetylcholine,523032,PFL3,PFL3(PB12c)_L2_C4,L,21
556346,EPG,EPG(PB08)_L6,L,acetylcholine,15399,Delta7,Delta7(PB15)_L1L9R8_R,R,21
515961,Delta7,Delta7(PB15)_L6R3_L,L,glutamate,511841,Delta7,Delta7(PB15)_L2R7_R,R,21
16540,Delta7,Delta7(PB15)_L2R7_R,R,glutamate,511841,Delta7,Delta7(PB15)_L2R7_R,R,21
16476,Delta7,Delta7(PB15)_L7R2_L,L,glutamate,10539,EPG,EPG(PB08)_R2,R,21
519941,EPG,EPG(PB08)_L3,L,acetylcholine,15851,Delta7,Delta7(PB15)_L6R4_L,L,21
16234,Delta7,Delta7(PB15)_L1L9R8_R,R,glutamate,15851,Delta7,Delta7(PB15)_L6R4_L,L,21
520818,EPG,EPG(PB08)_L4,L,acetylcholine,131313,EPG,EPG(PB08)_R6,R,21
10513,Delta7,Delta7(PB15)_L3R6_R,R,glutamate,15654,Delta7,Delta7(PB15)_L8R1R9_L,L,21
109752,FC2C,FC2C_C9_R,R,acetylcholine,519346,PFL3,PFL3(PB12c)_L7_C9,L,21
560327,FC2A,FC2A_C3_R,R,acetylcholine,108478,PFL3,PFL3(PB12c)_L1_C3,L,21
103466,FC2B,FC2B_C2_L,L,acetylcholine,108478,PFL3,PFL3(PB12c)_L1_C3,L,21
50885,FC2C,FC2C_C2_L,L,acetylcholine,108478,PFL3,PFL3(PB12c)_L1_C3,L,21
512928,EPG,EPG(PB08)_R3,R,acetylcholine,519332,Delta7,Delta7(PB15)_L2R7_R,R,21
15904,Delta7,Delta7(PB15)_L4R5_R,R,glutamate,519332,Delta7,Delta7(PB15)_L2R7_R,R,21
524073,EPG,EPG(PB08)_L2,L,acetylcholine,16869,Delta7,Delta7(PB15)_L7R3_L,L,21
15495,Delta7,Delta7(PB15)_L3R6_R,R,glutamate,16869,Delta7,Delta7(PB15)_L7R3_L,L,21
45876,FC2A,FC2A_C7_R,R,acetylcholine,513032,PFL3,PFL3(PB12c)_L5_C7,L,21
131313,EPG,EPG(PB08)_R6,R,acetylcholine,568155,Delta7,Delta7(PB15)_L8R1R9_L,L,21
12449,EPG,EPG(PB08)_L5,L,acetylcholine,513034,PFL2,PFL2(PB12b)_L5_C9,L,21
67361,FC2B,FC2B_C2_R,R,acetylcholine,17286,PFL3,PFL3(PB12c)_R1_C2_irreg,L,21
16553,Delta7,Delta7(PB15)_L5R4_L,L,glutamate,15837,Delta7,Delta7(PB15)_L1L9R8_R,R,21
16110,Delta7,Delta7(PB15)_L3R6_R,R,glutamate,15837,Delta7,Delta7(PB15)_L1L9R8_R,R,21
15398,Delta7,Delta7(PB15)_L4R5_R,R,glutamate,15837,Delta7,Delta7(PB15)_L1L9R8_R,R,21
10539,EPG,EPG(PB08)_R2,R,acetylcholine,15398,Delta7,Delta7(PB15)_L4R5_R,R,21
513464,EPG,EPG(PB08)_R8,R,acetylcholine,17024,Delta7,Delta7(PB15)_L5R4_L,L,21
14806,Delta7,Delta7(PB15)_L8R1R9_L,L,glutamate,17024,Delta7,Delta7(PB15)_L5R4_L,L,21
115674,FC2C,FC2C_C4_R,R,acetylcholine,23159,PFL3,PFL3(PB12c)_R4_C4,R,21
520818,EPG,EPG(PB08)_L4,L,acetylcholine,519351,PFL3,PFL3(PB12c)_L4_C5,L,21
15654,Delta7,Delta7(PB15)_L8R1R9_L,L,glutamate,515294,Delta7,Delta7(PB15)_L5R4_L,L,21
520818,EPG,EPG(PB08)_L4,L,acetylcholine,11184,Delta7,Delta7(PB15)_L1L9R8_R,R,21
515961,Delta7,Delta7(PB15)_L6R3_L,L,glutamate,11184,Delta7,Delta7(PB15)_L1L9R8_R,R,21
84758,EPG,EPG(PB08)_L7,L,acetylcholine,11184,Delta7,Delta7(PB15)_L1L9R8_R,R,21
16869,Delta7,Delta7(PB15)_L7R3_L,L,glutamate,11184,Delta7,Delta7(PB15)_L1L9R8_R,R,21
512305,EPG,EPG(PB08)_R8,R,acetylcholine,35324,Delta7,Delta7(PB15)_L5R4_L,L,21
523786,EPG,EPG(PB08)_R4,R,acetylcholine,16234,Delta7,Delta7(PB15)_L1L9R8_R,R,21
18639,Delta7,Delta7(PB15)_L7R2_L,L,glutamate,16234,Delta7,Delta7(PB15)_L1L9R8_R,R,21
15839,Delta7,Delta7(PB15)_L1L9R8_R,R,glutamate,16234,Delta7,Delta7(PB15)_L1L9R8_R,R,21
11184,Delta7,Delta7(PB15)_L1L9R8_R,R,glutamate,16234,Delta7,Delta7(PB15)_L1L9R8_R,R,21
18823,Delta7,Delta7(PB15)_L4R5_R,R,glutamate,17753,Delta7,Delta7(PB15)_L7R3_L,L,21
16412,Delta7,Delta7(PB15)_L7R2_L,L,glutamate,17753,Delta7,Delta7(PB15)_L7R3_L,L,21
15837,Delta7,Delta7(PB15)_L1L9R8_R,R,glutamate,520812,EPG,EPG(PB08)_R8,R,21
519331,Delta7,Delta7(PB15)_L3R7_R,R,glutamate,15409,Delta7,Delta7(PB15)_L8R1R9_L,L,21
88342,EPG,EPG(PB08)_L3,L,acetylcholine,15409,Delta7,Delta7(PB15)_L8R1R9_L,L,21
14816,Delta7,Delta7(PB15)_L6R4_L,L,glutamate,15409,Delta7,Delta7(PB15)_L8R1R9_L,L,21
153558,FC2C,FC2C_C5_R,R,acetylcholine,14729,PFL2,PFL2(PB12b)_R1_C5,R,21
82293,FC2B,FC2B_C5_L,L,acetylcholine,14729,PFL2,PFL2(PB12b)_R1_C5,R,21
513464,EPG,EPG(PB08)_R8,R,acetylcholine,524074,Delta7,Delta7(PB15)_L5R4_L,L,21
512513,EPG,EPG(PB08)_R1,R,acetylcholine,524074,Delta7,Delta7(PB15)_L5R4_L,L,21
524073,EPG,EPG(PB08)_L2,L,acetylcholine,529318,Delta7,Delta7(PB15)_L4R5_R,R,21
14806,Delta7,Delta7(PB15)_L8R1R9_L,L,glutamate,529318,Delta7,Delta7(PB15)_L4R5_R,R,21
13217,EPG,EPG(PB08)_L8,L,acetylcholine,529318,Delta7,Delta7(PB15)_L4R5_R,R,21
512513,EPG,EPG(PB08)_R1,R,acetylcholine,10513,Delta7,Delta7(PB15)_L3R6_R,R,21
84758,EPG,EPG(PB08)_L7,L,acetylcholine,10513,Delta7,Delta7(PB15)_L3R6_R,R,21
14509,Delta7,Delta7(PB15)_L4R6_R,R,glutamate,10513,Delta7,Delta7(PB15)_L3R6_R,R,21
520812,EPG,EPG(PB08)_R8,R,acetylcholine,17379,Delta7,Delta7(PB15)_L4R5_R,R,21
18639,Delta7,Delta7(PB15)_L7R2_L,L,glutamate,17379,Delta7,Delta7(PB15)_L4R5_R,R,21
16476,Delta7,Delta7(PB15)_L7R2_L,L,glutamate,17379,Delta7,Delta7(PB15)_L4R5_R,R,21
14806,Delta7,Delta7(PB15)_L8R1R9_L,L,glutamate,17379,Delta7,Delta7(PB15)_L4R5_R,R,21
512514,EPG,EPG(PB08)_L1,L,acetylcholine,18851,PFL3,PFL3(PB12c)_L1_C8_irreg,R,21
97443,FC2B,FC2B_C8_L,L,acetylcholine,18851,PFL3,PFL3(PB12c)_L1_C8_irreg,R,21
35277,FC2B,FC2B_C8_R,R,acetylcholine,18851,PFL3,PFL3(PB12c)_L1_C8_irreg,R,21
14507,EPG,EPG(PB08)_R7,R,acetylcholine,92188,EPG,EPG(PB08)_R7,R,20
15851,Delta7,Delta7(PB15)_L6R4_L,L,glutamate,567101,PFL3,PFL3(PB12c)_R3_C5,R,20
17143,Delta7,Delta7(PB15)_L2R7_R,R,glutamate,16412,Delta7,Delta7(PB15)_L7R2_L,L,20
524073,EPG,EPG(PB08)_L2,L,acetylcholine,16553,Delta7,Delta7(PB15)_L5R4_L,L,20
15713,EPG,EPG(PB08)_L6,L,acetylcholine,513284,EPG,EPG(PB08)_R3,R,20
16869,Delta7,Delta7(PB15)_L7R3_L,L,glutamate,17143,Delta7,Delta7(PB15)_L2R7_R,R,20
515675,EPG,EPG(PB08)_R1,R,acetylcholine,519331,Delta7,Delta7(PB15)_L3R7_R,R,20
17753,Delta7,Delta7(PB15)_L7R3_L,L,glutamate,519331,Delta7,Delta7(PB15)_L3R7_R,R,20
16869,Delta7,Delta7(PB15)_L7R3_L,L,glutamate,519331,Delta7,Delta7(PB15)_L3R7_R,R,20
16540,Delta7,Delta7(PB15)_L2R7_R,R,glutamate,519331,Delta7,Delta7(PB15)_L3R7_R,R,20
15904,Delta7,Delta7(PB15)_L4R5_R,R,glutamate,519331,Delta7,Delta7(PB15)_L3R7_R,R,20
15654,Delta7,Delta7(PB15)_L8R1R9_L,L,glutamate,519331,Delta7,Delta7(PB15)_L3R7_R,R,20
19825,EPG,EPG(PB08)_R6,R,acetylcholine,520811,PFL3,PFL3(PB12c)_R6_C2,R,20
524073,EPG,EPG(PB08)_L2,L,acetylcholine,17804,Delta7,Delta7(PB15)_L7R2_L,L,20
519331,Delta7,Delta7(PB15)_L3R7_R,R,glutamate,17804,Delta7,Delta7(PB15)_L7R2_L,L,20
513520,EPG,EPG(PB08)_R6,R,acetylcholine,17804,Delta7,Delta7(PB15)_L7R2_L,L,20
511841,Delta7,Delta7(PB15)_L2R7_R,R,glutamate,17804,Delta7,Delta7(PB15)_L7R2_L,L,20
17379,Delta7,Delta7(PB15)_L4R5_R,R,glutamate,17804,Delta7,Delta7(PB15)_L7R2_L,L,20
11987,EPG,EPG(PB08)_R5,R,acetylcholine,17804,Delta7,Delta7(PB15)_L7R2_L,L,20
16360,EPG,EPG(PB08)_L6,L,acetylcholine,16540,Delta7,Delta7(PB15)_L2R7_R,R,20
15839,Delta7,Delta7(PB15)_L1L9R8_R,R,glutamate,16540,Delta7,Delta7(PB15)_L2R7_R,R,20
14816,Delta7,Delta7(PB15)_L6R4_L,L,glutamate,16540,Delta7,Delta7(PB15)_L2R7_R,R,20
16110,Delta7,Delta7(PB15)_L3R6_R,R,glutamate,15495,Delta7,Delta7(PB15)_L3R6_R,R,20
18823,Delta7,Delta7(PB15)_L4R5_R,R,glutamate,14816,Delta7,Delta7(PB15)_L6R4_L,L,20
15654,Delta7,Delta7(PB15)_L8R1R9_L,L,glutamate,13217,EPG,EPG(PB08)_L8,L,20
434891,Delta7,Delta7(PB15)_L3R7_R,R,glutamate,18639,Delta7,Delta7(PB15)_L7R2_L,L,20
107195,EPG,EPG(PB08)_L5,L,acetylcholine,18639,Delta7,Delta7(PB15)_L7R2_L,L,20
16869,Delta7,Delta7(PB15)_L7R3_L,L,glutamate,18639,Delta7,Delta7(PB15)_L7R2_L,L,20
513463,EPG,EPG(PB08)_R2,R,acetylcholine,14727,EPG,EPG(PB08)_L7,L,20
519328,EPG,EPG(PB08)_L3,L,acetylcholine,11557,PFL2,PFL2(PB12b)_L3_C7,L,20
521409,EPG,EPG(PB08)_L8,L,acetylcholine,18823,Delta7,Delta7(PB15)_L4R5_R,R,20
517417,Delta7,Delta7(PB15)_L6R3_L,L,glutamate,18823,Delta7,Delta7(PB15)_L4R5_R,R,20
512514,EPG,EPG(PB08)_L1,L,acetylcholine,18823,Delta7,Delta7(PB15)_L4R5_R,R,20
15409,Delta7,Delta7(PB15)_L8R1R9_L,L,glutamate,18823,Delta7,Delta7(PB15)_L4R5_R,R,20
14727,EPG,EPG(PB08)_L7,L,acetylcholine,18823,Delta7,Delta7(PB15)_L4R5_R,R,20
523786,EPG,EPG(PB08)_R4,R,acetylcholine,434891,Delta7,Delta7(PB15)_L3R7_R,R,20
513463,EPG,EPG(PB08)_R2,R,acetylcholine,434891,Delta7,Delta7(PB15)_L3R7_R,R,20
17804,Delta7,Delta7(PB15)_L7R2_L,L,glutamate,434891,Delta7,Delta7(PB15)_L3R7_R,R,20
517417,Delta7,Delta7(PB15)_L6R3_L,L,glutamate,15839,Delta7,Delta7(PB15)_L1L9R8_R,R,20
515961,Delta7,Delta7(PB15)_L6R3_L,L,glutamate,15839,Delta7,Delta7(PB15)_L1L9R8_R,R,20
511841,Delta7,Delta7(PB15)_L2R7_R,R,glutamate,15839,Delta7,Delta7(PB15)_L1L9R8_R,R,20
18639,Delta7,Delta7(PB15)_L7R2_L,L,glutamate,15839,Delta7,Delta7(PB15)_L1L9R8_R,R,20
16540,Delta7,Delta7(PB15)_L2R7_R,R,glutamate,15839,Delta7,Delta7(PB15)_L1L9R8_R,R,20
15495,Delta7,Delta7(PB15)_L3R6_R,R,glutamate,15839,Delta7,Delta7(PB15)_L1L9R8_R,R,20
71855,FC2A,FC2A_C3_L,L,acetylcholine,518378,PFL3,PFL3(PB12c)_R5_C3,R,20
140787,FC2B,FC2B_C1_L,L,acetylcholine,15210,PFL3,PFL3(PB12c)_R2_C1_irreg,L,20
16234,Delta7,Delta7(PB15)_L1L9R8_R,R,glutamate,519140,EPG,EPG(PB08)_L1,L,20
19825,EPG,EPG(PB08)_R6,R,acetylcholine,519328,EPG,EPG(PB08)_L3,L,20
16180,Delta7,Delta7(PB15)_L3R6_R,R,glutamate,519328,EPG,EPG(PB08)_L3,L,20
11184,Delta7,Delta7(PB15)_L1L9R8_R,R,glutamate,512305,EPG,EPG(PB08)_R8,R,20
522994,Delta7,Delta7(PB15)_L6R3_L,L,glutamate,556346,EPG,EPG(PB08)_L6,L,20
16869,Delta7,Delta7(PB15)_L7R3_L,L,glutamate,16180,Delta7,Delta7(PB15)_L3R6_R,R,20
16360,EPG,EPG(PB08)_L6,L,acetylcholine,16180,Delta7,Delta7(PB15)_L3R6_R,R,20
127661,FC2C,FC2C_C6_R,R,acetylcholine,29836,PFL3,PFL3(PB12c)_L4_C6,L,20
513463,EPG,EPG(PB08)_R2,R,acetylcholine,14509,Delta7,Delta7(PB15)_L4R6_R,R,20
84758,EPG,EPG(PB08)_L7,L,acetylcholine,14509,Delta7,Delta7(PB15)_L4R6_R,R,20
17753,Delta7,Delta7(PB15)_L7R3_L,L,glutamate,14509,Delta7,Delta7(PB15)_L4R6_R,R,20
16412,Delta7,Delta7(PB15)_L7R2_L,L,glutamate,14509,Delta7,Delta7(PB15)_L4R6_R,R,20
14727,EPG,EPG(PB08)_L7,L,acetylcholine,14509,Delta7,Delta7(PB15)_L4R6_R,R,20
533725,Delta7,Delta7(PB15)_L8R1R9_L,L,glutamate,15904,Delta7,Delta7(PB15)_L4R5_R,R,20
17804,Delta7,Delta7(PB15)_L7R2_L,L,glutamate,15904,Delta7,Delta7(PB15)_L4R5_R,R,20
533436,FC2C,FC2C_C7_L,L,acetylcholine,35322,PFL3,PFL3(PB12c)_R1_C7,R,20
68271,FC2B,FC2B_C7_L,L,acetylcholine,35322,PFL3,PFL3(PB12c)_R1_C7,R,20
511841,Delta7,Delta7(PB15)_L2R7_R,R,glutamate,517417,Delta7,Delta7(PB15)_L6R3_L,L,20
16540,Delta7,Delta7(PB15)_L2R7_R,R,glutamate,517417,Delta7,Delta7(PB15)_L6R3_L,L,20
515675,EPG,EPG(PB08)_R1,R,acetylcholine,515961,Delta7,Delta7(PB15)_L6R3_L,L,20
434891,Delta7,Delta7(PB15)_L3R7_R,R,glutamate,515961,Delta7,Delta7(PB15)_L6R3_L,L,20
17804,Delta7,Delta7(PB15)_L7R2_L,L,glutamate,515961,Delta7,Delta7(PB15)_L6R3_L,L,20
16180,Delta7,Delta7(PB15)_L3R6_R,R,glutamate,515961,Delta7,Delta7(PB15)_L6R3_L,L,20
526406,FC2A,FC2A_C2_R,R,acetylcholine,520573,PFL2,PFL2(PB12b)_R5_C1,R,20
140787,FC2B,FC2B_C1_L,L,acetylcholine,520573,PFL2,PFL2(PB12b)_R5_C1,R,20
153441,FC2C,FC2C_C5_L,L,acetylcholine,513266,PFL3,PFL3(PB12c)_R3_C5,R,20
148830,FC2C,FC2C_C5_R,R,acetylcholine,513266,PFL3,PFL3(PB12c)_R3_C5,R,20
71855,FC2A,FC2A_C3_L,L,acetylcholine,523032,PFL3,PFL3(PB12c)_L2_C4,L,20
513520,EPG,EPG(PB08)_R6,R,acetylcholine,15399,Delta7,Delta7(PB15)_L1L9R8_R,R,20
16180,Delta7,Delta7(PB15)_L3R6_R,R,glutamate,15399,Delta7,Delta7(PB15)_L1L9R8_R,R,20
137299,FC2A,FC2A_C5_L,L,acetylcholine,530071,PFL3,PFL3(PB12c)_L3_C5,L,20
520581,EPG,EPG(PB08)_R4,R,acetylcholine,511841,Delta7,Delta7(PB15)_L2R7_R,R,20
12449,EPG,EPG(PB08)_L5,L,acetylcholine,511841,Delta7,Delta7(PB15)_L2R7_R,R,20
512514,EPG,EPG(PB08)_L1,L,acetylcholine,15851,Delta7,Delta7(PB15)_L6R4_L,L,20
14509,Delta7,Delta7(PB15)_L4R6_R,R,glutamate,15851,Delta7,Delta7(PB15)_L6R4_L,L,20
15654,Delta7,Delta7(PB15)_L8R1R9_L,L,glutamate,522853,PFL2,PFL2(PB12b)_R2_C4,R,20
10539,EPG,EPG(PB08)_R2,R,acetylcholine,522853,PFL2,PFL2(PB12b)_R2_C4,R,20
17804,Delta7,Delta7(PB15)_L7R2_L,L,glutamate,16110,Delta7,Delta7(PB15)_L3R6_R,R,20
17753,Delta7,Delta7(PB15)_L7R3_L,L,glutamate,16110,Delta7,Delta7(PB15)_L3R6_R,R,20
14806,Delta7,Delta7(PB15)_L8R1R9_L,L,glutamate,16110,Delta7,Delta7(PB15)_L3R6_R,R,20
529318,Delta7,Delta7(PB15)_L4R5_R,R,glutamate,15654,Delta7,Delta7(PB15)_L8R1R9_L,L,20
19825,EPG,EPG(PB08)_R6,R,acetylcholine,15654,Delta7,Delta7(PB15)_L8R1R9_L,L,20
140794,FC2C,FC2C_C3_R,R,acetylcholine,518375,PFL2,PFL2(PB12b)_R3_C3,R,20
522994,Delta7,Delta7(PB15)_L6R3_L,L,glutamate,519332,Delta7,Delta7(PB15)_L2R7_R,R,20
15398,Delta7,Delta7(PB15)_L4R5_R,R,glutamate,519332,Delta7,Delta7(PB15)_L2R7_R,R,20
15837,Delta7,Delta7(PB15)_L1L9R8_R,R,glutamate,16869,Delta7,Delta7(PB15)_L7R3_L,L,20
10513,Delta7,Delta7(PB15)_L3R6_R,R,glutamate,16869,Delta7,Delta7(PB15)_L7R3_L,L,20
15904,Delta7,Delta7(PB15)_L4R5_R,R,glutamate,568155,Delta7,Delta7(PB15)_L8R1R9_L,L,20
15399,Delta7,Delta7(PB15)_L1L9R8_R,R,glutamate,568155,Delta7,Delta7(PB15)_L8R1R9_L,L,20
523786,EPG,EPG(PB08)_R4,R,acetylcholine,11989,EPG,EPG(PB08)_L5,L,20
153558,FC2C,FC2C_C5_R,R,acetylcholine,13490,PFL2,PFL2(PB12b)_L1_C5,L,20
524073,EPG,EPG(PB08)_L2,L,acetylcholine,19009,PFL3,PFL3(PB12c)_L2_C9_irreg,R,20
74480,FC2C,FC2C_C9_R,R,acetylcholine,19009,PFL3,PFL3(PB12c)_L2_C9_irreg,R,20
520818,EPG,EPG(PB08)_L4,L,acetylcholine,15837,Delta7,Delta7(PB15)_L1L9R8_R,R,20
512928,EPG,EPG(PB08)_R3,R,acetylcholine,15837,Delta7,Delta7(PB15)_L1L9R8_R,R,20
19825,EPG,EPG(PB08)_R6,R,acetylcholine,15837,Delta7,Delta7(PB15)_L1L9R8_R,R,20
16869,Delta7,Delta7(PB15)_L7R3_L,L,glutamate,15398,Delta7,Delta7(PB15)_L4R5_R,R,20
16234,Delta7,Delta7(PB15)_L1L9R8_R,R,glutamate,15398,Delta7,Delta7(PB15)_L4R5_R,R,20
14509,Delta7,Delta7(PB15)_L4R6_R,R,glutamate,15398,Delta7,Delta7(PB15)_L4R5_R,R,20
529318,Delta7,Delta7(PB15)_L4R5_R,R,glutamate,17024,Delta7,Delta7(PB15)_L5R4_L,L,20
35324,Delta7,Delta7(PB15)_L5R4_L,L,glutamate,12449,EPG,EPG(PB08)_L5,L,20
11987,EPG,EPG(PB08)_R5,R,acetylcholine,12449,EPG,EPG(PB08)_L5,L,20
15399,Delta7,Delta7(PB15)_L1L9R8_R,R,glutamate,515294,Delta7,Delta7(PB15)_L5R4_L,L,20
515294,Delta7,Delta7(PB15)_L5R4_L,L,glutamate,11184,Delta7,Delta7(PB15)_L1L9R8_R,R,20
15616,EPG,EPG(PB08)_R3,R,acetylcholine,11184,Delta7,Delta7(PB15)_L1L9R8_R,R,20
512514,EPG,EPG(PB08)_L1,L,acetylcholine,35324,Delta7,Delta7(PB15)_L5R4_L,L,20
434891,Delta7,Delta7(PB15)_L3R7_R,R,glutamate,35324,Delta7,Delta7(PB15)_L5R4_L,L,20
15409,Delta7,Delta7(PB15)_L8R1R9_L,L,glutamate,35324,Delta7,Delta7(PB15)_L5R4_L,L,20
556347,EPG,EPG(PB08)_R4,R,acetylcholine,16234,Delta7,Delta7(PB15)_L1L9R8_R,R,20
520581,EPG,EPG(PB08)_R4,R,acetylcholine,16234,Delta7,Delta7(PB15)_L1L9R8_R,R,20
17804,Delta7,Delta7(PB15)_L7R2_L,L,glutamate,16234,Delta7,Delta7(PB15)_L1L9R8_R,R,20
16553,Delta7,Delta7(PB15)_L5R4_L,L,glutamate,16234,Delta7,Delta7(PB15)_L1L9R8_R,R,20
16360,EPG,EPG(PB08)_L6,L,acetylcholine,16234,Delta7,Delta7(PB15)_L1L9R8_R,R,20
19825,EPG,EPG(PB08)_R6,R,acetylcholine,17753,Delta7,Delta7(PB15)_L7R3_L,L,20
16540,Delta7,Delta7(PB15)_L2R7_R,R,glutamate,17753,Delta7,Delta7(PB15)_L7R3_L,L,20
16110,Delta7,Delta7(PB15)_L3R6_R,R,glutamate,17753,Delta7,Delta7(PB15)_L7R3_L,L,20
519332,Delta7,Delta7(PB15)_L2R7_R,R,glutamate,522994,Delta7,Delta7(PB15)_L6R3_L,L,20
16234,Delta7,Delta7(PB15)_L1L9R8_R,R,glutamate,522994,Delta7,Delta7(PB15)_L6R3_L,L,20
15654,Delta7,Delta7(PB15)_L8R1R9_L,L,glutamate,522994,Delta7,Delta7(PB15)_L6R3_L,L,20
14509,Delta7,Delta7(PB15)_L4R6_R,R,glutamate,522994,Delta7,Delta7(PB15)_L6R3_L,L,20
11184,Delta7,Delta7(PB15)_L1L9R8_R,R,glutamate,522994,Delta7,Delta7(PB15)_L6R3_L,L,20
15495,Delta7,Delta7(PB15)_L3R6_R,R,glutamate,88342,EPG,EPG(PB08)_L3,L,20
107195,EPG,EPG(PB08)_L5,L,acetylcholine,15409,Delta7,Delta7(PB15)_L8R1R9_L,L,20
15851,Delta7,Delta7(PB15)_L6R4_L,L,glutamate,15409,Delta7,Delta7(PB15)_L8R1R9_L,L,20
11307,EPG,EPG(PB08)_L4,L,acetylcholine,19715,PFL2,PFL2(PB12b)_L4_C8,L,20
513284,EPG,EPG(PB08)_R3,R,acetylcholine,13031,PFL2,PFL2(PB12b)_R3_C3,R,20
15398,Delta7,Delta7(PB15)_L4R5_R,R,glutamate,11987,EPG,EPG(PB08)_R5,R,20
41941,FC2C,FC2C_C4_L,L,acetylcholine,14729,PFL2,PFL2(PB12b)_R1_C5,R,20
512928,EPG,EPG(PB08)_R3,R,acetylcholine,11673,PFL2,PFL2(PB12b)_R4_C2,R,20
533725,Delta7,Delta7(PB15)_L8R1R9_L,L,glutamate,524074,Delta7,Delta7(PB15)_L5R4_L,L,20
18639,Delta7,Delta7(PB15)_L7R2_L,L,glutamate,524074,Delta7,Delta7(PB15)_L5R4_L,L,20
16476,Delta7,Delta7(PB15)_L7R2_L,L,glutamate,524074,Delta7,Delta7(PB15)_L5R4_L,L,20
11874,EPG,EPG(PB08)_L7,L,acetylcholine,524074,Delta7,Delta7(PB15)_L5R4_L,L,20
515294,Delta7,Delta7(PB15)_L5R4_L,L,glutamate,10513,Delta7,Delta7(PB15)_L3R6_R,R,20
15616,EPG,EPG(PB08)_R3,R,acetylcholine,10513,Delta7,Delta7(PB15)_L3R6_R,R,20
14727,EPG,EPG(PB08)_L7,L,acetylcholine,10513,Delta7,Delta7(PB15)_L3R6_R,R,20
15839,Delta7,Delta7(PB15)_L1L9R8_R,R,glutamate,17379,Delta7,Delta7(PB15)_L4R5_R,R,20
112888,FC2C,FC2C_C8_L,L,acetylcholine,18851,PFL3,PFL3(PB12c)_L1_C8_irreg,R,20
529318,Delta7,Delta7(PB15)_L4R5_R,R,glutamate,16412,Delta7,Delta7(PB15)_L7R2_L,L,19
19825,EPG,EPG(PB08)_R6,R,acetylcholine,16412,Delta7,Delta7(PB15)_L7R2_L,L,19
17379,Delta7,Delta7(PB15)_L4R5_R,R,glutamate,16412,Delta7,Delta7(PB15)_L7R2_L,L,19
16110,Delta7,Delta7(PB15)_L3R6_R,R,glutamate,16412,Delta7,Delta7(PB15)_L7R2_L,L,19
15495,Delta7,Delta7(PB15)_L3R6_R,R,glutamate,16412,Delta7,Delta7(PB15)_L7R2_L,L,19
15398,Delta7,Delta7(PB15)_L4R5_R,R,glutamate,16412,Delta7,Delta7(PB15)_L7R2_L,L,19
513464,EPG,EPG(PB08)_R8,R,acetylcholine,16553,Delta7,Delta7(PB15)_L5R4_L,L,19
512305,EPG,EPG(PB08)_R8,R,acetylcholine,16553,Delta7,Delta7(PB15)_L5R4_L,L,19
15399,Delta7,Delta7(PB15)_L1L9R8_R,R,glutamate,16553,Delta7,Delta7(PB15)_L5R4_L,L,19
11184,Delta7,Delta7(PB15)_L1L9R8_R,R,glutamate,16553,Delta7,Delta7(PB15)_L5R4_L,L,19
84758,EPG,EPG(PB08)_L7,L,acetylcholine,17143,Delta7,Delta7(PB15)_L2R7_R,R,19
14727,EPG,EPG(PB08)_L7,L,acetylcholine,17143,Delta7,Delta7(PB15)_L2R7_R,R,19
16412,Delta7,Delta7(PB15)_L7R2_L,L,glutamate,519331,Delta7,Delta7(PB15)_L3R7_R,R,19
16360,EPG,EPG(PB08)_L6,L,acetylcholine,519331,Delta7,Delta7(PB15)_L3R7_R,R,19
14816,Delta7,Delta7(PB15)_L6R4_L,L,glutamate,519331,Delta7,Delta7(PB15)_L3R7_R,R,19
11874,EPG,EPG(PB08)_L7,L,acetylcholine,519331,Delta7,Delta7(PB15)_L3R7_R,R,19
533725,Delta7,Delta7(PB15)_L8R1R9_L,L,glutamate,14806,Delta7,Delta7(PB15)_L8R1R9_L,L,19
16360,EPG,EPG(PB08)_L6,L,acetylcholine,14806,Delta7,Delta7(PB15)_L8R1R9_L,L,19
533725,Delta7,Delta7(PB15)_L8R1R9_L,L,glutamate,17804,Delta7,Delta7(PB15)_L7R2_L,L,19
521813,EPG,EPG(PB08)_L2,L,acetylcholine,17804,Delta7,Delta7(PB15)_L7R2_L,L,19
519140,EPG,EPG(PB08)_L1,L,acetylcholine,17804,Delta7,Delta7(PB15)_L7R2_L,L,19
16540,Delta7,Delta7(PB15)_L2R7_R,R,glutamate,17804,Delta7,Delta7(PB15)_L7R2_L,L,19
15904,Delta7,Delta7(PB15)_L4R5_R,R,glutamate,17804,Delta7,Delta7(PB15)_L7R2_L,L,19
556346,EPG,EPG(PB08)_L6,L,acetylcholine,16540,Delta7,Delta7(PB15)_L2R7_R,R,19
18823,Delta7,Delta7(PB15)_L4R5_R,R,glutamate,16540,Delta7,Delta7(PB15)_L2R7_R,R,19
14727,EPG,EPG(PB08)_L7,L,acetylcholine,15495,Delta7,Delta7(PB15)_L3R6_R,R,19
434891,Delta7,Delta7(PB15)_L3R7_R,R,glutamate,14816,Delta7,Delta7(PB15)_L6R4_L,L,19
16869,Delta7,Delta7(PB15)_L7R3_L,L,glutamate,14816,Delta7,Delta7(PB15)_L6R4_L,L,19
11184,Delta7,Delta7(PB15)_L1L9R8_R,R,glutamate,14816,Delta7,Delta7(PB15)_L6R4_L,L,19
529318,Delta7,Delta7(PB15)_L4R5_R,R,glutamate,533725,Delta7,Delta7(PB15)_L8R1R9_L,L,19
10513,Delta7,Delta7(PB15)_L3R6_R,R,glutamate,533725,Delta7,Delta7(PB15)_L8R1R9_L,L,19
521813,EPG,EPG(PB08)_L2,L,acetylcholine,18639,Delta7,Delta7(PB15)_L7R2_L,L,19
550660,FC2C,FC2C_C7_R,R,acetylcholine,11557,PFL2,PFL2(PB12b)_L3_C7,L,19
33382,FC2A,FC2A_C8_R,R,acetylcholine,11557,PFL2,PFL2(PB12b)_L3_C7,L,19
520812,EPG,EPG(PB08)_R8,R,acetylcholine,18823,Delta7,Delta7(PB15)_L4R5_R,R,19
513284,EPG,EPG(PB08)_R3,R,acetylcholine,18823,Delta7,Delta7(PB15)_L4R5_R,R,19
17804,Delta7,Delta7(PB15)_L7R2_L,L,glutamate,18823,Delta7,Delta7(PB15)_L4R5_R,R,19
521813,EPG,EPG(PB08)_L2,L,acetylcholine,27492,PFL2,PFL2(PB12b)_L3_C7,L,19
84758,EPG,EPG(PB08)_L7,L,acetylcholine,434891,Delta7,Delta7(PB15)_L3R7_R,R,19
556347,EPG,EPG(PB08)_R4,R,acetylcholine,15839,Delta7,Delta7(PB15)_L1L9R8_R,R,19
16412,Delta7,Delta7(PB15)_L7R2_L,L,glutamate,15839,Delta7,Delta7(PB15)_L1L9R8_R,R,19
15399,Delta7,Delta7(PB15)_L1L9R8_R,R,glutamate,519140,EPG,EPG(PB08)_L1,L,19
64270,FC2C,FC2C_C8_L,L,acetylcholine,17290,PFL3,PFL3(PB12c)_L6_C8,L,19
33382,FC2A,FC2A_C8_R,R,acetylcholine,17290,PFL3,PFL3(PB12c)_L6_C8,L,19
16360,EPG,EPG(PB08)_L6,L,acetylcholine,17290,PFL3,PFL3(PB12c)_L6_C8,L,19
11874,EPG,EPG(PB08)_L7,L,acetylcholine,16180,Delta7,Delta7(PB15)_L3R6_R,R,19
10513,Delta7,Delta7(PB15)_L3R6_R,R,glutamate,16180,Delta7,Delta7(PB15)_L3R6_R,R,19
529318,Delta7,Delta7(PB15)_L4R5_R,R,glutamate,29836,PFL3,PFL3(PB12c)_L4_C6,L,19
67741,FC2B,FC2B_C6_R,R,acetylcholine,29836,PFL3,PFL3(PB12c)_L4_C6,L,19
17379,Delta7,Delta7(PB15)_L4R5_R,R,glutamate,29836,PFL3,PFL3(PB12c)_L4_C6,L,19
16110,Delta7,Delta7(PB15)_L3R6_R,R,glutamate,14509,Delta7,Delta7(PB15)_L4R6_R,R,19
15839,Delta7,Delta7(PB15)_L1L9R8_R,R,glutamate,14509,Delta7,Delta7(PB15)_L4R6_R,R,19
515294,Delta7,Delta7(PB15)_L5R4_L,L,glutamate,26038,PFL3,PFL3(PB12c)_L5_C7,L,19
35324,Delta7,Delta7(PB15)_L5R4_L,L,glutamate,26038,PFL3,PFL3(PB12c)_L5_C7,L,19
35277,FC2B,FC2B_C8_R,R,acetylcholine,26038,PFL3,PFL3(PB12c)_L5_C7,L,19
515294,Delta7,Delta7(PB15)_L5R4_L,L,glutamate,523786,EPG,EPG(PB08)_R4,R,19
15851,Delta7,Delta7(PB15)_L6R4_L,L,glutamate,523786,EPG,EPG(PB08)_R4,R,19
524073,EPG,EPG(PB08)_L2,L,acetylcholine,15904,Delta7,Delta7(PB15)_L4R5_R,R,19
434891,Delta7,Delta7(PB15)_L3R7_R,R,glutamate,15904,Delta7,Delta7(PB15)_L4R5_R,R,19
16476,Delta7,Delta7(PB15)_L7R2_L,L,glutamate,15904,Delta7,Delta7(PB15)_L4R5_R,R,19
11874,EPG,EPG(PB08)_L7,L,acetylcholine,15904,Delta7,Delta7(PB15)_L4R5_R,R,19
519331,Delta7,Delta7(PB15)_L3R7_R,R,glutamate,517417,Delta7,Delta7(PB15)_L6R3_L,L,19
519332,Delta7,Delta7(PB15)_L2R7_R,R,glutamate,517417,Delta7,Delta7(PB15)_L6R3_L,L,19
434891,Delta7,Delta7(PB15)_L3R7_R,R,glutamate,517417,Delta7,Delta7(PB15)_L6R3_L,L,19
521812,EPG,EPG(PB08)_R7,R,acetylcholine,16476,Delta7,Delta7(PB15)_L7R2_L,L,19
15839,Delta7,Delta7(PB15)_L1L9R8_R,R,glutamate,16476,Delta7,Delta7(PB15)_L7R2_L,L,19
10513,Delta7,Delta7(PB15)_L3R6_R,R,glutamate,515961,Delta7,Delta7(PB15)_L6R3_L,L,19
568155,Delta7,Delta7(PB15)_L8R1R9_L,L,glutamate,512513,EPG,EPG(PB08)_R1,R,19
524074,Delta7,Delta7(PB15)_L5R4_L,L,glutamate,513266,PFL3,PFL3(PB12c)_R3_C5,R,19
91537,FC2C,FC2C_C5_L,L,acetylcholine,513266,PFL3,PFL3(PB12c)_R3_C5,R,19
82293,FC2B,FC2B_C5_L,L,acetylcholine,513266,PFL3,PFL3(PB12c)_R3_C5,R,19
35324,Delta7,Delta7(PB15)_L5R4_L,L,glutamate,513266,PFL3,PFL3(PB12c)_R3_C5,R,19
524977,FC2C,FC2C_C3_L,L,acetylcholine,523032,PFL3,PFL3(PB12c)_L2_C4,L,19
107690,FC2B,FC2B_C4_L,L,acetylcholine,523032,PFL3,PFL3(PB12c)_L2_C4,L,19
16869,Delta7,Delta7(PB15)_L7R3_L,L,glutamate,15399,Delta7,Delta7(PB15)_L1L9R8_R,R,19
35324,Delta7,Delta7(PB15)_L5R4_L,L,glutamate,511841,Delta7,Delta7(PB15)_L2R7_R,R,19
521812,EPG,EPG(PB08)_R7,R,acetylcholine,15851,Delta7,Delta7(PB15)_L6R4_L,L,19
515961,Delta7,Delta7(PB15)_L6R3_L,L,glutamate,15851,Delta7,Delta7(PB15)_L6R4_L,L,19
513520,EPG,EPG(PB08)_R6,R,acetylcholine,15851,Delta7,Delta7(PB15)_L6R4_L,L,19
11184,Delta7,Delta7(PB15)_L1L9R8_R,R,glutamate,15851,Delta7,Delta7(PB15)_L6R4_L,L,19
17143,Delta7,Delta7(PB15)_L2R7_R,R,glutamate,521813,EPG,EPG(PB08)_L2,L,19
551404,FC2C,FC2C_C6_L,L,acetylcholine,18327,PFL3,PFL3(PB12c)_R2_C6,R,19
513463,EPG,EPG(PB08)_R2,R,acetylcholine,18327,PFL3,PFL3(PB12c)_R2_C6,R,19
85400,FC2B,FC2B_C7_R,R,acetylcholine,18327,PFL3,PFL3(PB12c)_R2_C6,R,19
10513,Delta7,Delta7(PB15)_L3R6_R,R,glutamate,19825,EPG,EPG(PB08)_R6,R,19
568155,Delta7,Delta7(PB15)_L8R1R9_L,L,glutamate,16110,Delta7,Delta7(PB15)_L3R6_R,R,19
520818,EPG,EPG(PB08)_L4,L,acetylcholine,15654,Delta7,Delta7(PB15)_L8R1R9_L,L,19
513517,EPG,EPG(PB08)_L4,L,acetylcholine,15654,Delta7,Delta7(PB15)_L8R1R9_L,L,19
17024,Delta7,Delta7(PB15)_L5R4_L,L,glutamate,15654,Delta7,Delta7(PB15)_L8R1R9_L,L,19
12449,EPG,EPG(PB08)_L5,L,acetylcholine,15654,Delta7,Delta7(PB15)_L8R1R9_L,L,19
56905,FC2C,FC2C_C9_L,L,acetylcholine,519346,PFL3,PFL3(PB12c)_L7_C9,L,19
517417,Delta7,Delta7(PB15)_L6R3_L,L,glutamate,519332,Delta7,Delta7(PB15)_L2R7_R,R,19
519332,Delta7,Delta7(PB15)_L2R7_R,R,glutamate,16869,Delta7,Delta7(PB15)_L7R3_L,L,19
19825,EPG,EPG(PB08)_R6,R,acetylcholine,16869,Delta7,Delta7(PB15)_L7R3_L,L,19
16540,Delta7,Delta7(PB15)_L2R7_R,R,glutamate,16869,Delta7,Delta7(PB15)_L7R3_L,L,19
11307,EPG,EPG(PB08)_L4,L,acetylcholine,16869,Delta7,Delta7(PB15)_L7R3_L,L,19
515294,Delta7,Delta7(PB15)_L5R4_L,L,glutamate,568155,Delta7,Delta7(PB15)_L8R1R9_L,L,19
16180,Delta7,Delta7(PB15)_L3R6_R,R,glutamate,568155,Delta7,Delta7(PB15)_L8R1R9_L,L,19
11989,EPG,EPG(PB08)_L5,L,acetylcholine,568155,Delta7,Delta7(PB15)_L8R1R9_L,L,19
556346,EPG,EPG(PB08)_L6,L,acetylcholine,15837,Delta7,Delta7(PB15)_L1L9R8_R,R,19
522994,Delta7,Delta7(PB15)_L6R3_L,L,glutamate,15837,Delta7,Delta7(PB15)_L1L9R8_R,R,19
515294,Delta7,Delta7(PB15)_L5R4_L,L,glutamate,15837,Delta7,Delta7(PB15)_L1L9R8_R,R,19
533725,Delta7,Delta7(PB15)_L8R1R9_L,L,glutamate,15398,Delta7,Delta7(PB15)_L4R5_R,R,19
522994,Delta7,Delta7(PB15)_L6R3_L,L,glutamate,15398,Delta7,Delta7(PB15)_L4R5_R,R,19
519332,Delta7,Delta7(PB15)_L2R7_R,R,glutamate,15398,Delta7,Delta7(PB15)_L4R5_R,R,19
519140,EPG,EPG(PB08)_L1,L,acetylcholine,15398,Delta7,Delta7(PB15)_L4R5_R,R,19
84758,EPG,EPG(PB08)_L7,L,acetylcholine,15398,Delta7,Delta7(PB15)_L4R5_R,R,19
14727,EPG,EPG(PB08)_L7,L,acetylcholine,15398,Delta7,Delta7(PB15)_L4R5_R,R,19
11874,EPG,EPG(PB08)_L7,L,acetylcholine,15398,Delta7,Delta7(PB15)_L4R5_R,R,19
11503,EPG,EPG(PB08)_R8,R,acetylcholine,15398,Delta7,Delta7(PB15)_L4R5_R,R,19
16476,Delta7,Delta7(PB15)_L7R2_L,L,glutamate,17024,Delta7,Delta7(PB15)_L5R4_L,L,19
11184,Delta7,Delta7(PB15)_L1L9R8_R,R,glutamate,17024,Delta7,Delta7(PB15)_L5R4_L,L,19
87630,FC2B,FC2B_C3_L,L,acetylcholine,23159,PFL3,PFL3(PB12c)_R4_C4,R,19
434891,Delta7,Delta7(PB15)_L3R7_R,R,glutamate,515294,Delta7,Delta7(PB15)_L5R4_L,L,19
92188,EPG,EPG(PB08)_R7,R,acetylcholine,515294,Delta7,Delta7(PB15)_L5R4_L,L,19
15837,Delta7,Delta7(PB15)_L1L9R8_R,R,glutamate,515294,Delta7,Delta7(PB15)_L5R4_L,L,19
15409,Delta7,Delta7(PB15)_L8R1R9_L,L,glutamate,515294,Delta7,Delta7(PB15)_L5R4_L,L,19
15398,Delta7,Delta7(PB15)_L4R5_R,R,glutamate,11184,Delta7,Delta7(PB15)_L1L9R8_R,R,19
14806,Delta7,Delta7(PB15)_L8R1R9_L,L,glutamate,11184,Delta7,Delta7(PB15)_L1L9R8_R,R,19
529318,Delta7,Delta7(PB15)_L4R5_R,R,glutamate,35324,Delta7,Delta7(PB15)_L5R4_L,L,19
519140,EPG,EPG(PB08)_L1,L,acetylcholine,35324,Delta7,Delta7(PB15)_L5R4_L,L,19
515675,EPG,EPG(PB08)_R1,R,acetylcholine,35324,Delta7,Delta7(PB15)_L5R4_L,L,19
16110,Delta7,Delta7(PB15)_L3R6_R,R,glutamate,35324,Delta7,Delta7(PB15)_L5R4_L,L,19
13217,EPG,EPG(PB08)_L8,L,acetylcholine,35324,Delta7,Delta7(PB15)_L5R4_L,L,19
529318,Delta7,Delta7(PB15)_L4R5_R,R,glutamate,16234,Delta7,Delta7(PB15)_L1L9R8_R,R,19
15398,Delta7,Delta7(PB15)_L4R5_R,R,glutamate,16234,Delta7,Delta7(PB15)_L1L9R8_R,R,19
11989,EPG,EPG(PB08)_L5,L,acetylcholine,16234,Delta7,Delta7(PB15)_L1L9R8_R,R,19
521813,EPG,EPG(PB08)_L2,L,acetylcholine,17753,Delta7,Delta7(PB15)_L7R3_L,L,19
11184,Delta7,Delta7(PB15)_L1L9R8_R,R,glutamate,17753,Delta7,Delta7(PB15)_L7R3_L,L,19
519140,EPG,EPG(PB08)_L1,L,acetylcholine,522994,Delta7,Delta7(PB15)_L6R3_L,L,19
16180,Delta7,Delta7(PB15)_L3R6_R,R,glutamate,88342,EPG,EPG(PB08)_L3,L,19
13217,EPG,EPG(PB08)_L8,L,acetylcholine,521409,EPG,EPG(PB08)_L8,L,19
14727,EPG,EPG(PB08)_L7,L,acetylcholine,513463,EPG,EPG(PB08)_R2,R,19
529318,Delta7,Delta7(PB15)_L4R5_R,R,glutamate,15409,Delta7,Delta7(PB15)_L8R1R9_L,L,19
92188,EPG,EPG(PB08)_R7,R,acetylcholine,15409,Delta7,Delta7(PB15)_L8R1R9_L,L,19
15837,Delta7,Delta7(PB15)_L1L9R8_R,R,glutamate,15409,Delta7,Delta7(PB15)_L8R1R9_L,L,19
14509,Delta7,Delta7(PB15)_L4R6_R,R,glutamate,15409,Delta7,Delta7(PB15)_L8R1R9_L,L,19
44554,FC2B,FC2B_C8_R,R,acetylcholine,19715,PFL2,PFL2(PB12b)_L4_C8,L,19
92188,EPG,EPG(PB08)_R7,R,acetylcholine,79549,PFL3,PFL3(PB12c)_R7_C1,R,19
108286,FC2C,FC2C_C7_R,R,acetylcholine,511842,PFL2,PFL2(PB12b)_L2_C6,L,19
45876,FC2A,FC2A_C7_R,R,acetylcholine,511842,PFL2,PFL2(PB12b)_L2_C6,L,19
18639,Delta7,Delta7(PB15)_L7R2_L,L,glutamate,11874,EPG,EPG(PB08)_L7,L,19
153441,FC2C,FC2C_C5_L,L,acetylcholine,14729,PFL2,PFL2(PB12b)_R1_C5,R,19
15399,Delta7,Delta7(PB15)_L1L9R8_R,R,glutamate,14729,PFL2,PFL2(PB12b)_R1_C5,R,19
15839,Delta7,Delta7(PB15)_L1L9R8_R,R,glutamate,17000,PFL3,PFL3(PB12c)_L1_C3,L,19
50885,FC2C,FC2C_C2_L,L,acetylcholine,11673,PFL2,PFL2(PB12b)_R4_C2,R,19
521812,EPG,EPG(PB08)_R7,R,acetylcholine,524074,Delta7,Delta7(PB15)_L5R4_L,L,19
511841,Delta7,Delta7(PB15)_L2R7_R,R,glutamate,524074,Delta7,Delta7(PB15)_L5R4_L,L,19
519331,Delta7,Delta7(PB15)_L3R7_R,R,glutamate,529318,Delta7,Delta7(PB15)_L4R5_R,R,19
15409,Delta7,Delta7(PB15)_L8R1R9_L,L,glutamate,529318,Delta7,Delta7(PB15)_L4R5_R,R,19
15399,Delta7,Delta7(PB15)_L1L9R8_R,R,glutamate,529318,Delta7,Delta7(PB15)_L4R5_R,R,19
11184,Delta7,Delta7(PB15)_L1L9R8_R,R,glutamate,529318,Delta7,Delta7(PB15)_L4R5_R,R,19
10539,EPG,EPG(PB08)_R2,R,acetylcholine,529318,Delta7,Delta7(PB15)_L4R5_R,R,19
512514,EPG,EPG(PB08)_L1,L,acetylcholine,10513,Delta7,Delta7(PB15)_L3R6_R,R,19
18823,Delta7,Delta7(PB15)_L4R5_R,R,glutamate,10513,Delta7,Delta7(PB15)_L3R6_R,R,19
15839,Delta7,Delta7(PB15)_L1L9R8_R,R,glutamate,10513,Delta7,Delta7(PB15)_L3R6_R,R,19
11874,EPG,EPG(PB08)_L7,L,acetylcholine,10513,Delta7,Delta7(PB15)_L3R6_R,R,19
10539,EPG,EPG(PB08)_R2,R,acetylcholine,10513,Delta7,Delta7(PB15)_L3R6_R,R,19
513520,EPG,EPG(PB08)_R6,R,acetylcholine,519941,EPG,EPG(PB08)_L3,L,19
515294,Delta7,Delta7(PB15)_L5R4_L,L,glutamate,556347,EPG,EPG(PB08)_R4,R,19
107195,EPG,EPG(PB08)_L5,L,acetylcholine,556347,EPG,EPG(PB08)_R4,R,19
84758,EPG,EPG(PB08)_L7,L,acetylcholine,17379,Delta7,Delta7(PB15)_L4R5_R,R,19
11503,EPG,EPG(PB08)_R8,R,acetylcholine,17379,Delta7,Delta7(PB15)_L4R5_R,R,19
10539,EPG,EPG(PB08)_R2,R,acetylcholine,17379,Delta7,Delta7(PB15)_L4R5_R,R,19
434891,Delta7,Delta7(PB15)_L3R7_R,R,glutamate,92188,EPG,EPG(PB08)_R7,R,18
519328,EPG,EPG(PB08)_L3,L,acetylcholine,16412,Delta7,Delta7(PB15)_L7R2_L,L,18
131313,EPG,EPG(PB08)_R6,R,acetylcholine,16412,Delta7,Delta7(PB15)_L7R2_L,L,18
17753,Delta7,Delta7(PB15)_L7R3_L,L,glutamate,16412,Delta7,Delta7(PB15)_L7R2_L,L,18
14509,Delta7,Delta7(PB15)_L4R6_R,R,glutamate,16412,Delta7,Delta7(PB15)_L7R2_L,L,18
529318,Delta7,Delta7(PB15)_L4R5_R,R,glutamate,16553,Delta7,Delta7(PB15)_L5R4_L,L,18
16476,Delta7,Delta7(PB15)_L7R2_L,L,glutamate,16553,Delta7,Delta7(PB15)_L5R4_L,L,18
524074,Delta7,Delta7(PB15)_L5R4_L,L,glutamate,17143,Delta7,Delta7(PB15)_L2R7_R,R,18
18639,Delta7,Delta7(PB15)_L7R2_L,L,glutamate,17143,Delta7,Delta7(PB15)_L2R7_R,R,18
16540,Delta7,Delta7(PB15)_L2R7_R,R,glutamate,17143,Delta7,Delta7(PB15)_L2R7_R,R,18
15851,Delta7,Delta7(PB15)_L6R4_L,L,glutamate,17143,Delta7,Delta7(PB15)_L2R7_R,R,18
14806,Delta7,Delta7(PB15)_L8R1R9_L,L,glutamate,17143,Delta7,Delta7(PB15)_L2R7_R,R,18
568155,Delta7,Delta7(PB15)_L8R1R9_L,L,glutamate,519331,Delta7,Delta7(PB15)_L3R7_R,R,18
517417,Delta7,Delta7(PB15)_L6R3_L,L,glutamate,519331,Delta7,Delta7(PB15)_L3R7_R,R,18
512305,EPG,EPG(PB08)_R8,R,acetylcholine,513464,EPG,EPG(PB08)_R8,R,18
16234,Delta7,Delta7(PB15)_L1L9R8_R,R,glutamate,513464,EPG,EPG(PB08)_R8,R,18
15839,Delta7,Delta7(PB15)_L1L9R8_R,R,glutamate,513464,EPG,EPG(PB08)_R8,R,18
532704,FC2A,FC2A_C1_R,R,acetylcholine,520811,PFL3,PFL3(PB12c)_R6_C2,R,18
16540,Delta7,Delta7(PB15)_L2R7_R,R,glutamate,14806,Delta7,Delta7(PB15)_L8R1R9_L,L,18
15851,Delta7,Delta7(PB15)_L6R4_L,L,glutamate,14806,Delta7,Delta7(PB15)_L8R1R9_L,L,18
15495,Delta7,Delta7(PB15)_L3R6_R,R,glutamate,14806,Delta7,Delta7(PB15)_L8R1R9_L,L,18
16234,Delta7,Delta7(PB15)_L1L9R8_R,R,glutamate,512514,EPG,EPG(PB08)_L1,L,18
18823,Delta7,Delta7(PB15)_L4R5_R,R,glutamate,17804,Delta7,Delta7(PB15)_L7R2_L,L,18
107195,EPG,EPG(PB08)_L5,L,acetylcholine,16540,Delta7,Delta7(PB15)_L2R7_R,R,18
11987,EPG,EPG(PB08)_R5,R,acetylcholine,16540,Delta7,Delta7(PB15)_L2R7_R,R,18
522994,Delta7,Delta7(PB15)_L6R3_L,L,glutamate,15495,Delta7,Delta7(PB15)_L3R6_R,R,18
513033,EPG,EPG(PB08)_L8,L,acetylcholine,15495,Delta7,Delta7(PB15)_L3R6_R,R,18
16553,Delta7,Delta7(PB15)_L5R4_L,L,glutamate,15495,Delta7,Delta7(PB15)_L3R6_R,R,18
14806,Delta7,Delta7(PB15)_L8R1R9_L,L,glutamate,15495,Delta7,Delta7(PB15)_L3R6_R,R,18
11874,EPG,EPG(PB08)_L7,L,acetylcholine,15495,Delta7,Delta7(PB15)_L3R6_R,R,18
568155,Delta7,Delta7(PB15)_L8R1R9_L,L,glutamate,14816,Delta7,Delta7(PB15)_L6R4_L,L,18
520812,EPG,EPG(PB08)_R8,R,acetylcholine,14816,Delta7,Delta7(PB15)_L6R4_L,L,18
131313,EPG,EPG(PB08)_R6,R,acetylcholine,14816,Delta7,Delta7(PB15)_L6R4_L,L,18
16476,Delta7,Delta7(PB15)_L7R2_L,L,glutamate,14816,Delta7,Delta7(PB15)_L6R4_L,L,18
515294,Delta7,Delta7(PB15)_L5R4_L,L,glutamate,533725,Delta7,Delta7(PB15)_L8R1R9_L,L,18
16553,Delta7,Delta7(PB15)_L5R4_L,L,glutamate,533725,Delta7,Delta7(PB15)_L8R1R9_L,L,18
522994,Delta7,Delta7(PB15)_L6R3_L,L,glutamate,15616,EPG,EPG(PB08)_R3,R,18
11989,EPG,EPG(PB08)_L5,L,acetylcholine,18639,Delta7,Delta7(PB15)_L7R2_L,L,18
68271,FC2B,FC2B_C7_L,L,acetylcholine,11557,PFL2,PFL2(PB12b)_L3_C7,L,18
44554,FC2B,FC2B_C8_R,R,acetylcholine,11557,PFL2,PFL2(PB12b)_L3_C7,L,18
533725,Delta7,Delta7(PB15)_L8R1R9_L,L,glutamate,18823,Delta7,Delta7(PB15)_L4R5_R,R,18
522994,Delta7,Delta7(PB15)_L6R3_L,L,glutamate,18823,Delta7,Delta7(PB15)_L4R5_R,R,18
16540,Delta7,Delta7(PB15)_L2R7_R,R,glutamate,18823,Delta7,Delta7(PB15)_L4R5_R,R,18
550660,FC2C,FC2C_C7_R,R,acetylcholine,27492,PFL2,PFL2(PB12b)_L3_C7,L,18
33382,FC2A,FC2A_C8_R,R,acetylcholine,27492,PFL2,PFL2(PB12b)_L3_C7,L,18
16540,Delta7,Delta7(PB15)_L2R7_R,R,glutamate,27492,PFL2,PFL2(PB12b)_L3_C7,L,18
515961,Delta7,Delta7(PB15)_L6R3_L,L,glutamate,434891,Delta7,Delta7(PB15)_L3R7_R,R,18
16476,Delta7,Delta7(PB15)_L7R2_L,L,glutamate,434891,Delta7,Delta7(PB15)_L3R7_R,R,18
15851,Delta7,Delta7(PB15)_L6R4_L,L,glutamate,434891,Delta7,Delta7(PB15)_L3R7_R,R,18
15495,Delta7,Delta7(PB15)_L3R6_R,R,glutamate,434891,Delta7,Delta7(PB15)_L3R7_R,R,18
520818,EPG,EPG(PB08)_L4,L,acetylcholine,15839,Delta7,Delta7(PB15)_L1L9R8_R,R,18
514126,EPG,EPG(PB08)_R5,R,acetylcholine,15839,Delta7,Delta7(PB15)_L1L9R8_R,R,18
19125,EPG,EPG(PB08)_R5,R,acetylcholine,15839,Delta7,Delta7(PB15)_L1L9R8_R,R,18
17379,Delta7,Delta7(PB15)_L4R5_R,R,glutamate,15839,Delta7,Delta7(PB15)_L1L9R8_R,R,18
11987,EPG,EPG(PB08)_R5,R,acetylcholine,15839,Delta7,Delta7(PB15)_L1L9R8_R,R,18
15904,Delta7,Delta7(PB15)_L4R5_R,R,glutamate,513517,EPG,EPG(PB08)_L4,L,18
51782,FC2C,FC2C_C2_R,R,acetylcholine,15210,PFL3,PFL3(PB12c)_R2_C1_irreg,L,18
434891,Delta7,Delta7(PB15)_L3R7_R,R,glutamate,519328,EPG,EPG(PB08)_L3,L,18
15851,Delta7,Delta7(PB15)_L6R4_L,L,glutamate,556346,EPG,EPG(PB08)_L6,L,18
50431,FC2C,FC2C_C8_R,R,acetylcholine,17290,PFL3,PFL3(PB12c)_L6_C8,L,18
17753,Delta7,Delta7(PB15)_L7R3_L,L,glutamate,16180,Delta7,Delta7(PB15)_L3R6_R,R,18
16476,Delta7,Delta7(PB15)_L7R2_L,L,glutamate,16180,Delta7,Delta7(PB15)_L3R6_R,R,18
101011,FC2C,FC2C_C6_R,R,acetylcholine,29836,PFL3,PFL3(PB12c)_L4_C6,L,18
520581,EPG,EPG(PB08)_R4,R,acetylcholine,107195,EPG,EPG(PB08)_L5,L,18
122334,FC2C,FC2C_C7_L,L,acetylcholine,26038,PFL3,PFL3(PB12c)_L5_C7,L,18
519332,Delta7,Delta7(PB15)_L2R7_R,R,glutamate,15904,Delta7,Delta7(PB15)_L4R5_R,R,18
519144,EPG,EPG(PB08)_L8,L,acetylcholine,15904,Delta7,Delta7(PB15)_L4R5_R,R,18
15839,Delta7,Delta7(PB15)_L1L9R8_R,R,glutamate,15904,Delta7,Delta7(PB15)_L4R5_R,R,18
11184,Delta7,Delta7(PB15)_L1L9R8_R,R,glutamate,15904,Delta7,Delta7(PB15)_L4R5_R,R,18
108286,FC2C,FC2C_C7_R,R,acetylcholine,35322,PFL3,PFL3(PB12c)_R1_C7,R,18
87630,FC2B,FC2B_C3_L,L,acetylcholine,26488,PFL3,PFL3(PB12c)_R5_C3,R,18
533725,Delta7,Delta7(PB15)_L8R1R9_L,L,glutamate,517417,Delta7,Delta7(PB15)_L6R3_L,L,18
512514,EPG,EPG(PB08)_L1,L,acetylcholine,517417,Delta7,Delta7(PB15)_L6R3_L,L,18
529318,Delta7,Delta7(PB15)_L4R5_R,R,glutamate,16476,Delta7,Delta7(PB15)_L7R2_L,L,18
131313,EPG,EPG(PB08)_R6,R,acetylcholine,16476,Delta7,Delta7(PB15)_L7R2_L,L,18
14806,Delta7,Delta7(PB15)_L8R1R9_L,L,glutamate,16476,Delta7,Delta7(PB15)_L7R2_L,L,18
533725,Delta7,Delta7(PB15)_L8R1R9_L,L,glutamate,515961,Delta7,Delta7(PB15)_L6R3_L,L,18
16476,Delta7,Delta7(PB15)_L7R2_L,L,glutamate,515961,Delta7,Delta7(PB15)_L6R3_L,L,18
15837,Delta7,Delta7(PB15)_L1L9R8_R,R,glutamate,515961,Delta7,Delta7(PB15)_L6R3_L,L,18
520581,EPG,EPG(PB08)_R4,R,acetylcholine,520573,PFL2,PFL2(PB12b)_R5_C1,R,18
514126,EPG,EPG(PB08)_R5,R,acetylcholine,520573,PFL2,PFL2(PB12b)_R5_C1,R,18
51782,FC2C,FC2C_C2_R,R,acetylcholine,520573,PFL2,PFL2(PB12b)_R5_C1,R,18
17379,Delta7,Delta7(PB15)_L4R5_R,R,glutamate,520573,PFL2,PFL2(PB12b)_R5_C1,R,18
66750,FC2C,FC2C_C4_R,R,acetylcholine,523032,PFL3,PFL3(PB12c)_L2_C4,L,18
529318,Delta7,Delta7(PB15)_L4R5_R,R,glutamate,15399,Delta7,Delta7(PB15)_L1L9R8_R,R,18
515294,Delta7,Delta7(PB15)_L5R4_L,L,glutamate,15399,Delta7,Delta7(PB15)_L1L9R8_R,R,18
16234,Delta7,Delta7(PB15)_L1L9R8_R,R,glutamate,15399,Delta7,Delta7(PB15)_L1L9R8_R,R,18
14509,Delta7,Delta7(PB15)_L4R6_R,R,glutamate,15399,Delta7,Delta7(PB15)_L1L9R8_R,R,18
16553,Delta7,Delta7(PB15)_L5R4_L,L,glutamate,511841,Delta7,Delta7(PB15)_L2R7_R,R,18
11989,EPG,EPG(PB08)_L5,L,acetylcholine,511841,Delta7,Delta7(PB15)_L2R7_R,R,18
513464,EPG,EPG(PB08)_R8,R,acetylcholine,15851,Delta7,Delta7(PB15)_L6R4_L,L,18
92188,EPG,EPG(PB08)_R7,R,acetylcholine,15851,Delta7,Delta7(PB15)_L6R4_L,L,18
16412,Delta7,Delta7(PB15)_L7R2_L,L,glutamate,522853,PFL2,PFL2(PB12b)_R2_C4,R,18
17379,Delta7,Delta7(PB15)_L4R5_R,R,glutamate,19125,EPG,EPG(PB08)_R5,R,18
115261,FC2C,FC2C_C6_L,L,acetylcholine,18327,PFL3,PFL3(PB12c)_R2_C6,R,18
106495,FC2B,FC2B_C6_R,R,acetylcholine,18327,PFL3,PFL3(PB12c)_R2_C6,R,18
15398,Delta7,Delta7(PB15)_L4R5_R,R,glutamate,16110,Delta7,Delta7(PB15)_L3R6_R,R,18
11874,EPG,EPG(PB08)_L7,L,acetylcholine,16110,Delta7,Delta7(PB15)_L3R6_R,R,18
16476,Delta7,Delta7(PB15)_L7R2_L,L,glutamate,15654,Delta7,Delta7(PB15)_L8R1R9_L,L,18
519144,EPG,EPG(PB08)_L8,L,acetylcholine,519332,Delta7,Delta7(PB15)_L2R7_R,R,18
513033,EPG,EPG(PB08)_L8,L,acetylcholine,519332,Delta7,Delta7(PB15)_L2R7_R,R,18
15851,Delta7,Delta7(PB15)_L6R4_L,L,glutamate,519332,Delta7,Delta7(PB15)_L2R7_R,R,18
15616,EPG,EPG(PB08)_R3,R,acetylcholine,519332,Delta7,Delta7(PB15)_L2R7_R,R,18
12449,EPG,EPG(PB08)_L5,L,acetylcholine,519332,Delta7,Delta7(PB15)_L2R7_R,R,18
513520,EPG,EPG(PB08)_R6,R,acetylcholine,16869,Delta7,Delta7(PB15)_L7R3_L,L,18
520818,EPG,EPG(PB08)_L4,L,acetylcholine,568155,Delta7,Delta7(PB15)_L8R1R9_L,L,18
19825,EPG,EPG(PB08)_R6,R,acetylcholine,568155,Delta7,Delta7(PB15)_L8R1R9_L,L,18
17379,Delta7,Delta7(PB15)_L4R5_R,R,glutamate,568155,Delta7,Delta7(PB15)_L8R1R9_L,L,18
16360,EPG,EPG(PB08)_L6,L,acetylcholine,568155,Delta7,Delta7(PB15)_L8R1R9_L,L,18
15654,Delta7,Delta7(PB15)_L8R1R9_L,L,glutamate,519144,EPG,EPG(PB08)_L8,L,18
132482,FC2C,FC2C_C9_L,L,acetylcholine,19009,PFL3,PFL3(PB12c)_L2_C9_irreg,R,18
97443,FC2B,FC2B_C8_L,L,acetylcholine,19009,PFL3,PFL3(PB12c)_L2_C9_irreg,R,18
514126,EPG,EPG(PB08)_R5,R,acetylcholine,15837,Delta7,Delta7(PB15)_L1L9R8_R,R,18
513284,EPG,EPG(PB08)_R3,R,acetylcholine,15837,Delta7,Delta7(PB15)_L1L9R8_R,R,18
84758,EPG,EPG(PB08)_L7,L,acetylcholine,15837,Delta7,Delta7(PB15)_L1L9R8_R,R,18
568155,Delta7,Delta7(PB15)_L8R1R9_L,L,glutamate,15398,Delta7,Delta7(PB15)_L4R5_R,R,18
15837,Delta7,Delta7(PB15)_L1L9R8_R,R,glutamate,15398,Delta7,Delta7(PB15)_L4R5_R,R,18
13217,EPG,EPG(PB08)_L8,L,acetylcholine,15398,Delta7,Delta7(PB15)_L4R5_R,R,18
16234,Delta7,Delta7(PB15)_L1L9R8_R,R,glutamate,17024,Delta7,Delta7(PB15)_L5R4_L,L,18
15409,Delta7,Delta7(PB15)_L8R1R9_L,L,glutamate,17024,Delta7,Delta7(PB15)_L5R4_L,L,18
13217,EPG,EPG(PB08)_L8,L,acetylcholine,17024,Delta7,Delta7(PB15)_L5R4_L,L,18
71855,FC2A,FC2A_C3_L,L,acetylcholine,23159,PFL3,PFL3(PB12c)_R4_C4,R,18
16110,Delta7,Delta7(PB15)_L3R6_R,R,glutamate,519351,PFL3,PFL3(PB12c)_L4_C5,L,18
533725,Delta7,Delta7(PB15)_L8R1R9_L,L,glutamate,35324,Delta7,Delta7(PB15)_L5R4_L,L,18
524074,Delta7,Delta7(PB15)_L5R4_L,L,glutamate,35324,Delta7,Delta7(PB15)_L5R4_L,L,18
517417,Delta7,Delta7(PB15)_L6R3_L,L,glutamate,35324,Delta7,Delta7(PB15)_L5R4_L,L,18
17804,Delta7,Delta7(PB15)_L7R2_L,L,glutamate,35324,Delta7,Delta7(PB15)_L5R4_L,L,18
11874,EPG,EPG(PB08)_L7,L,acetylcholine,16234,Delta7,Delta7(PB15)_L1L9R8_R,R,18
519331,Delta7,Delta7(PB15)_L3R7_R,R,glutamate,17753,Delta7,Delta7(PB15)_L7R3_L,L,18
15398,Delta7,Delta7(PB15)_L4R5_R,R,glutamate,17753,Delta7,Delta7(PB15)_L7R3_L,L,18
515961,Delta7,Delta7(PB15)_L6R3_L,L,glutamate,522994,Delta7,Delta7(PB15)_L6R3_L,L,18
18823,Delta7,Delta7(PB15)_L4R5_R,R,glutamate,522994,Delta7,Delta7(PB15)_L6R3_L,L,18
16869,Delta7,Delta7(PB15)_L7R3_L,L,glutamate,522994,Delta7,Delta7(PB15)_L6R3_L,L,18
15399,Delta7,Delta7(PB15)_L1L9R8_R,R,glutamate,522994,Delta7,Delta7(PB15)_L6R3_L,L,18
14806,Delta7,Delta7(PB15)_L8R1R9_L,L,glutamate,522994,Delta7,Delta7(PB15)_L6R3_L,L,18
12449,EPG,EPG(PB08)_L5,L,acetylcholine,514126,EPG,EPG(PB08)_R5,R,18
568155,Delta7,Delta7(PB15)_L8R1R9_L,L,glutamate,15409,Delta7,Delta7(PB15)_L8R1R9_L,L,18
16553,Delta7,Delta7(PB15)_L5R4_L,L,glutamate,15409,Delta7,Delta7(PB15)_L8R1R9_L,L,18
534662,FC2C,FC2C_C8_R,R,acetylcholine,19715,PFL2,PFL2(PB12b)_L4_C8,L,18
64270,FC2C,FC2C_C8_L,L,acetylcholine,19715,PFL2,PFL2(PB12b)_L4_C8,L,18
55401,FC2A,FC2A_C9_R,R,acetylcholine,19715,PFL2,PFL2(PB12b)_L4_C8,L,18
141430,FC2C,FC2C_C3_R,R,acetylcholine,13031,PFL2,PFL2(PB12b)_R3_C3,R,18
107195,EPG,EPG(PB08)_L5,L,acetylcholine,11987,EPG,EPG(PB08)_R5,R,18
11307,EPG,EPG(PB08)_L4,L,acetylcholine,11987,EPG,EPG(PB08)_R5,R,18
519358,FC2B,FC2B_C4_R,R,acetylcholine,14729,PFL2,PFL2(PB12b)_R1_C5,R,18
107690,FC2B,FC2B_C4_L,L,acetylcholine,14729,PFL2,PFL2(PB12b)_R1_C5,R,18
529992,FC2C,FC2C_C1_R,R,acetylcholine,11673,PFL2,PFL2(PB12b)_R4_C2,R,18
103466,FC2B,FC2B_C2_L,L,acetylcholine,11673,PFL2,PFL2(PB12b)_R4_C2,R,18
519144,EPG,EPG(PB08)_L8,L,acetylcholine,524074,Delta7,Delta7(PB15)_L5R4_L,L,18
35324,Delta7,Delta7(PB15)_L5R4_L,L,glutamate,524074,Delta7,Delta7(PB15)_L5R4_L,L,18
16412,Delta7,Delta7(PB15)_L7R2_L,L,glutamate,524074,Delta7,Delta7(PB15)_L5R4_L,L,18
17379,Delta7,Delta7(PB15)_L4R5_R,R,glutamate,529318,Delta7,Delta7(PB15)_L4R5_R,R,18
16476,Delta7,Delta7(PB15)_L7R2_L,L,glutamate,529318,Delta7,Delta7(PB15)_L4R5_R,R,18
15398,Delta7,Delta7(PB15)_L4R5_R,R,glutamate,529318,Delta7,Delta7(PB15)_L4R5_R,R,18
568155,Delta7,Delta7(PB15)_L8R1R9_L,L,glutamate,10513,Delta7,Delta7(PB15)_L3R6_R,R,18
15837,Delta7,Delta7(PB15)_L1L9R8_R,R,glutamate,10513,Delta7,Delta7(PB15)_L3R6_R,R,18
15713,EPG,EPG(PB08)_L6,L,acetylcholine,10513,Delta7,Delta7(PB15)_L3R6_R,R,18
521813,EPG,EPG(PB08)_L2,L,acetylcholine,17379,Delta7,Delta7(PB15)_L4R5_R,R,18
14509,Delta7,Delta7(PB15)_L4R6_R,R,glutamate,17379,Delta7,Delta7(PB15)_L4R5_R,R,18
41559,FC2A,FC2A_C9_L,L,acetylcholine,18851,PFL3,PFL3(PB12c)_L1_C8_irreg,R,18
511841,Delta7,Delta7(PB15)_L2R7_R,R,glutamate,92188,EPG,EPG(PB08)_R7,R,17
16869,Delta7,Delta7(PB15)_L7R3_L,L,glutamate,16412,Delta7,Delta7(PB15)_L7R2_L,L,17
521812,EPG,EPG(PB08)_R7,R,acetylcholine,16553,Delta7,Delta7(PB15)_L5R4_L,L,17
17143,Delta7,Delta7(PB15)_L2R7_R,R,glutamate,16553,Delta7,Delta7(PB15)_L5R4_L,L,17
15839,Delta7,Delta7(PB15)_L1L9R8_R,R,glutamate,16553,Delta7,Delta7(PB15)_L5R4_L,L,17
17753,Delta7,Delta7(PB15)_L7R3_L,L,glutamate,513284,EPG,EPG(PB08)_R3,R,17
556347,EPG,EPG(PB08)_R4,R,acetylcholine,17143,Delta7,Delta7(PB15)_L2R7_R,R,17
512928,EPG,EPG(PB08)_R3,R,acetylcholine,17143,Delta7,Delta7(PB15)_L2R7_R,R,17
18823,Delta7,Delta7(PB15)_L4R5_R,R,glutamate,17143,Delta7,Delta7(PB15)_L2R7_R,R,17
10539,EPG,EPG(PB08)_R2,R,acetylcholine,17143,Delta7,Delta7(PB15)_L2R7_R,R,17
523786,EPG,EPG(PB08)_R4,R,acetylcholine,519331,Delta7,Delta7(PB15)_L3R7_R,R,17
515675,EPG,EPG(PB08)_R1,R,acetylcholine,513464,EPG,EPG(PB08)_R8,R,17
131313,EPG,EPG(PB08)_R6,R,acetylcholine,520811,PFL3,PFL3(PB12c)_R6_C2,R,17
529318,Delta7,Delta7(PB15)_L4R5_R,R,glutamate,11307,EPG,EPG(PB08)_L4,L,17
515961,Delta7,Delta7(PB15)_L6R3_L,L,glutamate,14806,Delta7,Delta7(PB15)_L8R1R9_L,L,17
15399,Delta7,Delta7(PB15)_L1L9R8_R,R,glutamate,512514,EPG,EPG(PB08)_L1,L,17
18639,Delta7,Delta7(PB15)_L7R2_L,L,glutamate,17804,Delta7,Delta7(PB15)_L7R2_L,L,17
16412,Delta7,Delta7(PB15)_L7R2_L,L,glutamate,17804,Delta7,Delta7(PB15)_L7R2_L,L,17
556347,EPG,EPG(PB08)_R4,R,acetylcholine,16540,Delta7,Delta7(PB15)_L2R7_R,R,17
17379,Delta7,Delta7(PB15)_L4R5_R,R,glutamate,16540,Delta7,Delta7(PB15)_L2R7_R,R,17
515675,EPG,EPG(PB08)_R1,R,acetylcholine,15495,Delta7,Delta7(PB15)_L3R6_R,R,17
15399,Delta7,Delta7(PB15)_L1L9R8_R,R,glutamate,15495,Delta7,Delta7(PB15)_L3R6_R,R,17
88342,EPG,EPG(PB08)_L3,L,acetylcholine,14816,Delta7,Delta7(PB15)_L6R4_L,L,17
16412,Delta7,Delta7(PB15)_L7R2_L,L,glutamate,14816,Delta7,Delta7(PB15)_L6R4_L,L,17
16180,Delta7,Delta7(PB15)_L3R6_R,R,glutamate,533725,Delta7,Delta7(PB15)_L8R1R9_L,L,17
15851,Delta7,Delta7(PB15)_L6R4_L,L,glutamate,533725,Delta7,Delta7(PB15)_L8R1R9_L,L,17
524074,Delta7,Delta7(PB15)_L5R4_L,L,glutamate,18639,Delta7,Delta7(PB15)_L7R2_L,L,17
520818,EPG,EPG(PB08)_L4,L,acetylcholine,18639,Delta7,Delta7(PB15)_L7R2_L,L,17
517417,Delta7,Delta7(PB15)_L6R3_L,L,glutamate,18639,Delta7,Delta7(PB15)_L7R2_L,L,17
17379,Delta7,Delta7(PB15)_L4R5_R,R,glutamate,18639,Delta7,Delta7(PB15)_L7R2_L,L,17
16180,Delta7,Delta7(PB15)_L3R6_R,R,glutamate,18639,Delta7,Delta7(PB15)_L7R2_L,L,17
14509,Delta7,Delta7(PB15)_L4R6_R,R,glutamate,18639,Delta7,Delta7(PB15)_L7R2_L,L,17
85400,FC2B,FC2B_C7_R,R,acetylcholine,11557,PFL2,PFL2(PB12b)_L3_C7,L,17
513033,EPG,EPG(PB08)_L8,L,acetylcholine,18823,Delta7,Delta7(PB15)_L4R5_R,R,17
511841,Delta7,Delta7(PB15)_L2R7_R,R,glutamate,18823,Delta7,Delta7(PB15)_L4R5_R,R,17
11184,Delta7,Delta7(PB15)_L1L9R8_R,R,glutamate,18823,Delta7,Delta7(PB15)_L4R5_R,R,17
10539,EPG,EPG(PB08)_R2,R,acetylcholine,18823,Delta7,Delta7(PB15)_L4R5_R,R,17
568155,Delta7,Delta7(PB15)_L8R1R9_L,L,glutamate,434891,Delta7,Delta7(PB15)_L3R7_R,R,17
511841,Delta7,Delta7(PB15)_L2R7_R,R,glutamate,434891,Delta7,Delta7(PB15)_L3R7_R,R,17
17024,Delta7,Delta7(PB15)_L5R4_L,L,glutamate,434891,Delta7,Delta7(PB15)_L3R7_R,R,17
16553,Delta7,Delta7(PB15)_L5R4_L,L,glutamate,434891,Delta7,Delta7(PB15)_L3R7_R,R,17
523786,EPG,EPG(PB08)_R4,R,acetylcholine,15839,Delta7,Delta7(PB15)_L1L9R8_R,R,17
513520,EPG,EPG(PB08)_R6,R,acetylcholine,513517,EPG,EPG(PB08)_L4,L,17
526406,FC2A,FC2A_C2_R,R,acetylcholine,15210,PFL3,PFL3(PB12c)_R2_C1_irreg,L,17
34203,FC2B,FC2B_C1_R,R,acetylcholine,15210,PFL3,PFL3(PB12c)_R2_C1_irreg,L,17
15654,Delta7,Delta7(PB15)_L8R1R9_L,L,glutamate,15210,PFL3,PFL3(PB12c)_R2_C1_irreg,L,17
11503,EPG,EPG(PB08)_R8,R,acetylcholine,519140,EPG,EPG(PB08)_L1,L,17
55401,FC2A,FC2A_C9_R,R,acetylcholine,17290,PFL3,PFL3(PB12c)_L6_C8,L,17
568155,Delta7,Delta7(PB15)_L8R1R9_L,L,glutamate,16180,Delta7,Delta7(PB15)_L3R6_R,R,17
515294,Delta7,Delta7(PB15)_L5R4_L,L,glutamate,16180,Delta7,Delta7(PB15)_L3R6_R,R,17
15904,Delta7,Delta7(PB15)_L4R5_R,R,glutamate,16180,Delta7,Delta7(PB15)_L3R6_R,R,17
85400,FC2B,FC2B_C7_R,R,acetylcholine,29836,PFL3,PFL3(PB12c)_L4_C6,L,17
529318,Delta7,Delta7(PB15)_L4R5_R,R,glutamate,14509,Delta7,Delta7(PB15)_L4R6_R,R,17
517417,Delta7,Delta7(PB15)_L6R3_L,L,glutamate,14509,Delta7,Delta7(PB15)_L4R6_R,R,17
515961,Delta7,Delta7(PB15)_L6R3_L,L,glutamate,14509,Delta7,Delta7(PB15)_L4R6_R,R,17
15851,Delta7,Delta7(PB15)_L6R4_L,L,glutamate,14509,Delta7,Delta7(PB15)_L4R6_R,R,17
16180,Delta7,Delta7(PB15)_L3R6_R,R,glutamate,513520,EPG,EPG(PB08)_R6,R,17
568155,Delta7,Delta7(PB15)_L8R1R9_L,L,glutamate,15904,Delta7,Delta7(PB15)_L4R5_R,R,17
513464,EPG,EPG(PB08)_R8,R,acetylcholine,15904,Delta7,Delta7(PB15)_L4R5_R,R,17
15654,Delta7,Delta7(PB15)_L8R1R9_L,L,glutamate,15904,Delta7,Delta7(PB15)_L4R5_R,R,17
15616,EPG,EPG(PB08)_R3,R,acetylcholine,15904,Delta7,Delta7(PB15)_L4R5_R,R,17
13217,EPG,EPG(PB08)_L8,L,acetylcholine,15904,Delta7,Delta7(PB15)_L4R5_R,R,17
122334,FC2C,FC2C_C7_L,L,acetylcholine,35322,PFL3,PFL3(PB12c)_R1_C7,R,17
11987,EPG,EPG(PB08)_R5,R,acetylcholine,26488,PFL3,PFL3(PB12c)_R5_C3,R,17
520818,EPG,EPG(PB08)_L4,L,acetylcholine,517417,Delta7,Delta7(PB15)_L6R3_L,L,17
513033,EPG,EPG(PB08)_L8,L,acetylcholine,517417,Delta7,Delta7(PB15)_L6R3_L,L,17
131313,EPG,EPG(PB08)_R6,R,acetylcholine,517417,Delta7,Delta7(PB15)_L6R3_L,L,17
15904,Delta7,Delta7(PB15)_L4R5_R,R,glutamate,517417,Delta7,Delta7(PB15)_L6R3_L,L,17
524073,EPG,EPG(PB08)_L2,L,acetylcholine,16476,Delta7,Delta7(PB15)_L7R2_L,L,17
17143,Delta7,Delta7(PB15)_L2R7_R,R,glutamate,16476,Delta7,Delta7(PB15)_L7R2_L,L,17
16553,Delta7,Delta7(PB15)_L5R4_L,L,glutamate,16476,Delta7,Delta7(PB15)_L7R2_L,L,17
88342,EPG,EPG(PB08)_L3,L,acetylcholine,515961,Delta7,Delta7(PB15)_L6R3_L,L,17
68579,FC2C,FC2C_C5_R,R,acetylcholine,513266,PFL3,PFL3(PB12c)_R3_C5,R,17
131313,EPG,EPG(PB08)_R6,R,acetylcholine,15399,Delta7,Delta7(PB15)_L1L9R8_R,R,17
16553,Delta7,Delta7(PB15)_L5R4_L,L,glutamate,15399,Delta7,Delta7(PB15)_L1L9R8_R,R,17
15839,Delta7,Delta7(PB15)_L1L9R8_R,R,glutamate,15399,Delta7,Delta7(PB15)_L1L9R8_R,R,17
15398,Delta7,Delta7(PB15)_L4R5_R,R,glutamate,15399,Delta7,Delta7(PB15)_L1L9R8_R,R,17
148830,FC2C,FC2C_C5_R,R,acetylcholine,530071,PFL3,PFL3(PB12c)_L3_C5,L,17
16869,Delta7,Delta7(PB15)_L7R3_L,L,glutamate,511841,Delta7,Delta7(PB15)_L2R7_R,R,17
15904,Delta7,Delta7(PB15)_L4R5_R,R,glutamate,511841,Delta7,Delta7(PB15)_L2R7_R,R,17
11307,EPG,EPG(PB08)_L4,L,acetylcholine,15851,Delta7,Delta7(PB15)_L6R4_L,L,17
15904,Delta7,Delta7(PB15)_L4R5_R,R,glutamate,19125,EPG,EPG(PB08)_R5,R,17
15495,Delta7,Delta7(PB15)_L3R6_R,R,glutamate,131313,EPG,EPG(PB08)_R6,R,17
512513,EPG,EPG(PB08)_R1,R,acetylcholine,16110,Delta7,Delta7(PB15)_L3R6_R,R,17
18639,Delta7,Delta7(PB15)_L7R2_L,L,glutamate,16110,Delta7,Delta7(PB15)_L3R6_R,R,17
16360,EPG,EPG(PB08)_L6,L,acetylcholine,16110,Delta7,Delta7(PB15)_L3R6_R,R,17
517417,Delta7,Delta7(PB15)_L6R3_L,L,glutamate,15654,Delta7,Delta7(PB15)_L8R1R9_L,L,17
88342,EPG,EPG(PB08)_L3,L,acetylcholine,15654,Delta7,Delta7(PB15)_L8R1R9_L,L,17
519140,EPG,EPG(PB08)_L1,L,acetylcholine,108478,PFL3,PFL3(PB12c)_L1_C3,L,17
523786,EPG,EPG(PB08)_R4,R,acetylcholine,519332,Delta7,Delta7(PB15)_L2R7_R,R,17
17143,Delta7,Delta7(PB15)_L2R7_R,R,glutamate,519332,Delta7,Delta7(PB15)_L2R7_R,R,17
14727,EPG,EPG(PB08)_L7,L,acetylcholine,519332,Delta7,Delta7(PB15)_L2R7_R,R,17
519331,Delta7,Delta7(PB15)_L3R7_R,R,glutamate,16869,Delta7,Delta7(PB15)_L7R3_L,L,17
511841,Delta7,Delta7(PB15)_L2R7_R,R,glutamate,16869,Delta7,Delta7(PB15)_L7R3_L,L,17
519941,EPG,EPG(PB08)_L3,L,acetylcholine,568155,Delta7,Delta7(PB15)_L8R1R9_L,L,17
18823,Delta7,Delta7(PB15)_L4R5_R,R,glutamate,568155,Delta7,Delta7(PB15)_L8R1R9_L,L,17
16553,Delta7,Delta7(PB15)_L5R4_L,L,glutamate,568155,Delta7,Delta7(PB15)_L8R1R9_L,L,17
16476,Delta7,Delta7(PB15)_L7R2_L,L,glutamate,568155,Delta7,Delta7(PB15)_L8R1R9_L,L,17
15409,Delta7,Delta7(PB15)_L8R1R9_L,L,glutamate,568155,Delta7,Delta7(PB15)_L8R1R9_L,L,17
149740,FC2B,FC2B_C9_L,L,acetylcholine,513034,PFL2,PFL2(PB12b)_L5_C9,L,17
34203,FC2B,FC2B_C1_R,R,acetylcholine,17286,PFL3,PFL3(PB12c)_R1_C2_irreg,L,17
109752,FC2C,FC2C_C9_R,R,acetylcholine,19009,PFL3,PFL3(PB12c)_L2_C9_irreg,R,17
64270,FC2C,FC2C_C8_L,L,acetylcholine,19009,PFL3,PFL3(PB12c)_L2_C9_irreg,R,17
15616,EPG,EPG(PB08)_R3,R,acetylcholine,15837,Delta7,Delta7(PB15)_L1L9R8_R,R,17
512305,EPG,EPG(PB08)_R8,R,acetylcholine,15398,Delta7,Delta7(PB15)_L4R5_R,R,17
16540,Delta7,Delta7(PB15)_L2R7_R,R,glutamate,15398,Delta7,Delta7(PB15)_L4R5_R,R,17
15904,Delta7,Delta7(PB15)_L4R5_R,R,glutamate,15398,Delta7,Delta7(PB15)_L4R5_R,R,17
11503,EPG,EPG(PB08)_R8,R,acetylcholine,17024,Delta7,Delta7(PB15)_L5R4_L,L,17
10539,EPG,EPG(PB08)_R2,R,acetylcholine,17024,Delta7,Delta7(PB15)_L5R4_L,L,17
107690,FC2B,FC2B_C4_L,L,acetylcholine,23159,PFL3,PFL3(PB12c)_R4_C4,R,17
124562,FC2C,FC2C_C5_L,L,acetylcholine,519351,PFL3,PFL3(PB12c)_L4_C5,L,17
519331,Delta7,Delta7(PB15)_L3R7_R,R,glutamate,515294,Delta7,Delta7(PB15)_L5R4_L,L,17
512305,EPG,EPG(PB08)_R8,R,acetylcholine,515294,Delta7,Delta7(PB15)_L5R4_L,L,17
16476,Delta7,Delta7(PB15)_L7R2_L,L,glutamate,515294,Delta7,Delta7(PB15)_L5R4_L,L,17
15851,Delta7,Delta7(PB15)_L6R4_L,L,glutamate,515294,Delta7,Delta7(PB15)_L5R4_L,L,17
15495,Delta7,Delta7(PB15)_L3R6_R,R,glutamate,515294,Delta7,Delta7(PB15)_L5R4_L,L,17
14806,Delta7,Delta7(PB15)_L8R1R9_L,L,glutamate,515294,Delta7,Delta7(PB15)_L5R4_L,L,17
13217,EPG,EPG(PB08)_L8,L,acetylcholine,515294,Delta7,Delta7(PB15)_L5R4_L,L,17
11503,EPG,EPG(PB08)_R8,R,acetylcholine,515294,Delta7,Delta7(PB15)_L5R4_L,L,17
519332,Delta7,Delta7(PB15)_L2R7_R,R,glutamate,11184,Delta7,Delta7(PB15)_L1L9R8_R,R,17
514126,EPG,EPG(PB08)_R5,R,acetylcholine,11184,Delta7,Delta7(PB15)_L1L9R8_R,R,17
88342,EPG,EPG(PB08)_L3,L,acetylcholine,11184,Delta7,Delta7(PB15)_L1L9R8_R,R,17
18639,Delta7,Delta7(PB15)_L7R2_L,L,glutamate,11184,Delta7,Delta7(PB15)_L1L9R8_R,R,17
16412,Delta7,Delta7(PB15)_L7R2_L,L,glutamate,11184,Delta7,Delta7(PB15)_L1L9R8_R,R,17
16234,Delta7,Delta7(PB15)_L1L9R8_R,R,glutamate,11184,Delta7,Delta7(PB15)_L1L9R8_R,R,17
15654,Delta7,Delta7(PB15)_L8R1R9_L,L,glutamate,11184,Delta7,Delta7(PB15)_L1L9R8_R,R,17
11874,EPG,EPG(PB08)_L7,L,acetylcholine,11184,Delta7,Delta7(PB15)_L1L9R8_R,R,17
515961,Delta7,Delta7(PB15)_L6R3_L,L,glutamate,16234,Delta7,Delta7(PB15)_L1L9R8_R,R,17
17753,Delta7,Delta7(PB15)_L7R3_L,L,glutamate,16234,Delta7,Delta7(PB15)_L1L9R8_R,R,17
17024,Delta7,Delta7(PB15)_L5R4_L,L,glutamate,16234,Delta7,Delta7(PB15)_L1L9R8_R,R,17
16180,Delta7,Delta7(PB15)_L3R6_R,R,glutamate,16234,Delta7,Delta7(PB15)_L1L9R8_R,R,17
15904,Delta7,Delta7(PB15)_L4R5_R,R,glutamate,16234,Delta7,Delta7(PB15)_L1L9R8_R,R,17
15851,Delta7,Delta7(PB15)_L6R4_L,L,glutamate,16234,Delta7,Delta7(PB15)_L1L9R8_R,R,17
15713,EPG,EPG(PB08)_L6,L,acetylcholine,16234,Delta7,Delta7(PB15)_L1L9R8_R,R,17
12449,EPG,EPG(PB08)_L5,L,acetylcholine,16234,Delta7,Delta7(PB15)_L1L9R8_R,R,17
512514,EPG,EPG(PB08)_L1,L,acetylcholine,17753,Delta7,Delta7(PB15)_L7R3_L,L,17
434891,Delta7,Delta7(PB15)_L3R7_R,R,glutamate,17753,Delta7,Delta7(PB15)_L7R3_L,L,17
15904,Delta7,Delta7(PB15)_L4R5_R,R,glutamate,17753,Delta7,Delta7(PB15)_L7R3_L,L,17
11987,EPG,EPG(PB08)_R5,R,acetylcholine,17753,Delta7,Delta7(PB15)_L7R3_L,L,17
511841,Delta7,Delta7(PB15)_L2R7_R,R,glutamate,522994,Delta7,Delta7(PB15)_L6R3_L,L,17
512513,EPG,EPG(PB08)_R1,R,acetylcholine,513033,EPG,EPG(PB08)_L8,L,17
517417,Delta7,Delta7(PB15)_L6R3_L,L,glutamate,16360,EPG,EPG(PB08)_L6,L,17
14816,Delta7,Delta7(PB15)_L6R4_L,L,glutamate,16360,EPG,EPG(PB08)_L6,L,17
519332,Delta7,Delta7(PB15)_L2R7_R,R,glutamate,15409,Delta7,Delta7(PB15)_L8R1R9_L,L,17
15398,Delta7,Delta7(PB15)_L4R5_R,R,glutamate,15409,Delta7,Delta7(PB15)_L8R1R9_L,L,17
88342,EPG,EPG(PB08)_L3,L,acetylcholine,19715,PFL2,PFL2(PB12b)_L4_C8,L,17
140794,FC2C,FC2C_C3_R,R,acetylcholine,13031,PFL2,PFL2(PB12b)_R3_C3,R,17
12449,EPG,EPG(PB08)_L5,L,acetylcholine,520581,EPG,EPG(PB08)_R4,R,17
85400,FC2B,FC2B_C7_R,R,acetylcholine,511842,PFL2,PFL2(PB12b)_L2_C6,L,17
17143,Delta7,Delta7(PB15)_L2R7_R,R,glutamate,511842,PFL2,PFL2(PB12b)_L2_C6,L,17
137299,FC2A,FC2A_C5_L,L,acetylcholine,14729,PFL2,PFL2(PB12b)_R1_C5,R,17
568155,Delta7,Delta7(PB15)_L8R1R9_L,L,glutamate,524074,Delta7,Delta7(PB15)_L5R4_L,L,17
520812,EPG,EPG(PB08)_R8,R,acetylcholine,524074,Delta7,Delta7(PB15)_L5R4_L,L,17
15851,Delta7,Delta7(PB15)_L6R4_L,L,glutamate,524074,Delta7,Delta7(PB15)_L5R4_L,L,17
15495,Delta7,Delta7(PB15)_L3R6_R,R,glutamate,524074,Delta7,Delta7(PB15)_L5R4_L,L,17
521813,EPG,EPG(PB08)_L2,L,acetylcholine,14507,EPG,EPG(PB08)_R7,R,17
18823,Delta7,Delta7(PB15)_L4R5_R,R,glutamate,529318,Delta7,Delta7(PB15)_L4R5_R,R,17
16540,Delta7,Delta7(PB15)_L2R7_R,R,glutamate,529318,Delta7,Delta7(PB15)_L4R5_R,R,17
519144,EPG,EPG(PB08)_L8,L,acetylcholine,10513,Delta7,Delta7(PB15)_L3R6_R,R,17
568155,Delta7,Delta7(PB15)_L8R1R9_L,L,glutamate,17379,Delta7,Delta7(PB15)_L4R5_R,R,17
513284,EPG,EPG(PB08)_R3,R,acetylcholine,17379,Delta7,Delta7(PB15)_L4R5_R,R,17
13217,EPG,EPG(PB08)_L8,L,acetylcholine,17379,Delta7,Delta7(PB15)_L4R5_R,R,17
512305,EPG,EPG(PB08)_R8,R,acetylcholine,92188,EPG,EPG(PB08)_R7,R,16
515961,Delta7,Delta7(PB15)_L6R3_L,L,glutamate,567101,PFL3,PFL3(PB12c)_R3_C5,R,16
56382,FC2A,FC2A_C6_L,L,acetylcholine,567101,PFL3,PFL3(PB12c)_R3_C5,R,16
524073,EPG,EPG(PB08)_L2,L,acetylcholine,16412,Delta7,Delta7(PB15)_L7R2_L,L,16
513520,EPG,EPG(PB08)_R6,R,acetylcholine,16412,Delta7,Delta7(PB15)_L7R2_L,L,16
16180,Delta7,Delta7(PB15)_L3R6_R,R,glutamate,16412,Delta7,Delta7(PB15)_L7R2_L,L,16
15654,Delta7,Delta7(PB15)_L8R1R9_L,L,glutamate,16412,Delta7,Delta7(PB15)_L7R2_L,L,16
519332,Delta7,Delta7(PB15)_L2R7_R,R,glutamate,16553,Delta7,Delta7(PB15)_L5R4_L,L,16
92188,EPG,EPG(PB08)_R7,R,acetylcholine,16553,Delta7,Delta7(PB15)_L5R4_L,L,16
14816,Delta7,Delta7(PB15)_L6R4_L,L,glutamate,16553,Delta7,Delta7(PB15)_L5R4_L,L,16
16869,Delta7,Delta7(PB15)_L7R3_L,L,glutamate,513284,EPG,EPG(PB08)_R3,R,16
513463,EPG,EPG(PB08)_R2,R,acetylcholine,17143,Delta7,Delta7(PB15)_L2R7_R,R,16
511841,Delta7,Delta7(PB15)_L2R7_R,R,glutamate,17143,Delta7,Delta7(PB15)_L2R7_R,R,16
107195,EPG,EPG(PB08)_L5,L,acetylcholine,17143,Delta7,Delta7(PB15)_L2R7_R,R,16
11987,EPG,EPG(PB08)_R5,R,acetylcholine,17143,Delta7,Delta7(PB15)_L2R7_R,R,16
524074,Delta7,Delta7(PB15)_L5R4_L,L,glutamate,519331,Delta7,Delta7(PB15)_L3R7_R,R,16
512928,EPG,EPG(PB08)_R3,R,acetylcholine,519331,Delta7,Delta7(PB15)_L3R7_R,R,16
529992,FC2C,FC2C_C1_R,R,acetylcholine,520811,PFL3,PFL3(PB12c)_R6_C2,R,16
18823,Delta7,Delta7(PB15)_L4R5_R,R,glutamate,520811,PFL3,PFL3(PB12c)_R6_C2,R,16
523786,EPG,EPG(PB08)_R4,R,acetylcholine,14806,Delta7,Delta7(PB15)_L8R1R9_L,L,16
519332,Delta7,Delta7(PB15)_L2R7_R,R,glutamate,14806,Delta7,Delta7(PB15)_L8R1R9_L,L,16
517417,Delta7,Delta7(PB15)_L6R3_L,L,glutamate,14806,Delta7,Delta7(PB15)_L8R1R9_L,L,16
514126,EPG,EPG(PB08)_R5,R,acetylcholine,14806,Delta7,Delta7(PB15)_L8R1R9_L,L,16
434891,Delta7,Delta7(PB15)_L3R7_R,R,glutamate,14806,Delta7,Delta7(PB15)_L8R1R9_L,L,16
15904,Delta7,Delta7(PB15)_L4R5_R,R,glutamate,14806,Delta7,Delta7(PB15)_L8R1R9_L,L,16
15398,Delta7,Delta7(PB15)_L4R5_R,R,glutamate,14806,Delta7,Delta7(PB15)_L8R1R9_L,L,16
522994,Delta7,Delta7(PB15)_L6R3_L,L,glutamate,17804,Delta7,Delta7(PB15)_L7R2_L,L,16
513517,EPG,EPG(PB08)_L4,L,acetylcholine,17804,Delta7,Delta7(PB15)_L7R2_L,L,16
11184,Delta7,Delta7(PB15)_L1L9R8_R,R,glutamate,17804,Delta7,Delta7(PB15)_L7R2_L,L,16
515961,Delta7,Delta7(PB15)_L6R3_L,L,glutamate,16540,Delta7,Delta7(PB15)_L2R7_R,R,16
17753,Delta7,Delta7(PB15)_L7R3_L,L,glutamate,16540,Delta7,Delta7(PB15)_L2R7_R,R,16
15398,Delta7,Delta7(PB15)_L4R5_R,R,glutamate,16540,Delta7,Delta7(PB15)_L2R7_R,R,16
512514,EPG,EPG(PB08)_L1,L,acetylcholine,15495,Delta7,Delta7(PB15)_L3R6_R,R,16
513520,EPG,EPG(PB08)_R6,R,acetylcholine,14816,Delta7,Delta7(PB15)_L6R4_L,L,16
14509,Delta7,Delta7(PB15)_L4R6_R,R,glutamate,14816,Delta7,Delta7(PB15)_L6R4_L,L,16
17379,Delta7,Delta7(PB15)_L4R5_R,R,glutamate,533725,Delta7,Delta7(PB15)_L8R1R9_L,L,16
16110,Delta7,Delta7(PB15)_L3R6_R,R,glutamate,533725,Delta7,Delta7(PB15)_L8R1R9_L,L,16
14816,Delta7,Delta7(PB15)_L6R4_L,L,glutamate,533725,Delta7,Delta7(PB15)_L8R1R9_L,L,16
517417,Delta7,Delta7(PB15)_L6R3_L,L,glutamate,15616,EPG,EPG(PB08)_R3,R,16
434891,Delta7,Delta7(PB15)_L3R7_R,R,glutamate,15616,EPG,EPG(PB08)_R3,R,16
519331,Delta7,Delta7(PB15)_L3R7_R,R,glutamate,18639,Delta7,Delta7(PB15)_L7R2_L,L,16
511841,Delta7,Delta7(PB15)_L2R7_R,R,glutamate,18639,Delta7,Delta7(PB15)_L7R2_L,L,16
11987,EPG,EPG(PB08)_R5,R,acetylcholine,18639,Delta7,Delta7(PB15)_L7R2_L,L,16
122334,FC2C,FC2C_C7_L,L,acetylcholine,11557,PFL2,PFL2(PB12b)_L3_C7,L,16
10513,Delta7,Delta7(PB15)_L3R6_R,R,glutamate,11557,PFL2,PFL2(PB12b)_L3_C7,L,16
519144,EPG,EPG(PB08)_L8,L,acetylcholine,18823,Delta7,Delta7(PB15)_L4R5_R,R,16
434891,Delta7,Delta7(PB15)_L3R7_R,R,glutamate,18823,Delta7,Delta7(PB15)_L4R5_R,R,16
10513,Delta7,Delta7(PB15)_L3R6_R,R,glutamate,18823,Delta7,Delta7(PB15)_L4R5_R,R,16
13217,EPG,EPG(PB08)_L8,L,acetylcholine,434891,Delta7,Delta7(PB15)_L3R7_R,R,16
18823,Delta7,Delta7(PB15)_L4R5_R,R,glutamate,15839,Delta7,Delta7(PB15)_L1L9R8_R,R,16
17753,Delta7,Delta7(PB15)_L7R3_L,L,glutamate,15839,Delta7,Delta7(PB15)_L1L9R8_R,R,16
15398,Delta7,Delta7(PB15)_L4R5_R,R,glutamate,15839,Delta7,Delta7(PB15)_L1L9R8_R,R,16
546044,FC2C,FC2C_C3_R,R,acetylcholine,518378,PFL3,PFL3(PB12c)_R5_C3,R,16
140794,FC2C,FC2C_C3_R,R,acetylcholine,518378,PFL3,PFL3(PB12c)_R5_C3,R,16
11987,EPG,EPG(PB08)_R5,R,acetylcholine,518378,PFL3,PFL3(PB12c)_R5_C3,R,16
17753,Delta7,Delta7(PB15)_L7R3_L,L,glutamate,15210,PFL3,PFL3(PB12c)_R2_C1_irreg,L,16
523786,EPG,EPG(PB08)_R4,R,acetylcholine,556346,EPG,EPG(PB08)_L6,L,16
521813,EPG,EPG(PB08)_L2,L,acetylcholine,14509,Delta7,Delta7(PB15)_L4R6_R,R,16
515294,Delta7,Delta7(PB15)_L5R4_L,L,glutamate,14509,Delta7,Delta7(PB15)_L4R6_R,R,16
17379,Delta7,Delta7(PB15)_L4R5_R,R,glutamate,14509,Delta7,Delta7(PB15)_L4R6_R,R,16
84758,EPG,EPG(PB08)_L7,L,acetylcholine,15904,Delta7,Delta7(PB15)_L4R5_R,R,16
16412,Delta7,Delta7(PB15)_L7R2_L,L,glutamate,15904,Delta7,Delta7(PB15)_L4R5_R,R,16
16180,Delta7,Delta7(PB15)_L3R6_R,R,glutamate,15904,Delta7,Delta7(PB15)_L4R5_R,R,16
514126,EPG,EPG(PB08)_R5,R,acetylcholine,26488,PFL3,PFL3(PB12c)_R5_C3,R,16
18823,Delta7,Delta7(PB15)_L4R5_R,R,glutamate,26488,PFL3,PFL3(PB12c)_R5_C3,R,16
16553,Delta7,Delta7(PB15)_L5R4_L,L,glutamate,26488,PFL3,PFL3(PB12c)_R5_C3,R,16
521812,EPG,EPG(PB08)_R7,R,acetylcholine,517417,Delta7,Delta7(PB15)_L6R3_L,L,16
515961,Delta7,Delta7(PB15)_L6R3_L,L,glutamate,517417,Delta7,Delta7(PB15)_L6R3_L,L,16
17753,Delta7,Delta7(PB15)_L7R3_L,L,glutamate,517417,Delta7,Delta7(PB15)_L6R3_L,L,16
16412,Delta7,Delta7(PB15)_L7R2_L,L,glutamate,517417,Delta7,Delta7(PB15)_L6R3_L,L,16
15399,Delta7,Delta7(PB15)_L1L9R8_R,R,glutamate,517417,Delta7,Delta7(PB15)_L6R3_L,L,16
533436,FC2C,FC2C_C7_L,L,acetylcholine,18803,PFL3,PFL3(PB12c)_R1_C7,R,16
107195,EPG,EPG(PB08)_L5,L,acetylcholine,16476,Delta7,Delta7(PB15)_L7R2_L,L,16
92188,EPG,EPG(PB08)_R7,R,acetylcholine,16476,Delta7,Delta7(PB15)_L7R2_L,L,16
17379,Delta7,Delta7(PB15)_L4R5_R,R,glutamate,16476,Delta7,Delta7(PB15)_L7R2_L,L,16
520812,EPG,EPG(PB08)_R8,R,acetylcholine,515961,Delta7,Delta7(PB15)_L6R3_L,L,16
512305,EPG,EPG(PB08)_R8,R,acetylcholine,515961,Delta7,Delta7(PB15)_L6R3_L,L,16
19125,EPG,EPG(PB08)_R5,R,acetylcholine,520573,PFL2,PFL2(PB12b)_R5_C1,R,16
517417,Delta7,Delta7(PB15)_L6R3_L,L,glutamate,513266,PFL3,PFL3(PB12c)_R3_C5,R,16
107690,FC2B,FC2B_C4_L,L,acetylcholine,513266,PFL3,PFL3(PB12c)_R3_C5,R,16
95713,FC2C,FC2C_C4_L,L,acetylcholine,523032,PFL3,PFL3(PB12c)_L2_C4,L,16
16234,Delta7,Delta7(PB15)_L1L9R8_R,R,glutamate,523032,PFL3,PFL3(PB12c)_L2_C4,L,16
512928,EPG,EPG(PB08)_R3,R,acetylcholine,15399,Delta7,Delta7(PB15)_L1L9R8_R,R,16
16412,Delta7,Delta7(PB15)_L7R2_L,L,glutamate,15399,Delta7,Delta7(PB15)_L1L9R8_R,R,16
14816,Delta7,Delta7(PB15)_L6R4_L,L,glutamate,15399,Delta7,Delta7(PB15)_L1L9R8_R,R,16
519332,Delta7,Delta7(PB15)_L2R7_R,R,glutamate,530071,PFL3,PFL3(PB12c)_L3_C5,L,16
95713,FC2C,FC2C_C4_L,L,acetylcholine,530071,PFL3,PFL3(PB12c)_L3_C5,L,16
434891,Delta7,Delta7(PB15)_L3R7_R,R,glutamate,511841,Delta7,Delta7(PB15)_L2R7_R,R,16
18823,Delta7,Delta7(PB15)_L4R5_R,R,glutamate,511841,Delta7,Delta7(PB15)_L2R7_R,R,16
16412,Delta7,Delta7(PB15)_L7R2_L,L,glutamate,511841,Delta7,Delta7(PB15)_L2R7_R,R,16
568155,Delta7,Delta7(PB15)_L8R1R9_L,L,glutamate,15851,Delta7,Delta7(PB15)_L6R4_L,L,16
519331,Delta7,Delta7(PB15)_L3R7_R,R,glutamate,15851,Delta7,Delta7(PB15)_L6R4_L,L,16
512305,EPG,EPG(PB08)_R8,R,acetylcholine,15851,Delta7,Delta7(PB15)_L6R4_L,L,16
17804,Delta7,Delta7(PB15)_L7R2_L,L,glutamate,15851,Delta7,Delta7(PB15)_L6R4_L,L,16
15839,Delta7,Delta7(PB15)_L1L9R8_R,R,glutamate,15851,Delta7,Delta7(PB15)_L6R4_L,L,16
137990,FC2B,FC2B_C3_L,L,acetylcholine,522853,PFL2,PFL2(PB12b)_R2_C4,R,16
519328,EPG,EPG(PB08)_L3,L,acetylcholine,131313,EPG,EPG(PB08)_R6,R,16
16180,Delta7,Delta7(PB15)_L3R6_R,R,glutamate,131313,EPG,EPG(PB08)_R6,R,16
67741,FC2B,FC2B_C6_R,R,acetylcholine,18327,PFL3,PFL3(PB12c)_R2_C6,R,16
522994,Delta7,Delta7(PB15)_L6R3_L,L,glutamate,16110,Delta7,Delta7(PB15)_L3R6_R,R,16
15839,Delta7,Delta7(PB15)_L1L9R8_R,R,glutamate,16110,Delta7,Delta7(PB15)_L3R6_R,R,16
556347,EPG,EPG(PB08)_R4,R,acetylcholine,15654,Delta7,Delta7(PB15)_L8R1R9_L,L,16
523786,EPG,EPG(PB08)_R4,R,acetylcholine,15654,Delta7,Delta7(PB15)_L8R1R9_L,L,16
16540,Delta7,Delta7(PB15)_L2R7_R,R,glutamate,15654,Delta7,Delta7(PB15)_L8R1R9_L,L,16
137990,FC2B,FC2B_C3_L,L,acetylcholine,518375,PFL2,PFL2(PB12b)_R3_C3,R,16
11874,EPG,EPG(PB08)_L7,L,acetylcholine,519346,PFL3,PFL3(PB12c)_L7_C9,L,16
87630,FC2B,FC2B_C3_L,L,acetylcholine,108478,PFL3,PFL3(PB12c)_L1_C3,L,16
515294,Delta7,Delta7(PB15)_L5R4_L,L,glutamate,519332,Delta7,Delta7(PB15)_L2R7_R,R,16
10539,EPG,EPG(PB08)_R2,R,acetylcholine,519332,Delta7,Delta7(PB15)_L2R7_R,R,16
16110,Delta7,Delta7(PB15)_L3R6_R,R,glutamate,16869,Delta7,Delta7(PB15)_L7R3_L,L,16
33382,FC2A,FC2A_C8_R,R,acetylcholine,513032,PFL3,PFL3(PB12c)_L5_C7,L,16
17024,Delta7,Delta7(PB15)_L5R4_L,L,glutamate,513032,PFL3,PFL3(PB12c)_L5_C7,L,16
529318,Delta7,Delta7(PB15)_L4R5_R,R,glutamate,568155,Delta7,Delta7(PB15)_L8R1R9_L,L,16
88342,EPG,EPG(PB08)_L3,L,acetylcholine,568155,Delta7,Delta7(PB15)_L8R1R9_L,L,16
16110,Delta7,Delta7(PB15)_L3R6_R,R,glutamate,568155,Delta7,Delta7(PB15)_L8R1R9_L,L,16
12449,EPG,EPG(PB08)_L5,L,acetylcholine,568155,Delta7,Delta7(PB15)_L8R1R9_L,L,16
521409,EPG,EPG(PB08)_L8,L,acetylcholine,519144,EPG,EPG(PB08)_L8,L,16
524074,Delta7,Delta7(PB15)_L5R4_L,L,glutamate,11989,EPG,EPG(PB08)_L5,L,16
531073,FC2C,FC2C_C9_R,R,acetylcholine,513034,PFL2,PFL2(PB12b)_L5_C9,L,16
132482,FC2C,FC2C_C9_L,L,acetylcholine,513034,PFL2,PFL2(PB12b)_L5_C9,L,16
109752,FC2C,FC2C_C9_R,R,acetylcholine,513034,PFL2,PFL2(PB12b)_L5_C9,L,16
11989,EPG,EPG(PB08)_L5,L,acetylcholine,513034,PFL2,PFL2(PB12b)_L5_C9,L,16
11307,EPG,EPG(PB08)_L4,L,acetylcholine,513034,PFL2,PFL2(PB12b)_L5_C9,L,16
512513,EPG,EPG(PB08)_R1,R,acetylcholine,17286,PFL3,PFL3(PB12c)_R1_C2_irreg,L,16
50885,FC2C,FC2C_C2_L,L,acetylcholine,17286,PFL3,PFL3(PB12c)_R1_C2_irreg,L,16
153441,FC2C,FC2C_C5_L,L,acetylcholine,13490,PFL2,PFL2(PB12b)_L1_C5,L,16
531073,FC2C,FC2C_C9_R,R,acetylcholine,19009,PFL3,PFL3(PB12c)_L2_C9_irreg,R,16
529318,Delta7,Delta7(PB15)_L4R5_R,R,glutamate,15837,Delta7,Delta7(PB15)_L1L9R8_R,R,16
523786,EPG,EPG(PB08)_R4,R,acetylcholine,15837,Delta7,Delta7(PB15)_L1L9R8_R,R,16
12449,EPG,EPG(PB08)_L5,L,acetylcholine,15837,Delta7,Delta7(PB15)_L1L9R8_R,R,16
18823,Delta7,Delta7(PB15)_L4R5_R,R,glutamate,15398,Delta7,Delta7(PB15)_L4R5_R,R,16
17753,Delta7,Delta7(PB15)_L7R3_L,L,glutamate,15398,Delta7,Delta7(PB15)_L4R5_R,R,16
14806,Delta7,Delta7(PB15)_L8R1R9_L,L,glutamate,15398,Delta7,Delta7(PB15)_L4R5_R,R,16
519941,EPG,EPG(PB08)_L3,L,acetylcholine,17024,Delta7,Delta7(PB15)_L5R4_L,L,16
519144,EPG,EPG(PB08)_L8,L,acetylcholine,17024,Delta7,Delta7(PB15)_L5R4_L,L,16
511841,Delta7,Delta7(PB15)_L2R7_R,R,glutamate,17024,Delta7,Delta7(PB15)_L5R4_L,L,16
15399,Delta7,Delta7(PB15)_L1L9R8_R,R,glutamate,17024,Delta7,Delta7(PB15)_L5R4_L,L,16
524977,FC2C,FC2C_C3_L,L,acetylcholine,23159,PFL3,PFL3(PB12c)_R4_C4,R,16
513463,EPG,EPG(PB08)_R2,R,acetylcholine,515294,Delta7,Delta7(PB15)_L5R4_L,L,16
16234,Delta7,Delta7(PB15)_L1L9R8_R,R,glutamate,515294,Delta7,Delta7(PB15)_L5R4_L,L,16
11307,EPG,EPG(PB08)_L4,L,acetylcholine,515294,Delta7,Delta7(PB15)_L5R4_L,L,16
522994,Delta7,Delta7(PB15)_L6R3_L,L,glutamate,11184,Delta7,Delta7(PB15)_L1L9R8_R,R,16
107195,EPG,EPG(PB08)_L5,L,acetylcholine,11184,Delta7,Delta7(PB15)_L1L9R8_R,R,16
512928,EPG,EPG(PB08)_R3,R,acetylcholine,35324,Delta7,Delta7(PB15)_L5R4_L,L,16
10539,EPG,EPG(PB08)_R2,R,acetylcholine,35324,Delta7,Delta7(PB15)_L5R4_L,L,16
522994,Delta7,Delta7(PB15)_L6R3_L,L,glutamate,16234,Delta7,Delta7(PB15)_L1L9R8_R,R,16
513517,EPG,EPG(PB08)_L4,L,acetylcholine,16234,Delta7,Delta7(PB15)_L1L9R8_R,R,16
16869,Delta7,Delta7(PB15)_L7R3_L,L,glutamate,16234,Delta7,Delta7(PB15)_L1L9R8_R,R,16
16110,Delta7,Delta7(PB15)_L3R6_R,R,glutamate,16234,Delta7,Delta7(PB15)_L1L9R8_R,R,16
17804,Delta7,Delta7(PB15)_L7R2_L,L,glutamate,84758,EPG,EPG(PB08)_L7,L,16
513464,EPG,EPG(PB08)_R8,R,acetylcholine,522994,Delta7,Delta7(PB15)_L6R3_L,L,16
19825,EPG,EPG(PB08)_R6,R,acetylcholine,522994,Delta7,Delta7(PB15)_L6R3_L,L,16
15495,Delta7,Delta7(PB15)_L3R6_R,R,glutamate,522994,Delta7,Delta7(PB15)_L6R3_L,L,16
533725,Delta7,Delta7(PB15)_L8R1R9_L,L,glutamate,513033,EPG,EPG(PB08)_L8,L,16
519328,EPG,EPG(PB08)_L3,L,acetylcholine,15409,Delta7,Delta7(PB15)_L8R1R9_L,L,16
17379,Delta7,Delta7(PB15)_L4R5_R,R,glutamate,15409,Delta7,Delta7(PB15)_L8R1R9_L,L,16
11989,EPG,EPG(PB08)_L5,L,acetylcholine,15409,Delta7,Delta7(PB15)_L8R1R9_L,L,16
15904,Delta7,Delta7(PB15)_L4R5_R,R,glutamate,19715,PFL2,PFL2(PB12b)_L4_C8,L,16
521812,EPG,EPG(PB08)_R7,R,acetylcholine,79549,PFL3,PFL3(PB12c)_R7_C1,R,16
515233,FC2B,FC2B_C2_R,R,acetylcholine,79549,PFL3,PFL3(PB12c)_R7_C1,R,16
546044,FC2C,FC2C_C3_R,R,acetylcholine,13031,PFL2,PFL2(PB12b)_R3_C3,R,16
529266,FC2C,FC2C_C2_L,L,acetylcholine,13031,PFL2,PFL2(PB12b)_R3_C3,R,16
512928,EPG,EPG(PB08)_R3,R,acetylcholine,13031,PFL2,PFL2(PB12b)_R3_C3,R,16
16476,Delta7,Delta7(PB15)_L7R2_L,L,glutamate,13031,PFL2,PFL2(PB12b)_R3_C3,R,16
15616,EPG,EPG(PB08)_R3,R,acetylcholine,13031,PFL2,PFL2(PB12b)_R3_C3,R,16
556346,EPG,EPG(PB08)_L6,L,acetylcholine,520581,EPG,EPG(PB08)_R4,R,16
16360,EPG,EPG(PB08)_L6,L,acetylcholine,520581,EPG,EPG(PB08)_R4,R,16
550660,FC2C,FC2C_C7_R,R,acetylcholine,511842,PFL2,PFL2(PB12b)_L2_C6,L,16
131273,FC2A,FC2A_C5_R,R,acetylcholine,14729,PFL2,PFL2(PB12b)_R1_C5,R,16
512514,EPG,EPG(PB08)_L1,L,acetylcholine,17000,PFL3,PFL3(PB12c)_L1_C3,L,16
519941,EPG,EPG(PB08)_L3,L,acetylcholine,524074,Delta7,Delta7(PB15)_L5R4_L,L,16
15409,Delta7,Delta7(PB15)_L8R1R9_L,L,glutamate,524074,Delta7,Delta7(PB15)_L5R4_L,L,16
14507,EPG,EPG(PB08)_R7,R,acetylcholine,524074,Delta7,Delta7(PB15)_L5R4_L,L,16
10513,Delta7,Delta7(PB15)_L3R6_R,R,glutamate,524074,Delta7,Delta7(PB15)_L5R4_L,L,16
511841,Delta7,Delta7(PB15)_L2R7_R,R,glutamate,14507,EPG,EPG(PB08)_R7,R,16
16540,Delta7,Delta7(PB15)_L2R7_R,R,glutamate,14507,EPG,EPG(PB08)_R7,R,16
568155,Delta7,Delta7(PB15)_L8R1R9_L,L,glutamate,529318,Delta7,Delta7(PB15)_L4R5_R,R,16
521409,EPG,EPG(PB08)_L8,L,acetylcholine,529318,Delta7,Delta7(PB15)_L4R5_R,R,16
520812,EPG,EPG(PB08)_R8,R,acetylcholine,529318,Delta7,Delta7(PB15)_L4R5_R,R,16
513284,EPG,EPG(PB08)_R3,R,acetylcholine,529318,Delta7,Delta7(PB15)_L4R5_R,R,16
511841,Delta7,Delta7(PB15)_L2R7_R,R,glutamate,529318,Delta7,Delta7(PB15)_L4R5_R,R,16
17024,Delta7,Delta7(PB15)_L5R4_L,L,glutamate,529318,Delta7,Delta7(PB15)_L4R5_R,R,16
521409,EPG,EPG(PB08)_L8,L,acetylcholine,10513,Delta7,Delta7(PB15)_L3R6_R,R,16
515961,Delta7,Delta7(PB15)_L6R3_L,L,glutamate,10513,Delta7,Delta7(PB15)_L3R6_R,R,16
17804,Delta7,Delta7(PB15)_L7R2_L,L,glutamate,10513,Delta7,Delta7(PB15)_L3R6_R,R,16
16869,Delta7,Delta7(PB15)_L7R3_L,L,glutamate,10513,Delta7,Delta7(PB15)_L3R6_R,R,16
519331,Delta7,Delta7(PB15)_L3R7_R,R,glutamate,519941,EPG,EPG(PB08)_L3,L,16
519144,EPG,EPG(PB08)_L8,L,acetylcholine,17379,Delta7,Delta7(PB15)_L4R5_R,R,16
513463,EPG,EPG(PB08)_R2,R,acetylcholine,17379,Delta7,Delta7(PB15)_L4R5_R,R,16
119819,FC2C,FC2C_C8_L,L,acetylcholine,18851,PFL3,PFL3(PB12c)_L1_C8_irreg,R,16
520818,EPG,EPG(PB08)_L4,L,acetylcholine,16412,Delta7,Delta7(PB15)_L7R2_L,L,15
18823,Delta7,Delta7(PB15)_L4R5_R,R,glutamate,16412,Delta7,Delta7(PB15)_L7R2_L,L,15
15713,EPG,EPG(PB08)_L6,L,acetylcholine,17143,Delta7,Delta7(PB15)_L2R7_R,R,15
11989,EPG,EPG(PB08)_L5,L,acetylcholine,17143,Delta7,Delta7(PB15)_L2R7_R,R,15
556346,EPG,EPG(PB08)_L6,L,acetylcholine,519331,Delta7,Delta7(PB15)_L3R7_R,R,15
515294,Delta7,Delta7(PB15)_L5R4_L,L,glutamate,519331,Delta7,Delta7(PB15)_L3R7_R,R,15
512513,EPG,EPG(PB08)_R1,R,acetylcholine,519331,Delta7,Delta7(PB15)_L3R7_R,R,15
519331,Delta7,Delta7(PB15)_L3R7_R,R,glutamate,520811,PFL3,PFL3(PB12c)_R6_C2,R,15
151739,FC2C,FC2C_C2_R,R,acetylcholine,520811,PFL3,PFL3(PB12c)_R6_C2,R,15
67361,FC2B,FC2B_C2_R,R,acetylcholine,520811,PFL3,PFL3(PB12c)_R6_C2,R,15
15904,Delta7,Delta7(PB15)_L4R5_R,R,glutamate,520811,PFL3,PFL3(PB12c)_R6_C2,R,15
11987,EPG,EPG(PB08)_R5,R,acetylcholine,11307,EPG,EPG(PB08)_L4,L,15
519331,Delta7,Delta7(PB15)_L3R7_R,R,glutamate,521812,EPG,EPG(PB08)_R7,R,15
556346,EPG,EPG(PB08)_L6,L,acetylcholine,14806,Delta7,Delta7(PB15)_L8R1R9_L,L,15
521812,EPG,EPG(PB08)_R7,R,acetylcholine,14806,Delta7,Delta7(PB15)_L8R1R9_L,L,15
107195,EPG,EPG(PB08)_L5,L,acetylcholine,14806,Delta7,Delta7(PB15)_L8R1R9_L,L,15
14507,EPG,EPG(PB08)_R7,R,acetylcholine,14806,Delta7,Delta7(PB15)_L8R1R9_L,L,15
519328,EPG,EPG(PB08)_L3,L,acetylcholine,17804,Delta7,Delta7(PB15)_L7R2_L,L,15
88342,EPG,EPG(PB08)_L3,L,acetylcholine,17804,Delta7,Delta7(PB15)_L7R2_L,L,15
35324,Delta7,Delta7(PB15)_L5R4_L,L,glutamate,17804,Delta7,Delta7(PB15)_L7R2_L,L,15
14507,EPG,EPG(PB08)_R7,R,acetylcholine,17804,Delta7,Delta7(PB15)_L7R2_L,L,15
17143,Delta7,Delta7(PB15)_L2R7_R,R,glutamate,16540,Delta7,Delta7(PB15)_L2R7_R,R,15
16476,Delta7,Delta7(PB15)_L7R2_L,L,glutamate,16540,Delta7,Delta7(PB15)_L2R7_R,R,15
15713,EPG,EPG(PB08)_L6,L,acetylcholine,16540,Delta7,Delta7(PB15)_L2R7_R,R,15
14509,Delta7,Delta7(PB15)_L4R6_R,R,glutamate,16540,Delta7,Delta7(PB15)_L2R7_R,R,15
17143,Delta7,Delta7(PB15)_L2R7_R,R,glutamate,15495,Delta7,Delta7(PB15)_L3R6_R,R,15
513464,EPG,EPG(PB08)_R8,R,acetylcholine,14816,Delta7,Delta7(PB15)_L6R4_L,L,15
18639,Delta7,Delta7(PB15)_L7R2_L,L,glutamate,14816,Delta7,Delta7(PB15)_L6R4_L,L,15
16234,Delta7,Delta7(PB15)_L1L9R8_R,R,glutamate,14816,Delta7,Delta7(PB15)_L6R4_L,L,15
15495,Delta7,Delta7(PB15)_L3R6_R,R,glutamate,14816,Delta7,Delta7(PB15)_L6R4_L,L,15
14507,EPG,EPG(PB08)_R7,R,acetylcholine,14816,Delta7,Delta7(PB15)_L6R4_L,L,15
11503,EPG,EPG(PB08)_R8,R,acetylcholine,14816,Delta7,Delta7(PB15)_L6R4_L,L,15
10513,Delta7,Delta7(PB15)_L3R6_R,R,glutamate,14816,Delta7,Delta7(PB15)_L6R4_L,L,15
517417,Delta7,Delta7(PB15)_L6R3_L,L,glutamate,533725,Delta7,Delta7(PB15)_L8R1R9_L,L,15
92188,EPG,EPG(PB08)_R7,R,acetylcholine,533725,Delta7,Delta7(PB15)_L8R1R9_L,L,15
17804,Delta7,Delta7(PB15)_L7R2_L,L,glutamate,533725,Delta7,Delta7(PB15)_L8R1R9_L,L,15
17024,Delta7,Delta7(PB15)_L5R4_L,L,glutamate,533725,Delta7,Delta7(PB15)_L8R1R9_L,L,15
15713,EPG,EPG(PB08)_L6,L,acetylcholine,533725,Delta7,Delta7(PB15)_L8R1R9_L,L,15
14507,EPG,EPG(PB08)_R7,R,acetylcholine,533725,Delta7,Delta7(PB15)_L8R1R9_L,L,15
84758,EPG,EPG(PB08)_L7,L,acetylcholine,15616,EPG,EPG(PB08)_R3,R,15
131313,EPG,EPG(PB08)_R6,R,acetylcholine,18639,Delta7,Delta7(PB15)_L7R2_L,L,15
15398,Delta7,Delta7(PB15)_L4R5_R,R,glutamate,18639,Delta7,Delta7(PB15)_L7R2_L,L,15
56382,FC2A,FC2A_C6_L,L,acetylcholine,11557,PFL2,PFL2(PB12b)_L3_C7,L,15
515294,Delta7,Delta7(PB15)_L5R4_L,L,glutamate,18823,Delta7,Delta7(PB15)_L4R5_R,R,15
534662,FC2C,FC2C_C8_R,R,acetylcholine,27492,PFL2,PFL2(PB12b)_L3_C7,L,15
530445,FC2B,FC2B_C6_L,L,acetylcholine,27492,PFL2,PFL2(PB12b)_L3_C7,L,15
68271,FC2B,FC2B_C7_L,L,acetylcholine,27492,PFL2,PFL2(PB12b)_L3_C7,L,15
16180,Delta7,Delta7(PB15)_L3R6_R,R,glutamate,27492,PFL2,PFL2(PB12b)_L3_C7,L,15
519332,Delta7,Delta7(PB15)_L2R7_R,R,glutamate,434891,Delta7,Delta7(PB15)_L3R7_R,R,15
512928,EPG,EPG(PB08)_R3,R,acetylcholine,15839,Delta7,Delta7(PB15)_L1L9R8_R,R,15
19825,EPG,EPG(PB08)_R6,R,acetylcholine,15839,Delta7,Delta7(PB15)_L1L9R8_R,R,15
16234,Delta7,Delta7(PB15)_L1L9R8_R,R,glutamate,15839,Delta7,Delta7(PB15)_L1L9R8_R,R,15
14816,Delta7,Delta7(PB15)_L6R4_L,L,glutamate,15839,Delta7,Delta7(PB15)_L1L9R8_R,R,15
18823,Delta7,Delta7(PB15)_L4R5_R,R,glutamate,513517,EPG,EPG(PB08)_L4,L,15
141430,FC2C,FC2C_C3_R,R,acetylcholine,518378,PFL3,PFL3(PB12c)_R5_C3,R,15
513464,EPG,EPG(PB08)_R8,R,acetylcholine,512305,EPG,EPG(PB08)_R8,R,15
119819,FC2C,FC2C_C8_L,L,acetylcholine,17290,PFL3,PFL3(PB12c)_L6_C8,L,15
74326,FC2B,FC2B_C8_L,L,acetylcholine,17290,PFL3,PFL3(PB12c)_L6_C8,L,15
44554,FC2B,FC2B_C8_R,R,acetylcholine,17290,PFL3,PFL3(PB12c)_L6_C8,L,15
35277,FC2B,FC2B_C8_R,R,acetylcholine,17290,PFL3,PFL3(PB12c)_L6_C8,L,15
533725,Delta7,Delta7(PB15)_L8R1R9_L,L,glutamate,16180,Delta7,Delta7(PB15)_L3R6_R,R,15
519140,EPG,EPG(PB08)_L1,L,acetylcholine,16180,Delta7,Delta7(PB15)_L3R6_R,R,15
513284,EPG,EPG(PB08)_R3,R,acetylcholine,16180,Delta7,Delta7(PB15)_L3R6_R,R,15
511841,Delta7,Delta7(PB15)_L2R7_R,R,glutamate,16180,Delta7,Delta7(PB15)_L3R6_R,R,15
15837,Delta7,Delta7(PB15)_L1L9R8_R,R,glutamate,16180,Delta7,Delta7(PB15)_L3R6_R,R,15
11503,EPG,EPG(PB08)_R8,R,acetylcholine,16180,Delta7,Delta7(PB15)_L3R6_R,R,15
17024,Delta7,Delta7(PB15)_L5R4_L,L,glutamate,107195,EPG,EPG(PB08)_L5,L,15
16553,Delta7,Delta7(PB15)_L5R4_L,L,glutamate,107195,EPG,EPG(PB08)_L5,L,15
568155,Delta7,Delta7(PB15)_L8R1R9_L,L,glutamate,14509,Delta7,Delta7(PB15)_L4R6_R,R,15
522994,Delta7,Delta7(PB15)_L6R3_L,L,glutamate,14509,Delta7,Delta7(PB15)_L4R6_R,R,15
513464,EPG,EPG(PB08)_R8,R,acetylcholine,14509,Delta7,Delta7(PB15)_L4R6_R,R,15
15495,Delta7,Delta7(PB15)_L3R6_R,R,glutamate,513520,EPG,EPG(PB08)_R6,R,15
515961,Delta7,Delta7(PB15)_L6R3_L,L,glutamate,26038,PFL3,PFL3(PB12c)_L5_C7,L,15
513284,EPG,EPG(PB08)_R3,R,acetylcholine,523786,EPG,EPG(PB08)_R4,R,15
519941,EPG,EPG(PB08)_L3,L,acetylcholine,15904,Delta7,Delta7(PB15)_L4R5_R,R,15
15851,Delta7,Delta7(PB15)_L6R4_L,L,glutamate,15904,Delta7,Delta7(PB15)_L4R5_R,R,15
236557,FC2C,FC2C_C3_R,R,acetylcholine,26488,PFL3,PFL3(PB12c)_R5_C3,R,15
520812,EPG,EPG(PB08)_R8,R,acetylcholine,517417,Delta7,Delta7(PB15)_L6R3_L,L,15
16869,Delta7,Delta7(PB15)_L7R3_L,L,glutamate,517417,Delta7,Delta7(PB15)_L6R3_L,L,15
16234,Delta7,Delta7(PB15)_L1L9R8_R,R,glutamate,517417,Delta7,Delta7(PB15)_L6R3_L,L,15
518606,FC2A,FC2A_C8_L,L,acetylcholine,18803,PFL3,PFL3(PB12c)_R1_C7,R,15
45876,FC2A,FC2A_C7_R,R,acetylcholine,18803,PFL3,PFL3(PB12c)_R1_C7,R,15
568155,Delta7,Delta7(PB15)_L8R1R9_L,L,glutamate,16476,Delta7,Delta7(PB15)_L7R2_L,L,15
519331,Delta7,Delta7(PB15)_L3R7_R,R,glutamate,16476,Delta7,Delta7(PB15)_L7R2_L,L,15
17024,Delta7,Delta7(PB15)_L5R4_L,L,glutamate,16476,Delta7,Delta7(PB15)_L7R2_L,L,15
15495,Delta7,Delta7(PB15)_L3R6_R,R,glutamate,16476,Delta7,Delta7(PB15)_L7R2_L,L,15
15398,Delta7,Delta7(PB15)_L4R5_R,R,glutamate,16476,Delta7,Delta7(PB15)_L7R2_L,L,15
14816,Delta7,Delta7(PB15)_L6R4_L,L,glutamate,16476,Delta7,Delta7(PB15)_L7R2_L,L,15
513033,EPG,EPG(PB08)_L8,L,acetylcholine,515961,Delta7,Delta7(PB15)_L6R3_L,L,15
16110,Delta7,Delta7(PB15)_L3R6_R,R,glutamate,515961,Delta7,Delta7(PB15)_L6R3_L,L,15
556347,EPG,EPG(PB08)_R4,R,acetylcholine,520573,PFL2,PFL2(PB12b)_R5_C1,R,15
67361,FC2B,FC2B_C2_R,R,acetylcholine,520573,PFL2,PFL2(PB12b)_R5_C1,R,15
16553,Delta7,Delta7(PB15)_L5R4_L,L,glutamate,513266,PFL3,PFL3(PB12c)_R3_C5,R,15
519140,EPG,EPG(PB08)_L1,L,acetylcholine,11503,EPG,EPG(PB08)_R8,R,15
15837,Delta7,Delta7(PB15)_L1L9R8_R,R,glutamate,11503,EPG,EPG(PB08)_R8,R,15
522994,Delta7,Delta7(PB15)_L6R3_L,L,glutamate,15399,Delta7,Delta7(PB15)_L1L9R8_R,R,15
520818,EPG,EPG(PB08)_L4,L,acetylcholine,15399,Delta7,Delta7(PB15)_L1L9R8_R,R,15
515961,Delta7,Delta7(PB15)_L6R3_L,L,glutamate,15399,Delta7,Delta7(PB15)_L1L9R8_R,R,15
19125,EPG,EPG(PB08)_R5,R,acetylcholine,15399,Delta7,Delta7(PB15)_L1L9R8_R,R,15
18639,Delta7,Delta7(PB15)_L7R2_L,L,glutamate,511841,Delta7,Delta7(PB15)_L2R7_R,R,15
11874,EPG,EPG(PB08)_L7,L,acetylcholine,511841,Delta7,Delta7(PB15)_L2R7_R,R,15
519332,Delta7,Delta7(PB15)_L2R7_R,R,glutamate,15851,Delta7,Delta7(PB15)_L6R4_L,L,15
131313,EPG,EPG(PB08)_R6,R,acetylcholine,15851,Delta7,Delta7(PB15)_L6R4_L,L,15
35324,Delta7,Delta7(PB15)_L5R4_L,L,glutamate,15851,Delta7,Delta7(PB15)_L6R4_L,L,15
18823,Delta7,Delta7(PB15)_L4R5_R,R,glutamate,15851,Delta7,Delta7(PB15)_L6R4_L,L,15
16412,Delta7,Delta7(PB15)_L7R2_L,L,glutamate,15851,Delta7,Delta7(PB15)_L6R4_L,L,15
15409,Delta7,Delta7(PB15)_L8R1R9_L,L,glutamate,15851,Delta7,Delta7(PB15)_L6R4_L,L,15
14806,Delta7,Delta7(PB15)_L8R1R9_L,L,glutamate,15851,Delta7,Delta7(PB15)_L6R4_L,L,15
41941,FC2C,FC2C_C4_L,L,acetylcholine,522853,PFL2,PFL2(PB12b)_R2_C4,R,15
556347,EPG,EPG(PB08)_R4,R,acetylcholine,15713,EPG,EPG(PB08)_L6,L,15
515294,Delta7,Delta7(PB15)_L5R4_L,L,glutamate,16110,Delta7,Delta7(PB15)_L3R6_R,R,15
84758,EPG,EPG(PB08)_L7,L,acetylcholine,16110,Delta7,Delta7(PB15)_L3R6_R,R,15
16234,Delta7,Delta7(PB15)_L1L9R8_R,R,glutamate,16110,Delta7,Delta7(PB15)_L3R6_R,R,15
15398,Delta7,Delta7(PB15)_L4R5_R,R,glutamate,15654,Delta7,Delta7(PB15)_L8R1R9_L,L,15
14507,EPG,EPG(PB08)_R7,R,acetylcholine,15654,Delta7,Delta7(PB15)_L8R1R9_L,L,15
132482,FC2C,FC2C_C9_L,L,acetylcholine,519346,PFL3,PFL3(PB12c)_L7_C9,L,15
33356,FC2B,FC2B_C2_L,L,acetylcholine,108478,PFL3,PFL3(PB12c)_L1_C3,L,15
520581,EPG,EPG(PB08)_R4,R,acetylcholine,519332,Delta7,Delta7(PB15)_L2R7_R,R,15
14816,Delta7,Delta7(PB15)_L6R4_L,L,glutamate,519332,Delta7,Delta7(PB15)_L2R7_R,R,15
11874,EPG,EPG(PB08)_L7,L,acetylcholine,519332,Delta7,Delta7(PB15)_L2R7_R,R,15
18639,Delta7,Delta7(PB15)_L7R2_L,L,glutamate,16869,Delta7,Delta7(PB15)_L7R3_L,L,15
16180,Delta7,Delta7(PB15)_L3R6_R,R,glutamate,16869,Delta7,Delta7(PB15)_L7R3_L,L,15
15399,Delta7,Delta7(PB15)_L1L9R8_R,R,glutamate,16869,Delta7,Delta7(PB15)_L7R3_L,L,15
11987,EPG,EPG(PB08)_R5,R,acetylcholine,16869,Delta7,Delta7(PB15)_L7R3_L,L,15
515961,Delta7,Delta7(PB15)_L6R3_L,L,glutamate,513032,PFL3,PFL3(PB12c)_L5_C7,L,15
533725,Delta7,Delta7(PB15)_L8R1R9_L,L,glutamate,568155,Delta7,Delta7(PB15)_L8R1R9_L,L,15
513517,EPG,EPG(PB08)_L4,L,acetylcholine,568155,Delta7,Delta7(PB15)_L8R1R9_L,L,15
511841,Delta7,Delta7(PB15)_L2R7_R,R,glutamate,568155,Delta7,Delta7(PB15)_L8R1R9_L,L,15
14509,Delta7,Delta7(PB15)_L4R6_R,R,glutamate,568155,Delta7,Delta7(PB15)_L8R1R9_L,L,15
568155,Delta7,Delta7(PB15)_L8R1R9_L,L,glutamate,519144,EPG,EPG(PB08)_L8,L,15
518606,FC2A,FC2A_C8_L,L,acetylcholine,513034,PFL2,PFL2(PB12b)_L5_C9,L,15
74480,FC2C,FC2C_C9_R,R,acetylcholine,513034,PFL2,PFL2(PB12b)_L5_C9,L,15
68579,FC2C,FC2C_C5_R,R,acetylcholine,13490,PFL2,PFL2(PB12b)_L1_C5,L,15
14816,Delta7,Delta7(PB15)_L6R4_L,L,glutamate,15837,Delta7,Delta7(PB15)_L1L9R8_R,R,15
520812,EPG,EPG(PB08)_R8,R,acetylcholine,15398,Delta7,Delta7(PB15)_L4R5_R,R,15
519331,Delta7,Delta7(PB15)_L3R7_R,R,glutamate,15398,Delta7,Delta7(PB15)_L4R5_R,R,15
513464,EPG,EPG(PB08)_R8,R,acetylcholine,15398,Delta7,Delta7(PB15)_L4R5_R,R,15
513033,EPG,EPG(PB08)_L8,L,acetylcholine,15398,Delta7,Delta7(PB15)_L4R5_R,R,15
18639,Delta7,Delta7(PB15)_L7R2_L,L,glutamate,15398,Delta7,Delta7(PB15)_L4R5_R,R,15
88342,EPG,EPG(PB08)_L3,L,acetylcholine,17024,Delta7,Delta7(PB15)_L5R4_L,L,15
16869,Delta7,Delta7(PB15)_L7R3_L,L,glutamate,17024,Delta7,Delta7(PB15)_L5R4_L,L,15
16412,Delta7,Delta7(PB15)_L7R2_L,L,glutamate,17024,Delta7,Delta7(PB15)_L5R4_L,L,15
95713,FC2C,FC2C_C4_L,L,acetylcholine,23159,PFL3,PFL3(PB12c)_R4_C4,R,15
16553,Delta7,Delta7(PB15)_L5R4_L,L,glutamate,23159,PFL3,PFL3(PB12c)_R4_C4,R,15
106495,FC2B,FC2B_C6_R,R,acetylcholine,519351,PFL3,PFL3(PB12c)_L4_C5,L,15
16110,Delta7,Delta7(PB15)_L3R6_R,R,glutamate,515294,Delta7,Delta7(PB15)_L5R4_L,L,15
524074,Delta7,Delta7(PB15)_L5R4_L,L,glutamate,11184,Delta7,Delta7(PB15)_L1L9R8_R,R,15
434891,Delta7,Delta7(PB15)_L3R7_R,R,glutamate,11184,Delta7,Delta7(PB15)_L1L9R8_R,R,15
131313,EPG,EPG(PB08)_R6,R,acetylcholine,11184,Delta7,Delta7(PB15)_L1L9R8_R,R,15
15409,Delta7,Delta7(PB15)_L8R1R9_L,L,glutamate,11184,Delta7,Delta7(PB15)_L1L9R8_R,R,15
14727,EPG,EPG(PB08)_L7,L,acetylcholine,11184,Delta7,Delta7(PB15)_L1L9R8_R,R,15
519331,Delta7,Delta7(PB15)_L3R7_R,R,glutamate,35324,Delta7,Delta7(PB15)_L5R4_L,L,15
519332,Delta7,Delta7(PB15)_L2R7_R,R,glutamate,35324,Delta7,Delta7(PB15)_L5R4_L,L,15
513464,EPG,EPG(PB08)_R8,R,acetylcholine,35324,Delta7,Delta7(PB15)_L5R4_L,L,15
16180,Delta7,Delta7(PB15)_L3R6_R,R,glutamate,35324,Delta7,Delta7(PB15)_L5R4_L,L,15
15904,Delta7,Delta7(PB15)_L4R5_R,R,glutamate,35324,Delta7,Delta7(PB15)_L5R4_L,L,15
15495,Delta7,Delta7(PB15)_L3R6_R,R,glutamate,35324,Delta7,Delta7(PB15)_L5R4_L,L,15
14816,Delta7,Delta7(PB15)_L6R4_L,L,glutamate,35324,Delta7,Delta7(PB15)_L5R4_L,L,15
514126,EPG,EPG(PB08)_R5,R,acetylcholine,16234,Delta7,Delta7(PB15)_L1L9R8_R,R,15
107195,EPG,EPG(PB08)_L5,L,acetylcholine,16234,Delta7,Delta7(PB15)_L1L9R8_R,R,15
15616,EPG,EPG(PB08)_R3,R,acetylcholine,16234,Delta7,Delta7(PB15)_L1L9R8_R,R,15
10513,Delta7,Delta7(PB15)_L3R6_R,R,glutamate,16234,Delta7,Delta7(PB15)_L1L9R8_R,R,15
512928,EPG,EPG(PB08)_R3,R,acetylcholine,84758,EPG,EPG(PB08)_L7,L,15
521812,EPG,EPG(PB08)_R7,R,acetylcholine,17753,Delta7,Delta7(PB15)_L7R3_L,L,15
520818,EPG,EPG(PB08)_L4,L,acetylcholine,17753,Delta7,Delta7(PB15)_L7R3_L,L,15
519332,Delta7,Delta7(PB15)_L2R7_R,R,glutamate,17753,Delta7,Delta7(PB15)_L7R3_L,L,15
517417,Delta7,Delta7(PB15)_L6R3_L,L,glutamate,17753,Delta7,Delta7(PB15)_L7R3_L,L,15
513464,EPG,EPG(PB08)_R8,R,acetylcholine,17753,Delta7,Delta7(PB15)_L7R3_L,L,15
92188,EPG,EPG(PB08)_R7,R,acetylcholine,17753,Delta7,Delta7(PB15)_L7R3_L,L,15
513520,EPG,EPG(PB08)_R6,R,acetylcholine,522994,Delta7,Delta7(PB15)_L6R3_L,L,15
15904,Delta7,Delta7(PB15)_L4R5_R,R,glutamate,522994,Delta7,Delta7(PB15)_L6R3_L,L,15
14507,EPG,EPG(PB08)_R7,R,acetylcholine,522994,Delta7,Delta7(PB15)_L6R3_L,L,15
521813,EPG,EPG(PB08)_L2,L,acetylcholine,88342,EPG,EPG(PB08)_L3,L,15
10513,Delta7,Delta7(PB15)_L3R6_R,R,glutamate,88342,EPG,EPG(PB08)_L3,L,15
14806,Delta7,Delta7(PB15)_L8R1R9_L,L,glutamate,521409,EPG,EPG(PB08)_L8,L,15
520581,EPG,EPG(PB08)_R4,R,acetylcholine,16360,EPG,EPG(PB08)_L6,L,15
521812,EPG,EPG(PB08)_R7,R,acetylcholine,15409,Delta7,Delta7(PB15)_L8R1R9_L,L,15
14806,Delta7,Delta7(PB15)_L8R1R9_L,L,glutamate,15409,Delta7,Delta7(PB15)_L8R1R9_L,L,15
537128,FC2C,FC2C_C1_L,L,acetylcholine,79549,PFL3,PFL3(PB12c)_R7_C1,R,15
137990,FC2B,FC2B_C3_L,L,acetylcholine,13031,PFL2,PFL2(PB12b)_R3_C3,R,15
16476,Delta7,Delta7(PB15)_L7R2_L,L,glutamate,11874,EPG,EPG(PB08)_L7,L,15
91537,FC2C,FC2C_C5_L,L,acetylcholine,14729,PFL2,PFL2(PB12b)_R1_C5,R,15
68579,FC2C,FC2C_C5_R,R,acetylcholine,14729,PFL2,PFL2(PB12b)_R1_C5,R,15
529266,FC2C,FC2C_C2_L,L,acetylcholine,11673,PFL2,PFL2(PB12b)_R4_C2,R,15
18823,Delta7,Delta7(PB15)_L4R5_R,R,glutamate,524074,Delta7,Delta7(PB15)_L5R4_L,L,15
15399,Delta7,Delta7(PB15)_L1L9R8_R,R,glutamate,524074,Delta7,Delta7(PB15)_L5R4_L,L,15
512305,EPG,EPG(PB08)_R8,R,acetylcholine,529318,Delta7,Delta7(PB15)_L4R5_R,R,15
84758,EPG,EPG(PB08)_L7,L,acetylcholine,529318,Delta7,Delta7(PB15)_L4R5_R,R,15
16553,Delta7,Delta7(PB15)_L5R4_L,L,glutamate,529318,Delta7,Delta7(PB15)_L4R5_R,R,15
14509,Delta7,Delta7(PB15)_L4R6_R,R,glutamate,529318,Delta7,Delta7(PB15)_L4R5_R,R,15
11874,EPG,EPG(PB08)_L7,L,acetylcholine,529318,Delta7,Delta7(PB15)_L4R5_R,R,15
11503,EPG,EPG(PB08)_R8,R,acetylcholine,529318,Delta7,Delta7(PB15)_L4R5_R,R,15
520581,EPG,EPG(PB08)_R4,R,acetylcholine,10513,Delta7,Delta7(PB15)_L3R6_R,R,15
524074,Delta7,Delta7(PB15)_L5R4_L,L,glutamate,17379,Delta7,Delta7(PB15)_L4R5_R,R,15
15409,Delta7,Delta7(PB15)_L8R1R9_L,L,glutamate,17379,Delta7,Delta7(PB15)_L4R5_R,R,15
132482,FC2C,FC2C_C9_L,L,acetylcholine,18851,PFL3,PFL3(PB12c)_L1_C8_irreg,R,15
88342,EPG,EPG(PB08)_L3,L,acetylcholine,92188,EPG,EPG(PB08)_R7,R,14
96384,FC2B,FC2B_C5_R,R,acetylcholine,567101,PFL3,PFL3(PB12c)_R3_C5,R,14
16553,Delta7,Delta7(PB15)_L5R4_L,L,glutamate,16412,Delta7,Delta7(PB15)_L7R2_L,L,14
14727,EPG,EPG(PB08)_L7,L,acetylcholine,513284,EPG,EPG(PB08)_R3,R,14
533725,Delta7,Delta7(PB15)_L8R1R9_L,L,glutamate,17143,Delta7,Delta7(PB15)_L2R7_R,R,14
523786,EPG,EPG(PB08)_R4,R,acetylcholine,17143,Delta7,Delta7(PB15)_L2R7_R,R,14
19125,EPG,EPG(PB08)_R5,R,acetylcholine,17143,Delta7,Delta7(PB15)_L2R7_R,R,14
16180,Delta7,Delta7(PB15)_L3R6_R,R,glutamate,17143,Delta7,Delta7(PB15)_L2R7_R,R,14
14816,Delta7,Delta7(PB15)_L6R4_L,L,glutamate,17143,Delta7,Delta7(PB15)_L2R7_R,R,14
12449,EPG,EPG(PB08)_L5,L,acetylcholine,17143,Delta7,Delta7(PB15)_L2R7_R,R,14
522994,Delta7,Delta7(PB15)_L6R3_L,L,glutamate,519331,Delta7,Delta7(PB15)_L3R7_R,R,14
15851,Delta7,Delta7(PB15)_L6R4_L,L,glutamate,519331,Delta7,Delta7(PB15)_L3R7_R,R,14
524073,EPG,EPG(PB08)_L2,L,acetylcholine,513464,EPG,EPG(PB08)_R8,R,14
140787,FC2B,FC2B_C1_L,L,acetylcholine,520811,PFL3,PFL3(PB12c)_R6_C2,R,14
139763,FC2C,FC2C_C2_R,R,acetylcholine,520811,PFL3,PFL3(PB12c)_R6_C2,R,14
34203,FC2B,FC2B_C1_R,R,acetylcholine,520811,PFL3,PFL3(PB12c)_R6_C2,R,14
15904,Delta7,Delta7(PB15)_L4R5_R,R,glutamate,11307,EPG,EPG(PB08)_L4,L,14
556347,EPG,EPG(PB08)_R4,R,acetylcholine,14806,Delta7,Delta7(PB15)_L8R1R9_L,L,14
17143,Delta7,Delta7(PB15)_L2R7_R,R,glutamate,14806,Delta7,Delta7(PB15)_L8R1R9_L,L,14
515961,Delta7,Delta7(PB15)_L6R3_L,L,glutamate,17804,Delta7,Delta7(PB15)_L7R2_L,L,14
17024,Delta7,Delta7(PB15)_L5R4_L,L,glutamate,17804,Delta7,Delta7(PB15)_L7R2_L,L,14
16180,Delta7,Delta7(PB15)_L3R6_R,R,glutamate,16540,Delta7,Delta7(PB15)_L2R7_R,R,14
14816,Delta7,Delta7(PB15)_L6R4_L,L,glutamate,15495,Delta7,Delta7(PB15)_L3R6_R,R,14
13217,EPG,EPG(PB08)_L8,L,acetylcholine,15495,Delta7,Delta7(PB15)_L3R6_R,R,14
521812,EPG,EPG(PB08)_R7,R,acetylcholine,14816,Delta7,Delta7(PB15)_L6R4_L,L,14
515961,Delta7,Delta7(PB15)_L6R3_L,L,glutamate,14816,Delta7,Delta7(PB15)_L6R4_L,L,14
17024,Delta7,Delta7(PB15)_L5R4_L,L,glutamate,14816,Delta7,Delta7(PB15)_L6R4_L,L,14
16234,Delta7,Delta7(PB15)_L1L9R8_R,R,glutamate,533725,Delta7,Delta7(PB15)_L8R1R9_L,L,14
15904,Delta7,Delta7(PB15)_L4R5_R,R,glutamate,533725,Delta7,Delta7(PB15)_L8R1R9_L,L,14
515294,Delta7,Delta7(PB15)_L5R4_L,L,glutamate,18639,Delta7,Delta7(PB15)_L7R2_L,L,14
514126,EPG,EPG(PB08)_R5,R,acetylcholine,18639,Delta7,Delta7(PB15)_L7R2_L,L,14
19125,EPG,EPG(PB08)_R5,R,acetylcholine,18639,Delta7,Delta7(PB15)_L7R2_L,L,14
15837,Delta7,Delta7(PB15)_L1L9R8_R,R,glutamate,18639,Delta7,Delta7(PB15)_L7R2_L,L,14
512928,EPG,EPG(PB08)_R3,R,acetylcholine,18823,Delta7,Delta7(PB15)_L4R5_R,R,14
512305,EPG,EPG(PB08)_R8,R,acetylcholine,18823,Delta7,Delta7(PB15)_L4R5_R,R,14
122334,FC2C,FC2C_C7_L,L,acetylcholine,27492,PFL2,PFL2(PB12b)_L3_C7,L,14
512513,EPG,EPG(PB08)_R1,R,acetylcholine,434891,Delta7,Delta7(PB15)_L3R7_R,R,14
16360,EPG,EPG(PB08)_L6,L,acetylcholine,434891,Delta7,Delta7(PB15)_L3R7_R,R,14
16180,Delta7,Delta7(PB15)_L3R6_R,R,glutamate,434891,Delta7,Delta7(PB15)_L3R7_R,R,14
14816,Delta7,Delta7(PB15)_L6R4_L,L,glutamate,434891,Delta7,Delta7(PB15)_L3R7_R,R,14
11874,EPG,EPG(PB08)_L7,L,acetylcholine,434891,Delta7,Delta7(PB15)_L3R7_R,R,14
533725,Delta7,Delta7(PB15)_L8R1R9_L,L,glutamate,15839,Delta7,Delta7(PB15)_L1L9R8_R,R,14
524074,Delta7,Delta7(PB15)_L5R4_L,L,glutamate,15839,Delta7,Delta7(PB15)_L1L9R8_R,R,14
513463,EPG,EPG(PB08)_R2,R,acetylcholine,15839,Delta7,Delta7(PB15)_L1L9R8_R,R,14
17804,Delta7,Delta7(PB15)_L7R2_L,L,glutamate,15839,Delta7,Delta7(PB15)_L1L9R8_R,R,14
14727,EPG,EPG(PB08)_L7,L,acetylcholine,15839,Delta7,Delta7(PB15)_L1L9R8_R,R,14
16180,Delta7,Delta7(PB15)_L3R6_R,R,glutamate,518378,PFL3,PFL3(PB12c)_R5_C3,R,14
16869,Delta7,Delta7(PB15)_L7R3_L,L,glutamate,15210,PFL3,PFL3(PB12c)_R2_C1_irreg,L,14
568155,Delta7,Delta7(PB15)_L8R1R9_L,L,glutamate,519140,EPG,EPG(PB08)_L1,L,14
15837,Delta7,Delta7(PB15)_L1L9R8_R,R,glutamate,519140,EPG,EPG(PB08)_L1,L,14
512928,EPG,EPG(PB08)_R3,R,acetylcholine,556346,EPG,EPG(PB08)_L6,L,14
112888,FC2C,FC2C_C8_L,L,acetylcholine,17290,PFL3,PFL3(PB12c)_L6_C8,L,14
556346,EPG,EPG(PB08)_L6,L,acetylcholine,16180,Delta7,Delta7(PB15)_L3R6_R,R,14
515961,Delta7,Delta7(PB15)_L6R3_L,L,glutamate,16180,Delta7,Delta7(PB15)_L3R6_R,R,14
513033,EPG,EPG(PB08)_L8,L,acetylcholine,16180,Delta7,Delta7(PB15)_L3R6_R,R,14
17804,Delta7,Delta7(PB15)_L7R2_L,L,glutamate,16180,Delta7,Delta7(PB15)_L3R6_R,R,14
14806,Delta7,Delta7(PB15)_L8R1R9_L,L,glutamate,16180,Delta7,Delta7(PB15)_L3R6_R,R,14
137299,FC2A,FC2A_C5_L,L,acetylcholine,29836,PFL3,PFL3(PB12c)_L4_C6,L,14
35324,Delta7,Delta7(PB15)_L5R4_L,L,glutamate,14509,Delta7,Delta7(PB15)_L4R6_R,R,14
15398,Delta7,Delta7(PB15)_L4R5_R,R,glutamate,14509,Delta7,Delta7(PB15)_L4R6_R,R,14
13217,EPG,EPG(PB08)_L8,L,acetylcholine,14509,Delta7,Delta7(PB15)_L4R6_R,R,14
514126,EPG,EPG(PB08)_R5,R,acetylcholine,513520,EPG,EPG(PB08)_R6,R,14
10513,Delta7,Delta7(PB15)_L3R6_R,R,glutamate,513520,EPG,EPG(PB08)_R6,R,14
18639,Delta7,Delta7(PB15)_L7R2_L,L,glutamate,15904,Delta7,Delta7(PB15)_L4R5_R,R,14
17753,Delta7,Delta7(PB15)_L7R3_L,L,glutamate,15904,Delta7,Delta7(PB15)_L4R5_R,R,14
14816,Delta7,Delta7(PB15)_L6R4_L,L,glutamate,15904,Delta7,Delta7(PB15)_L4R5_R,R,14
14806,Delta7,Delta7(PB15)_L8R1R9_L,L,glutamate,15904,Delta7,Delta7(PB15)_L4R5_R,R,14
137990,FC2B,FC2B_C3_L,L,acetylcholine,26488,PFL3,PFL3(PB12c)_R5_C3,R,14
19125,EPG,EPG(PB08)_R5,R,acetylcholine,26488,PFL3,PFL3(PB12c)_R5_C3,R,14
519140,EPG,EPG(PB08)_L1,L,acetylcholine,517417,Delta7,Delta7(PB15)_L6R3_L,L,14
11307,EPG,EPG(PB08)_L4,L,acetylcholine,517417,Delta7,Delta7(PB15)_L6R3_L,L,14
10513,Delta7,Delta7(PB15)_L3R6_R,R,glutamate,517417,Delta7,Delta7(PB15)_L6R3_L,L,14
85400,FC2B,FC2B_C7_R,R,acetylcholine,18803,PFL3,PFL3(PB12c)_R1_C7,R,14
45343,FC2C,FC2C_C7_L,L,acetylcholine,18803,PFL3,PFL3(PB12c)_R1_C7,R,14
35277,FC2B,FC2B_C8_R,R,acetylcholine,18803,PFL3,PFL3(PB12c)_R1_C7,R,14
19825,EPG,EPG(PB08)_R6,R,acetylcholine,16476,Delta7,Delta7(PB15)_L7R2_L,L,14
14509,Delta7,Delta7(PB15)_L4R6_R,R,glutamate,16476,Delta7,Delta7(PB15)_L7R2_L,L,14
568155,Delta7,Delta7(PB15)_L8R1R9_L,L,glutamate,515961,Delta7,Delta7(PB15)_L6R3_L,L,14
519328,EPG,EPG(PB08)_L3,L,acetylcholine,515961,Delta7,Delta7(PB15)_L6R3_L,L,14
35324,Delta7,Delta7(PB15)_L5R4_L,L,glutamate,515961,Delta7,Delta7(PB15)_L6R3_L,L,14
16540,Delta7,Delta7(PB15)_L2R7_R,R,glutamate,515961,Delta7,Delta7(PB15)_L6R3_L,L,14
16234,Delta7,Delta7(PB15)_L1L9R8_R,R,glutamate,515961,Delta7,Delta7(PB15)_L6R3_L,L,14
15839,Delta7,Delta7(PB15)_L1L9R8_R,R,glutamate,515961,Delta7,Delta7(PB15)_L6R3_L,L,14
11503,EPG,EPG(PB08)_R8,R,acetylcholine,515961,Delta7,Delta7(PB15)_L6R3_L,L,14
515233,FC2B,FC2B_C2_R,R,acetylcholine,520573,PFL2,PFL2(PB12b)_R5_C1,R,14
11987,EPG,EPG(PB08)_R5,R,acetylcholine,520573,PFL2,PFL2(PB12b)_R5_C1,R,14
533725,Delta7,Delta7(PB15)_L8R1R9_L,L,glutamate,512513,EPG,EPG(PB08)_R1,R,14
513033,EPG,EPG(PB08)_L8,L,acetylcholine,512513,EPG,EPG(PB08)_R1,R,14
556347,EPG,EPG(PB08)_R4,R,acetylcholine,513266,PFL3,PFL3(PB12c)_R3_C5,R,14
66750,FC2C,FC2C_C4_R,R,acetylcholine,513266,PFL3,PFL3(PB12c)_R3_C5,R,14
521813,EPG,EPG(PB08)_L2,L,acetylcholine,11503,EPG,EPG(PB08)_R8,R,14
153558,FC2C,FC2C_C5_R,R,acetylcholine,530071,PFL3,PFL3(PB12c)_L3_C5,L,14
41941,FC2C,FC2C_C4_L,L,acetylcholine,530071,PFL3,PFL3(PB12c)_L3_C5,L,14
529318,Delta7,Delta7(PB15)_L4R5_R,R,glutamate,511841,Delta7,Delta7(PB15)_L2R7_R,R,14
524074,Delta7,Delta7(PB15)_L5R4_L,L,glutamate,511841,Delta7,Delta7(PB15)_L2R7_R,R,14
513463,EPG,EPG(PB08)_R2,R,acetylcholine,511841,Delta7,Delta7(PB15)_L2R7_R,R,14
13217,EPG,EPG(PB08)_L8,L,acetylcholine,10539,EPG,EPG(PB08)_R2,R,14
512513,EPG,EPG(PB08)_R1,R,acetylcholine,15851,Delta7,Delta7(PB15)_L6R4_L,L,14
515675,EPG,EPG(PB08)_R1,R,acetylcholine,522853,PFL2,PFL2(PB12b)_R2_C4,R,14
513463,EPG,EPG(PB08)_R2,R,acetylcholine,522853,PFL2,PFL2(PB12b)_R2_C4,R,14
99820,FC2B,FC2B_C4_L,L,acetylcholine,522853,PFL2,PFL2(PB12b)_R2_C4,R,14
87630,FC2B,FC2B_C3_L,L,acetylcholine,522853,PFL2,PFL2(PB12b)_R2_C4,R,14
71855,FC2A,FC2A_C3_L,L,acetylcholine,522853,PFL2,PFL2(PB12b)_R2_C4,R,14
13031,PFL2,PFL2(PB12b)_R3_C3,R,acetylcholine,522853,PFL2,PFL2(PB12b)_R2_C4,R,14
15851,Delta7,Delta7(PB15)_L6R4_L,L,glutamate,15713,EPG,EPG(PB08)_L6,L,14
88342,EPG,EPG(PB08)_L3,L,acetylcholine,521813,EPG,EPG(PB08)_L2,L,14
45876,FC2A,FC2A_C7_R,R,acetylcholine,18327,PFL3,PFL3(PB12c)_R2_C6,R,14
16869,Delta7,Delta7(PB15)_L7R3_L,L,glutamate,18327,PFL3,PFL3(PB12c)_R2_C6,R,14
511841,Delta7,Delta7(PB15)_L2R7_R,R,glutamate,16110,Delta7,Delta7(PB15)_L3R6_R,R,14
14727,EPG,EPG(PB08)_L7,L,acetylcholine,16110,Delta7,Delta7(PB15)_L3R6_R,R,14
14509,Delta7,Delta7(PB15)_L4R6_R,R,glutamate,16110,Delta7,Delta7(PB15)_L3R6_R,R,14
519328,EPG,EPG(PB08)_L3,L,acetylcholine,15654,Delta7,Delta7(PB15)_L8R1R9_L,L,14
92188,EPG,EPG(PB08)_R7,R,acetylcholine,15654,Delta7,Delta7(PB15)_L8R1R9_L,L,14
15904,Delta7,Delta7(PB15)_L4R5_R,R,glutamate,15654,Delta7,Delta7(PB15)_L8R1R9_L,L,14
522994,Delta7,Delta7(PB15)_L6R3_L,L,glutamate,518375,PFL2,PFL2(PB12b)_R3_C3,R,14
512928,EPG,EPG(PB08)_R3,R,acetylcholine,518375,PFL2,PFL2(PB12b)_R3_C3,R,14
89635,FC2B,FC2B_C3_R,R,acetylcholine,518375,PFL2,PFL2(PB12b)_R3_C3,R,14
531073,FC2C,FC2C_C9_R,R,acetylcholine,519346,PFL3,PFL3(PB12c)_L7_C9,L,14
57603,FC2C,FC2C_C9_L,L,acetylcholine,519346,PFL3,PFL3(PB12c)_L7_C9,L,14
512514,EPG,EPG(PB08)_L1,L,acetylcholine,108478,PFL3,PFL3(PB12c)_L1_C3,L,14
140794,FC2C,FC2C_C3_R,R,acetylcholine,108478,PFL3,PFL3(PB12c)_L1_C3,L,14
515961,Delta7,Delta7(PB15)_L6R3_L,L,glutamate,519332,Delta7,Delta7(PB15)_L2R7_R,R,14
17753,Delta7,Delta7(PB15)_L7R3_L,L,glutamate,519332,Delta7,Delta7(PB15)_L2R7_R,R,14
16553,Delta7,Delta7(PB15)_L5R4_L,L,glutamate,519332,Delta7,Delta7(PB15)_L2R7_R,R,14
16476,Delta7,Delta7(PB15)_L7R2_L,L,glutamate,519332,Delta7,Delta7(PB15)_L2R7_R,R,14
16360,EPG,EPG(PB08)_L6,L,acetylcholine,519332,Delta7,Delta7(PB15)_L2R7_R,R,14
522994,Delta7,Delta7(PB15)_L6R3_L,L,glutamate,16869,Delta7,Delta7(PB15)_L7R3_L,L,14
92188,EPG,EPG(PB08)_R7,R,acetylcholine,16869,Delta7,Delta7(PB15)_L7R3_L,L,14
16234,Delta7,Delta7(PB15)_L1L9R8_R,R,glutamate,16869,Delta7,Delta7(PB15)_L7R3_L,L,14
15839,Delta7,Delta7(PB15)_L1L9R8_R,R,glutamate,16869,Delta7,Delta7(PB15)_L7R3_L,L,14
11503,EPG,EPG(PB08)_R8,R,acetylcholine,16869,Delta7,Delta7(PB15)_L7R3_L,L,14
522994,Delta7,Delta7(PB15)_L6R3_L,L,glutamate,568155,Delta7,Delta7(PB15)_L8R1R9_L,L,14
92188,EPG,EPG(PB08)_R7,R,acetylcholine,568155,Delta7,Delta7(PB15)_L8R1R9_L,L,14
17024,Delta7,Delta7(PB15)_L5R4_L,L,glutamate,568155,Delta7,Delta7(PB15)_L8R1R9_L,L,14
15851,Delta7,Delta7(PB15)_L6R4_L,L,glutamate,568155,Delta7,Delta7(PB15)_L8R1R9_L,L,14
15839,Delta7,Delta7(PB15)_L1L9R8_R,R,glutamate,568155,Delta7,Delta7(PB15)_L8R1R9_L,L,14
15495,Delta7,Delta7(PB15)_L3R6_R,R,glutamate,568155,Delta7,Delta7(PB15)_L8R1R9_L,L,14
15398,Delta7,Delta7(PB15)_L4R5_R,R,glutamate,568155,Delta7,Delta7(PB15)_L8R1R9_L,L,14
10513,Delta7,Delta7(PB15)_L3R6_R,R,glutamate,568155,Delta7,Delta7(PB15)_L8R1R9_L,L,14
107195,EPG,EPG(PB08)_L5,L,acetylcholine,513034,PFL2,PFL2(PB12b)_L5_C9,L,14
556346,EPG,EPG(PB08)_L6,L,acetylcholine,512928,EPG,EPG(PB08)_R3,R,14
74326,FC2B,FC2B_C8_L,L,acetylcholine,19009,PFL3,PFL3(PB12c)_L2_C9_irreg,R,14
56905,FC2C,FC2C_C9_L,L,acetylcholine,19009,PFL3,PFL3(PB12c)_L2_C9_irreg,R,14
568155,Delta7,Delta7(PB15)_L8R1R9_L,L,glutamate,15837,Delta7,Delta7(PB15)_L1L9R8_R,R,14
524074,Delta7,Delta7(PB15)_L5R4_L,L,glutamate,15837,Delta7,Delta7(PB15)_L1L9R8_R,R,14
16476,Delta7,Delta7(PB15)_L7R2_L,L,glutamate,15837,Delta7,Delta7(PB15)_L1L9R8_R,R,14
15839,Delta7,Delta7(PB15)_L1L9R8_R,R,glutamate,15837,Delta7,Delta7(PB15)_L1L9R8_R,R,14
15851,Delta7,Delta7(PB15)_L6R4_L,L,glutamate,15398,Delta7,Delta7(PB15)_L4R5_R,R,14
15399,Delta7,Delta7(PB15)_L1L9R8_R,R,glutamate,15398,Delta7,Delta7(PB15)_L4R5_R,R,14
521813,EPG,EPG(PB08)_L2,L,acetylcholine,17024,Delta7,Delta7(PB15)_L5R4_L,L,14
520812,EPG,EPG(PB08)_R8,R,acetylcholine,17024,Delta7,Delta7(PB15)_L5R4_L,L,14
519331,Delta7,Delta7(PB15)_L3R7_R,R,glutamate,17024,Delta7,Delta7(PB15)_L5R4_L,L,14
519332,Delta7,Delta7(PB15)_L2R7_R,R,glutamate,17024,Delta7,Delta7(PB15)_L5R4_L,L,14
517417,Delta7,Delta7(PB15)_L6R3_L,L,glutamate,17024,Delta7,Delta7(PB15)_L5R4_L,L,14
18639,Delta7,Delta7(PB15)_L7R2_L,L,glutamate,17024,Delta7,Delta7(PB15)_L5R4_L,L,14
16553,Delta7,Delta7(PB15)_L5R4_L,L,glutamate,12449,EPG,EPG(PB08)_L5,L,14
79204,FC2C,FC2C_C3_L,L,acetylcholine,23159,PFL3,PFL3(PB12c)_R4_C4,R,14
41941,FC2C,FC2C_C4_L,L,acetylcholine,23159,PFL3,PFL3(PB12c)_R4_C4,R,14
521812,EPG,EPG(PB08)_R7,R,acetylcholine,515294,Delta7,Delta7(PB15)_L5R4_L,L,14
35324,Delta7,Delta7(PB15)_L5R4_L,L,glutamate,515294,Delta7,Delta7(PB15)_L5R4_L,L,14
17804,Delta7,Delta7(PB15)_L7R2_L,L,glutamate,515294,Delta7,Delta7(PB15)_L5R4_L,L,14
16412,Delta7,Delta7(PB15)_L7R2_L,L,glutamate,515294,Delta7,Delta7(PB15)_L5R4_L,L,14
511841,Delta7,Delta7(PB15)_L2R7_R,R,glutamate,11184,Delta7,Delta7(PB15)_L1L9R8_R,R,14
17379,Delta7,Delta7(PB15)_L4R5_R,R,glutamate,11184,Delta7,Delta7(PB15)_L1L9R8_R,R,14
10513,Delta7,Delta7(PB15)_L3R6_R,R,glutamate,11184,Delta7,Delta7(PB15)_L1L9R8_R,R,14
515294,Delta7,Delta7(PB15)_L5R4_L,L,glutamate,35324,Delta7,Delta7(PB15)_L5R4_L,L,14
513463,EPG,EPG(PB08)_R2,R,acetylcholine,35324,Delta7,Delta7(PB15)_L5R4_L,L,14
17143,Delta7,Delta7(PB15)_L2R7_R,R,glutamate,35324,Delta7,Delta7(PB15)_L5R4_L,L,14
11503,EPG,EPG(PB08)_R8,R,acetylcholine,35324,Delta7,Delta7(PB15)_L5R4_L,L,14
10513,Delta7,Delta7(PB15)_L3R6_R,R,glutamate,35324,Delta7,Delta7(PB15)_L5R4_L,L,14
556346,EPG,EPG(PB08)_L6,L,acetylcholine,16234,Delta7,Delta7(PB15)_L1L9R8_R,R,14
520818,EPG,EPG(PB08)_L4,L,acetylcholine,16234,Delta7,Delta7(PB15)_L1L9R8_R,R,14
512928,EPG,EPG(PB08)_R3,R,acetylcholine,16234,Delta7,Delta7(PB15)_L1L9R8_R,R,14
16540,Delta7,Delta7(PB15)_L2R7_R,R,glutamate,16234,Delta7,Delta7(PB15)_L1L9R8_R,R,14
11987,EPG,EPG(PB08)_R5,R,acetylcholine,16234,Delta7,Delta7(PB15)_L1L9R8_R,R,14
529318,Delta7,Delta7(PB15)_L4R5_R,R,glutamate,17753,Delta7,Delta7(PB15)_L7R3_L,L,14
107195,EPG,EPG(PB08)_L5,L,acetylcholine,17753,Delta7,Delta7(PB15)_L7R3_L,L,14
19125,EPG,EPG(PB08)_R5,R,acetylcholine,17753,Delta7,Delta7(PB15)_L7R3_L,L,14
12449,EPG,EPG(PB08)_L5,L,acetylcholine,17753,Delta7,Delta7(PB15)_L7R3_L,L,14
533725,Delta7,Delta7(PB15)_L8R1R9_L,L,glutamate,522994,Delta7,Delta7(PB15)_L6R3_L,L,14
519331,Delta7,Delta7(PB15)_L3R7_R,R,glutamate,522994,Delta7,Delta7(PB15)_L6R3_L,L,14
16476,Delta7,Delta7(PB15)_L7R2_L,L,glutamate,522994,Delta7,Delta7(PB15)_L6R3_L,L,14
14816,Delta7,Delta7(PB15)_L6R4_L,L,glutamate,522994,Delta7,Delta7(PB15)_L6R3_L,L,14
529318,Delta7,Delta7(PB15)_L4R5_R,R,glutamate,514126,EPG,EPG(PB08)_R5,R,14
521813,EPG,EPG(PB08)_L2,L,acetylcholine,520812,EPG,EPG(PB08)_R8,R,14
434891,Delta7,Delta7(PB15)_L3R7_R,R,glutamate,15409,Delta7,Delta7(PB15)_L8R1R9_L,L,14
79204,FC2C,FC2C_C3_L,L,acetylcholine,13031,PFL2,PFL2(PB12b)_R3_C3,R,14
524074,Delta7,Delta7(PB15)_L5R4_L,L,glutamate,520581,EPG,EPG(PB08)_R4,R,14
107195,EPG,EPG(PB08)_L5,L,acetylcholine,520581,EPG,EPG(PB08)_R4,R,14
16553,Delta7,Delta7(PB15)_L5R4_L,L,glutamate,520581,EPG,EPG(PB08)_R4,R,14
122167,FC2C,FC2C_C7_R,R,acetylcholine,511842,PFL2,PFL2(PB12b)_L2_C6,L,14
10539,EPG,EPG(PB08)_R2,R,acetylcholine,11874,EPG,EPG(PB08)_L7,L,14
79204,FC2C,FC2C_C3_L,L,acetylcholine,17000,PFL3,PFL3(PB12c)_L1_C3,L,14
46169,FC2A,FC2A_C1_L,L,acetylcholine,11673,PFL2,PFL2(PB12b)_R4_C2,R,14
19825,EPG,EPG(PB08)_R6,R,acetylcholine,524074,Delta7,Delta7(PB15)_L5R4_L,L,14
11503,EPG,EPG(PB08)_R8,R,acetylcholine,524074,Delta7,Delta7(PB15)_L5R4_L,L,14
519328,EPG,EPG(PB08)_L3,L,acetylcholine,14507,EPG,EPG(PB08)_R7,R,14
15495,Delta7,Delta7(PB15)_L3R6_R,R,glutamate,529318,Delta7,Delta7(PB15)_L4R5_R,R,14
16540,Delta7,Delta7(PB15)_L2R7_R,R,glutamate,10513,Delta7,Delta7(PB15)_L3R6_R,R,14
519332,Delta7,Delta7(PB15)_L2R7_R,R,glutamate,17379,Delta7,Delta7(PB15)_L4R5_R,R,14
16412,Delta7,Delta7(PB15)_L7R2_L,L,glutamate,17379,Delta7,Delta7(PB15)_L4R5_R,R,14
15837,Delta7,Delta7(PB15)_L1L9R8_R,R,glutamate,17379,Delta7,Delta7(PB15)_L4R5_R,R,14
11874,EPG,EPG(PB08)_L7,L,acetylcholine,17379,Delta7,Delta7(PB15)_L4R5_R,R,14
64270,FC2C,FC2C_C8_L,L,acetylcholine,18851,PFL3,PFL3(PB12c)_L1_C8_irreg,R,14
148830,FC2C,FC2C_C5_R,R,acetylcholine,567101,PFL3,PFL3(PB12c)_R3_C5,R,13
16412,Delta7,Delta7(PB15)_L7R2_L,L,glutamate,567101,PFL3,PFL3(PB12c)_R3_C5,R,13
15616,EPG,EPG(PB08)_R3,R,acetylcholine,567101,PFL3,PFL3(PB12c)_R3_C5,R,13
521812,EPG,EPG(PB08)_R7,R,acetylcholine,16412,Delta7,Delta7(PB15)_L7R2_L,L,13
514126,EPG,EPG(PB08)_R5,R,acetylcholine,16412,Delta7,Delta7(PB15)_L7R2_L,L,13
35324,Delta7,Delta7(PB15)_L5R4_L,L,glutamate,16412,Delta7,Delta7(PB15)_L7R2_L,L,13
521409,EPG,EPG(PB08)_L8,L,acetylcholine,16553,Delta7,Delta7(PB15)_L5R4_L,L,13
520812,EPG,EPG(PB08)_R8,R,acetylcholine,16553,Delta7,Delta7(PB15)_L5R4_L,L,13
18639,Delta7,Delta7(PB15)_L7R2_L,L,glutamate,16553,Delta7,Delta7(PB15)_L5R4_L,L,13
17804,Delta7,Delta7(PB15)_L7R2_L,L,glutamate,16553,Delta7,Delta7(PB15)_L5R4_L,L,13
16180,Delta7,Delta7(PB15)_L3R6_R,R,glutamate,16553,Delta7,Delta7(PB15)_L5R4_L,L,13
11503,EPG,EPG(PB08)_R8,R,acetylcholine,16553,Delta7,Delta7(PB15)_L5R4_L,L,13
16553,Delta7,Delta7(PB15)_L5R4_L,L,glutamate,17143,Delta7,Delta7(PB15)_L2R7_R,R,13
515961,Delta7,Delta7(PB15)_L6R3_L,L,glutamate,519331,Delta7,Delta7(PB15)_L3R7_R,R,13
513463,EPG,EPG(PB08)_R2,R,acetylcholine,519331,Delta7,Delta7(PB15)_L3R7_R,R,13
107195,EPG,EPG(PB08)_L5,L,acetylcholine,519331,Delta7,Delta7(PB15)_L3R7_R,R,13
35324,Delta7,Delta7(PB15)_L5R4_L,L,glutamate,519331,Delta7,Delta7(PB15)_L3R7_R,R,13
16553,Delta7,Delta7(PB15)_L5R4_L,L,glutamate,519331,Delta7,Delta7(PB15)_L3R7_R,R,13
16180,Delta7,Delta7(PB15)_L3R6_R,R,glutamate,519331,Delta7,Delta7(PB15)_L3R7_R,R,13
15398,Delta7,Delta7(PB15)_L4R5_R,R,glutamate,519331,Delta7,Delta7(PB15)_L3R7_R,R,13
17143,Delta7,Delta7(PB15)_L2R7_R,R,glutamate,521812,EPG,EPG(PB08)_R7,R,13
16540,Delta7,Delta7(PB15)_L2R7_R,R,glutamate,521812,EPG,EPG(PB08)_R7,R,13
511841,Delta7,Delta7(PB15)_L2R7_R,R,glutamate,14806,Delta7,Delta7(PB15)_L8R1R9_L,L,13
17024,Delta7,Delta7(PB15)_L5R4_L,L,glutamate,14806,Delta7,Delta7(PB15)_L8R1R9_L,L,13
16110,Delta7,Delta7(PB15)_L3R6_R,R,glutamate,14806,Delta7,Delta7(PB15)_L8R1R9_L,L,13
15837,Delta7,Delta7(PB15)_L1L9R8_R,R,glutamate,14806,Delta7,Delta7(PB15)_L8R1R9_L,L,13
15399,Delta7,Delta7(PB15)_L1L9R8_R,R,glutamate,14806,Delta7,Delta7(PB15)_L8R1R9_L,L,13
10513,Delta7,Delta7(PB15)_L3R6_R,R,glutamate,14806,Delta7,Delta7(PB15)_L8R1R9_L,L,13
512305,EPG,EPG(PB08)_R8,R,acetylcholine,17804,Delta7,Delta7(PB15)_L7R2_L,L,13
15851,Delta7,Delta7(PB15)_L6R4_L,L,glutamate,17804,Delta7,Delta7(PB15)_L7R2_L,L,13
15654,Delta7,Delta7(PB15)_L8R1R9_L,L,glutamate,17804,Delta7,Delta7(PB15)_L7R2_L,L,13
529318,Delta7,Delta7(PB15)_L4R5_R,R,glutamate,16540,Delta7,Delta7(PB15)_L2R7_R,R,13
15837,Delta7,Delta7(PB15)_L1L9R8_R,R,glutamate,16540,Delta7,Delta7(PB15)_L2R7_R,R,13
15409,Delta7,Delta7(PB15)_L8R1R9_L,L,glutamate,16540,Delta7,Delta7(PB15)_L2R7_R,R,13
519144,EPG,EPG(PB08)_L8,L,acetylcholine,15495,Delta7,Delta7(PB15)_L3R6_R,R,13
17024,Delta7,Delta7(PB15)_L5R4_L,L,glutamate,15495,Delta7,Delta7(PB15)_L3R6_R,R,13
15904,Delta7,Delta7(PB15)_L4R5_R,R,glutamate,15495,Delta7,Delta7(PB15)_L3R6_R,R,13
15839,Delta7,Delta7(PB15)_L1L9R8_R,R,glutamate,15495,Delta7,Delta7(PB15)_L3R6_R,R,13
11503,EPG,EPG(PB08)_R8,R,acetylcholine,15495,Delta7,Delta7(PB15)_L3R6_R,R,13
11184,Delta7,Delta7(PB15)_L1L9R8_R,R,glutamate,15495,Delta7,Delta7(PB15)_L3R6_R,R,13
92188,EPG,EPG(PB08)_R7,R,acetylcholine,14816,Delta7,Delta7(PB15)_L6R4_L,L,13
520581,EPG,EPG(PB08)_R4,R,acetylcholine,533725,Delta7,Delta7(PB15)_L8R1R9_L,L,13
519331,Delta7,Delta7(PB15)_L3R7_R,R,glutamate,533725,Delta7,Delta7(PB15)_L8R1R9_L,L,13
16869,Delta7,Delta7(PB15)_L7R3_L,L,glutamate,15616,EPG,EPG(PB08)_R3,R,13
35324,Delta7,Delta7(PB15)_L5R4_L,L,glutamate,18639,Delta7,Delta7(PB15)_L7R2_L,L,13
15399,Delta7,Delta7(PB15)_L1L9R8_R,R,glutamate,18639,Delta7,Delta7(PB15)_L7R2_L,L,13
568155,Delta7,Delta7(PB15)_L8R1R9_L,L,glutamate,515675,EPG,EPG(PB08)_R1,R,13
515961,Delta7,Delta7(PB15)_L6R3_L,L,glutamate,18823,Delta7,Delta7(PB15)_L4R5_R,R,13
513464,EPG,EPG(PB08)_R8,R,acetylcholine,18823,Delta7,Delta7(PB15)_L4R5_R,R,13
16234,Delta7,Delta7(PB15)_L1L9R8_R,R,glutamate,18823,Delta7,Delta7(PB15)_L4R5_R,R,13
16180,Delta7,Delta7(PB15)_L3R6_R,R,glutamate,18823,Delta7,Delta7(PB15)_L4R5_R,R,13
13217,EPG,EPG(PB08)_L8,L,acetylcholine,18823,Delta7,Delta7(PB15)_L4R5_R,R,13
108286,FC2C,FC2C_C7_R,R,acetylcholine,27492,PFL2,PFL2(PB12b)_L3_C7,L,13
88342,EPG,EPG(PB08)_L3,L,acetylcholine,27492,PFL2,PFL2(PB12b)_L3_C7,L,13
556347,EPG,EPG(PB08)_R4,R,acetylcholine,434891,Delta7,Delta7(PB15)_L3R7_R,R,13
515294,Delta7,Delta7(PB15)_L5R4_L,L,glutamate,434891,Delta7,Delta7(PB15)_L3R7_R,R,13
15654,Delta7,Delta7(PB15)_L8R1R9_L,L,glutamate,434891,Delta7,Delta7(PB15)_L3R7_R,R,13
17024,Delta7,Delta7(PB15)_L5R4_L,L,glutamate,15839,Delta7,Delta7(PB15)_L1L9R8_R,R,13
10513,Delta7,Delta7(PB15)_L3R6_R,R,glutamate,15839,Delta7,Delta7(PB15)_L1L9R8_R,R,13
529318,Delta7,Delta7(PB15)_L4R5_R,R,glutamate,513517,EPG,EPG(PB08)_L4,L,13
29674,FC2A,FC2A_C2_L,L,acetylcholine,518378,PFL3,PFL3(PB12c)_R5_C3,R,13
568155,Delta7,Delta7(PB15)_L8R1R9_L,L,glutamate,15210,PFL3,PFL3(PB12c)_R2_C1_irreg,L,13
533725,Delta7,Delta7(PB15)_L8R1R9_L,L,glutamate,15210,PFL3,PFL3(PB12c)_R2_C1_irreg,L,13
515233,FC2B,FC2B_C2_R,R,acetylcholine,15210,PFL3,PFL3(PB12c)_R2_C1_irreg,L,13
68502,FC2C,FC2C_C1_L,L,acetylcholine,15210,PFL3,PFL3(PB12c)_R2_C1_irreg,L,13
520812,EPG,EPG(PB08)_R8,R,acetylcholine,519140,EPG,EPG(PB08)_L1,L,13
92188,EPG,EPG(PB08)_R7,R,acetylcholine,512305,EPG,EPG(PB08)_R8,R,13
512514,EPG,EPG(PB08)_L1,L,acetylcholine,16180,Delta7,Delta7(PB15)_L3R6_R,R,13
18639,Delta7,Delta7(PB15)_L7R2_L,L,glutamate,16180,Delta7,Delta7(PB15)_L3R6_R,R,13
15839,Delta7,Delta7(PB15)_L1L9R8_R,R,glutamate,16180,Delta7,Delta7(PB15)_L3R6_R,R,13
14509,Delta7,Delta7(PB15)_L4R6_R,R,glutamate,16180,Delta7,Delta7(PB15)_L3R6_R,R,13
551404,FC2C,FC2C_C6_L,L,acetylcholine,29836,PFL3,PFL3(PB12c)_L4_C6,L,13
16180,Delta7,Delta7(PB15)_L3R6_R,R,glutamate,29836,PFL3,PFL3(PB12c)_L4_C6,L,13
524074,Delta7,Delta7(PB15)_L5R4_L,L,glutamate,14509,Delta7,Delta7(PB15)_L4R6_R,R,13
513517,EPG,EPG(PB08)_L4,L,acetylcholine,513520,EPG,EPG(PB08)_R6,R,13
50431,FC2C,FC2C_C8_R,R,acetylcholine,26038,PFL3,PFL3(PB12c)_L5_C7,L,13
45343,FC2C,FC2C_C7_L,L,acetylcholine,26038,PFL3,PFL3(PB12c)_L5_C7,L,13
11989,EPG,EPG(PB08)_L5,L,acetylcholine,26038,PFL3,PFL3(PB12c)_L5_C7,L,13
11989,EPG,EPG(PB08)_L5,L,acetylcholine,523786,EPG,EPG(PB08)_R4,R,13
517417,Delta7,Delta7(PB15)_L6R3_L,L,glutamate,15904,Delta7,Delta7(PB15)_L4R5_R,R,13
17143,Delta7,Delta7(PB15)_L2R7_R,R,glutamate,15904,Delta7,Delta7(PB15)_L4R5_R,R,13
33382,FC2A,FC2A_C8_R,R,acetylcholine,35322,PFL3,PFL3(PB12c)_R1_C7,R,13
92188,EPG,EPG(PB08)_R7,R,acetylcholine,517417,Delta7,Delta7(PB15)_L6R3_L,L,13
35324,Delta7,Delta7(PB15)_L5R4_L,L,glutamate,517417,Delta7,Delta7(PB15)_L6R3_L,L,13
17379,Delta7,Delta7(PB15)_L4R5_R,R,glutamate,517417,Delta7,Delta7(PB15)_L6R3_L,L,13
15654,Delta7,Delta7(PB15)_L8R1R9_L,L,glutamate,517417,Delta7,Delta7(PB15)_L6R3_L,L,13
15409,Delta7,Delta7(PB15)_L8R1R9_L,L,glutamate,517417,Delta7,Delta7(PB15)_L6R3_L,L,13
13217,EPG,EPG(PB08)_L8,L,acetylcholine,517417,Delta7,Delta7(PB15)_L6R3_L,L,13
11987,EPG,EPG(PB08)_R5,R,acetylcholine,517417,Delta7,Delta7(PB15)_L6R3_L,L,13
44554,FC2B,FC2B_C8_R,R,acetylcholine,18803,PFL3,PFL3(PB12c)_R1_C7,R,13
521813,EPG,EPG(PB08)_L2,L,acetylcholine,16476,Delta7,Delta7(PB15)_L7R2_L,L,13
517417,Delta7,Delta7(PB15)_L6R3_L,L,glutamate,16476,Delta7,Delta7(PB15)_L7R2_L,L,13
515961,Delta7,Delta7(PB15)_L6R3_L,L,glutamate,16476,Delta7,Delta7(PB15)_L7R2_L,L,13
16110,Delta7,Delta7(PB15)_L3R6_R,R,glutamate,16476,Delta7,Delta7(PB15)_L7R2_L,L,13
11989,EPG,EPG(PB08)_L5,L,acetylcholine,16476,Delta7,Delta7(PB15)_L7R2_L,L,13
521812,EPG,EPG(PB08)_R7,R,acetylcholine,515961,Delta7,Delta7(PB15)_L6R3_L,L,13
16553,Delta7,Delta7(PB15)_L5R4_L,L,glutamate,515961,Delta7,Delta7(PB15)_L6R3_L,L,13
14509,Delta7,Delta7(PB15)_L4R6_R,R,glutamate,515961,Delta7,Delta7(PB15)_L6R3_L,L,13
519358,FC2B,FC2B_C4_R,R,acetylcholine,513266,PFL3,PFL3(PB12c)_R3_C5,R,13
14816,Delta7,Delta7(PB15)_L6R4_L,L,glutamate,513266,PFL3,PFL3(PB12c)_R3_C5,R,13
524073,EPG,EPG(PB08)_L2,L,acetylcholine,523032,PFL3,PFL3(PB12c)_L2_C4,L,13
11307,EPG,EPG(PB08)_L4,L,acetylcholine,15399,Delta7,Delta7(PB15)_L1L9R8_R,R,13
519358,FC2B,FC2B_C4_R,R,acetylcholine,530071,PFL3,PFL3(PB12c)_L3_C5,L,13
522994,Delta7,Delta7(PB15)_L6R3_L,L,glutamate,511841,Delta7,Delta7(PB15)_L2R7_R,R,13
17379,Delta7,Delta7(PB15)_L4R5_R,R,glutamate,511841,Delta7,Delta7(PB15)_L2R7_R,R,13
17024,Delta7,Delta7(PB15)_L5R4_L,L,glutamate,511841,Delta7,Delta7(PB15)_L2R7_R,R,13
14816,Delta7,Delta7(PB15)_L6R4_L,L,glutamate,511841,Delta7,Delta7(PB15)_L2R7_R,R,13
14509,Delta7,Delta7(PB15)_L4R6_R,R,glutamate,511841,Delta7,Delta7(PB15)_L2R7_R,R,13
529318,Delta7,Delta7(PB15)_L4R5_R,R,glutamate,15851,Delta7,Delta7(PB15)_L6R4_L,L,13
513463,EPG,EPG(PB08)_R2,R,acetylcholine,15851,Delta7,Delta7(PB15)_L6R4_L,L,13
15904,Delta7,Delta7(PB15)_L4R5_R,R,glutamate,15851,Delta7,Delta7(PB15)_L6R4_L,L,13
10513,Delta7,Delta7(PB15)_L3R6_R,R,glutamate,15851,Delta7,Delta7(PB15)_L6R4_L,L,13
522994,Delta7,Delta7(PB15)_L6R3_L,L,glutamate,15713,EPG,EPG(PB08)_L6,L,13
107195,EPG,EPG(PB08)_L5,L,acetylcholine,19125,EPG,EPG(PB08)_R5,R,13
10513,Delta7,Delta7(PB15)_L3R6_R,R,glutamate,131313,EPG,EPG(PB08)_R6,R,13
521409,EPG,EPG(PB08)_L8,L,acetylcholine,16110,Delta7,Delta7(PB15)_L3R6_R,R,13
15837,Delta7,Delta7(PB15)_L1L9R8_R,R,glutamate,16110,Delta7,Delta7(PB15)_L3R6_R,R,13
15399,Delta7,Delta7(PB15)_L1L9R8_R,R,glutamate,16110,Delta7,Delta7(PB15)_L3R6_R,R,13
511841,Delta7,Delta7(PB15)_L2R7_R,R,glutamate,15654,Delta7,Delta7(PB15)_L8R1R9_L,L,13
15851,Delta7,Delta7(PB15)_L6R4_L,L,glutamate,15654,Delta7,Delta7(PB15)_L8R1R9_L,L,13
79204,FC2C,FC2C_C3_L,L,acetylcholine,518375,PFL2,PFL2(PB12b)_R3_C3,R,13
18639,Delta7,Delta7(PB15)_L7R2_L,L,glutamate,518375,PFL2,PFL2(PB12b)_R3_C3,R,13
10539,EPG,EPG(PB08)_R2,R,acetylcholine,518375,PFL2,PFL2(PB12b)_R3_C3,R,13
97443,FC2B,FC2B_C8_L,L,acetylcholine,519346,PFL3,PFL3(PB12c)_L7_C9,L,13
17024,Delta7,Delta7(PB15)_L5R4_L,L,glutamate,519332,Delta7,Delta7(PB15)_L2R7_R,R,13
519328,EPG,EPG(PB08)_L3,L,acetylcholine,16869,Delta7,Delta7(PB15)_L7R3_L,L,13
18823,Delta7,Delta7(PB15)_L4R5_R,R,glutamate,16869,Delta7,Delta7(PB15)_L7R3_L,L,13
14507,EPG,EPG(PB08)_R7,R,acetylcholine,16869,Delta7,Delta7(PB15)_L7R3_L,L,13
68271,FC2B,FC2B_C7_L,L,acetylcholine,513032,PFL3,PFL3(PB12c)_L5_C7,L,13
56382,FC2A,FC2A_C6_L,L,acetylcholine,513032,PFL3,PFL3(PB12c)_L5_C7,L,13
519332,Delta7,Delta7(PB15)_L2R7_R,R,glutamate,568155,Delta7,Delta7(PB15)_L8R1R9_L,L,13
17143,Delta7,Delta7(PB15)_L2R7_R,R,glutamate,568155,Delta7,Delta7(PB15)_L8R1R9_L,L,13
140787,FC2B,FC2B_C1_L,L,acetylcholine,17286,PFL3,PFL3(PB12c)_R1_C2_irreg,L,13
51782,FC2C,FC2C_C2_R,R,acetylcholine,17286,PFL3,PFL3(PB12c)_R1_C2_irreg,L,13
15837,Delta7,Delta7(PB15)_L1L9R8_R,R,glutamate,17286,PFL3,PFL3(PB12c)_R1_C2_irreg,L,13
17804,Delta7,Delta7(PB15)_L7R2_L,L,glutamate,512928,EPG,EPG(PB08)_R3,R,13
131273,FC2A,FC2A_C5_R,R,acetylcholine,13490,PFL2,PFL2(PB12b)_L1_C5,L,13
15409,Delta7,Delta7(PB15)_L8R1R9_L,L,glutamate,13490,PFL2,PFL2(PB12b)_L1_C5,L,13
131313,EPG,EPG(PB08)_R6,R,acetylcholine,15837,Delta7,Delta7(PB15)_L1L9R8_R,R,13
17024,Delta7,Delta7(PB15)_L5R4_L,L,glutamate,15837,Delta7,Delta7(PB15)_L1L9R8_R,R,13
521813,EPG,EPG(PB08)_L2,L,acetylcholine,15398,Delta7,Delta7(PB15)_L4R5_R,R,13
519144,EPG,EPG(PB08)_L8,L,acetylcholine,15398,Delta7,Delta7(PB15)_L4R5_R,R,13
517417,Delta7,Delta7(PB15)_L6R3_L,L,glutamate,15398,Delta7,Delta7(PB15)_L4R5_R,R,13
522994,Delta7,Delta7(PB15)_L6R3_L,L,glutamate,17024,Delta7,Delta7(PB15)_L5R4_L,L,13
513033,EPG,EPG(PB08)_L8,L,acetylcholine,17024,Delta7,Delta7(PB15)_L5R4_L,L,13
17804,Delta7,Delta7(PB15)_L7R2_L,L,glutamate,17024,Delta7,Delta7(PB15)_L5R4_L,L,13
17753,Delta7,Delta7(PB15)_L7R3_L,L,glutamate,17024,Delta7,Delta7(PB15)_L5R4_L,L,13
14507,EPG,EPG(PB08)_R7,R,acetylcholine,17024,Delta7,Delta7(PB15)_L5R4_L,L,13
148830,FC2C,FC2C_C5_R,R,acetylcholine,519351,PFL3,PFL3(PB12c)_L4_C5,L,13
519328,EPG,EPG(PB08)_L3,L,acetylcholine,515294,Delta7,Delta7(PB15)_L5R4_L,L,13
515961,Delta7,Delta7(PB15)_L6R3_L,L,glutamate,515294,Delta7,Delta7(PB15)_L5R4_L,L,13
513520,EPG,EPG(PB08)_R6,R,acetylcholine,515294,Delta7,Delta7(PB15)_L5R4_L,L,13
18823,Delta7,Delta7(PB15)_L4R5_R,R,glutamate,515294,Delta7,Delta7(PB15)_L5R4_L,L,13
10539,EPG,EPG(PB08)_R2,R,acetylcholine,515294,Delta7,Delta7(PB15)_L5R4_L,L,13
17024,Delta7,Delta7(PB15)_L5R4_L,L,glutamate,11184,Delta7,Delta7(PB15)_L1L9R8_R,R,13
521812,EPG,EPG(PB08)_R7,R,acetylcholine,35324,Delta7,Delta7(PB15)_L5R4_L,L,13
520812,EPG,EPG(PB08)_R8,R,acetylcholine,35324,Delta7,Delta7(PB15)_L5R4_L,L,13
519328,EPG,EPG(PB08)_L3,L,acetylcholine,35324,Delta7,Delta7(PB15)_L5R4_L,L,13
17379,Delta7,Delta7(PB15)_L4R5_R,R,glutamate,16234,Delta7,Delta7(PB15)_L1L9R8_R,R,13
17379,Delta7,Delta7(PB15)_L4R5_R,R,glutamate,17753,Delta7,Delta7(PB15)_L7R3_L,L,13
10513,Delta7,Delta7(PB15)_L3R6_R,R,glutamate,17753,Delta7,Delta7(PB15)_L7R3_L,L,13
515675,EPG,EPG(PB08)_R1,R,acetylcholine,513033,EPG,EPG(PB08)_L8,L,13
15904,Delta7,Delta7(PB15)_L4R5_R,R,glutamate,514126,EPG,EPG(PB08)_R5,R,13
11874,EPG,EPG(PB08)_L7,L,acetylcholine,521409,EPG,EPG(PB08)_L8,L,13
519140,EPG,EPG(PB08)_L1,L,acetylcholine,520812,EPG,EPG(PB08)_R8,R,13
15399,Delta7,Delta7(PB15)_L1L9R8_R,R,glutamate,15409,Delta7,Delta7(PB15)_L8R1R9_L,L,13
109752,FC2C,FC2C_C9_R,R,acetylcholine,19715,PFL2,PFL2(PB12b)_L4_C8,L,13
526406,FC2A,FC2A_C2_R,R,acetylcholine,79549,PFL3,PFL3(PB12c)_R7_C1,R,13
14816,Delta7,Delta7(PB15)_L6R4_L,L,glutamate,520581,EPG,EPG(PB08)_R4,R,13
18823,Delta7,Delta7(PB15)_L4R5_R,R,glutamate,11987,EPG,EPG(PB08)_R5,R,13
521409,EPG,EPG(PB08)_L8,L,acetylcholine,11874,EPG,EPG(PB08)_L7,L,13
16412,Delta7,Delta7(PB15)_L7R2_L,L,glutamate,11874,EPG,EPG(PB08)_L7,L,13
124562,FC2C,FC2C_C5_L,L,acetylcholine,14729,PFL2,PFL2(PB12b)_R1_C5,R,13
141430,FC2C,FC2C_C3_R,R,acetylcholine,17000,PFL3,PFL3(PB12c)_L1_C3,L,13
524073,EPG,EPG(PB08)_L2,L,acetylcholine,524074,Delta7,Delta7(PB15)_L5R4_L,L,13
513033,EPG,EPG(PB08)_L8,L,acetylcholine,524074,Delta7,Delta7(PB15)_L5R4_L,L,13
17753,Delta7,Delta7(PB15)_L7R3_L,L,glutamate,524074,Delta7,Delta7(PB15)_L5R4_L,L,13
16234,Delta7,Delta7(PB15)_L1L9R8_R,R,glutamate,524074,Delta7,Delta7(PB15)_L5R4_L,L,13
16110,Delta7,Delta7(PB15)_L3R6_R,R,glutamate,524074,Delta7,Delta7(PB15)_L5R4_L,L,13
519941,EPG,EPG(PB08)_L3,L,acetylcholine,14507,EPG,EPG(PB08)_R7,R,13
17143,Delta7,Delta7(PB15)_L2R7_R,R,glutamate,14507,EPG,EPG(PB08)_R7,R,13
18639,Delta7,Delta7(PB15)_L7R2_L,L,glutamate,529318,Delta7,Delta7(PB15)_L4R5_R,R,13
17753,Delta7,Delta7(PB15)_L7R3_L,L,glutamate,529318,Delta7,Delta7(PB15)_L4R5_R,R,13
519140,EPG,EPG(PB08)_L1,L,acetylcholine,10513,Delta7,Delta7(PB15)_L3R6_R,R,13
513464,EPG,EPG(PB08)_R8,R,acetylcholine,10513,Delta7,Delta7(PB15)_L3R6_R,R,13
17143,Delta7,Delta7(PB15)_L2R7_R,R,glutamate,519941,EPG,EPG(PB08)_L3,L,13
16180,Delta7,Delta7(PB15)_L3R6_R,R,glutamate,519941,EPG,EPG(PB08)_L3,L,13
15495,Delta7,Delta7(PB15)_L3R6_R,R,glutamate,519941,EPG,EPG(PB08)_L3,L,13
513464,EPG,EPG(PB08)_R8,R,acetylcholine,17379,Delta7,Delta7(PB15)_L4R5_R,R,13
16234,Delta7,Delta7(PB15)_L1L9R8_R,R,glutamate,17379,Delta7,Delta7(PB15)_L4R5_R,R,13
50431,FC2C,FC2C_C8_R,R,acetylcholine,18851,PFL3,PFL3(PB12c)_L1_C8_irreg,R,13
44554,FC2B,FC2B_C8_R,R,acetylcholine,18851,PFL3,PFL3(PB12c)_L1_C8_irreg,R,13
33382,FC2A,FC2A_C8_R,R,acetylcholine,18851,PFL3,PFL3(PB12c)_L1_C8_irreg,R,13
106495,FC2B,FC2B_C6_R,R,acetylcholine,567101,PFL3,PFL3(PB12c)_R3_C5,R,12
524074,Delta7,Delta7(PB15)_L5R4_L,L,glutamate,16412,Delta7,Delta7(PB15)_L7R2_L,L,12
88342,EPG,EPG(PB08)_L3,L,acetylcholine,16412,Delta7,Delta7(PB15)_L7R2_L,L,12
18639,Delta7,Delta7(PB15)_L7R2_L,L,glutamate,16412,Delta7,Delta7(PB15)_L7R2_L,L,12
14806,Delta7,Delta7(PB15)_L8R1R9_L,L,glutamate,16412,Delta7,Delta7(PB15)_L7R2_L,L,12
35324,Delta7,Delta7(PB15)_L5R4_L,L,glutamate,16553,Delta7,Delta7(PB15)_L5R4_L,L,12
16869,Delta7,Delta7(PB15)_L7R3_L,L,glutamate,16553,Delta7,Delta7(PB15)_L5R4_L,L,12
15495,Delta7,Delta7(PB15)_L3R6_R,R,glutamate,16553,Delta7,Delta7(PB15)_L5R4_L,L,12
523786,EPG,EPG(PB08)_R4,R,acetylcholine,513284,EPG,EPG(PB08)_R3,R,12
515294,Delta7,Delta7(PB15)_L5R4_L,L,glutamate,17143,Delta7,Delta7(PB15)_L2R7_R,R,12
512513,EPG,EPG(PB08)_R1,R,acetylcholine,17143,Delta7,Delta7(PB15)_L2R7_R,R,12
16476,Delta7,Delta7(PB15)_L7R2_L,L,glutamate,17143,Delta7,Delta7(PB15)_L2R7_R,R,12
15495,Delta7,Delta7(PB15)_L3R6_R,R,glutamate,17143,Delta7,Delta7(PB15)_L2R7_R,R,12
15409,Delta7,Delta7(PB15)_L8R1R9_L,L,glutamate,17143,Delta7,Delta7(PB15)_L2R7_R,R,12
17804,Delta7,Delta7(PB15)_L7R2_L,L,glutamate,519331,Delta7,Delta7(PB15)_L3R7_R,R,12
15495,Delta7,Delta7(PB15)_L3R6_R,R,glutamate,519331,Delta7,Delta7(PB15)_L3R7_R,R,12
15409,Delta7,Delta7(PB15)_L8R1R9_L,L,glutamate,519331,Delta7,Delta7(PB15)_L3R7_R,R,12
14806,Delta7,Delta7(PB15)_L8R1R9_L,L,glutamate,519331,Delta7,Delta7(PB15)_L3R7_R,R,12
14509,Delta7,Delta7(PB15)_L4R6_R,R,glutamate,519331,Delta7,Delta7(PB15)_L3R7_R,R,12
11987,EPG,EPG(PB08)_R5,R,acetylcholine,519331,Delta7,Delta7(PB15)_L3R7_R,R,12
521812,EPG,EPG(PB08)_R7,R,acetylcholine,524073,EPG,EPG(PB08)_L2,L,12
519331,Delta7,Delta7(PB15)_L3R7_R,R,glutamate,14806,Delta7,Delta7(PB15)_L8R1R9_L,L,12
17379,Delta7,Delta7(PB15)_L4R5_R,R,glutamate,14806,Delta7,Delta7(PB15)_L8R1R9_L,L,12
15713,EPG,EPG(PB08)_L6,L,acetylcholine,14806,Delta7,Delta7(PB15)_L8R1R9_L,L,12
15409,Delta7,Delta7(PB15)_L8R1R9_L,L,glutamate,14806,Delta7,Delta7(PB15)_L8R1R9_L,L,12
12449,EPG,EPG(PB08)_L5,L,acetylcholine,14806,Delta7,Delta7(PB15)_L8R1R9_L,L,12
529318,Delta7,Delta7(PB15)_L4R5_R,R,glutamate,17804,Delta7,Delta7(PB15)_L7R2_L,L,12
92188,EPG,EPG(PB08)_R7,R,acetylcholine,17804,Delta7,Delta7(PB15)_L7R2_L,L,12
16476,Delta7,Delta7(PB15)_L7R2_L,L,glutamate,17804,Delta7,Delta7(PB15)_L7R2_L,L,12
568155,Delta7,Delta7(PB15)_L8R1R9_L,L,glutamate,16540,Delta7,Delta7(PB15)_L2R7_R,R,12
19125,EPG,EPG(PB08)_R5,R,acetylcholine,16540,Delta7,Delta7(PB15)_L2R7_R,R,12
17024,Delta7,Delta7(PB15)_L5R4_L,L,glutamate,16540,Delta7,Delta7(PB15)_L2R7_R,R,12
15904,Delta7,Delta7(PB15)_L4R5_R,R,glutamate,16540,Delta7,Delta7(PB15)_L2R7_R,R,12
14727,EPG,EPG(PB08)_L7,L,acetylcholine,16540,Delta7,Delta7(PB15)_L2R7_R,R,12
556347,EPG,EPG(PB08)_R4,R,acetylcholine,15495,Delta7,Delta7(PB15)_L3R6_R,R,12
524074,Delta7,Delta7(PB15)_L5R4_L,L,glutamate,15495,Delta7,Delta7(PB15)_L3R6_R,R,12
511841,Delta7,Delta7(PB15)_L2R7_R,R,glutamate,15495,Delta7,Delta7(PB15)_L3R6_R,R,12
35324,Delta7,Delta7(PB15)_L5R4_L,L,glutamate,15495,Delta7,Delta7(PB15)_L3R6_R,R,12
17753,Delta7,Delta7(PB15)_L7R3_L,L,glutamate,15495,Delta7,Delta7(PB15)_L3R6_R,R,12
16234,Delta7,Delta7(PB15)_L1L9R8_R,R,glutamate,15495,Delta7,Delta7(PB15)_L3R6_R,R,12
15837,Delta7,Delta7(PB15)_L1L9R8_R,R,glutamate,15495,Delta7,Delta7(PB15)_L3R6_R,R,12
15713,EPG,EPG(PB08)_L6,L,acetylcholine,15495,Delta7,Delta7(PB15)_L3R6_R,R,12
15409,Delta7,Delta7(PB15)_L8R1R9_L,L,glutamate,15495,Delta7,Delta7(PB15)_L3R6_R,R,12
10513,Delta7,Delta7(PB15)_L3R6_R,R,glutamate,15495,Delta7,Delta7(PB15)_L3R6_R,R,12
19825,EPG,EPG(PB08)_R6,R,acetylcholine,14816,Delta7,Delta7(PB15)_L6R4_L,L,12
15409,Delta7,Delta7(PB15)_L8R1R9_L,L,glutamate,14816,Delta7,Delta7(PB15)_L6R4_L,L,12
568155,Delta7,Delta7(PB15)_L8R1R9_L,L,glutamate,533725,Delta7,Delta7(PB15)_L8R1R9_L,L,12
519941,EPG,EPG(PB08)_L3,L,acetylcholine,533725,Delta7,Delta7(PB15)_L8R1R9_L,L,12
15839,Delta7,Delta7(PB15)_L1L9R8_R,R,glutamate,533725,Delta7,Delta7(PB15)_L8R1R9_L,L,12
15398,Delta7,Delta7(PB15)_L4R5_R,R,glutamate,533725,Delta7,Delta7(PB15)_L8R1R9_L,L,12
520581,EPG,EPG(PB08)_R4,R,acetylcholine,18639,Delta7,Delta7(PB15)_L7R2_L,L,12
17804,Delta7,Delta7(PB15)_L7R2_L,L,glutamate,14727,EPG,EPG(PB08)_L7,L,12
122167,FC2C,FC2C_C7_R,R,acetylcholine,11557,PFL2,PFL2(PB12b)_L3_C7,L,12
14806,Delta7,Delta7(PB15)_L8R1R9_L,L,glutamate,18823,Delta7,Delta7(PB15)_L4R5_R,R,12
511841,Delta7,Delta7(PB15)_L2R7_R,R,glutamate,27492,PFL2,PFL2(PB12b)_L3_C7,L,12
533725,Delta7,Delta7(PB15)_L8R1R9_L,L,glutamate,434891,Delta7,Delta7(PB15)_L3R7_R,R,12
529318,Delta7,Delta7(PB15)_L4R5_R,R,glutamate,434891,Delta7,Delta7(PB15)_L3R7_R,R,12
15713,EPG,EPG(PB08)_L6,L,acetylcholine,434891,Delta7,Delta7(PB15)_L3R7_R,R,12
14806,Delta7,Delta7(PB15)_L8R1R9_L,L,glutamate,434891,Delta7,Delta7(PB15)_L3R7_R,R,12
520581,EPG,EPG(PB08)_R4,R,acetylcholine,15839,Delta7,Delta7(PB15)_L1L9R8_R,R,12
537128,FC2C,FC2C_C1_L,L,acetylcholine,15210,PFL3,PFL3(PB12c)_R2_C1_irreg,L,12
519331,Delta7,Delta7(PB15)_L3R7_R,R,glutamate,519328,EPG,EPG(PB08)_L3,L,12
16110,Delta7,Delta7(PB15)_L3R6_R,R,glutamate,519328,EPG,EPG(PB08)_L3,L,12
15839,Delta7,Delta7(PB15)_L1L9R8_R,R,glutamate,512305,EPG,EPG(PB08)_R8,R,12
556347,EPG,EPG(PB08)_R4,R,acetylcholine,16180,Delta7,Delta7(PB15)_L3R6_R,R,12
84758,EPG,EPG(PB08)_L7,L,acetylcholine,16180,Delta7,Delta7(PB15)_L3R6_R,R,12
14816,Delta7,Delta7(PB15)_L6R4_L,L,glutamate,16180,Delta7,Delta7(PB15)_L3R6_R,R,12
520818,EPG,EPG(PB08)_L4,L,acetylcholine,29836,PFL3,PFL3(PB12c)_L4_C6,L,12
115261,FC2C,FC2C_C6_L,L,acetylcholine,29836,PFL3,PFL3(PB12c)_L4_C6,L,12
17143,Delta7,Delta7(PB15)_L2R7_R,R,glutamate,14509,Delta7,Delta7(PB15)_L4R6_R,R,12
122167,FC2C,FC2C_C7_R,R,acetylcholine,26038,PFL3,PFL3(PB12c)_L5_C7,L,12
56382,FC2A,FC2A_C6_L,L,acetylcholine,26038,PFL3,PFL3(PB12c)_L5_C7,L,12
14816,Delta7,Delta7(PB15)_L6R4_L,L,glutamate,523786,EPG,EPG(PB08)_R4,R,12
15409,Delta7,Delta7(PB15)_L8R1R9_L,L,glutamate,15904,Delta7,Delta7(PB15)_L4R5_R,R,12
550660,FC2C,FC2C_C7_R,R,acetylcholine,35322,PFL3,PFL3(PB12c)_R1_C7,R,12
519358,FC2B,FC2B_C4_R,R,acetylcholine,26488,PFL3,PFL3(PB12c)_R5_C3,R,12
512305,EPG,EPG(PB08)_R8,R,acetylcholine,517417,Delta7,Delta7(PB15)_L6R3_L,L,12
14507,EPG,EPG(PB08)_R7,R,acetylcholine,517417,Delta7,Delta7(PB15)_L6R3_L,L,12
11503,EPG,EPG(PB08)_R8,R,acetylcholine,517417,Delta7,Delta7(PB15)_L6R3_L,L,12
534662,FC2C,FC2C_C8_R,R,acetylcholine,18803,PFL3,PFL3(PB12c)_R1_C7,R,12
512513,EPG,EPG(PB08)_R1,R,acetylcholine,18803,PFL3,PFL3(PB12c)_R1_C7,R,12
434891,Delta7,Delta7(PB15)_L3R7_R,R,glutamate,16476,Delta7,Delta7(PB15)_L7R2_L,L,12
12449,EPG,EPG(PB08)_L5,L,acetylcholine,16476,Delta7,Delta7(PB15)_L7R2_L,L,12
10513,Delta7,Delta7(PB15)_L3R6_R,R,glutamate,16476,Delta7,Delta7(PB15)_L7R2_L,L,12
18823,Delta7,Delta7(PB15)_L4R5_R,R,glutamate,515961,Delta7,Delta7(PB15)_L6R3_L,L,12
14507,EPG,EPG(PB08)_R7,R,acetylcholine,515961,Delta7,Delta7(PB15)_L6R3_L,L,12
518375,PFL2,PFL2(PB12b)_R3_C3,R,acetylcholine,520573,PFL2,PFL2(PB12b)_R5_C1,R,12
15398,Delta7,Delta7(PB15)_L4R5_R,R,glutamate,520573,PFL2,PFL2(PB12b)_R5_C1,R,12
512928,EPG,EPG(PB08)_R3,R,acetylcholine,513266,PFL3,PFL3(PB12c)_R3_C5,R,12
19825,EPG,EPG(PB08)_R6,R,acetylcholine,15399,Delta7,Delta7(PB15)_L1L9R8_R,R,12
17753,Delta7,Delta7(PB15)_L7R3_L,L,glutamate,15399,Delta7,Delta7(PB15)_L1L9R8_R,R,12
15409,Delta7,Delta7(PB15)_L8R1R9_L,L,glutamate,15399,Delta7,Delta7(PB15)_L1L9R8_R,R,12
107690,FC2B,FC2B_C4_L,L,acetylcholine,530071,PFL3,PFL3(PB12c)_L3_C5,L,12
556346,EPG,EPG(PB08)_L6,L,acetylcholine,511841,Delta7,Delta7(PB15)_L2R7_R,R,12
533725,Delta7,Delta7(PB15)_L8R1R9_L,L,glutamate,511841,Delta7,Delta7(PB15)_L2R7_R,R,12
15839,Delta7,Delta7(PB15)_L1L9R8_R,R,glutamate,511841,Delta7,Delta7(PB15)_L2R7_R,R,12
14806,Delta7,Delta7(PB15)_L8R1R9_L,L,glutamate,511841,Delta7,Delta7(PB15)_L2R7_R,R,12
13217,EPG,EPG(PB08)_L8,L,acetylcholine,511841,Delta7,Delta7(PB15)_L2R7_R,R,12
11184,Delta7,Delta7(PB15)_L1L9R8_R,R,glutamate,511841,Delta7,Delta7(PB15)_L2R7_R,R,12
14806,Delta7,Delta7(PB15)_L8R1R9_L,L,glutamate,10539,EPG,EPG(PB08)_R2,R,12
14727,EPG,EPG(PB08)_L7,L,acetylcholine,10539,EPG,EPG(PB08)_R2,R,12
520818,EPG,EPG(PB08)_L4,L,acetylcholine,15851,Delta7,Delta7(PB15)_L6R4_L,L,12
520812,EPG,EPG(PB08)_R8,R,acetylcholine,15851,Delta7,Delta7(PB15)_L6R4_L,L,12
515294,Delta7,Delta7(PB15)_L5R4_L,L,glutamate,15851,Delta7,Delta7(PB15)_L6R4_L,L,12
16110,Delta7,Delta7(PB15)_L3R6_R,R,glutamate,15851,Delta7,Delta7(PB15)_L6R4_L,L,12
15616,EPG,EPG(PB08)_R3,R,acetylcholine,15713,EPG,EPG(PB08)_L6,L,12
11989,EPG,EPG(PB08)_L5,L,acetylcholine,19125,EPG,EPG(PB08)_R5,R,12
11307,EPG,EPG(PB08)_L4,L,acetylcholine,131313,EPG,EPG(PB08)_R6,R,12
568155,Delta7,Delta7(PB15)_L8R1R9_L,L,glutamate,18327,PFL3,PFL3(PB12c)_R2_C6,R,12
127661,FC2C,FC2C_C6_R,R,acetylcholine,18327,PFL3,PFL3(PB12c)_R2_C6,R,12
17753,Delta7,Delta7(PB15)_L7R3_L,L,glutamate,18327,PFL3,PFL3(PB12c)_R2_C6,R,12
14509,Delta7,Delta7(PB15)_L4R6_R,R,glutamate,19825,EPG,EPG(PB08)_R6,R,12
533725,Delta7,Delta7(PB15)_L8R1R9_L,L,glutamate,16110,Delta7,Delta7(PB15)_L3R6_R,R,12
17143,Delta7,Delta7(PB15)_L2R7_R,R,glutamate,16110,Delta7,Delta7(PB15)_L3R6_R,R,12
17143,Delta7,Delta7(PB15)_L2R7_R,R,glutamate,15654,Delta7,Delta7(PB15)_L8R1R9_L,L,12
14816,Delta7,Delta7(PB15)_L6R4_L,L,glutamate,15654,Delta7,Delta7(PB15)_L8R1R9_L,L,12
546044,FC2C,FC2C_C3_R,R,acetylcholine,518375,PFL2,PFL2(PB12b)_R3_C3,R,12
103466,FC2B,FC2B_C2_L,L,acetylcholine,518375,PFL2,PFL2(PB12b)_R3_C3,R,12
119819,FC2C,FC2C_C8_L,L,acetylcholine,519346,PFL3,PFL3(PB12c)_L7_C9,L,12
14727,EPG,EPG(PB08)_L7,L,acetylcholine,519346,PFL3,PFL3(PB12c)_L7_C9,L,12
141430,FC2C,FC2C_C3_R,R,acetylcholine,108478,PFL3,PFL3(PB12c)_L1_C3,L,12
556347,EPG,EPG(PB08)_R4,R,acetylcholine,519332,Delta7,Delta7(PB15)_L2R7_R,R,12
19825,EPG,EPG(PB08)_R6,R,acetylcholine,519332,Delta7,Delta7(PB15)_L2R7_R,R,12
15495,Delta7,Delta7(PB15)_L3R6_R,R,glutamate,519332,Delta7,Delta7(PB15)_L2R7_R,R,12
14509,Delta7,Delta7(PB15)_L4R6_R,R,glutamate,519332,Delta7,Delta7(PB15)_L2R7_R,R,12
515961,Delta7,Delta7(PB15)_L6R3_L,L,glutamate,16869,Delta7,Delta7(PB15)_L7R3_L,L,12
513517,EPG,EPG(PB08)_L4,L,acetylcholine,16869,Delta7,Delta7(PB15)_L7R3_L,L,12
513464,EPG,EPG(PB08)_R8,R,acetylcholine,16869,Delta7,Delta7(PB15)_L7R3_L,L,12
512514,EPG,EPG(PB08)_L1,L,acetylcholine,16869,Delta7,Delta7(PB15)_L7R3_L,L,12
512305,EPG,EPG(PB08)_R8,R,acetylcholine,16869,Delta7,Delta7(PB15)_L7R3_L,L,12
529318,Delta7,Delta7(PB15)_L4R5_R,R,glutamate,513032,PFL3,PFL3(PB12c)_L5_C7,L,12
35277,FC2B,FC2B_C8_R,R,acetylcholine,513032,PFL3,PFL3(PB12c)_L5_C7,L,12
17379,Delta7,Delta7(PB15)_L4R5_R,R,glutamate,513032,PFL3,PFL3(PB12c)_L5_C7,L,12
523786,EPG,EPG(PB08)_R4,R,acetylcholine,568155,Delta7,Delta7(PB15)_L8R1R9_L,L,12
521812,EPG,EPG(PB08)_R7,R,acetylcholine,568155,Delta7,Delta7(PB15)_L8R1R9_L,L,12
15837,Delta7,Delta7(PB15)_L1L9R8_R,R,glutamate,568155,Delta7,Delta7(PB15)_L8R1R9_L,L,12
14507,EPG,EPG(PB08)_R7,R,acetylcholine,568155,Delta7,Delta7(PB15)_L8R1R9_L,L,12
533725,Delta7,Delta7(PB15)_L8R1R9_L,L,glutamate,519144,EPG,EPG(PB08)_L8,L,12
515294,Delta7,Delta7(PB15)_L5R4_L,L,glutamate,11989,EPG,EPG(PB08)_L5,L,12
16869,Delta7,Delta7(PB15)_L7R3_L,L,glutamate,512928,EPG,EPG(PB08)_R3,R,12
119819,FC2C,FC2C_C8_L,L,acetylcholine,19009,PFL3,PFL3(PB12c)_L2_C9_irreg,R,12
520581,EPG,EPG(PB08)_R4,R,acetylcholine,15837,Delta7,Delta7(PB15)_L1L9R8_R,R,12
515961,Delta7,Delta7(PB15)_L6R3_L,L,glutamate,15837,Delta7,Delta7(PB15)_L1L9R8_R,R,12
15495,Delta7,Delta7(PB15)_L3R6_R,R,glutamate,15837,Delta7,Delta7(PB15)_L1L9R8_R,R,12
16110,Delta7,Delta7(PB15)_L3R6_R,R,glutamate,15398,Delta7,Delta7(PB15)_L4R5_R,R,12
15616,EPG,EPG(PB08)_R3,R,acetylcholine,15398,Delta7,Delta7(PB15)_L4R5_R,R,12
521409,EPG,EPG(PB08)_L8,L,acetylcholine,17024,Delta7,Delta7(PB15)_L5R4_L,L,12
16180,Delta7,Delta7(PB15)_L3R6_R,R,glutamate,17024,Delta7,Delta7(PB15)_L5R4_L,L,12
16110,Delta7,Delta7(PB15)_L3R6_R,R,glutamate,17024,Delta7,Delta7(PB15)_L5R4_L,L,12
15495,Delta7,Delta7(PB15)_L3R6_R,R,glutamate,17024,Delta7,Delta7(PB15)_L5R4_L,L,12
523786,EPG,EPG(PB08)_R4,R,acetylcholine,23159,PFL3,PFL3(PB12c)_R4_C4,R,12
131313,EPG,EPG(PB08)_R6,R,acetylcholine,515294,Delta7,Delta7(PB15)_L5R4_L,L,12
17024,Delta7,Delta7(PB15)_L5R4_L,L,glutamate,515294,Delta7,Delta7(PB15)_L5R4_L,L,12
519328,EPG,EPG(PB08)_L3,L,acetylcholine,11184,Delta7,Delta7(PB15)_L1L9R8_R,R,12
513463,EPG,EPG(PB08)_R2,R,acetylcholine,11184,Delta7,Delta7(PB15)_L1L9R8_R,R,12
519144,EPG,EPG(PB08)_L8,L,acetylcholine,35324,Delta7,Delta7(PB15)_L5R4_L,L,12
18823,Delta7,Delta7(PB15)_L4R5_R,R,glutamate,35324,Delta7,Delta7(PB15)_L5R4_L,L,12
17379,Delta7,Delta7(PB15)_L4R5_R,R,glutamate,35324,Delta7,Delta7(PB15)_L5R4_L,L,12
16234,Delta7,Delta7(PB15)_L1L9R8_R,R,glutamate,35324,Delta7,Delta7(PB15)_L5R4_L,L,12
15851,Delta7,Delta7(PB15)_L6R4_L,L,glutamate,35324,Delta7,Delta7(PB15)_L5R4_L,L,12
14509,Delta7,Delta7(PB15)_L4R6_R,R,glutamate,35324,Delta7,Delta7(PB15)_L5R4_L,L,12
131313,EPG,EPG(PB08)_R6,R,acetylcholine,16234,Delta7,Delta7(PB15)_L1L9R8_R,R,12
16412,Delta7,Delta7(PB15)_L7R2_L,L,glutamate,84758,EPG,EPG(PB08)_L7,L,12
16553,Delta7,Delta7(PB15)_L5R4_L,L,glutamate,17753,Delta7,Delta7(PB15)_L7R3_L,L,12
14507,EPG,EPG(PB08)_R7,R,acetylcholine,17753,Delta7,Delta7(PB15)_L7R3_L,L,12
521812,EPG,EPG(PB08)_R7,R,acetylcholine,522994,Delta7,Delta7(PB15)_L6R3_L,L,12
520818,EPG,EPG(PB08)_L4,L,acetylcholine,522994,Delta7,Delta7(PB15)_L6R3_L,L,12
11503,EPG,EPG(PB08)_R8,R,acetylcholine,522994,Delta7,Delta7(PB15)_L6R3_L,L,12
520818,EPG,EPG(PB08)_L4,L,acetylcholine,514126,EPG,EPG(PB08)_R5,R,12
14509,Delta7,Delta7(PB15)_L4R6_R,R,glutamate,520818,EPG,EPG(PB08)_L4,L,12
512514,EPG,EPG(PB08)_L1,L,acetylcholine,520812,EPG,EPG(PB08)_R8,R,12
517417,Delta7,Delta7(PB15)_L6R3_L,L,glutamate,15409,Delta7,Delta7(PB15)_L8R1R9_L,L,12
515961,Delta7,Delta7(PB15)_L6R3_L,L,glutamate,15409,Delta7,Delta7(PB15)_L8R1R9_L,L,12
35324,Delta7,Delta7(PB15)_L5R4_L,L,glutamate,15409,Delta7,Delta7(PB15)_L8R1R9_L,L,12
41559,FC2A,FC2A_C9_L,L,acetylcholine,19715,PFL2,PFL2(PB12b)_L4_C8,L,12
15495,Delta7,Delta7(PB15)_L3R6_R,R,glutamate,19715,PFL2,PFL2(PB12b)_L4_C8,L,12
103466,FC2B,FC2B_C2_L,L,acetylcholine,13031,PFL2,PFL2(PB12b)_R3_C3,R,12
89635,FC2B,FC2B_C3_R,R,acetylcholine,13031,PFL2,PFL2(PB12b)_R3_C3,R,12
87630,FC2B,FC2B_C3_L,L,acetylcholine,13031,PFL2,PFL2(PB12b)_R3_C3,R,12
71855,FC2A,FC2A_C3_L,L,acetylcholine,13031,PFL2,PFL2(PB12b)_R3_C3,R,12
519331,Delta7,Delta7(PB15)_L3R7_R,R,glutamate,511842,PFL2,PFL2(PB12b)_L2_C6,L,12
519140,EPG,EPG(PB08)_L1,L,acetylcholine,511842,PFL2,PFL2(PB12b)_L2_C6,L,12
13490,PFL2,PFL2(PB12b)_L1_C5,L,acetylcholine,511842,PFL2,PFL2(PB12b)_L2_C6,L,12
520573,PFL2,PFL2(PB12b)_R5_C1,R,acetylcholine,14729,PFL2,PFL2(PB12b)_R1_C5,R,12
519358,FC2B,FC2B_C4_R,R,acetylcholine,17000,PFL3,PFL3(PB12c)_L1_C3,L,12
520581,EPG,EPG(PB08)_R4,R,acetylcholine,11673,PFL2,PFL2(PB12b)_R4_C2,R,12
17804,Delta7,Delta7(PB15)_L7R2_L,L,glutamate,11673,PFL2,PFL2(PB12b)_R4_C2,R,12
515961,Delta7,Delta7(PB15)_L6R3_L,L,glutamate,524074,Delta7,Delta7(PB15)_L5R4_L,L,12
15837,Delta7,Delta7(PB15)_L1L9R8_R,R,glutamate,524074,Delta7,Delta7(PB15)_L5R4_L,L,12
10539,EPG,EPG(PB08)_R2,R,acetylcholine,524074,Delta7,Delta7(PB15)_L5R4_L,L,12
521813,EPG,EPG(PB08)_L2,L,acetylcholine,529318,Delta7,Delta7(PB15)_L4R5_R,R,12
517417,Delta7,Delta7(PB15)_L6R3_L,L,glutamate,529318,Delta7,Delta7(PB15)_L4R5_R,R,12
513464,EPG,EPG(PB08)_R8,R,acetylcholine,529318,Delta7,Delta7(PB15)_L4R5_R,R,12
17804,Delta7,Delta7(PB15)_L7R2_L,L,glutamate,529318,Delta7,Delta7(PB15)_L4R5_R,R,12
533725,Delta7,Delta7(PB15)_L8R1R9_L,L,glutamate,10513,Delta7,Delta7(PB15)_L3R6_R,R,12
524074,Delta7,Delta7(PB15)_L5R4_L,L,glutamate,10513,Delta7,Delta7(PB15)_L3R6_R,R,12
17379,Delta7,Delta7(PB15)_L4R5_R,R,glutamate,10513,Delta7,Delta7(PB15)_L3R6_R,R,12
15851,Delta7,Delta7(PB15)_L6R4_L,L,glutamate,556347,EPG,EPG(PB08)_R4,R,12
533725,Delta7,Delta7(PB15)_L8R1R9_L,L,glutamate,17379,Delta7,Delta7(PB15)_L4R5_R,R,12
513033,EPG,EPG(PB08)_L8,L,acetylcholine,17379,Delta7,Delta7(PB15)_L4R5_R,R,12
16553,Delta7,Delta7(PB15)_L5R4_L,L,glutamate,17379,Delta7,Delta7(PB15)_L4R5_R,R,12
511841,Delta7,Delta7(PB15)_L2R7_R,R,glutamate,18851,PFL3,PFL3(PB12c)_L1_C8_irreg,R,12
74326,FC2B,FC2B_C8_L,L,acetylcholine,18851,PFL3,PFL3(PB12c)_L1_C8_irreg,R,12
50461,FC2B,FC2B_C9_R,R,acetylcholine,18851,PFL3,PFL3(PB12c)_L1_C8_irreg,R,12
515233,FC2B,FC2B_C2_R,R,acetylcholine,51782,FC2C,FC2C_C2_R,R,11
131273,FC2A,FC2A_C5_R,R,acetylcholine,567101,PFL3,PFL3(PB12c)_R3_C5,R,11
511841,Delta7,Delta7(PB15)_L2R7_R,R,glutamate,16412,Delta7,Delta7(PB15)_L7R2_L,L,11
15713,EPG,EPG(PB08)_L6,L,acetylcholine,16412,Delta7,Delta7(PB15)_L7R2_L,L,11
16412,Delta7,Delta7(PB15)_L7R2_L,L,glutamate,16553,Delta7,Delta7(PB15)_L5R4_L,L,11
13217,EPG,EPG(PB08)_L8,L,acetylcholine,16553,Delta7,Delta7(PB15)_L5R4_L,L,11
522994,Delta7,Delta7(PB15)_L6R3_L,L,glutamate,513284,EPG,EPG(PB08)_R3,R,11
568155,Delta7,Delta7(PB15)_L8R1R9_L,L,glutamate,17143,Delta7,Delta7(PB15)_L2R7_R,R,11
15398,Delta7,Delta7(PB15)_L4R5_R,R,glutamate,17143,Delta7,Delta7(PB15)_L2R7_R,R,11
11874,EPG,EPG(PB08)_L7,L,acetylcholine,17143,Delta7,Delta7(PB15)_L2R7_R,R,11
521409,EPG,EPG(PB08)_L8,L,acetylcholine,519331,Delta7,Delta7(PB15)_L3R7_R,R,11
103466,FC2B,FC2B_C2_L,L,acetylcholine,520811,PFL3,PFL3(PB12c)_R6_C2,R,11
46169,FC2A,FC2A_C1_L,L,acetylcholine,520811,PFL3,PFL3(PB12c)_R6_C2,R,11
131313,EPG,EPG(PB08)_R6,R,acetylcholine,11307,EPG,EPG(PB08)_L4,L,11
524073,EPG,EPG(PB08)_L2,L,acetylcholine,521812,EPG,EPG(PB08)_R7,R,11
519328,EPG,EPG(PB08)_L3,L,acetylcholine,521812,EPG,EPG(PB08)_R7,R,11
434891,Delta7,Delta7(PB15)_L3R7_R,R,glutamate,521812,EPG,EPG(PB08)_R7,R,11
522994,Delta7,Delta7(PB15)_L6R3_L,L,glutamate,14806,Delta7,Delta7(PB15)_L8R1R9_L,L,11
16553,Delta7,Delta7(PB15)_L5R4_L,L,glutamate,14806,Delta7,Delta7(PB15)_L8R1R9_L,L,11
512305,EPG,EPG(PB08)_R8,R,acetylcholine,512514,EPG,EPG(PB08)_L1,L,11
519332,Delta7,Delta7(PB15)_L2R7_R,R,glutamate,17804,Delta7,Delta7(PB15)_L7R2_L,L,11
15399,Delta7,Delta7(PB15)_L1L9R8_R,R,glutamate,17804,Delta7,Delta7(PB15)_L7R2_L,L,11
513517,EPG,EPG(PB08)_L4,L,acetylcholine,16540,Delta7,Delta7(PB15)_L2R7_R,R,11
513463,EPG,EPG(PB08)_R2,R,acetylcholine,16540,Delta7,Delta7(PB15)_L2R7_R,R,11
17804,Delta7,Delta7(PB15)_L7R2_L,L,glutamate,16540,Delta7,Delta7(PB15)_L2R7_R,R,11
16110,Delta7,Delta7(PB15)_L3R6_R,R,glutamate,16540,Delta7,Delta7(PB15)_L2R7_R,R,11
15399,Delta7,Delta7(PB15)_L1L9R8_R,R,glutamate,16540,Delta7,Delta7(PB15)_L2R7_R,R,11
568155,Delta7,Delta7(PB15)_L8R1R9_L,L,glutamate,15495,Delta7,Delta7(PB15)_L3R6_R,R,11
515961,Delta7,Delta7(PB15)_L6R3_L,L,glutamate,15495,Delta7,Delta7(PB15)_L3R6_R,R,11
513033,EPG,EPG(PB08)_L8,L,acetylcholine,14816,Delta7,Delta7(PB15)_L6R4_L,L,11
13217,EPG,EPG(PB08)_L8,L,acetylcholine,14816,Delta7,Delta7(PB15)_L6R4_L,L,11
10539,EPG,EPG(PB08)_R2,R,acetylcholine,13217,EPG,EPG(PB08)_L8,L,11
556347,EPG,EPG(PB08)_R4,R,acetylcholine,533725,Delta7,Delta7(PB15)_L8R1R9_L,L,11
434891,Delta7,Delta7(PB15)_L3R7_R,R,glutamate,533725,Delta7,Delta7(PB15)_L8R1R9_L,L,11
16360,EPG,EPG(PB08)_L6,L,acetylcholine,533725,Delta7,Delta7(PB15)_L8R1R9_L,L,11
15851,Delta7,Delta7(PB15)_L6R4_L,L,glutamate,15616,EPG,EPG(PB08)_R3,R,11
521812,EPG,EPG(PB08)_R7,R,acetylcholine,18639,Delta7,Delta7(PB15)_L7R2_L,L,11
512305,EPG,EPG(PB08)_R8,R,acetylcholine,18639,Delta7,Delta7(PB15)_L7R2_L,L,11
16553,Delta7,Delta7(PB15)_L5R4_L,L,glutamate,18639,Delta7,Delta7(PB15)_L7R2_L,L,11
16412,Delta7,Delta7(PB15)_L7R2_L,L,glutamate,18639,Delta7,Delta7(PB15)_L7R2_L,L,11
15851,Delta7,Delta7(PB15)_L6R4_L,L,glutamate,18639,Delta7,Delta7(PB15)_L7R2_L,L,11
16540,Delta7,Delta7(PB15)_L2R7_R,R,glutamate,11557,PFL2,PFL2(PB12b)_L3_C7,L,11
519332,Delta7,Delta7(PB15)_L2R7_R,R,glutamate,18823,Delta7,Delta7(PB15)_L4R5_R,R,11
17753,Delta7,Delta7(PB15)_L7R3_L,L,glutamate,18823,Delta7,Delta7(PB15)_L4R5_R,R,11
15398,Delta7,Delta7(PB15)_L4R5_R,R,glutamate,18823,Delta7,Delta7(PB15)_L4R5_R,R,11
56382,FC2A,FC2A_C6_L,L,acetylcholine,27492,PFL2,PFL2(PB12b)_L3_C7,L,11
15409,Delta7,Delta7(PB15)_L8R1R9_L,L,glutamate,434891,Delta7,Delta7(PB15)_L3R7_R,R,11
529318,Delta7,Delta7(PB15)_L4R5_R,R,glutamate,15839,Delta7,Delta7(PB15)_L1L9R8_R,R,11
131313,EPG,EPG(PB08)_R6,R,acetylcholine,15839,Delta7,Delta7(PB15)_L1L9R8_R,R,11
15409,Delta7,Delta7(PB15)_L8R1R9_L,L,glutamate,15839,Delta7,Delta7(PB15)_L1L9R8_R,R,11
41559,FC2A,FC2A_C9_L,L,acetylcholine,46169,FC2A,FC2A_C1_L,L,11
67361,FC2B,FC2B_C2_R,R,acetylcholine,15210,PFL3,PFL3(PB12c)_R2_C1_irreg,L,11
17804,Delta7,Delta7(PB15)_L7R2_L,L,glutamate,15210,PFL3,PFL3(PB12c)_R2_C1_irreg,L,11
513520,EPG,EPG(PB08)_R6,R,acetylcholine,519328,EPG,EPG(PB08)_L3,L,11
15837,Delta7,Delta7(PB15)_L1L9R8_R,R,glutamate,512305,EPG,EPG(PB08)_R8,R,11
520581,EPG,EPG(PB08)_R4,R,acetylcholine,556346,EPG,EPG(PB08)_L6,L,11
556346,EPG,EPG(PB08)_L6,L,acetylcholine,17290,PFL3,PFL3(PB12c)_L6_C8,L,11
17804,Delta7,Delta7(PB15)_L7R2_L,L,glutamate,17290,PFL3,PFL3(PB12c)_L6_C8,L,11
522994,Delta7,Delta7(PB15)_L6R3_L,L,glutamate,16180,Delta7,Delta7(PB15)_L3R6_R,R,11
521409,EPG,EPG(PB08)_L8,L,acetylcholine,16180,Delta7,Delta7(PB15)_L3R6_R,R,11
15399,Delta7,Delta7(PB15)_L1L9R8_R,R,glutamate,16180,Delta7,Delta7(PB15)_L3R6_R,R,11
523786,EPG,EPG(PB08)_R4,R,acetylcholine,107195,EPG,EPG(PB08)_L5,L,11
515233,FC2B,FC2B_C2_R,R,acetylcholine,139763,FC2C,FC2C_C2_R,R,11
520581,EPG,EPG(PB08)_R4,R,acetylcholine,14509,Delta7,Delta7(PB15)_L4R6_R,R,11
434891,Delta7,Delta7(PB15)_L3R7_R,R,glutamate,14509,Delta7,Delta7(PB15)_L4R6_R,R,11
16553,Delta7,Delta7(PB15)_L5R4_L,L,glutamate,14509,Delta7,Delta7(PB15)_L4R6_R,R,11
12449,EPG,EPG(PB08)_L5,L,acetylcholine,26038,PFL3,PFL3(PB12c)_L5_C7,L,11
524074,Delta7,Delta7(PB15)_L5R4_L,L,glutamate,15904,Delta7,Delta7(PB15)_L4R5_R,R,11
520812,EPG,EPG(PB08)_R8,R,acetylcholine,15904,Delta7,Delta7(PB15)_L4R5_R,R,11
519331,Delta7,Delta7(PB15)_L3R7_R,R,glutamate,15904,Delta7,Delta7(PB15)_L4R5_R,R,11
515294,Delta7,Delta7(PB15)_L5R4_L,L,glutamate,15904,Delta7,Delta7(PB15)_L4R5_R,R,11
512928,EPG,EPG(PB08)_R3,R,acetylcholine,15904,Delta7,Delta7(PB15)_L4R5_R,R,11
512305,EPG,EPG(PB08)_R8,R,acetylcholine,15904,Delta7,Delta7(PB15)_L4R5_R,R,11
16110,Delta7,Delta7(PB15)_L3R6_R,R,glutamate,15904,Delta7,Delta7(PB15)_L4R5_R,R,11
15837,Delta7,Delta7(PB15)_L1L9R8_R,R,glutamate,15904,Delta7,Delta7(PB15)_L4R5_R,R,11
14509,Delta7,Delta7(PB15)_L4R6_R,R,glutamate,15904,Delta7,Delta7(PB15)_L4R5_R,R,11
512513,EPG,EPG(PB08)_R1,R,acetylcholine,35322,PFL3,PFL3(PB12c)_R1_C7,R,11
122167,FC2C,FC2C_C7_R,R,acetylcholine,35322,PFL3,PFL3(PB12c)_R1_C7,R,11
56382,FC2A,FC2A_C6_L,L,acetylcholine,35322,PFL3,PFL3(PB12c)_R1_C7,R,11
45343,FC2C,FC2C_C7_L,L,acetylcholine,35322,PFL3,PFL3(PB12c)_R1_C7,R,11
524977,FC2C,FC2C_C3_L,L,acetylcholine,26488,PFL3,PFL3(PB12c)_R5_C3,R,11
524074,Delta7,Delta7(PB15)_L5R4_L,L,glutamate,26488,PFL3,PFL3(PB12c)_R5_C3,R,11
141430,FC2C,FC2C_C3_R,R,acetylcholine,26488,PFL3,PFL3(PB12c)_R5_C3,R,11
103466,FC2B,FC2B_C2_L,L,acetylcholine,26488,PFL3,PFL3(PB12c)_R5_C3,R,11
29674,FC2A,FC2A_C2_L,L,acetylcholine,26488,PFL3,PFL3(PB12c)_R5_C3,R,11
515675,EPG,EPG(PB08)_R1,R,acetylcholine,517417,Delta7,Delta7(PB15)_L6R3_L,L,11
19125,EPG,EPG(PB08)_R5,R,acetylcholine,517417,Delta7,Delta7(PB15)_L6R3_L,L,11
11184,Delta7,Delta7(PB15)_L1L9R8_R,R,glutamate,517417,Delta7,Delta7(PB15)_L6R3_L,L,11
515294,Delta7,Delta7(PB15)_L5R4_L,L,glutamate,16476,Delta7,Delta7(PB15)_L7R2_L,L,11
16540,Delta7,Delta7(PB15)_L2R7_R,R,glutamate,16476,Delta7,Delta7(PB15)_L7R2_L,L,11
16234,Delta7,Delta7(PB15)_L1L9R8_R,R,glutamate,16476,Delta7,Delta7(PB15)_L7R2_L,L,11
15654,Delta7,Delta7(PB15)_L8R1R9_L,L,glutamate,16476,Delta7,Delta7(PB15)_L7R2_L,L,11
11184,Delta7,Delta7(PB15)_L1L9R8_R,R,glutamate,16476,Delta7,Delta7(PB15)_L7R2_L,L,11
14816,Delta7,Delta7(PB15)_L6R4_L,L,glutamate,515961,Delta7,Delta7(PB15)_L6R3_L,L,11
521409,EPG,EPG(PB08)_L8,L,acetylcholine,512513,EPG,EPG(PB08)_R1,R,11
515961,Delta7,Delta7(PB15)_L6R3_L,L,glutamate,513266,PFL3,PFL3(PB12c)_R3_C5,R,11
17024,Delta7,Delta7(PB15)_L5R4_L,L,glutamate,513266,PFL3,PFL3(PB12c)_R3_C5,R,11
434891,Delta7,Delta7(PB15)_L3R7_R,R,glutamate,523032,PFL3,PFL3(PB12c)_L2_C4,L,11
137990,FC2B,FC2B_C3_L,L,acetylcholine,523032,PFL3,PFL3(PB12c)_L2_C4,L,11
15837,Delta7,Delta7(PB15)_L1L9R8_R,R,glutamate,523032,PFL3,PFL3(PB12c)_L2_C4,L,11
519328,EPG,EPG(PB08)_L3,L,acetylcholine,530071,PFL3,PFL3(PB12c)_L3_C5,L,11
153441,FC2C,FC2C_C5_L,L,acetylcholine,530071,PFL3,PFL3(PB12c)_L3_C5,L,11
124562,FC2C,FC2C_C5_L,L,acetylcholine,530071,PFL3,PFL3(PB12c)_L3_C5,L,11
115674,FC2C,FC2C_C4_R,R,acetylcholine,530071,PFL3,PFL3(PB12c)_L3_C5,L,11
19125,EPG,EPG(PB08)_R5,R,acetylcholine,511841,Delta7,Delta7(PB15)_L2R7_R,R,11
15654,Delta7,Delta7(PB15)_L8R1R9_L,L,glutamate,511841,Delta7,Delta7(PB15)_L2R7_R,R,11
17753,Delta7,Delta7(PB15)_L7R3_L,L,glutamate,10539,EPG,EPG(PB08)_R2,R,11
533725,Delta7,Delta7(PB15)_L8R1R9_L,L,glutamate,15851,Delta7,Delta7(PB15)_L6R4_L,L,11
515675,EPG,EPG(PB08)_R1,R,acetylcholine,15851,Delta7,Delta7(PB15)_L6R4_L,L,11
18639,Delta7,Delta7(PB15)_L7R2_L,L,glutamate,15851,Delta7,Delta7(PB15)_L6R4_L,L,11
16869,Delta7,Delta7(PB15)_L7R3_L,L,glutamate,15851,Delta7,Delta7(PB15)_L6R4_L,L,11
16476,Delta7,Delta7(PB15)_L7R2_L,L,glutamate,15851,Delta7,Delta7(PB15)_L6R4_L,L,11
14816,Delta7,Delta7(PB15)_L6R4_L,L,glutamate,15851,Delta7,Delta7(PB15)_L6R4_L,L,11
13217,EPG,EPG(PB08)_L8,L,acetylcholine,15851,Delta7,Delta7(PB15)_L6R4_L,L,11
15409,Delta7,Delta7(PB15)_L8R1R9_L,L,glutamate,522853,PFL2,PFL2(PB12b)_R2_C4,R,11
515961,Delta7,Delta7(PB15)_L6R3_L,L,glutamate,15713,EPG,EPG(PB08)_L6,L,11
515294,Delta7,Delta7(PB15)_L5R4_L,L,glutamate,15713,EPG,EPG(PB08)_L6,L,11
14816,Delta7,Delta7(PB15)_L6R4_L,L,glutamate,15713,EPG,EPG(PB08)_L6,L,11
533725,Delta7,Delta7(PB15)_L8R1R9_L,L,glutamate,18327,PFL3,PFL3(PB12c)_R2_C6,R,11
108286,FC2C,FC2C_C7_R,R,acetylcholine,18327,PFL3,PFL3(PB12c)_R2_C6,R,11
101011,FC2C,FC2C_C6_R,R,acetylcholine,18327,PFL3,PFL3(PB12c)_R2_C6,R,11
68271,FC2B,FC2B_C7_L,L,acetylcholine,18327,PFL3,PFL3(PB12c)_R2_C6,R,11
15654,Delta7,Delta7(PB15)_L8R1R9_L,L,glutamate,18327,PFL3,PFL3(PB12c)_R2_C6,R,11
15495,Delta7,Delta7(PB15)_L3R6_R,R,glutamate,19825,EPG,EPG(PB08)_R6,R,11
519144,EPG,EPG(PB08)_L8,L,acetylcholine,16110,Delta7,Delta7(PB15)_L3R6_R,R,11
434891,Delta7,Delta7(PB15)_L3R7_R,R,glutamate,16110,Delta7,Delta7(PB15)_L3R6_R,R,11
35324,Delta7,Delta7(PB15)_L5R4_L,L,glutamate,16110,Delta7,Delta7(PB15)_L3R6_R,R,11
524074,Delta7,Delta7(PB15)_L5R4_L,L,glutamate,15654,Delta7,Delta7(PB15)_L8R1R9_L,L,11
87630,FC2B,FC2B_C3_L,L,acetylcholine,518375,PFL2,PFL2(PB12b)_R3_C3,R,11
74480,FC2C,FC2C_C9_R,R,acetylcholine,519346,PFL3,PFL3(PB12c)_L7_C9,L,11
556346,EPG,EPG(PB08)_L6,L,acetylcholine,519332,Delta7,Delta7(PB15)_L2R7_R,R,11
533725,Delta7,Delta7(PB15)_L8R1R9_L,L,glutamate,519332,Delta7,Delta7(PB15)_L2R7_R,R,11
524074,Delta7,Delta7(PB15)_L5R4_L,L,glutamate,519332,Delta7,Delta7(PB15)_L2R7_R,R,11
18823,Delta7,Delta7(PB15)_L4R5_R,R,glutamate,519332,Delta7,Delta7(PB15)_L2R7_R,R,11
16110,Delta7,Delta7(PB15)_L3R6_R,R,glutamate,519332,Delta7,Delta7(PB15)_L2R7_R,R,11
14806,Delta7,Delta7(PB15)_L8R1R9_L,L,glutamate,519332,Delta7,Delta7(PB15)_L2R7_R,R,11
521812,EPG,EPG(PB08)_R7,R,acetylcholine,16869,Delta7,Delta7(PB15)_L7R3_L,L,11
16553,Delta7,Delta7(PB15)_L5R4_L,L,glutamate,16869,Delta7,Delta7(PB15)_L7R3_L,L,11
534662,FC2C,FC2C_C8_R,R,acetylcholine,513032,PFL3,PFL3(PB12c)_L5_C7,L,11
533436,FC2C,FC2C_C7_L,L,acetylcholine,513032,PFL3,PFL3(PB12c)_L5_C7,L,11
45343,FC2C,FC2C_C7_L,L,acetylcholine,513032,PFL3,PFL3(PB12c)_L5_C7,L,11
519328,EPG,EPG(PB08)_L3,L,acetylcholine,568155,Delta7,Delta7(PB15)_L8R1R9_L,L,11
512305,EPG,EPG(PB08)_R8,R,acetylcholine,568155,Delta7,Delta7(PB15)_L8R1R9_L,L,11
434891,Delta7,Delta7(PB15)_L3R7_R,R,glutamate,568155,Delta7,Delta7(PB15)_L8R1R9_L,L,11
10539,EPG,EPG(PB08)_R2,R,acetylcholine,519144,EPG,EPG(PB08)_L8,L,11
16553,Delta7,Delta7(PB15)_L5R4_L,L,glutamate,11989,EPG,EPG(PB08)_L5,L,11
529266,FC2C,FC2C_C2_L,L,acetylcholine,17286,PFL3,PFL3(PB12c)_R1_C2_irreg,L,11
139763,FC2C,FC2C_C2_R,R,acetylcholine,17286,PFL3,PFL3(PB12c)_R1_C2_irreg,L,11
15399,Delta7,Delta7(PB15)_L1L9R8_R,R,glutamate,17286,PFL3,PFL3(PB12c)_R1_C2_irreg,L,11
119544,FC2C,FC2C_C6_L,L,acetylcholine,13490,PFL2,PFL2(PB12b)_L1_C5,L,11
14806,Delta7,Delta7(PB15)_L8R1R9_L,L,glutamate,13490,PFL2,PFL2(PB12b)_L1_C5,L,11
556347,EPG,EPG(PB08)_R4,R,acetylcholine,15837,Delta7,Delta7(PB15)_L1L9R8_R,R,11
88342,EPG,EPG(PB08)_L3,L,acetylcholine,15837,Delta7,Delta7(PB15)_L1L9R8_R,R,11
15409,Delta7,Delta7(PB15)_L8R1R9_L,L,glutamate,15837,Delta7,Delta7(PB15)_L1L9R8_R,R,11
521409,EPG,EPG(PB08)_L8,L,acetylcholine,15398,Delta7,Delta7(PB15)_L4R5_R,R,11
513284,EPG,EPG(PB08)_R3,R,acetylcholine,15398,Delta7,Delta7(PB15)_L4R5_R,R,11
511841,Delta7,Delta7(PB15)_L2R7_R,R,glutamate,15398,Delta7,Delta7(PB15)_L4R5_R,R,11
434891,Delta7,Delta7(PB15)_L3R7_R,R,glutamate,15398,Delta7,Delta7(PB15)_L4R5_R,R,11
10513,Delta7,Delta7(PB15)_L3R6_R,R,glutamate,15398,Delta7,Delta7(PB15)_L4R5_R,R,11
35324,Delta7,Delta7(PB15)_L5R4_L,L,glutamate,17024,Delta7,Delta7(PB15)_L5R4_L,L,11
14509,Delta7,Delta7(PB15)_L4R6_R,R,glutamate,17024,Delta7,Delta7(PB15)_L5R4_L,L,11
515233,FC2B,FC2B_C2_R,R,acetylcholine,67361,FC2B,FC2B_C2_R,R,11
513517,EPG,EPG(PB08)_L4,L,acetylcholine,519351,PFL3,PFL3(PB12c)_L4_C5,L,11
91537,FC2C,FC2C_C5_L,L,acetylcholine,519351,PFL3,PFL3(PB12c)_L4_C5,L,11
533725,Delta7,Delta7(PB15)_L8R1R9_L,L,glutamate,11184,Delta7,Delta7(PB15)_L1L9R8_R,R,11
529318,Delta7,Delta7(PB15)_L4R5_R,R,glutamate,11184,Delta7,Delta7(PB15)_L1L9R8_R,R,11
19825,EPG,EPG(PB08)_R6,R,acetylcholine,11184,Delta7,Delta7(PB15)_L1L9R8_R,R,11
17143,Delta7,Delta7(PB15)_L2R7_R,R,glutamate,11184,Delta7,Delta7(PB15)_L1L9R8_R,R,11
16110,Delta7,Delta7(PB15)_L3R6_R,R,glutamate,11184,Delta7,Delta7(PB15)_L1L9R8_R,R,11
16360,EPG,EPG(PB08)_L6,L,acetylcholine,35324,Delta7,Delta7(PB15)_L5R4_L,L,11
15399,Delta7,Delta7(PB15)_L1L9R8_R,R,glutamate,35324,Delta7,Delta7(PB15)_L5R4_L,L,11
14507,EPG,EPG(PB08)_R7,R,acetylcholine,35324,Delta7,Delta7(PB15)_L5R4_L,L,11
11874,EPG,EPG(PB08)_L7,L,acetylcholine,35324,Delta7,Delta7(PB15)_L5R4_L,L,11
519941,EPG,EPG(PB08)_L3,L,acetylcholine,16234,Delta7,Delta7(PB15)_L1L9R8_R,R,11
513284,EPG,EPG(PB08)_R3,R,acetylcholine,16234,Delta7,Delta7(PB15)_L1L9R8_R,R,11
434891,Delta7,Delta7(PB15)_L3R7_R,R,glutamate,16234,Delta7,Delta7(PB15)_L1L9R8_R,R,11
16412,Delta7,Delta7(PB15)_L7R2_L,L,glutamate,16234,Delta7,Delta7(PB15)_L1L9R8_R,R,11
15495,Delta7,Delta7(PB15)_L3R6_R,R,glutamate,16234,Delta7,Delta7(PB15)_L1L9R8_R,R,11
524074,Delta7,Delta7(PB15)_L5R4_L,L,glutamate,17753,Delta7,Delta7(PB15)_L7R3_L,L,11
16234,Delta7,Delta7(PB15)_L1L9R8_R,R,glutamate,17753,Delta7,Delta7(PB15)_L7R3_L,L,11
524074,Delta7,Delta7(PB15)_L5R4_L,L,glutamate,522994,Delta7,Delta7(PB15)_L6R3_L,L,11
515675,EPG,EPG(PB08)_R1,R,acetylcholine,522994,Delta7,Delta7(PB15)_L6R3_L,L,11
16412,Delta7,Delta7(PB15)_L7R2_L,L,glutamate,522994,Delta7,Delta7(PB15)_L6R3_L,L,11
15654,Delta7,Delta7(PB15)_L8R1R9_L,L,glutamate,513033,EPG,EPG(PB08)_L8,L,11
15409,Delta7,Delta7(PB15)_L8R1R9_L,L,glutamate,513033,EPG,EPG(PB08)_L8,L,11
14806,Delta7,Delta7(PB15)_L8R1R9_L,L,glutamate,513033,EPG,EPG(PB08)_L8,L,11
519144,EPG,EPG(PB08)_L8,L,acetylcholine,521409,EPG,EPG(PB08)_L8,L,11
515294,Delta7,Delta7(PB15)_L5R4_L,L,glutamate,16360,EPG,EPG(PB08)_L6,L,11
15839,Delta7,Delta7(PB15)_L1L9R8_R,R,glutamate,520812,EPG,EPG(PB08)_R8,R,11
529318,Delta7,Delta7(PB15)_L4R5_R,R,glutamate,19715,PFL2,PFL2(PB12b)_L4_C8,L,11
74480,FC2C,FC2C_C9_R,R,acetylcholine,19715,PFL2,PFL2(PB12b)_L4_C8,L,11
40179,FC2A,FC2A_C7_L,L,acetylcholine,19715,PFL2,PFL2(PB12b)_L4_C8,L,11
15398,Delta7,Delta7(PB15)_L4R5_R,R,glutamate,19715,PFL2,PFL2(PB12b)_L4_C8,L,11
14507,EPG,EPG(PB08)_R7,R,acetylcholine,79549,PFL3,PFL3(PB12c)_R7_C1,R,11
236557,FC2C,FC2C_C3_R,R,acetylcholine,13031,PFL2,PFL2(PB12b)_R3_C3,R,11
17024,Delta7,Delta7(PB15)_L5R4_L,L,glutamate,520581,EPG,EPG(PB08)_R4,R,11
512514,EPG,EPG(PB08)_L1,L,acetylcholine,511842,PFL2,PFL2(PB12b)_L2_C6,L,11
106495,FC2B,FC2B_C6_R,R,acetylcholine,511842,PFL2,PFL2(PB12b)_L2_C6,L,11
101011,FC2C,FC2C_C6_R,R,acetylcholine,511842,PFL2,PFL2(PB12b)_L2_C6,L,11
16869,Delta7,Delta7(PB15)_L7R3_L,L,glutamate,11874,EPG,EPG(PB08)_L7,L,11
137990,FC2B,FC2B_C3_L,L,acetylcholine,17000,PFL3,PFL3(PB12c)_L1_C3,L,11
513520,EPG,EPG(PB08)_R6,R,acetylcholine,524074,Delta7,Delta7(PB15)_L5R4_L,L,11
92188,EPG,EPG(PB08)_R7,R,acetylcholine,524074,Delta7,Delta7(PB15)_L5R4_L,L,11
16180,Delta7,Delta7(PB15)_L3R6_R,R,glutamate,524074,Delta7,Delta7(PB15)_L5R4_L,L,11
519332,Delta7,Delta7(PB15)_L2R7_R,R,glutamate,14507,EPG,EPG(PB08)_R7,R,11
434891,Delta7,Delta7(PB15)_L3R7_R,R,glutamate,14507,EPG,EPG(PB08)_R7,R,11
434891,Delta7,Delta7(PB15)_L3R7_R,R,glutamate,529318,Delta7,Delta7(PB15)_L4R5_R,R,11
16412,Delta7,Delta7(PB15)_L7R2_L,L,glutamate,529318,Delta7,Delta7(PB15)_L4R5_R,R,11
10513,Delta7,Delta7(PB15)_L3R6_R,R,glutamate,529318,Delta7,Delta7(PB15)_L4R5_R,R,11
523786,EPG,EPG(PB08)_R4,R,acetylcholine,10513,Delta7,Delta7(PB15)_L3R6_R,R,11
519332,Delta7,Delta7(PB15)_L2R7_R,R,glutamate,10513,Delta7,Delta7(PB15)_L3R6_R,R,11
16360,EPG,EPG(PB08)_L6,L,acetylcholine,10513,Delta7,Delta7(PB15)_L3R6_R,R,11
15409,Delta7,Delta7(PB15)_L8R1R9_L,L,glutamate,10513,Delta7,Delta7(PB15)_L3R6_R,R,11
14816,Delta7,Delta7(PB15)_L6R4_L,L,glutamate,10513,Delta7,Delta7(PB15)_L3R6_R,R,11
14806,Delta7,Delta7(PB15)_L8R1R9_L,L,glutamate,10513,Delta7,Delta7(PB15)_L3R6_R,R,11
16360,EPG,EPG(PB08)_L6,L,acetylcholine,556347,EPG,EPG(PB08)_R4,R,11
521409,EPG,EPG(PB08)_L8,L,acetylcholine,17379,Delta7,Delta7(PB15)_L4R5_R,R,11
517417,Delta7,Delta7(PB15)_L6R3_L,L,glutamate,17379,Delta7,Delta7(PB15)_L4R5_R,R,11
512305,EPG,EPG(PB08)_R8,R,acetylcholine,17379,Delta7,Delta7(PB15)_L4R5_R,R,11
15495,Delta7,Delta7(PB15)_L3R6_R,R,glutamate,17379,Delta7,Delta7(PB15)_L4R5_R,R,11
531073,FC2C,FC2C_C9_R,R,acetylcholine,18851,PFL3,PFL3(PB12c)_L1_C8_irreg,R,11
149740,FC2B,FC2B_C9_L,L,acetylcholine,18851,PFL3,PFL3(PB12c)_L1_C8_irreg,R,11
124562,FC2C,FC2C_C5_L,L,acetylcholine,567101,PFL3,PFL3(PB12c)_R3_C5,R,10
92188,EPG,EPG(PB08)_R7,R,acetylcholine,16412,Delta7,Delta7(PB15)_L7R2_L,L,10
17024,Delta7,Delta7(PB15)_L5R4_L,L,glutamate,16412,Delta7,Delta7(PB15)_L7R2_L,L,10
16540,Delta7,Delta7(PB15)_L2R7_R,R,glutamate,16412,Delta7,Delta7(PB15)_L7R2_L,L,10
16360,EPG,EPG(PB08)_L6,L,acetylcholine,16412,Delta7,Delta7(PB15)_L7R2_L,L,10
14816,Delta7,Delta7(PB15)_L6R4_L,L,glutamate,16412,Delta7,Delta7(PB15)_L7R2_L,L,10
519941,EPG,EPG(PB08)_L3,L,acetylcholine,16553,Delta7,Delta7(PB15)_L5R4_L,L,10
513033,EPG,EPG(PB08)_L8,L,acetylcholine,16553,Delta7,Delta7(PB15)_L5R4_L,L,10
434891,Delta7,Delta7(PB15)_L3R7_R,R,glutamate,16553,Delta7,Delta7(PB15)_L5R4_L,L,10
17804,Delta7,Delta7(PB15)_L7R2_L,L,glutamate,513284,EPG,EPG(PB08)_R3,R,10
514126,EPG,EPG(PB08)_R5,R,acetylcholine,17143,Delta7,Delta7(PB15)_L2R7_R,R,10
17024,Delta7,Delta7(PB15)_L5R4_L,L,glutamate,17143,Delta7,Delta7(PB15)_L2R7_R,R,10
13217,EPG,EPG(PB08)_L8,L,acetylcholine,17143,Delta7,Delta7(PB15)_L2R7_R,R,10
556347,EPG,EPG(PB08)_R4,R,acetylcholine,519331,Delta7,Delta7(PB15)_L3R7_R,R,10
513033,EPG,EPG(PB08)_L8,L,acetylcholine,519331,Delta7,Delta7(PB15)_L3R7_R,R,10
19125,EPG,EPG(PB08)_R5,R,acetylcholine,519331,Delta7,Delta7(PB15)_L3R7_R,R,10
13217,EPG,EPG(PB08)_L8,L,acetylcholine,519331,Delta7,Delta7(PB15)_L3R7_R,R,10
17143,Delta7,Delta7(PB15)_L2R7_R,R,glutamate,524073,EPG,EPG(PB08)_L2,L,10
16540,Delta7,Delta7(PB15)_L2R7_R,R,glutamate,524073,EPG,EPG(PB08)_L2,L,10
14507,EPG,EPG(PB08)_R7,R,acetylcholine,524073,EPG,EPG(PB08)_L2,L,10
68502,FC2C,FC2C_C1_L,L,acetylcholine,520811,PFL3,PFL3(PB12c)_R6_C2,R,10
520581,EPG,EPG(PB08)_R4,R,acetylcholine,14806,Delta7,Delta7(PB15)_L8R1R9_L,L,10
15839,Delta7,Delta7(PB15)_L1L9R8_R,R,glutamate,14806,Delta7,Delta7(PB15)_L8R1R9_L,L,10
15654,Delta7,Delta7(PB15)_L8R1R9_L,L,glutamate,14806,Delta7,Delta7(PB15)_L8R1R9_L,L,10
524074,Delta7,Delta7(PB15)_L5R4_L,L,glutamate,17804,Delta7,Delta7(PB15)_L7R2_L,L,10
513464,EPG,EPG(PB08)_R8,R,acetylcholine,17804,Delta7,Delta7(PB15)_L7R2_L,L,10
14806,Delta7,Delta7(PB15)_L8R1R9_L,L,glutamate,17804,Delta7,Delta7(PB15)_L7R2_L,L,10
521409,EPG,EPG(PB08)_L8,L,acetylcholine,16540,Delta7,Delta7(PB15)_L2R7_R,R,10
11307,EPG,EPG(PB08)_L4,L,acetylcholine,16540,Delta7,Delta7(PB15)_L2R7_R,R,10
520812,EPG,EPG(PB08)_R8,R,acetylcholine,15495,Delta7,Delta7(PB15)_L3R6_R,R,10
16540,Delta7,Delta7(PB15)_L2R7_R,R,glutamate,15495,Delta7,Delta7(PB15)_L3R6_R,R,10
519144,EPG,EPG(PB08)_L8,L,acetylcholine,14816,Delta7,Delta7(PB15)_L6R4_L,L,10
517417,Delta7,Delta7(PB15)_L6R3_L,L,glutamate,14816,Delta7,Delta7(PB15)_L6R4_L,L,10
513463,EPG,EPG(PB08)_R2,R,acetylcholine,14816,Delta7,Delta7(PB15)_L6R4_L,L,10
17753,Delta7,Delta7(PB15)_L7R3_L,L,glutamate,14816,Delta7,Delta7(PB15)_L6R4_L,L,10
15851,Delta7,Delta7(PB15)_L6R4_L,L,glutamate,14816,Delta7,Delta7(PB15)_L6R4_L,L,10
15399,Delta7,Delta7(PB15)_L1L9R8_R,R,glutamate,14816,Delta7,Delta7(PB15)_L6R4_L,L,10
10539,EPG,EPG(PB08)_R2,R,acetylcholine,14816,Delta7,Delta7(PB15)_L6R4_L,L,10
533725,Delta7,Delta7(PB15)_L8R1R9_L,L,glutamate,13217,EPG,EPG(PB08)_L8,L,10
556346,EPG,EPG(PB08)_L6,L,acetylcholine,533725,Delta7,Delta7(PB15)_L8R1R9_L,L,10
524074,Delta7,Delta7(PB15)_L5R4_L,L,glutamate,533725,Delta7,Delta7(PB15)_L8R1R9_L,L,10
523786,EPG,EPG(PB08)_R4,R,acetylcholine,533725,Delta7,Delta7(PB15)_L8R1R9_L,L,10
15713,EPG,EPG(PB08)_L6,L,acetylcholine,15616,EPG,EPG(PB08)_R3,R,10
529318,Delta7,Delta7(PB15)_L4R5_R,R,glutamate,18639,Delta7,Delta7(PB15)_L7R2_L,L,10
520812,EPG,EPG(PB08)_R8,R,acetylcholine,18639,Delta7,Delta7(PB15)_L7R2_L,L,10
513517,EPG,EPG(PB08)_L4,L,acetylcholine,18639,Delta7,Delta7(PB15)_L7R2_L,L,10
19825,EPG,EPG(PB08)_R6,R,acetylcholine,18639,Delta7,Delta7(PB15)_L7R2_L,L,10
17024,Delta7,Delta7(PB15)_L5R4_L,L,glutamate,18639,Delta7,Delta7(PB15)_L7R2_L,L,10
10539,EPG,EPG(PB08)_R2,R,acetylcholine,14727,EPG,EPG(PB08)_L7,L,10
518606,FC2A,FC2A_C8_L,L,acetylcholine,11557,PFL2,PFL2(PB12b)_L3_C7,L,10
513464,EPG,EPG(PB08)_R8,R,acetylcholine,515675,EPG,EPG(PB08)_R1,R,10
519331,Delta7,Delta7(PB15)_L3R7_R,R,glutamate,18823,Delta7,Delta7(PB15)_L4R5_R,R,10
515675,EPG,EPG(PB08)_R1,R,acetylcholine,434891,Delta7,Delta7(PB15)_L3R7_R,R,10
514126,EPG,EPG(PB08)_R5,R,acetylcholine,434891,Delta7,Delta7(PB15)_L3R7_R,R,10
513033,EPG,EPG(PB08)_L8,L,acetylcholine,434891,Delta7,Delta7(PB15)_L3R7_R,R,10
18823,Delta7,Delta7(PB15)_L4R5_R,R,glutamate,434891,Delta7,Delta7(PB15)_L3R7_R,R,10
17143,Delta7,Delta7(PB15)_L2R7_R,R,glutamate,15839,Delta7,Delta7(PB15)_L1L9R8_R,R,10
14806,Delta7,Delta7(PB15)_L8R1R9_L,L,glutamate,15839,Delta7,Delta7(PB15)_L1L9R8_R,R,10
514126,EPG,EPG(PB08)_R5,R,acetylcholine,518378,PFL3,PFL3(PB12c)_R5_C3,R,10
137990,FC2B,FC2B_C3_L,L,acetylcholine,518378,PFL3,PFL3(PB12c)_R5_C3,R,10
11184,Delta7,Delta7(PB15)_L1L9R8_R,R,glutamate,519140,EPG,EPG(PB08)_L1,L,10
515961,Delta7,Delta7(PB15)_L6R3_L,L,glutamate,556346,EPG,EPG(PB08)_L6,L,10
519332,Delta7,Delta7(PB15)_L2R7_R,R,glutamate,16180,Delta7,Delta7(PB15)_L3R6_R,R,10
512305,EPG,EPG(PB08)_R8,R,acetylcholine,16180,Delta7,Delta7(PB15)_L3R6_R,R,10
16540,Delta7,Delta7(PB15)_L2R7_R,R,glutamate,16180,Delta7,Delta7(PB15)_L3R6_R,R,10
513517,EPG,EPG(PB08)_L4,L,acetylcholine,29836,PFL3,PFL3(PB12c)_L4_C6,L,10
524074,Delta7,Delta7(PB15)_L5R4_L,L,glutamate,107195,EPG,EPG(PB08)_L5,L,10
515961,Delta7,Delta7(PB15)_L6R3_L,L,glutamate,107195,EPG,EPG(PB08)_L5,L,10
521409,EPG,EPG(PB08)_L8,L,acetylcholine,14509,Delta7,Delta7(PB15)_L4R6_R,R,10
519332,Delta7,Delta7(PB15)_L2R7_R,R,glutamate,14509,Delta7,Delta7(PB15)_L4R6_R,R,10
518606,FC2A,FC2A_C8_L,L,acetylcholine,26038,PFL3,PFL3(PB12c)_L5_C7,L,10
524074,Delta7,Delta7(PB15)_L5R4_L,L,glutamate,523786,EPG,EPG(PB08)_R4,R,10
513284,EPG,EPG(PB08)_R3,R,acetylcholine,15904,Delta7,Delta7(PB15)_L4R5_R,R,10
521409,EPG,EPG(PB08)_L8,L,acetylcholine,517417,Delta7,Delta7(PB15)_L6R3_L,L,10
14806,Delta7,Delta7(PB15)_L8R1R9_L,L,glutamate,517417,Delta7,Delta7(PB15)_L6R3_L,L,10
15837,Delta7,Delta7(PB15)_L1L9R8_R,R,glutamate,18803,PFL3,PFL3(PB12c)_R1_C7,R,10
524074,Delta7,Delta7(PB15)_L5R4_L,L,glutamate,16476,Delta7,Delta7(PB15)_L7R2_L,L,10
520812,EPG,EPG(PB08)_R8,R,acetylcholine,16476,Delta7,Delta7(PB15)_L7R2_L,L,10
19825,EPG,EPG(PB08)_R6,R,acetylcholine,515961,Delta7,Delta7(PB15)_L6R3_L,L,10
11184,Delta7,Delta7(PB15)_L1L9R8_R,R,glutamate,515961,Delta7,Delta7(PB15)_L6R3_L,L,10
236557,FC2C,FC2C_C3_R,R,acetylcholine,523032,PFL3,PFL3(PB12c)_L2_C4,L,10
523786,EPG,EPG(PB08)_R4,R,acetylcholine,15399,Delta7,Delta7(PB15)_L1L9R8_R,R,10
18639,Delta7,Delta7(PB15)_L7R2_L,L,glutamate,15399,Delta7,Delta7(PB15)_L1L9R8_R,R,10
17804,Delta7,Delta7(PB15)_L7R2_L,L,glutamate,15399,Delta7,Delta7(PB15)_L1L9R8_R,R,10
15654,Delta7,Delta7(PB15)_L8R1R9_L,L,glutamate,15399,Delta7,Delta7(PB15)_L1L9R8_R,R,10
15616,EPG,EPG(PB08)_R3,R,acetylcholine,15399,Delta7,Delta7(PB15)_L1L9R8_R,R,10
14727,EPG,EPG(PB08)_L7,L,acetylcholine,15399,Delta7,Delta7(PB15)_L1L9R8_R,R,10
170539,FC2A,FC2A_C4_R,R,acetylcholine,530071,PFL3,PFL3(PB12c)_L3_C5,L,10
91537,FC2C,FC2C_C5_L,L,acetylcholine,530071,PFL3,PFL3(PB12c)_L3_C5,L,10
68579,FC2C,FC2C_C5_R,R,acetylcholine,530071,PFL3,PFL3(PB12c)_L3_C5,L,10
39538,FC2A,FC2A_C6_R,R,acetylcholine,530071,PFL3,PFL3(PB12c)_L3_C5,L,10
17753,Delta7,Delta7(PB15)_L7R3_L,L,glutamate,511841,Delta7,Delta7(PB15)_L2R7_R,R,10
17143,Delta7,Delta7(PB15)_L2R7_R,R,glutamate,511841,Delta7,Delta7(PB15)_L2R7_R,R,10
15713,EPG,EPG(PB08)_L6,L,acetylcholine,511841,Delta7,Delta7(PB15)_L2R7_R,R,10
10539,EPG,EPG(PB08)_R2,R,acetylcholine,511841,Delta7,Delta7(PB15)_L2R7_R,R,10
521409,EPG,EPG(PB08)_L8,L,acetylcholine,15851,Delta7,Delta7(PB15)_L6R4_L,L,10
512513,EPG,EPG(PB08)_R1,R,acetylcholine,522853,PFL2,PFL2(PB12b)_R2_C4,R,10
89635,FC2B,FC2B_C3_R,R,acetylcholine,522853,PFL2,PFL2(PB12b)_R2_C4,R,10
18823,Delta7,Delta7(PB15)_L4R5_R,R,glutamate,19125,EPG,EPG(PB08)_R5,R,10
529318,Delta7,Delta7(PB15)_L4R5_R,R,glutamate,16110,Delta7,Delta7(PB15)_L3R6_R,R,10
524074,Delta7,Delta7(PB15)_L5R4_L,L,glutamate,16110,Delta7,Delta7(PB15)_L3R6_R,R,10
17024,Delta7,Delta7(PB15)_L5R4_L,L,glutamate,16110,Delta7,Delta7(PB15)_L3R6_R,R,10
13217,EPG,EPG(PB08)_L8,L,acetylcholine,16110,Delta7,Delta7(PB15)_L3R6_R,R,10
434891,Delta7,Delta7(PB15)_L3R7_R,R,glutamate,15654,Delta7,Delta7(PB15)_L8R1R9_L,L,10
50885,FC2C,FC2C_C2_L,L,acetylcholine,518375,PFL2,PFL2(PB12b)_R3_C3,R,10
15851,Delta7,Delta7(PB15)_L6R4_L,L,glutamate,519346,PFL3,PFL3(PB12c)_L7_C9,L,10
17379,Delta7,Delta7(PB15)_L4R5_R,R,glutamate,519332,Delta7,Delta7(PB15)_L2R7_R,R,10
515294,Delta7,Delta7(PB15)_L5R4_L,L,glutamate,16869,Delta7,Delta7(PB15)_L7R3_L,L,10
16412,Delta7,Delta7(PB15)_L7R2_L,L,glutamate,16869,Delta7,Delta7(PB15)_L7R3_L,L,10
15904,Delta7,Delta7(PB15)_L4R5_R,R,glutamate,16869,Delta7,Delta7(PB15)_L7R3_L,L,10
15398,Delta7,Delta7(PB15)_L4R5_R,R,glutamate,16869,Delta7,Delta7(PB15)_L7R3_L,L,10
122167,FC2C,FC2C_C7_R,R,acetylcholine,513032,PFL3,PFL3(PB12c)_L5_C7,L,10
12449,EPG,EPG(PB08)_L5,L,acetylcholine,513032,PFL3,PFL3(PB12c)_L5_C7,L,10
556347,EPG,EPG(PB08)_R4,R,acetylcholine,568155,Delta7,Delta7(PB15)_L8R1R9_L,L,10
556346,EPG,EPG(PB08)_L6,L,acetylcholine,568155,Delta7,Delta7(PB15)_L8R1R9_L,L,10
107195,EPG,EPG(PB08)_L5,L,acetylcholine,568155,Delta7,Delta7(PB15)_L8R1R9_L,L,10
18639,Delta7,Delta7(PB15)_L7R2_L,L,glutamate,568155,Delta7,Delta7(PB15)_L8R1R9_L,L,10
17024,Delta7,Delta7(PB15)_L5R4_L,L,glutamate,11989,EPG,EPG(PB08)_L5,L,10
15713,EPG,EPG(PB08)_L6,L,acetylcholine,11989,EPG,EPG(PB08)_L5,L,10
14816,Delta7,Delta7(PB15)_L6R4_L,L,glutamate,11989,EPG,EPG(PB08)_L5,L,10
64270,FC2C,FC2C_C8_L,L,acetylcholine,513034,PFL2,PFL2(PB12b)_L5_C9,L,10
10513,Delta7,Delta7(PB15)_L3R6_R,R,glutamate,513034,PFL2,PFL2(PB12b)_L5_C9,L,10
517417,Delta7,Delta7(PB15)_L6R3_L,L,glutamate,512928,EPG,EPG(PB08)_R3,R,10
568155,Delta7,Delta7(PB15)_L8R1R9_L,L,glutamate,13490,PFL2,PFL2(PB12b)_L1_C5,L,10
530445,FC2B,FC2B_C6_L,L,acetylcholine,13490,PFL2,PFL2(PB12b)_L1_C5,L,10
115261,FC2C,FC2C_C6_L,L,acetylcholine,13490,PFL2,PFL2(PB12b)_L1_C5,L,10
56382,FC2A,FC2A_C6_L,L,acetylcholine,13490,PFL2,PFL2(PB12b)_L1_C5,L,10
15654,Delta7,Delta7(PB15)_L8R1R9_L,L,glutamate,13490,PFL2,PFL2(PB12b)_L1_C5,L,10
112888,FC2C,FC2C_C8_L,L,acetylcholine,19009,PFL3,PFL3(PB12c)_L2_C9_irreg,R,10
18639,Delta7,Delta7(PB15)_L7R2_L,L,glutamate,15837,Delta7,Delta7(PB15)_L1L9R8_R,R,10
16869,Delta7,Delta7(PB15)_L7R3_L,L,glutamate,15837,Delta7,Delta7(PB15)_L1L9R8_R,R,10
14806,Delta7,Delta7(PB15)_L8R1R9_L,L,glutamate,15837,Delta7,Delta7(PB15)_L1L9R8_R,R,10
10513,Delta7,Delta7(PB15)_L3R6_R,R,glutamate,15837,Delta7,Delta7(PB15)_L1L9R8_R,R,10
11184,Delta7,Delta7(PB15)_L1L9R8_R,R,glutamate,15398,Delta7,Delta7(PB15)_L4R5_R,R,10
515961,Delta7,Delta7(PB15)_L6R3_L,L,glutamate,17024,Delta7,Delta7(PB15)_L5R4_L,L,10
92188,EPG,EPG(PB08)_R7,R,acetylcholine,17024,Delta7,Delta7(PB15)_L5R4_L,L,10
15851,Delta7,Delta7(PB15)_L6R4_L,L,glutamate,17024,Delta7,Delta7(PB15)_L5R4_L,L,10
10513,Delta7,Delta7(PB15)_L3R6_R,R,glutamate,17024,Delta7,Delta7(PB15)_L5R4_L,L,10
556347,EPG,EPG(PB08)_R4,R,acetylcholine,12449,EPG,EPG(PB08)_L5,L,10
520581,EPG,EPG(PB08)_R4,R,acetylcholine,23159,PFL3,PFL3(PB12c)_R4_C4,R,10
15851,Delta7,Delta7(PB15)_L6R4_L,L,glutamate,23159,PFL3,PFL3(PB12c)_R4_C4,R,10
127661,FC2C,FC2C_C6_R,R,acetylcholine,519351,PFL3,PFL3(PB12c)_L4_C5,L,10
513033,EPG,EPG(PB08)_L8,L,acetylcholine,515294,Delta7,Delta7(PB15)_L5R4_L,L,10
18639,Delta7,Delta7(PB15)_L7R2_L,L,glutamate,515294,Delta7,Delta7(PB15)_L5R4_L,L,10
15398,Delta7,Delta7(PB15)_L4R5_R,R,glutamate,515294,Delta7,Delta7(PB15)_L5R4_L,L,10
522994,Delta7,Delta7(PB15)_L6R3_L,L,glutamate,35324,Delta7,Delta7(PB15)_L5R4_L,L,10
521812,EPG,EPG(PB08)_R7,R,acetylcholine,16234,Delta7,Delta7(PB15)_L1L9R8_R,R,10
18823,Delta7,Delta7(PB15)_L4R5_R,R,glutamate,16234,Delta7,Delta7(PB15)_L1L9R8_R,R,10
17024,Delta7,Delta7(PB15)_L5R4_L,L,glutamate,17753,Delta7,Delta7(PB15)_L7R3_L,L,10
15409,Delta7,Delta7(PB15)_L8R1R9_L,L,glutamate,17753,Delta7,Delta7(PB15)_L7R3_L,L,10
514126,EPG,EPG(PB08)_R5,R,acetylcholine,522994,Delta7,Delta7(PB15)_L6R3_L,L,10
513517,EPG,EPG(PB08)_L4,L,acetylcholine,522994,Delta7,Delta7(PB15)_L6R3_L,L,10
18823,Delta7,Delta7(PB15)_L4R5_R,R,glutamate,514126,EPG,EPG(PB08)_R5,R,10
17379,Delta7,Delta7(PB15)_L4R5_R,R,glutamate,520818,EPG,EPG(PB08)_L4,L,10
15398,Delta7,Delta7(PB15)_L4R5_R,R,glutamate,520818,EPG,EPG(PB08)_L4,L,10
16110,Delta7,Delta7(PB15)_L3R6_R,R,glutamate,88342,EPG,EPG(PB08)_L3,L,10
522994,Delta7,Delta7(PB15)_L6R3_L,L,glutamate,16360,EPG,EPG(PB08)_L6,L,10
16869,Delta7,Delta7(PB15)_L7R3_L,L,glutamate,513463,EPG,EPG(PB08)_R2,R,10
15399,Delta7,Delta7(PB15)_L1L9R8_R,R,glutamate,520812,EPG,EPG(PB08)_R8,R,10
519941,EPG,EPG(PB08)_L3,L,acetylcholine,15409,Delta7,Delta7(PB15)_L8R1R9_L,L,10
16540,Delta7,Delta7(PB15)_L2R7_R,R,glutamate,15409,Delta7,Delta7(PB15)_L8R1R9_L,L,10
16360,EPG,EPG(PB08)_L6,L,acetylcholine,15409,Delta7,Delta7(PB15)_L8R1R9_L,L,10
11184,Delta7,Delta7(PB15)_L1L9R8_R,R,glutamate,15409,Delta7,Delta7(PB15)_L8R1R9_L,L,10
17379,Delta7,Delta7(PB15)_L4R5_R,R,glutamate,19715,PFL2,PFL2(PB12b)_L4_C8,L,10
13490,PFL2,PFL2(PB12b)_L1_C5,L,acetylcholine,19715,PFL2,PFL2(PB12b)_L4_C8,L,10
14509,Delta7,Delta7(PB15)_L4R6_R,R,glutamate,79549,PFL3,PFL3(PB12c)_R7_C1,R,10
522853,PFL2,PFL2(PB12b)_R2_C4,R,acetylcholine,13031,PFL2,PFL2(PB12b)_R3_C3,R,10
520818,EPG,EPG(PB08)_L4,L,acetylcholine,11987,EPG,EPG(PB08)_R5,R,10
137299,FC2A,FC2A_C5_L,L,acetylcholine,511842,PFL2,PFL2(PB12b)_L2_C6,L,10
15837,Delta7,Delta7(PB15)_L1L9R8_R,R,glutamate,511842,PFL2,PFL2(PB12b)_L2_C6,L,10
11184,Delta7,Delta7(PB15)_L1L9R8_R,R,glutamate,511842,PFL2,PFL2(PB12b)_L2_C6,L,10
15616,EPG,EPG(PB08)_R3,R,acetylcholine,11874,EPG,EPG(PB08)_L7,L,10
140794,FC2C,FC2C_C3_R,R,acetylcholine,17000,PFL3,PFL3(PB12c)_L1_C3,L,10
560327,FC2A,FC2A_C3_R,R,acetylcholine,11673,PFL2,PFL2(PB12b)_R4_C2,R,10
513284,EPG,EPG(PB08)_R3,R,acetylcholine,11673,PFL2,PFL2(PB12b)_R4_C2,R,10
16553,Delta7,Delta7(PB15)_L5R4_L,L,glutamate,11673,PFL2,PFL2(PB12b)_R4_C2,R,10
519331,Delta7,Delta7(PB15)_L3R7_R,R,glutamate,524074,Delta7,Delta7(PB15)_L5R4_L,L,10
14727,EPG,EPG(PB08)_L7,L,acetylcholine,524074,Delta7,Delta7(PB15)_L5R4_L,L,10
519332,Delta7,Delta7(PB15)_L2R7_R,R,glutamate,529318,Delta7,Delta7(PB15)_L4R5_R,R,10
16869,Delta7,Delta7(PB15)_L7R3_L,L,glutamate,529318,Delta7,Delta7(PB15)_L4R5_R,R,10
14816,Delta7,Delta7(PB15)_L6R4_L,L,glutamate,529318,Delta7,Delta7(PB15)_L4R5_R,R,10
17753,Delta7,Delta7(PB15)_L7R3_L,L,glutamate,10513,Delta7,Delta7(PB15)_L3R6_R,R,10
16553,Delta7,Delta7(PB15)_L5R4_L,L,glutamate,10513,Delta7,Delta7(PB15)_L3R6_R,R,10
15904,Delta7,Delta7(PB15)_L4R5_R,R,glutamate,10513,Delta7,Delta7(PB15)_L3R6_R,R,10
15495,Delta7,Delta7(PB15)_L3R6_R,R,glutamate,10513,Delta7,Delta7(PB15)_L3R6_R,R,10
15399,Delta7,Delta7(PB15)_L1L9R8_R,R,glutamate,10513,Delta7,Delta7(PB15)_L3R6_R,R,10
15398,Delta7,Delta7(PB15)_L4R5_R,R,glutamate,10513,Delta7,Delta7(PB15)_L3R6_R,R,10
13217,EPG,EPG(PB08)_L8,L,acetylcholine,10513,Delta7,Delta7(PB15)_L3R6_R,R,10
92188,EPG,EPG(PB08)_R7,R,acetylcholine,519941,EPG,EPG(PB08)_L3,L,10
524074,Delta7,Delta7(PB15)_L5R4_L,L,glutamate,556347,EPG,EPG(PB08)_R4,R,10
12449,EPG,EPG(PB08)_L5,L,acetylcholine,556347,EPG,EPG(PB08)_R4,R,10
524073,EPG,EPG(PB08)_L2,L,acetylcholine,17379,Delta7,Delta7(PB15)_L4R5_R,R,10
18823,Delta7,Delta7(PB15)_L4R5_R,R,glutamate,17379,Delta7,Delta7(PB15)_L4R5_R,R,10
15399,Delta7,Delta7(PB15)_L1L9R8_R,R,glutamate,17379,Delta7,Delta7(PB15)_L4R5_R,R,10
11184,Delta7,Delta7(PB15)_L1L9R8_R,R,glutamate,17379,Delta7,Delta7(PB15)_L4R5_R,R,10
55401,FC2A,FC2A_C9_R,R,acetylcholine,18851,PFL3,PFL3(PB12c)_L1_C8_irreg,R,10
15409,Delta7,Delta7(PB15)_L8R1R9_L,L,glutamate,18851,PFL3,PFL3(PB12c)_L1_C8_irreg,R,10
519331,Delta7,Delta7(PB15)_L3R7_R,R,glutamate,92188,EPG,EPG(PB08)_R7,R,9
153558,FC2C,FC2C_C5_R,R,acetylcholine,567101,PFL3,PFL3(PB12c)_R3_C5,R,9
91537,FC2C,FC2C_C5_L,L,acetylcholine,567101,PFL3,PFL3(PB12c)_R3_C5,R,9
17804,Delta7,Delta7(PB15)_L7R2_L,L,glutamate,16412,Delta7,Delta7(PB15)_L7R2_L,L,9
16234,Delta7,Delta7(PB15)_L1L9R8_R,R,glutamate,16412,Delta7,Delta7(PB15)_L7R2_L,L,9
12449,EPG,EPG(PB08)_L5,L,acetylcholine,16412,Delta7,Delta7(PB15)_L7R2_L,L,9
11989,EPG,EPG(PB08)_L5,L,acetylcholine,16412,Delta7,Delta7(PB15)_L7R2_L,L,9
515961,Delta7,Delta7(PB15)_L6R3_L,L,glutamate,16553,Delta7,Delta7(PB15)_L5R4_L,L,9
16234,Delta7,Delta7(PB15)_L1L9R8_R,R,glutamate,16553,Delta7,Delta7(PB15)_L5R4_L,L,9
14727,EPG,EPG(PB08)_L7,L,acetylcholine,16553,Delta7,Delta7(PB15)_L5R4_L,L,9
10513,Delta7,Delta7(PB15)_L3R6_R,R,glutamate,16553,Delta7,Delta7(PB15)_L5R4_L,L,9
434891,Delta7,Delta7(PB15)_L3R7_R,R,glutamate,513284,EPG,EPG(PB08)_R3,R,9
11874,EPG,EPG(PB08)_L7,L,acetylcholine,513284,EPG,EPG(PB08)_R3,R,9
529318,Delta7,Delta7(PB15)_L4R5_R,R,glutamate,17143,Delta7,Delta7(PB15)_L2R7_R,R,9
519144,EPG,EPG(PB08)_L8,L,acetylcholine,17143,Delta7,Delta7(PB15)_L2R7_R,R,9
515675,EPG,EPG(PB08)_R1,R,acetylcholine,17143,Delta7,Delta7(PB15)_L2R7_R,R,9
15904,Delta7,Delta7(PB15)_L4R5_R,R,glutamate,17143,Delta7,Delta7(PB15)_L2R7_R,R,9
520581,EPG,EPG(PB08)_R4,R,acetylcholine,519331,Delta7,Delta7(PB15)_L3R7_R,R,9
15837,Delta7,Delta7(PB15)_L1L9R8_R,R,glutamate,513464,EPG,EPG(PB08)_R8,R,9
513464,EPG,EPG(PB08)_R8,R,acetylcholine,524073,EPG,EPG(PB08)_L2,L,9
15839,Delta7,Delta7(PB15)_L1L9R8_R,R,glutamate,524073,EPG,EPG(PB08)_L2,L,9
18639,Delta7,Delta7(PB15)_L7R2_L,L,glutamate,14806,Delta7,Delta7(PB15)_L8R1R9_L,L,9
16234,Delta7,Delta7(PB15)_L1L9R8_R,R,glutamate,14806,Delta7,Delta7(PB15)_L8R1R9_L,L,9
15616,EPG,EPG(PB08)_R3,R,acetylcholine,14806,Delta7,Delta7(PB15)_L8R1R9_L,L,9
11989,EPG,EPG(PB08)_L5,L,acetylcholine,14806,Delta7,Delta7(PB15)_L8R1R9_L,L,9
11184,Delta7,Delta7(PB15)_L1L9R8_R,R,glutamate,14806,Delta7,Delta7(PB15)_L8R1R9_L,L,9
517417,Delta7,Delta7(PB15)_L6R3_L,L,glutamate,17804,Delta7,Delta7(PB15)_L7R2_L,L,9
515294,Delta7,Delta7(PB15)_L5R4_L,L,glutamate,17804,Delta7,Delta7(PB15)_L7R2_L,L,9
514126,EPG,EPG(PB08)_R5,R,acetylcholine,17804,Delta7,Delta7(PB15)_L7R2_L,L,9
16234,Delta7,Delta7(PB15)_L1L9R8_R,R,glutamate,17804,Delta7,Delta7(PB15)_L7R2_L,L,9
12449,EPG,EPG(PB08)_L5,L,acetylcholine,17804,Delta7,Delta7(PB15)_L7R2_L,L,9
434891,Delta7,Delta7(PB15)_L3R7_R,R,glutamate,16540,Delta7,Delta7(PB15)_L2R7_R,R,9
35324,Delta7,Delta7(PB15)_L5R4_L,L,glutamate,16540,Delta7,Delta7(PB15)_L2R7_R,R,9
14806,Delta7,Delta7(PB15)_L8R1R9_L,L,glutamate,16540,Delta7,Delta7(PB15)_L2R7_R,R,9
12449,EPG,EPG(PB08)_L5,L,acetylcholine,16540,Delta7,Delta7(PB15)_L2R7_R,R,9
11989,EPG,EPG(PB08)_L5,L,acetylcholine,16540,Delta7,Delta7(PB15)_L2R7_R,R,9
521409,EPG,EPG(PB08)_L8,L,acetylcholine,15495,Delta7,Delta7(PB15)_L3R6_R,R,9
519331,Delta7,Delta7(PB15)_L3R7_R,R,glutamate,15495,Delta7,Delta7(PB15)_L3R6_R,R,9
17379,Delta7,Delta7(PB15)_L4R5_R,R,glutamate,14816,Delta7,Delta7(PB15)_L6R4_L,L,9
14727,EPG,EPG(PB08)_L7,L,acetylcholine,14816,Delta7,Delta7(PB15)_L6R4_L,L,9
515961,Delta7,Delta7(PB15)_L6R3_L,L,glutamate,533725,Delta7,Delta7(PB15)_L8R1R9_L,L,9
18639,Delta7,Delta7(PB15)_L7R2_L,L,glutamate,533725,Delta7,Delta7(PB15)_L8R1R9_L,L,9
16869,Delta7,Delta7(PB15)_L7R3_L,L,glutamate,533725,Delta7,Delta7(PB15)_L8R1R9_L,L,9
11184,Delta7,Delta7(PB15)_L1L9R8_R,R,glutamate,533725,Delta7,Delta7(PB15)_L8R1R9_L,L,9
515961,Delta7,Delta7(PB15)_L6R3_L,L,glutamate,15616,EPG,EPG(PB08)_R3,R,9
17753,Delta7,Delta7(PB15)_L7R3_L,L,glutamate,15616,EPG,EPG(PB08)_R3,R,9
522994,Delta7,Delta7(PB15)_L6R3_L,L,glutamate,18639,Delta7,Delta7(PB15)_L7R2_L,L,9
519332,Delta7,Delta7(PB15)_L2R7_R,R,glutamate,18639,Delta7,Delta7(PB15)_L7R2_L,L,9
14507,EPG,EPG(PB08)_R7,R,acetylcholine,18639,Delta7,Delta7(PB15)_L7R2_L,L,9
18639,Delta7,Delta7(PB15)_L7R2_L,L,glutamate,14727,EPG,EPG(PB08)_L7,L,9
17753,Delta7,Delta7(PB15)_L7R3_L,L,glutamate,14727,EPG,EPG(PB08)_L7,L,9
50431,FC2C,FC2C_C8_R,R,acetylcholine,11557,PFL2,PFL2(PB12b)_L3_C7,L,9
16110,Delta7,Delta7(PB15)_L3R6_R,R,glutamate,11557,PFL2,PFL2(PB12b)_L3_C7,L,9
15654,Delta7,Delta7(PB15)_L8R1R9_L,L,glutamate,515675,EPG,EPG(PB08)_R1,R,9
92188,EPG,EPG(PB08)_R7,R,acetylcholine,18823,Delta7,Delta7(PB15)_L4R5_R,R,9
17143,Delta7,Delta7(PB15)_L2R7_R,R,glutamate,18823,Delta7,Delta7(PB15)_L4R5_R,R,9
17024,Delta7,Delta7(PB15)_L5R4_L,L,glutamate,18823,Delta7,Delta7(PB15)_L4R5_R,R,9
14507,EPG,EPG(PB08)_R7,R,acetylcholine,18823,Delta7,Delta7(PB15)_L4R5_R,R,9
519328,EPG,EPG(PB08)_L3,L,acetylcholine,27492,PFL2,PFL2(PB12b)_L3_C7,L,9
115261,FC2C,FC2C_C6_L,L,acetylcholine,27492,PFL2,PFL2(PB12b)_L3_C7,L,9
50431,FC2C,FC2C_C8_R,R,acetylcholine,27492,PFL2,PFL2(PB12b)_L3_C7,L,9
35324,Delta7,Delta7(PB15)_L5R4_L,L,glutamate,434891,Delta7,Delta7(PB15)_L3R7_R,R,9
15904,Delta7,Delta7(PB15)_L4R5_R,R,glutamate,434891,Delta7,Delta7(PB15)_L3R7_R,R,9
15399,Delta7,Delta7(PB15)_L1L9R8_R,R,glutamate,434891,Delta7,Delta7(PB15)_L3R7_R,R,9
14727,EPG,EPG(PB08)_L7,L,acetylcholine,434891,Delta7,Delta7(PB15)_L3R7_R,R,9
12449,EPG,EPG(PB08)_L5,L,acetylcholine,434891,Delta7,Delta7(PB15)_L3R7_R,R,9
519144,EPG,EPG(PB08)_L8,L,acetylcholine,15839,Delta7,Delta7(PB15)_L1L9R8_R,R,9
513520,EPG,EPG(PB08)_R6,R,acetylcholine,15839,Delta7,Delta7(PB15)_L1L9R8_R,R,9
84758,EPG,EPG(PB08)_L7,L,acetylcholine,15839,Delta7,Delta7(PB15)_L1L9R8_R,R,9
10539,EPG,EPG(PB08)_R2,R,acetylcholine,15839,Delta7,Delta7(PB15)_L1L9R8_R,R,9
15398,Delta7,Delta7(PB15)_L4R5_R,R,glutamate,513517,EPG,EPG(PB08)_L4,L,9
12449,EPG,EPG(PB08)_L5,L,acetylcholine,513517,EPG,EPG(PB08)_L4,L,9
529266,FC2C,FC2C_C2_L,L,acetylcholine,518378,PFL3,PFL3(PB12c)_R5_C3,R,9
14509,Delta7,Delta7(PB15)_L4R6_R,R,glutamate,518378,PFL3,PFL3(PB12c)_R5_C3,R,9
33356,FC2B,FC2B_C2_L,L,acetylcholine,15210,PFL3,PFL3(PB12c)_R2_C1_irreg,L,9
512305,EPG,EPG(PB08)_R8,R,acetylcholine,519140,EPG,EPG(PB08)_L1,L,9
15495,Delta7,Delta7(PB15)_L3R6_R,R,glutamate,519328,EPG,EPG(PB08)_L3,L,9
10513,Delta7,Delta7(PB15)_L3R6_R,R,glutamate,519328,EPG,EPG(PB08)_L3,L,9
40179,FC2A,FC2A_C7_L,L,acetylcholine,17290,PFL3,PFL3(PB12c)_L6_C8,L,9
524074,Delta7,Delta7(PB15)_L5R4_L,L,glutamate,16180,Delta7,Delta7(PB15)_L3R6_R,R,9
520812,EPG,EPG(PB08)_R8,R,acetylcholine,16180,Delta7,Delta7(PB15)_L3R6_R,R,9
520581,EPG,EPG(PB08)_R4,R,acetylcholine,16180,Delta7,Delta7(PB15)_L3R6_R,R,9
107195,EPG,EPG(PB08)_L5,L,acetylcholine,16180,Delta7,Delta7(PB15)_L3R6_R,R,9
17143,Delta7,Delta7(PB15)_L2R7_R,R,glutamate,16180,Delta7,Delta7(PB15)_L3R6_R,R,9
17024,Delta7,Delta7(PB15)_L5R4_L,L,glutamate,16180,Delta7,Delta7(PB15)_L3R6_R,R,9
15713,EPG,EPG(PB08)_L6,L,acetylcholine,16180,Delta7,Delta7(PB15)_L3R6_R,R,9
15210,PFL3,PFL3(PB12c)_R2_C1_irreg,L,acetylcholine,29836,PFL3,PFL3(PB12c)_L4_C6,L,9
35324,Delta7,Delta7(PB15)_L5R4_L,L,glutamate,107195,EPG,EPG(PB08)_L5,L,9
524073,EPG,EPG(PB08)_L2,L,acetylcholine,14509,Delta7,Delta7(PB15)_L4R6_R,R,9
512305,EPG,EPG(PB08)_R8,R,acetylcholine,14509,Delta7,Delta7(PB15)_L4R6_R,R,9
17024,Delta7,Delta7(PB15)_L5R4_L,L,glutamate,14509,Delta7,Delta7(PB15)_L4R6_R,R,9
11184,Delta7,Delta7(PB15)_L1L9R8_R,R,glutamate,14509,Delta7,Delta7(PB15)_L4R6_R,R,9
108286,FC2C,FC2C_C7_R,R,acetylcholine,26038,PFL3,PFL3(PB12c)_L5_C7,L,9
44554,FC2B,FC2B_C8_R,R,acetylcholine,26038,PFL3,PFL3(PB12c)_L5_C7,L,9
35324,Delta7,Delta7(PB15)_L5R4_L,L,glutamate,15904,Delta7,Delta7(PB15)_L4R5_R,R,9
15495,Delta7,Delta7(PB15)_L3R6_R,R,glutamate,15904,Delta7,Delta7(PB15)_L4R5_R,R,9
14727,EPG,EPG(PB08)_L7,L,acetylcholine,15904,Delta7,Delta7(PB15)_L4R5_R,R,9
35277,FC2B,FC2B_C8_R,R,acetylcholine,35322,PFL3,PFL3(PB12c)_R1_C7,R,9
16476,Delta7,Delta7(PB15)_L7R2_L,L,glutamate,35322,PFL3,PFL3(PB12c)_R1_C7,R,9
15837,Delta7,Delta7(PB15)_L1L9R8_R,R,glutamate,35322,PFL3,PFL3(PB12c)_R1_C7,R,9
18639,Delta7,Delta7(PB15)_L7R2_L,L,glutamate,517417,Delta7,Delta7(PB15)_L6R3_L,L,9
17804,Delta7,Delta7(PB15)_L7R2_L,L,glutamate,517417,Delta7,Delta7(PB15)_L6R3_L,L,9
14816,Delta7,Delta7(PB15)_L6R4_L,L,glutamate,517417,Delta7,Delta7(PB15)_L6R3_L,L,9
122334,FC2C,FC2C_C7_L,L,acetylcholine,18803,PFL3,PFL3(PB12c)_R1_C7,R,9
15399,Delta7,Delta7(PB15)_L1L9R8_R,R,glutamate,18803,PFL3,PFL3(PB12c)_R1_C7,R,9
35324,Delta7,Delta7(PB15)_L5R4_L,L,glutamate,16476,Delta7,Delta7(PB15)_L7R2_L,L,9
529318,Delta7,Delta7(PB15)_L4R5_R,R,glutamate,515961,Delta7,Delta7(PB15)_L6R3_L,L,9
521409,EPG,EPG(PB08)_L8,L,acetylcholine,515961,Delta7,Delta7(PB15)_L6R3_L,L,9
517417,Delta7,Delta7(PB15)_L6R3_L,L,glutamate,515961,Delta7,Delta7(PB15)_L6R3_L,L,9
515294,Delta7,Delta7(PB15)_L5R4_L,L,glutamate,515961,Delta7,Delta7(PB15)_L6R3_L,L,9
513464,EPG,EPG(PB08)_R8,R,acetylcholine,515961,Delta7,Delta7(PB15)_L6R3_L,L,9
16412,Delta7,Delta7(PB15)_L7R2_L,L,glutamate,515961,Delta7,Delta7(PB15)_L6R3_L,L,9
241046,FC2B,FC2B_C4_R,R,acetylcholine,513266,PFL3,PFL3(PB12c)_R3_C5,R,9
141430,FC2C,FC2C_C3_R,R,acetylcholine,523032,PFL3,PFL3(PB12c)_L2_C4,L,9
11184,Delta7,Delta7(PB15)_L1L9R8_R,R,glutamate,523032,PFL3,PFL3(PB12c)_L2_C4,L,9
568155,Delta7,Delta7(PB15)_L8R1R9_L,L,glutamate,15399,Delta7,Delta7(PB15)_L1L9R8_R,R,9
519941,EPG,EPG(PB08)_L3,L,acetylcholine,15399,Delta7,Delta7(PB15)_L1L9R8_R,R,9
17379,Delta7,Delta7(PB15)_L4R5_R,R,glutamate,15399,Delta7,Delta7(PB15)_L1L9R8_R,R,9
17024,Delta7,Delta7(PB15)_L5R4_L,L,glutamate,15399,Delta7,Delta7(PB15)_L1L9R8_R,R,9
520818,EPG,EPG(PB08)_L4,L,acetylcholine,511841,Delta7,Delta7(PB15)_L2R7_R,R,9
17804,Delta7,Delta7(PB15)_L7R2_L,L,glutamate,511841,Delta7,Delta7(PB15)_L2R7_R,R,9
14727,EPG,EPG(PB08)_L7,L,acetylcholine,511841,Delta7,Delta7(PB15)_L2R7_R,R,9
519144,EPG,EPG(PB08)_L8,L,acetylcholine,10539,EPG,EPG(PB08)_R2,R,9
17804,Delta7,Delta7(PB15)_L7R2_L,L,glutamate,10539,EPG,EPG(PB08)_R2,R,9
434891,Delta7,Delta7(PB15)_L3R7_R,R,glutamate,15851,Delta7,Delta7(PB15)_L6R4_L,L,9
17379,Delta7,Delta7(PB15)_L4R5_R,R,glutamate,15851,Delta7,Delta7(PB15)_L6R4_L,L,9
511842,PFL2,PFL2(PB12b)_L2_C6,L,acetylcholine,522853,PFL2,PFL2(PB12b)_R2_C4,R,9
17804,Delta7,Delta7(PB15)_L7R2_L,L,glutamate,522853,PFL2,PFL2(PB12b)_R2_C4,R,9
11503,EPG,EPG(PB08)_R8,R,acetylcholine,521813,EPG,EPG(PB08)_L2,L,9
96384,FC2B,FC2B_C5_R,R,acetylcholine,18327,PFL3,PFL3(PB12c)_R2_C6,R,9
17804,Delta7,Delta7(PB15)_L7R2_L,L,glutamate,18327,PFL3,PFL3(PB12c)_R2_C6,R,9
16180,Delta7,Delta7(PB15)_L3R6_R,R,glutamate,19825,EPG,EPG(PB08)_R6,R,9
16553,Delta7,Delta7(PB15)_L5R4_L,L,glutamate,16110,Delta7,Delta7(PB15)_L3R6_R,R,9
16540,Delta7,Delta7(PB15)_L2R7_R,R,glutamate,16110,Delta7,Delta7(PB15)_L3R6_R,R,9
11503,EPG,EPG(PB08)_R8,R,acetylcholine,16110,Delta7,Delta7(PB15)_L3R6_R,R,9
35324,Delta7,Delta7(PB15)_L5R4_L,L,glutamate,15654,Delta7,Delta7(PB15)_L8R1R9_L,L,9
16360,EPG,EPG(PB08)_L6,L,acetylcholine,15654,Delta7,Delta7(PB15)_L8R1R9_L,L,9
520573,PFL2,PFL2(PB12b)_R5_C1,R,acetylcholine,518375,PFL2,PFL2(PB12b)_R3_C3,R,9
513463,EPG,EPG(PB08)_R2,R,acetylcholine,518375,PFL2,PFL2(PB12b)_R3_C3,R,9
519140,EPG,EPG(PB08)_L1,L,acetylcholine,16869,Delta7,Delta7(PB15)_L7R3_L,L,9
11184,Delta7,Delta7(PB15)_L1L9R8_R,R,glutamate,16869,Delta7,Delta7(PB15)_L7R3_L,L,9
550660,FC2C,FC2C_C7_R,R,acetylcholine,513032,PFL3,PFL3(PB12c)_L5_C7,L,9
122334,FC2C,FC2C_C7_L,L,acetylcholine,513032,PFL3,PFL3(PB12c)_L5_C7,L,9
107195,EPG,EPG(PB08)_L5,L,acetylcholine,513032,PFL3,PFL3(PB12c)_L5_C7,L,9
524074,Delta7,Delta7(PB15)_L5R4_L,L,glutamate,568155,Delta7,Delta7(PB15)_L8R1R9_L,L,9
520581,EPG,EPG(PB08)_R4,R,acetylcholine,568155,Delta7,Delta7(PB15)_L8R1R9_L,L,9
16540,Delta7,Delta7(PB15)_L2R7_R,R,glutamate,568155,Delta7,Delta7(PB15)_L8R1R9_L,L,9
16234,Delta7,Delta7(PB15)_L1L9R8_R,R,glutamate,568155,Delta7,Delta7(PB15)_L8R1R9_L,L,9
35324,Delta7,Delta7(PB15)_L5R4_L,L,glutamate,11989,EPG,EPG(PB08)_L5,L,9
97443,FC2B,FC2B_C8_L,L,acetylcholine,513034,PFL2,PFL2(PB12b)_L5_C9,L,9
519346,PFL3,PFL3(PB12c)_L7_C9,L,acetylcholine,17286,PFL3,PFL3(PB12c)_R1_C2_irreg,L,9
17753,Delta7,Delta7(PB15)_L7R3_L,L,glutamate,512928,EPG,EPG(PB08)_R3,R,9
551404,FC2C,FC2C_C6_L,L,acetylcholine,13490,PFL2,PFL2(PB12b)_L1_C5,L,9
19715,PFL2,PFL2(PB12b)_L4_C8,L,acetylcholine,13490,PFL2,PFL2(PB12b)_L1_C5,L,9
434891,Delta7,Delta7(PB15)_L3R7_R,R,glutamate,19009,PFL3,PFL3(PB12c)_L2_C9_irreg,R,9
519144,EPG,EPG(PB08)_L8,L,acetylcholine,15837,Delta7,Delta7(PB15)_L1L9R8_R,R,9
524074,Delta7,Delta7(PB15)_L5R4_L,L,glutamate,15398,Delta7,Delta7(PB15)_L4R5_R,R,9
515961,Delta7,Delta7(PB15)_L6R3_L,L,glutamate,15398,Delta7,Delta7(PB15)_L4R5_R,R,9
512928,EPG,EPG(PB08)_R3,R,acetylcholine,15398,Delta7,Delta7(PB15)_L4R5_R,R,9
17024,Delta7,Delta7(PB15)_L5R4_L,L,glutamate,15398,Delta7,Delta7(PB15)_L4R5_R,R,9
519328,EPG,EPG(PB08)_L3,L,acetylcholine,17024,Delta7,Delta7(PB15)_L5R4_L,L,9
15616,EPG,EPG(PB08)_R3,R,acetylcholine,17024,Delta7,Delta7(PB15)_L5R4_L,L,9
520581,EPG,EPG(PB08)_R4,R,acetylcholine,12449,EPG,EPG(PB08)_L5,L,9
556347,EPG,EPG(PB08)_R4,R,acetylcholine,23159,PFL3,PFL3(PB12c)_R4_C4,R,9
520811,PFL3,PFL3(PB12c)_R6_C2,R,acetylcholine,23159,PFL3,PFL3(PB12c)_R4_C4,R,9
17024,Delta7,Delta7(PB15)_L5R4_L,L,glutamate,23159,PFL3,PFL3(PB12c)_R4_C4,R,9
153441,FC2C,FC2C_C5_L,L,acetylcholine,519351,PFL3,PFL3(PB12c)_L4_C5,L,9
15495,Delta7,Delta7(PB15)_L3R6_R,R,glutamate,519351,PFL3,PFL3(PB12c)_L4_C5,L,9
568155,Delta7,Delta7(PB15)_L8R1R9_L,L,glutamate,515294,Delta7,Delta7(PB15)_L5R4_L,L,9
529318,Delta7,Delta7(PB15)_L4R5_R,R,glutamate,515294,Delta7,Delta7(PB15)_L5R4_L,L,9
11184,Delta7,Delta7(PB15)_L1L9R8_R,R,glutamate,515294,Delta7,Delta7(PB15)_L5R4_L,L,9
556347,EPG,EPG(PB08)_R4,R,acetylcholine,11184,Delta7,Delta7(PB15)_L1L9R8_R,R,9
523786,EPG,EPG(PB08)_R4,R,acetylcholine,11184,Delta7,Delta7(PB15)_L1L9R8_R,R,9
513284,EPG,EPG(PB08)_R3,R,acetylcholine,11184,Delta7,Delta7(PB15)_L1L9R8_R,R,9
518606,FC2A,FC2A_C8_L,L,acetylcholine,41559,FC2A,FC2A_C9_L,L,9
513520,EPG,EPG(PB08)_R6,R,acetylcholine,35324,Delta7,Delta7(PB15)_L5R4_L,L,9
513033,EPG,EPG(PB08)_L8,L,acetylcholine,35324,Delta7,Delta7(PB15)_L5R4_L,L,9
131313,EPG,EPG(PB08)_R6,R,acetylcholine,35324,Delta7,Delta7(PB15)_L5R4_L,L,9
19825,EPG,EPG(PB08)_R6,R,acetylcholine,35324,Delta7,Delta7(PB15)_L5R4_L,L,9
16869,Delta7,Delta7(PB15)_L7R3_L,L,glutamate,35324,Delta7,Delta7(PB15)_L5R4_L,L,9
15837,Delta7,Delta7(PB15)_L1L9R8_R,R,glutamate,35324,Delta7,Delta7(PB15)_L5R4_L,L,9
11184,Delta7,Delta7(PB15)_L1L9R8_R,R,glutamate,35324,Delta7,Delta7(PB15)_L5R4_L,L,9
533725,Delta7,Delta7(PB15)_L8R1R9_L,L,glutamate,16234,Delta7,Delta7(PB15)_L1L9R8_R,R,9
513520,EPG,EPG(PB08)_R6,R,acetylcholine,16234,Delta7,Delta7(PB15)_L1L9R8_R,R,9
35324,Delta7,Delta7(PB15)_L5R4_L,L,glutamate,16234,Delta7,Delta7(PB15)_L1L9R8_R,R,9
16869,Delta7,Delta7(PB15)_L7R3_L,L,glutamate,84758,EPG,EPG(PB08)_L7,L,9
515961,Delta7,Delta7(PB15)_L6R3_L,L,glutamate,17753,Delta7,Delta7(PB15)_L7R3_L,L,9
512305,EPG,EPG(PB08)_R8,R,acetylcholine,17753,Delta7,Delta7(PB15)_L7R3_L,L,9
15839,Delta7,Delta7(PB15)_L1L9R8_R,R,glutamate,17753,Delta7,Delta7(PB15)_L7R3_L,L,9
15837,Delta7,Delta7(PB15)_L1L9R8_R,R,glutamate,17753,Delta7,Delta7(PB15)_L7R3_L,L,9
14816,Delta7,Delta7(PB15)_L6R4_L,L,glutamate,17753,Delta7,Delta7(PB15)_L7R3_L,L,9
14806,Delta7,Delta7(PB15)_L8R1R9_L,L,glutamate,17753,Delta7,Delta7(PB15)_L7R3_L,L,9
92188,EPG,EPG(PB08)_R7,R,acetylcholine,522994,Delta7,Delta7(PB15)_L6R3_L,L,9
568155,Delta7,Delta7(PB15)_L8R1R9_L,L,glutamate,513033,EPG,EPG(PB08)_L8,L,9
513463,EPG,EPG(PB08)_R2,R,acetylcholine,513033,EPG,EPG(PB08)_L8,L,9
513520,EPG,EPG(PB08)_R6,R,acetylcholine,514126,EPG,EPG(PB08)_R5,R,9
107195,EPG,EPG(PB08)_L5,L,acetylcholine,514126,EPG,EPG(PB08)_R5,R,9
17379,Delta7,Delta7(PB15)_L4R5_R,R,glutamate,514126,EPG,EPG(PB08)_R5,R,9
17024,Delta7,Delta7(PB15)_L5R4_L,L,glutamate,514126,EPG,EPG(PB08)_R5,R,9
529318,Delta7,Delta7(PB15)_L4R5_R,R,glutamate,520818,EPG,EPG(PB08)_L4,L,9
556347,EPG,EPG(PB08)_R4,R,acetylcholine,16360,EPG,EPG(PB08)_L6,L,9
15851,Delta7,Delta7(PB15)_L6R4_L,L,glutamate,16360,EPG,EPG(PB08)_L6,L,9
512305,EPG,EPG(PB08)_R8,R,acetylcholine,15409,Delta7,Delta7(PB15)_L8R1R9_L,L,9
16476,Delta7,Delta7(PB15)_L7R2_L,L,glutamate,15409,Delta7,Delta7(PB15)_L8R1R9_L,L,9
149740,FC2B,FC2B_C9_L,L,acetylcholine,19715,PFL2,PFL2(PB12b)_L4_C8,L,9
151739,FC2C,FC2C_C2_R,R,acetylcholine,79549,PFL3,PFL3(PB12c)_R7_C1,R,9
16180,Delta7,Delta7(PB15)_L3R6_R,R,glutamate,79549,PFL3,PFL3(PB12c)_R7_C1,R,9
519140,EPG,EPG(PB08)_L1,L,acetylcholine,14729,PFL2,PFL2(PB12b)_R1_C5,R,9
524977,FC2C,FC2C_C3_L,L,acetylcholine,17000,PFL3,PFL3(PB12c)_L1_C3,L,9
140787,FC2B,FC2B_C1_L,L,acetylcholine,11673,PFL2,PFL2(PB12b)_R4_C2,R,9
529318,Delta7,Delta7(PB15)_L4R5_R,R,glutamate,524074,Delta7,Delta7(PB15)_L5R4_L,L,9
521409,EPG,EPG(PB08)_L8,L,acetylcholine,524074,Delta7,Delta7(PB15)_L5R4_L,L,9
519332,Delta7,Delta7(PB15)_L2R7_R,R,glutamate,524074,Delta7,Delta7(PB15)_L5R4_L,L,9
517417,Delta7,Delta7(PB15)_L6R3_L,L,glutamate,524074,Delta7,Delta7(PB15)_L5R4_L,L,9
434891,Delta7,Delta7(PB15)_L3R7_R,R,glutamate,524074,Delta7,Delta7(PB15)_L5R4_L,L,9
17804,Delta7,Delta7(PB15)_L7R2_L,L,glutamate,524074,Delta7,Delta7(PB15)_L5R4_L,L,9
14806,Delta7,Delta7(PB15)_L8R1R9_L,L,glutamate,524074,Delta7,Delta7(PB15)_L5R4_L,L,9
14816,Delta7,Delta7(PB15)_L6R4_L,L,glutamate,524074,Delta7,Delta7(PB15)_L5R4_L,L,9
524074,Delta7,Delta7(PB15)_L5R4_L,L,glutamate,529318,Delta7,Delta7(PB15)_L4R5_R,R,9
92188,EPG,EPG(PB08)_R7,R,acetylcholine,529318,Delta7,Delta7(PB15)_L4R5_R,R,9
15851,Delta7,Delta7(PB15)_L6R4_L,L,glutamate,529318,Delta7,Delta7(PB15)_L4R5_R,R,9
522994,Delta7,Delta7(PB15)_L6R3_L,L,glutamate,10513,Delta7,Delta7(PB15)_L3R6_R,R,9
520812,EPG,EPG(PB08)_R8,R,acetylcholine,10513,Delta7,Delta7(PB15)_L3R6_R,R,9
513033,EPG,EPG(PB08)_L8,L,acetylcholine,10513,Delta7,Delta7(PB15)_L3R6_R,R,9
512305,EPG,EPG(PB08)_R8,R,acetylcholine,10513,Delta7,Delta7(PB15)_L3R6_R,R,9
16234,Delta7,Delta7(PB15)_L1L9R8_R,R,glutamate,10513,Delta7,Delta7(PB15)_L3R6_R,R,9
11307,EPG,EPG(PB08)_L4,L,acetylcholine,519941,EPG,EPG(PB08)_L3,L,9
19125,EPG,EPG(PB08)_R5,R,acetylcholine,556347,EPG,EPG(PB08)_R4,R,9
521812,EPG,EPG(PB08)_R7,R,acetylcholine,17379,Delta7,Delta7(PB15)_L4R5_R,R,9
17804,Delta7,Delta7(PB15)_L7R2_L,L,glutamate,17379,Delta7,Delta7(PB15)_L4R5_R,R,9
15616,EPG,EPG(PB08)_R3,R,acetylcholine,17379,Delta7,Delta7(PB15)_L4R5_R,R,9
40179,FC2A,FC2A_C7_L,L,acetylcholine,18851,PFL3,PFL3(PB12c)_L1_C8_irreg,R,9
519941,EPG,EPG(PB08)_L3,L,acetylcholine,92188,EPG,EPG(PB08)_R7,R,8
515961,Delta7,Delta7(PB15)_L6R3_L,L,glutamate,16412,Delta7,Delta7(PB15)_L7R2_L,L,8
11503,EPG,EPG(PB08)_R8,R,acetylcholine,16412,Delta7,Delta7(PB15)_L7R2_L,L,8
11184,Delta7,Delta7(PB15)_L1L9R8_R,R,glutamate,16412,Delta7,Delta7(PB15)_L7R2_L,L,8
568155,Delta7,Delta7(PB15)_L8R1R9_L,L,glutamate,16553,Delta7,Delta7(PB15)_L5R4_L,L,8
18823,Delta7,Delta7(PB15)_L4R5_R,R,glutamate,16553,Delta7,Delta7(PB15)_L5R4_L,L,8
17379,Delta7,Delta7(PB15)_L4R5_R,R,glutamate,16553,Delta7,Delta7(PB15)_L5R4_L,L,8
15398,Delta7,Delta7(PB15)_L4R5_R,R,glutamate,16553,Delta7,Delta7(PB15)_L5R4_L,L,8
14509,Delta7,Delta7(PB15)_L4R6_R,R,glutamate,16553,Delta7,Delta7(PB15)_L5R4_L,L,8
10539,EPG,EPG(PB08)_R2,R,acetylcholine,16553,Delta7,Delta7(PB15)_L5R4_L,L,8
35324,Delta7,Delta7(PB15)_L5R4_L,L,glutamate,17143,Delta7,Delta7(PB15)_L2R7_R,R,8
15839,Delta7,Delta7(PB15)_L1L9R8_R,R,glutamate,17143,Delta7,Delta7(PB15)_L2R7_R,R,8
10513,Delta7,Delta7(PB15)_L3R6_R,R,glutamate,17143,Delta7,Delta7(PB15)_L2R7_R,R,8
18823,Delta7,Delta7(PB15)_L4R5_R,R,glutamate,519331,Delta7,Delta7(PB15)_L3R7_R,R,8
55415,FC2B,FC2B_C1_R,R,acetylcholine,520811,PFL3,PFL3(PB12c)_R6_C2,R,8
524074,Delta7,Delta7(PB15)_L5R4_L,L,glutamate,14806,Delta7,Delta7(PB15)_L8R1R9_L,L,8
88342,EPG,EPG(PB08)_L3,L,acetylcholine,14806,Delta7,Delta7(PB15)_L8R1R9_L,L,8
17804,Delta7,Delta7(PB15)_L7R2_L,L,glutamate,14806,Delta7,Delta7(PB15)_L8R1R9_L,L,8
14816,Delta7,Delta7(PB15)_L6R4_L,L,glutamate,14806,Delta7,Delta7(PB15)_L8R1R9_L,L,8
512513,EPG,EPG(PB08)_R1,R,acetylcholine,512514,EPG,EPG(PB08)_L1,L,8
520812,EPG,EPG(PB08)_R8,R,acetylcholine,17804,Delta7,Delta7(PB15)_L7R2_L,L,8
10513,Delta7,Delta7(PB15)_L3R6_R,R,glutamate,17804,Delta7,Delta7(PB15)_L7R2_L,L,8
533725,Delta7,Delta7(PB15)_L8R1R9_L,L,glutamate,16540,Delta7,Delta7(PB15)_L2R7_R,R,8
513033,EPG,EPG(PB08)_L8,L,acetylcholine,16540,Delta7,Delta7(PB15)_L2R7_R,R,8
18639,Delta7,Delta7(PB15)_L7R2_L,L,glutamate,16540,Delta7,Delta7(PB15)_L2R7_R,R,8
13217,EPG,EPG(PB08)_L8,L,acetylcholine,16540,Delta7,Delta7(PB15)_L2R7_R,R,8
523786,EPG,EPG(PB08)_R4,R,acetylcholine,15495,Delta7,Delta7(PB15)_L3R6_R,R,8
520581,EPG,EPG(PB08)_R4,R,acetylcholine,15495,Delta7,Delta7(PB15)_L3R6_R,R,8
18823,Delta7,Delta7(PB15)_L4R5_R,R,glutamate,15495,Delta7,Delta7(PB15)_L3R6_R,R,8
14509,Delta7,Delta7(PB15)_L4R6_R,R,glutamate,15495,Delta7,Delta7(PB15)_L3R6_R,R,8
11989,EPG,EPG(PB08)_L5,L,acetylcholine,15495,Delta7,Delta7(PB15)_L3R6_R,R,8
513517,EPG,EPG(PB08)_L4,L,acetylcholine,14816,Delta7,Delta7(PB15)_L6R4_L,L,8
16412,Delta7,Delta7(PB15)_L7R2_L,L,glutamate,13217,EPG,EPG(PB08)_L8,L,8
35324,Delta7,Delta7(PB15)_L5R4_L,L,glutamate,533725,Delta7,Delta7(PB15)_L8R1R9_L,L,8
16476,Delta7,Delta7(PB15)_L7R2_L,L,glutamate,533725,Delta7,Delta7(PB15)_L8R1R9_L,L,8
17804,Delta7,Delta7(PB15)_L7R2_L,L,glutamate,15616,EPG,EPG(PB08)_R3,R,8
513464,EPG,EPG(PB08)_R8,R,acetylcholine,18639,Delta7,Delta7(PB15)_L7R2_L,L,8
17804,Delta7,Delta7(PB15)_L7R2_L,L,glutamate,18639,Delta7,Delta7(PB15)_L7R2_L,L,8
15839,Delta7,Delta7(PB15)_L1L9R8_R,R,glutamate,18639,Delta7,Delta7(PB15)_L7R2_L,L,8
15409,Delta7,Delta7(PB15)_L8R1R9_L,L,glutamate,18639,Delta7,Delta7(PB15)_L7R2_L,L,8
556346,EPG,EPG(PB08)_L6,L,acetylcholine,14727,EPG,EPG(PB08)_L7,L,8
533725,Delta7,Delta7(PB15)_L8R1R9_L,L,glutamate,515675,EPG,EPG(PB08)_R1,R,8
556346,EPG,EPG(PB08)_L6,L,acetylcholine,18823,Delta7,Delta7(PB15)_L4R5_R,R,8
14816,Delta7,Delta7(PB15)_L6R4_L,L,glutamate,18823,Delta7,Delta7(PB15)_L4R5_R,R,8
520573,PFL2,PFL2(PB12b)_R5_C1,R,acetylcholine,27492,PFL2,PFL2(PB12b)_L3_C7,L,8
13490,PFL2,PFL2(PB12b)_L1_C5,L,acetylcholine,27492,PFL2,PFL2(PB12b)_L3_C7,L,8
18639,Delta7,Delta7(PB15)_L7R2_L,L,glutamate,434891,Delta7,Delta7(PB15)_L3R7_R,R,8
16540,Delta7,Delta7(PB15)_L2R7_R,R,glutamate,434891,Delta7,Delta7(PB15)_L3R7_R,R,8
16110,Delta7,Delta7(PB15)_L3R6_R,R,glutamate,434891,Delta7,Delta7(PB15)_L3R7_R,R,8
10513,Delta7,Delta7(PB15)_L3R6_R,R,glutamate,434891,Delta7,Delta7(PB15)_L3R7_R,R,8
35324,Delta7,Delta7(PB15)_L5R4_L,L,glutamate,15839,Delta7,Delta7(PB15)_L1L9R8_R,R,8
17379,Delta7,Delta7(PB15)_L4R5_R,R,glutamate,513517,EPG,EPG(PB08)_L4,L,8
79204,FC2C,FC2C_C3_L,L,acetylcholine,518378,PFL3,PFL3(PB12c)_R5_C3,R,8
18823,Delta7,Delta7(PB15)_L4R5_R,R,glutamate,518378,PFL3,PFL3(PB12c)_R5_C3,R,8
16234,Delta7,Delta7(PB15)_L1L9R8_R,R,glutamate,512305,EPG,EPG(PB08)_R8,R,8
15399,Delta7,Delta7(PB15)_L1L9R8_R,R,glutamate,512305,EPG,EPG(PB08)_R8,R,8
149740,FC2B,FC2B_C9_L,L,acetylcholine,17290,PFL3,PFL3(PB12c)_L6_C8,L,8
109752,FC2C,FC2C_C9_R,R,acetylcholine,17290,PFL3,PFL3(PB12c)_L6_C8,L,8
50461,FC2B,FC2B_C9_R,R,acetylcholine,17290,PFL3,PFL3(PB12c)_L6_C8,L,8
41559,FC2A,FC2A_C9_L,L,acetylcholine,17290,PFL3,PFL3(PB12c)_L6_C8,L,8
523786,EPG,EPG(PB08)_R4,R,acetylcholine,16180,Delta7,Delta7(PB15)_L3R6_R,R,8
15398,Delta7,Delta7(PB15)_L4R5_R,R,glutamate,16180,Delta7,Delta7(PB15)_L3R6_R,R,8
13217,EPG,EPG(PB08)_L8,L,acetylcholine,16180,Delta7,Delta7(PB15)_L3R6_R,R,8
96384,FC2B,FC2B_C5_R,R,acetylcholine,29836,PFL3,PFL3(PB12c)_L4_C6,L,8
10513,Delta7,Delta7(PB15)_L3R6_R,R,glutamate,29836,PFL3,PFL3(PB12c)_L4_C6,L,8
11987,EPG,EPG(PB08)_R5,R,acetylcholine,107195,EPG,EPG(PB08)_L5,L,8
556347,EPG,EPG(PB08)_R4,R,acetylcholine,14509,Delta7,Delta7(PB15)_L4R6_R,R,8
11503,EPG,EPG(PB08)_R8,R,acetylcholine,14509,Delta7,Delta7(PB15)_L4R6_R,R,8
519328,EPG,EPG(PB08)_L3,L,acetylcholine,513520,EPG,EPG(PB08)_R6,R,8
97443,FC2B,FC2B_C8_L,L,acetylcholine,26038,PFL3,PFL3(PB12c)_L5_C7,L,8
107195,EPG,EPG(PB08)_L5,L,acetylcholine,523786,EPG,EPG(PB08)_R4,R,8
12449,EPG,EPG(PB08)_L5,L,acetylcholine,523786,EPG,EPG(PB08)_R4,R,8
515961,Delta7,Delta7(PB15)_L6R3_L,L,glutamate,15904,Delta7,Delta7(PB15)_L4R5_R,R,8
16553,Delta7,Delta7(PB15)_L5R4_L,L,glutamate,15904,Delta7,Delta7(PB15)_L4R5_R,R,8
518606,FC2A,FC2A_C8_L,L,acetylcholine,35322,PFL3,PFL3(PB12c)_R1_C7,R,8
55401,FC2A,FC2A_C9_R,R,acetylcholine,35322,PFL3,PFL3(PB12c)_R1_C7,R,8
241046,FC2B,FC2B_C4_R,R,acetylcholine,26488,PFL3,PFL3(PB12c)_R5_C3,R,8
519144,EPG,EPG(PB08)_L8,L,acetylcholine,517417,Delta7,Delta7(PB15)_L6R3_L,L,8
122167,FC2C,FC2C_C7_R,R,acetylcholine,18803,PFL3,PFL3(PB12c)_R1_C7,R,8
533725,Delta7,Delta7(PB15)_L8R1R9_L,L,glutamate,16476,Delta7,Delta7(PB15)_L7R2_L,L,8
17753,Delta7,Delta7(PB15)_L7R3_L,L,glutamate,16476,Delta7,Delta7(PB15)_L7R2_L,L,8
15399,Delta7,Delta7(PB15)_L1L9R8_R,R,glutamate,16476,Delta7,Delta7(PB15)_L7R2_L,L,8
11987,EPG,EPG(PB08)_R5,R,acetylcholine,16476,Delta7,Delta7(PB15)_L7R2_L,L,8
520818,EPG,EPG(PB08)_L4,L,acetylcholine,515961,Delta7,Delta7(PB15)_L6R3_L,L,8
29674,FC2A,FC2A_C2_L,L,acetylcholine,520573,PFL2,PFL2(PB12b)_R5_C1,R,8
530071,PFL3,PFL3(PB12c)_L3_C5,L,acetylcholine,523032,PFL3,PFL3(PB12c)_L2_C4,L,8
15839,Delta7,Delta7(PB15)_L1L9R8_R,R,glutamate,11503,EPG,EPG(PB08)_R8,R,8
11184,Delta7,Delta7(PB15)_L1L9R8_R,R,glutamate,11503,EPG,EPG(PB08)_R8,R,8
533725,Delta7,Delta7(PB15)_L8R1R9_L,L,glutamate,15399,Delta7,Delta7(PB15)_L1L9R8_R,R,8
434891,Delta7,Delta7(PB15)_L3R7_R,R,glutamate,15399,Delta7,Delta7(PB15)_L1L9R8_R,R,8
16540,Delta7,Delta7(PB15)_L2R7_R,R,glutamate,15399,Delta7,Delta7(PB15)_L1L9R8_R,R,8
11874,EPG,EPG(PB08)_L7,L,acetylcholine,15399,Delta7,Delta7(PB15)_L1L9R8_R,R,8
568155,Delta7,Delta7(PB15)_L8R1R9_L,L,glutamate,511841,Delta7,Delta7(PB15)_L2R7_R,R,8
107195,EPG,EPG(PB08)_L5,L,acetylcholine,511841,Delta7,Delta7(PB15)_L2R7_R,R,8
16234,Delta7,Delta7(PB15)_L1L9R8_R,R,glutamate,511841,Delta7,Delta7(PB15)_L2R7_R,R,8
16180,Delta7,Delta7(PB15)_L3R6_R,R,glutamate,511841,Delta7,Delta7(PB15)_L2R7_R,R,8
15837,Delta7,Delta7(PB15)_L1L9R8_R,R,glutamate,511841,Delta7,Delta7(PB15)_L2R7_R,R,8
15399,Delta7,Delta7(PB15)_L1L9R8_R,R,glutamate,511841,Delta7,Delta7(PB15)_L2R7_R,R,8
11307,EPG,EPG(PB08)_L4,L,acetylcholine,511841,Delta7,Delta7(PB15)_L2R7_R,R,8
512513,EPG,EPG(PB08)_R1,R,acetylcholine,10539,EPG,EPG(PB08)_R2,R,8
16869,Delta7,Delta7(PB15)_L7R3_L,L,glutamate,10539,EPG,EPG(PB08)_R2,R,8
524074,Delta7,Delta7(PB15)_L5R4_L,L,glutamate,15851,Delta7,Delta7(PB15)_L6R4_L,L,8
513517,EPG,EPG(PB08)_L4,L,acetylcholine,15851,Delta7,Delta7(PB15)_L6R4_L,L,8
14507,EPG,EPG(PB08)_R7,R,acetylcholine,15851,Delta7,Delta7(PB15)_L6R4_L,L,8
519140,EPG,EPG(PB08)_L1,L,acetylcholine,522853,PFL2,PFL2(PB12b)_R2_C4,R,8
170539,FC2A,FC2A_C4_R,R,acetylcholine,522853,PFL2,PFL2(PB12b)_R2_C4,R,8
141430,FC2C,FC2C_C3_R,R,acetylcholine,522853,PFL2,PFL2(PB12b)_R2_C4,R,8
131273,FC2A,FC2A_C5_R,R,acetylcholine,522853,PFL2,PFL2(PB12b)_R2_C4,R,8
519328,EPG,EPG(PB08)_L3,L,acetylcholine,521813,EPG,EPG(PB08)_L2,L,8
529318,Delta7,Delta7(PB15)_L4R5_R,R,glutamate,19125,EPG,EPG(PB08)_R5,R,8
550660,FC2C,FC2C_C7_R,R,acetylcholine,18327,PFL3,PFL3(PB12c)_R2_C6,R,8
520581,EPG,EPG(PB08)_R4,R,acetylcholine,16110,Delta7,Delta7(PB15)_L3R6_R,R,8
519331,Delta7,Delta7(PB15)_L3R7_R,R,glutamate,16110,Delta7,Delta7(PB15)_L3R6_R,R,8
15904,Delta7,Delta7(PB15)_L4R5_R,R,glutamate,16110,Delta7,Delta7(PB15)_L3R6_R,R,8
526406,FC2A,FC2A_C2_R,R,acetylcholine,532704,FC2A,FC2A_C1_R,R,8
522994,Delta7,Delta7(PB15)_L6R3_L,L,glutamate,15654,Delta7,Delta7(PB15)_L8R1R9_L,L,8
15399,Delta7,Delta7(PB15)_L1L9R8_R,R,glutamate,15654,Delta7,Delta7(PB15)_L8R1R9_L,L,8
14806,Delta7,Delta7(PB15)_L8R1R9_L,L,glutamate,15654,Delta7,Delta7(PB15)_L8R1R9_L,L,8
11184,Delta7,Delta7(PB15)_L1L9R8_R,R,glutamate,15654,Delta7,Delta7(PB15)_L8R1R9_L,L,8
141430,FC2C,FC2C_C3_R,R,acetylcholine,518375,PFL2,PFL2(PB12b)_R3_C3,R,8
140787,FC2B,FC2B_C1_L,L,acetylcholine,108478,PFL3,PFL3(PB12c)_L1_C3,L,8
568155,Delta7,Delta7(PB15)_L8R1R9_L,L,glutamate,519332,Delta7,Delta7(PB15)_L2R7_R,R,8
513463,EPG,EPG(PB08)_R2,R,acetylcholine,519332,Delta7,Delta7(PB15)_L2R7_R,R,8
16180,Delta7,Delta7(PB15)_L3R6_R,R,glutamate,519332,Delta7,Delta7(PB15)_L2R7_R,R,8
15409,Delta7,Delta7(PB15)_L8R1R9_L,L,glutamate,519332,Delta7,Delta7(PB15)_L2R7_R,R,8
11184,Delta7,Delta7(PB15)_L1L9R8_R,R,glutamate,519332,Delta7,Delta7(PB15)_L2R7_R,R,8
517417,Delta7,Delta7(PB15)_L6R3_L,L,glutamate,16869,Delta7,Delta7(PB15)_L7R3_L,L,8
15851,Delta7,Delta7(PB15)_L6R4_L,L,glutamate,16869,Delta7,Delta7(PB15)_L7R3_L,L,8
15409,Delta7,Delta7(PB15)_L8R1R9_L,L,glutamate,16869,Delta7,Delta7(PB15)_L7R3_L,L,8
14806,Delta7,Delta7(PB15)_L8R1R9_L,L,glutamate,16869,Delta7,Delta7(PB15)_L7R3_L,L,8
108286,FC2C,FC2C_C7_R,R,acetylcholine,513032,PFL3,PFL3(PB12c)_L5_C7,L,8
15904,Delta7,Delta7(PB15)_L4R5_R,R,glutamate,513032,PFL3,PFL3(PB12c)_L5_C7,L,8
35324,Delta7,Delta7(PB15)_L5R4_L,L,glutamate,568155,Delta7,Delta7(PB15)_L8R1R9_L,L,8
11987,EPG,EPG(PB08)_R5,R,acetylcholine,11989,EPG,EPG(PB08)_L5,L,8
119819,FC2C,FC2C_C8_L,L,acetylcholine,513034,PFL2,PFL2(PB12b)_L5_C9,L,8
103466,FC2B,FC2B_C2_L,L,acetylcholine,17286,PFL3,PFL3(PB12c)_R1_C2_irreg,L,8
14729,PFL2,PFL2(PB12b)_R1_C5,R,acetylcholine,13490,PFL2,PFL2(PB12b)_L1_C5,L,8
11557,PFL2,PFL2(PB12b)_L3_C7,L,acetylcholine,13490,PFL2,PFL2(PB12b)_L1_C5,L,8
35277,FC2B,FC2B_C8_R,R,acetylcholine,19009,PFL3,PFL3(PB12c)_L2_C9_irreg,R,8
533725,Delta7,Delta7(PB15)_L8R1R9_L,L,glutamate,15837,Delta7,Delta7(PB15)_L1L9R8_R,R,8
35324,Delta7,Delta7(PB15)_L5R4_L,L,glutamate,15837,Delta7,Delta7(PB15)_L1L9R8_R,R,8
17804,Delta7,Delta7(PB15)_L7R2_L,L,glutamate,15837,Delta7,Delta7(PB15)_L1L9R8_R,R,8
17143,Delta7,Delta7(PB15)_L2R7_R,R,glutamate,15837,Delta7,Delta7(PB15)_L1L9R8_R,R,8
16540,Delta7,Delta7(PB15)_L2R7_R,R,glutamate,15837,Delta7,Delta7(PB15)_L1L9R8_R,R,8
11874,EPG,EPG(PB08)_L7,L,acetylcholine,15837,Delta7,Delta7(PB15)_L1L9R8_R,R,8
11184,Delta7,Delta7(PB15)_L1L9R8_R,R,glutamate,15837,Delta7,Delta7(PB15)_L1L9R8_R,R,8
521812,EPG,EPG(PB08)_R7,R,acetylcholine,15398,Delta7,Delta7(PB15)_L4R5_R,R,8
17143,Delta7,Delta7(PB15)_L2R7_R,R,glutamate,15398,Delta7,Delta7(PB15)_L4R5_R,R,8
15904,Delta7,Delta7(PB15)_L4R5_R,R,glutamate,17024,Delta7,Delta7(PB15)_L5R4_L,L,8
14727,EPG,EPG(PB08)_L7,L,acetylcholine,17024,Delta7,Delta7(PB15)_L5R4_L,L,8
524074,Delta7,Delta7(PB15)_L5R4_L,L,glutamate,12449,EPG,EPG(PB08)_L5,L,8
35324,Delta7,Delta7(PB15)_L5R4_L,L,glutamate,23159,PFL3,PFL3(PB12c)_R4_C4,R,8
18803,PFL3,PFL3(PB12c)_R1_C7,R,acetylcholine,23159,PFL3,PFL3(PB12c)_R4_C4,R,8
71855,FC2A,FC2A_C3_L,L,acetylcholine,560327,FC2A,FC2A_C3_R,R,8
119544,FC2C,FC2C_C6_L,L,acetylcholine,519351,PFL3,PFL3(PB12c)_L4_C5,L,8
11307,EPG,EPG(PB08)_L4,L,acetylcholine,519351,PFL3,PFL3(PB12c)_L4_C5,L,8
521409,EPG,EPG(PB08)_L8,L,acetylcholine,515294,Delta7,Delta7(PB15)_L5R4_L,L,8
513517,EPG,EPG(PB08)_L4,L,acetylcholine,515294,Delta7,Delta7(PB15)_L5R4_L,L,8
15904,Delta7,Delta7(PB15)_L4R5_R,R,glutamate,515294,Delta7,Delta7(PB15)_L5R4_L,L,8
568155,Delta7,Delta7(PB15)_L8R1R9_L,L,glutamate,11184,Delta7,Delta7(PB15)_L1L9R8_R,R,8
519941,EPG,EPG(PB08)_L3,L,acetylcholine,11184,Delta7,Delta7(PB15)_L1L9R8_R,R,8
10539,EPG,EPG(PB08)_R2,R,acetylcholine,11184,Delta7,Delta7(PB15)_L1L9R8_R,R,8
512513,EPG,EPG(PB08)_R1,R,acetylcholine,35324,Delta7,Delta7(PB15)_L5R4_L,L,8
18639,Delta7,Delta7(PB15)_L7R2_L,L,glutamate,35324,Delta7,Delta7(PB15)_L5R4_L,L,8
15398,Delta7,Delta7(PB15)_L4R5_R,R,glutamate,35324,Delta7,Delta7(PB15)_L5R4_L,L,8
524074,Delta7,Delta7(PB15)_L5R4_L,L,glutamate,16234,Delta7,Delta7(PB15)_L1L9R8_R,R,8
16476,Delta7,Delta7(PB15)_L7R2_L,L,glutamate,16234,Delta7,Delta7(PB15)_L1L9R8_R,R,8
14727,EPG,EPG(PB08)_L7,L,acetylcholine,16234,Delta7,Delta7(PB15)_L1L9R8_R,R,8
513033,EPG,EPG(PB08)_L8,L,acetylcholine,84758,EPG,EPG(PB08)_L7,L,8
16476,Delta7,Delta7(PB15)_L7R2_L,L,glutamate,17753,Delta7,Delta7(PB15)_L7R3_L,L,8
521409,EPG,EPG(PB08)_L8,L,acetylcholine,522994,Delta7,Delta7(PB15)_L6R3_L,L,8
15398,Delta7,Delta7(PB15)_L4R5_R,R,glutamate,522994,Delta7,Delta7(PB15)_L6R3_L,L,8
11987,EPG,EPG(PB08)_R5,R,acetylcholine,522994,Delta7,Delta7(PB15)_L6R3_L,L,8
84758,EPG,EPG(PB08)_L7,L,acetylcholine,513033,EPG,EPG(PB08)_L8,L,8
35324,Delta7,Delta7(PB15)_L5R4_L,L,glutamate,514126,EPG,EPG(PB08)_R5,R,8
519941,EPG,EPG(PB08)_L3,L,acetylcholine,520818,EPG,EPG(PB08)_L4,L,8
10513,Delta7,Delta7(PB15)_L3R6_R,R,glutamate,520818,EPG,EPG(PB08)_L4,L,8
131313,EPG,EPG(PB08)_R6,R,acetylcholine,88342,EPG,EPG(PB08)_L3,L,8
512513,EPG,EPG(PB08)_R1,R,acetylcholine,521409,EPG,EPG(PB08)_L8,L,8
512928,EPG,EPG(PB08)_R3,R,acetylcholine,16360,EPG,EPG(PB08)_L6,L,8
513033,EPG,EPG(PB08)_L8,L,acetylcholine,513463,EPG,EPG(PB08)_R2,R,8
16234,Delta7,Delta7(PB15)_L1L9R8_R,R,glutamate,520812,EPG,EPG(PB08)_R8,R,8
511841,Delta7,Delta7(PB15)_L2R7_R,R,glutamate,15409,Delta7,Delta7(PB15)_L8R1R9_L,L,8
16869,Delta7,Delta7(PB15)_L7R3_L,L,glutamate,15409,Delta7,Delta7(PB15)_L8R1R9_L,L,8
522853,PFL2,PFL2(PB12b)_R2_C4,R,acetylcholine,19715,PFL2,PFL2(PB12b)_L4_C8,L,8
57603,FC2C,FC2C_C9_L,L,acetylcholine,19715,PFL2,PFL2(PB12b)_L4_C8,L,8
11557,PFL2,PFL2(PB12b)_L3_C7,L,acetylcholine,19715,PFL2,PFL2(PB12b)_L4_C8,L,8
35322,PFL3,PFL3(PB12c)_R1_C7,R,acetylcholine,79549,PFL3,PFL3(PB12c)_R7_C1,R,8
520573,PFL2,PFL2(PB12b)_R5_C1,R,acetylcholine,13031,PFL2,PFL2(PB12b)_R3_C3,R,8
513034,PFL2,PFL2(PB12b)_L5_C9,L,acetylcholine,13031,PFL2,PFL2(PB12b)_R3_C3,R,8
33356,FC2B,FC2B_C2_L,L,acetylcholine,13031,PFL2,PFL2(PB12b)_R3_C3,R,8
29674,FC2A,FC2A_C2_L,L,acetylcholine,13031,PFL2,PFL2(PB12b)_R3_C3,R,8
35324,Delta7,Delta7(PB15)_L5R4_L,L,glutamate,520581,EPG,EPG(PB08)_R4,R,8
17024,Delta7,Delta7(PB15)_L5R4_L,L,glutamate,11987,EPG,EPG(PB08)_R5,R,8
15904,Delta7,Delta7(PB15)_L4R5_R,R,glutamate,11987,EPG,EPG(PB08)_R5,R,8
127661,FC2C,FC2C_C6_R,R,acetylcholine,511842,PFL2,PFL2(PB12b)_L2_C6,L,8
35324,Delta7,Delta7(PB15)_L5R4_L,L,glutamate,11673,PFL2,PFL2(PB12b)_R4_C2,R,8
34203,FC2B,FC2B_C1_R,R,acetylcholine,11673,PFL2,PFL2(PB12b)_R4_C2,R,8
513463,EPG,EPG(PB08)_R2,R,acetylcholine,524074,Delta7,Delta7(PB15)_L5R4_L,L,8
512305,EPG,EPG(PB08)_R8,R,acetylcholine,524074,Delta7,Delta7(PB15)_L5R4_L,L,8
131313,EPG,EPG(PB08)_R6,R,acetylcholine,524074,Delta7,Delta7(PB15)_L5R4_L,L,8
15904,Delta7,Delta7(PB15)_L4R5_R,R,glutamate,524074,Delta7,Delta7(PB15)_L5R4_L,L,8
15398,Delta7,Delta7(PB15)_L4R5_R,R,glutamate,524074,Delta7,Delta7(PB15)_L5R4_L,L,8
11184,Delta7,Delta7(PB15)_L1L9R8_R,R,glutamate,524074,Delta7,Delta7(PB15)_L5R4_L,L,8
16180,Delta7,Delta7(PB15)_L3R6_R,R,glutamate,529318,Delta7,Delta7(PB15)_L4R5_R,R,8
556347,EPG,EPG(PB08)_R4,R,acetylcholine,10513,Delta7,Delta7(PB15)_L3R6_R,R,8
434891,Delta7,Delta7(PB15)_L3R7_R,R,glutamate,10513,Delta7,Delta7(PB15)_L3R6_R,R,8
35324,Delta7,Delta7(PB15)_L5R4_L,L,glutamate,556347,EPG,EPG(PB08)_R4,R,8
17753,Delta7,Delta7(PB15)_L7R3_L,L,glutamate,17379,Delta7,Delta7(PB15)_L4R5_R,R,8
17024,Delta7,Delta7(PB15)_L5R4_L,L,glutamate,17379,Delta7,Delta7(PB15)_L4R5_R,R,8
15851,Delta7,Delta7(PB15)_L6R4_L,L,glutamate,17379,Delta7,Delta7(PB15)_L4R5_R,R,8
14507,EPG,EPG(PB08)_R7,R,acetylcholine,17379,Delta7,Delta7(PB15)_L4R5_R,R,8
10513,Delta7,Delta7(PB15)_L3R6_R,R,glutamate,17379,Delta7,Delta7(PB15)_L4R5_R,R,8
18327,PFL3,PFL3(PB12c)_R2_C6,R,acetylcholine,18851,PFL3,PFL3(PB12c)_L1_C8_irreg,R,8
520811,PFL3,PFL3(PB12c)_R6_C2,R,acetylcholine,567101,PFL3,PFL3(PB12c)_R3_C5,R,7
513266,PFL3,PFL3(PB12c)_R3_C5,R,acetylcholine,567101,PFL3,PFL3(PB12c)_R3_C5,R,7
153441,FC2C,FC2C_C5_L,L,acetylcholine,567101,PFL3,PFL3(PB12c)_R3_C5,R,7
14816,Delta7,Delta7(PB15)_L6R4_L,L,glutamate,567101,PFL3,PFL3(PB12c)_R3_C5,R,7
519331,Delta7,Delta7(PB15)_L3R7_R,R,glutamate,16412,Delta7,Delta7(PB15)_L7R2_L,L,7
515294,Delta7,Delta7(PB15)_L5R4_L,L,glutamate,16412,Delta7,Delta7(PB15)_L7R2_L,L,7
15409,Delta7,Delta7(PB15)_L8R1R9_L,L,glutamate,16412,Delta7,Delta7(PB15)_L7R2_L,L,7
14507,EPG,EPG(PB08)_R7,R,acetylcholine,16412,Delta7,Delta7(PB15)_L7R2_L,L,7
45876,FC2A,FC2A_C7_R,R,acetylcholine,39538,FC2A,FC2A_C6_R,R,7
519331,Delta7,Delta7(PB15)_L3R7_R,R,glutamate,16553,Delta7,Delta7(PB15)_L5R4_L,L,7
16110,Delta7,Delta7(PB15)_L3R6_R,R,glutamate,16553,Delta7,Delta7(PB15)_L5R4_L,L,7
513033,EPG,EPG(PB08)_L8,L,acetylcholine,17143,Delta7,Delta7(PB15)_L2R7_R,R,7
529318,Delta7,Delta7(PB15)_L4R5_R,R,glutamate,519331,Delta7,Delta7(PB15)_L3R7_R,R,7
514126,EPG,EPG(PB08)_R5,R,acetylcholine,519331,Delta7,Delta7(PB15)_L3R7_R,R,7
17024,Delta7,Delta7(PB15)_L5R4_L,L,glutamate,519331,Delta7,Delta7(PB15)_L3R7_R,R,7
15839,Delta7,Delta7(PB15)_L1L9R8_R,R,glutamate,519331,Delta7,Delta7(PB15)_L3R7_R,R,7
12449,EPG,EPG(PB08)_L5,L,acetylcholine,519331,Delta7,Delta7(PB15)_L3R7_R,R,7
88342,EPG,EPG(PB08)_L3,L,acetylcholine,524073,EPG,EPG(PB08)_L2,L,7
537128,FC2C,FC2C_C1_L,L,acetylcholine,520811,PFL3,PFL3(PB12c)_R6_C2,R,7
23159,PFL3,PFL3(PB12c)_R4_C4,R,acetylcholine,520811,PFL3,PFL3(PB12c)_R6_C2,R,7
16540,Delta7,Delta7(PB15)_L2R7_R,R,glutamate,520811,PFL3,PFL3(PB12c)_R6_C2,R,7
19825,EPG,EPG(PB08)_R6,R,acetylcholine,11307,EPG,EPG(PB08)_L4,L,7
16476,Delta7,Delta7(PB15)_L7R2_L,L,glutamate,14806,Delta7,Delta7(PB15)_L8R1R9_L,L,7
533725,Delta7,Delta7(PB15)_L8R1R9_L,L,glutamate,512514,EPG,EPG(PB08)_L1,L,7
519144,EPG,EPG(PB08)_L8,L,acetylcholine,17804,Delta7,Delta7(PB15)_L7R2_L,L,7
131313,EPG,EPG(PB08)_R6,R,acetylcholine,17804,Delta7,Delta7(PB15)_L7R2_L,L,7
16553,Delta7,Delta7(PB15)_L5R4_L,L,glutamate,17804,Delta7,Delta7(PB15)_L7R2_L,L,7
15837,Delta7,Delta7(PB15)_L1L9R8_R,R,glutamate,17804,Delta7,Delta7(PB15)_L7R2_L,L,7
14816,Delta7,Delta7(PB15)_L6R4_L,L,glutamate,17804,Delta7,Delta7(PB15)_L7R2_L,L,7
11989,EPG,EPG(PB08)_L5,L,acetylcholine,17804,Delta7,Delta7(PB15)_L7R2_L,L,7
11503,EPG,EPG(PB08)_R8,R,acetylcholine,17804,Delta7,Delta7(PB15)_L7R2_L,L,7
519144,EPG,EPG(PB08)_L8,L,acetylcholine,16540,Delta7,Delta7(PB15)_L2R7_R,R,7
16234,Delta7,Delta7(PB15)_L1L9R8_R,R,glutamate,16540,Delta7,Delta7(PB15)_L2R7_R,R,7
514126,EPG,EPG(PB08)_R5,R,acetylcholine,15495,Delta7,Delta7(PB15)_L3R6_R,R,7
12449,EPG,EPG(PB08)_L5,L,acetylcholine,15495,Delta7,Delta7(PB15)_L3R6_R,R,7
17804,Delta7,Delta7(PB15)_L7R2_L,L,glutamate,14816,Delta7,Delta7(PB15)_L6R4_L,L,7
11307,EPG,EPG(PB08)_L4,L,acetylcholine,14816,Delta7,Delta7(PB15)_L6R4_L,L,7
568155,Delta7,Delta7(PB15)_L8R1R9_L,L,glutamate,13217,EPG,EPG(PB08)_L8,L,7
522994,Delta7,Delta7(PB15)_L6R3_L,L,glutamate,533725,Delta7,Delta7(PB15)_L8R1R9_L,L,7
512928,EPG,EPG(PB08)_R3,R,acetylcholine,533725,Delta7,Delta7(PB15)_L8R1R9_L,L,7
15837,Delta7,Delta7(PB15)_L1L9R8_R,R,glutamate,533725,Delta7,Delta7(PB15)_L8R1R9_L,L,7
523786,EPG,EPG(PB08)_R4,R,acetylcholine,18639,Delta7,Delta7(PB15)_L7R2_L,L,7
16234,Delta7,Delta7(PB15)_L1L9R8_R,R,glutamate,18639,Delta7,Delta7(PB15)_L7R2_L,L,7
14806,Delta7,Delta7(PB15)_L8R1R9_L,L,glutamate,18639,Delta7,Delta7(PB15)_L7R2_L,L,7
11503,EPG,EPG(PB08)_R8,R,acetylcholine,18639,Delta7,Delta7(PB15)_L7R2_L,L,7
11184,Delta7,Delta7(PB15)_L1L9R8_R,R,glutamate,18639,Delta7,Delta7(PB15)_L7R2_L,L,7
16869,Delta7,Delta7(PB15)_L7R3_L,L,glutamate,14727,EPG,EPG(PB08)_L7,L,7
551404,FC2C,FC2C_C6_L,L,acetylcholine,11557,PFL2,PFL2(PB12b)_L3_C7,L,7
119819,FC2C,FC2C_C8_L,L,acetylcholine,11557,PFL2,PFL2(PB12b)_L3_C7,L,7
115261,FC2C,FC2C_C6_L,L,acetylcholine,11557,PFL2,PFL2(PB12b)_L3_C7,L,7
35277,FC2B,FC2B_C8_R,R,acetylcholine,11557,PFL2,PFL2(PB12b)_L3_C7,L,7
15399,Delta7,Delta7(PB15)_L1L9R8_R,R,glutamate,515675,EPG,EPG(PB08)_R1,R,7
14806,Delta7,Delta7(PB15)_L8R1R9_L,L,glutamate,515675,EPG,EPG(PB08)_R1,R,7
16110,Delta7,Delta7(PB15)_L3R6_R,R,glutamate,18823,Delta7,Delta7(PB15)_L4R5_R,R,7
15713,EPG,EPG(PB08)_L6,L,acetylcholine,18823,Delta7,Delta7(PB15)_L4R5_R,R,7
556346,EPG,EPG(PB08)_L6,L,acetylcholine,434891,Delta7,Delta7(PB15)_L3R7_R,R,7
512514,EPG,EPG(PB08)_L1,L,acetylcholine,434891,Delta7,Delta7(PB15)_L3R7_R,R,7
16234,Delta7,Delta7(PB15)_L1L9R8_R,R,glutamate,434891,Delta7,Delta7(PB15)_L3R7_R,R,7
15398,Delta7,Delta7(PB15)_L4R5_R,R,glutamate,434891,Delta7,Delta7(PB15)_L3R7_R,R,7
14509,Delta7,Delta7(PB15)_L4R6_R,R,glutamate,434891,Delta7,Delta7(PB15)_L3R7_R,R,7
11987,EPG,EPG(PB08)_R5,R,acetylcholine,434891,Delta7,Delta7(PB15)_L3R7_R,R,7
434891,Delta7,Delta7(PB15)_L3R7_R,R,glutamate,15839,Delta7,Delta7(PB15)_L1L9R8_R,R,7
88342,EPG,EPG(PB08)_L3,L,acetylcholine,15839,Delta7,Delta7(PB15)_L1L9R8_R,R,7
15654,Delta7,Delta7(PB15)_L8R1R9_L,L,glutamate,15839,Delta7,Delta7(PB15)_L1L9R8_R,R,7
11503,EPG,EPG(PB08)_R8,R,acetylcholine,15839,Delta7,Delta7(PB15)_L1L9R8_R,R,7
41559,FC2A,FC2A_C9_L,L,acetylcholine,518606,FC2A,FC2A_C8_L,L,7
532704,FC2A,FC2A_C1_R,R,acetylcholine,46169,FC2A,FC2A_C1_L,L,7
529266,FC2C,FC2C_C2_L,L,acetylcholine,15210,PFL3,PFL3(PB12c)_R2_C1_irreg,L,7
519144,EPG,EPG(PB08)_L8,L,acetylcholine,519140,EPG,EPG(PB08)_L1,L,7
15409,Delta7,Delta7(PB15)_L8R1R9_L,L,glutamate,519140,EPG,EPG(PB08)_L1,L,7
14806,Delta7,Delta7(PB15)_L8R1R9_L,L,glutamate,519140,EPG,EPG(PB08)_L1,L,7
13217,EPG,EPG(PB08)_L8,L,acetylcholine,519140,EPG,EPG(PB08)_L1,L,7
519140,EPG,EPG(PB08)_L1,L,acetylcholine,512305,EPG,EPG(PB08)_R8,R,7
515294,Delta7,Delta7(PB15)_L5R4_L,L,glutamate,556346,EPG,EPG(PB08)_L6,L,7
57603,FC2C,FC2C_C9_L,L,acetylcholine,17290,PFL3,PFL3(PB12c)_L6_C8,L,7
529318,Delta7,Delta7(PB15)_L4R5_R,R,glutamate,16180,Delta7,Delta7(PB15)_L3R6_R,R,7
14727,EPG,EPG(PB08)_L7,L,acetylcholine,16180,Delta7,Delta7(PB15)_L3R6_R,R,7
11184,Delta7,Delta7(PB15)_L1L9R8_R,R,glutamate,16180,Delta7,Delta7(PB15)_L3R6_R,R,7
40179,FC2A,FC2A_C7_L,L,acetylcholine,29836,PFL3,PFL3(PB12c)_L4_C6,L,7
16110,Delta7,Delta7(PB15)_L3R6_R,R,glutamate,29836,PFL3,PFL3(PB12c)_L4_C6,L,7
15904,Delta7,Delta7(PB15)_L4R5_R,R,glutamate,29836,PFL3,PFL3(PB12c)_L4_C6,L,7
514126,EPG,EPG(PB08)_R5,R,acetylcholine,107195,EPG,EPG(PB08)_L5,L,7
14816,Delta7,Delta7(PB15)_L6R4_L,L,glutamate,107195,EPG,EPG(PB08)_L5,L,7
519331,Delta7,Delta7(PB15)_L3R7_R,R,glutamate,14509,Delta7,Delta7(PB15)_L4R6_R,R,7
11874,EPG,EPG(PB08)_L7,L,acetylcholine,14509,Delta7,Delta7(PB15)_L4R6_R,R,7
15616,EPG,EPG(PB08)_R3,R,acetylcholine,523786,EPG,EPG(PB08)_R4,R,7
523786,EPG,EPG(PB08)_R4,R,acetylcholine,15904,Delta7,Delta7(PB15)_L4R5_R,R,7
519328,EPG,EPG(PB08)_L3,L,acetylcholine,15904,Delta7,Delta7(PB15)_L4R5_R,R,7
513033,EPG,EPG(PB08)_L8,L,acetylcholine,15904,Delta7,Delta7(PB15)_L4R5_R,R,7
88342,EPG,EPG(PB08)_L3,L,acetylcholine,15904,Delta7,Delta7(PB15)_L4R5_R,R,7
79549,PFL3,PFL3(PB12c)_R7_C1,R,acetylcholine,35322,PFL3,PFL3(PB12c)_R1_C7,R,7
529266,FC2C,FC2C_C2_L,L,acetylcholine,26488,PFL3,PFL3(PB12c)_R5_C3,R,7
170539,FC2A,FC2A_C4_R,R,acetylcholine,26488,PFL3,PFL3(PB12c)_R5_C3,R,7
35324,Delta7,Delta7(PB15)_L5R4_L,L,glutamate,26488,PFL3,PFL3(PB12c)_R5_C3,R,7
15904,Delta7,Delta7(PB15)_L4R5_R,R,glutamate,26488,PFL3,PFL3(PB12c)_R5_C3,R,7
524074,Delta7,Delta7(PB15)_L5R4_L,L,glutamate,517417,Delta7,Delta7(PB15)_L6R3_L,L,7
515294,Delta7,Delta7(PB15)_L5R4_L,L,glutamate,517417,Delta7,Delta7(PB15)_L6R3_L,L,7
512513,EPG,EPG(PB08)_R1,R,acetylcholine,517417,Delta7,Delta7(PB15)_L6R3_L,L,7
556347,EPG,EPG(PB08)_R4,R,acetylcholine,16476,Delta7,Delta7(PB15)_L7R2_L,L,7
513464,EPG,EPG(PB08)_R8,R,acetylcholine,16476,Delta7,Delta7(PB15)_L7R2_L,L,7
17804,Delta7,Delta7(PB15)_L7R2_L,L,glutamate,16476,Delta7,Delta7(PB15)_L7R2_L,L,7
15837,Delta7,Delta7(PB15)_L1L9R8_R,R,glutamate,16476,Delta7,Delta7(PB15)_L7R2_L,L,7
519144,EPG,EPG(PB08)_L8,L,acetylcholine,515961,Delta7,Delta7(PB15)_L6R3_L,L,7
514126,EPG,EPG(PB08)_R5,R,acetylcholine,515961,Delta7,Delta7(PB15)_L6R3_L,L,7
17379,Delta7,Delta7(PB15)_L4R5_R,R,glutamate,515961,Delta7,Delta7(PB15)_L6R3_L,L,7
17024,Delta7,Delta7(PB15)_L5R4_L,L,glutamate,515961,Delta7,Delta7(PB15)_L6R3_L,L,7
14806,Delta7,Delta7(PB15)_L8R1R9_L,L,glutamate,515961,Delta7,Delta7(PB15)_L6R3_L,L,7
13217,EPG,EPG(PB08)_L8,L,acetylcholine,515961,Delta7,Delta7(PB15)_L6R3_L,L,7
515961,Delta7,Delta7(PB15)_L6R3_L,L,glutamate,520573,PFL2,PFL2(PB12b)_R5_C1,R,7
27492,PFL2,PFL2(PB12b)_L3_C7,L,acetylcholine,520573,PFL2,PFL2(PB12b)_R5_C1,R,7
16476,Delta7,Delta7(PB15)_L7R2_L,L,glutamate,512513,EPG,EPG(PB08)_R1,R,7
17286,PFL3,PFL3(PB12c)_R1_C2_irreg,L,acetylcholine,523032,PFL3,PFL3(PB12c)_L2_C4,L,7
66750,FC2C,FC2C_C4_R,R,acetylcholine,530071,PFL3,PFL3(PB12c)_L3_C5,L,7
519144,EPG,EPG(PB08)_L8,L,acetylcholine,511841,Delta7,Delta7(PB15)_L2R7_R,R,7
513520,EPG,EPG(PB08)_R6,R,acetylcholine,511841,Delta7,Delta7(PB15)_L2R7_R,R,7
513517,EPG,EPG(PB08)_L4,L,acetylcholine,511841,Delta7,Delta7(PB15)_L2R7_R,R,7
10513,Delta7,Delta7(PB15)_L3R6_R,R,glutamate,511841,Delta7,Delta7(PB15)_L2R7_R,R,7
515675,EPG,EPG(PB08)_R1,R,acetylcholine,10539,EPG,EPG(PB08)_R2,R,7
18639,Delta7,Delta7(PB15)_L7R2_L,L,glutamate,10539,EPG,EPG(PB08)_R2,R,7
519144,EPG,EPG(PB08)_L8,L,acetylcholine,15851,Delta7,Delta7(PB15)_L6R4_L,L,7
520573,PFL2,PFL2(PB12b)_R5_C1,R,acetylcholine,522853,PFL2,PFL2(PB12b)_R2_C4,R,7
19715,PFL2,PFL2(PB12b)_L4_C8,L,acetylcholine,522853,PFL2,PFL2(PB12b)_R2_C4,R,7
11673,PFL2,PFL2(PB12b)_R4_C2,R,acetylcholine,522853,PFL2,PFL2(PB12b)_R2_C4,R,7
11557,PFL2,PFL2(PB12b)_L3_C7,L,acetylcholine,522853,PFL2,PFL2(PB12b)_R2_C4,R,7
513517,EPG,EPG(PB08)_L4,L,acetylcholine,19125,EPG,EPG(PB08)_R5,R,7
17024,Delta7,Delta7(PB15)_L5R4_L,L,glutamate,19125,EPG,EPG(PB08)_R5,R,7
567101,PFL3,PFL3(PB12c)_R3_C5,R,acetylcholine,18327,PFL3,PFL3(PB12c)_R2_C6,R,7
137299,FC2A,FC2A_C5_L,L,acetylcholine,18327,PFL3,PFL3(PB12c)_R2_C6,R,7
45343,FC2C,FC2C_C7_L,L,acetylcholine,18327,PFL3,PFL3(PB12c)_R2_C6,R,7
11307,EPG,EPG(PB08)_L4,L,acetylcholine,19825,EPG,EPG(PB08)_R6,R,7
523786,EPG,EPG(PB08)_R4,R,acetylcholine,16110,Delta7,Delta7(PB15)_L3R6_R,R,7
11184,Delta7,Delta7(PB15)_L1L9R8_R,R,glutamate,16110,Delta7,Delta7(PB15)_L3R6_R,R,7
46169,FC2A,FC2A_C1_L,L,acetylcholine,532704,FC2A,FC2A_C1_R,R,7
45876,FC2A,FC2A_C7_R,R,acetylcholine,532704,FC2A,FC2A_C1_R,R,7
519331,Delta7,Delta7(PB15)_L3R7_R,R,glutamate,15654,Delta7,Delta7(PB15)_L8R1R9_L,L,7
515961,Delta7,Delta7(PB15)_L6R3_L,L,glutamate,15654,Delta7,Delta7(PB15)_L8R1R9_L,L,7
15616,EPG,EPG(PB08)_R3,R,acetylcholine,518375,PFL2,PFL2(PB12b)_R3_C3,R,7
522994,Delta7,Delta7(PB15)_L6R3_L,L,glutamate,519346,PFL3,PFL3(PB12c)_L7_C9,L,7
529266,FC2C,FC2C_C2_L,L,acetylcholine,108478,PFL3,PFL3(PB12c)_L1_C3,L,7
79204,FC2C,FC2C_C3_L,L,acetylcholine,108478,PFL3,PFL3(PB12c)_L1_C3,L,7
529318,Delta7,Delta7(PB15)_L4R5_R,R,glutamate,519332,Delta7,Delta7(PB15)_L2R7_R,R,7
18639,Delta7,Delta7(PB15)_L7R2_L,L,glutamate,519332,Delta7,Delta7(PB15)_L2R7_R,R,7
16234,Delta7,Delta7(PB15)_L1L9R8_R,R,glutamate,519332,Delta7,Delta7(PB15)_L2R7_R,R,7
15839,Delta7,Delta7(PB15)_L1L9R8_R,R,glutamate,519332,Delta7,Delta7(PB15)_L2R7_R,R,7
11989,EPG,EPG(PB08)_L5,L,acetylcholine,519332,Delta7,Delta7(PB15)_L2R7_R,R,7
10513,Delta7,Delta7(PB15)_L3R6_R,R,glutamate,519332,Delta7,Delta7(PB15)_L2R7_R,R,7
568155,Delta7,Delta7(PB15)_L8R1R9_L,L,glutamate,16869,Delta7,Delta7(PB15)_L7R3_L,L,7
524074,Delta7,Delta7(PB15)_L5R4_L,L,glutamate,16869,Delta7,Delta7(PB15)_L7R3_L,L,7
35324,Delta7,Delta7(PB15)_L5R4_L,L,glutamate,16869,Delta7,Delta7(PB15)_L7R3_L,L,7
19125,EPG,EPG(PB08)_R5,R,acetylcholine,16869,Delta7,Delta7(PB15)_L7R3_L,L,7
17379,Delta7,Delta7(PB15)_L4R5_R,R,glutamate,16869,Delta7,Delta7(PB15)_L7R3_L,L,7
17024,Delta7,Delta7(PB15)_L5R4_L,L,glutamate,16869,Delta7,Delta7(PB15)_L7R3_L,L,7
14816,Delta7,Delta7(PB15)_L6R4_L,L,glutamate,16869,Delta7,Delta7(PB15)_L7R3_L,L,7
11989,EPG,EPG(PB08)_L5,L,acetylcholine,16869,Delta7,Delta7(PB15)_L7R3_L,L,7
11989,EPG,EPG(PB08)_L5,L,acetylcholine,513032,PFL3,PFL3(PB12c)_L5_C7,L,7
521813,EPG,EPG(PB08)_L2,L,acetylcholine,568155,Delta7,Delta7(PB15)_L8R1R9_L,L,7
16110,Delta7,Delta7(PB15)_L3R6_R,R,glutamate,513034,PFL2,PFL2(PB12b)_L5_C9,L,7
523032,PFL3,PFL3(PB12c)_L2_C4,L,acetylcholine,17286,PFL3,PFL3(PB12c)_R1_C2_irreg,L,7
151739,FC2C,FC2C_C2_R,R,acetylcholine,17286,PFL3,PFL3(PB12c)_R1_C2_irreg,L,7
515961,Delta7,Delta7(PB15)_L6R3_L,L,glutamate,512928,EPG,EPG(PB08)_R3,R,7
16360,EPG,EPG(PB08)_L6,L,acetylcholine,512928,EPG,EPG(PB08)_R3,R,7
15851,Delta7,Delta7(PB15)_L6R4_L,L,glutamate,512928,EPG,EPG(PB08)_R3,R,7
10539,EPG,EPG(PB08)_R2,R,acetylcholine,512928,EPG,EPG(PB08)_R3,R,7
533725,Delta7,Delta7(PB15)_L8R1R9_L,L,glutamate,13490,PFL2,PFL2(PB12b)_L1_C5,L,7
515675,EPG,EPG(PB08)_R1,R,acetylcholine,13490,PFL2,PFL2(PB12b)_L1_C5,L,7
567101,PFL3,PFL3(PB12c)_R3_C5,R,acetylcholine,19009,PFL3,PFL3(PB12c)_L2_C9_irreg,R,7
534662,FC2C,FC2C_C8_R,R,acetylcholine,19009,PFL3,PFL3(PB12c)_L2_C9_irreg,R,7
33382,FC2A,FC2A_C8_R,R,acetylcholine,19009,PFL3,PFL3(PB12c)_L2_C9_irreg,R,7
18851,PFL3,PFL3(PB12c)_L1_C8_irreg,R,acetylcholine,19009,PFL3,PFL3(PB12c)_L2_C9_irreg,R,7
16234,Delta7,Delta7(PB15)_L1L9R8_R,R,glutamate,19009,PFL3,PFL3(PB12c)_L2_C9_irreg,R,7
11184,Delta7,Delta7(PB15)_L1L9R8_R,R,glutamate,19009,PFL3,PFL3(PB12c)_L2_C9_irreg,R,7
519332,Delta7,Delta7(PB15)_L2R7_R,R,glutamate,15837,Delta7,Delta7(PB15)_L1L9R8_R,R,7
15654,Delta7,Delta7(PB15)_L8R1R9_L,L,glutamate,15837,Delta7,Delta7(PB15)_L1L9R8_R,R,7
17804,Delta7,Delta7(PB15)_L7R2_L,L,glutamate,15398,Delta7,Delta7(PB15)_L4R5_R,R,7
14816,Delta7,Delta7(PB15)_L6R4_L,L,glutamate,15398,Delta7,Delta7(PB15)_L4R5_R,R,7
556346,EPG,EPG(PB08)_L6,L,acetylcholine,17024,Delta7,Delta7(PB15)_L5R4_L,L,7
513284,EPG,EPG(PB08)_R3,R,acetylcholine,17024,Delta7,Delta7(PB15)_L5R4_L,L,7
19825,EPG,EPG(PB08)_R6,R,acetylcholine,17024,Delta7,Delta7(PB15)_L5R4_L,L,7
529318,Delta7,Delta7(PB15)_L4R5_R,R,glutamate,12449,EPG,EPG(PB08)_L5,L,7
523786,EPG,EPG(PB08)_R4,R,acetylcholine,12449,EPG,EPG(PB08)_L5,L,7
39538,FC2A,FC2A_C6_R,R,acetylcholine,560327,FC2A,FC2A_C3_R,R,7
106495,FC2B,FC2B_C6_R,R,acetylcholine,101011,FC2C,FC2C_C6_R,R,7
520818,EPG,EPG(PB08)_L4,L,acetylcholine,515294,Delta7,Delta7(PB15)_L5R4_L,L,7
513520,EPG,EPG(PB08)_R6,R,acetylcholine,11184,Delta7,Delta7(PB15)_L1L9R8_R,R,7
55401,FC2A,FC2A_C9_R,R,acetylcholine,41559,FC2A,FC2A_C9_L,L,7
568155,Delta7,Delta7(PB15)_L8R1R9_L,L,glutamate,35324,Delta7,Delta7(PB15)_L5R4_L,L,7
519941,EPG,EPG(PB08)_L3,L,acetylcholine,35324,Delta7,Delta7(PB15)_L5R4_L,L,7
513284,EPG,EPG(PB08)_R3,R,acetylcholine,35324,Delta7,Delta7(PB15)_L5R4_L,L,7
17753,Delta7,Delta7(PB15)_L7R3_L,L,glutamate,35324,Delta7,Delta7(PB15)_L5R4_L,L,7
519331,Delta7,Delta7(PB15)_L3R7_R,R,glutamate,16234,Delta7,Delta7(PB15)_L1L9R8_R,R,7
519332,Delta7,Delta7(PB15)_L2R7_R,R,glutamate,16234,Delta7,Delta7(PB15)_L1L9R8_R,R,7
519144,EPG,EPG(PB08)_L8,L,acetylcholine,16234,Delta7,Delta7(PB15)_L1L9R8_R,R,7
92188,EPG,EPG(PB08)_R7,R,acetylcholine,16234,Delta7,Delta7(PB15)_L1L9R8_R,R,7
19825,EPG,EPG(PB08)_R6,R,acetylcholine,16234,Delta7,Delta7(PB15)_L1L9R8_R,R,7
19125,EPG,EPG(PB08)_R5,R,acetylcholine,16234,Delta7,Delta7(PB15)_L1L9R8_R,R,7
17143,Delta7,Delta7(PB15)_L2R7_R,R,glutamate,16234,Delta7,Delta7(PB15)_L1L9R8_R,R,7
14806,Delta7,Delta7(PB15)_L8R1R9_L,L,glutamate,16234,Delta7,Delta7(PB15)_L1L9R8_R,R,7
11307,EPG,EPG(PB08)_L4,L,acetylcholine,16234,Delta7,Delta7(PB15)_L1L9R8_R,R,7
36201,FC2A,FC2A_C4_L,L,acetylcholine,71855,FC2A,FC2A_C3_L,L,7
41559,FC2A,FC2A_C9_L,L,acetylcholine,36201,FC2A,FC2A_C4_L,L,7
13217,EPG,EPG(PB08)_L8,L,acetylcholine,84758,EPG,EPG(PB08)_L7,L,7
533725,Delta7,Delta7(PB15)_L8R1R9_L,L,glutamate,17753,Delta7,Delta7(PB15)_L7R3_L,L,7
515294,Delta7,Delta7(PB15)_L5R4_L,L,glutamate,17753,Delta7,Delta7(PB15)_L7R3_L,L,7
35324,Delta7,Delta7(PB15)_L5R4_L,L,glutamate,17753,Delta7,Delta7(PB15)_L7R3_L,L,7
11503,EPG,EPG(PB08)_R8,R,acetylcholine,17753,Delta7,Delta7(PB15)_L7R3_L,L,7
512513,EPG,EPG(PB08)_R1,R,acetylcholine,522994,Delta7,Delta7(PB15)_L6R3_L,L,7
17379,Delta7,Delta7(PB15)_L4R5_R,R,glutamate,522994,Delta7,Delta7(PB15)_L6R3_L,L,7
15409,Delta7,Delta7(PB15)_L8R1R9_L,L,glutamate,522994,Delta7,Delta7(PB15)_L6R3_L,L,7
16110,Delta7,Delta7(PB15)_L3R6_R,R,glutamate,520818,EPG,EPG(PB08)_L4,L,7
519331,Delta7,Delta7(PB15)_L3R7_R,R,glutamate,88342,EPG,EPG(PB08)_L3,L,7
19825,EPG,EPG(PB08)_R6,R,acetylcholine,88342,EPG,EPG(PB08)_L3,L,7
533725,Delta7,Delta7(PB15)_L8R1R9_L,L,glutamate,521409,EPG,EPG(PB08)_L8,L,7
512928,EPG,EPG(PB08)_R3,R,acetylcholine,513463,EPG,EPG(PB08)_R2,R,7
519332,Delta7,Delta7(PB15)_L2R7_R,R,glutamate,520812,EPG,EPG(PB08)_R8,R,7
92188,EPG,EPG(PB08)_R7,R,acetylcholine,520812,EPG,EPG(PB08)_R8,R,7
521813,EPG,EPG(PB08)_L2,L,acetylcholine,15409,Delta7,Delta7(PB15)_L8R1R9_L,L,7
15839,Delta7,Delta7(PB15)_L1L9R8_R,R,glutamate,15409,Delta7,Delta7(PB15)_L8R1R9_L,L,7
15713,EPG,EPG(PB08)_L6,L,acetylcholine,15409,Delta7,Delta7(PB15)_L8R1R9_L,L,7
15616,EPG,EPG(PB08)_R3,R,acetylcholine,15409,Delta7,Delta7(PB15)_L8R1R9_L,L,7
14507,EPG,EPG(PB08)_R7,R,acetylcholine,15409,Delta7,Delta7(PB15)_L8R1R9_L,L,7
515233,FC2B,FC2B_C2_R,R,acetylcholine,526406,FC2A,FC2A_C2_R,R,7
519328,EPG,EPG(PB08)_L3,L,acetylcholine,19715,PFL2,PFL2(PB12b)_L4_C8,L,7
513034,PFL2,PFL2(PB12b)_L5_C9,L,acetylcholine,19715,PFL2,PFL2(PB12b)_L4_C8,L,7
132482,FC2C,FC2C_C9_L,L,acetylcholine,19715,PFL2,PFL2(PB12b)_L4_C8,L,7
122334,FC2C,FC2C_C7_L,L,acetylcholine,19715,PFL2,PFL2(PB12b)_L4_C8,L,7
529992,FC2C,FC2C_C1_R,R,acetylcholine,79549,PFL3,PFL3(PB12c)_R7_C1,R,7
29674,FC2A,FC2A_C2_L,L,acetylcholine,79549,PFL3,PFL3(PB12c)_R7_C1,R,7
18327,PFL3,PFL3(PB12c)_R2_C6,R,acetylcholine,79549,PFL3,PFL3(PB12c)_R7_C1,R,7
15851,Delta7,Delta7(PB15)_L6R4_L,L,glutamate,13031,PFL2,PFL2(PB12b)_R3_C3,R,7
513284,EPG,EPG(PB08)_R3,R,acetylcholine,520581,EPG,EPG(PB08)_R4,R,7
19125,EPG,EPG(PB08)_R5,R,acetylcholine,520581,EPG,EPG(PB08)_R4,R,7
68271,FC2B,FC2B_C7_L,L,acetylcholine,511842,PFL2,PFL2(PB12b)_L2_C6,L,7
15399,Delta7,Delta7(PB15)_L1L9R8_R,R,glutamate,511842,PFL2,PFL2(PB12b)_L2_C6,L,7
522853,PFL2,PFL2(PB12b)_R2_C4,R,acetylcholine,14729,PFL2,PFL2(PB12b)_R1_C5,R,7
546044,FC2C,FC2C_C3_R,R,acetylcholine,17000,PFL3,PFL3(PB12c)_L1_C3,L,7
519140,EPG,EPG(PB08)_L1,L,acetylcholine,17000,PFL3,PFL3(PB12c)_L1_C3,L,7
103466,FC2B,FC2B_C2_L,L,acetylcholine,17000,PFL3,PFL3(PB12c)_L1_C3,L,7
522853,PFL2,PFL2(PB12b)_R2_C4,R,acetylcholine,11673,PFL2,PFL2(PB12b)_R4_C2,R,7
89635,FC2B,FC2B_C3_R,R,acetylcholine,11673,PFL2,PFL2(PB12b)_R4_C2,R,7
15616,EPG,EPG(PB08)_R3,R,acetylcholine,11673,PFL2,PFL2(PB12b)_R4_C2,R,7
84758,EPG,EPG(PB08)_L7,L,acetylcholine,524074,Delta7,Delta7(PB15)_L5R4_L,L,7
515961,Delta7,Delta7(PB15)_L6R3_L,L,glutamate,556347,EPG,EPG(PB08)_R4,R,7
39538,FC2A,FC2A_C6_R,R,acetylcholine,56382,FC2A,FC2A_C6_L,L,7
515961,Delta7,Delta7(PB15)_L6R3_L,L,glutamate,17379,Delta7,Delta7(PB15)_L4R5_R,R,7
14816,Delta7,Delta7(PB15)_L6R4_L,L,glutamate,17379,Delta7,Delta7(PB15)_L4R5_R,R,7
11987,EPG,EPG(PB08)_R5,R,acetylcholine,17379,Delta7,Delta7(PB15)_L4R5_R,R,7
56905,FC2C,FC2C_C9_L,L,acetylcholine,18851,PFL3,PFL3(PB12c)_L1_C8_irreg,R,7
139763,FC2C,FC2C_C2_R,R,acetylcholine,51782,FC2C,FC2C_C2_R,R,6
520812,EPG,EPG(PB08)_R8,R,acetylcholine,92188,EPG,EPG(PB08)_R7,R,6
79549,PFL3,PFL3(PB12c)_R7_C1,R,acetylcholine,567101,PFL3,PFL3(PB12c)_R3_C5,R,6
68579,FC2C,FC2C_C5_R,R,acetylcholine,567101,PFL3,PFL3(PB12c)_R3_C5,R,6
19009,PFL3,PFL3(PB12c)_L2_C9_irreg,R,acetylcholine,567101,PFL3,PFL3(PB12c)_R3_C5,R,6
520581,EPG,EPG(PB08)_R4,R,acetylcholine,16412,Delta7,Delta7(PB15)_L7R2_L,L,6
15839,Delta7,Delta7(PB15)_L1L9R8_R,R,glutamate,16412,Delta7,Delta7(PB15)_L7R2_L,L,6
56382,FC2A,FC2A_C6_L,L,acetylcholine,39538,FC2A,FC2A_C6_R,R,6
517417,Delta7,Delta7(PB15)_L6R3_L,L,glutamate,16553,Delta7,Delta7(PB15)_L5R4_L,L,6
131313,EPG,EPG(PB08)_R6,R,acetylcholine,16553,Delta7,Delta7(PB15)_L5R4_L,L,6
88342,EPG,EPG(PB08)_L3,L,acetylcholine,16553,Delta7,Delta7(PB15)_L5R4_L,L,6
84758,EPG,EPG(PB08)_L7,L,acetylcholine,16553,Delta7,Delta7(PB15)_L5R4_L,L,6
17753,Delta7,Delta7(PB15)_L7R3_L,L,glutamate,16553,Delta7,Delta7(PB15)_L5R4_L,L,6
15904,Delta7,Delta7(PB15)_L4R5_R,R,glutamate,16553,Delta7,Delta7(PB15)_L5R4_L,L,6
515961,Delta7,Delta7(PB15)_L6R3_L,L,glutamate,513284,EPG,EPG(PB08)_R3,R,6
15851,Delta7,Delta7(PB15)_L6R4_L,L,glutamate,513284,EPG,EPG(PB08)_R3,R,6
521409,EPG,EPG(PB08)_L8,L,acetylcholine,17143,Delta7,Delta7(PB15)_L2R7_R,R,6
519140,EPG,EPG(PB08)_L1,L,acetylcholine,17143,Delta7,Delta7(PB15)_L2R7_R,R,6
16110,Delta7,Delta7(PB15)_L3R6_R,R,glutamate,17143,Delta7,Delta7(PB15)_L2R7_R,R,6
15399,Delta7,Delta7(PB15)_L1L9R8_R,R,glutamate,17143,Delta7,Delta7(PB15)_L2R7_R,R,6
11503,EPG,EPG(PB08)_R8,R,acetylcholine,17143,Delta7,Delta7(PB15)_L2R7_R,R,6
513517,EPG,EPG(PB08)_L4,L,acetylcholine,519331,Delta7,Delta7(PB15)_L3R7_R,R,6
511841,Delta7,Delta7(PB15)_L2R7_R,R,glutamate,519331,Delta7,Delta7(PB15)_L3R7_R,R,6
16110,Delta7,Delta7(PB15)_L3R6_R,R,glutamate,519331,Delta7,Delta7(PB15)_L3R7_R,R,6
15399,Delta7,Delta7(PB15)_L1L9R8_R,R,glutamate,519331,Delta7,Delta7(PB15)_L3R7_R,R,6
14727,EPG,EPG(PB08)_L7,L,acetylcholine,519331,Delta7,Delta7(PB15)_L3R7_R,R,6
10513,Delta7,Delta7(PB15)_L3R6_R,R,glutamate,519331,Delta7,Delta7(PB15)_L3R7_R,R,6
512513,EPG,EPG(PB08)_R1,R,acetylcholine,513464,EPG,EPG(PB08)_R8,R,6
519140,EPG,EPG(PB08)_L1,L,acetylcholine,524073,EPG,EPG(PB08)_L2,L,6
512514,EPG,EPG(PB08)_L1,L,acetylcholine,524073,EPG,EPG(PB08)_L2,L,6
434891,Delta7,Delta7(PB15)_L3R7_R,R,glutamate,520811,PFL3,PFL3(PB12c)_R6_C2,R,6
17379,Delta7,Delta7(PB15)_L4R5_R,R,glutamate,11307,EPG,EPG(PB08)_L4,L,6
16110,Delta7,Delta7(PB15)_L3R6_R,R,glutamate,11307,EPG,EPG(PB08)_L4,L,6
15398,Delta7,Delta7(PB15)_L4R5_R,R,glutamate,11307,EPG,EPG(PB08)_L4,L,6
519941,EPG,EPG(PB08)_L3,L,acetylcholine,521812,EPG,EPG(PB08)_R7,R,6
520812,EPG,EPG(PB08)_R8,R,acetylcholine,14806,Delta7,Delta7(PB15)_L8R1R9_L,L,6
16869,Delta7,Delta7(PB15)_L7R3_L,L,glutamate,14806,Delta7,Delta7(PB15)_L8R1R9_L,L,6
524073,EPG,EPG(PB08)_L2,L,acetylcholine,512514,EPG,EPG(PB08)_L1,L,6
11184,Delta7,Delta7(PB15)_L1L9R8_R,R,glutamate,512514,EPG,EPG(PB08)_L1,L,6
521812,EPG,EPG(PB08)_R7,R,acetylcholine,17804,Delta7,Delta7(PB15)_L7R2_L,L,6
519331,Delta7,Delta7(PB15)_L3R7_R,R,glutamate,16540,Delta7,Delta7(PB15)_L2R7_R,R,6
84758,EPG,EPG(PB08)_L7,L,acetylcholine,16540,Delta7,Delta7(PB15)_L2R7_R,R,6
15495,Delta7,Delta7(PB15)_L3R6_R,R,glutamate,16540,Delta7,Delta7(PB15)_L2R7_R,R,6
11184,Delta7,Delta7(PB15)_L1L9R8_R,R,glutamate,16540,Delta7,Delta7(PB15)_L2R7_R,R,6
519941,EPG,EPG(PB08)_L3,L,acetylcholine,15495,Delta7,Delta7(PB15)_L3R6_R,R,6
529318,Delta7,Delta7(PB15)_L4R5_R,R,glutamate,14816,Delta7,Delta7(PB15)_L6R4_L,L,6
524074,Delta7,Delta7(PB15)_L5R4_L,L,glutamate,14816,Delta7,Delta7(PB15)_L6R4_L,L,6
521409,EPG,EPG(PB08)_L8,L,acetylcholine,14816,Delta7,Delta7(PB15)_L6R4_L,L,6
35324,Delta7,Delta7(PB15)_L5R4_L,L,glutamate,14816,Delta7,Delta7(PB15)_L6R4_L,L,6
15904,Delta7,Delta7(PB15)_L4R5_R,R,glutamate,14816,Delta7,Delta7(PB15)_L6R4_L,L,6
15398,Delta7,Delta7(PB15)_L4R5_R,R,glutamate,14816,Delta7,Delta7(PB15)_L6R4_L,L,6
513463,EPG,EPG(PB08)_R2,R,acetylcholine,13217,EPG,EPG(PB08)_L8,L,6
14806,Delta7,Delta7(PB15)_L8R1R9_L,L,glutamate,13217,EPG,EPG(PB08)_L8,L,6
520812,EPG,EPG(PB08)_R8,R,acetylcholine,533725,Delta7,Delta7(PB15)_L8R1R9_L,L,6
519332,Delta7,Delta7(PB15)_L2R7_R,R,glutamate,533725,Delta7,Delta7(PB15)_L8R1R9_L,L,6
519328,EPG,EPG(PB08)_L3,L,acetylcholine,533725,Delta7,Delta7(PB15)_L8R1R9_L,L,6
556347,EPG,EPG(PB08)_R4,R,acetylcholine,15616,EPG,EPG(PB08)_R3,R,6
568155,Delta7,Delta7(PB15)_L8R1R9_L,L,glutamate,18639,Delta7,Delta7(PB15)_L7R2_L,L,6
524073,EPG,EPG(PB08)_L2,L,acetylcholine,18639,Delta7,Delta7(PB15)_L7R2_L,L,6
515961,Delta7,Delta7(PB15)_L6R3_L,L,glutamate,18639,Delta7,Delta7(PB15)_L7R2_L,L,6
92188,EPG,EPG(PB08)_R7,R,acetylcholine,18639,Delta7,Delta7(PB15)_L7R2_L,L,6
521409,EPG,EPG(PB08)_L8,L,acetylcholine,14727,EPG,EPG(PB08)_L7,L,6
19715,PFL2,PFL2(PB12b)_L4_C8,L,acetylcholine,11557,PFL2,PFL2(PB12b)_L3_C7,L,6
513033,EPG,EPG(PB08)_L8,L,acetylcholine,515675,EPG,EPG(PB08)_R1,R,6
16234,Delta7,Delta7(PB15)_L1L9R8_R,R,glutamate,515675,EPG,EPG(PB08)_R1,R,6
529318,Delta7,Delta7(PB15)_L4R5_R,R,glutamate,18823,Delta7,Delta7(PB15)_L4R5_R,R,6
524074,Delta7,Delta7(PB15)_L5R4_L,L,glutamate,18823,Delta7,Delta7(PB15)_L4R5_R,R,6
16553,Delta7,Delta7(PB15)_L5R4_L,L,glutamate,18823,Delta7,Delta7(PB15)_L4R5_R,R,6
16360,EPG,EPG(PB08)_L6,L,acetylcholine,18823,Delta7,Delta7(PB15)_L4R5_R,R,6
511842,PFL2,PFL2(PB12b)_L2_C6,L,acetylcholine,27492,PFL2,PFL2(PB12b)_L3_C7,L,6
14729,PFL2,PFL2(PB12b)_R1_C5,R,acetylcholine,27492,PFL2,PFL2(PB12b)_L3_C7,L,6
11557,PFL2,PFL2(PB12b)_L3_C7,L,acetylcholine,27492,PFL2,PFL2(PB12b)_L3_C7,L,6
519144,EPG,EPG(PB08)_L8,L,acetylcholine,434891,Delta7,Delta7(PB15)_L3R7_R,R,6
17379,Delta7,Delta7(PB15)_L4R5_R,R,glutamate,434891,Delta7,Delta7(PB15)_L3R7_R,R,6
11989,EPG,EPG(PB08)_L5,L,acetylcholine,434891,Delta7,Delta7(PB15)_L3R7_R,R,6
11307,EPG,EPG(PB08)_L4,L,acetylcholine,434891,Delta7,Delta7(PB15)_L3R7_R,R,6
11184,Delta7,Delta7(PB15)_L1L9R8_R,R,glutamate,434891,Delta7,Delta7(PB15)_L3R7_R,R,6
519332,Delta7,Delta7(PB15)_L2R7_R,R,glutamate,15839,Delta7,Delta7(PB15)_L1L9R8_R,R,6
519941,EPG,EPG(PB08)_L3,L,acetylcholine,513517,EPG,EPG(PB08)_L4,L,6
16110,Delta7,Delta7(PB15)_L3R6_R,R,glutamate,513517,EPG,EPG(PB08)_L4,L,6
108286,FC2C,FC2C_C7_R,R,acetylcholine,550660,FC2C,FC2C_C7_R,R,6
513032,PFL3,PFL3(PB12c)_L5_C7,L,acetylcholine,15210,PFL3,PFL3(PB12c)_R2_C1_irreg,L,6
17290,PFL3,PFL3(PB12c)_L6_C8,L,acetylcholine,15210,PFL3,PFL3(PB12c)_R2_C1_irreg,L,6
15654,Delta7,Delta7(PB15)_L8R1R9_L,L,glutamate,519140,EPG,EPG(PB08)_L1,L,6
521812,EPG,EPG(PB08)_R7,R,acetylcholine,519328,EPG,EPG(PB08)_L3,L,6
92188,EPG,EPG(PB08)_R7,R,acetylcholine,519328,EPG,EPG(PB08)_L3,L,6
519332,Delta7,Delta7(PB15)_L2R7_R,R,glutamate,512305,EPG,EPG(PB08)_R8,R,6
29836,PFL3,PFL3(PB12c)_L4_C6,L,acetylcholine,17290,PFL3,PFL3(PB12c)_L6_C8,L,6
17024,Delta7,Delta7(PB15)_L5R4_L,L,glutamate,17290,PFL3,PFL3(PB12c)_L6_C8,L,6
434891,Delta7,Delta7(PB15)_L3R7_R,R,glutamate,16180,Delta7,Delta7(PB15)_L3R6_R,R,6
16553,Delta7,Delta7(PB15)_L5R4_L,L,glutamate,16180,Delta7,Delta7(PB15)_L3R6_R,R,6
11307,EPG,EPG(PB08)_L4,L,acetylcholine,16180,Delta7,Delta7(PB15)_L3R6_R,R,6
530071,PFL3,PFL3(PB12c)_L3_C5,L,acetylcholine,29836,PFL3,PFL3(PB12c)_L4_C6,L,6
434891,Delta7,Delta7(PB15)_L3R7_R,R,glutamate,513520,EPG,EPG(PB08)_R6,R,6
11987,EPG,EPG(PB08)_R5,R,acetylcholine,513520,EPG,EPG(PB08)_R6,R,6
534662,FC2C,FC2C_C8_R,R,acetylcholine,26038,PFL3,PFL3(PB12c)_L5_C7,L,6
530445,FC2B,FC2B_C6_L,L,acetylcholine,26038,PFL3,PFL3(PB12c)_L5_C7,L,6
35324,Delta7,Delta7(PB15)_L5R4_L,L,glutamate,523786,EPG,EPG(PB08)_R4,R,6
17024,Delta7,Delta7(PB15)_L5R4_L,L,glutamate,523786,EPG,EPG(PB08)_R4,R,6
16553,Delta7,Delta7(PB15)_L5R4_L,L,glutamate,523786,EPG,EPG(PB08)_R4,R,6
556347,EPG,EPG(PB08)_R4,R,acetylcholine,15904,Delta7,Delta7(PB15)_L4R5_R,R,6
521409,EPG,EPG(PB08)_L8,L,acetylcholine,15904,Delta7,Delta7(PB15)_L4R5_R,R,6
530445,FC2B,FC2B_C6_L,L,acetylcholine,35322,PFL3,PFL3(PB12c)_R1_C7,R,6
15399,Delta7,Delta7(PB15)_L1L9R8_R,R,glutamate,35322,PFL3,PFL3(PB12c)_R1_C7,R,6
140794,FC2C,FC2C_C3_R,R,acetylcholine,26488,PFL3,PFL3(PB12c)_R5_C3,R,6
18803,PFL3,PFL3(PB12c)_R1_C7,R,acetylcholine,26488,PFL3,PFL3(PB12c)_R5_C3,R,6
529318,Delta7,Delta7(PB15)_L4R5_R,R,glutamate,517417,Delta7,Delta7(PB15)_L6R3_L,L,6
514126,EPG,EPG(PB08)_R5,R,acetylcholine,517417,Delta7,Delta7(PB15)_L6R3_L,L,6
513284,EPG,EPG(PB08)_R3,R,acetylcholine,517417,Delta7,Delta7(PB15)_L6R3_L,L,6
550660,FC2C,FC2C_C7_R,R,acetylcholine,18803,PFL3,PFL3(PB12c)_R1_C7,R,6
518378,PFL3,PFL3(PB12c)_R5_C3,R,acetylcholine,18803,PFL3,PFL3(PB12c)_R1_C7,R,6
513266,PFL3,PFL3(PB12c)_R3_C5,R,acetylcholine,18803,PFL3,PFL3(PB12c)_R1_C7,R,6
56382,FC2A,FC2A_C6_L,L,acetylcholine,18803,PFL3,PFL3(PB12c)_R1_C7,R,6
50431,FC2C,FC2C_C8_R,R,acetylcholine,18803,PFL3,PFL3(PB12c)_R1_C7,R,6
15851,Delta7,Delta7(PB15)_L6R4_L,L,glutamate,16476,Delta7,Delta7(PB15)_L7R2_L,L,6
15409,Delta7,Delta7(PB15)_L8R1R9_L,L,glutamate,16476,Delta7,Delta7(PB15)_L7R2_L,L,6
524074,Delta7,Delta7(PB15)_L5R4_L,L,glutamate,515961,Delta7,Delta7(PB15)_L6R3_L,L,6
139763,FC2C,FC2C_C2_R,R,acetylcholine,520573,PFL2,PFL2(PB12b)_R5_C1,R,6
19715,PFL2,PFL2(PB12b)_L4_C8,L,acetylcholine,520573,PFL2,PFL2(PB12b)_R5_C1,R,6
14729,PFL2,PFL2(PB12b)_R1_C5,R,acetylcholine,520573,PFL2,PFL2(PB12b)_R5_C1,R,6
11673,PFL2,PFL2(PB12b)_R4_C2,R,acetylcholine,520573,PFL2,PFL2(PB12b)_R5_C1,R,6
11503,EPG,EPG(PB08)_R8,R,acetylcholine,512513,EPG,EPG(PB08)_R1,R,6
11184,Delta7,Delta7(PB15)_L1L9R8_R,R,glutamate,512513,EPG,EPG(PB08)_R1,R,6
101011,FC2C,FC2C_C6_R,R,acetylcholine,513266,PFL3,PFL3(PB12c)_R3_C5,R,6
140794,FC2C,FC2C_C3_R,R,acetylcholine,523032,PFL3,PFL3(PB12c)_L2_C4,L,6
108478,PFL3,PFL3(PB12c)_L1_C3,L,acetylcholine,523032,PFL3,PFL3(PB12c)_L2_C4,L,6
519331,Delta7,Delta7(PB15)_L3R7_R,R,glutamate,15399,Delta7,Delta7(PB15)_L1L9R8_R,R,6
511841,Delta7,Delta7(PB15)_L2R7_R,R,glutamate,15399,Delta7,Delta7(PB15)_L1L9R8_R,R,6
16476,Delta7,Delta7(PB15)_L7R2_L,L,glutamate,15399,Delta7,Delta7(PB15)_L1L9R8_R,R,6
241046,FC2B,FC2B_C4_R,R,acetylcholine,530071,PFL3,PFL3(PB12c)_L3_C5,L,6
15210,PFL3,PFL3(PB12c)_R2_C1_irreg,L,acetylcholine,530071,PFL3,PFL3(PB12c)_L3_C5,L,6
519328,EPG,EPG(PB08)_L3,L,acetylcholine,511841,Delta7,Delta7(PB15)_L2R7_R,R,6
513033,EPG,EPG(PB08)_L8,L,acetylcholine,511841,Delta7,Delta7(PB15)_L2R7_R,R,6
16110,Delta7,Delta7(PB15)_L3R6_R,R,glutamate,511841,Delta7,Delta7(PB15)_L2R7_R,R,6
560327,FC2A,FC2A_C3_R,R,acetylcholine,522853,PFL2,PFL2(PB12b)_R2_C4,R,6
236557,FC2C,FC2C_C3_R,R,acetylcholine,522853,PFL2,PFL2(PB12b)_R2_C4,R,6
11989,EPG,EPG(PB08)_L5,L,acetylcholine,15713,EPG,EPG(PB08)_L6,L,6
519331,Delta7,Delta7(PB15)_L3R7_R,R,glutamate,521813,EPG,EPG(PB08)_L2,L,6
513464,EPG,EPG(PB08)_R8,R,acetylcholine,521813,EPG,EPG(PB08)_L2,L,6
520818,EPG,EPG(PB08)_L4,L,acetylcholine,19125,EPG,EPG(PB08)_R5,R,6
122167,FC2C,FC2C_C7_R,R,acetylcholine,18327,PFL3,PFL3(PB12c)_R2_C6,R,6
513464,EPG,EPG(PB08)_R8,R,acetylcholine,16110,Delta7,Delta7(PB15)_L3R6_R,R,6
11987,EPG,EPG(PB08)_R5,R,acetylcholine,16110,Delta7,Delta7(PB15)_L3R6_R,R,6
520812,EPG,EPG(PB08)_R8,R,acetylcholine,15654,Delta7,Delta7(PB15)_L8R1R9_L,L,6
519332,Delta7,Delta7(PB15)_L2R7_R,R,glutamate,15654,Delta7,Delta7(PB15)_L8R1R9_L,L,6
15837,Delta7,Delta7(PB15)_L1L9R8_R,R,glutamate,15654,Delta7,Delta7(PB15)_L8R1R9_L,L,6
15713,EPG,EPG(PB08)_L6,L,acetylcholine,15654,Delta7,Delta7(PB15)_L8R1R9_L,L,6
524977,FC2C,FC2C_C3_L,L,acetylcholine,518375,PFL2,PFL2(PB12b)_R3_C3,R,6
13031,PFL2,PFL2(PB12b)_R3_C3,R,acetylcholine,518375,PFL2,PFL2(PB12b)_R3_C3,R,6
108478,PFL3,PFL3(PB12c)_L1_C3,L,acetylcholine,519346,PFL3,PFL3(PB12c)_L7_C9,L,6
64270,FC2C,FC2C_C8_L,L,acetylcholine,519346,PFL3,PFL3(PB12c)_L7_C9,L,6
33382,FC2A,FC2A_C8_R,R,acetylcholine,519346,PFL3,PFL3(PB12c)_L7_C9,L,6
15409,Delta7,Delta7(PB15)_L8R1R9_L,L,glutamate,519346,PFL3,PFL3(PB12c)_L7_C9,L,6
515233,FC2B,FC2B_C2_R,R,acetylcholine,108478,PFL3,PFL3(PB12c)_L1_C3,L,6
514126,EPG,EPG(PB08)_R5,R,acetylcholine,519332,Delta7,Delta7(PB15)_L2R7_R,R,6
35324,Delta7,Delta7(PB15)_L5R4_L,L,glutamate,519332,Delta7,Delta7(PB15)_L2R7_R,R,6
529318,Delta7,Delta7(PB15)_L4R5_R,R,glutamate,16869,Delta7,Delta7(PB15)_L7R3_L,L,6
520812,EPG,EPG(PB08)_R8,R,acetylcholine,16869,Delta7,Delta7(PB15)_L7R3_L,L,6
16476,Delta7,Delta7(PB15)_L7R2_L,L,glutamate,16869,Delta7,Delta7(PB15)_L7R3_L,L,6
523032,PFL3,PFL3(PB12c)_L2_C4,L,acetylcholine,513032,PFL3,PFL3(PB12c)_L5_C7,L,6
524073,EPG,EPG(PB08)_L2,L,acetylcholine,568155,Delta7,Delta7(PB15)_L8R1R9_L,L,6
511842,PFL2,PFL2(PB12b)_L2_C6,L,acetylcholine,513034,PFL2,PFL2(PB12b)_L5_C9,L,6
14816,Delta7,Delta7(PB15)_L6R4_L,L,glutamate,513034,PFL2,PFL2(PB12b)_L5_C9,L,6
530071,PFL3,PFL3(PB12c)_L3_C5,L,acetylcholine,17286,PFL3,PFL3(PB12c)_R1_C2_irreg,L,6
55415,FC2B,FC2B_C1_R,R,acetylcholine,17286,PFL3,PFL3(PB12c)_R1_C2_irreg,L,6
16476,Delta7,Delta7(PB15)_L7R2_L,L,glutamate,17286,PFL3,PFL3(PB12c)_R1_C2_irreg,L,6
513463,EPG,EPG(PB08)_R2,R,acetylcholine,512928,EPG,EPG(PB08)_R3,R,6
522853,PFL2,PFL2(PB12b)_R2_C4,R,acetylcholine,13490,PFL2,PFL2(PB12b)_L1_C5,L,6
11673,PFL2,PFL2(PB12b)_R4_C2,R,acetylcholine,13490,PFL2,PFL2(PB12b)_L1_C5,L,6
23159,PFL3,PFL3(PB12c)_R4_C4,R,acetylcholine,19009,PFL3,PFL3(PB12c)_L2_C9_irreg,R,6
18327,PFL3,PFL3(PB12c)_R2_C6,R,acetylcholine,19009,PFL3,PFL3(PB12c)_L2_C9_irreg,R,6
513520,EPG,EPG(PB08)_R6,R,acetylcholine,15837,Delta7,Delta7(PB15)_L1L9R8_R,R,6
16412,Delta7,Delta7(PB15)_L7R2_L,L,glutamate,15837,Delta7,Delta7(PB15)_L1L9R8_R,R,6
19125,EPG,EPG(PB08)_R5,R,acetylcholine,15398,Delta7,Delta7(PB15)_L4R5_R,R,6
512928,EPG,EPG(PB08)_R3,R,acetylcholine,17024,Delta7,Delta7(PB15)_L5R4_L,L,6
17379,Delta7,Delta7(PB15)_L4R5_R,R,glutamate,17024,Delta7,Delta7(PB15)_L5R4_L,L,6
14816,Delta7,Delta7(PB15)_L6R4_L,L,glutamate,17024,Delta7,Delta7(PB15)_L5R4_L,L,6
556346,EPG,EPG(PB08)_L6,L,acetylcholine,12449,EPG,EPG(PB08)_L5,L,6
17379,Delta7,Delta7(PB15)_L4R5_R,R,glutamate,12449,EPG,EPG(PB08)_L5,L,6
141430,FC2C,FC2C_C3_R,R,acetylcholine,23159,PFL3,PFL3(PB12c)_R4_C4,R,6
137990,FC2B,FC2B_C3_L,L,acetylcholine,23159,PFL3,PFL3(PB12c)_R4_C4,R,6
17804,Delta7,Delta7(PB15)_L7R2_L,L,glutamate,23159,PFL3,PFL3(PB12c)_R4_C4,R,6
532704,FC2A,FC2A_C1_R,R,acetylcholine,560327,FC2A,FC2A_C3_R,R,6
39538,FC2A,FC2A_C6_R,R,acetylcholine,45876,FC2A,FC2A_C7_R,R,6
530445,FC2B,FC2B_C6_L,L,acetylcholine,519351,PFL3,PFL3(PB12c)_L4_C5,L,6
519328,EPG,EPG(PB08)_L3,L,acetylcholine,519351,PFL3,PFL3(PB12c)_L4_C5,L,6
131273,FC2A,FC2A_C5_R,R,acetylcholine,519351,PFL3,PFL3(PB12c)_L4_C5,L,6
85400,FC2B,FC2B_C7_R,R,acetylcholine,519351,PFL3,PFL3(PB12c)_L4_C5,L,6
522994,Delta7,Delta7(PB15)_L6R3_L,L,glutamate,515294,Delta7,Delta7(PB15)_L5R4_L,L,6
19825,EPG,EPG(PB08)_R6,R,acetylcholine,515294,Delta7,Delta7(PB15)_L5R4_L,L,6
16869,Delta7,Delta7(PB15)_L7R3_L,L,glutamate,515294,Delta7,Delta7(PB15)_L5R4_L,L,6
36201,FC2A,FC2A_C4_L,L,acetylcholine,137299,FC2A,FC2A_C5_L,L,6
519331,Delta7,Delta7(PB15)_L3R7_R,R,glutamate,11184,Delta7,Delta7(PB15)_L1L9R8_R,R,6
16540,Delta7,Delta7(PB15)_L2R7_R,R,glutamate,11184,Delta7,Delta7(PB15)_L1L9R8_R,R,6
149740,FC2B,FC2B_C9_L,L,acetylcholine,41559,FC2A,FC2A_C9_L,L,6
88342,EPG,EPG(PB08)_L3,L,acetylcholine,35324,Delta7,Delta7(PB15)_L5R4_L,L,6
36201,FC2A,FC2A_C4_L,L,acetylcholine,40179,FC2A,FC2A_C7_L,L,6
15409,Delta7,Delta7(PB15)_L8R1R9_L,L,glutamate,16234,Delta7,Delta7(PB15)_L1L9R8_R,R,6
23159,PFL3,PFL3(PB12c)_R4_C4,R,acetylcholine,36201,FC2A,FC2A_C4_L,L,6
15616,EPG,EPG(PB08)_R3,R,acetylcholine,84758,EPG,EPG(PB08)_L7,L,6
18639,Delta7,Delta7(PB15)_L7R2_L,L,glutamate,17753,Delta7,Delta7(PB15)_L7R3_L,L,6
11989,EPG,EPG(PB08)_L5,L,acetylcholine,17753,Delta7,Delta7(PB15)_L7R3_L,L,6
515294,Delta7,Delta7(PB15)_L5R4_L,L,glutamate,522994,Delta7,Delta7(PB15)_L6R3_L,L,6
35324,Delta7,Delta7(PB15)_L5R4_L,L,glutamate,522994,Delta7,Delta7(PB15)_L6R3_L,L,6
19125,EPG,EPG(PB08)_R5,R,acetylcholine,522994,Delta7,Delta7(PB15)_L6R3_L,L,6
17804,Delta7,Delta7(PB15)_L7R2_L,L,glutamate,522994,Delta7,Delta7(PB15)_L6R3_L,L,6
13217,EPG,EPG(PB08)_L8,L,acetylcholine,522994,Delta7,Delta7(PB15)_L6R3_L,L,6
14509,Delta7,Delta7(PB15)_L4R6_R,R,glutamate,514126,EPG,EPG(PB08)_R5,R,6
524073,EPG,EPG(PB08)_L2,L,acetylcholine,520818,EPG,EPG(PB08)_L4,L,6
519328,EPG,EPG(PB08)_L3,L,acetylcholine,520818,EPG,EPG(PB08)_L4,L,6
16360,EPG,EPG(PB08)_L6,L,acetylcholine,520818,EPG,EPG(PB08)_L4,L,6
11987,EPG,EPG(PB08)_R5,R,acetylcholine,520818,EPG,EPG(PB08)_L4,L,6
15654,Delta7,Delta7(PB15)_L8R1R9_L,L,glutamate,521409,EPG,EPG(PB08)_L8,L,6
14806,Delta7,Delta7(PB15)_L8R1R9_L,L,glutamate,513463,EPG,EPG(PB08)_R2,R,6
13217,EPG,EPG(PB08)_L8,L,acetylcholine,513463,EPG,EPG(PB08)_R2,R,6
556346,EPG,EPG(PB08)_L6,L,acetylcholine,15409,Delta7,Delta7(PB15)_L8R1R9_L,L,6
16234,Delta7,Delta7(PB15)_L1L9R8_R,R,glutamate,15409,Delta7,Delta7(PB15)_L8R1R9_L,L,6
532704,FC2A,FC2A_C1_R,R,acetylcholine,526406,FC2A,FC2A_C2_R,R,6
27492,PFL2,PFL2(PB12b)_L3_C7,L,acetylcholine,19715,PFL2,PFL2(PB12b)_L4_C8,L,6
11989,EPG,EPG(PB08)_L5,L,acetylcholine,19715,PFL2,PFL2(PB12b)_L4_C8,L,6
567101,PFL3,PFL3(PB12c)_R3_C5,R,acetylcholine,79549,PFL3,PFL3(PB12c)_R7_C1,R,6
67361,FC2B,FC2B_C2_R,R,acetylcholine,79549,PFL3,PFL3(PB12c)_R7_C1,R,6
51782,FC2C,FC2C_C2_R,R,acetylcholine,79549,PFL3,PFL3(PB12c)_R7_C1,R,6
19009,PFL3,PFL3(PB12c)_L2_C9_irreg,R,acetylcholine,79549,PFL3,PFL3(PB12c)_R7_C1,R,6
18803,PFL3,PFL3(PB12c)_R1_C7,R,acetylcholine,79549,PFL3,PFL3(PB12c)_R7_C1,R,6
11184,Delta7,Delta7(PB15)_L1L9R8_R,R,glutamate,79549,PFL3,PFL3(PB12c)_R7_C1,R,6
526406,FC2A,FC2A_C2_R,R,acetylcholine,13031,PFL2,PFL2(PB12b)_R3_C3,R,6
519358,FC2B,FC2B_C4_R,R,acetylcholine,13031,PFL2,PFL2(PB12b)_R3_C3,R,6
515961,Delta7,Delta7(PB15)_L6R3_L,L,glutamate,13031,PFL2,PFL2(PB12b)_R3_C3,R,6
27492,PFL2,PFL2(PB12b)_L3_C7,L,acetylcholine,13031,PFL2,PFL2(PB12b)_R3_C3,R,6
15851,Delta7,Delta7(PB15)_L6R4_L,L,glutamate,520581,EPG,EPG(PB08)_R4,R,6
15616,EPG,EPG(PB08)_R3,R,acetylcholine,520581,EPG,EPG(PB08)_R4,R,6
11989,EPG,EPG(PB08)_L5,L,acetylcholine,11987,EPG,EPG(PB08)_R5,R,6
520573,PFL2,PFL2(PB12b)_R5_C1,R,acetylcholine,511842,PFL2,PFL2(PB12b)_L2_C6,L,6
434891,Delta7,Delta7(PB15)_L3R7_R,R,glutamate,511842,PFL2,PFL2(PB12b)_L2_C6,L,6
27492,PFL2,PFL2(PB12b)_L3_C7,L,acetylcholine,511842,PFL2,PFL2(PB12b)_L2_C6,L,6
14729,PFL2,PFL2(PB12b)_R1_C5,R,acetylcholine,511842,PFL2,PFL2(PB12b)_L2_C6,L,6
518375,PFL2,PFL2(PB12b)_R3_C3,R,acetylcholine,14729,PFL2,PFL2(PB12b)_R1_C5,R,6
511842,PFL2,PFL2(PB12b)_L2_C6,L,acetylcholine,14729,PFL2,PFL2(PB12b)_R1_C5,R,6
148830,FC2C,FC2C_C5_R,R,acetylcholine,14729,PFL2,PFL2(PB12b)_R1_C5,R,6
39538,FC2A,FC2A_C6_R,R,acetylcholine,14729,PFL2,PFL2(PB12b)_R1_C5,R,6
13490,PFL2,PFL2(PB12b)_L1_C5,L,acetylcholine,14729,PFL2,PFL2(PB12b)_R1_C5,R,6
11673,PFL2,PFL2(PB12b)_R4_C2,R,acetylcholine,14729,PFL2,PFL2(PB12b)_R1_C5,R,6
519328,EPG,EPG(PB08)_L3,L,acetylcholine,524074,Delta7,Delta7(PB15)_L5R4_L,L,6
17379,Delta7,Delta7(PB15)_L4R5_R,R,glutamate,524074,Delta7,Delta7(PB15)_L5R4_L,L,6
16869,Delta7,Delta7(PB15)_L7R3_L,L,glutamate,524074,Delta7,Delta7(PB15)_L5R4_L,L,6
524073,EPG,EPG(PB08)_L2,L,acetylcholine,14507,EPG,EPG(PB08)_R7,R,6
522994,Delta7,Delta7(PB15)_L6R3_L,L,glutamate,529318,Delta7,Delta7(PB15)_L4R5_R,R,6
14727,EPG,EPG(PB08)_L7,L,acetylcholine,529318,Delta7,Delta7(PB15)_L4R5_R,R,6
529318,Delta7,Delta7(PB15)_L4R5_R,R,glutamate,10513,Delta7,Delta7(PB15)_L3R6_R,R,6
511841,Delta7,Delta7(PB15)_L2R7_R,R,glutamate,10513,Delta7,Delta7(PB15)_L3R6_R,R,6
521812,EPG,EPG(PB08)_R7,R,acetylcholine,519941,EPG,EPG(PB08)_L3,L,6
519332,Delta7,Delta7(PB15)_L2R7_R,R,glutamate,519941,EPG,EPG(PB08)_L3,L,6
519331,Delta7,Delta7(PB15)_L3R7_R,R,glutamate,17379,Delta7,Delta7(PB15)_L4R5_R,R,6
16110,Delta7,Delta7(PB15)_L3R6_R,R,glutamate,17379,Delta7,Delta7(PB15)_L4R5_R,R,6
74480,FC2C,FC2C_C9_R,R,acetylcholine,18851,PFL3,PFL3(PB12c)_L1_C8_irreg,R,6
57603,FC2C,FC2C_C9_L,L,acetylcholine,18851,PFL3,PFL3(PB12c)_L1_C8_irreg,R,6
19009,PFL3,PFL3(PB12c)_L2_C9_irreg,R,acetylcholine,18851,PFL3,PFL3(PB12c)_L1_C8_irreg,R,6
14806,Delta7,Delta7(PB15)_L8R1R9_L,L,glutamate,18851,PFL3,PFL3(PB12c)_L1_C8_irreg,R,6
18803,PFL3,PFL3(PB12c)_R1_C7,R,acetylcholine,567101,PFL3,PFL3(PB12c)_R3_C5,R,5
533725,Delta7,Delta7(PB15)_L8R1R9_L,L,glutamate,16412,Delta7,Delta7(PB15)_L7R2_L,L,5
522994,Delta7,Delta7(PB15)_L6R3_L,L,glutamate,16412,Delta7,Delta7(PB15)_L7R2_L,L,5
520812,EPG,EPG(PB08)_R8,R,acetylcholine,16412,Delta7,Delta7(PB15)_L7R2_L,L,5
512305,EPG,EPG(PB08)_R8,R,acetylcholine,16412,Delta7,Delta7(PB15)_L7R2_L,L,5
15851,Delta7,Delta7(PB15)_L6R4_L,L,glutamate,16412,Delta7,Delta7(PB15)_L7R2_L,L,5
526406,FC2A,FC2A_C2_R,R,acetylcholine,39538,FC2A,FC2A_C6_R,R,5
137299,FC2A,FC2A_C5_L,L,acetylcholine,39538,FC2A,FC2A_C6_R,R,5
520581,EPG,EPG(PB08)_R4,R,acetylcholine,16553,Delta7,Delta7(PB15)_L5R4_L,L,5
519328,EPG,EPG(PB08)_L3,L,acetylcholine,16553,Delta7,Delta7(PB15)_L5R4_L,L,5
11874,EPG,EPG(PB08)_L7,L,acetylcholine,16553,Delta7,Delta7(PB15)_L5R4_L,L,5
11307,EPG,EPG(PB08)_L4,L,acetylcholine,16553,Delta7,Delta7(PB15)_L5R4_L,L,5
556346,EPG,EPG(PB08)_L6,L,acetylcholine,17143,Delta7,Delta7(PB15)_L2R7_R,R,5
520818,EPG,EPG(PB08)_L4,L,acetylcholine,17143,Delta7,Delta7(PB15)_L2R7_R,R,5
19825,EPG,EPG(PB08)_R6,R,acetylcholine,17143,Delta7,Delta7(PB15)_L2R7_R,R,5
15837,Delta7,Delta7(PB15)_L1L9R8_R,R,glutamate,17143,Delta7,Delta7(PB15)_L2R7_R,R,5
14509,Delta7,Delta7(PB15)_L4R6_R,R,glutamate,17143,Delta7,Delta7(PB15)_L2R7_R,R,5
533725,Delta7,Delta7(PB15)_L8R1R9_L,L,glutamate,519331,Delta7,Delta7(PB15)_L3R7_R,R,5
520818,EPG,EPG(PB08)_L4,L,acetylcholine,519331,Delta7,Delta7(PB15)_L3R7_R,R,5
513464,EPG,EPG(PB08)_R8,R,acetylcholine,519331,Delta7,Delta7(PB15)_L3R7_R,R,5
18639,Delta7,Delta7(PB15)_L7R2_L,L,glutamate,519331,Delta7,Delta7(PB15)_L3R7_R,R,5
17379,Delta7,Delta7(PB15)_L4R5_R,R,glutamate,519331,Delta7,Delta7(PB15)_L3R7_R,R,5
16234,Delta7,Delta7(PB15)_L1L9R8_R,R,glutamate,519331,Delta7,Delta7(PB15)_L3R7_R,R,5
11989,EPG,EPG(PB08)_L5,L,acetylcholine,519331,Delta7,Delta7(PB15)_L3R7_R,R,5
11184,Delta7,Delta7(PB15)_L1L9R8_R,R,glutamate,519331,Delta7,Delta7(PB15)_L3R7_R,R,5
39538,FC2A,FC2A_C6_R,R,acetylcholine,55401,FC2A,FC2A_C9_R,R,5
567101,PFL3,PFL3(PB12c)_R3_C5,R,acetylcholine,520811,PFL3,PFL3(PB12c)_R6_C2,R,5
15398,Delta7,Delta7(PB15)_L4R5_R,R,glutamate,520811,PFL3,PFL3(PB12c)_R6_C2,R,5
66750,FC2C,FC2C_C4_R,R,acetylcholine,115674,FC2C,FC2C_C4_R,R,5
513464,EPG,EPG(PB08)_R8,R,acetylcholine,14806,Delta7,Delta7(PB15)_L8R1R9_L,L,5
17753,Delta7,Delta7(PB15)_L7R3_L,L,glutamate,14806,Delta7,Delta7(PB15)_L8R1R9_L,L,5
14806,Delta7,Delta7(PB15)_L8R1R9_L,L,glutamate,512514,EPG,EPG(PB08)_L1,L,5
568155,Delta7,Delta7(PB15)_L8R1R9_L,L,glutamate,17804,Delta7,Delta7(PB15)_L7R2_L,L,5
512513,EPG,EPG(PB08)_R1,R,acetylcholine,17804,Delta7,Delta7(PB15)_L7R2_L,L,5
107195,EPG,EPG(PB08)_L5,L,acetylcholine,17804,Delta7,Delta7(PB15)_L7R2_L,L,5
16110,Delta7,Delta7(PB15)_L3R6_R,R,glutamate,17804,Delta7,Delta7(PB15)_L7R2_L,L,5
15409,Delta7,Delta7(PB15)_L8R1R9_L,L,glutamate,17804,Delta7,Delta7(PB15)_L7R2_L,L,5
521813,EPG,EPG(PB08)_L2,L,acetylcholine,16540,Delta7,Delta7(PB15)_L2R7_R,R,5
520818,EPG,EPG(PB08)_L4,L,acetylcholine,16540,Delta7,Delta7(PB15)_L2R7_R,R,5
11874,EPG,EPG(PB08)_L7,L,acetylcholine,16540,Delta7,Delta7(PB15)_L2R7_R,R,5
519332,Delta7,Delta7(PB15)_L2R7_R,R,glutamate,15495,Delta7,Delta7(PB15)_L3R6_R,R,5
512305,EPG,EPG(PB08)_R8,R,acetylcholine,15495,Delta7,Delta7(PB15)_L3R6_R,R,5
88342,EPG,EPG(PB08)_L3,L,acetylcholine,15495,Delta7,Delta7(PB15)_L3R6_R,R,5
84758,EPG,EPG(PB08)_L7,L,acetylcholine,14816,Delta7,Delta7(PB15)_L6R4_L,L,5
519140,EPG,EPG(PB08)_L1,L,acetylcholine,13217,EPG,EPG(PB08)_L8,L,5
15409,Delta7,Delta7(PB15)_L8R1R9_L,L,glutamate,13217,EPG,EPG(PB08)_L8,L,5
41559,FC2A,FC2A_C9_L,L,acetylcholine,149740,FC2B,FC2B_C9_L,L,5
84758,EPG,EPG(PB08)_L7,L,acetylcholine,533725,Delta7,Delta7(PB15)_L8R1R9_L,L,5
17753,Delta7,Delta7(PB15)_L7R3_L,L,glutamate,533725,Delta7,Delta7(PB15)_L8R1R9_L,L,5
15616,EPG,EPG(PB08)_R3,R,acetylcholine,533725,Delta7,Delta7(PB15)_L8R1R9_L,L,5
521409,EPG,EPG(PB08)_L8,L,acetylcholine,18639,Delta7,Delta7(PB15)_L7R2_L,L,5
513033,EPG,EPG(PB08)_L8,L,acetylcholine,18639,Delta7,Delta7(PB15)_L7R2_L,L,5
15654,Delta7,Delta7(PB15)_L8R1R9_L,L,glutamate,18639,Delta7,Delta7(PB15)_L7R2_L,L,5
12449,EPG,EPG(PB08)_L5,L,acetylcholine,18639,Delta7,Delta7(PB15)_L7R2_L,L,5
10513,Delta7,Delta7(PB15)_L3R6_R,R,glutamate,18639,Delta7,Delta7(PB15)_L7R2_L,L,5
522853,PFL2,PFL2(PB12b)_R2_C4,R,acetylcholine,11557,PFL2,PFL2(PB12b)_L3_C7,L,5
109752,FC2C,FC2C_C9_R,R,acetylcholine,11557,PFL2,PFL2(PB12b)_L3_C7,L,5
74480,FC2C,FC2C_C9_R,R,acetylcholine,11557,PFL2,PFL2(PB12b)_L3_C7,L,5
11503,EPG,EPG(PB08)_R8,R,acetylcholine,515675,EPG,EPG(PB08)_R1,R,5
519941,EPG,EPG(PB08)_L3,L,acetylcholine,18823,Delta7,Delta7(PB15)_L4R5_R,R,5
15495,Delta7,Delta7(PB15)_L3R6_R,R,glutamate,18823,Delta7,Delta7(PB15)_L4R5_R,R,5
16110,Delta7,Delta7(PB15)_L3R6_R,R,glutamate,27492,PFL2,PFL2(PB12b)_L3_C7,L,5
10513,Delta7,Delta7(PB15)_L3R6_R,R,glutamate,27492,PFL2,PFL2(PB12b)_L3_C7,L,5
524074,Delta7,Delta7(PB15)_L5R4_L,L,glutamate,434891,Delta7,Delta7(PB15)_L3R7_R,R,5
519140,EPG,EPG(PB08)_L1,L,acetylcholine,434891,Delta7,Delta7(PB15)_L3R7_R,R,5
15839,Delta7,Delta7(PB15)_L1L9R8_R,R,glutamate,434891,Delta7,Delta7(PB15)_L3R7_R,R,5
568155,Delta7,Delta7(PB15)_L8R1R9_L,L,glutamate,15839,Delta7,Delta7(PB15)_L1L9R8_R,R,5
519331,Delta7,Delta7(PB15)_L3R7_R,R,glutamate,15839,Delta7,Delta7(PB15)_L1L9R8_R,R,5
519328,EPG,EPG(PB08)_L3,L,acetylcholine,15839,Delta7,Delta7(PB15)_L1L9R8_R,R,5
92188,EPG,EPG(PB08)_R7,R,acetylcholine,15839,Delta7,Delta7(PB15)_L1L9R8_R,R,5
56382,FC2A,FC2A_C6_L,L,acetylcholine,29674,FC2A,FC2A_C2_L,L,5
107195,EPG,EPG(PB08)_L5,L,acetylcholine,513517,EPG,EPG(PB08)_L4,L,5
56382,FC2A,FC2A_C6_L,L,acetylcholine,518606,FC2A,FC2A_C8_L,L,5
36201,FC2A,FC2A_C4_L,L,acetylcholine,518606,FC2A,FC2A_C8_L,L,5
518606,FC2A,FC2A_C8_L,L,acetylcholine,46169,FC2A,FC2A_C1_L,L,5
529318,Delta7,Delta7(PB15)_L4R5_R,R,glutamate,518378,PFL3,PFL3(PB12c)_R5_C3,R,5
530071,PFL3,PFL3(PB12c)_L3_C5,L,acetylcholine,15210,PFL3,PFL3(PB12c)_R2_C1_irreg,L,5
512513,EPG,EPG(PB08)_R1,R,acetylcholine,15210,PFL3,PFL3(PB12c)_R2_C1_irreg,L,5
139763,FC2C,FC2C_C2_R,R,acetylcholine,15210,PFL3,PFL3(PB12c)_R2_C1_irreg,L,5
108478,PFL3,PFL3(PB12c)_L1_C3,L,acetylcholine,15210,PFL3,PFL3(PB12c)_R2_C1_irreg,L,5
17286,PFL3,PFL3(PB12c)_R1_C2_irreg,L,acetylcholine,15210,PFL3,PFL3(PB12c)_R2_C1_irreg,L,5
15409,Delta7,Delta7(PB15)_L8R1R9_L,L,glutamate,15210,PFL3,PFL3(PB12c)_R2_C1_irreg,L,5
533725,Delta7,Delta7(PB15)_L8R1R9_L,L,glutamate,519140,EPG,EPG(PB08)_L1,L,5
15839,Delta7,Delta7(PB15)_L1L9R8_R,R,glutamate,519140,EPG,EPG(PB08)_L1,L,5
519140,EPG,EPG(PB08)_L1,L,acetylcholine,519328,EPG,EPG(PB08)_L3,L,5
512514,EPG,EPG(PB08)_L1,L,acetylcholine,512305,EPG,EPG(PB08)_R8,R,5
17804,Delta7,Delta7(PB15)_L7R2_L,L,glutamate,556346,EPG,EPG(PB08)_L6,L,5
14816,Delta7,Delta7(PB15)_L6R4_L,L,glutamate,556346,EPG,EPG(PB08)_L6,L,5
14727,EPG,EPG(PB08)_L7,L,acetylcholine,556346,EPG,EPG(PB08)_L6,L,5
534662,FC2C,FC2C_C8_R,R,acetylcholine,17290,PFL3,PFL3(PB12c)_L6_C8,L,5
108478,PFL3,PFL3(PB12c)_L1_C3,L,acetylcholine,17290,PFL3,PFL3(PB12c)_L6_C8,L,5
35324,Delta7,Delta7(PB15)_L5R4_L,L,glutamate,17290,PFL3,PFL3(PB12c)_L6_C8,L,5
17286,PFL3,PFL3(PB12c)_R1_C2_irreg,L,acetylcholine,17290,PFL3,PFL3(PB12c)_L6_C8,L,5
16553,Delta7,Delta7(PB15)_L5R4_L,L,glutamate,17290,PFL3,PFL3(PB12c)_L6_C8,L,5
11989,EPG,EPG(PB08)_L5,L,acetylcholine,17290,PFL3,PFL3(PB12c)_L6_C8,L,5
18823,Delta7,Delta7(PB15)_L4R5_R,R,glutamate,16180,Delta7,Delta7(PB15)_L3R6_R,R,5
12449,EPG,EPG(PB08)_L5,L,acetylcholine,16180,Delta7,Delta7(PB15)_L3R6_R,R,5
550660,FC2C,FC2C_C7_R,R,acetylcholine,29836,PFL3,PFL3(PB12c)_L4_C6,L,5
88342,EPG,EPG(PB08)_L3,L,acetylcholine,29836,PFL3,PFL3(PB12c)_L4_C6,L,5
88342,EPG,EPG(PB08)_L3,L,acetylcholine,513520,EPG,EPG(PB08)_R6,R,5
115261,FC2C,FC2C_C6_L,L,acetylcholine,26038,PFL3,PFL3(PB12c)_L5_C7,L,5
107195,EPG,EPG(PB08)_L5,L,acetylcholine,26038,PFL3,PFL3(PB12c)_L5_C7,L,5
17290,PFL3,PFL3(PB12c)_L6_C8,L,acetylcholine,26038,PFL3,PFL3(PB12c)_L5_C7,L,5
520581,EPG,EPG(PB08)_R4,R,acetylcholine,15904,Delta7,Delta7(PB15)_L4R5_R,R,5
17024,Delta7,Delta7(PB15)_L5R4_L,L,glutamate,15904,Delta7,Delta7(PB15)_L4R5_R,R,5
16360,EPG,EPG(PB08)_L6,L,acetylcholine,15904,Delta7,Delta7(PB15)_L4R5_R,R,5
14507,EPG,EPG(PB08)_R7,R,acetylcholine,15904,Delta7,Delta7(PB15)_L4R5_R,R,5
11503,EPG,EPG(PB08)_R8,R,acetylcholine,15904,Delta7,Delta7(PB15)_L4R5_R,R,5
567101,PFL3,PFL3(PB12c)_R3_C5,R,acetylcholine,35322,PFL3,PFL3(PB12c)_R1_C7,R,5
534662,FC2C,FC2C_C8_R,R,acetylcholine,35322,PFL3,PFL3(PB12c)_R1_C7,R,5
18327,PFL3,PFL3(PB12c)_R2_C6,R,acetylcholine,35322,PFL3,PFL3(PB12c)_R1_C7,R,5
79549,PFL3,PFL3(PB12c)_R7_C1,R,acetylcholine,26488,PFL3,PFL3(PB12c)_R5_C3,R,5
16476,Delta7,Delta7(PB15)_L7R2_L,L,glutamate,517417,Delta7,Delta7(PB15)_L6R3_L,L,5
15713,EPG,EPG(PB08)_L6,L,acetylcholine,517417,Delta7,Delta7(PB15)_L6R3_L,L,5
15616,EPG,EPG(PB08)_R3,R,acetylcholine,517417,Delta7,Delta7(PB15)_L6R3_L,L,5
15398,Delta7,Delta7(PB15)_L4R5_R,R,glutamate,517417,Delta7,Delta7(PB15)_L6R3_L,L,5
112888,FC2C,FC2C_C8_L,L,acetylcholine,18803,PFL3,PFL3(PB12c)_R1_C7,R,5
14507,EPG,EPG(PB08)_R7,R,acetylcholine,16476,Delta7,Delta7(PB15)_L7R2_L,L,5
513463,EPG,EPG(PB08)_R2,R,acetylcholine,515961,Delta7,Delta7(PB15)_L6R3_L,L,5
84758,EPG,EPG(PB08)_L7,L,acetylcholine,515961,Delta7,Delta7(PB15)_L6R3_L,L,5
13490,PFL2,PFL2(PB12b)_L1_C5,L,acetylcholine,520573,PFL2,PFL2(PB12b)_R5_C1,R,5
11557,PFL2,PFL2(PB12b)_L3_C7,L,acetylcholine,520573,PFL2,PFL2(PB12b)_R5_C1,R,5
15837,Delta7,Delta7(PB15)_L1L9R8_R,R,glutamate,512513,EPG,EPG(PB08)_R1,R,5
10539,EPG,EPG(PB08)_R2,R,acetylcholine,512513,EPG,EPG(PB08)_R1,R,5
567101,PFL3,PFL3(PB12c)_R3_C5,R,acetylcholine,513266,PFL3,PFL3(PB12c)_R3_C5,R,5
523786,EPG,EPG(PB08)_R4,R,acetylcholine,513266,PFL3,PFL3(PB12c)_R3_C5,R,5
520581,EPG,EPG(PB08)_R4,R,acetylcholine,513266,PFL3,PFL3(PB12c)_R3_C5,R,5
513284,EPG,EPG(PB08)_R3,R,acetylcholine,513266,PFL3,PFL3(PB12c)_R3_C5,R,5
170539,FC2A,FC2A_C4_R,R,acetylcholine,513266,PFL3,PFL3(PB12c)_R3_C5,R,5
39538,FC2A,FC2A_C6_R,R,acetylcholine,513266,PFL3,PFL3(PB12c)_R3_C5,R,5
513032,PFL3,PFL3(PB12c)_L5_C7,L,acetylcholine,523032,PFL3,PFL3(PB12c)_L2_C4,L,5
103466,FC2B,FC2B_C2_L,L,acetylcholine,523032,PFL3,PFL3(PB12c)_L2_C4,L,5
29674,FC2A,FC2A_C2_L,L,acetylcholine,523032,PFL3,PFL3(PB12c)_L2_C4,L,5
23159,PFL3,PFL3(PB12c)_R4_C4,R,acetylcholine,523032,PFL3,PFL3(PB12c)_L2_C4,L,5
15210,PFL3,PFL3(PB12c)_R2_C1_irreg,L,acetylcholine,523032,PFL3,PFL3(PB12c)_L2_C4,L,5
519328,EPG,EPG(PB08)_L3,L,acetylcholine,15399,Delta7,Delta7(PB15)_L1L9R8_R,R,5
519346,PFL3,PFL3(PB12c)_L7_C9,L,acetylcholine,530071,PFL3,PFL3(PB12c)_L3_C5,L,5
524073,EPG,EPG(PB08)_L2,L,acetylcholine,511841,Delta7,Delta7(PB15)_L2R7_R,R,5
519331,Delta7,Delta7(PB15)_L3R7_R,R,glutamate,511841,Delta7,Delta7(PB15)_L2R7_R,R,5
517417,Delta7,Delta7(PB15)_L6R3_L,L,glutamate,10539,EPG,EPG(PB08)_R2,R,5
107195,EPG,EPG(PB08)_L5,L,acetylcholine,15851,Delta7,Delta7(PB15)_L6R4_L,L,5
17753,Delta7,Delta7(PB15)_L7R3_L,L,glutamate,15851,Delta7,Delta7(PB15)_L6R4_L,L,5
107195,EPG,EPG(PB08)_L5,L,acetylcholine,15713,EPG,EPG(PB08)_L6,L,5
434891,Delta7,Delta7(PB15)_L3R7_R,R,glutamate,521813,EPG,EPG(PB08)_L2,L,5
92188,EPG,EPG(PB08)_R7,R,acetylcholine,131313,EPG,EPG(PB08)_R6,R,5
520811,PFL3,PFL3(PB12c)_R6_C2,R,acetylcholine,18327,PFL3,PFL3(PB12c)_R2_C6,R,5
517417,Delta7,Delta7(PB15)_L6R3_L,L,glutamate,18327,PFL3,PFL3(PB12c)_R2_C6,R,5
40179,FC2A,FC2A_C7_L,L,acetylcholine,18327,PFL3,PFL3(PB12c)_R2_C6,R,5
88342,EPG,EPG(PB08)_L3,L,acetylcholine,19825,EPG,EPG(PB08)_R6,R,5
556347,EPG,EPG(PB08)_R4,R,acetylcholine,16110,Delta7,Delta7(PB15)_L3R6_R,R,5
521813,EPG,EPG(PB08)_L2,L,acetylcholine,16110,Delta7,Delta7(PB15)_L3R6_R,R,5
520812,EPG,EPG(PB08)_R8,R,acetylcholine,16110,Delta7,Delta7(PB15)_L3R6_R,R,5
519328,EPG,EPG(PB08)_L3,L,acetylcholine,16110,Delta7,Delta7(PB15)_L3R6_R,R,5
515961,Delta7,Delta7(PB15)_L6R3_L,L,glutamate,16110,Delta7,Delta7(PB15)_L3R6_R,R,5
513517,EPG,EPG(PB08)_L4,L,acetylcholine,16110,Delta7,Delta7(PB15)_L3R6_R,R,5
55401,FC2A,FC2A_C9_R,R,acetylcholine,532704,FC2A,FC2A_C1_R,R,5
40179,FC2A,FC2A_C7_L,L,acetylcholine,33382,FC2A,FC2A_C8_R,R,5
556346,EPG,EPG(PB08)_L6,L,acetylcholine,15654,Delta7,Delta7(PB15)_L8R1R9_L,L,5
512513,EPG,EPG(PB08)_R1,R,acetylcholine,15654,Delta7,Delta7(PB15)_L8R1R9_L,L,5
18639,Delta7,Delta7(PB15)_L7R2_L,L,glutamate,15654,Delta7,Delta7(PB15)_L8R1R9_L,L,5
17753,Delta7,Delta7(PB15)_L7R3_L,L,glutamate,15654,Delta7,Delta7(PB15)_L8R1R9_L,L,5
16234,Delta7,Delta7(PB15)_L1L9R8_R,R,glutamate,15654,Delta7,Delta7(PB15)_L8R1R9_L,L,5
511842,PFL2,PFL2(PB12b)_L2_C6,L,acetylcholine,518375,PFL2,PFL2(PB12b)_R3_C3,R,5
33356,FC2B,FC2B_C2_L,L,acetylcholine,518375,PFL2,PFL2(PB12b)_R3_C3,R,5
29674,FC2A,FC2A_C2_L,L,acetylcholine,518375,PFL2,PFL2(PB12b)_R3_C3,R,5
19715,PFL2,PFL2(PB12b)_L4_C8,L,acetylcholine,518375,PFL2,PFL2(PB12b)_R3_C3,R,5
517417,Delta7,Delta7(PB15)_L6R3_L,L,glutamate,519346,PFL3,PFL3(PB12c)_L7_C9,L,5
519358,FC2B,FC2B_C4_R,R,acetylcholine,241046,FC2B,FC2B_C4_R,R,5
546044,FC2C,FC2C_C3_R,R,acetylcholine,108478,PFL3,PFL3(PB12c)_L1_C3,L,5
236557,FC2C,FC2C_C3_R,R,acetylcholine,108478,PFL3,PFL3(PB12c)_L1_C3,L,5
17286,PFL3,PFL3(PB12c)_R1_C2_irreg,L,acetylcholine,108478,PFL3,PFL3(PB12c)_L1_C3,L,5
17000,PFL3,PFL3(PB12c)_L1_C3,L,acetylcholine,108478,PFL3,PFL3(PB12c)_L1_C3,L,5
15409,Delta7,Delta7(PB15)_L8R1R9_L,L,glutamate,108478,PFL3,PFL3(PB12c)_L1_C3,L,5
119819,FC2C,FC2C_C8_L,L,acetylcholine,112888,FC2C,FC2C_C8_L,L,5
531073,FC2C,FC2C_C9_R,R,acetylcholine,56905,FC2C,FC2C_C9_L,L,5
131313,EPG,EPG(PB08)_R6,R,acetylcholine,519332,Delta7,Delta7(PB15)_L2R7_R,R,5
15837,Delta7,Delta7(PB15)_L1L9R8_R,R,glutamate,519332,Delta7,Delta7(PB15)_L2R7_R,R,5
514126,EPG,EPG(PB08)_R5,R,acetylcholine,16869,Delta7,Delta7(PB15)_L7R3_L,L,5
512513,EPG,EPG(PB08)_R1,R,acetylcholine,16869,Delta7,Delta7(PB15)_L7R3_L,L,5
107195,EPG,EPG(PB08)_L5,L,acetylcholine,16869,Delta7,Delta7(PB15)_L7R3_L,L,5
15654,Delta7,Delta7(PB15)_L8R1R9_L,L,glutamate,16869,Delta7,Delta7(PB15)_L7R3_L,L,5
521409,EPG,EPG(PB08)_L8,L,acetylcholine,568155,Delta7,Delta7(PB15)_L8R1R9_L,L,5
519331,Delta7,Delta7(PB15)_L3R7_R,R,glutamate,568155,Delta7,Delta7(PB15)_L8R1R9_L,L,5
16869,Delta7,Delta7(PB15)_L7R3_L,L,glutamate,568155,Delta7,Delta7(PB15)_L8R1R9_L,L,5
14816,Delta7,Delta7(PB15)_L6R4_L,L,glutamate,568155,Delta7,Delta7(PB15)_L8R1R9_L,L,5
11184,Delta7,Delta7(PB15)_L1L9R8_R,R,glutamate,568155,Delta7,Delta7(PB15)_L8R1R9_L,L,5
519140,EPG,EPG(PB08)_L1,L,acetylcholine,519144,EPG,EPG(PB08)_L8,L,5
14806,Delta7,Delta7(PB15)_L8R1R9_L,L,glutamate,519144,EPG,EPG(PB08)_L8,L,5
529318,Delta7,Delta7(PB15)_L4R5_R,R,glutamate,11989,EPG,EPG(PB08)_L5,L,5
19125,EPG,EPG(PB08)_R5,R,acetylcholine,11989,EPG,EPG(PB08)_L5,L,5
16360,EPG,EPG(PB08)_L6,L,acetylcholine,11989,EPG,EPG(PB08)_L5,L,5
522853,PFL2,PFL2(PB12b)_R2_C4,R,acetylcholine,513034,PFL2,PFL2(PB12b)_L5_C9,L,5
520573,PFL2,PFL2(PB12b)_R5_C1,R,acetylcholine,513034,PFL2,PFL2(PB12b)_L5_C9,L,5
13490,PFL2,PFL2(PB12b)_L1_C5,L,acetylcholine,513034,PFL2,PFL2(PB12b)_L5_C9,L,5
13031,PFL2,PFL2(PB12b)_R3_C3,R,acetylcholine,513034,PFL2,PFL2(PB12b)_L5_C9,L,5
560327,FC2A,FC2A_C3_R,R,acetylcholine,17286,PFL3,PFL3(PB12c)_R1_C2_irreg,L,5
519140,EPG,EPG(PB08)_L1,L,acetylcholine,17286,PFL3,PFL3(PB12c)_R1_C2_irreg,L,5
89635,FC2B,FC2B_C3_R,R,acetylcholine,17286,PFL3,PFL3(PB12c)_R1_C2_irreg,L,5
518375,PFL2,PFL2(PB12b)_R3_C3,R,acetylcholine,13490,PFL2,PFL2(PB12b)_L1_C5,L,5
511841,Delta7,Delta7(PB15)_L2R7_R,R,glutamate,13490,PFL2,PFL2(PB12b)_L1_C5,L,5
36201,FC2A,FC2A_C4_L,L,acetylcholine,13490,PFL2,PFL2(PB12b)_L1_C5,L,5
27492,PFL2,PFL2(PB12b)_L3_C7,L,acetylcholine,13490,PFL2,PFL2(PB12b)_L1_C5,L,5
511841,Delta7,Delta7(PB15)_L2R7_R,R,glutamate,15837,Delta7,Delta7(PB15)_L1L9R8_R,R,5
13217,EPG,EPG(PB08)_L8,L,acetylcholine,15837,Delta7,Delta7(PB15)_L1L9R8_R,R,5
556346,EPG,EPG(PB08)_L6,L,acetylcholine,15398,Delta7,Delta7(PB15)_L4R5_R,R,5
515294,Delta7,Delta7(PB15)_L5R4_L,L,glutamate,15398,Delta7,Delta7(PB15)_L4R5_R,R,5
92188,EPG,EPG(PB08)_R7,R,acetylcholine,15398,Delta7,Delta7(PB15)_L4R5_R,R,5
16360,EPG,EPG(PB08)_L6,L,acetylcholine,15398,Delta7,Delta7(PB15)_L4R5_R,R,5
11987,EPG,EPG(PB08)_R5,R,acetylcholine,15398,Delta7,Delta7(PB15)_L4R5_R,R,5
513520,EPG,EPG(PB08)_R6,R,acetylcholine,17024,Delta7,Delta7(PB15)_L5R4_L,L,5
515294,Delta7,Delta7(PB15)_L5R4_L,L,glutamate,12449,EPG,EPG(PB08)_L5,L,5
15713,EPG,EPG(PB08)_L6,L,acetylcholine,12449,EPG,EPG(PB08)_L5,L,5
11307,EPG,EPG(PB08)_L4,L,acetylcholine,12449,EPG,EPG(PB08)_L5,L,5
513266,PFL3,PFL3(PB12c)_R3_C5,R,acetylcholine,23159,PFL3,PFL3(PB12c)_R4_C4,R,5
18851,PFL3,PFL3(PB12c)_L1_C8_irreg,R,acetylcholine,23159,PFL3,PFL3(PB12c)_R4_C4,R,5
526406,FC2A,FC2A_C2_R,R,acetylcholine,560327,FC2A,FC2A_C3_R,R,5
29674,FC2A,FC2A_C2_L,L,acetylcholine,560327,FC2A,FC2A_C3_R,R,5
115261,FC2C,FC2C_C6_L,L,acetylcholine,519351,PFL3,PFL3(PB12c)_L4_C5,L,5
88342,EPG,EPG(PB08)_L3,L,acetylcholine,519351,PFL3,PFL3(PB12c)_L4_C5,L,5
17000,PFL3,PFL3(PB12c)_L1_C3,L,acetylcholine,519351,PFL3,PFL3(PB12c)_L4_C5,L,5
517417,Delta7,Delta7(PB15)_L6R3_L,L,glutamate,515294,Delta7,Delta7(PB15)_L5R4_L,L,5
514126,EPG,EPG(PB08)_R5,R,acetylcholine,515294,Delta7,Delta7(PB15)_L5R4_L,L,5
17753,Delta7,Delta7(PB15)_L7R3_L,L,glutamate,515294,Delta7,Delta7(PB15)_L5R4_L,L,5
12449,EPG,EPG(PB08)_L5,L,acetylcholine,515294,Delta7,Delta7(PB15)_L5R4_L,L,5
131273,FC2A,FC2A_C5_R,R,acetylcholine,137299,FC2A,FC2A_C5_L,L,5
46169,FC2A,FC2A_C1_L,L,acetylcholine,137299,FC2A,FC2A_C5_L,L,5
36201,FC2A,FC2A_C4_L,L,acetylcholine,41559,FC2A,FC2A_C9_L,L,5
12449,EPG,EPG(PB08)_L5,L,acetylcholine,35324,Delta7,Delta7(PB15)_L5R4_L,L,5
518606,FC2A,FC2A_C8_L,L,acetylcholine,40179,FC2A,FC2A_C7_L,L,5
56382,FC2A,FC2A_C6_L,L,acetylcholine,40179,FC2A,FC2A_C7_L,L,5
568155,Delta7,Delta7(PB15)_L8R1R9_L,L,glutamate,16234,Delta7,Delta7(PB15)_L1L9R8_R,R,5
15654,Delta7,Delta7(PB15)_L8R1R9_L,L,glutamate,16234,Delta7,Delta7(PB15)_L1L9R8_R,R,5
10539,EPG,EPG(PB08)_R2,R,acetylcholine,16234,Delta7,Delta7(PB15)_L1L9R8_R,R,5
522994,Delta7,Delta7(PB15)_L6R3_L,L,glutamate,84758,EPG,EPG(PB08)_L7,L,5
519144,EPG,EPG(PB08)_L8,L,acetylcholine,84758,EPG,EPG(PB08)_L7,L,5
18639,Delta7,Delta7(PB15)_L7R2_L,L,glutamate,84758,EPG,EPG(PB08)_L7,L,5
522994,Delta7,Delta7(PB15)_L6R3_L,L,glutamate,17753,Delta7,Delta7(PB15)_L7R3_L,L,5
529318,Delta7,Delta7(PB15)_L4R5_R,R,glutamate,522994,Delta7,Delta7(PB15)_L6R3_L,L,5
513033,EPG,EPG(PB08)_L8,L,acetylcholine,522994,Delta7,Delta7(PB15)_L6R3_L,L,5
512928,EPG,EPG(PB08)_R3,R,acetylcholine,522994,Delta7,Delta7(PB15)_L6R3_L,L,5
18639,Delta7,Delta7(PB15)_L7R2_L,L,glutamate,522994,Delta7,Delta7(PB15)_L6R3_L,L,5
17753,Delta7,Delta7(PB15)_L7R3_L,L,glutamate,522994,Delta7,Delta7(PB15)_L6R3_L,L,5
11307,EPG,EPG(PB08)_L4,L,acetylcholine,522994,Delta7,Delta7(PB15)_L6R3_L,L,5
10539,EPG,EPG(PB08)_R2,R,acetylcholine,522994,Delta7,Delta7(PB15)_L6R3_L,L,5
16553,Delta7,Delta7(PB15)_L5R4_L,L,glutamate,514126,EPG,EPG(PB08)_R5,R,5
15398,Delta7,Delta7(PB15)_L4R5_R,R,glutamate,514126,EPG,EPG(PB08)_R5,R,5
15904,Delta7,Delta7(PB15)_L4R5_R,R,glutamate,520818,EPG,EPG(PB08)_L4,L,5
13217,EPG,EPG(PB08)_L8,L,acetylcholine,520818,EPG,EPG(PB08)_L4,L,5
12449,EPG,EPG(PB08)_L5,L,acetylcholine,520818,EPG,EPG(PB08)_L4,L,5
17143,Delta7,Delta7(PB15)_L2R7_R,R,glutamate,88342,EPG,EPG(PB08)_L3,L,5
15409,Delta7,Delta7(PB15)_L8R1R9_L,L,glutamate,521409,EPG,EPG(PB08)_L8,L,5
12449,EPG,EPG(PB08)_L5,L,acetylcholine,16360,EPG,EPG(PB08)_L6,L,5
519144,EPG,EPG(PB08)_L8,L,acetylcholine,513463,EPG,EPG(PB08)_R2,R,5
522994,Delta7,Delta7(PB15)_L6R3_L,L,glutamate,15409,Delta7,Delta7(PB15)_L8R1R9_L,L,5
17753,Delta7,Delta7(PB15)_L7R3_L,L,glutamate,15409,Delta7,Delta7(PB15)_L8R1R9_L,L,5
16412,Delta7,Delta7(PB15)_L7R2_L,L,glutamate,15409,Delta7,Delta7(PB15)_L8R1R9_L,L,5
560327,FC2A,FC2A_C3_R,R,acetylcholine,526406,FC2A,FC2A_C2_R,R,5
45876,FC2A,FC2A_C7_R,R,acetylcholine,526406,FC2A,FC2A_C2_R,R,5
39538,FC2A,FC2A_C6_R,R,acetylcholine,526406,FC2A,FC2A_C2_R,R,5
33356,FC2B,FC2B_C2_L,L,acetylcholine,526406,FC2A,FC2A_C2_R,R,5
513520,EPG,EPG(PB08)_R6,R,acetylcholine,79549,PFL3,PFL3(PB12c)_R7_C1,R,5
15495,Delta7,Delta7(PB15)_L3R6_R,R,glutamate,79549,PFL3,PFL3(PB12c)_R7_C1,R,5
518375,PFL2,PFL2(PB12b)_R3_C3,R,acetylcholine,13031,PFL2,PFL2(PB12b)_R3_C3,R,5
522853,PFL2,PFL2(PB12b)_R2_C4,R,acetylcholine,511842,PFL2,PFL2(PB12b)_L2_C6,L,5
148830,FC2C,FC2C_C5_R,R,acetylcholine,511842,PFL2,PFL2(PB12b)_L2_C6,L,5
124562,FC2C,FC2C_C5_L,L,acetylcholine,511842,PFL2,PFL2(PB12b)_L2_C6,L,5
45343,FC2C,FC2C_C7_L,L,acetylcholine,511842,PFL2,PFL2(PB12b)_L2_C6,L,5
40179,FC2A,FC2A_C7_L,L,acetylcholine,511842,PFL2,PFL2(PB12b)_L2_C6,L,5
11673,PFL2,PFL2(PB12b)_R4_C2,R,acetylcholine,511842,PFL2,PFL2(PB12b)_L2_C6,L,5
17804,Delta7,Delta7(PB15)_L7R2_L,L,glutamate,11874,EPG,EPG(PB08)_L7,L,5
13217,EPG,EPG(PB08)_L8,L,acetylcholine,11874,EPG,EPG(PB08)_L7,L,5
512514,EPG,EPG(PB08)_L1,L,acetylcholine,14729,PFL2,PFL2(PB12b)_R1_C5,R,5
67741,FC2B,FC2B_C6_R,R,acetylcholine,14729,PFL2,PFL2(PB12b)_R1_C5,R,5
27492,PFL2,PFL2(PB12b)_L3_C7,L,acetylcholine,14729,PFL2,PFL2(PB12b)_R1_C5,R,5
16234,Delta7,Delta7(PB15)_L1L9R8_R,R,glutamate,14729,PFL2,PFL2(PB12b)_R1_C5,R,5
13031,PFL2,PFL2(PB12b)_R3_C3,R,acetylcholine,14729,PFL2,PFL2(PB12b)_R1_C5,R,5
551404,FC2C,FC2C_C6_L,L,acetylcholine,119544,FC2C,FC2C_C6_L,L,5
523032,PFL3,PFL3(PB12c)_L2_C4,L,acetylcholine,17000,PFL3,PFL3(PB12c)_L1_C3,L,5
519351,PFL3,PFL3(PB12c)_L4_C5,L,acetylcholine,17000,PFL3,PFL3(PB12c)_L1_C3,L,5
236557,FC2C,FC2C_C3_R,R,acetylcholine,17000,PFL3,PFL3(PB12c)_L1_C3,L,5
170539,FC2A,FC2A_C4_R,R,acetylcholine,17000,PFL3,PFL3(PB12c)_L1_C3,L,5
29674,FC2A,FC2A_C2_L,L,acetylcholine,17000,PFL3,PFL3(PB12c)_L1_C3,L,5
513034,PFL2,PFL2(PB12b)_L5_C9,L,acetylcholine,11673,PFL2,PFL2(PB12b)_R4_C2,R,5
27492,PFL2,PFL2(PB12b)_L3_C7,L,acetylcholine,11673,PFL2,PFL2(PB12b)_R4_C2,R,5
17024,Delta7,Delta7(PB15)_L5R4_L,L,glutamate,11673,PFL2,PFL2(PB12b)_R4_C2,R,5
51782,FC2C,FC2C_C2_R,R,acetylcholine,529266,FC2C,FC2C_C2_L,L,5
60670,FC2C,FC2C_C1_R,R,acetylcholine,68502,FC2C,FC2C_C1_L,L,5
556346,EPG,EPG(PB08)_L6,L,acetylcholine,529318,Delta7,Delta7(PB15)_L4R5_R,R,5
521812,EPG,EPG(PB08)_R7,R,acetylcholine,529318,Delta7,Delta7(PB15)_L4R5_R,R,5
519941,EPG,EPG(PB08)_L3,L,acetylcholine,529318,Delta7,Delta7(PB15)_L4R5_R,R,5
519328,EPG,EPG(PB08)_L3,L,acetylcholine,529318,Delta7,Delta7(PB15)_L4R5_R,R,5
515961,Delta7,Delta7(PB15)_L6R3_L,L,glutamate,529318,Delta7,Delta7(PB15)_L4R5_R,R,5
512928,EPG,EPG(PB08)_R3,R,acetylcholine,529318,Delta7,Delta7(PB15)_L4R5_R,R,5
131313,EPG,EPG(PB08)_R6,R,acetylcholine,529318,Delta7,Delta7(PB15)_L4R5_R,R,5
556346,EPG,EPG(PB08)_L6,L,acetylcholine,10513,Delta7,Delta7(PB15)_L3R6_R,R,5
524073,EPG,EPG(PB08)_L2,L,acetylcholine,10513,Delta7,Delta7(PB15)_L3R6_R,R,5
520818,EPG,EPG(PB08)_L4,L,acetylcholine,10513,Delta7,Delta7(PB15)_L3R6_R,R,5
17143,Delta7,Delta7(PB15)_L2R7_R,R,glutamate,10513,Delta7,Delta7(PB15)_L3R6_R,R,5
16110,Delta7,Delta7(PB15)_L3R6_R,R,glutamate,519941,EPG,EPG(PB08)_L3,L,5
10513,Delta7,Delta7(PB15)_L3R6_R,R,glutamate,519941,EPG,EPG(PB08)_L3,L,5
556346,EPG,EPG(PB08)_L6,L,acetylcholine,556347,EPG,EPG(PB08)_R4,R,5
16553,Delta7,Delta7(PB15)_L5R4_L,L,glutamate,556347,EPG,EPG(PB08)_R4,R,5
11987,EPG,EPG(PB08)_R5,R,acetylcholine,556347,EPG,EPG(PB08)_R4,R,5
522994,Delta7,Delta7(PB15)_L6R3_L,L,glutamate,17379,Delta7,Delta7(PB15)_L4R5_R,R,5
434891,Delta7,Delta7(PB15)_L3R7_R,R,glutamate,17379,Delta7,Delta7(PB15)_L4R5_R,R,5
16869,Delta7,Delta7(PB15)_L7R3_L,L,glutamate,17379,Delta7,Delta7(PB15)_L4R5_R,R,5
16180,Delta7,Delta7(PB15)_L3R6_R,R,glutamate,17379,Delta7,Delta7(PB15)_L4R5_R,R,5
14727,EPG,EPG(PB08)_L7,L,acetylcholine,17379,Delta7,Delta7(PB15)_L4R5_R,R,5
567101,PFL3,PFL3(PB12c)_R3_C5,R,acetylcholine,18851,PFL3,PFL3(PB12c)_L1_C8_irreg,R,5
518378,PFL3,PFL3(PB12c)_R5_C3,R,acetylcholine,18851,PFL3,PFL3(PB12c)_L1_C8_irreg,R,5
519328,EPG,EPG(PB08)_L3,L,acetylcholine,92188,EPG,EPG(PB08)_R7,R,4
513464,EPG,EPG(PB08)_R8,R,acetylcholine,92188,EPG,EPG(PB08)_R7,R,4
18327,PFL3,PFL3(PB12c)_R2_C6,R,acetylcholine,567101,PFL3,PFL3(PB12c)_R3_C5,R,4
523786,EPG,EPG(PB08)_R4,R,acetylcholine,16412,Delta7,Delta7(PB15)_L7R2_L,L,4
15399,Delta7,Delta7(PB15)_L1L9R8_R,R,glutamate,16412,Delta7,Delta7(PB15)_L7R2_L,L,4
67741,FC2B,FC2B_C6_R,R,acetylcholine,39538,FC2A,FC2A_C6_R,R,4
522994,Delta7,Delta7(PB15)_L6R3_L,L,glutamate,16553,Delta7,Delta7(PB15)_L5R4_L,L,4
513520,EPG,EPG(PB08)_R6,R,acetylcholine,16553,Delta7,Delta7(PB15)_L5R4_L,L,4
19825,EPG,EPG(PB08)_R6,R,acetylcholine,16553,Delta7,Delta7(PB15)_L5R4_L,L,4
12449,EPG,EPG(PB08)_L5,L,acetylcholine,16553,Delta7,Delta7(PB15)_L5R4_L,L,4
16412,Delta7,Delta7(PB15)_L7R2_L,L,glutamate,513284,EPG,EPG(PB08)_R3,R,4
521812,EPG,EPG(PB08)_R7,R,acetylcholine,17143,Delta7,Delta7(PB15)_L2R7_R,R,4
16234,Delta7,Delta7(PB15)_L1L9R8_R,R,glutamate,17143,Delta7,Delta7(PB15)_L2R7_R,R,4
519144,EPG,EPG(PB08)_L8,L,acetylcholine,519331,Delta7,Delta7(PB15)_L3R7_R,R,4
84758,EPG,EPG(PB08)_L7,L,acetylcholine,519331,Delta7,Delta7(PB15)_L3R7_R,R,4
15837,Delta7,Delta7(PB15)_L1L9R8_R,R,glutamate,519331,Delta7,Delta7(PB15)_L3R7_R,R,4
11307,EPG,EPG(PB08)_L4,L,acetylcholine,519331,Delta7,Delta7(PB15)_L3R7_R,R,4
532704,FC2A,FC2A_C1_R,R,acetylcholine,55401,FC2A,FC2A_C9_R,R,4
44554,FC2B,FC2B_C8_R,R,acetylcholine,55401,FC2A,FC2A_C9_R,R,4
92188,EPG,EPG(PB08)_R7,R,acetylcholine,513464,EPG,EPG(PB08)_R8,R,4
11307,EPG,EPG(PB08)_L4,L,acetylcholine,524073,EPG,EPG(PB08)_L2,L,4
560327,FC2A,FC2A_C3_R,R,acetylcholine,520811,PFL3,PFL3(PB12c)_R6_C2,R,4
514126,EPG,EPG(PB08)_R5,R,acetylcholine,520811,PFL3,PFL3(PB12c)_R6_C2,R,4
513266,PFL3,PFL3(PB12c)_R3_C5,R,acetylcholine,520811,PFL3,PFL3(PB12c)_R6_C2,R,4
89635,FC2B,FC2B_C3_R,R,acetylcholine,520811,PFL3,PFL3(PB12c)_R6_C2,R,4
79549,PFL3,PFL3(PB12c)_R7_C1,R,acetylcholine,520811,PFL3,PFL3(PB12c)_R6_C2,R,4
18851,PFL3,PFL3(PB12c)_L1_C8_irreg,R,acetylcholine,520811,PFL3,PFL3(PB12c)_R6_C2,R,4
23159,PFL3,PFL3(PB12c)_R4_C4,R,acetylcholine,11307,EPG,EPG(PB08)_L4,L,4
16180,Delta7,Delta7(PB15)_L3R6_R,R,glutamate,11307,EPG,EPG(PB08)_L4,L,4
519332,Delta7,Delta7(PB15)_L2R7_R,R,glutamate,521812,EPG,EPG(PB08)_R7,R,4
139763,FC2C,FC2C_C2_R,R,acetylcholine,50885,FC2C,FC2C_C2_L,L,4
95713,FC2C,FC2C_C4_L,L,acetylcholine,50885,FC2C,FC2C_C2_L,L,4
512928,EPG,EPG(PB08)_R3,R,acetylcholine,14806,Delta7,Delta7(PB15)_L8R1R9_L,L,4
35324,Delta7,Delta7(PB15)_L5R4_L,L,glutamate,14806,Delta7,Delta7(PB15)_L8R1R9_L,L,4
16412,Delta7,Delta7(PB15)_L7R2_L,L,glutamate,14806,Delta7,Delta7(PB15)_L8R1R9_L,L,4
511841,Delta7,Delta7(PB15)_L2R7_R,R,glutamate,512514,EPG,EPG(PB08)_L1,L,4
16540,Delta7,Delta7(PB15)_L2R7_R,R,glutamate,512514,EPG,EPG(PB08)_L1,L,4
15409,Delta7,Delta7(PB15)_L8R1R9_L,L,glutamate,512514,EPG,EPG(PB08)_L1,L,4
556346,EPG,EPG(PB08)_L6,L,acetylcholine,17804,Delta7,Delta7(PB15)_L7R2_L,L,4
515675,EPG,EPG(PB08)_R1,R,acetylcholine,17804,Delta7,Delta7(PB15)_L7R2_L,L,4
11874,EPG,EPG(PB08)_L7,L,acetylcholine,17804,Delta7,Delta7(PB15)_L7R2_L,L,4
513464,EPG,EPG(PB08)_R8,R,acetylcholine,15495,Delta7,Delta7(PB15)_L3R6_R,R,4
17379,Delta7,Delta7(PB15)_L4R5_R,R,glutamate,15495,Delta7,Delta7(PB15)_L3R6_R,R,4
15398,Delta7,Delta7(PB15)_L4R5_R,R,glutamate,15495,Delta7,Delta7(PB15)_L3R6_R,R,4
513284,EPG,EPG(PB08)_R3,R,acetylcholine,14816,Delta7,Delta7(PB15)_L6R4_L,L,4
97443,FC2B,FC2B_C8_L,L,acetylcholine,149740,FC2B,FC2B_C9_L,L,4
524073,EPG,EPG(PB08)_L2,L,acetylcholine,533725,Delta7,Delta7(PB15)_L8R1R9_L,L,4
15399,Delta7,Delta7(PB15)_L1L9R8_R,R,glutamate,533725,Delta7,Delta7(PB15)_L8R1R9_L,L,4
515675,EPG,EPG(PB08)_R1,R,acetylcholine,15616,EPG,EPG(PB08)_R3,R,4
17753,Delta7,Delta7(PB15)_L7R3_L,L,glutamate,18639,Delta7,Delta7(PB15)_L7R2_L,L,4
14816,Delta7,Delta7(PB15)_L6R4_L,L,glutamate,18639,Delta7,Delta7(PB15)_L7R2_L,L,4
16360,EPG,EPG(PB08)_L6,L,acetylcholine,14727,EPG,EPG(PB08)_L7,L,4
531073,FC2C,FC2C_C9_R,R,acetylcholine,11557,PFL2,PFL2(PB12b)_L3_C7,L,4
518375,PFL2,PFL2(PB12b)_R3_C3,R,acetylcholine,11557,PFL2,PFL2(PB12b)_L3_C7,L,4
132482,FC2C,FC2C_C9_L,L,acetylcholine,11557,PFL2,PFL2(PB12b)_L3_C7,L,4
119544,FC2C,FC2C_C6_L,L,acetylcholine,11557,PFL2,PFL2(PB12b)_L3_C7,L,4
521409,EPG,EPG(PB08)_L8,L,acetylcholine,515675,EPG,EPG(PB08)_R1,R,4
11184,Delta7,Delta7(PB15)_L1L9R8_R,R,glutamate,515675,EPG,EPG(PB08)_R1,R,4
519328,EPG,EPG(PB08)_L3,L,acetylcholine,18823,Delta7,Delta7(PB15)_L4R5_R,R,4
35324,Delta7,Delta7(PB15)_L5R4_L,L,glutamate,18823,Delta7,Delta7(PB15)_L4R5_R,R,4
11307,EPG,EPG(PB08)_L4,L,acetylcholine,18823,Delta7,Delta7(PB15)_L4R5_R,R,4
524073,EPG,EPG(PB08)_L2,L,acetylcholine,27492,PFL2,PFL2(PB12b)_L3_C7,L,4
518375,PFL2,PFL2(PB12b)_R3_C3,R,acetylcholine,27492,PFL2,PFL2(PB12b)_L3_C7,L,4
35277,FC2B,FC2B_C8_R,R,acetylcholine,27492,PFL2,PFL2(PB12b)_L3_C7,L,4
520818,EPG,EPG(PB08)_L4,L,acetylcholine,434891,Delta7,Delta7(PB15)_L3R7_R,R,4
519941,EPG,EPG(PB08)_L3,L,acetylcholine,434891,Delta7,Delta7(PB15)_L3R7_R,R,4
513464,EPG,EPG(PB08)_R8,R,acetylcholine,434891,Delta7,Delta7(PB15)_L3R7_R,R,4
107195,EPG,EPG(PB08)_L5,L,acetylcholine,434891,Delta7,Delta7(PB15)_L3R7_R,R,4
11503,EPG,EPG(PB08)_R8,R,acetylcholine,434891,Delta7,Delta7(PB15)_L3R7_R,R,4
519941,EPG,EPG(PB08)_L3,L,acetylcholine,15839,Delta7,Delta7(PB15)_L1L9R8_R,R,4
519140,EPG,EPG(PB08)_L1,L,acetylcholine,15839,Delta7,Delta7(PB15)_L1L9R8_R,R,4
13217,EPG,EPG(PB08)_L8,L,acetylcholine,15839,Delta7,Delta7(PB15)_L1L9R8_R,R,4
560327,FC2A,FC2A_C3_R,R,acetylcholine,29674,FC2A,FC2A_C2_L,L,4
137299,FC2A,FC2A_C5_L,L,acetylcholine,518606,FC2A,FC2A_C8_L,L,4
40179,FC2A,FC2A_C7_L,L,acetylcholine,46169,FC2A,FC2A_C1_L,L,4
29674,FC2A,FC2A_C2_L,L,acetylcholine,46169,FC2A,FC2A_C1_L,L,4
139763,FC2C,FC2C_C2_R,R,acetylcholine,518378,PFL3,PFL3(PB12c)_R5_C3,R,4
87630,FC2B,FC2B_C3_L,L,acetylcholine,518378,PFL3,PFL3(PB12c)_R5_C3,R,4
33356,FC2B,FC2B_C2_L,L,acetylcholine,518378,PFL3,PFL3(PB12c)_R5_C3,R,4
519351,PFL3,PFL3(PB12c)_L4_C5,L,acetylcholine,15210,PFL3,PFL3(PB12c)_R2_C1_irreg,L,4
29674,FC2A,FC2A_C2_L,L,acetylcholine,15210,PFL3,PFL3(PB12c)_R2_C1_irreg,L,4
16540,Delta7,Delta7(PB15)_L2R7_R,R,glutamate,519140,EPG,EPG(PB08)_L1,L,4
521813,EPG,EPG(PB08)_L2,L,acetylcholine,519328,EPG,EPG(PB08)_L3,L,4
107195,EPG,EPG(PB08)_L5,L,acetylcholine,519328,EPG,EPG(PB08)_L3,L,4
11307,EPG,EPG(PB08)_L4,L,acetylcholine,519328,EPG,EPG(PB08)_L3,L,4
521812,EPG,EPG(PB08)_R7,R,acetylcholine,512305,EPG,EPG(PB08)_R8,R,4
556347,EPG,EPG(PB08)_R4,R,acetylcholine,556346,EPG,EPG(PB08)_L6,L,4
531073,FC2C,FC2C_C9_R,R,acetylcholine,17290,PFL3,PFL3(PB12c)_L6_C8,L,4
17000,PFL3,PFL3(PB12c)_L1_C3,L,acetylcholine,17290,PFL3,PFL3(PB12c)_L6_C8,L,4
15210,PFL3,PFL3(PB12c)_R2_C1_irreg,L,acetylcholine,17290,PFL3,PFL3(PB12c)_L6_C8,L,4
35324,Delta7,Delta7(PB15)_L5R4_L,L,glutamate,16180,Delta7,Delta7(PB15)_L3R6_R,R,4
17379,Delta7,Delta7(PB15)_L4R5_R,R,glutamate,16180,Delta7,Delta7(PB15)_L3R6_R,R,4
513032,PFL3,PFL3(PB12c)_L5_C7,L,acetylcholine,29836,PFL3,PFL3(PB12c)_L4_C6,L,4
148830,FC2C,FC2C_C5_R,R,acetylcholine,29836,PFL3,PFL3(PB12c)_L4_C6,L,4
124562,FC2C,FC2C_C5_L,L,acetylcholine,29836,PFL3,PFL3(PB12c)_L4_C6,L,4
515294,Delta7,Delta7(PB15)_L5R4_L,L,glutamate,107195,EPG,EPG(PB08)_L5,L,4
513517,EPG,EPG(PB08)_L4,L,acetylcholine,107195,EPG,EPG(PB08)_L5,L,4
513517,EPG,EPG(PB08)_L4,L,acetylcholine,14509,Delta7,Delta7(PB15)_L4R6_R,R,4
513520,EPG,EPG(PB08)_R6,R,acetylcholine,14509,Delta7,Delta7(PB15)_L4R6_R,R,4
15495,Delta7,Delta7(PB15)_L3R6_R,R,glutamate,14509,Delta7,Delta7(PB15)_L4R6_R,R,4
14816,Delta7,Delta7(PB15)_L6R4_L,L,glutamate,14509,Delta7,Delta7(PB15)_L4R6_R,R,4
11307,EPG,EPG(PB08)_L4,L,acetylcholine,14509,Delta7,Delta7(PB15)_L4R6_R,R,4
18823,Delta7,Delta7(PB15)_L4R5_R,R,glutamate,513520,EPG,EPG(PB08)_R6,R,4
15904,Delta7,Delta7(PB15)_L4R5_R,R,glutamate,513520,EPG,EPG(PB08)_R6,R,4
530071,PFL3,PFL3(PB12c)_L3_C5,L,acetylcholine,26038,PFL3,PFL3(PB12c)_L5_C7,L,4
513032,PFL3,PFL3(PB12c)_L5_C7,L,acetylcholine,26038,PFL3,PFL3(PB12c)_L5_C7,L,4
17379,Delta7,Delta7(PB15)_L4R5_R,R,glutamate,26038,PFL3,PFL3(PB12c)_L5_C7,L,4
17000,PFL3,PFL3(PB12c)_L1_C3,L,acetylcholine,26038,PFL3,PFL3(PB12c)_L5_C7,L,4
33356,FC2B,FC2B_C2_L,L,acetylcholine,103466,FC2B,FC2B_C2_L,L,4
556346,EPG,EPG(PB08)_L6,L,acetylcholine,15904,Delta7,Delta7(PB15)_L4R5_R,R,4
514126,EPG,EPG(PB08)_R5,R,acetylcholine,15904,Delta7,Delta7(PB15)_L4R5_R,R,4
19825,EPG,EPG(PB08)_R6,R,acetylcholine,15904,Delta7,Delta7(PB15)_L4R5_R,R,4
10513,Delta7,Delta7(PB15)_L3R6_R,R,glutamate,15904,Delta7,Delta7(PB15)_L4R5_R,R,4
520811,PFL3,PFL3(PB12c)_R6_C2,R,acetylcholine,35322,PFL3,PFL3(PB12c)_R1_C7,R,4
519140,EPG,EPG(PB08)_L1,L,acetylcholine,35322,PFL3,PFL3(PB12c)_R1_C7,R,4
513266,PFL3,PFL3(PB12c)_R3_C5,R,acetylcholine,35322,PFL3,PFL3(PB12c)_R1_C7,R,4
89635,FC2B,FC2B_C3_R,R,acetylcholine,106495,FC2B,FC2B_C6_R,R,4
67741,FC2B,FC2B_C6_R,R,acetylcholine,106495,FC2B,FC2B_C6_R,R,4
567101,PFL3,PFL3(PB12c)_R3_C5,R,acetylcholine,26488,PFL3,PFL3(PB12c)_R5_C3,R,4
513266,PFL3,PFL3(PB12c)_R3_C5,R,acetylcholine,26488,PFL3,PFL3(PB12c)_R5_C3,R,4
36201,FC2A,FC2A_C4_L,L,acetylcholine,26488,PFL3,PFL3(PB12c)_R5_C3,R,4
33356,FC2B,FC2B_C2_L,L,acetylcholine,26488,PFL3,PFL3(PB12c)_R5_C3,R,4
513520,EPG,EPG(PB08)_R6,R,acetylcholine,517417,Delta7,Delta7(PB15)_L6R3_L,L,4
513517,EPG,EPG(PB08)_L4,L,acetylcholine,517417,Delta7,Delta7(PB15)_L6R3_L,L,4
512928,EPG,EPG(PB08)_R3,R,acetylcholine,517417,Delta7,Delta7(PB15)_L6R3_L,L,4
84758,EPG,EPG(PB08)_L7,L,acetylcholine,517417,Delta7,Delta7(PB15)_L6R3_L,L,4
17024,Delta7,Delta7(PB15)_L5R4_L,L,glutamate,517417,Delta7,Delta7(PB15)_L6R3_L,L,4
16553,Delta7,Delta7(PB15)_L5R4_L,L,glutamate,517417,Delta7,Delta7(PB15)_L6R3_L,L,4
14727,EPG,EPG(PB08)_L7,L,acetylcholine,517417,Delta7,Delta7(PB15)_L6R3_L,L,4
74326,FC2B,FC2B_C8_L,L,acetylcholine,18803,PFL3,PFL3(PB12c)_R1_C7,R,4
26488,PFL3,PFL3(PB12c)_R5_C3,R,acetylcholine,18803,PFL3,PFL3(PB12c)_R1_C7,R,4
530445,FC2B,FC2B_C6_L,L,acetylcholine,140787,FC2B,FC2B_C1_L,L,4
46169,FC2A,FC2A_C1_L,L,acetylcholine,140787,FC2B,FC2B_C1_L,L,4
16869,Delta7,Delta7(PB15)_L7R3_L,L,glutamate,16476,Delta7,Delta7(PB15)_L7R2_L,L,4
14727,EPG,EPG(PB08)_L7,L,acetylcholine,16476,Delta7,Delta7(PB15)_L7R2_L,L,4
11503,EPG,EPG(PB08)_R8,R,acetylcholine,16476,Delta7,Delta7(PB15)_L7R2_L,L,4
139763,FC2C,FC2C_C2_R,R,acetylcholine,515233,FC2B,FC2B_C2_R,R,4
107195,EPG,EPG(PB08)_L5,L,acetylcholine,515961,Delta7,Delta7(PB15)_L6R3_L,L,4
18639,Delta7,Delta7(PB15)_L7R2_L,L,glutamate,515961,Delta7,Delta7(PB15)_L6R3_L,L,4
15904,Delta7,Delta7(PB15)_L4R5_R,R,glutamate,515961,Delta7,Delta7(PB15)_L6R3_L,L,4
522853,PFL2,PFL2(PB12b)_R2_C4,R,acetylcholine,520573,PFL2,PFL2(PB12b)_R5_C1,R,4
50885,FC2C,FC2C_C2_L,L,acetylcholine,520573,PFL2,PFL2(PB12b)_R5_C1,R,4
18823,Delta7,Delta7(PB15)_L4R5_R,R,glutamate,520573,PFL2,PFL2(PB12b)_R5_C1,R,4
15904,Delta7,Delta7(PB15)_L4R5_R,R,glutamate,520573,PFL2,PFL2(PB12b)_R5_C1,R,4
13031,PFL2,PFL2(PB12b)_R3_C3,R,acetylcholine,520573,PFL2,PFL2(PB12b)_R5_C1,R,4
520812,EPG,EPG(PB08)_R8,R,acetylcholine,512513,EPG,EPG(PB08)_R1,R,4
513464,EPG,EPG(PB08)_R8,R,acetylcholine,512513,EPG,EPG(PB08)_R1,R,4
19125,EPG,EPG(PB08)_R5,R,acetylcholine,512513,EPG,EPG(PB08)_R1,R,4
16234,Delta7,Delta7(PB15)_L1L9R8_R,R,glutamate,512513,EPG,EPG(PB08)_R1,R,4
15839,Delta7,Delta7(PB15)_L1L9R8_R,R,glutamate,512513,EPG,EPG(PB08)_R1,R,4
15399,Delta7,Delta7(PB15)_L1L9R8_R,R,glutamate,512513,EPG,EPG(PB08)_R1,R,4
14806,Delta7,Delta7(PB15)_L8R1R9_L,L,glutamate,512513,EPG,EPG(PB08)_R1,R,4
87630,FC2B,FC2B_C3_L,L,acetylcholine,513266,PFL3,PFL3(PB12c)_R3_C5,R,4
18327,PFL3,PFL3(PB12c)_R2_C6,R,acetylcholine,513266,PFL3,PFL3(PB12c)_R3_C5,R,4
15616,EPG,EPG(PB08)_R3,R,acetylcholine,513266,PFL3,PFL3(PB12c)_R3_C5,R,4
560327,FC2A,FC2A_C3_R,R,acetylcholine,523032,PFL3,PFL3(PB12c)_L2_C4,L,4
512514,EPG,EPG(PB08)_L1,L,acetylcholine,523032,PFL3,PFL3(PB12c)_L2_C4,L,4
131273,FC2A,FC2A_C5_R,R,acetylcholine,523032,PFL3,PFL3(PB12c)_L2_C4,L,4
17290,PFL3,PFL3(PB12c)_L6_C8,L,acetylcholine,523032,PFL3,PFL3(PB12c)_L2_C4,L,4
92188,EPG,EPG(PB08)_R7,R,acetylcholine,11503,EPG,EPG(PB08)_R8,R,4
521812,EPG,EPG(PB08)_R7,R,acetylcholine,15399,Delta7,Delta7(PB15)_L1L9R8_R,R,4
88342,EPG,EPG(PB08)_L3,L,acetylcholine,15399,Delta7,Delta7(PB15)_L1L9R8_R,R,4
14806,Delta7,Delta7(PB15)_L8R1R9_L,L,glutamate,15399,Delta7,Delta7(PB15)_L1L9R8_R,R,4
523032,PFL3,PFL3(PB12c)_L2_C4,L,acetylcholine,530071,PFL3,PFL3(PB12c)_L3_C5,L,4
26038,PFL3,PFL3(PB12c)_L5_C7,L,acetylcholine,530071,PFL3,PFL3(PB12c)_L3_C5,L,4
17000,PFL3,PFL3(PB12c)_L1_C3,L,acetylcholine,530071,PFL3,PFL3(PB12c)_L3_C5,L,4
515675,EPG,EPG(PB08)_R1,R,acetylcholine,511841,Delta7,Delta7(PB15)_L2R7_R,R,4
15495,Delta7,Delta7(PB15)_L3R6_R,R,glutamate,511841,Delta7,Delta7(PB15)_L2R7_R,R,4
15409,Delta7,Delta7(PB15)_L8R1R9_L,L,glutamate,511841,Delta7,Delta7(PB15)_L2R7_R,R,4
14507,EPG,EPG(PB08)_R7,R,acetylcholine,511841,Delta7,Delta7(PB15)_L2R7_R,R,4
533436,FC2C,FC2C_C7_L,L,acetylcholine,91537,FC2C,FC2C_C5_L,L,4
106495,FC2B,FC2B_C6_R,R,acetylcholine,91537,FC2C,FC2C_C5_L,L,4
556347,EPG,EPG(PB08)_R4,R,acetylcholine,15851,Delta7,Delta7(PB15)_L6R4_L,L,4
19825,EPG,EPG(PB08)_R6,R,acetylcholine,15851,Delta7,Delta7(PB15)_L6R4_L,L,4
19125,EPG,EPG(PB08)_R5,R,acetylcholine,15851,Delta7,Delta7(PB15)_L6R4_L,L,4
16553,Delta7,Delta7(PB15)_L5R4_L,L,glutamate,15851,Delta7,Delta7(PB15)_L6R4_L,L,4
15713,EPG,EPG(PB08)_L6,L,acetylcholine,15851,Delta7,Delta7(PB15)_L6R4_L,L,4
15398,Delta7,Delta7(PB15)_L4R5_R,R,glutamate,15851,Delta7,Delta7(PB15)_L6R4_L,L,4
518375,PFL2,PFL2(PB12b)_R3_C3,R,acetylcholine,522853,PFL2,PFL2(PB12b)_R2_C4,R,4
140794,FC2C,FC2C_C3_R,R,acetylcholine,522853,PFL2,PFL2(PB12b)_R2_C4,R,4
14729,PFL2,PFL2(PB12b)_R1_C5,R,acetylcholine,522853,PFL2,PFL2(PB12b)_R2_C4,R,4
16180,Delta7,Delta7(PB15)_L3R6_R,R,glutamate,19125,EPG,EPG(PB08)_R5,R,4
519331,Delta7,Delta7(PB15)_L3R7_R,R,glutamate,131313,EPG,EPG(PB08)_R6,R,4
88342,EPG,EPG(PB08)_L3,L,acetylcholine,131313,EPG,EPG(PB08)_R6,R,4
18823,Delta7,Delta7(PB15)_L4R5_R,R,glutamate,131313,EPG,EPG(PB08)_R6,R,4
14507,EPG,EPG(PB08)_R7,R,acetylcholine,131313,EPG,EPG(PB08)_R6,R,4
14509,Delta7,Delta7(PB15)_L4R6_R,R,glutamate,131313,EPG,EPG(PB08)_R6,R,4
148830,FC2C,FC2C_C5_R,R,acetylcholine,18327,PFL3,PFL3(PB12c)_R2_C6,R,4
18851,PFL3,PFL3(PB12c)_L1_C8_irreg,R,acetylcholine,18327,PFL3,PFL3(PB12c)_R2_C6,R,4
521812,EPG,EPG(PB08)_R7,R,acetylcholine,19825,EPG,EPG(PB08)_R6,R,4
514126,EPG,EPG(PB08)_R5,R,acetylcholine,19825,EPG,EPG(PB08)_R6,R,4
513517,EPG,EPG(PB08)_L4,L,acetylcholine,19825,EPG,EPG(PB08)_R6,R,4
14507,EPG,EPG(PB08)_R7,R,acetylcholine,19825,EPG,EPG(PB08)_R6,R,4
556346,EPG,EPG(PB08)_L6,L,acetylcholine,16110,Delta7,Delta7(PB15)_L3R6_R,R,4
519332,Delta7,Delta7(PB15)_L2R7_R,R,glutamate,16110,Delta7,Delta7(PB15)_L3R6_R,R,4
513520,EPG,EPG(PB08)_R6,R,acetylcholine,16110,Delta7,Delta7(PB15)_L3R6_R,R,4
18823,Delta7,Delta7(PB15)_L4R5_R,R,glutamate,16110,Delta7,Delta7(PB15)_L3R6_R,R,4
15713,EPG,EPG(PB08)_L6,L,acetylcholine,16110,Delta7,Delta7(PB15)_L3R6_R,R,4
560327,FC2A,FC2A_C3_R,R,acetylcholine,532704,FC2A,FC2A_C1_R,R,4
55401,FC2A,FC2A_C9_R,R,acetylcholine,33382,FC2A,FC2A_C8_R,R,4
115674,FC2C,FC2C_C4_R,R,acetylcholine,66750,FC2C,FC2C_C4_R,R,4
513284,EPG,EPG(PB08)_R3,R,acetylcholine,15654,Delta7,Delta7(PB15)_L8R1R9_L,L,4
16869,Delta7,Delta7(PB15)_L7R3_L,L,glutamate,15654,Delta7,Delta7(PB15)_L8R1R9_L,L,4
16412,Delta7,Delta7(PB15)_L7R2_L,L,glutamate,15654,Delta7,Delta7(PB15)_L8R1R9_L,L,4
15839,Delta7,Delta7(PB15)_L1L9R8_R,R,glutamate,15654,Delta7,Delta7(PB15)_L8R1R9_L,L,4
13217,EPG,EPG(PB08)_L8,L,acetylcholine,15654,Delta7,Delta7(PB15)_L8R1R9_L,L,4
74326,FC2B,FC2B_C8_L,L,acetylcholine,119819,FC2C,FC2C_C8_L,L,4
519358,FC2B,FC2B_C4_R,R,acetylcholine,518375,PFL2,PFL2(PB12b)_R3_C3,R,4
236557,FC2C,FC2C_C3_R,R,acetylcholine,518375,PFL2,PFL2(PB12b)_R3_C3,R,4
170539,FC2A,FC2A_C4_R,R,acetylcholine,518375,PFL2,PFL2(PB12b)_R3_C3,R,4
139763,FC2C,FC2C_C2_R,R,acetylcholine,518375,PFL2,PFL2(PB12b)_R3_C3,R,4
27492,PFL2,PFL2(PB12b)_L3_C7,L,acetylcholine,518375,PFL2,PFL2(PB12b)_R3_C3,R,4
14729,PFL2,PFL2(PB12b)_R1_C5,R,acetylcholine,518375,PFL2,PFL2(PB12b)_R3_C3,R,4
11557,PFL2,PFL2(PB12b)_L3_C7,L,acetylcholine,518375,PFL2,PFL2(PB12b)_R3_C3,R,4
122334,FC2C,FC2C_C7_L,L,acetylcholine,519346,PFL3,PFL3(PB12c)_L7_C9,L,4
112888,FC2C,FC2C_C8_L,L,acetylcholine,519346,PFL3,PFL3(PB12c)_L7_C9,L,4
44554,FC2B,FC2B_C8_R,R,acetylcholine,519346,PFL3,PFL3(PB12c)_L7_C9,L,4
26038,PFL3,PFL3(PB12c)_L5_C7,L,acetylcholine,519346,PFL3,PFL3(PB12c)_L7_C9,L,4
530071,PFL3,PFL3(PB12c)_L3_C5,L,acetylcholine,108478,PFL3,PFL3(PB12c)_L1_C3,L,4
519351,PFL3,PFL3(PB12c)_L4_C5,L,acetylcholine,108478,PFL3,PFL3(PB12c)_L1_C3,L,4
519346,PFL3,PFL3(PB12c)_L7_C9,L,acetylcholine,108478,PFL3,PFL3(PB12c)_L1_C3,L,4
511841,Delta7,Delta7(PB15)_L2R7_R,R,glutamate,108478,PFL3,PFL3(PB12c)_L1_C3,L,4
29836,PFL3,PFL3(PB12c)_L4_C6,L,acetylcholine,108478,PFL3,PFL3(PB12c)_L1_C3,L,4
15210,PFL3,PFL3(PB12c)_R2_C1_irreg,L,acetylcholine,108478,PFL3,PFL3(PB12c)_L1_C3,L,4
519140,EPG,EPG(PB08)_L1,L,acetylcholine,519332,Delta7,Delta7(PB15)_L2R7_R,R,4
515675,EPG,EPG(PB08)_R1,R,acetylcholine,519332,Delta7,Delta7(PB15)_L2R7_R,R,4
11307,EPG,EPG(PB08)_L4,L,acetylcholine,519332,Delta7,Delta7(PB15)_L2R7_R,R,4
556347,EPG,EPG(PB08)_R4,R,acetylcholine,16869,Delta7,Delta7(PB15)_L7R3_L,L,4
521409,EPG,EPG(PB08)_L8,L,acetylcholine,16869,Delta7,Delta7(PB15)_L7R3_L,L,4
515675,EPG,EPG(PB08)_R1,R,acetylcholine,16869,Delta7,Delta7(PB15)_L7R3_L,L,4
74326,FC2B,FC2B_C8_L,L,acetylcholine,513032,PFL3,PFL3(PB12c)_L5_C7,L,4
44554,FC2B,FC2B_C8_R,R,acetylcholine,513032,PFL3,PFL3(PB12c)_L5_C7,L,4
17804,Delta7,Delta7(PB15)_L7R2_L,L,glutamate,568155,Delta7,Delta7(PB15)_L8R1R9_L,L,4
530445,FC2B,FC2B_C6_L,L,acetylcholine,551404,FC2C,FC2C_C6_L,L,4
514126,EPG,EPG(PB08)_R5,R,acetylcholine,11989,EPG,EPG(PB08)_L5,L,4
518375,PFL2,PFL2(PB12b)_R3_C3,R,acetylcholine,513034,PFL2,PFL2(PB12b)_L5_C9,L,4
27492,PFL2,PFL2(PB12b)_L3_C7,L,acetylcholine,513034,PFL2,PFL2(PB12b)_L5_C9,L,4
19715,PFL2,PFL2(PB12b)_L4_C8,L,acetylcholine,513034,PFL2,PFL2(PB12b)_L5_C9,L,4
16180,Delta7,Delta7(PB15)_L3R6_R,R,glutamate,513034,PFL2,PFL2(PB12b)_L5_C9,L,4
11673,PFL2,PFL2(PB12b)_R4_C2,R,acetylcholine,513034,PFL2,PFL2(PB12b)_L5_C9,L,4
533436,FC2C,FC2C_C7_L,L,acetylcholine,45343,FC2C,FC2C_C7_L,L,4
529992,FC2C,FC2C_C1_R,R,acetylcholine,17286,PFL3,PFL3(PB12c)_R1_C2_irreg,L,4
519351,PFL3,PFL3(PB12c)_L4_C5,L,acetylcholine,17286,PFL3,PFL3(PB12c)_R1_C2_irreg,L,4
68502,FC2C,FC2C_C1_L,L,acetylcholine,17286,PFL3,PFL3(PB12c)_R1_C2_irreg,L,4
29836,PFL3,PFL3(PB12c)_L4_C6,L,acetylcholine,17286,PFL3,PFL3(PB12c)_R1_C2_irreg,L,4
520573,PFL2,PFL2(PB12b)_R5_C1,R,acetylcholine,13490,PFL2,PFL2(PB12b)_L1_C5,L,4
513034,PFL2,PFL2(PB12b)_L5_C9,L,acetylcholine,13490,PFL2,PFL2(PB12b)_L1_C5,L,4
512513,EPG,EPG(PB08)_R1,R,acetylcholine,13490,PFL2,PFL2(PB12b)_L1_C5,L,4
85400,FC2B,FC2B_C7_R,R,acetylcholine,13490,PFL2,PFL2(PB12b)_L1_C5,L,4
79549,PFL3,PFL3(PB12c)_R7_C1,R,acetylcholine,19009,PFL3,PFL3(PB12c)_L2_C9_irreg,R,4
50431,FC2C,FC2C_C8_R,R,acetylcholine,19009,PFL3,PFL3(PB12c)_L2_C9_irreg,R,4
35322,PFL3,PFL3(PB12c)_R1_C7,R,acetylcholine,19009,PFL3,PFL3(PB12c)_L2_C9_irreg,R,4
15399,Delta7,Delta7(PB15)_L1L9R8_R,R,glutamate,19009,PFL3,PFL3(PB12c)_L2_C9_irreg,R,4
519941,EPG,EPG(PB08)_L3,L,acetylcholine,15837,Delta7,Delta7(PB15)_L1L9R8_R,R,4
519140,EPG,EPG(PB08)_L1,L,acetylcholine,15837,Delta7,Delta7(PB15)_L1L9R8_R,R,4
434891,Delta7,Delta7(PB15)_L3R7_R,R,glutamate,15837,Delta7,Delta7(PB15)_L1L9R8_R,R,4
19825,EPG,EPG(PB08)_R6,R,acetylcholine,15398,Delta7,Delta7(PB15)_L4R5_R,R,4
15713,EPG,EPG(PB08)_L6,L,acetylcholine,15398,Delta7,Delta7(PB15)_L4R5_R,R,4
15495,Delta7,Delta7(PB15)_L3R6_R,R,glutamate,15398,Delta7,Delta7(PB15)_L4R5_R,R,4
14507,EPG,EPG(PB08)_R7,R,acetylcholine,15398,Delta7,Delta7(PB15)_L4R5_R,R,4
521812,EPG,EPG(PB08)_R7,R,acetylcholine,17024,Delta7,Delta7(PB15)_L5R4_L,L,4
513517,EPG,EPG(PB08)_L4,L,acetylcholine,17024,Delta7,Delta7(PB15)_L5R4_L,L,4
11874,EPG,EPG(PB08)_L7,L,acetylcholine,17024,Delta7,Delta7(PB15)_L5R4_L,L,4
520818,EPG,EPG(PB08)_L4,L,acetylcholine,12449,EPG,EPG(PB08)_L5,L,4
515961,Delta7,Delta7(PB15)_L6R3_L,L,glutamate,12449,EPG,EPG(PB08)_L5,L,4
513520,EPG,EPG(PB08)_R6,R,acetylcholine,12449,EPG,EPG(PB08)_L5,L,4
14816,Delta7,Delta7(PB15)_L6R4_L,L,glutamate,12449,EPG,EPG(PB08)_L5,L,4
567101,PFL3,PFL3(PB12c)_R3_C5,R,acetylcholine,23159,PFL3,PFL3(PB12c)_R4_C4,R,4
546044,FC2C,FC2C_C3_R,R,acetylcholine,23159,PFL3,PFL3(PB12c)_R4_C4,R,4
131273,FC2A,FC2A_C5_R,R,acetylcholine,23159,PFL3,PFL3(PB12c)_R4_C4,R,4
89635,FC2B,FC2B_C3_R,R,acetylcholine,23159,PFL3,PFL3(PB12c)_R4_C4,R,4
524977,FC2C,FC2C_C3_L,L,acetylcholine,560327,FC2A,FC2A_C3_R,R,4
34203,FC2B,FC2B_C1_R,R,acetylcholine,560327,FC2A,FC2A_C3_R,R,4
532704,FC2A,FC2A_C1_R,R,acetylcholine,45876,FC2A,FC2A_C7_R,R,4
85400,FC2B,FC2B_C7_R,R,acetylcholine,45876,FC2A,FC2A_C7_R,R,4
56382,FC2A,FC2A_C6_L,L,acetylcholine,45876,FC2A,FC2A_C7_R,R,4
40179,FC2A,FC2A_C7_L,L,acetylcholine,45876,FC2A,FC2A_C7_R,R,4
551404,FC2C,FC2C_C6_L,L,acetylcholine,519351,PFL3,PFL3(PB12c)_L4_C5,L,4
153558,FC2C,FC2C_C5_R,R,acetylcholine,519351,PFL3,PFL3(PB12c)_L4_C5,L,4
56382,FC2A,FC2A_C6_L,L,acetylcholine,519351,PFL3,PFL3(PB12c)_L4_C5,L,4
17379,Delta7,Delta7(PB15)_L4R5_R,R,glutamate,519351,PFL3,PFL3(PB12c)_L4_C5,L,4
15398,Delta7,Delta7(PB15)_L4R5_R,R,glutamate,519351,PFL3,PFL3(PB12c)_L4_C5,L,4
127661,FC2C,FC2C_C6_R,R,acetylcholine,101011,FC2C,FC2C_C6_R,R,4
556347,EPG,EPG(PB08)_R4,R,acetylcholine,515294,Delta7,Delta7(PB15)_L5R4_L,L,4
14727,EPG,EPG(PB08)_L7,L,acetylcholine,515294,Delta7,Delta7(PB15)_L5R4_L,L,4
519144,EPG,EPG(PB08)_L8,L,acetylcholine,11184,Delta7,Delta7(PB15)_L1L9R8_R,R,4
512513,EPG,EPG(PB08)_R1,R,acetylcholine,11184,Delta7,Delta7(PB15)_L1L9R8_R,R,4
95713,FC2C,FC2C_C4_L,L,acetylcholine,137990,FC2B,FC2B_C3_L,L,4
87630,FC2B,FC2B_C3_L,L,acetylcholine,137990,FC2B,FC2B_C3_L,L,4
79204,FC2C,FC2C_C3_L,L,acetylcholine,137990,FC2B,FC2B_C3_L,L,4
521409,EPG,EPG(PB08)_L8,L,acetylcholine,35324,Delta7,Delta7(PB15)_L5R4_L,L,4
520581,EPG,EPG(PB08)_R4,R,acetylcholine,35324,Delta7,Delta7(PB15)_L5R4_L,L,4
84758,EPG,EPG(PB08)_L7,L,acetylcholine,35324,Delta7,Delta7(PB15)_L5R4_L,L,4
14727,EPG,EPG(PB08)_L7,L,acetylcholine,35324,Delta7,Delta7(PB15)_L5R4_L,L,4
513464,EPG,EPG(PB08)_R8,R,acetylcholine,16234,Delta7,Delta7(PB15)_L1L9R8_R,R,4
14507,EPG,EPG(PB08)_R7,R,acetylcholine,16234,Delta7,Delta7(PB15)_L1L9R8_R,R,4
137299,FC2A,FC2A_C5_L,L,acetylcholine,71855,FC2A,FC2A_C3_L,L,4
41559,FC2A,FC2A_C9_L,L,acetylcholine,71855,FC2A,FC2A_C3_L,L,4
29674,FC2A,FC2A_C2_L,L,acetylcholine,71855,FC2A,FC2A_C3_L,L,4
35277,FC2B,FC2B_C8_R,R,acetylcholine,68271,FC2B,FC2B_C7_L,L,4
518606,FC2A,FC2A_C8_L,L,acetylcholine,36201,FC2A,FC2A_C4_L,L,4
71855,FC2A,FC2A_C3_L,L,acetylcholine,36201,FC2A,FC2A_C4_L,L,4
46169,FC2A,FC2A_C1_L,L,acetylcholine,36201,FC2A,FC2A_C4_L,L,4
45876,FC2A,FC2A_C7_R,R,acetylcholine,85400,FC2B,FC2B_C7_R,R,4
513284,EPG,EPG(PB08)_R3,R,acetylcholine,84758,EPG,EPG(PB08)_L7,L,4
16476,Delta7,Delta7(PB15)_L7R2_L,L,glutamate,84758,EPG,EPG(PB08)_L7,L,4
513463,EPG,EPG(PB08)_R2,R,acetylcholine,17753,Delta7,Delta7(PB15)_L7R3_L,L,4
512513,EPG,EPG(PB08)_R1,R,acetylcholine,17753,Delta7,Delta7(PB15)_L7R3_L,L,4
15851,Delta7,Delta7(PB15)_L6R4_L,L,glutamate,17753,Delta7,Delta7(PB15)_L7R3_L,L,4
15654,Delta7,Delta7(PB15)_L8R1R9_L,L,glutamate,17753,Delta7,Delta7(PB15)_L7R3_L,L,4
519144,EPG,EPG(PB08)_L8,L,acetylcholine,522994,Delta7,Delta7(PB15)_L6R3_L,L,4
84758,EPG,EPG(PB08)_L7,L,acetylcholine,522994,Delta7,Delta7(PB15)_L6R3_L,L,4
15713,EPG,EPG(PB08)_L6,L,acetylcholine,522994,Delta7,Delta7(PB15)_L6R3_L,L,4
524073,EPG,EPG(PB08)_L2,L,acetylcholine,513033,EPG,EPG(PB08)_L8,L,4
14727,EPG,EPG(PB08)_L7,L,acetylcholine,513033,EPG,EPG(PB08)_L8,L,4
50885,FC2C,FC2C_C2_L,L,acetylcholine,537128,FC2C,FC2C_C1_L,L,4
19825,EPG,EPG(PB08)_R6,R,acetylcholine,514126,EPG,EPG(PB08)_R5,R,4
521409,EPG,EPG(PB08)_L8,L,acetylcholine,520818,EPG,EPG(PB08)_L4,L,4
515961,Delta7,Delta7(PB15)_L6R3_L,L,glutamate,16360,EPG,EPG(PB08)_L6,L,4
533725,Delta7,Delta7(PB15)_L8R1R9_L,L,glutamate,513463,EPG,EPG(PB08)_R2,R,4
512928,EPG,EPG(PB08)_R3,R,acetylcholine,15409,Delta7,Delta7(PB15)_L8R1R9_L,L,4
18639,Delta7,Delta7(PB15)_L7R2_L,L,glutamate,15409,Delta7,Delta7(PB15)_L8R1R9_L,L,4
29674,FC2A,FC2A_C2_L,L,acetylcholine,526406,FC2A,FC2A_C2_R,R,4
531073,FC2C,FC2C_C9_R,R,acetylcholine,19715,PFL2,PFL2(PB12b)_L4_C8,L,4
520573,PFL2,PFL2(PB12b)_R5_C1,R,acetylcholine,19715,PFL2,PFL2(PB12b)_L4_C8,L,4
519941,EPG,EPG(PB08)_L3,L,acetylcholine,19715,PFL2,PFL2(PB12b)_L4_C8,L,4
50461,FC2B,FC2B_C9_R,R,acetylcholine,19715,PFL2,PFL2(PB12b)_L4_C8,L,4
18851,PFL3,PFL3(PB12c)_L1_C8_irreg,R,acetylcholine,79549,PFL3,PFL3(PB12c)_R7_C1,R,4
524977,FC2C,FC2C_C3_L,L,acetylcholine,13031,PFL2,PFL2(PB12b)_R3_C3,R,4
515233,FC2B,FC2B_C2_R,R,acetylcholine,13031,PFL2,PFL2(PB12b)_R3_C3,R,4
434891,Delta7,Delta7(PB15)_L3R7_R,R,glutamate,13031,PFL2,PFL2(PB12b)_R3_C3,R,4
139763,FC2C,FC2C_C2_R,R,acetylcholine,13031,PFL2,PFL2(PB12b)_R3_C3,R,4
14509,Delta7,Delta7(PB15)_L4R6_R,R,glutamate,11987,EPG,EPG(PB08)_R5,R,4
515675,EPG,EPG(PB08)_R1,R,acetylcholine,511842,PFL2,PFL2(PB12b)_L2_C6,L,4
513034,PFL2,PFL2(PB12b)_L5_C9,L,acetylcholine,511842,PFL2,PFL2(PB12b)_L2_C6,L,4
35277,FC2B,FC2B_C8_R,R,acetylcholine,511842,PFL2,PFL2(PB12b)_L2_C6,L,4
550660,FC2C,FC2C_C7_R,R,acetylcholine,108286,FC2C,FC2C_C7_R,R,4
513284,EPG,EPG(PB08)_R3,R,acetylcholine,11874,EPG,EPG(PB08)_L7,L,4
122334,FC2C,FC2C_C7_L,L,acetylcholine,11874,EPG,EPG(PB08)_L7,L,4
17753,Delta7,Delta7(PB15)_L7R3_L,L,glutamate,11874,EPG,EPG(PB08)_L7,L,4
137990,FC2B,FC2B_C3_L,L,acetylcholine,14729,PFL2,PFL2(PB12b)_R1_C5,R,4
529266,FC2C,FC2C_C2_L,L,acetylcholine,17000,PFL3,PFL3(PB12c)_L1_C3,L,4
511841,Delta7,Delta7(PB15)_L2R7_R,R,glutamate,17000,PFL3,PFL3(PB12c)_L1_C3,L,4
66750,FC2C,FC2C_C4_R,R,acetylcholine,17000,PFL3,PFL3(PB12c)_L1_C3,L,4
29836,PFL3,PFL3(PB12c)_L4_C6,L,acetylcholine,17000,PFL3,PFL3(PB12c)_L1_C3,L,4
17290,PFL3,PFL3(PB12c)_L6_C8,L,acetylcholine,17000,PFL3,PFL3(PB12c)_L1_C3,L,4
17286,PFL3,PFL3(PB12c)_R1_C2_irreg,L,acetylcholine,17000,PFL3,PFL3(PB12c)_L1_C3,L,4
16540,Delta7,Delta7(PB15)_L2R7_R,R,glutamate,17000,PFL3,PFL3(PB12c)_L1_C3,L,4
520573,PFL2,PFL2(PB12b)_R5_C1,R,acetylcholine,11673,PFL2,PFL2(PB12b)_R4_C2,R,4
517417,Delta7,Delta7(PB15)_L6R3_L,L,glutamate,11673,PFL2,PFL2(PB12b)_R4_C2,R,4
14729,PFL2,PFL2(PB12b)_R1_C5,R,acetylcholine,11673,PFL2,PFL2(PB12b)_R4_C2,R,4
522994,Delta7,Delta7(PB15)_L6R3_L,L,glutamate,524074,Delta7,Delta7(PB15)_L5R4_L,L,4
88342,EPG,EPG(PB08)_L3,L,acetylcholine,524074,Delta7,Delta7(PB15)_L5R4_L,L,4
533436,FC2C,FC2C_C7_L,L,acetylcholine,57603,FC2C,FC2C_C9_L,L,4
50461,FC2B,FC2B_C9_R,R,acetylcholine,57603,FC2C,FC2C_C9_L,L,4
515294,Delta7,Delta7(PB15)_L5R4_L,L,glutamate,529318,Delta7,Delta7(PB15)_L4R5_R,R,4
16110,Delta7,Delta7(PB15)_L3R6_R,R,glutamate,529318,Delta7,Delta7(PB15)_L4R5_R,R,4
11987,EPG,EPG(PB08)_R5,R,acetylcholine,529318,Delta7,Delta7(PB15)_L4R5_R,R,4
519331,Delta7,Delta7(PB15)_L3R7_R,R,glutamate,10513,Delta7,Delta7(PB15)_L3R6_R,R,4
35324,Delta7,Delta7(PB15)_L5R4_L,L,glutamate,10513,Delta7,Delta7(PB15)_L3R6_R,R,4
17024,Delta7,Delta7(PB15)_L5R4_L,L,glutamate,10513,Delta7,Delta7(PB15)_L3R6_R,R,4
11503,EPG,EPG(PB08)_R8,R,acetylcholine,10513,Delta7,Delta7(PB15)_L3R6_R,R,4
11184,Delta7,Delta7(PB15)_L1L9R8_R,R,glutamate,10513,Delta7,Delta7(PB15)_L3R6_R,R,4
520818,EPG,EPG(PB08)_L4,L,acetylcholine,519941,EPG,EPG(PB08)_L3,L,4
519140,EPG,EPG(PB08)_L1,L,acetylcholine,519941,EPG,EPG(PB08)_L3,L,4
45876,FC2A,FC2A_C7_R,R,acetylcholine,56382,FC2A,FC2A_C6_L,L,4
519941,EPG,EPG(PB08)_L3,L,acetylcholine,17379,Delta7,Delta7(PB15)_L4R5_R,R,4
515294,Delta7,Delta7(PB15)_L5R4_L,L,glutamate,17379,Delta7,Delta7(PB15)_L4R5_R,R,4
88342,EPG,EPG(PB08)_L3,L,acetylcholine,17379,Delta7,Delta7(PB15)_L4R5_R,R,4
520811,PFL3,PFL3(PB12c)_R6_C2,R,acetylcholine,18851,PFL3,PFL3(PB12c)_L1_C8_irreg,R,4
79549,PFL3,PFL3(PB12c)_R7_C1,R,acetylcholine,18851,PFL3,PFL3(PB12c)_L1_C8_irreg,R,4
26488,PFL3,PFL3(PB12c)_R5_C3,R,acetylcholine,18851,PFL3,PFL3(PB12c)_L1_C8_irreg,R,4
23159,PFL3,PFL3(PB12c)_R4_C4,R,acetylcholine,18851,PFL3,PFL3(PB12c)_L1_C8_irreg,R,4
534662,FC2C,FC2C_C8_R,R,acetylcholine,51782,FC2C,FC2C_C2_R,R,3
529266,FC2C,FC2C_C2_L,L,acetylcholine,51782,FC2C,FC2C_C2_R,R,3
109752,FC2C,FC2C_C9_R,R,acetylcholine,51782,FC2C,FC2C_C2_R,R,3
15495,Delta7,Delta7(PB15)_L3R6_R,R,glutamate,92188,EPG,EPG(PB08)_R7,R,3
551404,FC2C,FC2C_C6_L,L,acetylcholine,567101,PFL3,PFL3(PB12c)_R3_C5,R,3
434891,Delta7,Delta7(PB15)_L3R7_R,R,glutamate,567101,PFL3,PFL3(PB12c)_R3_C5,R,3
115261,FC2C,FC2C_C6_L,L,acetylcholine,567101,PFL3,PFL3(PB12c)_R3_C5,R,3
26488,PFL3,PFL3(PB12c)_R5_C3,R,acetylcholine,567101,PFL3,PFL3(PB12c)_R3_C5,R,3
23159,PFL3,PFL3(PB12c)_R4_C4,R,acetylcholine,567101,PFL3,PFL3(PB12c)_R3_C5,R,3
16476,Delta7,Delta7(PB15)_L7R2_L,L,glutamate,567101,PFL3,PFL3(PB12c)_R3_C5,R,3
513464,EPG,EPG(PB08)_R8,R,acetylcholine,16412,Delta7,Delta7(PB15)_L7R2_L,L,3
512514,EPG,EPG(PB08)_L1,L,acetylcholine,16412,Delta7,Delta7(PB15)_L7R2_L,L,3
10539,EPG,EPG(PB08)_R2,R,acetylcholine,16412,Delta7,Delta7(PB15)_L7R2_L,L,3
55401,FC2A,FC2A_C9_R,R,acetylcholine,39538,FC2A,FC2A_C6_R,R,3
87630,FC2B,FC2B_C3_L,L,acetylcholine,524977,FC2C,FC2C_C3_L,L,3
106495,FC2B,FC2B_C6_R,R,acetylcholine,124562,FC2C,FC2C_C5_L,L,3
16360,EPG,EPG(PB08)_L6,L,acetylcholine,16553,Delta7,Delta7(PB15)_L5R4_L,L,3
15851,Delta7,Delta7(PB15)_L6R4_L,L,glutamate,16553,Delta7,Delta7(PB15)_L5R4_L,L,3
15616,EPG,EPG(PB08)_R3,R,acetylcholine,16553,Delta7,Delta7(PB15)_L5R4_L,L,3
556347,EPG,EPG(PB08)_R4,R,acetylcholine,513284,EPG,EPG(PB08)_R3,R,3
84758,EPG,EPG(PB08)_L7,L,acetylcholine,513284,EPG,EPG(PB08)_R3,R,3
16476,Delta7,Delta7(PB15)_L7R2_L,L,glutamate,513284,EPG,EPG(PB08)_R3,R,3
60670,FC2C,FC2C_C1_R,R,acetylcholine,529992,FC2C,FC2C_C1_R,R,3
55415,FC2B,FC2B_C1_R,R,acetylcholine,529992,FC2C,FC2C_C1_R,R,3
51782,FC2C,FC2C_C2_R,R,acetylcholine,529992,FC2C,FC2C_C1_R,R,3
513517,EPG,EPG(PB08)_L4,L,acetylcholine,17143,Delta7,Delta7(PB15)_L2R7_R,R,3
513464,EPG,EPG(PB08)_R8,R,acetylcholine,17143,Delta7,Delta7(PB15)_L2R7_R,R,3
92188,EPG,EPG(PB08)_R7,R,acetylcholine,17143,Delta7,Delta7(PB15)_L2R7_R,R,3
14507,EPG,EPG(PB08)_R7,R,acetylcholine,17143,Delta7,Delta7(PB15)_L2R7_R,R,3
526406,FC2A,FC2A_C2_R,R,acetylcholine,33356,FC2B,FC2B_C2_L,L,3
103466,FC2B,FC2B_C2_L,L,acetylcholine,33356,FC2B,FC2B_C2_L,L,3
33382,FC2A,FC2A_C8_R,R,acetylcholine,55401,FC2A,FC2A_C9_R,R,3
521813,EPG,EPG(PB08)_L2,L,acetylcholine,513464,EPG,EPG(PB08)_R8,R,3
519144,EPG,EPG(PB08)_L8,L,acetylcholine,513464,EPG,EPG(PB08)_R8,R,3
519328,EPG,EPG(PB08)_L3,L,acetylcholine,524073,EPG,EPG(PB08)_L2,L,3
519331,Delta7,Delta7(PB15)_L3R7_R,R,glutamate,524073,EPG,EPG(PB08)_L2,L,3
11184,Delta7,Delta7(PB15)_L1L9R8_R,R,glutamate,524073,EPG,EPG(PB08)_L2,L,3
511841,Delta7,Delta7(PB15)_L2R7_R,R,glutamate,520811,PFL3,PFL3(PB12c)_R6_C2,R,3
35322,PFL3,PFL3(PB12c)_R1_C7,R,acetylcholine,520811,PFL3,PFL3(PB12c)_R6_C2,R,3
19125,EPG,EPG(PB08)_R5,R,acetylcholine,520811,PFL3,PFL3(PB12c)_R6_C2,R,3
19009,PFL3,PFL3(PB12c)_L2_C9_irreg,R,acetylcholine,520811,PFL3,PFL3(PB12c)_R6_C2,R,3
524073,EPG,EPG(PB08)_L2,L,acetylcholine,11307,EPG,EPG(PB08)_L4,L,3
519328,EPG,EPG(PB08)_L3,L,acetylcholine,11307,EPG,EPG(PB08)_L4,L,3
107195,EPG,EPG(PB08)_L5,L,acetylcholine,11307,EPG,EPG(PB08)_L4,L,3
35324,Delta7,Delta7(PB15)_L5R4_L,L,glutamate,11307,EPG,EPG(PB08)_L4,L,3
14727,EPG,EPG(PB08)_L7,L,acetylcholine,11307,EPG,EPG(PB08)_L4,L,3
13217,EPG,EPG(PB08)_L8,L,acetylcholine,11307,EPG,EPG(PB08)_L4,L,3
512305,EPG,EPG(PB08)_R8,R,acetylcholine,521812,EPG,EPG(PB08)_R7,R,3
11184,Delta7,Delta7(PB15)_L1L9R8_R,R,glutamate,521812,EPG,EPG(PB08)_R7,R,3
68502,FC2C,FC2C_C1_L,L,acetylcholine,50885,FC2C,FC2C_C2_L,L,3
519358,FC2B,FC2B_C4_R,R,acetylcholine,115674,FC2C,FC2C_C4_R,R,3
141430,FC2C,FC2C_C3_R,R,acetylcholine,115674,FC2C,FC2C_C4_R,R,3
51782,FC2C,FC2C_C2_R,R,acetylcholine,115674,FC2C,FC2C_C4_R,R,3
521813,EPG,EPG(PB08)_L2,L,acetylcholine,14806,Delta7,Delta7(PB15)_L8R1R9_L,L,3
513284,EPG,EPG(PB08)_R3,R,acetylcholine,14806,Delta7,Delta7(PB15)_L8R1R9_L,L,3
512305,EPG,EPG(PB08)_R8,R,acetylcholine,14806,Delta7,Delta7(PB15)_L8R1R9_L,L,3
84758,EPG,EPG(PB08)_L7,L,acetylcholine,14806,Delta7,Delta7(PB15)_L8R1R9_L,L,3
16360,EPG,EPG(PB08)_L6,L,acetylcholine,512514,EPG,EPG(PB08)_L1,L,3
15839,Delta7,Delta7(PB15)_L1L9R8_R,R,glutamate,512514,EPG,EPG(PB08)_L1,L,3
33382,FC2A,FC2A_C8_R,R,acetylcholine,44554,FC2B,FC2B_C8_R,R,3
512928,EPG,EPG(PB08)_R3,R,acetylcholine,17804,Delta7,Delta7(PB15)_L7R2_L,L,3
10513,Delta7,Delta7(PB15)_L3R6_R,R,glutamate,16540,Delta7,Delta7(PB15)_L2R7_R,R,3
529318,Delta7,Delta7(PB15)_L4R5_R,R,glutamate,15495,Delta7,Delta7(PB15)_L3R6_R,R,3
107195,EPG,EPG(PB08)_L5,L,acetylcholine,15495,Delta7,Delta7(PB15)_L3R6_R,R,3
14507,EPG,EPG(PB08)_R7,R,acetylcholine,15495,Delta7,Delta7(PB15)_L3R6_R,R,3
520818,EPG,EPG(PB08)_L4,L,acetylcholine,14816,Delta7,Delta7(PB15)_L6R4_L,L,3
84758,EPG,EPG(PB08)_L7,L,acetylcholine,13217,EPG,EPG(PB08)_L8,L,3
11874,EPG,EPG(PB08)_L7,L,acetylcholine,13217,EPG,EPG(PB08)_L8,L,3
550660,FC2C,FC2C_C7_R,R,acetylcholine,148830,FC2C,FC2C_C5_R,R,3
140794,FC2C,FC2C_C3_R,R,acetylcholine,148830,FC2C,FC2C_C5_R,R,3
515675,EPG,EPG(PB08)_R1,R,acetylcholine,533725,Delta7,Delta7(PB15)_L8R1R9_L,L,3
521409,EPG,EPG(PB08)_L8,L,acetylcholine,15616,EPG,EPG(PB08)_R3,R,3
14816,Delta7,Delta7(PB15)_L6R4_L,L,glutamate,15616,EPG,EPG(PB08)_R3,R,3
513463,EPG,EPG(PB08)_R2,R,acetylcholine,18639,Delta7,Delta7(PB15)_L7R2_L,L,3
14727,EPG,EPG(PB08)_L7,L,acetylcholine,18639,Delta7,Delta7(PB15)_L7R2_L,L,3
513033,EPG,EPG(PB08)_L8,L,acetylcholine,14727,EPG,EPG(PB08)_L7,L,3
520573,PFL2,PFL2(PB12b)_R5_C1,R,acetylcholine,11557,PFL2,PFL2(PB12b)_L3_C7,L,3
519332,Delta7,Delta7(PB15)_L2R7_R,R,glutamate,11557,PFL2,PFL2(PB12b)_L3_C7,L,3
112888,FC2C,FC2C_C8_L,L,acetylcholine,11557,PFL2,PFL2(PB12b)_L3_C7,L,3
97443,FC2B,FC2B_C8_L,L,acetylcholine,11557,PFL2,PFL2(PB12b)_L3_C7,L,3
14729,PFL2,PFL2(PB12b)_R1_C5,R,acetylcholine,11557,PFL2,PFL2(PB12b)_L3_C7,L,3
13490,PFL2,PFL2(PB12b)_L1_C5,L,acetylcholine,11557,PFL2,PFL2(PB12b)_L3_C7,L,3
13031,PFL2,PFL2(PB12b)_R3_C3,R,acetylcholine,11557,PFL2,PFL2(PB12b)_L3_C7,L,3
11673,PFL2,PFL2(PB12b)_R4_C2,R,acetylcholine,11557,PFL2,PFL2(PB12b)_L3_C7,L,3
514126,EPG,EPG(PB08)_R5,R,acetylcholine,515675,EPG,EPG(PB08)_R1,R,3
15839,Delta7,Delta7(PB15)_L1L9R8_R,R,glutamate,515675,EPG,EPG(PB08)_R1,R,3
15616,EPG,EPG(PB08)_R3,R,acetylcholine,515675,EPG,EPG(PB08)_R1,R,3
103466,FC2B,FC2B_C2_L,L,acetylcholine,89635,FC2B,FC2B_C3_R,R,3
524073,EPG,EPG(PB08)_L2,L,acetylcholine,18823,Delta7,Delta7(PB15)_L4R5_R,R,3
521813,EPG,EPG(PB08)_L2,L,acetylcholine,18823,Delta7,Delta7(PB15)_L4R5_R,R,3
513520,EPG,EPG(PB08)_R6,R,acetylcholine,18823,Delta7,Delta7(PB15)_L4R5_R,R,3
11989,EPG,EPG(PB08)_L5,L,acetylcholine,18823,Delta7,Delta7(PB15)_L4R5_R,R,3
534662,FC2C,FC2C_C8_R,R,acetylcholine,74480,FC2C,FC2C_C9_R,R,3
531073,FC2C,FC2C_C9_R,R,acetylcholine,74480,FC2C,FC2C_C9_R,R,3
148830,FC2C,FC2C_C5_R,R,acetylcholine,74480,FC2C,FC2C_C9_R,R,3
551404,FC2C,FC2C_C6_L,L,acetylcholine,27492,PFL2,PFL2(PB12b)_L3_C7,L,3
522853,PFL2,PFL2(PB12b)_R2_C4,R,acetylcholine,27492,PFL2,PFL2(PB12b)_L3_C7,L,3
119544,FC2C,FC2C_C6_L,L,acetylcholine,27492,PFL2,PFL2(PB12b)_L3_C7,L,3
112888,FC2C,FC2C_C8_L,L,acetylcholine,27492,PFL2,PFL2(PB12b)_L3_C7,L,3
19715,PFL2,PFL2(PB12b)_L4_C8,L,acetylcholine,27492,PFL2,PFL2(PB12b)_L3_C7,L,3
107690,FC2B,FC2B_C4_L,L,acetylcholine,95713,FC2C,FC2C_C4_L,L,3
521409,EPG,EPG(PB08)_L8,L,acetylcholine,434891,Delta7,Delta7(PB15)_L3R7_R,R,3
88342,EPG,EPG(PB08)_L3,L,acetylcholine,434891,Delta7,Delta7(PB15)_L3R7_R,R,3
15837,Delta7,Delta7(PB15)_L1L9R8_R,R,glutamate,434891,Delta7,Delta7(PB15)_L3R7_R,R,3
513464,EPG,EPG(PB08)_R8,R,acetylcholine,15839,Delta7,Delta7(PB15)_L1L9R8_R,R,3
512513,EPG,EPG(PB08)_R1,R,acetylcholine,15839,Delta7,Delta7(PB15)_L1L9R8_R,R,3
14507,EPG,EPG(PB08)_R7,R,acetylcholine,15839,Delta7,Delta7(PB15)_L1L9R8_R,R,3
515233,FC2B,FC2B_C2_R,R,acetylcholine,29674,FC2A,FC2A_C2_L,L,3
41559,FC2A,FC2A_C9_L,L,acetylcholine,29674,FC2A,FC2A_C2_L,L,3
33356,FC2B,FC2B_C2_L,L,acetylcholine,29674,FC2A,FC2A_C2_L,L,3
520581,EPG,EPG(PB08)_R4,R,acetylcholine,513517,EPG,EPG(PB08)_L4,L,3
519328,EPG,EPG(PB08)_L3,L,acetylcholine,513517,EPG,EPG(PB08)_L4,L,3
131313,EPG,EPG(PB08)_R6,R,acetylcholine,513517,EPG,EPG(PB08)_L4,L,3
10513,Delta7,Delta7(PB15)_L3R6_R,R,glutamate,513517,EPG,EPG(PB08)_L4,L,3
149740,FC2B,FC2B_C9_L,L,acetylcholine,518606,FC2A,FC2A_C8_L,L,3
97443,FC2B,FC2B_C8_L,L,acetylcholine,518606,FC2A,FC2A_C8_L,L,3
71855,FC2A,FC2A_C3_L,L,acetylcholine,518606,FC2A,FC2A_C8_L,L,3
33382,FC2A,FC2A_C8_R,R,acetylcholine,518606,FC2A,FC2A_C8_L,L,3
29674,FC2A,FC2A_C2_L,L,acetylcholine,518606,FC2A,FC2A_C8_L,L,3
119544,FC2C,FC2C_C6_L,L,acetylcholine,550660,FC2C,FC2C_C7_R,R,3
68579,FC2C,FC2C_C5_R,R,acetylcholine,550660,FC2C,FC2C_C7_R,R,3
515233,FC2B,FC2B_C2_R,R,acetylcholine,34203,FC2B,FC2B_C1_R,R,3
60670,FC2C,FC2C_C1_R,R,acetylcholine,34203,FC2B,FC2B_C1_R,R,3
140787,FC2B,FC2B_C1_L,L,acetylcholine,46169,FC2A,FC2A_C1_L,L,3
567101,PFL3,PFL3(PB12c)_R3_C5,R,acetylcholine,518378,PFL3,PFL3(PB12c)_R5_C3,R,3
520811,PFL3,PFL3(PB12c)_R6_C2,R,acetylcholine,518378,PFL3,PFL3(PB12c)_R5_C3,R,3
519358,FC2B,FC2B_C4_R,R,acetylcholine,518378,PFL3,PFL3(PB12c)_R5_C3,R,3
51782,FC2C,FC2C_C2_R,R,acetylcholine,518378,PFL3,PFL3(PB12c)_R5_C3,R,3
18851,PFL3,PFL3(PB12c)_L1_C8_irreg,R,acetylcholine,518378,PFL3,PFL3(PB12c)_R5_C3,R,3
18803,PFL3,PFL3(PB12c)_R1_C7,R,acetylcholine,518378,PFL3,PFL3(PB12c)_R5_C3,R,3
50885,FC2C,FC2C_C2_L,L,acetylcholine,15210,PFL3,PFL3(PB12c)_R2_C1_irreg,L,3
29836,PFL3,PFL3(PB12c)_L4_C6,L,acetylcholine,15210,PFL3,PFL3(PB12c)_R2_C1_irreg,L,3
511841,Delta7,Delta7(PB15)_L2R7_R,R,glutamate,519140,EPG,EPG(PB08)_L1,L,3
84758,EPG,EPG(PB08)_L7,L,acetylcholine,519140,EPG,EPG(PB08)_L1,L,3
14727,EPG,EPG(PB08)_L7,L,acetylcholine,519140,EPG,EPG(PB08)_L1,L,3
17143,Delta7,Delta7(PB15)_L2R7_R,R,glutamate,519328,EPG,EPG(PB08)_L3,L,3
12449,EPG,EPG(PB08)_L5,L,acetylcholine,519328,EPG,EPG(PB08)_L3,L,3
236557,FC2C,FC2C_C3_R,R,acetylcholine,141430,FC2C,FC2C_C3_R,R,3
530071,PFL3,PFL3(PB12c)_L3_C5,L,acetylcholine,17290,PFL3,PFL3(PB12c)_L6_C8,L,3
519351,PFL3,PFL3(PB12c)_L4_C5,L,acetylcholine,17290,PFL3,PFL3(PB12c)_L6_C8,L,3
26038,PFL3,PFL3(PB12c)_L5_C7,L,acetylcholine,17290,PFL3,PFL3(PB12c)_L6_C8,L,3
16869,Delta7,Delta7(PB15)_L7R3_L,L,glutamate,17290,PFL3,PFL3(PB12c)_L6_C8,L,3
534662,FC2C,FC2C_C8_R,R,acetylcholine,50461,FC2B,FC2B_C9_R,R,3
96384,FC2B,FC2B_C5_R,R,acetylcholine,50461,FC2B,FC2B_C9_R,R,3
41559,FC2A,FC2A_C9_L,L,acetylcholine,50461,FC2B,FC2B_C9_R,R,3
521812,EPG,EPG(PB08)_R7,R,acetylcholine,16180,Delta7,Delta7(PB15)_L3R6_R,R,3
520818,EPG,EPG(PB08)_L4,L,acetylcholine,16180,Delta7,Delta7(PB15)_L3R6_R,R,3
519331,Delta7,Delta7(PB15)_L3R7_R,R,glutamate,16180,Delta7,Delta7(PB15)_L3R6_R,R,3
513520,EPG,EPG(PB08)_R6,R,acetylcholine,16180,Delta7,Delta7(PB15)_L3R6_R,R,3
11989,EPG,EPG(PB08)_L5,L,acetylcholine,16180,Delta7,Delta7(PB15)_L3R6_R,R,3
74326,FC2B,FC2B_C8_L,L,acetylcholine,64270,FC2C,FC2C_C8_L,L,3
68271,FC2B,FC2B_C7_L,L,acetylcholine,29836,PFL3,PFL3(PB12c)_L4_C6,L,3
17286,PFL3,PFL3(PB12c)_R1_C2_irreg,L,acetylcholine,29836,PFL3,PFL3(PB12c)_L4_C6,L,3
519328,EPG,EPG(PB08)_L3,L,acetylcholine,107195,EPG,EPG(PB08)_L5,L,3
17379,Delta7,Delta7(PB15)_L4R5_R,R,glutamate,107195,EPG,EPG(PB08)_L5,L,3
523786,EPG,EPG(PB08)_R4,R,acetylcholine,14509,Delta7,Delta7(PB15)_L4R6_R,R,3
520812,EPG,EPG(PB08)_R8,R,acetylcholine,14509,Delta7,Delta7(PB15)_L4R6_R,R,3
519358,FC2B,FC2B_C4_R,R,acetylcholine,513520,EPG,EPG(PB08)_R6,R,3
512305,EPG,EPG(PB08)_R8,R,acetylcholine,513520,EPG,EPG(PB08)_R6,R,3
241046,FC2B,FC2B_C4_R,R,acetylcholine,513520,EPG,EPG(PB08)_R6,R,3
17143,Delta7,Delta7(PB15)_L2R7_R,R,glutamate,513520,EPG,EPG(PB08)_R6,R,3
515961,Delta7,Delta7(PB15)_L6R3_L,L,glutamate,523786,EPG,EPG(PB08)_R4,R,3
521812,EPG,EPG(PB08)_R7,R,acetylcholine,15904,Delta7,Delta7(PB15)_L4R5_R,R,3
92188,EPG,EPG(PB08)_R7,R,acetylcholine,15904,Delta7,Delta7(PB15)_L4R5_R,R,3
19125,EPG,EPG(PB08)_R5,R,acetylcholine,15904,Delta7,Delta7(PB15)_L4R5_R,R,3
119819,FC2C,FC2C_C8_L,L,acetylcholine,35322,PFL3,PFL3(PB12c)_R1_C7,R,3
109752,FC2C,FC2C_C9_R,R,acetylcholine,35322,PFL3,PFL3(PB12c)_R1_C7,R,3
101011,FC2C,FC2C_C6_R,R,acetylcholine,106495,FC2B,FC2B_C6_R,R,3
51782,FC2C,FC2C_C2_R,R,acetylcholine,106495,FC2B,FC2B_C6_R,R,3
546044,FC2C,FC2C_C3_R,R,acetylcholine,26488,PFL3,PFL3(PB12c)_R5_C3,R,3
99820,FC2B,FC2B_C4_L,L,acetylcholine,26488,PFL3,PFL3(PB12c)_R5_C3,R,3
50885,FC2C,FC2C_C2_L,L,acetylcholine,26488,PFL3,PFL3(PB12c)_R5_C3,R,3
19009,PFL3,PFL3(PB12c)_L2_C9_irreg,R,acetylcholine,26488,PFL3,PFL3(PB12c)_R5_C3,R,3
16180,Delta7,Delta7(PB15)_L3R6_R,R,glutamate,26488,PFL3,PFL3(PB12c)_R5_C3,R,3
568155,Delta7,Delta7(PB15)_L8R1R9_L,L,glutamate,517417,Delta7,Delta7(PB15)_L6R3_L,L,3
556346,EPG,EPG(PB08)_L6,L,acetylcholine,517417,Delta7,Delta7(PB15)_L6R3_L,L,3
16360,EPG,EPG(PB08)_L6,L,acetylcholine,517417,Delta7,Delta7(PB15)_L6R3_L,L,3
567101,PFL3,PFL3(PB12c)_R3_C5,R,acetylcholine,18803,PFL3,PFL3(PB12c)_R1_C7,R,3
530445,FC2B,FC2B_C6_L,L,acetylcholine,18803,PFL3,PFL3(PB12c)_R1_C7,R,3
119819,FC2C,FC2C_C8_L,L,acetylcholine,18803,PFL3,PFL3(PB12c)_R1_C7,R,3
108286,FC2C,FC2C_C7_R,R,acetylcholine,18803,PFL3,PFL3(PB12c)_R1_C7,R,3
97443,FC2B,FC2B_C8_L,L,acetylcholine,18803,PFL3,PFL3(PB12c)_R1_C7,R,3
79549,PFL3,PFL3(PB12c)_R7_C1,R,acetylcholine,18803,PFL3,PFL3(PB12c)_R1_C7,R,3
18851,PFL3,PFL3(PB12c)_L1_C8_irreg,R,acetylcholine,18803,PFL3,PFL3(PB12c)_R1_C7,R,3
16476,Delta7,Delta7(PB15)_L7R2_L,L,glutamate,18803,PFL3,PFL3(PB12c)_R1_C7,R,3
11184,Delta7,Delta7(PB15)_L1L9R8_R,R,glutamate,18803,PFL3,PFL3(PB12c)_R1_C7,R,3
33356,FC2B,FC2B_C2_L,L,acetylcholine,140787,FC2B,FC2B_C1_L,L,3
556346,EPG,EPG(PB08)_L6,L,acetylcholine,16476,Delta7,Delta7(PB15)_L7R2_L,L,3
522994,Delta7,Delta7(PB15)_L6R3_L,L,glutamate,16476,Delta7,Delta7(PB15)_L7R2_L,L,3
15713,EPG,EPG(PB08)_L6,L,acetylcholine,16476,Delta7,Delta7(PB15)_L7R2_L,L,3
15616,EPG,EPG(PB08)_R3,R,acetylcholine,16476,Delta7,Delta7(PB15)_L7R2_L,L,3
523786,EPG,EPG(PB08)_R4,R,acetylcholine,515961,Delta7,Delta7(PB15)_L6R3_L,L,3
17753,Delta7,Delta7(PB15)_L7R3_L,L,glutamate,515961,Delta7,Delta7(PB15)_L6R3_L,L,3
16869,Delta7,Delta7(PB15)_L7R3_L,L,glutamate,515961,Delta7,Delta7(PB15)_L6R3_L,L,3
15616,EPG,EPG(PB08)_R3,R,acetylcholine,515961,Delta7,Delta7(PB15)_L6R3_L,L,3
14727,EPG,EPG(PB08)_L7,L,acetylcholine,515961,Delta7,Delta7(PB15)_L6R3_L,L,3
11874,EPG,EPG(PB08)_L7,L,acetylcholine,515961,Delta7,Delta7(PB15)_L6R3_L,L,3
11307,EPG,EPG(PB08)_L4,L,acetylcholine,515961,Delta7,Delta7(PB15)_L6R3_L,L,3
550660,FC2C,FC2C_C7_R,R,acetylcholine,122167,FC2C,FC2C_C7_R,R,3
85400,FC2B,FC2B_C7_R,R,acetylcholine,122167,FC2C,FC2C_C7_R,R,3
513034,PFL2,PFL2(PB12b)_L5_C9,L,acetylcholine,520573,PFL2,PFL2(PB12b)_R5_C1,R,3
511842,PFL2,PFL2(PB12b)_L2_C6,L,acetylcholine,520573,PFL2,PFL2(PB12b)_R5_C1,R,3
33356,FC2B,FC2B_C2_L,L,acetylcholine,520573,PFL2,PFL2(PB12b)_R5_C1,R,3
513463,EPG,EPG(PB08)_R2,R,acetylcholine,512513,EPG,EPG(PB08)_R1,R,3
513284,EPG,EPG(PB08)_R3,R,acetylcholine,512513,EPG,EPG(PB08)_R1,R,3
520811,PFL3,PFL3(PB12c)_R6_C2,R,acetylcholine,513266,PFL3,PFL3(PB12c)_R3_C5,R,3
67741,FC2B,FC2B_C6_R,R,acetylcholine,513266,PFL3,PFL3(PB12c)_R3_C5,R,3
35322,PFL3,PFL3(PB12c)_R1_C7,R,acetylcholine,513266,PFL3,PFL3(PB12c)_R3_C5,R,3
19009,PFL3,PFL3(PB12c)_L2_C9_irreg,R,acetylcholine,513266,PFL3,PFL3(PB12c)_R3_C5,R,3
18803,PFL3,PFL3(PB12c)_R1_C7,R,acetylcholine,513266,PFL3,PFL3(PB12c)_R3_C5,R,3
17753,Delta7,Delta7(PB15)_L7R3_L,L,glutamate,513266,PFL3,PFL3(PB12c)_R3_C5,R,3
519941,EPG,EPG(PB08)_L3,L,acetylcholine,523032,PFL3,PFL3(PB12c)_L2_C4,L,3
519351,PFL3,PFL3(PB12c)_L4_C5,L,acetylcholine,523032,PFL3,PFL3(PB12c)_L2_C4,L,3
515675,EPG,EPG(PB08)_R1,R,acetylcholine,523032,PFL3,PFL3(PB12c)_L2_C4,L,3
137299,FC2A,FC2A_C5_L,L,acetylcholine,523032,PFL3,PFL3(PB12c)_L2_C4,L,3
82293,FC2B,FC2B_C5_L,L,acetylcholine,523032,PFL3,PFL3(PB12c)_L2_C4,L,3
29836,PFL3,PFL3(PB12c)_L4_C6,L,acetylcholine,523032,PFL3,PFL3(PB12c)_L2_C4,L,3
17000,PFL3,PFL3(PB12c)_L1_C3,L,acetylcholine,523032,PFL3,PFL3(PB12c)_L2_C4,L,3
515675,EPG,EPG(PB08)_R1,R,acetylcholine,11503,EPG,EPG(PB08)_R8,R,3
519144,EPG,EPG(PB08)_L8,L,acetylcholine,15399,Delta7,Delta7(PB15)_L1L9R8_R,R,3
513464,EPG,EPG(PB08)_R8,R,acetylcholine,15399,Delta7,Delta7(PB15)_L1L9R8_R,R,3
92188,EPG,EPG(PB08)_R7,R,acetylcholine,15399,Delta7,Delta7(PB15)_L1L9R8_R,R,3
11503,EPG,EPG(PB08)_R8,R,acetylcholine,15399,Delta7,Delta7(PB15)_L1L9R8_R,R,3
91537,FC2C,FC2C_C5_L,L,acetylcholine,41941,FC2C,FC2C_C4_L,L,3
519351,PFL3,PFL3(PB12c)_L4_C5,L,acetylcholine,530071,PFL3,PFL3(PB12c)_L3_C5,L,3
513032,PFL3,PFL3(PB12c)_L5_C7,L,acetylcholine,530071,PFL3,PFL3(PB12c)_L3_C5,L,3
108478,PFL3,PFL3(PB12c)_L1_C3,L,acetylcholine,530071,PFL3,PFL3(PB12c)_L3_C5,L,3
17290,PFL3,PFL3(PB12c)_L6_C8,L,acetylcholine,530071,PFL3,PFL3(PB12c)_L3_C5,L,3
17286,PFL3,PFL3(PB12c)_R1_C2_irreg,L,acetylcholine,530071,PFL3,PFL3(PB12c)_L3_C5,L,3
521813,EPG,EPG(PB08)_L2,L,acetylcholine,511841,Delta7,Delta7(PB15)_L2R7_R,R,3
521812,EPG,EPG(PB08)_R7,R,acetylcholine,511841,Delta7,Delta7(PB15)_L2R7_R,R,3
513464,EPG,EPG(PB08)_R8,R,acetylcholine,511841,Delta7,Delta7(PB15)_L2R7_R,R,3
92188,EPG,EPG(PB08)_R7,R,acetylcholine,511841,Delta7,Delta7(PB15)_L2R7_R,R,3
55415,FC2B,FC2B_C1_R,R,acetylcholine,60670,FC2C,FC2C_C1_R,R,3
89635,FC2B,FC2B_C3_R,R,acetylcholine,109752,FC2C,FC2C_C9_R,R,3
124562,FC2C,FC2C_C5_L,L,acetylcholine,91537,FC2C,FC2C_C5_L,L,3
513033,EPG,EPG(PB08)_L8,L,acetylcholine,15851,Delta7,Delta7(PB15)_L6R4_L,L,3
513034,PFL2,PFL2(PB12b)_L5_C9,L,acetylcholine,522853,PFL2,PFL2(PB12b)_R2_C4,R,3
103466,FC2B,FC2B_C2_L,L,acetylcholine,522853,PFL2,PFL2(PB12b)_R2_C4,R,3
16869,Delta7,Delta7(PB15)_L7R3_L,L,glutamate,522853,PFL2,PFL2(PB12b)_R2_C4,R,3
530445,FC2B,FC2B_C6_L,L,acetylcholine,67741,FC2B,FC2B_C6_R,R,3
127661,FC2C,FC2C_C6_R,R,acetylcholine,67741,FC2B,FC2B_C6_R,R,3
101011,FC2C,FC2C_C6_R,R,acetylcholine,67741,FC2B,FC2B_C6_R,R,3
67361,FC2B,FC2B_C2_R,R,acetylcholine,67741,FC2B,FC2B_C6_R,R,3
88342,EPG,EPG(PB08)_L3,L,acetylcholine,15713,EPG,EPG(PB08)_L6,L,3
19125,EPG,EPG(PB08)_R5,R,acetylcholine,15713,EPG,EPG(PB08)_L6,L,3
12449,EPG,EPG(PB08)_L5,L,acetylcholine,15713,EPG,EPG(PB08)_L6,L,3
519140,EPG,EPG(PB08)_L1,L,acetylcholine,521813,EPG,EPG(PB08)_L2,L,3
15839,Delta7,Delta7(PB15)_L1L9R8_R,R,glutamate,521813,EPG,EPG(PB08)_L2,L,3
15399,Delta7,Delta7(PB15)_L1L9R8_R,R,glutamate,521813,EPG,EPG(PB08)_L2,L,3
556347,EPG,EPG(PB08)_R4,R,acetylcholine,19125,EPG,EPG(PB08)_R5,R,3
515675,EPG,EPG(PB08)_R1,R,acetylcholine,19125,EPG,EPG(PB08)_R5,R,3
11307,EPG,EPG(PB08)_L4,L,acetylcholine,19125,EPG,EPG(PB08)_R5,R,3
16540,Delta7,Delta7(PB15)_L2R7_R,R,glutamate,131313,EPG,EPG(PB08)_R6,R,3
518378,PFL3,PFL3(PB12c)_R5_C3,R,acetylcholine,18327,PFL3,PFL3(PB12c)_R2_C6,R,3
513266,PFL3,PFL3(PB12c)_R3_C5,R,acetylcholine,18327,PFL3,PFL3(PB12c)_R2_C6,R,3
512513,EPG,EPG(PB08)_R1,R,acetylcholine,18327,PFL3,PFL3(PB12c)_R2_C6,R,3
124562,FC2C,FC2C_C5_L,L,acetylcholine,18327,PFL3,PFL3(PB12c)_R2_C6,R,3
79549,PFL3,PFL3(PB12c)_R7_C1,R,acetylcholine,18327,PFL3,PFL3(PB12c)_R2_C6,R,3
35322,PFL3,PFL3(PB12c)_R1_C7,R,acetylcholine,18327,PFL3,PFL3(PB12c)_R2_C6,R,3
18803,PFL3,PFL3(PB12c)_R1_C7,R,acetylcholine,18327,PFL3,PFL3(PB12c)_R2_C6,R,3
513464,EPG,EPG(PB08)_R8,R,acetylcholine,19825,EPG,EPG(PB08)_R6,R,3
17143,Delta7,Delta7(PB15)_L2R7_R,R,glutamate,19825,EPG,EPG(PB08)_R6,R,3
514126,EPG,EPG(PB08)_R5,R,acetylcholine,16110,Delta7,Delta7(PB15)_L3R6_R,R,3
92188,EPG,EPG(PB08)_R7,R,acetylcholine,16110,Delta7,Delta7(PB15)_L3R6_R,R,3
17379,Delta7,Delta7(PB15)_L4R5_R,R,glutamate,16110,Delta7,Delta7(PB15)_L3R6_R,R,3
14816,Delta7,Delta7(PB15)_L6R4_L,L,glutamate,16110,Delta7,Delta7(PB15)_L3R6_R,R,3
11989,EPG,EPG(PB08)_L5,L,acetylcholine,16110,Delta7,Delta7(PB15)_L3R6_R,R,3
560327,FC2A,FC2A_C3_R,R,acetylcholine,96384,FC2B,FC2B_C5_R,R,3
148830,FC2C,FC2C_C5_R,R,acetylcholine,96384,FC2B,FC2B_C5_R,R,3
67741,FC2B,FC2B_C6_R,R,acetylcholine,96384,FC2B,FC2B_C5_R,R,3
67361,FC2B,FC2B_C2_R,R,acetylcholine,96384,FC2B,FC2B_C5_R,R,3
34203,FC2B,FC2B_C1_R,R,acetylcholine,96384,FC2B,FC2B_C5_R,R,3
119544,FC2C,FC2C_C6_L,L,acetylcholine,115261,FC2C,FC2C_C6_L,L,3
560327,FC2A,FC2A_C3_R,R,acetylcholine,33382,FC2A,FC2A_C8_R,R,3
534662,FC2C,FC2C_C8_R,R,acetylcholine,33382,FC2A,FC2A_C8_R,R,3
68271,FC2B,FC2B_C7_L,L,acetylcholine,33382,FC2A,FC2A_C8_R,R,3
45343,FC2C,FC2C_C7_L,L,acetylcholine,33382,FC2A,FC2A_C8_R,R,3
39538,FC2A,FC2A_C6_R,R,acetylcholine,33382,FC2A,FC2A_C8_R,R,3
35277,FC2B,FC2B_C8_R,R,acetylcholine,519358,FC2B,FC2B_C4_R,R,3
519144,EPG,EPG(PB08)_L8,L,acetylcholine,15654,Delta7,Delta7(PB15)_L8R1R9_L,L,3
515675,EPG,EPG(PB08)_R1,R,acetylcholine,15654,Delta7,Delta7(PB15)_L8R1R9_L,L,3
534662,FC2C,FC2C_C8_R,R,acetylcholine,119819,FC2C,FC2C_C8_L,L,3
57603,FC2C,FC2C_C9_L,L,acetylcholine,119819,FC2C,FC2C_C8_L,L,3
529266,FC2C,FC2C_C2_L,L,acetylcholine,518375,PFL2,PFL2(PB12b)_R3_C3,R,3
522853,PFL2,PFL2(PB12b)_R2_C4,R,acetylcholine,518375,PFL2,PFL2(PB12b)_R3_C3,R,3
241046,FC2B,FC2B_C4_R,R,acetylcholine,518375,PFL2,PFL2(PB12b)_R3_C3,R,3
15654,Delta7,Delta7(PB15)_L8R1R9_L,L,glutamate,518375,PFL2,PFL2(PB12b)_R3_C3,R,3
11673,PFL2,PFL2(PB12b)_R4_C2,R,acetylcholine,518375,PFL2,PFL2(PB12b)_R3_C3,R,3
530071,PFL3,PFL3(PB12c)_L3_C5,L,acetylcholine,519346,PFL3,PFL3(PB12c)_L7_C9,L,3
519351,PFL3,PFL3(PB12c)_L4_C5,L,acetylcholine,519346,PFL3,PFL3(PB12c)_L7_C9,L,3
29836,PFL3,PFL3(PB12c)_L4_C6,L,acetylcholine,519346,PFL3,PFL3(PB12c)_L7_C9,L,3
17286,PFL3,PFL3(PB12c)_R1_C2_irreg,L,acetylcholine,519346,PFL3,PFL3(PB12c)_L7_C9,L,3
17000,PFL3,PFL3(PB12c)_L1_C3,L,acetylcholine,519346,PFL3,PFL3(PB12c)_L7_C9,L,3
66750,FC2C,FC2C_C4_R,R,acetylcholine,241046,FC2B,FC2B_C4_R,R,3
524977,FC2C,FC2C_C3_L,L,acetylcholine,108478,PFL3,PFL3(PB12c)_L1_C3,L,3
513032,PFL3,PFL3(PB12c)_L5_C7,L,acetylcholine,108478,PFL3,PFL3(PB12c)_L1_C3,L,3
137990,FC2B,FC2B_C3_L,L,acetylcholine,108478,PFL3,PFL3(PB12c)_L1_C3,L,3
26038,PFL3,PFL3(PB12c)_L5_C7,L,acetylcholine,108478,PFL3,PFL3(PB12c)_L1_C3,L,3
74326,FC2B,FC2B_C8_L,L,acetylcholine,112888,FC2C,FC2C_C8_L,L,3
520818,EPG,EPG(PB08)_L4,L,acetylcholine,519332,Delta7,Delta7(PB15)_L2R7_R,R,3
513517,EPG,EPG(PB08)_L4,L,acetylcholine,519332,Delta7,Delta7(PB15)_L2R7_R,R,3
533725,Delta7,Delta7(PB15)_L8R1R9_L,L,glutamate,16869,Delta7,Delta7(PB15)_L7R3_L,L,3
523786,EPG,EPG(PB08)_R4,R,acetylcholine,16869,Delta7,Delta7(PB15)_L7R3_L,L,3
97443,FC2B,FC2B_C8_L,L,acetylcholine,513032,PFL3,PFL3(PB12c)_L5_C7,L,3
15210,PFL3,PFL3(PB12c)_R2_C1_irreg,L,acetylcholine,513032,PFL3,PFL3(PB12c)_L5_C7,L,3
14816,Delta7,Delta7(PB15)_L6R4_L,L,glutamate,513032,PFL3,PFL3(PB12c)_L5_C7,L,3
14509,Delta7,Delta7(PB15)_L4R6_R,R,glutamate,513032,PFL3,PFL3(PB12c)_L5_C7,L,3
236557,FC2C,FC2C_C3_R,R,acetylcholine,140794,FC2C,FC2C_C3_R,R,3
512928,EPG,EPG(PB08)_R3,R,acetylcholine,568155,Delta7,Delta7(PB15)_L8R1R9_L,L,3
84758,EPG,EPG(PB08)_L7,L,acetylcholine,568155,Delta7,Delta7(PB15)_L8R1R9_L,L,3
16412,Delta7,Delta7(PB15)_L7R2_L,L,glutamate,568155,Delta7,Delta7(PB15)_L8R1R9_L,L,3
14727,EPG,EPG(PB08)_L7,L,acetylcholine,568155,Delta7,Delta7(PB15)_L8R1R9_L,L,3
11874,EPG,EPG(PB08)_L7,L,acetylcholine,568155,Delta7,Delta7(PB15)_L8R1R9_L,L,3
14727,EPG,EPG(PB08)_L7,L,acetylcholine,519144,EPG,EPG(PB08)_L8,L,3
91537,FC2C,FC2C_C5_L,L,acetylcholine,68579,FC2C,FC2C_C5_R,R,3
515961,Delta7,Delta7(PB15)_L6R3_L,L,glutamate,513034,PFL2,PFL2(PB12b)_L5_C9,L,3
515294,Delta7,Delta7(PB15)_L5R4_L,L,glutamate,513034,PFL2,PFL2(PB12b)_L5_C9,L,3
122334,FC2C,FC2C_C7_L,L,acetylcholine,513034,PFL2,PFL2(PB12b)_L5_C9,L,3
112888,FC2C,FC2C_C8_L,L,acetylcholine,513034,PFL2,PFL2(PB12b)_L5_C9,L,3
74326,FC2B,FC2B_C8_L,L,acetylcholine,513034,PFL2,PFL2(PB12b)_L5_C9,L,3
57603,FC2C,FC2C_C9_L,L,acetylcholine,45343,FC2C,FC2C_C7_L,L,3
26038,PFL3,PFL3(PB12c)_L5_C7,L,acetylcholine,17286,PFL3,PFL3(PB12c)_R1_C2_irreg,L,3
434891,Delta7,Delta7(PB15)_L3R7_R,R,glutamate,512928,EPG,EPG(PB08)_R3,R,3
92188,EPG,EPG(PB08)_R7,R,acetylcholine,512928,EPG,EPG(PB08)_R3,R,3
550660,FC2C,FC2C_C7_R,R,acetylcholine,13490,PFL2,PFL2(PB12b)_L1_C5,L,3
519358,FC2B,FC2B_C4_R,R,acetylcholine,13490,PFL2,PFL2(PB12b)_L1_C5,L,3
511842,PFL2,PFL2(PB12b)_L2_C6,L,acetylcholine,13490,PFL2,PFL2(PB12b)_L1_C5,L,3
99820,FC2B,FC2B_C4_L,L,acetylcholine,13490,PFL2,PFL2(PB12b)_L1_C5,L,3
95713,FC2C,FC2C_C4_L,L,acetylcholine,13490,PFL2,PFL2(PB12b)_L1_C5,L,3
13031,PFL2,PFL2(PB12b)_R3_C3,R,acetylcholine,13490,PFL2,PFL2(PB12b)_L1_C5,L,3
520811,PFL3,PFL3(PB12c)_R6_C2,R,acetylcholine,19009,PFL3,PFL3(PB12c)_L2_C9_irreg,R,3
122334,FC2C,FC2C_C7_L,L,acetylcholine,19009,PFL3,PFL3(PB12c)_L2_C9_irreg,R,3
44554,FC2B,FC2B_C8_R,R,acetylcholine,19009,PFL3,PFL3(PB12c)_L2_C9_irreg,R,3
15837,Delta7,Delta7(PB15)_L1L9R8_R,R,glutamate,19009,PFL3,PFL3(PB12c)_L2_C9_irreg,R,3
137990,FC2B,FC2B_C3_L,L,acetylcholine,79204,FC2C,FC2C_C3_L,L,3
519328,EPG,EPG(PB08)_L3,L,acetylcholine,15837,Delta7,Delta7(PB15)_L1L9R8_R,R,3
513033,EPG,EPG(PB08)_L8,L,acetylcholine,15837,Delta7,Delta7(PB15)_L1L9R8_R,R,3
512514,EPG,EPG(PB08)_L1,L,acetylcholine,15837,Delta7,Delta7(PB15)_L1L9R8_R,R,3
512305,EPG,EPG(PB08)_R8,R,acetylcholine,15837,Delta7,Delta7(PB15)_L1L9R8_R,R,3
14727,EPG,EPG(PB08)_L7,L,acetylcholine,15837,Delta7,Delta7(PB15)_L1L9R8_R,R,3
523786,EPG,EPG(PB08)_R4,R,acetylcholine,15398,Delta7,Delta7(PB15)_L4R5_R,R,3
16553,Delta7,Delta7(PB15)_L5R4_L,L,glutamate,15398,Delta7,Delta7(PB15)_L4R5_R,R,3
236557,FC2C,FC2C_C3_R,R,acetylcholine,23159,PFL3,PFL3(PB12c)_R4_C4,R,3
124562,FC2C,FC2C_C5_L,L,acetylcholine,23159,PFL3,PFL3(PB12c)_R4_C4,R,3
19009,PFL3,PFL3(PB12c)_L2_C9_irreg,R,acetylcholine,23159,PFL3,PFL3(PB12c)_R4_C4,R,3
18327,PFL3,PFL3(PB12c)_R2_C6,R,acetylcholine,23159,PFL3,PFL3(PB12c)_R4_C4,R,3
17379,Delta7,Delta7(PB15)_L4R5_R,R,glutamate,23159,PFL3,PFL3(PB12c)_R4_C4,R,3
16869,Delta7,Delta7(PB15)_L7R3_L,L,glutamate,23159,PFL3,PFL3(PB12c)_R4_C4,R,3
560327,FC2A,FC2A_C3_R,R,acetylcholine,35277,FC2B,FC2B_C8_R,R,3
106495,FC2B,FC2B_C6_R,R,acetylcholine,82293,FC2B,FC2B_C5_L,L,3
68579,FC2C,FC2C_C5_R,R,acetylcholine,82293,FC2B,FC2B_C5_L,L,3
529992,FC2C,FC2C_C1_R,R,acetylcholine,67361,FC2B,FC2B_C2_R,R,3
170539,FC2A,FC2A_C4_R,R,acetylcholine,560327,FC2A,FC2A_C3_R,R,3
89635,FC2B,FC2B_C3_R,R,acetylcholine,560327,FC2A,FC2A_C3_R,R,3
45876,FC2A,FC2A_C7_R,R,acetylcholine,560327,FC2A,FC2A_C3_R,R,3
82293,FC2B,FC2B_C5_L,L,acetylcholine,87630,FC2B,FC2B_C3_L,L,3
526406,FC2A,FC2A_C2_R,R,acetylcholine,45876,FC2A,FC2A_C7_R,R,3
108478,PFL3,PFL3(PB12c)_L1_C3,L,acetylcholine,519351,PFL3,PFL3(PB12c)_L4_C5,L,3
68579,FC2C,FC2C_C5_R,R,acetylcholine,519351,PFL3,PFL3(PB12c)_L4_C5,L,3
29836,PFL3,PFL3(PB12c)_L4_C6,L,acetylcholine,519351,PFL3,PFL3(PB12c)_L4_C5,L,3
17290,PFL3,PFL3(PB12c)_L6_C8,L,acetylcholine,519351,PFL3,PFL3(PB12c)_L4_C5,L,3
15210,PFL3,PFL3(PB12c)_R2_C1_irreg,L,acetylcholine,519351,PFL3,PFL3(PB12c)_L4_C5,L,3
513284,EPG,EPG(PB08)_R3,R,acetylcholine,515294,Delta7,Delta7(PB15)_L5R4_L,L,3
17379,Delta7,Delta7(PB15)_L4R5_R,R,glutamate,515294,Delta7,Delta7(PB15)_L5R4_L,L,3
56382,FC2A,FC2A_C6_L,L,acetylcholine,137299,FC2A,FC2A_C5_L,L,3
41559,FC2A,FC2A_C9_L,L,acetylcholine,137299,FC2A,FC2A_C5_L,L,3
13217,EPG,EPG(PB08)_L8,L,acetylcholine,11184,Delta7,Delta7(PB15)_L1L9R8_R,R,3
236557,FC2C,FC2C_C3_R,R,acetylcholine,137990,FC2B,FC2B_C3_L,L,3
103466,FC2B,FC2B_C2_L,L,acetylcholine,137990,FC2B,FC2B_C3_L,L,3
71855,FC2A,FC2A_C3_L,L,acetylcholine,137990,FC2B,FC2B_C3_L,L,3
71855,FC2A,FC2A_C3_L,L,acetylcholine,41559,FC2A,FC2A_C9_L,L,3
46169,FC2A,FC2A_C1_L,L,acetylcholine,41559,FC2A,FC2A_C9_L,L,3
29674,FC2A,FC2A_C2_L,L,acetylcholine,41559,FC2A,FC2A_C9_L,L,3
15616,EPG,EPG(PB08)_R3,R,acetylcholine,35324,Delta7,Delta7(PB15)_L5R4_L,L,3
71855,FC2A,FC2A_C3_L,L,acetylcholine,40179,FC2A,FC2A_C7_L,L,3
33382,FC2A,FC2A_C8_R,R,acetylcholine,40179,FC2A,FC2A_C7_L,L,3
513033,EPG,EPG(PB08)_L8,L,acetylcholine,16234,Delta7,Delta7(PB15)_L1L9R8_R,R,3
512514,EPG,EPG(PB08)_L1,L,acetylcholine,16234,Delta7,Delta7(PB15)_L1L9R8_R,R,3
11503,EPG,EPG(PB08)_R8,R,acetylcholine,16234,Delta7,Delta7(PB15)_L1L9R8_R,R,3
518606,FC2A,FC2A_C8_L,L,acetylcholine,71855,FC2A,FC2A_C3_L,L,3
170539,FC2A,FC2A_C4_R,R,acetylcholine,71855,FC2A,FC2A_C3_L,L,3
530445,FC2B,FC2B_C6_L,L,acetylcholine,68271,FC2B,FC2B_C7_L,L,3
122167,FC2C,FC2C_C7_R,R,acetylcholine,68271,FC2B,FC2B_C7_L,L,3
97443,FC2B,FC2B_C8_L,L,acetylcholine,68271,FC2B,FC2B_C7_L,L,3
40179,FC2A,FC2A_C7_L,L,acetylcholine,68271,FC2B,FC2B_C7_L,L,3
137299,FC2A,FC2A_C5_L,L,acetylcholine,36201,FC2A,FC2A_C4_L,L,3
99820,FC2B,FC2B_C4_L,L,acetylcholine,36201,FC2A,FC2A_C4_L,L,3
40179,FC2A,FC2A_C7_L,L,acetylcholine,36201,FC2A,FC2A_C4_L,L,3
108286,FC2C,FC2C_C7_R,R,acetylcholine,85400,FC2B,FC2B_C7_R,R,3
15654,Delta7,Delta7(PB15)_L8R1R9_L,L,glutamate,84758,EPG,EPG(PB08)_L7,L,3
568155,Delta7,Delta7(PB15)_L8R1R9_L,L,glutamate,17753,Delta7,Delta7(PB15)_L7R3_L,L,3
15713,EPG,EPG(PB08)_L6,L,acetylcholine,17753,Delta7,Delta7(PB15)_L7R3_L,L,3
568155,Delta7,Delta7(PB15)_L8R1R9_L,L,glutamate,522994,Delta7,Delta7(PB15)_L6R3_L,L,3
107195,EPG,EPG(PB08)_L5,L,acetylcholine,522994,Delta7,Delta7(PB15)_L6R3_L,L,3
17024,Delta7,Delta7(PB15)_L5R4_L,L,glutamate,522994,Delta7,Delta7(PB15)_L6R3_L,L,3
140787,FC2B,FC2B_C1_L,L,acetylcholine,537128,FC2C,FC2C_C1_L,L,3
60670,FC2C,FC2C_C1_R,R,acetylcholine,537128,FC2C,FC2C_C1_L,L,3
55415,FC2B,FC2B_C1_R,R,acetylcholine,537128,FC2C,FC2C_C1_L,L,3
149740,FC2B,FC2B_C9_L,L,acetylcholine,97443,FC2B,FC2B_C8_L,L,3
524074,Delta7,Delta7(PB15)_L5R4_L,L,glutamate,514126,EPG,EPG(PB08)_R5,R,3
515675,EPG,EPG(PB08)_R1,R,acetylcholine,514126,EPG,EPG(PB08)_R5,R,3
556346,EPG,EPG(PB08)_L6,L,acetylcholine,520818,EPG,EPG(PB08)_L4,L,3
524074,Delta7,Delta7(PB15)_L5R4_L,L,glutamate,520818,EPG,EPG(PB08)_L4,L,3
519144,EPG,EPG(PB08)_L8,L,acetylcholine,520818,EPG,EPG(PB08)_L4,L,3
11989,EPG,EPG(PB08)_L5,L,acetylcholine,520818,EPG,EPG(PB08)_L4,L,3
14509,Delta7,Delta7(PB15)_L4R6_R,R,glutamate,88342,EPG,EPG(PB08)_L3,L,3
531073,FC2C,FC2C_C9_R,R,acetylcholine,132482,FC2C,FC2C_C9_L,L,3
15839,Delta7,Delta7(PB15)_L1L9R8_R,R,glutamate,521409,EPG,EPG(PB08)_L8,L,3
40179,FC2A,FC2A_C7_L,L,acetylcholine,122334,FC2C,FC2C_C7_L,L,3
520818,EPG,EPG(PB08)_L4,L,acetylcholine,16360,EPG,EPG(PB08)_L6,L,3
11989,EPG,EPG(PB08)_L5,L,acetylcholine,16360,EPG,EPG(PB08)_L6,L,3
512513,EPG,EPG(PB08)_R1,R,acetylcholine,513463,EPG,EPG(PB08)_R2,R,3
15654,Delta7,Delta7(PB15)_L8R1R9_L,L,glutamate,513463,EPG,EPG(PB08)_R2,R,3
11503,EPG,EPG(PB08)_R8,R,acetylcholine,513463,EPG,EPG(PB08)_R2,R,3
524073,EPG,EPG(PB08)_L2,L,acetylcholine,15409,Delta7,Delta7(PB15)_L8R1R9_L,L,3
513464,EPG,EPG(PB08)_R8,R,acetylcholine,15409,Delta7,Delta7(PB15)_L8R1R9_L,L,3
513284,EPG,EPG(PB08)_R3,R,acetylcholine,15409,Delta7,Delta7(PB15)_L8R1R9_L,L,3
14727,EPG,EPG(PB08)_L7,L,acetylcholine,15409,Delta7,Delta7(PB15)_L8R1R9_L,L,3
67361,FC2B,FC2B_C2_R,R,acetylcholine,526406,FC2A,FC2A_C2_R,R,3
36201,FC2A,FC2A_C4_L,L,acetylcholine,99820,FC2B,FC2B_C4_L,L,3
518375,PFL2,PFL2(PB12b)_R3_C3,R,acetylcholine,19715,PFL2,PFL2(PB12b)_L4_C8,L,3
35324,Delta7,Delta7(PB15)_L5R4_L,L,glutamate,19715,PFL2,PFL2(PB12b)_L4_C8,L,3
513266,PFL3,PFL3(PB12c)_R3_C5,R,acetylcholine,79549,PFL3,PFL3(PB12c)_R7_C1,R,3
23159,PFL3,PFL3(PB12c)_R4_C4,R,acetylcholine,79549,PFL3,PFL3(PB12c)_R7_C1,R,3
511842,PFL2,PFL2(PB12b)_L2_C6,L,acetylcholine,13031,PFL2,PFL2(PB12b)_R3_C3,R,3
140787,FC2B,FC2B_C1_L,L,acetylcholine,13031,PFL2,PFL2(PB12b)_R3_C3,R,3
19715,PFL2,PFL2(PB12b)_L4_C8,L,acetylcholine,13031,PFL2,PFL2(PB12b)_R3_C3,R,3
14729,PFL2,PFL2(PB12b)_R1_C5,R,acetylcholine,13031,PFL2,PFL2(PB12b)_R3_C3,R,3
514126,EPG,EPG(PB08)_R5,R,acetylcholine,520581,EPG,EPG(PB08)_R4,R,3
513464,EPG,EPG(PB08)_R8,R,acetylcholine,520581,EPG,EPG(PB08)_R4,R,3
513517,EPG,EPG(PB08)_L4,L,acetylcholine,520581,EPG,EPG(PB08)_R4,R,3
141430,FC2C,FC2C_C3_R,R,acetylcholine,127661,FC2C,FC2C_C6_R,R,3
101011,FC2C,FC2C_C6_R,R,acetylcholine,127661,FC2C,FC2C_C6_R,R,3
60670,FC2C,FC2C_C1_R,R,acetylcholine,127661,FC2C,FC2C_C6_R,R,3
513520,EPG,EPG(PB08)_R6,R,acetylcholine,11987,EPG,EPG(PB08)_R5,R,3
35324,Delta7,Delta7(PB15)_L5R4_L,L,glutamate,11987,EPG,EPG(PB08)_R5,R,3
122334,FC2C,FC2C_C7_L,L,acetylcholine,511842,PFL2,PFL2(PB12b)_L2_C6,L,3
11557,PFL2,PFL2(PB12b)_L3_C7,L,acetylcholine,511842,PFL2,PFL2(PB12b)_L2_C6,L,3
85400,FC2B,FC2B_C7_R,R,acetylcholine,108286,FC2C,FC2C_C7_R,R,3
74480,FC2C,FC2C_C9_R,R,acetylcholine,236557,FC2C,FC2C_C3_R,R,3
513033,EPG,EPG(PB08)_L8,L,acetylcholine,11874,EPG,EPG(PB08)_L7,L,3
16360,EPG,EPG(PB08)_L6,L,acetylcholine,11874,EPG,EPG(PB08)_L7,L,3
241046,FC2B,FC2B_C4_R,R,acetylcholine,14729,PFL2,PFL2(PB12b)_R1_C5,R,3
11184,Delta7,Delta7(PB15)_L1L9R8_R,R,glutamate,14729,PFL2,PFL2(PB12b)_R1_C5,R,3
530071,PFL3,PFL3(PB12c)_L3_C5,L,acetylcholine,17000,PFL3,PFL3(PB12c)_L1_C3,L,3
513032,PFL3,PFL3(PB12c)_L5_C7,L,acetylcholine,17000,PFL3,PFL3(PB12c)_L1_C3,L,3
50885,FC2C,FC2C_C2_L,L,acetylcholine,17000,PFL3,PFL3(PB12c)_L1_C3,L,3
26038,PFL3,PFL3(PB12c)_L5_C7,L,acetylcholine,17000,PFL3,PFL3(PB12c)_L1_C3,L,3
15409,Delta7,Delta7(PB15)_L8R1R9_L,L,glutamate,17000,PFL3,PFL3(PB12c)_L1_C3,L,3
514126,EPG,EPG(PB08)_R5,R,acetylcholine,11673,PFL2,PFL2(PB12b)_R4_C2,R,3
68502,FC2C,FC2C_C1_L,L,acetylcholine,11673,PFL2,PFL2(PB12b)_R4_C2,R,3
19715,PFL2,PFL2(PB12b)_L4_C8,L,acetylcholine,11673,PFL2,PFL2(PB12b)_R4_C2,R,3
17753,Delta7,Delta7(PB15)_L7R3_L,L,glutamate,11673,PFL2,PFL2(PB12b)_R4_C2,R,3
68579,FC2C,FC2C_C5_R,R,acetylcholine,153558,FC2C,FC2C_C5_R,R,3
556347,EPG,EPG(PB08)_R4,R,acetylcholine,524074,Delta7,Delta7(PB15)_L5R4_L,L,3
514126,EPG,EPG(PB08)_R5,R,acetylcholine,524074,Delta7,Delta7(PB15)_L5R4_L,L,3
19125,EPG,EPG(PB08)_R5,R,acetylcholine,524074,Delta7,Delta7(PB15)_L5R4_L,L,3
16360,EPG,EPG(PB08)_L6,L,acetylcholine,524074,Delta7,Delta7(PB15)_L5R4_L,L,3
537128,FC2C,FC2C_C1_L,L,acetylcholine,68502,FC2C,FC2C_C1_L,L,3
520818,EPG,EPG(PB08)_L4,L,acetylcholine,529318,Delta7,Delta7(PB15)_L4R5_R,R,3
514126,EPG,EPG(PB08)_R5,R,acetylcholine,529318,Delta7,Delta7(PB15)_L4R5_R,R,3
513520,EPG,EPG(PB08)_R6,R,acetylcholine,529318,Delta7,Delta7(PB15)_L4R5_R,R,3
92188,EPG,EPG(PB08)_R7,R,acetylcholine,10513,Delta7,Delta7(PB15)_L3R6_R,R,3
88342,EPG,EPG(PB08)_L3,L,acetylcholine,10513,Delta7,Delta7(PB15)_L3R6_R,R,3
12449,EPG,EPG(PB08)_L5,L,acetylcholine,10513,Delta7,Delta7(PB15)_L3R6_R,R,3
514126,EPG,EPG(PB08)_R5,R,acetylcholine,556347,EPG,EPG(PB08)_R4,R,3
71855,FC2A,FC2A_C3_L,L,acetylcholine,56382,FC2A,FC2A_C6_L,L,3
36201,FC2A,FC2A_C4_L,L,acetylcholine,56382,FC2A,FC2A_C6_L,L,3
29674,FC2A,FC2A_C2_L,L,acetylcholine,56382,FC2A,FC2A_C6_L,L,3
556346,EPG,EPG(PB08)_L6,L,acetylcholine,17379,Delta7,Delta7(PB15)_L4R5_R,R,3
513520,EPG,EPG(PB08)_R6,R,acetylcholine,17379,Delta7,Delta7(PB15)_L4R5_R,R,3
512928,EPG,EPG(PB08)_R3,R,acetylcholine,17379,Delta7,Delta7(PB15)_L4R5_R,R,3
19125,EPG,EPG(PB08)_R5,R,acetylcholine,17379,Delta7,Delta7(PB15)_L4R5_R,R,3
519332,Delta7,Delta7(PB15)_L2R7_R,R,glutamate,18851,PFL3,PFL3(PB12c)_L1_C8_irreg,R,3
515675,EPG,EPG(PB08)_R1,R,acetylcholine,18851,PFL3,PFL3(PB12c)_L1_C8_irreg,R,3
513266,PFL3,PFL3(PB12c)_R3_C5,R,acetylcholine,18851,PFL3,PFL3(PB12c)_L1_C8_irreg,R,3
109752,FC2C,FC2C_C9_R,R,acetylcholine,18851,PFL3,PFL3(PB12c)_L1_C8_irreg,R,3
550660,FC2C,FC2C_C7_R,R,acetylcholine,51782,FC2C,FC2C_C2_R,R,2
537128,FC2C,FC2C_C1_L,L,acetylcholine,51782,FC2C,FC2C_C2_R,R,2
531073,FC2C,FC2C_C9_R,R,acetylcholine,51782,FC2C,FC2C_C2_R,R,2
529992,FC2C,FC2C_C1_R,R,acetylcholine,51782,FC2C,FC2C_C2_R,R,2
140787,FC2B,FC2B_C1_L,L,acetylcholine,51782,FC2C,FC2C_C2_R,R,2
96384,FC2B,FC2B_C5_R,R,acetylcholine,51782,FC2C,FC2C_C2_R,R,2
60670,FC2C,FC2C_C1_R,R,acetylcholine,51782,FC2C,FC2C_C2_R,R,2
34203,FC2B,FC2B_C1_R,R,acetylcholine,51782,FC2C,FC2C_C2_R,R,2
519140,EPG,EPG(PB08)_L1,L,acetylcholine,92188,EPG,EPG(PB08)_R7,R,2
512514,EPG,EPG(PB08)_L1,L,acetylcholine,92188,EPG,EPG(PB08)_R7,R,2
131313,EPG,EPG(PB08)_R6,R,acetylcholine,92188,EPG,EPG(PB08)_R7,R,2
11503,EPG,EPG(PB08)_R8,R,acetylcholine,92188,EPG,EPG(PB08)_R7,R,2
523786,EPG,EPG(PB08)_R4,R,acetylcholine,567101,PFL3,PFL3(PB12c)_R3_C5,R,2
556346,EPG,EPG(PB08)_L6,L,acetylcholine,16412,Delta7,Delta7(PB15)_L7R2_L,L,2
556347,EPG,EPG(PB08)_R4,R,acetylcholine,16412,Delta7,Delta7(PB15)_L7R2_L,L,2
519140,EPG,EPG(PB08)_L1,L,acetylcholine,16412,Delta7,Delta7(PB15)_L7R2_L,L,2
513284,EPG,EPG(PB08)_R3,R,acetylcholine,16412,Delta7,Delta7(PB15)_L7R2_L,L,2
560327,FC2A,FC2A_C3_R,R,acetylcholine,39538,FC2A,FC2A_C6_R,R,2
532704,FC2A,FC2A_C1_R,R,acetylcholine,39538,FC2A,FC2A_C6_R,R,2
131273,FC2A,FC2A_C5_R,R,acetylcholine,39538,FC2A,FC2A_C6_R,R,2
95713,FC2C,FC2C_C4_L,L,acetylcholine,524977,FC2C,FC2C_C3_L,L,2
50885,FC2C,FC2C_C2_L,L,acetylcholine,524977,FC2C,FC2C_C3_L,L,2
112888,FC2C,FC2C_C8_L,L,acetylcholine,124562,FC2C,FC2C_C5_L,L,2
523786,EPG,EPG(PB08)_R4,R,acetylcholine,16553,Delta7,Delta7(PB15)_L5R4_L,L,2
520818,EPG,EPG(PB08)_L4,L,acetylcholine,16553,Delta7,Delta7(PB15)_L5R4_L,L,2
513284,EPG,EPG(PB08)_R3,R,acetylcholine,16553,Delta7,Delta7(PB15)_L5R4_L,L,2
512928,EPG,EPG(PB08)_R3,R,acetylcholine,16553,Delta7,Delta7(PB15)_L5R4_L,L,2
15713,EPG,EPG(PB08)_L6,L,acetylcholine,16553,Delta7,Delta7(PB15)_L5R4_L,L,2
11989,EPG,EPG(PB08)_L5,L,acetylcholine,16553,Delta7,Delta7(PB15)_L5R4_L,L,2
520581,EPG,EPG(PB08)_R4,R,acetylcholine,513284,EPG,EPG(PB08)_R3,R,2
514126,EPG,EPG(PB08)_R5,R,acetylcholine,513284,EPG,EPG(PB08)_R3,R,2
513464,EPG,EPG(PB08)_R8,R,acetylcholine,529992,FC2C,FC2C_C1_R,R,2
151739,FC2C,FC2C_C2_R,R,acetylcholine,529992,FC2C,FC2C_C1_R,R,2
139763,FC2C,FC2C_C2_R,R,acetylcholine,529992,FC2C,FC2C_C1_R,R,2
524073,EPG,EPG(PB08)_L2,L,acetylcholine,17143,Delta7,Delta7(PB15)_L2R7_R,R,2
519941,EPG,EPG(PB08)_L3,L,acetylcholine,519331,Delta7,Delta7(PB15)_L3R7_R,R,2
519140,EPG,EPG(PB08)_L1,L,acetylcholine,519331,Delta7,Delta7(PB15)_L3R7_R,R,2
88342,EPG,EPG(PB08)_L3,L,acetylcholine,519331,Delta7,Delta7(PB15)_L3R7_R,R,2
532704,FC2A,FC2A_C1_R,R,acetylcholine,33356,FC2B,FC2B_C2_L,L,2
151739,FC2C,FC2C_C2_R,R,acetylcholine,33356,FC2B,FC2B_C2_L,L,2
36201,FC2A,FC2A_C4_L,L,acetylcholine,33356,FC2B,FC2B_C2_L,L,2
526406,FC2A,FC2A_C2_R,R,acetylcholine,55401,FC2A,FC2A_C9_R,R,2
45876,FC2A,FC2A_C7_R,R,acetylcholine,55401,FC2A,FC2A_C9_R,R,2
533725,Delta7,Delta7(PB15)_L8R1R9_L,L,glutamate,513464,EPG,EPG(PB08)_R8,R,2
11184,Delta7,Delta7(PB15)_L1L9R8_R,R,glutamate,513464,EPG,EPG(PB08)_R8,R,2
512513,EPG,EPG(PB08)_R1,R,acetylcholine,524073,EPG,EPG(PB08)_L2,L,2
13217,EPG,EPG(PB08)_L8,L,acetylcholine,524073,EPG,EPG(PB08)_L2,L,2
141430,FC2C,FC2C_C3_R,R,acetylcholine,546044,FC2C,FC2C_C3_R,R,2
67361,FC2B,FC2B_C2_R,R,acetylcholine,546044,FC2C,FC2C_C3_R,R,2
522853,PFL2,PFL2(PB12b)_R2_C4,R,acetylcholine,520811,PFL3,PFL3(PB12c)_R6_C2,R,2
513034,PFL2,PFL2(PB12b)_L5_C9,L,acetylcholine,520811,PFL3,PFL3(PB12c)_R6_C2,R,2
18803,PFL3,PFL3(PB12c)_R1_C7,R,acetylcholine,520811,PFL3,PFL3(PB12c)_R6_C2,R,2
17379,Delta7,Delta7(PB15)_L4R5_R,R,glutamate,520811,PFL3,PFL3(PB12c)_R6_C2,R,2
17143,Delta7,Delta7(PB15)_L2R7_R,R,glutamate,520811,PFL3,PFL3(PB12c)_R6_C2,R,2
519941,EPG,EPG(PB08)_L3,L,acetylcholine,11307,EPG,EPG(PB08)_L4,L,2
16360,EPG,EPG(PB08)_L6,L,acetylcholine,11307,EPG,EPG(PB08)_L4,L,2
15495,Delta7,Delta7(PB15)_L3R6_R,R,glutamate,11307,EPG,EPG(PB08)_L4,L,2
112888,FC2C,FC2C_C8_L,L,acetylcholine,533436,FC2C,FC2C_C7_L,L,2
35277,FC2B,FC2B_C8_R,R,acetylcholine,533436,FC2C,FC2C_C7_L,L,2
520812,EPG,EPG(PB08)_R8,R,acetylcholine,521812,EPG,EPG(PB08)_R7,R,2
518378,PFL3,PFL3(PB12c)_R5_C3,R,acetylcholine,521812,EPG,EPG(PB08)_R7,R,2
514126,EPG,EPG(PB08)_R5,R,acetylcholine,521812,EPG,EPG(PB08)_R7,R,2
15616,EPG,EPG(PB08)_R3,R,acetylcholine,521812,EPG,EPG(PB08)_R7,R,2
15399,Delta7,Delta7(PB15)_L1L9R8_R,R,glutamate,521812,EPG,EPG(PB08)_R7,R,2
14509,Delta7,Delta7(PB15)_L4R6_R,R,glutamate,521812,EPG,EPG(PB08)_R7,R,2
11503,EPG,EPG(PB08)_R8,R,acetylcholine,521812,EPG,EPG(PB08)_R7,R,2
529266,FC2C,FC2C_C2_L,L,acetylcholine,50885,FC2C,FC2C_C2_L,L,2
74326,FC2B,FC2B_C8_L,L,acetylcholine,50885,FC2C,FC2C_C2_L,L,2
67361,FC2B,FC2B_C2_R,R,acetylcholine,50885,FC2C,FC2C_C2_L,L,2
33356,FC2B,FC2B_C2_L,L,acetylcholine,50885,FC2C,FC2C_C2_L,L,2
124562,FC2C,FC2C_C5_L,L,acetylcholine,153441,FC2C,FC2C_C5_L,L,2
96384,FC2B,FC2B_C5_R,R,acetylcholine,153441,FC2C,FC2C_C5_L,L,2
91537,FC2C,FC2C_C5_L,L,acetylcholine,153441,FC2C,FC2C_C5_L,L,2
57603,FC2C,FC2C_C9_L,L,acetylcholine,153441,FC2C,FC2C_C5_L,L,2
127661,FC2C,FC2C_C6_R,R,acetylcholine,50431,FC2C,FC2C_C8_R,R,2
44554,FC2B,FC2B_C8_R,R,acetylcholine,50431,FC2C,FC2C_C8_R,R,2
35277,FC2B,FC2B_C8_R,R,acetylcholine,50431,FC2C,FC2C_C8_R,R,2
513520,EPG,EPG(PB08)_R6,R,acetylcholine,115674,FC2C,FC2C_C4_R,R,2
11503,EPG,EPG(PB08)_R8,R,acetylcholine,14806,Delta7,Delta7(PB15)_L8R1R9_L,L,2
519941,EPG,EPG(PB08)_L3,L,acetylcholine,512514,EPG,EPG(PB08)_L1,L,2
519332,Delta7,Delta7(PB15)_L2R7_R,R,glutamate,512514,EPG,EPG(PB08)_L1,L,2
107195,EPG,EPG(PB08)_L5,L,acetylcholine,512514,EPG,EPG(PB08)_L1,L,2
88342,EPG,EPG(PB08)_L3,L,acetylcholine,512514,EPG,EPG(PB08)_L1,L,2
15654,Delta7,Delta7(PB15)_L8R1R9_L,L,glutamate,512514,EPG,EPG(PB08)_L1,L,2
12449,EPG,EPG(PB08)_L5,L,acetylcholine,512514,EPG,EPG(PB08)_L1,L,2
529992,FC2C,FC2C_C1_R,R,acetylcholine,151739,FC2C,FC2C_C2_R,R,2
533436,FC2C,FC2C_C7_L,L,acetylcholine,44554,FC2B,FC2B_C8_R,R,2
119819,FC2C,FC2C_C8_L,L,acetylcholine,44554,FC2B,FC2B_C8_R,R,2
97443,FC2B,FC2B_C8_L,L,acetylcholine,44554,FC2B,FC2B_C8_R,R,2
89635,FC2B,FC2B_C3_R,R,acetylcholine,44554,FC2B,FC2B_C8_R,R,2
523786,EPG,EPG(PB08)_R4,R,acetylcholine,17804,Delta7,Delta7(PB15)_L7R2_L,L,2
14727,EPG,EPG(PB08)_L7,L,acetylcholine,17804,Delta7,Delta7(PB15)_L7R2_L,L,2
10539,EPG,EPG(PB08)_R2,R,acetylcholine,17804,Delta7,Delta7(PB15)_L7R2_L,L,2
519140,EPG,EPG(PB08)_L1,L,acetylcholine,16540,Delta7,Delta7(PB15)_L2R7_R,R,2
512514,EPG,EPG(PB08)_L1,L,acetylcholine,16540,Delta7,Delta7(PB15)_L2R7_R,R,2
92188,EPG,EPG(PB08)_R7,R,acetylcholine,16540,Delta7,Delta7(PB15)_L2R7_R,R,2
14507,EPG,EPG(PB08)_R7,R,acetylcholine,16540,Delta7,Delta7(PB15)_L2R7_R,R,2
513520,EPG,EPG(PB08)_R6,R,acetylcholine,15495,Delta7,Delta7(PB15)_L3R6_R,R,2
19125,EPG,EPG(PB08)_R5,R,acetylcholine,15495,Delta7,Delta7(PB15)_L3R6_R,R,2
556347,EPG,EPG(PB08)_R4,R,acetylcholine,14816,Delta7,Delta7(PB15)_L6R4_L,L,2
520581,EPG,EPG(PB08)_R4,R,acetylcholine,14816,Delta7,Delta7(PB15)_L6R4_L,L,2
514126,EPG,EPG(PB08)_R5,R,acetylcholine,14816,Delta7,Delta7(PB15)_L6R4_L,L,2
15616,EPG,EPG(PB08)_R3,R,acetylcholine,14816,Delta7,Delta7(PB15)_L6R4_L,L,2
520818,EPG,EPG(PB08)_L4,L,acetylcholine,13217,EPG,EPG(PB08)_L8,L,2
16476,Delta7,Delta7(PB15)_L7R2_L,L,glutamate,13217,EPG,EPG(PB08)_L8,L,2
132482,FC2C,FC2C_C9_L,L,acetylcholine,149740,FC2B,FC2B_C9_L,L,2
74480,FC2C,FC2C_C9_R,R,acetylcholine,149740,FC2B,FC2B_C9_L,L,2
57603,FC2C,FC2C_C9_L,L,acetylcholine,149740,FC2B,FC2B_C9_L,L,2
44554,FC2B,FC2B_C8_R,R,acetylcholine,149740,FC2B,FC2B_C9_L,L,2
68579,FC2C,FC2C_C5_R,R,acetylcholine,148830,FC2C,FC2C_C5_R,R,2
521813,EPG,EPG(PB08)_L2,L,acetylcholine,533725,Delta7,Delta7(PB15)_L8R1R9_L,L,2
513464,EPG,EPG(PB08)_R8,R,acetylcholine,533725,Delta7,Delta7(PB15)_L8R1R9_L,L,2
513033,EPG,EPG(PB08)_L8,L,acetylcholine,533725,Delta7,Delta7(PB15)_L8R1R9_L,L,2
512513,EPG,EPG(PB08)_R1,R,acetylcholine,533725,Delta7,Delta7(PB15)_L8R1R9_L,L,2
16412,Delta7,Delta7(PB15)_L7R2_L,L,glutamate,533725,Delta7,Delta7(PB15)_L8R1R9_L,L,2
523786,EPG,EPG(PB08)_R4,R,acetylcholine,15616,EPG,EPG(PB08)_R3,R,2
514126,EPG,EPG(PB08)_R5,R,acetylcholine,15616,EPG,EPG(PB08)_R3,R,2
513463,EPG,EPG(PB08)_R2,R,acetylcholine,15616,EPG,EPG(PB08)_R3,R,2
16412,Delta7,Delta7(PB15)_L7R2_L,L,glutamate,15616,EPG,EPG(PB08)_R3,R,2
11987,EPG,EPG(PB08)_R5,R,acetylcholine,15616,EPG,EPG(PB08)_R3,R,2
10539,EPG,EPG(PB08)_R2,R,acetylcholine,15616,EPG,EPG(PB08)_R3,R,2
556347,EPG,EPG(PB08)_R4,R,acetylcholine,18639,Delta7,Delta7(PB15)_L7R2_L,L,2
519140,EPG,EPG(PB08)_L1,L,acetylcholine,18639,Delta7,Delta7(PB15)_L7R2_L,L,2
512514,EPG,EPG(PB08)_L1,L,acetylcholine,18639,Delta7,Delta7(PB15)_L7R2_L,L,2
84758,EPG,EPG(PB08)_L7,L,acetylcholine,18639,Delta7,Delta7(PB15)_L7R2_L,L,2
16360,EPG,EPG(PB08)_L6,L,acetylcholine,18639,Delta7,Delta7(PB15)_L7R2_L,L,2
521813,EPG,EPG(PB08)_L2,L,acetylcholine,14727,EPG,EPG(PB08)_L7,L,2
519941,EPG,EPG(PB08)_L3,L,acetylcholine,14727,EPG,EPG(PB08)_L7,L,2
519144,EPG,EPG(PB08)_L8,L,acetylcholine,14727,EPG,EPG(PB08)_L7,L,2
517417,Delta7,Delta7(PB15)_L6R3_L,L,glutamate,14727,EPG,EPG(PB08)_L7,L,2
530445,FC2B,FC2B_C6_L,L,acetylcholine,11557,PFL2,PFL2(PB12b)_L3_C7,L,2
74326,FC2B,FC2B_C8_L,L,acetylcholine,11557,PFL2,PFL2(PB12b)_L3_C7,L,2
67741,FC2B,FC2B_C6_R,R,acetylcholine,11557,PFL2,PFL2(PB12b)_L3_C7,L,2
27492,PFL2,PFL2(PB12b)_L3_C7,L,acetylcholine,11557,PFL2,PFL2(PB12b)_L3_C7,L,2
521812,EPG,EPG(PB08)_R7,R,acetylcholine,515675,EPG,EPG(PB08)_R1,R,2
16476,Delta7,Delta7(PB15)_L7R2_L,L,glutamate,515675,EPG,EPG(PB08)_R1,R,2
10539,EPG,EPG(PB08)_R2,R,acetylcholine,515675,EPG,EPG(PB08)_R1,R,2
526406,FC2A,FC2A_C2_R,R,acetylcholine,89635,FC2B,FC2B_C3_R,R,2
515233,FC2B,FC2B_C2_R,R,acetylcholine,89635,FC2B,FC2B_C3_R,R,2
140794,FC2C,FC2C_C3_R,R,acetylcholine,89635,FC2B,FC2B_C3_R,R,2
79204,FC2C,FC2C_C3_L,L,acetylcholine,89635,FC2B,FC2B_C3_R,R,2
44554,FC2B,FC2B_C8_R,R,acetylcholine,89635,FC2B,FC2B_C3_R,R,2
34203,FC2B,FC2B_C1_R,R,acetylcholine,89635,FC2B,FC2B_C3_R,R,2
520818,EPG,EPG(PB08)_L4,L,acetylcholine,18823,Delta7,Delta7(PB15)_L4R5_R,R,2
17379,Delta7,Delta7(PB15)_L4R5_R,R,glutamate,18823,Delta7,Delta7(PB15)_L4R5_R,R,2
12449,EPG,EPG(PB08)_L5,L,acetylcholine,18823,Delta7,Delta7(PB15)_L4R5_R,R,2
132482,FC2C,FC2C_C9_L,L,acetylcholine,74480,FC2C,FC2C_C9_R,R,2
66750,FC2C,FC2C_C4_R,R,acetylcholine,74480,FC2C,FC2C_C9_R,R,2
97443,FC2B,FC2B_C8_L,L,acetylcholine,27492,PFL2,PFL2(PB12b)_L3_C7,L,2
44554,FC2B,FC2B_C8_R,R,acetylcholine,27492,PFL2,PFL2(PB12b)_L3_C7,L,2
13031,PFL2,PFL2(PB12b)_R3_C3,R,acetylcholine,27492,PFL2,PFL2(PB12b)_L3_C7,L,2
11673,PFL2,PFL2(PB12b)_R4_C2,R,acetylcholine,27492,PFL2,PFL2(PB12b)_L3_C7,L,2
524977,FC2C,FC2C_C3_L,L,acetylcholine,95713,FC2C,FC2C_C4_L,L,2
520818,EPG,EPG(PB08)_L4,L,acetylcholine,95713,FC2C,FC2C_C4_L,L,2
521813,EPG,EPG(PB08)_L2,L,acetylcholine,434891,Delta7,Delta7(PB15)_L3R7_R,R,2
521812,EPG,EPG(PB08)_R7,R,acetylcholine,434891,Delta7,Delta7(PB15)_L3R7_R,R,2
519328,EPG,EPG(PB08)_L3,L,acetylcholine,434891,Delta7,Delta7(PB15)_L3R7_R,R,2
521409,EPG,EPG(PB08)_L8,L,acetylcholine,15839,Delta7,Delta7(PB15)_L1L9R8_R,R,2
520812,EPG,EPG(PB08)_R8,R,acetylcholine,15839,Delta7,Delta7(PB15)_L1L9R8_R,R,2
515675,EPG,EPG(PB08)_R1,R,acetylcholine,15839,Delta7,Delta7(PB15)_L1L9R8_R,R,2
512305,EPG,EPG(PB08)_R8,R,acetylcholine,15839,Delta7,Delta7(PB15)_L1L9R8_R,R,2
137299,FC2A,FC2A_C5_L,L,acetylcholine,29674,FC2A,FC2A_C2_L,L,2
71855,FC2A,FC2A_C3_L,L,acetylcholine,29674,FC2A,FC2A_C2_L,L,2
19825,EPG,EPG(PB08)_R6,R,acetylcholine,513517,EPG,EPG(PB08)_L4,L,2
16180,Delta7,Delta7(PB15)_L3R6_R,R,glutamate,513517,EPG,EPG(PB08)_L4,L,2
11989,EPG,EPG(PB08)_L5,L,acetylcholine,513517,EPG,EPG(PB08)_L4,L,2
534662,FC2C,FC2C_C8_R,R,acetylcholine,518606,FC2A,FC2A_C8_L,L,2
103466,FC2B,FC2B_C2_L,L,acetylcholine,518606,FC2A,FC2A_C8_L,L,2
74326,FC2B,FC2B_C8_L,L,acetylcholine,518606,FC2A,FC2A_C8_L,L,2
56905,FC2C,FC2C_C9_L,L,acetylcholine,518606,FC2A,FC2A_C8_L,L,2
44554,FC2B,FC2B_C8_R,R,acetylcholine,518606,FC2A,FC2A_C8_L,L,2
241046,FC2B,FC2B_C4_R,R,acetylcholine,550660,FC2C,FC2C_C7_R,R,2
122167,FC2C,FC2C_C7_R,R,acetylcholine,550660,FC2C,FC2C_C7_R,R,2
106495,FC2B,FC2B_C6_R,R,acetylcholine,34203,FC2B,FC2B_C1_R,R,2
96384,FC2B,FC2B_C5_R,R,acetylcholine,34203,FC2B,FC2B_C1_R,R,2
68502,FC2C,FC2C_C1_L,L,acetylcholine,34203,FC2B,FC2B_C1_R,R,2
39538,FC2A,FC2A_C6_R,R,acetylcholine,34203,FC2B,FC2B_C1_R,R,2
79549,PFL3,PFL3(PB12c)_R7_C1,R,acetylcholine,46169,FC2A,FC2A_C1_L,L,2
36201,FC2A,FC2A_C4_L,L,acetylcholine,46169,FC2A,FC2A_C1_L,L,2
526406,FC2A,FC2A_C2_R,R,acetylcholine,518378,PFL3,PFL3(PB12c)_R5_C3,R,2
524977,FC2C,FC2C_C3_L,L,acetylcholine,518378,PFL3,PFL3(PB12c)_R5_C3,R,2
515233,FC2B,FC2B_C2_R,R,acetylcholine,518378,PFL3,PFL3(PB12c)_R5_C3,R,2
513266,PFL3,PFL3(PB12c)_R3_C5,R,acetylcholine,518378,PFL3,PFL3(PB12c)_R5_C3,R,2
241046,FC2B,FC2B_C4_R,R,acetylcholine,518378,PFL3,PFL3(PB12c)_R5_C3,R,2
236557,FC2C,FC2C_C3_R,R,acetylcholine,518378,PFL3,PFL3(PB12c)_R5_C3,R,2
170539,FC2A,FC2A_C4_R,R,acetylcholine,518378,PFL3,PFL3(PB12c)_R5_C3,R,2
140787,FC2B,FC2B_C1_L,L,acetylcholine,518378,PFL3,PFL3(PB12c)_R5_C3,R,2
79549,PFL3,PFL3(PB12c)_R7_C1,R,acetylcholine,518378,PFL3,PFL3(PB12c)_R5_C3,R,2
66750,FC2C,FC2C_C4_R,R,acetylcholine,518378,PFL3,PFL3(PB12c)_R5_C3,R,2
55415,FC2B,FC2B_C1_R,R,acetylcholine,518378,PFL3,PFL3(PB12c)_R5_C3,R,2
26488,PFL3,PFL3(PB12c)_R5_C3,R,acetylcholine,518378,PFL3,PFL3(PB12c)_R5_C3,R,2
17000,PFL3,PFL3(PB12c)_L1_C3,L,acetylcholine,518378,PFL3,PFL3(PB12c)_R5_C3,R,2
523032,PFL3,PFL3(PB12c)_L2_C4,L,acetylcholine,15210,PFL3,PFL3(PB12c)_R2_C1_irreg,L,2
519346,PFL3,PFL3(PB12c)_L7_C9,L,acetylcholine,15210,PFL3,PFL3(PB12c)_R2_C1_irreg,L,2
17000,PFL3,PFL3(PB12c)_L1_C3,L,acetylcholine,15210,PFL3,PFL3(PB12c)_R2_C1_irreg,L,2
521409,EPG,EPG(PB08)_L8,L,acetylcholine,519140,EPG,EPG(PB08)_L1,L,2
513033,EPG,EPG(PB08)_L8,L,acetylcholine,519140,EPG,EPG(PB08)_L1,L,2
92188,EPG,EPG(PB08)_R7,R,acetylcholine,519140,EPG,EPG(PB08)_L1,L,2
11874,EPG,EPG(PB08)_L7,L,acetylcholine,519140,EPG,EPG(PB08)_L1,L,2
512514,EPG,EPG(PB08)_L1,L,acetylcholine,519328,EPG,EPG(PB08)_L3,L,2
16540,Delta7,Delta7(PB15)_L2R7_R,R,glutamate,519328,EPG,EPG(PB08)_L3,L,2
131313,EPG,EPG(PB08)_R6,R,acetylcholine,512305,EPG,EPG(PB08)_R8,R,2
560327,FC2A,FC2A_C3_R,R,acetylcholine,141430,FC2C,FC2C_C3_R,R,2
241046,FC2B,FC2B_C4_R,R,acetylcholine,141430,FC2C,FC2C_C3_R,R,2
103466,FC2B,FC2B_C2_L,L,acetylcholine,141430,FC2C,FC2C_C3_R,R,2
84758,EPG,EPG(PB08)_L7,L,acetylcholine,556346,EPG,EPG(PB08)_L6,L,2
12449,EPG,EPG(PB08)_L5,L,acetylcholine,556346,EPG,EPG(PB08)_L6,L,2
11874,EPG,EPG(PB08)_L7,L,acetylcholine,556346,EPG,EPG(PB08)_L6,L,2
523032,PFL3,PFL3(PB12c)_L2_C4,L,acetylcholine,17290,PFL3,PFL3(PB12c)_L6_C8,L,2
132482,FC2C,FC2C_C9_L,L,acetylcholine,17290,PFL3,PFL3(PB12c)_L6_C8,L,2
122334,FC2C,FC2C_C7_L,L,acetylcholine,17290,PFL3,PFL3(PB12c)_L6_C8,L,2
74480,FC2C,FC2C_C9_R,R,acetylcholine,17290,PFL3,PFL3(PB12c)_L6_C8,L,2
68271,FC2B,FC2B_C7_L,L,acetylcholine,17290,PFL3,PFL3(PB12c)_L6_C8,L,2
515233,FC2B,FC2B_C2_R,R,acetylcholine,50461,FC2B,FC2B_C9_R,R,2
109752,FC2C,FC2C_C9_R,R,acetylcholine,50461,FC2B,FC2B_C9_R,R,2
34203,FC2B,FC2B_C1_R,R,acetylcholine,50461,FC2B,FC2B_C9_R,R,2
514126,EPG,EPG(PB08)_R5,R,acetylcholine,16180,Delta7,Delta7(PB15)_L3R6_R,R,2
19125,EPG,EPG(PB08)_R5,R,acetylcholine,16180,Delta7,Delta7(PB15)_L3R6_R,R,2
524977,FC2C,FC2C_C3_L,L,acetylcholine,64270,FC2C,FC2C_C8_L,L,2
119819,FC2C,FC2C_C8_L,L,acetylcholine,64270,FC2C,FC2C_C8_L,L,2
91537,FC2C,FC2C_C5_L,L,acetylcholine,64270,FC2C,FC2C_C8_L,L,2
523032,PFL3,PFL3(PB12c)_L2_C4,L,acetylcholine,29836,PFL3,PFL3(PB12c)_L4_C6,L,2
519941,EPG,EPG(PB08)_L3,L,acetylcholine,29836,PFL3,PFL3(PB12c)_L4_C6,L,2
519346,PFL3,PFL3(PB12c)_L7_C9,L,acetylcholine,29836,PFL3,PFL3(PB12c)_L4_C6,L,2
108478,PFL3,PFL3(PB12c)_L1_C3,L,acetylcholine,29836,PFL3,PFL3(PB12c)_L4_C6,L,2
17290,PFL3,PFL3(PB12c)_L6_C8,L,acetylcholine,29836,PFL3,PFL3(PB12c)_L4_C6,L,2
17000,PFL3,PFL3(PB12c)_L1_C3,L,acetylcholine,29836,PFL3,PFL3(PB12c)_L4_C6,L,2
529318,Delta7,Delta7(PB15)_L4R5_R,R,glutamate,107195,EPG,EPG(PB08)_L5,L,2
520818,EPG,EPG(PB08)_L4,L,acetylcholine,107195,EPG,EPG(PB08)_L5,L,2
512514,EPG,EPG(PB08)_L1,L,acetylcholine,107195,EPG,EPG(PB08)_L5,L,2
15904,Delta7,Delta7(PB15)_L4R5_R,R,glutamate,107195,EPG,EPG(PB08)_L5,L,2
15713,EPG,EPG(PB08)_L6,L,acetylcholine,107195,EPG,EPG(PB08)_L5,L,2
11874,EPG,EPG(PB08)_L7,L,acetylcholine,107195,EPG,EPG(PB08)_L5,L,2
529992,FC2C,FC2C_C1_R,R,acetylcholine,139763,FC2C,FC2C_C2_R,R,2
236557,FC2C,FC2C_C3_R,R,acetylcholine,139763,FC2C,FC2C_C2_R,R,2
140794,FC2C,FC2C_C3_R,R,acetylcholine,139763,FC2C,FC2C_C2_R,R,2
519328,EPG,EPG(PB08)_L3,L,acetylcholine,14509,Delta7,Delta7(PB15)_L4R6_R,R,2
514126,EPG,EPG(PB08)_R5,R,acetylcholine,14509,Delta7,Delta7(PB15)_L4R6_R,R,2
131313,EPG,EPG(PB08)_R6,R,acetylcholine,14509,Delta7,Delta7(PB15)_L4R6_R,R,2
519331,Delta7,Delta7(PB15)_L3R7_R,R,glutamate,513520,EPG,EPG(PB08)_R6,R,2
568155,Delta7,Delta7(PB15)_L8R1R9_L,L,glutamate,26038,PFL3,PFL3(PB12c)_L5_C7,L,2
551404,FC2C,FC2C_C6_L,L,acetylcholine,26038,PFL3,PFL3(PB12c)_L5_C7,L,2
523032,PFL3,PFL3(PB12c)_L2_C4,L,acetylcholine,26038,PFL3,PFL3(PB12c)_L5_C7,L,2
519351,PFL3,PFL3(PB12c)_L4_C5,L,acetylcholine,26038,PFL3,PFL3(PB12c)_L5_C7,L,2
119544,FC2C,FC2C_C6_L,L,acetylcholine,26038,PFL3,PFL3(PB12c)_L5_C7,L,2
112888,FC2C,FC2C_C8_L,L,acetylcholine,26038,PFL3,PFL3(PB12c)_L5_C7,L,2
108478,PFL3,PFL3(PB12c)_L1_C3,L,acetylcholine,26038,PFL3,PFL3(PB12c)_L5_C7,L,2
15210,PFL3,PFL3(PB12c)_R2_C1_irreg,L,acetylcholine,26038,PFL3,PFL3(PB12c)_L5_C7,L,2
140794,FC2C,FC2C_C3_R,R,acetylcholine,103466,FC2B,FC2B_C2_L,L,2
112888,FC2C,FC2C_C8_L,L,acetylcholine,103466,FC2B,FC2B_C2_L,L,2
89635,FC2B,FC2B_C3_R,R,acetylcholine,103466,FC2B,FC2B_C2_L,L,2
529318,Delta7,Delta7(PB15)_L4R5_R,R,glutamate,523786,EPG,EPG(PB08)_R4,R,2
19825,EPG,EPG(PB08)_R6,R,acetylcholine,523786,EPG,EPG(PB08)_R4,R,2
15713,EPG,EPG(PB08)_L6,L,acetylcholine,15904,Delta7,Delta7(PB15)_L4R5_R,R,2
11987,EPG,EPG(PB08)_R5,R,acetylcholine,15904,Delta7,Delta7(PB15)_L4R5_R,R,2
18803,PFL3,PFL3(PB12c)_R1_C7,R,acetylcholine,35322,PFL3,PFL3(PB12c)_R1_C7,R,2
109752,FC2C,FC2C_C9_R,R,acetylcholine,106495,FC2B,FC2B_C6_R,R,2
39538,FC2A,FC2A_C6_R,R,acetylcholine,106495,FC2B,FC2B_C6_R,R,2
537128,FC2C,FC2C_C1_L,L,acetylcholine,26488,PFL3,PFL3(PB12c)_R5_C3,R,2
520811,PFL3,PFL3(PB12c)_R6_C2,R,acetylcholine,26488,PFL3,PFL3(PB12c)_R5_C3,R,2
515233,FC2B,FC2B_C2_R,R,acetylcholine,26488,PFL3,PFL3(PB12c)_R5_C3,R,2
140787,FC2B,FC2B_C1_L,L,acetylcholine,26488,PFL3,PFL3(PB12c)_R5_C3,R,2
66750,FC2C,FC2C_C4_R,R,acetylcholine,26488,PFL3,PFL3(PB12c)_R5_C3,R,2
35322,PFL3,PFL3(PB12c)_R1_C7,R,acetylcholine,26488,PFL3,PFL3(PB12c)_R5_C3,R,2
14729,PFL2,PFL2(PB12b)_R1_C5,R,acetylcholine,26488,PFL3,PFL3(PB12c)_R5_C3,R,2
11874,EPG,EPG(PB08)_L7,L,acetylcholine,517417,Delta7,Delta7(PB15)_L6R3_L,L,2
18327,PFL3,PFL3(PB12c)_R2_C6,R,acetylcholine,18803,PFL3,PFL3(PB12c)_R1_C7,R,2
137299,FC2A,FC2A_C5_L,L,acetylcholine,140787,FC2B,FC2B_C1_L,L,2
16360,EPG,EPG(PB08)_L6,L,acetylcholine,16476,Delta7,Delta7(PB15)_L7R2_L,L,2
11874,EPG,EPG(PB08)_L7,L,acetylcholine,16476,Delta7,Delta7(PB15)_L7R2_L,L,2
526406,FC2A,FC2A_C2_R,R,acetylcholine,515233,FC2B,FC2B_C2_R,R,2
55415,FC2B,FC2B_C1_R,R,acetylcholine,515233,FC2B,FC2B_C2_R,R,2
50461,FC2B,FC2B_C9_R,R,acetylcholine,515233,FC2B,FC2B_C2_R,R,2
19125,EPG,EPG(PB08)_R5,R,acetylcholine,515961,Delta7,Delta7(PB15)_L6R3_L,L,2
12449,EPG,EPG(PB08)_L5,L,acetylcholine,515961,Delta7,Delta7(PB15)_L6R3_L,L,2
10539,EPG,EPG(PB08)_R2,R,acetylcholine,515961,Delta7,Delta7(PB15)_L6R3_L,L,2
101011,FC2C,FC2C_C6_R,R,acetylcholine,122167,FC2C,FC2C_C7_R,R,2
45343,FC2C,FC2C_C7_L,L,acetylcholine,122167,FC2C,FC2C_C7_R,R,2
514126,EPG,EPG(PB08)_R5,R,acetylcholine,512513,EPG,EPG(PB08)_R1,R,2
15616,EPG,EPG(PB08)_R3,R,acetylcholine,512513,EPG,EPG(PB08)_R1,R,2
11987,EPG,EPG(PB08)_R5,R,acetylcholine,512513,EPG,EPG(PB08)_R1,R,2
518378,PFL3,PFL3(PB12c)_R5_C3,R,acetylcholine,513266,PFL3,PFL3(PB12c)_R3_C5,R,2
514126,EPG,EPG(PB08)_R5,R,acetylcholine,513266,PFL3,PFL3(PB12c)_R3_C5,R,2
79549,PFL3,PFL3(PB12c)_R7_C1,R,acetylcholine,513266,PFL3,PFL3(PB12c)_R3_C5,R,2
79204,FC2C,FC2C_C3_L,L,acetylcholine,513266,PFL3,PFL3(PB12c)_R3_C5,R,2
23159,PFL3,PFL3(PB12c)_R4_C4,R,acetylcholine,513266,PFL3,PFL3(PB12c)_R3_C5,R,2
18851,PFL3,PFL3(PB12c)_L1_C8_irreg,R,acetylcholine,513266,PFL3,PFL3(PB12c)_R3_C5,R,2
17804,Delta7,Delta7(PB15)_L7R2_L,L,glutamate,513266,PFL3,PFL3(PB12c)_R3_C5,R,2
546044,FC2C,FC2C_C3_R,R,acetylcholine,523032,PFL3,PFL3(PB12c)_L2_C4,L,2
520818,EPG,EPG(PB08)_L4,L,acetylcholine,523032,PFL3,PFL3(PB12c)_L2_C4,L,2
91537,FC2C,FC2C_C5_L,L,acetylcholine,523032,PFL3,PFL3(PB12c)_L2_C4,L,2
68579,FC2C,FC2C_C5_R,R,acetylcholine,523032,PFL3,PFL3(PB12c)_L2_C4,L,2
26038,PFL3,PFL3(PB12c)_L5_C7,L,acetylcholine,523032,PFL3,PFL3(PB12c)_L2_C4,L,2
18823,Delta7,Delta7(PB15)_L4R5_R,R,glutamate,11503,EPG,EPG(PB08)_R8,R,2
519332,Delta7,Delta7(PB15)_L2R7_R,R,glutamate,15399,Delta7,Delta7(PB15)_L1L9R8_R,R,2
519140,EPG,EPG(PB08)_L1,L,acetylcholine,15399,Delta7,Delta7(PB15)_L1L9R8_R,R,2
515675,EPG,EPG(PB08)_R1,R,acetylcholine,15399,Delta7,Delta7(PB15)_L1L9R8_R,R,2
512305,EPG,EPG(PB08)_R8,R,acetylcholine,15399,Delta7,Delta7(PB15)_L1L9R8_R,R,2
17143,Delta7,Delta7(PB15)_L2R7_R,R,glutamate,15399,Delta7,Delta7(PB15)_L1L9R8_R,R,2
537128,FC2C,FC2C_C1_L,L,acetylcholine,41941,FC2C,FC2C_C4_L,L,2
95713,FC2C,FC2C_C4_L,L,acetylcholine,41941,FC2C,FC2C_C4_L,L,2
530445,FC2B,FC2B_C6_L,L,acetylcholine,530071,PFL3,PFL3(PB12c)_L3_C5,L,2
521813,EPG,EPG(PB08)_L2,L,acetylcholine,530071,PFL3,PFL3(PB12c)_L3_C5,L,2
511841,Delta7,Delta7(PB15)_L2R7_R,R,glutamate,530071,PFL3,PFL3(PB12c)_L3_C5,L,2
127661,FC2C,FC2C_C6_R,R,acetylcholine,530071,PFL3,PFL3(PB12c)_L3_C5,L,2
101011,FC2C,FC2C_C6_R,R,acetylcholine,530071,PFL3,PFL3(PB12c)_L3_C5,L,2
67741,FC2B,FC2B_C6_R,R,acetylcholine,530071,PFL3,PFL3(PB12c)_L3_C5,L,2
29836,PFL3,PFL3(PB12c)_L4_C6,L,acetylcholine,530071,PFL3,PFL3(PB12c)_L3_C5,L,2
16540,Delta7,Delta7(PB15)_L2R7_R,R,glutamate,530071,PFL3,PFL3(PB12c)_L3_C5,L,2
521409,EPG,EPG(PB08)_L8,L,acetylcholine,511841,Delta7,Delta7(PB15)_L2R7_R,R,2
512513,EPG,EPG(PB08)_R1,R,acetylcholine,511841,Delta7,Delta7(PB15)_L2R7_R,R,2
512514,EPG,EPG(PB08)_L1,L,acetylcholine,511841,Delta7,Delta7(PB15)_L2R7_R,R,2
521812,EPG,EPG(PB08)_R7,R,acetylcholine,10539,EPG,EPG(PB08)_R2,R,2
520812,EPG,EPG(PB08)_R8,R,acetylcholine,10539,EPG,EPG(PB08)_R2,R,2
513520,EPG,EPG(PB08)_R6,R,acetylcholine,10539,EPG,EPG(PB08)_R2,R,2
513464,EPG,EPG(PB08)_R8,R,acetylcholine,10539,EPG,EPG(PB08)_R2,R,2
512928,EPG,EPG(PB08)_R3,R,acetylcholine,10539,EPG,EPG(PB08)_R2,R,2
512514,EPG,EPG(PB08)_L1,L,acetylcholine,10539,EPG,EPG(PB08)_R2,R,2
127661,FC2C,FC2C_C6_R,R,acetylcholine,60670,FC2C,FC2C_C1_R,R,2
68579,FC2C,FC2C_C5_R,R,acetylcholine,60670,FC2C,FC2C_C1_R,R,2
68502,FC2C,FC2C_C1_L,L,acetylcholine,60670,FC2C,FC2C_C1_R,R,2
51782,FC2C,FC2C_C2_R,R,acetylcholine,60670,FC2C,FC2C_C1_R,R,2
515233,FC2B,FC2B_C2_R,R,acetylcholine,109752,FC2C,FC2C_C9_R,R,2
137299,FC2A,FC2A_C5_L,L,acetylcholine,131273,FC2A,FC2A_C5_R,R,2
153558,FC2C,FC2C_C5_R,R,acetylcholine,91537,FC2C,FC2C_C5_L,L,2
153441,FC2C,FC2C_C5_L,L,acetylcholine,91537,FC2C,FC2C_C5_L,L,2
64270,FC2C,FC2C_C8_L,L,acetylcholine,91537,FC2C,FC2C_C5_L,L,2
514126,EPG,EPG(PB08)_R5,R,acetylcholine,15851,Delta7,Delta7(PB15)_L6R4_L,L,2
513284,EPG,EPG(PB08)_R3,R,acetylcholine,15851,Delta7,Delta7(PB15)_L6R4_L,L,2
16360,EPG,EPG(PB08)_L6,L,acetylcholine,15851,Delta7,Delta7(PB15)_L6R4_L,L,2
10539,EPG,EPG(PB08)_R2,R,acetylcholine,15851,Delta7,Delta7(PB15)_L6R4_L,L,2
546044,FC2C,FC2C_C3_R,R,acetylcholine,522853,PFL2,PFL2(PB12b)_R2_C4,R,2
520811,PFL3,PFL3(PB12c)_R6_C2,R,acetylcholine,522853,PFL2,PFL2(PB12b)_R2_C4,R,2
512514,EPG,EPG(PB08)_L1,L,acetylcholine,522853,PFL2,PFL2(PB12b)_R2_C4,R,2
137299,FC2A,FC2A_C5_L,L,acetylcholine,522853,PFL2,PFL2(PB12b)_R2_C4,R,2
96384,FC2B,FC2B_C5_R,R,acetylcholine,522853,PFL2,PFL2(PB12b)_R2_C4,R,2
91537,FC2C,FC2C_C5_L,L,acetylcholine,522853,PFL2,PFL2(PB12b)_R2_C4,R,2
29674,FC2A,FC2A_C2_L,L,acetylcholine,522853,PFL2,PFL2(PB12b)_R2_C4,R,2
27492,PFL2,PFL2(PB12b)_L3_C7,L,acetylcholine,522853,PFL2,PFL2(PB12b)_R2_C4,R,2
17753,Delta7,Delta7(PB15)_L7R3_L,L,glutamate,522853,PFL2,PFL2(PB12b)_R2_C4,R,2
17000,PFL3,PFL3(PB12c)_L1_C3,L,acetylcholine,522853,PFL2,PFL2(PB12b)_R2_C4,R,2
13490,PFL2,PFL2(PB12b)_L1_C5,L,acetylcholine,522853,PFL2,PFL2(PB12b)_R2_C4,R,2
560327,FC2A,FC2A_C3_R,R,acetylcholine,67741,FC2B,FC2B_C6_R,R,2
519358,FC2B,FC2B_C4_R,R,acetylcholine,67741,FC2B,FC2B_C6_R,R,2
106495,FC2B,FC2B_C6_R,R,acetylcholine,67741,FC2B,FC2B_C6_R,R,2
39538,FC2A,FC2A_C6_R,R,acetylcholine,67741,FC2B,FC2B_C6_R,R,2
520818,EPG,EPG(PB08)_L4,L,acetylcholine,15713,EPG,EPG(PB08)_L6,L,2
513033,EPG,EPG(PB08)_L8,L,acetylcholine,15713,EPG,EPG(PB08)_L6,L,2
17804,Delta7,Delta7(PB15)_L7R2_L,L,glutamate,15713,EPG,EPG(PB08)_L6,L,2
131313,EPG,EPG(PB08)_R6,R,acetylcholine,521813,EPG,EPG(PB08)_L2,L,2
15713,EPG,EPG(PB08)_L6,L,acetylcholine,521813,EPG,EPG(PB08)_L2,L,2
11307,EPG,EPG(PB08)_L4,L,acetylcholine,521813,EPG,EPG(PB08)_L2,L,2
520581,EPG,EPG(PB08)_R4,R,acetylcholine,19125,EPG,EPG(PB08)_R5,R,2
131313,EPG,EPG(PB08)_R6,R,acetylcholine,19125,EPG,EPG(PB08)_R5,R,2
19825,EPG,EPG(PB08)_R6,R,acetylcholine,19125,EPG,EPG(PB08)_R5,R,2
14507,EPG,EPG(PB08)_R7,R,acetylcholine,19125,EPG,EPG(PB08)_R5,R,2
14509,Delta7,Delta7(PB15)_L4R6_R,R,glutamate,19125,EPG,EPG(PB08)_R5,R,2
520812,EPG,EPG(PB08)_R8,R,acetylcholine,131313,EPG,EPG(PB08)_R6,R,2
513517,EPG,EPG(PB08)_L4,L,acetylcholine,131313,EPG,EPG(PB08)_R6,R,2
15904,Delta7,Delta7(PB15)_L4R5_R,R,glutamate,131313,EPG,EPG(PB08)_R6,R,2
15409,Delta7,Delta7(PB15)_L8R1R9_L,L,glutamate,131313,EPG,EPG(PB08)_R6,R,2
122334,FC2C,FC2C_C7_L,L,acetylcholine,18327,PFL3,PFL3(PB12c)_R2_C6,R,2
35277,FC2B,FC2B_C8_R,R,acetylcholine,18327,PFL3,PFL3(PB12c)_R2_C6,R,2
26488,PFL3,PFL3(PB12c)_R5_C3,R,acetylcholine,18327,PFL3,PFL3(PB12c)_R2_C6,R,2
19009,PFL3,PFL3(PB12c)_L2_C9_irreg,R,acetylcholine,18327,PFL3,PFL3(PB12c)_R2_C6,R,2
15409,Delta7,Delta7(PB15)_L8R1R9_L,L,glutamate,18327,PFL3,PFL3(PB12c)_R2_C6,R,2
519331,Delta7,Delta7(PB15)_L3R7_R,R,glutamate,19825,EPG,EPG(PB08)_R6,R,2
170539,FC2A,FC2A_C4_R,R,acetylcholine,19825,EPG,EPG(PB08)_R6,R,2
66750,FC2C,FC2C_C4_R,R,acetylcholine,19825,EPG,EPG(PB08)_R6,R,2
18823,Delta7,Delta7(PB15)_L4R5_R,R,glutamate,19825,EPG,EPG(PB08)_R6,R,2
15904,Delta7,Delta7(PB15)_L4R5_R,R,glutamate,19825,EPG,EPG(PB08)_R6,R,2
521812,EPG,EPG(PB08)_R7,R,acetylcholine,16110,Delta7,Delta7(PB15)_L3R6_R,R,2
107195,EPG,EPG(PB08)_L5,L,acetylcholine,16110,Delta7,Delta7(PB15)_L3R6_R,R,2
526406,FC2A,FC2A_C2_R,R,acetylcholine,96384,FC2B,FC2B_C5_R,R,2
124562,FC2C,FC2C_C5_L,L,acetylcholine,96384,FC2B,FC2B_C5_R,R,2
39538,FC2A,FC2A_C6_R,R,acetylcholine,96384,FC2B,FC2B_C5_R,R,2
556346,EPG,EPG(PB08)_L6,L,acetylcholine,115261,FC2C,FC2C_C6_L,L,2
108286,FC2C,FC2C_C7_R,R,acetylcholine,115261,FC2C,FC2C_C6_L,L,2
56905,FC2C,FC2C_C9_L,L,acetylcholine,115261,FC2C,FC2C_C6_L,L,2
537128,FC2C,FC2C_C1_L,L,acetylcholine,532704,FC2A,FC2A_C1_R,R,2
515233,FC2B,FC2B_C2_R,R,acetylcholine,532704,FC2A,FC2A_C1_R,R,2
513464,EPG,EPG(PB08)_R8,R,acetylcholine,532704,FC2A,FC2A_C1_R,R,2
79549,PFL3,PFL3(PB12c)_R7_C1,R,acetylcholine,532704,FC2A,FC2A_C1_R,R,2
68502,FC2C,FC2C_C1_L,L,acetylcholine,532704,FC2A,FC2A_C1_R,R,2
39538,FC2A,FC2A_C6_R,R,acetylcholine,532704,FC2A,FC2A_C1_R,R,2
34203,FC2B,FC2B_C1_R,R,acetylcholine,532704,FC2A,FC2A_C1_R,R,2
33382,FC2A,FC2A_C8_R,R,acetylcholine,532704,FC2A,FC2A_C1_R,R,2
29674,FC2A,FC2A_C2_L,L,acetylcholine,532704,FC2A,FC2A_C1_R,R,2
532704,FC2A,FC2A_C1_R,R,acetylcholine,33382,FC2A,FC2A_C8_R,R,2
526406,FC2A,FC2A_C2_R,R,acetylcholine,33382,FC2A,FC2A_C8_R,R,2
518606,FC2A,FC2A_C8_L,L,acetylcholine,33382,FC2A,FC2A_C8_R,R,2
85400,FC2B,FC2B_C7_R,R,acetylcholine,33382,FC2A,FC2A_C8_R,R,2
56382,FC2A,FC2A_C6_L,L,acetylcholine,33382,FC2A,FC2A_C8_R,R,2
45876,FC2A,FC2A_C7_R,R,acetylcholine,33382,FC2A,FC2A_C8_R,R,2
44554,FC2B,FC2B_C8_R,R,acetylcholine,33382,FC2A,FC2A_C8_R,R,2
35277,FC2B,FC2B_C8_R,R,acetylcholine,33382,FC2A,FC2A_C8_R,R,2
241046,FC2B,FC2B_C4_R,R,acetylcholine,519358,FC2B,FC2B_C4_R,R,2
131273,FC2A,FC2A_C5_R,R,acetylcholine,519358,FC2B,FC2B_C4_R,R,2
79204,FC2C,FC2C_C3_L,L,acetylcholine,519358,FC2B,FC2B_C4_R,R,2
67361,FC2B,FC2B_C2_R,R,acetylcholine,519358,FC2B,FC2B_C4_R,R,2
79204,FC2C,FC2C_C3_L,L,acetylcholine,66750,FC2C,FC2C_C4_R,R,2
513033,EPG,EPG(PB08)_L8,L,acetylcholine,15654,Delta7,Delta7(PB15)_L8R1R9_L,L,2
84758,EPG,EPG(PB08)_L7,L,acetylcholine,15654,Delta7,Delta7(PB15)_L8R1R9_L,L,2
56905,FC2C,FC2C_C9_L,L,acetylcholine,119819,FC2C,FC2C_C8_L,L,2
515961,Delta7,Delta7(PB15)_L6R3_L,L,glutamate,518375,PFL2,PFL2(PB12b)_R3_C3,R,2
513034,PFL2,PFL2(PB12b)_L5_C9,L,acetylcholine,518375,PFL2,PFL2(PB12b)_R3_C3,R,2
36201,FC2A,FC2A_C4_L,L,acetylcholine,518375,PFL2,PFL2(PB12b)_R3_C3,R,2
556346,EPG,EPG(PB08)_L6,L,acetylcholine,519346,PFL3,PFL3(PB12c)_L7_C9,L,2
534662,FC2C,FC2C_C8_R,R,acetylcholine,519346,PFL3,PFL3(PB12c)_L7_C9,L,2
513034,PFL2,PFL2(PB12b)_L5_C9,L,acetylcholine,519346,PFL3,PFL3(PB12c)_L7_C9,L,2
74326,FC2B,FC2B_C8_L,L,acetylcholine,519346,PFL3,PFL3(PB12c)_L7_C9,L,2
513520,EPG,EPG(PB08)_R6,R,acetylcholine,241046,FC2B,FC2B_C4_R,R,2
95713,FC2C,FC2C_C4_L,L,acetylcholine,241046,FC2B,FC2B_C4_R,R,2
89635,FC2B,FC2B_C3_R,R,acetylcholine,241046,FC2B,FC2B_C4_R,R,2
568155,Delta7,Delta7(PB15)_L8R1R9_L,L,glutamate,108478,PFL3,PFL3(PB12c)_L1_C3,L,2
537128,FC2C,FC2C_C1_L,L,acetylcholine,108478,PFL3,PFL3(PB12c)_L1_C3,L,2
526406,FC2A,FC2A_C2_R,R,acetylcholine,108478,PFL3,PFL3(PB12c)_L1_C3,L,2
523032,PFL3,PFL3(PB12c)_L2_C4,L,acetylcholine,108478,PFL3,PFL3(PB12c)_L1_C3,L,2
170539,FC2A,FC2A_C4_R,R,acetylcholine,108478,PFL3,PFL3(PB12c)_L1_C3,L,2
67361,FC2B,FC2B_C2_R,R,acetylcholine,108478,PFL3,PFL3(PB12c)_L1_C3,L,2
51782,FC2C,FC2C_C2_R,R,acetylcholine,108478,PFL3,PFL3(PB12c)_L1_C3,L,2
16540,Delta7,Delta7(PB15)_L2R7_R,R,glutamate,108478,PFL3,PFL3(PB12c)_L1_C3,L,2
518606,FC2A,FC2A_C8_L,L,acetylcholine,112888,FC2C,FC2C_C8_L,L,2
137990,FC2B,FC2B_C3_L,L,acetylcholine,112888,FC2C,FC2C_C8_L,L,2
153441,FC2C,FC2C_C5_L,L,acetylcholine,56905,FC2C,FC2C_C9_L,L,2
137990,FC2B,FC2B_C3_L,L,acetylcholine,56905,FC2C,FC2C_C9_L,L,2
119819,FC2C,FC2C_C8_L,L,acetylcholine,56905,FC2C,FC2C_C9_L,L,2
68502,FC2C,FC2C_C1_L,L,acetylcholine,56905,FC2C,FC2C_C9_L,L,2
521812,EPG,EPG(PB08)_R7,R,acetylcholine,519332,Delta7,Delta7(PB15)_L2R7_R,R,2
519941,EPG,EPG(PB08)_L3,L,acetylcholine,519332,Delta7,Delta7(PB15)_L2R7_R,R,2
513520,EPG,EPG(PB08)_R6,R,acetylcholine,519332,Delta7,Delta7(PB15)_L2R7_R,R,2
512513,EPG,EPG(PB08)_R1,R,acetylcholine,519332,Delta7,Delta7(PB15)_L2R7_R,R,2
15399,Delta7,Delta7(PB15)_L1L9R8_R,R,glutamate,519332,Delta7,Delta7(PB15)_L2R7_R,R,2
519144,EPG,EPG(PB08)_L8,L,acetylcholine,16869,Delta7,Delta7(PB15)_L7R3_L,L,2
513463,EPG,EPG(PB08)_R2,R,acetylcholine,16869,Delta7,Delta7(PB15)_L7R3_L,L,2
84758,EPG,EPG(PB08)_L7,L,acetylcholine,16869,Delta7,Delta7(PB15)_L7R3_L,L,2
15713,EPG,EPG(PB08)_L6,L,acetylcholine,16869,Delta7,Delta7(PB15)_L7R3_L,L,2
551404,FC2C,FC2C_C6_L,L,acetylcholine,513032,PFL3,PFL3(PB12c)_L5_C7,L,2
530445,FC2B,FC2B_C6_L,L,acetylcholine,513032,PFL3,PFL3(PB12c)_L5_C7,L,2
519351,PFL3,PFL3(PB12c)_L4_C5,L,acetylcholine,513032,PFL3,PFL3(PB12c)_L5_C7,L,2
519346,PFL3,PFL3(PB12c)_L7_C9,L,acetylcholine,513032,PFL3,PFL3(PB12c)_L5_C7,L,2
518606,FC2A,FC2A_C8_L,L,acetylcholine,513032,PFL3,PFL3(PB12c)_L5_C7,L,2
515294,Delta7,Delta7(PB15)_L5R4_L,L,glutamate,513032,PFL3,PFL3(PB12c)_L5_C7,L,2
132482,FC2C,FC2C_C9_L,L,acetylcholine,513032,PFL3,PFL3(PB12c)_L5_C7,L,2
50431,FC2C,FC2C_C8_R,R,acetylcholine,513032,PFL3,PFL3(PB12c)_L5_C7,L,2
39538,FC2A,FC2A_C6_R,R,acetylcholine,513032,PFL3,PFL3(PB12c)_L5_C7,L,2
26038,PFL3,PFL3(PB12c)_L5_C7,L,acetylcholine,513032,PFL3,PFL3(PB12c)_L5_C7,L,2
17000,PFL3,PFL3(PB12c)_L1_C3,L,acetylcholine,513032,PFL3,PFL3(PB12c)_L5_C7,L,2
518378,PFL3,PFL3(PB12c)_R5_C3,R,acetylcholine,140794,FC2C,FC2C_C3_R,R,2
103466,FC2B,FC2B_C2_L,L,acetylcholine,140794,FC2C,FC2C_C3_R,R,2
51782,FC2C,FC2C_C2_R,R,acetylcholine,140794,FC2C,FC2C_C3_R,R,2
519144,EPG,EPG(PB08)_L8,L,acetylcholine,568155,Delta7,Delta7(PB15)_L8R1R9_L,L,2
513464,EPG,EPG(PB08)_R8,R,acetylcholine,568155,Delta7,Delta7(PB15)_L8R1R9_L,L,2
10539,EPG,EPG(PB08)_R2,R,acetylcholine,568155,Delta7,Delta7(PB15)_L8R1R9_L,L,2
521813,EPG,EPG(PB08)_L2,L,acetylcholine,519144,EPG,EPG(PB08)_L8,L,2
520818,EPG,EPG(PB08)_L4,L,acetylcholine,519144,EPG,EPG(PB08)_L8,L,2
17804,Delta7,Delta7(PB15)_L7R2_L,L,glutamate,519144,EPG,EPG(PB08)_L8,L,2
11184,Delta7,Delta7(PB15)_L1L9R8_R,R,glutamate,519144,EPG,EPG(PB08)_L8,L,2
550660,FC2C,FC2C_C7_R,R,acetylcholine,68579,FC2C,FC2C_C5_R,R,2
153558,FC2C,FC2C_C5_R,R,acetylcholine,68579,FC2C,FC2C_C5_R,R,2
148830,FC2C,FC2C_C5_R,R,acetylcholine,68579,FC2C,FC2C_C5_R,R,2
34203,FC2B,FC2B_C1_R,R,acetylcholine,68579,FC2C,FC2C_C5_R,R,2
533436,FC2C,FC2C_C7_L,L,acetylcholine,551404,FC2C,FC2C_C6_L,L,2
119819,FC2C,FC2C_C8_L,L,acetylcholine,551404,FC2C,FC2C_C6_L,L,2
119544,FC2C,FC2C_C6_L,L,acetylcholine,551404,FC2C,FC2C_C6_L,L,2
556346,EPG,EPG(PB08)_L6,L,acetylcholine,11989,EPG,EPG(PB08)_L5,L,2
519140,EPG,EPG(PB08)_L1,L,acetylcholine,11989,EPG,EPG(PB08)_L5,L,2
15616,EPG,EPG(PB08)_R3,R,acetylcholine,11989,EPG,EPG(PB08)_L5,L,2
13217,EPG,EPG(PB08)_L8,L,acetylcholine,11989,EPG,EPG(PB08)_L5,L,2
519941,EPG,EPG(PB08)_L3,L,acetylcholine,513034,PFL2,PFL2(PB12b)_L5_C9,L,2
519328,EPG,EPG(PB08)_L3,L,acetylcholine,513034,PFL2,PFL2(PB12b)_L5_C9,L,2
44554,FC2B,FC2B_C8_R,R,acetylcholine,513034,PFL2,PFL2(PB12b)_L5_C9,L,2
14729,PFL2,PFL2(PB12b)_R1_C5,R,acetylcholine,513034,PFL2,PFL2(PB12b)_L5_C9,L,2
13217,EPG,EPG(PB08)_L8,L,acetylcholine,513034,PFL2,PFL2(PB12b)_L5_C9,L,2
149740,FC2B,FC2B_C9_L,L,acetylcholine,45343,FC2C,FC2C_C7_L,L,2
137990,FC2B,FC2B_C3_L,L,acetylcholine,45343,FC2C,FC2C_C7_L,L,2
122334,FC2C,FC2C_C7_L,L,acetylcholine,45343,FC2C,FC2C_C7_L,L,2
537128,FC2C,FC2C_C1_L,L,acetylcholine,17286,PFL3,PFL3(PB12c)_R1_C2_irreg,L,2
513032,PFL3,PFL3(PB12c)_L5_C7,L,acetylcholine,17286,PFL3,PFL3(PB12c)_R1_C2_irreg,L,2
18639,Delta7,Delta7(PB15)_L7R2_L,L,glutamate,17286,PFL3,PFL3(PB12c)_R1_C2_irreg,L,2
17290,PFL3,PFL3(PB12c)_L6_C8,L,acetylcholine,17286,PFL3,PFL3(PB12c)_R1_C2_irreg,L,2
17000,PFL3,PFL3(PB12c)_L1_C3,L,acetylcholine,17286,PFL3,PFL3(PB12c)_R1_C2_irreg,L,2
15210,PFL3,PFL3(PB12c)_R2_C1_irreg,L,acetylcholine,17286,PFL3,PFL3(PB12c)_R1_C2_irreg,L,2
106495,FC2B,FC2B_C6_R,R,acetylcholine,530445,FC2B,FC2B_C6_L,L,2
99820,FC2B,FC2B_C4_L,L,acetylcholine,530445,FC2B,FC2B_C6_L,L,2
68271,FC2B,FC2B_C7_L,L,acetylcholine,530445,FC2B,FC2B_C6_L,L,2
67741,FC2B,FC2B_C6_R,R,acetylcholine,530445,FC2B,FC2B_C6_L,L,2
41559,FC2A,FC2A_C9_L,L,acetylcholine,530445,FC2B,FC2B_C6_L,L,2
521409,EPG,EPG(PB08)_L8,L,acetylcholine,512928,EPG,EPG(PB08)_R3,R,2
515675,EPG,EPG(PB08)_R1,R,acetylcholine,512928,EPG,EPG(PB08)_R3,R,2
19125,EPG,EPG(PB08)_R5,R,acetylcholine,512928,EPG,EPG(PB08)_R3,R,2
15713,EPG,EPG(PB08)_L6,L,acetylcholine,512928,EPG,EPG(PB08)_R3,R,2
14816,Delta7,Delta7(PB15)_L6R4_L,L,glutamate,512928,EPG,EPG(PB08)_R3,R,2
567101,PFL3,PFL3(PB12c)_R3_C5,R,acetylcholine,13490,PFL2,PFL2(PB12b)_L1_C5,L,2
513266,PFL3,PFL3(PB12c)_R3_C5,R,acetylcholine,13490,PFL2,PFL2(PB12b)_L1_C5,L,2
108286,FC2C,FC2C_C7_R,R,acetylcholine,13490,PFL2,PFL2(PB12b)_L1_C5,L,2
107690,FC2B,FC2B_C4_L,L,acetylcholine,13490,PFL2,PFL2(PB12b)_L1_C5,L,2
12449,EPG,EPG(PB08)_L5,L,acetylcholine,13490,PFL2,PFL2(PB12b)_L1_C5,L,2
513266,PFL3,PFL3(PB12c)_R3_C5,R,acetylcholine,19009,PFL3,PFL3(PB12c)_L2_C9_irreg,R,2
537128,FC2C,FC2C_C1_L,L,acetylcholine,55415,FC2B,FC2B_C1_R,R,2
60670,FC2C,FC2C_C1_R,R,acetylcholine,55415,FC2B,FC2B_C1_R,R,2
519331,Delta7,Delta7(PB15)_L3R7_R,R,glutamate,15837,Delta7,Delta7(PB15)_L1L9R8_R,R,2
520818,EPG,EPG(PB08)_L4,L,acetylcholine,15398,Delta7,Delta7(PB15)_L4R5_R,R,2
519941,EPG,EPG(PB08)_L3,L,acetylcholine,15398,Delta7,Delta7(PB15)_L4R5_R,R,2
513520,EPG,EPG(PB08)_R6,R,acetylcholine,15398,Delta7,Delta7(PB15)_L4R5_R,R,2
35324,Delta7,Delta7(PB15)_L5R4_L,L,glutamate,15398,Delta7,Delta7(PB15)_L4R5_R,R,2
11307,EPG,EPG(PB08)_L4,L,acetylcholine,15398,Delta7,Delta7(PB15)_L4R5_R,R,2
523786,EPG,EPG(PB08)_R4,R,acetylcholine,17024,Delta7,Delta7(PB15)_L5R4_L,L,2
514126,EPG,EPG(PB08)_R5,R,acetylcholine,17024,Delta7,Delta7(PB15)_L5R4_L,L,2
18823,Delta7,Delta7(PB15)_L4R5_R,R,glutamate,17024,Delta7,Delta7(PB15)_L5R4_L,L,2
16360,EPG,EPG(PB08)_L6,L,acetylcholine,17024,Delta7,Delta7(PB15)_L5R4_L,L,2
15398,Delta7,Delta7(PB15)_L4R5_R,R,glutamate,17024,Delta7,Delta7(PB15)_L5R4_L,L,2
16412,Delta7,Delta7(PB15)_L7R2_L,L,glutamate,12449,EPG,EPG(PB08)_L5,L,2
16360,EPG,EPG(PB08)_L6,L,acetylcholine,12449,EPG,EPG(PB08)_L5,L,2
11184,Delta7,Delta7(PB15)_L1L9R8_R,R,glutamate,12449,EPG,EPG(PB08)_L5,L,2
529318,Delta7,Delta7(PB15)_L4R5_R,R,glutamate,23159,PFL3,PFL3(PB12c)_R4_C4,R,2
522994,Delta7,Delta7(PB15)_L6R3_L,L,glutamate,23159,PFL3,PFL3(PB12c)_R4_C4,R,2
520818,EPG,EPG(PB08)_L4,L,acetylcholine,23159,PFL3,PFL3(PB12c)_R4_C4,R,2
518378,PFL3,PFL3(PB12c)_R5_C3,R,acetylcholine,23159,PFL3,PFL3(PB12c)_R4_C4,R,2
512928,EPG,EPG(PB08)_R3,R,acetylcholine,23159,PFL3,PFL3(PB12c)_R4_C4,R,2
140794,FC2C,FC2C_C3_R,R,acetylcholine,23159,PFL3,PFL3(PB12c)_R4_C4,R,2
79549,PFL3,PFL3(PB12c)_R7_C1,R,acetylcholine,23159,PFL3,PFL3(PB12c)_R4_C4,R,2
29674,FC2A,FC2A_C2_L,L,acetylcholine,23159,PFL3,PFL3(PB12c)_R4_C4,R,2
14729,PFL2,PFL2(PB12b)_R1_C5,R,acetylcholine,23159,PFL3,PFL3(PB12c)_R4_C4,R,2
533436,FC2C,FC2C_C7_L,L,acetylcholine,35277,FC2B,FC2B_C8_R,R,2
518606,FC2A,FC2A_C8_L,L,acetylcholine,35277,FC2B,FC2B_C8_R,R,2
518606,FC2A,FC2A_C8_L,L,acetylcholine,82293,FC2B,FC2B_C5_L,L,2
153558,FC2C,FC2C_C5_R,R,acetylcholine,82293,FC2B,FC2B_C5_L,L,2
137299,FC2A,FC2A_C5_L,L,acetylcholine,82293,FC2B,FC2B_C5_L,L,2
546044,FC2C,FC2C_C3_R,R,acetylcholine,67361,FC2B,FC2B_C2_R,R,2
526406,FC2A,FC2A_C2_R,R,acetylcholine,67361,FC2B,FC2B_C2_R,R,2
140787,FC2B,FC2B_C1_L,L,acetylcholine,67361,FC2B,FC2B_C2_R,R,2
67741,FC2B,FC2B_C6_R,R,acetylcholine,67361,FC2B,FC2B_C2_R,R,2
50885,FC2C,FC2C_C2_L,L,acetylcholine,67361,FC2B,FC2B_C2_R,R,2
141430,FC2C,FC2C_C3_R,R,acetylcholine,560327,FC2A,FC2A_C3_R,R,2
55401,FC2A,FC2A_C9_R,R,acetylcholine,560327,FC2A,FC2A_C3_R,R,2
50461,FC2B,FC2B_C9_R,R,acetylcholine,560327,FC2A,FC2A_C3_R,R,2
79204,FC2C,FC2C_C3_L,L,acetylcholine,87630,FC2B,FC2B_C3_L,L,2
71855,FC2A,FC2A_C3_L,L,acetylcholine,87630,FC2B,FC2B_C3_L,L,2
50885,FC2C,FC2C_C2_L,L,acetylcholine,87630,FC2B,FC2B_C3_L,L,2
45343,FC2C,FC2C_C7_L,L,acetylcholine,87630,FC2B,FC2B_C3_L,L,2
515233,FC2B,FC2B_C2_R,R,acetylcholine,45876,FC2A,FC2A_C7_R,R,2
55401,FC2A,FC2A_C9_R,R,acetylcholine,45876,FC2A,FC2A_C7_R,R,2
550660,FC2C,FC2C_C7_R,R,acetylcholine,519351,PFL3,PFL3(PB12c)_L4_C5,L,2
523032,PFL3,PFL3(PB12c)_L2_C4,L,acetylcholine,519351,PFL3,PFL3(PB12c)_L4_C5,L,2
519346,PFL3,PFL3(PB12c)_L7_C9,L,acetylcholine,519351,PFL3,PFL3(PB12c)_L4_C5,L,2
107690,FC2B,FC2B_C4_L,L,acetylcholine,519351,PFL3,PFL3(PB12c)_L4_C5,L,2
36201,FC2A,FC2A_C4_L,L,acetylcholine,519351,PFL3,PFL3(PB12c)_L4_C5,L,2
35324,Delta7,Delta7(PB15)_L5R4_L,L,glutamate,519351,PFL3,PFL3(PB12c)_L4_C5,L,2
17286,PFL3,PFL3(PB12c)_R1_C2_irreg,L,acetylcholine,519351,PFL3,PFL3(PB12c)_L4_C5,L,2
13490,PFL2,PFL2(PB12b)_L1_C5,L,acetylcholine,519351,PFL3,PFL3(PB12c)_L4_C5,L,2
534662,FC2C,FC2C_C8_R,R,acetylcholine,101011,FC2C,FC2C_C6_R,R,2
148830,FC2C,FC2C_C5_R,R,acetylcholine,101011,FC2C,FC2C_C6_R,R,2
556346,EPG,EPG(PB08)_L6,L,acetylcholine,515294,Delta7,Delta7(PB15)_L5R4_L,L,2
523786,EPG,EPG(PB08)_R4,R,acetylcholine,515294,Delta7,Delta7(PB15)_L5R4_L,L,2
520581,EPG,EPG(PB08)_R4,R,acetylcholine,515294,Delta7,Delta7(PB15)_L5R4_L,L,2
16360,EPG,EPG(PB08)_L6,L,acetylcholine,515294,Delta7,Delta7(PB15)_L5R4_L,L,2
11989,EPG,EPG(PB08)_L5,L,acetylcholine,515294,Delta7,Delta7(PB15)_L5R4_L,L,2
11874,EPG,EPG(PB08)_L7,L,acetylcholine,515294,Delta7,Delta7(PB15)_L5R4_L,L,2
153558,FC2C,FC2C_C5_R,R,acetylcholine,137299,FC2A,FC2A_C5_L,L,2
106495,FC2B,FC2B_C6_R,R,acetylcholine,137299,FC2A,FC2A_C5_L,L,2
40179,FC2A,FC2A_C7_L,L,acetylcholine,137299,FC2A,FC2A_C5_L,L,2
521812,EPG,EPG(PB08)_R7,R,acetylcholine,11184,Delta7,Delta7(PB15)_L1L9R8_R,R,2
521409,EPG,EPG(PB08)_L8,L,acetylcholine,11184,Delta7,Delta7(PB15)_L1L9R8_R,R,2
515675,EPG,EPG(PB08)_R1,R,acetylcholine,11184,Delta7,Delta7(PB15)_L1L9R8_R,R,2
140794,FC2C,FC2C_C3_R,R,acetylcholine,137990,FC2B,FC2B_C3_L,L,2
56905,FC2C,FC2C_C9_L,L,acetylcholine,137990,FC2B,FC2B_C3_L,L,2
40179,FC2A,FC2A_C7_L,L,acetylcholine,41559,FC2A,FC2A_C9_L,L,2
523786,EPG,EPG(PB08)_R4,R,acetylcholine,35324,Delta7,Delta7(PB15)_L5R4_L,L,2
514126,EPG,EPG(PB08)_R5,R,acetylcholine,35324,Delta7,Delta7(PB15)_L5R4_L,L,2
15713,EPG,EPG(PB08)_L6,L,acetylcholine,35324,Delta7,Delta7(PB15)_L5R4_L,L,2
11989,EPG,EPG(PB08)_L5,L,acetylcholine,35324,Delta7,Delta7(PB15)_L5R4_L,L,2
122334,FC2C,FC2C_C7_L,L,acetylcholine,40179,FC2A,FC2A_C7_L,L,2
46169,FC2A,FC2A_C1_L,L,acetylcholine,40179,FC2A,FC2A_C7_L,L,2
45343,FC2C,FC2C_C7_L,L,acetylcholine,40179,FC2A,FC2A_C7_L,L,2
41559,FC2A,FC2A_C9_L,L,acetylcholine,40179,FC2A,FC2A_C7_L,L,2
530445,FC2B,FC2B_C6_L,L,acetylcholine,74326,FC2B,FC2B_C8_L,L,2
82293,FC2B,FC2B_C5_L,L,acetylcholine,74326,FC2B,FC2B_C8_L,L,2
50431,FC2C,FC2C_C8_R,R,acetylcholine,74326,FC2B,FC2B_C8_L,L,2
519328,EPG,EPG(PB08)_L3,L,acetylcholine,16234,Delta7,Delta7(PB15)_L1L9R8_R,R,2
88342,EPG,EPG(PB08)_L3,L,acetylcholine,16234,Delta7,Delta7(PB15)_L1L9R8_R,R,2
530445,FC2B,FC2B_C6_L,L,acetylcholine,71855,FC2A,FC2A_C3_L,L,2
56382,FC2A,FC2A_C6_L,L,acetylcholine,71855,FC2A,FC2A_C3_L,L,2
40179,FC2A,FC2A_C7_L,L,acetylcholine,71855,FC2A,FC2A_C3_L,L,2
108286,FC2C,FC2C_C7_R,R,acetylcholine,68271,FC2B,FC2B_C7_L,L,2
33382,FC2A,FC2A_C8_R,R,acetylcholine,68271,FC2B,FC2B_C7_L,L,2
560327,FC2A,FC2A_C3_R,R,acetylcholine,36201,FC2A,FC2A_C4_L,L,2
29674,FC2A,FC2A_C2_L,L,acetylcholine,36201,FC2A,FC2A_C4_L,L,2
89635,FC2B,FC2B_C3_R,R,acetylcholine,85400,FC2B,FC2B_C7_R,R,2
16360,EPG,EPG(PB08)_L6,L,acetylcholine,84758,EPG,EPG(PB08)_L7,L,2
15851,Delta7,Delta7(PB15)_L6R4_L,L,glutamate,84758,EPG,EPG(PB08)_L7,L,2
15409,Delta7,Delta7(PB15)_L8R1R9_L,L,glutamate,84758,EPG,EPG(PB08)_L7,L,2
515675,EPG,EPG(PB08)_R1,R,acetylcholine,17753,Delta7,Delta7(PB15)_L7R3_L,L,2
512928,EPG,EPG(PB08)_R3,R,acetylcholine,17753,Delta7,Delta7(PB15)_L7R3_L,L,2
513033,EPG,EPG(PB08)_L8,L,acetylcholine,17753,Delta7,Delta7(PB15)_L7R3_L,L,2
513463,EPG,EPG(PB08)_R2,R,acetylcholine,522994,Delta7,Delta7(PB15)_L6R3_L,L,2
11989,EPG,EPG(PB08)_L5,L,acetylcholine,522994,Delta7,Delta7(PB15)_L6R3_L,L,2
11503,EPG,EPG(PB08)_R8,R,acetylcholine,513033,EPG,EPG(PB08)_L8,L,2
64270,FC2C,FC2C_C8_L,L,acetylcholine,537128,FC2C,FC2C_C1_L,L,2
518606,FC2A,FC2A_C8_L,L,acetylcholine,97443,FC2B,FC2B_C8_L,L,2
74326,FC2B,FC2B_C8_L,L,acetylcholine,97443,FC2B,FC2B_C8_L,L,2
68271,FC2B,FC2B_C7_L,L,acetylcholine,97443,FC2B,FC2B_C8_L,L,2
55401,FC2A,FC2A_C9_R,R,acetylcholine,97443,FC2B,FC2B_C8_L,L,2
519941,EPG,EPG(PB08)_L3,L,acetylcholine,514126,EPG,EPG(PB08)_R5,R,2
512928,EPG,EPG(PB08)_R3,R,acetylcholine,514126,EPG,EPG(PB08)_R5,R,2
16180,Delta7,Delta7(PB15)_L3R6_R,R,glutamate,514126,EPG,EPG(PB08)_R5,R,2
521813,EPG,EPG(PB08)_L2,L,acetylcholine,520818,EPG,EPG(PB08)_L4,L,2
519140,EPG,EPG(PB08)_L1,L,acetylcholine,520818,EPG,EPG(PB08)_L4,L,2
512514,EPG,EPG(PB08)_L1,L,acetylcholine,520818,EPG,EPG(PB08)_L4,L,2
19125,EPG,EPG(PB08)_R5,R,acetylcholine,520818,EPG,EPG(PB08)_L4,L,2
16180,Delta7,Delta7(PB15)_L3R6_R,R,glutamate,520818,EPG,EPG(PB08)_L4,L,2
84758,EPG,EPG(PB08)_L7,L,acetylcholine,88342,EPG,EPG(PB08)_L3,L,2
14727,EPG,EPG(PB08)_L7,L,acetylcholine,88342,EPG,EPG(PB08)_L3,L,2
533436,FC2C,FC2C_C7_L,L,acetylcholine,534662,FC2C,FC2C_C8_R,R,2
140794,FC2C,FC2C_C3_R,R,acetylcholine,534662,FC2C,FC2C_C8_R,R,2
119819,FC2C,FC2C_C8_L,L,acetylcholine,534662,FC2C,FC2C_C8_R,R,2
35277,FC2B,FC2B_C8_R,R,acetylcholine,534662,FC2C,FC2C_C8_R,R,2
57603,FC2C,FC2C_C9_L,L,acetylcholine,132482,FC2C,FC2C_C9_L,L,2
50885,FC2C,FC2C_C2_L,L,acetylcholine,132482,FC2C,FC2C_C9_L,L,2
524073,EPG,EPG(PB08)_L2,L,acetylcholine,521409,EPG,EPG(PB08)_L8,L,2
519140,EPG,EPG(PB08)_L1,L,acetylcholine,521409,EPG,EPG(PB08)_L8,L,2
515675,EPG,EPG(PB08)_R1,R,acetylcholine,521409,EPG,EPG(PB08)_L8,L,2
15837,Delta7,Delta7(PB15)_L1L9R8_R,R,glutamate,521409,EPG,EPG(PB08)_L8,L,2
15713,EPG,EPG(PB08)_L6,L,acetylcholine,521409,EPG,EPG(PB08)_L8,L,2
14727,EPG,EPG(PB08)_L7,L,acetylcholine,521409,EPG,EPG(PB08)_L8,L,2
11307,EPG,EPG(PB08)_L4,L,acetylcholine,521409,EPG,EPG(PB08)_L8,L,2
534662,FC2C,FC2C_C8_R,R,acetylcholine,122334,FC2C,FC2C_C7_L,L,2
45343,FC2C,FC2C_C7_L,L,acetylcholine,122334,FC2C,FC2C_C7_L,L,2
23159,PFL3,PFL3(PB12c)_R4_C4,R,acetylcholine,122334,FC2C,FC2C_C7_L,L,2
84758,EPG,EPG(PB08)_L7,L,acetylcholine,16360,EPG,EPG(PB08)_L6,L,2
568155,Delta7,Delta7(PB15)_L8R1R9_L,L,glutamate,513463,EPG,EPG(PB08)_R2,R,2
513464,EPG,EPG(PB08)_R8,R,acetylcholine,513463,EPG,EPG(PB08)_R2,R,2
15616,EPG,EPG(PB08)_R3,R,acetylcholine,513463,EPG,EPG(PB08)_R2,R,2
520581,EPG,EPG(PB08)_R4,R,acetylcholine,520812,EPG,EPG(PB08)_R8,R,2
520812,EPG,EPG(PB08)_R8,R,acetylcholine,15409,Delta7,Delta7(PB15)_L8R1R9_L,L,2
519144,EPG,EPG(PB08)_L8,L,acetylcholine,15409,Delta7,Delta7(PB15)_L8R1R9_L,L,2
17804,Delta7,Delta7(PB15)_L7R2_L,L,glutamate,15409,Delta7,Delta7(PB15)_L8R1R9_L,L,2
106495,FC2B,FC2B_C6_R,R,acetylcholine,526406,FC2A,FC2A_C2_R,R,2
46169,FC2A,FC2A_C1_L,L,acetylcholine,526406,FC2A,FC2A_C2_R,R,2
33382,FC2A,FC2A_C8_R,R,acetylcholine,526406,FC2A,FC2A_C2_R,R,2
149740,FC2B,FC2B_C9_L,L,acetylcholine,99820,FC2B,FC2B_C4_L,L,2
68271,FC2B,FC2B_C7_L,L,acetylcholine,99820,FC2B,FC2B_C4_L,L,2
533436,FC2C,FC2C_C7_L,L,acetylcholine,19715,PFL2,PFL2(PB12b)_L4_C8,L,2
68271,FC2B,FC2B_C7_L,L,acetylcholine,19715,PFL2,PFL2(PB12b)_L4_C8,L,2
56905,FC2C,FC2C_C9_L,L,acetylcholine,19715,PFL2,PFL2(PB12b)_L4_C8,L,2
16553,Delta7,Delta7(PB15)_L5R4_L,L,glutamate,19715,PFL2,PFL2(PB12b)_L4_C8,L,2
14729,PFL2,PFL2(PB12b)_R1_C5,R,acetylcholine,19715,PFL2,PFL2(PB12b)_L4_C8,L,2
13031,PFL2,PFL2(PB12b)_R3_C3,R,acetylcholine,19715,PFL2,PFL2(PB12b)_L4_C8,L,2
11673,PFL2,PFL2(PB12b)_R4_C2,R,acetylcholine,19715,PFL2,PFL2(PB12b)_L4_C8,L,2
518378,PFL3,PFL3(PB12c)_R5_C3,R,acetylcholine,79549,PFL3,PFL3(PB12c)_R7_C1,R,2
131313,EPG,EPG(PB08)_R6,R,acetylcholine,79549,PFL3,PFL3(PB12c)_R7_C1,R,2
33356,FC2B,FC2B_C2_L,L,acetylcholine,79549,PFL3,PFL3(PB12c)_R7_C1,R,2
16110,Delta7,Delta7(PB15)_L3R6_R,R,glutamate,79549,PFL3,PFL3(PB12c)_R7_C1,R,2
513463,EPG,EPG(PB08)_R2,R,acetylcholine,13031,PFL2,PFL2(PB12b)_R3_C3,R,2
55415,FC2B,FC2B_C1_R,R,acetylcholine,13031,PFL2,PFL2(PB12b)_R3_C3,R,2
13490,PFL2,PFL2(PB12b)_L1_C5,L,acetylcholine,13031,PFL2,PFL2(PB12b)_R3_C3,R,2
11673,PFL2,PFL2(PB12b)_R4_C2,R,acetylcholine,13031,PFL2,PFL2(PB12b)_R3_C3,R,2
11557,PFL2,PFL2(PB12b)_L3_C7,L,acetylcholine,13031,PFL2,PFL2(PB12b)_R3_C3,R,2
515961,Delta7,Delta7(PB15)_L6R3_L,L,glutamate,520581,EPG,EPG(PB08)_R4,R,2
515675,EPG,EPG(PB08)_R1,R,acetylcholine,520581,EPG,EPG(PB08)_R4,R,2
513520,EPG,EPG(PB08)_R6,R,acetylcholine,520581,EPG,EPG(PB08)_R4,R,2
513463,EPG,EPG(PB08)_R2,R,acetylcholine,520581,EPG,EPG(PB08)_R4,R,2
512305,EPG,EPG(PB08)_R8,R,acetylcholine,520581,EPG,EPG(PB08)_R4,R,2
11503,EPG,EPG(PB08)_R8,R,acetylcholine,520581,EPG,EPG(PB08)_R4,R,2
534662,FC2C,FC2C_C8_R,R,acetylcholine,127661,FC2C,FC2C_C6_R,R,2
148830,FC2C,FC2C_C5_R,R,acetylcholine,127661,FC2C,FC2C_C6_R,R,2
106495,FC2B,FC2B_C6_R,R,acetylcholine,127661,FC2C,FC2C_C6_R,R,2
96384,FC2B,FC2B_C5_R,R,acetylcholine,127661,FC2C,FC2C_C6_R,R,2
67741,FC2B,FC2B_C6_R,R,acetylcholine,127661,FC2C,FC2C_C6_R,R,2
556347,EPG,EPG(PB08)_R4,R,acetylcholine,11987,EPG,EPG(PB08)_R5,R,2
520581,EPG,EPG(PB08)_R4,R,acetylcholine,11987,EPG,EPG(PB08)_R5,R,2
512513,EPG,EPG(PB08)_R1,R,acetylcholine,11987,EPG,EPG(PB08)_R5,R,2
16180,Delta7,Delta7(PB15)_L3R6_R,R,glutamate,11987,EPG,EPG(PB08)_R5,R,2
534662,FC2C,FC2C_C8_R,R,acetylcholine,511842,PFL2,PFL2(PB12b)_L2_C6,L,2
518375,PFL2,PFL2(PB12b)_R3_C3,R,acetylcholine,511842,PFL2,PFL2(PB12b)_L2_C6,L,2
131273,FC2A,FC2A_C5_R,R,acetylcholine,511842,PFL2,PFL2(PB12b)_L2_C6,L,2
96384,FC2B,FC2B_C5_R,R,acetylcholine,511842,PFL2,PFL2(PB12b)_L2_C6,L,2
19715,PFL2,PFL2(PB12b)_L4_C8,L,acetylcholine,511842,PFL2,PFL2(PB12b)_L2_C6,L,2
13031,PFL2,PFL2(PB12b)_R3_C3,R,acetylcholine,511842,PFL2,PFL2(PB12b)_L2_C6,L,2
127661,FC2C,FC2C_C6_R,R,acetylcholine,108286,FC2C,FC2C_C7_R,R,2
96384,FC2B,FC2B_C5_R,R,acetylcholine,108286,FC2C,FC2C_C7_R,R,2
140794,FC2C,FC2C_C3_R,R,acetylcholine,236557,FC2C,FC2C_C3_R,R,2
89635,FC2B,FC2B_C3_R,R,acetylcholine,236557,FC2C,FC2C_C3_R,R,2
41941,FC2C,FC2C_C4_L,L,acetylcholine,236557,FC2C,FC2C_C3_R,R,2
519358,FC2B,FC2B_C4_R,R,acetylcholine,107690,FC2B,FC2B_C4_L,L,2
99820,FC2B,FC2B_C4_L,L,acetylcholine,107690,FC2B,FC2B_C4_L,L,2
56905,FC2C,FC2C_C9_L,L,acetylcholine,107690,FC2B,FC2B_C4_L,L,2
519941,EPG,EPG(PB08)_L3,L,acetylcholine,11874,EPG,EPG(PB08)_L7,L,2
107195,EPG,EPG(PB08)_L5,L,acetylcholine,11874,EPG,EPG(PB08)_L7,L,2
170539,FC2A,FC2A_C4_R,R,acetylcholine,14729,PFL2,PFL2(PB12b)_R1_C5,R,2
141430,FC2C,FC2C_C3_R,R,acetylcholine,14729,PFL2,PFL2(PB12b)_R1_C5,R,2
79204,FC2C,FC2C_C3_L,L,acetylcholine,14729,PFL2,PFL2(PB12b)_R1_C5,R,2
19715,PFL2,PFL2(PB12b)_L4_C8,L,acetylcholine,14729,PFL2,PFL2(PB12b)_R1_C5,R,2
18639,Delta7,Delta7(PB15)_L7R2_L,L,glutamate,14729,PFL2,PFL2(PB12b)_R1_C5,R,2
17000,PFL3,PFL3(PB12c)_L1_C3,L,acetylcholine,14729,PFL2,PFL2(PB12b)_R1_C5,R,2
127661,FC2C,FC2C_C6_R,R,acetylcholine,119544,FC2C,FC2C_C6_L,L,2
115261,FC2C,FC2C_C6_L,L,acetylcholine,119544,FC2C,FC2C_C6_L,L,2
108286,FC2C,FC2C_C7_R,R,acetylcholine,119544,FC2C,FC2C_C6_L,L,2
41941,FC2C,FC2C_C4_L,L,acetylcholine,119544,FC2C,FC2C_C6_L,L,2
519346,PFL3,PFL3(PB12c)_L7_C9,L,acetylcholine,17000,PFL3,PFL3(PB12c)_L1_C3,L,2
241046,FC2B,FC2B_C4_R,R,acetylcholine,17000,PFL3,PFL3(PB12c)_L1_C3,L,2
33356,FC2B,FC2B_C2_L,L,acetylcholine,17000,PFL3,PFL3(PB12c)_L1_C3,L,2
15210,PFL3,PFL3(PB12c)_R2_C1_irreg,L,acetylcholine,17000,PFL3,PFL3(PB12c)_L1_C3,L,2
546044,FC2C,FC2C_C3_R,R,acetylcholine,11673,PFL2,PFL2(PB12b)_R4_C2,R,2
537128,FC2C,FC2C_C1_L,L,acetylcholine,11673,PFL2,PFL2(PB12b)_R4_C2,R,2
520811,PFL3,PFL3(PB12c)_R6_C2,R,acetylcholine,11673,PFL2,PFL2(PB12b)_R4_C2,R,2
519332,Delta7,Delta7(PB15)_L2R7_R,R,glutamate,11673,PFL2,PFL2(PB12b)_R4_C2,R,2
518375,PFL2,PFL2(PB12b)_R3_C3,R,acetylcholine,11673,PFL2,PFL2(PB12b)_R4_C2,R,2
141430,FC2C,FC2C_C3_R,R,acetylcholine,11673,PFL2,PFL2(PB12b)_R4_C2,R,2
13490,PFL2,PFL2(PB12b)_L1_C5,L,acetylcholine,11673,PFL2,PFL2(PB12b)_R4_C2,R,2
13031,PFL2,PFL2(PB12b)_R3_C3,R,acetylcholine,11673,PFL2,PFL2(PB12b)_R4_C2,R,2
531073,FC2C,FC2C_C9_R,R,acetylcholine,153558,FC2C,FC2C_C5_R,R,2
82293,FC2B,FC2B_C5_L,L,acetylcholine,153558,FC2C,FC2C_C5_R,R,2
119819,FC2C,FC2C_C8_L,L,acetylcholine,529266,FC2C,FC2C_C2_L,L,2
512928,EPG,EPG(PB08)_R3,R,acetylcholine,524074,Delta7,Delta7(PB15)_L5R4_L,L,2
11307,EPG,EPG(PB08)_L4,L,acetylcholine,524074,Delta7,Delta7(PB15)_L5R4_L,L,2
153441,FC2C,FC2C_C5_L,L,acetylcholine,68502,FC2C,FC2C_C1_L,L,2
137990,FC2B,FC2B_C3_L,L,acetylcholine,68502,FC2C,FC2C_C1_L,L,2
56905,FC2C,FC2C_C9_L,L,acetylcholine,68502,FC2C,FC2C_C1_L,L,2
50885,FC2C,FC2C_C2_L,L,acetylcholine,68502,FC2C,FC2C_C1_L,L,2
34203,FC2B,FC2B_C1_R,R,acetylcholine,68502,FC2C,FC2C_C1_L,L,2
149740,FC2B,FC2B_C9_L,L,acetylcholine,57603,FC2C,FC2C_C9_L,L,2
119819,FC2C,FC2C_C8_L,L,acetylcholine,57603,FC2C,FC2C_C9_L,L,2
79204,FC2C,FC2C_C3_L,L,acetylcholine,57603,FC2C,FC2C_C9_L,L,2
56905,FC2C,FC2C_C9_L,L,acetylcholine,57603,FC2C,FC2C_C9_L,L,2
520812,EPG,EPG(PB08)_R8,R,acetylcholine,14507,EPG,EPG(PB08)_R7,R,2
519331,Delta7,Delta7(PB15)_L3R7_R,R,glutamate,14507,EPG,EPG(PB08)_R7,R,2
512305,EPG,EPG(PB08)_R8,R,acetylcholine,14507,EPG,EPG(PB08)_R7,R,2
131313,EPG,EPG(PB08)_R6,R,acetylcholine,14507,EPG,EPG(PB08)_R7,R,2
19825,EPG,EPG(PB08)_R6,R,acetylcholine,14507,EPG,EPG(PB08)_R7,R,2
109752,FC2C,FC2C_C9_R,R,acetylcholine,531073,FC2C,FC2C_C9_R,R,2
108286,FC2C,FC2C_C7_R,R,acetylcholine,531073,FC2C,FC2C_C9_R,R,2
74480,FC2C,FC2C_C9_R,R,acetylcholine,531073,FC2C,FC2C_C9_R,R,2
60670,FC2C,FC2C_C1_R,R,acetylcholine,531073,FC2C,FC2C_C9_R,R,2
16360,EPG,EPG(PB08)_L6,L,acetylcholine,529318,Delta7,Delta7(PB15)_L4R5_R,R,2
14507,EPG,EPG(PB08)_R7,R,acetylcholine,529318,Delta7,Delta7(PB15)_L4R5_R,R,2
521812,EPG,EPG(PB08)_R7,R,acetylcholine,10513,Delta7,Delta7(PB15)_L3R6_R,R,2
519328,EPG,EPG(PB08)_L3,L,acetylcholine,10513,Delta7,Delta7(PB15)_L3R6_R,R,2
14507,EPG,EPG(PB08)_R7,R,acetylcholine,10513,Delta7,Delta7(PB15)_L3R6_R,R,2
16540,Delta7,Delta7(PB15)_L2R7_R,R,glutamate,519941,EPG,EPG(PB08)_L3,L,2
16360,EPG,EPG(PB08)_L6,L,acetylcholine,519941,EPG,EPG(PB08)_L3,L,2
513463,EPG,EPG(PB08)_R2,R,acetylcholine,556347,EPG,EPG(PB08)_R4,R,2
513517,EPG,EPG(PB08)_L4,L,acetylcholine,556347,EPG,EPG(PB08)_R4,R,2
513284,EPG,EPG(PB08)_R3,R,acetylcholine,556347,EPG,EPG(PB08)_R4,R,2
131313,EPG,EPG(PB08)_R6,R,acetylcholine,556347,EPG,EPG(PB08)_R4,R,2
19825,EPG,EPG(PB08)_R6,R,acetylcholine,556347,EPG,EPG(PB08)_R4,R,2
17024,Delta7,Delta7(PB15)_L5R4_L,L,glutamate,556347,EPG,EPG(PB08)_R4,R,2
518606,FC2A,FC2A_C8_L,L,acetylcholine,56382,FC2A,FC2A_C6_L,L,2
68271,FC2B,FC2B_C7_L,L,acetylcholine,56382,FC2A,FC2A_C6_L,L,2
41559,FC2A,FC2A_C9_L,L,acetylcholine,56382,FC2A,FC2A_C6_L,L,2
40179,FC2A,FC2A_C7_L,L,acetylcholine,56382,FC2A,FC2A_C6_L,L,2
513517,EPG,EPG(PB08)_L4,L,acetylcholine,17379,Delta7,Delta7(PB15)_L4R5_R,R,2
11307,EPG,EPG(PB08)_L4,L,acetylcholine,17379,Delta7,Delta7(PB15)_L4R5_R,R,2
534662,FC2C,FC2C_C8_R,R,acetylcholine,18851,PFL3,PFL3(PB12c)_L1_C8_irreg,R,2
68271,FC2B,FC2B_C7_L,L,acetylcholine,18851,PFL3,PFL3(PB12c)_L1_C8_irreg,R,2
45876,FC2A,FC2A_C7_R,R,acetylcholine,18851,PFL3,PFL3(PB12c)_L1_C8_irreg,R,2
35322,PFL3,PFL3(PB12c)_R1_C7,R,acetylcholine,18851,PFL3,PFL3(PB12c)_L1_C8_irreg,R,2
16540,Delta7,Delta7(PB15)_L2R7_R,R,glutamate,18851,PFL3,PFL3(PB12c)_L1_C8_irreg,R,2
15654,Delta7,Delta7(PB15)_L8R1R9_L,L,glutamate,18851,PFL3,PFL3(PB12c)_L1_C8_irreg,R,2
151739,FC2C,FC2C_C2_R,R,acetylcholine,51782,FC2C,FC2C_C2_R,R,1
148830,FC2C,FC2C_C5_R,R,acetylcholine,51782,FC2C,FC2C_C2_R,R,1
108286,FC2C,FC2C_C7_R,R,acetylcholine,51782,FC2C,FC2C_C2_R,R,1
101011,FC2C,FC2C_C6_R,R,acetylcholine,51782,FC2C,FC2C_C2_R,R,1
67361,FC2B,FC2B_C2_R,R,acetylcholine,51782,FC2C,FC2C_C2_R,R,1
55415,FC2B,FC2B_C1_R,R,acetylcholine,51782,FC2C,FC2C_C2_R,R,1
50461,FC2B,FC2B_C9_R,R,acetylcholine,51782,FC2C,FC2C_C2_R,R,1
518378,PFL3,PFL3(PB12c)_R5_C3,R,acetylcholine,92188,EPG,EPG(PB08)_R7,R,1
513520,EPG,EPG(PB08)_R6,R,acetylcholine,92188,EPG,EPG(PB08)_R7,R,1
513463,EPG,EPG(PB08)_R2,R,acetylcholine,92188,EPG,EPG(PB08)_R7,R,1
19825,EPG,EPG(PB08)_R6,R,acetylcholine,92188,EPG,EPG(PB08)_R7,R,1
14509,Delta7,Delta7(PB15)_L4R6_R,R,glutamate,92188,EPG,EPG(PB08)_R7,R,1
11987,EPG,EPG(PB08)_R5,R,acetylcholine,92188,EPG,EPG(PB08)_R7,R,1
513034,PFL2,PFL2(PB12b)_L5_C9,L,acetylcholine,567101,PFL3,PFL3(PB12c)_R3_C5,R,1
119544,FC2C,FC2C_C6_L,L,acetylcholine,567101,PFL3,PFL3(PB12c)_R3_C5,R,1
108286,FC2C,FC2C_C7_R,R,acetylcholine,567101,PFL3,PFL3(PB12c)_R3_C5,R,1
95713,FC2C,FC2C_C4_L,L,acetylcholine,567101,PFL3,PFL3(PB12c)_R3_C5,R,1
85400,FC2B,FC2B_C7_R,R,acetylcholine,567101,PFL3,PFL3(PB12c)_R3_C5,R,1
36201,FC2A,FC2A_C4_L,L,acetylcholine,567101,PFL3,PFL3(PB12c)_R3_C5,R,1
35322,PFL3,PFL3(PB12c)_R1_C7,R,acetylcholine,567101,PFL3,PFL3(PB12c)_R3_C5,R,1
18851,PFL3,PFL3(PB12c)_L1_C8_irreg,R,acetylcholine,567101,PFL3,PFL3(PB12c)_R3_C5,R,1
18639,Delta7,Delta7(PB15)_L7R2_L,L,glutamate,567101,PFL3,PFL3(PB12c)_R3_C5,R,1
11989,EPG,EPG(PB08)_L5,L,acetylcholine,567101,PFL3,PFL3(PB12c)_R3_C5,R,1
521409,EPG,EPG(PB08)_L8,L,acetylcholine,16412,Delta7,Delta7(PB15)_L7R2_L,L,1
513463,EPG,EPG(PB08)_R2,R,acetylcholine,16412,Delta7,Delta7(PB15)_L7R2_L,L,1
513033,EPG,EPG(PB08)_L8,L,acetylcholine,16412,Delta7,Delta7(PB15)_L7R2_L,L,1
512513,EPG,EPG(PB08)_R1,R,acetylcholine,16412,Delta7,Delta7(PB15)_L7R2_L,L,1
15837,Delta7,Delta7(PB15)_L1L9R8_R,R,glutamate,16412,Delta7,Delta7(PB15)_L7R2_L,L,1
15616,EPG,EPG(PB08)_R3,R,acetylcholine,16412,Delta7,Delta7(PB15)_L7R2_L,L,1
14727,EPG,EPG(PB08)_L7,L,acetylcholine,16412,Delta7,Delta7(PB15)_L7R2_L,L,1
13217,EPG,EPG(PB08)_L8,L,acetylcholine,16412,Delta7,Delta7(PB15)_L7R2_L,L,1
11874,EPG,EPG(PB08)_L7,L,acetylcholine,16412,Delta7,Delta7(PB15)_L7R2_L,L,1
519358,FC2B,FC2B_C4_R,R,acetylcholine,39538,FC2A,FC2A_C6_R,R,1
241046,FC2B,FC2B_C4_R,R,acetylcholine,39538,FC2A,FC2A_C6_R,R,1
153441,FC2C,FC2C_C5_L,L,acetylcholine,39538,FC2A,FC2A_C6_R,R,1
96384,FC2B,FC2B_C5_R,R,acetylcholine,39538,FC2A,FC2A_C6_R,R,1
89635,FC2B,FC2B_C3_R,R,acetylcholine,39538,FC2A,FC2A_C6_R,R,1
85400,FC2B,FC2B_C7_R,R,acetylcholine,39538,FC2A,FC2A_C6_R,R,1
50461,FC2B,FC2B_C9_R,R,acetylcholine,39538,FC2A,FC2A_C6_R,R,1
36201,FC2A,FC2A_C4_L,L,acetylcholine,39538,FC2A,FC2A_C6_R,R,1
33382,FC2A,FC2A_C8_R,R,acetylcholine,39538,FC2A,FC2A_C6_R,R,1
551404,FC2C,FC2C_C6_L,L,acetylcholine,524977,FC2C,FC2C_C3_L,L,1
537128,FC2C,FC2C_C1_L,L,acetylcholine,524977,FC2C,FC2C_C3_L,L,1
529266,FC2C,FC2C_C2_L,L,acetylcholine,524977,FC2C,FC2C_C3_L,L,1
140794,FC2C,FC2C_C3_R,R,acetylcholine,524977,FC2C,FC2C_C3_L,L,1
137990,FC2B,FC2B_C3_L,L,acetylcholine,524977,FC2C,FC2C_C3_L,L,1
119819,FC2C,FC2C_C8_L,L,acetylcholine,524977,FC2C,FC2C_C3_L,L,1
91537,FC2C,FC2C_C5_L,L,acetylcholine,524977,FC2C,FC2C_C3_L,L,1
88342,EPG,EPG(PB08)_L3,L,acetylcholine,524977,FC2C,FC2C_C3_L,L,1
79204,FC2C,FC2C_C3_L,L,acetylcholine,524977,FC2C,FC2C_C3_L,L,1
66750,FC2C,FC2C_C4_R,R,acetylcholine,524977,FC2C,FC2C_C3_L,L,1
99820,FC2B,FC2B_C4_L,L,acetylcholine,124562,FC2C,FC2C_C5_L,L,1
96384,FC2B,FC2B_C5_R,R,acetylcholine,124562,FC2C,FC2C_C5_L,L,1
56905,FC2C,FC2C_C9_L,L,acetylcholine,124562,FC2C,FC2C_C5_L,L,1
50885,FC2C,FC2C_C2_L,L,acetylcholine,124562,FC2C,FC2C_C5_L,L,1
39538,FC2A,FC2A_C6_R,R,acetylcholine,124562,FC2C,FC2C_C5_L,L,1
12449,EPG,EPG(PB08)_L5,L,acetylcholine,124562,FC2C,FC2C_C5_L,L,1
513517,EPG,EPG(PB08)_L4,L,acetylcholine,16553,Delta7,Delta7(PB15)_L5R4_L,L,1
19125,EPG,EPG(PB08)_R5,R,acetylcholine,16553,Delta7,Delta7(PB15)_L5R4_L,L,1
521812,EPG,EPG(PB08)_R7,R,acetylcholine,513284,EPG,EPG(PB08)_R3,R,1
515675,EPG,EPG(PB08)_R1,R,acetylcholine,513284,EPG,EPG(PB08)_R3,R,1
513463,EPG,EPG(PB08)_R2,R,acetylcholine,513284,EPG,EPG(PB08)_R3,R,1
512513,EPG,EPG(PB08)_R1,R,acetylcholine,513284,EPG,EPG(PB08)_R3,R,1
108286,FC2C,FC2C_C7_R,R,acetylcholine,513284,EPG,EPG(PB08)_R3,R,1
107195,EPG,EPG(PB08)_L5,L,acetylcholine,513284,EPG,EPG(PB08)_R3,R,1
92188,EPG,EPG(PB08)_R7,R,acetylcholine,513284,EPG,EPG(PB08)_R3,R,1
16110,Delta7,Delta7(PB15)_L3R6_R,R,glutamate,513284,EPG,EPG(PB08)_R3,R,1
14816,Delta7,Delta7(PB15)_L6R4_L,L,glutamate,513284,EPG,EPG(PB08)_R3,R,1
12449,EPG,EPG(PB08)_L5,L,acetylcholine,513284,EPG,EPG(PB08)_R3,R,1
11987,EPG,EPG(PB08)_R5,R,acetylcholine,513284,EPG,EPG(PB08)_R3,R,1
10539,EPG,EPG(PB08)_R2,R,acetylcholine,513284,EPG,EPG(PB08)_R3,R,1
529266,FC2C,FC2C_C2_L,L,acetylcholine,529992,FC2C,FC2C_C1_R,R,1
515233,FC2B,FC2B_C2_R,R,acetylcholine,529992,FC2C,FC2C_C1_R,R,1
141430,FC2C,FC2C_C3_R,R,acetylcholine,529992,FC2C,FC2C_C1_R,R,1
140794,FC2C,FC2C_C3_R,R,acetylcholine,529992,FC2C,FC2C_C1_R,R,1
109752,FC2C,FC2C_C9_R,R,acetylcholine,529992,FC2C,FC2C_C1_R,R,1
68579,FC2C,FC2C_C5_R,R,acetylcholine,529992,FC2C,FC2C_C1_R,R,1
67361,FC2B,FC2B_C2_R,R,acetylcholine,529992,FC2C,FC2C_C1_R,R,1
50885,FC2C,FC2C_C2_L,L,acetylcholine,529992,FC2C,FC2C_C1_R,R,1
50431,FC2C,FC2C_C8_R,R,acetylcholine,529992,FC2C,FC2C_C1_R,R,1
519941,EPG,EPG(PB08)_L3,L,acetylcholine,17143,Delta7,Delta7(PB15)_L2R7_R,R,1
519328,EPG,EPG(PB08)_L3,L,acetylcholine,17143,Delta7,Delta7(PB15)_L2R7_R,R,1
512514,EPG,EPG(PB08)_L1,L,acetylcholine,17143,Delta7,Delta7(PB15)_L2R7_R,R,1
512305,EPG,EPG(PB08)_R8,R,acetylcholine,17143,Delta7,Delta7(PB15)_L2R7_R,R,1
11307,EPG,EPG(PB08)_L4,L,acetylcholine,17143,Delta7,Delta7(PB15)_L2R7_R,R,1
11184,Delta7,Delta7(PB15)_L1L9R8_R,R,glutamate,17143,Delta7,Delta7(PB15)_L2R7_R,R,1
524073,EPG,EPG(PB08)_L2,L,acetylcholine,519331,Delta7,Delta7(PB15)_L3R7_R,R,1
521813,EPG,EPG(PB08)_L2,L,acetylcholine,519331,Delta7,Delta7(PB15)_L3R7_R,R,1
519328,EPG,EPG(PB08)_L3,L,acetylcholine,519331,Delta7,Delta7(PB15)_L3R7_R,R,1
513520,EPG,EPG(PB08)_R6,R,acetylcholine,519331,Delta7,Delta7(PB15)_L3R7_R,R,1
512514,EPG,EPG(PB08)_L1,L,acetylcholine,519331,Delta7,Delta7(PB15)_L3R7_R,R,1
92188,EPG,EPG(PB08)_R7,R,acetylcholine,519331,Delta7,Delta7(PB15)_L3R7_R,R,1
139763,FC2C,FC2C_C2_R,R,acetylcholine,33356,FC2B,FC2B_C2_L,L,1
137299,FC2A,FC2A_C5_L,L,acetylcholine,33356,FC2B,FC2B_C2_L,L,1
115261,FC2C,FC2C_C6_L,L,acetylcholine,33356,FC2B,FC2B_C2_L,L,1
97443,FC2B,FC2B_C8_L,L,acetylcholine,33356,FC2B,FC2B_C2_L,L,1
74326,FC2B,FC2B_C8_L,L,acetylcholine,33356,FC2B,FC2B_C2_L,L,1
50885,FC2C,FC2C_C2_L,L,acetylcholine,33356,FC2B,FC2B_C2_L,L,1
29674,FC2A,FC2A_C2_L,L,acetylcholine,33356,FC2B,FC2B_C2_L,L,1
560327,FC2A,FC2A_C3_R,R,acetylcholine,55401,FC2A,FC2A_C9_R,R,1
531073,FC2C,FC2C_C9_R,R,acetylcholine,55401,FC2A,FC2A_C9_R,R,1
519346,PFL3,PFL3(PB12c)_L7_C9,L,acetylcholine,55401,FC2A,FC2A_C9_R,R,1
518606,FC2A,FC2A_C8_L,L,acetylcholine,55401,FC2A,FC2A_C9_R,R,1
515675,EPG,EPG(PB08)_R1,R,acetylcholine,55401,FC2A,FC2A_C9_R,R,1
149740,FC2B,FC2B_C9_L,L,acetylcholine,55401,FC2A,FC2A_C9_R,R,1
132482,FC2C,FC2C_C9_L,L,acetylcholine,55401,FC2A,FC2A_C9_R,R,1
122334,FC2C,FC2C_C7_L,L,acetylcholine,55401,FC2A,FC2A_C9_R,R,1
97443,FC2B,FC2B_C8_L,L,acetylcholine,55401,FC2A,FC2A_C9_R,R,1
50461,FC2B,FC2B_C9_R,R,acetylcholine,55401,FC2A,FC2A_C9_R,R,1
41559,FC2A,FC2A_C9_L,L,acetylcholine,55401,FC2A,FC2A_C9_R,R,1
40179,FC2A,FC2A_C7_L,L,acetylcholine,55401,FC2A,FC2A_C9_R,R,1
34203,FC2B,FC2B_C1_R,R,acetylcholine,55401,FC2A,FC2A_C9_R,R,1
19009,PFL3,PFL3(PB12c)_L2_C9_irreg,R,acetylcholine,55401,FC2A,FC2A_C9_R,R,1
513463,EPG,EPG(PB08)_R2,R,acetylcholine,513464,EPG,EPG(PB08)_R8,R,1
88342,EPG,EPG(PB08)_L3,L,acetylcholine,513464,EPG,EPG(PB08)_R8,R,1
19825,EPG,EPG(PB08)_R6,R,acetylcholine,513464,EPG,EPG(PB08)_R8,R,1
17753,Delta7,Delta7(PB15)_L7R3_L,L,glutamate,513464,EPG,EPG(PB08)_R8,R,1
14806,Delta7,Delta7(PB15)_L8R1R9_L,L,glutamate,513464,EPG,EPG(PB08)_R8,R,1
14507,EPG,EPG(PB08)_R7,R,acetylcholine,513464,EPG,EPG(PB08)_R8,R,1
556346,EPG,EPG(PB08)_L6,L,acetylcholine,524073,EPG,EPG(PB08)_L2,L,1
521409,EPG,EPG(PB08)_L8,L,acetylcholine,524073,EPG,EPG(PB08)_L2,L,1
519144,EPG,EPG(PB08)_L8,L,acetylcholine,524073,EPG,EPG(PB08)_L2,L,1
515675,EPG,EPG(PB08)_R1,R,acetylcholine,524073,EPG,EPG(PB08)_L2,L,1
515294,Delta7,Delta7(PB15)_L5R4_L,L,glutamate,524073,EPG,EPG(PB08)_L2,L,1
35324,Delta7,Delta7(PB15)_L5R4_L,L,glutamate,524073,EPG,EPG(PB08)_L2,L,1
16234,Delta7,Delta7(PB15)_L1L9R8_R,R,glutamate,524073,EPG,EPG(PB08)_L2,L,1
15837,Delta7,Delta7(PB15)_L1L9R8_R,R,glutamate,524073,EPG,EPG(PB08)_L2,L,1
15713,EPG,EPG(PB08)_L6,L,acetylcholine,524073,EPG,EPG(PB08)_L2,L,1
15399,Delta7,Delta7(PB15)_L1L9R8_R,R,glutamate,524073,EPG,EPG(PB08)_L2,L,1
12449,EPG,EPG(PB08)_L5,L,acetylcholine,524073,EPG,EPG(PB08)_L2,L,1
550660,FC2C,FC2C_C7_R,R,acetylcholine,546044,FC2C,FC2C_C3_R,R,1
140794,FC2C,FC2C_C3_R,R,acetylcholine,546044,FC2C,FC2C_C3_R,R,1
139763,FC2C,FC2C_C2_R,R,acetylcholine,546044,FC2C,FC2C_C3_R,R,1
106495,FC2B,FC2B_C6_R,R,acetylcholine,546044,FC2C,FC2C_C3_R,R,1
89635,FC2B,FC2B_C3_R,R,acetylcholine,546044,FC2C,FC2C_C3_R,R,1
68579,FC2C,FC2C_C5_R,R,acetylcholine,546044,FC2C,FC2C_C3_R,R,1
60670,FC2C,FC2C_C1_R,R,acetylcholine,546044,FC2C,FC2C_C3_R,R,1
55415,FC2B,FC2B_C1_R,R,acetylcholine,546044,FC2C,FC2C_C3_R,R,1
33356,FC2B,FC2B_C2_L,L,acetylcholine,546044,FC2C,FC2C_C3_R,R,1
546044,FC2C,FC2C_C3_R,R,acetylcholine,520811,PFL3,PFL3(PB12c)_R6_C2,R,1
518378,PFL3,PFL3(PB12c)_R5_C3,R,acetylcholine,520811,PFL3,PFL3(PB12c)_R6_C2,R,1
512305,EPG,EPG(PB08)_R8,R,acetylcholine,520811,PFL3,PFL3(PB12c)_R6_C2,R,1
18327,PFL3,PFL3(PB12c)_R2_C6,R,acetylcholine,520811,PFL3,PFL3(PB12c)_R6_C2,R,1
513033,EPG,EPG(PB08)_L8,L,acetylcholine,11307,EPG,EPG(PB08)_L4,L,1
511841,Delta7,Delta7(PB15)_L2R7_R,R,glutamate,11307,EPG,EPG(PB08)_L4,L,1
88342,EPG,EPG(PB08)_L3,L,acetylcholine,11307,EPG,EPG(PB08)_L4,L,1
84758,EPG,EPG(PB08)_L7,L,acetylcholine,11307,EPG,EPG(PB08)_L4,L,1
36201,FC2A,FC2A_C4_L,L,acetylcholine,11307,EPG,EPG(PB08)_L4,L,1
29836,PFL3,PFL3(PB12c)_L4_C6,L,acetylcholine,11307,EPG,EPG(PB08)_L4,L,1
19125,EPG,EPG(PB08)_R5,R,acetylcholine,11307,EPG,EPG(PB08)_L4,L,1
16553,Delta7,Delta7(PB15)_L5R4_L,L,glutamate,11307,EPG,EPG(PB08)_L4,L,1
12449,EPG,EPG(PB08)_L5,L,acetylcholine,11307,EPG,EPG(PB08)_L4,L,1
11989,EPG,EPG(PB08)_L5,L,acetylcholine,11307,EPG,EPG(PB08)_L4,L,1
122167,FC2C,FC2C_C7_R,R,acetylcholine,533436,FC2C,FC2C_C7_L,L,1
108286,FC2C,FC2C_C7_R,R,acetylcholine,533436,FC2C,FC2C_C7_L,L,1
91537,FC2C,FC2C_C5_L,L,acetylcholine,533436,FC2C,FC2C_C7_L,L,1
85400,FC2B,FC2B_C7_R,R,acetylcholine,533436,FC2C,FC2C_C7_L,L,1
57603,FC2C,FC2C_C9_L,L,acetylcholine,533436,FC2C,FC2C_C7_L,L,1
50885,FC2C,FC2C_C2_L,L,acetylcholine,533436,FC2C,FC2C_C7_L,L,1
45343,FC2C,FC2C_C7_L,L,acetylcholine,533436,FC2C,FC2C_C7_L,L,1
44554,FC2B,FC2B_C8_R,R,acetylcholine,533436,FC2C,FC2C_C7_L,L,1
33382,FC2A,FC2A_C8_R,R,acetylcholine,533436,FC2C,FC2C_C7_L,L,1
515675,EPG,EPG(PB08)_R1,R,acetylcholine,521812,EPG,EPG(PB08)_R7,R,1
512928,EPG,EPG(PB08)_R3,R,acetylcholine,521812,EPG,EPG(PB08)_R7,R,1
131313,EPG,EPG(PB08)_R6,R,acetylcholine,521812,EPG,EPG(PB08)_R7,R,1
15654,Delta7,Delta7(PB15)_L8R1R9_L,L,glutamate,521812,EPG,EPG(PB08)_R7,R,1
11987,EPG,EPG(PB08)_R5,R,acetylcholine,521812,EPG,EPG(PB08)_R7,R,1
11673,PFL2,PFL2(PB12b)_R4_C2,R,acetylcholine,521812,EPG,EPG(PB08)_R7,R,1
560327,FC2A,FC2A_C3_R,R,acetylcholine,50885,FC2C,FC2C_C2_L,L,1
537128,FC2C,FC2C_C1_L,L,acetylcholine,50885,FC2C,FC2C_C2_L,L,1
524977,FC2C,FC2C_C3_L,L,acetylcholine,50885,FC2C,FC2C_C2_L,L,1
515233,FC2B,FC2B_C2_R,R,acetylcholine,50885,FC2C,FC2C_C2_L,L,1
103466,FC2B,FC2B_C2_L,L,acetylcholine,50885,FC2C,FC2C_C2_L,L,1
89635,FC2B,FC2B_C3_R,R,acetylcholine,50885,FC2C,FC2C_C2_L,L,1
71855,FC2A,FC2A_C3_L,L,acetylcholine,50885,FC2C,FC2C_C2_L,L,1
29674,FC2A,FC2A_C2_L,L,acetylcholine,50885,FC2C,FC2C_C2_L,L,1
153558,FC2C,FC2C_C5_R,R,acetylcholine,153441,FC2C,FC2C_C5_L,L,1
148830,FC2C,FC2C_C5_R,R,acetylcholine,153441,FC2C,FC2C_C5_L,L,1
137299,FC2A,FC2A_C5_L,L,acetylcholine,153441,FC2C,FC2C_C5_L,L,1
122334,FC2C,FC2C_C7_L,L,acetylcholine,153441,FC2C,FC2C_C5_L,L,1
82293,FC2B,FC2B_C5_L,L,acetylcholine,153441,FC2C,FC2C_C5_L,L,1
68579,FC2C,FC2C_C5_R,R,acetylcholine,153441,FC2C,FC2C_C5_L,L,1
56905,FC2C,FC2C_C9_L,L,acetylcholine,153441,FC2C,FC2C_C5_L,L,1
546044,FC2C,FC2C_C3_R,R,acetylcholine,50431,FC2C,FC2C_C8_R,R,1
534662,FC2C,FC2C_C8_R,R,acetylcholine,50431,FC2C,FC2C_C8_R,R,1
529992,FC2C,FC2C_C1_R,R,acetylcholine,50431,FC2C,FC2C_C8_R,R,1
151739,FC2C,FC2C_C2_R,R,acetylcholine,50431,FC2C,FC2C_C8_R,R,1
148830,FC2C,FC2C_C5_R,R,acetylcholine,50431,FC2C,FC2C_C8_R,R,1
139763,FC2C,FC2C_C2_R,R,acetylcholine,50431,FC2C,FC2C_C8_R,R,1
119819,FC2C,FC2C_C8_L,L,acetylcholine,50431,FC2C,FC2C_C8_R,R,1
109752,FC2C,FC2C_C9_R,R,acetylcholine,50431,FC2C,FC2C_C8_R,R,1
108286,FC2C,FC2C_C7_R,R,acetylcholine,50431,FC2C,FC2C_C8_R,R,1
74326,FC2B,FC2B_C8_L,L,acetylcholine,50431,FC2C,FC2C_C8_R,R,1
50461,FC2B,FC2B_C9_R,R,acetylcholine,50431,FC2C,FC2C_C8_R,R,1
550660,FC2C,FC2C_C7_R,R,acetylcholine,115674,FC2C,FC2C_C4_R,R,1
524977,FC2C,FC2C_C3_L,L,acetylcholine,115674,FC2C,FC2C_C4_R,R,1
241046,FC2B,FC2B_C4_R,R,acetylcholine,115674,FC2C,FC2C_C4_R,R,1
236557,FC2C,FC2C_C3_R,R,acetylcholine,115674,FC2C,FC2C_C4_R,R,1
170539,FC2A,FC2A_C4_R,R,acetylcholine,115674,FC2C,FC2C_C4_R,R,1
140794,FC2C,FC2C_C3_R,R,acetylcholine,115674,FC2C,FC2C_C4_R,R,1
109752,FC2C,FC2C_C9_R,R,acetylcholine,115674,FC2C,FC2C_C4_R,R,1
108286,FC2C,FC2C_C7_R,R,acetylcholine,115674,FC2C,FC2C_C4_R,R,1
103466,FC2B,FC2B_C2_L,L,acetylcholine,115674,FC2C,FC2C_C4_R,R,1
55415,FC2B,FC2B_C1_R,R,acetylcholine,115674,FC2C,FC2C_C4_R,R,1
50461,FC2B,FC2B_C9_R,R,acetylcholine,115674,FC2C,FC2C_C4_R,R,1
41941,FC2C,FC2C_C4_L,L,acetylcholine,115674,FC2C,FC2C_C4_R,R,1
524073,EPG,EPG(PB08)_L2,L,acetylcholine,14806,Delta7,Delta7(PB15)_L8R1R9_L,L,1
568155,Delta7,Delta7(PB15)_L8R1R9_L,L,glutamate,512514,EPG,EPG(PB08)_L1,L,1
521409,EPG,EPG(PB08)_L8,L,acetylcholine,512514,EPG,EPG(PB08)_L1,L,1
513517,EPG,EPG(PB08)_L4,L,acetylcholine,512514,EPG,EPG(PB08)_L1,L,1
92188,EPG,EPG(PB08)_R7,R,acetylcholine,512514,EPG,EPG(PB08)_L1,L,1
84758,EPG,EPG(PB08)_L7,L,acetylcholine,512514,EPG,EPG(PB08)_L1,L,1
16476,Delta7,Delta7(PB15)_L7R2_L,L,glutamate,512514,EPG,EPG(PB08)_L1,L,1
11874,EPG,EPG(PB08)_L7,L,acetylcholine,512514,EPG,EPG(PB08)_L1,L,1
11307,EPG,EPG(PB08)_L4,L,acetylcholine,512514,EPG,EPG(PB08)_L1,L,1
515233,FC2B,FC2B_C2_R,R,acetylcholine,151739,FC2C,FC2C_C2_R,R,1
153558,FC2C,FC2C_C5_R,R,acetylcholine,151739,FC2C,FC2C_C2_R,R,1
140787,FC2B,FC2B_C1_L,L,acetylcholine,151739,FC2C,FC2C_C2_R,R,1
127661,FC2C,FC2C_C6_R,R,acetylcholine,151739,FC2C,FC2C_C2_R,R,1
74480,FC2C,FC2C_C9_R,R,acetylcholine,151739,FC2C,FC2C_C2_R,R,1
68502,FC2C,FC2C_C1_L,L,acetylcholine,151739,FC2C,FC2C_C2_R,R,1
67361,FC2B,FC2B_C2_R,R,acetylcholine,151739,FC2C,FC2C_C2_R,R,1
60670,FC2C,FC2C_C1_R,R,acetylcholine,151739,FC2C,FC2C_C2_R,R,1
34203,FC2B,FC2B_C1_R,R,acetylcholine,151739,FC2C,FC2C_C2_R,R,1
29674,FC2A,FC2A_C2_L,L,acetylcholine,151739,FC2C,FC2C_C2_R,R,1
550660,FC2C,FC2C_C7_R,R,acetylcholine,44554,FC2B,FC2B_C8_R,R,1
529992,FC2C,FC2C_C1_R,R,acetylcholine,44554,FC2B,FC2B_C8_R,R,1
518606,FC2A,FC2A_C8_L,L,acetylcholine,44554,FC2B,FC2B_C8_R,R,1
112888,FC2C,FC2C_C8_L,L,acetylcholine,44554,FC2B,FC2B_C8_R,R,1
39538,FC2A,FC2A_C6_R,R,acetylcholine,44554,FC2B,FC2B_C8_R,R,1
34203,FC2B,FC2B_C1_R,R,acetylcholine,44554,FC2B,FC2B_C8_R,R,1
513033,EPG,EPG(PB08)_L8,L,acetylcholine,17804,Delta7,Delta7(PB15)_L7R2_L,L,1
84758,EPG,EPG(PB08)_L7,L,acetylcholine,17804,Delta7,Delta7(PB15)_L7R2_L,L,1
15616,EPG,EPG(PB08)_R3,R,acetylcholine,17804,Delta7,Delta7(PB15)_L7R2_L,L,1
13217,EPG,EPG(PB08)_L8,L,acetylcholine,17804,Delta7,Delta7(PB15)_L7R2_L,L,1
524073,EPG,EPG(PB08)_L2,L,acetylcholine,16540,Delta7,Delta7(PB15)_L2R7_R,R,1
521812,EPG,EPG(PB08)_R7,R,acetylcholine,16540,Delta7,Delta7(PB15)_L2R7_R,R,1
515675,EPG,EPG(PB08)_R1,R,acetylcholine,16540,Delta7,Delta7(PB15)_L2R7_R,R,1
513464,EPG,EPG(PB08)_R8,R,acetylcholine,16540,Delta7,Delta7(PB15)_L2R7_R,R,1
512513,EPG,EPG(PB08)_R1,R,acetylcholine,16540,Delta7,Delta7(PB15)_L2R7_R,R,1
131313,EPG,EPG(PB08)_R6,R,acetylcholine,16540,Delta7,Delta7(PB15)_L2R7_R,R,1
88342,EPG,EPG(PB08)_L3,L,acetylcholine,16540,Delta7,Delta7(PB15)_L2R7_R,R,1
524073,EPG,EPG(PB08)_L2,L,acetylcholine,15495,Delta7,Delta7(PB15)_L3R6_R,R,1
521813,EPG,EPG(PB08)_L2,L,acetylcholine,15495,Delta7,Delta7(PB15)_L3R6_R,R,1
520818,EPG,EPG(PB08)_L4,L,acetylcholine,15495,Delta7,Delta7(PB15)_L3R6_R,R,1
519328,EPG,EPG(PB08)_L3,L,acetylcholine,15495,Delta7,Delta7(PB15)_L3R6_R,R,1
513517,EPG,EPG(PB08)_L4,L,acetylcholine,15495,Delta7,Delta7(PB15)_L3R6_R,R,1
19825,EPG,EPG(PB08)_R6,R,acetylcholine,15495,Delta7,Delta7(PB15)_L3R6_R,R,1
556346,EPG,EPG(PB08)_L6,L,acetylcholine,14816,Delta7,Delta7(PB15)_L6R4_L,L,1
16360,EPG,EPG(PB08)_L6,L,acetylcholine,14816,Delta7,Delta7(PB15)_L6R4_L,L,1
12449,EPG,EPG(PB08)_L5,L,acetylcholine,14816,Delta7,Delta7(PB15)_L6R4_L,L,1
11989,EPG,EPG(PB08)_L5,L,acetylcholine,14816,Delta7,Delta7(PB15)_L6R4_L,L,1
11987,EPG,EPG(PB08)_R5,R,acetylcholine,14816,Delta7,Delta7(PB15)_L6R4_L,L,1
11874,EPG,EPG(PB08)_L7,L,acetylcholine,14816,Delta7,Delta7(PB15)_L6R4_L,L,1
556346,EPG,EPG(PB08)_L6,L,acetylcholine,13217,EPG,EPG(PB08)_L8,L,1
524073,EPG,EPG(PB08)_L2,L,acetylcholine,13217,EPG,EPG(PB08)_L8,L,1
521813,EPG,EPG(PB08)_L2,L,acetylcholine,13217,EPG,EPG(PB08)_L8,L,1
519941,EPG,EPG(PB08)_L3,L,acetylcholine,13217,EPG,EPG(PB08)_L8,L,1
519328,EPG,EPG(PB08)_L3,L,acetylcholine,13217,EPG,EPG(PB08)_L8,L,1
515294,Delta7,Delta7(PB15)_L5R4_L,L,glutamate,13217,EPG,EPG(PB08)_L8,L,1
512514,EPG,EPG(PB08)_L1,L,acetylcholine,13217,EPG,EPG(PB08)_L8,L,1
15495,Delta7,Delta7(PB15)_L3R6_R,R,glutamate,13217,EPG,EPG(PB08)_L8,L,1
14727,EPG,EPG(PB08)_L7,L,acetylcholine,13217,EPG,EPG(PB08)_L8,L,1
12449,EPG,EPG(PB08)_L5,L,acetylcholine,13217,EPG,EPG(PB08)_L8,L,1
11989,EPG,EPG(PB08)_L5,L,acetylcholine,13217,EPG,EPG(PB08)_L8,L,1
11307,EPG,EPG(PB08)_L4,L,acetylcholine,13217,EPG,EPG(PB08)_L8,L,1
519346,PFL3,PFL3(PB12c)_L7_C9,L,acetylcholine,149740,FC2B,FC2B_C9_L,L,1
518606,FC2A,FC2A_C8_L,L,acetylcholine,149740,FC2B,FC2B_C9_L,L,1
140787,FC2B,FC2B_C1_L,L,acetylcholine,149740,FC2B,FC2B_C9_L,L,1
137299,FC2A,FC2A_C5_L,L,acetylcholine,149740,FC2B,FC2B_C9_L,L,1
109752,FC2C,FC2C_C9_R,R,acetylcholine,149740,FC2B,FC2B_C9_L,L,1
64270,FC2C,FC2C_C8_L,L,acetylcholine,149740,FC2B,FC2B_C9_L,L,1
50461,FC2B,FC2B_C9_R,R,acetylcholine,149740,FC2B,FC2B_C9_L,L,1
35277,FC2B,FC2B_C8_R,R,acetylcholine,149740,FC2B,FC2B_C9_L,L,1
153558,FC2C,FC2C_C5_R,R,acetylcholine,148830,FC2C,FC2C_C5_R,R,1
141430,FC2C,FC2C_C3_R,R,acetylcholine,148830,FC2C,FC2C_C5_R,R,1
101011,FC2C,FC2C_C6_R,R,acetylcholine,148830,FC2C,FC2C_C5_R,R,1
96384,FC2B,FC2B_C5_R,R,acetylcholine,148830,FC2C,FC2C_C5_R,R,1
74480,FC2C,FC2C_C9_R,R,acetylcholine,148830,FC2C,FC2C_C5_R,R,1
51782,FC2C,FC2C_C2_R,R,acetylcholine,148830,FC2C,FC2C_C5_R,R,1
521409,EPG,EPG(PB08)_L8,L,acetylcholine,533725,Delta7,Delta7(PB15)_L8R1R9_L,L,1
519144,EPG,EPG(PB08)_L8,L,acetylcholine,533725,Delta7,Delta7(PB15)_L8R1R9_L,L,1
513284,EPG,EPG(PB08)_R3,R,acetylcholine,533725,Delta7,Delta7(PB15)_L8R1R9_L,L,1
512514,EPG,EPG(PB08)_L1,L,acetylcholine,533725,Delta7,Delta7(PB15)_L8R1R9_L,L,1
512305,EPG,EPG(PB08)_R8,R,acetylcholine,533725,Delta7,Delta7(PB15)_L8R1R9_L,L,1
14727,EPG,EPG(PB08)_L7,L,acetylcholine,533725,Delta7,Delta7(PB15)_L8R1R9_L,L,1
520812,EPG,EPG(PB08)_R8,R,acetylcholine,15616,EPG,EPG(PB08)_R3,R,1
513464,EPG,EPG(PB08)_R8,R,acetylcholine,15616,EPG,EPG(PB08)_R3,R,1
512513,EPG,EPG(PB08)_R1,R,acetylcholine,15616,EPG,EPG(PB08)_R3,R,1
92188,EPG,EPG(PB08)_R7,R,acetylcholine,15616,EPG,EPG(PB08)_R3,R,1
19125,EPG,EPG(PB08)_R5,R,acetylcholine,15616,EPG,EPG(PB08)_R3,R,1
17143,Delta7,Delta7(PB15)_L2R7_R,R,glutamate,15616,EPG,EPG(PB08)_R3,R,1
15399,Delta7,Delta7(PB15)_L1L9R8_R,R,glutamate,15616,EPG,EPG(PB08)_R3,R,1
12449,EPG,EPG(PB08)_L5,L,acetylcholine,15616,EPG,EPG(PB08)_R3,R,1
11989,EPG,EPG(PB08)_L5,L,acetylcholine,15616,EPG,EPG(PB08)_R3,R,1
512928,EPG,EPG(PB08)_R3,R,acetylcholine,18639,Delta7,Delta7(PB15)_L7R2_L,L,1
512513,EPG,EPG(PB08)_R1,R,acetylcholine,18639,Delta7,Delta7(PB15)_L7R2_L,L,1
15713,EPG,EPG(PB08)_L6,L,acetylcholine,18639,Delta7,Delta7(PB15)_L7R2_L,L,1
11874,EPG,EPG(PB08)_L7,L,acetylcholine,18639,Delta7,Delta7(PB15)_L7R2_L,L,1
524073,EPG,EPG(PB08)_L2,L,acetylcholine,14727,EPG,EPG(PB08)_L7,L,1
520811,PFL3,PFL3(PB12c)_R6_C2,R,acetylcholine,14727,EPG,EPG(PB08)_L7,L,1
15851,Delta7,Delta7(PB15)_L6R4_L,L,glutamate,14727,EPG,EPG(PB08)_L7,L,1
15409,Delta7,Delta7(PB15)_L8R1R9_L,L,glutamate,14727,EPG,EPG(PB08)_L7,L,1
11989,EPG,EPG(PB08)_L5,L,acetylcholine,14727,EPG,EPG(PB08)_L7,L,1
523032,PFL3,PFL3(PB12c)_L2_C4,L,acetylcholine,11557,PFL2,PFL2(PB12b)_L3_C7,L,1
513463,EPG,EPG(PB08)_R2,R,acetylcholine,11557,PFL2,PFL2(PB12b)_L3_C7,L,1
56905,FC2C,FC2C_C9_L,L,acetylcholine,11557,PFL2,PFL2(PB12b)_L3_C7,L,1
531073,FC2C,FC2C_C9_R,R,acetylcholine,515675,EPG,EPG(PB08)_R1,R,1
513284,EPG,EPG(PB08)_R3,R,acetylcholine,515675,EPG,EPG(PB08)_R1,R,1
512305,EPG,EPG(PB08)_R8,R,acetylcholine,515675,EPG,EPG(PB08)_R1,R,1
92188,EPG,EPG(PB08)_R7,R,acetylcholine,515675,EPG,EPG(PB08)_R1,R,1
19125,EPG,EPG(PB08)_R5,R,acetylcholine,515675,EPG,EPG(PB08)_R1,R,1
18639,Delta7,Delta7(PB15)_L7R2_L,L,glutamate,515675,EPG,EPG(PB08)_R1,R,1
16110,Delta7,Delta7(PB15)_L3R6_R,R,glutamate,515675,EPG,EPG(PB08)_R1,R,1
15837,Delta7,Delta7(PB15)_L1L9R8_R,R,glutamate,515675,EPG,EPG(PB08)_R1,R,1
11987,EPG,EPG(PB08)_R5,R,acetylcholine,515675,EPG,EPG(PB08)_R1,R,1
11874,EPG,EPG(PB08)_L7,L,acetylcholine,515675,EPG,EPG(PB08)_R1,R,1
560327,FC2A,FC2A_C3_R,R,acetylcholine,89635,FC2B,FC2B_C3_R,R,1
546044,FC2C,FC2C_C3_R,R,acetylcholine,89635,FC2B,FC2B_C3_R,R,1
529266,FC2C,FC2C_C2_L,L,acetylcholine,89635,FC2B,FC2B_C3_R,R,1
518378,PFL3,PFL3(PB12c)_R5_C3,R,acetylcholine,89635,FC2B,FC2B_C3_R,R,1
241046,FC2B,FC2B_C4_R,R,acetylcholine,89635,FC2B,FC2B_C3_R,R,1
137990,FC2B,FC2B_C3_L,L,acetylcholine,89635,FC2B,FC2B_C3_R,R,1
109752,FC2C,FC2C_C9_R,R,acetylcholine,89635,FC2B,FC2B_C3_R,R,1
55401,FC2A,FC2A_C9_R,R,acetylcholine,89635,FC2B,FC2B_C3_R,R,1
50461,FC2B,FC2B_C9_R,R,acetylcholine,89635,FC2B,FC2B_C3_R,R,1
556347,EPG,EPG(PB08)_R4,R,acetylcholine,18823,Delta7,Delta7(PB15)_L4R5_R,R,1
521812,EPG,EPG(PB08)_R7,R,acetylcholine,18823,Delta7,Delta7(PB15)_L4R5_R,R,1
520581,EPG,EPG(PB08)_R4,R,acetylcholine,18823,Delta7,Delta7(PB15)_L4R5_R,R,1
107195,EPG,EPG(PB08)_L5,L,acetylcholine,18823,Delta7,Delta7(PB15)_L4R5_R,R,1
88342,EPG,EPG(PB08)_L3,L,acetylcholine,18823,Delta7,Delta7(PB15)_L4R5_R,R,1
11987,EPG,EPG(PB08)_R5,R,acetylcholine,18823,Delta7,Delta7(PB15)_L4R5_R,R,1
512513,EPG,EPG(PB08)_R1,R,acetylcholine,74480,FC2C,FC2C_C9_R,R,1
236557,FC2C,FC2C_C3_R,R,acetylcholine,74480,FC2C,FC2C_C9_R,R,1
139763,FC2C,FC2C_C2_R,R,acetylcholine,74480,FC2C,FC2C_C9_R,R,1
127661,FC2C,FC2C_C6_R,R,acetylcholine,74480,FC2C,FC2C_C9_R,R,1
112888,FC2C,FC2C_C8_L,L,acetylcholine,74480,FC2C,FC2C_C9_R,R,1
101011,FC2C,FC2C_C6_R,R,acetylcholine,74480,FC2C,FC2C_C9_R,R,1
74326,FC2B,FC2B_C8_L,L,acetylcholine,74480,FC2C,FC2C_C9_R,R,1
56905,FC2C,FC2C_C9_L,L,acetylcholine,74480,FC2C,FC2C_C9_R,R,1
523032,PFL3,PFL3(PB12c)_L2_C4,L,acetylcholine,27492,PFL2,PFL2(PB12b)_L3_C7,L,1
519346,PFL3,PFL3(PB12c)_L7_C9,L,acetylcholine,27492,PFL2,PFL2(PB12b)_L3_C7,L,1
74326,FC2B,FC2B_C8_L,L,acetylcholine,27492,PFL2,PFL2(PB12b)_L3_C7,L,1
64270,FC2C,FC2C_C8_L,L,acetylcholine,27492,PFL2,PFL2(PB12b)_L3_C7,L,1
39538,FC2A,FC2A_C6_R,R,acetylcholine,27492,PFL2,PFL2(PB12b)_L3_C7,L,1
35322,PFL3,PFL3(PB12c)_R1_C7,R,acetylcholine,27492,PFL2,PFL2(PB12b)_L3_C7,L,1
15839,Delta7,Delta7(PB15)_L1L9R8_R,R,glutamate,27492,PFL2,PFL2(PB12b)_L3_C7,L,1
551404,FC2C,FC2C_C6_L,L,acetylcholine,95713,FC2C,FC2C_C4_L,L,1
533436,FC2C,FC2C_C7_L,L,acetylcholine,95713,FC2C,FC2C_C4_L,L,1
97443,FC2B,FC2B_C8_L,L,acetylcholine,95713,FC2C,FC2C_C4_L,L,1
50885,FC2C,FC2C_C2_L,L,acetylcholine,95713,FC2C,FC2C_C4_L,L,1
19125,EPG,EPG(PB08)_R5,R,acetylcholine,434891,Delta7,Delta7(PB15)_L3R7_R,R,1
14507,EPG,EPG(PB08)_R7,R,acetylcholine,434891,Delta7,Delta7(PB15)_L3R7_R,R,1
524073,EPG,EPG(PB08)_L2,L,acetylcholine,15839,Delta7,Delta7(PB15)_L1L9R8_R,R,1
512514,EPG,EPG(PB08)_L1,L,acetylcholine,15839,Delta7,Delta7(PB15)_L1L9R8_R,R,1
532704,FC2A,FC2A_C1_R,R,acetylcholine,29674,FC2A,FC2A_C2_L,L,1
530445,FC2B,FC2B_C6_L,L,acetylcholine,29674,FC2A,FC2A_C2_L,L,1
529266,FC2C,FC2C_C2_L,L,acetylcholine,29674,FC2A,FC2A_C2_L,L,1
526406,FC2A,FC2A_C2_R,R,acetylcholine,29674,FC2A,FC2A_C2_L,L,1
149740,FC2B,FC2B_C9_L,L,acetylcholine,29674,FC2A,FC2A_C2_L,L,1
139763,FC2C,FC2C_C2_R,R,acetylcholine,29674,FC2A,FC2A_C2_L,L,1
99820,FC2B,FC2B_C4_L,L,acetylcholine,29674,FC2A,FC2A_C2_L,L,1
51782,FC2C,FC2C_C2_R,R,acetylcholine,29674,FC2A,FC2A_C2_L,L,1
50885,FC2C,FC2C_C2_L,L,acetylcholine,29674,FC2A,FC2A_C2_L,L,1
46169,FC2A,FC2A_C1_L,L,acetylcholine,29674,FC2A,FC2A_C2_L,L,1
40179,FC2A,FC2A_C7_L,L,acetylcholine,29674,FC2A,FC2A_C2_L,L,1
34203,FC2B,FC2B_C1_R,R,acetylcholine,29674,FC2A,FC2A_C2_L,L,1
556346,EPG,EPG(PB08)_L6,L,acetylcholine,513517,EPG,EPG(PB08)_L4,L,1
523786,EPG,EPG(PB08)_R4,R,acetylcholine,513517,EPG,EPG(PB08)_L4,L,1
521813,EPG,EPG(PB08)_L2,L,acetylcholine,513517,EPG,EPG(PB08)_L4,L,1
519144,EPG,EPG(PB08)_L8,L,acetylcholine,513517,EPG,EPG(PB08)_L4,L,1
512514,EPG,EPG(PB08)_L1,L,acetylcholine,513517,EPG,EPG(PB08)_L4,L,1
16553,Delta7,Delta7(PB15)_L5R4_L,L,glutamate,513517,EPG,EPG(PB08)_L4,L,1
112888,FC2C,FC2C_C8_L,L,acetylcholine,518606,FC2A,FC2A_C8_L,L,1
64270,FC2C,FC2C_C8_L,L,acetylcholine,518606,FC2A,FC2A_C8_L,L,1
55401,FC2A,FC2A_C9_R,R,acetylcholine,518606,FC2A,FC2A_C8_L,L,1
46169,FC2A,FC2A_C1_L,L,acetylcholine,518606,FC2A,FC2A_C8_L,L,1
40179,FC2A,FC2A_C7_L,L,acetylcholine,518606,FC2A,FC2A_C8_L,L,1
551404,FC2C,FC2C_C6_L,L,acetylcholine,550660,FC2C,FC2C_C7_R,R,1
533436,FC2C,FC2C_C7_L,L,acetylcholine,550660,FC2C,FC2C_C7_R,R,1
140794,FC2C,FC2C_C3_R,R,acetylcholine,550660,FC2C,FC2C_C7_R,R,1
109752,FC2C,FC2C_C9_R,R,acetylcholine,550660,FC2C,FC2C_C7_R,R,1
89635,FC2B,FC2B_C3_R,R,acetylcholine,550660,FC2C,FC2C_C7_R,R,1
51782,FC2C,FC2C_C2_R,R,acetylcholine,550660,FC2C,FC2C_C7_R,R,1
109752,FC2C,FC2C_C9_R,R,acetylcholine,34203,FC2B,FC2B_C1_R,R,1
79549,PFL3,PFL3(PB12c)_R7_C1,R,acetylcholine,34203,FC2B,FC2B_C1_R,R,1
55415,FC2B,FC2B_C1_R,R,acetylcholine,34203,FC2B,FC2B_C1_R,R,1
46169,FC2A,FC2A_C1_L,L,acetylcholine,34203,FC2B,FC2B_C1_R,R,1
44554,FC2B,FC2B_C8_R,R,acetylcholine,34203,FC2B,FC2B_C1_R,R,1
526406,FC2A,FC2A_C2_R,R,acetylcholine,46169,FC2A,FC2A_C1_L,L,1
515233,FC2B,FC2B_C2_R,R,acetylcholine,46169,FC2A,FC2A_C1_L,L,1
137299,FC2A,FC2A_C5_L,L,acetylcholine,46169,FC2A,FC2A_C1_L,L,1
68502,FC2C,FC2C_C1_L,L,acetylcholine,46169,FC2A,FC2A_C1_L,L,1
56382,FC2A,FC2A_C6_L,L,acetylcholine,46169,FC2A,FC2A_C1_L,L,1
51782,FC2C,FC2C_C2_R,R,acetylcholine,46169,FC2A,FC2A_C1_L,L,1
568155,Delta7,Delta7(PB15)_L8R1R9_L,L,glutamate,518378,PFL3,PFL3(PB12c)_R5_C3,R,1
35322,PFL3,PFL3(PB12c)_R1_C7,R,acetylcholine,518378,PFL3,PFL3(PB12c)_R5_C3,R,1
23159,PFL3,PFL3(PB12c)_R4_C4,R,acetylcholine,518378,PFL3,PFL3(PB12c)_R5_C3,R,1
517417,Delta7,Delta7(PB15)_L6R3_L,L,glutamate,15210,PFL3,PFL3(PB12c)_R2_C1_irreg,L,1
79549,PFL3,PFL3(PB12c)_R7_C1,R,acetylcholine,15210,PFL3,PFL3(PB12c)_R2_C1_irreg,L,1
26038,PFL3,PFL3(PB12c)_L5_C7,L,acetylcholine,15210,PFL3,PFL3(PB12c)_R2_C1_irreg,L,1
524073,EPG,EPG(PB08)_L2,L,acetylcholine,519140,EPG,EPG(PB08)_L1,L,1
521813,EPG,EPG(PB08)_L2,L,acetylcholine,519140,EPG,EPG(PB08)_L1,L,1
519328,EPG,EPG(PB08)_L3,L,acetylcholine,519140,EPG,EPG(PB08)_L1,L,1
11989,EPG,EPG(PB08)_L5,L,acetylcholine,519140,EPG,EPG(PB08)_L1,L,1
522994,Delta7,Delta7(PB15)_L6R3_L,L,glutamate,519328,EPG,EPG(PB08)_L3,L,1
520818,EPG,EPG(PB08)_L4,L,acetylcholine,519328,EPG,EPG(PB08)_L3,L,1
517417,Delta7,Delta7(PB15)_L6R3_L,L,glutamate,519328,EPG,EPG(PB08)_L3,L,1
513033,EPG,EPG(PB08)_L8,L,acetylcholine,519328,EPG,EPG(PB08)_L3,L,1
16553,Delta7,Delta7(PB15)_L5R4_L,L,glutamate,519328,EPG,EPG(PB08)_L3,L,1
16360,EPG,EPG(PB08)_L6,L,acetylcholine,519328,EPG,EPG(PB08)_L3,L,1
15654,Delta7,Delta7(PB15)_L8R1R9_L,L,glutamate,519328,EPG,EPG(PB08)_L3,L,1
14727,EPG,EPG(PB08)_L7,L,acetylcholine,519328,EPG,EPG(PB08)_L3,L,1
11989,EPG,EPG(PB08)_L5,L,acetylcholine,519328,EPG,EPG(PB08)_L3,L,1
533725,Delta7,Delta7(PB15)_L8R1R9_L,L,glutamate,512305,EPG,EPG(PB08)_R8,R,1
519941,EPG,EPG(PB08)_L3,L,acetylcholine,512305,EPG,EPG(PB08)_R8,R,1
513520,EPG,EPG(PB08)_R6,R,acetylcholine,512305,EPG,EPG(PB08)_R8,R,1
511841,Delta7,Delta7(PB15)_L2R7_R,R,glutamate,512305,EPG,EPG(PB08)_R8,R,1
88342,EPG,EPG(PB08)_L3,L,acetylcholine,512305,EPG,EPG(PB08)_R8,R,1
19825,EPG,EPG(PB08)_R6,R,acetylcholine,512305,EPG,EPG(PB08)_R8,R,1
16540,Delta7,Delta7(PB15)_L2R7_R,R,glutamate,512305,EPG,EPG(PB08)_R8,R,1
16476,Delta7,Delta7(PB15)_L7R2_L,L,glutamate,512305,EPG,EPG(PB08)_R8,R,1
14507,EPG,EPG(PB08)_R7,R,acetylcholine,512305,EPG,EPG(PB08)_R8,R,1
10539,EPG,EPG(PB08)_R2,R,acetylcholine,512305,EPG,EPG(PB08)_R8,R,1
153558,FC2C,FC2C_C5_R,R,acetylcholine,141430,FC2C,FC2C_C3_R,R,1
151739,FC2C,FC2C_C2_R,R,acetylcholine,141430,FC2C,FC2C_C3_R,R,1
140794,FC2C,FC2C_C3_R,R,acetylcholine,141430,FC2C,FC2C_C3_R,R,1
139763,FC2C,FC2C_C2_R,R,acetylcholine,141430,FC2C,FC2C_C3_R,R,1
127661,FC2C,FC2C_C6_R,R,acetylcholine,141430,FC2C,FC2C_C3_R,R,1
115674,FC2C,FC2C_C4_R,R,acetylcholine,141430,FC2C,FC2C_C3_R,R,1
66750,FC2C,FC2C_C4_R,R,acetylcholine,141430,FC2C,FC2C_C3_R,R,1
50431,FC2C,FC2C_C8_R,R,acetylcholine,141430,FC2C,FC2C_C3_R,R,1
519144,EPG,EPG(PB08)_L8,L,acetylcholine,556346,EPG,EPG(PB08)_L6,L,1
107195,EPG,EPG(PB08)_L5,L,acetylcholine,556346,EPG,EPG(PB08)_L6,L,1
18639,Delta7,Delta7(PB15)_L7R2_L,L,glutamate,556346,EPG,EPG(PB08)_L6,L,1
16869,Delta7,Delta7(PB15)_L7R3_L,L,glutamate,556346,EPG,EPG(PB08)_L6,L,1
16540,Delta7,Delta7(PB15)_L2R7_R,R,glutamate,556346,EPG,EPG(PB08)_L6,L,1
11989,EPG,EPG(PB08)_L5,L,acetylcholine,556346,EPG,EPG(PB08)_L6,L,1
11307,EPG,EPG(PB08)_L4,L,acetylcholine,556346,EPG,EPG(PB08)_L6,L,1
533436,FC2C,FC2C_C7_L,L,acetylcholine,17290,PFL3,PFL3(PB12c)_L6_C8,L,1
519346,PFL3,PFL3(PB12c)_L7_C9,L,acetylcholine,17290,PFL3,PFL3(PB12c)_L6_C8,L,1
513034,PFL2,PFL2(PB12b)_L5_C9,L,acetylcholine,17290,PFL3,PFL3(PB12c)_L6_C8,L,1
513032,PFL3,PFL3(PB12c)_L5_C7,L,acetylcholine,17290,PFL3,PFL3(PB12c)_L6_C8,L,1
84758,EPG,EPG(PB08)_L7,L,acetylcholine,17290,PFL3,PFL3(PB12c)_L6_C8,L,1
56905,FC2C,FC2C_C9_L,L,acetylcholine,17290,PFL3,PFL3(PB12c)_L6_C8,L,1
17753,Delta7,Delta7(PB15)_L7R3_L,L,glutamate,17290,PFL3,PFL3(PB12c)_L6_C8,L,1
531073,FC2C,FC2C_C9_R,R,acetylcholine,50461,FC2B,FC2B_C9_R,R,1
149740,FC2B,FC2B_C9_L,L,acetylcholine,50461,FC2B,FC2B_C9_R,R,1
119819,FC2C,FC2C_C8_L,L,acetylcholine,50461,FC2B,FC2B_C9_R,R,1
89635,FC2B,FC2B_C3_R,R,acetylcholine,50461,FC2B,FC2B_C9_R,R,1
44554,FC2B,FC2B_C8_R,R,acetylcholine,50461,FC2B,FC2B_C9_R,R,1
35277,FC2B,FC2B_C8_R,R,acetylcholine,50461,FC2B,FC2B_C9_R,R,1
521813,EPG,EPG(PB08)_L2,L,acetylcholine,16180,Delta7,Delta7(PB15)_L3R6_R,R,1
520573,PFL2,PFL2(PB12b)_R5_C1,R,acetylcholine,16180,Delta7,Delta7(PB15)_L3R6_R,R,1
519941,EPG,EPG(PB08)_L3,L,acetylcholine,16180,Delta7,Delta7(PB15)_L3R6_R,R,1
519328,EPG,EPG(PB08)_L3,L,acetylcholine,16180,Delta7,Delta7(PB15)_L3R6_R,R,1
513517,EPG,EPG(PB08)_L4,L,acetylcholine,16180,Delta7,Delta7(PB15)_L3R6_R,R,1
131313,EPG,EPG(PB08)_R6,R,acetylcholine,16180,Delta7,Delta7(PB15)_L3R6_R,R,1
513034,PFL2,PFL2(PB12b)_L5_C9,L,acetylcholine,64270,FC2C,FC2C_C8_L,L,1
513033,EPG,EPG(PB08)_L8,L,acetylcholine,64270,FC2C,FC2C_C8_L,L,1
153441,FC2C,FC2C_C5_L,L,acetylcholine,64270,FC2C,FC2C_C8_L,L,1
124562,FC2C,FC2C_C5_L,L,acetylcholine,64270,FC2C,FC2C_C8_L,L,1
103466,FC2B,FC2B_C2_L,L,acetylcholine,64270,FC2C,FC2C_C8_L,L,1
522853,PFL2,PFL2(PB12b)_R2_C4,R,acetylcholine,29836,PFL3,PFL3(PB12c)_L4_C6,L,1
519328,EPG,EPG(PB08)_L3,L,acetylcholine,29836,PFL3,PFL3(PB12c)_L4_C6,L,1
122334,FC2C,FC2C_C7_L,L,acetylcholine,29836,PFL3,PFL3(PB12c)_L4_C6,L,1
122167,FC2C,FC2C_C7_R,R,acetylcholine,29836,PFL3,PFL3(PB12c)_L4_C6,L,1
35322,PFL3,PFL3(PB12c)_R1_C7,R,acetylcholine,29836,PFL3,PFL3(PB12c)_L4_C6,L,1
35324,Delta7,Delta7(PB15)_L5R4_L,L,glutamate,29836,PFL3,PFL3(PB12c)_L4_C6,L,1
26038,PFL3,PFL3(PB12c)_L5_C7,L,acetylcholine,29836,PFL3,PFL3(PB12c)_L4_C6,L,1
18823,Delta7,Delta7(PB15)_L4R5_R,R,glutamate,29836,PFL3,PFL3(PB12c)_L4_C6,L,1
16553,Delta7,Delta7(PB15)_L5R4_L,L,glutamate,29836,PFL3,PFL3(PB12c)_L4_C6,L,1
15495,Delta7,Delta7(PB15)_L3R6_R,R,glutamate,29836,PFL3,PFL3(PB12c)_L4_C6,L,1
14816,Delta7,Delta7(PB15)_L6R4_L,L,glutamate,29836,PFL3,PFL3(PB12c)_L4_C6,L,1
14729,PFL2,PFL2(PB12b)_R1_C5,R,acetylcholine,29836,PFL3,PFL3(PB12c)_L4_C6,L,1
11307,EPG,EPG(PB08)_L4,L,acetylcholine,29836,PFL3,PFL3(PB12c)_L4_C6,L,1
513284,EPG,EPG(PB08)_R3,R,acetylcholine,107195,EPG,EPG(PB08)_L5,L,1
124562,FC2C,FC2C_C5_L,L,acetylcholine,107195,EPG,EPG(PB08)_L5,L,1
91537,FC2C,FC2C_C5_L,L,acetylcholine,107195,EPG,EPG(PB08)_L5,L,1
88342,EPG,EPG(PB08)_L3,L,acetylcholine,107195,EPG,EPG(PB08)_L5,L,1
84758,EPG,EPG(PB08)_L7,L,acetylcholine,107195,EPG,EPG(PB08)_L5,L,1
16412,Delta7,Delta7(PB15)_L7R2_L,L,glutamate,107195,EPG,EPG(PB08)_L5,L,1
16360,EPG,EPG(PB08)_L6,L,acetylcholine,107195,EPG,EPG(PB08)_L5,L,1
14727,EPG,EPG(PB08)_L7,L,acetylcholine,107195,EPG,EPG(PB08)_L5,L,1
153558,FC2C,FC2C_C5_R,R,acetylcholine,139763,FC2C,FC2C_C2_R,R,1
74480,FC2C,FC2C_C9_R,R,acetylcholine,139763,FC2C,FC2C_C2_R,R,1
51782,FC2C,FC2C_C2_R,R,acetylcholine,139763,FC2C,FC2C_C2_R,R,1
50885,FC2C,FC2C_C2_L,L,acetylcholine,139763,FC2C,FC2C_C2_R,R,1
556346,EPG,EPG(PB08)_L6,L,acetylcholine,14509,Delta7,Delta7(PB15)_L4R6_R,R,1
520818,EPG,EPG(PB08)_L4,L,acetylcholine,14509,Delta7,Delta7(PB15)_L4R6_R,R,1
107195,EPG,EPG(PB08)_L5,L,acetylcholine,14509,Delta7,Delta7(PB15)_L4R6_R,R,1
19125,EPG,EPG(PB08)_R5,R,acetylcholine,14509,Delta7,Delta7(PB15)_L4R6_R,R,1
16360,EPG,EPG(PB08)_L6,L,acetylcholine,14509,Delta7,Delta7(PB15)_L4R6_R,R,1
15713,EPG,EPG(PB08)_L6,L,acetylcholine,14509,Delta7,Delta7(PB15)_L4R6_R,R,1
521813,EPG,EPG(PB08)_L2,L,acetylcholine,513520,EPG,EPG(PB08)_R6,R,1
521812,EPG,EPG(PB08)_R7,R,acetylcholine,513520,EPG,EPG(PB08)_R6,R,1
520581,EPG,EPG(PB08)_R4,R,acetylcholine,513520,EPG,EPG(PB08)_R6,R,1
515294,Delta7,Delta7(PB15)_L5R4_L,L,glutamate,513520,EPG,EPG(PB08)_R6,R,1
512928,EPG,EPG(PB08)_R3,R,acetylcholine,513520,EPG,EPG(PB08)_R6,R,1
512513,EPG,EPG(PB08)_R1,R,acetylcholine,513520,EPG,EPG(PB08)_R6,R,1
23159,PFL3,PFL3(PB12c)_R4_C4,R,acetylcholine,513520,EPG,EPG(PB08)_R6,R,1
19125,EPG,EPG(PB08)_R5,R,acetylcholine,513520,EPG,EPG(PB08)_R6,R,1
16540,Delta7,Delta7(PB15)_L2R7_R,R,glutamate,513520,EPG,EPG(PB08)_R6,R,1
12449,EPG,EPG(PB08)_L5,L,acetylcholine,513520,EPG,EPG(PB08)_R6,R,1
533725,Delta7,Delta7(PB15)_L8R1R9_L,L,glutamate,26038,PFL3,PFL3(PB12c)_L5_C7,L,1
74326,FC2B,FC2B_C8_L,L,acetylcholine,26038,PFL3,PFL3(PB12c)_L5_C7,L,1
41559,FC2A,FC2A_C9_L,L,acetylcholine,26038,PFL3,PFL3(PB12c)_L5_C7,L,1
29836,PFL3,PFL3(PB12c)_L4_C6,L,acetylcholine,26038,PFL3,PFL3(PB12c)_L5_C7,L,1
17286,PFL3,PFL3(PB12c)_R1_C2_irreg,L,acetylcholine,26038,PFL3,PFL3(PB12c)_L5_C7,L,1
16540,Delta7,Delta7(PB15)_L2R7_R,R,glutamate,26038,PFL3,PFL3(PB12c)_L5_C7,L,1
15839,Delta7,Delta7(PB15)_L1L9R8_R,R,glutamate,26038,PFL3,PFL3(PB12c)_L5_C7,L,1
15398,Delta7,Delta7(PB15)_L4R5_R,R,glutamate,26038,PFL3,PFL3(PB12c)_L5_C7,L,1
526406,FC2A,FC2A_C2_R,R,acetylcholine,103466,FC2B,FC2B_C2_L,L,1
141430,FC2C,FC2C_C3_R,R,acetylcholine,103466,FC2B,FC2B_C2_L,L,1
137299,FC2A,FC2A_C5_L,L,acetylcholine,103466,FC2B,FC2B_C2_L,L,1
99820,FC2B,FC2B_C4_L,L,acetylcholine,103466,FC2B,FC2B_C2_L,L,1
97443,FC2B,FC2B_C8_L,L,acetylcholine,103466,FC2B,FC2B_C2_L,L,1
64270,FC2C,FC2C_C8_L,L,acetylcholine,103466,FC2B,FC2B_C2_L,L,1
51782,FC2C,FC2C_C2_R,R,acetylcholine,103466,FC2B,FC2B_C2_L,L,1
46169,FC2A,FC2A_C1_L,L,acetylcholine,103466,FC2B,FC2B_C2_L,L,1
45343,FC2C,FC2C_C7_L,L,acetylcholine,103466,FC2B,FC2B_C2_L,L,1
520812,EPG,EPG(PB08)_R8,R,acetylcholine,523786,EPG,EPG(PB08)_R4,R,1
519331,Delta7,Delta7(PB15)_L3R7_R,R,glutamate,523786,EPG,EPG(PB08)_R4,R,1
513464,EPG,EPG(PB08)_R8,R,acetylcholine,523786,EPG,EPG(PB08)_R4,R,1
512928,EPG,EPG(PB08)_R3,R,acetylcholine,523786,EPG,EPG(PB08)_R4,R,1
18327,PFL3,PFL3(PB12c)_R2_C6,R,acetylcholine,523786,EPG,EPG(PB08)_R4,R,1
15398,Delta7,Delta7(PB15)_L4R5_R,R,glutamate,523786,EPG,EPG(PB08)_R4,R,1
14727,EPG,EPG(PB08)_L7,L,acetylcholine,523786,EPG,EPG(PB08)_R4,R,1
11874,EPG,EPG(PB08)_L7,L,acetylcholine,523786,EPG,EPG(PB08)_R4,R,1
10539,EPG,EPG(PB08)_R2,R,acetylcholine,523786,EPG,EPG(PB08)_R4,R,1
513520,EPG,EPG(PB08)_R6,R,acetylcholine,15904,Delta7,Delta7(PB15)_L4R5_R,R,1
513517,EPG,EPG(PB08)_L4,L,acetylcholine,15904,Delta7,Delta7(PB15)_L4R5_R,R,1
12449,EPG,EPG(PB08)_L5,L,acetylcholine,15904,Delta7,Delta7(PB15)_L4R5_R,R,1
523786,EPG,EPG(PB08)_R4,R,acetylcholine,35322,PFL3,PFL3(PB12c)_R1_C7,R,1
513032,PFL3,PFL3(PB12c)_L5_C7,L,acetylcholine,35322,PFL3,PFL3(PB12c)_R1_C7,R,1
512514,EPG,EPG(PB08)_L1,L,acetylcholine,35322,PFL3,PFL3(PB12c)_R1_C7,R,1
74326,FC2B,FC2B_C8_L,L,acetylcholine,35322,PFL3,PFL3(PB12c)_R1_C7,R,1
50431,FC2C,FC2C_C8_R,R,acetylcholine,35322,PFL3,PFL3(PB12c)_R1_C7,R,1
44554,FC2B,FC2B_C8_R,R,acetylcholine,35322,PFL3,PFL3(PB12c)_R1_C7,R,1
26488,PFL3,PFL3(PB12c)_R5_C3,R,acetylcholine,35322,PFL3,PFL3(PB12c)_R1_C7,R,1
19009,PFL3,PFL3(PB12c)_L2_C9_irreg,R,acetylcholine,35322,PFL3,PFL3(PB12c)_R1_C7,R,1
18851,PFL3,PFL3(PB12c)_L1_C8_irreg,R,acetylcholine,35322,PFL3,PFL3(PB12c)_R1_C7,R,1
18639,Delta7,Delta7(PB15)_L7R2_L,L,glutamate,35322,PFL3,PFL3(PB12c)_R1_C7,R,1
532704,FC2A,FC2A_C1_R,R,acetylcholine,106495,FC2B,FC2B_C6_R,R,1
531073,FC2C,FC2C_C9_R,R,acetylcholine,106495,FC2B,FC2B_C6_R,R,1
526406,FC2A,FC2A_C2_R,R,acetylcholine,106495,FC2B,FC2B_C6_R,R,1
241046,FC2B,FC2B_C4_R,R,acetylcholine,106495,FC2B,FC2B_C6_R,R,1
127661,FC2C,FC2C_C6_R,R,acetylcholine,106495,FC2B,FC2B_C6_R,R,1
96384,FC2B,FC2B_C5_R,R,acetylcholine,106495,FC2B,FC2B_C6_R,R,1
68579,FC2C,FC2C_C5_R,R,acetylcholine,106495,FC2B,FC2B_C6_R,R,1
568155,Delta7,Delta7(PB15)_L8R1R9_L,L,glutamate,26488,PFL3,PFL3(PB12c)_R5_C3,R,1
523786,EPG,EPG(PB08)_R4,R,acetylcholine,26488,PFL3,PFL3(PB12c)_R5_C3,R,1
515294,Delta7,Delta7(PB15)_L5R4_L,L,glutamate,26488,PFL3,PFL3(PB12c)_R5_C3,R,1
139763,FC2C,FC2C_C2_R,R,acetylcholine,26488,PFL3,PFL3(PB12c)_R5_C3,R,1
115674,FC2C,FC2C_C4_R,R,acetylcholine,26488,PFL3,PFL3(PB12c)_R5_C3,R,1
92188,EPG,EPG(PB08)_R7,R,acetylcholine,26488,PFL3,PFL3(PB12c)_R5_C3,R,1
67361,FC2B,FC2B_C2_R,R,acetylcholine,26488,PFL3,PFL3(PB12c)_R5_C3,R,1
51782,FC2C,FC2C_C2_R,R,acetylcholine,26488,PFL3,PFL3(PB12c)_R5_C3,R,1
23159,PFL3,PFL3(PB12c)_R4_C4,R,acetylcholine,26488,PFL3,PFL3(PB12c)_R5_C3,R,1
18851,PFL3,PFL3(PB12c)_L1_C8_irreg,R,acetylcholine,26488,PFL3,PFL3(PB12c)_R5_C3,R,1
18327,PFL3,PFL3(PB12c)_R2_C6,R,acetylcholine,26488,PFL3,PFL3(PB12c)_R5_C3,R,1
523786,EPG,EPG(PB08)_R4,R,acetylcholine,517417,Delta7,Delta7(PB15)_L6R3_L,L,1
107195,EPG,EPG(PB08)_L5,L,acetylcholine,517417,Delta7,Delta7(PB15)_L6R3_L,L,1
11989,EPG,EPG(PB08)_L5,L,acetylcholine,517417,Delta7,Delta7(PB15)_L6R3_L,L,1
520811,PFL3,PFL3(PB12c)_R6_C2,R,acetylcholine,18803,PFL3,PFL3(PB12c)_R1_C7,R,1
519140,EPG,EPG(PB08)_L1,L,acetylcholine,18803,PFL3,PFL3(PB12c)_R1_C7,R,1
512514,EPG,EPG(PB08)_L1,L,acetylcholine,18803,PFL3,PFL3(PB12c)_R1_C7,R,1
64270,FC2C,FC2C_C8_L,L,acetylcholine,18803,PFL3,PFL3(PB12c)_R1_C7,R,1
55401,FC2A,FC2A_C9_R,R,acetylcholine,18803,PFL3,PFL3(PB12c)_R1_C7,R,1
35322,PFL3,PFL3(PB12c)_R1_C7,R,acetylcholine,18803,PFL3,PFL3(PB12c)_R1_C7,R,1
23159,PFL3,PFL3(PB12c)_R4_C4,R,acetylcholine,18803,PFL3,PFL3(PB12c)_R1_C7,R,1
19009,PFL3,PFL3(PB12c)_L2_C9_irreg,R,acetylcholine,18803,PFL3,PFL3(PB12c)_R1_C7,R,1
526406,FC2A,FC2A_C2_R,R,acetylcholine,140787,FC2B,FC2B_C1_L,L,1
515233,FC2B,FC2B_C2_R,R,acetylcholine,140787,FC2B,FC2B_C1_L,L,1
149740,FC2B,FC2B_C9_L,L,acetylcholine,140787,FC2B,FC2B_C1_L,L,1
99820,FC2B,FC2B_C4_L,L,acetylcholine,140787,FC2B,FC2B_C1_L,L,1
97443,FC2B,FC2B_C8_L,L,acetylcholine,140787,FC2B,FC2B_C1_L,L,1
67361,FC2B,FC2B_C2_R,R,acetylcholine,140787,FC2B,FC2B_C1_L,L,1
51782,FC2C,FC2C_C2_R,R,acetylcholine,140787,FC2B,FC2B_C1_L,L,1
45343,FC2C,FC2C_C7_L,L,acetylcholine,140787,FC2B,FC2B_C1_L,L,1
41559,FC2A,FC2A_C9_L,L,acetylcholine,140787,FC2B,FC2B_C1_L,L,1
40179,FC2A,FC2A_C7_L,L,acetylcholine,140787,FC2B,FC2B_C1_L,L,1
523786,EPG,EPG(PB08)_R4,R,acetylcholine,16476,Delta7,Delta7(PB15)_L7R2_L,L,1
520581,EPG,EPG(PB08)_R4,R,acetylcholine,16476,Delta7,Delta7(PB15)_L7R2_L,L,1
513284,EPG,EPG(PB08)_R3,R,acetylcholine,16476,Delta7,Delta7(PB15)_L7R2_L,L,1
512514,EPG,EPG(PB08)_L1,L,acetylcholine,16476,Delta7,Delta7(PB15)_L7R2_L,L,1
84758,EPG,EPG(PB08)_L7,L,acetylcholine,16476,Delta7,Delta7(PB15)_L7R2_L,L,1
10539,EPG,EPG(PB08)_R2,R,acetylcholine,16476,Delta7,Delta7(PB15)_L7R2_L,L,1
532704,FC2A,FC2A_C1_R,R,acetylcholine,515233,FC2B,FC2B_C2_R,R,1
529992,FC2C,FC2C_C1_R,R,acetylcholine,515233,FC2B,FC2B_C2_R,R,1
519358,FC2B,FC2B_C4_R,R,acetylcholine,515233,FC2B,FC2B_C2_R,R,1
241046,FC2B,FC2B_C4_R,R,acetylcholine,515233,FC2B,FC2B_C2_R,R,1
140787,FC2B,FC2B_C1_L,L,acetylcholine,515233,FC2B,FC2B_C2_R,R,1
67361,FC2B,FC2B_C2_R,R,acetylcholine,515233,FC2B,FC2B_C2_R,R,1
39538,FC2A,FC2A_C6_R,R,acetylcholine,515233,FC2B,FC2B_C2_R,R,1
34203,FC2B,FC2B_C1_R,R,acetylcholine,515233,FC2B,FC2B_C2_R,R,1
33356,FC2B,FC2B_C2_L,L,acetylcholine,515233,FC2B,FC2B_C2_R,R,1
556347,EPG,EPG(PB08)_R4,R,acetylcholine,515961,Delta7,Delta7(PB15)_L6R3_L,L,1
556346,EPG,EPG(PB08)_L6,L,acetylcholine,515961,Delta7,Delta7(PB15)_L6R3_L,L,1
520581,EPG,EPG(PB08)_R4,R,acetylcholine,515961,Delta7,Delta7(PB15)_L6R3_L,L,1
512928,EPG,EPG(PB08)_R3,R,acetylcholine,515961,Delta7,Delta7(PB15)_L6R3_L,L,1
15713,EPG,EPG(PB08)_L6,L,acetylcholine,515961,Delta7,Delta7(PB15)_L6R3_L,L,1
11987,EPG,EPG(PB08)_R5,R,acetylcholine,515961,Delta7,Delta7(PB15)_L6R3_L,L,1
534662,FC2C,FC2C_C8_R,R,acetylcholine,122167,FC2C,FC2C_C7_R,R,1
531073,FC2C,FC2C_C9_R,R,acetylcholine,122167,FC2C,FC2C_C7_R,R,1
236557,FC2C,FC2C_C3_R,R,acetylcholine,122167,FC2C,FC2C_C7_R,R,1
153558,FC2C,FC2C_C5_R,R,acetylcholine,122167,FC2C,FC2C_C7_R,R,1
119544,FC2C,FC2C_C6_L,L,acetylcholine,122167,FC2C,FC2C_C7_R,R,1
108286,FC2C,FC2C_C7_R,R,acetylcholine,122167,FC2C,FC2C_C7_R,R,1
50431,FC2C,FC2C_C8_R,R,acetylcholine,122167,FC2C,FC2C_C7_R,R,1
529266,FC2C,FC2C_C2_L,L,acetylcholine,520573,PFL2,PFL2(PB12b)_R5_C1,R,1
79549,PFL3,PFL3(PB12c)_R7_C1,R,acetylcholine,520573,PFL2,PFL2(PB12b)_R5_C1,R,1
17804,Delta7,Delta7(PB15)_L7R2_L,L,glutamate,520573,PFL2,PFL2(PB12b)_R5_C1,R,1
14509,Delta7,Delta7(PB15)_L4R6_R,R,glutamate,520573,PFL2,PFL2(PB12b)_R5_C1,R,1
10513,Delta7,Delta7(PB15)_L3R6_R,R,glutamate,520573,PFL2,PFL2(PB12b)_R5_C1,R,1
521813,EPG,EPG(PB08)_L2,L,acetylcholine,512513,EPG,EPG(PB08)_R1,R,1
92188,EPG,EPG(PB08)_R7,R,acetylcholine,512513,EPG,EPG(PB08)_R1,R,1
16412,Delta7,Delta7(PB15)_L7R2_L,L,glutamate,512513,EPG,EPG(PB08)_R1,R,1
16110,Delta7,Delta7(PB15)_L3R6_R,R,glutamate,512513,EPG,EPG(PB08)_R1,R,1
14507,EPG,EPG(PB08)_R7,R,acetylcholine,512513,EPG,EPG(PB08)_R1,R,1
519331,Delta7,Delta7(PB15)_L3R7_R,R,glutamate,513266,PFL3,PFL3(PB12c)_R3_C5,R,1
236557,FC2C,FC2C_C3_R,R,acetylcholine,513266,PFL3,PFL3(PB12c)_R3_C5,R,1
137990,FC2B,FC2B_C3_L,L,acetylcholine,513266,PFL3,PFL3(PB12c)_R3_C5,R,1
522853,PFL2,PFL2(PB12b)_R2_C4,R,acetylcholine,523032,PFL3,PFL3(PB12c)_L2_C4,L,1
519140,EPG,EPG(PB08)_L1,L,acetylcholine,523032,PFL3,PFL3(PB12c)_L2_C4,L,1
511842,PFL2,PFL2(PB12b)_L2_C6,L,acetylcholine,523032,PFL3,PFL3(PB12c)_L2_C4,L,1
96384,FC2B,FC2B_C5_R,R,acetylcholine,523032,PFL3,PFL3(PB12c)_L2_C4,L,1
88342,EPG,EPG(PB08)_L3,L,acetylcholine,523032,PFL3,PFL3(PB12c)_L2_C4,L,1
19825,EPG,EPG(PB08)_R6,R,acetylcholine,523032,PFL3,PFL3(PB12c)_L2_C4,L,1
19715,PFL2,PFL2(PB12b)_L4_C8,L,acetylcholine,523032,PFL3,PFL3(PB12c)_L2_C4,L,1
15399,Delta7,Delta7(PB15)_L1L9R8_R,R,glutamate,523032,PFL3,PFL3(PB12c)_L2_C4,L,1
14729,PFL2,PFL2(PB12b)_R1_C5,R,acetylcholine,523032,PFL3,PFL3(PB12c)_L2_C4,L,1
11557,PFL2,PFL2(PB12b)_L3_C7,L,acetylcholine,523032,PFL3,PFL3(PB12c)_L2_C4,L,1
523786,EPG,EPG(PB08)_R4,R,acetylcholine,11503,EPG,EPG(PB08)_R8,R,1
522994,Delta7,Delta7(PB15)_L6R3_L,L,glutamate,11503,EPG,EPG(PB08)_R8,R,1
513520,EPG,EPG(PB08)_R6,R,acetylcholine,11503,EPG,EPG(PB08)_R8,R,1
513463,EPG,EPG(PB08)_R2,R,acetylcholine,11503,EPG,EPG(PB08)_R8,R,1
19825,EPG,EPG(PB08)_R6,R,acetylcholine,11503,EPG,EPG(PB08)_R8,R,1
13217,EPG,EPG(PB08)_L8,L,acetylcholine,11503,EPG,EPG(PB08)_R8,R,1
10539,EPG,EPG(PB08)_R2,R,acetylcholine,11503,EPG,EPG(PB08)_R8,R,1
520812,EPG,EPG(PB08)_R8,R,acetylcholine,15399,Delta7,Delta7(PB15)_L1L9R8_R,R,1
513033,EPG,EPG(PB08)_L8,L,acetylcholine,15399,Delta7,Delta7(PB15)_L1L9R8_R,R,1
512513,EPG,EPG(PB08)_R1,R,acetylcholine,15399,Delta7,Delta7(PB15)_L1L9R8_R,R,1
13217,EPG,EPG(PB08)_L8,L,acetylcholine,15399,Delta7,Delta7(PB15)_L1L9R8_R,R,1
551404,FC2C,FC2C_C6_L,L,acetylcholine,41941,FC2C,FC2C_C4_L,L,1
519358,FC2B,FC2B_C4_R,R,acetylcholine,41941,FC2C,FC2C_C4_L,L,1
513517,EPG,EPG(PB08)_L4,L,acetylcholine,41941,FC2C,FC2C_C4_L,L,1
241046,FC2B,FC2B_C4_R,R,acetylcholine,41941,FC2C,FC2C_C4_L,L,1
124562,FC2C,FC2C_C5_L,L,acetylcholine,41941,FC2C,FC2C_C4_L,L,1
115674,FC2C,FC2C_C4_R,R,acetylcholine,41941,FC2C,FC2C_C4_L,L,1
107690,FC2B,FC2B_C4_L,L,acetylcholine,41941,FC2C,FC2C_C4_L,L,1
96384,FC2B,FC2B_C5_R,R,acetylcholine,41941,FC2C,FC2C_C4_L,L,1
524977,FC2C,FC2C_C3_L,L,acetylcholine,530071,PFL3,PFL3(PB12c)_L3_C5,L,1
137990,FC2B,FC2B_C3_L,L,acetylcholine,530071,PFL3,PFL3(PB12c)_L3_C5,L,1
14729,PFL2,PFL2(PB12b)_R1_C5,R,acetylcholine,530071,PFL3,PFL3(PB12c)_L3_C5,L,1
14509,Delta7,Delta7(PB15)_L4R6_R,R,glutamate,530071,PFL3,PFL3(PB12c)_L3_C5,L,1
520812,EPG,EPG(PB08)_R8,R,acetylcholine,511841,Delta7,Delta7(PB15)_L2R7_R,R,1
519941,EPG,EPG(PB08)_L3,L,acetylcholine,511841,Delta7,Delta7(PB15)_L2R7_R,R,1
519140,EPG,EPG(PB08)_L1,L,acetylcholine,511841,Delta7,Delta7(PB15)_L2R7_R,R,1
88342,EPG,EPG(PB08)_L3,L,acetylcholine,511841,Delta7,Delta7(PB15)_L2R7_R,R,1
19825,EPG,EPG(PB08)_R6,R,acetylcholine,511841,Delta7,Delta7(PB15)_L2R7_R,R,1
11503,EPG,EPG(PB08)_R8,R,acetylcholine,511841,Delta7,Delta7(PB15)_L2R7_R,R,1
568155,Delta7,Delta7(PB15)_L8R1R9_L,L,glutamate,10539,EPG,EPG(PB08)_R2,R,1
520581,EPG,EPG(PB08)_R4,R,acetylcholine,10539,EPG,EPG(PB08)_R2,R,1
514126,EPG,EPG(PB08)_R5,R,acetylcholine,10539,EPG,EPG(PB08)_R2,R,1
19825,EPG,EPG(PB08)_R6,R,acetylcholine,10539,EPG,EPG(PB08)_R2,R,1
15839,Delta7,Delta7(PB15)_L1L9R8_R,R,glutamate,10539,EPG,EPG(PB08)_R2,R,1
15654,Delta7,Delta7(PB15)_L8R1R9_L,L,glutamate,10539,EPG,EPG(PB08)_R2,R,1
15616,EPG,EPG(PB08)_R3,R,acetylcholine,10539,EPG,EPG(PB08)_R2,R,1
11503,EPG,EPG(PB08)_R8,R,acetylcholine,10539,EPG,EPG(PB08)_R2,R,1
532704,FC2A,FC2A_C1_R,R,acetylcholine,60670,FC2C,FC2C_C1_R,R,1
529992,FC2C,FC2C_C1_R,R,acetylcholine,60670,FC2C,FC2C_C1_R,R,1
236557,FC2C,FC2C_C3_R,R,acetylcholine,60670,FC2C,FC2C_C1_R,R,1
153558,FC2C,FC2C_C5_R,R,acetylcholine,60670,FC2C,FC2C_C1_R,R,1
148830,FC2C,FC2C_C5_R,R,acetylcholine,60670,FC2C,FC2C_C1_R,R,1
115674,FC2C,FC2C_C4_R,R,acetylcholine,60670,FC2C,FC2C_C1_R,R,1
79549,PFL3,PFL3(PB12c)_R7_C1,R,acetylcholine,60670,FC2C,FC2C_C1_R,R,1
550660,FC2C,FC2C_C7_R,R,acetylcholine,109752,FC2C,FC2C_C9_R,R,1
531073,FC2C,FC2C_C9_R,R,acetylcholine,109752,FC2C,FC2C_C9_R,R,1
519358,FC2B,FC2B_C4_R,R,acetylcholine,109752,FC2C,FC2C_C9_R,R,1
119819,FC2C,FC2C_C8_L,L,acetylcholine,109752,FC2C,FC2C_C9_R,R,1
108286,FC2C,FC2C_C7_R,R,acetylcholine,109752,FC2C,FC2C_C9_R,R,1
106495,FC2B,FC2B_C6_R,R,acetylcholine,109752,FC2C,FC2C_C9_R,R,1
64270,FC2C,FC2C_C8_L,L,acetylcholine,109752,FC2C,FC2C_C9_R,R,1
532704,FC2A,FC2A_C1_R,R,acetylcholine,131273,FC2A,FC2A_C5_R,R,1
519358,FC2B,FC2B_C4_R,R,acetylcholine,131273,FC2A,FC2A_C5_R,R,1
107690,FC2B,FC2B_C4_L,L,acetylcholine,131273,FC2A,FC2A_C5_R,R,1
82293,FC2B,FC2B_C5_L,L,acetylcholine,131273,FC2A,FC2A_C5_R,R,1
44554,FC2B,FC2B_C8_R,R,acetylcholine,131273,FC2A,FC2A_C5_R,R,1
39538,FC2A,FC2A_C6_R,R,acetylcholine,131273,FC2A,FC2A_C5_R,R,1
36201,FC2A,FC2A_C4_L,L,acetylcholine,131273,FC2A,FC2A_C5_R,R,1
537128,FC2C,FC2C_C1_L,L,acetylcholine,91537,FC2C,FC2C_C5_L,L,1
132482,FC2C,FC2C_C9_L,L,acetylcholine,91537,FC2C,FC2C_C5_L,L,1
115674,FC2C,FC2C_C4_R,R,acetylcholine,91537,FC2C,FC2C_C5_L,L,1
96384,FC2B,FC2B_C5_R,R,acetylcholine,91537,FC2C,FC2C_C5_L,L,1
82293,FC2B,FC2B_C5_L,L,acetylcholine,91537,FC2C,FC2C_C5_L,L,1
68579,FC2C,FC2C_C5_R,R,acetylcholine,91537,FC2C,FC2C_C5_L,L,1
50885,FC2C,FC2C_C2_L,L,acetylcholine,91537,FC2C,FC2C_C5_L,L,1
556346,EPG,EPG(PB08)_L6,L,acetylcholine,15851,Delta7,Delta7(PB15)_L6R4_L,L,1
84758,EPG,EPG(PB08)_L7,L,acetylcholine,15851,Delta7,Delta7(PB15)_L6R4_L,L,1
17024,Delta7,Delta7(PB15)_L5R4_L,L,glutamate,15851,Delta7,Delta7(PB15)_L6R4_L,L,1
12449,EPG,EPG(PB08)_L5,L,acetylcholine,15851,Delta7,Delta7(PB15)_L6R4_L,L,1
11987,EPG,EPG(PB08)_R5,R,acetylcholine,15851,Delta7,Delta7(PB15)_L6R4_L,L,1
23159,PFL3,PFL3(PB12c)_R4_C4,R,acetylcholine,522853,PFL2,PFL2(PB12b)_R2_C4,R,1
18327,PFL3,PFL3(PB12c)_R2_C6,R,acetylcholine,522853,PFL2,PFL2(PB12b)_R2_C4,R,1
551404,FC2C,FC2C_C6_L,L,acetylcholine,67741,FC2B,FC2B_C6_R,R,1
534662,FC2C,FC2C_C8_R,R,acetylcholine,67741,FC2B,FC2B_C6_R,R,1
515233,FC2B,FC2B_C2_R,R,acetylcholine,67741,FC2B,FC2B_C6_R,R,1
108286,FC2C,FC2C_C7_R,R,acetylcholine,67741,FC2B,FC2B_C6_R,R,1
96384,FC2B,FC2B_C5_R,R,acetylcholine,67741,FC2B,FC2B_C6_R,R,1
91537,FC2C,FC2C_C5_L,L,acetylcholine,67741,FC2B,FC2B_C6_R,R,1
56382,FC2A,FC2A_C6_L,L,acetylcholine,67741,FC2B,FC2B_C6_R,R,1
55415,FC2B,FC2B_C1_R,R,acetylcholine,67741,FC2B,FC2B_C6_R,R,1
44554,FC2B,FC2B_C8_R,R,acetylcholine,67741,FC2B,FC2B_C6_R,R,1
33382,FC2A,FC2A_C8_R,R,acetylcholine,67741,FC2B,FC2B_C6_R,R,1
29836,PFL3,PFL3(PB12c)_L4_C6,L,acetylcholine,67741,FC2B,FC2B_C6_R,R,1
533725,Delta7,Delta7(PB15)_L8R1R9_L,L,glutamate,15713,EPG,EPG(PB08)_L6,L,1
521813,EPG,EPG(PB08)_L2,L,acetylcholine,15713,EPG,EPG(PB08)_L6,L,1
13217,EPG,EPG(PB08)_L8,L,acetylcholine,15713,EPG,EPG(PB08)_L6,L,1
11874,EPG,EPG(PB08)_L7,L,acetylcholine,15713,EPG,EPG(PB08)_L6,L,1
11307,EPG,EPG(PB08)_L4,L,acetylcholine,15713,EPG,EPG(PB08)_L6,L,1
556346,EPG,EPG(PB08)_L6,L,acetylcholine,521813,EPG,EPG(PB08)_L2,L,1
521409,EPG,EPG(PB08)_L8,L,acetylcholine,521813,EPG,EPG(PB08)_L2,L,1
519941,EPG,EPG(PB08)_L3,L,acetylcholine,521813,EPG,EPG(PB08)_L2,L,1
513517,EPG,EPG(PB08)_L4,L,acetylcholine,521813,EPG,EPG(PB08)_L2,L,1
512514,EPG,EPG(PB08)_L1,L,acetylcholine,521813,EPG,EPG(PB08)_L2,L,1
17024,Delta7,Delta7(PB15)_L5R4_L,L,glutamate,521813,EPG,EPG(PB08)_L2,L,1
16476,Delta7,Delta7(PB15)_L7R2_L,L,glutamate,521813,EPG,EPG(PB08)_L2,L,1
16234,Delta7,Delta7(PB15)_L1L9R8_R,R,glutamate,521813,EPG,EPG(PB08)_L2,L,1
14727,EPG,EPG(PB08)_L7,L,acetylcholine,521813,EPG,EPG(PB08)_L2,L,1
13217,EPG,EPG(PB08)_L8,L,acetylcholine,521813,EPG,EPG(PB08)_L2,L,1
11874,EPG,EPG(PB08)_L7,L,acetylcholine,521813,EPG,EPG(PB08)_L2,L,1
568155,Delta7,Delta7(PB15)_L8R1R9_L,L,glutamate,19125,EPG,EPG(PB08)_R5,R,1
513520,EPG,EPG(PB08)_R6,R,acetylcholine,19125,EPG,EPG(PB08)_R5,R,1
512305,EPG,EPG(PB08)_R8,R,acetylcholine,19125,EPG,EPG(PB08)_R5,R,1
16553,Delta7,Delta7(PB15)_L5R4_L,L,glutamate,19125,EPG,EPG(PB08)_R5,R,1
16360,EPG,EPG(PB08)_L6,L,acetylcholine,19125,EPG,EPG(PB08)_R5,R,1
15713,EPG,EPG(PB08)_L6,L,acetylcholine,19125,EPG,EPG(PB08)_R5,R,1
15654,Delta7,Delta7(PB15)_L8R1R9_L,L,glutamate,19125,EPG,EPG(PB08)_R5,R,1
524073,EPG,EPG(PB08)_L2,L,acetylcholine,131313,EPG,EPG(PB08)_R6,R,1
518378,PFL3,PFL3(PB12c)_R5_C3,R,acetylcholine,131313,EPG,EPG(PB08)_R6,R,1
514126,EPG,EPG(PB08)_R5,R,acetylcholine,131313,EPG,EPG(PB08)_R6,R,1
513463,EPG,EPG(PB08)_R2,R,acetylcholine,131313,EPG,EPG(PB08)_R6,R,1
513464,EPG,EPG(PB08)_R8,R,acetylcholine,131313,EPG,EPG(PB08)_R6,R,1
512305,EPG,EPG(PB08)_R8,R,acetylcholine,131313,EPG,EPG(PB08)_R6,R,1
434891,Delta7,Delta7(PB15)_L3R7_R,R,glutamate,131313,EPG,EPG(PB08)_R6,R,1
19125,EPG,EPG(PB08)_R5,R,acetylcholine,131313,EPG,EPG(PB08)_R6,R,1
17143,Delta7,Delta7(PB15)_L2R7_R,R,glutamate,131313,EPG,EPG(PB08)_R6,R,1
11503,EPG,EPG(PB08)_R8,R,acetylcholine,131313,EPG,EPG(PB08)_R6,R,1
522853,PFL2,PFL2(PB12b)_R2_C4,R,acetylcholine,18327,PFL3,PFL3(PB12c)_R2_C6,R,1
520573,PFL2,PFL2(PB12b)_R5_C1,R,acetylcholine,18327,PFL3,PFL3(PB12c)_R2_C6,R,1
519332,Delta7,Delta7(PB15)_L2R7_R,R,glutamate,18327,PFL3,PFL3(PB12c)_R2_C6,R,1
513284,EPG,EPG(PB08)_R3,R,acetylcholine,18327,PFL3,PFL3(PB12c)_R2_C6,R,1
82293,FC2B,FC2B_C5_L,L,acetylcholine,18327,PFL3,PFL3(PB12c)_R2_C6,R,1
29836,PFL3,PFL3(PB12c)_L4_C6,L,acetylcholine,18327,PFL3,PFL3(PB12c)_R2_C6,R,1
23159,PFL3,PFL3(PB12c)_R4_C4,R,acetylcholine,18327,PFL3,PFL3(PB12c)_R2_C6,R,1
533725,Delta7,Delta7(PB15)_L8R1R9_L,L,glutamate,19825,EPG,EPG(PB08)_R6,R,1
523032,PFL3,PFL3(PB12c)_L2_C4,L,acetylcholine,19825,EPG,EPG(PB08)_R6,R,1
521813,EPG,EPG(PB08)_L2,L,acetylcholine,19825,EPG,EPG(PB08)_R6,R,1
520812,EPG,EPG(PB08)_R8,R,acetylcholine,19825,EPG,EPG(PB08)_R6,R,1
515961,Delta7,Delta7(PB15)_L6R3_L,L,glutamate,19825,EPG,EPG(PB08)_R6,R,1
513284,EPG,EPG(PB08)_R3,R,acetylcholine,19825,EPG,EPG(PB08)_R6,R,1
512928,EPG,EPG(PB08)_R3,R,acetylcholine,19825,EPG,EPG(PB08)_R6,R,1
512305,EPG,EPG(PB08)_R8,R,acetylcholine,19825,EPG,EPG(PB08)_R6,R,1
241046,FC2B,FC2B_C4_R,R,acetylcholine,19825,EPG,EPG(PB08)_R6,R,1
137990,FC2B,FC2B_C3_L,L,acetylcholine,19825,EPG,EPG(PB08)_R6,R,1
107195,EPG,EPG(PB08)_L5,L,acetylcholine,19825,EPG,EPG(PB08)_R6,R,1
16540,Delta7,Delta7(PB15)_L2R7_R,R,glutamate,19825,EPG,EPG(PB08)_R6,R,1
11503,EPG,EPG(PB08)_R8,R,acetylcholine,19825,EPG,EPG(PB08)_R6,R,1
131313,EPG,EPG(PB08)_R6,R,acetylcholine,16110,Delta7,Delta7(PB15)_L3R6_R,R,1
19825,EPG,EPG(PB08)_R6,R,acetylcholine,16110,Delta7,Delta7(PB15)_L3R6_R,R,1
14507,EPG,EPG(PB08)_R7,R,acetylcholine,16110,Delta7,Delta7(PB15)_L3R6_R,R,1
11307,EPG,EPG(PB08)_L4,L,acetylcholine,16110,Delta7,Delta7(PB15)_L3R6_R,R,1
530445,FC2B,FC2B_C6_L,L,acetylcholine,96384,FC2B,FC2B_C5_R,R,1
529992,FC2C,FC2C_C1_R,R,acetylcholine,96384,FC2B,FC2B_C5_R,R,1
519358,FC2B,FC2B_C4_R,R,acetylcholine,96384,FC2B,FC2B_C5_R,R,1
106495,FC2B,FC2B_C6_R,R,acetylcholine,96384,FC2B,FC2B_C5_R,R,1
101011,FC2C,FC2C_C6_R,R,acetylcholine,96384,FC2B,FC2B_C5_R,R,1
68579,FC2C,FC2C_C5_R,R,acetylcholine,96384,FC2B,FC2B_C5_R,R,1
51782,FC2C,FC2C_C2_R,R,acetylcholine,96384,FC2B,FC2B_C5_R,R,1
36201,FC2A,FC2A_C4_L,L,acetylcholine,96384,FC2B,FC2B_C5_R,R,1
35277,FC2B,FC2B_C8_R,R,acetylcholine,96384,FC2B,FC2B_C5_R,R,1
33382,FC2A,FC2A_C8_R,R,acetylcholine,96384,FC2B,FC2B_C5_R,R,1
551404,FC2C,FC2C_C6_L,L,acetylcholine,115261,FC2C,FC2C_C6_L,L,1
533436,FC2C,FC2C_C7_L,L,acetylcholine,115261,FC2C,FC2C_C6_L,L,1
520811,PFL3,PFL3(PB12c)_R6_C2,R,acetylcholine,115261,FC2C,FC2C_C6_L,L,1
127661,FC2C,FC2C_C6_R,R,acetylcholine,115261,FC2C,FC2C_C6_L,L,1
57603,FC2C,FC2C_C9_L,L,acetylcholine,115261,FC2C,FC2C_C6_L,L,1
50885,FC2C,FC2C_C2_L,L,acetylcholine,115261,FC2C,FC2C_C6_L,L,1
241046,FC2B,FC2B_C4_R,R,acetylcholine,532704,FC2A,FC2A_C1_R,R,1
106495,FC2B,FC2B_C6_R,R,acetylcholine,532704,FC2A,FC2A_C1_R,R,1
513032,PFL3,PFL3(PB12c)_L5_C7,L,acetylcholine,33382,FC2A,FC2A_C8_R,R,1
170539,FC2A,FC2A_C4_R,R,acetylcholine,33382,FC2A,FC2A_C8_R,R,1
122167,FC2C,FC2C_C7_R,R,acetylcholine,33382,FC2A,FC2A_C8_R,R,1
97443,FC2B,FC2B_C8_L,L,acetylcholine,33382,FC2A,FC2A_C8_R,R,1
67361,FC2B,FC2B_C2_R,R,acetylcholine,33382,FC2A,FC2A_C8_R,R,1
50431,FC2C,FC2C_C8_R,R,acetylcholine,33382,FC2A,FC2A_C8_R,R,1
41559,FC2A,FC2A_C9_L,L,acetylcholine,33382,FC2A,FC2A_C8_R,R,1
550660,FC2C,FC2C_C7_R,R,acetylcholine,519358,FC2B,FC2B_C4_R,R,1
513520,EPG,EPG(PB08)_R6,R,acetylcholine,519358,FC2B,FC2B_C4_R,R,1
140794,FC2C,FC2C_C3_R,R,acetylcholine,519358,FC2B,FC2B_C4_R,R,1
115674,FC2C,FC2C_C4_R,R,acetylcholine,519358,FC2B,FC2B_C4_R,R,1
95713,FC2C,FC2C_C4_L,L,acetylcholine,519358,FC2B,FC2B_C4_R,R,1
87630,FC2B,FC2B_C3_L,L,acetylcholine,519358,FC2B,FC2B_C4_R,R,1
71855,FC2A,FC2A_C3_L,L,acetylcholine,519358,FC2B,FC2B_C4_R,R,1
67741,FC2B,FC2B_C6_R,R,acetylcholine,519358,FC2B,FC2B_C4_R,R,1
66750,FC2C,FC2C_C4_R,R,acetylcholine,519358,FC2B,FC2B_C4_R,R,1
524977,FC2C,FC2C_C3_L,L,acetylcholine,66750,FC2C,FC2C_C4_R,R,1
241046,FC2B,FC2B_C4_R,R,acetylcholine,66750,FC2C,FC2C_C4_R,R,1
236557,FC2C,FC2C_C3_R,R,acetylcholine,66750,FC2C,FC2C_C4_R,R,1
139763,FC2C,FC2C_C2_R,R,acetylcholine,66750,FC2C,FC2C_C4_R,R,1
127661,FC2C,FC2C_C6_R,R,acetylcholine,66750,FC2C,FC2C_C4_R,R,1
108286,FC2C,FC2C_C7_R,R,acetylcholine,66750,FC2C,FC2C_C4_R,R,1
106495,FC2B,FC2B_C6_R,R,acetylcholine,66750,FC2C,FC2C_C4_R,R,1
95713,FC2C,FC2C_C4_L,L,acetylcholine,66750,FC2C,FC2C_C4_R,R,1
68579,FC2C,FC2C_C5_R,R,acetylcholine,66750,FC2C,FC2C_C4_R,R,1
60670,FC2C,FC2C_C1_R,R,acetylcholine,66750,FC2C,FC2C_C4_R,R,1
521813,EPG,EPG(PB08)_L2,L,acetylcholine,15654,Delta7,Delta7(PB15)_L8R1R9_L,L,1
512928,EPG,EPG(PB08)_R3,R,acetylcholine,15654,Delta7,Delta7(PB15)_L8R1R9_L,L,1
512514,EPG,EPG(PB08)_L1,L,acetylcholine,15654,Delta7,Delta7(PB15)_L8R1R9_L,L,1
15616,EPG,EPG(PB08)_R3,R,acetylcholine,15654,Delta7,Delta7(PB15)_L8R1R9_L,L,1
10539,EPG,EPG(PB08)_R2,R,acetylcholine,15654,Delta7,Delta7(PB15)_L8R1R9_L,L,1
537128,FC2C,FC2C_C1_L,L,acetylcholine,119819,FC2C,FC2C_C8_L,L,1
529266,FC2C,FC2C_C2_L,L,acetylcholine,119819,FC2C,FC2C_C8_L,L,1
132482,FC2C,FC2C_C9_L,L,acetylcholine,119819,FC2C,FC2C_C8_L,L,1
115261,FC2C,FC2C_C6_L,L,acetylcholine,119819,FC2C,FC2C_C8_L,L,1
97443,FC2B,FC2B_C8_L,L,acetylcholine,119819,FC2C,FC2C_C8_L,L,1
64270,FC2C,FC2C_C8_L,L,acetylcholine,119819,FC2C,FC2C_C8_L,L,1
50461,FC2B,FC2B_C9_R,R,acetylcholine,119819,FC2C,FC2C_C8_L,L,1
50431,FC2C,FC2C_C8_R,R,acetylcholine,119819,FC2C,FC2C_C8_L,L,1
568155,Delta7,Delta7(PB15)_L8R1R9_L,L,glutamate,518375,PFL2,PFL2(PB12b)_R3_C3,R,1
513266,PFL3,PFL3(PB12c)_R3_C5,R,acetylcholine,518375,PFL2,PFL2(PB12b)_R3_C3,R,1
115674,FC2C,FC2C_C4_R,R,acetylcholine,518375,PFL2,PFL2(PB12b)_R3_C3,R,1
523032,PFL3,PFL3(PB12c)_L2_C4,L,acetylcholine,519346,PFL3,PFL3(PB12c)_L7_C9,L,1
515961,Delta7,Delta7(PB15)_L6R3_L,L,glutamate,519346,PFL3,PFL3(PB12c)_L7_C9,L,1
513033,EPG,EPG(PB08)_L8,L,acetylcholine,519346,PFL3,PFL3(PB12c)_L7_C9,L,1
513032,PFL3,PFL3(PB12c)_L5_C7,L,acetylcholine,519346,PFL3,PFL3(PB12c)_L7_C9,L,1
18823,Delta7,Delta7(PB15)_L4R5_R,R,glutamate,519346,PFL3,PFL3(PB12c)_L7_C9,L,1
17290,PFL3,PFL3(PB12c)_L6_C8,L,acetylcholine,519346,PFL3,PFL3(PB12c)_L7_C9,L,1
16180,Delta7,Delta7(PB15)_L3R6_R,R,glutamate,519346,PFL3,PFL3(PB12c)_L7_C9,L,1
15713,EPG,EPG(PB08)_L6,L,acetylcholine,519346,PFL3,PFL3(PB12c)_L7_C9,L,1
15654,Delta7,Delta7(PB15)_L8R1R9_L,L,glutamate,519346,PFL3,PFL3(PB12c)_L7_C9,L,1
14729,PFL2,PFL2(PB12b)_R1_C5,R,acetylcholine,519346,PFL3,PFL3(PB12c)_L7_C9,L,1
550660,FC2C,FC2C_C7_R,R,acetylcholine,241046,FC2B,FC2B_C4_R,R,1
515233,FC2B,FC2B_C2_R,R,acetylcholine,241046,FC2B,FC2B_C4_R,R,1
140794,FC2C,FC2C_C3_R,R,acetylcholine,241046,FC2B,FC2B_C4_R,R,1
115674,FC2C,FC2C_C4_R,R,acetylcholine,241046,FC2B,FC2B_C4_R,R,1
107690,FC2B,FC2B_C4_L,L,acetylcholine,241046,FC2B,FC2B_C4_R,R,1
106495,FC2B,FC2B_C6_R,R,acetylcholine,241046,FC2B,FC2B_C4_R,R,1
87630,FC2B,FC2B_C3_L,L,acetylcholine,241046,FC2B,FC2B_C4_R,R,1
39538,FC2A,FC2A_C6_R,R,acetylcholine,241046,FC2B,FC2B_C4_R,R,1
533725,Delta7,Delta7(PB15)_L8R1R9_L,L,glutamate,108478,PFL3,PFL3(PB12c)_L1_C3,L,1
532704,FC2A,FC2A_C1_R,R,acetylcholine,108478,PFL3,PFL3(PB12c)_L1_C3,L,1
519358,FC2B,FC2B_C4_R,R,acetylcholine,108478,PFL3,PFL3(PB12c)_L1_C3,L,1
46169,FC2A,FC2A_C1_L,L,acetylcholine,108478,PFL3,PFL3(PB12c)_L1_C3,L,1
17290,PFL3,PFL3(PB12c)_L6_C8,L,acetylcholine,108478,PFL3,PFL3(PB12c)_L1_C3,L,1
15654,Delta7,Delta7(PB15)_L8R1R9_L,L,glutamate,108478,PFL3,PFL3(PB12c)_L1_C3,L,1
14806,Delta7,Delta7(PB15)_L8R1R9_L,L,glutamate,108478,PFL3,PFL3(PB12c)_L1_C3,L,1
531073,FC2C,FC2C_C9_R,R,acetylcholine,112888,FC2C,FC2C_C8_L,L,1
513033,EPG,EPG(PB08)_L8,L,acetylcholine,112888,FC2C,FC2C_C8_L,L,1
132482,FC2C,FC2C_C9_L,L,acetylcholine,112888,FC2C,FC2C_C8_L,L,1
79204,FC2C,FC2C_C3_L,L,acetylcholine,112888,FC2C,FC2C_C8_L,L,1
64270,FC2C,FC2C_C8_L,L,acetylcholine,112888,FC2C,FC2C_C8_L,L,1
57603,FC2C,FC2C_C9_L,L,acetylcholine,112888,FC2C,FC2C_C8_L,L,1
56905,FC2C,FC2C_C9_L,L,acetylcholine,112888,FC2C,FC2C_C8_L,L,1
44554,FC2B,FC2B_C8_R,R,acetylcholine,112888,FC2C,FC2C_C8_L,L,1
41941,FC2C,FC2C_C4_L,L,acetylcholine,112888,FC2C,FC2C_C8_L,L,1
518606,FC2A,FC2A_C8_L,L,acetylcholine,56905,FC2C,FC2C_C9_L,L,1
132482,FC2C,FC2C_C9_L,L,acetylcholine,56905,FC2C,FC2C_C9_L,L,1
112888,FC2C,FC2C_C8_L,L,acetylcholine,56905,FC2C,FC2C_C9_L,L,1
107690,FC2B,FC2B_C4_L,L,acetylcholine,56905,FC2C,FC2C_C9_L,L,1
74326,FC2B,FC2B_C8_L,L,acetylcholine,56905,FC2C,FC2C_C9_L,L,1
55401,FC2A,FC2A_C9_R,R,acetylcholine,56905,FC2C,FC2C_C9_L,L,1
41559,FC2A,FC2A_C9_L,L,acetylcholine,56905,FC2C,FC2C_C9_L,L,1
13217,EPG,EPG(PB08)_L8,L,acetylcholine,56905,FC2C,FC2C_C9_L,L,1
524073,EPG,EPG(PB08)_L2,L,acetylcholine,519332,Delta7,Delta7(PB15)_L2R7_R,R,1
521813,EPG,EPG(PB08)_L2,L,acetylcholine,519332,Delta7,Delta7(PB15)_L2R7_R,R,1
512514,EPG,EPG(PB08)_L1,L,acetylcholine,519332,Delta7,Delta7(PB15)_L2R7_R,R,1
14507,EPG,EPG(PB08)_R7,R,acetylcholine,519332,Delta7,Delta7(PB15)_L2R7_R,R,1
11673,PFL2,PFL2(PB12b)_R4_C2,R,acetylcholine,519332,Delta7,Delta7(PB15)_L2R7_R,R,1
520581,EPG,EPG(PB08)_R4,R,acetylcholine,16869,Delta7,Delta7(PB15)_L7R3_L,L,1
513284,EPG,EPG(PB08)_R3,R,acetylcholine,16869,Delta7,Delta7(PB15)_L7R3_L,L,1
513033,EPG,EPG(PB08)_L8,L,acetylcholine,16869,Delta7,Delta7(PB15)_L7R3_L,L,1
17290,PFL3,PFL3(PB12c)_L6_C8,L,acetylcholine,16869,Delta7,Delta7(PB15)_L7R3_L,L,1
12449,EPG,EPG(PB08)_L5,L,acetylcholine,16869,Delta7,Delta7(PB15)_L7R3_L,L,1
11874,EPG,EPG(PB08)_L7,L,acetylcholine,16869,Delta7,Delta7(PB15)_L7R3_L,L,1
55401,FC2A,FC2A_C9_R,R,acetylcholine,513032,PFL3,PFL3(PB12c)_L5_C7,L,1
35322,PFL3,PFL3(PB12c)_R1_C7,R,acetylcholine,513032,PFL3,PFL3(PB12c)_L5_C7,L,1
17286,PFL3,PFL3(PB12c)_R1_C2_irreg,L,acetylcholine,513032,PFL3,PFL3(PB12c)_L5_C7,L,1
13031,PFL2,PFL2(PB12b)_R3_C3,R,acetylcholine,513032,PFL3,PFL3(PB12c)_L5_C7,L,1
550660,FC2C,FC2C_C7_R,R,acetylcholine,140794,FC2C,FC2C_C3_R,R,1
534662,FC2C,FC2C_C8_R,R,acetylcholine,140794,FC2C,FC2C_C3_R,R,1
524977,FC2C,FC2C_C3_L,L,acetylcholine,140794,FC2C,FC2C_C3_R,R,1
519358,FC2B,FC2B_C4_R,R,acetylcholine,140794,FC2C,FC2C_C3_R,R,1
148830,FC2C,FC2C_C5_R,R,acetylcholine,140794,FC2C,FC2C_C3_R,R,1
141430,FC2C,FC2C_C3_R,R,acetylcholine,140794,FC2C,FC2C_C3_R,R,1
139763,FC2C,FC2C_C2_R,R,acetylcholine,140794,FC2C,FC2C_C3_R,R,1
115674,FC2C,FC2C_C4_R,R,acetylcholine,140794,FC2C,FC2C_C3_R,R,1
106495,FC2B,FC2B_C6_R,R,acetylcholine,140794,FC2C,FC2C_C3_R,R,1
101011,FC2C,FC2C_C6_R,R,acetylcholine,140794,FC2C,FC2C_C3_R,R,1
89635,FC2B,FC2B_C3_R,R,acetylcholine,140794,FC2C,FC2C_C3_R,R,1
519140,EPG,EPG(PB08)_L1,L,acetylcholine,568155,Delta7,Delta7(PB15)_L8R1R9_L,L,1
515675,EPG,EPG(PB08)_R1,R,acetylcholine,568155,Delta7,Delta7(PB15)_L8R1R9_L,L,1
513463,EPG,EPG(PB08)_R2,R,acetylcholine,568155,Delta7,Delta7(PB15)_L8R1R9_L,L,1
513284,EPG,EPG(PB08)_R3,R,acetylcholine,568155,Delta7,Delta7(PB15)_L8R1R9_L,L,1
513033,EPG,EPG(PB08)_L8,L,acetylcholine,568155,Delta7,Delta7(PB15)_L8R1R9_L,L,1
512513,EPG,EPG(PB08)_R1,R,acetylcholine,568155,Delta7,Delta7(PB15)_L8R1R9_L,L,1
17753,Delta7,Delta7(PB15)_L7R3_L,L,glutamate,568155,Delta7,Delta7(PB15)_L8R1R9_L,L,1
15616,EPG,EPG(PB08)_R3,R,acetylcholine,568155,Delta7,Delta7(PB15)_L8R1R9_L,L,1
13217,EPG,EPG(PB08)_L8,L,acetylcholine,568155,Delta7,Delta7(PB15)_L8R1R9_L,L,1
519328,EPG,EPG(PB08)_L3,L,acetylcholine,519144,EPG,EPG(PB08)_L8,L,1
513463,EPG,EPG(PB08)_R2,R,acetylcholine,519144,EPG,EPG(PB08)_L8,L,1
513517,EPG,EPG(PB08)_L4,L,acetylcholine,519144,EPG,EPG(PB08)_L8,L,1
512514,EPG,EPG(PB08)_L1,L,acetylcholine,519144,EPG,EPG(PB08)_L8,L,1
84758,EPG,EPG(PB08)_L7,L,acetylcholine,519144,EPG,EPG(PB08)_L8,L,1
17753,Delta7,Delta7(PB15)_L7R3_L,L,glutamate,519144,EPG,EPG(PB08)_L8,L,1
16476,Delta7,Delta7(PB15)_L7R2_L,L,glutamate,519144,EPG,EPG(PB08)_L8,L,1
16412,Delta7,Delta7(PB15)_L7R2_L,L,glutamate,519144,EPG,EPG(PB08)_L8,L,1
16110,Delta7,Delta7(PB15)_L3R6_R,R,glutamate,519144,EPG,EPG(PB08)_L8,L,1
11989,EPG,EPG(PB08)_L5,L,acetylcholine,519144,EPG,EPG(PB08)_L8,L,1
11874,EPG,EPG(PB08)_L7,L,acetylcholine,519144,EPG,EPG(PB08)_L8,L,1
546044,FC2C,FC2C_C3_R,R,acetylcholine,68579,FC2C,FC2C_C5_R,R,1
529992,FC2C,FC2C_C1_R,R,acetylcholine,68579,FC2C,FC2C_C5_R,R,1
153441,FC2C,FC2C_C5_L,L,acetylcholine,68579,FC2C,FC2C_C5_R,R,1
106495,FC2B,FC2B_C6_R,R,acetylcholine,68579,FC2C,FC2C_C5_R,R,1
99820,FC2B,FC2B_C4_L,L,acetylcholine,68579,FC2C,FC2C_C5_R,R,1
89635,FC2B,FC2B_C3_R,R,acetylcholine,68579,FC2C,FC2C_C5_R,R,1
66750,FC2C,FC2C_C4_R,R,acetylcholine,68579,FC2C,FC2C_C5_R,R,1
55415,FC2B,FC2B_C1_R,R,acetylcholine,68579,FC2C,FC2C_C5_R,R,1
51782,FC2C,FC2C_C2_R,R,acetylcholine,68579,FC2C,FC2C_C5_R,R,1
556346,EPG,EPG(PB08)_L6,L,acetylcholine,551404,FC2C,FC2C_C6_L,L,1
550660,FC2C,FC2C_C7_R,R,acetylcholine,551404,FC2C,FC2C_C6_L,L,1
524977,FC2C,FC2C_C3_L,L,acetylcholine,551404,FC2C,FC2C_C6_L,L,1
148830,FC2C,FC2C_C5_R,R,acetylcholine,551404,FC2C,FC2C_C6_L,L,1
132482,FC2C,FC2C_C9_L,L,acetylcholine,551404,FC2C,FC2C_C6_L,L,1
127661,FC2C,FC2C_C6_R,R,acetylcholine,551404,FC2C,FC2C_C6_L,L,1
124562,FC2C,FC2C_C5_L,L,acetylcholine,551404,FC2C,FC2C_C6_L,L,1
122167,FC2C,FC2C_C7_R,R,acetylcholine,551404,FC2C,FC2C_C6_L,L,1
115261,FC2C,FC2C_C6_L,L,acetylcholine,551404,FC2C,FC2C_C6_L,L,1
96384,FC2B,FC2B_C5_R,R,acetylcholine,551404,FC2C,FC2C_C6_L,L,1
95713,FC2C,FC2C_C4_L,L,acetylcholine,551404,FC2C,FC2C_C6_L,L,1
85400,FC2B,FC2B_C7_R,R,acetylcholine,551404,FC2C,FC2C_C6_L,L,1
68502,FC2C,FC2C_C1_L,L,acetylcholine,551404,FC2C,FC2C_C6_L,L,1
56905,FC2C,FC2C_C9_L,L,acetylcholine,551404,FC2C,FC2C_C6_L,L,1
45876,FC2A,FC2A_C7_R,R,acetylcholine,551404,FC2C,FC2C_C6_L,L,1
41941,FC2C,FC2C_C4_L,L,acetylcholine,551404,FC2C,FC2C_C6_L,L,1
519328,EPG,EPG(PB08)_L3,L,acetylcholine,11989,EPG,EPG(PB08)_L5,L,1
515961,Delta7,Delta7(PB15)_L6R3_L,L,glutamate,11989,EPG,EPG(PB08)_L5,L,1
513517,EPG,EPG(PB08)_L4,L,acetylcholine,11989,EPG,EPG(PB08)_L5,L,1
513284,EPG,EPG(PB08)_R3,R,acetylcholine,11989,EPG,EPG(PB08)_L5,L,1
16540,Delta7,Delta7(PB15)_L2R7_R,R,glutamate,11989,EPG,EPG(PB08)_L5,L,1
15399,Delta7,Delta7(PB15)_L1L9R8_R,R,glutamate,11989,EPG,EPG(PB08)_L5,L,1
14727,EPG,EPG(PB08)_L7,L,acetylcholine,11989,EPG,EPG(PB08)_L5,L,1
11184,Delta7,Delta7(PB15)_L1L9R8_R,R,glutamate,11989,EPG,EPG(PB08)_L5,L,1
534662,FC2C,FC2C_C8_R,R,acetylcholine,513034,PFL2,PFL2(PB12b)_L5_C9,L,1
519346,PFL3,PFL3(PB12c)_L7_C9,L,acetylcholine,513034,PFL2,PFL2(PB12b)_L5_C9,L,1
88342,EPG,EPG(PB08)_L3,L,acetylcholine,513034,PFL2,PFL2(PB12b)_L5_C9,L,1
23159,PFL3,PFL3(PB12c)_R4_C4,R,acetylcholine,513034,PFL2,PFL2(PB12b)_L5_C9,L,1
18327,PFL3,PFL3(PB12c)_R2_C6,R,acetylcholine,513034,PFL2,PFL2(PB12b)_L5_C9,L,1
11557,PFL2,PFL2(PB12b)_L3_C7,L,acetylcholine,513034,PFL2,PFL2(PB12b)_L5_C9,L,1
140787,FC2B,FC2B_C1_L,L,acetylcholine,45343,FC2C,FC2C_C7_L,L,1
112888,FC2C,FC2C_C8_L,L,acetylcholine,45343,FC2C,FC2C_C7_L,L,1
107690,FC2B,FC2B_C4_L,L,acetylcholine,45343,FC2C,FC2C_C7_L,L,1
87630,FC2B,FC2B_C3_L,L,acetylcholine,45343,FC2C,FC2C_C7_L,L,1
68502,FC2C,FC2C_C1_L,L,acetylcholine,45343,FC2C,FC2C_C7_L,L,1
68271,FC2B,FC2B_C7_L,L,acetylcholine,45343,FC2C,FC2C_C7_L,L,1
56905,FC2C,FC2C_C9_L,L,acetylcholine,45343,FC2C,FC2C_C7_L,L,1
23159,PFL3,PFL3(PB12c)_R4_C4,R,acetylcholine,45343,FC2C,FC2C_C7_L,L,1
512514,EPG,EPG(PB08)_L1,L,acetylcholine,17286,PFL3,PFL3(PB12c)_R1_C2_irreg,L,1
108478,PFL3,PFL3(PB12c)_L1_C3,L,acetylcholine,17286,PFL3,PFL3(PB12c)_R1_C2_irreg,L,1
27492,PFL2,PFL2(PB12b)_L3_C7,L,acetylcholine,17286,PFL3,PFL3(PB12c)_R1_C2_irreg,L,1
16234,Delta7,Delta7(PB15)_L1L9R8_R,R,glutamate,17286,PFL3,PFL3(PB12c)_R1_C2_irreg,L,1
551404,FC2C,FC2C_C6_L,L,acetylcholine,530445,FC2B,FC2B_C6_L,L,1
518606,FC2A,FC2A_C8_L,L,acetylcholine,530445,FC2B,FC2B_C6_L,L,1
140787,FC2B,FC2B_C1_L,L,acetylcholine,530445,FC2B,FC2B_C6_L,L,1
137299,FC2A,FC2A_C5_L,L,acetylcholine,530445,FC2B,FC2B_C6_L,L,1
119544,FC2C,FC2C_C6_L,L,acetylcholine,530445,FC2B,FC2B_C6_L,L,1
107690,FC2B,FC2B_C4_L,L,acetylcholine,530445,FC2B,FC2B_C6_L,L,1
97443,FC2B,FC2B_C8_L,L,acetylcholine,530445,FC2B,FC2B_C6_L,L,1
96384,FC2B,FC2B_C5_R,R,acetylcholine,530445,FC2B,FC2B_C6_L,L,1
95713,FC2C,FC2C_C4_L,L,acetylcholine,530445,FC2B,FC2B_C6_L,L,1
87630,FC2B,FC2B_C3_L,L,acetylcholine,530445,FC2B,FC2B_C6_L,L,1
74326,FC2B,FC2B_C8_L,L,acetylcholine,530445,FC2B,FC2B_C6_L,L,1
71855,FC2A,FC2A_C3_L,L,acetylcholine,530445,FC2B,FC2B_C6_L,L,1
57603,FC2C,FC2C_C9_L,L,acetylcholine,530445,FC2B,FC2B_C6_L,L,1
50885,FC2C,FC2C_C2_L,L,acetylcholine,530445,FC2B,FC2B_C6_L,L,1
46169,FC2A,FC2A_C1_L,L,acetylcholine,530445,FC2B,FC2B_C6_L,L,1
40179,FC2A,FC2A_C7_L,L,acetylcholine,530445,FC2B,FC2B_C6_L,L,1
39538,FC2A,FC2A_C6_R,R,acetylcholine,530445,FC2B,FC2B_C6_L,L,1
29674,FC2A,FC2A_C2_L,L,acetylcholine,530445,FC2B,FC2B_C6_L,L,1
523786,EPG,EPG(PB08)_R4,R,acetylcholine,512928,EPG,EPG(PB08)_R3,R,1
513464,EPG,EPG(PB08)_R8,R,acetylcholine,512928,EPG,EPG(PB08)_R3,R,1
513033,EPG,EPG(PB08)_L8,L,acetylcholine,512928,EPG,EPG(PB08)_R3,R,1
88342,EPG,EPG(PB08)_L3,L,acetylcholine,512928,EPG,EPG(PB08)_R3,R,1
19825,EPG,EPG(PB08)_R6,R,acetylcholine,512928,EPG,EPG(PB08)_R3,R,1
18639,Delta7,Delta7(PB15)_L7R2_L,L,glutamate,512928,EPG,EPG(PB08)_R3,R,1
18327,PFL3,PFL3(PB12c)_R2_C6,R,acetylcholine,512928,EPG,EPG(PB08)_R3,R,1
16476,Delta7,Delta7(PB15)_L7R2_L,L,glutamate,512928,EPG,EPG(PB08)_R3,R,1
14507,EPG,EPG(PB08)_R7,R,acetylcholine,512928,EPG,EPG(PB08)_R3,R,1
13217,EPG,EPG(PB08)_L8,L,acetylcholine,512928,EPG,EPG(PB08)_R3,R,1
16110,Delta7,Delta7(PB15)_L3R6_R,R,glutamate,13490,PFL2,PFL2(PB12b)_L1_C5,L,1
519941,EPG,EPG(PB08)_L3,L,acetylcholine,19009,PFL3,PFL3(PB12c)_L2_C9_irreg,R,1
518378,PFL3,PFL3(PB12c)_R5_C3,R,acetylcholine,19009,PFL3,PFL3(PB12c)_L2_C9_irreg,R,1
26488,PFL3,PFL3(PB12c)_R5_C3,R,acetylcholine,19009,PFL3,PFL3(PB12c)_L2_C9_irreg,R,1
13217,EPG,EPG(PB08)_L8,L,acetylcholine,19009,PFL3,PFL3(PB12c)_L2_C9_irreg,R,1
532704,FC2A,FC2A_C1_R,R,acetylcholine,55415,FC2B,FC2B_C1_R,R,1
529992,FC2C,FC2C_C1_R,R,acetylcholine,55415,FC2B,FC2B_C1_R,R,1
515233,FC2B,FC2B_C2_R,R,acetylcholine,55415,FC2B,FC2B_C1_R,R,1
68579,FC2C,FC2C_C5_R,R,acetylcholine,55415,FC2B,FC2B_C1_R,R,1
34203,FC2B,FC2B_C1_R,R,acetylcholine,55415,FC2B,FC2B_C1_R,R,1
236557,FC2C,FC2C_C3_R,R,acetylcholine,79204,FC2C,FC2C_C3_L,L,1
141430,FC2C,FC2C_C3_R,R,acetylcholine,79204,FC2C,FC2C_C3_L,L,1
124562,FC2C,FC2C_C5_L,L,acetylcholine,79204,FC2C,FC2C_C3_L,L,1
119819,FC2C,FC2C_C8_L,L,acetylcholine,79204,FC2C,FC2C_C3_L,L,1
89635,FC2B,FC2B_C3_R,R,acetylcholine,79204,FC2C,FC2C_C3_L,L,1
87630,FC2B,FC2B_C3_L,L,acetylcholine,79204,FC2C,FC2C_C3_L,L,1
68502,FC2C,FC2C_C1_L,L,acetylcholine,79204,FC2C,FC2C_C3_L,L,1
520812,EPG,EPG(PB08)_R8,R,acetylcholine,15837,Delta7,Delta7(PB15)_L1L9R8_R,R,1
515675,EPG,EPG(PB08)_R1,R,acetylcholine,15837,Delta7,Delta7(PB15)_L1L9R8_R,R,1
513463,EPG,EPG(PB08)_R2,R,acetylcholine,15837,Delta7,Delta7(PB15)_L1L9R8_R,R,1
10539,EPG,EPG(PB08)_R2,R,acetylcholine,15837,Delta7,Delta7(PB15)_L1L9R8_R,R,1
556347,EPG,EPG(PB08)_R4,R,acetylcholine,15398,Delta7,Delta7(PB15)_L4R5_R,R,1
519328,EPG,EPG(PB08)_L3,L,acetylcholine,15398,Delta7,Delta7(PB15)_L4R5_R,R,1
514126,EPG,EPG(PB08)_R5,R,acetylcholine,15398,Delta7,Delta7(PB15)_L4R5_R,R,1
131313,EPG,EPG(PB08)_R6,R,acetylcholine,15398,Delta7,Delta7(PB15)_L4R5_R,R,1
88342,EPG,EPG(PB08)_L3,L,acetylcholine,15398,Delta7,Delta7(PB15)_L4R5_R,R,1
556347,EPG,EPG(PB08)_R4,R,acetylcholine,17024,Delta7,Delta7(PB15)_L5R4_L,L,1
520818,EPG,EPG(PB08)_L4,L,acetylcholine,17024,Delta7,Delta7(PB15)_L5R4_L,L,1
520581,EPG,EPG(PB08)_R4,R,acetylcholine,17024,Delta7,Delta7(PB15)_L5R4_L,L,1
107195,EPG,EPG(PB08)_L5,L,acetylcholine,17024,Delta7,Delta7(PB15)_L5R4_L,L,1
84758,EPG,EPG(PB08)_L7,L,acetylcholine,17024,Delta7,Delta7(PB15)_L5R4_L,L,1
15713,EPG,EPG(PB08)_L6,L,acetylcholine,17024,Delta7,Delta7(PB15)_L5R4_L,L,1
12449,EPG,EPG(PB08)_L5,L,acetylcholine,17024,Delta7,Delta7(PB15)_L5R4_L,L,1
11987,EPG,EPG(PB08)_R5,R,acetylcholine,17024,Delta7,Delta7(PB15)_L5R4_L,L,1
11307,EPG,EPG(PB08)_L4,L,acetylcholine,17024,Delta7,Delta7(PB15)_L5R4_L,L,1
533725,Delta7,Delta7(PB15)_L8R1R9_L,L,glutamate,12449,EPG,EPG(PB08)_L5,L,1
519328,EPG,EPG(PB08)_L3,L,acetylcholine,12449,EPG,EPG(PB08)_L5,L,1
519140,EPG,EPG(PB08)_L1,L,acetylcholine,12449,EPG,EPG(PB08)_L5,L,1
513517,EPG,EPG(PB08)_L4,L,acetylcholine,12449,EPG,EPG(PB08)_L5,L,1
512514,EPG,EPG(PB08)_L1,L,acetylcholine,12449,EPG,EPG(PB08)_L5,L,1
153441,FC2C,FC2C_C5_L,L,acetylcholine,12449,EPG,EPG(PB08)_L5,L,1
148830,FC2C,FC2C_C5_R,R,acetylcholine,12449,EPG,EPG(PB08)_L5,L,1
88342,EPG,EPG(PB08)_L3,L,acetylcholine,12449,EPG,EPG(PB08)_L5,L,1
82293,FC2B,FC2B_C5_L,L,acetylcholine,12449,EPG,EPG(PB08)_L5,L,1
19825,EPG,EPG(PB08)_R6,R,acetylcholine,12449,EPG,EPG(PB08)_L5,L,1
15904,Delta7,Delta7(PB15)_L4R5_R,R,glutamate,12449,EPG,EPG(PB08)_L5,L,1
522853,PFL2,PFL2(PB12b)_R2_C4,R,acetylcholine,23159,PFL3,PFL3(PB12c)_R4_C4,R,1
520573,PFL2,PFL2(PB12b)_R5_C1,R,acetylcholine,23159,PFL3,PFL3(PB12c)_R4_C4,R,1
103466,FC2B,FC2B_C2_L,L,acetylcholine,23159,PFL3,PFL3(PB12c)_R4_C4,R,1
96384,FC2B,FC2B_C5_R,R,acetylcholine,23159,PFL3,PFL3(PB12c)_R4_C4,R,1
82293,FC2B,FC2B_C5_L,L,acetylcholine,23159,PFL3,PFL3(PB12c)_R4_C4,R,1
35322,PFL3,PFL3(PB12c)_R1_C7,R,acetylcholine,23159,PFL3,PFL3(PB12c)_R4_C4,R,1
26488,PFL3,PFL3(PB12c)_R5_C3,R,acetylcholine,23159,PFL3,PFL3(PB12c)_R4_C4,R,1
19125,EPG,EPG(PB08)_R5,R,acetylcholine,23159,PFL3,PFL3(PB12c)_R4_C4,R,1
15616,EPG,EPG(PB08)_R3,R,acetylcholine,23159,PFL3,PFL3(PB12c)_R4_C4,R,1
15398,Delta7,Delta7(PB15)_L4R5_R,R,glutamate,23159,PFL3,PFL3(PB12c)_R4_C4,R,1
11307,EPG,EPG(PB08)_L4,L,acetylcholine,23159,PFL3,PFL3(PB12c)_R4_C4,R,1
530445,FC2B,FC2B_C6_L,L,acetylcholine,35277,FC2B,FC2B_C8_R,R,1
526406,FC2A,FC2A_C2_R,R,acetylcholine,35277,FC2B,FC2B_C8_R,R,1
519358,FC2B,FC2B_C4_R,R,acetylcholine,35277,FC2B,FC2B_C8_R,R,1
241046,FC2B,FC2B_C4_R,R,acetylcholine,35277,FC2B,FC2B_C8_R,R,1
68271,FC2B,FC2B_C7_L,L,acetylcholine,35277,FC2B,FC2B_C8_R,R,1
50461,FC2B,FC2B_C9_R,R,acetylcholine,35277,FC2B,FC2B_C8_R,R,1
50431,FC2C,FC2C_C8_R,R,acetylcholine,35277,FC2B,FC2B_C8_R,R,1
33382,FC2A,FC2A_C8_R,R,acetylcholine,35277,FC2B,FC2B_C8_R,R,1
530445,FC2B,FC2B_C6_L,L,acetylcholine,82293,FC2B,FC2B_C5_L,L,1
148830,FC2C,FC2C_C5_R,R,acetylcholine,82293,FC2B,FC2B_C5_L,L,1
97443,FC2B,FC2B_C8_L,L,acetylcholine,82293,FC2B,FC2B_C5_L,L,1
96384,FC2B,FC2B_C5_R,R,acetylcholine,82293,FC2B,FC2B_C5_L,L,1
87630,FC2B,FC2B_C3_L,L,acetylcholine,82293,FC2B,FC2B_C5_L,L,1
68271,FC2B,FC2B_C7_L,L,acetylcholine,82293,FC2B,FC2B_C5_L,L,1
46169,FC2A,FC2A_C1_L,L,acetylcholine,82293,FC2B,FC2B_C5_L,L,1
33356,FC2B,FC2B_C2_L,L,acetylcholine,82293,FC2B,FC2B_C5_L,L,1
519358,FC2B,FC2B_C4_R,R,acetylcholine,67361,FC2B,FC2B_C2_R,R,1
151739,FC2C,FC2C_C2_R,R,acetylcholine,67361,FC2B,FC2B_C2_R,R,1
139763,FC2C,FC2C_C2_R,R,acetylcholine,67361,FC2B,FC2B_C2_R,R,1
33356,FC2B,FC2B_C2_L,L,acetylcholine,67361,FC2B,FC2B_C2_R,R,1
137990,FC2B,FC2B_C3_L,L,acetylcholine,560327,FC2A,FC2A_C3_R,R,1
103466,FC2B,FC2B_C2_L,L,acetylcholine,560327,FC2A,FC2A_C3_R,R,1
87630,FC2B,FC2B_C3_L,L,acetylcholine,560327,FC2A,FC2A_C3_R,R,1
36201,FC2A,FC2A_C4_L,L,acetylcholine,560327,FC2A,FC2A_C3_R,R,1
33382,FC2A,FC2A_C8_R,R,acetylcholine,560327,FC2A,FC2A_C3_R,R,1
13031,PFL2,PFL2(PB12b)_R3_C3,R,acetylcholine,560327,FC2A,FC2A_C3_R,R,1
530445,FC2B,FC2B_C6_L,L,acetylcholine,87630,FC2B,FC2B_C3_L,L,1
524977,FC2C,FC2C_C3_L,L,acetylcholine,87630,FC2B,FC2B_C3_L,L,1
241046,FC2B,FC2B_C4_R,R,acetylcholine,87630,FC2B,FC2B_C3_L,L,1
140794,FC2C,FC2C_C3_R,R,acetylcholine,87630,FC2B,FC2B_C3_L,L,1
137990,FC2B,FC2B_C3_L,L,acetylcholine,87630,FC2B,FC2B_C3_L,L,1
122334,FC2C,FC2C_C7_L,L,acetylcholine,87630,FC2B,FC2B_C3_L,L,1
115261,FC2C,FC2C_C6_L,L,acetylcholine,87630,FC2B,FC2B_C3_L,L,1
97443,FC2B,FC2B_C8_L,L,acetylcholine,87630,FC2B,FC2B_C3_L,L,1
96384,FC2B,FC2B_C5_R,R,acetylcholine,87630,FC2B,FC2B_C3_L,L,1
89635,FC2B,FC2B_C3_R,R,acetylcholine,87630,FC2B,FC2B_C3_L,L,1
68502,FC2C,FC2C_C1_L,L,acetylcholine,87630,FC2B,FC2B_C3_L,L,1
68271,FC2B,FC2B_C7_L,L,acetylcholine,87630,FC2B,FC2B_C3_L,L,1
41559,FC2A,FC2A_C9_L,L,acetylcholine,87630,FC2B,FC2B_C3_L,L,1
36201,FC2A,FC2A_C4_L,L,acetylcholine,87630,FC2B,FC2B_C3_L,L,1
560327,FC2A,FC2A_C3_R,R,acetylcholine,45876,FC2A,FC2A_C7_R,R,1
67741,FC2B,FC2B_C6_R,R,acetylcholine,45876,FC2A,FC2A_C7_R,R,1
35322,PFL3,PFL3(PB12c)_R1_C7,R,acetylcholine,45876,FC2A,FC2A_C7_R,R,1
33382,FC2A,FC2A_C8_R,R,acetylcholine,45876,FC2A,FC2A_C7_R,R,1
530071,PFL3,PFL3(PB12c)_L3_C5,L,acetylcholine,519351,PFL3,PFL3(PB12c)_L4_C5,L,1
99820,FC2B,FC2B_C4_L,L,acetylcholine,519351,PFL3,PFL3(PB12c)_L4_C5,L,1
26038,PFL3,PFL3(PB12c)_L5_C7,L,acetylcholine,519351,PFL3,PFL3(PB12c)_L4_C5,L,1
19715,PFL2,PFL2(PB12b)_L4_C8,L,acetylcholine,519351,PFL3,PFL3(PB12c)_L4_C5,L,1
550660,FC2C,FC2C_C7_R,R,acetylcholine,101011,FC2C,FC2C_C6_R,R,1
241046,FC2B,FC2B_C4_R,R,acetylcholine,101011,FC2C,FC2C_C6_R,R,1
108286,FC2C,FC2C_C7_R,R,acetylcholine,101011,FC2C,FC2C_C6_R,R,1
96384,FC2B,FC2B_C5_R,R,acetylcholine,101011,FC2C,FC2C_C6_R,R,1
512928,EPG,EPG(PB08)_R3,R,acetylcholine,515294,Delta7,Delta7(PB15)_L5R4_L,L,1
84758,EPG,EPG(PB08)_L7,L,acetylcholine,515294,Delta7,Delta7(PB15)_L5R4_L,L,1
518606,FC2A,FC2A_C8_L,L,acetylcholine,137299,FC2A,FC2A_C5_L,L,1
149740,FC2B,FC2B_C9_L,L,acetylcholine,137299,FC2A,FC2A_C5_L,L,1
124562,FC2C,FC2C_C5_L,L,acetylcholine,137299,FC2A,FC2A_C5_L,L,1
101011,FC2C,FC2C_C6_R,R,acetylcholine,137299,FC2A,FC2A_C5_L,L,1
87630,FC2B,FC2B_C3_L,L,acetylcholine,137299,FC2A,FC2A_C5_L,L,1
71855,FC2A,FC2A_C3_L,L,acetylcholine,137299,FC2A,FC2A_C5_L,L,1
39538,FC2A,FC2A_C6_R,R,acetylcholine,137299,FC2A,FC2A_C5_L,L,1
29674,FC2A,FC2A_C2_L,L,acetylcholine,137299,FC2A,FC2A_C5_L,L,1
13490,PFL2,PFL2(PB12b)_L1_C5,L,acetylcholine,137299,FC2A,FC2A_C5_L,L,1
520812,EPG,EPG(PB08)_R8,R,acetylcholine,11184,Delta7,Delta7(PB15)_L1L9R8_R,R,1
513033,EPG,EPG(PB08)_L8,L,acetylcholine,11184,Delta7,Delta7(PB15)_L1L9R8_R,R,1
512514,EPG,EPG(PB08)_L1,L,acetylcholine,11184,Delta7,Delta7(PB15)_L1L9R8_R,R,1
14507,EPG,EPG(PB08)_R7,R,acetylcholine,11184,Delta7,Delta7(PB15)_L1L9R8_R,R,1
546044,FC2C,FC2C_C3_R,R,acetylcholine,137990,FC2B,FC2B_C3_L,L,1
524977,FC2C,FC2C_C3_L,L,acetylcholine,137990,FC2B,FC2B_C3_L,L,1
141430,FC2C,FC2C_C3_R,R,acetylcholine,137990,FC2B,FC2B_C3_L,L,1
112888,FC2C,FC2C_C8_L,L,acetylcholine,137990,FC2B,FC2B_C3_L,L,1
99820,FC2B,FC2B_C4_L,L,acetylcholine,137990,FC2B,FC2B_C3_L,L,1
68502,FC2C,FC2C_C1_L,L,acetylcholine,137990,FC2B,FC2B_C3_L,L,1
66750,FC2C,FC2C_C4_R,R,acetylcholine,137990,FC2B,FC2B_C3_L,L,1
45343,FC2C,FC2C_C7_L,L,acetylcholine,137990,FC2B,FC2B_C3_L,L,1
33356,FC2B,FC2B_C2_L,L,acetylcholine,137990,FC2B,FC2B_C3_L,L,1
29674,FC2A,FC2A_C2_L,L,acetylcholine,137990,FC2B,FC2B_C3_L,L,1
531073,FC2C,FC2C_C9_R,R,acetylcholine,41559,FC2A,FC2A_C9_L,L,1
530445,FC2B,FC2B_C6_L,L,acetylcholine,41559,FC2A,FC2A_C9_L,L,1
119819,FC2C,FC2C_C8_L,L,acetylcholine,41559,FC2A,FC2A_C9_L,L,1
97443,FC2B,FC2B_C8_L,L,acetylcholine,41559,FC2A,FC2A_C9_L,L,1
56382,FC2A,FC2A_C6_L,L,acetylcholine,41559,FC2A,FC2A_C9_L,L,1
50461,FC2B,FC2B_C9_R,R,acetylcholine,41559,FC2A,FC2A_C9_L,L,1
556346,EPG,EPG(PB08)_L6,L,acetylcholine,35324,Delta7,Delta7(PB15)_L5R4_L,L,1
518375,PFL2,PFL2(PB12b)_R3_C3,R,acetylcholine,35324,Delta7,Delta7(PB15)_L5R4_L,L,1
107195,EPG,EPG(PB08)_L5,L,acetylcholine,35324,Delta7,Delta7(PB15)_L5R4_L,L,1
11987,EPG,EPG(PB08)_R5,R,acetylcholine,35324,Delta7,Delta7(PB15)_L5R4_L,L,1
11307,EPG,EPG(PB08)_L4,L,acetylcholine,35324,Delta7,Delta7(PB15)_L5R4_L,L,1
560327,FC2A,FC2A_C3_R,R,acetylcholine,170539,FC2A,FC2A_C4_R,R,1
532704,FC2A,FC2A_C1_R,R,acetylcholine,170539,FC2A,FC2A_C4_R,R,1
526406,FC2A,FC2A_C2_R,R,acetylcholine,170539,FC2A,FC2A_C4_R,R,1
519358,FC2B,FC2B_C4_R,R,acetylcholine,170539,FC2A,FC2A_C4_R,R,1
241046,FC2B,FC2B_C4_R,R,acetylcholine,170539,FC2A,FC2A_C4_R,R,1
71855,FC2A,FC2A_C3_L,L,acetylcholine,170539,FC2A,FC2A_C4_R,R,1
36201,FC2A,FC2A_C4_L,L,acetylcholine,170539,FC2A,FC2A_C4_R,R,1
23159,PFL3,PFL3(PB12c)_R4_C4,R,acetylcholine,170539,FC2A,FC2A_C4_R,R,1
534662,FC2C,FC2C_C8_R,R,acetylcholine,40179,FC2A,FC2A_C7_L,L,1
533436,FC2C,FC2C_C7_L,L,acetylcholine,40179,FC2A,FC2A_C7_L,L,1
530445,FC2B,FC2B_C6_L,L,acetylcholine,40179,FC2A,FC2A_C7_L,L,1
137299,FC2A,FC2A_C5_L,L,acetylcholine,40179,FC2A,FC2A_C7_L,L,1
108286,FC2C,FC2C_C7_R,R,acetylcholine,40179,FC2A,FC2A_C7_L,L,1
99820,FC2B,FC2B_C4_L,L,acetylcholine,40179,FC2A,FC2A_C7_L,L,1
85400,FC2B,FC2B_C7_R,R,acetylcholine,40179,FC2A,FC2A_C7_L,L,1
68271,FC2B,FC2B_C7_L,L,acetylcholine,40179,FC2A,FC2A_C7_L,L,1
45876,FC2A,FC2A_C7_R,R,acetylcholine,40179,FC2A,FC2A_C7_L,L,1
534662,FC2C,FC2C_C8_R,R,acetylcholine,74326,FC2B,FC2B_C8_L,L,1
518606,FC2A,FC2A_C8_L,L,acetylcholine,74326,FC2B,FC2B_C8_L,L,1
513033,EPG,EPG(PB08)_L8,L,acetylcholine,74326,FC2B,FC2B_C8_L,L,1
137990,FC2B,FC2B_C3_L,L,acetylcholine,74326,FC2B,FC2B_C8_L,L,1
119819,FC2C,FC2C_C8_L,L,acetylcholine,74326,FC2B,FC2B_C8_L,L,1
112888,FC2C,FC2C_C8_L,L,acetylcholine,74326,FC2B,FC2B_C8_L,L,1
109752,FC2C,FC2C_C9_R,R,acetylcholine,74326,FC2B,FC2B_C8_L,L,1
74480,FC2C,FC2C_C9_R,R,acetylcholine,74326,FC2B,FC2B_C8_L,L,1
68271,FC2B,FC2B_C7_L,L,acetylcholine,74326,FC2B,FC2B_C8_L,L,1
64270,FC2C,FC2C_C8_L,L,acetylcholine,74326,FC2B,FC2B_C8_L,L,1
57603,FC2C,FC2C_C9_L,L,acetylcholine,74326,FC2B,FC2B_C8_L,L,1
50885,FC2C,FC2C_C2_L,L,acetylcholine,74326,FC2B,FC2B_C8_L,L,1
524073,EPG,EPG(PB08)_L2,L,acetylcholine,16234,Delta7,Delta7(PB15)_L1L9R8_R,R,1
521409,EPG,EPG(PB08)_L8,L,acetylcholine,16234,Delta7,Delta7(PB15)_L1L9R8_R,R,1
520812,EPG,EPG(PB08)_R8,R,acetylcholine,16234,Delta7,Delta7(PB15)_L1L9R8_R,R,1
512513,EPG,EPG(PB08)_R1,R,acetylcholine,16234,Delta7,Delta7(PB15)_L1L9R8_R,R,1
13217,EPG,EPG(PB08)_L8,L,acetylcholine,16234,Delta7,Delta7(PB15)_L1L9R8_R,R,1
560327,FC2A,FC2A_C3_R,R,acetylcholine,71855,FC2A,FC2A_C3_L,L,1
546044,FC2C,FC2C_C3_R,R,acetylcholine,71855,FC2A,FC2A_C3_L,L,1
141430,FC2C,FC2C_C3_R,R,acetylcholine,71855,FC2A,FC2A_C3_L,L,1
137990,FC2B,FC2B_C3_L,L,acetylcholine,71855,FC2A,FC2A_C3_L,L,1
87630,FC2B,FC2B_C3_L,L,acetylcholine,71855,FC2A,FC2A_C3_L,L,1
79204,FC2C,FC2C_C3_L,L,acetylcholine,71855,FC2A,FC2A_C3_L,L,1
550660,FC2C,FC2C_C7_R,R,acetylcholine,68271,FC2B,FC2B_C7_L,L,1
534662,FC2C,FC2C_C8_R,R,acetylcholine,68271,FC2B,FC2B_C7_L,L,1
533436,FC2C,FC2C_C7_L,L,acetylcholine,68271,FC2B,FC2B_C7_L,L,1
518606,FC2A,FC2A_C8_L,L,acetylcholine,68271,FC2B,FC2B_C7_L,L,1
140787,FC2B,FC2B_C1_L,L,acetylcholine,68271,FC2B,FC2B_C7_L,L,1
115261,FC2C,FC2C_C6_L,L,acetylcholine,68271,FC2B,FC2B_C7_L,L,1
95713,FC2C,FC2C_C4_L,L,acetylcholine,68271,FC2B,FC2B_C7_L,L,1
87630,FC2B,FC2B_C3_L,L,acetylcholine,68271,FC2B,FC2B_C7_L,L,1
84758,EPG,EPG(PB08)_L7,L,acetylcholine,68271,FC2B,FC2B_C7_L,L,1
68502,FC2C,FC2C_C1_L,L,acetylcholine,68271,FC2B,FC2B_C7_L,L,1
45343,FC2C,FC2C_C7_L,L,acetylcholine,68271,FC2B,FC2B_C7_L,L,1
519358,FC2B,FC2B_C4_R,R,acetylcholine,36201,FC2A,FC2A_C4_L,L,1
513266,PFL3,PFL3(PB12c)_R3_C5,R,acetylcholine,36201,FC2A,FC2A_C4_L,L,1
107690,FC2B,FC2B_C4_L,L,acetylcholine,36201,FC2A,FC2A_C4_L,L,1
97443,FC2B,FC2B_C8_L,L,acetylcholine,36201,FC2A,FC2A_C4_L,L,1
96384,FC2B,FC2B_C5_R,R,acetylcholine,36201,FC2A,FC2A_C4_L,L,1
95713,FC2C,FC2C_C4_L,L,acetylcholine,36201,FC2A,FC2A_C4_L,L,1
56382,FC2A,FC2A_C6_L,L,acetylcholine,36201,FC2A,FC2A_C4_L,L,1
14729,PFL2,PFL2(PB12b)_R1_C5,R,acetylcholine,36201,FC2A,FC2A_C4_L,L,1
551404,FC2C,FC2C_C6_L,L,acetylcholine,85400,FC2B,FC2B_C7_R,R,1
546044,FC2C,FC2C_C3_R,R,acetylcholine,85400,FC2B,FC2B_C7_R,R,1
534662,FC2C,FC2C_C8_R,R,acetylcholine,85400,FC2B,FC2B_C7_R,R,1
122167,FC2C,FC2C_C7_R,R,acetylcholine,85400,FC2B,FC2B_C7_R,R,1
115261,FC2C,FC2C_C6_L,L,acetylcholine,85400,FC2B,FC2B_C7_R,R,1
56382,FC2A,FC2A_C6_L,L,acetylcholine,85400,FC2B,FC2B_C7_R,R,1
44554,FC2B,FC2B_C8_R,R,acetylcholine,85400,FC2B,FC2B_C7_R,R,1
35277,FC2B,FC2B_C8_R,R,acetylcholine,85400,FC2B,FC2B_C7_R,R,1
515675,EPG,EPG(PB08)_R1,R,acetylcholine,84758,EPG,EPG(PB08)_L7,L,1
512513,EPG,EPG(PB08)_R1,R,acetylcholine,84758,EPG,EPG(PB08)_L7,L,1
512514,EPG,EPG(PB08)_L1,L,acetylcholine,84758,EPG,EPG(PB08)_L7,L,1
92188,EPG,EPG(PB08)_R7,R,acetylcholine,84758,EPG,EPG(PB08)_L7,L,1
88342,EPG,EPG(PB08)_L3,L,acetylcholine,84758,EPG,EPG(PB08)_L7,L,1
11557,PFL2,PFL2(PB12b)_L3_C7,L,acetylcholine,84758,EPG,EPG(PB08)_L7,L,1
514126,EPG,EPG(PB08)_R5,R,acetylcholine,17753,Delta7,Delta7(PB15)_L7R3_L,L,1
513284,EPG,EPG(PB08)_R3,R,acetylcholine,17753,Delta7,Delta7(PB15)_L7R3_L,L,1
84758,EPG,EPG(PB08)_L7,L,acetylcholine,17753,Delta7,Delta7(PB15)_L7R3_L,L,1
15616,EPG,EPG(PB08)_R3,R,acetylcholine,17753,Delta7,Delta7(PB15)_L7R3_L,L,1
556347,EPG,EPG(PB08)_R4,R,acetylcholine,522994,Delta7,Delta7(PB15)_L6R3_L,L,1
513284,EPG,EPG(PB08)_R3,R,acetylcholine,522994,Delta7,Delta7(PB15)_L6R3_L,L,1
15616,EPG,EPG(PB08)_R3,R,acetylcholine,522994,Delta7,Delta7(PB15)_L6R3_L,L,1
14727,EPG,EPG(PB08)_L7,L,acetylcholine,522994,Delta7,Delta7(PB15)_L6R3_L,L,1
12449,EPG,EPG(PB08)_L5,L,acetylcholine,522994,Delta7,Delta7(PB15)_L6R3_L,L,1
11874,EPG,EPG(PB08)_L7,L,acetylcholine,522994,Delta7,Delta7(PB15)_L6R3_L,L,1
521813,EPG,EPG(PB08)_L2,L,acetylcholine,513033,EPG,EPG(PB08)_L8,L,1
519140,EPG,EPG(PB08)_L1,L,acetylcholine,513033,EPG,EPG(PB08)_L8,L,1
515961,Delta7,Delta7(PB15)_L6R3_L,L,glutamate,513033,EPG,EPG(PB08)_L8,L,1
513464,EPG,EPG(PB08)_R8,R,acetylcholine,513033,EPG,EPG(PB08)_L8,L,1
513517,EPG,EPG(PB08)_L4,L,acetylcholine,513033,EPG,EPG(PB08)_L8,L,1
512514,EPG,EPG(PB08)_L1,L,acetylcholine,513033,EPG,EPG(PB08)_L8,L,1
64270,FC2C,FC2C_C8_L,L,acetylcholine,513033,EPG,EPG(PB08)_L8,L,1
16540,Delta7,Delta7(PB15)_L2R7_R,R,glutamate,513033,EPG,EPG(PB08)_L8,L,1
16360,EPG,EPG(PB08)_L6,L,acetylcholine,513033,EPG,EPG(PB08)_L8,L,1
11874,EPG,EPG(PB08)_L7,L,acetylcholine,513033,EPG,EPG(PB08)_L8,L,1
11184,Delta7,Delta7(PB15)_L1L9R8_R,R,glutamate,513033,EPG,EPG(PB08)_L8,L,1
524977,FC2C,FC2C_C3_L,L,acetylcholine,537128,FC2C,FC2C_C1_L,L,1
236557,FC2C,FC2C_C3_R,R,acetylcholine,537128,FC2C,FC2C_C1_L,L,1
151739,FC2C,FC2C_C2_R,R,acetylcholine,537128,FC2C,FC2C_C1_L,L,1
132482,FC2C,FC2C_C9_L,L,acetylcholine,537128,FC2C,FC2C_C1_L,L,1
122334,FC2C,FC2C_C7_L,L,acetylcholine,537128,FC2C,FC2C_C1_L,L,1
103466,FC2B,FC2B_C2_L,L,acetylcholine,537128,FC2C,FC2C_C1_L,L,1
95713,FC2C,FC2C_C4_L,L,acetylcholine,537128,FC2C,FC2C_C1_L,L,1
91537,FC2C,FC2C_C5_L,L,acetylcholine,537128,FC2C,FC2C_C1_L,L,1
68502,FC2C,FC2C_C1_L,L,acetylcholine,537128,FC2C,FC2C_C1_L,L,1
67361,FC2B,FC2B_C2_R,R,acetylcholine,537128,FC2C,FC2C_C1_L,L,1
51782,FC2C,FC2C_C2_R,R,acetylcholine,537128,FC2C,FC2C_C1_L,L,1
45343,FC2C,FC2C_C7_L,L,acetylcholine,537128,FC2C,FC2C_C1_L,L,1
534662,FC2C,FC2C_C8_R,R,acetylcholine,97443,FC2B,FC2B_C8_L,L,1
140787,FC2B,FC2B_C1_L,L,acetylcholine,97443,FC2B,FC2B_C8_L,L,1
112888,FC2C,FC2C_C8_L,L,acetylcholine,97443,FC2B,FC2B_C8_L,L,1
99820,FC2B,FC2B_C4_L,L,acetylcholine,97443,FC2B,FC2B_C8_L,L,1
82293,FC2B,FC2B_C5_L,L,acetylcholine,97443,FC2B,FC2B_C8_L,L,1
64270,FC2C,FC2C_C8_L,L,acetylcholine,97443,FC2B,FC2B_C8_L,L,1
521812,EPG,EPG(PB08)_R7,R,acetylcholine,514126,EPG,EPG(PB08)_R5,R,1
520581,EPG,EPG(PB08)_R4,R,acetylcholine,514126,EPG,EPG(PB08)_R5,R,1
519328,EPG,EPG(PB08)_L3,L,acetylcholine,514126,EPG,EPG(PB08)_R5,R,1
513284,EPG,EPG(PB08)_R3,R,acetylcholine,514126,EPG,EPG(PB08)_R5,R,1
512513,EPG,EPG(PB08)_R1,R,acetylcholine,514126,EPG,EPG(PB08)_R5,R,1
137299,FC2A,FC2A_C5_L,L,acetylcholine,514126,EPG,EPG(PB08)_R5,R,1
131313,EPG,EPG(PB08)_R6,R,acetylcholine,514126,EPG,EPG(PB08)_R5,R,1
15495,Delta7,Delta7(PB15)_L3R6_R,R,glutamate,514126,EPG,EPG(PB08)_R5,R,1
11989,EPG,EPG(PB08)_L5,L,acetylcholine,514126,EPG,EPG(PB08)_R5,R,1
556347,EPG,EPG(PB08)_R4,R,acetylcholine,520818,EPG,EPG(PB08)_L4,L,1
513033,EPG,EPG(PB08)_L8,L,acetylcholine,520818,EPG,EPG(PB08)_L4,L,1
92188,EPG,EPG(PB08)_R7,R,acetylcholine,520818,EPG,EPG(PB08)_L4,L,1
88342,EPG,EPG(PB08)_L3,L,acetylcholine,520818,EPG,EPG(PB08)_L4,L,1
15713,EPG,EPG(PB08)_L6,L,acetylcholine,520818,EPG,EPG(PB08)_L4,L,1
15495,Delta7,Delta7(PB15)_L3R6_R,R,glutamate,520818,EPG,EPG(PB08)_L4,L,1
524073,EPG,EPG(PB08)_L2,L,acetylcholine,88342,EPG,EPG(PB08)_L3,L,1
519332,Delta7,Delta7(PB15)_L2R7_R,R,glutamate,88342,EPG,EPG(PB08)_L3,L,1
519140,EPG,EPG(PB08)_L1,L,acetylcholine,88342,EPG,EPG(PB08)_L3,L,1
107195,EPG,EPG(PB08)_L5,L,acetylcholine,88342,EPG,EPG(PB08)_L3,L,1
26488,PFL3,PFL3(PB12c)_R5_C3,R,acetylcholine,88342,EPG,EPG(PB08)_L3,L,1
12449,EPG,EPG(PB08)_L5,L,acetylcholine,88342,EPG,EPG(PB08)_L3,L,1
11989,EPG,EPG(PB08)_L5,L,acetylcholine,88342,EPG,EPG(PB08)_L3,L,1
11307,EPG,EPG(PB08)_L4,L,acetylcholine,88342,EPG,EPG(PB08)_L3,L,1
550660,FC2C,FC2C_C7_R,R,acetylcholine,534662,FC2C,FC2C_C8_R,R,1
546044,FC2C,FC2C_C3_R,R,acetylcholine,534662,FC2C,FC2C_C8_R,R,1
531073,FC2C,FC2C_C9_R,R,acetylcholine,534662,FC2C,FC2C_C8_R,R,1
529992,FC2C,FC2C_C1_R,R,acetylcholine,534662,FC2C,FC2C_C8_R,R,1
122167,FC2C,FC2C_C7_R,R,acetylcholine,534662,FC2C,FC2C_C8_R,R,1
108286,FC2C,FC2C_C7_R,R,acetylcholine,534662,FC2C,FC2C_C8_R,R,1
106495,FC2B,FC2B_C6_R,R,acetylcholine,534662,FC2C,FC2C_C8_R,R,1
97443,FC2B,FC2B_C8_L,L,acetylcholine,534662,FC2C,FC2C_C8_R,R,1
74480,FC2C,FC2C_C9_R,R,acetylcholine,534662,FC2C,FC2C_C8_R,R,1
50431,FC2C,FC2C_C8_R,R,acetylcholine,534662,FC2C,FC2C_C8_R,R,1
44554,FC2B,FC2B_C8_R,R,acetylcholine,534662,FC2C,FC2C_C8_R,R,1
40179,FC2A,FC2A_C7_L,L,acetylcholine,534662,FC2C,FC2C_C8_R,R,1
33382,FC2A,FC2A_C8_R,R,acetylcholine,534662,FC2C,FC2C_C8_R,R,1
537128,FC2C,FC2C_C1_L,L,acetylcholine,132482,FC2C,FC2C_C9_L,L,1
524977,FC2C,FC2C_C3_L,L,acetylcholine,132482,FC2C,FC2C_C9_L,L,1
149740,FC2B,FC2B_C9_L,L,acetylcholine,132482,FC2C,FC2C_C9_L,L,1
119819,FC2C,FC2C_C8_L,L,acetylcholine,132482,FC2C,FC2C_C9_L,L,1
91537,FC2C,FC2C_C5_L,L,acetylcholine,132482,FC2C,FC2C_C9_L,L,1
56905,FC2C,FC2C_C9_L,L,acetylcholine,132482,FC2C,FC2C_C9_L,L,1
55401,FC2A,FC2A_C9_R,R,acetylcholine,132482,FC2C,FC2C_C9_L,L,1
50461,FC2B,FC2B_C9_R,R,acetylcholine,132482,FC2C,FC2C_C9_L,L,1
41941,FC2C,FC2C_C4_L,L,acetylcholine,132482,FC2C,FC2C_C9_L,L,1
512928,EPG,EPG(PB08)_R3,R,acetylcholine,521409,EPG,EPG(PB08)_L8,L,1
15616,EPG,EPG(PB08)_R3,R,acetylcholine,521409,EPG,EPG(PB08)_L8,L,1
14816,Delta7,Delta7(PB15)_L6R4_L,L,glutamate,521409,EPG,EPG(PB08)_L8,L,1
533436,FC2C,FC2C_C7_L,L,acetylcholine,122334,FC2C,FC2C_C7_L,L,1
530445,FC2B,FC2B_C6_L,L,acetylcholine,122334,FC2C,FC2C_C7_L,L,1
153441,FC2C,FC2C_C5_L,L,acetylcholine,122334,FC2C,FC2C_C7_L,L,1
132482,FC2C,FC2C_C9_L,L,acetylcholine,122334,FC2C,FC2C_C7_L,L,1
85400,FC2B,FC2B_C7_R,R,acetylcholine,122334,FC2C,FC2C_C7_L,L,1
35277,FC2B,FC2B_C8_R,R,acetylcholine,122334,FC2C,FC2C_C7_L,L,1
519140,EPG,EPG(PB08)_L1,L,acetylcholine,16360,EPG,EPG(PB08)_L6,L,1
512514,EPG,EPG(PB08)_L1,L,acetylcholine,16360,EPG,EPG(PB08)_L6,L,1
17024,Delta7,Delta7(PB15)_L5R4_L,L,glutamate,16360,EPG,EPG(PB08)_L6,L,1
14727,EPG,EPG(PB08)_L7,L,acetylcholine,16360,EPG,EPG(PB08)_L6,L,1
534662,FC2C,FC2C_C8_R,R,acetylcholine,513463,EPG,EPG(PB08)_R2,R,1
520581,EPG,EPG(PB08)_R4,R,acetylcholine,513463,EPG,EPG(PB08)_R2,R,1
519332,Delta7,Delta7(PB15)_L2R7_R,R,glutamate,513463,EPG,EPG(PB08)_R2,R,1
517417,Delta7,Delta7(PB15)_L6R3_L,L,glutamate,513463,EPG,EPG(PB08)_R2,R,1
515675,EPG,EPG(PB08)_R1,R,acetylcholine,513463,EPG,EPG(PB08)_R2,R,1
512305,EPG,EPG(PB08)_R8,R,acetylcholine,513463,EPG,EPG(PB08)_R2,R,1
511841,Delta7,Delta7(PB15)_L2R7_R,R,glutamate,513463,EPG,EPG(PB08)_R2,R,1
19825,EPG,EPG(PB08)_R6,R,acetylcholine,513463,EPG,EPG(PB08)_R2,R,1
19125,EPG,EPG(PB08)_R5,R,acetylcholine,513463,EPG,EPG(PB08)_R2,R,1
17804,Delta7,Delta7(PB15)_L7R2_L,L,glutamate,513463,EPG,EPG(PB08)_R2,R,1
17753,Delta7,Delta7(PB15)_L7R3_L,L,glutamate,513463,EPG,EPG(PB08)_R2,R,1
533725,Delta7,Delta7(PB15)_L8R1R9_L,L,glutamate,520812,EPG,EPG(PB08)_R8,R,1
523786,EPG,EPG(PB08)_R4,R,acetylcholine,520812,EPG,EPG(PB08)_R8,R,1
520811,PFL3,PFL3(PB12c)_R6_C2,R,acetylcholine,520812,EPG,EPG(PB08)_R8,R,1
513520,EPG,EPG(PB08)_R6,R,acetylcholine,520812,EPG,EPG(PB08)_R8,R,1
512513,EPG,EPG(PB08)_R1,R,acetylcholine,520812,EPG,EPG(PB08)_R8,R,1
131313,EPG,EPG(PB08)_R6,R,acetylcholine,520812,EPG,EPG(PB08)_R8,R,1
16540,Delta7,Delta7(PB15)_L2R7_R,R,glutamate,520812,EPG,EPG(PB08)_R8,R,1
15409,Delta7,Delta7(PB15)_L8R1R9_L,L,glutamate,520812,EPG,EPG(PB08)_R8,R,1
14507,EPG,EPG(PB08)_R7,R,acetylcholine,520812,EPG,EPG(PB08)_R8,R,1
519140,EPG,EPG(PB08)_L1,L,acetylcholine,15409,Delta7,Delta7(PB15)_L8R1R9_L,L,1
515675,EPG,EPG(PB08)_R1,R,acetylcholine,15409,Delta7,Delta7(PB15)_L8R1R9_L,L,1
512513,EPG,EPG(PB08)_R1,R,acetylcholine,15409,Delta7,Delta7(PB15)_L8R1R9_L,L,1
84758,EPG,EPG(PB08)_L7,L,acetylcholine,15409,Delta7,Delta7(PB15)_L8R1R9_L,L,1
13217,EPG,EPG(PB08)_L8,L,acetylcholine,15409,Delta7,Delta7(PB15)_L8R1R9_L,L,1
11874,EPG,EPG(PB08)_L7,L,acetylcholine,15409,Delta7,Delta7(PB15)_L8R1R9_L,L,1
170539,FC2A,FC2A_C4_R,R,acetylcholine,526406,FC2A,FC2A_C2_R,R,1
139763,FC2C,FC2C_C2_R,R,acetylcholine,526406,FC2A,FC2A_C2_R,R,1
96384,FC2B,FC2B_C5_R,R,acetylcholine,526406,FC2A,FC2A_C2_R,R,1
55401,FC2A,FC2A_C9_R,R,acetylcholine,526406,FC2A,FC2A_C2_R,R,1
35277,FC2B,FC2B_C8_R,R,acetylcholine,526406,FC2A,FC2A_C2_R,R,1
530445,FC2B,FC2B_C6_L,L,acetylcholine,99820,FC2B,FC2B_C4_L,L,1
241046,FC2B,FC2B_C4_R,R,acetylcholine,99820,FC2B,FC2B_C4_L,L,1
153441,FC2C,FC2C_C5_L,L,acetylcholine,99820,FC2B,FC2B_C4_L,L,1
137990,FC2B,FC2B_C3_L,L,acetylcholine,99820,FC2B,FC2B_C4_L,L,1
137299,FC2A,FC2A_C5_L,L,acetylcholine,99820,FC2B,FC2B_C4_L,L,1
103466,FC2B,FC2B_C2_L,L,acetylcholine,99820,FC2B,FC2B_C4_L,L,1
97443,FC2B,FC2B_C8_L,L,acetylcholine,99820,FC2B,FC2B_C4_L,L,1
82293,FC2B,FC2B_C5_L,L,acetylcholine,99820,FC2B,FC2B_C4_L,L,1
523032,PFL3,PFL3(PB12c)_L2_C4,L,acetylcholine,19715,PFL2,PFL2(PB12b)_L4_C8,L,1
515961,Delta7,Delta7(PB15)_L6R3_L,L,glutamate,19715,PFL2,PFL2(PB12b)_L4_C8,L,1
84758,EPG,EPG(PB08)_L7,L,acetylcholine,19715,PFL2,PFL2(PB12b)_L4_C8,L,1
45343,FC2C,FC2C_C7_L,L,acetylcholine,19715,PFL2,PFL2(PB12b)_L4_C8,L,1
18851,PFL3,PFL3(PB12c)_L1_C8_irreg,R,acetylcholine,19715,PFL2,PFL2(PB12b)_L4_C8,L,1
17143,Delta7,Delta7(PB15)_L2R7_R,R,glutamate,19715,PFL2,PFL2(PB12b)_L4_C8,L,1
520573,PFL2,PFL2(PB12b)_R5_C1,R,acetylcholine,79549,PFL3,PFL3(PB12c)_R7_C1,R,1
511842,PFL2,PFL2(PB12b)_L2_C6,L,acetylcholine,79549,PFL3,PFL3(PB12c)_R7_C1,R,1
139763,FC2C,FC2C_C2_R,R,acetylcholine,79549,PFL3,PFL3(PB12c)_R7_C1,R,1
19825,EPG,EPG(PB08)_R6,R,acetylcholine,79549,PFL3,PFL3(PB12c)_R7_C1,R,1
15654,Delta7,Delta7(PB15)_L8R1R9_L,L,glutamate,79549,PFL3,PFL3(PB12c)_R7_C1,R,1
537128,FC2C,FC2C_C1_L,L,acetylcholine,13031,PFL2,PFL2(PB12b)_R3_C3,R,1
170539,FC2A,FC2A_C4_R,R,acetylcholine,13031,PFL2,PFL2(PB12b)_R3_C3,R,1
115674,FC2C,FC2C_C4_R,R,acetylcholine,13031,PFL2,PFL2(PB12b)_R3_C3,R,1
66750,FC2C,FC2C_C4_R,R,acetylcholine,13031,PFL2,PFL2(PB12b)_R3_C3,R,1
17000,PFL3,PFL3(PB12c)_L1_C3,L,acetylcholine,13031,PFL2,PFL2(PB12b)_R3_C3,R,1
16412,Delta7,Delta7(PB15)_L7R2_L,L,glutamate,13031,PFL2,PFL2(PB12b)_R3_C3,R,1
567101,PFL3,PFL3(PB12c)_R3_C5,R,acetylcholine,520581,EPG,EPG(PB08)_R4,R,1
19825,EPG,EPG(PB08)_R6,R,acetylcholine,520581,EPG,EPG(PB08)_R4,R,1
11987,EPG,EPG(PB08)_R5,R,acetylcholine,520581,EPG,EPG(PB08)_R4,R,1
10539,EPG,EPG(PB08)_R2,R,acetylcholine,520581,EPG,EPG(PB08)_R4,R,1
10513,Delta7,Delta7(PB15)_L3R6_R,R,glutamate,520581,EPG,EPG(PB08)_R4,R,1
523786,EPG,EPG(PB08)_R4,R,acetylcholine,127661,FC2C,FC2C_C6_R,R,1
139763,FC2C,FC2C_C2_R,R,acetylcholine,127661,FC2C,FC2C_C6_R,R,1
119544,FC2C,FC2C_C6_L,L,acetylcholine,127661,FC2C,FC2C_C6_R,R,1
115261,FC2C,FC2C_C6_L,L,acetylcholine,127661,FC2C,FC2C_C6_R,R,1
66750,FC2C,FC2C_C4_R,R,acetylcholine,127661,FC2C,FC2C_C6_R,R,1
50431,FC2C,FC2C_C8_R,R,acetylcholine,127661,FC2C,FC2C_C6_R,R,1
568155,Delta7,Delta7(PB15)_L8R1R9_L,L,glutamate,11987,EPG,EPG(PB08)_R5,R,1
567101,PFL3,PFL3(PB12c)_R3_C5,R,acetylcholine,11987,EPG,EPG(PB08)_R5,R,1
92188,EPG,EPG(PB08)_R7,R,acetylcholine,11987,EPG,EPG(PB08)_R5,R,1
533436,FC2C,FC2C_C7_L,L,acetylcholine,511842,PFL2,PFL2(PB12b)_L2_C6,L,1
520811,PFL3,PFL3(PB12c)_R6_C2,R,acetylcholine,511842,PFL2,PFL2(PB12b)_L2_C6,L,1
519351,PFL3,PFL3(PB12c)_L4_C5,L,acetylcholine,511842,PFL2,PFL2(PB12b)_L2_C6,L,1
512513,EPG,EPG(PB08)_R1,R,acetylcholine,511842,PFL2,PFL2(PB12b)_L2_C6,L,1
29836,PFL3,PFL3(PB12c)_L4_C6,L,acetylcholine,511842,PFL2,PFL2(PB12b)_L2_C6,L,1
14816,Delta7,Delta7(PB15)_L6R4_L,L,glutamate,511842,PFL2,PFL2(PB12b)_L2_C6,L,1
551404,FC2C,FC2C_C6_L,L,acetylcholine,108286,FC2C,FC2C_C7_R,R,1
546044,FC2C,FC2C_C3_R,R,acetylcholine,108286,FC2C,FC2C_C7_R,R,1
119544,FC2C,FC2C_C6_L,L,acetylcholine,108286,FC2C,FC2C_C7_R,R,1
115674,FC2C,FC2C_C4_R,R,acetylcholine,108286,FC2C,FC2C_C7_R,R,1
115261,FC2C,FC2C_C6_L,L,acetylcholine,108286,FC2C,FC2C_C7_R,R,1
66750,FC2C,FC2C_C4_R,R,acetylcholine,108286,FC2C,FC2C_C7_R,R,1
50431,FC2C,FC2C_C8_R,R,acetylcholine,108286,FC2C,FC2C_C7_R,R,1
148830,FC2C,FC2C_C5_R,R,acetylcholine,236557,FC2C,FC2C_C3_R,R,1
139763,FC2C,FC2C_C2_R,R,acetylcholine,236557,FC2C,FC2C_C3_R,R,1
137990,FC2B,FC2B_C3_L,L,acetylcholine,236557,FC2C,FC2C_C3_R,R,1
79204,FC2C,FC2C_C3_L,L,acetylcholine,236557,FC2C,FC2C_C3_R,R,1
66750,FC2C,FC2C_C4_R,R,acetylcholine,236557,FC2C,FC2C_C3_R,R,1
60670,FC2C,FC2C_C1_R,R,acetylcholine,236557,FC2C,FC2C_C3_R,R,1
241046,FC2B,FC2B_C4_R,R,acetylcholine,107690,FC2B,FC2B_C4_L,L,1
153441,FC2C,FC2C_C5_L,L,acetylcholine,107690,FC2B,FC2B_C4_L,L,1
149740,FC2B,FC2B_C9_L,L,acetylcholine,107690,FC2B,FC2B_C4_L,L,1
95713,FC2C,FC2C_C4_L,L,acetylcholine,107690,FC2B,FC2B_C4_L,L,1
74326,FC2B,FC2B_C8_L,L,acetylcholine,107690,FC2B,FC2B_C4_L,L,1
41941,FC2C,FC2C_C4_L,L,acetylcholine,107690,FC2B,FC2B_C4_L,L,1
556347,EPG,EPG(PB08)_R4,R,acetylcholine,11874,EPG,EPG(PB08)_L7,L,1
519328,EPG,EPG(PB08)_L3,L,acetylcholine,11874,EPG,EPG(PB08)_L7,L,1
519140,EPG,EPG(PB08)_L1,L,acetylcholine,11874,EPG,EPG(PB08)_L7,L,1
515675,EPG,EPG(PB08)_R1,R,acetylcholine,11874,EPG,EPG(PB08)_L7,L,1
512513,EPG,EPG(PB08)_R1,R,acetylcholine,11874,EPG,EPG(PB08)_L7,L,1
26038,PFL3,PFL3(PB12c)_L5_C7,L,acetylcholine,11874,EPG,EPG(PB08)_L7,L,1
15904,Delta7,Delta7(PB15)_L4R5_R,R,glutamate,11874,EPG,EPG(PB08)_L7,L,1
15409,Delta7,Delta7(PB15)_L8R1R9_L,L,glutamate,11874,EPG,EPG(PB08)_L7,L,1
524977,FC2C,FC2C_C3_L,L,acetylcholine,14729,PFL2,PFL2(PB12b)_R1_C5,R,1
519346,PFL3,PFL3(PB12c)_L7_C9,L,acetylcholine,14729,PFL2,PFL2(PB12b)_R1_C5,R,1
513034,PFL2,PFL2(PB12b)_L5_C9,L,acetylcholine,14729,PFL2,PFL2(PB12b)_R1_C5,R,1
79549,PFL3,PFL3(PB12c)_R7_C1,R,acetylcholine,14729,PFL2,PFL2(PB12b)_R1_C5,R,1
35322,PFL3,PFL3(PB12c)_R1_C7,R,acetylcholine,14729,PFL2,PFL2(PB12b)_R1_C5,R,1
29836,PFL3,PFL3(PB12c)_L4_C6,L,acetylcholine,14729,PFL2,PFL2(PB12b)_R1_C5,R,1
16476,Delta7,Delta7(PB15)_L7R2_L,L,glutamate,14729,PFL2,PFL2(PB12b)_R1_C5,R,1
11557,PFL2,PFL2(PB12b)_L3_C7,L,acetylcholine,14729,PFL2,PFL2(PB12b)_R1_C5,R,1
10539,EPG,EPG(PB08)_R2,R,acetylcholine,14729,PFL2,PFL2(PB12b)_R1_C5,R,1
550660,FC2C,FC2C_C7_R,R,acetylcholine,119544,FC2C,FC2C_C6_L,L,1
101011,FC2C,FC2C_C6_R,R,acetylcholine,119544,FC2C,FC2C_C6_L,L,1
56382,FC2A,FC2A_C6_L,L,acetylcholine,119544,FC2C,FC2C_C6_L,L,1
567101,PFL3,PFL3(PB12c)_R3_C5,R,acetylcholine,17000,PFL3,PFL3(PB12c)_L1_C3,L,1
568155,Delta7,Delta7(PB15)_L8R1R9_L,L,glutamate,17000,PFL3,PFL3(PB12c)_L1_C3,L,1
537128,FC2C,FC2C_C1_L,L,acetylcholine,17000,PFL3,PFL3(PB12c)_L1_C3,L,1
520573,PFL2,PFL2(PB12b)_R5_C1,R,acetylcholine,17000,PFL3,PFL3(PB12c)_L1_C3,L,1
518375,PFL2,PFL2(PB12b)_R3_C3,R,acetylcholine,17000,PFL3,PFL3(PB12c)_L1_C3,L,1
140787,FC2B,FC2B_C1_L,L,acetylcholine,17000,PFL3,PFL3(PB12c)_L1_C3,L,1
139763,FC2C,FC2C_C2_R,R,acetylcholine,17000,PFL3,PFL3(PB12c)_L1_C3,L,1
115674,FC2C,FC2C_C4_R,R,acetylcholine,17000,PFL3,PFL3(PB12c)_L1_C3,L,1
108478,PFL3,PFL3(PB12c)_L1_C3,L,acetylcholine,17000,PFL3,PFL3(PB12c)_L1_C3,L,1
51782,FC2C,FC2C_C2_R,R,acetylcholine,17000,PFL3,PFL3(PB12c)_L1_C3,L,1
36201,FC2A,FC2A_C4_L,L,acetylcholine,17000,PFL3,PFL3(PB12c)_L1_C3,L,1
13031,PFL2,PFL2(PB12b)_R3_C3,R,acetylcholine,17000,PFL3,PFL3(PB12c)_L1_C3,L,1
519346,PFL3,PFL3(PB12c)_L7_C9,L,acetylcholine,11673,PFL2,PFL2(PB12b)_R4_C2,R,1
513266,PFL3,PFL3(PB12c)_R3_C5,R,acetylcholine,11673,PFL2,PFL2(PB12b)_R4_C2,R,1
26488,PFL3,PFL3(PB12c)_R5_C3,R,acetylcholine,11673,PFL2,PFL2(PB12b)_R4_C2,R,1
16869,Delta7,Delta7(PB15)_L7R3_L,L,glutamate,11673,PFL2,PFL2(PB12b)_R4_C2,R,1
534662,FC2C,FC2C_C8_R,R,acetylcholine,153558,FC2C,FC2C_C5_R,R,1
127661,FC2C,FC2C_C6_R,R,acetylcholine,153558,FC2C,FC2C_C5_R,R,1
115674,FC2C,FC2C_C4_R,R,acetylcholine,153558,FC2C,FC2C_C5_R,R,1
60670,FC2C,FC2C_C1_R,R,acetylcholine,153558,FC2C,FC2C_C5_R,R,1
537128,FC2C,FC2C_C1_L,L,acetylcholine,529266,FC2C,FC2C_C2_L,L,1
524977,FC2C,FC2C_C3_L,L,acetylcholine,529266,FC2C,FC2C_C2_L,L,1
122334,FC2C,FC2C_C7_L,L,acetylcholine,529266,FC2C,FC2C_C2_L,L,1
103466,FC2B,FC2B_C2_L,L,acetylcholine,529266,FC2C,FC2C_C2_L,L,1
64270,FC2C,FC2C_C8_L,L,acetylcholine,529266,FC2C,FC2C_C2_L,L,1
556346,EPG,EPG(PB08)_L6,L,acetylcholine,524074,Delta7,Delta7(PB15)_L5R4_L,L,1
513284,EPG,EPG(PB08)_R3,R,acetylcholine,524074,Delta7,Delta7(PB15)_L5R4_L,L,1
11989,EPG,EPG(PB08)_L5,L,acetylcholine,524074,Delta7,Delta7(PB15)_L5R4_L,L,1
11987,EPG,EPG(PB08)_R5,R,acetylcholine,524074,Delta7,Delta7(PB15)_L5R4_L,L,1
551404,FC2C,FC2C_C6_L,L,acetylcholine,68502,FC2C,FC2C_C1_L,L,1
532704,FC2A,FC2A_C1_R,R,acetylcholine,68502,FC2C,FC2C_C1_L,L,1
529992,FC2C,FC2C_C1_R,R,acetylcholine,68502,FC2C,FC2C_C1_L,L,1
149740,FC2B,FC2B_C9_L,L,acetylcholine,68502,FC2C,FC2C_C1_L,L,1
124562,FC2C,FC2C_C5_L,L,acetylcholine,68502,FC2C,FC2C_C1_L,L,1
122334,FC2C,FC2C_C7_L,L,acetylcholine,68502,FC2C,FC2C_C1_L,L,1
112888,FC2C,FC2C_C8_L,L,acetylcholine,68502,FC2C,FC2C_C1_L,L,1
95713,FC2C,FC2C_C4_L,L,acetylcholine,68502,FC2C,FC2C_C1_L,L,1
91537,FC2C,FC2C_C5_L,L,acetylcholine,68502,FC2C,FC2C_C1_L,L,1
51782,FC2C,FC2C_C2_R,R,acetylcholine,68502,FC2C,FC2C_C1_L,L,1
29674,FC2A,FC2A_C2_L,L,acetylcholine,68502,FC2C,FC2C_C1_L,L,1
534662,FC2C,FC2C_C8_R,R,acetylcholine,57603,FC2C,FC2C_C9_L,L,1
153441,FC2C,FC2C_C5_L,L,acetylcholine,57603,FC2C,FC2C_C9_L,L,1
115261,FC2C,FC2C_C6_L,L,acetylcholine,57603,FC2C,FC2C_C9_L,L,1
112888,FC2C,FC2C_C8_L,L,acetylcholine,57603,FC2C,FC2C_C9_L,L,1
109752,FC2C,FC2C_C9_R,R,acetylcholine,57603,FC2C,FC2C_C9_L,L,1
95713,FC2C,FC2C_C4_L,L,acetylcholine,57603,FC2C,FC2C_C9_L,L,1
50885,FC2C,FC2C_C2_L,L,acetylcholine,57603,FC2C,FC2C_C9_L,L,1
41559,FC2A,FC2A_C9_L,L,acetylcholine,57603,FC2C,FC2C_C9_L,L,1
17290,PFL3,PFL3(PB12c)_L6_C8,L,acetylcholine,57603,FC2C,FC2C_C9_L,L,1
520818,EPG,EPG(PB08)_L4,L,acetylcholine,14507,EPG,EPG(PB08)_R7,R,1
518378,PFL3,PFL3(PB12c)_R5_C3,R,acetylcholine,14507,EPG,EPG(PB08)_R7,R,1
515294,Delta7,Delta7(PB15)_L5R4_L,L,glutamate,14507,EPG,EPG(PB08)_R7,R,1
512513,EPG,EPG(PB08)_R1,R,acetylcholine,14507,EPG,EPG(PB08)_R7,R,1
19125,EPG,EPG(PB08)_R5,R,acetylcholine,14507,EPG,EPG(PB08)_R7,R,1
11673,PFL2,PFL2(PB12b)_R4_C2,R,acetylcholine,14507,EPG,EPG(PB08)_R7,R,1
153558,FC2C,FC2C_C5_R,R,acetylcholine,531073,FC2C,FC2C_C9_R,R,1
140794,FC2C,FC2C_C3_R,R,acetylcholine,531073,FC2C,FC2C_C9_R,R,1
132482,FC2C,FC2C_C9_L,L,acetylcholine,531073,FC2C,FC2C_C9_R,R,1
119819,FC2C,FC2C_C8_L,L,acetylcholine,531073,FC2C,FC2C_C9_R,R,1
112888,FC2C,FC2C_C8_L,L,acetylcholine,531073,FC2C,FC2C_C9_R,R,1
57603,FC2C,FC2C_C9_L,L,acetylcholine,531073,FC2C,FC2C_C9_R,R,1
56905,FC2C,FC2C_C9_L,L,acetylcholine,531073,FC2C,FC2C_C9_R,R,1
50461,FC2B,FC2B_C9_R,R,acetylcholine,531073,FC2C,FC2C_C9_R,R,1
50431,FC2C,FC2C_C8_R,R,acetylcholine,531073,FC2C,FC2C_C9_R,R,1
556347,EPG,EPG(PB08)_R4,R,acetylcholine,529318,Delta7,Delta7(PB15)_L4R5_R,R,1
523786,EPG,EPG(PB08)_R4,R,acetylcholine,529318,Delta7,Delta7(PB15)_L4R5_R,R,1
520581,EPG,EPG(PB08)_R4,R,acetylcholine,529318,Delta7,Delta7(PB15)_L4R5_R,R,1
88342,EPG,EPG(PB08)_L3,L,acetylcholine,529318,Delta7,Delta7(PB15)_L4R5_R,R,1
19825,EPG,EPG(PB08)_R6,R,acetylcholine,529318,Delta7,Delta7(PB15)_L4R5_R,R,1
19125,EPG,EPG(PB08)_R5,R,acetylcholine,529318,Delta7,Delta7(PB15)_L4R5_R,R,1
15616,EPG,EPG(PB08)_R3,R,acetylcholine,529318,Delta7,Delta7(PB15)_L4R5_R,R,1
521813,EPG,EPG(PB08)_L2,L,acetylcholine,10513,Delta7,Delta7(PB15)_L3R6_R,R,1
519941,EPG,EPG(PB08)_L3,L,acetylcholine,10513,Delta7,Delta7(PB15)_L3R6_R,R,1
513520,EPG,EPG(PB08)_R6,R,acetylcholine,10513,Delta7,Delta7(PB15)_L3R6_R,R,1
131313,EPG,EPG(PB08)_R6,R,acetylcholine,10513,Delta7,Delta7(PB15)_L3R6_R,R,1
107195,EPG,EPG(PB08)_L5,L,acetylcholine,10513,Delta7,Delta7(PB15)_L3R6_R,R,1
11987,EPG,EPG(PB08)_R5,R,acetylcholine,10513,Delta7,Delta7(PB15)_L3R6_R,R,1
11307,EPG,EPG(PB08)_L4,L,acetylcholine,10513,Delta7,Delta7(PB15)_L3R6_R,R,1
524073,EPG,EPG(PB08)_L2,L,acetylcholine,519941,EPG,EPG(PB08)_L3,L,1
513517,EPG,EPG(PB08)_L4,L,acetylcholine,519941,EPG,EPG(PB08)_L3,L,1
512514,EPG,EPG(PB08)_L1,L,acetylcholine,519941,EPG,EPG(PB08)_L3,L,1
17753,Delta7,Delta7(PB15)_L7R3_L,L,glutamate,519941,EPG,EPG(PB08)_L3,L,1
513464,EPG,EPG(PB08)_R8,R,acetylcholine,556347,EPG,EPG(PB08)_R4,R,1
513520,EPG,EPG(PB08)_R6,R,acetylcholine,556347,EPG,EPG(PB08)_R4,R,1
512305,EPG,EPG(PB08)_R8,R,acetylcholine,556347,EPG,EPG(PB08)_R4,R,1
434891,Delta7,Delta7(PB15)_L3R7_R,R,glutamate,556347,EPG,EPG(PB08)_R4,R,1
15616,EPG,EPG(PB08)_R3,R,acetylcholine,556347,EPG,EPG(PB08)_R4,R,1
11503,EPG,EPG(PB08)_R8,R,acetylcholine,556347,EPG,EPG(PB08)_R4,R,1
10539,EPG,EPG(PB08)_R2,R,acetylcholine,556347,EPG,EPG(PB08)_R4,R,1
137299,FC2A,FC2A_C5_L,L,acetylcholine,56382,FC2A,FC2A_C6_L,L,1
119544,FC2C,FC2C_C6_L,L,acetylcholine,56382,FC2A,FC2A_C6_L,L,1
108286,FC2C,FC2C_C7_R,R,acetylcholine,56382,FC2A,FC2A_C6_L,L,1
106495,FC2B,FC2B_C6_R,R,acetylcholine,56382,FC2A,FC2A_C6_L,L,1
67741,FC2B,FC2B_C6_R,R,acetylcholine,56382,FC2A,FC2A_C6_L,L,1
46169,FC2A,FC2A_C1_L,L,acetylcholine,56382,FC2A,FC2A_C6_L,L,1
520581,EPG,EPG(PB08)_R4,R,acetylcholine,17379,Delta7,Delta7(PB15)_L4R5_R,R,1
519328,EPG,EPG(PB08)_L3,L,acetylcholine,17379,Delta7,Delta7(PB15)_L4R5_R,R,1
107195,EPG,EPG(PB08)_L5,L,acetylcholine,17379,Delta7,Delta7(PB15)_L4R5_R,R,1
19825,EPG,EPG(PB08)_R6,R,acetylcholine,17379,Delta7,Delta7(PB15)_L4R5_R,R,1
16360,EPG,EPG(PB08)_L6,L,acetylcholine,17379,Delta7,Delta7(PB15)_L4R5_R,R,1
568155,Delta7,Delta7(PB15)_L8R1R9_L,L,glutamate,18851,PFL3,PFL3(PB12c)_L1_C8_irreg,R,1
524073,EPG,EPG(PB08)_L2,L,acetylcholine,18851,PFL3,PFL3(PB12c)_L1_C8_irreg,R,1
122334,FC2C,FC2C_C7_L,L,acetylcholine,18851,PFL3,PFL3(PB12c)_L1_C8_irreg,R,1
18803,PFL3,PFL3(PB12c)_R1_C7,R,acetylcholine,18851,PFL3,PFL3(PB12c)_L1_C8_irreg,R,1
17290,PFL3,PFL3(PB12c)_L6_C8,L,acetylcholine,18851,PFL3,PFL3(PB12c)_L1_C8_irreg,R,1
11557,PFL2,PFL2(PB12b)_L3_C7,L,acetylcholine,18851,PFL3,PFL3(PB12c)_L1_C8_irreg,R,1
