heading_column,column_a,column_b,alpha,active_fc2_count,source_step31_steering,current_steering,current_activity_difference,left_final_v,right_final_v,left_total_spikes,right_total_spikes,mean_v_full_difference,mean_v_terminal_difference,rate_full_difference_hz,rate_terminal_difference_hz,trace_full_difference,trace_terminal_difference,current_reproduction_error,steering_meanV_full,steering_meanV_last100,steering_rate_full,steering_rate_last100,steering_lowpass_full,steering_lowpass_last100,steering_current
L1,1,2,0.0,9,0.0085401737463383,0.008540173746338375,0.018891152805045608,0.1195693831532578,0.1384605359583034,0,0,0.026860767422727555,0.03336649066469785,0.0,0.0,0.0,0.0,7.45931094670027e-17,0.05183939717934385,0.054210998547743916,0.0,0.0,0.0,0.0,0.008540173746338375
L1,1,2,0.1,9,0.1082352899696087,0.10823528996960877,0.24035582665796487,0.11508338369421481,0.15543921035217967,0,1,0.040209544502856076,0.08498159768188102,3.3333333333333335,0.0,0.15515336002122487,0.20515077638079476,6.938893903907228e-17,0.07751541034996205,0.13733298446519435,0.09148658840566982,0.0,0.10754464060267933,0.11097290290451627,0.10823528996960877
L1,1,2,0.2,9,0.1837800265773558,0.18378002657735587,0.41118951435681084,0.11508338369421481,0.12627289805102565,0,2,-0.03963128474126286,-0.06663396190328887,6.666666666666667,10.0,0.2965625083729584,0.4726523203087099,8.326672684688674e-17,-0.07640502424915145,-0.10794513976844494,0.18145444018940696,0.24491866240370913,0.2034803067222354,0.2512351867272912,0.18378002657735587
L1,1,2,0.3,10,-0.030511550842306,-0.03051155084230603,-0.06751189560863602,0.6907420894096681,0.023230193801032206,2,5,-0.11467123184533443,-0.08026884042255983,10.0,10.0,0.3903995292200624,0.49385407916714247,2.7755575615628914e-17,-0.2179529877871788,-0.12980536578942037,0.26848401997076093,0.24491866240370913,0.2651652768664831,0.26199286503403374,-0.03051155084230603
L1,1,2,0.4,10,0.0,0.0,0.0,0.023230193801032206,0.023230193801032206,5,5,0.0,0.0,0.0,0.0,0.0,0.0,0.0,0.0,0.0,0.0,0.0,0.0,0.0,0.0
L1,1,2,0.5,10,0.0614215675933488,0.06142156759334889,0.13603451987556436,0.4871956739254678,0.023230193801032206,2,5,-0.14811861596353434,-0.12640529016383692,10.0,10.0,0.3903995292200624,0.49385407916714247,9.020562075079397e-17,-0.2785551703675919,-0.20272619556026084,0.26848401997076093,0.24491866240370913,0.2651652768664831,0.26199286503403374,0.06142156759334889
L1,1,2,0.6000000000000001,10,0.3594101818863824,0.3594101818863824,0.832165514273859,0.1910646795271732,0.023230193801032206,0,5,-0.21702165976930435,-0.26280777416835216,16.666666666666668,20.0,0.6893556460103124,0.9205213368854197,0.0,-0.39626668970486073,-0.4031515596200732,0.4290368089877766,0.46211715726000974,0.4459891481527465,0.46211715726000974,0.3594101818863824
L1,1,2,0.7000000000000001,10,0.4024787880264846,0.4024787880264846,0.9436381096473732,0.38287789927265764,0.7265160089200309,0,3,0.015420966782929174,0.0024458725936217784,10.0,10.0,0.42979895790130257,0.5798766941781702,0.0,0.02977927936059836,0.003977721726808278,0.26848401997076093,0.24491866240370913,0.2904631172098427,0.30495343053645746,0.4024787880264846
L1,1,2,0.8,11,0.3546660095615828,0.35466600956158284,0.8201382778109275,0.5369853027887578,0.35712358059968535,0,5,-0.24368935131158165,-0.2959745115633974,16.666666666666668,20.0,0.688762520993567,0.919576032244803,5.551115123125783e-17,-0.4387851756237565,-0.4473207540582162,0.4290368089877766,0.46211715726000974,0.44565845908529633,0.46171325077813896,0.35466600956158284
L1,1,2,0.9,11,0.5017218378191038,0.5017218378191038,1.2201382778109275,0.5369853027887578,0.35712358059968535,0,7,-0.28319837074248205,-0.35524920475951965,23.333333333333336,30.0,0.964552257727264,1.2959990306734763,0.0,-0.4983010012763861,-0.5210243004334301,0.5663968920388622,0.6351489523872873,0.5857526279173046,0.606867998911121,0.5017218378191038
L1,1,2,1.0,11,0.5017218378191038,0.5017218378191038,1.2201382778109275,0.5369853027887578,0.35712358059968535,0,7,-0.28319837074248205,-0.35524920475951965,23.333333333333336,30.0,0.964552257727264,1.2959990306734763,0.0,-0.4983010012763861,-0.5210243004334301,0.5663968920388622,0.6351489523872873,0.5857526279173046,0.606867998911121,0.5017218378191038
L1,2,3,0.0,11,0.5017218378191038,0.5017218378191038,1.2201382778109275,0.5369853027887578,0.35712358059968535,0,7,-0.28319837074248205,-0.35524920475951965,23.333333333333336,30.0,0.964552257727264,1.2959990306734763,0.0,-0.4983010012763861,-0.5210243004334301,0.5663968920388622,0.6351489523872873,0.5857526279173046,0.606867998911121,0.5017218378191038
L1,2,3,0.1,11,0.3546660095615828,0.35466600956158284,0.8201382778109275,0.5369853027887578,0.35712358059968535,0,5,-0.24370778192557283,-0.2960021574843842,16.666666666666668,20.0,0.6893556460103124,0.9205213368854197,5.551115123125783e-17,-0.4388139223979447,-0.44735671765594553,0.4290368089877766,0.46211715726000974,0.4459891481527465,0.46211715726000974,0.35466600956158284
L1,2,3,0.2,11,0.3855742158323708,0.38557421583237084,0.8993709186289628,0.12385927517206936,0.023230193801032206,0,5,-0.16305030546128707,-0.20879562202053753,16.666666666666668,20.0,0.6893556460103124,0.9205213368854197,5.551115123125783e-17,-0.3049408189433445,-0.327089915179509,0.4290368089877766,0.46211715726000974,0.4459891481527465,0.46211715726000974,0.38557421583237084
L1,2,3,0.3,11,0.3872994068252632,0.38729940682526326,0.9038569180880058,0.1193732757130263,0.023230193801032206,0,5,-0.12432053022038717,-0.15054802073464488,16.666666666666668,20.0,0.6893556460103124,0.9205213368854197,5.551115123125783e-17,-0.23563286781217715,-0.2400597199939589,0.4290368089877766,0.46211715726000974,0.4459891481527465,0.46211715726000974,0.38729940682526326
L1,2,3,0.4,11,0.2716430548978911,0.2716430548978911,0.6163393054283597,0.20689088837267253,0.023230193801032206,1,5,-0.17515064112240467,-0.24930452249840948,13.333333333333334,20.0,0.5342022859890876,0.715370560504625,0.0,-0.32598722792357837,-0.38459909826321426,0.3513407358415687,0.46211715726000974,0.35549539729968693,0.37012519306310854,0.2716430548978911
L1,2,3,0.5,11,0.176763906311388,0.17676390631138805,0.39514862549134727,0.051993489776946004,0.24714211526829327,0,1,0.07184135007577491,0.15989972435665928,3.3333333333333335,0.0,0.15515336002122487,0.20515077638079476,5.551115123125783e-17,0.13788914388354698,0.2543387784108039,0.09148658840566982,0.0,0.10754464060267933,0.11097290290451627,0.17676390631138805
L1,2,3,0.6000000000000001,11,0.0253233018613651,0.02532330186136519,0.056026615355352166,0.12026583063723015,0.17629244599258231,0,0,0.0508439057295787,0.052292624381626324,0.0,0.0,0.0,0.0,9.020562075079397e-17,0.09789864285144019,0.08483949046658734,0.0,0.0,0.0,0.0,0.02532330186136519
L1,2,3,0.7000000000000001,11,0.4115381745954257,0.4115381745954257,0.9676563495212129,0.12402593305514563,0.2916822825763585,1,5,-0.08189740453556969,-0.1608457979782703,13.333333333333334,20.0,0.5342022859890876,0.715370560504625,0.0,-0.15689141572920945,-0.2557772918948899,0.3513407358415687,0.46211715726000974,0.35549539729968693,0.37012519306310854,0.4115381745954257
L1,2,3,0.8,11,0.3890262667569176,0.3890262667569176,0.9083543257937226,0.24214986265030883,0.5505041884440314,2,5,-0.016983427583668165,-0.022798111327012788,10.0,10.0,0.392793137637354,0.4478690165767098,0.0,-0.032794467973522645,-0.0370597755749968,0.26848401997076093,0.24491866240370913,0.2667130533302048,0.2385812785102401,0.3890262667569176
L1,2,3,0.9,11,0.3890392533567139,0.3890392533567139,0.9083881748247176,0.24214986265030883,0.5505380374750264,2,5,-0.016938999752959844,-0.02274510668712637,10.0,10.0,0.3914144263453335,0.44602797390293886,0.0,-0.032708740502088635,-0.03697369181060935,0.26848401997076093,0.24491866240370913,0.26582170612754596,0.23763797479652415,0.3890392533567139
L1,2,3,1.0,11,0.3890392533567139,0.3890392533567139,0.9083881748247176,0.24214986265030883,0.5505380374750264,2,5,-0.016938999752959844,-0.02274510668712637,10.0,10.0,0.3914144263453335,0.44602797390293886,0.0,-0.032708740502088635,-0.03697369181060935,0.26848401997076093,0.24491866240370913,0.26582170612754596,0.23763797479652415,0.3890392533567139
L1,3,4,0.0,11,0.3890392533567139,0.3890392533567139,0.9083881748247176,0.24214986265030883,0.5505380374750264,2,5,-0.016938999752959844,-0.02274510668712637,10.0,10.0,0.3914144263453335,0.44602797390293886,0.0,-0.032708740502088635,-0.03697369181060935,0.26848401997076093,0.24491866240370913,0.26582170612754596,0.23763797479652415,0.3890392533567139
L1,3,4,0.1,11,0.2893510919597329,0.28935109195973296,0.6588557548986681,0.023230193801032206,0.2820859486997002,3,5,-0.044970067075333534,-0.10943679948430816,6.666666666666668,10.0,0.2978877122182717,0.42523651659726774,5.551115123125783e-17,-0.08664910643665825,-0.17612225650127913,0.18145444018940696,0.24491866240370913,0.20436409239294015,0.2269542046558744,0.28935109195973296
L1,3,4,0.2,11,0.2467067262266212,0.24670672622662124,0.5572045182537706,0.5248814304459296,0.2820859486997002,1,5,-0.19152401855400836,-0.2926264601428295,13.333333333333334,20.0,0.5328235746970671,0.713529517830854,2.7755575615628914e-17,-0.3539563403097381,-0.44295471418060334,0.3513407358415687,0.46211715726000974,0.3546569885960392,0.36926186647050224,0.24670672622662124
L1,3,4,0.3,11,0.1710529543496122,0.1710529543496122,0.3821220980000367,0.24114194483199022,0.023264042832027043,2,5,-0.16732110684054957,-0.1632002016382962,10.0,10.0,0.3914144263453335,0.44602797390293886,0.0,-0.31240448125301984,-0.259352259231521,0.26848401997076093,0.24491866240370913,0.26582170612754596,0.23763797479652415,0.1710529543496122
L1,3,4,0.4,11,0.4630642948886977,0.4630642948886977,1.1086554245970492,0.24114194483199022,0.3497973694290397,2,7,-0.11241848167570455,-0.13381316877009442,16.666666666666668,20.0,0.6679897493543057,0.8233467103647665,0.0,-0.21380424244171586,-0.21424986035732205,0.4290368089877766,0.46211715726000974,0.4340004554680178,0.4196091978161336,0.4630642948886977
L1,3,4,0.5,10,0.4988145518128219,0.49881455181282197,1.211560712898355,0.13823665653068473,0.3497973694290397,0,5,-0.08071975674041937,-0.117140196607078,16.666666666666668,20.0,0.6893556460103124,0.9205213368854197,5.551115123125783e-17,-0.1546718049741682,-0.18823438607197265,0.4290368089877766,0.46211715726000974,0.4459891481527465,0.46211715726000974,0.49881455181282197
L1,3,4,0.6000000000000001,10,0.1602611720437397,0.16026117204373977,0.35757705474880724,0.13823665653068473,0.495813711279492,0,0,0.11628891580000278,0.1018115368312898,0.0,0.0,0.0,0.0,5.551115123125783e-17,0.2209273303096152,0.16408021354287203,0.0,0.0,0.0,0.0,0.16026117204373977
L1,3,4,0.7000000000000001,10,0.0238454686981122,0.023845468698112205,0.05275570044335154,0.5214318429675633,0.5741875434109148,0,0,0.05284629559880066,0.06278428930698893,0.0,0.0,0.0,0.0,3.469446951953614e-18,0.10172804209510278,0.10175323314432902,0.0,0.0,0.0,0.0,0.023845468698112205
L1,3,4,0.8,10,-0.3308087607989208,-0.33080876079892085,-0.7603374333944294,0.3345249768053443,0.5741875434109148,5,0,0.2945296458295516,0.3554570209352122,-16.666666666666668,-20.0,-0.6893556460103124,-0.9205213368854197,5.551115123125783e-17,0.5145741777322073,0.5212704818991615,-0.4290368089877766,-0.46211715726000974,-0.4459891481527465,-0.46211715726000974,-0.33080876079892085
L1,3,4,0.9,10,0.0593715777213222,0.05937157772132227,0.1314833802599895,0.5934851490557708,0.7249685293157602,5,5,0.03772770976221099,0.03525674029375278,0.0,0.0,-0.0013787112920204958,-0.0018410426737709429,6.938893903907228e-17,0.07274841672923826,0.057275572340627405,0.0,0.0,-0.0009593643289010612,-0.0009999996666668562,0.05937157772132227
L1,3,4,1.0,10,0.0593715777213222,0.05937157772132227,0.1314833802599895,0.5934851490557708,0.7249685293157602,5,5,0.03772770976221099,0.03525674029375278,0.0,0.0,-0.0013787112920204958,-0.0018410426737709429,6.938893903907228e-17,0.07274841672923826,0.057275572340627405,0.0,0.0,-0.0009593643289010612,-0.0009999996666668562,0.05937157772132227
L1,4,5,0.0,10,0.0593715777213222,0.05937157772132227,0.1314833802599895,0.5934851490557708,0.7249685293157602,5,5,0.03772770976221099,0.03525674029375278,0.0,0.0,-0.0013787112920204958,-0.0018410426737709429,6.938893903907228e-17,0.07274841672923826,0.057275572340627405,0.0,0.0,-0.0009593643289010612,-0.0009999996666668562,0.05937157772132227
L1,4,5,0.1,10,0.0593715777213222,0.05937157772132227,0.1314833802599895,0.5934851490557708,0.7249685293157602,5,5,0.03772770976221099,0.03525674029375278,0.0,0.0,-0.0013787112920204958,-0.0018410426737709429,6.938893903907228e-17,0.07274841672923826,0.057275572340627405,0.0,0.0,-0.0009593643289010612,-0.0009999996666668562,0.05937157772132227
L1,4,5,0.2,10,0.1891987471325214,0.18919874713252147,0.42360752790924994,0.023230193801032206,0.44683772171028213,5,5,0.12143764799512705,0.11344709482094847,0.0,0.0,0.0,0.0,5.551115123125783e-17,0.23036645233448913,0.18243458701688112,0.0,0.0,0.0,0.0,0.18919874713252147
L1,4,5,0.3,10,0.0373127962151337,0.037312796215133795,0.08257349404770542,0.36426422766257677,0.44683772171028213,5,5,0.023671748595650965,0.022114156127399906,0.0,0.0,0.0,0.0,9.71445146547012e-17,0.04569396195444077,0.03594893597088894,0.0,0.0,0.0,0.0,0.037312796215133795
L1,4,5,0.4,10,0.1611599859331342,0.16115998593313427,0.35961792461053554,0.5606526214717388,0.12027054608227443,1,5,-0.26755676902411557,-0.34740790010345385,13.333333333333334,20.0,0.5342022859890876,0.715370560504625,8.326672684688674e-17,-0.47524899310196905,-0.5116721317683496,0.3513407358415687,0.46211715726000974,0.35549539729968693,0.37012519306310854,0.16115998593313427
L1,4,5,0.5,10,0.2473581907935002,0.24735819079350022,0.5587391988529367,0.5615313472293377,0.12027054608227443,0,5,-0.32502662238811303,-0.374239977242829,16.666666666666668,20.0,0.6893556460103124,0.9205213368854197,2.7755575615628914e-17,-0.5565640561595461,-0.5431616856426695,0.4290368089877766,0.46211715726000974,0.4459891481527465,0.46211715726000974,0.24735819079350022
L1,4,5,0.6000000000000001,10,-0.0974818874925045,-0.09748188749250455,-0.2163149237796852,0.5615313472293377,0.34521642344965253,0,0,-0.03415663166719057,-0.022002921419986943,0.0,0.0,0.0,0.0,5.551115123125783e-17,-0.06588347386796091,-0.035768266663082054,0.0,0.0,0.0,0.0,-0.09748188749250455
L1,4,5,0.7000000000000001,10,0.2883309681602207,0.28833096816022075,0.6563938680622635,0.8390139888757363,0.4954078569379998,0,5,-0.31567217586413565,-0.3721302342481536,16.666666666666668,20.0,0.6893556460103124,0.9205213368854197,5.551115123125783e-17,-0.5439664211439409,-0.5407383432567708,0.4290368089877766,0.46211715726000974,0.4459891481527465,0.46211715726000974,0.28833096816022075
L1,4,5,0.8,10,0.2883309681602207,0.28833096816022075,0.6563938680622635,0.8390139888757363,0.4954078569379998,0,5,-0.31567217586413565,-0.3721302342481536,16.666666666666668,20.0,0.6893556460103124,0.9205213368854197,5.551115123125783e-17,-0.5439664211439409,-0.5407383432567708,0.4290368089877766,0.46211715726000974,0.4459891481527465,0.46211715726000974,0.28833096816022075
L1,4,5,0.9,10,0.0506519861491005,0.05065198614910051,0.1121371465960368,0.783270710341963,0.4954078569379998,3,5,-0.09461116052495067,-0.1094901688385965,6.666666666666668,10.0,0.25924638138896744,0.3402343411544877,1.3877787807814457e-17,-0.18074885826359122,-0.17620635793607592,0.18145444018940696,0.24491866240370913,0.17846274126928235,0.1827297108209801,0.05065198614910051
L1,4,5,1.0,10,-0.0577042912436152,-0.05770429124361521,-0.12778269394400854,0.6232243999130034,0.49544170596899484,5,5,-0.03659736753671891,-0.0341777738879151,0.0,0.0,-0.0013787112920204958,-0.0018410426737709429,6.938893903907228e-18,-0.0705761921353755,-0.05552642278756958,0.0,0.0,-0.0009593643289010612,-0.0009999996666668562,-0.05770429124361521
L1,5,6,0.0,10,-0.0577042912436152,-0.05770429124361521,-0.12778269394400854,0.6232243999130034,0.49544170596899484,5,5,-0.03659736753671891,-0.0341777738879151,0.0,0.0,-0.0013787112920204958,-0.0018410426737709429,6.938893903907228e-18,-0.0705761921353755,-0.05552642278756958,0.0,0.0,-0.0009593643289010612,-0.0009999996666668562,-0.05770429124361521
L1,5,6,0.1,10,0.0961098681739841,0.0961098681739841,0.2132513399175362,0.28219036605145864,0.49544170596899484,5,5,0.0611685318627572,0.05715516480563357,0.0,0.0,-0.0013787112920204958,-0.0018410426737709429,0.0,0.11761008274932733,0.09268513302289468,0.0,0.0,-0.0009593643289010612,-0.0009999996666668562,0.0961098681739841
L1,5,6,0.2,10,0.0438575074048916,0.04385750740489169,0.09707420131223721,0.023230193801032206,0.12030439511326933,5,5,0.027863461642065004,0.02604155612064955,0.0,0.0,-0.0013787112920204958,-0.0018410426737709429,8.326672684688674e-17,0.05377086160612169,0.042326293530375245,0.0,0.0,-0.0009593643289010612,-0.0009999996666668562,0.04385750740489169
L1,5,6,0.3,10,0.2635237490803609,0.2635237490803609,0.5969943053125426,0.214111789731908,0.41110609504445056,1,3,-0.049576425109540495,-0.09740722527927945,6.666666666666666,10.0,0.23524616919883762,0.2887033027863476,0.0,-0.09547318818256205,-0.15710220206696324,0.18145444018940693,0.24491866240370913,0.16224746413739377,0.1555422133595411,0.2635237490803609
L1,5,6,0.4,10,0.1545247888110908,0.15452478881109083,0.3445659317632863,0.1379972892830817,0.282563221046368,0,1,0.03726546746521997,0.08637077992845574,3.3333333333333335,0.0,0.15515336002122487,0.20515077638079476,2.7755575615628914e-17,0.07186018914942535,0.1395489216425315,0.09148658840566982,0.0,0.10754464060267933,0.11097290290451627,0.15452478881109083
L1,5,6,0.5,10,0.0627696973491775,0.06276969734917758,0.1390280992388645,0.1379972892830817,0.2770253885219462,0,0,0.08466925925520316,0.09445077919045827,0.0,0.0,0.0,0.0,6.938893903907228e-17,0.16210947207884863,0.15240926981232938,0.0,0.0,0.0,0.0,0.06276969734917758
L1,5,6,0.6000000000000001,10,0.1398213525458865,0.1398213525458865,0.3113215013711868,0.20894904471108755,0.12027054608227443,1,3,-0.037383064900595425,-0.05824553999961746,6.666666666666666,10.0,0.23524616919883762,0.2887033027863476,0.0,-0.07208617086728439,-0.09444289494647824,0.18145444018940693,0.24491866240370913,0.16224746413739377,0.1555422133595411,0.1398213525458865
L1,5,6,0.7000000000000001,10,0.0524735440645343,0.0524735440645343,0.11617713860529899,0.28219036605145864,0.3983675046567576,5,5,0.03330507022069212,0.031113608684983918,0.0,0.0,0.0,0.0,0.0,0.0642455094548006,0.0505571762122219,0.0,0.0,0.0,0.0,0.0524735440645343
L1,5,6,0.8,10,0.0524735440645343,0.0524735440645343,0.11617713860529899,0.28219036605145864,0.3983675046567576,5,5,0.03330507022069212,0.031113608684983918,0.0,0.0,0.0,0.0,0.0,0.0642455094548006,0.0505571762122219,0.0,0.0,0.0,0.0,0.0524735440645343
L1,5,6,0.9,10,0.1838178582588432,0.1838178582588432,0.411276123100661,0.28219036605145864,0.6934664891521195,5,5,0.11793726785097924,0.11018853856448349,0.0,0.0,-0.0013787112920204958,-0.0018410426737709429,0.0,0.22395383886359047,0.17730663770461258,0.0,0.0,-0.0009593643289010612,-0.0009999996666668562,0.1838178582588432
L1,5,6,1.0,10,0.1838178582588432,0.1838178582588432,0.411276123100661,0.28219036605145864,0.6934664891521195,5,5,0.11793726785097924,0.11018853856448349,0.0,0.0,-0.0013787112920204958,-0.0018410426737709429,0.0,0.22395383886359047,0.17730663770461258,0.0,0.0,-0.0009593643289010612,-0.0009999996666668562,0.1838178582588432
L1,6,7,0.0,10,0.1838178582588432,0.1838178582588432,0.411276123100661,0.28219036605145864,0.6934664891521195,5,5,0.11793726785097924,0.11018853856448349,0.0,0.0,-0.0013787112920204958,-0.0018410426737709429,0.0,0.22395383886359047,0.17730663770461258,0.0,0.0,-0.0009593643289010612,-0.0009999996666668562,0.1838178582588432
L1,6,7,0.1,10,0.3460418602265246,0.34604186022652467,0.798392355943564,0.47321712272853705,0.8716094786721009,1,3,0.008554613467471328,-0.05293222398504227,6.666666666666666,10.0,0.2755069184369942,0.3758879953408189,5.551115123125783e-17,0.016523113021365287,-0.0858720980725775,0.18145444018940693,0.24491866240370913,0.18939459487814625,0.20138075576605555,0.34604186022652467
L1,6,7,0.2,10,0.0746064762789061,0.0746064762789061,0.16533524901362517,0.4521753422940894,0.6175105913077146,0,0,0.09686934876593978,0.10808904869745511,0.0,0.0,0.0,0.0,0.0,0.18496505346818737,0.17399757087351714,0.0,0.0,0.0,0.0,0.0746064762789061
L1,6,7,0.3,10,0.0746064762789061,0.0746064762789061,0.16533524901362517,0.4521753422940894,0.6175105913077146,0,0,0.09686934876593978,0.10808904869745511,0.0,0.0,0.0,0.0,0.0,0.18496505346818737,0.17399757087351714,0.0,0.0,0.0,0.0,0.0746064762789061
L1,6,7,0.4,10,0.0184647889383208,0.01846478893832084,0.0408483866557206,0.17469270064769085,0.21554108730341145,0,0,0.0528193253552805,0.06396345405683163,0.0,0.0,0.0,0.0,4.163336342344337e-17,0.1016764835772014,0.10365069071463918,0.0,0.0,0.0,0.0,0.01846478893832084
L1,6,7,0.5,10,-0.0184602921393154,-0.018460292139315423,-0.04083843643457044,0.17469270064769085,0.1338542642131204,0,0,-0.052806459144119494,-0.06394787325755105,0.0,0.0,0.0,0.0,2.42861286636753e-17,-0.10165188728578717,-0.10362562369748421,0.0,0.0,0.0,0.0,-0.018460292139315423
L1,6,7,0.6000000000000001,10,0.0070207165148993,0.007020716514899372,0.015529939679273214,0.13689334507696413,0.15242328475623734,0,0,-0.014016134888311077,-0.011011993054738989,0.0,0.0,0.0,0.0,7.19910242530375e-17,-0.02706781379233061,-0.01790698044608757,0.0,0.0,0.0,0.0,0.007020716514899372
L1,6,7,0.7000000000000001,10,-0.037394883823617,-0.037394883823617026,-0.0827553239049233,0.1939212991064903,0.11116597520156701,0,0,-0.1120482881020754,-0.11837792113451945,0.0,0.0,0.0,0.0,2.7755575615628914e-17,-0.21312173787427274,-0.19017524742238665,0.0,0.0,0.0,0.0,-0.037394883823617026
L1,6,7,0.8,10,-0.1014542715446066,-0.1014542715446066,-0.22518957489215136,0.19808784847278807,0.17289827358063675,1,0,-0.031505041891309454,-0.12627184251747015,-3.3333333333333335,0.0,-0.16220939635148587,-0.06959298424429229,0.0,-0.06078205587487963,-0.20251807875904831,-0.09148658840566982,0.0,-0.11239513680052358,-0.03778285909763325,-0.1014542715446066
L1,6,7,0.9,10,-0.026156812315022,-0.026156812315022083,-0.05787154627570315,0.2476636985242167,0.18979215224851356,0,0,-0.04158954684280591,-0.05533686980494523,0.0,0.0,0.0,0.0,8.326672684688674e-17,-0.08016453676996238,-0.08975263286116347,0.0,0.0,0.0,0.0,-0.026156812315022083
L1,6,7,1.0,10,-0.0050823234949885,-0.00508232349498853,-0.011242094719592366,0.5506424548267846,0.5394003601071922,5,5,-0.00322282644037003,-0.003010765630002854,0.0,0.0,0.0,0.0,2.949029909160572e-17,-0.006225329131027622,-0.004896393764396553,0.0,0.0,0.0,0.0,-0.00508232349498853
L1,7,8,0.0,10,-0.0050823234949885,-0.00508232349498853,-0.011242094719592366,0.5506424548267846,0.5394003601071922,5,5,-0.00322282644037003,-0.003010765630002854,0.0,0.0,0.0,0.0,2.949029909160572e-17,-0.006225329131027622,-0.004896393764396553,0.0,0.0,0.0,0.0,-0.00508232349498853
L1,7,8,0.1,10,-0.0026711888164139,-0.0026711888164139747,-0.005908630291342282,0.2476636985242167,0.24175506823287443,0,0,-0.0076402005394443084,-0.009252174519507717,0.0,0.0,0.0,0.0,7.45931094670027e-17,-0.014757209361905265,-0.0150457520008607,0.0,0.0,0.0,0.0,-0.0026711888164139747
L1,7,8,0.2,10,-0.026156812315022,-0.026156812315022083,-0.05787154627570315,0.2476636985242167,0.18979215224851356,0,0,-0.04158954684280591,-0.05533686980494523,0.0,0.0,0.0,0.0,8.326672684688674e-17,-0.08016453676996238,-0.08975263286116347,0.0,0.0,0.0,0.0,-0.026156812315022083
L1,7,8,0.3,10,-0.0337873605984494,-0.03378736059844948,-0.07476542494357996,0.2476636985242167,0.17289827358063675,0,0,-0.09667601657574101,-0.11707328526152189,0.0,0.0,0.0,0.0,8.326672684688674e-17,-0.18460435281082901,-0.1881294211271221,0.0,0.0,0.0,0.0,-0.03378736059844948
L1,7,8,0.4,10,-0.0906970622846562,-0.09069706228465624,-0.2011729163469994,0.2476636985242167,0.04649078217721731,0,0,-0.20778525069274023,-0.27196476345179754,0.0,0.0,0.0,0.0,4.163336342344337e-17,-0.3811212229469587,-0.4155478771077087,0.0,0.0,0.0,0.0,-0.09069706228465624
L1,7,8,0.5,10,-0.0404805311504338,-0.04048053115043383,-0.08959108353880223,0.12018530105096145,0.030594217512159225,0,0,-0.13274237516588927,-0.16979210448207652,0.0,0.0,0.0,0.0,3.469446951953614e-17,-0.2509377482123652,-0.2693235220936891,0.0,0.0,0.0,0.0,-0.04048053115043383
L1,7,8,0.6000000000000001,11,-0.2749535469132425,-0.27495354691324253,-0.6242531583107743,0.023230193801032206,0.19897703549025783,5,1,0.1768498818924306,0.25242140079813563,-13.333333333333334,-20.0,-0.53451259270913,-0.7157808620573866,5.551115123125783e-17,0.32891763118434625,0.38890987286069445,-0.3513407358415687,-0.46211715726000974,-0.35568401926970433,-0.3703175101916484,-0.27495354691324253
L1,7,8,0.7000000000000001,11,-0.1004825392994632,-0.10048253929946324,-0.22301798387985683,0.24475953674416237,0.22174155286430558,2,1,0.05610808865505662,0.15890823605426743,-3.3333333333333335,-10.0,-0.14140914835173352,-0.26750154392791514,4.163336342344337e-17,0.1079594422650203,0.2528300028923917,-0.09148658840566982,-0.24491866240370913,-0.09808201610851586,-0.14428499240549864,-0.10048253929946324
L1,7,8,0.8,11,0.227167930950007,0.22716793095000704,0.5114125621334052,0.24475953674416237,0.5561720988775677,2,3,-0.029224987249581474,-0.0021724904389229804,3.333333333333333,0.0,0.1575469684385164,0.15916571379036176,2.7755575615628914e-17,-0.056392887118970024,-0.0035331243588793723,0.09148658840566981,0.0,0.1091906527105505,0.08623936128974037,0.22716793095000704
L1,7,8,0.9,11,-0.3723468077259291,-0.3723468077259291,-0.8652046730402283,0.33842613284344086,0.27322145980321255,5,1,0.05348577299615548,0.10444704064904178,-13.333333333333334,-20.0,-0.5338919792690451,-0.7149602589518631,0.0,0.10295035856448846,0.16824800559935818,-0.3513407358415687,-0.46211715726000974,-0.3553067463701646,-0.3699328442044473,-0.3723468077259291
L1,7,8,1.0,11,-0.0717361978031144,-0.07173619780311442,-0.15895207012985968,0.3384599818744356,0.5795079117445759,5,3,0.10700131676968141,0.1319463740841999,-6.666666666666668,-10.0,-0.25731665626007283,-0.3376415224900351,2.7755575615628914e-17,0.20379642783915963,0.21135136112422379,-0.18145444018940696,-0.24491866240370913,-0.17716241371789945,-0.18136804355308997,-0.07173619780311442
L1,8,9,0.0,11,-0.0717361978031144,-0.07173619780311442,-0.15895207012985968,0.3384599818744356,0.5795079117445759,5,3,0.10700131676968141,0.1319463740841999,-6.666666666666668,-10.0,-0.25731665626007283,-0.3376415224900351,2.7755575615628914e-17,0.20379642783915963,0.21135136112422379,-0.18145444018940696,-0.24491866240370913,-0.17716241371789945,-0.18136804355308997,-0.07173619780311442
L1,8,9,0.1,11,-0.0717361978031144,-0.07173619780311442,-0.15895207012985968,0.3384599818744356,0.5795079117445759,5,3,0.10700131676968141,0.1319463740841999,-6.666666666666668,-10.0,-0.25731665626007283,-0.3376415224900351,2.7755575615628914e-17,0.20379642783915963,0.21135136112422379,-0.18145444018940696,-0.24491866240370913,-0.17716241371789945,-0.18136804355308997,-0.07173619780311442
L1,8,9,0.2,11,-0.2724034064855984,-0.27240340648559846,-0.6181555867611664,0.33842613284344086,0.12027054608227443,5,3,0.039964908754297396,0.09532956660855492,-6.666666666666668,-10.0,-0.2989561167902499,-0.42666725771827735,5.551115123125783e-17,0.0770456791399379,0.15380494624661434,-0.18145444018940696,-0.24491866240370913,-0.20507637480405747,-0.22769118193822657,-0.27240340648559846
L1,8,9,0.3,11,-0.4539640305205533,-0.45396403052055334,-1.0831668652918949,0.33842613284344086,0.255259267551546,5,0,0.11201045560050424,0.15295078332183037,-16.666666666666668,-20.0,-0.6893556460103124,-0.9205213368854197,5.551115123125783e-17,0.21305197654219948,0.24373869103858253,-0.4290368089877766,-0.46211715726000974,-0.4459891481527465,-0.46211715726000974,-0.45396403052055334
L1,8,9,0.4,11,-0.2724034064855984,-0.27240340648559846,-0.6181555867611664,0.33842613284344086,0.12027054608227443,5,3,0.039964908754297396,0.09532956660855492,-6.666666666666668,-10.0,-0.2989561167902499,-0.42666725771827735,5.551115123125783e-17,0.0770456791399379,0.15380494624661434,-0.18145444018940696,-0.24491866240370913,-0.20507637480405747,-0.22769118193822657,-0.27240340648559846
L1,8,9,0.5,10,-0.2069197140818151,-0.20691971408181514,-0.46440768083110884,0.33842613284344086,0.4740184520123319,5,2,0.04320412500513235,0.013174796029966629,-10.0,-10.0,-0.3903995292200624,-0.49385407916714247,5.551115123125783e-17,0.08326252791533133,0.021423000861104463,-0.26848401997076093,-0.24491866240370913,-0.2651652768664831,-0.26199286503403374,-0.20691971408181514
L1,8,9,0.6000000000000001,10,-0.4924144745529008,-0.4924144745529008,-1.1927939794834337,0.33842613284344086,0.14563215336000712,5,0,0.10330569315005741,0.16168357209760714,-16.666666666666668,-20.0,-0.6893556460103124,-0.9205213368854197,0.0,0.19694437320602,0.2570501903223241,-0.4290368089877766,-0.46211715726000974,-0.4459891481527465,-0.46211715726000974,-0.4924144745529008
L1,8,9,0.7000000000000001,10,-0.0477104669230897,-0.04771046692308973,-0.10561478390445012,0.24845107272333394,0.5428362888188838,2,0,0.14441312759795683,0.18486694915047847,-6.666666666666667,-10.0,-0.2965625083729584,-0.4726523203087099,2.7755575615628914e-17,0.27193973541818967,0.29190792346315025,-0.18145444018940696,-0.24491866240370913,-0.2034803067222354,-0.2512351867272912,-0.04771046692308973
L1,8,9,0.8,10,-0.1923932229472049,-0.19239322294720496,-0.43094059825107167,0.24845107272333394,0.21751047447226227,2,0,0.008470640351465414,0.05988960313108013,-6.666666666666667,-10.0,-0.2965625083729584,-0.4726523203087099,5.551115123125783e-17,0.01636094924305634,0.09709212460648946,-0.18145444018940696,-0.24491866240370913,-0.2034803067222354,-0.2512351867272912,-0.19239322294720496
L1,8,9,0.9,10,-0.1582960107037651,-0.15829601070376517,-0.3531170056098545,0.2963402267493631,0.7432232211395086,5,1,0.17792589891600366,0.260308850170107,-13.333333333333334,-20.0,-0.5297433071318164,-0.8010347068870263,8.326672684688674e-17,0.3307699963827767,0.39974250236265474,-0.3513407358415687,-0.46211715726000974,-0.3527817852980608,-0.40957328597729226,-0.15829601070376517
L1,8,9,1.0,10,-0.3388520281849866,-0.3388520281849866,-0.7803756555855952,0.2963402267493631,0.5159645711637679,5,0,0.25359525857799403,0.304701518461427,-16.666666666666668,-20.0,-0.6893556460103124,-0.9205213368854197,0.0,0.4541054535409964,0.4586012616475728,-0.4290368089877766,-0.46211715726000974,-0.4459891481527465,-0.46211715726000974,-0.3388520281849866
L1,9,1,0.0,10,-0.3388520281849866,-0.3388520281849866,-0.7803756555855952,0.2963402267493631,0.5159645711637679,5,0,0.25359525857799403,0.304701518461427,-16.666666666666668,-20.0,-0.6893556460103124,-0.9205213368854197,0.0,0.4541054535409964,0.4586012616475728,-0.4290368089877766,-0.46211715726000974,-0.4459891481527465,-0.46211715726000974,-0.3388520281849866
L1,9,1,0.1,10,-0.0944184978327115,-0.09441849783271151,-0.20947579757134516,0.24845107272333394,0.43897527515198875,2,0,0.059358245442086344,0.08855902518831288,-6.666666666666667,-10.0,-0.2965625083729584,-0.4726523203087099,1.3877787807814457e-17,0.11416018655117592,0.1430366331358695,-0.18145444018940696,-0.24491866240370913,-0.2034803067222354,-0.2512351867272912,-0.09441849783271151
L1,9,1,0.2,10,-0.2370350733285724,-0.2370350733285724,-0.5344814606354534,0.24845107272333394,0.11396961208788045,2,0,-0.05564591479941938,-0.02664243360532817,-6.666666666666667,-10.0,-0.2965625083729584,-0.4726523203087099,0.0,-0.10707699940639587,-0.04330171417768922,-0.18145444018940696,-0.24491866240370913,-0.2034803067222354,-0.2512351867272912,-0.2370350733285724
L1,9,1,0.3,10,0.0379430686904144,0.03794306869041449,0.08396962092607368,0.029999991161806773,0.11396961208788045,0,0,0.10857757406760904,0.13148590262676316,0.0,0.0,0.0,0.0,9.020562075079397e-17,0.2067129450707757,0.21063583099695843,0.0,0.0,0.0,0.0,0.03794306869041449
L1,9,1,0.4,10,0.0,0.0,0.0,0.029999991161806773,0.029999991161806773,0,0,0.0,0.0,0.0,0.0,0.0,0.0,0.0,0.0,0.0,0.0,0.0,0.0,0.0,0.0
L1,9,1,0.5,10,0.0,0.0,0.0,0.029999991161806773,0.029999991161806773,0,0,0.0,0.0,0.0,0.0,0.0,0.0,0.0,0.0,0.0,0.0,0.0,0.0,0.0,0.0
L1,9,1,0.6000000000000001,9,0.0,0.0,0.0,0.029999991161806773,0.029999991161806773,0,0,0.0,0.0,0.0,0.0,0.0,0.0,0.0,0.0,0.0,0.0,0.0,0.0,0.0,0.0
L1,9,1,0.7000000000000001,9,0.0,0.0,0.0,0.029999991161806773,0.029999991161806773,0,0,0.0,0.0,0.0,0.0,0.0,0.0,0.0,0.0,0.0,0.0,0.0,0.0,0.0,0.0
L1,9,1,0.8,9,-0.0093156115365683,-0.00931561153656836,-0.020606542503286515,0.05060653366509329,0.029999991161806773,0,0,-0.0449225443193433,-0.06808634267735689,0.0,0.0,0.0,0.0,6.071532165918825e-17,-0.08655799706173875,-0.11027903654570172,0.0,0.0,0.0,0.0,-0.00931561153656836
L1,9,1,0.9,9,0.0083903147119998,0.008390314711999872,0.01855964386159875,0.11508338369421481,0.13364302755581356,0,0,0.023998692429793467,0.0290620762444794,0.0,0.0,0.0,0.0,7.112366251504909e-17,0.04632416985426923,0.047228731040410886,0.0,0.0,0.0,0.0,0.008390314711999872
L1,9,1,1.0,9,0.0085401737463383,0.008540173746338375,0.018891152805045608,0.1195693831532578,0.1384605359583034,0,0,0.026860767422727555,0.03336649066469785,0.0,0.0,0.0,0.0,7.45931094670027e-17,0.05183939717934385,0.054210998547743916,0.0,0.0,0.0,0.0,0.008540173746338375
L5,1,2,0.0,9,0.0085401737463383,0.008540173746338375,0.018891152805045608,0.1195693831532578,0.1384605359583034,0,0,0.026860767422727555,0.03336649066469785,0.0,0.0,0.0,0.0,7.45931094670027e-17,0.05183939717934385,0.054210998547743916,0.0,0.0,0.0,0.0,0.008540173746338375
L5,1,2,0.1,9,0.0083903147119998,0.008390314711999872,0.01855964386159875,0.11508338369421481,0.13364302755581356,0,0,0.023998692429793467,0.0290620762444794,0.0,0.0,0.0,0.0,7.112366251504909e-17,0.04632416985426923,0.047228731040410886,0.0,0.0,0.0,0.0,0.008390314711999872
L5,1,2,0.2,9,0.1329618468197521,0.13296184681975212,0.2958607351677487,0.11508338369421481,0.41094411886196347,0,0,-0.02312439421818467,-0.038367360126739206,0.0,0.0,0.0,0.0,2.7755575615628914e-17,-0.04463881561162916,-0.06231629997359003,0.0,0.0,0.0,0.0,0.13296184681975212
L5,1,2,0.3,10,-0.3516823167814831,-0.35168231678148315,-0.8125978702334395,0.023230193801032206,0.21063232356759268,5,0,0.24232375470191964,0.2934482523622322,-16.666666666666668,-20.0,-0.6893556460103124,-0.9205213368854197,5.551115123125783e-17,0.43665271761063673,0.4440283346939363,-0.4290368089877766,-0.46211715726000974,-0.4459891481527465,-0.46211715726000974,-0.35168231678148315
L5,1,2,0.4,10,-0.3535815149525713,-0.3535815149525713,-0.8173954344660315,0.023230193801032206,0.20583475933500073,5,0,0.2007305446655957,0.23150523610851023,-16.666666666666668,-20.0,-0.6893556460103124,-0.9205213368854197,0.0,0.36941324891447086,0.35966307993082536,-0.4290368089877766,-0.46211715726000974,-0.4459891481527465,-0.46211715726000974,-0.3535815149525713
L5,1,2,0.5,10,0.0,0.0,0.0,0.023230193801032206,0.023230193801032206,5,5,0.0,0.0,0.0,0.0,0.0,0.0,0.0,0.0,0.0,0.0,0.0,0.0,0.0,0.0
L5,1,2,0.6000000000000001,10,0.263357703455753,0.263357703455753,0.5965996244582608,0.1910646795271732,0.18766430398543402,0,3,-0.13549736465203555,-0.15253511201603584,10.0,10.0,0.4541094768114748,0.6318180340990717,0.0,-0.25591765132833877,-0.2431027374412892,0.26848401997076093,0.24491866240370913,0.30587498392199586,0.3303177637601938,0.263357703455753
L5,1,2,0.7000000000000001,10,0.0935671792728257,0.09356717927282575,0.20757591300217687,0.1910646795271732,0.19864059252935007,0,1,-0.04052002251240985,-0.010873979593196526,3.3333333333333335,0.0,0.15515336002122487,0.20515077638079476,4.163336342344337e-17,-0.07811151735276854,-0.017682599093833004,0.09148658840566982,0.0,0.10754464060267933,0.11097290290451627,0.09356717927282575
L5,1,2,0.8,11,0.2676694063134118,0.2676694063134118,0.606860404467687,0.5369853027887578,0.5438457072564448,0,3,-0.15113337785929498,-0.17078272481258563,10.0,10.0,0.4541094768114748,0.6318180340990717,0.0,-0.28391804688309225,-0.2708170686886486,0.26848401997076093,0.24491866240370913,0.30587498392199586,0.3303177637601938,0.2676694063134118
L5,1,2,0.9,11,0.2676694063134118,0.2676694063134118,0.606860404467687,0.5369853027887578,0.5438457072564448,0,3,-0.15113337785929498,-0.17078272481258563,10.0,10.0,0.4541094768114748,0.6318180340990717,0.0,-0.28391804688309225,-0.2708170686886486,0.26848401997076093,0.24491866240370913,0.30587498392199586,0.3303177637601938,0.2676694063134118
L5,1,2,1.0,11,0.1057220798681692,0.10572207986816923,0.23473229491460135,0.7463878669654325,0.7811201618800339,0,1,-0.04581637864647892,-0.010654206863838667,3.3333333333333335,0.0,0.15484305330118242,0.20474047482803315,2.7755575615628914e-17,-0.08827138852168605,-0.017325290409868542,0.09148658840566982,0.0,0.1073312086842224,0.11075277834299786,0.10572207986816923
L5,2,3,0.0,11,0.1057220798681692,0.10572207986816923,0.23473229491460135,0.7463878669654325,0.7811201618800339,0,1,-0.04581637864647892,-0.010654206863838667,3.3333333333333335,0.0,0.15484305330118242,0.20474047482803315,2.7755575615628914e-17,-0.08827138852168605,-0.017325290409868542,0.09148658840566982,0.0,0.1073312086842224,0.11075277834299786,0.10572207986816923
L5,2,3,0.1,11,-0.1831431274170801,-0.18314312741708014,-0.40973163662851475,0.5369853027887578,0.12725366616024306,0,0,-0.16955377300313537,-0.167526620772208,0.0,0.0,0.0,0.0,2.7755575615628914e-17,-0.31629106573162635,-0.26590301537186667,0.0,0.0,0.0,0.0,-0.18314312741708014
L5,2,3,0.2,11,0.0015345474750046,0.0015345474750046145,0.0033943909881736928,0.12385927517206936,0.12725366616024306,0,0,0.006822558539292728,0.009100503837423002,0.0,0.0,0.0,0.0,1.452830911130576e-17,0.01317811030467663,0.01479914365183618,0.0,0.0,0.0,0.0,0.0015345474750046145
L5,2,3,0.3,11,-0.0402087365763197,-0.040208736576319765,-0.08898889920391431,0.1193732757130263,0.030384376509111993,0,0,-0.09042550177212305,-0.12821007463325834,0.0,0.0,0.0,0.0,6.245004513516506e-17,-0.17291645418931803,-0.2055390216403425,0.0,0.0,0.0,0.0,-0.040208736576319765
L5,2,3,0.4,11,-0.1687562852522589,-0.16875628525225891,-0.3768908972108657,0.20689088837267253,0.029999991161806773,1,0,-0.16639493441799888,-0.2387038643972278,-3.3333333333333335,0.0,-0.15515336002122487,-0.20515077638079476,2.7755575615628914e-17,-0.3107891338706417,-0.3698126553790197,-0.09148658840566982,0.0,-0.10754464060267933,-0.11097290290451627,-0.16875628525225891
L5,2,3,0.5,11,-0.0136447428249767,-0.01364474282497675,-0.03018377152186843,0.0601837626836752,0.029999991161806773,0,0,-0.12622098511892113,-0.19182097925224612,0.0,0.0,0.0,0.0,5.0306980803327406e-17,-0.23909706475871223,-0.3022191633297042,0.0,0.0,0.0,0.0,-0.01364474282497675
L5,2,3,0.6000000000000001,11,-0.0051822144607126,-0.005182214460712609,-0.011463057358335221,0.12026583063723015,0.10880277327889493,0,0,-0.024036958704490408,-0.011466576329855843,0.0,0.0,0.0,0.0,8.673617379884035e-18,-0.04639792846708707,-0.01864602598342218,0.0,0.0,0.0,0.0,-0.005182214460712609
L5,2,3,0.7000000000000001,11,-0.0030885315192881,-0.0030885315192881683,-0.006831791672971918,0.12056395123405633,0.11373215956108441,0,0,-0.014186659118812506,0.04539847855899656,0.0,0.0,0.0,0.0,6.808789643208968e-17,-0.027396964589105233,0.07369805442435999,0.0,0.0,0.0,0.0,-0.0030885315192881683
L5,2,3,0.8,11,0.146062542353074,0.14606254235307406,0.3254148999271411,0.43420407951285056,0.5596189794399916,1,2,-0.060329003514827645,-0.003602397119746803,3.3333333333333335,0.0,0.16460300476877748,0.02360792165385961,5.551115123125783e-17,-0.11601052589255648,-0.005858541022207781,0.09148658840566982,0.0,0.11403935908636394,0.01282242291556112,0.14606254235307406
L5,2,3,0.9,11,0.1705957318267182,0.1705957318267182,0.3810803311507234,0.24214986265030883,0.023230193801032206,2,5,-0.1681396501240724,-0.1640083092716052,10.0,10.0,0.392793137637354,0.4478690165767098,0.0,-0.3138306094588042,-0.2605776729581503,0.26848401997076093,0.24491866240370913,0.2667130533302048,0.2385812785102401,0.1705957318267182
L5,2,3,1.0,11,0.2814946814027954,0.28149468140279543,0.6399360860493915,0.24214986265030883,0.2820859486997002,2,5,-0.09389747691023707,-0.09463974397199677,10.0,10.0,0.3914144263453335,0.44602797390293886,5.551115123125783e-17,-0.17941497052327424,-0.152709432229381,0.26848401997076093,0.24491866240370913,0.26582170612754596,0.23763797479652415,0.28149468140279543
L5,3,4,0.0,11,0.2814946814027954,0.28149468140279543,0.6399360860493915,0.24214986265030883,0.2820859486997002,2,5,-0.09389747691023707,-0.09463974397199677,10.0,10.0,0.3914144263453335,0.44602797390293886,5.551115123125783e-17,-0.17941497052327424,-0.152709432229381,0.26848401997076093,0.24491866240370913,0.26582170612754596,0.23763797479652415,0.28149468140279543
L5,3,4,0.1,11,0.1706095972874514,0.1706095972874514,0.38111192069473754,0.24215212213728946,0.023264042832027043,2,5,-0.16811477313163972,-0.1639846432952602,10.0,10.0,0.3920075513620794,0.4469732785435562,0.0,-0.31378728769307423,-0.26054179780121145,0.26848401997076093,0.24491866240370913,0.26620522171466715,0.23812238110415507,0.1706095972874514
L5,3,4,0.2,11,0.2290248065801343,0.22902480658013438,0.5157453621241997,0.023230193801032206,0.13897555592523203,3,5,-0.14659852042941524,-0.22834129913009327,6.666666666666668,10.0,0.2992664235102922,0.4270775592710387,8.326672684688674e-17,-0.2758444881470475,-0.35517489063876795,0.18145444018940696,0.24491866240370913,0.20528320897382557,0.22790248091348755,0.22902480658013438
L5,3,4,0.3,11,-0.231160686523671,-0.231160686523671,-0.5207339999800986,0.24114194483199022,0.12040794485189164,2,0,-0.04170711744100189,-0.011085023345073997,-6.666666666666667,-10.0,-0.2965625083729584,-0.4726523203087099,0.0,-0.08039017978160719,-0.018025711869838985,-0.18145444018940696,-0.24491866240370913,-0.2034803067222354,-0.2512351867272912,-0.231160686523671
L5,3,4,0.4,11,-0.0770666901772534,-0.07706669017725344,-0.17080867447238934,0.24114194483199022,0.47033327035960093,2,0,0.08211493485139637,0.112949455276845,-6.666666666666667,-10.0,-0.2965625083729584,-0.4726523203087099,4.163336342344337e-17,0.157301240547013,0.1816520923106716,-0.18145444018940696,-0.24491866240370913,-0.2034803067222354,-0.2512351867272912,-0.07706669017725344
L5,3,4,0.5,10,-0.0001166100014349,-0.00011661000143495853,-0.0002579389921432418,0.12066588384403489,0.12040794485189164,0,0,-0.033262648636728676,-0.051626988489030495,0.0,0.0,0.0,0.0,5.85198122599051e-17,-0.0641639031107615,-0.0837646548103328,0.0,0.0,0.0,0.0,-0.00011661000143495853
L5,3,4,0.6000000000000001,10,-0.0001166100014349,-0.00011661000143495853,-0.0002579389921432418,0.12066588384403489,0.12040794485189164,0,0,-0.033262648636728676,-0.051626988489030495,0.0,0.0,0.0,0.0,5.85198122599051e-17,-0.0641639031107615,-0.0837646548103328,0.0,0.0,0.0,0.0,-0.00011661000143495853
L5,3,4,0.7000000000000001,10,0.0238454686981122,0.023845468698112205,0.05275570044335154,0.5214318429675633,0.5741875434109148,0,0,0.05284629559880066,0.06278428930698893,0.0,0.0,0.0,0.0,3.469446951953614e-18,0.10172804209510278,0.10175323314432902,0.0,0.0,0.0,0.0,0.023845468698112205
L5,3,4,0.8,10,-0.3308087607989208,-0.33080876079892085,-0.7603374333944294,0.3345249768053443,0.5741875434109148,5,0,0.2945296458295516,0.3554570209352122,-16.666666666666668,-20.0,-0.6893556460103124,-0.9205213368854197,5.551115123125783e-17,0.5145741777322073,0.5212704818991615,-0.4290368089877766,-0.46211715726000974,-0.4459891481527465,-0.46211715726000974,-0.33080876079892085
L5,3,4,0.9,10,0.006904289345431,0.006904289345431059,0.015272392623695508,0.3345249768053443,0.3497973694290397,5,5,0.004378211710810376,0.004090126968882168,0.0,0.0,0.0,0.0,5.898059818321144e-17,0.008457021097620986,0.006651709008588267,0.0,0.0,0.0,0.0,0.006904289345431059
L5,3,4,1.0,10,0.006904289345431,0.006904289345431059,0.015272392623695508,0.3345249768053443,0.3497973694290397,5,5,0.004378211710810376,0.004090126968882168,0.0,0.0,0.0,0.0,5.898059818321144e-17,0.008457021097620986,0.006651709008588267,0.0,0.0,0.0,0.0,0.006904289345431059
L5,4,5,0.0,10,0.006904289345431,0.006904289345431059,0.015272392623695508,0.3345249768053443,0.3497973694290397,5,5,0.004378211710810376,0.004090126968882168,0.0,0.0,0.0,0.0,5.898059818321144e-17,0.008457021097620986,0.006651709008588267,0.0,0.0,0.0,0.0,0.006904289345431059
L5,4,5,0.1,10,0.006904289345431,0.006904289345431059,0.015272392623695508,0.3345249768053443,0.3497973694290397,5,5,0.004378211710810376,0.004090126968882168,0.0,0.0,0.0,0.0,5.898059818321144e-17,0.008457021097620986,0.006651709008588267,0.0,0.0,0.0,0.0,0.006904289345431059
L5,4,5,0.2,10,0.0438422342352882,0.04384223423528824,0.09704035228124219,0.023230193801032206,0.12027054608227443,5,5,0.027819033811356614,0.025988551480763077,0.0,0.0,0.0,0.0,4.163336342344337e-17,0.05368528981461771,0.04224024576702426,0.0,0.0,0.0,0.0,0.04384223423528824
L5,4,5,0.3,10,-0.1529658183581899,-0.15296581835818993,-0.3410340338615445,0.36426422766257677,0.023230193801032206,5,5,-0.09776589939947608,-0.09133293869354857,0.0,0.0,0.0,0.0,2.7755575615628914e-17,-0.18663709890890304,-0.14745269437000652,0.0,0.0,0.0,0.0,-0.15296581835818993
L5,4,5,0.4,10,0.1108742882175007,0.11087428821750078,0.24626415484055597,0.5769660389604763,0.023230193801032206,1,5,-0.30183479200120333,-0.38189305478516083,13.333333333333334,20.0,0.5342022859890876,0.715370560504625,8.326672684688674e-17,-0.5248733571743069,-0.5518766286926446,0.3513407358415687,0.46211715726000974,0.35549539729968693,0.37012519306310854,0.11087428821750078
L5,4,5,0.5,10,-0.1599827937974904,-0.15998279379749042,-0.35694508451510754,0.4943259428742342,0.13738085835912667,0,0,-0.15126892630708658,-0.1674707382714037,0.0,0.0,0.0,0.0,2.7755575615628914e-17,-0.28415875641962784,-0.2658185569312038,0.0,0.0,0.0,0.0,-0.15998279379749042
L5,4,5,0.6000000000000001,10,-0.1599827937974904,-0.15998279379749042,-0.35694508451510754,0.4943259428742342,0.13738085835912667,0,0,-0.15126892630708658,-0.1674707382714037,0.0,0.0,0.0,0.0,2.7755575615628914e-17,-0.28415875641962784,-0.2658185569312038,0.0,0.0,0.0,0.0,-0.15998279379749042
L5,4,5,0.7000000000000001,10,-0.1437970763159281,-0.1437970763159281,-0.32029621581889767,0.5615313472293377,0.24123513141044003,0,0,-0.0709507018352466,-0.058860114667730556,0.0,0.0,0.0,0.0,0.0,-0.13620102548632534,-0.09543337406368671,0.0,0.0,0.0,0.0,-0.1437970763159281
L5,4,5,0.8,10,-0.0547680456514073,-0.0547680456514073,-0.12126716728205156,0.5615313472293377,0.24026417994728613,0,1,-0.1344522411135462,-0.08850832326141761,3.3333333333333335,0.0,0.15484305330118242,0.20474047482803315,0.0,-0.2540300744337655,-0.14295586224929863,0.09148658840566982,0.0,0.1073312086842224,0.11075277834299786,-0.0547680456514073
L5,4,5,0.9,10,-0.0378023306600515,-0.03780233066005157,-0.08365786405136788,0.003928410133642196,0.12027054608227443,4,3,-0.016841464049957594,0.040760388976112144,-3.333333333333334,-10.0,-0.07465573207031972,-0.0719583075803451,6.938893903907228e-17,-0.03252053495658645,0.06619202982449093,-0.09148658840566982,-0.24491866240370913,-0.051901881453289604,-0.03906573581581604,-0.03780233066005157
L5,4,5,1.0,10,-0.1098452295913809,-0.10984522959138093,-0.2439598325493073,0.36426422766257677,0.12030439511326933,5,5,-0.06990243775741106,-0.06529138257289901,0.0,0.0,-0.0013787112920204958,-0.0018410426737709429,2.7755575615628914e-17,-0.1342131518581305,-0.10578662851985124,0.0,0.0,-0.0009593643289010612,-0.0009999996666668562,-0.10984522959138093
L5,5,6,0.0,10,-0.1098452295913809,-0.10984522959138093,-0.2439598325493073,0.36426422766257677,0.12030439511326933,5,5,-0.06990243775741106,-0.06529138257289901,0.0,0.0,-0.0013787112920204958,-0.0018410426737709429,2.7755575615628914e-17,-0.1342131518581305,-0.10578662851985124,0.0,0.0,-0.0009593643289010612,-0.0009999996666668562,-0.10984522959138093
L5,5,6,0.1,10,0.0438575074048916,0.04385750740489169,0.09707420131223721,0.023230193801032206,0.12030439511326933,5,5,0.027863461642065004,0.02604155612064955,0.0,0.0,-0.0013787112920204958,-0.0018410426737709429,8.326672684688674e-17,0.05377086160612169,0.042326293530375245,0.0,0.0,-0.0009593643289010612,-0.0009999996666668562,0.04385750740489169
L5,5,6,0.2,10,0.0438422342352882,0.04384223423528824,0.09704035228124219,0.023230193801032206,0.12027054608227443,5,5,0.027819033811356614,0.025988551480763077,0.0,0.0,0.0,0.0,4.163336342344337e-17,0.05368528981461771,0.04224024576702426,0.0,0.0,0.0,0.0,0.04384223423528824
L5,5,6,0.3,10,-0.0438565557728304,-0.043856555772830444,-0.09707209226452529,0.160025817363331,0.2629537250988057,1,0,0.06340103597487837,0.03799819980967578,-3.3333333333333335,0.0,-0.15515336002122487,-0.20515077638079476,4.163336342344337e-17,0.12186069238200418,0.061718240635585786,-0.09148658840566982,0.0,-0.10754464060267933,-0.11097290290451627,-0.043856555772830444
L5,5,6,0.4,10,0.0623336492455108,0.06233364924551085,0.13805978078787123,0.12489394431093448,0.2629537250988057,0,0,0.08329294093245682,0.09400514860191506,0.0,0.0,0.0,0.0,5.551115123125783e-17,0.1595196471150431,0.15170129356177517,0.0,0.0,0.0,0.0,0.06233364924551085
L5,5,6,0.5,10,0.0623336492455108,0.06233364924551085,0.13805978078787123,0.12489394431093448,0.2629537250988057,0,0,0.08329294093245682,0.09400514860191506,0.0,0.0,0.0,0.0,5.551115123125783e-17,0.1595196471150431,0.15170129356177517,0.0,0.0,0.0,0.0,0.06233364924551085
L5,5,6,0.6000000000000001,10,0.1661184726831034,0.16611847268310342,0.3708878063740034,0.12489394431093448,0.2957817506849379,0,1,0.08458148150966371,0.1344727011910023,3.3333333333333335,0.0,0.15515336002122487,0.20515077638079476,2.7755575615628914e-17,0.16194436652307648,0.21527299214380488,0.09148658840566982,0.0,0.10754464060267933,0.11097290290451627,0.16611847268310342
L5,5,6,0.7000000000000001,10,0.1522634343534462,0.1522634343534462,0.3394433248591193,0.18082722122315506,0.12027054608227443,3,5,-0.05031552451572819,-0.07969903208471545,6.666666666666668,10.0,0.23524616919883762,0.28870330278634804,0.0,-0.09688767066217821,-0.12889418656142465,0.18145444018940696,0.24491866240370913,0.16224746413739377,0.15554221335954135,0.1522634343534462
L5,5,6,0.8,10,0.1240209884254728,0.12402098842547285,0.27575158937201794,0.4445189567102564,0.12027054608227443,2,5,-0.11751238942850126,-0.099975066413254,10.0,10.0,0.3903995292200624,0.49385407916714247,5.551115123125783e-17,-0.2231741380018569,-0.16117253832824582,0.26848401997076093,0.24491866240370913,0.2651652768664831,0.26199286503403374,0.12402098842547285
L5,5,6,0.9,10,0.1838178582588432,0.1838178582588432,0.411276123100661,0.28219036605145864,0.6934664891521195,5,5,0.11793726785097924,0.11018853856448349,0.0,0.0,-0.0013787112920204958,-0.0018410426737709429,0.0,0.22395383886359047,0.17730663770461258,0.0,0.0,-0.0009593643289010612,-0.0009999996666668562,0.1838178582588432
L5,5,6,1.0,10,0.1838178582588432,0.1838178582588432,0.411276123100661,0.28219036605145864,0.6934664891521195,5,5,0.11793726785097924,0.11018853856448349,0.0,0.0,-0.0013787112920204958,-0.0018410426737709429,0.0,0.22395383886359047,0.17730663770461258,0.0,0.0,-0.0009593643289010612,-0.0009999996666668562,0.1838178582588432
L5,6,7,0.0,10,0.1838178582588432,0.1838178582588432,0.411276123100661,0.28219036605145864,0.6934664891521195,5,5,0.11793726785097924,0.11018853856448349,0.0,0.0,-0.0013787112920204958,-0.0018410426737709429,0.0,0.22395383886359047,0.17730663770461258,0.0,0.0,-0.0009593643289010612,-0.0009999996666668562,0.1838178582588432
L5,6,7,0.1,10,-0.1610809796180683,-0.1610809796180683,-0.3594385065632192,0.4911496540534439,0.5317111474902247,2,0,0.2228798064140792,0.2978101913051313,-6.666666666666667,-10.0,-0.29895611679025,-0.42666725771827724,0.0,0.4057627448499999,0.4497055808949015,-0.18145444018940696,-0.24491866240370913,-0.20507637480405752,-0.22769118193822652,-0.1610809796180683
L5,6,7,0.2,10,-0.0813198201997919,-0.08131982019979196,-0.18027590204730745,0.1958169893507189,0.21554108730341145,1,0,0.04962896415705342,0.01518396743520195,-3.3333333333333335,0.0,-0.15515336002122487,-0.20515077638079476,5.551115123125783e-17,0.0955737497867536,0.024688792987697744,-0.09148658840566982,0.0,-0.10754464060267933,-0.11097290290451627,-0.08131982019979196
L5,6,7,0.3,10,0.0273739051744958,0.02737390517449587,0.06056566169486066,0.3700106152308751,0.23057627692573576,0,1,0.06447882833669977,0.1358798202656303,3.3333333333333335,0.0,0.15515336002122487,0.20515077638079476,6.938893903907228e-17,0.12391118242281296,0.21745427256472186,0.09148658840566982,0.0,0.10754464060267933,0.11097290290451627,0.02737390517449587
L5,6,7,0.4,10,0.1528725529706305,0.1528725529706305,0.3408227929738999,0.29831921141672796,0.23914200439062785,0,2,0.09587019422033263,0.08433749498470505,6.666666666666667,10.0,0.2965625083729584,0.4726523203087099,0.0,0.18310039208214873,0.1363050838529925,0.18145444018940696,0.24491866240370913,0.2034803067222354,0.2512351867272912,0.1528725529706305
L5,6,7,0.5,10,0.0353700052505008,0.035370005250500824,0.07827039483714489,0.03485261268210234,0.11312300751924723,0,0,0.10195647805176127,0.10671359946097271,0.0,0.0,0.0,0.0,2.7755575615628914e-17,0.19443795354832571,0.17182754811171097,0.0,0.0,0.0,0.0,0.035370005250500824
L5,6,7,0.6000000000000001,10,0.0628839621711067,0.0628839621711067,0.13928185235693738,0.030621579549160404,0.16990343190609777,0,0,0.1779224362535608,0.2643738930745351,0.0,0.0,0.0,0.0,0.0,0.3307640394797354,0.40528239344953715,0.0,0.0,0.0,0.0,0.0628839621711067
L5,6,7,0.7000000000000001,10,0.0630993147237051,0.06309931472370517,0.13976010558132657,0.10199496265154788,0.24175506823287443,0,0,0.1612566898026556,0.21005265514650587,0.0,0.0,0.0,0.0,6.938893903907228e-17,0.3017950245141912,0.3289142983416088,0.0,0.0,0.0,0.0,0.06309931472370517
L5,6,7,0.8,10,0.3083984151262762,0.30839841512627625,0.7051228615835352,0.1760105728398442,0.4811334344233794,0,2,0.03953262568012522,-0.010785787560537413,6.666666666666667,10.0,0.2965625083729584,0.4726523203087099,5.551115123125783e-17,0.0762155581190595,-0.01753921614952825,0.18145444018940696,0.24491866240370913,0.2034803067222354,0.2512351867272912,0.30839841512627625
L5,6,7,0.9,10,0.3083984151262762,0.30839841512627625,0.7051228615835352,0.1760105728398442,0.4811334344233794,0,2,0.03953262568012522,-0.010785787560537413,6.666666666666667,10.0,0.2965625083729584,0.4726523203087099,5.551115123125783e-17,0.0762155581190595,-0.01753921614952825,0.18145444018940696,0.24491866240370913,0.2034803067222354,0.2512351867272912,0.30839841512627625
L5,6,7,1.0,10,0.602087807635967,0.602087807635967,1.5404577976620126,0.2476636985242167,0.7881214961862294,0,5,-0.0709323215105522,-0.14658782747852897,16.666666666666668,20.0,0.6893556460103124,0.9205213368854197,0.0,-0.13616617938862974,-0.233981068115635,0.4290368089877766,0.46211715726000974,0.4459891481527465,0.46211715726000974,0.602087807635967
L5,7,8,0.0,10,0.602087807635967,0.602087807635967,1.5404577976620126,0.2476636985242167,0.7881214961862294,0,5,-0.0709323215105522,-0.14658782747852897,16.666666666666668,20.0,0.6893556460103124,0.9205213368854197,0.0,-0.13616617938862974,-0.233981068115635,0.4290368089877766,0.46211715726000974,0.4459891481527465,0.46211715726000974,0.602087807635967
L5,7,8,0.1,10,0.5391462486490828,0.5391462486490828,1.3337160033503508,0.1763085342613954,0.5100245376117463,0,5,-0.07749118716863759,-0.11796397515266252,16.666666666666668,20.0,0.6893556460103124,0.9205213368854197,0.0,-0.14857870131383982,-0.18952630819315733,0.4290368089877766,0.46211715726000974,0.4459891481527465,0.46211715726000974,0.5391462486490828
L5,7,8,0.2,10,0.3064486443791173,0.30644864437911734,0.7003598577373308,0.18077357668604868,0.4811334344233794,0,2,-0.018664816236637183,-0.0775338145093,6.666666666666667,10.0,0.2965625083729584,0.4726523203087099,5.551115123125783e-17,-0.03603849164627274,-0.12542981938965528,0.18145444018940696,0.24491866240370913,0.2034803067222354,0.2512351867272912,0.30644864437911734
L5,7,8,0.3,10,0.3611801362932932,0.36118013629329326,0.8366646665621023,0.04446876786127713,0.4811334344233794,0,2,0.0515439365226493,0.015085201081852156,6.666666666666667,10.0,0.2965625083729584,0.4726523203087099,5.551115123125783e-17,0.09923772735857761,0.024528265726617912,0.18145444018940696,0.24491866240370913,0.2034803067222354,0.2512351867272912,0.36118013629329326
L5,7,8,0.4,10,0.3668544538465501,0.36685445384655013,0.8511334432615727,0.029999991161806773,0.4811334344233794,0,2,0.22833274853359287,0.21784848413514632,6.666666666666667,10.0,0.2965625083729584,0.4726523203087099,5.551115123125783e-17,0.41452398517072186,0.3401735533860764,0.18145444018940696,0.24491866240370913,0.2034803067222354,0.2512351867272912,0.36685445384655013
L5,7,8,0.5,10,0.2312027035092858,0.2312027035092858,0.5208321883891317,0.03448599062084974,0.15531817900998152,0,2,0.05396445709497663,0.0301082539453464,6.666666666666667,10.0,0.2965625083729584,0.4726523203087099,0.0,0.10386512661988453,0.048926205317229375,0.18145444018940696,0.24491866240370913,0.2034803067222354,0.2512351867272912,0.2312027035092858
L5,7,8,0.6000000000000001,11,0.4556943976133153,0.45569439761331537,1.0879927299033778,0.17334452066032607,0.26133725056370394,0,5,-0.12581442782933655,-0.17124840712415726,16.666666666666668,20.0,0.6879769347182919,0.9186802942116488,5.551115123125783e-17,-0.238356490153368,-0.2715187226549517,0.4290368089877766,0.46211715726000974,0.44522027847905227,0.46133034619041935,0.45569439761331537
L5,7,8,0.7000000000000001,11,0.4897520420613461,0.48975204206134615,1.18503308218462,0.17334452066032607,0.3583776028449462,0,5,-0.09799539401797991,-0.14525985564339416,16.666666666666668,20.0,0.6879769347182919,0.9186802942116488,5.551115123125783e-17,-0.18706492753319498,-0.23193858459099018,0.4290368089877766,0.46211715726000974,0.44522027847905227,0.46133034619041935,0.48975204206134615
L5,7,8,0.8,11,0.4897520420613461,0.48975204206134615,1.18503308218462,0.17334452066032607,0.3583776028449462,0,5,-0.09799539401797991,-0.14525985564339416,16.666666666666668,20.0,0.6879769347182919,0.9186802942116488,5.551115123125783e-17,-0.18706492753319498,-0.23193858459099018,0.4290368089877766,0.46211715726000974,0.44522027847905227,0.46133034619041935,0.48975204206134615
L5,7,8,0.9,11,0.5005053172720156,0.5005053172720156,1.2165450431996567,0.24475953674416237,0.4613045799438192,2,7,-0.09569645231680939,-0.12535920009284762,16.666666666666668,20.0,0.6679897493543057,0.8233467103647665,0.0,-0.1827760132221696,-0.20109428785401806,0.4290368089877766,0.46211715726000974,0.4340004554680178,0.4196091978161336,0.5005053172720156
L5,7,8,1.0,11,0.3617474820766832,0.3617474820766832,0.8381082351737817,0.023230193801032206,0.4613384289748139,3,5,0.00509788104994896,-0.06339856547358191,6.666666666666668,10.0,0.29879593117189496,0.42650015266546665,0.0,0.009847061944150156,-0.10274179131498443,0.18145444018940696,0.24491866240370913,0.2049695963099789,0.22760511926511195,0.3617474820766832
L5,8,9,0.0,11,0.3617474820766832,0.3617474820766832,0.8381082351737817,0.023230193801032206,0.4613384289748139,3,5,0.00509788104994896,-0.06339856547358191,6.666666666666668,10.0,0.29879593117189496,0.42650015266546665,0.0,0.009847061944150156,-0.10274179131498443,0.18145444018940696,0.24491866240370913,0.2049695963099789,0.22760511926511195,0.3617474820766832
L5,8,9,0.1,11,0.3517835883044373,0.35178358830443734,0.8128535072204852,0.24845107272333394,0.4613045799438192,2,5,-0.04739426236060146,-0.05140750415896134,10.0,10.0,0.392793137637354,0.4478690165767098,5.551115123125783e-17,-0.0912947538265023,-0.08341019959702325,0.26848401997076093,0.24491866240370913,0.2667130533302048,0.2385812785102401,0.35178358830443734
L5,8,9,0.2,11,0.3517835883044373,0.35178358830443734,0.8128535072204852,0.24845107272333394,0.4613045799438192,2,5,-0.04738504705360588,-0.05140484524823957,10.0,10.0,0.3924828309173116,0.447458715023948,5.551115123125783e-17,-0.09127710131000437,-0.0834059054717574,0.26848401997076093,0.24491866240370913,0.2665124774286622,0.23837108928333697,0.35178358830443734
L5,8,9,0.3,11,0.0314762389652618,0.031476238965261825,0.06964781842255674,0.24845107272333394,0.3180988911458906,2,2,0.00678062833190482,0.005466854237006824,0.0,0.0,0.0,0.0,2.7755575615628914e-17,0.0130971293195541,0.008890555733697833,0.0,0.0,0.0,0.0,0.031476238965261825
L5,8,9,0.4,11,0.0524735440645343,0.0524735440645343,0.11617713860529899,0.28219036605145864,0.3983675046567576,5,5,0.07502182983271638,0.0819761976004586,0.0,0.0,-0.0008809958362711034,0.016925345173495532,0.0,0.14391076606733197,0.13253427857511746,0.0,0.0,-0.000613033444741786,0.009193088569140207,0.0524735440645343
L5,8,9,0.5,10,0.1678286251919145,0.16782862519191452,0.3747791210776983,0.24845107272333394,0.023230193801032206,2,5,-0.1729791955714342,-0.168728994333273,10.0,10.0,0.392793137637354,0.4478690165767098,2.7755575615628914e-17,-0.3222333589442483,-0.26771924117657436,0.26848401997076093,0.24491866240370913,0.2667130533302048,0.2385812785102401,0.16782862519191452
L5,8,9,0.6000000000000001,10,0.1678286251919145,0.16782862519191452,0.3747791210776983,0.24845107272333394,0.023230193801032206,2,5,-0.1729791955714342,-0.168728994333273,10.0,10.0,0.392793137637354,0.4478690165767098,2.7755575615628914e-17,-0.3222333589442483,-0.26771924117657436,0.26848401997076093,0.24491866240370913,0.2667130533302048,0.2385812785102401,0.16782862519191452
L5,8,9,0.7000000000000001,10,0.397127203667702,0.397127203667702,0.9295483040109971,0.17730009374859518,0.5068483977595921,0,3,0.028393694380060508,0.03778794713571232,10.0,10.0,0.4303499717381767,0.5806284701688518,0.0,0.05479207377742891,0.06137760028919307,0.26848401997076093,0.24491866240370913,0.2908141478763124,0.3053237524505283,0.397127203667702
L5,8,9,0.8,10,-0.192256775986177,-0.19225677598617705,-0.43062718758413954,0.24845107272333394,0.21782388513919435,2,0,0.07864366398043793,0.13598034214615984,-6.666666666666667,-10.0,-0.2965625083729584,-0.4726523203087099,5.551115123125783e-17,0.15075502822139808,0.21761001623395432,-0.18145444018940696,-0.24491866240370913,-0.2034803067222354,-0.2512351867272912,-0.19225677598617705
L5,8,9,0.9,10,0.0329381363508725,0.03293813635087251,0.07288486457796095,0.4699446836253417,0.5428295482033026,0,0,0.0638506609078709,0.07492587972173942,0.0,0.0,0.0,0.0,1.3877787807814457e-17,0.12271622716897271,0.12125304359851312,0.0,0.0,0.0,0.0,0.03293813635087251
L5,8,9,1.0,10,0.268431306058584,0.26843130605858406,0.608676176613615,0.6793472478020163,0.6880234244156312,0,3,-0.14128457752664256,-0.15885529337123716,10.0,10.0,0.4306602784582191,0.5810387717216137,5.551115123125783e-17,-0.26633420129395174,-0.252749403860222,0.26848401997076093,0.24491866240370913,0.29101179843711633,0.30552582645029375,0.26843130605858406
L5,9,1,0.0,10,0.268431306058584,0.26843130605858406,0.608676176613615,0.6793472478020163,0.6880234244156312,0,3,-0.14128457752664256,-0.15885529337123716,10.0,10.0,0.4306602784582191,0.5810387717216137,5.551115123125783e-17,-0.26633420129395174,-0.252749403860222,0.26848401997076093,0.24491866240370913,0.29101179843711633,0.30552582645029375,0.26843130605858406
L5,9,1,0.1,10,0.1519194749668351,0.1519194749668351,0.33866447741517275,0.17730009374859518,0.5159645711637679,0,0,0.13266579680151921,0.13658945023571528,0.0,0.0,0.0,0.0,0.0,0.2507991342993703,0.2185535011656326,0.0,0.0,0.0,0.0,0.1519194749668351
L5,9,1,0.2,10,-0.0264465903654511,-0.02644659036545115,-0.058512973258225146,0.17730009374859518,0.11878712049037003,0,0,-0.040298123633112914,-0.03661558149285518,0.0,0.0,0.0,0.0,5.204170427930421e-17,-0.07768548487511578,-0.059477935068807955,0.0,0.0,0.0,0.0,-0.02644659036545115
L5,9,1,0.3,10,0.2592355751821993,0.25923557518219936,0.586813375988742,0.029999991161806773,0.6168133671505487,0,0,0.09335323827525048,0.08537972664799466,0.0,0.0,0.0,0.0,5.551115123125783e-17,0.17839733474686215,0.13796819659733375,0.0,0.0,0.0,0.0,0.25923557518219936
L5,9,1,0.4,10,0.0,0.0,0.0,0.029999991161806773,0.029999991161806773,0,0,0.0,0.0,0.0,0.0,0.0,0.0,0.0,0.0,0.0,0.0,0.0,0.0,0.0,0.0
L5,9,1,0.5,10,0.0,0.0,0.0,0.029999991161806773,0.029999991161806773,0,0,0.0,0.0,0.0,0.0,0.0,0.0,0.0,0.0,0.0,0.0,0.0,0.0,0.0,0.0
L5,9,1,0.6000000000000001,9,0.0,0.0,0.0,0.029999991161806773,0.029999991161806773,0,0,0.0,0.0,0.0,0.0,0.0,0.0,0.0,0.0,0.0,0.0,0.0,0.0,0.0,0.0
L5,9,1,0.7000000000000001,9,0.0,0.0,0.0,0.029999991161806773,0.029999991161806773,0,0,0.0,0.0,0.0,0.0,0.0,0.0,0.0,0.0,0.0,0.0,0.0,0.0,0.0,0.0
L5,9,1,0.8,9,0.0,0.0,0.0,0.029999991161806773,0.029999991161806773,0,0,0.0,0.0,0.0,0.0,0.0,0.0,0.0,0.0,0.0,0.0,0.0,0.0,0.0,0.0
L5,9,1,0.9,9,-0.0353354758165435,-0.035335475816543546,-0.07819392084136881,0.11508338369421481,0.03688946285284601,0,0,-0.025837752530435493,-0.036681898564537685,0.0,0.0,0.0,0.0,4.85722573273506e-17,-0.04986838988511895,-0.05958540483794322,0.0,0.0,0.0,0.0,-0.035335475816543546
L5,9,1,1.0,9,0.0085401737463383,0.008540173746338375,0.018891152805045608,0.1195693831532578,0.1384605359583034,0,0,0.026860767422727555,0.03336649066469785,0.0,0.0,0.0,0.0,7.45931094670027e-17,0.05183939717934385,0.054210998547743916,0.0,0.0,0.0,0.0,0.008540173746338375
R5,1,2,0.0,9,-0.1659442860579209,-0.16594428605792094,-0.3704915866837446,0.10895212264204802,0.1384605359583034,2,0,0.11852477696598199,0.1712242798139846,-6.666666666666667,-10.0,-0.2965625083729584,-0.4726523203087099,5.551115123125783e-17,0.22503151349738051,0.27148237657770086,-0.18145444018940696,-0.24491866240370913,-0.2034803067222354,-0.2512351867272912,-0.16594428605792094
R5,1,2,0.1,9,-0.4057482068293185,-0.4057482068293185,-0.9522815534513648,0.6907420894096681,0.1384605359583034,2,0,0.06969276266345878,0.15517583900474305,-6.666666666666667,-10.0,-0.29895611679025,-0.42666725771827724,0.0,0.1338154046828313,0.24713932584420845,-0.18145444018940696,-0.24491866240370913,-0.20507637480405752,-0.22769118193822652,-0.4057482068293185
R5,1,2,0.2,9,-0.3799403198218891,-0.37994031982188914,-0.8847696578427288,0.023230193801032206,0.1384605359583034,5,0,0.1843639945087932,0.23544467942730288,-16.666666666666668,-20.0,-0.6893556460103124,-0.9205213368854197,5.551115123125783e-17,0.34179964608185065,0.3652281681314184,-0.4290368089877766,-0.46211715726000974,-0.4459891481527465,-0.46211715726000974,-0.37994031982188914
R5,1,2,0.3,10,-0.3516823167814831,-0.35168231678148315,-0.8125978702334395,0.023230193801032206,0.21063232356759268,5,0,0.24232375470191964,0.2934482523622322,-16.666666666666668,-20.0,-0.6893556460103124,-0.9205213368854197,5.551115123125783e-17,0.43665271761063673,0.4440283346939363,-0.4290368089877766,-0.46211715726000974,-0.4459891481527465,-0.46211715726000974,-0.35168231678148315
R5,1,2,0.4,10,-0.3516823167814831,-0.35168231678148315,-0.8125978702334395,0.023230193801032206,0.21063232356759268,5,0,0.24232375470191964,0.2934482523622322,-16.666666666666668,-20.0,-0.6893556460103124,-0.9205213368854197,5.551115123125783e-17,0.43665271761063673,0.4440283346939363,-0.4290368089877766,-0.46211715726000974,-0.4459891481527465,-0.46211715726000974,-0.35168231678148315
R5,1,2,0.5,10,-0.3910402768363419,-0.3910402768363419,-0.9136085885966696,0.5242409121642623,0.21063232356759268,3,0,0.06143676719459493,0.08749908522960975,-10.0,-10.0,-0.4541094768114748,-0.6318180340990717,0.0,0.11812102443564003,0.1413476971331728,-0.26848401997076093,-0.24491866240370913,-0.30587498392199586,-0.3303177637601938,-0.3910402768363419
R5,1,2,0.6000000000000001,10,-0.0379908172953609,-0.0379908172953609,-0.08407539235358717,0.1910646795271732,0.10698928717358604,0,0,-0.10871434263793811,-0.13165152742613,0.0,0.0,0.0,0.0,0.0,-0.20696583290035359,-0.2108932226771572,0.0,0.0,0.0,0.0,-0.0379908172953609
R5,1,2,0.7000000000000001,10,-0.1423614536482316,-0.14236145364823166,-0.31705427870053304,0.8144679444351569,0.49741366573462387,0,0,-0.10433805956740572,-0.10225464644439858,0.0,0.0,0.0,0.0,5.551115123125783e-17,-0.19886045201243585,-0.1647813622185747,0.0,0.0,0.0,0.0,-0.14236145364823166
R5,1,2,0.8,11,-0.3265721154739807,-0.32657211547398074,-0.7498309411957781,0.605020160568652,0.855189219372874,5,0,0.293091877734561,0.3525314066136439,-16.666666666666668,-20.0,-0.6893556460103124,-0.9205213368854197,5.551115123125783e-17,0.5125293663287128,0.5177967863161228,-0.4290368089877766,-0.46211715726000974,-0.4459891481527465,-0.46211715726000974,-0.32657211547398074
R5,1,2,0.9,11,-0.3265721154739807,-0.32657211547398074,-0.7498309411957781,0.605020160568652,0.855189219372874,5,0,0.293091877734561,0.3525314066136439,-16.666666666666668,-20.0,-0.6893556460103124,-0.9205213368854197,5.551115123125783e-17,0.5125293663287128,0.5177967863161228,-0.4290368089877766,-0.46211715726000974,-0.4459891481527465,-0.46211715726000974,-0.32657211547398074
R5,1,2,1.0,11,-0.3265857859876552,-0.32658578598765525,-0.7498647902267729,0.6050540095996468,0.855189219372874,5,0,0.26526030986972127,0.31079769192256046,-16.666666666666668,-20.0,-0.6885748469518725,-0.9195336287270857,5.551115123125783e-17,0.4718076970820953,0.4663947107890518,-0.4290368089877766,-0.46211715726000974,-0.4455537985445184,-0.4616951282608555,-0.32658578598765525
R5,2,3,0.0,11,-0.3265857859876552,-0.32658578598765525,-0.7498647902267729,0.6050540095996468,0.855189219372874,5,0,0.26526030986972127,0.31079769192256046,-16.666666666666668,-20.0,-0.6885748469518725,-0.9195336287270857,5.551115123125783e-17,0.4718076970820953,0.4663947107890518,-0.4290368089877766,-0.46211715726000974,-0.4455537985445184,-0.4616951282608555,-0.32658578598765525
R5,2,3,0.1,11,-0.476456479426126,-0.47645647942612607,-1.146668383579688,0.34609383734922033,0.1994254537695323,5,0,0.07850362041858377,0.10428300287223269,-16.666666666666668,-20.0,-0.6885748469518725,-0.9195336287270857,5.551115123125783e-17,0.15049064875342022,0.1679887697171113,-0.4290368089877766,-0.46211715726000974,-0.4455537985445184,-0.4616951282608555,-0.47645647942612607
R5,2,3,0.2,11,-0.5061678042261788,-0.5061678042261788,-1.23332047326705,0.34609383734922033,0.11277336408217045,5,0,0.06565238614360103,0.11974785298443458,-16.666666666666668,-20.0,-0.6879769347182919,-0.9186802942116488,0.0,0.12614266195478474,0.19232168909861655,-0.4290368089877766,-0.46211715726000974,-0.44522027847905227,-0.46133034619041935,-0.5061678042261788
R5,2,3,0.3,11,-0.3920608157700644,-0.39206081577006446,-0.916274755658441,0.023264042832027043,0.10698928717358604,5,0,0.10826288930065789,0.13110324210233576,-16.666666666666668,-20.0,-0.6879769347182919,-0.9186802942116488,5.551115123125783e-17,0.2061309817815654,0.21004104007879204,-0.4290368089877766,-0.46211715726000974,-0.44522027847905227,-0.46133034619041935,-0.39206081577006446
R5,2,3,0.4,11,-0.5294318865490014,-0.5294318865490014,-1.3036424823101391,0.3384599818744356,0.03481749956429651,5,0,-0.04005563690364669,-0.011313522827100714,-16.666666666666668,-20.0,-0.6879769347182919,-0.9186802942116488,0.0,-0.07721989252670987,-0.018397199204318693,-0.4290368089877766,-0.46211715726000974,-0.44522027847905227,-0.46133034619041935,-0.5294318865490014
R5,2,3,0.5,11,-0.6068758560684179,-0.6068758560684179,-1.5571472777606707,0.5871472689224776,0.029999991161806773,5,0,-0.15290516746615537,-0.1404229892079378,-16.666666666666668,-20.0,-0.6893556460103124,-0.9205213368854197,0.0,-0.2870615919777135,-0.2244820665815188,-0.4290368089877766,-0.46211715726000974,-0.4459891481527465,-0.46211715726000974,-0.6068758560684179
R5,2,3,0.6000000000000001,11,-0.4762915656633872,-0.4762915656633872,-1.1461965155861655,0.7768035160676211,0.03060700048145549,2,0,-0.2588702753597316,-0.2639728278066793,-6.666666666666667,-10.0,-0.2965625083729584,-0.4726523203087099,0.0,-0.4621562649233438,-0.40473712914154547,-0.18145444018940696,-0.24491866240370913,-0.2034803067222354,-0.2512351867272912,-0.4762915656633872
R5,2,3,0.7000000000000001,11,-0.5850344159129185,-0.5850344159129185,-1.482209987192716,0.5871472689224776,0.1049372817297616,5,0,-0.016380767078900654,-0.005174268599148157,-16.666666666666668,-20.0,-0.6893556460103124,-0.9205213368854197,0.0,-0.03163154004650893,-0.008414756939551323,-0.4290368089877766,-0.46211715726000974,-0.4459891481527465,-0.46211715726000974,-0.5850344159129185
R5,2,3,0.8,11,-0.2495545218780596,-0.24955452187805963,-0.5639170751214453,0.5871472689224776,0.023230193801032206,5,5,-0.16166087417056116,-0.1510236473091195,0.0,0.0,0.0,0.0,2.7755575615628914e-17,-0.3025044939036135,-0.24078852326172687,0.0,0.0,0.0,0.0,-0.24955452187805963
R5,2,3,0.9,11,-0.2495545218780596,-0.24955452187805963,-0.5639170751214453,0.5871472689224776,0.023230193801032206,5,5,-0.16166087417056116,-0.1510236473091195,0.0,0.0,0.0,0.0,2.7755575615628914e-17,-0.3025044939036135,-0.24078852326172687,0.0,0.0,0.0,0.0,-0.24955452187805963
R5,2,3,1.0,11,-0.137060480081581,-0.13706048008158103,-0.305095169253772,0.5871472689224776,0.28205209966870537,5,5,-0.08745391348043861,-0.08170542773867573,0.0,0.0,-0.00031509393687756404,-0.0003183314275816418,2.7755575615628914e-17,-0.16734251007354392,-0.13210163308833292,0.0,0.0,-0.0002192554546694875,-0.00017290822692187825,-0.13706048008158103
R5,3,4,0.0,11,-0.137060480081581,-0.13706048008158103,-0.305095169253772,0.5871472689224776,0.28205209966870537,5,5,-0.08745391348043861,-0.08170542773867573,0.0,0.0,-0.00031509393687756404,-0.0003183314275816418,2.7755575615628914e-17,-0.16734251007354392,-0.13210163308833292,0.0,0.0,-0.0002192554546694875,-0.00017290822692187825,-0.13706048008158103
R5,3,4,0.1,11,-0.3393212122772557,-0.3393212122772557,-0.7815483133238945,0.8047785071249267,0.023230193801032206,5,5,-0.2043683666012722,-0.19917328660091105,0.0,0.0,-0.039399428681240356,-0.0860226150110277,0.0,-0.37546552551760337,-0.3130445256450042,0.0,0.0,-0.02740889340092478,-0.0466909696060919,-0.3393212122772557
R5,3,4,0.2,11,-0.2495688714102101,-0.24956887141021014,-0.5639509241524403,0.5871811179534726,0.023230193801032206,5,5,-0.16170530200126956,-0.15107665194900596,0.0,0.0,0.0013787112920204958,0.0018410426737709429,2.7755575615628914e-17,-0.30258245815027024,-0.24086972554901337,0.0,0.0,0.0009593643289010612,0.0009999996666668562,-0.24956887141021014
R5,3,4,0.3,11,-0.4781700909460937,-0.47817009094609375,-1.1515772340591726,0.2719851789110641,0.12040794485189164,5,0,0.05431188124016466,0.08550472297860973,-16.666666666666668,-20.0,-0.6879769347182919,-0.9186802942116488,5.551115123125783e-17,0.10452894620676438,0.1381676040330236,-0.4290368089877766,-0.46211715726000974,-0.44522027847905227,-0.46133034619041935,-0.47817009094609375
R5,3,4,0.4,11,-0.3473383335941641,-0.34733833359416416,-0.8016519085514632,0.2719851789110641,0.47033327035960093,5,0,0.1781339335325629,0.20953920160052872,-16.666666666666668,-20.0,-0.6879769347182919,-0.9186802942116488,5.551115123125783e-17,0.3311278350555965,0.32816939800406175,-0.4290368089877766,-0.46211715726000974,-0.44522027847905227,-0.46133034619041935,-0.34733833359416416
R5,3,4,0.5,10,-0.2234815682800706,-0.22348156828007062,-0.5028222489491405,0.023230193801032206,0.12040794485189164,3,0,-0.028242082718405254,-0.07866957134004685,-10.0,-10.0,-0.3900892225000202,-0.493443777614381,2.7755575615628914e-17,-0.054500085923261526,-0.127247427277518,-0.26848401997076093,-0.24491866240370913,-0.26496452326669695,-0.26178528665470785,-0.22348156828007062
R5,3,4,0.6000000000000001,10,-0.4996821721802491,-0.4996821721802491,-1.2141170319534527,0.3345249768053443,0.12040794485189164,5,0,0.0363995841433048,0.06877212064081865,-16.666666666666668,-20.0,-0.688762520993567,-0.919576032244803,0.0,0.07019603434285995,0.11138062342459823,-0.4290368089877766,-0.46211715726000974,-0.44565845908529633,-0.46171325077813896,-0.4996821721802491
R5,3,4,0.7000000000000001,10,-0.3719522854085083,-0.3719522854085083,-0.8641917064457433,0.3345249768053443,0.47033327035960093,5,0,0.1221052381682334,0.13564316591130474,-16.666666666666668,-20.0,-0.68904533929027,-0.9201110353326579,0.0,0.23158721201878318,0.2170875682103923,-0.4290368089877766,-0.46211715726000974,-0.44581615589327006,-0.4619418685710038,-0.3719522854085083
R5,3,4,0.8,10,-0.3719522854085083,-0.3719522854085083,-0.8641917064457433,0.3345249768053443,0.47033327035960093,5,0,0.1602400670496943,0.19283424518372444,-16.666666666666668,-20.0,-0.6893556460103124,-0.9205213368854197,0.0,0.30000905810261985,0.3037157876256106,-0.4290368089877766,-0.46211715726000974,-0.4459891481527465,-0.46211715726000974,-0.3719522854085083
R5,3,4,0.9,10,0.006904289345431,0.006904289345431059,0.015272392623695508,0.3345249768053443,0.3497973694290397,5,5,0.004378211710810376,0.004090126968882168,0.0,0.0,0.0,0.0,5.898059818321144e-17,0.008457021097620986,0.006651709008588267,0.0,0.0,0.0,0.0,0.006904289345431059
R5,3,4,1.0,10,-0.3679754463383868,-0.3679754463383868,-0.8540000276901989,0.0037973971192383875,0.3497973694290397,11,5,0.0991951571867968,0.0926628756113247,-20.000000000000004,-20.0,-0.7542417075820419,-0.8808814337148656,0.0,0.18930039242598085,0.14956787769315635,-0.5008639301935953,-0.46211715726000974,-0.4814213064825419,-0.44501646605971173,-0.3679754463383868
R5,4,5,0.0,10,-0.3679754463383868,-0.3679754463383868,-0.8540000276901989,0.0037973971192383875,0.3497973694290397,11,5,0.0991951571867968,0.0926628756113247,-20.000000000000004,-20.0,-0.7542417075820419,-0.8808814337148656,0.0,0.18930039242598085,0.14956787769315635,-0.5008639301935953,-0.46211715726000974,-0.4814213064825419,-0.44501646605971173,-0.3679754463383868
R5,4,5,0.1,10,-0.1462159506420155,-0.14621595064201554,-0.32576164123784923,0.6755590106668888,0.3497973694290397,5,5,-0.09338768768866569,-0.08724281172466648,0.0,0.0,0.0,0.0,2.7755575615628914e-17,-0.1784617607628322,-0.14093922029851544,0.0,0.0,0.0,0.0,-0.14621595064201554
R5,4,5,0.2,10,-0.1098603475188658,-0.1098603475188658,-0.24399368158030232,0.36426422766257677,0.12027054608227443,5,5,-0.06994686558811947,-0.06534438721278549,0.0,0.0,0.0,0.0,0.0,-0.13429742453282734,-0.10587186495500768,0.0,0.0,0.0,0.0,-0.1098603475188658
R5,4,5,0.3,10,-0.1529658183581899,-0.15296581835818993,-0.3410340338615445,0.36426422766257677,0.023230193801032206,5,5,-0.09776589939947608,-0.09133293869354857,0.0,0.0,0.0,0.0,2.7755575615628914e-17,-0.18663709890890304,-0.14745269437000652,0.0,0.0,0.0,0.0,-0.15296581835818993
R5,4,5,0.4,10,0.1108742882175007,0.11087428821750078,0.24626415484055597,0.5769660389604763,0.023230193801032206,1,5,-0.30183479200120333,-0.38189305478516083,13.333333333333334,20.0,0.5342022859890876,0.715370560504625,8.326672684688674e-17,-0.5248733571743069,-0.5518766286926446,0.3513407358415687,0.46211715726000974,0.35549539729968693,0.37012519306310854,0.11087428821750078
R5,4,5,0.5,10,-0.1599827937974904,-0.15998279379749042,-0.35694508451510754,0.4943259428742342,0.13738085835912667,0,0,-0.15126892630708658,-0.1674707382714037,0.0,0.0,0.0,0.0,2.7755575615628914e-17,-0.28415875641962784,-0.2658185569312038,0.0,0.0,0.0,0.0,-0.15998279379749042
R5,4,5,0.6000000000000001,10,-0.1599827937974904,-0.15998279379749042,-0.35694508451510754,0.4943259428742342,0.13738085835912667,0,0,-0.15126892630708658,-0.1674707382714037,0.0,0.0,0.0,0.0,2.7755575615628914e-17,-0.28415875641962784,-0.2658185569312038,0.0,0.0,0.0,0.0,-0.15998279379749042
R5,4,5,0.7000000000000001,10,-0.1599827937974904,-0.15998279379749042,-0.35694508451510754,0.4943259428742342,0.13738085835912667,0,0,-0.15126892630708658,-0.1674707382714037,0.0,0.0,0.0,0.0,2.7755575615628914e-17,-0.28415875641962784,-0.2658185569312038,0.0,0.0,0.0,0.0,-0.15998279379749042
R5,4,5,0.8,10,-0.0547680456514073,-0.0547680456514073,-0.12126716728205156,0.5615313472293377,0.24026417994728613,0,1,-0.1344522411135462,-0.08850832326141761,3.3333333333333335,0.0,0.15484305330118242,0.20474047482803315,0.0,-0.2540300744337655,-0.14295586224929863,0.09148658840566982,0.0,0.1073312086842224,0.11075277834299786,-0.0547680456514073
R5,4,5,0.9,10,-0.1459380126400704,-0.14593801264007042,-0.3251334431364187,0.5483636369374508,0.023230193801032206,2,3,-0.08909414728436488,-0.004155293907360025,3.333333333333333,0.0,0.0938370208471041,0.02120175885843245,2.7755575615628914e-17,-0.17042051851033316,-0.006757685772071397,0.09148658840566981,0.0,0.06520306074329407,0.011515660085396897,-0.14593801264007042
R5,4,5,1.0,10,-0.1098452295913809,-0.10984522959138093,-0.2439598325493073,0.36426422766257677,0.12030439511326933,5,5,-0.06990243775741106,-0.06529138257289901,0.0,0.0,-0.0013787112920204958,-0.0018410426737709429,2.7755575615628914e-17,-0.1342131518581305,-0.10578662851985124,0.0,0.0,-0.0009593643289010612,-0.0009999996666668562,-0.10984522959138093
R5,5,6,0.0,10,-0.1098452295913809,-0.10984522959138093,-0.2439598325493073,0.36426422766257677,0.12030439511326933,5,5,-0.06990243775741106,-0.06529138257289901,0.0,0.0,-0.0013787112920204958,-0.0018410426737709429,2.7755575615628914e-17,-0.1342131518581305,-0.10578662851985124,0.0,0.0,-0.0009593643289010612,-0.0009999996666668562,-0.10984522959138093
R5,5,6,0.1,10,-0.1098452295913809,-0.10984522959138093,-0.2439598325493073,0.36426422766257677,0.12030439511326933,5,5,-0.06990243775741106,-0.06529138257289901,0.0,0.0,-0.0013787112920204958,-0.0018410426737709429,2.7755575615628914e-17,-0.1342131518581305,-0.10578662851985124,0.0,0.0,-0.0009593643289010612,-0.0009999996666668562,-0.10984522959138093
R5,5,6,0.2,10,0.0438422342352882,0.04384223423528824,0.09704035228124219,0.023230193801032206,0.12027054608227443,5,5,0.027819033811356614,0.025988551480763077,0.0,0.0,0.0,0.0,4.163336342344337e-17,0.05368528981461771,0.04224024576702426,0.0,0.0,0.0,0.0,0.04384223423528824
R5,5,6,0.3,10,-0.3307842155722514,-0.33078421557225146,-0.7602764687022265,0.023230193801032206,0.2629537250988057,5,0,0.24768113340361275,0.30442093282091615,-16.666666666666668,-20.0,-0.6893556460103124,-0.9205213368854197,5.551115123125783e-17,0.444990256498786,0.45824083824156586,-0.4290368089877766,-0.46211715726000974,-0.4459891481527465,-0.46211715726000974,-0.33078421557225146
R5,5,6,0.4,10,0.0623336492455108,0.06233364924551085,0.13805978078787123,0.12489394431093448,0.2629537250988057,0,0,0.08329294093245682,0.09400514860191506,0.0,0.0,0.0,0.0,5.551115123125783e-17,0.1595196471150431,0.15170129356177517,0.0,0.0,0.0,0.0,0.06233364924551085
R5,5,6,0.5,10,0.0623336492455108,0.06233364924551085,0.13805978078787123,0.12489394431093448,0.2629537250988057,0,0,0.08329294093245682,0.09400514860191506,0.0,0.0,0.0,0.0,5.551115123125783e-17,0.1595196471150431,0.15170129356177517,0.0,0.0,0.0,0.0,0.06233364924551085
R5,5,6,0.6000000000000001,10,0.1661184726831034,0.16611847268310342,0.3708878063740034,0.12489394431093448,0.2957817506849379,0,1,0.08458148150966371,0.1344727011910023,3.3333333333333335,0.0,0.15515336002122487,0.20515077638079476,2.7755575615628914e-17,0.16194436652307648,0.21527299214380488,0.09148658840566982,0.0,0.10754464060267933,0.11097290290451627,0.16611847268310342
R5,5,6,0.7000000000000001,10,0.3590027792490065,0.35900277924900653,0.8311308451349935,0.19209934866603873,0.023230193801032206,0,5,-0.21835954677917324,-0.2644279363668158,16.666666666666668,20.0,0.6893556460103124,0.9205213368854197,5.551115123125783e-17,-0.39844298822897495,-0.4053558454427951,0.4290368089877766,0.46211715726000974,0.4459891481527465,0.46211715726000974,0.35900277924900653
R5,5,6,0.8,10,0.0438422342352882,0.04384223423528824,0.09704035228124219,0.023230193801032206,0.12027054608227443,5,5,0.027819033811356614,0.025988551480763077,0.0,0.0,0.0,0.0,4.163336342344337e-17,0.05368528981461771,0.04224024576702426,0.0,0.0,0.0,0.0,0.04384223423528824
R5,5,6,0.9,10,0.1326085110042718,0.13260851100427187,0.2950651354643665,0.023230193801032206,0.31829532926539866,5,5,0.0845877697995786,0.07902192523961289,0.0,0.0,0.0,0.0,8.326672684688674e-17,0.16195619478399817,0.12781114360782617,0.0,0.0,0.0,0.0,0.13260851100427187
R5,5,6,1.0,10,0.1326085110042718,0.13260851100427187,0.2950651354643665,0.023230193801032206,0.31829532926539866,5,5,0.0845877697995786,0.07902192523961289,0.0,0.0,0.0,0.0,8.326672684688674e-17,0.16195619478399817,0.12781114360782617,0.0,0.0,0.0,0.0,0.13260851100427187
R5,6,7,0.0,10,0.1326085110042718,0.13260851100427187,0.2950651354643665,0.023230193801032206,0.31829532926539866,5,5,0.0845877697995786,0.07902192523961289,0.0,0.0,0.0,0.0,8.326672684688674e-17,0.16195619478399817,0.12781114360782617,0.0,0.0,0.0,0.0,0.13260851100427187
R5,6,7,0.1,10,-0.0148594975594885,-0.014859497559488536,-0.03287133093521166,0.16458247842543636,0.5317111474902247,2,0,0.2519834887794843,0.3073072939154472,-6.666666666666667,-10.0,-0.2965625083729584,-0.4726523203087099,3.642919299551295e-17,0.45163058735998535,0.461941272375397,-0.18145444018940696,-0.24491866240370913,-0.2034803067222354,-0.2512351867272912,-0.014859497559488536
R5,6,7,0.2,10,0.0048363841951788,0.004836384195178845,0.01069806852402895,0.10748729629258674,0.11818536481661569,0,0,0.0286061907420761,0.039732016334512926,0.0,0.0,0.0,0.0,4.5102810375396984e-17,0.05520130327430677,0.06452672379280469,0.0,0.0,0.0,0.0,0.004836384195178845
R5,6,7,0.3,10,0.0039265602677067,0.003926560267706771,0.00868551741855439,0.10300129683354367,0.11168681425209806,0,0,0.011230876124340677,0.013600431739051289,0.0,0.0,0.0,0.0,7.112366251504909e-17,0.02169084755679144,0.022114887654585216,0.0,0.0,0.0,0.0,0.003926560267706771
R5,6,7,0.4,10,0.0039265602677067,0.003926560267706771,0.00868551741855439,0.10300129683354367,0.11168681425209806,0,0,0.011230876124340677,0.013600431739051289,0.0,0.0,0.0,0.0,7.112366251504909e-17,0.02169084755679144,0.022114887654585216,0.0,0.0,0.0,0.0,0.003926560267706771
R5,6,7,0.5,10,0.0,0.0,0.0,0.029999991161806773,0.029999991161806773,0,0,0.0,0.0,0.0,0.0,0.0,0.0,0.0,0.0,0.0,0.0,0.0,0.0,0.0,0.0
R5,6,7,0.6000000000000001,10,-0.0018833096372052,-0.0018833096372052563,-0.004165848176530016,0.03448599062084974,0.030320142444319725,0,0,-0.017791448235914227,-0.04847171406013547,0.0,0.0,0.0,0.0,5.637851296924623e-17,-0.03435353061033792,-0.07866706459233343,0.0,0.0,0.0,0.0,-0.0018833096372052563
R5,6,7,0.7000000000000001,10,0.0020236770011271,0.002023677001127168,0.004476339163563693,0.03476553947313538,0.039241878636699076,0,0,0.03990895089406804,0.05848474015641707,0.0,0.0,0.0,0.0,6.808789643208968e-17,0.07693822824074392,0.094828424156603,0.0,0.0,0.0,0.0,0.002023677001127168
R5,6,7,0.8,10,0.0623665020340821,0.06236650203408211,0.13813273410750138,0.03476553947313538,0.17289827358063675,0,0,0.12654720816518075,0.15697711640968237,0.0,0.0,0.0,0.0,6.938893903907228e-18,0.23969110347322234,0.2498878369591316,0.0,0.0,0.0,0.0,0.06236650203408211
R5,6,7,0.9,10,0.0719799485822879,0.07197994858228794,0.1594940404898807,0.030298111758632854,0.18979215224851356,0,0,0.2203647193689265,0.2763940409987548,0.0,0.0,0.0,0.0,4.163336342344337e-17,0.4016963505442534,0.4214894812640037,0.0,0.0,0.0,0.0,0.07197994858228794
R5,6,7,1.0,10,0.5485929260233354,0.5485929260233354,1.363389787267348,0.1760105728398442,0.5394003601071922,0,5,-0.04958279595564194,-0.10099846811334062,16.666666666666668,20.0,0.6893556460103124,0.9205213368854197,0.0,-0.09548538231228806,-0.16279323411383465,0.4290368089877766,0.46211715726000974,0.4459891481527465,0.46211715726000974,0.5485929260233354
R5,7,8,0.0,10,0.5485929260233354,0.5485929260233354,1.363389787267348,0.1760105728398442,0.5394003601071922,0,5,-0.04958279595564194,-0.10099846811334062,16.666666666666668,20.0,0.6893556460103124,0.9205213368854197,0.0,-0.09548538231228806,-0.16279323411383465,0.4290368089877766,0.46211715726000974,0.4459891481527465,0.46211715726000974,0.5485929260233354
R5,7,8,0.1,10,0.0297132626485526,0.029713262648552626,0.06574449539303023,0.1760105728398442,0.24175506823287443,0,0,0.085011433174849,0.10294764016029317,0.0,0.0,0.0,0.0,2.42861286636753e-17,0.16275299740249266,0.1658775776552845,0.0,0.0,0.0,0.0,0.029713262648552626
R5,7,8,0.2,10,0.0062303461541189,0.00623034615411898,0.013781579408669364,0.1760105728398442,0.18979215224851356,0,0,0.05106208687148739,0.05686294487485566,0.0,0.0,0.0,0.0,7.979727989493313e-17,0.0983160384455634,0.09221395519094042,0.0,0.0,0.0,0.0,0.00623034615411898
R5,7,8,0.3,10,0.0645122570782423,0.06451225707824236,0.14289828241882999,0.029999991161806773,0.17289827358063675,0,0,0.18477573999201993,0.22376080111396274,0.0,0.0,0.0,0.0,5.551115123125783e-17,0.3425018892114621,0.34864816480045063,0.0,0.0,0.0,0.0,0.06451225707824236
R5,7,8,0.4,10,0.0040327043196528,0.004032704319652879,0.008920309657314385,0.029999991161806773,0.03892030081912116,0,0,0.05623909791404583,0.1154489780845631,0.0,0.0,0.0,0.0,7.892991815694472e-17,0.10820955142015701,0.1855800301331124,0.0,0.0,0.0,0.0,0.004032704319652879
R5,7,8,0.5,10,0.0,0.0,0.0,0.029999991161806773,0.029999991161806773,0,0,0.0,0.0,0.0,0.0,0.0,0.0,0.0,0.0,0.0,0.0,0.0,0.0,0.0,0.0
R5,7,8,0.6000000000000001,11,0.3364120478848403,0.33641204788484036,0.7742840482057799,0.030298111758632854,0.20458215996441276,0,3,0.08494614320843313,0.1436226225398923,10.0,10.0,0.45171586839418315,0.6778030966895043,5.551115123125783e-17,0.1626302174569769,0.229417626397343,0.26848401997076093,0.24491866240370913,0.3043644736661122,0.3523835317620205,0.33641204788484036
R5,7,8,0.7000000000000001,11,0.1752713499929444,0.1752713499929444,0.3917415617024988,0.029999991161806773,0.22174155286430558,0,1,0.21749635128224704,0.31427097987640457,3.3333333333333335,0.0,0.15515336002122487,0.20515077638079476,0.0,0.3970393669036031,0.4708029729058723,0.09148658840566982,0.0,0.10754464060267933,0.11097290290451627,0.1752713499929444
R5,7,8,0.8,11,0.357282582299038,0.357282582299038,0.8267659313608363,0.2935046147214381,0.12027054608227443,0,5,-0.041042074341080696,-0.050229932916135395,16.666666666666668,20.0,0.6893556460103124,0.9205213368854197,0.0,-0.07911371262785388,-0.0815081281039961,0.4290368089877766,0.46211715726000974,0.4459891481527465,0.46211715726000974,0.357282582299038
R5,7,8,0.9,11,0.0628917743804129,0.06289177438041298,0.1392992014212151,0.13484923795596093,0.27414843937717603,0,0,0.08501981004916212,0.09487529123132893,0.0,0.0,0.0,0.0,8.326672684688674e-17,0.1627687500274925,0.1530835494551177,0.0,0.0,0.0,0.0,0.06289177438041298
R5,7,8,1.0,11,0.2355733100595209,0.23557331005952098,0.531056839021242,0.24845107272333394,0.5795079117445759,2,3,0.024425315040133705,0.047683576385320364,3.333333333333333,0.0,0.1340977700852607,0.10838645141290376,8.326672684688674e-17,0.04714646028215988,0.07739311420404041,0.09148658840566981,0.0,0.09304092596329183,0.05880439690190927,0.23557331005952098
R5,8,9,0.0,11,0.2355733100595209,0.23557331005952098,0.531056839021242,0.24845107272333394,0.5795079117445759,2,3,0.024425315040133705,0.047683576385320364,3.333333333333333,0.0,0.1340977700852607,0.10838645141290376,8.326672684688674e-17,0.04714646028215988,0.07739311420404041,0.09148658840566981,0.0,0.09304092596329183,0.05880439690190927,0.23557331005952098
R5,8,9,0.1,11,0.2355733100595209,0.23557331005952098,0.531056839021242,0.24845107272333394,0.5795079117445759,2,3,0.024425315040133705,0.047683576385320364,3.333333333333333,0.0,0.1340977700852607,0.10838645141290376,8.326672684688674e-17,0.04714646028215988,0.07739311420404041,0.09148658840566981,0.0,0.09304092596329183,0.05880439690190927,0.23557331005952098
R5,8,9,0.2,11,-0.1759067672242835,-0.17590676722428356,-0.3931918051717879,0.24845107272333394,0.255259267551546,2,0,0.029390026040248235,0.06863498098306442,-6.666666666666667,-10.0,-0.2965625083729584,-0.4726523203087099,5.551115123125783e-17,0.0567106666313993,0.11116035345105008,-0.18145444018940696,-0.24491866240370913,-0.2034803067222354,-0.2512351867272912,-0.17590676722428356
R5,8,9,0.3,11,-0.1759067672242835,-0.17590676722428356,-0.3931918051717879,0.24845107272333394,0.255259267551546,2,0,0.029390026040248235,0.06863498098306442,-6.666666666666667,-10.0,-0.2965625083729584,-0.4726523203087099,5.551115123125783e-17,0.0567106666313993,0.11116035345105008,-0.18145444018940696,-0.24491866240370913,-0.2034803067222354,-0.2512351867272912,-0.17590676722428356
R5,8,9,0.4,11,-0.1759067672242835,-0.17590676722428356,-0.3931918051717879,0.24845107272333394,0.255259267551546,2,0,0.029390026040248235,0.06863498098306442,-6.666666666666667,-10.0,-0.2965625083729584,-0.4726523203087099,5.551115123125783e-17,0.0567106666313993,0.11116035345105008,-0.18145444018940696,-0.24491866240370913,-0.2034803067222354,-0.2512351867272912,-0.17590676722428356
R5,8,9,0.5,10,0.366566498217439,0.366566498217439,0.8503975277669398,0.17283266603409242,0.023230193801032206,0,5,-0.1604922131681511,-0.18357364879441512,16.666666666666668,20.0,0.6893556460103124,0.9205213368854197,0.0,-0.30045221611449613,-0.2899826623610607,0.4290368089877766,0.46211715726000974,0.4459891481527465,0.46211715726000974,0.366566498217439
R5,8,9,0.6000000000000001,10,-0.1565655326724023,-0.15656553267240236,-0.3491919411802241,0.16701582631941847,0.21782388513919435,2,0,0.14118872618618908,0.19698928276820243,-6.666666666666667,-10.0,-0.2965625083729584,-0.4726523203087099,5.551115123125783e-17,0.2661621740534837,0.30983718103907326,-0.18145444018940696,-0.24491866240370913,-0.2034803067222354,-0.2512351867272912,-0.15656553267240236
R5,8,9,0.7000000000000001,10,0.1637619533064218,0.16376195330642185,0.36552945445470747,0.17730009374859518,0.5428295482033026,0,0,0.167403765154416,0.17865663734616266,0.0,0.0,0.0,0.0,5.551115123125783e-17,0.31254855890685507,0.28264165150002235,0.0,0.0,0.0,0.0,0.16376195330642185
R5,8,9,0.8,10,0.0183180943607151,0.018318094360715152,0.04052379139059917,0.17730009374859518,0.21782388513919435,0,0,0.052399604912910375,0.06345517855252175,0.0,0.0,0.0,0.0,5.204170427930421e-17,0.10087404151190645,0.10283288888586678,0.0,0.0,0.0,0.0,0.018318094360715152
R5,8,9,0.9,10,0.1203336019763959,0.12033360197639593,0.26747155587046634,0.6757516652690423,0.7432232211395086,0,1,-0.02309223561703705,0.04531393407170864,3.3333333333333335,0.0,0.15961233887849602,0.11948662999839346,4.163336342344337e-17,-0.04457681969094817,0.07356130443775094,0.09148658840566982,0.0,0.1106104647193683,0.06481063472736014,0.12033360197639593
R5,8,9,1.0,10,0.0208018376830562,0.02080183768305622,0.04601988753842623,0.4699446836253417,0.5159645711637679,0,0,0.029112692554974118,0.03285869261129204,0.0,0.0,0.0,0.0,2.0816681711721685e-17,0.056176658971159504,0.053387552715039664,0.0,0.0,0.0,0.0,0.02080183768305622
R5,9,1,0.0,10,0.0208018376830562,0.02080183768305622,0.04601988753842623,0.4699446836253417,0.5159645711637679,0,0,0.029112692554974118,0.03285869261129204,0.0,0.0,0.0,0.0,2.0816681711721685e-17,0.056176658971159504,0.053387552715039664,0.0,0.0,0.0,0.0,0.02080183768305622
R5,9,1,0.1,10,0.1495788148616642,0.14957881486166422,0.33336658521754076,0.105608689934448,0.43897527515198875,0,0,0.12581531592347603,0.1282936150283823,0.0,0.0,0.0,0.0,2.7755575615628914e-17,0.23835810818596503,0.20566914075371903,0.0,0.0,0.0,0.0,0.14957881486166422
R5,9,1,0.2,10,0.0356740014710881,0.035674001471088165,0.07894367795958085,0.03502593412829961,0.11396961208788045,0,0,0.04716737300247288,0.061053085983597266,0.0,0.0,0.0,0.0,6.245004513516506e-17,0.09086011593155728,0.09896612244307822,0.0,0.0,0.0,0.0,0.035674001471088165
R5,9,1,0.3,10,0.0023753757157034,0.0023753757157034586,0.005254293457928889,0.029999991161806773,0.03525428461973566,0,0,0.045362824167332755,0.06822336765100882,0.0,0.0,0.0,0.0,5.854691731421724e-17,0.08740203435099288,0.11049916585351435,0.0,0.0,0.0,0.0,0.0023753757157034586
R5,9,1,0.4,10,0.0,0.0,0.0,0.029999991161806773,0.029999991161806773,0,0,0.0,0.0,0.0,0.0,0.0,0.0,0.0,0.0,0.0,0.0,0.0,0.0,0.0,0.0
R5,9,1,0.5,10,0.0,0.0,0.0,0.029999991161806773,0.029999991161806773,0,0,0.0,0.0,0.0,0.0,0.0,0.0,0.0,0.0,0.0,0.0,0.0,0.0,0.0,0.0
R5,9,1,0.6000000000000001,9,0.0,0.0,0.0,0.029999991161806773,0.029999991161806773,0,0,0.0,0.0,0.0,0.0,0.0,0.0,0.0,0.0,0.0,0.0,0.0,0.0,0.0,0.0
R5,9,1,0.7000000000000001,9,0.0,0.0,0.0,0.029999991161806773,0.029999991161806773,0,0,0.0,0.0,0.0,0.0,0.0,0.0,0.0,0.0,0.0,0.0,0.0,0.0,0.0,0.0
R5,9,1,0.8,9,0.0,0.0,0.0,0.029999991161806773,0.029999991161806773,0,0,0.0,0.0,0.0,0.0,0.0,0.0,0.0,0.0,0.0,0.0,0.0,0.0,0.0,0.0
R5,9,1,0.9,9,-0.0404707408220468,-0.0404707408220468,-0.08956939199145103,0.1195693831532578,0.029999991161806773,0,0,-0.14874752038165986,-0.19147753066142334,0.0,0.0,0.0,0.0,0.0,-0.2796753588444327,-0.3017115406835994,0.0,0.0,0.0,0.0,-0.0404707408220468
R5,9,1,1.0,9,-0.1659442860579209,-0.16594428605792094,-0.3704915866837446,0.10895212264204802,0.1384605359583034,2,0,0.11852477696598199,0.1712242798139846,-6.666666666666667,-10.0,-0.2965625083729584,-0.4726523203087099,5.551115123125783e-17,0.22503151349738051,0.27148237657770086,-0.18145444018940696,-0.24491866240370913,-0.2034803067222354,-0.2512351867272912,-0.16594428605792094
R1,1,2,0.0,9,0.3872240458885805,0.3872240458885805,0.9036608106477744,0.1195693831532578,0.023230193801032206,0,5,-0.15750322708606565,-0.20207818876260503,16.666666666666668,20.0,0.6893556460103124,0.9205213368854197,0.0,-0.2951906396312324,-0.31729950421292064,0.4290368089877766,0.46211715726000974,0.4459891481527465,0.46211715726000974,0.3872240458885805
R1,1,2,0.1,9,0.3889466474150218,0.3889466474150218,0.9081468101068174,0.11508338369421481,0.023230193801032206,0,5,-0.11877345184516566,-0.14383058747671232,16.666666666666668,20.0,0.6893556460103124,0.9205213368854197,0.0,-0.22548749502893806,-0.22973801552399667,0.4290368089877766,0.46211715726000974,0.4459891481527465,0.46211715726000974,0.3889466474150218
R1,1,2,0.2,9,0.3889466474150218,0.3889466474150218,0.9081468101068174,0.11508338369421481,0.023230193801032206,0,5,-0.11877345184516566,-0.14383058747671232,16.666666666666668,20.0,0.6893556460103124,0.9205213368854197,0.0,-0.22548749502893806,-0.22973801552399667,0.4290368089877766,0.46211715726000974,0.4459891481527465,0.46211715726000974,0.3889466474150218
R1,1,2,0.3,10,0.0562441272000763,0.05624412720007636,0.12454232125390619,0.498687872547126,0.023230193801032206,2,5,-0.1462301819139986,-0.12380043346388617,10.0,10.0,0.3903995292200624,0.49385407916714247,6.245004513516506e-17,-0.2751869924766894,-0.19866053145979443,0.26848401997076093,0.24491866240370913,0.2651652768664831,0.26199286503403374,0.05624412720007636
R1,1,2,0.4,10,0.0,0.0,0.0,0.023230193801032206,0.023230193801032206,5,5,0.0,0.0,0.0,0.0,0.0,0.0,0.0,0.0,0.0,0.0,0.0,0.0,0.0,0.0
R1,1,2,0.5,10,0.1498116364335995,0.14981163643359952,0.3338933867986531,0.023230193801032206,0.35712358059968535,5,5,0.09571885507814235,0.08942058914578437,0.0,0.0,0.0,0.0,2.7755575615628914e-17,0.1828178417654793,0.14440885858765862,0.0,0.0,0.0,0.0,0.14981163643359952
R1,1,2,0.6000000000000001,10,0.4832042519320272,0.4832042519320272,1.1660589010725122,0.1910646795271732,0.35712358059968535,0,5,-0.121302804691162,-0.17338718502256784,16.666666666666668,20.0,0.6893556460103124,0.9205213368854197,0.0,-0.2301197888193358,-0.2747375522305669,0.4290368089877766,0.46211715726000974,0.4459891481527465,0.46211715726000974,0.4832042519320272
R1,1,2,0.7000000000000001,10,0.4832042519320272,0.4832042519320272,1.1660589010725122,0.1910646795271732,0.35712358059968535,0,5,-0.121302804691162,-0.17338718502256784,16.666666666666668,20.0,0.6893556460103124,0.9205213368854197,0.0,-0.2301197888193358,-0.2747375522305669,0.4290368089877766,0.46211715726000974,0.4459891481527465,0.46211715726000974,0.4832042519320272
R1,1,2,0.8,11,0.3546660095615828,0.35466600956158284,0.8201382778109275,0.5369853027887578,0.35712358059968535,0,5,-0.24370778192557283,-0.2960021574843842,16.666666666666668,20.0,0.6893556460103124,0.9205213368854197,5.551115123125783e-17,-0.4388139223979447,-0.44735671765594553,0.4290368089877766,0.46211715726000974,0.4459891481527465,0.46211715726000974,0.35466600956158284
R1,1,2,0.9,11,0.3546660095615828,0.35466600956158284,0.8201382778109275,0.5369853027887578,0.35712358059968535,0,5,-0.24370778192557283,-0.2960021574843842,16.666666666666668,20.0,0.6893556460103124,0.9205213368854197,5.551115123125783e-17,-0.4388139223979447,-0.44735671765594553,0.4290368089877766,0.46211715726000974,0.4459891481527465,0.46211715726000974,0.35466600956158284
R1,1,2,1.0,11,0.3546414011510802,0.3546414011510802,0.8200760128602116,0.5370475677394737,0.35712358059968535,0,5,-0.2476673296848749,-0.2979034309434002,16.666666666666668,20.0,0.68903122721761,0.920382150916932,0.0,-0.4449688720632792,-0.44982654283360773,0.4290368089877766,0.46211715726000974,0.4458082877908159,0.4620576983918713,0.3546414011510802
R1,2,3,0.0,11,0.3546414011510802,0.3546414011510802,0.8200760128602116,0.5370475677394737,0.35712358059968535,0,5,-0.2476673296848749,-0.2979034309434002,16.666666666666668,20.0,0.68903122721761,0.920382150916932,0.0,-0.4449688720632792,-0.44982654283360773,0.4290368089877766,0.46211715726000974,0.4458082877908159,0.4620576983918713,0.3546414011510802
R1,2,3,0.1,11,0.3425104996518945,0.34251049965189456,0.789530706131273,0.5369853027887578,0.7265160089200309,0,3,-0.13957973855236724,-0.16681102700618503,10.0,10.0,0.42979895790130257,0.5798766941781702,5.551115123125783e-17,-0.2632719523451982,-0.2648211891644244,0.26848401997076093,0.24491866240370913,0.2904631172098427,0.30495343053645746,0.34251049965189456
R1,2,3,0.2,11,0.1934383372491647,0.1934383372491647,0.43334173223571343,0.12385927517206936,0.5572010074077828,0,0,0.19138219614129554,0.19392114608507663,0.0,0.0,0.0,0.0,0.0,0.3537166864037319,0.30531950832457005,0.0,0.0,0.0,0.0,0.1934383372491647
R1,2,3,0.3,11,0.001384678020237,0.0013846780202370998,0.0030628820447268917,0.1193732757130263,0.1224361577577532,0,0,0.003960483546358556,0.004796089417204469,0.0,0.0,0.0,0.0,9.974659986866641e-17,0.007650164091391275,0.007799761471302921,0.0,0.0,0.0,0.0,0.0013846780202370998
R1,2,3,0.4,11,-0.1350099356770342,-0.13500993567703423,-0.3004738847607661,0.023230193801032206,0.12275630904026616,2,0,0.0327426916110059,0.09183745076423455,-6.666666666666667,-10.0,-0.22819013286857678,-0.4242610949228504,2.7755575615628914e-17,0.06316359308943102,0.14825524983813942,-0.18145444018940696,-0.24491866240370913,-0.157463056830026,-0.22645161412003414,-0.13500993567703423
R1,2,3,0.5,11,-0.00885291071017,-0.008852910710170064,-0.019582973042200823,0.06018454951508194,0.04060157647288112,0,0,-0.03546409927678042,-0.05419075015254757,0.0,0.0,0.0,0.0,6.418476861114186e-17,-0.0683976723012988,-0.08790339688910302,0.0,0.0,0.0,0.0,-0.008852910710170064
R1,2,3,0.6000000000000001,11,-0.0264234617680242,-0.02642346176802428,-0.05846177748713889,0.18068105076294702,0.12221927327580813,0,0,0.00011716914300638481,0.016082077906257597,0.0,0.0,0.0,0.0,7.979727989493313e-17,0.00022633111129410783,0.02614845346401113,0.0,0.0,0.0,0.0,-0.02642346176802428
R1,2,3,0.7000000000000001,11,0.0040440683264144,0.004044068326414484,0.00894544702294553,0.19093188844303066,0.1998773354659762,1,1,0.01933991566359991,0.029171487512701155,0.0,0.0,0.0,0.0,8.326672684688674e-17,0.03734079955105431,0.04740626909483073,0.0,0.0,0.0,0.0,0.004044068326414484
R1,2,3,0.8,11,0.1705957318267182,0.1705957318267182,0.3810803311507234,0.24214986265030883,0.023230193801032206,2,5,-0.1681396501240724,-0.1640083092716052,10.0,10.0,0.392793137637354,0.4478690165767098,0.0,-0.3138306094588042,-0.2605776729581503,0.26848401997076093,0.24491866240370913,0.2667130533302048,0.2385812785102401,0.1705957318267182
R1,2,3,0.9,11,0.1705957318267182,0.1705957318267182,0.3810803311507234,0.24214986265030883,0.023230193801032206,2,5,-0.13162213151631963,-0.1092431954097477,10.0,10.0,0.3924828309173116,0.447458715023948,0.0,-0.24890898050608035,-0.1758171463484875,0.26848401997076093,0.24491866240370913,0.2665124774286622,0.23837108928333697,0.1705957318267182
R1,2,3,1.0,11,0.2814946814027954,0.28149468140279543,0.6399360860493915,0.24214986265030883,0.2820859486997002,2,5,-0.09389747691023707,-0.09463974397199677,10.0,10.0,0.3914144263453335,0.44602797390293886,5.551115123125783e-17,-0.17941497052327424,-0.152709432229381,0.26848401997076093,0.24491866240370913,0.26582170612754596,0.23763797479652415,0.28149468140279543
R1,3,4,0.0,11,0.2814946814027954,0.28149468140279543,0.6399360860493915,0.24214986265030883,0.2820859486997002,2,5,-0.09389747691023707,-0.09463974397199677,10.0,10.0,0.3914144263453335,0.44602797390293886,5.551115123125783e-17,-0.17941497052327424,-0.152709432229381,0.26848401997076093,0.24491866240370913,0.26582170612754596,0.23763797479652415,0.28149468140279543
R1,3,4,0.1,11,0.1706095972874514,0.1706095972874514,0.38111192069473754,0.24215212213728946,0.023264042832027043,2,5,-0.16811477313163972,-0.1639846432952602,10.0,10.0,0.3920075513620794,0.4469732785435562,0.0,-0.31378728769307423,-0.26054179780121145,0.26848401997076093,0.24491866240370913,0.26620522171466715,0.23812238110415507,0.1706095972874514
R1,3,4,0.2,11,0.1788877781979826,0.17888777819798268,0.4,0.023230193801032206,0.023230193801032206,3,5,-0.18285073505160424,-0.2742631069275699,6.666666666666668,10.0,0.2992664235102922,0.4270775592710387,8.326672684688674e-17,-0.33921546418115234,-0.4186354358767567,0.18145444018940696,0.24491866240370913,0.20528320897382557,0.22790248091348755,0.17888777819798268
R1,3,4,0.3,11,-0.1282807671463226,-0.1282807671463226,-0.28532652608606024,0.24114194483199022,0.15581541874593005,2,1,0.007775646953538218,0.08976877049684409,-3.3333333333333335,-10.0,-0.14140914835173352,-0.26750154392791514,0.0,0.015018787982894377,0.1449632548527484,-0.09148658840566982,-0.24491866240370913,-0.09808201610851586,-0.14428499240549864,-0.1282807671463226
R1,3,4,0.4,11,0.1858634827159175,0.1858634827159175,0.41596107164836715,0.023230193801032206,0.4391912654493994,3,3,0.000330281837249341,0.10185560762153353,0.0,-10.0,0.06106099723790881,-0.11072386712915172,0.0,0.0006379926018140885,0.1641499558162445,0.0,-0.24491866240370913,0.042463230052308364,-0.06006952666897227,0.1858634827159175
R1,3,4,0.5,10,0.0164502603418955,0.0164502603418955,0.03639092970406643,0.1878712881991389,0.22426221790320533,0,0,0.047055575835111635,0.056983635114643105,0.0,0.0,0.0,0.0,0.0,0.09064594027908175,0.09240856214923585,0.0,0.0,0.0,0.0,0.0164502603418955
R1,3,4,0.6000000000000001,10,0.1728929867784387,0.17289298677843876,0.3863162552117759,0.1878712881991389,0.5741875434109148,0,0,0.1708776281275097,0.1810181137365618,0.0,0.0,0.0,0.0,5.551115123125783e-17,0.3185906142856248,0.28617148861193326,0.0,0.0,0.0,0.0,0.17289298677843876
R1,3,4,0.7000000000000001,10,0.3957829006859531,0.3957829006859531,0.9260201956708036,0.7989144846139618,0.7249346802847654,0,5,-0.22795069199596316,-0.2864728616646657,16.666666666666668,20.0,0.6893556460103124,0.9205213368854197,0.0,-0.41391260567368643,-0.4348751091095883,0.4290368089877766,0.46211715726000974,0.4459891481527465,0.46211715726000974,0.3957829006859531
R1,3,4,0.8,10,0.0593563290552691,0.059356329055269184,0.13144953122899472,0.5934851490557708,0.7249346802847654,5,5,0.03768328193150269,0.03520373565386639,0.0,0.0,0.0,0.0,8.326672684688674e-17,0.07266305085461955,0.05718965281956168,0.0,0.0,0.0,0.0,0.059356329055269184
R1,3,4,0.9,10,0.0593715777213222,0.05937157772132227,0.1314833802599895,0.5934851490557708,0.7249685293157602,5,5,0.03772770976221099,0.03525674029375278,0.0,0.0,-0.0013787112920204958,-0.0018410426737709429,6.938893903907228e-17,0.07274841672923826,0.057275572340627405,0.0,0.0,-0.0009593643289010612,-0.0009999996666668562,0.05937157772132227
R1,3,4,1.0,10,0.0593715777213222,0.05937157772132227,0.1314833802599895,0.5934851490557708,0.7249685293157602,5,5,0.03772770976221099,0.03525674029375278,0.0,0.0,-0.0013787112920204958,-0.0018410426737709429,6.938893903907228e-17,0.07274841672923826,0.057275572340627405,0.0,0.0,-0.0009593643289010612,-0.0009999996666668562,0.05937157772132227
R1,4,5,0.0,10,0.0593715777213222,0.05937157772132227,0.1314833802599895,0.5934851490557708,0.7249685293157602,5,5,0.03772770976221099,0.03525674029375278,0.0,0.0,-0.0013787112920204958,-0.0018410426737709429,6.938893903907228e-17,0.07274841672923826,0.057275572340627405,0.0,0.0,-0.0009593643289010612,-0.0009999996666668562,0.05937157772132227
R1,4,5,0.1,10,0.0593715777213222,0.05937157772132227,0.1314833802599895,0.5934851490557708,0.7249685293157602,5,5,0.03772770976221099,0.03525674029375278,0.0,0.0,-0.0013787112920204958,-0.0018410426737709429,6.938893903907228e-17,0.07274841672923826,0.057275572340627405,0.0,0.0,-0.0009593643289010612,-0.0009999996666668562,0.05937157772132227
R1,4,5,0.2,10,0.1975413537315405,0.1975413537315405,0.4427781632643015,0.28219036605145864,0.7249685293157602,5,5,0.12696811223517093,0.11862515666505588,0.0,0.0,-0.0013787112920204958,-0.0018410426737709429,0.0,0.24045728728071067,0.19056275702701073,0.0,0.0,-0.0009593643289010612,-0.0009999996666668562,0.1975413537315405
R1,4,5,0.3,10,-0.1098603475188658,-0.1098603475188658,-0.24399368158030232,0.36426422766257677,0.12027054608227443,5,5,-0.06994686558811947,-0.06534438721278549,0.0,0.0,0.0,0.0,0.0,-0.13429742453282734,-0.10587186495500768,0.0,0.0,0.0,0.0,-0.1098603475188658
R1,4,5,0.4,10,0.2293365457071331,0.22933654570713313,0.516473148963036,0.0037973971192383875,0.12027054608227443,3,5,-0.2383105422829683,-0.28638715023204425,6.666666666666668,10.0,0.37162731283346184,0.5082312998224068,2.7755575615628914e-17,-0.43035743816327643,-0.43476207058667726,0.18145444018940696,0.24491866240370913,0.25297973203857577,0.2692511177346473,0.22933654570713313
R1,4,5,0.5,10,0.15410016609476,0.15410016609476007,0.34360376330829057,0.5788225710637017,0.32242633437199236,0,3,-0.18482991772903173,-0.1771169800563731,10.0,10.0,0.4303499717381767,0.5806284701688518,8.326672684688674e-17,-0.3425942623537152,-0.28033609921202507,0.26848401997076093,0.24491866240370913,0.2908141478763124,0.3053237524505283,0.15410016609476007
R1,4,5,0.6000000000000001,10,-0.1052186304618305,-0.1052186304618305,-0.2336061476140492,0.5788225710637017,0.34521642344965253,0,0,-0.07201334094048378,-0.07717764772976438,0.0,0.0,0.0,0.0,0.0,-0.138215040271446,-0.12485965399370373,0.0,0.0,0.0,0.0,-0.1052186304618305
R1,4,5,0.7000000000000001,10,-0.0974818874925045,-0.09748188749250455,-0.2163149237796852,0.5615313472293377,0.34521642344965253,0,0,-0.03415663166719057,-0.022002921419986943,0.0,0.0,0.0,0.0,5.551115123125783e-17,-0.06588347386796091,-0.035768266663082054,0.0,0.0,0.0,0.0,-0.09748188749250455
R1,4,5,0.8,10,0.2883309681602207,0.28833096816022075,0.6563938680622635,0.8390139888757363,0.4954078569379998,0,5,-0.31567217586413565,-0.3721302342481536,16.666666666666668,20.0,0.6893556460103124,0.9205213368854197,5.551115123125783e-17,-0.5439664211439409,-0.5407383432567708,0.4290368089877766,0.46211715726000974,0.4459891481527465,0.46211715726000974,0.28833096816022075
R1,4,5,0.9,10,0.0506519861491005,0.05065198614910051,0.1121371465960368,0.783270710341963,0.4954078569379998,3,5,-0.09461116052495067,-0.1094901688385965,6.666666666666668,10.0,0.25924638138896744,0.3402343411544877,1.3877787807814457e-17,-0.18074885826359122,-0.17620635793607592,0.18145444018940696,0.24491866240370913,0.17846274126928235,0.1827297108209801,0.05065198614910051
R1,4,5,1.0,10,-0.0577042912436152,-0.05770429124361521,-0.12778269394400854,0.6232243999130034,0.49544170596899484,5,5,-0.03659736753671891,-0.0341777738879151,0.0,0.0,-0.0013787112920204958,-0.0018410426737709429,6.938893903907228e-18,-0.0705761921353755,-0.05552642278756958,0.0,0.0,-0.0009593643289010612,-0.0009999996666668562,-0.05770429124361521
R1,5,6,0.0,10,-0.0577042912436152,-0.05770429124361521,-0.12778269394400854,0.6232243999130034,0.49544170596899484,5,5,-0.03659736753671891,-0.0341777738879151,0.0,0.0,-0.0013787112920204958,-0.0018410426737709429,6.938893903907228e-18,-0.0705761921353755,-0.05552642278756958,0.0,0.0,-0.0009593643289010612,-0.0009999996666668562,-0.05770429124361521
R1,5,6,0.1,10,0.0961098681739841,0.0961098681739841,0.2132513399175362,0.28219036605145864,0.49544170596899484,5,5,0.0611685318627572,0.05715516480563357,0.0,0.0,-0.0013787112920204958,-0.0018410426737709429,0.0,0.11761008274932733,0.09268513302289468,0.0,0.0,-0.0009593643289010612,-0.0009999996666668562,0.0961098681739841
R1,5,6,0.2,10,0.0438575074048916,0.04385750740489169,0.09707420131223721,0.023230193801032206,0.12030439511326933,5,5,0.027863461642065004,0.02604155612064955,0.0,0.0,-0.0013787112920204958,-0.0018410426737709429,8.326672684688674e-17,0.05377086160612169,0.042326293530375245,0.0,0.0,-0.0009593643289010612,-0.0009999996666668562,0.04385750740489169
R1,5,6,0.3,10,0.1375472597320841,0.13754725973208418,0.3061926053813613,0.214111789731908,0.12030439511326933,1,3,-0.05165982177499534,-0.1036574152756439,6.666666666666666,10.0,0.23510009565314294,0.28826508214926355,8.326672684688674e-17,-0.09945936899061265,-0.16699991400972872,0.18145444018940693,0.24491866240370913,0.16214849416310725,0.15530993497232157,0.13754725973208418
R1,5,6,0.4,10,0.2452421083419378,0.2452421083419378,0.553756175500953,0.19209934866603873,0.34585552416699167,0,2,-0.017281676752214842,-0.06943761794925418,6.666666666666667,10.0,0.2965625083729584,0.4726523203087099,0.0,-0.03336995385443544,-0.1124493712416661,0.18145444018940696,0.24491866240370913,0.2034803067222354,0.2512351867272912,0.2452421083419378
R1,5,6,0.5,10,0.1545247888110908,0.15452478881109083,0.3445659317632863,0.1379972892830817,0.282563221046368,0,1,0.03726546746521997,0.08637077992845574,3.3333333333333335,0.0,0.15515336002122487,0.20515077638079476,2.7755575615628914e-17,0.07186018914942535,0.1395489216425315,0.09148658840566982,0.0,0.10754464060267933,0.11097290290451627,0.15452478881109083
R1,5,6,0.6000000000000001,10,-0.1361130568724494,-0.1361130568724494,-0.30295964771875783,0.023230193801032206,0.12027054608227443,5,3,0.15349253113698144,0.18975612378929937,-6.666666666666668,-10.0,-0.2989561167902499,-0.42666725771827735,0.0,0.28810234533892837,0.29916469954106684,-0.18145444018940696,-0.24491866240370913,-0.20507637480405747,-0.22769118193822657,-0.1361130568724494
R1,5,6,0.7000000000000001,10,0.0438422342352882,0.04384223423528824,0.09704035228124219,0.023230193801032206,0.12027054608227443,5,5,0.027819033811356614,0.025988551480763077,0.0,0.0,0.0,0.0,4.163336342344337e-17,0.05368528981461771,0.04224024576702426,0.0,0.0,0.0,0.0,0.04384223423528824
R1,5,6,0.8,10,0.0438422342352882,0.04384223423528824,0.09704035228124219,0.023230193801032206,0.12027054608227443,5,5,0.027819033811356614,0.025988551480763077,0.0,0.0,0.0,0.0,4.163336342344337e-17,0.05368528981461771,0.04224024576702426,0.0,0.0,0.0,0.0,0.04384223423528824
R1,5,6,0.9,10,-0.32338704597757,-0.32338704597757006,-0.7419536914049177,0.5458821015385601,0.003928410133642196,5,4,0.14434684422302466,0.18419463566607278,-3.333333333333334,0.0,-0.22520860367355305,-0.3559725862061297,5.551115123125783e-17,0.2718211627462782,0.2909073835039716,-0.09148658840566982,0.0,-0.15543916731023996,-0.19097973520971068,-0.32338704597757006
R1,5,6,1.0,10,0.0666216603001124,0.06662166030011248,0.14758438761355963,0.5458821015385601,0.6934664891521195,5,5,0.04234346452233087,0.03956878006549283,0.0,0.0,-0.0013787112920204958,-0.0018410426737709429,6.938893903907228e-17,0.08161132176501053,0.06426235213136339,0.0,0.0,-0.0009593643289010612,-0.0009999996666668562,0.06662166030011248
R1,6,7,0.0,10,0.0666216603001124,0.06662166030011248,0.14758438761355963,0.5458821015385601,0.6934664891521195,5,5,0.04234346452233087,0.03956878006549283,0.0,0.0,-0.0013787112920204958,-0.0018410426737709429,6.938893903907228e-17,0.08161132176501053,0.06426235213136339,0.0,0.0,-0.0009593643289010612,-0.0009999996666668562,0.06662166030011248
R1,6,7,0.1,10,-0.2202336091720008,-0.22023360917200085,-0.49526589040843483,0.42697703789865954,0.5317111474902247,3,0,0.17838807875998391,0.19296913305410254,-10.0,-10.0,-0.4306602784582191,-0.5810387717216137,5.551115123125783e-17,0.331564858996811,0.3039149082689931,-0.26848401997076093,-0.24491866240370913,-0.29101179843711633,-0.30552582645029375,-0.22023360917200085
R1,6,7,0.2,10,-0.003476105356998,-0.0034761053569980042,-0.007689106497620751,0.023230193801032206,0.21554108730341145,1,0,0.06209219321885234,0.1626362963451161,-3.3333333333333335,-10.0,-0.07303677284735191,-0.21911031854205576,4.336808689942018e-18,0.11936923346160316,0.2584966585083265,-0.09148658840566982,-0.24491866240370913,-0.050778311791581716,-0.11845549702494514,-0.0034761053569980042
R1,6,7,0.3,10,0.0184647889383208,0.01846478893832084,0.0408483866557206,0.17469270064769085,0.21554108730341145,0,0,0.0528193253552805,0.06396345405683163,0.0,0.0,0.0,0.0,4.163336342344337e-17,0.1016764835772014,0.10365069071463918,0.0,0.0,0.0,0.0,0.01846478893832084
R1,6,7,0.4,10,-0.0284762304860588,-0.02847623048605887,-0.06300588639559279,0.17469270064769085,0.11168681425209806,0,0,-0.08147025342457656,-0.09865932169465605,0.0,0.0,0.0,0.0,6.938893903907228e-17,-0.1560865104319799,-0.1590876008777268,0.0,0.0,0.0,0.0,-0.02847623048605887
R1,6,7,0.5,10,-0.0320818420363574,-0.03208184203635746,-0.07098875456626227,0.10748729629258674,0.03649854172632446,0,0,-0.07701959375732396,-0.08817931097986995,0.0,0.0,0.0,0.0,5.551115123125783e-17,-0.1476877321518372,-0.14243168182840998,0.0,0.0,0.0,0.0,-0.03208184203635746
R1,6,7,0.6000000000000001,10,-0.1866162432204525,-0.18661624322045256,-0.4176859922890603,0.24800613473338,0.030320142444319725,1,0,-0.1964797004710963,-0.30245868074193316,-3.3333333333333335,0.0,-0.15515336002122487,-0.20515077638079476,5.551115123125783e-17,-0.3623011935071068,-0.4557160366500698,-0.09148658840566982,0.0,-0.10754464060267933,-0.11097290290451627,-0.18661624322045256
R1,6,7,0.7000000000000001,10,-0.3858433436426715,-0.38584334364267153,-0.9000702668945486,0.023230193801032206,0.12315992690648357,5,0,0.16103549600140124,0.1902496824401522,-16.666666666666668,-20.0,-0.6893556460103124,-0.9205213368854197,5.551115123125783e-17,0.301406618910223,0.29989536308132325,-0.4290368089877766,-0.46211715726000974,-0.4459891481527465,-0.46211715726000974,-0.38584334364267153
R1,6,7,0.8,10,-0.4666657351058282,-0.4666657351058282,-1.1188178580267163,0.291716131607353,0.17289827358063675,5,0,0.1165285417084403,0.16241381729038779,-16.666666666666668,-20.0,-0.6879769347182919,-0.9186802942116488,0.0,0.22136756891738518,0.2581589843941201,-0.4290368089877766,-0.46211715726000974,-0.44522027847905227,-0.46133034619041935,-0.4666657351058282
R1,6,7,0.9,10,-0.4606582409923317,-0.46065824099233177,-1.101890130327845,0.2916822825763585,0.18979215224851356,5,0,0.17165943927208366,0.22420323738685077,-16.666666666666668,-20.0,-0.6893556460103124,-0.9205213368854197,5.551115123125783e-17,0.3199468704483308,0.3492800801118774,-0.4290368089877766,-0.46211715726000974,-0.4459891481527465,-0.46211715726000974,-0.46065824099233177
R1,6,7,1.0,10,-0.1214884696612543,-0.1214884696612543,-0.2700640005872659,0.8094643606944579,0.5394003601071922,5,5,-0.07742057182349707,-0.07232632628972496,0.0,0.0,0.0,0.0,0.0,-0.14844530489709803,-0.11708541345756716,0.0,0.0,0.0,0.0,-0.1214884696612543
R1,7,8,0.0,10,-0.1214884696612543,-0.1214884696612543,-0.2700640005872659,0.8094643606944579,0.5394003601071922,5,5,-0.07742057182349707,-0.07232632628972496,0.0,0.0,0.0,0.0,0.0,-0.14844530489709803,-0.11708541345756716,0.0,0.0,0.0,0.0,-0.1214884696612543
R1,7,8,0.1,10,-0.4419527290628345,-0.44195272906283456,-1.0499272143434841,0.2916822825763585,0.24175506823287443,5,0,0.20560878557544526,0.2702879326722883,-16.666666666666668,-20.0,-0.6893556460103124,-0.9205213368854197,5.551115123125783e-17,0.377521956663532,0.41328918544407167,-0.4290368089877766,-0.46211715726000974,-0.4459891481527465,-0.46211715726000974,-0.44195272906283456
R1,7,8,0.2,10,-0.4606582409923317,-0.46065824099233177,-1.101890130327845,0.2916822825763585,0.18979215224851356,5,0,0.17165943927208366,0.22420323738685077,-16.666666666666668,-20.0,-0.6893556460103124,-0.9205213368854197,5.551115123125783e-17,0.3199468704483308,0.3492800801118774,-0.4290368089877766,-0.46211715726000974,-0.4459891481527465,-0.46211715726000974,-0.46065824099233177
R1,7,8,0.3,10,-0.0337873605984494,-0.03378736059844948,-0.07476542494357996,0.2476636985242167,0.17289827358063675,0,0,-0.09667601657574101,-0.11707328526152189,0.0,0.0,0.0,0.0,8.326672684688674e-17,-0.18460435281082901,-0.1881294211271221,0.0,0.0,0.0,0.0,-0.03378736059844948
R1,7,8,0.4,10,-0.0906970622846562,-0.09069706228465624,-0.2011729163469994,0.2476636985242167,0.04649078217721731,0,0,-0.20778525069274023,-0.27196476345179754,0.0,0.0,0.0,0.0,4.163336342344337e-17,-0.3811212229469587,-0.4155478771077087,0.0,0.0,0.0,0.0,-0.09069706228465624
R1,7,8,0.5,10,-0.0942376200954704,-0.09423762009547042,-0.20907210768812015,0.24319627080971434,0.03412416312159419,0,0,-0.20711476941735274,-0.22960405586177068,0.0,0.0,0.0,0.0,1.3877787807814457e-17,-0.3800136579223757,-0.356968147776211,0.0,0.0,0.0,0.0,-0.09423762009547042
R1,7,8,0.6000000000000001,11,-0.2125651468511626,-0.21256514685116262,-0.47746993970429275,0.28205209966870537,0.20458215996441276,5,3,-0.02519492097512127,-0.0022727141883844837,-6.666666666666668,-10.0,-0.23732947089608686,-0.2423079386431536,2.7755575615628914e-17,-0.048629668901622625,-0.003696116936575833,-0.18145444018940696,-0.24491866240370913,-0.16365861827754113,-0.1308597851723617,-0.21256514685116262
R1,7,8,0.7000000000000001,11,-0.2644161858970097,-0.2644161858970097,-0.5991162126967862,0.4208577655610918,0.22174155286430558,3,1,0.046223232093048516,0.10696340754654837,-6.666666666666666,-10.0,-0.2746455978800777,-0.37472591779737546,0.0,0.08905111375297088,0.17222179065898446,-0.18145444018940693,-0.24491866240370913,-0.188816685311156,-0.20077507072770584,-0.2644161858970097
R1,7,8,0.8,11,-0.073008660884763,-0.07300866088476309,-0.1617815535864311,0.28205209966870537,0.12027054608227443,5,5,-0.04637871157177038,-0.043327009178958945,0.0,0.0,0.0,0.0,8.326672684688674e-17,-0.08934905781214623,-0.0703466849214403,0.0,0.0,0.0,0.0,-0.07300866088476309
R1,7,8,0.9,11,-0.3341974631183425,-0.3341974631183425,-0.7687649154822566,0.28205209966870537,0.5132871841864489,5,0,0.1677986248627599,0.18552147464776955,-16.666666666666668,-20.0,-0.68904533929027,-0.9201110353326579,0.0,0.31323662100004807,0.2928813779120326,-0.4290368089877766,-0.46211715726000974,-0.44581615589327006,-0.4619418685710038,-0.3341974631183425
R1,7,8,1.0,11,-0.0717361978031144,-0.07173619780311442,-0.15895207012985968,0.3384599818744356,0.5795079117445759,5,3,0.10700131676968141,0.1319463740841999,-6.666666666666668,-10.0,-0.25731665626007283,-0.3376415224900351,2.7755575615628914e-17,0.20379642783915963,0.21135136112422379,-0.18145444018940696,-0.24491866240370913,-0.17716241371789945,-0.18136804355308997,-0.07173619780311442
R1,8,9,0.0,11,-0.0717361978031144,-0.07173619780311442,-0.15895207012985968,0.3384599818744356,0.5795079117445759,5,3,0.10700131676968141,0.1319463740841999,-6.666666666666668,-10.0,-0.25731665626007283,-0.3376415224900351,2.7755575615628914e-17,0.20379642783915963,0.21135136112422379,-0.18145444018940696,-0.24491866240370913,-0.17716241371789945,-0.18136804355308997,-0.07173619780311442
R1,8,9,0.1,11,-0.0717361978031144,-0.07173619780311442,-0.15895207012985968,0.3384599818744356,0.5795079117445759,5,3,0.10700131676968141,0.1319463740841999,-6.666666666666668,-10.0,-0.25731665626007283,-0.3376415224900351,2.7755575615628914e-17,0.20379642783915963,0.21135136112422379,-0.18145444018940696,-0.24491866240370913,-0.17716241371789945,-0.18136804355308997,-0.07173619780311442
R1,8,9,0.2,11,-0.1361280759272227,-0.13612807592722276,-0.3029934967497526,0.023264042832027043,0.12027054608227443,5,3,0.13027924693476725,0.17968975396317557,-6.666666666666668,-10.0,-0.2975774054982294,-0.4248262150445064,5.551115123125783e-17,0.24647412843085897,0.28418686004279964,-0.18145444018940696,-0.24491866240370913,-0.2041571769621892,-0.22674280959266277,-0.13612807592722276
R1,8,9,0.3,11,-0.3338921623306734,-0.3338921623306734,-0.7680047752804811,0.023264042832027043,0.255259267551546,5,0,0.2023247937809741,0.23731097067645102,-16.666666666666668,-20.0,-0.6879769347182919,-0.9186802942116488,0.0,0.372069513953098,0.3678555468082534,-0.4290368089877766,-0.46211715726000974,-0.44522027847905227,-0.46133034619041935,-0.3338921623306734
R1,8,9,0.4,11,0.0324570053481272,0.03245700534812722,0.07181947335894046,0.24845107272333394,0.12027054608227443,2,3,-0.04265552080595861,0.011013764269788978,3.333333333333333,0.0,0.0938370208471041,0.02120175885843245,2.0816681711721685e-17,-0.08221006451921142,0.017909860063861183,0.09148658840566981,0.0,0.06520306074329407,0.011515660085396897,0.03245700534812722
R1,8,9,0.5,10,0.1678286251919145,0.16782862519191452,0.3747791210776983,0.24845107272333394,0.023230193801032206,2,5,-0.1729791955714342,-0.168728994333273,10.0,10.0,0.392793137637354,0.4478690165767098,2.7755575615628914e-17,-0.3222333589442483,-0.26771924117657436,0.26848401997076093,0.24491866240370913,0.2667130533302048,0.2385812785102401,0.16782862519191452
R1,8,9,0.6000000000000001,10,-0.192256775986177,-0.19225677598617705,-0.43062718758413954,0.24845107272333394,0.21782388513919435,2,0,0.07864366398043793,0.13598034214615984,-6.666666666666667,-10.0,-0.2965625083729584,-0.4726523203087099,5.551115123125783e-17,0.15075502822139808,0.21761001623395432,-0.18145444018940696,-0.24491866240370913,-0.2034803067222354,-0.2512351867272912,-0.19225677598617705
R1,8,9,0.7000000000000001,10,-0.0477104669230897,-0.04771046692308973,-0.10561478390445012,0.24845107272333394,0.5428362888188838,2,0,0.14441312759795683,0.18486694915047847,-6.666666666666667,-10.0,-0.2965625083729584,-0.4726523203087099,2.7755575615628914e-17,0.27193973541818967,0.29190792346315025,-0.18145444018940696,-0.24491866240370913,-0.2034803067222354,-0.2512351867272912,-0.04771046692308973
R1,8,9,0.8,10,-0.1923932229472049,-0.19239322294720496,-0.43094059825107167,0.24845107272333394,0.21751047447226227,2,0,0.008470640351465414,0.05988960313108013,-6.666666666666667,-10.0,-0.2965625083729584,-0.4726523203087099,5.551115123125783e-17,0.01636094924305634,0.09709212460648946,-0.18145444018940696,-0.24491866240370913,-0.2034803067222354,-0.2512351867272912,-0.19239322294720496
R1,8,9,0.9,10,-0.338807321871602,-0.338807321871602,-0.7802639406161201,0.2963402267493631,0.516076286133243,5,0,0.26090156871946024,0.308112758717746,-16.666666666666668,-20.0,-0.6893556460103124,-0.9205213368854197,0.0,0.4652363626991737,0.4629710561998929,-0.4290368089877766,-0.46211715726000974,-0.4459891481527465,-0.46211715726000974,-0.338807321871602
R1,8,9,1.0,10,-0.3388520281849866,-0.3388520281849866,-0.7803756555855952,0.2963402267493631,0.5159645711637679,5,0,0.25359525857799403,0.304701518461427,-16.666666666666668,-20.0,-0.6893556460103124,-0.9205213368854197,0.0,0.4541054535409964,0.4586012616475728,-0.4290368089877766,-0.46211715726000974,-0.4459891481527465,-0.46211715726000974,-0.3388520281849866
R1,9,1,0.0,10,-0.3388520281849866,-0.3388520281849866,-0.7803756555855952,0.2963402267493631,0.5159645711637679,5,0,0.25359525857799403,0.304701518461427,-16.666666666666668,-20.0,-0.6893556460103124,-0.9205213368854197,0.0,0.4541054535409964,0.4586012616475728,-0.4290368089877766,-0.46211715726000974,-0.4459891481527465,-0.46211715726000974,-0.3388520281849866
R1,9,1,0.1,10,0.1495788148616642,0.14957881486166422,0.33336658521754076,0.105608689934448,0.43897527515198875,0,0,0.12581531592347603,0.1282936150283823,0.0,0.0,0.0,0.0,2.7755575615628914e-17,0.23835810818596503,0.20566914075371903,0.0,0.0,0.0,0.0,0.14957881486166422
R1,9,1,0.2,10,0.0037798182333069,0.0037798182333069765,0.008360922153432454,0.105608689934448,0.11396961208788045,0,0,0.010811155681970303,0.013092156234741248,0.0,0.0,0.0,0.0,7.632783294297951e-17,0.020880457145697123,0.021288664377980347,0.0,0.0,0.0,0.0,0.0037798182333069765
R1,9,1,0.3,10,0.1386297958950972,0.1386297958950972,0.3086337018860791,0.029999991161806773,0.3386336930478859,0,0,0.07039934366865812,0.07685585309960136,0.0,0.0,0.0,0.0,0.0,0.13515559413198794,0.12434444191525416,0.0,0.0,0.0,0.0,0.1386297958950972
R1,9,1,0.4,10,0.0,0.0,0.0,0.029999991161806773,0.029999991161806773,0,0,0.0,0.0,0.0,0.0,0.0,0.0,0.0,0.0,0.0,0.0,0.0,0.0,0.0,0.0
R1,9,1,0.5,10,0.0,0.0,0.0,0.029999991161806773,0.029999991161806773,0,0,0.0,0.0,0.0,0.0,0.0,0.0,0.0,0.0,0.0,0.0,0.0,0.0,0.0,0.0
R1,9,1,0.6000000000000001,9,0.0,0.0,0.0,0.029999991161806773,0.029999991161806773,0,0,0.0,0.0,0.0,0.0,0.0,0.0,0.0,0.0,0.0,0.0,0.0,0.0,0.0,0.0
R1,9,1,0.7000000000000001,9,0.0,0.0,0.0,0.029999991161806773,0.029999991161806773,0,0,0.0,0.0,0.0,0.0,0.0,0.0,0.0,0.0,0.0,0.0,0.0,0.0,0.0,0.0
R1,9,1,0.8,9,0.0090887234579943,0.009088723457994318,0.020104628107034256,0.035323977477703154,0.05542860558473741,0,0,0.03695146961949625,0.02379718221427375,0.0,0.0,0.0,0.0,1.734723475976807e-17,0.07125675748354118,0.038682242107802314,0.0,0.0,0.0,0.0,0.009088723457994318
R1,9,1,0.9,9,0.1837800265773558,0.18378002657735587,0.41118951435681084,0.11508338369421481,0.12627289805102565,0,2,-0.03963128474126286,-0.06663396190328887,6.666666666666667,10.0,0.2965625083729584,0.4726523203087099,8.326672684688674e-17,-0.07640502424915145,-0.10794513976844494,0.18145444018940696,0.24491866240370913,0.2034803067222354,0.2512351867272912,0.18378002657735587
R1,9,1,1.0,9,0.3872240458885805,0.3872240458885805,0.9036608106477744,0.1195693831532578,0.023230193801032206,0,5,-0.15750322708606565,-0.20207818876260503,16.666666666666668,20.0,0.6893556460103124,0.9205213368854197,0.0,-0.2951906396312324,-0.31729950421292064,0.4290368089877766,0.46211715726000974,0.4459891481527465,0.46211715726000974,0.3872240458885805
