source_bodyId,source_type,source_instance,target_bodyId,target_type,target_instance,weight
10975,DNa03,DNa03_R,10360,DNa02,DNa02_R,297
519624,DNa03,DNa03_L,523769,DNa02,DNa02_L,255
522853,PFL2,PFL2(PB12b)_R2_C4,519624,DNa03,DNa03_L,95
513284,EPG,EPG(PB08)_R3,15616,EPG,EPG(PB08)_R3,94
11307,EPG,EPG(PB08)_L4,520818,EPG,EPG(PB08)_L4,90
515675,EPG,EPG(PB08)_R1,512513,EPG,EPG(PB08)_R1,89
802799,GFC2,GFC2_R,802551,GFC2,GFC2_L,87
513034,PFL2,PFL2(PB12b)_L5_C9,10975,DNa03,DNa03_R,84
802595,GFC2,GFC2_L,803025,GFC2,GFC2_R,84
11673,PFL2,PFL2(PB12b)_R4_C2,10975,DNa03,DNa03_R,82
513034,PFL2,PFL2(PB12b)_L5_C9,519624,DNa03,DNa03_L,81
511842,PFL2,PFL2(PB12b)_L2_C6,519624,DNa03,DNa03_L,81
520818,EPG,EPG(PB08)_L4,11307,EPG,EPG(PB08)_L4,80
11673,PFL2,PFL2(PB12b)_R4_C2,519624,DNa03,DNa03_L,80
512305,EPG,EPG(PB08)_R8,520812,EPG,EPG(PB08)_R8,79
14729,PFL2,PFL2(PB12b)_R1_C5,519624,DNa03,DNa03_L,77
13490,PFL2,PFL2(PB12b)_L1_C5,10975,DNa03,DNa03_R,75
513517,EPG,EPG(PB08)_L4,11307,EPG,EPG(PB08)_L4,73
512928,EPG,EPG(PB08)_R3,15616,EPG,EPG(PB08)_R3,73
15616,EPG,EPG(PB08)_R3,513284,EPG,EPG(PB08)_R3,72
512513,EPG,EPG(PB08)_R1,515675,EPG,EPG(PB08)_R1,71
519941,EPG,EPG(PB08)_L3,519328,EPG,EPG(PB08)_L3,71
520573,PFL2,PFL2(PB12b)_R5_C1,519624,DNa03,DNa03_L,71
41559,FC2A,FC2A_C9_L,519346,PFL3,PFL3(PB12c)_L7_C9,70
13031,PFL2,PFL2(PB12b)_R3_C3,519624,DNa03,DNa03_L,70
523786,EPG,EPG(PB08)_R4,520581,EPG,EPG(PB08)_R4,70
512514,EPG,EPG(PB08)_L1,519140,EPG,EPG(PB08)_L1,69
10539,EPG,EPG(PB08)_R2,513463,EPG,EPG(PB08)_R2,69
19125,EPG,EPG(PB08)_R5,11987,EPG,EPG(PB08)_R5,69
514126,EPG,EPG(PB08)_R5,11987,EPG,EPG(PB08)_R5,68
802799,GFC2,GFC2_R,802599,GFC2,GFC2_L,67
15713,EPG,EPG(PB08)_L6,523786,EPG,EPG(PB08)_R4,67
36201,FC2A,FC2A_C4_L,523032,PFL3,PFL3(PB12c)_L2_C4,67
511842,PFL2,PFL2(PB12b)_L2_C6,10975,DNa03,DNa03_R,66
513464,EPG,EPG(PB08)_R8,11503,EPG,EPG(PB08)_R8,65
14729,PFL2,PFL2(PB12b)_R1_C5,10975,DNa03,DNa03_R,65
39538,FC2A,FC2A_C6_R,567101,PFL3,PFL3(PB12c)_R3_C5,64
518375,PFL2,PFL2(PB12b)_R3_C3,10975,DNa03,DNa03_R,64
36201,FC2A,FC2A_C4_L,23159,PFL3,PFL3(PB12c)_R4_C4,64
13490,PFL2,PFL2(PB12b)_L1_C5,519624,DNa03,DNa03_L,64
519140,EPG,EPG(PB08)_L1,512514,EPG,EPG(PB08)_L1,63
520812,EPG,EPG(PB08)_R8,11503,EPG,EPG(PB08)_R8,62
519328,EPG,EPG(PB08)_L3,88342,EPG,EPG(PB08)_L3,62
15713,EPG,EPG(PB08)_L6,16360,EPG,EPG(PB08)_L6,62
519328,EPG,EPG(PB08)_L3,519941,EPG,EPG(PB08)_L3,62
519144,EPG,EPG(PB08)_L8,512513,EPG,EPG(PB08)_R1,61
513463,EPG,EPG(PB08)_R2,10539,EPG,EPG(PB08)_R2,61
513033,EPG,EPG(PB08)_L8,13217,EPG,EPG(PB08)_L8,60
84758,EPG,EPG(PB08)_L7,14727,EPG,EPG(PB08)_L7,60
11989,EPG,EPG(PB08)_L5,107195,EPG,EPG(PB08)_L5,60
521409,EPG,EPG(PB08)_L8,10539,EPG,EPG(PB08)_R2,60
55401,FC2A,FC2A_C9_R,519346,PFL3,PFL3(PB12c)_L7_C9,60
19715,PFL2,PFL2(PB12b)_L4_C8,10975,DNa03,DNa03_R,60
19715,PFL2,PFL2(PB12b)_L4_C8,519624,DNa03,DNa03_L,60
556347,EPG,EPG(PB08)_R4,520581,EPG,EPG(PB08)_R4,60
16360,EPG,EPG(PB08)_L6,556346,EPG,EPG(PB08)_L6,59
513463,EPG,EPG(PB08)_R2,84758,EPG,EPG(PB08)_L7,59
84758,EPG,EPG(PB08)_L7,11874,EPG,EPG(PB08)_L7,59
11503,EPG,EPG(PB08)_R8,513464,EPG,EPG(PB08)_R8,58
11307,EPG,EPG(PB08)_L4,513517,EPG,EPG(PB08)_L4,58
11503,EPG,EPG(PB08)_R8,520812,EPG,EPG(PB08)_R8,58
513520,EPG,EPG(PB08)_R6,11307,EPG,EPG(PB08)_L4,57
522853,PFL2,PFL2(PB12b)_R2_C4,10975,DNa03,DNa03_R,57
520573,PFL2,PFL2(PB12b)_R5_C1,10975,DNa03,DNa03_R,57
10539,EPG,EPG(PB08)_R2,521409,EPG,EPG(PB08)_L8,57
520581,EPG,EPG(PB08)_R4,556347,EPG,EPG(PB08)_R4,57
513464,EPG,EPG(PB08)_R8,512514,EPG,EPG(PB08)_L1,56
11874,EPG,EPG(PB08)_L7,14727,EPG,EPG(PB08)_L7,56
515675,EPG,EPG(PB08)_R1,519140,EPG,EPG(PB08)_L1,56
521409,EPG,EPG(PB08)_L8,513033,EPG,EPG(PB08)_L8,56
519140,EPG,EPG(PB08)_L1,515675,EPG,EPG(PB08)_R1,55
13217,EPG,EPG(PB08)_L8,519144,EPG,EPG(PB08)_L8,55
14727,EPG,EPG(PB08)_L7,11874,EPG,EPG(PB08)_L7,55
514126,EPG,EPG(PB08)_R5,513517,EPG,EPG(PB08)_L4,54
802595,GFC2,GFC2_L,803601,GFC2,GFC2_R,54
11987,EPG,EPG(PB08)_R5,514126,EPG,EPG(PB08)_R5,54
513517,EPG,EPG(PB08)_L4,520818,EPG,EPG(PB08)_L4,54
88342,EPG,EPG(PB08)_L3,519328,EPG,EPG(PB08)_L3,53
512305,EPG,EPG(PB08)_R8,521813,EPG,EPG(PB08)_L2,53
27492,PFL2,PFL2(PB12b)_L3_C7,519624,DNa03,DNa03_L,53
524073,EPG,EPG(PB08)_L2,512305,EPG,EPG(PB08)_R8,52
520812,EPG,EPG(PB08)_R8,512305,EPG,EPG(PB08)_R8,52
92188,EPG,EPG(PB08)_R7,521813,EPG,EPG(PB08)_L2,52
802595,GFC2,GFC2_L,907675,GFC2,GFC2_R,52
11874,EPG,EPG(PB08)_L7,84758,EPG,EPG(PB08)_L7,52
513520,EPG,EPG(PB08)_R6,520818,EPG,EPG(PB08)_L4,52
131313,EPG,EPG(PB08)_R6,519941,EPG,EPG(PB08)_L3,52
512928,EPG,EPG(PB08)_R3,14727,EPG,EPG(PB08)_L7,51
519144,EPG,EPG(PB08)_L8,515675,EPG,EPG(PB08)_R1,51
170539,FC2A,FC2A_C4_R,523032,PFL3,PFL3(PB12c)_L2_C4,51
36201,FC2A,FC2A_C4_L,530071,PFL3,PFL3(PB12c)_L3_C5,51
513033,EPG,EPG(PB08)_L8,10539,EPG,EPG(PB08)_R2,51
16360,EPG,EPG(PB08)_L6,15713,EPG,EPG(PB08)_L6,51
524073,EPG,EPG(PB08)_L2,521813,EPG,EPG(PB08)_L2,51
518375,PFL2,PFL2(PB12b)_R3_C3,519624,DNa03,DNa03_L,51
15210,PFL3,PFL3(PB12c)_R2_C1_irreg,10360,DNa02,DNa02_R,51
39538,FC2A,FC2A_C6_R,511842,PFL2,PFL2(PB12b)_L2_C6,51
520812,EPG,EPG(PB08)_R8,524073,EPG,EPG(PB08)_L2,50
513464,EPG,EPG(PB08)_R8,519140,EPG,EPG(PB08)_L1,50
513284,EPG,EPG(PB08)_R3,556346,EPG,EPG(PB08)_L6,50
523786,EPG,EPG(PB08)_R4,15713,EPG,EPG(PB08)_L6,50
514126,EPG,EPG(PB08)_R5,19125,EPG,EPG(PB08)_R5,50
41559,FC2A,FC2A_C9_L,513034,PFL2,PFL2(PB12b)_L5_C9,50
15616,EPG,EPG(PB08)_R3,512928,EPG,EPG(PB08)_R3,50
14727,EPG,EPG(PB08)_L7,512928,EPG,EPG(PB08)_R3,50
27492,PFL2,PFL2(PB12b)_L3_C7,10975,DNa03,DNa03_R,50
137299,FC2A,FC2A_C5_L,519351,PFL3,PFL3(PB12c)_L4_C5,50
519144,EPG,EPG(PB08)_L8,13217,EPG,EPG(PB08)_L8,49
556347,EPG,EPG(PB08)_R4,11989,EPG,EPG(PB08)_L5,49
513033,EPG,EPG(PB08)_L8,521409,EPG,EPG(PB08)_L8,49
556346,EPG,EPG(PB08)_L6,16360,EPG,EPG(PB08)_L6,49
521813,EPG,EPG(PB08)_L2,524073,EPG,EPG(PB08)_L2,48
514126,EPG,EPG(PB08)_R5,11307,EPG,EPG(PB08)_L4,48
512305,EPG,EPG(PB08)_R8,11503,EPG,EPG(PB08)_R8,47
519941,EPG,EPG(PB08)_L3,131313,EPG,EPG(PB08)_R6,47
107195,EPG,EPG(PB08)_L5,11989,EPG,EPG(PB08)_L5,47
11557,PFL2,PFL2(PB12b)_L3_C7,10975,DNa03,DNa03_R,47
11557,PFL2,PFL2(PB12b)_L3_C7,519624,DNa03,DNa03_L,47
532704,FC2A,FC2A_C1_R,79549,PFL3,PFL3(PB12c)_R7_C1,47
560327,FC2A,FC2A_C3_R,17000,PFL3,PFL3(PB12c)_L1_C3,47
11989,EPG,EPG(PB08)_L5,556347,EPG,EPG(PB08)_R4,47
15713,EPG,EPG(PB08)_L6,556346,EPG,EPG(PB08)_L6,46
513520,EPG,EPG(PB08)_R6,19825,EPG,EPG(PB08)_R6,46
519144,EPG,EPG(PB08)_L8,513033,EPG,EPG(PB08)_L8,46
99820,FC2B,FC2B_C4_L,14729,PFL2,PFL2(PB12b)_R1_C5,46
519140,EPG,EPG(PB08)_L1,513464,EPG,EPG(PB08)_R8,45
56382,FC2A,FC2A_C6_L,29836,PFL3,PFL3(PB12c)_L4_C6,45
13217,EPG,EPG(PB08)_L8,512513,EPG,EPG(PB08)_R1,45
99820,FC2B,FC2B_C4_L,523032,PFL3,PFL3(PB12c)_L2_C4,45
19825,EPG,EPG(PB08)_R6,131313,EPG,EPG(PB08)_R6,45
11874,EPG,EPG(PB08)_L7,512928,EPG,EPG(PB08)_R3,45
19125,EPG,EPG(PB08)_R5,12449,EPG,EPG(PB08)_L5,45
512928,EPG,EPG(PB08)_R3,513284,EPG,EPG(PB08)_R3,44
16360,EPG,EPG(PB08)_L6,513284,EPG,EPG(PB08)_R3,44
512305,EPG,EPG(PB08)_R8,524073,EPG,EPG(PB08)_L2,44
520818,EPG,EPG(PB08)_L4,513520,EPG,EPG(PB08)_R6,44
11307,EPG,EPG(PB08)_L4,513520,EPG,EPG(PB08)_R6,44
519941,EPG,EPG(PB08)_L3,19825,EPG,EPG(PB08)_R6,44
131313,EPG,EPG(PB08)_R6,19825,EPG,EPG(PB08)_R6,44
50461,FC2B,FC2B_C9_R,519346,PFL3,PFL3(PB12c)_L7_C9,44
513284,EPG,EPG(PB08)_R3,512928,EPG,EPG(PB08)_R3,44
519351,PFL3,PFL3(PB12c)_L4_C5,10360,DNa02,DNa02_R,44
39538,FC2A,FC2A_C6_R,519351,PFL3,PFL3(PB12c)_L4_C5,44
13217,EPG,EPG(PB08)_L8,513033,EPG,EPG(PB08)_L8,44
112888,FC2C,FC2C_C8_L,19715,PFL2,PFL2(PB12b)_L4_C8,44
532704,FC2A,FC2A_C1_R,15210,PFL3,PFL3(PB12c)_R2_C1_irreg,43
137299,FC2A,FC2A_C5_L,13490,PFL2,PFL2(PB12b)_L1_C5,43
84758,EPG,EPG(PB08)_L7,513463,EPG,EPG(PB08)_R2,43
513463,EPG,EPG(PB08)_R2,11874,EPG,EPG(PB08)_L7,43
520812,EPG,EPG(PB08)_R8,513464,EPG,EPG(PB08)_R8,42
526406,FC2A,FC2A_C2_R,520811,PFL3,PFL3(PB12c)_R6_C2,42
39538,FC2A,FC2A_C6_R,29836,PFL3,PFL3(PB12c)_L4_C6,42
520581,EPG,EPG(PB08)_R4,523786,EPG,EPG(PB08)_R4,42
16360,EPG,EPG(PB08)_L6,523786,EPG,EPG(PB08)_R4,42
526406,FC2A,FC2A_C2_R,17286,PFL3,PFL3(PB12c)_R1_C2_irreg,42
519941,EPG,EPG(PB08)_L3,88342,EPG,EPG(PB08)_L3,42
95713,FC2C,FC2C_C4_L,14729,PFL2,PFL2(PB12b)_R1_C5,42
137299,FC2A,FC2A_C5_L,567101,PFL3,PFL3(PB12c)_R3_C5,41
903232,GFC2,GFC2_L,802335,GFC2,GFC2_L,41
520818,EPG,EPG(PB08)_L4,513517,EPG,EPG(PB08)_L4,41
12449,EPG,EPG(PB08)_L5,107195,EPG,EPG(PB08)_L5,41
519140,EPG,EPG(PB08)_L1,512513,EPG,EPG(PB08)_R1,41
82293,FC2B,FC2B_C5_L,13490,PFL2,PFL2(PB12b)_L1_C5,41
513266,PFL3,PFL3(PB12c)_R3_C5,523769,DNa02,DNa02_L,41
17290,PFL3,PFL3(PB12c)_L6_C8,10360,DNa02,DNa02_R,41
10539,EPG,EPG(PB08)_R2,513033,EPG,EPG(PB08)_L8,41
92188,EPG,EPG(PB08)_R7,521812,EPG,EPG(PB08)_R7,40
14727,EPG,EPG(PB08)_L7,15616,EPG,EPG(PB08)_R3,40
45876,FC2A,FC2A_C7_R,27492,PFL2,PFL2(PB12b)_L3_C7,40
68502,FC2C,FC2C_C1_L,520573,PFL2,PFL2(PB12b)_R5_C1,40
36201,FC2A,FC2A_C4_L,513266,PFL3,PFL3(PB12c)_R3_C5,40
84758,EPG,EPG(PB08)_L7,519346,PFL3,PFL3(PB12c)_L7_C9,40
513517,EPG,EPG(PB08)_L4,11987,EPG,EPG(PB08)_R5,40
515233,FC2B,FC2B_C2_R,11673,PFL2,PFL2(PB12b)_R4_C2,40
521812,EPG,EPG(PB08)_R7,92188,EPG,EPG(PB08)_R7,39
241046,FC2B,FC2B_C4_R,522853,PFL2,PFL2(PB12b)_R2_C4,39
11987,EPG,EPG(PB08)_R5,19125,EPG,EPG(PB08)_R5,39
39538,FC2A,FC2A_C6_R,18327,PFL3,PFL3(PB12c)_R2_C6,39
106495,FC2B,FC2B_C6_R,13490,PFL2,PFL2(PB12b)_L1_C5,39
107195,EPG,EPG(PB08)_L5,12449,EPG,EPG(PB08)_L5,39
17286,PFL3,PFL3(PB12c)_R1_C2_irreg,10360,DNa02,DNa02_R,39
50431,FC2C,FC2C_C8_R,19715,PFL2,PFL2(PB12b)_L4_C8,39
11989,EPG,EPG(PB08)_L5,520581,EPG,EPG(PB08)_R4,39
88342,EPG,EPG(PB08)_L3,14507,EPG,EPG(PB08)_R7,39
556346,EPG,EPG(PB08)_L6,513284,EPG,EPG(PB08)_R3,38
512514,EPG,EPG(PB08)_L1,513464,EPG,EPG(PB08)_R8,38
11503,EPG,EPG(PB08)_R8,512305,EPG,EPG(PB08)_R8,38
19825,EPG,EPG(PB08)_R6,513520,EPG,EPG(PB08)_R6,38
45876,FC2A,FC2A_C7_R,26038,PFL3,PFL3(PB12c)_L5_C7,38
556347,EPG,EPG(PB08)_R4,523786,EPG,EPG(PB08)_R4,38
88342,EPG,EPG(PB08)_L3,530071,PFL3,PFL3(PB12c)_L3_C5,38
84758,EPG,EPG(PB08)_L7,10539,EPG,EPG(PB08)_R2,38
14727,EPG,EPG(PB08)_L7,84758,EPG,EPG(PB08)_L7,38
14507,EPG,EPG(PB08)_R7,88342,EPG,EPG(PB08)_L3,38
523786,EPG,EPG(PB08)_R4,556347,EPG,EPG(PB08)_R4,38
33382,FC2A,FC2A_C8_R,26038,PFL3,PFL3(PB12c)_L5_C7,37
519358,FC2B,FC2B_C4_R,523032,PFL3,PFL3(PB12c)_L2_C4,37
55401,FC2A,FC2A_C9_R,513034,PFL2,PFL2(PB12b)_L5_C9,37
512514,EPG,EPG(PB08)_L1,13490,PFL2,PFL2(PB12b)_L1_C5,37
39538,FC2A,FC2A_C6_R,13490,PFL2,PFL2(PB12b)_L1_C5,37
567101,PFL3,PFL3(PB12c)_R3_C5,523769,DNa02,DNa02_L,37
523032,PFL3,PFL3(PB12c)_L2_C4,10360,DNa02,DNa02_R,37
11874,EPG,EPG(PB08)_L7,513463,EPG,EPG(PB08)_R2,37
521813,EPG,EPG(PB08)_L2,92188,EPG,EPG(PB08)_R7,36
513520,EPG,EPG(PB08)_R6,520811,PFL3,PFL3(PB12c)_R6_C2,36
512513,EPG,EPG(PB08)_R1,13217,EPG,EPG(PB08)_L8,36
11987,EPG,EPG(PB08)_R5,513517,EPG,EPG(PB08)_L4,36
512513,EPG,EPG(PB08)_R1,519140,EPG,EPG(PB08)_L1,36
530445,FC2B,FC2B_C6_L,29836,PFL3,PFL3(PB12c)_L4_C6,36
40179,FC2A,FC2A_C7_L,26038,PFL3,PFL3(PB12c)_L5_C7,36
99820,FC2B,FC2B_C4_L,530071,PFL3,PFL3(PB12c)_L3_C5,36
519358,FC2B,FC2B_C4_R,522853,PFL2,PFL2(PB12b)_R2_C4,36
520818,EPG,EPG(PB08)_L4,19825,EPG,EPG(PB08)_R6,36
513033,EPG,EPG(PB08)_L8,519144,EPG,EPG(PB08)_L8,36
520581,EPG,EPG(PB08)_R4,11989,EPG,EPG(PB08)_L5,36
515233,FC2B,FC2B_C2_R,17286,PFL3,PFL3(PB12c)_R1_C2_irreg,36
101011,FC2C,FC2C_C6_R,13490,PFL2,PFL2(PB12b)_L1_C5,36
520811,PFL3,PFL3(PB12c)_R6_C2,523769,DNa02,DNa02_L,36
521812,EPG,EPG(PB08)_R7,88342,EPG,EPG(PB08)_L3,36
556347,EPG,EPG(PB08)_R4,11673,PFL2,PFL2(PB12b)_R4_C2,36
515233,FC2B,FC2B_C2_R,520811,PFL3,PFL3(PB12c)_R6_C2,35
802551,GFC2,GFC2_L,802335,GFC2,GFC2_L,35
520818,EPG,EPG(PB08)_L4,513034,PFL2,PFL2(PB12b)_L5_C9,35
241046,FC2B,FC2B_C4_R,23159,PFL3,PFL3(PB12c)_R4_C4,35
96384,FC2B,FC2B_C5_R,519351,PFL3,PFL3(PB12c)_L4_C5,35
10539,EPG,EPG(PB08)_R2,84758,EPG,EPG(PB08)_L7,35
19825,EPG,EPG(PB08)_R6,520818,EPG,EPG(PB08)_L4,35
523786,EPG,EPG(PB08)_R4,16360,EPG,EPG(PB08)_L6,35
56382,FC2A,FC2A_C6_L,511842,PFL2,PFL2(PB12b)_L2_C6,35
67361,FC2B,FC2B_C2_R,11673,PFL2,PFL2(PB12b)_R4_C2,35
524073,EPG,EPG(PB08)_L2,92188,EPG,EPG(PB08)_R7,34
803601,GFC2,GFC2_R,802595,GFC2,GFC2_L,34
802799,GFC2,GFC2_R,802335,GFC2,GFC2_L,34
519941,EPG,EPG(PB08)_L3,27492,PFL2,PFL2(PB12b)_L3_C7,34
89635,FC2B,FC2B_C3_R,518378,PFL3,PFL3(PB12c)_R5_C3,34
518606,FC2A,FC2A_C8_L,17290,PFL3,PFL3(PB12c)_L6_C8,34
131273,FC2A,FC2A_C5_R,530071,PFL3,PFL3(PB12c)_L3_C5,34
115674,FC2C,FC2C_C4_R,522853,PFL2,PFL2(PB12b)_R2_C4,34
521813,EPG,EPG(PB08)_L2,19009,PFL3,PFL3(PB12c)_L2_C9_irreg,34
518378,PFL3,PFL3(PB12c)_R5_C3,523769,DNa02,DNa02_L,34
18851,PFL3,PFL3(PB12c)_L1_C8_irreg,523769,DNa02,DNa02_L,34
13031,PFL2,PFL2(PB12b)_R3_C3,10975,DNa03,DNa03_R,34
170539,FC2A,FC2A_C4_R,23159,PFL3,PFL3(PB12c)_R4_C4,34
513517,EPG,EPG(PB08)_L4,514126,EPG,EPG(PB08)_R5,34
19125,EPG,EPG(PB08)_R5,514126,EPG,EPG(PB08)_R5,34
513284,EPG,EPG(PB08)_R3,16360,EPG,EPG(PB08)_L6,34
36201,FC2A,FC2A_C4_L,14729,PFL2,PFL2(PB12b)_R1_C5,34
526406,FC2A,FC2A_C2_R,11673,PFL2,PFL2(PB12b)_R4_C2,34
139763,FC2C,FC2C_C2_R,11673,PFL2,PFL2(PB12b)_R4_C2,34
29674,FC2A,FC2A_C2_L,11673,PFL2,PFL2(PB12b)_R4_C2,34
67741,FC2B,FC2B_C6_R,567101,PFL3,PFL3(PB12c)_R3_C5,33
15616,EPG,EPG(PB08)_R3,14727,EPG,EPG(PB08)_L7,33
14507,EPG,EPG(PB08)_R7,519328,EPG,EPG(PB08)_L3,33
532704,FC2A,FC2A_C1_R,520573,PFL2,PFL2(PB12b)_R5_C1,33
149740,FC2B,FC2B_C9_L,519346,PFL3,PFL3(PB12c)_L7_C9,33
40179,FC2A,FC2A_C7_L,513032,PFL3,PFL3(PB12c)_L5_C7,33
29674,FC2A,FC2A_C2_L,17286,PFL3,PFL3(PB12c)_R1_C2_irreg,33
23159,PFL3,PFL3(PB12c)_R4_C4,523769,DNa02,DNa02_L,33
513464,EPG,EPG(PB08)_R8,520812,EPG,EPG(PB08)_R8,33
51782,FC2C,FC2C_C2_R,11673,PFL2,PFL2(PB12b)_R4_C2,33
16360,EPG,EPG(PB08)_L6,15616,EPG,EPG(PB08)_R3,32
521813,EPG,EPG(PB08)_L2,512305,EPG,EPG(PB08)_R8,32
15616,EPG,EPG(PB08)_R3,556346,EPG,EPG(PB08)_L6,32
241046,FC2B,FC2B_C4_R,523032,PFL3,PFL3(PB12c)_L2_C4,32
79549,PFL3,PFL3(PB12c)_R7_C1,523769,DNa02,DNa02_L,32
514126,EPG,EPG(PB08)_R5,520818,EPG,EPG(PB08)_L4,32
34203,FC2B,FC2B_C1_R,79549,PFL3,PFL3(PB12c)_R7_C1,32
15713,EPG,EPG(PB08)_L6,520581,EPG,EPG(PB08)_R4,32
515675,EPG,EPG(PB08)_R1,14729,PFL2,PFL2(PB12b)_R1_C5,32
71855,FC2A,FC2A_C3_L,17000,PFL3,PFL3(PB12c)_L1_C3,32
19825,EPG,EPG(PB08)_R6,519941,EPG,EPG(PB08)_L3,32
513284,EPG,EPG(PB08)_R3,567101,PFL3,PFL3(PB12c)_R3_C5,31
92188,EPG,EPG(PB08)_R7,524073,EPG,EPG(PB08)_L2,31
29674,FC2A,FC2A_C2_L,520811,PFL3,PFL3(PB12c)_R6_C2,31
14507,EPG,EPG(PB08)_R7,521812,EPG,EPG(PB08)_R7,31
515675,EPG,EPG(PB08)_R1,512514,EPG,EPG(PB08)_L1,31
802599,GFC2,GFC2_L,802335,GFC2,GFC2_L,31
45876,FC2A,FC2A_C7_R,11557,PFL2,PFL2(PB12b)_L3_C7,31
55415,FC2B,FC2B_C1_R,520573,PFL2,PFL2(PB12b)_R5_C1,31
99820,FC2B,FC2B_C4_L,513266,PFL3,PFL3(PB12c)_R3_C5,31
12449,EPG,EPG(PB08)_L5,19125,EPG,EPG(PB08)_R5,31
12449,EPG,EPG(PB08)_L5,11989,EPG,EPG(PB08)_L5,31
41559,FC2A,FC2A_C9_L,19009,PFL3,PFL3(PB12c)_L2_C9_irreg,31
15210,PFL3,PFL3(PB12c)_R2_C1_irreg,10975,DNa03,DNa03_R,31
519346,PFL3,PFL3(PB12c)_L7_C9,10360,DNa02,DNa02_R,31
530445,FC2B,FC2B_C6_L,511842,PFL2,PFL2(PB12b)_L2_C6,31
521812,EPG,EPG(PB08)_R7,14507,EPG,EPG(PB08)_R7,31
560327,FC2A,FC2A_C3_R,518378,PFL3,PFL3(PB12c)_R5_C3,30
151739,FC2C,FC2C_C2_R,15210,PFL3,PFL3(PB12c)_R2_C1_irreg,30
519941,EPG,EPG(PB08)_L3,513520,EPG,EPG(PB08)_R6,30
560327,FC2A,FC2A_C3_R,26488,PFL3,PFL3(PB12c)_R5_C3,30
33382,FC2A,FC2A_C8_R,18803,PFL3,PFL3(PB12c)_R1_C7,30
537128,FC2C,FC2C_C1_L,520573,PFL2,PFL2(PB12b)_R5_C1,30
46169,FC2A,FC2A_C1_L,520573,PFL2,PFL2(PB12b)_R5_C1,30
96384,FC2B,FC2B_C5_R,513266,PFL3,PFL3(PB12c)_R3_C5,30
524073,EPG,EPG(PB08)_L2,11503,EPG,EPG(PB08)_R8,30
66750,FC2C,FC2C_C4_R,522853,PFL2,PFL2(PB12b)_R2_C4,30
513284,EPG,EPG(PB08)_R3,518375,PFL2,PFL2(PB12b)_R3_C3,30
33356,FC2B,FC2B_C2_L,17286,PFL3,PFL3(PB12c)_R1_C2_irreg,30
55401,FC2A,FC2A_C9_R,19009,PFL3,PFL3(PB12c)_L2_C9_irreg,30
23159,PFL3,PFL3(PB12c)_R4_C4,519624,DNa03,DNa03_L,30
19009,PFL3,PFL3(PB12c)_L2_C9_irreg,519624,DNa03,DNa03_L,30
524073,EPG,EPG(PB08)_L2,520812,EPG,EPG(PB08)_R8,30
523786,EPG,EPG(PB08)_R4,11673,PFL2,PFL2(PB12b)_R4_C2,30
33356,FC2B,FC2B_C2_L,11673,PFL2,PFL2(PB12b)_R4_C2,30
533436,FC2C,FC2C_C7_L,27492,PFL2,PFL2(PB12b)_L3_C7,29
122167,FC2C,FC2C_C7_R,27492,PFL2,PFL2(PB12b)_L3_C7,29
50885,FC2C,FC2C_C2_L,518378,PFL3,PFL3(PB12c)_R5_C3,29
513463,EPG,EPG(PB08)_R2,15210,PFL3,PFL3(PB12c)_R2_C1_irreg,29
40179,FC2A,FC2A_C7_L,18803,PFL3,PFL3(PB12c)_R1_C7,29
60670,FC2C,FC2C_C1_R,520573,PFL2,PFL2(PB12b)_R5_C1,29
96384,FC2B,FC2B_C5_R,530071,PFL3,PFL3(PB12c)_L3_C5,29
556346,EPG,EPG(PB08)_L6,15713,EPG,EPG(PB08)_L6,29
521812,EPG,EPG(PB08)_R7,521813,EPG,EPG(PB08)_L2,29
56905,FC2C,FC2C_C9_L,513034,PFL2,PFL2(PB12b)_L5_C9,29
519140,EPG,EPG(PB08)_L1,13490,PFL2,PFL2(PB12b)_L1_C5,29
513266,PFL3,PFL3(PB12c)_R3_C5,519624,DNa03,DNa03_L,29
29836,PFL3,PFL3(PB12c)_L4_C6,10360,DNa02,DNa02_R,29
903232,GFC2,GFC2_L,803025,GFC2,GFC2_R,29
131313,EPG,EPG(PB08)_R6,520818,EPG,EPG(PB08)_L4,29
140787,FC2B,FC2B_C1_L,79549,PFL3,PFL3(PB12c)_R7_C1,29
521813,EPG,EPG(PB08)_L2,521812,EPG,EPG(PB08)_R7,28
11503,EPG,EPG(PB08)_R8,512514,EPG,EPG(PB08)_L1,28
15713,EPG,EPG(PB08)_L6,17290,PFL3,PFL3(PB12c)_L6_C8,28
512513,EPG,EPG(PB08)_R1,40768,EPGt,EPGt(PB09)_R9,28
115674,FC2C,FC2C_C4_R,513266,PFL3,PFL3(PB12c)_R3_C5,28
95713,FC2C,FC2C_C4_L,513266,PFL3,PFL3(PB12c)_R3_C5,28
520581,EPG,EPG(PB08)_R4,15713,EPG,EPG(PB08)_L6,28
513520,EPG,EPG(PB08)_R6,131313,EPG,EPG(PB08)_R6,28
560327,FC2A,FC2A_C3_R,518375,PFL2,PFL2(PB12b)_R3_C3,28
89635,FC2B,FC2B_C3_R,108478,PFL3,PFL3(PB12c)_L1_C3,28
519358,FC2B,FC2B_C4_R,23159,PFL3,PFL3(PB12c)_R4_C4,28
567101,PFL3,PFL3(PB12c)_R3_C5,519624,DNa03,DNa03_L,28
530071,PFL3,PFL3(PB12c)_L3_C5,10360,DNa02,DNa02_R,28
33382,FC2A,FC2A_C8_R,19715,PFL2,PFL2(PB12b)_L4_C8,28
55415,FC2B,FC2B_C1_R,79549,PFL3,PFL3(PB12c)_R7_C1,28
512514,EPG,EPG(PB08)_L1,57591,EPGt,EPGt(PB09)_L9,28
50885,FC2C,FC2C_C2_L,13031,PFL2,PFL2(PB12b)_R3_C3,28
521813,EPG,EPG(PB08)_L2,511842,PFL2,PFL2(PB12b)_L2_C6,28
119544,FC2C,FC2C_C6_L,511842,PFL2,PFL2(PB12b)_L2_C6,28
14507,EPG,EPG(PB08)_R7,519941,EPG,EPG(PB08)_L3,28
88342,EPG,EPG(PB08)_L3,521812,EPG,EPG(PB08)_R7,27
513284,EPG,EPG(PB08)_R3,14727,EPG,EPG(PB08)_L7,27
40179,FC2A,FC2A_C7_L,11557,PFL2,PFL2(PB12b)_L3_C7,27
13217,EPG,EPG(PB08)_L8,515675,EPG,EPG(PB08)_R1,27
60670,FC2C,FC2C_C1_R,15210,PFL3,PFL3(PB12c)_R2_C1_irreg,27
10539,EPG,EPG(PB08)_R2,15210,PFL3,PFL3(PB12c)_R2_C1_irreg,27
45876,FC2A,FC2A_C7_R,35322,PFL3,PFL3(PB12c)_R1_C7,27
40179,FC2A,FC2A_C7_L,35322,PFL3,PFL3(PB12c)_R1_C7,27
71855,FC2A,FC2A_C3_L,26488,PFL3,PFL3(PB12c)_R5_C3,27
151739,FC2C,FC2C_C2_R,520573,PFL2,PFL2(PB12b)_R5_C1,27
521813,EPG,EPG(PB08)_L2,523032,PFL3,PFL3(PB12c)_L2_C4,27
512514,EPG,EPG(PB08)_L1,543506,EPGt,EPGt(PB09)_L9,27
512513,EPG,EPG(PB08)_R1,519144,EPG,EPG(PB08)_L8,27
101011,FC2C,FC2C_C6_R,519351,PFL3,PFL3(PB12c)_L4_C5,27
67741,FC2B,FC2B_C6_R,519351,PFL3,PFL3(PB12c)_L4_C5,27
518606,FC2A,FC2A_C8_L,19715,PFL2,PFL2(PB12b)_L4_C8,27
115261,FC2C,FC2C_C6_L,511842,PFL2,PFL2(PB12b)_L2_C6,27
512513,EPG,EPG(PB08)_R1,14729,PFL2,PFL2(PB12b)_R1_C5,27
96384,FC2B,FC2B_C5_R,14729,PFL2,PFL2(PB12b)_R1_C5,27
87630,FC2B,FC2B_C3_L,17000,PFL3,PFL3(PB12c)_L1_C3,27
88342,EPG,EPG(PB08)_L3,519941,EPG,EPG(PB08)_L3,27
521409,EPG,EPG(PB08)_L8,13217,EPG,EPG(PB08)_L8,26
519941,EPG,EPG(PB08)_L3,11557,PFL2,PFL2(PB12b)_L3_C7,26
46169,FC2A,FC2A_C1_L,15210,PFL3,PFL3(PB12c)_R2_C1_irreg,26
106495,FC2B,FC2B_C6_R,29836,PFL3,PFL3(PB12c)_L4_C6,26
556347,EPG,EPG(PB08)_R4,107195,EPG,EPG(PB08)_L5,26
533436,FC2C,FC2C_C7_L,26038,PFL3,PFL3(PB12c)_L5_C7,26
68271,FC2B,FC2B_C7_L,26038,PFL3,PFL3(PB12c)_L5_C7,26
131273,FC2A,FC2A_C5_R,513266,PFL3,PFL3(PB12c)_R3_C5,26
36201,FC2A,FC2A_C4_L,522853,PFL2,PFL2(PB12b)_R2_C4,26
530445,FC2B,FC2B_C6_L,18327,PFL3,PFL3(PB12c)_R2_C6,26
10539,EPG,EPG(PB08)_R2,18327,PFL3,PFL3(PB12c)_R2_C6,26
71855,FC2A,FC2A_C3_L,518375,PFL2,PFL2(PB12b)_R3_C3,26
518606,FC2A,FC2A_C8_L,519346,PFL3,PFL3(PB12c)_L7_C9,26
71855,FC2A,FC2A_C3_L,108478,PFL3,PFL3(PB12c)_L1_C3,26
515675,EPG,EPG(PB08)_R1,519144,EPG,EPG(PB08)_L8,26
84758,EPG,EPG(PB08)_L7,512928,EPG,EPG(PB08)_R3,26
148830,FC2C,FC2C_C5_R,13490,PFL2,PFL2(PB12b)_L1_C5,26
530071,PFL3,PFL3(PB12c)_L3_C5,10975,DNa03,DNa03_R,26
803025,GFC2,GFC2_R,907675,GFC2,GFC2_R,26
67741,FC2B,FC2B_C6_R,511842,PFL2,PFL2(PB12b)_L2_C6,26
532704,FC2A,FC2A_C1_R,11673,PFL2,PFL2(PB12b)_R4_C2,26
33356,FC2B,FC2B_C2_L,520811,PFL3,PFL3(PB12c)_R6_C2,25
11874,EPG,EPG(PB08)_L7,15616,EPG,EPG(PB08)_R3,25
534662,FC2C,FC2C_C8_R,11557,PFL2,PFL2(PB12b)_L3_C7,25
40179,FC2A,FC2A_C7_L,27492,PFL2,PFL2(PB12b)_L3_C7,25
19125,EPG,EPG(PB08)_R5,513517,EPG,EPG(PB08)_L4,25
19125,EPG,EPG(PB08)_R5,518378,PFL3,PFL3(PB12c)_R5_C3,25
97443,FC2B,FC2B_C8_L,17290,PFL3,PFL3(PB12c)_L6_C8,25
85400,FC2B,FC2B_C7_R,26038,PFL3,PFL3(PB12c)_L5_C7,25
529992,FC2C,FC2C_C1_R,520573,PFL2,PFL2(PB12b)_R5_C1,25
137299,FC2A,FC2A_C5_L,513266,PFL3,PFL3(PB12c)_R3_C5,25
512514,EPG,EPG(PB08)_L1,11503,EPG,EPG(PB08)_R8,25
11874,EPG,EPG(PB08)_L7,10539,EPG,EPG(PB08)_R2,25
524977,FC2C,FC2C_C3_L,522853,PFL2,PFL2(PB12b)_R2_C4,25
79204,FC2C,FC2C_C3_L,522853,PFL2,PFL2(PB12b)_R2_C4,25
513284,EPG,EPG(PB08)_R3,15713,EPG,EPG(PB08)_L6,25
14507,EPG,EPG(PB08)_R7,521813,EPG,EPG(PB08)_L2,25
127661,FC2C,FC2C_C6_R,13490,PFL2,PFL2(PB12b)_L1_C5,25
96384,FC2B,FC2B_C5_R,13490,PFL2,PFL2(PB12b)_L1_C5,25
67741,FC2B,FC2B_C6_R,13490,PFL2,PFL2(PB12b)_L1_C5,25
149740,FC2B,FC2B_C9_L,19009,PFL3,PFL3(PB12c)_L2_C9_irreg,25
50461,FC2B,FC2B_C9_R,19009,PFL3,PFL3(PB12c)_L2_C9_irreg,25
92188,EPG,EPG(PB08)_R7,88342,EPG,EPG(PB08)_L3,25
520818,EPG,EPG(PB08)_L4,19715,PFL2,PFL2(PB12b)_L4_C8,25
513517,EPG,EPG(PB08)_L4,19715,PFL2,PFL2(PB12b)_L4_C8,25
119819,FC2C,FC2C_C8_L,19715,PFL2,PFL2(PB12b)_L4_C8,25
74326,FC2B,FC2B_C8_L,19715,PFL2,PFL2(PB12b)_L4_C8,25
551404,FC2C,FC2C_C6_L,511842,PFL2,PFL2(PB12b)_L2_C6,25
11503,EPG,EPG(PB08)_R8,524073,EPG,EPG(PB08)_L2,24
533436,FC2C,FC2C_C7_L,11557,PFL2,PFL2(PB12b)_L3_C7,24
45343,FC2C,FC2C_C7_L,11557,PFL2,PFL2(PB12b)_L3_C7,24
45343,FC2C,FC2C_C7_L,27492,PFL2,PFL2(PB12b)_L3_C7,24
45876,FC2A,FC2A_C7_R,29836,PFL3,PFL3(PB12c)_L4_C6,24
19125,EPG,EPG(PB08)_R5,107195,EPG,EPG(PB08)_L5,24
556346,EPG,EPG(PB08)_L6,523786,EPG,EPG(PB08)_R4,24
515675,EPG,EPG(PB08)_R1,35322,PFL3,PFL3(PB12c)_R1_C7,24
79204,FC2C,FC2C_C3_L,26488,PFL3,PFL3(PB12c)_R5_C3,24
515675,EPG,EPG(PB08)_R1,18803,PFL3,PFL3(PB12c)_R1_C7,24
519941,EPG,EPG(PB08)_L3,530071,PFL3,PFL3(PB12c)_L3_C5,24
85400,FC2B,FC2B_C7_R,513032,PFL3,PFL3(PB12c)_L5_C7,24
513517,EPG,EPG(PB08)_L4,513034,PFL2,PFL2(PB12b)_L5_C9,24
46169,FC2A,FC2A_C1_L,17286,PFL3,PFL3(PB12c)_R1_C2_irreg,24
19009,PFL3,PFL3(PB12c)_L2_C9_irreg,523769,DNa02,DNa02_L,24
514126,EPG,EPG(PB08)_R5,12449,EPG,EPG(PB08)_L5,24
11989,EPG,EPG(PB08)_L5,12449,EPG,EPG(PB08)_L5,24
82293,FC2B,FC2B_C5_L,519351,PFL3,PFL3(PB12c)_L4_C5,24
11307,EPG,EPG(PB08)_L4,514126,EPG,EPG(PB08)_R5,24
513463,EPG,EPG(PB08)_R2,521409,EPG,EPG(PB08)_L8,24
15616,EPG,EPG(PB08)_R3,16360,EPG,EPG(PB08)_L6,24
521409,EPG,EPG(PB08)_L8,513463,EPG,EPG(PB08)_R2,24
35277,FC2B,FC2B_C8_R,19715,PFL2,PFL2(PB12b)_L4_C8,24
524073,EPG,EPG(PB08)_L2,511842,PFL2,PFL2(PB12b)_L2_C6,24
66750,FC2C,FC2C_C4_R,14729,PFL2,PFL2(PB12b)_R1_C5,24
512513,EPG,EPG(PB08)_R1,55630,EPGt,EPGt(PB09)_R9,24
51782,FC2C,FC2C_C2_R,520811,PFL3,PFL3(PB12c)_R6_C2,23
520812,EPG,EPG(PB08)_R8,512514,EPG,EPG(PB08)_L1,23
512514,EPG,EPG(PB08)_L1,515675,EPG,EPG(PB08)_R1,23
85400,FC2B,FC2B_C7_R,27492,PFL2,PFL2(PB12b)_L3_C7,23
131313,EPG,EPG(PB08)_R6,519328,EPG,EPG(PB08)_L3,23
802551,GFC2,GFC2_L,802599,GFC2,GFC2_L,23
131313,EPG,EPG(PB08)_R6,513520,EPG,EPG(PB08)_R6,23
68271,FC2B,FC2B_C7_L,18803,PFL3,PFL3(PB12c)_R1_C7,23
523786,EPG,EPG(PB08)_R4,520573,PFL2,PFL2(PB12b)_R5_C1,23
153558,FC2C,FC2C_C5_R,513266,PFL3,PFL3(PB12c)_R3_C5,23
107690,FC2B,FC2B_C4_L,522853,PFL2,PFL2(PB12b)_R2_C4,23
119544,FC2C,FC2C_C6_L,18327,PFL3,PFL3(PB12c)_R2_C6,23
56382,FC2A,FC2A_C6_L,18327,PFL3,PFL3(PB12c)_R2_C6,23
29674,FC2A,FC2A_C2_L,108478,PFL3,PFL3(PB12c)_L1_C3,23
532704,FC2A,FC2A_C1_R,17286,PFL3,PFL3(PB12c)_R1_C2_irreg,23
91537,FC2C,FC2C_C5_L,13490,PFL2,PFL2(PB12b)_L1_C5,23
518606,FC2A,FC2A_C8_L,19009,PFL3,PFL3(PB12c)_L2_C9_irreg,23
35322,PFL3,PFL3(PB12c)_R1_C7,523769,DNa02,DNa02_L,23
803025,GFC2,GFC2_R,803601,GFC2,GFC2_R,23
17000,PFL3,PFL3(PB12c)_L1_C3,10975,DNa03,DNa03_R,23
79549,PFL3,PFL3(PB12c)_R7_C1,519624,DNa03,DNa03_L,23
18327,PFL3,PFL3(PB12c)_R2_C6,519624,DNa03,DNa03_L,23
108478,PFL3,PFL3(PB12c)_L1_C3,10360,DNa02,DNa02_R,23
521409,EPG,EPG(PB08)_L8,84758,EPG,EPG(PB08)_L7,23
802599,GFC2,GFC2_L,802551,GFC2,GFC2_L,23
97443,FC2B,FC2B_C8_L,19715,PFL2,PFL2(PB12b)_L4_C8,23
60670,FC2C,FC2C_C1_R,79549,PFL3,PFL3(PB12c)_R7_C1,23
46169,FC2A,FC2A_C1_L,79549,PFL3,PFL3(PB12c)_R7_C1,23
560327,FC2A,FC2A_C3_R,13031,PFL2,PFL2(PB12b)_R3_C3,23
92188,EPG,EPG(PB08)_R7,14507,EPG,EPG(PB08)_R7,23
530445,FC2B,FC2B_C6_L,567101,PFL3,PFL3(PB12c)_R3_C5,22
512928,EPG,EPG(PB08)_R3,567101,PFL3,PFL3(PB12c)_R3_C5,22
127661,FC2C,FC2C_C6_R,567101,PFL3,PFL3(PB12c)_R3_C5,22
82293,FC2B,FC2B_C5_L,567101,PFL3,PFL3(PB12c)_R3_C5,22
50885,FC2C,FC2C_C2_L,520811,PFL3,PFL3(PB12c)_R6_C2,22
515675,EPG,EPG(PB08)_R1,13217,EPG,EPG(PB08)_L8,22
108286,FC2C,FC2C_C7_R,11557,PFL2,PFL2(PB12b)_L3_C7,22
88342,EPG,EPG(PB08)_L3,11557,PFL2,PFL2(PB12b)_L3_C7,22
103466,FC2B,FC2B_C2_L,518378,PFL3,PFL3(PB12c)_R5_C3,22
550660,FC2C,FC2C_C7_R,26038,PFL3,PFL3(PB12c)_L5_C7,22
85400,FC2B,FC2B_C7_R,35322,PFL3,PFL3(PB12c)_R1_C7,22
34203,FC2B,FC2B_C1_R,520573,PFL2,PFL2(PB12b)_R5_C1,22
41941,FC2C,FC2C_C4_L,513266,PFL3,PFL3(PB12c)_R3_C5,22
115674,FC2C,FC2C_C4_R,523032,PFL3,PFL3(PB12c)_L2_C4,22
87630,FC2B,FC2B_C3_L,523032,PFL3,PFL3(PB12c)_L2_C4,22
82293,FC2B,FC2B_C5_L,530071,PFL3,PFL3(PB12c)_L3_C5,22
95713,FC2C,FC2C_C4_L,522853,PFL2,PFL2(PB12b)_R2_C4,22
520812,EPG,EPG(PB08)_R8,521813,EPG,EPG(PB08)_L2,22
519328,EPG,EPG(PB08)_L3,19825,EPG,EPG(PB08)_R6,22
57603,FC2C,FC2C_C9_L,513034,PFL2,PFL2(PB12b)_L5_C9,22
50461,FC2B,FC2B_C9_R,513034,PFL2,PFL2(PB12b)_L5_C9,22
515675,EPG,EPG(PB08)_R1,17286,PFL3,PFL3(PB12c)_R1_C2_irreg,22
124562,FC2C,FC2C_C5_L,13490,PFL2,PFL2(PB12b)_L1_C5,22
57603,FC2C,FC2C_C9_L,19009,PFL3,PFL3(PB12c)_L2_C9_irreg,22
18327,PFL3,PFL3(PB12c)_R2_C6,523769,DNa02,DNa02_L,22
802478,GFC2,GFC2_R,803601,GFC2,GFC2_R,22
99820,FC2B,FC2B_C4_L,23159,PFL3,PFL3(PB12c)_R4_C4,22
66750,FC2C,FC2C_C4_R,23159,PFL3,PFL3(PB12c)_R4_C4,22
903232,GFC2,GFC2_L,907675,GFC2,GFC2_R,22
84758,EPG,EPG(PB08)_L7,521409,EPG,EPG(PB08)_L8,22
68502,FC2C,FC2C_C1_L,79549,PFL3,PFL3(PB12c)_R7_C1,22
12449,EPG,EPG(PB08)_L5,11987,EPG,EPG(PB08)_R5,22
512928,EPG,EPG(PB08)_R3,11874,EPG,EPG(PB08)_L7,22
115674,FC2C,FC2C_C4_R,14729,PFL2,PFL2(PB12b)_R1_C5,22
89635,FC2B,FC2B_C3_R,17000,PFL3,PFL3(PB12c)_L1_C3,22
151739,FC2C,FC2C_C2_R,11673,PFL2,PFL2(PB12b)_R4_C2,22
15713,EPG,EPG(PB08)_L6,556347,EPG,EPG(PB08)_R4,22
519140,EPG,EPG(PB08)_L1,18851,PFL3,PFL3(PB12c)_L1_C8_irreg,22
518606,FC2A,FC2A_C8_L,18851,PFL3,PFL3(PB12c)_L1_C8_irreg,22
101011,FC2C,FC2C_C6_R,567101,PFL3,PFL3(PB12c)_R3_C5,21
529266,FC2C,FC2C_C2_L,520811,PFL3,PFL3(PB12c)_R6_C2,21
556346,EPG,EPG(PB08)_L6,15616,EPG,EPG(PB08)_R3,21
529992,FC2C,FC2C_C1_R,15210,PFL3,PFL3(PB12c)_R2_C1_irreg,21
55415,FC2B,FC2B_C1_R,15210,PFL3,PFL3(PB12c)_R2_C1_irreg,21
119544,FC2C,FC2C_C6_L,29836,PFL3,PFL3(PB12c)_L4_C6,21
89635,FC2B,FC2B_C3_R,26488,PFL3,PFL3(PB12c)_R5_C3,21
512514,EPG,EPG(PB08)_L1,512513,EPG,EPG(PB08)_R1,21
124562,FC2C,FC2C_C5_L,513266,PFL3,PFL3(PB12c)_R3_C5,21
79204,FC2C,FC2C_C3_L,523032,PFL3,PFL3(PB12c)_L2_C4,21
41941,FC2C,FC2C_C4_L,523032,PFL3,PFL3(PB12c)_L2_C4,21
520818,EPG,EPG(PB08)_L4,131313,EPG,EPG(PB08)_R6,21
109752,FC2C,FC2C_C9_R,519346,PFL3,PFL3(PB12c)_L7_C9,21
560327,FC2A,FC2A_C3_R,108478,PFL3,PFL3(PB12c)_L1_C3,21
103466,FC2B,FC2B_C2_L,108478,PFL3,PFL3(PB12c)_L1_C3,21
50885,FC2C,FC2C_C2_L,108478,PFL3,PFL3(PB12c)_L1_C3,21
45876,FC2A,FC2A_C7_R,513032,PFL3,PFL3(PB12c)_L5_C7,21
12449,EPG,EPG(PB08)_L5,513034,PFL2,PFL2(PB12b)_L5_C9,21
67361,FC2B,FC2B_C2_R,17286,PFL3,PFL3(PB12c)_R1_C2_irreg,21
18803,PFL3,PFL3(PB12c)_R1_C7,523769,DNa02,DNa02_L,21
17290,PFL3,PFL3(PB12c)_L6_C8,10975,DNa03,DNa03_R,21
115674,FC2C,FC2C_C4_R,23159,PFL3,PFL3(PB12c)_R4_C4,21
17000,PFL3,PFL3(PB12c)_L1_C3,10360,DNa02,DNa02_R,21
520818,EPG,EPG(PB08)_L4,519351,PFL3,PFL3(PB12c)_L4_C5,21
153558,FC2C,FC2C_C5_R,14729,PFL2,PFL2(PB12b)_R1_C5,21
82293,FC2B,FC2B_C5_L,14729,PFL2,PFL2(PB12b)_R1_C5,21
512514,EPG,EPG(PB08)_L1,18851,PFL3,PFL3(PB12c)_L1_C8_irreg,21
97443,FC2B,FC2B_C8_L,18851,PFL3,PFL3(PB12c)_L1_C8_irreg,21
35277,FC2B,FC2B_C8_R,18851,PFL3,PFL3(PB12c)_L1_C8_irreg,21
14507,EPG,EPG(PB08)_R7,92188,EPG,EPG(PB08)_R7,20
802799,GFC2,GFC2_R,802595,GFC2,GFC2_L,20
15713,EPG,EPG(PB08)_L6,513284,EPG,EPG(PB08)_R3,20
19825,EPG,EPG(PB08)_R6,520811,PFL3,PFL3(PB12c)_R6_C2,20
513463,EPG,EPG(PB08)_R2,14727,EPG,EPG(PB08)_L7,20
519328,EPG,EPG(PB08)_L3,11557,PFL2,PFL2(PB12b)_L3_C7,20
71855,FC2A,FC2A_C3_L,518378,PFL3,PFL3(PB12c)_R5_C3,20
140787,FC2B,FC2B_C1_L,15210,PFL3,PFL3(PB12c)_R2_C1_irreg,20
19825,EPG,EPG(PB08)_R6,519328,EPG,EPG(PB08)_L3,20
127661,FC2C,FC2C_C6_R,29836,PFL3,PFL3(PB12c)_L4_C6,20
533436,FC2C,FC2C_C7_L,35322,PFL3,PFL3(PB12c)_R1_C7,20
68271,FC2B,FC2B_C7_L,35322,PFL3,PFL3(PB12c)_R1_C7,20
526406,FC2A,FC2A_C2_R,520573,PFL2,PFL2(PB12b)_R5_C1,20
140787,FC2B,FC2B_C1_L,520573,PFL2,PFL2(PB12b)_R5_C1,20
153441,FC2C,FC2C_C5_L,513266,PFL3,PFL3(PB12c)_R3_C5,20
148830,FC2C,FC2C_C5_R,513266,PFL3,PFL3(PB12c)_R3_C5,20
71855,FC2A,FC2A_C3_L,523032,PFL3,PFL3(PB12c)_L2_C4,20
137299,FC2A,FC2A_C5_L,530071,PFL3,PFL3(PB12c)_L3_C5,20
10539,EPG,EPG(PB08)_R2,522853,PFL2,PFL2(PB12b)_R2_C4,20
140794,FC2C,FC2C_C3_R,518375,PFL2,PFL2(PB12b)_R3_C3,20
523786,EPG,EPG(PB08)_R4,11989,EPG,EPG(PB08)_L5,20
153558,FC2C,FC2C_C5_R,13490,PFL2,PFL2(PB12b)_L1_C5,20
524073,EPG,EPG(PB08)_L2,19009,PFL3,PFL3(PB12c)_L2_C9_irreg,20
74480,FC2C,FC2C_C9_R,19009,PFL3,PFL3(PB12c)_L2_C9_irreg,20
11987,EPG,EPG(PB08)_R5,12449,EPG,EPG(PB08)_L5,20
11307,EPG,EPG(PB08)_L4,19715,PFL2,PFL2(PB12b)_L4_C8,20
513284,EPG,EPG(PB08)_R3,13031,PFL2,PFL2(PB12b)_R3_C3,20
907675,GFC2,GFC2_R,802478,GFC2,GFC2_R,20
41941,FC2C,FC2C_C4_L,14729,PFL2,PFL2(PB12b)_R1_C5,20
512928,EPG,EPG(PB08)_R3,11673,PFL2,PFL2(PB12b)_R4_C2,20
112888,FC2C,FC2C_C8_L,18851,PFL3,PFL3(PB12c)_L1_C8_irreg,20
550660,FC2C,FC2C_C7_R,11557,PFL2,PFL2(PB12b)_L3_C7,19
33382,FC2A,FC2A_C8_R,11557,PFL2,PFL2(PB12b)_L3_C7,19
521813,EPG,EPG(PB08)_L2,27492,PFL2,PFL2(PB12b)_L3_C7,19
64270,FC2C,FC2C_C8_L,17290,PFL3,PFL3(PB12c)_L6_C8,19
33382,FC2A,FC2A_C8_R,17290,PFL3,PFL3(PB12c)_L6_C8,19
16360,EPG,EPG(PB08)_L6,17290,PFL3,PFL3(PB12c)_L6_C8,19
67741,FC2B,FC2B_C6_R,29836,PFL3,PFL3(PB12c)_L4_C6,19
35277,FC2B,FC2B_C8_R,26038,PFL3,PFL3(PB12c)_L5_C7,19
91537,FC2C,FC2C_C5_L,513266,PFL3,PFL3(PB12c)_R3_C5,19
82293,FC2B,FC2B_C5_L,513266,PFL3,PFL3(PB12c)_R3_C5,19
524977,FC2C,FC2C_C3_L,523032,PFL3,PFL3(PB12c)_L2_C4,19
107690,FC2B,FC2B_C4_L,523032,PFL3,PFL3(PB12c)_L2_C4,19
551404,FC2C,FC2C_C6_L,18327,PFL3,PFL3(PB12c)_R2_C6,19
513463,EPG,EPG(PB08)_R2,18327,PFL3,PFL3(PB12c)_R2_C6,19
85400,FC2B,FC2B_C7_R,18327,PFL3,PFL3(PB12c)_R2_C6,19
56905,FC2C,FC2C_C9_L,519346,PFL3,PFL3(PB12c)_L7_C9,19
26488,PFL3,PFL3(PB12c)_R5_C3,523769,DNa02,DNa02_L,19
87630,FC2B,FC2B_C3_L,23159,PFL3,PFL3(PB12c)_R4_C4,19
513032,PFL3,PFL3(PB12c)_L5_C7,10360,DNa02,DNa02_R,19
13217,EPG,EPG(PB08)_L8,521409,EPG,EPG(PB08)_L8,19
802478,GFC2,GFC2_R,802551,GFC2,GFC2_L,19
14727,EPG,EPG(PB08)_L7,513463,EPG,EPG(PB08)_R2,19
44554,FC2B,FC2B_C8_R,19715,PFL2,PFL2(PB12b)_L4_C8,19
92188,EPG,EPG(PB08)_R7,79549,PFL3,PFL3(PB12c)_R7_C1,19
108286,FC2C,FC2C_C7_R,511842,PFL2,PFL2(PB12b)_L2_C6,19
45876,FC2A,FC2A_C7_R,511842,PFL2,PFL2(PB12b)_L2_C6,19
153441,FC2C,FC2C_C5_L,14729,PFL2,PFL2(PB12b)_R1_C5,19
50885,FC2C,FC2C_C2_L,11673,PFL2,PFL2(PB12b)_R4_C2,19
513520,EPG,EPG(PB08)_R6,519941,EPG,EPG(PB08)_L3,19
107195,EPG,EPG(PB08)_L5,556347,EPG,EPG(PB08)_R4,19
512305,EPG,EPG(PB08)_R8,513464,EPG,EPG(PB08)_R8,18
532704,FC2A,FC2A_C1_R,520811,PFL3,PFL3(PB12c)_R6_C2,18
68271,FC2B,FC2B_C7_L,11557,PFL2,PFL2(PB12b)_L3_C7,18
44554,FC2B,FC2B_C8_R,11557,PFL2,PFL2(PB12b)_L3_C7,18
550660,FC2C,FC2C_C7_R,27492,PFL2,PFL2(PB12b)_L3_C7,18
33382,FC2A,FC2A_C8_R,27492,PFL2,PFL2(PB12b)_L3_C7,18
51782,FC2C,FC2C_C2_R,15210,PFL3,PFL3(PB12c)_R2_C1_irreg,18
50431,FC2C,FC2C_C8_R,17290,PFL3,PFL3(PB12c)_L6_C8,18
101011,FC2C,FC2C_C6_R,29836,PFL3,PFL3(PB12c)_L4_C6,18
520581,EPG,EPG(PB08)_R4,107195,EPG,EPG(PB08)_L5,18
122334,FC2C,FC2C_C7_L,26038,PFL3,PFL3(PB12c)_L5_C7,18
108286,FC2C,FC2C_C7_R,35322,PFL3,PFL3(PB12c)_R1_C7,18
87630,FC2B,FC2B_C3_L,26488,PFL3,PFL3(PB12c)_R5_C3,18
520581,EPG,EPG(PB08)_R4,520573,PFL2,PFL2(PB12b)_R5_C1,18
514126,EPG,EPG(PB08)_R5,520573,PFL2,PFL2(PB12b)_R5_C1,18
51782,FC2C,FC2C_C2_R,520573,PFL2,PFL2(PB12b)_R5_C1,18
66750,FC2C,FC2C_C4_R,523032,PFL3,PFL3(PB12c)_L2_C4,18
115261,FC2C,FC2C_C6_L,18327,PFL3,PFL3(PB12c)_R2_C6,18
106495,FC2B,FC2B_C6_R,18327,PFL3,PFL3(PB12c)_R2_C6,18
132482,FC2C,FC2C_C9_L,19009,PFL3,PFL3(PB12c)_L2_C9_irreg,18
97443,FC2B,FC2B_C8_L,19009,PFL3,PFL3(PB12c)_L2_C9_irreg,18
519351,PFL3,PFL3(PB12c)_L4_C5,10975,DNa03,DNa03_R,18
108478,PFL3,PFL3(PB12c)_L1_C3,10975,DNa03,DNa03_R,18
71855,FC2A,FC2A_C3_L,23159,PFL3,PFL3(PB12c)_R4_C4,18
520811,PFL3,PFL3(PB12c)_R6_C2,519624,DNa03,DNa03_L,18
35322,PFL3,PFL3(PB12c)_R1_C7,519624,DNa03,DNa03_L,18
18851,PFL3,PFL3(PB12c)_L1_C8_irreg,519624,DNa03,DNa03_L,18
12449,EPG,EPG(PB08)_L5,514126,EPG,EPG(PB08)_R5,18
534662,FC2C,FC2C_C8_R,19715,PFL2,PFL2(PB12b)_L4_C8,18
64270,FC2C,FC2C_C8_L,19715,PFL2,PFL2(PB12b)_L4_C8,18
55401,FC2A,FC2A_C9_R,19715,PFL2,PFL2(PB12b)_L4_C8,18
141430,FC2C,FC2C_C3_R,13031,PFL2,PFL2(PB12b)_R3_C3,18
107195,EPG,EPG(PB08)_L5,11987,EPG,EPG(PB08)_R5,18
11307,EPG,EPG(PB08)_L4,11987,EPG,EPG(PB08)_R5,18
519358,FC2B,FC2B_C4_R,14729,PFL2,PFL2(PB12b)_R1_C5,18
107690,FC2B,FC2B_C4_L,14729,PFL2,PFL2(PB12b)_R1_C5,18
529992,FC2C,FC2C_C1_R,11673,PFL2,PFL2(PB12b)_R4_C2,18
103466,FC2B,FC2B_C2_L,11673,PFL2,PFL2(PB12b)_R4_C2,18
41559,FC2A,FC2A_C9_L,18851,PFL3,PFL3(PB12c)_L1_C8_irreg,18
515675,EPG,EPG(PB08)_R1,513464,EPG,EPG(PB08)_R8,17
131313,EPG,EPG(PB08)_R6,520811,PFL3,PFL3(PB12c)_R6_C2,17
85400,FC2B,FC2B_C7_R,11557,PFL2,PFL2(PB12b)_L3_C7,17
513520,EPG,EPG(PB08)_R6,513517,EPG,EPG(PB08)_L4,17
526406,FC2A,FC2A_C2_R,15210,PFL3,PFL3(PB12c)_R2_C1_irreg,17
34203,FC2B,FC2B_C1_R,15210,PFL3,PFL3(PB12c)_R2_C1_irreg,17
11503,EPG,EPG(PB08)_R8,519140,EPG,EPG(PB08)_L1,17
55401,FC2A,FC2A_C9_R,17290,PFL3,PFL3(PB12c)_L6_C8,17
85400,FC2B,FC2B_C7_R,29836,PFL3,PFL3(PB12c)_L4_C6,17
122334,FC2C,FC2C_C7_L,35322,PFL3,PFL3(PB12c)_R1_C7,17
11987,EPG,EPG(PB08)_R5,26488,PFL3,PFL3(PB12c)_R5_C3,17
68579,FC2C,FC2C_C5_R,513266,PFL3,PFL3(PB12c)_R3_C5,17
148830,FC2C,FC2C_C5_R,530071,PFL3,PFL3(PB12c)_L3_C5,17
519140,EPG,EPG(PB08)_L1,108478,PFL3,PFL3(PB12c)_L1_C3,17
149740,FC2B,FC2B_C9_L,513034,PFL2,PFL2(PB12b)_L5_C9,17
34203,FC2B,FC2B_C1_R,17286,PFL3,PFL3(PB12c)_R1_C2_irreg,17
109752,FC2C,FC2C_C9_R,19009,PFL3,PFL3(PB12c)_L2_C9_irreg,17
64270,FC2C,FC2C_C8_L,19009,PFL3,PFL3(PB12c)_L2_C9_irreg,17
17286,PFL3,PFL3(PB12c)_R1_C2_irreg,10975,DNa03,DNa03_R,17
107690,FC2B,FC2B_C4_L,23159,PFL3,PFL3(PB12c)_R4_C4,17
26038,PFL3,PFL3(PB12c)_L5_C7,10360,DNa02,DNa02_R,17
124562,FC2C,FC2C_C5_L,519351,PFL3,PFL3(PB12c)_L4_C5,17
907675,GFC2,GFC2_R,803025,GFC2,GFC2_R,17
512513,EPG,EPG(PB08)_R1,513033,EPG,EPG(PB08)_L8,17
88342,EPG,EPG(PB08)_L3,19715,PFL2,PFL2(PB12b)_L4_C8,17
140794,FC2C,FC2C_C3_R,13031,PFL2,PFL2(PB12b)_R3_C3,17
12449,EPG,EPG(PB08)_L5,520581,EPG,EPG(PB08)_R4,17
85400,FC2B,FC2B_C7_R,511842,PFL2,PFL2(PB12b)_L2_C6,17
137299,FC2A,FC2A_C5_L,14729,PFL2,PFL2(PB12b)_R1_C5,17
521813,EPG,EPG(PB08)_L2,14507,EPG,EPG(PB08)_R7,17
512305,EPG,EPG(PB08)_R8,92188,EPG,EPG(PB08)_R7,16
56382,FC2A,FC2A_C6_L,567101,PFL3,PFL3(PB12c)_R3_C5,16
529992,FC2C,FC2C_C1_R,520811,PFL3,PFL3(PB12c)_R6_C2,16
122334,FC2C,FC2C_C7_L,11557,PFL2,PFL2(PB12b)_L3_C7,16
546044,FC2C,FC2C_C3_R,518378,PFL3,PFL3(PB12c)_R5_C3,16
140794,FC2C,FC2C_C3_R,518378,PFL3,PFL3(PB12c)_R5_C3,16
11987,EPG,EPG(PB08)_R5,518378,PFL3,PFL3(PB12c)_R5_C3,16
523786,EPG,EPG(PB08)_R4,556346,EPG,EPG(PB08)_L6,16
514126,EPG,EPG(PB08)_R5,26488,PFL3,PFL3(PB12c)_R5_C3,16
533436,FC2C,FC2C_C7_L,18803,PFL3,PFL3(PB12c)_R1_C7,16
19125,EPG,EPG(PB08)_R5,520573,PFL2,PFL2(PB12b)_R5_C1,16
107690,FC2B,FC2B_C4_L,513266,PFL3,PFL3(PB12c)_R3_C5,16
95713,FC2C,FC2C_C4_L,523032,PFL3,PFL3(PB12c)_L2_C4,16
95713,FC2C,FC2C_C4_L,530071,PFL3,PFL3(PB12c)_L3_C5,16
137990,FC2B,FC2B_C3_L,522853,PFL2,PFL2(PB12b)_R2_C4,16
519328,EPG,EPG(PB08)_L3,131313,EPG,EPG(PB08)_R6,16
67741,FC2B,FC2B_C6_R,18327,PFL3,PFL3(PB12c)_R2_C6,16
137990,FC2B,FC2B_C3_L,518375,PFL2,PFL2(PB12b)_R3_C3,16
11874,EPG,EPG(PB08)_L7,519346,PFL3,PFL3(PB12c)_L7_C9,16
87630,FC2B,FC2B_C3_L,108478,PFL3,PFL3(PB12c)_L1_C3,16
33382,FC2A,FC2A_C8_R,513032,PFL3,PFL3(PB12c)_L5_C7,16
521409,EPG,EPG(PB08)_L8,519144,EPG,EPG(PB08)_L8,16
531073,FC2C,FC2C_C9_R,513034,PFL2,PFL2(PB12b)_L5_C9,16
132482,FC2C,FC2C_C9_L,513034,PFL2,PFL2(PB12b)_L5_C9,16
109752,FC2C,FC2C_C9_R,513034,PFL2,PFL2(PB12b)_L5_C9,16
11989,EPG,EPG(PB08)_L5,513034,PFL2,PFL2(PB12b)_L5_C9,16
11307,EPG,EPG(PB08)_L4,513034,PFL2,PFL2(PB12b)_L5_C9,16
512513,EPG,EPG(PB08)_R1,17286,PFL3,PFL3(PB12c)_R1_C2_irreg,16
50885,FC2C,FC2C_C2_L,17286,PFL3,PFL3(PB12c)_R1_C2_irreg,16
153441,FC2C,FC2C_C5_L,13490,PFL2,PFL2(PB12b)_L1_C5,16
531073,FC2C,FC2C_C9_R,19009,PFL3,PFL3(PB12c)_L2_C9_irreg,16
29836,PFL3,PFL3(PB12c)_L4_C6,10975,DNa03,DNa03_R,16
524977,FC2C,FC2C_C3_L,23159,PFL3,PFL3(PB12c)_R4_C4,16
521812,EPG,EPG(PB08)_R7,79549,PFL3,PFL3(PB12c)_R7_C1,16
515233,FC2B,FC2B_C2_R,79549,PFL3,PFL3(PB12c)_R7_C1,16
546044,FC2C,FC2C_C3_R,13031,PFL2,PFL2(PB12b)_R3_C3,16
529266,FC2C,FC2C_C2_L,13031,PFL2,PFL2(PB12b)_R3_C3,16
512928,EPG,EPG(PB08)_R3,13031,PFL2,PFL2(PB12b)_R3_C3,16
15616,EPG,EPG(PB08)_R3,13031,PFL2,PFL2(PB12b)_R3_C3,16
556346,EPG,EPG(PB08)_L6,520581,EPG,EPG(PB08)_R4,16
16360,EPG,EPG(PB08)_L6,520581,EPG,EPG(PB08)_R4,16
550660,FC2C,FC2C_C7_R,511842,PFL2,PFL2(PB12b)_L2_C6,16
131273,FC2A,FC2A_C5_R,14729,PFL2,PFL2(PB12b)_R1_C5,16
512514,EPG,EPG(PB08)_L1,17000,PFL3,PFL3(PB12c)_L1_C3,16
119819,FC2C,FC2C_C8_L,18851,PFL3,PFL3(PB12c)_L1_C8_irreg,16
151739,FC2C,FC2C_C2_R,520811,PFL3,PFL3(PB12c)_R6_C2,15
67361,FC2B,FC2B_C2_R,520811,PFL3,PFL3(PB12c)_R6_C2,15
11987,EPG,EPG(PB08)_R5,11307,EPG,EPG(PB08)_L4,15
84758,EPG,EPG(PB08)_L7,15616,EPG,EPG(PB08)_R3,15
56382,FC2A,FC2A_C6_L,11557,PFL2,PFL2(PB12b)_L3_C7,15
534662,FC2C,FC2C_C8_R,27492,PFL2,PFL2(PB12b)_L3_C7,15
530445,FC2B,FC2B_C6_L,27492,PFL2,PFL2(PB12b)_L3_C7,15
68271,FC2B,FC2B_C7_L,27492,PFL2,PFL2(PB12b)_L3_C7,15
141430,FC2C,FC2C_C3_R,518378,PFL3,PFL3(PB12c)_R5_C3,15
513464,EPG,EPG(PB08)_R8,512305,EPG,EPG(PB08)_R8,15
119819,FC2C,FC2C_C8_L,17290,PFL3,PFL3(PB12c)_L6_C8,15
74326,FC2B,FC2B_C8_L,17290,PFL3,PFL3(PB12c)_L6_C8,15
44554,FC2B,FC2B_C8_R,17290,PFL3,PFL3(PB12c)_L6_C8,15
35277,FC2B,FC2B_C8_R,17290,PFL3,PFL3(PB12c)_L6_C8,15
802478,GFC2,GFC2_R,802599,GFC2,GFC2_L,15
513284,EPG,EPG(PB08)_R3,523786,EPG,EPG(PB08)_R4,15
236557,FC2C,FC2C_C3_R,26488,PFL3,PFL3(PB12c)_R5_C3,15
518606,FC2A,FC2A_C8_L,18803,PFL3,PFL3(PB12c)_R1_C7,15
45876,FC2A,FC2A_C7_R,18803,PFL3,PFL3(PB12c)_R1_C7,15
556347,EPG,EPG(PB08)_R4,520573,PFL2,PFL2(PB12b)_R5_C1,15
67361,FC2B,FC2B_C2_R,520573,PFL2,PFL2(PB12b)_R5_C1,15
519140,EPG,EPG(PB08)_L1,11503,EPG,EPG(PB08)_R8,15
41941,FC2C,FC2C_C4_L,522853,PFL2,PFL2(PB12b)_R2_C4,15
556347,EPG,EPG(PB08)_R4,15713,EPG,EPG(PB08)_L6,15
132482,FC2C,FC2C_C9_L,519346,PFL3,PFL3(PB12c)_L7_C9,15
33356,FC2B,FC2B_C2_L,108478,PFL3,PFL3(PB12c)_L1_C3,15
518606,FC2A,FC2A_C8_L,513034,PFL2,PFL2(PB12b)_L5_C9,15
74480,FC2C,FC2C_C9_R,513034,PFL2,PFL2(PB12b)_L5_C9,15
68579,FC2C,FC2C_C5_R,13490,PFL2,PFL2(PB12b)_L1_C5,15
95713,FC2C,FC2C_C4_L,23159,PFL3,PFL3(PB12c)_R4_C4,15
18803,PFL3,PFL3(PB12c)_R1_C7,519624,DNa03,DNa03_L,15
106495,FC2B,FC2B_C6_R,519351,PFL3,PFL3(PB12c)_L4_C5,15
512928,EPG,EPG(PB08)_R3,84758,EPG,EPG(PB08)_L7,15
521813,EPG,EPG(PB08)_L2,88342,EPG,EPG(PB08)_L3,15
520581,EPG,EPG(PB08)_R4,16360,EPG,EPG(PB08)_L6,15
537128,FC2C,FC2C_C1_L,79549,PFL3,PFL3(PB12c)_R7_C1,15
137990,FC2B,FC2B_C3_L,13031,PFL2,PFL2(PB12b)_R3_C3,15
91537,FC2C,FC2C_C5_L,14729,PFL2,PFL2(PB12b)_R1_C5,15
68579,FC2C,FC2C_C5_R,14729,PFL2,PFL2(PB12b)_R1_C5,15
529266,FC2C,FC2C_C2_L,11673,PFL2,PFL2(PB12b)_R4_C2,15
132482,FC2C,FC2C_C9_L,18851,PFL3,PFL3(PB12c)_L1_C8_irreg,15
88342,EPG,EPG(PB08)_L3,92188,EPG,EPG(PB08)_R7,14
96384,FC2B,FC2B_C5_R,567101,PFL3,PFL3(PB12c)_R3_C5,14
14727,EPG,EPG(PB08)_L7,513284,EPG,EPG(PB08)_R3,14
524073,EPG,EPG(PB08)_L2,513464,EPG,EPG(PB08)_R8,14
140787,FC2B,FC2B_C1_L,520811,PFL3,PFL3(PB12c)_R6_C2,14
139763,FC2C,FC2C_C2_R,520811,PFL3,PFL3(PB12c)_R6_C2,14
34203,FC2B,FC2B_C1_R,520811,PFL3,PFL3(PB12c)_R6_C2,14
122334,FC2C,FC2C_C7_L,27492,PFL2,PFL2(PB12b)_L3_C7,14
512928,EPG,EPG(PB08)_R3,556346,EPG,EPG(PB08)_L6,14
112888,FC2C,FC2C_C8_L,17290,PFL3,PFL3(PB12c)_L6_C8,14
137299,FC2A,FC2A_C5_L,29836,PFL3,PFL3(PB12c)_L4_C6,14
514126,EPG,EPG(PB08)_R5,513520,EPG,EPG(PB08)_R6,14
137990,FC2B,FC2B_C3_L,26488,PFL3,PFL3(PB12c)_R5_C3,14
19125,EPG,EPG(PB08)_R5,26488,PFL3,PFL3(PB12c)_R5_C3,14
85400,FC2B,FC2B_C7_R,18803,PFL3,PFL3(PB12c)_R1_C7,14
45343,FC2C,FC2C_C7_L,18803,PFL3,PFL3(PB12c)_R1_C7,14
35277,FC2B,FC2B_C8_R,18803,PFL3,PFL3(PB12c)_R1_C7,14
515233,FC2B,FC2B_C2_R,520573,PFL2,PFL2(PB12b)_R5_C1,14
11987,EPG,EPG(PB08)_R5,520573,PFL2,PFL2(PB12b)_R5_C1,14
513033,EPG,EPG(PB08)_L8,512513,EPG,EPG(PB08)_R1,14
556347,EPG,EPG(PB08)_R4,513266,PFL3,PFL3(PB12c)_R3_C5,14
66750,FC2C,FC2C_C4_R,513266,PFL3,PFL3(PB12c)_R3_C5,14
521813,EPG,EPG(PB08)_L2,11503,EPG,EPG(PB08)_R8,14
153558,FC2C,FC2C_C5_R,530071,PFL3,PFL3(PB12c)_L3_C5,14
41941,FC2C,FC2C_C4_L,530071,PFL3,PFL3(PB12c)_L3_C5,14
13217,EPG,EPG(PB08)_L8,10539,EPG,EPG(PB08)_R2,14
515675,EPG,EPG(PB08)_R1,522853,PFL2,PFL2(PB12b)_R2_C4,14
513463,EPG,EPG(PB08)_R2,522853,PFL2,PFL2(PB12b)_R2_C4,14
99820,FC2B,FC2B_C4_L,522853,PFL2,PFL2(PB12b)_R2_C4,14
87630,FC2B,FC2B_C3_L,522853,PFL2,PFL2(PB12b)_R2_C4,14
71855,FC2A,FC2A_C3_L,522853,PFL2,PFL2(PB12b)_R2_C4,14
13031,PFL2,PFL2(PB12b)_R3_C3,522853,PFL2,PFL2(PB12b)_R2_C4,14
88342,EPG,EPG(PB08)_L3,521813,EPG,EPG(PB08)_L2,14
45876,FC2A,FC2A_C7_R,18327,PFL3,PFL3(PB12c)_R2_C6,14
512928,EPG,EPG(PB08)_R3,518375,PFL2,PFL2(PB12b)_R3_C3,14
89635,FC2B,FC2B_C3_R,518375,PFL2,PFL2(PB12b)_R3_C3,14
531073,FC2C,FC2C_C9_R,519346,PFL3,PFL3(PB12c)_L7_C9,14
57603,FC2C,FC2C_C9_L,519346,PFL3,PFL3(PB12c)_L7_C9,14
512514,EPG,EPG(PB08)_L1,108478,PFL3,PFL3(PB12c)_L1_C3,14
140794,FC2C,FC2C_C3_R,108478,PFL3,PFL3(PB12c)_L1_C3,14
107195,EPG,EPG(PB08)_L5,513034,PFL2,PFL2(PB12b)_L5_C9,14
556346,EPG,EPG(PB08)_L6,512928,EPG,EPG(PB08)_R3,14
74326,FC2B,FC2B_C8_L,19009,PFL3,PFL3(PB12c)_L2_C9_irreg,14
56905,FC2C,FC2C_C9_L,19009,PFL3,PFL3(PB12c)_L2_C9_irreg,14
79204,FC2C,FC2C_C3_L,23159,PFL3,PFL3(PB12c)_R4_C4,14
41941,FC2C,FC2C_C4_L,23159,PFL3,PFL3(PB12c)_R4_C4,14
521813,EPG,EPG(PB08)_L2,520812,EPG,EPG(PB08)_R8,14
79204,FC2C,FC2C_C3_L,13031,PFL2,PFL2(PB12b)_R3_C3,14
107195,EPG,EPG(PB08)_L5,520581,EPG,EPG(PB08)_R4,14
122167,FC2C,FC2C_C7_R,511842,PFL2,PFL2(PB12b)_L2_C6,14
10539,EPG,EPG(PB08)_R2,11874,EPG,EPG(PB08)_L7,14
79204,FC2C,FC2C_C3_L,17000,PFL3,PFL3(PB12c)_L1_C3,14
46169,FC2A,FC2A_C1_L,11673,PFL2,PFL2(PB12b)_R4_C2,14
519328,EPG,EPG(PB08)_L3,14507,EPG,EPG(PB08)_R7,14
64270,FC2C,FC2C_C8_L,18851,PFL3,PFL3(PB12c)_L1_C8_irreg,14
148830,FC2C,FC2C_C5_R,567101,PFL3,PFL3(PB12c)_R3_C5,13
15616,EPG,EPG(PB08)_R3,567101,PFL3,PFL3(PB12c)_R3_C5,13
802599,GFC2,GFC2_L,802595,GFC2,GFC2_L,13
802595,GFC2,GFC2_L,802335,GFC2,GFC2_L,13
108286,FC2C,FC2C_C7_R,27492,PFL2,PFL2(PB12b)_L3_C7,13
88342,EPG,EPG(PB08)_L3,27492,PFL2,PFL2(PB12b)_L3_C7,13
29674,FC2A,FC2A_C2_L,518378,PFL3,PFL3(PB12c)_R5_C3,13
515233,FC2B,FC2B_C2_R,15210,PFL3,PFL3(PB12c)_R2_C1_irreg,13
68502,FC2C,FC2C_C1_L,15210,PFL3,PFL3(PB12c)_R2_C1_irreg,13
520812,EPG,EPG(PB08)_R8,519140,EPG,EPG(PB08)_L1,13
92188,EPG,EPG(PB08)_R7,512305,EPG,EPG(PB08)_R8,13
551404,FC2C,FC2C_C6_L,29836,PFL3,PFL3(PB12c)_L4_C6,13
513517,EPG,EPG(PB08)_L4,513520,EPG,EPG(PB08)_R6,13
50431,FC2C,FC2C_C8_R,26038,PFL3,PFL3(PB12c)_L5_C7,13
45343,FC2C,FC2C_C7_L,26038,PFL3,PFL3(PB12c)_L5_C7,13
11989,EPG,EPG(PB08)_L5,26038,PFL3,PFL3(PB12c)_L5_C7,13
11989,EPG,EPG(PB08)_L5,523786,EPG,EPG(PB08)_R4,13
33382,FC2A,FC2A_C8_R,35322,PFL3,PFL3(PB12c)_R1_C7,13
44554,FC2B,FC2B_C8_R,18803,PFL3,PFL3(PB12c)_R1_C7,13
519358,FC2B,FC2B_C4_R,513266,PFL3,PFL3(PB12c)_R3_C5,13
524073,EPG,EPG(PB08)_L2,523032,PFL3,PFL3(PB12c)_L2_C4,13
519358,FC2B,FC2B_C4_R,530071,PFL3,PFL3(PB12c)_L3_C5,13
107195,EPG,EPG(PB08)_L5,19125,EPG,EPG(PB08)_R5,13
79204,FC2C,FC2C_C3_L,518375,PFL2,PFL2(PB12b)_R3_C3,13
10539,EPG,EPG(PB08)_R2,518375,PFL2,PFL2(PB12b)_R3_C3,13
97443,FC2B,FC2B_C8_L,519346,PFL3,PFL3(PB12c)_L7_C9,13
68271,FC2B,FC2B_C7_L,513032,PFL3,PFL3(PB12c)_L5_C7,13
56382,FC2A,FC2A_C6_L,513032,PFL3,PFL3(PB12c)_L5_C7,13
140787,FC2B,FC2B_C1_L,17286,PFL3,PFL3(PB12c)_R1_C2_irreg,13
51782,FC2C,FC2C_C2_R,17286,PFL3,PFL3(PB12c)_R1_C2_irreg,13
131273,FC2A,FC2A_C5_R,13490,PFL2,PFL2(PB12b)_L1_C5,13
523032,PFL3,PFL3(PB12c)_L2_C4,10975,DNa03,DNa03_R,13
519346,PFL3,PFL3(PB12c)_L7_C9,10975,DNa03,DNa03_R,13
26038,PFL3,PFL3(PB12c)_L5_C7,10975,DNa03,DNa03_R,13
148830,FC2C,FC2C_C5_R,519351,PFL3,PFL3(PB12c)_L4_C5,13
515675,EPG,EPG(PB08)_R1,513033,EPG,EPG(PB08)_L8,13
11874,EPG,EPG(PB08)_L7,521409,EPG,EPG(PB08)_L8,13
519140,EPG,EPG(PB08)_L1,520812,EPG,EPG(PB08)_R8,13
109752,FC2C,FC2C_C9_R,19715,PFL2,PFL2(PB12b)_L4_C8,13
526406,FC2A,FC2A_C2_R,79549,PFL3,PFL3(PB12c)_R7_C1,13
543506,EPGt,EPGt(PB09)_L9,57591,EPGt,EPGt(PB09)_L9,13
521409,EPG,EPG(PB08)_L8,11874,EPG,EPG(PB08)_L7,13
124562,FC2C,FC2C_C5_L,14729,PFL2,PFL2(PB12b)_R1_C5,13
141430,FC2C,FC2C_C3_R,17000,PFL3,PFL3(PB12c)_L1_C3,13
519941,EPG,EPG(PB08)_L3,14507,EPG,EPG(PB08)_R7,13
50431,FC2C,FC2C_C8_R,18851,PFL3,PFL3(PB12c)_L1_C8_irreg,13
44554,FC2B,FC2B_C8_R,18851,PFL3,PFL3(PB12c)_L1_C8_irreg,13
33382,FC2A,FC2A_C8_R,18851,PFL3,PFL3(PB12c)_L1_C8_irreg,13
106495,FC2B,FC2B_C6_R,567101,PFL3,PFL3(PB12c)_R3_C5,12
523786,EPG,EPG(PB08)_R4,513284,EPG,EPG(PB08)_R3,12
521812,EPG,EPG(PB08)_R7,524073,EPG,EPG(PB08)_L2,12
122167,FC2C,FC2C_C7_R,11557,PFL2,PFL2(PB12b)_L3_C7,12
537128,FC2C,FC2C_C1_L,15210,PFL3,PFL3(PB12c)_R2_C1_irreg,12
520818,EPG,EPG(PB08)_L4,29836,PFL3,PFL3(PB12c)_L4_C6,12
115261,FC2C,FC2C_C6_L,29836,PFL3,PFL3(PB12c)_L4_C6,12
122167,FC2C,FC2C_C7_R,26038,PFL3,PFL3(PB12c)_L5_C7,12
56382,FC2A,FC2A_C6_L,26038,PFL3,PFL3(PB12c)_L5_C7,12
550660,FC2C,FC2C_C7_R,35322,PFL3,PFL3(PB12c)_R1_C7,12
519358,FC2B,FC2B_C4_R,26488,PFL3,PFL3(PB12c)_R5_C3,12
534662,FC2C,FC2C_C8_R,18803,PFL3,PFL3(PB12c)_R1_C7,12
512513,EPG,EPG(PB08)_R1,18803,PFL3,PFL3(PB12c)_R1_C7,12
518375,PFL2,PFL2(PB12b)_R3_C3,520573,PFL2,PFL2(PB12b)_R5_C1,12
512928,EPG,EPG(PB08)_R3,513266,PFL3,PFL3(PB12c)_R3_C5,12
107690,FC2B,FC2B_C4_L,530071,PFL3,PFL3(PB12c)_L3_C5,12
14727,EPG,EPG(PB08)_L7,10539,EPG,EPG(PB08)_R2,12
15616,EPG,EPG(PB08)_R3,15713,EPG,EPG(PB08)_L6,12
11989,EPG,EPG(PB08)_L5,19125,EPG,EPG(PB08)_R5,12
11307,EPG,EPG(PB08)_L4,131313,EPG,EPG(PB08)_R6,12
127661,FC2C,FC2C_C6_R,18327,PFL3,PFL3(PB12c)_R2_C6,12
546044,FC2C,FC2C_C3_R,518375,PFL2,PFL2(PB12b)_R3_C3,12
103466,FC2B,FC2B_C2_L,518375,PFL2,PFL2(PB12b)_R3_C3,12
119819,FC2C,FC2C_C8_L,519346,PFL3,PFL3(PB12c)_L7_C9,12
14727,EPG,EPG(PB08)_L7,519346,PFL3,PFL3(PB12c)_L7_C9,12
141430,FC2C,FC2C_C3_R,108478,PFL3,PFL3(PB12c)_L1_C3,12
35277,FC2B,FC2B_C8_R,513032,PFL3,PFL3(PB12c)_L5_C7,12
119819,FC2C,FC2C_C8_L,19009,PFL3,PFL3(PB12c)_L2_C9_irreg,12
523786,EPG,EPG(PB08)_R4,23159,PFL3,PFL3(PB12c)_R4_C4,12
520818,EPG,EPG(PB08)_L4,514126,EPG,EPG(PB08)_R5,12
512514,EPG,EPG(PB08)_L1,520812,EPG,EPG(PB08)_R8,12
41559,FC2A,FC2A_C9_L,19715,PFL2,PFL2(PB12b)_L4_C8,12
103466,FC2B,FC2B_C2_L,13031,PFL2,PFL2(PB12b)_R3_C3,12
89635,FC2B,FC2B_C3_R,13031,PFL2,PFL2(PB12b)_R3_C3,12
87630,FC2B,FC2B_C3_L,13031,PFL2,PFL2(PB12b)_R3_C3,12
71855,FC2A,FC2A_C3_L,13031,PFL2,PFL2(PB12b)_R3_C3,12
803025,GFC2,GFC2_R,802478,GFC2,GFC2_R,12
519140,EPG,EPG(PB08)_L1,511842,PFL2,PFL2(PB12b)_L2_C6,12
13490,PFL2,PFL2(PB12b)_L1_C5,511842,PFL2,PFL2(PB12b)_L2_C6,12
520573,PFL2,PFL2(PB12b)_R5_C1,14729,PFL2,PFL2(PB12b)_R1_C5,12
519358,FC2B,FC2B_C4_R,17000,PFL3,PFL3(PB12c)_L1_C3,12
520581,EPG,EPG(PB08)_R4,11673,PFL2,PFL2(PB12b)_R4_C2,12
40768,EPGt,EPGt(PB09)_R9,55630,EPGt,EPGt(PB09)_R9,12
74326,FC2B,FC2B_C8_L,18851,PFL3,PFL3(PB12c)_L1_C8_irreg,12
50461,FC2B,FC2B_C9_R,18851,PFL3,PFL3(PB12c)_L1_C8_irreg,12
515233,FC2B,FC2B_C2_R,51782,FC2C,FC2C_C2_R,11
131273,FC2A,FC2A_C5_R,567101,PFL3,PFL3(PB12c)_R3_C5,11
103466,FC2B,FC2B_C2_L,520811,PFL3,PFL3(PB12c)_R6_C2,11
46169,FC2A,FC2A_C1_L,520811,PFL3,PFL3(PB12c)_R6_C2,11
131313,EPG,EPG(PB08)_R6,11307,EPG,EPG(PB08)_L4,11
524073,EPG,EPG(PB08)_L2,521812,EPG,EPG(PB08)_R7,11
519328,EPG,EPG(PB08)_L3,521812,EPG,EPG(PB08)_R7,11
512305,EPG,EPG(PB08)_R8,512514,EPG,EPG(PB08)_L1,11
10539,EPG,EPG(PB08)_R2,13217,EPG,EPG(PB08)_L8,11
56382,FC2A,FC2A_C6_L,27492,PFL2,PFL2(PB12b)_L3_C7,11
41559,FC2A,FC2A_C9_L,46169,FC2A,FC2A_C1_L,11
67361,FC2B,FC2B_C2_R,15210,PFL3,PFL3(PB12c)_R2_C1_irreg,11
513520,EPG,EPG(PB08)_R6,519328,EPG,EPG(PB08)_L3,11
520581,EPG,EPG(PB08)_R4,556346,EPG,EPG(PB08)_L6,11
556346,EPG,EPG(PB08)_L6,17290,PFL3,PFL3(PB12c)_L6_C8,11
523786,EPG,EPG(PB08)_R4,107195,EPG,EPG(PB08)_L5,11
515233,FC2B,FC2B_C2_R,139763,FC2C,FC2C_C2_R,11
12449,EPG,EPG(PB08)_L5,26038,PFL3,PFL3(PB12c)_L5_C7,11
512513,EPG,EPG(PB08)_R1,35322,PFL3,PFL3(PB12c)_R1_C7,11
122167,FC2C,FC2C_C7_R,35322,PFL3,PFL3(PB12c)_R1_C7,11
56382,FC2A,FC2A_C6_L,35322,PFL3,PFL3(PB12c)_R1_C7,11
45343,FC2C,FC2C_C7_L,35322,PFL3,PFL3(PB12c)_R1_C7,11
524977,FC2C,FC2C_C3_L,26488,PFL3,PFL3(PB12c)_R5_C3,11
141430,FC2C,FC2C_C3_R,26488,PFL3,PFL3(PB12c)_R5_C3,11
103466,FC2B,FC2B_C2_L,26488,PFL3,PFL3(PB12c)_R5_C3,11
29674,FC2A,FC2A_C2_L,26488,PFL3,PFL3(PB12c)_R5_C3,11
521409,EPG,EPG(PB08)_L8,512513,EPG,EPG(PB08)_R1,11
137990,FC2B,FC2B_C3_L,523032,PFL3,PFL3(PB12c)_L2_C4,11
519328,EPG,EPG(PB08)_L3,530071,PFL3,PFL3(PB12c)_L3_C5,11
153441,FC2C,FC2C_C5_L,530071,PFL3,PFL3(PB12c)_L3_C5,11
124562,FC2C,FC2C_C5_L,530071,PFL3,PFL3(PB12c)_L3_C5,11
115674,FC2C,FC2C_C4_R,530071,PFL3,PFL3(PB12c)_L3_C5,11
108286,FC2C,FC2C_C7_R,18327,PFL3,PFL3(PB12c)_R2_C6,11
101011,FC2C,FC2C_C6_R,18327,PFL3,PFL3(PB12c)_R2_C6,11
68271,FC2B,FC2B_C7_L,18327,PFL3,PFL3(PB12c)_R2_C6,11
87630,FC2B,FC2B_C3_L,518375,PFL2,PFL2(PB12b)_R3_C3,11
74480,FC2C,FC2C_C9_R,519346,PFL3,PFL3(PB12c)_L7_C9,11
534662,FC2C,FC2C_C8_R,513032,PFL3,PFL3(PB12c)_L5_C7,11
533436,FC2C,FC2C_C7_L,513032,PFL3,PFL3(PB12c)_L5_C7,11
45343,FC2C,FC2C_C7_L,513032,PFL3,PFL3(PB12c)_L5_C7,11
10539,EPG,EPG(PB08)_R2,519144,EPG,EPG(PB08)_L8,11
529266,FC2C,FC2C_C2_L,17286,PFL3,PFL3(PB12c)_R1_C2_irreg,11
139763,FC2C,FC2C_C2_R,17286,PFL3,PFL3(PB12c)_R1_C2_irreg,11
119544,FC2C,FC2C_C6_L,13490,PFL2,PFL2(PB12b)_L1_C5,11
907675,GFC2,GFC2_R,803601,GFC2,GFC2_R,11
802799,GFC2,GFC2_R,803601,GFC2,GFC2_R,11
26488,PFL3,PFL3(PB12c)_R5_C3,519624,DNa03,DNa03_L,11
515233,FC2B,FC2B_C2_R,67361,FC2B,FC2B_C2_R,11
513517,EPG,EPG(PB08)_L4,519351,PFL3,PFL3(PB12c)_L4_C5,11
91537,FC2C,FC2C_C5_L,519351,PFL3,PFL3(PB12c)_L4_C5,11
803601,GFC2,GFC2_R,803025,GFC2,GFC2_R,11
519144,EPG,EPG(PB08)_L8,521409,EPG,EPG(PB08)_L8,11
74480,FC2C,FC2C_C9_R,19715,PFL2,PFL2(PB12b)_L4_C8,11
40179,FC2A,FC2A_C7_L,19715,PFL2,PFL2(PB12b)_L4_C8,11
14507,EPG,EPG(PB08)_R7,79549,PFL3,PFL3(PB12c)_R7_C1,11
236557,FC2C,FC2C_C3_R,13031,PFL2,PFL2(PB12b)_R3_C3,11
512514,EPG,EPG(PB08)_L1,511842,PFL2,PFL2(PB12b)_L2_C6,11
106495,FC2B,FC2B_C6_R,511842,PFL2,PFL2(PB12b)_L2_C6,11
101011,FC2C,FC2C_C6_R,511842,PFL2,PFL2(PB12b)_L2_C6,11
137990,FC2B,FC2B_C3_L,17000,PFL3,PFL3(PB12c)_L1_C3,11
16360,EPG,EPG(PB08)_L6,556347,EPG,EPG(PB08)_R4,11
531073,FC2C,FC2C_C9_R,18851,PFL3,PFL3(PB12c)_L1_C8_irreg,11
149740,FC2B,FC2B_C9_L,18851,PFL3,PFL3(PB12c)_L1_C8_irreg,11
124562,FC2C,FC2C_C5_L,567101,PFL3,PFL3(PB12c)_R3_C5,10
40768,EPGt,EPGt(PB09)_R9,513464,EPG,EPG(PB08)_R8,10
14507,EPG,EPG(PB08)_R7,524073,EPG,EPG(PB08)_L2,10
68502,FC2C,FC2C_C1_L,520811,PFL3,PFL3(PB12c)_R6_C2,10
15713,EPG,EPG(PB08)_L6,15616,EPG,EPG(PB08)_R3,10
10539,EPG,EPG(PB08)_R2,14727,EPG,EPG(PB08)_L7,10
518606,FC2A,FC2A_C8_L,11557,PFL2,PFL2(PB12b)_L3_C7,10
513464,EPG,EPG(PB08)_R8,515675,EPG,EPG(PB08)_R1,10
514126,EPG,EPG(PB08)_R5,518378,PFL3,PFL3(PB12c)_R5_C3,10
137990,FC2B,FC2B_C3_L,518378,PFL3,PFL3(PB12c)_R5_C3,10
513517,EPG,EPG(PB08)_L4,29836,PFL3,PFL3(PB12c)_L4_C6,10
518606,FC2A,FC2A_C8_L,26038,PFL3,PFL3(PB12c)_L5_C7,10
236557,FC2C,FC2C_C3_R,523032,PFL3,PFL3(PB12c)_L2_C4,10
170539,FC2A,FC2A_C4_R,530071,PFL3,PFL3(PB12c)_L3_C5,10
91537,FC2C,FC2C_C5_L,530071,PFL3,PFL3(PB12c)_L3_C5,10
68579,FC2C,FC2C_C5_R,530071,PFL3,PFL3(PB12c)_L3_C5,10
39538,FC2A,FC2A_C6_R,530071,PFL3,PFL3(PB12c)_L3_C5,10
512513,EPG,EPG(PB08)_R1,522853,PFL2,PFL2(PB12b)_R2_C4,10
89635,FC2B,FC2B_C3_R,522853,PFL2,PFL2(PB12b)_R2_C4,10
57591,EPGt,EPGt(PB09)_L9,543506,EPGt,EPGt(PB09)_L9,10
50885,FC2C,FC2C_C2_L,518375,PFL2,PFL2(PB12b)_R3_C3,10
122167,FC2C,FC2C_C7_R,513032,PFL3,PFL3(PB12c)_L5_C7,10
12449,EPG,EPG(PB08)_L5,513032,PFL3,PFL3(PB12c)_L5_C7,10
15713,EPG,EPG(PB08)_L6,11989,EPG,EPG(PB08)_L5,10
64270,FC2C,FC2C_C8_L,513034,PFL2,PFL2(PB12b)_L5_C9,10
530445,FC2B,FC2B_C6_L,13490,PFL2,PFL2(PB12b)_L1_C5,10
115261,FC2C,FC2C_C6_L,13490,PFL2,PFL2(PB12b)_L1_C5,10
56382,FC2A,FC2A_C6_L,13490,PFL2,PFL2(PB12b)_L1_C5,10
112888,FC2C,FC2C_C8_L,19009,PFL3,PFL3(PB12c)_L2_C9_irreg,10
802335,GFC2,GFC2_L,803601,GFC2,GFC2_R,10
556347,EPG,EPG(PB08)_R4,12449,EPG,EPG(PB08)_L5,10
520581,EPG,EPG(PB08)_R4,23159,PFL3,PFL3(PB12c)_R4_C4,10
127661,FC2C,FC2C_C6_R,519351,PFL3,PFL3(PB12c)_L4_C5,10
802335,GFC2,GFC2_L,802551,GFC2,GFC2_L,10
13490,PFL2,PFL2(PB12b)_L1_C5,19715,PFL2,PFL2(PB12b)_L4_C8,10
522853,PFL2,PFL2(PB12b)_R2_C4,13031,PFL2,PFL2(PB12b)_R3_C3,10
520818,EPG,EPG(PB08)_L4,11987,EPG,EPG(PB08)_R5,10
137299,FC2A,FC2A_C5_L,511842,PFL2,PFL2(PB12b)_L2_C6,10
15616,EPG,EPG(PB08)_R3,11874,EPG,EPG(PB08)_L7,10
140794,FC2C,FC2C_C3_R,17000,PFL3,PFL3(PB12c)_L1_C3,10
560327,FC2A,FC2A_C3_R,11673,PFL2,PFL2(PB12b)_R4_C2,10
513284,EPG,EPG(PB08)_R3,11673,PFL2,PFL2(PB12b)_R4_C2,10
92188,EPG,EPG(PB08)_R7,519941,EPG,EPG(PB08)_L3,10
12449,EPG,EPG(PB08)_L5,556347,EPG,EPG(PB08)_R4,10
55401,FC2A,FC2A_C9_R,18851,PFL3,PFL3(PB12c)_L1_C8_irreg,10
153558,FC2C,FC2C_C5_R,567101,PFL3,PFL3(PB12c)_R3_C5,9
91537,FC2C,FC2C_C5_L,567101,PFL3,PFL3(PB12c)_R3_C5,9
802335,GFC2,GFC2_L,802595,GFC2,GFC2_L,9
11874,EPG,EPG(PB08)_L7,513284,EPG,EPG(PB08)_R3,9
513464,EPG,EPG(PB08)_R8,524073,EPG,EPG(PB08)_L2,9
50431,FC2C,FC2C_C8_R,11557,PFL2,PFL2(PB12b)_L3_C7,9
519328,EPG,EPG(PB08)_L3,27492,PFL2,PFL2(PB12b)_L3_C7,9
115261,FC2C,FC2C_C6_L,27492,PFL2,PFL2(PB12b)_L3_C7,9
50431,FC2C,FC2C_C8_R,27492,PFL2,PFL2(PB12b)_L3_C7,9
12449,EPG,EPG(PB08)_L5,513517,EPG,EPG(PB08)_L4,9
529266,FC2C,FC2C_C2_L,518378,PFL3,PFL3(PB12c)_R5_C3,9
33356,FC2B,FC2B_C2_L,15210,PFL3,PFL3(PB12c)_R2_C1_irreg,9
512305,EPG,EPG(PB08)_R8,519140,EPG,EPG(PB08)_L1,9
40179,FC2A,FC2A_C7_L,17290,PFL3,PFL3(PB12c)_L6_C8,9
15210,PFL3,PFL3(PB12c)_R2_C1_irreg,29836,PFL3,PFL3(PB12c)_L4_C6,9
512514,EPG,EPG(PB08)_L1,40768,EPGt,EPGt(PB09)_R9,9
55630,EPGt,EPGt(PB09)_R9,40768,EPGt,EPGt(PB09)_R9,9
108286,FC2C,FC2C_C7_R,26038,PFL3,PFL3(PB12c)_L5_C7,9
44554,FC2B,FC2B_C8_R,26038,PFL3,PFL3(PB12c)_L5_C7,9
802595,GFC2,GFC2_L,802799,GFC2,GFC2_R,9
35277,FC2B,FC2B_C8_R,35322,PFL3,PFL3(PB12c)_R1_C7,9
122334,FC2C,FC2C_C7_L,18803,PFL3,PFL3(PB12c)_R1_C7,9
241046,FC2B,FC2B_C4_R,513266,PFL3,PFL3(PB12c)_R3_C5,9
141430,FC2C,FC2C_C3_R,523032,PFL3,PFL3(PB12c)_L2_C4,9
519144,EPG,EPG(PB08)_L8,10539,EPG,EPG(PB08)_R2,9
511842,PFL2,PFL2(PB12b)_L2_C6,522853,PFL2,PFL2(PB12b)_R2_C4,9
11503,EPG,EPG(PB08)_R8,521813,EPG,EPG(PB08)_L2,9
96384,FC2B,FC2B_C5_R,18327,PFL3,PFL3(PB12c)_R2_C6,9
520573,PFL2,PFL2(PB12b)_R5_C1,518375,PFL2,PFL2(PB12b)_R3_C3,9
513463,EPG,EPG(PB08)_R2,518375,PFL2,PFL2(PB12b)_R3_C3,9
550660,FC2C,FC2C_C7_R,513032,PFL3,PFL3(PB12c)_L5_C7,9
122334,FC2C,FC2C_C7_L,513032,PFL3,PFL3(PB12c)_L5_C7,9
107195,EPG,EPG(PB08)_L5,513032,PFL3,PFL3(PB12c)_L5_C7,9
97443,FC2B,FC2B_C8_L,513034,PFL2,PFL2(PB12b)_L5_C9,9
519346,PFL3,PFL3(PB12c)_L7_C9,17286,PFL3,PFL3(PB12c)_R1_C2_irreg,9
551404,FC2C,FC2C_C6_L,13490,PFL2,PFL2(PB12b)_L1_C5,9
19715,PFL2,PFL2(PB12b)_L4_C8,13490,PFL2,PFL2(PB12b)_L1_C5,9
520581,EPG,EPG(PB08)_R4,12449,EPG,EPG(PB08)_L5,9
556347,EPG,EPG(PB08)_R4,23159,PFL3,PFL3(PB12c)_R4_C4,9
520811,PFL3,PFL3(PB12c)_R6_C2,23159,PFL3,PFL3(PB12c)_R4_C4,9
153441,FC2C,FC2C_C5_L,519351,PFL3,PFL3(PB12c)_L4_C5,9
802335,GFC2,GFC2_L,803025,GFC2,GFC2_R,9
518606,FC2A,FC2A_C8_L,41559,FC2A,FC2A_C9_L,9
513463,EPG,EPG(PB08)_R2,513033,EPG,EPG(PB08)_L8,9
513520,EPG,EPG(PB08)_R6,514126,EPG,EPG(PB08)_R5,9
107195,EPG,EPG(PB08)_L5,514126,EPG,EPG(PB08)_R5,9
556347,EPG,EPG(PB08)_R4,16360,EPG,EPG(PB08)_L6,9
149740,FC2B,FC2B_C9_L,19715,PFL2,PFL2(PB12b)_L4_C8,9
151739,FC2C,FC2C_C2_R,79549,PFL3,PFL3(PB12c)_R7_C1,9
519140,EPG,EPG(PB08)_L1,14729,PFL2,PFL2(PB12b)_R1_C5,9
524977,FC2C,FC2C_C3_L,17000,PFL3,PFL3(PB12c)_L1_C3,9
140787,FC2B,FC2B_C1_L,11673,PFL2,PFL2(PB12b)_R4_C2,9
11307,EPG,EPG(PB08)_L4,519941,EPG,EPG(PB08)_L3,9
19125,EPG,EPG(PB08)_R5,556347,EPG,EPG(PB08)_R4,9
40179,FC2A,FC2A_C7_L,18851,PFL3,PFL3(PB12c)_L1_C8_irreg,9
519941,EPG,EPG(PB08)_L3,92188,EPG,EPG(PB08)_R7,8
55415,FC2B,FC2B_C1_R,520811,PFL3,PFL3(PB12c)_R6_C2,8
512513,EPG,EPG(PB08)_R1,512514,EPG,EPG(PB08)_L1,8
556346,EPG,EPG(PB08)_L6,14727,EPG,EPG(PB08)_L7,8
520573,PFL2,PFL2(PB12b)_R5_C1,27492,PFL2,PFL2(PB12b)_L3_C7,8
13490,PFL2,PFL2(PB12b)_L1_C5,27492,PFL2,PFL2(PB12b)_L3_C7,8
79204,FC2C,FC2C_C3_L,518378,PFL3,PFL3(PB12c)_R5_C3,8
149740,FC2B,FC2B_C9_L,17290,PFL3,PFL3(PB12c)_L6_C8,8
109752,FC2C,FC2C_C9_R,17290,PFL3,PFL3(PB12c)_L6_C8,8
50461,FC2B,FC2B_C9_R,17290,PFL3,PFL3(PB12c)_L6_C8,8
41559,FC2A,FC2A_C9_L,17290,PFL3,PFL3(PB12c)_L6_C8,8
96384,FC2B,FC2B_C5_R,29836,PFL3,PFL3(PB12c)_L4_C6,8
11987,EPG,EPG(PB08)_R5,107195,EPG,EPG(PB08)_L5,8
519328,EPG,EPG(PB08)_L3,513520,EPG,EPG(PB08)_R6,8
97443,FC2B,FC2B_C8_L,26038,PFL3,PFL3(PB12c)_L5_C7,8
107195,EPG,EPG(PB08)_L5,523786,EPG,EPG(PB08)_R4,8
12449,EPG,EPG(PB08)_L5,523786,EPG,EPG(PB08)_R4,8
518606,FC2A,FC2A_C8_L,35322,PFL3,PFL3(PB12c)_R1_C7,8
55401,FC2A,FC2A_C9_R,35322,PFL3,PFL3(PB12c)_R1_C7,8
241046,FC2B,FC2B_C4_R,26488,PFL3,PFL3(PB12c)_R5_C3,8
122167,FC2C,FC2C_C7_R,18803,PFL3,PFL3(PB12c)_R1_C7,8
29674,FC2A,FC2A_C2_L,520573,PFL2,PFL2(PB12b)_R5_C1,8
530071,PFL3,PFL3(PB12c)_L3_C5,523032,PFL3,PFL3(PB12c)_L2_C4,8
512513,EPG,EPG(PB08)_R1,10539,EPG,EPG(PB08)_R2,8
519140,EPG,EPG(PB08)_L1,522853,PFL2,PFL2(PB12b)_R2_C4,8
170539,FC2A,FC2A_C4_R,522853,PFL2,PFL2(PB12b)_R2_C4,8
141430,FC2C,FC2C_C3_R,522853,PFL2,PFL2(PB12b)_R2_C4,8
131273,FC2A,FC2A_C5_R,522853,PFL2,PFL2(PB12b)_R2_C4,8
519328,EPG,EPG(PB08)_L3,521813,EPG,EPG(PB08)_L2,8
550660,FC2C,FC2C_C7_R,18327,PFL3,PFL3(PB12c)_R2_C6,8
515675,EPG,EPG(PB08)_R1,543506,EPGt,EPGt(PB09)_L9,8
526406,FC2A,FC2A_C2_R,532704,FC2A,FC2A_C1_R,8
141430,FC2C,FC2C_C3_R,518375,PFL2,PFL2(PB12b)_R3_C3,8
140787,FC2B,FC2B_C1_L,108478,PFL3,PFL3(PB12c)_L1_C3,8
108286,FC2C,FC2C_C7_R,513032,PFL3,PFL3(PB12c)_L5_C7,8
11987,EPG,EPG(PB08)_R5,11989,EPG,EPG(PB08)_L5,8
119819,FC2C,FC2C_C8_L,513034,PFL2,PFL2(PB12b)_L5_C9,8
103466,FC2B,FC2B_C2_L,17286,PFL3,PFL3(PB12c)_R1_C2_irreg,8
14729,PFL2,PFL2(PB12b)_R1_C5,13490,PFL2,PFL2(PB12b)_L1_C5,8
11557,PFL2,PFL2(PB12b)_L3_C7,13490,PFL2,PFL2(PB12b)_L1_C5,8
35277,FC2B,FC2B_C8_R,19009,PFL3,PFL3(PB12c)_L2_C9_irreg,8
513032,PFL3,PFL3(PB12c)_L5_C7,10975,DNa03,DNa03_R,8
18803,PFL3,PFL3(PB12c)_R1_C7,23159,PFL3,PFL3(PB12c)_R4_C4,8
518378,PFL3,PFL3(PB12c)_R5_C3,519624,DNa03,DNa03_L,8
71855,FC2A,FC2A_C3_L,560327,FC2A,FC2A_C3_R,8
119544,FC2C,FC2C_C6_L,519351,PFL3,PFL3(PB12c)_L4_C5,8
11307,EPG,EPG(PB08)_L4,519351,PFL3,PFL3(PB12c)_L4_C5,8
513033,EPG,EPG(PB08)_L8,84758,EPG,EPG(PB08)_L7,8
84758,EPG,EPG(PB08)_L7,513033,EPG,EPG(PB08)_L8,8
519941,EPG,EPG(PB08)_L3,520818,EPG,EPG(PB08)_L4,8
131313,EPG,EPG(PB08)_R6,88342,EPG,EPG(PB08)_L3,8
512513,EPG,EPG(PB08)_R1,521409,EPG,EPG(PB08)_L8,8
512928,EPG,EPG(PB08)_R3,16360,EPG,EPG(PB08)_L6,8
513033,EPG,EPG(PB08)_L8,513463,EPG,EPG(PB08)_R2,8
522853,PFL2,PFL2(PB12b)_R2_C4,19715,PFL2,PFL2(PB12b)_L4_C8,8
57603,FC2C,FC2C_C9_L,19715,PFL2,PFL2(PB12b)_L4_C8,8
11557,PFL2,PFL2(PB12b)_L3_C7,19715,PFL2,PFL2(PB12b)_L4_C8,8
35322,PFL3,PFL3(PB12c)_R1_C7,79549,PFL3,PFL3(PB12c)_R7_C1,8
520573,PFL2,PFL2(PB12b)_R5_C1,13031,PFL2,PFL2(PB12b)_R3_C3,8
513034,PFL2,PFL2(PB12b)_L5_C9,13031,PFL2,PFL2(PB12b)_R3_C3,8
33356,FC2B,FC2B_C2_L,13031,PFL2,PFL2(PB12b)_R3_C3,8
29674,FC2A,FC2A_C2_L,13031,PFL2,PFL2(PB12b)_R3_C3,8
802799,GFC2,GFC2_R,802478,GFC2,GFC2_R,8
127661,FC2C,FC2C_C6_R,511842,PFL2,PFL2(PB12b)_L2_C6,8
34203,FC2B,FC2B_C1_R,11673,PFL2,PFL2(PB12b)_R4_C2,8
18327,PFL3,PFL3(PB12c)_R2_C6,18851,PFL3,PFL3(PB12c)_L1_C8_irreg,8
520811,PFL3,PFL3(PB12c)_R6_C2,567101,PFL3,PFL3(PB12c)_R3_C5,7
513266,PFL3,PFL3(PB12c)_R3_C5,567101,PFL3,PFL3(PB12c)_R3_C5,7
153441,FC2C,FC2C_C5_L,567101,PFL3,PFL3(PB12c)_R3_C5,7
45876,FC2A,FC2A_C7_R,39538,FC2A,FC2A_C6_R,7
88342,EPG,EPG(PB08)_L3,524073,EPG,EPG(PB08)_L2,7
537128,FC2C,FC2C_C1_L,520811,PFL3,PFL3(PB12c)_R6_C2,7
23159,PFL3,PFL3(PB12c)_R4_C4,520811,PFL3,PFL3(PB12c)_R6_C2,7
19825,EPG,EPG(PB08)_R6,11307,EPG,EPG(PB08)_L4,7
803601,GFC2,GFC2_R,802335,GFC2,GFC2_L,7
803025,GFC2,GFC2_R,802335,GFC2,GFC2_L,7
551404,FC2C,FC2C_C6_L,11557,PFL2,PFL2(PB12b)_L3_C7,7
119819,FC2C,FC2C_C8_L,11557,PFL2,PFL2(PB12b)_L3_C7,7
115261,FC2C,FC2C_C6_L,11557,PFL2,PFL2(PB12b)_L3_C7,7
35277,FC2B,FC2B_C8_R,11557,PFL2,PFL2(PB12b)_L3_C7,7
41559,FC2A,FC2A_C9_L,518606,FC2A,FC2A_C8_L,7
532704,FC2A,FC2A_C1_R,46169,FC2A,FC2A_C1_L,7
529266,FC2C,FC2C_C2_L,15210,PFL3,PFL3(PB12c)_R2_C1_irreg,7
519144,EPG,EPG(PB08)_L8,519140,EPG,EPG(PB08)_L1,7
13217,EPG,EPG(PB08)_L8,519140,EPG,EPG(PB08)_L1,7
519140,EPG,EPG(PB08)_L1,512305,EPG,EPG(PB08)_R8,7
57603,FC2C,FC2C_C9_L,17290,PFL3,PFL3(PB12c)_L6_C8,7
40179,FC2A,FC2A_C7_L,29836,PFL3,PFL3(PB12c)_L4_C6,7
514126,EPG,EPG(PB08)_R5,107195,EPG,EPG(PB08)_L5,7
802335,GFC2,GFC2_L,802599,GFC2,GFC2_L,7
907675,GFC2,GFC2_R,802799,GFC2,GFC2_R,7
803601,GFC2,GFC2_R,802799,GFC2,GFC2_R,7
15616,EPG,EPG(PB08)_R3,523786,EPG,EPG(PB08)_R4,7
79549,PFL3,PFL3(PB12c)_R7_C1,35322,PFL3,PFL3(PB12c)_R1_C7,7
529266,FC2C,FC2C_C2_L,26488,PFL3,PFL3(PB12c)_R5_C3,7
170539,FC2A,FC2A_C4_R,26488,PFL3,PFL3(PB12c)_R5_C3,7
27492,PFL2,PFL2(PB12b)_L3_C7,520573,PFL2,PFL2(PB12b)_R5_C1,7
17286,PFL3,PFL3(PB12c)_R1_C2_irreg,523032,PFL3,PFL3(PB12c)_L2_C4,7
66750,FC2C,FC2C_C4_R,530071,PFL3,PFL3(PB12c)_L3_C5,7
515675,EPG,EPG(PB08)_R1,10539,EPG,EPG(PB08)_R2,7
520573,PFL2,PFL2(PB12b)_R5_C1,522853,PFL2,PFL2(PB12b)_R2_C4,7
19715,PFL2,PFL2(PB12b)_L4_C8,522853,PFL2,PFL2(PB12b)_R2_C4,7
11673,PFL2,PFL2(PB12b)_R4_C2,522853,PFL2,PFL2(PB12b)_R2_C4,7
11557,PFL2,PFL2(PB12b)_L3_C7,522853,PFL2,PFL2(PB12b)_R2_C4,7
513517,EPG,EPG(PB08)_L4,19125,EPG,EPG(PB08)_R5,7
567101,PFL3,PFL3(PB12c)_R3_C5,18327,PFL3,PFL3(PB12c)_R2_C6,7
137299,FC2A,FC2A_C5_L,18327,PFL3,PFL3(PB12c)_R2_C6,7
45343,FC2C,FC2C_C7_L,18327,PFL3,PFL3(PB12c)_R2_C6,7
11307,EPG,EPG(PB08)_L4,19825,EPG,EPG(PB08)_R6,7
512513,EPG,EPG(PB08)_R1,543506,EPGt,EPGt(PB09)_L9,7
46169,FC2A,FC2A_C1_L,532704,FC2A,FC2A_C1_R,7
45876,FC2A,FC2A_C7_R,532704,FC2A,FC2A_C1_R,7
15616,EPG,EPG(PB08)_R3,518375,PFL2,PFL2(PB12b)_R3_C3,7
529266,FC2C,FC2C_C2_L,108478,PFL3,PFL3(PB12c)_L1_C3,7
79204,FC2C,FC2C_C3_L,108478,PFL3,PFL3(PB12c)_L1_C3,7
11989,EPG,EPG(PB08)_L5,513032,PFL3,PFL3(PB12c)_L5_C7,7
523032,PFL3,PFL3(PB12c)_L2_C4,17286,PFL3,PFL3(PB12c)_R1_C2_irreg,7
151739,FC2C,FC2C_C2_R,17286,PFL3,PFL3(PB12c)_R1_C2_irreg,7
16360,EPG,EPG(PB08)_L6,512928,EPG,EPG(PB08)_R3,7
10539,EPG,EPG(PB08)_R2,512928,EPG,EPG(PB08)_R3,7
515675,EPG,EPG(PB08)_R1,13490,PFL2,PFL2(PB12b)_L1_C5,7
567101,PFL3,PFL3(PB12c)_R3_C5,19009,PFL3,PFL3(PB12c)_L2_C9_irreg,7
534662,FC2C,FC2C_C8_R,19009,PFL3,PFL3(PB12c)_L2_C9_irreg,7
33382,FC2A,FC2A_C8_R,19009,PFL3,PFL3(PB12c)_L2_C9_irreg,7
18851,PFL3,PFL3(PB12c)_L1_C8_irreg,19009,PFL3,PFL3(PB12c)_L2_C9_irreg,7
523786,EPG,EPG(PB08)_R4,12449,EPG,EPG(PB08)_L5,7
39538,FC2A,FC2A_C6_R,560327,FC2A,FC2A_C3_R,7
106495,FC2B,FC2B_C6_R,101011,FC2C,FC2C_C6_R,7
55401,FC2A,FC2A_C9_R,41559,FC2A,FC2A_C9_L,7
543506,EPGt,EPGt(PB09)_L9,74326,FC2B,FC2B_C8_L,7
36201,FC2A,FC2A_C4_L,71855,FC2A,FC2A_C3_L,7
41559,FC2A,FC2A_C9_L,36201,FC2A,FC2A_C4_L,7
13217,EPG,EPG(PB08)_L8,84758,EPG,EPG(PB08)_L7,7
19825,EPG,EPG(PB08)_R6,88342,EPG,EPG(PB08)_L3,7
802595,GFC2,GFC2_L,802551,GFC2,GFC2_L,7
512928,EPG,EPG(PB08)_R3,513463,EPG,EPG(PB08)_R2,7
92188,EPG,EPG(PB08)_R7,520812,EPG,EPG(PB08)_R8,7
515233,FC2B,FC2B_C2_R,526406,FC2A,FC2A_C2_R,7
519328,EPG,EPG(PB08)_L3,19715,PFL2,PFL2(PB12b)_L4_C8,7
513034,PFL2,PFL2(PB12b)_L5_C9,19715,PFL2,PFL2(PB12b)_L4_C8,7
132482,FC2C,FC2C_C9_L,19715,PFL2,PFL2(PB12b)_L4_C8,7
122334,FC2C,FC2C_C7_L,19715,PFL2,PFL2(PB12b)_L4_C8,7
529992,FC2C,FC2C_C1_R,79549,PFL3,PFL3(PB12c)_R7_C1,7
29674,FC2A,FC2A_C2_L,79549,PFL3,PFL3(PB12c)_R7_C1,7
18327,PFL3,PFL3(PB12c)_R2_C6,79549,PFL3,PFL3(PB12c)_R7_C1,7
515675,EPG,EPG(PB08)_R1,57591,EPGt,EPGt(PB09)_L9,7
513284,EPG,EPG(PB08)_R3,520581,EPG,EPG(PB08)_R4,7
19125,EPG,EPG(PB08)_R5,520581,EPG,EPG(PB08)_R4,7
68271,FC2B,FC2B_C7_L,511842,PFL2,PFL2(PB12b)_L2_C6,7
522853,PFL2,PFL2(PB12b)_R2_C4,14729,PFL2,PFL2(PB12b)_R1_C5,7
546044,FC2C,FC2C_C3_R,17000,PFL3,PFL3(PB12c)_L1_C3,7
519140,EPG,EPG(PB08)_L1,17000,PFL3,PFL3(PB12c)_L1_C3,7
103466,FC2B,FC2B_C2_L,17000,PFL3,PFL3(PB12c)_L1_C3,7
522853,PFL2,PFL2(PB12b)_R2_C4,11673,PFL2,PFL2(PB12b)_R4_C2,7
89635,FC2B,FC2B_C3_R,11673,PFL2,PFL2(PB12b)_R4_C2,7
15616,EPG,EPG(PB08)_R3,11673,PFL2,PFL2(PB12b)_R4_C2,7
39538,FC2A,FC2A_C6_R,56382,FC2A,FC2A_C6_L,7
56905,FC2C,FC2C_C9_L,18851,PFL3,PFL3(PB12c)_L1_C8_irreg,7
139763,FC2C,FC2C_C2_R,51782,FC2C,FC2C_C2_R,6
520812,EPG,EPG(PB08)_R8,92188,EPG,EPG(PB08)_R7,6
79549,PFL3,PFL3(PB12c)_R7_C1,567101,PFL3,PFL3(PB12c)_R3_C5,6
68579,FC2C,FC2C_C5_R,567101,PFL3,PFL3(PB12c)_R3_C5,6
19009,PFL3,PFL3(PB12c)_L2_C9_irreg,567101,PFL3,PFL3(PB12c)_R3_C5,6
56382,FC2A,FC2A_C6_L,39538,FC2A,FC2A_C6_R,6
512513,EPG,EPG(PB08)_R1,513464,EPG,EPG(PB08)_R8,6
519140,EPG,EPG(PB08)_L1,524073,EPG,EPG(PB08)_L2,6
512514,EPG,EPG(PB08)_L1,524073,EPG,EPG(PB08)_L2,6
519941,EPG,EPG(PB08)_L3,521812,EPG,EPG(PB08)_R7,6
524073,EPG,EPG(PB08)_L2,512514,EPG,EPG(PB08)_L1,6
513463,EPG,EPG(PB08)_R2,13217,EPG,EPG(PB08)_L8,6
556347,EPG,EPG(PB08)_R4,15616,EPG,EPG(PB08)_R3,6
521409,EPG,EPG(PB08)_L8,14727,EPG,EPG(PB08)_L7,6
19715,PFL2,PFL2(PB12b)_L4_C8,11557,PFL2,PFL2(PB12b)_L3_C7,6
513033,EPG,EPG(PB08)_L8,515675,EPG,EPG(PB08)_R1,6
511842,PFL2,PFL2(PB12b)_L2_C6,27492,PFL2,PFL2(PB12b)_L3_C7,6
14729,PFL2,PFL2(PB12b)_R1_C5,27492,PFL2,PFL2(PB12b)_L3_C7,6
11557,PFL2,PFL2(PB12b)_L3_C7,27492,PFL2,PFL2(PB12b)_L3_C7,6
519941,EPG,EPG(PB08)_L3,513517,EPG,EPG(PB08)_L4,6
108286,FC2C,FC2C_C7_R,550660,FC2C,FC2C_C7_R,6
513032,PFL3,PFL3(PB12c)_L5_C7,15210,PFL3,PFL3(PB12c)_R2_C1_irreg,6
17290,PFL3,PFL3(PB12c)_L6_C8,15210,PFL3,PFL3(PB12c)_R2_C1_irreg,6
521812,EPG,EPG(PB08)_R7,519328,EPG,EPG(PB08)_L3,6
92188,EPG,EPG(PB08)_R7,519328,EPG,EPG(PB08)_L3,6
29836,PFL3,PFL3(PB12c)_L4_C6,17290,PFL3,PFL3(PB12c)_L6_C8,6
530071,PFL3,PFL3(PB12c)_L3_C5,29836,PFL3,PFL3(PB12c)_L4_C6,6
11987,EPG,EPG(PB08)_R5,513520,EPG,EPG(PB08)_R6,6
534662,FC2C,FC2C_C8_R,26038,PFL3,PFL3(PB12c)_L5_C7,6
530445,FC2B,FC2B_C6_L,26038,PFL3,PFL3(PB12c)_L5_C7,6
530445,FC2B,FC2B_C6_L,35322,PFL3,PFL3(PB12c)_R1_C7,6
140794,FC2C,FC2C_C3_R,26488,PFL3,PFL3(PB12c)_R5_C3,6
18803,PFL3,PFL3(PB12c)_R1_C7,26488,PFL3,PFL3(PB12c)_R5_C3,6
550660,FC2C,FC2C_C7_R,18803,PFL3,PFL3(PB12c)_R1_C7,6
518378,PFL3,PFL3(PB12c)_R5_C3,18803,PFL3,PFL3(PB12c)_R1_C7,6
513266,PFL3,PFL3(PB12c)_R3_C5,18803,PFL3,PFL3(PB12c)_R1_C7,6
56382,FC2A,FC2A_C6_L,18803,PFL3,PFL3(PB12c)_R1_C7,6
50431,FC2C,FC2C_C8_R,18803,PFL3,PFL3(PB12c)_R1_C7,6
139763,FC2C,FC2C_C2_R,520573,PFL2,PFL2(PB12b)_R5_C1,6
19715,PFL2,PFL2(PB12b)_L4_C8,520573,PFL2,PFL2(PB12b)_R5_C1,6
14729,PFL2,PFL2(PB12b)_R1_C5,520573,PFL2,PFL2(PB12b)_R5_C1,6
11673,PFL2,PFL2(PB12b)_R4_C2,520573,PFL2,PFL2(PB12b)_R5_C1,6
40768,EPGt,EPGt(PB09)_R9,512513,EPG,EPG(PB08)_R1,6
11503,EPG,EPG(PB08)_R8,512513,EPG,EPG(PB08)_R1,6
101011,FC2C,FC2C_C6_R,513266,PFL3,PFL3(PB12c)_R3_C5,6
140794,FC2C,FC2C_C3_R,523032,PFL3,PFL3(PB12c)_L2_C4,6
108478,PFL3,PFL3(PB12c)_L1_C3,523032,PFL3,PFL3(PB12c)_L2_C4,6
241046,FC2B,FC2B_C4_R,530071,PFL3,PFL3(PB12c)_L3_C5,6
15210,PFL3,PFL3(PB12c)_R2_C1_irreg,530071,PFL3,PFL3(PB12c)_L3_C5,6
560327,FC2A,FC2A_C3_R,522853,PFL2,PFL2(PB12b)_R2_C4,6
236557,FC2C,FC2C_C3_R,522853,PFL2,PFL2(PB12b)_R2_C4,6
11989,EPG,EPG(PB08)_L5,15713,EPG,EPG(PB08)_L6,6
513464,EPG,EPG(PB08)_R8,521813,EPG,EPG(PB08)_L2,6
520818,EPG,EPG(PB08)_L4,19125,EPG,EPG(PB08)_R5,6
122167,FC2C,FC2C_C7_R,18327,PFL3,PFL3(PB12c)_R2_C6,6
519140,EPG,EPG(PB08)_L1,543506,EPGt,EPGt(PB09)_L9,6
524977,FC2C,FC2C_C3_L,518375,PFL2,PFL2(PB12b)_R3_C3,6
13031,PFL2,PFL2(PB12b)_R3_C3,518375,PFL2,PFL2(PB12b)_R3_C3,6
108478,PFL3,PFL3(PB12c)_L1_C3,519346,PFL3,PFL3(PB12c)_L7_C9,6
64270,FC2C,FC2C_C8_L,519346,PFL3,PFL3(PB12c)_L7_C9,6
33382,FC2A,FC2A_C8_R,519346,PFL3,PFL3(PB12c)_L7_C9,6
515233,FC2B,FC2B_C2_R,108478,PFL3,PFL3(PB12c)_L1_C3,6
523032,PFL3,PFL3(PB12c)_L2_C4,513032,PFL3,PFL3(PB12c)_L5_C7,6
511842,PFL2,PFL2(PB12b)_L2_C6,513034,PFL2,PFL2(PB12b)_L5_C9,6
530071,PFL3,PFL3(PB12c)_L3_C5,17286,PFL3,PFL3(PB12c)_R1_C2_irreg,6
55415,FC2B,FC2B_C1_R,17286,PFL3,PFL3(PB12c)_R1_C2_irreg,6
513463,EPG,EPG(PB08)_R2,512928,EPG,EPG(PB08)_R3,6
522853,PFL2,PFL2(PB12b)_R2_C4,13490,PFL2,PFL2(PB12b)_L1_C5,6
11673,PFL2,PFL2(PB12b)_R4_C2,13490,PFL2,PFL2(PB12b)_L1_C5,6
23159,PFL3,PFL3(PB12c)_R4_C4,19009,PFL3,PFL3(PB12c)_L2_C9_irreg,6
18327,PFL3,PFL3(PB12c)_R2_C6,19009,PFL3,PFL3(PB12c)_L2_C9_irreg,6
802599,GFC2,GFC2_L,803601,GFC2,GFC2_R,6
802551,GFC2,GFC2_L,803601,GFC2,GFC2_R,6
556346,EPG,EPG(PB08)_L6,12449,EPG,EPG(PB08)_L5,6
141430,FC2C,FC2C_C3_R,23159,PFL3,PFL3(PB12c)_R4_C4,6
137990,FC2B,FC2B_C3_L,23159,PFL3,PFL3(PB12c)_R4_C4,6
532704,FC2A,FC2A_C1_R,560327,FC2A,FC2A_C3_R,6
39538,FC2A,FC2A_C6_R,45876,FC2A,FC2A_C7_R,6
530445,FC2B,FC2B_C6_L,519351,PFL3,PFL3(PB12c)_L4_C5,6
519328,EPG,EPG(PB08)_L3,519351,PFL3,PFL3(PB12c)_L4_C5,6
131273,FC2A,FC2A_C5_R,519351,PFL3,PFL3(PB12c)_L4_C5,6
85400,FC2B,FC2B_C7_R,519351,PFL3,PFL3(PB12c)_L4_C5,6
36201,FC2A,FC2A_C4_L,137299,FC2A,FC2A_C5_L,6
149740,FC2B,FC2B_C9_L,41559,FC2A,FC2A_C9_L,6
36201,FC2A,FC2A_C4_L,40179,FC2A,FC2A_C7_L,6
802478,GFC2,GFC2_R,907675,GFC2,GFC2_R,6
23159,PFL3,PFL3(PB12c)_R4_C4,36201,FC2A,FC2A_C4_L,6
15616,EPG,EPG(PB08)_R3,84758,EPG,EPG(PB08)_L7,6
543506,EPGt,EPGt(PB09)_L9,513033,EPG,EPG(PB08)_L8,6
524073,EPG,EPG(PB08)_L2,520818,EPG,EPG(PB08)_L4,6
519328,EPG,EPG(PB08)_L3,520818,EPG,EPG(PB08)_L4,6
16360,EPG,EPG(PB08)_L6,520818,EPG,EPG(PB08)_L4,6
11987,EPG,EPG(PB08)_R5,520818,EPG,EPG(PB08)_L4,6
903232,GFC2,GFC2_L,802551,GFC2,GFC2_L,6
13217,EPG,EPG(PB08)_L8,513463,EPG,EPG(PB08)_R2,6
532704,FC2A,FC2A_C1_R,526406,FC2A,FC2A_C2_R,6
27492,PFL2,PFL2(PB12b)_L3_C7,19715,PFL2,PFL2(PB12b)_L4_C8,6
11989,EPG,EPG(PB08)_L5,19715,PFL2,PFL2(PB12b)_L4_C8,6
567101,PFL3,PFL3(PB12c)_R3_C5,79549,PFL3,PFL3(PB12c)_R7_C1,6
67361,FC2B,FC2B_C2_R,79549,PFL3,PFL3(PB12c)_R7_C1,6
51782,FC2C,FC2C_C2_R,79549,PFL3,PFL3(PB12c)_R7_C1,6
19009,PFL3,PFL3(PB12c)_L2_C9_irreg,79549,PFL3,PFL3(PB12c)_R7_C1,6
18803,PFL3,PFL3(PB12c)_R1_C7,79549,PFL3,PFL3(PB12c)_R7_C1,6
519140,EPG,EPG(PB08)_L1,57591,EPGt,EPGt(PB09)_L9,6
526406,FC2A,FC2A_C2_R,13031,PFL2,PFL2(PB12b)_R3_C3,6
519358,FC2B,FC2B_C4_R,13031,PFL2,PFL2(PB12b)_R3_C3,6
27492,PFL2,PFL2(PB12b)_L3_C7,13031,PFL2,PFL2(PB12b)_R3_C3,6
15616,EPG,EPG(PB08)_R3,520581,EPG,EPG(PB08)_R4,6
11989,EPG,EPG(PB08)_L5,11987,EPG,EPG(PB08)_R5,6
520573,PFL2,PFL2(PB12b)_R5_C1,511842,PFL2,PFL2(PB12b)_L2_C6,6
27492,PFL2,PFL2(PB12b)_L3_C7,511842,PFL2,PFL2(PB12b)_L2_C6,6
14729,PFL2,PFL2(PB12b)_R1_C5,511842,PFL2,PFL2(PB12b)_L2_C6,6
518375,PFL2,PFL2(PB12b)_R3_C3,14729,PFL2,PFL2(PB12b)_R1_C5,6
511842,PFL2,PFL2(PB12b)_L2_C6,14729,PFL2,PFL2(PB12b)_R1_C5,6
148830,FC2C,FC2C_C5_R,14729,PFL2,PFL2(PB12b)_R1_C5,6
39538,FC2A,FC2A_C6_R,14729,PFL2,PFL2(PB12b)_R1_C5,6
13490,PFL2,PFL2(PB12b)_L1_C5,14729,PFL2,PFL2(PB12b)_R1_C5,6
11673,PFL2,PFL2(PB12b)_R4_C2,14729,PFL2,PFL2(PB12b)_R1_C5,6
524073,EPG,EPG(PB08)_L2,14507,EPG,EPG(PB08)_R7,6
521812,EPG,EPG(PB08)_R7,519941,EPG,EPG(PB08)_L3,6
519140,EPG,EPG(PB08)_L1,55630,EPGt,EPGt(PB09)_R9,6
74480,FC2C,FC2C_C9_R,18851,PFL3,PFL3(PB12c)_L1_C8_irreg,6
57603,FC2C,FC2C_C9_L,18851,PFL3,PFL3(PB12c)_L1_C8_irreg,6
19009,PFL3,PFL3(PB12c)_L2_C9_irreg,18851,PFL3,PFL3(PB12c)_L1_C8_irreg,6
18803,PFL3,PFL3(PB12c)_R1_C7,567101,PFL3,PFL3(PB12c)_R3_C5,5
526406,FC2A,FC2A_C2_R,39538,FC2A,FC2A_C6_R,5
137299,FC2A,FC2A_C5_L,39538,FC2A,FC2A_C6_R,5
903232,GFC2,GFC2_L,802595,GFC2,GFC2_L,5
39538,FC2A,FC2A_C6_R,55401,FC2A,FC2A_C9_R,5
567101,PFL3,PFL3(PB12c)_R3_C5,520811,PFL3,PFL3(PB12c)_R6_C2,5
66750,FC2C,FC2C_C4_R,115674,FC2C,FC2C_C4_R,5
519140,EPG,EPG(PB08)_L1,13217,EPG,EPG(PB08)_L8,5
41559,FC2A,FC2A_C9_L,149740,FC2B,FC2B_C9_L,5
522853,PFL2,PFL2(PB12b)_R2_C4,11557,PFL2,PFL2(PB12b)_L3_C7,5
109752,FC2C,FC2C_C9_R,11557,PFL2,PFL2(PB12b)_L3_C7,5
74480,FC2C,FC2C_C9_R,11557,PFL2,PFL2(PB12b)_L3_C7,5
11503,EPG,EPG(PB08)_R8,515675,EPG,EPG(PB08)_R1,5
56382,FC2A,FC2A_C6_L,29674,FC2A,FC2A_C2_L,5
107195,EPG,EPG(PB08)_L5,513517,EPG,EPG(PB08)_L4,5
56382,FC2A,FC2A_C6_L,518606,FC2A,FC2A_C8_L,5
36201,FC2A,FC2A_C4_L,518606,FC2A,FC2A_C8_L,5
518606,FC2A,FC2A_C8_L,46169,FC2A,FC2A_C1_L,5
530071,PFL3,PFL3(PB12c)_L3_C5,15210,PFL3,PFL3(PB12c)_R2_C1_irreg,5
512513,EPG,EPG(PB08)_R1,15210,PFL3,PFL3(PB12c)_R2_C1_irreg,5
139763,FC2C,FC2C_C2_R,15210,PFL3,PFL3(PB12c)_R2_C1_irreg,5
108478,PFL3,PFL3(PB12c)_L1_C3,15210,PFL3,PFL3(PB12c)_R2_C1_irreg,5
17286,PFL3,PFL3(PB12c)_R1_C2_irreg,15210,PFL3,PFL3(PB12c)_R2_C1_irreg,5
519140,EPG,EPG(PB08)_L1,519328,EPG,EPG(PB08)_L3,5
512514,EPG,EPG(PB08)_L1,512305,EPG,EPG(PB08)_R8,5
14727,EPG,EPG(PB08)_L7,556346,EPG,EPG(PB08)_L6,5
534662,FC2C,FC2C_C8_R,17290,PFL3,PFL3(PB12c)_L6_C8,5
108478,PFL3,PFL3(PB12c)_L1_C3,17290,PFL3,PFL3(PB12c)_L6_C8,5
17286,PFL3,PFL3(PB12c)_R1_C2_irreg,17290,PFL3,PFL3(PB12c)_L6_C8,5
11989,EPG,EPG(PB08)_L5,17290,PFL3,PFL3(PB12c)_L6_C8,5
550660,FC2C,FC2C_C7_R,29836,PFL3,PFL3(PB12c)_L4_C6,5
88342,EPG,EPG(PB08)_L3,29836,PFL3,PFL3(PB12c)_L4_C6,5
515675,EPG,EPG(PB08)_R1,40768,EPGt,EPGt(PB09)_R9,5
513464,EPG,EPG(PB08)_R8,40768,EPGt,EPGt(PB09)_R9,5
802595,GFC2,GFC2_L,802599,GFC2,GFC2_L,5
88342,EPG,EPG(PB08)_L3,513520,EPG,EPG(PB08)_R6,5
115261,FC2C,FC2C_C6_L,26038,PFL3,PFL3(PB12c)_L5_C7,5
107195,EPG,EPG(PB08)_L5,26038,PFL3,PFL3(PB12c)_L5_C7,5
17290,PFL3,PFL3(PB12c)_L6_C8,26038,PFL3,PFL3(PB12c)_L5_C7,5
803025,GFC2,GFC2_R,802799,GFC2,GFC2_R,5
802335,GFC2,GFC2_L,802799,GFC2,GFC2_R,5
567101,PFL3,PFL3(PB12c)_R3_C5,35322,PFL3,PFL3(PB12c)_R1_C7,5
534662,FC2C,FC2C_C8_R,35322,PFL3,PFL3(PB12c)_R1_C7,5
18327,PFL3,PFL3(PB12c)_R2_C6,35322,PFL3,PFL3(PB12c)_R1_C7,5
79549,PFL3,PFL3(PB12c)_R7_C1,26488,PFL3,PFL3(PB12c)_R5_C3,5
112888,FC2C,FC2C_C8_L,18803,PFL3,PFL3(PB12c)_R1_C7,5
13490,PFL2,PFL2(PB12b)_L1_C5,520573,PFL2,PFL2(PB12b)_R5_C1,5
11557,PFL2,PFL2(PB12b)_L3_C7,520573,PFL2,PFL2(PB12b)_R5_C1,5
10539,EPG,EPG(PB08)_R2,512513,EPG,EPG(PB08)_R1,5
567101,PFL3,PFL3(PB12c)_R3_C5,513266,PFL3,PFL3(PB12c)_R3_C5,5
523786,EPG,EPG(PB08)_R4,513266,PFL3,PFL3(PB12c)_R3_C5,5
520581,EPG,EPG(PB08)_R4,513266,PFL3,PFL3(PB12c)_R3_C5,5
513284,EPG,EPG(PB08)_R3,513266,PFL3,PFL3(PB12c)_R3_C5,5
170539,FC2A,FC2A_C4_R,513266,PFL3,PFL3(PB12c)_R3_C5,5
39538,FC2A,FC2A_C6_R,513266,PFL3,PFL3(PB12c)_R3_C5,5
513032,PFL3,PFL3(PB12c)_L5_C7,523032,PFL3,PFL3(PB12c)_L2_C4,5
103466,FC2B,FC2B_C2_L,523032,PFL3,PFL3(PB12c)_L2_C4,5
29674,FC2A,FC2A_C2_L,523032,PFL3,PFL3(PB12c)_L2_C4,5
23159,PFL3,PFL3(PB12c)_R4_C4,523032,PFL3,PFL3(PB12c)_L2_C4,5
15210,PFL3,PFL3(PB12c)_R2_C1_irreg,523032,PFL3,PFL3(PB12c)_L2_C4,5
519346,PFL3,PFL3(PB12c)_L7_C9,530071,PFL3,PFL3(PB12c)_L3_C5,5
107195,EPG,EPG(PB08)_L5,15713,EPG,EPG(PB08)_L6,5
92188,EPG,EPG(PB08)_R7,131313,EPG,EPG(PB08)_R6,5
520811,PFL3,PFL3(PB12c)_R6_C2,18327,PFL3,PFL3(PB12c)_R2_C6,5
40179,FC2A,FC2A_C7_L,18327,PFL3,PFL3(PB12c)_R2_C6,5
88342,EPG,EPG(PB08)_L3,19825,EPG,EPG(PB08)_R6,5
55401,FC2A,FC2A_C9_R,532704,FC2A,FC2A_C1_R,5
40179,FC2A,FC2A_C7_L,33382,FC2A,FC2A_C8_R,5
511842,PFL2,PFL2(PB12b)_L2_C6,518375,PFL2,PFL2(PB12b)_R3_C3,5
33356,FC2B,FC2B_C2_L,518375,PFL2,PFL2(PB12b)_R3_C3,5
29674,FC2A,FC2A_C2_L,518375,PFL2,PFL2(PB12b)_R3_C3,5
19715,PFL2,PFL2(PB12b)_L4_C8,518375,PFL2,PFL2(PB12b)_R3_C3,5
519358,FC2B,FC2B_C4_R,241046,FC2B,FC2B_C4_R,5
546044,FC2C,FC2C_C3_R,108478,PFL3,PFL3(PB12c)_L1_C3,5
236557,FC2C,FC2C_C3_R,108478,PFL3,PFL3(PB12c)_L1_C3,5
17286,PFL3,PFL3(PB12c)_R1_C2_irreg,108478,PFL3,PFL3(PB12c)_L1_C3,5
17000,PFL3,PFL3(PB12c)_L1_C3,108478,PFL3,PFL3(PB12c)_L1_C3,5
119819,FC2C,FC2C_C8_L,112888,FC2C,FC2C_C8_L,5
531073,FC2C,FC2C_C9_R,56905,FC2C,FC2C_C9_L,5
519140,EPG,EPG(PB08)_L1,519144,EPG,EPG(PB08)_L8,5
19125,EPG,EPG(PB08)_R5,11989,EPG,EPG(PB08)_L5,5
16360,EPG,EPG(PB08)_L6,11989,EPG,EPG(PB08)_L5,5
522853,PFL2,PFL2(PB12b)_R2_C4,513034,PFL2,PFL2(PB12b)_L5_C9,5
520573,PFL2,PFL2(PB12b)_R5_C1,513034,PFL2,PFL2(PB12b)_L5_C9,5
13490,PFL2,PFL2(PB12b)_L1_C5,513034,PFL2,PFL2(PB12b)_L5_C9,5
13031,PFL2,PFL2(PB12b)_R3_C3,513034,PFL2,PFL2(PB12b)_L5_C9,5
802595,GFC2,GFC2_L,903232,GFC2,GFC2_L,5
802551,GFC2,GFC2_L,903232,GFC2,GFC2_L,5
560327,FC2A,FC2A_C3_R,17286,PFL3,PFL3(PB12c)_R1_C2_irreg,5
519140,EPG,EPG(PB08)_L1,17286,PFL3,PFL3(PB12c)_R1_C2_irreg,5
89635,FC2B,FC2B_C3_R,17286,PFL3,PFL3(PB12c)_R1_C2_irreg,5
518375,PFL2,PFL2(PB12b)_R3_C3,13490,PFL2,PFL2(PB12b)_L1_C5,5
36201,FC2A,FC2A_C4_L,13490,PFL2,PFL2(PB12b)_L1_C5,5
27492,PFL2,PFL2(PB12b)_L3_C7,13490,PFL2,PFL2(PB12b)_L1_C5,5
15713,EPG,EPG(PB08)_L6,12449,EPG,EPG(PB08)_L5,5
11307,EPG,EPG(PB08)_L4,12449,EPG,EPG(PB08)_L5,5
513266,PFL3,PFL3(PB12c)_R3_C5,23159,PFL3,PFL3(PB12c)_R4_C4,5
18851,PFL3,PFL3(PB12c)_L1_C8_irreg,23159,PFL3,PFL3(PB12c)_R4_C4,5
526406,FC2A,FC2A_C2_R,560327,FC2A,FC2A_C3_R,5
29674,FC2A,FC2A_C2_L,560327,FC2A,FC2A_C3_R,5
115261,FC2C,FC2C_C6_L,519351,PFL3,PFL3(PB12c)_L4_C5,5
88342,EPG,EPG(PB08)_L3,519351,PFL3,PFL3(PB12c)_L4_C5,5
17000,PFL3,PFL3(PB12c)_L1_C3,519351,PFL3,PFL3(PB12c)_L4_C5,5
131273,FC2A,FC2A_C5_R,137299,FC2A,FC2A_C5_L,5
46169,FC2A,FC2A_C1_L,137299,FC2A,FC2A_C5_L,5
802799,GFC2,GFC2_R,803025,GFC2,GFC2_R,5
36201,FC2A,FC2A_C4_L,41559,FC2A,FC2A_C9_L,5
518606,FC2A,FC2A_C8_L,40179,FC2A,FC2A_C7_L,5
56382,FC2A,FC2A_C6_L,40179,FC2A,FC2A_C7_L,5
802799,GFC2,GFC2_R,907675,GFC2,GFC2_R,5
519144,EPG,EPG(PB08)_L8,84758,EPG,EPG(PB08)_L7,5
13217,EPG,EPG(PB08)_L8,520818,EPG,EPG(PB08)_L4,5
12449,EPG,EPG(PB08)_L5,520818,EPG,EPG(PB08)_L4,5
12449,EPG,EPG(PB08)_L5,16360,EPG,EPG(PB08)_L6,5
519144,EPG,EPG(PB08)_L8,513463,EPG,EPG(PB08)_R2,5
560327,FC2A,FC2A_C3_R,526406,FC2A,FC2A_C2_R,5
45876,FC2A,FC2A_C7_R,526406,FC2A,FC2A_C2_R,5
39538,FC2A,FC2A_C6_R,526406,FC2A,FC2A_C2_R,5
33356,FC2B,FC2B_C2_L,526406,FC2A,FC2A_C2_R,5
513520,EPG,EPG(PB08)_R6,79549,PFL3,PFL3(PB12c)_R7_C1,5
518375,PFL2,PFL2(PB12b)_R3_C3,13031,PFL2,PFL2(PB12b)_R3_C3,5
903232,GFC2,GFC2_L,802478,GFC2,GFC2_R,5
522853,PFL2,PFL2(PB12b)_R2_C4,511842,PFL2,PFL2(PB12b)_L2_C6,5
148830,FC2C,FC2C_C5_R,511842,PFL2,PFL2(PB12b)_L2_C6,5
124562,FC2C,FC2C_C5_L,511842,PFL2,PFL2(PB12b)_L2_C6,5
45343,FC2C,FC2C_C7_L,511842,PFL2,PFL2(PB12b)_L2_C6,5
40179,FC2A,FC2A_C7_L,511842,PFL2,PFL2(PB12b)_L2_C6,5
11673,PFL2,PFL2(PB12b)_R4_C2,511842,PFL2,PFL2(PB12b)_L2_C6,5
13217,EPG,EPG(PB08)_L8,11874,EPG,EPG(PB08)_L7,5
512514,EPG,EPG(PB08)_L1,14729,PFL2,PFL2(PB12b)_R1_C5,5
67741,FC2B,FC2B_C6_R,14729,PFL2,PFL2(PB12b)_R1_C5,5
27492,PFL2,PFL2(PB12b)_L3_C7,14729,PFL2,PFL2(PB12b)_R1_C5,5
13031,PFL2,PFL2(PB12b)_R3_C3,14729,PFL2,PFL2(PB12b)_R1_C5,5
551404,FC2C,FC2C_C6_L,119544,FC2C,FC2C_C6_L,5
523032,PFL3,PFL3(PB12c)_L2_C4,17000,PFL3,PFL3(PB12c)_L1_C3,5
519351,PFL3,PFL3(PB12c)_L4_C5,17000,PFL3,PFL3(PB12c)_L1_C3,5
236557,FC2C,FC2C_C3_R,17000,PFL3,PFL3(PB12c)_L1_C3,5
170539,FC2A,FC2A_C4_R,17000,PFL3,PFL3(PB12c)_L1_C3,5
29674,FC2A,FC2A_C2_L,17000,PFL3,PFL3(PB12c)_L1_C3,5
513034,PFL2,PFL2(PB12b)_L5_C9,11673,PFL2,PFL2(PB12b)_R4_C2,5
27492,PFL2,PFL2(PB12b)_L3_C7,11673,PFL2,PFL2(PB12b)_R4_C2,5
51782,FC2C,FC2C_C2_R,529266,FC2C,FC2C_C2_L,5
60670,FC2C,FC2C_C1_R,68502,FC2C,FC2C_C1_L,5
556346,EPG,EPG(PB08)_L6,556347,EPG,EPG(PB08)_R4,5
11987,EPG,EPG(PB08)_R5,556347,EPG,EPG(PB08)_R4,5
515675,EPG,EPG(PB08)_R1,55630,EPGt,EPGt(PB09)_R9,5
567101,PFL3,PFL3(PB12c)_R3_C5,18851,PFL3,PFL3(PB12c)_L1_C8_irreg,5
518378,PFL3,PFL3(PB12c)_R5_C3,18851,PFL3,PFL3(PB12c)_L1_C8_irreg,5
519328,EPG,EPG(PB08)_L3,92188,EPG,EPG(PB08)_R7,4
513464,EPG,EPG(PB08)_R8,92188,EPG,EPG(PB08)_R7,4
18327,PFL3,PFL3(PB12c)_R2_C6,567101,PFL3,PFL3(PB12c)_R3_C5,4
67741,FC2B,FC2B_C6_R,39538,FC2A,FC2A_C6_R,4
532704,FC2A,FC2A_C1_R,55401,FC2A,FC2A_C9_R,4
44554,FC2B,FC2B_C8_R,55401,FC2A,FC2A_C9_R,4
92188,EPG,EPG(PB08)_R7,513464,EPG,EPG(PB08)_R8,4
11307,EPG,EPG(PB08)_L4,524073,EPG,EPG(PB08)_L2,4
560327,FC2A,FC2A_C3_R,520811,PFL3,PFL3(PB12c)_R6_C2,4
514126,EPG,EPG(PB08)_R5,520811,PFL3,PFL3(PB12c)_R6_C2,4
513266,PFL3,PFL3(PB12c)_R3_C5,520811,PFL3,PFL3(PB12c)_R6_C2,4
89635,FC2B,FC2B_C3_R,520811,PFL3,PFL3(PB12c)_R6_C2,4
79549,PFL3,PFL3(PB12c)_R7_C1,520811,PFL3,PFL3(PB12c)_R6_C2,4
18851,PFL3,PFL3(PB12c)_L1_C8_irreg,520811,PFL3,PFL3(PB12c)_R6_C2,4
23159,PFL3,PFL3(PB12c)_R4_C4,11307,EPG,EPG(PB08)_L4,4
139763,FC2C,FC2C_C2_R,50885,FC2C,FC2C_C2_L,4
95713,FC2C,FC2C_C4_L,50885,FC2C,FC2C_C2_L,4
97443,FC2B,FC2B_C8_L,149740,FC2B,FC2B_C9_L,4
515675,EPG,EPG(PB08)_R1,15616,EPG,EPG(PB08)_R3,4
16360,EPG,EPG(PB08)_L6,14727,EPG,EPG(PB08)_L7,4
531073,FC2C,FC2C_C9_R,11557,PFL2,PFL2(PB12b)_L3_C7,4
518375,PFL2,PFL2(PB12b)_R3_C3,11557,PFL2,PFL2(PB12b)_L3_C7,4
132482,FC2C,FC2C_C9_L,11557,PFL2,PFL2(PB12b)_L3_C7,4
119544,FC2C,FC2C_C6_L,11557,PFL2,PFL2(PB12b)_L3_C7,4
521409,EPG,EPG(PB08)_L8,515675,EPG,EPG(PB08)_R1,4
524073,EPG,EPG(PB08)_L2,27492,PFL2,PFL2(PB12b)_L3_C7,4
518375,PFL2,PFL2(PB12b)_R3_C3,27492,PFL2,PFL2(PB12b)_L3_C7,4
35277,FC2B,FC2B_C8_R,27492,PFL2,PFL2(PB12b)_L3_C7,4
560327,FC2A,FC2A_C3_R,29674,FC2A,FC2A_C2_L,4
137299,FC2A,FC2A_C5_L,518606,FC2A,FC2A_C8_L,4
40179,FC2A,FC2A_C7_L,46169,FC2A,FC2A_C1_L,4
29674,FC2A,FC2A_C2_L,46169,FC2A,FC2A_C1_L,4
139763,FC2C,FC2C_C2_R,518378,PFL3,PFL3(PB12c)_R5_C3,4
87630,FC2B,FC2B_C3_L,518378,PFL3,PFL3(PB12c)_R5_C3,4
33356,FC2B,FC2B_C2_L,518378,PFL3,PFL3(PB12c)_R5_C3,4
519351,PFL3,PFL3(PB12c)_L4_C5,15210,PFL3,PFL3(PB12c)_R2_C1_irreg,4
29674,FC2A,FC2A_C2_L,15210,PFL3,PFL3(PB12c)_R2_C1_irreg,4
521813,EPG,EPG(PB08)_L2,519328,EPG,EPG(PB08)_L3,4
107195,EPG,EPG(PB08)_L5,519328,EPG,EPG(PB08)_L3,4
11307,EPG,EPG(PB08)_L4,519328,EPG,EPG(PB08)_L3,4
521812,EPG,EPG(PB08)_R7,512305,EPG,EPG(PB08)_R8,4
556347,EPG,EPG(PB08)_R4,556346,EPG,EPG(PB08)_L6,4
531073,FC2C,FC2C_C9_R,17290,PFL3,PFL3(PB12c)_L6_C8,4
17000,PFL3,PFL3(PB12c)_L1_C3,17290,PFL3,PFL3(PB12c)_L6_C8,4
15210,PFL3,PFL3(PB12c)_R2_C1_irreg,17290,PFL3,PFL3(PB12c)_L6_C8,4
513032,PFL3,PFL3(PB12c)_L5_C7,29836,PFL3,PFL3(PB12c)_L4_C6,4
148830,FC2C,FC2C_C5_R,29836,PFL3,PFL3(PB12c)_L4_C6,4
124562,FC2C,FC2C_C5_L,29836,PFL3,PFL3(PB12c)_L4_C6,4
513517,EPG,EPG(PB08)_L4,107195,EPG,EPG(PB08)_L5,4
530071,PFL3,PFL3(PB12c)_L3_C5,26038,PFL3,PFL3(PB12c)_L5_C7,4
513032,PFL3,PFL3(PB12c)_L5_C7,26038,PFL3,PFL3(PB12c)_L5_C7,4
17000,PFL3,PFL3(PB12c)_L1_C3,26038,PFL3,PFL3(PB12c)_L5_C7,4
802478,GFC2,GFC2_R,802799,GFC2,GFC2_R,4
33356,FC2B,FC2B_C2_L,103466,FC2B,FC2B_C2_L,4
520811,PFL3,PFL3(PB12c)_R6_C2,35322,PFL3,PFL3(PB12c)_R1_C7,4
519140,EPG,EPG(PB08)_L1,35322,PFL3,PFL3(PB12c)_R1_C7,4
513266,PFL3,PFL3(PB12c)_R3_C5,35322,PFL3,PFL3(PB12c)_R1_C7,4
89635,FC2B,FC2B_C3_R,106495,FC2B,FC2B_C6_R,4
67741,FC2B,FC2B_C6_R,106495,FC2B,FC2B_C6_R,4
567101,PFL3,PFL3(PB12c)_R3_C5,26488,PFL3,PFL3(PB12c)_R5_C3,4
513266,PFL3,PFL3(PB12c)_R3_C5,26488,PFL3,PFL3(PB12c)_R5_C3,4
36201,FC2A,FC2A_C4_L,26488,PFL3,PFL3(PB12c)_R5_C3,4
33356,FC2B,FC2B_C2_L,26488,PFL3,PFL3(PB12c)_R5_C3,4
74326,FC2B,FC2B_C8_L,18803,PFL3,PFL3(PB12c)_R1_C7,4
26488,PFL3,PFL3(PB12c)_R5_C3,18803,PFL3,PFL3(PB12c)_R1_C7,4
530445,FC2B,FC2B_C6_L,140787,FC2B,FC2B_C1_L,4
46169,FC2A,FC2A_C1_L,140787,FC2B,FC2B_C1_L,4
139763,FC2C,FC2C_C2_R,515233,FC2B,FC2B_C2_R,4
522853,PFL2,PFL2(PB12b)_R2_C4,520573,PFL2,PFL2(PB12b)_R5_C1,4
50885,FC2C,FC2C_C2_L,520573,PFL2,PFL2(PB12b)_R5_C1,4
13031,PFL2,PFL2(PB12b)_R3_C3,520573,PFL2,PFL2(PB12b)_R5_C1,4
520812,EPG,EPG(PB08)_R8,512513,EPG,EPG(PB08)_R1,4
513464,EPG,EPG(PB08)_R8,512513,EPG,EPG(PB08)_R1,4
19125,EPG,EPG(PB08)_R5,512513,EPG,EPG(PB08)_R1,4
87630,FC2B,FC2B_C3_L,513266,PFL3,PFL3(PB12c)_R3_C5,4
18327,PFL3,PFL3(PB12c)_R2_C6,513266,PFL3,PFL3(PB12c)_R3_C5,4
15616,EPG,EPG(PB08)_R3,513266,PFL3,PFL3(PB12c)_R3_C5,4
560327,FC2A,FC2A_C3_R,523032,PFL3,PFL3(PB12c)_L2_C4,4
512514,EPG,EPG(PB08)_L1,523032,PFL3,PFL3(PB12c)_L2_C4,4
131273,FC2A,FC2A_C5_R,523032,PFL3,PFL3(PB12c)_L2_C4,4
17290,PFL3,PFL3(PB12c)_L6_C8,523032,PFL3,PFL3(PB12c)_L2_C4,4
92188,EPG,EPG(PB08)_R7,11503,EPG,EPG(PB08)_R8,4
523032,PFL3,PFL3(PB12c)_L2_C4,530071,PFL3,PFL3(PB12c)_L3_C5,4
26038,PFL3,PFL3(PB12c)_L5_C7,530071,PFL3,PFL3(PB12c)_L3_C5,4
17000,PFL3,PFL3(PB12c)_L1_C3,530071,PFL3,PFL3(PB12c)_L3_C5,4
533436,FC2C,FC2C_C7_L,91537,FC2C,FC2C_C5_L,4
106495,FC2B,FC2B_C6_R,91537,FC2C,FC2C_C5_L,4
518375,PFL2,PFL2(PB12b)_R3_C3,522853,PFL2,PFL2(PB12b)_R2_C4,4
140794,FC2C,FC2C_C3_R,522853,PFL2,PFL2(PB12b)_R2_C4,4
14729,PFL2,PFL2(PB12b)_R1_C5,522853,PFL2,PFL2(PB12b)_R2_C4,4
88342,EPG,EPG(PB08)_L3,131313,EPG,EPG(PB08)_R6,4
14507,EPG,EPG(PB08)_R7,131313,EPG,EPG(PB08)_R6,4
148830,FC2C,FC2C_C5_R,18327,PFL3,PFL3(PB12c)_R2_C6,4
18851,PFL3,PFL3(PB12c)_L1_C8_irreg,18327,PFL3,PFL3(PB12c)_R2_C6,4
521812,EPG,EPG(PB08)_R7,19825,EPG,EPG(PB08)_R6,4
514126,EPG,EPG(PB08)_R5,19825,EPG,EPG(PB08)_R6,4
513517,EPG,EPG(PB08)_L4,19825,EPG,EPG(PB08)_R6,4
14507,EPG,EPG(PB08)_R7,19825,EPG,EPG(PB08)_R6,4
560327,FC2A,FC2A_C3_R,532704,FC2A,FC2A_C1_R,4
40768,EPGt,EPGt(PB09)_R9,532704,FC2A,FC2A_C1_R,4
55401,FC2A,FC2A_C9_R,33382,FC2A,FC2A_C8_R,4
115674,FC2C,FC2C_C4_R,66750,FC2C,FC2C_C4_R,4
74326,FC2B,FC2B_C8_L,119819,FC2C,FC2C_C8_L,4
519358,FC2B,FC2B_C4_R,518375,PFL2,PFL2(PB12b)_R3_C3,4
236557,FC2C,FC2C_C3_R,518375,PFL2,PFL2(PB12b)_R3_C3,4
170539,FC2A,FC2A_C4_R,518375,PFL2,PFL2(PB12b)_R3_C3,4
139763,FC2C,FC2C_C2_R,518375,PFL2,PFL2(PB12b)_R3_C3,4
27492,PFL2,PFL2(PB12b)_L3_C7,518375,PFL2,PFL2(PB12b)_R3_C3,4
14729,PFL2,PFL2(PB12b)_R1_C5,518375,PFL2,PFL2(PB12b)_R3_C3,4
11557,PFL2,PFL2(PB12b)_L3_C7,518375,PFL2,PFL2(PB12b)_R3_C3,4
122334,FC2C,FC2C_C7_L,519346,PFL3,PFL3(PB12c)_L7_C9,4
112888,FC2C,FC2C_C8_L,519346,PFL3,PFL3(PB12c)_L7_C9,4
44554,FC2B,FC2B_C8_R,519346,PFL3,PFL3(PB12c)_L7_C9,4
26038,PFL3,PFL3(PB12c)_L5_C7,519346,PFL3,PFL3(PB12c)_L7_C9,4
530071,PFL3,PFL3(PB12c)_L3_C5,108478,PFL3,PFL3(PB12c)_L1_C3,4
519351,PFL3,PFL3(PB12c)_L4_C5,108478,PFL3,PFL3(PB12c)_L1_C3,4
519346,PFL3,PFL3(PB12c)_L7_C9,108478,PFL3,PFL3(PB12c)_L1_C3,4
29836,PFL3,PFL3(PB12c)_L4_C6,108478,PFL3,PFL3(PB12c)_L1_C3,4
15210,PFL3,PFL3(PB12c)_R2_C1_irreg,108478,PFL3,PFL3(PB12c)_L1_C3,4
74326,FC2B,FC2B_C8_L,513032,PFL3,PFL3(PB12c)_L5_C7,4
44554,FC2B,FC2B_C8_R,513032,PFL3,PFL3(PB12c)_L5_C7,4
530445,FC2B,FC2B_C6_L,551404,FC2C,FC2C_C6_L,4
514126,EPG,EPG(PB08)_R5,11989,EPG,EPG(PB08)_L5,4
518375,PFL2,PFL2(PB12b)_R3_C3,513034,PFL2,PFL2(PB12b)_L5_C9,4
27492,PFL2,PFL2(PB12b)_L3_C7,513034,PFL2,PFL2(PB12b)_L5_C9,4
19715,PFL2,PFL2(PB12b)_L4_C8,513034,PFL2,PFL2(PB12b)_L5_C9,4
11673,PFL2,PFL2(PB12b)_R4_C2,513034,PFL2,PFL2(PB12b)_L5_C9,4
802599,GFC2,GFC2_L,903232,GFC2,GFC2_L,4
802335,GFC2,GFC2_L,903232,GFC2,GFC2_L,4
533436,FC2C,FC2C_C7_L,45343,FC2C,FC2C_C7_L,4
529992,FC2C,FC2C_C1_R,17286,PFL3,PFL3(PB12c)_R1_C2_irreg,4
519351,PFL3,PFL3(PB12c)_L4_C5,17286,PFL3,PFL3(PB12c)_R1_C2_irreg,4
68502,FC2C,FC2C_C1_L,17286,PFL3,PFL3(PB12c)_R1_C2_irreg,4
29836,PFL3,PFL3(PB12c)_L4_C6,17286,PFL3,PFL3(PB12c)_R1_C2_irreg,4
520573,PFL2,PFL2(PB12b)_R5_C1,13490,PFL2,PFL2(PB12b)_L1_C5,4
513034,PFL2,PFL2(PB12b)_L5_C9,13490,PFL2,PFL2(PB12b)_L1_C5,4
512513,EPG,EPG(PB08)_R1,13490,PFL2,PFL2(PB12b)_L1_C5,4
85400,FC2B,FC2B_C7_R,13490,PFL2,PFL2(PB12b)_L1_C5,4
79549,PFL3,PFL3(PB12c)_R7_C1,19009,PFL3,PFL3(PB12c)_L2_C9_irreg,4
50431,FC2C,FC2C_C8_R,19009,PFL3,PFL3(PB12c)_L2_C9_irreg,4
35322,PFL3,PFL3(PB12c)_R1_C7,19009,PFL3,PFL3(PB12c)_L2_C9_irreg,4
520818,EPG,EPG(PB08)_L4,12449,EPG,EPG(PB08)_L5,4
513520,EPG,EPG(PB08)_R6,12449,EPG,EPG(PB08)_L5,4
567101,PFL3,PFL3(PB12c)_R3_C5,23159,PFL3,PFL3(PB12c)_R4_C4,4
546044,FC2C,FC2C_C3_R,23159,PFL3,PFL3(PB12c)_R4_C4,4
131273,FC2A,FC2A_C5_R,23159,PFL3,PFL3(PB12c)_R4_C4,4
89635,FC2B,FC2B_C3_R,23159,PFL3,PFL3(PB12c)_R4_C4,4
523769,DNa02,DNa02_L,519624,DNa03,DNa03_L,4
524977,FC2C,FC2C_C3_L,560327,FC2A,FC2A_C3_R,4
34203,FC2B,FC2B_C1_R,560327,FC2A,FC2A_C3_R,4
532704,FC2A,FC2A_C1_R,45876,FC2A,FC2A_C7_R,4
85400,FC2B,FC2B_C7_R,45876,FC2A,FC2A_C7_R,4
56382,FC2A,FC2A_C6_L,45876,FC2A,FC2A_C7_R,4
40179,FC2A,FC2A_C7_L,45876,FC2A,FC2A_C7_R,4
551404,FC2C,FC2C_C6_L,519351,PFL3,PFL3(PB12c)_L4_C5,4
153558,FC2C,FC2C_C5_R,519351,PFL3,PFL3(PB12c)_L4_C5,4
56382,FC2A,FC2A_C6_L,519351,PFL3,PFL3(PB12c)_L4_C5,4
127661,FC2C,FC2C_C6_R,101011,FC2C,FC2C_C6_R,4
95713,FC2C,FC2C_C4_L,137990,FC2B,FC2B_C3_L,4
87630,FC2B,FC2B_C3_L,137990,FC2B,FC2B_C3_L,4
79204,FC2C,FC2C_C3_L,137990,FC2B,FC2B_C3_L,4
137299,FC2A,FC2A_C5_L,71855,FC2A,FC2A_C3_L,4
41559,FC2A,FC2A_C9_L,71855,FC2A,FC2A_C3_L,4
29674,FC2A,FC2A_C2_L,71855,FC2A,FC2A_C3_L,4
802335,GFC2,GFC2_L,907675,GFC2,GFC2_R,4
35277,FC2B,FC2B_C8_R,68271,FC2B,FC2B_C7_L,4
518606,FC2A,FC2A_C8_L,36201,FC2A,FC2A_C4_L,4
71855,FC2A,FC2A_C3_L,36201,FC2A,FC2A_C4_L,4
46169,FC2A,FC2A_C1_L,36201,FC2A,FC2A_C4_L,4
45876,FC2A,FC2A_C7_R,85400,FC2B,FC2B_C7_R,4
513284,EPG,EPG(PB08)_R3,84758,EPG,EPG(PB08)_L7,4
524073,EPG,EPG(PB08)_L2,513033,EPG,EPG(PB08)_L8,4
14727,EPG,EPG(PB08)_L7,513033,EPG,EPG(PB08)_L8,4
50885,FC2C,FC2C_C2_L,537128,FC2C,FC2C_C1_L,4
19825,EPG,EPG(PB08)_R6,514126,EPG,EPG(PB08)_R5,4
521409,EPG,EPG(PB08)_L8,520818,EPG,EPG(PB08)_L4,4
29674,FC2A,FC2A_C2_L,526406,FC2A,FC2A_C2_R,4
531073,FC2C,FC2C_C9_R,19715,PFL2,PFL2(PB12b)_L4_C8,4
520573,PFL2,PFL2(PB12b)_R5_C1,19715,PFL2,PFL2(PB12b)_L4_C8,4
519941,EPG,EPG(PB08)_L3,19715,PFL2,PFL2(PB12b)_L4_C8,4
50461,FC2B,FC2B_C9_R,19715,PFL2,PFL2(PB12b)_L4_C8,4
18851,PFL3,PFL3(PB12c)_L1_C8_irreg,79549,PFL3,PFL3(PB12c)_R7_C1,4
519144,EPG,EPG(PB08)_L8,57591,EPGt,EPGt(PB09)_L9,4
524977,FC2C,FC2C_C3_L,13031,PFL2,PFL2(PB12b)_R3_C3,4
515233,FC2B,FC2B_C2_R,13031,PFL2,PFL2(PB12b)_R3_C3,4
139763,FC2C,FC2C_C2_R,13031,PFL2,PFL2(PB12b)_R3_C3,4
515675,EPG,EPG(PB08)_R1,511842,PFL2,PFL2(PB12b)_L2_C6,4
513034,PFL2,PFL2(PB12b)_L5_C9,511842,PFL2,PFL2(PB12b)_L2_C6,4
35277,FC2B,FC2B_C8_R,511842,PFL2,PFL2(PB12b)_L2_C6,4
550660,FC2C,FC2C_C7_R,108286,FC2C,FC2C_C7_R,4
513284,EPG,EPG(PB08)_R3,11874,EPG,EPG(PB08)_L7,4
122334,FC2C,FC2C_C7_L,11874,EPG,EPG(PB08)_L7,4
137990,FC2B,FC2B_C3_L,14729,PFL2,PFL2(PB12b)_R1_C5,4
529266,FC2C,FC2C_C2_L,17000,PFL3,PFL3(PB12c)_L1_C3,4
66750,FC2C,FC2C_C4_R,17000,PFL3,PFL3(PB12c)_L1_C3,4
29836,PFL3,PFL3(PB12c)_L4_C6,17000,PFL3,PFL3(PB12c)_L1_C3,4
17290,PFL3,PFL3(PB12c)_L6_C8,17000,PFL3,PFL3(PB12c)_L1_C3,4
17286,PFL3,PFL3(PB12c)_R1_C2_irreg,17000,PFL3,PFL3(PB12c)_L1_C3,4
520573,PFL2,PFL2(PB12b)_R5_C1,11673,PFL2,PFL2(PB12b)_R4_C2,4
14729,PFL2,PFL2(PB12b)_R1_C5,11673,PFL2,PFL2(PB12b)_R4_C2,4
533436,FC2C,FC2C_C7_L,57603,FC2C,FC2C_C9_L,4
50461,FC2B,FC2B_C9_R,57603,FC2C,FC2C_C9_L,4
520818,EPG,EPG(PB08)_L4,519941,EPG,EPG(PB08)_L3,4
519140,EPG,EPG(PB08)_L1,519941,EPG,EPG(PB08)_L3,4
45876,FC2A,FC2A_C7_R,56382,FC2A,FC2A_C6_L,4
520811,PFL3,PFL3(PB12c)_R6_C2,18851,PFL3,PFL3(PB12c)_L1_C8_irreg,4
79549,PFL3,PFL3(PB12c)_R7_C1,18851,PFL3,PFL3(PB12c)_L1_C8_irreg,4
26488,PFL3,PFL3(PB12c)_R5_C3,18851,PFL3,PFL3(PB12c)_L1_C8_irreg,4
23159,PFL3,PFL3(PB12c)_R4_C4,18851,PFL3,PFL3(PB12c)_L1_C8_irreg,4
534662,FC2C,FC2C_C8_R,51782,FC2C,FC2C_C2_R,3
529266,FC2C,FC2C_C2_L,51782,FC2C,FC2C_C2_R,3
109752,FC2C,FC2C_C9_R,51782,FC2C,FC2C_C2_R,3
551404,FC2C,FC2C_C6_L,567101,PFL3,PFL3(PB12c)_R3_C5,3
115261,FC2C,FC2C_C6_L,567101,PFL3,PFL3(PB12c)_R3_C5,3
26488,PFL3,PFL3(PB12c)_R5_C3,567101,PFL3,PFL3(PB12c)_R3_C5,3
23159,PFL3,PFL3(PB12c)_R4_C4,567101,PFL3,PFL3(PB12c)_R3_C5,3
55401,FC2A,FC2A_C9_R,39538,FC2A,FC2A_C6_R,3
803025,GFC2,GFC2_R,802595,GFC2,GFC2_L,3
802551,GFC2,GFC2_L,802595,GFC2,GFC2_L,3
802478,GFC2,GFC2_R,802595,GFC2,GFC2_L,3
87630,FC2B,FC2B_C3_L,524977,FC2C,FC2C_C3_L,3
106495,FC2B,FC2B_C6_R,124562,FC2C,FC2C_C5_L,3
556347,EPG,EPG(PB08)_R4,513284,EPG,EPG(PB08)_R3,3
84758,EPG,EPG(PB08)_L7,513284,EPG,EPG(PB08)_R3,3
60670,FC2C,FC2C_C1_R,529992,FC2C,FC2C_C1_R,3
55415,FC2B,FC2B_C1_R,529992,FC2C,FC2C_C1_R,3
51782,FC2C,FC2C_C2_R,529992,FC2C,FC2C_C1_R,3
526406,FC2A,FC2A_C2_R,33356,FC2B,FC2B_C2_L,3
103466,FC2B,FC2B_C2_L,33356,FC2B,FC2B_C2_L,3
33382,FC2A,FC2A_C8_R,55401,FC2A,FC2A_C9_R,3
521813,EPG,EPG(PB08)_L2,513464,EPG,EPG(PB08)_R8,3
519144,EPG,EPG(PB08)_L8,513464,EPG,EPG(PB08)_R8,3
519328,EPG,EPG(PB08)_L3,524073,EPG,EPG(PB08)_L2,3
35322,PFL3,PFL3(PB12c)_R1_C7,520811,PFL3,PFL3(PB12c)_R6_C2,3
19125,EPG,EPG(PB08)_R5,520811,PFL3,PFL3(PB12c)_R6_C2,3
19009,PFL3,PFL3(PB12c)_L2_C9_irreg,520811,PFL3,PFL3(PB12c)_R6_C2,3
524073,EPG,EPG(PB08)_L2,11307,EPG,EPG(PB08)_L4,3
519328,EPG,EPG(PB08)_L3,11307,EPG,EPG(PB08)_L4,3
107195,EPG,EPG(PB08)_L5,11307,EPG,EPG(PB08)_L4,3
14727,EPG,EPG(PB08)_L7,11307,EPG,EPG(PB08)_L4,3
13217,EPG,EPG(PB08)_L8,11307,EPG,EPG(PB08)_L4,3
512305,EPG,EPG(PB08)_R8,521812,EPG,EPG(PB08)_R7,3
68502,FC2C,FC2C_C1_L,50885,FC2C,FC2C_C2_L,3
519358,FC2B,FC2B_C4_R,115674,FC2C,FC2C_C4_R,3
141430,FC2C,FC2C_C3_R,115674,FC2C,FC2C_C4_R,3
51782,FC2C,FC2C_C2_R,115674,FC2C,FC2C_C4_R,3
16360,EPG,EPG(PB08)_L6,512514,EPG,EPG(PB08)_L1,3
33382,FC2A,FC2A_C8_R,44554,FC2B,FC2B_C8_R,3
84758,EPG,EPG(PB08)_L7,13217,EPG,EPG(PB08)_L8,3
11874,EPG,EPG(PB08)_L7,13217,EPG,EPG(PB08)_L8,3
550660,FC2C,FC2C_C7_R,148830,FC2C,FC2C_C5_R,3
140794,FC2C,FC2C_C3_R,148830,FC2C,FC2C_C5_R,3
521409,EPG,EPG(PB08)_L8,15616,EPG,EPG(PB08)_R3,3
513033,EPG,EPG(PB08)_L8,14727,EPG,EPG(PB08)_L7,3
520573,PFL2,PFL2(PB12b)_R5_C1,11557,PFL2,PFL2(PB12b)_L3_C7,3
112888,FC2C,FC2C_C8_L,11557,PFL2,PFL2(PB12b)_L3_C7,3
97443,FC2B,FC2B_C8_L,11557,PFL2,PFL2(PB12b)_L3_C7,3
14729,PFL2,PFL2(PB12b)_R1_C5,11557,PFL2,PFL2(PB12b)_L3_C7,3
13490,PFL2,PFL2(PB12b)_L1_C5,11557,PFL2,PFL2(PB12b)_L3_C7,3
13031,PFL2,PFL2(PB12b)_R3_C3,11557,PFL2,PFL2(PB12b)_L3_C7,3
11673,PFL2,PFL2(PB12b)_R4_C2,11557,PFL2,PFL2(PB12b)_L3_C7,3
514126,EPG,EPG(PB08)_R5,515675,EPG,EPG(PB08)_R1,3
15616,EPG,EPG(PB08)_R3,515675,EPG,EPG(PB08)_R1,3
103466,FC2B,FC2B_C2_L,89635,FC2B,FC2B_C3_R,3
534662,FC2C,FC2C_C8_R,74480,FC2C,FC2C_C9_R,3
531073,FC2C,FC2C_C9_R,74480,FC2C,FC2C_C9_R,3
148830,FC2C,FC2C_C5_R,74480,FC2C,FC2C_C9_R,3
551404,FC2C,FC2C_C6_L,27492,PFL2,PFL2(PB12b)_L3_C7,3
522853,PFL2,PFL2(PB12b)_R2_C4,27492,PFL2,PFL2(PB12b)_L3_C7,3
119544,FC2C,FC2C_C6_L,27492,PFL2,PFL2(PB12b)_L3_C7,3
112888,FC2C,FC2C_C8_L,27492,PFL2,PFL2(PB12b)_L3_C7,3
19715,PFL2,PFL2(PB12b)_L4_C8,27492,PFL2,PFL2(PB12b)_L3_C7,3
107690,FC2B,FC2B_C4_L,95713,FC2C,FC2C_C4_L,3
515233,FC2B,FC2B_C2_R,29674,FC2A,FC2A_C2_L,3
41559,FC2A,FC2A_C9_L,29674,FC2A,FC2A_C2_L,3
33356,FC2B,FC2B_C2_L,29674,FC2A,FC2A_C2_L,3
520581,EPG,EPG(PB08)_R4,513517,EPG,EPG(PB08)_L4,3
519328,EPG,EPG(PB08)_L3,513517,EPG,EPG(PB08)_L4,3
131313,EPG,EPG(PB08)_R6,513517,EPG,EPG(PB08)_L4,3
149740,FC2B,FC2B_C9_L,518606,FC2A,FC2A_C8_L,3
97443,FC2B,FC2B_C8_L,518606,FC2A,FC2A_C8_L,3
71855,FC2A,FC2A_C3_L,518606,FC2A,FC2A_C8_L,3
33382,FC2A,FC2A_C8_R,518606,FC2A,FC2A_C8_L,3
29674,FC2A,FC2A_C2_L,518606,FC2A,FC2A_C8_L,3
119544,FC2C,FC2C_C6_L,550660,FC2C,FC2C_C7_R,3
68579,FC2C,FC2C_C5_R,550660,FC2C,FC2C_C7_R,3
515233,FC2B,FC2B_C2_R,34203,FC2B,FC2B_C1_R,3
60670,FC2C,FC2C_C1_R,34203,FC2B,FC2B_C1_R,3
140787,FC2B,FC2B_C1_L,46169,FC2A,FC2A_C1_L,3
567101,PFL3,PFL3(PB12c)_R3_C5,518378,PFL3,PFL3(PB12c)_R5_C3,3
520811,PFL3,PFL3(PB12c)_R6_C2,518378,PFL3,PFL3(PB12c)_R5_C3,3
519358,FC2B,FC2B_C4_R,518378,PFL3,PFL3(PB12c)_R5_C3,3
51782,FC2C,FC2C_C2_R,518378,PFL3,PFL3(PB12c)_R5_C3,3
18851,PFL3,PFL3(PB12c)_L1_C8_irreg,518378,PFL3,PFL3(PB12c)_R5_C3,3
18803,PFL3,PFL3(PB12c)_R1_C7,518378,PFL3,PFL3(PB12c)_R5_C3,3
50885,FC2C,FC2C_C2_L,15210,PFL3,PFL3(PB12c)_R2_C1_irreg,3
29836,PFL3,PFL3(PB12c)_L4_C6,15210,PFL3,PFL3(PB12c)_R2_C1_irreg,3
84758,EPG,EPG(PB08)_L7,519140,EPG,EPG(PB08)_L1,3
14727,EPG,EPG(PB08)_L7,519140,EPG,EPG(PB08)_L1,3
12449,EPG,EPG(PB08)_L5,519328,EPG,EPG(PB08)_L3,3
236557,FC2C,FC2C_C3_R,141430,FC2C,FC2C_C3_R,3
530071,PFL3,PFL3(PB12c)_L3_C5,17290,PFL3,PFL3(PB12c)_L6_C8,3
519351,PFL3,PFL3(PB12c)_L4_C5,17290,PFL3,PFL3(PB12c)_L6_C8,3
26038,PFL3,PFL3(PB12c)_L5_C7,17290,PFL3,PFL3(PB12c)_L6_C8,3
534662,FC2C,FC2C_C8_R,50461,FC2B,FC2B_C9_R,3
96384,FC2B,FC2B_C5_R,50461,FC2B,FC2B_C9_R,3
41559,FC2A,FC2A_C9_L,50461,FC2B,FC2B_C9_R,3
74326,FC2B,FC2B_C8_L,64270,FC2C,FC2C_C8_L,3
68271,FC2B,FC2B_C7_L,29836,PFL3,PFL3(PB12c)_L4_C6,3
17286,PFL3,PFL3(PB12c)_R1_C2_irreg,29836,PFL3,PFL3(PB12c)_L4_C6,3
520812,EPG,EPG(PB08)_R8,40768,EPGt,EPGt(PB09)_R9,3
519328,EPG,EPG(PB08)_L3,107195,EPG,EPG(PB08)_L5,3
519358,FC2B,FC2B_C4_R,513520,EPG,EPG(PB08)_R6,3
512305,EPG,EPG(PB08)_R8,513520,EPG,EPG(PB08)_R6,3
241046,FC2B,FC2B_C4_R,513520,EPG,EPG(PB08)_R6,3
119819,FC2C,FC2C_C8_L,35322,PFL3,PFL3(PB12c)_R1_C7,3
109752,FC2C,FC2C_C9_R,35322,PFL3,PFL3(PB12c)_R1_C7,3
101011,FC2C,FC2C_C6_R,106495,FC2B,FC2B_C6_R,3
51782,FC2C,FC2C_C2_R,106495,FC2B,FC2B_C6_R,3
546044,FC2C,FC2C_C3_R,26488,PFL3,PFL3(PB12c)_R5_C3,3
99820,FC2B,FC2B_C4_L,26488,PFL3,PFL3(PB12c)_R5_C3,3
50885,FC2C,FC2C_C2_L,26488,PFL3,PFL3(PB12c)_R5_C3,3
19009,PFL3,PFL3(PB12c)_L2_C9_irreg,26488,PFL3,PFL3(PB12c)_R5_C3,3
567101,PFL3,PFL3(PB12c)_R3_C5,18803,PFL3,PFL3(PB12c)_R1_C7,3
530445,FC2B,FC2B_C6_L,18803,PFL3,PFL3(PB12c)_R1_C7,3
119819,FC2C,FC2C_C8_L,18803,PFL3,PFL3(PB12c)_R1_C7,3
108286,FC2C,FC2C_C7_R,18803,PFL3,PFL3(PB12c)_R1_C7,3
97443,FC2B,FC2B_C8_L,18803,PFL3,PFL3(PB12c)_R1_C7,3
79549,PFL3,PFL3(PB12c)_R7_C1,18803,PFL3,PFL3(PB12c)_R1_C7,3
18851,PFL3,PFL3(PB12c)_L1_C8_irreg,18803,PFL3,PFL3(PB12c)_R1_C7,3
33356,FC2B,FC2B_C2_L,140787,FC2B,FC2B_C1_L,3
550660,FC2C,FC2C_C7_R,122167,FC2C,FC2C_C7_R,3
85400,FC2B,FC2B_C7_R,122167,FC2C,FC2C_C7_R,3
513034,PFL2,PFL2(PB12b)_L5_C9,520573,PFL2,PFL2(PB12b)_R5_C1,3
511842,PFL2,PFL2(PB12b)_L2_C6,520573,PFL2,PFL2(PB12b)_R5_C1,3
33356,FC2B,FC2B_C2_L,520573,PFL2,PFL2(PB12b)_R5_C1,3
513463,EPG,EPG(PB08)_R2,512513,EPG,EPG(PB08)_R1,3
513284,EPG,EPG(PB08)_R3,512513,EPG,EPG(PB08)_R1,3
520811,PFL3,PFL3(PB12c)_R6_C2,513266,PFL3,PFL3(PB12c)_R3_C5,3
67741,FC2B,FC2B_C6_R,513266,PFL3,PFL3(PB12c)_R3_C5,3
35322,PFL3,PFL3(PB12c)_R1_C7,513266,PFL3,PFL3(PB12c)_R3_C5,3
19009,PFL3,PFL3(PB12c)_L2_C9_irreg,513266,PFL3,PFL3(PB12c)_R3_C5,3
18803,PFL3,PFL3(PB12c)_R1_C7,513266,PFL3,PFL3(PB12c)_R3_C5,3
519941,EPG,EPG(PB08)_L3,523032,PFL3,PFL3(PB12c)_L2_C4,3
519351,PFL3,PFL3(PB12c)_L4_C5,523032,PFL3,PFL3(PB12c)_L2_C4,3
515675,EPG,EPG(PB08)_R1,523032,PFL3,PFL3(PB12c)_L2_C4,3
137299,FC2A,FC2A_C5_L,523032,PFL3,PFL3(PB12c)_L2_C4,3
82293,FC2B,FC2B_C5_L,523032,PFL3,PFL3(PB12c)_L2_C4,3
29836,PFL3,PFL3(PB12c)_L4_C6,523032,PFL3,PFL3(PB12c)_L2_C4,3
17000,PFL3,PFL3(PB12c)_L1_C3,523032,PFL3,PFL3(PB12c)_L2_C4,3
515675,EPG,EPG(PB08)_R1,11503,EPG,EPG(PB08)_R8,3
40768,EPGt,EPGt(PB09)_R9,11503,EPG,EPG(PB08)_R8,3
91537,FC2C,FC2C_C5_L,41941,FC2C,FC2C_C4_L,3
519351,PFL3,PFL3(PB12c)_L4_C5,530071,PFL3,PFL3(PB12c)_L3_C5,3
513032,PFL3,PFL3(PB12c)_L5_C7,530071,PFL3,PFL3(PB12c)_L3_C5,3
108478,PFL3,PFL3(PB12c)_L1_C3,530071,PFL3,PFL3(PB12c)_L3_C5,3
17290,PFL3,PFL3(PB12c)_L6_C8,530071,PFL3,PFL3(PB12c)_L3_C5,3
17286,PFL3,PFL3(PB12c)_R1_C2_irreg,530071,PFL3,PFL3(PB12c)_L3_C5,3
55415,FC2B,FC2B_C1_R,60670,FC2C,FC2C_C1_R,3
89635,FC2B,FC2B_C3_R,109752,FC2C,FC2C_C9_R,3
124562,FC2C,FC2C_C5_L,91537,FC2C,FC2C_C5_L,3
513034,PFL2,PFL2(PB12b)_L5_C9,522853,PFL2,PFL2(PB12b)_R2_C4,3
103466,FC2B,FC2B_C2_L,522853,PFL2,PFL2(PB12b)_R2_C4,3
530445,FC2B,FC2B_C6_L,67741,FC2B,FC2B_C6_R,3
127661,FC2C,FC2C_C6_R,67741,FC2B,FC2B_C6_R,3
101011,FC2C,FC2C_C6_R,67741,FC2B,FC2B_C6_R,3
67361,FC2B,FC2B_C2_R,67741,FC2B,FC2B_C6_R,3
88342,EPG,EPG(PB08)_L3,15713,EPG,EPG(PB08)_L6,3
19125,EPG,EPG(PB08)_R5,15713,EPG,EPG(PB08)_L6,3
12449,EPG,EPG(PB08)_L5,15713,EPG,EPG(PB08)_L6,3
519140,EPG,EPG(PB08)_L1,521813,EPG,EPG(PB08)_L2,3
556347,EPG,EPG(PB08)_R4,19125,EPG,EPG(PB08)_R5,3
515675,EPG,EPG(PB08)_R1,19125,EPG,EPG(PB08)_R5,3
11307,EPG,EPG(PB08)_L4,19125,EPG,EPG(PB08)_R5,3
518378,PFL3,PFL3(PB12c)_R5_C3,18327,PFL3,PFL3(PB12c)_R2_C6,3
513266,PFL3,PFL3(PB12c)_R3_C5,18327,PFL3,PFL3(PB12c)_R2_C6,3
512513,EPG,EPG(PB08)_R1,18327,PFL3,PFL3(PB12c)_R2_C6,3
124562,FC2C,FC2C_C5_L,18327,PFL3,PFL3(PB12c)_R2_C6,3
79549,PFL3,PFL3(PB12c)_R7_C1,18327,PFL3,PFL3(PB12c)_R2_C6,3
35322,PFL3,PFL3(PB12c)_R1_C7,18327,PFL3,PFL3(PB12c)_R2_C6,3
18803,PFL3,PFL3(PB12c)_R1_C7,18327,PFL3,PFL3(PB12c)_R2_C6,3
513464,EPG,EPG(PB08)_R8,19825,EPG,EPG(PB08)_R6,3
560327,FC2A,FC2A_C3_R,96384,FC2B,FC2B_C5_R,3
148830,FC2C,FC2C_C5_R,96384,FC2B,FC2B_C5_R,3
67741,FC2B,FC2B_C6_R,96384,FC2B,FC2B_C5_R,3
67361,FC2B,FC2B_C2_R,96384,FC2B,FC2B_C5_R,3
34203,FC2B,FC2B_C1_R,96384,FC2B,FC2B_C5_R,3
119544,FC2C,FC2C_C6_L,115261,FC2C,FC2C_C6_L,3
55630,EPGt,EPGt(PB09)_R9,532704,FC2A,FC2A_C1_R,3
560327,FC2A,FC2A_C3_R,33382,FC2A,FC2A_C8_R,3
534662,FC2C,FC2C_C8_R,33382,FC2A,FC2A_C8_R,3
68271,FC2B,FC2B_C7_L,33382,FC2A,FC2A_C8_R,3
45343,FC2C,FC2C_C7_L,33382,FC2A,FC2A_C8_R,3
39538,FC2A,FC2A_C6_R,33382,FC2A,FC2A_C8_R,3
35277,FC2B,FC2B_C8_R,519358,FC2B,FC2B_C4_R,3
534662,FC2C,FC2C_C8_R,119819,FC2C,FC2C_C8_L,3
57603,FC2C,FC2C_C9_L,119819,FC2C,FC2C_C8_L,3
529266,FC2C,FC2C_C2_L,518375,PFL2,PFL2(PB12b)_R3_C3,3
522853,PFL2,PFL2(PB12b)_R2_C4,518375,PFL2,PFL2(PB12b)_R3_C3,3
241046,FC2B,FC2B_C4_R,518375,PFL2,PFL2(PB12b)_R3_C3,3
11673,PFL2,PFL2(PB12b)_R4_C2,518375,PFL2,PFL2(PB12b)_R3_C3,3
530071,PFL3,PFL3(PB12c)_L3_C5,519346,PFL3,PFL3(PB12c)_L7_C9,3
519351,PFL3,PFL3(PB12c)_L4_C5,519346,PFL3,PFL3(PB12c)_L7_C9,3
29836,PFL3,PFL3(PB12c)_L4_C6,519346,PFL3,PFL3(PB12c)_L7_C9,3
17286,PFL3,PFL3(PB12c)_R1_C2_irreg,519346,PFL3,PFL3(PB12c)_L7_C9,3
17000,PFL3,PFL3(PB12c)_L1_C3,519346,PFL3,PFL3(PB12c)_L7_C9,3
66750,FC2C,FC2C_C4_R,241046,FC2B,FC2B_C4_R,3
524977,FC2C,FC2C_C3_L,108478,PFL3,PFL3(PB12c)_L1_C3,3
513032,PFL3,PFL3(PB12c)_L5_C7,108478,PFL3,PFL3(PB12c)_L1_C3,3
137990,FC2B,FC2B_C3_L,108478,PFL3,PFL3(PB12c)_L1_C3,3
26038,PFL3,PFL3(PB12c)_L5_C7,108478,PFL3,PFL3(PB12c)_L1_C3,3
74326,FC2B,FC2B_C8_L,112888,FC2C,FC2C_C8_L,3
97443,FC2B,FC2B_C8_L,513032,PFL3,PFL3(PB12c)_L5_C7,3
15210,PFL3,PFL3(PB12c)_R2_C1_irreg,513032,PFL3,PFL3(PB12c)_L5_C7,3
236557,FC2C,FC2C_C3_R,140794,FC2C,FC2C_C3_R,3
14727,EPG,EPG(PB08)_L7,519144,EPG,EPG(PB08)_L8,3
91537,FC2C,FC2C_C5_L,68579,FC2C,FC2C_C5_R,3
122334,FC2C,FC2C_C7_L,513034,PFL2,PFL2(PB12b)_L5_C9,3
112888,FC2C,FC2C_C8_L,513034,PFL2,PFL2(PB12b)_L5_C9,3
74326,FC2B,FC2B_C8_L,513034,PFL2,PFL2(PB12b)_L5_C9,3
802799,GFC2,GFC2_R,903232,GFC2,GFC2_L,3
802478,GFC2,GFC2_R,903232,GFC2,GFC2_L,3
57603,FC2C,FC2C_C9_L,45343,FC2C,FC2C_C7_L,3
26038,PFL3,PFL3(PB12c)_L5_C7,17286,PFL3,PFL3(PB12c)_R1_C2_irreg,3
92188,EPG,EPG(PB08)_R7,512928,EPG,EPG(PB08)_R3,3
550660,FC2C,FC2C_C7_R,13490,PFL2,PFL2(PB12b)_L1_C5,3
519358,FC2B,FC2B_C4_R,13490,PFL2,PFL2(PB12b)_L1_C5,3
511842,PFL2,PFL2(PB12b)_L2_C6,13490,PFL2,PFL2(PB12b)_L1_C5,3
99820,FC2B,FC2B_C4_L,13490,PFL2,PFL2(PB12b)_L1_C5,3
95713,FC2C,FC2C_C4_L,13490,PFL2,PFL2(PB12b)_L1_C5,3
13031,PFL2,PFL2(PB12b)_R3_C3,13490,PFL2,PFL2(PB12b)_L1_C5,3
520811,PFL3,PFL3(PB12c)_R6_C2,19009,PFL3,PFL3(PB12c)_L2_C9_irreg,3
122334,FC2C,FC2C_C7_L,19009,PFL3,PFL3(PB12c)_L2_C9_irreg,3
44554,FC2B,FC2B_C8_R,19009,PFL3,PFL3(PB12c)_L2_C9_irreg,3
137990,FC2B,FC2B_C3_L,79204,FC2C,FC2C_C3_L,3
10360,DNa02,DNa02_R,10975,DNa03,DNa03_R,3
236557,FC2C,FC2C_C3_R,23159,PFL3,PFL3(PB12c)_R4_C4,3
124562,FC2C,FC2C_C5_L,23159,PFL3,PFL3(PB12c)_R4_C4,3
19009,PFL3,PFL3(PB12c)_L2_C9_irreg,23159,PFL3,PFL3(PB12c)_R4_C4,3
18327,PFL3,PFL3(PB12c)_R2_C6,23159,PFL3,PFL3(PB12c)_R4_C4,3
560327,FC2A,FC2A_C3_R,35277,FC2B,FC2B_C8_R,3
106495,FC2B,FC2B_C6_R,82293,FC2B,FC2B_C5_L,3
68579,FC2C,FC2C_C5_R,82293,FC2B,FC2B_C5_L,3
529992,FC2C,FC2C_C1_R,67361,FC2B,FC2B_C2_R,3
170539,FC2A,FC2A_C4_R,560327,FC2A,FC2A_C3_R,3
89635,FC2B,FC2B_C3_R,560327,FC2A,FC2A_C3_R,3
45876,FC2A,FC2A_C7_R,560327,FC2A,FC2A_C3_R,3
82293,FC2B,FC2B_C5_L,87630,FC2B,FC2B_C3_L,3
526406,FC2A,FC2A_C2_R,45876,FC2A,FC2A_C7_R,3
108478,PFL3,PFL3(PB12c)_L1_C3,519351,PFL3,PFL3(PB12c)_L4_C5,3
68579,FC2C,FC2C_C5_R,519351,PFL3,PFL3(PB12c)_L4_C5,3
29836,PFL3,PFL3(PB12c)_L4_C6,519351,PFL3,PFL3(PB12c)_L4_C5,3
17290,PFL3,PFL3(PB12c)_L6_C8,519351,PFL3,PFL3(PB12c)_L4_C5,3
15210,PFL3,PFL3(PB12c)_R2_C1_irreg,519351,PFL3,PFL3(PB12c)_L4_C5,3
56382,FC2A,FC2A_C6_L,137299,FC2A,FC2A_C5_L,3
41559,FC2A,FC2A_C9_L,137299,FC2A,FC2A_C5_L,3
802599,GFC2,GFC2_L,803025,GFC2,GFC2_R,3
802478,GFC2,GFC2_R,803025,GFC2,GFC2_R,3
236557,FC2C,FC2C_C3_R,137990,FC2B,FC2B_C3_L,3
103466,FC2B,FC2B_C2_L,137990,FC2B,FC2B_C3_L,3
71855,FC2A,FC2A_C3_L,137990,FC2B,FC2B_C3_L,3
71855,FC2A,FC2A_C3_L,41559,FC2A,FC2A_C9_L,3
46169,FC2A,FC2A_C1_L,41559,FC2A,FC2A_C9_L,3
29674,FC2A,FC2A_C2_L,41559,FC2A,FC2A_C9_L,3
71855,FC2A,FC2A_C3_L,40179,FC2A,FC2A_C7_L,3
33382,FC2A,FC2A_C8_R,40179,FC2A,FC2A_C7_L,3
518606,FC2A,FC2A_C8_L,71855,FC2A,FC2A_C3_L,3
170539,FC2A,FC2A_C4_R,71855,FC2A,FC2A_C3_L,3
530445,FC2B,FC2B_C6_L,68271,FC2B,FC2B_C7_L,3
122167,FC2C,FC2C_C7_R,68271,FC2B,FC2B_C7_L,3
97443,FC2B,FC2B_C8_L,68271,FC2B,FC2B_C7_L,3
40179,FC2A,FC2A_C7_L,68271,FC2B,FC2B_C7_L,3
137299,FC2A,FC2A_C5_L,36201,FC2A,FC2A_C4_L,3
99820,FC2B,FC2B_C4_L,36201,FC2A,FC2A_C4_L,3
40179,FC2A,FC2A_C7_L,36201,FC2A,FC2A_C4_L,3
108286,FC2C,FC2C_C7_R,85400,FC2B,FC2B_C7_R,3
140787,FC2B,FC2B_C1_L,537128,FC2C,FC2C_C1_L,3
60670,FC2C,FC2C_C1_R,537128,FC2C,FC2C_C1_L,3
55415,FC2B,FC2B_C1_R,537128,FC2C,FC2C_C1_L,3
149740,FC2B,FC2B_C9_L,97443,FC2B,FC2B_C8_L,3
515675,EPG,EPG(PB08)_R1,514126,EPG,EPG(PB08)_R5,3
556346,EPG,EPG(PB08)_L6,520818,EPG,EPG(PB08)_L4,3
519144,EPG,EPG(PB08)_L8,520818,EPG,EPG(PB08)_L4,3
11989,EPG,EPG(PB08)_L5,520818,EPG,EPG(PB08)_L4,3
531073,FC2C,FC2C_C9_R,132482,FC2C,FC2C_C9_L,3
40179,FC2A,FC2A_C7_L,122334,FC2C,FC2C_C7_L,3
803601,GFC2,GFC2_R,802551,GFC2,GFC2_L,3
520818,EPG,EPG(PB08)_L4,16360,EPG,EPG(PB08)_L6,3
11989,EPG,EPG(PB08)_L5,16360,EPG,EPG(PB08)_L6,3
512513,EPG,EPG(PB08)_R1,513463,EPG,EPG(PB08)_R2,3
11503,EPG,EPG(PB08)_R8,513463,EPG,EPG(PB08)_R2,3
67361,FC2B,FC2B_C2_R,526406,FC2A,FC2A_C2_R,3
36201,FC2A,FC2A_C4_L,99820,FC2B,FC2B_C4_L,3
518375,PFL2,PFL2(PB12b)_R3_C3,19715,PFL2,PFL2(PB12b)_L4_C8,3
513266,PFL3,PFL3(PB12c)_R3_C5,79549,PFL3,PFL3(PB12c)_R7_C1,3
23159,PFL3,PFL3(PB12c)_R4_C4,79549,PFL3,PFL3(PB12c)_R7_C1,3
521409,EPG,EPG(PB08)_L8,57591,EPGt,EPGt(PB09)_L9,3
512513,EPG,EPG(PB08)_R1,57591,EPGt,EPGt(PB09)_L9,3
511842,PFL2,PFL2(PB12b)_L2_C6,13031,PFL2,PFL2(PB12b)_R3_C3,3
140787,FC2B,FC2B_C1_L,13031,PFL2,PFL2(PB12b)_R3_C3,3
19715,PFL2,PFL2(PB12b)_L4_C8,13031,PFL2,PFL2(PB12b)_R3_C3,3
14729,PFL2,PFL2(PB12b)_R1_C5,13031,PFL2,PFL2(PB12b)_R3_C3,3
514126,EPG,EPG(PB08)_R5,520581,EPG,EPG(PB08)_R4,3
513464,EPG,EPG(PB08)_R8,520581,EPG,EPG(PB08)_R4,3
513517,EPG,EPG(PB08)_L4,520581,EPG,EPG(PB08)_R4,3
802595,GFC2,GFC2_L,802478,GFC2,GFC2_R,3
141430,FC2C,FC2C_C3_R,127661,FC2C,FC2C_C6_R,3
101011,FC2C,FC2C_C6_R,127661,FC2C,FC2C_C6_R,3
60670,FC2C,FC2C_C1_R,127661,FC2C,FC2C_C6_R,3
513520,EPG,EPG(PB08)_R6,11987,EPG,EPG(PB08)_R5,3
122334,FC2C,FC2C_C7_L,511842,PFL2,PFL2(PB12b)_L2_C6,3
11557,PFL2,PFL2(PB12b)_L3_C7,511842,PFL2,PFL2(PB12b)_L2_C6,3
85400,FC2B,FC2B_C7_R,108286,FC2C,FC2C_C7_R,3
74480,FC2C,FC2C_C9_R,236557,FC2C,FC2C_C3_R,3
513033,EPG,EPG(PB08)_L8,11874,EPG,EPG(PB08)_L7,3
16360,EPG,EPG(PB08)_L6,11874,EPG,EPG(PB08)_L7,3
241046,FC2B,FC2B_C4_R,14729,PFL2,PFL2(PB12b)_R1_C5,3
530071,PFL3,PFL3(PB12c)_L3_C5,17000,PFL3,PFL3(PB12c)_L1_C3,3
513032,PFL3,PFL3(PB12c)_L5_C7,17000,PFL3,PFL3(PB12c)_L1_C3,3
50885,FC2C,FC2C_C2_L,17000,PFL3,PFL3(PB12c)_L1_C3,3
26038,PFL3,PFL3(PB12c)_L5_C7,17000,PFL3,PFL3(PB12c)_L1_C3,3
514126,EPG,EPG(PB08)_R5,11673,PFL2,PFL2(PB12b)_R4_C2,3
68502,FC2C,FC2C_C1_L,11673,PFL2,PFL2(PB12b)_R4_C2,3
19715,PFL2,PFL2(PB12b)_L4_C8,11673,PFL2,PFL2(PB12b)_R4_C2,3
68579,FC2C,FC2C_C5_R,153558,FC2C,FC2C_C5_R,3
537128,FC2C,FC2C_C1_L,68502,FC2C,FC2C_C1_L,3
514126,EPG,EPG(PB08)_R5,556347,EPG,EPG(PB08)_R4,3
71855,FC2A,FC2A_C3_L,56382,FC2A,FC2A_C6_L,3
36201,FC2A,FC2A_C4_L,56382,FC2A,FC2A_C6_L,3
29674,FC2A,FC2A_C2_L,56382,FC2A,FC2A_C6_L,3
15616,EPG,EPG(PB08)_R3,55630,EPGt,EPGt(PB09)_R9,3
515675,EPG,EPG(PB08)_R1,18851,PFL3,PFL3(PB12c)_L1_C8_irreg,3
513266,PFL3,PFL3(PB12c)_R3_C5,18851,PFL3,PFL3(PB12c)_L1_C8_irreg,3
109752,FC2C,FC2C_C9_R,18851,PFL3,PFL3(PB12c)_L1_C8_irreg,3
550660,FC2C,FC2C_C7_R,51782,FC2C,FC2C_C2_R,2
537128,FC2C,FC2C_C1_L,51782,FC2C,FC2C_C2_R,2
531073,FC2C,FC2C_C9_R,51782,FC2C,FC2C_C2_R,2
529992,FC2C,FC2C_C1_R,51782,FC2C,FC2C_C2_R,2
140787,FC2B,FC2B_C1_L,51782,FC2C,FC2C_C2_R,2
96384,FC2B,FC2B_C5_R,51782,FC2C,FC2C_C2_R,2
60670,FC2C,FC2C_C1_R,51782,FC2C,FC2C_C2_R,2
34203,FC2B,FC2B_C1_R,51782,FC2C,FC2C_C2_R,2
519140,EPG,EPG(PB08)_L1,92188,EPG,EPG(PB08)_R7,2
512514,EPG,EPG(PB08)_L1,92188,EPG,EPG(PB08)_R7,2
131313,EPG,EPG(PB08)_R6,92188,EPG,EPG(PB08)_R7,2
11503,EPG,EPG(PB08)_R8,92188,EPG,EPG(PB08)_R7,2
523786,EPG,EPG(PB08)_R4,567101,PFL3,PFL3(PB12c)_R3_C5,2
560327,FC2A,FC2A_C3_R,39538,FC2A,FC2A_C6_R,2
532704,FC2A,FC2A_C1_R,39538,FC2A,FC2A_C6_R,2
131273,FC2A,FC2A_C5_R,39538,FC2A,FC2A_C6_R,2
907675,GFC2,GFC2_R,802595,GFC2,GFC2_L,2
95713,FC2C,FC2C_C4_L,524977,FC2C,FC2C_C3_L,2
50885,FC2C,FC2C_C2_L,524977,FC2C,FC2C_C3_L,2
112888,FC2C,FC2C_C8_L,124562,FC2C,FC2C_C5_L,2
520581,EPG,EPG(PB08)_R4,513284,EPG,EPG(PB08)_R3,2
514126,EPG,EPG(PB08)_R5,513284,EPG,EPG(PB08)_R3,2
513464,EPG,EPG(PB08)_R8,529992,FC2C,FC2C_C1_R,2
151739,FC2C,FC2C_C2_R,529992,FC2C,FC2C_C1_R,2
139763,FC2C,FC2C_C2_R,529992,FC2C,FC2C_C1_R,2
532704,FC2A,FC2A_C1_R,33356,FC2B,FC2B_C2_L,2
151739,FC2C,FC2C_C2_R,33356,FC2B,FC2B_C2_L,2
36201,FC2A,FC2A_C4_L,33356,FC2B,FC2B_C2_L,2
526406,FC2A,FC2A_C2_R,55401,FC2A,FC2A_C9_R,2
45876,FC2A,FC2A_C7_R,55401,FC2A,FC2A_C9_R,2
55630,EPGt,EPGt(PB09)_R9,513464,EPG,EPG(PB08)_R8,2
512513,EPG,EPG(PB08)_R1,524073,EPG,EPG(PB08)_L2,2
13217,EPG,EPG(PB08)_L8,524073,EPG,EPG(PB08)_L2,2
141430,FC2C,FC2C_C3_R,546044,FC2C,FC2C_C3_R,2
67361,FC2B,FC2B_C2_R,546044,FC2C,FC2C_C3_R,2
522853,PFL2,PFL2(PB12b)_R2_C4,520811,PFL3,PFL3(PB12c)_R6_C2,2
513034,PFL2,PFL2(PB12b)_L5_C9,520811,PFL3,PFL3(PB12c)_R6_C2,2
18803,PFL3,PFL3(PB12c)_R1_C7,520811,PFL3,PFL3(PB12c)_R6_C2,2
519941,EPG,EPG(PB08)_L3,11307,EPG,EPG(PB08)_L4,2
16360,EPG,EPG(PB08)_L6,11307,EPG,EPG(PB08)_L4,2
112888,FC2C,FC2C_C8_L,533436,FC2C,FC2C_C7_L,2
35277,FC2B,FC2B_C8_R,533436,FC2C,FC2C_C7_L,2
520812,EPG,EPG(PB08)_R8,521812,EPG,EPG(PB08)_R7,2
518378,PFL3,PFL3(PB12c)_R5_C3,521812,EPG,EPG(PB08)_R7,2
514126,EPG,EPG(PB08)_R5,521812,EPG,EPG(PB08)_R7,2
15616,EPG,EPG(PB08)_R3,521812,EPG,EPG(PB08)_R7,2
11503,EPG,EPG(PB08)_R8,521812,EPG,EPG(PB08)_R7,2
529266,FC2C,FC2C_C2_L,50885,FC2C,FC2C_C2_L,2
74326,FC2B,FC2B_C8_L,50885,FC2C,FC2C_C2_L,2
67361,FC2B,FC2B_C2_R,50885,FC2C,FC2C_C2_L,2
33356,FC2B,FC2B_C2_L,50885,FC2C,FC2C_C2_L,2
124562,FC2C,FC2C_C5_L,153441,FC2C,FC2C_C5_L,2
96384,FC2B,FC2B_C5_R,153441,FC2C,FC2C_C5_L,2
91537,FC2C,FC2C_C5_L,153441,FC2C,FC2C_C5_L,2
57603,FC2C,FC2C_C9_L,153441,FC2C,FC2C_C5_L,2
127661,FC2C,FC2C_C6_R,50431,FC2C,FC2C_C8_R,2
44554,FC2B,FC2B_C8_R,50431,FC2C,FC2C_C8_R,2
35277,FC2B,FC2B_C8_R,50431,FC2C,FC2C_C8_R,2
513520,EPG,EPG(PB08)_R6,115674,FC2C,FC2C_C4_R,2
519941,EPG,EPG(PB08)_L3,512514,EPG,EPG(PB08)_L1,2
107195,EPG,EPG(PB08)_L5,512514,EPG,EPG(PB08)_L1,2
88342,EPG,EPG(PB08)_L3,512514,EPG,EPG(PB08)_L1,2
12449,EPG,EPG(PB08)_L5,512514,EPG,EPG(PB08)_L1,2
907675,GFC2,GFC2_R,802335,GFC2,GFC2_L,2
529992,FC2C,FC2C_C1_R,151739,FC2C,FC2C_C2_R,2
533436,FC2C,FC2C_C7_L,44554,FC2B,FC2B_C8_R,2
119819,FC2C,FC2C_C8_L,44554,FC2B,FC2B_C8_R,2
97443,FC2B,FC2B_C8_L,44554,FC2B,FC2B_C8_R,2
89635,FC2B,FC2B_C3_R,44554,FC2B,FC2B_C8_R,2
520818,EPG,EPG(PB08)_L4,13217,EPG,EPG(PB08)_L8,2
132482,FC2C,FC2C_C9_L,149740,FC2B,FC2B_C9_L,2
74480,FC2C,FC2C_C9_R,149740,FC2B,FC2B_C9_L,2
57603,FC2C,FC2C_C9_L,149740,FC2B,FC2B_C9_L,2
44554,FC2B,FC2B_C8_R,149740,FC2B,FC2B_C9_L,2
68579,FC2C,FC2C_C5_R,148830,FC2C,FC2C_C5_R,2
523786,EPG,EPG(PB08)_R4,15616,EPG,EPG(PB08)_R3,2
514126,EPG,EPG(PB08)_R5,15616,EPG,EPG(PB08)_R3,2
513463,EPG,EPG(PB08)_R2,15616,EPG,EPG(PB08)_R3,2
11987,EPG,EPG(PB08)_R5,15616,EPG,EPG(PB08)_R3,2
10539,EPG,EPG(PB08)_R2,15616,EPG,EPG(PB08)_R3,2
521813,EPG,EPG(PB08)_L2,14727,EPG,EPG(PB08)_L7,2
519941,EPG,EPG(PB08)_L3,14727,EPG,EPG(PB08)_L7,2
519144,EPG,EPG(PB08)_L8,14727,EPG,EPG(PB08)_L7,2
530445,FC2B,FC2B_C6_L,11557,PFL2,PFL2(PB12b)_L3_C7,2
74326,FC2B,FC2B_C8_L,11557,PFL2,PFL2(PB12b)_L3_C7,2
67741,FC2B,FC2B_C6_R,11557,PFL2,PFL2(PB12b)_L3_C7,2
27492,PFL2,PFL2(PB12b)_L3_C7,11557,PFL2,PFL2(PB12b)_L3_C7,2
521812,EPG,EPG(PB08)_R7,515675,EPG,EPG(PB08)_R1,2
55630,EPGt,EPGt(PB09)_R9,515675,EPG,EPG(PB08)_R1,2
10539,EPG,EPG(PB08)_R2,515675,EPG,EPG(PB08)_R1,2
526406,FC2A,FC2A_C2_R,89635,FC2B,FC2B_C3_R,2
515233,FC2B,FC2B_C2_R,89635,FC2B,FC2B_C3_R,2
140794,FC2C,FC2C_C3_R,89635,FC2B,FC2B_C3_R,2
79204,FC2C,FC2C_C3_L,89635,FC2B,FC2B_C3_R,2
44554,FC2B,FC2B_C8_R,89635,FC2B,FC2B_C3_R,2
34203,FC2B,FC2B_C1_R,89635,FC2B,FC2B_C3_R,2
132482,FC2C,FC2C_C9_L,74480,FC2C,FC2C_C9_R,2
66750,FC2C,FC2C_C4_R,74480,FC2C,FC2C_C9_R,2
97443,FC2B,FC2B_C8_L,27492,PFL2,PFL2(PB12b)_L3_C7,2
44554,FC2B,FC2B_C8_R,27492,PFL2,PFL2(PB12b)_L3_C7,2
13031,PFL2,PFL2(PB12b)_R3_C3,27492,PFL2,PFL2(PB12b)_L3_C7,2
11673,PFL2,PFL2(PB12b)_R4_C2,27492,PFL2,PFL2(PB12b)_L3_C7,2
524977,FC2C,FC2C_C3_L,95713,FC2C,FC2C_C4_L,2
520818,EPG,EPG(PB08)_L4,95713,FC2C,FC2C_C4_L,2
137299,FC2A,FC2A_C5_L,29674,FC2A,FC2A_C2_L,2
71855,FC2A,FC2A_C3_L,29674,FC2A,FC2A_C2_L,2
19825,EPG,EPG(PB08)_R6,513517,EPG,EPG(PB08)_L4,2
11989,EPG,EPG(PB08)_L5,513517,EPG,EPG(PB08)_L4,2
534662,FC2C,FC2C_C8_R,518606,FC2A,FC2A_C8_L,2
103466,FC2B,FC2B_C2_L,518606,FC2A,FC2A_C8_L,2
74326,FC2B,FC2B_C8_L,518606,FC2A,FC2A_C8_L,2
56905,FC2C,FC2C_C9_L,518606,FC2A,FC2A_C8_L,2
44554,FC2B,FC2B_C8_R,518606,FC2A,FC2A_C8_L,2
241046,FC2B,FC2B_C4_R,550660,FC2C,FC2C_C7_R,2
122167,FC2C,FC2C_C7_R,550660,FC2C,FC2C_C7_R,2
106495,FC2B,FC2B_C6_R,34203,FC2B,FC2B_C1_R,2
96384,FC2B,FC2B_C5_R,34203,FC2B,FC2B_C1_R,2
68502,FC2C,FC2C_C1_L,34203,FC2B,FC2B_C1_R,2
55630,EPGt,EPGt(PB09)_R9,34203,FC2B,FC2B_C1_R,2
39538,FC2A,FC2A_C6_R,34203,FC2B,FC2B_C1_R,2
79549,PFL3,PFL3(PB12c)_R7_C1,46169,FC2A,FC2A_C1_L,2
36201,FC2A,FC2A_C4_L,46169,FC2A,FC2A_C1_L,2
526406,FC2A,FC2A_C2_R,518378,PFL3,PFL3(PB12c)_R5_C3,2
524977,FC2C,FC2C_C3_L,518378,PFL3,PFL3(PB12c)_R5_C3,2
515233,FC2B,FC2B_C2_R,518378,PFL3,PFL3(PB12c)_R5_C3,2
513266,PFL3,PFL3(PB12c)_R3_C5,518378,PFL3,PFL3(PB12c)_R5_C3,2
241046,FC2B,FC2B_C4_R,518378,PFL3,PFL3(PB12c)_R5_C3,2
236557,FC2C,FC2C_C3_R,518378,PFL3,PFL3(PB12c)_R5_C3,2
170539,FC2A,FC2A_C4_R,518378,PFL3,PFL3(PB12c)_R5_C3,2
140787,FC2B,FC2B_C1_L,518378,PFL3,PFL3(PB12c)_R5_C3,2
79549,PFL3,PFL3(PB12c)_R7_C1,518378,PFL3,PFL3(PB12c)_R5_C3,2
66750,FC2C,FC2C_C4_R,518378,PFL3,PFL3(PB12c)_R5_C3,2
55415,FC2B,FC2B_C1_R,518378,PFL3,PFL3(PB12c)_R5_C3,2
26488,PFL3,PFL3(PB12c)_R5_C3,518378,PFL3,PFL3(PB12c)_R5_C3,2
17000,PFL3,PFL3(PB12c)_L1_C3,518378,PFL3,PFL3(PB12c)_R5_C3,2
523032,PFL3,PFL3(PB12c)_L2_C4,15210,PFL3,PFL3(PB12c)_R2_C1_irreg,2
519346,PFL3,PFL3(PB12c)_L7_C9,15210,PFL3,PFL3(PB12c)_R2_C1_irreg,2
17000,PFL3,PFL3(PB12c)_L1_C3,15210,PFL3,PFL3(PB12c)_R2_C1_irreg,2
521409,EPG,EPG(PB08)_L8,519140,EPG,EPG(PB08)_L1,2
513033,EPG,EPG(PB08)_L8,519140,EPG,EPG(PB08)_L1,2
92188,EPG,EPG(PB08)_R7,519140,EPG,EPG(PB08)_L1,2
11874,EPG,EPG(PB08)_L7,519140,EPG,EPG(PB08)_L1,2
512514,EPG,EPG(PB08)_L1,519328,EPG,EPG(PB08)_L3,2
131313,EPG,EPG(PB08)_R6,512305,EPG,EPG(PB08)_R8,2
560327,FC2A,FC2A_C3_R,141430,FC2C,FC2C_C3_R,2
241046,FC2B,FC2B_C4_R,141430,FC2C,FC2C_C3_R,2
103466,FC2B,FC2B_C2_L,141430,FC2C,FC2C_C3_R,2
84758,EPG,EPG(PB08)_L7,556346,EPG,EPG(PB08)_L6,2
12449,EPG,EPG(PB08)_L5,556346,EPG,EPG(PB08)_L6,2
11874,EPG,EPG(PB08)_L7,556346,EPG,EPG(PB08)_L6,2
523032,PFL3,PFL3(PB12c)_L2_C4,17290,PFL3,PFL3(PB12c)_L6_C8,2
132482,FC2C,FC2C_C9_L,17290,PFL3,PFL3(PB12c)_L6_C8,2
122334,FC2C,FC2C_C7_L,17290,PFL3,PFL3(PB12c)_L6_C8,2
74480,FC2C,FC2C_C9_R,17290,PFL3,PFL3(PB12c)_L6_C8,2
68271,FC2B,FC2B_C7_L,17290,PFL3,PFL3(PB12c)_L6_C8,2
515233,FC2B,FC2B_C2_R,50461,FC2B,FC2B_C9_R,2
109752,FC2C,FC2C_C9_R,50461,FC2B,FC2B_C9_R,2
34203,FC2B,FC2B_C1_R,50461,FC2B,FC2B_C9_R,2
524977,FC2C,FC2C_C3_L,64270,FC2C,FC2C_C8_L,2
119819,FC2C,FC2C_C8_L,64270,FC2C,FC2C_C8_L,2
91537,FC2C,FC2C_C5_L,64270,FC2C,FC2C_C8_L,2
523032,PFL3,PFL3(PB12c)_L2_C4,29836,PFL3,PFL3(PB12c)_L4_C6,2
519941,EPG,EPG(PB08)_L3,29836,PFL3,PFL3(PB12c)_L4_C6,2
519346,PFL3,PFL3(PB12c)_L7_C9,29836,PFL3,PFL3(PB12c)_L4_C6,2
108478,PFL3,PFL3(PB12c)_L1_C3,29836,PFL3,PFL3(PB12c)_L4_C6,2
17290,PFL3,PFL3(PB12c)_L6_C8,29836,PFL3,PFL3(PB12c)_L4_C6,2
17000,PFL3,PFL3(PB12c)_L1_C3,29836,PFL3,PFL3(PB12c)_L4_C6,2
520818,EPG,EPG(PB08)_L4,107195,EPG,EPG(PB08)_L5,2
512514,EPG,EPG(PB08)_L1,107195,EPG,EPG(PB08)_L5,2
15713,EPG,EPG(PB08)_L6,107195,EPG,EPG(PB08)_L5,2
11874,EPG,EPG(PB08)_L7,107195,EPG,EPG(PB08)_L5,2
529992,FC2C,FC2C_C1_R,139763,FC2C,FC2C_C2_R,2
236557,FC2C,FC2C_C3_R,139763,FC2C,FC2C_C2_R,2
140794,FC2C,FC2C_C3_R,139763,FC2C,FC2C_C2_R,2
903232,GFC2,GFC2_L,802599,GFC2,GFC2_L,2
803025,GFC2,GFC2_R,802599,GFC2,GFC2_L,2
551404,FC2C,FC2C_C6_L,26038,PFL3,PFL3(PB12c)_L5_C7,2
523032,PFL3,PFL3(PB12c)_L2_C4,26038,PFL3,PFL3(PB12c)_L5_C7,2
519351,PFL3,PFL3(PB12c)_L4_C5,26038,PFL3,PFL3(PB12c)_L5_C7,2
119544,FC2C,FC2C_C6_L,26038,PFL3,PFL3(PB12c)_L5_C7,2
112888,FC2C,FC2C_C8_L,26038,PFL3,PFL3(PB12c)_L5_C7,2
108478,PFL3,PFL3(PB12c)_L1_C3,26038,PFL3,PFL3(PB12c)_L5_C7,2
15210,PFL3,PFL3(PB12c)_R2_C1_irreg,26038,PFL3,PFL3(PB12c)_L5_C7,2
903232,GFC2,GFC2_L,802799,GFC2,GFC2_R,2
802551,GFC2,GFC2_L,802799,GFC2,GFC2_R,2
140794,FC2C,FC2C_C3_R,103466,FC2B,FC2B_C2_L,2
112888,FC2C,FC2C_C8_L,103466,FC2B,FC2B_C2_L,2
89635,FC2B,FC2B_C3_R,103466,FC2B,FC2B_C2_L,2
19825,EPG,EPG(PB08)_R6,523786,EPG,EPG(PB08)_R4,2
18803,PFL3,PFL3(PB12c)_R1_C7,35322,PFL3,PFL3(PB12c)_R1_C7,2
109752,FC2C,FC2C_C9_R,106495,FC2B,FC2B_C6_R,2
39538,FC2A,FC2A_C6_R,106495,FC2B,FC2B_C6_R,2
537128,FC2C,FC2C_C1_L,26488,PFL3,PFL3(PB12c)_R5_C3,2
520811,PFL3,PFL3(PB12c)_R6_C2,26488,PFL3,PFL3(PB12c)_R5_C3,2
515233,FC2B,FC2B_C2_R,26488,PFL3,PFL3(PB12c)_R5_C3,2
140787,FC2B,FC2B_C1_L,26488,PFL3,PFL3(PB12c)_R5_C3,2
66750,FC2C,FC2C_C4_R,26488,PFL3,PFL3(PB12c)_R5_C3,2
35322,PFL3,PFL3(PB12c)_R1_C7,26488,PFL3,PFL3(PB12c)_R5_C3,2
14729,PFL2,PFL2(PB12b)_R1_C5,26488,PFL3,PFL3(PB12c)_R5_C3,2
18327,PFL3,PFL3(PB12c)_R2_C6,18803,PFL3,PFL3(PB12c)_R1_C7,2
137299,FC2A,FC2A_C5_L,140787,FC2B,FC2B_C1_L,2
526406,FC2A,FC2A_C2_R,515233,FC2B,FC2B_C2_R,2
55415,FC2B,FC2B_C1_R,515233,FC2B,FC2B_C2_R,2
50461,FC2B,FC2B_C9_R,515233,FC2B,FC2B_C2_R,2
101011,FC2C,FC2C_C6_R,122167,FC2C,FC2C_C7_R,2
45343,FC2C,FC2C_C7_L,122167,FC2C,FC2C_C7_R,2
514126,EPG,EPG(PB08)_R5,512513,EPG,EPG(PB08)_R1,2
15616,EPG,EPG(PB08)_R3,512513,EPG,EPG(PB08)_R1,2
11987,EPG,EPG(PB08)_R5,512513,EPG,EPG(PB08)_R1,2
518378,PFL3,PFL3(PB12c)_R5_C3,513266,PFL3,PFL3(PB12c)_R3_C5,2
514126,EPG,EPG(PB08)_R5,513266,PFL3,PFL3(PB12c)_R3_C5,2
79549,PFL3,PFL3(PB12c)_R7_C1,513266,PFL3,PFL3(PB12c)_R3_C5,2
79204,FC2C,FC2C_C3_L,513266,PFL3,PFL3(PB12c)_R3_C5,2
23159,PFL3,PFL3(PB12c)_R4_C4,513266,PFL3,PFL3(PB12c)_R3_C5,2
18851,PFL3,PFL3(PB12c)_L1_C8_irreg,513266,PFL3,PFL3(PB12c)_R3_C5,2
546044,FC2C,FC2C_C3_R,523032,PFL3,PFL3(PB12c)_L2_C4,2
520818,EPG,EPG(PB08)_L4,523032,PFL3,PFL3(PB12c)_L2_C4,2
91537,FC2C,FC2C_C5_L,523032,PFL3,PFL3(PB12c)_L2_C4,2
68579,FC2C,FC2C_C5_R,523032,PFL3,PFL3(PB12c)_L2_C4,2
26038,PFL3,PFL3(PB12c)_L5_C7,523032,PFL3,PFL3(PB12c)_L2_C4,2
537128,FC2C,FC2C_C1_L,41941,FC2C,FC2C_C4_L,2
95713,FC2C,FC2C_C4_L,41941,FC2C,FC2C_C4_L,2
530445,FC2B,FC2B_C6_L,530071,PFL3,PFL3(PB12c)_L3_C5,2
521813,EPG,EPG(PB08)_L2,530071,PFL3,PFL3(PB12c)_L3_C5,2
127661,FC2C,FC2C_C6_R,530071,PFL3,PFL3(PB12c)_L3_C5,2
101011,FC2C,FC2C_C6_R,530071,PFL3,PFL3(PB12c)_L3_C5,2
67741,FC2B,FC2B_C6_R,530071,PFL3,PFL3(PB12c)_L3_C5,2
29836,PFL3,PFL3(PB12c)_L4_C6,530071,PFL3,PFL3(PB12c)_L3_C5,2
521812,EPG,EPG(PB08)_R7,10539,EPG,EPG(PB08)_R2,2
520812,EPG,EPG(PB08)_R8,10539,EPG,EPG(PB08)_R2,2
513520,EPG,EPG(PB08)_R6,10539,EPG,EPG(PB08)_R2,2
513464,EPG,EPG(PB08)_R8,10539,EPG,EPG(PB08)_R2,2
512928,EPG,EPG(PB08)_R3,10539,EPG,EPG(PB08)_R2,2
512514,EPG,EPG(PB08)_L1,10539,EPG,EPG(PB08)_R2,2
127661,FC2C,FC2C_C6_R,60670,FC2C,FC2C_C1_R,2
68579,FC2C,FC2C_C5_R,60670,FC2C,FC2C_C1_R,2
68502,FC2C,FC2C_C1_L,60670,FC2C,FC2C_C1_R,2
51782,FC2C,FC2C_C2_R,60670,FC2C,FC2C_C1_R,2
515233,FC2B,FC2B_C2_R,109752,FC2C,FC2C_C9_R,2
137299,FC2A,FC2A_C5_L,131273,FC2A,FC2A_C5_R,2
153558,FC2C,FC2C_C5_R,91537,FC2C,FC2C_C5_L,2
153441,FC2C,FC2C_C5_L,91537,FC2C,FC2C_C5_L,2
64270,FC2C,FC2C_C8_L,91537,FC2C,FC2C_C5_L,2
546044,FC2C,FC2C_C3_R,522853,PFL2,PFL2(PB12b)_R2_C4,2
520811,PFL3,PFL3(PB12c)_R6_C2,522853,PFL2,PFL2(PB12b)_R2_C4,2
512514,EPG,EPG(PB08)_L1,522853,PFL2,PFL2(PB12b)_R2_C4,2
137299,FC2A,FC2A_C5_L,522853,PFL2,PFL2(PB12b)_R2_C4,2
96384,FC2B,FC2B_C5_R,522853,PFL2,PFL2(PB12b)_R2_C4,2
91537,FC2C,FC2C_C5_L,522853,PFL2,PFL2(PB12b)_R2_C4,2
29674,FC2A,FC2A_C2_L,522853,PFL2,PFL2(PB12b)_R2_C4,2
27492,PFL2,PFL2(PB12b)_L3_C7,522853,PFL2,PFL2(PB12b)_R2_C4,2
17000,PFL3,PFL3(PB12c)_L1_C3,522853,PFL2,PFL2(PB12b)_R2_C4,2
13490,PFL2,PFL2(PB12b)_L1_C5,522853,PFL2,PFL2(PB12b)_R2_C4,2
560327,FC2A,FC2A_C3_R,67741,FC2B,FC2B_C6_R,2
519358,FC2B,FC2B_C4_R,67741,FC2B,FC2B_C6_R,2
106495,FC2B,FC2B_C6_R,67741,FC2B,FC2B_C6_R,2
39538,FC2A,FC2A_C6_R,67741,FC2B,FC2B_C6_R,2
520818,EPG,EPG(PB08)_L4,15713,EPG,EPG(PB08)_L6,2
513033,EPG,EPG(PB08)_L8,15713,EPG,EPG(PB08)_L6,2
131313,EPG,EPG(PB08)_R6,521813,EPG,EPG(PB08)_L2,2
15713,EPG,EPG(PB08)_L6,521813,EPG,EPG(PB08)_L2,2
11307,EPG,EPG(PB08)_L4,521813,EPG,EPG(PB08)_L2,2
520581,EPG,EPG(PB08)_R4,19125,EPG,EPG(PB08)_R5,2
131313,EPG,EPG(PB08)_R6,19125,EPG,EPG(PB08)_R5,2
19825,EPG,EPG(PB08)_R6,19125,EPG,EPG(PB08)_R5,2
14507,EPG,EPG(PB08)_R7,19125,EPG,EPG(PB08)_R5,2
520812,EPG,EPG(PB08)_R8,131313,EPG,EPG(PB08)_R6,2
513517,EPG,EPG(PB08)_L4,131313,EPG,EPG(PB08)_R6,2
122334,FC2C,FC2C_C7_L,18327,PFL3,PFL3(PB12c)_R2_C6,2
35277,FC2B,FC2B_C8_R,18327,PFL3,PFL3(PB12c)_R2_C6,2
26488,PFL3,PFL3(PB12c)_R5_C3,18327,PFL3,PFL3(PB12c)_R2_C6,2
19009,PFL3,PFL3(PB12c)_L2_C9_irreg,18327,PFL3,PFL3(PB12c)_R2_C6,2
170539,FC2A,FC2A_C4_R,19825,EPG,EPG(PB08)_R6,2
66750,FC2C,FC2C_C4_R,19825,EPG,EPG(PB08)_R6,2
526406,FC2A,FC2A_C2_R,96384,FC2B,FC2B_C5_R,2
124562,FC2C,FC2C_C5_L,96384,FC2B,FC2B_C5_R,2
39538,FC2A,FC2A_C6_R,96384,FC2B,FC2B_C5_R,2
556346,EPG,EPG(PB08)_L6,115261,FC2C,FC2C_C6_L,2
108286,FC2C,FC2C_C7_R,115261,FC2C,FC2C_C6_L,2
56905,FC2C,FC2C_C9_L,115261,FC2C,FC2C_C6_L,2
537128,FC2C,FC2C_C1_L,532704,FC2A,FC2A_C1_R,2
515233,FC2B,FC2B_C2_R,532704,FC2A,FC2A_C1_R,2
513464,EPG,EPG(PB08)_R8,532704,FC2A,FC2A_C1_R,2
79549,PFL3,PFL3(PB12c)_R7_C1,532704,FC2A,FC2A_C1_R,2
68502,FC2C,FC2C_C1_L,532704,FC2A,FC2A_C1_R,2
39538,FC2A,FC2A_C6_R,532704,FC2A,FC2A_C1_R,2
34203,FC2B,FC2B_C1_R,532704,FC2A,FC2A_C1_R,2
33382,FC2A,FC2A_C8_R,532704,FC2A,FC2A_C1_R,2
29674,FC2A,FC2A_C2_L,532704,FC2A,FC2A_C1_R,2
532704,FC2A,FC2A_C1_R,33382,FC2A,FC2A_C8_R,2
526406,FC2A,FC2A_C2_R,33382,FC2A,FC2A_C8_R,2
518606,FC2A,FC2A_C8_L,33382,FC2A,FC2A_C8_R,2
85400,FC2B,FC2B_C7_R,33382,FC2A,FC2A_C8_R,2
56382,FC2A,FC2A_C6_L,33382,FC2A,FC2A_C8_R,2
45876,FC2A,FC2A_C7_R,33382,FC2A,FC2A_C8_R,2
44554,FC2B,FC2B_C8_R,33382,FC2A,FC2A_C8_R,2
35277,FC2B,FC2B_C8_R,33382,FC2A,FC2A_C8_R,2
241046,FC2B,FC2B_C4_R,519358,FC2B,FC2B_C4_R,2
131273,FC2A,FC2A_C5_R,519358,FC2B,FC2B_C4_R,2
79204,FC2C,FC2C_C3_L,519358,FC2B,FC2B_C4_R,2
67361,FC2B,FC2B_C2_R,519358,FC2B,FC2B_C4_R,2
79204,FC2C,FC2C_C3_L,66750,FC2C,FC2C_C4_R,2
56905,FC2C,FC2C_C9_L,119819,FC2C,FC2C_C8_L,2
513034,PFL2,PFL2(PB12b)_L5_C9,518375,PFL2,PFL2(PB12b)_R3_C3,2
36201,FC2A,FC2A_C4_L,518375,PFL2,PFL2(PB12b)_R3_C3,2
556346,EPG,EPG(PB08)_L6,519346,PFL3,PFL3(PB12c)_L7_C9,2
534662,FC2C,FC2C_C8_R,519346,PFL3,PFL3(PB12c)_L7_C9,2
513034,PFL2,PFL2(PB12b)_L5_C9,519346,PFL3,PFL3(PB12c)_L7_C9,2
74326,FC2B,FC2B_C8_L,519346,PFL3,PFL3(PB12c)_L7_C9,2
513520,EPG,EPG(PB08)_R6,241046,FC2B,FC2B_C4_R,2
95713,FC2C,FC2C_C4_L,241046,FC2B,FC2B_C4_R,2
89635,FC2B,FC2B_C3_R,241046,FC2B,FC2B_C4_R,2
537128,FC2C,FC2C_C1_L,108478,PFL3,PFL3(PB12c)_L1_C3,2
526406,FC2A,FC2A_C2_R,108478,PFL3,PFL3(PB12c)_L1_C3,2
523032,PFL3,PFL3(PB12c)_L2_C4,108478,PFL3,PFL3(PB12c)_L1_C3,2
170539,FC2A,FC2A_C4_R,108478,PFL3,PFL3(PB12c)_L1_C3,2
67361,FC2B,FC2B_C2_R,108478,PFL3,PFL3(PB12c)_L1_C3,2
51782,FC2C,FC2C_C2_R,108478,PFL3,PFL3(PB12c)_L1_C3,2
518606,FC2A,FC2A_C8_L,112888,FC2C,FC2C_C8_L,2
137990,FC2B,FC2B_C3_L,112888,FC2C,FC2C_C8_L,2
153441,FC2C,FC2C_C5_L,56905,FC2C,FC2C_C9_L,2
137990,FC2B,FC2B_C3_L,56905,FC2C,FC2C_C9_L,2
119819,FC2C,FC2C_C8_L,56905,FC2C,FC2C_C9_L,2
68502,FC2C,FC2C_C1_L,56905,FC2C,FC2C_C9_L,2
551404,FC2C,FC2C_C6_L,513032,PFL3,PFL3(PB12c)_L5_C7,2
530445,FC2B,FC2B_C6_L,513032,PFL3,PFL3(PB12c)_L5_C7,2
519351,PFL3,PFL3(PB12c)_L4_C5,513032,PFL3,PFL3(PB12c)_L5_C7,2
519346,PFL3,PFL3(PB12c)_L7_C9,513032,PFL3,PFL3(PB12c)_L5_C7,2
518606,FC2A,FC2A_C8_L,513032,PFL3,PFL3(PB12c)_L5_C7,2
132482,FC2C,FC2C_C9_L,513032,PFL3,PFL3(PB12c)_L5_C7,2
50431,FC2C,FC2C_C8_R,513032,PFL3,PFL3(PB12c)_L5_C7,2
39538,FC2A,FC2A_C6_R,513032,PFL3,PFL3(PB12c)_L5_C7,2
26038,PFL3,PFL3(PB12c)_L5_C7,513032,PFL3,PFL3(PB12c)_L5_C7,2
17000,PFL3,PFL3(PB12c)_L1_C3,513032,PFL3,PFL3(PB12c)_L5_C7,2
518378,PFL3,PFL3(PB12c)_R5_C3,140794,FC2C,FC2C_C3_R,2
103466,FC2B,FC2B_C2_L,140794,FC2C,FC2C_C3_R,2
51782,FC2C,FC2C_C2_R,140794,FC2C,FC2C_C3_R,2
521813,EPG,EPG(PB08)_L2,519144,EPG,EPG(PB08)_L8,2
520818,EPG,EPG(PB08)_L4,519144,EPG,EPG(PB08)_L8,2
550660,FC2C,FC2C_C7_R,68579,FC2C,FC2C_C5_R,2
153558,FC2C,FC2C_C5_R,68579,FC2C,FC2C_C5_R,2
148830,FC2C,FC2C_C5_R,68579,FC2C,FC2C_C5_R,2
34203,FC2B,FC2B_C1_R,68579,FC2C,FC2C_C5_R,2
533436,FC2C,FC2C_C7_L,551404,FC2C,FC2C_C6_L,2
119819,FC2C,FC2C_C8_L,551404,FC2C,FC2C_C6_L,2
119544,FC2C,FC2C_C6_L,551404,FC2C,FC2C_C6_L,2
556346,EPG,EPG(PB08)_L6,11989,EPG,EPG(PB08)_L5,2
519140,EPG,EPG(PB08)_L1,11989,EPG,EPG(PB08)_L5,2
15616,EPG,EPG(PB08)_R3,11989,EPG,EPG(PB08)_L5,2
13217,EPG,EPG(PB08)_L8,11989,EPG,EPG(PB08)_L5,2
519941,EPG,EPG(PB08)_L3,513034,PFL2,PFL2(PB12b)_L5_C9,2
519328,EPG,EPG(PB08)_L3,513034,PFL2,PFL2(PB12b)_L5_C9,2
44554,FC2B,FC2B_C8_R,513034,PFL2,PFL2(PB12b)_L5_C9,2
14729,PFL2,PFL2(PB12b)_R1_C5,513034,PFL2,PFL2(PB12b)_L5_C9,2
13217,EPG,EPG(PB08)_L8,513034,PFL2,PFL2(PB12b)_L5_C9,2
803025,GFC2,GFC2_R,903232,GFC2,GFC2_L,2
149740,FC2B,FC2B_C9_L,45343,FC2C,FC2C_C7_L,2
137990,FC2B,FC2B_C3_L,45343,FC2C,FC2C_C7_L,2
122334,FC2C,FC2C_C7_L,45343,FC2C,FC2C_C7_L,2
537128,FC2C,FC2C_C1_L,17286,PFL3,PFL3(PB12c)_R1_C2_irreg,2
513032,PFL3,PFL3(PB12c)_L5_C7,17286,PFL3,PFL3(PB12c)_R1_C2_irreg,2
17290,PFL3,PFL3(PB12c)_L6_C8,17286,PFL3,PFL3(PB12c)_R1_C2_irreg,2
17000,PFL3,PFL3(PB12c)_L1_C3,17286,PFL3,PFL3(PB12c)_R1_C2_irreg,2
15210,PFL3,PFL3(PB12c)_R2_C1_irreg,17286,PFL3,PFL3(PB12c)_R1_C2_irreg,2
106495,FC2B,FC2B_C6_R,530445,FC2B,FC2B_C6_L,2
99820,FC2B,FC2B_C4_L,530445,FC2B,FC2B_C6_L,2
68271,FC2B,FC2B_C7_L,530445,FC2B,FC2B_C6_L,2
67741,FC2B,FC2B_C6_R,530445,FC2B,FC2B_C6_L,2
41559,FC2A,FC2A_C9_L,530445,FC2B,FC2B_C6_L,2
521409,EPG,EPG(PB08)_L8,512928,EPG,EPG(PB08)_R3,2
515675,EPG,EPG(PB08)_R1,512928,EPG,EPG(PB08)_R3,2
19125,EPG,EPG(PB08)_R5,512928,EPG,EPG(PB08)_R3,2
15713,EPG,EPG(PB08)_L6,512928,EPG,EPG(PB08)_R3,2
567101,PFL3,PFL3(PB12c)_R3_C5,13490,PFL2,PFL2(PB12b)_L1_C5,2
513266,PFL3,PFL3(PB12c)_R3_C5,13490,PFL2,PFL2(PB12b)_L1_C5,2
108286,FC2C,FC2C_C7_R,13490,PFL2,PFL2(PB12b)_L1_C5,2
107690,FC2B,FC2B_C4_L,13490,PFL2,PFL2(PB12b)_L1_C5,2
12449,EPG,EPG(PB08)_L5,13490,PFL2,PFL2(PB12b)_L1_C5,2
513266,PFL3,PFL3(PB12c)_R3_C5,19009,PFL3,PFL3(PB12c)_L2_C9_irreg,2
537128,FC2C,FC2C_C1_L,55415,FC2B,FC2B_C1_R,2
60670,FC2C,FC2C_C1_R,55415,FC2B,FC2B_C1_R,2
16360,EPG,EPG(PB08)_L6,12449,EPG,EPG(PB08)_L5,2
520818,EPG,EPG(PB08)_L4,23159,PFL3,PFL3(PB12c)_R4_C4,2
518378,PFL3,PFL3(PB12c)_R5_C3,23159,PFL3,PFL3(PB12c)_R4_C4,2
512928,EPG,EPG(PB08)_R3,23159,PFL3,PFL3(PB12c)_R4_C4,2
140794,FC2C,FC2C_C3_R,23159,PFL3,PFL3(PB12c)_R4_C4,2
79549,PFL3,PFL3(PB12c)_R7_C1,23159,PFL3,PFL3(PB12c)_R4_C4,2
29674,FC2A,FC2A_C2_L,23159,PFL3,PFL3(PB12c)_R4_C4,2
14729,PFL2,PFL2(PB12b)_R1_C5,23159,PFL3,PFL3(PB12c)_R4_C4,2
533436,FC2C,FC2C_C7_L,35277,FC2B,FC2B_C8_R,2
518606,FC2A,FC2A_C8_L,35277,FC2B,FC2B_C8_R,2
518606,FC2A,FC2A_C8_L,82293,FC2B,FC2B_C5_L,2
153558,FC2C,FC2C_C5_R,82293,FC2B,FC2B_C5_L,2
137299,FC2A,FC2A_C5_L,82293,FC2B,FC2B_C5_L,2
546044,FC2C,FC2C_C3_R,67361,FC2B,FC2B_C2_R,2
526406,FC2A,FC2A_C2_R,67361,FC2B,FC2B_C2_R,2
140787,FC2B,FC2B_C1_L,67361,FC2B,FC2B_C2_R,2
67741,FC2B,FC2B_C6_R,67361,FC2B,FC2B_C2_R,2
50885,FC2C,FC2C_C2_L,67361,FC2B,FC2B_C2_R,2
141430,FC2C,FC2C_C3_R,560327,FC2A,FC2A_C3_R,2
55401,FC2A,FC2A_C9_R,560327,FC2A,FC2A_C3_R,2
50461,FC2B,FC2B_C9_R,560327,FC2A,FC2A_C3_R,2
79204,FC2C,FC2C_C3_L,87630,FC2B,FC2B_C3_L,2
71855,FC2A,FC2A_C3_L,87630,FC2B,FC2B_C3_L,2
50885,FC2C,FC2C_C2_L,87630,FC2B,FC2B_C3_L,2
45343,FC2C,FC2C_C7_L,87630,FC2B,FC2B_C3_L,2
518375,PFL2,PFL2(PB12b)_R3_C3,10360,DNa02,DNa02_R,2
515233,FC2B,FC2B_C2_R,45876,FC2A,FC2A_C7_R,2
55401,FC2A,FC2A_C9_R,45876,FC2A,FC2A_C7_R,2
550660,FC2C,FC2C_C7_R,519351,PFL3,PFL3(PB12c)_L4_C5,2
523032,PFL3,PFL3(PB12c)_L2_C4,519351,PFL3,PFL3(PB12c)_L4_C5,2
519346,PFL3,PFL3(PB12c)_L7_C9,519351,PFL3,PFL3(PB12c)_L4_C5,2
107690,FC2B,FC2B_C4_L,519351,PFL3,PFL3(PB12c)_L4_C5,2
36201,FC2A,FC2A_C4_L,519351,PFL3,PFL3(PB12c)_L4_C5,2
17286,PFL3,PFL3(PB12c)_R1_C2_irreg,519351,PFL3,PFL3(PB12c)_L4_C5,2
13490,PFL2,PFL2(PB12b)_L1_C5,519351,PFL3,PFL3(PB12c)_L4_C5,2
534662,FC2C,FC2C_C8_R,101011,FC2C,FC2C_C6_R,2
148830,FC2C,FC2C_C5_R,101011,FC2C,FC2C_C6_R,2
153558,FC2C,FC2C_C5_R,137299,FC2A,FC2A_C5_L,2
106495,FC2B,FC2B_C6_R,137299,FC2A,FC2A_C5_L,2
40179,FC2A,FC2A_C7_L,137299,FC2A,FC2A_C5_L,2
802551,GFC2,GFC2_L,803025,GFC2,GFC2_R,2
140794,FC2C,FC2C_C3_R,137990,FC2B,FC2B_C3_L,2
56905,FC2C,FC2C_C9_L,137990,FC2B,FC2B_C3_L,2
40179,FC2A,FC2A_C7_L,41559,FC2A,FC2A_C9_L,2
122334,FC2C,FC2C_C7_L,40179,FC2A,FC2A_C7_L,2
46169,FC2A,FC2A_C1_L,40179,FC2A,FC2A_C7_L,2
45343,FC2C,FC2C_C7_L,40179,FC2A,FC2A_C7_L,2
41559,FC2A,FC2A_C9_L,40179,FC2A,FC2A_C7_L,2
530445,FC2B,FC2B_C6_L,74326,FC2B,FC2B_C8_L,2
82293,FC2B,FC2B_C5_L,74326,FC2B,FC2B_C8_L,2
50431,FC2C,FC2C_C8_R,74326,FC2B,FC2B_C8_L,2
530445,FC2B,FC2B_C6_L,71855,FC2A,FC2A_C3_L,2
56382,FC2A,FC2A_C6_L,71855,FC2A,FC2A_C3_L,2
40179,FC2A,FC2A_C7_L,71855,FC2A,FC2A_C3_L,2
803601,GFC2,GFC2_R,907675,GFC2,GFC2_R,2
802599,GFC2,GFC2_L,907675,GFC2,GFC2_R,2
108286,FC2C,FC2C_C7_R,68271,FC2B,FC2B_C7_L,2
33382,FC2A,FC2A_C8_R,68271,FC2B,FC2B_C7_L,2
560327,FC2A,FC2A_C3_R,36201,FC2A,FC2A_C4_L,2
29674,FC2A,FC2A_C2_L,36201,FC2A,FC2A_C4_L,2
89635,FC2B,FC2B_C3_R,85400,FC2B,FC2B_C7_R,2
16360,EPG,EPG(PB08)_L6,84758,EPG,EPG(PB08)_L7,2
57591,EPGt,EPGt(PB09)_L9,513033,EPG,EPG(PB08)_L8,2
11503,EPG,EPG(PB08)_R8,513033,EPG,EPG(PB08)_L8,2
64270,FC2C,FC2C_C8_L,537128,FC2C,FC2C_C1_L,2
518606,FC2A,FC2A_C8_L,97443,FC2B,FC2B_C8_L,2
74326,FC2B,FC2B_C8_L,97443,FC2B,FC2B_C8_L,2
68271,FC2B,FC2B_C7_L,97443,FC2B,FC2B_C8_L,2
55401,FC2A,FC2A_C9_R,97443,FC2B,FC2B_C8_L,2
519941,EPG,EPG(PB08)_L3,514126,EPG,EPG(PB08)_R5,2
512928,EPG,EPG(PB08)_R3,514126,EPG,EPG(PB08)_R5,2
521813,EPG,EPG(PB08)_L2,520818,EPG,EPG(PB08)_L4,2
519140,EPG,EPG(PB08)_L1,520818,EPG,EPG(PB08)_L4,2
512514,EPG,EPG(PB08)_L1,520818,EPG,EPG(PB08)_L4,2
19125,EPG,EPG(PB08)_R5,520818,EPG,EPG(PB08)_L4,2
84758,EPG,EPG(PB08)_L7,88342,EPG,EPG(PB08)_L3,2
14727,EPG,EPG(PB08)_L7,88342,EPG,EPG(PB08)_L3,2
533436,FC2C,FC2C_C7_L,534662,FC2C,FC2C_C8_R,2
140794,FC2C,FC2C_C3_R,534662,FC2C,FC2C_C8_R,2
119819,FC2C,FC2C_C8_L,534662,FC2C,FC2C_C8_R,2
35277,FC2B,FC2B_C8_R,534662,FC2C,FC2C_C8_R,2
57603,FC2C,FC2C_C9_L,132482,FC2C,FC2C_C9_L,2
50885,FC2C,FC2C_C2_L,132482,FC2C,FC2C_C9_L,2
524073,EPG,EPG(PB08)_L2,521409,EPG,EPG(PB08)_L8,2
519140,EPG,EPG(PB08)_L1,521409,EPG,EPG(PB08)_L8,2
515675,EPG,EPG(PB08)_R1,521409,EPG,EPG(PB08)_L8,2
15713,EPG,EPG(PB08)_L6,521409,EPG,EPG(PB08)_L8,2
14727,EPG,EPG(PB08)_L7,521409,EPG,EPG(PB08)_L8,2
11307,EPG,EPG(PB08)_L4,521409,EPG,EPG(PB08)_L8,2
534662,FC2C,FC2C_C8_R,122334,FC2C,FC2C_C7_L,2
45343,FC2C,FC2C_C7_L,122334,FC2C,FC2C_C7_L,2
23159,PFL3,PFL3(PB12c)_R4_C4,122334,FC2C,FC2C_C7_L,2
907675,GFC2,GFC2_R,802551,GFC2,GFC2_L,2
803025,GFC2,GFC2_R,802551,GFC2,GFC2_L,2
84758,EPG,EPG(PB08)_L7,16360,EPG,EPG(PB08)_L6,2
513464,EPG,EPG(PB08)_R8,513463,EPG,EPG(PB08)_R2,2
15616,EPG,EPG(PB08)_R3,513463,EPG,EPG(PB08)_R2,2
520581,EPG,EPG(PB08)_R4,520812,EPG,EPG(PB08)_R8,2
106495,FC2B,FC2B_C6_R,526406,FC2A,FC2A_C2_R,2
46169,FC2A,FC2A_C1_L,526406,FC2A,FC2A_C2_R,2
33382,FC2A,FC2A_C8_R,526406,FC2A,FC2A_C2_R,2
149740,FC2B,FC2B_C9_L,99820,FC2B,FC2B_C4_L,2
68271,FC2B,FC2B_C7_L,99820,FC2B,FC2B_C4_L,2
533436,FC2C,FC2C_C7_L,19715,PFL2,PFL2(PB12b)_L4_C8,2
68271,FC2B,FC2B_C7_L,19715,PFL2,PFL2(PB12b)_L4_C8,2
56905,FC2C,FC2C_C9_L,19715,PFL2,PFL2(PB12b)_L4_C8,2
14729,PFL2,PFL2(PB12b)_R1_C5,19715,PFL2,PFL2(PB12b)_L4_C8,2
13031,PFL2,PFL2(PB12b)_R3_C3,19715,PFL2,PFL2(PB12b)_L4_C8,2
11673,PFL2,PFL2(PB12b)_R4_C2,19715,PFL2,PFL2(PB12b)_L4_C8,2
518378,PFL3,PFL3(PB12c)_R5_C3,79549,PFL3,PFL3(PB12c)_R7_C1,2
131313,EPG,EPG(PB08)_R6,79549,PFL3,PFL3(PB12c)_R7_C1,2
33356,FC2B,FC2B_C2_L,79549,PFL3,PFL3(PB12c)_R7_C1,2
513463,EPG,EPG(PB08)_R2,13031,PFL2,PFL2(PB12b)_R3_C3,2
55415,FC2B,FC2B_C1_R,13031,PFL2,PFL2(PB12b)_R3_C3,2
13490,PFL2,PFL2(PB12b)_L1_C5,13031,PFL2,PFL2(PB12b)_R3_C3,2
11673,PFL2,PFL2(PB12b)_R4_C2,13031,PFL2,PFL2(PB12b)_R3_C3,2
11557,PFL2,PFL2(PB12b)_L3_C7,13031,PFL2,PFL2(PB12b)_R3_C3,2
515675,EPG,EPG(PB08)_R1,520581,EPG,EPG(PB08)_R4,2
513520,EPG,EPG(PB08)_R6,520581,EPG,EPG(PB08)_R4,2
513463,EPG,EPG(PB08)_R2,520581,EPG,EPG(PB08)_R4,2
512305,EPG,EPG(PB08)_R8,520581,EPG,EPG(PB08)_R4,2
11503,EPG,EPG(PB08)_R8,520581,EPG,EPG(PB08)_R4,2
802551,GFC2,GFC2_L,802478,GFC2,GFC2_R,2
534662,FC2C,FC2C_C8_R,127661,FC2C,FC2C_C6_R,2
148830,FC2C,FC2C_C5_R,127661,FC2C,FC2C_C6_R,2
106495,FC2B,FC2B_C6_R,127661,FC2C,FC2C_C6_R,2
96384,FC2B,FC2B_C5_R,127661,FC2C,FC2C_C6_R,2
67741,FC2B,FC2B_C6_R,127661,FC2C,FC2C_C6_R,2
556347,EPG,EPG(PB08)_R4,11987,EPG,EPG(PB08)_R5,2
520581,EPG,EPG(PB08)_R4,11987,EPG,EPG(PB08)_R5,2
512513,EPG,EPG(PB08)_R1,11987,EPG,EPG(PB08)_R5,2
534662,FC2C,FC2C_C8_R,511842,PFL2,PFL2(PB12b)_L2_C6,2
518375,PFL2,PFL2(PB12b)_R3_C3,511842,PFL2,PFL2(PB12b)_L2_C6,2
131273,FC2A,FC2A_C5_R,511842,PFL2,PFL2(PB12b)_L2_C6,2
96384,FC2B,FC2B_C5_R,511842,PFL2,PFL2(PB12b)_L2_C6,2
19715,PFL2,PFL2(PB12b)_L4_C8,511842,PFL2,PFL2(PB12b)_L2_C6,2
13031,PFL2,PFL2(PB12b)_R3_C3,511842,PFL2,PFL2(PB12b)_L2_C6,2
127661,FC2C,FC2C_C6_R,108286,FC2C,FC2C_C7_R,2
96384,FC2B,FC2B_C5_R,108286,FC2C,FC2C_C7_R,2
140794,FC2C,FC2C_C3_R,236557,FC2C,FC2C_C3_R,2
89635,FC2B,FC2B_C3_R,236557,FC2C,FC2C_C3_R,2
41941,FC2C,FC2C_C4_L,236557,FC2C,FC2C_C3_R,2
519358,FC2B,FC2B_C4_R,107690,FC2B,FC2B_C4_L,2
99820,FC2B,FC2B_C4_L,107690,FC2B,FC2B_C4_L,2
56905,FC2C,FC2C_C9_L,107690,FC2B,FC2B_C4_L,2
519941,EPG,EPG(PB08)_L3,11874,EPG,EPG(PB08)_L7,2
107195,EPG,EPG(PB08)_L5,11874,EPG,EPG(PB08)_L7,2
170539,FC2A,FC2A_C4_R,14729,PFL2,PFL2(PB12b)_R1_C5,2
141430,FC2C,FC2C_C3_R,14729,PFL2,PFL2(PB12b)_R1_C5,2
79204,FC2C,FC2C_C3_L,14729,PFL2,PFL2(PB12b)_R1_C5,2
19715,PFL2,PFL2(PB12b)_L4_C8,14729,PFL2,PFL2(PB12b)_R1_C5,2
17000,PFL3,PFL3(PB12c)_L1_C3,14729,PFL2,PFL2(PB12b)_R1_C5,2
127661,FC2C,FC2C_C6_R,119544,FC2C,FC2C_C6_L,2
115261,FC2C,FC2C_C6_L,119544,FC2C,FC2C_C6_L,2
108286,FC2C,FC2C_C7_R,119544,FC2C,FC2C_C6_L,2
41941,FC2C,FC2C_C4_L,119544,FC2C,FC2C_C6_L,2
519346,PFL3,PFL3(PB12c)_L7_C9,17000,PFL3,PFL3(PB12c)_L1_C3,2
241046,FC2B,FC2B_C4_R,17000,PFL3,PFL3(PB12c)_L1_C3,2
33356,FC2B,FC2B_C2_L,17000,PFL3,PFL3(PB12c)_L1_C3,2
15210,PFL3,PFL3(PB12c)_R2_C1_irreg,17000,PFL3,PFL3(PB12c)_L1_C3,2
546044,FC2C,FC2C_C3_R,11673,PFL2,PFL2(PB12b)_R4_C2,2
537128,FC2C,FC2C_C1_L,11673,PFL2,PFL2(PB12b)_R4_C2,2
520811,PFL3,PFL3(PB12c)_R6_C2,11673,PFL2,PFL2(PB12b)_R4_C2,2
518375,PFL2,PFL2(PB12b)_R3_C3,11673,PFL2,PFL2(PB12b)_R4_C2,2
141430,FC2C,FC2C_C3_R,11673,PFL2,PFL2(PB12b)_R4_C2,2
13490,PFL2,PFL2(PB12b)_L1_C5,11673,PFL2,PFL2(PB12b)_R4_C2,2
13031,PFL2,PFL2(PB12b)_R3_C3,11673,PFL2,PFL2(PB12b)_R4_C2,2
531073,FC2C,FC2C_C9_R,153558,FC2C,FC2C_C5_R,2
82293,FC2B,FC2B_C5_L,153558,FC2C,FC2C_C5_R,2
119819,FC2C,FC2C_C8_L,529266,FC2C,FC2C_C2_L,2
153441,FC2C,FC2C_C5_L,68502,FC2C,FC2C_C1_L,2
137990,FC2B,FC2B_C3_L,68502,FC2C,FC2C_C1_L,2
56905,FC2C,FC2C_C9_L,68502,FC2C,FC2C_C1_L,2
50885,FC2C,FC2C_C2_L,68502,FC2C,FC2C_C1_L,2
34203,FC2B,FC2B_C1_R,68502,FC2C,FC2C_C1_L,2
149740,FC2B,FC2B_C9_L,57603,FC2C,FC2C_C9_L,2
119819,FC2C,FC2C_C8_L,57603,FC2C,FC2C_C9_L,2
79204,FC2C,FC2C_C3_L,57603,FC2C,FC2C_C9_L,2
56905,FC2C,FC2C_C9_L,57603,FC2C,FC2C_C9_L,2
520812,EPG,EPG(PB08)_R8,14507,EPG,EPG(PB08)_R7,2
512305,EPG,EPG(PB08)_R8,14507,EPG,EPG(PB08)_R7,2
131313,EPG,EPG(PB08)_R6,14507,EPG,EPG(PB08)_R7,2
19825,EPG,EPG(PB08)_R6,14507,EPG,EPG(PB08)_R7,2
109752,FC2C,FC2C_C9_R,531073,FC2C,FC2C_C9_R,2
108286,FC2C,FC2C_C7_R,531073,FC2C,FC2C_C9_R,2
74480,FC2C,FC2C_C9_R,531073,FC2C,FC2C_C9_R,2
60670,FC2C,FC2C_C1_R,531073,FC2C,FC2C_C9_R,2
16360,EPG,EPG(PB08)_L6,519941,EPG,EPG(PB08)_L3,2
513463,EPG,EPG(PB08)_R2,556347,EPG,EPG(PB08)_R4,2
513517,EPG,EPG(PB08)_L4,556347,EPG,EPG(PB08)_R4,2
513284,EPG,EPG(PB08)_R3,556347,EPG,EPG(PB08)_R4,2
131313,EPG,EPG(PB08)_R6,556347,EPG,EPG(PB08)_R4,2
19825,EPG,EPG(PB08)_R6,556347,EPG,EPG(PB08)_R4,2
518606,FC2A,FC2A_C8_L,56382,FC2A,FC2A_C6_L,2
68271,FC2B,FC2B_C7_L,56382,FC2A,FC2A_C6_L,2
41559,FC2A,FC2A_C9_L,56382,FC2A,FC2A_C6_L,2
40179,FC2A,FC2A_C7_L,56382,FC2A,FC2A_C6_L,2
513464,EPG,EPG(PB08)_R8,55630,EPGt,EPGt(PB09)_R9,2
513284,EPG,EPG(PB08)_R3,55630,EPGt,EPGt(PB09)_R9,2
512305,EPG,EPG(PB08)_R8,55630,EPGt,EPGt(PB09)_R9,2
534662,FC2C,FC2C_C8_R,18851,PFL3,PFL3(PB12c)_L1_C8_irreg,2
68271,FC2B,FC2B_C7_L,18851,PFL3,PFL3(PB12c)_L1_C8_irreg,2
45876,FC2A,FC2A_C7_R,18851,PFL3,PFL3(PB12c)_L1_C8_irreg,2
35322,PFL3,PFL3(PB12c)_R1_C7,18851,PFL3,PFL3(PB12c)_L1_C8_irreg,2
151739,FC2C,FC2C_C2_R,51782,FC2C,FC2C_C2_R,1
148830,FC2C,FC2C_C5_R,51782,FC2C,FC2C_C2_R,1
108286,FC2C,FC2C_C7_R,51782,FC2C,FC2C_C2_R,1
101011,FC2C,FC2C_C6_R,51782,FC2C,FC2C_C2_R,1
67361,FC2B,FC2B_C2_R,51782,FC2C,FC2C_C2_R,1
55415,FC2B,FC2B_C1_R,51782,FC2C,FC2C_C2_R,1
50461,FC2B,FC2B_C9_R,51782,FC2C,FC2C_C2_R,1
518378,PFL3,PFL3(PB12c)_R5_C3,92188,EPG,EPG(PB08)_R7,1
513520,EPG,EPG(PB08)_R6,92188,EPG,EPG(PB08)_R7,1
513463,EPG,EPG(PB08)_R2,92188,EPG,EPG(PB08)_R7,1
19825,EPG,EPG(PB08)_R6,92188,EPG,EPG(PB08)_R7,1
11987,EPG,EPG(PB08)_R5,92188,EPG,EPG(PB08)_R7,1
513034,PFL2,PFL2(PB12b)_L5_C9,567101,PFL3,PFL3(PB12c)_R3_C5,1
119544,FC2C,FC2C_C6_L,567101,PFL3,PFL3(PB12c)_R3_C5,1
108286,FC2C,FC2C_C7_R,567101,PFL3,PFL3(PB12c)_R3_C5,1
95713,FC2C,FC2C_C4_L,567101,PFL3,PFL3(PB12c)_R3_C5,1
85400,FC2B,FC2B_C7_R,567101,PFL3,PFL3(PB12c)_R3_C5,1
36201,FC2A,FC2A_C4_L,567101,PFL3,PFL3(PB12c)_R3_C5,1
35322,PFL3,PFL3(PB12c)_R1_C7,567101,PFL3,PFL3(PB12c)_R3_C5,1
18851,PFL3,PFL3(PB12c)_L1_C8_irreg,567101,PFL3,PFL3(PB12c)_R3_C5,1
11989,EPG,EPG(PB08)_L5,567101,PFL3,PFL3(PB12c)_R3_C5,1
519358,FC2B,FC2B_C4_R,39538,FC2A,FC2A_C6_R,1
241046,FC2B,FC2B_C4_R,39538,FC2A,FC2A_C6_R,1
153441,FC2C,FC2C_C5_L,39538,FC2A,FC2A_C6_R,1
96384,FC2B,FC2B_C5_R,39538,FC2A,FC2A_C6_R,1
89635,FC2B,FC2B_C3_R,39538,FC2A,FC2A_C6_R,1
85400,FC2B,FC2B_C7_R,39538,FC2A,FC2A_C6_R,1
50461,FC2B,FC2B_C9_R,39538,FC2A,FC2A_C6_R,1
36201,FC2A,FC2A_C4_L,39538,FC2A,FC2A_C6_R,1
33382,FC2A,FC2A_C8_R,39538,FC2A,FC2A_C6_R,1
551404,FC2C,FC2C_C6_L,524977,FC2C,FC2C_C3_L,1
537128,FC2C,FC2C_C1_L,524977,FC2C,FC2C_C3_L,1
529266,FC2C,FC2C_C2_L,524977,FC2C,FC2C_C3_L,1
140794,FC2C,FC2C_C3_R,524977,FC2C,FC2C_C3_L,1
137990,FC2B,FC2B_C3_L,524977,FC2C,FC2C_C3_L,1
119819,FC2C,FC2C_C8_L,524977,FC2C,FC2C_C3_L,1
91537,FC2C,FC2C_C5_L,524977,FC2C,FC2C_C3_L,1
88342,EPG,EPG(PB08)_L3,524977,FC2C,FC2C_C3_L,1
79204,FC2C,FC2C_C3_L,524977,FC2C,FC2C_C3_L,1
66750,FC2C,FC2C_C4_R,524977,FC2C,FC2C_C3_L,1
99820,FC2B,FC2B_C4_L,124562,FC2C,FC2C_C5_L,1
96384,FC2B,FC2B_C5_R,124562,FC2C,FC2C_C5_L,1
56905,FC2C,FC2C_C9_L,124562,FC2C,FC2C_C5_L,1
50885,FC2C,FC2C_C2_L,124562,FC2C,FC2C_C5_L,1
39538,FC2A,FC2A_C6_R,124562,FC2C,FC2C_C5_L,1
12449,EPG,EPG(PB08)_L5,124562,FC2C,FC2C_C5_L,1
521812,EPG,EPG(PB08)_R7,513284,EPG,EPG(PB08)_R3,1
515675,EPG,EPG(PB08)_R1,513284,EPG,EPG(PB08)_R3,1
513463,EPG,EPG(PB08)_R2,513284,EPG,EPG(PB08)_R3,1
512513,EPG,EPG(PB08)_R1,513284,EPG,EPG(PB08)_R3,1
108286,FC2C,FC2C_C7_R,513284,EPG,EPG(PB08)_R3,1
107195,EPG,EPG(PB08)_L5,513284,EPG,EPG(PB08)_R3,1
92188,EPG,EPG(PB08)_R7,513284,EPG,EPG(PB08)_R3,1
12449,EPG,EPG(PB08)_L5,513284,EPG,EPG(PB08)_R3,1
11987,EPG,EPG(PB08)_R5,513284,EPG,EPG(PB08)_R3,1
10539,EPG,EPG(PB08)_R2,513284,EPG,EPG(PB08)_R3,1
529266,FC2C,FC2C_C2_L,529992,FC2C,FC2C_C1_R,1
515233,FC2B,FC2B_C2_R,529992,FC2C,FC2C_C1_R,1
141430,FC2C,FC2C_C3_R,529992,FC2C,FC2C_C1_R,1
140794,FC2C,FC2C_C3_R,529992,FC2C,FC2C_C1_R,1
109752,FC2C,FC2C_C9_R,529992,FC2C,FC2C_C1_R,1
68579,FC2C,FC2C_C5_R,529992,FC2C,FC2C_C1_R,1
67361,FC2B,FC2B_C2_R,529992,FC2C,FC2C_C1_R,1
50885,FC2C,FC2C_C2_L,529992,FC2C,FC2C_C1_R,1
50431,FC2C,FC2C_C8_R,529992,FC2C,FC2C_C1_R,1
139763,FC2C,FC2C_C2_R,33356,FC2B,FC2B_C2_L,1
137299,FC2A,FC2A_C5_L,33356,FC2B,FC2B_C2_L,1
115261,FC2C,FC2C_C6_L,33356,FC2B,FC2B_C2_L,1
97443,FC2B,FC2B_C8_L,33356,FC2B,FC2B_C2_L,1
74326,FC2B,FC2B_C8_L,33356,FC2B,FC2B_C2_L,1
50885,FC2C,FC2C_C2_L,33356,FC2B,FC2B_C2_L,1
29674,FC2A,FC2A_C2_L,33356,FC2B,FC2B_C2_L,1
560327,FC2A,FC2A_C3_R,55401,FC2A,FC2A_C9_R,1
531073,FC2C,FC2C_C9_R,55401,FC2A,FC2A_C9_R,1
519346,PFL3,PFL3(PB12c)_L7_C9,55401,FC2A,FC2A_C9_R,1
518606,FC2A,FC2A_C8_L,55401,FC2A,FC2A_C9_R,1
515675,EPG,EPG(PB08)_R1,55401,FC2A,FC2A_C9_R,1
149740,FC2B,FC2B_C9_L,55401,FC2A,FC2A_C9_R,1
132482,FC2C,FC2C_C9_L,55401,FC2A,FC2A_C9_R,1
122334,FC2C,FC2C_C7_L,55401,FC2A,FC2A_C9_R,1
97443,FC2B,FC2B_C8_L,55401,FC2A,FC2A_C9_R,1
50461,FC2B,FC2B_C9_R,55401,FC2A,FC2A_C9_R,1
41559,FC2A,FC2A_C9_L,55401,FC2A,FC2A_C9_R,1
40179,FC2A,FC2A_C7_L,55401,FC2A,FC2A_C9_R,1
34203,FC2B,FC2B_C1_R,55401,FC2A,FC2A_C9_R,1
19009,PFL3,PFL3(PB12c)_L2_C9_irreg,55401,FC2A,FC2A_C9_R,1
513463,EPG,EPG(PB08)_R2,513464,EPG,EPG(PB08)_R8,1
88342,EPG,EPG(PB08)_L3,513464,EPG,EPG(PB08)_R8,1
19825,EPG,EPG(PB08)_R6,513464,EPG,EPG(PB08)_R8,1
14507,EPG,EPG(PB08)_R7,513464,EPG,EPG(PB08)_R8,1
556346,EPG,EPG(PB08)_L6,524073,EPG,EPG(PB08)_L2,1
521409,EPG,EPG(PB08)_L8,524073,EPG,EPG(PB08)_L2,1
519144,EPG,EPG(PB08)_L8,524073,EPG,EPG(PB08)_L2,1
515675,EPG,EPG(PB08)_R1,524073,EPG,EPG(PB08)_L2,1
57591,EPGt,EPGt(PB09)_L9,524073,EPG,EPG(PB08)_L2,1
55630,EPGt,EPGt(PB09)_R9,524073,EPG,EPG(PB08)_L2,1
15713,EPG,EPG(PB08)_L6,524073,EPG,EPG(PB08)_L2,1
12449,EPG,EPG(PB08)_L5,524073,EPG,EPG(PB08)_L2,1
550660,FC2C,FC2C_C7_R,546044,FC2C,FC2C_C3_R,1
140794,FC2C,FC2C_C3_R,546044,FC2C,FC2C_C3_R,1
139763,FC2C,FC2C_C2_R,546044,FC2C,FC2C_C3_R,1
106495,FC2B,FC2B_C6_R,546044,FC2C,FC2C_C3_R,1
89635,FC2B,FC2B_C3_R,546044,FC2C,FC2C_C3_R,1
68579,FC2C,FC2C_C5_R,546044,FC2C,FC2C_C3_R,1
60670,FC2C,FC2C_C1_R,546044,FC2C,FC2C_C3_R,1
55415,FC2B,FC2B_C1_R,546044,FC2C,FC2C_C3_R,1
33356,FC2B,FC2B_C2_L,546044,FC2C,FC2C_C3_R,1
546044,FC2C,FC2C_C3_R,520811,PFL3,PFL3(PB12c)_R6_C2,1
519624,DNa03,DNa03_L,520811,PFL3,PFL3(PB12c)_R6_C2,1
518378,PFL3,PFL3(PB12c)_R5_C3,520811,PFL3,PFL3(PB12c)_R6_C2,1
512305,EPG,EPG(PB08)_R8,520811,PFL3,PFL3(PB12c)_R6_C2,1
18327,PFL3,PFL3(PB12c)_R2_C6,520811,PFL3,PFL3(PB12c)_R6_C2,1
513033,EPG,EPG(PB08)_L8,11307,EPG,EPG(PB08)_L4,1
88342,EPG,EPG(PB08)_L3,11307,EPG,EPG(PB08)_L4,1
84758,EPG,EPG(PB08)_L7,11307,EPG,EPG(PB08)_L4,1
36201,FC2A,FC2A_C4_L,11307,EPG,EPG(PB08)_L4,1
29836,PFL3,PFL3(PB12c)_L4_C6,11307,EPG,EPG(PB08)_L4,1
19125,EPG,EPG(PB08)_R5,11307,EPG,EPG(PB08)_L4,1
12449,EPG,EPG(PB08)_L5,11307,EPG,EPG(PB08)_L4,1
11989,EPG,EPG(PB08)_L5,11307,EPG,EPG(PB08)_L4,1
122167,FC2C,FC2C_C7_R,533436,FC2C,FC2C_C7_L,1
108286,FC2C,FC2C_C7_R,533436,FC2C,FC2C_C7_L,1
91537,FC2C,FC2C_C5_L,533436,FC2C,FC2C_C7_L,1
85400,FC2B,FC2B_C7_R,533436,FC2C,FC2C_C7_L,1
57603,FC2C,FC2C_C9_L,533436,FC2C,FC2C_C7_L,1
50885,FC2C,FC2C_C2_L,533436,FC2C,FC2C_C7_L,1
45343,FC2C,FC2C_C7_L,533436,FC2C,FC2C_C7_L,1
44554,FC2B,FC2B_C8_R,533436,FC2C,FC2C_C7_L,1
33382,FC2A,FC2A_C8_R,533436,FC2C,FC2C_C7_L,1
515675,EPG,EPG(PB08)_R1,521812,EPG,EPG(PB08)_R7,1
512928,EPG,EPG(PB08)_R3,521812,EPG,EPG(PB08)_R7,1
131313,EPG,EPG(PB08)_R6,521812,EPG,EPG(PB08)_R7,1
11987,EPG,EPG(PB08)_R5,521812,EPG,EPG(PB08)_R7,1
11673,PFL2,PFL2(PB12b)_R4_C2,521812,EPG,EPG(PB08)_R7,1
560327,FC2A,FC2A_C3_R,50885,FC2C,FC2C_C2_L,1
537128,FC2C,FC2C_C1_L,50885,FC2C,FC2C_C2_L,1
524977,FC2C,FC2C_C3_L,50885,FC2C,FC2C_C2_L,1
515233,FC2B,FC2B_C2_R,50885,FC2C,FC2C_C2_L,1
103466,FC2B,FC2B_C2_L,50885,FC2C,FC2C_C2_L,1
89635,FC2B,FC2B_C3_R,50885,FC2C,FC2C_C2_L,1
71855,FC2A,FC2A_C3_L,50885,FC2C,FC2C_C2_L,1
29674,FC2A,FC2A_C2_L,50885,FC2C,FC2C_C2_L,1
153558,FC2C,FC2C_C5_R,153441,FC2C,FC2C_C5_L,1
148830,FC2C,FC2C_C5_R,153441,FC2C,FC2C_C5_L,1
137299,FC2A,FC2A_C5_L,153441,FC2C,FC2C_C5_L,1
122334,FC2C,FC2C_C7_L,153441,FC2C,FC2C_C5_L,1
82293,FC2B,FC2B_C5_L,153441,FC2C,FC2C_C5_L,1
68579,FC2C,FC2C_C5_R,153441,FC2C,FC2C_C5_L,1
56905,FC2C,FC2C_C9_L,153441,FC2C,FC2C_C5_L,1
546044,FC2C,FC2C_C3_R,50431,FC2C,FC2C_C8_R,1
534662,FC2C,FC2C_C8_R,50431,FC2C,FC2C_C8_R,1
529992,FC2C,FC2C_C1_R,50431,FC2C,FC2C_C8_R,1
151739,FC2C,FC2C_C2_R,50431,FC2C,FC2C_C8_R,1
148830,FC2C,FC2C_C5_R,50431,FC2C,FC2C_C8_R,1
139763,FC2C,FC2C_C2_R,50431,FC2C,FC2C_C8_R,1
119819,FC2C,FC2C_C8_L,50431,FC2C,FC2C_C8_R,1
109752,FC2C,FC2C_C9_R,50431,FC2C,FC2C_C8_R,1
108286,FC2C,FC2C_C7_R,50431,FC2C,FC2C_C8_R,1
74326,FC2B,FC2B_C8_L,50431,FC2C,FC2C_C8_R,1
50461,FC2B,FC2B_C9_R,50431,FC2C,FC2C_C8_R,1
550660,FC2C,FC2C_C7_R,115674,FC2C,FC2C_C4_R,1
524977,FC2C,FC2C_C3_L,115674,FC2C,FC2C_C4_R,1
241046,FC2B,FC2B_C4_R,115674,FC2C,FC2C_C4_R,1
236557,FC2C,FC2C_C3_R,115674,FC2C,FC2C_C4_R,1
170539,FC2A,FC2A_C4_R,115674,FC2C,FC2C_C4_R,1
140794,FC2C,FC2C_C3_R,115674,FC2C,FC2C_C4_R,1
109752,FC2C,FC2C_C9_R,115674,FC2C,FC2C_C4_R,1
108286,FC2C,FC2C_C7_R,115674,FC2C,FC2C_C4_R,1
103466,FC2B,FC2B_C2_L,115674,FC2C,FC2C_C4_R,1
55415,FC2B,FC2B_C1_R,115674,FC2C,FC2C_C4_R,1
50461,FC2B,FC2B_C9_R,115674,FC2C,FC2C_C4_R,1
41941,FC2C,FC2C_C4_L,115674,FC2C,FC2C_C4_R,1
543506,EPGt,EPGt(PB09)_L9,512514,EPG,EPG(PB08)_L1,1
521409,EPG,EPG(PB08)_L8,512514,EPG,EPG(PB08)_L1,1
513517,EPG,EPG(PB08)_L4,512514,EPG,EPG(PB08)_L1,1
92188,EPG,EPG(PB08)_R7,512514,EPG,EPG(PB08)_L1,1
84758,EPG,EPG(PB08)_L7,512514,EPG,EPG(PB08)_L1,1
40768,EPGt,EPGt(PB09)_R9,512514,EPG,EPG(PB08)_L1,1
11874,EPG,EPG(PB08)_L7,512514,EPG,EPG(PB08)_L1,1
11307,EPG,EPG(PB08)_L4,512514,EPG,EPG(PB08)_L1,1
515233,FC2B,FC2B_C2_R,151739,FC2C,FC2C_C2_R,1
153558,FC2C,FC2C_C5_R,151739,FC2C,FC2C_C2_R,1
140787,FC2B,FC2B_C1_L,151739,FC2C,FC2C_C2_R,1
127661,FC2C,FC2C_C6_R,151739,FC2C,FC2C_C2_R,1
74480,FC2C,FC2C_C9_R,151739,FC2C,FC2C_C2_R,1
68502,FC2C,FC2C_C1_L,151739,FC2C,FC2C_C2_R,1
67361,FC2B,FC2B_C2_R,151739,FC2C,FC2C_C2_R,1
60670,FC2C,FC2C_C1_R,151739,FC2C,FC2C_C2_R,1
34203,FC2B,FC2B_C1_R,151739,FC2C,FC2C_C2_R,1
29674,FC2A,FC2A_C2_L,151739,FC2C,FC2C_C2_R,1
550660,FC2C,FC2C_C7_R,44554,FC2B,FC2B_C8_R,1
529992,FC2C,FC2C_C1_R,44554,FC2B,FC2B_C8_R,1
518606,FC2A,FC2A_C8_L,44554,FC2B,FC2B_C8_R,1
112888,FC2C,FC2C_C8_L,44554,FC2B,FC2B_C8_R,1
39538,FC2A,FC2A_C6_R,44554,FC2B,FC2B_C8_R,1
34203,FC2B,FC2B_C1_R,44554,FC2B,FC2B_C8_R,1
556346,EPG,EPG(PB08)_L6,13217,EPG,EPG(PB08)_L8,1
524073,EPG,EPG(PB08)_L2,13217,EPG,EPG(PB08)_L8,1
521813,EPG,EPG(PB08)_L2,13217,EPG,EPG(PB08)_L8,1
519941,EPG,EPG(PB08)_L3,13217,EPG,EPG(PB08)_L8,1
519328,EPG,EPG(PB08)_L3,13217,EPG,EPG(PB08)_L8,1
512514,EPG,EPG(PB08)_L1,13217,EPG,EPG(PB08)_L8,1
57591,EPGt,EPGt(PB09)_L9,13217,EPG,EPG(PB08)_L8,1
14727,EPG,EPG(PB08)_L7,13217,EPG,EPG(PB08)_L8,1
12449,EPG,EPG(PB08)_L5,13217,EPG,EPG(PB08)_L8,1
11989,EPG,EPG(PB08)_L5,13217,EPG,EPG(PB08)_L8,1
11307,EPG,EPG(PB08)_L4,13217,EPG,EPG(PB08)_L8,1
519346,PFL3,PFL3(PB12c)_L7_C9,149740,FC2B,FC2B_C9_L,1
518606,FC2A,FC2A_C8_L,149740,FC2B,FC2B_C9_L,1
140787,FC2B,FC2B_C1_L,149740,FC2B,FC2B_C9_L,1
137299,FC2A,FC2A_C5_L,149740,FC2B,FC2B_C9_L,1
109752,FC2C,FC2C_C9_R,149740,FC2B,FC2B_C9_L,1
64270,FC2C,FC2C_C8_L,149740,FC2B,FC2B_C9_L,1
50461,FC2B,FC2B_C9_R,149740,FC2B,FC2B_C9_L,1
35277,FC2B,FC2B_C8_R,149740,FC2B,FC2B_C9_L,1
153558,FC2C,FC2C_C5_R,148830,FC2C,FC2C_C5_R,1
141430,FC2C,FC2C_C3_R,148830,FC2C,FC2C_C5_R,1
101011,FC2C,FC2C_C6_R,148830,FC2C,FC2C_C5_R,1
96384,FC2B,FC2B_C5_R,148830,FC2C,FC2C_C5_R,1
74480,FC2C,FC2C_C9_R,148830,FC2C,FC2C_C5_R,1
51782,FC2C,FC2C_C2_R,148830,FC2C,FC2C_C5_R,1
520812,EPG,EPG(PB08)_R8,15616,EPG,EPG(PB08)_R3,1
513464,EPG,EPG(PB08)_R8,15616,EPG,EPG(PB08)_R3,1
512513,EPG,EPG(PB08)_R1,15616,EPG,EPG(PB08)_R3,1
92188,EPG,EPG(PB08)_R7,15616,EPG,EPG(PB08)_R3,1
19125,EPG,EPG(PB08)_R5,15616,EPG,EPG(PB08)_R3,1
12449,EPG,EPG(PB08)_L5,15616,EPG,EPG(PB08)_R3,1
11989,EPG,EPG(PB08)_L5,15616,EPG,EPG(PB08)_R3,1
524073,EPG,EPG(PB08)_L2,14727,EPG,EPG(PB08)_L7,1
520811,PFL3,PFL3(PB12c)_R6_C2,14727,EPG,EPG(PB08)_L7,1
11989,EPG,EPG(PB08)_L5,14727,EPG,EPG(PB08)_L7,1
523032,PFL3,PFL3(PB12c)_L2_C4,11557,PFL2,PFL2(PB12b)_L3_C7,1
513463,EPG,EPG(PB08)_R2,11557,PFL2,PFL2(PB12b)_L3_C7,1
56905,FC2C,FC2C_C9_L,11557,PFL2,PFL2(PB12b)_L3_C7,1
543506,EPGt,EPGt(PB09)_L9,515675,EPG,EPG(PB08)_R1,1
531073,FC2C,FC2C_C9_R,515675,EPG,EPG(PB08)_R1,1
513284,EPG,EPG(PB08)_R3,515675,EPG,EPG(PB08)_R1,1
512305,EPG,EPG(PB08)_R8,515675,EPG,EPG(PB08)_R1,1
92188,EPG,EPG(PB08)_R7,515675,EPG,EPG(PB08)_R1,1
40768,EPGt,EPGt(PB09)_R9,515675,EPG,EPG(PB08)_R1,1
19125,EPG,EPG(PB08)_R5,515675,EPG,EPG(PB08)_R1,1
11987,EPG,EPG(PB08)_R5,515675,EPG,EPG(PB08)_R1,1
11874,EPG,EPG(PB08)_L7,515675,EPG,EPG(PB08)_R1,1
560327,FC2A,FC2A_C3_R,89635,FC2B,FC2B_C3_R,1
546044,FC2C,FC2C_C3_R,89635,FC2B,FC2B_C3_R,1
529266,FC2C,FC2C_C2_L,89635,FC2B,FC2B_C3_R,1
518378,PFL3,PFL3(PB12c)_R5_C3,89635,FC2B,FC2B_C3_R,1
241046,FC2B,FC2B_C4_R,89635,FC2B,FC2B_C3_R,1
137990,FC2B,FC2B_C3_L,89635,FC2B,FC2B_C3_R,1
109752,FC2C,FC2C_C9_R,89635,FC2B,FC2B_C3_R,1
55401,FC2A,FC2A_C9_R,89635,FC2B,FC2B_C3_R,1
50461,FC2B,FC2B_C9_R,89635,FC2B,FC2B_C3_R,1
512513,EPG,EPG(PB08)_R1,74480,FC2C,FC2C_C9_R,1
236557,FC2C,FC2C_C3_R,74480,FC2C,FC2C_C9_R,1
139763,FC2C,FC2C_C2_R,74480,FC2C,FC2C_C9_R,1
127661,FC2C,FC2C_C6_R,74480,FC2C,FC2C_C9_R,1
112888,FC2C,FC2C_C8_L,74480,FC2C,FC2C_C9_R,1
101011,FC2C,FC2C_C6_R,74480,FC2C,FC2C_C9_R,1
74326,FC2B,FC2B_C8_L,74480,FC2C,FC2C_C9_R,1
56905,FC2C,FC2C_C9_L,74480,FC2C,FC2C_C9_R,1
523032,PFL3,PFL3(PB12c)_L2_C4,27492,PFL2,PFL2(PB12b)_L3_C7,1
519346,PFL3,PFL3(PB12c)_L7_C9,27492,PFL2,PFL2(PB12b)_L3_C7,1
74326,FC2B,FC2B_C8_L,27492,PFL2,PFL2(PB12b)_L3_C7,1
64270,FC2C,FC2C_C8_L,27492,PFL2,PFL2(PB12b)_L3_C7,1
39538,FC2A,FC2A_C6_R,27492,PFL2,PFL2(PB12b)_L3_C7,1
35322,PFL3,PFL3(PB12c)_R1_C7,27492,PFL2,PFL2(PB12b)_L3_C7,1
551404,FC2C,FC2C_C6_L,95713,FC2C,FC2C_C4_L,1
533436,FC2C,FC2C_C7_L,95713,FC2C,FC2C_C4_L,1
97443,FC2B,FC2B_C8_L,95713,FC2C,FC2C_C4_L,1
50885,FC2C,FC2C_C2_L,95713,FC2C,FC2C_C4_L,1
532704,FC2A,FC2A_C1_R,29674,FC2A,FC2A_C2_L,1
530445,FC2B,FC2B_C6_L,29674,FC2A,FC2A_C2_L,1
529266,FC2C,FC2C_C2_L,29674,FC2A,FC2A_C2_L,1
526406,FC2A,FC2A_C2_R,29674,FC2A,FC2A_C2_L,1
149740,FC2B,FC2B_C9_L,29674,FC2A,FC2A_C2_L,1
139763,FC2C,FC2C_C2_R,29674,FC2A,FC2A_C2_L,1
99820,FC2B,FC2B_C4_L,29674,FC2A,FC2A_C2_L,1
51782,FC2C,FC2C_C2_R,29674,FC2A,FC2A_C2_L,1
50885,FC2C,FC2C_C2_L,29674,FC2A,FC2A_C2_L,1
46169,FC2A,FC2A_C1_L,29674,FC2A,FC2A_C2_L,1
40179,FC2A,FC2A_C7_L,29674,FC2A,FC2A_C2_L,1
34203,FC2B,FC2B_C1_R,29674,FC2A,FC2A_C2_L,1
556346,EPG,EPG(PB08)_L6,513517,EPG,EPG(PB08)_L4,1
523786,EPG,EPG(PB08)_R4,513517,EPG,EPG(PB08)_L4,1
521813,EPG,EPG(PB08)_L2,513517,EPG,EPG(PB08)_L4,1
519144,EPG,EPG(PB08)_L8,513517,EPG,EPG(PB08)_L4,1
512514,EPG,EPG(PB08)_L1,513517,EPG,EPG(PB08)_L4,1
112888,FC2C,FC2C_C8_L,518606,FC2A,FC2A_C8_L,1
64270,FC2C,FC2C_C8_L,518606,FC2A,FC2A_C8_L,1
55401,FC2A,FC2A_C9_R,518606,FC2A,FC2A_C8_L,1
46169,FC2A,FC2A_C1_L,518606,FC2A,FC2A_C8_L,1
40179,FC2A,FC2A_C7_L,518606,FC2A,FC2A_C8_L,1
551404,FC2C,FC2C_C6_L,550660,FC2C,FC2C_C7_R,1
533436,FC2C,FC2C_C7_L,550660,FC2C,FC2C_C7_R,1
140794,FC2C,FC2C_C3_R,550660,FC2C,FC2C_C7_R,1
109752,FC2C,FC2C_C9_R,550660,FC2C,FC2C_C7_R,1
89635,FC2B,FC2B_C3_R,550660,FC2C,FC2C_C7_R,1
51782,FC2C,FC2C_C2_R,550660,FC2C,FC2C_C7_R,1
109752,FC2C,FC2C_C9_R,34203,FC2B,FC2B_C1_R,1
79549,PFL3,PFL3(PB12c)_R7_C1,34203,FC2B,FC2B_C1_R,1
55415,FC2B,FC2B_C1_R,34203,FC2B,FC2B_C1_R,1
46169,FC2A,FC2A_C1_L,34203,FC2B,FC2B_C1_R,1
44554,FC2B,FC2B_C8_R,34203,FC2B,FC2B_C1_R,1
526406,FC2A,FC2A_C2_R,46169,FC2A,FC2A_C1_L,1
515233,FC2B,FC2B_C2_R,46169,FC2A,FC2A_C1_L,1
137299,FC2A,FC2A_C5_L,46169,FC2A,FC2A_C1_L,1
68502,FC2C,FC2C_C1_L,46169,FC2A,FC2A_C1_L,1
56382,FC2A,FC2A_C6_L,46169,FC2A,FC2A_C1_L,1
51782,FC2C,FC2C_C2_R,46169,FC2A,FC2A_C1_L,1
35322,PFL3,PFL3(PB12c)_R1_C7,518378,PFL3,PFL3(PB12c)_R5_C3,1
23159,PFL3,PFL3(PB12c)_R4_C4,518378,PFL3,PFL3(PB12c)_R5_C3,1
79549,PFL3,PFL3(PB12c)_R7_C1,15210,PFL3,PFL3(PB12c)_R2_C1_irreg,1
26038,PFL3,PFL3(PB12c)_L5_C7,15210,PFL3,PFL3(PB12c)_R2_C1_irreg,1
543506,EPGt,EPGt(PB09)_L9,519140,EPG,EPG(PB08)_L1,1
524073,EPG,EPG(PB08)_L2,519140,EPG,EPG(PB08)_L1,1
521813,EPG,EPG(PB08)_L2,519140,EPG,EPG(PB08)_L1,1
519328,EPG,EPG(PB08)_L3,519140,EPG,EPG(PB08)_L1,1
55630,EPGt,EPGt(PB09)_R9,519140,EPG,EPG(PB08)_L1,1
11989,EPG,EPG(PB08)_L5,519140,EPG,EPG(PB08)_L1,1
520818,EPG,EPG(PB08)_L4,519328,EPG,EPG(PB08)_L3,1
513033,EPG,EPG(PB08)_L8,519328,EPG,EPG(PB08)_L3,1
16360,EPG,EPG(PB08)_L6,519328,EPG,EPG(PB08)_L3,1
14727,EPG,EPG(PB08)_L7,519328,EPG,EPG(PB08)_L3,1
11989,EPG,EPG(PB08)_L5,519328,EPG,EPG(PB08)_L3,1
519941,EPG,EPG(PB08)_L3,512305,EPG,EPG(PB08)_R8,1
513520,EPG,EPG(PB08)_R6,512305,EPG,EPG(PB08)_R8,1
88342,EPG,EPG(PB08)_L3,512305,EPG,EPG(PB08)_R8,1
19825,EPG,EPG(PB08)_R6,512305,EPG,EPG(PB08)_R8,1
14507,EPG,EPG(PB08)_R7,512305,EPG,EPG(PB08)_R8,1
10539,EPG,EPG(PB08)_R2,512305,EPG,EPG(PB08)_R8,1
153558,FC2C,FC2C_C5_R,141430,FC2C,FC2C_C3_R,1
151739,FC2C,FC2C_C2_R,141430,FC2C,FC2C_C3_R,1
140794,FC2C,FC2C_C3_R,141430,FC2C,FC2C_C3_R,1
139763,FC2C,FC2C_C2_R,141430,FC2C,FC2C_C3_R,1
127661,FC2C,FC2C_C6_R,141430,FC2C,FC2C_C3_R,1
115674,FC2C,FC2C_C4_R,141430,FC2C,FC2C_C3_R,1
66750,FC2C,FC2C_C4_R,141430,FC2C,FC2C_C3_R,1
50431,FC2C,FC2C_C8_R,141430,FC2C,FC2C_C3_R,1
519144,EPG,EPG(PB08)_L8,556346,EPG,EPG(PB08)_L6,1
107195,EPG,EPG(PB08)_L5,556346,EPG,EPG(PB08)_L6,1
11989,EPG,EPG(PB08)_L5,556346,EPG,EPG(PB08)_L6,1
11307,EPG,EPG(PB08)_L4,556346,EPG,EPG(PB08)_L6,1
533436,FC2C,FC2C_C7_L,17290,PFL3,PFL3(PB12c)_L6_C8,1
519346,PFL3,PFL3(PB12c)_L7_C9,17290,PFL3,PFL3(PB12c)_L6_C8,1
513034,PFL2,PFL2(PB12b)_L5_C9,17290,PFL3,PFL3(PB12c)_L6_C8,1
513032,PFL3,PFL3(PB12c)_L5_C7,17290,PFL3,PFL3(PB12c)_L6_C8,1
84758,EPG,EPG(PB08)_L7,17290,PFL3,PFL3(PB12c)_L6_C8,1
56905,FC2C,FC2C_C9_L,17290,PFL3,PFL3(PB12c)_L6_C8,1
531073,FC2C,FC2C_C9_R,50461,FC2B,FC2B_C9_R,1
149740,FC2B,FC2B_C9_L,50461,FC2B,FC2B_C9_R,1
119819,FC2C,FC2C_C8_L,50461,FC2B,FC2B_C9_R,1
89635,FC2B,FC2B_C3_R,50461,FC2B,FC2B_C9_R,1
44554,FC2B,FC2B_C8_R,50461,FC2B,FC2B_C9_R,1
35277,FC2B,FC2B_C8_R,50461,FC2B,FC2B_C9_R,1
513034,PFL2,PFL2(PB12b)_L5_C9,64270,FC2C,FC2C_C8_L,1
513033,EPG,EPG(PB08)_L8,64270,FC2C,FC2C_C8_L,1
153441,FC2C,FC2C_C5_L,64270,FC2C,FC2C_C8_L,1
124562,FC2C,FC2C_C5_L,64270,FC2C,FC2C_C8_L,1
103466,FC2B,FC2B_C2_L,64270,FC2C,FC2C_C8_L,1
522853,PFL2,PFL2(PB12b)_R2_C4,29836,PFL3,PFL3(PB12c)_L4_C6,1
519328,EPG,EPG(PB08)_L3,29836,PFL3,PFL3(PB12c)_L4_C6,1
122334,FC2C,FC2C_C7_L,29836,PFL3,PFL3(PB12c)_L4_C6,1
122167,FC2C,FC2C_C7_R,29836,PFL3,PFL3(PB12c)_L4_C6,1
35322,PFL3,PFL3(PB12c)_R1_C7,29836,PFL3,PFL3(PB12c)_L4_C6,1
26038,PFL3,PFL3(PB12c)_L5_C7,29836,PFL3,PFL3(PB12c)_L4_C6,1
14729,PFL2,PFL2(PB12b)_R1_C5,29836,PFL3,PFL3(PB12c)_L4_C6,1
11307,EPG,EPG(PB08)_L4,29836,PFL3,PFL3(PB12c)_L4_C6,1
532704,FC2A,FC2A_C1_R,40768,EPGt,EPGt(PB09)_R9,1
519140,EPG,EPG(PB08)_L1,40768,EPGt,EPGt(PB09)_R9,1
92188,EPG,EPG(PB08)_R7,40768,EPGt,EPGt(PB09)_R9,1
19125,EPG,EPG(PB08)_R5,40768,EPGt,EPGt(PB09)_R9,1
14507,EPG,EPG(PB08)_R7,40768,EPGt,EPGt(PB09)_R9,1
11503,EPG,EPG(PB08)_R8,40768,EPGt,EPGt(PB09)_R9,1
513284,EPG,EPG(PB08)_R3,107195,EPG,EPG(PB08)_L5,1
124562,FC2C,FC2C_C5_L,107195,EPG,EPG(PB08)_L5,1
91537,FC2C,FC2C_C5_L,107195,EPG,EPG(PB08)_L5,1
88342,EPG,EPG(PB08)_L3,107195,EPG,EPG(PB08)_L5,1
84758,EPG,EPG(PB08)_L7,107195,EPG,EPG(PB08)_L5,1
16360,EPG,EPG(PB08)_L6,107195,EPG,EPG(PB08)_L5,1
14727,EPG,EPG(PB08)_L7,107195,EPG,EPG(PB08)_L5,1
153558,FC2C,FC2C_C5_R,139763,FC2C,FC2C_C2_R,1
74480,FC2C,FC2C_C9_R,139763,FC2C,FC2C_C2_R,1
51782,FC2C,FC2C_C2_R,139763,FC2C,FC2C_C2_R,1
50885,FC2C,FC2C_C2_L,139763,FC2C,FC2C_C2_R,1
907675,GFC2,GFC2_R,802599,GFC2,GFC2_L,1
521813,EPG,EPG(PB08)_L2,513520,EPG,EPG(PB08)_R6,1
521812,EPG,EPG(PB08)_R7,513520,EPG,EPG(PB08)_R6,1
520581,EPG,EPG(PB08)_R4,513520,EPG,EPG(PB08)_R6,1
512928,EPG,EPG(PB08)_R3,513520,EPG,EPG(PB08)_R6,1
512513,EPG,EPG(PB08)_R1,513520,EPG,EPG(PB08)_R6,1
23159,PFL3,PFL3(PB12c)_R4_C4,513520,EPG,EPG(PB08)_R6,1
19125,EPG,EPG(PB08)_R5,513520,EPG,EPG(PB08)_R6,1
12449,EPG,EPG(PB08)_L5,513520,EPG,EPG(PB08)_R6,1
74326,FC2B,FC2B_C8_L,26038,PFL3,PFL3(PB12c)_L5_C7,1
41559,FC2A,FC2A_C9_L,26038,PFL3,PFL3(PB12c)_L5_C7,1
29836,PFL3,PFL3(PB12c)_L4_C6,26038,PFL3,PFL3(PB12c)_L5_C7,1
17286,PFL3,PFL3(PB12c)_R1_C2_irreg,26038,PFL3,PFL3(PB12c)_L5_C7,1
802599,GFC2,GFC2_L,802799,GFC2,GFC2_R,1
526406,FC2A,FC2A_C2_R,103466,FC2B,FC2B_C2_L,1
141430,FC2C,FC2C_C3_R,103466,FC2B,FC2B_C2_L,1
137299,FC2A,FC2A_C5_L,103466,FC2B,FC2B_C2_L,1
99820,FC2B,FC2B_C4_L,103466,FC2B,FC2B_C2_L,1
97443,FC2B,FC2B_C8_L,103466,FC2B,FC2B_C2_L,1
64270,FC2C,FC2C_C8_L,103466,FC2B,FC2B_C2_L,1
51782,FC2C,FC2C_C2_R,103466,FC2B,FC2B_C2_L,1
46169,FC2A,FC2A_C1_L,103466,FC2B,FC2B_C2_L,1
45343,FC2C,FC2C_C7_L,103466,FC2B,FC2B_C2_L,1
520812,EPG,EPG(PB08)_R8,523786,EPG,EPG(PB08)_R4,1
513464,EPG,EPG(PB08)_R8,523786,EPG,EPG(PB08)_R4,1
512928,EPG,EPG(PB08)_R3,523786,EPG,EPG(PB08)_R4,1
18327,PFL3,PFL3(PB12c)_R2_C6,523786,EPG,EPG(PB08)_R4,1
14727,EPG,EPG(PB08)_L7,523786,EPG,EPG(PB08)_R4,1
11874,EPG,EPG(PB08)_L7,523786,EPG,EPG(PB08)_R4,1
10539,EPG,EPG(PB08)_R2,523786,EPG,EPG(PB08)_R4,1
523786,EPG,EPG(PB08)_R4,35322,PFL3,PFL3(PB12c)_R1_C7,1
513032,PFL3,PFL3(PB12c)_L5_C7,35322,PFL3,PFL3(PB12c)_R1_C7,1
512514,EPG,EPG(PB08)_L1,35322,PFL3,PFL3(PB12c)_R1_C7,1
74326,FC2B,FC2B_C8_L,35322,PFL3,PFL3(PB12c)_R1_C7,1
50431,FC2C,FC2C_C8_R,35322,PFL3,PFL3(PB12c)_R1_C7,1
44554,FC2B,FC2B_C8_R,35322,PFL3,PFL3(PB12c)_R1_C7,1
26488,PFL3,PFL3(PB12c)_R5_C3,35322,PFL3,PFL3(PB12c)_R1_C7,1
19009,PFL3,PFL3(PB12c)_L2_C9_irreg,35322,PFL3,PFL3(PB12c)_R1_C7,1
18851,PFL3,PFL3(PB12c)_L1_C8_irreg,35322,PFL3,PFL3(PB12c)_R1_C7,1
532704,FC2A,FC2A_C1_R,106495,FC2B,FC2B_C6_R,1
531073,FC2C,FC2C_C9_R,106495,FC2B,FC2B_C6_R,1
526406,FC2A,FC2A_C2_R,106495,FC2B,FC2B_C6_R,1
241046,FC2B,FC2B_C4_R,106495,FC2B,FC2B_C6_R,1
127661,FC2C,FC2C_C6_R,106495,FC2B,FC2B_C6_R,1
96384,FC2B,FC2B_C5_R,106495,FC2B,FC2B_C6_R,1
68579,FC2C,FC2C_C5_R,106495,FC2B,FC2B_C6_R,1
523786,EPG,EPG(PB08)_R4,26488,PFL3,PFL3(PB12c)_R5_C3,1
139763,FC2C,FC2C_C2_R,26488,PFL3,PFL3(PB12c)_R5_C3,1
115674,FC2C,FC2C_C4_R,26488,PFL3,PFL3(PB12c)_R5_C3,1
92188,EPG,EPG(PB08)_R7,26488,PFL3,PFL3(PB12c)_R5_C3,1
67361,FC2B,FC2B_C2_R,26488,PFL3,PFL3(PB12c)_R5_C3,1
51782,FC2C,FC2C_C2_R,26488,PFL3,PFL3(PB12c)_R5_C3,1
23159,PFL3,PFL3(PB12c)_R4_C4,26488,PFL3,PFL3(PB12c)_R5_C3,1
18851,PFL3,PFL3(PB12c)_L1_C8_irreg,26488,PFL3,PFL3(PB12c)_R5_C3,1
18327,PFL3,PFL3(PB12c)_R2_C6,26488,PFL3,PFL3(PB12c)_R5_C3,1
520811,PFL3,PFL3(PB12c)_R6_C2,18803,PFL3,PFL3(PB12c)_R1_C7,1
519140,EPG,EPG(PB08)_L1,18803,PFL3,PFL3(PB12c)_R1_C7,1
512514,EPG,EPG(PB08)_L1,18803,PFL3,PFL3(PB12c)_R1_C7,1
64270,FC2C,FC2C_C8_L,18803,PFL3,PFL3(PB12c)_R1_C7,1
55401,FC2A,FC2A_C9_R,18803,PFL3,PFL3(PB12c)_R1_C7,1
35322,PFL3,PFL3(PB12c)_R1_C7,18803,PFL3,PFL3(PB12c)_R1_C7,1
23159,PFL3,PFL3(PB12c)_R4_C4,18803,PFL3,PFL3(PB12c)_R1_C7,1
19009,PFL3,PFL3(PB12c)_L2_C9_irreg,18803,PFL3,PFL3(PB12c)_R1_C7,1
526406,FC2A,FC2A_C2_R,140787,FC2B,FC2B_C1_L,1
515233,FC2B,FC2B_C2_R,140787,FC2B,FC2B_C1_L,1
149740,FC2B,FC2B_C9_L,140787,FC2B,FC2B_C1_L,1
99820,FC2B,FC2B_C4_L,140787,FC2B,FC2B_C1_L,1
97443,FC2B,FC2B_C8_L,140787,FC2B,FC2B_C1_L,1
67361,FC2B,FC2B_C2_R,140787,FC2B,FC2B_C1_L,1
51782,FC2C,FC2C_C2_R,140787,FC2B,FC2B_C1_L,1
45343,FC2C,FC2C_C7_L,140787,FC2B,FC2B_C1_L,1
41559,FC2A,FC2A_C9_L,140787,FC2B,FC2B_C1_L,1
40179,FC2A,FC2A_C7_L,140787,FC2B,FC2B_C1_L,1
532704,FC2A,FC2A_C1_R,515233,FC2B,FC2B_C2_R,1
529992,FC2C,FC2C_C1_R,515233,FC2B,FC2B_C2_R,1
519358,FC2B,FC2B_C4_R,515233,FC2B,FC2B_C2_R,1
241046,FC2B,FC2B_C4_R,515233,FC2B,FC2B_C2_R,1
140787,FC2B,FC2B_C1_L,515233,FC2B,FC2B_C2_R,1
67361,FC2B,FC2B_C2_R,515233,FC2B,FC2B_C2_R,1
39538,FC2A,FC2A_C6_R,515233,FC2B,FC2B_C2_R,1
34203,FC2B,FC2B_C1_R,515233,FC2B,FC2B_C2_R,1
33356,FC2B,FC2B_C2_L,515233,FC2B,FC2B_C2_R,1
534662,FC2C,FC2C_C8_R,122167,FC2C,FC2C_C7_R,1
531073,FC2C,FC2C_C9_R,122167,FC2C,FC2C_C7_R,1
236557,FC2C,FC2C_C3_R,122167,FC2C,FC2C_C7_R,1
153558,FC2C,FC2C_C5_R,122167,FC2C,FC2C_C7_R,1
119544,FC2C,FC2C_C6_L,122167,FC2C,FC2C_C7_R,1
108286,FC2C,FC2C_C7_R,122167,FC2C,FC2C_C7_R,1
50431,FC2C,FC2C_C8_R,122167,FC2C,FC2C_C7_R,1
529266,FC2C,FC2C_C2_L,520573,PFL2,PFL2(PB12b)_R5_C1,1
79549,PFL3,PFL3(PB12c)_R7_C1,520573,PFL2,PFL2(PB12b)_R5_C1,1
543506,EPGt,EPGt(PB09)_L9,512513,EPG,EPG(PB08)_R1,1
521813,EPG,EPG(PB08)_L2,512513,EPG,EPG(PB08)_R1,1
92188,EPG,EPG(PB08)_R7,512513,EPG,EPG(PB08)_R1,1
14507,EPG,EPG(PB08)_R7,512513,EPG,EPG(PB08)_R1,1
236557,FC2C,FC2C_C3_R,513266,PFL3,PFL3(PB12c)_R3_C5,1
137990,FC2B,FC2B_C3_L,513266,PFL3,PFL3(PB12c)_R3_C5,1
522853,PFL2,PFL2(PB12b)_R2_C4,523032,PFL3,PFL3(PB12c)_L2_C4,1
519140,EPG,EPG(PB08)_L1,523032,PFL3,PFL3(PB12c)_L2_C4,1
511842,PFL2,PFL2(PB12b)_L2_C6,523032,PFL3,PFL3(PB12c)_L2_C4,1
96384,FC2B,FC2B_C5_R,523032,PFL3,PFL3(PB12c)_L2_C4,1
88342,EPG,EPG(PB08)_L3,523032,PFL3,PFL3(PB12c)_L2_C4,1
19825,EPG,EPG(PB08)_R6,523032,PFL3,PFL3(PB12c)_L2_C4,1
19715,PFL2,PFL2(PB12b)_L4_C8,523032,PFL3,PFL3(PB12c)_L2_C4,1
14729,PFL2,PFL2(PB12b)_R1_C5,523032,PFL3,PFL3(PB12c)_L2_C4,1
11557,PFL2,PFL2(PB12b)_L3_C7,523032,PFL3,PFL3(PB12c)_L2_C4,1
523786,EPG,EPG(PB08)_R4,11503,EPG,EPG(PB08)_R8,1
513520,EPG,EPG(PB08)_R6,11503,EPG,EPG(PB08)_R8,1
513463,EPG,EPG(PB08)_R2,11503,EPG,EPG(PB08)_R8,1
19825,EPG,EPG(PB08)_R6,11503,EPG,EPG(PB08)_R8,1
13217,EPG,EPG(PB08)_L8,11503,EPG,EPG(PB08)_R8,1
10539,EPG,EPG(PB08)_R2,11503,EPG,EPG(PB08)_R8,1
551404,FC2C,FC2C_C6_L,41941,FC2C,FC2C_C4_L,1
519358,FC2B,FC2B_C4_R,41941,FC2C,FC2C_C4_L,1
513517,EPG,EPG(PB08)_L4,41941,FC2C,FC2C_C4_L,1
241046,FC2B,FC2B_C4_R,41941,FC2C,FC2C_C4_L,1
124562,FC2C,FC2C_C5_L,41941,FC2C,FC2C_C4_L,1
115674,FC2C,FC2C_C4_R,41941,FC2C,FC2C_C4_L,1
107690,FC2B,FC2B_C4_L,41941,FC2C,FC2C_C4_L,1
96384,FC2B,FC2B_C5_R,41941,FC2C,FC2C_C4_L,1
524977,FC2C,FC2C_C3_L,530071,PFL3,PFL3(PB12c)_L3_C5,1
137990,FC2B,FC2B_C3_L,530071,PFL3,PFL3(PB12c)_L3_C5,1
14729,PFL2,PFL2(PB12b)_R1_C5,530071,PFL3,PFL3(PB12c)_L3_C5,1
520581,EPG,EPG(PB08)_R4,10539,EPG,EPG(PB08)_R2,1
514126,EPG,EPG(PB08)_R5,10539,EPG,EPG(PB08)_R2,1
19825,EPG,EPG(PB08)_R6,10539,EPG,EPG(PB08)_R2,1
15616,EPG,EPG(PB08)_R3,10539,EPG,EPG(PB08)_R2,1
11503,EPG,EPG(PB08)_R8,10539,EPG,EPG(PB08)_R2,1
532704,FC2A,FC2A_C1_R,60670,FC2C,FC2C_C1_R,1
529992,FC2C,FC2C_C1_R,60670,FC2C,FC2C_C1_R,1
236557,FC2C,FC2C_C3_R,60670,FC2C,FC2C_C1_R,1
153558,FC2C,FC2C_C5_R,60670,FC2C,FC2C_C1_R,1
148830,FC2C,FC2C_C5_R,60670,FC2C,FC2C_C1_R,1
115674,FC2C,FC2C_C4_R,60670,FC2C,FC2C_C1_R,1
79549,PFL3,PFL3(PB12c)_R7_C1,60670,FC2C,FC2C_C1_R,1
550660,FC2C,FC2C_C7_R,109752,FC2C,FC2C_C9_R,1
531073,FC2C,FC2C_C9_R,109752,FC2C,FC2C_C9_R,1
519358,FC2B,FC2B_C4_R,109752,FC2C,FC2C_C9_R,1
119819,FC2C,FC2C_C8_L,109752,FC2C,FC2C_C9_R,1
108286,FC2C,FC2C_C7_R,109752,FC2C,FC2C_C9_R,1
106495,FC2B,FC2B_C6_R,109752,FC2C,FC2C_C9_R,1
64270,FC2C,FC2C_C8_L,109752,FC2C,FC2C_C9_R,1
532704,FC2A,FC2A_C1_R,131273,FC2A,FC2A_C5_R,1
519358,FC2B,FC2B_C4_R,131273,FC2A,FC2A_C5_R,1
107690,FC2B,FC2B_C4_L,131273,FC2A,FC2A_C5_R,1
82293,FC2B,FC2B_C5_L,131273,FC2A,FC2A_C5_R,1
44554,FC2B,FC2B_C8_R,131273,FC2A,FC2A_C5_R,1
39538,FC2A,FC2A_C6_R,131273,FC2A,FC2A_C5_R,1
36201,FC2A,FC2A_C4_L,131273,FC2A,FC2A_C5_R,1
537128,FC2C,FC2C_C1_L,91537,FC2C,FC2C_C5_L,1
132482,FC2C,FC2C_C9_L,91537,FC2C,FC2C_C5_L,1
115674,FC2C,FC2C_C4_R,91537,FC2C,FC2C_C5_L,1
96384,FC2B,FC2B_C5_R,91537,FC2C,FC2C_C5_L,1
82293,FC2B,FC2B_C5_L,91537,FC2C,FC2C_C5_L,1
68579,FC2C,FC2C_C5_R,91537,FC2C,FC2C_C5_L,1
50885,FC2C,FC2C_C2_L,91537,FC2C,FC2C_C5_L,1
23159,PFL3,PFL3(PB12c)_R4_C4,522853,PFL2,PFL2(PB12b)_R2_C4,1
18327,PFL3,PFL3(PB12c)_R2_C6,522853,PFL2,PFL2(PB12b)_R2_C4,1
551404,FC2C,FC2C_C6_L,67741,FC2B,FC2B_C6_R,1
534662,FC2C,FC2C_C8_R,67741,FC2B,FC2B_C6_R,1
515233,FC2B,FC2B_C2_R,67741,FC2B,FC2B_C6_R,1
108286,FC2C,FC2C_C7_R,67741,FC2B,FC2B_C6_R,1
96384,FC2B,FC2B_C5_R,67741,FC2B,FC2B_C6_R,1
91537,FC2C,FC2C_C5_L,67741,FC2B,FC2B_C6_R,1
56382,FC2A,FC2A_C6_L,67741,FC2B,FC2B_C6_R,1
55415,FC2B,FC2B_C1_R,67741,FC2B,FC2B_C6_R,1
44554,FC2B,FC2B_C8_R,67741,FC2B,FC2B_C6_R,1
33382,FC2A,FC2A_C8_R,67741,FC2B,FC2B_C6_R,1
29836,PFL3,PFL3(PB12c)_L4_C6,67741,FC2B,FC2B_C6_R,1
521813,EPG,EPG(PB08)_L2,15713,EPG,EPG(PB08)_L6,1
13217,EPG,EPG(PB08)_L8,15713,EPG,EPG(PB08)_L6,1
11874,EPG,EPG(PB08)_L7,15713,EPG,EPG(PB08)_L6,1
11307,EPG,EPG(PB08)_L4,15713,EPG,EPG(PB08)_L6,1
556346,EPG,EPG(PB08)_L6,521813,EPG,EPG(PB08)_L2,1
521409,EPG,EPG(PB08)_L8,521813,EPG,EPG(PB08)_L2,1
519941,EPG,EPG(PB08)_L3,521813,EPG,EPG(PB08)_L2,1
513517,EPG,EPG(PB08)_L4,521813,EPG,EPG(PB08)_L2,1
512514,EPG,EPG(PB08)_L1,521813,EPG,EPG(PB08)_L2,1
14727,EPG,EPG(PB08)_L7,521813,EPG,EPG(PB08)_L2,1
13217,EPG,EPG(PB08)_L8,521813,EPG,EPG(PB08)_L2,1
11874,EPG,EPG(PB08)_L7,521813,EPG,EPG(PB08)_L2,1
513520,EPG,EPG(PB08)_R6,19125,EPG,EPG(PB08)_R5,1
512305,EPG,EPG(PB08)_R8,19125,EPG,EPG(PB08)_R5,1
16360,EPG,EPG(PB08)_L6,19125,EPG,EPG(PB08)_R5,1
15713,EPG,EPG(PB08)_L6,19125,EPG,EPG(PB08)_R5,1
524073,EPG,EPG(PB08)_L2,131313,EPG,EPG(PB08)_R6,1
518378,PFL3,PFL3(PB12c)_R5_C3,131313,EPG,EPG(PB08)_R6,1
514126,EPG,EPG(PB08)_R5,131313,EPG,EPG(PB08)_R6,1
513463,EPG,EPG(PB08)_R2,131313,EPG,EPG(PB08)_R6,1
513464,EPG,EPG(PB08)_R8,131313,EPG,EPG(PB08)_R6,1
512305,EPG,EPG(PB08)_R8,131313,EPG,EPG(PB08)_R6,1
19125,EPG,EPG(PB08)_R5,131313,EPG,EPG(PB08)_R6,1
11503,EPG,EPG(PB08)_R8,131313,EPG,EPG(PB08)_R6,1
522853,PFL2,PFL2(PB12b)_R2_C4,18327,PFL3,PFL3(PB12c)_R2_C6,1
520573,PFL2,PFL2(PB12b)_R5_C1,18327,PFL3,PFL3(PB12c)_R2_C6,1
513284,EPG,EPG(PB08)_R3,18327,PFL3,PFL3(PB12c)_R2_C6,1
82293,FC2B,FC2B_C5_L,18327,PFL3,PFL3(PB12c)_R2_C6,1
29836,PFL3,PFL3(PB12c)_L4_C6,18327,PFL3,PFL3(PB12c)_R2_C6,1
23159,PFL3,PFL3(PB12c)_R4_C4,18327,PFL3,PFL3(PB12c)_R2_C6,1
523032,PFL3,PFL3(PB12c)_L2_C4,19825,EPG,EPG(PB08)_R6,1
521813,EPG,EPG(PB08)_L2,19825,EPG,EPG(PB08)_R6,1
520812,EPG,EPG(PB08)_R8,19825,EPG,EPG(PB08)_R6,1
513284,EPG,EPG(PB08)_R3,19825,EPG,EPG(PB08)_R6,1
512928,EPG,EPG(PB08)_R3,19825,EPG,EPG(PB08)_R6,1
512305,EPG,EPG(PB08)_R8,19825,EPG,EPG(PB08)_R6,1
241046,FC2B,FC2B_C4_R,19825,EPG,EPG(PB08)_R6,1
137990,FC2B,FC2B_C3_L,19825,EPG,EPG(PB08)_R6,1
107195,EPG,EPG(PB08)_L5,19825,EPG,EPG(PB08)_R6,1
11503,EPG,EPG(PB08)_R8,19825,EPG,EPG(PB08)_R6,1
530445,FC2B,FC2B_C6_L,96384,FC2B,FC2B_C5_R,1
529992,FC2C,FC2C_C1_R,96384,FC2B,FC2B_C5_R,1
519358,FC2B,FC2B_C4_R,96384,FC2B,FC2B_C5_R,1
106495,FC2B,FC2B_C6_R,96384,FC2B,FC2B_C5_R,1
101011,FC2C,FC2C_C6_R,96384,FC2B,FC2B_C5_R,1
68579,FC2C,FC2C_C5_R,96384,FC2B,FC2B_C5_R,1
51782,FC2C,FC2C_C2_R,96384,FC2B,FC2B_C5_R,1
36201,FC2A,FC2A_C4_L,96384,FC2B,FC2B_C5_R,1
35277,FC2B,FC2B_C8_R,96384,FC2B,FC2B_C5_R,1
33382,FC2A,FC2A_C8_R,96384,FC2B,FC2B_C5_R,1
551404,FC2C,FC2C_C6_L,115261,FC2C,FC2C_C6_L,1
533436,FC2C,FC2C_C7_L,115261,FC2C,FC2C_C6_L,1
520811,PFL3,PFL3(PB12c)_R6_C2,115261,FC2C,FC2C_C6_L,1
127661,FC2C,FC2C_C6_R,115261,FC2C,FC2C_C6_L,1
57603,FC2C,FC2C_C9_L,115261,FC2C,FC2C_C6_L,1
50885,FC2C,FC2C_C2_L,115261,FC2C,FC2C_C6_L,1
57603,FC2C,FC2C_C9_L,543506,EPGt,EPGt(PB09)_L9,1
13217,EPG,EPG(PB08)_L8,543506,EPGt,EPGt(PB09)_L9,1
241046,FC2B,FC2B_C4_R,532704,FC2A,FC2A_C1_R,1
106495,FC2B,FC2B_C6_R,532704,FC2A,FC2A_C1_R,1
513032,PFL3,PFL3(PB12c)_L5_C7,33382,FC2A,FC2A_C8_R,1
170539,FC2A,FC2A_C4_R,33382,FC2A,FC2A_C8_R,1
122167,FC2C,FC2C_C7_R,33382,FC2A,FC2A_C8_R,1
97443,FC2B,FC2B_C8_L,33382,FC2A,FC2A_C8_R,1
67361,FC2B,FC2B_C2_R,33382,FC2A,FC2A_C8_R,1
50431,FC2C,FC2C_C8_R,33382,FC2A,FC2A_C8_R,1
41559,FC2A,FC2A_C9_L,33382,FC2A,FC2A_C8_R,1
550660,FC2C,FC2C_C7_R,519358,FC2B,FC2B_C4_R,1
513520,EPG,EPG(PB08)_R6,519358,FC2B,FC2B_C4_R,1
140794,FC2C,FC2C_C3_R,519358,FC2B,FC2B_C4_R,1
115674,FC2C,FC2C_C4_R,519358,FC2B,FC2B_C4_R,1
95713,FC2C,FC2C_C4_L,519358,FC2B,FC2B_C4_R,1
87630,FC2B,FC2B_C3_L,519358,FC2B,FC2B_C4_R,1
71855,FC2A,FC2A_C3_L,519358,FC2B,FC2B_C4_R,1
67741,FC2B,FC2B_C6_R,519358,FC2B,FC2B_C4_R,1
66750,FC2C,FC2C_C4_R,519358,FC2B,FC2B_C4_R,1
524977,FC2C,FC2C_C3_L,66750,FC2C,FC2C_C4_R,1
241046,FC2B,FC2B_C4_R,66750,FC2C,FC2C_C4_R,1
236557,FC2C,FC2C_C3_R,66750,FC2C,FC2C_C4_R,1
139763,FC2C,FC2C_C2_R,66750,FC2C,FC2C_C4_R,1
127661,FC2C,FC2C_C6_R,66750,FC2C,FC2C_C4_R,1
108286,FC2C,FC2C_C7_R,66750,FC2C,FC2C_C4_R,1
106495,FC2B,FC2B_C6_R,66750,FC2C,FC2C_C4_R,1
95713,FC2C,FC2C_C4_L,66750,FC2C,FC2C_C4_R,1
68579,FC2C,FC2C_C5_R,66750,FC2C,FC2C_C4_R,1
60670,FC2C,FC2C_C1_R,66750,FC2C,FC2C_C4_R,1
537128,FC2C,FC2C_C1_L,119819,FC2C,FC2C_C8_L,1
529266,FC2C,FC2C_C2_L,119819,FC2C,FC2C_C8_L,1
132482,FC2C,FC2C_C9_L,119819,FC2C,FC2C_C8_L,1
115261,FC2C,FC2C_C6_L,119819,FC2C,FC2C_C8_L,1
97443,FC2B,FC2B_C8_L,119819,FC2C,FC2C_C8_L,1
64270,FC2C,FC2C_C8_L,119819,FC2C,FC2C_C8_L,1
50461,FC2B,FC2B_C9_R,119819,FC2C,FC2C_C8_L,1
50431,FC2C,FC2C_C8_R,119819,FC2C,FC2C_C8_L,1
513266,PFL3,PFL3(PB12c)_R3_C5,518375,PFL2,PFL2(PB12b)_R3_C3,1
115674,FC2C,FC2C_C4_R,518375,PFL2,PFL2(PB12b)_R3_C3,1
10975,DNa03,DNa03_R,518375,PFL2,PFL2(PB12b)_R3_C3,1
523032,PFL3,PFL3(PB12c)_L2_C4,519346,PFL3,PFL3(PB12c)_L7_C9,1
513033,EPG,EPG(PB08)_L8,519346,PFL3,PFL3(PB12c)_L7_C9,1
513032,PFL3,PFL3(PB12c)_L5_C7,519346,PFL3,PFL3(PB12c)_L7_C9,1
17290,PFL3,PFL3(PB12c)_L6_C8,519346,PFL3,PFL3(PB12c)_L7_C9,1
15713,EPG,EPG(PB08)_L6,519346,PFL3,PFL3(PB12c)_L7_C9,1
14729,PFL2,PFL2(PB12b)_R1_C5,519346,PFL3,PFL3(PB12c)_L7_C9,1
550660,FC2C,FC2C_C7_R,241046,FC2B,FC2B_C4_R,1
515233,FC2B,FC2B_C2_R,241046,FC2B,FC2B_C4_R,1
140794,FC2C,FC2C_C3_R,241046,FC2B,FC2B_C4_R,1
115674,FC2C,FC2C_C4_R,241046,FC2B,FC2B_C4_R,1
107690,FC2B,FC2B_C4_L,241046,FC2B,FC2B_C4_R,1
106495,FC2B,FC2B_C6_R,241046,FC2B,FC2B_C4_R,1
87630,FC2B,FC2B_C3_L,241046,FC2B,FC2B_C4_R,1
39538,FC2A,FC2A_C6_R,241046,FC2B,FC2B_C4_R,1
532704,FC2A,FC2A_C1_R,108478,PFL3,PFL3(PB12c)_L1_C3,1
519358,FC2B,FC2B_C4_R,108478,PFL3,PFL3(PB12c)_L1_C3,1
46169,FC2A,FC2A_C1_L,108478,PFL3,PFL3(PB12c)_L1_C3,1
17290,PFL3,PFL3(PB12c)_L6_C8,108478,PFL3,PFL3(PB12c)_L1_C3,1
543506,EPGt,EPGt(PB09)_L9,112888,FC2C,FC2C_C8_L,1
531073,FC2C,FC2C_C9_R,112888,FC2C,FC2C_C8_L,1
513033,EPG,EPG(PB08)_L8,112888,FC2C,FC2C_C8_L,1
132482,FC2C,FC2C_C9_L,112888,FC2C,FC2C_C8_L,1
79204,FC2C,FC2C_C3_L,112888,FC2C,FC2C_C8_L,1
64270,FC2C,FC2C_C8_L,112888,FC2C,FC2C_C8_L,1
57603,FC2C,FC2C_C9_L,112888,FC2C,FC2C_C8_L,1
56905,FC2C,FC2C_C9_L,112888,FC2C,FC2C_C8_L,1
44554,FC2B,FC2B_C8_R,112888,FC2C,FC2C_C8_L,1
41941,FC2C,FC2C_C4_L,112888,FC2C,FC2C_C8_L,1
518606,FC2A,FC2A_C8_L,56905,FC2C,FC2C_C9_L,1
132482,FC2C,FC2C_C9_L,56905,FC2C,FC2C_C9_L,1
112888,FC2C,FC2C_C8_L,56905,FC2C,FC2C_C9_L,1
107690,FC2B,FC2B_C4_L,56905,FC2C,FC2C_C9_L,1
74326,FC2B,FC2B_C8_L,56905,FC2C,FC2C_C9_L,1
55401,FC2A,FC2A_C9_R,56905,FC2C,FC2C_C9_L,1
41559,FC2A,FC2A_C9_L,56905,FC2C,FC2C_C9_L,1
13217,EPG,EPG(PB08)_L8,56905,FC2C,FC2C_C9_L,1
55401,FC2A,FC2A_C9_R,513032,PFL3,PFL3(PB12c)_L5_C7,1
35322,PFL3,PFL3(PB12c)_R1_C7,513032,PFL3,PFL3(PB12c)_L5_C7,1
17286,PFL3,PFL3(PB12c)_R1_C2_irreg,513032,PFL3,PFL3(PB12c)_L5_C7,1
13031,PFL2,PFL2(PB12b)_R3_C3,513032,PFL3,PFL3(PB12c)_L5_C7,1
550660,FC2C,FC2C_C7_R,140794,FC2C,FC2C_C3_R,1
534662,FC2C,FC2C_C8_R,140794,FC2C,FC2C_C3_R,1
524977,FC2C,FC2C_C3_L,140794,FC2C,FC2C_C3_R,1
519358,FC2B,FC2B_C4_R,140794,FC2C,FC2C_C3_R,1
148830,FC2C,FC2C_C5_R,140794,FC2C,FC2C_C3_R,1
141430,FC2C,FC2C_C3_R,140794,FC2C,FC2C_C3_R,1
139763,FC2C,FC2C_C2_R,140794,FC2C,FC2C_C3_R,1
115674,FC2C,FC2C_C4_R,140794,FC2C,FC2C_C3_R,1
106495,FC2B,FC2B_C6_R,140794,FC2C,FC2C_C3_R,1
101011,FC2C,FC2C_C6_R,140794,FC2C,FC2C_C3_R,1
89635,FC2B,FC2B_C3_R,140794,FC2C,FC2C_C3_R,1
519328,EPG,EPG(PB08)_L3,519144,EPG,EPG(PB08)_L8,1
513463,EPG,EPG(PB08)_R2,519144,EPG,EPG(PB08)_L8,1
513517,EPG,EPG(PB08)_L4,519144,EPG,EPG(PB08)_L8,1
512514,EPG,EPG(PB08)_L1,519144,EPG,EPG(PB08)_L8,1
84758,EPG,EPG(PB08)_L7,519144,EPG,EPG(PB08)_L8,1
11989,EPG,EPG(PB08)_L5,519144,EPG,EPG(PB08)_L8,1
11874,EPG,EPG(PB08)_L7,519144,EPG,EPG(PB08)_L8,1
546044,FC2C,FC2C_C3_R,68579,FC2C,FC2C_C5_R,1
529992,FC2C,FC2C_C1_R,68579,FC2C,FC2C_C5_R,1
153441,FC2C,FC2C_C5_L,68579,FC2C,FC2C_C5_R,1
106495,FC2B,FC2B_C6_R,68579,FC2C,FC2C_C5_R,1
99820,FC2B,FC2B_C4_L,68579,FC2C,FC2C_C5_R,1
89635,FC2B,FC2B_C3_R,68579,FC2C,FC2C_C5_R,1
66750,FC2C,FC2C_C4_R,68579,FC2C,FC2C_C5_R,1
55415,FC2B,FC2B_C1_R,68579,FC2C,FC2C_C5_R,1
51782,FC2C,FC2C_C2_R,68579,FC2C,FC2C_C5_R,1
556346,EPG,EPG(PB08)_L6,551404,FC2C,FC2C_C6_L,1
550660,FC2C,FC2C_C7_R,551404,FC2C,FC2C_C6_L,1
524977,FC2C,FC2C_C3_L,551404,FC2C,FC2C_C6_L,1
148830,FC2C,FC2C_C5_R,551404,FC2C,FC2C_C6_L,1
132482,FC2C,FC2C_C9_L,551404,FC2C,FC2C_C6_L,1
127661,FC2C,FC2C_C6_R,551404,FC2C,FC2C_C6_L,1
124562,FC2C,FC2C_C5_L,551404,FC2C,FC2C_C6_L,1
122167,FC2C,FC2C_C7_R,551404,FC2C,FC2C_C6_L,1
115261,FC2C,FC2C_C6_L,551404,FC2C,FC2C_C6_L,1
96384,FC2B,FC2B_C5_R,551404,FC2C,FC2C_C6_L,1
95713,FC2C,FC2C_C4_L,551404,FC2C,FC2C_C6_L,1
85400,FC2B,FC2B_C7_R,551404,FC2C,FC2C_C6_L,1
68502,FC2C,FC2C_C1_L,551404,FC2C,FC2C_C6_L,1
56905,FC2C,FC2C_C9_L,551404,FC2C,FC2C_C6_L,1
45876,FC2A,FC2A_C7_R,551404,FC2C,FC2C_C6_L,1
41941,FC2C,FC2C_C4_L,551404,FC2C,FC2C_C6_L,1
519328,EPG,EPG(PB08)_L3,11989,EPG,EPG(PB08)_L5,1
513517,EPG,EPG(PB08)_L4,11989,EPG,EPG(PB08)_L5,1
513284,EPG,EPG(PB08)_R3,11989,EPG,EPG(PB08)_L5,1
14727,EPG,EPG(PB08)_L7,11989,EPG,EPG(PB08)_L5,1
534662,FC2C,FC2C_C8_R,513034,PFL2,PFL2(PB12b)_L5_C9,1
519624,DNa03,DNa03_L,513034,PFL2,PFL2(PB12b)_L5_C9,1
519346,PFL3,PFL3(PB12c)_L7_C9,513034,PFL2,PFL2(PB12b)_L5_C9,1
88342,EPG,EPG(PB08)_L3,513034,PFL2,PFL2(PB12b)_L5_C9,1
23159,PFL3,PFL3(PB12c)_R4_C4,513034,PFL2,PFL2(PB12b)_L5_C9,1
18327,PFL3,PFL3(PB12c)_R2_C6,513034,PFL2,PFL2(PB12b)_L5_C9,1
11557,PFL2,PFL2(PB12b)_L3_C7,513034,PFL2,PFL2(PB12b)_L5_C9,1
907675,GFC2,GFC2_R,903232,GFC2,GFC2_L,1
140787,FC2B,FC2B_C1_L,45343,FC2C,FC2C_C7_L,1
112888,FC2C,FC2C_C8_L,45343,FC2C,FC2C_C7_L,1
107690,FC2B,FC2B_C4_L,45343,FC2C,FC2C_C7_L,1
87630,FC2B,FC2B_C3_L,45343,FC2C,FC2C_C7_L,1
68502,FC2C,FC2C_C1_L,45343,FC2C,FC2C_C7_L,1
68271,FC2B,FC2B_C7_L,45343,FC2C,FC2C_C7_L,1
56905,FC2C,FC2C_C9_L,45343,FC2C,FC2C_C7_L,1
23159,PFL3,PFL3(PB12c)_R4_C4,45343,FC2C,FC2C_C7_L,1
512514,EPG,EPG(PB08)_L1,17286,PFL3,PFL3(PB12c)_R1_C2_irreg,1
108478,PFL3,PFL3(PB12c)_L1_C3,17286,PFL3,PFL3(PB12c)_R1_C2_irreg,1
27492,PFL2,PFL2(PB12b)_L3_C7,17286,PFL3,PFL3(PB12c)_R1_C2_irreg,1
551404,FC2C,FC2C_C6_L,530445,FC2B,FC2B_C6_L,1
518606,FC2A,FC2A_C8_L,530445,FC2B,FC2B_C6_L,1
140787,FC2B,FC2B_C1_L,530445,FC2B,FC2B_C6_L,1
137299,FC2A,FC2A_C5_L,530445,FC2B,FC2B_C6_L,1
119544,FC2C,FC2C_C6_L,530445,FC2B,FC2B_C6_L,1
107690,FC2B,FC2B_C4_L,530445,FC2B,FC2B_C6_L,1
97443,FC2B,FC2B_C8_L,530445,FC2B,FC2B_C6_L,1
96384,FC2B,FC2B_C5_R,530445,FC2B,FC2B_C6_L,1
95713,FC2C,FC2C_C4_L,530445,FC2B,FC2B_C6_L,1
87630,FC2B,FC2B_C3_L,530445,FC2B,FC2B_C6_L,1
74326,FC2B,FC2B_C8_L,530445,FC2B,FC2B_C6_L,1
71855,FC2A,FC2A_C3_L,530445,FC2B,FC2B_C6_L,1
57603,FC2C,FC2C_C9_L,530445,FC2B,FC2B_C6_L,1
50885,FC2C,FC2C_C2_L,530445,FC2B,FC2B_C6_L,1
46169,FC2A,FC2A_C1_L,530445,FC2B,FC2B_C6_L,1
40179,FC2A,FC2A_C7_L,530445,FC2B,FC2B_C6_L,1
39538,FC2A,FC2A_C6_R,530445,FC2B,FC2B_C6_L,1
29674,FC2A,FC2A_C2_L,530445,FC2B,FC2B_C6_L,1
523786,EPG,EPG(PB08)_R4,512928,EPG,EPG(PB08)_R3,1
513464,EPG,EPG(PB08)_R8,512928,EPG,EPG(PB08)_R3,1
513033,EPG,EPG(PB08)_L8,512928,EPG,EPG(PB08)_R3,1
88342,EPG,EPG(PB08)_L3,512928,EPG,EPG(PB08)_R3,1
19825,EPG,EPG(PB08)_R6,512928,EPG,EPG(PB08)_R3,1
18327,PFL3,PFL3(PB12c)_R2_C6,512928,EPG,EPG(PB08)_R3,1
14507,EPG,EPG(PB08)_R7,512928,EPG,EPG(PB08)_R3,1
13217,EPG,EPG(PB08)_L8,512928,EPG,EPG(PB08)_R3,1
519624,DNa03,DNa03_L,13490,PFL2,PFL2(PB12b)_L1_C5,1
519941,EPG,EPG(PB08)_L3,19009,PFL3,PFL3(PB12c)_L2_C9_irreg,1
518378,PFL3,PFL3(PB12c)_R5_C3,19009,PFL3,PFL3(PB12c)_L2_C9_irreg,1
26488,PFL3,PFL3(PB12c)_R5_C3,19009,PFL3,PFL3(PB12c)_L2_C9_irreg,1
13217,EPG,EPG(PB08)_L8,19009,PFL3,PFL3(PB12c)_L2_C9_irreg,1
532704,FC2A,FC2A_C1_R,55415,FC2B,FC2B_C1_R,1
529992,FC2C,FC2C_C1_R,55415,FC2B,FC2B_C1_R,1
515233,FC2B,FC2B_C2_R,55415,FC2B,FC2B_C1_R,1
68579,FC2C,FC2C_C5_R,55415,FC2B,FC2B_C1_R,1
34203,FC2B,FC2B_C1_R,55415,FC2B,FC2B_C1_R,1
236557,FC2C,FC2C_C3_R,79204,FC2C,FC2C_C3_L,1
141430,FC2C,FC2C_C3_R,79204,FC2C,FC2C_C3_L,1
124562,FC2C,FC2C_C5_L,79204,FC2C,FC2C_C3_L,1
119819,FC2C,FC2C_C8_L,79204,FC2C,FC2C_C3_L,1
89635,FC2B,FC2B_C3_R,79204,FC2C,FC2C_C3_L,1
87630,FC2B,FC2B_C3_L,79204,FC2C,FC2C_C3_L,1
68502,FC2C,FC2C_C1_L,79204,FC2C,FC2C_C3_L,1
519328,EPG,EPG(PB08)_L3,12449,EPG,EPG(PB08)_L5,1
519140,EPG,EPG(PB08)_L1,12449,EPG,EPG(PB08)_L5,1
513517,EPG,EPG(PB08)_L4,12449,EPG,EPG(PB08)_L5,1
512514,EPG,EPG(PB08)_L1,12449,EPG,EPG(PB08)_L5,1
153441,FC2C,FC2C_C5_L,12449,EPG,EPG(PB08)_L5,1
148830,FC2C,FC2C_C5_R,12449,EPG,EPG(PB08)_L5,1
88342,EPG,EPG(PB08)_L3,12449,EPG,EPG(PB08)_L5,1
82293,FC2B,FC2B_C5_L,12449,EPG,EPG(PB08)_L5,1
19825,EPG,EPG(PB08)_R6,12449,EPG,EPG(PB08)_L5,1
522853,PFL2,PFL2(PB12b)_R2_C4,23159,PFL3,PFL3(PB12c)_R4_C4,1
520573,PFL2,PFL2(PB12b)_R5_C1,23159,PFL3,PFL3(PB12c)_R4_C4,1
103466,FC2B,FC2B_C2_L,23159,PFL3,PFL3(PB12c)_R4_C4,1
96384,FC2B,FC2B_C5_R,23159,PFL3,PFL3(PB12c)_R4_C4,1
82293,FC2B,FC2B_C5_L,23159,PFL3,PFL3(PB12c)_R4_C4,1
35322,PFL3,PFL3(PB12c)_R1_C7,23159,PFL3,PFL3(PB12c)_R4_C4,1
26488,PFL3,PFL3(PB12c)_R5_C3,23159,PFL3,PFL3(PB12c)_R4_C4,1
19125,EPG,EPG(PB08)_R5,23159,PFL3,PFL3(PB12c)_R4_C4,1
15616,EPG,EPG(PB08)_R3,23159,PFL3,PFL3(PB12c)_R4_C4,1
11307,EPG,EPG(PB08)_L4,23159,PFL3,PFL3(PB12c)_R4_C4,1
530445,FC2B,FC2B_C6_L,35277,FC2B,FC2B_C8_R,1
526406,FC2A,FC2A_C2_R,35277,FC2B,FC2B_C8_R,1
519358,FC2B,FC2B_C4_R,35277,FC2B,FC2B_C8_R,1
241046,FC2B,FC2B_C4_R,35277,FC2B,FC2B_C8_R,1
68271,FC2B,FC2B_C7_L,35277,FC2B,FC2B_C8_R,1
50461,FC2B,FC2B_C9_R,35277,FC2B,FC2B_C8_R,1
50431,FC2C,FC2C_C8_R,35277,FC2B,FC2B_C8_R,1
33382,FC2A,FC2A_C8_R,35277,FC2B,FC2B_C8_R,1
530445,FC2B,FC2B_C6_L,82293,FC2B,FC2B_C5_L,1
148830,FC2C,FC2C_C5_R,82293,FC2B,FC2B_C5_L,1
97443,FC2B,FC2B_C8_L,82293,FC2B,FC2B_C5_L,1
96384,FC2B,FC2B_C5_R,82293,FC2B,FC2B_C5_L,1
87630,FC2B,FC2B_C3_L,82293,FC2B,FC2B_C5_L,1
68271,FC2B,FC2B_C7_L,82293,FC2B,FC2B_C5_L,1
46169,FC2A,FC2A_C1_L,82293,FC2B,FC2B_C5_L,1
33356,FC2B,FC2B_C2_L,82293,FC2B,FC2B_C5_L,1
519358,FC2B,FC2B_C4_R,67361,FC2B,FC2B_C2_R,1
151739,FC2C,FC2C_C2_R,67361,FC2B,FC2B_C2_R,1
139763,FC2C,FC2C_C2_R,67361,FC2B,FC2B_C2_R,1
33356,FC2B,FC2B_C2_L,67361,FC2B,FC2B_C2_R,1
137990,FC2B,FC2B_C3_L,560327,FC2A,FC2A_C3_R,1
103466,FC2B,FC2B_C2_L,560327,FC2A,FC2A_C3_R,1
87630,FC2B,FC2B_C3_L,560327,FC2A,FC2A_C3_R,1
36201,FC2A,FC2A_C4_L,560327,FC2A,FC2A_C3_R,1
33382,FC2A,FC2A_C8_R,560327,FC2A,FC2A_C3_R,1
13031,PFL2,PFL2(PB12b)_R3_C3,560327,FC2A,FC2A_C3_R,1
530445,FC2B,FC2B_C6_L,87630,FC2B,FC2B_C3_L,1
524977,FC2C,FC2C_C3_L,87630,FC2B,FC2B_C3_L,1
241046,FC2B,FC2B_C4_R,87630,FC2B,FC2B_C3_L,1
140794,FC2C,FC2C_C3_R,87630,FC2B,FC2B_C3_L,1
137990,FC2B,FC2B_C3_L,87630,FC2B,FC2B_C3_L,1
122334,FC2C,FC2C_C7_L,87630,FC2B,FC2B_C3_L,1
115261,FC2C,FC2C_C6_L,87630,FC2B,FC2B_C3_L,1
97443,FC2B,FC2B_C8_L,87630,FC2B,FC2B_C3_L,1
96384,FC2B,FC2B_C5_R,87630,FC2B,FC2B_C3_L,1
89635,FC2B,FC2B_C3_R,87630,FC2B,FC2B_C3_L,1
68502,FC2C,FC2C_C1_L,87630,FC2B,FC2B_C3_L,1
68271,FC2B,FC2B_C7_L,87630,FC2B,FC2B_C3_L,1
41559,FC2A,FC2A_C9_L,87630,FC2B,FC2B_C3_L,1
36201,FC2A,FC2A_C4_L,87630,FC2B,FC2B_C3_L,1
19715,PFL2,PFL2(PB12b)_L4_C8,10360,DNa02,DNa02_R,1
14729,PFL2,PFL2(PB12b)_R1_C5,10360,DNa02,DNa02_R,1
13490,PFL2,PFL2(PB12b)_L1_C5,10360,DNa02,DNa02_R,1
560327,FC2A,FC2A_C3_R,45876,FC2A,FC2A_C7_R,1
67741,FC2B,FC2B_C6_R,45876,FC2A,FC2A_C7_R,1
35322,PFL3,PFL3(PB12c)_R1_C7,45876,FC2A,FC2A_C7_R,1
33382,FC2A,FC2A_C8_R,45876,FC2A,FC2A_C7_R,1
530071,PFL3,PFL3(PB12c)_L3_C5,519351,PFL3,PFL3(PB12c)_L4_C5,1
99820,FC2B,FC2B_C4_L,519351,PFL3,PFL3(PB12c)_L4_C5,1
26038,PFL3,PFL3(PB12c)_L5_C7,519351,PFL3,PFL3(PB12c)_L4_C5,1
19715,PFL2,PFL2(PB12b)_L4_C8,519351,PFL3,PFL3(PB12c)_L4_C5,1
550660,FC2C,FC2C_C7_R,101011,FC2C,FC2C_C6_R,1
241046,FC2B,FC2B_C4_R,101011,FC2C,FC2C_C6_R,1
108286,FC2C,FC2C_C7_R,101011,FC2C,FC2C_C6_R,1
96384,FC2B,FC2B_C5_R,101011,FC2C,FC2C_C6_R,1
518606,FC2A,FC2A_C8_L,137299,FC2A,FC2A_C5_L,1
149740,FC2B,FC2B_C9_L,137299,FC2A,FC2A_C5_L,1
124562,FC2C,FC2C_C5_L,137299,FC2A,FC2A_C5_L,1
101011,FC2C,FC2C_C6_R,137299,FC2A,FC2A_C5_L,1
87630,FC2B,FC2B_C3_L,137299,FC2A,FC2A_C5_L,1
71855,FC2A,FC2A_C3_L,137299,FC2A,FC2A_C5_L,1
39538,FC2A,FC2A_C6_R,137299,FC2A,FC2A_C5_L,1
29674,FC2A,FC2A_C2_L,137299,FC2A,FC2A_C5_L,1
13490,PFL2,PFL2(PB12b)_L1_C5,137299,FC2A,FC2A_C5_L,1
546044,FC2C,FC2C_C3_R,137990,FC2B,FC2B_C3_L,1
524977,FC2C,FC2C_C3_L,137990,FC2B,FC2B_C3_L,1
141430,FC2C,FC2C_C3_R,137990,FC2B,FC2B_C3_L,1
112888,FC2C,FC2C_C8_L,137990,FC2B,FC2B_C3_L,1
99820,FC2B,FC2B_C4_L,137990,FC2B,FC2B_C3_L,1
68502,FC2C,FC2C_C1_L,137990,FC2B,FC2B_C3_L,1
66750,FC2C,FC2C_C4_R,137990,FC2B,FC2B_C3_L,1
45343,FC2C,FC2C_C7_L,137990,FC2B,FC2B_C3_L,1
33356,FC2B,FC2B_C2_L,137990,FC2B,FC2B_C3_L,1
29674,FC2A,FC2A_C2_L,137990,FC2B,FC2B_C3_L,1
531073,FC2C,FC2C_C9_R,41559,FC2A,FC2A_C9_L,1
530445,FC2B,FC2B_C6_L,41559,FC2A,FC2A_C9_L,1
119819,FC2C,FC2C_C8_L,41559,FC2A,FC2A_C9_L,1
97443,FC2B,FC2B_C8_L,41559,FC2A,FC2A_C9_L,1
56382,FC2A,FC2A_C6_L,41559,FC2A,FC2A_C9_L,1
50461,FC2B,FC2B_C9_R,41559,FC2A,FC2A_C9_L,1
560327,FC2A,FC2A_C3_R,170539,FC2A,FC2A_C4_R,1
532704,FC2A,FC2A_C1_R,170539,FC2A,FC2A_C4_R,1
526406,FC2A,FC2A_C2_R,170539,FC2A,FC2A_C4_R,1
519358,FC2B,FC2B_C4_R,170539,FC2A,FC2A_C4_R,1
241046,FC2B,FC2B_C4_R,170539,FC2A,FC2A_C4_R,1
71855,FC2A,FC2A_C3_L,170539,FC2A,FC2A_C4_R,1
36201,FC2A,FC2A_C4_L,170539,FC2A,FC2A_C4_R,1
23159,PFL3,PFL3(PB12c)_R4_C4,170539,FC2A,FC2A_C4_R,1
534662,FC2C,FC2C_C8_R,40179,FC2A,FC2A_C7_L,1
533436,FC2C,FC2C_C7_L,40179,FC2A,FC2A_C7_L,1
530445,FC2B,FC2B_C6_L,40179,FC2A,FC2A_C7_L,1
137299,FC2A,FC2A_C5_L,40179,FC2A,FC2A_C7_L,1
108286,FC2C,FC2C_C7_R,40179,FC2A,FC2A_C7_L,1
99820,FC2B,FC2B_C4_L,40179,FC2A,FC2A_C7_L,1
85400,FC2B,FC2B_C7_R,40179,FC2A,FC2A_C7_L,1
68271,FC2B,FC2B_C7_L,40179,FC2A,FC2A_C7_L,1
45876,FC2A,FC2A_C7_R,40179,FC2A,FC2A_C7_L,1
534662,FC2C,FC2C_C8_R,74326,FC2B,FC2B_C8_L,1
518606,FC2A,FC2A_C8_L,74326,FC2B,FC2B_C8_L,1
513033,EPG,EPG(PB08)_L8,74326,FC2B,FC2B_C8_L,1
137990,FC2B,FC2B_C3_L,74326,FC2B,FC2B_C8_L,1
119819,FC2C,FC2C_C8_L,74326,FC2B,FC2B_C8_L,1
112888,FC2C,FC2C_C8_L,74326,FC2B,FC2B_C8_L,1
109752,FC2C,FC2C_C9_R,74326,FC2B,FC2B_C8_L,1
74480,FC2C,FC2C_C9_R,74326,FC2B,FC2B_C8_L,1
68271,FC2B,FC2B_C7_L,74326,FC2B,FC2B_C8_L,1
64270,FC2C,FC2C_C8_L,74326,FC2B,FC2B_C8_L,1
57603,FC2C,FC2C_C9_L,74326,FC2B,FC2B_C8_L,1
57591,EPGt,EPGt(PB09)_L9,74326,FC2B,FC2B_C8_L,1
50885,FC2C,FC2C_C2_L,74326,FC2B,FC2B_C8_L,1
560327,FC2A,FC2A_C3_R,71855,FC2A,FC2A_C3_L,1
546044,FC2C,FC2C_C3_R,71855,FC2A,FC2A_C3_L,1
141430,FC2C,FC2C_C3_R,71855,FC2A,FC2A_C3_L,1
137990,FC2B,FC2B_C3_L,71855,FC2A,FC2A_C3_L,1
87630,FC2B,FC2B_C3_L,71855,FC2A,FC2A_C3_L,1
79204,FC2C,FC2C_C3_L,71855,FC2A,FC2A_C3_L,1
802551,GFC2,GFC2_L,907675,GFC2,GFC2_R,1
550660,FC2C,FC2C_C7_R,68271,FC2B,FC2B_C7_L,1
534662,FC2C,FC2C_C8_R,68271,FC2B,FC2B_C7_L,1
533436,FC2C,FC2C_C7_L,68271,FC2B,FC2B_C7_L,1
518606,FC2A,FC2A_C8_L,68271,FC2B,FC2B_C7_L,1
140787,FC2B,FC2B_C1_L,68271,FC2B,FC2B_C7_L,1
115261,FC2C,FC2C_C6_L,68271,FC2B,FC2B_C7_L,1
95713,FC2C,FC2C_C4_L,68271,FC2B,FC2B_C7_L,1
87630,FC2B,FC2B_C3_L,68271,FC2B,FC2B_C7_L,1
84758,EPG,EPG(PB08)_L7,68271,FC2B,FC2B_C7_L,1
68502,FC2C,FC2C_C1_L,68271,FC2B,FC2B_C7_L,1
45343,FC2C,FC2C_C7_L,68271,FC2B,FC2B_C7_L,1
519358,FC2B,FC2B_C4_R,36201,FC2A,FC2A_C4_L,1
513266,PFL3,PFL3(PB12c)_R3_C5,36201,FC2A,FC2A_C4_L,1
107690,FC2B,FC2B_C4_L,36201,FC2A,FC2A_C4_L,1
97443,FC2B,FC2B_C8_L,36201,FC2A,FC2A_C4_L,1
96384,FC2B,FC2B_C5_R,36201,FC2A,FC2A_C4_L,1
95713,FC2C,FC2C_C4_L,36201,FC2A,FC2A_C4_L,1
56382,FC2A,FC2A_C6_L,36201,FC2A,FC2A_C4_L,1
14729,PFL2,PFL2(PB12b)_R1_C5,36201,FC2A,FC2A_C4_L,1
551404,FC2C,FC2C_C6_L,85400,FC2B,FC2B_C7_R,1
546044,FC2C,FC2C_C3_R,85400,FC2B,FC2B_C7_R,1
534662,FC2C,FC2C_C8_R,85400,FC2B,FC2B_C7_R,1
122167,FC2C,FC2C_C7_R,85400,FC2B,FC2B_C7_R,1
115261,FC2C,FC2C_C6_L,85400,FC2B,FC2B_C7_R,1
56382,FC2A,FC2A_C6_L,85400,FC2B,FC2B_C7_R,1
44554,FC2B,FC2B_C8_R,85400,FC2B,FC2B_C7_R,1
35277,FC2B,FC2B_C8_R,85400,FC2B,FC2B_C7_R,1
515675,EPG,EPG(PB08)_R1,84758,EPG,EPG(PB08)_L7,1
512513,EPG,EPG(PB08)_R1,84758,EPG,EPG(PB08)_L7,1
512514,EPG,EPG(PB08)_L1,84758,EPG,EPG(PB08)_L7,1
92188,EPG,EPG(PB08)_R7,84758,EPG,EPG(PB08)_L7,1
88342,EPG,EPG(PB08)_L3,84758,EPG,EPG(PB08)_L7,1
11557,PFL2,PFL2(PB12b)_L3_C7,84758,EPG,EPG(PB08)_L7,1
521813,EPG,EPG(PB08)_L2,513033,EPG,EPG(PB08)_L8,1
519140,EPG,EPG(PB08)_L1,513033,EPG,EPG(PB08)_L8,1
513464,EPG,EPG(PB08)_R8,513033,EPG,EPG(PB08)_L8,1
513517,EPG,EPG(PB08)_L4,513033,EPG,EPG(PB08)_L8,1
512514,EPG,EPG(PB08)_L1,513033,EPG,EPG(PB08)_L8,1
64270,FC2C,FC2C_C8_L,513033,EPG,EPG(PB08)_L8,1
16360,EPG,EPG(PB08)_L6,513033,EPG,EPG(PB08)_L8,1
11874,EPG,EPG(PB08)_L7,513033,EPG,EPG(PB08)_L8,1
524977,FC2C,FC2C_C3_L,537128,FC2C,FC2C_C1_L,1
236557,FC2C,FC2C_C3_R,537128,FC2C,FC2C_C1_L,1
151739,FC2C,FC2C_C2_R,537128,FC2C,FC2C_C1_L,1
132482,FC2C,FC2C_C9_L,537128,FC2C,FC2C_C1_L,1
122334,FC2C,FC2C_C7_L,537128,FC2C,FC2C_C1_L,1
103466,FC2B,FC2B_C2_L,537128,FC2C,FC2C_C1_L,1
95713,FC2C,FC2C_C4_L,537128,FC2C,FC2C_C1_L,1
91537,FC2C,FC2C_C5_L,537128,FC2C,FC2C_C1_L,1
68502,FC2C,FC2C_C1_L,537128,FC2C,FC2C_C1_L,1
67361,FC2B,FC2B_C2_R,537128,FC2C,FC2C_C1_L,1
51782,FC2C,FC2C_C2_R,537128,FC2C,FC2C_C1_L,1
45343,FC2C,FC2C_C7_L,537128,FC2C,FC2C_C1_L,1
534662,FC2C,FC2C_C8_R,97443,FC2B,FC2B_C8_L,1
140787,FC2B,FC2B_C1_L,97443,FC2B,FC2B_C8_L,1
112888,FC2C,FC2C_C8_L,97443,FC2B,FC2B_C8_L,1
99820,FC2B,FC2B_C4_L,97443,FC2B,FC2B_C8_L,1
82293,FC2B,FC2B_C5_L,97443,FC2B,FC2B_C8_L,1
64270,FC2C,FC2C_C8_L,97443,FC2B,FC2B_C8_L,1
521812,EPG,EPG(PB08)_R7,514126,EPG,EPG(PB08)_R5,1
520581,EPG,EPG(PB08)_R4,514126,EPG,EPG(PB08)_R5,1
519328,EPG,EPG(PB08)_L3,514126,EPG,EPG(PB08)_R5,1
513284,EPG,EPG(PB08)_R3,514126,EPG,EPG(PB08)_R5,1
512513,EPG,EPG(PB08)_R1,514126,EPG,EPG(PB08)_R5,1
137299,FC2A,FC2A_C5_L,514126,EPG,EPG(PB08)_R5,1
131313,EPG,EPG(PB08)_R6,514126,EPG,EPG(PB08)_R5,1
11989,EPG,EPG(PB08)_L5,514126,EPG,EPG(PB08)_R5,1
556347,EPG,EPG(PB08)_R4,520818,EPG,EPG(PB08)_L4,1
513033,EPG,EPG(PB08)_L8,520818,EPG,EPG(PB08)_L4,1
92188,EPG,EPG(PB08)_R7,520818,EPG,EPG(PB08)_L4,1
88342,EPG,EPG(PB08)_L3,520818,EPG,EPG(PB08)_L4,1
15713,EPG,EPG(PB08)_L6,520818,EPG,EPG(PB08)_L4,1
524073,EPG,EPG(PB08)_L2,88342,EPG,EPG(PB08)_L3,1
519140,EPG,EPG(PB08)_L1,88342,EPG,EPG(PB08)_L3,1
107195,EPG,EPG(PB08)_L5,88342,EPG,EPG(PB08)_L3,1
26488,PFL3,PFL3(PB12c)_R5_C3,88342,EPG,EPG(PB08)_L3,1
12449,EPG,EPG(PB08)_L5,88342,EPG,EPG(PB08)_L3,1
11989,EPG,EPG(PB08)_L5,88342,EPG,EPG(PB08)_L3,1
11307,EPG,EPG(PB08)_L4,88342,EPG,EPG(PB08)_L3,1
550660,FC2C,FC2C_C7_R,534662,FC2C,FC2C_C8_R,1
546044,FC2C,FC2C_C3_R,534662,FC2C,FC2C_C8_R,1
531073,FC2C,FC2C_C9_R,534662,FC2C,FC2C_C8_R,1
529992,FC2C,FC2C_C1_R,534662,FC2C,FC2C_C8_R,1
122167,FC2C,FC2C_C7_R,534662,FC2C,FC2C_C8_R,1
108286,FC2C,FC2C_C7_R,534662,FC2C,FC2C_C8_R,1
106495,FC2B,FC2B_C6_R,534662,FC2C,FC2C_C8_R,1
97443,FC2B,FC2B_C8_L,534662,FC2C,FC2C_C8_R,1
74480,FC2C,FC2C_C9_R,534662,FC2C,FC2C_C8_R,1
50431,FC2C,FC2C_C8_R,534662,FC2C,FC2C_C8_R,1
44554,FC2B,FC2B_C8_R,534662,FC2C,FC2C_C8_R,1
40179,FC2A,FC2A_C7_L,534662,FC2C,FC2C_C8_R,1
33382,FC2A,FC2A_C8_R,534662,FC2C,FC2C_C8_R,1
537128,FC2C,FC2C_C1_L,132482,FC2C,FC2C_C9_L,1
524977,FC2C,FC2C_C3_L,132482,FC2C,FC2C_C9_L,1
149740,FC2B,FC2B_C9_L,132482,FC2C,FC2C_C9_L,1
119819,FC2C,FC2C_C8_L,132482,FC2C,FC2C_C9_L,1
91537,FC2C,FC2C_C5_L,132482,FC2C,FC2C_C9_L,1
56905,FC2C,FC2C_C9_L,132482,FC2C,FC2C_C9_L,1
55401,FC2A,FC2A_C9_R,132482,FC2C,FC2C_C9_L,1
50461,FC2B,FC2B_C9_R,132482,FC2C,FC2C_C9_L,1
41941,FC2C,FC2C_C4_L,132482,FC2C,FC2C_C9_L,1
512928,EPG,EPG(PB08)_R3,521409,EPG,EPG(PB08)_L8,1
15616,EPG,EPG(PB08)_R3,521409,EPG,EPG(PB08)_L8,1
533436,FC2C,FC2C_C7_L,122334,FC2C,FC2C_C7_L,1
530445,FC2B,FC2B_C6_L,122334,FC2C,FC2C_C7_L,1
153441,FC2C,FC2C_C5_L,122334,FC2C,FC2C_C7_L,1
132482,FC2C,FC2C_C9_L,122334,FC2C,FC2C_C7_L,1
85400,FC2B,FC2B_C7_R,122334,FC2C,FC2C_C7_L,1
35277,FC2B,FC2B_C8_R,122334,FC2C,FC2C_C7_L,1
519140,EPG,EPG(PB08)_L1,16360,EPG,EPG(PB08)_L6,1
512514,EPG,EPG(PB08)_L1,16360,EPG,EPG(PB08)_L6,1
14727,EPG,EPG(PB08)_L7,16360,EPG,EPG(PB08)_L6,1
534662,FC2C,FC2C_C8_R,513463,EPG,EPG(PB08)_R2,1
520581,EPG,EPG(PB08)_R4,513463,EPG,EPG(PB08)_R2,1
515675,EPG,EPG(PB08)_R1,513463,EPG,EPG(PB08)_R2,1
512305,EPG,EPG(PB08)_R8,513463,EPG,EPG(PB08)_R2,1
19825,EPG,EPG(PB08)_R6,513463,EPG,EPG(PB08)_R2,1
19125,EPG,EPG(PB08)_R5,513463,EPG,EPG(PB08)_R2,1
523786,EPG,EPG(PB08)_R4,520812,EPG,EPG(PB08)_R8,1
520811,PFL3,PFL3(PB12c)_R6_C2,520812,EPG,EPG(PB08)_R8,1
513520,EPG,EPG(PB08)_R6,520812,EPG,EPG(PB08)_R8,1
512513,EPG,EPG(PB08)_R1,520812,EPG,EPG(PB08)_R8,1
131313,EPG,EPG(PB08)_R6,520812,EPG,EPG(PB08)_R8,1
14507,EPG,EPG(PB08)_R7,520812,EPG,EPG(PB08)_R8,1
170539,FC2A,FC2A_C4_R,526406,FC2A,FC2A_C2_R,1
139763,FC2C,FC2C_C2_R,526406,FC2A,FC2A_C2_R,1
96384,FC2B,FC2B_C5_R,526406,FC2A,FC2A_C2_R,1
55401,FC2A,FC2A_C9_R,526406,FC2A,FC2A_C2_R,1
35277,FC2B,FC2B_C8_R,526406,FC2A,FC2A_C2_R,1
530445,FC2B,FC2B_C6_L,99820,FC2B,FC2B_C4_L,1
241046,FC2B,FC2B_C4_R,99820,FC2B,FC2B_C4_L,1
153441,FC2C,FC2C_C5_L,99820,FC2B,FC2B_C4_L,1
137990,FC2B,FC2B_C3_L,99820,FC2B,FC2B_C4_L,1
137299,FC2A,FC2A_C5_L,99820,FC2B,FC2B_C4_L,1
103466,FC2B,FC2B_C2_L,99820,FC2B,FC2B_C4_L,1
97443,FC2B,FC2B_C8_L,99820,FC2B,FC2B_C4_L,1
82293,FC2B,FC2B_C5_L,99820,FC2B,FC2B_C4_L,1
523032,PFL3,PFL3(PB12c)_L2_C4,19715,PFL2,PFL2(PB12b)_L4_C8,1
84758,EPG,EPG(PB08)_L7,19715,PFL2,PFL2(PB12b)_L4_C8,1
45343,FC2C,FC2C_C7_L,19715,PFL2,PFL2(PB12b)_L4_C8,1
18851,PFL3,PFL3(PB12c)_L1_C8_irreg,19715,PFL2,PFL2(PB12b)_L4_C8,1
520573,PFL2,PFL2(PB12b)_R5_C1,79549,PFL3,PFL3(PB12c)_R7_C1,1
511842,PFL2,PFL2(PB12b)_L2_C6,79549,PFL3,PFL3(PB12c)_R7_C1,1
139763,FC2C,FC2C_C2_R,79549,PFL3,PFL3(PB12c)_R7_C1,1
19825,EPG,EPG(PB08)_R6,79549,PFL3,PFL3(PB12c)_R7_C1,1
537128,FC2C,FC2C_C1_L,13031,PFL2,PFL2(PB12b)_R3_C3,1
170539,FC2A,FC2A_C4_R,13031,PFL2,PFL2(PB12b)_R3_C3,1
115674,FC2C,FC2C_C4_R,13031,PFL2,PFL2(PB12b)_R3_C3,1
66750,FC2C,FC2C_C4_R,13031,PFL2,PFL2(PB12b)_R3_C3,1
17000,PFL3,PFL3(PB12c)_L1_C3,13031,PFL2,PFL2(PB12b)_R3_C3,1
567101,PFL3,PFL3(PB12c)_R3_C5,520581,EPG,EPG(PB08)_R4,1
19825,EPG,EPG(PB08)_R6,520581,EPG,EPG(PB08)_R4,1
11987,EPG,EPG(PB08)_R5,520581,EPG,EPG(PB08)_R4,1
10539,EPG,EPG(PB08)_R2,520581,EPG,EPG(PB08)_R4,1
803601,GFC2,GFC2_R,802478,GFC2,GFC2_R,1
523786,EPG,EPG(PB08)_R4,127661,FC2C,FC2C_C6_R,1
139763,FC2C,FC2C_C2_R,127661,FC2C,FC2C_C6_R,1
119544,FC2C,FC2C_C6_L,127661,FC2C,FC2C_C6_R,1
115261,FC2C,FC2C_C6_L,127661,FC2C,FC2C_C6_R,1
66750,FC2C,FC2C_C4_R,127661,FC2C,FC2C_C6_R,1
50431,FC2C,FC2C_C8_R,127661,FC2C,FC2C_C6_R,1
567101,PFL3,PFL3(PB12c)_R3_C5,11987,EPG,EPG(PB08)_R5,1
92188,EPG,EPG(PB08)_R7,11987,EPG,EPG(PB08)_R5,1
533436,FC2C,FC2C_C7_L,511842,PFL2,PFL2(PB12b)_L2_C6,1
520811,PFL3,PFL3(PB12c)_R6_C2,511842,PFL2,PFL2(PB12b)_L2_C6,1
519351,PFL3,PFL3(PB12c)_L4_C5,511842,PFL2,PFL2(PB12b)_L2_C6,1
512513,EPG,EPG(PB08)_R1,511842,PFL2,PFL2(PB12b)_L2_C6,1
29836,PFL3,PFL3(PB12c)_L4_C6,511842,PFL2,PFL2(PB12b)_L2_C6,1
551404,FC2C,FC2C_C6_L,108286,FC2C,FC2C_C7_R,1
546044,FC2C,FC2C_C3_R,108286,FC2C,FC2C_C7_R,1
119544,FC2C,FC2C_C6_L,108286,FC2C,FC2C_C7_R,1
115674,FC2C,FC2C_C4_R,108286,FC2C,FC2C_C7_R,1
115261,FC2C,FC2C_C6_L,108286,FC2C,FC2C_C7_R,1
66750,FC2C,FC2C_C4_R,108286,FC2C,FC2C_C7_R,1
50431,FC2C,FC2C_C8_R,108286,FC2C,FC2C_C7_R,1
148830,FC2C,FC2C_C5_R,236557,FC2C,FC2C_C3_R,1
139763,FC2C,FC2C_C2_R,236557,FC2C,FC2C_C3_R,1
137990,FC2B,FC2B_C3_L,236557,FC2C,FC2C_C3_R,1
79204,FC2C,FC2C_C3_L,236557,FC2C,FC2C_C3_R,1
66750,FC2C,FC2C_C4_R,236557,FC2C,FC2C_C3_R,1
60670,FC2C,FC2C_C1_R,236557,FC2C,FC2C_C3_R,1
241046,FC2B,FC2B_C4_R,107690,FC2B,FC2B_C4_L,1
153441,FC2C,FC2C_C5_L,107690,FC2B,FC2B_C4_L,1
149740,FC2B,FC2B_C9_L,107690,FC2B,FC2B_C4_L,1
95713,FC2C,FC2C_C4_L,107690,FC2B,FC2B_C4_L,1
74326,FC2B,FC2B_C8_L,107690,FC2B,FC2B_C4_L,1
41941,FC2C,FC2C_C4_L,107690,FC2B,FC2B_C4_L,1
556347,EPG,EPG(PB08)_R4,11874,EPG,EPG(PB08)_L7,1
519328,EPG,EPG(PB08)_L3,11874,EPG,EPG(PB08)_L7,1
519140,EPG,EPG(PB08)_L1,11874,EPG,EPG(PB08)_L7,1
515675,EPG,EPG(PB08)_R1,11874,EPG,EPG(PB08)_L7,1
512513,EPG,EPG(PB08)_R1,11874,EPG,EPG(PB08)_L7,1
26038,PFL3,PFL3(PB12c)_L5_C7,11874,EPG,EPG(PB08)_L7,1
524977,FC2C,FC2C_C3_L,14729,PFL2,PFL2(PB12b)_R1_C5,1
519346,PFL3,PFL3(PB12c)_L7_C9,14729,PFL2,PFL2(PB12b)_R1_C5,1
513034,PFL2,PFL2(PB12b)_L5_C9,14729,PFL2,PFL2(PB12b)_R1_C5,1
79549,PFL3,PFL3(PB12c)_R7_C1,14729,PFL2,PFL2(PB12b)_R1_C5,1
35322,PFL3,PFL3(PB12c)_R1_C7,14729,PFL2,PFL2(PB12b)_R1_C5,1
29836,PFL3,PFL3(PB12c)_L4_C6,14729,PFL2,PFL2(PB12b)_R1_C5,1
11557,PFL2,PFL2(PB12b)_L3_C7,14729,PFL2,PFL2(PB12b)_R1_C5,1
10539,EPG,EPG(PB08)_R2,14729,PFL2,PFL2(PB12b)_R1_C5,1
550660,FC2C,FC2C_C7_R,119544,FC2C,FC2C_C6_L,1
101011,FC2C,FC2C_C6_R,119544,FC2C,FC2C_C6_L,1
56382,FC2A,FC2A_C6_L,119544,FC2C,FC2C_C6_L,1
567101,PFL3,PFL3(PB12c)_R3_C5,17000,PFL3,PFL3(PB12c)_L1_C3,1
537128,FC2C,FC2C_C1_L,17000,PFL3,PFL3(PB12c)_L1_C3,1
520573,PFL2,PFL2(PB12b)_R5_C1,17000,PFL3,PFL3(PB12c)_L1_C3,1
518375,PFL2,PFL2(PB12b)_R3_C3,17000,PFL3,PFL3(PB12c)_L1_C3,1
140787,FC2B,FC2B_C1_L,17000,PFL3,PFL3(PB12c)_L1_C3,1
139763,FC2C,FC2C_C2_R,17000,PFL3,PFL3(PB12c)_L1_C3,1
115674,FC2C,FC2C_C4_R,17000,PFL3,PFL3(PB12c)_L1_C3,1
108478,PFL3,PFL3(PB12c)_L1_C3,17000,PFL3,PFL3(PB12c)_L1_C3,1
51782,FC2C,FC2C_C2_R,17000,PFL3,PFL3(PB12c)_L1_C3,1
36201,FC2A,FC2A_C4_L,17000,PFL3,PFL3(PB12c)_L1_C3,1
13031,PFL2,PFL2(PB12b)_R3_C3,17000,PFL3,PFL3(PB12c)_L1_C3,1
519624,DNa03,DNa03_L,11673,PFL2,PFL2(PB12b)_R4_C2,1
519346,PFL3,PFL3(PB12c)_L7_C9,11673,PFL2,PFL2(PB12b)_R4_C2,1
513266,PFL3,PFL3(PB12c)_R3_C5,11673,PFL2,PFL2(PB12b)_R4_C2,1
26488,PFL3,PFL3(PB12c)_R5_C3,11673,PFL2,PFL2(PB12b)_R4_C2,1
534662,FC2C,FC2C_C8_R,153558,FC2C,FC2C_C5_R,1
127661,FC2C,FC2C_C6_R,153558,FC2C,FC2C_C5_R,1
115674,FC2C,FC2C_C4_R,153558,FC2C,FC2C_C5_R,1
60670,FC2C,FC2C_C1_R,153558,FC2C,FC2C_C5_R,1
537128,FC2C,FC2C_C1_L,529266,FC2C,FC2C_C2_L,1
524977,FC2C,FC2C_C3_L,529266,FC2C,FC2C_C2_L,1
122334,FC2C,FC2C_C7_L,529266,FC2C,FC2C_C2_L,1
103466,FC2B,FC2B_C2_L,529266,FC2C,FC2C_C2_L,1
64270,FC2C,FC2C_C8_L,529266,FC2C,FC2C_C2_L,1
551404,FC2C,FC2C_C6_L,68502,FC2C,FC2C_C1_L,1
532704,FC2A,FC2A_C1_R,68502,FC2C,FC2C_C1_L,1
529992,FC2C,FC2C_C1_R,68502,FC2C,FC2C_C1_L,1
149740,FC2B,FC2B_C9_L,68502,FC2C,FC2C_C1_L,1
124562,FC2C,FC2C_C5_L,68502,FC2C,FC2C_C1_L,1
122334,FC2C,FC2C_C7_L,68502,FC2C,FC2C_C1_L,1
112888,FC2C,FC2C_C8_L,68502,FC2C,FC2C_C1_L,1
95713,FC2C,FC2C_C4_L,68502,FC2C,FC2C_C1_L,1
91537,FC2C,FC2C_C5_L,68502,FC2C,FC2C_C1_L,1
51782,FC2C,FC2C_C2_R,68502,FC2C,FC2C_C1_L,1
29674,FC2A,FC2A_C2_L,68502,FC2C,FC2C_C1_L,1
534662,FC2C,FC2C_C8_R,57603,FC2C,FC2C_C9_L,1
153441,FC2C,FC2C_C5_L,57603,FC2C,FC2C_C9_L,1
115261,FC2C,FC2C_C6_L,57603,FC2C,FC2C_C9_L,1
112888,FC2C,FC2C_C8_L,57603,FC2C,FC2C_C9_L,1
109752,FC2C,FC2C_C9_R,57603,FC2C,FC2C_C9_L,1
95713,FC2C,FC2C_C4_L,57603,FC2C,FC2C_C9_L,1
50885,FC2C,FC2C_C2_L,57603,FC2C,FC2C_C9_L,1
41559,FC2A,FC2A_C9_L,57603,FC2C,FC2C_C9_L,1
17290,PFL3,PFL3(PB12c)_L6_C8,57603,FC2C,FC2C_C9_L,1
520818,EPG,EPG(PB08)_L4,14507,EPG,EPG(PB08)_R7,1
518378,PFL3,PFL3(PB12c)_R5_C3,14507,EPG,EPG(PB08)_R7,1
512513,EPG,EPG(PB08)_R1,14507,EPG,EPG(PB08)_R7,1
19125,EPG,EPG(PB08)_R5,14507,EPG,EPG(PB08)_R7,1
11673,PFL2,PFL2(PB12b)_R4_C2,14507,EPG,EPG(PB08)_R7,1
153558,FC2C,FC2C_C5_R,531073,FC2C,FC2C_C9_R,1
140794,FC2C,FC2C_C3_R,531073,FC2C,FC2C_C9_R,1
132482,FC2C,FC2C_C9_L,531073,FC2C,FC2C_C9_R,1
119819,FC2C,FC2C_C8_L,531073,FC2C,FC2C_C9_R,1
112888,FC2C,FC2C_C8_L,531073,FC2C,FC2C_C9_R,1
57603,FC2C,FC2C_C9_L,531073,FC2C,FC2C_C9_R,1
56905,FC2C,FC2C_C9_L,531073,FC2C,FC2C_C9_R,1
50461,FC2B,FC2B_C9_R,531073,FC2C,FC2C_C9_R,1
50431,FC2C,FC2C_C8_R,531073,FC2C,FC2C_C9_R,1
524073,EPG,EPG(PB08)_L2,519941,EPG,EPG(PB08)_L3,1
513517,EPG,EPG(PB08)_L4,519941,EPG,EPG(PB08)_L3,1
512514,EPG,EPG(PB08)_L1,519941,EPG,EPG(PB08)_L3,1
513464,EPG,EPG(PB08)_R8,556347,EPG,EPG(PB08)_R4,1
513520,EPG,EPG(PB08)_R6,556347,EPG,EPG(PB08)_R4,1
512305,EPG,EPG(PB08)_R8,556347,EPG,EPG(PB08)_R4,1
15616,EPG,EPG(PB08)_R3,556347,EPG,EPG(PB08)_R4,1
11503,EPG,EPG(PB08)_R8,556347,EPG,EPG(PB08)_R4,1
10539,EPG,EPG(PB08)_R2,556347,EPG,EPG(PB08)_R4,1
137299,FC2A,FC2A_C5_L,56382,FC2A,FC2A_C6_L,1
119544,FC2C,FC2C_C6_L,56382,FC2A,FC2A_C6_L,1
108286,FC2C,FC2C_C7_R,56382,FC2A,FC2A_C6_L,1
106495,FC2B,FC2B_C6_R,56382,FC2A,FC2A_C6_L,1
67741,FC2B,FC2B_C6_R,56382,FC2A,FC2A_C6_L,1
46169,FC2A,FC2A_C1_L,56382,FC2A,FC2A_C6_L,1
512514,EPG,EPG(PB08)_L1,55630,EPGt,EPGt(PB09)_R9,1
19125,EPG,EPG(PB08)_R5,55630,EPGt,EPGt(PB09)_R9,1
524073,EPG,EPG(PB08)_L2,18851,PFL3,PFL3(PB12c)_L1_C8_irreg,1
122334,FC2C,FC2C_C7_L,18851,PFL3,PFL3(PB12c)_L1_C8_irreg,1
18803,PFL3,PFL3(PB12c)_R1_C7,18851,PFL3,PFL3(PB12c)_L1_C8_irreg,1
17290,PFL3,PFL3(PB12c)_L6_C8,18851,PFL3,PFL3(PB12c)_L1_C8_irreg,1
11557,PFL2,PFL2(PB12b)_L3_C7,18851,PFL3,PFL3(PB12c)_L1_C8_irreg,1
