heading_column,column_a,column_b,alpha_from,alpha_to,steering_from,steering_to,steering_abs_step,real_DNa03_rate_raw_step,real_DNa03_rate_norm_step,real_DNa03_rate_sign_flip,real_DNa03_meanV_raw_step,real_DNa03_meanV_norm_step,real_DNa03_meanV_sign_flip,shadow_DNa03_meanV_raw_step,shadow_DNa03_meanV_norm_step,shadow_DNa03_meanV_sign_flip,shadow_DNa03_input_raw_step,shadow_DNa03_input_norm_step,shadow_DNa03_input_sign_flip,real_DNa02_rate_raw_step,real_DNa02_rate_norm_step,real_DNa02_rate_sign_flip,real_DNa02_meanV_raw_step,real_DNa02_meanV_norm_step,real_DNa02_meanV_sign_flip,shadow_DNa02_meanV_raw_step,shadow_DNa02_meanV_norm_step,shadow_DNa02_meanV_sign_flip,shadow_DNa02_input_raw_step,shadow_DNa02_input_norm_step,shadow_DNa02_input_sign_flip
L1,1,2,0.0,0.1,0.008540173746338375,0.10823528996960877,0.09969511622327039,3.3333333333333335,0.19999999999999998,0,0.010991678195078236,0.04840727559475209,0,0.06773260906088663,0.28922637158404707,1,1.1005509621298843,0.2782635640014551,1,3.3333333333333335,0.19999999999999998,0,0.013348777080128521,0.05263811774313226,0,0.09202657338749914,0.3132131539519539,0,1.4343626008508654,0.287006494212756,0
L1,1,2,0.1,0.2,0.10823528996960877,0.18378002657735587,0.0755447366077471,3.3333333333333335,0.19999999999999998,0,0.09133080334138322,0.4022202332684808,0,0.01712223319043754,0.07311399114471624,0,0.2753221687695815,0.06961252187919334,0,3.3333333333333335,0.19999999999999998,0,0.07984082924411894,0.3148356546246847,1,0.0033601004963162984,0.011436128015059995,0,0.06613438390276549,0.013233053942980456,0
L1,1,2,0.2,0.3,0.18378002657735587,-0.03051155084230603,0.2142915774196619,3.333333333333333,0.19999999999999996,0,0.015194928930558627,0.06691836308613724,0,0.005727564529562246,0.02445738810104967,0,0.27708143238247285,0.07005733450467488,0,3.333333333333333,0.19999999999999996,0,0.07503994710407157,0.2959043774116652,0,0.007486756480492823,0.025481233559044206,0,0.5668748694578667,0.11342792181273,0
L1,1,2,0.3,0.4,-0.03051155084230603,0.0,0.03051155084230603,3.333333333333334,0.2,0,0.10199709694082322,0.44919451732947424,1,0.030699408937437167,0.13109016144303814,1,0.28736738285279273,0.07265803663978952,1,10.0,0.6,0,0.11467123184533443,0.4521820813541233,0,0.07323082697922245,0.24924168574756297,0,0.6713195052915406,0.13432660444163344,0
L1,1,2,0.4,0.5,0.0,0.06142156759334889,0.06142156759334889,0.0,0.0,0,0.017496667983192004,0.07705520613144388,1,0.03447537643301557,0.14721399593144116,1,0.3220595311610044,0.08142960757406738,1,10.0,0.6,0,0.14811861596353434,0.5840748632056146,0,0.03868462578968257,0.13166342293348368,0,0.35541957835039906,0.07111711299249776,0
L1,1,2,0.5,0.6000000000000001,0.06142156759334889,0.3594101818863824,0.2979886142930335,0.0,0.0,0,0.01693572526934461,0.07458481825616588,0,0.062308502597842985,0.26606478585535526,0,1.2418165319240657,0.3139811838793668,0,6.666666666666668,0.4,0,0.06890304380577,0.27170477946683946,0,0.0713331193510773,0.2427828231646086,0,1.421678313401594,0.2844684519699906,0
L1,1,2,0.6000000000000001,0.7000000000000001,0.3594101818863824,0.4024787880264846,0.04306860614010222,10.000000000000002,0.6000000000000001,0,0.09025060626048476,0.397463052712093,0,0.055751395486285216,0.23806515134756595,0,1.0309792616105709,0.2606730388860345,0,6.666666666666668,0.4,0,0.23244262655223352,0.9165890082315756,1,0.13468324060578044,0.4583954505942378,0,2.3888881553782055,0.47800076084998444,0
L1,1,2,0.7000000000000001,0.8,0.4024787880264846,0.35466600956158284,0.047812778464901784,10.000000000000002,0.6000000000000001,0,0.09014158029321359,0.39698290309790185,0,0.019482338840564606,0.08319192558730722,0,0.47048878950431394,0.11895849614890433,0,6.666666666666668,0.4,0,0.2591103180945108,1.0217474867134417,1,0.09033896544880188,0.307469367286248,0,1.6912122703211159,0.33840041868529336,0
L1,1,2,0.8,0.9,0.35466600956158284,0.5017218378191038,0.147055828257521,6.666666666666668,0.4,0,0.0802920615697528,0.35360569000447906,0,0.01751045400783957,0.07477174063860695,0,0.281564683762797,0.07119088083767623,0,6.666666666666668,0.4,0,0.039509019430900405,0.15579557619666332,0,0.05996134928747043,0.20407891584165538,0,0.950454132981017,0.19017960204420345,0
L1,1,2,0.9,1.0,0.5017218378191038,0.5017218378191038,0.0,0.0,0.0,0,0.0,0.0,0,0.0030186183590410476,0.012889862760160502,0,0.044651649889285494,0.011289733655488278,0,0.0,0.0,0,0.0,0.0,0,0.014457917090356154,0.04920763258649643,0,0.24498960664763914,0.04902080414031354,0
L1,2,3,0.0,0.1,0.5017218378191038,0.35466600956158284,0.147055828257521,6.666666666666668,0.4,0,0.0802920615697528,0.35360569000447906,0,0.06419748247443313,0.2741309566891161,0,1.0065369563054158,0.25449304066635964,0,6.666666666666668,0.4,0,0.03949058881690923,0.15572289891517735,0,0.12357025144563011,0.42057230607675017,0,1.9388468089145103,0.38795045625983915,0
L1,2,3,0.1,0.2,0.35466600956158284,0.38557421583237084,0.030908206270787997,10.0,0.6,0,0.16540443921734702,0.7284400190477508,0,0.0020467010082770853,0.008739658999541324,0,0.0374550899593018,0.009470153750899553,0,0.0,0.0,0,0.08065747646428575,0.3180559325776168,0,0.049776454133551806,0.1694145464491712,0,0.8171715546187959,0.16351063735376445,0
L1,2,3,0.2,0.3,0.38557421583237084,0.38729940682526326,0.0017251909928924225,6.666666666666668,0.4,0,0.09351434323674851,0.41183652803358894,0,0.001902500849597033,0.008123907011612079,0,0.03481619453996476,0.008802934812677247,0,0.0,0.0,0,0.038729775240899905,0.15272278929059094,0,0.038729775240899905,0.13181708943973766,0,0.5959594491425695,0.11924755434219386,0
L1,2,3,0.3,0.4,0.38729940682526326,0.2716430548978911,0.11565635192737217,10.0,0.6,0,0.12435358969073104,0.5476523584952983,0,0.06513976003971045,0.27815459500762857,0,1.0203891197229567,0.2579954249214566,0,3.333333333333334,0.2,0,0.0508301109020175,0.20043793873371862,0,0.12377932033606068,0.42128387366157444,0,1.987473767774448,0.3976803899449058,0
L1,2,3,0.4,0.5,0.2716430548978911,0.17676390631138805,0.09487914858650304,1.7763568394002505e-15,1.0658141036401502e-16,0,0.10251817969386232,0.4514893622099703,0,0.06580071157931944,0.28097693742503277,0,1.062227527956063,0.26857385789521104,0,10.0,0.6,0,0.24699199119817958,0.9739613925873791,1,0.06284395951579735,0.21388990203829109,0,1.1009364128644235,0.22029011354586922,0
L1,2,3,0.5,0.6000000000000001,0.17676390631138805,0.02532330186136519,0.15144060445002286,3.3333333333333326,0.19999999999999993,0,0.010693386638809838,0.047093601621078306,0,0.04175264384602559,0.1782888013773627,0,0.6737831873193043,0.170359499486406,0,3.3333333333333335,0.19999999999999998,0,0.020997444346196215,0.08279904152757803,0,0.08783182072802742,0.2989362808471692,0,1.4925645681959088,0.29865232393118085,0
L1,2,3,0.6000000000000001,0.7000000000000001,0.02532330186136519,0.4115381745954257,0.3862148727340605,3.3333333333333344,0.20000000000000004,0,0.03392278064271034,0.14939569393937419,0,0.060511440325100446,0.25839111422418154,0,1.1700256756032825,0.2958295668893851,0,13.333333333333334,0.7999999999999999,0,0.1327413102651484,0.5234376660253031,1,0.13948374259044166,0.4747339962101566,0,2.516495413347444,0.5035341313687978,0
L1,2,3,0.7000000000000001,0.8,0.4115381745954257,0.3890262667569176,0.022511907838508094,6.666666666666668,0.4,0,0.20214098159007296,0.8902275004017002,1,0.07181004609136737,0.3066375171760952,0,1.3523525547335833,0.3419291378732433,0,3.333333333333334,0.2,0,0.06491397695190153,0.2559747264830546,0,0.04476199691046895,0.15234780252526575,0,0.8724854353046094,0.17457857998383627,0
L1,2,3,0.8,0.9,0.3890262667569176,0.3890392533567139,1.2986599796316334e-05,0.0,0.0,0,0.0,0.0,0,0.07685767146527989,0.32819148345989707,0,1.2414688716912714,0.3138932813843731,0,0.0,0.0,0,4.4427830708321236e-05,0.00017519188236185936,0,0.11690271052585066,0.39787927901168385,0,1.8883095645141967,0.377838287039934,0
L1,2,3,0.9,1.0,0.3890392533567139,0.3890392533567139,0.0,0.0,0.0,0,0.0,0.0,0,0.0,0.0,0,0.0,0.0,0,0.0,0.0,0,0.0,0.0,0,0.0,0.0,0,0.0,0.0,0
L1,3,4,0.0,0.1,0.3890392533567139,0.28935109195973296,0.09968816139698095,0.0,0.0,0,0.09823810897373578,0.4326399600316053,0,0.1524607912096687,0.6510258804701688,0,2.723821815656363,0.6886917482336485,0,3.333333333333332,0.19999999999999993,0,0.02803106732237369,0.11053466645849234,0,0.12522482591563538,0.4262036630763919,0,2.2227247978861007,0.44475256916390715,0
L1,3,4,0.1,0.2,0.28935109195973296,0.24670672622662124,0.04264436573311173,0.0,0.0,0,0.037797188813872715,0.16645856102658527,0,0.006776380935857973,0.028935960060060547,0,0.35785691717239665,0.0904806270690558,0,6.666666666666666,0.3999999999999999,0,0.14655395147867484,0.5779049352123502,0,0.0029941528858943856,0.010190622493966692,0,0.30693638643550614,0.06141594612473137,0
L1,3,4,0.2,0.3,0.24670672622662124,0.1710529543496122,0.07565377187700903,0.0,0.0,0,0.039161288343404585,0.17246604602503512,1,0.08818995341182534,0.37658168774422385,0,1.4125616448810163,0.35715241838111345,0,3.333333333333334,0.2,0,0.024202911713458786,0.09543913340168031,0,0.11174095849004873,0.3803112160540006,0,1.7756836931262763,0.35530259314668206,0
L1,3,4,0.3,0.4,0.1710529543496122,0.4630642948886977,0.2920113405390855,6.666666666666668,0.4,0,0.008529096392655797,0.03756208217944069,0,0.048174044414730055,0.2057089526564107,0,0.9266332785039282,0.23429017598589438,0,6.666666666666668,0.4,0,0.05490262516484502,0.21649704916686976,0,0.12783378325783074,0.43508326955955706,0,2.285063211455004,0.4572260744843767,0
L1,3,4,0.4,0.5,0.4630642948886977,0.49881455181282197,0.03575025692412426,0.0,0.0,0,0.04666328401012648,0.20550478363220523,0,0.01113520929791667,0.04754868041729064,0,0.20967168149032034,0.05301343724125412,0,0.0,0.0,0,0.03169872493528518,0.1249973091493591,0,0.04768763121367853,0.16230522149336976,0,0.8434878573760702,0.1687763559318467,0
L1,3,4,0.5,0.6000000000000001,0.49881455181282197,0.16026117204373977,0.3385533797690822,13.333333333333336,0.8,1,0.16848132571426955,0.7419906061361713,1,0.09609899330454974,0.41035423751902816,1,1.552270664905084,0.39247647984920897,1,16.666666666666668,1.0,0,0.19700867254042215,0.776862602420587,1,0.17126491713626796,0.5829014694668323,0,2.7765860528262016,0.5555765525599742,0
L1,3,4,0.6000000000000001,0.7000000000000001,0.16026117204373977,0.023845468698112205,0.13641570334562755,6.666666666666668,0.4,0,0.1375189546366473,0.6056325356740498,1,0.11784695842839121,0.5032206593107938,0,2.150672441312553,0.543776525678702,0,0.0,0.0,0,0.06344262020120212,0.2501727380746361,0,0.06344262020120212,0.21592744830911784,0,1.2955534064265817,0.2592316901063341,0
L1,3,4,0.7000000000000001,0.8,0.023845468698112205,-0.33080876079892085,0.35465422949703307,0.0,0.0,0,0.0,0.0,0,0.10562578449939941,0.45103477955526244,0,1.7061552998416385,0.43138470712442617,0,16.666666666666668,1.0,0,0.24168335023075094,0.9530278743615408,0,0.12208147638632427,0.4155052486531655,1,1.9719612870681402,0.39457644488846094,1
L1,3,4,0.8,0.9,-0.33080876079892085,0.05937157772132227,0.39018033852024314,0.0,0.0,0,0.05267104690677396,0.23196293033960805,0,0.0887970472910582,0.3791740514865324,0,1.408118704886446,0.3560290643883632,0,16.666666666666668,1.0,0,0.2568019360673406,1.0126448637380983,0,0.14816172393772237,0.5042695728122866,1,2.487159992708065,0.49766430721905336,1
L1,3,4,0.9,1.0,0.05937157772132227,0.05937157772132227,0.0,0.0,0.0,0,0.0,0.0,0,0.0,0.0,0,0.0,0.0,0,0.0,0.0,0,0.0,0.0,0,0.0,0.0,0,0.0,0.0,0
L1,4,5,0.0,0.1,0.05937157772132227,0.05937157772132227,0.0,0.0,0.0,0,0.0,0.0,0,0.0,0.0,0,0.0,0.0,0,0.0,0.0,0,0.0,0.0,0,0.0,0.0,0,0.0,0.0,0
L1,4,5,0.1,0.2,0.05937157772132227,0.18919874713252147,0.1298271694111992,0.0,0.0,0,0.052323106555443505,0.23043060341204843,0,0.15107068482102326,0.6450899593167063,0,2.764627596947964,0.699009091568745,0,0.0,0.0,0,0.08370993823291606,0.33009267879182685,0,0.11077537928610603,0.37702485976880185,0,2.0278783474277073,0.4057650797921892,0
L1,4,5,0.2,0.3,0.18919874713252147,0.037312796215133795,0.15188595091738766,0.0,0.0,0,0.08458776979957863,0.3725239596686087,1,0.1118776575229039,0.47773102786554006,0,2.047386359809966,0.5176616485493114,0,0.0,0.0,0,0.09776589939947608,0.3855194294549788,0,0.1293073435598227,0.4400985434390037,0,2.3663535444817674,0.47349173386615295,0
L1,4,5,0.3,0.4,0.037312796215133795,0.16115998593313427,0.12384718971800047,0.0,0.0,0,0.06154954542632246,0.27106377709618684,0,0.01385154786983056,0.059147772199540115,0,0.06679567393004326,0.01688863389995324,0,13.333333333333334,0.7999999999999999,0,0.29122851761976654,1.1483989064022595,1,0.001086339809028558,0.0036973659381695314,0,0.2648549934834872,0.05299573699798485,0
L1,4,5,0.4,0.5,0.16115998593313427,0.24735819079350022,0.08619820486036595,0.0,0.0,0,0.0,0.0,0,0.058043564891375854,0.24785298986851204,0,0.919701223695256,0.2325374736183625,0,3.333333333333334,0.2,0,0.05746985336399746,0.22662037802383606,0,0.02343783979120595,0.0797708689197095,0,0.3600000000000003,0.07203362514841179,0
L1,4,5,0.5,0.6000000000000001,0.24735819079350022,-0.09748188749250455,0.34484007828600477,0.0,0.0,0,0.0,0.0,0,0.07685767146528044,0.32819148345989946,0,1.241468871691275,0.313893281384374,0,16.666666666666668,1.0,0,0.29086999072092246,1.1469851303685334,0,0.11690271052585005,0.39787927901168174,1,1.8883095645141958,0.3778382870399338,1
L1,4,5,0.6000000000000001,0.7000000000000001,-0.09748188749250455,0.28833096816022075,0.3858128556527253,0.0,0.0,0,0.09381420867045759,0.4131571333527471,0,0.011304989414816391,0.04827366189753865,0,0.2068838554378285,0.05230856264673177,0,16.666666666666668,1.0,0,0.2815155441969451,1.1100978219210833,0,0.04405002341065878,0.14992459521462556,1,0.8054614332925478,0.1611675193258273,1
L1,4,5,0.7000000000000001,0.8,0.28833096816022075,0.28833096816022075,0.0,0.0,0.0,0,0.0,0.0,0,0.0,0.0,0,0.0,0.0,0,0.0,0.0,0,0.0,0.0,0,0.0,0.0,0,0.0,0.0,0
L1,4,5,0.8,0.9,0.28833096816022075,0.05065198614910051,0.23767898201112023,0.0,0.0,0,0.0,0.0,0,0.01049021040785092,0.04479445772845609,0,0.16432508436091275,0.04154799296219317,0,10.0,0.6,0,0.22106101533918499,0.8717079987171643,0,0.005505705558444596,0.01873871143099071,0,0.08624474583281039,0.017257004700946408,0
L1,4,5,0.9,1.0,0.05065198614910051,-0.05770429124361521,0.10835627739271572,0.0,0.0,0,0.0,0.0,0,0.006465031933572951,0.027606462444720477,0,0.1095500562406091,0.027698661974795594,0,6.666666666666668,0.4,0,0.058013792988231755,0.22876529046141225,0,0.0033931218601258584,0.01154851648206329,0,0.05749649722187122,0.011504669800630465,0
L1,5,6,0.0,0.1,-0.05770429124361521,0.0961098681739841,0.15381415941759932,0.0,0.0,0,0.0,0.0,0,0.11187765752290413,0.477731027865541,0,2.047386359809966,0.5176616485493114,0,0.0,0.0,0,0.09776589939947611,0.3855194294549789,1,0.12930734355982265,0.44009854343900345,0,2.3663535444817683,0.4734917338661531,0
L1,5,6,0.1,0.2,0.0961098681739841,0.04385750740489169,0.05225236076909242,0.0,0.0,0,0.008547406724272705,0.037642720754650055,0,0.012203092369002855,0.05210866932379568,0,0.22331934201144854,0.05646411493594401,0,0.0,0.0,0,0.03330507022069219,0.13133159668460093,0,0.044050023410659,0.14992459521462634,0,0.8054614332925487,0.16116751932582746,0
L1,5,6,0.2,0.3,0.04385750740489169,0.2635237490803609,0.21966624167546922,0.0,0.0,0,0.015187094685938957,0.06688386112641367,1,0.03743715424749372,0.15986114274295116,0,0.2964007082020821,0.07494202474481404,0,6.666666666666666,0.3999999999999999,0,0.0774398867516055,0.30536803876318774,1,0.03355672037697943,0.11421055721917446,0,0.22023462082205292,0.04406749478055098,0
L1,5,6,0.3,0.4,0.2635237490803609,0.15452478881109083,0.10899896026927008,0.0,0.0,0,0.008505340591649257,0.037457461794283074,1,0.037694874090572816,0.16096163741062255,0,0.3083209347109417,0.0779559376177269,0,3.3333333333333326,0.19999999999999993,0,0.08684189257476047,0.34244288738565654,1,0.035668825379543495,0.1213991229234002,0,0.24201020404382634,0.04842464533384339,0
L1,5,6,0.4,0.5,0.15452478881109083,0.06276969734917758,0.09175509146191325,0.0,0.0,0,0.0,0.0,0,0.00712814752219304,0.030438045611183212,0,0.11165967100572516,0.02823205746797223,0,3.3333333333333335,0.19999999999999998,0,0.04740379178998319,0.1869269640757262,0,0.021492385058563213,0.07314949869748019,0,0.3366698903601275,0.06736542411377305,0
L1,5,6,0.5,0.6000000000000001,0.06276969734917758,0.1398213525458865,0.07705165519670894,0.0,0.0,0,0.0026640875938001296,0.011732623542362078,0,0.013358821926578002,0.05704377327305318,0,0.21617404223944803,0.05465749566175088,0,6.666666666666666,0.3999999999999999,0,0.12205232415579859,0.4812878791196366,1,0.009560631926190971,0.0325396846709365,0,0.152886807927461,0.030591641701066524,0
L1,5,6,0.6000000000000001,0.7000000000000001,0.1398213525458865,0.0524735440645343,0.08734780848135221,0.0,0.0,0,0.004529740223783135,0.019948944964881542,0,0.01990376274106498,0.08499145623185912,0,0.3575955058790914,0.09041453177619942,0,6.666666666666666,0.3999999999999999,0,0.07068813512128755,0.27874391468382753,1,0.0115382850031156,0.03927064220684419,0,0.20468582395231305,0.0409562830993742,0
L1,5,6,0.7000000000000001,0.8,0.0524735440645343,0.0524735440645343,0.0,0.0,0.0,0,0.0,0.0,0,0.0,0.0,0,0.0,0.0,0,0.0,0.0,0,0.0,0.0,0,0.0,0.0,0,0.0,0.0,0
L1,5,6,0.8,0.9,0.0524735440645343,0.1838178582588432,0.1313443141943089,0.0,0.0,0,0.0,0.0,0,0.08816061440786938,0.3764564066753601,1,1.6133591228810253,0.40792209992557615,1,0.0,0.0,0,0.08463219763028712,0.3337294163339344,0,0.11187765752290435,0.3807764722691006,0,2.0473863598099644,0.4096685043792283,0
L1,5,6,0.9,1.0,0.1838178582588432,0.1838178582588432,0.0,0.0,0.0,0,0.0,0.0,0,0.0,0.0,0,0.0,0.0,0,0.0,0.0,0,0.0,0.0,0,0.0,0.0,0,0.0,0.0,0
L1,6,7,0.0,0.1,0.1838178582588432,0.34604186022652467,0.16222400196768147,0.0,0.0,0,0.0,0.0,0,0.04745867887866706,0.20265425594207348,0,0.7351439950477889,0.1858739805382349,0,6.666666666666666,0.3999999999999999,0,0.10938265438350792,0.43132767937720307,0,0.08122654801198897,0.27645518409491066,0,1.2767269817631988,0.2554646467255371,0
L1,6,7,0.1,0.2,0.34604186022652467,0.0746064762789061,0.27143538394761857,0.0,0.0,0,0.0,0.0,0,0.023746693187778778,0.10140123056011152,1,0.6043399872317181,0.1528014644503534,1,6.666666666666666,0.3999999999999999,0,0.08831473529846845,0.3482507354186473,0,0.03954993692948533,0.13460851608724225,0,0.914400621101449,0.18296553215526845,0
L1,6,7,0.2,0.3,0.0746064762789061,0.0746064762789061,0.0,0.0,0.0,0,0.0,0.0,0,0.0,0.0,0,0.0,0.0,0,0.0,0.0,0,0.0,0.0,0,0.0,0.0,0,0.0,0.0,0
L1,6,7,0.3,0.4,0.0746064762789061,0.01846478893832084,0.05614168734058526,0.0,0.0,0,0.011339877685358213,0.04994074376847304,0,0.011304989414816169,0.048273661897537706,0,0.2068838554378214,0.05230856264672997,0,0.0,0.0,0,0.04405002341065928,0.17370207809745605,0,0.04405002341065928,0.14992459521462728,0,0.8054614332925496,0.16116751932582765,0
L1,6,7,0.4,0.5,0.01846478893832084,-0.018460292139315423,0.036925081077636264,0.0,0.0,0,0.0,0.0,0,0.0832340814507474,0.35541951954767326,0,1.3444659357341875,0.3399350832713134,0,0.0,0.0,0,0.1056257844994,0.41651324670533796,1,0.1056257844994,0.35949817410240026,1,1.7061552998416372,0.3413904203160236,1
L1,6,7,0.5,0.6000000000000001,-0.018460292139315423,0.007020716514899372,0.025481008654214796,0.0,0.0,0,0.0044221942136194875,0.01947531307166993,0,0.03455179709671696,0.1475403213392891,0,0.5881576666127648,0.1487099227006377,0,0.0,0.0,0,0.03879032425580842,0.15296155169982537,0,0.03879032425580842,0.13202316848006357,0,0.6539384994140667,0.13084877982474372,0
L1,6,7,0.6000000000000001,0.7000000000000001,0.007020716514899372,-0.037394883823617026,0.044415600338516395,0.0,0.0,0,0.011092502900904699,0.04885130690963236,0,0.05201256248798747,0.22209988562032532,0,0.8309992016911165,0.21011003352123198,0,0.0,0.0,0,0.09803215321376432,0.3865693458287361,0,0.09803215321376432,0.3336531913178379,0,1.6067833621568952,0.32150675112309574,0
L1,6,7,0.7000000000000001,0.8,-0.037394883823617026,-0.1014542715446066,0.06405938772098957,0.0,0.0,0,0.007342293689993264,0.03233541119392127,0,0.013830899443321276,0.059059600939625534,0,0.26855557977886235,0.06790165592797327,0,3.3333333333333335,0.19999999999999998,0,0.08054324621076595,0.3176054894022974,0,0.011262906481162988,0.0383333892785164,0,0.2329638488913437,0.04661452934491746,0
L1,6,7,0.8,0.9,-0.1014542715446066,-0.026156812315022083,0.07529745922958452,0.0,0.0,0,0.04543163478453581,0.20008060886643314,1,0.0489745714390315,0.2091272991486527,0,0.719517716009686,0.18192302847254527,0,3.3333333333333335,0.19999999999999998,0,0.010084504951496459,0.03976614155976003,0,0.0591958347781065,0.20147348129109077,0,0.8741717470015518,0.17491599983011663,0
L1,6,7,0.9,1.0,-0.026156812315022083,-0.00508232349498853,0.021074488820033554,0.0,0.0,0,0.020079154721899122,0.0884284600660764,0,0.010028124459915078,0.04282129526011946,0,0.15029292310459041,0.038000098011221714,0,0.0,0.0,0,0.03836672040243588,0.15129115827154188,0,0.029686764684224376,0.10103913310150994,0,0.4966020136872853,0.09936678694971204,0
L1,7,8,0.0,0.1,-0.00508232349498853,-0.0026711888164139747,0.002411134678574555,0.0,0.0,0,0.0,0.0,0,0.014487616855344165,0.06186386312395545,0,0.26512665524580825,0.06703468584290505,0,0.0,0.0,0,0.004417374099074278,0.017418993256593955,0,0.004262581619137229,0.014507729493369977,0,0.0786701326963124,0.015741374580616602,0
L1,7,8,0.1,0.2,-0.0026711888164139747,-0.026156812315022083,0.023485623498608107,0.0,0.0,0,0.020079154721899122,0.0884284600660764,0,0.024515741315259243,0.10468515838407491,0,0.41541957835039867,0.10503478385412676,0,0.0,0.0,0,0.033949346303361605,0.13387216501494792,0,0.033949346303361605,0.11554686259487992,0,0.5752721463835977,0.11510816153032864,0
L1,7,8,0.2,0.3,-0.026156812315022083,-0.03378736059844948,0.007630548283427397,0.0,0.0,0,0.020079154721899122,0.0884284600660764,0,0.025619185715877735,0.10939699843660754,0,0.39440135568331947,0.09972053149365553,0,0.0,0.0,0,0.0550864697329351,0.21722200186953844,0,0.0550864697329351,0.18748722559168116,0,0.8629082195753952,0.1726622422954927,0
L1,7,8,0.3,0.4,-0.03378736059844948,-0.09069706228465624,0.05690970168620676,13.333333333333334,0.7999999999999999,0,0.2410409994423261,1.061542912970635,0,0.029305821194260617,0.12513937448781204,0,0.49658754867650856,0.12555731255374925,0,0.0,0.0,0,0.11110923411699922,0.4381360863765015,0,0.11110923411699922,0.3781611372666703,0,1.8306443375391637,0.3662998555287739,0
L1,7,8,0.4,0.5,-0.09069706228465624,-0.04048053115043383,0.050216531134222406,13.333333333333334,0.7999999999999999,0,0.34057551312485845,1.4998922304731634,1,0.0031345955898391398,0.013385099458040315,0,0.08837555174859979,0.0223448952809676,0,0.0,0.0,0,0.07504287552685096,0.29591592503600095,0,0.07504287552685096,0.2554090069877764,0,1.2621828267080066,0.25255445724402015,0
L1,7,8,0.5,0.6000000000000001,-0.04048053115043383,-0.27495354691324253,0.2344730157628087,0.0,0.0,0,0.09847918811798675,0.4337016709340524,0,0.026686678855875112,0.11395532229055448,0,0.4707506892461346,0.11902471494119818,0,13.333333333333334,0.7999999999999999,0,0.30959225705831983,1.2208124820405652,1,0.0023757586186768376,0.008085912824886193,0,0.010951331397527575,0.0021912891687931478,0
L1,7,8,0.6000000000000001,0.7000000000000001,-0.27495354691324253,-0.10048253929946324,0.1744710076137793,0.0,0.0,0,0.029990103293280144,0.1320762097895972,1,0.11356072375382553,0.4849179227135964,0,1.831498650118542,0.46307654927631886,0,10.0,0.6,0,0.12074179323737397,0.47612007383111005,0,0.12722728708849962,0.4330190551586134,0,2.05341910654054,0.41087561720313265,0
L1,7,8,0.7000000000000001,0.8,-0.10048253929946324,0.22716793095000704,0.32765047024947025,0.0,0.0,0,0.015389990587703125,0.06777741329009888,0,0.008303232614652045,0.03545580001791082,0,0.3503406467922243,0.08858021149907831,0,6.666666666666666,0.3999999999999999,1,0.0853330759046381,0.33649318359946245,1,0.053377070211864774,0.18166927110690484,1,1.1868021267779296,0.23747127646016442,1
L1,7,8,0.8,0.9,0.22716793095000704,-0.3723468077259291,0.5995147386759361,13.333333333333336,0.8,0,0.11912118562712531,0.52460888678563,0,0.19225423804419062,0.8209486754185434,0,3.472385755912587,0.8779588308733767,0,16.666666666666668,1.0,1,0.08271076024573695,0.3261526288367059,1,0.2931469227136312,0.9977278176796547,1,5.196517722452702,1.0397889158228784,1
L1,7,8,0.9,1.0,-0.3723468077259291,-0.07173619780311442,0.3006106099228147,6.666666666666668,0.4,0,0.02154639913669701,0.09489019443378971,0,0.0411278390304366,0.1756208098107216,0,0.8555319355058302,0.2163128957065231,0,6.666666666666666,0.3999999999999999,0,0.053515543773525936,0.21102738305758606,0,0.11196084863955413,0.3810596138777417,0,2.0553091056012907,0.41125379354722424,0
L1,8,9,0.0,0.1,-0.07173619780311442,-0.07173619780311442,0.0,0.0,0.0,0,0.0,0.0,0,0.0,0.0,0,0.0,0.0,0,0.0,0.0,0,0.0,0.0,0,0.0,0.0,0,0.0,0.0,0
L1,8,9,0.1,0.2,-0.07173619780311442,-0.27240340648559846,0.20066720868248406,0.0,0.0,0,0.045973855647768236,0.20246854583964888,0,0.03059707924202343,0.1306532013595544,0,0.2602778533181862,0.06580871362358495,0,0.0,0.0,0,0.06703640801538402,0.26434409062410275,0,0.026887055298932483,0.09151030056502349,0,0.18253354062003968,0.036523757338989785,0
L1,8,9,0.2,0.3,-0.27240340648559846,-0.45396403052055334,0.18156062403495488,10.0,0.6,0,0.14735903627055175,0.6489681878896105,0,0.0475518502710196,0.20305210897208648,0,0.7448813230147628,0.18833596883062387,0,10.0,0.6,0,0.07204554684620684,0.2840965846530171,0,0.12513535808946366,0.4258991586383697,0,2.0123010322756074,0.40264816179084184,0
L1,8,9,0.3,0.4,-0.45396403052055334,-0.27240340648559846,0.18156062403495488,10.0,0.6,0,0.14735903627055175,0.6489681878896105,0,0.0475518502710196,0.20305210897208648,0,0.7448813230147628,0.18833596883062387,0,10.0,0.6,0,0.07204554684620684,0.2840965846530171,0,0.12513535808946366,0.4258991586383697,0,2.0123010322756074,0.40264816179084184,0
L1,8,9,0.4,0.5,-0.27240340648559846,-0.20691971408181514,0.06548369240378332,0.0,0.0,0,0.02029626430847281,0.08938460920044981,0,0.0016207386740513807,0.006920748698170468,0,0.22314458826155636,0.056419930156737144,0,3.333333333333332,0.19999999999999993,0,0.003239216250834953,0.012773173556155908,0,0.0337468125409085,0.11485753736864793,0,0.36619801661681173,0.07327380738629795,0
L1,8,9,0.5,0.6000000000000001,-0.20691971408181514,-0.4924144745529008,0.2854947604710857,3.333333333333332,0.19999999999999993,0,0.024433472063755526,0.1076048438587381,0,0.059994076562286,0.2561819088505427,0,1.1886440922108648,0.30053705172158524,0,6.666666666666668,0.4,0,0.060101568144925066,0.23699799626356435,0,0.10009330799900198,0.3406683475635136,0,1.8975690296545107,0.37969104493157885,0
L1,8,9,0.6000000000000001,0.7000000000000001,-0.4924144745529008,-0.04771046692308973,0.4447040076298111,3.333333333333332,0.19999999999999993,0,0.08965162654688459,0.3948251501500536,0,0.17466068026987502,0.7458220717209744,0,3.187775498656414,0.8059979065176294,0,10.0,0.6,0,0.04110743444789941,0.16209859237276192,0,0.2432383689185376,0.8278636690112063,1,4.499447955885692,0.9003098539696037,1
L1,8,9,0.7000000000000001,0.8,-0.04771046692308973,-0.19239322294720496,0.14468275602411523,3.333333333333332,0.19999999999999993,0,0.00847179436630821,0.03730972444731682,0,0.0814067917881297,0.3476167733331155,0,1.4897626460295257,0.37667193766124774,0,0.0,0.0,0,0.1359424872464914,0.5360608396575438,0,0.1359424872464914,0.46268130627072507,1,2.4246020645512143,0.4851468784776315,1
L1,8,9,0.8,0.9,-0.19239322294720496,-0.15829601070376517,0.034097212243439784,6.666666666666664,0.39999999999999986,0,0.09073740291015442,0.3996069018278461,0,0.029219394845375335,0.12477032360310632,0,0.5347215143119666,0.13519911339020996,0,6.666666666666667,0.39999999999999997,0,0.16945525856453825,0.6682114622912863,0,0.029109737984732403,0.09907521826898269,0,0.669150864074834,0.13389267364028445,0
L1,8,9,0.9,1.0,-0.15829601070376517,-0.3388520281849866,0.18055601748122144,3.3333333333333357,0.20000000000000012,0,0.08181737498539193,0.36032315985474067,1,3.3306690738754696e-16,1.4222356772322902e-15,0,0.0,0.0,0,3.333333333333334,0.2,0,0.07566935966199037,0.2983863345328202,0,0.01777637328630388,0.06050202390331341,0,0.05151285556915042,0.01030738257886793,0
L1,9,1,0.0,0.1,-0.3388520281849866,-0.09441849783271151,0.2444335303522751,16.666666666666668,1.0,0,0.3557984322114103,1.566933862014859,1,0.11062618663350487,0.4723870969362211,0,2.0244841603414914,0.5118710510514575,0,10.0,0.6,0,0.1942370131359077,0.7659331417514238,0,0.004001493819584645,0.013619115149207633,0,0.2950451577603932,0.05903658971101712,0
L1,9,1,0.1,0.2,-0.09441849783271151,-0.2370350733285724,0.14261657549586088,0.0,0.0,0,0.08140679178812982,0.35851495426213686,0,0.08140679178812982,0.34761677333311597,0,1.4897626460295261,0.37667193766124785,0,0.0,0.0,0,0.11500416024150573,0.45349491503263195,1,0.11500416024150573,0.3914175484418392,0,2.104602064551215,0.4211169894568212,0
L1,9,1,0.2,0.3,-0.2370350733285724,0.03794306869041449,0.2749781420189869,16.666666666666668,1.0,0,0.17544194898200435,0.7726451434008591,0,0.1916007056614936,0.8181580136917787,1,3.0948935524319054,0.7825136133979319,1,6.666666666666667,0.39999999999999997,0,0.16422348886702842,0.6475810698823494,1,0.30329964610835075,1.0322826902409954,1,4.891660577757742,0.9787890122540674,1
L1,9,1,0.3,0.4,0.03794306869041449,0.0,0.03794306869041449,0.0,0.0,0,0.07685767146528036,0.3384806594735153,0,0.07685767146528036,0.3281914834598991,0,1.2414688716912716,0.31389328138437317,0,0.0,0.0,0,0.10857757406760904,0.4281530130982936,0,0.10857757406760904,0.3695446127171278,0,1.7538350537926795,0.3509308245473511,0
L1,9,1,0.4,0.5,0.0,0.0,0.0,0.0,0.0,0,0.0,0.0,0,0.0,0.0,0,0.0,0.0,0,0.0,0.0,0,0.0,0.0,0,0.0,0.0,0,0.0,0.0,0
L1,9,1,0.5,0.6000000000000001,0.0,0.0,0.0,0.0,0.0,0,0.0,0.0,0,0.0,0.0,0,0.0,0.0,0,0.0,0.0,0,0.0,0.0,0,0.0,0.0,0,0.0,0.0,0
L1,9,1,0.6000000000000001,0.7000000000000001,0.0,0.0,0.0,0.0,0.0,0,0.0,0.0,0,0.0,0.0,0,0.0,0.0,0,0.0,0.0,0,0.0,0.0,0,0.0,0.0,0,0.0,0.0,0
L1,9,1,0.7000000000000001,0.8,0.0,-0.00931561153656836,0.00931561153656836,0.0,0.0,0,0.048424129928398535,0.2132595370131636,0,0.048424129928398535,0.20677684782104322,0,0.8039645698427929,0.20327459084893346,0,0.0,0.0,0,0.0449225443193433,0.17714268228531263,0,0.0449225443193433,0.15289422687250956,0,0.7108391567007971,0.14223422598499533,0
L1,9,1,0.8,0.9,-0.00931561153656836,0.008390314711999872,0.017705926248568232,0.0,0.0,0,0.046736748112639864,0.2058283190372245,0,0.046736748112639864,0.1995715249076726,0,0.7767085788794412,0.19638317968595037,0,0.0,0.0,0,0.06892123674913676,0.2717765195437982,1,0.06892123674913676,0.2345739620834216,1,1.0984859464729868,0.21979979138620387,1
L1,9,1,0.9,1.0,0.008390314711999872,0.008540173746338375,0.00014985903433850298,0.0,0.0,0,0.012621219805314332,0.055583765701161476,0,0.015004430190851459,0.06407071810691728,0,0.274584455821139,0.06942599836387484,0,0.0,0.0,0,0.0028620749929340883,0.011285995680608705,0,0.0028620749929340883,0.009741094364224955,0,0.044040550857430416,0.008812223699426958,0
L5,1,2,0.0,0.1,0.008540173746338375,0.008390314711999872,0.00014985903433850298,0.0,0.0,0,0.012621219805314332,0.055583765701161476,0,0.015004430190851459,0.06407071810691728,0,0.274584455821139,0.06942599836387484,0,0.0,0.0,0,0.0028620749929340883,0.011285995680608705,0,0.0028620749929340883,0.009741094364224955,0,0.044040550857430416,0.008812223699426958,0
L5,1,2,0.1,0.2,0.008390314711999872,0.13296184681975212,0.12457153210775225,0.0,0.0,0,0.03817823039895085,0.16813666556117743,0,0.03817823039895085,0.16302562687142672,0,0.35076701075853745,0.08868801346455794,0,0.0,0.0,0,0.04712308664797814,0.18582006190579184,1,0.04712308664797814,0.1603837896996975,1,0.43294893630483644,0.08663022607273936,1
L5,1,2,0.2,0.3,0.13296184681975212,-0.35168231678148315,0.4846441636012353,0.0,0.0,0,0.03986561221470952,0.17556788353711653,0,0.04718204122720199,0.2014729799616244,0,1.0280429126054882,0.2599306117132617,0,16.666666666666668,1.0,0,0.2654481489201043,1.0467394004468933,1,0.06159125598995992,0.20962631590385858,0,1.3236485901528676,0.2648533510313759,0
L5,1,2,0.3,0.4,-0.35168231678148315,-0.3535815149525713,0.0018991981710881345,6.666666666666668,0.4,0,0.10191473889330285,0.44883181305147335,0,0.0006848857263083707,0.002924544267766345,0,0.011605398179986182,0.0029343116042252248,0,0.0,0.0,0,0.041593210036323935,0.16401414706865197,0,0.041593210036323935,0.1415628119022493,0,0.6399999999999997,0.12805977804162078,0
L5,1,2,0.4,0.5,-0.3535815149525713,0.0,0.3535815149525713,6.666666666666668,0.4,0,0.10191473889330285,0.44883181305147335,0,0.08590901529136774,0.36684180815690925,0,1.3882162420278972,0.35099692100019286,0,16.666666666666668,1.0,0,0.2007305446655957,0.791539028730935,0,0.16111851709866365,0.5483681185003171,1,2.570671919513827,0.5143744928605751,1
L5,1,2,0.5,0.6000000000000001,0.0,0.263357703455753,0.263357703455753,0.0,0.0,0,0.0,0.0,0,0.055722451500960724,0.23794155705567827,1,0.8507366433880108,0.21510045292009353,1,10.0,0.6,0,0.13549736465203555,0.5343055915627969,0,0.06018130018053089,0.2048275204065557,0,0.9112000191423202,0.18232511281700967,0
L5,1,2,0.6000000000000001,0.7000000000000001,0.263357703455753,0.09356717927282575,0.16979052418292723,0.0,0.0,0,0.0014384311172791764,0.006334840802506286,0,0.043461806408314596,0.185587130693066,0,0.6667178269771128,0.1685730921164393,0,6.666666666666666,0.3999999999999999,0,0.09497734213962569,0.37452333561833967,0,0.05599280425786374,0.19057194215385412,0,0.8658978726096738,0.17326045214547892,0
L5,1,2,0.7000000000000001,0.8,0.09356717927282575,0.2676694063134118,0.17410222704058603,0.0,0.0,0,0.001547457084550341,0.006814990416697399,1,0.043317606249634766,0.18497137870513772,0,0.6640789315577713,0.16790587317821587,0,6.666666666666666,0.3999999999999999,0,0.11061335534688513,0.4361806918912312,0,0.0601877044323296,0.20484931732706177,0,0.9426654917047297,0.18862114630500476,0
L5,1,2,0.8,0.9,0.2676694063134118,0.2676694063134118,0.0,0.0,0.0,0,0.0,0.0,0,0.0,0.0,0,0.0,0.0,0,0.0,0.0,0,0.0,0.0,0,0.0,0.0,0,0.0,0.0,0
L5,1,2,0.9,1.0,0.2676694063134118,0.10572207986816923,0.16194732644524257,0.0,0.0,0,2.3992598309263702e-05,0.0001056632388592636,0,0.03996282737353929,0.17064607018309805,0,0.6100058695766943,0.1542340274744907,0,6.666666666666666,0.3999999999999999,0,0.10531699921281606,0.415295616343022,0,0.05416318862534225,0.184344831204402,0,0.8218573217522405,0.16444822844605136,0
L5,2,3,0.0,0.1,0.10572207986816923,-0.18314312741708014,0.28886520728524934,10.0,0.6,0,0.09886006618584578,0.43537905533992993,1,0.10434069357435177,0.44554728703783997,1,1.8654077954654547,0.47165014555778,1,3.3333333333333335,0.19999999999999998,0,0.12373739435665645,0.4879326019362488,0,0.214576441586985,0.7303125777622002,1,3.753795790578862,0.7511097746173433,1
L5,2,3,0.1,0.2,-0.18314312741708014,0.0015345474750046145,0.18467767489208475,10.0,0.6,0,0.09715482490977556,0.4278691844229266,0,0.09231515227096576,0.39419678207817027,1,1.6893881025767943,0.42714528502606053,1,0.0,0.0,0,0.1763763315424281,0.6955032697828734,1,0.1763763315424281,0.6002982079128858,1,3.1339778580353905,0.62708829513651,1
L5,2,3,0.2,0.3,0.0015345474750046145,-0.040208736576319765,0.04174328405132438,0.0,0.0,0,0.06905559930384797,0.3041203870359804,1,0.0692017501852431,0.2954997805466424,1,1.1361048696182934,0.2872530223294513,1,0.0,0.0,0,0.09724806031141578,0.38347743903700326,1,0.09724806031141578,0.33098452506312664,1,1.5885780864684922,0.31786399555459044,1
L5,2,3,0.3,0.4,-0.040208736576319765,-0.16875628525225891,0.12854754867593915,10.0,0.6,0,0.14100087626834854,0.6209668947258427,1,0.08306464026912386,0.3546959853617417,0,1.2957112884925381,0.3276079468006499,0,3.3333333333333335,0.19999999999999998,0,0.07596943264587583,0.2995696097469077,0,0.148918642079919,0.5068457495607416,0,2.373608151677213,0.47494333290869656,0
L5,2,3,0.4,0.5,-0.16875628525225891,-0.01364474282497675,0.15511154242728217,6.666666666666666,0.3999999999999999,0,0.08505514274711748,0.374582266933024,1,0.05473503604453228,0.23372517452341698,0,0.7915852426311165,0.2001445988463871,0,3.3333333333333335,0.19999999999999998,0,0.04017394929907775,0.15841758842159948,0,0.11312315873312093,0.3850155452666387,0,1.8873862063602527,0.37765352916454803,0
L5,2,3,0.5,0.6000000000000001,-0.01364474282497675,-0.005182214460712609,0.00846252836426414,3.3333333333333335,0.19999999999999998,0,0.0014686633716005648,0.006467983443767506,0,0.0857440011174232,0.3661371778252028,0,1.449930961724497,0.36660088523724377,0,0.0,0.0,0,0.10218402641443072,0.4029413916782821,0,0.10218402641443072,0.34778412385309154,0,1.5859765910314518,0.31734345347920967,0
L5,2,3,0.6000000000000001,0.7000000000000001,-0.005182214460712609,-0.0030885315192881683,0.0020936829414244405,0.0,0.0,0,0.00323681823088115,0.014254925350938776,0,0.0017026463123910873,0.007270504146402445,0,0.08758247941028197,0.022144374684498175,0,0.0,0.0,0,0.009850299585677902,0.038842601556954626,0,0.009850299585677902,0.033525570789327025,0,0.1558751700163148,0.03118959324138935,0
L5,2,3,0.7000000000000001,0.8,-0.0030885315192881683,0.14606254235307406,0.14915107387236223,0.0,0.0,0,0.03058181443686668,0.1346821016190091,1,0.03751365617488511,0.1601878151565106,1,0.6504551345591647,0.1644612291421706,1,3.3333333333333335,0.19999999999999998,0,0.04614234439601514,0.18195270942663905,0,0.032375906867676774,0.11019164931177648,1,0.6365540790376025,0.12737027198913087,1
L5,2,3,0.8,0.9,0.14606254235307406,0.1705957318267182,0.024533189473644135,0.0,0.0,0,0.0237976381638398,0.10480463571222516,0,0.01700233546557317,0.07260201346654158,0,0.20231496879459954,0.051153364273724945,0,6.666666666666666,0.3999999999999999,0,0.10781064660924475,0.42512879465405007,0,0.01697783021333099,0.0577841763811726,0,0.1558751700163139,0.03118959324138917,0
L5,2,3,0.9,1.0,0.1705957318267182,0.28149468140279543,0.11089894957607724,0.0,0.0,0,0.0706996527022018,0.31136078695800845,0,0.16308738602933498,0.6964027160092083,0,2.7599962014244266,0.6978380884357454,0,0.0,0.0,0,0.07424217321383532,0.29275852249817164,0,0.21503829166971522,0.7318844880891857,0,3.684212827905638,0.7371866828120128,0
L5,3,4,0.0,0.1,0.28149468140279543,0.1706095972874514,0.11088508411534403,0.0,0.0,0,0.0706996527022018,0.31136078695800845,0,0.1590260621606986,0.6790603755525242,0,2.6695348408177715,0.6749658167527391,0,0.0,0.0,0,0.07421729622140265,0.2926604252680729,0,0.14469245849936285,0.49246190107306376,0,2.515903263391439,0.5034156460689019,0
L5,3,4,0.1,0.2,0.1706095972874514,0.22902480658013438,0.058415209292682985,0.0,0.0,0,0.03043414455922333,0.13403176448783966,0,0.11425418681615696,0.487879093235839,1,1.8105177739752296,0.4577717396196969,1,3.333333333333332,0.19999999999999993,0,0.021516252702224486,0.08484485405158745,0,0.13252388648506302,0.45104607215110953,1,2.0371024967856215,0.4076107712287474,1
L5,3,4,0.2,0.3,0.22902480658013438,-0.231160686523671,0.4601854931038054,16.666666666666668,1.0,0,0.2566215670994606,1.130159626371079,1,0.039958158789142245,0.17062613476728705,0,0.711231297137477,0.17982788837678146,0,13.333333333333336,0.8,1,0.10489140298841335,0.4136173664152071,0,0.14925884362852718,0.5080036281614174,0,2.5384710371160044,0.5079313087158728,0
L5,3,4,0.3,0.4,-0.231160686523671,-0.07706669017725344,0.15409399634641757,0.0,0.0,0,0.08140679178812996,0.3585149542621375,0,0.08140679178812996,0.3476167733331166,0,1.4897626460295266,0.37667193766124796,0,0.0,0.0,0,0.12382205229239826,0.48826643284545634,1,0.12382205229239826,0.42142931220531626,0,2.265971477417034,0.4534059444479203,0
L5,3,4,0.4,0.5,-0.07706669017725344,-0.00011661000143495853,0.07695008017581849,10.0,0.6,0,0.24324560170802084,1.0712519662706204,0,0.009219724155779957,0.03936932891784757,0,0.3237372422450875,0.08185380043899225,0,6.666666666666667,0.39999999999999997,0,0.11537758348812505,0.4549674317063002,1,0.01918511805191564,0.06529669760362204,0,0.0661480622558126,0.013235790891191685,0
L5,3,4,0.5,0.6000000000000001,-0.00011661000143495853,-0.00011661000143495853,0.0,0.0,0.0,0,0.0,0.0,0,0.0,0.0,0,0.0,0.0,0,0.0,0.0,0,0.0,0.0,0,0.0,0.0,0,0.0,0.0,0
L5,3,4,0.6000000000000001,0.7000000000000001,-0.00011661000143495853,0.023845468698112205,0.023962078699547164,6.666666666666667,0.39999999999999997,0,0.08857862194550643,0.390099645224281,1,0.04356831416245424,0.18604193158886032,0,0.7725694662887488,0.1953366454854256,0,0.0,0.0,0,0.08610894423552934,0.3395526585093714,1,0.08610894423552934,0.29307245738595245,1,1.3731487876367265,0.27475801400449995,1
L5,3,4,0.7000000000000001,0.8,0.023845468698112205,-0.33080876079892085,0.35465422949703307,0.0,0.0,0,0.028441037581613884,0.1252541349900833,0,0.14324253062819625,0.6116628011903077,0,2.3945502361475386,0.6054386446597855,0,16.666666666666668,1.0,0,0.24168335023075094,0.9530278743615408,0,0.12208147638632427,0.4155052486531655,1,1.9719612870681402,0.39457644488846094,1
L5,3,4,0.8,0.9,-0.33080876079892085,0.006904289345431059,0.33771305014435193,0.0,0.0,0,0.0,0.0,0,0.10100013966006094,0.4312827208103276,0,1.6314380468978946,0.4124931793243072,0,16.666666666666668,1.0,0,0.2901514341187412,1.1441516523050617,0,0.10411170052706309,0.3543449775976593,1,1.6816985594155165,0.33649678789322585,1
L5,3,4,0.9,1.0,0.006904289345431059,0.006904289345431059,0.0,0.0,0.0,0,0.0,0.0,0,0.0,0.0,0,0.0,0.0,0,0.0,0.0,0,0.0,0.0,0,0.0,0.0,0,0.0,0.0,0
L5,4,5,0.0,0.1,0.006904289345431059,0.006904289345431059,0.0,0.0,0.0,0,0.028441037581613884,0.1252541349900833,0,0.03761674612879662,0.16062802163504428,0,0.6883949363058974,0.1740539375353586,0,0.0,0.0,0,0.0,0.0,0,0.0,0.0,0,0.0,0.0,0
L5,4,5,0.1,0.2,0.006904289345431059,0.04384223423528824,0.03693794488985718,0.0,0.0,0,0.01500357045428112,0.06607562166538633,0,0.033050830006475684,0.1411310116818491,0,0.5926156513697247,0.14983708061464754,0,0.0,0.0,0,0.023440822100546238,0.09243399199175854,0,0.031003350404367136,0.10552014277811314,0,0.5673683033032217,0.11352665467009623,0
L5,4,5,0.2,0.3,0.04384223423528824,-0.15296581835818993,0.19680805259347817,0.0,0.0,0,0.07536133092869969,0.33189078598447036,0,0.09967456515390122,0.42562235854174507,0,1.8240670177985194,0.46119753361336785,0,0.0,0.0,0,0.1255849332108327,0.4952179859948314,1,0.16610141372787857,0.5653274456990083,1,3.0396933252020233,0.6082225820936992,1
L5,4,5,0.3,0.4,-0.15296581835818993,0.11087428821750078,0.2638401065756907,6.666666666666668,0.4,0,0.15215245733757055,0.6700783814846858,0,0.06315044510103346,0.2696599814141336,0,1.0362750217003054,0.26201202011214175,0,13.333333333333334,0.7999999999999999,0,0.20406889260172725,0.8047031074083162,0,0.08122141666467786,0.2764377195146685,0,1.3159594491425697,0.26331480463901735,0
L5,4,5,0.4,0.5,0.11087428821750078,-0.15998279379749042,0.2708570820149912,13.333333333333336,0.8,1,0.24333302268256518,1.0716369676446076,1,0.010586238985897445,0.04520451128437042,0,0.20335254137023906,0.05141570436768013,0,13.333333333333334,0.7999999999999999,0,0.15056586569411676,0.5937250820003394,0,0.13226879938779249,0.45017788124355357,0,2.1103298399429096,0.42226307952765346,0
L5,4,5,0.5,0.6000000000000001,-0.15998279379749042,-0.15998279379749042,0.0,0.0,0.0,0,0.0,0.0,0,0.0,0.0,0,0.0,0.0,0,0.0,0.0,0,0.0,0.0,0,0.0,0.0,0,0.0,0.0,0
L5,4,5,0.6000000000000001,0.7000000000000001,-0.15998279379749042,-0.1437970763159281,0.016185717481562306,6.666666666666667,0.39999999999999997,0,0.09118056534499462,0.4015585861599217,1,0.010673251497538061,0.04557606515440675,0,0.17240321286485472,0.04359046887227588,0,0.0,0.0,0,0.08031822447183998,0.31671816311635753,0,0.08031822447183998,0.27336369790405873,0,1.2671773102196915,0.2535538204470497,0
L5,4,5,0.7000000000000001,0.8,-0.1437970763159281,-0.0547680456514073,0.08902903066452081,0.0,0.0,0,0.0,0.0,0,0.018331299858038885,0.07827685095658621,0,0.28156468376279875,0.07119088083767668,0,3.3333333333333335,0.19999999999999998,0,0.0635015392782996,0.25040507316413213,0,0.026459378486327623,0.09005469922709208,0,0.40641016151377496,0.08131999230830203,0
L5,4,5,0.8,0.9,-0.0547680456514073,-0.03780233066005157,0.016965714991355726,6.666666666666668,0.4,0,0.08166447388022723,0.3596497844333456,0,0.02060636777346514,0.08799166406373399,0,0.5753456245689854,0.14547052297821234,0,6.666666666666668,0.4,1,0.1176107770635886,0.4637735647073111,0,0.009003423695893575,0.03064322215152315,0,0.6204469970061188,0.12414735112999026,0
L5,4,5,0.9,1.0,-0.03780233066005157,-0.10984522959138093,0.07204289893132937,6.666666666666668,0.4,0,0.07311706715595453,0.3220070636786956,0,0.003375185011180948,0.014412445168488957,0,0.22678965564249154,0.05734154985027821,0,3.333333333333334,0.2,0,0.05306097370745347,0.20923488082934483,0,0.028236942796192155,0.09610465309748935,0,1.0311178592672814,0.20631988155081138,0
L5,5,6,0.0,0.1,-0.10984522959138093,0.04385750740489169,0.15370273699627263,0.0,0.0,0,0.08458776979957866,0.3725239596686088,1,0.11187765752290413,0.477731027865541,0,2.047386359809966,0.5176616485493114,0,0.0,0.0,0,0.09776589939947607,0.38551942945497875,1,0.1293073435598227,0.4400985434390037,1,2.3663535444817674,0.47349173386615295,1
L5,5,6,0.1,0.2,0.04385750740489169,0.04384223423528824,1.5273169603445547e-05,0.0,0.0,0,0.0,0.0,0,0.011521167258356946,0.04919676724031223,1,0.18609945167620623,0.04705342911328645,1,0.0,0.0,0,4.4427830708390625e-05,0.00017519188236213298,0,0.034737968352896775,0.11823094383705424,0,0.5611164839335467,0.1122757068562886,0
L5,5,6,0.2,0.3,0.04384223423528824,-0.043856555772830444,0.08769879000811868,3.333333333333333,0.19999999999999996,0,0.026090899985476507,0.11490414509020157,0,0.06072504031046294,0.25930321180307836,1,0.9489759269612357,0.23993929647453585,1,3.3333333333333335,0.19999999999999998,0,0.03558200216352175,0.14031020281311132,0,0.0801748780476465,0.27287581724115156,1,1.2569545954456904,0.2515083226580788,1
L5,5,6,0.3,0.4,-0.043856555772830444,0.06233364924551085,0.1061902050183413,3.333333333333333,0.19999999999999996,0,0.02804454908672499,0.12350800237033202,0,0.06535068514980213,0.27905527054801627,1,1.023693179904983,0.2588308242746557,1,3.3333333333333335,0.19999999999999998,0,0.01989190495757845,0.07843957757380796,0,0.09415624802179778,0.32046151803361345,1,1.4811564968121673,0.29636964410417316,1
L5,5,6,0.4,0.5,0.06233364924551085,0.06233364924551085,0.0,0.0,0.0,0,0.0,0.0,0,0.0,0.0,0,0.0,0.0,0,0.0,0.0,0,0.0,0.0,0,0.0,0.0,0,0.0,0.0,0
L5,5,6,0.5,0.6000000000000001,0.06233364924551085,0.16611847268310342,0.10378482343759257,3.333333333333333,0.19999999999999996,0,0.032772654079766206,0.14433054442233215,1,0.051496935870347815,0.21989809806511668,0,0.8066795614405118,0.20396104996278785,0,3.3333333333333335,0.19999999999999998,0,0.001288540577206898,0.005081090965313152,0,0.08535142786097022,0.290494244549027,0,1.3436931799049834,0.2688641412104248,0
L5,5,6,0.6000000000000001,0.7000000000000001,0.16611847268310342,0.1522634343534462,0.013855038329657232,3.333333333333333,0.19999999999999996,0,0.03472630318101469,0.1529344017024626,1,0.042785936886324705,0.18270108670008092,0,0.6223040364916548,0.15734349888853486,0,3.3333333333333344,0.20000000000000004,0,0.1348970060253919,0.5319382025587197,1,0.03502968572767984,0.11922380617730083,0,0.4863239766121521,0.09731021953323532,0
L5,5,6,0.7000000000000001,0.8,0.1522634343534462,0.12402098842547285,0.028242445927973342,0.0,0.0,0,0.01693572526934467,0.07458481825616614,1,0.00194566433050114,0.008308220256589989,0,0.31045413298101643,0.0784952959698417,1,3.333333333333332,0.19999999999999993,0,0.06719686491277307,0.2649768189262358,0,0.001911162644797182,0.0065046568361459495,0,0.304948974278318,0.06101827806265836,0
L5,5,6,0.8,0.9,0.12402098842547285,0.1838178582588432,0.05979686983337035,0.0,0.0,0,0.008388318545071966,0.03694209750151608,0,0.03937175035428042,0.1681221003556065,0,1.0284313756892765,0.2600288308106934,1,10.0,0.6,0,0.2354496572794805,0.9284466066114055,1,0.08594231328646407,0.2925053276626389,0,1.874559038103941,0.37508689741485146,0
L5,5,6,0.9,1.0,0.1838178582588432,0.1838178582588432,0.0,0.0,0.0,0,0.0,0.0,0,0.0,0.0,0,0.0,0.0,0,0.0,0.0,0,0.0,0.0,0,0.0,0.0,0,0.0,0.0,0
L5,6,7,0.0,0.1,0.1838178582588432,-0.1610809796180683,0.3448988378769115,0.0,0.0,0,0.03696823501121721,0.16280785414922866,0,0.06185351521587579,0.2641219351158451,1,1.278367562368718,0.32322275501004044,1,6.666666666666667,0.39999999999999997,0,0.10494253856309996,0.4138190088866529,0,0.12874603238149346,0.43818811650424533,0,2.459850327958586,0.49219982345935115,0
L5,6,7,0.1,0.2,-0.1610809796180683,-0.08131982019979196,0.07976115941827634,0.0,0.0,0,0.0694819510995977,0.30599803742847603,1,0.07007239413859534,0.29921753474304863,0,1.0025457967871843,0.25348391495545924,0,3.3333333333333335,0.19999999999999998,0,0.17325084225702578,0.6831785547904553,0,0.1084081965640592,0.36896813507439336,1,1.6697244469071277,0.33410084697124204,1
L5,6,7,0.2,0.3,-0.08131982019979196,0.02737390517449587,0.10869372537428783,0.0,0.0,0,0.03958036996168146,0.17431167860566393,1,0.14575626219781762,0.6223967367510109,1,2.0643545916450865,0.5219519002756884,1,6.666666666666667,0.39999999999999997,1,0.014849864179646344,0.0585573415801038,0,0.1582471969424976,0.5385955581515608,1,2.2639012192955805,0.4529916994549169,1
L5,6,7,0.3,0.4,0.02737390517449587,0.1528725529706305,0.12549864779613462,16.666666666666668,1.0,0,0.24214737195867359,1.0664153699657164,1,0.018632569696722168,0.07956330933340364,0,0.3241843358116565,0.08196684368147404,0,3.3333333333333335,0.19999999999999998,0,0.031391365883632866,0.12378530284697081,0,0.09045911189104489,0.3078782866312353,0,1.4794264764620415,0.2960234784447285,0
L5,6,7,0.4,0.5,0.1528725529706305,0.035370005250500824,0.11750254772012966,13.333333333333334,0.7999999999999999,0,0.21038677002495057,0.9265418962727393,0,0.041508987204985526,0.17724835827060115,0,0.4108824352275722,0.10388761152028132,0,6.666666666666667,0.39999999999999997,0,0.006086283831428632,0.023999990636878472,0,0.12724143554364264,0.4330672095350698,0,1.8182981059879249,0.3638294560411144,0
L5,6,7,0.5,0.6000000000000001,0.035370005250500824,0.0628839621711067,0.027513956920605875,4.440892098500626e-16,2.6645352591003756e-17,0,0.007507977321723591,0.033065080774886686,0,0.06395568514316174,0.2730984530582658,0,1.0254109778626743,0.259265152714128,0,0.0,0.0,0,0.07596595820179954,0.2995559090014925,0,0.07596595820179954,0.25855072600801676,0,1.2292106457976628,0.24595694135507204,0
L5,6,7,0.6000000000000001,0.7000000000000001,0.0628839621711067,0.06309931472370517,0.00021535255259846897,3.333333333333333,0.19999999999999996,0,0.01718597073869846,0.0756868975916739,0,0.002668498945978204,0.011394810836643518,0,0.0436674657990217,0.011040892318726979,0,0.0,0.0,0,0.01666574645090521,0.06571789450779345,0,0.01666574645090521,0.05672199688313807,0,0.2539391737138539,0.050811553471669886,0
L5,6,7,0.7000000000000001,0.8,0.06309931472370517,0.30839841512627625,0.24529910040257108,0.0,0.0,0,0.061549545426322586,0.2710637770961874,0,0.014462484245064355,0.06175654386104131,0,0.3923933601965448,0.09921282944270515,0,6.666666666666667,0.39999999999999997,0,0.12172406412253037,0.47999345415637473,0,0.01402319463488208,0.047728051348592065,0,0.40461132199072836,0.0809600563863429,0
L5,6,7,0.8,0.9,0.30839841512627625,0.30839841512627625,0.0,0.0,0.0,0,0.0,0.0,0,0.008244209757655885,0.03520376533319673,0,0.137236807105368,0.034698986572521,0,0.0,0.0,0,0.0,0.0,0,0.0,0.0,0,0.0,0.0,0
L5,6,7,0.9,1.0,0.30839841512627625,0.602087807635967,0.2936893925096908,20.000000000000004,1.2000000000000002,0,0.2798395676167102,1.2324115418520887,1,0.010743300946743861,0.04587518471153236,0,0.03905105260529229,0.00987367732151826,0,10.0,0.6,0,0.11046494719067743,0.43559547528647335,1,0.10709807333855276,0.3645091205482443,0,2.1492303863245947,0.43004682223911656,0
L5,7,8,0.0,0.1,0.602087807635967,0.5391462486490828,0.06294155898688425,20.000000000000004,1.2000000000000002,0,0.3313287486821781,1.4591695431098262,1,0.06768560288578673,0.2890256495735607,0,1.1145410336544277,0.28180081697474835,0,0.0,0.0,0,0.006558865658085389,0.025863518485572112,0,0.03227940618806785,0.10986320850271204,0,0.7227311577390418,0.14461373694347712,0
L5,7,8,0.1,0.2,0.5391462486490828,0.30644864437911734,0.23269760426996544,0.0,0.0,0,0.05148918106546789,0.22675800125773737,0,0.10201851978705573,0.4356313262030304,0,1.7707786525291391,0.44772409081070813,0,10.0,0.6,0,0.05882637093200041,0.23196952207175503,0,0.1330161090672473,0.4527213555147869,0,2.324450860281272,0.46510728318167865,0
L5,7,8,0.2,0.3,0.30644864437911734,0.36118013629329326,0.05473149191417592,6.666666666666668,0.4,0,0.09817562331974708,0.4323647736388029,1,0.03241071102946208,0.13839762680755155,0,0.5631293675255975,0.14238176167535335,0,0.0,0.0,0,0.07020875275928648,0.2768535703426551,1,0.07020875275928648,0.23895603277733496,0,1.216867715104602,0.2434872023473588,0
L5,7,8,0.3,0.4,0.36118013629329326,0.36685445384655013,0.005674317553256869,10.0,0.6,0,0.17619072799990315,0.7759427610744938,0,0.10573799944591772,0.45151395084762785,0,1.6314739275053123,0.4125022513855221,0,0.0,0.0,0,0.17678881201094357,0.6971298004634089,0,0.17678881201094357,0.601702088376231,0,2.723253204352623,0.5449050014070775,0
L5,7,8,0.4,0.5,0.36685445384655013,0.2312027035092858,0.13565175033726434,16.666666666666668,1.0,0,0.2910606165626025,1.28182896466467,1,0.07943936907975263,0.33921564219103234,0,1.4570120466802585,0.36839126842220227,0,0.0,0.0,0,0.17436829143861624,0.6875849825283256,0,0.1724447470719137,0.5869170297736852,0,2.983445868186644,0.5969678369987069,0
L5,7,8,0.5,0.6000000000000001,0.2312027035092858,0.45569439761331537,0.22449169410402958,0.0,0.0,0,0.01669426524295231,0.07352142995137344,0,0.09287761538755429,0.3965985671063318,0,1.6750489051608621,0.42351975898030997,0,10.0,0.6,0,0.17977888492431318,0.7089205292417626,1,0.14391142854792394,0.4898036595954521,0,2.5300389635057092,0.50624410641124,0
L5,7,8,0.6000000000000001,0.7000000000000001,0.45569439761331537,0.48975204206134615,0.03405764444803078,0.0,0.0,0,6.938893903907228e-17,3.055884129500678e-16,0,0.0014118200344658827,0.0060286410277089406,0,0.021833732899512626,0.005520446159363939,0,0.0,0.0,0,0.02781903381135664,0.10969855653985269,0,0.036794070168055915,0.12522890226000485,0,0.673339780720255,0.1347308482275461,0
L5,7,8,0.7000000000000001,0.8,0.48975204206134615,0.48975204206134615,0.0,0.0,0.0,0,0.0,0.0,0,0.0,0.0,0,0.0,0.0,0,0.0,0.0,0,0.0,0.0,0,0.0,0.0,0,0.0,0.0,0
L5,7,8,0.8,0.9,0.48975204206134615,0.5005053172720156,0.010753275210669488,6.666666666666668,0.4,0,0.10376315476352926,0.45697222390191367,1,0.09494341014516394,0.40541975870761343,0,1.517102379802477,0.38358452237589774,0,0.0,0.0,0,0.002298941701170523,0.009065397019098748,0,0.0670882862400064,0.22833550085565033,0,1.0434092712869791,0.20877931201184358,0
L5,7,8,0.9,1.0,0.5005053172720156,0.3617474820766832,0.1387578351953324,6.666666666666668,0.4,0,0.08747657699159903,0.38524624678458785,1,0.08113529994889612,0.3464574705886188,0,1.27840916628781,0.32323327415472464,0,10.0,0.6,0,0.10079433336675835,0.39746142704698373,1,0.11754504375529184,0.40006546512375685,0,1.8408031245906669,0.36833256180219204,0
L5,8,9,0.0,0.1,0.3617474820766832,0.35178358830443734,0.00996389377224588,0.0,0.0,0,0.028934777728734595,0.12742856322112156,0,0.018092432672650594,0.0772568594004032,0,0.2795094588391649,0.07067123728480731,0,3.333333333333332,0.19999999999999993,0,0.05249214341055042,0.20699181721651272,1,0.016689523410995277,0.056802921950616585,0,0.2552766597078078,0.051079175595919124,0
L5,8,9,0.1,0.2,0.35178358830443734,0.35178358830443734,0.0,0.0,0.0,0,0.0,0.0,0,0.01616519362248303,0.06902731730268215,0,0.24829377433825428,0.06277865627687462,0,0.0,0.0,0,9.215306995574712e-06,3.6338640742924284e-05,0,0.02283672500610745,0.07772497010160326,0,0.35076701075853656,0.07018616490947034,0
L5,8,9,0.2,0.3,0.35178358830443734,0.031476238965261825,0.32030734933917554,0.0,0.0,0,0.07419774538312701,0.3267663631999835,0,0.15904793845385112,0.6791537899504034,1,2.7890783607444583,0.7051912284353586,1,10.0,0.6,0,0.0541656753855107,0.21359104144627325,1,0.2017622524513919,0.6866993859768676,0,3.543087061549051,0.708948347943922,0
L5,8,9,0.3,0.4,0.031476238965261825,0.0524735440645343,0.020997305099272473,0.0,0.0,0,0.0,0.0,0,0.05037960232974148,0.21512694971752788,0,0.7966298233153388,0.20142007181255306,0,0.0,0.0,0,0.06824120150081156,0.26909494240336423,0,0.07443291094143051,0.25333298780585944,0,1.1844226848479016,0.23699516582669206,0
L5,8,9,0.4,0.5,0.0524735440645343,0.16782862519191452,0.11535508112738022,0.0,0.0,0,0.002137989349164343,0.009415690471177077,0,0.0028046865835169577,0.011976348397444244,0,0.0,0.0,0,10.0,0.6,0,0.2480010254041506,0.977940308485212,1,0.03825535272147501,0.13020238872726836,0,0.6545717493146421,0.13097548895241962,0
L5,8,9,0.5,0.6000000000000001,0.16782862519191452,0.16782862519191452,0.0,0.0,0.0,0,0.0,0.0,0,0.0,0.0,0,0.0,0.0,0,0.0,0.0,0,0.0,0.0,0,0.0,0.0,0,0.0,0.0,0
L5,8,9,0.6000000000000001,0.7000000000000001,0.16782862519191452,0.397127203667702,0.22929857847578747,6.666666666666668,0.4,0,0.016683843504606416,0.07347553268697646,1,0.13323519281016216,0.5689302673863319,1,2.298951643713039,0.5812674740736777,1,0.0,0.0,0,0.20137288995149472,0.7940719833669991,1,0.22194087160236875,0.7553774722515794,0,3.7783752064916163,0.7560279535957495,0
L5,8,9,0.7000000000000001,0.8,0.397127203667702,-0.19225677598617705,0.589383979653879,6.666666666666668,0.4,0,0.016683843504606416,0.07347553268697646,1,0.22588682652445524,0.9645638656200919,1,3.7955376965392382,0.9596646435135607,1,16.666666666666668,1.0,1,0.05024996960037742,0.19815027253328113,0,0.3440223479886927,1.1708827209047437,1,5.750336493559754,1.1506043984842098,1
L5,8,9,0.8,0.9,-0.19225677598617705,0.03293813635087251,0.22519491233704955,0.0,0.0,0,0.02423000932516009,0.1067087953495248,1,0.05510931128154273,0.23532337471495224,0,0.821353404201453,0.20767118781624472,0,6.666666666666667,0.39999999999999997,0,0.014793003072567035,0.058333121666063796,0,0.1242831541687553,0.42299867600612656,1,2.0321145635584767,0.4066127186944433,1
L5,8,9,0.9,1.0,0.03293813635087251,0.26843130605858406,0.23549316970771156,0.0,0.0,0,0.004861639611107638,0.021410627596669344,0,0.0,0.0,0,0.0,0.0,0,10.0,0.6,0,0.20513523843451345,0.8089080197507851,1,0.011415967661811632,0.038854334190120424,0,0.18040604271598681,0.03609805904308819,0
L5,9,1,0.0,0.1,0.26843130605858406,0.1519194749668351,0.11651183109174895,0.0,0.0,0,0.08091791514037514,0.35636194484904327,1,0.1134539386922272,0.4844619376816644,1,2.0762326606420665,0.5249551540333864,1,10.0,0.6,0,0.27395037432816177,1.0802661527045367,1,0.08023110355545995,0.2730671811916558,0,1.5143347165428347,0.3030083870018691,0
L5,9,1,0.1,0.2,0.1519194749668351,-0.02644659036545115,0.17836606533228627,10.0,0.6,0,0.10218415090260752,0.4500183016978373,0,0.08140679178813015,0.3476167733331174,1,1.4897626460295275,0.3766719376612482,1,0.0,0.0,0,0.17296392043463213,0.6820471384382627,1,0.17296392043463213,0.5886840403272583,1,3.064602064551215,0.6132066565192524,1
L5,9,1,0.2,0.3,-0.02644659036545115,0.25923557518219936,0.2856821655476505,16.666666666666668,1.0,1,0.18249822926373163,0.8037209535009342,1,0.08008915642137299,0.34199031214283,1,1.481900109530133,0.37468397208428034,1,0.0,0.0,0,0.1336513619083634,0.527026264835541,1,0.1336513619083634,0.4548834434704593,1,2.71833591023155,0.5439210832919057,1
L5,9,1,0.3,0.4,0.25923557518219936,0.0,0.25923557518219936,6.666666666666667,0.39999999999999997,0,0.019296277080111807,0.08498067228605047,1,0.052660598975046574,0.2248670792129668,0,1.0449235976535918,0.26419872808942735,0,0.0,0.0,0,0.09335323827525048,0.3681190208315326,0,0.09335323827525048,0.3177284681534317,0,2.0430680430341437,0.4088044376795017,0
L5,9,1,0.4,0.5,0.0,0.0,0.0,0.0,0.0,0,0.0,0.0,0,0.0,0.0,0,0.0,0.0,0,0.0,0.0,0,0.0,0.0,0,0.0,0.0,0,0.0,0.0,0
L5,9,1,0.5,0.6000000000000001,0.0,0.0,0.0,0.0,0.0,0,0.0026697334944747186,0.011757488050318452,0,0.0026697334944747186,0.011400082506923788,0,0.04312375025047688,0.010903419151606862,0,0.0,0.0,0,0.0,0.0,0,0.0,0.0,0,0.0,0.0,0
L5,9,1,0.6000000000000001,0.7000000000000001,0.0,0.0,0.0,0.0,0.0,0,0.0,0.0,0,0.0,0.0,0,0.0,0.0,0,0.0,0.0,0,0.0,0.0,0,0.0,0.0,0,0.0,0.0,0
L5,9,1,0.7000000000000001,0.8,0.0,0.0,0.0,0.0,0.0,0,0.014165962578817248,0.06238680231057025,0,0.014165962578817248,0.06049036075051603,0,0.2288203798509496,0.05785499863656248,0,0.0,0.0,0,0.0,0.0,0,0.0,0.0,0,0.0,0.0,0
L5,9,1,0.8,0.9,0.0,-0.035335475816543546,0.035335475816543546,0.0,0.0,0,0.0278979610405308,0.1228624296174656,0,0.0278979610405308,0.11912764262620607,0,0.49996963262947514,0.12641243945553604,0,0.0,0.0,0,0.025837752530435493,0.1018857871212486,0,0.025837752530435493,0.08793899048062451,0,0.4782510828374831,0.09569488674427017,0
L5,9,1,0.9,1.0,-0.035335475816543546,0.008540173746338375,0.043875649562881924,0.0,0.0,0,0.027755321998275045,0.12223424825093528,0,0.02537211161273792,0.10834196235643419,0,0.4269495656959341,0.10795002856524058,0,0.0,0.0,0,0.05269851995316305,0.20780562006034292,1,0.05269851995316305,0.17935982005576148,1,0.9099384234671033,0.1820726758449057,1
R1,1,2,0.0,0.1,0.3872240458885805,0.3889466474150218,0.0017226015264412697,6.666666666666668,0.4,0,0.08218363738400133,0.3619361769532052,0,0.015004430190851514,0.06407071810691752,0,0.2745844558211372,0.06942599836387439,0,0.0,0.0,0,0.03872977524089999,0.15272278929059127,0,0.03872977524089999,0.13181708943973794,0,0.5959594491425695,0.11924755434219386,0
R1,1,2,0.1,0.2,0.3889466474150218,0.3889466474150218,0.0,0.0,0.0,0,0.0,0.0,0,0.0,0.0,0,0.0,0.0,0,0.0,0.0,0,0.0,0.0,0,0.0,0.0,0,0.0,0.0,0
R1,1,2,0.2,0.3,0.3889466474150218,0.05624412720007636,0.3327025202149454,16.666666666666668,1.0,0,0.24423494323423112,1.075609019585558,0,0.05471417025630726,0.23363607510288323,0,1.097245239601225,0.27742774434014256,0,6.666666666666668,0.4,0,0.027456730068832952,0.10826988731095911,0,0.16763085418656162,0.5705329081237444,0,2.983257745737448,0.5969301949376308,0
R1,1,2,0.3,0.4,0.05624412720007636,0.0,0.05624412720007636,0.0,0.0,0,0.015920706437940715,0.07011468226477263,1,0.03133098709615412,0.1337870759979349,1,0.2931700819427867,0.07412519244190235,1,10.0,0.6,0,0.1462301819139986,0.5766282174752295,0,0.04063509887833694,0.13830187316919387,0,0.3733397807202561,0.07470282727053655,0
R1,1,2,0.4,0.5,0.0,0.14981163643359952,0.14981163643359952,0.0,0.0,0,0.06768867159372408,0.2981004467495462,0,0.09095333698899688,0.38838166734639457,1,1.6635384107974795,0.42060944287938645,1,0.0,0.0,0,0.09571885507814235,0.3774473372052566,0,0.1265998774088768,0.43088366146371626,0,2.3168063034165938,0.4635776577827454,0
R1,1,2,0.5,0.6000000000000001,0.14981163643359952,0.4832042519320272,0.3333926154984277,0.0,0.0,0,0.0,0.0,0,0.09609899330455024,0.41035423751903033,0,1.552270664905083,0.39247647984920875,0,16.666666666666668,1.0,0,0.21702165976930435,0.8557796426724542,1,0.1100177451407599,0.3744462460980924,0,1.7770978917519935,0.3555855649624885,0
R1,1,2,0.6000000000000001,0.7000000000000001,0.4832042519320272,0.4832042519320272,0.0,0.0,0.0,0,0.0014384311172791625,0.006334840802506224,0,0.0019025008495975881,0.008123907011614449,0,0.03481619453996121,0.008802934812676348,0,0.0,0.0,0,0.0,0.0,0,0.0,0.0,0,0.0,0.0,0
R1,1,2,0.7000000000000001,0.8,0.4832042519320272,0.35466600956158284,0.12853824237044437,0.0,0.0,0,0.0697970713921218,0.30738582504152157,1,0.09231515227096598,0.3941967820781712,0,1.6893881025767943,0.42714528502606053,0,0.0,0.0,0,0.12240497723441082,0.4826784929686088,0,0.12240497723441085,0.41660628629050833,0,2.2400386843215374,0.44821696362321944,0
R1,1,2,0.8,0.9,0.35466600956158284,0.35466600956158284,0.0,0.0,0.0,0,0.0,0.0,0,0.0,0.0,0,0.0,0.0,0,0.0,0.0,0,0.0,0.0,0,0.0,0.0,0,0.0,0.0,0
R1,1,2,0.9,1.0,0.35466600956158284,0.3546414011510802,2.460841050261342e-05,0.0,0.0,0,2.1258342240482175e-05,9.3621593832993e-05,0,0.005918463262204576,0.025272548605681965,0,0.091528151940377,0.023141999454624272,0,0.0,0.0,0,0.003959547759302073,0.015613650592305147,0,0.0014462075106411731,0.004922178442628586,0,0.022020275428715763,0.00440611184971359,0
R1,2,3,0.0,0.1,0.3546414011510802,0.34251049965189456,0.012130901499185665,6.666666666666668,0.4,0,0.045330886884214244,0.19963691580247114,0,0.03315311705216928,0.14156778964590797,0,0.5642417936065005,0.1426630277471772,0,6.666666666666668,0.4,0,0.10808759113250765,0.42622086760847294,0,0.025958572414623127,0.08835020189047646,0,0.24791814803838896,0.04960678595357154,0
R1,2,3,0.1,0.2,0.34251049965189456,0.1934383372491647,0.14907216240272986,3.333333333333332,0.19999999999999993,0,0.0518451963678018,0.22832589021428845,0,0.025138194572138728,0.10734310851273587,0,0.6370870703011882,0.1610812446323883,0,10.0,0.6,0,0.33096193469366275,1.3050793478927538,1,0.06687225887585652,0.22760025005172868,0,1.1951310491208802,0.2391378388766709,0
R1,2,3,0.2,0.3,0.1934383372491647,0.0013846780202370998,0.19205365922892761,10.0,0.6,0,0.09712770881595298,0.42774976533118947,0,0.09217095211228604,0.3935810300902425,1,1.6867492071574581,0.42647806608783845,1,0.0,0.0,0,0.18742171259493698,0.7390584257997664,0,0.18742171259493698,0.6378912477133594,0,3.3208468542740235,0.6644795485446034,0
R1,2,3,0.3,0.4,0.0013846780202370998,-0.13500993567703423,0.13639461369727132,6.666666666666666,0.3999999999999999,0,0.08649565476381565,0.38092627200233947,1,0.06279332331745191,0.2681350285279091,0,1.0203891197229567,0.2579954249214566,0,6.666666666666667,0.39999999999999997,0,0.028782208064647347,0.1134966332810804,0,0.09872321320019659,0.3360052193240208,1,1.667473767774448,0.3336505009240954,1
R1,2,3,0.4,0.5,-0.13500993567703423,-0.008852910710170064,0.12615702496686418,6.666666666666666,0.3999999999999999,0,0.14447356856066634,0.6362606078301137,1,0.0035551629040335153,0.015180972376237552,0,0.0664038996801386,0.016789577606502286,0,6.666666666666667,0.39999999999999997,0,0.06820679088778632,0.26895925132925586,1,0.05929863037705761,0.20182334690680032,0,1.0386394032724708,0.20782489288805334,0
R1,2,3,0.5,0.6000000000000001,-0.008852910710170064,-0.02642346176802428,0.017570551057854215,0.0,0.0,0,0.053747947193683046,0.23670559183781475,0,0.05616908793765896,0.239848748256409,0,0.8794906150399502,0.22237061387255036,0,0.0,0.0,0,0.0355812684197868,0.14030730944775796,1,0.0355812684197868,0.12110112213399384,1,0.5053889605993622,0.10112499706099967,0
R1,2,3,0.6000000000000001,0.7000000000000001,-0.02642346176802428,0.004044068326414484,0.030467530094438762,0.0,0.0,0,0.014298329886328495,0.06296974702753816,1,0.03285414890120525,0.14029115975195558,0,0.5193624269735126,0.13131571813667564,0,0.0,0.0,0,0.019222746520593526,0.07580089086989578,0,0.018621571936988462,0.0633786640448751,0,0.3557908908900602,0.0711914101822057,1
R1,2,3,0.7000000000000001,0.8,0.004044068326414484,0.1705957318267182,0.1665516635003037,0.0,0.0,0,0.009932221222067092,0.04374143433165029,0,0.020207335277260874,0.08628774740348044,0,0.34000100157815005,0.08596593317232934,0,10.0,0.6,0,0.1874795657876723,0.7392865577966331,1,0.01642833688220041,0.05591397158071489,0,0.27117604218621594,0.05426053714464379,0
R1,2,3,0.8,0.9,0.1705957318267182,0.1705957318267182,0.0,0.0,0.0,0,0.024002379142645577,0.10570631358258244,0,0.047551850271019824,0.20305210897208742,1,0.7448813230147628,0.18833596883062387,1,0.0,0.0,0,0.036517518607752764,0.14399921675397445,0,0.07232772059341896,0.24616795618185816,0,1.132985738708518,0.22670297222396038,0
R1,2,3,0.9,1.0,0.1705957318267182,0.28149468140279543,0.11089894957607724,0.0,0.0,0,0.02451506043301777,0.10796415847895435,0,0.09347606118989304,0.3991540025221527,0,1.670917410256715,0.4224751508374422,0,0.0,0.0,0,0.037724654606082555,0.14875930574419718,0,0.14271057107629626,0.4857165319073275,0,2.55122708919712,0.5104837105880524,0
R1,3,4,0.0,0.1,0.28149468140279543,0.1706095972874514,0.11088508411534403,0.0,0.0,0,0.0769584771572773,0.3389246070516204,1,0.14653833304248065,0.6257362731406431,1,2.554802351433457,0.6459568271635131,1,0.0,0.0,0,0.07421729622140265,0.2926604252680729,0,0.14469245849936285,0.49246190107306376,0,2.515903263391439,0.5034156460689019,0
R1,3,4,0.1,0.2,0.1706095972874514,0.17888777819798268,0.008278180910531285,6.666666666666668,0.4,0,0.0924044346905253,0.40694849838711916,1,0.10937398432979772,0.46704004278000455,0,1.7656803359863904,0.4464350312574392,0,3.333333333333332,0.19999999999999993,0,0.014735961919964513,0.05810819178006209,0,0.1558115432281838,0.5303057919056446,1,2.4992070513405906,0.5000748441792652,1
R1,3,4,0.2,0.3,0.17888777819798268,-0.1282807671463226,0.30716854534430527,0.0,0.0,0,0.023799280494707795,0.10481186852613528,0,0.014618097054464985,0.06242102923756779,0,0.17529366381673128,0.04432129117048549,0,10.000000000000002,0.6000000000000001,1,0.19062638200514245,0.751695371096675,1,0.007055017389718865,0.024011806225960112,0,0.21841485086531653,0.043703370816884614,0
R1,3,4,0.3,0.4,-0.1282807671463226,0.1858634827159175,0.3141442498622401,6.666666666666668,0.4,0,0.10091588337598281,0.44443286018475814,0,0.07427864426593683,0.317178727721933,0,1.3781029750238023,0.348439880193276,0,3.3333333333333335,0.19999999999999998,0,0.007445365116288877,0.029359244167410294,0,0.10745772807766835,0.3657332082331984,1,2.006681918634595,0.4015238142195001,1
R1,3,4,0.4,0.5,0.1858634827159175,0.0164502603418955,0.16941322237402198,13.333333333333336,0.8,0,0.2171195985612159,0.9561932270980126,1,0.07306920222191038,0.3120142650076661,0,1.3295394218586214,0.3361610599938325,0,0.0,0.0,0,0.046725293997862294,0.184251449573107,0,0.003048502757201671,0.01037560270112227,0,0.2653367004377758,0.05309212338180876,0
R1,3,4,0.5,0.6000000000000001,0.0164502603418955,0.17289298677843876,0.15644272643654325,0.0,0.0,0,0.06154954542632263,0.27106377709618756,1,0.08140679178812993,0.34761677333311647,0,1.4897626460295257,0.37667193766124774,0,0.0,0.0,0,0.12382205229239807,0.48826643284545557,0,0.12382205229239807,0.4214293122053156,0,2.265971477417035,0.4534059444479206,0
R1,3,4,0.6000000000000001,0.7000000000000001,0.17289298677843876,0.3957829006859531,0.22288991390751436,0.0,0.0,0,0.03310850784470867,0.14580964210610395,0,0.12565703106123005,0.5365706070054601,0,2.299552002653515,0.5814192689693305,0,16.666666666666668,1.0,0,0.39882832012347286,1.5726962813100542,1,0.07398130911805015,0.25179595750879713,0,1.3545385667074514,0.2710342315646429,0
R1,3,4,0.7000000000000001,0.8,0.3957829006859531,0.059356329055269184,0.33642657163068396,0.0,0.0,0,0.0,0.0,0,0.10562578449939974,0.45103477955526383,0,1.7061552998416403,0.4313847071244266,0,16.666666666666668,1.0,0,0.26563397392746585,1.0474721625986918,1,0.12208147638632422,0.4155052486531653,1,1.9719612870681393,0.3945764448884608,1
R1,3,4,0.8,0.9,0.059356329055269184,0.05937157772132227,1.524866605308317e-05,0.0,0.0,0,0.0,0.0,0,0.10100013966006138,0.4312827208103295,0,1.6314380468978946,0.4124931793243072,0,0.0,0.0,0,4.442783070829348e-05,0.0001751918823617499,0,0.10411170052706342,0.3543449775976604,1,1.6816985594155156,0.3364967878932257,1
R1,3,4,0.9,1.0,0.05937157772132227,0.05937157772132227,0.0,0.0,0.0,0,0.0,0.0,0,0.0,0.0,0,0.0,0.0,0,0.0,0.0,0,0.0,0.0,0,0.0,0.0,0,0.0,0.0,0
R1,4,5,0.0,0.1,0.05937157772132227,0.05937157772132227,0.0,0.0,0.0,0,0.0,0.0,0,0.0,0.0,0,0.0,0.0,0,0.0,0.0,0,0.0,0.0,0,0.0,0.0,0,0.0,0.0,0
R1,4,5,0.1,0.2,0.05937157772132227,0.1975413537315405,0.13816977601021824,0.0,0.0,0,0.0,0.0,0,0.11345393869222675,0.4844619376816625,0,2.07623266064207,0.5249551540333873,0,0.0,0.0,0,0.08924040247295995,0.351900910818937,0,0.11803133252870923,0.4017205527234237,0,2.160000000000001,0.4322017508904705,0
R1,4,5,0.2,0.3,0.1975413537315405,-0.1098603475188658,0.3074017012504063,0.0,0.0,0,0.09381420867045759,0.4131571333527471,0,0.15566770318223733,0.6647197795636127,0,2.848754069533598,0.7202796486752014,0,0.0,0.0,0,0.1969149778232904,0.7764931368491205,1,0.2603853490948241,0.8862235485989415,1,4.764446674471095,0.9533343494123547,1
R1,4,5,0.3,0.4,-0.1098603475188658,0.22933654570713313,0.33919689322599894,10.0,0.6,0,0.09073005272264695,0.399574531652334,0,0.05994927099277492,0.2559905836900901,0,0.6920775535473549,0.174985051344462,0,6.666666666666668,0.4,0,0.16836367669484884,0.6639070369017489,0,0.02154956904861932,0.07334412484970705,0,0.1739391737138538,0.03480408121646726,0
R1,4,5,0.4,0.5,0.22933654570713313,0.15410016609476007,0.07523637961237306,10.0,0.6,0,0.05414547374844397,0.23845629606614277,0,0.04207388061656958,0.17966052095013593,0,0.9433969732780145,0.23852871251367339,0,3.333333333333332,0.19999999999999993,0,0.05348062455393657,0.21088968639959185,0,0.08284654996024815,0.2819688732495206,1,1.823772382699154,0.3649248226982682,1
R1,4,5,0.5,0.6000000000000001,0.15410016609476007,-0.1052186304618305,0.25931879655659057,6.666666666666668,0.4,0,0.09257782634975575,0.40771211406847696,1,0.04755185027101938,0.20305210897208553,0,0.7448813230147664,0.18833596883062478,0,10.0,0.6,0,0.11281657678854795,0.4448686360350497,0,0.11298198653343516,0.3845350645936517,1,1.7729857387085177,0.3547627502655812,1
R1,4,5,0.6000000000000001,0.7000000000000001,-0.1052186304618305,-0.09748188749250455,0.007736742969325944,6.666666666666668,0.4,0,0.12916240532395873,0.5688303496546682,1,0.021972931745730784,0.09382705627312868,0,0.34419746815294694,0.08702696876767885,0,0.0,0.0,0,0.03785670927329321,0.14928003577657686,0,0.03785670927329321,0.12884560266959835,0,0.595959449142569,0.11924755434219378,0
R1,4,5,0.7000000000000001,0.8,-0.09748188749250455,0.28833096816022075,0.3858128556527253,0.0,0.0,0,0.09381420867045759,0.4131571333527471,0,0.011304989414816391,0.04827366189753865,0,0.2068838554378285,0.05230856264673177,0,16.666666666666668,1.0,0,0.2815155441969451,1.1100978219210833,0,0.04405002341065878,0.14992459521462556,1,0.8054614332925478,0.1611675193258273,1
R1,4,5,0.8,0.9,0.28833096816022075,0.05065198614910051,0.23767898201112023,0.0,0.0,0,0.0,0.0,0,0.01049021040785092,0.04479445772845609,0,0.16432508436091275,0.04154799296219317,0,10.0,0.6,0,0.22106101533918499,0.8717079987171643,0,0.005505705558444596,0.01873871143099071,0,0.08624474583281039,0.017257004700946408,0
R1,4,5,0.9,1.0,0.05065198614910051,-0.05770429124361521,0.10835627739271572,0.0,0.0,0,0.0,0.0,0,0.006465031933572951,0.027606462444720477,0,0.1095500562406091,0.027698661974795594,0,6.666666666666668,0.4,0,0.058013792988231755,0.22876529046141225,0,0.0033931218601258584,0.01154851648206329,0,0.05749649722187122,0.011504669800630465,0
R1,5,6,0.0,0.1,-0.05770429124361521,0.0961098681739841,0.15381415941759932,0.0,0.0,0,0.0,0.0,0,0.11187765752290413,0.477731027865541,0,2.047386359809966,0.5176616485493114,0,0.0,0.0,0,0.09776589939947611,0.3855194294549789,1,0.12930734355982265,0.44009854343900345,0,2.3663535444817683,0.4734917338661531,0
R1,5,6,0.1,0.2,0.0961098681739841,0.04385750740489169,0.05225236076909242,0.0,0.0,0,0.008547406724272705,0.037642720754650055,0,0.012203092369002855,0.05210866932379568,0,0.22331934201144854,0.05646411493594401,0,0.0,0.0,0,0.03330507022069219,0.13133159668460093,0,0.044050023410659,0.14992459521462634,0,0.8054614332925487,0.16116751932582746,0
R1,5,6,0.2,0.3,0.04385750740489169,0.13754725973208418,0.09368975232719248,0.0,0.0,0,0.017215565847596898,0.07581723424885013,1,0.02317054841152122,0.09894102320276194,0,0.29640070820207853,0.07494202474481314,0,6.666666666666666,0.3999999999999999,0,0.07952328341706034,0.3135834788985327,1,0.018850596213868254,0.0641581499417479,0,0.22023462082205292,0.04406749478055098,0
R1,5,6,0.3,0.4,0.13754725973208418,0.2452421083419378,0.10769484860985362,0.0,0.0,0,0.017215565847596898,0.07581723424885013,1,0.027796193250860135,0.11869308194769868,0,0.37111796114582596,0.093833552544933,0,8.881784197001252e-16,5.329070518200751e-17,0,0.0343781450227805,0.13556304331379046,0,0.036820372073128826,0.125318420997252,0,0.5104973484746762,0.10214715177578594,0
R1,5,6,0.4,0.5,0.2452421083419378,0.15452478881109083,0.09071731953084697,0.0,0.0,0,0.006681754094289699,0.029426399332130593,0,0.004393019736164017,0.01875872162912949,0,0.0744397806704793,0.01882137164531377,0,3.3333333333333335,0.19999999999999998,0,0.05454714421743481,0.21509528420721108,1,0.01585767085669651,0.05397170535127835,0,0.26848714443084987,0.05372250644194255,0
R1,5,6,0.5,0.6000000000000001,0.15452478881109083,-0.1361130568724494,0.29063784568354023,0.0,0.0,0,0.019678608816028093,0.08666445863611,0,0.054671761781169725,0.23345498582316251,0,0.8626594443011228,0.21811501670598282,0,10.000000000000002,0.6000000000000001,1,0.11622706367176147,0.4583171796014296,0,0.05177930817786139,0.17623127567239408,0,0.7936810309893017,0.15881033853802307,0
R1,5,6,0.6000000000000001,0.7000000000000001,-0.1361130568724494,0.04384223423528824,0.17995529110773764,0.0,0.0,0,0.012996854721738393,0.057238059303979405,0,0.034774753250177426,0.1484923708791162,0,0.5377863742936739,0.1359740333085251,0,6.666666666666668,0.4,0,0.12567349732562483,0.49556722010626053,0,0.04412988680600172,0.15019641089807328,0,0.6824621199366545,0.13655616812640936,0
R1,5,6,0.7000000000000001,0.8,0.04384223423528824,0.04384223423528824,0.0,0.0,0.0,0,0.0,0.0,0,0.0,0.0,0,0.0,0.0,0,0.0,0.0,0,0.0,0.0,0,0.0,0.0,0,0.0,0.0,0
R1,5,6,0.8,0.9,0.04384223423528824,-0.32338704597757006,0.3672292802128583,0.0,0.0,0,0.008547406724272705,0.037642720754650055,0,0.05927084643328784,0.253093629380275,0,0.8054039729786044,0.20363852987619183,0,3.333333333333334,0.2,0,0.11652781041166804,0.45950311163183494,0,0.02508297726750236,0.08537010703830875,0,0.056595994801424965,0.011324485206742512,0
R1,5,6,0.9,1.0,-0.32338704597757006,0.06662166030011248,0.3900087062776825,0.0,0.0,0,0.0,0.0,0,0.03064610136984658,0.13086253173017212,0,0.28156468376279875,0.07119088083767668,0,3.333333333333334,0.2,0,0.10200337970069379,0.4022290490471545,0,0.04423454973486296,0.15055263198556768,0,0.40641016151377585,0.08131999230830221,0
R1,6,7,0.0,0.1,0.06662166030011248,-0.22023360917200085,0.2868552694721133,6.666666666666668,0.4,0,0.06176621656449707,0.2720179953068094,0,0.05876366829348367,0.2509279178396131,0,0.9420278504856139,0.23818254318496576,0,10.0,0.6,0,0.13604461423765304,0.5364635561426007,0,0.16313328069594146,0.5552253819791363,1,2.6781478641983165,0.5358797203935584,1
R1,6,7,0.1,0.2,-0.22023360917200085,-0.0034761053569980042,0.21675750381500286,6.666666666666668,0.4,0,0.08936295229404553,0.3935538307149062,1,0.03932884137640347,0.1679388738691061,0,0.5857053868881792,0.1480898877185492,0,6.666666666666666,0.3999999999999999,0,0.11629588554113157,0.45858856428644307,0,0.05482132722872696,0.186584811028878,1,0.755928847905349,0.1512563757469018,1
R1,6,7,0.2,0.3,-0.0034761053569980042,0.01846478893832084,0.021940894295318845,0.0,0.0,0,0.016256858044190248,0.07159509163962369,0,0.038711451560247356,0.16530254524016968,0,0.6726794237662048,0.1700804236501485,0,3.3333333333333335,0.19999999999999998,0,0.009272867863571843,0.036565620018167426,0,0.0434674834132277,0.14794191582994107,0,0.7553238258056774,0.1511353148159733,0
R1,6,7,0.3,0.4,0.01846478893832084,-0.02847623048605887,0.04694101942437971,16.666666666666668,1.0,0,0.2805749775466652,1.2356502821538553,1,0.010673251497538283,0.045576065154407694,0,0.17240321286485294,0.043590468872275426,0,0.0,0.0,0,0.13428957877985706,0.5295429399306213,1,0.13428957877985706,0.45705561952643564,1,2.161116483933546,0.43242515196034054,1
R1,6,7,0.4,0.5,-0.02847623048605887,-0.03208184203635746,0.0036056115502985896,16.666666666666668,1.0,0,0.3303539745437582,1.4548766444710852,1,0.06377651074995347,0.2723333568904537,0,1.001031036377511,0.2531009225773614,0,0.0,0.0,0,0.004450659667252596,0.01755024795104275,0,0.004450659667252596,0.015147854584101037,0,0.05223046744563509,0.010450971981403332,0
R1,6,7,0.5,0.6000000000000001,-0.03208184203635746,-0.18661624322045256,0.15453440118409512,13.333333333333334,0.7999999999999999,0,0.2071874111374553,0.912451941613873,1,0.09370639341741935,0.40013754878369445,0,1.5095353033092032,0.3816712609763393,0,3.3333333333333335,0.19999999999999998,0,0.11946010671377234,0.4710660103963734,0,0.18523711046621733,0.6304559374798113,0,2.990656432192355,0.5984106232895292,0
R1,6,7,0.6000000000000001,0.7000000000000001,-0.18661624322045256,-0.38584334364267153,0.19922710042221897,13.333333333333334,0.7999999999999999,0,0.12206615731235854,0.5375785219455876,0,0.03491746470882545,0.1491017659391992,0,0.5882522035796134,0.1487338254495611,0,13.333333333333334,0.7999999999999999,0,0.3575151964724975,1.40978659647354,1,0.03868982857771644,0.13168113066277803,0,0.6093804534825464,0.12193300877480805,0
R1,6,7,0.7000000000000001,0.8,-0.38584334364267153,-0.4666657351058282,0.08082239146315667,0.0,0.0,0,0.0937994505347675,0.4130921386241046,1,0.0630093310767057,0.2690574075903606,0,1.192800553900284,0.30158797247231084,0,0.0,0.0,0,0.044506954292960935,0.17550388971201006,0,0.06929103542940465,0.23583257475050703,0,1.3120804603469347,0.26253864456996273,0
R1,6,7,0.8,0.9,-0.4666657351058282,-0.46065824099233177,0.006007494113496437,0.0,0.0,0,0.020079154721899126,0.08842846006607641,0,0.13587842321981114,0.5802171785395132,0,2.175400032430681,0.5500286556303989,0,0.0,0.0,0,0.05513089756364335,0.2173971937519,0,0.14948137810799467,0.5087610259826268,0,2.3876530909669853,0.4777536326087845,0
R1,6,7,0.9,1.0,-0.46065824099233177,-0.1214884696612543,0.33916977133107745,0.0,0.0,0,0.049717916670222795,0.21895736497544574,0,0.016357464511755904,0.06984833708084603,0,0.266121273247542,0.06728616529229539,0,16.666666666666668,1.0,0,0.24908001109558073,0.9821950634734575,1,0.0333381696647882,0.1134667181806869,0,0.5634235481819445,0.11273733519312856,0
R1,7,8,0.0,0.1,-0.1214884696612543,-0.44195272906283456,0.32046425940158024,0.0,0.0,0,0.07421926560574142,0.3268611381131921,0,0.013557576270462168,0.057892478180707196,0,0.2407895098397672,0.060881276276844996,0,16.666666666666668,1.0,0,0.2830293573989423,1.1160672284884054,1,0.0006111766385734074,0.00208014441419302,0,0.011848598201653182,0.002370826337200085,0
R1,7,8,0.1,0.2,-0.44195272906283456,-0.46065824099233177,0.01870551192949721,0.0,0.0,0,0.020079154721899098,0.0884284600660763,0,0.024515741315259076,0.1046851583840742,0,0.41541957835039867,0.10503478385412676,0,0.0,0.0,0,0.033949346303361605,0.13387216501494792,0,0.033949346303361605,0.11554686259487992,0,0.5752721463835977,0.11510816153032864,0
R1,7,8,0.2,0.3,-0.46065824099233177,-0.03378736059844948,0.42687088039388227,0.0,0.0,0,0.054140110883842324,0.23843267804711585,0,0.06129666708812925,0.26174412676408465,0,1.2034955421565625,0.3042920958173909,0,16.666666666666668,1.0,0,0.2683354558478247,1.058124892998728,1,0.046700516391493835,0.15894556856499953,0,0.9998165783107034,0.20005670172000234,0
R1,7,8,0.3,0.4,-0.03378736059844948,-0.09069706228465624,0.05690970168620676,13.333333333333334,0.7999999999999999,0,0.2410409994423261,1.061542912970635,0,0.029305821194260617,0.12513937448781204,0,0.49658754867650856,0.12555731255374925,0,0.0,0.0,0,0.11110923411699922,0.4381360863765015,0,0.11110923411699922,0.3781611372666703,0,1.8306443375391637,0.3662998555287739,0
R1,7,8,0.4,0.5,-0.09069706228465624,-0.09423762009547042,0.0035405578108141794,3.333333333333334,0.2,0,0.15159151317811032,0.6676079872429387,0,0.014152837628266357,0.060434315636092015,0,0.22646004143874343,0.05725821011751114,0,0.0,0.0,0,0.0006704812753874911,0.002643903041196973,0,0.0006704812753874911,0.0022819882040546724,0,0.0006372803729868259,0.0001275155986171473,0
R1,7,8,0.5,0.6000000000000001,-0.09423762009547042,-0.21256514685116262,0.1183275267556922,3.333333333333332,0.19999999999999993,0,0.06537021156630718,0.28788996464565425,0,0.01667383314339188,0.07119926911609113,0,0.4516086920513942,0.11418484787024859,0,6.666666666666668,0.4,0,0.18191984844223147,0.7173629722508453,0,0.04546631258112083,0.15474494635516553,0,0.5574189689077711,0.11153585849143487,0
R1,7,8,0.6000000000000001,0.7000000000000001,-0.21256514685116262,-0.2644161858970097,0.05185103904584709,6.666666666666668,0.4,0,0.11459342761055769,0.5046686714477685,1,0.014158535601481947,0.06045864666573014,0,0.27206780991450863,0.06878968902118582,0,1.7763568394002505e-15,1.0658141036401502e-16,0,0.07141815306816979,0.2816225881691905,1,0.0439399538195282,0.14954997251030033,0,0.7483517529428347,0.14974024902955826,0
R1,7,8,0.7000000000000001,0.8,-0.2644161858970097,-0.07300866088476309,0.19140752501224662,0.0,0.0,0,0.025502529939294083,0.1123129674309063,0,0.0560190206024479,0.23920794272037296,0,0.8801991048932774,0.2225497486136296,0,6.666666666666666,0.3999999999999999,0,0.09260194366481889,0.36515644726196195,1,0.0997773153351299,0.33959286408918815,0,1.6644636317834998,0.3330481925696017,0
R1,7,8,0.8,0.9,-0.07300866088476309,-0.3341974631183425,0.2611888022335794,13.333333333333336,0.8,0,0.21724233145628427,0.9567337419284756,1,0.10928693178961868,0.46666831798330394,0,1.53470387899754,0.388034889570442,0,16.666666666666668,1.0,0,0.21417733643453027,0.8445636469526474,1,0.18400183773943907,0.6262516772047285,0,2.7341263655619317,0.5470806492368819,0
R1,7,8,0.9,1.0,-0.3341974631183425,-0.07173619780311442,0.26246126531522807,6.666666666666668,0.4,0,0.04111113485146953,0.1810531567107927,0,0.017121520446034655,0.07311094764055522,0,0.2431160366863665,0.06146951587169929,0,10.0,0.6,0,0.060797308093078484,0.23974150161163238,0,0.07098469210008779,0.24159694832228767,0,1.1134988433323763,0.22280377301054005,0
R1,8,9,0.0,0.1,-0.07173619780311442,-0.07173619780311442,0.0,0.0,0.0,0,0.0,0.0,0,0.0,0.0,0,0.0,0.0,0,0.0,0.0,0,0.0,0.0,0,0.0,0.0,0,0.0,0.0,0
R1,8,9,0.1,0.2,-0.07173619780311442,-0.13612807592722276,0.06439187812410833,0.0,0.0,0,0.023823215744353615,0.10491727920187296,0,0.041731421398120305,0.17819817897717935,0,0.6383661622001142,0.16140465052882377,0,0.0,0.0,0,0.023277930165085836,0.09179166162496147,0,0.05374592649502119,0.18292467631813603,0,0.8730166759150295,0.174684877725488,0
R1,8,9,0.2,0.3,-0.13612807592722276,-0.3338921623306734,0.19776408640345067,10.0,0.6,0,0.14735903627055172,0.6489681878896103,0,0.0475518502710196,0.20305210897208648,0,0.7448813230147628,0.18833596883062387,0,10.0,0.6,0,0.07204554684620684,0.2840965846530171,0,0.12513535808946366,0.4258991586383697,0,2.0123010322756074,0.40264816179084184,0
R1,8,9,0.3,0.4,-0.3338921623306734,0.03245700534812722,0.36634916767880066,10.0,0.6,0,0.14735903627055172,0.6489681878896103,0,0.1287326603858886,0.5497039134326323,0,2.056181116709629,0.5198853169514456,0,20.0,1.2,1,0.2449803145869327,0.9660287655243689,1,0.21778699180375713,0.7412397102447068,1,3.508887085101805,0.7021051582675736,1
R1,8,9,0.4,0.5,0.03245700534812722,0.16782862519191452,0.13537161984378732,6.666666666666668,0.4,0,0.1345259152087815,0.5924512105042924,0,0.03086015433955247,0.13177656360659332,0,0.5224617988267948,0.1320993640447134,0,6.666666666666667,0.39999999999999997,0,0.1303236747654756,0.5139042247723813,0,0.04619975623704997,0.15724122750813546,0,0.668194240796816,0.13370125963301502,0
R1,8,9,0.5,0.6000000000000001,0.16782862519191452,-0.19225677598617705,0.36008540117809157,0.0,0.0,0,0.000416874167031879,0.0018359109804434416,0,0.09153623336511024,0.3908707048456176,0,1.479336552726009,0.3740358017792404,0,16.666666666666668,1.0,1,0.25162285955187214,0.9922222559002802,1,0.12208147638632394,0.41550524865316435,1,1.971961287068138,0.3945764448884605,1
R1,8,9,0.6000000000000001,0.7000000000000001,-0.19225677598617705,-0.04771046692308973,0.14454630906308732,6.666666666666668,0.4,0,0.15893455228585882,0.6999466812515559,0,0.08140679178812954,0.3476167733331148,0,1.4897626460295257,0.37667193766124774,0,0.0,0.0,0,0.0657694636175189,0.25934815968687086,0,0.0657694636175189,0.223846877864624,1,1.3523787677645047,0.27060207004394243,1
R1,8,9,0.7000000000000001,0.8,-0.04771046692308973,-0.19239322294720496,0.14468275602411523,3.333333333333332,0.19999999999999993,0,0.00847179436630821,0.03730972444731682,0,0.0814067917881297,0.3476167733331155,0,1.4897626460295257,0.37667193766124774,0,0.0,0.0,0,0.1359424872464914,0.5360608396575438,0,0.1359424872464914,0.46268130627072507,1,2.4246020645512143,0.4851468784776315,1
R1,8,9,0.8,0.9,-0.19239322294720496,-0.338807321871602,0.14641409892439705,10.0,0.6,0,0.17255477789554635,0.7599300616825868,1,0.029219394845375446,0.12477032360310679,0,0.5347215143119666,0.13519911339020996,0,10.0,0.6,0,0.25243092836799486,0.995408706706395,0,0.054192421412502495,0.1844443252214911,0,0.8328870164306936,0.16665519759041006,0
R1,8,9,0.9,1.0,-0.338807321871602,-0.3388520281849866,4.4706313384601515e-05,0.0,0.0,0,0.0,0.0,0,4.440892098500626e-16,1.89631423630972e-15,0,0.0,0.0,0,0.0,0.0,0,0.00730631014146621,0.028810909882288398,0,0.00730631014146621,0.024867083049194987,0,0.11222329678670917,0.022455141371257682,0
R1,9,1,0.0,0.1,-0.3388520281849866,0.14957881486166422,0.48843084304665085,0.0,0.0,0,0.07591223575355227,0.33431696706526826,1,0.19778264481914481,0.844555635999721,1,3.432307579155486,0.8678254552398411,1,16.666666666666668,1.0,0,0.127779942654518,0.5038735478377206,0,0.20953472154229666,0.7131530446142004,1,3.6075014373844727,0.7218372396191933,1
R1,9,1,0.1,0.2,0.14957881486166422,0.0037798182333069765,0.14579899662835724,0.0,0.0,0,0.08140679178812982,0.35851495426213686,1,0.08140679178812982,0.34761677333311597,1,1.4897626460295261,0.37667193766124785,1,0.0,0.0,0,0.11500416024150573,0.45349491503263195,0,0.11500416024150573,0.3914175484418392,0,2.104602064551215,0.4211169894568212,0
R1,9,1,0.2,0.3,0.0037798182333069765,0.1386297958950972,0.13484997766179022,0.0,0.0,0,0.07797275418272273,0.3433914761346461,1,0.07797275418272273,0.33295302052237996,1,1.4474011093297516,0.3659612367629949,1,0.0,0.0,0,0.059588187986687816,0.23497358870517399,0,0.059588187986687816,0.20280885846965271,0,1.2284372873751268,0.24580219743642115,0
R1,9,1,0.3,0.4,0.1386297958950972,0.0,0.1386297958950972,0.0,0.0,0,0.05038617817214943,0.2219003840594297,0,0.05038617817214943,0.21515502935400033,0,1.0017998474031127,0.25329530893781993,0,0.0,0.0,0,0.07039934366865812,0.27760512583482144,0,0.07039934366865812,0.23960471041077785,0,1.4030680430341436,0.28074465963788087,0
R1,9,1,0.4,0.5,0.0,0.0,0.0,0.0,0.0,0,0.0,0.0,0,0.0,0.0,0,0.0,0.0,0,0.0,0.0,0,0.0,0.0,0,0.0,0.0,0,0.0,0.0,0
R1,9,1,0.5,0.6000000000000001,0.0,0.0,0.0,0.0,0.0,0,0.0,0.0,0,0.0,0.0,0,0.0,0.0,0,0.0,0.0,0,0.0,0.0,0,0.0,0.0,0,0.0,0.0,0
R1,9,1,0.6000000000000001,0.7000000000000001,0.0,0.0,0.0,0.0,0.0,0,0.0,0.0,0,0.0,0.0,0,0.0,0.0,0,0.0,0.0,0,0.0,0.0,0,0.0,0.0,0,0.0,0.0,0
R1,9,1,0.7000000000000001,0.8,0.0,0.009088723457994318,0.009088723457994318,0.0,0.0,0,0.017842679880278156,0.07857904015970103,0,0.017842679880278156,0.07619038499564595,0,0.24833646243281438,0.06278944954473906,0,0.0,0.0,0,0.03695146961949625,0.1457104120427855,0,0.03695146961949625,0.12576461250978613,0,0.5880076522137127,0.11765645223322285,0
R1,9,1,0.8,0.9,0.009088723457994318,0.18378002657735587,0.17469130311936154,6.666666666666667,0.39999999999999997,0,0.1344737630378126,0.5922215327000345,1,0.0160758839835608,0.06864595442339695,0,0.27505188414299786,0.06954418305066476,0,6.666666666666667,0.39999999999999997,0,0.0765827543607591,0.3019881159852436,1,0.07857577069441415,0.2674332430022448,0,1.2119079053640074,0.24249477713718814,0
R1,9,1,0.9,1.0,0.18378002657735587,0.3872240458885805,0.20344401931122463,3.333333333333333,0.19999999999999996,0,0.06077998641678864,0.26767464448151396,0,0.03461375369461045,0.14780488344981282,0,0.551382050487609,0.1394115672737061,0,10.0,0.6,0,0.11787194234480279,0.4648034155124036,0,0.0888185943642833,0.30229477254659315,0,1.5224437025657271,0.30463094161161003,0
R5,1,2,0.0,0.1,-0.16594428605792094,-0.4057482068293185,0.23980392077139756,6.666666666666667,0.39999999999999997,0,0.05034890012667265,0.221736211802109,1,0.020097100011393365,0.08581702958514272,0,0.5631293675255975,0.14238176167535335,0,0.0,0.0,0,0.04883201430252321,0.19255886161414476,0,0.048023310892216536,0.16344770987430465,0,1.3426390105830812,0.2686532088832669,0
R5,1,2,0.1,0.2,-0.4057482068293185,-0.37994031982188914,0.025807887007429364,3.333333333333333,0.19999999999999996,0,0.11571771234103126,0.5096200137113525,0,0.030646101369845857,0.13086253173016904,0,0.28156468376279875,0.07119088083767668,0,10.0,0.6,0,0.11467123184533443,0.4521820813541233,0,0.07323082697922245,0.24924168574756297,0,0.6713195052915406,0.13432660444163344,0
R5,1,2,0.2,0.3,-0.37994031982188914,-0.35168231678148315,0.028258003040405988,10.0,0.6,0,0.1631024679532501,0.7183021533447469,1,0.0017961865594869897,0.007669932230448391,0,0.029013495449966342,0.007335779010563286,0,0.0,0.0,0,0.05795976019312643,0.22855222340563092,0,0.05795976019312643,0.19726649188541925,0,0.96,0.19208966706243125,0
R5,1,2,0.3,0.4,-0.35168231678148315,-0.35168231678148315,0.0,0.0,0.0,0,0.0,0.0,0,0.0,0.0,0,0.0,0.0,0,0.0,0.0,0,0.0,0.0,0,0.0,0.0,0,0.0,0.0,0
R5,1,2,0.4,0.5,-0.35168231678148315,-0.3910402768363419,0.039357960054858754,0.0,0.0,0,0.06979707139212196,0.30738582504152234,0,0.05657899723375781,0.2415991101579071,0,1.0684798366147614,0.27015469308637713,0,6.666666666666668,0.4,0,0.1808869875073247,0.7132901006179196,0,0.08149288167546498,0.2773616527774904,0,1.5291995276207393,0.3059827376382239,0
R5,1,2,0.5,0.6000000000000001,-0.3910402768363419,-0.0379908172953609,0.353049459540981,0.0,0.0,0,0.06979707139212196,0.30738582504152234,0,0.04410041647069901,0.18831407232076078,0,0.8669154477271661,0.21919110561279842,0,10.0,0.6,0,0.17015110983253304,0.6709554066059265,1,0.057494189245671457,0.1956819175665782,0,1.1415527378485502,0.2284171722370155,0
R5,1,2,0.6000000000000001,0.7000000000000001,-0.0379908172953609,-0.14236145364823166,0.10437063635287076,0.0,0.0,0,0.011344457106619188,0.04996091150838593,0,0.005188521856309747,0.02215561117741695,0,0.2779610641889274,0.0702797408174179,0,0.0,0.0,0,0.004376283070532394,0.017256959357489148,0,0.004376283070532394,0.014894713262182476,0,0.1772451122354175,0.03546557770598397,0
R5,1,2,0.7000000000000001,0.8,-0.14236145364823166,-0.32657211547398074,0.18421066182574908,0.0,0.0,0,0.0,0.0,0,0.025973280032169033,0.11090902367407335,0,0.6133840667414958,0.15508817163984406,0,16.666666666666668,1.0,0,0.39742993730196674,1.5671820503684057,1,0.013767779235081545,0.04685874306083731,0,0.49424864664893864,0.09889589373005402,0
R5,1,2,0.8,0.9,-0.32657211547398074,-0.32657211547398074,0.0,0.0,0.0,0,0.0,0.0,0,0.0,0.0,0,0.0,0.0,0,0.0,0.0,0,0.0,0.0,0,0.0,0.0,0,0.0,0.0,0
R5,1,2,0.9,1.0,-0.32657211547398074,-0.32658578598765525,1.3670513674512996e-05,0.0,0.0,0,0.0,0.0,0,0.044662147136582675,0.1907127296964862,0,0.6996152422706619,0.176890882333353,0,0.0,0.0,0,0.027831567864839757,0.10974798196504951,0,0.05508646973293496,0.18748722559168068,0,0.862908219575397,0.17266224229549307,0
R5,2,3,0.0,0.1,-0.32658578598765525,-0.47645647942612607,0.14987069343847081,6.666666666666668,0.4,0,0.011975937979391144,0.05274194895312974,0,0.07526402107183716,0.32138640497171145,0,1.3773485567963526,0.3482491329112859,0,0.0,0.0,0,0.1867566894511375,0.7364360457618725,0,0.1717125399247728,0.5844249570879352,0,3.0448874051314547,0.6092618832232202,0
R5,2,3,0.1,0.2,-0.47645647942612607,-0.5061678042261788,0.02971132480005273,6.666666666666668,0.4,0,0.08033457825423376,0.35379293319214505,1,0.07714310438122896,0.3294103162755117,0,1.2923766678225217,0.3267648205264827,0,0.0,0.0,0,0.012851234274982748,0.050676161482846926,0,0.06568124644212547,0.22354663002619413,0,1.1377158489493233,0.22764943607950713,0
R5,2,3,0.2,0.3,-0.5061678042261788,-0.39206081577006446,0.11410698845611433,0.0,0.0,0,0.0697970713921218,0.30738582504152157,1,0.056709206591368244,0.2421551197457572,0,1.1387437650376295,0.2879202412676734,0,0.0,0.0,0,0.04261050315705686,0.16802563027396614,0,0.07246827958412766,0.24664634979335118,0,1.467769916516005,0.2936910776956374,0
R5,2,3,0.3,0.4,-0.39206081577006446,-0.5294318865490014,0.13737107077893695,10.0,0.6,0,0.04334023189170133,0.19087008483030984,0,0.07888085360859631,0.33683071408275755,0,1.408622536478826,0.35615645328663,0,0.0,0.0,0,0.14831852620430458,0.5848631675370569,1,0.17747026510350883,0.6040214192448697,0,3.147069188121188,0.6297077839256613,0
R5,2,3,0.4,0.5,-0.5294318865490014,-0.6068758560684179,0.07744396951941646,6.666666666666668,0.4,0,0.13242258182377153,0.5831881446622256,0,0.007249394387760788,0.030955784282117548,0,0.2971386659843107,0.07512861016396459,0,0.0,0.0,0,0.11284953056250868,0.44499858236821666,0,0.02033277394605615,0.06920275331148487,0,0.49911753554951055,0.09987012627992363,0
R5,2,3,0.5,0.6000000000000001,-0.6068758560684179,-0.4762915656633872,0.13058429040503067,10.0,0.6,0,0.29213517699413694,1.2865613214558098,1,0.0606117999535028,0.2588196618850319,0,0.9602650734912084,0.24279364693722175,0,10.0,0.6,0,0.10596510789357624,0.41785129772442625,0,0.09367058502831038,0.3188085602807759,0,1.503710517260112,0.30088255481122,0
R5,2,3,0.6000000000000001,0.7000000000000001,-0.4762915656633872,-0.5850344159129185,0.10874285024953129,6.666666666666667,0.39999999999999997,0,0.16731492351061714,0.7368537788087655,1,0.04496062231522477,0.19198725453944554,0,0.7289989828538359,0.18432027421044017,0,10.0,0.6,0,0.24248950828083096,0.9562067904603687,0,0.04285381535894439,0.14585329186311907,0,0.6678773582102107,0.1336378535178495,0
R5,2,3,0.7000000000000001,0.8,-0.5850344159129185,-0.24955452187805963,0.3354798940348589,13.333333333333334,0.7999999999999999,0,0.1616793814854886,0.7120348902737684,1,0.08976597067263778,0.3833114706393262,0,1.4660037218682551,0.37066472569065373,0,16.666666666666668,1.0,0,0.1452801070916605,0.5728817956073068,0,0.19321172133394926,0.6575975872172679,0,3.146543315198956,0.6296025602230064,0
R5,2,3,0.8,0.9,-0.24955452187805963,-0.24955452187805963,0.0,0.0,0.0,0,0.0,0.0,0,0.0,0.0,0,0.0,0.0,0,0.0,0.0,0,0.0,0.0,0,0.0,0.0,0,0.0,0.0,0
R5,2,3,0.9,1.0,-0.24955452187805963,-0.13706048008158103,0.1124940417964786,0.0,0.0,0,0.07695847715727706,0.33892460705161936,0,0.06979771834498044,0.2980446361311291,0,1.3418661204319298,0.33927774535908106,0,0.0,0.0,0,0.07420696069012254,0.2926196692565526,0,0.12500901940179487,0.4254691639382055,0,2.2088890020999603,0.44198411769921603,0
R5,3,4,0.0,0.1,-0.13706048008158103,-0.3393212122772557,0.20226073219567467,0.0,0.0,0,0.11040979481643053,0.4862439812359282,0,0.18188260962619285,0.776660577021818,0,3.1199994447972657,0.7888613931259165,0,0.0,0.0,0,0.11691445312083358,0.4610277564983581,0,0.17315051090830647,0.5893191024468794,0,2.9528501024908476,0.5908458261174301,0
R5,3,4,0.1,0.2,-0.3393212122772557,-0.24956887141021014,0.08975234086704556,0.0,0.0,0,0.03345131765915346,0.14731937418430882,0,0.025058554096505814,0.1070030341214212,0,0.4293301153165112,0.10855192729096803,0,0.0,0.0,0,0.04266306460000263,0.16823289535944327,0,0.06661352082830047,0.22671963310665172,0,1.1215646837627986,0.22441769447185103,0
R5,3,4,0.2,0.3,-0.24956887141021014,-0.47817009094609375,0.2286012195358836,16.666666666666668,1.0,0,0.27767660360570523,1.222885863140977,1,0.016671687893436427,0.07119010864125692,0,0.130846971033324,0.03308337891783232,0,16.666666666666668,1.0,0,0.2160171832414342,0.8518186990274403,1,0.0900034778718381,0.3063275327245061,0,1.1772266538802096,0.2355552875009057,0
R5,3,4,0.3,0.4,-0.47817009094609375,-0.34733833359416416,0.1308317573519296,0.0,0.0,0,0.08140679178812998,0.35851495426213764,0,0.08140679178812993,0.34761677333311647,0,1.4897626460295266,0.37667193766124796,0,0.0,0.0,0,0.12382205229239825,0.4882664328454563,0,0.12382205229239823,0.4214293122053162,0,2.2659714774170343,0.45340594444792043,0
R5,3,4,0.4,0.5,-0.34733833359416416,-0.22348156828007062,0.12385676531409354,0.0,0.0,0,0.04367673743924072,0.19235205296018068,0,0.01956868962213107,0.08356065379049019,0,0.3248874168621976,0.0821446108595853,0,6.666666666666668,0.4,0,0.20637601625096816,0.8138007682328041,1,0.013506560851646005,0.04596968427341982,0,0.18886802444081985,0.03779124576414189,0
R5,3,4,0.5,0.6000000000000001,-0.22348156828007062,-0.4996821721802491,0.2762006039001784,0.0,0.0,0,0.06570040002958355,0.28934411237963575,0,0.11780409935705524,0.5030376459312145,0,2.135565413053122,0.5399568611019663,0,6.666666666666668,0.4,0,0.06464166686171005,0.25490092844866535,1,0.09922674459954475,0.3377189923343403,0,1.855249920766663,0.37122327041423986,0
R5,3,4,0.6000000000000001,0.7000000000000001,-0.4996821721802491,-0.3719522854085083,0.1277298867717408,0.0,0.0,0,0.04842023262676817,0.21324237332343868,0,0.06018569721841671,0.25700015205513294,0,1.1485315860611989,0.2903949962363627,0,0.0,0.0,0,0.08570565402492861,0.3379623676937539,0,0.09929487298781209,0.3379508678304866,0,1.8715792200034063,0.37449065547022825,0
R5,3,4,0.7000000000000001,0.8,-0.3719522854085083,-0.3719522854085083,0.0,0.0,0.0,0,0.04087625593959296,0.18001875158931674,0,0.005704777846044395,0.024360086227023566,0,0.2048316524581173,0.05178968316287425,0,0.0,0.0,0,0.038134828881460886,0.15037674243318866,0,0.042486163283348366,0.144601985181629,0,0.6493958511317359,0.1299398258704368,0
R5,3,4,0.8,0.9,-0.3719522854085083,0.006904289345431059,0.37885657475393936,16.666666666666668,1.0,0,0.2823754032618897,1.2435793446898906,1,0.0894789724017041,0.38208595357001585,0,1.4453385952216848,0.3654397502110199,0,16.666666666666668,1.0,0,0.15586185533888391,0.6146087123744394,0,0.2384012793069204,0.8114005971240958,1,3.8428150433490638,0.7689219398535667,1
R5,3,4,0.9,1.0,0.006904289345431059,-0.3679754463383868,0.3748797356838179,20.000000000000004,1.2000000000000002,0,0.2323781780341708,1.023391906737532,1,0.11187765752290468,0.4777310278655434,0,2.047386359809966,0.5176616485493114,0,20.000000000000004,1.2000000000000002,0,0.09481694547598643,0.3738908448354336,0,0.22749535014186179,0.7742821829006166,1,4.154231891909472,0.8312343968927337,1
R5,4,5,0.0,0.1,-0.3679754463383868,-0.14621595064201554,0.22175949569637127,20.000000000000004,1.2000000000000002,0,0.28852491025213567,1.270661731416058,1,0.03761674612879706,0.1606280216350462,0,0.6883949363058974,0.1740539375353586,0,20.000000000000004,1.2000000000000002,0,0.1925828448754625,0.7594102742904124,1,0.0981880065820393,0.3341836394616136,0,1.7878783474277054,0.357742663026581,0
R5,4,5,0.1,0.2,-0.14621595064201554,-0.1098603475188658,0.03635560312314974,0.0,0.0,0,0.015003570454281231,0.06607562166538682,0,0.0553587266165636,0.23638840813630857,0,0.9368131195226734,0.23686404938232686,0,0.0,0.0,0,0.023440822100546224,0.09243399199175849,0,0.031003350404366914,0.10552014277811239,0,0.5673683033032209,0.11352665467009605,0
R5,4,5,0.2,0.3,-0.1098603475188658,-0.15296581835818993,0.04310547083932413,0.0,0.0,0,0.009226438870878942,0.040633173684138345,0,0.012203092369002688,0.05210866932379497,0,0.22331934201144765,0.056464114935943784,0,0.0,0.0,0,0.027819033811356614,0.10969855653985258,0,0.03679407016805586,0.12522890226000466,0,0.6733397807202559,0.13473084822754627,0
R5,4,5,0.3,0.4,-0.15296581835818993,0.11087428821750078,0.2638401065756907,6.666666666666668,0.4,0,0.15215245733757055,0.6700783814846858,0,0.040842548490945874,0.17440258495967556,0,0.6920775535473558,0.1749850513444622,0,13.333333333333334,0.7999999999999999,0,0.20406889260172725,0.8047031074083162,0,0.08122141666467786,0.2764377195146685,0,1.3159594491425697,0.26331480463901735,0
R5,4,5,0.4,0.5,0.11087428821750078,-0.15998279379749042,0.2708570820149912,13.333333333333336,0.8,1,0.24333302268256518,1.0716369676446076,1,0.010586238985897445,0.04520451128437042,0,0.20335254137023906,0.05141570436768013,0,13.333333333333334,0.7999999999999999,0,0.15056586569411676,0.5937250820003394,0,0.13226879938779249,0.45017788124355357,0,2.1103298399429096,0.42226307952765346,0
R5,4,5,0.5,0.6000000000000001,-0.15998279379749042,-0.15998279379749042,0.0,0.0,0.0,0,0.0,0.0,0,0.0,0.0,0,0.0,0.0,0,0.0,0.0,0,0.0,0.0,0,0.0,0.0,0,0.0,0.0,0
R5,4,5,0.6000000000000001,0.7000000000000001,-0.15998279379749042,-0.15998279379749042,0.0,0.0,0.0,0,0.0,0.0,0,0.0,0.0,0,0.0,0.0,0,0.0,0.0,0,0.0,0.0,0,0.0,0.0,0,0.0,0.0,0
R5,4,5,0.7000000000000001,0.8,-0.15998279379749042,-0.0547680456514073,0.10521474814608311,6.666666666666667,0.39999999999999997,0,0.09118056534499462,0.4015585861599217,1,0.029004551355576946,0.12385291611099296,0,0.45396789662765347,0.11478134970995256,0,3.3333333333333335,0.19999999999999998,0,0.016816685193540376,0.06631308995222539,0,0.1067776029581676,0.3634183971311508,0,1.6735874717334664,0.3348738127553517,0
R5,4,5,0.8,0.9,-0.0547680456514073,-0.14593801264007042,0.09116996698866311,0.0,0.0,0,0.02721865383401429,0.11987076532601372,0,0.00790460770114626,0.033753623784707656,0,0.1095500562406091,0.027698661974795594,0,4.440892098500626e-16,2.6645352591003756e-17,0,0.04535809382918132,0.17886018091789874,0,0.002533049440924029,0.008621253354368856,0,0.057496497221873,0.01150466980063082,0
R5,4,5,0.9,1.0,-0.14593801264007042,-0.10984522959138093,0.036092783048689486,0.0,0.0,0,0.0186712471097416,0.08222804457136372,0,0.016076945083499827,0.06865048544751529,0,0.23900591268588478,0.06043031115313853,0,3.333333333333333,0.19999999999999996,0,0.019191709526953815,0.07567850296006755,0,0.01670046965937455,0.05684017759159734,0,0.35317436503928956,0.0706678606201903,0
R5,5,6,0.0,0.1,-0.10984522959138093,-0.10984522959138093,0.0,0.0,0.0,0,0.0,0.0,0,0.0,0.0,0,0.0,0.0,0,0.0,0.0,0,0.0,0.0,0,0.0,0.0,0,0.0,0.0,0
R5,5,6,0.1,0.2,-0.10984522959138093,0.04384223423528824,0.15368746382666917,0.0,0.0,0,0.08458776979957866,0.3725239596686088,1,0.12339882478126107,0.5269277951058533,1,2.2334858114861724,0.5647150776625979,1,0.0,0.0,0,0.09772147156876768,0.3853442375726166,1,0.09456937520692593,0.32186759960194944,1,1.8052370605482206,0.3612160270098643,1
R5,5,6,0.2,0.3,0.04384223423528824,-0.33078421557225146,0.3746264498075397,10.0,0.6,0,0.16374933128250335,0.7211509350226277,0,0.101000139660061,0.4312827208103278,1,1.631438046897891,0.4124931793243063,1,16.666666666666668,1.0,0,0.21986209959225614,0.8669803245735245,0,0.16207146072019013,0.5516114694830807,1,2.6416985594155156,0.5285864549556569,1
R5,5,6,0.3,0.4,-0.33078421557225146,0.06233364924551085,0.39311786481776234,10.0,0.6,0,0.16570298038375184,0.7297547923027582,0,0.10562578449940019,0.4510347795552658,1,1.7061552998416385,0.43138470712442617,1,16.666666666666668,1.0,0,0.16438819247115594,0.6482305441866052,0,0.1760528306943414,0.5991971702755425,1,2.8659004607819925,0.5734477764017514,1
R5,5,6,0.4,0.5,0.06233364924551085,0.06233364924551085,0.0,0.0,0.0,0,0.0,0.0,0,0.0,0.0,0,0.0,0.0,0,0.0,0.0,0,0.0,0.0,0,0.0,0.0,0,0.0,0.0,0
R5,5,6,0.5,0.6000000000000001,0.06233364924551085,0.16611847268310342,0.10378482343759257,3.333333333333333,0.19999999999999996,0,0.032772654079766206,0.14433054442233215,1,0.051496935870347815,0.21989809806511668,0,0.8066795614405118,0.20396104996278785,0,3.3333333333333335,0.19999999999999998,0,0.001288540577206898,0.005081090965313152,0,0.08535142786097022,0.290494244549027,0,1.3436931799049834,0.2688641412104248,0
R5,5,6,0.6000000000000001,0.7000000000000001,0.16611847268310342,0.35900277924900653,0.1928843065659031,3.333333333333333,0.19999999999999996,0,0.026178896456741985,0.11529168094781256,0,0.006271911966200583,0.026781817001144993,0,0.10217450701357222,0.025833826374260047,0,13.333333333333334,0.7999999999999999,0,0.30294102828883696,1.1945847488929549,1,0.012531307644516598,0.04265040244358855,0,0.2448168344974535,0.04898623357280644,0
R5,5,6,0.7000000000000001,0.8,0.35900277924900653,0.04384223423528824,0.31516054501371826,0.0,0.0,0,0.008547406724272705,0.037642720754650055,0,0.0847940038897339,0.36208057562149193,1,1.3453868094672599,0.3401679172024783,1,16.666666666666668,1.0,0,0.24617858059052986,0.9707538775407224,1,0.057600838207003735,0.19604489813094117,0,0.8514050906713337,0.17036054208574541,0
R5,5,6,0.8,0.9,0.04384223423528824,0.13260851100427187,0.08876627676898363,0.0,0.0,0,0.04676864959931554,0.2059688129663575,0,0.061857251646171174,0.26413789012174244,1,1.1320016532324662,0.2862155641338037,1,0.0,0.0,0,0.05676873598822199,0.2238556679117192,0,0.07508358735484844,0.2555475700090957,0,1.374046579089712,0.2749376561516827,0
R5,5,6,0.9,1.0,0.13260851100427187,0.13260851100427187,0.0,0.0,0.0,0,0.0,0.0,0,0.0,0.0,0,0.0,0.0,0,0.0,0.0,0,0.0,0.0,0,0.0,0.0,0,0.0,0.0,0
R5,6,7,0.0,0.1,0.13260851100427187,-0.014859497559488536,0.1474680085637604,0.0,0.0,0,0.0,0.0,0,0.02654177631392407,0.1133365710417412,0,0.39880428316468475,0.10083376871316019,0,6.666666666666667,0.39999999999999997,0,0.16739571897990568,0.6600900975773669,0,0.057739825643181975,0.1965179429444406,0,0.8990650688603612,0.17989698931755063,0
R5,6,7,0.1,0.2,-0.014859497559488536,0.004836384195178845,0.019695881754667383,0.0,0.0,0,0.07029663449083176,0.3095858975115335,1,0.03587927654926559,0.15320881795762964,1,0.7696480126229943,0.19459798445375043,1,6.666666666666667,0.39999999999999997,0,0.2233772980374082,0.8808417763406557,0,0.08724979391149706,0.2969553480776475,0,1.6947932506505627,0.339116949226169,0
R5,6,7,0.2,0.3,0.004836384195178845,0.003926560267706771,0.0009098239274720745,0.0,0.0,0,0.012044577885942043,0.05304423863212482,0,0.004459197353912425,0.019041308001141864,0,0.06896128514594047,0.01743618754890999,0,0.0,0.0,0,0.01737531461773542,0.0685159285515253,0,0.01737531461773542,0.059137017624386126,0,0.26848714443084964,0.05372250644194251,0
R5,6,7,0.3,0.4,0.003926560267706771,0.003926560267706771,0.0,0.0,0.0,0,0.0,0.0,0,0.0,0.0,0,0.0,0.0,0,0.0,0.0,0,0.0,0.0,0,0.0,0.0,0,0.0,0.0,0
R5,6,7,0.4,0.5,0.003926560267706771,0.0,0.003926560267706771,0.0,0.0,0,0.012864911853802757,0.056656983815999575,0,0.012864911853802757,0.054934717971356725,0,0.20780472917089465,0.052541396577895125,0,0.0,0.0,0,0.011230876124340677,0.04428661713675765,0,0.011230876124340677,0.038224373711455366,0,0.18141042845004907,0.03629903000273222,0
R5,6,7,0.5,0.6000000000000001,0.0,-0.0018833096372052563,0.0018833096372052563,3.3333333333333335,0.19999999999999998,0,0.06673583926241641,0.2939041796792591,1,0.0007107437968648933,0.0030349613331492,0,0.010916866449755869,0.002760223079681857,0,0.0,0.0,0,0.017791448235914227,0.07015686466567911,0,0.017791448235914227,0.06055333161085177,0,0.27595944914256937,0.05521766532138342,0
R5,6,7,0.6000000000000001,0.7000000000000001,-0.0018833096372052563,0.002023677001127168,0.0039069866383324246,3.3333333333333335,0.19999999999999998,0,0.04254067007121362,0.187348820041397,0,0.030698641585316877,0.1310868847573685,1,0.4747538157769955,0.1200368663943852,1,0.0,0.0,0,0.05770039912998227,0.2275294871581218,1,0.05770039912998227,0.19638375450197182,1,0.8926646129678795,0.17861630031605627,1
R5,6,7,0.7000000000000001,0.8,0.002023677001127168,0.06236650203408211,0.06034282503295494,6.666666666666668,0.4,0,0.10821054831156707,0.4765585146700138,1,0.048756274774508,0.20819514618593019,0,0.8145387948521625,0.205948180386274,0,0.0,0.0,0,0.08663825727111271,0.3416398940458378,0,0.08663825727111271,0.2948739783945079,0,1.4659665063087457,0.29333022720991925,0
R5,6,7,0.8,0.9,0.06236650203408211,0.07197994858228794,0.009613446548205833,6.666666666666666,0.3999999999999999,0,0.09429624269621015,0.41528000790534275,0,0.045695657775609244,0.19512594419189208,0,0.7146205722625094,0.18068483349620398,0,0.0,0.0,0,0.09381751120374573,0.3699497842736356,0,0.09381751120374573,0.3193086246547088,0,1.4588676687179647,0.29190979663768657,0
R5,6,7,0.9,1.0,0.07197994858228794,0.5485929260233354,0.47661297744104747,6.66666666666667,0.40000000000000013,0,0.025818156174430396,0.11370298321175575,0,0.018165091043753412,0.07756711936721453,0,0.4776032092358502,0.12075730770640666,0,16.666666666666668,1.0,0,0.2699475153245684,1.0644817132554756,1,0.06035912489325351,0.20543274819101232,0,1.4030155958108717,0.2807341652944885,0
R5,7,8,0.0,0.1,0.5485929260233354,0.029713262648552626,0.5188796633747828,20.000000000000004,1.2000000000000002,0,0.21829002219038762,0.9613477647559013,0,0.07782753541562276,0.3323329189542198,0,1.4242614473309896,0.36011059918315635,0,16.666666666666668,1.0,0,0.13459422913049093,0.5307442650356022,1,0.195712411087331,0.6661087041249243,0,3.571933012617495,0.7147202324614601,0
R5,7,8,0.1,0.2,0.029713262648552626,0.00623034615411898,0.023482916494433646,0.0,0.0,0,0.020079154721899122,0.0884284600660764,0,0.024515741315259076,0.1046851583840742,0,0.41541957835039867,0.10503478385412676,0,0.0,0.0,0,0.033949346303361605,0.13387216501494792,0,0.033949346303361605,0.11554686259487992,0,0.5752721463835977,0.11510816153032864,0
R5,7,8,0.2,0.3,0.00623034615411898,0.06451225707824236,0.05828191092412338,16.666666666666668,1.0,0,0.29444550604154934,1.296735994779373,1,0.04737702827037926,0.20230559804301806,0,0.7846940512883949,0.19840222840719302,0,0.0,0.0,0,0.13371365312053254,0.5272718972362351,0,0.13371365312053254,0.45509545209263014,0,2.1792610681861104,0.43605576357290443,0
R5,7,8,0.3,0.4,0.06451225707824236,0.004032704319652879,0.06047955275858948,13.333333333333334,0.7999999999999999,0,0.2282955802535614,1.0054121740342061,0,0.043490530933985305,0.1857097878658872,0,0.7230475901152511,0.18281552267126017,0,0.0,0.0,0,0.1285366420779741,0.5068574341599619,0,0.1285366420779741,0.4374754549874887,0,2.1059665063087456,0.4213900052515401,0
R5,7,8,0.4,0.5,0.004032704319652879,0.0,0.004032704319652879,3.3333333333333335,0.19999999999999998,0,0.04536002726922389,0.19976524985875116,0,0.030698641585316877,0.1310868847573685,1,0.47475381577699594,0.12003686639438531,1,0.0,0.0,0,0.05623909791404583,0.22176715065336805,0,0.05623909791404583,0.19141020451668625,0,0.8706443375391641,0.17421018846634279,0
R5,7,8,0.5,0.6000000000000001,0.0,0.33641204788484036,0.33641204788484036,13.333333333333334,0.7999999999999999,0,0.1975951685791908,0.8702077709923626,0,0.15534619766575114,0.6633469124134049,1,2.463232660347349,0.6228043249415164,1,10.0,0.6,0,0.08494614320843313,0.3349673952295432,0,0.3061073320506128,1.041838671050794,0,4.891440337612822,0.9787449436539515,0
R5,7,8,0.6000000000000001,0.7000000000000001,0.33641204788484036,0.1752713499929444,0.16114069789189597,3.333333333333334,0.2,0,0.054656409285595065,0.24070645267726884,0,0.020454205852920293,0.08734191439688024,0,0.3128952905106015,0.07911251881353148,0,6.666666666666666,0.3999999999999999,0,0.1325502080738139,0.522684094399374,0,0.01106180007232016,0.0376489220613314,0,0.17053623759048264,0.034123176146703633,0
R5,7,8,0.7000000000000001,0.8,0.1752713499929444,0.357282582299038,0.1820112323060936,13.333333333333334,0.7999999999999999,0,0.21348623145767118,0.9401919032240158,0,0.03532805716360771,0.15085504501028452,0,0.5986344211304795,0.15135886777595317,0,13.333333333333334,0.7999999999999999,0,0.25853842562332774,1.019492348055133,1,0.023238321472972445,0.07909180678119035,0,0.27020539726237214,0.05406631749854275,0
R5,7,8,0.8,0.9,0.357282582299038,0.06289177438041298,0.294390807918625,3.333333333333334,0.2,0,0.04315854434629393,0.1900699341229676,1,0.16401412965092033,0.7003600225233992,0,2.649292290505265,0.6698476855727565,0,16.666666666666668,1.0,0,0.12606188439024282,0.4970987434746225,1,0.23326404340210297,0.7939159750077446,0,3.541188776044282,0.7085685135370465,0
R5,7,8,0.9,1.0,0.06289177438041298,0.23557331005952098,0.172681535679108,6.666666666666668,0.4,0,0.17723419088126727,0.7805381644673719,0,0.00897839982646309,0.03833884506212413,1,0.065709379523053,0.016613974966704966,0,3.333333333333333,0.19999999999999996,0,0.060594495009028415,0.2389417505232748,0,0.003806004745411512,0.012953766573996727,0,0.19118979720553586,0.03825581717806785,0
R5,8,9,0.0,0.1,0.23557331005952098,0.23557331005952098,0.0,0.0,0.0,0,0.0,0.0,0,0.0,0.0,0,0.0,0.0,0,0.0,0.0,0,0.0,0.0,0,0.0,0.0,0,0.0,0.0,0
R5,8,9,0.1,0.2,0.23557331005952098,-0.17590676722428356,0.41148007728380454,10.0,0.6,0,0.10138518062278348,0.4464996420499615,0,0.09813558114386517,0.41905071207307787,0,1.7959032633914394,0.4540766033278597,1,10.0,0.6,1,0.00496471100011453,0.019577302146552622,0,0.1908999365048247,0.6497294096796835,1,3.326353544481767,0.6655814009285841,1
R5,8,9,0.2,0.3,-0.17590676722428356,-0.17590676722428356,0.0,0.0,0.0,0,0.0,0.0,0,0.0,0.0,0,0.0,0.0,0,0.0,0.0,0,0.0,0.0,0,0.0,0.0,0,0.0,0.0,0
R5,8,9,0.3,0.4,-0.17590676722428356,-0.17590676722428356,0.0,0.0,0.0,0,0.0,0.0,0,0.0,0.0,0,0.0,0.0,0,0.0,0.0,0,0.0,0.0,0,0.0,0.0,0,0.0,0.0,0
R5,8,9,0.4,0.5,-0.17590676722428356,0.366566498217439,0.5424732654417226,23.333333333333336,1.4000000000000001,1,0.3834926781191919,1.6888991315809845,1,0.16566589407433407,0.7074132548958023,1,2.6751665406555514,0.6763897370637206,1,23.333333333333336,1.4000000000000001,1,0.18988223920839933,0.7487609992124535,1,0.32289825397111904,1.0989867036124101,1,5.099012378982649,1.0202787398187423,1
R5,8,9,0.5,0.6000000000000001,0.366566498217439,-0.15656553267240236,0.5231320308898413,6.666666666666668,0.4,0,0.10119085247282684,0.44564382220663845,0,0.12804692144763286,0.5467757258474277,1,2.0424659202516064,0.5164175634545938,1,23.333333333333336,1.4000000000000001,1,0.30168093935434015,1.189615851045406,1,0.20795284746794312,0.7077691239731826,0,3.29694379891777,0.6596967048517309,0
R5,8,9,0.6000000000000001,0.7000000000000001,-0.15656553267240236,0.16376195330642185,0.3203274859788242,0.0,0.0,0,0.061549545426322586,0.2710637770961874,0,0.11782004859253037,0.5031057510813035,1,2.052892013555123,0.5190536993366011,1,6.666666666666667,0.39999999999999997,0,0.02621503896822691,0.1033735374834084,0,0.16214448985231414,0.5518600246988292,0,2.833625127258277,0.5669896950778978,0
R5,8,9,0.7000000000000001,0.8,0.16376195330642185,0.018318094360715152,0.1454438589457067,0.0,0.0,0,0.061549545426322586,0.2710637770961874,0,0.08140679178812987,0.3476167733331162,1,1.4897626460295257,0.37667193766124774,1,0.0,0.0,0,0.11500416024150562,0.4534949150326315,0,0.11500416024150562,0.3914175484418388,0,2.1046020645512145,0.4211169894568211,0
R5,8,9,0.8,0.9,0.018318094360715152,0.12033360197639593,0.10201550761568079,0.0,0.0,0,0.021537975456110137,0.09485309660209797,0,0.02921939484537528,0.12477032360310608,0,0.5347215143119648,0.1351991133902095,0,3.3333333333333335,0.19999999999999998,0,0.07549184052994742,0.2976863248676618,1,0.008697280939496593,0.029601262913435632,0,0.10509270814059102,0.021028357622307696,0
R5,8,9,0.9,1.0,0.12033360197639593,0.02080183768305622,0.09953176429333971,0.0,0.0,0,0.0005540445198856103,0.0024400082762497527,0,1.1102230246251565e-16,4.7407855907743e-16,0,0.0,0.0,0,3.3333333333333335,0.19999999999999998,0,0.05220492817201117,0.20585924383895915,1,0.014589631418439664,0.049655923320369416,0,0.2464668690021341,0.04931639459222896,0
R5,9,1,0.0,0.1,0.02080183768305622,0.14957881486166422,0.128776977178608,0.0,0.0,0,0.07591223575355227,0.33431696706526826,1,0.11062618663350493,0.47238709693622133,1,2.0244841603414905,0.5118710510514572,1,0.0,0.0,0,0.09670262336850191,0.38132662223556796,0,0.09670262336850191,0.32912812621132315,0,1.7849437806168167,0.35715547556650173,0
R5,9,1,0.1,0.2,0.14957881486166422,0.035674001471088165,0.11390481339057605,0.0,0.0,0,0.04157451364472292,0.1830938737470524,0,0.04157451364472292,0.17752816403433647,0,0.7976850924821712,0.20168688631678586,0,0.0,0.0,0,0.07864794292100315,0.31013175625606076,0,0.07864794292100315,0.2676788817333805,0,1.4729203452977497,0.2947216445184646,0
R5,9,1,0.2,0.3,0.035674001471088165,0.0023753757157034586,0.033298625755384705,0.0,0.0,0,0.020980198506899472,0.0923966507326282,0,0.020980198506899472,0.08958796617163922,0,0.2673607571559833,0.06759955669510498,0,0.0,0.0,0,0.0018045488351401268,0.007115861886609887,0,0.0018045488351401268,0.006141795910781367,0,0.10477845339541014,0.02096547732087584,0
R5,9,1,0.3,0.4,0.0023753757157034586,0.0,0.0023753757157034586,0.0,0.0,0,0.036205375864127184,0.15944822768293532,1,0.036205375864127184,0.15460130117835835,1,0.5596011247468893,0.1414896799417045,1,0.0,0.0,0,0.045362824167332755,0.17887883401960875,0,0.045362824167332755,0.15439272273880245,0,0.7015340215170718,0.14037232981894043,0
R5,9,1,0.4,0.5,0.0,0.0,0.0,0.0,0.0,0,0.011186487354423139,0.04926521380013125,0,0.011186487354423139,0.04776764387419683,0,0.1830563038807596,0.04628399890924997,0,0.0,0.0,0,0.0,0.0,0,0.0,0.0,0,0.0,0.0,0
R5,9,1,0.5,0.6000000000000001,0.0,0.0,0.0,0.0,0.0,0,0.0,0.0,0,0.0,0.0,0,0.0,0.0,0,0.0,0.0,0,0.0,0.0,0,0.0,0.0,0,0.0,0.0,0
R5,9,1,0.6000000000000001,0.7000000000000001,0.0,0.0,0.0,0.0,0.0,0,0.0,0.0,0,0.0,0.0,0,0.0,0.0,0,0.0,0.0,0,0.0,0.0,0,0.0,0.0,0,0.0,0.0,0
R5,9,1,0.7000000000000001,0.8,0.0,0.0,0.0,0.0,0.0,0,0.015004430190851847,0.06607940793936373,0,0.015004430190851847,0.06407071810691893,0,0.2745844558211381,0.06942599836387461,0,0.0,0.0,0,0.0,0.0,0,0.0,0.0,0,0.0,0.0,0
R5,9,1,0.8,0.9,0.0,-0.0404707408220468,0.0404707408220468,6.666666666666667,0.39999999999999997,0,0.03741980863014793,0.16479658127851154,1,0.09609899330455018,0.4103542375190301,0,1.5522706649050821,0.3924764798492085,0,0.0,0.0,0,0.14874752038165986,0.5865548165834973,0,0.14874752038165986,0.5062633355378302,0,2.373057340894562,0.47483311930468214,0
R5,9,1,0.9,1.0,-0.0404707408220468,-0.16594428605792094,0.12547354523587415,6.666666666666667,0.39999999999999997,0,0.02255801748155184,0.09934535470567812,1,0.07216431726320843,0.30815029760798895,0,1.1907056862670817,0.3010583056474343,0,6.666666666666667,0.39999999999999997,0,0.26727229734764185,1.0539325492374747,1,0.12732624785182783,0.4333558688816345,0,2.0580651200836697,0.4118052538642445,0
