condition_id,heading_column,column_a,column_b,alpha,source_step31_steering,reproduction_error,active_fc2_count,steering,activity_difference,real_DNa03_L_spikes,real_DNa03_R_spikes,real_DNa03_rate_diff,real_DNa03_mean_v_diff,shadow_DNa03_mean_v_diff,shadow_DNa03_final_v_diff,shadow_DNa03_input_L,shadow_DNa03_input_R,shadow_DNa03_input_diff,real_DNa02_L_spikes,real_DNa02_R_spikes,real_DNa02_rate_diff,real_DNa02_mean_v_diff,shadow_DNa02_mean_v_diff,shadow_DNa02_final_v_diff,shadow_DNa02_input_L,shadow_DNa02_input_R,shadow_DNa02_input_diff
0,L1,1,2,0.0,0.0085401737463383,7.45931094670027e-17,9,0.008540173746338375,0.018891152805045608,2.0,2.0,0.0,-0.014308601621073003,-0.01669181200661013,-0.04370798402017717,7.052725189017458,6.750884742232968,-0.3018404467844906,0.0,0.0,0.0,0.026860767422727555,0.026860767422727555,0.018891152805045608,2.373057340894562,2.8047446815241823,0.4316873406296202
1,L1,1,2,0.1,0.1082352899696087,6.938893903907228e-17,9,0.10823528996960877,0.24035582665796487,0.0,1.0,3.3333333333333335,-0.02530027981615124,0.0510407970542765,0.014865685071278445,4.0524772667743445,4.851187782119738,0.7987105153453937,0.0,1.0,3.3333333333333335,0.040209544502856076,0.1188873408102267,0.04155882618066306,1.7770978917519928,3.6431478332324785,1.8660499414804856
2,L1,1,2,0.2,0.1837800265773558,8.326672684688674e-17,9,0.18378002657735587,0.41118951435681084,0.0,2.0,6.666666666666667,-0.11663108315753445,0.03391856386383896,0.002819217298168003,4.0524772667743445,4.575865613350157,0.5233883465758122,0.0,2.0,6.666666666666667,-0.03963128474126286,0.1155272403139104,0.02916122917267311,1.7770978917519928,3.577013449329713,1.7999155575777201
3,L1,1,2,0.3,-0.030511550842306,2.7755575615628914e-17,10,-0.03051155084230603,-0.06751189560863602,4.0,5.0,3.333333333333334,-0.10143615422697583,0.028190999334276712,-0.17803407149286898,7.287133467813193,7.533440382006533,0.2463069141933394,2.0,5.0,10.0,-0.11467123184533443,0.10804048383341758,-0.40401460086644153,4.462375912918156,5.695416601038009,1.2330406881198535
4,L1,1,2,0.4,0.0,0.0,10,0.0,0.0,5.0,5.0,0.0,0.0005609427138473927,-0.0025084096031604552,-0.0024585286029779607,7.041598785079079,7.000538316419625,-0.04106046865945334,5.0,5.0,0.0,0.0,0.034809656854195126,0.02692041810395779,5.1336954182096965,5.695416601038009,0.5617211828283128
5,L1,1,2,0.5,0.0614215675933488,9.020562075079397e-17,10,0.06142156759334889,0.13603451987556436,5.0,5.0,0.0,-0.01693572526934461,0.031966966829855115,-0.20025417594151118,7.785343385091889,8.06634244759344,0.28099906250155104,2.0,5.0,10.0,-0.14811861596353434,0.0734942826438777,-0.20072360335806266,4.7782758398592975,5.695416601038009,0.9171407611787119
6,L1,1,2,0.6000000000000001,0.3594101818863824,0.0,10,0.3594101818863824,0.832165514273859,5.0,5.0,0.0,0.0,0.0942754694276981,0.07290893629233419,6.5435268531678235,8.06634244759344,1.5228155944256168,0.0,5.0,16.666666666666668,-0.21702165976930435,0.144827401994955,0.11200381063636605,3.3565975264577035,5.695416601038009,2.338819074580306
7,L1,1,2,0.7000000000000001,0.4024787880264846,0.0,10,0.4024787880264846,0.9436381096473732,4.0,7.0,10.000000000000002,-0.09025060626048476,0.15002686491398332,0.24070773246595834,9.206081731775454,11.759876587811641,2.5537948560361876,0.0,3.0,10.0,0.015420966782929174,0.27951064260073544,0.4246288367071612,3.058617801886419,7.78632503184493,4.7277072299585114
8,L1,1,2,0.8,0.3546660095615828,5.551115123125783e-17,11,0.35466600956158284,0.8201382778109275,5.0,5.0,0.0,-0.00010902596727116465,0.1305445260734187,0.07671910308576946,11.395511154726101,13.478817221257975,2.0833060665318737,0.0,5.0,16.666666666666668,-0.24368935131158165,0.18917167715193356,0.12850917012944585,5.5966362107792405,8.633131170416636,3.0364949596373956
9,L1,1,2,0.9,0.5017218378191038,0.0,11,0.5017218378191038,1.2201382778109275,5.0,7.0,6.666666666666668,-0.08040108753702396,0.14805498008125828,0.08903870634965916,11.395511154726101,13.760381905020772,2.3648707502946706,0.0,7.0,23.333333333333336,-0.28319837074248205,0.249133026439404,0.16066182516410488,5.5966362107792405,9.583585303397653,3.9869490926184126
10,L1,1,2,1.0,0.5017218378191038,0.0,11,0.5017218378191038,1.2201382778109275,5.0,7.0,6.666666666666668,-0.08040108753702396,0.15107359844029933,0.08744679581115666,9.39534587323069,11.804868273414646,2.409522400183956,0.0,7.0,23.333333333333336,-0.28319837074248205,0.23467510934904784,0.1385325174489629,5.5966362107792405,9.338595696750014,3.7419594859707734
11,L1,2,3,0.0,0.5017218378191038,0.0,11,0.5017218378191038,1.2201382778109275,5.0,7.0,6.666666666666668,-0.08040108753702396,0.15107359844029933,0.08744679581115666,9.39534587323069,11.804868273414646,2.409522400183956,0.0,7.0,23.333333333333336,-0.28319837074248205,0.23467510934904784,0.1385325174489629,5.5966362107792405,9.338595696750014,3.7419594859707734
12,L1,2,3,0.1,0.3546660095615828,5.551115123125783e-17,11,0.35466600956158284,0.8201382778109275,5.0,5.0,0.0,-0.00010902596727116465,0.0868761159658662,0.06689057182734737,8.895304552856837,10.298289996735377,1.4029854438785403,0.0,5.0,16.666666666666668,-0.24370778192557283,0.11110485790341773,0.0945348824829152,5.5966362107792405,7.3997488878355036,1.803112677056263
13,L1,2,3,0.2,0.3855742158323708,5.551115123125783e-17,11,0.38557421583237084,0.8993709186289628,2.0,5.0,10.0,-0.16551346518461818,0.08892281697414328,0.07267461839481304,7.205916450280043,8.646356984117885,1.440440533837842,0.0,5.0,16.666666666666668,-0.16305030546128707,0.16088131203696954,0.14988535646135348,2.46265835274385,5.082942584418909,2.620284231675059
14,L1,2,3,0.3,0.3872994068252632,5.551115123125783e-17,11,0.38729940682526326,0.9038569180880058,0.0,5.0,16.666666666666668,-0.2590278084213667,0.08702031612454625,0.06729808637366791,4.043320251298563,5.44894459059644,1.4056243392978773,0.0,5.0,16.666666666666668,-0.12432053022038717,0.19961108727786944,0.15437135592039652,1.8666989036012807,5.082942584418909,3.2162436808176285
15,L1,2,3,0.4,0.2716430548978911,0.0,11,0.2716430548978911,0.6163393054283597,3.0,5.0,6.666666666666668,-0.13467421873063565,0.0218805560848358,0.04732107191075807,6.157243965082114,6.542479184657035,0.3852352195749207,1.0,5.0,13.333333333333334,-0.17515064112240467,0.07583176694180876,0.06573833499756593,3.8541726713757285,5.082942584418909,1.2287699130431804
16,L1,2,3,0.5,0.176763906311388,5.551115123125783e-17,11,0.17676390631138805,0.39514862549134727,1.0,3.0,6.666666666666666,-0.03215603903677333,0.08768126766415524,0.09759683441678377,3.8680910585426567,5.31555380607364,1.4474627475309836,0.0,1.0,3.3333333333333335,0.07184135007577491,0.13867572645760612,0.19617053671231074,1.6791503918236774,4.008856717731281,2.329706325907604
17,L1,2,3,0.6000000000000001,0.0253233018613651,9.020562075079397e-17,11,0.02532330186136519,0.056026615355352166,0.0,1.0,3.3333333333333335,-0.021462652397963494,0.04592862381812965,0.06591890068810641,3.279949117567991,4.05362867777967,0.7736795602116793,0.0,0.0,0.0,0.0508439057295787,0.0508439057295787,0.056026615355352166,2.531714960019586,3.368856717731281,0.8371417577116951
18,L1,2,3,0.7000000000000001,0.4115381745954257,0.0,11,0.4115381745954257,0.9676563495212129,3.0,5.0,6.666666666666668,-0.05538543304067384,0.1064400641432301,0.2968153235613274,6.846739089046903,8.790444324861864,1.9437052358149618,1.0,5.0,13.333333333333334,-0.08189740453556969,0.19032764832002036,0.41757019149205565,3.42565413373344,6.779291304792579,3.3536371710591393
19,L1,2,3,0.8,0.3890262667569176,0.0,11,0.3890262667569176,0.9083543257937226,5.0,5.0,0.0,0.14675554854939912,0.17825011023459747,0.5362799015002199,9.69902494388777,12.995082734436314,3.296057790548545,2.0,5.0,10.0,-0.016983427583668165,0.2350896452304893,0.5921847991699614,4.7506366455830715,8.97675925194682,4.226122606363749
20,L1,2,3,0.9,0.3890392533567139,0.0,11,0.3890392533567139,0.9083881748247176,5.0,5.0,0.0,0.14675554854939912,0.25510778169987736,0.5957185986125882,9.69902494388777,14.236551606127586,4.5375266622398165,2.0,5.0,10.0,-0.016938999752959844,0.35199235575633997,0.6825927528600471,4.7506366455830715,10.865068816461017,6.114432170877945
21,L1,2,3,1.0,0.3890392533567139,0.0,11,0.3890392533567139,0.9083881748247176,5.0,5.0,0.0,0.14675554854939912,0.25510778169987736,0.5957185986125882,9.69902494388777,14.236551606127586,4.5375266622398165,2.0,5.0,10.0,-0.016938999752959844,0.35199235575633997,0.6825927528600471,4.7506366455830715,10.865068816461017,6.114432170877945
22,L1,3,4,0.0,0.3890392533567139,0.0,11,0.3890392533567139,0.9083881748247176,5.0,5.0,0.0,0.14675554854939912,0.25510778169987736,0.5957185986125882,9.69902494388777,14.236551606127586,4.5375266622398165,2.0,5.0,10.0,-0.016938999752959844,0.35199235575633997,0.6825927528600471,4.7506366455830715,10.865068816461017,6.114432170877945
23,L1,3,4,0.1,0.2893510919597329,5.551115123125783e-17,11,0.28935109195973296,0.6588557548986681,5.0,5.0,0.0,0.048517439575663346,0.10264699049020864,0.22818216912147227,13.459122123389317,15.27282696997277,1.8137048465834535,3.0,5.0,6.666666666666668,-0.044970067075333534,0.22676752984070458,0.3945809034423559,5.110636645583072,9.002344018574917,3.8917073729918448
24,L1,3,4,0.2,0.2467067262266212,2.7755575615628914e-17,11,0.24670672622662124,0.5572045182537706,7.0,7.0,0.0,0.010720250761790631,0.09587060955435067,-0.014500614586282268,13.087955977854651,14.543803907265708,1.455847929411057,1.0,5.0,13.333333333333334,-0.19152401855400836,0.2237733769548102,0.14531028087122366,6.0575730320185786,9.642344018574917,3.5847709865563386
25,L1,3,4,0.3,0.1710529543496122,0.0,11,0.1710529543496122,0.3821220980000367,5.0,5.0,0.0,-0.028441037581613954,0.007680656142525333,-0.07127497475551237,9.155326359320597,9.198612643850637,0.043286284530040575,2.0,5.0,10.0,-0.16732110684054957,0.11203241846476147,0.08664146156055696,4.728078988815415,6.537166282245478,1.8090872934300624
26,L1,3,4,0.4,0.4630642948886977,0.0,11,0.4630642948886977,1.1086554245970492,5.0,7.0,6.666666666666668,-0.03697013397426975,0.05585470055725539,0.1079172952140095,9.155326359320597,10.125245922354566,0.9699195630339688,2.0,7.0,16.666666666666668,-0.11241848167570455,0.2398662017225922,0.39905069335544874,4.728078988815415,8.822229493700481,4.094150504885066
27,L1,3,4,0.5,0.4988145518128219,5.551115123125783e-17,10,0.49881455181282197,1.211560712898355,5.0,7.0,6.666666666666668,-0.08363341798439623,0.06698990985517206,0.14502059148386248,9.544073664022909,10.723664908547198,1.179591244524289,0.0,5.0,16.666666666666668,-0.08071975674041937,0.28755383293627074,0.5058993251624458,3.289898622856423,8.22753698511756,4.937638362261136
28,L1,3,4,0.6000000000000001,0.1602611720437397,5.551115123125783e-17,10,0.16026117204373977,0.35757705474880724,5.0,3.0,-6.666666666666668,0.08484790772987333,-0.029109083449377682,0.07070141361997295,9.544073664022909,9.171394243642114,-0.3726794203807948,0.0,0.0,0.0,0.11628891580000278,0.11628891580000278,0.35757705474880724,3.289898622856423,5.450950932291358,2.1610523094349348
29,L1,3,4,0.7000000000000001,0.0238454686981122,3.469446951953614e-18,10,0.023845468698112205,0.05275570044335154,5.0,5.0,0.0,-0.05267104690677396,-0.1469560418777689,-0.2566472327206135,12.656821463656145,10.133469601962798,-2.5233518616933477,0.0,0.0,0.0,0.05284629559880066,0.05284629559880066,0.05275570044335154,5.4498986228564235,6.3153975258647765,0.8654989030083531
30,L1,3,4,0.8,-0.3308087607989208,5.551115123125783e-17,10,-0.33080876079892085,-0.7603374333944294,5.0,5.0,0.0,-0.05267104690677396,-0.2525818263771683,-0.33833405581090426,14.362976763497784,10.133469601962798,-4.229507161534986,5.0,0.0,-16.666666666666668,0.2945296458295516,-0.06923518078752361,-0.041657306867641575,7.421859909924564,6.3153975258647765,-1.1064623840597871
31,L1,3,4,0.9,0.0593715777213222,6.938893903907228e-17,10,0.05937157772132227,0.1314833802599895,11.0,11.0,0.0,0.0,-0.1637847790861101,-0.2947108778449672,17.472522180471287,14.651133723822747,-2.82138845664854,5.0,5.0,0.0,0.03772770976221099,0.07892654315019876,0.16334544564804832,9.20973825735227,10.590435866000549,1.380697608648278
32,L1,3,4,1.0,0.0593715777213222,6.938893903907228e-17,10,0.05937157772132227,0.1314833802599895,11.0,11.0,0.0,0.0,-0.1637847790861101,-0.2947108778449672,17.472522180471287,14.651133723822747,-2.82138845664854,5.0,5.0,0.0,0.03772770976221099,0.07892654315019876,0.16334544564804832,9.20973825735227,10.590435866000549,1.380697608648278
33,L1,4,5,0.0,0.0593715777213222,6.938893903907228e-17,10,0.05937157772132227,0.1314833802599895,11.0,11.0,0.0,0.0,-0.1637847790861101,-0.2947108778449672,17.472522180471287,14.651133723822747,-2.82138845664854,5.0,5.0,0.0,0.03772770976221099,0.07892654315019876,0.16334544564804832,9.20973825735227,10.590435866000549,1.380697608648278
34,L1,4,5,0.1,0.0593715777213222,6.938893903907228e-17,10,0.05937157772132227,0.1314833802599895,11.0,11.0,0.0,0.0,-0.1637847790861101,-0.2947108778449672,17.472522180471287,14.651133723822747,-2.82138845664854,5.0,5.0,0.0,0.03772770976221099,0.07892654315019876,0.16334544564804832,9.20973825735227,10.590435866000549,1.380697608648278
35,L1,4,5,0.2,0.1891987471325214,5.551115123125783e-17,10,0.18919874713252147,0.42360752790924994,5.0,5.0,0.0,0.052323106555443505,-0.01271409426508685,0.132220008713392,11.982231117101344,11.925470257400768,-0.056760859700576205,5.0,5.0,0.0,0.12143764799512705,0.1897019224363048,0.4764004300977795,5.261859909924562,8.670435866000547,3.4085759560759854
36,L1,4,5,0.3,0.0373127962151337,9.71445146547012e-17,10,0.037312796215133795,0.08257349404770542,5.0,5.0,0.0,-0.03226466324413513,-0.12459175178799076,-0.18395005147342003,14.02961747691131,11.925470257400768,-2.1041472195105424,5.0,5.0,0.0,0.023671748595650965,0.060394578876482086,0.11097348515538852,7.628213454406329,8.670435866000547,1.042222411594218
37,L1,4,5,0.4,0.1611599859331342,8.326672684688674e-17,10,0.16115998593313427,0.35961792461053554,5.0,5.0,0.0,-0.09381420867045759,-0.1107402039181602,-0.3232608733452623,15.034394241284971,12.997042695704472,-2.037351545580499,1.0,5.0,13.333333333333334,-0.26755676902411557,0.05930823906745353,-0.1262653394314639,6.188213454406329,6.96558087251706,0.7773674181107308
38,L1,4,5,0.5,0.2473581907935002,2.7755575615628914e-17,10,0.24735819079350022,0.5587391988529367,5.0,5.0,0.0,-0.09381420867045759,-0.05269663902678434,-0.29545075286453504,11.8433067955714,10.725656473686158,-1.1176503218852432,0.0,5.0,16.666666666666668,-0.32502662238811303,0.08274607885865948,-0.12590697008960094,5.828213454406328,6.96558087251706,1.1373674181107312
39,L1,4,5,0.6000000000000001,-0.0974818874925045,5.551115123125783e-17,10,-0.09748188749250455,-0.2163149237796852,5.0,5.0,0.0,-0.09381420867045759,-0.12955431049206478,-0.3548894499769025,11.8433067955714,9.484187601994883,-2.359119193576518,0.0,0.0,0.0,-0.03415663166719057,-0.03415663166719057,-0.2163149237796852,5.828213454406328,5.077271308002864,-0.7509421464034647
40,L1,4,5,0.7000000000000001,0.2883309681602207,5.551115123125783e-17,10,0.28833096816022075,0.6563938680622635,11.0,11.0,0.0,0.0,-0.11824932107724839,-0.32294116590631283,14.710025041333449,12.557789703194759,-2.1522353381386896,0.0,5.0,16.666666666666668,-0.31567217586413565,0.009893391743468205,-0.0918280614217808,7.6160918018340364,7.67061108872312,0.05451928688908314
41,L1,4,5,0.8,0.2883309681602207,5.551115123125783e-17,10,0.28833096816022075,0.6563938680622635,11.0,11.0,0.0,0.0,-0.11824932107724839,-0.32294116590631283,14.710025041333449,12.557789703194759,-2.1522353381386896,0.0,5.0,16.666666666666668,-0.31567217586413565,0.009893391743468205,-0.0918280614217808,7.6160918018340364,7.67061108872312,0.05451928688908314
42,L1,4,5,0.9,0.0506519861491005,1.3877787807814457e-17,10,0.05065198614910051,0.1121371465960368,11.0,11.0,0.0,0.0,-0.1287395314850993,-0.326158296041716,15.719044176982758,13.402483754483155,-2.3165604224996024,3.0,5.0,6.666666666666668,-0.09461116052495067,0.0153990973019128,-0.09013957562597019,8.749077540542554,8.889841573264448,0.14076403272189353
43,L1,4,5,1.0,-0.0577042912436152,6.938893903907228e-18,10,-0.05770429124361521,-0.12778269394400854,11.0,11.0,0.0,0.0,-0.13520456341867226,-0.33605368278049275,16.391723600748964,13.965613122008753,-2.4261104787402115,5.0,5.0,0.0,-0.03659736753671891,0.01879221916203866,-0.08494605865610227,9.504401366348233,9.702661896291998,0.19826052994376475
44,L1,5,6,0.0,-0.0577042912436152,6.938893903907228e-18,10,-0.05770429124361521,-0.12778269394400854,11.0,11.0,0.0,0.0,-0.13520456341867226,-0.33605368278049275,16.391723600748964,13.965613122008753,-2.4261104787402115,5.0,5.0,0.0,-0.03659736753671891,0.01879221916203866,-0.08494605865610227,9.504401366348233,9.702661896291998,0.19826052994376475
45,L1,5,6,0.1,0.0961098681739841,0.0,10,0.0961098681739841,0.2132513399175362,11.0,11.0,0.0,0.0,-0.023326905895768135,-0.01988362259368004,14.344337240938998,13.965613122008753,-0.37872411893024527,5.0,5.0,0.0,0.0611685318627572,0.1480995627218613,0.2804808862862883,7.138047821866465,9.702661896291998,2.564614074425533
46,L1,5,6,0.2,0.0438575074048916,8.326672684688674e-17,10,0.04385750740489169,0.09707420131223721,5.0,5.0,0.0,0.008547406724272705,-0.01112381352676528,0.0146027309303286,11.234791823965494,11.079387047046698,-0.15540477691879673,5.0,5.0,0.0,0.027863461642065004,0.10404953931120231,0.15599402392838352,5.350169474438757,7.109322115571741,1.7591526411329843
47,L1,5,6,0.3,0.2635237490803609,0.0,10,0.2635237490803609,0.5969943053125426,5.0,5.0,0.0,-0.006639687961666252,-0.048560967774259,0.2803656590099859,10.552329704028839,10.10052421890796,-0.4518054851208788,1.0,3.0,6.666666666666666,-0.049576425109540495,0.07049281893422288,0.43764914945918176,4.561384959611501,6.100302979922432,1.5389180203109314
48,L1,5,6,0.4,0.1545247888110908,2.7755575615628914e-17,10,0.15452478881109083,0.3445659317632863,3.0,3.0,0.0,0.0018656526299830056,-0.010866093683686184,0.022217184370459386,10.082150398373841,9.938665847963904,-0.14348455040993713,0.0,1.0,3.3333333333333335,0.03726546746521997,0.10616164431376637,0.14561936833312528,2.782248738228049,4.563176962582807,1.7809282243547577
49,L1,5,6,0.5,0.0627696973491775,6.938893903907228e-17,10,0.06276969734917758,0.1390280992388645,3.0,3.0,0.0,0.0018656526299830056,-0.003737946161493144,0.024403239493441475,8.52737768988709,8.495552810482877,-0.03182487940421197,0.0,0.0,0.0,0.08466925925520316,0.08466925925520316,0.1390280992388645,2.782248738228049,4.226507072222679,1.4442583339946302
50,L1,5,6,0.6000000000000001,0.1398213525458865,0.0,10,0.1398213525458865,0.3113215013711868,5.0,5.0,0.0,0.004529740223783135,-0.017096768088071146,0.013698043741732335,10.518759430990908,10.270760509347248,-0.24799892164366,1.0,3.0,6.666666666666666,-0.037383064900595425,0.09422989118139413,0.1451571385984221,4.293055110205572,5.890200252127663,1.5971451419220912
51,L1,5,6,0.7000000000000001,0.0524735440645343,0.0,10,0.0524735440645343,0.11617713860529899,11.0,11.0,0.0,0.0,-0.037000530829136125,-0.036196064500313874,14.319725723435244,13.714131295912493,-0.6055944275227514,5.0,5.0,0.0,0.03330507022069212,0.10576817618450973,0.17221725177930325,6.690831406189916,8.49266237206432,1.8018309658744043
52,L1,5,6,0.8,0.0524735440645343,0.0,10,0.0524735440645343,0.11617713860529899,11.0,11.0,0.0,0.0,-0.037000530829136125,-0.036196064500313874,14.319725723435244,13.714131295912493,-0.6055944275227514,5.0,5.0,0.0,0.03330507022069212,0.10576817618450973,0.17221725177930325,6.690831406189916,8.49266237206432,1.8018309658744043
53,L1,5,6,0.9,0.1838178582588432,0.0,10,0.1838178582588432,0.411276123100661,11.0,11.0,0.0,0.0,0.05116008357873325,0.21294882627232137,14.319725723435244,15.327490418793518,1.007764695358274,5.0,5.0,0.0,0.11793726785097924,0.21764583370741408,0.48838731196611695,6.690831406189916,10.540048731874284,3.8492173256843687
54,L1,5,6,1.0,0.1838178582588432,0.0,10,0.1838178582588432,0.411276123100661,11.0,11.0,0.0,0.0,0.05116008357873325,0.21294882627232137,14.319725723435244,15.327490418793518,1.007764695358274,5.0,5.0,0.0,0.11793726785097924,0.21764583370741408,0.48838731196611695,6.690831406189916,10.540048731874284,3.8492173256843687
55,L1,6,7,0.0,0.1838178582588432,0.0,10,0.1838178582588432,0.411276123100661,11.0,11.0,0.0,0.0,0.05116008357873325,0.21294882627232137,14.319725723435244,15.327490418793518,1.007764695358274,5.0,5.0,0.0,0.11793726785097924,0.21764583370741408,0.48838731196611695,6.690831406189916,10.540048731874284,3.8492173256843687
56,L1,6,7,0.1,0.3460418602265246,5.551115123125783e-17,10,0.34604186022652467,0.798392355943564,11.0,11.0,0.0,0.0,0.003701404700066191,0.20630692840745413,13.64704629966904,13.919666999979524,0.272620700310485,1.0,3.0,6.666666666666666,0.008554613467471328,0.1364192856954251,0.45932389619733255,5.935507580384237,8.507997924305407,2.57249034392117
57,L1,6,7,0.2,0.0746064762789061,0.0,10,0.0746064762789061,0.16533524901362517,11.0,11.0,0.0,0.0,-0.020045288487712587,-0.023083547626134848,12.638027164019732,12.306307877098499,-0.3317192869212331,0.0,0.0,0.0,0.09686934876593978,0.09686934876593978,0.16533524901362517,4.80252184167572,6.460611564495441,1.658089722819721
58,L1,6,7,0.3,0.0746064762789061,0.0,10,0.0746064762789061,0.16533524901362517,11.0,11.0,0.0,0.0,-0.020045288487712587,-0.023083547626134848,12.638027164019732,12.306307877098499,-0.3317192869212331,0.0,0.0,0.0,0.09686934876593978,0.09686934876593978,0.16533524901362517,4.80252184167572,6.460611564495441,1.658089722819721
59,L1,6,7,0.4,0.0184647889383208,4.163336342344337e-17,10,0.01846478893832084,0.0408483866557206,5.0,5.0,0.0,-0.011339877685358213,-0.031350277902528756,-0.05503183169672321,9.77130891825768,9.232705775898626,-0.5386031423590545,0.0,0.0,0.0,0.0528193253552805,0.0528193253552805,0.0408483866557206,3.0146434942480127,3.867271783775184,0.8526282895271713
60,L1,6,7,0.5,-0.0184602921393154,2.42861286636753e-17,10,-0.018460292139315423,-0.04083843643457044,5.0,5.0,0.0,-0.011339877685358213,-0.11458435935327616,-0.11940179324326894,9.77130891825768,7.888239840164439,-1.883069078093242,0.0,0.0,0.0,-0.052806459144119494,-0.052806459144119494,-0.04083843643457044,3.0146434942480127,2.161116483933547,-0.8535270103144659
61,L1,6,7,0.6000000000000001,0.0070207165148993,7.19910242530375e-17,10,0.007020716514899372,0.015529939679273214,7.0,7.0,0.0,-0.006917683471738725,-0.08003256225655919,-0.06395786496650946,11.725049325050648,10.43013791357017,-1.2949114114804772,0.0,0.0,0.0,-0.014016134888311077,-0.014016134888311077,0.015529939679273214,3.0007049948339457,2.8011164839335465,-0.1995885109003992
62,L1,6,7,0.7000000000000001,-0.037394883823617,2.7755575615628914e-17,10,-0.037394883823617026,-0.0827553239049233,5.0,5.0,0.0,-0.018010186372643424,-0.13204512474454666,-0.09543512323292708,9.2803152944173,7.154404681245706,-2.1259106131715937,0.0,0.0,0.0,-0.1120482881020754,-0.1120482881020754,-0.0827553239049233,3.957016210596459,2.1506443375391644,-1.8063718730572944
63,L1,6,7,0.8,-0.1014542715446066,0.0,10,-0.1014542715446066,-0.22518957489215136,5.0,5.0,0.0,-0.025352480062636688,-0.11821422530122538,-0.041582904110044505,9.7566410376532,7.8992860042604685,-1.8573550333927313,1.0,0.0,-3.3333333333333335,-0.031505041891309454,-0.10078538162091241,-0.025260217147701908,4.5500188680138605,2.9766108438479097,-1.5734080241659507
64,L1,6,7,0.9,-0.026156812315022,8.326672684688674e-17,10,-0.026156812315022083,-0.05787154627570315,5.0,5.0,0.0,0.020079154721899122,-0.06923965386219388,-0.07211154037744893,9.660252689169113,8.522415371786067,-1.1378373173830454,0.0,0.0,0.0,-0.04158954684280591,-0.04158954684280591,-0.05787154627570315,4.538755340587704,3.839519063423305,-0.699236277164399
65,L1,6,7,1.0,-0.0050823234949885,2.949029909160572e-17,10,-0.00508232349498853,-0.011242094719592366,11.0,11.0,0.0,0.0,-0.059211529402278806,-0.07553021043635733,16.49893813725591,15.511393742977454,-0.987544394278455,5.0,5.0,0.0,-0.00322282644037003,-0.011902782158581537,-0.017954830729512095,8.189358485901511,7.986724222424398,-0.20263426347711366
66,L1,7,8,0.0,-0.0050823234949885,2.949029909160572e-17,10,-0.00508232349498853,-0.011242094719592366,11.0,11.0,0.0,0.0,-0.059211529402278806,-0.07553021043635733,16.49893813725591,15.511393742977454,-0.987544394278455,5.0,5.0,0.0,-0.00322282644037003,-0.011902782158581537,-0.017954830729512095,8.189358485901511,7.986724222424398,-0.20263426347711366
67,L1,7,8,0.1,-0.0026711888164139,7.45931094670027e-17,10,-0.0026711888164139747,-0.005908630291342282,5.0,5.0,0.0,0.0,-0.04472391254693464,-0.034587713117981755,9.660252689169113,8.937834950136466,-0.7224177390326467,0.0,0.0,0.0,-0.0076402005394443084,-0.0076402005394443084,-0.005908630291342282,4.538755340587704,4.414791209806903,-0.12396413078080126
68,L1,7,8,0.2,-0.026156812315022,8.326672684688674e-17,10,-0.026156812315022083,-0.05787154627570315,5.0,5.0,0.0,0.020079154721899122,-0.06923965386219388,-0.07211154037744893,9.660252689169113,8.522415371786067,-1.1378373173830454,0.0,0.0,0.0,-0.04158954684280591,-0.04158954684280591,-0.05787154627570315,4.538755340587704,3.839519063423305,-0.699236277164399
69,L1,7,8,0.3,-0.0337873605984494,8.326672684688674e-17,10,-0.03378736059844948,-0.07476542494357996,5.0,5.0,0.0,0.0,-0.09485883957807162,-0.07336009179849645,7.010204333767192,5.477965660700828,-1.5322386730663649,0.0,0.0,0.0,-0.09667601657574101,-0.09667601657574101,-0.07476542494357996,4.538755340587704,2.9766108438479097,-1.5621444967397942
70,L1,7,8,0.4,-0.0906970622846562,4.163336342344337e-17,10,-0.09069706228465624,-0.2011729163469994,5.0,1.0,-13.333333333333334,0.2410409994423261,-0.12416466077233224,-0.11821562188625176,7.010204333767192,4.981378112024319,-2.0288262217428734,0.0,0.0,0.0,-0.20778525069274023,-0.20778525069274023,-0.2011729163469994,4.538755340587704,1.145966506308746,-3.392788834278958
71,L1,7,8,0.5,-0.0404805311504338,3.469446951953614e-17,10,-0.04048053115043383,-0.08959108353880223,1.0,1.0,0.0,-0.09953451368253233,-0.1210300651824931,-0.07971334381710787,5.566692287466087,3.6262416174718135,-1.9404506699942736,0.0,0.0,0.0,-0.13274237516588927,-0.13274237516588927,-0.08959108353880223,2.725928176340533,0.595322168769582,-2.130606007570951
72,L1,7,8,0.6000000000000001,-0.2749535469132425,5.551115123125783e-17,11,-0.27495354691324253,-0.6242531583107743,5.0,5.0,0.0,-0.0010553255645455797,-0.1477167440383682,-0.13828654740245722,9.860244661195404,7.449043301954996,-2.4112013592404082,5.0,1.0,-13.333333333333334,0.1768498818924306,-0.13036661654721243,-0.13448141125597826,6.361312997355361,4.219755658386882,-2.1415573389684788
73,L1,7,8,0.7000000000000001,-0.1004825392994632,4.163336342344337e-17,11,-0.10048253929946324,-0.22301798387985683,5.0,5.0,0.0,0.028934777728734564,-0.034156020284542676,-0.05316676553931016,7.1318472242181485,6.552144515096282,-0.5797027091218663,2.0,1.0,-3.3333333333333335,0.05610808865505662,-0.003139329458712814,-0.037677127398746874,4.809042332450279,4.72090410002234,-0.08813823242793895
74,L1,7,8,0.8,0.227167930950007,2.7755575615628914e-17,11,0.22716793095000704,0.5114125621334052,5.0,5.0,0.0,0.013544787141031439,-0.02585278766989063,0.15993701983161424,9.91896672908582,9.689604666756178,-0.22936206232964196,2.0,3.0,3.333333333333333,-0.029224987249581474,0.05023774075315196,0.3138952575276437,4.809042332450279,5.907706226800269,1.0986638943499907
75,L1,7,8,0.9,-0.3723468077259291,0.0,11,-0.3723468077259291,-0.8652046730402283,7.0,3.0,-13.333333333333336,0.13266597276815675,-0.21810702571408125,-0.339494951667591,11.810421392255819,8.10867357401359,-3.7017478182422288,5.0,1.0,-13.333333333333334,0.05348577299615548,-0.24290918196047923,-0.3597643235909561,8.539593548594233,4.441739720491522,-4.0978538281027115
76,L1,7,8,1.0,-0.0717361978031144,2.7755575615628914e-17,11,-0.07173619780311442,-0.15895207012985968,5.0,3.0,-6.666666666666668,0.11111957363145974,-0.17697918668364465,-0.1249212958923307,11.248424291211435,8.402208408475037,-2.8462158827363986,5.0,3.0,-6.666666666666668,0.10700131676968141,-0.1309483333209251,-0.03437848363684115,8.575315818705128,6.5327710962037076,-2.042544722501421
77,L1,8,9,0.0,-0.0717361978031144,2.7755575615628914e-17,11,-0.07173619780311442,-0.15895207012985968,5.0,3.0,-6.666666666666668,0.11111957363145974,-0.17697918668364465,-0.1249212958923307,11.248424291211435,8.402208408475037,-2.8462158827363986,5.0,3.0,-6.666666666666668,0.10700131676968141,-0.1309483333209251,-0.03437848363684115,8.575315818705128,6.5327710962037076,-2.042544722501421
78,L1,8,9,0.1,-0.0717361978031144,2.7755575615628914e-17,11,-0.07173619780311442,-0.15895207012985968,5.0,3.0,-6.666666666666668,0.11111957363145974,-0.17697918668364465,-0.1249212958923307,11.248424291211435,8.402208408475037,-2.8462158827363986,5.0,3.0,-6.666666666666668,0.10700131676968141,-0.1309483333209251,-0.03437848363684115,8.575315818705128,6.5327710962037076,-2.042544722501421
79,L1,8,9,0.2,-0.2724034064855984,5.551115123125783e-17,11,-0.27240340648559846,-0.6181555867611664,5.0,3.0,-6.666666666666668,0.06514571798369151,-0.14638210744162122,-0.32489057210948813,9.937124497516573,7.35118646809836,-2.5859380294182124,5.0,3.0,-6.666666666666668,0.039964908754297396,-0.10406127802199261,-0.25424796217475415,7.078729765878929,5.218718583997548,-1.8600111818813811
80,L1,8,9,0.3,-0.4539640305205533,5.551115123125783e-17,11,-0.45396403052055334,-1.0831668652918949,5.0,0.0,-16.666666666666668,0.21250475425424326,-0.19393395771264083,-0.3394737391341003,9.937124497516573,6.6063051450835975,-3.3308193524329752,5.0,0.0,-16.666666666666668,0.11201045560050424,-0.22919663611145627,-0.34704147472049013,7.078729765878929,3.2064175517219407,-3.8723122141569886
81,L1,8,9,0.4,-0.2724034064855984,5.551115123125783e-17,11,-0.27240340648559846,-0.6181555867611664,5.0,3.0,-6.666666666666668,0.06514571798369151,-0.14638210744162122,-0.32489057210948813,9.937124497516573,7.35118646809836,-2.5859380294182124,5.0,3.0,-6.666666666666668,0.039964908754297396,-0.10406127802199261,-0.25424796217475415,7.078729765878929,5.218718583997548,-1.8600111818813811
82,L1,8,9,0.5,-0.2069197140818151,5.551115123125783e-17,10,-0.20691971408181514,-0.46440768083110884,5.0,3.0,-6.666666666666668,0.0448494536752187,-0.1480028461156726,-0.08781767502633947,8.740034005890053,6.3772405647333965,-2.362793441156656,5.0,2.0,-10.0,0.04320412500513235,-0.1378080905629011,-0.10932965117765131,7.078729765878929,4.852520567380736,-2.226209198498193
83,L1,8,9,0.6000000000000001,-0.4924144745529008,0.0,10,-0.4924144745529008,-1.1927939794834337,5.0,2.0,-10.0,0.06928292573897422,-0.2079969226779586,-0.34409940235999437,9.270043676970436,5.718606143602916,-3.5514375333675208,5.0,0.0,-16.666666666666668,0.10330569315005741,-0.2379013985619031,-0.456668588912029,7.078729765878929,2.9549515377262257,-4.123778228152704
84,L1,8,9,0.7000000000000001,-0.0477104669230897,2.7755575615628914e-17,10,-0.04771046692308973,-0.10561478390445012,5.0,3.0,-6.666666666666668,0.15893455228585882,-0.03333624240808358,0.14132061360312564,7.6461453279960825,7.282483293284976,-0.3636620347111066,2.0,0.0,-6.666666666666667,0.14441312759795683,0.005336970356634496,0.27827629270732473,4.891660577757742,5.267330305490731,0.3756697277329888
85,L1,8,9,0.8,-0.1923932229472049,5.551115123125783e-17,10,-0.19239322294720496,-0.43094059825107167,5.0,2.0,-10.0,0.1504627579195506,-0.11474303419621329,-0.08873774504635779,7.6461453279960825,5.79272064725545,-1.8534246807406323,2.0,0.0,-6.666666666666667,0.008470640351465414,-0.13060551688985692,-0.04704952163929679,4.891660577757742,2.8427282409395165,-2.0489323368182255
86,L1,8,9,0.9,-0.1582960107037651,8.326672684688674e-17,10,-0.15829601070376517,-0.3531170056098545,7.0,6.0,-3.3333333333333357,0.059725355009396186,-0.14396242904158862,-0.17131274734289126,11.973396180164563,9.585249985111965,-2.388146195052599,5.0,1.0,-13.333333333333334,0.17792589891600366,-0.10149577890512451,0.1689191929977112,7.382665184660705,6.002883711917313,-1.3797814727433915
87,L1,8,9,1.0,-0.3388520281849866,0.0,10,-0.3388520281849866,-0.7803756555855952,5.0,5.0,0.0,-0.022092019975995747,-0.1439624290415883,-0.1713127473428906,11.044356345208673,8.656210150156074,-2.388146195052599,5.0,0.0,-16.666666666666668,0.25359525857799403,-0.08371940561882063,-0.041240014824537985,6.786705735518136,5.458437118343895,-1.328268617174241
88,L1,9,1,0.0,-0.3388520281849866,0.0,10,-0.3388520281849866,-0.7803756555855952,5.0,5.0,0.0,-0.022092019975995747,-0.1439624290415883,-0.1713127473428906,11.044356345208673,8.656210150156074,-2.388146195052599,5.0,0.0,-16.666666666666668,0.25359525857799403,-0.08371940561882063,-0.041240014824537985,6.786705735518136,5.458437118343895,-1.328268617174241
89,L1,9,1,0.1,-0.0944184978327115,1.3877787807814457e-17,10,-0.09441849783271151,-0.20947579757134516,5.0,0.0,-16.666666666666668,0.33370641223541453,-0.033336242408083416,0.14132061360312587,5.788065658084302,5.424403623373195,-0.3636620347111075,2.0,0.0,-6.666666666666667,0.059358245442086344,-0.07971791179923599,0.1744152790404297,4.891660577757742,3.858437118343894,-1.0332234594138479
90,L1,9,1,0.2,-0.2370350733285724,0.0,10,-0.2370350733285724,-0.5344814606354534,5.0,0.0,-16.666666666666668,0.2522996204472847,-0.11474303419621323,-0.08873774504635787,5.788065658084302,3.9346409773436686,-1.8534246807406336,2.0,0.0,-6.666666666666667,-0.05564591479941938,-0.1947220720407417,-0.1505903840236786,4.891660577757742,1.7538350537926795,-3.1378255239650628
91,L1,9,1,0.3,0.0379430686904144,9.020562075079397e-17,10,0.03794306869041449,0.08396962092607368,0.0,0.0,0.0,0.07685767146528036,0.07685767146528036,0.059438697112367746,0.0,1.2414688716912716,1.2414688716912716,0.0,0.0,0.0,0.10857757406760904,0.10857757406760904,0.08396962092607368,0.0,1.7538350537926795,1.7538350537926795
92,L1,9,1,0.4,0.0,0.0,10,0.0,0.0,0.0,0.0,0.0,0.0,0.0,0.0,0.0,0.0,0.0,0.0,0.0,0.0,0.0,0.0,0.0,0.0,0.0,0.0
93,L1,9,1,0.5,0.0,0.0,10,0.0,0.0,0.0,0.0,0.0,0.0,0.0,0.0,0.0,0.0,0.0,0.0,0.0,0.0,0.0,0.0,0.0,0.0,0.0,0.0
94,L1,9,1,0.6000000000000001,0.0,0.0,9,0.0,0.0,0.0,0.0,0.0,0.0,0.0,0.0,0.0,0.0,0.0,0.0,0.0,0.0,0.0,0.0,0.0,0.0,0.0,0.0
95,L1,9,1,0.7000000000000001,0.0,0.0,9,0.0,0.0,0.0,0.0,0.0,0.0,0.0,0.0,0.0,0.0,0.0,0.0,0.0,0.0,0.0,0.0,0.0,0.0,0.0,0.0
96,L1,9,1,0.8,-0.0093156115365683,6.071532165918825e-17,9,-0.00931561153656836,-0.020606542503286515,0.0,0.0,0.0,-0.048424129928398535,-0.048424129928398535,-0.05826653532906895,2.621073547457443,1.81710897761465,-0.8039645698427929,0.0,0.0,0.0,-0.0449225443193433,-0.0449225443193433,-0.020606542503286515,0.7108391567007971,0.0,-0.7108391567007971
97,L1,9,1,0.9,0.0083903147119998,7.112366251504909e-17,9,0.008390314711999872,0.01855964386159875,0.0,0.0,0.0,-0.0016873818157586706,-0.0016873818157586706,-0.0013049546616192564,4.0524772667743445,4.025221275810993,-0.02725599096335163,0.0,0.0,0.0,0.023998692429793467,0.023998692429793467,0.01855964386159875,1.7770978917519928,2.1647446815241826,0.3876467897721898
98,L1,9,1,1.0,0.0085401737463383,7.45931094670027e-17,9,0.008540173746338375,0.018891152805045608,2.0,2.0,0.0,-0.014308601621073003,-0.01669181200661013,-0.04370798402017717,7.052725189017458,6.750884742232968,-0.3018404467844906,0.0,0.0,0.0,0.026860767422727555,0.026860767422727555,0.018891152805045608,2.373057340894562,2.8047446815241823,0.4316873406296202
99,L5,1,2,0.0,0.0085401737463383,7.45931094670027e-17,9,0.008540173746338375,0.018891152805045608,2.0,2.0,0.0,-0.014308601621073003,-0.01669181200661013,-0.04370798402017717,7.052725189017458,6.750884742232968,-0.3018404467844906,0.0,0.0,0.0,0.026860767422727555,0.026860767422727555,0.018891152805045608,2.373057340894562,2.8047446815241823,0.4316873406296202
100,L5,1,2,0.1,0.0083903147119998,7.112366251504909e-17,9,0.008390314711999872,0.01855964386159875,0.0,0.0,0.0,-0.0016873818157586706,-0.0016873818157586706,-0.0013049546616192564,4.0524772667743445,4.025221275810993,-0.02725599096335163,0.0,0.0,0.0,0.023998692429793467,0.023998692429793467,0.01855964386159875,1.7770978917519928,2.1647446815241826,0.3876467897721898
101,L5,1,2,0.2,0.1329618468197521,2.7755575615628914e-17,9,0.13296184681975212,0.2958607351677487,0.0,0.0,0.0,-0.03986561221470952,-0.03986561221470952,0.22335912629838633,4.0524772667743445,3.6744542650524554,-0.3780230017218891,0.0,0.0,0.0,-0.02312439421818467,-0.02312439421818467,0.2958607351677487,1.7770978917519928,1.7317957452193462,-0.04530214653264664
102,L5,1,2,0.3,-0.3516823167814831,5.551115123125783e-17,10,-0.35168231678148315,-0.8125978702334395,5.0,5.0,0.0,0.0,-0.08704765344191151,-0.0673192279786084,8.095797518072906,6.689731603745529,-1.4060659143273773,5.0,0.0,-16.666666666666668,0.24232375470191964,-0.08471565020814459,-0.0655157484919888,5.1336954182096965,3.7647446815241823,-1.3689507366855143
103,L5,1,2,0.4,-0.3535815149525713,0.0,10,-0.3535815149525713,-0.8173954344660315,5.0,3.0,-6.666666666666668,0.10191473889330285,-0.08773253916821988,-0.06836751501002908,7.041598785079079,5.623927472571715,-1.4176713125073634,5.0,0.0,-16.666666666666668,0.2007305446655957,-0.12630886024446852,-0.07031331272458075,5.1336954182096965,3.1247446815241826,-2.008950736685514
104,L5,1,2,0.5,0.0,0.0,10,0.0,0.0,5.0,5.0,0.0,0.0,-0.00182352387685214,-0.0014102415715576133,8.095797518072906,8.06634244759344,-0.029455070479466272,5.0,5.0,0.0,0.0,0.034809656854195126,0.02692041810395779,5.1336954182096965,5.695416601038009,0.5617211828283128
105,L5,1,2,0.6000000000000001,0.263357703455753,0.0,10,0.263357703455753,0.5965996244582608,5.0,5.0,0.0,0.0,0.053898927624108584,-0.005478965432863636,6.5435268531678235,7.364808426076368,0.8212815729085445,0.0,3.0,10.0,-0.13549736465203555,0.09499095703472601,0.015250245933398188,3.3565975264577035,4.8295187284283365,1.472921201970633
106,L5,1,2,0.7000000000000001,0.0935671792728257,4.163336342344337e-17,10,0.09356717927282575,0.20757591300217687,5.0,5.0,0.0,0.0014384311172791764,0.010437121215793987,-0.005334974438170104,9.706123052149307,9.860686798080739,0.15456374593143174,0.0,1.0,3.3333333333333335,-0.04052002251240985,0.03899815277686228,0.008791762090592098,3.3565975264577035,3.9636208558186627,0.6070233293609593
107,L5,1,2,0.8,0.2676694063134118,0.0,11,0.2676694063134118,0.606860404467687,5.0,5.0,0.0,-0.00010902596727116465,0.05375472746542875,-0.005886479979184234,11.395511154726101,12.214153832215304,0.818642677489203,0.0,3.0,10.0,-0.15113337785929498,0.09918585720919187,0.027105176310063595,5.5966362107792405,7.146325031844929,1.549688821065689
108,L5,1,2,0.9,0.2676694063134118,0.0,11,0.2676694063134118,0.606860404467687,5.0,5.0,0.0,-0.00010902596727116465,0.05375472746542875,-0.005886479979184234,11.395511154726101,12.214153832215304,0.818642677489203,0.0,3.0,10.0,-0.15113337785929498,0.09918585720919187,0.027105176310063595,5.5966362107792405,7.146325031844929,1.549688821065689
109,L5,1,2,1.0,0.1057220798681692,2.7755575615628914e-17,11,0.10572207986816923,0.23473229491460135,7.0,7.0,0.0,-8.503336896190095e-05,0.013791900091889464,-0.00285150849111393,10.395428513978397,10.604065321890905,0.20863680791250871,0.0,1.0,3.3333333333333335,-0.04581637864647892,0.04502266858384962,0.03612124243968862,6.1925956599218095,6.920427159235258,0.7278314993134485
110,L5,2,3,0.0,0.1057220798681692,2.7755575615628914e-17,11,0.10572207986816923,0.23473229491460135,7.0,7.0,0.0,-8.503336896190095e-05,0.013791900091889464,-0.00285150849111393,10.395428513978397,10.604065321890905,0.20863680791250871,0.0,1.0,3.3333333333333335,-0.04581637864647892,0.04502266858384962,0.03612124243968862,6.1925956599218095,6.920427159235258,0.7278314993134485
111,L5,2,3,0.1,-0.1831431274170801,2.7755575615628914e-17,11,-0.18314312741708014,-0.40973163662851475,5.0,2.0,-10.0,0.09877503281688388,-0.09054879348246231,-0.25561451077522335,8.895304552856837,7.238533565303891,-1.656770987552946,0.0,0.0,0.0,-0.16955377300313537,-0.16955377300313537,-0.40973163662851475,5.5966362107792405,2.570671919513827,-3.0259642912654137
112,L5,2,3,0.2,0.0015345474750046,1.452830911130576e-17,11,0.0015345474750046145,0.0033943909881736928,2.0,2.0,0.0,0.0016202079071083175,0.0017663587885034526,0.005271245111208134,7.205916450280043,7.238533565303891,0.03261711502384834,0.0,0.0,0.0,0.006822558539292728,0.006822558539292728,0.0033943909881736928,2.46265835274385,2.570671919513827,0.10801356676997687
113,L5,2,3,0.3,-0.0402087365763197,6.245004513516506e-17,11,-0.040208736576319765,-0.08898889920391431,0.0,0.0,0.0,-0.06743539139673965,-0.06743539139673965,-0.06574019824914937,4.043320251298563,2.939832496704118,-1.103487754594445,0.0,0.0,0.0,-0.09042550177212305,-0.09042550177212305,-0.08898889920391431,1.8666989036012807,0.38613438390276533,-1.4805645196985153
114,L5,2,3,0.4,-0.1687562852522589,2.7755575615628914e-17,11,-0.16875628525225891,-0.3768908972108657,3.0,0.0,-10.0,0.07356548487160888,-0.1505000316658635,-0.08599128777989834,6.157243965082114,3.758044921995131,-2.399199043086983,1.0,0.0,-3.3333333333333335,-0.16639493441799888,-0.23934414385204206,-0.17800630547405014,3.8541726713757285,0.0,-3.8541726713757285
115,L5,2,3,0.5,-0.0136447428249767,5.0306980803327406e-17,11,-0.01364474282497675,-0.03018377152186843,1.0,0.0,-3.3333333333333335,-0.011489657875508597,-0.09576499562133123,-0.13211983531770805,4.131464057043806,2.5238502565879397,-1.6076138004558667,0.0,0.0,0.0,-0.12622098511892113,-0.12622098511892113,-0.03018377152186843,1.9667864650154758,0.0,-1.9667864650154758
116,L5,2,3,0.6000000000000001,-0.0051822144607126,8.673617379884035e-18,11,-0.005182214460712609,-0.011463057358335221,0.0,0.0,0.0,-0.010020994503908032,-0.010020994503908032,-0.003749848059369648,3.279949117567991,3.1222662788366216,-0.15768283873136957,0.0,0.0,0.0,-0.024036958704490408,-0.024036958704490408,-0.011463057358335221,2.531714960019586,2.150905086035562,-0.380809873984024
117,L5,2,3,0.7000000000000001,-0.0030885315192881,6.808789643208968e-17,11,-0.0030885315192881683,-0.006831791672971918,1.0,1.0,0.0,-0.006784176273026882,-0.008318348191516944,-0.11244167419709172,4.209829502625479,3.9645641844838275,-0.24526531814165153,0.0,0.0,0.0,-0.014186659118812506,-0.014186659118812506,-0.006831791672971918,2.829694684590871,2.604759980623162,-0.2249347039677092
118,L5,2,3,0.8,0.146062542353074,5.551115123125783e-17,11,0.14606254235307406,0.3254148999271411,4.0,4.0,0.0,0.0237976381638398,0.02919530798336817,-0.04088971672542874,5.9240958898903875,6.329285706307901,0.40518981641751317,1.0,2.0,3.3333333333333335,-0.060329003514827645,0.018189247748864268,0.12710478057748287,4.452656921011787,4.86427629608168,0.4116193750698933
119,L5,2,3,0.9,0.1705957318267182,0.0,11,0.1705957318267182,0.3810803311507234,5.0,5.0,0.0,0.0,0.012192972517794998,0.015092101864793317,7.422986008735854,7.625860856358767,0.20287484762291363,2.0,5.0,10.0,-0.1681396501240724,0.03516707796219526,0.027196833516693053,4.7506366455830715,5.318131190669279,0.5674945450862072
120,L5,2,3,1.0,0.2814946814027954,5.551115123125783e-17,11,0.28149468140279543,0.6399360860493915,5.0,5.0,0.0,0.0706996527022018,0.17528035854712998,0.2613473994171077,9.13001521009979,12.09288625914713,2.96287104904734,2.0,5.0,10.0,-0.09389747691023707,0.2502053696319105,0.3949392727842185,4.7506366455830715,9.002344018574917,4.251707372991845
121,L5,3,4,0.0,0.2814946814027954,5.551115123125783e-17,11,0.28149468140279543,0.6399360860493915,5.0,5.0,0.0,0.0706996527022018,0.17528035854712998,0.2613473994171077,9.13001521009979,12.09288625914713,2.96287104904734,2.0,5.0,10.0,-0.09389747691023707,0.2502053696319105,0.3949392727842185,4.7506366455830715,9.002344018574917,4.251707372991845
122,L5,3,4,0.1,0.1706095972874514,0.0,11,0.1706095972874514,0.38111192069473754,5.0,5.0,0.0,0.0,0.01625429638643139,0.04199589549057603,10.391102497435124,10.684438705664693,0.29333620822956874,2.0,5.0,10.0,-0.16811477313163972,0.10551291113254763,0.11221218873874117,5.470636645583071,7.206440755183477,1.735804109600406
123,L5,3,4,0.2,0.2290248065801343,8.326672684688674e-17,11,0.22902480658013438,0.5157453621241997,5.0,5.0,0.0,-0.03043414455922333,-0.09799989042972557,-0.012897489929104222,9.58698741559562,8.06980584984996,-1.5171815657456609,3.0,5.0,6.666666666666668,-0.14659852042941524,-0.0270109753525154,0.10868979814227825,5.821613582876009,5.520315195690793,-0.3012983871852155
124,L5,3,4,0.3,-0.231160686523671,0.0,11,-0.231160686523671,-0.5207339999800986,5.0,0.0,-16.666666666666668,0.22618742254023724,-0.1379580492188678,-0.10669132365580067,5.741267956592722,3.512855093709584,-2.228412862883138,2.0,0.0,-6.666666666666667,-0.04170711744100189,-0.17626981898104258,-0.13632013799948484,4.728078988815415,1.8883095645141954,-2.83976942430122
125,L5,3,4,0.4,-0.0770666901772534,4.163336342344337e-17,11,-0.07706669017725344,-0.17080867447238934,5.0,0.0,-16.666666666666668,0.3075942143283672,-0.056551257430737856,0.12336703499368346,5.741267956592722,5.002617739739111,-0.7386502168536113,2.0,0.0,-6.666666666666667,0.08211493485139637,-0.052447766688644315,0.21360518750822444,4.728078988815415,4.154281041931229,-0.5737979468841861
126,L5,3,4,0.5,-0.0001166100014349,5.85198122599051e-17,10,-0.00011661000143495853,-0.0002579389921432418,2.0,0.0,-6.666666666666667,0.06434861262034636,-0.06577098158651781,-0.05086468765932084,4.575242552808283,3.512855093709584,-1.0623874590986988,0.0,0.0,0.0,-0.033262648636728676,-0.033262648636728676,-0.0002579389921432418,2.395959449142569,1.8883095645141954,-0.5076498846283735
127,L5,3,4,0.6000000000000001,-0.0001166100014349,5.85198122599051e-17,10,-0.00011661000143495853,-0.0002579389921432418,2.0,0.0,-6.666666666666667,0.06434861262034636,-0.06577098158651781,-0.05086468765932084,4.575242552808283,3.512855093709584,-1.0623874590986988,0.0,0.0,0.0,-0.033262648636728676,-0.033262648636728676,-0.0002579389921432418,2.395959449142569,1.8883095645141954,-0.5076498846283735
128,L5,3,4,0.7000000000000001,0.0238454686981122,3.469446951953614e-18,10,0.023845468698112205,0.05275570044335154,5.0,5.0,0.0,-0.024230009325160076,-0.10933929574897205,-0.15034103047340508,9.242763060928269,7.407806135540821,-1.8349569253874476,0.0,0.0,0.0,0.05284629559880066,0.05284629559880066,0.05275570044335154,5.4498986228564235,6.3153975258647765,0.8654989030083531
129,L5,3,4,0.8,-0.3308087607989208,5.551115123125783e-17,10,-0.33080876079892085,-0.7603374333944294,5.0,5.0,0.0,-0.05267104690677396,-0.2525818263771683,-0.33833405581090426,14.362976763497784,10.133469601962798,-4.229507161534986,5.0,0.0,-16.666666666666668,0.2945296458295516,-0.06923518078752361,-0.041657306867641575,7.421859909924564,6.3153975258647765,-1.1064623840597871
130,L5,3,4,0.9,0.006904289345431,5.898059818321144e-17,10,0.006904289345431059,0.015272392623695508,5.0,5.0,0.0,-0.05267104690677396,-0.15158168671710737,-0.26022452432095866,14.362976763497784,11.764907648860692,-2.5980691146370916,5.0,5.0,0.0,0.004378211710810376,0.03487651973953948,0.03885858329014347,7.421859909924564,7.997096085280293,0.5752361753557294
131,L5,3,4,1.0,0.006904289345431,5.898059818321144e-17,10,0.006904289345431059,0.015272392623695508,5.0,5.0,0.0,-0.05267104690677396,-0.15158168671710737,-0.26022452432095866,14.362976763497784,11.764907648860692,-2.5980691146370916,5.0,5.0,0.0,0.004378211710810376,0.03487651973953948,0.03885858329014347,7.421859909924564,7.997096085280293,0.5752361753557294
132,L5,4,5,0.0,0.006904289345431,5.898059818321144e-17,10,0.006904289345431059,0.015272392623695508,5.0,5.0,0.0,-0.05267104690677396,-0.15158168671710737,-0.26022452432095866,14.362976763497784,11.764907648860692,-2.5980691146370916,5.0,5.0,0.0,0.004378211710810376,0.03487651973953948,0.03885858329014347,7.421859909924564,7.997096085280293,0.5752361753557294
133,L5,4,5,0.1,0.006904289345431,5.898059818321144e-17,10,0.006904289345431059,0.015272392623695508,5.0,5.0,0.0,-0.024230009325160076,-0.11396494058831075,-0.15391832207375045,10.948918360769909,9.039244182438715,-1.9096741783311941,5.0,5.0,0.0,0.004378211710810376,0.03487651973953948,0.03885858329014347,7.421859909924564,7.997096085280293,0.5752361753557294
134,L5,4,5,0.2,0.0438422342352882,4.163336342344337e-17,10,0.04384223423528824,0.09704035228124219,5.0,5.0,0.0,-0.009226438870878956,-0.08091411058183506,-0.0721984270622259,10.844211649525386,9.527153122563917,-1.3170585269614694,5.0,5.0,0.0,0.027819033811356614,0.06587987014390662,0.12647510459007033,5.261859909924562,6.404464388583513,1.142604478658951
135,L5,4,5,0.3,-0.1529658183581899,2.7755575615628914e-17,10,-0.15296581835818993,-0.3410340338615445,5.0,5.0,0.0,-0.08458776979957865,-0.18058867573573628,-0.3538821337250299,9.78205259236185,6.640927047601862,-3.141125544759989,5.0,5.0,0.0,-0.09776589939947608,-0.10022154358397195,-0.3429331323915326,7.628213454406329,5.731124607863257,-1.8970888465430722
136,L5,4,5,0.4,0.1108742882175007,8.326672684688674e-17,10,0.11087428821750078,0.24626415484055597,3.0,5.0,6.666666666666668,-0.2367402271371492,-0.11743823063470282,-0.28954274677484754,7.382945837450557,5.278095314390874,-2.1048505230596835,1.0,5.0,13.333333333333334,-0.30183479200120333,-0.01900012691929409,-0.27342987816615966,6.3122540052637595,5.731124607863257,-0.5811293974005025
137,L5,4,5,0.5,-0.1599827937974904,2.7755575615628914e-17,10,-0.15998279379749042,-0.35694508451510754,2.0,0.0,-6.666666666666667,0.006592795545415975,-0.12802446962060027,-0.32865736893957465,6.344829507129525,4.036626442699602,-2.3082030644299225,0.0,0.0,0.0,-0.15126892630708658,-0.15126892630708658,-0.35694508451510754,4.934274280692474,2.242815043349062,-2.691459237343412
138,L5,4,5,0.6000000000000001,-0.1599827937974904,2.7755575615628914e-17,10,-0.15998279379749042,-0.35694508451510754,2.0,0.0,-6.666666666666667,0.006592795545415975,-0.12802446962060027,-0.32865736893957465,6.344829507129525,4.036626442699602,-2.3082030644299225,0.0,0.0,0.0,-0.15126892630708658,-0.15126892630708658,-0.35694508451510754,4.934274280692474,2.242815043349062,-2.691459237343412
139,L5,4,5,0.7000000000000001,-0.1437970763159281,0.0,10,-0.1437970763159281,-0.32029621581889767,5.0,5.0,0.0,-0.08458776979957865,-0.1173512181230622,-0.32040309645289283,8.733761378597897,6.59796152703283,-2.135799851565068,0.0,0.0,0.0,-0.0709507018352466,-0.0709507018352466,-0.32029621581889767,5.828213454406328,4.403931527282608,-1.4242819271237206
140,L5,4,5,0.8,-0.0547680456514073,0.0,10,-0.0547680456514073,-0.12126716728205156,5.0,5.0,0.0,-0.08458776979957865,-0.09901991826502332,-0.32012280714619257,8.733761378597897,6.879526210795628,-1.854235167802269,0.0,1.0,3.3333333333333335,-0.1344522411135462,-0.044491323348918976,-0.3198916465352639,5.828213454406328,4.810341688796383,-1.0178717656099456
141,L5,4,5,0.9,-0.0378023306600515,6.938893903907228e-17,10,-0.03780233066005157,-0.08365786405136788,7.0,5.0,-6.666666666666668,-0.0029232959193514207,-0.11962628603848846,-0.5678569040195975,12.945838471892358,10.516257679521104,-2.4295807923712545,4.0,3.0,-3.333333333333334,-0.016841464049957594,-0.05349474704481255,-0.7837802724257945,7.934820555160255,6.29650179254419,-1.6383187626160645
142,L5,4,5,1.0,-0.1098452295913809,2.7755575615628914e-17,10,-0.10984522959138093,-0.2439598325493073,5.0,5.0,0.0,-0.07604036307530596,-0.12300147104966941,-0.3015673292564852,13.28217818377546,11.079387047046698,-2.202791136728763,5.0,5.0,0.0,-0.06990243775741106,-0.025257804248620397,-0.20943292101400734,7.716523018920524,7.109322115571741,-0.6072009033487831
143,L5,5,6,0.0,-0.1098452295913809,2.7755575615628914e-17,10,-0.10984522959138093,-0.2439598325493073,5.0,5.0,0.0,-0.07604036307530596,-0.12300147104966941,-0.3015673292564852,13.28217818377546,11.079387047046698,-2.202791136728763,5.0,5.0,0.0,-0.06990243775741106,-0.025257804248620397,-0.20943292101400734,7.716523018920524,7.109322115571741,-0.6072009033487831
144,L5,5,6,0.1,0.0438575074048916,8.326672684688674e-17,10,0.04385750740489169,0.09707420131223721,5.0,5.0,0.0,0.008547406724272705,-0.01112381352676528,0.0146027309303286,11.234791823965494,11.079387047046698,-0.15540477691879673,5.0,5.0,0.0,0.027863461642065004,0.10404953931120231,0.15599402392838352,5.350169474438757,7.109322115571741,1.7591526411329843
145,L5,5,6,0.2,0.0438422342352882,4.163336342344337e-17,10,0.04384223423528824,0.09704035228124219,5.0,5.0,0.0,0.008547406724272705,0.0003973537315916653,0.023512748082744506,8.643503976487576,8.674198651244986,0.0306946747574095,5.0,5.0,0.0,0.027819033811356614,0.06931157095830554,0.12912904688884896,5.350169474438757,6.5482056316381945,1.1980361571994376
146,L5,5,6,0.3,-0.0438565557728304,4.163336342344337e-17,10,-0.043856555772830444,-0.09707209226452529,3.0,2.0,-3.333333333333333,0.03463830670974921,-0.060327686578871276,0.00704833886007894,7.961041856550921,7.0427606043470945,-0.9182812522038262,1.0,0.0,-3.3333333333333335,0.06340103597487837,-0.010863307089340968,0.10179239081135166,3.9654255104689318,3.906507072222679,-0.05891843824625287
147,L5,5,6,0.4,0.0623336492455108,5.551115123125783e-17,10,0.06233364924551085,0.13805978078787123,2.0,2.0,0.0,0.006593757623024221,0.005022998570930859,0.027090039683090095,6.937348676645938,7.0427606043470945,0.10541192770115693,0.0,0.0,0.0,0.08329294093245682,0.08329294093245682,0.13805978078787123,2.4842690136567644,3.906507072222679,1.4222380585659145
148,L5,5,6,0.5,0.0623336492455108,5.551115123125783e-17,10,0.06233364924551085,0.13805978078787123,2.0,2.0,0.0,0.006593757623024221,0.005022998570930859,0.027090039683090095,6.937348676645938,7.0427606043470945,0.10541192770115693,0.0,0.0,0.0,0.08329294093245682,0.08329294093245682,0.13805978078787123,2.4842690136567644,3.906507072222679,1.4222380585659145
149,L5,5,6,0.6000000000000001,0.1661184726831034,2.7755575615628914e-17,10,0.16611847268310342,0.3708878063740034,2.0,3.0,3.333333333333333,-0.026178896456741985,0.056519934441278674,0.042883082703978115,6.937348676645938,7.849440165787606,0.9120914891416687,0.0,1.0,3.3333333333333335,0.08458148150966371,0.16864436879342704,0.17217314503402292,2.4842690136567644,5.250200252127662,2.765931238470898
150,L5,5,6,0.7000000000000001,0.1522634343534462,0.0,10,0.1522634343534462,0.3394433248591193,5.0,5.0,0.0,0.008547406724272705,0.01373399755495397,0.0755688013334107,10.518759430990908,10.808546883640922,0.28978745265001393,3.0,5.0,6.666666666666668,-0.05031552451572819,0.1336146830657472,0.21986036561205216,4.293055110205572,6.572662372064317,2.2796072618587457
151,L5,5,6,0.8,0.1240209884254728,5.551115123125783e-17,10,0.12402098842547285,0.27575158937201794,5.0,5.0,0.0,-0.008388318545071966,0.01178833322445283,-0.19265408635849712,10.829213563971924,10.808546883640922,-0.020666680331002496,2.0,5.0,10.0,-0.11751238942850126,0.13170352042095002,-0.04360623312257356,4.59800408448389,6.572662372064317,1.9746582875804277
152,L5,5,6,0.9,0.1838178582588432,0.0,10,0.1838178582588432,0.411276123100661,11.0,11.0,0.0,0.0,0.05116008357873325,0.21294882627232137,14.319725723435244,15.327490418793518,1.007764695358274,5.0,5.0,0.0,0.11793726785097924,0.21764583370741408,0.48838731196611695,6.690831406189916,10.540048731874284,3.8492173256843687
153,L5,5,6,1.0,0.1838178582588432,0.0,10,0.1838178582588432,0.411276123100661,11.0,11.0,0.0,0.0,0.05116008357873325,0.21294882627232137,14.319725723435244,15.327490418793518,1.007764695358274,5.0,5.0,0.0,0.11793726785097924,0.21764583370741408,0.48838731196611695,6.690831406189916,10.540048731874284,3.8492173256843687
154,L5,6,7,0.0,0.1838178582588432,0.0,10,0.1838178582588432,0.411276123100661,11.0,11.0,0.0,0.0,0.05116008357873325,0.21294882627232137,14.319725723435244,15.327490418793518,1.007764695358274,5.0,5.0,0.0,0.11793726785097924,0.21764583370741408,0.48838731196611695,6.690831406189916,10.540048731874284,3.8492173256843687
155,L5,6,7,0.1,-0.1610809796180683,0.0,10,-0.1610809796180683,-0.3594385065632192,5.0,5.0,0.0,0.03696823501121721,-0.010693431637142536,-0.10182631716502377,11.116667765790092,10.846064898779648,-0.2706028670104441,2.0,0.0,-6.666666666666667,0.2228798064140792,0.08889980132592062,0.024720395242638138,4.525291145859368,5.914658143585151,1.3893669977257828
156,L5,6,7,0.2,-0.0813198201997919,5.551115123125783e-17,10,-0.08131982019979196,-0.18027590204730745,5.0,5.0,0.0,-0.032513716088380495,-0.08076582577573788,-0.032400333923998825,7.600270027424685,6.3271213636270565,-1.2731486637976284,1.0,0.0,-3.3333333333333335,0.04962896415705342,-0.019508395238138576,0.018666973652615437,4.147629232956529,3.867271783775184,-0.280357449181345
157,L5,6,7,0.3,0.0273739051744958,6.938893903907228e-17,10,0.02737390517449587,0.06056566169486066,5.0,5.0,0.0,0.007066653873300965,0.06499043642207974,-0.19690668653029336,6.280796758794361,7.072002686641819,0.7912059278474581,0.0,1.0,3.3333333333333335,0.06447882833669977,0.138738801704359,-0.13829888819456612,2.7096945199696947,4.69323829008393,1.9835437701142355
158,L5,6,7,0.4,0.1528725529706305,0.0,10,0.1528725529706305,0.3408227929738999,0.0,5.0,16.666666666666668,-0.23508071808537262,0.08362300611880191,-0.16030542892921973,3.891864887325986,5.007255150985101,1.1153902636591146,0.0,2.0,6.666666666666667,0.09587019422033263,0.2291979135954039,-0.04373411474580041,1.2197958971132712,4.682766143689548,3.462970246576277
159,L5,6,7,0.5,0.0353700052505008,2.7755575615628914e-17,10,0.035370005250500824,0.07827039483714489,0.0,1.0,3.3333333333333335,-0.02469394806042205,0.04211401891381639,0.055747023991478795,3.5814107543449696,4.285918582776512,0.7045078284315425,0.0,0.0,0.0,0.10195647805176127,0.10195647805176127,0.07827039483714489,0.9148469228349534,2.5595190634233056,1.6446721405883522
160,L5,6,7,0.6000000000000001,0.0628839621711067,0.0,10,0.0628839621711067,0.13928185235693738,2.0,3.0,3.333333333333333,-0.01718597073869846,0.10606970405697813,0.09789116047743854,4.236743597498517,5.966662403792734,1.7299188062942168,0.0,0.0,0.0,0.1779224362535608,0.1779224362535608,0.13928185235693738,0.9009084234208873,3.774791209806902,2.873882786386015
161,L5,6,7,0.7000000000000001,0.0630993147237051,6.938893903907228e-17,10,0.06309931472370517,0.13976010558132657,5.0,5.0,0.0,0.0,0.10340120511099993,0.09528865460319763,7.251583609641271,8.937834950136466,1.686251340495195,0.0,0.0,0.0,0.1612566898026556,0.1612566898026556,0.13976010558132657,1.7948475971347413,4.414791209806903,2.619943612672161
162,L5,6,7,0.8,0.3083984151262762,5.551115123125783e-17,10,0.30839841512627625,0.7051228615835352,5.0,5.0,0.0,0.061549545426322586,0.11786368935606428,0.2582526878671724,8.34895289547425,10.42759759616599,2.07864470069174,0.0,2.0,6.666666666666667,0.03953262568012522,0.17527988443753767,0.32084620471199554,3.0421692877615056,6.066724222424395,3.0245549346628895
163,L5,6,7,0.9,0.3083984151262762,5.551115123125783e-17,10,0.30839841512627625,0.7051228615835352,5.0,5.0,0.0,0.061549545426322586,0.12610789911372017,0.26851841970687246,6.7589238822330975,8.974805390030205,2.215881507797108,0.0,2.0,6.666666666666667,0.03953262568012522,0.17527988443753767,0.32084620471199554,3.0421692877615056,6.066724222424395,3.0245549346628895
164,L5,6,7,1.0,0.602087807635967,0.0,10,0.602087807635967,1.5404577976620126,5.0,11.0,20.000000000000004,-0.21829002219038762,0.1153645981669763,0.3887614999935618,12.159501679277193,14.336332134469009,2.1768304551918156,0.0,5.0,16.666666666666668,-0.0709323215105522,0.2823779577760904,0.8136925358406792,4.538755340587704,9.712540661575188,5.173785320987484
165,L5,7,8,0.0,0.602087807635967,0.0,10,0.602087807635967,1.5404577976620126,5.0,11.0,20.000000000000004,-0.21829002219038762,0.1153645981669763,0.3887614999935618,12.159501679277193,14.336332134469009,2.1768304551918156,0.0,5.0,16.666666666666668,-0.0709323215105522,0.2823779577760904,0.8136925358406792,4.538755340587704,9.712540661575188,5.173785320987484
166,L5,7,8,0.1,0.5391462486490828,0.0,10,0.5391462486490828,1.3337160033503508,5.0,5.0,0.0,0.11303872649179048,0.18305020105276304,0.46139757038618723,5.961164498811302,9.252535987657545,3.2913714888462433,0.0,5.0,16.666666666666668,-0.07749118716863759,0.2500985515880226,0.5870594881384088,3.341486498326745,7.792540661575187,4.451054163248442
167,L5,7,8,0.2,0.3064486443791173,5.551115123125783e-17,10,0.30644864437911734,0.7003598577373308,5.0,5.0,0.0,0.061549545426322586,0.08103168126570731,0.2650303475948042,6.485684416289247,8.00627725260635,1.5205928363171042,0.0,2.0,6.666666666666667,-0.018664816236637183,0.11708244252077527,0.316083200865791,3.940120919457225,6.066724222424395,2.1266033029671703
168,L5,7,8,0.3,0.3611801362932932,5.551115123125783e-17,10,0.36118013629329326,0.8366646665621023,3.0,5.0,6.666666666666668,-0.036626077893424494,0.11344239229516939,0.3279532111570176,5.922555048763649,8.00627725260635,2.0837222038427017,0.0,2.0,6.666666666666667,0.0515439365226493,0.18729119528006175,0.4523880096905626,2.723253204352623,6.066724222424395,3.343471018071772
169,L5,7,8,0.4,0.3668544538465501,5.551115123125783e-17,10,0.36685445384655013,0.8511334432615727,0.0,5.0,16.666666666666668,-0.21281680589332763,0.2191803917410871,0.3366070365050665,4.291081121258337,8.00627725260635,3.715196131348014,0.0,2.0,6.666666666666667,0.22833274853359287,0.3640800072910053,0.4668567863900329,0.0,6.066724222424395,6.066724222424395
170,L5,7,8,0.5,0.2312027035092858,0.0,10,0.2312027035092858,0.5208321883891317,2.0,2.0,0.0,0.0782438106692749,0.13974102266133448,0.108998522599135,3.899546938050964,6.157731022718719,2.2581840846677554,0.0,2.0,6.666666666666667,0.05396445709497663,0.1916352602190916,0.1367783321647632,0.5959594491425694,3.6792378033803206,3.083278354237751
171,L5,7,8,0.6000000000000001,0.4556943976133153,5.551115123125783e-17,11,0.45569439761331537,1.0879927299033778,5.0,5.0,0.0,0.061549545426322586,0.23261863804888877,0.3479279645973194,6.604406484179663,10.53763947400828,3.9332329898286176,0.0,5.0,16.666666666666668,-0.12581442782933655,0.33554668876701554,0.44479024124203975,2.986484675682622,8.599801993426082,5.61331731774346
172,L5,7,8,0.7000000000000001,0.4897520420613461,5.551115123125783e-17,11,0.48975204206134615,1.18503308218462,5.0,5.0,0.0,0.061549545426322655,0.23403045808335465,0.3480914931453558,8.511143310271825,12.466210032999955,3.95506672272813,0.0,5.0,16.666666666666668,-0.09799539401797991,0.37234075893507146,0.548771533281253,2.986484675682622,9.273141774146337,6.286657098463715
173,L5,7,8,0.8,0.4897520420613461,5.551115123125783e-17,11,0.48975204206134615,1.18503308218462,5.0,5.0,0.0,0.061549545426322655,0.23403045808335465,0.3480914931453558,8.511143310271825,12.466210032999955,3.95506672272813,0.0,5.0,16.666666666666668,-0.09799539401797991,0.37234075893507146,0.548771533281253,2.986484675682622,9.273141774146337,6.286657098463715
174,L5,7,8,0.9,0.5005053172720156,0.0,11,0.5005053172720156,1.2165450431996567,5.0,7.0,6.666666666666668,-0.04221360933720661,0.1390870479381907,0.29044041953024147,9.082916959357993,11.520881302283646,2.4379643429256532,2.0,7.0,16.666666666666668,-0.09569645231680939,0.30525247269506506,0.5384429711004706,4.809042332450279,10.052290159627015,5.243247827176736
175,L5,7,8,1.0,0.3617474820766832,0.0,11,0.3617474820766832,0.8381082351737817,7.0,7.0,0.0,0.045262967654392416,0.05795174798929459,0.2584306893355436,10.100025366919905,11.259580543557748,1.1595551766378431,3.0,5.0,6.666666666666668,0.00509788104994896,0.1877074289397732,0.5000043340884097,5.78693723746555,9.18938194005162,3.4024447025860693
176,L5,8,9,0.0,0.3617474820766832,0.0,11,0.3617474820766832,0.8381082351737817,7.0,7.0,0.0,0.045262967654392416,0.05795174798929459,0.2584306893355436,10.100025366919905,11.259580543557748,1.1595551766378431,3.0,5.0,6.666666666666668,0.00509788104994896,0.1877074289397732,0.5000043340884097,5.78693723746555,9.18938194005162,3.4024447025860693
177,L5,8,9,0.1,0.3517835883044373,5.551115123125783e-17,11,0.35178358830443734,0.8128535072204852,5.0,5.0,0.0,0.07419774538312701,0.07604418066194518,0.2602498662154551,10.8977847503417,12.336849385818708,1.439064635477008,2.0,5.0,10.0,-0.04739426236060146,0.2043969523507685,0.49902449880120875,4.891660577757742,8.549381940051619,3.657721362293877
178,L5,8,9,0.2,0.3517835883044373,5.551115123125783e-17,11,0.35178358830443734,0.8128535072204852,5.0,5.0,0.0,0.07419774538312701,0.09220937428442821,0.2604970353168392,10.8977847503417,12.585143160156962,1.6873584098152623,2.0,5.0,10.0,-0.04738504705360588,0.22723367735687594,0.4993736769756327,4.891660577757742,8.900148950810156,4.008488373052414
179,L5,8,9,0.3,0.0314762389652618,2.7755575615628914e-17,11,0.031476238965261825,0.06964781842255674,5.0,5.0,0.0,0.0,-0.06683856416942291,-0.07280401473235387,10.8977847503417,9.796064799412504,-1.101719950929196,2.0,2.0,0.0,0.00678062833190482,0.02547142490548404,0.0718127394115537,4.891660577757742,5.357061889261105,0.4654013115033626
180,L5,8,9,0.4,0.0524735440645343,0.0,11,0.0524735440645343,0.11617713860529899,11.0,11.0,0.0,0.0,-0.01645896183968143,-0.05022952434260719,14.077842776824005,13.772752649210148,-0.3050901276138571,5.0,5.0,0.0,0.07502182983271638,0.09990433584691455,0.11292009049679563,6.679538925185449,8.329362921536713,1.6498239963512642
181,L5,8,9,0.5,0.1678286251919145,2.7755575615628914e-17,10,0.16782862519191452,0.3747791210776983,5.0,5.0,0.0,0.002137989349164343,-0.019263648423198387,-0.00909329599685027,11.290723271956331,10.985633144342474,-0.3050901276138571,2.0,5.0,10.0,-0.1729791955714342,0.06164898312543954,0.047676896338628094,4.891660577757742,5.886912824794364,0.9952522470366221
182,L5,8,9,0.6000000000000001,0.1678286251919145,2.7755575615628914e-17,10,0.16782862519191452,0.3747791210776983,5.0,5.0,0.0,0.002137989349164343,-0.019263648423198387,-0.00909329599685027,11.290723271956331,10.985633144342474,-0.3050901276138571,2.0,5.0,10.0,-0.1729791955714342,0.06164898312543954,0.047676896338628094,4.891660577757742,5.886912824794364,0.9952522470366221
183,L5,8,9,0.7000000000000001,0.397127203667702,0.0,10,0.397127203667702,0.9295483040109971,5.0,7.0,6.666666666666668,-0.014545854155442073,0.11397154438696377,0.23429526321946448,9.882899853142339,11.876761369241521,1.993861516099182,0.0,3.0,10.0,0.028393694380060508,0.2835898547278083,0.40726252000219626,3.069102920990086,7.842730374518324,4.773627453528238
184,L5,8,9,0.8,-0.192256775986177,5.551115123125783e-17,10,-0.19225677598617705,-0.43062718758413954,5.0,5.0,0.0,0.002137989349164343,-0.11191528213749147,-0.08074642168122215,11.290723271956331,9.489047091516275,-1.8016761804400563,2.0,0.0,-6.666666666666667,0.07864366398043793,-0.0604324932608844,-0.046736110972364714,4.891660577757742,3.914951537726226,-0.9767090400315159
185,L5,8,9,0.9,0.0329381363508725,1.3877787807814457e-17,10,0.03293813635087251,0.07288486457796095,5.0,5.0,0.0,-0.022092019975995747,-0.05680597085594874,-0.1039093740592858,11.959132513784404,10.9788097375458,-0.9803227762386033,0.0,0.0,0.0,0.0638506609078709,0.0638506609078709,0.07288486457796095,4.96414807875048,6.0195536022774405,1.0554055235269608
186,L5,8,9,1.0,0.268431306058584,5.551115123125783e-17,10,0.26843130605858406,0.608676176613615,7.0,7.0,0.0,-0.01723038036488811,-0.05680597085594874,-0.10390937405928535,11.030092678828513,10.04976990258991,-0.9803227762386033,0.0,3.0,10.0,-0.14128457752664256,0.05243469324605926,0.06808570660511826,5.560107527893049,6.435107008704023,0.874999480810974
187,L5,9,1,0.0,0.268431306058584,5.551115123125783e-17,10,0.26843130605858406,0.608676176613615,7.0,7.0,0.0,-0.01723038036488811,-0.05680597085594874,-0.10390937405928535,11.030092678828513,10.04976990258991,-0.9803227762386033,0.0,3.0,10.0,-0.14128457752664256,0.05243469324605926,0.06808570660511826,5.560107527893049,6.435107008704023,0.874999480810974
188,L5,9,1,0.1,0.1519194749668351,0.0,10,0.1519194749668351,0.33866447741517275,5.0,5.0,0.0,0.06368753477548703,0.05664796783627846,0.21671531025186663,7.560300265752611,8.656210150156074,1.0959098844034632,0.0,0.0,0.0,0.13266579680151921,0.13266579680151921,0.33866447741517275,3.069102920990086,5.458437118343895,2.3893341973538087
189,L5,9,1,0.2,-0.0264465903654511,5.204170427930421e-17,10,-0.02644659036545115,-0.058512973258225146,5.0,2.0,-10.0,0.16587168567809454,-0.024758823951851694,-0.01334304839761713,7.560300265752611,7.1664475041265465,-0.3938527616260643,0.0,0.0,0.0,-0.040298123633112914,-0.040298123633112914,-0.058512973258225146,3.069102920990086,2.39383505379268,-0.6752678671974062
190,L5,9,1,0.3,0.2592355751821993,5.551115123125783e-17,10,0.25923557518219936,0.586813375988742,0.0,2.0,6.666666666666667,-0.016626543585637088,0.05533033246952129,0.22852529990496928,5.830106381884224,6.918153729788292,1.0880473479040687,0.0,0.0,0.0,0.09335323827525048,0.09335323827525048,0.586813375988742,0.0,2.0430680430341437,2.0430680430341437
191,L5,9,1,0.4,0.0,0.0,10,0.0,0.0,0.0,0.0,0.0,0.0026697334944747186,0.0026697334944747186,0.0020646667733161816,2.6500483554019203,2.693172105652397,0.04312375025047688,0.0,0.0,0.0,0.0,0.0,0.0,0.0,0.0,0.0
192,L5,9,1,0.5,0.0,0.0,10,0.0,0.0,0.0,0.0,0.0,0.0026697334944747186,0.0026697334944747186,0.0020646667733161816,2.6500483554019203,2.693172105652397,0.04312375025047688,0.0,0.0,0.0,0.0,0.0,0.0,0.0,0.0,0.0
193,L5,9,1,0.6000000000000001,0.0,0.0,9,0.0,0.0,0.0,0.0,0.0,0.0,0.0,0.0,0.0,0.0,0.0,0.0,0.0,0.0,0.0,0.0,0.0,0.0,0.0,0.0
194,L5,9,1,0.7000000000000001,0.0,0.0,9,0.0,0.0,0.0,0.0,0.0,0.0,0.0,0.0,0.0,0.0,0.0,0.0,0.0,0.0,0.0,0.0,0.0,0.0,0.0,0.0
195,L5,9,1,0.8,0.0,0.0,9,0.0,0.0,0.0,0.0,0.0,-0.014165962578817248,-0.014165962578817248,-0.010955397723802052,2.5002066018692624,2.2713862220183128,-0.2288203798509496,0.0,0.0,0.0,0.0,0.0,0.0,0.0,0.0,0.0
196,L5,9,1,0.9,-0.0353354758165435,4.85722573273506e-17,9,-0.035335475816543546,-0.07819392084136881,0.0,0.0,0.0,-0.04206392361934805,-0.04206392361934805,-0.079692856386817,4.0524772667743445,3.3236872542939198,-0.7287900124804247,0.0,0.0,0.0,-0.025837752530435493,-0.025837752530435493,-0.07819392084136881,1.7770978917519928,1.2988468089145098,-0.4782510828374831
197,L5,9,1,1.0,0.0085401737463383,7.45931094670027e-17,9,0.008540173746338375,0.018891152805045608,2.0,2.0,0.0,-0.014308601621073003,-0.01669181200661013,-0.04370798402017717,7.052725189017458,6.750884742232968,-0.3018404467844906,0.0,0.0,0.0,0.026860767422727555,0.026860767422727555,0.018891152805045608,2.373057340894562,2.8047446815241823,0.4316873406296202
198,R5,1,2,0.0,-0.1659442860579209,5.551115123125783e-17,9,-0.16594428605792094,-0.3704915866837446,2.0,2.0,0.0,-0.014308601621073003,-0.05310506881101085,-0.04792566535993392,7.615854556543056,6.750884742232968,-0.8649698143100881,2.0,0.0,-6.666666666666667,0.11852477696598199,-0.02142127252983203,0.01329873188957556,3.1197369023350747,2.8047446815241823,-0.3149922208108924
199,R5,1,2,0.1,-0.4057482068293185,0.0,9,-0.4057482068293185,-0.9522815534513648,4.0,2.0,-6.666666666666667,0.036040298505599644,-0.07320216882240421,-0.29145177977272896,8.178983924068653,6.750884742232968,-1.4280991818356856,2.0,0.0,-6.666666666666667,0.06969276266345878,-0.06944458342204857,-0.5686225550716774,4.462375912918156,2.8047446815241823,-1.6576312313939736
200,R5,1,2,0.2,-0.3799403198218891,5.551115123125783e-17,9,-0.37994031982188914,-0.8847696578427288,5.0,2.0,-10.0,0.1517580108466309,-0.10384827019225007,-0.11111135730378252,8.460548607831452,6.750884742232968,-1.7096638655984844,5.0,0.0,-16.666666666666668,0.1843639945087932,-0.14267541040127102,-0.13768753610127807,5.1336954182096965,2.8047446815241823,-2.3289507366855142
201,R5,1,2,0.3,-0.3516823167814831,5.551115123125783e-17,10,-0.35168231678148315,-0.8125978702334395,5.0,5.0,0.0,-0.011344457106619188,-0.10205208363276308,-0.10972225733716567,11.096045440316024,9.415395070167506,-1.680650370148518,5.0,0.0,-16.666666666666668,0.24232375470191964,-0.08471565020814459,-0.0655157484919888,5.1336954182096965,3.7647446815241823,-1.3689507366855143
202,R5,1,2,0.4,-0.3516823167814831,5.551115123125783e-17,10,-0.35168231678148315,-0.8125978702334395,5.0,5.0,0.0,-0.011344457106619188,-0.10205208363276308,-0.10972225733716567,11.096045440316024,9.415395070167506,-1.680650370148518,5.0,0.0,-16.666666666666668,0.24232375470191964,-0.08471565020814459,-0.0655157484919888,5.1336954182096965,3.7647446815241823,-1.3689507366855143
203,R5,1,2,0.5,-0.3910402768363419,0.0,10,-0.3910402768363419,-0.9136085885966696,5.0,5.0,0.0,-0.08114152849874115,-0.1586310808665209,-0.3012290599016436,12.164525276930785,9.415395070167506,-2.7491302067632795,3.0,0.0,-10.0,0.06143676719459493,-0.16620853188360957,-0.332008734249426,6.662894945830436,3.7647446815241823,-2.8981502643062536
204,R5,1,2,0.6000000000000001,-0.0379908172953609,0.0,10,-0.0379908172953609,-0.08407539235358717,5.0,5.0,0.0,-0.011344457106619188,-0.11453066439582188,-0.11937270039934889,9.54377477541094,7.6615600163748265,-1.8822147590361133,0.0,0.0,0.0,-0.10871434263793811,-0.10871434263793811,-0.08407539235358717,3.3565975264577035,1.6,-1.7565975264577034
205,R5,1,2,0.7000000000000001,-0.1423614536482316,5.551115123125783e-17,10,-0.14236145364823166,-0.31705427870053304,11.0,11.0,0.0,0.0,-0.11971918625213163,-0.3089729378575836,14.39575907696922,12.23558325374418,-2.1601758232250408,0.0,0.0,0.0,-0.10433805956740572,-0.10433805956740572,-0.31705427870053304,7.384514558206948,5.450671919513827,-1.933842638693121
206,R5,1,2,0.8,-0.3265721154739807,5.551115123125783e-17,11,-0.32657211547398074,-0.7498309411957781,11.0,11.0,0.0,0.0,-0.0937459062199626,-0.10359458257342125,15.434308022845217,13.887516266361672,-1.546791756483545,5.0,0.0,-16.666666666666668,0.293091877734561,-0.09057028033232417,-0.046538627425246504,9.207072214974604,7.767478222930421,-1.4395939920441823
207,R5,1,2,0.9,-0.3265721154739807,5.551115123125783e-17,11,-0.32657211547398074,-0.7498309411957781,11.0,11.0,0.0,0.0,-0.0937459062199626,-0.10359458257342125,15.434308022845217,13.887516266361672,-1.546791756483545,5.0,0.0,-16.666666666666668,0.293091877734561,-0.09057028033232417,-0.046538627425246504,9.207072214974604,7.767478222930421,-1.4395939920441823
208,R5,1,2,1.0,-0.3265857859876552,5.551115123125783e-17,11,-0.32658578598765525,-0.7498647902267729,11.0,11.0,0.0,0.0,-0.13840805335654527,-0.11729153753223809,16.13392326511588,13.887516266361672,-2.246406998754207,5.0,0.0,-16.666666666666668,0.26526030986972127,-0.14565675006525913,-0.0634325060931229,10.06998043455,7.767478222930421,-2.3025022116195792
209,R5,2,3,0.0,-0.3265857859876552,5.551115123125783e-17,11,-0.32658578598765525,-0.7498647902267729,11.0,11.0,0.0,0.0,-0.13840805335654527,-0.11729153753223809,16.13392326511588,13.887516266361672,-2.246406998754207,5.0,0.0,-16.666666666666668,0.26526030986972127,-0.14565675006525913,-0.0634325060931229,10.06998043455,7.767478222930421,-2.3025022116195792
210,R5,2,3,0.1,-0.476456479426126,5.551115123125783e-17,11,-0.47645647942612607,-1.146668383579688,7.0,5.0,-6.666666666666668,0.011975937979391144,-0.21367207442838243,-0.32999021749264523,13.133675342872763,9.509919787322204,-3.6237555555505594,5.0,0.0,-16.666666666666668,0.07850362041858377,-0.31736928999003194,-0.4590048538844304,8.87806153626486,3.5306719195138263,-5.347389616751034
211,R5,2,3,0.2,-0.5061678042261788,0.0,11,-0.5061678042261788,-1.23332047326705,5.0,5.0,0.0,-0.06835864027484262,-0.2908151788096114,-0.43390471297757094,13.600085504386538,8.683953281013457,-4.916132223373081,5.0,0.0,-16.666666666666668,0.06565238614360103,-0.3830505364321574,-0.580328635721789,8.857374233505888,2.3722687678055308,-6.485105465700357
212,R5,2,3,0.3,-0.3920608157700644,5.551115123125783e-17,11,-0.39206081577006446,-0.916274755658441,5.0,5.0,0.0,0.0014384311172791764,-0.23410597221824314,-0.17714312905092833,11.910697401809745,8.133308943474294,-3.7773884583354516,5.0,0.0,-16.666666666666668,0.10826288930065789,-0.31058225684802976,-0.24019208936878877,6.617335549184352,1.6,-5.017335549184352
213,R5,2,3,0.4,-0.5294318865490014,0.0,11,-0.5294318865490014,-1.3036424823101391,5.0,2.0,-10.0,0.04477866300898051,-0.31298682582683945,-0.3666883390087825,9.488098874263201,4.302087879448924,-5.186010994814278,5.0,0.0,-16.666666666666668,-0.04005563690364669,-0.4880525219515386,-0.650104623138556,8.804404737305541,0.64,-8.16440473730554
214,R5,2,3,0.5,-0.6068758560684179,0.0,11,-0.6068758560684179,-1.5571472777606707,5.0,0.0,-16.666666666666668,0.17720124483275204,-0.32023622021460024,-0.544393509404316,9.970217645500782,4.487067984702193,-5.483149660798588,5.0,0.0,-16.666666666666668,-0.15290516746615537,-0.5083852958975947,-0.8320600918377907,8.663522272855051,0.0,-8.663522272855051
215,R5,2,3,0.6000000000000001,-0.4762915656633872,0.0,11,-0.4762915656633872,-1.1461965155861655,2.0,0.0,-6.666666666666667,-0.11493393216138487,-0.25962442026109744,-0.5154770307817601,5.843926466758258,1.3210418794508783,-4.52288458730738,2.0,0.0,-6.666666666666667,-0.2588702753597316,-0.41471471086928435,-0.7642476781630377,7.769583099141196,0.6097713435462563,-7.159811755594939
216,R5,2,3,0.7000000000000001,-0.5850344159129185,0.0,11,-0.5850344159129185,-1.482209987192716,5.0,1.0,-13.333333333333334,0.05238099134923227,-0.21466379794587268,-0.47807018818922964,7.334720813016212,3.5408352085626675,-3.793885604453544,5.0,0.0,-16.666666666666668,-0.016380767078900654,-0.37186089551033996,-0.7571228012698359,8.663522272855051,2.1715878754703226,-6.491934397384728
217,R5,2,3,0.8,-0.2495545218780596,2.7755575615628914e-17,11,-0.24955452187805963,-0.5639170751214453,5.0,5.0,0.0,-0.10929839013625633,-0.1248978272732349,-0.39332648706154943,9.499465494540395,7.171583611955106,-2.327881882585289,5.0,5.0,0.0,-0.16166087417056116,-0.1786491741763907,-0.5770551574917488,8.663522272855051,5.318131190669279,-3.345391082185772
218,R5,2,3,0.9,-0.2495545218780596,2.7755575615628914e-17,11,-0.24955452187805963,-0.5639170751214453,5.0,5.0,0.0,-0.10929839013625633,-0.1248978272732349,-0.39332648706154943,9.499465494540395,7.171583611955106,-2.327881882585289,5.0,5.0,0.0,-0.16166087417056116,-0.1786491741763907,-0.5770551574917488,8.663522272855051,5.318131190669279,-3.345391082185772
219,R5,2,3,1.0,-0.137060480081581,2.7755575615628914e-17,11,-0.13706048008158103,-0.305095169253772,5.0,5.0,0.0,-0.03233991297897927,-0.055100108928254454,-0.13437105009144856,13.036591717027644,12.050575954874285,-0.9860157621533592,5.0,5.0,0.0,-0.08745391348043861,-0.05364015477459583,-0.2991035753824337,9.383522272855052,8.24702019276924,-1.1365020800858119
220,R5,3,4,0.0,-0.137060480081581,2.7755575615628914e-17,11,-0.13706048008158103,-0.305095169253772,5.0,5.0,0.0,-0.03233991297897927,-0.055100108928254454,-0.13437105009144856,13.036591717027644,12.050575954874285,-0.9860157621533592,5.0,5.0,0.0,-0.08745391348043861,-0.05364015477459583,-0.2991035753824337,9.383522272855052,8.24702019276924,-1.1365020800858119
221,R5,3,4,0.1,-0.3393212122772557,0.0,11,-0.3393212122772557,-0.7815483133238945,5.0,5.0,0.0,-0.1427497077954098,-0.2369827185544473,-0.44908088730367784,13.382630493801322,9.276615286850697,-4.106015206950625,5.0,5.0,0.0,-0.2043683666012722,-0.2267906656829023,-0.5821104483778687,9.743522272855053,5.654170090278393,-4.0893521825766594
222,R5,3,4,0.2,-0.2495688714102101,2.7755575615628914e-17,11,-0.24956887141021014,-0.5639509241524403,5.0,5.0,0.0,-0.10929839013625633,-0.2620412726509531,-0.49194023806140497,11.285066892176216,6.74972156990908,-4.535345322267136,5.0,5.0,0.0,-0.16170530200126956,-0.29340418651120276,-0.6771845382872608,10.463522272855052,5.252605406515594,-5.210916866339458
223,R5,3,4,0.3,-0.4781700909460937,5.551115123125783e-17,11,-0.47817009094609375,-1.1515772340591726,5.0,0.0,-16.666666666666668,0.16837821346944887,-0.27871296054438954,-0.3724925002241667,8.179047387010044,3.512855093709584,-4.66619229330046,5.0,0.0,-16.666666666666668,0.05431188124016466,-0.38340766438304086,-0.4900912852104137,8.276453084733863,1.8883095645141954,-6.388143520219668
224,R5,3,4,0.4,-0.3473383335941641,5.551115123125783e-17,11,-0.34733833359416416,-0.8016519085514632,5.0,0.0,-16.666666666666668,0.24978500525757885,-0.19730616875625961,-0.1424341415746826,8.179047387010044,5.002617739739111,-3.1764296472709335,5.0,0.0,-16.666666666666668,0.1781339335325629,-0.2595856120906426,-0.1401659597027044,8.276453084733863,4.154281041931229,-4.122172042802633
225,R5,3,4,0.5,-0.2234815682800706,2.7755575615628914e-17,10,-0.22348156828007062,-0.5028222489491405,5.0,0.0,-16.666666666666668,0.20610826781833813,-0.17773747913412855,-0.11889085043113709,6.36439732411832,3.512855093709584,-2.851542230408736,3.0,0.0,-10.0,-0.028242082718405254,-0.24607905123899662,-0.15772918282267084,5.821613582876009,1.8883095645141954,-3.9333040183618135
226,R5,3,4,0.6000000000000001,-0.4996821721802491,0.0,10,-0.4996821721802491,-1.2141170319534527,5.0,0.0,-16.666666666666668,0.14040786778875458,-0.2955415784911838,-0.43242745822037476,8.499962737171442,3.512855093709584,-4.987107643461858,5.0,0.0,-16.666666666666668,0.0363995841433048,-0.3453057958385414,-0.47578846799883834,7.676863503642672,1.8883095645141954,-5.788553939128477
227,R5,3,4,0.7000000000000001,-0.3719522854085083,0.0,10,-0.3719522854085083,-0.8641917064457433,5.0,0.0,-16.666666666666668,0.18882810041552275,-0.23535588127276708,-0.21729935014048019,8.84119379713977,5.002617739739111,-3.838576057400659,5.0,0.0,-16.666666666666668,0.1221052381682334,-0.24601092285072929,-0.14311941226457203,8.0712557610563,4.154281041931229,-3.9169747191250703
228,R5,3,4,0.8,-0.3719522854085083,0.0,10,-0.3719522854085083,-0.8641917064457433,5.0,0.0,-16.666666666666668,0.2297043563551157,-0.24106065911881147,-0.3294240386584879,11.771688916019864,7.728281206161087,-4.043407709858776,5.0,0.0,-16.666666666666668,0.1602400670496943,-0.20352475956738092,-0.14551157991895547,7.421859909924564,4.154281041931229,-3.2675788679933344
229,R5,3,4,0.9,0.006904289345431,5.898059818321144e-17,10,0.006904289345431059,0.015272392623695508,5.0,5.0,0.0,-0.05267104690677396,-0.15158168671710737,-0.26022452432095866,14.362976763497784,11.764907648860692,-2.5980691146370916,5.0,5.0,0.0,0.004378211710810376,0.03487651973953948,0.03885858329014347,7.421859909924564,7.997096085280293,0.5752361753557294
230,R5,3,4,1.0,-0.3679754463383868,0.0,10,-0.3679754463383868,-0.8540000276901989,11.0,5.0,-20.000000000000004,0.17970713112739684,-0.26345934424001205,-0.5763945845077727,16.41036312330775,11.764907648860692,-4.645455474447058,11.0,5.0,-20.000000000000004,0.0991951571867968,-0.1926188304023223,-0.6040510032986455,11.576091801834036,7.997096085280293,-3.5789957165537425
231,R5,4,5,0.0,-0.3679754463383868,0.0,10,-0.3679754463383868,-0.8540000276901989,11.0,5.0,-20.000000000000004,0.17970713112739684,-0.26345934424001205,-0.5763945845077727,16.41036312330775,11.764907648860692,-4.645455474447058,11.0,5.0,-20.000000000000004,0.0991951571867968,-0.1926188304023223,-0.6040510032986455,11.576091801834036,7.997096085280293,-3.5789957165537425
232,R5,4,5,0.1,-0.1462159506420155,2.7755575615628914e-17,10,-0.14621595064201554,-0.32576164123784923,5.0,5.0,0.0,-0.10881777912473882,-0.225842598111215,-0.4700883822605638,12.996304720579875,9.039244182438715,-3.9570605381411603,5.0,5.0,0.0,-0.09338768768866569,-0.094430823820283,-0.32656836165224734,9.78821345440633,7.997096085280293,-1.7911173691260371
233,R5,4,5,0.2,-0.1098603475188658,0.0,10,-0.1098603475188658,-0.24399368158030232,5.0,5.0,0.0,-0.09381420867045759,-0.17048387149465138,-0.38654276099965246,11.184568807971415,8.164321389352928,-3.020247418618487,5.0,5.0,0.0,-0.06994686558811947,-0.06342747341591609,-0.23895184035232064,7.628213454406329,6.404464388583513,-1.2237490658228163
234,R5,4,5,0.3,-0.1529658183581899,2.7755575615628914e-17,10,-0.15296581835818993,-0.3410340338615445,5.0,5.0,0.0,-0.08458776979957865,-0.1582807791256487,-0.3520564074756443,8.075023390997913,5.278095314390874,-2.7969280766070392,5.0,5.0,0.0,-0.09776589939947608,-0.10022154358397195,-0.3429331323915326,7.628213454406329,5.731124607863257,-1.8970888465430722
235,R5,4,5,0.4,0.1108742882175007,8.326672684688674e-17,10,0.11087428821750078,0.24626415484055597,3.0,5.0,6.666666666666668,-0.2367402271371492,-0.11743823063470282,-0.28954274677484754,7.382945837450557,5.278095314390874,-2.1048505230596835,1.0,5.0,13.333333333333334,-0.30183479200120333,-0.01900012691929409,-0.27342987816615966,6.3122540052637595,5.731124607863257,-0.5811293974005025
236,R5,4,5,0.5,-0.1599827937974904,2.7755575615628914e-17,10,-0.15998279379749042,-0.35694508451510754,2.0,0.0,-6.666666666666667,0.006592795545415975,-0.12802446962060027,-0.32865736893957465,6.344829507129525,4.036626442699602,-2.3082030644299225,0.0,0.0,0.0,-0.15126892630708658,-0.15126892630708658,-0.35694508451510754,4.934274280692474,2.242815043349062,-2.691459237343412
237,R5,4,5,0.6000000000000001,-0.1599827937974904,2.7755575615628914e-17,10,-0.15998279379749042,-0.35694508451510754,2.0,0.0,-6.666666666666667,0.006592795545415975,-0.12802446962060027,-0.32865736893957465,6.344829507129525,4.036626442699602,-2.3082030644299225,0.0,0.0,0.0,-0.15126892630708658,-0.15126892630708658,-0.35694508451510754,4.934274280692474,2.242815043349062,-2.691459237343412
238,R5,4,5,0.7000000000000001,-0.1599827937974904,2.7755575615628914e-17,10,-0.15998279379749042,-0.35694508451510754,2.0,0.0,-6.666666666666667,0.006592795545415975,-0.12802446962060027,-0.32865736893957465,6.344829507129525,4.036626442699602,-2.3082030644299225,0.0,0.0,0.0,-0.15126892630708658,-0.15126892630708658,-0.35694508451510754,4.934274280692474,2.242815043349062,-2.691459237343412
239,R5,4,5,0.8,-0.0547680456514073,0.0,10,-0.0547680456514073,-0.12126716728205156,5.0,5.0,0.0,-0.08458776979957865,-0.09901991826502332,-0.32012280714619257,8.733761378597897,6.879526210795628,-1.854235167802269,0.0,1.0,3.3333333333333335,-0.1344522411135462,-0.044491323348918976,-0.3198916465352639,5.828213454406328,4.810341688796383,-1.0178717656099456
240,R5,4,5,0.9,-0.1459380126400704,2.7755575615628914e-17,10,-0.14593801264007042,-0.3251334431364187,5.0,5.0,0.0,-0.057369115965564356,-0.10692452596616958,-0.30890399244658334,9.406440802364104,7.442655578321226,-1.9637852240428781,2.0,3.0,3.333333333333333,-0.08909414728436488,-0.04195827390799495,-0.3020834810559699,6.583537280212007,5.6231620118239345,-0.9603752683880726
241,R5,4,5,1.0,-0.1098452295913809,2.7755575615628914e-17,10,-0.10984522959138093,-0.2439598325493073,5.0,5.0,0.0,-0.07604036307530596,-0.12300147104966941,-0.3015673292564852,13.28217818377546,11.079387047046698,-2.202791136728763,5.0,5.0,0.0,-0.06990243775741106,-0.025257804248620397,-0.20943292101400734,7.716523018920524,7.109322115571741,-0.6072009033487831
242,R5,5,6,0.0,-0.1098452295913809,2.7755575615628914e-17,10,-0.10984522959138093,-0.2439598325493073,5.0,5.0,0.0,-0.07604036307530596,-0.12300147104966941,-0.3015673292564852,13.28217818377546,11.079387047046698,-2.202791136728763,5.0,5.0,0.0,-0.06990243775741106,-0.025257804248620397,-0.20943292101400734,7.716523018920524,7.109322115571741,-0.6072009033487831
243,R5,5,6,0.1,-0.1098452295913809,2.7755575615628914e-17,10,-0.10984522959138093,-0.2439598325493073,5.0,5.0,0.0,-0.07604036307530596,-0.12300147104966941,-0.3015673292564852,13.28217818377546,11.079387047046698,-2.202791136728763,5.0,5.0,0.0,-0.06990243775741106,-0.025257804248620397,-0.20943292101400734,7.716523018920524,7.109322115571741,-0.6072009033487831
244,R5,5,6,0.2,0.0438422342352882,4.163336342344337e-17,10,0.04384223423528824,0.09704035228124219,5.0,5.0,0.0,0.008547406724272705,0.0003973537315916653,0.023512748082744506,8.643503976487576,8.674198651244986,0.0306946747574095,5.0,5.0,0.0,0.027819033811356614,0.06931157095830554,0.12912904688884896,5.350169474438757,6.5482056316381945,1.1980361571994376
245,R5,5,6,0.3,-0.3307842155722514,5.551115123125783e-17,10,-0.33078421557225146,-0.7602764687022265,5.0,2.0,-10.0,0.17229673800677606,-0.10060278592846933,-0.05459678340720053,8.643503976487576,7.0427606043470945,-1.6007433721404816,5.0,0.0,-16.666666666666668,0.24768113340361275,-0.0927598897618846,-0.02355863087822596,5.350169474438757,3.906507072222679,-1.443662402216078
246,R5,5,6,0.4,0.0623336492455108,5.551115123125783e-17,10,0.06233364924551085,0.13805978078787123,2.0,2.0,0.0,0.006593757623024221,0.005022998570930859,0.027090039683090095,6.937348676645938,7.0427606043470945,0.10541192770115693,0.0,0.0,0.0,0.08329294093245682,0.08329294093245682,0.13805978078787123,2.4842690136567644,3.906507072222679,1.4222380585659145
247,R5,5,6,0.5,0.0623336492455108,5.551115123125783e-17,10,0.06233364924551085,0.13805978078787123,2.0,2.0,0.0,0.006593757623024221,0.005022998570930859,0.027090039683090095,6.937348676645938,7.0427606043470945,0.10541192770115693,0.0,0.0,0.0,0.08329294093245682,0.08329294093245682,0.13805978078787123,2.4842690136567644,3.906507072222679,1.4222380585659145
248,R5,5,6,0.6000000000000001,0.1661184726831034,2.7755575615628914e-17,10,0.16611847268310342,0.3708878063740034,2.0,3.0,3.333333333333333,-0.026178896456741985,0.056519934441278674,0.042883082703978115,6.937348676645938,7.849440165787606,0.9120914891416687,0.0,1.0,3.3333333333333335,0.08458148150966371,0.16864436879342704,0.17217314503402292,2.4842690136567644,5.250200252127662,2.765931238470898
249,R5,5,6,0.7000000000000001,0.3590027792490065,5.551115123125783e-17,10,0.35900277924900653,0.8311308451349935,5.0,5.0,0.0,0.0,0.06279184640747926,0.04856074180475911,6.720678786285809,7.73494478244105,1.014265996155241,0.0,5.0,16.666666666666668,-0.21835954677917324,0.15611306114891044,0.1207316950931357,3.378208187370618,5.899322591344062,2.5211144039734443
250,R5,5,6,0.8,0.0438422342352882,4.163336342344337e-17,10,0.04384223423528824,0.09704035228124219,5.0,5.0,0.0,0.008547406724272705,-0.022002157482254647,0.006189848011457499,11.139667696952941,10.808546883640922,-0.3311208133120189,5.0,5.0,0.0,0.027819033811356614,0.0985122229419067,0.15171168146061098,4.902953058762207,6.572662372064317,1.6697093133021106
251,R5,5,6,0.9,0.1326085110042718,8.326672684688674e-17,10,0.13260851100427187,0.2950651354643665,5.0,5.0,0.0,0.05531605632358824,0.03985509416391653,0.18100054220173245,11.453007477673195,12.253888317593642,0.8008808399204472,5.0,5.0,0.0,0.0845877697995786,0.17359581029675514,0.3639004496082116,4.902953058762207,7.946708951154029,3.0437558923918226
252,R5,5,6,1.0,0.1326085110042718,8.326672684688674e-17,10,0.13260851100427187,0.2950651354643665,5.0,5.0,0.0,0.05531605632358824,0.03985509416391653,0.18100054220173245,11.453007477673195,12.253888317593642,0.8008808399204472,5.0,5.0,0.0,0.0845877697995786,0.17359581029675514,0.3639004496082116,4.902953058762207,7.946708951154029,3.0437558923918226
253,R5,6,7,0.0,0.1326085110042718,8.326672684688674e-17,10,0.13260851100427187,0.2950651354643665,5.0,5.0,0.0,0.05531605632358824,0.03985509416391653,0.18100054220173245,11.453007477673195,12.253888317593642,0.8008808399204472,5.0,5.0,0.0,0.0845877697995786,0.17359581029675514,0.3639004496082116,4.902953058762207,7.946708951154029,3.0437558923918226
254,R5,6,7,0.1,-0.0148594975594885,3.642919299551295e-17,10,-0.014859497559488536,-0.03287133093521166,5.0,5.0,0.0,0.05531605632358824,0.013313317849992456,0.18907487847857707,10.443988342023886,10.846064898779648,0.4020765567557625,2.0,0.0,-6.666666666666667,0.2519834887794843,0.11585598465357316,0.3513612828065459,3.7699673200536896,5.914658143585151,2.1446908235314615
255,R5,6,7,0.2,0.0048363841951788,4.5102810375396984e-17,10,0.004836384195178845,0.01069806852402895,2.0,2.0,0.0,-0.014980578167243519,-0.022565958699273136,-0.020383690948533678,5.157891768894352,4.79032031302712,-0.36757145586723183,0.0,0.0,0.0,0.0286061907420761,0.0286061907420761,0.01069806852402895,2.1207043205341582,2.570601893415057,0.4498975728808987
256,R5,6,7,0.3,0.0039265602677067,7.112366251504909e-17,10,0.003926560267706771,0.00868551741855439,0.0,0.0,0.0,-0.02702515605318556,-0.02702515605318556,-0.020900191671633123,4.202319020307002,3.76578627929383,-0.4365327410131723,0.0,0.0,0.0,0.011230876124340677,0.011230876124340677,0.00868551741855439,1.524744871391589,1.706155299841638,0.18141042845004907
257,R5,6,7,0.4,0.0039265602677067,7.112366251504909e-17,10,0.003926560267706771,0.00868551741855439,0.0,0.0,0.0,-0.02702515605318556,-0.02702515605318556,-0.020900191671633123,4.202319020307002,3.76578627929383,-0.4365327410131723,0.0,0.0,0.0,0.011230876124340677,0.011230876124340677,0.00868551741855439,1.524744871391589,1.706155299841638,0.18141042845004907
258,R5,6,7,0.5,0.0,0.0,10,0.0,0.0,0.0,0.0,0.0,-0.014160244199382804,-0.014160244199382804,-0.010950975354288434,2.6500483554019203,2.4213203435596427,-0.22872801184227765,0.0,0.0,0.0,0.0,0.0,0.0,0.0,0.0,0.0
259,R5,6,7,0.6000000000000001,-0.0018833096372052,5.637851296924623e-17,10,-0.0018833096372052563,-0.004165848176530016,2.0,1.0,-3.3333333333333335,0.05257559506303361,-0.014870987996247698,-0.010961842771635172,3.9262894645175006,3.686644586225467,-0.23964487829203351,0.0,0.0,0.0,-0.017791448235914227,-0.017791448235914227,-0.004165848176530016,0.5959594491425694,0.32,-0.27595944914256937
260,R5,6,7,0.7000000000000001,0.0020236770011271,6.808789643208968e-17,10,0.002023677001127168,0.004476339163563693,3.0,3.0,0.0,0.010034924991819988,0.01582765358906918,-0.007405392580171255,5.642721913020835,5.877830850505797,0.23510893748496198,0.0,0.0,0.0,0.03990895089406804,0.03990895089406804,0.004476339163563693,0.893939173713854,1.510644337539164,0.61670516382531
261,R5,6,7,0.8,0.0623665020340821,6.938893903907228e-18,10,0.06236650203408211,0.13813273410750138,3.0,5.0,6.666666666666668,-0.09817562331974708,0.06458392836357718,0.05609737877673637,5.881110134499488,6.930757866836612,1.0496477323371245,0.0,0.0,0.0,0.12654720816518075,0.12654720816518075,0.13813273410750138,0.893939173713854,2.9766108438479097,2.0826716701340557
262,R5,6,7,0.9,0.0719799485822879,4.163336342344337e-17,10,0.07197994858228794,0.1594940404898807,1.0,5.0,13.333333333333334,-0.19247186601595723,0.11027958613918643,0.06897931220329975,4.82109079233872,6.585359096938354,1.764268304599634,0.0,0.0,0.0,0.2203647193689265,0.2203647193689265,0.1594940404898807,0.2979797245712847,3.839519063423305,3.5415393388520204
263,R5,6,7,1.0,0.5485929260233354,0.0,10,0.5485929260233354,1.363389787267348,5.0,11.0,20.000000000000004,-0.21829002219038762,0.12844467718293984,0.25908856314003437,10.84820188558233,13.090073399417815,2.241871513835484,0.0,5.0,16.666666666666668,-0.04958279595564194,0.28072384426218,0.6188344166770864,3.0421692877615056,7.986724222424398,4.944554934662892
264,R5,7,8,0.0,0.5485929260233354,0.0,10,0.5485929260233354,1.363389787267348,5.0,11.0,20.000000000000004,-0.21829002219038762,0.12844467718293984,0.25908856314003437,10.84820188558233,13.090073399417815,2.241871513835484,0.0,5.0,16.666666666666668,-0.04958279595564194,0.28072384426218,0.6188344166770864,3.0421692877615056,7.986724222424398,4.944554934662892
265,R5,7,8,0.1,0.0297132626485526,2.42861286636753e-17,10,0.029713262648552626,0.06574449539303023,5.0,5.0,0.0,0.0,0.050617141767317075,0.039145304571976625,5.69890454007233,6.516514606576824,0.8176100665044945,0.0,0.0,0.0,0.085011433174849,0.085011433174849,0.06574449539303023,3.0421692877615056,4.414791209806903,1.372621922045397
266,R5,7,8,0.2,0.0062303461541189,7.979727989493313e-17,10,0.00623034615411898,0.013781579408669364,5.0,5.0,0.0,0.020079154721899122,0.026101400452058,0.0016214773125102222,5.69890454007233,6.101095028226426,0.40219048815409586,0.0,0.0,0.0,0.05106208687148739,0.05106208687148739,0.013781579408669364,3.0421692877615056,3.839519063423305,0.7973497756617993
267,R5,7,8,0.3,0.0645122570782423,5.551115123125783e-17,10,0.06451225707824236,0.14289828241882999,0.0,5.0,16.666666666666668,-0.2743663513196502,0.07347842872243726,0.056825323820780066,4.291081121258337,5.477965660700828,1.1868845394424907,0.0,0.0,0.0,0.18477573999201993,0.18477573999201993,0.14289828241882999,0.0,2.9766108438479097,2.9766108438479097
268,R5,7,8,0.4,0.0040327043196528,7.892991815694472e-17,10,0.004032704319652879,0.008920309657314385,0.0,1.0,3.3333333333333335,-0.04607077106608881,0.029987897788451956,0.003545582774116679,3.410698442482828,3.874535391810068,0.4638369493272396,0.0,0.0,0.0,0.05623909791404583,0.05623909791404583,0.008920309657314385,0.0,0.8706443375391641,0.8706443375391641
269,R5,7,8,0.5,0.0,0.0,10,0.0,0.0,0.0,0.0,0.0,-0.0007107437968649211,-0.0007107437968649211,-1.0867417347015795e-05,2.1122908788434063,2.10137401239365,-0.010916866449756313,0.0,0.0,0.0,0.0,0.0,0.0,0.0,0.0,0.0
270,R5,7,8,0.6000000000000001,0.3364120478848403,5.551115123125783e-17,11,0.33641204788484036,0.7742840482057799,1.0,5.0,13.333333333333334,-0.19830591237605572,0.15463545386888622,0.07611096072355561,4.852915351097045,7.305231144994638,2.4523157938975926,0.0,3.0,10.0,0.08494614320843313,0.3061073320506128,0.19226679276034414,0.2979797245712847,5.189420062184107,4.891440337612822
271,R5,7,8,0.7000000000000001,0.1752713499929444,0.0,11,0.1752713499929444,0.3917415617024988,0.0,5.0,16.666666666666668,-0.2529623216616508,0.13418124801596593,0.07701865007996633,4.412724011709291,6.552144515096282,2.139420503386991,0.0,1.0,3.3333333333333335,0.21749635128224704,0.29504553197829264,0.19292730446273681,0.0,4.72090410002234,4.72090410002234
272,R5,7,8,0.8,0.357282582299038,0.0,11,0.357282582299038,0.8267659313608363,4.0,5.0,3.333333333333334,-0.0394760902039796,0.16950930517957363,0.13109182279673992,6.781818631713049,9.51987355623052,2.7380549245174706,0.0,5.0,16.666666666666668,-0.041042074341080696,0.3182838534512651,0.10465293524893826,1.1919188982851388,6.183028395569851,4.991109497284712
273,R5,7,8,0.9,0.0628917743804129,8.326672684688674e-17,11,0.06289177438041298,0.1392992014212151,3.0,3.0,0.0,0.0036824541423143287,0.005495175528653307,0.004249752400766749,7.77161716566313,7.860379799675336,0.08876263401220541,0.0,0.0,0.0,0.08501981004916212,0.08501981004916212,0.1392992014212151,2.7164968304815105,4.16641755172194,1.4499207212404297
274,R5,7,8,1.0,0.2355733100595209,8.326672684688674e-17,11,0.23557331005952098,0.531056839021242,5.0,3.0,-6.666666666666668,0.1809166450235816,-0.003483224297809784,0.1987465023297711,8.247736394939778,8.402208408475037,0.1544720135352584,2.0,3.0,3.333333333333333,0.024425315040133705,0.08121380530375061,0.37501538820800845,4.891660577757742,6.5327710962037076,1.6411105184459656
275,R5,8,9,0.0,0.2355733100595209,8.326672684688674e-17,11,0.23557331005952098,0.531056839021242,5.0,3.0,-6.666666666666668,0.1809166450235816,-0.003483224297809784,0.1987465023297711,8.247736394939778,8.402208408475037,0.1544720135352584,2.0,3.0,3.333333333333333,0.024425315040133705,0.08121380530375061,0.37501538820800845,4.891660577757742,6.5327710962037076,1.6411105184459656
276,R5,8,9,0.1,0.2355733100595209,8.326672684688674e-17,11,0.23557331005952098,0.531056839021242,5.0,3.0,-6.666666666666668,0.1809166450235816,-0.003483224297809784,0.1987465023297711,8.247736394939778,8.402208408475037,0.1544720135352584,2.0,3.0,3.333333333333333,0.024425315040133705,0.08121380530375061,0.37501538820800845,4.891660577757742,6.5327710962037076,1.6411105184459656
277,R5,8,9,0.2,-0.1759067672242835,5.551115123125783e-17,11,-0.17590676722428356,-0.3931918051717879,5.0,0.0,-16.666666666666668,0.2823018256463651,-0.10161880544167495,-0.07858798324766958,8.247736394939778,6.6063051450835975,-1.641431249856181,2.0,0.0,-6.666666666666667,0.029390026040248235,-0.1096861312010741,-0.009300728560013072,4.891660577757742,3.2064175517219407,-1.6852430260358013
278,R5,8,9,0.3,-0.1759067672242835,5.551115123125783e-17,11,-0.17590676722428356,-0.3931918051717879,5.0,0.0,-16.666666666666668,0.2823018256463651,-0.10161880544167495,-0.07858798324766958,8.247736394939778,6.6063051450835975,-1.641431249856181,2.0,0.0,-6.666666666666667,0.029390026040248235,-0.1096861312010741,-0.009300728560013072,4.891660577757742,3.2064175517219407,-1.6852430260358013
279,R5,8,9,0.4,-0.1759067672242835,5.551115123125783e-17,11,-0.17590676722428356,-0.3931918051717879,5.0,0.0,-16.666666666666668,0.2823018256463651,-0.10161880544167495,-0.07858798324766958,8.247736394939778,6.6063051450835975,-1.641431249856181,2.0,0.0,-6.666666666666667,0.029390026040248235,-0.1096861312010741,-0.009300728560013072,4.891660577757742,3.2064175517219407,-1.6852430260358013
280,R5,8,9,0.5,0.366566498217439,0.0,10,0.366566498217439,0.8503975277669398,3.0,5.0,6.666666666666668,-0.10119085247282684,0.06404708863265912,0.04876064906618183,5.642822484499266,6.676557775298637,1.0337352907993704,0.0,5.0,16.666666666666668,-0.1604922131681511,0.21321212277004498,0.13940422641609473,2.4731434718475165,5.886912824794364,3.4137693529468476
281,R5,8,9,0.6000000000000001,-0.1565655326724023,5.551115123125783e-17,10,-0.15656553267240236,-0.3491919411802241,5.0,5.0,0.0,0.0,-0.06399983281497373,-0.025552053102508798,7.2659711941856315,6.2572405647333955,-1.008730629452236,2.0,0.0,-6.666666666666667,0.14118872618618908,0.005259275302101851,0.03506361270849126,3.7981259836971484,3.914951537726226,0.11682555402907768
282,R5,8,9,0.7000000000000001,0.1637619533064218,5.551115123125783e-17,10,0.16376195330642185,0.36552945445470747,5.0,5.0,0.0,0.061549545426322586,0.053820215777556635,0.2087239868867316,6.702841826660034,7.747003210762921,1.0441613841028872,0.0,0.0,0.0,0.167403765154416,0.167403765154416,0.36552945445470747,3.069102920990086,6.0195536022774405,2.9504506812873545
283,R5,8,9,0.8,0.0183180943607151,5.204170427930421e-17,10,0.018318094360715152,0.04052379139059917,5.0,5.0,0.0,0.0,-0.02758657601057324,-0.021334371762751714,6.702841826660034,6.2572405647333955,-0.4456012619266385,0.0,0.0,0.0,0.052399604912910375,0.052399604912910375,0.04052379139059917,3.069102920990086,3.914951537726226,0.8458486167361401
284,R5,8,9,0.9,0.1203336019763959,4.163336342344337e-17,10,0.12033360197639593,0.26747155587046634,6.0,6.0,0.0,-0.021537975456110137,-0.05680597085594852,-0.10390937405928535,10.565572761350568,9.585249985111965,-0.9803227762386033,0.0,1.0,3.3333333333333335,-0.02309223561703705,0.04370232397341378,0.06773521967509477,5.262127803321764,6.002883711917313,0.7407559085955491
285,R5,8,9,1.0,0.0208018376830562,2.0816681711721685e-17,10,0.02080183768305622,0.04601988753842623,5.0,5.0,0.0,-0.022092019975995747,-0.05680597085594841,-0.10390937405928558,9.636532926394677,8.656210150156074,-0.9803227762386033,0.0,0.0,0.0,0.029112692554974118,0.029112692554974118,0.04601988753842623,4.96414807875048,5.458437118343895,0.49428903959341497
286,R5,9,1,0.0,0.0208018376830562,2.0816681711721685e-17,10,0.02080183768305622,0.04601988753842623,5.0,5.0,0.0,-0.022092019975995747,-0.05680597085594841,-0.10390937405928558,9.636532926394677,8.656210150156074,-0.9803227762386033,0.0,0.0,0.0,0.029112692554974118,0.029112692554974118,0.04601988753842623,4.96414807875048,5.458437118343895,0.49428903959341497
287,R5,9,1,0.1,0.1495788148616642,2.7755575615628914e-17,10,0.14957881486166422,0.33336658521754076,0.0,0.0,0.0,0.053820215777556524,0.053820215777556524,0.20872398688673122,4.3802422392703075,5.424403623373195,1.0441613841028872,0.0,0.0,0.0,0.12581531592347603,0.12581531592347603,0.33336658521754076,1.5792042981336627,3.858437118343894,2.2792328202102317
288,R5,9,1,0.2,0.0356740014710881,6.245004513516506e-17,10,0.035674001471088165,0.07894367795958085,0.0,0.0,0.0,0.012245702132833602,0.012245702132833602,0.05599688458368718,3.6881646857229526,3.9346409773436686,0.24647629162071594,0.0,0.0,0.0,0.04716737300247288,0.04716737300247288,0.07894367795958085,0.9475225788801975,1.7538350537926795,0.8063124749124819
289,R5,9,1,0.3,0.0023753757157034,5.854691731421724e-17,10,0.0023753757157034586,0.005254293457928889,0.0,0.0,0.0,0.033225900639733075,0.033225900639733075,0.0038484956695192876,1.0600193421607682,1.5738563909374674,0.5138370487766992,0.0,0.0,0.0,0.045362824167332755,0.045362824167332755,0.005254293457928889,0.0,0.7015340215170718,0.7015340215170718
290,R5,9,1,0.4,0.0,0.0,10,0.0,0.0,0.0,0.0,0.0,-0.0029794752243941097,-0.0029794752243941097,-4.55567827399965e-05,0.5000413203738525,0.4542772444036625,-0.04576407597019,0.0,0.0,0.0,0.0,0.0,0.0,0.0,0.0,0.0
291,R5,9,1,0.5,0.0,0.0,10,0.0,0.0,0.0,0.0,0.0,-0.014165962578817248,-0.014165962578817248,-0.010955397723802052,2.5002066018692624,2.2713862220183128,-0.2288203798509496,0.0,0.0,0.0,0.0,0.0,0.0,0.0,0.0,0.0
292,R5,9,1,0.6000000000000001,0.0,0.0,9,0.0,0.0,0.0,0.0,0.0,-0.014165962578817248,-0.014165962578817248,-0.010955397723802052,2.5002066018692624,2.2713862220183128,-0.2288203798509496,0.0,0.0,0.0,0.0,0.0,0.0,0.0,0.0,0.0
293,R5,9,1,0.7000000000000001,0.0,0.0,9,0.0,0.0,0.0,0.0,0.0,-0.014165962578817248,-0.014165962578817248,-0.010955397723802052,2.5002066018692624,2.2713862220183128,-0.2288203798509496,0.0,0.0,0.0,0.0,0.0,0.0,0.0,0.0,0.0
294,R5,9,1,0.8,0.0,0.0,9,0.0,0.0,0.0,0.0,0.0,-0.029170392769669096,-0.029170392769669096,-0.05335842708236027,5.500454524112376,4.997049688440288,-0.5034048356720877,0.0,0.0,0.0,0.0,0.0,0.0,0.0,0.0,0.0
295,R5,9,1,0.9,-0.0404707408220468,0.0,9,-0.0404707408220468,-0.08956939199145103,2.0,0.0,-6.666666666666667,0.008249415860478837,-0.12526938607421928,-0.12767760494625102,7.052725189017458,4.997049688440288,-2.05567550057717,0.0,0.0,0.0,-0.14874752038165986,-0.14874752038165986,-0.08956939199145103,2.373057340894562,0.0,-2.373057340894562
296,R5,9,1,1.0,-0.1659442860579209,5.551115123125783e-17,9,-0.16594428605792094,-0.3704915866837446,2.0,2.0,0.0,-0.014308601621073003,-0.05310506881101085,-0.04792566535993392,7.615854556543056,6.750884742232968,-0.8649698143100881,2.0,0.0,-6.666666666666667,0.11852477696598199,-0.02142127252983203,0.01329873188957556,3.1197369023350747,2.8047446815241823,-0.3149922208108924
297,R1,1,2,0.0,0.3872240458885805,0.0,9,0.3872240458885805,0.9036608106477744,2.0,5.0,10.0,-0.1774110695743231,0.06853231755844941,0.022201002386873947,7.052725189017458,8.12749558608088,1.0747703970634213,0.0,5.0,16.666666666666668,-0.15750322708606565,0.2043458346781937,0.18349910701028146,2.373057340894562,5.695416601038009,3.3223592601434473
298,R1,1,2,0.1,0.3889466474150218,0.0,9,0.3889466474150218,0.9081468101068174,0.0,5.0,16.666666666666668,-0.25959470695832443,0.08353674774930092,0.06460403174543233,4.0524772667743445,5.401832119658903,1.3493548528845585,0.0,5.0,16.666666666666668,-0.11877345184516566,0.2430756099190937,0.18798510646932445,1.7770978917519928,5.695416601038009,3.9183187092860168
299,R1,1,2,0.2,0.3889466474150218,0.0,9,0.3889466474150218,0.9081468101068174,0.0,5.0,16.666666666666668,-0.25959470695832443,0.08353674774930092,0.06460403174543233,4.0524772667743445,5.401832119658903,1.3493548528845585,0.0,5.0,16.666666666666668,-0.11877345184516566,0.2430756099190937,0.18798510646932445,1.7770978917519928,5.695416601038009,3.9183187092860168
300,R1,1,2,0.3,0.0562441272000763,6.245004513516506e-17,10,0.05624412720007636,0.12454232125390619,5.0,5.0,0.0,-0.015359763724093322,0.028822577492993662,-0.18175066404050333,7.814232834310107,8.06634244759344,0.25210961328333337,2.0,5.0,10.0,-0.1462301819139986,0.07544475573253207,-0.21220138112095716,4.7603556374894405,5.695416601038009,0.9350609635485689
301,R1,1,2,0.4,0.0,0.0,10,0.0,0.0,5.0,5.0,0.0,0.0005609427138473927,-0.0025084096031604552,-0.0024585286029779607,7.041598785079079,7.000538316419625,-0.04106046865945334,5.0,5.0,0.0,0.0,0.034809656854195126,0.02692041810395779,5.1336954182096965,5.695416601038009,0.5617211828283128
302,R1,1,2,0.5,0.1498116364335995,2.7755575615628914e-17,10,0.14981163643359952,0.3338933867986531,5.0,5.0,0.0,0.06824961430757147,0.08844492738583642,0.25369146774740764,8.095797518072906,9.718275460210933,1.6224779421380262,5.0,5.0,0.0,0.09571885507814235,0.16140953426307192,0.38469597174220804,5.1336954182096965,8.012222904454603,2.8785274862449066
303,R1,1,2,0.6000000000000001,0.4832042519320272,0.0,10,0.4832042519320272,1.1660589010725122,5.0,5.0,0.0,0.06824961430757147,0.18454392069038666,0.32801064561129945,6.5435268531678235,9.718275460210933,3.1747486070431092,0.0,5.0,16.666666666666668,-0.121302804691162,0.2714272794038318,0.4697793642746163,3.3565975264577035,8.012222904454603,4.6556253779969
304,R1,1,2,0.7000000000000001,0.4832042519320272,0.0,10,0.4832042519320272,1.1660589010725122,5.0,5.0,0.0,0.06968804542485063,0.18644642153998425,0.3333871776324444,9.706123052149307,12.915687853732377,3.2095648015830704,0.0,5.0,16.666666666666668,-0.121302804691162,0.2714272794038318,0.4697793642746163,3.3565975264577035,8.012222904454603,4.6556253779969
305,R1,1,2,0.8,0.3546660095615828,5.551115123125783e-17,11,0.35466600956158284,0.8201382778109275,5.0,5.0,0.0,-0.00010902596727116465,0.09413126926901827,0.07250142174601315,11.395511154726101,12.915687853732377,1.5201766990062762,0.0,5.0,16.666666666666668,-0.24370778192557283,0.14902230216942097,0.12385874101303174,5.5966362107792405,8.012222904454603,2.4155866936753627
306,R1,1,2,0.9,0.3546660095615828,5.551115123125783e-17,11,0.35466600956158284,0.8201382778109275,5.0,5.0,0.0,-0.00010902596727116465,0.09413126926901827,0.07250142174601315,11.395511154726101,12.915687853732377,1.5201766990062762,0.0,5.0,16.666666666666668,-0.24370778192557283,0.14902230216942097,0.12385874101303174,5.5966362107792405,8.012222904454603,2.4155866936753627
307,R1,1,2,1.0,0.3546414011510802,0.0,11,0.3546414011510802,0.8200760128602116,6.0,6.0,0.0,-8.776762503068247e-05,0.10004973253122285,0.07318635929245665,10.395428513978397,12.00713336492505,1.6117048509466532,0.0,5.0,16.666666666666668,-0.2476673296848749,0.15046850968006215,0.12380199748061105,5.894615935350525,8.332222904454603,2.4376069691040785
308,R1,2,3,0.0,0.3546414011510802,0.0,11,0.3546414011510802,0.8200760128602116,6.0,6.0,0.0,-8.776762503068247e-05,0.10004973253122285,0.07318635929245665,10.395428513978397,12.00713336492505,1.6117048509466532,0.0,5.0,16.666666666666668,-0.2476673296848749,0.15046850968006215,0.12380199748061105,5.894615935350525,8.332222904454603,2.4376069691040785
309,R1,2,3,0.1,0.3425104996518945,5.551115123125783e-17,11,0.34251049965189456,0.789530706131273,5.0,7.0,6.666666666666668,-0.04541865450924493,0.06689661547905357,0.020088979310290855,8.895304552856837,9.94276761019699,1.0474630573401527,0.0,3.0,10.0,-0.13957973855236724,0.12450993726543902,0.27052143319106103,5.5966362107792405,7.78632503184493,2.1896888210656895
310,R1,2,3,0.2,0.1934383372491647,0.0,11,0.1934383372491647,0.43334173223571343,2.0,5.0,10.0,-0.09726385087704673,0.0920348100511923,0.2603729544301737,7.205916450280043,8.890466577921384,1.6845501276413408,0.0,0.0,0.0,0.19138219614129554,0.19138219614129554,0.43334173223571343,2.46265835274385,5.84747822293042,3.3848198701865697
311,R1,2,3,0.3,0.001384678020237,9.974659986866641e-17,11,0.0013846780202370998,0.0030628820447268917,0.0,0.0,0.0,-0.00013614206109374694,-0.00013614206109374694,-0.00010528690993755196,4.043320251298563,4.041121171782446,-0.0021990795161173082,0.0,0.0,0.0,0.003960483546358556,0.003960483546358556,0.0030628820447268917,1.8666989036012807,1.9306719195138267,0.063973015912546
312,R1,2,3,0.4,-0.1350099356770342,2.7755575615628914e-17,11,-0.13500993567703423,-0.3004738847607661,3.0,1.0,-6.666666666666666,0.08635951270272191,-0.06292946537854566,-0.054497396939306914,6.157243965082114,5.13465576584304,-1.022588199239074,2.0,0.0,-6.666666666666667,0.0327426916110059,-0.09476272965383803,-0.1456453076063742,3.8541726713757285,2.2506719195138265,-1.603500751861902
313,R1,2,3,0.5,-0.00885291071017,6.418476861114186e-17,11,-0.008852910710170064,-0.019582973042200823,2.0,2.0,0.0,-0.05811405585794445,-0.05937430247451214,-0.04316603643809974,4.39519042503957,3.439006125480635,-0.9561842995589354,0.0,0.0,0.0,-0.03546409927678042,-0.03546409927678042,-0.019582973042200823,1.977130116394962,1.4122687678055308,-0.5648613485894312
314,R1,2,3,0.6000000000000001,-0.0264234617680242,7.979727989493313e-17,11,-0.02642346176802428,-0.05846177748713889,1.0,1.0,0.0,-0.004366108664261403,-0.003205214536853185,-0.02629993759675414,4.417968585143948,4.3412749006249625,-0.07669368451898517,0.0,0.0,0.0,0.00011716914300638481,0.00011716914300638481,-0.05846177748713889,2.829694684590871,2.770222296600802,-0.05947238799006893
315,R1,2,3,0.7000000000000001,0.0040440683264144,8.326672684688674e-17,11,0.004044068326414484,0.00894544702294553,5.0,5.0,0.0,0.009932221222067092,-0.036059363438058434,-0.0408825528998123,7.984758556622861,7.388702445130363,-0.5960561114924978,1.0,1.0,0.0,0.01933991566359991,0.018738741079994847,0.008936254941175559,4.021613582876009,4.317932085776,0.2963185028999913
316,R1,2,3,0.8,0.1705957318267182,0.0,11,0.1705957318267182,0.3810803311507234,5.0,5.0,0.0,0.0,-0.01585202816079756,-0.012259334462039195,9.69902494388777,9.442969833973422,-0.25605510991434777,2.0,5.0,10.0,-0.1681396501240724,0.03516707796219526,0.027196833516693053,4.7506366455830715,5.318131190669279,0.5674945450862072
317,R1,2,3,0.9,0.1705957318267182,0.0,11,0.1705957318267182,0.3810803311507234,5.0,5.0,0.0,0.024002379142645577,0.031699822110222264,0.0023238325625730694,9.69902494388777,10.187851156988184,0.4888262131004151,2.0,5.0,10.0,-0.13162213151631963,0.10749479855561422,0.049378246519798885,4.7506366455830715,6.451116929377797,1.7004802837947253
318,R1,2,3,1.0,0.2814946814027954,5.551115123125783e-17,11,0.28149468140279543,0.6399360860493915,5.0,5.0,0.0,0.048517439575663346,0.1251758833001153,0.22852664047894877,13.11308334661564,15.27282696997277,2.15974362335713,2.0,5.0,10.0,-0.09389747691023707,0.2502053696319105,0.3949392727842185,4.7506366455830715,9.002344018574917,4.251707372991845
319,R1,3,4,0.0,0.2814946814027954,5.551115123125783e-17,11,0.28149468140279543,0.6399360860493915,5.0,5.0,0.0,0.048517439575663346,0.1251758833001153,0.22852664047894877,13.11308334661564,15.27282696997277,2.15974362335713,2.0,5.0,10.0,-0.09389747691023707,0.2502053696319105,0.3949392727842185,4.7506366455830715,9.002344018574917,4.251707372991845
320,R1,3,4,0.1,0.1706095972874514,0.0,11,0.1706095972874514,0.38111192069473754,5.0,5.0,0.0,-0.028441037581613954,-0.02136244974236534,-0.06431030675663285,13.805160900162996,13.410102172086669,-0.3950587280763269,2.0,5.0,10.0,-0.16811477313163972,0.10551291113254763,0.11221218873874117,5.470636645583071,7.206440755183477,1.735804109600406
321,R1,3,4,0.2,0.1788877781979826,8.326672684688674e-17,11,0.17888777819798268,0.4,7.0,5.0,-6.666666666666668,0.06396339710891134,-0.13073643407216307,-0.14792179134014116,13.43399475462833,11.273255690565612,-2.1607390640627173,3.0,5.0,6.666666666666668,-0.18285073505160424,-0.050298632095636175,0.005665349825116406,6.417573032018578,5.654170090278393,-0.7634029417401846
322,R1,3,4,0.3,-0.1282807671463226,0.0,11,-0.1282807671463226,-0.28532652608606024,5.0,3.0,-6.666666666666668,0.08776267760361914,-0.11611833701769808,-0.19476346229505204,9.155326359320597,7.169880959074611,-1.985445400245986,2.0,1.0,-3.3333333333333335,0.007775646953538218,-0.05735364948535504,-0.09985101320625703,4.728078988815415,3.746261196209914,-0.9818177926055012
323,R1,3,4,0.4,0.1858634827159175,0.0,11,0.1858634827159175,0.41596107164836715,7.0,3.0,-13.333333333333336,0.18867856097960195,-0.04183969275176125,0.03310884123144897,10.710099067807347,10.102756642585163,-0.6073424252221837,3.0,3.0,0.0,0.000330281837249341,0.050104078592313306,0.23937435756134923,5.324038437957984,6.348902563987078,1.0248641260290938
324,R1,3,4,0.5,0.0164502603418955,0.0,10,0.0164502603418955,0.03639092970406643,5.0,5.0,0.0,-0.028441037581613954,-0.11490889497367163,-0.16608090705894485,10.580588803014077,8.643706955933272,-1.9368818470808051,0.0,0.0,0.0,0.047055575835111635,0.047055575835111635,0.03639092970406643,3.2898986228564233,4.049426048447741,0.759527425591318
325,R1,3,4,0.6000000000000001,0.1728929867784387,5.551115123125783e-17,10,0.17289298677843876,0.3863162552117759,5.0,5.0,0.0,0.03310850784470867,-0.0335021031855417,0.0639774515905388,10.580588803014077,10.133469601962798,-0.44711920105127945,0.0,0.0,0.0,0.1708776281275097,0.1708776281275097,0.3863162552117759,3.2898986228564233,6.3153975258647765,3.0254989030083532
326,R1,3,4,0.7000000000000001,0.3957829006859531,0.0,10,0.3957829006859531,0.9260201956708036,11.0,11.0,0.0,0.0,-0.15915913424677175,-0.29113358624462227,15.766366880629647,13.019695676924853,-2.7466712037047945,0.0,5.0,16.666666666666668,-0.22795069199596316,0.09689631900945955,0.1772425628012566,7.2377769702841315,8.908737306585033,1.6709603363009018
327,R1,3,4,0.8,0.0593563290552691,8.326672684688674e-17,10,0.059356329055269184,0.13144953122899472,11.0,11.0,0.0,0.0,-0.2647849187461715,-0.37282040933491345,17.472522180471287,13.019695676924853,-4.452826503546435,5.0,5.0,0.0,0.03768328193150269,-0.025185157376864664,0.0828295554902636,9.20973825735227,8.908737306585033,-0.30100095076723754
328,R1,3,4,0.9,0.0593715777213222,6.938893903907228e-17,10,0.05937157772132227,0.1314833802599895,11.0,11.0,0.0,0.0,-0.1637847790861101,-0.2947108778449672,17.472522180471287,14.651133723822747,-2.82138845664854,5.0,5.0,0.0,0.03772770976221099,0.07892654315019876,0.16334544564804832,9.20973825735227,10.590435866000549,1.380697608648278
329,R1,3,4,1.0,0.0593715777213222,6.938893903907228e-17,10,0.05937157772132227,0.1314833802599895,11.0,11.0,0.0,0.0,-0.1637847790861101,-0.2947108778449672,17.472522180471287,14.651133723822747,-2.82138845664854,5.0,5.0,0.0,0.03772770976221099,0.07892654315019876,0.16334544564804832,9.20973825735227,10.590435866000549,1.380697608648278
330,R1,4,5,0.0,0.0593715777213222,6.938893903907228e-17,10,0.05937157772132227,0.1314833802599895,11.0,11.0,0.0,0.0,-0.1637847790861101,-0.2947108778449672,17.472522180471287,14.651133723822747,-2.82138845664854,5.0,5.0,0.0,0.03772770976221099,0.07892654315019876,0.16334544564804832,9.20973825735227,10.590435866000549,1.380697608648278
331,R1,4,5,0.1,0.0593715777213222,6.938893903907228e-17,10,0.05937157772132227,0.1314833802599895,11.0,11.0,0.0,0.0,-0.1637847790861101,-0.2947108778449672,17.472522180471287,14.651133723822747,-2.82138845664854,5.0,5.0,0.0,0.03772770976221099,0.07892654315019876,0.16334544564804832,9.20973825735227,10.590435866000549,1.380697608648278
332,R1,4,5,0.2,0.1975413537315405,0.0,10,0.1975413537315405,0.4427781632643015,11.0,11.0,0.0,0.0,-0.05033084039388336,0.02591380646618502,15.396289519829217,14.651133723822747,-0.7451557960064701,5.0,5.0,0.0,0.12696811223517093,0.196957875678908,0.4969060004164729,7.04973825735227,10.590435866000549,3.540697608648279
333,R1,4,5,0.3,-0.1098603475188658,0.0,10,-0.1098603475188658,-0.24399368158030232,5.0,5.0,0.0,-0.09381420867045759,-0.20599854357612069,-0.4140084101229031,14.02961747691131,10.435707611371242,-3.593909865540068,5.0,5.0,0.0,-0.06994686558811947,-0.06342747341591609,-0.23895184035232064,7.628213454406329,6.404464388583513,-1.2237490658228163
334,R1,4,5,0.4,0.2293365457071331,2.7755575615628914e-17,10,0.22933654570713313,0.516473148963036,8.0,5.0,-10.0,-0.0030841559478106406,-0.14604927258334577,-0.6317323005244513,13.337539923363956,10.435707611371242,-2.901832311992713,3.0,5.0,6.666666666666668,-0.2383105422829683,-0.04187790436729677,-0.7255791752931036,7.802152628120183,6.404464388583513,-1.39768823953667
335,R1,4,5,0.5,0.15410016609476,8.326672684688674e-17,10,0.15410016609476007,0.34360376330829057,7.0,7.0,0.0,-0.057229629696254614,-0.10397539196677619,-0.34704492575676793,13.550335996935337,11.591900658220638,-1.9584353387146987,0.0,3.0,10.0,-0.18482991772903173,0.04096864559295138,-0.1928557140678267,6.4241729035488975,6.8502570467113815,0.426084143162484
336,R1,4,5,0.6000000000000001,-0.1052186304618305,0.0,10,-0.1052186304618305,-0.2336061476140492,7.0,5.0,-6.666666666666668,0.03534819665350114,-0.15152724223779557,-0.3616280927813802,13.550335996935337,10.847019335205871,-2.703316661729465,0.0,0.0,0.0,-0.07201334094048378,-0.07201334094048378,-0.2336061476140492,6.4241729035488975,5.077271308002864,-1.3469015955460337
337,R1,4,5,0.7000000000000001,-0.0974818874925045,5.551115123125783e-17,10,-0.09748188749250455,-0.2163149237796852,5.0,5.0,0.0,-0.09381420867045759,-0.12955431049206478,-0.3548894499769025,11.8433067955714,9.484187601994883,-2.359119193576518,0.0,0.0,0.0,-0.03415663166719057,-0.03415663166719057,-0.2163149237796852,5.828213454406328,5.077271308002864,-0.7509421464034647
338,R1,4,5,0.8,0.2883309681602207,5.551115123125783e-17,10,0.28833096816022075,0.6563938680622635,11.0,11.0,0.0,0.0,-0.11824932107724839,-0.32294116590631283,14.710025041333449,12.557789703194759,-2.1522353381386896,0.0,5.0,16.666666666666668,-0.31567217586413565,0.009893391743468205,-0.0918280614217808,7.6160918018340364,7.67061108872312,0.05451928688908314
339,R1,4,5,0.9,0.0506519861491005,1.3877787807814457e-17,10,0.05065198614910051,0.1121371465960368,11.0,11.0,0.0,0.0,-0.1287395314850993,-0.326158296041716,15.719044176982758,13.402483754483155,-2.3165604224996024,3.0,5.0,6.666666666666668,-0.09461116052495067,0.0153990973019128,-0.09013957562597019,8.749077540542554,8.889841573264448,0.14076403272189353
340,R1,4,5,1.0,-0.0577042912436152,6.938893903907228e-18,10,-0.05770429124361521,-0.12778269394400854,11.0,11.0,0.0,0.0,-0.13520456341867226,-0.33605368278049275,16.391723600748964,13.965613122008753,-2.4261104787402115,5.0,5.0,0.0,-0.03659736753671891,0.01879221916203866,-0.08494605865610227,9.504401366348233,9.702661896291998,0.19826052994376475
341,R1,5,6,0.0,-0.0577042912436152,6.938893903907228e-18,10,-0.05770429124361521,-0.12778269394400854,11.0,11.0,0.0,0.0,-0.13520456341867226,-0.33605368278049275,16.391723600748964,13.965613122008753,-2.4261104787402115,5.0,5.0,0.0,-0.03659736753671891,0.01879221916203866,-0.08494605865610227,9.504401366348233,9.702661896291998,0.19826052994376475
342,R1,5,6,0.1,0.0961098681739841,0.0,10,0.0961098681739841,0.2132513399175362,11.0,11.0,0.0,0.0,-0.023326905895768135,-0.01988362259368004,14.344337240938998,13.965613122008753,-0.37872411893024527,5.0,5.0,0.0,0.0611685318627572,0.1480995627218613,0.2804808862862883,7.138047821866465,9.702661896291998,2.564614074425533
343,R1,5,6,0.2,0.0438575074048916,8.326672684688674e-17,10,0.04385750740489169,0.09707420131223721,5.0,5.0,0.0,0.008547406724272705,-0.01112381352676528,0.0146027309303286,11.234791823965494,11.079387047046698,-0.15540477691879673,5.0,5.0,0.0,0.027863461642065004,0.10404953931120231,0.15599402392838352,5.350169474438757,7.109322115571741,1.7591526411329843
344,R1,5,6,0.3,0.1375472597320841,8.326672684688674e-17,10,0.13754725973208418,0.3061926053813613,5.0,5.0,0.0,-0.008668159123324193,-0.0342943619382865,0.07111790960489806,10.552329704028839,10.100524218907964,-0.45180548512087526,1.0,3.0,6.666666666666666,-0.05165982177499534,0.08519894309733406,0.22195500195258167,4.561384959611501,6.100302979922432,1.5389180203109314
345,R1,5,6,0.4,0.2452421083419378,0.0,10,0.2452421083419378,0.553756175500953,5.0,5.0,0.0,0.008547406724272705,-0.0064981686874263644,0.018180022530674078,9.528636524123856,9.447949000148807,-0.0806875239750493,0.0,2.0,6.666666666666667,-0.017281676752214842,0.12201931517046288,0.1698911410815911,3.378208187370618,5.427623556156226,2.0494153687856076
346,R1,5,6,0.5,0.1545247888110908,2.7755575615628914e-17,10,0.15452478881109083,0.3445659317632863,3.0,3.0,0.0,0.0018656526299830056,-0.002105148951262348,0.024903984560108228,8.492121385132691,8.485873641828121,-0.006247743304570008,0.0,1.0,3.3333333333333335,0.03726546746521997,0.10616164431376637,0.14561936833312528,2.782248738228049,4.563176962582807,1.7809282243547577
347,R1,5,6,0.6000000000000001,-0.1361130568724494,0.0,10,-0.1361130568724494,-0.30295964771875783,5.0,5.0,0.0,0.021544261446011098,-0.05677691073243207,0.0021654022872760192,11.139667696952941,10.270760509347248,-0.8689071876056929,5.0,3.0,-6.666666666666668,0.15349253113698144,0.054382336135904985,0.14660457594105958,4.902953058762207,5.890200252127663,0.9872471933654561
348,R1,5,6,0.7000000000000001,0.0438422342352882,4.163336342344337e-17,10,0.04384223423528824,0.09704035228124219,5.0,5.0,0.0,0.008547406724272705,-0.022002157482254647,0.006189848011457499,11.139667696952941,10.808546883640922,-0.3311208133120189,5.0,5.0,0.0,0.027819033811356614,0.0985122229419067,0.15171168146061098,4.902953058762207,6.572662372064317,1.6697093133021106
349,R1,5,6,0.8,0.0438422342352882,4.163336342344337e-17,10,0.04384223423528824,0.09704035228124219,5.0,5.0,0.0,0.008547406724272705,-0.022002157482254647,0.006189848011457499,11.139667696952941,10.808546883640922,-0.3311208133120189,5.0,5.0,0.0,0.027819033811356614,0.0985122229419067,0.15171168146061098,4.902953058762207,6.572662372064317,1.6697093133021106
350,R1,5,6,0.9,-0.32338704597757,5.551115123125783e-17,10,-0.32338704597757006,-0.7419536914049177,11.0,11.0,0.0,0.0,-0.08127300391554249,0.10563576866543856,16.182450521321343,15.04592573503072,-1.1365247862906234,5.0,4.0,-3.333333333333334,0.14434684422302466,0.07342924567440434,0.46613784745727516,8.520525251859823,10.133638570360509,1.6131133185006856
351,R1,5,6,1.0,0.0666216603001124,6.938893903907228e-17,10,0.06662166030011248,0.14758438761355963,11.0,11.0,0.0,0.0,-0.05062690254569591,-0.07470465380350699,16.182450521321343,15.327490418793518,-0.8549601025278246,5.0,5.0,0.0,0.04234346452233087,0.1176637954092673,0.2058346757540691,8.520525251859823,10.540048731874284,2.0195234800144615
352,R1,6,7,0.0,0.0666216603001124,6.938893903907228e-17,10,0.06662166030011248,0.14758438761355963,11.0,11.0,0.0,0.0,-0.05062690254569591,-0.07470465380350699,16.182450521321343,15.327490418793518,-0.8549601025278246,5.0,5.0,0.0,0.04234346452233087,0.1176637954092673,0.2058346757540691,8.520525251859823,10.540048731874284,2.0195234800144615
353,R1,6,7,0.1,-0.2202336091720008,5.551115123125783e-17,10,-0.22023360917200085,-0.49526589040843483,7.0,5.0,-6.666666666666668,0.06176621656449707,-0.10939057083917958,-0.11329483573896248,12.643052851793087,10.846064898779648,-1.7969879530134385,3.0,0.0,-10.0,0.17838807875998391,-0.04546948528667416,0.03499317379301575,6.573282527769006,5.914658143585151,-0.658624384183855
354,R1,6,7,0.2,-0.003476105356998,4.336808689942018e-18,10,-0.0034761053569980042,-0.007689106497620751,5.0,5.0,0.0,-0.02759673572954846,-0.07006172946277611,-0.13025973757208642,10.443988342023886,9.232705775898626,-1.2112825661252593,1.0,0.0,-3.3333333333333335,0.06209219321885234,0.009351841942052797,-0.043621908800910464,3.76996732005369,3.867271783775184,0.09730446372149393
355,R1,6,7,0.3,0.0184647889383208,4.163336342344337e-17,10,0.01846478893832084,0.0408483866557206,5.0,5.0,0.0,-0.011339877685358213,-0.031350277902528756,-0.05503183169672321,9.77130891825768,9.232705775898626,-0.5386031423590545,0.0,0.0,0.0,0.0528193253552805,0.0528193253552805,0.0408483866557206,3.0146434942480127,3.867271783775184,0.8526282895271713
356,R1,6,7,0.4,-0.0284762304860588,6.938893903907228e-17,10,-0.02847623048605887,-0.06300588639559279,5.0,0.0,-16.666666666666668,0.269235099861307,-0.04202352940006704,-0.06328610418340486,7.382377046789306,6.671370691565398,-0.7110063552239074,0.0,0.0,0.0,-0.08147025342457656,-0.08147025342457656,-0.06300588639559279,3.0146434942480127,1.706155299841638,-1.3084881944063746
357,R1,6,7,0.5,-0.0320818420363574,5.551115123125783e-17,10,-0.03208184203635746,-0.07098875456626227,2.0,2.0,0.0,-0.061118874682451196,-0.10580004015002051,-0.0847536524950793,5.157891768894352,3.4458543772929335,-1.7120373916014184,0.0,0.0,0.0,-0.07701959375732396,-0.07701959375732396,-0.07098875456626227,2.1207043205341582,0.8644465935734187,-1.2562577269607396
358,R1,6,7,0.6000000000000001,-0.1866162432204525,5.551115123125783e-17,10,-0.18661624322045256,-0.4176859922890603,5.0,1.0,-13.333333333333334,0.14606853645500412,-0.19950643356743986,-0.15331471248095924,8.184791111875997,4.9632184169653755,-3.2215726949106216,1.0,0.0,-3.3333333333333335,-0.1964797004710963,-0.2622567042235413,-0.21869173606726164,4.566914159153095,0.32,-4.246914159153095
359,R1,6,7,0.7000000000000001,-0.3858433436426715,5.551115123125783e-17,10,-0.38584334364267153,-0.9000702668945486,5.0,5.0,0.0,0.024002379142645577,-0.2344238982762653,-0.2034857751044319,11.212523354074195,7.40269845558396,-3.809824898490235,5.0,0.0,-16.666666666666668,0.16103549600140124,-0.22356687564582486,-0.1975050772894696,6.063500211979294,2.425966506308746,-3.637533705670548
360,R1,6,7,0.8,-0.4666657351058282,0.0,10,-0.4666657351058282,-1.1188178580267163,5.0,5.0,0.0,-0.06979707139212192,-0.297433229352971,-0.41951600090310726,12.901911456650987,7.8992860042604685,-5.002625452390519,5.0,0.0,-16.666666666666668,0.1165285417084403,-0.2928579110752295,-0.43542021069114517,7.926225009865393,2.9766108438479097,-4.949614166017483
361,R1,6,7,0.9,-0.4606582409923317,5.551115123125783e-17,10,-0.46065824099233177,-1.101890130327845,5.0,5.0,0.0,-0.049717916670222795,-0.16155480613315987,-0.33299729626387986,11.349640791745905,8.522415371786067,-2.827225419959838,5.0,0.0,-16.666666666666668,0.17165943927208366,-0.14337653296723485,-0.3455250263515307,6.4014801384738025,3.839519063423305,-2.5619610750504975
362,R1,6,7,1.0,-0.1214884696612543,0.0,10,-0.1214884696612543,-0.2700640005872659,11.0,11.0,0.0,0.0,-0.14519734162140396,-0.31852903635445573,18.07249788968975,15.511393742977454,-2.561104146712296,5.0,5.0,0.0,-0.07742057182349707,-0.11003836330244665,-0.2952893163069533,9.98526174929295,7.986724222424398,-1.998537526868553
363,R1,7,8,0.0,-0.1214884696612543,0.0,10,-0.1214884696612543,-0.2700640005872659,11.0,11.0,0.0,0.0,-0.14519734162140396,-0.31852903635445573,18.07249788968975,15.511393742977454,-2.561104146712296,5.0,5.0,0.0,-0.07742057182349707,-0.11003836330244665,-0.2952893163069533,9.98526174929295,7.986724222424398,-1.998537526868553
364,R1,7,8,0.1,-0.4419527290628345,5.551115123125783e-17,10,-0.44195272906283456,-1.0499272143434841,5.0,5.0,0.0,-0.07421926560574142,-0.1316397653509418,-0.2872092938397743,10.289621449585137,7.969306812712609,-2.3203146368725287,5.0,0.0,-16.666666666666668,0.20560878557544526,-0.10942718666387324,-0.29356211036716984,6.4014801384738025,4.414791209806903,-1.9866889286668998
365,R1,7,8,0.2,-0.4606582409923317,5.551115123125783e-17,10,-0.46065824099233177,-1.101890130327845,5.0,5.0,0.0,-0.054140110883842324,-0.15615550666620087,-0.3247331210992402,10.289621449585137,7.55388723436221,-2.7357342152229274,5.0,0.0,-16.666666666666668,0.17165943927208366,-0.14337653296723485,-0.3455250263515307,6.4014801384738025,3.839519063423305,-2.5619610750504975
366,R1,7,8,0.3,-0.0337873605984494,8.326672684688674e-17,10,-0.03378736059844948,-0.07476542494357996,5.0,5.0,0.0,0.0,-0.09485883957807162,-0.07336009179849645,7.010204333767192,5.477965660700828,-1.5322386730663649,0.0,0.0,0.0,-0.09667601657574101,-0.09667601657574101,-0.07476542494357996,4.538755340587704,2.9766108438479097,-1.5621444967397942
367,R1,7,8,0.4,-0.0906970622846562,4.163336342344337e-17,10,-0.09069706228465624,-0.2011729163469994,5.0,1.0,-13.333333333333334,0.2410409994423261,-0.12416466077233224,-0.11821562188625176,7.010204333767192,4.981378112024319,-2.0288262217428734,0.0,0.0,0.0,-0.20778525069274023,-0.20778525069274023,-0.2011729163469994,4.538755340587704,1.145966506308746,-3.392788834278958
368,R1,7,8,0.5,-0.0942376200954704,1.3877787807814457e-17,10,-0.09423762009547042,-0.20907210768812015,3.0,0.0,-10.0,0.08944948626421578,-0.1383174984005986,-0.1271072998564527,6.129821654991685,3.874535391810068,-2.255286263181617,0.0,0.0,0.0,-0.20711476941735274,-0.20711476941735274,-0.20907210768812015,3.942795891445135,0.5506443375391641,-3.392151553905971
369,R1,7,8,0.6000000000000001,-0.2125651468511626,2.7755575615628914e-17,11,-0.21256514685116262,-0.47746993970429275,7.0,5.0,-6.666666666666668,0.024079274697908604,-0.15499133154399047,-0.3142408839792932,10.870675046103644,8.163780090870633,-2.706894955233011,5.0,3.0,-6.666666666666668,-0.02519492097512127,-0.1616484568362319,-0.34113354824022973,8.024152647182307,5.189420062184107,-2.8347325849982
370,R1,7,8,0.7000000000000001,-0.2644161858970097,0.0,11,-0.2644161858970097,-0.5991162126967862,5.0,5.0,0.0,-0.09051415291264908,-0.14083279594250853,-0.26183678738109506,8.986971660414785,6.552144515096282,-2.4348271453185024,3.0,1.0,-6.666666666666666,0.046223232093048516,-0.11770850301670371,-0.2673948190443658,6.807284932077705,4.72090410002234,-2.086380832055365
371,R1,7,8,0.8,-0.073008660884763,8.326672684688674e-17,11,-0.07300866088476309,-0.1617815535864311,5.0,5.0,0.0,-0.065011622973355,-0.08481377534006063,-0.2420924187406358,11.492526481519658,9.937898441094433,-1.554628040425225,5.0,5.0,0.0,-0.04637871157177038,-0.017931187681573812,-0.13978135863035446,6.604945595841716,6.183028395569851,-0.4219172002718654
372,R1,7,8,0.9,-0.3341974631183425,0.0,11,-0.3341974631183425,-0.7687649154822566,7.0,3.0,-13.333333333333336,0.15223070848292927,-0.1941007071296793,-0.1061927114421457,11.694593042112864,8.605261122690099,-3.089331919422765,5.0,0.0,-16.666666666666668,0.1677986248627599,-0.20193302542101288,-0.06049339326648551,8.148427623864483,4.992384058030686,-3.156043565833797
373,R1,7,8,1.0,-0.0717361978031144,2.7755575615628914e-17,11,-0.07173619780311442,-0.15895207012985968,5.0,3.0,-6.666666666666668,0.11111957363145974,-0.17697918668364465,-0.1249212958923307,11.248424291211435,8.402208408475037,-2.8462158827363986,5.0,3.0,-6.666666666666668,0.10700131676968141,-0.1309483333209251,-0.03437848363684115,8.575315818705128,6.5327710962037076,-2.042544722501421
374,R1,8,9,0.0,-0.0717361978031144,2.7755575615628914e-17,11,-0.07173619780311442,-0.15895207012985968,5.0,3.0,-6.666666666666668,0.11111957363145974,-0.17697918668364465,-0.1249212958923307,11.248424291211435,8.402208408475037,-2.8462158827363986,5.0,3.0,-6.666666666666668,0.10700131676968141,-0.1309483333209251,-0.03437848363684115,8.575315818705128,6.5327710962037076,-2.042544722501421
375,R1,8,9,0.1,-0.0717361978031144,2.7755575615628914e-17,11,-0.07173619780311442,-0.15895207012985968,5.0,3.0,-6.666666666666668,0.11111957363145974,-0.17697918668364465,-0.1249212958923307,11.248424291211435,8.402208408475037,-2.8462158827363986,5.0,3.0,-6.666666666666668,0.10700131676968141,-0.1309483333209251,-0.03437848363684115,8.575315818705128,6.5327710962037076,-2.042544722501421
376,R1,8,9,0.2,-0.1361280759272227,5.551115123125783e-17,11,-0.13612807592722276,-0.3029934967497526,5.0,3.0,-6.666666666666668,0.13494278937581336,-0.13524776528552435,-0.12678685855872862,9.559036188634645,7.35118646809836,-2.2078497205362844,5.0,3.0,-6.666666666666668,0.13027924693476725,-0.0772024068259039,0.01183965830135053,6.388246630583939,5.218718583997548,-1.1695280465863913
377,R1,8,9,0.3,-0.3338921623306734,0.0,11,-0.3338921623306734,-0.7680047752804811,5.0,0.0,-16.666666666666668,0.2823018256463651,-0.18279961555654395,-0.14137002558334077,9.559036188634645,6.6063051450835975,-2.952731043551047,5.0,0.0,-16.666666666666668,0.2023247937809741,-0.20233776491536756,-0.08095385424438545,6.388246630583939,3.2064175517219407,-3.1818290788619987
378,R1,8,9,0.4,0.0324570053481272,2.0816681711721685e-17,11,0.03245700534812722,0.07181947335894046,5.0,3.0,-6.666666666666668,0.13494278937581336,-0.05406695517065535,-0.06400481622305743,8.247736394939778,7.35118646809836,-0.8965499268414181,2.0,3.0,3.333333333333333,-0.04265552080595861,0.015449226888389567,0.08349278398572291,4.891660577757742,5.218718583997548,0.3270580062398061
379,R1,8,9,0.5,0.1678286251919145,2.7755575615628914e-17,10,0.16782862519191452,0.3747791210776983,5.0,5.0,0.0,0.000416874167031879,-0.02320680083110288,-0.01721370347463841,7.05064590331326,6.676557775298637,-0.3740881280146233,2.0,5.0,10.0,-0.1729791955714342,0.06164898312543954,0.047676896338628094,4.891660577757742,5.886912824794364,0.9952522470366221
380,R1,8,9,0.6000000000000001,-0.192256775986177,5.551115123125783e-17,10,-0.19225677598617705,-0.43062718758413954,5.0,5.0,0.0,0.0,-0.11474303419621312,-0.08873774504635734,8.110665245474028,6.2572405647333955,-1.8534246807406323,2.0,0.0,-6.666666666666667,0.07864366398043793,-0.0604324932608844,-0.046736110972364714,4.891660577757742,3.914951537726226,-0.9767090400315159
381,R1,8,9,0.7000000000000001,-0.0477104669230897,2.7755575615628914e-17,10,-0.04771046692308973,-0.10561478390445012,5.0,3.0,-6.666666666666668,0.15893455228585882,-0.03333624240808358,0.14132061360312564,7.6461453279960825,7.282483293284976,-0.3636620347111066,2.0,0.0,-6.666666666666667,0.14441312759795683,0.005336970356634496,0.27827629270732473,4.891660577757742,5.267330305490731,0.3756697277329888
382,R1,8,9,0.8,-0.1923932229472049,5.551115123125783e-17,10,-0.19239322294720496,-0.43094059825107167,5.0,2.0,-10.0,0.1504627579195506,-0.11474303419621329,-0.08873774504635779,7.6461453279960825,5.79272064725545,-1.8534246807406323,2.0,0.0,-6.666666666666667,0.008470640351465414,-0.13060551688985692,-0.04704952163929679,4.891660577757742,2.8427282409395165,-2.0489323368182255
383,R1,8,9,0.9,-0.338807321871602,0.0,10,-0.338807321871602,-0.7802639406161201,5.0,5.0,0.0,-0.022092019975995747,-0.14396242904158874,-0.17131274734289215,11.508876262686618,9.12073006763402,-2.388146195052599,5.0,0.0,-16.666666666666668,0.26090156871946024,-0.07641309547735442,-0.041128299855062944,6.786705735518136,5.570660415130604,-1.2160453203875319
384,R1,8,9,1.0,-0.3388520281849866,0.0,10,-0.3388520281849866,-0.7803756555855952,5.0,5.0,0.0,-0.022092019975995747,-0.1439624290415883,-0.1713127473428906,11.044356345208673,8.656210150156074,-2.388146195052599,5.0,0.0,-16.666666666666668,0.25359525857799403,-0.08371940561882063,-0.041240014824537985,6.786705735518136,5.458437118343895,-1.328268617174241
385,R1,9,1,0.0,-0.3388520281849866,0.0,10,-0.3388520281849866,-0.7803756555855952,5.0,5.0,0.0,-0.022092019975995747,-0.1439624290415883,-0.1713127473428906,11.044356345208673,8.656210150156074,-2.388146195052599,5.0,0.0,-16.666666666666668,0.25359525857799403,-0.08371940561882063,-0.041240014824537985,6.786705735518136,5.458437118343895,-1.328268617174241
386,R1,9,1,0.1,0.1495788148616642,2.7755575615628914e-17,10,0.14957881486166422,0.33336658521754076,0.0,0.0,0.0,0.053820215777556524,0.053820215777556524,0.20872398688673122,4.3802422392703075,5.424403623373195,1.0441613841028872,0.0,0.0,0.0,0.12581531592347603,0.12581531592347603,0.33336658521754076,1.5792042981336627,3.858437118343894,2.2792328202102317
387,R1,9,1,0.2,0.0037798182333069,7.632783294297951e-17,10,0.0037798182333069765,0.008360922153432454,0.0,0.0,0.0,-0.027586576010573294,-0.027586576010573294,-0.02133437176275252,4.3802422392703075,3.9346409773436686,-0.44560126192663896,0.0,0.0,0.0,0.010811155681970303,0.010811155681970303,0.008360922153432454,1.5792042981336627,1.7538350537926795,0.17463075565901676
388,R1,9,1,0.3,0.1386297958950972,0.0,10,0.1386297958950972,0.3086337018860791,0.0,0.0,0.0,0.05038617817214943,0.05038617817214943,0.21859793058340182,0.5300096710803841,1.5318095184834968,1.0017998474031127,0.0,0.0,0.0,0.07039934366865812,0.07039934366865812,0.3086337018860791,0.0,1.4030680430341436,1.4030680430341436
389,R1,9,1,0.4,0.0,0.0,10,0.0,0.0,0.0,0.0,0.0,0.0,0.0,0.0,0.0,0.0,0.0,0.0,0.0,0.0,0.0,0.0,0.0,0.0,0.0,0.0
390,R1,9,1,0.5,0.0,0.0,10,0.0,0.0,0.0,0.0,0.0,0.0,0.0,0.0,0.0,0.0,0.0,0.0,0.0,0.0,0.0,0.0,0.0,0.0,0.0,0.0
391,R1,9,1,0.6000000000000001,0.0,0.0,9,0.0,0.0,0.0,0.0,0.0,0.0,0.0,0.0,0.0,0.0,0.0,0.0,0.0,0.0,0.0,0.0,0.0,0.0,0.0,0.0
392,R1,9,1,0.7000000000000001,0.0,0.0,9,0.0,0.0,0.0,0.0,0.0,0.0,0.0,0.0,0.0,0.0,0.0,0.0,0.0,0.0,0.0,0.0,0.0,0.0,0.0,0.0
393,R1,9,1,0.8,0.0090887234579943,1.734723475976807e-17,9,0.009088723457994318,0.020104628107034256,0.0,0.0,0.0,0.017842679880278156,0.017842679880278156,-0.024315651080628387,2.621073547457443,2.8694100098902573,0.24833646243281438,0.0,0.0,0.0,0.03695146961949625,0.03695146961949625,0.020104628107034256,0.7108391567007971,1.2988468089145098,0.5880076522137127
394,R1,9,1,0.9,0.1837800265773558,8.326672684688674e-17,9,0.18378002657735587,0.41118951435681084,0.0,2.0,6.666666666666667,-0.11663108315753445,0.03391856386383896,0.002819217298168003,4.0524772667743445,4.575865613350157,0.5233883465758122,0.0,2.0,6.666666666666667,-0.03963128474126286,0.1155272403139104,0.02916122917267311,1.7770978917519928,3.577013449329713,1.7999155575777201
395,R1,9,1,1.0,0.3872240458885805,0.0,9,0.3872240458885805,0.9036608106477744,2.0,5.0,10.0,-0.1774110695743231,0.06853231755844941,0.022201002386873947,7.052725189017458,8.12749558608088,1.0747703970634213,0.0,5.0,16.666666666666668,-0.15750322708606565,0.2043458346781937,0.18349910701028146,2.373057340894562,5.695416601038009,3.3223592601434473
