heading_column,column_a,column_b,alpha_from,alpha_to,steering_abs_step,real_PFL2_rate_norm_step,real_PFL3_rate_norm_step,real_PFL2_meanV_norm_step,real_PFL3_meanV_norm_step,shadow_PFL2_meanV_norm_step,shadow_PFL3_meanV_norm_step,shadow_PFL2_input_norm_step,shadow_PFL3_input_norm_step,real_PFL2_rate_diff_step,real_PFL3_rate_diff_step,shadow_PFL2_mean_v_diff_step,shadow_PFL3_mean_v_diff_step,shadow_PFL2_input_diff_step,shadow_PFL3_input_diff_step,is_wrap
L1,1,2,0.0,0.1,0.09969511622327039,0.38569460791993504,0.17556172079419582,0.267749237100489,0.15356750915877604,0.08097740314053714,0.0635023884381939,0.08241584768632208,0.06479925799582725,3.3333333333333335,0.8333333333333333,0.014772757881476778,0.006813716714032109,0.24221688675573816,0.11171896696268346,False
L1,1,2,0.1,0.2,0.0755447366077471,0.0,0.05852057359806527,0.027046999617891077,0.06284811968110288,0.022441834410401856,0.03906745547431657,0.022840480613578223,0.03986530568034721,0.0,0.2777777777777777,0.0014954915917830547,0.003649017341558619,0.024520358381104668,0.05982996724655276,False
L1,1,2,0.2,0.3,0.2142915774196619,0.25712973861328997,0.29260286799032637,0.1508060319823367,0.18217187689817962,0.07886367921817972,0.07429465954093308,0.0802645765652464,0.07581193290061437,2.222222222222222,0.27777777777777746,0.032369922838341586,0.001126591600211807,0.5307432774118435,0.018471805483973203,False
L1,1,2,0.3,0.4,0.03051155084230603,0.0642824346533225,0.058520573598065284,0.024762776034199498,0.09362527213888298,0.01829035179427181,0.05156228752322467,0.018615253010643054,0.052615311868535665,0.5555555555555554,0.2777777777777781,0.0018392918588571172,0.00042329951460934323,0.030157371525472598,0.006940497598111328,False
L1,1,2,0.4,0.5,0.06142156759334889,0.128564869306645,0.058520573598065284,0.130150534511459,0.09903817735811458,0.1072021088546907,0.07590343438491834,0.10910639675227983,0.07745356274693137,1.1111111111111116,0.2777777777777781,0.03479283182268128,0.005589513718495198,0.570469743911044,0.09164670687996601,False
L1,1,2,0.5,0.6000000000000001,0.2979886142930335,0.0,0.2340822943922611,0.04167868851055852,0.15292421205472875,0.0673302839293001,0.09704054834755382,0.0685263074609041,0.09902234676652964,0.0,1.111111111111111,0.017099328390707935,0.012466840242928906,0.2803637696928991,0.20440863212885185,False
L1,1,2,0.6000000000000001,0.7000000000000001,0.04306860614010222,0.391014784865574,0.3701166050988026,0.27284138357760424,0.21967657993671633,0.10720210885469117,0.07590343438491798,0.10910639675227994,0.0774535627469314,2.7777777777777777,1.111111111111111,0.0347928318226815,0.0055895137184952814,0.5704697439110449,0.09164670687996468,False
L1,1,2,0.7000000000000001,0.8,0.047812778464901784,0.0642824346533225,0.38818157028232203,0.10887208186555405,0.23784858608360926,0.08040129071389142,0.09676847520764986,0.08182950146919059,0.09874471724707454,0.5555555555555571,0.5555555555555558,0.03420921469719862,0.0007032920856024638,0.5609006489373174,0.011531307885861874,False
L1,1,2,0.8,0.9,0.147055828257521,0.0,0.05852057359806527,0.006961995733916803,0.06874303374220908,0.022441834410402046,0.03906745547431688,0.022840480613578098,0.03986530568034735,0.0,0.27777777777777857,0.0014954915917830824,0.0036490173415585914,0.024520358381105112,0.059829967246553206,False
L1,1,2,0.9,1.0,0.0,0.25712973861328997,0.1655211777204736,0.2093256384171514,0.12153898821046459,0.0809774031405368,0.06350238843819318,0.08241584768632201,0.06479925799582723,2.222222222222223,0.0,0.014772757881476528,0.006813716714032136,0.24221688675573816,0.11171896696268302,False
L1,2,3,0.0,0.1,0.147055828257521,0.06428243465332249,0.17556172079419582,0.0673658840296635,0.14546091916184173,0.06713963630162832,0.08947935465602697,0.06833227325834185,0.09130673554585085,0.5555555555555562,0.833333333333333,0.00312027050656577,0.002841469544089509,0.05116053576453261,0.0465892633117333,False
L1,2,3,0.1,0.2,0.030908206270787997,0.0,0.49656353316142077,0.14395583733444464,0.29167936424921265,0.1383873078983243,0.09559349003918449,0.1408455550207562,0.0975457360914789,0.0,6.661338147750939e-16,0.0031951604826122026,0.002226801195655187,0.05238844574537538,0.0365110467092844,False
L1,2,3,0.2,0.3,0.0017251909928924225,0.38569460791993504,0.0,0.2687442225179426,0.09340173449523584,0.06436883555481117,0.08749923560694295,0.06551225330879393,0.0892861777640137,3.3333333333333335,0.0,0.0067447049698952655,0.005056365024957404,0.11058743756590239,0.0829051017062592,False
L1,2,3,0.3,0.4,0.11565635192737217,0.19284730395996746,0.17556172079419582,0.207800412389918,0.14832636372735805,0.08561651299211684,0.07498779513612498,0.08713736450582779,0.0765192239705029,1.6666666666666665,0.8333333333333333,0.004556985162367244,0.01373269134444069,0.07471717656759758,0.2251637623059315,False
L1,2,3,0.4,0.5,0.09487914858650304,0.28747978728803447,0.5101705328640019,0.23831621039043402,0.34384812887770355,0.12485053196270976,0.176243682127039,0.1270683181570691,0.17984299660476552,1.1111111111111112,1.1111111111111112,0.002251024703578186,0.009233847198356154,0.03690821985207293,0.15139987665867372,False
L1,2,3,0.5,0.6000000000000001,0.15144060445002286,0.14373989364401724,0.2340822943922611,0.16523763968048444,0.2145915684790963,0.12388464127784028,0.12034916891042387,0.12608526984385363,0.12280698470735735,1.6666666666666667,1.1111111111111112,0.013209981193822551,0.00917700878056249,0.2165933094240744,0.1504679433855114,False
L1,2,3,0.6000000000000001,0.7000000000000001,0.3862148727340605,0.2650432679475136,0.3511234415883917,0.24844966038232397,0.2292652802632872,0.08732999715714007,0.07201900530679262,0.08888128619855454,0.07348980440349658,3.8888888888888893,1.6666666666666674,0.004942653719994583,0.012072465722935105,0.08104066999364345,0.19794239412406656,False
L1,2,3,0.7000000000000001,0.8,0.022511907838508094,0.23177361425421744,0.3701166050988026,0.2055972643487199,0.23293964617151522,0.06382369611304713,0.09914588230326718,0.06495743026609618,0.10117067664071068,2.7777777777777777,1.1111111111111103,0.00713037352752266,0.0033961394034516534,0.1169109309919456,0.05568373352439693,False
L1,2,3,0.8,0.9,1.2986599796316334e-05,0.0,0.29260286799032637,0.15178728780443487,0.24780783862551223,0.1383873078983248,0.09559349003918416,0.14084555502075613,0.09754573609147889,0.0,1.3888888888888897,0.003195160482612369,0.002226801195655076,0.05238844574537538,0.03651104670928618,False
L1,2,3,0.9,1.0,0.0,0.0,0.0,0.07689064354950302,0.11054067992840026,0.06713963630162852,0.0894793546560275,0.0683322732583417,0.09130673554585086,0.0,0.0,0.0031202705065654923,0.00284146954408937,0.051160535764530835,0.0465892633117333,False
L1,3,4,0.0,0.1,0.09968816139698095,0.38569460791993504,0.3559667523338708,0.27434135872977944,0.22118734955416974,0.06045762577127911,0.08364967561851426,0.06153156663217418,0.08535800061988277,3.3333333333333357,1.9444444444444442,0.0026383387451909823,0.0022360663644069023,0.04325869293968854,0.03666296013995707,False
L1,3,4,0.1,0.2,0.04264436573311173,0.128564869306645,0.2109989287773885,0.11772058561434796,0.14569014580855436,0.10430720908764339,0.07673102960688248,0.1061600733458088,0.07829805942844402,1.1111111111111125,0.2777777777777777,0.015468182279337828,0.0007795255365690701,0.25361919456957516,0.012781245731448454,False
L1,3,4,0.2,0.3,0.07565377187700903,0.37482778414706003,0.3969058409438471,0.33065493943226226,0.2400504954252366,0.07883615703811117,0.10123968269343375,0.08023656549410103,0.10330723740655091,4.4444444444444455,1.1111111111111125,0.022423821226013108,6.712740765624226e-05,0.36766514486388235,0.001100633465256795,False
L1,3,4,0.3,0.4,0.2920113405390855,0.0,0.3701166050988026,0.12526549311525112,0.24302167395077337,0.09407984753605424,0.09731511679244105,0.09575103774848458,0.09930252255102104,0.0,1.1111111111111116,0.011961696316932835,0.008080981208658883,0.19612619833416023,0.13249727139623824,False
L1,3,4,0.4,0.5,0.03575025692412426,0.19284730395996746,0.3412306495090726,0.22164696221388136,0.23525717436264384,0.13305908895008825,0.16148409728369156,0.1354226880943486,0.1647819859924438,1.666666666666667,0.5555555555555558,0.03491089644802592,0.010349891816797352,0.5724055534745922,0.1696987518672275,False
L1,3,4,0.5,0.6000000000000001,0.3385533797690822,0.0,0.29260286799032637,0.08645073193202088,0.2426972794107314,0.06547833372412319,0.07782342171227208,0.06664146008233836,0.07941276077449876,0.0,1.3888888888888895,0.009983048909024683,0.007193400209224099,0.163683927298786,0.11794432819149181,False
L1,3,4,0.6000000000000001,0.7000000000000001,0.13641570334562755,0.128564869306645,0.3511234415883917,0.08812701543012136,0.2248686581159534,0.09407984753605389,0.0973151167924404,0.09575103774848474,0.09930252255102104,1.1111111111111125,1.6666666666666667,0.011961696316932668,0.00808098120865855,0.19612619833415845,0.13249727139623868,False
L1,3,4,0.7000000000000001,0.8,0.35465422949703307,0.0,0.29260286799032637,0.10346720418556303,0.23092012563902933,0.07883615703811102,0.10123968269343382,0.08023656549410109,0.10330723740655126,0.0,1.3888888888888897,0.022423821226013274,6.712740765615899e-05,0.3676651448638819,0.001100633465256795,False
L1,3,4,0.8,0.9,0.39018033852024314,0.38569460791993504,0.29260286799032637,0.29810695157401423,0.21970915659385648,0.10430720908764346,0.0767310296068824,0.10616007334580888,0.07829805942844396,3.333333333333332,1.3888888888888897,0.015468182279337772,0.0007795255365690978,0.2536191945695747,0.01278124573144801,False
L1,3,4,0.9,1.0,0.0,0.0,0.0,0.059150118948352856,0.08335178969289041,0.0604576257712791,0.0836496756185148,0.06153156663217425,0.08535800061988308,0.0,0.0,0.0026383387451908713,0.002236066364406708,0.04325869293969031,0.036662960139957956,False
L1,4,5,0.0,0.1,0.0,0.0,0.0,0.09686536322575007,0.08595475425015683,0.09759178303525906,0.07998513156926192,0.09932535761997213,0.08161861787972478,0.0,0.0,0.042017591799858756,0.0010229523047084188,0.6889282526925085,0.016772516312390184,False
L1,4,5,0.1,0.2,0.1298271694111992,0.38569460791993504,0.3511234415883917,0.27372316184077866,0.20300973896879243,0.07563653668925663,0.09782537757672126,0.07698010859256783,0.09982320407212544,3.333333333333332,1.6666666666666674,0.005783802229512136,0.002376760427056146,0.09483229745476018,0.03896980616785495,False
L1,4,5,0.2,0.3,0.15188595091738766,0.0,0.3511234415883917,0.08764478585672789,0.22743668540203957,0.06628532595933366,0.09132774141838661,0.06746278734848557,0.09319287075487123,0.0,1.6666666666666674,0.02240278004740609,0.0025886818588104765,0.36732014978464056,0.042444509391734275,False
L1,4,5,0.3,0.4,0.12384718971800047,0.3214121732666125,0.42199785755477703,0.29704640747259237,0.2742181611312847,0.11284127839378216,0.09782027209600778,0.11484573784975215,0.0998179943253726,2.7777777777777786,0.5555555555555558,0.04231063670537044,0.0006195531075940119,0.6937330714854646,0.01015830802245743,False
L1,4,5,0.4,0.5,0.08619820486036595,0.3214121732666125,0.05852057359806528,0.28977008289991324,0.05756094910259862,0.06960548421868358,0.07545309096337438,0.07084192333932812,0.07699402224338393,2.777777777777779,0.2777777777777781,0.023619432726530054,0.002436498542716131,0.38726861347468877,0.03994928342673587,False
L1,4,5,0.5,0.6000000000000001,0.34484007828600477,0.0,0.29260286799032637,0.06391235924128293,0.24088609407482067,0.05419883045241639,0.06830638905540744,0.05516159301368168,0.06970136771269154,0.0,1.388888888888889,0.020124904295625606,0.0030216711895518777,0.3299716751504975,0.04954388301797774,False
L1,4,5,0.6000000000000001,0.7000000000000001,0.3858128556527253,0.38569460791993504,0.0,0.29435618317448153,0.131673756818612,0.11284127839378205,0.09782027209600774,0.11484573784975255,0.09981799432537257,3.3333333333333335,0.0,0.04231063670537061,0.0006195531075939842,0.6937330714854659,0.010158308022456985,False
L1,4,5,0.7000000000000001,0.8,0.0,0.0,0.0,0.07850445458163367,0.12176612024338551,0.06628532595933351,0.09132774141838651,0.06746278734848551,0.09319287075487129,0.0,0.0,0.022402780047405896,0.0025886818588105043,0.36732014978464145,0.04244450939173383,False
L1,4,5,0.8,0.9,0.23767898201112023,0.0,0.24828176658071036,0.08747520053900222,0.20250407612259466,0.07563653668925653,0.09782537757672165,0.07698010859256817,0.09982320407212544,0.0,2.220446049250313e-16,0.0057838022295120806,0.0023767604270561737,0.09483229745476107,0.038969806167854504,False
L1,4,5,0.9,1.0,0.10835627739271572,0.0,0.1655211777204736,0.10896060272424075,0.12938885347969167,0.09759178303525909,0.07998513156926143,0.09932535761997242,0.08161861787972478,0.0,4.440892098500626e-16,0.042017591799858756,0.0010229523047083078,0.6889282526925111,0.016772516312390184,False
L1,5,6,0.0,0.1,0.15381415941759932,0.0,0.3511234415883917,0.05022750857087544,0.20528610987039675,0.03902217239788019,0.046012553767705286,0.03971534393553739,0.046952239371947084,0.0,1.6666666666666674,0.013829758058726438,0.0023462309151226213,0.22675528621301266,0.038469238610055356,False
L1,5,6,0.1,0.2,0.05225236076909242,0.38569460791993504,0.0,0.26430939007687815,0.14095302501773427,0.13293636864492767,0.11180068397907952,0.1352977878433415,0.1140839194154313,3.3333333333333335,0.0,0.04216100836557929,0.0006587879968511234,0.6912797373872956,0.010801610566527398,False
L1,5,6,0.2,0.3,0.21966624167546922,0.0,0.2109989287773885,0.07502713940886534,0.16886128985595722,0.055306607187868284,0.07268362549708841,0.05628904777462289,0.07416799771621135,0.0,0.2777777777777777,0.01768062494822037,0.004544297611826037,0.2898948162024373,0.07450914912835538,False
L1,5,6,0.3,0.4,0.10899896026927008,0.23177361425421744,0.2109989287773885,0.16781101979865173,0.12613743580813744,0.09717538817115948,0.08726267367294964,0.09890156611313117,0.08904478467361371,2.777777777777778,0.2777777777777777,0.02622831926622582,0.005696604240532005,0.43004440257337473,0.09340258300390492,False
L1,5,6,0.4,0.5,0.09175509146191325,0.19284730395996746,0.0,0.17309013226874848,0.12461705282497668,0.08273231189101785,0.09259039707383471,0.08420192981138137,0.094481312836966,1.666666666666667,0.0,0.029613956146760823,0.008227265243670429,0.48555593477799786,0.1348957716510224,False
L1,5,6,0.5,0.6000000000000001,0.07705165519670894,0.128564869306645,0.24828176658071036,0.13452617220132895,0.16498877165464257,0.10731351990837334,0.09513735597395434,0.10921978685957809,0.0970802866855517,1.1111111111111125,0.0,0.040831534481004905,0.0012225890191965572,0.669481436221842,0.02004579702635345,False
L1,5,6,0.6000000000000001,0.7000000000000001,0.08734780848135221,0.38569460791993504,0.1655211777204736,0.2672419289691831,0.13506566207608126,0.09717538817116012,0.08726267367294945,0.0989015661131314,0.08904478467361357,3.333333333333332,0.0,0.02622831926622582,0.005696604240531866,0.43004440257337384,0.09340258300390314,False
L1,5,6,0.7000000000000001,0.8,0.0,0.0,0.0,0.07503392611495249,0.09580408238000773,0.055306607187868416,0.07268362549708828,0.05628904777462289,0.07416799771621142,0.0,0.0,0.01768062494822048,0.004544297611825954,0.28989481620243795,0.07450914912835582,False
L1,5,6,0.8,0.9,0.1313443141943089,0.0,0.3511234415883917,0.14484505637541883,0.1903073913569177,0.1329363686449274,0.11180068397907916,0.13529778784334118,0.11408391941543114,0.0,1.6666666666666674,0.04216100836557923,0.0006587879968510679,0.6912797373872941,0.010801610566528286,False
L1,5,6,0.9,1.0,0.0,0.0,0.0,0.03803298531327855,0.04724735103140756,0.03902217239788043,0.04601255376770552,0.03971534393553742,0.04695223937194708,0.0,0.0,0.013829758058726549,0.00234623091512276,0.2267552862130131,0.03846923861005491,False
L1,6,7,0.0,0.1,0.16222400196768147,0.0,0.31514293343362576,0.09367224214610102,0.24647684409115395,0.09300358945724574,0.11754648530815345,0.09465566152679641,0.11994706365098716,0.0,0.8333333333333339,0.010114200760751868,0.0015966885139447051,0.16583431746103816,0.02617960194496005,False
L1,6,7,0.1,0.2,0.27143538394761857,0.0,0.3925679419426603,0.09473631632210275,0.24258710887714663,0.0732142350056377,0.06847588793049407,0.07451477827985054,0.06987432815728019,0.0,0.8333333333333335,0.0029354557581465768,0.004869986079801936,0.04813027876392706,0.07984919784494116,False
L1,6,7,0.2,0.3,0.0,0.0,0.0,0.09170115860975331,0.11293036793398398,0.07555490014991645,0.08726056870564203,0.07689702190009604,0.08904263671787568,0.0,0.0,0.013837752554557936,0.0034004312979059037,0.22688636545407537,0.055754104224386314,False
L1,6,7,0.3,0.4,0.05614168734058526,0.38569460791993504,0.0,0.2382142829377863,0.16980399096848114,0.11690756010896235,0.12618530398795183,0.11898425108296055,0.12876230752100773,3.333333333333332,0.0,0.0013505201292740021,0.01474966723590948,0.02214337930928245,0.24183828823490794,False
L1,6,7,0.4,0.5,0.036925081077636264,0.0,0.29260286799032637,0.04730546008721991,0.19732360079418187,0.04664541314766036,0.09203548171536755,0.047474000352558714,0.09391506478923783,0.0,1.388888888888889,0.0014461292101700107,0.0006021398423083912,0.02371100358810896,0.009872796885027402,False
L1,6,7,0.5,0.6000000000000001,0.025481008654214796,0.2727272727272727,0.11704114719613057,0.21027111516134991,0.16923828904697621,0.09308431035554045,0.10906447260627843,0.0947378163132055,0.11129182810929403,3.333333333333332,0.5555555555555557,0.015324151904919703,0.006609522631573578,0.2512576457531921,0.10837096279556269,False
L1,6,7,0.6000000000000001,0.7000000000000001,0.044415600338516395,0.5339700056577605,0.31514293343362576,0.37899082948219887,0.28290340065891734,0.11690756010896255,0.12618530398795197,0.1189842510829608,0.12876230752100765,3.8888888888888893,0.8333333333333334,0.0013505201292739466,0.014749667235909508,0.022143379309281563,0.2418382882349075,False
L1,6,7,0.7000000000000001,0.8,0.06405938772098957,0.0,0.25508526643200097,0.07246161034802445,0.18601145124770818,0.07555490014991617,0.0872605687056424,0.07689702190009602,0.08904263671787556,0.0,0.2777777777777777,0.013837752554557714,0.0034004312979057094,0.2268863654540736,0.05575410422438676,False
L1,6,7,0.8,0.9,0.07529745922958452,0.0,0.24128650621655526,0.06370607601892443,0.16922533829453876,0.07321423500563745,0.06847588793049389,0.07451477827985059,0.06987432815728033,0.0,0.8333333333333333,0.0029354557581465768,0.004869986079802074,0.04813027876392795,0.07984919784494116,False
L1,6,7,0.9,1.0,0.021074488820033554,0.5454545454545454,0.510170532864002,0.3839531884342641,0.3002418936714139,0.09300358945724636,0.11754648530815338,0.09465566152679653,0.11994706365098722,6.666666666666668,0.5555555555555558,0.010114200760752035,0.0015966885139446496,0.16583431746103727,0.026179601944960496,False
L1,7,8,0.0,0.1,0.002411134678574555,0.5454545454545454,0.49656353316142077,0.3848071987847465,0.2929762050499329,0.06865613334032536,0.07707415695165502,0.06987570863797606,0.07864819424834918,6.666666666666668,0.0,0.005896406680977906,0.00022326532858091275,0.09667858099150539,0.003660699866826711,False
L1,7,8,0.1,0.2,0.023485623498608107,0.0,0.11704114719613057,0.09719557782545123,0.1437258702997974,0.09070249985571806,0.09896669389322223,0.0923136964506506,0.10098782877785259,0.0,0.5555555555555558,0.007476441001976142,0.016603244421005636,0.12258511769032854,0.27222988462724285,False
L1,7,8,0.2,0.3,0.007630548283427397,0.3214121732666125,0.17556172079419582,0.26247661473337947,0.17375216980459685,0.11469486699533768,0.11378340135572981,0.11673225272840086,0.11610712858885332,2.7777777777777777,0.8333333333333333,0.01144155172985828,0.0007522110606517363,0.18759781090949712,0.012333392502341667,False
L1,7,8,0.3,0.4,0.05690970168620676,0.0,0.11704114719613057,0.11330440586476893,0.13643540561506914,0.08909911039838554,0.09667820485018185,0.09068182513627862,0.09865260335456087,0.0,0.5555555555555556,0.0003563234825795236,0.00804134191869657,0.005842346115797703,0.13184733822296968,False
L1,7,8,0.4,0.5,0.050216531134222406,0.128564869306645,0.16552117772047356,0.13221804082497365,0.14669793166099304,0.06561132032561594,0.07496123914207378,0.06677680899534227,0.07649212563999598,1.1111111111111116,0.0,0.008750504472701537,0.00014096742570687826,0.1434748994009869,0.0023113281394442353,False
L1,7,8,0.5,0.6000000000000001,0.2344730157628087,0.3214121732666125,0.4011968396056841,0.2542402382400986,0.2912337082533292,0.14059449623427644,0.186315402544337,0.14309195081335915,0.19012040546817444,2.7777777777777777,0.2777777777777777,0.03630362223294059,0.002804834060778416,0.5952409445662914,0.0459885811111902,False
L1,7,8,0.6000000000000001,0.7000000000000001,0.1744710076137793,0.19284730395996746,0.3205303823780161,0.20572437321659073,0.2490740766942901,0.08909911039838542,0.09667820485018183,0.09068182513627858,0.0986526033545609,1.666666666666666,1.6666666666666665,0.00035632348257974567,0.008041341918696598,0.005842346115795927,0.13184733822296923,False
L1,7,8,0.7000000000000001,0.8,0.32765047024947025,0.38569460791993504,0.1308559806475534,0.27792199848612015,0.14808908242495292,0.11469486699533778,0.11378340135572962,0.11673225272840092,0.11610712858885325,3.333333333333335,0.2777777777777777,0.011441551729858446,0.0007522110606518473,0.187597810909498,0.012333392502342555,False
L1,7,8,0.8,0.9,0.5995147386759361,0.128564869306645,0.4300366343107469,0.14919894780791218,0.26877507246584964,0.09070249985571838,0.09896669389322246,0.09231369645065056,0.10098782877785276,1.1111111111111125,3.3333333333333335,0.007476441001975864,0.016603244421005775,0.12258511769032765,0.27222988462724373,False
L1,7,8,0.9,1.0,0.3006106099228147,0.19284730395996746,0.3747145031942447,0.2006666275043859,0.2247594146565623,0.06865613334032544,0.0770741569516552,0.06987570863797626,0.07864819424834914,1.666666666666667,0.8333333333333326,0.0058964066809781834,0.0002232653285811348,0.09667858099150628,0.003660699866827155,False
L1,8,9,0.0,0.1,0.0,0.0,0.0,0.053749907380806816,0.0631411596209437,0.04361016881349438,0.05265622917423925,0.044384839364014286,0.05373159440561667,0.0,0.0,0.008410547451867312,0.002116685481437064,0.137900900837014,0.034705568971495016,False
L1,8,9,0.1,0.2,0.20066720868248406,0.0,0.4896182465934662,0.10487770933626045,0.3328749905532903,0.08194292329255595,0.07088251623942522,0.08339851888471485,0.07233010553079264,0.0,0.5555555555555558,0.013499367328706935,0.009856600480746464,0.22133813833309102,0.1616106553424994,False
L1,8,9,0.2,0.3,0.18156062403495488,0.0,0.17556172079419582,0.09477256444812102,0.16657428964879267,0.06938815002877936,0.05395492334456315,0.07062072852697826,0.05505681099463373,0.0,0.833333333333333,0.008382338312200976,0.007156697261699263,0.13743837853461827,0.11734253983514398,False
L1,8,9,0.3,0.4,0.18156062403495488,0.0,0.17556172079419582,0.07265700868731075,0.15896268583696416,0.06327065858044482,0.06473322940810246,0.06439456883458453,0.06605523566096003,0.0,0.833333333333333,0.010126854894462911,0.005044793505047412,0.16604179699171606,0.08271537291288755,False
L1,8,9,0.4,0.5,0.06548369240378332,0.43121968093205176,0.1308559806475534,0.3326102392368194,0.2559756460149303,0.1571847531364385,0.196672814327726,0.15997690924494262,0.20068934019374096,1.666666666666667,0.2777777777777777,0.056653149355004984,0.0036002572923484466,0.9288955773710592,0.059030488407700865,False
L1,8,9,0.5,0.6000000000000001,0.2854947604710857,0.0642824346533225,0.2340822943922611,0.06306436364854456,0.14948662712264574,0.05412183199812291,0.06699215772362517,0.055083226795020666,0.06836029665648621,0.5555555555555554,1.1111111111111107,0.010876500156611568,0.003937242246524586,0.1783331201844245,0.06455575641378175,False
L1,8,9,0.6000000000000001,0.7000000000000001,0.4447040076298111,0.09090909090909091,0.49656353316142077,0.11767371215695355,0.294918340653057,0.06327065858044459,0.06473322940810233,0.0643945688345845,0.06605523566095992,0.0,3.333333333333334,0.010126854894462856,0.005044793505047274,0.16604179699171429,0.08271537291288777,False
L1,8,9,0.7000000000000001,0.8,0.14468275602411523,0.0,0.3511234415883917,0.09311384572127687,0.21965170843194742,0.06938815002877942,0.053954923344563005,0.07062072852697832,0.05505681099463354,0.0,1.6666666666666667,0.008382338312200588,0.007156697261699152,0.1374383785346165,0.11734253983514309,False
L1,8,9,0.8,0.9,0.034097212243439784,0.40655781409087083,0.49656353316142077,0.24561696127731267,0.301352127902093,0.08194292329255591,0.07088251623942528,0.08339851888471479,0.07233010553079268,2.2222222222222223,6.661338147750939e-16,0.013499367328706935,0.009856600480746436,0.22133813833308835,0.16161065534249963,False
L1,8,9,0.9,1.0,0.18055601748122144,0.12856486930664499,0.0,0.11685196361213245,0.054913737276470004,0.04361016881349468,0.0526562291742395,0.04438483936401449,0.05373159440561665,1.1111111111111107,0.0,0.00841054745186684,0.0021166854814371194,0.13790090083701223,0.03470556897149457,False
L1,9,1,0.0,0.1,0.2444335303522751,0.38569460791993504,0.3511234415883917,0.26037416143136044,0.2222455556904195,0.0937907623525862,0.11254212147592754,0.09545681739163119,0.11484049882650067,3.3333333333333335,1.6666666666666674,0.03639990684364047,0.00380272171202381,0.5968196449574612,0.06235013270201817,True
L1,9,1,0.1,0.2,0.14261657549586088,0.0,0.3511234415883917,0.11977936613600969,0.2266518123842426,0.10349420104019522,0.11270916114188502,0.1053326234053613,0.11501094983907047,0.0,1.6666666666666667,0.040681988227497884,0.003937402437194704,0.6670294480256613,0.06455838292981131,True
L1,9,1,0.2,0.3,0.2749781420189869,0.3214121732666125,0.4138029443011839,0.29597038224045813,0.3364251800428552,0.1318981319133647,0.1235767837019339,0.1342411083622483,0.1261005150568461,2.777777777777778,2.777777777777778,0.06050147079143327,0.0040756861715566806,0.9919933716384304,0.06682570876665284,True
L1,9,1,0.3,0.4,0.03794306869041449,0.0,0.29260286799032637,0.13496579828509747,0.2404996978015158,0.09850735988732502,0.10541665837719827,0.10025719834909547,0.10756951685196109,0.0,1.388888888888889,0.034561775417239746,0.0020132755978085337,0.5666813000984514,0.03301004127969276,True
L1,9,1,0.4,0.5,0.0,0.0,0.0,0.1433899124289884,0.18522863370305437,0.10465586013144798,0.13738283652935268,0.10651491766295736,0.14018852026532233,0.0,0.0,0.04768416878911391,0.0009506793571873173,0.7818385032977848,0.015587515618163073,True
L1,9,1,0.5,0.6000000000000001,0.0,0.0,0.0,0.08767287077780463,0.10991769606437572,0.06398971549681673,0.08152521868894072,0.06512639874020244,0.08319015723530754,0.0,0.0,0.018337301914112786,0.000249499874962672,0.3006618139126005,0.004090846370344847,True
L1,9,1,0.6000000000000001,0.7000000000000001,0.0,0.0,0.0,0.1349657982850973,0.14212971644808234,0.0985073598873249,0.10541665837719864,0.10025719834909569,0.10756951685196113,0.0,0.0,0.03456177541723979,0.0020132755978084227,0.5666813000984521,0.033010041279692315,True
L1,9,1,0.7000000000000001,0.8,0.00931561153656836,0.25712973861328997,0.11704114719613055,0.20763114235858363,0.16217427953361047,0.13189813191336452,0.12357678370193358,0.134241108362248,0.1261005150568461,2.2222222222222223,0.5555555555555556,0.060501470791433185,0.0040756861715565695,0.9919933716384284,0.06682570876665395,True
L1,9,1,0.8,0.9,0.017705926248568232,0.0642824346533225,0.3412306495090726,0.12063555122352476,0.2713005714233222,0.10349420104019526,0.11270916114188484,0.10533262340536123,0.1150109498390704,0.5555555555555558,0.5555555555555556,0.04068198822749787,0.003937402437194731,0.6670294480256602,0.06455838292981064,True
L1,9,1,0.9,1.0,0.00014985903433850298,0.38569460791993504,0.0,0.25108399280206756,0.13011670954252869,0.09379076235258538,0.11254212147592811,0.09545681739163095,0.1148404988265009,3.3333333333333335,0.0,0.03639990684364017,0.0038027217120237267,0.5968196449574608,0.06235013270201861,True
L5,1,2,0.0,0.1,0.00014985903433850298,0.38569460791993504,0.0,0.2837926167355533,0.0767636533571371,0.08097740314053696,0.06350238843819364,0.08241584768632208,0.0647992579958272,3.3333333333333335,0.0,0.014772757881476667,0.00681371671403215,0.2422168867557386,0.11171896696268319,False
L5,1,2,0.1,0.2,0.12457153210775225,0.0,0.058520573598065284,0.02704699961789148,0.051031591477916055,0.022441834410402078,0.03906745547431688,0.022840480613578223,0.03986530568034727,0.0,0.2777777777777779,0.001495491591783138,0.0036490173415584908,0.024520358381104224,0.05982996724655343,False
L5,1,2,0.2,0.3,0.4846441636012353,0.3214121732666125,0.2983975467231776,0.26346584751304314,0.21352890292309898,0.07886367921818005,0.07429465954093357,0.08026457656524645,0.07581193290061443,2.777777777777778,1.1111111111111112,0.032369922838341725,0.001126591600211859,0.5307432774118443,0.018471805483972648,False
L5,1,2,0.3,0.4,0.0018991981710881345,0.128564869306645,0.0,0.10892102804677857,0.05804332592810789,0.018290351794271967,0.051562287523224545,0.018615253010643058,0.05261531186853567,1.1111111111111116,0.0,0.0018392918588568674,0.00042329951460925996,0.030157371525472598,0.006940497598111883,False
L5,1,2,0.4,0.5,0.3535815149525713,0.128564869306645,0.29260286799032637,0.13626998258509024,0.06449465178951508,0.10720210885469102,0.07590343438491778,0.10910639675227986,0.07745356274693131,1.1111111111111116,1.388888888888889,0.03479283182268139,0.0055895137184951565,0.5704697439110449,0.09164670687996596,False
L5,1,2,0.5,0.6000000000000001,0.263357703455753,0.0,0.31514293343362576,0.04167868851055851,0.13259281814746507,0.06733028392929986,0.09704054834755359,0.0685263074609041,0.09902234676652956,0.0,0.8333333333333333,0.017099328390707796,0.012466840242928767,0.2803637696929,0.20440863212885158,False
L5,1,2,0.6000000000000001,0.7000000000000001,0.16979052418292723,0.38569460791993504,0.11704114719613054,0.26750157836304245,0.0877530211456181,0.10720210885469099,0.07590343438491787,0.10910639675227994,0.07745356274693134,3.333333333333335,0.5555555555555556,0.03479283182268131,0.005589513718495212,0.5704697439110449,0.09164670687996535,False
L5,1,2,0.7000000000000001,0.8,0.17410222704058603,0.0,0.510170532864002,0.0815418325050996,0.29613257201933446,0.0804012907138916,0.09676847520764995,0.08182950146919057,0.09874471724707454,0.0,0.5555555555555558,0.03420921469719862,0.0007032920856023459,0.5609006489373174,0.011531307885861763,False
L5,1,2,0.8,0.9,0.0,0.0,0.0,0.0069619957339168625,0.0484372739357349,0.02244183441040207,0.03906745547431717,0.022840480613578098,0.03986530568034733,0.0,0.0,0.0014954915917833045,0.0036490173415586746,0.024520358381105112,0.059829967246553206,False
L5,1,2,0.9,1.0,0.16194732644524257,0.128564869306645,0.11704114719613054,0.10687725351540713,0.09882540450457689,0.08097740314053695,0.06350238843819384,0.08241584768632201,0.06479925799582727,1.1111111111111125,0.5555555555555554,0.014772757881476417,0.006813716714032136,0.24221688675573816,0.11171896696268324,False
L5,2,3,0.0,0.1,0.28886520728524934,0.19284730395996746,0.3559667523338708,0.19167587392082858,0.20415997714984066,0.06713963630162843,0.08947935465602759,0.06833227325834187,0.09130673554585085,1.666666666666667,1.9444444444444449,0.0031202705065657144,0.002841469544089384,0.05116053576453261,0.04658926331173319,False
L5,2,3,0.1,0.2,0.18467767489208475,0.0,0.3511234415883917,0.14395583733444475,0.2209209147074524,0.13838730789832432,0.09559349003918426,0.14084555502075619,0.09754573609147896,0.0,1.6666666666666667,0.003195160482612258,0.0022268011956552425,0.05238844574537538,0.036511046709284956,False
L5,2,3,0.2,0.3,0.04174328405132438,0.38569460791993504,0.2340822943922611,0.27485174183639255,0.09675229382794139,0.06436883555481061,0.08749923560694331,0.06551225330879398,0.08928617776401357,3.3333333333333335,1.1111111111111112,0.0067447049698952655,0.0050563650249573905,0.1105874375659015,0.0829051017062592,False
L5,2,3,0.3,0.4,0.12854754867593915,0.19284730395996746,0.18505830254940128,0.16646899888855143,0.15563855613658112,0.08561651299211716,0.07498779513612545,0.08713736450582775,0.07651922397050291,1.6666666666666665,1.1111111111111112,0.004556985162367189,0.013732691344440787,0.07471717656759758,0.2251637623059316,False
L5,2,3,0.4,0.5,0.15511154242728217,0.2032789070454354,0.31514293343362576,0.1809631455595643,0.2418832586191011,0.12485053196270997,0.17624368212703914,0.12706831815706907,0.1798429966047654,1.1111111111111112,0.8333333333333333,0.002251024703578075,0.009233847198356127,0.036908219852071156,0.1513998766586726,False
L5,2,3,0.5,0.6000000000000001,0.00846252836426414,0.14373989364401724,0.36074504334969015,0.11930821584835735,0.1740567866407318,0.12388464127784013,0.12034916891042385,0.12608526984385363,0.12280698470735753,1.6666666666666667,1.1111111111111114,0.013209981193822551,0.00917700878056249,0.21659330942407262,0.15046794338551328,False
L5,2,3,0.6000000000000001,0.7000000000000001,0.0020936829414244405,0.09090909090909091,0.0,0.11462882918992648,0.09530909088945633,0.08732999715714035,0.0720190053067926,0.08888128619855455,0.07348980440349658,1.1111111111111114,0.0,0.004942653719994472,0.01207246572293498,0.08104066999364345,0.19794239412406822,False
L5,2,3,0.7000000000000001,0.8,0.14915107387236223,0.19284730395996746,0.2109989287773885,0.1474354395881012,0.1176096051126784,0.06382369611304727,0.0991458823032671,0.06495743026609618,0.10117067664071083,1.6666666666666665,0.2777777777777777,0.00713037352752266,0.003396139403451709,0.11691093099194738,0.05568373352439748,False
L5,2,3,0.8,0.9,0.024533189473644135,0.11134044285378081,0.0,0.17074651716262065,0.12294465370365913,0.13838730789832435,0.09559349003918391,0.14084555502075619,0.09754573609147903,1.666666666666667,0.0,0.003195160482612147,0.002226801195655298,0.05238844574537449,0.0365110467092864,False
L5,2,3,0.9,1.0,0.11089894957607724,0.19284730395996746,0.4570602909781609,0.12990255311751006,0.23171021547185433,0.06713963630162874,0.0894793546560276,0.06833227325834174,0.0913067355458508,1.666666666666667,3.0555555555555567,0.0031202705065656033,0.0028414695440894533,0.051160535764529946,0.046589263311732965,False
L5,3,4,0.0,0.1,0.11088508411534403,0.0642824346533225,0.3701166050988026,0.05814624297270057,0.23677093537021018,0.06045762577127903,0.08364967561851426,0.06153156663217416,0.08535800061988279,0.5555555555555554,2.222222222222223,0.0026383387451908713,0.0022360663644066248,0.04325869293968854,0.03666296013995707,False
L5,3,4,0.1,0.2,0.058415209292682985,0.14373989364401724,0.36074504334969015,0.13748349291934886,0.1651641315124105,0.10430720908764317,0.07673102960688231,0.10616007334580876,0.07829805942844396,1.666666666666667,1.6666666666666665,0.015468182279337661,0.0007795255365690423,0.25361919456957427,0.012781245731448232,False
L5,3,4,0.2,0.3,0.4601854931038054,0.3214121732666125,0.3412306495090726,0.1937017259425642,0.14894499925247162,0.07883615703811092,0.101239682693434,0.08023656549410103,0.10330723740655097,3.888888888888889,0.555555555555556,0.02242382122601322,6.712740765620062e-05,0.36766514486388147,0.0011006334652571281,False
L5,3,4,0.3,0.4,0.15409399634641757,0.0,0.3511234415883917,0.12591225610446105,0.21522597222402357,0.09407984753605393,0.0973151167924407,0.0957510377484847,0.09930252255102098,0.0,1.6666666666666667,0.011961696316932557,0.008080981208658605,0.19612619833415934,0.13249727139624023,False
L5,3,4,0.4,0.5,0.07695008017581849,0.0,0.4570602909781609,0.1822638588174729,0.3079276383346611,0.13305908895008856,0.1614840972836913,0.1354226880943486,0.16478198599244387,0.0,0.2777777777777777,0.03491089644802586,0.010349891816797227,0.5724055534745922,0.16969875186722783,False
L5,3,4,0.5,0.6000000000000001,0.0,0.0,0.0,0.08874539912416335,0.1000662331365193,0.06547833372412323,0.07782342171227194,0.06664146008233839,0.07941276077449873,0.0,0.0,0.009983048909024655,0.007193400209224113,0.16368392729878778,0.11794432819149225,False
L5,3,4,0.6000000000000001,0.7000000000000001,0.023962078699547164,0.3214121732666125,0.49656353316142077,0.07975489243448414,0.3033185087791221,0.09407984753605389,0.09731511679244106,0.09575103774848451,0.09930252255102111,2.777777777777778,0.0,0.011961696316932585,0.008080981208658702,0.19612619833415934,0.132497271396239,False
L5,3,4,0.7000000000000001,0.8,0.35465422949703307,0.38569460791993504,0.29260286799032637,0.2561968342691288,0.25513829512675373,0.07883615703811085,0.10123968269343392,0.08023656549410116,0.10330723740655118,3.333333333333335,1.3888888888888897,0.022423821226013246,6.712740765611735e-05,0.3676651448638806,0.001100633465256462,False
L5,3,4,0.8,0.9,0.33771305014435193,0.0,0.29260286799032637,0.130206289562822,0.15856928580231633,0.10430720908764345,0.07673102960688248,0.10616007334580889,0.07829805942844403,0.0,1.3888888888888897,0.015468182279337606,0.0007795255365690007,0.25361919456957605,0.012781245731448343,False
L5,3,4,0.9,1.0,0.0,0.0,0.0,0.06180755366114508,0.0833517896928904,0.06045762577127895,0.08364967561851464,0.06153156663217424,0.08535800061988305,0.0,0.0,0.002638338745190927,0.002236066364406847,0.04325869293968898,0.03666296013995751,False
L5,4,5,0.0,0.1,0.0,0.38569460791993504,0.0,0.23763241511618388,0.08595475425015676,0.09759178303525902,0.07998513156926183,0.09932535761997223,0.08161861787972487,3.333333333333335,0.0,0.0420175917998587,0.0010229523047083355,0.6889282526925098,0.01677251631239174,False
L5,4,5,0.1,0.2,0.03693794488985718,0.40655781409087083,0.49656353316142077,0.27468409272061034,0.29215989946735815,0.07563653668925692,0.09782537757672119,0.07698010859256801,0.09982320407212546,2.2222222222222223,0.0,0.005783802229512164,0.0023767604270561113,0.09483229745475974,0.03896980616785606,False
L5,4,5,0.2,0.3,0.19680805259347817,0.38569460791993504,0.3511234415883917,0.2749332999299386,0.23365142014043638,0.0662853259593334,0.09132774141838636,0.06746278734848563,0.09319287075487122,3.333333333333334,1.6666666666666674,0.02240278004740598,0.0025886818588106777,0.36732014978464234,0.0424445093917345,False
L5,4,5,0.3,0.4,0.2638401065756907,0.19284730395996746,0.11704114719613057,0.10348369007244784,0.13840911059900243,0.11284127839378197,0.09782027209600784,0.1148457378497521,0.09981799432537264,1.6666666666666665,0.5555555555555562,0.04231063670537051,0.0006195531075938246,0.6937330714854633,0.010158308022456763,False
L5,4,5,0.4,0.5,0.2708570820149912,0.0,0.3412306495090726,0.09519149808115891,0.1108280950501779,0.06960548421868437,0.07545309096337437,0.07084192333932797,0.07699402224338393,0.0,0.5555555555555556,0.023619432726529985,0.0024364985427163394,0.38726861347468744,0.039949283426735926,False
L5,4,5,0.5,0.6000000000000001,0.0,0.0,0.0,0.06872155810826654,0.09088671434535378,0.05419883045241664,0.06830638905540762,0.05516159301368185,0.06970136771269168,0.0,0.0,0.020124904295625717,0.003021671189551954,0.3299716751504995,0.049543883017978685,False
L5,4,5,0.6000000000000001,0.7000000000000001,0.016185717481562306,0.3214121732666125,0.0,0.13830964990467026,0.13167375681861218,0.11284127839378198,0.09782027209600784,0.1148457378497523,0.09981799432537257,2.777777777777778,0.0,0.042310636705370504,0.0006195531075938385,0.6937330714854648,0.010158308022457374,False
L5,4,5,0.7000000000000001,0.8,0.08902903066452081,0.0,0.05852057359806528,0.08080624872611673,0.11835014251517688,0.06628532595933345,0.09132774141838643,0.06746278734848557,0.09319287075487126,0.0,0.2777777777777777,0.022402780047405986,0.0025886818588105043,0.3673201497846418,0.04244450939173433,False
L5,4,5,0.8,0.9,0.016965714991355726,0.38569460791993504,0.2617119612951068,0.2712775775236072,0.1933310518321173,0.07563653668925663,0.09782537757672152,0.07698010859256814,0.09982320407212546,3.3333333333333335,0.5555555555555556,0.0057838022295122055,0.002376760427056278,0.0948322974547614,0.03896980616785439,False
L5,4,5,0.9,1.0,0.07204289893132937,0.0,0.1308559806475534,0.10912221865116635,0.12290983661186582,0.09759178303525919,0.0799851315692619,0.09932535761997217,0.08161861787972484,0.0,0.27777777777777724,0.04201759179985876,0.0010229523047084604,0.6889282526925089,0.01677251631239135,False
L5,5,6,0.0,0.1,0.15370273699627263,0.0,0.3511234415883917,0.05078353986149244,0.2115560584086215,0.03902217239788026,0.04601255376770561,0.03971534393553746,0.04695223937194703,0.0,1.6666666666666674,0.013829758058726438,0.0023462309151227392,0.22675528621301466,0.0384692386100563,False
L5,5,6,0.1,0.2,1.5273169603445547e-05,0.3214121732666125,0.0,0.13231369942339186,0.1409530250177342,0.1329363686449273,0.11180068397907922,0.13529778784334132,0.1140839194154313,2.777777777777778,0.0,0.04216100836557928,0.0006587879968511234,0.6912797373872939,0.010801610566527842,False
L5,5,6,0.2,0.3,0.08769879000811868,0.0,0.31514293343362576,0.0751358554830303,0.16779575160544166,0.055306607187868215,0.07268362549708829,0.056289047774622916,0.07416799771621138,0.0,0.8333333333333333,0.017680624948220425,0.004544297611825954,0.28989481620243773,0.07450914912835488,False
L5,5,6,0.3,0.4,0.1061902050183413,0.0,0.17556172079419582,0.13011292920513193,0.15331229479682262,0.09717538817115974,0.08726267367294967,0.09890156611313118,0.08904478467361376,0.0,0.8333333333333333,0.02622831926622568,0.005696604240531908,0.4300444025733743,0.0934025830039042,False
L5,5,6,0.4,0.5,0.0,0.0,0.0,0.1102453183864108,0.12461705282497694,0.08273231189101796,0.0925903970738349,0.08420192981138135,0.094481312836966,0.0,0.0,0.02961395614676096,0.00822726524367054,0.4855559347779974,0.1348957716510225,False
L5,5,6,0.5,0.6000000000000001,0.10378482343759257,0.0,0.17556172079419582,0.14635082722363563,0.14273380081649623,0.10731351990837369,0.09513735597395427,0.10921978685957817,0.09708028668555176,0.0,0.8333333333333333,0.04083153448100488,0.001222589019196349,0.6694814362218433,0.02004579702635223,False
L5,5,6,0.6000000000000001,0.7000000000000001,0.013855038329657232,0.3214121732666125,0.2109989287773885,0.09966093179918063,0.12752218758059877,0.0971753881711595,0.08726267367294933,0.0989015661131314,0.08904478467361364,2.7777777777777795,0.27777777777777746,0.026228319266225708,0.005696604240531991,0.4300444025733752,0.09340258300390425,False
L5,5,6,0.7000000000000001,0.8,0.028242445927973342,0.0,0.058520573598065284,0.07505186320669899,0.10225008727587437,0.05530660718786818,0.07268362549708848,0.05628904777462292,0.07416799771621145,0.0,0.2777777777777777,0.017680624948220452,0.004544297611825891,0.2898948162024375,0.0745091491283566,False
L5,5,6,0.8,0.9,0.05979686983337035,0.38569460791993504,0.3559667523338708,0.2764674982020577,0.1975831797235057,0.1329363686449274,0.11180068397907897,0.13529778784334118,0.11408391941543118,3.333333333333332,1.3888888888888893,0.04216100836557929,0.0006587879968509985,0.6912797373872923,0.010801610566529507,False
L5,5,6,0.9,1.0,0.0,0.0,0.0,0.03803298531327891,0.047247351031407564,0.03902217239788038,0.0460125537677059,0.03971534393553737,0.04695223937194717,0.0,0.0,0.013829758058726493,0.0023462309151228225,0.22675528621301488,0.03846923861005491,False
L5,6,7,0.0,0.1,0.3448988378769115,0.38569460791993504,0.2983975467231776,0.2686096276758397,0.25397074489112603,0.09300358945724609,0.1175464853081533,0.09465566152679639,0.11994706365098731,3.333333333333332,1.1111111111111116,0.010114200760751924,0.0015966885139447329,0.16583431746103905,0.026179601944960718,False
L5,6,7,0.1,0.2,0.07976115941827634,0.38569460791993504,0.3559667523338708,0.29225655588187216,0.2083392702298441,0.07321423500563734,0.06847588793049392,0.07451477827985051,0.06987432815728019,3.333333333333335,1.388888888888889,0.0029354557581465768,0.004869986079802144,0.04813027876392795,0.07984919784494038,False
L5,6,7,0.2,0.3,0.10869372537428783,0.0,0.25508526643200097,0.09388740538747718,0.15309499199130674,0.07555490014991605,0.08726056870564208,0.07689702190009604,0.08904263671787564,0.0,1.9444444444444444,0.01383775255455788,0.003400431297905515,0.2268863654540736,0.055754104224386425,False
L5,6,7,0.3,0.4,0.12549864779613462,0.3214121732666125,0.11704114719613057,0.14779662794842333,0.17734001904768074,0.11690756010896268,0.12618530398795183,0.11898425108296085,0.12876230752100767,2.777777777777778,0.5555555555555558,0.0013505201292740576,0.014749667235909189,0.02214337930928245,0.2418382882349085,False
L5,6,7,0.4,0.5,0.11750254772012966,0.0,0.34621238235890717,0.05362687397155085,0.2604626963809378,0.04664541314766032,0.09203548171536689,0.04747400035255865,0.09391506478923786,0.0,0.2777777777777781,0.0014461292101701773,0.0006021398423083149,0.023711003588107182,0.009872796885029067,False
L5,6,7,0.5,0.6000000000000001,0.027513956920605875,0.14373989364401724,0.16552117772047356,0.06595666030832292,0.16994797887508392,0.0930843103555412,0.10906447260627847,0.09473781631320552,0.1112918281092939,1.6666666666666665,1.1111111111111116,0.01532415190491998,0.006609522631573793,0.2512576457531903,0.1083709627955628,False
L5,6,7,0.6000000000000001,0.7000000000000001,0.00021535255259846897,0.3214121732666125,0.0,0.25498079485541064,0.16374563710179746,0.11690756010896235,0.12618530398795186,0.11898425108296107,0.12876230752100767,3.8888888888888893,0.0,0.0013505201292740576,0.014749667235909154,0.02214337930928334,0.24183828823490905,False
L5,6,7,0.7000000000000001,0.8,0.24529910040257108,0.0,0.46079145730285376,0.07246161034802424,0.2277358667060613,0.07555490014991605,0.08726056870564189,0.07689702190009597,0.0890426367178757,0.0,0.5555555555555558,0.01383775255455777,0.003400431297905626,0.22688636545407537,0.0557541042243872,False
L5,6,7,0.8,0.9,0.0,0.19284730395996746,0.0,0.06865097198170882,0.08140966971928136,0.07321423500563741,0.06847588793049414,0.07451477827985056,0.06987432815728034,1.666666666666667,0.0,0.002935455758146688,0.004869986079801963,0.04813027876392706,0.07984919784494127,False
L5,6,7,0.9,1.0,0.2936893925096908,0.5604012729971797,0.4570602909781609,0.38374549201482433,0.23980807477001467,0.09300358945724639,0.11754648530815325,0.09465566152679655,0.11994706365098716,5.555555555555556,0.27777777777777724,0.01011420076075209,0.0015966885139446635,0.16583431746103905,0.02617960194496105,False
L5,7,8,0.0,0.1,0.06294155898688425,0.5454545454545454,0.2340822943922611,0.38742379188114157,0.09575168223113814,0.06865613334032587,0.07707415695165507,0.06987570863797624,0.07864819424834923,6.666666666666667,1.1111111111111112,0.005896406680978239,0.00022326532858098214,0.09667858099150628,0.003660699866826489,False
L5,7,8,0.1,0.2,0.23269760426996544,0.0,0.3701166050988026,0.09735992981840204,0.2410184296916226,0.0907024998557177,0.0989666938932226,0.09231369645065056,0.1009878287778525,0.0,2.2222222222222214,0.007476441001975864,0.016603244421005775,0.12258511769032854,0.2722298846272423,False
L5,7,8,0.2,0.3,0.05473149191417592,0.0,0.11704114719613057,0.1501114132381326,0.1395712962348526,0.11469486699533828,0.11378340135572927,0.11673225272840101,0.11610712858885332,0.0,0.5555555555555554,0.011441551729858335,0.0007522110606519167,0.18759781090949623,0.012333392502341112,False
L5,7,8,0.3,0.4,0.005674317553256869,0.0,0.24828176658071036,0.11330440586476909,0.10924360226709585,0.08909911039838551,0.09667820485018225,0.09068182513627851,0.09865260335456096,0.0,1.666666666666667,0.0003563234825798567,0.00804134191869646,0.005842346115795927,0.13184733822297023,False
L5,7,8,0.4,0.5,0.13565175033726434,0.23177361425421744,0.3511234415883917,0.1574006522252917,0.2277413844310192,0.06561132032561619,0.07496123914207366,0.06677680899534234,0.07649212563999593,0.5555555555555554,1.6666666666666674,0.008750504472701925,0.00014096742570673948,0.1434748994009869,0.0023113281394443463,False
L5,7,8,0.5,0.6000000000000001,0.22449169410402958,0.19284730395996746,0.5426974736860358,0.16071726371749506,0.32825803428487305,0.14059449623427628,0.18631540254433662,0.14309195081335904,0.1901204054681742,1.666666666666666,1.6666666666666674,0.0363036222329407,0.002804834060778555,0.5952409445662914,0.04598858111118809,False
L5,7,8,0.6000000000000001,0.7000000000000001,0.03405764444803078,0.40655781409087083,0.0,0.28048592517269055,0.11863146730046556,0.0890991103983852,0.09667820485018197,0.09068182513627868,0.0986526033545609,2.222222222222224,0.0,0.00035632348257974567,0.008041341918696543,0.0058423461157950385,0.1318473382229698,False
L5,7,8,0.7000000000000001,0.8,0.0,0.0,0.0,0.13029657878971873,0.13352056731644665,0.11469486699533818,0.11378340135572952,0.11673225272840076,0.11610712858885329,0.0,0.0,0.011441551729858501,0.000752211060651875,0.18759781090949623,0.012333392502342777,False
L5,7,8,0.8,0.9,0.010753275210669488,0.128564869306645,0.5881244859372071,0.12334016601326467,0.3021846123437123,0.09070249985571843,0.09896669389322246,0.0923136964506505,0.1009878287778526,1.1111111111111125,1.944444444444445,0.007476441001975864,0.01660324442100572,0.12258511769032943,0.27222988462724385,False
L5,7,8,0.9,1.0,0.1387578351953324,0.2727272727272727,0.4138029443011839,0.25724894567152684,0.17640657050171352,0.06865613334032485,0.0770741569516555,0.06987570863797617,0.07864819424834907,0.0,1.1111111111111107,0.005896406680978128,0.00022326532858102377,0.09667858099150806,0.003660699866827488,False
L5,8,9,0.0,0.1,0.00996389377224588,0.128564869306645,0.05852057359806528,0.11389604104537654,0.06119088398749093,0.04361016881349429,0.0526562291742396,0.04438483936401436,0.05373159440561663,1.1111111111111125,0.2777777777777777,0.0084105474518672,0.0021166854814372305,0.13790090083701134,0.03470556897149524,False
L5,8,9,0.1,0.2,0.0,0.0,0.05852057359806528,0.08391847015749992,0.07630335454296008,0.0819429232925558,0.07088251623942518,0.08339851888471503,0.07233010553079247,0.0,0.2777777777777777,0.013499367328706935,0.009856600480746422,0.22133813833308924,0.1616106553425003,False
L5,8,9,0.2,0.3,0.32030734933917554,0.0,0.3969058409438471,0.09300103584282762,0.249724467636552,0.06938815002877917,0.05395492334456341,0.07062072852697823,0.05505681099463366,0.0,2.7777777777777786,0.008382338312200699,0.007156697261699249,0.1374383785346165,0.11734253983514309,False
L5,8,9,0.3,0.4,0.020997305099272473,0.38569460791993504,0.17556172079419582,0.26276537444103715,0.10474134565775253,0.06327065858044534,0.0647332294081028,0.06439456883458476,0.0660552356609599,3.333333333333332,0.8333333333333335,0.010126854894462967,0.0050447935050473985,0.16604179699171517,0.08271537291288755,False
L5,8,9,0.4,0.5,0.11535508112738022,0.38569460791993504,0.1655211777204736,0.32847827340146846,0.2190913190731499,0.15718475313643784,0.19667281432772596,0.1599769092449426,0.20068934019374093,3.333333333333332,0.0,0.05665314935500476,0.0036002572923484327,0.928895577371061,0.05903048840770164,False
L5,8,9,0.5,0.6000000000000001,0.0,0.0,0.0,0.055980202242129115,0.07452713504154762,0.05412183199812366,0.06699215772362524,0.05508322679502087,0.06836029665648627,0.0,0.0,0.01087650015661179,0.003937242246524586,0.1783331201844227,0.06455575641378222,False
L5,8,9,0.6000000000000001,0.7000000000000001,0.22929857847578747,0.0,0.4718079479258773,0.05495498342280731,0.20461912159990064,0.06327065858044459,0.06473322940810262,0.06439456883458446,0.06605523566095985,0.0,2.5,0.010126854894462689,0.005044793505047315,0.16604179699171429,0.08271537291288819,False
L5,8,9,0.7000000000000001,0.8,0.589383979653879,0.0,0.4896182465934662,0.09267205743140727,0.23678569763441507,0.06938815002877922,0.05395492334456311,0.07062072852697832,0.055056810994633464,0.0,3.8888888888888893,0.008382338312200588,0.007156697261699249,0.1374383785346156,0.11734253983514376,False
L5,8,9,0.8,0.9,0.22519491233704955,0.0,0.5763608078468884,0.0804995964364075,0.2817857801825961,0.08194292329255543,0.07088251623942542,0.08339851888471486,0.07233010553079267,0.0,1.388888888888889,0.013499367328706768,0.009856600480746425,0.22133813833308746,0.16161065534250008,False
L5,8,9,0.9,1.0,0.23549316970771156,0.128564869306645,0.0,0.10766547704319253,0.05492997010654654,0.043610168813494575,0.05265622917423955,0.04438483936401435,0.05373159440561663,1.1111111111111125,0.0,0.008410547451867367,0.0021166854814371958,0.13790090083701223,0.03470556897149463,False
L5,9,1,0.0,0.1,0.11651183109174895,0.19284730395996746,0.3511234415883917,0.18757225904111055,0.22589356932255658,0.09379076235258564,0.11254212147592797,0.09545681739163109,0.11484049882650067,1.666666666666667,1.6666666666666667,0.03639990684364022,0.0038027217120237995,0.5968196449574608,0.06235013270201817,True
L5,9,1,0.1,0.2,0.17836606533228627,0.0,0.3511234415883917,0.11453347876561545,0.2054192913061008,0.10349420104019516,0.1127091611418851,0.10533262340536152,0.11501094983907048,0.0,1.6666666666666667,0.0406819882274978,0.0039374024371946655,0.6670294480256627,0.06455838292981125,True
L5,9,1,0.2,0.3,0.2856821655476505,0.0,0.2983975467231776,0.16379559844213615,0.1508354371266749,0.13189813191336447,0.12357678370193358,0.134241108362248,0.1261005150568461,0.0,1.1111111111111112,0.06050147079143317,0.004075686171556649,0.9919933716384284,0.06682570876665372,True
L5,9,1,0.3,0.4,0.25923557518219936,0.38569460791993504,0.2340822943922611,0.26552781650530205,0.16267687131657713,0.09850735988732477,0.10541665837719848,0.10025719834909588,0.10756951685196105,3.3333333333333335,1.1111111111111112,0.03456177541723972,0.00201327559780844,0.5666813000984527,0.03301004127969259,True
L5,9,1,0.4,0.5,0.0,0.0,0.0,0.12821973340106443,0.1852286337030547,0.10465586013144802,0.13738283652935293,0.10651491766295736,0.1401885202653223,0.0,0.0,0.04768416878911395,0.0009506793571873312,0.7818385032977855,0.015587515618163461,True
L5,9,1,0.5,0.6000000000000001,0.0,0.3214121732666125,0.0,0.28869086741101396,0.10991769606437592,0.0639897154968166,0.08152521868894086,0.06512639874020247,0.08319015723530754,2.777777777777778,0.0,0.018337301914112737,0.0002494998749627657,0.3006618139126007,0.004090846370344847,True
L5,9,1,0.6000000000000001,0.7000000000000001,0.0,0.0,0.0,0.134965798285098,0.142129716448082,0.09850735988732541,0.1054166583771984,0.10025719834909548,0.10756951685196106,0.0,0.0,0.03456177541723991,0.002013275597808374,0.566681300098451,0.03301004127969237,True
L5,9,1,0.7000000000000001,0.8,0.0,0.3214121732666125,0.0,0.3115438629462781,0.166614399446007,0.1318981319133645,0.12357678370193367,0.13424110836224817,0.1261005150568461,2.777777777777778,0.0,0.060501470791433226,0.004075686171556625,0.9919933716384295,0.06682570876665417,True
L5,9,1,0.8,0.9,0.035335475816543546,0.0,0.3412306495090726,0.11809178028240393,0.1628086870690584,0.10349420104019504,0.11270916114188484,0.10533262340536109,0.11501094983907043,0.0,0.5555555555555557,0.04068198822749776,0.0039374024371947175,0.6670294480256596,0.06455838292981142,True
L5,9,1,0.9,1.0,0.043875649562881924,0.38569460791993504,0.11704114719613057,0.26710512154579436,0.13220249544177665,0.09379076235258568,0.11254212147592785,0.09545681739163095,0.1148404988265009,3.3333333333333335,0.5555555555555557,0.03639990684364025,0.0038027217120238654,0.5968196449574603,0.062350132702019,True
R1,1,2,0.0,0.1,0.0017226015264412697,0.38569460791993504,0.0,0.2782430859199064,0.07170152413434232,0.08097740314053699,0.06350238843819375,0.08241584768632208,0.0647992579958271,3.3333333333333335,0.0,0.01477275788147675,0.006813716714032136,0.24221688675573816,0.11171896696268258,False
R1,1,2,0.1,0.2,0.0,0.0,0.0,0.02704699961789182,0.04610705825517781,0.022441834410402327,0.03906745547431661,0.022840480613578223,0.03986530568034729,0.0,0.0,0.0014954915917830824,0.0036490173415585636,0.024520358381104668,0.059829967246552984,False
R1,1,2,0.2,0.3,0.3327025202149454,0.3214121732666125,0.2340822943922611,0.27839461270067467,0.14219620072388067,0.07886367921817937,0.07429465954093331,0.08026457656524642,0.07581193290061454,2.777777777777778,1.111111111111111,0.032369922838341475,0.0011265916002118626,0.5307432774118457,0.018471805483972537,False
R1,1,2,0.3,0.4,0.05624412720007636,0.128564869306645,0.058520573598065284,0.11905492340553268,0.0948703829862779,0.01829035179427174,0.051562287523224594,0.01861525301064306,0.052615311868535665,1.1111111111111116,0.2777777777777781,0.0018392918588571727,0.00042329951460920445,0.030157371525472598,0.006940497598111328,False
R1,1,2,0.4,0.5,0.14981163643359952,0.128564869306645,0.3511234415883917,0.14197892918503408,0.20647476317183286,0.1072021088546911,0.07590343438491824,0.10910639675227986,0.0774535627469314,1.1111111111111116,1.6666666666666674,0.0347928318226815,0.005589513718494948,0.570469743911044,0.09164670687996557,False
R1,1,2,0.5,0.6000000000000001,0.3333926154984277,0.0,0.29260286799032637,0.041678688510558726,0.22730920308496627,0.0673302839293008,0.0970405483475537,0.0685263074609041,0.09902234676652956,0.0,1.3888888888888888,0.0170993283907081,0.012466840242928656,0.2803637696929,0.2044086321288523,False
R1,1,2,0.6000000000000001,0.7000000000000001,0.0,0.38569460791993504,0.0,0.2675015783630424,0.06183862981785907,0.10720210885469124,0.07590343438491817,0.10910639675227994,0.0774535627469313,3.333333333333335,0.0,0.03479283182268128,0.005589513718495032,0.5704697439110449,0.09164670687996557,False
R1,1,2,0.7000000000000001,0.8,0.12853824237044437,0.0,0.3511234415883917,0.08154183250509958,0.21676866461944416,0.08040129071389172,0.0967684752076496,0.08182950146919057,0.09874471724707466,0.0,1.6666666666666665,0.034209214697198786,0.0007032920856026581,0.5609006489373183,0.011531307885861874,False
R1,1,2,0.8,0.9,0.0,0.0,0.0,0.0069619957339168625,0.048272836706694584,0.022441834410401894,0.0390674554743167,0.022840480613578098,0.03986530568034735,0.0,0.0,0.0014954915917830824,0.003649017341558425,0.024520358381104224,0.05982996724655365,False
R1,1,2,0.9,1.0,2.460841050261342e-05,0.128564869306645,0.0,0.11059755646989848,0.07578970933745853,0.08097740314053666,0.06350238843819359,0.082415847686322,0.0647992579958273,1.1111111111111125,0.0,0.01477275788147664,0.006813716714032025,0.24221688675573816,0.11171896696268346,False
R1,2,3,0.0,0.1,0.012130901499185665,0.19284730395996746,0.11704114719613057,0.17152588724660986,0.09928613544735386,0.06713963630162859,0.0894793546560274,0.06833227325834185,0.09130673554585086,1.666666666666667,0.5555555555555562,0.003120270506565659,0.0028414695440894255,0.05116053576453172,0.0465892633117333,False
R1,2,3,0.1,0.2,0.14907216240272986,0.0,0.3925679419426603,0.14395583733444464,0.2355157775277333,0.13838730789832407,0.09559349003918424,0.14084555502075624,0.09754573609147892,0.0,0.8333333333333333,0.0031951604826123137,0.0022268011956552147,0.052388445745377155,0.036511046709284845,False
R1,2,3,0.2,0.3,0.19205365922892761,0.38569460791993504,0.3511234415883917,0.2748517418363927,0.22482458817058912,0.06436883555481103,0.08749923560694307,0.06551225330879394,0.0892861777640135,3.3333333333333335,1.6666666666666667,0.006744704969895321,0.005056365024957293,0.11058743756590061,0.08290510170626098,False
R1,2,3,0.3,0.4,0.13639461369727132,0.19284730395996746,0.17556172079419582,0.2078004123899182,0.14328332482307513,0.08561651299211702,0.07498779513612502,0.08713736450582774,0.0765192239705029,1.6666666666666665,0.8333333333333333,0.004556985162367078,0.013732691344440662,0.07471717656759758,0.22516376230593238,False
R1,2,3,0.4,0.5,0.12615702496686418,0.23177361425421744,0.34621238235890717,0.2137809975594269,0.2358360874149392,0.1248505319627101,0.17624368212703917,0.12706831815706907,0.17984299660476544,0.5555555555555554,0.2777777777777777,0.002251024703578075,0.009233847198356265,0.036908219852072044,0.15139987665867194,False
R1,2,3,0.5,0.6000000000000001,0.017570551057854215,0.22268088570756162,0.4300366343107469,0.15308471576970284,0.32977535814025827,0.12388464127783955,0.12034916891042376,0.12608526984385354,0.12280698470735738,1.1111111111111112,0.5555555555555556,0.013209981193822717,0.009177008780562296,0.2165933094240744,0.15046794338551317,False
R1,2,3,0.6000000000000001,0.7000000000000001,0.030467530094438762,0.2650432679475136,0.0,0.24328969649459808,0.09513961183059132,0.08732999715714047,0.07201900530679235,0.08888128619855445,0.07348980440349658,3.888888888888889,0.0,0.004942653719994472,0.01207246572293491,0.08104066999364434,0.19794239412406833,False
R1,2,3,0.7000000000000001,0.8,0.1665516635003037,0.19284730395996746,0.1655211777204736,0.1749017535801258,0.13048693024801652,0.06382369611304704,0.09914588230326729,0.0649574302660962,0.10117067664071083,1.666666666666667,0.0,0.007130373527522493,0.0033961394034516534,0.11691093099194738,0.05568373352439737,False
R1,2,3,0.8,0.9,0.0,0.0,0.17556172079419582,0.15178728780443482,0.16181806911731764,0.1383873078983248,0.09559349003918398,0.14084555502075616,0.09754573609147899,0.0,0.833333333333333,0.0031951604826124247,0.002226801195655187,0.05238844574537449,0.03651104670928751,False
R1,2,3,0.9,1.0,0.11089894957607724,0.38569460791993504,0.3701166050988026,0.27129634658060947,0.24246363789838996,0.0671396363016285,0.08947935465602729,0.06833227325834179,0.09130673554585075,3.3333333333333357,2.2222222222222237,0.003120270506565548,0.0028414695440894533,0.05116053576453172,0.04658926331173241,False
R1,3,4,0.0,0.1,0.11088508411534403,0.0,0.3701166050988026,0.05815277818387082,0.23522854829684706,0.06045762577127936,0.08364967561851426,0.06153156663217415,0.08535800061988277,0.0,2.222222222222223,0.002638338745190927,0.002236066364406597,0.043258692939689425,0.036662960139956624,False
R1,3,4,0.1,0.2,0.008278180910531285,0.128564869306645,0.36074504334969015,0.11772058561434794,0.2785038233004937,0.10430720908764339,0.0767310296068826,0.1061600733458088,0.07829805942844395,1.1111111111111125,1.6666666666666665,0.015468182279337661,0.0007795255365688758,0.25361919456957427,0.01278124573144801,False
R1,3,4,0.2,0.3,0.30716854534430527,0.37482778414706003,0.2109989287773885,0.33065493943226226,0.14600711420118048,0.07883615703811109,0.10123968269343385,0.08023656549410105,0.10330723740655097,4.4444444444444455,0.27777777777777724,0.022423821226013385,6.712740765615899e-05,0.36766514486388147,0.001100633465256795,False
R1,3,4,0.3,0.4,0.3141442498622401,0.19284730395996746,0.3511234415883917,0.11420991865759739,0.22449165228073106,0.09407984753605374,0.09731511679244076,0.0957510377484845,0.099302522551021,1.666666666666667,1.666666666666667,0.011961696316932668,0.008080981208658577,0.19612619833415934,0.13249727139624,False
R1,3,4,0.4,0.5,0.16941322237402198,0.128564869306645,0.4896182465934662,0.18846015862460297,0.31356984421374845,0.13305908895008828,0.16148409728369154,0.13542268809434857,0.16478198599244387,1.1111111111111125,1.1111111111111112,0.0349108964480257,0.010349891816797269,0.5724055534745931,0.16969875186722705,False
R1,3,4,0.5,0.6000000000000001,0.15644272643654325,0.0,0.3511234415883917,0.08571989404526918,0.23157866255435017,0.06547833372412323,0.07782342171227186,0.06664146008233844,0.07941276077449873,0.0,1.6666666666666667,0.00998304890902496,0.007193400209224099,0.16368392729878511,0.11794432819149225,False
R1,3,4,0.6000000000000001,0.7000000000000001,0.22288991390751436,0.38569460791993504,0.3511234415883917,0.24618038909793266,0.2301576803335638,0.09407984753605445,0.09731511679244098,0.09575103774848445,0.09930252255102102,3.333333333333332,1.6666666666666667,0.01196169631693278,0.008080981208658772,0.19612619833415845,0.13249727139623868,False
R1,3,4,0.7000000000000001,0.8,0.33642657163068396,0.0,0.29260286799032637,0.10273677691488259,0.25513829512675357,0.07883615703811092,0.10123968269343372,0.08023656549410109,0.10330723740655119,0.0,1.3888888888888897,0.022423821226013052,6.71274076562145e-05,0.36766514486388235,0.001100633465256351,False
R1,3,4,0.8,0.9,1.524866605308317e-05,0.0,0.29260286799032637,0.1273306755573947,0.2226148537948556,0.10430720908764356,0.07673102960688251,0.10616007334580889,0.07829805942844408,0.0,1.3888888888888897,0.015468182279337883,0.0007795255365690423,0.25361919456957605,0.012781245731448454,False
R1,3,4,0.9,1.0,0.0,0.0,0.0,0.05915011894835285,0.0833517896928904,0.06045762577127901,0.08364967561851468,0.06153156663217438,0.08535800061988304,0.0,0.0,0.0026383387451908713,0.0022360663644068746,0.043258692939689425,0.0366629601399584,False
R1,4,5,0.0,0.1,0.0,0.0,0.0,0.09686536322575014,0.0859547542501568,0.0975917830352584,0.07998513156926185,0.09932535761997222,0.08161861787972478,0.0,0.0,0.042017591799858534,0.001022952304708391,0.6889282526925085,0.01677251631239063,False
R1,4,5,0.1,0.2,0.13816977601021824,0.0,0.3511234415883917,0.07455665774517929,0.20842196029620605,0.07563653668925695,0.09782537757672145,0.07698010859256783,0.09982320407212554,0.0,1.6666666666666674,0.005783802229512136,0.0023767604270562293,0.09483229745475885,0.03896980616785539,False
R1,4,5,0.2,0.3,0.3074017012504063,0.38569460791993504,0.49656353316142077,0.2890308347225496,0.30918164329425696,0.06628532595933377,0.0913277414183864,0.0674627873484857,0.09319287075487119,3.333333333333332,3.333333333333335,0.0224027800474062,0.0025886818588106153,0.3673201497846432,0.04244450939173516,False
R1,4,5,0.3,0.4,0.33919689322599894,0.0,0.11704114719613057,0.11428229910503679,0.16423780129259366,0.11284127839378186,0.09782027209600791,0.11484573784975215,0.09981799432537261,0.0,0.5555555555555562,0.04231063670537033,0.0006195531075938732,0.6937330714854624,0.010158308022456541,False
R1,4,5,0.4,0.5,0.07523637961237306,0.3461715048119958,0.2109989287773885,0.3041104679922514,0.09588284245976786,0.06960548421868426,0.07545309096337409,0.07084192333932816,0.07699402224338393,3.888888888888891,0.2777777777777777,0.02361943272653011,0.00243649854271627,0.38726861347468944,0.03994928342673543,False
R1,4,5,0.5,0.6000000000000001,0.25931879655659057,0.0,0.17556172079419582,0.0639123285408325,0.14626398145126077,0.05419883045241645,0.06830638905540773,0.05516159301368167,0.06970136771269161,0.0,0.8333333333333333,0.020124904295625662,0.0030216711895520165,0.3299716751504984,0.049543883017978185,False
R1,4,5,0.6000000000000001,0.7000000000000001,0.007736742969325944,0.19284730395996746,0.0,0.12441127947390027,0.13167375681861201,0.11284127839378194,0.09782027209600773,0.11484573784975217,0.09981799432537258,1.6666666666666665,0.0,0.04231063670537047,0.0006195531075939009,0.6937330714854648,0.010158308022456985,False
R1,4,5,0.7000000000000001,0.8,0.3858128556527253,0.38569460791993504,0.0,0.2750085418606869,0.12176612024338511,0.06628532595933359,0.09132774141838632,0.06746278734848571,0.09319287075487126,3.3333333333333335,0.0,0.022402780047406173,0.0025886818588104765,0.3673201497846419,0.04244450939173472,False
R1,4,5,0.8,0.9,0.23767898201112023,0.0,0.24828176658071036,0.0874752005390018,0.20060322706909603,0.07563653668925624,0.09782537757672176,0.07698010859256811,0.09982320407212543,0.0,2.220446049250313e-16,0.005783802229512053,0.0023767604270563403,0.0948322974547593,0.03896980616785495,False
R1,4,5,0.9,1.0,0.10835627739271572,0.0,0.1655211777204736,0.108960602724241,0.13442187590305774,0.0975917830352592,0.0799851315692619,0.09932535761997226,0.08161861787972481,0.0,4.440892098500626e-16,0.04201759179985878,0.0010229523047084188,0.6889282526925107,0.016772516312391517,False
R1,5,6,0.0,0.1,0.15381415941759932,0.0,0.3511234415883917,0.05022750857087558,0.21155605840862152,0.03902217239788008,0.04601255376770568,0.03971534393553739,0.046952239371947105,0.0,1.6666666666666674,0.013829758058726271,0.0023462309151228156,0.22675528621301444,0.038469238610055356,False
R1,5,6,0.1,0.2,0.05225236076909242,0.38569460791993504,0.0,0.28826881566189816,0.14095302501773416,0.1329363686449277,0.1118006839790793,0.13529778784334148,0.11408391941543121,3.3333333333333335,0.0,0.042161008365579566,0.0006587879968509847,0.691279737387295,0.010801610566528286,False
R1,5,6,0.2,0.3,0.09368975232719248,0.0,0.2109989287773885,0.07502713940886521,0.1399236358906449,0.055306607187868284,0.07268362549708828,0.0562890477746229,0.07416799771621137,0.0,0.2777777777777777,0.01768062494822048,0.004544297611825954,0.28989481620243707,0.07450914912835538,False
R1,5,6,0.3,0.4,0.10769484860985362,0.0,0.2109989287773885,0.11099407880114424,0.14742198786861052,0.09717538817115962,0.08726267367294951,0.09890156611313168,0.08904478467361371,0.0,0.2777777777777777,0.02622831926622568,0.0056966042405320605,0.43004440257337384,0.09340258300390403,False
R1,5,6,0.4,0.5,0.09071731953084697,0.128564869306645,0.0,0.12537451000056396,0.12461705282497673,0.08273231189101755,0.09259039707383475,0.08420192981138128,0.09448131283696597,1.1111111111111112,0.0,0.02961395614676071,0.008227265243670345,0.4855559347779974,0.1348957716510233,False
R1,5,6,0.5,0.6000000000000001,0.29063784568354023,0.37482778414706003,0.3412306495090726,0.32440586901435847,0.2528499781687111,0.10731351990837389,0.09513735597395445,0.1092197868595781,0.09708028668555163,4.444444444444446,0.5555555555555558,0.04083153448100513,0.0012225890191965572,0.6694814362218429,0.020045797026353007,False
R1,5,6,0.6000000000000001,0.7000000000000001,0.17995529110773764,0.0,0.11704114719613057,0.10539837580625185,0.11126744014205911,0.09717538817115937,0.08726267367294979,0.09890156611313132,0.08904478467361363,0.0,0.5555555555555558,0.026228319266225597,0.005696604240532005,0.4300444025733743,0.09340258300390358,False
R1,5,6,0.7000000000000001,0.8,0.0,0.0,0.0,0.07505186320669922,0.09580408238000789,0.05530660718786827,0.07268362549708848,0.05628904777462294,0.07416799771621142,0.0,0.0,0.01768062494822048,0.00454429761182612,0.28989481620243795,0.07450914912835582,False
R1,5,6,0.8,0.9,0.3672292802128583,0.38569460791993504,0.5000000000000001,0.2984527635852259,0.2782757036204191,0.13293636864492656,0.11180068397907936,0.1352977878433412,0.11408391941543118,3.333333333333332,0.27777777777777857,0.04216100836557923,0.0006587879968511234,0.6912797373872936,0.010801610566527842,False
R1,5,6,0.9,1.0,0.3900087062776825,0.0,0.058520573598065284,0.0380329853132785,0.08459114444775298,0.03902217239788051,0.0460125537677058,0.039715343935537405,0.04695223937194705,0.0,0.27777777777777857,0.013829758058726438,0.0023462309151227323,0.22675528621301488,0.0384692386100558,False
R1,6,7,0.0,0.1,0.2868552694721133,0.38569460791993504,0.31514293343362576,0.2884307774192221,0.24108524874513906,0.09300358945724575,0.11754648530815327,0.09465566152679641,0.11994706365098717,3.333333333333332,0.8333333333333335,0.010114200760751979,0.0015966885139446496,0.16583431746103816,0.02617960194496094,False
R1,6,7,0.1,0.2,0.21675750381500286,0.0,0.5,0.0954724336859286,0.28914193002047156,0.07321423500563772,0.06847588793049444,0.07451477827985058,0.06987432815728019,0.0,0.2777777777777779,0.0029354557581464658,0.004869986079802047,0.04813027876392706,0.07984919784494116,False
R1,6,7,0.2,0.3,0.021940894295318845,0.0,0.11704114719613055,0.09369457551220033,0.10540147347463073,0.07555490014991642,0.08726056870564208,0.07689702190009606,0.08904263671787564,0.0,0.5555555555555556,0.013837752554558103,0.0034004312979055984,0.22688636545407537,0.05575410422438676,False
R1,6,7,0.3,0.4,0.04694101942437971,0.3214121732666125,0.0,0.2674683056505056,0.16980399096848098,0.11690756010896206,0.12618530398795172,0.11898425108296067,0.12876230752100776,2.7777777777777795,0.0,0.0013505201292742242,0.014749667235909286,0.02214337930928245,0.24183828823490883,False
R1,6,7,0.4,0.5,0.0036056115502985896,0.40655781409087083,0.29260286799032637,0.3022597540270663,0.19930023010828735,0.04664541314766033,0.0920354817153669,0.04747400035255865,0.09391506478923789,2.2222222222222223,1.388888888888889,0.0014461292101699552,0.0006021398423082802,0.023711003588109847,0.009872796885028734,False
R1,6,7,0.5,0.6000000000000001,0.15453440118409512,0.3015113445777636,0.29260286799032637,0.22884907491245368,0.22806327898717407,0.09308431035554042,0.10906447260627845,0.09473781631320545,0.1112918281092939,2.2222222222222223,1.388888888888889,0.015324151904919758,0.006609522631573578,0.25125764575319387,0.1083709627955618,False
R1,6,7,0.6000000000000001,0.7000000000000001,0.19922710042221897,0.18181818181818182,0.3412306495090726,0.20952642256232615,0.30335632881442826,0.11690756010896242,0.12618530398795194,0.118984251082961,0.1287623075210076,2.2222222222222223,0.5555555555555554,0.001350520129273891,0.014749667235909314,0.022143379309284228,0.24183828823490838,False
R1,6,7,0.7000000000000001,0.8,0.08082239146315667,0.0,0.3701166050988026,0.07246161034802459,0.21908176797391557,0.07555490014991621,0.08726056870564214,0.07689702190009595,0.08904263671787561,0.0,1.111111111111112,0.01383775255455777,0.003400431297905737,0.22688636545407448,0.05575410422438587,False
R1,6,7,0.8,0.9,0.006007494113496437,0.0,0.3412306495090726,0.06370607601892421,0.26872401871670415,0.07321423500563737,0.06847588793049396,0.07451477827985058,0.06987432815728027,0.0,2.2222222222222223,0.0029354557581466323,0.004869986079802019,0.04813027876392795,0.0798491978449416,False
R1,6,7,0.9,1.0,0.33916977133107745,0.5454545454545454,0.510170532864002,0.3839531884342642,0.300818295701061,0.09300358945724632,0.11754648530815327,0.0946556615267965,0.11994706365098724,6.666666666666668,0.5555555555555571,0.01011420076075209,0.0015966885139447606,0.16583431746103905,0.026179601944961384,False
R1,7,8,0.0,0.1,0.32046425940158024,0.5604012729971797,0.49656353316142077,0.39621417538950815,0.2980528821534222,0.06865613334032605,0.07707415695165469,0.06987570863797621,0.07864819424834933,7.7777777777777795,1.3322676295501878e-15,0.005896406680978239,0.000223265328580885,0.09667858099150806,0.003660699866827599,False
R1,7,8,0.1,0.2,0.01870551192949721,0.0,0.11704114719613057,0.09723772149859805,0.14232417531028035,0.09070249985571799,0.0989666938932225,0.0923136964506506,0.10098782877785263,0.0,0.5555555555555558,0.007476441001976031,0.01660324442100561,0.12258511769032765,0.27222988462724373,False
R1,7,8,0.2,0.3,0.42687088039388227,0.19284730395996746,0.3925679419426603,0.15060752809037642,0.2823248404339876,0.11469486699533789,0.11378340135572959,0.11673225272840095,0.11610712858885334,1.666666666666666,0.8333333333333341,0.01144155172985828,0.0007522110606518473,0.18759781090949623,0.012333392502342555,False
R1,7,8,0.3,0.4,0.05690970168620676,0.0,0.11704114719613057,0.11330440586476867,0.1380695802629596,0.08909911039838536,0.09667820485018182,0.09068182513627854,0.09865260335456082,0.0,0.5555555555555556,0.00035632348257957913,0.00804134191869646,0.005842346115796815,0.13184733822296968,False
R1,7,8,0.4,0.5,0.0035405578108141794,0.128564869306645,0.05852057359806527,0.13221804082497382,0.1062785355113437,0.06561132032561613,0.07496123914207388,0.06677680899534238,0.076492125639996,1.1111111111111116,0.2777777777777777,0.008750504472701648,0.00014096742570682275,0.1434748994009869,0.0023113281394446794,False
R1,7,8,0.5,0.6000000000000001,0.1183275267556922,0.3214121732666125,0.4790115393124893,0.23909345105857677,0.2811284696993401,0.14059449623427586,0.18631540254433723,0.14309195081335915,0.19012040546817444,2.7777777777777777,0.2777777777777781,0.03630362223294048,0.002804834060778638,0.5952409445662914,0.045988581111187976,False
R1,7,8,0.6000000000000001,0.7000000000000001,0.05185103904584709,0.19284730395996746,0.21896393648144905,0.2057243732165907,0.17704573826846656,0.08909911039838575,0.09667820485018193,0.09068182513627866,0.09865260335456094,1.666666666666666,4.440892098500626e-16,0.0003563234825799122,0.008041341918696376,0.0058423461157950385,0.13184733822296968,False
R1,7,8,0.7000000000000001,0.8,0.19140752501224662,0.38569460791993504,0.24128650621655526,0.2727007441274752,0.205823163824275,0.11469486699533793,0.11378340135572988,0.11673225272840083,0.11610712858885326,3.333333333333335,0.8333333333333326,0.011441551729858446,0.0007522110606519306,0.18759781090949712,0.012333392502342999,False
R1,7,8,0.8,0.9,0.2611888022335794,0.128564869306645,0.2109989287773885,0.14919894780791218,0.19424737107036233,0.09070249985571806,0.09896669389322243,0.09231369645065056,0.1009878287778527,1.1111111111111125,1.3888888888888888,0.007476441001975975,0.016603244421005747,0.12258511769032765,0.27222988462724285,False
R1,7,8,0.9,1.0,0.26246126531522807,0.19284730395996746,0.6437263095787181,0.2006666275043859,0.3774570785512073,0.06865613334032562,0.07707415695165509,0.06987570863797625,0.07864819424834911,1.666666666666667,0.27777777777777724,0.005896406680978128,0.0002232653285809405,0.09667858099150628,0.0036606998668284874,False
R1,8,9,0.0,0.1,0.0,0.0,0.0,0.05374990738080693,0.06314115962094428,0.04361016881349433,0.05265622917423976,0.044384839364014286,0.05373159440561663,0.0,0.0,0.0084105474518672,0.0021166854814372027,0.13790090083701312,0.03470556897149368,False
R1,8,9,0.1,0.2,0.06439187812410833,0.0,0.5266851623825876,0.10487770933626027,0.32299633025058466,0.08194292329255563,0.07088251623942547,0.08339851888471485,0.07233010553079254,0.0,0.8333333333333344,0.01349936732870688,0.009856600480746491,0.22133813833309102,0.16161065534249897,False
R1,8,9,0.2,0.3,0.19776408640345067,0.0,0.17556172079419582,0.09477256444812102,0.16033928231577682,0.0693881500287794,0.053954923344562956,0.07062072852697826,0.05505681099463364,0.0,0.833333333333333,0.008382338312200976,0.007156697261699346,0.13743837853461827,0.11734253983514353,False
R1,8,9,0.3,0.4,0.36634916767880066,0.0,0.3412306495090726,0.0726570086873106,0.25653155745747547,0.06327065858044514,0.06473322940810278,0.06439456883458453,0.06605523566095992,0.0,2.222222222222222,0.010126854894463189,0.0050447935050476345,0.16604179699171695,0.08271537291288711,False
R1,8,9,0.4,0.5,0.13537161984378732,0.43121968093205176,0.11704114719613057,0.3406685167103867,0.25626382384071955,0.15718475313643815,0.1966728143277257,0.15997690924494262,0.20068934019374088,1.666666666666667,0.5555555555555558,0.05665314935500476,0.003600257292348419,0.9288955773710592,0.05903048840770042,False
R1,8,9,0.5,0.6000000000000001,0.36008540117809157,0.128564869306645,0.29260286799032637,0.11709008014833026,0.24340963219421247,0.054121831998122844,0.06699215772362571,0.055083226795020646,0.0683602966564862,1.1111111111111116,1.388888888888889,0.01087650015661168,0.0039372422465247525,0.17833312018442538,0.0645557564137822,False
R1,8,9,0.6000000000000001,0.7000000000000001,0.14454630906308732,0.0642824346533225,0.3511234415883917,0.09451632388290157,0.21054396883780668,0.06327065858044491,0.0647332294081022,0.06439456883458453,0.06605523566095986,0.5555555555555562,1.6666666666666667,0.010126854894462745,0.005044793505047274,0.1660417969917134,0.08271537291288755,False
R1,8,9,0.7000000000000001,0.8,0.14468275602411523,0.0,0.3511234415883917,0.09311384572127693,0.21672395383918447,0.06938815002877932,0.053954923344563144,0.0706207285269783,0.055056810994633464,0.0,1.6666666666666667,0.008382338312200643,0.007156697261699069,0.1374383785346165,0.11734253983514287,False
R1,8,9,0.8,0.9,0.14641409892439705,0.43121968093205176,0.49656353316142077,0.2813274308064372,0.2992398892953329,0.08194292329255587,0.0708825162394254,0.08339851888471485,0.07233010553079264,1.6666666666666679,6.661338147750939e-16,0.013499367328706935,0.009856600480746436,0.2213381383330879,0.1616106553425003,False
R1,8,9,0.9,1.0,4.4706313384601515e-05,0.06428243465332249,0.0,0.05602290857037917,0.05491373727646992,0.04361016881349478,0.0526562291742395,0.04438483936401443,0.053731594405616645,0.5555555555555562,0.0,0.008410547451867256,0.0021166854814371194,0.13790090083701223,0.03470556897149346,False
R1,9,1,0.0,0.1,0.48843084304665085,0.38569460791993504,0.4570602909781609,0.2735331789255036,0.3139951724407699,0.09379076235258567,0.11254212147592761,0.09545681739163113,0.11484049882650066,3.3333333333333335,3.0555555555555562,0.03639990684364025,0.0038027217120238654,0.5968196449574616,0.062350132702018835,True
R1,9,1,0.1,0.2,0.14579899662835724,0.0,0.3511234415883917,0.11977936613600976,0.22663740792942322,0.10349420104019509,0.1127091611418851,0.1053326234053613,0.11501094983907047,0.0,1.6666666666666667,0.04068198822749776,0.00393740243719462,0.6670294480256607,0.06455838292981153,True
R1,9,1,0.2,0.3,0.13484997766179022,0.25712973861328997,0.2983975467231776,0.25971852834476167,0.27056192641906723,0.1318981319133646,0.12357678370193363,0.1342411083622483,0.12610051505684616,2.2222222222222223,1.1111111111111112,0.060501470791433296,0.004075686171556708,0.9919933716384306,0.06682570876665395,True
R1,9,1,0.3,0.4,0.1386297958950972,0.06428243465332249,0.2340822943922611,0.10461000822736015,0.1726959109231034,0.09850735988732508,0.10541665837719832,0.10025719834909548,0.10756951685196105,0.5555555555555556,1.1111111111111112,0.03456177541723979,0.002013275597808367,0.5666813000984512,0.03301004127969276,True
R1,9,1,0.4,0.5,0.0,0.0,0.0,0.14338991242898796,0.18522863370305437,0.10465586013144763,0.13738283652935268,0.10651491766295736,0.1401885202653223,0.0,0.0,0.0476841687891138,0.0009506793571875116,0.7818385032977857,0.01558751561816396,True
R1,9,1,0.5,0.6000000000000001,0.0,0.0,0.0,0.08767287077780464,0.10991769606437593,0.06398971549681674,0.08152521868894087,0.06512639874020244,0.08319015723530751,0.0,0.0,0.018337301914112786,0.00024949987496269976,0.3006618139126005,0.004090846370344625,True
R1,9,1,0.6000000000000001,0.7000000000000001,0.0,0.0,0.0,0.13496579828509755,0.14212971644808206,0.09850735988732508,0.10541665837719842,0.1002571983490957,0.10756951685196112,0.0,0.0,0.03456177541723979,0.0020132755978083117,0.5666813000984519,0.033010041279692315,True
R1,9,1,0.7000000000000001,0.8,0.009088723457994318,0.25712973861328997,0.2109989287773885,0.2156423443963209,0.19901265425328615,0.13189813191336483,0.12357678370193362,0.13424110836224798,0.12610051505684614,2.2222222222222223,0.2777777777777778,0.060501470791433365,0.004075686171556597,0.9919933716384286,0.06682570876665417,True
R1,9,1,0.8,0.9,0.17469130311936154,0.0642824346533225,0.24128650621655526,0.13174862927125472,0.17729563684942098,0.10349420104019512,0.11270916114188488,0.10533262340536123,0.11501094983907043,0.5555555555555558,0.2777777777777778,0.04068198822749777,0.003937402437194731,0.66702944802566,0.06455838292981131,True
R1,9,1,0.9,1.0,0.20344401931122463,0.38569460791993504,0.17556172079419582,0.26156197128525577,0.17530481542726042,0.09379076235258527,0.11254212147592793,0.09545681739163095,0.11484049882650085,3.3333333333333335,0.8333333333333335,0.03639990684364011,0.003802721712023782,0.5968196449574603,0.06235013270201906,True
R5,1,2,0.0,0.1,0.23980392077139756,0.0,0.11704114719613055,0.09901643973867846,0.08546751890841828,0.08097740314053718,0.06350238843819375,0.08241584768632224,0.0647992579958273,0.0,0.5555555555555554,0.014772757881476806,0.006813716714032091,0.2422168867557386,0.11171896696268269,False
R5,1,2,0.1,0.2,0.025807887007429364,0.0,0.058520573598065284,0.026189594079441943,0.0772870406577321,0.02244183441040148,0.03906745547431675,0.022840480613578185,0.03986530568034729,0.0,0.2777777777777781,0.0014954915917829437,0.003649017341558529,0.024520358381104224,0.05982996724655315,False
R5,1,2,0.2,0.3,0.028258003040405988,0.3214121732666125,0.0,0.2572975559750744,0.08699507370014879,0.07886367921818012,0.07429465954093321,0.08026457656524645,0.07581193290061437,2.7777777777777795,0.0,0.0323699228383417,0.0011265916002118105,0.5307432774118439,0.018471805483973314,False
R5,1,2,0.3,0.4,0.0,0.0,0.0,0.023508456761499315,0.058043325928107826,0.018290351794271947,0.05156228752322476,0.01861525301064313,0.05261531186853563,0.0,0.0,0.0018392918588568952,0.00042329951460930507,0.030157371525472154,0.006940497598111939,False
R5,1,2,0.4,0.5,0.039357960054858754,0.0,0.3701166050988026,0.12179945686957809,0.21041848128546567,0.1072021088546912,0.07590343438491796,0.10910639675227987,0.07745356274693126,0.0,1.111111111111111,0.03479283182268153,0.005589513718495219,0.5704697439110444,0.09164670687996596,False
R5,1,2,0.5,0.6000000000000001,0.353049459540981,0.0,0.4896182465934662,0.01804067143188685,0.22386084287787633,0.06733028392930034,0.09704054834755378,0.06852630746090402,0.09902234676652945,0.0,1.111111111111111,0.017099328390707963,0.01246684024292876,0.2803637696929009,0.20440863212885196,False
R5,1,2,0.6000000000000001,0.7000000000000001,0.10437063635287076,0.38569460791993504,0.4570602909781609,0.27997228136303276,0.20791812843834923,0.10720210885469099,0.07590343438491821,0.10910639675227998,0.07745356274693152,3.333333333333332,0.2777777777777777,0.03479283182268139,0.005589513718495174,0.5704697439110458,0.09164670687996568,False
R5,1,2,0.7000000000000001,0.8,0.18421066182574908,0.0,0.4570602909781609,0.08088368530654082,0.2518059004921752,0.08040129071389168,0.09676847520764999,0.08182950146919057,0.09874471724707429,0.0,0.277777777777777,0.03420921469719873,0.0007032920856025436,0.5609006489373165,0.011531307885860376,False
R5,1,2,0.8,0.9,0.0,0.0,0.0,0.001680486332836142,0.04135141871388165,0.022441834410401127,0.03906745547431664,0.022840480613577928,0.039865305680347296,0.0,0.0,0.0014954915917830824,0.00364901734155847,0.024520358381105112,0.059829967246553706,False
R5,1,2,0.9,1.0,1.3670513674512996e-05,0.0,0.17556172079419582,0.04825260783625347,0.14530648143730404,0.08097740314053764,0.06350238843819354,0.0824158476863221,0.06479925799582736,0.0,0.833333333333333,0.01477275788147675,0.006813716714032036,0.24221688675573727,0.11171896696268296,False
R5,2,3,0.0,0.1,0.14987069343847081,0.38569460791993504,0.3511234415883917,0.27882658460034654,0.1373211803436865,0.06713963630162878,0.08947935465602766,0.06833227325834178,0.09130673554585089,3.333333333333332,1.6666666666666665,0.0031202705065654923,0.0028414695440894117,0.0511605357645335,0.04658926331173313,False
R5,2,3,0.1,0.2,0.02971132480005273,0.0,0.2109989287773885,0.12901232828013515,0.1244010407979066,0.13838730789832454,0.0955934900391841,0.1408455550207562,0.09754573609147894,0.0,1.3888888888888884,0.003195160482612258,0.0022268011956551384,0.052388445745376266,0.03651104670928512,False
R5,2,3,0.2,0.3,0.11410698845611433,0.0,0.3701166050988026,0.07071146446257866,0.209827762763648,0.06436883555481088,0.08749923560694312,0.06551225330879394,0.08928617776401337,0.0,1.1111111111111107,0.0067447049698952655,0.00505636502495737,0.1105874375659015,0.08290510170626114,False
R5,2,3,0.3,0.4,0.13737107077893695,0.4499770425732575,0.3511234415883917,0.31403008643745955,0.21693620942221403,0.08561651299211702,0.07498779513612522,0.08713736450582762,0.07651922397050294,3.88888888888889,1.6666666666666679,0.004556985162367244,0.013732691344440669,0.07471717656759669,0.22516376230593232,False
R5,2,3,0.4,0.5,0.07744396951941646,0.23177361425421744,0.4570602909781609,0.18712582583662793,0.31031970572683143,0.1248505319627098,0.176243682127039,0.127068318157069,0.17984299660476524,0.5555555555555554,0.2777777777777768,0.002251024703578297,0.009233847198356133,0.036908219852072044,0.151399876658674,False
R5,2,3,0.5,0.6000000000000001,0.13058429040503067,0.37482778414706003,0.08276058886023678,0.2414548981214555,0.14088666311442055,0.12388464127784048,0.12034916891042405,0.12608526984385354,0.12280698470735764,4.444444444444445,0.5555555555555554,0.013209981193822717,0.009177008780562365,0.21659330942407262,0.15046794338551184,False
R5,2,3,0.6000000000000001,0.7000000000000001,0.10874285024953129,0.19284730395996746,0.2340822943922611,0.1516411870439651,0.10507628589987746,0.08732999715714013,0.07201900530679281,0.08888128619855476,0.07348980440349658,1.666666666666667,1.1111111111111116,0.0049426537199944165,0.012072465722935005,0.08104066999364434,0.197942394124069,False
R5,2,3,0.7000000000000001,0.8,0.3354798940348589,0.3214121732666125,0.2340822943922611,0.1387261254984759,0.09851903719908614,0.06382369611304711,0.09914588230326667,0.06495743026609614,0.10117067664071086,2.777777777777778,1.1111111111111112,0.007130373527522549,0.0033961394034517783,0.11691093099194827,0.055683733524397205,False
R5,2,3,0.8,0.9,0.0,0.0,0.0,0.16435223085337025,0.12218173650696437,0.13838730789832457,0.09559349003918409,0.1408455550207561,0.09754573609147899,0.0,0.0,0.003195160482612258,0.0022268011956552494,0.0523884457453736,0.03651104670928507,False
R5,2,3,0.9,1.0,0.1124940417964786,0.3214121732666125,0.40964401518645693,0.08300920225525692,0.22249400270857705,0.06713963630162864,0.08947935465602762,0.06833227325834179,0.09130673554585098,2.7777777777777777,1.944444444444445,0.003120270506565659,0.002841469544089519,0.05116053576453172,0.04658926331173485,False
R5,3,4,0.0,0.1,0.20226073219567467,0.0,0.47542338737200757,0.06042949007290582,0.20811177956149524,0.06045762577127922,0.0836496756185146,0.06153156663217414,0.08535800061988279,0.0,2.7777777777777795,0.0026383387451909823,0.002236066364406597,0.04325869293969031,0.036662960139956624,False
R5,3,4,0.1,0.2,0.08975234086704556,0.2727272727272727,0.11704114719613057,0.13112050549986143,0.10638352983432037,0.10430720908764324,0.07673102960688255,0.1061600733458088,0.07829805942844392,3.333333333333333,0.5555555555555554,0.015468182279337717,0.0007795255365689105,0.2536191945695734,0.012781245731448676,False
R5,3,4,0.2,0.3,0.2286012195358836,0.1818181818181818,0.4570602909781609,0.06594829333575195,0.2176589613377896,0.07883615703811081,0.10123968269343371,0.08023656549410103,0.10330723740655112,2.2222222222222228,0.27777777777777946,0.02242382122601322,6.712740765613123e-05,0.36766514486388324,0.001100633465256573,False
R5,3,4,0.3,0.4,0.1308317573519296,0.0,0.3511234415883917,0.12591225610446108,0.20716374750925542,0.09407984753605399,0.09731511679244073,0.09575103774848469,0.099302522551021,0.0,1.6666666666666665,0.011961696316932668,0.00808098120865864,0.19612619833416112,0.13249727139623907,False
R5,3,4,0.4,0.5,0.12385676531409354,0.0,0.510170532864002,0.18226385881747315,0.30686570845074446,0.1330590889500887,0.16148409728369104,0.1354226880943486,0.16478198599244387,0.0,0.5555555555555549,0.034910896448025974,0.010349891816797317,0.5724055534745922,0.16969875186722744,False
R5,3,4,0.5,0.6000000000000001,0.2762006039001784,0.0,0.40964401518645693,0.08874539912416346,0.25221443885115463,0.06547833372412336,0.07782342171227248,0.06664146008233837,0.0794127607744986,0.0,1.3888888888888884,0.009983048909024683,0.0071934002092240434,0.1636839272987869,0.11794432819149359,False
R5,3,4,0.6000000000000001,0.7000000000000001,0.1277298867717408,0.0,0.3559667523338708,0.12591225610446108,0.21931270530418367,0.09407984753605401,0.09731511679244101,0.09575103774848451,0.09930252255102111,0.0,1.388888888888888,0.011961696316932835,0.008080981208658744,0.19612619833415845,0.1324972713962399,False
R5,3,4,0.7000000000000001,0.8,0.0,0.38569460791993504,0.31514293343362576,0.2198059144209938,0.2415998758062014,0.07883615703811095,0.10123968269343345,0.08023656549410116,0.10330723740655093,3.3333333333333335,0.833333333333333,0.02242382122601333,6.712740765634634e-05,0.367665144863881,0.0011006334652573502,False
R5,3,4,0.8,0.9,0.37885657475393936,0.3214121732666125,0.29260286799032637,0.13249148004923045,0.16848691287008963,0.10430720908764335,0.07673102960688227,0.10616007334580889,0.078298059428444,2.7777777777777795,1.3888888888888897,0.015468182279337717,0.0007795255365691187,0.25361919456957605,0.012781245731448898,False
R5,3,4,0.9,1.0,0.3748797356838179,0.0,0.3511234415883917,0.06180755366114511,0.20552552278989297,0.06045762577127899,0.08364967561851473,0.06153156663217423,0.08535800061988309,0.0,1.666666666666666,0.002638338745190927,0.002236066364406715,0.04325869293968898,0.036662960139957845,False
R5,4,5,0.0,0.1,0.22175949569637127,0.38569460791993504,0.0,0.19978188999892738,0.08590358936280845,0.09759178303525896,0.07998513156926196,0.09932535761997234,0.08161861787972491,3.333333333333335,0.0,0.04201759179985862,0.0010229523047084188,0.6889282526925102,0.016772516312391406,False
R5,4,5,0.1,0.2,0.03635560312314974,0.5020618644176028,0.49656353316142077,0.17728238040787458,0.29128499217356985,0.07563653668925678,0.09782537757672129,0.07698010859256788,0.09982320407212521,0.5555555555555554,1.3322676295501878e-15,0.005783802229512219,0.0023767604270561946,0.09483229745475885,0.03896980616785484,False
R5,4,5,0.2,0.3,0.04310547083932413,0.38569460791993504,0.0,0.18159521648873808,0.10695828713468969,0.06628532595933345,0.09132774141838647,0.06746278734848565,0.09319287075487126,3.3333333333333335,0.0,0.02240278004740598,0.002588681858810532,0.3673201497846419,0.042444509391735274,False
R5,4,5,0.3,0.4,0.2638401065756907,0.0,0.11704114719613057,0.15459929051140575,0.13504406289936358,0.11284127839378211,0.09782027209600766,0.11484573784975206,0.09981799432537274,0.0,0.5555555555555562,0.04231063670537055,0.0006195531075939009,0.6937330714854637,0.010158308022457874,False
R5,4,5,0.4,0.5,0.2708570820149912,0.0,0.3412306495090726,0.09519149808115904,0.11358604172360826,0.06960548421868447,0.07545309096337414,0.07084192333932808,0.07699402224338397,0.0,0.5555555555555556,0.023619432726530054,0.002436498542716218,0.3872686134746881,0.03994928342673515,False
R5,4,5,0.5,0.6000000000000001,0.0,0.0,0.0,0.06872155810826615,0.09088671434535404,0.05419883045241621,0.06830638905540776,0.05516159301368185,0.06970136771269153,0.0,0.0,0.02012490429562553,0.0030216711895518847,0.32997167515049963,0.04954388301797824,False
R5,4,5,0.6000000000000001,0.7000000000000001,0.0,0.0,0.0,0.15459929051140553,0.13167375681861201,0.11284127839378194,0.09782027209600774,0.11484573784975217,0.09981799432537258,0.0,0.0,0.042310636705370414,0.0006195531075938628,0.6937330714854635,0.010158308022457596,False
R5,4,5,0.7000000000000001,0.8,0.10521474814608311,0.3214121732666125,0.05852057359806528,0.07901684221751724,0.11835014251517705,0.06628532595933381,0.09132774141838647,0.06746278734848564,0.09319287075487129,2.777777777777778,0.2777777777777777,0.022402780047406177,0.00258868185881057,0.36732014978464234,0.042444509391734275,False
R5,4,5,0.8,0.9,0.09116996698866311,0.0,0.16552117772047356,0.0905256923311729,0.14907971965821484,0.0756365366892565,0.09782537757672162,0.07698010859256814,0.09982320407212536,0.0,2.220446049250313e-16,0.0057838022295121,0.002376760427056264,0.09483229745476153,0.038969806167855225,False
R5,4,5,0.9,1.0,0.036092783048689486,0.38569460791993504,0.2109989287773885,0.22565480890537853,0.1364156980950918,0.09759178303525899,0.0799851315692616,0.09932535761997205,0.08161861787972481,3.3333333333333335,0.27777777777777857,0.042017591799858665,0.0010229523047084292,0.6889282526925085,0.01677251631239174,False
R5,5,6,0.0,0.1,0.0,0.0,0.0,0.05078353986149254,0.045853188968857934,0.03902217239788027,0.046012553767705654,0.03971534393553746,0.04695223937194706,0.0,0.0,0.013829758058726466,0.002346230915122649,0.22675528621301444,0.0384692386100553,False
R5,5,6,0.1,0.2,0.15368746382666917,0.3214121732666125,0.3511234415883917,0.1731287822743229,0.24204807110140336,0.1329363686449275,0.11180068397907927,0.1352977878433413,0.11408391941543129,2.777777777777778,1.6666666666666674,0.042161008365579386,0.0006587879968512067,0.691279737387295,0.010801610566527842,False
R5,5,6,0.2,0.3,0.3746264498075397,0.0,0.29260286799032637,0.07513585548303038,0.17065457261771888,0.05530660718786829,0.0726836254970885,0.05628904777462289,0.07416799771621126,0.0,1.388888888888889,0.017680624948220522,0.004544297611825933,0.2898948162024375,0.07450914912835527,False
R5,5,6,0.3,0.4,0.39311786481776234,0.0,0.29260286799032637,0.13011292920513176,0.23123166521390695,0.09717538817115952,0.08726267367294964,0.09890156611313129,0.08904478467361375,0.0,1.388888888888889,0.026228319266225708,0.00569660424053196,0.43004440257337295,0.09340258300390464,False
R5,5,6,0.4,0.5,0.0,0.0,0.0,0.11024531838641083,0.12461705282497652,0.0827323118910178,0.09259039707383461,0.08420192981138146,0.09448131283696605,0.0,0.0,0.029613956146760878,0.008227265243670328,0.48555593477799786,0.13489577165102273,False
R5,5,6,0.5,0.6000000000000001,0.10378482343759257,0.0,0.17556172079419582,0.14635082722363502,0.1427338008164964,0.1073135199083732,0.09513735597395434,0.1092197868595782,0.0970802866855517,0.0,0.8333333333333333,0.040831534481004766,0.0012225890191964722,0.6694814362218442,0.020045797026352674,False
R5,5,6,0.6000000000000001,0.7000000000000001,0.1928843065659031,0.5020618644176028,0.11704114719613057,0.233035735701966,0.1180849545720398,0.09717538817115955,0.08726267367294922,0.09890156611313139,0.08904478467361363,0.5555555555555554,0.5555555555555558,0.02622831926622579,0.005696604240531998,0.43004440257337473,0.09340258300390372,False
R5,5,6,0.7000000000000001,0.8,0.31516054501371826,0.38569460791993504,0.29260286799032637,0.22358902289435958,0.09624746588359542,0.05530660718786836,0.07268362549708825,0.05628904777462296,0.07416799771621144,3.333333333333335,1.388888888888889,0.017680624948220314,0.004544297611825973,0.2898948162024375,0.0745091491283559,False
R5,5,6,0.8,0.9,0.08876627676898363,0.5454545454545454,0.3511234415883917,0.3382015573441983,0.19919482344623027,0.13293636864492747,0.11180068397907897,0.13529778784334118,0.11408391941543114,0.0,1.6666666666666674,0.042161008365579455,0.000658787996851002,0.6912797373872941,0.010801610566528508,False
R5,5,6,0.9,1.0,0.0,0.0,0.0,0.038070699663816425,0.04724735103140762,0.03902217239788008,0.04601255376770605,0.03971534393553738,0.04695223937194707,0.0,0.0,0.013829758058726438,0.002346230915122831,0.2267552862130131,0.038469238610055245,False
R5,6,7,0.0,0.1,0.1474680085637604,0.0,0.3412306495090726,0.0995327194188143,0.2603066509709937,0.09300358945724614,0.11754648530815322,0.0946556615267964,0.11994706365098723,0.0,0.5555555555555562,0.010114200760751924,0.0015966885139447867,0.16583431746103905,0.0261796019449608,False
R5,6,7,0.1,0.2,0.019695881754667383,0.43121968093205176,0.3701166050988026,0.2826414100873191,0.21577139960161384,0.07321423500563728,0.06847588793049401,0.07451477827985054,0.06987432815728023,5.000000000000002,1.1111111111111112,0.002935455758146688,0.0048699860798021785,0.04813027876392795,0.07984919784494057,False
R5,6,7,0.2,0.3,0.0009098239274720745,0.12856486930664499,0.0,0.09899588311634919,0.1129303679339838,0.07555490014991639,0.0872605687056421,0.07689702190009604,0.08904263671787568,1.1111111111111112,0.0,0.013837752554557936,0.0034004312979055706,0.22688636545407448,0.05575410422438662,False
R5,6,7,0.3,0.4,0.0,0.0,0.0,0.15852534588133832,0.16980399096848114,0.11690756010896255,0.12618530398795183,0.11898425108296085,0.1287623075210077,0.0,0.0,0.0013505201292741131,0.014749667235909317,0.02214337930928334,0.24183828823490808,False
R5,6,7,0.4,0.5,0.003926560267706771,0.0,0.4138029443011839,0.05362687397155118,0.215334183223487,0.04664541314766047,0.09203548171536707,0.0474740003525586,0.09391506478923786,0.0,0.0,0.0014461292101701217,0.0006021398423084121,0.02371100358810807,0.009872796885028123,False
R5,6,7,0.5,0.6000000000000001,0.0018833096372052563,0.14373989364401724,0.0,0.06715536122377723,0.14704794104385033,0.09308431035554078,0.10906447260627856,0.09473781631320549,0.11129182810929397,1.6666666666666665,0.0,0.01532415190491998,0.00660952263157372,0.2512576457531921,0.1083709627955623,False
R5,6,7,0.6000000000000001,0.7000000000000001,0.0039069866383324246,0.1818181818181818,0.11704114719613055,0.17541197707065723,0.18072889593786906,0.11690756010896253,0.12618530398795175,0.11898425108296104,0.1287623075210077,2.2222222222222223,0.5555555555555556,0.0013505201292740576,0.01474966723590921,0.02214337930928334,0.24183828823490883,False
R5,6,7,0.7000000000000001,0.8,0.06034282503295494,0.19284730395996752,0.17556172079419582,0.10923073227357909,0.13816446889978068,0.0755549001499163,0.0872605687056423,0.07689702190009591,0.0890426367178756,0.5555555555555554,0.8333333333333335,0.01383775255455777,0.0034004312979055984,0.22688636545407448,0.055754104224386314,False
R5,6,7,0.8,0.9,0.009613446548205833,0.12856486930664496,0.17556172079419582,0.0678384714123966,0.16218778418675467,0.07321423500563674,0.068475887930494,0.07451477827985059,0.06987432815728027,1.1111111111111107,0.8333333333333333,0.002935455758146799,0.004869986079802047,0.04813027876392795,0.07984919784494193,False
R5,6,7,0.9,1.0,0.47661297744104747,0.5492293624361169,0.4718079479258773,0.367062931823334,0.23226994372092366,0.09300358945724573,0.11754648530815315,0.09465566152679647,0.11994706365098723,6.111111111111112,0.8333333333333339,0.010114200760751868,0.001596688513944726,0.16583431746103727,0.026179601944960662,False
R5,7,8,0.0,0.1,0.5188796633747828,0.5454545454545454,0.3511234415883917,0.36997061060052777,0.21020529429643964,0.06865613334032607,0.07707415695165513,0.06987570863797621,0.07864819424834919,6.666666666666667,1.6666666666666672,0.005896406680978239,0.00022326532858098908,0.09667858099150628,0.0036606998668266,False
R5,7,8,0.1,0.2,0.023482916494433646,0.0,0.11704114719613057,0.09735992981840193,0.14246082130957824,0.09070249985571739,0.09896669389322262,0.09231369645065057,0.10098782877785253,0.0,0.5555555555555558,0.007476441001975753,0.016603244421005747,0.12258511769032765,0.2722298846272431,False
R5,7,8,0.2,0.3,0.05828191092412338,0.0,0.3412306495090726,0.15011141323813262,0.19051642769124988,0.11469486699533818,0.11378340135572944,0.11673225272840101,0.11610712858885332,0.0,0.5555555555555558,0.01144155172985839,0.0007522110606517918,0.18759781090949623,0.012333392502341889,False
R5,7,8,0.3,0.4,0.06047955275858948,0.128564869306645,0.17556172079419582,0.12897760716647189,0.16748500482087744,0.0890991103983856,0.09667820485018189,0.0906818251362785,0.09865260335456094,1.1111111111111116,0.8333333333333335,0.00035632348257963464,0.008041341918696585,0.005842346115796815,0.13184733822297023,False
R5,7,8,0.4,0.5,0.004032704319652879,0.1437398936440172,0.11704114719613055,0.1330834697980294,0.1266650743916759,0.065611320325616,0.07496123914207378,0.06677680899534237,0.076492125639996,1.6666666666666665,0.5555555555555556,0.008750504472701759,0.00014096742570673254,0.1434748994009869,0.0023113281394439023,False
R5,7,8,0.5,0.6000000000000001,0.33641204788484036,0.32777738867854445,0.36074504334969015,0.2648785592672523,0.26625557941544475,0.1405944962342766,0.18631540254433712,0.14309195081335915,0.19012040546817444,3.3333333333333335,2.777777777777778,0.03630362223294081,0.00280483406077868,0.5952409445662905,0.045988581111189086,False
R5,7,8,0.6000000000000001,0.7000000000000001,0.16114069789189597,0.06428243465332249,0.18505830254940128,0.10149348518753534,0.17497405990085974,0.08909911039838558,0.0966782048501819,0.09068182513627868,0.09865260335456094,0.5555555555555554,0.5555555555555558,0.0003563234825795236,0.008041341918696467,0.005842346115795927,0.1318473382229703,False
R5,7,8,0.7000000000000001,0.8,0.1820112323060936,0.391014784865574,0.11704114719613057,0.29054895778257256,0.1458312067692114,0.11469486699533822,0.11378340135572972,0.11673225272840074,0.11610712858885332,2.7777777777777777,0.5555555555555558,0.011441551729858501,0.000752211060651882,0.18759781090949712,0.012333392502342555,False
R5,7,8,0.8,0.9,0.294390807918625,0.0642824346533225,0.4138029443011839,0.09635269854463263,0.2138298675646925,0.09070249985571759,0.0989666938932226,0.09231369645065056,0.10098782877785266,0.5555555555555554,2.777777777777778,0.007476441001975864,0.016603244421005865,0.12258511769032765,0.2722298846272437,False
R5,7,8,0.9,1.0,0.172681535679108,0.19284730395996746,0.4570602909781609,0.1662286024069259,0.2301324835256285,0.0686561333403259,0.07707415695165519,0.06987570863797625,0.07864819424834907,1.666666666666667,0.2777777777777777,0.005896406680978017,0.00022326532858109316,0.09667858099150628,0.0036606998668280433,False
R5,8,9,0.0,0.1,0.0,0.0,0.0,0.05374990738080717,0.0692827372586964,0.04361016881349481,0.052656229174239504,0.044384839364014286,0.05373159440561673,0.0,0.0,0.008410547451867367,0.0021166854814371056,0.13790090083701312,0.03470556897149435,False
R5,8,9,0.1,0.2,0.41148007728380454,0.0,0.3511234415883917,0.1048777093362604,0.2269123719276672,0.08194292329255581,0.07088251623942536,0.08339851888471486,0.07233010553079254,0.0,1.6666666666666667,0.01349936732870699,0.009856600480746488,0.22133813833309102,0.16161065534249908,False
R5,8,9,0.2,0.3,0.0,0.0,0.0,0.09477256444812081,0.06653773105950524,0.06938815002877918,0.05395492334456311,0.07062072852697829,0.05505681099463361,0.0,0.0,0.008382338312200976,0.007156697261699315,0.13743837853461738,0.11734253983514342,False
R5,8,9,0.3,0.4,0.0,0.0,0.0,0.07265700868730973,0.08109028842685073,0.06327065858044471,0.06473322940810237,0.06439456883458453,0.0660552356609599,0.0,0.0,0.010126854894462911,0.005044793505047433,0.16604179699171606,0.08271537291288733,False
R5,8,9,0.4,0.5,0.5424732654417226,0.43121968093205176,0.4138029443011839,0.3648997157457692,0.2559508356128612,0.15718475313643834,0.19667281432772593,0.15997690924494262,0.20068934019374082,1.666666666666667,2.777777777777778,0.05665314935500487,0.003600257292348287,0.9288955773710601,0.05903048840770109,False
R5,8,9,0.5,0.6000000000000001,0.5231320308898413,0.128564869306645,0.31514293343362576,0.11607103904345689,0.22404828122873463,0.05412183199812343,0.06699215772362531,0.05508322679502068,0.0683602966564862,1.1111111111111116,1.9444444444444446,0.01087650015661168,0.003937242246524808,0.1783331201844236,0.06455575641378142,False
R5,8,9,0.6000000000000001,0.7000000000000001,0.3203274859788242,0.0,0.3701166050988026,0.059046695482315247,0.19425627425443381,0.0632706585804444,0.06473322940810265,0.06439456883458453,0.06605523566095992,0.0,2.2222222222222223,0.010126854894462856,0.005044793505047412,0.1660417969917134,0.08271537291288744,False
R5,8,9,0.7000000000000001,0.8,0.1454438589457067,0.0,0.3511234415883917,0.09305428940895594,0.2002465897153395,0.06938815002877934,0.05395492334456326,0.07062072852697832,0.05505681099463354,0.0,1.6666666666666667,0.008382338312200754,0.007156697261699194,0.1374383785346156,0.11734253983514276,False
R5,8,9,0.8,0.9,0.10201550761568079,0.43121968093205176,0.49656353316142077,0.310911750036772,0.281570435579913,0.08194292329255567,0.07088251623942561,0.08339851888471486,0.07233010553079267,1.666666666666666,0.0,0.013499367328706768,0.009856600480746464,0.22133813833308835,0.16161065534249974,False
R5,8,9,0.9,1.0,0.09953176429333971,0.12856486930664499,0.0,0.12180248828214027,0.054929970106546495,0.04361016881349456,0.05265622917423938,0.04438483936401443,0.05373159440561667,1.1111111111111107,0.0,0.008410547451867395,0.0021166854814371715,0.13790090083701223,0.034705568971494294,False
R5,9,1,0.0,0.1,0.128776977178608,0.38569460791993504,0.3511234415883917,0.2840237740371661,0.2179970311277833,0.09379076235258586,0.11254212147592797,0.0954568173916311,0.1148404988265007,3.3333333333333335,1.6666666666666667,0.03639990684364028,0.003802721712023869,0.5968196449574608,0.06235013270201811,True
R5,9,1,0.1,0.2,0.11390481339057605,0.0,0.3701166050988026,0.11977936613600965,0.2107547210993421,0.10349420104019498,0.11270916114188484,0.1053326234053612,0.11501094983907048,0.0,1.1111111111111112,0.0406819882274978,0.003937402437194735,0.6670294480256604,0.06455838292981131,True
R5,9,1,0.2,0.3,0.033298625755384705,0.19284730395996746,0.24828176658071036,0.22093795440712174,0.1489025972959926,0.13189813191336466,0.12357678370193363,0.1342411083622483,0.12610051505684614,1.666666666666667,1.1102230246251565e-16,0.06050147079143328,0.0040756861715565765,0.9919933716384313,0.066825708766653,True
R5,9,1,0.3,0.4,0.0023753757157034586,0.14373989364401724,0.11704114719613055,0.07956154126035231,0.1291203063968328,0.09850735988732524,0.10541665837719827,0.10025719834909547,0.1075695168519611,1.6666666666666667,0.5555555555555556,0.03456177541723986,0.0020132755978083186,0.566681300098451,0.0330100412796927,True
R5,9,1,0.4,0.5,0.0,0.25712973861328997,0.0,0.24057726765868057,0.1852286337030545,0.10465586013144741,0.1373828365293528,0.10651491766295736,0.14018852026532236,2.2222222222222223,0.0,0.04768416878911372,0.0009506793571874353,0.7818385032977853,0.015587515618163461,True
R5,9,1,0.5,0.6000000000000001,0.0,0.0,0.0,0.08767287077780488,0.10991769606437593,0.06398971549681691,0.08152521868894087,0.06512639874020244,0.08319015723530754,0.0,0.0,0.01833730191411282,0.0002494998749627553,0.3006618139126006,0.00409084637034457,True
R5,9,1,0.6000000000000001,0.7000000000000001,0.0,0.0,0.0,0.11056529132490095,0.1421297164480821,0.09850735988732476,0.10541665837719845,0.10025719834909566,0.1075695168519611,0.0,0.0,0.0345617754172397,0.0020132755978083568,0.566681300098452,0.03301004127969187,True
R5,9,1,0.7000000000000001,0.8,0.0,0.38569460791993504,0.0,0.30715221014014893,0.16661439944600673,0.13189813191336472,0.12357678370193345,0.13424110836224804,0.12610051505684608,3.3333333333333335,0.0,0.060501470791433316,0.004075686171556625,0.9919933716384279,0.06682570876665406,True
R5,9,1,0.8,0.9,0.0404707408220468,0.0,0.29260286799032637,0.11238692284361153,0.16727718922085394,0.10349420104019508,0.11270916114188494,0.10533262340536112,0.1150109498390705,0.0,1.388888888888889,0.0406819882274978,0.003937402437194662,0.6670294480256602,0.06455838292981109,True
R5,9,1,0.9,1.0,0.12547354523587415,0.0,0.31514293343362576,0.09397618712403256,0.13662422397640434,0.09379076235258577,0.11254212147592779,0.09545681739163107,0.11484049882650084,0.0,0.8333333333333335,0.03639990684364025,0.0038027217120237024,0.5968196449574612,0.0623501327020185,True
