case,repeat,step,time_s,x,y,goal_distance_m,heading_deg,bearing_error_deg,neural_fl_raw,neural_fr_raw,dna_left_spikes,dna_right_spikes,raw_neural,smooth_neural,neural_blend,mode,shadow_raw,shadow_smooth,shadow_blend,neural_shadow_sign_disagree,goal_steering,final_turn,left_wheel,right_wheel
trial03_direct,1,1,0.0320,0.310000,0.340000,0.671863,-38.7000,-47.0321,71.601,70.143,0,0,0.000000,0.000000,0.000000,GOAL,0.000000,0.000000,0.000000,0,0.246313,0.959045,0.443861,-0.035661
trial03_direct,1,2,0.0640,0.310102,0.339918,0.671774,-39.0087,-46.7315,68.146,63.423,0,0,0.000000,0.000000,0.000000,GOAL,0.000000,0.000000,0.000000,0,0.246313,0.959045,0.776757,-0.062407
trial03_direct,1,3,0.0960,0.310279,0.339774,0.671617,-39.5488,-46.2056,66.564,69.419,0,0,0.000000,0.000000,0.000000,GOAL,0.000000,0.000000,0.000000,0,0.246313,0.959045,1.026429,-0.082467
trial03_direct,1,4,0.1280,0.310512,0.339581,0.671407,-40.2626,-45.5104,73.454,68.155,0,0,0.000000,0.000000,0.000000,GOAL,0.000000,0.000000,0.000000,0,0.246313,0.959045,1.213683,-0.097511
trial03_direct,1,5,0.1600,0.310783,0.339349,0.671156,-41.1068,-44.6879,68.489,68.679,0,0,0.000000,0.000000,0.000000,GOAL,0.000000,0.000000,0.000000,0,0.246313,0.959045,1.354124,-0.108795
trial03_direct,1,6,0.1920,0.311083,0.339085,0.670871,-42.0491,-43.7694,70.734,69.809,0,0,0.000000,0.000000,0.000000,GOAL,0.000000,0.000000,0.000000,0,0.246313,0.959045,1.459454,-0.117257
trial03_direct,1,7,0.2240,0.311401,0.338796,0.670559,-43.0650,-42.7788,71.320,67.673,0,0,0.000000,0.000000,0.000000,GOAL,0.000000,0.000000,0.000000,0,0.246313,0.959045,1.538452,-0.123604
trial03_direct,1,8,0.2560,0.311730,0.338484,0.670225,-44.1362,-41.7337,67.629,73.657,0,0,0.000000,0.000000,0.000000,GOAL,0.000000,0.000000,0.000000,0,0.246313,0.959045,1.597700,-0.128364
trial03_direct,1,9,0.2880,0.312065,0.338154,0.669871,-45.2490,-40.6475,70.838,66.108,0,0,0.000000,0.000000,0.000000,GOAL,0.000000,0.000000,0.000000,0,0.246313,0.959045,1.642136,-0.131935
trial03_direct,1,10,0.3200,0.312403,0.337808,0.669502,-46.3930,-39.5303,67.904,67.029,0,0,0.000000,0.000000,0.000000,GOAL,0.000000,0.000000,0.000000,0,0.246313,0.959045,1.675464,-0.134612
trial03_direct,1,11,0.3520,0.312741,0.337447,0.669118,-47.5603,-38.3896,66.109,68.846,0,0,0.000000,0.000000,0.000000,GOAL,0.000000,0.000000,0.000000,0,0.246313,0.959045,1.700459,-0.136620
trial03_direct,1,12,0.3840,0.313077,0.337074,0.668722,-48.7450,-37.2313,70.418,66.653,0,0,0.000000,0.000000,0.000000,GOAL,0.000000,0.000000,0.000000,0,0.246313,0.959045,1.719205,-0.138127
trial03_direct,1,13,0.4160,0.313408,0.336690,0.668316,-49.9429,-36.0595,65.157,72.493,0,0,0.000000,0.000000,0.000000,GOAL,0.000000,0.000000,0.000000,0,0.246313,0.959045,1.733265,-0.139256
trial03_direct,1,14,0.4480,0.313734,0.336296,0.667900,-51.1504,-34.8775,68.806,67.522,0,0,0.000000,0.000000,0.000000,GOAL,0.000000,0.000000,0.000000,0,0.246313,0.959045,1.916510,0.032597
trial03_direct,1,15,0.4800,0.314122,0.335806,0.667384,-52.3654,-33.6928,71.372,70.764,0,0,0.000000,0.000000,0.000000,GOAL,0.000000,0.000000,0.000000,0,0.246313,0.959045,2.053944,0.161486
trial03_direct,1,16,0.5120,0.314550,0.335239,0.666790,-53.5862,-32.5053,63.190,70.303,0,0,0.000000,0.000000,0.000000,GOAL,0.000000,0.000000,0.000000,0,0.246313,0.959045,2.157019,0.258153
trial03_direct,1,17,0.5440,0.315004,0.334612,0.666133,-54.8113,-31.3155,71.641,71.627,0,0,0.000000,0.000000,0.000000,GOAL,0.000000,0.000000,0.000000,0,0.246313,0.959045,2.234326,0.330654
trial03_direct,1,18,0.5760,0.315471,0.333936,0.665427,-56.0396,-30.1235,71.001,66.830,0,0,0.000000,0.000000,0.000000,GOAL,0.000000,0.000000,0.000000,0,0.246313,0.959045,2.292306,0.385029
trial03_direct,1,19,0.6080,0.315944,0.333219,0.664681,-57.2701,-28.9295,64.518,71.002,0,0,0.000000,0.000000,0.000000,GOAL,0.000000,0.000000,0.000000,0,0.257747,1.003562,2.346920,0.414681
trial03_direct,1,20,0.6400,0.316417,0.332470,0.663902,-58.5167,-27.7194,68.435,69.520,0,0,0.000000,0.000000,0.000000,GOAL,0.000000,0.000000,0.000000,0,0.257747,1.003562,2.387880,0.436920
trial03_direct,1,21,0.6720,0.316883,0.331693,0.663097,-59.7752,-26.4967,77.661,68.194,0,0,0.000000,0.000000,0.000000,GOAL,0.000000,0.000000,0.000000,0,0.257747,1.003562,2.418601,0.453600
trial03_direct,1,22,0.7040,0.317340,0.330893,0.662269,-61.0426,-25.2642,72.142,69.146,0,0,0.000000,0.000000,0.000000,GOAL,0.000000,0.000000,0.000000,0,0.257747,1.003562,2.441641,0.466109
trial03_direct,1,23,0.7360,0.317784,0.330073,0.661422,-62.3166,-24.0240,67.687,70.059,0,0,0.000000,0.000000,0.000000,GOAL,0.000000,0.000000,0.000000,0,0.257747,1.003562,2.458921,0.475491
trial03_direct,1,24,0.7680,0.318213,0.329236,0.660559,-63.5954,-22.7776,71.620,68.266,0,0,0.000000,0.000000,0.000000,GOAL,0.000000,0.000000,0.000000,0,0.257747,1.003562,2.471882,0.482528
trial03_direct,1,25,0.8000,0.318626,0.328383,0.659682,-64.8779,-21.5263,71.233,64.816,0,0,0.000000,0.000000,0.000000,GOAL,0.000000,0.000000,0.000000,0,0.257747,1.003562,2.481602,0.487805
trial03_direct,1,26,0.8320,0.319022,0.327518,0.658793,-66.1630,-20.2708,70.896,67.843,0,0,0.000000,0.000000,0.000000,GOAL,0.000000,0.000000,0.000000,0,0.257747,1.003562,2.488892,0.491764
trial03_direct,1,27,0.8640,0.319400,0.326640,0.657894,-67.4501,-19.0118,70.212,69.579,0,0,0.000000,0.000000,0.000000,GOAL,0.000000,0.000000,0.000000,0,0.257747,1.003562,2.494359,0.494732
trial03_direct,1,28,0.8960,0.319759,0.325751,0.656985,-68.7385,-17.7499,72.795,67.546,0,0,0.000000,0.000000,0.000000,GOAL,0.000000,0.000000,0.000000,0,0.257747,1.003562,2.498460,0.496959
trial03_direct,1,29,0.9280,0.320099,0.324853,0.656068,-70.0277,-16.4855,71.867,68.884,0,0,0.000000,0.000000,0.000000,GOAL,0.000000,0.000000,0.000000,0,0.257747,1.003562,2.501536,0.498628
trial03_direct,1,30,0.9600,0.320419,0.323947,0.655143,-71.3177,-15.2186,69.731,64.865,0,0,0.000000,0.000000,0.000000,GOAL,0.000000,0.000000,0.000000,0,0.257747,1.003562,2.503842,0.499881
trial03_direct,1,31,0.9920,0.320718,0.323032,0.654212,-72.6082,-13.9495,68.682,69.434,0,0,0.000000,0.000000,0.000000,GOAL,0.000000,0.000000,0.000000,0,0.257747,1.003562,2.505572,0.500820
trial03_direct,1,32,1.0240,0.320997,0.322110,0.653275,-73.8990,-12.6782,75.482,69.090,0,0,0.000000,0.000000,0.000000,GOAL,0.000000,0.000000,0.000000,0,0.257747,1.003562,2.506870,0.501524
trial03_direct,1,33,1.0560,0.321256,0.321181,0.652332,-75.1900,-11.4050,69.949,66.947,0,0,0.000000,0.000000,0.000000,GOAL,0.000000,0.000000,0.000000,0,0.257747,1.003562,2.507843,0.502053
trial03_direct,1,34,1.0880,0.321493,0.320246,0.651385,-76.4812,-10.1297,69.992,65.540,0,0,0.000000,0.000000,0.000000,GOAL,0.000000,0.000000,0.000000,0,0.257747,1.003562,2.508573,0.502449
trial03_direct,1,35,1.1200,0.321709,0.319306,0.650434,-77.7725,-8.8525,68.580,70.291,0,0,0.000000,0.000000,0.000000,GOAL,0.000000,0.000000,0.000000,0,0.257747,1.003562,2.509120,0.502746
trial03_direct,1,36,1.1520,0.321904,0.318361,0.649479,-79.0639,-7.5734,70.821,66.653,0,0,0.000000,0.000000,0.000000,GOAL,0.000000,0.000000,0.000000,0,0.004551,0.017720,2.263070,0.749430
trial03_direct,1,37,1.1840,0.322078,0.317412,0.648522,-80.0373,-6.6105,70.216,68.663,0,0,0.000000,0.000000,0.000000,GOAL,0.000000,0.000000,0.000000,0,0.004551,0.017720,2.078533,0.934442
trial03_direct,1,38,1.2160,0.322236,0.316462,0.647564,-80.7725,-5.8842,71.657,68.634,0,0,0.000000,0.000000,0.000000,GOAL,0.000000,0.000000,0.000000,0,0.004551,0.017720,1.940129,1.073202
trial03_direct,1,39,1.2480,0.322382,0.315511,0.646606,-81.3302,-5.3346,64.694,68.090,0,0,0.000000,0.000000,0.000000,GOAL,0.000000,0.000000,0.000000,0,0.004551,0.017720,1.836327,1.177271
trial03_direct,1,40,1.2800,0.322520,0.314560,0.645648,-81.7549,-4.9172,70.817,67.820,0,0,0.000000,0.000000,0.000000,GOAL,0.000000,0.000000,0.000000,0,0.004551,0.017720,1.758475,1.255323
trial03_direct,1,41,1.3120,0.322651,0.313608,0.644691,-82.0800,-4.5988,72.848,65.994,0,0,0.000000,0.000000,0.000000,GOAL,0.000000,0.000000,0.000000,0,0.004551,0.017720,1.700086,1.313863
trial03_direct,1,42,1.3440,0.322779,0.312657,0.643734,-82.3305,-4.3548,67.938,68.886,0,0,0.000000,0.000000,0.000000,GOAL,0.000000,0.000000,0.000000,0,0.004551,0.017720,1.656295,1.357767
trial03_direct,1,43,1.3760,0.322902,0.311705,0.642776,-82.5248,-4.1666,73.196,71.374,0,0,0.000000,0.000000,0.000000,GOAL,0.000000,0.000000,0.000000,0,0.004551,0.017720,1.623451,1.390695
trial03_direct,1,44,1.4080,0.323024,0.310752,0.641818,-82.6769,-4.0203,71.138,70.029,0,0,0.000000,0.000000,0.000000,GOAL,0.000000,0.000000,0.000000,0,0.004551,0.017720,1.598818,1.415391
trial03_direct,1,45,1.4400,0.323143,0.309799,0.640860,-82.7973,-3.9057,75.246,70.206,0,0,0.000000,0.000000,0.000000,GOAL,0.000000,0.000000,0.000000,0,0.004551,0.017720,1.580344,1.433914
trial03_direct,1,46,1.4720,0.323261,0.308845,0.639901,-82.8938,-3.8149,71.515,69.137,0,0,0.000000,0.000000,0.000000,GOAL,0.000000,0.000000,0.000000,0,0.004551,0.017720,1.566488,1.447805
trial03_direct,1,47,1.5040,0.323378,0.307891,0.638942,-82.9721,-3.7421,67.878,62.425,0,0,0.000000,0.000000,0.000000,GOAL,0.000000,0.000000,0.000000,0,0.004551,0.017720,1.556096,1.458224
trial03_direct,1,48,1.5360,0.323494,0.306937,0.637982,-83.0368,-3.6829,71.313,72.453,0,0,0.000000,0.000000,0.000000,GOAL,0.000000,0.000000,0.000000,0,0.004551,0.017720,1.548302,1.466038
trial03_direct,1,49,1.5680,0.323609,0.305982,0.637022,-83.0912,-3.6339,67.711,70.759,0,0,0.000000,0.000000,0.000000,GOAL,0.000000,0.000000,0.000000,0,0.004551,0.017720,1.542456,1.471898
trial03_direct,1,50,1.6000,0.323724,0.305026,0.636061,-83.1377,-3.5928,66.631,65.243,0,0,0.000000,0.000000,0.000000,GOAL,0.000000,0.000000,0.000000,0,0.004551,0.017720,1.538072,1.476294
trial03_direct,1,51,1.6320,0.323838,0.304070,0.635100,-83.1783,-3.5576,71.961,75.428,0,0,0.000000,0.000000,0.000000,GOAL,0.000000,0.000000,0.000000,0,0.004551,0.017720,1.534784,1.479590
trial03_direct,1,52,1.6640,0.323952,0.303113,0.634139,-83.2144,-3.5268,71.337,64.941,0,0,0.000000,0.000000,0.000000,GOAL,0.000000,0.000000,0.000000,0,0.004551,0.017720,1.532318,1.482063
trial03_direct,1,53,1.6960,0.324065,0.302157,0.633177,-83.2470,-3.4995,74.617,66.830,0,0,0.000000,0.000000,0.000000,GOAL,0.000000,0.000000,0.000000,0,0.004551,0.017720,1.530469,1.483917
trial03_direct,1,54,1.7280,0.324178,0.301199,0.632215,-83.2770,-3.4748,73.213,70.766,0,0,0.000000,0.000000,0.000000,GOAL,0.000000,0.000000,0.000000,0,0.004551,0.017720,1.529081,1.485308
trial03_direct,1,55,1.7600,0.324290,0.300242,0.631253,-83.3050,-3.4520,69.710,61.834,0,0,0.000000,0.000000,0.000000,GOAL,0.000000,0.000000,0.000000,0,0.004551,0.017720,1.528041,1.486351
trial03_direct,1,56,1.7920,0.324402,0.299284,0.630290,-83.3315,-3.4308,60.854,67.380,0,0,0.000000,0.000000,0.000000,GOAL,0.000000,0.000000,0.000000,0,0.004551,0.017720,1.527261,1.487133
trial03_direct,1,57,1.8240,0.324514,0.298326,0.629327,-83.3568,-3.4107,69.964,69.028,0,0,0.000000,0.000000,0.000000,GOAL,0.000000,0.000000,0.000000,0,0.004551,0.017720,1.526676,1.487720
trial03_direct,1,58,1.8560,0.324625,0.297368,0.628365,-83.3815,-3.3912,70.932,71.772,0,0,0.000000,0.000000,0.000000,GOAL,0.000000,0.000000,0.000000,0,0.004551,0.017720,1.526237,1.488160
trial03_direct,1,59,1.8880,0.324736,0.296410,0.627402,-83.4057,-3.3722,75.631,70.508,0,0,0.000000,0.000000,0.000000,GOAL,0.000000,0.000000,0.000000,0,0.004551,0.017720,1.525908,1.488490
trial03_direct,1,60,1.9200,0.324846,0.295452,0.626439,-83.4296,-3.3535,68.074,66.086,0,0,0.000000,0.000000,0.000000,GOAL,0.000000,0.000000,0.000000,0,0.004551,0.017720,1.525661,1.488737
trial03_direct,1,61,1.9520,0.324956,0.294494,0.625476,-83.4532,-3.3350,70.631,70.440,0,0,0.000000,0.000000,0.000000,GOAL,0.000000,0.000000,0.000000,0,0.004551,0.017720,1.525475,1.488923
trial03_direct,1,62,1.9840,0.325066,0.293535,0.624513,-83.4767,-3.3167,74.718,67.994,0,0,0.000000,0.000000,0.000000,GOAL,0.000000,0.000000,0.000000,0,0.004551,0.017720,1.525337,1.489062
trial03_direct,1,63,2.0160,0.325175,0.292577,0.623550,-83.5000,-3.2985,69.104,68.278,0,0,0.000000,0.000000,0.000000,GOAL,0.000000,0.000000,0.000000,0,0.004551,0.017720,1.525232,1.489167
trial03_direct,1,64,2.0480,0.325284,0.291619,0.622587,-83.5232,-3.2803,71.530,68.361,0,0,0.000000,0.000000,0.000000,GOAL,0.000000,0.000000,0.000000,0,0.004551,0.017720,1.525154,1.489245
trial03_direct,1,65,2.0800,0.325393,0.290660,0.621624,-83.5464,-3.2622,62.581,73.347,0,0,0.000000,0.000000,0.000000,GOAL,0.000000,0.000000,0.000000,0,0.004551,0.017720,1.525096,1.489304
trial03_direct,1,66,2.1120,0.325501,0.289702,0.620661,-83.5695,-3.2442,71.312,68.561,0,0,0.000000,0.000000,0.000000,GOAL,0.000000,0.000000,0.000000,0,0.004551,0.017720,1.525052,1.489348
trial03_direct,1,67,2.1440,0.325609,0.288743,0.619698,-83.5926,-3.2261,72.639,65.910,0,0,0.000000,0.000000,0.000000,GOAL,0.000000,0.000000,0.000000,0,0.004551,0.017720,1.525019,1.489381
trial03_direct,1,68,2.1760,0.325716,0.287785,0.618735,-83.6156,-3.2081,64.711,70.978,0,0,0.000000,0.000000,0.000000,GOAL,0.000000,0.000000,0.000000,0,0.004551,0.017720,1.524994,1.489406
trial03_direct,1,69,2.2080,0.325824,0.286826,0.617772,-83.6387,-3.1900,66.780,69.039,0,0,0.000000,0.000000,0.000000,GOAL,0.000000,0.000000,0.000000,0,0.004551,0.017720,1.524976,1.489424
trial03_direct,1,70,2.2400,0.325930,0.285867,0.616809,-83.6617,-3.1719,67.623,67.772,0,0,0.000000,0.000000,0.000000,GOAL,0.000000,0.000000,0.000000,0,0.004551,0.017720,1.524962,1.489438
trial03_direct,1,71,2.2720,0.326037,0.284909,0.615846,-83.6847,-3.1538,70.791,67.129,0,0,0.000000,0.000000,0.000000,GOAL,0.000000,0.000000,0.000000,0,0.004551,0.017720,1.524951,1.489449
trial03_direct,1,72,2.3040,0.326143,0.283950,0.614883,-83.7078,-3.1357,65.601,71.693,0,0,0.000000,0.000000,0.000000,GOAL,0.000000,0.000000,0.000000,0,0.004551,0.017720,1.524943,1.489456
trial03_direct,1,73,2.3360,0.326248,0.282991,0.613919,-83.7308,-3.1176,71.118,64.230,0,0,0.000000,0.000000,0.000000,GOAL,0.000000,0.000000,0.000000,0,0.004551,0.017720,1.524938,1.489462
trial03_direct,1,74,2.3680,0.326353,0.282032,0.612956,-83.7538,-3.0995,69.137,65.216,0,0,0.000000,0.000000,0.000000,GOAL,0.000000,0.000000,0.000000,0,0.004551,0.017720,1.524933,1.489467
trial03_direct,1,75,2.4000,0.326458,0.281073,0.611993,-83.7768,-3.0813,71.926,67.626,0,0,0.000000,0.000000,0.000000,GOAL,0.000000,0.000000,0.000000,0,0.004551,0.017720,1.524930,1.489470
trial03_direct,1,76,2.4320,0.326562,0.280114,0.611030,-83.7999,-3.0632,70.304,69.291,0,0,0.000000,0.000000,0.000000,GOAL,0.000000,0.000000,0.000000,0,0.004551,0.017720,1.524927,1.489473
trial03_direct,1,77,2.4640,0.326666,0.279155,0.610067,-83.8229,-3.0450,69.748,67.935,0,0,0.000000,0.000000,0.000000,GOAL,0.000000,0.000000,0.000000,0,0.004551,0.017720,1.524926,1.489474
trial03_direct,1,78,2.4960,0.326770,0.278196,0.609103,-83.8459,-3.0267,70.983,63.762,0,0,0.000000,0.000000,0.000000,GOAL,0.000000,0.000000,0.000000,0,0.004551,0.017720,1.524924,1.489476
trial03_direct,1,79,2.5280,0.326873,0.277237,0.608140,-83.8689,-3.0085,66.830,63.310,0,0,0.000000,0.000000,0.000000,GOAL,0.000000,0.000000,0.000000,0,0.004551,0.017720,1.524923,1.489477
trial03_direct,1,80,2.5600,0.326976,0.276278,0.607177,-83.8919,-2.9902,70.098,70.492,0,0,0.000000,0.000000,0.000000,GOAL,0.000000,0.000000,0.000000,0,0.004551,0.017720,1.524922,1.489478
trial03_direct,1,81,2.5920,0.327079,0.275319,0.606214,-83.9150,-2.9719,69.960,65.833,0,0,0.000000,0.000000,0.000000,GOAL,0.000000,0.000000,0.000000,0,0.004551,0.017720,1.524922,1.489478
trial03_direct,1,82,2.6240,0.327181,0.274360,0.605250,-83.9380,-2.9536,70.254,72.743,0,0,0.000000,0.000000,0.000000,GOAL,0.000000,0.000000,0.000000,0,0.004551,0.017720,1.524921,1.489479
trial03_direct,1,83,2.6560,0.327282,0.273401,0.604287,-83.9610,-2.9353,75.589,68.511,0,0,0.000000,0.000000,0.000000,GOAL,0.000000,0.000000,0.000000,0,0.004551,0.017720,1.524921,1.489479
trial03_direct,1,84,2.6880,0.327384,0.272441,0.603324,-83.9841,-2.9170,68.456,69.596,0,0,0.000000,0.000000,0.000000,GOAL,0.000000,0.000000,0.000000,0,0.004551,0.017720,1.524921,1.489479
trial03_direct,1,85,2.7200,0.327484,0.271482,0.602360,-84.0071,-2.8986,68.135,74.413,0,0,0.000000,0.000000,0.000000,GOAL,0.000000,0.000000,0.000000,0,0.004551,0.017720,1.524921,1.489479
trial03_direct,1,86,2.7520,0.327585,0.270523,0.601397,-84.0301,-2.8802,64.986,65.780,0,0,0.000000,0.000000,0.000000,GOAL,0.000000,0.000000,0.000000,0,0.004551,0.017720,1.524920,1.489480
trial03_direct,1,87,2.7840,0.327685,0.269563,0.600433,-84.0531,-2.8618,70.203,68.328,0,0,0.000000,0.000000,0.000000,GOAL,0.000000,0.000000,0.000000,0,0.004551,0.017720,1.524920,1.489480
trial03_direct,1,88,2.8160,0.327785,0.268604,0.599470,-84.0762,-2.8433,68.135,69.042,0,0,0.000000,0.000000,0.000000,GOAL,0.000000,0.000000,0.000000,0,0.004551,0.017720,1.524920,1.489480
trial03_direct,1,89,2.8480,0.327884,0.267644,0.598507,-84.0992,-2.8249,71.567,67.246,0,0,0.000000,0.000000,0.000000,GOAL,0.000000,0.000000,0.000000,0,0.004551,0.017720,1.524920,1.489480
trial03_direct,1,90,2.8800,0.327983,0.266685,0.597543,-84.1222,-2.8064,65.435,68.618,0,0,0.000000,0.000000,0.000000,GOAL,0.000000,0.000000,0.000000,0,0.004551,0.017720,1.524920,1.489480
trial03_direct,1,91,2.9120,0.328082,0.265725,0.596580,-84.1452,-2.7879,69.548,70.937,0,0,0.000000,0.000000,0.000000,GOAL,0.000000,0.000000,0.000000,0,0.004551,0.017720,1.524920,1.489480
trial03_direct,1,92,2.9440,0.328180,0.264766,0.595616,-84.1683,-2.7693,72.656,66.778,0,0,0.000000,0.000000,0.000000,GOAL,0.000000,0.000000,0.000000,0,0.004551,0.017720,1.524920,1.489480
trial03_direct,1,93,2.9760,0.328278,0.263806,0.594653,-84.1913,-2.7508,66.978,68.282,0,0,0.000000,0.000000,0.000000,GOAL,0.000000,0.000000,0.000000,0,0.004551,0.017720,1.524920,1.489480
trial03_direct,1,94,3.0080,0.328375,0.262846,0.593689,-84.2143,-2.7322,66.712,73.942,0,0,0.000000,0.000000,0.000000,GOAL,0.000000,0.000000,0.000000,0,0.004551,0.017720,1.524920,1.489480
trial03_direct,1,95,3.0400,0.328472,0.261887,0.592726,-84.2374,-2.7136,62.980,72.183,0,0,0.000000,0.000000,0.000000,GOAL,0.000000,0.000000,0.000000,0,0.004551,0.017720,1.524920,1.489480
trial03_direct,1,96,3.0720,0.328569,0.260927,0.591762,-84.2604,-2.6950,71.704,66.349,0,0,0.000000,0.000000,0.000000,GOAL,0.000000,0.000000,0.000000,0,0.004551,0.017720,1.524920,1.489480
trial03_direct,1,97,3.1040,0.328665,0.259967,0.590799,-84.2834,-2.6763,61.190,72.790,0,0,0.000000,0.000000,0.000000,GOAL,0.000000,0.000000,0.000000,0,0.004551,0.017720,1.524920,1.489480
trial03_direct,1,98,3.1360,0.328761,0.259007,0.589835,-84.3064,-2.6577,68.911,72.574,0,0,0.000000,0.000000,0.000000,GOAL,0.000000,0.000000,0.000000,0,0.004551,0.017720,1.524920,1.489480
trial03_direct,1,99,3.1680,0.328857,0.258047,0.588871,-84.3295,-2.6390,68.480,67.143,0,0,0.000000,0.000000,0.000000,GOAL,0.000000,0.000000,0.000000,0,0.004551,0.017720,1.524920,1.489480
trial03_direct,1,100,3.2000,0.328952,0.257087,0.587908,-84.3525,-2.6202,67.194,71.262,0,0,0.000000,0.000000,0.000000,GOAL,0.000000,0.000000,0.000000,0,0.004551,0.017720,1.524920,1.489480
trial03_direct,1,101,3.2320,0.329047,0.256127,0.586944,-84.3755,-2.6015,63.724,65.736,0,0,0.000000,0.000000,0.000000,GOAL,0.000000,0.000000,0.000000,0,0.004551,0.017720,1.524920,1.489480
trial03_direct,1,102,3.2640,0.329141,0.255168,0.585981,-84.3985,-2.5827,68.602,67.323,0,0,0.000000,0.000000,0.000000,GOAL,0.000000,0.000000,0.000000,0,0.004551,0.017720,1.524920,1.489480
trial03_direct,1,103,3.2960,0.329235,0.254207,0.585017,-84.4216,-2.5640,64.881,70.592,0,0,0.000000,0.000000,0.000000,GOAL,0.000000,0.000000,0.000000,0,0.004551,0.017720,1.524920,1.489480
trial03_direct,1,104,3.3280,0.329329,0.253247,0.584053,-84.4446,-2.5452,65.692,74.035,0,0,0.000000,0.000000,0.000000,GOAL,0.000000,0.000000,0.000000,0,0.004551,0.017720,1.524920,1.489480
trial03_direct,1,105,3.3600,0.329422,0.252287,0.583090,-84.4676,-2.5263,63.888,70.280,0,0,0.000000,0.000000,0.000000,GOAL,0.000000,0.000000,0.000000,0,0.004551,0.017720,1.524920,1.489480
trial03_direct,1,106,3.3920,0.329515,0.251327,0.582126,-84.4906,-2.5075,66.524,67.192,0,0,0.000000,0.000000,0.000000,GOAL,0.000000,0.000000,0.000000,0,0.004551,0.017720,1.524920,1.489480
trial03_direct,1,107,3.4240,0.329607,0.250367,0.581162,-84.5137,-2.4886,64.780,68.669,0,0,0.000000,0.000000,0.000000,GOAL,0.000000,0.000000,0.000000,0,0.004551,0.017720,1.524920,1.489480
trial03_direct,1,108,3.4560,0.329699,0.249407,0.580199,-84.5367,-2.4697,65.180,64.778,0,0,0.000000,0.000000,0.000000,GOAL,0.000000,0.000000,0.000000,0,0.004551,0.017720,1.524920,1.489480
trial03_direct,1,109,3.4880,0.329791,0.248447,0.579235,-84.5597,-2.4507,72.901,67.061,0,0,0.000000,0.000000,0.000000,GOAL,0.000000,0.000000,0.000000,0,0.004551,0.017720,1.524920,1.489480
trial03_direct,1,110,3.5200,0.329882,0.247486,0.578271,-84.5827,-2.4318,65.871,73.138,0,0,0.000000,0.000000,0.000000,GOAL,0.000000,0.000000,0.000000,0,0.004551,0.017720,1.524920,1.489480
trial03_direct,1,111,3.5520,0.329973,0.246526,0.577307,-84.6058,-2.4128,73.070,69.036,0,0,0.000000,0.000000,0.000000,GOAL,0.000000,0.000000,0.000000,0,0.004551,0.017720,1.524920,1.489480
trial03_direct,1,112,3.5840,0.330063,0.245566,0.576344,-84.6288,-2.3938,72.800,71.706,0,0,0.000000,0.000000,0.000000,GOAL,0.000000,0.000000,0.000000,0,0.004551,0.017720,1.524920,1.489480
trial03_direct,1,113,3.6160,0.330153,0.244605,0.575380,-84.6518,-2.3748,67.114,68.735,0,0,0.000000,0.000000,0.000000,GOAL,0.000000,0.000000,0.000000,0,0.004551,0.017720,1.524920,1.489480
trial03_direct,1,114,3.6480,0.330243,0.243645,0.574416,-84.6748,-2.3557,70.043,67.919,0,0,0.000000,0.000000,0.000000,GOAL,0.000000,0.000000,0.000000,0,0.004551,0.017720,1.524920,1.489480
trial03_direct,1,115,3.6800,0.330333,0.242684,0.573452,-84.6979,-2.3366,67.666,68.572,0,0,0.000000,0.000000,0.000000,GOAL,0.000000,0.000000,0.000000,0,0.004551,0.017720,1.524920,1.489480
trial03_direct,1,116,3.7120,0.330421,0.241724,0.572488,-84.7209,-2.3175,69.237,67.957,0,0,0.000000,0.000000,0.000000,GOAL,0.000000,0.000000,0.000000,0,0.004551,0.017720,1.524920,1.489480
trial03_direct,1,117,3.7440,0.330510,0.240763,0.571525,-84.7439,-2.2984,72.521,68.654,0,0,0.000000,0.000000,0.000000,GOAL,0.000000,0.000000,0.000000,0,0.004551,0.017720,1.524920,1.489480
trial03_direct,1,118,3.7760,0.330598,0.239803,0.570561,-84.7670,-2.2792,60.416,73.871,0,0,0.000000,0.000000,0.000000,GOAL,0.000000,0.000000,0.000000,0,0.004551,0.017720,1.524920,1.489480
trial03_direct,1,119,3.8080,0.330686,0.238842,0.569597,-84.7900,-2.2600,70.218,67.294,0,0,0.000000,0.000000,0.000000,GOAL,0.000000,0.000000,0.000000,0,0.004551,0.017720,1.524920,1.489480
trial03_direct,1,120,3.8400,0.330773,0.237882,0.568633,-84.8130,-2.2408,67.831,69.409,0,0,0.000000,0.000000,0.000000,GOAL,0.000000,0.000000,0.000000,0,0.004551,0.017720,1.524920,1.489480
trial03_direct,1,121,3.8720,0.330860,0.236921,0.567669,-84.8360,-2.2216,63.858,70.161,0,0,0.000000,0.000000,0.000000,GOAL,0.000000,0.000000,0.000000,0,0.004551,0.017720,1.524920,1.489480
trial03_direct,1,122,3.9040,0.330947,0.235960,0.566705,-84.8591,-2.2023,67.426,74.679,0,0,0.000000,0.000000,0.000000,GOAL,0.000000,0.000000,0.000000,0,0.004551,0.017720,1.524920,1.489480
trial03_direct,1,123,3.9360,0.331033,0.234999,0.565741,-84.8821,-2.1830,66.162,71.053,0,0,0.000000,0.000000,0.000000,GOAL,0.000000,0.000000,0.000000,0,0.004551,0.017720,1.524920,1.489480
trial03_direct,1,124,3.9680,0.331119,0.234039,0.564778,-84.9051,-2.1637,71.642,68.850,0,0,0.000000,0.000000,0.000000,GOAL,0.000000,0.000000,0.000000,0,0.004551,0.017720,1.524920,1.489480
trial03_direct,1,125,4.0000,0.331205,0.233078,0.563814,-84.9281,-2.1444,68.880,68.558,0,0,0.000000,0.000000,0.000000,GOAL,0.000000,0.000000,0.000000,0,0.004551,0.017720,1.524920,1.489480
trial03_direct,1,126,4.0320,0.331290,0.232117,0.562850,-84.9512,-2.1250,70.722,67.395,0,0,0.000000,0.000000,0.000000,GOAL,0.000000,0.000000,0.000000,0,0.004551,0.017720,1.524920,1.489480
trial03_direct,1,127,4.0640,0.331375,0.231156,0.561886,-84.9742,-2.1056,69.657,68.138,0,0,0.000000,0.000000,0.000000,GOAL,0.000000,0.000000,0.000000,0,0.004551,0.017720,1.524920,1.489480
trial03_direct,1,128,4.0960,0.331459,0.230195,0.560922,-84.9972,-2.0862,65.512,71.487,0,0,0.000000,0.000000,0.000000,GOAL,0.000000,0.000000,0.000000,0,0.004551,0.017720,1.524920,1.489480
trial03_direct,1,129,4.1280,0.331543,0.229234,0.559958,-85.0202,-2.0667,67.182,67.246,0,0,0.000000,0.000000,0.000000,GOAL,0.000000,0.000000,0.000000,0,0.004551,0.017720,1.524920,1.489480
trial03_direct,1,130,4.1600,0.331626,0.228273,0.558994,-85.0432,-2.0473,66.330,67.857,0,0,0.000000,0.000000,0.000000,GOAL,0.000000,0.000000,0.000000,0,0.004551,0.017720,1.524920,1.489480
trial03_direct,1,131,4.1920,0.331710,0.227312,0.558030,-85.0663,-2.0278,74.647,65.253,0,0,0.000000,0.000000,0.000000,GOAL,0.000000,0.000000,0.000000,0,0.004551,0.017720,1.524920,1.489480
trial03_direct,1,132,4.2240,0.331792,0.226351,0.557066,-85.0893,-2.0082,68.626,68.589,0,0,0.000000,0.000000,0.000000,GOAL,0.000000,0.000000,0.000000,0,0.004551,0.017720,1.524920,1.489480
trial03_direct,1,133,4.2560,0.331875,0.225390,0.556102,-85.1123,-1.9887,69.063,72.350,0,0,0.000000,0.000000,0.000000,GOAL,0.000000,0.000000,0.000000,0,0.004551,0.017720,1.524920,1.489480
trial03_direct,1,134,4.2880,0.331957,0.224429,0.555138,-85.1353,-1.9691,69.964,72.872,0,0,0.000000,0.000000,0.000000,GOAL,0.000000,0.000000,0.000000,0,0.004551,0.017720,1.524920,1.489480
trial03_direct,1,135,4.3200,0.332038,0.223468,0.554174,-85.1584,-1.9495,67.788,74.484,0,0,0.000000,0.000000,0.000000,GOAL,0.000000,0.000000,0.000000,0,0.004551,0.017720,1.524920,1.489480
trial03_direct,1,136,4.3520,0.332120,0.222507,0.553210,-85.1814,-1.9298,69.937,66.044,0,0,0.000000,0.000000,0.000000,GOAL,0.000000,0.000000,0.000000,0,0.004551,0.017720,1.524920,1.489480
trial03_direct,1,137,4.3840,0.332200,0.221545,0.552246,-85.2044,-1.9101,69.656,67.343,0,0,0.000000,0.000000,0.000000,GOAL,0.000000,0.000000,0.000000,0,0.004551,0.017720,1.524920,1.489480
trial03_direct,1,138,4.4160,0.332281,0.220584,0.551281,-85.2274,-1.8904,65.704,67.340,0,0,0.000000,0.000000,0.000000,GOAL,0.000000,0.000000,0.000000,0,0.004551,0.017720,1.524920,1.489480
trial03_direct,1,139,4.4480,0.332361,0.219623,0.550317,-85.2505,-1.8707,76.347,70.648,0,0,0.000000,0.000000,0.000000,GOAL,0.000000,0.000000,0.000000,0,0.004551,0.017720,1.524920,1.489480
trial03_direct,1,140,4.4800,0.332441,0.218662,0.549353,-85.2735,-1.8509,73.587,72.824,0,0,0.000000,0.000000,0.000000,GOAL,0.000000,0.000000,0.000000,0,0.004551,0.017720,1.524920,1.489480
trial03_direct,1,141,4.5120,0.332520,0.217700,0.548389,-85.2965,-1.8312,70.344,63.250,0,0,0.000000,0.000000,0.000000,GOAL,0.000000,0.000000,0.000000,0,0.004551,0.017720,1.524920,1.489480
trial03_direct,1,142,4.5440,0.332599,0.216739,0.547425,-85.3195,-1.8113,66.895,70.588,0,0,0.000000,0.000000,0.000000,GOAL,0.000000,0.000000,0.000000,0,0.004551,0.017720,1.524920,1.489480
trial03_direct,1,143,4.5760,0.332677,0.215777,0.546461,-85.3426,-1.7915,67.381,65.996,0,0,0.000000,0.000000,0.000000,GOAL,0.000000,0.000000,0.000000,0,0.004551,0.017720,1.524920,1.489480
trial03_direct,1,144,4.6080,0.332755,0.214816,0.545497,-85.3656,-1.7716,65.445,73.903,0,0,0.000000,0.000000,0.000000,GOAL,0.000000,0.000000,0.000000,0,0.004551,0.017720,1.524920,1.489480
trial03_direct,1,145,4.6400,0.332833,0.213855,0.544533,-85.3886,-1.7517,69.982,73.195,0,0,0.000000,0.000000,0.000000,GOAL,0.000000,0.000000,0.000000,0,0.004551,0.017720,1.524920,1.489480
trial03_direct,1,146,4.6720,0.332911,0.212893,0.543568,-85.4116,-1.7318,63.886,70.000,0,0,0.000000,0.000000,0.000000,GOAL,0.000000,0.000000,0.000000,0,0.004551,0.017720,1.524920,1.489480
trial03_direct,1,147,4.7040,0.332988,0.211931,0.542604,-85.4347,-1.7118,72.585,68.100,0,0,0.000000,0.000000,0.000000,GOAL,0.000000,0.000000,0.000000,0,0.004551,0.017720,1.524920,1.489480
trial03_direct,1,148,4.7360,0.333064,0.210970,0.541640,-85.4577,-1.6918,68.101,68.808,0,0,0.000000,0.000000,0.000000,GOAL,0.000000,0.000000,0.000000,0,0.004551,0.017720,1.524920,1.489480
trial03_direct,1,149,4.7680,0.333140,0.210008,0.540676,-85.4807,-1.6718,70.145,69.733,0,0,0.000000,0.000000,0.000000,GOAL,0.000000,0.000000,0.000000,0,0.004551,0.017720,1.524920,1.489480
trial03_direct,1,150,4.8000,0.333216,0.209047,0.539712,-85.5037,-1.6517,66.284,74.291,0,0,0.000000,0.000000,0.000000,GOAL,0.000000,0.000000,0.000000,0,0.004551,0.017720,1.524920,1.489480
trial03_direct,1,151,4.8320,0.333292,0.208085,0.538748,-85.5267,-1.6317,64.122,66.060,0,0,0.000000,0.000000,0.000000,GOAL,0.000000,0.000000,0.000000,0,0.004551,0.017720,1.524920,1.489480
trial03_direct,1,152,4.8640,0.333367,0.207123,0.537783,-85.5498,-1.6115,68.417,67.148,0,0,0.000000,0.000000,0.000000,GOAL,0.000000,0.000000,0.000000,0,0.004551,0.017720,1.524920,1.489480
trial03_direct,1,153,4.8960,0.333441,0.206162,0.536819,-85.5728,-1.5914,74.294,71.969,0,0,0.000000,0.000000,0.000000,GOAL,0.000000,0.000000,0.000000,0,0.004551,0.017720,1.524920,1.489480
trial03_direct,1,154,4.9280,0.333516,0.205200,0.535855,-85.5958,-1.5712,71.230,72.951,0,0,0.000000,0.000000,0.000000,GOAL,0.000000,0.000000,0.000000,0,0.004551,0.017720,1.524920,1.489480
trial03_direct,1,155,4.9600,0.333590,0.204238,0.534891,-85.6188,-1.5510,76.480,67.825,0,0,0.000000,0.000000,0.000000,GOAL,0.000000,0.000000,0.000000,0,0.004551,0.017720,1.524920,1.489480
trial03_direct,1,156,4.9920,0.333663,0.203276,0.533926,-85.6419,-1.5308,70.800,63.545,0,0,0.000000,0.000000,0.000000,GOAL,0.000000,0.000000,0.000000,0,0.004551,0.017720,1.524920,1.489480
trial03_direct,1,157,5.0240,0.333736,0.202315,0.532962,-85.6649,-1.5105,69.008,68.000,0,0,0.000000,0.000000,0.000000,GOAL,0.000000,0.000000,0.000000,0,0.004551,0.017720,1.524920,1.489480
trial03_direct,1,158,5.0560,0.333809,0.201353,0.531998,-85.6879,-1.4902,68.225,67.343,0,0,0.000000,0.000000,0.000000,GOAL,0.000000,0.000000,0.000000,0,0.004551,0.017720,1.524920,1.489480
trial03_direct,1,159,5.0880,0.333881,0.200391,0.531033,-85.7109,-1.4699,75.086,66.789,0,0,0.000000,0.000000,0.000000,GOAL,0.000000,0.000000,0.000000,0,0.004551,0.017720,1.524920,1.489480
trial03_direct,1,160,5.1200,0.333953,0.199429,0.530069,-85.7339,-1.4495,69.304,67.303,0,0,0.000000,0.000000,0.000000,GOAL,0.000000,0.000000,0.000000,0,0.004551,0.017720,1.524920,1.489480
trial03_direct,1,161,5.1520,0.334025,0.198467,0.529105,-85.7570,-1.4291,68.696,69.536,0,0,0.000000,0.000000,0.000000,GOAL,0.000000,0.000000,0.000000,0,0.004551,0.017720,1.524920,1.489480
trial03_direct,1,162,5.1840,0.334096,0.197505,0.528141,-85.7800,-1.4087,69.599,73.662,0,0,0.000000,0.000000,0.000000,GOAL,0.000000,0.000000,0.000000,0,0.004551,0.017720,1.524920,1.489480
trial03_direct,1,163,5.2160,0.334167,0.196543,0.527176,-85.8030,-1.3882,66.308,70.620,0,0,0.000000,0.000000,0.000000,GOAL,0.000000,0.000000,0.000000,0,0.004551,0.017720,1.524920,1.489480
trial03_direct,1,164,5.2480,0.334237,0.195581,0.526212,-85.8260,-1.3677,65.440,67.886,0,0,0.000000,0.000000,0.000000,GOAL,0.000000,0.000000,0.000000,0,0.004551,0.017720,1.524920,1.489480
trial03_direct,1,165,5.2800,0.334307,0.194619,0.525248,-85.8490,-1.3472,72.284,71.761,0,0,0.000000,0.000000,0.000000,GOAL,0.000000,0.000000,0.000000,0,0.004551,0.017720,1.524920,1.489480
trial03_direct,1,166,5.3120,0.334377,0.193657,0.524283,-85.8721,-1.3266,74.220,66.696,0,0,0.000000,0.000000,0.000000,GOAL,0.000000,0.000000,0.000000,0,0.004551,0.017720,1.524920,1.489480
trial03_direct,1,167,5.3440,0.334446,0.192695,0.523319,-85.8951,-1.3060,70.100,65.411,0,0,0.000000,0.000000,0.000000,GOAL,0.000000,0.000000,0.000000,0,0.004551,0.017720,1.524920,1.489480
trial03_direct,1,168,5.3760,0.334515,0.191732,0.522355,-85.9181,-1.2854,73.337,66.530,0,0,0.000000,0.000000,0.000000,GOAL,0.000000,0.000000,0.000000,0,0.004551,0.017720,1.524920,1.489480
trial03_direct,1,169,5.4080,0.334583,0.190770,0.521390,-85.9411,-1.2647,70.929,70.413,0,0,0.000000,0.000000,0.000000,GOAL,0.000000,0.000000,0.000000,0,0.004551,0.017720,1.524920,1.489480
trial03_direct,1,170,5.4400,0.334651,0.189808,0.520426,-85.9642,-1.2440,67.627,72.710,0,0,0.000000,0.000000,0.000000,GOAL,0.000000,0.000000,0.000000,0,0.004551,0.017720,1.524920,1.489480
trial03_direct,1,171,5.4720,0.334719,0.188846,0.519461,-85.9872,-1.2233,71.116,67.551,0,0,0.000000,0.000000,0.000000,GOAL,0.000000,0.000000,0.000000,0,0.004551,0.017720,1.524920,1.489480
trial03_direct,1,172,5.5040,0.334787,0.187884,0.518497,-86.0102,-1.2025,66.861,69.886,0,0,0.000000,0.000000,0.000000,GOAL,0.000000,0.000000,0.000000,0,0.004551,0.017720,1.524920,1.489480
trial03_direct,1,173,5.5360,0.334853,0.186921,0.517533,-86.0332,-1.1817,63.447,68.425,0,0,0.000000,0.000000,0.000000,GOAL,0.000000,0.000000,0.000000,0,0.004551,0.017720,1.524920,1.489480
trial03_direct,1,174,5.5680,0.334920,0.185959,0.516568,-86.0562,-1.1609,70.784,73.270,0,0,0.000000,0.000000,0.000000,GOAL,0.000000,0.000000,0.000000,0,0.004551,0.017720,1.524920,1.489480
trial03_direct,1,175,5.6000,0.334986,0.184997,0.515604,-86.0793,-1.1400,70.460,66.936,0,0,0.000000,0.000000,0.000000,GOAL,0.000000,0.000000,0.000000,0,0.004551,0.017720,1.524920,1.489480
trial03_direct,1,176,5.6320,0.335052,0.184034,0.514639,-86.1023,-1.1191,74.191,65.603,0,0,0.000000,0.000000,0.000000,GOAL,0.000000,0.000000,0.000000,0,0.004551,0.017720,1.524920,1.489480
trial03_direct,1,177,5.6640,0.335117,0.183072,0.513675,-86.1253,-1.0982,71.802,66.611,0,0,0.000000,0.000000,0.000000,GOAL,0.000000,0.000000,0.000000,0,0.004551,0.017720,1.524920,1.489480
trial03_direct,1,178,5.6960,0.335182,0.182109,0.512710,-86.1483,-1.0772,74.212,70.174,0,0,0.000000,0.000000,0.000000,GOAL,0.000000,0.000000,0.000000,0,0.004551,0.017720,1.524920,1.489480
trial03_direct,1,179,5.7280,0.335247,0.181147,0.511746,-86.1713,-1.0562,65.810,69.509,0,0,0.000000,0.000000,0.000000,GOAL,0.000000,0.000000,0.000000,0,0.004551,0.017720,1.524920,1.489480
trial03_direct,1,180,5.7600,0.335311,0.180185,0.510782,-86.1944,-1.0351,73.285,74.470,0,0,0.000000,0.000000,0.000000,GOAL,0.000000,0.000000,0.000000,0,0.004551,0.017720,1.524920,1.489480
trial03_direct,1,181,5.7920,0.335375,0.179222,0.509817,-86.2174,-1.0141,68.242,63.499,0,0,0.000000,0.000000,0.000000,GOAL,0.000000,0.000000,0.000000,0,0.004551,0.017720,1.524920,1.489480
trial03_direct,1,182,5.8240,0.335439,0.178260,0.508853,-86.2404,-0.9929,68.466,69.387,0,0,0.000000,0.000000,0.000000,GOAL,0.000000,0.000000,0.000000,0,0.004551,0.017720,1.524920,1.489480
trial03_direct,1,183,5.8560,0.335502,0.177297,0.507888,-86.2634,-0.9718,64.758,66.103,0,0,0.000000,0.000000,0.000000,GOAL,0.000000,0.000000,0.000000,0,0.004551,0.017720,1.524920,1.489480
trial03_direct,1,184,5.8880,0.335564,0.176334,0.506924,-86.2864,-0.9506,66.925,67.312,0,0,0.000000,0.000000,0.000000,GOAL,0.000000,0.000000,0.000000,0,0.004551,0.017720,1.524920,1.489480
trial03_direct,1,185,5.9200,0.335627,0.175372,0.505959,-86.3095,-0.9294,68.066,66.178,0,0,0.000000,0.000000,0.000000,GOAL,0.000000,0.000000,0.000000,0,0.004551,0.017720,1.524920,1.489480
trial03_direct,1,186,5.9520,0.335688,0.174409,0.504995,-86.3325,-0.9081,67.223,68.670,0,0,0.000000,0.000000,0.000000,GOAL,0.000000,0.000000,0.000000,0,0.004551,0.017720,1.524920,1.489480
trial03_direct,1,187,5.9840,0.335750,0.173447,0.504030,-86.3555,-0.8868,66.359,66.924,0,0,0.000000,0.000000,0.000000,GOAL,0.000000,0.000000,0.000000,0,0.004551,0.017720,1.524920,1.489480
trial03_direct,1,188,6.0160,0.335811,0.172484,0.503066,-86.3785,-0.8655,64.418,67.581,0,0,0.000000,0.000000,0.000000,GOAL,0.000000,0.000000,0.000000,0,0.004551,0.017720,1.524920,1.489480
trial03_direct,1,189,6.0480,0.335872,0.171521,0.502101,-86.4015,-0.8441,71.758,70.196,0,0,0.000000,0.000000,0.000000,GOAL,0.000000,0.000000,0.000000,0,0.004551,0.017720,1.524920,1.489480
trial03_direct,1,190,6.0800,0.335932,0.170559,0.501137,-86.4246,-0.8227,63.838,67.658,0,0,0.000000,0.000000,0.000000,GOAL,0.000000,0.000000,0.000000,0,0.004551,0.017720,1.524920,1.489480
trial03_direct,1,191,6.1120,0.335992,0.169596,0.500172,-86.4476,-0.8012,65.158,68.330,0,0,0.000000,0.000000,0.000000,GOAL,0.000000,0.000000,0.000000,0,0.004551,0.017720,1.524920,1.489480
trial03_direct,1,192,6.1440,0.336052,0.168633,0.499208,-86.4706,-0.7797,66.402,68.587,0,0,0.000000,0.000000,0.000000,GOAL,0.000000,0.000000,0.000000,0,0.004551,0.017720,1.524920,1.489480
trial03_direct,1,193,6.1760,0.336111,0.167670,0.498243,-86.4936,-0.7582,68.410,71.788,0,0,0.000000,0.000000,0.000000,GOAL,0.000000,0.000000,0.000000,0,0.004551,0.017720,1.524920,1.489480
trial03_direct,1,194,6.2080,0.336170,0.166707,0.497279,-86.5166,-0.7366,66.466,65.736,0,0,0.000000,0.000000,0.000000,GOAL,0.000000,0.000000,0.000000,0,0.004551,0.017720,1.524920,1.489480
trial03_direct,1,195,6.2400,0.336228,0.165745,0.496314,-86.5397,-0.7150,68.589,71.101,0,0,0.000000,0.000000,0.000000,GOAL,0.000000,0.000000,0.000000,0,0.004551,0.017720,1.524920,1.489480
trial03_direct,1,196,6.2720,0.336286,0.164782,0.495350,-86.5627,-0.6934,68.785,68.296,0,0,0.000000,0.000000,0.000000,GOAL,0.000000,0.000000,0.000000,0,0.004551,0.017720,1.524920,1.489480
trial03_direct,1,197,6.3040,0.336344,0.163819,0.494385,-86.5857,-0.6717,70.448,69.600,0,0,0.000000,0.000000,0.000000,GOAL,0.000000,0.000000,0.000000,0,0.004551,0.017720,1.524920,1.489480
trial03_direct,1,198,6.3360,0.336401,0.162856,0.493421,-86.6087,-0.6499,68.867,70.072,0,0,0.000000,0.000000,0.000000,GOAL,0.000000,0.000000,0.000000,0,0.004551,0.017720,1.524920,1.489480
trial03_direct,1,199,6.3680,0.336458,0.161893,0.492456,-86.6317,-0.6282,72.707,68.167,0,0,0.000000,0.000000,0.000000,GOAL,0.000000,0.000000,0.000000,0,0.004551,0.017720,1.524920,1.489480
trial03_direct,1,200,6.4000,0.336514,0.160930,0.491491,-86.6548,-0.6064,73.639,69.757,0,0,0.000000,0.000000,0.000000,GOAL,0.000000,0.000000,0.000000,0,0.004551,0.017720,1.524920,1.489480
trial03_direct,1,201,6.4320,0.336571,0.159967,0.490527,-86.6778,-0.5845,70.129,71.228,0,0,0.000000,0.000000,0.000000,GOAL,0.000000,0.000000,0.000000,0,0.004551,0.017720,1.524920,1.489480
trial03_direct,1,202,6.4640,0.336626,0.159004,0.489562,-86.7008,-0.5626,67.000,69.419,0,0,0.000000,0.000000,0.000000,GOAL,0.000000,0.000000,0.000000,0,0.004551,0.017720,1.524920,1.489480
trial03_direct,1,203,6.4960,0.336682,0.158041,0.488598,-86.7238,-0.5407,67.851,72.690,0,0,0.000000,0.000000,0.000000,GOAL,0.000000,0.000000,0.000000,0,0.004551,0.017720,1.524920,1.489480
trial03_direct,1,204,6.5280,0.336737,0.157078,0.487633,-86.7468,-0.5187,67.923,68.359,0,0,0.000000,0.000000,0.000000,GOAL,0.000000,0.000000,0.000000,0,0.004551,0.017720,1.524920,1.489480
trial03_direct,1,205,6.5600,0.336791,0.156115,0.486669,-86.7698,-0.4967,68.611,67.750,0,0,0.000000,0.000000,0.000000,GOAL,0.000000,0.000000,0.000000,0,0.004551,0.017720,1.524920,1.489480
trial03_direct,1,206,6.5920,0.336845,0.155152,0.485704,-86.7929,-0.4747,69.267,71.483,0,0,0.000000,0.000000,0.000000,GOAL,0.000000,0.000000,0.000000,0,0.004551,0.017720,1.524920,1.489480
trial03_direct,1,207,6.6240,0.336899,0.154189,0.484739,-86.8159,-0.4526,68.277,71.727,0,0,0.000000,0.000000,0.000000,GOAL,0.000000,0.000000,0.000000,0,0.004551,0.017720,1.524920,1.489480
trial03_direct,1,208,6.6560,0.336953,0.153226,0.483775,-86.8389,-0.4305,73.792,63.489,0,0,0.000000,0.000000,0.000000,GOAL,0.000000,0.000000,0.000000,0,0.004551,0.017720,1.524920,1.489480
trial03_direct,1,209,6.6880,0.337006,0.152262,0.482810,-86.8619,-0.4083,69.532,68.867,0,0,0.000000,0.000000,0.000000,GOAL,0.000000,0.000000,0.000000,0,0.004551,0.017720,1.524920,1.489480
trial03_direct,1,210,6.7200,0.337058,0.151299,0.481846,-86.8849,-0.3861,69.636,68.307,0,0,0.000000,0.000000,0.000000,GOAL,0.000000,0.000000,0.000000,0,0.004551,0.017720,1.524920,1.489480
trial03_direct,1,211,6.7520,0.337110,0.150336,0.480881,-86.9079,-0.3638,74.485,71.915,0,0,0.000000,0.000000,0.000000,GOAL,0.000000,0.000000,0.000000,0,0.004551,0.017720,1.524920,1.489480
trial03_direct,1,212,6.7840,0.337162,0.149373,0.479917,-86.9310,-0.3415,70.755,66.266,0,0,0.000000,0.000000,0.000000,GOAL,0.000000,0.000000,0.000000,0,0.004551,0.017720,1.524920,1.489480
trial03_direct,1,213,6.8160,0.337214,0.148410,0.478952,-86.9540,-0.3191,69.591,69.088,0,0,0.000000,0.000000,0.000000,GOAL,0.000000,0.000000,0.000000,0,0.004551,0.017720,1.524920,1.489480
trial03_direct,1,214,6.8480,0.337265,0.147446,0.477987,-86.9770,-0.2967,73.704,68.601,0,0,0.000000,0.000000,0.000000,GOAL,0.000000,0.000000,0.000000,0,0.004551,0.017720,1.524920,1.489480
trial03_direct,1,215,6.8800,0.337315,0.146483,0.477023,-87.0000,-0.2743,69.867,74.529,0,0,0.000000,0.000000,0.000000,GOAL,0.000000,0.000000,0.000000,0,0.004551,0.017720,1.524920,1.489480
trial03_direct,1,216,6.9120,0.337366,0.145520,0.476058,-87.0230,-0.2518,69.127,69.732,0,0,0.000000,0.000000,0.000000,GOAL,0.000000,0.000000,0.000000,0,0.004551,0.017720,1.524920,1.489480
trial03_direct,1,217,6.9440,0.337416,0.144556,0.475094,-87.0460,-0.2293,69.958,69.125,0,0,0.000000,0.000000,0.000000,GOAL,0.000000,0.000000,0.000000,0,0.004551,0.017720,1.524920,1.489480
trial03_direct,1,218,6.9760,0.337465,0.143593,0.474129,-87.0690,-0.2067,72.494,70.075,0,0,0.000000,0.000000,0.000000,GOAL,0.000000,0.000000,0.000000,0,0.004551,0.017720,1.524920,1.489480
trial03_direct,1,219,7.0080,0.337514,0.142630,0.473164,-87.0921,-0.1841,70.073,65.945,0,0,0.000000,0.000000,0.000000,GOAL,0.000000,0.000000,0.000000,0,0.004551,0.017720,1.524920,1.489480
trial03_direct,1,220,7.0400,0.337563,0.141666,0.472200,-87.1151,-0.1614,69.008,69.469,0,0,0.000000,0.000000,0.000000,GOAL,0.000000,0.000000,0.000000,0,0.004551,0.017720,1.524920,1.489480
trial03_direct,1,221,7.0720,0.337611,0.140703,0.471235,-87.1381,-0.1387,70.288,68.193,0,0,0.000000,0.000000,0.000000,GOAL,0.000000,0.000000,0.000000,0,0.004551,0.017720,1.524920,1.489480
trial03_direct,1,222,7.1040,0.337659,0.139740,0.470271,-87.1611,-0.1160,68.500,69.091,0,0,0.000000,0.000000,0.000000,GOAL,0.000000,0.000000,0.000000,0,0.004551,0.017720,1.524920,1.489480
trial03_direct,1,223,7.1360,0.337707,0.138776,0.469306,-87.1841,-0.0932,70.249,70.112,0,0,0.000000,0.000000,0.000000,GOAL,0.000000,0.000000,0.000000,0,0.004551,0.017720,1.524920,1.489480
trial03_direct,1,224,7.1680,0.337754,0.137813,0.468341,-87.2071,-0.0703,64.077,66.807,0,0,0.000000,0.000000,0.000000,GOAL,0.000000,0.000000,0.000000,0,0.004551,0.017720,1.524920,1.489480
trial03_direct,1,225,7.2000,0.337801,0.136849,0.467377,-87.2302,-0.0474,67.051,68.700,0,0,0.000000,0.000000,0.000000,GOAL,0.000000,0.000000,0.000000,0,0.004551,0.017720,1.524920,1.489480
trial03_direct,1,226,7.2320,0.337847,0.135886,0.466412,-87.2532,-0.0245,68.835,67.416,0,0,0.000000,0.000000,0.000000,GOAL,0.000000,0.000000,0.000000,0,0.004551,0.017720,1.524920,1.489480
trial03_direct,1,227,7.2640,0.337894,0.134922,0.465448,-87.2762,-0.0015,67.181,68.982,0,0,0.000000,0.000000,0.000000,GOAL,0.000000,0.000000,0.000000,0,0.004551,0.017720,1.524920,1.489480
trial03_direct,1,228,7.2960,0.337939,0.133959,0.464483,-87.2992,0.0215,68.511,67.069,0,0,0.000000,0.000000,0.000000,GOAL,0.000000,0.000000,0.000000,0,0.004551,0.017720,1.524920,1.489480
trial03_direct,1,229,7.3280,0.337984,0.132995,0.463518,-87.3222,0.0446,73.440,69.237,0,0,0.000000,0.000000,0.000000,GOAL,0.000000,0.000000,0.000000,0,0.004551,0.017720,1.524920,1.489480
trial03_direct,1,230,7.3600,0.338029,0.132032,0.462554,-87.3452,0.0677,72.150,68.590,0,0,0.000000,0.000000,0.000000,GOAL,0.000000,0.000000,0.000000,0,0.004551,0.017720,1.524920,1.489480
trial03_direct,1,231,7.3920,0.338074,0.131068,0.461589,-87.3682,0.0909,70.262,69.401,0,0,0.000000,0.000000,0.000000,GOAL,0.000000,0.000000,0.000000,0,0.004551,0.017720,1.524920,1.489480
trial03_direct,1,232,7.4240,0.338118,0.130104,0.460624,-87.3913,0.1141,71.563,73.013,0,0,0.000000,0.000000,0.000000,GOAL,0.000000,0.000000,0.000000,0,0.004551,0.017720,1.524920,1.489480
trial03_direct,1,233,7.4560,0.338162,0.129141,0.459660,-87.4143,0.1374,65.786,68.588,0,0,0.000000,0.000000,0.000000,GOAL,0.000000,0.000000,0.000000,0,0.004551,0.017720,1.524920,1.489480
trial03_direct,1,234,7.4880,0.338205,0.128177,0.458695,-87.4373,0.1607,65.911,67.595,0,0,0.000000,0.000000,0.000000,GOAL,0.000000,0.000000,0.000000,0,0.004551,0.017720,1.524920,1.489480
trial03_direct,1,235,7.5200,0.338248,0.127214,0.457731,-87.4603,0.1841,70.505,66.486,0,0,0.000000,0.000000,0.000000,GOAL,0.000000,0.000000,0.000000,0,0.004551,0.017720,1.524920,1.489480
trial03_direct,1,236,7.5520,0.338291,0.126250,0.456766,-87.4833,0.2075,69.481,69.776,0,0,0.000000,0.000000,0.000000,GOAL,0.000000,0.000000,0.000000,0,0.004551,0.017720,1.524920,1.489480
trial03_direct,1,237,7.5840,0.338333,0.125286,0.455801,-87.5063,0.2310,69.508,71.949,0,0,0.000000,0.000000,0.000000,GOAL,0.000000,0.000000,0.000000,0,0.004551,0.017720,1.524920,1.489480
trial03_direct,1,238,7.6160,0.338374,0.124322,0.454837,-87.5293,0.2545,66.183,69.771,0,0,0.000000,0.000000,0.000000,GOAL,0.000000,0.000000,0.000000,0,0.004551,0.017720,1.524920,1.489480
trial03_direct,1,239,7.6480,0.338416,0.123359,0.453872,-87.5523,0.2781,68.121,70.040,0,0,0.000000,0.000000,0.000000,GOAL,0.000000,0.000000,0.000000,0,0.004551,0.017720,1.524920,1.489480
trial03_direct,1,240,7.6800,0.338457,0.122395,0.452908,-87.5754,0.3017,66.645,68.045,0,0,0.000000,0.000000,0.000000,GOAL,0.000000,0.000000,0.000000,0,0.004551,0.017720,1.524920,1.489480
trial03_direct,1,241,7.7120,0.338498,0.121431,0.451943,-87.5984,0.3254,71.195,67.039,0,0,0.000000,0.000000,0.000000,GOAL,0.000000,0.000000,0.000000,0,0.004551,0.017720,1.524920,1.489480
trial03_direct,1,242,7.7440,0.338538,0.120468,0.450978,-87.6214,0.3491,65.349,69.804,0,0,0.000000,0.000000,0.000000,GOAL,0.000000,0.000000,0.000000,0,0.004551,0.017720,1.524920,1.489480
trial03_direct,1,243,7.7760,0.338578,0.119504,0.450014,-87.6444,0.3729,71.515,69.223,0,0,0.000000,0.000000,0.000000,GOAL,0.000000,0.000000,0.000000,0,0.004551,0.017720,1.524920,1.489480
trial03_direct,1,244,7.8080,0.338617,0.118540,0.449049,-87.6674,0.3968,68.290,68.178,0,0,0.000000,0.000000,0.000000,GOAL,0.000000,0.000000,0.000000,0,0.004551,0.017720,1.524920,1.489480
trial03_direct,1,245,7.8400,0.338656,0.117576,0.448085,-87.6904,0.4207,69.333,64.555,0,0,0.000000,0.000000,0.000000,GOAL,0.000000,0.000000,0.000000,0,0.004551,0.017720,1.524920,1.489480
trial03_direct,1,246,7.8720,0.338695,0.116612,0.447120,-87.7134,0.4446,67.881,70.860,0,0,0.000000,0.000000,0.000000,GOAL,0.000000,0.000000,0.000000,0,0.004551,0.017720,1.524920,1.489480
trial03_direct,1,247,7.9040,0.338733,0.115648,0.446156,-87.7365,0.4686,69.118,73.567,0,0,0.000000,0.000000,0.000000,GOAL,0.000000,0.000000,0.000000,0,0.004551,0.017720,1.524920,1.489480
trial03_direct,1,248,7.9360,0.338771,0.114685,0.445191,-87.7595,0.4927,74.060,70.435,0,0,0.000000,0.000000,0.000000,GOAL,0.000000,0.000000,0.000000,0,0.004551,0.017720,1.524920,1.489480
trial03_direct,1,249,7.9680,0.338809,0.113721,0.444226,-87.7825,0.5168,67.829,69.799,0,0,0.000000,0.000000,0.000000,GOAL,0.000000,0.000000,0.000000,0,0.004551,0.017720,1.524920,1.489480
trial03_direct,1,250,8.0000,0.338846,0.112757,0.443262,-87.8055,0.5409,70.197,68.873,0,0,0.000000,0.000000,0.000000,GOAL,0.000000,0.000000,0.000000,0,0.004551,0.017720,1.524920,1.489480
trial03_direct,1,251,8.0320,0.338882,0.111793,0.442297,-87.8285,0.5651,68.640,70.211,0,0,0.000000,0.000000,0.000000,GOAL,0.000000,0.000000,0.000000,0,0.004551,0.017720,1.524920,1.489480
trial03_direct,1,252,8.0640,0.338919,0.110829,0.441333,-87.8515,0.5894,67.315,66.088,0,0,0.000000,0.000000,0.000000,GOAL,0.000000,0.000000,0.000000,0,0.004551,0.017720,1.524920,1.489480
trial03_direct,1,253,8.0960,0.338955,0.109865,0.440368,-87.8745,0.6137,70.639,74.453,0,0,0.000000,0.000000,0.000000,GOAL,0.000000,0.000000,0.000000,0,0.004551,0.017720,1.524920,1.489480
trial03_direct,1,254,8.1280,0.338990,0.108901,0.439404,-87.8975,0.6381,66.340,68.260,0,0,0.000000,0.000000,0.000000,GOAL,0.000000,0.000000,0.000000,0,0.004551,0.017720,1.524920,1.489480
trial03_direct,1,255,8.1600,0.339026,0.107937,0.438439,-87.9205,0.6626,71.903,70.754,0,0,0.000000,0.000000,0.000000,GOAL,0.000000,0.000000,0.000000,0,0.004551,0.017720,1.524920,1.489480
trial03_direct,1,256,8.1920,0.339060,0.106973,0.437475,-87.9436,0.6870,70.837,67.888,0,0,0.000000,0.000000,0.000000,GOAL,0.000000,0.000000,0.000000,0,0.004551,0.017720,1.524920,1.489480
trial03_direct,1,257,8.2240,0.339095,0.106009,0.436510,-87.9666,0.7116,65.718,72.912,0,0,0.000000,0.000000,0.000000,GOAL,0.000000,0.000000,0.000000,0,0.004551,0.017720,1.524920,1.489480
trial03_direct,1,258,8.2560,0.339129,0.105045,0.435545,-87.9896,0.7362,69.738,68.700,0,0,0.000000,0.000000,0.000000,GOAL,0.000000,0.000000,0.000000,0,0.004551,0.017720,1.524920,1.489480
trial03_direct,1,259,8.2880,0.339163,0.104081,0.434581,-88.0126,0.7609,72.888,63.427,0,0,0.000000,0.000000,0.000000,GOAL,0.000000,0.000000,0.000000,0,0.004551,0.017720,1.524920,1.489480
trial03_direct,1,260,8.3200,0.339196,0.103117,0.433616,-88.0356,0.7856,73.295,66.184,0,0,0.000000,0.000000,0.000000,GOAL,0.000000,0.000000,0.000000,0,0.004551,0.017720,1.524920,1.489480
trial03_direct,1,261,8.3520,0.339229,0.102153,0.432652,-88.0586,0.8104,70.218,70.285,0,0,0.000000,0.000000,0.000000,GOAL,0.000000,0.000000,0.000000,0,0.004551,0.017720,1.524920,1.489480
trial03_direct,1,262,8.3840,0.339261,0.101189,0.431687,-88.0816,0.8352,67.446,69.724,0,0,0.000000,0.000000,0.000000,GOAL,0.000000,0.000000,0.000000,0,0.004551,0.017720,1.524920,1.489480
trial03_direct,1,263,8.4160,0.339293,0.100225,0.430723,-88.1046,0.8601,68.944,69.063,0,0,0.000000,0.000000,0.000000,GOAL,0.000000,0.000000,0.000000,0,0.004551,0.017720,1.524920,1.489480
trial03_direct,1,264,8.4480,0.339325,0.099261,0.429758,-88.1276,0.8851,67.932,71.219,0,0,0.000000,0.000000,0.000000,GOAL,0.000000,0.000000,0.000000,0,0.004551,0.017720,1.524920,1.489480
trial03_direct,1,265,8.4800,0.339356,0.098297,0.428794,-88.1507,0.9101,71.538,69.853,0,0,0.000000,0.000000,0.000000,GOAL,0.000000,0.000000,0.000000,0,0.004551,0.017720,1.524920,1.489480
trial03_direct,1,266,8.5120,0.339387,0.097333,0.427829,-88.1737,0.9352,69.662,67.923,0,0,0.000000,0.000000,0.000000,GOAL,0.000000,0.000000,0.000000,0,0.004551,0.017720,1.524920,1.489480
trial03_direct,1,267,8.5440,0.339418,0.096368,0.426865,-88.1967,0.9604,69.508,63.208,0,0,0.000000,0.000000,0.000000,GOAL,0.000000,0.000000,0.000000,0,0.004551,0.017720,1.524920,1.489480
trial03_direct,1,268,8.5760,0.339448,0.095404,0.425900,-88.2197,0.9856,66.899,69.999,0,0,0.000000,0.000000,0.000000,GOAL,0.000000,0.000000,0.000000,0,0.004551,0.017720,1.524920,1.489480
trial03_direct,1,269,8.6080,0.339478,0.094440,0.424936,-88.2427,1.0109,70.955,69.301,0,0,0.000000,0.000000,0.000000,GOAL,0.000000,0.000000,0.000000,0,0.004551,0.017720,1.524920,1.489480
trial03_direct,1,270,8.6400,0.339507,0.093476,0.423972,-88.2657,1.0362,70.388,70.434,0,0,0.000000,0.000000,0.000000,GOAL,0.000000,0.000000,0.000000,0,0.004551,0.017720,1.524920,1.489480
trial03_direct,1,271,8.6720,0.339536,0.092512,0.423007,-88.2887,1.0616,65.431,66.631,0,0,0.000000,0.000000,0.000000,GOAL,0.000000,0.000000,0.000000,0,0.004551,0.017720,1.524920,1.489480
trial03_direct,1,272,8.7040,0.339565,0.091548,0.422043,-88.3117,1.0871,67.092,75.999,0,0,0.000000,0.000000,0.000000,GOAL,0.000000,0.000000,0.000000,0,0.004551,0.017720,1.524920,1.489480
trial03_direct,1,273,8.7360,0.339593,0.090583,0.421078,-88.3347,1.1126,74.256,69.690,0,0,0.000000,0.000000,0.000000,GOAL,0.000000,0.000000,0.000000,0,0.004551,0.017720,1.524920,1.489480
trial03_direct,1,274,8.7680,0.339621,0.089619,0.420114,-88.3577,1.1382,69.698,65.348,0,0,0.000000,0.000000,0.000000,GOAL,0.000000,0.000000,0.000000,0,0.004551,0.017720,1.524920,1.489480
trial03_direct,1,275,8.8000,0.339648,0.088655,0.419149,-88.3808,1.1638,74.262,70.517,0,0,0.000000,0.000000,0.000000,GOAL,0.000000,0.000000,0.000000,0,0.004551,0.017720,1.524920,1.489480
trial03_direct,1,276,8.8320,0.339675,0.087691,0.418185,-88.4038,1.1895,67.303,68.190,0,0,0.000000,0.000000,0.000000,GOAL,0.000000,0.000000,0.000000,0,0.004551,0.017720,1.524920,1.489480
trial03_direct,1,277,8.8640,0.339702,0.086727,0.417221,-88.4268,1.2153,70.613,66.760,0,0,0.000000,0.000000,0.000000,GOAL,0.000000,0.000000,0.000000,0,0.004551,0.017720,1.524920,1.489480
trial03_direct,1,278,8.8960,0.339728,0.085762,0.416256,-88.4498,1.2412,73.081,74.468,0,0,0.000000,0.000000,0.000000,GOAL,0.000000,0.000000,0.000000,0,0.004551,0.017720,1.524920,1.489480
trial03_direct,1,279,8.9280,0.339754,0.084798,0.415292,-88.4728,1.2671,66.567,72.527,0,0,0.000000,0.000000,0.000000,GOAL,0.000000,0.000000,0.000000,0,0.004551,0.017720,1.524920,1.489480
trial03_direct,1,280,8.9600,0.339780,0.083834,0.414327,-88.4958,1.2931,68.983,67.203,0,0,0.000000,0.000000,0.000000,GOAL,0.000000,0.000000,0.000000,0,0.004551,0.017720,1.524920,1.489480
trial03_direct,1,281,8.9920,0.339805,0.082870,0.413363,-88.5188,1.3191,69.865,81.123,0,0,0.000000,0.000000,0.000000,GOAL,-0.001969,-0.000492,0.000000,0,0.004551,0.017720,1.524920,1.489480
trial03_direct,1,282,9.0240,0.339830,0.081905,0.412399,-88.5418,1.3452,71.536,85.738,0,0,0.000000,0.000000,0.000000,GOAL,-0.010066,-0.002886,0.000000,0,0.004551,0.017720,1.524920,1.489480
trial03_direct,1,283,9.0560,0.339854,0.080941,0.411434,-88.5648,1.3714,66.709,85.379,0,0,0.000000,0.000000,0.000000,GOAL,-0.009436,-0.004523,0.000000,0,0.004551,0.017720,1.524920,1.489480
trial03_direct,1,284,9.0880,0.339878,0.079977,0.410470,-88.5878,1.3977,68.862,91.918,0,0,0.000000,0.000000,0.000000,GOAL,-0.020909,-0.008620,0.000000,0,0.004551,0.017720,1.524920,1.489480
trial03_direct,1,285,9.1200,0.339902,0.079012,0.409506,-88.6109,1.4240,68.314,101.891,0,0,0.000000,0.000000,0.000000,GOAL,-0.038405,-0.016066,0.000000,0,0.004551,0.017720,1.524920,1.489480
trial03_direct,1,286,9.1520,0.339925,0.078048,0.408541,-88.6339,1.4504,73.136,102.057,0,0,0.000000,0.000000,0.000000,GOAL,-0.038697,-0.021724,0.000000,0,0.004551,0.017720,1.524920,1.489480
trial03_direct,1,287,9.1840,0.339948,0.077084,0.407577,-88.6569,1.4769,67.620,107.771,0,0,0.000000,0.000000,0.000000,GOAL,-0.048722,-0.028473,0.000000,0,0.004551,0.017720,1.524920,1.489480
trial03_direct,1,288,9.2160,0.339970,0.076119,0.406613,-88.6799,1.5034,67.667,108.747,0,0,0.000000,0.000000,0.000000,GOAL,-0.050434,-0.033963,0.000000,0,0.004551,0.017720,1.524920,1.489480
trial03_direct,1,289,9.2480,0.339992,0.075155,0.405649,-88.7029,1.5300,69.012,106.753,0,0,0.000000,0.000000,0.000000,GOAL,-0.046936,-0.037207,0.000000,0,0.004551,0.017720,1.524920,1.489480
trial03_direct,1,290,9.2800,0.340014,0.074191,0.404684,-88.7259,1.5567,66.139,114.884,0,0,0.000000,0.000000,0.000000,GOAL,-0.061200,-0.043205,0.000000,0,0.004551,0.017720,1.524920,1.489480
trial03_direct,1,291,9.3120,0.340035,0.073226,0.403720,-88.7489,1.5835,67.530,111.344,0,0,0.000000,0.000000,0.000000,GOAL,-0.054990,-0.046151,0.000000,0,0.004551,0.017720,1.524920,1.489480
trial03_direct,1,292,9.3440,0.340056,0.072262,0.402756,-88.7719,1.6103,69.698,109.332,0,0,0.000000,0.000000,0.000000,GOAL,-0.051459,-0.047478,0.000000,0,0.004551,0.017720,1.524920,1.489480
trial03_direct,1,293,9.3760,0.340076,0.071297,0.401792,-88.7949,1.6372,68.767,112.154,0,0,0.000000,0.000000,0.000000,GOAL,-0.056411,-0.049712,0.000000,0,0.004551,0.017720,1.524920,1.489480
trial03_direct,1,294,9.4080,0.340097,0.070333,0.400827,-88.8179,1.6642,62.960,116.577,0,0,0.000000,0.000000,0.000000,GOAL,-0.064170,-0.053326,0.000000,0,0.004551,0.017720,1.524920,1.489480
trial03_direct,1,295,9.4400,0.340116,0.069369,0.399863,-88.8409,1.6912,72.739,116.525,0,0,0.000000,0.000000,0.000000,GOAL,-0.064079,-0.056014,0.000000,0,0.004551,0.017720,1.524920,1.489480
trial03_direct,1,296,9.4720,0.340136,0.068404,0.398899,-88.8640,1.7183,69.359,113.275,0,0,0.000000,0.000000,0.000000,GOAL,-0.058376,-0.056605,0.000000,0,0.004551,0.017720,1.524920,1.489480
trial03_direct,1,297,9.5040,0.340155,0.067440,0.397935,-88.8870,1.7455,65.016,115.028,0,0,0.000000,0.000000,0.000000,GOAL,-0.061452,-0.057817,0.000000,0,0.004551,0.017720,1.524920,1.489480
trial03_direct,1,298,9.5360,0.340173,0.066475,0.396971,-88.9100,1.7728,69.838,127.519,0,0,0.000000,0.000000,0.000000,GOAL,-0.083367,-0.064204,0.000000,0,0.004551,0.017720,1.524920,1.489480
trial03_direct,1,299,9.5680,0.340191,0.065511,0.396007,-88.9330,1.8002,72.863,127.891,0,0,0.000000,0.000000,0.000000,GOAL,-0.084019,-0.069158,0.000000,0,0.004551,0.017720,1.524920,1.489480
trial03_direct,1,300,9.6000,0.340209,0.064546,0.395043,-88.9560,1.8276,68.149,147.628,0,0,0.000000,0.000000,0.000000,GOAL,-0.118646,-0.081530,0.000000,0,0.004551,0.017720,1.524920,1.489480
trial03_direct,1,301,9.6320,0.340226,0.063582,0.394078,-88.9790,1.8551,73.509,133.542,0,0,0.000000,0.000000,0.000000,GOAL,-0.093934,-0.084631,0.000000,0,0.004551,0.017720,1.524920,1.489480
trial03_direct,1,302,9.6640,0.340243,0.062618,0.393114,-89.0020,1.8827,65.977,138.616,0,0,0.000000,0.000000,0.000000,GOAL,-0.102836,-0.089182,0.000000,0,0.004551,0.017720,1.524920,1.489480
trial03_direct,1,303,9.6960,0.340260,0.061653,0.392150,-89.0250,1.9104,65.541,141.037,0,0,0.000000,0.000000,0.000000,GOAL,-0.107082,-0.093657,0.000000,0,0.004551,0.017720,1.524920,1.489480
trial03_direct,1,304,9.7280,0.340276,0.060689,0.391186,-89.0480,1.9381,68.368,149.378,0,0,0.000000,0.000000,0.000000,GOAL,-0.121716,-0.100672,0.000000,0,0.004551,0.017720,1.524920,1.489480
trial03_direct,1,305,9.7600,0.340292,0.059724,0.390222,-89.0710,1.9659,68.450,154.818,0,0,0.000000,0.000000,0.000000,GOAL,-0.131260,-0.108319,0.000000,0,0.004551,0.017720,1.524920,1.489480
trial03_direct,1,306,9.7920,0.340308,0.058760,0.389258,-89.0940,1.9938,69.060,157.239,0,0,0.000000,0.000000,0.000000,GOAL,-0.135508,-0.115116,0.000000,0,0.004551,0.017720,1.524920,1.489480
trial03_direct,1,307,9.8240,0.340323,0.057795,0.388294,-89.1170,2.0218,68.215,162.066,0,0,0.000000,0.000000,0.000000,GOAL,-0.143975,-0.122331,0.000000,0,0.004551,0.017720,1.524920,1.489480
trial03_direct,1,308,9.8560,0.340337,0.056831,0.387330,-89.1401,2.0499,67.919,158.211,0,0,0.000000,0.000000,0.000000,GOAL,-0.137213,-0.126051,0.000000,0,0.004551,0.017720,1.524920,1.489480
trial03_direct,1,309,9.8880,0.340352,0.055866,0.386366,-89.1631,2.0780,70.424,183.120,0,0,0.000000,0.000000,0.000000,GOAL,-0.180912,-0.139767,0.000000,0,0.004551,0.017720,1.524920,1.489480
trial03_direct,1,310,9.9200,0.340366,0.054902,0.385402,-89.1861,2.1063,66.786,186.341,0,0,0.000000,0.000000,0.000000,GOAL,-0.186563,-0.151466,0.000000,0,0.004551,0.017720,1.524920,1.489480
trial03_direct,1,311,9.9520,0.340379,0.053937,0.384438,-89.2091,2.1346,68.560,193.503,0,0,0.000000,0.000000,0.000000,GOAL,-0.199128,-0.163381,0.000000,0,0.004551,0.017720,1.524920,1.489480
trial03_direct,1,312,9.9840,0.340392,0.052973,0.383474,-89.2321,2.1630,68.249,197.720,0,0,0.000000,0.000000,0.000000,GOAL,-0.206526,-0.174167,0.000000,0,0.004551,0.017720,1.524920,1.489480
trial03_direct,1,313,10.0160,0.340405,0.052008,0.382510,-89.2551,2.1915,66.061,210.188,0,0,0.000000,0.000000,0.000000,GOAL,-0.228399,-0.187725,0.000000,0,0.004551,0.017720,1.524920,1.489480
trial03_direct,1,314,10.0480,0.340417,0.051044,0.381546,-89.2781,2.2201,69.327,214.882,0,0,0.000000,0.000000,0.000000,GOAL,-0.236635,-0.199953,0.000000,0,0.004551,0.017720,1.524920,1.489480
trial03_direct,1,315,10.0800,0.340429,0.050079,0.380583,-89.3011,2.2487,67.134,218.932,0,0,0.000000,0.000000,0.000000,GOAL,-0.243740,-0.210900,0.000000,0,0.004551,0.017720,1.524920,1.489480
trial03_direct,1,316,10.1120,0.340441,0.049114,0.379619,-89.3241,2.2775,66.602,230.817,0,0,0.000000,0.000000,0.000000,GOAL,-0.264591,-0.224323,0.000000,0,0.004551,0.017720,1.524920,1.489480
trial03_direct,1,317,10.1440,0.340452,0.048150,0.378655,-89.3471,2.3063,236.547,244.516,0,0,0.000000,0.000000,0.000000,GOAL,-0.013981,-0.171737,0.000000,0,0.004551,0.017720,1.482484,1.447044
trial03_direct,1,318,10.1760,0.340463,0.047213,0.377718,-89.3701,2.3351,248.869,257.046,1,0,-0.795903,-0.198976,0.163928,BLEND,-0.014346,-0.132389,0.163928,0,0.004551,-0.097846,1.413620,1.435964
trial03_direct,1,319,10.2080,0.340472,0.046301,0.376807,-89.3556,2.3262,256.906,274.846,1,1,0.002963,-0.148491,0.201801,BLEND,-0.031474,-0.107161,0.201801,0,0.004551,-0.089357,1.355626,1.417062
trial03_direct,1,320,10.2400,0.340482,0.045414,0.375921,-89.3159,2.2921,274.204,277.804,0,1,0.793428,0.086989,0.208093,BLEND,-0.006315,-0.081949,0.208093,0,0.004551,0.076556,1.346969,1.354768
trial03_direct,1,321,10.2720,0.340493,0.044549,0.375057,-89.3107,2.2921,285.354,296.634,1,1,-0.007628,0.063335,0.248157,BLEND,-0.019788,-0.066409,0.248157,0,0.004551,0.067609,1.328413,1.300458
trial03_direct,1,322,10.3040,0.340503,0.043708,0.374216,-89.3287,2.3153,309.201,303.601,2,1,-0.265798,-0.018949,0.274896,BLEND,0.009825,-0.047351,0.274896,0,0.004551,-0.005143,1.286208,1.267813
trial03_direct,1,323,10.3360,0.340512,0.042891,0.373400,-89.3407,2.3323,309.002,317.213,1,1,0.000127,-0.014180,0.291943,BLEND,-0.014405,-0.039114,0.291943,0,0.004551,-0.001752,1.251006,1.238086
trial03_direct,1,324,10.3680,0.340521,0.042094,0.372604,-89.3491,2.3458,330.848,346.375,1,1,-0.000345,-0.010721,0.353989,BLEND,-0.027240,-0.036146,0.353989,0,0.004551,-0.001661,1.207908,1.199048
trial03_direct,1,325,10.4000,0.340530,0.041324,0.371834,-89.3550,2.3565,336.595,348.390,2,2,-0.001890,-0.008513,0.358276,BLEND,-0.020692,-0.032282,0.358276,0,0.004551,0.000836,1.173665,1.166602
trial03_direct,1,326,10.4320,0.340538,0.040575,0.371086,-89.3597,2.3659,353.614,359.767,2,1,-0.262373,-0.071978,0.382483,BLEND,-0.010794,-0.026910,0.382483,0,0.004551,-0.084148,1.117429,1.154206
trial03_direct,1,327,10.4640,0.340546,0.039848,0.370360,-89.3359,2.3468,364.891,376.540,1,2,0.264834,0.012225,0.418171,BLEND,-0.020437,-0.025292,0.418171,0,0.004551,0.027967,1.094087,1.107685
trial03_direct,1,328,10.4960,0.340555,0.039144,0.369656,-89.3269,2.3423,383.626,383.635,2,2,-0.002101,0.008643,0.433265,BLEND,-0.000015,-0.018973,0.433265,0,0.004551,0.022977,1.066866,1.065577
trial03_direct,1,329,10.5280,0.340563,0.038461,0.368974,-89.3278,2.3475,402.471,408.095,2,2,-0.001934,0.005999,0.485308,BLEND,-0.009866,-0.016696,0.485308,0,0.004551,0.019176,1.031307,1.020751
trial03_direct,1,330,10.5600,0.340570,0.037805,0.368318,-89.3347,2.3586,428.728,441.535,3,2,-0.158010,-0.035003,0.556457,BLEND,-0.022467,-0.018139,0.556457,0,0.004551,-0.059417,0.965422,0.987213
trial03_direct,1,331,10.5920,0.340578,0.037180,0.367693,-89.3205,2.3484,470.060,468.431,3,3,0.002139,-0.025718,0.617150,BLEND,0.002859,-0.012889,0.617150,0,0.004551,-0.048037,0.896490,0.936852
trial03_direct,1,332,10.6240,0.340585,0.036593,0.367107,-89.2944,2.3260,468.530,492.650,3,3,0.001204,-0.018987,0.665214,BLEND,-0.042316,-0.020246,0.665214,0,0.004551,-0.037694,0.839939,0.889058
trial03_direct,1,333,10.6560,0.340591,0.036040,0.366554,-89.2626,2.2977,523.526,504.184,3,3,0.001772,-0.013798,0.730907,BLEND,0.033934,-0.006701,0.730907,0,0.004551,-0.030064,0.777627,0.829499
trial03_direct,1,334,10.6880,0.340598,0.035526,0.366040,-89.2290,2.2674,535.184,564.906,3,3,0.000693,-0.010175,0.818950,AVOID,-0.052145,-0.018062,0.818950,0,0.004551,-0.025573,0.708292,0.759982
trial03_direct,1,335,10.7200,0.340604,0.035056,0.365571,-89.1955,2.2368,555.440,580.337,4,4,-0.000310,-0.007709,0.851781,AVOID,-0.043679,-0.024466,0.851781,0,0.004551,-0.020053,0.645973,0.694767
trial03_direct,1,336,10.7520,0.340611,0.034627,0.365142,-89.1639,2.2078,577.979,557.605,3,3,0.000102,-0.005756,0.846764,AVOID,0.035744,-0.009414,0.846764,0,0.004551,-0.014120,0.600781,0.644436
trial03_direct,1,337,10.7840,0.340616,0.034229,0.364744,-89.1356,2.1819,609.624,637.149,5,4,-0.086079,-0.025837,0.972657,AVOID,-0.048289,-0.019133,0.972657,0,0.004551,-0.086316,0.512393,0.588292
trial03_direct,1,338,10.8160,0.340622,0.033876,0.364392,-89.0866,2.1350,631.409,643.476,4,5,0.087900,0.002597,0.986119,AVOID,-0.021169,-0.019642,0.986119,0,0.004551,0.009093,0.460740,0.513118
trial03_direct,1,339,10.8480,0.340627,0.033565,0.364081,-89.0527,2.1029,652.988,764.332,4,4,-0.000877,0.001729,1.000000,AVOID,0.000000,-0.014731,1.000000,0,0.004551,0.005971,0.412988,0.449286
trial03_direct,1,340,10.8800,0.340632,0.033289,0.363805,-89.0291,2.0809,732.162,803.658,4,4,-0.000778,0.001102,1.000000,AVOID,0.000000,-0.011048,1.000000,0,0.004551,0.003807,0.376633,0.401953
trial03_direct,1,341,10.9120,0.340636,0.033040,0.363556,-89.0126,2.0658,733.255,841.737,5,5,-0.000999,0.000577,1.000000,AVOID,0.000000,-0.008286,1.000000,0,0.004551,0.001992,0.348912,0.366906
trial03_direct,1,342,10.9440,0.340640,0.032811,0.363327,-89.0009,2.0554,860.344,862.279,4,4,-0.000886,0.000211,1.000000,AVOID,0.000000,-0.006215,1.000000,0,0.004551,0.000729,0.327807,0.340937
trial03_direct,1,343,10.9760,0.340644,0.032597,0.363113,-88.9922,2.0479,856.782,962.020,4,4,-0.000785,-0.000038,1.000000,AVOID,0.000000,-0.004661,1.000000,0,0.004551,-0.000131,0.311762,0.321676
trial03_direct,1,344,11.0080,0.340647,0.032394,0.362911,-88.9857,2.0425,854.635,995.290,5,4,-0.086768,-0.021720,1.000000,AVOID,0.000000,-0.003496,1.000000,0,0.004551,-0.075022,0.281006,0.325953
trial03_direct,1,345,11.0400,0.340651,0.032200,0.362716,-88.9565,2.0144,938.928,997.899,4,5,0.087994,0.005708,1.000000,AVOID,0.000000,-0.002622,1.000000,0,0.004551,0.019716,0.281624,0.305475
trial03_direct,1,346,11.0720,0.340654,0.032012,0.362529,-88.9410,1.9999,968.765,1044.424,4,4,-0.000793,0.004083,1.000000,AVOID,0.000000,-0.001966,1.000000,0,0.004551,0.014102,0.280683,0.291521
trial03_direct,1,347,11.1040,0.340658,0.031829,0.362346,-88.9338,1.9938,995.959,1097.597,5,4,-0.086746,-0.018625,1.000000,AVOID,0.000000,-0.001475,1.000000,0,0.004551,-0.064329,0.260370,0.300663
trial03_direct,1,348,11.1360,0.340661,0.031650,0.362166,-88.9077,1.9686,1041.218,1096.705,4,5,0.087985,0.008028,1.000000,AVOID,0.000000,-0.001106,1.000000,0,0.004551,0.027728,0.268150,0.284505
trial03_direct,1,349,11.1680,0.340664,0.031473,0.361990,-88.8970,1.9589,1055.632,1176.170,4,4,-0.000801,0.005821,1.000000,AVOID,0.000000,-0.000830,1.000000,0,0.004551,0.020104,0.272078,0.274293
trial03_direct,1,350,11.2000,0.340668,0.031298,0.361815,-88.8954,1.9582,1073.014,1155.927,5,4,-0.086725,-0.017316,1.000000,AVOID,0.000000,-0.000622,1.000000,0,0.004551,-0.059809,0.255047,0.286612
trial03_direct,1,351,11.2320,0.340671,0.031125,0.361642,-88.8749,1.9387,1086.988,1219.088,4,5,0.087976,0.009007,1.000000,AVOID,0.000000,-0.000467,1.000000,0,0.004551,0.031111,0.265003,0.273121
trial03_direct,1,352,11.2640,0.340675,0.030953,0.361470,-88.8695,1.9342,1149.745,1251.729,4,4,-0.000809,0.006553,1.000000,AVOID,0.000000,-0.000350,1.000000,0,0.004551,0.022634,0.270350,0.265122
trial03_direct,1,353,11.2960,0.340678,0.030781,0.361298,-88.8730,1.9386,1196.491,1299.459,5,4,-0.086703,-0.016761,1.000000,AVOID,0.000000,-0.000262,1.000000,0,0.004551,-0.057893,0.254230,0.279255
trial03_direct,1,354,11.3280,0.340681,0.030611,0.361128,-88.8567,1.9232,1241.138,1323.335,4,5,0.087967,0.009421,1.000000,AVOID,0.000000,-0.000197,1.000000,0,0.004551,0.032540,0.264747,0.267246
trial03_direct,1,355,11.3600,0.340685,0.030440,0.360957,-88.8549,1.9224,1258.637,1340.280,4,4,-0.000818,0.006861,1.000000,AVOID,0.000000,-0.000148,1.000000,0,0.004551,0.023699,0.270425,0.260450
trial03_direct,1,356,11.3920,0.340688,0.030270,0.360788,-88.8615,1.9298,1275.839,1393.659,5,4,-0.086681,-0.016524,1.000000,AVOID,0.000000,-0.000111,1.000000,0,0.004551,-0.057075,0.254490,0.275546
trial03_direct,1,357,11.4240,0.340692,0.030101,0.360618,-88.8478,1.9170,1278.728,1378.804,4,5,0.087957,0.009596,1.000000,AVOID,0.000000,-0.000083,1.000000,0,0.004551,0.033145,0.265094,0.264313
trial03_direct,1,358,11.4560,0.340695,0.029932,0.360449,-88.8483,1.9184,1348.890,1417.993,4,4,-0.000826,0.006991,1.000000,AVOID,0.000000,-0.000062,1.000000,0,0.004551,0.024146,0.270797,0.258139
trial03_direct,1,359,11.4880,0.340698,0.029762,0.360280,-88.8566,1.9276,1338.734,1434.425,5,4,-0.086659,-0.016422,1.000000,AVOID,0.000000,-0.000047,1.000000,0,0.004551,-0.056721,0.254858,0.273724
trial03_direct,1,360,11.5200,0.340702,0.029593,0.360111,-88.8443,1.9162,1380.322,1465.189,4,5,0.087948,0.009671,1.000000,AVOID,0.000000,-0.000035,1.000000,0,0.004551,0.033403,0.265434,0.262882
trial03_direct,1,361,11.5520,0.340705,0.029424,0.359942,-88.8460,1.9188,1410.862,1508.416,4,4,-0.000834,0.007045,1.000000,AVOID,0.000000,-0.000026,1.000000,0,0.004551,0.024332,0.271098,0.257019
trial03_direct,1,362,11.5840,0.340709,0.029255,0.359773,-88.8552,1.9290,1441.226,1532.015,5,4,-0.086636,-0.016376,1.000000,AVOID,0.000000,-0.000020,1.000000,0,0.004551,-0.056562,0.255123,0.272845
trial03_direct,1,363,11.6160,0.340712,0.029086,0.359604,-88.8437,1.9183,1474.440,1534.084,4,5,0.087939,0.009703,1.000000,AVOID,0.000000,-0.000015,1.000000,0,0.004551,0.033514,0.265661,0.262195
trial03_direct,1,364,11.6480,0.340715,0.028917,0.359435,-88.8461,1.9216,1485.034,1562.547,4,4,-0.000843,0.007067,1.000000,AVOID,0.000000,-0.000011,1.000000,0,0.004551,0.024408,0.271288,0.256484
trial03_direct,1,365,11.6800,0.340719,0.028749,0.359266,-88.8558,1.9322,1516.201,1589.545,5,4,-0.086614,-0.016354,1.000000,AVOID,0.000000,-0.000008,1.000000,0,0.004551,-0.056485,0.255284,0.272424
trial03_direct,1,366,11.7120,0.340722,0.028580,0.359098,-88.8446,1.9219,1554.444,1619.530,4,5,0.087929,0.009717,1.000000,AVOID,0.000000,-0.000006,1.000000,0,0.004551,0.033563,0.265794,0.261868
trial03_direct,1,367,11.7440,0.340726,0.028411,0.358929,-88.8473,1.9255,1551.909,1639.582,4,4,-0.000851,0.007075,1.000000,AVOID,0.000000,-0.000005,1.000000,0,0.004551,0.024437,0.271395,0.256231
trial03_direct,1,368,11.7760,0.340729,0.028242,0.358760,-88.8572,1.9363,1580.685,1658.032,5,4,-0.086591,-0.016341,1.000000,AVOID,0.000000,-0.000004,1.000000,0,0.004551,-0.056443,0.255375,0.272224
trial03_direct,1,369,11.8080,0.340732,0.028073,0.358591,-88.8462,1.9263,1622.218,1685.226,4,5,0.087919,0.009724,1.000000,AVOID,0.000000,-0.000003,1.000000,0,0.004551,0.033586,0.265868,0.261712
trial03_direct,1,370,11.8400,0.340736,0.027905,0.358423,-88.8491,1.9300,1635.603,1730.480,4,4,-0.000860,0.007078,1.000000,AVOID,0.000000,-0.000002,1.000000,0,0.004551,0.024447,0.271453,0.256112
trial03_direct,1,371,11.8720,0.340739,0.027736,0.358254,-88.8591,1.9410,1664.868,1737.369,5,4,-0.086568,-0.016333,1.000000,AVOID,0.000000,-0.000001,1.000000,0,0.004551,-0.056416,0.255426,0.272128
trial03_direct,1,372,11.9040,0.340743,0.027567,0.358085,-88.8482,1.9310,1687.037,1756.980,4,5,0.087910,0.009727,1.000000,AVOID,0.000000,-0.000001,1.000000,0,0.004551,0.033598,0.265909,0.261636
trial03_direct,1,373,11.9360,0.340746,0.027398,0.357916,-88.8511,1.9348,1723.194,1790.352,4,4,-0.000868,0.007078,1.000000,AVOID,0.000000,-0.000001,1.000000,0,0.004551,0.024449,0.271484,0.256055
trial03_direct,1,374,11.9680,0.340749,0.027229,0.357748,-88.8612,1.9459,1750.328,1816.454,4,4,-0.459573,-0.109584,1.000000,AVOID,0.000000,-0.000001,1.000000,0,0.004551,-0.378505,0.174927,0.352607
trial03_direct,1,375,12.0000,0.340753,0.027061,0.357579,-88.7468,1.8323,1745.038,1836.957,5,5,-0.000989,-0.082436,1.000000,AVOID,0.000000,-0.000000,1.000000,0,0.004551,-0.284733,0.125952,0.401579
trial03_direct,1,376,12.0320,0.340756,0.026892,0.357410,-88.5693,1.6557,1784.077,1881.273,4,4,-0.000877,-0.062046,1.000000,AVOID,0.000000,-0.000000,1.000000,0,0.004551,-0.214307,0.106827,0.420701
trial03_direct,1,377,12.0640,0.340760,0.026807,0.357325,-88.4626,1.5492,1696.413,1779.206,4,4,-0.000778,-0.046729,1.000000,AVOID,0.000000,-0.000000,1.000000,0,0.004551,-0.161402,0.105710,0.421816
trial03_direct,1,378,12.0960,0.340767,0.026863,0.357381,-88.4465,1.5314,1756.720,1823.317,5,5,-0.000999,-0.035296,1.000000,AVOID,0.000000,-0.000000,1.000000,0,0.004551,-0.121914,0.114744,0.412781
trial03_direct,1,379,12.1280,0.340772,0.026860,0.357377,-88.2622,1.3463,1717.193,1841.979,4,4,-0.000886,-0.026694,1.000000,AVOID,0.000000,-0.000000,1.000000,0,0.004551,-0.092200,0.128948,0.398576
trial03_direct,1,380,12.1600,0.340778,0.026856,0.357373,-88.0781,1.1614,1719.166,1868.280,4,4,-0.000785,-0.020217,1.000000,AVOID,0.000000,-0.000000,1.000000,0,0.004551,-0.069829,0.145194,0.382329
trial03_direct,1,381,12.1920,0.340784,0.026852,0.357369,-87.9159,0.9982,1732.253,1848.090,5,4,-0.086768,-0.036854,1.000000,AVOID,0.000000,-0.000000,1.000000,0,0.004551,-0.127295,0.143011,0.384510
trial03_direct,1,382,12.2240,0.340791,0.026847,0.357363,-87.7529,0.8341,1729.375,1848.162,4,5,0.087994,-0.005642,1.000000,AVOID,0.000000,-0.000000,1.000000,0,0.004551,-0.019489,0.168326,0.359195
trial03_direct,1,383,12.2560,0.340798,0.026841,0.357358,-87.6226,0.7028,1721.428,1881.078,4,4,-0.000793,-0.004430,1.000000,AVOID,0.000000,-0.000000,1.000000,0,0.004551,-0.015302,0.188359,0.339162
trial03_direct,1,384,12.2880,0.340806,0.026836,0.357352,-87.5192,0.5982,1728.557,1878.183,5,4,-0.086746,-0.025009,1.000000,AVOID,0.000000,-0.000000,1.000000,0,0.004551,-0.086382,0.185614,0.341907
trial03_direct,1,385,12.3200,0.340813,0.026830,0.357345,-87.4134,0.4912,1704.139,1872.822,4,5,0.087985,0.003239,1.000000,AVOID,0.000000,-0.000000,1.000000,0,0.004551,0.011189,0.207948,0.319573
trial03_direct,1,386,12.3520,0.340821,0.026824,0.357339,-87.3363,0.4129,1709.788,1877.034,4,4,-0.000801,0.002229,1.000000,AVOID,0.000000,-0.000000,1.000000,0,0.004551,0.007700,0.223826,0.303695
trial03_direct,1,387,12.3840,0.340829,0.026819,0.357333,-87.2801,0.3555,1728.735,1893.278,5,4,-0.086725,-0.020009,1.000000,AVOID,0.000000,-0.000000,1.000000,0,0.004551,-0.069112,0.216531,0.310989
trial03_direct,1,388,12.4160,0.340838,0.026813,0.357327,-87.2154,0.2894,1716.926,1883.517,4,5,0.087976,0.006987,1.000000,AVOID,0.000000,-0.000000,1.000000,0,0.004551,0.024133,0.234372,0.293149
trial03_direct,1,389,12.4480,0.340846,0.026808,0.357322,-87.1738,0.2466,1718.467,1898.352,4,4,-0.000809,0.005038,1.000000,AVOID,0.000000,-0.000000,1.000000,0,0.004551,0.017401,0.246069,0.281451
trial03_direct,1,390,12.4800,0.340855,0.026803,0.357316,-87.1486,0.2201,1727.996,1890.821,5,4,-0.086703,-0.017897,1.000000,AVOID,0.000000,-0.000000,1.000000,0,0.004551,-0.061817,0.235037,0.292483
trial03_direct,1,391,12.5120,0.340863,0.026799,0.357311,-87.1089,0.1790,1722.993,1905.129,4,5,0.087967,0.008569,1.000000,AVOID,0.000000,-0.000000,1.000000,0,0.004551,0.029596,0.249617,0.277903
trial03_direct,1,392,12.5440,0.340872,0.026794,0.357307,-87.0888,0.1576,1713.443,1894.528,4,4,-0.000818,0.006222,1.000000,AVOID,0.000000,-0.000000,1.000000,0,0.004551,0.021491,0.258526,0.268994
trial03_direct,1,393,12.5760,0.340880,0.026791,0.357303,-87.0812,0.1486,1720.929,1886.696,5,4,-0.086681,-0.017004,1.000000,AVOID,0.000000,-0.000000,1.000000,0,0.004551,-0.058731,0.245152,0.282369
trial03_direct,1,394,12.6080,0.340889,0.026787,0.357299,-87.0557,0.1218,1724.767,1897.660,4,5,0.087957,0.009237,1.000000,AVOID,0.000000,-0.000000,1.000000,0,0.004551,0.031903,0.257779,0.269741
trial03_direct,1,395,12.6400,0.340898,0.026784,0.357295,-87.0472,0.1119,1701.286,1888.578,4,4,-0.000826,0.006721,1.000000,AVOID,0.000000,-0.000000,1.000000,0,0.004551,0.023214,0.265078,0.262442
trial03_direct,1,396,12.6720,0.340907,0.026782,0.357292,-87.0489,0.1122,1720.936,1904.977,5,4,-0.086659,-0.016624,1.000000,AVOID,0.000000,-0.000000,1.000000,0,0.004551,-0.057419,0.250394,0.277126
trial03_direct,1,397,12.7040,0.340915,0.026780,0.357290,-87.0309,0.0929,1722.515,1907.539,4,5,0.087948,0.009519,1.000000,AVOID,0.000000,-0.000000,1.000000,0,0.004551,0.032879,0.261955,0.265565
trial03_direct,1,398,12.7360,0.340924,0.026778,0.357288,-87.0284,0.0889,1723.807,1892.649,4,4,-0.000834,0.006931,1.000000,AVOID,0.000000,-0.000000,1.000000,0,0.004551,0.023939,0.268391,0.259129
trial03_direct,1,399,12.7680,0.340933,0.026777,0.357286,-87.0348,0.0939,1728.548,1894.789,5,4,-0.086636,-0.016461,1.000000,AVOID,0.000000,-0.000000,1.000000,0,0.004551,-0.056856,0.253019,0.274501
trial03_direct,1,400,12.8000,0.340942,0.026776,0.357284,-87.0206,0.0783,1724.745,1904.758,4,5,0.087939,0.009639,1.000000,AVOID,0.000000,-0.000000,1.000000,0,0.004551,0.033293,0.264028,0.263492
trial03_direct,1,401,12.8320,0.340950,0.026775,0.357283,-87.0210,0.0773,1718.271,1888.209,4,4,-0.000843,0.007019,1.000000,AVOID,0.000000,-0.000000,1.000000,0,0.004551,0.024242,0.270021,0.257499
trial03_direct,1,402,12.8640,0.340959,0.026774,0.357282,-87.0297,0.0847,1743.387,1894.412,5,4,-0.086614,-0.016389,1.000000,AVOID,0.000000,-0.000000,1.000000,0,0.004551,-0.056609,0.254304,0.273216
trial03_direct,1,403,12.8960,0.340968,0.026774,0.357281,-87.0174,0.0709,1741.442,1880.801,4,5,0.087929,0.009690,1.000000,AVOID,0.000000,-0.000000,1.000000,0,0.004551,0.033470,0.265035,0.262485
trial03_direct,1,404,12.9280,0.340977,0.026773,0.357280,-87.0193,0.0714,1729.509,1911.862,4,4,-0.000851,0.007055,1.000000,AVOID,0.000000,-0.000000,1.000000,0,0.004551,0.024367,0.270808,0.256712
trial03_direct,1,405,12.9600,0.340986,0.026773,0.357279,-87.0292,0.0799,1730.314,1899.736,5,4,-0.086591,-0.016357,1.000000,AVOID,0.000000,-0.000000,1.000000,0,0.004551,-0.056495,0.254922,0.272598
trial03_direct,1,406,12.9920,0.340994,0.026773,0.357279,-87.0178,0.0671,1701.828,1891.293,4,5,0.087919,0.009712,1.000000,AVOID,0.000000,-0.000000,1.000000,0,0.004551,0.033547,0.265518,0.262002
trial03_direct,1,407,13.0240,0.341003,0.026772,0.357278,-87.0204,0.0683,1731.189,1909.786,4,4,-0.000860,0.007069,1.000000,AVOID,0.000000,-0.000000,1.000000,0,0.004551,0.024418,0.271183,0.256337
trial03_direct,1,408,13.0560,0.341012,0.026772,0.357277,-87.0309,0.0774,1734.898,1901.158,5,4,-0.086568,-0.016340,1.000000,AVOID,0.000000,-0.000000,1.000000,0,0.004551,-0.056438,0.255218,0.272302
trial03_direct,1,409,13.0880,0.341021,0.026772,0.357277,-87.0199,0.0650,1721.024,1914.816,4,5,0.087910,0.009723,1.000000,AVOID,0.000000,-0.000000,1.000000,0,0.004551,0.033582,0.265749,0.261771
trial03_direct,1,410,13.1200,0.341029,0.026772,0.357276,-87.0228,0.0666,1706.960,1916.481,4,4,-0.000868,0.007075,1.000000,AVOID,0.000000,-0.000000,1.000000,0,0.004551,0.024436,0.271361,0.256159
trial03_direct,1,411,13.1520,0.341038,0.026772,0.357276,-87.0336,0.0759,1722.887,1902.748,4,4,-0.459573,-0.109587,1.000000,AVOID,0.000000,-0.000000,1.000000,0,0.004551,-0.378514,0.174832,0.352688
trial03_direct,1,412,13.1840,0.341047,0.026772,0.357275,-86.9185,-0.0406,1718.398,1908.161,5,5,-0.000989,-0.082438,1.000000,AVOID,0.000000,-0.000000,1.000000,0,0.004551,-0.284740,0.125879,0.401641
trial03_direct,1,413,13.2160,0.341056,0.026772,0.357274,-86.7392,-0.2214,1714.394,1908.332,4,4,-0.000877,-0.062048,1.000000,AVOID,0.000000,-0.000000,1.000000,0,0.004551,-0.214312,0.106771,0.420749
trial03_direct,1,414,13.2480,0.341066,0.026772,0.357274,-86.5346,-0.4277,1692.123,1911.769,4,4,-0.000778,-0.046730,1.000000,AVOID,0.000000,-0.000000,1.000000,0,0.004551,-0.161406,0.105667,0.421853
trial03_direct,1,415,13.2800,0.341077,0.026772,0.357273,-86.3282,-0.6357,1694.067,1902.121,5,5,-0.000999,-0.035297,1.000000,AVOID,0.000000,-0.000000,1.000000,0,0.004551,-0.121917,0.114711,0.412809
trial03_direct,1,416,13.3120,0.341088,0.026772,0.357273,-86.1334,-0.8323,1695.492,1921.676,4,4,-0.000886,-0.026694,1.000000,AVOID,0.000000,-0.000000,1.000000,0,0.004551,-0.092203,0.128923,0.398597
trial03_direct,1,417,13.3440,0.341100,0.026772,0.357272,-85.9569,-1.0107,1674.347,1938.485,4,4,-0.000785,-0.020217,1.000000,AVOID,0.000000,-0.000000,1.000000,0,0.004551,-0.069830,0.145174,0.382346
trial03_direct,1,418,13.3760,0.341112,0.026772,0.357271,-85.8014,-1.1682,1689.780,1943.984,5,4,-0.086768,-0.036855,1.000000,AVOID,0.000000,-0.000000,1.000000,0,0.004551,-0.127297,0.142997,0.384523
trial03_direct,1,419,13.4080,0.341125,0.026772,0.357271,-85.6433,-1.3283,1666.649,1930.530,4,5,0.087994,-0.005643,1.000000,AVOID,0.000000,-0.000000,1.000000,0,0.004551,-0.019490,0.168315,0.359205
trial03_direct,1,420,13.4400,0.341138,0.026772,0.357270,-85.5177,-1.4560,1659.419,1937.226,4,4,-0.000793,-0.004430,1.000000,AVOID,0.000000,-0.000000,1.000000,0,0.004551,-0.015302,0.188351,0.339169
trial03_direct,1,421,13.4720,0.341152,0.026772,0.357269,-85.4180,-1.5579,1671.688,1939.900,5,4,-0.086746,-0.025009,1.000000,AVOID,0.000000,-0.000000,1.000000,0,0.004551,-0.086382,0.185607,0.341913
trial03_direct,1,422,13.5040,0.341166,0.026772,0.357269,-85.3151,-1.6631,1668.726,1935.613,4,5,0.087985,0.003239,1.000000,AVOID,0.000000,-0.000000,1.000000,0,0.004551,0.011188,0.207943,0.319577
trial03_direct,1,423,13.5360,0.341180,0.026772,0.357268,-85.2407,-1.7397,1661.769,1959.249,4,4,-0.000801,0.002229,1.000000,AVOID,0.000000,-0.000000,1.000000,0,0.004551,0.007699,0.223822,0.303698
trial03_direct,1,424,13.5680,0.341194,0.026772,0.357267,-85.1869,-1.7957,1663.176,1947.522,5,4,-0.086725,-0.020009,1.000000,AVOID,0.000000,-0.000000,1.000000,0,0.004551,-0.069112,0.216528,0.310992
trial03_direct,1,425,13.6000,0.341209,0.026772,0.357266,-85.1239,-1.8610,1656.547,1945.970,4,5,0.087976,0.006987,1.000000,AVOID,0.000000,-0.000000,1.000000,0,0.004551,0.024133,0.234369,0.293151
trial03_direct,1,426,13.6320,0.341223,0.026772,0.357266,-85.0838,-1.9035,1637.919,1931.212,4,4,-0.000809,0.005038,1.000000,AVOID,0.000000,-0.000000,1.000000,0,0.004551,0.017401,0.246067,0.281453
trial03_direct,1,427,13.6640,0.341238,0.026772,0.357265,-85.0590,-1.9306,1638.680,1921.748,5,4,-0.086703,-0.017897,1.000000,AVOID,0.000000,-0.000000,1.000000,0,0.004551,-0.061818,0.235036,0.292484
trial03_direct,1,428,13.6960,0.341252,0.026772,0.357264,-85.0200,-1.9720,1657.899,1952.791,4,5,0.087967,0.008569,1.000000,AVOID,0.000000,-0.000000,1.000000,0,0.004551,0.029596,0.249616,0.277904
trial03_direct,1,429,13.7280,0.341267,0.026772,0.357263,-85.0001,-1.9942,1634.679,1954.960,4,4,-0.000818,0.006222,1.000000,AVOID,0.000000,-0.000000,1.000000,0,0.004551,0.021491,0.258525,0.268995
trial03_direct,1,430,13.7600,0.341282,0.026772,0.357262,-84.9926,-2.0041,1634.177,1962.030,5,4,-0.086681,-0.017004,1.000000,AVOID,0.000000,-0.000000,1.000000,0,0.004551,-0.058731,0.245151,0.282369
trial03_direct,1,431,13.7920,0.341297,0.026772,0.357262,-84.9669,-2.0322,1647.664,1959.997,4,5,0.087957,0.009237,1.000000,AVOID,0.000000,-0.000000,1.000000,0,0.004551,0.031903,0.257779,0.269741
trial03_direct,1,432,13.8240,0.341312,0.026772,0.357261,-84.9583,-2.0432,1665.843,1956.367,4,4,-0.000826,0.006721,1.000000,AVOID,0.000000,-0.000000,1.000000,0,0.004551,0.023214,0.265078,0.262442
trial03_direct,1,433,13.8560,0.341327,0.026772,0.357260,-84.9599,-2.0440,1660.415,1953.204,5,4,-0.086659,-0.016624,1.000000,AVOID,0.000000,-0.000000,1.000000,0,0.004551,-0.057419,0.250394,0.277126
trial03_direct,1,434,13.8880,0.341341,0.026772,0.357259,-84.9415,-2.0647,1635.036,1950.079,4,5,0.087948,0.009519,1.000000,AVOID,0.000000,-0.000000,1.000000,0,0.004551,0.032879,0.261955,0.265565
trial03_direct,1,435,13.9200,0.341356,0.026772,0.357259,-84.9388,-2.0698,1638.657,1945.394,4,4,-0.000834,0.006931,1.000000,AVOID,0.000000,-0.000000,1.000000,0,0.004551,0.023939,0.268391,0.259129
trial03_direct,1,436,13.9520,0.341371,0.026772,0.357258,-84.9451,-2.0660,1658.521,1947.827,5,4,-0.086636,-0.016461,1.000000,AVOID,0.000000,-0.000000,1.000000,0,0.004551,-0.056856,0.253019,0.274501
trial03_direct,1,437,13.9840,0.341386,0.026772,0.357257,-84.9304,-2.0830,1642.413,1942.315,4,5,0.087939,0.009639,1.000000,AVOID,0.000000,-0.000000,1.000000,0,0.004551,0.033293,0.264028,0.263492
trial03_direct,1,438,14.0160,0.341401,0.026772,0.357256,-84.9307,-2.0851,1634.267,1957.330,4,4,-0.000843,0.007019,1.000000,AVOID,0.000000,-0.000000,1.000000,0,0.004551,0.024242,0.270021,0.257499
trial03_direct,1,439,14.0480,0.341416,0.026772,0.357256,-84.9393,-2.0790,1644.763,1960.881,5,4,-0.086614,-0.016389,1.000000,AVOID,0.000000,-0.000000,1.000000,0,0.004551,-0.056609,0.254304,0.273216
trial03_direct,1,440,14.0800,0.341431,0.026772,0.357255,-84.9264,-2.0942,1626.725,1971.933,4,5,0.087929,0.009690,1.000000,AVOID,0.000000,-0.000000,1.000000,0,0.004551,0.033470,0.265035,0.262485
trial03_direct,1,441,14.1120,0.341446,0.026772,0.357254,-84.9282,-2.0948,1644.566,1956.773,4,4,-0.000851,0.007055,1.000000,AVOID,0.000000,-0.000000,1.000000,0,0.004551,0.024367,0.270808,0.256712
trial03_direct,1,442,14.1440,0.341461,0.026772,0.357253,-84.9379,-2.0875,1653.062,1940.517,5,4,-0.086591,-0.016357,1.000000,AVOID,0.000000,-0.000000,1.000000,0,0.004551,-0.056495,0.254922,0.272598
trial03_direct,1,443,14.1760,0.341476,0.026772,0.357252,-84.9260,-2.1018,1646.095,1954.381,4,5,0.087919,0.009712,1.000000,AVOID,0.000000,-0.000000,1.000000,0,0.004551,0.033547,0.265518,0.262002
trial03_direct,1,444,14.2080,0.341491,0.026772,0.357252,-84.9284,-2.1018,1643.525,1956.017,4,4,-0.000860,0.007069,1.000000,AVOID,0.000000,-0.000000,1.000000,0,0.004551,0.024418,0.271183,0.256337
trial03_direct,1,445,14.2400,0.341506,0.026772,0.357251,-84.9387,-2.0939,1640.291,1957.934,5,4,-0.086568,-0.016340,1.000000,AVOID,0.000000,-0.000000,1.000000,0,0.004551,-0.056438,0.255218,0.272302
trial03_direct,1,446,14.2720,0.341521,0.026772,0.357250,-84.9272,-2.1077,1653.042,1951.425,4,5,0.087910,0.009723,1.000000,AVOID,0.000000,-0.000000,1.000000,0,0.004551,0.033582,0.265749,0.261771
trial03_direct,1,447,14.3040,0.341535,0.026772,0.357249,-84.9300,-2.1074,1637.047,1954.448,4,4,-0.000868,0.007075,1.000000,AVOID,0.000000,-0.000000,1.000000,0,0.004551,0.024436,0.271361,0.256159
trial03_direct,1,448,14.3360,0.341550,0.026772,0.357249,-84.9405,-2.0992,1654.238,1935.909,4,4,-0.459573,-0.109587,1.000000,AVOID,0.000000,-0.000000,1.000000,0,0.004551,-0.378514,0.174832,0.352688
trial03_direct,1,449,14.3680,0.341565,0.026772,0.357248,-84.8251,-2.2170,1632.785,1957.139,5,5,-0.000989,-0.082438,1.000000,AVOID,0.000000,-0.000000,1.000000,0,0.004551,-0.284740,0.125879,0.401641
trial03_direct,1,450,14.4000,0.341581,0.026772,0.357247,-84.6462,-2.3984,1617.348,1949.064,4,4,-0.000877,-0.062048,1.000000,AVOID,0.000000,-0.000000,1.000000,0,0.004551,-0.214312,0.106771,0.420749
trial03_direct,1,451,14.4320,0.341597,0.026772,0.357246,-84.4425,-2.6047,1604.855,1958.959,4,4,-0.000778,-0.046730,1.000000,AVOID,0.000000,-0.000000,1.000000,0,0.004551,-0.161406,0.105667,0.421853
trial03_direct,1,452,14.4640,0.341614,0.026772,0.357245,-84.2372,-2.8127,1613.530,1968.886,5,5,-0.000999,-0.035297,1.000000,AVOID,0.000000,-0.000000,1.000000,0,0.004551,-0.121917,0.114711,0.412809
trial03_direct,1,453,14.4960,0.341631,0.026772,0.357245,-84.0434,-3.0092,1599.974,1960.388,4,4,-0.000886,-0.026694,1.000000,AVOID,0.000000,-0.000000,1.000000,0,0.004551,-0.092203,0.128923,0.398597
trial03_direct,1,454,14.5280,0.341649,0.026772,0.357244,-83.8680,-3.1876,1602.604,1992.259,4,4,-0.000785,-0.020217,1.000000,AVOID,0.000000,-0.000000,1.000000,0,0.004551,-0.069830,0.145174,0.382346
trial03_direct,1,455,14.5600,0.341668,0.026772,0.357243,-83.7134,-3.3451,1595.377,1964.091,5,4,-0.086768,-0.036855,1.000000,AVOID,0.000000,-0.000000,1.000000,0,0.004551,-0.127297,0.142997,0.384523
trial03_direct,1,456,14.5920,0.341687,0.026772,0.357242,-83.5562,-3.5053,1571.063,1985.505,4,5,0.087994,-0.005643,1.000000,AVOID,0.000000,-0.000000,1.000000,0,0.004551,-0.019490,0.168315,0.359205
trial03_direct,1,457,14.6240,0.341706,0.026772,0.357241,-83.4315,-3.6331,1600.103,1978.668,4,4,-0.000793,-0.004430,1.000000,AVOID,0.000000,-0.000000,1.000000,0,0.004551,-0.015302,0.188351,0.339169
trial03_direct,1,458,14.6560,0.341726,0.026772,0.357240,-83.3326,-3.7351,1566.277,1982.562,5,4,-0.086746,-0.025009,1.000000,AVOID,0.000000,-0.000000,1.000000,0,0.004551,-0.086382,0.185607,0.341913
trial03_direct,1,459,14.6880,0.341745,0.026772,0.357239,-83.2304,-3.8406,1582.802,1984.018,4,5,0.087985,0.003239,1.000000,AVOID,0.000000,-0.000000,1.000000,0,0.004551,0.011188,0.207943,0.319577
trial03_direct,1,460,14.7200,0.341766,0.026772,0.357238,-83.1568,-3.9174,1566.421,1978.519,4,4,-0.000801,0.002229,1.000000,AVOID,0.000000,-0.000000,1.000000,0,0.004551,0.007699,0.223822,0.303698
trial03_direct,1,461,14.7520,0.341786,0.026772,0.357237,-83.1037,-3.9738,1558.260,1985.849,5,4,-0.086725,-0.020009,1.000000,AVOID,0.000000,-0.000000,1.000000,0,0.004551,-0.069112,0.216528,0.310992
trial03_direct,1,462,14.7840,0.341807,0.026772,0.357236,-83.0413,-4.0394,1561.198,1978.447,4,5,0.087976,0.006987,1.000000,AVOID,0.000000,-0.000000,1.000000,0,0.004551,0.024133,0.234369,0.293151
trial03_direct,1,463,14.8160,0.341827,0.026772,0.357235,-83.0018,-4.0822,1553.871,1999.474,4,4,-0.000809,0.005038,1.000000,AVOID,0.000000,-0.000000,1.000000,0,0.004551,0.017401,0.246067,0.281453
trial03_direct,1,464,14.8480,0.341848,0.026772,0.357234,-82.9774,-4.1099,1553.200,1982.652,5,4,-0.086703,-0.017897,1.000000,AVOID,0.000000,-0.000000,1.000000,0,0.004551,-0.061818,0.235036,0.292484
trial03_direct,1,465,14.8800,0.341869,0.026772,0.357233,-82.9389,-4.1518,1546.035,1991.646,4,5,0.087967,0.008569,1.000000,AVOID,0.000000,-0.000000,1.000000,0,0.004551,0.029596,0.249616,0.277904
trial03_direct,1,466,14.9120,0.341890,0.026772,0.357232,-82.9192,-4.1749,1568.624,1988.600,4,4,-0.000818,0.006222,1.000000,AVOID,0.000000,-0.000000,1.000000,0,0.004551,0.021491,0.258525,0.268995
trial03_direct,1,467,14.9440,0.341910,0.026772,0.357230,-82.9117,-4.1857,1582.314,1992.618,5,4,-0.086681,-0.017004,1.000000,AVOID,0.000000,-0.000000,1.000000,0,0.004551,-0.058731,0.245151,0.282369
trial03_direct,1,468,14.9760,0.341931,0.026772,0.357229,-82.8863,-4.2145,1547.775,1998.789,4,5,0.087957,0.009237,1.000000,AVOID,0.000000,-0.000000,1.000000,0,0.004551,0.031903,0.257779,0.269741
trial03_direct,1,469,15.0080,0.341952,0.026772,0.357228,-82.8778,-4.2263,1577.549,1981.015,4,4,-0.000826,0.006721,1.000000,AVOID,0.000000,-0.000000,1.000000,0,0.004551,0.023214,0.265078,0.262442
trial03_direct,1,470,15.0400,0.341973,0.026772,0.357227,-82.8793,-4.2281,1550.927,1995.574,5,4,-0.086659,-0.016624,1.000000,AVOID,0.000000,-0.000000,1.000000,0,0.004551,-0.057419,0.250394,0.277126
trial03_direct,1,471,15.0720,0.341994,0.026772,0.357226,-82.8609,-4.2499,1568.827,1982.570,4,5,0.087948,0.009519,1.000000,AVOID,0.000000,-0.000000,1.000000,0,0.004551,0.032879,0.261955,0.265565
trial03_direct,1,472,15.1040,0.342015,0.026772,0.357225,-82.8582,-4.2560,1560.121,1997.076,4,4,-0.000834,0.006931,1.000000,AVOID,0.000000,-0.000000,1.000000,0,0.004551,0.023939,0.268391,0.259129
trial03_direct,1,473,15.1360,0.342036,0.026772,0.357224,-82.8644,-4.2531,1543.235,1994.067,5,4,-0.086636,-0.016461,1.000000,AVOID,0.000000,-0.000000,1.000000,0,0.004551,-0.056856,0.253019,0.274501
trial03_direct,1,474,15.1680,0.342057,0.026772,0.357223,-82.8497,-4.2713,1554.883,2005.936,4,5,0.087939,0.009639,1.000000,AVOID,0.000000,-0.000000,1.000000,0,0.004551,0.033293,0.264028,0.263492
trial03_direct,1,475,15.2000,0.342078,0.026772,0.357222,-82.8499,-4.2744,1562.080,1991.788,4,4,-0.000843,0.007019,1.000000,AVOID,0.000000,-0.000000,1.000000,0,0.004551,0.024242,0.270021,0.257499
trial03_direct,1,476,15.2320,0.342099,0.026772,0.357221,-82.8584,-4.2692,1558.619,1985.155,5,4,-0.086614,-0.016389,1.000000,AVOID,0.000000,-0.000000,1.000000,0,0.004551,-0.056609,0.254304,0.273216
trial03_direct,1,477,15.2640,0.342120,0.026772,0.357220,-82.8455,-4.2855,1548.350,2003.020,4,5,0.087929,0.009690,1.000000,AVOID,0.000000,-0.000000,1.000000,0,0.004551,0.033470,0.265035,0.262485
trial03_direct,1,478,15.2960,0.342141,0.026772,0.357219,-82.8472,-4.2872,1544.061,1992.064,4,4,-0.000851,0.007055,1.000000,AVOID,0.000000,-0.000000,1.000000,0,0.004551,0.024367,0.270808,0.256712
trial03_direct,1,479,15.3280,0.342162,0.026772,0.357218,-82.8569,-4.2809,1554.817,1982.375,5,4,-0.086591,-0.016357,1.000000,AVOID,0.000000,-0.000000,1.000000,0,0.004551,-0.056495,0.254922,0.272598
trial03_direct,1,480,15.3600,0.342183,0.026772,0.357217,-82.8448,-4.2963,1544.969,1993.684,4,5,0.087919,0.009712,1.000000,AVOID,0.000000,-0.000000,1.000000,0,0.004551,0.033547,0.265518,0.262002
trial03_direct,1,481,15.3920,0.342205,0.026772,0.357216,-82.8472,-4.2973,1558.403,1991.981,4,4,-0.000860,0.007069,1.000000,AVOID,0.000000,-0.000000,1.000000,0,0.004551,0.024418,0.271183,0.256337
trial03_direct,1,482,15.4240,0.342226,0.026772,0.357215,-82.8574,-4.2904,1543.066,1988.273,5,4,-0.086568,-0.016340,1.000000,AVOID,0.000000,-0.000000,1.000000,0,0.004551,-0.056438,0.255218,0.272302
trial03_direct,1,483,15.4560,0.342247,0.026772,0.357214,-82.8458,-4.3054,1544.671,1988.533,4,5,0.087910,0.009723,1.000000,AVOID,0.000000,-0.000000,1.000000,0,0.004551,0.033582,0.265749,0.261771
trial03_direct,1,484,15.4880,0.342268,0.026772,0.357213,-82.8486,-4.3060,1543.449,1978.504,4,4,-0.000868,0.007075,1.000000,AVOID,0.000000,-0.000000,1.000000,0,0.004551,0.024436,0.271361,0.256159
trial03_direct,1,485,15.5200,0.342289,0.026772,0.357212,-82.8590,-4.2989,1547.651,1989.763,4,4,-0.459573,-0.109587,1.000000,AVOID,0.000000,-0.000000,1.000000,0,0.004551,-0.378514,0.174832,0.352688
trial03_direct,1,486,15.5520,0.342310,0.026772,0.357210,-82.7437,-4.4176,1547.847,1998.607,5,5,-0.000989,-0.082438,1.000000,AVOID,0.000000,-0.000000,1.000000,0,0.004551,-0.284740,0.125879,0.401641
trial03_direct,1,487,15.5840,0.342331,0.026772,0.357209,-82.5652,-4.5996,1532.109,1990.533,4,4,-0.000877,-0.062048,1.000000,AVOID,0.000000,-0.000000,1.000000,0,0.004551,-0.214312,0.106771,0.420749
trial03_direct,1,488,15.6160,0.342354,0.026772,0.357208,-82.3619,-4.8065,67.334,1996.268,4,0,-0.794760,-0.245226,1.000000,AVOID,-1.000000,-0.250000,1.000000,0,0.004551,-0.847009,0.121096,0.780084
trial03_direct,1,489,15.6480,0.342393,0.026772,0.357207,-81.9370,-5.2376,69.456,2002.762,5,0,-0.791354,-0.381758,1.000000,AVOID,-1.000000,-0.437500,1.000000,0,0.004551,-1.318591,0.013944,1.167481
trial03_direct,1,490,15.6800,0.342447,0.026772,0.357204,-81.1938,-5.9896,73.227,2022.994,4,0,-0.792091,-0.484341,1.000000,AVOID,-1.000000,-0.578125,1.000000,0,0.004551,-1.672914,-0.155000,1.546609
trial03_direct,1,491,15.7120,0.342517,0.026773,0.357201,-80.0970,-7.0976,67.187,2038.387,4,0,-0.792938,-0.561490,1.000000,AVOID,-1.000000,-0.683594,1.000000,0,0.004551,-1.939387,-0.348327,1.897574
trial03_direct,1,492,15.7440,0.342606,0.026773,0.357197,-78.6483,-8.5606,67.440,2053.690,5,0,-0.790911,-0.618846,1.000000,AVOID,-1.000000,-0.762695,1.000000,0,0.257747,-2.137492,-0.542848,2.210323
trial03_direct,1,493,15.7760,0.342717,0.026774,0.357192,-76.8702,-10.3564,73.706,2065.378,4,0,-0.791940,-0.662119,1.000000,AVOID,-1.000000,-0.822021,1.000000,0,0.257747,-2.286959,-0.726106,2.482252
trial03_direct,1,494,15.8080,0.342851,0.026774,0.357186,-74.7951,-12.4530,67.440,2073.010,4,0,-0.792853,-0.694802,1.000000,AVOID,-1.000000,-0.866516,1.000000,0,0.257747,-2.399848,-0.891771,2.714421
trial03_direct,1,495,15.8400,0.343013,0.026775,0.357179,-72.4593,-14.8148,69.361,2074.720,5,0,-0.790817,-0.718806,1.000000,AVOID,-1.000000,-0.899887,1.000000,0,0.257747,-2.482756,-1.036748,2.909275
trial03_direct,1,496,15.8720,0.343205,0.026776,0.357171,-69.8994,-17.4055,69.903,2084.661,4,0,-0.791858,-0.737069,1.000000,AVOID,-1.000000,-0.924915,1.000000,0,0.257747,-2.545836,-1.161250,3.071185
trial03_direct,1,497,15.9040,0.343429,0.026777,0.357162,-67.1500,-20.1907,69.614,2070.092,4,0,-0.792781,-0.750997,1.000000,AVOID,-1.000000,-0.943686,1.000000,0,0.257747,-2.593943,-1.266653,3.204645
trial03_direct,1,498,15.9360,0.343685,0.026779,0.357152,-64.2420,-23.1398,68.359,2033.179,5,0,-0.790724,-0.760929,1.000000,AVOID,-1.000000,-0.957765,1.000000,0,0.257747,-2.628248,-1.354282,3.313316
trial03_direct,1,499,15.9680,0.343975,0.026782,0.357142,-61.2038,-26.2246,67.148,2011.248,4,0,-0.791776,-0.768640,1.000000,AVOID,-1.000000,-0.968324,1.000000,0,0.257747,-2.654884,-1.426662,3.401478
trial03_direct,1,500,16.0000,0.344299,0.026785,0.357130,-58.0592,-29.4210,73.067,2095.977,4,0,-0.792708,-0.774657,1.000000,AVOID,-1.000000,-0.976243,1.000000,0,0.257747,-2.675666,-1.486143,3.472795
trial03_direct,1,501,16.0320,0.344656,0.026789,0.357119,-54.8286,-32.7088,71.453,2280.999,5,0,-0.790631,-0.778651,1.000000,AVOID,-1.000000,-0.982182,1.000000,0,0.246313,-2.689460,-1.534202,3.529731
trial03_direct,1,502,16.0640,0.345045,0.026794,0.357107,-51.5300,-36.0699,64.805,2439.875,4,0,-0.791693,-0.781911,1.000000,AVOID,-1.000000,-0.986637,1.000000,0,0.246313,-2.700721,-1.621732,3.526579
trial03_direct,1,503,16.0960,0.345441,0.026799,0.357096,-48.1604,-39.5029,68.535,2561.445,4,0,-0.792634,-0.784592,1.000000,AVOID,-1.000000,-0.989977,1.000000,0,0.246313,-2.709981,-1.689694,3.526529
trial03_direct,1,504,16.1280,0.345776,0.026805,0.357088,-44.5266,-43.1904,66.090,2641.586,5,0,-0.790536,-0.786078,1.000000,AVOID,-1.000000,-0.992483,1.000000,0,0.246313,-2.715114,-1.741949,3.527775
trial03_direct,1,505,16.1600,0.346088,0.026810,0.357081,-40.7688,-46.9984,68.744,2676.639,4,0,-0.791609,-0.787461,1.000000,AVOID,-1.000000,-0.994362,1.000000,0,0.246313,-2.719890,-1.782334,3.529904
trial03_direct,1,506,16.1920,0.346408,0.026815,0.357074,-36.9840,-50.8345,67.037,2617.183,4,0,-0.792560,-0.788736,1.000000,AVOID,-1.000000,-0.995772,1.000000,0,0.246313,-2.724293,-1.813724,3.532601
trial03_direct,1,507,16.2240,0.346735,0.026820,0.357066,-33.1785,-54.6925,67.915,2516.354,5,0,-0.790441,-0.789162,1.000000,AVOID,-1.000000,-0.996829,1.000000,0,0.281495,-2.725766,-1.837634,3.534992
trial03_direct,1,508,16.2560,0.347069,0.026824,0.357058,-29.3581,-58.5665,66.346,2317.100,4,0,-0.791525,-0.789753,1.000000,AVOID,-1.000000,-0.997622,1.000000,0,0.281495,-2.727806,-1.856077,3.537296
trial03_direct,1,509,16.2880,0.347410,0.026829,0.357051,-25.5266,-62.4526,68.901,2101.893,4,0,-0.792485,-0.790436,1.000000,AVOID,-1.000000,-0.998216,1.000000,0,0.281495,-2.730165,-1.870499,3.539613
trial03_direct,1,510,16.3200,0.347756,0.026833,0.357043,-21.6870,-66.3477,69.826,68.384,0,0,0.007556,-0.590938,0.000000,GOAL,-1.000000,-0.998662,1.000000,0,0.281495,1.096028,-0.924768,2.584803
trial03_direct,1,511,16.3520,0.348158,0.026836,0.357033,-19.2256,-68.8736,66.089,69.671,0,0,0.001519,-0.442824,0.000000,GOAL,-1.000000,-0.998997,1.000000,0,0.281495,1.096028,-0.215469,1.868695
trial03_direct,1,512,16.3840,0.348600,0.026839,0.357021,-17.7975,-70.3726,69.577,74.254,0,0,0.000306,-0.332041,0.000000,GOAL,-1.000000,-0.999247,1.000000,0,0.281495,1.096028,0.316505,1.331615
trial03_direct,1,513,16.4160,0.349071,0.026840,0.357007,-17.1357,-71.1101,67.985,68.245,0,0,0.000061,-0.249016,0.000000,GOAL,-1.000000,-0.999436,1.000000,0,0.281495,1.096028,0.715486,0.928804
trial03_direct,1,514,16.4480,0.349565,0.026839,0.356992,-17.0404,-71.2845,63.786,67.138,0,0,0.000012,-0.186759,0.000000,GOAL,-1.000000,-0.999577,1.000000,0,0.281495,1.096028,1.014721,0.626696
trial03_direct,1,515,16.4800,0.350061,0.026838,0.356976,-17.3375,-71.0671,71.472,66.776,0,0,0.000002,-0.140068,0.000000,GOAL,-1.000000,-0.999683,1.000000,0,0.281495,1.096028,1.239148,0.400115
trial03_direct,1,516,16.5120,0.350556,0.026836,0.356961,-17.9181,-70.5659,68.418,71.824,0,0,0.000000,-0.105051,0.000000,GOAL,-1.000000,-0.999762,1.000000,0,0.281495,1.096028,1.407468,0.230179
trial03_direct,1,517,16.5440,0.351049,0.026835,0.356947,-18.7097,-69.8535,69.897,64.984,0,0,0.000000,-0.078788,0.000000,GOAL,-1.000000,-0.999821,1.000000,0,0.281495,1.096028,1.533708,0.102728
trial03_direct,1,518,16.5760,0.351540,0.026832,0.356932,-19.6584,-68.9835,68.957,75.092,0,0,0.000000,-0.059091,0.000000,GOAL,-1.000000,-0.999866,1.000000,0,0.281495,1.096028,1.628388,0.007139
trial03_direct,1,519,16.6080,0.352029,0.026829,0.356918,-20.7244,-67.9959,71.248,71.429,0,0,0.000000,-0.044318,0.000000,GOAL,-1.000000,-0.999900,1.000000,0,0.281495,1.096028,1.699398,-0.064553
trial03_direct,1,520,16.6400,0.352514,0.026826,0.356905,-21.8778,-66.9203,67.864,70.994,0,0,0.000000,-0.033239,0.000000,GOAL,-1.000000,-0.999925,1.000000,0,0.281495,1.096028,1.752655,-0.118322
trial03_direct,1,521,16.6720,0.352996,0.026824,0.356893,-23.0967,-65.7788,70.316,71.226,0,0,0.000000,-0.024929,0.000000,GOAL,-1.000000,-0.999943,1.000000,0,0.281495,1.096028,1.792598,-0.158648
trial03_direct,1,522,16.7040,0.353474,0.026822,0.356881,-24.3644,-64.5878,68.805,76.525,0,0,0.000000,-0.018697,0.000000,GOAL,-1.000000,-0.999958,1.000000,0,0.281495,1.096028,1.822556,-0.188893
trial03_direct,1,523,16.7360,0.353947,0.026819,0.356871,-25.6686,-63.3596,69.708,69.785,0,0,0.000000,-0.014023,0.000000,GOAL,-1.000000,-0.999968,1.000000,0,0.281495,1.096028,1.845024,-0.211577
trial03_direct,1,524,16.7680,0.354415,0.026817,0.356861,-26.9999,-62.1033,68.762,71.001,0,0,0.000000,-0.010517,0.000000,GOAL,-1.000000,-0.999976,1.000000,0,0.281495,1.096028,1.861875,-0.228589
trial03_direct,1,525,16.8000,0.354878,0.026816,0.356852,-28.3516,-60.8260,69.587,70.084,0,0,0.000000,-0.007888,0.000000,GOAL,-1.000000,-0.999982,1.000000,0,0.281495,1.096028,1.874513,-0.241349
trial03_direct,1,526,16.8320,0.355335,0.026814,0.356844,-29.7184,-59.5326,68.798,70.681,0,0,0.000000,-0.005916,0.000000,GOAL,-1.000000,-0.999987,1.000000,0,0.281495,1.096028,1.883992,-0.250919
trial03_direct,1,527,16.8640,0.355786,0.026812,0.356837,-31.0964,-58.2270,71.076,68.613,0,0,0.000000,-0.004437,0.000000,GOAL,-1.000000,-0.999990,1.000000,0,0.281495,1.096028,1.891101,-0.258096
trial03_direct,1,528,16.8960,0.356230,0.026810,0.356830,-32.4827,-56.9120,68.911,71.811,0,0,0.000000,-0.003328,0.000000,GOAL,-1.000000,-0.999992,1.000000,0,0.281495,1.096028,1.896432,-0.263479
trial03_direct,1,529,16.9280,0.356668,0.026808,0.356824,-33.8752,-55.5897,73.541,70.791,0,0,0.000000,-0.002496,0.000000,GOAL,-1.000000,-0.999994,1.000000,0,0.246313,0.959045,1.866186,-0.233270
trial03_direct,1,530,16.9600,0.357098,0.026807,0.356819,-35.2281,-54.3059,64.430,67.346,0,0,0.000000,-0.001872,0.000000,GOAL,-1.000000,-0.999996,1.000000,0,0.246313,0.959045,1.843500,-0.210614
trial03_direct,1,531,16.9920,0.357521,0.026805,0.356814,-36.5511,-53.0508,64.879,65.241,0,0,0.000000,-0.001404,0.000000,GOAL,-0.960982,-0.990242,0.952680,0,0.246313,0.959045,1.826487,-0.193622
trial03_direct,1,532,17.0240,0.357937,0.026804,0.356810,-37.8517,-51.8170,70.269,69.279,0,0,0.000000,-0.001053,0.000000,GOAL,-0.851338,-0.955516,0.819708,0,0.246313,0.959045,1.813726,-0.180878
trial03_direct,1,533,17.0560,0.358346,0.026802,0.356806,-39.1354,-50.5989,65.840,2655.348,4,0,-0.791222,-0.198595,1.000000,AVOID,-1.000000,-0.966637,1.000000,0,0.246313,-0.685948,1.392908,0.239929
trial03_direct,1,534,17.0880,0.358747,0.026801,0.356803,-39.8756,-49.9231,65.462,2656.039,4,0,-0.792217,-0.347001,1.000000,AVOID,-1.000000,-0.974978,1.000000,0,0.246313,-1.198540,0.949146,0.683682
trial03_direct,1,535,17.1200,0.359143,0.026801,0.356802,-40.0429,-49.8195,66.857,70.815,0,0,0.007825,-0.258294,0.000000,GOAL,-0.703793,-0.907182,0.640771,0,0.246313,0.959045,1.155721,0.477100
trial03_direct,1,536,17.1520,0.359540,0.026800,0.356800,-40.4770,-49.4490,68.228,72.025,0,0,0.001574,-0.193327,0.000000,GOAL,-0.712177,-0.858430,0.650938,0,0.246313,0.959045,1.310652,0.322164
trial03_direct,1,537,17.1840,0.359934,0.026799,0.356799,-41.1111,-48.8782,68.834,63.288,0,0,0.000316,-0.144916,0.000000,GOAL,-0.694139,-0.817358,0.629062,0,0.246313,0.959045,1.426850,0.205961
trial03_direct,1,538,17.2160,0.360324,0.026798,0.356798,-41.8951,-48.1569,70.860,72.959,0,0,0.000064,-0.108671,0.000000,GOAL,-0.622669,-0.768685,0.542385,0,0.246313,0.959045,1.513999,0.118810
trial03_direct,1,539,17.2480,0.360710,0.026794,0.356794,-42.7916,-47.3223,67.597,2656.529,4,0,-0.791222,-0.279309,1.000000,AVOID,-1.000000,-0.826514,1.000000,0,0.246313,-0.964733,1.098416,0.534391
trial03_direct,1,540,17.2800,0.361090,0.026785,0.356787,-43.1530,-47.0220,72.566,73.467,0,0,0.008826,-0.207275,0.000000,GOAL,-0.560412,-0.759988,0.466882,0,0.246313,0.959045,1.267673,0.365132
trial03_direct,1,541,17.3120,0.361468,0.026773,0.356776,-43.7324,-46.5033,70.349,72.728,0,0,0.001775,-0.155013,0.000000,GOAL,-0.522104,-0.700517,0.420424,0,0.246313,0.959045,1.394616,0.238188
trial03_direct,1,542,17.3440,0.361843,0.026756,0.356761,-44.4756,-45.8203,70.858,2666.672,4,0,-0.791266,-0.314076,1.000000,AVOID,-1.000000,-0.775388,1.000000,0,0.246313,-1.084819,0.978857,0.653945
trial03_direct,1,543,17.3760,0.362213,0.026736,0.356743,-44.6835,-45.6719,70.000,374.674,2,0,-0.791089,-0.433329,0.414200,BLEND,-0.517454,-0.710904,0.414784,0,0.246313,-0.058131,0.923710,0.709092
trial03_direct,1,544,17.4080,0.362582,0.026713,0.356722,-44.8204,-45.5942,67.644,165.000,0,0,0.008960,-0.322757,0.000000,GOAL,-0.510248,-0.660740,0.406045,0,0.246313,0.959045,1.136644,0.496158
trial03_direct,1,545,17.4400,0.362950,0.026685,0.356698,-45.2317,-45.2422,70.794,218.267,0,0,0.001802,-0.241617,0.000000,GOAL,-0.474624,-0.614211,0.362842,0,0.246313,0.959045,1.296344,0.336457
trial03_direct,1,546,17.4720,0.363316,0.026654,0.356670,-45.8486,-44.6840,67.336,377.853,2,0,-0.793502,-0.379589,0.420963,BLEND,-0.522549,-0.591296,0.420963,0,0.246313,0.003398,1.177208,0.455593
trial03_direct,1,547,17.5040,0.363693,0.026618,0.356638,-46.3568,-44.2365,66.502,464.456,3,0,-0.790999,-0.482441,0.605225,BLEND,-0.674484,-0.612093,0.605225,0,0.246313,-0.629911,0.929528,0.703273
trial03_direct,1,548,17.5360,0.364056,0.026580,0.356603,-46.5157,-44.1361,66.739,333.318,1,0,-0.794682,-0.560501,0.326209,BLEND,-0.484239,-0.580129,0.374503,0,0.246313,0.014664,0.904912,0.727889
trial03_direct,1,549,17.5680,0.364418,0.026539,0.356566,-46.6398,-44.0701,66.599,247.783,0,0,0.005346,-0.419040,0.150000,BLEND,-0.456695,-0.549271,0.341098,0,0.246313,0.598084,1.032305,0.600495
trial03_direct,1,550,17.6000,0.364784,0.026493,0.356525,-46.9437,-43.8251,71.398,240.527,0,0,0.001075,-0.314011,0.150000,BLEND,-0.447168,-0.523745,0.329544,0,0.246313,0.652499,1.141454,0.491347
trial03_direct,1,551,17.6320,0.365152,0.026442,0.356480,-47.4016,-43.4265,69.053,269.950,1,0,-0.797057,-0.434772,0.191383,BLEND,-0.458955,-0.507548,0.343840,0,0.246313,0.488099,1.182215,0.450585
trial03_direct,1,552,17.6640,0.365520,0.026389,0.356431,-47.9173,-42.9700,66.192,308.213,1,0,-0.796680,-0.525249,0.272793,BLEND,-0.423490,-0.486533,0.300829,0,0.246313,0.202520,1.141391,0.491409
trial03_direct,1,553,17.6960,0.365881,0.026332,0.356380,-48.3754,-42.5702,66.336,343.520,2,0,-0.792924,-0.592168,0.347914,BLEND,-0.462315,-0.480479,0.347914,0,0.246313,-0.086227,1.038587,0.594213
trial03_direct,1,554,17.7280,0.366236,0.026273,0.356327,-48.6886,-42.3141,67.866,324.714,1,0,-0.795356,-0.642965,0.307902,BLEND,-0.429323,-0.467690,0.307902,0,0.246313,-0.020036,0.978031,0.654769
trial03_direct,1,555,17.7600,0.366585,0.026211,0.356272,-48.9164,-42.1427,67.814,296.659,1,0,-0.796199,-0.681274,0.248211,BLEND,-0.413988,-0.454264,0.289305,0,0.246313,0.136929,0.971855,0.660945
trial03_direct,1,556,17.7920,0.366933,0.026146,0.356213,-49.1354,-41.9799,70.711,280.231,1,0,-0.795493,-0.709828,0.213257,BLEND,-0.412771,-0.443891,0.287829,0,0.246313,0.231668,0.990909,0.641891
trial03_direct,1,557,17.8240,0.367281,0.026077,0.356152,-49.3813,-41.7900,70.812,258.799,0,0,0.004531,-0.531238,0.167657,BLEND,-0.416222,-0.436974,0.292014,0,0.246313,0.490620,1.069936,0.562864
trial03_direct,1,558,17.8560,0.367630,0.026005,0.356087,-49.7387,-41.4890,73.214,266.530,1,0,-0.797390,-0.597776,0.184106,BLEND,-0.389059,-0.424995,0.259071,0,0.246313,0.402352,1.107140,0.525660
trial03_direct,1,559,17.8880,0.367977,0.025929,0.356019,-50.1486,-41.1353,69.690,269.571,1,0,-0.794656,-0.646996,0.190576,BLEND,-0.382225,-0.414302,0.250783,0,0.246313,0.350388,1.122052,0.510748
trial03_direct,1,560,17.9200,0.368322,0.025851,0.355948,-50.5796,-40.7601,68.913,293.826,1,0,-0.794092,-0.683770,0.242183,BLEND,-0.375133,-0.404510,0.242183,0,0.246313,0.154806,1.084341,0.548459
trial03_direct,1,561,17.9520,0.368663,0.025770,0.355875,-50.9575,-40.4374,69.394,292.468,1,0,-0.793942,-0.711313,0.239293,BLEND,-0.372750,-0.396570,0.239293,0,0.246313,0.141639,1.052765,0.580035
trial03_direct,1,562,17.9840,0.369000,0.025686,0.355800,-51.2909,-40.1585,69.593,298.064,1,0,-0.794238,-0.732045,0.251200,BLEND,-0.382568,-0.393070,0.251200,0,0.246313,0.082979,1.014419,0.618381
trial03_direct,1,563,18.0160,0.369332,0.025601,0.355723,-51.5701,-39.9332,72.978,300.181,1,0,-0.794736,-0.747717,0.255705,BLEND,-0.386283,-0.391373,0.255705,0,0.246313,0.053425,0.978270,0.654530
trial03_direct,1,564,18.0480,0.369662,0.025512,0.355644,-51.7984,-39.7584,71.934,276.522,1,0,-0.792853,-0.759001,0.205366,BLEND,-0.364146,-0.384566,0.228858,0,0.246313,0.223703,0.993729,0.639071
trial03_direct,1,565,18.0800,0.369990,0.025421,0.355562,-52.0484,-39.5617,67.200,273.544,0,0,0.007186,-0.567454,0.199030,BLEND,-0.342713,-0.374103,0.202865,0,0.246313,0.378069,1.043914,0.588886
trial03_direct,1,566,18.1120,0.370319,0.025327,0.355477,-52.3691,-39.2943,70.046,274.143,1,0,-0.797615,-0.624995,0.200304,BLEND,-0.349557,-0.367966,0.211165,0,0.246313,0.334542,1.070671,0.562129
trial03_direct,1,567,18.1440,0.370646,0.025229,0.355389,-52.7277,-38.9889,67.270,272.460,1,0,-0.795943,-0.667732,0.196723,BLEND,-0.337648,-0.360387,0.196723,0,0.246313,0.316669,1.086270,0.546530
trial03_direct,1,568,18.1760,0.370971,0.025129,0.355299,-53.1083,-38.6612,68.060,285.664,1,0,-0.794736,-0.699483,0.224816,BLEND,-0.360814,-0.360494,0.224816,0,0.246313,0.200276,1.068872,0.563928
trial03_direct,1,569,18.2080,0.371292,0.025027,0.355206,-53.4644,-38.3574,68.308,285.257,1,0,-0.793694,-0.723036,0.223950,BLEND,-0.360099,-0.360395,0.223950,0,0.246313,0.184982,1.051999,0.580801
trial03_direct,1,570,18.2400,0.371610,0.024922,0.355112,-53.7966,-38.0770,63.706,290.777,1,0,-0.793168,-0.740569,0.235695,BLEND,-0.369783,-0.362742,0.235695,0,0.246313,0.130113,1.025628,0.607172
trial03_direct,1,571,18.2720,0.371925,0.024816,0.355016,-54.0917,-37.8332,66.830,291.407,1,0,-0.792781,-0.753622,0.237037,BLEND,-0.370890,-0.364779,0.237037,0,0.246313,0.114706,1.001997,0.630803
trial03_direct,1,572,18.3040,0.372237,0.024707,0.354918,-54.3535,-37.6223,71.852,290.119,1,0,-0.792217,-0.763270,0.234295,BLEND,-0.368629,-0.365742,0.234295,0,0.246313,0.116665,0.984764,0.648036
trial03_direct,1,573,18.3360,0.372546,0.024596,0.354818,-54.5909,-37.4354,68.063,293.186,1,0,-0.792059,-0.770468,0.240821,BLEND,-0.374011,-0.367809,0.240821,0,0.246313,0.087213,0.964476,0.668324
trial03_direct,1,574,18.3680,0.372852,0.024483,0.354716,-54.7997,-37.2768,70.189,264.325,0,0,0.007984,-0.575855,0.179416,BLEND,-0.323378,-0.356701,0.179416,0,0.246313,0.430119,1.034987,0.597813
trial03_direct,1,575,18.4000,0.373160,0.024366,0.354611,-55.1079,-37.0189,67.150,267.590,1,0,-0.796385,-0.630987,0.186361,BLEND,-0.329105,-0.349802,0.186361,0,0.246313,0.374155,1.073879,0.558921
trial03_direct,1,576,18.4320,0.373467,0.024247,0.354503,-55.4709,-36.7061,71.293,277.436,1,0,-0.794210,-0.671793,0.207310,BLEND,-0.346378,-0.348946,0.207310,0,0.246313,0.279190,1.079307,0.553493
trial03_direct,1,577,18.4640,0.373770,0.024126,0.354393,-55.8417,-36.3851,71.089,284.515,1,0,-0.792781,-0.702040,0.222373,BLEND,-0.358799,-0.351409,0.222373,0,0.246313,0.206559,1.065220,0.567580
trial03_direct,1,578,18.4960,0.374071,0.024002,0.354282,-56.1927,-36.0835,69.414,290.310,1,0,-0.792138,-0.724564,0.234702,BLEND,-0.368965,-0.355798,0.234702,0,0.246313,0.146579,1.039660,0.593140
trial03_direct,1,579,18.5280,0.374368,0.023877,0.354169,-56.5076,-35.8174,70.495,288.070,1,0,-0.791178,-0.741218,0.229936,BLEND,-0.365035,-0.358107,0.229936,0,0.257747,0.184132,1.029878,0.602922
trial03_direct,1,580,18.5600,0.374662,0.023751,0.354054,-56.8087,-35.5646,71.405,301.221,1,0,-0.792059,-0.753928,0.257916,BLEND,-0.388106,-0.365607,0.257916,0,0.257747,0.073096,0.994782,0.638018
trial03_direct,1,581,18.5920,0.374952,0.023622,0.353938,-57.0603,-35.3609,67.632,277.461,0,0,0.007984,-0.563450,0.207363,BLEND,-0.346422,-0.360811,0.207363,0,0.257747,0.391900,1.048162,0.584638
trial03_direct,1,582,18.6240,0.375243,0.023491,0.353820,-57.3871,-35.0819,68.832,277.188,1,0,-0.797721,-0.622018,0.206782,BLEND,-0.345943,-0.357094,0.206782,0,0.257747,0.351782,1.078167,0.554633
trial03_direct,1,583,18.6560,0.375531,0.023358,0.353699,-57.7563,-34.7604,65.270,291.227,1,0,-0.797071,-0.665781,0.236652,BLEND,-0.370573,-0.360464,0.236652,0,0.257747,0.221859,1.234456,0.730876
trial03_direct,1,584,18.6880,0.375873,0.023196,0.353553,-58.1115,-34.4617,71.352,287.961,1,0,-0.796811,-0.698539,0.229705,BLEND,-0.364844,-0.361559,0.229705,0,0.257747,0.218818,1.351982,0.864889
trial03_direct,1,585,18.7200,0.376255,0.023012,0.353386,-58.4553,-34.1811,69.305,295.854,1,0,-0.796664,-0.723070,0.246498,BLEND,-0.378692,-0.365842,0.246498,0,0.257747,0.140560,1.417976,0.982376
trial03_direct,1,586,18.7520,0.376662,0.022809,0.353202,-58.7628,-33.9411,64.430,279.717,1,0,-0.796122,-0.741333,0.212165,BLEND,-0.350381,-0.361977,0.212165,0,0.257747,0.247380,1.499465,1.049075
trial03_direct,1,587,18.7840,0.377090,0.022589,0.353003,-59.0807,-33.6942,73.321,280.051,1,0,-0.794682,-0.754670,0.212874,BLEND,-0.350966,-0.359224,0.212874,0,0.257747,0.235046,1.557389,1.102074
trial03_direct,1,588,18.8160,0.377533,0.022353,0.352789,-59.4022,-33.4464,71.579,263.402,0,0,0.005346,-0.564666,0.177451,BLEND,-0.321758,-0.349858,0.177451,0,0.257747,0.479386,1.664689,1.083509
trial03_direct,1,589,18.8480,0.377987,0.022104,0.352563,-59.8125,-33.1120,68.886,266.801,1,0,-0.797429,-0.622857,0.184682,BLEND,-0.327720,-0.344323,0.184682,0,0.257747,0.420907,1.730543,1.084205
trial03_direct,1,590,18.8800,0.378448,0.021842,0.352326,-60.2688,-32.7326,71.435,265.346,1,0,-0.793881,-0.665613,0.181586,BLEND,-0.325168,-0.339534,0.181586,0,0.257747,0.403857,1.775672,1.088989
trial03_direct,1,591,18.9120,0.378910,0.021571,0.352079,-60.7536,-32.3252,69.167,282.715,1,0,-0.791776,-0.697154,0.218543,BLEND,-0.355641,-0.343561,0.218543,0,0.257747,0.257996,1.769408,1.125399
trial03_direct,1,592,18.9440,0.379370,0.021291,0.351825,-61.2085,-31.9475,68.951,273.209,0,0,0.008269,-0.520798,0.198317,BLEND,-0.338963,-0.342411,0.198317,0,0.257747,0.447800,1.815278,1.108371
trial03_direct,1,593,18.9760,0.379828,0.021004,0.351563,-61.7078,-31.5254,68.963,277.506,1,0,-0.797337,-0.589933,0.207459,BLEND,-0.346501,-0.343434,0.207459,0,0.257747,0.372640,1.829481,1.112981
trial03_direct,1,594,19.0080,0.380282,0.020709,0.351295,-62.2139,-31.0959,71.299,276.920,1,0,-0.796044,-0.641461,0.206213,BLEND,-0.345474,-0.343944,0.206213,0,0.257747,0.339728,1.832098,1.124859
trial03_direct,1,595,19.0400,0.380730,0.020409,0.351021,-62.7134,-30.6722,72.183,272.092,1,0,-0.793236,-0.679404,0.195940,BLEND,-0.337003,-0.342209,0.195940,0,0.257747,0.347118,1.837491,1.133502
trial03_direct,1,596,19.0720,0.381172,0.020102,0.350742,-63.2107,-30.2500,62.585,283.548,1,0,-0.791353,-0.707392,0.220316,BLEND,-0.357102,-0.345932,0.220316,0,0.257747,0.244158,1.812040,1.161970
trial03_direct,1,597,19.1040,0.381606,0.019791,0.350458,-63.6699,-29.8648,71.348,287.209,1,0,-0.790050,-0.728056,0.228103,BLEND,-0.363524,-0.350330,0.228103,0,0.257747,0.201033,1.780971,1.192902
trial03_direct,1,598,19.1360,0.382033,0.019477,0.350171,-64.0853,-29.5222,65.428,279.464,0,0,0.010004,-0.543541,0.211625,BLEND,-0.349936,-0.350232,0.211625,0,0.257747,0.393881,1.808420,1.170428
trial03_direct,1,599,19.1680,0.382455,0.019156,0.349878,-64.5357,-29.1440,67.300,271.912,1,0,-0.796967,-0.606898,0.195558,BLEND,-0.336688,-0.346846,0.195558,0,0.257747,0.397374,1.832355,1.155174
trial03_direct,1,600,19.2000,0.382871,0.018830,0.349579,-65.0138,-28.7374,67.053,288.720,1,0,-0.796024,-0.654179,0.231319,BLEND,-0.366175,-0.351678,0.231319,0,0.257747,0.248745,1.807640,1.175381
trial03_direct,1,601,19.2320,0.383279,0.018501,0.349277,-65.4602,-28.3613,69.549,282.004,1,0,-0.795092,-0.689407,0.217031,BLEND,-0.354394,-0.352357,0.217031,0,0.257747,0.268962,1.796359,1.187684
trial03_direct,1,602,19.2640,0.383680,0.018167,0.348972,-65.8900,-28.0008,69.700,286.030,1,0,-0.794122,-0.715586,0.225596,BLEND,-0.361456,-0.354632,0.225596,0,0.257747,0.219572,1.774232,1.207939
trial03_direct,1,603,19.2960,0.384073,0.017831,0.348663,-66.2898,-27.6693,73.610,270.976,0,0,0.005910,-0.535212,0.193566,BLEND,-0.335046,-0.349735,0.193566,0,0.257747,0.451476,1.820343,1.169885
trial03_direct,1,604,19.3280,0.384462,0.017488,0.348347,-66.7489,-27.2780,66.472,283.433,1,0,-0.797948,-0.600896,0.220070,BLEND,-0.356900,-0.351527,0.220070,0,0.257747,0.325953,1.819666,1.168846
trial03_direct,1,605,19.3600,0.384844,0.017141,0.348029,-67.2083,-26.8853,67.254,279.381,1,0,-0.797364,-0.650013,0.211449,BLEND,-0.349791,-0.351093,0.211449,0,0.257747,0.316627,1.818154,1.171726
trial03_direct,1,606,19.3920,0.385219,0.016791,0.347707,-67.6646,-26.4947,71.632,294.415,1,0,-0.796874,-0.686728,0.243437,BLEND,-0.376167,-0.357361,0.243437,0,0.257747,0.181836,1.778396,1.202657
trial03_direct,1,607,19.4240,0.385584,0.016440,0.347384,-68.0711,-26.1525,68.946,292.654,1,0,-0.796843,-0.714257,0.239690,BLEND,-0.373078,-0.361290,0.239690,0,0.257747,0.171692,1.746618,1.228967
trial03_direct,1,608,19.4560,0.385943,0.016087,0.347058,-68.4366,-25.8502,70.023,289.204,1,0,-0.796647,-0.734854,0.232349,BLEND,-0.367025,-0.362724,0.232349,0,0.257747,0.180640,1.726152,1.247594
trial03_direct,1,609,19.4880,0.386294,0.015730,0.346728,-68.7750,-25.5743,68.786,287.981,1,0,-0.796256,-0.750205,0.229748,BLEND,-0.364880,-0.363263,0.229748,0,0.257747,0.177672,1.710461,1.262707
trial03_direct,1,610,19.5200,0.386724,0.015283,0.346316,-69.1906,-25.2352,63.762,275.855,1,0,-0.794788,-0.761351,0.203948,BLEND,-0.343606,-0.358349,0.203948,0,0.257747,0.262566,1.723892,1.256793
trial03_direct,1,611,19.5520,0.387396,0.014567,0.345655,-69.6725,-24.8734,67.510,275.617,1,0,-0.791858,-0.768977,0.203440,BLEND,-0.343188,-0.354558,0.203440,0,0.257747,0.259050,1.733163,1.253315
trial03_direct,1,612,19.5840,0.388184,0.013684,0.344837,-70.0107,-24.6774,71.200,265.649,0,0,0.008187,-0.574686,0.182231,BLEND,-0.325700,-0.347344,0.182231,0,0.257747,0.458958,1.791412,1.202046
trial03_direct,1,613,19.6160,0.388923,0.012799,0.344017,-70.4260,-24.3967,67.039,250.661,0,0,0.001646,-0.430603,0.150342,BLEND,-0.299405,-0.335359,0.150342,0,0.257747,0.629081,1.877629,1.121064
trial03_direct,1,614,19.6480,0.389614,0.011915,0.343196,-70.9594,-23.9908,72.014,240.285,0,0,0.000331,-0.322870,0.150000,BLEND,-0.281203,-0.321820,0.150000,0,0.257747,0.685749,1.956459,1.046161
trial03_direct,1,615,19.6800,0.390262,0.011032,0.342372,-71.6015,-23.4694,74.421,252.488,1,0,-0.793337,-0.440487,0.154229,BLEND,-0.302610,-0.317017,0.154229,0,0.257747,0.614134,1.997678,1.007887
trial03_direct,1,616,19.7120,0.390870,0.010146,0.341544,-72.2999,-22.8858,72.029,241.115,0,0,0.006699,-0.328690,0.150000,BLEND,-0.282658,-0.308427,0.150000,0,0.257747,0.682733,2.045742,0.962032
trial03_direct,1,617,19.7440,0.391441,0.009259,0.340713,-73.0648,-22.2299,67.683,248.940,0,0,0.001347,-0.246181,0.150000,BLEND,-0.296386,-0.305417,0.150000,0,0.257747,0.725482,2.092477,0.916954
trial03_direct,1,618,19.7760,0.391977,0.008370,0.339878,-73.8948,-21.5037,69.334,249.763,0,0,0.000271,-0.184568,0.150000,BLEND,-0.297830,-0.303520,0.150000,0,0.257747,0.757403,2.135508,0.875164
trial03_direct,1,619,19.8080,0.392479,0.007479,0.339039,-74.7849,-20.7123,70.471,275.015,1,0,-0.797907,-0.337903,0.202160,BLEND,-0.342132,-0.313173,0.202160,0,0.257747,0.564737,2.118495,0.890869
trial03_direct,1,620,19.8400,0.392951,0.006584,0.338193,-75.6520,-19.9393,68.365,273.096,1,0,-0.796562,-0.452567,0.198076,BLEND,-0.338764,-0.319571,0.198076,0,0.257747,0.495155,2.088969,0.920671
trial03_direct,1,621,19.8720,0.393394,0.005683,0.337340,-76.4773,-19.2039,65.842,288.555,1,0,-0.795649,-0.538338,0.230968,BLEND,-0.365886,-0.331150,0.230968,0,0.257747,0.342304,2.023544,0.976169
trial03_direct,1,622,19.9040,0.393809,0.004779,0.336482,-77.2170,-18.5496,71.464,289.982,1,0,-0.795238,-0.602563,0.234004,BLEND,-0.368389,-0.340460,0.234004,0,0.257747,0.281705,1.958858,1.032474
trial03_direct,1,623,19.9360,0.394195,0.003871,0.335618,-77.8710,-17.9768,73.574,291.142,1,0,-0.794942,-0.650658,0.236473,BLEND,-0.370425,-0.347951,0.236473,0,0.257747,0.234805,1.898238,1.086048
trial03_direct,1,624,19.9680,0.394554,0.002960,0.334748,-78.4441,-17.4808,67.258,291.092,1,0,-0.794656,-0.686657,0.236366,BLEND,-0.370337,-0.353547,0.236366,0,0.257747,0.205761,1.845529,1.133506
trial03_direct,1,625,20.0000,0.394886,0.002046,0.333874,-78.9461,-17.0517,68.701,297.741,1,0,-0.794840,-0.713703,0.250513,BLEND,-0.382002,-0.360661,0.250513,0,0.246313,0.101245,1.777689,1.193049
trial03_direct,1,626,20.0320,0.395192,0.001130,0.332995,-79.3579,-16.7087,67.815,300.773,1,0,-0.795309,-0.734104,0.256963,BLEND,-0.387321,-0.367326,0.256963,0,0.246313,0.061050,1.715766,1.246761
trial03_direct,1,627,20.0640,0.395472,0.000212,0.332111,-79.6878,-16.4435,69.421,293.043,1,0,-0.795402,-0.749429,0.240516,BLEND,-0.373759,-0.368934,0.240516,0,0.246313,0.105796,1.683044,1.278392
trial03_direct,1,628,20.0960,0.395726,-0.000709,0.331223,-79.9720,-16.2201,71.255,301.077,1,0,-0.795714,-0.761000,0.257610,BLEND,-0.455721,-0.390631,0.339916,0,0.246313,0.034858,1.638135,1.317217
trial03_direct,1,629,20.1280,0.395955,-0.001631,0.330331,-80.1970,-16.0518,65.202,303.225,1,0,-0.796237,-0.769809,0.262180,BLEND,-0.652847,-0.456185,0.578984,0,0.246313,0.010486,1.597656,1.351724
trial03_direct,1,630,20.1600,0.396160,-0.002554,0.329436,-80.3690,-15.9326,71.051,295.320,1,0,-0.796527,-0.776489,0.245361,BLEND,-1.000000,-0.592139,1.000000,0,0.246313,0.065678,1.583686,1.366398
trial03_direct,1,631,20.1920,0.396339,-0.003479,0.328537,-80.5208,-15.8297,69.891,280.376,1,0,-0.795943,-0.781352,0.213566,BLEND,-1.000000,-0.694104,1.000000,0,0.246313,0.177857,1.606151,1.354257
trial03_direct,1,632,20.2240,0.396495,-0.004405,0.327633,-80.6969,-15.6985,68.490,288.421,1,0,-0.795214,-0.784818,0.230683,BLEND,-1.000000,-0.770578,1.000000,0,0.246313,0.112484,1.604020,1.358857
trial03_direct,1,633,20.2560,0.396646,-0.005340,0.326721,-80.8558,-15.5842,73.456,294.826,1,0,-0.795117,-0.787393,0.244310,BLEND,-1.000000,-0.827933,1.000000,0,0.246313,0.060303,1.587277,1.373253
trial03_direct,1,634,20.2880,0.396794,-0.006276,0.325809,-80.9926,-15.4918,71.347,292.172,1,0,-0.794993,-0.789293,0.238664,BLEND,-1.000000,-0.870950,1.000000,0,0.246313,0.079506,1.580390,1.380119
trial03_direct,1,635,20.3200,0.396940,-0.007211,0.324895,-81.1206,-15.4080,70.573,288.024,1,0,-0.794465,-0.790586,0.229837,BLEND,-1.000000,-0.903213,1.000000,0,0.246313,0.111008,1.584460,1.378753
trial03_direct,1,636,20.3520,0.397085,-0.008148,0.323981,-81.2522,-15.3206,69.839,296.219,1,0,-0.794493,-0.791562,0.247275,BLEND,-1.000000,-0.927409,1.000000,0,0.246313,0.045835,1.568533,1.391336
trial03_direct,1,637,20.3840,0.397227,-0.009085,0.323068,-81.3656,-15.2514,69.323,283.060,1,0,-0.793403,-0.792023,0.219276,BLEND,-1.000000,-0.945557,1.000000,0,0.246313,0.148886,1.586664,1.379323
trial03_direct,1,638,20.4160,0.397369,-0.010023,0.322152,-81.4984,-15.1627,68.624,294.866,1,0,-0.793304,-0.792343,0.244397,BLEND,-1.000000,-0.959168,1.000000,0,0.246313,0.055805,1.573122,1.389714
trial03_direct,1,639,20.4480,0.397507,-0.010961,0.321236,-81.6159,-15.0892,73.997,283.764,1,0,-0.791898,-0.792232,0.220773,BLEND,-1.000000,-0.969376,1.000000,0,0.246313,0.143196,1.588453,1.379298
trial03_direct,1,640,20.4800,0.397645,-0.011900,0.320319,-81.7501,-14.9990,67.485,290.007,1,0,-0.791178,-0.791968,0.234056,BLEND,-1.000000,-0.977032,1.000000,0,0.246313,0.094323,1.585686,1.381659
trial03_direct,1,641,20.5120,0.397780,-0.012840,0.319402,-81.8811,-14.9119,63.525,289.663,1,0,-0.790393,-0.791574,0.233326,BLEND,-1.000000,-0.982774,1.000000,0,0.246313,0.097339,1.584477,1.382788
trial03_direct,1,642,20.5440,0.397913,-0.013780,0.318484,-82.0106,-14.8261,69.079,276.991,0,0,0.009659,-0.591266,0.206365,BLEND,-1.000000,-0.987080,1.000000,0,0.246313,0.339688,1.648312,1.327201
trial03_direct,1,643,20.5760,0.398044,-0.014723,0.317564,-82.2171,-14.6635,70.725,292.250,1,0,-0.797429,-0.642807,0.238830,BLEND,-1.000000,-0.990310,1.000000,0,0.246313,0.199733,1.656197,1.315498
trial03_direct,1,644,20.6080,0.398172,-0.015666,0.316644,-82.4363,-14.4876,63.748,286.486,1,0,-0.797242,-0.681416,0.226566,BLEND,-1.000000,-0.992733,1.000000,0,0.246313,0.208509,1.666195,1.306416
trial03_direct,1,645,20.6400,0.398296,-0.016609,0.315722,-82.6678,-14.2990,67.450,286.899,1,0,-0.796795,-0.710261,0.227444,BLEND,-1.000000,-0.994550,1.000000,0,0.246313,0.182941,1.667166,1.305861
trial03_direct,1,646,20.6720,0.398416,-0.017553,0.314800,-82.9005,-14.1089,68.937,296.621,1,0,-0.796647,-0.731857,0.248130,BLEND,-1.000000,-0.995912,1.000000,0,0.246313,0.093845,1.642433,1.324532
trial03_direct,1,647,20.7040,0.398531,-0.018495,0.313879,-83.1053,-13.9460,66.550,308.775,1,0,-0.797027,-0.748150,0.273989,BLEND,-1.000000,-0.996934,1.000000,0,0.246313,-0.011741,1.593503,1.360948
trial03_direct,1,648,20.7360,0.398643,-0.019434,0.312961,-83.2552,-13.8376,66.345,293.829,1,0,-0.797480,-0.760482,0.242190,BLEND,-1.000000,-0.997701,1.000000,0,0.246313,0.090613,1.587294,1.367571
trial03_direct,1,649,20.7680,0.398753,-0.020373,0.312043,-83.3968,-13.7373,69.565,289.792,1,0,-0.797416,-0.769716,0.233601,BLEND,-1.000000,-0.998275,1.000000,0,0.246313,0.113961,1.589797,1.368024
trial03_direct,1,650,20.8000,0.398860,-0.021313,0.311123,-83.5396,-13.6356,68.820,291.064,1,0,-0.797215,-0.776591,0.236307,BLEND,-1.000000,-0.998707,1.000000,0,0.246313,0.098558,1.587406,1.371797
trial03_direct,1,651,20.8320,0.398965,-0.022254,0.310203,-83.6785,-13.5377,61.389,292.909,1,0,-0.797086,-0.781714,0.240233,BLEND,-1.000000,-0.999030,1.000000,0,0.246313,0.080012,1.580372,1.378659
trial03_direct,1,652,20.8640,0.399068,-0.023196,0.309282,-83.8083,-13.4486,69.016,285.506,1,0,-0.796827,-0.785493,0.224480,BLEND,-1.000000,-0.999272,1.000000,0,0.246313,0.134725,1.591201,1.372554
trial03_direct,1,653,20.8960,0.399169,-0.024139,0.308359,-83.9491,-13.3486,60.345,287.257,1,0,-0.796293,-0.788193,0.228206,BLEND,-1.000000,-0.999454,1.000000,0,0.246313,0.118912,1.594796,1.371355
trial03_direct,1,654,20.9280,0.399268,-0.025083,0.307436,-84.0930,-13.2454,66.392,287.121,1,0,-0.795756,-0.790084,0.227917,BLEND,-1.000000,-0.999591,1.000000,0,0.246313,0.118487,1.597430,1.370606
trial03_direct,1,655,20.9600,0.399365,-0.026027,0.306511,-84.2390,-13.1398,71.683,292.648,1,0,-0.795493,-0.791436,0.239677,BLEND,-1.000000,-0.999693,1.000000,0,0.246313,0.073997,1.586472,1.379355
trial03_direct,1,656,20.9920,0.399459,-0.026972,0.305586,-84.3724,-13.0466,66.987,299.489,1,0,-0.795714,-0.792505,0.254233,BLEND,-1.000000,-0.999770,1.000000,0,0.246313,0.019310,1.562339,1.397346
trial03_direct,1,657,21.0240,0.399551,-0.027914,0.304664,-84.4787,-12.9803,71.760,281.262,1,0,-0.794993,-0.793127,0.215452,BLEND,-1.000000,-0.999827,1.000000,0,0.246313,0.162195,1.585935,1.381093
trial03_direct,1,658,21.0560,0.399641,-0.028860,0.303738,-84.6106,-12.8885,67.362,294.842,1,0,-0.794736,-0.793529,0.244345,BLEND,-1.000000,-0.999871,1.000000,0,0.246313,0.054994,1.572380,1.391252
trial03_direct,1,659,21.0880,0.399729,-0.029804,0.302814,-84.7272,-12.8117,70.294,293.266,1,0,-0.794682,-0.793818,0.240991,BLEND,-1.000000,-0.999903,1.000000,0,0.246313,0.067164,1.565774,1.396345
trial03_direct,1,660,21.1200,0.399815,-0.030748,0.301889,-84.8364,-12.7422,68.536,279.708,1,0,-0.793099,-0.793638,0.212146,BLEND,-1.000000,-0.999927,1.000000,0,0.246313,0.174049,1.591984,1.377888
trial03_direct,1,661,21.1520,0.399900,-0.031694,0.300962,-84.9742,-12.6441,68.240,288.822,1,0,-0.792217,-0.793283,0.231536,BLEND,-1.000000,-0.999945,1.000000,0,0.246313,0.102583,1.590788,1.378924
trial03_direct,1,662,21.1840,0.399982,-0.032641,0.300035,-85.1107,-12.5472,73.332,301.468,1,0,-0.792959,-0.793202,0.258443,BLEND,-1.000000,-0.999959,1.000000,0,0.246313,0.003127,1.560881,1.400421
trial03_direct,1,663,21.2160,0.400062,-0.033585,0.299110,-85.2141,-12.4831,67.320,289.232,1,0,-0.792447,-0.793013,0.232408,BLEND,-1.000000,-0.999969,1.000000,0,0.246313,0.099574,1.566574,1.396442
trial03_direct,1,664,21.2480,0.400140,-0.034530,0.298184,-85.3237,-12.4127,72.062,289.446,1,0,-0.791734,-0.792694,0.232863,BLEND,-1.000000,-0.999977,1.000000,0,0.246313,0.098148,1.570417,1.393744
trial03_direct,1,665,21.2800,0.400216,-0.035476,0.297257,-85.4375,-12.3380,69.219,294.415,1,0,-0.791734,-0.792454,0.243437,BLEND,-1.000000,-0.999983,1.000000,0,0.246313,0.059259,1.561948,1.399814
trial03_direct,1,666,21.3120,0.400291,-0.036421,0.296331,-85.5419,-12.2725,76.064,303.817,1,0,-0.792853,-0.792553,0.263440,BLEND,-1.000000,-0.999987,1.000000,0,0.246313,-0.014767,1.534009,1.419791
trial03_direct,1,667,21.3440,0.400363,-0.037363,0.295407,-85.6155,-12.2377,68.608,288.390,1,0,-0.792256,-0.792479,0.230617,BLEND,-1.000000,-0.999990,1.000000,0,0.246313,0.106624,1.548458,1.409483
trial03_direct,1,668,21.3760,0.400435,-0.038307,0.294482,-85.7050,-12.1871,62.049,293.296,1,0,-0.792059,-0.792374,0.241056,BLEND,-1.000000,-0.999993,1.000000,0,0.246313,0.068126,1.548063,1.409768
trial03_direct,1,669,21.4080,0.400505,-0.039251,0.293557,-85.7941,-12.1368,68.724,291.215,1,0,-0.791651,-0.792193,0.236627,BLEND,-1.000000,-0.999995,1.000000,0,0.246313,0.084642,1.552577,1.406536
trial03_direct,1,670,21.4400,0.400574,-0.040195,0.292631,-85.8882,-12.0816,67.426,284.223,0,0,0.008394,-0.592046,0.221751,BLEND,-1.000000,-0.999996,1.000000,0,0.246313,0.292910,1.610322,1.354336
trial03_direct,1,671,21.4720,0.400641,-0.041142,0.291703,-86.0530,-11.9557,68.261,283.454,1,0,-0.797948,-0.643522,0.220115,BLEND,-1.000000,-0.999997,1.000000,0,0.246313,0.258691,1.645328,1.323992
trial03_direct,1,672,21.5040,0.400705,-0.042090,0.290774,-86.2599,-11.7873,66.196,291.731,1,0,-0.797543,-0.682027,0.237726,BLEND,-1.000000,-0.999998,1.000000,0,0.246313,0.171039,1.646956,1.320435
trial03_direct,1,673,21.5360,0.400766,-0.043037,0.289844,-86.4703,-11.6151,64.881,294.724,1,0,-0.797468,-0.710887,0.244094,BLEND,-1.000000,-0.999998,1.000000,0,0.246313,0.125598,1.635836,1.328146
trial03_direct,1,674,21.5680,0.400823,-0.043984,0.288915,-86.6687,-11.4544,71.086,290.111,1,0,-0.797442,-0.732526,0.234278,BLEND,-1.000000,-0.999999,1.000000,0,0.246313,0.141603,1.633009,1.331440
trial03_direct,1,675,21.6000,0.400877,-0.044931,0.287985,-86.8631,-11.2972,67.820,298.746,1,0,-0.797364,-0.748735,0.252651,BLEND,-1.000000,-0.999999,1.000000,0,0.246313,0.063351,1.608496,1.350644
trial03_direct,1,676,21.6320,0.400928,-0.045877,0.287056,-87.0294,-11.1676,65.553,297.093,1,0,-0.797543,-0.760937,0.249134,BLEND,-1.000000,-0.999999,1.000000,0,0.246313,0.065321,1.591145,1.365095
trial03_direct,1,677,21.6640,0.400975,-0.046822,0.286128,-87.1752,-11.0583,67.656,309.024,2,0,-0.790908,-0.768430,0.274520,BLEND,-1.000000,-0.999999,1.000000,0,0.246313,-0.032852,1.549678,1.396567
trial03_direct,1,678,21.6960,0.401021,-0.047763,0.285202,-87.2740,-10.9955,67.244,302.335,1,0,-0.792059,-0.774337,0.260288,BLEND,-1.000000,-1.000000,1.000000,0,0.246313,0.013261,1.532299,1.410835
trial03_direct,1,679,21.7280,0.401064,-0.048704,0.284277,-87.3524,-10.9531,67.255,71.282,0,0,0.007984,-0.578757,0.000000,GOAL,-1.000000,-1.000000,1.000000,0,0.246313,0.959045,1.765785,1.195165
trial03_direct,1,680,21.7600,0.401107,-0.049651,0.283347,-87.7196,-10.6221,72.197,69.336,0,0,0.001605,-0.433666,0.000000,GOAL,-1.000000,-1.000000,1.000000,0,0.246313,0.959045,1.940900,1.033412
trial03_direct,1,681,21.7920,0.401143,-0.050602,0.282411,-88.3039,-10.0731,65.860,66.847,0,0,0.000323,-0.325169,0.000000,GOAL,-1.000000,-1.000000,1.000000,0,0.246313,0.959045,2.072236,0.912098
trial03_direct,1,682,21.8240,0.401169,-0.051557,0.281470,-89.0512,-9.3594,69.207,70.857,0,0,0.000065,-0.243861,0.000000,GOAL,-1.000000,-1.000000,1.000000,0,0.246313,0.959045,2.170739,0.821112
trial03_direct,1,683,21.8560,0.401182,-0.052515,0.280524,-89.9210,-8.5208,71.673,72.066,0,0,0.000013,-0.182892,0.000000,GOAL,-1.000000,-1.000000,1.000000,0,0.246313,0.959045,2.244615,0.752873
trial03_direct,1,684,21.8880,0.401179,-0.053476,0.279574,-90.8828,-7.5873,71.644,352.276,1,0,-0.794656,-0.335833,0.366544,BLEND,-1.000000,-1.000000,1.000000,0,0.004551,-0.413954,1.930329,1.018499
trial03_direct,1,685,21.9200,0.401160,-0.054420,0.278637,-91.4716,-7.0232,68.275,69.394,0,0,0.005373,-0.250531,0.000000,GOAL,-1.000000,-1.000000,1.000000,0,0.004551,0.017720,1.828976,1.136244
trial03_direct,1,686,21.9520,0.401131,-0.055369,0.277694,-91.9189,-6.5989,68.805,63.505,0,0,0.001081,-0.187628,0.000000,GOAL,-1.000000,-1.000000,1.000000,0,0.004551,0.017720,1.752962,1.224553
trial03_direct,1,687,21.9840,0.401095,-0.056321,0.276747,-92.2600,-6.2796,65.451,67.090,0,0,0.000217,-0.140667,0.000000,GOAL,-1.000000,-1.000000,1.000000,0,0.004551,0.017720,1.695952,1.290785
trial03_direct,1,688,22.0160,0.401053,-0.057276,0.275796,-92.5213,-6.0393,67.999,68.870,0,0,0.000044,-0.105489,0.000000,GOAL,-1.000000,-1.000000,1.000000,0,0.004551,0.017720,1.653194,1.340459
trial03_direct,1,689,22.0480,0.401008,-0.058233,0.274844,-92.7226,-5.8582,73.149,71.079,0,0,0.000009,-0.079115,0.000000,GOAL,-1.000000,-1.000000,1.000000,0,0.004551,0.017720,1.621125,1.377714
trial03_direct,1,690,22.0800,0.400959,-0.059191,0.273889,-92.8791,-5.7215,67.274,69.754,0,0,0.000002,-0.059336,0.000000,GOAL,-1.000000,-1.000000,1.000000,0,0.004551,0.017720,1.597074,1.405655
trial03_direct,1,691,22.1120,0.400908,-0.060150,0.272933,-93.0019,-5.6183,71.323,72.306,0,0,0.000000,-0.044502,0.000000,GOAL,-1.000000,-1.000000,1.000000,0,0.004551,0.017720,1.579036,1.426612
trial03_direct,1,692,22.1440,0.400855,-0.061110,0.271976,-93.0994,-5.5401,66.369,65.333,0,0,0.000000,-0.033376,0.000000,GOAL,-1.000000,-1.000000,1.000000,0,0.004551,0.017720,1.565507,1.442329
trial03_direct,1,693,22.1760,0.400801,-0.062071,0.271018,-93.1780,-5.4807,67.522,70.665,0,0,0.000000,-0.025032,0.000000,GOAL,-1.000000,-1.000000,1.000000,0,0.004551,0.017720,1.555360,1.454117
trial03_direct,1,694,22.2080,0.400746,-0.063032,0.270059,-93.2424,-5.4354,69.952,71.079,0,0,0.000000,-0.018774,0.000000,GOAL,-1.000000,-1.000000,1.000000,0,0.004551,0.017720,1.547750,1.462957
trial03_direct,1,695,22.2400,0.400690,-0.063994,0.269100,-93.2963,-5.4007,68.086,68.767,0,0,0.000000,-0.014081,0.000000,GOAL,-1.000000,-1.000000,1.000000,0,0.004551,0.017720,1.542042,1.469588
trial03_direct,1,696,22.2720,0.400634,-0.064956,0.268141,-93.3423,-5.3739,72.984,67.309,0,0,0.000000,-0.010560,0.000000,GOAL,-1.000000,-1.000000,1.000000,0,0.004551,0.017720,1.537762,1.474561
trial03_direct,1,697,22.3040,0.400577,-0.065918,0.267181,-93.3823,-5.3530,69.308,69.211,0,0,0.000000,-0.007920,0.000000,GOAL,-1.000000,-1.000000,1.000000,0,0.004551,0.017720,1.534551,1.478291
trial03_direct,1,698,22.3360,0.400519,-0.066880,0.266221,-93.4179,-5.3365,69.454,72.309,0,0,0.000000,-0.005940,0.000000,GOAL,-1.000000,-1.000000,1.000000,0,0.004551,0.017720,1.532144,1.481088
trial03_direct,1,699,22.3680,0.400461,-0.067842,0.265261,-93.4503,-5.3234,69.733,68.854,0,0,0.000000,-0.004455,0.000000,GOAL,-1.000000,-1.000000,1.000000,0,0.004551,0.017720,1.530338,1.483186
trial03_direct,1,700,22.4000,0.400402,-0.068805,0.264301,-93.4802,-5.3127,69.801,74.335,0,0,0.000000,-0.003341,0.000000,GOAL,-1.000000,-1.000000,1.000000,0,0.004551,0.017720,1.528983,1.484760
trial03_direct,1,701,22.4320,0.400343,-0.069767,0.263341,-93.5083,-5.3039,73.477,66.552,0,0,0.000000,-0.002506,0.000000,GOAL,-1.000000,-1.000000,1.000000,0,0.004551,0.017720,1.527967,1.485940
trial03_direct,1,702,22.4640,0.400283,-0.070730,0.262381,-93.5350,-5.2966,66.989,68.466,0,0,0.000000,-0.001880,0.000000,GOAL,-1.000000,-1.000000,1.000000,0,0.004551,0.017720,1.527206,1.486825
trial03_direct,1,703,22.4960,0.400224,-0.071692,0.261421,-93.5607,-5.2902,69.293,68.546,0,0,0.000000,-0.001410,0.000000,GOAL,-1.000000,-1.000000,1.000000,0,0.004551,0.017720,1.526634,1.487489
trial03_direct,1,704,22.5280,0.400163,-0.072655,0.260460,-93.5857,-5.2847,63.927,65.912,0,0,0.000000,-0.001057,0.000000,GOAL,-1.000000,-1.000000,1.000000,0,0.004551,0.017720,1.526206,1.487986
trial03_direct,1,705,22.5600,0.400103,-0.073618,0.259500,-93.6102,-5.2798,70.538,71.589,0,0,0.000000,-0.000793,0.000000,GOAL,-1.000000,-1.000000,1.000000,0,0.004551,0.017720,1.525884,1.488360
trial03_direct,1,706,22.5920,0.400042,-0.074580,0.258539,-93.6343,-5.2753,63.693,61.485,0,0,0.000000,-0.000595,0.000000,GOAL,-1.000000,-1.000000,1.000000,0,0.004551,0.017720,1.525643,1.488640
trial03_direct,1,707,22.6240,0.399980,-0.075543,0.257579,-93.6580,-5.2712,77.231,72.439,0,0,0.000000,-0.000446,0.000000,GOAL,-1.000000,-1.000000,1.000000,0,0.004551,0.017720,1.525462,1.488850
trial03_direct,1,708,22.6560,0.399918,-0.076505,0.256618,-93.6816,-5.2674,65.738,67.203,0,0,0.000000,-0.000335,0.000000,GOAL,-1.000000,-1.000000,1.000000,0,0.004551,0.017720,1.525327,1.489007
trial03_direct,1,709,22.6880,0.399856,-0.077468,0.255658,-93.7050,-5.2638,69.617,69.510,0,0,0.000000,-0.000251,0.000000,GOAL,-1.000000,-1.000000,1.000000,0,0.004551,0.017720,1.525225,1.489126
trial03_direct,1,710,22.7200,0.399794,-0.078430,0.254697,-93.7283,-5.2604,73.129,66.766,0,0,0.000000,-0.000188,0.000000,GOAL,-1.000000,-1.000000,1.000000,0,0.004551,0.017720,1.525149,1.489214
trial03_direct,1,711,22.7520,0.399731,-0.079393,0.253737,-93.7515,-5.2571,66.549,72.406,0,0,0.000000,-0.000141,0.000000,GOAL,-1.000000,-1.000000,1.000000,0,0.004551,0.017720,1.525092,1.489281
trial03_direct,1,712,22.7840,0.399667,-0.080355,0.252776,-93.7747,-5.2539,61.078,70.378,0,0,0.000000,-0.000106,0.000000,GOAL,-1.000000,-1.000000,1.000000,0,0.004551,0.017720,1.525049,1.489330
trial03_direct,1,713,22.8160,0.399604,-0.081318,0.251816,-93.7978,-5.2508,66.989,62.508,0,0,0.000000,-0.000079,0.000000,GOAL,-1.000000,-1.000000,1.000000,0,0.004551,0.017720,1.525017,1.489368
trial03_direct,1,714,22.8480,0.399540,-0.082280,0.250855,-93.8209,-5.2479,70.551,69.119,0,0,0.000000,-0.000060,0.000000,GOAL,-1.000000,-1.000000,1.000000,0,0.004551,0.017720,1.524992,1.489396
trial03_direct,1,715,22.8800,0.399475,-0.083243,0.249895,-93.8439,-5.2450,71.071,69.010,0,0,0.000000,-0.000045,0.000000,GOAL,-1.000000,-1.000000,1.000000,0,0.004551,0.017720,1.524974,1.489417
trial03_direct,1,716,22.9120,0.399410,-0.084205,0.248934,-93.8670,-5.2422,66.428,62.956,0,0,0.000000,-0.000033,0.000000,GOAL,-1.000000,-1.000000,1.000000,0,0.004551,0.017720,1.524961,1.489433
trial03_direct,1,717,22.9440,0.399345,-0.085168,0.247974,-93.8900,-5.2395,72.337,68.508,0,0,0.000000,-0.000025,0.000000,GOAL,-1.000000,-1.000000,1.000000,0,0.004551,0.017720,1.524951,1.489445
trial03_direct,1,718,22.9760,0.399279,-0.086130,0.247013,-93.9130,-5.2369,69.517,70.434,0,0,0.000000,-0.000019,0.000000,GOAL,-1.000000,-1.000000,1.000000,0,0.004551,0.017720,1.524943,1.489453
trial03_direct,1,719,23.0080,0.399213,-0.087092,0.246053,-93.9360,-5.2343,72.008,72.183,0,0,0.000000,-0.000014,0.000000,GOAL,-1.000000,-1.000000,1.000000,0,0.004551,0.017720,1.524937,1.489460
trial03_direct,1,720,23.0400,0.399147,-0.088055,0.245092,-93.9591,-5.2318,70.226,68.578,0,0,0.000000,-0.000011,0.000000,GOAL,-1.000000,-1.000000,1.000000,0,0.004551,0.017720,1.524933,1.489465
trial03_direct,1,721,23.0720,0.399080,-0.089017,0.244131,-93.9821,-5.2294,67.456,69.660,0,0,0.000000,-0.000008,0.000000,GOAL,-1.000000,-1.000000,1.000000,0,0.004551,0.017720,1.524930,1.489469
trial03_direct,1,722,23.1040,0.399013,-0.089979,0.243171,-94.0051,-5.2271,70.467,67.615,0,0,0.000000,-0.000006,0.000000,GOAL,-1.000000,-1.000000,1.000000,0,0.004551,0.017720,1.524927,1.489472
trial03_direct,1,723,23.1360,0.398946,-0.090941,0.242210,-94.0281,-5.2248,65.357,68.314,0,0,0.000000,-0.000004,0.000000,GOAL,-1.000000,-1.000000,1.000000,0,0.004551,0.017720,1.524925,1.489474
trial03_direct,1,724,23.1680,0.398878,-0.091904,0.241250,-94.0511,-5.2226,68.682,74.972,0,0,0.000000,-0.000003,0.000000,GOAL,-1.000000,-1.000000,1.000000,0,0.004551,0.017720,1.524924,1.489475
trial03_direct,1,725,23.2000,0.398809,-0.092866,0.240289,-94.0742,-5.2205,68.846,70.786,0,0,0.000000,-0.000003,0.000000,GOAL,-1.000000,-1.000000,1.000000,0,0.004551,0.017720,1.524923,1.489476
trial03_direct,1,726,23.2320,0.398741,-0.093828,0.239328,-94.0972,-5.2184,67.359,71.012,0,0,0.000000,-0.000002,0.000000,GOAL,-0.470005,-0.867501,0.357240,0,0.004551,0.017720,1.524922,1.489477
trial03_direct,1,727,23.2640,0.398672,-0.094790,0.238368,-94.1202,-5.2164,66.210,65.761,0,0,0.000000,-0.000001,0.000000,GOAL,-0.189739,-0.698061,0.150000,0,0.004551,0.017720,1.524922,1.489478
trial03_direct,1,728,23.2960,0.398602,-0.095752,0.237407,-94.1432,-5.2145,66.082,69.235,0,0,0.000000,-0.000001,0.000000,GOAL,-0.082862,-0.544261,0.000000,0,0.004551,0.017720,1.524921,1.489478
trial03_direct,1,729,23.3280,0.398532,-0.096714,0.236446,-94.1662,-5.2127,67.912,69.094,0,0,0.000000,-0.000001,0.000000,GOAL,-0.027217,-0.415000,0.000000,0,0.004551,0.017720,1.524921,1.489479
trial03_direct,1,730,23.3600,0.398462,-0.097676,0.235486,-94.1893,-5.2110,71.382,69.405,0,0,0.000000,-0.000001,0.000000,GOAL,0.000000,-0.311250,0.000000,0,0.004551,0.017720,1.524921,1.489479
trial03_direct,1,731,23.3920,0.398391,-0.098638,0.234525,-94.2123,-5.2093,67.663,68.169,0,0,0.000000,-0.000000,0.000000,GOAL,0.000000,-0.233438,0.000000,0,0.004551,0.017720,1.524921,1.489479
trial03_direct,1,732,23.4240,0.398320,-0.099600,0.233565,-94.2353,-5.2077,67.145,63.446,0,0,0.000000,-0.000000,0.000000,GOAL,0.000000,-0.175078,0.000000,0,0.004551,0.017720,1.524920,1.489480
trial03_direct,1,733,23.4560,0.398249,-0.100562,0.232604,-94.2583,-5.2062,70.001,67.890,0,0,0.000000,-0.000000,0.000000,GOAL,0.000000,-0.131309,0.000000,0,0.004551,0.017720,1.524920,1.489480
trial03_direct,1,734,23.4880,0.398177,-0.101524,0.231643,-94.2813,-5.2048,71.951,66.533,0,0,0.000000,-0.000000,0.000000,GOAL,0.000000,-0.098481,0.000000,0,0.004551,0.017720,1.524920,1.489480
trial03_direct,1,735,23.5200,0.398105,-0.102486,0.230683,-94.3044,-5.2035,69.023,70.752,0,0,0.000000,-0.000000,0.000000,GOAL,0.000000,-0.073861,0.000000,0,0.004551,0.017720,1.524920,1.489480
trial03_direct,1,736,23.5520,0.398032,-0.103448,0.229722,-94.3274,-5.2022,69.951,64.924,0,0,0.000000,-0.000000,0.000000,GOAL,0.000000,-0.055396,0.000000,0,0.004551,0.017720,1.524920,1.489480
trial03_direct,1,737,23.5840,0.397959,-0.104410,0.228761,-94.3504,-5.2010,71.914,70.448,0,0,0.000000,-0.000000,0.000000,GOAL,0.000000,-0.041547,0.000000,0,0.004551,0.017720,1.524920,1.489480
trial03_direct,1,738,23.6160,0.397886,-0.105372,0.227801,-94.3734,-5.2000,65.221,71.462,0,0,0.000000,-0.000000,0.000000,GOAL,0.000000,-0.031160,0.000000,0,0.004551,0.017720,1.524920,1.489480
trial03_direct,1,739,23.6480,0.397812,-0.106333,0.226840,-94.3965,-5.1990,66.718,69.377,0,0,0.000000,-0.000000,0.000000,GOAL,0.000000,-0.023370,0.000000,0,0.004551,0.017720,1.524920,1.489480
trial03_direct,1,740,23.6800,0.397738,-0.107295,0.225880,-94.4195,-5.1981,66.701,71.387,0,0,0.000000,-0.000000,0.000000,GOAL,0.000000,-0.017528,0.000000,0,0.004551,0.017720,1.524920,1.489480
trial03_direct,1,741,23.7120,0.397663,-0.108257,0.224919,-94.4425,-5.1973,70.255,67.548,0,0,0.000000,-0.000000,0.000000,GOAL,0.000000,-0.013146,0.000000,0,0.004551,0.017720,1.524920,1.489480
trial03_direct,1,742,23.7440,0.397589,-0.109219,0.223958,-94.4655,-5.1966,69.346,66.095,0,0,0.000000,-0.000000,0.000000,GOAL,0.000000,-0.009859,0.000000,0,0.004551,0.017720,1.524920,1.489480
trial03_direct,1,743,23.7760,0.397513,-0.110180,0.222998,-94.4886,-5.1959,66.367,74.652,0,0,0.000000,-0.000000,0.000000,GOAL,0.000000,-0.007394,0.000000,0,0.004551,0.017720,1.524920,1.489480
trial03_direct,1,744,23.8080,0.397438,-0.111142,0.222037,-94.5116,-5.1954,67.809,64.942,0,0,0.000000,-0.000000,0.000000,GOAL,0.000000,-0.005546,0.000000,0,0.004551,0.017720,1.524920,1.489480
trial03_direct,1,745,23.8400,0.397362,-0.112104,0.221076,-94.5346,-5.1950,68.112,68.709,0,0,0.000000,-0.000000,0.000000,GOAL,0.000000,-0.004159,0.000000,0,0.004551,0.017720,1.524920,1.489480
trial03_direct,1,746,23.8720,0.397285,-0.113065,0.220116,-94.5576,-5.1947,68.744,68.349,0,0,0.000000,-0.000000,0.000000,GOAL,0.000000,-0.003120,0.000000,0,0.004551,0.017720,1.524920,1.489480
trial03_direct,1,747,23.9040,0.397208,-0.114027,0.219155,-94.5806,-5.1944,70.294,68.483,0,0,0.000000,-0.000000,0.000000,GOAL,0.000000,-0.002340,0.000000,0,0.004551,0.017720,1.524920,1.489480
trial03_direct,1,748,23.9360,0.397131,-0.114988,0.218194,-94.6037,-5.1943,71.464,73.202,0,0,0.000000,-0.000000,0.000000,GOAL,0.000000,-0.001755,0.000000,0,0.004551,0.017720,1.524920,1.489480
trial03_direct,1,749,23.9680,0.397053,-0.115950,0.217234,-94.6267,-5.1942,68.525,68.427,0,0,0.000000,-0.000000,0.000000,GOAL,0.000000,-0.001316,0.000000,0,0.004551,0.017720,1.524920,1.489480
trial03_direct,1,750,24.0000,0.396975,-0.116911,0.216273,-94.6497,-5.1943,69.628,67.551,0,0,0.000000,-0.000000,0.000000,GOAL,0.000000,-0.000987,0.000000,0,0.004551,0.017720,1.524920,1.489480
trial03_direct,1,751,24.0320,0.396897,-0.117873,0.215312,-94.6727,-5.1945,72.433,64.950,0,0,0.000000,-0.000000,0.000000,GOAL,0.000000,-0.000740,0.000000,0,0.004551,0.017720,1.524920,1.489480
trial03_direct,1,752,24.0640,0.396818,-0.118834,0.214352,-94.6958,-5.1947,73.725,70.999,0,0,0.000000,-0.000000,0.000000,GOAL,0.000000,-0.000555,0.000000,0,0.004551,0.017720,1.524920,1.489480
trial03_direct,1,753,24.0960,0.396739,-0.119795,0.213391,-94.7188,-5.1951,68.090,63.655,0,0,0.000000,-0.000000,0.000000,GOAL,0.000000,-0.000416,0.000000,0,0.004551,0.017720,1.524920,1.489480
trial03_direct,1,754,24.1280,0.396660,-0.120757,0.212431,-94.7418,-5.1956,65.671,69.273,0,0,0.000000,-0.000000,0.000000,GOAL,0.000000,-0.000312,0.000000,0,0.004551,0.017720,1.524920,1.489480
trial03_direct,1,755,24.1600,0.396580,-0.121718,0.211470,-94.7648,-5.1962,67.173,65.916,0,0,0.000000,-0.000000,0.000000,GOAL,0.000000,-0.000234,0.000000,0,0.004551,0.017720,1.524920,1.489480
trial03_direct,1,756,24.1920,0.396499,-0.122679,0.210509,-94.7879,-5.1969,67.114,70.100,0,0,0.000000,-0.000000,0.000000,GOAL,0.000000,-0.000176,0.000000,0,0.004551,0.017720,1.524920,1.489480
trial03_direct,1,757,24.2240,0.396419,-0.123640,0.209549,-94.8109,-5.1977,69.793,65.562,0,0,0.000000,-0.000000,0.000000,GOAL,0.000000,-0.000132,0.000000,0,0.004551,0.017720,1.524920,1.489480
trial03_direct,1,758,24.2560,0.396338,-0.124602,0.208588,-94.8339,-5.1986,71.451,66.062,0,0,0.000000,-0.000000,0.000000,GOAL,0.000000,-0.000099,0.000000,0,0.004551,0.017720,1.524920,1.489480
trial03_direct,1,759,24.2880,0.396256,-0.125563,0.207627,-94.8569,-5.1997,72.261,71.213,0,0,0.000000,-0.000000,0.000000,GOAL,0.000000,-0.000074,0.000000,0,0.004551,0.017720,1.524920,1.489480
trial03_direct,1,760,24.3200,0.396174,-0.126524,0.206667,-94.8800,-5.2008,69.197,67.802,0,0,0.000000,-0.000000,0.000000,GOAL,0.000000,-0.000056,0.000000,0,0.004551,0.017720,1.524920,1.489480
trial03_direct,1,761,24.3520,0.396092,-0.127485,0.205706,-94.9030,-5.2021,66.173,70.415,0,0,0.000000,-0.000000,0.000000,GOAL,0.000000,-0.000042,0.000000,0,0.004551,0.017720,1.524920,1.489480
trial03_direct,1,762,24.3840,0.396009,-0.128446,0.204745,-94.9260,-5.2035,68.753,70.026,0,0,0.000000,-0.000000,0.000000,GOAL,0.000000,-0.000031,0.000000,0,0.004551,0.017720,1.524920,1.489480
trial03_direct,1,763,24.4160,0.395926,-0.129407,0.203785,-94.9490,-5.2050,64.360,67.723,0,0,0.000000,-0.000000,0.000000,GOAL,0.000000,-0.000023,0.000000,0,0.004551,0.017720,1.524920,1.489480
trial03_direct,1,764,24.4480,0.395843,-0.130368,0.202824,-94.9721,-5.2067,67.815,74.441,0,0,0.000000,-0.000000,0.000000,GOAL,0.000000,-0.000018,0.000000,0,0.004551,0.017720,1.524920,1.489480
trial03_direct,1,765,24.4800,0.395759,-0.131329,0.201864,-94.9951,-5.2084,72.171,71.530,0,0,0.000000,-0.000000,0.000000,GOAL,0.000000,-0.000013,0.000000,0,0.004551,0.017720,1.524920,1.489480
trial03_direct,1,766,24.5120,0.395675,-0.132290,0.200903,-95.0181,-5.2103,68.974,69.210,0,0,0.000000,-0.000000,0.000000,GOAL,0.000000,-0.000010,0.000000,0,0.004551,0.017720,1.524920,1.489480
trial03_direct,1,767,24.5440,0.395591,-0.133251,0.199942,-95.0411,-5.2124,69.473,64.403,0,0,0.000000,-0.000000,0.000000,GOAL,0.000000,-0.000007,0.000000,0,0.004551,0.017720,1.524920,1.489480
trial03_direct,1,768,24.5760,0.395506,-0.134212,0.198982,-95.0642,-5.2145,71.360,65.931,0,0,0.000000,-0.000000,0.000000,GOAL,0.000000,-0.000006,0.000000,0,0.004551,0.017720,1.524920,1.489480
trial03_direct,1,769,24.6080,0.395420,-0.135173,0.198021,-95.0872,-5.2168,65.371,71.958,0,0,0.000000,-0.000000,0.000000,GOAL,0.000000,-0.000004,0.000000,0,0.004551,0.017720,1.524920,1.489480
trial03_direct,1,770,24.6400,0.395335,-0.136133,0.197060,-95.1102,-5.2192,72.262,67.017,0,0,0.000000,-0.000000,0.000000,GOAL,0.000000,-0.000003,0.000000,0,0.004551,0.017720,1.524920,1.489480
trial03_direct,1,771,24.6720,0.395248,-0.137094,0.196100,-95.1332,-5.2218,73.130,71.096,0,0,0.000000,-0.000000,0.000000,GOAL,0.000000,-0.000002,0.000000,0,0.004551,0.017720,1.524920,1.489480
trial03_direct,1,772,24.7040,0.395162,-0.138055,0.195139,-95.1563,-5.2245,68.354,70.485,0,0,0.000000,-0.000000,0.000000,GOAL,0.000000,-0.000002,0.000000,0,0.004551,0.017720,1.524920,1.489480
trial03_direct,1,773,24.7360,0.395075,-0.139015,0.194179,-95.1793,-5.2273,72.621,70.400,0,0,0.000000,-0.000000,0.000000,GOAL,0.000000,-0.000001,0.000000,0,0.004551,0.017720,1.524920,1.489480
trial03_direct,1,774,24.7680,0.394988,-0.139976,0.193218,-95.2023,-5.2303,68.149,66.675,0,0,0.000000,-0.000000,0.000000,GOAL,0.000000,-0.000001,0.000000,0,0.004551,0.017720,1.524920,1.489480
trial03_direct,1,775,24.8000,0.394900,-0.140937,0.192257,-95.2253,-5.2335,65.788,68.599,0,0,0.000000,-0.000000,0.000000,GOAL,0.000000,-0.000001,0.000000,0,0.004551,0.017720,1.524920,1.489480
trial03_direct,1,776,24.8320,0.394812,-0.141897,0.191297,-95.2484,-5.2367,69.205,71.252,0,0,0.000000,-0.000000,0.000000,GOAL,0.000000,-0.000001,0.000000,0,0.004551,0.017720,1.524920,1.489480
trial03_direct,1,777,24.8640,0.394724,-0.142858,0.190336,-95.2714,-5.2401,69.595,68.931,0,0,0.000000,-0.000000,0.000000,GOAL,0.000000,-0.000000,0.000000,0,0.004551,0.017720,1.524920,1.489480
trial03_direct,1,778,24.8960,0.394635,-0.143818,0.189376,-95.2944,-5.2437,68.660,68.928,0,0,0.000000,-0.000000,0.000000,GOAL,0.000000,-0.000000,0.000000,0,0.004551,0.017720,1.524920,1.489480
trial03_direct,1,779,24.9280,0.394546,-0.144779,0.188415,-95.3174,-5.2474,69.553,70.284,0,0,0.000000,-0.000000,0.000000,GOAL,0.000000,-0.000000,0.000000,0,0.004551,0.017720,1.524920,1.489480
trial03_direct,1,780,24.9600,0.394456,-0.145739,0.187455,-95.3405,-5.2513,68.794,68.764,0,0,0.000000,-0.000000,0.000000,GOAL,0.000000,-0.000000,0.000000,0,0.004551,0.017720,1.524920,1.489480
trial03_direct,1,781,24.9920,0.394366,-0.146700,0.186494,-95.3635,-5.2554,65.317,70.018,0,0,0.000000,-0.000000,0.000000,GOAL,0.000000,-0.000000,0.000000,0,0.004551,0.017720,1.524920,1.489480
trial03_direct,1,782,25.0240,0.394276,-0.147660,0.185533,-95.3865,-5.2596,72.231,70.159,0,0,0.000000,-0.000000,0.000000,GOAL,0.000000,-0.000000,0.000000,0,0.004551,0.017720,1.524920,1.489480
trial03_direct,1,783,25.0560,0.394185,-0.148620,0.184573,-95.4096,-5.2639,71.242,65.277,0,0,0.000000,-0.000000,0.000000,GOAL,0.000000,-0.000000,0.000000,0,0.004551,0.017720,1.524920,1.489480
trial03_direct,1,784,25.0880,0.394094,-0.149581,0.183612,-95.4326,-5.2685,68.800,68.607,0,0,0.000000,-0.000000,0.000000,GOAL,0.000000,-0.000000,0.000000,0,0.004551,0.017720,1.524920,1.489480
trial03_direct,1,785,25.1200,0.394002,-0.150541,0.182652,-95.4556,-5.2732,65.351,70.938,0,0,0.000000,-0.000000,0.000000,GOAL,0.000000,-0.000000,0.000000,0,0.004551,0.017720,1.524920,1.489480
trial03_direct,1,786,25.1520,0.393911,-0.151501,0.181691,-95.4786,-5.2780,66.376,71.602,0,0,0.000000,-0.000000,0.000000,GOAL,0.000000,-0.000000,0.000000,0,0.004551,0.017720,1.524920,1.489480
trial03_direct,1,787,25.1840,0.393818,-0.152461,0.180731,-95.5017,-5.2831,70.437,67.939,0,0,0.000000,-0.000000,0.000000,GOAL,0.000000,-0.000000,0.000000,0,0.004551,0.017720,1.524920,1.489480
trial03_direct,1,788,25.2160,0.393726,-0.153422,0.179770,-95.5247,-5.2883,61.987,67.500,0,0,0.000000,-0.000000,0.000000,GOAL,0.000000,-0.000000,0.000000,0,0.004551,0.017720,1.524920,1.489480
trial03_direct,1,789,25.2480,0.393633,-0.154382,0.178810,-95.5477,-5.2937,67.283,67.951,0,0,0.000000,-0.000000,0.000000,GOAL,0.000000,-0.000000,0.000000,0,0.004551,0.017720,1.524920,1.489480
trial03_direct,1,790,25.2800,0.393539,-0.155342,0.177849,-95.5707,-5.2993,72.797,70.354,0,0,0.000000,-0.000000,0.000000,GOAL,0.000000,-0.000000,0.000000,0,0.004551,0.017720,1.524920,1.489480
trial03_direct,1,791,25.3120,0.393445,-0.156302,0.176889,-95.5938,-5.3050,70.069,67.189,0,0,0.000000,-0.000000,0.000000,GOAL,0.000000,-0.000000,0.000000,0,0.004551,0.017720,1.524920,1.489480
trial03_direct,1,792,25.3440,0.393351,-0.157262,0.175928,-95.6168,-5.3110,70.199,65.141,0,0,0.000000,-0.000000,0.000000,GOAL,0.000000,-0.000000,0.000000,0,0.004551,0.017720,1.524920,1.489480
trial03_direct,1,793,25.3760,0.393257,-0.158222,0.174968,-95.6398,-5.3172,67.766,70.958,0,0,0.000000,-0.000000,0.000000,GOAL,0.000000,-0.000000,0.000000,0,0.004551,0.017720,1.524920,1.489480
trial03_direct,1,794,25.4080,0.393162,-0.159182,0.174007,-95.6629,-5.3235,70.723,72.090,0,0,0.000000,-0.000000,0.000000,GOAL,0.000000,-0.000000,0.000000,0,0.004551,0.017720,1.524920,1.489480
trial03_direct,1,795,25.4400,0.393066,-0.160142,0.173047,-95.6859,-5.3301,76.974,68.376,0,0,0.000000,-0.000000,0.000000,GOAL,0.000000,-0.000000,0.000000,0,0.004551,0.017720,1.524920,1.489480
trial03_direct,1,796,25.4720,0.392970,-0.161101,0.172087,-95.7089,-5.3368,69.373,74.684,0,0,0.000000,-0.000000,0.000000,GOAL,0.000000,-0.000000,0.000000,0,0.004551,0.017720,1.524920,1.489480
trial03_direct,1,797,25.5040,0.392874,-0.162061,0.171126,-95.7319,-5.3438,74.647,72.289,0,0,0.000000,-0.000000,0.000000,GOAL,0.000000,-0.000000,0.000000,0,0.004551,0.017720,1.524920,1.489480
trial03_direct,1,798,25.5360,0.392778,-0.163021,0.170166,-95.7550,-5.3509,71.492,72.687,0,0,0.000000,-0.000000,0.000000,GOAL,0.000000,-0.000000,0.000000,0,0.004551,0.017720,1.524920,1.489480
trial03_direct,1,799,25.5680,0.392681,-0.163981,0.169205,-95.7780,-5.3583,71.877,62.155,0,0,0.000000,-0.000000,0.000000,GOAL,0.000000,-0.000000,0.000000,0,0.004551,0.017720,1.524920,1.489480
trial03_direct,1,800,25.6000,0.392584,-0.164940,0.168245,-95.8010,-5.3659,67.058,61.959,0,0,0.000000,-0.000000,0.000000,GOAL,0.000000,-0.000000,0.000000,0,0.004551,0.017720,1.524920,1.489480
trial03_direct,1,801,25.6320,0.392486,-0.165900,0.167285,-95.8240,-5.3737,71.028,72.353,0,0,0.000000,-0.000000,0.000000,GOAL,0.000000,-0.000000,0.000000,0,0.004551,0.017720,1.524920,1.489480
trial03_direct,1,802,25.6640,0.392388,-0.166860,0.166324,-95.8471,-5.3817,70.597,68.981,0,0,0.000000,-0.000000,0.000000,GOAL,0.000000,-0.000000,0.000000,0,0.004551,0.017720,1.524920,1.489480
trial03_direct,1,803,25.6960,0.392289,-0.167819,0.165364,-95.8701,-5.3900,73.717,68.001,0,0,0.000000,-0.000000,0.000000,GOAL,0.000000,-0.000000,0.000000,0,0.004551,0.017720,1.524920,1.489480
trial03_direct,1,804,25.7280,0.392191,-0.168779,0.164404,-95.8931,-5.3985,66.865,70.053,0,0,0.000000,-0.000000,0.000000,GOAL,0.000000,-0.000000,0.000000,0,0.004551,0.017720,1.524920,1.489480
trial03_direct,1,805,25.7600,0.392091,-0.169738,0.163443,-95.9162,-5.4072,64.485,66.368,0,0,0.000000,-0.000000,0.000000,GOAL,0.000000,-0.000000,0.000000,0,0.004551,0.017720,1.524920,1.489480
trial03_direct,1,806,25.7920,0.391992,-0.170698,0.162483,-95.9392,-5.4161,70.027,70.279,0,0,0.000000,-0.000000,0.000000,GOAL,0.000000,-0.000000,0.000000,0,0.004551,0.017720,1.524920,1.489480
trial03_direct,1,807,25.8240,0.391892,-0.171657,0.161523,-95.9622,-5.4253,73.560,70.925,0,0,0.000000,-0.000000,0.000000,GOAL,0.000000,-0.000000,0.000000,0,0.004551,0.017720,1.524920,1.489480
trial03_direct,1,808,25.8560,0.391791,-0.172616,0.160562,-95.9852,-5.4348,68.835,66.043,0,0,0.000000,-0.000000,0.000000,GOAL,0.000000,-0.000000,0.000000,0,0.004551,0.017720,1.524920,1.489480
trial03_direct,1,809,25.8880,0.391691,-0.173576,0.159602,-96.0083,-5.4445,68.934,73.042,0,0,0.000000,-0.000000,0.000000,GOAL,0.000000,-0.000000,0.000000,0,0.004551,0.017720,1.524920,1.489480
trial03_direct,1,810,25.9200,0.391589,-0.174535,0.158642,-96.0313,-5.4544,68.196,70.102,0,0,0.000000,-0.000000,0.000000,GOAL,0.000000,-0.000000,0.000000,0,0.004551,0.017720,1.524920,1.489480
trial03_direct,1,811,25.9520,0.391488,-0.175494,0.157682,-96.0543,-5.4647,70.126,72.946,0,0,0.000000,-0.000000,0.000000,GOAL,0.000000,-0.000000,0.000000,0,0.004551,0.017720,1.524920,1.489480
trial03_direct,1,812,25.9840,0.391386,-0.176454,0.156721,-96.0774,-5.4751,63.128,68.720,0,0,0.000000,-0.000000,0.000000,GOAL,0.000000,-0.000000,0.000000,0,0.004551,0.017720,1.524920,1.489480
trial03_direct,1,813,26.0160,0.391284,-0.177413,0.155761,-96.1004,-5.4859,69.083,67.546,0,0,0.000000,-0.000000,0.000000,GOAL,0.000000,-0.000000,0.000000,0,0.004551,0.017720,1.524920,1.489480
trial03_direct,1,814,26.0480,0.391181,-0.178372,0.154801,-96.1234,-5.4969,69.646,66.405,0,0,0.000000,-0.000000,0.000000,GOAL,0.000000,-0.000000,0.000000,0,0.004551,0.017720,1.524920,1.489480
trial03_direct,1,815,26.0800,0.391078,-0.179331,0.153841,-96.1464,-5.5083,72.903,65.693,0,0,0.000000,-0.000000,0.000000,GOAL,0.000000,-0.000000,0.000000,0,0.004551,0.017720,1.524920,1.489480
trial03_direct,1,816,26.1120,0.390974,-0.180290,0.152881,-96.1695,-5.5199,68.071,72.135,0,0,0.000000,-0.000000,0.000000,GOAL,0.000000,-0.000000,0.000000,0,0.004551,0.017720,1.524920,1.489480
trial03_direct,1,817,26.1440,0.390871,-0.181249,0.151921,-96.1925,-5.5318,66.551,69.243,0,0,0.000000,-0.000000,0.000000,GOAL,0.000000,-0.000000,0.000000,0,0.004551,0.017720,1.524920,1.489480
trial03_direct,1,818,26.1760,0.390766,-0.182208,0.150961,-96.2155,-5.5440,66.955,74.963,0,0,0.000000,-0.000000,0.000000,GOAL,0.000000,-0.000000,0.000000,0,0.004551,0.017720,1.524920,1.489480
trial03_direct,1,819,26.2080,0.390662,-0.183167,0.150000,-96.2386,-5.5565,66.527,70.119,0,0,0.000000,-0.000000,0.000000,GOAL,0.000000,-0.000000,0.000000,0,0.004551,0.017720,1.524920,1.489480
trial03_direct,1,820,26.2400,0.390557,-0.184126,0.149040,-96.2616,-5.5693,66.759,70.469,0,0,0.000000,-0.000000,0.000000,GOAL,0.000000,-0.000000,0.000000,0,0.004551,0.017720,1.524920,1.489480
trial03_direct,1,821,26.2720,0.390451,-0.185085,0.148080,-96.2846,-5.5824,71.589,72.445,0,0,0.000000,-0.000000,0.000000,GOAL,0.000000,-0.000000,0.000000,0,0.004551,0.017720,1.524920,1.489480
trial03_direct,1,822,26.3040,0.390346,-0.186043,0.147120,-96.3076,-5.5958,69.710,69.002,0,0,0.000000,-0.000000,0.000000,GOAL,0.000000,-0.000000,0.000000,0,0.004551,0.017720,1.524920,1.489480
trial03_direct,1,823,26.3360,0.390239,-0.187002,0.146160,-96.3307,-5.6096,70.260,67.052,0,0,0.000000,-0.000000,0.000000,GOAL,0.000000,-0.000000,0.000000,0,0.004551,0.017720,1.524920,1.489480
trial03_direct,1,824,26.3680,0.390133,-0.187961,0.145200,-96.3537,-5.6237,68.633,72.061,0,0,0.000000,-0.000000,0.000000,GOAL,0.000000,-0.000000,0.000000,0,0.004551,0.017720,1.524920,1.489480
trial03_direct,1,825,26.4000,0.390026,-0.188919,0.144240,-96.3767,-5.6382,68.264,72.186,0,0,0.000000,-0.000000,0.000000,GOAL,0.000000,-0.000000,0.000000,0,0.004551,0.017720,1.524920,1.489480
trial03_direct,1,826,26.4320,0.389919,-0.189878,0.143280,-96.3998,-5.6530,67.648,71.296,0,0,0.000000,-0.000000,0.000000,GOAL,0.000000,-0.000000,0.000000,0,0.004551,0.017720,1.524920,1.489480
trial03_direct,1,827,26.4640,0.389811,-0.190837,0.142321,-96.4228,-5.6681,68.385,70.974,0,0,0.000000,-0.000000,0.000000,GOAL,0.000000,-0.000000,0.000000,0,0.004551,0.017720,1.524920,1.489480
trial03_direct,1,828,26.4960,0.389703,-0.191795,0.141361,-96.4458,-5.6836,69.684,71.292,0,0,0.000000,-0.000000,0.000000,GOAL,0.000000,-0.000000,0.000000,0,0.004551,0.017720,1.524920,1.489480
trial03_direct,1,829,26.5280,0.389594,-0.192754,0.140401,-96.4689,-5.6995,67.956,69.589,0,0,0.000000,-0.000000,0.000000,GOAL,0.000000,-0.000000,0.000000,0,0.004551,0.017720,1.524920,1.489480
trial03_direct,1,830,26.5600,0.389486,-0.193712,0.139441,-96.4919,-5.7158,73.556,71.113,0,0,0.000000,-0.000000,0.000000,GOAL,0.000000,-0.000000,0.000000,0,0.004551,0.017720,1.524920,1.489480
trial03_direct,1,831,26.5920,0.389376,-0.194671,0.138481,-96.5149,-5.7324,73.069,71.571,0,0,0.000000,-0.000000,0.000000,GOAL,0.000000,-0.000000,0.000000,0,0.004551,0.017720,1.524920,1.489480
trial03_direct,1,832,26.6240,0.389267,-0.195629,0.137521,-96.5379,-5.7494,70.640,67.540,0,0,0.000000,-0.000000,0.000000,GOAL,0.000000,-0.000000,0.000000,0,0.004551,0.017720,1.524920,1.489480
trial03_direct,1,833,26.6560,0.389157,-0.196587,0.136562,-96.5610,-5.7669,67.911,71.520,0,0,0.000000,-0.000000,0.000000,GOAL,0.000000,-0.000000,0.000000,0,0.004551,0.017720,1.524920,1.489480
trial03_direct,1,834,26.6880,0.389046,-0.197545,0.135602,-96.5840,-5.7847,71.190,66.124,0,0,0.000000,-0.000000,0.000000,GOAL,0.000000,-0.000000,0.000000,0,0.004551,0.017720,1.524920,1.489480
trial03_direct,1,835,26.7200,0.388935,-0.198504,0.134642,-96.6070,-5.8030,67.280,69.118,0,0,0.000000,-0.000000,0.000000,GOAL,0.000000,-0.000000,0.000000,0,0.004551,0.017720,1.524920,1.489480
trial03_direct,1,836,26.7520,0.388824,-0.199462,0.133683,-96.6301,-5.8217,69.093,69.717,0,0,0.000000,-0.000000,0.000000,GOAL,0.000000,-0.000000,0.000000,0,0.004551,0.017720,1.524920,1.489480
trial03_direct,1,837,26.7840,0.388713,-0.200420,0.132723,-96.6531,-5.8408,68.902,67.320,0,0,0.000000,-0.000000,0.000000,GOAL,0.000000,-0.000000,0.000000,0,0.004551,0.017720,1.524920,1.489480
trial03_direct,1,838,26.8160,0.388601,-0.201378,0.131763,-96.6761,-5.8604,67.458,70.186,0,0,0.000000,-0.000000,0.000000,GOAL,0.000000,-0.000000,0.000000,0,0.004551,0.017720,1.524920,1.489480
trial03_direct,1,839,26.8480,0.388488,-0.202336,0.130804,-96.6992,-5.8804,69.350,70.391,0,0,0.000000,-0.000000,0.000000,GOAL,0.000000,-0.000000,0.000000,0,0.004551,0.017720,1.524920,1.489480
trial03_direct,1,840,26.8800,0.388376,-0.203294,0.129844,-96.7222,-5.9009,72.375,65.642,0,0,0.000000,-0.000000,0.000000,GOAL,0.000000,-0.000000,0.000000,0,0.004551,0.017720,1.524920,1.489480
trial03_direct,1,841,26.9120,0.388263,-0.204252,0.128885,-96.7452,-5.9219,72.555,68.862,0,0,0.000000,-0.000000,0.000000,GOAL,0.000000,-0.000000,0.000000,0,0.004551,0.017720,1.524920,1.489480
trial03_direct,1,842,26.9440,0.388149,-0.205210,0.127925,-96.7682,-5.9433,66.814,68.976,0,0,0.000000,-0.000000,0.000000,GOAL,0.000000,-0.000000,0.000000,0,0.004551,0.017720,1.524920,1.489480
trial03_direct,1,843,26.9760,0.388035,-0.206168,0.126966,-96.7913,-5.9653,69.619,71.822,0,0,0.000000,-0.000000,0.000000,GOAL,0.000000,-0.000000,0.000000,0,0.004551,0.017720,1.524920,1.489480
trial03_direct,1,844,27.0080,0.387921,-0.207126,0.126007,-96.8143,-5.9878,66.377,73.462,0,0,0.000000,-0.000000,0.000000,GOAL,0.000000,-0.000000,0.000000,0,0.004551,0.017720,1.524920,1.489480
trial03_direct,1,845,27.0400,0.387806,-0.208083,0.125047,-96.8373,-6.0108,72.145,65.618,0,0,0.000000,-0.000000,0.000000,GOAL,0.000000,-0.000000,0.000000,0,0.004551,0.017720,1.524920,1.489480
trial03_direct,1,846,27.0720,0.387691,-0.209041,0.124088,-96.8604,-6.0343,67.892,68.033,0,0,0.000000,-0.000000,0.000000,GOAL,0.000000,-0.000000,0.000000,0,0.004551,0.017720,1.524920,1.489480
trial03_direct,1,847,27.1040,0.387576,-0.209999,0.123129,-96.8834,-6.0584,70.070,69.223,0,0,0.000000,-0.000000,0.000000,GOAL,0.000000,-0.000000,0.000000,0,0.004551,0.017720,1.524920,1.489480
trial03_direct,1,848,27.1360,0.387460,-0.210956,0.122170,-96.9064,-6.0830,69.753,71.781,0,0,0.000000,-0.000000,0.000000,GOAL,0.000000,-0.000000,0.000000,0,0.004551,0.017720,1.524920,1.489480
trial03_direct,1,849,27.1680,0.387344,-0.211914,0.121210,-96.9295,-6.1082,71.755,74.009,0,0,0.000000,-0.000000,0.000000,GOAL,0.000000,-0.000000,0.000000,0,0.004551,0.017720,1.524920,1.489480
trial03_direct,1,850,27.2000,0.387227,-0.212872,0.120251,-96.9525,-6.1340,65.599,75.725,0,0,0.000000,-0.000000,0.000000,GOAL,0.000000,-0.000000,0.000000,0,0.004551,0.017720,1.524920,1.489480
trial03_direct,1,851,27.2320,0.387111,-0.213829,0.119292,-96.9755,-6.1604,68.281,73.529,0,0,0.000000,-0.000000,0.000000,GOAL,0.000000,-0.000000,0.000000,0,0.004551,0.017720,1.524920,1.489480
trial03_direct,1,852,27.2640,0.386993,-0.214787,0.118333,-96.9986,-6.1874,65.711,70.304,0,0,0.000000,-0.000000,0.000000,GOAL,0.000000,-0.000000,0.000000,0,0.004551,0.017720,1.524920,1.489480
trial03_direct,1,853,27.2960,0.386875,-0.215744,0.117374,-97.0216,-6.2150,66.575,68.014,0,0,0.000000,-0.000000,0.000000,GOAL,0.000000,-0.000000,0.000000,0,0.004551,0.017720,1.524920,1.489480
trial03_direct,1,854,27.3280,0.386757,-0.216701,0.116415,-97.0446,-6.2433,68.030,70.883,0,0,0.000000,-0.000000,0.000000,GOAL,0.000000,-0.000000,0.000000,0,0.004551,0.017720,1.524920,1.489480
trial03_direct,1,855,27.3600,0.386639,-0.217659,0.115457,-97.0677,-6.2722,65.750,69.070,0,0,0.000000,-0.000000,0.000000,GOAL,0.000000,-0.000000,0.000000,0,0.004551,0.017720,1.524920,1.489480
trial03_direct,1,856,27.3920,0.386520,-0.218616,0.114498,-97.0907,-6.3018,74.237,69.989,0,0,0.000000,-0.000000,0.000000,GOAL,0.000000,-0.000000,0.000000,0,0.004551,0.017720,1.524920,1.489480
trial03_direct,1,857,27.4240,0.386401,-0.219573,0.113539,-97.1137,-6.3321,68.994,66.988,0,0,0.000000,-0.000000,0.000000,GOAL,0.000000,-0.000000,0.000000,0,0.004551,0.017720,1.524920,1.489480
trial03_direct,1,858,27.4560,0.386281,-0.220530,0.112580,-97.1367,-6.3631,69.552,74.239,0,0,0.000000,-0.000000,0.000000,GOAL,0.000000,-0.000000,0.000000,0,0.004551,0.017720,1.524920,1.489480
trial03_direct,1,859,27.4880,0.386161,-0.221487,0.111622,-97.1598,-6.3949,65.100,69.223,0,0,0.000000,-0.000000,0.000000,GOAL,0.000000,-0.000000,0.000000,0,0.004551,0.017720,1.524920,1.489480
trial03_direct,1,860,27.5200,0.386041,-0.222444,0.110663,-97.1828,-6.4274,69.899,68.542,0,0,0.000000,-0.000000,0.000000,GOAL,0.000000,-0.000000,0.000000,0,0.004551,0.017720,1.524920,1.489480
trial03_direct,1,861,27.5520,0.385920,-0.223401,0.109705,-97.2058,-6.4606,68.831,67.453,0,0,0.000000,-0.000000,0.000000,GOAL,0.000000,-0.000000,0.000000,0,0.004551,0.017720,1.524920,1.489480
trial03_direct,1,862,27.5840,0.385799,-0.224358,0.108746,-97.2289,-6.4947,68.024,70.877,0,0,0.000000,-0.000000,0.000000,GOAL,0.000000,-0.000000,0.000000,0,0.004551,0.017720,1.524920,1.489480
trial03_direct,1,863,27.6160,0.385677,-0.225315,0.107788,-97.2519,-6.5296,71.106,68.175,0,0,0.000000,-0.000000,0.000000,GOAL,0.000000,-0.000000,0.000000,0,0.004551,0.017720,1.524920,1.489480
trial03_direct,1,864,27.6480,0.385555,-0.226272,0.106829,-97.2749,-6.5653,72.094,69.358,0,0,0.000000,-0.000000,0.000000,GOAL,0.000000,-0.000000,0.000000,0,0.004551,0.017720,1.524920,1.489480
trial03_direct,1,865,27.6800,0.385433,-0.227229,0.105871,-97.2980,-6.6018,70.830,70.880,0,0,0.000000,-0.000000,0.000000,GOAL,0.000000,-0.000000,0.000000,0,0.004551,0.017720,1.524920,1.489480
trial03_direct,1,866,27.7120,0.385310,-0.228186,0.104913,-97.3210,-6.6393,69.932,69.886,0,0,0.000000,-0.000000,0.000000,GOAL,0.000000,-0.000000,0.000000,0,0.004551,0.017720,1.524920,1.489480
trial03_direct,1,867,27.7440,0.385187,-0.229142,0.103955,-97.3440,-6.6776,67.439,71.238,0,0,0.000000,-0.000000,0.000000,GOAL,0.000000,-0.000000,0.000000,0,0.004551,0.017720,1.524920,1.489480
trial03_direct,1,868,27.7760,0.385064,-0.230099,0.102997,-97.3671,-6.7169,66.677,74.603,0,0,0.000000,-0.000000,0.000000,GOAL,0.000000,-0.000000,0.000000,0,0.004551,0.017720,1.524920,1.489480
trial03_direct,1,869,27.8080,0.384940,-0.231056,0.102039,-97.3901,-6.7571,68.597,68.977,0,0,0.000000,-0.000000,0.000000,GOAL,0.000000,-0.000000,0.000000,0,0.004551,0.017720,1.524920,1.489480
trial03_direct,1,870,27.8400,0.384815,-0.232012,0.101081,-97.4131,-6.7983,71.081,69.507,0,0,0.000000,-0.000000,0.000000,GOAL,0.000000,-0.000000,0.000000,0,0.004551,0.017720,1.524920,1.489480
trial03_direct,1,871,27.8720,0.384691,-0.232969,0.100123,-97.4362,-6.8405,65.611,71.233,0,0,0.000000,-0.000000,0.000000,GOAL,0.000000,-0.000000,0.000000,0,0.004551,0.017720,1.524920,1.489480
trial03_direct,1,872,27.9040,0.384566,-0.233925,0.099166,-97.4592,-6.8837,70.538,62.592,0,0,0.000000,-0.000000,0.000000,GOAL,0.000000,-0.000000,0.000000,0,0.004551,0.017720,1.524920,1.489480
trial03_direct,1,873,27.9360,0.384440,-0.234882,0.098208,-97.4822,-6.9280,70.114,69.361,0,0,0.000000,-0.000000,0.000000,GOAL,0.000000,-0.000000,0.000000,0,0.004551,0.017720,1.524920,1.489480
trial03_direct,1,874,27.9680,0.384315,-0.235838,0.097250,-97.5053,-6.9735,65.569,64.106,0,0,0.000000,-0.000000,0.000000,GOAL,0.000000,-0.000000,0.000000,0,0.004551,0.017720,1.524920,1.489480
trial03_direct,1,875,28.0000,0.384188,-0.236794,0.096293,-97.5283,-7.0200,69.243,69.197,0,0,0.000000,-0.000000,0.000000,GOAL,0.000000,-0.000000,0.000000,0,0.004551,0.017720,1.524920,1.489480
trial03_direct,1,876,28.0320,0.384062,-0.237751,0.095336,-97.5513,-7.0677,73.271,63.543,0,0,0.000000,-0.000000,0.000000,GOAL,0.000000,-0.000000,0.000000,0,0.004551,0.017720,1.524920,1.489480
trial03_direct,1,877,28.0640,0.383935,-0.238707,0.094379,-97.5744,-7.1166,71.597,68.211,0,0,0.000000,-0.000000,0.000000,GOAL,0.000000,-0.000000,0.000000,0,0.004551,0.017720,1.524920,1.489480
trial03_direct,1,878,28.0960,0.383808,-0.239663,0.093421,-97.5974,-7.1668,73.192,66.776,0,0,0.000000,-0.000000,0.000000,GOAL,0.000000,-0.000000,0.000000,0,0.004551,0.017720,1.524920,1.489480
trial03_direct,1,879,28.1280,0.383680,-0.240619,0.092464,-97.6204,-7.2182,68.869,67.982,0,0,0.000000,-0.000000,0.000000,GOAL,0.000000,-0.000000,0.000000,0,0.004551,0.017720,1.524920,1.489480
trial03_direct,1,880,28.1600,0.383552,-0.241575,0.091507,-97.6435,-7.2709,66.690,65.777,0,0,0.000000,-0.000000,0.000000,GOAL,0.000000,-0.000000,0.000000,0,0.004551,0.017720,1.524920,1.489480
trial03_direct,1,881,28.1920,0.383423,-0.242531,0.090551,-97.6665,-7.3250,67.542,71.156,0,0,0.000000,-0.000000,0.000000,GOAL,0.000000,-0.000000,0.000000,0,0.004551,0.017720,1.524920,1.489480
trial03_direct,1,882,28.2240,0.383294,-0.243487,0.089594,-97.6895,-7.3805,70.942,72.750,0,0,0.000000,-0.000000,0.000000,GOAL,0.000000,-0.000000,0.000000,0,0.004551,0.017720,1.524920,1.489480
trial03_direct,1,883,28.2560,0.383165,-0.244443,0.088637,-97.7126,-7.4375,66.849,67.474,0,0,0.000000,-0.000000,0.000000,GOAL,0.000000,-0.000000,0.000000,0,0.004551,0.017720,1.524920,1.489480
trial03_direct,1,884,28.2880,0.383036,-0.245399,0.087681,-97.7356,-7.4959,66.848,71.015,0,0,0.000000,-0.000000,0.000000,GOAL,0.000000,-0.000000,0.000000,0,0.004551,0.017720,1.524920,1.489480
trial03_direct,1,885,28.3200,0.382906,-0.246355,0.086725,-97.7586,-7.5559,76.239,68.575,0,0,0.000000,-0.000000,0.000000,GOAL,0.000000,-0.000000,0.000000,0,0.004551,0.017720,1.524920,1.489480
trial03_direct,1,886,28.3520,0.382775,-0.247311,0.085769,-97.7817,-7.6175,68.328,71.159,0,0,0.000000,-0.000000,0.000000,GOAL,0.000000,-0.000000,0.000000,0,0.004551,0.017720,1.524920,1.489480
trial03_direct,1,887,28.3840,0.382644,-0.248266,0.084813,-97.8047,-7.6807,68.946,68.144,0,0,0.000000,-0.000000,0.000000,GOAL,0.000000,-0.000000,0.000000,0,0.004551,0.017720,1.524920,1.489480
trial03_direct,1,888,28.4160,0.382513,-0.249222,0.083857,-97.8277,-7.7456,68.098,70.906,0,0,0.000000,-0.000000,0.000000,GOAL,0.000000,-0.000000,0.000000,0,0.004551,0.017720,1.524920,1.489480
trial03_direct,1,889,28.4480,0.382382,-0.250178,0.082901,-97.8508,-7.8123,69.672,76.041,0,0,0.000000,-0.000000,0.000000,GOAL,0.000000,-0.000000,0.000000,0,0.004551,0.017720,1.524920,1.489480
trial03_direct,1,890,28.4800,0.382250,-0.251133,0.081945,-97.8738,-7.8808,66.805,65.135,0,0,0.000000,-0.000000,0.000000,GOAL,0.000000,-0.000000,0.000000,0,0.004551,0.017720,1.524920,1.489480
trial03_direct,1,891,28.5120,0.382117,-0.252089,0.080990,-97.8968,-7.9512,65.113,69.257,0,0,0.000000,-0.000000,0.000000,GOAL,0.000000,-0.000000,0.000000,0,0.004551,0.017720,1.524920,1.489480
trial03_direct,1,892,28.5440,0.381985,-0.253044,0.080035,-97.9199,-8.0236,64.369,70.225,0,0,0.000000,-0.000000,0.000000,GOAL,0.000000,-0.000000,0.000000,0,0.246313,0.959045,1.760251,1.254149
trial03_direct,1,893,28.5760,0.381852,-0.253999,0.079080,-98.2457,-7.7952,65.978,65.183,0,0,0.000000,-0.000000,0.000000,GOAL,0.000000,-0.000000,0.000000,0,0.004551,0.017720,1.701418,1.312982
trial03_direct,1,894,28.6080,0.381713,-0.254954,0.078124,-98.4962,-7.6402,71.188,68.584,0,0,0.000000,-0.000000,0.000000,GOAL,0.000000,-0.000000,0.000000,0,0.004551,0.017720,1.657294,1.357106
trial03_direct,1,895,28.6400,0.381569,-0.255908,0.077168,-98.6900,-7.5409,72.088,65.509,0,0,0.000000,-0.000000,0.000000,GOAL,0.000000,-0.000000,0.000000,0,0.004551,0.017720,1.624200,1.390200
trial03_direct,1,896,28.6720,0.381422,-0.256861,0.076211,-98.8413,-7.4841,70.511,71.353,0,0,0.000000,-0.000000,0.000000,GOAL,0.000000,-0.000000,0.000000,0,0.004551,0.017720,1.599380,1.415020
trial03_direct,1,897,28.7040,0.381273,-0.257814,0.075255,-98.9605,-7.4597,69.219,69.021,0,0,0.000000,-0.000000,0.000000,GOAL,0.000000,-0.000000,0.000000,0,0.004551,0.017720,1.580765,1.433635
trial03_direct,1,898,28.7360,0.381122,-0.258767,0.074298,-99.0557,-7.4603,71.029,66.964,0,0,0.000000,-0.000000,0.000000,GOAL,0.000000,-0.000000,0.000000,0,0.004551,0.017720,1.566804,1.447596
trial03_direct,1,899,28.7680,0.380969,-0.259720,0.073342,-99.1328,-7.4802,68.674,70.089,0,0,0.000000,-0.000000,0.000000,GOAL,0.000000,-0.000000,0.000000,0,0.004551,0.017720,1.556333,1.458067
trial03_direct,1,900,28.8000,0.380815,-0.260672,0.072385,-99.1963,-7.5153,70.086,67.779,0,0,0.000000,-0.000000,0.000000,GOAL,0.000000,-0.000000,0.000000,0,0.004551,0.017720,1.548480,1.465920
trial03_direct,1,901,28.8320,0.380660,-0.261624,0.071429,-99.2497,-7.5625,71.551,67.915,0,0,0.000000,-0.000000,0.000000,GOAL,0.000000,-0.000000,0.000000,0,0.004551,0.017720,1.542590,1.471810
trial03_direct,1,902,28.8640,0.380504,-0.262576,0.070473,-99.2954,-7.6194,66.718,66.545,0,0,0.000000,-0.000000,0.000000,GOAL,0.000000,-0.000000,0.000000,0,0.004551,0.017720,1.538172,1.476228
trial03_direct,1,903,28.8960,0.380348,-0.263528,0.069517,-99.3354,-7.6843,67.062,74.006,0,0,0.000000,-0.000000,0.000000,GOAL,0.000000,-0.000000,0.000000,0,0.004551,0.017720,1.534859,1.479541
trial03_direct,1,904,28.9280,0.380191,-0.264479,0.068561,-99.3711,-7.7559,66.421,67.352,0,0,0.000000,-0.000000,0.000000,GOAL,0.000000,-0.000000,0.000000,0,0.004551,0.017720,1.532374,1.482026
trial03_direct,1,905,28.9600,0.380033,-0.265431,0.067605,-99.4036,-7.8333,70.403,64.614,0,0,0.000000,-0.000000,0.000000,GOAL,0.000000,-0.000000,0.000000,0,0.004551,0.017720,1.530511,1.483889
trial03_direct,1,906,28.9920,0.379875,-0.266383,0.066650,-99.4336,-7.9158,70.593,70.501,0,0,0.000000,-0.000000,0.000000,GOAL,0.000000,-0.000000,0.000000,0,0.004551,0.017720,1.529113,1.485287
trial03_direct,1,907,29.0240,0.379716,-0.267334,0.065694,-99.4619,-8.0031,69.536,65.707,0,0,0.000000,-0.000000,0.000000,GOAL,0.000000,-0.000000,0.000000,0,0.246313,0.959045,1.763396,1.251004
trial03_direct,1,908,29.0560,0.379557,-0.268285,0.064739,-99.7916,-7.7918,69.230,62.547,0,0,0.000000,-0.000000,0.000000,GOAL,0.000000,-0.000000,0.000000,0,0.004551,0.017720,1.703777,1.310623
trial03_direct,1,909,29.0880,0.379392,-0.269236,0.063784,-100.0450,-7.6551,69.079,72.203,0,0,0.000000,-0.000000,0.000000,GOAL,0.000000,-0.000000,0.000000,0,0.004551,0.017720,1.659063,1.355337
trial03_direct,1,910,29.1200,0.379223,-0.270186,0.062827,-100.2409,-7.5753,67.480,64.275,0,0,0.000000,-0.000000,0.000000,GOAL,0.000000,-0.000000,0.000000,0,0.004551,0.017720,1.625527,1.388873
trial03_direct,1,911,29.1520,0.379050,-0.271135,0.061871,-100.3938,-7.5391,66.612,73.546,0,0,0.000000,-0.000000,0.000000,GOAL,0.000000,-0.000000,0.000000,0,0.004551,0.017720,1.600375,1.414025
trial03_direct,1,912,29.1840,0.378875,-0.272083,0.060915,-100.5142,-7.5366,72.949,67.539,0,0,0.000000,-0.000000,0.000000,GOAL,0.000000,-0.000000,0.000000,0,0.004551,0.017720,1.581512,1.432888
trial03_direct,1,913,29.2160,0.378698,-0.273031,0.059959,-100.6102,-7.5603,65.327,70.296,0,0,0.000000,-0.000000,0.000000,GOAL,0.000000,-0.000000,0.000000,0,0.004551,0.017720,1.567364,1.447036
trial03_direct,1,914,29.2480,0.378519,-0.273979,0.059002,-100.6880,-7.6047,72.124,74.254,0,0,0.000000,-0.000000,0.000000,GOAL,0.000000,-0.000000,0.000000,0,0.004551,0.017720,1.556753,1.457647
trial03_direct,1,915,29.2800,0.378339,-0.274927,0.058046,-100.7520,-7.6658,68.290,69.894,0,0,0.000000,-0.000000,0.000000,GOAL,0.000000,-0.000000,0.000000,0,0.004551,0.017720,1.548795,1.465605
trial03_direct,1,916,29.3120,0.378158,-0.275875,0.057090,-100.8057,-7.7403,68.239,67.571,0,0,0.000000,-0.000000,0.000000,GOAL,0.000000,-0.000000,0.000000,0,0.004551,0.017720,1.542826,1.471574
trial03_direct,1,917,29.3440,0.377977,-0.276822,0.056134,-100.8516,-7.8262,69.166,69.761,0,0,0.000000,-0.000000,0.000000,GOAL,0.000000,-0.000000,0.000000,0,0.004551,0.017720,1.538349,1.476051
trial03_direct,1,918,29.3760,0.377795,-0.277769,0.055179,-100.8918,-7.9217,67.232,68.252,0,0,0.000000,-0.000000,0.000000,GOAL,0.000000,-0.000000,0.000000,0,0.004551,0.017720,1.534992,1.479408
trial03_direct,1,919,29.4080,0.377612,-0.278716,0.054224,-100.9276,-8.0257,70.338,66.515,0,0,0.000000,-0.000000,0.000000,GOAL,0.000000,-0.000000,0.000000,0,0.246313,0.959045,1.767805,1.246595
trial03_direct,1,920,29.4400,0.377428,-0.279663,0.053269,-101.2630,-7.8347,71.164,65.809,0,0,0.000000,-0.000000,0.000000,GOAL,0.000000,-0.000000,0.000000,0,0.020802,0.080994,1.722902,1.291498
trial03_direct,1,921,29.4720,0.377239,-0.280609,0.052313,-101.5409,-7.6998,69.267,65.313,0,0,0.000000,-0.000000,0.000000,GOAL,0.000000,-0.000000,0.000000,0,0.020802,0.080994,1.689225,1.325175
trial03_direct,1,922,29.5040,0.377045,-0.281554,0.051357,-101.7757,-7.6080,68.382,68.340,0,0,0.000000,-0.000000,0.000000,GOAL,0.000000,-0.000000,0.000000,0,0.020802,0.080994,1.663968,1.350432
trial03_direct,1,923,29.5360,0.376847,-0.282498,0.050401,-101.9780,-7.5494,65.464,69.620,0,0,0.000000,-0.000000,0.000000,GOAL,0.000000,-0.000000,0.000000,0,0.020802,0.080994,1.645024,1.369376
trial03_direct,1,924,29.5680,0.376645,-0.283442,0.049444,-102.1558,-7.5168,72.448,71.487,0,0,0.000000,-0.000000,0.000000,GOAL,0.000000,-0.000000,0.000000,0,0.020802,0.080994,1.630817,1.383583
trial03_direct,1,925,29.6000,0.376441,-0.284384,0.048488,-102.3154,-7.5047,68.805,69.414,0,0,0.000000,-0.000000,0.000000,GOAL,0.000000,-0.000000,0.000000,0,0.020802,0.080994,1.620161,1.394239
trial03_direct,1,926,29.6320,0.376234,-0.285326,0.047532,-102.4611,-7.5092,73.500,68.703,0,0,0.000000,-0.000000,0.000000,GOAL,0.000000,-0.000000,0.000000,0,0.020802,0.080994,1.612169,1.402231
trial03_direct,1,927,29.6640,0.376024,-0.286268,0.046575,-102.5965,-7.5272,68.749,69.225,0,0,0.000000,-0.000000,0.000000,GOAL,0.000000,-0.000000,0.000000,0,0.020802,0.080994,1.606175,1.408225
trial03_direct,1,928,29.6960,0.375813,-0.287209,0.045619,-102.7242,-7.5567,65.428,69.371,0,0,0.000000,-0.000000,0.000000,GOAL,0.000000,-0.000000,0.000000,0,0.020802,0.080994,1.601680,1.412720
trial03_direct,1,929,29.7280,0.375599,-0.288150,0.044663,-102.8460,-7.5961,68.954,68.661,0,0,0.000000,-0.000000,0.000000,GOAL,0.000000,-0.000000,0.000000,0,0.020802,0.080994,1.598309,1.416091
trial03_direct,1,930,29.7600,0.375383,-0.289090,0.043707,-102.9634,-7.6443,67.880,67.857,0,0,0.000000,-0.000000,0.000000,GOAL,0.000000,-0.000000,0.000000,0,0.020802,0.080994,1.595780,1.418620
trial03_direct,1,931,29.7920,0.375166,-0.290030,0.042751,-103.0776,-7.7006,67.920,67.401,0,0,0.000000,-0.000000,0.000000,GOAL,0.000000,-0.000000,0.000000,0,0.020802,0.080994,1.593883,1.420517
trial03_direct,1,932,29.8240,0.374946,-0.290969,0.041795,-103.1892,-7.7646,68.893,73.174,0,0,0.000000,-0.000000,0.000000,GOAL,0.000000,-0.000000,0.000000,0,0.020802,0.080994,1.592461,1.421939
trial03_direct,1,933,29.8560,0.374725,-0.291908,0.040839,-103.2991,-7.8361,69.806,71.471,0,0,0.000000,-0.000000,0.000000,GOAL,0.000000,-0.000000,0.000000,0,0.020802,0.080994,1.591394,1.423006
trial03_direct,1,934,29.8880,0.374502,-0.292847,0.039884,-103.4076,-7.9151,68.128,69.645,0,0,0.000000,-0.000000,0.000000,GOAL,0.000000,-0.000000,0.000000,0,0.020802,0.080994,1.590594,1.423806
trial03_direct,1,935,29.9200,0.374278,-0.293785,0.038928,-103.5150,-8.0017,67.710,67.221,0,0,0.000000,-0.000000,0.000000,GOAL,0.000000,-0.000000,0.000000,0,0.235573,0.917228,1.799053,1.215347
trial03_direct,1,936,29.9520,0.374051,-0.294722,0.037973,-103.8907,-7.8271,70.295,65.917,0,0,0.000000,-0.000000,0.000000,GOAL,0.000000,-0.000000,0.000000,0,0.020802,0.080994,1.746338,1.268062
trial03_direct,1,937,29.9840,0.373818,-0.295658,0.037017,-104.1988,-7.7201,70.730,65.116,0,0,0.000000,-0.000000,0.000000,GOAL,0.000000,-0.000000,0.000000,0,0.020802,0.080994,1.706802,1.307598
trial03_direct,1,938,30.0160,0.373580,-0.296593,0.036061,-104.4563,-7.6659,70.668,68.351,0,0,0.000000,-0.000000,0.000000,GOAL,0.000000,-0.000000,0.000000,0,0.020802,0.080994,1.677150,1.337250
trial03_direct,1,939,30.0480,0.373338,-0.297527,0.035105,-104.6755,-7.6538,69.137,74.379,0,0,0.000000,-0.000000,0.000000,GOAL,0.000000,-0.000000,0.000000,0,0.020802,0.080994,1.654911,1.359489
trial03_direct,2,1,0.0320,0.310000,0.340000,0.671863,-38.7000,-47.0321,64.525,65.207,0,0,0.000000,0.000000,0.000000,GOAL,0.000000,0.000000,0.000000,0,0.246313,0.959045,0.443861,-0.035661
trial03_direct,2,2,0.0640,0.310102,0.339918,0.671774,-39.0087,-46.7315,65.242,68.917,0,0,0.000000,0.000000,0.000000,GOAL,0.000000,0.000000,0.000000,0,0.246313,0.959045,0.776757,-0.062407
trial03_direct,2,3,0.0960,0.310279,0.339774,0.671617,-39.5488,-46.2056,72.693,67.502,0,0,0.000000,0.000000,0.000000,GOAL,0.000000,0.000000,0.000000,0,0.246313,0.959045,1.026429,-0.082467
trial03_direct,2,4,0.1280,0.310512,0.339581,0.671407,-40.2626,-45.5104,74.013,68.210,0,0,0.000000,0.000000,0.000000,GOAL,0.000000,0.000000,0.000000,0,0.246313,0.959045,1.213683,-0.097511
trial03_direct,2,5,0.1600,0.310783,0.339349,0.671156,-41.1068,-44.6879,68.244,70.613,0,0,0.000000,0.000000,0.000000,GOAL,0.000000,0.000000,0.000000,0,0.246313,0.959045,1.354124,-0.108795
trial03_direct,2,6,0.1920,0.311083,0.339085,0.670871,-42.0491,-43.7694,69.121,66.980,0,0,0.000000,0.000000,0.000000,GOAL,0.000000,0.000000,0.000000,0,0.246313,0.959045,1.459454,-0.117257
trial03_direct,2,7,0.2240,0.311401,0.338796,0.670559,-43.0650,-42.7788,67.434,69.279,0,0,0.000000,0.000000,0.000000,GOAL,0.000000,0.000000,0.000000,0,0.246313,0.959045,1.538452,-0.123604
trial03_direct,2,8,0.2560,0.311730,0.338484,0.670225,-44.1362,-41.7337,62.748,73.023,0,0,0.000000,0.000000,0.000000,GOAL,0.000000,0.000000,0.000000,0,0.246313,0.959045,1.597700,-0.128364
trial03_direct,2,9,0.2880,0.312065,0.338154,0.669871,-45.2490,-40.6475,66.769,70.432,0,0,0.000000,0.000000,0.000000,GOAL,0.000000,0.000000,0.000000,0,0.246313,0.959045,1.642136,-0.131935
trial03_direct,2,10,0.3200,0.312403,0.337808,0.669502,-46.3930,-39.5303,71.126,66.923,0,0,0.000000,0.000000,0.000000,GOAL,0.000000,0.000000,0.000000,0,0.246313,0.959045,1.675464,-0.134612
trial03_direct,2,11,0.3520,0.312741,0.337447,0.669118,-47.5603,-38.3896,70.389,67.835,0,0,0.000000,0.000000,0.000000,GOAL,0.000000,0.000000,0.000000,0,0.246313,0.959045,1.700459,-0.136620
trial03_direct,2,12,0.3840,0.313077,0.337074,0.668722,-48.7450,-37.2313,67.873,66.733,0,0,0.000000,0.000000,0.000000,GOAL,0.000000,0.000000,0.000000,0,0.246313,0.959045,1.719205,-0.138127
trial03_direct,2,13,0.4160,0.313408,0.336690,0.668316,-49.9429,-36.0595,68.040,74.089,0,0,0.000000,0.000000,0.000000,GOAL,0.000000,0.000000,0.000000,0,0.246313,0.959045,1.733265,-0.139256
trial03_direct,2,14,0.4480,0.313734,0.336296,0.667900,-51.1504,-34.8775,71.034,66.608,0,0,0.000000,0.000000,0.000000,GOAL,0.000000,0.000000,0.000000,0,0.246313,0.959045,1.916510,0.032597
trial03_direct,2,15,0.4800,0.314122,0.335806,0.667384,-52.3654,-33.6928,69.791,65.639,0,0,0.000000,0.000000,0.000000,GOAL,0.000000,0.000000,0.000000,0,0.246313,0.959045,2.053944,0.161486
trial03_direct,2,16,0.5120,0.314550,0.335239,0.666790,-53.5862,-32.5053,71.368,69.741,0,0,0.000000,0.000000,0.000000,GOAL,0.000000,0.000000,0.000000,0,0.246313,0.959045,2.157019,0.258153
trial03_direct,2,17,0.5440,0.315004,0.334612,0.666133,-54.8113,-31.3155,72.891,69.573,0,0,0.000000,0.000000,0.000000,GOAL,0.000000,0.000000,0.000000,0,0.246313,0.959045,2.234326,0.330654
trial03_direct,2,18,0.5760,0.315471,0.333936,0.665427,-56.0396,-30.1235,66.953,72.614,0,0,0.000000,0.000000,0.000000,GOAL,0.000000,0.000000,0.000000,0,0.246313,0.959045,2.292306,0.385029
trial03_direct,2,19,0.6080,0.315944,0.333219,0.664681,-57.2701,-28.9295,68.950,69.198,0,0,0.000000,0.000000,0.000000,GOAL,0.000000,0.000000,0.000000,0,0.257747,1.003562,2.346920,0.414681
trial03_direct,2,20,0.6400,0.316417,0.332470,0.663902,-58.5167,-27.7194,65.914,66.029,0,0,0.000000,0.000000,0.000000,GOAL,0.000000,0.000000,0.000000,0,0.257747,1.003562,2.387880,0.436920
trial03_direct,2,21,0.6720,0.316883,0.331693,0.663097,-59.7752,-26.4967,70.430,63.622,0,0,0.000000,0.000000,0.000000,GOAL,0.000000,0.000000,0.000000,0,0.257747,1.003562,2.418601,0.453600
trial03_direct,2,22,0.7040,0.317340,0.330893,0.662269,-61.0426,-25.2642,68.056,67.950,0,0,0.000000,0.000000,0.000000,GOAL,0.000000,0.000000,0.000000,0,0.257747,1.003562,2.441641,0.466109
trial03_direct,2,23,0.7360,0.317784,0.330073,0.661422,-62.3166,-24.0240,73.496,70.494,0,0,0.000000,0.000000,0.000000,GOAL,0.000000,0.000000,0.000000,0,0.257747,1.003562,2.458921,0.475491
trial03_direct,2,24,0.7680,0.318213,0.329236,0.660559,-63.5954,-22.7776,68.373,66.593,0,0,0.000000,0.000000,0.000000,GOAL,0.000000,0.000000,0.000000,0,0.257747,1.003562,2.471882,0.482528
trial03_direct,2,25,0.8000,0.318626,0.328383,0.659682,-64.8779,-21.5263,70.776,71.969,0,0,0.000000,0.000000,0.000000,GOAL,0.000000,0.000000,0.000000,0,0.257747,1.003562,2.481602,0.487805
trial03_direct,2,26,0.8320,0.319022,0.327518,0.658793,-66.1630,-20.2708,66.616,67.375,0,0,0.000000,0.000000,0.000000,GOAL,0.000000,0.000000,0.000000,0,0.257747,1.003562,2.488892,0.491764
trial03_direct,2,27,0.8640,0.319400,0.326640,0.657894,-67.4501,-19.0118,65.831,67.758,0,0,0.000000,0.000000,0.000000,GOAL,0.000000,0.000000,0.000000,0,0.257747,1.003562,2.494359,0.494732
trial03_direct,2,28,0.8960,0.319759,0.325751,0.656985,-68.7385,-17.7499,69.507,69.188,0,0,0.000000,0.000000,0.000000,GOAL,0.000000,0.000000,0.000000,0,0.257747,1.003562,2.498460,0.496959
trial03_direct,2,29,0.9280,0.320099,0.324853,0.656068,-70.0277,-16.4855,70.435,69.379,0,0,0.000000,0.000000,0.000000,GOAL,0.000000,0.000000,0.000000,0,0.257747,1.003562,2.501536,0.498628
trial03_direct,2,30,0.9600,0.320419,0.323947,0.655143,-71.3177,-15.2186,69.507,71.777,0,0,0.000000,0.000000,0.000000,GOAL,0.000000,0.000000,0.000000,0,0.257747,1.003562,2.503842,0.499881
trial03_direct,2,31,0.9920,0.320718,0.323032,0.654212,-72.6082,-13.9495,73.192,71.673,0,0,0.000000,0.000000,0.000000,GOAL,0.000000,0.000000,0.000000,0,0.257747,1.003562,2.505572,0.500820
trial03_direct,2,32,1.0240,0.320997,0.322110,0.653275,-73.8990,-12.6782,72.861,71.487,0,0,0.000000,0.000000,0.000000,GOAL,0.000000,0.000000,0.000000,0,0.257747,1.003562,2.506870,0.501524
trial03_direct,2,33,1.0560,0.321256,0.321181,0.652332,-75.1900,-11.4050,69.851,64.469,0,0,0.000000,0.000000,0.000000,GOAL,0.000000,0.000000,0.000000,0,0.257747,1.003562,2.507843,0.502053
trial03_direct,2,34,1.0880,0.321493,0.320246,0.651385,-76.4812,-10.1297,68.421,70.772,0,0,0.000000,0.000000,0.000000,GOAL,0.000000,0.000000,0.000000,0,0.257747,1.003562,2.508573,0.502449
trial03_direct,2,35,1.1200,0.321709,0.319306,0.650434,-77.7725,-8.8525,70.722,70.163,0,0,0.000000,0.000000,0.000000,GOAL,0.000000,0.000000,0.000000,0,0.257747,1.003562,2.509120,0.502746
trial03_direct,2,36,1.1520,0.321904,0.318361,0.649479,-79.0639,-7.5734,70.130,68.670,0,0,0.000000,0.000000,0.000000,GOAL,0.000000,0.000000,0.000000,0,0.004551,0.017720,2.263070,0.749430
trial03_direct,2,37,1.1840,0.322078,0.317412,0.648522,-80.0373,-6.6105,68.398,67.001,0,0,0.000000,0.000000,0.000000,GOAL,0.000000,0.000000,0.000000,0,0.004551,0.017720,2.078533,0.934442
trial03_direct,2,38,1.2160,0.322236,0.316462,0.647564,-80.7725,-5.8842,73.562,68.537,0,0,0.000000,0.000000,0.000000,GOAL,0.000000,0.000000,0.000000,0,0.004551,0.017720,1.940129,1.073202
trial03_direct,2,39,1.2480,0.322382,0.315511,0.646606,-81.3302,-5.3346,70.584,69.602,0,0,0.000000,0.000000,0.000000,GOAL,0.000000,0.000000,0.000000,0,0.004551,0.017720,1.836327,1.177271
trial03_direct,2,40,1.2800,0.322520,0.314560,0.645648,-81.7549,-4.9172,69.261,75.735,0,0,0.000000,0.000000,0.000000,GOAL,0.000000,0.000000,0.000000,0,0.004551,0.017720,1.758475,1.255323
trial03_direct,2,41,1.3120,0.322651,0.313608,0.644691,-82.0800,-4.5988,67.338,69.602,0,0,0.000000,0.000000,0.000000,GOAL,0.000000,0.000000,0.000000,0,0.004551,0.017720,1.700086,1.313863
trial03_direct,2,42,1.3440,0.322779,0.312657,0.643734,-82.3304,-4.3548,66.976,67.785,0,0,0.000000,0.000000,0.000000,GOAL,0.000000,0.000000,0.000000,0,0.004551,0.017720,1.656295,1.357767
trial03_direct,2,43,1.3760,0.322902,0.311705,0.642776,-82.5248,-4.1666,66.147,67.619,0,0,0.000000,0.000000,0.000000,GOAL,0.000000,0.000000,0.000000,0,0.004551,0.017720,1.623451,1.390695
trial03_direct,2,44,1.4080,0.323024,0.310752,0.641818,-82.6769,-4.0203,66.432,70.983,0,0,0.000000,0.000000,0.000000,GOAL,0.000000,0.000000,0.000000,0,0.004551,0.017720,1.598818,1.415391
trial03_direct,2,45,1.4400,0.323143,0.309799,0.640860,-82.7973,-3.9057,72.506,76.384,0,0,0.000000,0.000000,0.000000,GOAL,0.000000,0.000000,0.000000,0,0.004551,0.017720,1.580344,1.433914
trial03_direct,2,46,1.4720,0.323261,0.308845,0.639901,-82.8937,-3.8149,67.932,65.749,0,0,0.000000,0.000000,0.000000,GOAL,0.000000,0.000000,0.000000,0,0.004551,0.017720,1.566488,1.447805
trial03_direct,2,47,1.5040,0.323378,0.307891,0.638942,-82.9721,-3.7421,69.412,73.156,0,0,0.000000,0.000000,0.000000,GOAL,0.000000,0.000000,0.000000,0,0.004551,0.017720,1.556096,1.458224
trial03_direct,2,48,1.5360,0.323494,0.306937,0.637982,-83.0368,-3.6829,70.168,63.321,0,0,0.000000,0.000000,0.000000,GOAL,0.000000,0.000000,0.000000,0,0.004551,0.017720,1.548302,1.466038
trial03_direct,2,49,1.5680,0.323609,0.305982,0.637022,-83.0912,-3.6339,67.720,70.557,0,0,0.000000,0.000000,0.000000,GOAL,0.000000,0.000000,0.000000,0,0.004551,0.017720,1.542456,1.471898
trial03_direct,2,50,1.6000,0.323724,0.305026,0.636061,-83.1377,-3.5928,64.578,65.621,0,0,0.000000,0.000000,0.000000,GOAL,0.000000,0.000000,0.000000,0,0.004551,0.017720,1.538072,1.476294
trial03_direct,2,51,1.6320,0.323838,0.304070,0.635100,-83.1783,-3.5576,68.769,69.795,0,0,0.000000,0.000000,0.000000,GOAL,0.000000,0.000000,0.000000,0,0.004551,0.017720,1.534784,1.479590
trial03_direct,2,52,1.6640,0.323952,0.303113,0.634139,-83.2144,-3.5268,71.310,68.980,0,0,0.000000,0.000000,0.000000,GOAL,0.000000,0.000000,0.000000,0,0.004551,0.017720,1.532318,1.482063
trial03_direct,2,53,1.6960,0.324065,0.302156,0.633177,-83.2470,-3.4995,66.271,70.885,0,0,0.000000,0.000000,0.000000,GOAL,0.000000,0.000000,0.000000,0,0.004551,0.017720,1.530469,1.483917
trial03_direct,2,54,1.7280,0.324178,0.301199,0.632215,-83.2770,-3.4748,74.944,69.265,0,0,0.000000,0.000000,0.000000,GOAL,0.000000,0.000000,0.000000,0,0.004551,0.017720,1.529081,1.485308
trial03_direct,2,55,1.7600,0.324290,0.300241,0.631252,-83.3050,-3.4520,68.862,71.709,0,0,0.000000,0.000000,0.000000,GOAL,0.000000,0.000000,0.000000,0,0.004551,0.017720,1.528041,1.486351
trial03_direct,2,56,1.7920,0.324402,0.299284,0.630290,-83.3315,-3.4308,67.602,69.139,0,0,0.000000,0.000000,0.000000,GOAL,0.000000,0.000000,0.000000,0,0.004551,0.017720,1.527261,1.487133
trial03_direct,2,57,1.8240,0.324514,0.298326,0.629327,-83.3568,-3.4107,66.853,68.296,0,0,0.000000,0.000000,0.000000,GOAL,0.000000,0.000000,0.000000,0,0.004551,0.017720,1.526676,1.487720
trial03_direct,2,58,1.8560,0.324625,0.297368,0.628364,-83.3815,-3.3912,71.482,68.904,0,0,0.000000,0.000000,0.000000,GOAL,0.000000,0.000000,0.000000,0,0.004551,0.017720,1.526237,1.488160
trial03_direct,2,59,1.8880,0.324736,0.296409,0.627401,-83.4057,-3.3722,70.980,69.189,0,0,0.000000,0.000000,0.000000,GOAL,0.000000,0.000000,0.000000,0,0.004551,0.017720,1.525908,1.488490
trial03_direct,2,60,1.9200,0.324846,0.295451,0.626438,-83.4296,-3.3535,67.718,64.113,0,0,0.000000,0.000000,0.000000,GOAL,0.000000,0.000000,0.000000,0,0.004551,0.017720,1.525661,1.488737
trial03_direct,2,61,1.9520,0.324956,0.294493,0.625476,-83.4532,-3.3350,64.517,73.491,0,0,0.000000,0.000000,0.000000,GOAL,0.000000,0.000000,0.000000,0,0.004551,0.017720,1.525475,1.488923
trial03_direct,2,62,1.9840,0.325066,0.293535,0.624513,-83.4766,-3.3167,71.699,64.492,0,0,0.000000,0.000000,0.000000,GOAL,0.000000,0.000000,0.000000,0,0.004551,0.017720,1.525337,1.489062
trial03_direct,2,63,2.0160,0.325175,0.292576,0.623550,-83.5000,-3.2985,69.261,66.607,0,0,0.000000,0.000000,0.000000,GOAL,0.000000,0.000000,0.000000,0,0.004551,0.017720,1.525232,1.489167
trial03_direct,2,64,2.0480,0.325284,0.291618,0.622587,-83.5232,-3.2803,69.257,68.887,0,0,0.000000,0.000000,0.000000,GOAL,0.000000,0.000000,0.000000,0,0.004551,0.017720,1.525154,1.489245
trial03_direct,2,65,2.0800,0.325393,0.290660,0.621624,-83.5463,-3.2622,66.335,65.274,0,0,0.000000,0.000000,0.000000,GOAL,0.000000,0.000000,0.000000,0,0.004551,0.017720,1.525096,1.489304
trial03_direct,2,66,2.1120,0.325501,0.289701,0.620661,-83.5695,-3.2442,68.637,69.647,0,0,0.000000,0.000000,0.000000,GOAL,0.000000,0.000000,0.000000,0,0.004551,0.017720,1.525052,1.489348
trial03_direct,2,67,2.1440,0.325609,0.288743,0.619698,-83.5925,-3.2261,68.421,66.836,0,0,0.000000,0.000000,0.000000,GOAL,0.000000,0.000000,0.000000,0,0.004551,0.017720,1.525019,1.489381
trial03_direct,2,68,2.1760,0.325716,0.287784,0.618735,-83.6156,-3.2081,71.259,68.653,0,0,0.000000,0.000000,0.000000,GOAL,0.000000,0.000000,0.000000,0,0.004551,0.017720,1.524994,1.489406
trial03_direct,2,69,2.2080,0.325824,0.286825,0.617771,-83.6386,-3.1900,68.183,71.192,0,0,0.000000,0.000000,0.000000,GOAL,0.000000,0.000000,0.000000,0,0.004551,0.017720,1.524976,1.489424
trial03_direct,2,70,2.2400,0.325930,0.285867,0.616808,-83.6617,-3.1719,64.429,70.973,0,0,0.000000,0.000000,0.000000,GOAL,0.000000,0.000000,0.000000,0,0.004551,0.017720,1.524962,1.489438
trial03_direct,2,71,2.2720,0.326037,0.284908,0.615845,-83.6847,-3.1539,64.066,66.828,0,0,0.000000,0.000000,0.000000,GOAL,0.000000,0.000000,0.000000,0,0.004551,0.017720,1.524951,1.489449
trial03_direct,2,72,2.3040,0.326142,0.283949,0.614882,-83.7077,-3.1358,68.171,66.779,0,0,0.000000,0.000000,0.000000,GOAL,0.000000,0.000000,0.000000,0,0.004551,0.017720,1.524943,1.489456
trial03_direct,2,73,2.3360,0.326248,0.282990,0.613919,-83.7308,-3.1176,71.113,68.666,0,0,0.000000,0.000000,0.000000,GOAL,0.000000,0.000000,0.000000,0,0.004551,0.017720,1.524938,1.489462
trial03_direct,2,74,2.3680,0.326353,0.282032,0.612956,-83.7538,-3.0995,64.876,70.169,0,0,0.000000,0.000000,0.000000,GOAL,0.000000,0.000000,0.000000,0,0.004551,0.017720,1.524933,1.489467
trial03_direct,2,75,2.4000,0.326458,0.281073,0.611993,-83.7768,-3.0813,70.825,67.420,0,0,0.000000,0.000000,0.000000,GOAL,0.000000,0.000000,0.000000,0,0.004551,0.017720,1.524930,1.489470
trial03_direct,2,76,2.4320,0.326562,0.280114,0.611029,-83.7998,-3.0632,73.578,65.990,0,0,0.000000,0.000000,0.000000,GOAL,0.000000,0.000000,0.000000,0,0.004551,0.017720,1.524927,1.489473
trial03_direct,2,77,2.4640,0.326666,0.279155,0.610066,-83.8229,-3.0450,67.428,69.442,0,0,0.000000,0.000000,0.000000,GOAL,0.000000,0.000000,0.000000,0,0.004551,0.017720,1.524926,1.489474
trial03_direct,2,78,2.4960,0.326770,0.278196,0.609103,-83.8459,-3.0268,68.108,71.352,0,0,0.000000,0.000000,0.000000,GOAL,0.000000,0.000000,0.000000,0,0.004551,0.017720,1.524924,1.489476
trial03_direct,2,79,2.5280,0.326873,0.277237,0.608140,-83.8689,-3.0085,66.435,70.893,0,0,0.000000,0.000000,0.000000,GOAL,0.000000,0.000000,0.000000,0,0.004551,0.017720,1.524923,1.489477
trial03_direct,2,80,2.5600,0.326976,0.276278,0.607176,-83.8919,-2.9902,67.247,71.575,0,0,0.000000,0.000000,0.000000,GOAL,0.000000,0.000000,0.000000,0,0.004551,0.017720,1.524922,1.489478
trial03_direct,2,81,2.5920,0.327079,0.275318,0.606213,-83.9150,-2.9720,69.460,69.928,0,0,0.000000,0.000000,0.000000,GOAL,0.000000,0.000000,0.000000,0,0.004551,0.017720,1.524922,1.489478
trial03_direct,2,82,2.6240,0.327181,0.274359,0.605250,-83.9380,-2.9536,69.192,70.887,0,0,0.000000,0.000000,0.000000,GOAL,0.000000,0.000000,0.000000,0,0.004551,0.017720,1.524921,1.489479
trial03_direct,2,83,2.6560,0.327282,0.273400,0.604286,-83.9610,-2.9353,70.356,66.046,0,0,0.000000,0.000000,0.000000,GOAL,0.000000,0.000000,0.000000,0,0.004551,0.017720,1.524921,1.489479
trial03_direct,2,84,2.6880,0.327384,0.272441,0.603323,-83.9840,-2.9170,68.153,69.073,0,0,0.000000,0.000000,0.000000,GOAL,0.000000,0.000000,0.000000,0,0.004551,0.017720,1.524921,1.489479
trial03_direct,2,85,2.7200,0.327484,0.271481,0.602360,-84.0071,-2.8986,69.638,70.832,0,0,0.000000,0.000000,0.000000,GOAL,0.000000,0.000000,0.000000,0,0.004551,0.017720,1.524921,1.489479
trial03_direct,2,86,2.7520,0.327585,0.270522,0.601396,-84.0301,-2.8802,64.767,69.543,0,0,0.000000,0.000000,0.000000,GOAL,0.000000,0.000000,0.000000,0,0.004551,0.017720,1.524920,1.489480
trial03_direct,2,87,2.7840,0.327685,0.269563,0.600433,-84.0531,-2.8618,66.713,70.431,0,0,0.000000,0.000000,0.000000,GOAL,0.000000,0.000000,0.000000,0,0.004551,0.017720,1.524920,1.489480
trial03_direct,2,88,2.8160,0.327785,0.268603,0.599469,-84.0761,-2.8433,71.799,65.406,0,0,0.000000,0.000000,0.000000,GOAL,0.000000,0.000000,0.000000,0,0.004551,0.017720,1.524920,1.489480
trial03_direct,2,89,2.8480,0.327884,0.267644,0.598506,-84.0992,-2.8249,72.686,66.846,0,0,0.000000,0.000000,0.000000,GOAL,0.000000,0.000000,0.000000,0,0.004551,0.017720,1.524920,1.489480
trial03_direct,2,90,2.8800,0.327983,0.266684,0.597543,-84.1222,-2.8064,72.757,66.784,0,0,0.000000,0.000000,0.000000,GOAL,0.000000,0.000000,0.000000,0,0.004551,0.017720,1.524920,1.489480
trial03_direct,2,91,2.9120,0.328082,0.265725,0.596579,-84.1452,-2.7879,67.015,70.866,0,0,0.000000,0.000000,0.000000,GOAL,0.000000,0.000000,0.000000,0,0.004551,0.017720,1.524920,1.489480
trial03_direct,2,92,2.9440,0.328180,0.264765,0.595616,-84.1683,-2.7693,71.299,66.616,0,0,0.000000,0.000000,0.000000,GOAL,0.000000,0.000000,0.000000,0,0.004551,0.017720,1.524920,1.489480
trial03_direct,2,93,2.9760,0.328278,0.263805,0.594652,-84.1913,-2.7508,69.477,70.940,0,0,0.000000,0.000000,0.000000,GOAL,0.000000,0.000000,0.000000,0,0.004551,0.017720,1.524920,1.489480
trial03_direct,2,94,3.0080,0.328375,0.262846,0.593689,-84.2143,-2.7322,75.215,68.505,0,0,0.000000,0.000000,0.000000,GOAL,0.000000,0.000000,0.000000,0,0.004551,0.017720,1.524920,1.489480
trial03_direct,2,95,3.0400,0.328472,0.261886,0.592725,-84.2373,-2.7136,67.683,69.203,0,0,0.000000,0.000000,0.000000,GOAL,0.000000,0.000000,0.000000,0,0.004551,0.017720,1.524920,1.489480
trial03_direct,2,96,3.0720,0.328569,0.260926,0.591762,-84.2604,-2.6950,67.930,69.729,0,0,0.000000,0.000000,0.000000,GOAL,0.000000,0.000000,0.000000,0,0.004551,0.017720,1.524920,1.489480
trial03_direct,2,97,3.1040,0.328665,0.259966,0.590798,-84.2834,-2.6763,69.936,68.122,0,0,0.000000,0.000000,0.000000,GOAL,0.000000,0.000000,0.000000,0,0.004551,0.017720,1.524920,1.489480
trial03_direct,2,98,3.1360,0.328761,0.259007,0.589834,-84.3064,-2.6577,64.846,66.107,0,0,0.000000,0.000000,0.000000,GOAL,0.000000,0.000000,0.000000,0,0.004551,0.017720,1.524920,1.489480
trial03_direct,2,99,3.1680,0.328857,0.258047,0.588871,-84.3294,-2.6390,67.521,76.866,0,0,0.000000,0.000000,0.000000,GOAL,0.000000,0.000000,0.000000,0,0.004551,0.017720,1.524920,1.489480
trial03_direct,2,100,3.2000,0.328952,0.257087,0.587907,-84.3525,-2.6203,65.760,71.663,0,0,0.000000,0.000000,0.000000,GOAL,0.000000,0.000000,0.000000,0,0.004551,0.017720,1.524920,1.489480
trial03_direct,2,101,3.2320,0.329047,0.256127,0.586944,-84.3755,-2.6015,70.001,70.386,0,0,0.000000,0.000000,0.000000,GOAL,0.000000,0.000000,0.000000,0,0.004551,0.017720,1.524920,1.489480
trial03_direct,2,102,3.2640,0.329141,0.255167,0.585980,-84.3985,-2.5828,66.809,68.268,0,0,0.000000,0.000000,0.000000,GOAL,0.000000,0.000000,0.000000,0,0.004551,0.017720,1.524920,1.489480
trial03_direct,2,103,3.2960,0.329235,0.254207,0.585016,-84.4215,-2.5640,69.807,64.262,0,0,0.000000,0.000000,0.000000,GOAL,0.000000,0.000000,0.000000,0,0.004551,0.017720,1.524920,1.489480
trial03_direct,2,104,3.3280,0.329329,0.253247,0.584053,-84.4446,-2.5452,69.575,69.981,0,0,0.000000,0.000000,0.000000,GOAL,0.000000,0.000000,0.000000,0,0.004551,0.017720,1.524920,1.489480
trial03_direct,2,105,3.3600,0.329422,0.252287,0.583089,-84.4676,-2.5263,70.077,68.045,0,0,0.000000,0.000000,0.000000,GOAL,0.000000,0.000000,0.000000,0,0.004551,0.017720,1.524920,1.489480
trial03_direct,2,106,3.3920,0.329515,0.251327,0.582125,-84.4906,-2.5075,71.941,66.133,0,0,0.000000,0.000000,0.000000,GOAL,0.000000,0.000000,0.000000,0,0.004551,0.017720,1.524920,1.489480
trial03_direct,2,107,3.4240,0.329607,0.250366,0.581162,-84.5137,-2.4886,62.115,70.976,0,0,0.000000,0.000000,0.000000,GOAL,0.000000,0.000000,0.000000,0,0.004551,0.017720,1.524920,1.489480
trial03_direct,2,108,3.4560,0.329699,0.249406,0.580198,-84.5367,-2.4697,65.146,68.540,0,0,0.000000,0.000000,0.000000,GOAL,0.000000,0.000000,0.000000,0,0.004551,0.017720,1.524920,1.489480
trial03_direct,2,109,3.4880,0.329791,0.248446,0.579234,-84.5597,-2.4507,65.068,69.838,0,0,0.000000,0.000000,0.000000,GOAL,0.000000,0.000000,0.000000,0,0.004551,0.017720,1.524920,1.489480
trial03_direct,2,110,3.5200,0.329882,0.247486,0.578271,-84.5827,-2.4318,68.102,68.787,0,0,0.000000,0.000000,0.000000,GOAL,0.000000,0.000000,0.000000,0,0.004551,0.017720,1.524920,1.489480
trial03_direct,2,111,3.5520,0.329973,0.246525,0.577307,-84.6058,-2.4128,67.129,65.666,0,0,0.000000,0.000000,0.000000,GOAL,0.000000,0.000000,0.000000,0,0.004551,0.017720,1.524920,1.489480
trial03_direct,2,112,3.5840,0.330063,0.245565,0.576343,-84.6288,-2.3938,65.375,70.239,0,0,0.000000,0.000000,0.000000,GOAL,0.000000,0.000000,0.000000,0,0.004551,0.017720,1.524920,1.489480
trial03_direct,2,113,3.6160,0.330153,0.244605,0.575379,-84.6518,-2.3748,71.254,69.840,0,0,0.000000,0.000000,0.000000,GOAL,0.000000,0.000000,0.000000,0,0.004551,0.017720,1.524920,1.489480
trial03_direct,2,114,3.6480,0.330243,0.243644,0.574416,-84.6748,-2.3557,70.511,71.258,0,0,0.000000,0.000000,0.000000,GOAL,0.000000,0.000000,0.000000,0,0.004551,0.017720,1.524920,1.489480
trial03_direct,2,115,3.6800,0.330333,0.242684,0.573452,-84.6979,-2.3366,67.751,69.175,0,0,0.000000,0.000000,0.000000,GOAL,0.000000,0.000000,0.000000,0,0.004551,0.017720,1.524920,1.489480
trial03_direct,2,116,3.7120,0.330421,0.241723,0.572488,-84.7209,-2.3175,68.776,71.324,0,0,0.000000,0.000000,0.000000,GOAL,0.000000,0.000000,0.000000,0,0.004551,0.017720,1.524920,1.489480
trial03_direct,2,117,3.7440,0.330510,0.240763,0.571524,-84.7439,-2.2984,70.891,72.023,0,0,0.000000,0.000000,0.000000,GOAL,0.000000,0.000000,0.000000,0,0.004551,0.017720,1.524920,1.489480
trial03_direct,2,118,3.7760,0.330598,0.239802,0.570560,-84.7669,-2.2792,69.979,70.304,0,0,0.000000,0.000000,0.000000,GOAL,0.000000,0.000000,0.000000,0,0.004551,0.017720,1.524920,1.489480
trial03_direct,2,119,3.8080,0.330686,0.238842,0.569596,-84.7900,-2.2600,67.217,68.136,0,0,0.000000,0.000000,0.000000,GOAL,0.000000,0.000000,0.000000,0,0.004551,0.017720,1.524920,1.489480
trial03_direct,2,120,3.8400,0.330773,0.237881,0.568633,-84.8130,-2.2408,69.077,66.943,0,0,0.000000,0.000000,0.000000,GOAL,0.000000,0.000000,0.000000,0,0.004551,0.017720,1.524920,1.489480
trial03_direct,2,121,3.8720,0.330860,0.236920,0.567669,-84.8360,-2.2216,68.868,65.887,0,0,0.000000,0.000000,0.000000,GOAL,0.000000,0.000000,0.000000,0,0.004551,0.017720,1.524920,1.489480
trial03_direct,2,122,3.9040,0.330947,0.235960,0.566705,-84.8590,-2.2023,65.128,73.149,0,0,0.000000,0.000000,0.000000,GOAL,0.000000,0.000000,0.000000,0,0.004551,0.017720,1.524920,1.489480
trial03_direct,2,123,3.9360,0.331033,0.234999,0.565741,-84.8821,-2.1830,73.318,66.955,0,0,0.000000,0.000000,0.000000,GOAL,0.000000,0.000000,0.000000,0,0.004551,0.017720,1.524920,1.489480
trial03_direct,2,124,3.9680,0.331119,0.234038,0.564777,-84.9051,-2.1637,75.760,68.593,0,0,0.000000,0.000000,0.000000,GOAL,0.000000,0.000000,0.000000,0,0.004551,0.017720,1.524920,1.489480
trial03_direct,2,125,4.0000,0.331205,0.233077,0.563813,-84.9281,-2.1444,76.990,67.499,0,0,0.000000,0.000000,0.000000,GOAL,0.000000,0.000000,0.000000,0,0.004551,0.017720,1.524920,1.489480
trial03_direct,2,126,4.0320,0.331290,0.232116,0.562849,-84.9511,-2.1250,69.174,71.150,0,0,0.000000,0.000000,0.000000,GOAL,0.000000,0.000000,0.000000,0,0.004551,0.017720,1.524920,1.489480
trial03_direct,2,127,4.0640,0.331375,0.231155,0.561885,-84.9742,-2.1056,70.400,67.027,0,0,0.000000,0.000000,0.000000,GOAL,0.000000,0.000000,0.000000,0,0.004551,0.017720,1.524920,1.489480
trial03_direct,2,128,4.0960,0.331459,0.230195,0.560921,-84.9972,-2.0862,69.233,69.701,0,0,0.000000,0.000000,0.000000,GOAL,0.000000,0.000000,0.000000,0,0.004551,0.017720,1.524920,1.489480
trial03_direct,2,129,4.1280,0.331543,0.229234,0.559957,-85.0202,-2.0667,64.457,74.665,0,0,0.000000,0.000000,0.000000,GOAL,0.000000,0.000000,0.000000,0,0.004551,0.017720,1.524920,1.489480
trial03_direct,2,130,4.1600,0.331626,0.228273,0.558993,-85.0432,-2.0473,68.039,68.480,0,0,0.000000,0.000000,0.000000,GOAL,0.000000,0.000000,0.000000,0,0.004551,0.017720,1.524920,1.489480
trial03_direct,2,131,4.1920,0.331709,0.227312,0.558029,-85.0663,-2.0278,68.166,71.589,0,0,0.000000,0.000000,0.000000,GOAL,0.000000,0.000000,0.000000,0,0.004551,0.017720,1.524920,1.489480
trial03_direct,2,132,4.2240,0.331792,0.226351,0.557065,-85.0893,-2.0082,66.761,68.495,0,0,0.000000,0.000000,0.000000,GOAL,0.000000,0.000000,0.000000,0,0.004551,0.017720,1.524920,1.489480
trial03_direct,2,133,4.2560,0.331875,0.225389,0.556101,-85.1123,-1.9887,69.711,70.368,0,0,0.000000,0.000000,0.000000,GOAL,0.000000,0.000000,0.000000,0,0.004551,0.017720,1.524920,1.489480
trial03_direct,2,134,4.2880,0.331957,0.224428,0.555137,-85.1353,-1.9691,70.694,69.433,0,0,0.000000,0.000000,0.000000,GOAL,0.000000,0.000000,0.000000,0,0.004551,0.017720,1.524920,1.489480
trial03_direct,2,135,4.3200,0.332038,0.223467,0.554173,-85.1584,-1.9495,68.115,69.412,0,0,0.000000,0.000000,0.000000,GOAL,0.000000,0.000000,0.000000,0,0.004551,0.017720,1.524920,1.489480
trial03_direct,2,136,4.3520,0.332120,0.222506,0.553209,-85.1814,-1.9298,69.712,68.573,0,0,0.000000,0.000000,0.000000,GOAL,0.000000,0.000000,0.000000,0,0.004551,0.017720,1.524920,1.489480
trial03_direct,2,137,4.3840,0.332200,0.221545,0.552245,-85.2044,-1.9101,71.782,65.204,0,0,0.000000,0.000000,0.000000,GOAL,0.000000,0.000000,0.000000,0,0.004551,0.017720,1.524920,1.489480
trial03_direct,2,138,4.4160,0.332281,0.220584,0.551281,-85.2274,-1.8904,68.093,65.242,0,0,0.000000,0.000000,0.000000,GOAL,0.000000,0.000000,0.000000,0,0.004551,0.017720,1.524920,1.489480
trial03_direct,2,139,4.4480,0.332361,0.219622,0.550317,-85.2504,-1.8707,69.087,66.710,0,0,0.000000,0.000000,0.000000,GOAL,0.000000,0.000000,0.000000,0,0.004551,0.017720,1.524920,1.489480
trial03_direct,2,140,4.4800,0.332441,0.218661,0.549353,-85.2735,-1.8510,74.635,70.596,0,0,0.000000,0.000000,0.000000,GOAL,0.000000,0.000000,0.000000,0,0.004551,0.017720,1.524920,1.489480
trial03_direct,2,141,4.5120,0.332520,0.217700,0.548389,-85.2965,-1.8312,63.844,67.181,0,0,0.000000,0.000000,0.000000,GOAL,0.000000,0.000000,0.000000,0,0.004551,0.017720,1.524920,1.489480
trial03_direct,2,142,4.5440,0.332599,0.216738,0.547424,-85.3195,-1.8114,70.790,68.016,0,0,0.000000,0.000000,0.000000,GOAL,0.000000,0.000000,0.000000,0,0.004551,0.017720,1.524920,1.489480
trial03_direct,2,143,4.5760,0.332677,0.215777,0.546460,-85.3425,-1.7915,70.160,66.743,0,0,0.000000,0.000000,0.000000,GOAL,0.000000,0.000000,0.000000,0,0.004551,0.017720,1.524920,1.489480
trial03_direct,2,144,4.6080,0.332755,0.214815,0.545496,-85.3656,-1.7716,66.181,68.193,0,0,0.000000,0.000000,0.000000,GOAL,0.000000,0.000000,0.000000,0,0.004551,0.017720,1.524920,1.489480
trial03_direct,2,145,4.6400,0.332833,0.213854,0.544532,-85.3886,-1.7517,67.219,66.513,0,0,0.000000,0.000000,0.000000,GOAL,0.000000,0.000000,0.000000,0,0.004551,0.017720,1.524920,1.489480
trial03_direct,2,146,4.6720,0.332911,0.212892,0.543568,-85.4116,-1.7318,66.419,65.631,0,0,0.000000,0.000000,0.000000,GOAL,0.000000,0.000000,0.000000,0,0.004551,0.017720,1.524920,1.489480
trial03_direct,2,147,4.7040,0.332988,0.211931,0.542604,-85.4346,-1.7118,68.259,66.130,0,0,0.000000,0.000000,0.000000,GOAL,0.000000,0.000000,0.000000,0,0.004551,0.017720,1.524920,1.489480
trial03_direct,2,148,4.7360,0.333064,0.210969,0.541640,-85.4577,-1.6918,67.585,67.984,0,0,0.000000,0.000000,0.000000,GOAL,0.000000,0.000000,0.000000,0,0.004551,0.017720,1.524920,1.489480
trial03_direct,2,149,4.7680,0.333140,0.210008,0.540675,-85.4807,-1.6718,69.550,63.227,0,0,0.000000,0.000000,0.000000,GOAL,0.000000,0.000000,0.000000,0,0.004551,0.017720,1.524920,1.489480
trial03_direct,2,150,4.8000,0.333216,0.209046,0.539711,-85.5037,-1.6518,69.147,67.414,0,0,0.000000,0.000000,0.000000,GOAL,0.000000,0.000000,0.000000,0,0.004551,0.017720,1.524920,1.489480
trial03_direct,2,151,4.8320,0.333292,0.208084,0.538747,-85.5267,-1.6317,65.934,71.581,0,0,0.000000,0.000000,0.000000,GOAL,0.000000,0.000000,0.000000,0,0.004551,0.017720,1.524920,1.489480
trial03_direct,2,152,4.8640,0.333367,0.207123,0.537783,-85.5498,-1.6116,71.417,69.437,0,0,0.000000,0.000000,0.000000,GOAL,0.000000,0.000000,0.000000,0,0.004551,0.017720,1.524920,1.489480
trial03_direct,2,153,4.8960,0.333441,0.206161,0.536818,-85.5728,-1.5914,75.031,65.223,0,0,0.000000,0.000000,0.000000,GOAL,0.000000,0.000000,0.000000,0,0.004551,0.017720,1.524920,1.489480
trial03_direct,2,154,4.9280,0.333516,0.205199,0.535854,-85.5958,-1.5712,67.175,72.415,0,0,0.000000,0.000000,0.000000,GOAL,0.000000,0.000000,0.000000,0,0.004551,0.017720,1.524920,1.489480
trial03_direct,2,155,4.9600,0.333590,0.204238,0.534890,-85.6188,-1.5510,67.530,65.258,0,0,0.000000,0.000000,0.000000,GOAL,0.000000,0.000000,0.000000,0,0.004551,0.017720,1.524920,1.489480
trial03_direct,2,156,4.9920,0.333663,0.203276,0.533926,-85.6418,-1.5308,72.763,70.864,0,0,0.000000,0.000000,0.000000,GOAL,0.000000,0.000000,0.000000,0,0.004551,0.017720,1.524920,1.489480
trial03_direct,2,157,5.0240,0.333736,0.202314,0.532961,-85.6649,-1.5105,67.709,69.339,0,0,0.000000,0.000000,0.000000,GOAL,0.000000,0.000000,0.000000,0,0.004551,0.017720,1.524920,1.489480
trial03_direct,2,158,5.0560,0.333809,0.201352,0.531997,-85.6879,-1.4902,68.240,75.355,0,0,0.000000,0.000000,0.000000,GOAL,0.000000,0.000000,0.000000,0,0.004551,0.017720,1.524920,1.489480
trial03_direct,2,159,5.0880,0.333881,0.200390,0.531033,-85.7109,-1.4699,72.287,71.199,0,0,0.000000,0.000000,0.000000,GOAL,0.000000,0.000000,0.000000,0,0.004551,0.017720,1.524920,1.489480
trial03_direct,2,160,5.1200,0.333953,0.199428,0.530069,-85.7339,-1.4495,72.764,74.090,0,0,0.000000,0.000000,0.000000,GOAL,0.000000,0.000000,0.000000,0,0.004551,0.017720,1.524920,1.489480
trial03_direct,2,161,5.1520,0.334025,0.198466,0.529104,-85.7569,-1.4291,68.827,67.113,0,0,0.000000,0.000000,0.000000,GOAL,0.000000,0.000000,0.000000,0,0.004551,0.017720,1.524920,1.489480
trial03_direct,2,162,5.1840,0.334096,0.197504,0.528140,-85.7800,-1.4087,70.111,71.344,0,0,0.000000,0.000000,0.000000,GOAL,0.000000,0.000000,0.000000,0,0.004551,0.017720,1.524920,1.489480
trial03_direct,2,163,5.2160,0.334167,0.196542,0.527176,-85.8030,-1.3882,64.958,65.802,0,0,0.000000,0.000000,0.000000,GOAL,0.000000,0.000000,0.000000,0,0.004551,0.017720,1.524920,1.489480
trial03_direct,2,164,5.2480,0.334237,0.195580,0.526211,-85.8260,-1.3677,64.068,69.228,0,0,0.000000,0.000000,0.000000,GOAL,0.000000,0.000000,0.000000,0,0.004551,0.017720,1.524920,1.489480
trial03_direct,2,165,5.2800,0.334307,0.194618,0.525247,-85.8490,-1.3472,68.452,65.433,0,0,0.000000,0.000000,0.000000,GOAL,0.000000,0.000000,0.000000,0,0.004551,0.017720,1.524920,1.489480
trial03_direct,2,166,5.3120,0.334377,0.193656,0.524283,-85.8721,-1.3266,65.635,67.739,0,0,0.000000,0.000000,0.000000,GOAL,0.000000,0.000000,0.000000,0,0.004551,0.017720,1.524920,1.489480
trial03_direct,2,167,5.3440,0.334446,0.192694,0.523318,-85.8951,-1.3060,67.112,71.072,0,0,0.000000,0.000000,0.000000,GOAL,0.000000,0.000000,0.000000,0,0.004551,0.017720,1.524920,1.489480
trial03_direct,2,168,5.3760,0.334515,0.191732,0.522354,-85.9181,-1.2854,69.109,75.240,0,0,0.000000,0.000000,0.000000,GOAL,0.000000,0.000000,0.000000,0,0.004551,0.017720,1.524920,1.489480
trial03_direct,2,169,5.4080,0.334583,0.190770,0.521390,-85.9411,-1.2647,70.434,74.441,0,0,0.000000,0.000000,0.000000,GOAL,0.000000,0.000000,0.000000,0,0.004551,0.017720,1.524920,1.489480
trial03_direct,2,170,5.4400,0.334651,0.189807,0.520425,-85.9641,-1.2440,70.264,71.443,0,0,0.000000,0.000000,0.000000,GOAL,0.000000,0.000000,0.000000,0,0.004551,0.017720,1.524920,1.489480
trial03_direct,2,171,5.4720,0.334719,0.188845,0.519461,-85.9872,-1.2233,67.466,65.946,0,0,0.000000,0.000000,0.000000,GOAL,0.000000,0.000000,0.000000,0,0.004551,0.017720,1.524920,1.489480
trial03_direct,2,172,5.5040,0.334787,0.187883,0.518496,-86.0102,-1.2025,71.332,65.788,0,0,0.000000,0.000000,0.000000,GOAL,0.000000,0.000000,0.000000,0,0.004551,0.017720,1.524920,1.489480
trial03_direct,2,173,5.5360,0.334853,0.186921,0.517532,-86.0332,-1.1817,65.499,69.279,0,0,0.000000,0.000000,0.000000,GOAL,0.000000,0.000000,0.000000,0,0.004551,0.017720,1.524920,1.489480
trial03_direct,2,174,5.5680,0.334920,0.185958,0.516568,-86.0562,-1.1609,72.568,66.682,0,0,0.000000,0.000000,0.000000,GOAL,0.000000,0.000000,0.000000,0,0.004551,0.017720,1.524920,1.489480
trial03_direct,2,175,5.6000,0.334986,0.184996,0.515603,-86.0793,-1.1400,75.744,66.274,0,0,0.000000,0.000000,0.000000,GOAL,0.000000,0.000000,0.000000,0,0.004551,0.017720,1.524920,1.489480
trial03_direct,2,176,5.6320,0.335052,0.184034,0.514639,-86.1023,-1.1191,74.524,66.470,0,0,0.000000,0.000000,0.000000,GOAL,0.000000,0.000000,0.000000,0,0.004551,0.017720,1.524920,1.489480
trial03_direct,2,177,5.6640,0.335117,0.183071,0.513674,-86.1253,-1.0982,70.825,66.248,0,0,0.000000,0.000000,0.000000,GOAL,0.000000,0.000000,0.000000,0,0.004551,0.017720,1.524920,1.489480
trial03_direct,2,178,5.6960,0.335182,0.182109,0.512710,-86.1483,-1.0772,69.796,71.838,0,0,0.000000,0.000000,0.000000,GOAL,0.000000,0.000000,0.000000,0,0.004551,0.017720,1.524920,1.489480
trial03_direct,2,179,5.7280,0.335247,0.181146,0.511745,-86.1713,-1.0562,66.674,64.360,0,0,0.000000,0.000000,0.000000,GOAL,0.000000,0.000000,0.000000,0,0.004551,0.017720,1.524920,1.489480
trial03_direct,2,180,5.7600,0.335311,0.180184,0.510781,-86.1944,-1.0352,66.877,64.773,0,0,0.000000,0.000000,0.000000,GOAL,0.000000,0.000000,0.000000,0,0.004551,0.017720,1.524920,1.489480
trial03_direct,2,181,5.7920,0.335375,0.179222,0.509817,-86.2174,-1.0141,68.165,70.698,0,0,0.000000,0.000000,0.000000,GOAL,0.000000,0.000000,0.000000,0,0.004551,0.017720,1.524920,1.489480
trial03_direct,2,182,5.8240,0.335439,0.178259,0.508852,-86.2404,-0.9930,68.079,70.032,0,0,0.000000,0.000000,0.000000,GOAL,0.000000,0.000000,0.000000,0,0.004551,0.017720,1.524920,1.489480
trial03_direct,2,183,5.8560,0.335502,0.177296,0.507888,-86.2634,-0.9718,71.555,66.058,0,0,0.000000,0.000000,0.000000,GOAL,0.000000,0.000000,0.000000,0,0.004551,0.017720,1.524920,1.489480
trial03_direct,2,184,5.8880,0.335564,0.176334,0.506923,-86.2864,-0.9506,69.586,67.574,0,0,0.000000,0.000000,0.000000,GOAL,0.000000,0.000000,0.000000,0,0.004551,0.017720,1.524920,1.489480
trial03_direct,2,185,5.9200,0.335627,0.175371,0.505959,-86.3095,-0.9294,66.253,69.482,0,0,0.000000,0.000000,0.000000,GOAL,0.000000,0.000000,0.000000,0,0.004551,0.017720,1.524920,1.489480
trial03_direct,2,186,5.9520,0.335688,0.174409,0.504994,-86.3325,-0.9081,66.885,69.283,0,0,0.000000,0.000000,0.000000,GOAL,0.000000,0.000000,0.000000,0,0.004551,0.017720,1.524920,1.489480
trial03_direct,2,187,5.9840,0.335750,0.173446,0.504030,-86.3555,-0.8868,70.601,71.075,0,0,0.000000,0.000000,0.000000,GOAL,0.000000,0.000000,0.000000,0,0.004551,0.017720,1.524920,1.489480
trial03_direct,2,188,6.0160,0.335811,0.172483,0.503065,-86.3785,-0.8655,64.655,69.000,0,0,0.000000,0.000000,0.000000,GOAL,0.000000,0.000000,0.000000,0,0.004551,0.017720,1.524920,1.489480
trial03_direct,2,189,6.0480,0.335872,0.171521,0.502101,-86.4015,-0.8441,70.888,68.525,0,0,0.000000,0.000000,0.000000,GOAL,0.000000,0.000000,0.000000,0,0.004551,0.017720,1.524920,1.489480
trial03_direct,2,190,6.0800,0.335932,0.170558,0.501136,-86.4245,-0.8227,67.734,65.538,0,0,0.000000,0.000000,0.000000,GOAL,0.000000,0.000000,0.000000,0,0.004551,0.017720,1.524920,1.489480
trial03_direct,2,191,6.1120,0.335992,0.169595,0.500172,-86.4476,-0.8012,68.919,72.892,0,0,0.000000,0.000000,0.000000,GOAL,0.000000,0.000000,0.000000,0,0.004551,0.017720,1.524920,1.489480
trial03_direct,2,192,6.1440,0.336052,0.168632,0.499207,-86.4706,-0.7797,71.173,70.782,0,0,0.000000,0.000000,0.000000,GOAL,0.000000,0.000000,0.000000,0,0.004551,0.017720,1.524920,1.489480
trial03_direct,2,193,6.1760,0.336111,0.167670,0.498243,-86.4936,-0.7582,69.025,66.399,0,0,0.000000,0.000000,0.000000,GOAL,0.000000,0.000000,0.000000,0,0.004551,0.017720,1.524920,1.489480
trial03_direct,2,194,6.2080,0.336170,0.166707,0.497278,-86.5166,-0.7366,68.419,65.038,0,0,0.000000,0.000000,0.000000,GOAL,0.000000,0.000000,0.000000,0,0.004551,0.017720,1.524920,1.489480
trial03_direct,2,195,6.2400,0.336228,0.165744,0.496314,-86.5396,-0.7150,68.079,66.630,0,0,0.000000,0.000000,0.000000,GOAL,0.000000,0.000000,0.000000,0,0.004551,0.017720,1.524920,1.489480
trial03_direct,2,196,6.2720,0.336286,0.164781,0.495349,-86.5627,-0.6934,65.769,67.179,0,0,0.000000,0.000000,0.000000,GOAL,0.000000,0.000000,0.000000,0,0.004551,0.017720,1.524920,1.489480
trial03_direct,2,197,6.3040,0.336344,0.163818,0.494385,-86.5857,-0.6717,70.251,64.065,0,0,0.000000,0.000000,0.000000,GOAL,0.000000,0.000000,0.000000,0,0.004551,0.017720,1.524920,1.489480
trial03_direct,2,198,6.3360,0.336401,0.162855,0.493420,-86.6087,-0.6500,68.645,65.398,0,0,0.000000,0.000000,0.000000,GOAL,0.000000,0.000000,0.000000,0,0.004551,0.017720,1.524920,1.489480
trial03_direct,2,199,6.3680,0.336458,0.161892,0.492455,-86.6317,-0.6282,67.161,72.828,0,0,0.000000,0.000000,0.000000,GOAL,0.000000,0.000000,0.000000,0,0.004551,0.017720,1.524920,1.489480
trial03_direct,2,200,6.4000,0.336514,0.160929,0.491491,-86.6547,-0.6064,68.450,66.199,0,0,0.000000,0.000000,0.000000,GOAL,0.000000,0.000000,0.000000,0,0.004551,0.017720,1.524920,1.489480
trial03_direct,2,201,6.4320,0.336571,0.159966,0.490526,-86.6778,-0.5845,71.330,67.643,0,0,0.000000,0.000000,0.000000,GOAL,0.000000,0.000000,0.000000,0,0.004551,0.017720,1.524920,1.489480
trial03_direct,2,202,6.4640,0.336626,0.159003,0.489562,-86.7008,-0.5627,67.081,68.233,0,0,0.000000,0.000000,0.000000,GOAL,0.000000,0.000000,0.000000,0,0.004551,0.017720,1.524920,1.489480
trial03_direct,2,203,6.4960,0.336682,0.158040,0.488597,-86.7238,-0.5407,69.429,67.347,0,0,0.000000,0.000000,0.000000,GOAL,0.000000,0.000000,0.000000,0,0.004551,0.017720,1.524920,1.489480
trial03_direct,2,204,6.5280,0.336737,0.157077,0.487633,-86.7468,-0.5188,68.895,68.942,0,0,0.000000,0.000000,0.000000,GOAL,0.000000,0.000000,0.000000,0,0.004551,0.017720,1.524920,1.489480
trial03_direct,2,205,6.5600,0.336791,0.156114,0.486668,-86.7698,-0.4968,69.545,69.258,0,0,0.000000,0.000000,0.000000,GOAL,0.000000,0.000000,0.000000,0,0.004551,0.017720,1.524920,1.489480
trial03_direct,2,206,6.5920,0.336845,0.155151,0.485703,-86.7928,-0.4747,66.725,68.039,0,0,0.000000,0.000000,0.000000,GOAL,0.000000,0.000000,0.000000,0,0.004551,0.017720,1.524920,1.489480
trial03_direct,2,207,6.6240,0.336899,0.154188,0.484739,-86.8159,-0.4526,72.511,65.249,0,0,0.000000,0.000000,0.000000,GOAL,0.000000,0.000000,0.000000,0,0.004551,0.017720,1.524920,1.489480
trial03_direct,2,208,6.6560,0.336953,0.153225,0.483774,-86.8389,-0.4305,67.451,68.824,0,0,0.000000,0.000000,0.000000,GOAL,0.000000,0.000000,0.000000,0,0.004551,0.017720,1.524920,1.489480
trial03_direct,2,209,6.6880,0.337006,0.152262,0.482810,-86.8619,-0.4083,66.272,68.835,0,0,0.000000,0.000000,0.000000,GOAL,0.000000,0.000000,0.000000,0,0.004551,0.017720,1.524920,1.489480
trial03_direct,2,210,6.7200,0.337058,0.151299,0.481845,-86.8849,-0.3861,71.279,67.957,0,0,0.000000,0.000000,0.000000,GOAL,0.000000,0.000000,0.000000,0,0.004551,0.017720,1.524920,1.489480
trial03_direct,2,211,6.7520,0.337110,0.150336,0.480881,-86.9079,-0.3638,72.142,66.955,0,0,0.000000,0.000000,0.000000,GOAL,0.000000,0.000000,0.000000,0,0.004551,0.017720,1.524920,1.489480
trial03_direct,2,212,6.7840,0.337162,0.149372,0.479916,-86.9309,-0.3415,68.963,70.292,0,0,0.000000,0.000000,0.000000,GOAL,0.000000,0.000000,0.000000,0,0.004551,0.017720,1.524920,1.489480
trial03_direct,2,213,6.8160,0.337214,0.148409,0.478951,-86.9540,-0.3192,65.662,67.035,0,0,0.000000,0.000000,0.000000,GOAL,0.000000,0.000000,0.000000,0,0.004551,0.017720,1.524920,1.489480
trial03_direct,2,214,6.8480,0.337265,0.147446,0.477987,-86.9770,-0.2968,70.733,66.498,0,0,0.000000,0.000000,0.000000,GOAL,0.000000,0.000000,0.000000,0,0.004551,0.017720,1.524920,1.489480
trial03_direct,2,215,6.8800,0.337315,0.146483,0.477022,-87.0000,-0.2743,76.988,68.646,0,0,0.000000,0.000000,0.000000,GOAL,0.000000,0.000000,0.000000,0,0.004551,0.017720,1.524920,1.489480
trial03_direct,2,216,6.9120,0.337366,0.145519,0.476058,-87.0230,-0.2518,69.773,68.700,0,0,0.000000,0.000000,0.000000,GOAL,0.000000,0.000000,0.000000,0,0.004551,0.017720,1.524920,1.489480
trial03_direct,2,217,6.9440,0.337416,0.144556,0.475093,-87.0460,-0.2293,64.295,69.608,0,0,0.000000,0.000000,0.000000,GOAL,0.000000,0.000000,0.000000,0,0.004551,0.017720,1.524920,1.489480
trial03_direct,2,218,6.9760,0.337465,0.143593,0.474128,-87.0690,-0.2067,68.978,68.915,0,0,0.000000,0.000000,0.000000,GOAL,0.000000,0.000000,0.000000,0,0.004551,0.017720,1.524920,1.489480
trial03_direct,2,219,7.0080,0.337514,0.142629,0.473164,-87.0920,-0.1841,73.797,68.199,0,0,0.000000,0.000000,0.000000,GOAL,0.000000,0.000000,0.000000,0,0.004551,0.017720,1.524920,1.489480
trial03_direct,2,220,7.0400,0.337563,0.141666,0.472199,-87.1151,-0.1615,71.044,67.116,0,0,0.000000,0.000000,0.000000,GOAL,0.000000,0.000000,0.000000,0,0.004551,0.017720,1.524920,1.489480
trial03_direct,2,221,7.0720,0.337611,0.140702,0.471235,-87.1381,-0.1387,70.055,65.980,0,0,0.000000,0.000000,0.000000,GOAL,0.000000,0.000000,0.000000,0,0.004551,0.017720,1.524920,1.489480
trial03_direct,2,222,7.1040,0.337659,0.139739,0.470270,-87.1611,-0.1160,67.524,71.122,0,0,0.000000,0.000000,0.000000,GOAL,0.000000,0.000000,0.000000,0,0.004551,0.017720,1.524920,1.489480
trial03_direct,2,223,7.1360,0.337707,0.138776,0.469305,-87.1841,-0.0932,69.928,70.427,0,0,0.000000,0.000000,0.000000,GOAL,0.000000,0.000000,0.000000,0,0.004551,0.017720,1.524920,1.489480
trial03_direct,2,224,7.1680,0.337754,0.137812,0.468341,-87.2071,-0.0703,67.294,70.753,0,0,0.000000,0.000000,0.000000,GOAL,0.000000,0.000000,0.000000,0,0.004551,0.017720,1.524920,1.489480
trial03_direct,2,225,7.2000,0.337801,0.136849,0.467376,-87.2301,-0.0475,69.342,68.739,0,0,0.000000,0.000000,0.000000,GOAL,0.000000,0.000000,0.000000,0,0.004551,0.017720,1.524920,1.489480
trial03_direct,2,226,7.2320,0.337847,0.135885,0.466412,-87.2532,-0.0245,71.721,67.840,0,0,0.000000,0.000000,0.000000,GOAL,0.000000,0.000000,0.000000,0,0.004551,0.017720,1.524920,1.489480
trial03_direct,2,227,7.2640,0.337894,0.134922,0.465447,-87.2762,-0.0015,70.054,65.478,0,0,0.000000,0.000000,0.000000,GOAL,0.000000,0.000000,0.000000,0,0.004551,0.017720,1.524920,1.489480
trial03_direct,2,228,7.2960,0.337939,0.133958,0.464482,-87.2992,0.0215,72.040,71.948,0,0,0.000000,0.000000,0.000000,GOAL,0.000000,0.000000,0.000000,0,0.004551,0.017720,1.524920,1.489480
trial03_direct,2,229,7.3280,0.337984,0.132995,0.463518,-87.3222,0.0446,67.979,65.445,0,0,0.000000,0.000000,0.000000,GOAL,0.000000,0.000000,0.000000,0,0.004551,0.017720,1.524920,1.489480
trial03_direct,2,230,7.3600,0.338029,0.132031,0.462553,-87.3452,0.0677,64.567,64.585,0,0,0.000000,0.000000,0.000000,GOAL,0.000000,0.000000,0.000000,0,0.004551,0.017720,1.524920,1.489480
trial03_direct,2,231,7.3920,0.338074,0.131067,0.461589,-87.3682,0.0909,65.891,71.256,0,0,0.000000,0.000000,0.000000,GOAL,0.000000,0.000000,0.000000,0,0.004551,0.017720,1.524920,1.489480
trial03_direct,2,232,7.4240,0.338118,0.130104,0.460624,-87.3912,0.1141,72.486,69.882,0,0,0.000000,0.000000,0.000000,GOAL,0.000000,0.000000,0.000000,0,0.004551,0.017720,1.524920,1.489480
trial03_direct,2,233,7.4560,0.338162,0.129140,0.459659,-87.4143,0.1374,69.802,69.284,0,0,0.000000,0.000000,0.000000,GOAL,0.000000,0.000000,0.000000,0,0.004551,0.017720,1.524920,1.489480
trial03_direct,2,234,7.4880,0.338205,0.128177,0.458695,-87.4373,0.1607,65.679,69.680,0,0,0.000000,0.000000,0.000000,GOAL,0.000000,0.000000,0.000000,0,0.004551,0.017720,1.524920,1.489480
trial03_direct,2,235,7.5200,0.338248,0.127213,0.457730,-87.4603,0.1841,65.632,66.153,0,0,0.000000,0.000000,0.000000,GOAL,0.000000,0.000000,0.000000,0,0.004551,0.017720,1.524920,1.489480
trial03_direct,2,236,7.5520,0.338291,0.126249,0.456765,-87.4833,0.2075,66.867,71.303,0,0,0.000000,0.000000,0.000000,GOAL,0.000000,0.000000,0.000000,0,0.004551,0.017720,1.524920,1.489480
trial03_direct,2,237,7.5840,0.338333,0.125286,0.455801,-87.5063,0.2310,72.815,68.280,0,0,0.000000,0.000000,0.000000,GOAL,0.000000,0.000000,0.000000,0,0.004551,0.017720,1.524920,1.489480
trial03_direct,2,238,7.6160,0.338374,0.124322,0.454836,-87.5293,0.2545,69.419,69.540,0,0,0.000000,0.000000,0.000000,GOAL,0.000000,0.000000,0.000000,0,0.004551,0.017720,1.524920,1.489480
trial03_direct,2,239,7.6480,0.338416,0.123358,0.453872,-87.5523,0.2781,70.939,69.246,0,0,0.000000,0.000000,0.000000,GOAL,0.000000,0.000000,0.000000,0,0.004551,0.017720,1.524920,1.489480
trial03_direct,2,240,7.6800,0.338457,0.122394,0.452907,-87.5753,0.3017,71.481,69.762,0,0,0.000000,0.000000,0.000000,GOAL,0.000000,0.000000,0.000000,0,0.004551,0.017720,1.524920,1.489480
trial03_direct,2,241,7.7120,0.338498,0.121431,0.451943,-87.5984,0.3254,72.117,64.345,0,0,0.000000,0.000000,0.000000,GOAL,0.000000,0.000000,0.000000,0,0.004551,0.017720,1.524920,1.489480
trial03_direct,2,242,7.7440,0.338538,0.120467,0.450978,-87.6214,0.3491,71.389,70.543,0,0,0.000000,0.000000,0.000000,GOAL,0.000000,0.000000,0.000000,0,0.004551,0.017720,1.524920,1.489480
trial03_direct,2,243,7.7760,0.338578,0.119503,0.450013,-87.6444,0.3729,69.556,68.370,0,0,0.000000,0.000000,0.000000,GOAL,0.000000,0.000000,0.000000,0,0.004551,0.017720,1.524920,1.489480
trial03_direct,2,244,7.8080,0.338617,0.118539,0.449049,-87.6674,0.3968,75.162,70.394,0,0,0.000000,0.000000,0.000000,GOAL,0.000000,0.000000,0.000000,0,0.004551,0.017720,1.524920,1.489480
trial03_direct,2,245,7.8400,0.338656,0.117576,0.448084,-87.6904,0.4206,65.682,68.501,0,0,0.000000,0.000000,0.000000,GOAL,0.000000,0.000000,0.000000,0,0.004551,0.017720,1.524920,1.489480
trial03_direct,2,246,7.8720,0.338695,0.116612,0.447120,-87.7134,0.4446,70.591,72.866,0,0,0.000000,0.000000,0.000000,GOAL,0.000000,0.000000,0.000000,0,0.004551,0.017720,1.524920,1.489480
trial03_direct,2,247,7.9040,0.338733,0.115648,0.446155,-87.7364,0.4686,68.519,66.188,0,0,0.000000,0.000000,0.000000,GOAL,0.000000,0.000000,0.000000,0,0.004551,0.017720,1.524920,1.489480
trial03_direct,2,248,7.9360,0.338771,0.114684,0.445190,-87.7594,0.4926,72.026,67.037,0,0,0.000000,0.000000,0.000000,GOAL,0.000000,0.000000,0.000000,0,0.004551,0.017720,1.524920,1.489480
trial03_direct,2,249,7.9680,0.338809,0.113720,0.444226,-87.7825,0.5167,68.691,68.700,0,0,0.000000,0.000000,0.000000,GOAL,0.000000,0.000000,0.000000,0,0.004551,0.017720,1.524920,1.489480
trial03_direct,2,250,8.0000,0.338846,0.112756,0.443261,-87.8055,0.5409,69.540,70.775,0,0,0.000000,0.000000,0.000000,GOAL,0.000000,0.000000,0.000000,0,0.004551,0.017720,1.524920,1.489480
trial03_direct,2,251,8.0320,0.338882,0.111792,0.442297,-87.8285,0.5651,66.996,72.937,0,0,0.000000,0.000000,0.000000,GOAL,0.000000,0.000000,0.000000,0,0.004551,0.017720,1.524920,1.489480
trial03_direct,2,252,8.0640,0.338919,0.110828,0.441332,-87.8515,0.5894,66.826,68.061,0,0,0.000000,0.000000,0.000000,GOAL,0.000000,0.000000,0.000000,0,0.004551,0.017720,1.524920,1.489480
trial03_direct,2,253,8.0960,0.338955,0.109864,0.440368,-87.8745,0.6137,67.294,74.925,0,0,0.000000,0.000000,0.000000,GOAL,0.000000,0.000000,0.000000,0,0.004551,0.017720,1.524920,1.489480
trial03_direct,2,254,8.1280,0.338990,0.108900,0.439403,-87.8975,0.6381,77.505,67.018,0,0,0.000000,0.000000,0.000000,GOAL,0.000000,0.000000,0.000000,0,0.004551,0.017720,1.524920,1.489480
trial03_direct,2,255,8.1600,0.339026,0.107937,0.438439,-87.9205,0.6625,66.668,67.125,0,0,0.000000,0.000000,0.000000,GOAL,0.000000,0.000000,0.000000,0,0.004551,0.017720,1.524920,1.489480
trial03_direct,2,256,8.1920,0.339060,0.106973,0.437474,-87.9435,0.6870,68.613,67.023,0,0,0.000000,0.000000,0.000000,GOAL,0.000000,0.000000,0.000000,0,0.004551,0.017720,1.524920,1.489480
trial03_direct,2,257,8.2240,0.339095,0.106009,0.436509,-87.9666,0.7116,66.516,68.599,0,0,0.000000,0.000000,0.000000,GOAL,0.000000,0.000000,0.000000,0,0.004551,0.017720,1.524920,1.489480
trial03_direct,2,258,8.2560,0.339129,0.105045,0.435545,-87.9896,0.7362,72.362,63.421,0,0,0.000000,0.000000,0.000000,GOAL,0.000000,0.000000,0.000000,0,0.004551,0.017720,1.524920,1.489480
trial03_direct,2,259,8.2880,0.339163,0.104081,0.434580,-88.0126,0.7609,69.465,69.232,0,0,0.000000,0.000000,0.000000,GOAL,0.000000,0.000000,0.000000,0,0.004551,0.017720,1.524920,1.489480
trial03_direct,2,260,8.3200,0.339196,0.103116,0.433616,-88.0356,0.7856,70.051,65.203,0,0,0.000000,0.000000,0.000000,GOAL,0.000000,0.000000,0.000000,0,0.004551,0.017720,1.524920,1.489480
trial03_direct,2,261,8.3520,0.339229,0.102152,0.432651,-88.0586,0.8104,65.728,74.910,0,0,0.000000,0.000000,0.000000,GOAL,0.000000,0.000000,0.000000,0,0.004551,0.017720,1.524920,1.489480
trial03_direct,2,262,8.3840,0.339261,0.101188,0.431687,-88.0816,0.8352,71.807,68.717,0,0,0.000000,0.000000,0.000000,GOAL,0.000000,0.000000,0.000000,0,0.004551,0.017720,1.524920,1.489480
trial03_direct,2,263,8.4160,0.339293,0.100224,0.430722,-88.1046,0.8601,63.964,66.958,0,0,0.000000,0.000000,0.000000,GOAL,0.000000,0.000000,0.000000,0,0.004551,0.017720,1.524920,1.489480
trial03_direct,2,264,8.4480,0.339325,0.099260,0.429758,-88.1276,0.8851,65.068,70.030,0,0,0.000000,0.000000,0.000000,GOAL,0.000000,0.000000,0.000000,0,0.004551,0.017720,1.524920,1.489480
trial03_direct,2,265,8.4800,0.339356,0.098296,0.428793,-88.1506,0.9101,72.850,72.715,0,0,0.000000,0.000000,0.000000,GOAL,0.000000,0.000000,0.000000,0,0.004551,0.017720,1.524920,1.489480
trial03_direct,2,266,8.5120,0.339387,0.097332,0.427829,-88.1736,0.9352,70.365,67.520,0,0,0.000000,0.000000,0.000000,GOAL,0.000000,0.000000,0.000000,0,0.004551,0.017720,1.524920,1.489480
trial03_direct,2,267,8.5440,0.339418,0.096368,0.426864,-88.1967,0.9604,63.881,68.128,0,0,0.000000,0.000000,0.000000,GOAL,0.000000,0.000000,0.000000,0,0.004551,0.017720,1.524920,1.489480
trial03_direct,2,268,8.5760,0.339448,0.095404,0.425900,-88.2197,0.9856,73.146,72.385,0,0,0.000000,0.000000,0.000000,GOAL,0.000000,0.000000,0.000000,0,0.004551,0.017720,1.524920,1.489480
trial03_direct,2,269,8.6080,0.339478,0.094440,0.424935,-88.2427,1.0108,67.678,63.044,0,0,0.000000,0.000000,0.000000,GOAL,0.000000,0.000000,0.000000,0,0.004551,0.017720,1.524920,1.489480
trial03_direct,2,270,8.6400,0.339507,0.093475,0.423971,-88.2657,1.0362,69.605,70.588,0,0,0.000000,0.000000,0.000000,GOAL,0.000000,0.000000,0.000000,0,0.004551,0.017720,1.524920,1.489480
trial03_direct,2,271,8.6720,0.339536,0.092511,0.423007,-88.2887,1.0616,68.771,66.842,0,0,0.000000,0.000000,0.000000,GOAL,0.000000,0.000000,0.000000,0,0.004551,0.017720,1.524920,1.489480
trial03_direct,2,272,8.7040,0.339565,0.091547,0.422042,-88.3117,1.0870,70.297,64.073,0,0,0.000000,0.000000,0.000000,GOAL,0.000000,0.000000,0.000000,0,0.004551,0.017720,1.524920,1.489480
trial03_direct,2,273,8.7360,0.339593,0.090583,0.421078,-88.3347,1.1126,66.103,68.382,0,0,0.000000,0.000000,0.000000,GOAL,0.000000,0.000000,0.000000,0,0.004551,0.017720,1.524920,1.489480
trial03_direct,2,274,8.7680,0.339621,0.089619,0.420113,-88.3577,1.1382,69.897,71.992,0,0,0.000000,0.000000,0.000000,GOAL,0.000000,0.000000,0.000000,0,0.004551,0.017720,1.524920,1.489480
trial03_direct,2,275,8.8000,0.339648,0.088654,0.419149,-88.3807,1.1638,69.895,74.708,0,0,0.000000,0.000000,0.000000,GOAL,0.000000,0.000000,0.000000,0,0.004551,0.017720,1.524920,1.489480
trial03_direct,2,276,8.8320,0.339675,0.087690,0.418184,-88.4038,1.1895,67.177,72.004,0,0,0.000000,0.000000,0.000000,GOAL,0.000000,0.000000,0.000000,0,0.004551,0.017720,1.524920,1.489480
trial03_direct,2,277,8.8640,0.339702,0.086726,0.417220,-88.4268,1.2153,66.692,68.256,0,0,0.000000,0.000000,0.000000,GOAL,0.000000,0.000000,0.000000,0,0.004551,0.017720,1.524920,1.489480
trial03_direct,2,278,8.8960,0.339728,0.085762,0.416256,-88.4498,1.2412,68.025,64.956,0,0,0.000000,0.000000,0.000000,GOAL,0.000000,0.000000,0.000000,0,0.004551,0.017720,1.524920,1.489480
trial03_direct,2,279,8.9280,0.339754,0.084797,0.415291,-88.4728,1.2671,73.159,76.553,0,0,0.000000,0.000000,0.000000,GOAL,0.000000,0.000000,0.000000,0,0.004551,0.017720,1.524920,1.489480
trial03_direct,2,280,8.9600,0.339780,0.083833,0.414327,-88.4958,1.2931,67.214,78.849,0,0,0.000000,0.000000,0.000000,GOAL,0.000000,0.000000,0.000000,0,0.004551,0.017720,1.524920,1.489480
trial03_direct,2,281,8.9920,0.339805,0.082869,0.413363,-88.5188,1.3191,65.813,82.131,0,0,0.000000,0.000000,0.000000,GOAL,-0.003739,-0.000935,0.000000,0,0.004551,0.017720,1.524920,1.489480
trial03_direct,2,282,9.0240,0.339830,0.081905,0.412398,-88.5418,1.3452,70.009,87.845,0,0,0.000000,0.000000,0.000000,GOAL,-0.013763,-0.004142,0.000000,0,0.004551,0.017720,1.524920,1.489480
trial03_direct,2,283,9.0560,0.339854,0.080940,0.411434,-88.5648,1.3714,70.582,88.629,0,0,0.000000,0.000000,0.000000,GOAL,-0.015139,-0.006891,0.000000,0,0.004551,0.017720,1.524920,1.489480
trial03_direct,2,284,9.0880,0.339878,0.079976,0.410470,-88.5878,1.3977,69.799,90.001,0,0,0.000000,0.000000,0.000000,GOAL,-0.017546,-0.009555,0.000000,0,0.004551,0.017720,1.524920,1.489480
trial03_direct,2,285,9.1200,0.339902,0.079012,0.409505,-88.6108,1.4240,68.128,98.896,0,0,0.000000,0.000000,0.000000,GOAL,-0.033151,-0.015454,0.000000,0,0.004551,0.017720,1.524920,1.489480
trial03_direct,2,286,9.1520,0.339925,0.078047,0.408541,-88.6338,1.4504,64.307,97.788,0,0,0.000000,0.000000,0.000000,GOAL,-0.031208,-0.019392,0.000000,0,0.004551,0.017720,1.524920,1.489480
trial03_direct,2,287,9.1840,0.339948,0.077083,0.407577,-88.6569,1.4769,67.259,100.000,0,0,0.000000,0.000000,0.000000,GOAL,-0.035087,-0.023316,0.000000,0,0.004551,0.017720,1.524920,1.489480
trial03_direct,2,288,9.2160,0.339970,0.076119,0.406612,-88.6799,1.5034,69.966,102.920,0,0,0.000000,0.000000,0.000000,GOAL,-0.040210,-0.027539,0.000000,0,0.004551,0.017720,1.524920,1.489480
trial03_direct,2,289,9.2480,0.339992,0.075154,0.405648,-88.7029,1.5300,71.598,103.571,0,0,0.000000,0.000000,0.000000,GOAL,-0.041353,-0.030993,0.000000,0,0.004551,0.017720,1.524920,1.489480
trial03_direct,2,290,9.2800,0.340014,0.074190,0.404684,-88.7259,1.5567,73.244,106.294,0,0,0.000000,0.000000,0.000000,GOAL,-0.046129,-0.034777,0.000000,0,0.004551,0.017720,1.524920,1.489480
trial03_direct,2,291,9.3120,0.340035,0.073226,0.403720,-88.7489,1.5835,69.186,102.017,0,0,0.000000,0.000000,0.000000,GOAL,-0.038625,-0.035739,0.000000,0,0.004551,0.017720,1.524920,1.489480
trial03_direct,2,292,9.3440,0.340056,0.072261,0.402755,-88.7719,1.6103,71.738,112.605,0,0,0.000000,0.000000,0.000000,GOAL,-0.057202,-0.041105,0.000000,0,0.004551,0.017720,1.524920,1.489480
trial03_direct,2,293,9.3760,0.340077,0.071297,0.401791,-88.7949,1.6372,67.150,112.746,0,0,0.000000,0.000000,0.000000,GOAL,-0.057450,-0.045191,0.000000,0,0.004551,0.017720,1.524920,1.489480
trial03_direct,2,294,9.4080,0.340097,0.070332,0.400827,-88.8179,1.6642,69.825,114.086,0,0,0.000000,0.000000,0.000000,GOAL,-0.059800,-0.048843,0.000000,0,0.004551,0.017720,1.524920,1.489480
trial03_direct,2,295,9.4400,0.340116,0.069368,0.399863,-88.8409,1.6912,67.849,115.492,0,0,0.000000,0.000000,0.000000,GOAL,-0.062267,-0.052199,0.000000,0,0.004551,0.017720,1.524920,1.489480
trial03_direct,2,296,9.4720,0.340136,0.068404,0.398899,-88.8639,1.7183,67.765,123.881,0,0,0.000000,0.000000,0.000000,GOAL,-0.076983,-0.058395,0.000000,0,0.004551,0.017720,1.524920,1.489480
trial03_direct,2,297,9.5040,0.340155,0.067439,0.397934,-88.8869,1.7455,70.772,114.691,0,0,0.000000,0.000000,0.000000,GOAL,-0.060861,-0.059012,0.000000,0,0.004551,0.017720,1.524920,1.489480
trial03_direct,2,298,9.5360,0.340173,0.066475,0.396970,-88.9100,1.7728,66.363,125.711,0,0,0.000000,0.000000,0.000000,GOAL,-0.080194,-0.064307,0.000000,0,0.004551,0.017720,1.524920,1.489480
trial03_direct,2,299,9.5680,0.340191,0.065510,0.396006,-88.9330,1.8002,65.384,137.628,0,0,0.000000,0.000000,0.000000,GOAL,-0.101103,-0.073506,0.000000,0,0.004551,0.017720,1.524920,1.489480
trial03_direct,2,300,9.6000,0.340209,0.064546,0.395042,-88.9560,1.8276,68.712,135.477,0,0,0.000000,0.000000,0.000000,GOAL,-0.097329,-0.079462,0.000000,0,0.004551,0.017720,1.524920,1.489480
trial03_direct,2,301,9.6320,0.340226,0.063581,0.394078,-88.9790,1.8551,66.438,134.679,0,0,0.000000,0.000000,0.000000,GOAL,-0.095929,-0.083579,0.000000,0,0.004551,0.017720,1.524920,1.489480
trial03_direct,2,302,9.6640,0.340243,0.062617,0.393114,-89.0020,1.8827,71.474,142.207,0,0,0.000000,0.000000,0.000000,GOAL,-0.109135,-0.089968,0.000000,0,0.004551,0.017720,1.524920,1.489480
trial03_direct,2,303,9.6960,0.340260,0.061652,0.392150,-89.0250,1.9104,66.692,139.318,0,0,0.000000,0.000000,0.000000,GOAL,-0.104066,-0.093492,0.000000,0,0.004551,0.017720,1.524920,1.489480
trial03_direct,2,304,9.7280,0.340276,0.060688,0.391186,-89.0480,1.9381,74.908,154.289,0,0,0.000000,0.000000,0.000000,GOAL,-0.130332,-0.102702,0.000000,0,0.004551,0.017720,1.524920,1.489480
trial03_direct,2,305,9.7600,0.340292,0.059724,0.390222,-89.0710,1.9659,69.182,153.261,0,0,0.000000,0.000000,0.000000,GOAL,-0.128527,-0.109159,0.000000,0,0.004551,0.017720,1.524920,1.489480
trial03_direct,2,306,9.7920,0.340308,0.058759,0.389257,-89.0940,1.9938,68.361,151.460,0,0,0.000000,0.000000,0.000000,GOAL,-0.125369,-0.113211,0.000000,0,0.004551,0.017720,1.524920,1.489480
trial03_direct,2,307,9.8240,0.340323,0.057795,0.388293,-89.1170,2.0218,68.180,159.442,0,0,0.000000,0.000000,0.000000,GOAL,-0.139372,-0.119751,0.000000,0,0.004551,0.017720,1.524920,1.489480
trial03_direct,2,308,9.8560,0.340337,0.056830,0.387329,-89.1400,2.0499,70.876,161.480,0,0,0.000000,0.000000,0.000000,GOAL,-0.142948,-0.125550,0.000000,0,0.004551,0.017720,1.524920,1.489480
trial03_direct,2,309,9.8880,0.340352,0.055866,0.386365,-89.1630,2.0780,68.627,176.984,0,0,0.000000,0.000000,0.000000,GOAL,-0.170147,-0.136700,0.000000,0,0.004551,0.017720,1.524920,1.489480
trial03_direct,2,310,9.9200,0.340366,0.054901,0.385402,-89.1861,2.1063,69.564,184.348,0,0,0.000000,0.000000,0.000000,GOAL,-0.183066,-0.148291,0.000000,0,0.004551,0.017720,1.524920,1.489480
trial03_direct,2,311,9.9520,0.340379,0.053937,0.384438,-89.2091,2.1346,66.380,193.483,0,0,0.000000,0.000000,0.000000,GOAL,-0.199093,-0.160992,0.000000,0,0.004551,0.017720,1.524920,1.489480
trial03_direct,2,312,9.9840,0.340392,0.052972,0.383474,-89.2321,2.1630,66.554,197.238,0,0,0.000000,0.000000,0.000000,GOAL,-0.205681,-0.172164,0.000000,0,0.004551,0.017720,1.524920,1.489480
trial03_direct,2,313,10.0160,0.340405,0.052008,0.382510,-89.2551,2.1915,64.806,205.688,0,0,0.000000,0.000000,0.000000,GOAL,-0.220506,-0.184250,0.000000,0,0.004551,0.017720,1.524920,1.489480
trial03_direct,2,314,10.0480,0.340417,0.051043,0.381546,-89.2781,2.2200,66.935,201.025,0,0,0.000000,0.000000,0.000000,GOAL,-0.212324,-0.191268,0.000000,0,0.004551,0.017720,1.524920,1.489480
trial03_direct,2,315,10.0800,0.340429,0.050078,0.380582,-89.3011,2.2487,71.180,223.741,0,0,0.000000,0.000000,0.000000,GOAL,-0.252178,-0.206496,0.000000,0,0.004551,0.017720,1.524920,1.489480
trial03_direct,2,316,10.1120,0.340441,0.049114,0.379618,-89.3241,2.2775,70.958,222.075,0,0,0.000000,0.000000,0.000000,GOAL,-0.249254,-0.217185,0.000000,0,0.004551,0.017720,1.524920,1.489480
trial03_direct,2,317,10.1440,0.340452,0.048149,0.378654,-89.3471,2.3063,231.530,235.279,0,0,0.000000,0.000000,0.000000,GOAL,-0.006578,-0.164533,0.000000,0,0.004551,0.017720,1.487157,1.451717
trial03_direct,2,318,10.1760,0.340463,0.047209,0.377715,-89.3701,2.3351,254.680,258.483,1,0,-0.794324,-0.198581,0.166986,BLEND,-0.006673,-0.125068,0.166986,0,0.004551,-0.099774,1.414267,1.437574
trial03_direct,2,319,10.2080,0.340473,0.046296,0.376803,-89.3550,2.3256,263.058,272.384,0,1,0.798342,0.050650,0.196562,BLEND,-0.016363,-0.097892,0.196562,0,0.004551,0.048624,1.389397,1.382565
trial03_direct,2,320,10.2400,0.340482,0.045409,0.375916,-89.3595,2.3357,275.636,281.006,1,1,-0.002975,0.037244,0.214906,BLEND,-0.009421,-0.075774,0.214906,0,0.004551,0.041557,1.362029,1.336127
trial03_direct,2,321,10.2720,0.340492,0.044546,0.375054,-89.3763,2.3579,293.078,288.983,1,1,-0.002940,0.027198,0.240591,BLEND,0.007184,-0.055035,0.240591,0,0.004551,0.036058,1.331797,1.294341
trial03_direct,2,322,10.3040,0.340501,0.043706,0.374214,-89.4006,2.3874,320.394,311.243,1,1,-0.460485,-0.094723,0.298710,BLEND,0.016054,-0.037263,0.298710,0,0.004551,-0.085303,1.262533,1.277092
trial03_direct,2,323,10.3360,0.340509,0.042893,0.373402,-89.3911,2.3831,304.092,326.478,2,1,-0.263273,-0.136861,0.311655,BLEND,-0.039274,-0.037765,0.311655,0,0.004551,-0.135127,1.198478,1.276961
trial03_direct,2,324,10.3680,0.340518,0.042101,0.372611,-89.3404,2.3375,341.399,335.014,1,2,0.263524,-0.036764,0.343403,BLEND,0.011201,-0.025524,0.343403,0,0.004551,-0.031972,1.161200,1.236048
trial03_direct,2,325,10.4000,0.340526,0.041334,0.371844,-89.2920,2.2940,347.814,347.787,2,1,-0.263721,-0.093504,0.357052,BLEND,0.000048,-0.019131,0.357052,0,0.004551,-0.103921,1.108964,1.217061
trial03_direct,2,326,10.4320,0.340536,0.040590,0.371101,-89.2222,2.2287,338.571,355.985,1,2,0.263344,-0.004292,0.374437,BLEND,-0.030551,-0.021986,0.374437,0,0.004551,0.005535,1.097494,1.175800
trial03_direct,2,327,10.4640,0.340546,0.039862,0.370374,-89.1715,2.1824,363.601,380.053,2,2,-0.004918,-0.004448,0.425646,BLEND,-0.028864,-0.023705,0.425646,0,0.004551,0.003638,1.072325,1.129235
trial03_direct,2,328,10.4960,0.340556,0.039158,0.369670,-89.1346,2.1496,370.372,384.729,2,1,-0.266149,-0.069873,0.435594,BLEND,-0.025188,-0.024076,0.435594,0,0.004551,-0.095126,1.025005,1.115250
trial03_direct,2,329,10.5280,0.340567,0.038473,0.368985,-89.0763,2.0953,389.239,410.081,2,2,-0.000239,-0.052465,0.489534,BLEND,-0.036564,-0.027198,0.489534,0,0.004551,-0.079665,0.978886,1.086403
trial03_direct,2,330,10.5600,0.340577,0.037812,0.368325,-89.0068,2.0296,419.571,448.320,3,2,-0.157110,-0.078626,0.570894,BLEND,-0.050437,-0.033008,0.570894,0,0.004551,-0.147437,0.904878,1.059234
trial03_direct,2,331,10.5920,0.340589,0.037184,0.367697,-88.9073,1.9334,460.079,469.964,3,3,0.002588,-0.058323,0.616944,BLEND,-0.017342,-0.029091,0.616944,0,0.004551,-0.117493,0.836487,1.011001
trial03_direct,2,332,10.6240,0.340600,0.036593,0.367106,-88.7947,1.8239,497.724,498.786,3,3,0.002399,-0.043142,0.678268,BLEND,-0.001864,-0.022284,0.678268,0,0.004551,-0.095370,0.768938,0.947509
trial03_direct,2,333,10.6560,0.340612,0.036044,0.366557,-88.6795,1.7115,506.777,508.353,3,3,0.002267,-0.031790,0.698623,BLEND,-0.002764,-0.017404,0.698623,0,0.004551,-0.071370,0.718174,0.887786
trial03_direct,2,334,10.6880,0.340624,0.035530,0.366043,-88.5702,1.6044,480.865,554.115,3,3,-0.000235,-0.023901,0.795989,AVOID,-0.128508,-0.045180,0.795989,0,0.004551,-0.062098,0.675912,0.834171
trial03_direct,2,335,10.7200,0.340637,0.035047,0.365560,-88.4681,1.5044,543.658,566.009,4,3,-0.111723,-0.045857,0.821296,AVOID,-0.039212,-0.043688,0.821296,0,0.004551,-0.126918,0.603531,0.785683
trial03_direct,2,336,10.7520,0.340649,0.034602,0.365116,-88.3507,1.3888,570.186,626.859,4,4,0.000704,-0.034217,0.950765,AVOID,-0.099427,-0.057623,0.950765,0,0.004551,-0.111493,0.524460,0.716821
trial03_direct,2,337,10.7840,0.340661,0.034205,0.364718,-88.2267,1.2663,573.074,637.806,4,4,-0.001467,-0.026029,0.974056,AVOID,-0.113565,-0.071609,0.974056,0,0.004551,-0.087113,0.466718,0.654545
trial03_direct,2,338,10.8160,0.340672,0.033847,0.364360,-88.1057,1.1464,569.839,731.524,4,3,-0.114361,-0.048112,1.000000,AVOID,-0.140633,-0.088865,1.000000,0,0.004551,-0.166180,0.400708,0.624668
trial03_direct,2,339,10.8480,0.340683,0.033519,0.364032,-87.9614,1.0031,638.034,784.260,5,4,-0.086489,-0.057707,1.000000,AVOID,-0.020993,-0.071897,1.000000,0,0.004551,-0.199318,0.320564,0.588193
trial03_direct,2,340,10.8800,0.340694,0.033228,0.363741,-87.7890,0.8315,666.716,856.817,4,5,0.088081,-0.021260,1.000000,AVOID,0.000000,-0.053923,1.000000,0,0.004551,-0.073431,0.288005,0.525442
trial03_direct,2,341,10.9120,0.340704,0.032968,0.363481,-87.6361,0.6791,697.557,886.353,4,4,-0.000717,-0.016124,1.000000,AVOID,0.000000,-0.040442,1.000000,0,0.004551,-0.055692,0.268021,0.473945
trial03_direct,2,342,10.9440,0.340714,0.032731,0.363243,-87.5034,0.5468,729.984,982.209,5,4,-0.086502,-0.033718,1.000000,AVOID,0.000000,-0.030331,1.000000,0,0.004551,-0.116464,0.237840,0.450515
trial03_direct,2,343,10.9760,0.340724,0.032511,0.363023,-87.3664,0.4101,829.046,1034.894,4,5,0.088072,-0.003271,1.000000,AVOID,0.000000,-0.022749,1.000000,0,0.004551,-0.011297,0.241495,0.406650
trial03_direct,2,344,11.0080,0.340734,0.032304,0.362815,-87.2600,0.3039,803.500,1073.944,4,4,-0.000724,-0.002634,1.000000,AVOID,0.000000,-0.017061,1.000000,0,0.004551,-0.009098,0.244787,0.373202
trial03_direct,2,345,11.0400,0.340744,0.032106,0.362618,-87.1772,0.2212,914.977,1084.293,5,4,-0.086478,-0.023595,1.000000,AVOID,0.000000,-0.012796,1.000000,0,0.004551,-0.081497,0.229156,0.366216
trial03_direct,2,346,11.0720,0.340753,0.031916,0.362427,-87.0888,0.1329,865.476,1123.696,4,5,0.088064,0.004320,1.000000,AVOID,0.000000,-0.009597,1.000000,0,0.004551,0.014921,0.241537,0.336872
trial03_direct,2,347,11.1040,0.340763,0.031731,0.362242,-87.0273,0.0714,899.041,1112.468,4,4,-0.000731,0.003057,1.000000,AVOID,0.000000,-0.007198,1.000000,0,0.004551,0.010559,0.249733,0.315954
trial03_direct,2,348,11.1360,0.340773,0.031550,0.362061,-86.9845,0.0287,965.633,1200.896,5,4,-0.086454,-0.019321,1.000000,AVOID,0.000000,-0.005398,1.000000,0,0.004551,-0.066733,0.236556,0.319589
trial03_direct,2,349,11.1680,0.340782,0.031373,0.361883,-86.9309,-0.0250,971.731,1228.571,4,5,0.088056,0.007523,1.000000,AVOID,0.000000,-0.004049,1.000000,0,0.004551,0.025986,0.249854,0.299135
trial03_direct,2,350,11.2000,0.340792,0.031197,0.361707,-86.8990,-0.0569,1028.075,1307.070,4,4,-0.000739,0.005458,1.000000,AVOID,0.000000,-0.003037,1.000000,0,0.004551,0.018852,0.258043,0.285578
trial03_direct,2,351,11.2320,0.340801,0.031023,0.361534,-86.8811,-0.0749,1048.088,1296.437,4,4,-0.459458,-0.110771,1.000000,AVOID,0.000000,-0.002277,1.000000,0,0.004551,-0.382603,0.163822,0.375775
trial03_direct,2,352,11.2640,0.340811,0.030851,0.361361,-86.7446,-0.2114,1044.444,1322.654,5,5,-0.000841,-0.083289,1.000000,AVOID,0.000000,-0.001708,1.000000,0,0.004551,-0.287679,0.116886,0.419691
trial03_direct,2,353,11.2960,0.340821,0.030680,0.361189,-86.5496,-0.4066,1045.407,1380.221,4,4,-0.000746,-0.062653,1.000000,AVOID,0.000000,-0.001281,1.000000,0,0.004551,-0.216403,0.099504,0.434809
trial03_direct,2,354,11.3280,0.340831,0.030509,0.361018,-86.3336,-0.6227,1126.429,1402.631,4,4,-0.000661,-0.047155,1.000000,AVOID,0.000000,-0.000961,1.000000,0,0.004551,-0.162874,0.099849,0.432765
trial03_direct,2,355,11.3600,0.340842,0.030339,0.360848,-86.1192,-0.8374,1141.494,1439.249,5,5,-0.000850,-0.035579,1.000000,AVOID,0.000000,-0.000721,1.000000,0,0.004551,-0.122889,0.110105,0.421236
trial03_direct,2,356,11.3920,0.340854,0.030169,0.360678,-85.9189,-1.0382,1132.954,1464.696,4,4,-0.000754,-0.026872,1.000000,AVOID,0.000000,-0.000540,1.000000,0,0.004551,-0.092818,0.125314,0.405072
trial03_direct,2,357,11.4240,0.340866,0.030000,0.360508,-85.7386,-1.2190,1143.050,1514.463,4,4,-0.000668,-0.020321,1.000000,AVOID,0.000000,-0.000405,1.000000,0,0.004551,-0.070190,0.142378,0.387291
trial03_direct,2,358,11.4560,0.340879,0.029831,0.360339,-85.5809,-1.3774,1170.206,1545.603,5,5,-0.000858,-0.015456,1.000000,AVOID,0.000000,-0.000304,1.000000,0,0.004551,-0.053384,0.159378,0.369754
trial03_direct,2,359,11.4880,0.340892,0.029662,0.360169,-85.4453,-1.5136,1184.732,1545.026,4,4,-0.000761,-0.011782,1.000000,AVOID,0.000000,-0.000228,1.000000,0,0.004551,-0.040695,0.175299,0.353430
trial03_direct,2,360,11.5200,0.340906,0.029493,0.360000,-85.3305,-1.6292,1233.254,1581.382,4,4,-0.000675,-0.009005,1.000000,AVOID,0.000000,-0.000171,1.000000,0,0.004551,-0.031104,0.189639,0.338788
trial03_direct,2,361,11.5520,0.340920,0.029325,0.359831,-85.2343,-1.7262,1226.843,1591.464,5,4,0.381220,0.088551,1.000000,AVOID,0.000000,-0.000128,1.000000,0,0.004551,0.305856,0.284633,0.243567
trial03_direct,2,362,11.5840,0.340934,0.029156,0.359662,-85.2608,-1.7005,1298.016,1617.442,4,5,0.088120,0.088443,1.000000,AVOID,0.000000,-0.000096,1.000000,0,0.004551,0.305483,0.355785,0.172245
trial03_direct,2,363,11.6160,0.340948,0.028988,0.359493,-85.3791,-1.5831,1304.546,1654.221,4,4,-0.000682,0.066162,1.000000,AVOID,0.000000,-0.000072,1.000000,0,0.004551,0.228524,0.389910,0.137992
trial03_direct,2,364,11.6480,0.340962,0.028820,0.359324,-85.5413,-1.4216,1354.912,1682.472,5,4,-0.086619,0.027967,1.000000,AVOID,0.000000,-0.000054,1.000000,0,0.004551,0.096598,0.382522,0.145285
trial03_direct,2,365,11.6800,0.340975,0.028651,0.359156,-85.6941,-1.2694,1398.375,1682.335,4,5,0.088112,0.043003,1.000000,AVOID,0.000000,-0.000041,1.000000,0,0.004551,0.148533,0.389965,0.137770
trial03_direct,2,366,11.7120,0.340988,0.028483,0.358987,-85.8566,-1.1075,1444.332,1715.363,4,4,-0.000689,0.032080,1.000000,AVOID,0.000000,-0.000030,1.000000,0,0.004551,0.110805,0.386115,0.141566
trial03_direct,2,367,11.7440,0.341000,0.028315,0.358818,-86.0141,-0.9505,1492.793,1725.615,5,4,-0.086596,0.002411,1.000000,AVOID,0.000000,-0.000023,1.000000,0,0.004551,0.008329,0.357608,0.170033
trial03_direct,2,368,11.7760,0.341011,0.028146,0.358649,-86.1350,-0.8300,1512.235,1761.378,4,5,0.088105,0.023835,1.000000,AVOID,0.000000,-0.000017,1.000000,0,0.004551,0.082325,0.354727,0.172883
trial03_direct,2,369,11.8080,0.341023,0.027978,0.358480,-86.2523,-0.7132,1545.365,1772.138,4,4,-0.000695,0.017702,1.000000,AVOID,0.000000,-0.000013,1.000000,0,0.004551,0.061143,0.347271,0.180317
trial03_direct,2,370,11.8400,0.341034,0.027809,0.358311,-86.3599,-0.6059,1559.432,1798.322,5,4,-0.086573,-0.008367,1.000000,AVOID,0.000000,-0.000010,1.000000,0,0.004551,-0.028898,0.319169,0.208402
trial03_direct,2,371,11.8720,0.341044,0.027641,0.358143,-86.4314,-0.5347,1615.436,1816.109,4,5,0.088097,0.015749,1.000000,AVOID,0.000000,-0.000007,1.000000,0,0.004551,0.054398,0.318916,0.208642
trial03_direct,2,372,11.9040,0.341055,0.027472,0.357974,-86.5025,-0.4637,1636.542,1844.695,4,4,-0.000702,0.011636,1.000000,AVOID,0.000000,-0.000005,1.000000,0,0.004551,0.040192,0.315175,0.212374
trial03_direct,2,373,11.9360,0.341065,0.027304,0.357805,-86.5689,-0.3976,1650.831,1867.648,5,4,-0.086549,-0.012910,1.000000,AVOID,0.000000,-0.000004,1.000000,0,0.004551,-0.044592,0.291173,0.236368
trial03_direct,2,374,11.9680,0.341075,0.027135,0.357636,-86.6044,-0.3623,1693.058,1889.022,4,5,0.088089,0.012340,1.000000,AVOID,0.000000,-0.000003,1.000000,0,0.004551,0.042621,0.294975,0.232561
trial03_direct,2,375,12.0000,0.341085,0.026967,0.357467,-86.6447,-0.3221,1707.245,1925.792,4,4,-0.000710,0.009077,1.000000,AVOID,0.000000,-0.000002,1.000000,0,0.004551,0.031353,0.295010,0.232522
trial03_direct,2,376,12.0320,0.341094,0.026866,0.357366,-86.6829,-0.2846,1612.638,1809.475,5,4,-0.086526,-0.014823,1.000000,AVOID,0.000000,-0.000002,1.000000,0,0.004551,-0.051200,0.274397,0.253132
trial03_direct,2,377,12.0640,0.341104,0.026903,0.357403,-86.6633,-0.3059,1660.215,1857.549,4,5,0.088081,0.010903,1.000000,AVOID,0.000000,-0.000001,1.000000,0,0.004551,0.037657,0.281152,0.246375
trial03_direct,2,378,12.0960,0.341113,0.026894,0.357393,-86.6885,-0.2823,1673.903,1875.276,4,4,-0.000717,0.007998,1.000000,AVOID,0.000000,-0.000001,1.000000,0,0.004551,0.027624,0.283710,0.243815
trial03_direct,2,379,12.1280,0.341123,0.026885,0.357384,-86.7183,-0.2539,1676.787,1876.349,5,4,-0.086502,-0.015627,1.000000,AVOID,0.000000,-0.000001,1.000000,0,0.004551,-0.053976,0.265229,0.262295
trial03_direct,2,380,12.1600,0.341132,0.026877,0.357375,-86.7243,-0.2494,1704.467,1880.421,4,5,0.088072,0.010298,1.000000,AVOID,0.000000,-0.000001,1.000000,0,0.004551,0.035568,0.273753,0.253769
trial03_direct,2,381,12.1920,0.341142,0.026868,0.357366,-86.7402,-0.2349,1674.219,1889.870,4,4,-0.000724,0.007542,1.000000,AVOID,0.000000,-0.000000,1.000000,0,0.004551,0.026051,0.277768,0.249754
trial03_direct,2,382,12.2240,0.341151,0.026860,0.357357,-86.7604,-0.2162,1693.542,1878.369,5,4,-0.086478,-0.015963,1.000000,AVOID,0.000000,-0.000000,1.000000,0,0.004551,-0.055135,0.260482,0.267040
trial03_direct,2,383,12.2560,0.341161,0.026852,0.357349,-86.7587,-0.2194,1674.268,1893.553,4,5,0.088064,0.010044,1.000000,AVOID,0.000000,-0.000000,1.000000,0,0.004551,0.034692,0.269974,0.257547
trial03_direct,2,384,12.2880,0.341170,0.026844,0.357340,-86.7692,-0.2103,1695.232,1894.117,4,4,-0.000731,0.007350,1.000000,AVOID,0.000000,-0.000000,1.000000,0,0.004551,0.025387,0.274768,0.252753
trial03_direct,2,385,12.3200,0.341180,0.026836,0.357332,-86.7845,-0.1965,1679.896,1904.818,5,4,-0.086454,-0.016101,1.000000,AVOID,0.000000,-0.000000,1.000000,0,0.004551,-0.055612,0.258113,0.269408
trial03_direct,2,386,12.3520,0.341189,0.026829,0.357324,-86.7788,-0.2036,1691.323,1897.333,4,5,0.088056,0.009938,1.000000,AVOID,0.000000,-0.000000,1.000000,0,0.004551,0.034327,0.268106,0.259414
trial03_direct,2,387,12.3840,0.341199,0.026822,0.357317,-86.7861,-0.1977,1699.105,1894.579,4,4,-0.000739,0.007269,1.000000,AVOID,0.000000,-0.000000,1.000000,0,0.004551,0.025108,0.273297,0.254224
trial03_direct,2,388,12.4160,0.341208,0.026816,0.357310,-86.8005,-0.1848,1716.955,1897.931,4,4,-0.459458,-0.109413,1.000000,AVOID,0.000000,-0.000000,1.000000,0,0.004551,-0.377911,0.176435,0.351086
trial03_direct,2,389,12.4480,0.341218,0.026810,0.357304,-86.6881,-0.2986,1709.782,1911.520,5,5,-0.000841,-0.082270,1.000000,AVOID,0.000000,-0.000000,1.000000,0,0.004551,-0.284160,0.127226,0.400294
trial03_direct,2,390,12.4800,0.341228,0.026804,0.357298,-86.5112,-0.4771,1699.976,1906.589,4,4,-0.000746,-0.061889,1.000000,AVOID,0.000000,-0.000000,1.000000,0,0.004551,-0.213764,0.107918,0.419602
trial03_direct,2,391,12.5120,0.341239,0.026799,0.357292,-86.3087,-0.6813,1695.798,1924.844,4,4,-0.000661,-0.046582,1.000000,AVOID,0.000000,-0.000000,1.000000,0,0.004551,-0.160894,0.106655,0.420865
trial03_direct,2,392,12.5440,0.341250,0.026795,0.357287,-86.1042,-0.8876,1669.865,1933.397,5,5,-0.000850,-0.035149,1.000000,AVOID,0.000000,-0.000000,1.000000,0,0.004551,-0.121405,0.115580,0.411940
trial03_direct,2,393,12.5760,0.341262,0.026791,0.357282,-85.9109,-1.0827,1669.960,1925.982,4,4,-0.000754,-0.026550,1.000000,AVOID,0.000000,-0.000000,1.000000,0,0.004551,-0.091704,0.129699,0.397821
trial03_direct,2,394,12.6080,0.341274,0.026787,0.357278,-85.7359,-1.2598,1674.236,1916.526,4,4,-0.000668,-0.020080,1.000000,AVOID,0.000000,-0.000000,1.000000,0,0.004551,-0.069355,0.145876,0.381644
trial03_direct,2,395,12.6400,0.341287,0.026784,0.357274,-85.5816,-1.4161,1683.811,1939.429,5,5,-0.000858,-0.015274,1.000000,AVOID,0.000000,-0.000000,1.000000,0,0.004551,-0.052758,0.162157,0.365363
trial03_direct,2,396,12.6720,0.341301,0.026781,0.357271,-85.4483,-1.5515,1675.840,1946.690,4,4,-0.000761,-0.011646,1.000000,AVOID,0.000000,-0.000000,1.000000,0,0.004551,-0.040225,0.177502,0.350018
trial03_direct,2,397,12.7040,0.341314,0.026780,0.357269,-85.3349,-1.6671,1657.473,1930.922,4,4,-0.000675,-0.008903,1.000000,AVOID,0.000000,-0.000000,1.000000,0,0.004551,-0.030752,0.191378,0.336142
trial03_direct,2,398,12.7360,0.341328,0.026778,0.357266,-85.2393,-1.7649,1670.979,1944.649,5,4,0.381220,0.088628,1.000000,AVOID,0.000000,-0.000000,1.000000,0,0.004551,0.306120,0.286004,0.241516
trial03_direct,2,399,12.7680,0.341343,0.026777,0.357264,-85.2677,-1.7388,1639.355,1938.353,4,5,0.088120,0.088501,1.000000,AVOID,0.000000,-0.000000,1.000000,0,0.004551,0.305682,0.356863,0.170657
trial03_direct,2,400,12.8000,0.341356,0.026776,0.357263,-85.3879,-1.6208,1676.540,1957.019,4,4,-0.000682,0.066205,1.000000,AVOID,0.000000,-0.000000,1.000000,0,0.004551,0.228673,0.390755,0.136765
trial03_direct,2,401,12.8320,0.341370,0.026775,0.357261,-85.5522,-1.4586,1665.131,1937.222,5,4,-0.086619,0.027999,1.000000,AVOID,0.000000,-0.000000,1.000000,0,0.004551,0.096709,0.383184,0.144336
trial03_direct,2,402,12.8640,0.341383,0.026774,0.357260,-85.7073,-1.3056,1672.863,1935.960,4,5,0.088112,0.043027,1.000000,AVOID,0.000000,-0.000000,1.000000,0,0.004551,0.148617,0.390482,0.137038
trial03_direct,2,403,12.8960,0.341395,0.026774,0.357259,-85.8718,-1.1430,1690.651,1931.198,4,4,-0.000689,0.032098,1.000000,AVOID,0.000000,-0.000000,1.000000,0,0.004551,0.110868,0.386519,0.141001
trial03_direct,2,404,12.9280,0.341407,0.026773,0.357258,-86.0315,-0.9852,1686.986,1942.996,5,4,-0.086596,0.002425,1.000000,AVOID,0.000000,-0.000000,1.000000,0,0.004551,0.008376,0.357923,0.169597
trial03_direct,2,405,12.9600,0.341418,0.026773,0.357257,-86.1548,-0.8637,1701.842,1911.534,4,5,0.088105,0.023845,1.000000,AVOID,0.000000,-0.000000,1.000000,0,0.004551,0.082360,0.354972,0.172548
trial03_direct,2,406,12.9920,0.341429,0.026773,0.357256,-86.2742,-0.7461,1702.871,1926.393,4,4,-0.000695,0.017710,1.000000,AVOID,0.000000,-0.000000,1.000000,0,0.004551,0.061169,0.347461,0.180059
trial03_direct,2,407,13.0240,0.341440,0.026773,0.357255,-86.3841,-0.6380,1705.162,1914.699,5,4,-0.086573,-0.008361,1.000000,AVOID,0.000000,-0.000000,1.000000,0,0.004551,-0.028878,0.319316,0.208204
trial03_direct,2,408,13.0560,0.341450,0.026772,0.357254,-86.4581,-0.5656,1697.769,1925.541,4,5,0.088097,0.015753,1.000000,AVOID,0.000000,-0.000000,1.000000,0,0.004551,0.054413,0.319030,0.208490
trial03_direct,2,409,13.0880,0.341461,0.026772,0.357254,-86.5316,-0.4938,1711.146,1912.559,4,4,-0.000702,0.011640,1.000000,AVOID,0.000000,-0.000000,1.000000,0,0.004551,0.040203,0.315264,0.212256
trial03_direct,2,410,13.1200,0.341471,0.026772,0.357253,-86.6003,-0.4267,1706.960,1917.259,5,4,-0.086549,-0.012908,1.000000,AVOID,0.000000,-0.000000,1.000000,0,0.004551,-0.044583,0.291242,0.236278
trial03_direct,2,411,13.1520,0.341480,0.026772,0.357252,-86.6383,-0.3903,1702.439,1917.150,4,5,0.088089,0.012341,1.000000,AVOID,0.000000,-0.000000,1.000000,0,0.004551,0.042627,0.295028,0.232492
trial03_direct,2,412,13.1840,0.341490,0.026772,0.357252,-86.6810,-0.3491,1698.235,1902.509,4,4,-0.000710,0.009079,1.000000,AVOID,0.000000,-0.000000,1.000000,0,0.004551,0.031358,0.295051,0.232469
trial03_direct,2,413,13.2160,0.341500,0.026772,0.357251,-86.7239,-0.3077,1713.648,1916.250,5,4,-0.086526,-0.014822,1.000000,AVOID,0.000000,-0.000000,1.000000,0,0.004551,-0.051197,0.274429,0.253091
trial03_direct,2,414,13.2480,0.341509,0.026772,0.357251,-86.7389,-0.2942,1700.398,1894.629,4,5,0.088081,0.010903,1.000000,AVOID,0.000000,-0.000000,1.000000,0,0.004551,0.037660,0.281177,0.246343
trial03_direct,2,415,13.2800,0.341519,0.026772,0.357250,-86.7628,-0.2719,1722.159,1913.663,4,4,-0.000717,0.007998,1.000000,AVOID,0.000000,-0.000000,1.000000,0,0.004551,0.027626,0.283729,0.243791
trial03_direct,2,416,13.3120,0.341528,0.026772,0.357250,-86.7901,-0.2460,1726.631,1907.653,5,4,-0.086502,-0.015627,1.000000,AVOID,0.000000,-0.000000,1.000000,0,0.004551,-0.053975,0.265243,0.262277
trial03_direct,2,417,13.3440,0.341538,0.026772,0.357249,-86.7949,-0.2428,1709.850,1893.774,4,5,0.088072,0.010298,1.000000,AVOID,0.000000,-0.000000,1.000000,0,0.004551,0.035569,0.273765,0.253755
trial03_direct,2,418,13.3760,0.341547,0.026772,0.357249,-86.8094,-0.2298,1709.007,1904.741,4,4,-0.000724,0.007543,1.000000,AVOID,0.000000,-0.000000,1.000000,0,0.004551,0.026052,0.277776,0.249744
trial03_direct,2,419,13.4080,0.341556,0.026772,0.357248,-86.8280,-0.2126,1714.640,1908.748,5,4,-0.086478,-0.015963,1.000000,AVOID,0.000000,-0.000000,1.000000,0,0.004551,-0.055135,0.260489,0.267031
trial03_direct,2,420,13.4400,0.341566,0.026772,0.357248,-86.8258,-0.2163,1720.714,1899.543,4,5,0.088064,0.010044,1.000000,AVOID,0.000000,-0.000000,1.000000,0,0.004551,0.034692,0.269980,0.257540
trial03_direct,2,421,13.4720,0.341575,0.026772,0.357247,-86.8359,-0.2078,1716.213,1900.988,4,4,-0.000731,0.007350,1.000000,AVOID,0.000000,-0.000000,1.000000,0,0.004551,0.025388,0.274772,0.252748
trial03_direct,2,422,13.5040,0.341584,0.026772,0.357247,-86.8503,-0.1949,1716.846,1911.877,5,4,-0.086454,-0.016101,1.000000,AVOID,0.000000,-0.000000,1.000000,0,0.004551,-0.055612,0.258116,0.269404
trial03_direct,2,423,13.5360,0.341593,0.026772,0.357246,-86.8444,-0.2023,1726.565,1904.223,4,5,0.088056,0.009938,1.000000,AVOID,0.000000,-0.000000,1.000000,0,0.004551,0.034327,0.268109,0.259411
trial03_direct,2,424,13.5680,0.341603,0.026772,0.357246,-86.8515,-0.1966,1715.296,1914.478,4,4,-0.000739,0.007269,1.000000,AVOID,0.000000,-0.000000,1.000000,0,0.004551,0.025108,0.273298,0.254222
trial03_direct,2,425,13.6000,0.341612,0.026772,0.357245,-86.8657,-0.1839,1713.255,1916.219,4,4,-0.459458,-0.109413,1.000000,AVOID,0.000000,-0.000000,1.000000,0,0.004551,-0.377911,0.176436,0.351084
trial03_direct,2,426,13.6320,0.341621,0.026772,0.357245,-86.7532,-0.2979,1710.315,1897.126,5,5,-0.000841,-0.082270,1.000000,AVOID,0.000000,-0.000000,1.000000,0,0.004551,-0.284160,0.127227,0.400293
trial03_direct,2,427,13.6640,0.341631,0.026772,0.357244,-86.5761,-0.4765,1701.631,1922.929,4,4,-0.000746,-0.061889,1.000000,AVOID,0.000000,-0.000000,1.000000,0,0.004551,-0.213764,0.107919,0.419601
trial03_direct,2,428,13.6960,0.341642,0.026772,0.357244,-86.3735,-0.6809,1696.432,1916.023,4,4,-0.000661,-0.046582,1.000000,AVOID,0.000000,-0.000000,1.000000,0,0.004551,-0.160894,0.106656,0.420864
trial03_direct,2,429,13.7280,0.341653,0.026772,0.357243,-86.1688,-0.8873,1695.592,1937.643,5,5,-0.000850,-0.035149,1.000000,AVOID,0.000000,-0.000000,1.000000,0,0.004551,-0.121405,0.115581,0.411939
trial03_direct,2,430,13.7600,0.341664,0.026772,0.357243,-85.9754,-1.0826,1661.594,1914.934,4,4,-0.000754,-0.026550,1.000000,AVOID,0.000000,-0.000000,1.000000,0,0.004551,-0.091704,0.129699,0.397821
trial03_direct,2,431,13.7920,0.341677,0.026772,0.357242,-85.8002,-1.2598,1675.034,1927.269,4,4,-0.000668,-0.020080,1.000000,AVOID,0.000000,-0.000000,1.000000,0,0.004551,-0.069355,0.145876,0.381644
trial03_direct,2,432,13.8240,0.341689,0.026772,0.357241,-85.6458,-1.4162,1675.628,1941.949,5,5,-0.000858,-0.015274,1.000000,AVOID,0.000000,-0.000000,1.000000,0,0.004551,-0.052758,0.162157,0.365363
trial03_direct,2,433,13.8560,0.341703,0.026772,0.357241,-85.5125,-1.5517,1677.355,1945.899,4,4,-0.000761,-0.011646,1.000000,AVOID,0.000000,-0.000000,1.000000,0,0.004551,-0.040225,0.177502,0.350018
trial03_direct,2,434,13.8880,0.341716,0.026772,0.357240,-85.3989,-1.6674,1662.060,1948.819,4,4,-0.000675,-0.008903,1.000000,AVOID,0.000000,-0.000000,1.000000,0,0.004551,-0.030752,0.191378,0.336142
trial03_direct,2,435,13.9200,0.341730,0.026772,0.357239,-85.3033,-1.7652,1676.283,1943.035,5,4,0.381220,0.088628,1.000000,AVOID,0.000000,-0.000000,1.000000,0,0.004551,0.306120,0.286004,0.241516
trial03_direct,2,436,13.9520,0.341744,0.026772,0.357239,-85.3317,-1.7391,1663.486,1946.376,4,5,0.088120,0.088501,1.000000,AVOID,0.000000,-0.000000,1.000000,0,0.004551,0.305682,0.356863,0.170657
trial03_direct,2,437,13.9840,0.341758,0.026772,0.357238,-85.4518,-1.6212,1671.882,1933.527,4,4,-0.000682,0.066205,1.000000,AVOID,0.000000,-0.000000,1.000000,0,0.004551,0.228673,0.390756,0.136764
trial03_direct,2,438,14.0160,0.341771,0.026772,0.357237,-85.6161,-1.4590,1670.094,1935.931,5,4,-0.086619,0.027999,1.000000,AVOID,0.000000,-0.000000,1.000000,0,0.004551,0.096709,0.383184,0.144336
trial03_direct,2,439,14.0480,0.341784,0.026772,0.357237,-85.7712,-1.3059,1691.150,1933.582,4,5,0.088112,0.043027,1.000000,AVOID,0.000000,-0.000000,1.000000,0,0.004551,0.148617,0.390482,0.137038
trial03_direct,2,440,14.0800,0.341796,0.026772,0.357236,-85.9357,-1.1433,1687.757,1919.657,4,4,-0.000689,0.032098,1.000000,AVOID,0.000000,-0.000000,1.000000,0,0.004551,0.110868,0.386519,0.141001
trial03_direct,2,441,14.1120,0.341808,0.026772,0.357235,-86.0955,-0.9854,1697.009,1917.875,5,4,-0.086596,0.002425,1.000000,AVOID,0.000000,-0.000000,1.000000,0,0.004551,0.008376,0.357923,0.169597
trial03_direct,2,442,14.1440,0.341819,0.026772,0.357235,-86.2188,-0.8639,1699.785,1908.369,4,5,0.088105,0.023845,1.000000,AVOID,0.000000,-0.000000,1.000000,0,0.004551,0.082360,0.354972,0.172548
trial03_direct,2,443,14.1760,0.341830,0.026772,0.357234,-86.3382,-0.7463,1704.905,1925.947,4,4,-0.000695,0.017710,1.000000,AVOID,0.000000,-0.000000,1.000000,0,0.004551,0.061169,0.347461,0.180059
trial03_direct,2,444,14.2080,0.341840,0.026772,0.357234,-86.4481,-0.6381,1698.343,1913.500,5,4,-0.086573,-0.008361,1.000000,AVOID,0.000000,-0.000000,1.000000,0,0.004551,-0.028878,0.319316,0.208204
trial03_direct,2,445,14.2400,0.341850,0.026772,0.357233,-86.5221,-0.5656,1716.412,1915.582,4,5,0.088097,0.015753,1.000000,AVOID,0.000000,-0.000000,1.000000,0,0.004551,0.054413,0.319030,0.208490
trial03_direct,2,446,14.2720,0.341860,0.026772,0.357233,-86.5956,-0.4938,1713.917,1914.429,4,4,-0.000702,0.011640,1.000000,AVOID,0.000000,-0.000000,1.000000,0,0.004551,0.040203,0.315264,0.212256
trial03_direct,2,447,14.3040,0.341870,0.026772,0.357232,-86.6644,-0.4266,1717.640,1907.671,5,4,-0.086549,-0.012908,1.000000,AVOID,0.000000,-0.000000,1.000000,0,0.004551,-0.044583,0.291242,0.236278
trial03_direct,2,448,14.3360,0.341880,0.026772,0.357232,-86.7023,-0.3901,1728.833,1911.525,4,5,0.088089,0.012341,1.000000,AVOID,0.000000,-0.000000,1.000000,0,0.004551,0.042627,0.295028,0.232492
trial03_direct,2,449,14.3680,0.341889,0.026772,0.357231,-86.7451,-0.3489,1695.349,1902.065,4,4,-0.000710,0.009079,1.000000,AVOID,0.000000,-0.000000,1.000000,0,0.004551,0.031358,0.295051,0.232469
trial03_direct,2,450,14.4000,0.341899,0.026772,0.357231,-86.7880,-0.3075,1717.299,1910.074,5,4,-0.086526,-0.014822,1.000000,AVOID,0.000000,-0.000000,1.000000,0,0.004551,-0.051197,0.274429,0.253091
trial03_direct,2,451,14.4320,0.341908,0.026772,0.357230,-86.8030,-0.2940,1711.091,1912.975,4,5,0.088081,0.010903,1.000000,AVOID,0.000000,-0.000000,1.000000,0,0.004551,0.037660,0.281177,0.246343
trial03_direct,2,452,14.4640,0.341917,0.026772,0.357230,-86.8269,-0.2716,1720.383,1903.169,4,4,-0.000717,0.007998,1.000000,AVOID,0.000000,-0.000000,1.000000,0,0.004551,0.027626,0.283729,0.243791
trial03_direct,2,453,14.4960,0.341927,0.026772,0.357229,-86.8542,-0.2457,1714.896,1896.220,5,4,-0.086502,-0.015627,1.000000,AVOID,0.000000,-0.000000,1.000000,0,0.004551,-0.053975,0.265243,0.262277
trial03_direct,2,454,14.5280,0.341936,0.026772,0.357229,-86.8590,-0.2424,1715.787,1911.526,4,5,0.088072,0.010298,1.000000,AVOID,0.000000,-0.000000,1.000000,0,0.004551,0.035569,0.273765,0.253755
trial03_direct,2,455,14.5600,0.341945,0.026772,0.357228,-86.8732,-0.2297,1693.331,1913.418,4,4,-0.000724,0.007543,1.000000,AVOID,0.000000,-0.000000,1.000000,0,0.004551,0.026052,0.277776,0.249744
trial03_direct,2,456,14.5920,0.341954,0.026772,0.357228,-86.8919,-0.2125,1715.451,1917.184,5,4,-0.086478,-0.015963,1.000000,AVOID,0.000000,-0.000000,1.000000,0,0.004551,-0.055135,0.260489,0.267031
trial03_direct,2,457,14.6240,0.341963,0.026772,0.357227,-86.8898,-0.2160,1717.135,1908.932,4,5,0.088064,0.010044,1.000000,AVOID,0.000000,-0.000000,1.000000,0,0.004551,0.034692,0.269980,0.257540
trial03_direct,2,458,14.6560,0.341972,0.026772,0.357227,-86.9000,-0.2073,1706.462,1911.528,4,4,-0.000731,0.007350,1.000000,AVOID,0.000000,-0.000000,1.000000,0,0.004551,0.025388,0.274772,0.252748
trial03_direct,2,459,14.6880,0.341981,0.026772,0.357226,-86.9141,-0.1946,1727.230,1905.591,5,4,-0.086454,-0.016101,1.000000,AVOID,0.000000,-0.000000,1.000000,0,0.004551,-0.055612,0.258116,0.269404
trial03_direct,2,460,14.7200,0.341990,0.026772,0.357226,-86.9083,-0.2019,1722.996,1908.455,4,5,0.088056,0.009938,1.000000,AVOID,0.000000,-0.000000,1.000000,0,0.004551,0.034327,0.268109,0.259411
trial03_direct,2,461,14.7520,0.341999,0.026772,0.357226,-86.9155,-0.1961,1737.214,1908.872,4,4,-0.000739,0.007269,1.000000,AVOID,0.000000,-0.000000,1.000000,0,0.004551,0.025108,0.273298,0.254222
trial03_direct,2,462,14.7840,0.342009,0.026772,0.357225,-86.9296,-0.1836,1721.869,1906.972,4,4,-0.459458,-0.109413,1.000000,AVOID,0.000000,-0.000000,1.000000,0,0.004551,-0.377911,0.176436,0.351084
trial03_direct,2,463,14.8160,0.342018,0.026772,0.357225,-86.8171,-0.2974,1725.368,1912.378,5,5,-0.000841,-0.082270,1.000000,AVOID,0.000000,-0.000000,1.000000,0,0.004551,-0.284160,0.127227,0.400293
trial03_direct,2,464,14.8480,0.342027,0.026772,0.357224,-86.6401,-0.4760,1701.821,1914.695,4,4,-0.000746,-0.061889,1.000000,AVOID,0.000000,-0.000000,1.000000,0,0.004551,-0.213764,0.107919,0.419601
trial03_direct,2,465,14.8800,0.342038,0.026772,0.357224,-86.4374,-0.6803,1703.077,1918.818,4,4,-0.000661,-0.046582,1.000000,AVOID,0.000000,-0.000000,1.000000,0,0.004551,-0.160894,0.106656,0.420864
trial03_direct,2,466,14.9120,0.342049,0.026772,0.357223,-86.2327,-0.8868,1706.519,1912.164,5,5,-0.000850,-0.035149,1.000000,AVOID,0.000000,-0.000000,1.000000,0,0.004551,-0.121405,0.115581,0.411939
trial03_direct,2,467,14.9440,0.342060,0.026772,0.357223,-86.0394,-1.0820,1685.908,1926.003,4,4,-0.000754,-0.026550,1.000000,AVOID,0.000000,-0.000000,1.000000,0,0.004551,-0.091704,0.129699,0.397821
trial03_direct,2,468,14.9760,0.342072,0.026772,0.357222,-85.8641,-1.2592,1686.966,1927.723,4,4,-0.000668,-0.020080,1.000000,AVOID,0.000000,-0.000000,1.000000,0,0.004551,-0.069355,0.145876,0.381644
trial03_direct,2,469,15.0080,0.342085,0.026772,0.357221,-85.7097,-1.4156,1680.918,1931.377,5,5,-0.000858,-0.015274,1.000000,AVOID,0.000000,-0.000000,1.000000,0,0.004551,-0.052758,0.162157,0.365363
trial03_direct,2,470,15.0400,0.342098,0.026772,0.357221,-85.5763,-1.5511,1649.605,1931.276,4,4,-0.000761,-0.011646,1.000000,AVOID,0.000000,-0.000000,1.000000,0,0.004551,-0.040225,0.177502,0.350018
trial03_direct,2,471,15.0720,0.342111,0.026772,0.357220,-85.4627,-1.6668,1659.323,1937.919,4,4,-0.000675,-0.008903,1.000000,AVOID,0.000000,-0.000000,1.000000,0,0.004551,-0.030752,0.191378,0.336142
trial03_direct,2,472,15.1040,0.342125,0.026772,0.357219,-85.3671,-1.7646,1657.227,1962.845,5,4,0.381220,0.088628,1.000000,AVOID,0.000000,-0.000000,1.000000,0,0.004551,0.306120,0.286004,0.241516
trial03_direct,2,473,15.1360,0.342139,0.026772,0.357219,-85.3954,-1.7385,1654.536,1937.013,4,5,0.088120,0.088501,1.000000,AVOID,0.000000,-0.000000,1.000000,0,0.004551,0.305682,0.356863,0.170657
trial03_direct,2,474,15.1680,0.342152,0.026772,0.357218,-85.5155,-1.6206,1678.612,1945.320,4,4,-0.000682,0.066205,1.000000,AVOID,0.000000,-0.000000,1.000000,0,0.004551,0.228673,0.390756,0.136764
trial03_direct,2,475,15.2000,0.342165,0.026772,0.357217,-85.6798,-1.4584,1676.351,1933.717,5,4,-0.086619,0.027999,1.000000,AVOID,0.000000,-0.000000,1.000000,0,0.004551,0.096709,0.383184,0.144336
trial03_direct,2,476,15.2320,0.342178,0.026772,0.357217,-85.8350,-1.3052,1674.200,1924.308,4,5,0.088112,0.043027,1.000000,AVOID,0.000000,-0.000000,1.000000,0,0.004551,0.148617,0.390482,0.137038
trial03_direct,2,477,15.2640,0.342190,0.026772,0.357216,-85.9995,-1.1426,1681.652,1928.420,4,4,-0.000689,0.032098,1.000000,AVOID,0.000000,-0.000000,1.000000,0,0.004551,0.110868,0.386519,0.141001
trial03_direct,2,478,15.2960,0.342201,0.026772,0.357215,-86.1593,-0.9847,1708.100,1921.006,5,4,-0.086596,0.002425,1.000000,AVOID,0.000000,-0.000000,1.000000,0,0.004551,0.008376,0.357923,0.169597
trial03_direct,2,479,15.3280,0.342212,0.026772,0.357215,-86.2826,-0.8631,1697.564,1913.273,4,5,0.088105,0.023845,1.000000,AVOID,0.000000,-0.000000,1.000000,0,0.004551,0.082360,0.354972,0.172548
trial03_direct,2,480,15.3600,0.342223,0.026772,0.357214,-86.4020,-0.7454,1704.432,1912.738,4,4,-0.000695,0.017710,1.000000,AVOID,0.000000,-0.000000,1.000000,0,0.004551,0.061169,0.347461,0.180059
trial03_direct,2,481,15.3920,0.342233,0.026772,0.357214,-86.5119,-0.6371,1700.212,1915.771,5,4,-0.086573,-0.008361,1.000000,AVOID,0.000000,-0.000000,1.000000,0,0.004551,-0.028878,0.319316,0.208204
trial03_direct,2,482,15.4240,0.342243,0.026772,0.357213,-86.5860,-0.5646,1719.857,1913.675,4,5,0.088097,0.015753,1.000000,AVOID,0.000000,-0.000000,1.000000,0,0.004551,0.054413,0.319030,0.208490
trial03_direct,2,483,15.4560,0.342253,0.026772,0.357213,-86.6595,-0.4927,1713.758,1905.425,4,4,-0.000702,0.011640,1.000000,AVOID,0.000000,-0.000000,1.000000,0,0.004551,0.040203,0.315264,0.212256
trial03_direct,2,484,15.4880,0.342263,0.026772,0.357212,-86.7283,-0.4255,1714.509,1915.688,5,4,-0.086549,-0.012908,1.000000,AVOID,0.000000,-0.000000,1.000000,0,0.004551,-0.044583,0.291242,0.236278
trial03_direct,2,485,15.5200,0.342272,0.026772,0.357212,-86.7663,-0.3890,1705.262,1913.230,4,5,0.088089,0.012341,1.000000,AVOID,0.000000,-0.000000,1.000000,0,0.004551,0.042627,0.295028,0.232492
trial03_direct,2,486,15.5520,0.342281,0.026772,0.357211,-86.8091,-0.3477,1733.274,1902.453,4,4,-0.000710,0.009079,1.000000,AVOID,0.000000,-0.000000,1.000000,0,0.004551,0.031358,0.295051,0.232469
trial03_direct,2,487,15.5840,0.342291,0.026772,0.357211,-86.8521,-0.3062,1732.339,1916.778,5,4,-0.086526,-0.014822,1.000000,AVOID,0.000000,-0.000000,1.000000,0,0.004551,-0.051197,0.274429,0.253091
trial03_direct,2,488,15.6160,0.342300,0.026772,0.357211,-86.8671,-0.2927,1716.832,1910.221,4,5,0.088081,0.010903,1.000000,AVOID,0.000000,-0.000000,1.000000,0,0.004551,0.037660,0.281177,0.246343
trial03_direct,2,489,15.6480,0.342309,0.026772,0.357210,-86.8909,-0.2703,1717.321,1899.669,4,4,-0.000717,0.007998,1.000000,AVOID,0.000000,-0.000000,1.000000,0,0.004551,0.027626,0.283729,0.243791
trial03_direct,2,490,15.6800,0.342318,0.026772,0.357210,-86.9182,-0.2444,1720.247,1905.706,5,4,-0.086502,-0.015627,1.000000,AVOID,0.000000,-0.000000,1.000000,0,0.004551,-0.053975,0.265243,0.262277
trial03_direct,2,491,15.7120,0.342327,0.026772,0.357209,-86.9231,-0.2410,1717.205,1902.327,4,5,0.088072,0.010298,1.000000,AVOID,0.000000,-0.000000,1.000000,0,0.004551,0.035569,0.273765,0.253755
trial03_direct,2,492,15.7440,0.342336,0.026772,0.357209,-86.9370,-0.2285,1718.460,1908.575,4,4,-0.000724,0.007543,1.000000,AVOID,0.000000,-0.000000,1.000000,0,0.004551,0.026052,0.277776,0.249744
trial03_direct,2,493,15.7760,0.342345,0.026772,0.357208,-86.9557,-0.2113,1720.985,1906.363,5,4,-0.086478,-0.015963,1.000000,AVOID,0.000000,-0.000000,1.000000,0,0.004551,-0.055135,0.260489,0.267031
trial03_direct,2,494,15.8080,0.342354,0.026772,0.357208,-86.9537,-0.2147,1711.376,1899.338,4,5,0.088064,0.010044,1.000000,AVOID,0.000000,-0.000000,1.000000,0,0.004551,0.034692,0.269980,0.257540
trial03_direct,2,495,15.8400,0.342363,0.026772,0.357207,-86.9640,-0.2059,1723.095,1903.152,4,4,-0.000731,0.007350,1.000000,AVOID,0.000000,-0.000000,1.000000,0,0.004551,0.025388,0.274772,0.252748
trial03_direct,2,496,15.8720,0.342372,0.026772,0.357207,-86.9780,-0.1933,1721.306,1904.092,5,4,-0.086454,-0.016101,1.000000,AVOID,0.000000,-0.000000,1.000000,0,0.004551,-0.055612,0.258116,0.269404
trial03_direct,2,497,15.9040,0.342380,0.026772,0.357207,-86.9723,-0.2004,1737.559,1907.927,4,5,0.088056,0.009938,1.000000,AVOID,0.000000,-0.000000,1.000000,0,0.004551,0.034327,0.268109,0.259411
trial03_direct,2,498,15.9360,0.342389,0.026772,0.357206,-86.9796,-0.1945,1718.407,1892.327,4,4,-0.000739,0.007269,1.000000,AVOID,0.000000,-0.000000,1.000000,0,0.004551,0.025108,0.273298,0.254222
trial03_direct,2,499,15.9680,0.342398,0.026772,0.357206,-86.9933,-0.1822,1706.528,1915.493,4,4,-0.459458,-0.109413,1.000000,AVOID,0.000000,-0.000000,1.000000,0,0.004551,-0.377911,0.176436,0.351084
trial03_direct,2,500,16.0000,0.342407,0.026772,0.357205,-86.8810,-0.2960,1726.226,1898.526,5,5,-0.000841,-0.082270,1.000000,AVOID,0.000000,-0.000000,1.000000,0,0.004551,-0.284160,0.127227,0.400293
trial03_direct,2,501,16.0320,0.342417,0.026772,0.357205,-86.7040,-0.4745,1705.487,1918.379,4,4,-0.000746,-0.061889,1.000000,AVOID,0.000000,-0.000000,1.000000,0,0.004551,-0.213764,0.107919,0.419601
trial03_direct,2,502,16.0640,0.342427,0.026772,0.357204,-86.5013,-0.6787,1706.253,1919.931,4,4,-0.000661,-0.046582,1.000000,AVOID,0.000000,-0.000000,1.000000,0,0.004551,-0.160894,0.106656,0.420864
trial03_direct,2,503,16.0960,0.342437,0.026772,0.357204,-86.2966,-0.8852,1692.878,1917.889,5,5,-0.000850,-0.035149,1.000000,AVOID,0.000000,-0.000000,1.000000,0,0.004551,-0.121405,0.115581,0.411939
trial03_direct,2,504,16.1280,0.342449,0.026772,0.357203,-86.1032,-1.0804,1687.526,1925.437,4,4,-0.000754,-0.026550,1.000000,AVOID,0.000000,-0.000000,1.000000,0,0.004551,-0.091704,0.129699,0.397821
trial03_direct,2,505,16.1600,0.342461,0.026772,0.357203,-85.9279,-1.2576,1678.278,1914.188,4,4,-0.000668,-0.020080,1.000000,AVOID,0.000000,-0.000000,1.000000,0,0.004551,-0.069355,0.145876,0.381644
trial03_direct,2,506,16.1920,0.342473,0.026772,0.357202,-85.7735,-1.4140,1674.154,1925.320,5,5,-0.000858,-0.015274,1.000000,AVOID,0.000000,-0.000000,1.000000,0,0.004551,-0.052758,0.162157,0.365363
trial03_direct,2,507,16.2240,0.342486,0.026772,0.357201,-85.6401,-1.5495,1664.701,1935.201,4,4,-0.000761,-0.011646,1.000000,AVOID,0.000000,-0.000000,1.000000,0,0.004551,-0.040225,0.177502,0.350018
trial03_direct,2,508,16.2560,0.342499,0.026772,0.357201,-85.5265,-1.6652,1665.933,1947.415,4,4,-0.000675,-0.008903,1.000000,AVOID,0.000000,-0.000000,1.000000,0,0.004551,-0.030752,0.191378,0.336142
trial03_direct,2,509,16.2880,0.342513,0.026772,0.357200,-85.4308,-1.7630,1693.790,1934.964,5,4,0.381220,0.088628,1.000000,AVOID,0.000000,-0.000000,1.000000,0,0.004551,0.306120,0.286004,0.241516
trial03_direct,2,510,16.3200,0.342526,0.026772,0.357200,-85.4591,-1.7369,1661.282,1945.822,4,5,0.088120,0.088501,1.000000,AVOID,0.000000,-0.000000,1.000000,0,0.004551,0.305682,0.356863,0.170657
trial03_direct,2,511,16.3520,0.342539,0.026772,0.357199,-85.5792,-1.6190,1663.653,1930.503,4,4,-0.000682,0.066205,1.000000,AVOID,0.000000,-0.000000,1.000000,0,0.004551,0.228673,0.390756,0.136764
trial03_direct,2,512,16.3840,0.342552,0.026772,0.357198,-85.7435,-1.4567,1685.596,1947.209,5,4,-0.086619,0.027999,1.000000,AVOID,0.000000,-0.000000,1.000000,0,0.004551,0.096709,0.383184,0.144336
trial03_direct,2,513,16.4160,0.342565,0.026772,0.357198,-85.8986,-1.3036,1692.196,1932.760,4,5,0.088112,0.043027,1.000000,AVOID,0.000000,-0.000000,1.000000,0,0.004551,0.148617,0.390482,0.137038
trial03_direct,2,514,16.4480,0.342576,0.026772,0.357197,-86.0632,-1.1409,1676.953,1933.586,4,4,-0.000689,0.032098,1.000000,AVOID,0.000000,-0.000000,1.000000,0,0.004551,0.110868,0.386519,0.141001
trial03_direct,2,515,16.4800,0.342588,0.026772,0.357196,-86.2230,-0.9829,1681.733,1924.953,5,4,-0.086596,0.002425,1.000000,AVOID,0.000000,-0.000000,1.000000,0,0.004551,0.008376,0.357923,0.169597
trial03_direct,2,516,16.5120,0.342599,0.026772,0.357196,-86.3463,-0.8613,1714.412,1910.072,4,5,0.088105,0.023845,1.000000,AVOID,0.000000,-0.000000,1.000000,0,0.004551,0.082360,0.354972,0.172548
trial03_direct,2,517,16.5440,0.342609,0.026772,0.357195,-86.4658,-0.7435,1713.841,1922.763,4,4,-0.000695,0.017710,1.000000,AVOID,0.000000,-0.000000,1.000000,0,0.004551,0.061169,0.347461,0.180059
trial03_direct,2,518,16.5760,0.342619,0.026772,0.357195,-86.5757,-0.6352,1712.341,1918.568,5,4,-0.086573,-0.008361,1.000000,AVOID,0.000000,-0.000000,1.000000,0,0.004551,-0.028878,0.319316,0.208204
trial03_direct,2,519,16.6080,0.342629,0.026772,0.357194,-86.6499,-0.5626,1722.446,1917.501,4,5,0.088097,0.015753,1.000000,AVOID,0.000000,-0.000000,1.000000,0,0.004551,0.054413,0.319030,0.208490
trial03_direct,2,520,16.6400,0.342639,0.026772,0.357194,-86.7234,-0.4907,1722.536,1906.574,4,4,-0.000702,0.011640,1.000000,AVOID,0.000000,-0.000000,1.000000,0,0.004551,0.040203,0.315264,0.212256
trial03_direct,2,521,16.6720,0.342648,0.026772,0.357193,-86.7922,-0.4233,1707.990,1903.141,5,4,-0.086549,-0.012908,1.000000,AVOID,0.000000,-0.000000,1.000000,0,0.004551,-0.044583,0.291242,0.236278
trial03_direct,2,522,16.7040,0.342657,0.026772,0.357193,-86.8302,-0.3869,1725.483,1911.215,4,5,0.088089,0.012341,1.000000,AVOID,0.000000,-0.000000,1.000000,0,0.004551,0.042627,0.295028,0.232492
trial03_direct,2,523,16.7360,0.342666,0.026772,0.357193,-86.8730,-0.3455,1721.675,1919.985,4,4,-0.000710,0.009079,1.000000,AVOID,0.000000,-0.000000,1.000000,0,0.004551,0.031358,0.295051,0.232469
trial03_direct,2,524,16.7680,0.342676,0.026772,0.357192,-86.9159,-0.3040,1724.990,1909.318,5,4,-0.086526,-0.014822,1.000000,AVOID,0.000000,-0.000000,1.000000,0,0.004551,-0.051197,0.274429,0.253091
trial03_direct,2,525,16.8000,0.342684,0.026772,0.357192,-86.9310,-0.2904,1710.879,1908.586,4,5,0.088081,0.010903,1.000000,AVOID,0.000000,-0.000000,1.000000,0,0.004551,0.037660,0.281177,0.246343
trial03_direct,2,526,16.8320,0.342693,0.026772,0.357191,-86.9547,-0.2681,1733.490,1904.968,4,4,-0.000717,0.007998,1.000000,AVOID,0.000000,-0.000000,1.000000,0,0.004551,0.027626,0.283729,0.243791
trial03_direct,2,527,16.8640,0.342702,0.026772,0.357191,-86.9820,-0.2422,1716.323,1907.771,5,4,-0.086502,-0.015627,1.000000,AVOID,0.000000,-0.000000,1.000000,0,0.004551,-0.053975,0.265243,0.262277
trial03_direct,2,528,16.8960,0.342711,0.026772,0.357190,-86.9871,-0.2386,1718.789,1912.185,4,5,0.088072,0.010298,1.000000,AVOID,0.000000,-0.000000,1.000000,0,0.004551,0.035569,0.273765,0.253755
trial03_direct,2,529,16.9280,0.342720,0.026772,0.357190,-87.0007,-0.2264,1727.791,1905.552,4,4,-0.000724,0.007543,1.000000,AVOID,0.000000,-0.000000,1.000000,0,0.004551,0.026052,0.277776,0.249744
trial03_direct,2,530,16.9600,0.342729,0.026772,0.357190,-87.0194,-0.2091,1730.227,1903.457,5,4,-0.086478,-0.015963,1.000000,AVOID,0.000000,-0.000000,1.000000,0,0.004551,-0.055135,0.260489,0.267031
trial03_direct,2,531,16.9920,0.342737,0.026772,0.357189,-87.0175,-0.2124,1719.797,1907.077,4,5,0.088064,0.010044,1.000000,AVOID,0.000000,-0.000000,1.000000,0,0.004551,0.034692,0.269980,0.257540
trial03_direct,2,532,17.0240,0.342746,0.026772,0.357189,-87.0278,-0.2035,1721.757,1902.234,4,4,-0.000731,0.007350,1.000000,AVOID,0.000000,-0.000000,1.000000,0,0.004551,0.025388,0.274772,0.252748
trial03_direct,2,533,17.0560,0.342755,0.026772,0.357188,-87.0418,-0.1909,1735.177,1910.611,5,4,-0.086454,-0.016101,1.000000,AVOID,0.000000,-0.000000,1.000000,0,0.004551,-0.055612,0.258116,0.269404
trial03_direct,2,534,17.0880,0.342764,0.026772,0.357188,-87.0362,-0.1979,1705.647,1892.578,4,5,0.088056,0.009938,1.000000,AVOID,0.000000,-0.000000,1.000000,0,0.004551,0.034327,0.268109,0.259411
trial03_direct,2,535,17.1200,0.342772,0.026772,0.357187,-87.0435,-0.1919,1735.743,1908.096,4,4,-0.000739,0.007269,1.000000,AVOID,0.000000,-0.000000,1.000000,0,0.004551,0.025108,0.273298,0.254222
trial03_direct,2,536,17.1520,0.342781,0.026772,0.357187,-87.0570,-0.1799,1734.588,1900.544,4,4,-0.459458,-0.109413,1.000000,AVOID,0.000000,-0.000000,1.000000,0,0.004551,-0.377911,0.176436,0.351084
trial03_direct,2,537,17.1840,0.342790,0.026772,0.357187,-86.9448,-0.2935,1721.258,1914.399,5,5,-0.000841,-0.082270,1.000000,AVOID,0.000000,-0.000000,1.000000,0,0.004551,-0.284160,0.127227,0.400293
trial03_direct,2,538,17.2160,0.342799,0.026772,0.357186,-86.7678,-0.4719,1710.033,1909.246,4,4,-0.000746,-0.061889,1.000000,AVOID,0.000000,-0.000000,1.000000,0,0.004551,-0.213764,0.107919,0.419601
trial03_direct,2,539,17.2480,0.342809,0.026772,0.357186,-86.5652,-0.6761,1708.307,1901.770,4,4,-0.000661,-0.046582,1.000000,AVOID,0.000000,-0.000000,1.000000,0,0.004551,-0.160894,0.106656,0.420864
trial03_direct,2,540,17.2800,0.342819,0.026772,0.357185,-86.3604,-0.8826,1687.523,1915.500,5,5,-0.000850,-0.035149,1.000000,AVOID,0.000000,-0.000000,1.000000,0,0.004551,-0.121405,0.115581,0.411939
trial03_direct,2,541,17.3120,0.342830,0.026772,0.357185,-86.1670,-1.0778,1691.556,1920.189,4,4,-0.000754,-0.026550,1.000000,AVOID,0.000000,-0.000000,1.000000,0,0.004551,-0.091704,0.129699,0.397821
trial03_direct,2,542,17.3440,0.342842,0.026772,0.357184,-85.9917,-1.2550,1680.175,1926.441,4,4,-0.000668,-0.020080,1.000000,AVOID,0.000000,-0.000000,1.000000,0,0.004551,-0.069355,0.145876,0.381644
trial03_direct,2,543,17.3760,0.342854,0.026772,0.357184,-85.8372,-1.4114,1661.535,1927.054,5,5,-0.000858,-0.015274,1.000000,AVOID,0.000000,-0.000000,1.000000,0,0.004551,-0.052758,0.162157,0.365363
trial03_direct,2,544,17.4080,0.342867,0.026772,0.357183,-85.7038,-1.5469,1679.128,1932.186,4,4,-0.000761,-0.011646,1.000000,AVOID,0.000000,-0.000000,1.000000,0,0.004551,-0.040225,0.177502,0.350018
trial03_direct,2,545,17.4400,0.342880,0.026772,0.357182,-85.5901,-1.6626,1677.353,1929.122,4,4,-0.000675,-0.008903,1.000000,AVOID,0.000000,-0.000000,1.000000,0,0.004551,-0.030752,0.191378,0.336142
trial03_direct,2,546,17.4720,0.342893,0.026772,0.357182,-85.4945,-1.7604,1676.043,1951.892,5,4,0.381220,0.088628,1.000000,AVOID,0.000000,-0.000000,1.000000,0,0.004551,0.306120,0.286004,0.241516
trial03_direct,2,547,17.5040,0.342907,0.026772,0.357181,-85.5227,-1.7344,1651.337,1926.528,4,5,0.088120,0.088501,1.000000,AVOID,0.000000,-0.000000,1.000000,0,0.004551,0.305682,0.356863,0.170657
trial03_direct,2,548,17.5360,0.342920,0.026772,0.357180,-85.6427,-1.6164,1670.405,1941.036,4,4,-0.000682,0.066205,1.000000,AVOID,0.000000,-0.000000,1.000000,0,0.004551,0.228673,0.390756,0.136764
trial03_direct,2,549,17.5680,0.342933,0.026772,0.357180,-85.8070,-1.4541,1678.286,1925.451,5,4,-0.086619,0.027999,1.000000,AVOID,0.000000,-0.000000,1.000000,0,0.004551,0.096709,0.383184,0.144336
trial03_direct,2,550,17.6000,0.342945,0.026772,0.357179,-85.9622,-1.3009,1691.011,1931.069,4,5,0.088112,0.043027,1.000000,AVOID,0.000000,-0.000000,1.000000,0,0.004551,0.148617,0.390482,0.137038
trial03_direct,2,551,17.6320,0.342956,0.026772,0.357179,-86.1268,-1.1382,1697.208,1920.094,4,4,-0.000689,0.032098,1.000000,AVOID,0.000000,-0.000000,1.000000,0,0.004551,0.110868,0.386519,0.141001
trial03_direct,2,552,17.6640,0.342967,0.026772,0.357178,-86.2865,-0.9802,1686.853,1918.832,5,4,-0.086596,0.002425,1.000000,AVOID,0.000000,-0.000000,1.000000,0,0.004551,0.008376,0.357923,0.169597
trial03_direct,2,553,17.6960,0.342978,0.026772,0.357178,-86.4100,-0.8585,1692.948,1909.500,4,5,0.088105,0.023845,1.000000,AVOID,0.000000,-0.000000,1.000000,0,0.004551,0.082360,0.354972,0.172548
trial03_direct,2,554,17.7280,0.342988,0.026772,0.357177,-86.5294,-0.7407,1716.377,1918.056,4,4,-0.000695,0.017710,1.000000,AVOID,0.000000,-0.000000,1.000000,0,0.004551,0.061169,0.347461,0.180059
trial03_direct,2,555,17.7600,0.342998,0.026772,0.357177,-86.6394,-0.6323,1715.910,1905.295,5,4,-0.086573,-0.008361,1.000000,AVOID,0.000000,-0.000000,1.000000,0,0.004551,-0.028878,0.319316,0.208204
trial03_direct,2,556,17.7920,0.343008,0.026772,0.357176,-86.7136,-0.5596,1706.710,1918.765,4,5,0.088097,0.015753,1.000000,AVOID,0.000000,-0.000000,1.000000,0,0.004551,0.054413,0.319030,0.208490
trial03_direct,2,557,17.8240,0.343017,0.026772,0.357176,-86.7871,-0.4876,1720.110,1912.690,4,4,-0.000702,0.011640,1.000000,AVOID,0.000000,-0.000000,1.000000,0,0.004551,0.040203,0.315264,0.212256
trial03_direct,2,558,17.8560,0.343027,0.026772,0.357175,-86.8560,-0.4202,1725.464,1898.066,5,4,-0.086549,-0.012908,1.000000,AVOID,0.000000,-0.000000,1.000000,0,0.004551,-0.044583,0.291242,0.236278
trial03_direct,2,559,17.8880,0.343036,0.026772,0.357175,-86.8940,-0.3837,1698.388,1905.671,4,5,0.088089,0.012341,1.000000,AVOID,0.000000,-0.000000,1.000000,0,0.004551,0.042627,0.295028,0.232492
trial03_direct,2,560,17.9200,0.343045,0.026772,0.357174,-86.9367,-0.3424,1718.765,1904.501,4,4,-0.000710,0.009079,1.000000,AVOID,0.000000,-0.000000,1.000000,0,0.004551,0.031358,0.295051,0.232469
trial03_direct,2,561,17.9520,0.343054,0.026772,0.357174,-86.9797,-0.3008,1723.106,1911.689,5,4,-0.086526,-0.014822,1.000000,AVOID,0.000000,-0.000000,1.000000,0,0.004551,-0.051197,0.274429,0.253091
trial03_direct,2,562,17.9840,0.343062,0.026772,0.357174,-86.9947,-0.2873,1734.337,1916.672,4,5,0.088081,0.010903,1.000000,AVOID,0.000000,-0.000000,1.000000,0,0.004551,0.037660,0.281177,0.246343
trial03_direct,2,563,18.0160,0.343071,0.026772,0.357173,-87.0184,-0.2649,1712.251,1914.383,4,4,-0.000717,0.007998,1.000000,AVOID,0.000000,-0.000000,1.000000,0,0.004551,0.027626,0.283729,0.243791
trial03_direct,2,564,18.0480,0.343080,0.026772,0.357173,-87.0457,-0.2390,1723.604,1913.653,5,4,-0.086502,-0.015627,1.000000,AVOID,0.000000,-0.000000,1.000000,0,0.004551,-0.053975,0.265243,0.262277
trial03_direct,2,565,18.0800,0.343088,0.026772,0.357172,-87.0508,-0.2353,1707.940,1895.608,4,5,0.088072,0.010298,1.000000,AVOID,0.000000,-0.000000,1.000000,0,0.004551,0.035569,0.273765,0.253755
trial03_direct,2,566,18.1120,0.343097,0.026772,0.357172,-87.0642,-0.2233,1739.777,1888.260,4,4,-0.000724,0.007543,1.000000,AVOID,0.000000,-0.000000,1.000000,0,0.004551,0.026052,0.277776,0.249744
trial03_direct,2,567,18.1440,0.343106,0.026772,0.357172,-87.0828,-0.2060,1716.305,1904.101,5,4,-0.086478,-0.015963,1.000000,AVOID,0.000000,-0.000000,1.000000,0,0.004551,-0.055135,0.260489,0.267031
trial03_direct,2,568,18.1760,0.343114,0.026772,0.357171,-87.0811,-0.2091,1722.090,1906.028,4,5,0.088064,0.010044,1.000000,AVOID,0.000000,-0.000000,1.000000,0,0.004551,0.034692,0.269980,0.257540
trial03_direct,2,569,18.2080,0.343123,0.026772,0.357171,-87.0915,-0.2001,1715.550,1909.643,4,4,-0.000731,0.007350,1.000000,AVOID,0.000000,-0.000000,1.000000,0,0.004551,0.025388,0.274772,0.252748
trial03_direct,2,570,18.2400,0.343131,0.026772,0.357170,-87.1054,-0.1875,1722.046,1899.335,5,4,-0.086454,-0.016101,1.000000,AVOID,0.000000,-0.000000,1.000000,0,0.004551,-0.055612,0.258116,0.269404
trial03_direct,2,571,18.2720,0.343140,0.026772,0.357170,-87.0999,-0.1944,1728.370,1895.987,4,5,0.088056,0.009938,1.000000,AVOID,0.000000,-0.000000,1.000000,0,0.004551,0.034327,0.268109,0.259411
trial03_direct,2,572,18.3040,0.343148,0.026772,0.357170,-87.1074,-0.1883,1722.771,1894.560,4,4,-0.000739,0.007269,1.000000,AVOID,0.000000,-0.000000,1.000000,0,0.004551,0.025108,0.273298,0.254222
trial03_direct,2,573,18.3360,0.343157,0.026772,0.357169,-87.1205,-0.1765,1730.850,1898.502,4,4,-0.459458,-0.109413,1.000000,AVOID,0.000000,-0.000000,1.000000,0,0.004551,-0.377911,0.176436,0.351084
trial03_direct,2,574,18.3680,0.343165,0.026772,0.357169,-87.0084,-0.2900,1723.923,1910.202,5,5,-0.000841,-0.082270,1.000000,AVOID,0.000000,-0.000000,1.000000,0,0.004551,-0.284160,0.127227,0.400293
trial03_direct,2,575,18.4000,0.343174,0.026772,0.357168,-86.8315,-0.4684,1711.410,1925.170,4,4,-0.000746,-0.061889,1.000000,AVOID,0.000000,-0.000000,1.000000,0,0.004551,-0.213764,0.107919,0.419601
trial03_direct,2,576,18.4320,0.343184,0.026772,0.357168,-86.6289,-0.6726,1701.628,1916.906,4,4,-0.000661,-0.046582,1.000000,AVOID,0.000000,-0.000000,1.000000,0,0.004551,-0.160894,0.106656,0.420864
trial03_direct,2,577,18.4640,0.343194,0.026772,0.357167,-86.4241,-0.8790,1693.536,1915.316,5,5,-0.000850,-0.035149,1.000000,AVOID,0.000000,-0.000000,1.000000,0,0.004551,-0.121405,0.115581,0.411939
trial03_direct,2,578,18.4960,0.343205,0.026772,0.357167,-86.2307,-1.0742,1689.713,1922.959,4,4,-0.000754,-0.026550,1.000000,AVOID,0.000000,-0.000000,1.000000,0,0.004551,-0.091704,0.129699,0.397821
trial03_direct,2,579,18.5280,0.343217,0.026772,0.357166,-86.0553,-1.2514,1667.483,1926.739,4,4,-0.000668,-0.020080,1.000000,AVOID,0.000000,-0.000000,1.000000,0,0.004551,-0.069355,0.145876,0.381644
trial03_direct,2,580,18.5600,0.343229,0.026772,0.357166,-85.9008,-1.4078,1678.330,1926.540,5,5,-0.000858,-0.015274,1.000000,AVOID,0.000000,-0.000000,1.000000,0,0.004551,-0.052758,0.162157,0.365363
trial03_direct,2,581,18.5920,0.343241,0.026772,0.357165,-85.7673,-1.5433,1693.889,1934.295,4,4,-0.000761,-0.011646,1.000000,AVOID,0.000000,-0.000000,1.000000,0,0.004551,-0.040225,0.177502,0.350018
trial03_direct,2,582,18.6240,0.343254,0.026772,0.357165,-85.6537,-1.6590,1673.559,1933.509,4,4,-0.000675,-0.008903,1.000000,AVOID,0.000000,-0.000000,1.000000,0,0.004551,-0.030752,0.191378,0.336142
trial03_direct,2,583,18.6560,0.343267,0.026772,0.357164,-85.5579,-1.7568,1676.078,1936.526,5,4,0.381220,0.088628,1.000000,AVOID,0.000000,-0.000000,1.000000,0,0.004551,0.306120,0.286004,0.241516
trial03_direct,2,584,18.6880,0.343280,0.026772,0.357163,-85.5861,-1.7308,1677.344,1931.246,4,5,0.088120,0.088501,1.000000,AVOID,0.000000,-0.000000,1.000000,0,0.004551,0.305682,0.356863,0.170657
trial03_direct,2,585,18.7200,0.343293,0.026772,0.357163,-85.7062,-1.6128,1668.142,1931.449,4,4,-0.000682,0.066205,1.000000,AVOID,0.000000,-0.000000,1.000000,0,0.004551,0.228673,0.390756,0.136764
trial03_direct,2,586,18.7520,0.343306,0.026772,0.357162,-85.8705,-1.4505,1689.355,1949.635,5,4,-0.086619,0.027999,1.000000,AVOID,0.000000,-0.000000,1.000000,0,0.004551,0.096709,0.383184,0.144336
trial03_direct,2,587,18.7840,0.343318,0.026772,0.357162,-86.0256,-1.2973,1671.764,1931.595,4,5,0.088112,0.043027,1.000000,AVOID,0.000000,-0.000000,1.000000,0,0.004551,0.148617,0.390482,0.137038
trial03_direct,2,588,18.8160,0.343329,0.026772,0.357161,-86.1902,-1.1345,1686.061,1914.719,4,4,-0.000689,0.032098,1.000000,AVOID,0.000000,-0.000000,1.000000,0,0.004551,0.110868,0.386519,0.141001
trial03_direct,2,589,18.8480,0.343340,0.026772,0.357161,-86.3500,-0.9765,1703.888,1924.513,5,4,-0.086596,0.002425,1.000000,AVOID,0.000000,-0.000000,1.000000,0,0.004551,0.008376,0.357923,0.169597
trial03_direct,2,590,18.8800,0.343351,0.026772,0.357160,-86.4734,-0.8547,1715.915,1921.243,4,5,0.088105,0.023845,1.000000,AVOID,0.000000,-0.000000,1.000000,0,0.004551,0.082360,0.354972,0.172548
trial03_direct,2,591,18.9120,0.343361,0.026772,0.357160,-86.5929,-0.7368,1689.931,1921.895,4,4,-0.000695,0.017710,1.000000,AVOID,0.000000,-0.000000,1.000000,0,0.004551,0.061169,0.347461,0.180059
trial03_direct,2,592,18.9440,0.343370,0.026772,0.357159,-86.7029,-0.6284,1730.458,1909.493,5,4,-0.086573,-0.008361,1.000000,AVOID,0.000000,-0.000000,1.000000,0,0.004551,-0.028878,0.319316,0.208204
trial03_direct,2,593,18.9760,0.343380,0.026772,0.357159,-86.7772,-0.5557,1705.862,1909.815,4,5,0.088097,0.015753,1.000000,AVOID,0.000000,-0.000000,1.000000,0,0.004551,0.054413,0.319030,0.208490
trial03_direct,2,594,19.0080,0.343389,0.026772,0.357158,-86.8507,-0.4836,1718.079,1889.093,4,4,-0.000702,0.011640,1.000000,AVOID,0.000000,-0.000000,1.000000,0,0.004551,0.040203,0.315264,0.212256
trial03_direct,2,595,19.0400,0.343398,0.026772,0.357158,-86.9196,-0.4161,1717.593,1892.636,5,4,-0.086549,-0.012908,1.000000,AVOID,0.000000,-0.000000,1.000000,0,0.004551,-0.044583,0.291242,0.236278
trial03_direct,2,596,19.0720,0.343407,0.026772,0.357157,-86.9576,-0.3796,1730.509,1901.564,4,5,0.088089,0.012341,1.000000,AVOID,0.000000,-0.000000,1.000000,0,0.004551,0.042627,0.295028,0.232492
trial03_direct,2,597,19.1040,0.343416,0.026772,0.357157,-87.0004,-0.3382,1725.141,1908.219,4,4,-0.000710,0.009079,1.000000,AVOID,0.000000,-0.000000,1.000000,0,0.004551,0.031358,0.295051,0.232469
trial03_direct,2,598,19.1360,0.343425,0.026772,0.357157,-87.0433,-0.2967,1720.955,1907.108,5,4,-0.086526,-0.014822,1.000000,AVOID,0.000000,-0.000000,1.000000,0,0.004551,-0.051197,0.274429,0.253091
trial03_direct,2,599,19.1680,0.343433,0.026772,0.357156,-87.0583,-0.2831,1717.871,1912.847,4,5,0.088081,0.010903,1.000000,AVOID,0.000000,-0.000000,1.000000,0,0.004551,0.037660,0.281177,0.246343
trial03_direct,2,600,19.2000,0.343442,0.026772,0.357156,-87.0820,-0.2608,1725.818,1899.778,4,4,-0.000717,0.007998,1.000000,AVOID,0.000000,-0.000000,1.000000,0,0.004551,0.027626,0.283729,0.243791
trial03_direct,2,601,19.2320,0.343450,0.026772,0.357155,-87.1093,-0.2348,1705.584,1907.576,5,4,-0.086502,-0.015627,1.000000,AVOID,0.000000,-0.000000,1.000000,0,0.004551,-0.053975,0.265243,0.262277
trial03_direct,2,602,19.2640,0.343459,0.026772,0.357155,-87.1145,-0.2310,1727.503,1906.510,4,5,0.088072,0.010298,1.000000,AVOID,0.000000,-0.000000,1.000000,0,0.004551,0.035569,0.273765,0.253755
trial03_direct,2,603,19.2960,0.343467,0.026772,0.357155,-87.1276,-0.2192,1725.815,1890.327,4,4,-0.000724,0.007543,1.000000,AVOID,0.000000,-0.000000,1.000000,0,0.004551,0.026052,0.277776,0.249744
trial03_direct,2,604,19.3280,0.343475,0.026772,0.357154,-87.1462,-0.2019,1725.102,1889.998,5,4,-0.086478,-0.015963,1.000000,AVOID,0.000000,-0.000000,1.000000,0,0.004551,-0.055135,0.260489,0.267031
trial03_direct,2,605,19.3600,0.343484,0.026772,0.357154,-87.1446,-0.2049,1738.707,1895.488,4,5,0.088064,0.010044,1.000000,AVOID,0.000000,-0.000000,1.000000,0,0.004551,0.034692,0.269980,0.257540
trial03_direct,2,606,19.3920,0.343492,0.026772,0.357153,-87.1551,-0.1957,1723.082,1910.258,4,4,-0.000731,0.007350,1.000000,AVOID,0.000000,-0.000000,1.000000,0,0.004551,0.025388,0.274772,0.252748
trial03_direct,2,607,19.4240,0.343501,0.026772,0.357153,-87.1690,-0.1832,1727.235,1899.209,5,4,-0.086454,-0.016101,1.000000,AVOID,0.000000,-0.000000,1.000000,0,0.004551,-0.055612,0.258116,0.269404
trial03_direct,2,608,19.4560,0.343509,0.026772,0.357153,-87.1636,-0.1899,1732.817,1900.815,4,5,0.088056,0.009938,1.000000,AVOID,0.000000,-0.000000,1.000000,0,0.004551,0.034327,0.268109,0.259411
trial03_direct,2,609,19.4880,0.343517,0.026772,0.357152,-87.1711,-0.1837,1725.392,1903.560,4,4,-0.000739,0.007269,1.000000,AVOID,0.000000,-0.000000,1.000000,0,0.004551,0.025108,0.273298,0.254222
trial03_direct,2,610,19.5200,0.343525,0.026772,0.357152,-87.1839,-0.1722,1736.092,1897.572,4,4,-0.459458,-0.109413,1.000000,AVOID,0.000000,-0.000000,1.000000,0,0.004551,-0.377911,0.176436,0.351084
trial03_direct,2,611,19.5520,0.343534,0.026772,0.357152,-87.0720,-0.2855,1725.248,1903.643,5,5,-0.000841,-0.082270,1.000000,AVOID,0.000000,-0.000000,1.000000,0,0.004551,-0.284160,0.127227,0.400293
trial03_direct,2,612,19.5840,0.343543,0.026772,0.357151,-86.8951,-0.4638,1733.762,1911.531,4,4,-0.000746,-0.061889,1.000000,AVOID,0.000000,-0.000000,1.000000,0,0.004551,-0.213764,0.107919,0.419601
trial03_direct,2,613,19.6160,0.343552,0.026772,0.357151,-86.6925,-0.6680,1711.028,1918.303,4,4,-0.000661,-0.046582,1.000000,AVOID,0.000000,-0.000000,1.000000,0,0.004551,-0.160894,0.106656,0.420864
trial03_direct,2,614,19.6480,0.343562,0.026772,0.357150,-86.4877,-0.8744,1704.238,1915.861,5,5,-0.000850,-0.035149,1.000000,AVOID,0.000000,-0.000000,1.000000,0,0.004551,-0.121405,0.115581,0.411939
trial03_direct,2,615,19.6800,0.343573,0.026772,0.357150,-86.2942,-1.0696,1695.849,1941.016,4,4,-0.000754,-0.026550,1.000000,AVOID,0.000000,-0.000000,1.000000,0,0.004551,-0.091704,0.129699,0.397821
trial03_direct,2,616,19.7120,0.343585,0.026772,0.357149,-86.1188,-1.2468,1691.082,1919.396,4,4,-0.000668,-0.020080,1.000000,AVOID,0.000000,-0.000000,1.000000,0,0.004551,-0.069355,0.145876,0.381644
trial03_direct,2,617,19.7440,0.343596,0.026772,0.357149,-85.9643,-1.4033,1691.431,1905.131,5,5,-0.000858,-0.015274,1.000000,AVOID,0.000000,-0.000000,1.000000,0,0.004551,-0.052758,0.162157,0.365363
trial03_direct,2,618,19.7760,0.343609,0.026772,0.357148,-85.8307,-1.5387,1700.884,1924.680,4,4,-0.000761,-0.011646,1.000000,AVOID,0.000000,-0.000000,1.000000,0,0.004551,-0.040225,0.177502,0.350018
trial03_direct,2,619,19.8080,0.343621,0.026772,0.357148,-85.7171,-1.6545,1679.185,1944.558,4,4,-0.000675,-0.008903,1.000000,AVOID,0.000000,-0.000000,1.000000,0,0.004551,-0.030752,0.191378,0.336142
trial03_direct,2,620,19.8400,0.343634,0.026772,0.357147,-85.6213,-1.7523,1677.429,1926.725,5,4,0.381220,0.088628,1.000000,AVOID,0.000000,-0.000000,1.000000,0,0.004551,0.306120,0.286004,0.241516
trial03_direct,2,621,19.8720,0.343647,0.026772,0.357146,-85.6494,-1.7263,1673.128,1942.960,4,5,0.088120,0.088501,1.000000,AVOID,0.000000,-0.000000,1.000000,0,0.004551,0.305682,0.356863,0.170657
trial03_direct,2,622,19.9040,0.343660,0.026772,0.357146,-85.7694,-1.6083,1683.009,1917.505,4,4,-0.000682,0.066205,1.000000,AVOID,0.000000,-0.000000,1.000000,0,0.004551,0.228673,0.390756,0.136764
trial03_direct,2,623,19.9360,0.343672,0.026772,0.357145,-85.9337,-1.4459,1693.916,1921.226,5,4,-0.086619,0.027999,1.000000,AVOID,0.000000,-0.000000,1.000000,0,0.004551,0.096709,0.383184,0.144336
trial03_direct,2,624,19.9680,0.343684,0.026772,0.357145,-86.0889,-1.2927,1681.664,1922.439,4,5,0.088112,0.043027,1.000000,AVOID,0.000000,-0.000000,1.000000,0,0.004551,0.148617,0.390482,0.137038
trial03_direct,2,625,20.0000,0.343695,0.026772,0.357144,-86.2535,-1.1298,1700.477,1912.846,4,4,-0.000689,0.032098,1.000000,AVOID,0.000000,-0.000000,1.000000,0,0.004551,0.110868,0.386519,0.141001
trial03_direct,2,626,20.0320,0.343706,0.026772,0.357144,-86.4133,-0.9718,1708.368,1917.387,5,4,-0.086596,0.002425,1.000000,AVOID,0.000000,-0.000000,1.000000,0,0.004551,0.008376,0.357923,0.169597
trial03_direct,2,627,20.0640,0.343716,0.026772,0.357143,-86.5368,-0.8499,1713.715,1910.716,4,5,0.088105,0.023845,1.000000,AVOID,0.000000,-0.000000,1.000000,0,0.004551,0.082360,0.354972,0.172548
trial03_direct,2,628,20.0960,0.343726,0.026772,0.357143,-86.6563,-0.7320,1701.808,1922.219,4,4,-0.000695,0.017710,1.000000,AVOID,0.000000,-0.000000,1.000000,0,0.004551,0.061169,0.347461,0.180059
trial03_direct,2,629,20.1280,0.343736,0.026772,0.357142,-86.7663,-0.6235,1714.266,1915.575,5,4,-0.086573,-0.008361,1.000000,AVOID,0.000000,-0.000000,1.000000,0,0.004551,-0.028878,0.319316,0.208204
trial03_direct,2,630,20.1600,0.343745,0.026772,0.357142,-86.8406,-0.5507,1722.526,1905.215,4,5,0.088097,0.015753,1.000000,AVOID,0.000000,-0.000000,1.000000,0,0.004551,0.054413,0.319030,0.208490
trial03_direct,2,631,20.1920,0.343754,0.026772,0.357142,-86.9142,-0.4786,1727.270,1909.905,4,4,-0.000702,0.011640,1.000000,AVOID,0.000000,-0.000000,1.000000,0,0.004551,0.040203,0.315264,0.212256
trial03_direct,2,632,20.2240,0.343763,0.026772,0.357141,-86.9832,-0.4111,1731.706,1907.987,5,4,-0.086549,-0.012908,1.000000,AVOID,0.000000,-0.000000,1.000000,0,0.004551,-0.044583,0.291242,0.236278
trial03_direct,2,633,20.2560,0.343772,0.026772,0.357141,-87.0211,-0.3745,1741.585,1883.010,4,5,0.088089,0.012341,1.000000,AVOID,0.000000,-0.000000,1.000000,0,0.004551,0.042627,0.295028,0.232492
trial03_direct,2,634,20.2880,0.343780,0.026772,0.357140,-87.0639,-0.3331,1729.758,1906.007,4,4,-0.000710,0.009079,1.000000,AVOID,0.000000,-0.000000,1.000000,0,0.004551,0.031358,0.295051,0.232469
trial03_direct,2,635,20.3200,0.343789,0.026772,0.357140,-87.1067,-0.2916,1741.892,1882.131,5,4,-0.086526,-0.014822,1.000000,AVOID,0.000000,-0.000000,1.000000,0,0.004551,-0.051197,0.274429,0.253091
trial03_direct,2,636,20.3520,0.343797,0.026772,0.357140,-87.1217,-0.2780,1714.619,1903.018,4,5,0.088081,0.010903,1.000000,AVOID,0.000000,-0.000000,1.000000,0,0.004551,0.037660,0.281177,0.246343
trial03_direct,2,637,20.3840,0.343806,0.026772,0.357139,-87.1454,-0.2556,1742.871,1890.215,4,4,-0.000717,0.007998,1.000000,AVOID,0.000000,-0.000000,1.000000,0,0.004551,0.027626,0.283729,0.243791
trial03_direct,2,638,20.4160,0.343814,0.026772,0.357139,-87.1727,-0.2297,1731.208,1895.442,5,4,-0.086502,-0.015627,1.000000,AVOID,0.000000,-0.000000,1.000000,0,0.004551,-0.053975,0.265243,0.262277
trial03_direct,2,639,20.4480,0.343822,0.026772,0.357138,-87.1780,-0.2257,1722.352,1887.668,4,5,0.088072,0.010298,1.000000,AVOID,0.000000,-0.000000,1.000000,0,0.004551,0.035569,0.273765,0.253755
trial03_direct,2,640,20.4800,0.343830,0.026772,0.357138,-87.1910,-0.2140,1725.027,1894.058,4,4,-0.000724,0.007543,1.000000,AVOID,0.000000,-0.000000,1.000000,0,0.004551,0.026052,0.277776,0.249744
trial03_direct,2,641,20.5120,0.343839,0.026772,0.357138,-87.2096,-0.1967,1734.496,1904.229,5,4,-0.086478,-0.015963,1.000000,AVOID,0.000000,-0.000000,1.000000,0,0.004551,-0.055135,0.260489,0.267031
trial03_direct,2,642,20.5440,0.343847,0.026772,0.357137,-87.2081,-0.1995,1721.435,1902.272,4,5,0.088064,0.010044,1.000000,AVOID,0.000000,-0.000000,1.000000,0,0.004551,0.034692,0.269980,0.257540
trial03_direct,2,643,20.5760,0.343855,0.026772,0.357137,-87.2187,-0.1902,1729.128,1903.996,4,4,-0.000731,0.007350,1.000000,AVOID,0.000000,-0.000000,1.000000,0,0.004551,0.025388,0.274772,0.252748
trial03_direct,2,644,20.6080,0.343863,0.026772,0.357137,-87.2325,-0.1777,1733.947,1887.879,5,4,-0.086454,-0.016101,1.000000,AVOID,0.000000,-0.000000,1.000000,0,0.004551,-0.055612,0.258116,0.269404
trial03_direct,2,645,20.6400,0.343871,0.026772,0.357136,-87.2272,-0.1844,1731.109,1905.113,4,5,0.088056,0.009938,1.000000,AVOID,0.000000,-0.000000,1.000000,0,0.004551,0.034327,0.268109,0.259411
trial03_direct,2,646,20.6720,0.343879,0.026772,0.357136,-87.2348,-0.1781,1747.957,1900.716,4,4,-0.000739,0.007269,1.000000,AVOID,0.000000,-0.000000,1.000000,0,0.004551,0.025108,0.273298,0.254222
trial03_direct,2,647,20.7040,0.343887,0.026772,0.357135,-87.2473,-0.1668,1728.201,1910.836,4,4,-0.459458,-0.109413,1.000000,AVOID,0.000000,-0.000000,1.000000,0,0.004551,-0.377911,0.176436,0.351084
trial03_direct,2,648,20.7360,0.343896,0.026772,0.357135,-87.1355,-0.2800,1732.357,1902.580,5,5,-0.000841,-0.082270,1.000000,AVOID,0.000000,-0.000000,1.000000,0,0.004551,-0.284160,0.127227,0.400293
trial03_direct,2,649,20.7680,0.343904,0.026772,0.357135,-86.9587,-0.4582,1717.825,1891.594,4,4,-0.000746,-0.061889,1.000000,AVOID,0.000000,-0.000000,1.000000,0,0.004551,-0.213764,0.107919,0.419601
trial03_direct,2,650,20.8000,0.343914,0.026772,0.357134,-86.7560,-0.6623,1702.464,1907.942,4,4,-0.000661,-0.046582,1.000000,AVOID,0.000000,-0.000000,1.000000,0,0.004551,-0.160894,0.106656,0.420864
trial03_direct,2,651,20.8320,0.343924,0.026772,0.357134,-86.5512,-0.8687,1701.602,1920.198,5,5,-0.000850,-0.035149,1.000000,AVOID,0.000000,-0.000000,1.000000,0,0.004551,-0.121405,0.115581,0.411939
trial03_direct,2,652,20.8640,0.343934,0.026772,0.357133,-86.3577,-1.0640,1680.902,1906.140,4,4,-0.000754,-0.026550,1.000000,AVOID,0.000000,-0.000000,1.000000,0,0.004551,-0.091704,0.129699,0.397821
trial03_direct,2,653,20.8960,0.343945,0.026772,0.357133,-86.1823,-1.2412,1720.548,1929.329,4,4,-0.000668,-0.020080,1.000000,AVOID,0.000000,-0.000000,1.000000,0,0.004551,-0.069355,0.145876,0.381644
trial03_direct,2,654,20.9280,0.343957,0.026772,0.357132,-86.0277,-1.3976,1696.817,1920.911,5,5,-0.000858,-0.015274,1.000000,AVOID,0.000000,-0.000000,1.000000,0,0.004551,-0.052758,0.162157,0.365363
trial03_direct,2,655,20.9600,0.343969,0.026772,0.357132,-85.8941,-1.5331,1669.823,1930.505,4,4,-0.000761,-0.011646,1.000000,AVOID,0.000000,-0.000000,1.000000,0,0.004551,-0.040225,0.177502,0.350018
trial03_direct,2,656,20.9920,0.343982,0.026772,0.357131,-85.7804,-1.6488,1685.272,1919.019,4,4,-0.000675,-0.008903,1.000000,AVOID,0.000000,-0.000000,1.000000,0,0.004551,-0.030752,0.191378,0.336142
trial03_direct,2,657,21.0240,0.343994,0.026772,0.357131,-85.6846,-1.7467,1676.272,1935.301,5,4,0.381220,0.088628,1.000000,AVOID,0.000000,-0.000000,1.000000,0,0.004551,0.306120,0.286004,0.241516
trial03_direct,2,658,21.0560,0.344007,0.026772,0.357130,-85.7127,-1.7207,1676.371,1925.319,4,5,0.088120,0.088501,1.000000,AVOID,0.000000,-0.000000,1.000000,0,0.004551,0.305682,0.356863,0.170657
trial03_direct,2,659,21.0880,0.344020,0.026772,0.357130,-85.8327,-1.6027,1688.699,1930.650,4,4,-0.000682,0.066205,1.000000,AVOID,0.000000,-0.000000,1.000000,0,0.004551,0.228673,0.390756,0.136764
trial03_direct,2,660,21.1200,0.344032,0.026772,0.357129,-85.9970,-1.4403,1698.707,1932.389,5,4,-0.086619,0.027999,1.000000,AVOID,0.000000,-0.000000,1.000000,0,0.004551,0.096709,0.383184,0.144336
trial03_direct,2,661,21.1520,0.344043,0.026772,0.357129,-86.1522,-1.2870,1684.607,1948.011,4,5,0.088112,0.043027,1.000000,AVOID,0.000000,-0.000000,1.000000,0,0.004551,0.148617,0.390482,0.137038
trial03_direct,2,662,21.1840,0.344054,0.026772,0.357128,-86.3168,-1.1241,1712.230,1938.708,4,4,-0.000689,0.032098,1.000000,AVOID,0.000000,-0.000000,1.000000,0,0.004551,0.110868,0.386519,0.141001
trial03_direct,2,663,21.2160,0.344065,0.026772,0.357128,-86.4766,-0.9660,1716.747,1914.155,5,4,-0.086596,0.002425,1.000000,AVOID,0.000000,-0.000000,1.000000,0,0.004551,0.008376,0.357923,0.169597
trial03_direct,2,664,21.2480,0.344075,0.026772,0.357127,-86.6001,-0.8441,1708.640,1912.717,4,5,0.088105,0.023845,1.000000,AVOID,0.000000,-0.000000,1.000000,0,0.004551,0.082360,0.354972,0.172548
trial03_direct,2,665,21.2800,0.344085,0.026772,0.357127,-86.7196,-0.7262,1712.760,1920.977,4,4,-0.000695,0.017710,1.000000,AVOID,0.000000,-0.000000,1.000000,0,0.004551,0.061169,0.347461,0.180059
trial03_direct,2,666,21.3120,0.344094,0.026772,0.357126,-86.8297,-0.6176,1724.692,1903.910,5,4,-0.086573,-0.008361,1.000000,AVOID,0.000000,-0.000000,1.000000,0,0.004551,-0.028878,0.319316,0.208204
trial03_direct,2,667,21.3440,0.344103,0.026772,0.357126,-86.9040,-0.5447,1720.585,1906.336,4,5,0.088097,0.015753,1.000000,AVOID,0.000000,-0.000000,1.000000,0,0.004551,0.054413,0.319030,0.208490
trial03_direct,2,668,21.3760,0.344112,0.026772,0.357125,-86.9777,-0.4725,1726.812,1888.310,4,4,-0.000702,0.011640,1.000000,AVOID,0.000000,-0.000000,1.000000,0,0.004551,0.040203,0.315264,0.212256
trial03_direct,2,669,21.4080,0.344121,0.026772,0.357125,-87.0466,-0.4049,1718.270,1894.769,5,4,-0.086549,-0.012908,1.000000,AVOID,0.000000,-0.000000,1.000000,0,0.004551,-0.044583,0.291242,0.236278
trial03_direct,2,670,21.4400,0.344129,0.026772,0.357125,-87.0846,-0.3683,1716.558,1892.876,4,5,0.088089,0.012341,1.000000,AVOID,0.000000,-0.000000,1.000000,0,0.004551,0.042627,0.295028,0.232492
trial03_direct,2,671,21.4720,0.344138,0.026772,0.357124,-87.1273,-0.3270,1734.964,1902.130,4,4,-0.000710,0.009079,1.000000,AVOID,0.000000,-0.000000,1.000000,0,0.004551,0.031358,0.295051,0.232469
trial03_direct,2,672,21.5040,0.344146,0.026772,0.357124,-87.1702,-0.2854,1728.694,1899.784,5,4,-0.086526,-0.014822,1.000000,AVOID,0.000000,-0.000000,1.000000,0,0.004551,-0.051197,0.274429,0.253091
trial03_direct,2,673,21.5360,0.344154,0.026772,0.357124,-87.1851,-0.2718,1730.993,1904.193,4,5,0.088081,0.010903,1.000000,AVOID,0.000000,-0.000000,1.000000,0,0.004551,0.037660,0.281177,0.246343
trial03_direct,2,674,21.5680,0.344162,0.026772,0.357123,-87.2088,-0.2495,1726.610,1914.867,4,4,-0.000717,0.007998,1.000000,AVOID,0.000000,-0.000000,1.000000,0,0.004551,0.027626,0.283729,0.243791
trial03_direct,2,675,21.6000,0.344171,0.026772,0.357123,-87.2360,-0.2235,1726.818,1908.554,5,4,-0.086502,-0.015627,1.000000,AVOID,0.000000,-0.000000,1.000000,0,0.004551,-0.053975,0.265243,0.262277
trial03_direct,2,676,21.6320,0.344179,0.026772,0.357122,-87.2415,-0.2194,1725.092,1887.142,4,5,0.088072,0.010298,1.000000,AVOID,0.000000,-0.000000,1.000000,0,0.004551,0.035569,0.273765,0.253755
trial03_direct,2,677,21.6640,0.344187,0.026772,0.357122,-87.2544,-0.2077,1737.933,1898.973,4,4,-0.000724,0.007543,1.000000,AVOID,0.000000,-0.000000,1.000000,0,0.004551,0.026052,0.277776,0.249744
trial03_direct,2,678,21.6960,0.344195,0.026772,0.357122,-87.2730,-0.1904,1731.261,1906.922,5,4,-0.086478,-0.015963,1.000000,AVOID,0.000000,-0.000000,1.000000,0,0.004551,-0.055135,0.260489,0.267031
trial03_direct,2,679,21.7280,0.344203,0.026772,0.357121,-87.2716,-0.1931,1743.268,1883.395,4,5,0.088064,0.010044,1.000000,AVOID,0.000000,-0.000000,1.000000,0,0.004551,0.034692,0.269980,0.257540
trial03_direct,2,680,21.7600,0.344211,0.026772,0.357121,-87.2823,-0.1837,1744.270,1895.407,4,4,-0.000731,0.007350,1.000000,AVOID,0.000000,-0.000000,1.000000,0,0.004551,0.025388,0.274772,0.252748
trial03_direct,2,681,21.7920,0.344219,0.026772,0.357121,-87.2960,-0.1712,1731.713,1892.495,5,4,-0.086454,-0.016101,1.000000,AVOID,0.000000,-0.000000,1.000000,0,0.004551,-0.055612,0.258116,0.269404
trial03_direct,2,682,21.8240,0.344227,0.026772,0.357120,-87.2908,-0.1777,1712.459,1893.626,4,5,0.088056,0.009938,1.000000,AVOID,0.000000,-0.000000,1.000000,0,0.004551,0.034327,0.268109,0.259411
trial03_direct,2,683,21.8560,0.344235,0.026772,0.357120,-87.2985,-0.1713,1732.217,1887.402,4,4,-0.000739,0.007269,1.000000,AVOID,0.000000,-0.000000,1.000000,0,0.004551,0.025108,0.273298,0.254222
trial03_direct,2,684,21.8880,0.344242,0.026772,0.357120,-87.3107,-0.1603,1716.537,1910.193,4,4,-0.459458,-0.109413,1.000000,AVOID,0.000000,-0.000000,1.000000,0,0.004551,-0.377911,0.176436,0.351084
trial03_direct,2,685,21.9200,0.344251,0.026772,0.357119,-87.1990,-0.2734,1729.973,1882.294,5,5,-0.000841,-0.082270,1.000000,AVOID,0.000000,-0.000000,1.000000,0,0.004551,-0.284160,0.127227,0.400293
trial03_direct,2,686,21.9520,0.344259,0.026772,0.357119,-87.0222,-0.4515,1726.135,1906.447,4,4,-0.000746,-0.061889,1.000000,AVOID,0.000000,-0.000000,1.000000,0,0.004551,-0.213764,0.107919,0.419601
trial03_direct,2,687,21.9840,0.344268,0.026772,0.357119,-86.8196,-0.6556,1715.659,1904.650,4,4,-0.000661,-0.046582,1.000000,AVOID,0.000000,-0.000000,1.000000,0,0.004551,-0.160894,0.106656,0.420864
trial03_direct,2,688,22.0160,0.344278,0.026772,0.357118,-86.6148,-0.8620,1708.509,1903.518,5,5,-0.000850,-0.035149,1.000000,AVOID,0.000000,-0.000000,1.000000,0,0.004551,-0.121405,0.115581,0.411939
trial03_direct,2,689,22.0480,0.344288,0.026772,0.357118,-86.4212,-1.0572,1707.028,1921.121,4,4,-0.000754,-0.026550,1.000000,AVOID,0.000000,-0.000000,1.000000,0,0.004551,-0.091704,0.129699,0.397821
trial03_direct,2,690,22.0800,0.344299,0.026772,0.357117,-86.2457,-1.2344,1694.115,1921.088,4,4,-0.000668,-0.020080,1.000000,AVOID,0.000000,-0.000000,1.000000,0,0.004551,-0.069355,0.145876,0.381644
trial03_direct,2,691,22.1120,0.344311,0.026772,0.357117,-86.0911,-1.3909,1694.077,1924.631,5,5,-0.000858,-0.015274,1.000000,AVOID,0.000000,-0.000000,1.000000,0,0.004551,-0.052758,0.162157,0.365363
trial03_direct,2,692,22.1440,0.344323,0.026772,0.357116,-85.9575,-1.5264,1699.171,1924.312,4,4,-0.000761,-0.011646,1.000000,AVOID,0.000000,-0.000000,1.000000,0,0.004551,-0.040225,0.177502,0.350018
trial03_direct,2,693,22.1760,0.344335,0.026772,0.357116,-85.8437,-1.6421,1674.068,1918.544,4,4,-0.000675,-0.008903,1.000000,AVOID,0.000000,-0.000000,1.000000,0,0.004551,-0.030752,0.191378,0.336142
trial03_direct,2,694,22.2080,0.344347,0.026772,0.357115,-85.7479,-1.7400,1683.916,1929.245,5,4,0.381220,0.088628,1.000000,AVOID,0.000000,-0.000000,1.000000,0,0.004551,0.306120,0.286004,0.241516
trial03_direct,2,695,22.2400,0.344360,0.026772,0.357115,-85.7759,-1.7140,1680.299,1932.520,4,5,0.088120,0.088501,1.000000,AVOID,0.000000,-0.000000,1.000000,0,0.004551,0.305682,0.356863,0.170657
trial03_direct,2,696,22.2720,0.344373,0.026772,0.357114,-85.8959,-1.5960,1673.192,1931.205,4,4,-0.000682,0.066205,1.000000,AVOID,0.000000,-0.000000,1.000000,0,0.004551,0.228673,0.390756,0.136764
trial03_direct,2,697,22.3040,0.344384,0.026772,0.357114,-86.0602,-1.4336,1693.354,1927.902,5,4,-0.086619,0.027999,1.000000,AVOID,0.000000,-0.000000,1.000000,0,0.004551,0.096709,0.383184,0.144336
trial03_direct,2,698,22.3360,0.344396,0.026772,0.357113,-86.2154,-1.2803,1691.780,1914.957,4,5,0.088112,0.043027,1.000000,AVOID,0.000000,-0.000000,1.000000,0,0.004551,0.148617,0.390482,0.137038
trial03_direct,2,699,22.3680,0.344407,0.026772,0.357113,-86.3800,-1.1174,1716.092,1924.734,4,4,-0.000689,0.032098,1.000000,AVOID,0.000000,-0.000000,1.000000,0,0.004551,0.110868,0.386519,0.141001
trial03_direct,2,700,22.4000,0.344417,0.026772,0.357112,-86.5399,-0.9592,1719.345,1928.232,5,4,-0.086596,0.002425,1.000000,AVOID,0.000000,-0.000000,1.000000,0,0.004551,0.008376,0.357923,0.169597
trial03_direct,2,701,22.4320,0.344427,0.026772,0.357112,-86.6634,-0.8372,1711.063,1913.398,4,5,0.088105,0.023845,1.000000,AVOID,0.000000,-0.000000,1.000000,0,0.004551,0.082360,0.354972,0.172548
trial03_direct,2,702,22.4640,0.344437,0.026772,0.357111,-86.7829,-0.7192,1713.006,1914.326,4,4,-0.000695,0.017710,1.000000,AVOID,0.000000,-0.000000,1.000000,0,0.004551,0.061169,0.347461,0.180059
trial03_direct,2,703,22.4960,0.344446,0.026772,0.357111,-86.8931,-0.6106,1707.917,1898.349,5,4,-0.086573,-0.008361,1.000000,AVOID,0.000000,-0.000000,1.000000,0,0.004551,-0.028878,0.319316,0.208204
trial03_direct,2,704,22.5280,0.344455,0.026772,0.357110,-86.9674,-0.5376,1729.860,1909.345,4,5,0.088097,0.015753,1.000000,AVOID,0.000000,-0.000000,1.000000,0,0.004551,0.054413,0.319030,0.208490
trial03_direct,2,705,22.5600,0.344463,0.026772,0.357110,-87.0411,-0.4654,1735.534,1892.203,4,4,-0.000702,0.011640,1.000000,AVOID,0.000000,-0.000000,1.000000,0,0.004551,0.040203,0.315264,0.212256
trial03_direct,2,706,22.5920,0.344472,0.026772,0.357110,-87.1101,-0.3977,1718.923,1906.599,5,4,-0.086549,-0.012908,1.000000,AVOID,0.000000,-0.000000,1.000000,0,0.004551,-0.044583,0.291242,0.236278
trial03_direct,2,707,22.6240,0.344480,0.026772,0.357109,-87.1480,-0.3611,1744.996,1903.915,4,5,0.088089,0.012341,1.000000,AVOID,0.000000,-0.000000,1.000000,0,0.004551,0.042627,0.295028,0.232492
trial03_direct,2,708,22.6560,0.344488,0.026772,0.357109,-87.1907,-0.3197,1732.748,1876.374,4,4,-0.000710,0.009079,1.000000,AVOID,0.000000,-0.000000,1.000000,0,0.004551,0.031358,0.295051,0.232469
trial03_direct,2,709,22.6880,0.344496,0.026772,0.357109,-87.2336,-0.2782,1718.951,1901.415,5,4,-0.086526,-0.014822,1.000000,AVOID,0.000000,-0.000000,1.000000,0,0.004551,-0.051197,0.274429,0.253091
trial03_direct,2,710,22.7200,0.344504,0.026772,0.357108,-87.2485,-0.2645,1734.891,1902.378,4,5,0.088081,0.010903,1.000000,AVOID,0.000000,-0.000000,1.000000,0,0.004551,0.037660,0.281177,0.246343
trial03_direct,2,711,22.7520,0.344512,0.026772,0.357108,-87.2721,-0.2422,1739.616,1920.958,4,4,-0.000717,0.007998,1.000000,AVOID,0.000000,-0.000000,1.000000,0,0.004551,0.027626,0.283729,0.243791
trial03_direct,2,712,22.7840,0.344520,0.026772,0.357107,-87.2993,-0.2163,1742.520,1894.023,5,4,-0.086502,-0.015627,1.000000,AVOID,0.000000,-0.000000,1.000000,0,0.004551,-0.053975,0.265243,0.262277
trial03_direct,2,713,22.8160,0.344528,0.026772,0.357107,-87.3049,-0.2119,1739.508,1888.825,4,5,0.088072,0.010298,1.000000,AVOID,0.000000,-0.000000,1.000000,0,0.004551,0.035569,0.273765,0.253755
trial03_direct,2,714,22.8480,0.344536,0.026772,0.357107,-87.3178,-0.2003,1719.499,1896.448,4,4,-0.000724,0.007543,1.000000,AVOID,0.000000,-0.000000,1.000000,0,0.004551,0.026052,0.277776,0.249744
trial03_direct,2,715,22.8800,0.344544,0.026772,0.357106,-87.3363,-0.1831,1733.402,1877.109,5,4,-0.086478,-0.015963,1.000000,AVOID,0.000000,-0.000000,1.000000,0,0.004551,-0.055135,0.260489,0.267031
trial03_direct,2,716,22.9120,0.344552,0.026772,0.357106,-87.3351,-0.1856,1746.133,1919.297,4,5,0.088064,0.010044,1.000000,AVOID,0.000000,-0.000000,1.000000,0,0.004551,0.034692,0.269980,0.257540
trial03_direct,2,717,22.9440,0.344560,0.026772,0.357106,-87.3459,-0.1760,1730.963,1888.301,4,4,-0.000731,0.007350,1.000000,AVOID,0.000000,-0.000000,1.000000,0,0.004551,0.025388,0.274772,0.252748
trial03_direct,2,718,22.9760,0.344567,0.026772,0.357105,-87.3595,-0.1636,1751.954,1909.732,5,4,-0.086454,-0.016101,1.000000,AVOID,0.000000,-0.000000,1.000000,0,0.004551,-0.055612,0.258116,0.269404
trial03_direct,2,719,23.0080,0.344575,0.026772,0.357105,-87.3544,-0.1700,1749.943,1914.769,4,5,0.088056,0.009938,1.000000,AVOID,0.000000,-0.000000,1.000000,0,0.004551,0.034327,0.268109,0.259411
trial03_direct,2,720,23.0400,0.344583,0.026772,0.357105,-87.3621,-0.1635,1734.380,1893.534,4,4,-0.000739,0.007269,1.000000,AVOID,0.000000,-0.000000,1.000000,0,0.004551,0.025108,0.273298,0.254222
trial03_direct,2,721,23.0720,0.344591,0.026772,0.357104,-87.3741,-0.1528,1742.923,1910.252,4,4,-0.459458,-0.109413,1.000000,AVOID,0.000000,-0.000000,1.000000,0,0.004551,-0.377911,0.176436,0.351084
trial03_direct,2,722,23.1040,0.344598,0.026772,0.357104,-87.2625,-0.2656,1728.328,1889.930,5,5,-0.000841,-0.082270,1.000000,AVOID,0.000000,-0.000000,1.000000,0,0.004551,-0.284160,0.127227,0.400293
trial03_direct,2,723,23.1360,0.344607,0.026772,0.357104,-87.0858,-0.4437,1727.055,1910.717,4,4,-0.000746,-0.061889,1.000000,AVOID,0.000000,-0.000000,1.000000,0,0.004551,-0.213764,0.107919,0.419601
trial03_direct,2,724,23.1680,0.344616,0.026772,0.357103,-86.8831,-0.6477,1720.124,1907.653,4,4,-0.000661,-0.046582,1.000000,AVOID,0.000000,-0.000000,1.000000,0,0.004551,-0.160894,0.106656,0.420864
trial03_direct,2,725,23.2000,0.344625,0.026772,0.357103,-86.6783,-0.8541,1707.393,1926.233,5,5,-0.000850,-0.035149,1.000000,AVOID,0.000000,-0.000000,1.000000,0,0.004551,-0.121405,0.115581,0.411939
trial03_direct,2,726,23.2320,0.344636,0.026772,0.357103,-86.4847,-1.0494,1708.103,1904.482,4,4,-0.000754,-0.026550,1.000000,AVOID,0.000000,-0.000000,1.000000,0,0.004551,-0.091704,0.129699,0.397821
trial03_direct,2,727,23.2640,0.344646,0.026772,0.357102,-86.3092,-1.2266,1693.930,1915.354,4,4,-0.000668,-0.020080,1.000000,AVOID,0.000000,-0.000000,1.000000,0,0.004551,-0.069355,0.145876,0.381644
trial03_direct,2,728,23.2960,0.344658,0.026772,0.357102,-86.1545,-1.3831,1696.390,1926.890,5,5,-0.000858,-0.015274,1.000000,AVOID,0.000000,-0.000000,1.000000,0,0.004551,-0.052758,0.162157,0.365363
trial03_direct,2,729,23.3280,0.344669,0.026772,0.357101,-86.0209,-1.5186,1700.776,1906.088,4,4,-0.000761,-0.011646,1.000000,AVOID,0.000000,-0.000000,1.000000,0,0.004551,-0.040225,0.177502,0.350018
trial03_direct,2,730,23.3600,0.344681,0.026772,0.357101,-85.9071,-1.6343,1678.911,1942.188,4,4,-0.000675,-0.008903,1.000000,AVOID,0.000000,-0.000000,1.000000,0,0.004551,-0.030752,0.191378,0.336142
trial03_direct,2,731,23.3920,0.344694,0.026772,0.357100,-85.8112,-1.7322,1672.912,1931.794,5,4,0.381220,0.088628,1.000000,AVOID,0.000000,-0.000000,1.000000,0,0.004551,0.306120,0.286004,0.241516
trial03_direct,2,732,23.4240,0.344706,0.026772,0.357100,-85.8391,-1.7063,1688.687,1917.307,4,5,0.088120,0.088501,1.000000,AVOID,0.000000,-0.000000,1.000000,0,0.004551,0.305682,0.356863,0.170657
trial03_direct,2,733,23.4560,0.344718,0.026772,0.357099,-85.9591,-1.5882,1685.522,1930.467,4,4,-0.000682,0.066205,1.000000,AVOID,0.000000,-0.000000,1.000000,0,0.004551,0.228673,0.390756,0.136764
trial03_direct,2,734,23.4880,0.344730,0.026772,0.357099,-86.1234,-1.4258,1695.488,1924.163,5,4,-0.086619,0.027999,1.000000,AVOID,0.000000,-0.000000,1.000000,0,0.004551,0.096709,0.383184,0.144336
trial03_direct,2,735,23.5200,0.344741,0.026772,0.357098,-86.2786,-1.2724,1697.893,1905.368,4,5,0.088112,0.043027,1.000000,AVOID,0.000000,-0.000000,1.000000,0,0.004551,0.148617,0.390482,0.137038
trial03_direct,2,736,23.5520,0.344752,0.026772,0.357098,-86.4433,-1.1095,1694.076,1912.077,4,4,-0.000689,0.032098,1.000000,AVOID,0.000000,-0.000000,1.000000,0,0.004551,0.110868,0.386519,0.141001
trial03_direct,2,737,23.5840,0.344762,0.026772,0.357097,-86.6031,-0.9513,1716.930,1909.930,5,4,-0.086596,0.002425,1.000000,AVOID,0.000000,-0.000000,1.000000,0,0.004551,0.008376,0.357923,0.169597
trial03_direct,2,738,23.6160,0.344772,0.026772,0.357097,-86.7267,-0.8293,1705.391,1915.516,4,5,0.088105,0.023845,1.000000,AVOID,0.000000,-0.000000,1.000000,0,0.004551,0.082360,0.354972,0.172548
trial03_direct,2,739,23.6480,0.344781,0.026772,0.357096,-86.8463,-0.7112,1696.801,1923.907,4,4,-0.000695,0.017710,1.000000,AVOID,0.000000,-0.000000,1.000000,0,0.004551,0.061169,0.347461,0.180059
trial03_direct,2,740,23.6800,0.344790,0.026772,0.357096,-86.9564,-0.6025,1726.506,1889.129,5,4,-0.086573,-0.008361,1.000000,AVOID,0.000000,-0.000000,1.000000,0,0.004551,-0.028878,0.319316,0.208204
trial03_direct,2,741,23.7120,0.344799,0.026772,0.357096,-87.0308,-0.5295,1732.500,1909.745,4,5,0.088097,0.015753,1.000000,AVOID,0.000000,-0.000000,1.000000,0,0.004551,0.054413,0.319030,0.208490
trial03_direct,2,742,23.7440,0.344808,0.026772,0.357095,-87.1045,-0.4571,1721.567,1901.931,4,4,-0.000702,0.011640,1.000000,AVOID,0.000000,-0.000000,1.000000,0,0.004551,0.040203,0.315264,0.212256
trial03_direct,2,743,23.7760,0.344816,0.026772,0.357095,-87.1735,-0.3894,1744.498,1906.844,5,4,-0.086549,-0.012908,1.000000,AVOID,0.000000,-0.000000,1.000000,0,0.004551,-0.044583,0.291242,0.236278
trial03_direct,2,744,23.8080,0.344824,0.026772,0.357094,-87.2115,-0.3528,1718.107,1901.935,4,5,0.088089,0.012341,1.000000,AVOID,0.000000,-0.000000,1.000000,0,0.004551,0.042627,0.295028,0.232492
trial03_direct,2,745,23.8400,0.344832,0.026772,0.357094,-87.2541,-0.3114,1728.410,1888.882,4,4,-0.000710,0.009079,1.000000,AVOID,0.000000,-0.000000,1.000000,0,0.004551,0.031358,0.295051,0.232469
trial03_direct,2,746,23.8720,0.344840,0.026772,0.357094,-87.2970,-0.2699,1725.910,1898.296,5,4,-0.086526,-0.014822,1.000000,AVOID,0.000000,-0.000000,1.000000,0,0.004551,-0.051197,0.274429,0.253091
trial03_direct,2,747,23.9040,0.344848,0.026772,0.357093,-87.3119,-0.2562,1723.188,1901.042,4,5,0.088081,0.010903,1.000000,AVOID,0.000000,-0.000000,1.000000,0,0.004551,0.037660,0.281177,0.246343
trial03_direct,2,748,23.9360,0.344856,0.026772,0.357093,-87.3355,-0.2339,1743.788,1894.742,4,4,-0.000717,0.007998,1.000000,AVOID,0.000000,-0.000000,1.000000,0,0.004551,0.027626,0.283729,0.243791
trial03_direct,2,749,23.9680,0.344863,0.026772,0.357093,-87.3626,-0.2079,1748.887,1885.503,5,4,-0.086502,-0.015627,1.000000,AVOID,0.000000,-0.000000,1.000000,0,0.004551,-0.053975,0.265243,0.262277
trial03_direct,2,750,24.0000,0.344871,0.026772,0.357092,-87.3684,-0.2034,1743.326,1885.302,4,5,0.088072,0.010298,1.000000,AVOID,0.000000,-0.000000,1.000000,0,0.004551,0.035569,0.273765,0.253755
trial03_direct,2,751,24.0320,0.344879,0.026772,0.357092,-87.3812,-0.1918,1734.300,1879.826,4,4,-0.000724,0.007543,1.000000,AVOID,0.000000,-0.000000,1.000000,0,0.004551,0.026052,0.277776,0.249744
trial03_direct,2,752,24.0640,0.344886,0.026772,0.357092,-87.3997,-0.1746,1754.942,1892.273,5,4,-0.086478,-0.015963,1.000000,AVOID,0.000000,-0.000000,1.000000,0,0.004551,-0.055135,0.260489,0.267031
trial03_direct,2,753,24.0960,0.344894,0.026772,0.357092,-87.3986,-0.1769,1723.372,1903.845,4,5,0.088064,0.010044,1.000000,AVOID,0.000000,-0.000000,1.000000,0,0.004551,0.034692,0.269980,0.257540
trial03_direct,2,754,24.1280,0.344902,0.026772,0.357091,-87.4094,-0.1673,1733.144,1899.470,4,4,-0.000731,0.007350,1.000000,AVOID,0.000000,-0.000000,1.000000,0,0.004551,0.025388,0.274772,0.252748
trial03_direct,2,755,24.1600,0.344909,0.026772,0.357091,-87.4230,-0.1549,1738.141,1887.382,5,4,-0.086454,-0.016101,1.000000,AVOID,0.000000,-0.000000,1.000000,0,0.004551,-0.055612,0.258116,0.269404
trial03_direct,2,756,24.1920,0.344917,0.026772,0.357091,-87.4180,-0.1611,1731.246,1891.023,4,5,0.088056,0.009938,1.000000,AVOID,0.000000,-0.000000,1.000000,0,0.004551,0.034327,0.268109,0.259411
trial03_direct,2,757,24.2240,0.344924,0.026772,0.357090,-87.4258,-0.1545,1724.651,1889.329,4,4,-0.000739,0.007269,1.000000,AVOID,0.000000,-0.000000,1.000000,0,0.004551,0.025108,0.273298,0.254222
trial03_direct,2,758,24.2560,0.344932,0.026772,0.357090,-87.4375,-0.1441,1732.020,1888.060,4,4,-0.459458,-0.109413,1.000000,AVOID,0.000000,-0.000000,1.000000,0,0.004551,-0.377911,0.176436,0.351084
trial03_direct,2,759,24.2880,0.344940,0.026772,0.357090,-87.3260,-0.2568,1719.718,1888.996,5,5,-0.000841,-0.082270,1.000000,AVOID,0.000000,-0.000000,1.000000,0,0.004551,-0.284160,0.127227,0.400293
trial03_direct,2,760,24.3200,0.344948,0.026772,0.357089,-87.1494,-0.4347,1729.679,1898.401,4,4,-0.000746,-0.061889,1.000000,AVOID,0.000000,-0.000000,1.000000,0,0.004551,-0.213764,0.107919,0.419601
trial03_direct,2,761,24.3520,0.344956,0.026772,0.357089,-86.9467,-0.6388,1709.680,1902.493,4,4,-0.000661,-0.046582,1.000000,AVOID,0.000000,-0.000000,1.000000,0,0.004551,-0.160894,0.106656,0.420864
trial03_direct,2,762,24.3840,0.344966,0.026772,0.357089,-86.7419,-0.8452,1719.807,1923.532,5,5,-0.000850,-0.035149,1.000000,AVOID,0.000000,-0.000000,1.000000,0,0.004551,-0.121405,0.115581,0.411939
trial03_direct,2,763,24.4160,0.344976,0.026772,0.357088,-86.5482,-1.0404,1705.755,1909.610,4,4,-0.000754,-0.026550,1.000000,AVOID,0.000000,-0.000000,1.000000,0,0.004551,-0.091704,0.129699,0.397821
trial03_direct,2,764,24.4480,0.344986,0.026772,0.357088,-86.3727,-1.2177,1697.514,1908.342,4,4,-0.000668,-0.020080,1.000000,AVOID,0.000000,-0.000000,1.000000,0,0.004551,-0.069355,0.145876,0.381644
trial03_direct,2,765,24.4800,0.344998,0.026772,0.357087,-86.2179,-1.3741,1706.314,1912.947,5,5,-0.000858,-0.015274,1.000000,AVOID,0.000000,-0.000000,1.000000,0,0.004551,-0.052758,0.162157,0.365363
trial03_direct,2,766,24.5120,0.345009,0.026772,0.357087,-86.0843,-1.5097,1699.940,1931.633,4,4,-0.000761,-0.011646,1.000000,AVOID,0.000000,-0.000000,1.000000,0,0.004551,-0.040225,0.177502,0.350018
trial03_direct,2,767,24.5440,0.345021,0.026772,0.357086,-85.9704,-1.6254,68.312,1943.570,4,0,-0.794627,-0.207391,1.000000,AVOID,-1.000000,-0.250000,1.000000,0,0.004551,-0.716329,0.206814,0.694366
trial03_direct,2,768,24.5760,0.345042,0.026772,0.357085,-85.6556,-1.9436,66.663,1935.040,5,0,-0.791174,-0.353337,1.000000,AVOID,-1.000000,-0.437500,1.000000,0,0.004551,-1.220425,0.102774,1.078651
trial03_direct,2,769,24.6080,0.345072,0.026772,0.357084,-85.0269,-2.5771,70.840,1951.167,4,0,-0.791929,-0.462985,1.000000,AVOID,-1.000000,-0.578125,1.000000,0,0.004551,-1.599150,-0.069937,1.461546
trial03_direct,2,770,24.6400,0.345112,0.026772,0.357083,-84.0396,-3.5709,70.018,1954.205,4,0,-0.792795,-0.545437,1.000000,AVOID,-1.000000,-0.683594,1.000000,0,0.004551,-1.883941,-0.270668,1.819914
trial03_direct,2,771,24.6720,0.345167,0.026772,0.357081,-82.6905,-4.9288,67.815,1978.655,5,0,-0.790727,-0.606760,1.000000,AVOID,-1.000000,-0.762695,1.000000,0,0.004551,-2.095749,-0.474168,2.141643
trial03_direct,2,772,24.7040,0.345240,0.026773,0.357078,-81.0001,-6.6308,69.875,2009.076,4,0,-0.791776,-0.653014,1.000000,AVOID,-1.000000,-0.822021,1.000000,0,0.004551,-2.255510,-0.666734,2.422880
trial03_direct,2,773,24.7360,0.345334,0.026773,0.357075,-79.0007,-8.6454,71.311,2043.764,4,0,-0.792708,-0.687937,1.000000,AVOID,-1.000000,-0.866516,1.000000,0,0.246313,-2.376136,-0.841314,2.663964
trial03_direct,2,774,24.7680,0.345454,0.026774,0.357070,-76.7289,-10.9364,69.585,2078.845,5,0,-0.790631,-0.713611,1.000000,AVOID,-1.000000,-0.899887,1.000000,0,0.257747,-2.464812,-0.994419,2.866946
trial03_direct,2,775,24.8000,0.345602,0.026775,0.357065,-74.2226,-13.4664,71.605,2080.617,4,0,-0.791693,-0.733131,1.000000,AVOID,-1.000000,-0.924915,1.000000,0,0.257747,-2.532236,-1.126103,3.036038
trial03_direct,2,776,24.8320,0.345781,0.026776,0.357059,-71.5174,-16.2004,66.378,2089.718,4,0,-0.792634,-0.748007,1.000000,AVOID,-1.000000,-0.943686,1.000000,0,0.257747,-2.583617,-1.237711,3.175703
trial03_direct,2,777,24.8640,0.345993,0.026777,0.357052,-68.6456,-19.1062,75.235,2086.769,5,0,-0.790536,-0.758639,1.000000,AVOID,-1.000000,-0.957765,1.000000,0,0.257747,-2.620341,-1.330599,3.289632
trial03_direct,2,778,24.8960,0.346238,0.026779,0.357045,-65.6364,-22.1547,70.336,2054.109,4,0,-0.791609,-0.766882,1.000000,AVOID,-1.000000,-0.968324,1.000000,0,0.257747,-2.648810,-1.407381,3.382197
trial03_direct,2,779,24.9280,0.346518,0.026782,0.357037,-62.5152,-25.3208,69.792,2010.724,4,0,-0.792560,-0.773301,1.000000,AVOID,-1.000000,-0.976243,1.000000,0,0.257747,-2.670983,-1.470512,3.457163
trial03_direct,2,780,24.9600,0.346832,0.026785,0.357028,-59.3030,-28.5833,71.835,2074.688,5,0,-0.790441,-0.777586,1.000000,AVOID,-1.000000,-0.982182,1.000000,0,0.257747,-2.685783,-1.521560,3.517088
trial03_direct,2,781,24.9920,0.347179,0.026789,0.357020,-56.0186,-31.9235,65.658,2182.347,4,0,-0.791525,-0.781071,1.000000,AVOID,-1.000000,-0.986637,1.000000,0,0.246313,-2.697819,-1.562855,3.565041
trial03_direct,2,782,25.0240,0.347559,0.026795,0.357011,-52.6771,-35.3259,68.856,2382.672,4,0,-0.792485,-0.783924,1.000000,AVOID,-1.000000,-0.989977,1.000000,0,0.246313,-2.707675,-1.644960,3.554800
trial03_direct,2,783,25.0560,0.347935,0.026800,0.357004,-49.2323,-38.8309,68.378,2529.511,5,0,-0.790345,-0.785530,1.000000,AVOID,-1.000000,-0.992483,1.000000,0,0.246313,-2.713219,-1.707925,3.548504
trial03_direct,2,784,25.0880,0.348265,0.026806,0.356999,-45.5741,-42.5422,71.322,2640.301,4,0,-0.791439,-0.787007,1.000000,AVOID,-1.000000,-0.994362,1.000000,0,0.246313,-2.718322,-1.756424,3.545059
trial03_direct,2,785,25.1200,0.348572,0.026811,0.356994,-41.7942,-46.3714,70.145,2666.015,4,0,-0.792410,-0.788358,1.000000,AVOID,-1.000000,-0.995772,1.000000,0,0.246313,-2.722987,-1.793965,3.543641
trial03_direct,2,786,25.1520,0.348888,0.026815,0.356988,-37.9924,-50.2238,70.072,2629.525,5,0,-0.790248,-0.788830,1.000000,AVOID,-1.000000,-0.996829,1.000000,0,0.246313,-2.724619,-1.822528,3.542985
trial03_direct,2,787,25.1840,0.349211,0.026820,0.356983,-34.1746,-54.0935,68.927,2535.446,4,0,-0.791353,-0.789461,1.000000,AVOID,-1.000000,-0.997622,1.000000,0,0.246313,-2.726798,-1.844496,3.543038
trial03_direct,2,788,25.2160,0.349541,0.026824,0.356978,-30.3450,-57.9760,65.738,2380.467,4,0,-0.792333,-0.790179,1.000000,AVOID,-1.000000,-0.998216,1.000000,0,0.281495,-2.729278,-1.861591,3.543698
trial03_direct,2,789,25.2480,0.349878,0.026829,0.356972,-26.5067,-61.8685,70.863,2146.370,5,0,-0.790149,-0.790171,1.000000,AVOID,-1.000000,-0.998662,1.000000,0,0.281495,-2.729252,-1.874406,3.544187
trial03_direct,2,790,25.2800,0.350222,0.026833,0.356967,-22.6626,-65.7677,67.680,66.689,0,0,0.009904,-0.590153,0.000000,GOAL,-1.000000,-0.998997,1.000000,0,0.281495,1.096028,-0.927698,2.588233
trial03_direct,2,791,25.3120,0.350621,0.026836,0.356959,-20.1986,-68.2958,66.445,69.677,0,0,0.001992,-0.442116,0.000000,GOAL,-1.000000,-0.999247,1.000000,0,0.281495,1.096028,-0.217667,1.871268
trial03_direct,2,792,25.3440,0.351060,0.026839,0.356950,-18.7690,-69.7958,68.951,67.349,0,0,0.000400,-0.331487,0.000000,GOAL,-1.000000,-0.999436,1.000000,0,0.281495,1.096028,0.314857,1.333544
trial03_direct,2,793,25.3760,0.351529,0.026839,0.356940,-18.1064,-70.5337,67.514,68.916,0,0,0.000081,-0.248595,0.000000,GOAL,-1.000000,-0.999577,1.000000,0,0.281495,1.096028,0.714250,0.930251
trial03_direct,2,794,25.4080,0.352020,0.026839,0.356928,-18.0108,-70.7080,71.507,69.181,0,0,0.000016,-0.186442,0.000000,GOAL,-1.000000,-0.999683,1.000000,0,0.281495,1.096028,1.013794,0.627781
trial03_direct,2,795,25.4400,0.352514,0.026837,0.356916,-18.3078,-70.4903,71.829,63.791,0,0,0.000003,-0.139831,0.000000,GOAL,-1.000000,-0.999762,1.000000,0,0.281495,1.096028,1.238453,0.400929
trial03_direct,2,796,25.4720,0.353006,0.026836,0.356904,-18.8885,-69.9886,65.412,69.026,0,0,0.000001,-0.104873,0.000000,GOAL,-1.000000,-0.999821,1.000000,0,0.281495,1.096028,1.406946,0.230790
trial03_direct,2,797,25.5040,0.353496,0.026834,0.356893,-19.6802,-69.2757,65.486,67.530,0,0,0.000000,-0.078655,0.000000,GOAL,-1.000000,-0.999866,1.000000,0,0.281495,1.096028,1.533317,0.103186
trial03_direct,2,798,25.5360,0.353984,0.026831,0.356882,-20.6290,-68.4052,70.312,69.252,0,0,0.000000,-0.058991,0.000000,GOAL,-1.000000,-0.999900,1.000000,0,0.281495,1.096028,1.628094,0.007482
trial03_direct,2,799,25.5680,0.354470,0.026828,0.356871,-21.6951,-67.4170,63.774,72.250,0,0,0.000000,-0.044243,0.000000,GOAL,-1.000000,-0.999925,1.000000,0,0.281495,1.096028,1.699178,-0.064295
trial03_direct,2,800,25.6000,0.354952,0.026825,0.356861,-22.8487,-66.3408,69.206,68.054,0,0,0.000000,-0.033182,0.000000,GOAL,-1.000000,-0.999943,1.000000,0,0.281495,1.096028,1.752490,-0.118128
trial03_direct,2,801,25.6320,0.355430,0.026823,0.356852,-24.0677,-65.1986,67.594,65.690,0,0,0.000000,-0.024887,0.000000,GOAL,-1.000000,-0.999958,1.000000,0,0.281495,1.096028,1.792475,-0.158503
trial03_direct,2,802,25.6640,0.355904,0.026821,0.356844,-25.3355,-64.0069,68.688,72.902,0,0,0.000000,-0.018665,0.000000,GOAL,-1.000000,-0.999968,1.000000,0,0.281495,1.096028,1.822463,-0.188784
trial03_direct,2,803,25.6960,0.356374,0.026818,0.356837,-26.6397,-62.7780,68.301,74.543,0,0,0.000000,-0.013999,0.000000,GOAL,-1.000000,-0.999976,1.000000,0,0.281495,1.096028,1.844954,-0.211495
trial03_direct,2,804,25.7280,0.356838,0.026816,0.356830,-27.9711,-61.5211,69.868,73.464,0,0,0.000000,-0.010499,0.000000,GOAL,-1.000000,-0.999982,1.000000,0,0.281495,1.096028,1.861822,-0.228528
trial03_direct,2,805,25.7600,0.357296,0.026814,0.356825,-29.3229,-60.2430,68.221,65.135,0,0,0.000000,-0.007874,0.000000,GOAL,-1.000000,-0.999987,1.000000,0,0.281495,1.096028,1.874474,-0.241303
trial03_direct,2,806,25.7920,0.357749,0.026813,0.356820,-30.6897,-58.9489,70.592,71.192,0,0,0.000000,-0.005906,0.000000,GOAL,-1.000000,-0.999990,1.000000,0,0.281495,1.096028,1.883962,-0.250884
trial03_direct,2,807,25.8240,0.358195,0.026811,0.356815,-32.0677,-57.6425,72.013,66.352,0,0,0.000000,-0.004429,0.000000,GOAL,-1.000000,-0.999992,1.000000,0,0.281495,1.096028,1.891079,-0.258070
trial03_direct,2,808,25.8560,0.358635,0.026809,0.356812,-33.4540,-56.3268,69.704,67.312,0,0,0.000000,-0.003322,0.000000,GOAL,-1.000000,-0.999994,1.000000,0,0.281495,1.096028,1.896416,-0.263460
trial03_direct,2,809,25.8880,0.359067,0.026807,0.356809,-34.8465,-55.0037,64.878,71.181,0,0,0.000000,-0.002491,0.000000,GOAL,-1.000000,-0.999996,1.000000,0,0.246313,0.959045,1.866173,-0.233256
trial03_direct,2,810,25.9200,0.359493,0.026806,0.356806,-36.1994,-53.7191,67.661,65.523,0,0,0.000000,-0.001869,0.000000,GOAL,-0.841494,-0.960370,0.807769,0,0.246313,0.959045,1.843491,-0.210603
trial03_direct,2,811,25.9520,0.359910,0.026804,0.356804,-37.5224,-52.4632,70.729,70.182,0,0,0.000000,-0.001401,0.000000,GOAL,-0.857397,-0.934627,0.827057,0,0.246313,0.959045,1.826480,-0.193614
trial03_direct,2,812,25.9840,0.360321,0.026803,0.356803,-38.8230,-51.2285,68.693,69.038,0,0,0.000000,-0.001051,0.000000,GOAL,-0.774303,-0.894546,0.726282,0,0.246313,0.959045,1.813721,-0.180872
trial03_direct,2,813,26.0160,0.360724,0.026798,0.356798,-40.1067,-50.0095,71.239,72.798,0,0,0.000000,-0.000788,0.000000,GOAL,-0.747779,-0.857854,0.694115,0,0.246313,0.959045,1.804152,-0.171315
trial03_direct,2,814,26.0480,0.361119,0.026788,0.356790,-41.3778,-48.8020,69.375,69.587,0,0,0.000000,-0.000591,0.000000,GOAL,-0.638062,-0.802906,0.561053,0,0.246313,0.959045,1.796975,-0.164147
trial03_direct,2,815,26.0800,0.361507,0.026774,0.356777,-42.6393,-47.6027,63.008,71.875,0,0,0.000000,-0.000443,0.000000,GOAL,-0.562749,-0.742867,0.469717,0,0.246313,0.959045,1.791593,-0.158772
trial03_direct,2,816,26.1120,0.361887,0.026757,0.356762,-43.8937,-46.4093,66.106,72.028,0,0,0.000000,-0.000333,0.000000,GOAL,-0.515417,-0.686004,0.412315,0,0.246313,0.959045,1.787556,-0.154740
trial03_direct,2,817,26.1440,0.362259,0.026735,0.356742,-45.1428,-45.2200,67.016,2648.761,4,0,-0.791222,-0.198055,1.000000,AVOID,-1.000000,-0.764503,1.000000,0,0.246313,-0.684082,1.373746,0.259065
trial03_direct,2,818,26.1760,0.362628,0.026710,0.356720,-45.8745,-44.5476,68.971,2660.378,4,0,-0.792217,-0.346595,1.000000,AVOID,-1.000000,-0.823378,1.000000,0,0.246313,-1.197141,0.935125,0.697684
trial03_direct,2,819,26.2080,0.362993,0.026683,0.356695,-46.0381,-44.4426,65.581,1991.916,5,0,-0.790000,-0.457447,1.000000,AVOID,-1.000000,-0.867533,1.000000,0,0.246313,-1.580020,0.510438,1.122368
trial03_direct,2,820,26.2400,0.363352,0.026652,0.356668,-45.6397,-44.8987,72.300,240.334,0,0,0.010054,-0.340571,0.150000,BLEND,-0.480217,-0.770704,0.369625,0,0.246313,0.638738,0.746613,0.886192
trial03_direct,2,821,26.2720,0.363717,0.026617,0.356636,-45.5377,-45.0595,71.788,125.677,0,0,0.002022,-0.254923,0.000000,GOAL,-0.479421,-0.697883,0.368659,0,0.246313,0.959045,1.003821,0.628982
trial03_direct,2,822,26.3040,0.364081,0.026578,0.356602,-45.7767,-44.8790,72.162,124.976,0,0,0.000407,-0.191091,0.000000,GOAL,-0.473790,-0.641860,0.361831,0,0.246313,0.959045,1.196727,0.436076
trial03_direct,2,823,26.3360,0.364459,0.026534,0.356562,-46.3113,-44.4053,68.351,164.210,0,0,0.000082,-0.143298,0.000000,GOAL,-0.472529,-0.599527,0.360301,0,0.246313,0.959045,1.341407,0.291395
trial03_direct,2,824,26.3680,0.364840,0.026486,0.356519,-47.0505,-43.7273,66.881,251.402,0,0,0.000016,-0.107469,0.151920,BLEND,-0.436258,-0.558710,0.316313,0,0.246313,0.756955,1.399394,0.233408
trial03_direct,2,825,26.4000,0.365218,0.026434,0.356472,-47.8719,-42.9667,70.580,361.066,2,0,-0.793942,-0.279087,0.385248,BLEND,-0.493099,-0.542307,0.385248,0,0.246313,0.218209,1.308198,0.324604
trial03_direct,2,826,26.4320,0.365586,0.026379,0.356422,-48.5650,-42.3330,70.337,512.213,3,0,-0.792888,-0.407538,0.706835,BLEND,-0.758268,-0.596297,0.706835,0,0.246313,-0.713808,1.006796,0.626005
trial03_direct,2,827,26.4640,0.365937,0.026323,0.356372,-48.8328,-42.1217,71.967,448.968,3,0,-0.790908,-0.503380,0.572272,BLEND,-0.647312,-0.609051,0.572272,0,0.246313,-0.584785,0.813001,0.819800
trial03_direct,2,828,26.4960,0.366279,0.026265,0.356321,-48.8272,-42.1824,69.791,340.713,1,0,-0.794840,-0.576245,0.341944,BLEND,-0.457392,-0.571136,0.341944,0,0.246313,-0.049482,0.801480,0.831320
trial03_direct,2,829,26.5280,0.366621,0.026204,0.356266,-48.8054,-42.2596,73.051,264.528,1,0,-0.791776,-0.630128,0.179846,BLEND,-0.426082,-0.534873,0.303972,0,0.246313,0.395136,0.903994,0.728806
trial03_direct,2,830,26.5600,0.366968,0.026139,0.356207,-48.9281,-42.1927,67.521,236.090,0,0,0.008269,-0.470529,0.150000,BLEND,-0.398912,-0.500882,0.271021,0,0.246313,0.571407,1.024948,0.607853
trial03_direct,2,831,26.5920,0.367318,0.026070,0.356145,-49.2216,-41.9558,74.903,225.209,0,0,0.001663,-0.352481,0.150000,BLEND,-0.403809,-0.476614,0.276960,0,0.246313,0.632568,1.130953,0.501848
trial03_direct,2,832,26.6240,0.367670,0.025997,0.356079,-49.6647,-41.5695,71.439,241.767,0,0,0.000334,-0.264277,0.150000,BLEND,-0.386697,-0.454135,0.256207,0,0.246313,0.678266,1.221881,0.410919
trial03_direct,2,833,26.6560,0.368023,0.025919,0.356010,-50.2363,-41.0550,69.073,284.137,1,0,-0.797311,-0.397535,0.221567,BLEND,-0.410602,-0.443252,0.285198,0,0.246313,0.442321,1.231091,0.401709
trial03_direct,2,834,26.6880,0.368371,0.025839,0.355938,-50.8210,-40.5266,67.115,322.045,2,0,-0.790908,-0.495879,0.302223,BLEND,-0.424640,-0.438599,0.302223,0,0.246313,0.151562,1.165309,0.467491
trial03_direct,2,835,26.7200,0.368713,0.025758,0.355864,-51.3131,-40.0898,69.103,332.370,1,0,-0.794210,-0.570461,0.324191,BLEND,-0.442754,-0.439638,0.324191,0,0.246313,0.009353,1.080420,0.552380
trial03_direct,2,836,26.7520,0.369048,0.025674,0.355789,-51.6855,-39.7717,71.330,332.249,1,0,-0.796330,-0.626929,0.323934,BLEND,-0.442542,-0.440364,0.323934,0,0.246313,-0.053071,1.001147,0.631653
trial03_direct,2,837,26.7840,0.369377,0.025589,0.355712,-51.9460,-39.5645,69.980,339.050,2,0,-0.793099,-0.668471,0.338405,BLEND,-0.454474,-0.443891,0.338405,0,0.246313,-0.146842,0.918250,0.714550
trial03_direct,2,838,26.8160,0.369701,0.025501,0.355634,-52.0896,-39.4736,69.911,309.636,1,0,-0.794814,-0.700057,0.275822,BLEND,-0.402871,-0.433636,0.275822,0,0.246313,0.027582,0.899683,0.733117
trial03_direct,2,839,26.8480,0.370024,0.025411,0.355553,-52.2068,-39.4087,68.679,292.034,1,0,-0.795018,-0.723797,0.238370,BLEND,-0.371990,-0.418225,0.238370,0,0.246313,0.134512,0.912490,0.720310
trial03_direct,2,840,26.8800,0.370347,0.025318,0.355469,-52.3421,-39.3258,71.129,274.039,1,0,-0.792523,-0.740979,0.200082,BLEND,-0.345558,-0.400058,0.206315,0,0.246313,0.255080,0.952238,0.680562
trial03_direct,2,841,26.9120,0.370670,0.025222,0.355382,-52.5335,-39.1870,69.532,259.734,0,0,0.007518,-0.553854,0.169646,BLEND,-0.332452,-0.383156,0.190420,0,0.246313,0.471811,1.036231,0.596569
trial03_direct,2,842,26.9440,0.370994,0.025122,0.355292,-52.8433,-38.9300,67.604,253.917,1,0,-0.790678,-0.613060,0.157271,BLEND,-0.340085,-0.372388,0.199677,0,0.246313,0.475193,1.100071,0.532729
trial03_direct,2,843,26.9760,0.371319,0.025018,0.355199,-53.2433,-38.5829,71.957,271.685,0,0,0.009373,-0.457452,0.195075,BLEND,-0.336290,-0.363364,0.195075,0,0.246313,0.463733,1.145087,0.487713
trial03_direct,2,844,27.0080,0.371642,0.024912,0.355103,-53.7068,-38.1720,71.754,290.191,1,0,-0.797229,-0.542396,0.234448,BLEND,-0.368756,-0.364712,0.234448,0,0.246313,0.294974,1.136659,0.496141
trial03_direct,2,845,27.0400,0.371962,0.024803,0.355005,-54.1585,-37.7724,68.589,288.704,1,0,-0.796982,-0.606043,0.231286,BLEND,-0.366148,-0.365071,0.231286,0,0.246313,0.253087,1.119866,0.512934
trial03_direct,2,846,27.0720,0.372277,0.024693,0.354905,-54.5866,-37.3957,72.556,303.842,1,0,-0.797012,-0.653785,0.263493,BLEND,-0.392705,-0.371979,0.263493,0,0.246313,0.111330,1.071832,0.560968
trial03_direct,2,847,27.1040,0.372587,0.024581,0.354804,-54.9470,-37.0861,67.806,291.642,1,0,-0.797284,-0.689660,0.237536,BLEND,-0.371301,-0.371810,0.237536,0,0.246313,0.165408,1.049326,0.583474
trial03_direct,2,848,27.1360,0.372894,0.024467,0.354702,-55.2756,-36.8076,66.812,304.503,1,0,-0.797337,-0.716579,0.264900,BLEND,-0.393865,-0.377324,0.264900,0,0.246313,0.049350,1.003432,0.629368
trial03_direct,2,849,27.1680,0.373196,0.024352,0.354598,-55.5394,-36.5933,68.980,307.231,2,0,-0.790771,-0.735127,0.270704,BLEND,-0.398651,-0.382655,0.270704,0,0.246313,0.012076,0.959693,0.673107
trial03_direct,2,850,27.2000,0.373495,0.024235,0.354492,-55.7415,-36.4403,67.762,296.272,1,0,-0.791133,-0.749129,0.247388,BLEND,-0.379425,-0.381848,0.247388,0,0.246313,0.081674,0.944288,0.688512
trial03_direct,2,851,27.2320,0.373792,0.024116,0.354385,-55.9218,-36.3087,71.306,287.396,0,0,-1.000000,-0.811846,0.228502,BLEND,-0.363852,-0.377349,0.228502,0,0.246313,0.099156,0.937105,0.695695
trial03_direct,2,852,27.2640,0.374088,0.023995,0.354275,-56.0919,-36.1871,69.826,279.211,1,0,-0.797979,-0.808380,0.211087,BLEND,-0.349493,-0.370385,0.211087,0,0.246313,0.167219,0.948733,0.684067
trial03_direct,2,853,27.2960,0.374383,0.023871,0.354163,-56.2784,-36.0491,71.108,264.494,1,0,-0.796403,-0.805386,0.179774,BLEND,-0.323673,-0.358707,0.179774,0,0.257747,0.323054,0.996414,0.636386
trial03_direct,2,854,27.3280,0.374678,0.023744,0.354048,-56.5322,-35.8438,67.727,265.568,1,0,-0.791309,-0.801867,0.182060,BLEND,-0.325558,-0.350420,0.182060,0,0.257747,0.316611,1.030563,0.602237
trial03_direct,2,855,27.3600,0.374972,0.023614,0.353931,-56.8341,-35.5903,70.514,268.038,0,0,0.008738,-0.599215,0.187316,BLEND,-0.329892,-0.345288,0.187316,0,0.257747,0.427894,1.083996,0.548804
trial03_direct,2,856,27.3920,0.375266,0.023481,0.353810,-57.2115,-35.2614,67.049,281.105,1,0,-0.796982,-0.648657,0.215117,BLEND,-0.352815,-0.347170,0.215117,0,0.257747,0.305719,1.093526,0.539274
trial03_direct,2,857,27.4240,0.375556,0.023346,0.353688,-57.6024,-34.9185,65.948,268.847,1,0,-0.794762,-0.685183,0.189037,BLEND,-0.331311,-0.343205,0.189037,0,0.257747,0.366473,1.288563,0.689637
trial03_direct,2,858,27.4560,0.375904,0.023182,0.353540,-58.0249,-34.5534,70.370,285.733,1,0,-0.793337,-0.712222,0.224965,BLEND,-0.360936,-0.347638,0.224965,0,0.257747,0.224380,1.394684,0.833299
trial03_direct,2,859,27.4880,0.376289,0.022995,0.353371,-58.4210,-34.2210,65.887,282.997,1,0,-0.791609,-0.732069,0.219142,BLEND,-0.356135,-0.349762,0.219142,0,0.257747,0.229525,1.476457,0.940657
trial03_direct,2,860,27.5200,0.376701,0.022789,0.353184,-58.7993,-33.9110,74.398,286.883,1,0,-0.790296,-0.746625,0.227411,BLEND,-0.362953,-0.353060,0.227411,0,0.257747,0.188883,1.526353,1.030061
trial03_direct,2,861,27.5520,0.377130,0.022568,0.352983,-59.1498,-33.6319,73.456,285.022,0,0,0.009757,-0.557530,0.223451,BLEND,-0.359688,-0.354717,0.223451,0,0.257747,0.349013,1.604417,1.057692
trial03_direct,2,862,27.5840,0.377574,0.022331,0.352769,-59.5358,-33.3197,68.955,274.574,1,0,-0.797518,-0.617527,0.201222,BLEND,-0.341358,-0.351377,0.201222,0,0.257747,0.372429,1.672244,1.075986
trial03_direct,2,863,27.6160,0.378027,0.022082,0.352543,-59.9568,-32.9742,74.683,279.958,1,0,-0.796330,-0.662228,0.212678,BLEND,-0.350804,-0.351234,0.212678,0,0.257747,0.303662,1.704158,1.105133
trial03_direct,2,864,27.6480,0.378483,0.021822,0.352307,-60.3799,-32.6275,70.711,275.879,1,0,-0.794520,-0.695301,0.203999,BLEND,-0.343648,-0.349338,0.203999,0,0.257747,0.308919,1.730744,1.127016
trial03_direct,2,865,27.6800,0.378942,0.021551,0.352061,-60.8062,-32.2779,68.962,263.893,0,0,0.005510,-0.520098,0.178496,BLEND,-0.322619,-0.342658,0.178496,0,0.257747,0.503778,1.800803,1.096118
trial03_direct,2,866,27.7120,0.379402,0.021271,0.351807,-61.3038,-31.8576,73.165,266.618,1,0,-0.797351,-0.589411,0.184294,BLEND,-0.327400,-0.338844,0.184294,0,0.257747,0.443421,1.838257,1.088033
trial03_direct,2,867,27.7440,0.379860,0.020983,0.351545,-61.8336,-31.4049,63.786,271.905,1,0,-0.794917,-0.640788,0.195543,BLEND,-0.336676,-0.338302,0.195543,0,0.257747,0.374531,1.849024,1.099091
trial03_direct,2,868,27.7760,0.380313,0.020688,0.351276,-62.3633,-30.9517,70.051,275.147,1,0,-0.791817,-0.678545,0.202440,BLEND,-0.342362,-0.339317,0.202440,0,0.257747,0.325945,1.843891,1.118468
trial03_direct,2,869,27.8080,0.380759,0.020388,0.351002,-62.8757,-30.5149,70.493,285.760,1,0,-0.790199,-0.706458,0.225021,BLEND,-0.360982,-0.344733,0.225021,0,0.257747,0.228664,1.812242,1.153843
trial03_direct,2,870,27.8400,0.381198,0.020084,0.350725,-63.3409,-30.1242,68.627,285.380,0,0,0.009855,-0.527380,0.224212,BLEND,-0.360315,-0.348629,0.224212,0,0.257747,0.370134,1.823997,1.145131
trial03_direct,2,871,27.8720,0.381630,0.019774,0.350442,-63.8203,-29.7183,68.305,289.536,1,0,-0.797674,-0.594954,0.233055,BLEND,-0.367607,-0.353373,0.233055,0,0.257747,0.290756,1.811607,1.157080
trial03_direct,2,872,27.9040,0.382054,0.019460,0.350156,-64.2826,-29.3285,66.882,277.381,1,0,-0.797242,-0.645526,0.207193,BLEND,-0.346282,-0.351600,0.207193,0,0.257747,0.333665,1.817026,1.159298
trial03_direct,2,873,27.9360,0.382473,0.019142,0.349864,-64.7470,-28.9358,69.857,285.264,1,0,-0.796367,-0.683236,0.223965,BLEND,-0.360112,-0.353728,0.223965,0,0.257747,0.250263,1.797655,1.179228
trial03_direct,2,874,27.9680,0.382883,0.018819,0.349569,-65.1837,-28.5697,69.551,284.491,1,0,-0.795605,-0.711328,0.222320,BLEND,-0.358755,-0.354985,0.222320,0,0.257747,0.234225,1.779371,1.198438
trial03_direct,2,875,28.0000,0.383287,0.018493,0.349270,-65.5939,-28.2291,69.066,291.668,1,0,-0.795214,-0.732300,0.237592,BLEND,-0.371348,-0.359076,0.237592,0,0.257747,0.164168,1.745792,1.228008
trial03_direct,2,876,28.0320,0.383684,0.018163,0.348968,-65.9595,-27.9320,68.370,283.341,1,0,-0.794267,-0.747792,0.219873,BLEND,-0.356738,-0.358491,0.219873,0,0.257747,0.215001,1.736045,1.240206
trial03_direct,2,877,28.0640,0.384074,0.017829,0.348661,-66.3095,-27.6498,70.464,283.581,1,0,-0.792853,-0.759057,0.220385,BLEND,-0.357160,-0.358158,0.220385,0,0.257747,0.204589,1.726052,1.251879
trial03_direct,2,878,28.0960,0.384460,0.017489,0.348349,-66.6442,-27.3822,69.564,291.866,1,0,-0.792410,-0.767395,0.238012,BLEND,-0.371694,-0.361542,0.238012,0,0.257747,0.133831,1.698153,1.275608
trial03_direct,2,879,28.1280,0.384839,0.017145,0.348033,-66.9424,-27.1503,67.752,273.097,0,0,0.007632,-0.573638,0.198078,BLEND,-0.338766,-0.355848,0.198078,0,0.257747,0.412317,1.753003,1.229935
trial03_direct,2,880,28.1600,0.385216,0.016794,0.347709,-67.3114,-26.8474,70.341,292.643,1,0,-0.797698,-0.629653,0.239665,BLEND,-0.373057,-0.360151,0.239665,0,0.257747,0.241814,1.745107,1.231900
trial03_direct,2,881,28.1920,0.385587,0.016439,0.347382,-67.6735,-26.5505,72.991,272.782,1,0,-0.797337,-0.671574,0.197409,BLEND,-0.338214,-0.354667,0.197409,0,0.257747,0.347537,1.772126,1.213452
trial03_direct,2,882,28.2240,0.385953,0.016077,0.347049,-68.0677,-26.2211,76.371,274.157,1,0,-0.795538,-0.702565,0.200334,BLEND,-0.340626,-0.351156,0.200334,0,0.257747,0.316372,1.784148,1.206957
trial03_direct,2,883,28.2560,0.386314,0.015710,0.346710,-68.4750,-25.8778,68.687,268.084,1,0,-0.790954,-0.724662,0.187413,BLEND,-0.329972,-0.345860,0.187413,0,0.257747,0.346390,1.801509,1.195420
trial03_direct,2,884,28.2880,0.386761,0.015246,0.346282,-68.9592,-25.4731,71.867,282.494,0,0,0.009095,-0.541223,0.218072,BLEND,-0.355252,-0.348208,0.218072,0,0.257747,0.377054,1.818623,1.175530
trial03_direct,2,885,28.3200,0.387462,0.014496,0.345589,-69.5074,-25.0504,65.154,262.776,1,0,-0.797187,-0.605214,0.176119,BLEND,-0.320659,-0.341321,0.176119,0,0.257747,0.458656,1.855432,1.143783
trial03_direct,2,886,28.3520,0.388243,0.013616,0.344775,-70.0094,-24.6893,63.690,258.561,0,0,0.002829,-0.453203,0.167152,BLEND,-0.313265,-0.334307,0.167152,0,0.257747,0.574162,1.911914,1.091097
trial03_direct,2,887,28.3840,0.388975,0.012735,0.343957,-70.5885,-24.2438,72.079,250.746,1,0,-0.797172,-0.539196,0.150524,BLEND,-0.299555,-0.325619,0.150524,0,0.257747,0.572170,1.953778,1.052080
trial03_direct,2,888,28.4160,0.389662,0.011852,0.343136,-71.2248,-23.7343,72.463,243.776,0,0,0.002843,-0.403686,0.150000,BLEND,-0.287326,-0.316046,0.150000,0,0.257747,0.643878,2.003103,1.004891
trial03_direct,2,889,28.4480,0.390307,0.010968,0.342312,-71.9294,-23.1500,63.973,251.928,0,0,0.000572,-0.302621,0.153038,BLEND,-0.301628,-0.312441,0.153038,0,0.257747,0.690015,2.051631,0.957964
trial03_direct,2,890,28.4800,0.390913,0.010082,0.341484,-72.7015,-22.4923,66.866,249.758,1,0,-0.795379,-0.425811,0.150000,BLEND,-0.297822,-0.308786,0.150000,0,0.257747,0.632415,2.073627,0.937169
trial03_direct,2,891,28.5120,0.391482,0.009193,0.340651,-73.5040,-21.7987,72.224,252.384,0,0,0.004646,-0.318197,0.154009,BLEND,-0.302429,-0.307197,0.154009,0,0.257747,0.679740,2.101955,0.909742
trial03_direct,2,892,28.5440,0.392016,0.008301,0.339813,-74.3459,-21.0604,66.997,257.766,1,0,-0.794682,-0.437318,0.165460,BLEND,-0.311871,-0.308365,0.165460,0,0.257747,0.587585,2.100163,0.912210
trial03_direct,2,893,28.5760,0.392519,0.007406,0.338969,-75.1849,-20.3202,65.503,268.434,0,0,0.005346,-0.326652,0.188157,BLEND,-0.330585,-0.313920,0.188157,0,0.257747,0.602446,2.102534,0.910346
trial03_direct,2,894,28.6080,0.392990,0.006507,0.338120,-76.0269,-19.5723,69.649,279.934,1,0,-0.797788,-0.444436,0.212627,BLEND,-0.350762,-0.323131,0.212627,0,0.257747,0.463779,2.066912,0.940882
trial03_direct,2,895,28.6400,0.393432,0.005604,0.337265,-76.8221,-18.8667,71.585,282.204,1,0,-0.797042,-0.532587,0.217455,BLEND,-0.354743,-0.331034,0.217455,0,0.257747,0.385312,2.019835,0.982657
trial03_direct,2,896,28.6720,0.393845,0.004697,0.336404,-77.5544,-18.2197,66.812,295.696,1,0,-0.796697,-0.598615,0.246161,BLEND,-0.378414,-0.342879,0.246161,0,0.257747,0.247557,1.945667,1.044004
trial03_direct,2,897,28.7040,0.394229,0.003788,0.335539,-78.1908,-17.6643,68.703,294.984,1,0,-0.796763,-0.648152,0.244647,BLEND,-0.377165,-0.351450,0.244647,0,0.257747,0.210349,1.880971,1.099550
trial03_direct,2,898,28.7360,0.394586,0.002877,0.334669,-78.7419,-17.1899,63.583,297.492,1,0,-0.796874,-0.685332,0.249982,BLEND,-0.381564,-0.358979,0.249982,0,0.257747,0.160948,1.819278,1.152738
trial03_direct,2,899,28.7680,0.394915,0.001963,0.333794,-79.2116,-16.7927,73.954,294.194,1,0,-0.796982,-0.713245,0.242966,BLEND,-0.375779,-0.363179,0.242966,0,0.246313,0.127472,1.765720,1.202079
trial03_direct,2,900,28.8000,0.395219,0.001046,0.332914,-79.6083,-16.4644,68.235,296.509,1,0,-0.797027,-0.734190,0.247892,BLEND,-0.379841,-0.367344,0.247892,0,0.246313,0.092678,1.716094,1.247024
trial03_direct,2,901,28.8320,0.395497,0.000127,0.332030,-79.9381,-16.1990,72.995,305.852,1,0,-0.797284,-0.749964,0.267771,BLEND,-0.396232,-0.374566,0.267771,0,0.246313,0.008614,1.654796,1.298686
trial03_direct,2,902,28.8640,0.395748,-0.000794,0.331142,-80.1880,-16.0095,68.431,294.330,1,0,-0.797663,-0.761888,0.243255,BLEND,-0.434006,-0.389426,0.313582,0,0.246313,0.085613,1.631849,1.321960
trial03_direct,2,903,28.8960,0.395975,-0.001716,0.330249,-80.4051,-15.8488,70.041,298.660,1,0,-0.797698,-0.770841,0.252469,BLEND,-0.579900,-0.437045,0.490517,0,0.246313,0.044722,1.602996,1.348219
trial03_direct,2,904,28.9280,0.396177,-0.002640,0.329353,-80.5833,-15.7230,69.603,307.984,2,0,-0.791439,-0.775990,0.272306,BLEND,-1.000000,-0.577784,1.000000,0,0.246313,-0.031964,1.559129,1.384029
trial03_direct,2,905,28.9600,0.396355,-0.003564,0.328454,-80.7052,-15.6495,66.547,290.753,1,0,-0.790999,-0.779743,0.235644,BLEND,-1.000000,-0.683338,1.000000,0,0.246313,0.098407,1.564470,1.383941
trial03_direct,2,906,28.9920,0.396508,-0.004490,0.327551,-80.8310,-15.5684,67.696,289.164,1,0,-0.790100,-0.782332,0.232265,BLEND,-1.000000,-0.762503,1.000000,0,0.246313,0.108672,1.571562,1.381829
trial03_direct,2,907,29.0240,0.396656,-0.005422,0.326641,-80.9532,-15.4902,67.612,293.692,1,0,-0.790000,-0.784249,0.241897,BLEND,-1.000000,-0.821877,1.000000,0,0.246313,0.071806,1.566181,1.387978
trial03_direct,2,908,29.0560,0.396803,-0.006356,0.325730,-81.0669,-15.4206,72.065,288.761,0,0,0.010054,-0.585673,0.231406,BLEND,-1.000000,-0.866408,1.000000,0,0.246313,0.269001,1.613060,1.344908
trial03_direct,2,909,29.0880,0.396948,-0.007291,0.324817,-81.2386,-15.2930,65.807,295.071,1,0,-0.797799,-0.638705,0.244831,BLEND,-1.000000,-0.899806,1.000000,0,0.246313,0.184122,1.624932,1.331756
trial03_direct,2,910,29.1200,0.397090,-0.008226,0.323905,-81.4265,-15.1489,67.904,284.498,1,0,-0.797788,-0.678476,0.222337,BLEND,-1.000000,-0.924855,1.000000,0,0.246313,0.224778,1.647464,1.315194
trial03_direct,2,911,29.1520,0.397230,-0.009164,0.322989,-81.6397,-14.9794,74.279,293.549,1,0,-0.797442,-0.708217,0.241594,BLEND,-1.000000,-0.943641,1.000000,0,0.246313,0.136362,1.639293,1.321909
trial03_direct,2,912,29.1840,0.397366,-0.010101,0.322074,-81.8435,-14.8188,65.759,294.565,1,0,-0.797429,-0.730520,0.243755,BLEND,-1.000000,-0.957731,1.000000,0,0.246313,0.110228,1.626299,1.333147
trial03_direct,2,913,29.2160,0.397499,-0.011039,0.321158,-82.0319,-14.6734,67.532,290.055,1,0,-0.797390,-0.747238,0.234160,BLEND,-1.000000,-0.968298,1.000000,0,0.246313,0.130117,1.623003,1.338080
trial03_direct,2,914,29.2480,0.397629,-0.011977,0.320241,-82.2150,-14.5330,66.150,300.366,1,0,-0.797337,-0.759763,0.256097,BLEND,-1.000000,-0.976224,1.000000,0,0.246313,0.041382,1.594968,1.360585
trial03_direct,2,915,29.2800,0.397756,-0.012914,0.319325,-82.3656,-14.4247,67.210,297.872,1,0,-0.797579,-0.769217,0.250791,BLEND,-1.000000,-0.982168,1.000000,0,0.246313,0.052203,1.577465,1.375576
trial03_direct,2,916,29.3120,0.397880,-0.013851,0.318410,-82.4954,-14.3370,70.967,296.027,1,0,-0.797721,-0.776343,0.246866,BLEND,-1.000000,-0.986626,1.000000,0,0.246313,0.060322,1.566971,1.385394
trial03_direct,2,917,29.3440,0.398002,-0.014788,0.317495,-82.6121,-14.2623,72.362,298.923,1,0,-0.797799,-0.781707,0.253028,BLEND,-1.000000,-0.989969,1.000000,0,0.246313,0.033200,1.551372,1.398588
trial03_direct,2,918,29.3760,0.398122,-0.015724,0.316579,-82.7103,-14.2059,74.710,281.010,1,0,-0.797959,-0.785770,0.214916,BLEND,-1.000000,-0.992477,1.000000,0,0.246313,0.169639,1.579653,1.380246
trial03_direct,2,919,29.4080,0.398241,-0.016664,0.315661,-82.8385,-14.1197,71.681,291.441,1,0,-0.797455,-0.788691,0.237109,BLEND,-1.000000,-0.994358,1.000000,0,0.246313,0.085729,1.576468,1.384048
trial03_direct,2,920,29.4400,0.398358,-0.017604,0.314742,-82.9622,-14.0379,63.620,280.897,1,0,-0.797101,-0.790793,0.214675,BLEND,-1.000000,-0.995768,1.000000,0,0.246313,0.166799,1.597802,1.370088
trial03_direct,2,921,29.4720,0.398473,-0.018547,0.313821,-83.1087,-13.9333,70.150,294.668,1,0,-0.796680,-0.792265,0.243974,BLEND,-1.000000,-0.996826,1.000000,0,0.246313,0.057433,1.581948,1.382445
trial03_direct,2,922,29.5040,0.398586,-0.019488,0.312900,-83.2371,-13.8465,67.310,278.689,1,0,-0.796024,-0.793205,0.209977,BLEND,-1.000000,-0.997620,1.000000,0,0.246313,0.182386,1.606533,1.365713
trial03_direct,2,923,29.5360,0.398697,-0.020433,0.311976,-83.3921,-13.7331,64.538,301.095,1,0,-0.795923,-0.793884,0.257649,BLEND,-1.000000,-0.998215,1.000000,0,0.246313,0.005455,1.573395,1.390052
trial03_direct,2,924,29.5680,0.398805,-0.021375,0.311055,-83.5102,-13.6563,72.526,295.816,1,0,-0.796180,-0.794458,0.246417,BLEND,-1.000000,-0.998661,1.000000,0,0.246313,0.046536,1.560541,1.399766
trial03_direct,2,925,29.6000,0.398911,-0.022317,0.310134,-83.6137,-13.5939,70.503,284.474,1,0,-0.795735,-0.794778,0.222285,BLEND,-1.000000,-0.998996,1.000000,0,0.246313,0.135656,1.576899,1.388490
trial03_direct,2,926,29.6320,0.399015,-0.023260,0.309212,-83.7350,-13.5137,68.180,280.051,1,0,-0.794353,-0.794671,0.212875,BLEND,-1.000000,-0.999247,1.000000,0,0.246313,0.170592,1.599351,1.372748
trial03_direct,2,927,29.6640,0.399118,-0.024205,0.308287,-83.8809,-13.4089,68.508,288.905,1,0,-0.793567,-0.794395,0.231713,BLEND,-1.000000,-0.999435,1.000000,0,0.246313,0.101040,1.595900,1.375428
trial03_direct,2,928,29.6960,0.399218,-0.025151,0.307362,-84.0229,-13.3079,69.044,294.505,1,0,-0.793502,-0.794172,0.243627,BLEND,-1.000000,-0.999576,1.000000,0,0.246313,0.057110,1.580494,1.386585
trial03_direct,2,929,29.7280,0.399316,-0.026095,0.306437,-84.1478,-13.2236,65.320,300.159,1,0,-0.794033,-0.794137,0.255658,BLEND,-1.000000,-0.999682,1.000000,0,0.246313,0.012601,1.555959,1.404226
trial03_direct,2,930,29.7600,0.399412,-0.027038,0.305515,-84.2456,-13.1662,68.756,298.971,1,0,-0.794520,-0.794233,0.253130,BLEND,-1.000000,-0.999762,1.000000,0,0.246313,0.021874,1.540265,1.415529
trial03_direct,2,931,29.7920,0.399506,-0.027979,0.304594,-84.3260,-13.1262,71.119,285.412,1,0,-0.793789,-0.794122,0.224282,BLEND,-1.000000,-0.999821,1.000000,0,0.246313,0.128767,1.559662,1.401726
trial03_direct,2,932,29.8240,0.399598,-0.028922,0.303671,-84.4278,-13.0649,74.747,288.713,1,0,-0.793030,-0.793849,0.231303,BLEND,-1.000000,-0.999866,1.000000,0,0.246313,0.102991,1.566684,1.396737
trial03_direct,2,933,29.8560,0.399690,-0.029866,0.302747,-84.5372,-12.9958,65.938,281.327,1,0,-0.790954,-0.793125,0.215589,BLEND,-1.000000,-0.999899,1.000000,0,0.246313,0.161689,1.589046,1.380741
trial03_direct,2,934,29.8880,0.399779,-0.030812,0.301821,-84.6714,-12.9021,67.311,297.997,1,0,-0.791439,-0.792704,0.251056,BLEND,-1.000000,-0.999925,1.000000,0,0.246313,0.030879,1.567651,1.395983
trial03_direct,2,935,29.9200,0.399866,-0.031756,0.300896,-84.7820,-12.8316,71.874,280.560,0,0,0.008607,-0.592376,0.213957,BLEND,-1.000000,-0.999943,1.000000,0,0.246313,0.316081,1.628621,1.341829
trial03_direct,2,936,29.9520,0.399952,-0.032703,0.299970,-84.9667,-12.6871,68.017,289.828,1,0,-0.797777,-0.643726,0.233677,BLEND,-1.000000,-0.999958,1.000000,0,0.246313,0.215375,1.646134,1.323352
trial03_direct,2,937,29.9840,0.400035,-0.033650,0.299042,-85.1746,-12.5190,69.821,296.063,1,0,-0.797639,-0.682204,0.246942,BLEND,-1.000000,-0.999968,1.000000,0,0.246313,0.140340,1.638466,1.326210
trial03_direct,2,938,30.0160,0.400113,-0.034595,0.298116,-85.3758,-12.3571,73.144,288.656,1,0,-0.797663,-0.711069,0.231183,BLEND,-1.000000,-0.999976,1.000000,0,0.246313,0.169536,1.642442,1.323482
trial03_direct,2,939,30.0480,0.400189,-0.035541,0.297189,-85.5814,-12.1905,68.900,303.454,1,0,-0.797555,-0.732691,0.262667,BLEND,-1.000000,-0.999982,1.000000,0,0.246313,0.042401,1.608790,1.348369
trial03_direct,2,940,30.0800,0.400260,-0.036485,0.296263,-85.7493,-12.0610,66.587,301.130,2,0,-0.790631,-0.747176,0.257723,BLEND,-1.000000,-0.999987,1.000000,0,0.246313,0.046758,1.585402,1.366707
trial03_direct,2,941,30.1120,0.400329,-0.037427,0.295339,-85.8904,-11.9580,68.809,299.519,1,0,-0.791439,-0.758241,0.254295,BLEND,-1.000000,-0.999990,1.000000,0,0.246313,0.049175,1.568993,1.380385
trial03_direct,2,942,30.1440,0.400396,-0.038369,0.294416,-86.0120,-11.8742,67.589,306.471,1,0,-0.792853,-0.766894,0.269087,BLEND,-1.000000,-0.999992,1.000000,0,0.246313,-0.011794,1.539165,1.403606
trial03_direct,2,943,30.1760,0.400460,-0.039308,0.293494,-86.0995,-11.8243,67.963,292.683,1,0,-0.792853,-0.773384,0.239752,BLEND,-1.000000,-0.999994,1.000000,0,0.246313,0.088672,1.546430,1.400425
trial03_direct,2,944,30.2080,0.400523,-0.040249,0.292571,-86.1936,-11.7679,69.432,295.028,1,0,-0.792924,-0.778269,0.244741,BLEND,-1.000000,-0.999996,1.000000,0,0.246313,0.066431,1.545550,1.402831
trial03_direct,2,945,30.2400,0.400585,-0.041190,0.291647,-86.2855,-11.7135,69.820,298.374,1,0,-0.793370,-0.782044,0.251860,BLEND,-1.000000,-0.999997,1.000000,0,0.246313,0.037181,1.536481,1.410851
trial03_direct,2,946,30.2720,0.400645,-0.042132,0.290724,-86.3664,-11.6702,66.976,282.324,1,0,-0.791817,-0.784487,0.217711,BLEND,-1.000000,-0.999998,1.000000,0,0.246313,0.160338,1.565729,1.391338
trial03_direct,2,947,30.3040,0.400704,-0.043076,0.289797,-86.4787,-11.5956,67.781,296.350,1,0,-0.792019,-0.786370,0.247554,BLEND,-1.000000,-0.999998,1.000000,0,0.246313,0.049244,1.555294,1.399879
trial03_direct,2,948,30.3360,0.400761,-0.044020,0.288870,-86.5788,-11.5330,66.384,291.967,1,0,-0.791734,-0.787711,0.238229,BLEND,-1.000000,-0.999999,1.000000,0,0.246313,0.082411,1.557197,1.399429
trial03_direct,2,949,30.3680,0.400816,-0.044964,0.287943,-86.6804,-11.4689,69.952,297.908,1,0,-0.792178,-0.788828,0.250869,BLEND,-1.000000,-0.999999,1.000000,0,0.246313,0.034930,1.544806,1.409015
trial03_direct,2,950,30.4000,0.400870,-0.045908,0.287017,-86.7678,-11.4187,63.715,297.298,1,0,-0.792597,-0.789770,0.249569,BLEND,-1.000000,-0.999999,1.000000,0,0.246313,0.038905,1.536706,1.415411
trial03_direct,2,951,30.4320,0.400923,-0.046851,0.286091,-86.8460,-11.3779,69.091,293.030,1,0,-0.792485,-0.790449,0.240489,BLEND,-1.000000,-0.999999,1.000000,0,0.246313,0.071818,1.540259,1.413379
trial03_direct,2,952,30.4640,0.400974,-0.047795,0.285164,-86.9277,-11.3335,70.412,299.349,1,0,-0.793030,-0.791094,0.253935,BLEND,-1.000000,-1.000000,1.000000,0,0.246313,0.021650,1.528310,1.422325
trial03_direct,2,953,30.4960,0.401024,-0.048738,0.284238,-86.9960,-11.3024,75.139,65.015,0,0,0.007008,-0.591569,0.000000,GOAL,-1.000000,-1.000000,1.000000,0,0.246313,0.959045,1.762794,1.203783
trial03_direct,2,954,30.5280,0.401073,-0.049686,0.283307,-87.3557,-10.9802,70.758,67.467,0,0,0.001409,-0.443324,0.000000,GOAL,-1.000000,-1.000000,1.000000,0,0.246313,0.959045,1.938657,1.039876
trial03_direct,2,955,30.5600,0.401115,-0.050638,0.282371,-87.9344,-10.4381,71.751,69.480,0,0,0.000283,-0.332422,0.000000,GOAL,-1.000000,-1.000000,1.000000,0,0.246313,0.959045,2.070554,0.916945
trial03_direct,2,956,30.5920,0.401148,-0.051594,0.281430,-88.6775,-9.7298,70.038,74.958,0,0,0.000057,-0.249302,0.000000,GOAL,-1.000000,-1.000000,1.000000,0,0.246313,0.959045,2.169477,0.824748
trial03_direct,2,957,30.6240,0.401167,-0.052553,0.280485,-89.5443,-8.8956,71.151,69.198,0,0,0.000011,-0.186974,0.000000,GOAL,-1.000000,-1.000000,1.000000,0,0.246313,0.959045,2.243669,0.755600
trial03_direct,2,958,30.6560,0.401171,-0.053514,0.279535,-90.5038,-7.9657,70.129,66.453,0,0,0.000002,-0.140230,0.000000,GOAL,-1.000000,-1.000000,1.000000,0,0.004551,0.017720,2.063982,0.939070
trial03_direct,2,959,30.6880,0.401158,-0.054476,0.278581,-91.2299,-7.2661,68.149,67.422,0,0,0.000000,-0.105172,0.000000,GOAL,-1.000000,-1.000000,1.000000,0,0.004551,0.017720,1.929216,1.076672
trial03_direct,2,960,30.7200,0.401132,-0.055438,0.277626,-91.7804,-6.7397,70.013,64.638,0,0,0.000000,-0.078879,0.000000,GOAL,-1.000000,-1.000000,1.000000,0,0.004551,0.017720,1.828142,1.179874
trial03_direct,2,961,30.7520,0.401097,-0.056401,0.276669,-92.1990,-6.3435,63.597,67.493,0,0,0.000000,-0.059159,0.000000,GOAL,-1.000000,-1.000000,1.000000,0,0.004551,0.017720,1.752337,1.257276
trial03_direct,2,962,30.7840,0.401056,-0.057363,0.275711,-92.5184,-6.0453,70.352,73.642,0,0,0.000000,-0.044370,0.000000,GOAL,-1.000000,-1.000000,1.000000,0,0.004551,0.017720,1.695482,1.315327
trial03_direct,2,963,30.8160,0.401010,-0.058325,0.274753,-92.7634,-5.8206,72.100,67.292,0,0,0.000000,-0.033277,0.000000,GOAL,-1.000000,-1.000000,1.000000,0,0.004551,0.017720,1.652842,1.358865
trial03_direct,2,964,30.8480,0.400960,-0.059287,0.273794,-92.9526,-5.6512,69.929,65.790,0,0,0.000000,-0.024958,0.000000,GOAL,-1.000000,-1.000000,1.000000,0,0.004551,0.017720,1.620861,1.391519
trial03_direct,2,965,30.8800,0.400907,-0.060250,0.272834,-93.0999,-5.5232,71.581,71.198,0,0,0.000000,-0.018718,0.000000,GOAL,-1.000000,-1.000000,1.000000,0,0.004551,0.017720,1.596876,1.416009
trial03_direct,2,966,30.9120,0.400852,-0.061212,0.271875,-93.2157,-5.4263,68.110,66.455,0,0,0.000000,-0.014039,0.000000,GOAL,-1.000000,-1.000000,1.000000,0,0.004551,0.017720,1.578887,1.434377
trial03_direct,2,967,30.9440,0.400796,-0.062174,0.270915,-93.3081,-5.3528,74.593,70.909,0,0,0.000000,-0.010529,0.000000,GOAL,-1.000000,-1.000000,1.000000,0,0.004551,0.017720,1.565395,1.448153
trial03_direct,2,968,30.9760,0.400738,-0.063137,0.269955,-93.3828,-5.2967,71.832,64.813,0,0,0.000000,-0.007897,0.000000,GOAL,-1.000000,-1.000000,1.000000,0,0.004551,0.017720,1.555276,1.458484
trial03_direct,2,969,31.0080,0.400680,-0.064099,0.268995,-93.4443,-5.2538,69.920,68.703,0,0,0.000000,-0.005923,0.000000,GOAL,-1.000000,-1.000000,1.000000,0,0.004551,0.017720,1.547687,1.466233
trial03_direct,2,970,31.0400,0.400620,-0.065061,0.268035,-93.4960,-5.2207,70.624,71.450,0,0,0.000000,-0.004442,0.000000,GOAL,-1.000000,-1.000000,1.000000,0,0.004551,0.017720,1.541996,1.472045
trial03_direct,2,971,31.0720,0.400560,-0.066024,0.267074,-93.5403,-5.1950,68.500,64.532,0,0,0.000000,-0.003331,0.000000,GOAL,-1.000000,-1.000000,1.000000,0,0.004551,0.017720,1.537727,1.476404
trial03_direct,2,972,31.1040,0.400500,-0.066986,0.266114,-93.5791,-5.1748,75.359,66.544,0,0,0.000000,-0.002499,0.000000,GOAL,-1.000000,-1.000000,1.000000,0,0.004551,0.017720,1.534525,1.479673
trial03_direct,2,973,31.1360,0.400439,-0.067949,0.265153,-93.6138,-5.1587,69.890,65.136,0,0,0.000000,-0.001874,0.000000,GOAL,-1.000000,-1.000000,1.000000,0,0.004551,0.017720,1.532124,1.482125
trial03_direct,2,974,31.1680,0.400377,-0.068911,0.264193,-93.6455,-5.1457,71.825,68.621,0,0,0.000000,-0.001405,0.000000,GOAL,-1.000000,-1.000000,1.000000,0,0.004551,0.017720,1.530323,1.483963
trial03_direct,2,975,31.2000,0.400316,-0.069874,0.263232,-93.6749,-5.1350,65.391,67.242,0,0,0.000000,-0.001054,0.000000,GOAL,-1.000000,-1.000000,1.000000,0,0.004551,0.017720,1.528972,1.485343
trial03_direct,2,976,31.2320,0.400253,-0.070836,0.262271,-93.7026,-5.1260,67.362,72.012,0,0,0.000000,-0.000791,0.000000,GOAL,-1.000000,-1.000000,1.000000,0,0.004551,0.017720,1.527959,1.486377
trial03_direct,2,977,31.2640,0.400190,-0.071798,0.261311,-93.7290,-5.1184,68.887,70.750,0,0,0.000000,-0.000593,0.000000,GOAL,-1.000000,-1.000000,1.000000,0,0.004551,0.017720,1.527199,1.487153
trial03_direct,2,978,31.2960,0.400127,-0.072761,0.260350,-93.7546,-5.1117,68.636,72.666,0,0,0.000000,-0.000445,0.000000,GOAL,-1.000000,-1.000000,1.000000,0,0.004551,0.017720,1.526629,1.487735
trial03_direct,2,979,31.3280,0.400064,-0.073723,0.259389,-93.7794,-5.1057,72.702,68.327,0,0,0.000000,-0.000334,0.000000,GOAL,-1.000000,-1.000000,1.000000,0,0.004551,0.017720,1.526202,1.488171
trial03_direct,2,980,31.3600,0.400000,-0.074686,0.258429,-93.8038,-5.1003,72.967,68.344,0,0,0.000000,-0.000250,0.000000,GOAL,-1.000000,-1.000000,1.000000,0,0.004551,0.017720,1.525882,1.488498
trial03_direct,2,981,31.3920,0.399936,-0.075648,0.257468,-93.8277,-5.0954,68.730,70.253,0,0,0.000000,-0.000188,0.000000,GOAL,-1.000000,-1.000000,1.000000,0,0.004551,0.017720,1.525641,1.488744
trial03_direct,2,982,31.4240,0.399871,-0.076611,0.256507,-93.8515,-5.0908,69.338,64.549,0,0,0.000000,-0.000141,0.000000,GOAL,-1.000000,-1.000000,1.000000,0,0.004551,0.017720,1.525461,1.488928
trial03_direct,2,983,31.4560,0.399806,-0.077573,0.255546,-93.8750,-5.0864,75.215,70.798,0,0,0.000000,-0.000106,0.000000,GOAL,-1.000000,-1.000000,1.000000,0,0.004551,0.017720,1.525326,1.489066
trial03_direct,2,984,31.4880,0.399741,-0.078535,0.254586,-93.8983,-5.0822,65.725,69.220,0,0,0.000000,-0.000079,0.000000,GOAL,-1.000000,-1.000000,1.000000,0,0.004551,0.017720,1.525224,1.489169
trial03_direct,2,985,31.5200,0.399675,-0.079498,0.253625,-93.9216,-5.0782,69.902,69.085,0,0,0.000000,-0.000059,0.000000,GOAL,-1.000000,-1.000000,1.000000,0,0.004551,0.017720,1.525148,1.489247
trial03_direct,2,986,31.5520,0.399609,-0.080460,0.252664,-93.9448,-5.0743,71.732,70.149,0,0,0.000000,-0.000045,0.000000,GOAL,-1.000000,-1.000000,1.000000,0,0.004551,0.017720,1.525091,1.489305
trial03_direct,2,987,31.5840,0.399542,-0.081422,0.251703,-93.9679,-5.0705,69.194,65.137,0,0,0.000000,-0.000033,0.000000,GOAL,-1.000000,-1.000000,1.000000,0,0.004551,0.017720,1.525048,1.489349
trial03_direct,2,988,31.6160,0.399475,-0.082385,0.250742,-93.9910,-5.0669,68.861,72.037,0,0,0.000000,-0.000025,0.000000,GOAL,-1.000000,-1.000000,1.000000,0,0.004551,0.017720,1.525016,1.489382
trial03_direct,2,989,31.6480,0.399408,-0.083347,0.249781,-94.0141,-5.0633,70.464,63.681,0,0,0.000000,-0.000019,0.000000,GOAL,-1.000000,-1.000000,1.000000,0,0.004551,0.017720,1.524992,1.489406
trial03_direct,2,990,31.6800,0.399340,-0.084309,0.248821,-94.0372,-5.0598,67.620,76.152,0,0,0.000000,-0.000014,0.000000,GOAL,-1.000000,-1.000000,1.000000,0,0.004551,0.017720,1.524974,1.489425
trial03_direct,2,991,31.7120,0.399272,-0.085271,0.247860,-94.0602,-5.0564,66.172,70.080,0,0,0.000000,-0.000011,0.000000,GOAL,-1.000000,-1.000000,1.000000,0,0.004551,0.017720,1.524961,1.489439
trial03_direct,2,992,31.7440,0.399203,-0.086233,0.246899,-94.0832,-5.0530,66.520,75.328,0,0,0.000000,-0.000008,0.000000,GOAL,-1.000000,-1.000000,1.000000,0,0.004551,0.017720,1.524950,1.489449
trial03_direct,2,993,31.7760,0.399135,-0.087196,0.245938,-94.1063,-5.0498,66.409,72.522,0,0,0.000000,-0.000006,0.000000,GOAL,-1.000000,-1.000000,1.000000,0,0.004551,0.017720,1.524943,1.489457
trial03_direct,2,994,31.8080,0.399065,-0.088158,0.244977,-94.1293,-5.0466,68.400,67.403,0,0,0.000000,-0.000004,0.000000,GOAL,-1.000000,-1.000000,1.000000,0,0.004551,0.017720,1.524937,1.489463
trial03_direct,2,995,31.8400,0.398996,-0.089120,0.244016,-94.1523,-5.0434,67.574,69.262,0,0,0.000000,-0.000003,0.000000,GOAL,-1.000000,-1.000000,1.000000,0,0.004551,0.017720,1.524933,1.489467
trial03_direct,2,996,31.8720,0.398926,-0.090082,0.243055,-94.1753,-5.0404,65.910,67.471,0,0,0.000000,-0.000003,0.000000,GOAL,-1.000000,-1.000000,1.000000,0,0.004551,0.017720,1.524930,1.489470
trial03_direct,2,997,31.9040,0.398855,-0.091044,0.242095,-94.1984,-5.0373,71.123,66.010,0,0,0.000000,-0.000002,0.000000,GOAL,-1.000000,-1.000000,1.000000,0,0.004551,0.017720,1.524927,1.489473
trial03_direct,2,998,31.9360,0.398784,-0.092006,0.241134,-94.2214,-5.0344,70.974,70.426,0,0,0.000000,-0.000001,0.000000,GOAL,-1.000000,-1.000000,1.000000,0,0.004551,0.017720,1.524925,1.489474
trial03_direct,2,999,31.9680,0.398713,-0.092968,0.240173,-94.2444,-5.0315,67.393,72.557,0,0,0.000000,-0.000001,0.000000,GOAL,-1.000000,-1.000000,1.000000,0,0.004551,0.017720,1.524924,1.489476
trial03_direct,2,1000,32.0000,0.398642,-0.093930,0.239212,-94.2674,-5.0287,65.582,68.232,0,0,0.000000,-0.000001,0.000000,GOAL,-0.494001,-0.873500,0.386342,0,0.004551,0.017720,1.524923,1.489477
trial03_direct,2,1001,32.0320,0.398570,-0.094892,0.238251,-94.2904,-5.0260,69.559,72.322,0,0,0.000000,-0.000001,0.000000,GOAL,-0.203610,-0.706028,0.150000,0,0.004551,0.017720,1.524922,1.489478
trial03_direct,2,1002,32.0640,0.398497,-0.095854,0.237290,-94.3135,-5.0233,68.516,70.519,0,0,0.000000,-0.000000,0.000000,GOAL,-0.080213,-0.549574,0.000000,0,0.004551,0.017720,1.524922,1.489478
trial03_direct,2,1003,32.0960,0.398425,-0.096815,0.236329,-94.3365,-5.0208,70.925,66.250,0,0,0.000000,-0.000000,0.000000,GOAL,-0.047093,-0.423954,0.000000,0,0.004551,0.017720,1.524921,1.489479
trial03_direct,2,1004,32.1280,0.398352,-0.097777,0.235368,-94.3595,-5.0182,67.196,71.733,0,0,0.000000,-0.000000,0.000000,GOAL,0.000000,-0.317965,0.000000,0,0.004551,0.017720,1.524921,1.489479
trial03_direct,2,1005,32.1600,0.398278,-0.098739,0.234407,-94.3825,-5.0158,71.696,70.534,0,0,0.000000,-0.000000,0.000000,GOAL,0.000000,-0.238474,0.000000,0,0.004551,0.017720,1.524921,1.489479
trial03_direct,2,1006,32.1920,0.398204,-0.099701,0.233446,-94.4055,-5.0134,69.311,71.124,0,0,0.000000,-0.000000,0.000000,GOAL,0.000000,-0.178855,0.000000,0,0.004551,0.017720,1.524921,1.489479
trial03_direct,2,1007,32.2240,0.398130,-0.100663,0.232486,-94.4286,-5.0111,67.923,64.639,0,0,0.000000,-0.000000,0.000000,GOAL,0.000000,-0.134142,0.000000,0,0.004551,0.017720,1.524920,1.489480
trial03_direct,2,1008,32.2560,0.398055,-0.101624,0.231525,-94.4516,-5.0089,69.935,69.896,0,0,0.000000,-0.000000,0.000000,GOAL,0.000000,-0.100606,0.000000,0,0.004551,0.017720,1.524920,1.489480
trial03_direct,2,1009,32.2880,0.397980,-0.102586,0.230564,-94.4746,-5.0068,69.577,65.952,0,0,0.000000,-0.000000,0.000000,GOAL,0.000000,-0.075455,0.000000,0,0.004551,0.017720,1.524920,1.489480
trial03_direct,2,1010,32.3200,0.397905,-0.103548,0.229603,-94.4976,-5.0047,68.765,65.805,0,0,0.000000,-0.000000,0.000000,GOAL,0.000000,-0.056591,0.000000,0,0.004551,0.017720,1.524920,1.489480
trial03_direct,2,1011,32.3520,0.397829,-0.104509,0.228642,-94.5207,-5.0027,68.235,65.165,0,0,0.000000,-0.000000,0.000000,GOAL,0.000000,-0.042443,0.000000,0,0.004551,0.017720,1.524920,1.489480
trial03_direct,2,1012,32.3840,0.397753,-0.105471,0.227681,-94.5437,-5.0008,67.033,72.174,0,0,0.000000,-0.000000,0.000000,GOAL,0.000000,-0.031832,0.000000,0,0.004551,0.017720,1.524920,1.489480
trial03_direct,2,1013,32.4160,0.397676,-0.106432,0.226720,-94.5667,-4.9990,67.578,67.468,0,0,0.000000,-0.000000,0.000000,GOAL,0.000000,-0.023874,0.000000,0,0.004551,0.017720,1.524920,1.489480
trial03_direct,2,1014,32.4480,0.397599,-0.107394,0.225759,-94.5897,-4.9973,68.102,71.424,0,0,0.000000,-0.000000,0.000000,GOAL,0.000000,-0.017906,0.000000,0,0.004551,0.017720,1.524920,1.489480
trial03_direct,2,1015,32.4800,0.397522,-0.108355,0.224798,-94.6128,-4.9956,69.435,67.111,0,0,0.000000,-0.000000,0.000000,GOAL,0.000000,-0.013429,0.000000,0,0.004551,0.017720,1.524920,1.489480
trial03_direct,2,1016,32.5120,0.397444,-0.109317,0.223837,-94.6358,-4.9940,70.391,72.047,0,0,0.000000,-0.000000,0.000000,GOAL,0.000000,-0.010072,0.000000,0,0.004551,0.017720,1.524920,1.489480
trial03_direct,2,1017,32.5440,0.397366,-0.110278,0.222876,-94.6588,-4.9926,69.570,67.615,0,0,0.000000,-0.000000,0.000000,GOAL,0.000000,-0.007554,0.000000,0,0.004551,0.017720,1.524920,1.489480
trial03_direct,2,1018,32.5760,0.397287,-0.111240,0.221915,-94.6818,-4.9912,70.925,67.358,0,0,0.000000,-0.000000,0.000000,GOAL,0.000000,-0.005665,0.000000,0,0.004551,0.017720,1.524920,1.489480
trial03_direct,2,1019,32.6080,0.397208,-0.112201,0.220954,-94.7049,-4.9899,72.401,65.217,0,0,0.000000,-0.000000,0.000000,GOAL,0.000000,-0.004249,0.000000,0,0.004551,0.017720,1.524920,1.489480
trial03_direct,2,1020,32.6400,0.397129,-0.113163,0.219993,-94.7279,-4.9886,67.509,68.227,0,0,0.000000,-0.000000,0.000000,GOAL,0.000000,-0.003187,0.000000,0,0.004551,0.017720,1.524920,1.489480
trial03_direct,2,1021,32.6720,0.397049,-0.114124,0.219032,-94.7509,-4.9875,65.769,67.264,0,0,0.000000,-0.000000,0.000000,GOAL,0.000000,-0.002390,0.000000,0,0.004551,0.017720,1.524920,1.489480
trial03_direct,2,1022,32.7040,0.396969,-0.115085,0.218071,-94.7739,-4.9865,71.677,68.924,0,0,0.000000,-0.000000,0.000000,GOAL,0.000000,-0.001793,0.000000,0,0.004551,0.017720,1.524920,1.489480
trial03_direct,2,1023,32.7360,0.396889,-0.116046,0.217110,-94.7969,-4.9855,69.836,72.648,0,0,0.000000,-0.000000,0.000000,GOAL,0.000000,-0.001344,0.000000,0,0.004551,0.017720,1.524920,1.489480
trial03_direct,2,1024,32.7680,0.396808,-0.117008,0.216150,-94.8200,-4.9847,74.786,67.173,0,0,0.000000,-0.000000,0.000000,GOAL,0.000000,-0.001008,0.000000,0,0.004551,0.017720,1.524920,1.489480
trial03_direct,2,1025,32.8000,0.396727,-0.117969,0.215189,-94.8430,-4.9839,67.107,70.881,0,0,0.000000,-0.000000,0.000000,GOAL,0.000000,-0.000756,0.000000,0,0.004551,0.017720,1.524920,1.489480
trial03_direct,2,1026,32.8320,0.396645,-0.118930,0.214228,-94.8660,-4.9833,71.876,71.728,0,0,0.000000,-0.000000,0.000000,GOAL,0.000000,-0.000567,0.000000,0,0.004551,0.017720,1.524920,1.489480
trial03_direct,2,1027,32.8640,0.396563,-0.119891,0.213267,-94.8890,-4.9827,67.033,67.999,0,0,0.000000,-0.000000,0.000000,GOAL,0.000000,-0.000425,0.000000,0,0.004551,0.017720,1.524920,1.489480
trial03_direct,2,1028,32.8960,0.396481,-0.120852,0.212306,-94.9121,-4.9822,67.598,70.228,0,0,0.000000,-0.000000,0.000000,GOAL,0.000000,-0.000319,0.000000,0,0.004551,0.017720,1.524920,1.489480
trial03_direct,2,1029,32.9280,0.396398,-0.121813,0.211345,-94.9351,-4.9819,68.977,68.257,0,0,0.000000,-0.000000,0.000000,GOAL,0.000000,-0.000239,0.000000,0,0.004551,0.017720,1.524920,1.489480
trial03_direct,2,1030,32.9600,0.396315,-0.122774,0.210384,-94.9581,-4.9816,65.833,69.899,0,0,0.000000,-0.000000,0.000000,GOAL,0.000000,-0.000179,0.000000,0,0.004551,0.017720,1.524920,1.489480
trial03_direct,2,1031,32.9920,0.396231,-0.123735,0.209423,-94.9811,-4.9815,65.747,65.239,0,0,0.000000,-0.000000,0.000000,GOAL,0.000000,-0.000135,0.000000,0,0.004551,0.017720,1.524920,1.489480
trial03_direct,2,1032,33.0240,0.396147,-0.124696,0.208462,-95.0042,-4.9814,66.263,69.470,0,0,0.000000,-0.000000,0.000000,GOAL,0.000000,-0.000101,0.000000,0,0.004551,0.017720,1.524920,1.489480
trial03_direct,2,1033,33.0560,0.396063,-0.125657,0.207501,-95.0272,-4.9814,67.529,67.097,0,0,0.000000,-0.000000,0.000000,GOAL,0.000000,-0.000076,0.000000,0,0.004551,0.017720,1.524920,1.489480
trial03_direct,2,1034,33.0880,0.395978,-0.126618,0.206540,-95.0502,-4.9816,70.719,67.468,0,0,0.000000,-0.000000,0.000000,GOAL,0.000000,-0.000057,0.000000,0,0.004551,0.017720,1.524920,1.489480
trial03_direct,2,1035,33.1200,0.395893,-0.127579,0.205579,-95.0732,-4.9819,68.825,61.306,0,0,0.000000,-0.000000,0.000000,GOAL,0.000000,-0.000043,0.000000,0,0.004551,0.017720,1.524920,1.489480
trial03_direct,2,1036,33.1520,0.395808,-0.128540,0.204618,-95.0963,-4.9822,70.828,76.662,0,0,0.000000,-0.000000,0.000000,GOAL,0.000000,-0.000032,0.000000,0,0.004551,0.017720,1.524920,1.489480
trial03_direct,2,1037,33.1840,0.395722,-0.129500,0.203657,-95.1193,-4.9827,69.923,67.631,0,0,0.000000,-0.000000,0.000000,GOAL,0.000000,-0.000024,0.000000,0,0.004551,0.017720,1.524920,1.489480
trial03_direct,2,1038,33.2160,0.395636,-0.130461,0.202696,-95.1423,-4.9833,69.885,65.555,0,0,0.000000,-0.000000,0.000000,GOAL,0.000000,-0.000018,0.000000,0,0.004551,0.017720,1.524920,1.489480
trial03_direct,2,1039,33.2480,0.395549,-0.131422,0.201735,-95.1654,-4.9841,74.419,69.818,0,0,0.000000,-0.000000,0.000000,GOAL,0.000000,-0.000013,0.000000,0,0.004551,0.017720,1.524920,1.489480
trial03_direct,2,1040,33.2800,0.395462,-0.132382,0.200774,-95.1884,-4.9849,72.941,69.241,0,0,0.000000,-0.000000,0.000000,GOAL,0.000000,-0.000010,0.000000,0,0.004551,0.017720,1.524920,1.489480
trial03_direct,2,1041,33.3120,0.395374,-0.133343,0.199813,-95.2114,-4.9859,65.342,62.791,0,0,0.000000,-0.000000,0.000000,GOAL,0.000000,-0.000008,0.000000,0,0.004551,0.017720,1.524920,1.489480
trial03_direct,2,1042,33.3440,0.395287,-0.134304,0.198852,-95.2344,-4.9869,69.564,69.873,0,0,0.000000,-0.000000,0.000000,GOAL,0.000000,-0.000006,0.000000,0,0.004551,0.017720,1.524920,1.489480
trial03_direct,2,1043,33.3760,0.395198,-0.135264,0.197891,-95.2575,-4.9881,71.300,71.234,0,0,0.000000,-0.000000,0.000000,GOAL,0.000000,-0.000004,0.000000,0,0.004551,0.017720,1.524920,1.489480
trial03_direct,2,1044,33.4080,0.395110,-0.136225,0.196930,-95.2805,-4.9895,69.533,72.350,0,0,0.000000,-0.000000,0.000000,GOAL,0.000000,-0.000003,0.000000,0,0.004551,0.017720,1.524920,1.489480
trial03_direct,2,1045,33.4400,0.395021,-0.137185,0.195969,-95.3035,-4.9909,69.625,70.695,0,0,0.000000,-0.000000,0.000000,GOAL,0.000000,-0.000002,0.000000,0,0.004551,0.017720,1.524920,1.489480
trial03_direct,2,1046,33.4720,0.394932,-0.138146,0.195008,-95.3265,-4.9925,70.969,71.267,0,0,0.000000,-0.000000,0.000000,GOAL,0.000000,-0.000002,0.000000,0,0.004551,0.017720,1.524920,1.489480
trial03_direct,2,1047,33.5040,0.394842,-0.139106,0.194047,-95.3496,-4.9942,68.659,71.436,0,0,0.000000,-0.000000,0.000000,GOAL,0.000000,-0.000001,0.000000,0,0.004551,0.017720,1.524920,1.489480
trial03_direct,2,1048,33.5360,0.394752,-0.140067,0.193086,-95.3726,-4.9960,73.689,68.495,0,0,0.000000,-0.000000,0.000000,GOAL,0.000000,-0.000001,0.000000,0,0.004551,0.017720,1.524920,1.489480
trial03_direct,2,1049,33.5680,0.394661,-0.141027,0.192126,-95.3956,-4.9980,69.520,70.878,0,0,0.000000,-0.000000,0.000000,GOAL,0.000000,-0.000001,0.000000,0,0.004551,0.017720,1.524920,1.489480
trial03_direct,2,1050,33.6000,0.394570,-0.141987,0.191165,-95.4186,-5.0001,68.403,73.043,0,0,0.000000,-0.000000,0.000000,GOAL,0.000000,-0.000001,0.000000,0,0.004551,0.017720,1.524920,1.489480
trial03_direct,2,1051,33.6320,0.394479,-0.142948,0.190204,-95.4417,-5.0024,65.201,69.790,0,0,0.000000,-0.000000,0.000000,GOAL,0.000000,-0.000000,0.000000,0,0.004551,0.017720,1.524920,1.489480
trial03_direct,2,1052,33.6640,0.394388,-0.143908,0.189243,-95.4647,-5.0048,69.862,70.182,0,0,0.000000,-0.000000,0.000000,GOAL,0.000000,-0.000000,0.000000,0,0.004551,0.017720,1.524920,1.489480
trial03_direct,2,1053,33.6960,0.394295,-0.144868,0.188282,-95.4877,-5.0073,70.177,69.921,0,0,0.000000,-0.000000,0.000000,GOAL,0.000000,-0.000000,0.000000,0,0.004551,0.017720,1.524920,1.489480
trial03_direct,2,1054,33.7280,0.394203,-0.145828,0.187321,-95.5107,-5.0099,70.356,67.698,0,0,0.000000,-0.000000,0.000000,GOAL,0.000000,-0.000000,0.000000,0,0.004551,0.017720,1.524920,1.489480
trial03_direct,2,1055,33.7600,0.394110,-0.146788,0.186360,-95.5338,-5.0128,65.354,65.237,0,0,0.000000,-0.000000,0.000000,GOAL,0.000000,-0.000000,0.000000,0,0.004551,0.017720,1.524920,1.489480
trial03_direct,2,1056,33.7920,0.394017,-0.147748,0.185399,-95.5568,-5.0157,64.330,68.961,0,0,0.000000,-0.000000,0.000000,GOAL,0.000000,-0.000000,0.000000,0,0.004551,0.017720,1.524920,1.489480
trial03_direct,2,1057,33.8240,0.393923,-0.148708,0.184438,-95.5798,-5.0188,66.662,66.942,0,0,0.000000,-0.000000,0.000000,GOAL,0.000000,-0.000000,0.000000,0,0.004551,0.017720,1.524920,1.489480
trial03_direct,2,1058,33.8560,0.393829,-0.149668,0.183477,-95.6028,-5.0221,63.605,68.331,0,0,0.000000,-0.000000,0.000000,GOAL,0.000000,-0.000000,0.000000,0,0.004551,0.017720,1.524920,1.489480
trial03_direct,2,1059,33.8880,0.393735,-0.150628,0.182516,-95.6259,-5.0255,64.660,69.415,0,0,0.000000,-0.000000,0.000000,GOAL,0.000000,-0.000000,0.000000,0,0.004551,0.017720,1.524920,1.489480
trial03_direct,2,1060,33.9200,0.393640,-0.151588,0.181555,-95.6489,-5.0291,68.911,72.896,0,0,0.000000,-0.000000,0.000000,GOAL,0.000000,-0.000000,0.000000,0,0.004551,0.017720,1.524920,1.489480
trial03_direct,2,1061,33.9520,0.393545,-0.152548,0.180595,-95.6719,-5.0328,72.970,72.755,0,0,0.000000,-0.000000,0.000000,GOAL,0.000000,-0.000000,0.000000,0,0.004551,0.017720,1.524920,1.489480
trial03_direct,2,1062,33.9840,0.393450,-0.153508,0.179634,-95.6950,-5.0367,73.253,66.774,0,0,0.000000,-0.000000,0.000000,GOAL,0.000000,-0.000000,0.000000,0,0.004551,0.017720,1.524920,1.489480
trial03_direct,2,1063,34.0160,0.393354,-0.154468,0.178673,-95.7180,-5.0408,74.076,75.112,0,0,0.000000,-0.000000,0.000000,GOAL,0.000000,-0.000000,0.000000,0,0.004551,0.017720,1.524920,1.489480
trial03_direct,2,1064,34.0480,0.393257,-0.155428,0.177712,-95.7410,-5.0450,69.714,72.012,0,0,0.000000,-0.000000,0.000000,GOAL,0.000000,-0.000000,0.000000,0,0.004551,0.017720,1.524920,1.489480
trial03_direct,2,1065,34.0800,0.393161,-0.156388,0.176751,-95.7640,-5.0495,65.396,68.600,0,0,0.000000,-0.000000,0.000000,GOAL,0.000000,-0.000000,0.000000,0,0.004551,0.017720,1.524920,1.489480
trial03_direct,2,1066,34.1120,0.393064,-0.157347,0.175790,-95.7871,-5.0540,72.506,65.807,0,0,0.000000,-0.000000,0.000000,GOAL,0.000000,-0.000000,0.000000,0,0.004551,0.017720,1.524920,1.489480
trial03_direct,2,1067,34.1440,0.392966,-0.158307,0.174829,-95.8101,-5.0588,69.029,66.159,0,0,0.000000,-0.000000,0.000000,GOAL,0.000000,-0.000000,0.000000,0,0.004551,0.017720,1.524920,1.489480
trial03_direct,2,1068,34.1760,0.392868,-0.159267,0.173868,-95.8331,-5.0638,70.209,68.301,0,0,0.000000,-0.000000,0.000000,GOAL,0.000000,-0.000000,0.000000,0,0.004551,0.017720,1.524920,1.489480
trial03_direct,2,1069,34.2080,0.392770,-0.160226,0.172908,-95.8562,-5.0689,64.410,70.234,0,0,0.000000,-0.000000,0.000000,GOAL,0.000000,-0.000000,0.000000,0,0.004551,0.017720,1.524920,1.489480
trial03_direct,2,1070,34.2400,0.392672,-0.161186,0.171947,-95.8792,-5.0742,73.741,70.420,0,0,0.000000,-0.000000,0.000000,GOAL,0.000000,-0.000000,0.000000,0,0.004551,0.017720,1.524920,1.489480
trial03_direct,2,1071,34.2720,0.392573,-0.162145,0.170986,-95.9022,-5.0797,62.365,67.021,0,0,0.000000,-0.000000,0.000000,GOAL,0.000000,-0.000000,0.000000,0,0.004551,0.017720,1.524920,1.489480
trial03_direct,2,1072,34.3040,0.392473,-0.163105,0.170025,-95.9252,-5.0854,69.936,72.466,0,0,0.000000,-0.000000,0.000000,GOAL,0.000000,-0.000000,0.000000,0,0.004551,0.017720,1.524920,1.489480
trial03_direct,2,1073,34.3360,0.392374,-0.164064,0.169064,-95.9483,-5.0913,68.355,73.089,0,0,0.000000,-0.000000,0.000000,GOAL,0.000000,-0.000000,0.000000,0,0.004551,0.017720,1.524920,1.489480
trial03_direct,2,1074,34.3680,0.392273,-0.165024,0.168104,-95.9713,-5.0974,66.662,65.098,0,0,0.000000,-0.000000,0.000000,GOAL,0.000000,-0.000000,0.000000,0,0.004551,0.017720,1.524920,1.489480
trial03_direct,2,1075,34.4000,0.392173,-0.165983,0.167143,-95.9943,-5.1037,67.855,69.438,0,0,0.000000,-0.000000,0.000000,GOAL,0.000000,-0.000000,0.000000,0,0.004551,0.017720,1.524920,1.489480
trial03_direct,2,1076,34.4320,0.392072,-0.166942,0.166182,-96.0173,-5.1102,73.578,67.879,0,0,0.000000,-0.000000,0.000000,GOAL,0.000000,-0.000000,0.000000,0,0.004551,0.017720,1.524920,1.489480
trial03_direct,2,1077,34.4640,0.391971,-0.167901,0.165221,-96.0404,-5.1169,70.140,66.893,0,0,0.000000,-0.000000,0.000000,GOAL,0.000000,-0.000000,0.000000,0,0.004551,0.017720,1.524920,1.489480
trial03_direct,2,1078,34.4960,0.391869,-0.168861,0.164260,-96.0634,-5.1238,71.074,65.514,0,0,0.000000,-0.000000,0.000000,GOAL,0.000000,-0.000000,0.000000,0,0.004551,0.017720,1.524920,1.489480
trial03_direct,2,1079,34.5280,0.391767,-0.169820,0.163300,-96.0864,-5.1309,71.694,66.671,0,0,0.000000,-0.000000,0.000000,GOAL,0.000000,-0.000000,0.000000,0,0.004551,0.017720,1.524920,1.489480
trial03_direct,2,1080,34.5600,0.391664,-0.170779,0.162339,-96.1095,-5.1383,67.571,68.255,0,0,0.000000,-0.000000,0.000000,GOAL,0.000000,-0.000000,0.000000,0,0.004551,0.017720,1.524920,1.489480
trial03_direct,2,1081,34.5920,0.391562,-0.171738,0.161378,-96.1325,-5.1458,70.286,73.094,0,0,0.000000,-0.000000,0.000000,GOAL,0.000000,-0.000000,0.000000,0,0.004551,0.017720,1.524920,1.489480
trial03_direct,2,1082,34.6240,0.391458,-0.172697,0.160418,-96.1555,-5.1536,68.324,69.361,0,0,0.000000,-0.000000,0.000000,GOAL,0.000000,-0.000000,0.000000,0,0.004551,0.017720,1.524920,1.489480
trial03_direct,2,1083,34.6560,0.391355,-0.173656,0.159457,-96.1786,-5.1617,68.543,71.720,0,0,0.000000,-0.000000,0.000000,GOAL,0.000000,-0.000000,0.000000,0,0.004551,0.017720,1.524920,1.489480
trial03_direct,2,1084,34.6880,0.391251,-0.174615,0.158496,-96.2016,-5.1699,69.848,70.800,0,0,0.000000,-0.000000,0.000000,GOAL,0.000000,-0.000000,0.000000,0,0.004551,0.017720,1.524920,1.489480
trial03_direct,2,1085,34.7200,0.391146,-0.175574,0.157535,-96.2246,-5.1785,68.309,64.361,0,0,0.000000,-0.000000,0.000000,GOAL,0.000000,-0.000000,0.000000,0,0.004551,0.017720,1.524920,1.489480
trial03_direct,2,1086,34.7520,0.391042,-0.176533,0.156575,-96.2476,-5.1872,70.757,69.778,0,0,0.000000,-0.000000,0.000000,GOAL,0.000000,-0.000000,0.000000,0,0.004551,0.017720,1.524920,1.489480
trial03_direct,2,1087,34.7840,0.390936,-0.177492,0.155614,-96.2707,-5.1962,68.564,74.195,0,0,0.000000,-0.000000,0.000000,GOAL,0.000000,-0.000000,0.000000,0,0.004551,0.017720,1.524920,1.489480
trial03_direct,2,1088,34.8160,0.390831,-0.178451,0.154654,-96.2937,-5.2055,70.908,72.242,0,0,0.000000,-0.000000,0.000000,GOAL,0.000000,-0.000000,0.000000,0,0.004551,0.017720,1.524920,1.489480
trial03_direct,2,1089,34.8480,0.390725,-0.179410,0.153693,-96.3167,-5.2150,70.869,68.475,0,0,0.000000,-0.000000,0.000000,GOAL,0.000000,-0.000000,0.000000,0,0.004551,0.017720,1.524920,1.489480
trial03_direct,2,1090,34.8800,0.390619,-0.180368,0.152732,-96.3398,-5.2248,68.847,72.416,0,0,0.000000,-0.000000,0.000000,GOAL,0.000000,-0.000000,0.000000,0,0.004551,0.017720,1.524920,1.489480
trial03_direct,2,1091,34.9120,0.390512,-0.181327,0.151772,-96.3628,-5.2349,66.111,66.557,0,0,0.000000,-0.000000,0.000000,GOAL,0.000000,-0.000000,0.000000,0,0.004551,0.017720,1.524920,1.489480
trial03_direct,2,1092,34.9440,0.390405,-0.182286,0.150811,-96.3858,-5.2452,72.878,67.416,0,0,0.000000,-0.000000,0.000000,GOAL,0.000000,-0.000000,0.000000,0,0.004551,0.017720,1.524920,1.489480
trial03_direct,2,1093,34.9760,0.390297,-0.183244,0.149851,-96.4088,-5.2558,66.515,70.931,0,0,0.000000,-0.000000,0.000000,GOAL,0.000000,-0.000000,0.000000,0,0.004551,0.017720,1.524920,1.489480
trial03_direct,2,1094,35.0080,0.390190,-0.184203,0.148890,-96.4319,-5.2667,67.419,69.005,0,0,0.000000,-0.000000,0.000000,GOAL,0.000000,-0.000000,0.000000,0,0.004551,0.017720,1.524920,1.489480
trial03_direct,2,1095,35.0400,0.390081,-0.185161,0.147930,-96.4549,-5.2779,69.118,72.755,0,0,0.000000,-0.000000,0.000000,GOAL,0.000000,-0.000000,0.000000,0,0.004551,0.017720,1.524920,1.489480
trial03_direct,2,1096,35.0720,0.389973,-0.186120,0.146969,-96.4779,-5.2894,67.098,75.106,0,0,0.000000,-0.000000,0.000000,GOAL,0.000000,-0.000000,0.000000,0,0.004551,0.017720,1.524920,1.489480
trial03_direct,2,1097,35.1040,0.389864,-0.187078,0.146009,-96.5010,-5.3012,62.557,68.403,0,0,0.000000,-0.000000,0.000000,GOAL,0.000000,-0.000000,0.000000,0,0.004551,0.017720,1.524920,1.489480
trial03_direct,2,1098,35.1360,0.389754,-0.188037,0.145048,-96.5240,-5.3133,69.638,66.214,0,0,0.000000,-0.000000,0.000000,GOAL,0.000000,-0.000000,0.000000,0,0.004551,0.017720,1.524920,1.489480
trial03_direct,2,1099,35.1680,0.389645,-0.188995,0.144088,-96.5470,-5.3258,70.035,66.168,0,0,0.000000,-0.000000,0.000000,GOAL,0.000000,-0.000000,0.000000,0,0.004551,0.017720,1.524920,1.489480
trial03_direct,2,1100,35.2000,0.389534,-0.189953,0.143127,-96.5701,-5.3385,69.792,67.495,0,0,0.000000,-0.000000,0.000000,GOAL,0.000000,-0.000000,0.000000,0,0.004551,0.017720,1.524920,1.489480
trial03_direct,2,1101,35.2320,0.389424,-0.190911,0.142167,-96.5931,-5.3516,68.430,64.737,0,0,0.000000,-0.000000,0.000000,GOAL,0.000000,-0.000000,0.000000,0,0.004551,0.017720,1.524920,1.489480
trial03_direct,2,1102,35.2640,0.389313,-0.191870,0.141206,-96.6161,-5.3650,65.802,69.320,0,0,0.000000,-0.000000,0.000000,GOAL,0.000000,-0.000000,0.000000,0,0.004551,0.017720,1.524920,1.489480
trial03_direct,2,1103,35.2960,0.389202,-0.192828,0.140246,-96.6391,-5.3787,66.316,70.313,0,0,0.000000,-0.000000,0.000000,GOAL,0.000000,-0.000000,0.000000,0,0.004551,0.017720,1.524920,1.489480
trial03_direct,2,1104,35.3280,0.389090,-0.193786,0.139286,-96.6622,-5.3928,74.189,67.833,0,0,0.000000,-0.000000,0.000000,GOAL,0.000000,-0.000000,0.000000,0,0.004551,0.017720,1.524920,1.489480
trial03_direct,2,1105,35.3600,0.388978,-0.194744,0.138325,-96.6852,-5.4072,70.419,69.737,0,0,0.000000,-0.000000,0.000000,GOAL,0.000000,-0.000000,0.000000,0,0.004551,0.017720,1.524920,1.489480
trial03_direct,2,1106,35.3920,0.388865,-0.195702,0.137365,-96.7082,-5.4221,64.194,72.323,0,0,0.000000,-0.000000,0.000000,GOAL,0.000000,-0.000000,0.000000,0,0.004551,0.017720,1.524920,1.489480
trial03_direct,2,1107,35.4240,0.388752,-0.196660,0.136405,-96.7313,-5.4372,73.473,66.895,0,0,0.000000,-0.000000,0.000000,GOAL,0.000000,-0.000000,0.000000,0,0.004551,0.017720,1.524920,1.489480
trial03_direct,2,1108,35.4560,0.388639,-0.197618,0.135444,-96.7543,-5.4528,73.088,72.638,0,0,0.000000,-0.000000,0.000000,GOAL,0.000000,-0.000000,0.000000,0,0.004551,0.017720,1.524920,1.489480
trial03_direct,2,1109,35.4880,0.388525,-0.198576,0.134484,-96.7773,-5.4687,66.026,69.177,0,0,0.000000,-0.000000,0.000000,GOAL,0.000000,-0.000000,0.000000,0,0.004551,0.017720,1.524920,1.489480
trial03_direct,2,1110,35.5200,0.388411,-0.199534,0.133524,-96.8004,-5.4851,70.013,68.532,0,0,0.000000,-0.000000,0.000000,GOAL,0.000000,-0.000000,0.000000,0,0.004551,0.017720,1.524920,1.489480
trial03_direct,2,1111,35.5520,0.388297,-0.200492,0.132564,-96.8234,-5.5018,67.618,64.553,0,0,0.000000,-0.000000,0.000000,GOAL,0.000000,-0.000000,0.000000,0,0.004551,0.017720,1.524920,1.489480
trial03_direct,2,1112,35.5840,0.388182,-0.201449,0.131604,-96.8464,-5.5189,68.550,69.812,0,0,0.000000,-0.000000,0.000000,GOAL,0.000000,-0.000000,0.000000,0,0.004551,0.017720,1.524920,1.489480
trial03_direct,2,1113,35.6160,0.388067,-0.202407,0.130644,-96.8695,-5.5365,69.482,68.074,0,0,0.000000,-0.000000,0.000000,GOAL,0.000000,-0.000000,0.000000,0,0.004551,0.017720,1.524920,1.489480
trial03_direct,2,1114,35.6480,0.387952,-0.203365,0.129683,-96.8925,-5.5545,63.820,71.098,0,0,0.000000,-0.000000,0.000000,GOAL,0.000000,-0.000000,0.000000,0,0.004551,0.017720,1.524920,1.489480
trial03_direct,2,1115,35.6800,0.387836,-0.204322,0.128723,-96.9155,-5.5730,73.274,71.136,0,0,0.000000,-0.000000,0.000000,GOAL,0.000000,-0.000000,0.000000,0,0.004551,0.017720,1.524920,1.489480
trial03_direct,2,1116,35.7120,0.387719,-0.205280,0.127763,-96.9385,-5.5919,71.933,70.678,0,0,0.000000,-0.000000,0.000000,GOAL,0.000000,-0.000000,0.000000,0,0.004551,0.017720,1.524920,1.489480
trial03_direct,2,1117,35.7440,0.387603,-0.206237,0.126803,-96.9616,-5.6112,68.968,66.990,0,0,0.000000,-0.000000,0.000000,GOAL,0.000000,-0.000000,0.000000,0,0.004551,0.017720,1.524920,1.489480
trial03_direct,2,1118,35.7760,0.387485,-0.207195,0.125843,-96.9846,-5.6310,63.631,69.479,0,0,0.000000,-0.000000,0.000000,GOAL,0.000000,-0.000000,0.000000,0,0.004551,0.017720,1.524920,1.489480
trial03_direct,2,1119,35.8080,0.387368,-0.208152,0.124883,-97.0076,-5.6514,68.999,71.667,0,0,0.000000,-0.000000,0.000000,GOAL,0.000000,-0.000000,0.000000,0,0.004551,0.017720,1.524920,1.489480
trial03_direct,2,1120,35.8400,0.387250,-0.209110,0.123924,-97.0307,-5.6722,70.869,67.417,0,0,0.000000,-0.000000,0.000000,GOAL,0.000000,-0.000000,0.000000,0,0.004551,0.017720,1.524920,1.489480
trial03_direct,2,1121,35.8720,0.387132,-0.210067,0.122964,-97.0537,-5.6935,65.470,67.864,0,0,0.000000,-0.000000,0.000000,GOAL,0.000000,-0.000000,0.000000,0,0.004551,0.017720,1.524920,1.489480
trial03_direct,2,1122,35.9040,0.387013,-0.211024,0.122004,-97.0767,-5.7153,67.744,65.994,0,0,0.000000,-0.000000,0.000000,GOAL,0.000000,-0.000000,0.000000,0,0.004551,0.017720,1.524920,1.489480
trial03_direct,2,1123,35.9360,0.386894,-0.211981,0.121044,-97.0998,-5.7377,69.420,62.364,0,0,0.000000,-0.000000,0.000000,GOAL,0.000000,-0.000000,0.000000,0,0.004551,0.017720,1.524920,1.489480
trial03_direct,2,1124,35.9680,0.386775,-0.212939,0.120084,-97.1228,-5.7606,69.657,68.575,0,0,0.000000,-0.000000,0.000000,GOAL,0.000000,-0.000000,0.000000,0,0.004551,0.017720,1.524920,1.489480
trial03_direct,2,1125,36.0000,0.386655,-0.213896,0.119125,-97.1458,-5.7840,68.352,70.332,0,0,0.000000,-0.000000,0.000000,GOAL,0.000000,-0.000000,0.000000,0,0.004551,0.017720,1.524920,1.489480
trial03_direct,2,1126,36.0320,0.386535,-0.214853,0.118165,-97.1689,-5.8080,73.103,68.500,0,0,0.000000,-0.000000,0.000000,GOAL,0.000000,-0.000000,0.000000,0,0.004551,0.017720,1.524920,1.489480
trial03_direct,2,1127,36.0640,0.386414,-0.215810,0.117205,-97.1919,-5.8326,71.163,68.043,0,0,0.000000,-0.000000,0.000000,GOAL,0.000000,-0.000000,0.000000,0,0.004551,0.017720,1.524920,1.489480
trial03_direct,2,1128,36.0960,0.386293,-0.216767,0.116246,-97.2149,-5.8578,66.238,73.084,0,0,0.000000,-0.000000,0.000000,GOAL,0.000000,-0.000000,0.000000,0,0.004551,0.017720,1.524920,1.489480
trial03_direct,2,1129,36.1280,0.386172,-0.217724,0.115286,-97.2380,-5.8836,70.535,69.166,0,0,0.000000,-0.000000,0.000000,GOAL,0.000000,-0.000000,0.000000,0,0.004551,0.017720,1.524920,1.489480
trial03_direct,2,1130,36.1600,0.386050,-0.218681,0.114327,-97.2610,-5.9101,67.618,70.106,0,0,0.000000,-0.000000,0.000000,GOAL,0.000000,-0.000000,0.000000,0,0.004551,0.017720,1.524920,1.489480
trial03_direct,2,1131,36.1920,0.385928,-0.219638,0.113367,-97.2840,-5.9371,75.624,75.818,0,0,0.000000,-0.000000,0.000000,GOAL,0.000000,-0.000000,0.000000,0,0.004551,0.017720,1.524920,1.489480
trial03_direct,2,1132,36.2240,0.385806,-0.220594,0.112408,-97.3071,-5.9649,74.521,72.114,0,0,0.000000,-0.000000,0.000000,GOAL,0.000000,-0.000000,0.000000,0,0.004551,0.017720,1.524920,1.489480
trial03_direct,2,1133,36.2560,0.385683,-0.221551,0.111448,-97.3301,-5.9933,65.595,68.932,0,0,0.000000,-0.000000,0.000000,GOAL,0.000000,-0.000000,0.000000,0,0.004551,0.017720,1.524920,1.489480
trial03_direct,2,1134,36.2880,0.385560,-0.222508,0.110489,-97.3531,-6.0224,64.616,71.917,0,0,0.000000,-0.000000,0.000000,GOAL,0.000000,-0.000000,0.000000,0,0.004551,0.017720,1.524920,1.489480
trial03_direct,2,1135,36.3200,0.385436,-0.223465,0.109530,-97.3762,-6.0522,64.885,66.618,0,0,0.000000,-0.000000,0.000000,GOAL,0.000000,-0.000000,0.000000,0,0.004551,0.017720,1.524920,1.489480
trial03_direct,2,1136,36.3520,0.385312,-0.224421,0.108571,-97.3992,-6.0827,70.949,71.363,0,0,0.000000,-0.000000,0.000000,GOAL,0.000000,-0.000000,0.000000,0,0.004551,0.017720,1.524920,1.489480
trial03_direct,2,1137,36.3840,0.385188,-0.225378,0.107612,-97.4222,-6.1140,70.531,69.954,0,0,0.000000,-0.000000,0.000000,GOAL,0.000000,-0.000000,0.000000,0,0.004551,0.017720,1.524920,1.489480
trial03_direct,2,1138,36.4160,0.385063,-0.226334,0.106652,-97.4453,-6.1460,67.175,65.931,0,0,0.000000,-0.000000,0.000000,GOAL,0.000000,-0.000000,0.000000,0,0.004551,0.017720,1.524920,1.489480
trial03_direct,2,1139,36.4480,0.384938,-0.227291,0.105693,-97.4683,-6.1789,64.074,64.434,0,0,0.000000,-0.000000,0.000000,GOAL,0.000000,-0.000000,0.000000,0,0.004551,0.017720,1.524920,1.489480
trial03_direct,2,1140,36.4800,0.384812,-0.228247,0.104734,-97.4913,-6.2126,68.976,66.949,0,0,0.000000,-0.000000,0.000000,GOAL,0.000000,-0.000000,0.000000,0,0.004551,0.017720,1.524920,1.489480
trial03_direct,2,1141,36.5120,0.384686,-0.229203,0.103776,-97.5144,-6.2471,66.110,70.293,0,0,0.000000,-0.000000,0.000000,GOAL,0.000000,-0.000000,0.000000,0,0.004551,0.017720,1.524920,1.489480
trial03_direct,2,1142,36.5440,0.384560,-0.230160,0.102817,-97.5374,-6.2824,68.487,65.337,0,0,0.000000,-0.000000,0.000000,GOAL,0.000000,-0.000000,0.000000,0,0.004551,0.017720,1.524920,1.489480
trial03_direct,2,1143,36.5760,0.384433,-0.231116,0.101858,-97.5604,-6.3187,72.834,70.228,0,0,0.000000,-0.000000,0.000000,GOAL,0.000000,-0.000000,0.000000,0,0.004551,0.017720,1.524920,1.489480
trial03_direct,2,1144,36.6080,0.384306,-0.232072,0.100899,-97.5835,-6.3558,71.673,71.893,0,0,0.000000,-0.000000,0.000000,GOAL,0.000000,-0.000000,0.000000,0,0.004551,0.017720,1.524920,1.489480
trial03_direct,2,1145,36.6400,0.384178,-0.233028,0.099941,-97.6065,-6.3939,66.039,71.851,0,0,0.000000,-0.000000,0.000000,GOAL,0.000000,-0.000000,0.000000,0,0.004551,0.017720,1.524920,1.489480
trial03_direct,2,1146,36.6720,0.384051,-0.233984,0.098982,-97.6295,-6.4329,67.924,70.352,0,0,0.000000,-0.000000,0.000000,GOAL,0.000000,-0.000000,0.000000,0,0.004551,0.017720,1.524920,1.489480
trial03_direct,2,1147,36.7040,0.383922,-0.234940,0.098023,-97.6526,-6.4730,67.341,67.197,0,0,0.000000,-0.000000,0.000000,GOAL,0.000000,-0.000000,0.000000,0,0.004551,0.017720,1.524920,1.489480
trial03_direct,2,1148,36.7360,0.383794,-0.235896,0.097065,-97.6756,-6.5140,69.009,69.078,0,0,0.000000,-0.000000,0.000000,GOAL,0.000000,-0.000000,0.000000,0,0.004551,0.017720,1.524920,1.489480
trial03_direct,2,1149,36.7680,0.383665,-0.236852,0.096107,-97.6986,-6.5561,65.485,72.490,0,0,0.000000,-0.000000,0.000000,GOAL,0.000000,-0.000000,0.000000,0,0.004551,0.017720,1.524920,1.489480
trial03_direct,2,1150,36.8000,0.383535,-0.237808,0.095148,-97.7217,-6.5993,71.682,67.649,0,0,0.000000,-0.000000,0.000000,GOAL,0.000000,-0.000000,0.000000,0,0.004551,0.017720,1.524920,1.489480
trial03_direct,2,1151,36.8320,0.383406,-0.238764,0.094190,-97.7447,-6.6436,69.145,67.995,0,0,0.000000,-0.000000,0.000000,GOAL,0.000000,-0.000000,0.000000,0,0.004551,0.017720,1.524920,1.489480
trial03_direct,2,1152,36.8640,0.383275,-0.239720,0.093232,-97.7677,-6.6891,71.062,66.266,0,0,0.000000,-0.000000,0.000000,GOAL,0.000000,-0.000000,0.000000,0,0.004551,0.017720,1.524920,1.489480
trial03_direct,2,1153,36.8960,0.383145,-0.240676,0.092274,-97.7908,-6.7357,67.778,65.883,0,0,0.000000,-0.000000,0.000000,GOAL,0.000000,-0.000000,0.000000,0,0.004551,0.017720,1.524920,1.489480
trial03_direct,2,1154,36.9280,0.383014,-0.241631,0.091316,-97.8138,-6.7835,68.621,63.295,0,0,0.000000,-0.000000,0.000000,GOAL,0.000000,-0.000000,0.000000,0,0.004551,0.017720,1.524920,1.489480
trial03_direct,2,1155,36.9600,0.382883,-0.242587,0.090358,-97.8368,-6.8326,68.364,68.780,0,0,0.000000,-0.000000,0.000000,GOAL,0.000000,-0.000000,0.000000,0,0.004551,0.017720,1.524920,1.489480
trial03_direct,2,1156,36.9920,0.382751,-0.243543,0.089401,-97.8599,-6.8830,68.279,68.142,0,0,0.000000,-0.000000,0.000000,GOAL,0.000000,-0.000000,0.000000,0,0.004551,0.017720,1.524920,1.489480
trial03_direct,2,1157,37.0240,0.382619,-0.244498,0.088443,-97.8829,-6.9347,65.567,69.795,0,0,0.000000,-0.000000,0.000000,GOAL,0.000000,-0.000000,0.000000,0,0.004551,0.017720,1.524920,1.489480
trial03_direct,2,1158,37.0560,0.382486,-0.245453,0.087486,-97.9059,-6.9879,68.820,68.003,0,0,0.000000,-0.000000,0.000000,GOAL,0.000000,-0.000000,0.000000,0,0.004551,0.017720,1.524920,1.489480
trial03_direct,2,1159,37.0880,0.382353,-0.246409,0.086528,-97.9290,-7.0424,71.809,68.663,0,0,0.000000,-0.000000,0.000000,GOAL,0.000000,-0.000000,0.000000,0,0.004551,0.017720,1.524920,1.489480
trial03_direct,2,1160,37.1200,0.382220,-0.247364,0.085571,-97.9520,-7.0984,69.187,69.098,0,0,0.000000,-0.000000,0.000000,GOAL,0.000000,-0.000000,0.000000,0,0.004551,0.017720,1.524920,1.489480
trial03_direct,2,1161,37.1520,0.382086,-0.248320,0.084614,-97.9750,-7.1560,68.664,71.126,0,0,0.000000,-0.000000,0.000000,GOAL,0.000000,-0.000000,0.000000,0,0.004551,0.017720,1.524920,1.489480
trial03_direct,2,1162,37.1840,0.381952,-0.249275,0.083657,-97.9981,-7.2151,72.615,71.118,0,0,0.000000,-0.000000,0.000000,GOAL,0.000000,-0.000000,0.000000,0,0.004551,0.017720,1.524920,1.489480
trial03_direct,2,1163,37.2160,0.381818,-0.250230,0.082700,-98.0211,-7.2759,76.878,72.329,0,0,0.000000,-0.000000,0.000000,GOAL,0.000000,-0.000000,0.000000,0,0.004551,0.017720,1.524920,1.489480
trial03_direct,2,1164,37.2480,0.381683,-0.251185,0.081743,-98.0441,-7.3383,69.380,66.832,0,0,0.000000,-0.000000,0.000000,GOAL,0.000000,-0.000000,0.000000,0,0.004551,0.017720,1.524920,1.489480
trial03_direct,2,1165,37.2800,0.381548,-0.252140,0.080787,-98.0672,-7.4026,66.240,70.319,0,0,0.000000,-0.000000,0.000000,GOAL,0.000000,-0.000000,0.000000,0,0.004551,0.017720,1.524920,1.489480
trial03_direct,2,1166,37.3120,0.381413,-0.253095,0.079830,-98.0902,-7.4686,67.420,70.441,0,0,0.000000,-0.000000,0.000000,GOAL,0.000000,-0.000000,0.000000,0,0.004551,0.017720,1.524920,1.489480
trial03_direct,2,1167,37.3440,0.381277,-0.254050,0.078874,-98.1132,-7.5365,72.418,68.947,0,0,0.000000,-0.000000,0.000000,GOAL,0.000000,-0.000000,0.000000,0,0.004551,0.017720,1.524920,1.489480
trial03_direct,2,1168,37.3760,0.381140,-0.255005,0.077917,-98.1363,-7.6064,71.573,64.572,0,0,0.000000,-0.000000,0.000000,GOAL,0.000000,-0.000000,0.000000,0,0.004551,0.017720,1.524920,1.489480
trial03_direct,2,1169,37.4080,0.381004,-0.255960,0.076961,-98.1593,-7.6783,70.786,70.987,0,0,0.000000,-0.000000,0.000000,GOAL,0.000000,-0.000000,0.000000,0,0.004551,0.017720,1.524920,1.489480
trial03_direct,2,1170,37.4400,0.380867,-0.256915,0.076006,-98.1823,-7.7522,68.453,70.431,0,0,0.000000,-0.000000,0.000000,GOAL,0.000000,-0.000000,0.000000,0,0.004551,0.017720,1.524920,1.489480
trial03_direct,2,1171,37.4720,0.380729,-0.257870,0.075050,-98.2054,-7.8284,77.438,69.331,0,0,0.000000,-0.000000,0.000000,GOAL,0.000000,-0.000000,0.000000,0,0.004551,0.017720,1.524920,1.489480
trial03_direct,2,1172,37.5040,0.380591,-0.258824,0.074094,-98.2284,-7.9068,73.081,67.985,0,0,0.000000,-0.000000,0.000000,GOAL,0.000000,-0.000000,0.000000,0,0.004551,0.017720,1.524920,1.489480
trial03_direct,2,1173,37.5360,0.380453,-0.259779,0.073139,-98.2515,-7.9876,73.616,66.186,0,0,0.000000,-0.000000,0.000000,GOAL,0.000000,-0.000000,0.000000,0,0.004551,0.017720,1.524920,1.489480
trial03_direct,2,1174,37.5680,0.380314,-0.260734,0.072184,-98.2745,-8.0708,70.529,63.927,0,0,0.000000,-0.000000,0.000000,GOAL,0.000000,-0.000000,0.000000,0,0.246313,0.959045,1.760251,1.254149
trial03_direct,2,1175,37.6000,0.380176,-0.261688,0.071229,-98.6003,-7.8539,68.687,70.559,0,0,0.000000,-0.000000,0.000000,GOAL,0.000000,-0.000000,0.000000,0,0.004551,0.017720,1.701418,1.312982
trial03_direct,2,1176,37.6320,0.380031,-0.262642,0.070273,-98.8508,-7.7104,66.469,73.672,0,0,0.000000,-0.000000,0.000000,GOAL,0.000000,-0.000000,0.000000,0,0.004551,0.017720,1.657294,1.357106
trial03_direct,2,1177,37.6640,0.379881,-0.263595,0.069317,-99.0446,-7.6228,67.957,70.735,0,0,0.000000,-0.000000,0.000000,GOAL,0.000000,-0.000000,0.000000,0,0.004551,0.017720,1.624200,1.390200
trial03_direct,2,1178,37.6960,0.379729,-0.264547,0.068361,-99.1959,-7.5779,68.026,68.860,0,0,0.000000,-0.000000,0.000000,GOAL,0.000000,-0.000000,0.000000,0,0.004551,0.017720,1.599380,1.415020
trial03_direct,2,1179,37.7280,0.379573,-0.265500,0.067405,-99.3151,-7.5658,73.542,70.383,0,0,0.000000,-0.000000,0.000000,GOAL,0.000000,-0.000000,0.000000,0,0.004551,0.017720,1.580765,1.433635
trial03_direct,2,1180,37.7600,0.379416,-0.266451,0.066449,-99.4103,-7.5792,67.750,68.017,0,0,0.000000,-0.000000,0.000000,GOAL,0.000000,-0.000000,0.000000,0,0.004551,0.017720,1.566804,1.447596
trial03_direct,2,1181,37.7920,0.379257,-0.267403,0.065492,-99.4874,-7.6125,63.427,68.407,0,0,0.000000,-0.000000,0.000000,GOAL,0.000000,-0.000000,0.000000,0,0.004551,0.017720,1.556333,1.458067
trial03_direct,2,1182,37.8240,0.379097,-0.268354,0.064536,-99.5509,-7.6616,65.383,71.813,0,0,0.000000,-0.000000,0.000000,GOAL,0.000000,-0.000000,0.000000,0,0.004551,0.017720,1.548480,1.465920
trial03_direct,2,1183,37.8560,0.378936,-0.269305,0.063580,-99.6043,-7.7233,72.606,70.837,0,0,0.000000,-0.000000,0.000000,GOAL,0.000000,-0.000000,0.000000,0,0.004551,0.017720,1.542590,1.471810
trial03_direct,2,1184,37.8880,0.378775,-0.270256,0.062625,-99.6500,-7.7955,70.599,71.916,0,0,0.000000,-0.000000,0.000000,GOAL,0.000000,-0.000000,0.000000,0,0.004551,0.017720,1.538172,1.476228
trial03_direct,2,1185,37.9200,0.378612,-0.271207,0.061669,-99.6900,-7.8764,73.411,69.359,0,0,0.000000,-0.000000,0.000000,GOAL,0.000000,-0.000000,0.000000,0,0.004551,0.017720,1.534859,1.479541
trial03_direct,2,1186,37.9520,0.378449,-0.272158,0.060713,-99.7257,-7.9649,68.898,72.676,0,0,0.000000,-0.000000,0.000000,GOAL,0.000000,-0.000000,0.000000,0,0.004551,0.017720,1.532374,1.482026
trial03_direct,2,1187,37.9840,0.378286,-0.273108,0.059758,-99.7582,-8.0601,67.631,69.495,0,0,0.000000,-0.000000,0.000000,GOAL,0.000000,-0.000000,0.000000,0,0.246313,0.959045,1.765842,1.248558
trial03_direct,2,1188,38.0160,0.378122,-0.274059,0.058803,-100.0910,-7.8585,65.552,67.615,0,0,0.000000,-0.000000,0.000000,GOAL,0.000000,-0.000000,0.000000,0,0.004551,0.017720,1.705612,1.308788
trial03_direct,2,1189,38.0480,0.377952,-0.275008,0.057848,-100.3468,-7.7324,63.922,69.924,0,0,0.000000,-0.000000,0.000000,GOAL,0.000000,-0.000000,0.000000,0,0.004551,0.017720,1.660439,1.353961
trial03_direct,2,1190,38.0800,0.377777,-0.275957,0.056892,-100.5445,-7.6642,75.330,69.187,0,0,0.000000,-0.000000,0.000000,GOAL,0.000000,-0.000000,0.000000,0,0.004551,0.017720,1.626559,1.387841
trial03_direct,2,1191,38.1120,0.377600,-0.276905,0.055936,-100.6986,-7.6405,67.739,71.181,0,0,0.000000,-0.000000,0.000000,GOAL,0.000000,-0.000000,0.000000,0,0.004551,0.017720,1.601149,1.413251
trial03_direct,2,1192,38.1440,0.377419,-0.277853,0.054980,-100.8200,-7.6515,72.020,70.860,0,0,0.000000,-0.000000,0.000000,GOAL,0.000000,-0.000000,0.000000,0,0.004551,0.017720,1.582092,1.432308
trial03_direct,2,1193,38.1760,0.377237,-0.278800,0.054024,-100.9168,-7.6897,75.135,65.701,0,0,0.000000,-0.000000,0.000000,GOAL,0.000000,-0.000000,0.000000,0,0.004551,0.017720,1.567799,1.446601
trial03_direct,2,1194,38.2080,0.377053,-0.279747,0.053068,-100.9950,-7.7497,69.020,69.825,0,0,0.000000,-0.000000,0.000000,GOAL,0.000000,-0.000000,0.000000,0,0.004551,0.017720,1.557079,1.457321
trial03_direct,2,1195,38.2400,0.376868,-0.280694,0.052112,-101.0594,-7.8272,68.805,74.549,0,0,0.000000,-0.000000,0.000000,GOAL,0.000000,-0.000000,0.000000,0,0.004551,0.017720,1.549039,1.465361
trial03_direct,2,1196,38.2720,0.376683,-0.281640,0.051156,-101.1134,-7.9194,68.703,67.353,0,0,0.000000,-0.000000,0.000000,GOAL,0.000000,-0.000000,0.000000,0,0.004551,0.017720,1.543010,1.471390
trial03_direct,2,1197,38.3040,0.376496,-0.282587,0.050201,-101.1596,-8.0240,68.688,70.975,0,0,0.000000,-0.000000,0.000000,GOAL,0.000000,-0.000000,0.000000,0,0.246313,0.959045,1.773818,1.240582
trial03_direct,2,1198,38.3360,0.376309,-0.283533,0.049246,-101.5027,-7.8369,70.908,71.326,0,0,0.000000,-0.000000,0.000000,GOAL,0.000000,-0.000000,0.000000,0,0.020802,0.080994,1.727412,1.286988
trial03_direct,2,1199,38.3680,0.376115,-0.284478,0.048290,-101.7865,-7.7080,65.934,69.447,0,0,0.000000,-0.000000,0.000000,GOAL,0.000000,-0.000000,0.000000,0,0.020802,0.080994,1.692608,1.321792
trial03_direct,2,1200,38.4000,0.375917,-0.285422,0.047334,-102.0256,-7.6240,64.176,71.355,0,0,0.000000,-0.000000,0.000000,GOAL,0.000000,-0.000000,0.000000,0,0.020802,0.080994,1.666504,1.347896
trial03_direct,2,1201,38.4320,0.375715,-0.286365,0.046378,-102.2311,-7.5748,68.867,67.966,0,0,0.000000,-0.000000,0.000000,GOAL,0.000000,-0.000000,0.000000,0,0.020802,0.080994,1.646927,1.367473
trial03_direct,2,1202,38.4640,0.375509,-0.287308,0.045422,-102.4114,-7.5531,69.844,69.291,0,0,0.000000,-0.000000,0.000000,GOAL,0.000000,-0.000000,0.000000,0,0.020802,0.080994,1.632244,1.382156
trial03_direct,2,1203,38.4960,0.375300,-0.288250,0.044466,-102.5727,-7.5533,72.089,67.044,0,0,0.000000,-0.000000,0.000000,GOAL,0.000000,-0.000000,0.000000,0,0.020802,0.080994,1.621231,1.393169
trial03_direct,2,1204,38.5280,0.375089,-0.289191,0.043509,-102.7198,-7.5713,70.790,68.543,0,0,0.000000,-0.000000,0.000000,GOAL,0.000000,-0.000000,0.000000,0,0.020802,0.080994,1.612972,1.401428
trial03_direct,2,1205,38.5600,0.374875,-0.290131,0.042553,-102.8562,-7.6041,67.804,69.768,0,0,0.000000,-0.000000,0.000000,GOAL,0.000000,-0.000000,0.000000,0,0.020802,0.080994,1.606777,1.407623
trial03_direct,2,1206,38.5920,0.374659,-0.291072,0.041597,-102.9846,-7.6497,70.304,66.310,0,0,0.000000,-0.000000,0.000000,GOAL,0.000000,-0.000000,0.000000,0,0.020802,0.080994,1.602132,1.412268
trial03_direct,2,1207,38.6240,0.374441,-0.292011,0.040641,-103.1070,-7.7066,65.541,67.080,0,0,0.000000,-0.000000,0.000000,GOAL,0.000000,-0.000000,0.000000,0,0.020802,0.080994,1.598647,1.415753
trial03_direct,2,1208,38.6560,0.374221,-0.292950,0.039685,-103.2248,-7.7737,68.950,72.588,0,0,0.000000,-0.000000,0.000000,GOAL,0.000000,-0.000000,0.000000,0,0.020802,0.080994,1.596034,1.418366
trial03_direct,2,1209,38.6880,0.373999,-0.293889,0.038729,-103.3392,-7.8506,66.671,71.226,0,0,0.000000,-0.000000,0.000000,GOAL,0.000000,-0.000000,0.000000,0,0.020802,0.080994,1.594074,1.420326
trial03_direct,2,1210,38.7200,0.373775,-0.294827,0.037774,-103.4511,-7.9368,70.189,64.215,0,0,0.000000,-0.000000,0.000000,GOAL,0.000000,-0.000000,0.000000,0,0.020802,0.080994,1.592604,1.421796
trial03_direct,2,1211,38.7520,0.373550,-0.295765,0.036819,-103.5612,-8.0324,67.933,69.090,0,0,0.000000,-0.000000,0.000000,GOAL,0.000000,-0.000000,0.000000,0,0.235573,0.917228,1.800560,1.213840
trial03_direct,2,1212,38.7840,0.373323,-0.296703,0.035864,-103.9387,-7.8683,73.183,65.367,0,0,0.000000,-0.000000,0.000000,GOAL,0.000000,-0.000000,0.000000,0,0.020802,0.080994,1.747469,1.266931
trial14_near_wall,1,1,0.0320,-0.310000,0.320000,0.640000,-40.2000,-49.8000,74.632,68.442,0,0,0.000000,0.000000,0.000000,GOAL,0.000000,0.000000,0.000000,0,0.246313,0.959045,0.443861,-0.035661
trial14_near_wall,1,2,0.0640,-0.309900,0.319916,0.639916,-40.5087,-49.5002,67.170,68.624,0,0,0.000000,0.000000,0.000000,GOAL,0.000000,0.000000,0.000000,0,0.246313,0.959045,0.776757,-0.062407
trial14_near_wall,1,3,0.0960,-0.309727,0.319767,0.639767,-41.0488,-48.9756,68.683,68.715,0,0,0.000000,0.000000,0.000000,GOAL,0.000000,0.000000,0.000000,0,0.246313,0.959045,1.026429,-0.082467
trial14_near_wall,1,4,0.1280,-0.309500,0.319568,0.639568,-41.7626,-48.2822,68.252,70.489,0,0,0.000000,0.000000,0.000000,GOAL,0.000000,0.000000,0.000000,0,0.246313,0.959045,1.213683,-0.097511
trial14_near_wall,1,5,0.1600,-0.309234,0.319329,0.639329,-42.6068,-47.4619,69.781,69.952,0,0,0.000000,0.000000,0.000000,GOAL,0.000000,0.000000,0.000000,0,0.246313,0.959045,1.354124,-0.108795
trial14_near_wall,1,6,0.1920,-0.308941,0.319057,0.639058,-43.5490,-46.5459,64.425,67.097,0,0,0.000000,0.000000,0.000000,GOAL,0.000000,0.000000,0.000000,0,0.246313,0.959045,1.459454,-0.117257
trial14_near_wall,1,7,0.2240,-0.308631,0.318760,0.638761,-44.5649,-45.5578,74.726,65.306,0,0,0.000000,0.000000,0.000000,GOAL,0.000000,0.000000,0.000000,0,0.246313,0.959045,1.538452,-0.123604
trial14_near_wall,1,8,0.2560,-0.308310,0.318440,0.638442,-45.6362,-44.5154,67.921,68.968,0,0,0.000000,0.000000,0.000000,GOAL,0.000000,0.000000,0.000000,0,0.246313,0.959045,1.597700,-0.128364
trial14_near_wall,1,9,0.2880,-0.307984,0.318101,0.638104,-46.7489,-43.4321,70.148,70.632,0,0,0.000000,0.000000,0.000000,GOAL,0.000000,0.000000,0.000000,0,0.246313,0.959045,1.642136,-0.131935
trial14_near_wall,1,10,0.3200,-0.307655,0.317745,0.637750,-47.8929,-42.3178,65.405,69.689,0,0,0.000000,0.000000,0.000000,GOAL,0.000000,0.000000,0.000000,0,0.246313,0.959045,1.675464,-0.134612
trial14_near_wall,1,11,0.3520,-0.307326,0.317376,0.637382,-49.0601,-41.1802,69.353,69.032,0,0,0.000000,0.000000,0.000000,GOAL,0.000000,0.000000,0.000000,0,0.246313,0.959045,1.700459,-0.136620
trial14_near_wall,1,12,0.3840,-0.307000,0.316995,0.637002,-50.2448,-40.0250,65.744,71.102,0,0,0.000000,0.000000,0.000000,GOAL,0.000000,0.000000,0.000000,0,0.246313,0.959045,1.719205,-0.138127
trial14_near_wall,1,13,0.4160,-0.306679,0.316602,0.636611,-51.4426,-38.8563,74.672,66.920,0,0,0.000000,0.000000,0.000000,GOAL,0.000000,0.000000,0.000000,0,0.246313,0.959045,1.733265,-0.139256
trial14_near_wall,1,14,0.4480,-0.306364,0.316199,0.636209,-52.6501,-37.6774,66.487,67.647,0,0,0.000000,0.000000,0.000000,GOAL,0.000000,0.000000,0.000000,0,0.246313,0.959045,1.743810,-0.140103
trial14_near_wall,1,15,0.4800,-0.306055,0.315787,0.635799,-53.8648,-36.4907,66.788,69.848,0,0,0.000000,0.000000,0.000000,GOAL,0.000000,0.000000,0.000000,0,0.246313,0.959045,1.751719,-0.140739
trial14_near_wall,1,16,0.5120,-0.305754,0.315367,0.635381,-55.0850,-35.2979,65.797,71.400,0,0,0.000000,0.000000,0.000000,GOAL,0.000000,0.000000,0.000000,0,0.246313,0.959045,1.757650,-0.141215
trial14_near_wall,1,17,0.5440,-0.305461,0.314939,0.634955,-56.3090,-34.1006,67.376,70.546,0,0,0.000000,0.000000,0.000000,GOAL,0.000000,0.000000,0.000000,0,0.257747,1.003562,1.945928,0.019998
trial14_near_wall,1,18,0.5760,-0.305116,0.314412,0.634431,-57.5506,-32.8904,69.557,69.879,0,0,0.000000,0.000000,0.000000,GOAL,0.000000,0.000000,0.000000,0,0.257747,1.003562,2.087137,0.140908
trial14_near_wall,1,19,0.6080,-0.304739,0.313806,0.633827,-58.8057,-31.6699,67.325,69.135,0,0,0.000000,0.000000,0.000000,GOAL,0.000000,0.000000,0.000000,0,0.257747,1.003562,2.193043,0.231590
trial14_near_wall,1,20,0.6400,-0.304342,0.313137,0.633162,-60.0707,-30.4413,70.903,69.040,0,0,0.000000,0.000000,0.000000,GOAL,0.000000,0.000000,0.000000,0,0.257747,1.003562,2.272473,0.299602
trial14_near_wall,1,21,0.6720,-0.303937,0.312419,0.632448,-61.3431,-29.2061,70.418,68.570,0,0,0.000000,0.000000,0.000000,GOAL,0.000000,0.000000,0.000000,0,0.257747,1.003562,2.332045,0.350611
trial14_near_wall,1,22,0.7040,-0.303532,0.311660,0.631693,-62.6211,-27.9656,67.965,66.339,0,0,0.000000,0.000000,0.000000,GOAL,0.000000,0.000000,0.000000,0,0.257747,1.003562,2.376724,0.388868
trial14_near_wall,1,23,0.7360,-0.303131,0.310869,0.630906,-63.9032,-26.7207,71.564,70.500,0,0,0.000000,0.000000,0.000000,GOAL,0.000000,0.000000,0.000000,0,0.257747,1.003562,2.410234,0.417560
trial14_near_wall,1,24,0.7680,-0.302739,0.310051,0.630093,-65.1883,-25.4720,70.731,69.149,0,0,0.000000,0.000000,0.000000,GOAL,0.000000,0.000000,0.000000,0,0.257747,1.003562,2.435366,0.439080
trial14_near_wall,1,25,0.8000,-0.302360,0.309211,0.629257,-66.4755,-24.2202,69.997,71.470,0,0,0.000000,0.000000,0.000000,GOAL,0.000000,0.000000,0.000000,0,0.257747,1.003562,2.454215,0.455219
trial14_near_wall,1,26,0.8320,-0.301996,0.308352,0.628403,-67.7643,-22.9656,69.583,70.047,0,0,0.000000,0.000000,0.000000,GOAL,0.000000,0.000000,0.000000,0,0.257747,1.003562,2.468352,0.467324
trial14_near_wall,1,27,0.8640,-0.301648,0.307477,0.627533,-69.0541,-21.7085,66.619,66.561,0,0,0.000000,0.000000,0.000000,GOAL,0.000000,0.000000,0.000000,0,0.257747,1.003562,2.478954,0.476402
trial14_near_wall,1,28,0.8960,-0.301318,0.306589,0.626649,-70.3448,-20.4491,71.404,67.690,0,0,0.000000,0.000000,0.000000,GOAL,0.000000,0.000000,0.000000,0,0.257747,1.003562,2.486906,0.483211
trial14_near_wall,1,29,0.9280,-0.301006,0.305689,0.625754,-71.6359,-19.1876,72.840,64.659,0,0,0.000000,0.000000,0.000000,GOAL,0.000000,0.000000,0.000000,0,0.257747,1.003562,2.492870,0.488318
trial14_near_wall,1,30,0.9600,-0.300714,0.304779,0.624848,-72.9274,-17.9241,67.870,67.967,0,0,0.000000,0.000000,0.000000,GOAL,0.000000,0.000000,0.000000,0,0.257747,1.003562,2.497343,0.492148
trial14_near_wall,1,31,0.9920,-0.300441,0.303861,0.623934,-74.2191,-16.6587,69.729,69.427,0,0,0.000000,0.000000,0.000000,GOAL,0.000000,0.000000,0.000000,0,0.257747,1.003562,2.500698,0.495020
trial14_near_wall,1,32,1.0240,-0.300189,0.302934,0.623012,-75.5107,-15.3916,69.611,67.985,0,0,0.000000,0.000000,0.000000,GOAL,0.000000,0.000000,0.000000,0,0.257747,1.003562,2.503214,0.497175
trial14_near_wall,1,33,1.0560,-0.299957,0.302001,0.622082,-76.8025,-14.1225,70.726,71.190,0,0,0.000000,0.000000,0.000000,GOAL,0.000000,0.000000,0.000000,0,0.257747,1.003562,2.505101,0.498791
trial14_near_wall,1,34,1.0880,-0.299747,0.301062,0.621146,-78.0942,-12.8516,65.984,67.668,0,0,0.000000,0.000000,0.000000,GOAL,0.000000,0.000000,0.000000,0,0.257747,1.003562,2.506516,0.500002
trial14_near_wall,1,35,1.1200,-0.299557,0.300117,0.620205,-79.3859,-11.5788,67.515,72.178,0,0,0.000000,0.000000,0.000000,GOAL,0.000000,0.000000,0.000000,0,0.246313,0.959045,2.496449,0.512041
trial14_near_wall,1,36,1.1520,-0.299389,0.299168,0.619259,-80.6633,-10.3185,67.847,66.748,0,0,0.000000,0.000000,0.000000,GOAL,0.000000,0.000000,0.000000,0,0.246313,0.959045,2.488898,0.521069
trial14_near_wall,1,37,1.1840,-0.299242,0.298215,0.618309,-81.9298,-9.0671,73.018,72.997,0,0,0.000000,0.000000,0.000000,GOAL,0.000000,0.000000,0.000000,0,0.246313,0.959045,2.483234,0.527841
trial14_near_wall,1,38,1.2160,-0.299116,0.297259,0.617355,-83.1882,-7.8220,67.100,69.795,0,0,0.000000,0.000000,0.000000,GOAL,0.000000,0.000000,0.000000,0,0.004551,0.017720,2.243656,0.768250
trial14_near_wall,1,39,1.2480,-0.299011,0.296300,0.616398,-84.1367,-6.8848,71.138,70.100,0,0,0.000000,0.000000,0.000000,GOAL,0.000000,0.000000,0.000000,0,0.004551,0.017720,2.063972,0.948558
trial14_near_wall,1,40,1.2800,-0.298922,0.295341,0.615441,-84.8526,-6.1789,67.634,68.291,0,0,0.000000,0.000000,0.000000,GOAL,0.000000,0.000000,0.000000,0,0.004551,0.017720,1.929209,1.083788
trial14_near_wall,1,41,1.3120,-0.298843,0.294381,0.614483,-85.3950,-5.6453,70.647,68.283,0,0,0.000000,0.000000,0.000000,GOAL,0.000000,0.000000,0.000000,0,0.004551,0.017720,1.828137,1.185211
trial14_near_wall,1,42,1.3440,-0.298773,0.293421,0.613524,-85.8055,-5.2430,66.972,67.050,0,0,0.000000,0.000000,0.000000,GOAL,0.000000,0.000000,0.000000,0,0.004551,0.017720,1.752333,1.261278
trial14_near_wall,1,43,1.3760,-0.298709,0.292461,0.612565,-86.1180,-4.9382,64.921,71.825,0,0,0.000000,0.000000,0.000000,GOAL,0.000000,0.000000,0.000000,0,0.004551,0.017720,1.695479,1.318329
trial14_near_wall,1,44,1.4080,-0.298649,0.291500,0.611605,-86.3571,-4.7064,71.320,66.961,0,0,0.000000,0.000000,0.000000,GOAL,0.000000,0.000000,0.000000,0,0.004551,0.017720,1.652840,1.361117
trial14_near_wall,1,45,1.4400,-0.298592,0.290538,0.610645,-86.5413,-4.5292,68.521,70.394,0,0,0.000000,0.000000,0.000000,GOAL,0.000000,0.000000,0.000000,0,0.004551,0.017720,1.620860,1.393207
trial14_near_wall,1,46,1.4720,-0.298537,0.289577,0.609685,-86.6845,-4.3928,68.246,62.557,0,0,0.000000,0.000000,0.000000,GOAL,0.000000,0.000000,0.000000,0,0.004551,0.017720,1.596875,1.417276
trial14_near_wall,1,47,1.5040,-0.298485,0.288615,0.608724,-86.7969,-4.2870,68.127,70.384,0,0,0.000000,0.000000,0.000000,GOAL,0.000000,0.000000,0.000000,0,0.004551,0.017720,1.578886,1.435327
trial14_near_wall,1,48,1.5360,-0.298433,0.287653,0.607763,-86.8865,-4.2040,67.609,68.737,0,0,0.000000,0.000000,0.000000,GOAL,0.000000,0.000000,0.000000,0,0.004551,0.017720,1.565395,1.448865
trial14_near_wall,1,49,1.5680,-0.298383,0.286691,0.606802,-86.9589,-4.1381,73.961,66.007,0,0,0.000000,0.000000,0.000000,GOAL,0.000000,0.000000,0.000000,0,0.004551,0.017720,1.555276,1.459019
trial14_near_wall,1,50,1.6000,-0.298333,0.285729,0.605841,-87.0185,-4.0849,67.032,65.119,0,0,0.000000,0.000000,0.000000,GOAL,0.000000,0.000000,0.000000,0,0.004551,0.017720,1.547687,1.466634
trial14_near_wall,1,51,1.6320,-0.298285,0.284766,0.604879,-87.0686,-4.0412,72.667,73.092,0,0,0.000000,0.000000,0.000000,GOAL,0.000000,0.000000,0.000000,0,0.004551,0.017720,1.541995,1.472346
trial14_near_wall,1,52,1.6640,-0.298236,0.283803,0.603918,-87.1117,-4.0045,70.656,67.616,0,0,0.000000,0.000000,0.000000,GOAL,0.000000,0.000000,0.000000,0,0.004551,0.017720,1.537726,1.476629
trial14_near_wall,1,53,1.6960,-0.298189,0.282840,0.602956,-87.1495,-3.9730,65.460,71.265,0,0,0.000000,0.000000,0.000000,GOAL,0.000000,0.000000,0.000000,0,0.004551,0.017720,1.534525,1.479842
trial14_near_wall,1,54,1.7280,-0.298142,0.281877,0.601994,-87.1833,-3.9454,70.206,71.899,0,0,0.000000,0.000000,0.000000,GOAL,0.000000,0.000000,0.000000,0,0.004551,0.017720,1.532124,1.482251
trial14_near_wall,1,55,1.7600,-0.298095,0.280914,0.601032,-87.2143,-3.9207,69.759,67.672,0,0,0.000000,0.000000,0.000000,GOAL,0.000000,0.000000,0.000000,0,0.004551,0.017720,1.530323,1.484059
trial14_near_wall,1,56,1.7920,-0.298049,0.279951,0.600070,-87.2432,-3.8980,65.412,67.955,0,0,0.000000,0.000000,0.000000,GOAL,0.000000,0.000000,0.000000,0,0.004551,0.017720,1.528972,1.485414
trial14_near_wall,1,57,1.8240,-0.298003,0.278988,0.599108,-87.2704,-3.8770,68.569,70.042,0,0,0.000000,0.000000,0.000000,GOAL,0.000000,0.000000,0.000000,0,0.004551,0.017720,1.527959,1.486430
trial14_near_wall,1,58,1.8560,-0.297957,0.278025,0.598146,-87.2966,-3.8571,71.297,69.097,0,0,0.000000,0.000000,0.000000,GOAL,0.000000,0.000000,0.000000,0,0.004551,0.017720,1.527199,1.487193
trial14_near_wall,1,59,1.8880,-0.297912,0.277061,0.597184,-87.3218,-3.8380,63.948,70.763,0,0,0.000000,0.000000,0.000000,GOAL,0.000000,0.000000,0.000000,0,0.004551,0.017720,1.526629,1.487765
trial14_near_wall,1,60,1.9200,-0.297867,0.276098,0.596221,-87.3464,-3.8196,69.796,69.093,0,0,0.000000,0.000000,0.000000,GOAL,0.000000,0.000000,0.000000,0,0.004551,0.017720,1.526202,1.488193
trial14_near_wall,1,61,1.9520,-0.297823,0.275134,0.595259,-87.3706,-3.8016,67.662,70.165,0,0,0.000000,0.000000,0.000000,GOAL,0.000000,0.000000,0.000000,0,0.004551,0.017720,1.525882,1.488515
trial14_near_wall,1,62,1.9840,-0.297779,0.274171,0.594296,-87.3944,-3.7839,67.029,71.614,0,0,0.000000,0.000000,0.000000,GOAL,0.000000,0.000000,0.000000,0,0.004551,0.017720,1.525641,1.488756
trial14_near_wall,1,63,2.0160,-0.297735,0.273207,0.593334,-87.4180,-3.7664,66.666,68.569,0,0,0.000000,0.000000,0.000000,GOAL,0.000000,0.000000,0.000000,0,0.004551,0.017720,1.525461,1.488937
trial14_near_wall,1,64,2.0480,-0.297692,0.272244,0.592372,-87.4415,-3.7491,66.016,68.277,0,0,0.000000,0.000000,0.000000,GOAL,0.000000,0.000000,0.000000,0,0.004551,0.017720,1.525326,1.489073
trial14_near_wall,1,65,2.0800,-0.297649,0.271280,0.591409,-87.4648,-3.7319,72.952,68.089,0,0,0.000000,0.000000,0.000000,GOAL,0.000000,0.000000,0.000000,0,0.004551,0.017720,1.525224,1.489175
trial14_near_wall,1,66,2.1120,-0.297607,0.270316,0.590446,-87.4880,-3.7147,69.764,71.585,0,0,0.000000,0.000000,0.000000,GOAL,0.000000,0.000000,0.000000,0,0.004551,0.017720,1.525148,1.489251
trial14_near_wall,1,67,2.1440,-0.297565,0.269353,0.589484,-87.5111,-3.6976,67.130,73.658,0,0,0.000000,0.000000,0.000000,GOAL,0.000000,0.000000,0.000000,0,0.004551,0.017720,1.525091,1.489308
trial14_near_wall,1,68,2.1760,-0.297523,0.268389,0.588521,-87.5342,-3.6806,70.582,74.535,0,0,0.000000,0.000000,0.000000,GOAL,0.000000,0.000000,0.000000,0,0.004551,0.017720,1.525048,1.489351
trial14_near_wall,1,69,2.2080,-0.297482,0.267425,0.587559,-87.5573,-3.6635,68.573,67.890,0,0,0.000000,0.000000,0.000000,GOAL,0.000000,0.000000,0.000000,0,0.004551,0.017720,1.525016,1.489383
trial14_near_wall,1,70,2.2400,-0.297441,0.266462,0.586596,-87.5803,-3.6465,68.875,63.038,0,0,0.000000,0.000000,0.000000,GOAL,0.000000,0.000000,0.000000,0,0.004551,0.017720,1.524992,1.489408
trial14_near_wall,1,71,2.2720,-0.297400,0.265498,0.585633,-87.6034,-3.6294,70.246,73.431,0,0,0.000000,0.000000,0.000000,GOAL,0.000000,0.000000,0.000000,0,0.004551,0.017720,1.524974,1.489426
trial14_near_wall,1,72,2.3040,-0.297360,0.264534,0.584671,-87.6264,-3.6124,66.800,71.637,0,0,0.000000,0.000000,0.000000,GOAL,0.000000,0.000000,0.000000,0,0.004551,0.017720,1.524961,1.489439
trial14_near_wall,1,73,2.3360,-0.297320,0.263570,0.583708,-87.6494,-3.5953,70.963,66.360,0,0,0.000000,0.000000,0.000000,GOAL,0.000000,0.000000,0.000000,0,0.004551,0.017720,1.524950,1.489449
trial14_near_wall,1,74,2.3680,-0.297281,0.262607,0.582745,-87.6724,-3.5782,70.675,70.280,0,0,0.000000,0.000000,0.000000,GOAL,0.000000,0.000000,0.000000,0,0.004551,0.017720,1.524943,1.489457
trial14_near_wall,1,75,2.4000,-0.297242,0.261643,0.581783,-87.6954,-3.5611,69.395,67.721,0,0,0.000000,0.000000,0.000000,GOAL,0.000000,0.000000,0.000000,0,0.004551,0.017720,1.524937,1.489463
trial14_near_wall,1,76,2.4320,-0.297203,0.260679,0.580820,-87.7185,-3.5440,68.815,70.263,0,0,0.000000,0.000000,0.000000,GOAL,0.000000,0.000000,0.000000,0,0.004551,0.017720,1.524933,1.489467
trial14_near_wall,1,77,2.4640,-0.297165,0.259715,0.579857,-87.7415,-3.5268,73.345,69.673,0,0,0.000000,0.000000,0.000000,GOAL,0.000000,0.000000,0.000000,0,0.004551,0.017720,1.524930,1.489470
trial14_near_wall,1,78,2.4960,-0.297127,0.258751,0.578894,-87.7645,-3.5097,70.201,71.512,0,0,0.000000,0.000000,0.000000,GOAL,0.000000,0.000000,0.000000,0,0.004551,0.017720,1.524927,1.489473
trial14_near_wall,1,79,2.5280,-0.297090,0.257787,0.577932,-87.7875,-3.4925,66.441,71.552,0,0,0.000000,0.000000,0.000000,GOAL,0.000000,0.000000,0.000000,0,0.004551,0.017720,1.524925,1.489475
trial14_near_wall,1,80,2.5600,-0.297053,0.256823,0.576969,-87.8105,-3.4753,69.054,69.177,0,0,0.000000,0.000000,0.000000,GOAL,0.000000,0.000000,0.000000,0,0.004551,0.017720,1.524924,1.489476
trial14_near_wall,1,81,2.5920,-0.297016,0.255859,0.576006,-87.8335,-3.4581,72.918,68.044,0,0,0.000000,0.000000,0.000000,GOAL,0.000000,0.000000,0.000000,0,0.004551,0.017720,1.524923,1.489477
trial14_near_wall,1,82,2.6240,-0.296980,0.254896,0.575043,-87.8565,-3.4409,68.317,71.479,0,0,0.000000,0.000000,0.000000,GOAL,0.000000,0.000000,0.000000,0,0.004551,0.017720,1.524922,1.489478
trial14_near_wall,1,83,2.6560,-0.296944,0.253932,0.574080,-87.8795,-3.4236,70.278,67.549,0,0,0.000000,0.000000,0.000000,GOAL,0.000000,0.000000,0.000000,0,0.004551,0.017720,1.524922,1.489478
trial14_near_wall,1,84,2.6880,-0.296908,0.252968,0.573117,-87.9025,-3.4064,68.411,66.659,0,0,0.000000,0.000000,0.000000,GOAL,0.000000,0.000000,0.000000,0,0.004551,0.017720,1.524921,1.489479
trial14_near_wall,1,85,2.7200,-0.296873,0.252004,0.572154,-87.9255,-3.3891,69.733,64.480,0,0,0.000000,0.000000,0.000000,GOAL,0.000000,0.000000,0.000000,0,0.004551,0.017720,1.524921,1.489479
trial14_near_wall,1,86,2.7520,-0.296839,0.251040,0.571191,-87.9486,-3.3718,70.494,67.983,0,0,0.000000,0.000000,0.000000,GOAL,0.000000,0.000000,0.000000,0,0.004551,0.017720,1.524921,1.489479
trial14_near_wall,1,87,2.7840,-0.296804,0.250076,0.570228,-87.9716,-3.3544,71.185,71.638,0,0,0.000000,0.000000,0.000000,GOAL,0.000000,0.000000,0.000000,0,0.004551,0.017720,1.524921,1.489479
trial14_near_wall,1,88,2.8160,-0.296770,0.249112,0.569265,-87.9946,-3.3371,72.657,69.612,0,0,0.000000,0.000000,0.000000,GOAL,0.000000,0.000000,0.000000,0,0.004551,0.017720,1.524920,1.489480
trial14_near_wall,1,89,2.8480,-0.296737,0.248148,0.568302,-88.0176,-3.3197,70.375,65.942,0,0,0.000000,0.000000,0.000000,GOAL,0.000000,0.000000,0.000000,0,0.004551,0.017720,1.524920,1.489480
trial14_near_wall,1,90,2.8800,-0.296704,0.247184,0.567339,-88.0406,-3.3023,66.404,73.014,0,0,0.000000,0.000000,0.000000,GOAL,0.000000,0.000000,0.000000,0,0.004551,0.017720,1.524920,1.489480
trial14_near_wall,1,91,2.9120,-0.296671,0.246220,0.566376,-88.0636,-3.2849,71.453,66.239,0,0,0.000000,0.000000,0.000000,GOAL,0.000000,0.000000,0.000000,0,0.004551,0.017720,1.524920,1.489480
trial14_near_wall,1,92,2.9440,-0.296638,0.245256,0.565413,-88.0866,-3.2675,66.924,66.613,0,0,0.000000,0.000000,0.000000,GOAL,0.000000,0.000000,0.000000,0,0.004551,0.017720,1.524920,1.489480
trial14_near_wall,1,93,2.9760,-0.296606,0.244291,0.564450,-88.1096,-3.2500,66.368,69.590,0,0,0.000000,0.000000,0.000000,GOAL,0.000000,0.000000,0.000000,0,0.004551,0.017720,1.524920,1.489480
trial14_near_wall,1,94,3.0080,-0.296575,0.243327,0.563487,-88.1326,-3.2326,74.878,69.533,0,0,0.000000,0.000000,0.000000,GOAL,0.000000,0.000000,0.000000,0,0.004551,0.017720,1.524920,1.489480
trial14_near_wall,1,95,3.0400,-0.296543,0.242363,0.562524,-88.1557,-3.2151,67.516,67.747,0,0,0.000000,0.000000,0.000000,GOAL,0.000000,0.000000,0.000000,0,0.004551,0.017720,1.524920,1.489480
trial14_near_wall,1,96,3.0720,-0.296513,0.241399,0.561561,-88.1787,-3.1976,67.694,68.778,0,0,0.000000,0.000000,0.000000,GOAL,0.000000,0.000000,0.000000,0,0.004551,0.017720,1.524920,1.489480
trial14_near_wall,1,97,3.1040,-0.296482,0.240435,0.560598,-88.2017,-3.1800,72.044,68.315,0,0,0.000000,0.000000,0.000000,GOAL,0.000000,0.000000,0.000000,0,0.004551,0.017720,1.524920,1.489480
trial14_near_wall,1,98,3.1360,-0.296452,0.239471,0.559635,-88.2247,-3.1625,67.143,68.745,0,0,0.000000,0.000000,0.000000,GOAL,0.000000,0.000000,0.000000,0,0.004551,0.017720,1.524920,1.489480
trial14_near_wall,1,99,3.1680,-0.296422,0.238507,0.558672,-88.2477,-3.1449,68.461,65.395,0,0,0.000000,0.000000,0.000000,GOAL,0.000000,0.000000,0.000000,0,0.004551,0.017720,1.524920,1.489480
trial14_near_wall,1,100,3.2000,-0.296393,0.237543,0.557709,-88.2707,-3.1273,70.389,66.675,0,0,0.000000,0.000000,0.000000,GOAL,0.000000,0.000000,0.000000,0,0.004551,0.017720,1.524920,1.489480
trial14_near_wall,1,101,3.2320,-0.296364,0.236578,0.556745,-88.2937,-3.1097,68.396,76.420,0,0,0.000000,0.000000,0.000000,GOAL,0.000000,0.000000,0.000000,0,0.004551,0.017720,1.524920,1.489480
trial14_near_wall,1,102,3.2640,-0.296336,0.235614,0.555782,-88.3167,-3.0921,64.851,71.815,0,0,0.000000,0.000000,0.000000,GOAL,0.000000,0.000000,0.000000,0,0.004551,0.017720,1.524920,1.489480
trial14_near_wall,1,103,3.2960,-0.296307,0.234650,0.554819,-88.3397,-3.0744,71.554,68.103,0,0,0.000000,0.000000,0.000000,GOAL,0.000000,0.000000,0.000000,0,0.004551,0.017720,1.524920,1.489480
trial14_near_wall,1,104,3.3280,-0.296280,0.233686,0.553856,-88.3627,-3.0568,66.487,65.528,0,0,0.000000,0.000000,0.000000,GOAL,0.000000,0.000000,0.000000,0,0.004551,0.017720,1.524920,1.489480
trial14_near_wall,1,105,3.3600,-0.296252,0.232722,0.552893,-88.3858,-3.0391,68.676,66.569,0,0,0.000000,0.000000,0.000000,GOAL,0.000000,0.000000,0.000000,0,0.004551,0.017720,1.524920,1.489480
trial14_near_wall,1,106,3.3920,-0.296225,0.231757,0.551929,-88.4088,-3.0213,63.544,66.285,0,0,0.000000,0.000000,0.000000,GOAL,0.000000,0.000000,0.000000,0,0.004551,0.017720,1.524920,1.489480
trial14_near_wall,1,107,3.4240,-0.296199,0.230793,0.550966,-88.4318,-3.0036,69.408,67.728,0,0,0.000000,0.000000,0.000000,GOAL,0.000000,0.000000,0.000000,0,0.004551,0.017720,1.524920,1.489480
trial14_near_wall,1,108,3.4560,-0.296172,0.229829,0.550003,-88.4548,-2.9858,66.811,67.900,0,0,0.000000,0.000000,0.000000,GOAL,0.000000,0.000000,0.000000,0,0.004551,0.017720,1.524920,1.489480
trial14_near_wall,1,109,3.4880,-0.296147,0.228865,0.549039,-88.4778,-2.9680,72.814,67.960,0,0,0.000000,0.000000,0.000000,GOAL,0.000000,0.000000,0.000000,0,0.004551,0.017720,1.524920,1.489480
trial14_near_wall,1,110,3.5200,-0.296121,0.227900,0.548076,-88.5008,-2.9502,72.257,70.114,0,0,0.000000,0.000000,0.000000,GOAL,0.000000,0.000000,0.000000,0,0.004551,0.017720,1.524920,1.489480
trial14_near_wall,1,111,3.5520,-0.296096,0.226936,0.547113,-88.5238,-2.9324,68.118,67.022,0,0,0.000000,0.000000,0.000000,GOAL,0.000000,0.000000,0.000000,0,0.004551,0.017720,1.524920,1.489480
trial14_near_wall,1,112,3.5840,-0.296071,0.225972,0.546149,-88.5468,-2.9146,70.551,68.950,0,0,0.000000,0.000000,0.000000,GOAL,0.000000,0.000000,0.000000,0,0.004551,0.017720,1.524920,1.489480
trial14_near_wall,1,113,3.6160,-0.296047,0.225007,0.545186,-88.5698,-2.8967,71.669,65.850,0,0,0.000000,0.000000,0.000000,GOAL,0.000000,0.000000,0.000000,0,0.004551,0.017720,1.524920,1.489480
trial14_near_wall,1,114,3.6480,-0.296023,0.224043,0.544223,-88.5928,-2.8788,66.629,68.120,0,0,0.000000,0.000000,0.000000,GOAL,0.000000,0.000000,0.000000,0,0.004551,0.017720,1.524920,1.489480
trial14_near_wall,1,115,3.6800,-0.296000,0.223079,0.543259,-88.6159,-2.8609,72.299,67.283,0,0,0.000000,0.000000,0.000000,GOAL,0.000000,0.000000,0.000000,0,0.004551,0.017720,1.524920,1.489480
trial14_near_wall,1,116,3.7120,-0.295977,0.222114,0.542296,-88.6389,-2.8429,67.015,75.105,0,0,0.000000,0.000000,0.000000,GOAL,0.000000,0.000000,0.000000,0,0.004551,0.017720,1.524920,1.489480
trial14_near_wall,1,117,3.7440,-0.295954,0.221150,0.541332,-88.6619,-2.8250,67.740,70.485,0,0,0.000000,0.000000,0.000000,GOAL,0.000000,0.000000,0.000000,0,0.004551,0.017720,1.524920,1.489480
trial14_near_wall,1,118,3.7760,-0.295932,0.220186,0.540369,-88.6849,-2.8070,67.537,69.246,0,0,0.000000,0.000000,0.000000,GOAL,0.000000,0.000000,0.000000,0,0.004551,0.017720,1.524920,1.489480
trial14_near_wall,1,119,3.8080,-0.295910,0.219221,0.539405,-88.7079,-2.7890,68.777,70.905,0,0,0.000000,0.000000,0.000000,GOAL,0.000000,0.000000,0.000000,0,0.004551,0.017720,1.524920,1.489480
trial14_near_wall,1,120,3.8400,-0.295888,0.218257,0.538442,-88.7309,-2.7709,63.115,71.503,0,0,0.000000,0.000000,0.000000,GOAL,0.000000,0.000000,0.000000,0,0.004551,0.017720,1.524920,1.489480
trial14_near_wall,1,121,3.8720,-0.295867,0.217293,0.537479,-88.7539,-2.7529,70.188,71.677,0,0,0.000000,0.000000,0.000000,GOAL,0.000000,0.000000,0.000000,0,0.004551,0.017720,1.524920,1.489480
trial14_near_wall,1,122,3.9040,-0.295846,0.216328,0.536515,-88.7769,-2.7348,66.748,69.117,0,0,0.000000,0.000000,0.000000,GOAL,0.000000,0.000000,0.000000,0,0.004551,0.017720,1.524920,1.489480
trial14_near_wall,1,123,3.9360,-0.295826,0.215364,0.535552,-88.7999,-2.7167,72.505,70.621,0,0,0.000000,0.000000,0.000000,GOAL,0.000000,0.000000,0.000000,0,0.004551,0.017720,1.524920,1.489480
trial14_near_wall,1,124,3.9680,-0.295806,0.214400,0.534588,-88.8229,-2.6986,66.935,71.008,0,0,0.000000,0.000000,0.000000,GOAL,0.000000,0.000000,0.000000,0,0.004551,0.017720,1.524920,1.489480
trial14_near_wall,1,125,4.0000,-0.295786,0.213435,0.533624,-88.8459,-2.6804,71.803,69.482,0,0,0.000000,0.000000,0.000000,GOAL,0.000000,0.000000,0.000000,0,0.004551,0.017720,1.524920,1.489480
trial14_near_wall,1,126,4.0320,-0.295767,0.212471,0.532661,-88.8690,-2.6622,71.112,69.107,0,0,0.000000,0.000000,0.000000,GOAL,0.000000,0.000000,0.000000,0,0.004551,0.017720,1.524920,1.489480
trial14_near_wall,1,127,4.0640,-0.295748,0.211506,0.531697,-88.8920,-2.6440,70.992,65.176,0,0,0.000000,0.000000,0.000000,GOAL,0.000000,0.000000,0.000000,0,0.004551,0.017720,1.524920,1.489480
trial14_near_wall,1,128,4.0960,-0.295729,0.210542,0.530734,-88.9150,-2.6258,66.258,70.482,0,0,0.000000,0.000000,0.000000,GOAL,0.000000,0.000000,0.000000,0,0.004551,0.017720,1.524920,1.489480
trial14_near_wall,1,129,4.1280,-0.295711,0.209577,0.529770,-88.9380,-2.6076,66.319,68.738,0,0,0.000000,0.000000,0.000000,GOAL,0.000000,0.000000,0.000000,0,0.004551,0.017720,1.524920,1.489480
trial14_near_wall,1,130,4.1600,-0.295694,0.208613,0.528806,-88.9610,-2.5893,68.085,68.442,0,0,0.000000,0.000000,0.000000,GOAL,0.000000,0.000000,0.000000,0,0.004551,0.017720,1.524920,1.489480
trial14_near_wall,1,131,4.1920,-0.295676,0.207648,0.527843,-88.9840,-2.5710,69.742,68.469,0,0,0.000000,0.000000,0.000000,GOAL,0.000000,0.000000,0.000000,0,0.004551,0.017720,1.524920,1.489480
trial14_near_wall,1,132,4.2240,-0.295659,0.206684,0.526879,-89.0070,-2.5527,68.294,72.104,0,0,0.000000,0.000000,0.000000,GOAL,0.000000,0.000000,0.000000,0,0.004551,0.017720,1.524920,1.489480
trial14_near_wall,1,133,4.2560,-0.295643,0.205720,0.525916,-89.0300,-2.5343,69.261,69.495,0,0,0.000000,0.000000,0.000000,GOAL,0.000000,0.000000,0.000000,0,0.004551,0.017720,1.524920,1.489480
trial14_near_wall,1,134,4.2880,-0.295627,0.204755,0.524952,-89.0530,-2.5159,69.960,64.230,0,0,0.000000,0.000000,0.000000,GOAL,0.000000,0.000000,0.000000,0,0.004551,0.017720,1.524920,1.489480
trial14_near_wall,1,135,4.3200,-0.295611,0.203791,0.523988,-89.0760,-2.4975,68.377,71.696,0,0,0.000000,0.000000,0.000000,GOAL,0.000000,0.000000,0.000000,0,0.004551,0.017720,1.524920,1.489480
trial14_near_wall,1,136,4.3520,-0.295596,0.202826,0.523025,-89.0990,-2.4791,73.228,66.737,0,0,0.000000,0.000000,0.000000,GOAL,0.000000,0.000000,0.000000,0,0.004551,0.017720,1.524920,1.489480
trial14_near_wall,1,137,4.3840,-0.295581,0.201862,0.522061,-89.1220,-2.4607,69.906,70.271,0,0,0.000000,0.000000,0.000000,GOAL,0.000000,0.000000,0.000000,0,0.004551,0.017720,1.524920,1.489480
trial14_near_wall,1,138,4.4160,-0.295566,0.200897,0.521097,-89.1451,-2.4422,66.668,71.074,0,0,0.000000,0.000000,0.000000,GOAL,0.000000,0.000000,0.000000,0,0.004551,0.017720,1.524920,1.489480
trial14_near_wall,1,139,4.4480,-0.295552,0.199933,0.520133,-89.1681,-2.4237,65.545,66.851,0,0,0.000000,0.000000,0.000000,GOAL,0.000000,0.000000,0.000000,0,0.004551,0.017720,1.524920,1.489480
trial14_near_wall,1,140,4.4800,-0.295538,0.198968,0.519170,-89.1911,-2.4052,68.576,66.115,0,0,0.000000,0.000000,0.000000,GOAL,0.000000,0.000000,0.000000,0,0.004551,0.017720,1.524920,1.489480
trial14_near_wall,1,141,4.5120,-0.295525,0.198004,0.518206,-89.2141,-2.3866,68.089,69.531,0,0,0.000000,0.000000,0.000000,GOAL,0.000000,0.000000,0.000000,0,0.004551,0.017720,1.524920,1.489480
trial14_near_wall,1,142,4.5440,-0.295512,0.197039,0.517242,-89.2371,-2.3680,69.437,66.992,0,0,0.000000,0.000000,0.000000,GOAL,0.000000,0.000000,0.000000,0,0.004551,0.017720,1.524920,1.489480
trial14_near_wall,1,143,4.5760,-0.295499,0.196075,0.516278,-89.2601,-2.3494,66.310,70.825,0,0,0.000000,0.000000,0.000000,GOAL,0.000000,0.000000,0.000000,0,0.004551,0.017720,1.524920,1.489480
trial14_near_wall,1,144,4.6080,-0.295487,0.195110,0.515314,-89.2831,-2.3308,64.900,69.196,0,0,0.000000,0.000000,0.000000,GOAL,0.000000,0.000000,0.000000,0,0.004551,0.017720,1.524920,1.489480
trial14_near_wall,1,145,4.6400,-0.295475,0.194145,0.514351,-89.3061,-2.3121,69.859,68.396,0,0,0.000000,0.000000,0.000000,GOAL,0.000000,0.000000,0.000000,0,0.004551,0.017720,1.524920,1.489480
trial14_near_wall,1,146,4.6720,-0.295463,0.193181,0.513387,-89.3291,-2.2935,66.864,68.360,0,0,0.000000,0.000000,0.000000,GOAL,0.000000,0.000000,0.000000,0,0.004551,0.017720,1.524920,1.489480
trial14_near_wall,1,147,4.7040,-0.295452,0.192216,0.512423,-89.3521,-2.2747,71.978,68.321,0,0,0.000000,0.000000,0.000000,GOAL,0.000000,0.000000,0.000000,0,0.004551,0.017720,1.524920,1.489480
trial14_near_wall,1,148,4.7360,-0.295441,0.191252,0.511459,-89.3751,-2.2560,69.213,68.690,0,0,0.000000,0.000000,0.000000,GOAL,0.000000,0.000000,0.000000,0,0.004551,0.017720,1.524920,1.489480
trial14_near_wall,1,149,4.7680,-0.295431,0.190287,0.510495,-89.3981,-2.2372,69.000,66.899,0,0,0.000000,0.000000,0.000000,GOAL,0.000000,0.000000,0.000000,0,0.004551,0.017720,1.524920,1.489480
trial14_near_wall,1,150,4.8000,-0.295421,0.189323,0.509531,-89.4211,-2.2184,74.016,69.193,0,0,0.000000,0.000000,0.000000,GOAL,0.000000,0.000000,0.000000,0,0.004551,0.017720,1.524920,1.489480
trial14_near_wall,1,151,4.8320,-0.295412,0.188358,0.508567,-89.4442,-2.1996,74.885,71.110,0,0,0.000000,0.000000,0.000000,GOAL,0.000000,0.000000,0.000000,0,0.004551,0.017720,1.524920,1.489480
trial14_near_wall,1,152,4.8640,-0.295402,0.187394,0.507604,-89.4672,-2.1808,63.699,70.150,0,0,0.000000,0.000000,0.000000,GOAL,0.000000,0.000000,0.000000,0,0.004551,0.017720,1.524920,1.489480
trial14_near_wall,1,153,4.8960,-0.295394,0.186429,0.506640,-89.4902,-2.1619,68.713,71.135,0,0,0.000000,0.000000,0.000000,GOAL,0.000000,0.000000,0.000000,0,0.004551,0.017720,1.524920,1.489480
trial14_near_wall,1,154,4.9280,-0.295385,0.185464,0.505676,-89.5132,-2.1430,67.277,69.486,0,0,0.000000,0.000000,0.000000,GOAL,0.000000,0.000000,0.000000,0,0.004551,0.017720,1.524920,1.489480
trial14_near_wall,1,155,4.9600,-0.295377,0.184500,0.504712,-89.5362,-2.1241,65.784,69.024,0,0,0.000000,0.000000,0.000000,GOAL,0.000000,0.000000,0.000000,0,0.004551,0.017720,1.524920,1.489480
trial14_near_wall,1,156,4.9920,-0.295370,0.183535,0.503748,-89.5592,-2.1051,66.779,68.751,0,0,0.000000,0.000000,0.000000,GOAL,0.000000,0.000000,0.000000,0,0.004551,0.017720,1.524920,1.489480
trial14_near_wall,1,157,5.0240,-0.295362,0.182571,0.502784,-89.5822,-2.0861,69.130,64.930,0,0,0.000000,0.000000,0.000000,GOAL,0.000000,0.000000,0.000000,0,0.004551,0.017720,1.524920,1.489480
trial14_near_wall,1,158,5.0560,-0.295355,0.181606,0.501820,-89.6052,-2.0671,68.953,70.513,0,0,0.000000,0.000000,0.000000,GOAL,0.000000,0.000000,0.000000,0,0.004551,0.017720,1.524920,1.489480
trial14_near_wall,1,159,5.0880,-0.295349,0.180642,0.500856,-89.6282,-2.0480,72.903,68.864,0,0,0.000000,0.000000,0.000000,GOAL,0.000000,0.000000,0.000000,0,0.004551,0.017720,1.524920,1.489480
trial14_near_wall,1,160,5.1200,-0.295343,0.179677,0.499892,-89.6512,-2.0290,70.368,76.601,0,0,0.000000,0.000000,0.000000,GOAL,0.000000,0.000000,0.000000,0,0.004551,0.017720,1.524920,1.489480
trial14_near_wall,1,161,5.1520,-0.295337,0.178712,0.498928,-89.6742,-2.0099,66.624,70.776,0,0,0.000000,0.000000,0.000000,GOAL,0.000000,0.000000,0.000000,0,0.004551,0.017720,1.524920,1.489480
trial14_near_wall,1,162,5.1840,-0.295332,0.177748,0.497964,-89.6972,-1.9907,72.019,72.022,0,0,0.000000,0.000000,0.000000,GOAL,0.000000,0.000000,0.000000,0,0.004551,0.017720,1.524920,1.489480
trial14_near_wall,1,163,5.2160,-0.295327,0.176783,0.497000,-89.7202,-1.9716,69.885,67.596,0,0,0.000000,0.000000,0.000000,GOAL,0.000000,0.000000,0.000000,0,0.004551,0.017720,1.524920,1.489480
trial14_near_wall,1,164,5.2480,-0.295322,0.175819,0.496036,-89.7433,-1.9524,71.044,70.576,0,0,0.000000,0.000000,0.000000,GOAL,0.000000,0.000000,0.000000,0,0.004551,0.017720,1.524920,1.489480
trial14_near_wall,1,165,5.2800,-0.295318,0.174854,0.495072,-89.7663,-1.9331,68.583,70.243,0,0,0.000000,0.000000,0.000000,GOAL,0.000000,0.000000,0.000000,0,0.004551,0.017720,1.524920,1.489480
trial14_near_wall,1,166,5.3120,-0.295315,0.173889,0.494108,-89.7893,-1.9139,68.091,72.873,0,0,0.000000,0.000000,0.000000,GOAL,0.000000,0.000000,0.000000,0,0.004551,0.017720,1.524920,1.489480
trial14_near_wall,1,167,5.3440,-0.295311,0.172925,0.493144,-89.8123,-1.8946,70.300,64.602,0,0,0.000000,0.000000,0.000000,GOAL,0.000000,0.000000,0.000000,0,0.004551,0.017720,1.524920,1.489480
trial14_near_wall,1,168,5.3760,-0.295308,0.171960,0.492180,-89.8353,-1.8753,69.414,66.226,0,0,0.000000,0.000000,0.000000,GOAL,0.000000,0.000000,0.000000,0,0.004551,0.017720,1.524920,1.489480
trial14_near_wall,1,169,5.4080,-0.295306,0.170996,0.491215,-89.8583,-1.8559,71.575,70.485,0,0,0.000000,0.000000,0.000000,GOAL,0.000000,0.000000,0.000000,0,0.004551,0.017720,1.524920,1.489480
trial14_near_wall,1,170,5.4400,-0.295303,0.170031,0.490251,-89.8813,-1.8365,71.328,69.488,0,0,0.000000,0.000000,0.000000,GOAL,0.000000,0.000000,0.000000,0,0.004551,0.017720,1.524920,1.489480
trial14_near_wall,1,171,5.4720,-0.295302,0.169066,0.489287,-89.9043,-1.8171,67.233,67.656,0,0,0.000000,0.000000,0.000000,GOAL,0.000000,0.000000,0.000000,0,0.004551,0.017720,1.524920,1.489480
trial14_near_wall,1,172,5.5040,-0.295300,0.168102,0.488323,-89.9273,-1.7977,64.400,65.384,0,0,0.000000,0.000000,0.000000,GOAL,0.000000,0.000000,0.000000,0,0.004551,0.017720,1.524920,1.489480
trial14_near_wall,1,173,5.5360,-0.295299,0.167137,0.487359,-89.9503,-1.7782,72.391,70.523,0,0,0.000000,0.000000,0.000000,GOAL,0.000000,0.000000,0.000000,0,0.004551,0.017720,1.524920,1.489480
trial14_near_wall,1,174,5.5680,-0.295299,0.166173,0.486395,-89.9733,-1.7587,68.620,69.786,0,0,0.000000,0.000000,0.000000,GOAL,0.000000,0.000000,0.000000,0,0.004551,0.017720,1.524920,1.489480
trial14_near_wall,1,175,5.6000,-0.295298,0.165208,0.485431,-89.9963,-1.7392,68.079,68.764,0,0,0.000000,0.000000,0.000000,GOAL,0.000000,0.000000,0.000000,0,0.004551,0.017720,1.524920,1.489480
trial14_near_wall,1,176,5.6320,-0.295298,0.164243,0.484466,-90.0193,-1.7196,67.659,72.869,0,0,0.000000,0.000000,0.000000,GOAL,0.000000,0.000000,0.000000,0,0.004551,0.017720,1.524920,1.489480
trial14_near_wall,1,177,5.6640,-0.295299,0.163279,0.483502,-90.0424,-1.7000,67.832,64.958,0,0,0.000000,0.000000,0.000000,GOAL,0.000000,0.000000,0.000000,0,0.004551,0.017720,1.524920,1.489480
trial14_near_wall,1,178,5.6960,-0.295300,0.162314,0.482538,-90.0654,-1.6804,71.734,67.157,0,0,0.000000,0.000000,0.000000,GOAL,0.000000,0.000000,0.000000,0,0.004551,0.017720,1.524920,1.489480
trial14_near_wall,1,179,5.7280,-0.295301,0.161350,0.481574,-90.0884,-1.6607,67.706,67.246,0,0,0.000000,0.000000,0.000000,GOAL,0.000000,0.000000,0.000000,0,0.004551,0.017720,1.524920,1.489480
trial14_near_wall,1,180,5.7600,-0.295303,0.160385,0.480610,-90.1114,-1.6410,69.420,73.379,0,0,0.000000,0.000000,0.000000,GOAL,0.000000,0.000000,0.000000,0,0.004551,0.017720,1.524920,1.489480
trial14_near_wall,1,181,5.7920,-0.295305,0.159420,0.479645,-90.1344,-1.6213,70.286,72.494,0,0,0.000000,0.000000,0.000000,GOAL,0.000000,0.000000,0.000000,0,0.004551,0.017720,1.524920,1.489480
trial14_near_wall,1,182,5.8240,-0.295307,0.158456,0.478681,-90.1574,-1.6015,71.149,66.777,0,0,0.000000,0.000000,0.000000,GOAL,0.000000,0.000000,0.000000,0,0.004551,0.017720,1.524920,1.489480
trial14_near_wall,1,183,5.8560,-0.295310,0.157491,0.477717,-90.1804,-1.5817,66.167,66.596,0,0,0.000000,0.000000,0.000000,GOAL,0.000000,0.000000,0.000000,0,0.004551,0.017720,1.524920,1.489480
trial14_near_wall,1,184,5.8880,-0.295313,0.156526,0.476753,-90.2034,-1.5619,71.078,65.042,0,0,0.000000,0.000000,0.000000,GOAL,0.000000,0.000000,0.000000,0,0.004551,0.017720,1.524920,1.489480
trial14_near_wall,1,185,5.9200,-0.295317,0.155562,0.475789,-90.2264,-1.5421,72.750,69.690,0,0,0.000000,0.000000,0.000000,GOAL,0.000000,0.000000,0.000000,0,0.004551,0.017720,1.524920,1.489480
trial14_near_wall,1,186,5.9520,-0.295321,0.154597,0.474824,-90.2494,-1.5222,65.519,71.919,0,0,0.000000,0.000000,0.000000,GOAL,0.000000,0.000000,0.000000,0,0.004551,0.017720,1.524920,1.489480
trial14_near_wall,1,187,5.9840,-0.295325,0.153633,0.473860,-90.2724,-1.5022,71.462,75.647,0,0,0.000000,0.000000,0.000000,GOAL,0.000000,0.000000,0.000000,0,0.004551,0.017720,1.524920,1.489480
trial14_near_wall,1,188,6.0160,-0.295330,0.152668,0.472896,-90.2954,-1.4823,66.478,87.853,0,0,0.000000,0.000000,0.000000,GOAL,-0.013777,-0.003444,0.000000,0,0.004551,0.017720,1.524920,1.489480
trial14_near_wall,1,189,6.0480,-0.295335,0.151704,0.471931,-90.3184,-1.4623,71.526,82.602,0,0,0.000000,0.000000,0.000000,GOAL,-0.004565,-0.003724,0.000000,0,0.004551,0.017720,1.524920,1.489480
trial14_near_wall,1,190,6.0800,-0.295341,0.150739,0.470967,-90.3414,-1.4422,64.935,87.461,0,0,0.000000,0.000000,0.000000,GOAL,-0.013089,-0.006066,0.000000,0,0.004551,0.017720,1.524920,1.489480
trial14_near_wall,1,191,6.1120,-0.295347,0.149774,0.470003,-90.3645,-1.4222,64.556,95.873,0,0,0.000000,0.000000,0.000000,GOAL,-0.027848,-0.011511,0.000000,0,0.004551,0.017720,1.524920,1.489480
trial14_near_wall,1,192,6.1440,-0.295353,0.148810,0.469038,-90.3875,-1.4020,65.628,97.275,0,0,0.000000,0.000000,0.000000,GOAL,-0.030307,-0.016210,0.000000,0,0.004551,0.017720,1.524920,1.489480
trial14_near_wall,1,193,6.1760,-0.295360,0.147845,0.468074,-90.4105,-1.3819,68.767,96.858,0,0,0.000000,0.000000,0.000000,GOAL,-0.029575,-0.019552,0.000000,0,0.004551,0.017720,1.524920,1.489480
trial14_near_wall,1,194,6.2080,-0.295367,0.146881,0.467110,-90.4335,-1.3617,68.820,103.200,0,0,0.000000,0.000000,0.000000,GOAL,-0.040701,-0.024839,0.000000,0,0.004551,0.017720,1.524920,1.489480
trial14_near_wall,1,195,6.2400,-0.295374,0.145916,0.466145,-90.4565,-1.3415,65.603,106.721,0,0,0.000000,0.000000,0.000000,GOAL,-0.046878,-0.030349,0.000000,0,0.004551,0.017720,1.524920,1.489480
trial14_near_wall,1,196,6.2720,-0.295382,0.144951,0.465181,-90.4795,-1.3213,68.181,112.449,0,0,0.000000,0.000000,0.000000,GOAL,-0.056928,-0.036993,0.000000,0,0.004551,0.017720,1.524920,1.489480
trial14_near_wall,1,197,6.3040,-0.295390,0.143987,0.464217,-90.5025,-1.3010,69.673,108.490,0,0,0.000000,0.000000,0.000000,GOAL,-0.049983,-0.040241,0.000000,0,0.004551,0.017720,1.524920,1.489480
trial14_near_wall,1,198,6.3360,-0.295399,0.143022,0.463252,-90.5255,-1.2807,63.243,111.086,0,0,0.000000,0.000000,0.000000,GOAL,-0.054536,-0.043815,0.000000,0,0.004551,0.017720,1.524920,1.489480
trial14_near_wall,1,199,6.3680,-0.295408,0.142058,0.462288,-90.5485,-1.2603,104.373,115.657,0,0,0.000000,0.000000,0.000000,GOAL,-0.019796,-0.037810,0.000000,0,0.004551,0.017720,1.524920,1.489480
trial14_near_wall,1,200,6.4000,-0.295418,0.141093,0.461324,-90.5715,-1.2399,114.611,113.166,0,0,0.000000,0.000000,0.000000,GOAL,0.002536,-0.027724,0.000000,0,0.004551,0.017720,1.524920,1.489480
trial14_near_wall,1,201,6.4320,-0.295427,0.140129,0.460359,-90.5945,-1.2195,105.034,120.535,0,0,0.000000,0.000000,0.000000,GOAL,-0.027195,-0.027591,0.000000,0,0.004551,0.017720,1.524920,1.489480
trial14_near_wall,1,202,6.4640,-0.295438,0.139164,0.459395,-90.6175,-1.1990,107.839,120.141,0,0,0.000000,0.000000,0.000000,GOAL,-0.021583,-0.026089,0.000000,0,0.004551,0.017720,1.524920,1.489480
trial14_near_wall,1,203,6.4960,-0.295448,0.138199,0.458430,-90.6405,-1.1785,122.640,127.769,0,0,0.000000,0.000000,0.000000,GOAL,-0.008998,-0.021816,0.000000,0,0.004551,0.017720,1.524920,1.489480
trial14_near_wall,1,204,6.5280,-0.295459,0.137235,0.457466,-90.6636,-1.1579,125.719,123.438,0,0,0.000000,0.000000,0.000000,GOAL,0.004003,-0.015362,0.000000,0,0.004551,0.017720,1.524920,1.489480
trial14_near_wall,1,205,6.5600,-0.295470,0.136270,0.456502,-90.6866,-1.1374,130.007,129.061,0,0,0.000000,0.000000,0.000000,GOAL,0.001660,-0.011106,0.000000,0,0.004551,0.017720,1.524920,1.489480
trial14_near_wall,1,206,6.5920,-0.295482,0.135306,0.455537,-90.7096,-1.1167,137.196,129.213,0,0,0.000000,0.000000,0.000000,GOAL,0.014005,-0.004828,0.000000,0,0.004551,0.017720,1.524920,1.489480
trial14_near_wall,1,207,6.6240,-0.295494,0.134341,0.454573,-90.7326,-1.0961,135.787,128.232,0,0,0.000000,0.000000,0.000000,GOAL,0.013254,-0.000308,0.000000,0,0.004551,0.017720,1.524920,1.489480
trial14_near_wall,1,208,6.6560,-0.295507,0.133377,0.453608,-90.7556,-1.0754,132.775,137.688,0,0,0.000000,0.000000,0.000000,GOAL,-0.008619,-0.002386,0.000000,0,0.004551,0.017720,1.524920,1.489480
trial14_near_wall,1,209,6.6880,-0.295520,0.132412,0.452644,-90.7786,-1.0546,146.635,135.873,0,0,0.000000,0.000000,0.000000,GOAL,0.018881,0.002931,0.000000,0,0.004551,0.017720,1.524920,1.489480
trial14_near_wall,1,210,6.7200,-0.295533,0.131448,0.451679,-90.8016,-1.0339,154.507,139.967,0,0,0.000000,0.000000,0.000000,GOAL,0.025509,0.008575,0.000000,0,0.004551,0.017720,1.524920,1.489480
trial14_near_wall,1,211,6.7520,-0.295547,0.130483,0.450715,-90.8246,-1.0130,151.779,150.846,0,0,0.000000,0.000000,0.000000,GOAL,0.001636,0.006840,0.000000,0,0.004551,0.017720,1.524920,1.489480
trial14_near_wall,1,212,6.7840,-0.295561,0.129519,0.449751,-90.8476,-0.9922,156.447,148.051,0,0,0.000000,0.000000,0.000000,GOAL,0.014729,0.008813,0.000000,0,0.004551,0.017720,1.524920,1.489480
trial14_near_wall,1,213,6.8160,-0.295575,0.128554,0.448786,-90.8706,-0.9713,163.216,149.695,0,0,0.000000,0.000000,0.000000,GOAL,0.023721,0.012540,0.000000,0,0.004551,0.017720,1.524920,1.489480
trial14_near_wall,1,214,6.8480,-0.295590,0.127590,0.447822,-90.8936,-0.9504,160.546,157.355,0,0,0.000000,0.000000,0.000000,GOAL,0.005599,0.010804,0.000000,0,0.004551,0.017720,1.524920,1.489480
trial14_near_wall,1,215,6.8800,-0.295605,0.126625,0.446857,-90.9166,-0.9294,171.429,172.472,0,0,0.000000,0.000000,0.000000,GOAL,-0.001830,0.007646,0.000000,0,0.004551,0.017720,1.524920,1.489480
trial14_near_wall,1,216,6.9120,-0.295621,0.125661,0.445893,-90.9396,-0.9083,177.339,171.536,0,0,0.000000,0.000000,0.000000,GOAL,0.010182,0.008280,0.000000,0,0.004551,0.017720,1.524920,1.489480
trial14_near_wall,1,217,6.9440,-0.295637,0.124696,0.444928,-90.9627,-0.8873,193.181,179.168,0,0,0.000000,0.000000,0.000000,GOAL,0.024584,0.012356,0.000000,0,0.004551,0.017720,1.518118,1.482678
trial14_near_wall,1,218,6.9760,-0.295653,0.123736,0.443968,-90.9857,-0.8662,194.328,189.351,0,0,0.000000,0.000000,0.000000,GOAL,0.008731,0.011450,0.000000,0,0.004551,0.017720,1.509303,1.473863
trial14_near_wall,1,219,7.0080,-0.295670,0.122782,0.443014,-91.0087,-0.8450,205.508,196.131,0,0,0.000000,0.000000,0.000000,GOAL,0.016450,0.012700,0.000000,0,0.004551,0.017720,1.496805,1.461365
trial14_near_wall,1,220,7.0400,-0.295687,0.121835,0.442067,-91.0317,-0.8238,220.491,199.944,0,0,0.000000,0.000000,0.000000,GOAL,0.036047,0.018537,0.000000,0,0.004551,0.017720,1.481270,1.445830
trial14_near_wall,1,221,7.0720,-0.295704,0.120899,0.441130,-91.0547,-0.8025,222.667,204.575,0,0,0.000000,0.000000,0.000000,GOAL,0.031739,0.021837,0.000000,0,0.004551,0.017720,1.467388,1.431948
trial14_near_wall,1,222,7.1040,-0.295721,0.119971,0.440203,-91.0777,-0.7812,219.792,219.080,0,0,0.000000,0.000000,0.000000,GOAL,0.001249,0.016690,0.000000,0,0.004551,0.017720,1.453165,1.417725
trial14_near_wall,1,223,7.1360,-0.295738,0.119053,0.439284,-91.1007,-0.7598,230.218,226.699,0,0,0.000000,0.000000,0.000000,GOAL,0.006174,0.014061,0.000000,0,0.004551,0.017720,1.436582,1.401142
trial14_near_wall,1,224,7.1680,-0.295756,0.118145,0.438376,-91.1237,-0.7383,246.657,229.036,0,0,0.000000,0.000000,0.000000,GOAL,0.030913,0.018274,0.000000,0,0.004551,0.017720,1.417991,1.382551
trial14_near_wall,1,225,7.2000,-0.295774,0.117249,0.437480,-91.1467,-0.7168,261.927,258.679,1,1,0.003498,0.000874,0.174312,BLEND,0.005698,0.015130,0.174312,0,0.004551,0.015158,1.388687,1.354528
trial14_near_wall,1,226,7.2320,-0.295791,0.116371,0.436602,-91.1689,-0.6961,268.025,252.920,0,1,0.794447,0.199268,0.187288,BLEND,0.026500,0.017973,0.187288,0,0.004551,0.143306,1.398634,1.301361
trial14_near_wall,1,227,7.2640,-0.295809,0.115507,0.435738,-91.2316,-0.6347,281.016,273.081,1,1,-0.005728,0.148019,0.214928,BLEND,0.013922,0.016960,0.214928,0,0.004551,0.123795,1.390350,1.255499
trial14_near_wall,1,228,7.2960,-0.295828,0.114661,0.434892,-91.3186,-0.5489,293.904,286.538,1,1,-0.004749,0.109827,0.242349,BLEND,0.012923,0.015951,0.242349,0,0.004551,0.105359,1.370893,1.217075
trial14_near_wall,1,229,7.3280,-0.295847,0.113833,0.434064,-91.4179,-0.4507,307.284,303.526,1,1,-0.003383,0.081524,0.270817,BLEND,0.006592,0.013611,0.270817,0,0.004551,0.089179,1.342302,1.182349
trial14_near_wall,1,230,7.3600,-0.295867,0.113025,0.433256,-91.5211,-0.3483,327.280,318.005,1,1,-0.001836,0.060684,0.313362,BLEND,0.016272,0.014276,0.313362,0,0.004551,0.077849,1.306725,1.147836
trial14_near_wall,1,231,7.3920,-0.295888,0.112240,0.432470,-91.6236,-0.2463,328.084,321.898,2,1,-0.261596,-0.019886,0.315072,BLEND,0.010853,0.013420,0.315072,0,0.004551,-0.009504,1.256666,1.142251
trial14_near_wall,1,232,7.4240,-0.295911,0.111473,0.431703,-91.6975,-0.1727,351.263,338.676,1,2,0.265729,0.051518,0.364389,BLEND,0.022083,0.015586,0.364389,0,0.004551,0.076104,1.227426,1.103563
trial14_near_wall,1,233,7.4560,-0.295933,0.110727,0.430957,-91.7775,-0.0930,359.347,345.083,2,2,0.000131,0.038671,0.381590,BLEND,0.025025,0.017946,0.381590,0,0.004551,0.061927,1.197203,1.073342
trial14_near_wall,1,234,7.4880,-0.295956,0.110001,0.430230,-91.8574,-0.0132,380.200,355.247,1,2,0.261578,0.094398,0.425958,BLEND,0.043778,0.024404,0.425958,0,0.004551,0.149056,1.186151,1.018727
trial14_near_wall,1,235,7.5200,-0.295980,0.109296,0.429525,-91.9654,0.0948,387.612,381.359,2,1,-0.265399,0.004449,0.441728,BLEND,0.010970,0.021045,0.441728,0,0.004551,0.016680,1.133779,0.999871
trial14_near_wall,1,236,7.5520,-0.296003,0.108613,0.428842,-92.0518,0.1814,433.582,365.716,2,3,0.159195,0.043135,0.539535,BLEND,0.119062,0.045549,0.539535,0,0.004551,0.088544,1.102527,0.957824
trial14_near_wall,1,237,7.5840,-0.296028,0.107954,0.428182,-92.1451,0.2751,460.926,401.680,2,2,0.001564,0.032742,0.597715,BLEND,0.103941,0.060147,0.597715,0,0.004551,0.074726,1.054882,0.908992
trial14_near_wall,1,238,7.6160,-0.296052,0.107326,0.427554,-92.2392,0.3696,466.178,430.190,2,3,0.158943,0.064292,0.608889,BLEND,0.063137,0.060895,0.608889,0,0.004551,0.142144,1.024937,0.844447
trial14_near_wall,1,239,7.6480,-0.296075,0.106729,0.426956,-92.3555,0.4865,517.880,456.683,3,3,0.001223,0.048525,0.718893,BLEND,0.107363,0.072512,0.718893,0,0.004551,0.125472,0.972680,0.774577
trial14_near_wall,1,240,7.6800,-0.296099,0.106170,0.426397,-92.4831,0.6149,540.653,471.016,3,4,0.114334,0.064977,0.767347,AVOID,0.122171,0.084926,0.767347,0,0.004551,0.176339,0.934041,0.697294
trial14_near_wall,1,241,7.7120,-0.296122,0.105648,0.425875,-92.6356,0.7682,585.068,501.240,3,3,0.002768,0.049425,0.861847,AVOID,0.147067,0.100462,0.861847,0,0.004551,0.149577,0.873908,0.621559
trial14_near_wall,1,242,7.7440,-0.296144,0.105170,0.425396,-92.7982,0.9317,605.943,514.123,3,4,0.116249,0.066131,0.906263,AVOID,0.161089,0.115619,0.906263,0,0.004551,0.208667,0.832515,0.538920
trial14_near_wall,1,243,7.7760,-0.296166,0.104732,0.424957,-92.9872,1.1218,636.568,498.804,3,5,0.199372,0.099441,0.971421,AVOID,0.241691,0.147137,0.971421,0,0.004551,0.334161,0.827827,0.440550
trial14_near_wall,1,244,7.8080,-0.296188,0.104327,0.424552,-93.2366,1.3722,693.796,533.316,3,4,0.113688,0.103003,1.000000,AVOID,0.204709,0.161530,1.000000,0,0.004551,0.355772,0.813999,0.345655
trial14_near_wall,1,245,7.8400,-0.296209,0.103956,0.424181,-93.5381,1.6750,802.313,571.932,4,4,0.002029,0.077759,1.000000,AVOID,0.136962,0.155388,1.000000,0,0.004551,0.268581,0.769173,0.283625
trial14_near_wall,1,246,7.8720,-0.296231,0.103620,0.423844,-93.8507,1.9890,848.478,590.754,3,4,0.582217,0.203874,1.000000,AVOID,0.103940,0.142526,1.000000,0,0.004551,0.704180,0.838284,0.122033
trial14_near_wall,1,247,7.9040,-0.296252,0.103313,0.423537,-94.3117,2.4515,981.964,576.881,4,5,0.087958,0.174895,1.000000,AVOID,0.128278,0.138964,1.000000,0,0.004551,0.604087,0.869641,0.030409
trial14_near_wall,1,248,7.9360,-0.296274,0.103026,0.423249,-94.8519,2.9935,1009.537,573.180,4,4,0.001468,0.131538,1.000000,AVOID,0.134772,0.137916,1.000000,0,0.004551,0.454333,0.856933,0.000343
trial14_near_wall,1,249,7.9680,-0.296298,0.102753,0.422975,-95.4033,3.5469,1064.937,609.027,4,4,0.002601,0.099304,1.000000,AVOID,0.071883,0.121408,1.000000,0,0.004551,0.342996,0.807819,-0.006122
trial14_near_wall,1,250,8.0000,-0.296323,0.102497,0.422719,-95.9273,4.0731,1120.912,570.906,3,5,0.198255,0.124042,1.000000,AVOID,0.138761,0.125746,1.000000,0,0.004551,0.428440,0.804839,-0.019837
trial14_near_wall,1,251,8.0320,-0.296350,0.102247,0.422468,-96.4582,4.6066,1203.204,651.685,5,4,-0.087068,0.071264,1.000000,AVOID,0.000000,0.094310,1.000000,0,0.004551,0.246147,0.731106,-0.010474
trial14_near_wall,1,252,8.0640,-0.296377,0.102018,0.422238,-96.9356,5.0866,1259.905,594.821,3,4,0.114076,0.081967,1.000000,AVOID,0.096805,0.094933,1.000000,0,0.004551,0.283115,0.703134,0.005392
trial14_near_wall,1,253,8.0960,-0.296405,0.101793,0.422012,-97.3848,5.5386,1284.340,606.270,4,5,0.086873,0.083194,1.000000,AVOID,0.076719,0.090380,1.000000,0,0.004551,0.287351,0.679462,0.012479
trial14_near_wall,1,254,8.1280,-0.296434,0.101574,0.421792,-97.8141,5.9710,1328.120,659.083,5,4,-0.087581,0.040500,1.000000,AVOID,0.000000,0.067785,1.000000,0,0.004551,0.139887,0.610508,0.040328
trial14_near_wall,1,255,8.1600,-0.296463,0.101367,0.421585,-98.1811,6.3411,1389.936,649.201,4,4,0.001160,0.030665,1.000000,AVOID,0.001402,0.051189,1.000000,0,0.004551,0.105917,0.550562,0.069968
trial14_near_wall,1,256,8.1920,-0.296492,0.101171,0.421387,-98.4905,6.6535,1425.901,668.500,4,5,0.087071,0.044767,1.000000,AVOID,0.000000,0.038392,1.000000,0,0.004551,0.154624,0.517518,0.079760
trial14_near_wall,1,257,8.2240,-0.296521,0.100982,0.421198,-98.7723,6.9384,1444.193,682.538,5,4,-0.087568,0.011683,1.000000,AVOID,0.000000,0.028794,1.000000,0,0.004551,0.040353,0.464167,0.115672
trial14_near_wall,1,258,8.2560,-0.296550,0.100799,0.421014,-98.9966,7.1659,1481.807,744.827,4,4,0.001172,0.009055,1.000000,AVOID,0.000000,0.021595,1.000000,0,0.004551,0.031277,0.421884,0.144875
trial14_near_wall,1,259,8.2880,-0.296579,0.100620,0.420834,-99.1749,7.3474,1533.673,727.100,4,5,0.087053,0.028555,1.000000,AVOID,0.000000,0.016197,1.000000,0,0.004551,0.098628,0.407010,0.149939
trial14_near_wall,1,260,8.3200,-0.296608,0.100444,0.420657,-99.3404,7.5160,1554.442,726.432,5,4,-0.087554,-0.000473,1.000000,AVOID,0.000000,0.012147,1.000000,0,0.004551,-0.001632,0.370789,0.178802
trial14_near_wall,1,261,8.3520,-0.296637,0.100270,0.420483,-99.4641,7.6429,1556.551,792.142,4,4,0.001183,-0.000059,1.000000,AVOID,0.000000,0.009111,1.000000,0,0.004551,-0.000203,0.343981,0.200092
trial14_near_wall,1,262,8.3840,-0.296666,0.100099,0.420310,-99.5568,7.7388,1590.538,854.876,4,5,0.087035,0.021715,1.000000,AVOID,0.000000,0.006833,1.000000,0,0.004551,0.075002,0.342677,0.197259
trial14_near_wall,1,263,8.4160,-0.296695,0.099929,0.420139,-99.6504,7.8357,1625.550,875.168,5,4,-0.087541,-0.005599,1.000000,AVOID,0.000000,0.005125,1.000000,0,0.004551,-0.019340,0.318113,0.218719
trial14_near_wall,1,264,8.4480,-0.296724,0.099759,0.419969,-99.7145,7.9030,1631.891,874.381,4,4,0.001195,-0.003901,1.000000,AVOID,0.000000,0.003844,1.000000,0,0.004551,-0.013473,0.301156,0.233347
trial14_near_wall,1,265,8.4800,-0.296753,0.099591,0.419800,-99.7583,7.9500,1674.537,907.487,4,5,0.087016,0.018828,1.000000,AVOID,0.000000,0.002883,1.000000,0,0.004551,0.065034,0.308066,0.224692
trial14_near_wall,1,266,8.5120,-0.296782,0.099423,0.419631,-99.8121,8.0071,1687.108,936.007,5,4,-0.087527,-0.007760,1.000000,AVOID,0.000000,0.002162,1.000000,0,-0.367975,-0.026805,0.290288,0.241160
trial14_near_wall,1,267,8.5440,-0.296811,0.099255,0.419463,-99.8439,8.0421,1711.863,936.746,4,4,0.001207,-0.005519,1.000000,AVOID,0.000000,0.001621,1.000000,0,-0.367975,-0.019061,0.278891,0.251575
trial14_near_wall,1,268,8.5760,-0.296841,0.099088,0.419295,-99.8617,8.0632,1744.637,972.161,4,5,0.086997,0.017610,1.000000,AVOID,0.000000,0.001216,1.000000,0,-0.367975,0.060826,0.290315,0.239415
trial14_near_wall,1,269,8.6080,-0.296870,0.098921,0.419127,-99.8946,8.0994,1764.769,1001.254,5,4,-0.087514,-0.008671,1.000000,AVOID,0.000000,0.000912,1.000000,0,-0.367975,-0.029948,0.276189,0.252988
trial14_near_wall,1,270,8.6400,-0.296899,0.098754,0.418959,-99.9097,8.1178,1782.855,1093.580,4,4,0.001219,-0.006198,1.000000,AVOID,0.000000,0.000684,1.000000,0,-0.367975,-0.021408,0.267730,0.261033
trial14_near_wall,1,271,8.6720,-0.296928,0.098588,0.418792,-99.9142,8.1256,1799.444,1054.689,4,5,0.086978,0.017096,1.000000,AVOID,0.000000,0.000513,1.000000,0,-0.367975,0.059049,0.281499,0.246953
trial14_near_wall,1,272,8.7040,-0.296957,0.098421,0.418624,-99.9367,8.1513,1827.917,1081.030,5,4,-0.087500,-0.009053,1.000000,AVOID,0.000000,0.000385,1.000000,0,-0.367975,-0.031269,0.269247,0.258972
trial14_near_wall,1,273,8.7360,-0.296987,0.098255,0.418457,-99.9435,8.1614,1837.849,1145.916,4,4,0.001232,-0.006482,1.000000,AVOID,0.000000,0.000289,1.000000,0,-0.367975,-0.022388,0.262278,0.265766
trial14_near_wall,1,274,8.7680,-0.297016,0.098088,0.418290,-99.9411,8.1623,1854.484,1158.575,4,5,0.086959,0.016878,1.000000,AVOID,0.000000,0.000216,1.000000,0,-0.367975,0.058298,0.277223,0.250690
trial14_near_wall,1,275,8.8000,-0.297045,0.097922,0.418123,-99.9584,8.1829,1883.964,1171.380,4,4,-0.460515,-0.102470,1.000000,AVOID,0.000000,0.000162,1.000000,0,-0.367975,-0.353931,0.185375,0.342440
trial14_near_wall,1,276,8.8320,-0.297074,0.097756,0.417956,-99.8572,8.0850,1907.253,1242.234,5,4,-0.087645,-0.098764,1.000000,AVOID,0.000000,0.000122,1.000000,0,-0.367975,-0.341130,0.119688,0.408053
trial14_near_wall,1,277,8.8640,-0.297103,0.097589,0.417788,-99.6715,7.9025,1930.327,1292.942,4,5,0.086939,-0.052338,1.000000,AVOID,0.000000,0.000091,1.000000,0,0.004551,-0.180775,0.110513,0.417173
trial14_near_wall,1,278,8.8960,-0.297132,0.097423,0.417621,-99.4740,7.7082,1940.434,1357.412,4,4,-0.001729,-0.039686,1.000000,AVOID,0.000000,0.000068,1.000000,0,0.004551,-0.137074,0.114556,0.413089
trial14_near_wall,1,279,8.9280,-0.297159,0.097256,0.417454,-99.2817,7.5190,1987.961,1397.182,5,4,-0.087632,-0.051672,1.000000,AVOID,0.000000,0.000051,1.000000,0,0.004551,-0.178476,0.107238,0.420375
trial14_near_wall,1,280,8.9600,-0.297186,0.097090,0.417286,-99.0800,7.3204,1997.481,1423.712,4,5,0.086920,-0.017024,1.000000,AVOID,0.000000,0.000039,1.000000,0,0.004551,-0.058802,0.131668,0.395922
trial14_near_wall,1,281,8.9920,-0.297213,0.096923,0.417119,-98.9098,7.1530,2028.340,1476.331,4,4,-0.001746,-0.013205,1.000000,AVOID,0.000000,0.000029,1.000000,0,0.004551,-0.045609,0.153289,0.374284
trial14_near_wall,1,282,9.0240,-0.297238,0.096832,0.417028,-98.7678,7.0142,1916.267,1340.428,5,4,-0.087620,-0.031808,1.000000,AVOID,0.000000,0.000022,1.000000,0,0.004551,-0.109866,0.153440,0.374120
trial14_near_wall,1,283,9.0560,-0.297263,0.096878,0.417072,-98.6278,6.8778,1965.131,1434.474,4,4,0.468987,0.093390,1.000000,AVOID,0.000000,0.000016,1.000000,0,0.004551,0.322570,0.261662,0.265887
trial14_near_wall,1,284,9.0880,-0.297288,0.096873,0.417066,-98.6241,6.8775,1978.551,1418.357,4,5,0.087125,0.091824,1.000000,AVOID,0.000000,0.000012,1.000000,0,0.004551,0.317160,0.341477,0.186065
trial14_near_wall,1,285,9.1200,-0.297314,0.096867,0.417060,-98.7247,6.9816,1991.112,1451.498,5,4,-0.087607,0.046966,1.000000,AVOID,0.000000,0.000009,1.000000,0,0.004551,0.162222,0.362603,0.164933
trial14_near_wall,1,286,9.1520,-0.297339,0.096862,0.417054,-98.8527,7.1131,1983.961,1454.985,4,4,0.001137,0.035509,1.000000,AVOID,0.000000,0.000007,1.000000,0,0.004551,0.122648,0.368554,0.158978
trial14_near_wall,1,287,9.1840,-0.297366,0.096856,0.417047,-98.9885,7.2525,1996.195,1426.833,4,5,0.087107,0.048409,1.000000,AVOID,0.000000,0.000005,1.000000,0,0.004551,0.167203,0.384157,0.143373
trial14_near_wall,1,288,9.2160,-0.297392,0.096850,0.417040,-99.1445,7.4121,1995.946,1442.842,5,4,-0.087594,0.014408,1.000000,AVOID,0.000000,0.000004,1.000000,0,0.004551,0.049765,0.366499,0.161028
trial14_near_wall,1,289,9.2480,-0.297420,0.096843,0.417033,-99.2778,7.5492,2009.729,1420.829,4,4,0.001148,0.011093,1.000000,AVOID,0.000000,0.000003,1.000000,0,0.004551,0.038315,0.350393,0.177132
trial14_near_wall,1,290,9.2800,-0.297447,0.096837,0.417026,-99.3905,7.6655,2009.380,1419.699,4,5,0.087089,0.030092,1.000000,AVOID,0.000000,0.000002,1.000000,0,0.004551,0.103938,0.354719,0.172805
trial14_near_wall,1,291,9.3120,-0.297475,0.096830,0.417018,-99.5086,7.7875,2010.846,1424.216,5,4,-0.087581,0.000674,1.000000,AVOID,0.000000,0.000002,1.000000,0,0.004551,0.002328,0.332561,0.194962
trial14_near_wall,1,292,9.3440,-0.297503,0.096824,0.417011,-99.5984,7.8811,2023.832,1422.563,4,4,0.001160,0.000795,1.000000,AVOID,0.000000,0.000001,1.000000,0,0.004551,0.002747,0.316048,0.211474
trial14_near_wall,1,293,9.3760,-0.297532,0.096818,0.417004,-99.6668,7.9534,2021.074,1407.367,4,5,0.087071,0.022364,1.000000,AVOID,0.000000,0.000001,1.000000,0,0.004551,0.077247,0.322287,0.205234
trial14_near_wall,1,294,9.4080,-0.297560,0.096812,0.416998,-99.7433,8.0338,2022.051,1427.751,5,4,-0.087568,-0.005119,1.000000,AVOID,0.000000,0.000001,1.000000,0,-0.367975,-0.017680,0.303236,0.224286
trial14_near_wall,1,295,9.4400,-0.297589,0.096807,0.416992,-99.7952,8.0897,2014.318,1414.325,4,4,0.001172,-0.003546,1.000000,AVOID,0.000000,0.000001,1.000000,0,-0.367975,-0.012248,0.290305,0.237216
trial14_near_wall,1,296,9.4720,-0.297618,0.096802,0.416986,-99.8305,8.1289,2029.554,1410.285,4,5,0.087053,0.019104,1.000000,AVOID,0.000000,0.000000,1.000000,0,-0.367975,0.065984,0.300165,0.227356
trial14_near_wall,1,297,9.5040,-0.297647,0.096798,0.416981,-99.8785,8.1808,2017.051,1387.968,5,4,-0.087554,-0.007561,1.000000,AVOID,0.000000,0.000000,1.000000,0,-0.367975,-0.026115,0.284535,0.242986
trial14_near_wall,1,298,9.5360,-0.297676,0.096793,0.416976,-99.9064,8.2127,2028.986,1421.824,4,4,0.001183,-0.005375,1.000000,AVOID,0.000000,0.000000,1.000000,0,-0.367975,-0.018565,0.274700,0.252821
trial14_near_wall,1,299,9.5680,-0.297705,0.096790,0.416971,-99.9216,8.2319,2035.808,1399.462,4,5,0.087035,0.017728,1.000000,AVOID,0.000000,0.000000,1.000000,0,-0.367975,0.061231,0.287273,0.240248
trial14_near_wall,1,300,9.6000,-0.297734,0.096786,0.416967,-99.9530,8.2673,2027.321,1400.201,5,4,-0.087541,-0.008590,1.000000,AVOID,0.000000,0.000000,1.000000,0,-0.367975,-0.029668,0.273977,0.253543
trial14_near_wall,1,301,9.6320,-0.297763,0.096783,0.416963,-99.9672,8.2855,2023.523,1423.731,4,4,0.001195,-0.006143,1.000000,AVOID,0.000000,0.000000,1.000000,0,-0.367975,-0.021219,0.266118,0.261402
trial14_near_wall,1,302,9.6640,-0.297793,0.096781,0.416960,-99.9707,8.2930,2021.968,1389.182,4,5,0.087016,0.017146,1.000000,AVOID,0.000000,0.000000,1.000000,0,-0.367975,0.059224,0.280335,0.247186
trial14_near_wall,1,303,9.6960,-0.297822,0.096779,0.416957,-99.9931,8.3194,2031.240,1390.316,5,4,-0.087527,-0.009022,1.000000,AVOID,0.000000,0.000000,1.000000,0,-0.367975,-0.031162,0.268400,0.259120
trial14_near_wall,1,304,9.7280,-0.297851,0.096778,0.416955,-99.9996,8.3300,2028.958,1387.891,4,4,0.001207,-0.006465,1.000000,AVOID,0.000000,0.000000,1.000000,0,-0.367975,-0.022329,0.261658,0.265862
trial14_near_wall,1,305,9.7600,-0.297881,0.096777,0.416953,-99.9969,8.3313,2035.557,1392.481,4,5,0.086997,0.016901,1.000000,AVOID,0.000000,0.000000,1.000000,0,-0.367975,0.058375,0.276777,0.250743
trial14_near_wall,1,306,9.7920,-0.297910,0.096776,0.416951,-100.0147,8.3531,2024.798,1415.257,5,4,-0.087514,-0.009203,1.000000,AVOID,0.000000,0.000000,1.000000,0,-0.367975,-0.031787,0.265576,0.261944
trial14_near_wall,1,307,9.8240,-0.297939,0.096775,0.416950,-100.0173,8.3597,2031.113,1398.714,4,4,0.001219,-0.006597,1.000000,AVOID,0.000000,0.000000,1.000000,0,-0.367975,-0.022787,0.259426,0.268095
trial14_near_wall,1,308,9.8560,-0.297969,0.096775,0.416948,-100.0115,8.3579,2024.258,1383.866,4,5,0.086978,0.016797,1.000000,AVOID,0.000000,0.000000,1.000000,0,-0.367975,0.058015,0.275013,0.252507
trial14_near_wall,1,309,9.8880,-0.297998,0.096774,0.416947,-100.0269,8.3774,2038.700,1403.514,5,4,-0.087500,-0.009278,1.000000,AVOID,0.000000,0.000000,1.000000,0,-0.367975,-0.032045,0.264189,0.263331
trial14_near_wall,1,310,9.9200,-0.298028,0.096774,0.416946,-100.0276,8.3821,2032.578,1405.739,4,4,0.001232,-0.006650,1.000000,AVOID,0.000000,0.000000,1.000000,0,-0.367975,-0.022970,0.258339,0.269181
trial14_near_wall,1,311,9.9520,-0.298057,0.096774,0.416945,-100.0202,8.3788,2045.024,1392.505,4,5,0.086959,0.016752,1.000000,AVOID,0.000000,0.000000,1.000000,0,-0.367975,0.057861,0.274160,0.253360
trial14_near_wall,1,312,9.9840,-0.298086,0.096773,0.416944,-100.0345,8.3971,2034.061,1433.899,4,4,-0.460515,-0.102565,1.000000,AVOID,0.000000,0.000000,1.000000,0,-0.367975,-0.354259,0.182995,0.344525
trial14_near_wall,1,313,10.0160,-0.298116,0.096773,0.416943,-99.9301,8.2967,2026.729,1411.571,5,4,-0.087645,-0.098835,1.000000,AVOID,0.000000,0.000000,1.000000,0,-0.367975,-0.341375,0.117842,0.409678
trial14_near_wall,1,314,10.0480,-0.298145,0.096773,0.416942,-99.7417,8.1123,2029.062,1396.025,4,5,0.086939,-0.052391,1.000000,AVOID,0.000000,0.000000,1.000000,0,-0.367975,-0.180959,0.109082,0.418438
trial14_near_wall,1,315,10.0800,-0.298173,0.096773,0.416941,-99.5419,7.9164,2025.909,1457.737,4,4,-0.001729,-0.039726,1.000000,AVOID,0.000000,0.000000,1.000000,0,0.004551,-0.137212,0.113448,0.414072
trial14_near_wall,1,316,10.1120,-0.298200,0.096773,0.416940,-99.3476,7.7259,2032.056,1467.003,5,4,-0.087632,-0.051702,1.000000,AVOID,0.000000,0.000000,1.000000,0,0.004551,-0.178580,0.106381,0.421139
trial14_near_wall,1,317,10.1440,-0.298227,0.096773,0.416939,-99.1442,7.5262,2017.638,1456.572,4,5,0.086920,-0.017047,1.000000,AVOID,0.000000,0.000000,1.000000,0,0.004551,-0.058880,0.131006,0.396514
trial14_near_wall,1,318,10.1760,-0.298254,0.096773,0.416938,-98.9724,7.3580,2029.904,1449.404,4,4,-0.001746,-0.013222,1.000000,AVOID,0.000000,0.000000,1.000000,0,0.004551,-0.045668,0.152778,0.374742
trial14_near_wall,1,319,10.2080,-0.298280,0.096773,0.416937,-98.8286,7.2177,2010.191,1476.478,5,4,-0.087620,-0.031821,1.000000,AVOID,0.000000,0.000000,1.000000,0,0.004551,-0.109910,0.153046,0.374474
trial14_near_wall,1,320,10.2400,-0.298305,0.096772,0.416937,-98.6851,7.0778,2013.544,1472.473,4,4,0.468987,0.093381,1.000000,AVOID,0.000000,0.000000,1.000000,0,0.004551,0.322538,0.261359,0.266161
trial14_near_wall,1,321,10.2720,-0.298330,0.096772,0.416936,-98.6812,7.0774,2026.878,1488.343,4,5,0.087125,0.091817,1.000000,AVOID,0.000000,0.000000,1.000000,0,0.004551,0.317136,0.341243,0.186277
trial14_near_wall,1,322,10.3040,-0.298356,0.096772,0.416935,-98.7816,7.1812,2009.987,1474.389,5,4,-0.087607,0.046961,1.000000,AVOID,0.000000,0.000000,1.000000,0,0.004551,0.162203,0.362423,0.165097
trial14_near_wall,1,323,10.3360,-0.298382,0.096772,0.416934,-98.9094,7.3126,2023.870,1475.488,4,4,0.001137,0.035505,1.000000,AVOID,0.000000,0.000000,1.000000,0,0.004551,0.122634,0.368416,0.159104
trial14_near_wall,1,324,10.3680,-0.298408,0.096772,0.416934,-99.0450,7.4518,2030.378,1446.941,4,5,0.087107,0.048406,1.000000,AVOID,0.000000,0.000000,1.000000,0,0.004551,0.167193,0.384050,0.143470
trial14_near_wall,1,325,10.4000,-0.298435,0.096772,0.416933,-99.2008,7.6113,2014.464,1467.036,5,4,-0.087594,0.014406,1.000000,AVOID,0.000000,0.000000,1.000000,0,0.004551,0.049757,0.366417,0.161103
trial14_near_wall,1,326,10.4320,-0.298462,0.096772,0.416932,-99.3341,7.7483,2037.619,1449.494,4,4,0.001148,0.011091,1.000000,AVOID,0.000000,0.000000,1.000000,0,0.004551,0.038310,0.350330,0.177190
trial14_near_wall,1,327,10.4640,-0.298490,0.096772,0.416931,-99.4466,7.8646,2019.747,1441.795,4,5,0.087089,0.030091,1.000000,AVOID,0.000000,0.000000,1.000000,0,0.004551,0.103934,0.354671,0.172849
trial14_near_wall,1,328,10.4960,-0.298518,0.096773,0.416931,-99.5647,7.9866,2028.764,1433.071,5,4,-0.087581,0.000673,1.000000,AVOID,0.000000,0.000000,1.000000,0,0.004551,0.002324,0.332524,0.194996
trial14_near_wall,1,329,10.5280,-0.298546,0.096773,0.416930,-99.6544,8.0802,2025.411,1437.969,4,4,0.001160,0.000795,1.000000,AVOID,0.000000,0.000000,1.000000,0,-0.367975,0.002745,0.316019,0.211501
trial14_near_wall,1,330,10.5600,-0.298574,0.096773,0.416929,-99.7228,8.1525,2021.853,1419.387,4,5,0.087071,0.022364,1.000000,AVOID,0.000000,0.000000,1.000000,0,-0.367975,0.077245,0.322266,0.205254
trial14_near_wall,1,331,10.5920,-0.298603,0.096773,0.416928,-99.7993,8.2329,2022.426,1408.851,5,4,-0.087568,-0.005119,1.000000,AVOID,0.000000,0.000000,1.000000,0,-0.367975,-0.017681,0.303219,0.224301
trial14_near_wall,1,332,10.6240,-0.298632,0.096773,0.416928,-99.8512,8.2888,2036.324,1419.852,4,4,0.001172,-0.003546,1.000000,AVOID,0.000000,0.000000,1.000000,0,-0.367975,-0.012249,0.290292,0.237228
trial14_near_wall,1,333,10.6560,-0.298661,0.096773,0.416927,-99.8865,8.3281,2025.184,1405.410,4,5,0.087053,0.019103,1.000000,AVOID,0.000000,0.000000,1.000000,0,-0.367975,0.065983,0.300155,0.227365
trial14_near_wall,1,334,10.6880,-0.298690,0.096773,0.416926,-99.9345,8.3800,2040.053,1420.381,5,4,-0.087554,-0.007561,1.000000,AVOID,0.000000,0.000000,1.000000,0,-0.367975,-0.026116,0.284527,0.242993
trial14_near_wall,1,335,10.7200,-0.298719,0.096773,0.416925,-99.9623,8.4119,2023.004,1407.180,4,4,0.001183,-0.005375,1.000000,AVOID,0.000000,0.000000,1.000000,0,-0.367975,-0.018565,0.274694,0.252826
trial14_near_wall,1,336,10.7520,-0.298749,0.096773,0.416924,-99.9776,8.4312,2016.645,1403.884,4,5,0.087035,0.017727,1.000000,AVOID,0.000000,0.000000,1.000000,0,-0.367975,0.061231,0.287268,0.240252
trial14_near_wall,1,337,10.7840,-0.298778,0.096773,0.416924,-100.0089,8.4666,2021.312,1414.691,5,4,-0.087541,-0.008590,1.000000,AVOID,0.000000,0.000000,1.000000,0,-0.367975,-0.029669,0.273974,0.253546
trial14_near_wall,1,338,10.8160,-0.298808,0.096773,0.416923,-100.0232,8.4849,2038.036,1415.750,4,4,0.001195,-0.006143,1.000000,AVOID,0.000000,0.000000,1.000000,0,-0.367975,-0.021219,0.266116,0.261404
trial14_near_wall,1,339,10.8480,-0.298837,0.096773,0.416922,-100.0266,8.4924,2037.085,1410.902,4,5,0.087016,0.017146,1.000000,AVOID,0.000000,0.000000,1.000000,0,-0.367975,0.059224,0.280333,0.247187
trial14_near_wall,1,340,10.8800,-0.298866,0.096773,0.416921,-100.0490,8.5188,2028.982,1406.073,5,4,-0.087527,-0.009022,1.000000,AVOID,0.000000,0.000000,1.000000,0,-0.367975,-0.031162,0.268399,0.259121
trial14_near_wall,1,341,10.9120,-0.298896,0.096773,0.416921,-100.0556,8.5294,2036.706,1385.549,4,4,0.001207,-0.006465,1.000000,AVOID,0.000000,0.000000,1.000000,0,-0.367975,-0.022329,0.261657,0.265863
trial14_near_wall,1,342,10.9440,-0.298925,0.096773,0.416920,-100.0529,8.5308,2032.756,1391.117,4,5,0.086997,0.016901,1.000000,AVOID,0.000000,0.000000,1.000000,0,-0.367975,0.058375,0.276776,0.250744
trial14_near_wall,1,343,10.9760,-0.298955,0.096773,0.416919,-100.0706,8.5526,2030.684,1393.068,5,4,-0.087514,-0.009203,1.000000,AVOID,0.000000,0.000000,1.000000,0,-0.367975,-0.031787,0.265576,0.261944
trial14_near_wall,1,344,11.0080,-0.298985,0.096773,0.416918,-100.0732,8.5593,2039.663,1400.717,4,4,0.001219,-0.006597,1.000000,AVOID,0.000000,0.000000,1.000000,0,-0.367975,-0.022787,0.259425,0.268095
trial14_near_wall,1,345,11.0400,-0.299014,0.096773,0.416917,-100.0674,8.5575,2033.550,1395.038,4,5,0.086978,0.016797,1.000000,AVOID,0.000000,0.000000,1.000000,0,-0.367975,0.058015,0.275013,0.252507
trial14_near_wall,1,346,11.0720,-0.299044,0.096773,0.416917,-100.0828,8.5770,2029.052,1400.575,5,4,-0.087500,-0.009278,1.000000,AVOID,0.000000,0.000000,1.000000,0,-0.367975,-0.032045,0.264188,0.263332
trial14_near_wall,1,347,11.1040,-0.299073,0.096773,0.416916,-100.0835,8.5817,2028.515,1381.340,4,4,0.001232,-0.006650,1.000000,AVOID,0.000000,0.000000,1.000000,0,-0.367975,-0.022970,0.258339,0.269181
trial14_near_wall,1,348,11.1360,-0.299103,0.096773,0.416915,-100.0762,8.5784,2040.481,1389.376,4,5,0.086959,0.016752,1.000000,AVOID,0.000000,0.000000,1.000000,0,-0.367975,0.057861,0.274159,0.253361
trial14_near_wall,1,349,11.1680,-0.299132,0.096773,0.416914,-100.0904,8.5967,2033.547,1382.935,4,4,-0.460515,-0.102565,1.000000,AVOID,0.000000,0.000000,1.000000,0,-0.367975,-0.354259,0.182995,0.344525
trial14_near_wall,1,350,11.2000,-0.299162,0.096773,0.416913,-99.9860,8.4964,2031.762,1398.686,5,4,-0.087645,-0.098835,1.000000,AVOID,0.000000,0.000000,1.000000,0,-0.367975,-0.341375,0.117842,0.409678
trial14_near_wall,1,351,11.2320,-0.299191,0.096773,0.416913,-99.7977,8.3120,2027.605,1414.171,4,5,0.086939,-0.052391,1.000000,AVOID,0.000000,0.000000,1.000000,0,-0.367975,-0.180959,0.109082,0.418438
trial14_near_wall,1,352,11.2640,-0.299219,0.096773,0.416912,-99.5979,8.1161,2036.502,1404.455,4,4,-0.001729,-0.039726,1.000000,AVOID,0.000000,0.000000,1.000000,0,-0.367975,-0.137212,0.113448,0.414072
trial14_near_wall,1,353,11.2960,-0.299247,0.096772,0.416911,-99.4036,7.9256,2018.242,1428.247,5,4,-0.087632,-0.051702,1.000000,AVOID,0.000000,0.000000,1.000000,0,0.004551,-0.178580,0.106381,0.421139
trial14_near_wall,1,354,11.3280,-0.299274,0.096772,0.416910,-99.2002,7.7260,2021.038,1460.214,4,5,0.086920,-0.017047,1.000000,AVOID,0.000000,0.000000,1.000000,0,0.004551,-0.058880,0.131006,0.396514
trial14_near_wall,1,355,11.3600,-0.299301,0.096772,0.416910,-99.0284,7.5578,2016.563,1467.313,4,4,-0.001746,-0.013222,1.000000,AVOID,0.000000,0.000000,1.000000,0,0.004551,-0.045668,0.152778,0.374742
trial14_near_wall,1,356,11.3920,-0.299327,0.096772,0.416909,-98.8846,7.4176,2028.065,1452.106,5,4,-0.087620,-0.031821,1.000000,AVOID,0.000000,0.000000,1.000000,0,0.004551,-0.109910,0.153046,0.374474
trial14_near_wall,1,357,11.4240,-0.299352,0.096772,0.416908,-98.7411,7.2776,2019.034,1493.990,4,4,0.468987,0.093381,1.000000,AVOID,0.000000,0.000000,1.000000,0,0.004551,0.322538,0.261359,0.266161
trial14_near_wall,1,358,11.4560,-0.299378,0.096772,0.416908,-98.7372,7.2773,2013.337,1498.622,4,5,0.087125,0.091817,1.000000,AVOID,0.000000,0.000000,1.000000,0,0.004551,0.317136,0.341243,0.186277
trial14_near_wall,1,359,11.4880,-0.299403,0.096772,0.416907,-98.8376,7.3811,2022.921,1475.971,5,4,-0.087607,0.046961,1.000000,AVOID,0.000000,0.000000,1.000000,0,0.004551,0.162203,0.362423,0.165097
trial14_near_wall,1,360,11.5200,-0.299429,0.096772,0.416906,-98.9654,7.5125,2006.257,1479.730,4,4,0.001137,0.035505,1.000000,AVOID,0.000000,0.000000,1.000000,0,0.004551,0.122634,0.368416,0.159104
trial14_near_wall,1,361,11.5520,-0.299456,0.096772,0.416906,-99.1010,7.6518,2018.973,1476.705,4,5,0.087107,0.048406,1.000000,AVOID,0.000000,0.000000,1.000000,0,0.004551,0.167193,0.384050,0.143470
trial14_near_wall,1,362,11.5840,-0.299483,0.096772,0.416905,-99.2568,7.8113,2025.316,1457.035,5,4,-0.087594,0.014406,1.000000,AVOID,0.000000,0.000000,1.000000,0,0.004551,0.049757,0.366417,0.161103
trial14_near_wall,1,363,11.6160,-0.299510,0.096773,0.416905,-99.3900,7.9483,2032.232,1446.081,4,4,0.001148,0.011091,1.000000,AVOID,0.000000,0.000000,1.000000,0,0.004551,0.038310,0.350330,0.177190
trial14_near_wall,1,364,11.6480,-0.299538,0.096773,0.416904,-99.5026,8.0646,2033.496,1445.253,4,5,0.087089,0.030091,1.000000,AVOID,0.000000,0.000000,1.000000,0,-0.367975,0.103934,0.354671,0.172849
trial14_near_wall,1,365,11.6800,-0.299566,0.096773,0.416903,-99.6207,8.1866,2021.318,1440.804,5,4,-0.087581,0.000673,1.000000,AVOID,0.000000,0.000000,1.000000,0,-0.367975,0.002324,0.332524,0.194996
trial14_near_wall,1,366,11.7120,-0.299595,0.096773,0.416902,-99.7104,8.2802,2039.849,1422.048,4,4,0.001160,0.000795,1.000000,AVOID,0.000000,0.000000,1.000000,0,-0.367975,0.002745,0.316019,0.211501
trial14_near_wall,1,367,11.7440,-0.299623,0.096773,0.416902,-99.7788,8.3525,2032.295,1411.593,4,5,0.087071,0.022364,1.000000,AVOID,0.000000,0.000000,1.000000,0,-0.367975,0.077245,0.322266,0.205254
trial14_near_wall,1,368,11.7760,-0.299652,0.096773,0.416901,-99.8552,8.4329,2041.427,1387.646,5,4,-0.087568,-0.005119,1.000000,AVOID,0.000000,0.000000,1.000000,0,-0.367975,-0.017681,0.303219,0.224301
trial14_near_wall,1,369,11.8080,-0.299681,0.096773,0.416900,-99.9071,8.4889,2025.083,1422.153,4,4,0.001172,-0.003546,1.000000,AVOID,0.000000,0.000000,1.000000,0,-0.367975,-0.012249,0.290292,0.237228
trial14_near_wall,1,370,11.8400,-0.299710,0.096773,0.416900,-99.9424,8.5282,2031.767,1403.227,4,5,0.087053,0.019103,1.000000,AVOID,0.000000,0.000000,1.000000,0,-0.367975,0.065983,0.300155,0.227365
trial14_near_wall,1,371,11.8720,-0.299740,0.096773,0.416899,-99.9904,8.5801,2035.812,1407.221,5,4,-0.087554,-0.007561,1.000000,AVOID,0.000000,0.000000,1.000000,0,-0.367975,-0.026116,0.284527,0.242993
trial14_near_wall,1,372,11.9040,-0.299769,0.096773,0.416898,-100.0182,8.6120,2041.905,1400.135,4,4,0.001183,-0.005375,1.000000,AVOID,0.000000,0.000000,1.000000,0,-0.367975,-0.018565,0.274694,0.252826
trial14_near_wall,1,373,11.9360,-0.299799,0.096773,0.416898,-100.0335,8.6313,2036.711,1391.887,4,5,0.087035,0.017727,1.000000,AVOID,0.000000,0.000000,1.000000,0,-0.367975,0.061231,0.287268,0.240252
trial14_near_wall,1,374,11.9680,-0.299828,0.096773,0.416897,-100.0648,8.6667,2028.702,1424.858,5,4,-0.087541,-0.008590,1.000000,AVOID,0.000000,0.000000,1.000000,0,-0.367975,-0.029669,0.273974,0.253546
trial14_near_wall,1,375,12.0000,-0.299858,0.096773,0.416896,-100.0791,8.6850,2036.010,1389.657,4,4,0.001195,-0.006143,1.000000,AVOID,0.000000,0.000000,1.000000,0,-0.367975,-0.021219,0.266116,0.261404
trial14_near_wall,1,376,12.0320,-0.299887,0.096773,0.416895,-100.0825,8.6926,2035.423,1382.207,4,5,0.087016,0.017146,1.000000,AVOID,0.000000,0.000000,1.000000,0,-0.367975,0.059224,0.280333,0.247187
trial14_near_wall,1,377,12.0640,-0.299917,0.096773,0.416895,-100.1049,8.7190,2042.706,1399.510,5,4,-0.087527,-0.009022,1.000000,AVOID,0.000000,0.000000,1.000000,0,-0.367975,-0.031162,0.268399,0.259121
trial14_near_wall,1,378,12.0960,-0.299947,0.096773,0.416894,-100.1115,8.7297,2045.715,1418.379,4,4,0.001207,-0.006465,1.000000,AVOID,0.000000,0.000000,1.000000,0,-0.367975,-0.022329,0.261657,0.265863
trial14_near_wall,1,379,12.1280,-0.299976,0.096773,0.416893,-100.1088,8.7310,2025.083,1377.002,4,5,0.086997,0.016901,1.000000,AVOID,0.000000,0.000000,1.000000,0,-0.367975,0.058375,0.276776,0.250744
trial14_near_wall,1,380,12.1600,-0.300006,0.096773,0.416893,-100.1265,8.7528,2032.577,1424.428,5,4,-0.087514,-0.009203,1.000000,AVOID,0.000000,0.000000,1.000000,0,-0.367975,-0.031787,0.265576,0.261944
trial14_near_wall,1,381,12.1920,-0.300036,0.096773,0.416892,-100.1291,8.7596,2031.227,1384.934,4,4,0.001219,-0.006597,1.000000,AVOID,0.000000,0.000000,1.000000,0,-0.367975,-0.022787,0.259425,0.268095
trial14_near_wall,1,382,12.2240,-0.300065,0.096773,0.416891,-100.1233,8.7578,2040.784,1404.474,4,5,0.086978,0.016797,1.000000,AVOID,0.000000,0.000000,1.000000,0,-0.367975,0.058015,0.275013,0.252507
trial14_near_wall,1,383,12.2560,-0.300095,0.096773,0.416890,-100.1387,8.7773,2027.908,1407.941,5,4,-0.087500,-0.009278,1.000000,AVOID,0.000000,0.000000,1.000000,0,-0.367975,-0.032045,0.264188,0.263332
trial14_near_wall,1,384,12.2880,-0.300125,0.096773,0.416890,-100.1394,8.7821,2041.213,1373.132,4,4,0.001232,-0.006650,1.000000,AVOID,0.000000,0.000000,1.000000,0,-0.367975,-0.022970,0.258339,0.269181
trial14_near_wall,1,385,12.3200,-0.300155,0.096773,0.416889,-100.1321,8.7788,2032.026,1411.973,4,5,0.086959,0.016752,1.000000,AVOID,0.000000,0.000000,1.000000,0,-0.367975,0.057861,0.274159,0.253361
trial14_near_wall,1,386,12.3520,-0.300184,0.096773,0.416888,-100.1463,8.7972,2026.069,1390.666,4,4,-0.460515,-0.102565,1.000000,AVOID,0.000000,0.000000,1.000000,0,-0.367975,-0.354259,0.182995,0.344525
trial14_near_wall,1,387,12.3840,-0.300214,0.096773,0.416888,-100.0419,8.6968,2031.741,1400.284,5,4,-0.087645,-0.098835,1.000000,AVOID,0.000000,0.000000,1.000000,0,-0.367975,-0.341375,0.117842,0.409678
trial14_near_wall,1,388,12.4160,-0.300243,0.096773,0.416887,-99.8536,8.5125,2025.282,1397.166,4,5,0.086939,-0.052391,1.000000,AVOID,0.000000,0.000000,1.000000,0,-0.367975,-0.180959,0.109082,0.418438
trial14_near_wall,1,389,12.4480,-0.300272,0.096773,0.416886,-99.6537,8.3166,2018.806,1420.693,4,4,-0.001729,-0.039726,1.000000,AVOID,0.000000,0.000000,1.000000,0,-0.367975,-0.137212,0.113448,0.414072
trial14_near_wall,1,390,12.4800,-0.300299,0.096773,0.416885,-99.4595,8.1261,2025.182,1430.621,5,4,-0.087632,-0.051702,1.000000,AVOID,0.000000,0.000000,1.000000,0,-0.367975,-0.178580,0.106381,0.421139
trial14_near_wall,1,391,12.5120,-0.300327,0.096773,0.416885,-99.2561,7.9265,2032.983,1446.532,4,5,0.086920,-0.017047,1.000000,AVOID,0.000000,0.000000,1.000000,0,0.004551,-0.058880,0.131006,0.396514
trial14_near_wall,1,392,12.5440,-0.300354,0.096772,0.416884,-99.0843,7.7584,2016.034,1463.771,4,4,-0.001746,-0.013222,1.000000,AVOID,0.000000,0.000000,1.000000,0,0.004551,-0.045668,0.152778,0.374742
trial14_near_wall,1,393,12.5760,-0.300380,0.096772,0.416883,-98.9405,7.6182,2035.869,1485.833,5,4,-0.087620,-0.031821,1.000000,AVOID,0.000000,0.000000,1.000000,0,0.004551,-0.109910,0.153046,0.374474
trial14_near_wall,1,394,12.6080,-0.300406,0.096772,0.416883,-98.7970,7.4782,2022.365,1477.526,4,4,0.468987,0.093381,1.000000,AVOID,0.000000,0.000000,1.000000,0,0.004551,0.322538,0.261359,0.266161
trial14_near_wall,1,395,12.6400,-0.300431,0.096772,0.416882,-98.7932,7.4779,2025.282,1487.642,4,5,0.087125,0.091817,1.000000,AVOID,0.000000,0.000000,1.000000,0,0.004551,0.317136,0.341243,0.186277
trial14_near_wall,1,396,12.6720,-0.300457,0.096772,0.416882,-98.8935,7.5818,2013.329,1493.785,5,4,-0.087607,0.046961,1.000000,AVOID,0.000000,0.000000,1.000000,0,0.004551,0.162203,0.362423,0.165097
trial14_near_wall,1,397,12.7040,-0.300483,0.096772,0.416881,-99.0213,7.7132,2018.086,1445.148,4,4,0.001137,0.035505,1.000000,AVOID,0.000000,0.000000,1.000000,0,0.004551,0.122634,0.368416,0.159104
trial14_near_wall,1,398,12.7360,-0.300510,0.096772,0.416881,-99.1569,7.8525,2014.609,1446.082,4,5,0.087107,0.048406,1.000000,AVOID,0.000000,0.000000,1.000000,0,0.004551,0.167193,0.384050,0.143470
trial14_near_wall,1,399,12.7680,-0.300537,0.096773,0.416880,-99.3127,8.0120,2031.504,1449.576,5,4,-0.087594,0.014406,1.000000,AVOID,0.000000,0.000000,1.000000,0,-0.367975,0.049757,0.366417,0.161103
trial14_near_wall,1,400,12.8000,-0.300564,0.096773,0.416879,-99.4459,8.1490,2042.536,1432.797,4,4,0.001148,0.011091,1.000000,AVOID,0.000000,0.000000,1.000000,0,-0.367975,0.038310,0.350330,0.177190
trial14_near_wall,1,401,12.8320,-0.300592,0.096773,0.416879,-99.5585,8.2654,2024.735,1411.178,4,5,0.087089,0.030091,1.000000,AVOID,0.000000,0.000000,1.000000,0,-0.367975,0.103934,0.354671,0.172849
trial14_near_wall,1,402,12.8640,-0.300621,0.096773,0.416878,-99.6766,8.3874,2027.444,1419.424,5,4,-0.087581,0.000673,1.000000,AVOID,0.000000,0.000000,1.000000,0,-0.367975,0.002324,0.332524,0.194996
trial14_near_wall,1,403,12.8960,-0.300649,0.096773,0.416878,-99.7662,8.4810,2028.787,1423.824,4,4,0.001160,0.000795,1.000000,AVOID,0.000000,0.000000,1.000000,0,-0.367975,0.002745,0.316019,0.211501
trial14_near_wall,1,404,12.9280,-0.300678,0.096773,0.416877,-99.8347,8.5533,2029.097,1423.370,4,5,0.087071,0.022364,1.000000,AVOID,0.000000,0.000000,1.000000,0,-0.367975,0.077245,0.322266,0.205254
trial14_near_wall,1,405,12.9600,-0.300707,0.096773,0.416876,-99.9111,8.6337,2027.150,1422.457,5,4,-0.087568,-0.005119,1.000000,AVOID,0.000000,0.000000,1.000000,0,-0.367975,-0.017681,0.303219,0.224301
trial14_near_wall,1,406,12.9920,-0.300736,0.096773,0.416876,-99.9630,8.6897,2042.032,1414.078,4,4,0.001172,-0.003546,1.000000,AVOID,0.000000,0.000000,1.000000,0,-0.367975,-0.012249,0.290292,0.237228
trial14_near_wall,1,407,13.0240,-0.300766,0.096773,0.416875,-99.9983,8.7290,2037.476,1402.903,4,5,0.087053,0.019103,1.000000,AVOID,0.000000,0.000000,1.000000,0,-0.367975,0.065983,0.300155,0.227365
trial14_near_wall,1,408,13.0560,-0.300795,0.096773,0.416874,-100.0462,8.7810,2027.355,1389.362,5,4,-0.087554,-0.007561,1.000000,AVOID,0.000000,0.000000,1.000000,0,-0.367975,-0.026116,0.284527,0.242993
trial14_near_wall,1,409,13.0880,-0.300825,0.096773,0.416874,-100.0741,8.8129,2026.970,1410.635,4,4,0.001183,-0.005375,1.000000,AVOID,0.000000,0.000000,1.000000,0,-0.367975,-0.018565,0.274694,0.252826
trial14_near_wall,1,410,13.1200,-0.300854,0.096773,0.416873,-100.0893,8.8322,2032.567,1379.901,4,5,0.087035,0.017727,1.000000,AVOID,0.000000,0.000000,1.000000,0,-0.367975,0.061231,0.287268,0.240252
trial14_near_wall,1,411,13.1520,-0.300884,0.096773,0.416872,-100.1206,8.8676,2031.995,1376.697,5,4,-0.087541,-0.008590,1.000000,AVOID,0.000000,0.000000,1.000000,0,-0.367975,-0.029669,0.273974,0.253546
trial14_near_wall,1,412,13.1840,-0.300914,0.096773,0.416872,-100.1349,8.8860,2032.831,1389.054,4,4,0.001195,-0.006143,1.000000,AVOID,0.000000,0.000000,1.000000,0,-0.367975,-0.021219,0.266116,0.261404
trial14_near_wall,1,413,13.2160,-0.300944,0.096773,0.416871,-100.1383,8.8935,2034.165,1387.765,4,5,0.087016,0.017146,1.000000,AVOID,0.000000,0.000000,1.000000,0,-0.367975,0.059224,0.280333,0.247187
trial14_near_wall,1,414,13.2480,-0.300973,0.096773,0.416870,-100.1607,8.9200,2034.781,1381.098,5,4,-0.087527,-0.009022,1.000000,AVOID,0.000000,0.000000,1.000000,0,-0.367975,-0.031162,0.268399,0.259121
trial14_near_wall,1,415,13.2800,-0.301003,0.096773,0.416870,-100.1673,8.9307,2035.580,1381.194,4,4,0.001207,-0.006465,1.000000,AVOID,0.000000,0.000000,1.000000,0,-0.367975,-0.022329,0.261657,0.265863
trial14_near_wall,1,416,13.3120,-0.301033,0.096773,0.416869,-100.1646,8.9320,2029.377,1383.982,4,5,0.086997,0.016901,1.000000,AVOID,0.000000,0.000000,1.000000,0,-0.367975,0.058375,0.276776,0.250744
trial14_near_wall,1,417,13.3440,-0.301063,0.096773,0.416869,-100.1823,8.9539,2033.236,1382.787,5,4,-0.087514,-0.009203,1.000000,AVOID,0.000000,0.000000,1.000000,0,-0.367975,-0.031787,0.265576,0.261944
trial14_near_wall,1,418,13.3760,-0.301093,0.096773,0.416868,-100.1850,8.9606,2035.238,1363.499,4,4,0.001219,-0.006597,1.000000,AVOID,0.000000,0.000000,1.000000,0,-0.367975,-0.022787,0.259425,0.268095
trial14_near_wall,1,419,13.4080,-0.301123,0.096773,0.416867,-100.1791,8.9589,2033.410,1365.140,4,5,0.086978,0.016797,1.000000,AVOID,0.000000,0.000000,1.000000,0,-0.367975,0.058015,0.275013,0.252507
trial14_near_wall,1,420,13.4400,-0.301153,0.096773,0.416867,-100.1945,8.9784,2043.559,1397.436,5,4,-0.087500,-0.009278,1.000000,AVOID,0.000000,0.000000,1.000000,0,-0.367975,-0.032045,0.264188,0.263332
trial14_near_wall,1,421,13.4720,-0.301182,0.096773,0.416866,-100.1952,8.9832,2037.289,1391.519,4,4,0.001232,-0.006650,1.000000,AVOID,0.000000,0.000000,1.000000,0,-0.367975,-0.022970,0.258339,0.269181
trial14_near_wall,1,422,13.5040,-0.301212,0.096773,0.416865,-100.1879,8.9800,2046.755,1355.562,4,5,0.086959,0.016752,1.000000,AVOID,0.000000,0.000000,1.000000,0,-0.367975,0.057861,0.274159,0.253361
trial14_near_wall,1,423,13.5360,-0.301242,0.096773,0.416865,-100.2021,8.9983,2032.734,1368.168,4,4,-0.460515,-0.102565,1.000000,AVOID,0.000000,0.000000,1.000000,0,-0.367975,-0.354259,0.182995,0.344525
trial14_near_wall,1,424,13.5680,-0.301272,0.096773,0.416864,-100.0977,8.8980,2041.897,1390.286,5,4,-0.087645,-0.098835,1.000000,AVOID,0.000000,0.000000,1.000000,0,-0.367975,-0.341375,0.117842,0.409678
trial14_near_wall,1,425,13.6000,-0.301301,0.096773,0.416863,-99.9094,8.7137,2031.605,1406.551,4,5,0.086939,-0.052391,1.000000,AVOID,0.000000,0.000000,1.000000,0,-0.367975,-0.180959,0.109082,0.418438
trial14_near_wall,1,426,13.6320,-0.301330,0.096773,0.416863,-99.7096,8.5178,2037.784,1420.011,4,4,-0.001729,-0.039726,1.000000,AVOID,0.000000,0.000000,1.000000,0,-0.367975,-0.137212,0.113448,0.414072
trial14_near_wall,1,427,13.6640,-0.301358,0.096773,0.416862,-99.5153,8.3274,2030.551,1440.367,5,4,-0.087632,-0.051702,1.000000,AVOID,0.000000,0.000000,1.000000,0,-0.367975,-0.178580,0.106381,0.421139
trial14_near_wall,1,428,13.6960,-0.301386,0.096773,0.416862,-99.3119,8.1278,2021.025,1439.398,4,5,0.086920,-0.017047,1.000000,AVOID,0.000000,0.000000,1.000000,0,-0.367975,-0.058880,0.131006,0.396514
trial14_near_wall,1,429,13.7280,-0.301412,0.096772,0.416861,-99.1401,7.9597,2025.158,1447.883,4,4,-0.001746,-0.013222,1.000000,AVOID,0.000000,0.000000,1.000000,0,0.004551,-0.045668,0.152778,0.374742
trial14_near_wall,1,430,13.7600,-0.301439,0.096772,0.416860,-98.9963,7.8195,2022.282,1471.374,5,4,-0.087620,-0.031821,1.000000,AVOID,0.000000,0.000000,1.000000,0,0.004551,-0.109910,0.153046,0.374474
trial14_near_wall,1,431,13.7920,-0.301465,0.096772,0.416860,-98.8528,7.6796,2033.173,1479.353,4,4,0.468987,0.093381,1.000000,AVOID,0.000000,0.000000,1.000000,0,0.004551,0.322538,0.261359,0.266161
trial14_near_wall,1,432,13.8240,-0.301491,0.096772,0.416859,-98.8490,7.6793,2018.924,1469.367,4,5,0.087125,0.091817,1.000000,AVOID,0.000000,0.000000,1.000000,0,0.004551,0.317136,0.341243,0.186277
trial14_near_wall,1,433,13.8560,-0.301517,0.096772,0.416859,-98.9493,7.7832,2028.375,1473.910,5,4,-0.087607,0.046961,1.000000,AVOID,0.000000,0.000000,1.000000,0,0.004551,0.162203,0.362423,0.165097
trial14_near_wall,1,434,13.8880,-0.301543,0.096772,0.416858,-99.0771,7.9147,2009.809,1483.291,4,4,0.001137,0.035505,1.000000,AVOID,0.000000,0.000000,1.000000,0,0.004551,0.122634,0.368416,0.159104
trial14_near_wall,1,435,13.9200,-0.301570,0.096773,0.416858,-99.2128,8.0540,2023.800,1449.047,4,5,0.087107,0.048406,1.000000,AVOID,0.000000,0.000000,1.000000,0,-0.367975,0.167193,0.384050,0.143470
trial14_near_wall,1,436,13.9520,-0.301597,0.096773,0.416857,-99.3686,8.2135,2038.627,1439.760,5,4,-0.087594,0.014406,1.000000,AVOID,0.000000,0.000000,1.000000,0,-0.367975,0.049757,0.366417,0.161103
trial14_near_wall,1,437,13.9840,-0.301625,0.096773,0.416857,-99.5018,8.3505,2025.675,1446.971,4,4,0.001148,0.011091,1.000000,AVOID,0.000000,0.000000,1.000000,0,-0.367975,0.038310,0.350330,0.177190
trial14_near_wall,1,438,14.0160,-0.301653,0.096773,0.416856,-99.6143,8.4669,2031.456,1432.007,4,5,0.087089,0.030091,1.000000,AVOID,0.000000,0.000000,1.000000,0,-0.367975,0.103934,0.354671,0.172849
trial14_near_wall,1,439,14.0480,-0.301681,0.096773,0.416856,-99.7324,8.5889,2020.353,1409.639,5,4,-0.087581,0.000673,1.000000,AVOID,0.000000,0.000000,1.000000,0,-0.367975,0.002324,0.332524,0.194996
trial14_near_wall,1,440,14.0800,-0.301710,0.096773,0.416855,-99.8220,8.6825,2042.286,1422.300,4,4,0.001160,0.000795,1.000000,AVOID,0.000000,0.000000,1.000000,0,-0.367975,0.002745,0.316019,0.211501
trial14_near_wall,1,441,14.1120,-0.301739,0.096773,0.416855,-99.8905,8.7549,2026.037,1412.429,4,5,0.087071,0.022364,1.000000,AVOID,0.000000,0.000000,1.000000,0,-0.367975,0.077245,0.322266,0.205254
trial14_near_wall,1,442,14.1440,-0.301768,0.096773,0.416854,-99.9669,8.8353,2033.528,1404.735,5,4,-0.087568,-0.005119,1.000000,AVOID,0.000000,0.000000,1.000000,0,-0.367975,-0.017681,0.303219,0.224301
trial14_near_wall,1,443,14.1760,-0.301798,0.096773,0.416853,-100.0188,8.8913,2036.868,1408.964,4,4,0.001172,-0.003546,1.000000,AVOID,0.000000,0.000000,1.000000,0,-0.367975,-0.012249,0.290292,0.237228
trial14_near_wall,1,444,14.2080,-0.301827,0.096773,0.416853,-100.0541,8.9306,2039.256,1418.075,4,5,0.087053,0.019103,1.000000,AVOID,0.000000,0.000000,1.000000,0,-0.367975,0.065983,0.300155,0.227365
trial14_near_wall,1,445,14.2400,-0.301857,0.096773,0.416852,-100.1020,8.9827,2028.073,1401.107,5,4,-0.087554,-0.007561,1.000000,AVOID,0.000000,0.000000,1.000000,0,-0.367975,-0.026116,0.284527,0.242993
trial14_near_wall,1,446,14.2720,-0.301887,0.096773,0.416852,-100.1299,9.0146,2039.066,1406.136,4,4,0.001183,-0.005375,1.000000,AVOID,0.000000,0.000000,1.000000,0,-0.367975,-0.018565,0.274694,0.252826
trial14_near_wall,1,447,14.3040,-0.301916,0.096773,0.416851,-100.1451,9.0339,2032.244,1397.336,4,5,0.087035,0.017727,1.000000,AVOID,0.000000,0.000000,1.000000,0,-0.367975,0.061231,0.287268,0.240252
trial14_near_wall,1,448,14.3360,-0.301946,0.096773,0.416851,-100.1764,9.0693,2030.944,1390.609,5,4,-0.087541,-0.008590,1.000000,AVOID,0.000000,0.000000,1.000000,0,-0.367975,-0.029669,0.273974,0.253546
trial14_near_wall,1,449,14.3680,-0.301976,0.096773,0.416850,-100.1907,9.0877,2042.895,1391.352,4,4,0.001195,-0.006143,1.000000,AVOID,0.000000,0.000000,1.000000,0,-0.367975,-0.021219,0.266116,0.261404
trial14_near_wall,1,450,14.4000,-0.302006,0.096773,0.416849,-100.1941,9.0953,2033.629,1383.515,4,5,0.087016,0.017146,1.000000,AVOID,0.000000,0.000000,1.000000,0,-0.367975,0.059224,0.280333,0.247187
trial14_near_wall,1,451,14.4320,-0.302036,0.096773,0.416849,-100.2165,9.1217,2046.118,1366.920,5,4,-0.087527,-0.009022,1.000000,AVOID,0.000000,0.000000,1.000000,0,-0.367975,-0.031162,0.268399,0.259121
trial14_near_wall,1,452,14.4640,-0.302066,0.096773,0.416848,-100.2230,9.1324,2022.559,1379.234,4,4,0.001207,-0.006465,1.000000,AVOID,0.000000,0.000000,1.000000,0,-0.367975,-0.022329,0.261657,0.265863
trial14_near_wall,1,453,14.4960,-0.302096,0.096773,0.416848,-100.2203,9.1338,2048.858,1412.397,4,5,0.086997,0.016901,1.000000,AVOID,0.000000,0.000000,1.000000,0,-0.367975,0.058375,0.276776,0.250744
trial14_near_wall,1,454,14.5280,-0.302126,0.096773,0.416847,-100.2381,9.1557,2036.187,1364.319,5,4,-0.087514,-0.009203,1.000000,AVOID,0.000000,0.000000,1.000000,0,-0.367975,-0.031787,0.265576,0.261944
trial14_near_wall,1,455,14.5600,-0.302156,0.096773,0.416847,-100.2407,9.1625,2027.688,1402.693,4,4,0.001219,-0.006597,1.000000,AVOID,0.000000,0.000000,1.000000,0,-0.367975,-0.022787,0.259425,0.268095
trial14_near_wall,1,456,14.5920,-0.302186,0.096773,0.416846,-100.2349,9.1608,2045.019,1412.824,4,5,0.086978,0.016797,1.000000,AVOID,0.000000,0.000000,1.000000,0,-0.367975,0.058015,0.275013,0.252507
trial14_near_wall,1,457,14.6240,-0.302216,0.096773,0.416845,-100.2503,9.1803,2034.683,1368.728,5,4,-0.087500,-0.009278,1.000000,AVOID,0.000000,0.000000,1.000000,0,-0.367975,-0.032045,0.264188,0.263332
trial14_near_wall,1,458,14.6560,-0.302246,0.096773,0.416845,-100.2510,9.1851,2043.073,1406.377,4,4,0.001232,-0.006650,1.000000,AVOID,0.000000,0.000000,1.000000,0,-0.367975,-0.022970,0.258339,0.269181
trial14_near_wall,1,459,14.6880,-0.302276,0.096773,0.416844,-100.2436,9.1819,2031.227,1358.081,4,5,0.086959,0.016752,1.000000,AVOID,0.000000,0.000000,1.000000,0,-0.367975,0.057861,0.274159,0.253361
trial14_near_wall,1,460,14.7200,-0.302306,0.096773,0.416844,-100.2579,9.2003,2033.755,1394.880,4,4,-0.460515,-0.102565,1.000000,AVOID,0.000000,0.000000,1.000000,0,-0.367975,-0.354259,0.182995,0.344525
trial14_near_wall,1,461,14.7520,-0.302336,0.096773,0.416843,-100.1535,9.1000,2031.845,1376.085,5,4,-0.087645,-0.098835,1.000000,AVOID,0.000000,0.000000,1.000000,0,-0.367975,-0.341375,0.117842,0.409678
trial14_near_wall,1,462,14.7840,-0.302366,0.096773,0.416843,-99.9651,8.9157,2018.928,1401.483,4,5,0.086939,-0.052391,1.000000,AVOID,0.000000,0.000000,1.000000,0,-0.367975,-0.180959,0.109082,0.418438
trial14_near_wall,1,463,14.8160,-0.302394,0.096773,0.416842,-99.7653,8.7198,2018.661,1406.656,4,4,-0.001729,-0.039726,1.000000,AVOID,0.000000,0.000000,1.000000,0,-0.367975,-0.137212,0.113448,0.414072
trial14_near_wall,1,464,14.8480,-0.302423,0.096773,0.416841,-99.5710,8.5295,2028.901,1419.433,5,4,-0.087632,-0.051702,1.000000,AVOID,0.000000,0.000000,1.000000,0,-0.367975,-0.178580,0.106381,0.421139
trial14_near_wall,1,465,14.8800,-0.302450,0.096773,0.416841,-99.3677,8.3299,2018.482,1435.892,4,5,0.086920,-0.017047,1.000000,AVOID,0.000000,0.000000,1.000000,0,-0.367975,-0.058880,0.131006,0.396514
trial14_near_wall,1,466,14.9120,-0.302477,0.096773,0.416840,-99.1959,8.1618,2029.441,1456.163,4,4,-0.001746,-0.013222,1.000000,AVOID,0.000000,0.000000,1.000000,0,-0.367975,-0.045668,0.152778,0.374742
trial14_near_wall,1,467,14.9440,-0.302504,0.096772,0.416840,-99.0521,8.0217,2011.996,1453.550,5,4,-0.087620,-0.031821,1.000000,AVOID,0.000000,0.000000,1.000000,0,-0.367975,-0.109910,0.153046,0.374474
trial14_near_wall,1,468,14.9760,-0.302530,0.096772,0.416839,-98.9086,7.8818,2007.525,1471.987,4,4,0.468987,0.093381,1.000000,AVOID,0.000000,0.000000,1.000000,0,0.004551,0.322538,0.261359,0.266161
trial14_near_wall,1,469,15.0080,-0.302556,0.096772,0.416839,-98.9048,7.8815,2027.657,1472.377,4,5,0.087125,0.091817,1.000000,AVOID,0.000000,0.000000,1.000000,0,0.004551,0.317136,0.341243,0.186277
trial14_near_wall,1,470,15.0400,-0.302582,0.096772,0.416838,-99.0051,7.9854,2020.420,1454.982,5,4,-0.087607,0.046961,1.000000,AVOID,0.000000,0.000000,1.000000,0,0.004551,0.162203,0.362423,0.165097
trial14_near_wall,1,471,15.0720,-0.302609,0.096773,0.416838,-99.1329,8.1169,2014.840,1480.570,4,4,0.001137,0.035505,1.000000,AVOID,0.000000,0.000000,1.000000,0,-0.367975,0.122634,0.368416,0.159104
trial14_near_wall,1,472,15.1040,-0.302636,0.096773,0.416838,-99.2685,8.2562,2022.255,1444.396,4,5,0.087107,0.048406,1.000000,AVOID,0.000000,0.000000,1.000000,0,-0.367975,0.167193,0.384050,0.143470
trial14_near_wall,1,473,15.1360,-0.302663,0.096773,0.416837,-99.4243,8.4158,2021.917,1424.132,5,4,-0.087594,0.014406,1.000000,AVOID,0.000000,0.000000,1.000000,0,-0.367975,0.049757,0.366417,0.161103
trial14_near_wall,1,474,15.1680,-0.302691,0.096773,0.416837,-99.5575,8.5528,2013.829,1420.583,4,4,0.001148,0.011091,1.000000,AVOID,0.000000,0.000000,1.000000,0,-0.367975,0.038310,0.350330,0.177190
trial14_near_wall,1,475,15.2000,-0.302719,0.096773,0.416836,-99.6701,8.6692,2041.240,1434.014,4,5,0.087089,0.030091,1.000000,AVOID,0.000000,0.000000,1.000000,0,-0.367975,0.103934,0.354671,0.172849
trial14_near_wall,1,476,15.2320,-0.302748,0.096773,0.416836,-99.7881,8.7912,2036.161,1416.439,5,4,-0.087581,0.000673,1.000000,AVOID,0.000000,0.000000,1.000000,0,-0.367975,0.002324,0.332524,0.194996
trial14_near_wall,1,477,15.2640,-0.302777,0.096773,0.416835,-99.8778,8.8849,2037.975,1397.934,4,4,0.001160,0.000795,1.000000,AVOID,0.000000,0.000000,1.000000,0,-0.367975,0.002745,0.316019,0.211501
trial14_near_wall,1,478,15.2960,-0.302806,0.096773,0.416835,-99.9462,8.9573,2038.051,1421.991,4,5,0.087071,0.022364,1.000000,AVOID,0.000000,0.000000,1.000000,0,-0.367975,0.077245,0.322266,0.205254
trial14_near_wall,1,479,15.3280,-0.302835,0.096773,0.416834,-100.0226,9.0377,2035.177,1401.679,5,4,-0.087568,-0.005119,1.000000,AVOID,0.000000,0.000000,1.000000,0,-0.367975,-0.017681,0.303219,0.224301
trial14_near_wall,1,480,15.3600,-0.302865,0.096773,0.416834,-100.0745,9.0937,2043.657,1394.040,4,4,0.001172,-0.003546,1.000000,AVOID,0.000000,0.000000,1.000000,0,-0.367975,-0.012249,0.290292,0.237228
trial14_near_wall,1,481,15.3920,-0.302894,0.096773,0.416833,-100.1098,9.1330,2031.329,1383.271,4,5,0.087053,0.019103,1.000000,AVOID,0.000000,0.000000,1.000000,0,-0.367975,0.065983,0.300155,0.227365
trial14_near_wall,1,482,15.4240,-0.302924,0.096773,0.416833,-100.1577,9.1851,2038.032,1385.675,5,4,-0.087554,-0.007561,1.000000,AVOID,0.000000,0.000000,1.000000,0,-0.367975,-0.026116,0.284527,0.242993
trial14_near_wall,1,483,15.4560,-0.302954,0.096773,0.416832,-100.1856,9.2170,2036.011,1364.659,4,4,0.001183,-0.005375,1.000000,AVOID,0.000000,0.000000,1.000000,0,-0.367975,-0.018565,0.274694,0.252826
trial14_near_wall,1,484,15.4880,-0.302984,0.096773,0.416832,-100.2008,9.2363,2032.359,1393.165,4,5,0.087035,0.017727,1.000000,AVOID,0.000000,0.000000,1.000000,0,-0.367975,0.061231,0.287268,0.240252
trial14_near_wall,1,485,15.5200,-0.303014,0.096773,0.416831,-100.2321,9.2718,2031.335,1395.579,5,4,-0.087541,-0.008590,1.000000,AVOID,0.000000,0.000000,1.000000,0,-0.367975,-0.029669,0.273974,0.253546
trial14_near_wall,1,486,15.5520,-0.303044,0.096773,0.416831,-100.2463,9.2902,2035.463,1390.254,4,4,0.001195,-0.006143,1.000000,AVOID,0.000000,0.000000,1.000000,0,-0.367975,-0.021219,0.266116,0.261404
trial14_near_wall,1,487,15.5840,-0.303074,0.096773,0.416830,-100.2498,9.2978,2026.514,1364.793,4,5,0.087016,0.017146,1.000000,AVOID,0.000000,0.000000,1.000000,0,-0.367975,0.059224,0.280333,0.247187
trial14_near_wall,1,488,15.6160,-0.303104,0.096773,0.416830,-100.2722,9.3243,2029.964,1392.729,5,4,-0.087527,-0.009022,1.000000,AVOID,0.000000,0.000000,1.000000,0,-0.367975,-0.031162,0.268399,0.259121
trial14_near_wall,1,489,15.6480,-0.303135,0.096773,0.416829,-100.2787,9.3350,2038.961,1382.074,4,4,0.001207,-0.006465,1.000000,AVOID,0.000000,0.000000,1.000000,0,-0.367975,-0.022329,0.261657,0.265863
trial14_near_wall,1,490,15.6800,-0.303165,0.096773,0.416829,-100.2760,9.3364,2040.569,1421.741,4,5,0.086997,0.016901,1.000000,AVOID,0.000000,0.000000,1.000000,0,-0.367975,0.058375,0.276776,0.250744
trial14_near_wall,1,491,15.7120,-0.303195,0.096773,0.416828,-100.2937,9.3583,2035.708,1374.691,5,4,-0.087514,-0.009203,1.000000,AVOID,0.000000,0.000000,1.000000,0,-0.367975,-0.031787,0.265576,0.261944
trial14_near_wall,1,492,15.7440,-0.303225,0.096773,0.416828,-100.2964,9.3651,2037.623,1371.365,4,4,0.001219,-0.006597,1.000000,AVOID,0.000000,0.000000,1.000000,0,-0.367975,-0.022787,0.259425,0.268095
trial14_near_wall,1,493,15.7760,-0.303255,0.096773,0.416827,-100.2906,9.3634,2030.298,1383.918,4,5,0.086978,0.016797,1.000000,AVOID,0.000000,0.000000,1.000000,0,-0.367975,0.058015,0.275013,0.252507
trial14_near_wall,1,494,15.8080,-0.303285,0.096773,0.416827,-100.3060,9.3829,2030.972,1382.474,5,4,-0.087500,-0.009278,1.000000,AVOID,0.000000,0.000000,1.000000,0,-0.367975,-0.032045,0.264188,0.263332
trial14_near_wall,1,495,15.8400,-0.303316,0.096773,0.416826,-100.3066,9.3878,2050.498,1373.940,4,4,0.001232,-0.006650,1.000000,AVOID,0.000000,0.000000,1.000000,0,-0.367975,-0.022970,0.258339,0.269181
trial14_near_wall,1,496,15.8720,-0.303346,0.096773,0.416826,-100.2993,9.3846,2039.164,1393.777,4,5,0.086959,0.016752,1.000000,AVOID,0.000000,0.000000,1.000000,0,-0.367975,0.057861,0.274159,0.253361
trial14_near_wall,1,497,15.9040,-0.303376,0.096773,0.416825,-100.3135,9.4030,2037.628,1376.494,4,4,-0.460515,-0.102565,1.000000,AVOID,0.000000,0.000000,1.000000,0,-0.367975,-0.354259,0.182995,0.344525
trial14_near_wall,1,498,15.9360,-0.303406,0.096773,0.416825,-100.2092,9.3027,2032.618,1384.868,5,4,-0.087645,-0.098835,1.000000,AVOID,0.000000,0.000000,1.000000,0,-0.367975,-0.341375,0.117842,0.409678
trial14_near_wall,1,499,15.9680,-0.303436,0.096773,0.416824,-100.0208,9.1184,2019.012,1390.429,4,5,0.086939,-0.052391,1.000000,AVOID,0.000000,0.000000,1.000000,0,-0.367975,-0.180959,0.109082,0.418438
trial14_near_wall,1,500,16.0000,-0.303465,0.096773,0.416824,-99.8210,8.9226,2027.372,1394.090,4,4,-0.001729,-0.039726,1.000000,AVOID,0.000000,0.000000,1.000000,0,-0.367975,-0.137212,0.113448,0.414072
trial14_near_wall,1,501,16.0320,-0.303493,0.096773,0.416823,-99.6267,8.7323,2040.555,1405.403,5,4,-0.087632,-0.051702,1.000000,AVOID,0.000000,0.000000,1.000000,0,-0.367975,-0.178580,0.106381,0.421139
trial14_near_wall,1,502,16.0640,-0.303521,0.096773,0.416823,-99.4234,8.5327,2029.934,1425.266,4,5,0.086920,-0.017047,1.000000,AVOID,0.000000,0.000000,1.000000,0,-0.367975,-0.058880,0.131006,0.396514
trial14_near_wall,1,503,16.0960,-0.303548,0.096773,0.416822,-99.2516,8.3647,2034.684,1442.218,4,4,-0.001746,-0.013222,1.000000,AVOID,0.000000,0.000000,1.000000,0,-0.367975,-0.045668,0.152778,0.374742
trial14_near_wall,1,504,16.1280,-0.303575,0.096773,0.416822,-99.1078,8.2246,2036.667,1437.438,5,4,-0.087620,-0.031821,1.000000,AVOID,0.000000,0.000000,1.000000,0,-0.367975,-0.109910,0.153046,0.374474
trial14_near_wall,1,505,16.1600,-0.303601,0.096772,0.416822,-98.9643,8.0847,2012.881,1460.597,4,4,0.468987,0.093381,1.000000,AVOID,0.000000,0.000000,1.000000,0,-0.367975,0.322538,0.261359,0.266161
trial14_near_wall,1,506,16.1920,-0.303627,0.096772,0.416821,-98.9605,8.0845,2030.442,1476.588,4,5,0.087125,0.091817,1.000000,AVOID,0.000000,0.000000,1.000000,0,-0.367975,0.317136,0.341243,0.186277
trial14_near_wall,1,507,16.2240,-0.303654,0.096773,0.416821,-99.0608,8.1884,2028.678,1462.949,5,4,-0.087607,0.046961,1.000000,AVOID,0.000000,0.000000,1.000000,0,-0.367975,0.162203,0.362423,0.165097
trial14_near_wall,1,508,16.2560,-0.303680,0.096773,0.416820,-99.1886,8.3199,2018.808,1446.602,4,4,0.001137,0.035505,1.000000,AVOID,0.000000,0.000000,1.000000,0,-0.367975,0.122634,0.368416,0.159104
trial14_near_wall,1,509,16.2880,-0.303707,0.096773,0.416820,-99.3242,8.4592,2021.736,1427.663,4,5,0.087107,0.048406,1.000000,AVOID,0.000000,0.000000,1.000000,0,-0.367975,0.167193,0.384050,0.143470
trial14_near_wall,1,510,16.3200,-0.303735,0.096773,0.416820,-99.4800,8.6188,2017.746,1447.706,5,4,-0.087594,0.014406,1.000000,AVOID,0.000000,0.000000,1.000000,0,-0.367975,0.049757,0.366417,0.161103
trial14_near_wall,1,511,16.3520,-0.303763,0.096773,0.416819,-99.6132,8.7559,2023.138,1410.038,4,4,0.001148,0.011091,1.000000,AVOID,0.000000,0.000000,1.000000,0,-0.367975,0.038310,0.350330,0.177190
trial14_near_wall,1,512,16.3840,-0.303791,0.096773,0.416819,-99.7257,8.8723,2029.712,1401.834,4,5,0.087089,0.030091,1.000000,AVOID,0.000000,0.000000,1.000000,0,-0.367975,0.103934,0.354671,0.172849
trial14_near_wall,1,513,16.4160,-0.303820,0.096773,0.416819,-99.8438,8.9943,2022.086,1418.435,5,4,-0.087581,0.000673,1.000000,AVOID,0.000000,0.000000,1.000000,0,-0.367975,0.002324,0.332524,0.194996
trial14_near_wall,1,514,16.4480,-0.303849,0.096773,0.416818,-99.9335,9.0880,2028.063,1400.732,4,4,0.001160,0.000795,1.000000,AVOID,0.000000,0.000000,1.000000,0,-0.367975,0.002745,0.316019,0.211501
trial14_near_wall,1,515,16.4800,-0.303879,0.096773,0.416818,-100.0019,9.1604,2037.578,1387.951,4,5,0.087071,0.022364,1.000000,AVOID,0.000000,0.000000,1.000000,0,-0.367975,0.077245,0.322266,0.205254
trial14_near_wall,1,516,16.5120,-0.303908,0.096773,0.416817,-100.0782,9.2408,2026.195,1413.326,5,4,-0.087568,-0.005119,1.000000,AVOID,0.000000,0.000000,1.000000,0,-0.367975,-0.017681,0.303219,0.224301
trial14_near_wall,1,517,16.5440,-0.303938,0.096773,0.416817,-100.1302,9.2968,2038.902,1388.965,4,4,0.001172,-0.003546,1.000000,AVOID,0.000000,0.000000,1.000000,0,-0.367975,-0.012249,0.290292,0.237228
trial14_near_wall,1,518,16.5760,-0.303968,0.096773,0.416816,-100.1654,9.3362,2036.196,1394.868,4,5,0.087053,0.019103,1.000000,AVOID,0.000000,0.000000,1.000000,0,-0.367975,0.065983,0.300155,0.227365
trial14_near_wall,1,519,16.6080,-0.303998,0.096773,0.416816,-100.2134,9.3882,2049.197,1403.084,5,4,-0.087554,-0.007561,1.000000,AVOID,0.000000,0.000000,1.000000,0,-0.367975,-0.026116,0.284527,0.242993
trial14_near_wall,1,520,16.6400,-0.304028,0.096773,0.416816,-100.2412,9.4202,2046.163,1376.276,4,4,0.001183,-0.005375,1.000000,AVOID,0.000000,0.000000,1.000000,0,-0.367975,-0.018565,0.274694,0.252826
trial14_near_wall,1,521,16.6720,-0.304058,0.096773,0.416815,-100.2564,9.4396,2041.277,1395.021,4,5,0.087035,0.017727,1.000000,AVOID,0.000000,0.000000,1.000000,0,-0.367975,0.061231,0.287268,0.240252
trial14_near_wall,1,522,16.7040,-0.304088,0.096773,0.416815,-100.2877,9.4750,2033.570,1388.774,5,4,-0.087541,-0.008590,1.000000,AVOID,0.000000,0.000000,1.000000,0,-0.367975,-0.029669,0.273974,0.253546
trial14_near_wall,1,523,16.7360,-0.304118,0.096773,0.416814,-100.3020,9.4934,2033.250,1399.573,4,4,0.001195,-0.006143,1.000000,AVOID,0.000000,0.000000,1.000000,0,-0.367975,-0.021219,0.266116,0.261404
trial14_near_wall,1,524,16.7680,-0.304149,0.096773,0.416814,-100.3054,9.5010,2041.062,1360.692,4,5,0.087016,0.017146,1.000000,AVOID,0.000000,0.000000,1.000000,0,-0.367975,0.059224,0.280333,0.247187
trial14_near_wall,1,525,16.8000,-0.304179,0.096773,0.416813,-100.3278,9.5276,2039.349,1389.446,5,4,-0.087527,-0.009022,1.000000,AVOID,0.000000,0.000000,1.000000,0,-0.367975,-0.031162,0.268399,0.259121
trial14_near_wall,1,526,16.8320,-0.304209,0.096773,0.416813,-100.3343,9.5383,2029.929,1376.658,4,4,0.001207,-0.006465,1.000000,AVOID,0.000000,0.000000,1.000000,0,-0.367975,-0.022329,0.261657,0.265863
trial14_near_wall,1,527,16.8640,-0.304239,0.096773,0.416813,-100.3316,9.5398,2019.788,1376.210,4,5,0.086997,0.016901,1.000000,AVOID,0.000000,0.000000,1.000000,0,-0.367975,0.058375,0.276776,0.250744
trial14_near_wall,1,528,16.8960,-0.304270,0.096773,0.416812,-100.3494,9.5616,2030.439,1375.691,5,4,-0.087514,-0.009203,1.000000,AVOID,0.000000,0.000000,1.000000,0,-0.367975,-0.031787,0.265576,0.261944
trial14_near_wall,1,529,16.9280,-0.304300,0.096773,0.416812,-100.3520,9.5685,2048.539,1367.002,4,4,0.001219,-0.006597,1.000000,AVOID,0.000000,0.000000,1.000000,0,-0.367975,-0.022787,0.259425,0.268095
trial14_near_wall,1,530,16.9600,-0.304330,0.096773,0.416811,-100.3462,9.5668,2043.774,1394.146,4,5,0.086978,0.016797,1.000000,AVOID,0.000000,0.000000,1.000000,0,-0.367975,0.058015,0.275013,0.252507
trial14_near_wall,1,531,16.9920,-0.304361,0.096773,0.416811,-100.3616,9.5864,2045.739,1394.520,5,4,-0.087500,-0.009278,1.000000,AVOID,0.000000,0.000000,1.000000,0,-0.367975,-0.032045,0.264188,0.263332
trial14_near_wall,1,532,17.0240,-0.304391,0.096773,0.416811,-100.3623,9.5912,2035.670,1394.405,4,4,0.001232,-0.006650,1.000000,AVOID,0.000000,0.000000,1.000000,0,-0.367975,-0.022970,0.258339,0.269181
trial14_near_wall,1,533,17.0560,-0.304422,0.096773,0.416810,-100.3549,9.5880,2022.722,1367.392,4,5,0.086959,0.016752,1.000000,AVOID,0.000000,0.000000,1.000000,0,-0.367975,0.057861,0.274159,0.253361
trial14_near_wall,1,534,17.0880,-0.304452,0.096773,0.416810,-100.3691,9.6065,2049.726,1385.038,4,4,-0.460515,-0.102565,1.000000,AVOID,0.000000,0.000000,1.000000,0,-0.367975,-0.354259,0.182995,0.344525
trial14_near_wall,1,535,17.1200,-0.304482,0.096773,0.416809,-100.2648,9.5062,2020.695,1388.619,5,4,-0.087645,-0.098835,1.000000,AVOID,0.000000,0.000000,1.000000,0,-0.367975,-0.341375,0.117842,0.409678
trial14_near_wall,1,536,17.1520,-0.304512,0.096773,0.416809,-100.0764,9.3220,2027.497,1395.588,4,5,0.086939,-0.052391,1.000000,AVOID,0.000000,0.000000,1.000000,0,-0.367975,-0.180959,0.109082,0.418438
trial14_near_wall,1,537,17.1840,-0.304541,0.096773,0.416808,-99.8766,9.1262,2032.369,1392.795,4,4,-0.001729,-0.039726,1.000000,AVOID,0.000000,0.000000,1.000000,0,-0.367975,-0.137212,0.113448,0.414072
trial14_near_wall,1,538,17.2160,-0.304570,0.096773,0.416808,-99.6823,8.9359,2031.838,1422.230,5,4,-0.087632,-0.051702,1.000000,AVOID,0.000000,0.000000,1.000000,0,-0.367975,-0.178580,0.106381,0.421139
trial14_near_wall,1,539,17.2480,-0.304598,0.096773,0.416808,-99.4790,8.7363,2022.180,1417.181,4,5,0.086920,-0.017047,1.000000,AVOID,0.000000,0.000000,1.000000,0,-0.367975,-0.058880,0.131006,0.396514
trial14_near_wall,1,540,17.2800,-0.304625,0.096773,0.416807,-99.3072,8.5683,2029.996,1443.844,4,4,-0.001746,-0.013222,1.000000,AVOID,0.000000,0.000000,1.000000,0,-0.367975,-0.045668,0.152778,0.374742
trial14_near_wall,1,541,17.3120,-0.304652,0.096773,0.416807,-99.1634,8.4282,2016.085,1461.670,5,4,-0.087620,-0.031821,1.000000,AVOID,0.000000,0.000000,1.000000,0,-0.367975,-0.109910,0.153046,0.374474
trial14_near_wall,1,542,17.3440,-0.304678,0.096773,0.416806,-99.0199,8.2884,2018.859,1467.183,4,4,0.468987,0.093381,1.000000,AVOID,0.000000,0.000000,1.000000,0,-0.367975,0.322538,0.261359,0.266161
trial14_near_wall,1,543,17.3760,-0.304705,0.096773,0.416806,-99.0161,8.2882,2028.097,1461.987,4,5,0.087125,0.091817,1.000000,AVOID,0.000000,0.000000,1.000000,0,-0.367975,0.317136,0.341243,0.186277
trial14_near_wall,1,544,17.4080,-0.304731,0.096773,0.416806,-99.1164,8.3921,2021.495,1446.248,5,4,-0.087607,0.046961,1.000000,AVOID,0.000000,0.000000,1.000000,0,-0.367975,0.162203,0.362423,0.165097
trial14_near_wall,1,545,17.4400,-0.304758,0.096773,0.416806,-99.2442,8.5236,2030.795,1451.920,4,4,0.001137,0.035505,1.000000,AVOID,0.000000,0.000000,1.000000,0,-0.367975,0.122634,0.368416,0.159104
trial14_near_wall,1,546,17.4720,-0.304785,0.096773,0.416805,-99.3799,8.6630,2008.468,1446.090,4,5,0.087107,0.048406,1.000000,AVOID,0.000000,0.000000,1.000000,0,-0.367975,0.167193,0.384050,0.143470
trial14_near_wall,1,547,17.5040,-0.304813,0.096773,0.416805,-99.5356,8.8226,2033.053,1425.156,5,4,-0.087594,0.014406,1.000000,AVOID,0.000000,0.000000,1.000000,0,-0.367975,0.049757,0.366417,0.161103
trial14_near_wall,1,548,17.5360,-0.304841,0.096773,0.416805,-99.6688,8.9597,2036.125,1424.323,4,4,0.001148,0.011091,1.000000,AVOID,0.000000,0.000000,1.000000,0,-0.367975,0.038310,0.350330,0.177190
trial14_near_wall,1,549,17.5680,-0.304870,0.096773,0.416804,-99.7813,9.0761,2029.729,1428.930,4,5,0.087089,0.030091,1.000000,AVOID,0.000000,0.000000,1.000000,0,-0.367975,0.103934,0.354671,0.172849
trial14_near_wall,1,550,17.6000,-0.304899,0.096773,0.416804,-99.8994,9.1982,2033.177,1390.781,5,4,-0.087581,0.000673,1.000000,AVOID,0.000000,0.000000,1.000000,0,-0.367975,0.002324,0.332524,0.194996
trial14_near_wall,1,551,17.6320,-0.304928,0.096773,0.416804,-99.9891,9.2918,2042.646,1415.960,4,4,0.001160,0.000795,1.000000,AVOID,0.000000,0.000000,1.000000,0,-0.367975,0.002745,0.316019,0.211501
trial14_near_wall,1,552,17.6640,-0.304957,0.096773,0.416803,-100.0574,9.3643,2023.089,1385.031,4,5,0.087071,0.022364,1.000000,AVOID,0.000000,0.000000,1.000000,0,-0.367975,0.077245,0.322266,0.205254
trial14_near_wall,1,553,17.6960,-0.304987,0.096773,0.416803,-100.1338,9.4447,2035.001,1404.438,5,4,-0.087568,-0.005119,1.000000,AVOID,0.000000,0.000000,1.000000,0,-0.367975,-0.017681,0.303219,0.224301
trial14_near_wall,1,554,17.7280,-0.305017,0.096773,0.416803,-100.1857,9.5007,2042.749,1352.754,4,4,0.001172,-0.003546,1.000000,AVOID,0.000000,0.000000,1.000000,0,-0.367975,-0.012249,0.290292,0.237228
trial14_near_wall,1,555,17.7600,-0.305047,0.096773,0.416802,-100.2210,9.5401,2044.125,1387.895,4,5,0.087053,0.019103,1.000000,AVOID,0.000000,0.000000,1.000000,0,-0.367975,0.065983,0.300155,0.227365
trial14_near_wall,1,556,17.7920,-0.305077,0.096773,0.416802,-100.2689,9.5922,2035.404,1372.033,5,4,-0.087554,-0.007561,1.000000,AVOID,0.000000,0.000000,1.000000,0,-0.367975,-0.026116,0.284527,0.242993
trial14_near_wall,1,557,17.8240,-0.305107,0.096773,0.416802,-100.2968,9.6242,2028.882,1353.985,4,4,0.001183,-0.005375,1.000000,AVOID,0.000000,0.000000,1.000000,0,-0.367975,-0.018565,0.274694,0.252826
trial14_near_wall,1,558,17.8560,-0.305138,0.096773,0.416801,-100.3119,9.6435,2048.715,1376.376,4,5,0.087035,0.017727,1.000000,AVOID,0.000000,0.000000,1.000000,0,-0.367975,0.061231,0.287268,0.240252
trial14_near_wall,1,559,17.8880,-0.305168,0.096773,0.416801,-100.3433,9.6790,2047.035,1377.111,5,4,-0.087541,-0.008590,1.000000,AVOID,0.000000,0.000000,1.000000,0,-0.367975,-0.029669,0.273974,0.253546
trial14_near_wall,1,560,17.9200,-0.305198,0.096773,0.416801,-100.3575,9.6974,2043.214,1369.537,4,4,0.001195,-0.006143,1.000000,AVOID,0.000000,0.000000,1.000000,0,-0.367975,-0.021219,0.266116,0.261404
trial14_near_wall,1,561,17.9520,-0.305229,0.096773,0.416800,-100.3610,9.7051,2037.196,1391.257,4,5,0.087016,0.017146,1.000000,AVOID,0.000000,0.000000,1.000000,0,-0.367975,0.059224,0.280333,0.247187
trial14_near_wall,1,562,17.9840,-0.305259,0.096773,0.416800,-100.3833,9.7316,2037.932,1338.800,5,4,-0.087527,-0.009022,1.000000,AVOID,0.000000,0.000000,1.000000,0,-0.367975,-0.031162,0.268399,0.259121
trial14_near_wall,1,563,18.0160,-0.305290,0.096773,0.416799,-100.3899,9.7424,2039.227,1382.643,4,4,0.001207,-0.006465,1.000000,AVOID,0.000000,0.000000,1.000000,0,-0.367975,-0.022329,0.261657,0.265863
trial14_near_wall,1,564,18.0480,-0.305320,0.096773,0.416799,-100.3872,9.7438,2028.776,1390.874,4,5,0.086997,0.016901,1.000000,AVOID,0.000000,0.000000,1.000000,0,-0.367975,0.058375,0.276776,0.250744
trial14_near_wall,1,565,18.0800,-0.305351,0.096773,0.416799,-100.4049,9.7658,2034.890,1374.147,5,4,-0.087514,-0.009203,1.000000,AVOID,0.000000,0.000000,1.000000,0,-0.367975,-0.031787,0.265576,0.261944
trial14_near_wall,1,566,18.1120,-0.305381,0.096773,0.416798,-100.4075,9.7726,2022.368,1392.256,4,4,0.001219,-0.006597,1.000000,AVOID,0.000000,0.000000,1.000000,0,-0.367975,-0.022787,0.259425,0.268095
trial14_near_wall,1,567,18.1440,-0.305412,0.096773,0.416798,-100.4017,9.7710,2034.139,1365.452,4,5,0.086978,0.016797,1.000000,AVOID,0.000000,0.000000,1.000000,0,-0.367975,0.058015,0.275013,0.252507
trial14_near_wall,1,568,18.1760,-0.305442,0.096773,0.416798,-100.4171,9.7905,2044.923,1375.021,5,4,-0.087500,-0.009278,1.000000,AVOID,0.000000,0.000000,1.000000,0,-0.367975,-0.032045,0.264188,0.263332
trial14_near_wall,1,569,18.2080,-0.305473,0.096773,0.416797,-100.4178,9.7954,2049.402,1381.679,4,4,0.001232,-0.006650,1.000000,AVOID,0.000000,0.000000,1.000000,0,-0.367975,-0.022970,0.258339,0.269181
trial14_near_wall,1,570,18.2400,-0.305503,0.096773,0.416797,-100.4104,9.7923,2040.576,1340.074,4,5,0.086959,0.016752,1.000000,AVOID,0.000000,0.000000,1.000000,0,-0.367975,0.057861,0.274159,0.253361
trial14_near_wall,1,571,18.2720,-0.305534,0.096773,0.416797,-100.4247,9.8107,2023.944,1346.809,4,4,-0.460515,-0.102565,1.000000,AVOID,0.000000,0.000000,1.000000,0,-0.367975,-0.354259,0.182995,0.344525
trial14_near_wall,1,572,18.3040,-0.305564,0.096773,0.416796,-100.3203,9.7105,2029.022,1393.111,5,4,-0.087645,-0.098835,1.000000,AVOID,0.000000,0.000000,1.000000,0,-0.367975,-0.341375,0.117842,0.409678
trial14_near_wall,1,573,18.3360,-0.305594,0.096773,0.416796,-100.1319,9.5263,2038.791,1395.925,4,5,0.086939,-0.052391,1.000000,AVOID,0.000000,0.000000,1.000000,0,-0.367975,-0.180959,0.109082,0.418438
trial14_near_wall,1,574,18.3680,-0.305624,0.096773,0.416796,-99.9321,9.3305,2038.520,1398.494,4,4,-0.001729,-0.039726,1.000000,AVOID,0.000000,0.000000,1.000000,0,-0.367975,-0.137212,0.113448,0.414072
trial14_near_wall,1,575,18.4000,-0.305652,0.096773,0.416795,-99.7379,9.1402,2029.438,1415.069,5,4,-0.087632,-0.051702,1.000000,AVOID,0.000000,0.000000,1.000000,0,-0.367975,-0.178580,0.106381,0.421139
trial14_near_wall,1,576,18.4320,-0.305680,0.096773,0.416795,-99.5345,8.9407,2025.863,1436.285,4,5,0.086920,-0.017047,1.000000,AVOID,0.000000,0.000000,1.000000,0,-0.367975,-0.058880,0.131006,0.396514
trial14_near_wall,1,577,18.4640,-0.305708,0.096773,0.416795,-99.3627,8.7727,2015.943,1447.422,4,4,-0.001746,-0.013222,1.000000,AVOID,0.000000,0.000000,1.000000,0,-0.367975,-0.045668,0.152778,0.374742
trial14_near_wall,1,578,18.4960,-0.305735,0.096773,0.416794,-99.2189,8.6326,2020.268,1472.398,5,4,-0.087620,-0.031821,1.000000,AVOID,0.000000,0.000000,1.000000,0,-0.367975,-0.109910,0.153046,0.374474
trial14_near_wall,1,579,18.5280,-0.305762,0.096773,0.416794,-99.0755,8.4929,2018.178,1488.336,4,4,0.468987,0.093381,1.000000,AVOID,0.000000,0.000000,1.000000,0,-0.367975,0.322538,0.261359,0.266161
trial14_near_wall,1,580,18.5600,-0.305788,0.096773,0.416794,-99.0717,8.4927,2014.137,1464.656,4,5,0.087125,0.091817,1.000000,AVOID,0.000000,0.000000,1.000000,0,-0.367975,0.317136,0.341243,0.186277
trial14_near_wall,1,581,18.5920,-0.305815,0.096773,0.416794,-99.1720,8.5966,2021.398,1448.236,5,4,-0.087607,0.046961,1.000000,AVOID,0.000000,0.000000,1.000000,0,-0.367975,0.162203,0.362423,0.165097
trial14_near_wall,1,582,18.6240,-0.305842,0.096773,0.416793,-99.2998,8.7281,2030.016,1457.981,4,4,0.001137,0.035505,1.000000,AVOID,0.000000,0.000000,1.000000,0,-0.367975,0.122634,0.368416,0.159104
trial14_near_wall,1,583,18.6560,-0.305869,0.096773,0.416793,-99.4354,8.8675,2017.604,1448.788,4,5,0.087107,0.048406,1.000000,AVOID,0.000000,0.000000,1.000000,0,-0.367975,0.167193,0.384050,0.143470
trial14_near_wall,1,584,18.6880,-0.305897,0.096773,0.416793,-99.5912,9.0271,2030.214,1437.018,5,4,-0.087594,0.014406,1.000000,AVOID,0.000000,0.000000,1.000000,0,-0.367975,0.049757,0.366417,0.161103
trial14_near_wall,1,585,18.7200,-0.305925,0.096773,0.416793,-99.7244,9.1642,2036.681,1430.163,4,4,0.001148,0.011091,1.000000,AVOID,0.000000,0.000000,1.000000,0,-0.367975,0.038310,0.350330,0.177190
trial14_near_wall,1,586,18.7520,-0.305954,0.096773,0.416792,-99.8369,9.2807,2037.637,1421.356,4,5,0.087089,0.030091,1.000000,AVOID,0.000000,0.000000,1.000000,0,-0.367975,0.103934,0.354671,0.172849
trial14_near_wall,1,587,18.7840,-0.305983,0.096773,0.416792,-99.9550,9.4028,2039.677,1422.373,5,4,-0.087581,0.000673,1.000000,AVOID,0.000000,0.000000,1.000000,0,-0.367975,0.002324,0.332524,0.194996
trial14_near_wall,1,588,18.8160,-0.306013,0.096773,0.416792,-100.0446,9.4964,2042.671,1418.514,4,4,0.001160,0.000795,1.000000,AVOID,0.000000,0.000000,1.000000,0,-0.367975,0.002745,0.316019,0.211501
trial14_near_wall,1,589,18.8480,-0.306042,0.096773,0.416792,-100.1130,9.5689,2017.649,1404.001,4,5,0.087071,0.022364,1.000000,AVOID,0.000000,0.000000,1.000000,0,-0.367975,0.077245,0.322266,0.205254
trial14_near_wall,1,590,18.8800,-0.306072,0.096773,0.416791,-100.1893,9.6494,2040.588,1383.176,5,4,-0.087568,-0.005119,1.000000,AVOID,0.000000,0.000000,1.000000,0,-0.367975,-0.017681,0.303219,0.224301
trial14_near_wall,1,591,18.9120,-0.306102,0.096773,0.416791,-100.2412,9.7054,2041.433,1382.636,4,4,0.001172,-0.003546,1.000000,AVOID,0.000000,0.000000,1.000000,0,-0.367975,-0.012249,0.290292,0.237228
trial14_near_wall,1,592,18.9440,-0.306132,0.096773,0.416791,-100.2765,9.7448,2047.235,1376.725,4,5,0.087053,0.019103,1.000000,AVOID,0.000000,0.000000,1.000000,0,-0.367975,0.065983,0.300155,0.227365
trial14_near_wall,1,593,18.9760,-0.306163,0.096773,0.416791,-100.3244,9.7969,2018.923,1381.063,5,4,-0.087554,-0.007561,1.000000,AVOID,0.000000,0.000000,1.000000,0,-0.367975,-0.026116,0.284527,0.242993
trial14_near_wall,1,594,19.0080,-0.306193,0.096773,0.416790,-100.3523,9.8289,2038.333,1366.411,4,4,0.001183,-0.005375,1.000000,AVOID,0.000000,0.000000,1.000000,0,-0.367975,-0.018565,0.274694,0.252826
trial14_near_wall,1,595,19.0400,-0.306223,0.096773,0.416790,-100.3674,9.8483,2042.175,1379.758,4,5,0.087035,0.017727,1.000000,AVOID,0.000000,0.000000,1.000000,0,-0.367975,0.061231,0.287268,0.240252
trial14_near_wall,1,596,19.0720,-0.306254,0.096773,0.416790,-100.3987,9.8838,2040.283,1357.759,5,4,-0.087541,-0.008590,1.000000,AVOID,0.000000,0.000000,1.000000,0,-0.367975,-0.029669,0.273974,0.253546
trial14_near_wall,1,597,19.1040,-0.306284,0.096773,0.416789,-100.4130,9.9022,2033.129,1380.878,4,4,0.001195,-0.006143,1.000000,AVOID,0.000000,0.000000,1.000000,0,-0.367975,-0.021219,0.266116,0.261404
trial14_near_wall,1,598,19.1360,-0.306315,0.096773,0.416789,-100.4165,9.9099,2019.171,1357.946,4,5,0.087016,0.017146,1.000000,AVOID,0.000000,0.000000,1.000000,0,-0.367975,0.059224,0.280333,0.247187
trial14_near_wall,1,599,19.1680,-0.306346,0.096773,0.416789,-100.4388,9.9364,2030.819,1374.321,5,4,-0.087527,-0.009022,1.000000,AVOID,0.000000,0.000000,1.000000,0,-0.367975,-0.031162,0.268399,0.259121
trial14_near_wall,1,600,19.2000,-0.306376,0.096773,0.416789,-100.4454,9.9472,2051.797,1369.537,4,4,0.001207,-0.006465,1.000000,AVOID,0.000000,0.000000,1.000000,0,-0.367975,-0.022329,0.261657,0.265863
trial14_near_wall,1,601,19.2320,-0.306407,0.096773,0.416788,-100.4426,9.9487,2050.850,1368.561,4,5,0.086997,0.016901,1.000000,AVOID,0.000000,0.000000,1.000000,0,-0.367975,0.058375,0.276776,0.250744
trial14_near_wall,1,602,19.2640,-0.306438,0.096773,0.416788,-100.4604,9.9706,2037.810,1381.133,5,4,-0.087514,-0.009203,1.000000,AVOID,0.000000,0.000000,1.000000,0,-0.367975,-0.031787,0.265576,0.261944
trial14_near_wall,1,603,19.2960,-0.306468,0.096773,0.416788,-100.4630,9.9775,2043.186,1355.826,4,4,0.001219,-0.006597,1.000000,AVOID,0.000000,0.000000,1.000000,0,-0.367975,-0.022787,0.259425,0.268095
trial14_near_wall,1,604,19.3280,-0.306499,0.096773,0.416788,-100.4572,9.9759,2031.004,1347.310,4,5,0.086978,0.016797,1.000000,AVOID,0.000000,0.000000,1.000000,0,-0.367975,0.058015,0.275013,0.252507
trial14_near_wall,1,605,19.3600,-0.306530,0.096773,0.416787,-100.4726,9.9955,2030.389,1359.051,5,4,-0.087500,-0.009278,1.000000,AVOID,0.000000,0.000000,1.000000,0,-0.367975,-0.032045,0.264188,0.263332
trial14_near_wall,1,606,19.3920,-0.306560,0.096773,0.416787,-100.4732,10.0004,2030.094,1370.428,4,4,0.001232,-0.006650,1.000000,AVOID,0.000000,0.000000,1.000000,0,-0.367975,-0.022970,0.258339,0.269181
trial14_near_wall,1,607,19.4240,-0.306591,0.096773,0.416787,-100.4659,9.9972,2034.964,1370.669,4,5,0.086959,0.016752,1.000000,AVOID,0.000000,0.000000,1.000000,0,-0.367975,0.057861,0.274159,0.253361
trial14_near_wall,1,608,19.4560,-0.306622,0.096773,0.416787,-100.4801,10.0157,2039.961,1368.277,4,4,-0.460515,-0.102565,1.000000,AVOID,0.000000,0.000000,1.000000,0,-0.367975,-0.354259,0.182995,0.344525
trial14_near_wall,1,609,19.4880,-0.306652,0.096773,0.416786,-100.3757,9.9155,2044.417,1399.033,5,4,-0.087645,-0.098835,1.000000,AVOID,0.000000,0.000000,1.000000,0,-0.367975,-0.341375,0.117842,0.409678
trial14_near_wall,1,610,19.5200,-0.306682,0.096773,0.416786,-100.1874,9.7313,2027.124,1388.114,4,5,0.086939,-0.052391,1.000000,AVOID,0.000000,0.000000,1.000000,0,-0.367975,-0.180959,0.109082,0.418438
trial14_near_wall,1,611,19.5520,-0.306712,0.096773,0.416786,-99.9876,9.5356,2027.032,1403.386,4,4,-0.001729,-0.039726,1.000000,AVOID,0.000000,0.000000,1.000000,0,-0.367975,-0.137212,0.113448,0.414072
trial14_near_wall,1,612,19.5840,-0.306741,0.096773,0.416785,-99.7934,9.3453,2031.969,1404.556,5,4,-0.087632,-0.051702,1.000000,AVOID,0.000000,0.000000,1.000000,0,-0.367975,-0.178580,0.106381,0.421139
trial14_near_wall,1,613,19.6160,-0.306769,0.096773,0.416785,-99.5900,9.1458,2023.915,1413.926,4,5,0.086920,-0.017047,1.000000,AVOID,0.000000,0.000000,1.000000,0,-0.367975,-0.058880,0.131006,0.396514
trial14_near_wall,1,614,19.6480,-0.306797,0.096773,0.416785,-99.4182,8.9779,2026.271,1438.986,4,4,-0.001746,-0.013222,1.000000,AVOID,0.000000,0.000000,1.000000,0,-0.367975,-0.045668,0.152778,0.374742
trial14_near_wall,1,615,19.6800,-0.306824,0.096773,0.416785,-99.2744,8.8378,2018.741,1451.071,5,4,-0.087620,-0.031821,1.000000,AVOID,0.000000,0.000000,1.000000,0,-0.367975,-0.109910,0.153046,0.374474
trial14_near_wall,1,616,19.7120,-0.306851,0.096773,0.416784,-99.1310,8.6981,2013.353,1450.958,4,4,0.468987,0.093381,1.000000,AVOID,0.000000,0.000000,1.000000,0,-0.367975,0.322538,0.261359,0.266161
trial14_near_wall,1,617,19.7440,-0.306877,0.096773,0.416784,-99.1272,8.6979,2018.895,1469.322,4,5,0.087125,0.091817,1.000000,AVOID,0.000000,0.000000,1.000000,0,-0.367975,0.317136,0.341243,0.186277
trial14_near_wall,1,618,19.7760,-0.306904,0.096773,0.416784,-99.2275,8.8019,2016.508,1453.318,5,4,-0.087607,0.046961,1.000000,AVOID,0.000000,0.000000,1.000000,0,-0.367975,0.162203,0.362423,0.165097
trial14_near_wall,1,619,19.8080,-0.306931,0.096773,0.416784,-99.3553,8.9334,2011.985,1443.794,4,4,0.001137,0.035505,1.000000,AVOID,0.000000,0.000000,1.000000,0,-0.367975,0.122634,0.368416,0.159104
trial14_near_wall,1,620,19.8400,-0.306959,0.096773,0.416784,-99.4909,9.0728,2036.327,1430.973,4,5,0.087107,0.048406,1.000000,AVOID,0.000000,0.000000,1.000000,0,-0.367975,0.167193,0.384050,0.143470
trial14_near_wall,1,621,19.8720,-0.306987,0.096773,0.416784,-99.6467,9.2324,2023.210,1445.477,5,4,-0.087594,0.014406,1.000000,AVOID,0.000000,0.000000,1.000000,0,-0.367975,0.049757,0.366417,0.161103
trial14_near_wall,1,622,19.9040,-0.307015,0.096773,0.416783,-99.7798,9.3695,2023.799,1418.904,4,4,0.001148,0.011091,1.000000,AVOID,0.000000,0.000000,1.000000,0,-0.367975,0.038310,0.350330,0.177190
trial14_near_wall,1,623,19.9360,-0.307044,0.096773,0.416783,-99.8923,9.4860,2036.500,1430.555,4,5,0.087089,0.030091,1.000000,AVOID,0.000000,0.000000,1.000000,0,-0.367975,0.103934,0.354671,0.172849
trial14_near_wall,1,624,19.9680,-0.307074,0.096773,0.416783,-100.0104,9.6081,2029.204,1393.556,5,4,-0.087581,0.000673,1.000000,AVOID,0.000000,0.000000,1.000000,0,-0.367975,0.002324,0.332524,0.194996
trial14_near_wall,1,625,20.0000,-0.307103,0.096773,0.416783,-100.1000,9.7018,2032.408,1391.210,4,4,0.001160,0.000795,1.000000,AVOID,0.000000,0.000000,1.000000,0,-0.367975,0.002745,0.316019,0.211501
trial14_near_wall,1,626,20.0320,-0.307133,0.096773,0.416783,-100.1684,9.7743,2041.297,1391.898,4,5,0.087071,0.022364,1.000000,AVOID,0.000000,0.000000,1.000000,0,-0.367975,0.077245,0.322266,0.205254
trial14_near_wall,1,627,20.0640,-0.307163,0.096773,0.416783,-100.2448,9.8548,2031.003,1383.270,5,4,-0.087568,-0.005119,1.000000,AVOID,0.000000,0.000000,1.000000,0,-0.367975,-0.017681,0.303219,0.224301
trial14_near_wall,1,628,20.0960,-0.307193,0.096773,0.416782,-100.2967,9.9108,2024.436,1376.746,4,4,0.001172,-0.003546,1.000000,AVOID,0.000000,0.000000,1.000000,0,-0.367975,-0.012249,0.290292,0.237228
trial14_near_wall,1,629,20.1280,-0.307224,0.096773,0.416782,-100.3319,9.9502,2038.844,1374.275,4,5,0.087053,0.019103,1.000000,AVOID,0.000000,0.000000,1.000000,0,-0.367975,0.065983,0.300155,0.227365
trial14_near_wall,1,630,20.1600,-0.307254,0.096773,0.416782,-100.3798,10.0023,2041.590,1381.349,5,4,-0.087554,-0.007561,1.000000,AVOID,0.000000,0.000000,1.000000,0,-0.367975,-0.026116,0.284527,0.242993
trial14_near_wall,1,631,20.1920,-0.307285,0.096773,0.416782,-100.4077,10.0344,2043.445,1384.716,4,4,0.001183,-0.005375,1.000000,AVOID,0.000000,0.000000,1.000000,0,-0.367975,-0.018565,0.274694,0.252826
trial14_near_wall,1,632,20.2240,-0.307315,0.096773,0.416782,-100.4228,10.0537,2036.217,1393.540,4,5,0.087035,0.017727,1.000000,AVOID,0.000000,0.000000,1.000000,0,-0.367975,0.061231,0.287268,0.240252
trial14_near_wall,1,633,20.2560,-0.307346,0.096773,0.416781,-100.4542,10.0893,2042.112,1372.406,5,4,-0.087541,-0.008590,1.000000,AVOID,0.000000,0.000000,1.000000,0,-0.367975,-0.029669,0.273974,0.253546
trial14_near_wall,1,634,20.2880,-0.307376,0.096773,0.416781,-100.4684,10.1077,2029.926,1389.973,4,4,0.001195,-0.006143,1.000000,AVOID,0.000000,0.000000,1.000000,0,-0.367975,-0.021219,0.266116,0.261404
trial14_near_wall,1,635,20.3200,-0.307407,0.096773,0.416781,-100.4719,10.1154,2031.665,1371.837,4,5,0.087016,0.017146,1.000000,AVOID,0.000000,0.000000,1.000000,0,-0.367975,0.059224,0.280333,0.247187
trial14_near_wall,1,636,20.3520,-0.307438,0.096773,0.416781,-100.4942,10.1420,2035.085,1379.596,5,4,-0.087527,-0.009022,1.000000,AVOID,0.000000,0.000000,1.000000,0,-0.367975,-0.031162,0.268399,0.259121
trial14_near_wall,1,637,20.3840,-0.307469,0.096773,0.416781,-100.5008,10.1528,2043.233,1329.981,4,4,0.001207,-0.006465,1.000000,AVOID,0.000000,0.000000,1.000000,0,-0.367975,-0.022329,0.261657,0.265863
trial14_near_wall,1,638,20.4160,-0.307500,0.096773,0.416780,-100.4980,10.1543,2036.852,1389.681,4,5,0.086997,0.016901,1.000000,AVOID,0.000000,0.000000,1.000000,0,-0.367975,0.058375,0.276776,0.250744
trial14_near_wall,1,639,20.4480,-0.307530,0.096773,0.416780,-100.5158,10.1762,2026.058,1371.864,5,4,-0.087514,-0.009203,1.000000,AVOID,0.000000,0.000000,1.000000,0,-0.367975,-0.031787,0.265576,0.261944
trial14_near_wall,1,640,20.4800,-0.307561,0.096773,0.416780,-100.5184,10.1831,2043.002,1339.150,4,4,0.001219,-0.006597,1.000000,AVOID,0.000000,0.000000,1.000000,0,-0.367975,-0.022787,0.259425,0.268095
trial14_near_wall,1,641,20.5120,-0.307592,0.096773,0.416780,-100.5126,10.1815,2019.355,1361.971,4,5,0.086978,0.016797,1.000000,AVOID,0.000000,0.000000,1.000000,0,-0.367975,0.058015,0.275013,0.252507
trial14_near_wall,1,642,20.5440,-0.307623,0.096773,0.416780,-100.5279,10.2011,2034.298,1358.093,5,4,-0.087500,-0.009278,1.000000,AVOID,0.000000,0.000000,1.000000,0,-0.367975,-0.032045,0.264188,0.263332
trial14_near_wall,1,643,20.5760,-0.307654,0.096773,0.416780,-100.5286,10.2061,2046.231,1350.168,4,4,0.001232,-0.006650,1.000000,AVOID,0.000000,0.000000,1.000000,0,-0.367975,-0.022970,0.258339,0.269181
trial14_near_wall,1,644,20.6080,-0.307685,0.096773,0.416779,-100.5213,10.2030,2044.996,1367.348,4,5,0.086959,0.016752,1.000000,AVOID,0.000000,0.000000,1.000000,0,-0.367975,0.057861,0.274159,0.253361
trial14_near_wall,1,645,20.6400,-0.307715,0.096773,0.416779,-100.5355,10.2214,2037.171,1336.816,4,4,-0.460515,-0.102565,1.000000,AVOID,0.000000,0.000000,1.000000,0,-0.367975,-0.354259,0.182995,0.344525
trial14_near_wall,1,646,20.6720,-0.307746,0.096773,0.416779,-100.4311,10.1213,2035.920,1378.782,5,4,-0.087645,-0.098835,1.000000,AVOID,0.000000,0.000000,1.000000,0,-0.367975,-0.341375,0.117842,0.409678
trial14_near_wall,1,647,20.7040,-0.307776,0.096773,0.416779,-100.2428,9.9371,2053.463,1368.232,4,5,0.086939,-0.052391,1.000000,AVOID,0.000000,0.000000,1.000000,0,-0.367975,-0.180959,0.109082,0.418438
trial14_near_wall,1,648,20.7360,-0.307806,0.096773,0.416779,-100.0430,9.7414,2030.742,1403.391,4,4,-0.001729,-0.039726,1.000000,AVOID,0.000000,0.000000,1.000000,0,-0.367975,-0.137212,0.113448,0.414072
trial14_near_wall,1,649,20.7680,-0.307835,0.096773,0.416778,-99.8487,9.5511,2027.359,1435.273,5,4,-0.087632,-0.051702,1.000000,AVOID,0.000000,0.000000,1.000000,0,-0.367975,-0.178580,0.106381,0.421139
trial14_near_wall,1,650,20.8000,-0.307864,0.096773,0.416778,-99.6454,9.3517,2020.925,1429.882,4,5,0.086920,-0.017047,1.000000,AVOID,0.000000,0.000000,1.000000,0,-0.367975,-0.058880,0.131006,0.396514
trial14_near_wall,1,651,20.8320,-0.307891,0.096773,0.416778,-99.4736,9.1837,2021.797,1433.830,4,4,-0.001746,-0.013222,1.000000,AVOID,0.000000,0.000000,1.000000,0,-0.367975,-0.045668,0.152778,0.374742
trial14_near_wall,1,652,20.8640,-0.307919,0.096773,0.416778,-99.3298,9.0437,2021.945,1465.370,5,4,-0.087620,-0.031821,1.000000,AVOID,0.000000,0.000000,1.000000,0,-0.367975,-0.109910,0.153046,0.374474
trial14_near_wall,1,653,20.8960,-0.307946,0.096773,0.416778,-99.1864,8.9040,2018.831,1457.317,4,4,0.468987,0.093381,1.000000,AVOID,0.000000,0.000000,1.000000,0,-0.367975,0.322538,0.261359,0.266161
trial14_near_wall,1,654,20.9280,-0.307973,0.096773,0.416778,-99.1826,8.9039,2019.488,1454.265,4,5,0.087125,0.091817,1.000000,AVOID,0.000000,0.000000,1.000000,0,-0.367975,0.317136,0.341243,0.186277
trial14_near_wall,1,655,20.9600,-0.307999,0.096773,0.416777,-99.2829,9.0079,2032.482,1433.247,5,4,-0.087607,0.046961,1.000000,AVOID,0.000000,0.000000,1.000000,0,-0.367975,0.162203,0.362423,0.165097
trial14_near_wall,1,656,20.9920,-0.308027,0.096773,0.416777,-99.4107,9.1394,2015.442,1452.093,4,4,0.001137,0.035505,1.000000,AVOID,0.000000,0.000000,1.000000,0,-0.367975,0.122634,0.368416,0.159104
trial14_near_wall,1,657,21.0240,-0.308055,0.096773,0.416777,-99.5463,9.2788,2030.044,1452.521,4,5,0.087107,0.048406,1.000000,AVOID,0.000000,0.000000,1.000000,0,-0.367975,0.167193,0.384050,0.143470
trial14_near_wall,1,658,21.0560,-0.308083,0.096773,0.416777,-99.7021,9.4385,2026.280,1421.510,5,4,-0.087594,0.014406,1.000000,AVOID,0.000000,0.000000,1.000000,0,-0.367975,0.049757,0.366417,0.161103
trial14_near_wall,1,659,21.0880,-0.308111,0.096773,0.416777,-99.8352,9.5756,2037.321,1394.339,4,4,0.001148,0.011091,1.000000,AVOID,0.000000,0.000000,1.000000,0,-0.367975,0.038310,0.350330,0.177190
trial14_near_wall,1,660,21.1200,-0.308141,0.096773,0.416777,-99.9477,9.6921,2036.812,1405.667,4,5,0.087089,0.030091,1.000000,AVOID,0.000000,0.000000,1.000000,0,-0.367975,0.103934,0.354671,0.172849
trial14_near_wall,1,661,21.1520,-0.308170,0.096773,0.416777,-100.0658,9.8142,2040.658,1402.810,5,4,-0.087581,0.000673,1.000000,AVOID,0.000000,0.000000,1.000000,0,-0.367975,0.002324,0.332524,0.194996
trial14_near_wall,1,662,21.1840,-0.308200,0.096773,0.416777,-100.1554,9.9079,2042.837,1380.443,4,4,0.001160,0.000795,1.000000,AVOID,0.000000,0.000000,1.000000,0,-0.367975,0.002745,0.316019,0.211501
trial14_near_wall,1,663,21.2160,-0.308230,0.096773,0.416777,-100.2238,9.9804,2036.252,1396.934,4,5,0.087071,0.022364,1.000000,AVOID,0.000000,0.000000,1.000000,0,-0.367975,0.077245,0.322266,0.205254
trial14_near_wall,1,664,21.2480,-0.308260,0.096773,0.416777,-100.3001,10.0609,2042.683,1384.967,5,4,-0.087568,-0.005119,1.000000,AVOID,0.000000,0.000000,1.000000,0,-0.367975,-0.017681,0.303219,0.224301
trial14_near_wall,1,665,21.2800,-0.308290,0.096773,0.416776,-100.3520,10.1170,2046.776,1380.167,4,4,0.001172,-0.003546,1.000000,AVOID,0.000000,0.000000,1.000000,0,-0.367975,-0.012249,0.290292,0.237228
trial14_near_wall,1,666,21.3120,-0.308321,0.096773,0.416776,-100.3873,10.1564,2037.996,1355.749,4,5,0.087053,0.019103,1.000000,AVOID,0.000000,0.000000,1.000000,0,-0.367975,0.065983,0.300155,0.227365
trial14_near_wall,1,667,21.3440,-0.308351,0.096773,0.416776,-100.4352,10.2085,2036.739,1366.126,5,4,-0.087554,-0.007561,1.000000,AVOID,0.000000,0.000000,1.000000,0,-0.367975,-0.026116,0.284527,0.242993
trial14_near_wall,1,668,21.3760,-0.308382,0.096773,0.416776,-100.4630,10.2406,2038.341,1364.308,4,4,0.001183,-0.005375,1.000000,AVOID,0.000000,0.000000,1.000000,0,-0.367975,-0.018565,0.274694,0.252826
trial14_near_wall,1,669,21.4080,-0.308413,0.096773,0.416776,-100.4782,10.2600,2051.799,1385.874,4,5,0.087035,0.017727,1.000000,AVOID,0.000000,0.000000,1.000000,0,-0.367975,0.061231,0.287268,0.240252
trial14_near_wall,1,670,21.4400,-0.308444,0.096773,0.416776,-100.5095,10.2955,2027.313,1344.210,5,4,-0.087541,-0.008590,1.000000,AVOID,0.000000,0.000000,1.000000,0,-0.367975,-0.029669,0.273974,0.253546
trial14_near_wall,1,671,21.4720,-0.308474,0.096773,0.416776,-100.5237,10.3140,2038.054,1356.099,4,4,0.001195,-0.006143,1.000000,AVOID,0.000000,0.000000,1.000000,0,-0.367975,-0.021219,0.266116,0.261404
trial14_near_wall,1,672,21.5040,-0.308505,0.096773,0.416776,-100.5272,10.3217,2042.772,1377.530,4,5,0.087016,0.017146,1.000000,AVOID,0.000000,0.000000,1.000000,0,-0.367975,0.059224,0.280333,0.247187
trial14_near_wall,1,673,21.5360,-0.308536,0.096773,0.416776,-100.5495,10.3483,2034.996,1343.844,5,4,-0.087527,-0.009022,1.000000,AVOID,0.000000,0.000000,1.000000,0,-0.367975,-0.031162,0.268399,0.259121
trial14_near_wall,1,674,21.5680,-0.308567,0.096773,0.416775,-100.5561,10.3591,2055.805,1340.677,4,4,0.001207,-0.006465,1.000000,AVOID,0.000000,0.000000,1.000000,0,-0.367975,-0.022329,0.261657,0.265863
trial14_near_wall,1,675,21.6000,-0.308598,0.096773,0.416775,-100.5534,10.3606,2037.227,1340.396,4,5,0.086997,0.016901,1.000000,AVOID,0.000000,0.000000,1.000000,0,-0.367975,0.058375,0.276776,0.250744
trial14_near_wall,1,676,21.6320,-0.308629,0.096773,0.416775,-100.5711,10.3826,2041.743,1320.108,5,4,-0.087514,-0.009203,1.000000,AVOID,0.000000,0.000000,1.000000,0,-0.367975,-0.031787,0.265576,0.261944
trial14_near_wall,1,677,21.6640,-0.308660,0.096773,0.416775,-100.5737,10.3895,2043.528,1364.297,4,4,0.001219,-0.006597,1.000000,AVOID,0.000000,0.000000,1.000000,0,-0.367975,-0.022787,0.259425,0.268095
trial14_near_wall,1,678,21.6960,-0.308691,0.096773,0.416775,-100.5679,10.3879,2043.265,1366.399,4,5,0.086978,0.016797,1.000000,AVOID,0.000000,0.000000,1.000000,0,-0.367975,0.058015,0.275013,0.252507
trial14_near_wall,1,679,21.7280,-0.308722,0.096773,0.416775,-100.5833,10.4076,2041.958,1375.133,5,4,-0.087500,-0.009278,1.000000,AVOID,0.000000,0.000000,1.000000,0,-0.367975,-0.032045,0.264188,0.263332
trial14_near_wall,1,680,21.7600,-0.308753,0.096773,0.416775,-100.5839,10.4125,2029.543,1373.961,4,4,0.001232,-0.006650,1.000000,AVOID,0.000000,0.000000,1.000000,0,-0.367975,-0.022970,0.258339,0.269181
trial14_near_wall,1,681,21.7920,-0.308784,0.096773,0.416775,-100.5766,10.4094,2032.201,1375.142,4,5,0.086959,0.016752,1.000000,AVOID,0.000000,0.000000,1.000000,0,-0.367975,0.057861,0.274159,0.253361
trial14_near_wall,1,682,21.8240,-0.308815,0.096773,0.416775,-100.5908,10.4279,2043.956,1348.461,4,4,-0.460515,-0.102565,1.000000,AVOID,0.000000,0.000000,1.000000,0,-0.367975,-0.354259,0.182995,0.344525
trial14_near_wall,1,683,21.8560,-0.308846,0.096773,0.416775,-100.4864,10.3278,2040.692,1398.805,5,4,-0.087645,-0.098835,1.000000,AVOID,0.000000,0.000000,1.000000,0,-0.367975,-0.341375,0.117842,0.409678
trial14_near_wall,1,684,21.8880,-0.308876,0.096773,0.416774,-100.2981,10.1436,2034.839,1387.608,4,5,0.086939,-0.052391,1.000000,AVOID,0.000000,0.000000,1.000000,0,-0.367975,-0.180959,0.109082,0.418438
trial14_near_wall,1,685,21.9200,-0.308906,0.096773,0.416774,-100.0983,9.9479,2028.360,1409.234,4,4,-0.001729,-0.039726,1.000000,AVOID,0.000000,0.000000,1.000000,0,-0.367975,-0.137212,0.113448,0.414072
trial14_near_wall,1,686,21.9520,-0.308935,0.096773,0.416774,-99.9041,9.7577,2026.989,1404.578,5,4,-0.087632,-0.051702,1.000000,AVOID,0.000000,0.000000,1.000000,0,-0.367975,-0.178580,0.106381,0.421139
trial14_near_wall,1,687,21.9840,-0.308964,0.096773,0.416774,-99.7007,9.5583,2031.073,1406.301,4,5,0.086920,-0.017047,1.000000,AVOID,0.000000,0.000000,1.000000,0,-0.367975,-0.058880,0.131006,0.396514
trial14_near_wall,1,688,22.0160,-0.308992,0.096773,0.416774,-99.5289,9.3904,2025.030,1428.326,4,4,-0.001746,-0.013222,1.000000,AVOID,0.000000,0.000000,1.000000,0,-0.367975,-0.045668,0.152778,0.374742
trial14_near_wall,1,689,22.0480,-0.309020,0.096773,0.416774,-99.3852,9.2504,2018.613,1442.557,5,4,-0.087620,-0.031821,1.000000,AVOID,0.000000,0.000000,1.000000,0,-0.367975,-0.109910,0.153046,0.374474
trial14_near_wall,1,690,22.0800,-0.309047,0.096773,0.416774,-99.2417,9.1107,2025.844,1444.620,4,4,0.468987,0.093381,1.000000,AVOID,0.000000,0.000000,1.000000,0,-0.367975,0.322538,0.261359,0.266161
trial14_near_wall,1,691,22.1120,-0.309074,0.096773,0.416774,-99.2379,9.1106,2021.921,1447.270,4,5,0.087125,0.091817,1.000000,AVOID,0.000000,0.000000,1.000000,0,-0.367975,0.317136,0.341243,0.186277
trial14_near_wall,1,692,22.1440,-0.309101,0.096773,0.416774,-99.3382,9.2146,2023.549,1458.134,5,4,-0.087607,0.046961,1.000000,AVOID,0.000000,0.000000,1.000000,0,-0.367975,0.162203,0.362423,0.165097
trial14_near_wall,1,693,22.1760,-0.309128,0.096773,0.416774,-99.4660,9.3462,2021.396,1452.289,4,4,0.001137,0.035505,1.000000,AVOID,0.000000,0.000000,1.000000,0,-0.367975,0.122634,0.368416,0.159104
trial14_near_wall,1,694,22.2080,-0.309156,0.096773,0.416774,-99.6016,9.4856,2029.815,1425.670,4,5,0.087107,0.048406,1.000000,AVOID,0.000000,0.000000,1.000000,0,-0.367975,0.167193,0.384050,0.143470
trial14_near_wall,1,695,22.2400,-0.309185,0.096773,0.416774,-99.7574,9.6453,2037.600,1421.366,5,4,-0.087594,0.014406,1.000000,AVOID,0.000000,0.000000,1.000000,0,-0.367975,0.049757,0.366417,0.161103
trial14_near_wall,1,696,22.2720,-0.309213,0.096773,0.416774,-99.8906,9.7824,2036.891,1405.296,4,4,0.001148,0.011091,1.000000,AVOID,0.000000,0.000000,1.000000,0,-0.367975,0.038310,0.350330,0.177190
trial14_near_wall,1,697,22.3040,-0.309243,0.096773,0.416774,-100.0030,9.8989,2035.245,1407.474,4,5,0.087089,0.030091,1.000000,AVOID,0.000000,0.000000,1.000000,0,-0.367975,0.103934,0.354671,0.172849
trial14_near_wall,1,698,22.3360,-0.309272,0.096773,0.416773,-100.1211,10.0210,2033.973,1387.924,5,4,-0.087581,0.000673,1.000000,AVOID,0.000000,0.000000,1.000000,0,-0.367975,0.002324,0.332524,0.194996
trial14_near_wall,1,699,22.3680,-0.309302,0.096773,0.416773,-100.2107,10.1148,2027.331,1398.436,4,4,0.001160,0.000795,1.000000,AVOID,0.000000,0.000000,1.000000,0,-0.367975,0.002745,0.316019,0.211501
trial14_near_wall,1,700,22.4000,-0.309332,0.096773,0.416773,-100.2791,10.1873,2033.416,1390.786,4,5,0.087071,0.022364,1.000000,AVOID,0.000000,0.000000,1.000000,0,-0.367975,0.077245,0.322266,0.205254
trial14_near_wall,1,701,22.4320,-0.309363,0.096773,0.416773,-100.3554,10.2678,2032.851,1385.380,5,4,-0.087568,-0.005119,1.000000,AVOID,0.000000,0.000000,1.000000,0,-0.367975,-0.017681,0.303219,0.224301
trial14_near_wall,1,702,22.4640,-0.309393,0.096773,0.416773,-100.4073,10.3239,2023.078,1393.074,4,4,0.001172,-0.003546,1.000000,AVOID,0.000000,0.000000,1.000000,0,-0.367975,-0.012249,0.290292,0.237228
trial14_near_wall,1,703,22.4960,-0.309424,0.096773,0.416773,-100.4426,10.3634,2049.384,1333.607,4,5,0.087053,0.019103,1.000000,AVOID,0.000000,0.000000,1.000000,0,-0.367975,0.065983,0.300155,0.227365
trial14_near_wall,1,704,22.5280,-0.309455,0.096773,0.416773,-100.4905,10.4155,2040.252,1369.141,5,4,-0.087554,-0.007561,1.000000,AVOID,0.000000,0.000000,1.000000,0,-0.367975,-0.026116,0.284527,0.242993
trial14_near_wall,1,705,22.5600,-0.309485,0.096773,0.416773,-100.5183,10.4475,2043.036,1361.157,4,4,0.001183,-0.005375,1.000000,AVOID,0.000000,0.000000,1.000000,0,-0.367975,-0.018565,0.274694,0.252826
trial14_near_wall,1,706,22.5920,-0.309516,0.096773,0.416773,-100.5334,10.4669,2029.483,1394.403,4,5,0.087035,0.017727,1.000000,AVOID,0.000000,0.000000,1.000000,0,-0.367975,0.061231,0.287268,0.240252
trial14_near_wall,1,707,22.6240,-0.309547,0.096773,0.416773,-100.5647,10.5025,2033.114,1369.131,5,4,-0.087541,-0.008590,1.000000,AVOID,0.000000,0.000000,1.000000,0,-0.367975,-0.029669,0.273974,0.253546
trial14_near_wall,1,708,22.6560,-0.309578,0.096773,0.416773,-100.5790,10.5210,2052.939,1384.806,4,4,0.001195,-0.006143,1.000000,AVOID,0.000000,0.000000,1.000000,0,-0.367975,-0.021219,0.266116,0.261404
trial14_near_wall,1,709,22.6880,-0.309609,0.096773,0.416773,-100.5824,10.5287,2034.049,1364.938,4,5,0.087016,0.017146,1.000000,AVOID,0.000000,0.000000,1.000000,0,-0.367975,0.059224,0.280333,0.247187
trial14_near_wall,1,710,22.7200,-0.309640,0.096773,0.416773,-100.6048,10.5553,2047.026,1353.242,5,4,-0.087527,-0.009022,1.000000,AVOID,0.000000,0.000000,1.000000,0,-0.367975,-0.031162,0.268399,0.259121
trial14_near_wall,1,711,22.7520,-0.309672,0.096773,0.416773,-100.6113,10.5662,2035.895,1326.121,4,4,0.001207,-0.006465,1.000000,AVOID,0.000000,0.000000,1.000000,0,-0.367975,-0.022329,0.261657,0.265863
trial14_near_wall,1,712,22.7840,-0.309703,0.096773,0.416773,-100.6086,10.5677,2044.945,1361.376,4,5,0.086997,0.016901,1.000000,AVOID,0.000000,0.000000,1.000000,0,-0.367975,0.058375,0.276776,0.250744
trial14_near_wall,1,713,22.8160,-0.309734,0.096773,0.416773,-100.6263,10.5897,2038.329,1387.983,5,4,-0.087514,-0.009203,1.000000,AVOID,0.000000,0.000000,1.000000,0,-0.367975,-0.031787,0.265576,0.261944
trial14_near_wall,1,714,22.8480,-0.309765,0.096773,0.416773,-100.6289,10.5966,2042.253,1375.525,4,4,0.001219,-0.006597,1.000000,AVOID,0.000000,0.000000,1.000000,0,-0.367975,-0.022787,0.259425,0.268095
trial14_near_wall,1,715,22.8800,-0.309796,0.096773,0.416773,-100.6231,10.5951,2025.486,1371.774,4,5,0.086978,0.016797,1.000000,AVOID,0.000000,0.000000,1.000000,0,-0.367975,0.058015,0.275013,0.252507
trial14_near_wall,1,716,22.9120,-0.309827,0.096773,0.416773,-100.6385,10.6147,2043.917,1344.473,5,4,-0.087500,-0.009278,1.000000,AVOID,0.000000,0.000000,1.000000,0,-0.367975,-0.032045,0.264188,0.263332
trial14_near_wall,1,717,22.9440,-0.309858,0.096773,0.416773,-100.6392,10.6197,2037.177,1366.953,4,4,0.001232,-0.006650,1.000000,AVOID,0.000000,0.000000,1.000000,0,-0.367975,-0.022970,0.258339,0.269181
trial14_near_wall,1,718,22.9760,-0.309890,0.096773,0.416773,-100.6318,10.6166,2036.191,1315.452,4,5,0.086959,0.016752,1.000000,AVOID,0.000000,0.000000,1.000000,0,-0.367975,0.057861,0.274159,0.253361
trial14_near_wall,1,719,23.0080,-0.309921,0.096773,0.416773,-100.6461,10.6352,2043.862,1368.897,4,4,-0.460515,-0.102565,1.000000,AVOID,0.000000,0.000000,1.000000,0,-0.367975,-0.354259,0.182995,0.344525
trial14_near_wall,1,720,23.0400,-0.309952,0.096773,0.416773,-100.5417,10.5350,2042.812,1354.104,5,4,-0.087645,-0.098835,1.000000,AVOID,0.000000,0.000000,1.000000,0,-0.367975,-0.341375,0.117842,0.409678
trial14_near_wall,1,721,23.0720,-0.309982,0.096773,0.416773,-100.3533,10.3509,2046.912,1357.891,4,5,0.086939,-0.052391,1.000000,AVOID,0.000000,0.000000,1.000000,0,-0.367975,-0.180959,0.109082,0.418438
trial14_near_wall,1,722,23.1040,-0.310012,0.096773,0.416773,-100.1535,10.1552,2039.610,1395.650,4,4,-0.001729,-0.039726,1.000000,AVOID,0.000000,0.000000,1.000000,0,-0.367975,-0.137212,0.113448,0.414072
trial14_near_wall,1,723,23.1360,-0.310042,0.096773,0.416773,-99.9593,9.9650,2023.145,1390.350,5,4,-0.087632,-0.051702,1.000000,AVOID,0.000000,0.000000,1.000000,0,-0.367975,-0.178580,0.106381,0.421139
trial14_near_wall,1,724,23.1680,-0.310071,0.096773,0.416773,-99.7559,9.7656,2046.506,1419.406,4,5,0.086920,-0.017047,1.000000,AVOID,0.000000,0.000000,1.000000,0,-0.367975,-0.058880,0.131006,0.396514
trial14_near_wall,1,725,23.2000,-0.310099,0.096773,0.416773,-99.5842,9.5978,2025.873,1443.404,4,4,-0.001746,-0.013222,1.000000,AVOID,0.000000,0.000000,1.000000,0,-0.367975,-0.045668,0.152778,0.374742
trial14_near_wall,1,726,23.2320,-0.310126,0.096773,0.416773,-99.4404,9.4578,2024.191,1454.326,5,4,-0.087620,-0.031821,1.000000,AVOID,0.000000,0.000000,1.000000,0,-0.367975,-0.109910,0.153046,0.374474
trial14_near_wall,1,727,23.2640,-0.310154,0.096773,0.416773,-99.2970,9.3181,2036.034,1444.234,4,4,0.468987,0.093381,1.000000,AVOID,0.000000,0.000000,1.000000,0,-0.367975,0.322538,0.261359,0.266161
trial14_near_wall,1,728,23.2960,-0.310181,0.096773,0.416773,-99.2932,9.3181,2041.229,1448.220,4,5,0.087125,0.091817,1.000000,AVOID,0.000000,0.000000,1.000000,0,-0.367975,0.317136,0.341243,0.186277
trial14_near_wall,1,729,23.3280,-0.310208,0.096773,0.416773,-99.3935,9.4221,2020.305,1453.977,5,4,-0.087607,0.046961,1.000000,AVOID,0.000000,0.000000,1.000000,0,-0.367975,0.162203,0.362423,0.165097
trial14_near_wall,1,730,23.3600,-0.310236,0.096773,0.416773,-99.5213,9.5537,2030.393,1425.382,4,4,0.001137,0.035505,1.000000,AVOID,0.000000,0.000000,1.000000,0,-0.367975,0.122634,0.368416,0.159104
trial14_near_wall,1,731,23.3920,-0.310264,0.096773,0.416773,-99.6569,9.6931,2039.513,1430.211,4,5,0.087107,0.048406,1.000000,AVOID,0.000000,0.000000,1.000000,0,-0.367975,0.167193,0.384050,0.143470
trial14_near_wall,1,732,23.4240,-0.310292,0.096773,0.416773,-99.8126,9.8528,2026.604,1418.991,5,4,-0.087594,0.014406,1.000000,AVOID,0.000000,0.000000,1.000000,0,-0.367975,0.049757,0.366417,0.161103
trial14_near_wall,1,733,23.4560,-0.310321,0.096773,0.416773,-99.9458,9.9900,2039.948,1401.272,4,4,0.001148,0.011091,1.000000,AVOID,0.000000,0.000000,1.000000,0,-0.367975,0.038310,0.350330,0.177190
trial14_near_wall,1,734,23.4880,-0.310351,0.096773,0.416773,-100.0583,10.1065,2032.234,1404.797,4,5,0.087089,0.030091,1.000000,AVOID,0.000000,0.000000,1.000000,0,-0.367975,0.103934,0.354671,0.172849
trial14_near_wall,1,735,23.5200,-0.310380,0.096773,0.416773,-100.1763,10.2286,2045.596,1393.478,5,4,-0.087581,0.000673,1.000000,AVOID,0.000000,0.000000,1.000000,0,-0.367975,0.002324,0.332524,0.194996
trial14_near_wall,1,736,23.5520,-0.310410,0.096773,0.416773,-100.2659,10.3224,2033.485,1388.531,4,4,0.001160,0.000795,1.000000,AVOID,0.000000,0.000000,1.000000,0,-0.367975,0.002745,0.316019,0.211501
trial14_near_wall,1,737,23.5840,-0.310441,0.096773,0.416773,-100.3343,10.3949,2041.562,1380.588,4,5,0.087071,0.022364,1.000000,AVOID,0.000000,0.000000,1.000000,0,-0.367975,0.077245,0.322266,0.205254
trial14_near_wall,1,738,23.6160,-0.310471,0.096773,0.416773,-100.4107,10.4754,2039.130,1342.622,5,4,-0.087568,-0.005119,1.000000,AVOID,0.000000,0.000000,1.000000,0,-0.367975,-0.017681,0.303219,0.224301
trial14_near_wall,1,739,23.6480,-0.310502,0.096773,0.416773,-100.4625,10.5315,2036.167,1359.235,4,4,0.001172,-0.003546,1.000000,AVOID,0.000000,0.000000,1.000000,0,-0.367975,-0.012249,0.290292,0.237228
trial14_near_wall,1,740,23.6800,-0.310533,0.096773,0.416773,-100.4978,10.5710,2031.688,1354.434,4,5,0.087053,0.019103,1.000000,AVOID,0.000000,0.000000,1.000000,0,-0.367975,0.065983,0.300155,0.227365
trial14_near_wall,1,741,23.7120,-0.310564,0.096773,0.416773,-100.5457,10.6232,2040.032,1353.501,5,4,-0.087554,-0.007561,1.000000,AVOID,0.000000,0.000000,1.000000,0,-0.367975,-0.026116,0.284527,0.242993
trial14_near_wall,1,742,23.7440,-0.310595,0.096773,0.416773,-100.5735,10.6552,2051.250,1375.457,4,4,0.001183,-0.005375,1.000000,AVOID,0.000000,0.000000,1.000000,0,-0.367975,-0.018565,0.274694,0.252826
trial14_near_wall,1,743,23.7760,-0.310626,0.096773,0.416773,-100.5886,10.6747,2026.669,1348.384,4,5,0.087035,0.017727,1.000000,AVOID,0.000000,0.000000,1.000000,0,-0.367975,0.061231,0.287268,0.240252
trial14_near_wall,1,744,23.8080,-0.310657,0.096773,0.416774,-100.6199,10.7102,2041.095,1357.794,5,4,-0.087541,-0.008590,1.000000,AVOID,0.000000,0.000000,1.000000,0,-0.367975,-0.029669,0.273974,0.253546
trial14_near_wall,1,745,23.8400,-0.310688,0.096773,0.416774,-100.6342,10.7288,2048.437,1379.479,4,4,0.001195,-0.006143,1.000000,AVOID,0.000000,0.000000,1.000000,0,-0.367975,-0.021219,0.266116,0.261404
trial14_near_wall,1,746,23.8720,-0.310719,0.096773,0.416774,-100.6376,10.7365,2028.134,1362.443,4,5,0.087016,0.017146,1.000000,AVOID,0.000000,0.000000,1.000000,0,-0.367975,0.059224,0.280333,0.247187
trial14_near_wall,1,747,23.9040,-0.310751,0.096773,0.416774,-100.6599,10.7631,2044.430,1372.149,5,4,-0.087527,-0.009022,1.000000,AVOID,0.000000,0.000000,1.000000,0,-0.367975,-0.031162,0.268399,0.259121
trial14_near_wall,1,748,23.9360,-0.310782,0.096773,0.416774,-100.6665,10.7740,2031.790,1342.193,4,4,0.001207,-0.006465,1.000000,AVOID,0.000000,0.000000,1.000000,0,-0.367975,-0.022329,0.261657,0.265863
trial14_near_wall,1,749,23.9680,-0.310813,0.096773,0.416774,-100.6638,10.7756,2035.006,1338.360,4,5,0.086997,0.016901,1.000000,AVOID,0.000000,0.000000,1.000000,0,-0.367975,0.058375,0.276776,0.250744
trial14_near_wall,1,750,24.0000,-0.310844,0.096773,0.416774,-100.6815,10.7976,2049.308,1349.563,5,4,-0.087514,-0.009203,1.000000,AVOID,0.000000,0.000000,1.000000,0,-0.367975,-0.031787,0.265576,0.261944
trial14_near_wall,1,751,24.0320,-0.310876,0.096773,0.416774,-100.6841,10.8045,2042.435,1344.007,4,4,0.001219,-0.006597,1.000000,AVOID,0.000000,0.000000,1.000000,0,-0.367975,-0.022787,0.259425,0.268095
trial14_near_wall,1,752,24.0640,-0.310907,0.096773,0.416774,-100.6783,10.8030,2056.528,1361.934,4,5,0.086978,0.016797,1.000000,AVOID,0.000000,0.000000,1.000000,0,-0.367975,0.058015,0.275013,0.252507
trial14_near_wall,1,753,24.0960,-0.310938,0.096773,0.416774,-100.6937,10.8226,2051.945,1357.913,5,4,-0.087500,-0.009278,1.000000,AVOID,0.000000,0.000000,1.000000,0,-0.367975,-0.032045,0.264188,0.263332
trial14_near_wall,1,754,24.1280,-0.310970,0.096773,0.416774,-100.6943,10.8276,2036.961,1355.016,4,4,0.001232,-0.006650,1.000000,AVOID,0.000000,0.000000,1.000000,0,-0.367975,-0.022970,0.258339,0.269181
trial14_near_wall,1,755,24.1600,-0.311001,0.096773,0.416774,-100.6870,10.8246,2030.378,1330.602,4,5,0.086959,0.016752,1.000000,AVOID,0.000000,0.000000,1.000000,0,-0.367975,0.057861,0.274159,0.253361
trial14_near_wall,1,756,24.1920,-0.311032,0.096773,0.416774,-100.7012,10.8431,2042.369,1336.994,4,4,-0.460515,-0.102565,1.000000,AVOID,0.000000,0.000000,1.000000,0,-0.367975,-0.354259,0.182995,0.344525
trial14_near_wall,1,757,24.2240,-0.311064,0.096773,0.416774,-100.5968,10.7430,2034.697,1359.682,5,4,-0.087645,-0.098835,1.000000,AVOID,0.000000,0.000000,1.000000,0,-0.367975,-0.341375,0.117842,0.409678
trial14_near_wall,1,758,24.2560,-0.311094,0.096773,0.416774,-100.4085,10.5589,2027.646,1393.128,4,5,0.086939,-0.052391,1.000000,AVOID,0.000000,0.000000,1.000000,0,-0.367975,-0.180959,0.109082,0.418438
trial14_near_wall,1,759,24.2880,-0.311124,0.096773,0.416774,-100.2087,10.3633,2034.792,1378.183,4,4,-0.001729,-0.039726,1.000000,AVOID,0.000000,0.000000,1.000000,0,-0.367975,-0.137212,0.113448,0.414072
trial14_near_wall,1,760,24.3200,-0.311154,0.096773,0.416774,-100.0145,10.1731,2021.745,1383.660,5,4,-0.087632,-0.051702,1.000000,AVOID,0.000000,0.000000,1.000000,0,-0.367975,-0.178580,0.106381,0.421139
trial14_near_wall,1,761,24.3520,-0.311183,0.096773,0.416774,-99.8111,9.9737,2027.912,1401.638,4,5,0.086920,-0.017047,1.000000,AVOID,0.000000,0.000000,1.000000,0,-0.367975,-0.058880,0.131006,0.396514
trial14_near_wall,1,762,24.3840,-0.311211,0.096773,0.416775,-99.6394,9.8059,2022.614,1434.995,4,4,-0.001746,-0.013222,1.000000,AVOID,0.000000,0.000000,1.000000,0,-0.367975,-0.045668,0.152778,0.374742
trial14_near_wall,1,763,24.4160,-0.311239,0.096773,0.416775,-99.4956,9.6659,2030.760,1455.401,5,4,-0.087620,-0.031821,1.000000,AVOID,0.000000,0.000000,1.000000,0,-0.367975,-0.109910,0.153046,0.374474
trial14_near_wall,1,764,24.4480,-0.311267,0.096773,0.416775,-99.3522,9.5263,2029.591,1439.946,4,4,0.468987,0.093381,1.000000,AVOID,0.000000,0.000000,1.000000,0,-0.367975,0.322538,0.261359,0.266161
trial14_near_wall,1,765,24.4800,-0.311294,0.096773,0.416775,-99.3484,9.5263,2022.568,1431.240,4,5,0.087125,0.091817,1.000000,AVOID,0.000000,0.000000,1.000000,0,-0.367975,0.317136,0.341243,0.186277
trial14_near_wall,1,766,24.5120,-0.311321,0.096773,0.416775,-99.4487,9.6303,2026.250,1454.542,5,4,-0.087607,0.046961,1.000000,AVOID,0.000000,0.000000,1.000000,0,-0.367975,0.162203,0.362423,0.165097
trial14_near_wall,1,767,24.5440,-0.311349,0.096773,0.416775,-99.5765,9.7619,2021.843,1426.703,4,4,0.001137,0.035505,1.000000,AVOID,0.000000,0.000000,1.000000,0,-0.367975,0.122634,0.368416,0.159104
trial14_near_wall,1,768,24.5760,-0.311377,0.096773,0.416775,-99.7121,9.9014,2036.882,1418.523,4,5,0.087107,0.048406,1.000000,AVOID,0.000000,0.000000,1.000000,0,-0.367975,0.167193,0.384050,0.143470
trial14_near_wall,1,769,24.6080,-0.311406,0.096773,0.416775,-99.8678,10.0611,2030.804,1420.730,5,4,-0.087594,0.014406,1.000000,AVOID,0.000000,0.000000,1.000000,0,-0.367975,0.049757,0.366417,0.161103
trial14_near_wall,1,770,24.6400,-0.311435,0.096773,0.416775,-100.0010,10.1983,2023.110,1395.084,4,4,0.001148,0.011091,1.000000,AVOID,0.000000,0.000000,1.000000,0,-0.367975,0.038310,0.350330,0.177190
trial14_near_wall,1,771,24.6720,-0.311465,0.096773,0.416775,-100.1134,10.3148,2040.181,1374.992,4,5,0.087089,0.030091,1.000000,AVOID,0.000000,0.000000,1.000000,0,-0.367975,0.103934,0.354671,0.172849
trial14_near_wall,1,772,24.7040,-0.311495,0.096773,0.416776,-100.2315,10.4370,2033.818,1393.869,5,4,-0.087581,0.000673,1.000000,AVOID,0.000000,0.000000,1.000000,0,-0.367975,0.002324,0.332524,0.194996
trial14_near_wall,1,773,24.7360,-0.311525,0.096773,0.416776,-100.3211,10.5307,2048.782,1381.176,4,4,0.001160,0.000795,1.000000,AVOID,0.000000,0.000000,1.000000,0,-0.367975,0.002745,0.316019,0.211501
trial14_near_wall,1,774,24.7680,-0.311555,0.096773,0.416776,-100.3894,10.6032,2035.056,1398.330,4,5,0.087071,0.022364,1.000000,AVOID,0.000000,0.000000,1.000000,0,-0.367975,0.077245,0.322266,0.205254
trial14_near_wall,1,775,24.8000,-0.311586,0.096773,0.416776,-100.4658,10.6838,2026.257,1376.909,5,4,-0.087568,-0.005119,1.000000,AVOID,0.000000,0.000000,1.000000,0,-0.367975,-0.017681,0.303219,0.224301
trial14_near_wall,1,776,24.8320,-0.311617,0.096773,0.416776,-100.5177,10.7399,2045.346,1359.557,4,4,0.001172,-0.003546,1.000000,AVOID,0.000000,0.000000,1.000000,0,-0.367975,-0.012249,0.290292,0.237228
trial14_near_wall,1,777,24.8640,-0.311648,0.096773,0.416776,-100.5529,10.7794,2045.278,1356.634,4,5,0.087053,0.019103,1.000000,AVOID,0.000000,0.000000,1.000000,0,-0.367975,0.065983,0.300155,0.227365
trial14_near_wall,1,778,24.8960,-0.311679,0.096773,0.416776,-100.6008,10.8316,2042.857,1357.326,5,4,-0.087554,-0.007561,1.000000,AVOID,0.000000,0.000000,1.000000,0,-0.367975,-0.026116,0.284527,0.242993
trial14_near_wall,1,779,24.9280,-0.311710,0.096773,0.416777,-100.6286,10.8637,2059.626,1354.854,4,4,0.001183,-0.005375,1.000000,AVOID,0.000000,0.000000,1.000000,0,-0.367975,-0.018565,0.274694,0.252826
trial14_near_wall,1,780,24.9600,-0.311741,0.096773,0.416777,-100.6438,10.8831,2044.184,1360.115,4,5,0.087035,0.017727,1.000000,AVOID,0.000000,0.000000,1.000000,0,-0.367975,0.061231,0.287268,0.240252
trial14_near_wall,1,781,24.9920,-0.311772,0.096773,0.416777,-100.6750,10.9187,2044.389,1337.508,5,4,-0.087541,-0.008590,1.000000,AVOID,0.000000,0.000000,1.000000,0,-0.367975,-0.029669,0.273974,0.253546
trial14_near_wall,1,782,25.0240,-0.311804,0.096773,0.416777,-100.6893,10.9372,2043.118,1355.645,4,4,0.001195,-0.006143,1.000000,AVOID,0.000000,0.000000,1.000000,0,-0.367975,-0.021219,0.266116,0.261404
trial14_near_wall,1,783,25.0560,-0.311835,0.096773,0.416777,-100.6927,10.9450,2039.679,1354.231,4,5,0.087016,0.017146,1.000000,AVOID,0.000000,0.000000,1.000000,0,-0.367975,0.059224,0.280333,0.247187
trial14_near_wall,1,784,25.0880,-0.311867,0.096773,0.416777,-100.7150,10.9716,2040.322,1363.628,5,4,-0.087527,-0.009022,1.000000,AVOID,0.000000,0.000000,1.000000,0,-0.367975,-0.031162,0.268399,0.259121
trial14_near_wall,1,785,25.1200,-0.311898,0.096773,0.416777,-100.7216,10.9825,2036.649,1342.874,4,4,0.001207,-0.006465,1.000000,AVOID,0.000000,0.000000,1.000000,0,-0.367975,-0.022329,0.261657,0.265863
trial14_near_wall,1,786,25.1520,-0.311929,0.096773,0.416777,-100.7189,10.9841,2039.696,1334.481,4,5,0.086997,0.016901,1.000000,AVOID,0.000000,0.000000,1.000000,0,-0.367975,0.058375,0.276776,0.250744
trial14_near_wall,1,787,25.1840,-0.311961,0.096773,0.416778,-100.7366,11.0061,2053.468,1338.583,5,4,-0.087514,-0.009203,1.000000,AVOID,0.000000,0.000000,1.000000,0,-0.367975,-0.031787,0.265576,0.261944
trial14_near_wall,1,788,25.2160,-0.311992,0.096773,0.416778,-100.7392,11.0131,2034.726,1346.178,4,4,0.001219,-0.006597,1.000000,AVOID,0.000000,0.000000,1.000000,0,-0.367975,-0.022787,0.259425,0.268095
trial14_near_wall,1,789,25.2480,-0.312024,0.096773,0.416778,-100.7334,11.0116,2039.094,1377.125,4,5,0.086978,0.016797,1.000000,AVOID,0.000000,0.000000,1.000000,0,-0.367975,0.058015,0.275013,0.252507
trial14_near_wall,1,790,25.2800,-0.312055,0.096773,0.416778,-100.7487,11.0313,2042.255,1384.057,5,4,-0.087500,-0.009278,1.000000,AVOID,0.000000,0.000000,1.000000,0,-0.367975,-0.032045,0.264188,0.263332
trial14_near_wall,1,791,25.3120,-0.312087,0.096773,0.416778,-100.7494,11.0363,2042.029,1338.454,4,4,0.001232,-0.006650,1.000000,AVOID,0.000000,0.000000,1.000000,0,-0.367975,-0.022970,0.258339,0.269181
trial14_near_wall,1,792,25.3440,-0.312118,0.096773,0.416778,-100.7421,11.0333,2036.674,1372.526,4,5,0.086959,0.016752,1.000000,AVOID,0.000000,0.000000,1.000000,0,-0.367975,0.057861,0.274159,0.253361
trial14_near_wall,1,793,25.3760,-0.312150,0.096773,0.416779,-100.7563,11.0518,2040.839,1346.144,4,4,-0.460515,-0.102565,1.000000,AVOID,0.000000,0.000000,1.000000,0,-0.367975,-0.354259,0.182995,0.344525
trial14_near_wall,1,794,25.4080,-0.312181,0.096773,0.416779,-100.6519,10.9518,2035.706,1358.483,5,4,-0.087645,-0.098835,1.000000,AVOID,0.000000,0.000000,1.000000,0,-0.367975,-0.341375,0.117842,0.409678
trial14_near_wall,1,795,25.4400,-0.312212,0.096773,0.416779,-100.4636,10.7677,2038.456,1389.006,4,5,0.086939,-0.052391,1.000000,AVOID,0.000000,0.000000,1.000000,0,-0.367975,-0.180959,0.109082,0.418438
trial14_near_wall,1,796,25.4720,-0.312242,0.096773,0.416779,-100.2638,10.5721,2038.324,1401.574,4,4,-0.001729,-0.039726,1.000000,AVOID,0.000000,0.000000,1.000000,0,-0.367975,-0.137212,0.113448,0.414072
trial14_near_wall,1,797,25.5040,-0.312272,0.096773,0.416779,-100.0696,10.3819,2032.348,1408.043,5,4,-0.087632,-0.051702,1.000000,AVOID,0.000000,0.000000,1.000000,0,-0.367975,-0.178580,0.106381,0.421139
trial14_near_wall,1,798,25.5360,-0.312301,0.096773,0.416779,-99.8662,10.1826,2022.419,1410.224,4,5,0.086920,-0.017047,1.000000,AVOID,0.000000,0.000000,1.000000,0,-0.367975,-0.058880,0.131006,0.396514
trial14_near_wall,1,799,25.5680,-0.312330,0.096773,0.416779,-99.6945,10.0147,2025.580,1417.245,4,4,-0.001746,-0.013222,1.000000,AVOID,0.000000,0.000000,1.000000,0,-0.367975,-0.045668,0.152778,0.374742
trial14_near_wall,1,800,25.6000,-0.312358,0.096773,0.416779,-99.5507,9.8748,2032.163,1425.013,5,4,-0.087620,-0.031821,1.000000,AVOID,0.000000,0.000000,1.000000,0,-0.367975,-0.109910,0.153046,0.374474
trial14_near_wall,1,801,25.6320,-0.312385,0.096773,0.416780,-99.4073,9.7352,2022.417,1438.353,4,4,0.468987,0.093381,1.000000,AVOID,0.000000,0.000000,1.000000,0,-0.367975,0.322538,0.261359,0.266161
trial14_near_wall,1,802,25.6640,-0.312413,0.096773,0.416780,-99.4035,9.7352,2026.567,1425.564,4,5,0.087125,0.091817,1.000000,AVOID,0.000000,0.000000,1.000000,0,-0.367975,0.317136,0.341243,0.186277
trial14_near_wall,1,803,25.6960,-0.312440,0.096773,0.416780,-99.5038,9.8393,2031.951,1430.637,5,4,-0.087607,0.046961,1.000000,AVOID,0.000000,0.000000,1.000000,0,-0.367975,0.162203,0.362423,0.165097
trial14_near_wall,1,804,25.7280,-0.312468,0.096773,0.416780,-99.6316,9.9709,2032.774,1446.934,4,4,0.001137,0.035505,1.000000,AVOID,0.000000,0.000000,1.000000,0,-0.367975,0.122634,0.368416,0.159104
trial14_near_wall,1,805,25.7600,-0.312497,0.096773,0.416780,-99.7672,10.1104,2024.728,1412.926,4,5,0.087107,0.048406,1.000000,AVOID,0.000000,0.000000,1.000000,0,-0.367975,0.167193,0.384050,0.143470
trial14_near_wall,1,806,25.7920,-0.312525,0.096773,0.416780,-99.9229,10.2701,2029.009,1423.942,5,4,-0.087594,0.014406,1.000000,AVOID,0.000000,0.000000,1.000000,0,-0.367975,0.049757,0.366417,0.161103
trial14_near_wall,1,807,25.8240,-0.312555,0.096773,0.416781,-100.0561,10.4073,2035.532,1378.587,4,4,0.001148,0.011091,1.000000,AVOID,0.000000,0.000000,1.000000,0,-0.367975,0.038310,0.350330,0.177190
trial14_near_wall,1,808,25.8560,-0.312585,0.096773,0.416781,-100.1685,10.5238,2033.508,1405.400,4,5,0.087089,0.030091,1.000000,AVOID,0.000000,0.000000,1.000000,0,-0.367975,0.103934,0.354671,0.172849
trial14_near_wall,1,809,25.8880,-0.312615,0.096773,0.416781,-100.2866,10.6460,2031.190,1377.374,5,4,-0.087581,0.000673,1.000000,AVOID,0.000000,0.000000,1.000000,0,-0.367975,0.002324,0.332524,0.194996
trial14_near_wall,1,810,25.9200,-0.312645,0.096773,0.416781,-100.3762,10.7398,2034.419,1363.736,4,4,0.001160,0.000795,1.000000,AVOID,0.000000,0.000000,1.000000,0,-0.367975,0.002745,0.316019,0.211501
trial14_near_wall,1,811,25.9520,-0.312676,0.096773,0.416782,-100.4445,10.8123,2035.029,1383.893,4,5,0.087071,0.022364,1.000000,AVOID,0.000000,0.000000,1.000000,0,-0.367975,0.077245,0.322266,0.205254
trial14_near_wall,1,812,25.9840,-0.312706,0.096773,0.416782,-100.5209,10.8929,2035.421,1366.716,5,4,-0.087568,-0.005119,1.000000,AVOID,0.000000,0.000000,1.000000,0,-0.367975,-0.017681,0.303219,0.224301
trial14_near_wall,1,813,26.0160,-0.312737,0.096773,0.416782,-100.5727,10.9491,2029.942,1344.687,4,4,0.001172,-0.003546,1.000000,AVOID,0.000000,0.000000,1.000000,0,-0.367975,-0.012249,0.290292,0.237228
trial14_near_wall,1,814,26.0480,-0.312769,0.096773,0.416782,-100.6080,10.9886,2042.997,1363.738,4,5,0.087053,0.019103,1.000000,AVOID,0.000000,0.000000,1.000000,0,-0.367975,0.065983,0.300155,0.227365
trial14_near_wall,1,815,26.0800,-0.312800,0.096773,0.416782,-100.6558,11.0407,2037.731,1368.827,5,4,-0.087554,-0.007561,1.000000,AVOID,0.000000,0.000000,1.000000,0,-0.367975,-0.026116,0.284527,0.242993
trial14_near_wall,1,816,26.1120,-0.312831,0.096773,0.416783,-100.6837,11.0729,2044.828,1323.430,4,4,0.001183,-0.005375,1.000000,AVOID,0.000000,0.000000,1.000000,0,-0.367975,-0.018565,0.274694,0.252826
trial14_near_wall,1,817,26.1440,-0.312862,0.096773,0.416783,-100.6988,11.0923,2028.937,1373.446,4,5,0.087035,0.017727,1.000000,AVOID,0.000000,0.000000,1.000000,0,-0.367975,0.061231,0.287268,0.240252
trial14_near_wall,1,818,26.1760,-0.312894,0.096773,0.416783,-100.7301,11.1279,2044.090,1365.143,5,4,-0.087541,-0.008590,1.000000,AVOID,0.000000,0.000000,1.000000,0,-0.367975,-0.029669,0.273974,0.253546
trial14_near_wall,1,819,26.2080,-0.312925,0.096773,0.416783,-100.7443,11.1465,2040.959,1356.358,4,4,0.001195,-0.006143,1.000000,AVOID,0.000000,0.000000,1.000000,0,-0.367975,-0.021219,0.266116,0.261404
trial14_near_wall,1,820,26.2400,-0.312957,0.096773,0.416784,-100.7477,11.1542,2044.851,1308.462,4,5,0.087016,0.017146,1.000000,AVOID,0.000000,0.000000,1.000000,0,-0.367975,0.059224,0.280333,0.247187
trial14_near_wall,1,821,26.2720,-0.312989,0.096773,0.416784,-100.7701,11.1809,2043.159,1353.749,5,4,-0.087527,-0.009022,1.000000,AVOID,0.000000,0.000000,1.000000,0,-0.367975,-0.031162,0.268399,0.259121
trial14_near_wall,1,822,26.3040,-0.313020,0.096773,0.416784,-100.7766,11.1918,2049.711,1349.218,4,4,0.001207,-0.006465,1.000000,AVOID,0.000000,0.000000,1.000000,0,-0.367975,-0.022329,0.261657,0.265863
trial14_near_wall,1,823,26.3360,-0.313052,0.096773,0.416784,-100.7739,11.1934,2043.216,1349.511,4,5,0.086997,0.016901,1.000000,AVOID,0.000000,0.000000,1.000000,0,-0.367975,0.058375,0.276776,0.250744
trial14_near_wall,1,824,26.3680,-0.313083,0.096773,0.416784,-100.7916,11.2155,2033.492,1345.315,5,4,-0.087514,-0.009203,1.000000,AVOID,0.000000,0.000000,1.000000,0,-0.367975,-0.031787,0.265576,0.261944
trial14_near_wall,1,825,26.4000,-0.313115,0.096773,0.416785,-100.7942,11.2225,2046.218,1350.914,4,4,0.001219,-0.006597,1.000000,AVOID,0.000000,0.000000,1.000000,0,-0.367975,-0.022787,0.259425,0.268095
trial14_near_wall,1,826,26.4320,-0.313147,0.096773,0.416785,-100.7884,11.2210,2038.793,1366.872,4,5,0.086978,0.016797,1.000000,AVOID,0.000000,0.000000,1.000000,0,-0.367975,0.058015,0.275013,0.252507
trial14_near_wall,1,827,26.4640,-0.313178,0.096773,0.416785,-100.8038,11.2407,2049.517,1344.654,5,4,-0.087500,-0.009278,1.000000,AVOID,0.000000,0.000000,1.000000,0,-0.367975,-0.032045,0.264188,0.263332
trial14_near_wall,1,828,26.4960,-0.313210,0.096773,0.416785,-100.8044,11.2457,2036.694,1334.602,4,4,0.001232,-0.006650,1.000000,AVOID,0.000000,0.000000,1.000000,0,-0.367975,-0.022970,0.258339,0.269181
trial14_near_wall,1,829,26.5280,-0.313242,0.096773,0.416786,-100.7971,11.2427,2037.405,1351.129,4,5,0.086959,0.016752,1.000000,AVOID,0.000000,0.000000,1.000000,0,-0.367975,0.057861,0.274159,0.253361
trial14_near_wall,1,830,26.5600,-0.313273,0.096773,0.416786,-100.8113,11.2613,2044.334,1349.891,4,4,-0.460515,-0.102565,1.000000,AVOID,0.000000,0.000000,1.000000,0,-0.367975,-0.354259,0.182995,0.344525
trial14_near_wall,1,831,26.5920,-0.313305,0.096773,0.416786,-100.7069,11.1612,2045.236,1353.572,5,4,-0.087645,-0.098835,1.000000,AVOID,0.000000,0.000000,1.000000,0,-0.367975,-0.341375,0.117842,0.409678
trial14_near_wall,1,832,26.6240,-0.313336,0.096773,0.416786,-100.5186,10.9772,2037.647,1395.611,4,5,0.086939,-0.052391,1.000000,AVOID,0.000000,0.000000,1.000000,0,-0.367975,-0.180959,0.109082,0.418438
trial14_near_wall,1,833,26.6560,-0.313366,0.096773,0.416787,-100.3188,10.7816,2033.825,1402.202,4,4,-0.001729,-0.039726,1.000000,AVOID,0.000000,0.000000,1.000000,0,-0.367975,-0.137212,0.113448,0.414072
trial14_near_wall,1,834,26.6880,-0.313396,0.096773,0.416787,-100.1246,10.5914,2034.062,1385.147,5,4,-0.087632,-0.051702,1.000000,AVOID,0.000000,0.000000,1.000000,0,-0.367975,-0.178580,0.106381,0.421139
trial14_near_wall,1,835,26.7200,-0.313425,0.096773,0.416787,-99.9212,10.3921,2031.059,1396.555,4,5,0.086920,-0.017047,1.000000,AVOID,0.000000,0.000000,1.000000,0,-0.367975,-0.058880,0.131006,0.396514
trial14_near_wall,1,836,26.7520,-0.313454,0.096773,0.416787,-99.7495,10.2243,2029.051,1409.867,4,4,-0.001746,-0.013222,1.000000,AVOID,0.000000,0.000000,1.000000,0,-0.367975,-0.045668,0.152778,0.374742
trial14_near_wall,1,837,26.7840,-0.313482,0.096773,0.416787,-99.6057,10.0844,2030.473,1440.879,5,4,-0.087620,-0.031821,1.000000,AVOID,0.000000,0.000000,1.000000,0,-0.367975,-0.109910,0.153046,0.374474
trial14_near_wall,1,838,26.8160,-0.313510,0.096773,0.416788,-99.4623,9.9448,2030.890,1446.632,4,4,0.468987,0.093381,1.000000,AVOID,0.000000,0.000000,1.000000,0,-0.367975,0.322538,0.261359,0.266161
trial14_near_wall,1,839,26.8480,-0.313538,0.096773,0.416788,-99.4586,9.9449,2036.027,1434.195,4,5,0.087125,0.091817,1.000000,AVOID,0.000000,0.000000,1.000000,0,-0.367975,0.317136,0.341243,0.186277
trial14_near_wall,1,840,26.8800,-0.313565,0.096773,0.416788,-99.5588,10.0490,2022.299,1427.990,5,4,-0.087607,0.046961,1.000000,AVOID,0.000000,0.000000,1.000000,0,-0.367975,0.162203,0.362423,0.165097
trial14_near_wall,1,841,26.9120,-0.313593,0.096773,0.416788,-99.6866,10.1806,2033.832,1422.708,4,4,0.001137,0.035505,1.000000,AVOID,0.000000,0.000000,1.000000,0,-0.367975,0.122634,0.368416,0.159104
trial14_near_wall,1,842,26.9440,-0.313622,0.096773,0.416789,-99.8222,10.3201,2022.671,1401.662,4,5,0.087107,0.048406,1.000000,AVOID,0.000000,0.000000,1.000000,0,-0.367975,0.167193,0.384050,0.143470
trial14_near_wall,1,843,26.9760,-0.313651,0.096773,0.416789,-99.9779,10.4798,2021.936,1406.227,5,4,-0.087594,0.014406,1.000000,AVOID,0.000000,0.000000,1.000000,0,-0.367975,0.049757,0.366417,0.161103
trial14_near_wall,1,844,27.0080,-0.313680,0.096773,0.416789,-100.1111,10.6170,2037.221,1369.572,4,4,0.001148,0.011091,1.000000,AVOID,0.000000,0.000000,1.000000,0,-0.367975,0.038310,0.350330,0.177190
trial14_near_wall,1,845,27.0400,-0.313710,0.096773,0.416789,-100.2236,10.7336,2055.108,1368.664,4,5,0.087089,0.030091,1.000000,AVOID,0.000000,0.000000,1.000000,0,-0.367975,0.103934,0.354671,0.172849
trial14_near_wall,1,846,27.0720,-0.313741,0.096773,0.416790,-100.3416,10.8558,2040.601,1365.447,5,4,-0.087581,0.000673,1.000000,AVOID,0.000000,0.000000,1.000000,0,-0.367975,0.002324,0.332524,0.194996
trial14_near_wall,1,847,27.1040,-0.313771,0.096773,0.416790,-100.4312,10.9496,2041.582,1364.435,4,4,0.001160,0.000795,1.000000,AVOID,0.000000,0.000000,1.000000,0,-0.367975,0.002745,0.316019,0.211501
trial14_near_wall,1,848,27.1360,-0.313802,0.096773,0.416790,-100.4995,11.0222,2041.935,1374.358,4,5,0.087071,0.022364,1.000000,AVOID,0.000000,0.000000,1.000000,0,-0.367975,0.077245,0.322266,0.205254
trial14_near_wall,1,849,27.1680,-0.313833,0.096773,0.416791,-100.5759,11.1028,2045.457,1339.676,5,4,-0.087568,-0.005119,1.000000,AVOID,0.000000,0.000000,1.000000,0,-0.367975,-0.017681,0.303219,0.224301
trial14_near_wall,1,850,27.2000,-0.313864,0.096773,0.416791,-100.6277,11.1589,2050.734,1341.112,4,4,0.001172,-0.003546,1.000000,AVOID,0.000000,0.000000,1.000000,0,-0.367975,-0.012249,0.290292,0.237228
trial14_near_wall,1,851,27.2320,-0.313895,0.096773,0.416791,-100.6630,11.1984,2025.645,1333.056,4,5,0.087053,0.019103,1.000000,AVOID,0.000000,0.000000,1.000000,0,-0.367975,0.065983,0.300155,0.227365
trial14_near_wall,1,852,27.2640,-0.313927,0.096773,0.416792,-100.7108,11.2506,2048.955,1355.392,5,4,-0.087554,-0.007561,1.000000,AVOID,0.000000,0.000000,1.000000,0,-0.367975,-0.026116,0.284527,0.242993
trial14_near_wall,1,853,27.2960,-0.313958,0.096773,0.416792,-100.7386,11.2828,2044.849,1343.444,4,4,0.001183,-0.005375,1.000000,AVOID,0.000000,0.000000,1.000000,0,-0.367975,-0.018565,0.274694,0.252826
trial14_near_wall,1,854,27.3280,-0.313990,0.096773,0.416792,-100.7538,11.3022,2046.008,1338.612,4,5,0.087035,0.017727,1.000000,AVOID,0.000000,0.000000,1.000000,0,-0.367975,0.061231,0.287268,0.240252
trial14_near_wall,1,855,27.3600,-0.314021,0.096773,0.416792,-100.7850,11.3379,2037.694,1332.858,5,4,-0.087541,-0.008590,1.000000,AVOID,0.000000,0.000000,1.000000,0,-0.367975,-0.029669,0.273974,0.253546
trial14_near_wall,1,856,27.3920,-0.314053,0.096773,0.416793,-100.7993,11.3564,2042.095,1323.098,4,4,0.001195,-0.006143,1.000000,AVOID,0.000000,0.000000,1.000000,0,-0.367975,-0.021219,0.266116,0.261404
trial14_near_wall,1,857,27.4240,-0.314085,0.096773,0.416793,-100.8027,11.3642,2046.719,1351.591,4,5,0.087016,0.017146,1.000000,AVOID,0.000000,0.000000,1.000000,0,-0.367975,0.059224,0.280333,0.247187
trial14_near_wall,1,858,27.4560,-0.314116,0.096773,0.416793,-100.8250,11.3909,2044.852,1345.606,5,4,-0.087527,-0.009022,1.000000,AVOID,0.000000,0.000000,1.000000,0,-0.367975,-0.031162,0.268399,0.259121
trial14_near_wall,1,859,27.4880,-0.314148,0.096773,0.416794,-100.8316,11.4018,2036.892,1357.183,4,4,0.001207,-0.006465,1.000000,AVOID,0.000000,0.000000,1.000000,0,-0.367975,-0.022329,0.261657,0.265863
trial14_near_wall,1,860,27.5200,-0.314180,0.096773,0.416794,-100.8289,11.4035,2040.574,1314.665,4,5,0.086997,0.016901,1.000000,AVOID,0.000000,0.000000,1.000000,0,-0.367975,0.058375,0.276776,0.250744
trial14_near_wall,1,861,27.5520,-0.314212,0.096773,0.416794,-100.8465,11.4255,2047.849,1338.895,5,4,-0.087514,-0.009203,1.000000,AVOID,0.000000,0.000000,1.000000,0,-0.367975,-0.031787,0.265576,0.261944
trial14_near_wall,1,862,27.5840,-0.314243,0.096773,0.416795,-100.8492,11.4325,2035.919,1343.396,4,4,0.001219,-0.006597,1.000000,AVOID,0.000000,0.000000,1.000000,0,-0.367975,-0.022787,0.259425,0.268095
trial14_near_wall,1,863,27.6160,-0.314275,0.096773,0.416795,-100.8433,11.4311,2037.737,1317.873,4,5,0.086978,0.016797,1.000000,AVOID,0.000000,0.000000,1.000000,0,-0.367975,0.058015,0.275013,0.252507
trial14_near_wall,1,864,27.6480,-0.314307,0.096773,0.416795,-100.8587,11.4508,2032.094,1337.816,5,4,-0.087500,-0.009278,1.000000,AVOID,0.000000,0.000000,1.000000,0,-0.367975,-0.032045,0.264188,0.263332
trial14_near_wall,1,865,27.6800,-0.314339,0.096773,0.416796,-100.8594,11.4559,2040.577,1351.438,4,4,0.001232,-0.006650,1.000000,AVOID,0.000000,0.000000,1.000000,0,-0.367975,-0.022970,0.258339,0.269181
trial14_near_wall,1,866,27.7120,-0.314371,0.096773,0.416796,-100.8520,11.4529,2048.072,1338.711,4,5,0.086959,0.016752,1.000000,AVOID,0.000000,0.000000,1.000000,0,-0.367975,0.057861,0.274159,0.253361
trial14_near_wall,1,867,27.7440,-0.314402,0.096773,0.416796,-100.8662,11.4715,2039.291,1339.133,4,4,-0.460515,-0.102565,1.000000,AVOID,0.000000,0.000000,1.000000,0,-0.367975,-0.354259,0.182995,0.344525
trial14_near_wall,1,868,27.7760,-0.314434,0.096773,0.416797,-100.7619,11.3714,2029.338,1353.361,5,4,-0.087645,-0.098835,1.000000,AVOID,0.000000,0.000000,1.000000,0,-0.367975,-0.341375,0.117842,0.409678
trial14_near_wall,1,869,27.8080,-0.314465,0.096773,0.416797,-100.5735,11.1874,2042.208,1371.186,4,5,0.086939,-0.052391,1.000000,AVOID,0.000000,0.000000,1.000000,0,-0.367975,-0.180959,0.109082,0.418438
trial14_near_wall,1,870,27.8400,-0.314496,0.096773,0.416797,-100.3737,10.9918,2035.028,1366.003,4,4,-0.001729,-0.039726,1.000000,AVOID,0.000000,0.000000,1.000000,0,-0.367975,-0.137212,0.113448,0.414072
trial14_near_wall,1,871,27.8720,-0.314526,0.096773,0.416797,-100.1795,10.8017,2036.263,1395.032,5,4,-0.087632,-0.051702,1.000000,AVOID,0.000000,0.000000,1.000000,0,-0.367975,-0.178580,0.106381,0.421139
trial14_near_wall,1,872,27.9040,-0.314555,0.096773,0.416798,-99.9762,10.6024,2029.947,1409.661,4,5,0.086920,-0.017047,1.000000,AVOID,0.000000,0.000000,1.000000,0,-0.367975,-0.058880,0.131006,0.396514
trial14_near_wall,1,873,27.9360,-0.314584,0.096773,0.416798,-99.8045,10.4346,2017.077,1403.845,4,4,-0.001746,-0.013222,1.000000,AVOID,0.000000,0.000000,1.000000,0,-0.367975,-0.045668,0.152778,0.374742
trial14_near_wall,1,874,27.9680,-0.314613,0.096773,0.416798,-99.6607,10.2948,2017.828,1430.238,5,4,-0.087620,-0.031821,1.000000,AVOID,0.000000,0.000000,1.000000,0,-0.367975,-0.109910,0.153046,0.374474
trial14_near_wall,1,875,28.0000,-0.314641,0.096773,0.416799,-99.5173,10.1552,2030.273,1405.897,4,4,0.468987,0.093381,1.000000,AVOID,0.000000,0.000000,1.000000,0,-0.367975,0.322538,0.261359,0.266161
trial14_near_wall,1,876,28.0320,-0.314668,0.096773,0.416799,-99.5135,10.1553,2024.267,1428.097,4,5,0.087125,0.091817,1.000000,AVOID,0.000000,0.000000,1.000000,0,-0.367975,0.317136,0.341243,0.186277
trial14_near_wall,1,877,28.0640,-0.314696,0.096773,0.416799,-99.6138,10.2594,2038.146,1412.033,5,4,-0.087607,0.046961,1.000000,AVOID,0.000000,0.000000,1.000000,0,-0.367975,0.162203,0.362423,0.165097
trial14_near_wall,1,878,28.0960,-0.314724,0.096773,0.416800,-99.7416,10.3910,2027.834,1421.627,4,4,0.001137,0.035505,1.000000,AVOID,0.000000,0.000000,1.000000,0,-0.367975,0.122634,0.368416,0.159104
trial14_near_wall,1,879,28.1280,-0.314753,0.096773,0.416800,-99.8772,10.5306,2039.950,1409.919,4,5,0.087107,0.048406,1.000000,AVOID,0.000000,0.000000,1.000000,0,-0.367975,0.167193,0.384050,0.143470
trial14_near_wall,1,880,28.1600,-0.314782,0.096773,0.416800,-100.0329,10.6903,2040.437,1394.659,5,4,-0.087594,0.014406,1.000000,AVOID,0.000000,0.000000,1.000000,0,-0.367975,0.049757,0.366417,0.161103
trial14_near_wall,1,881,28.1920,-0.314812,0.096773,0.416801,-100.1660,10.8275,2033.489,1401.892,4,4,0.001148,0.011091,1.000000,AVOID,0.000000,0.000000,1.000000,0,-0.367975,0.038310,0.350330,0.177190
trial14_near_wall,1,882,28.2240,-0.314842,0.096773,0.416801,-100.2785,10.9441,2043.525,1352.492,4,5,0.087089,0.030091,1.000000,AVOID,0.000000,0.000000,1.000000,0,-0.367975,0.103934,0.354671,0.172849
trial14_near_wall,1,883,28.2560,-0.314872,0.096773,0.416801,-100.3965,11.0663,2036.418,1364.631,5,4,-0.087581,0.000673,1.000000,AVOID,0.000000,0.000000,1.000000,0,-0.367975,0.002324,0.332524,0.194996
trial14_near_wall,1,884,28.2880,-0.314903,0.096773,0.416802,-100.4861,11.1601,2055.124,1371.279,4,4,0.001160,0.000795,1.000000,AVOID,0.000000,0.000000,1.000000,0,-0.367975,0.002745,0.316019,0.211501
trial14_near_wall,1,885,28.3200,-0.314934,0.096773,0.416802,-100.5544,11.2327,2030.009,1385.929,4,5,0.087071,0.022364,1.000000,AVOID,0.000000,0.000000,1.000000,0,-0.367975,0.077245,0.322266,0.205254
trial14_near_wall,1,886,28.3520,-0.314965,0.096773,0.416803,-100.6308,11.3133,2048.350,1350.607,5,4,-0.087568,-0.005119,1.000000,AVOID,0.000000,0.000000,1.000000,0,-0.367975,-0.017681,0.303219,0.224301
trial14_near_wall,1,887,28.3840,-0.314996,0.096773,0.416803,-100.6826,11.3695,2023.950,1388.197,4,4,0.001172,-0.003546,1.000000,AVOID,0.000000,0.000000,1.000000,0,-0.367975,-0.012249,0.290292,0.237228
trial14_near_wall,1,888,28.4160,-0.315028,0.096773,0.416803,-100.7179,11.4090,2027.216,1374.401,4,5,0.087053,0.019103,1.000000,AVOID,0.000000,0.000000,1.000000,0,-0.367975,0.065983,0.300155,0.227365
trial14_near_wall,1,889,28.4480,-0.315059,0.096773,0.416804,-100.7657,11.4612,2036.757,1354.441,5,4,-0.087554,-0.007561,1.000000,AVOID,0.000000,0.000000,1.000000,0,-0.367975,-0.026116,0.284527,0.242993
trial14_near_wall,1,890,28.4800,-0.315091,0.096773,0.416804,-100.7935,11.4934,2035.358,1351.272,4,4,0.001183,-0.005375,1.000000,AVOID,0.000000,0.000000,1.000000,0,-0.367975,-0.018565,0.274694,0.252826
trial14_near_wall,1,891,28.5120,-0.315123,0.096773,0.416805,-100.8087,11.5129,2037.993,1341.656,4,5,0.087035,0.017727,1.000000,AVOID,0.000000,0.000000,1.000000,0,-0.367975,0.061231,0.287268,0.240252
trial14_near_wall,1,892,28.5440,-0.315155,0.096773,0.416805,-100.8399,11.5485,2048.972,1343.911,5,4,-0.087541,-0.008590,1.000000,AVOID,0.000000,0.000000,1.000000,0,-0.367975,-0.029669,0.273974,0.253546
trial14_near_wall,1,893,28.5760,-0.315186,0.096773,0.416805,-100.8541,11.5671,2032.028,1351.077,4,4,0.001195,-0.006143,1.000000,AVOID,0.000000,0.000000,1.000000,0,-0.367975,-0.021219,0.266116,0.261404
trial14_near_wall,1,894,28.6080,-0.315218,0.096773,0.416806,-100.8576,11.5749,2051.081,1356.064,4,5,0.087016,0.017146,1.000000,AVOID,0.000000,0.000000,1.000000,0,-0.367975,0.059224,0.280333,0.247187
trial14_near_wall,1,895,28.6400,-0.315250,0.096773,0.416806,-100.8799,11.6016,2053.040,1353.200,5,4,-0.087527,-0.009022,1.000000,AVOID,0.000000,0.000000,1.000000,0,-0.367975,-0.031162,0.268399,0.259121
trial14_near_wall,1,896,28.6720,-0.315282,0.096773,0.416807,-100.8865,11.6126,2051.051,1352.658,4,4,0.001207,-0.006465,1.000000,AVOID,0.000000,0.000000,1.000000,0,-0.367975,-0.022329,0.261657,0.265863
trial14_near_wall,1,897,28.7040,-0.315314,0.096773,0.416807,-100.8837,11.6142,2042.685,1305.506,4,5,0.086997,0.016901,1.000000,AVOID,0.000000,0.000000,1.000000,0,-0.367975,0.058375,0.276776,0.250744
trial14_near_wall,1,898,28.7360,-0.315346,0.096773,0.416807,-100.9014,11.6363,2046.329,1336.738,5,4,-0.087514,-0.009203,1.000000,AVOID,0.000000,0.000000,1.000000,0,-0.367975,-0.031787,0.265576,0.261944
trial14_near_wall,1,899,28.7680,-0.315378,0.096773,0.416808,-100.9041,11.6433,2041.367,1317.530,4,4,0.001219,-0.006597,1.000000,AVOID,0.000000,0.000000,1.000000,0,-0.367975,-0.022787,0.259425,0.268095
trial14_near_wall,1,900,28.8000,-0.315410,0.096773,0.416808,-100.8982,11.6419,2053.355,1346.619,4,5,0.086978,0.016797,1.000000,AVOID,0.000000,0.000000,1.000000,0,-0.367975,0.058015,0.275013,0.252507
trial14_near_wall,1,901,28.8320,-0.315442,0.096773,0.416809,-100.9136,11.6616,2050.268,1365.549,5,4,-0.087500,-0.009278,1.000000,AVOID,0.000000,0.000000,1.000000,0,-0.367975,-0.032045,0.264188,0.263332
trial14_near_wall,1,902,28.8640,-0.315474,0.096773,0.416809,-100.9143,11.6667,2036.373,1332.965,4,4,0.001232,-0.006650,1.000000,AVOID,0.000000,0.000000,1.000000,0,-0.367975,-0.022970,0.258339,0.269181
trial14_near_wall,1,903,28.8960,-0.315506,0.096773,0.416809,-100.9069,11.6637,2048.537,1327.695,4,5,0.086959,0.016752,1.000000,AVOID,0.000000,0.000000,1.000000,0,-0.367975,0.057861,0.274159,0.253361
trial14_near_wall,1,904,28.9280,-0.315538,0.096773,0.416810,-100.9211,11.6824,2042.360,1328.698,4,4,-0.460515,-0.102565,1.000000,AVOID,0.000000,0.000000,1.000000,0,-0.367975,-0.354259,0.182995,0.344525
trial14_near_wall,1,905,28.9600,-0.315569,0.096773,0.416810,-100.8167,11.5824,2036.013,1342.261,5,4,-0.087645,-0.098835,1.000000,AVOID,0.000000,0.000000,1.000000,0,-0.367975,-0.341375,0.117842,0.409678
trial14_near_wall,1,906,28.9920,-0.315601,0.096773,0.416811,-100.6284,11.3983,2045.024,1365.121,4,5,0.086939,-0.052391,1.000000,AVOID,0.000000,0.000000,1.000000,0,-0.367975,-0.180959,0.109082,0.418438
trial14_near_wall,1,907,29.0240,-0.315632,0.096773,0.416811,-100.4286,11.2028,2040.689,1356.974,4,4,-0.001729,-0.039726,1.000000,AVOID,0.000000,0.000000,1.000000,0,-0.367975,-0.137212,0.113448,0.414072
trial14_near_wall,1,908,29.0560,-0.315662,0.096773,0.416811,-100.2344,11.0127,2048.476,1378.079,5,4,-0.087632,-0.051702,1.000000,AVOID,0.000000,0.000000,1.000000,0,-0.367975,-0.178580,0.106381,0.421139
trial14_near_wall,1,909,29.0880,-0.315691,0.096773,0.416812,-100.0311,10.8134,2032.725,1390.984,4,5,0.086920,-0.017047,1.000000,AVOID,0.000000,0.000000,1.000000,0,-0.367975,-0.058880,0.131006,0.396514
trial14_near_wall,1,910,29.1200,-0.315720,0.096773,0.416812,-99.8593,10.6457,2027.994,1427.970,4,4,-0.001746,-0.013222,1.000000,AVOID,0.000000,0.000000,1.000000,0,-0.367975,-0.045668,0.152778,0.374742
trial14_near_wall,1,911,29.1520,-0.315749,0.096773,0.416812,-99.7156,10.5059,2051.291,1435.039,5,4,-0.087620,-0.031821,1.000000,AVOID,0.000000,0.000000,1.000000,0,-0.367975,-0.109910,0.153046,0.374474
trial14_near_wall,1,912,29.1840,-0.315777,0.096773,0.416813,-99.5722,10.3663,2027.116,1424.206,4,4,0.468987,0.093381,1.000000,AVOID,0.000000,0.000000,1.000000,0,-0.367975,0.322538,0.261359,0.266161
trial14_near_wall,1,913,29.2160,-0.315805,0.096773,0.416813,-99.5684,10.3664,2025.617,1414.060,4,5,0.087125,0.091817,1.000000,AVOID,0.000000,0.000000,1.000000,0,-0.367975,0.317136,0.341243,0.186277
trial14_near_wall,1,914,29.2480,-0.315833,0.096773,0.416814,-99.6687,10.4705,2029.121,1432.791,5,4,-0.087607,0.046961,1.000000,AVOID,0.000000,0.000000,1.000000,0,-0.367975,0.162203,0.362423,0.165097
trial14_near_wall,1,915,29.2800,-0.315861,0.096773,0.416814,-99.7965,10.6022,2030.423,1409.509,4,4,0.001137,0.035505,1.000000,AVOID,0.000000,0.000000,1.000000,0,-0.367975,0.122634,0.368416,0.159104
trial14_near_wall,1,916,29.3120,-0.315890,0.096773,0.416814,-99.9320,10.7417,2046.190,1400.169,4,5,0.087107,0.048406,1.000000,AVOID,0.000000,0.000000,1.000000,0,-0.367975,0.167193,0.384050,0.143470
trial14_near_wall,1,917,29.3440,-0.315920,0.096773,0.416815,-100.0878,10.9015,2037.926,1399.670,5,4,-0.087594,0.014406,1.000000,AVOID,0.000000,0.000000,1.000000,0,-0.367975,0.049757,0.366417,0.161103
trial14_near_wall,1,918,29.3760,-0.315949,0.096773,0.416815,-100.2209,11.0387,2037.495,1383.837,4,4,0.001148,0.011091,1.000000,AVOID,0.000000,0.000000,1.000000,0,-0.367975,0.038310,0.350330,0.177190
trial14_near_wall,1,919,29.4080,-0.315980,0.096773,0.416816,-100.3334,11.1554,2048.468,1390.802,4,5,0.087089,0.030091,1.000000,AVOID,0.000000,0.000000,1.000000,0,-0.367975,0.103934,0.354671,0.172849
trial14_near_wall,1,920,29.4400,-0.316010,0.096773,0.416816,-100.4514,11.2776,2045.411,1383.213,5,4,-0.087581,0.000673,1.000000,AVOID,0.000000,0.000000,1.000000,0,-0.367975,0.002324,0.332524,0.194996
trial14_near_wall,1,921,29.4720,-0.316041,0.096773,0.416817,-100.5410,11.3714,2050.887,1364.641,4,4,0.001160,0.000795,1.000000,AVOID,0.000000,0.000000,1.000000,0,-0.367975,0.002745,0.316019,0.211501
trial14_near_wall,1,922,29.5040,-0.316072,0.096773,0.416817,-100.6093,11.4440,2031.540,1353.431,4,5,0.087071,0.022364,1.000000,AVOID,0.000000,0.000000,1.000000,0,-0.367975,0.077245,0.322266,0.205254
trial14_near_wall,1,923,29.5360,-0.316103,0.096773,0.416818,-100.6856,11.5246,2042.180,1379.191,5,4,-0.087568,-0.005119,1.000000,AVOID,0.000000,0.000000,1.000000,0,-0.367975,-0.017681,0.303219,0.224301
trial14_near_wall,1,924,29.5680,-0.316135,0.096773,0.416818,-100.7375,11.5808,2030.664,1373.613,4,4,0.001172,-0.003546,1.000000,AVOID,0.000000,0.000000,1.000000,0,-0.367975,-0.012249,0.290292,0.237228
trial14_near_wall,1,925,29.6000,-0.316166,0.096773,0.416819,-100.7727,11.6204,2044.876,1346.665,4,5,0.087053,0.019103,1.000000,AVOID,0.000000,0.000000,1.000000,0,-0.367975,0.065983,0.300155,0.227365
trial14_near_wall,1,926,29.6320,-0.316198,0.096773,0.416819,-100.8206,11.6726,2051.621,1348.855,5,4,-0.087554,-0.007561,1.000000,AVOID,0.000000,0.000000,1.000000,0,-0.367975,-0.026116,0.284527,0.242993
trial14_near_wall,1,927,29.6640,-0.316230,0.096773,0.416820,-100.8484,11.7048,2051.908,1338.917,4,4,0.001183,-0.005375,1.000000,AVOID,0.000000,0.000000,1.000000,0,-0.367975,-0.018565,0.274694,0.252826
trial14_near_wall,1,928,29.6960,-0.316262,0.096773,0.416820,-100.8635,11.7243,2043.940,1337.090,4,5,0.087035,0.017727,1.000000,AVOID,0.000000,0.000000,1.000000,0,-0.367975,0.061231,0.287268,0.240252
trial14_near_wall,1,929,29.7280,-0.316294,0.096773,0.416821,-100.8948,11.7599,2030.397,1323.287,5,4,-0.087541,-0.008590,1.000000,AVOID,0.000000,0.000000,1.000000,0,-0.367975,-0.029669,0.273974,0.253546
trial14_near_wall,1,930,29.7600,-0.316326,0.096773,0.416821,-100.9090,11.7785,2045.524,1324.429,4,4,0.001195,-0.006143,1.000000,AVOID,0.000000,0.000000,1.000000,0,-0.367975,-0.021219,0.266116,0.261404
trial14_near_wall,1,931,29.7920,-0.316358,0.096773,0.416822,-100.9124,11.7864,2052.354,1331.586,4,5,0.087016,0.017146,1.000000,AVOID,0.000000,0.000000,1.000000,0,-0.367975,0.059224,0.280333,0.247187
trial14_near_wall,1,932,29.8240,-0.316390,0.096773,0.416822,-100.9347,11.8131,2033.892,1317.058,5,4,-0.087527,-0.009022,1.000000,AVOID,0.000000,0.000000,1.000000,0,-0.367975,-0.031162,0.268399,0.259121
trial14_near_wall,1,933,29.8560,-0.316422,0.096773,0.416823,-100.9413,11.8240,2041.880,1318.246,4,4,0.001207,-0.006465,1.000000,AVOID,0.000000,0.000000,1.000000,0,-0.367975,-0.022329,0.261657,0.265863
trial14_near_wall,1,934,29.8880,-0.316454,0.096773,0.416823,-100.9386,11.8257,2055.690,1337.125,4,5,0.086997,0.016901,1.000000,AVOID,0.000000,0.000000,1.000000,0,-0.367975,0.058375,0.276776,0.250744
trial14_near_wall,1,935,29.9200,-0.316486,0.096773,0.416824,-100.9562,11.8478,2043.182,1344.645,5,4,-0.087514,-0.009203,1.000000,AVOID,0.000000,0.000000,1.000000,0,-0.367975,-0.031787,0.265576,0.261944
trial14_near_wall,1,936,29.9520,-0.316518,0.096773,0.416824,-100.9589,11.8549,2032.107,1330.514,4,4,0.001219,-0.006597,1.000000,AVOID,0.000000,0.000000,1.000000,0,-0.367975,-0.022787,0.259425,0.268095
trial14_near_wall,1,937,29.9840,-0.316550,0.096773,0.416825,-100.9530,11.8534,2047.241,1307.538,4,5,0.086978,0.016797,1.000000,AVOID,0.000000,0.000000,1.000000,0,-0.367975,0.058015,0.275013,0.252507
trial14_near_wall,1,938,30.0160,-0.316582,0.096773,0.416825,-100.9684,11.8732,2047.100,1332.356,5,4,-0.087500,-0.009278,1.000000,AVOID,0.000000,0.000000,1.000000,0,-0.367975,-0.032045,0.264188,0.263332
trial14_near_wall,1,939,30.0480,-0.316614,0.096773,0.416826,-100.9691,11.8783,2056.254,1334.195,4,4,0.001232,-0.006650,1.000000,AVOID,0.000000,0.000000,1.000000,0,-0.367975,-0.022970,0.258339,0.269181
trial14_near_wall,1,940,30.0800,-0.316647,0.096773,0.416826,-100.9617,11.8754,2051.288,1318.048,4,5,0.086959,0.016752,1.000000,AVOID,0.000000,0.000000,1.000000,0,-0.367975,0.057861,0.274159,0.253361
trial14_near_wall,1,941,30.1120,-0.316679,0.096773,0.416827,-100.9759,11.8940,2037.671,1322.198,4,4,-0.460515,-0.102565,1.000000,AVOID,0.000000,0.000000,1.000000,0,-0.367975,-0.354259,0.182995,0.344525
trial14_near_wall,1,942,30.1440,-0.316711,0.096773,0.416827,-100.8715,11.7940,2037.450,1346.528,5,4,-0.087645,-0.098835,1.000000,AVOID,0.000000,0.000000,1.000000,0,-0.367975,-0.341375,0.117842,0.409678
trial14_near_wall,1,943,30.1760,-0.316742,0.096773,0.416828,-100.6832,11.6100,2039.086,1351.901,4,5,0.086939,-0.052391,1.000000,AVOID,0.000000,0.000000,1.000000,0,-0.367975,-0.180959,0.109082,0.418438
trial14_near_wall,1,944,30.2080,-0.316773,0.096773,0.416828,-100.4834,11.4145,2050.584,1360.111,4,4,-0.001729,-0.039726,1.000000,AVOID,0.000000,0.000000,1.000000,0,-0.367975,-0.137212,0.113448,0.414072
trial14_near_wall,1,945,30.2400,-0.316804,0.096773,0.416828,-100.2892,11.2244,2049.375,1361.052,5,4,-0.087632,-0.051702,1.000000,AVOID,0.000000,0.000000,1.000000,0,-0.367975,-0.178580,0.106381,0.421139
trial14_near_wall,1,946,30.2720,-0.316833,0.096773,0.416829,-100.0859,11.0252,2027.911,1417.966,4,5,0.086920,-0.017047,1.000000,AVOID,0.000000,0.000000,1.000000,0,-0.367975,-0.058880,0.131006,0.396514
trial14_near_wall,1,947,30.3040,-0.316862,0.096773,0.416829,-99.9142,10.8575,2035.501,1422.817,4,4,-0.001746,-0.013222,1.000000,AVOID,0.000000,0.000000,1.000000,0,-0.367975,-0.045668,0.152778,0.374742
trial14_near_wall,1,948,30.3360,-0.316891,0.096773,0.416830,-99.7704,10.7177,2023.209,1416.329,5,4,-0.087620,-0.031821,1.000000,AVOID,0.000000,0.000000,1.000000,0,-0.367975,-0.109910,0.153046,0.374474
trial14_near_wall,1,949,30.3680,-0.316919,0.096773,0.416830,-99.6270,10.5782,2033.959,1440.319,4,4,0.468987,0.093381,1.000000,AVOID,0.000000,0.000000,1.000000,0,-0.367975,0.322538,0.261359,0.266161
trial14_near_wall,1,950,30.4000,-0.316947,0.096773,0.416831,-99.6233,10.5782,2016.053,1417.180,4,5,0.087125,0.091817,1.000000,AVOID,0.000000,0.000000,1.000000,0,-0.367975,0.317136,0.341243,0.186277
trial14_near_wall,1,951,30.4320,-0.316976,0.096773,0.416831,-99.7235,10.6824,2040.202,1429.544,5,4,-0.087607,0.046961,1.000000,AVOID,0.000000,0.000000,1.000000,0,-0.367975,0.162203,0.362423,0.165097
trial14_near_wall,1,952,30.4640,-0.317004,0.096773,0.416832,-99.8513,10.8141,2036.849,1416.461,4,4,0.001137,0.035505,1.000000,AVOID,0.000000,0.000000,1.000000,0,-0.367975,0.122634,0.368416,0.159104
trial14_near_wall,1,953,30.4960,-0.317033,0.096773,0.416832,-99.9869,10.9537,2032.885,1406.787,4,5,0.087107,0.048406,1.000000,AVOID,0.000000,0.000000,1.000000,0,-0.367975,0.167193,0.384050,0.143470
trial14_near_wall,1,954,30.5280,-0.317063,0.096773,0.416833,-100.1426,11.1134,2038.691,1394.687,5,4,-0.087594,0.014406,1.000000,AVOID,0.000000,0.000000,1.000000,0,-0.367975,0.049757,0.366417,0.161103
trial14_near_wall,1,955,30.5600,-0.317093,0.096773,0.416833,-100.2757,11.2507,2035.550,1411.711,4,4,0.001148,0.011091,1.000000,AVOID,0.000000,0.000000,1.000000,0,-0.367975,0.038310,0.350330,0.177190
trial14_near_wall,1,956,30.5920,-0.317123,0.096773,0.416834,-100.3882,11.3673,2044.665,1391.244,4,5,0.087089,0.030091,1.000000,AVOID,0.000000,0.000000,1.000000,0,-0.367975,0.103934,0.354671,0.172849
trial14_near_wall,1,957,30.6240,-0.317154,0.096773,0.416834,-100.5062,11.4896,2045.498,1383.009,5,4,-0.087581,0.000673,1.000000,AVOID,0.000000,0.000000,1.000000,0,-0.367975,0.002324,0.332524,0.194996
trial14_near_wall,1,958,30.6560,-0.317185,0.096773,0.416835,-100.5958,11.5834,2045.450,1365.948,4,4,0.001160,0.000795,1.000000,AVOID,0.000000,0.000000,1.000000,0,-0.367975,0.002745,0.316019,0.211501
trial14_near_wall,1,959,30.6880,-0.317216,0.096773,0.416836,-100.6641,11.6560,2045.500,1380.329,4,5,0.087071,0.022364,1.000000,AVOID,0.000000,0.000000,1.000000,0,-0.367975,0.077245,0.322266,0.205254
trial14_near_wall,1,960,30.7200,-0.317247,0.096773,0.416836,-100.7404,11.7367,2058.266,1337.326,5,4,-0.087568,-0.005119,1.000000,AVOID,0.000000,0.000000,1.000000,0,-0.367975,-0.017681,0.303219,0.224301
trial14_near_wall,1,961,30.7520,-0.317279,0.096773,0.416837,-100.7923,11.7929,2038.708,1389.588,4,4,0.001172,-0.003546,1.000000,AVOID,0.000000,0.000000,1.000000,0,-0.367975,-0.012249,0.290292,0.237228
trial14_near_wall,1,962,30.7840,-0.317311,0.096773,0.416837,-100.8275,11.8324,2054.573,1356.585,4,5,0.087053,0.019103,1.000000,AVOID,0.000000,0.000000,1.000000,0,-0.367975,0.065983,0.300155,0.227365
trial14_near_wall,1,963,30.8160,-0.317343,0.096773,0.416838,-100.8753,11.8847,2047.143,1337.018,5,4,-0.087554,-0.007561,1.000000,AVOID,0.000000,0.000000,1.000000,0,-0.367975,-0.026116,0.284527,0.242993
trial14_near_wall,1,964,30.8480,-0.317375,0.096773,0.416838,-100.9031,11.9168,2058.343,1342.821,4,4,0.001183,-0.005375,1.000000,AVOID,0.000000,0.000000,1.000000,0,-0.367975,-0.018565,0.274694,0.252826
trial14_near_wall,1,965,30.8800,-0.317407,0.096773,0.416839,-100.9182,11.9364,2055.110,1343.593,4,5,0.087035,0.017727,1.000000,AVOID,0.000000,0.000000,1.000000,0,-0.367975,0.061231,0.287268,0.240252
trial14_near_wall,1,966,30.9120,-0.317439,0.096773,0.416840,-100.9495,11.9720,2045.294,1343.888,5,4,-0.087541,-0.008590,1.000000,AVOID,0.000000,0.000000,1.000000,0,-0.367975,-0.029669,0.273974,0.253546
trial14_near_wall,1,967,30.9440,-0.317471,0.096773,0.416840,-100.9637,11.9907,2054.158,1302.962,4,4,0.001195,-0.006143,1.000000,AVOID,0.000000,0.000000,1.000000,0,-0.367975,-0.021219,0.266116,0.261404
trial14_near_wall,1,968,30.9760,-0.317503,0.096773,0.416841,-100.9672,11.9985,2041.672,1298.094,4,5,0.087016,0.017146,1.000000,AVOID,0.000000,0.000000,1.000000,0,-0.367975,0.059224,0.280333,0.247187
trial14_near_wall,1,969,31.0080,-0.317535,0.096773,0.416841,-100.9895,12.0253,2043.561,1360.480,5,4,-0.087527,-0.009022,1.000000,AVOID,0.000000,0.000000,1.000000,0,-0.367975,-0.031162,0.268399,0.259121
trial14_near_wall,1,970,31.0400,-0.317567,0.096773,0.416842,-100.9960,12.0362,2045.954,1330.655,4,4,0.001207,-0.006465,1.000000,AVOID,0.000000,0.000000,1.000000,0,-0.367975,-0.022329,0.261657,0.265863
trial14_near_wall,1,971,31.0720,-0.317600,0.096773,0.416842,-100.9933,12.0379,2041.343,1310.802,4,5,0.086997,0.016901,1.000000,AVOID,0.000000,0.000000,1.000000,0,-0.367975,0.058375,0.276776,0.250744
trial14_near_wall,1,972,31.1040,-0.317632,0.096773,0.416843,-101.0110,12.0600,2051.359,1325.549,5,4,-0.087514,-0.009203,1.000000,AVOID,0.000000,0.000000,1.000000,0,-0.367975,-0.031787,0.265576,0.261944
trial14_near_wall,1,973,31.1360,-0.317664,0.096773,0.416844,-101.0136,12.0671,2042.989,1342.483,4,4,0.001219,-0.006597,1.000000,AVOID,0.000000,0.000000,1.000000,0,-0.367975,-0.022787,0.259425,0.268095
trial14_near_wall,1,974,31.1680,-0.317696,0.096773,0.416844,-101.0078,12.0657,2038.325,1323.180,4,5,0.086978,0.016797,1.000000,AVOID,0.000000,0.000000,1.000000,0,-0.367975,0.058015,0.275013,0.252507
trial14_near_wall,1,975,31.2000,-0.317729,0.096773,0.416845,-101.0231,12.0855,2053.001,1331.517,5,4,-0.087500,-0.009278,1.000000,AVOID,0.000000,0.000000,1.000000,0,-0.367975,-0.032045,0.264188,0.263332
trial14_near_wall,1,976,31.2320,-0.317761,0.096773,0.416845,-101.0238,12.0906,2044.083,1301.679,4,4,0.001232,-0.006650,1.000000,AVOID,0.000000,0.000000,1.000000,0,-0.367975,-0.022970,0.258339,0.269181
trial14_near_wall,1,977,31.2640,-0.317793,0.096773,0.416846,-101.0164,12.0877,2042.318,1369.316,4,5,0.086959,0.016752,1.000000,AVOID,0.000000,0.000000,1.000000,0,-0.367975,0.057861,0.274159,0.253361
trial14_near_wall,1,978,31.2960,-0.317826,0.096773,0.416847,-101.0306,12.1063,2043.887,1364.661,4,4,-0.460515,-0.102565,1.000000,AVOID,0.000000,0.000000,1.000000,0,-0.367975,-0.354259,0.182995,0.344525
trial14_near_wall,1,979,31.3280,-0.317858,0.096773,0.416847,-100.9263,12.0064,2037.370,1340.235,5,4,-0.087645,-0.098835,1.000000,AVOID,0.000000,0.000000,1.000000,0,-0.367975,-0.341375,0.117842,0.409678
trial14_near_wall,1,980,31.3600,-0.317889,0.096773,0.416848,-100.7379,11.8224,2044.837,1354.959,4,5,0.086939,-0.052391,1.000000,AVOID,0.000000,0.000000,1.000000,0,-0.367975,-0.180959,0.109082,0.418438
trial14_near_wall,1,981,31.3920,-0.317921,0.096773,0.416848,-100.5382,11.6269,2037.796,1386.388,4,4,-0.001729,-0.039726,1.000000,AVOID,0.000000,0.000000,1.000000,0,-0.367975,-0.137212,0.113448,0.414072
trial14_near_wall,1,982,31.4240,-0.317951,0.096773,0.416849,-100.3439,11.4369,2037.359,1382.814,5,4,-0.087632,-0.051702,1.000000,AVOID,0.000000,0.000000,1.000000,0,-0.367975,-0.178580,0.106381,0.421139
trial14_near_wall,1,983,31.4560,-0.317981,0.096773,0.416849,-100.1406,11.2377,2029.089,1391.794,4,5,0.086920,-0.017047,1.000000,AVOID,0.000000,0.000000,1.000000,0,-0.367975,-0.058880,0.131006,0.396514
trial14_near_wall,1,984,31.4880,-0.318010,0.096773,0.416850,-99.9689,11.0700,2034.624,1436.062,4,4,-0.001746,-0.013222,1.000000,AVOID,0.000000,0.000000,1.000000,0,-0.367975,-0.045668,0.152778,0.374742
trial14_near_wall,1,985,31.5200,-0.318039,0.096773,0.416850,-99.8252,10.9302,2035.403,1394.247,5,4,-0.087620,-0.031821,1.000000,AVOID,0.000000,0.000000,1.000000,0,-0.367975,-0.109910,0.153046,0.374474
trial14_near_wall,1,986,31.5520,-0.318068,0.096773,0.416851,-99.6818,10.7907,2019.846,1430.786,4,4,0.468987,0.093381,1.000000,AVOID,0.000000,0.000000,1.000000,0,-0.367975,0.322538,0.261359,0.266161
trial14_near_wall,1,987,31.5840,-0.318096,0.096773,0.416851,-99.6780,10.7908,2036.464,1413.872,4,5,0.087125,0.091817,1.000000,AVOID,0.000000,0.000000,1.000000,0,-0.367975,0.317136,0.341243,0.186277
trial14_near_wall,1,988,31.6160,-0.318124,0.096773,0.416852,-99.7783,10.8950,2022.777,1410.022,5,4,-0.087607,0.046961,1.000000,AVOID,0.000000,0.000000,1.000000,0,-0.367975,0.162203,0.362423,0.165097
trial14_near_wall,1,989,31.6480,-0.318153,0.096773,0.416853,-99.9061,11.0267,2038.304,1404.431,4,4,0.001137,0.035505,1.000000,AVOID,0.000000,0.000000,1.000000,0,-0.367975,0.122634,0.368416,0.159104
trial14_near_wall,1,990,31.6800,-0.318182,0.096773,0.416853,-100.0416,11.1663,2035.895,1401.715,4,5,0.087107,0.048406,1.000000,AVOID,0.000000,0.000000,1.000000,0,-0.367975,0.167193,0.384050,0.143470
trial14_near_wall,1,991,31.7120,-0.318212,0.096773,0.416854,-100.1973,11.3261,2046.780,1377.915,5,4,-0.087594,0.014406,1.000000,AVOID,0.000000,0.000000,1.000000,0,-0.367975,0.049757,0.366417,0.161103
trial14_near_wall,1,992,31.7440,-0.318242,0.096773,0.416854,-100.3305,11.4634,2033.839,1385.661,4,4,0.001148,0.011091,1.000000,AVOID,0.000000,0.000000,1.000000,0,-0.367975,0.038310,0.350330,0.177190
trial14_near_wall,1,993,31.7760,-0.318272,0.096773,0.416855,-100.4429,11.5800,2038.278,1353.796,4,5,0.087089,0.030091,1.000000,AVOID,0.000000,0.000000,1.000000,0,-0.367975,0.103934,0.354671,0.172849
trial14_near_wall,1,994,31.8080,-0.318303,0.096773,0.416856,-100.5609,11.7022,2047.347,1362.121,5,4,-0.087581,0.000673,1.000000,AVOID,0.000000,0.000000,1.000000,0,-0.367975,0.002324,0.332524,0.194996
trial14_near_wall,1,995,31.8400,-0.318334,0.096773,0.416856,-100.6505,11.7961,2034.634,1356.329,4,4,0.001160,0.000795,1.000000,AVOID,0.000000,0.000000,1.000000,0,-0.367975,0.002745,0.316019,0.211501
trial14_near_wall,1,996,31.8720,-0.318366,0.096773,0.416857,-100.7188,11.8687,2037.359,1348.100,4,5,0.087071,0.022364,1.000000,AVOID,0.000000,0.000000,1.000000,0,-0.367975,0.077245,0.322266,0.205254
trial14_near_wall,1,997,31.9040,-0.318397,0.096773,0.416858,-100.7951,11.9494,2045.455,1364.704,5,4,-0.087568,-0.005119,1.000000,AVOID,0.000000,0.000000,1.000000,0,-0.367975,-0.017681,0.303219,0.224301
trial14_near_wall,1,998,31.9360,-0.318429,0.096773,0.416858,-100.8470,12.0056,2037.961,1330.275,4,4,0.001172,-0.003546,1.000000,AVOID,0.000000,0.000000,1.000000,0,-0.367975,-0.012249,0.290292,0.237228
trial14_near_wall,1,999,31.9680,-0.318461,0.096773,0.416859,-100.8822,12.0452,2062.296,1344.846,4,5,0.087053,0.019103,1.000000,AVOID,0.000000,0.000000,1.000000,0,-0.367975,0.065983,0.300155,0.227365
trial14_near_wall,1,1000,32.0000,-0.318493,0.096773,0.416860,-100.9300,12.0975,2051.428,1339.351,5,4,-0.087554,-0.007561,1.000000,AVOID,0.000000,0.000000,1.000000,0,-0.367975,-0.026116,0.284527,0.242993
trial14_near_wall,1,1001,32.0320,-0.318525,0.096773,0.416860,-100.9578,12.1297,2051.312,1345.110,4,4,0.001183,-0.005375,1.000000,AVOID,0.000000,0.000000,1.000000,0,-0.367975,-0.018565,0.274694,0.252826
trial14_near_wall,1,1002,32.0640,-0.318557,0.096773,0.416861,-100.9729,12.1492,2035.943,1328.194,4,5,0.087035,0.017727,1.000000,AVOID,0.000000,0.000000,1.000000,0,-0.367975,0.061231,0.287268,0.240252
trial14_near_wall,1,1003,32.0960,-0.318590,0.096773,0.416862,-101.0042,12.1849,2047.657,1316.727,5,4,-0.087541,-0.008590,1.000000,AVOID,0.000000,0.000000,1.000000,0,-0.367975,-0.029669,0.273974,0.253546
trial14_near_wall,1,1004,32.1280,-0.318622,0.096773,0.416862,-101.0184,12.2035,2038.951,1316.324,4,4,0.001195,-0.006143,1.000000,AVOID,0.000000,0.000000,1.000000,0,-0.367975,-0.021219,0.266116,0.261404
trial14_near_wall,1,1005,32.1600,-0.318654,0.096773,0.416863,-101.0218,12.2114,2039.893,1329.672,4,5,0.087016,0.017146,1.000000,AVOID,0.000000,0.000000,1.000000,0,-0.367975,0.059224,0.280333,0.247187
trial14_near_wall,1,1006,32.1920,-0.318687,0.096773,0.416864,-101.0441,12.2381,2051.326,1312.825,5,4,-0.087527,-0.009022,1.000000,AVOID,0.000000,0.000000,1.000000,0,-0.367975,-0.031162,0.268399,0.259121
trial14_near_wall,1,1007,32.2240,-0.318719,0.096773,0.416864,-101.0507,12.2492,2045.658,1352.147,4,4,0.001207,-0.006465,1.000000,AVOID,0.000000,0.000000,1.000000,0,-0.367975,-0.022329,0.261657,0.265863
trial14_near_wall,1,1008,32.2560,-0.318751,0.096773,0.416865,-101.0480,12.2509,2057.679,1349.929,4,5,0.086997,0.016901,1.000000,AVOID,0.000000,0.000000,1.000000,0,-0.367975,0.058375,0.276776,0.250744
trial14_near_wall,1,1009,32.2880,-0.318784,0.096773,0.416866,-101.0656,12.2730,2029.319,1333.942,5,4,-0.087514,-0.009203,1.000000,AVOID,0.000000,0.000000,1.000000,0,-0.367975,-0.031787,0.265576,0.261944
trial14_near_wall,1,1010,32.3200,-0.318816,0.096773,0.416866,-101.0683,12.2801,2048.560,1303.147,4,4,0.001219,-0.006597,1.000000,AVOID,0.000000,0.000000,1.000000,0,-0.367975,-0.022787,0.259425,0.268095
trial14_near_wall,1,1011,32.3520,-0.318849,0.096773,0.416867,-101.0624,12.2787,2039.995,1330.957,4,5,0.086978,0.016797,1.000000,AVOID,0.000000,0.000000,1.000000,0,-0.367975,0.058015,0.275013,0.252507
trial14_near_wall,1,1012,32.3840,-0.318881,0.096773,0.416868,-101.0778,12.2985,2050.964,1334.369,5,4,-0.087500,-0.009278,1.000000,AVOID,0.000000,0.000000,1.000000,0,-0.367975,-0.032045,0.264188,0.263332
trial14_near_wall,1,1013,32.4160,-0.318914,0.096773,0.416868,-101.0785,12.3037,2041.199,1332.553,4,4,0.001232,-0.006650,1.000000,AVOID,0.000000,0.000000,1.000000,0,-0.367975,-0.022970,0.258339,0.269181
trial14_near_wall,1,1014,32.4480,-0.318946,0.096773,0.416869,-101.0711,12.3007,2040.716,1321.074,4,5,0.086959,0.016752,1.000000,AVOID,0.000000,0.000000,1.000000,0,-0.367975,0.057861,0.274159,0.253361
trial14_near_wall,1,1015,32.4800,-0.318978,0.096773,0.416870,-101.0853,12.3194,2041.355,1310.520,4,4,-0.460515,-0.102565,1.000000,AVOID,0.000000,0.000000,1.000000,0,-0.367975,-0.354259,0.182995,0.344525
trial14_near_wall,1,1016,32.5120,-0.319011,0.096773,0.416871,-100.9809,12.2195,2044.236,1317.496,5,4,-0.087645,-0.098835,1.000000,AVOID,0.000000,0.000000,1.000000,0,-0.367975,-0.341375,0.117842,0.409678
trial14_near_wall,1,1017,32.5440,-0.319043,0.096773,0.416871,-100.7926,12.0355,2040.552,1321.476,4,5,0.086939,-0.052391,1.000000,AVOID,0.000000,0.000000,1.000000,0,-0.367975,-0.180959,0.109082,0.418438
trial14_near_wall,1,1018,32.5760,-0.319074,0.096773,0.416872,-100.5928,11.8400,2020.517,1349.287,4,4,-0.001729,-0.039726,1.000000,AVOID,0.000000,0.000000,1.000000,0,-0.367975,-0.137212,0.113448,0.414072
trial14_near_wall,1,1019,32.6080,-0.319104,0.096773,0.416872,-100.3986,11.6501,2052.737,1393.878,5,4,-0.087632,-0.051702,1.000000,AVOID,0.000000,0.000000,1.000000,0,-0.367975,-0.178580,0.106381,0.421139
trial14_near_wall,1,1020,32.6400,-0.319135,0.096773,0.416873,-100.1953,11.4509,2039.893,1396.494,4,5,0.086920,-0.017047,1.000000,AVOID,0.000000,0.000000,1.000000,0,-0.367975,-0.058880,0.131006,0.396514
trial14_near_wall,1,1021,32.6720,-0.319164,0.096773,0.416874,-100.0236,11.2832,2049.300,1415.532,4,4,-0.001746,-0.013222,1.000000,AVOID,0.000000,0.000000,1.000000,0,-0.367975,-0.045668,0.152778,0.374742
trial14_near_wall,1,1022,32.7040,-0.319193,0.096773,0.416874,-99.8798,11.1434,2038.359,1406.005,5,4,-0.087620,-0.031821,1.000000,AVOID,0.000000,0.000000,1.000000,0,-0.367975,-0.109910,0.153046,0.374474
trial14_near_wall,1,1023,32.7360,-0.319222,0.096773,0.416875,-99.7364,11.0040,2050.973,1414.753,4,4,0.468987,0.093381,1.000000,AVOID,0.000000,0.000000,1.000000,0,-0.367975,0.322538,0.261359,0.266161
trial14_near_wall,1,1024,32.7680,-0.319250,0.096773,0.416875,-99.7327,11.0041,2036.283,1420.462,4,5,0.087125,0.091817,1.000000,AVOID,0.000000,0.000000,1.000000,0,-0.367975,0.317136,0.341243,0.186277
trial14_near_wall,1,1025,32.8000,-0.319278,0.096773,0.416876,-99.8330,11.1083,2027.656,1414.791,5,4,-0.087607,0.046961,1.000000,AVOID,0.000000,0.000000,1.000000,0,-0.367975,0.162203,0.362423,0.165097
trial14_near_wall,1,1026,32.8320,-0.319307,0.096773,0.416877,-99.9607,11.2400,2026.244,1419.307,4,4,0.001137,0.035505,1.000000,AVOID,0.000000,0.000000,1.000000,0,-0.367975,0.122634,0.368416,0.159104
trial14_near_wall,1,1027,32.8640,-0.319337,0.096773,0.416877,-100.0963,11.3796,2029.608,1390.188,4,5,0.087107,0.048406,1.000000,AVOID,0.000000,0.000000,1.000000,0,-0.367975,0.167193,0.384050,0.143470
trial14_near_wall,1,1028,32.8960,-0.319366,0.096773,0.416878,-100.2520,11.5394,2033.486,1393.736,5,4,-0.087594,0.014406,1.000000,AVOID,0.000000,0.000000,1.000000,0,-0.367975,0.049757,0.366417,0.161103
trial14_near_wall,1,1029,32.9280,-0.319397,0.096773,0.416879,-100.3851,11.6767,2052.626,1377.173,4,4,0.001148,0.011091,1.000000,AVOID,0.000000,0.000000,1.000000,0,-0.367975,0.038310,0.350330,0.177190
trial14_near_wall,1,1030,32.9600,-0.319427,0.096773,0.416880,-100.4976,11.7934,2045.511,1361.821,4,5,0.087089,0.030091,1.000000,AVOID,0.000000,0.000000,1.000000,0,-0.367975,0.103934,0.354671,0.172849
trial14_near_wall,1,1031,32.9920,-0.319458,0.096773,0.416880,-100.6156,11.9157,2043.582,1372.954,5,4,-0.087581,0.000673,1.000000,AVOID,0.000000,0.000000,1.000000,0,-0.367975,0.002324,0.332524,0.194996
trial14_near_wall,1,1032,33.0240,-0.319490,0.096773,0.416881,-100.7052,12.0095,2051.886,1347.374,4,4,0.001160,0.000795,1.000000,AVOID,0.000000,0.000000,1.000000,0,-0.367975,0.002745,0.316019,0.211501
trial14_near_wall,1,1033,33.0560,-0.319521,0.096773,0.416882,-100.7735,12.0822,2054.109,1347.122,4,5,0.087071,0.022364,1.000000,AVOID,0.000000,0.000000,1.000000,0,-0.367975,0.077245,0.322266,0.205254
trial14_near_wall,1,1034,33.0880,-0.319553,0.096773,0.416883,-100.8498,12.1629,2059.722,1326.690,5,4,-0.087568,-0.005119,1.000000,AVOID,0.000000,0.000000,1.000000,0,-0.367975,-0.017681,0.303219,0.224301
trial14_near_wall,1,1035,33.1200,-0.319585,0.096773,0.416883,-100.9016,12.2191,2048.961,1329.050,4,4,0.001172,-0.003546,1.000000,AVOID,0.000000,0.000000,1.000000,0,-0.367975,-0.012249,0.290292,0.237228
trial14_near_wall,1,1036,33.1520,-0.319617,0.096773,0.416884,-100.9368,12.2587,2049.887,1360.426,4,5,0.087053,0.019103,1.000000,AVOID,0.000000,0.000000,1.000000,0,-0.367975,0.065983,0.300155,0.227365
trial14_near_wall,1,1037,33.1840,-0.319649,0.096773,0.416885,-100.9847,12.3110,2050.856,1341.589,5,4,-0.087554,-0.007561,1.000000,AVOID,0.000000,0.000000,1.000000,0,-0.367975,-0.026116,0.284527,0.242993
trial14_near_wall,1,1038,33.2160,-0.319682,0.096773,0.416886,-101.0124,12.3432,2056.094,1327.383,4,4,0.001183,-0.005375,1.000000,AVOID,0.000000,0.000000,1.000000,0,-0.367975,-0.018565,0.274694,0.252826
trial14_near_wall,1,1039,33.2480,-0.319714,0.096773,0.416886,-101.0276,12.3627,2052.551,1322.225,4,5,0.087035,0.017727,1.000000,AVOID,0.000000,0.000000,1.000000,0,-0.367975,0.061231,0.287268,0.240252
trial14_near_wall,1,1040,33.2800,-0.319746,0.096773,0.416887,-101.0588,12.3984,2060.503,1355.319,5,4,-0.087541,-0.008590,1.000000,AVOID,0.000000,0.000000,1.000000,0,-0.367975,-0.029669,0.273974,0.253546
trial14_near_wall,1,1041,33.3120,-0.319779,0.096773,0.416888,-101.0730,12.4171,2050.695,1315.584,4,4,0.001195,-0.006143,1.000000,AVOID,0.000000,0.000000,1.000000,0,-0.367975,-0.021219,0.266116,0.261404
trial14_near_wall,1,1042,33.3440,-0.319811,0.096773,0.416889,-101.0764,12.4250,2045.703,1316.177,4,5,0.087016,0.017146,1.000000,AVOID,0.000000,0.000000,1.000000,0,-0.367975,0.059224,0.280333,0.247187
trial14_near_wall,1,1043,33.3760,-0.319844,0.096773,0.416889,-101.0987,12.4518,2046.235,1332.143,5,4,-0.087527,-0.009022,1.000000,AVOID,0.000000,0.000000,1.000000,0,-0.367975,-0.031162,0.268399,0.259121
trial14_near_wall,1,1044,33.4080,-0.319876,0.096773,0.416890,-101.1053,12.4628,2049.222,1338.587,4,4,0.001207,-0.006465,1.000000,AVOID,0.000000,0.000000,1.000000,0,-0.367975,-0.022329,0.261657,0.265863
trial14_near_wall,1,1045,33.4400,-0.319909,0.096773,0.416891,-101.1026,12.4645,2044.994,1304.724,4,5,0.086997,0.016901,1.000000,AVOID,0.000000,0.000000,1.000000,0,-0.367975,0.058375,0.276776,0.250744
trial14_near_wall,1,1046,33.4720,-0.319941,0.096773,0.416892,-101.1202,12.4867,2051.507,1326.585,5,4,-0.087514,-0.009203,1.000000,AVOID,0.000000,0.000000,1.000000,0,-0.367975,-0.031787,0.265576,0.261944
trial14_near_wall,1,1047,33.5040,-0.319974,0.096773,0.416893,-101.1229,12.4938,2050.550,1313.039,4,4,0.001219,-0.006597,1.000000,AVOID,0.000000,0.000000,1.000000,0,-0.367975,-0.022787,0.259425,0.268095
trial14_near_wall,1,1048,33.5360,-0.320007,0.096773,0.416893,-101.1170,12.4924,2051.309,1330.751,4,5,0.086978,0.016797,1.000000,AVOID,0.000000,0.000000,1.000000,0,-0.367975,0.058015,0.275013,0.252507
trial14_near_wall,1,1049,33.5680,-0.320039,0.096773,0.416894,-101.1324,12.5122,2052.468,1298.143,5,4,-0.087500,-0.009278,1.000000,AVOID,0.000000,0.000000,1.000000,0,-0.367975,-0.032045,0.264188,0.263332
trial14_near_wall,1,1050,33.6000,-0.320072,0.096773,0.416895,-101.1331,12.5174,2046.841,1325.968,4,4,0.001232,-0.006650,1.000000,AVOID,0.000000,0.000000,1.000000,0,-0.367975,-0.022970,0.258339,0.269181
trial14_near_wall,1,1051,33.6320,-0.320104,0.096773,0.416896,-101.1257,12.5145,2038.721,1308.353,4,5,0.086959,0.016752,1.000000,AVOID,0.000000,0.000000,1.000000,0,-0.367975,0.057861,0.274159,0.253361
trial14_near_wall,1,1052,33.6640,-0.320137,0.096773,0.416896,-101.1399,12.5332,2045.241,1321.030,4,4,-0.460515,-0.102565,1.000000,AVOID,0.000000,0.000000,1.000000,0,-0.367975,-0.354259,0.182995,0.344525
trial14_near_wall,1,1053,33.6960,-0.320169,0.096773,0.416897,-101.0355,12.4333,2038.199,1318.998,5,4,-0.087645,-0.098835,1.000000,AVOID,0.000000,0.000000,1.000000,0,-0.367975,-0.341375,0.117842,0.409678
trial14_near_wall,1,1054,33.7280,-0.320202,0.096773,0.416898,-100.8472,12.2493,2043.875,1330.110,4,5,0.086939,-0.052391,1.000000,AVOID,0.000000,0.000000,1.000000,0,-0.367975,-0.180959,0.109082,0.418438
trial14_near_wall,1,1055,33.7600,-0.320233,0.096773,0.416899,-100.6474,12.0539,2035.079,1352.084,4,4,-0.001729,-0.039726,1.000000,AVOID,0.000000,0.000000,1.000000,0,-0.367975,-0.137212,0.113448,0.414072
trial14_near_wall,1,1056,33.7920,-0.320264,0.096773,0.416899,-100.4532,11.8639,2030.615,1368.634,5,4,-0.087632,-0.051702,1.000000,AVOID,0.000000,0.000000,1.000000,0,-0.367975,-0.178580,0.106381,0.421139
trial14_near_wall,1,1057,33.8240,-0.320294,0.096773,0.416900,-100.2499,11.6648,2040.192,1370.345,4,5,0.086920,-0.017047,1.000000,AVOID,0.000000,0.000000,1.000000,0,-0.367975,-0.058880,0.131006,0.396514
trial14_near_wall,1,1058,33.8560,-0.320324,0.096773,0.416901,-100.0782,11.4971,2031.517,1402.602,4,4,-0.001746,-0.013222,1.000000,AVOID,0.000000,0.000000,1.000000,0,-0.367975,-0.045668,0.152778,0.374742
trial14_near_wall,1,1059,33.8880,-0.320353,0.096773,0.416901,-99.9345,11.3574,2039.533,1430.960,5,4,-0.087620,-0.031821,1.000000,AVOID,0.000000,0.000000,1.000000,0,-0.367975,-0.109910,0.153046,0.374474
trial14_near_wall,1,1060,33.9200,-0.320381,0.096773,0.416902,-99.7911,11.2180,2028.133,1417.522,4,4,0.468987,0.093381,1.000000,AVOID,0.000000,0.000000,1.000000,0,-0.367975,0.322538,0.261359,0.266161
trial14_near_wall,1,1061,33.9520,-0.320410,0.096773,0.416903,-99.7873,11.2181,2030.693,1412.007,4,5,0.087125,0.091817,1.000000,AVOID,0.000000,0.000000,1.000000,0,-0.367975,0.317136,0.341243,0.186277
trial14_near_wall,1,1062,33.9840,-0.320439,0.096773,0.416904,-99.8876,11.3224,2034.461,1396.322,5,4,-0.087607,0.046961,1.000000,AVOID,0.000000,0.000000,1.000000,0,-0.367975,0.162203,0.362423,0.165097
trial14_near_wall,1,1063,34.0160,-0.320468,0.096773,0.416904,-100.0154,11.4541,2037.143,1401.831,4,4,0.001137,0.035505,1.000000,AVOID,0.000000,0.000000,1.000000,0,-0.367975,0.122634,0.368416,0.159104
trial14_near_wall,1,1064,34.0480,-0.320497,0.096773,0.416905,-100.1509,11.5937,2040.644,1396.232,4,5,0.087107,0.048406,1.000000,AVOID,0.000000,0.000000,1.000000,0,-0.367975,0.167193,0.384050,0.143470
trial14_near_wall,1,1065,34.0800,-0.320527,0.096773,0.416906,-100.3066,11.7535,2033.105,1365.643,5,4,-0.087594,0.014406,1.000000,AVOID,0.000000,0.000000,1.000000,0,-0.367975,0.049757,0.366417,0.161103
trial14_near_wall,1,1066,34.1120,-0.320558,0.096773,0.416907,-100.4397,11.8908,2041.717,1351.342,4,4,0.001148,0.011091,1.000000,AVOID,0.000000,0.000000,1.000000,0,-0.367975,0.038310,0.350330,0.177190
trial14_near_wall,1,1067,34.1440,-0.320588,0.096773,0.416908,-100.5522,12.0075,2047.025,1376.458,4,5,0.087089,0.030091,1.000000,AVOID,0.000000,0.000000,1.000000,0,-0.367975,0.103934,0.354671,0.172849
trial14_near_wall,1,1068,34.1760,-0.320620,0.096773,0.416908,-100.6702,12.1298,2046.108,1324.560,5,4,-0.087581,0.000673,1.000000,AVOID,0.000000,0.000000,1.000000,0,-0.367975,0.002324,0.332524,0.194996
trial14_near_wall,1,1069,34.2080,-0.320651,0.096773,0.416909,-100.7597,12.2237,2041.797,1348.077,4,4,0.001160,0.000795,1.000000,AVOID,0.000000,0.000000,1.000000,0,-0.367975,0.002745,0.316019,0.211501
trial14_near_wall,1,1070,34.2400,-0.320683,0.096773,0.416910,-100.8280,12.2963,2040.963,1352.605,4,5,0.087071,0.022364,1.000000,AVOID,0.000000,0.000000,1.000000,0,-0.367975,0.077245,0.322266,0.205254
trial14_near_wall,1,1071,34.2720,-0.320715,0.096773,0.416911,-100.9044,12.3770,2040.016,1348.321,5,4,-0.087568,-0.005119,1.000000,AVOID,0.000000,0.000000,1.000000,0,-0.367975,-0.017681,0.303219,0.224301
trial14_near_wall,1,1072,34.3040,-0.320747,0.096773,0.416912,-100.9562,12.4333,2043.563,1342.502,4,4,0.001172,-0.003546,1.000000,AVOID,0.000000,0.000000,1.000000,0,-0.367975,-0.012249,0.290292,0.237228
trial14_near_wall,1,1073,34.3360,-0.320779,0.096773,0.416913,-100.9914,12.4729,2044.375,1317.951,4,5,0.087053,0.019103,1.000000,AVOID,0.000000,0.000000,1.000000,0,-0.367975,0.065983,0.300155,0.227365
trial14_near_wall,1,1074,34.3680,-0.320811,0.096773,0.416913,-101.0392,12.5252,2047.773,1317.739,5,4,-0.087554,-0.007561,1.000000,AVOID,0.000000,0.000000,1.000000,0,-0.367975,-0.026116,0.284527,0.242993
trial14_near_wall,1,1075,34.4000,-0.320844,0.096773,0.416914,-101.0670,12.5574,2041.244,1318.974,4,4,0.001183,-0.005375,1.000000,AVOID,0.000000,0.000000,1.000000,0,-0.367975,-0.018565,0.274694,0.252826
trial14_near_wall,1,1076,34.4320,-0.320876,0.096773,0.416915,-101.0821,12.5770,2036.194,1345.261,4,5,0.087035,0.017727,1.000000,AVOID,0.000000,0.000000,1.000000,0,-0.367975,0.061231,0.287268,0.240252
trial14_near_wall,1,1077,34.4640,-0.320909,0.096773,0.416916,-101.1134,12.6127,2038.992,1310.963,5,4,-0.087541,-0.008590,1.000000,AVOID,0.000000,0.000000,1.000000,0,-0.367975,-0.029669,0.273974,0.253546
trial14_near_wall,1,1078,34.4960,-0.320942,0.096773,0.416917,-101.1275,12.6314,2044.151,1326.503,4,4,0.001195,-0.006143,1.000000,AVOID,0.000000,0.000000,1.000000,0,-0.367975,-0.021219,0.266116,0.261404
trial14_near_wall,1,1079,34.5280,-0.320974,0.096773,0.416918,-101.1310,12.6393,2031.756,1339.722,4,5,0.087016,0.017146,1.000000,AVOID,0.000000,0.000000,1.000000,0,-0.367975,0.059224,0.280333,0.247187
trial14_near_wall,1,1080,34.5600,-0.321007,0.096773,0.416919,-101.1533,12.6661,2048.015,1276.777,5,4,-0.087527,-0.009022,1.000000,AVOID,0.000000,0.000000,1.000000,0,-0.367975,-0.031162,0.268399,0.259121
trial14_near_wall,1,1081,34.5920,-0.321040,0.096773,0.416919,-101.1598,12.6771,2051.503,1313.586,4,4,0.001207,-0.006465,1.000000,AVOID,0.000000,0.000000,1.000000,0,-0.367975,-0.022329,0.261657,0.265863
trial14_near_wall,1,1082,34.6240,-0.321072,0.096773,0.416920,-101.1571,12.6789,2042.469,1326.929,4,5,0.086997,0.016901,1.000000,AVOID,0.000000,0.000000,1.000000,0,-0.367975,0.058375,0.276776,0.250744
trial14_near_wall,1,1083,34.6560,-0.321105,0.096773,0.416921,-101.1748,12.7011,2043.406,1288.541,5,4,-0.087514,-0.009203,1.000000,AVOID,0.000000,0.000000,1.000000,0,-0.367975,-0.031787,0.265576,0.261944
trial14_near_wall,1,1084,34.6880,-0.321138,0.096773,0.416922,-101.1774,12.7082,2044.015,1317.280,4,4,0.001219,-0.006597,1.000000,AVOID,0.000000,0.000000,1.000000,0,-0.367975,-0.022787,0.259425,0.268095
trial14_near_wall,1,1085,34.7200,-0.321170,0.096773,0.416923,-101.1716,12.7069,2043.322,1326.267,4,5,0.086978,0.016797,1.000000,AVOID,0.000000,0.000000,1.000000,0,-0.367975,0.058015,0.275013,0.252507
trial14_near_wall,1,1086,34.7520,-0.321203,0.096773,0.416924,-101.1869,12.7267,2061.356,1307.221,5,4,-0.087500,-0.009278,1.000000,AVOID,0.000000,0.000000,1.000000,0,-0.367975,-0.032045,0.264188,0.263332
trial14_near_wall,1,1087,34.7840,-0.321236,0.096773,0.416925,-101.1876,12.7319,2039.476,1275.370,4,4,0.001232,-0.006650,1.000000,AVOID,0.000000,0.000000,1.000000,0,-0.367975,-0.022970,0.258339,0.269181
trial14_near_wall,1,1088,34.8160,-0.321269,0.096773,0.416926,-101.1802,12.7290,2055.738,1347.111,4,5,0.086959,0.016752,1.000000,AVOID,0.000000,0.000000,1.000000,0,-0.367975,0.057861,0.274159,0.253361
trial14_near_wall,1,1089,34.8480,-0.321301,0.096773,0.416926,-101.1944,12.7477,2047.531,1277.256,4,4,-0.460515,-0.102565,1.000000,AVOID,0.000000,0.000000,1.000000,0,-0.367975,-0.354259,0.182995,0.344525
trial14_near_wall,1,1090,34.8800,-0.321334,0.096773,0.416927,-101.0900,12.6478,2045.056,1323.597,5,4,-0.087645,-0.098835,1.000000,AVOID,0.000000,0.000000,1.000000,0,-0.367975,-0.341375,0.117842,0.409678
trial14_near_wall,1,1091,34.9120,-0.321366,0.096773,0.416928,-100.9017,12.4639,2045.772,1324.043,4,5,0.086939,-0.052391,1.000000,AVOID,0.000000,0.000000,1.000000,0,-0.367975,-0.180959,0.109082,0.418438
trial14_near_wall,1,1092,34.9440,-0.321398,0.096773,0.416929,-100.7019,12.2685,2034.709,1374.375,4,4,-0.001729,-0.039726,1.000000,AVOID,0.000000,0.000000,1.000000,0,-0.367975,-0.137212,0.113448,0.414072
trial14_near_wall,1,1093,34.9760,-0.321429,0.096773,0.416930,-100.5077,12.0785,2031.379,1363.108,5,4,-0.087632,-0.051702,1.000000,AVOID,0.000000,0.000000,1.000000,0,-0.367975,-0.178580,0.106381,0.421139
trial14_near_wall,1,1094,35.0080,-0.321459,0.096773,0.416930,-100.3044,11.8794,2039.624,1380.715,4,5,0.086920,-0.017047,1.000000,AVOID,0.000000,0.000000,1.000000,0,-0.367975,-0.058880,0.131006,0.396514
trial14_near_wall,1,1095,35.0400,-0.321489,0.096773,0.416931,-100.1327,11.7118,2042.181,1397.305,4,4,-0.001746,-0.013222,1.000000,AVOID,0.000000,0.000000,1.000000,0,-0.367975,-0.045668,0.152778,0.374742
trial14_near_wall,1,1096,35.0720,-0.321518,0.096773,0.416932,-99.9890,11.5721,2038.528,1412.751,5,4,-0.087620,-0.031821,1.000000,AVOID,0.000000,0.000000,1.000000,0,-0.367975,-0.109910,0.153046,0.374474
trial14_near_wall,1,1097,35.1040,-0.321547,0.096773,0.416933,-99.8456,11.4327,2028.193,1425.888,4,4,0.468987,0.093381,1.000000,AVOID,0.000000,0.000000,1.000000,0,-0.367975,0.322538,0.261359,0.266161
trial14_near_wall,1,1098,35.1360,-0.321576,0.096773,0.416934,-99.8419,11.4329,2015.939,1404.869,4,5,0.087125,0.091817,1.000000,AVOID,0.000000,0.000000,1.000000,0,-0.367975,0.317136,0.341243,0.186277
trial14_near_wall,1,1099,35.1680,-0.321605,0.096773,0.416934,-99.9422,11.5371,2036.425,1401.107,5,4,-0.087607,0.046961,1.000000,AVOID,0.000000,0.000000,1.000000,0,-0.367975,0.162203,0.362423,0.165097
trial14_near_wall,1,1100,35.2000,-0.321634,0.096773,0.416935,-100.0699,11.6689,2034.223,1398.390,4,4,0.001137,0.035505,1.000000,AVOID,0.000000,0.000000,1.000000,0,-0.367975,0.122634,0.368416,0.159104
trial14_near_wall,1,1101,35.2320,-0.321664,0.096773,0.416936,-100.2055,11.8085,2018.287,1375.767,4,5,0.087107,0.048406,1.000000,AVOID,0.000000,0.000000,1.000000,0,-0.367975,0.167193,0.384050,0.143470
trial14_near_wall,1,1102,35.2640,-0.321694,0.096773,0.416937,-100.3612,11.9683,2048.784,1376.012,5,4,-0.087594,0.014406,1.000000,AVOID,0.000000,0.000000,1.000000,0,-0.367975,0.049757,0.366417,0.161103
trial14_near_wall,1,1103,35.2960,-0.321724,0.096773,0.416938,-100.4943,12.1056,2044.795,1342.974,4,4,0.001148,0.011091,1.000000,AVOID,0.000000,0.000000,1.000000,0,-0.367975,0.038310,0.350330,0.177190
trial14_near_wall,1,1104,35.3280,-0.321755,0.096773,0.416939,-100.6067,12.2223,2044.899,1338.481,4,5,0.087089,0.030091,1.000000,AVOID,0.000000,0.000000,1.000000,0,-0.367975,0.103934,0.354671,0.172849
trial14_near_wall,1,1105,35.3600,-0.321787,0.096773,0.416940,-100.7247,12.3446,2047.031,1353.859,5,4,-0.087581,0.000673,1.000000,AVOID,0.000000,0.000000,1.000000,0,-0.367975,0.002324,0.332524,0.194996
trial14_near_wall,1,1106,35.3920,-0.321818,0.096773,0.416941,-100.8143,12.4385,2034.844,1376.900,4,4,0.001160,0.000795,1.000000,AVOID,0.000000,0.000000,1.000000,0,-0.367975,0.002745,0.316019,0.211501
trial14_near_wall,1,1107,35.4240,-0.321850,0.096773,0.416942,-100.8826,12.5112,2045.264,1351.056,4,5,0.087071,0.022364,1.000000,AVOID,0.000000,0.000000,1.000000,0,-0.367975,0.077245,0.322266,0.205254
trial14_near_wall,1,1108,35.4560,-0.321882,0.096773,0.416943,-100.9589,12.5919,2054.482,1320.874,5,4,-0.087568,-0.005119,1.000000,AVOID,0.000000,0.000000,1.000000,0,-0.367975,-0.017681,0.303219,0.224301
trial14_near_wall,1,1109,35.4880,-0.321915,0.096773,0.416943,-101.0107,12.6482,2041.729,1305.291,4,4,0.001172,-0.003546,1.000000,AVOID,0.000000,0.000000,1.000000,0,-0.367975,-0.012249,0.290292,0.237228
trial14_near_wall,1,1110,35.5200,-0.321947,0.096773,0.416944,-101.0459,12.6878,2040.535,1327.862,4,5,0.087053,0.019103,1.000000,AVOID,0.000000,0.000000,1.000000,0,-0.367975,0.065983,0.300155,0.227365
trial14_near_wall,1,1111,35.5520,-0.321979,0.096773,0.416945,-101.0937,12.7401,2048.093,1327.123,5,4,-0.087554,-0.007561,1.000000,AVOID,0.000000,0.000000,1.000000,0,-0.367975,-0.026116,0.284527,0.242993
trial14_near_wall,1,1112,35.5840,-0.322012,0.096773,0.416946,-101.1215,12.7724,2058.522,1328.311,4,4,0.001183,-0.005375,1.000000,AVOID,0.000000,0.000000,1.000000,0,-0.367975,-0.018565,0.274694,0.252826
trial14_near_wall,1,1113,35.6160,-0.322045,0.096773,0.416947,-101.1366,12.7920,2050.534,1329.138,4,5,0.087035,0.017727,1.000000,AVOID,0.000000,0.000000,1.000000,0,-0.367975,0.061231,0.287268,0.240252
trial14_near_wall,1,1114,35.6480,-0.322077,0.096773,0.416948,-101.1678,12.8277,2061.235,1289.388,5,4,-0.087541,-0.008590,1.000000,AVOID,0.000000,0.000000,1.000000,0,-0.367975,-0.029669,0.273974,0.253546
trial14_near_wall,1,1115,35.6800,-0.322110,0.096773,0.416949,-101.1820,12.8464,2053.426,1299.870,4,4,0.001195,-0.006143,1.000000,AVOID,0.000000,0.000000,1.000000,0,-0.367975,-0.021219,0.266116,0.261404
trial14_near_wall,1,1116,35.7120,-0.322143,0.096773,0.416950,-101.1855,12.8543,2063.701,1306.369,4,5,0.087016,0.017146,1.000000,AVOID,0.000000,0.000000,1.000000,0,-0.367975,0.059224,0.280333,0.247187
trial14_near_wall,1,1117,35.7440,-0.322176,0.096773,0.416951,-101.2078,12.8811,2049.342,1321.554,5,4,-0.087527,-0.009022,1.000000,AVOID,0.000000,0.000000,1.000000,0,-0.367975,-0.031162,0.268399,0.259121
trial14_near_wall,1,1118,35.7760,-0.322209,0.096773,0.416952,-101.2143,12.8922,2040.337,1297.033,4,4,0.001207,-0.006465,1.000000,AVOID,0.000000,0.000000,1.000000,0,-0.367975,-0.022329,0.261657,0.265863
trial14_near_wall,1,1119,35.8080,-0.322241,0.096773,0.416953,-101.2116,12.8940,2051.519,1306.817,4,5,0.086997,0.016901,1.000000,AVOID,0.000000,0.000000,1.000000,0,-0.367975,0.058375,0.276776,0.250744
trial14_near_wall,1,1120,35.8400,-0.322274,0.096773,0.416954,-101.2292,12.9162,2042.676,1325.675,5,4,-0.087514,-0.009203,1.000000,AVOID,0.000000,0.000000,1.000000,0,-0.367975,-0.031787,0.265576,0.261944
trial14_near_wall,1,1121,35.8720,-0.322307,0.096773,0.416955,-101.2319,12.9233,2045.212,1321.484,4,4,0.001219,-0.006597,1.000000,AVOID,0.000000,0.000000,1.000000,0,-0.367975,-0.022787,0.259425,0.268095
trial14_near_wall,1,1122,35.9040,-0.322340,0.096773,0.416956,-101.2260,12.9220,2047.543,1300.036,4,5,0.086978,0.016797,1.000000,AVOID,0.000000,0.000000,1.000000,0,-0.367975,0.058015,0.275013,0.252507
trial14_near_wall,1,1123,35.9360,-0.322373,0.096773,0.416957,-101.2414,12.9418,2054.628,1292.205,5,4,-0.087500,-0.009278,1.000000,AVOID,0.000000,0.000000,1.000000,0,-0.367975,-0.032045,0.264188,0.263332
trial14_near_wall,1,1124,35.9680,-0.322406,0.096773,0.416958,-101.2420,12.9471,2043.871,1345.557,4,4,0.001232,-0.006650,1.000000,AVOID,0.000000,0.000000,1.000000,0,-0.367975,-0.022970,0.258339,0.269181
trial14_near_wall,1,1125,36.0000,-0.322439,0.096773,0.416959,-101.2347,12.9442,2058.464,1301.019,4,5,0.086959,0.016752,1.000000,AVOID,0.000000,0.000000,1.000000,0,-0.367975,0.057861,0.274159,0.253361
trial14_near_wall,1,1126,36.0320,-0.322472,0.096773,0.416960,-101.2489,12.9629,2047.351,1338.323,4,4,-0.460515,-0.102565,1.000000,AVOID,0.000000,0.000000,1.000000,0,-0.367975,-0.354259,0.182995,0.344525
trial14_near_wall,1,1127,36.0640,-0.322505,0.096773,0.416961,-101.1445,12.8630,2035.877,1313.125,5,4,-0.087645,-0.098835,1.000000,AVOID,0.000000,0.000000,1.000000,0,-0.367975,-0.341375,0.117842,0.409678
trial14_near_wall,1,1128,36.0960,-0.322537,0.096773,0.416962,-100.9562,12.6792,2039.776,1318.364,4,5,0.086939,-0.052391,1.000000,AVOID,0.000000,0.000000,1.000000,0,-0.367975,-0.180959,0.109082,0.418438
trial14_near_wall,1,1129,36.1280,-0.322569,0.096773,0.416963,-100.7564,12.4838,2029.930,1331.587,4,4,-0.001729,-0.039726,1.000000,AVOID,0.000000,0.000000,1.000000,0,-0.367975,-0.137212,0.113448,0.414072
trial14_near_wall,1,1130,36.1600,-0.322600,0.096773,0.416963,-100.5622,12.2938,2046.553,1344.228,5,4,-0.087632,-0.051702,1.000000,AVOID,0.000000,0.000000,1.000000,0,-0.367975,-0.178580,0.106381,0.421139
trial14_near_wall,1,1131,36.1920,-0.322630,0.096773,0.416964,-100.3589,12.0947,2026.067,1356.466,4,5,0.086920,-0.017047,1.000000,AVOID,0.000000,0.000000,1.000000,0,-0.367975,-0.058880,0.131006,0.396514
trial14_near_wall,1,1132,36.2240,-0.322660,0.096773,0.416965,-100.1872,11.9271,2040.124,1393.679,4,4,-0.001746,-0.013222,1.000000,AVOID,0.000000,0.000000,1.000000,0,-0.367975,-0.045668,0.152778,0.374742
trial14_near_wall,1,1133,36.2560,-0.322690,0.096773,0.416966,-100.0435,11.7875,2037.937,1416.177,5,4,-0.087620,-0.031821,1.000000,AVOID,0.000000,0.000000,1.000000,0,-0.367975,-0.109910,0.153046,0.374474
trial14_near_wall,1,1134,36.2880,-0.322719,0.096773,0.416967,-99.9001,11.6481,2042.267,1407.872,4,4,0.468987,0.093381,1.000000,AVOID,0.000000,0.000000,1.000000,0,-0.367975,0.322538,0.261359,0.266161
trial14_near_wall,1,1135,36.3200,-0.322748,0.096773,0.416968,-99.8964,11.6483,2027.053,1426.722,4,5,0.087125,0.091817,1.000000,AVOID,0.000000,0.000000,1.000000,0,-0.367975,0.317136,0.341243,0.186277
trial14_near_wall,1,1136,36.3520,-0.322777,0.096773,0.416969,-99.9966,11.7526,2033.208,1421.708,5,4,-0.087607,0.046961,1.000000,AVOID,0.000000,0.000000,1.000000,0,-0.367975,0.162203,0.362423,0.165097
trial14_near_wall,1,1137,36.3840,-0.322806,0.096773,0.416970,-100.1244,11.8843,2023.772,1395.668,4,4,0.001137,0.035505,1.000000,AVOID,0.000000,0.000000,1.000000,0,-0.367975,0.122634,0.368416,0.159104
trial14_near_wall,1,1138,36.4160,-0.322836,0.096773,0.416971,-100.2599,12.0240,2041.645,1410.855,4,5,0.087107,0.048406,1.000000,AVOID,0.000000,0.000000,1.000000,0,-0.367975,0.167193,0.384050,0.143470
trial14_near_wall,1,1139,36.4480,-0.322866,0.096773,0.416972,-100.4156,12.1838,2040.256,1404.230,5,4,-0.087594,0.014406,1.000000,AVOID,0.000000,0.000000,1.000000,0,-0.367975,0.049757,0.366417,0.161103
trial14_near_wall,1,1140,36.4800,-0.322897,0.096773,0.416973,-100.5487,12.3212,2033.437,1381.072,4,4,0.001148,0.011091,1.000000,AVOID,0.000000,0.000000,1.000000,0,-0.367975,0.038310,0.350330,0.177190
trial14_near_wall,1,1141,36.5120,-0.322928,0.096773,0.416974,-100.6612,12.4379,2052.845,1339.948,4,5,0.087089,0.030091,1.000000,AVOID,0.000000,0.000000,1.000000,0,-0.367975,0.103934,0.354671,0.172849
trial14_near_wall,1,1142,36.5440,-0.322959,0.096773,0.416975,-100.7792,12.5602,2041.340,1333.481,5,4,-0.087581,0.000673,1.000000,AVOID,0.000000,0.000000,1.000000,0,-0.367975,0.002324,0.332524,0.194996
trial14_near_wall,1,1143,36.5760,-0.322991,0.096773,0.416976,-100.8687,12.6541,2039.182,1328.383,4,4,0.001160,0.000795,1.000000,AVOID,0.000000,0.000000,1.000000,0,-0.367975,0.002745,0.316019,0.211501
trial14_near_wall,1,1144,36.6080,-0.323023,0.096773,0.416977,-100.9370,12.7268,2059.546,1329.604,4,5,0.087071,0.022364,1.000000,AVOID,0.000000,0.000000,1.000000,0,-0.367975,0.077245,0.322266,0.205254
trial14_near_wall,1,1145,36.6400,-0.323056,0.096773,0.416978,-101.0133,12.8075,2035.640,1351.460,5,4,-0.087568,-0.005119,1.000000,AVOID,0.000000,0.000000,1.000000,0,-0.367975,-0.017681,0.303219,0.224301
trial14_near_wall,1,1146,36.6720,-0.323088,0.096773,0.416979,-101.0651,12.8638,2043.928,1313.640,4,4,0.001172,-0.003546,1.000000,AVOID,0.000000,0.000000,1.000000,0,-0.367975,-0.012249,0.290292,0.237228
trial14_near_wall,1,1147,36.7040,-0.323121,0.096773,0.416980,-101.1003,12.9035,2039.252,1361.368,4,5,0.087053,0.019103,1.000000,AVOID,0.000000,0.000000,1.000000,0,-0.367975,0.065983,0.300155,0.227365
trial14_near_wall,1,1148,36.7360,-0.323153,0.096773,0.416981,-101.1482,12.9558,2051.076,1306.395,5,4,-0.087554,-0.007561,1.000000,AVOID,0.000000,0.000000,1.000000,0,-0.367975,-0.026116,0.284527,0.242993
trial14_near_wall,1,1149,36.7680,-0.323186,0.096773,0.416982,-101.1759,12.9880,2043.222,1320.770,4,4,0.001183,-0.005375,1.000000,AVOID,0.000000,0.000000,1.000000,0,-0.367975,-0.018565,0.274694,0.252826
trial14_near_wall,1,1150,36.8000,-0.323219,0.096773,0.416983,-101.1910,13.0077,2040.072,1328.180,4,5,0.087035,0.017727,1.000000,AVOID,0.000000,0.000000,1.000000,0,-0.367975,0.061231,0.287268,0.240252
trial14_near_wall,1,1151,36.8320,-0.323252,0.096773,0.416984,-101.2223,13.0434,2045.195,1307.298,5,4,-0.087541,-0.008590,1.000000,AVOID,0.000000,0.000000,1.000000,0,-0.367975,-0.029669,0.273974,0.253546
trial14_near_wall,1,1152,36.8640,-0.323285,0.096773,0.416985,-101.2364,13.0621,2060.291,1322.585,4,4,0.001195,-0.006143,1.000000,AVOID,0.000000,0.000000,1.000000,0,-0.367975,-0.021219,0.266116,0.261404
trial14_near_wall,1,1153,36.8960,-0.323318,0.096773,0.416986,-101.2399,13.0701,2053.573,1325.993,4,5,0.087016,0.017146,1.000000,AVOID,0.000000,0.000000,1.000000,0,-0.367975,0.059224,0.280333,0.247187
trial14_near_wall,1,1154,36.9280,-0.323350,0.096773,0.416987,-101.2622,13.0969,2046.977,1299.206,5,4,-0.087527,-0.009022,1.000000,AVOID,0.000000,0.000000,1.000000,0,-0.326586,-0.031162,0.268399,0.259121
trial14_near_wall,1,1155,36.9600,-0.323384,0.096773,0.416988,-101.2687,13.1080,2060.802,1303.691,4,4,0.001207,-0.006465,1.000000,AVOID,0.000000,0.000000,1.000000,0,-0.326586,-0.022329,0.261657,0.265863
trial14_near_wall,1,1156,36.9920,-0.323417,0.096773,0.416989,-101.2660,13.1098,2043.086,1331.449,4,5,0.086997,0.016901,1.000000,AVOID,0.000000,0.000000,1.000000,0,-0.326586,0.058375,0.276776,0.250744
trial14_near_wall,1,1157,37.0240,-0.323450,0.096773,0.416990,-101.2836,13.1320,2054.709,1323.357,5,4,-0.087514,-0.009203,1.000000,AVOID,0.000000,0.000000,1.000000,0,-0.326586,-0.031787,0.265576,0.261944
trial14_near_wall,1,1158,37.0560,-0.323483,0.096773,0.416991,-101.2863,13.1391,2042.762,1308.149,4,4,0.001219,-0.006597,1.000000,AVOID,0.000000,0.000000,1.000000,0,-0.326586,-0.022787,0.259425,0.268095
trial14_near_wall,1,1159,37.0880,-0.323516,0.096773,0.416992,-101.2804,13.1378,2043.590,1314.165,4,5,0.086978,0.016797,1.000000,AVOID,0.000000,0.000000,1.000000,0,-0.326586,0.058015,0.275013,0.252507
trial14_near_wall,1,1160,37.1200,-0.323549,0.096773,0.416993,-101.2958,13.1577,2037.080,1332.868,5,4,-0.087500,-0.009278,1.000000,AVOID,0.000000,0.000000,1.000000,0,-0.326586,-0.032045,0.264188,0.263332
trial14_near_wall,1,1161,37.1520,-0.323582,0.096773,0.416994,-101.2964,13.1629,2074.550,1316.867,4,4,0.001232,-0.006650,1.000000,AVOID,0.000000,0.000000,1.000000,0,-0.326586,-0.022970,0.258339,0.269181
trial14_near_wall,1,1162,37.1840,-0.323615,0.096773,0.416996,-101.2891,13.1601,2047.721,1312.774,4,5,0.086959,0.016752,1.000000,AVOID,0.000000,0.000000,1.000000,0,-0.326586,0.057861,0.274159,0.253361
trial14_near_wall,1,1163,37.2160,-0.323648,0.096773,0.416997,-101.3033,13.1788,2054.807,1297.559,4,4,-0.460515,-0.102565,1.000000,AVOID,0.000000,0.000000,1.000000,0,-0.326586,-0.354259,0.182995,0.344525
trial14_near_wall,1,1164,37.2480,-0.323681,0.096773,0.416998,-101.1989,13.0790,2051.855,1318.375,5,4,-0.087645,-0.098835,1.000000,AVOID,0.000000,0.000000,1.000000,0,-0.367975,-0.341375,0.117842,0.409678
trial14_near_wall,1,1165,37.2800,-0.323713,0.096773,0.416999,-101.0106,12.8951,2047.932,1311.541,4,5,0.086939,-0.052391,1.000000,AVOID,0.000000,0.000000,1.000000,0,-0.367975,-0.180959,0.109082,0.418438
trial14_near_wall,1,1166,37.3120,-0.323745,0.096773,0.417000,-100.8108,12.6998,2038.531,1344.201,4,4,-0.001729,-0.039726,1.000000,AVOID,0.000000,0.000000,1.000000,0,-0.367975,-0.137212,0.113448,0.414072
trial14_near_wall,1,1167,37.3440,-0.323777,0.096773,0.417001,-100.6166,12.5099,2046.739,1378.417,5,4,-0.087632,-0.051702,1.000000,AVOID,0.000000,0.000000,1.000000,0,-0.367975,-0.178580,0.106381,0.421139
trial14_near_wall,1,1168,37.3760,-0.323807,0.096773,0.417002,-100.4133,12.3108,2029.850,1373.532,4,5,0.086920,-0.017047,1.000000,AVOID,0.000000,0.000000,1.000000,0,-0.367975,-0.058880,0.131006,0.396514
trial14_near_wall,1,1169,37.4080,-0.323837,0.096773,0.417003,-100.2416,12.1432,2043.059,1375.356,4,4,-0.001746,-0.013222,1.000000,AVOID,0.000000,0.000000,1.000000,0,-0.367975,-0.045668,0.152778,0.374742
trial14_near_wall,1,1170,37.4400,-0.323867,0.096773,0.417004,-100.0979,12.0035,2034.998,1401.357,5,4,-0.087620,-0.031821,1.000000,AVOID,0.000000,0.000000,1.000000,0,-0.367975,-0.109910,0.153046,0.374474
trial14_near_wall,1,1171,37.4720,-0.323896,0.096773,0.417005,-99.9545,11.8642,2027.938,1397.455,4,4,0.468987,0.093381,1.000000,AVOID,0.000000,0.000000,1.000000,0,-0.367975,0.322538,0.261359,0.266161
trial14_near_wall,1,1172,37.5040,-0.323925,0.096773,0.417005,-99.9508,11.8644,2037.833,1388.346,4,5,0.087125,0.091817,1.000000,AVOID,0.000000,0.000000,1.000000,0,-0.367975,0.317136,0.341243,0.186277
trial14_near_wall,1,1173,37.5360,-0.323954,0.096773,0.417006,-100.0511,11.9687,2034.688,1392.927,5,4,-0.087607,0.046961,1.000000,AVOID,0.000000,0.000000,1.000000,0,-0.367975,0.162203,0.362423,0.165097
trial14_near_wall,1,1174,37.5680,-0.323984,0.096773,0.417007,-100.1788,12.1005,2046.511,1377.782,4,4,0.001137,0.035505,1.000000,AVOID,0.000000,0.000000,1.000000,0,-0.367975,0.122634,0.368416,0.159104
trial14_near_wall,1,1175,37.6000,-0.324014,0.096773,0.417009,-100.3143,12.2402,2038.985,1388.292,4,5,0.087107,0.048406,1.000000,AVOID,0.000000,0.000000,1.000000,0,-0.367975,0.167193,0.384050,0.143470
trial14_near_wall,1,1176,37.6320,-0.324044,0.096773,0.417010,-100.4700,12.4000,2046.461,1369.461,5,4,-0.087594,0.014406,1.000000,AVOID,0.000000,0.000000,1.000000,0,-0.367975,0.049757,0.366417,0.161103
trial14_near_wall,1,1177,37.6640,-0.324075,0.096773,0.417011,-100.6031,12.5374,2035.213,1345.870,4,4,0.001148,0.011091,1.000000,AVOID,0.000000,0.000000,1.000000,0,-0.367975,0.038310,0.350330,0.177190
trial14_near_wall,1,1178,37.6960,-0.324106,0.096773,0.417012,-100.7156,12.6541,2042.474,1364.417,4,5,0.087089,0.030091,1.000000,AVOID,0.000000,0.000000,1.000000,0,-0.367975,0.103934,0.354671,0.172849
trial14_near_wall,1,1179,37.7280,-0.324138,0.096773,0.417013,-100.8336,12.7764,2043.908,1338.190,5,4,-0.087581,0.000673,1.000000,AVOID,0.000000,0.000000,1.000000,0,-0.367975,0.002324,0.332524,0.194996
trial14_near_wall,1,1180,37.7600,-0.324170,0.096773,0.417014,-100.9231,12.8704,2036.664,1331.611,4,4,0.001160,0.000795,1.000000,AVOID,0.000000,0.000000,1.000000,0,-0.367975,0.002745,0.316019,0.211501
trial14_near_wall,1,1181,37.7920,-0.324202,0.096773,0.417015,-100.9914,12.9431,2040.605,1352.174,4,5,0.087071,0.022364,1.000000,AVOID,0.000000,0.000000,1.000000,0,-0.367975,0.077245,0.322266,0.205254
trial14_near_wall,1,1182,37.8240,-0.324235,0.096773,0.417016,-101.0677,13.0238,2040.597,1318.590,5,4,-0.087568,-0.005119,1.000000,AVOID,0.000000,0.000000,1.000000,0,-0.367975,-0.017681,0.303219,0.224301
trial14_near_wall,1,1183,37.8560,-0.324267,0.096773,0.417017,-101.1195,13.0801,2048.599,1344.820,4,4,0.001172,-0.003546,1.000000,AVOID,0.000000,0.000000,1.000000,0,-0.367975,-0.012249,0.290292,0.237228
trial14_near_wall,1,1184,37.8880,-0.324300,0.096773,0.417018,-101.1547,13.1198,2042.553,1300.623,4,5,0.087053,0.019103,1.000000,AVOID,0.000000,0.000000,1.000000,0,-0.367975,0.065983,0.300155,0.227365
trial14_near_wall,1,1185,37.9200,-0.324333,0.096773,0.417020,-101.2025,13.1721,2050.949,1333.227,5,4,-0.087554,-0.007561,1.000000,AVOID,0.000000,0.000000,1.000000,0,-0.367975,-0.026116,0.284527,0.242993
trial14_near_wall,1,1186,37.9520,-0.324366,0.096773,0.417021,-101.2303,13.2044,2042.224,1340.593,4,4,0.001183,-0.005375,1.000000,AVOID,0.000000,0.000000,1.000000,0,-0.367975,-0.018565,0.274694,0.252826
trial14_near_wall,1,1187,37.9840,-0.324399,0.096773,0.417022,-101.2454,13.2240,2047.380,1348.745,4,5,0.087035,0.017727,1.000000,AVOID,0.000000,0.000000,1.000000,0,-0.367975,0.061231,0.287268,0.240252
trial14_near_wall,1,1188,38.0160,-0.324432,0.096773,0.417023,-101.2766,13.2598,2046.028,1276.543,5,4,-0.087541,-0.008590,1.000000,AVOID,0.000000,0.000000,1.000000,0,-0.326586,-0.029669,0.273974,0.253546
trial14_near_wall,1,1189,38.0480,-0.324465,0.096773,0.417024,-101.2908,13.2785,2050.318,1281.290,4,4,0.001195,-0.006143,1.000000,AVOID,0.000000,0.000000,1.000000,0,-0.326586,-0.021219,0.266116,0.261404
trial14_near_wall,1,1190,38.0800,-0.324498,0.096773,0.417025,-101.2942,13.2865,2053.452,1321.253,4,5,0.087016,0.017146,1.000000,AVOID,0.000000,0.000000,1.000000,0,-0.326586,0.059224,0.280333,0.247187
trial14_near_wall,1,1191,38.1120,-0.324531,0.096773,0.417027,-101.3165,13.3133,2048.711,1307.980,5,4,-0.087527,-0.009022,1.000000,AVOID,0.000000,0.000000,1.000000,0,-0.326586,-0.031162,0.268399,0.259121
trial14_near_wall,1,1192,38.1440,-0.324564,0.096773,0.417028,-101.3230,13.3244,2032.095,1317.968,4,4,0.001207,-0.006465,1.000000,AVOID,0.000000,0.000000,1.000000,0,-0.326586,-0.022329,0.261657,0.265863
trial14_near_wall,1,1193,38.1760,-0.324597,0.096773,0.417029,-101.3203,13.3263,2040.560,1319.697,4,5,0.086997,0.016901,1.000000,AVOID,0.000000,0.000000,1.000000,0,-0.326586,0.058375,0.276776,0.250744
trial14_near_wall,1,1194,38.2080,-0.324631,0.096773,0.417030,-101.3380,13.3485,2057.045,1304.754,5,4,-0.087514,-0.009203,1.000000,AVOID,0.000000,0.000000,1.000000,0,-0.326586,-0.031787,0.265576,0.261944
trial14_near_wall,1,1195,38.2400,-0.324664,0.096773,0.417031,-101.3406,13.3557,2056.554,1317.647,4,4,0.001219,-0.006597,1.000000,AVOID,0.000000,0.000000,1.000000,0,-0.326586,-0.022787,0.259425,0.268095
trial14_near_wall,1,1196,38.2720,-0.324697,0.096773,0.417032,-101.3348,13.3544,2064.705,1287.184,4,5,0.086978,0.016797,1.000000,AVOID,0.000000,0.000000,1.000000,0,-0.326586,0.058015,0.275013,0.252507
trial14_near_wall,1,1197,38.3040,-0.324730,0.096773,0.417034,-101.3501,13.3743,2045.428,1268.531,5,4,-0.087500,-0.009278,1.000000,AVOID,0.000000,0.000000,1.000000,0,-0.326586,-0.032045,0.264188,0.263332
trial14_near_wall,1,1198,38.3360,-0.324763,0.096773,0.417035,-101.3508,13.3795,2054.304,1300.354,4,4,0.001232,-0.006650,1.000000,AVOID,0.000000,0.000000,1.000000,0,-0.326586,-0.022970,0.258339,0.269181
trial14_near_wall,1,1199,38.3680,-0.324797,0.096773,0.417036,-101.3434,13.3767,2048.369,1310.160,4,5,0.086959,0.016752,1.000000,AVOID,0.000000,0.000000,1.000000,0,-0.326586,0.057861,0.274159,0.253361
trial14_near_wall,1,1200,38.4000,-0.324830,0.096773,0.417037,-101.3576,13.3955,2050.670,1322.881,4,4,-0.460515,-0.102565,1.000000,AVOID,0.000000,0.000000,1.000000,0,-0.326586,-0.354259,0.182995,0.344525
trial14_near_wall,1,1201,38.4320,-0.324863,0.096773,0.417038,-101.2532,13.2956,2046.577,1299.085,5,4,-0.087645,-0.098835,1.000000,AVOID,0.000000,0.000000,1.000000,0,-0.326586,-0.341375,0.117842,0.409678
trial14_near_wall,1,1202,38.4640,-0.324896,0.096773,0.417039,-101.0649,13.1118,2044.263,1327.499,4,5,0.086939,-0.052391,1.000000,AVOID,0.000000,0.000000,1.000000,0,-0.367975,-0.180959,0.109082,0.418438
trial14_near_wall,1,1203,38.4960,-0.324928,0.096773,0.417040,-100.8651,12.9164,2042.469,1362.175,4,4,-0.001729,-0.039726,1.000000,AVOID,0.000000,0.000000,1.000000,0,-0.367975,-0.137212,0.113448,0.414072
trial14_near_wall,1,1204,38.5280,-0.324959,0.096773,0.417041,-100.6710,12.7266,2046.280,1358.707,5,4,-0.087632,-0.051702,1.000000,AVOID,0.000000,0.000000,1.000000,0,-0.367975,-0.178580,0.106381,0.421139
trial14_near_wall,1,1205,38.5600,-0.324990,0.096773,0.417043,-100.4676,12.5275,2031.916,1343.920,4,5,0.086920,-0.017047,1.000000,AVOID,0.000000,0.000000,1.000000,0,-0.367975,-0.058880,0.131006,0.396514
trial14_near_wall,1,1206,38.5920,-0.325020,0.096773,0.417044,-100.2959,12.3600,2031.164,1398.365,4,4,-0.001746,-0.013222,1.000000,AVOID,0.000000,0.000000,1.000000,0,-0.367975,-0.045668,0.152778,0.374742
trial14_near_wall,1,1207,38.6240,-0.325050,0.096773,0.417045,-100.1522,12.2203,2043.716,1416.839,5,4,-0.087620,-0.031821,1.000000,AVOID,0.000000,0.000000,1.000000,0,-0.367975,-0.109910,0.153046,0.374474
trial14_near_wall,1,1208,38.6560,-0.325079,0.096773,0.417046,-100.0089,12.0810,2037.530,1409.150,4,4,0.468987,0.093381,1.000000,AVOID,0.000000,0.000000,1.000000,0,-0.367975,0.322538,0.261359,0.266161
trial14_near_wall,1,1209,38.6880,-0.325109,0.096773,0.417047,-100.0051,12.0813,2028.263,1412.852,4,5,0.087125,0.091817,1.000000,AVOID,0.000000,0.000000,1.000000,0,-0.367975,0.317136,0.341243,0.186277
trial14_near_wall,1,1210,38.7200,-0.325138,0.096773,0.417048,-100.1054,12.1856,2030.938,1376.200,5,4,-0.087607,0.046961,1.000000,AVOID,0.000000,0.000000,1.000000,0,-0.367975,0.162203,0.362423,0.165097
trial14_near_wall,1,1211,38.7520,-0.325168,0.096773,0.417049,-100.2331,12.3174,2031.567,1391.470,4,4,0.001137,0.035505,1.000000,AVOID,0.000000,0.000000,1.000000,0,-0.367975,0.122634,0.368416,0.159104
trial14_near_wall,1,1212,38.7840,-0.325198,0.096773,0.417050,-100.3687,12.4571,2043.779,1388.748,4,5,0.087107,0.048406,1.000000,AVOID,0.000000,0.000000,1.000000,0,-0.367975,0.167193,0.384050,0.143470
trial14_near_wall,1,1213,38.8160,-0.325228,0.096773,0.417051,-100.5244,12.6170,2045.832,1347.195,5,4,-0.087594,0.014406,1.000000,AVOID,0.000000,0.000000,1.000000,0,-0.367975,0.049757,0.366417,0.161103
trial14_near_wall,1,1214,38.8480,-0.325259,0.096773,0.417052,-100.6575,12.7543,2044.436,1333.698,4,4,0.001148,0.011091,1.000000,AVOID,0.000000,0.000000,1.000000,0,-0.367975,0.038310,0.350330,0.177190
trial14_near_wall,1,1215,38.8800,-0.325291,0.096773,0.417054,-100.7699,12.8711,2055.200,1336.557,4,5,0.087089,0.030091,1.000000,AVOID,0.000000,0.000000,1.000000,0,-0.367975,0.103934,0.354671,0.172849
trial14_near_wall,1,1216,38.9120,-0.325323,0.096773,0.417055,-100.8879,12.9934,2033.339,1331.033,5,4,-0.087581,0.000673,1.000000,AVOID,0.000000,0.000000,1.000000,0,-0.367975,0.002324,0.332524,0.194996
trial14_near_wall,1,1217,38.9440,-0.325355,0.096773,0.417056,-100.9774,13.0874,2045.730,1327.310,4,4,0.001160,0.000795,1.000000,AVOID,0.000000,0.000000,1.000000,0,-0.367975,0.002745,0.316019,0.211501
trial14_near_wall,1,1218,38.9760,-0.325387,0.096773,0.417057,-101.0457,13.1601,2051.800,1344.785,4,5,0.087071,0.022364,1.000000,AVOID,0.000000,0.000000,1.000000,0,-0.367975,0.077245,0.322266,0.205254
trial14_near_wall,1,1219,39.0080,-0.325420,0.096773,0.417058,-101.1220,13.2408,2057.229,1342.617,5,4,-0.087568,-0.005119,1.000000,AVOID,0.000000,0.000000,1.000000,0,-0.367975,-0.017681,0.303219,0.224301
trial14_near_wall,1,1220,39.0400,-0.325452,0.096773,0.417060,-101.1738,13.2972,2048.795,1374.800,4,4,0.001172,-0.003546,1.000000,AVOID,0.000000,0.000000,1.000000,0,-0.367975,-0.012249,0.290292,0.237228
trial14_near_wall,1,1221,39.0720,-0.325485,0.096773,0.417061,-101.2090,13.3368,2042.786,1313.542,4,5,0.087053,0.019103,1.000000,AVOID,0.000000,0.000000,1.000000,0,-0.367975,0.065983,0.300155,0.227365
trial14_near_wall,1,1222,39.1040,-0.325518,0.096773,0.417062,-101.2568,13.3892,2034.044,1321.710,5,4,-0.087554,-0.007561,1.000000,AVOID,0.000000,0.000000,1.000000,0,-0.326586,-0.026116,0.284527,0.242993
trial14_near_wall,1,1223,39.1360,-0.325551,0.096773,0.417063,-101.2846,13.4215,2045.365,1308.839,4,4,0.001183,-0.005375,1.000000,AVOID,0.000000,0.000000,1.000000,0,-0.326586,-0.018565,0.274694,0.252826
trial14_near_wall,1,1224,39.1680,-0.325584,0.096773,0.417065,-101.2997,13.4411,2046.703,1310.454,4,5,0.087035,0.017727,1.000000,AVOID,0.000000,0.000000,1.000000,0,-0.326586,0.061231,0.287268,0.240252
trial14_near_wall,1,1225,39.2000,-0.325618,0.096773,0.417066,-101.3309,13.4769,2066.338,1317.800,5,4,-0.087541,-0.008590,1.000000,AVOID,0.000000,0.000000,1.000000,0,-0.326586,-0.029669,0.273974,0.253546
trial14_near_wall,1,1226,39.2320,-0.325651,0.096773,0.417067,-101.3451,13.4956,2055.400,1318.121,4,4,0.001195,-0.006143,1.000000,AVOID,0.000000,0.000000,1.000000,0,-0.326586,-0.021219,0.266116,0.261404
trial14_near_wall,1,1227,39.2640,-0.325684,0.096773,0.417068,-101.3485,13.5037,2053.931,1320.939,4,5,0.087016,0.017146,1.000000,AVOID,0.000000,0.000000,1.000000,0,-0.326586,0.059224,0.280333,0.247187
trial14_near_wall,1,1228,39.2960,-0.325717,0.096773,0.417070,-101.3708,13.5305,2043.596,1313.051,5,4,-0.087527,-0.009022,1.000000,AVOID,0.000000,0.000000,1.000000,0,-0.326586,-0.031162,0.268399,0.259121
trial14_near_wall,1,1229,39.3280,-0.325751,0.096773,0.417071,-101.3773,13.5416,2033.798,1328.115,4,4,0.001207,-0.006465,1.000000,AVOID,0.000000,0.000000,1.000000,0,-0.326586,-0.022329,0.261657,0.265863
trial14_near_wall,1,1230,39.3600,-0.325784,0.096773,0.417072,-101.3746,13.5435,2044.788,1304.207,4,5,0.086997,0.016901,1.000000,AVOID,0.000000,0.000000,1.000000,0,-0.326586,0.058375,0.276776,0.250744
trial14_near_wall,1,1231,39.3920,-0.325817,0.096773,0.417073,-101.3922,13.5657,2041.749,1294.391,5,4,-0.087514,-0.009203,1.000000,AVOID,0.000000,0.000000,1.000000,0,-0.326586,-0.031787,0.265576,0.261944
trial14_near_wall,1,1232,39.4240,-0.325851,0.096773,0.417075,-101.3949,13.5729,2033.463,1297.514,4,4,0.001219,-0.006597,1.000000,AVOID,0.000000,0.000000,1.000000,0,-0.326586,-0.022787,0.259425,0.268095
trial14_near_wall,1,1233,39.4560,-0.325884,0.096773,0.417076,-101.3890,13.5716,2040.416,1337.988,4,5,0.086978,0.016797,1.000000,AVOID,0.000000,0.000000,1.000000,0,-0.326586,0.058015,0.275013,0.252507
trial14_near_wall,1,1234,39.4880,-0.325918,0.096773,0.417077,-101.4044,13.5915,2056.440,1299.498,5,4,-0.087500,-0.009278,1.000000,AVOID,0.000000,0.000000,1.000000,0,-0.326586,-0.032045,0.264188,0.263332
trial14_near_wall,1,1235,39.5200,-0.325951,0.096773,0.417078,-101.4050,13.5968,2055.722,1285.716,4,4,0.001232,-0.006650,1.000000,AVOID,0.000000,0.000000,1.000000,0,-0.326586,-0.022970,0.258339,0.269181
trial14_near_wall,1,1236,39.5520,-0.325984,0.096773,0.417080,-101.3977,13.5940,2049.329,1282.868,4,5,0.086959,0.016752,1.000000,AVOID,0.000000,0.000000,1.000000,0,-0.326586,0.057861,0.274159,0.253361
trial14_near_wall,1,1237,39.5840,-0.326018,0.096773,0.417081,-101.4119,13.6128,2048.108,1300.462,4,4,-0.460515,-0.102565,1.000000,AVOID,0.000000,0.000000,1.000000,0,-0.326586,-0.354259,0.182995,0.344525
trial14_near_wall,1,1238,39.6160,-0.326051,0.096773,0.417082,-101.3075,13.5130,2040.748,1317.946,5,4,-0.087645,-0.098835,1.000000,AVOID,0.000000,0.000000,1.000000,0,-0.326586,-0.341375,0.117842,0.409678
trial14_near_wall,1,1239,39.6480,-0.326084,0.096773,0.417083,-101.1191,13.3292,2050.701,1325.173,4,5,0.086939,-0.052391,1.000000,AVOID,0.000000,0.000000,1.000000,0,-0.367975,-0.180959,0.109082,0.418438
trial14_near_wall,1,1240,39.6800,-0.326116,0.096773,0.417085,-100.9194,13.1338,2035.675,1313.087,4,4,-0.001729,-0.039726,1.000000,AVOID,0.000000,0.000000,1.000000,0,-0.367975,-0.137212,0.113448,0.414072
trial14_near_wall,1,1241,39.7120,-0.326148,0.096773,0.417086,-100.7252,12.9440,2047.361,1374.284,5,4,-0.087632,-0.051702,1.000000,AVOID,0.000000,0.000000,1.000000,0,-0.367975,-0.178580,0.106381,0.421139
trial14_near_wall,1,1242,39.7440,-0.326179,0.096773,0.417087,-100.5219,12.7449,2046.548,1360.185,4,5,0.086920,-0.017047,1.000000,AVOID,0.000000,0.000000,1.000000,0,-0.367975,-0.058880,0.131006,0.396514
trial14_near_wall,1,1243,39.7760,-0.326209,0.096773,0.417088,-100.3502,12.5774,2042.273,1384.145,4,4,-0.001746,-0.013222,1.000000,AVOID,0.000000,0.000000,1.000000,0,-0.367975,-0.045668,0.152778,0.374742
trial14_near_wall,1,1244,39.8080,-0.326239,0.096773,0.417089,-100.2065,12.4378,2035.977,1397.386,5,4,-0.087620,-0.031821,1.000000,AVOID,0.000000,0.000000,1.000000,0,-0.367975,-0.109910,0.153046,0.374474
trial14_near_wall,1,1245,39.8400,-0.326268,0.096773,0.417090,-100.0632,12.2985,2040.804,1386.533,4,4,0.468987,0.093381,1.000000,AVOID,0.000000,0.000000,1.000000,0,-0.367975,0.322538,0.261359,0.266161
trial14_near_wall,1,1246,39.8720,-0.326298,0.096773,0.417091,-100.0594,12.2988,2023.801,1387.897,4,5,0.087125,0.091817,1.000000,AVOID,0.000000,0.000000,1.000000,0,-0.367975,0.317136,0.341243,0.186277
trial14_near_wall,1,1247,39.9040,-0.326327,0.096773,0.417093,-100.1597,12.4031,2028.681,1391.795,5,4,-0.087607,0.046961,1.000000,AVOID,0.000000,0.000000,1.000000,0,-0.367975,0.162203,0.362423,0.165097
trial14_near_wall,1,1248,39.9360,-0.326357,0.096773,0.417094,-100.2874,12.5350,2044.402,1386.469,4,4,0.001137,0.035505,1.000000,AVOID,0.000000,0.000000,1.000000,0,-0.367975,0.122634,0.368416,0.159104
trial14_near_wall,1,1249,39.9680,-0.326387,0.096773,0.417095,-100.4230,12.6747,2034.653,1361.048,4,5,0.087107,0.048406,1.000000,AVOID,0.000000,0.000000,1.000000,0,-0.367975,0.167193,0.384050,0.143470
trial14_near_wall,1,1250,40.0000,-0.326418,0.096773,0.417096,-100.5787,12.8346,2042.182,1344.501,5,4,-0.087594,0.014406,1.000000,AVOID,0.000000,0.000000,1.000000,0,-0.367975,0.049757,0.366417,0.161103
trial14_near_wall,1,1251,40.0320,-0.326449,0.096773,0.417098,-100.7118,12.9719,2055.970,1351.082,4,4,0.001148,0.011091,1.000000,AVOID,0.000000,0.000000,1.000000,0,-0.367975,0.038310,0.350330,0.177190
trial14_near_wall,1,1252,40.0640,-0.326481,0.096773,0.417099,-100.8242,13.0887,2036.460,1348.559,4,5,0.087089,0.030091,1.000000,AVOID,0.000000,0.000000,1.000000,0,-0.367975,0.103934,0.354671,0.172849
trial14_near_wall,1,1253,40.0960,-0.326513,0.096773,0.417100,-100.9421,13.2111,2057.796,1339.861,5,4,-0.087581,0.000673,1.000000,AVOID,0.000000,0.000000,1.000000,0,-0.367975,0.002324,0.332524,0.194996
trial14_near_wall,1,1254,40.1280,-0.326545,0.096773,0.417101,-101.0317,13.3050,2045.525,1316.981,4,4,0.001160,0.000795,1.000000,AVOID,0.000000,0.000000,1.000000,0,-0.367975,0.002745,0.316019,0.211501
trial14_near_wall,1,1255,40.1600,-0.326578,0.096773,0.417103,-101.1000,13.3778,2056.425,1311.165,4,5,0.087071,0.022364,1.000000,AVOID,0.000000,0.000000,1.000000,0,-0.367975,0.077245,0.322266,0.205254
trial14_near_wall,1,1256,40.1920,-0.326610,0.096773,0.417104,-101.1763,13.4586,2047.107,1291.834,5,4,-0.087568,-0.005119,1.000000,AVOID,0.000000,0.000000,1.000000,0,-0.367975,-0.017681,0.303219,0.224301
trial14_near_wall,1,1257,40.2240,-0.326643,0.096773,0.417105,-101.2281,13.5149,2044.796,1309.841,4,4,0.001172,-0.003546,1.000000,AVOID,0.000000,0.000000,1.000000,0,-0.367975,-0.012249,0.290292,0.237228
trial14_near_wall,1,1258,40.2560,-0.326676,0.096773,0.417107,-101.2632,13.5546,2048.925,1317.383,4,5,0.087053,0.019103,1.000000,AVOID,0.000000,0.000000,1.000000,0,-0.326586,0.065983,0.300155,0.227365
trial14_near_wall,1,1259,40.2880,-0.326709,0.096773,0.417108,-101.3111,13.6070,2055.466,1292.622,5,4,-0.087554,-0.007561,1.000000,AVOID,0.000000,0.000000,1.000000,0,-0.326586,-0.026116,0.284527,0.242993
trial14_near_wall,1,1260,40.3200,-0.326743,0.096773,0.417109,-101.3388,13.6393,2041.595,1306.952,4,4,0.001183,-0.005375,1.000000,AVOID,0.000000,0.000000,1.000000,0,-0.326586,-0.018565,0.274694,0.252826
trial14_near_wall,1,1261,40.3520,-0.326776,0.096773,0.417111,-101.3539,13.6589,2055.232,1315.235,4,5,0.087035,0.017727,1.000000,AVOID,0.000000,0.000000,1.000000,0,-0.326586,0.061231,0.287268,0.240252
trial14_near_wall,1,1262,40.3840,-0.326809,0.096773,0.417112,-101.3851,13.6947,2060.602,1328.451,5,4,-0.087541,-0.008590,1.000000,AVOID,0.000000,0.000000,1.000000,0,-0.326586,-0.029669,0.273974,0.253546
trial14_near_wall,1,1263,40.4160,-0.326843,0.096773,0.417113,-101.3993,13.7135,2048.517,1283.528,4,4,0.001195,-0.006143,1.000000,AVOID,0.000000,0.000000,1.000000,0,-0.326586,-0.021219,0.266116,0.261404
trial14_near_wall,1,1264,40.4480,-0.326876,0.096773,0.417115,-101.4027,13.7215,2045.610,1293.531,4,5,0.087016,0.017146,1.000000,AVOID,0.000000,0.000000,1.000000,0,-0.326586,0.059224,0.280333,0.247187
trial14_near_wall,1,1265,40.4800,-0.326910,0.096773,0.417116,-101.4250,13.7483,2050.236,1280.029,5,4,-0.087527,-0.009022,1.000000,AVOID,0.000000,0.000000,1.000000,0,-0.326586,-0.031162,0.268399,0.259121
trial14_near_wall,1,1266,40.5120,-0.326943,0.096773,0.417118,-101.4315,13.7595,2045.629,1286.501,4,4,0.001207,-0.006465,1.000000,AVOID,0.000000,0.000000,1.000000,0,-0.326586,-0.022329,0.261657,0.265863
trial14_near_wall,1,1267,40.5440,-0.326977,0.096773,0.417119,-101.4288,13.7614,2055.774,1319.184,4,5,0.086997,0.016901,1.000000,AVOID,0.000000,0.000000,1.000000,0,-0.326586,0.058375,0.276776,0.250744
trial14_near_wall,1,1268,40.5760,-0.327010,0.096773,0.417120,-101.4464,13.7836,2057.998,1320.339,5,4,-0.087514,-0.009203,1.000000,AVOID,0.000000,0.000000,1.000000,0,-0.326586,-0.031787,0.265576,0.261944
trial14_near_wall,1,1269,40.6080,-0.327044,0.096773,0.417122,-101.4491,13.7908,2049.181,1289.935,4,4,0.001219,-0.006597,1.000000,AVOID,0.000000,0.000000,1.000000,0,-0.326586,-0.022787,0.259425,0.268095
trial14_near_wall,1,1270,40.6400,-0.327077,0.096773,0.417123,-101.4432,13.7896,2047.048,1285.677,4,5,0.086978,0.016797,1.000000,AVOID,0.000000,0.000000,1.000000,0,-0.326586,0.058015,0.275013,0.252507
trial14_near_wall,1,1271,40.6720,-0.327111,0.096773,0.417124,-101.4586,13.8095,2044.825,1301.570,5,4,-0.087500,-0.009278,1.000000,AVOID,0.000000,0.000000,1.000000,0,-0.326586,-0.032045,0.264188,0.263332
trial14_near_wall,1,1272,40.7040,-0.327144,0.096773,0.417126,-101.4592,13.8148,2041.711,1286.607,4,4,0.001232,-0.006650,1.000000,AVOID,0.000000,0.000000,1.000000,0,-0.326586,-0.022970,0.258339,0.269181
trial14_near_wall,1,1273,40.7360,-0.327178,0.096773,0.417127,-101.4519,13.8120,2045.904,1309.172,4,5,0.086959,0.016752,1.000000,AVOID,0.000000,0.000000,1.000000,0,-0.326586,0.057861,0.274159,0.253361
trial14_near_wall,1,1274,40.7680,-0.327211,0.096773,0.417129,-101.4661,13.8308,2058.079,1300.951,4,4,-0.460515,-0.102565,1.000000,AVOID,0.000000,0.000000,1.000000,0,-0.326586,-0.354259,0.182995,0.344525
trial14_near_wall,1,1275,40.8000,-0.327245,0.096773,0.417130,-101.3617,13.7310,2051.999,1298.282,5,4,-0.087645,-0.098835,1.000000,AVOID,0.000000,0.000000,1.000000,0,-0.326586,-0.341375,0.117842,0.409678
trial14_near_wall,1,1276,40.8320,-0.327278,0.096773,0.417131,-101.1733,13.5472,2039.423,1327.232,4,5,0.086939,-0.052391,1.000000,AVOID,0.000000,0.000000,1.000000,0,-0.367975,-0.180959,0.109082,0.418438
trial14_near_wall,1,1277,40.8640,-0.327310,0.096773,0.417132,-100.9736,13.3519,2040.033,1332.363,4,4,-0.001729,-0.039726,1.000000,AVOID,0.000000,0.000000,1.000000,0,-0.367975,-0.137212,0.113448,0.414072
trial14_near_wall,1,1278,40.8960,-0.327342,0.096773,0.417134,-100.7794,13.1621,2037.392,1326.189,5,4,-0.087632,-0.051702,1.000000,AVOID,0.000000,0.000000,1.000000,0,-0.367975,-0.178580,0.106381,0.421139
trial14_near_wall,1,1279,40.9280,-0.327373,0.096773,0.417135,-100.5761,12.9631,2038.053,1351.479,4,5,0.086920,-0.017047,1.000000,AVOID,0.000000,0.000000,1.000000,0,-0.367975,-0.058880,0.131006,0.396514
trial14_near_wall,1,1280,40.9600,-0.327403,0.096773,0.417136,-100.4044,12.7956,2041.254,1362.371,4,4,-0.001746,-0.013222,1.000000,AVOID,0.000000,0.000000,1.000000,0,-0.367975,-0.045668,0.152778,0.374742
trial14_near_wall,1,1281,40.9920,-0.327434,0.096773,0.417137,-100.2607,12.6560,2040.953,1379.660,5,4,-0.087620,-0.031821,1.000000,AVOID,0.000000,0.000000,1.000000,0,-0.367975,-0.109910,0.153046,0.374474
trial14_near_wall,1,1282,41.0240,-0.327463,0.096773,0.417139,-100.1174,12.5167,2038.341,1394.205,4,4,0.468987,0.093381,1.000000,AVOID,0.000000,0.000000,1.000000,0,-0.367975,0.322538,0.261359,0.266161
trial14_near_wall,1,1283,41.0560,-0.327493,0.096773,0.417140,-100.1137,12.5171,2035.468,1399.426,4,5,0.087125,0.091817,1.000000,AVOID,0.000000,0.000000,1.000000,0,-0.367975,0.317136,0.341243,0.186277
trial14_near_wall,1,1284,41.0880,-0.327522,0.096773,0.417141,-100.2139,12.6214,2037.197,1383.551,5,4,-0.087607,0.046961,1.000000,AVOID,0.000000,0.000000,1.000000,0,-0.367975,0.162203,0.362423,0.165097
trial14_near_wall,1,1285,41.1200,-0.327552,0.096773,0.417142,-100.3417,12.7532,2037.407,1342.080,4,4,0.001137,0.035505,1.000000,AVOID,0.000000,0.000000,1.000000,0,-0.367975,0.122634,0.368416,0.159104
trial14_near_wall,1,1286,41.1520,-0.327583,0.096773,0.417144,-100.4772,12.8929,2049.066,1379.697,4,5,0.087107,0.048406,1.000000,AVOID,0.000000,0.000000,1.000000,0,-0.367975,0.167193,0.384050,0.143470
trial14_near_wall,1,1287,41.1840,-0.327614,0.096773,0.417145,-100.6329,13.0529,2038.997,1371.916,5,4,-0.087594,0.014406,1.000000,AVOID,0.000000,0.000000,1.000000,0,-0.367975,0.049757,0.366417,0.161103
trial14_near_wall,1,1288,41.2160,-0.327645,0.096773,0.417146,-100.7660,13.1903,2052.776,1343.887,4,4,0.001148,0.011091,1.000000,AVOID,0.000000,0.000000,1.000000,0,-0.367975,0.038310,0.350330,0.177190
trial14_near_wall,1,1289,41.2480,-0.327677,0.096773,0.417148,-100.8784,13.3070,2039.038,1335.146,4,5,0.087089,0.030091,1.000000,AVOID,0.000000,0.000000,1.000000,0,-0.367975,0.103934,0.354671,0.172849
trial14_near_wall,1,1290,41.2800,-0.327709,0.096773,0.417149,-100.9963,13.4294,2051.620,1342.800,5,4,-0.087581,0.000673,1.000000,AVOID,0.000000,0.000000,1.000000,0,-0.367975,0.002324,0.332524,0.194996
trial14_near_wall,1,1291,41.3120,-0.327741,0.096773,0.417151,-101.0859,13.5234,2052.211,1338.090,4,4,0.001160,0.000795,1.000000,AVOID,0.000000,0.000000,1.000000,0,-0.367975,0.002745,0.316019,0.211501
trial14_near_wall,1,1292,41.3440,-0.327774,0.096773,0.417152,-101.1542,13.5962,2035.467,1314.736,4,5,0.087071,0.022364,1.000000,AVOID,0.000000,0.000000,1.000000,0,-0.367975,0.077245,0.322266,0.205254
trial14_near_wall,1,1293,41.3760,-0.327807,0.096773,0.417153,-101.2304,13.6770,2051.189,1307.001,5,4,-0.087568,-0.005119,1.000000,AVOID,0.000000,0.000000,1.000000,0,-0.367975,-0.017681,0.303219,0.224301
trial14_near_wall,1,1294,41.4080,-0.327840,0.096773,0.417155,-101.2822,13.7333,2043.137,1319.999,4,4,0.001172,-0.003546,1.000000,AVOID,0.000000,0.000000,1.000000,0,-0.326586,-0.012249,0.290292,0.237228
trial14_near_wall,1,1295,41.4400,-0.327873,0.096773,0.417156,-101.3174,13.7730,2057.056,1316.020,4,5,0.087053,0.019103,1.000000,AVOID,0.000000,0.000000,1.000000,0,-0.326586,0.065983,0.300155,0.227365
trial14_near_wall,1,1296,41.4720,-0.327906,0.096773,0.417158,-101.3652,13.8254,2046.275,1265.640,5,4,-0.087554,-0.007561,1.000000,AVOID,0.000000,0.000000,1.000000,0,-0.326586,-0.026116,0.284527,0.242993
trial14_near_wall,1,1297,41.5040,-0.327940,0.096773,0.417159,-101.3930,13.8577,2037.108,1287.264,4,4,0.001183,-0.005375,1.000000,AVOID,0.000000,0.000000,1.000000,0,-0.326586,-0.018565,0.274694,0.252826
trial14_near_wall,1,1298,41.5360,-0.327973,0.096773,0.417161,-101.4080,13.8774,2042.278,1286.596,4,5,0.087035,0.017727,1.000000,AVOID,0.000000,0.000000,1.000000,0,-0.326586,0.061231,0.287268,0.240252
trial14_near_wall,1,1299,41.5680,-0.328007,0.096773,0.417162,-101.4393,13.9132,2039.301,1319.395,5,4,-0.087541,-0.008590,1.000000,AVOID,0.000000,0.000000,1.000000,0,-0.326586,-0.029669,0.273974,0.253546
trial14_near_wall,1,1300,41.6000,-0.328040,0.096773,0.417164,-101.4534,13.9320,2045.073,1309.927,4,4,0.001195,-0.006143,1.000000,AVOID,0.000000,0.000000,1.000000,0,-0.326586,-0.021219,0.266116,0.261404
trial14_near_wall,1,1301,41.6320,-0.328074,0.096773,0.417165,-101.4569,13.9400,2048.371,1313.397,4,5,0.087016,0.017146,1.000000,AVOID,0.000000,0.000000,1.000000,0,-0.326586,0.059224,0.280333,0.247187
trial14_near_wall,1,1302,41.6640,-0.328108,0.096773,0.417166,-101.4791,13.9669,2051.464,1320.395,5,4,-0.087527,-0.009022,1.000000,AVOID,0.000000,0.000000,1.000000,0,-0.326586,-0.031162,0.268399,0.259121
trial14_near_wall,1,1303,41.6960,-0.328141,0.096773,0.417168,-101.4857,13.9781,2052.100,1334.567,4,4,0.001207,-0.006465,1.000000,AVOID,0.000000,0.000000,1.000000,0,-0.326586,-0.022329,0.261657,0.265863
trial14_near_wall,1,1304,41.7280,-0.328175,0.096773,0.417169,-101.4830,13.9800,2035.397,1323.788,4,5,0.086997,0.016901,1.000000,AVOID,0.000000,0.000000,1.000000,0,-0.326586,0.058375,0.276776,0.250744
trial14_near_wall,1,1305,41.7600,-0.328208,0.096773,0.417171,-101.5006,14.0022,2054.091,1281.520,5,4,-0.087514,-0.009203,1.000000,AVOID,0.000000,0.000000,1.000000,0,-0.326586,-0.031787,0.265576,0.261944
trial14_near_wall,1,1306,41.7920,-0.328242,0.096773,0.417172,-101.5032,14.0095,2053.583,1261.829,4,4,0.001219,-0.006597,1.000000,AVOID,0.000000,0.000000,1.000000,0,-0.326586,-0.022787,0.259425,0.268095
trial14_near_wall,1,1307,41.8240,-0.328276,0.096773,0.417174,-101.4974,14.0082,2057.786,1309.816,4,5,0.086978,0.016797,1.000000,AVOID,0.000000,0.000000,1.000000,0,-0.326586,0.058015,0.275013,0.252507
trial14_near_wall,1,1308,41.8560,-0.328310,0.096773,0.417175,-101.5127,14.0282,2051.815,1301.061,5,4,-0.087500,-0.009278,1.000000,AVOID,0.000000,0.000000,1.000000,0,-0.326586,-0.032045,0.264188,0.263332
trial14_near_wall,1,1309,41.8880,-0.328343,0.096773,0.417177,-101.5134,14.0335,2060.886,1277.715,4,4,0.001232,-0.006650,1.000000,AVOID,0.000000,0.000000,1.000000,0,-0.326586,-0.022970,0.258339,0.269181
trial14_near_wall,1,1310,41.9200,-0.328377,0.096773,0.417178,-101.5060,14.0307,2041.984,1278.771,4,5,0.086959,0.016752,1.000000,AVOID,0.000000,0.000000,1.000000,0,-0.326586,0.057861,0.274159,0.253361
trial14_near_wall,1,1311,41.9520,-0.328411,0.096773,0.417180,-101.5202,14.0495,2050.446,1292.315,4,4,-0.460515,-0.102565,1.000000,AVOID,0.000000,0.000000,1.000000,0,-0.326586,-0.354259,0.182995,0.344525
trial14_near_wall,1,1312,41.9840,-0.328444,0.096773,0.417181,-101.4158,13.9498,2058.288,1287.537,5,4,-0.087645,-0.098835,1.000000,AVOID,0.000000,0.000000,1.000000,0,-0.326586,-0.341375,0.117842,0.409678
trial14_near_wall,1,1313,42.0160,-0.328477,0.096773,0.417183,-101.2275,13.7660,2044.675,1320.044,4,5,0.086939,-0.052391,1.000000,AVOID,0.000000,0.000000,1.000000,0,-0.367975,-0.180959,0.109082,0.418438
trial14_near_wall,1,1314,42.0480,-0.328510,0.096773,0.417184,-101.0277,13.5707,2034.734,1351.213,4,4,-0.001729,-0.039726,1.000000,AVOID,0.000000,0.000000,1.000000,0,-0.367975,-0.137212,0.113448,0.414072
trial14_near_wall,1,1315,42.0800,-0.328542,0.096773,0.417185,-100.8336,13.3809,2051.959,1344.640,5,4,-0.087632,-0.051702,1.000000,AVOID,0.000000,0.000000,1.000000,0,-0.367975,-0.178580,0.106381,0.421139
trial14_near_wall,1,1316,42.1120,-0.328573,0.096773,0.417187,-100.6303,13.1819,2037.994,1360.533,4,5,0.086920,-0.017047,1.000000,AVOID,0.000000,0.000000,1.000000,0,-0.367975,-0.058880,0.131006,0.396514
trial14_near_wall,1,1317,42.1440,-0.328604,0.096773,0.417188,-100.4586,13.0144,2040.969,1370.682,4,4,-0.001746,-0.013222,1.000000,AVOID,0.000000,0.000000,1.000000,0,-0.367975,-0.045668,0.152778,0.374742
trial14_near_wall,1,1318,42.1760,-0.328634,0.096773,0.417189,-100.3149,12.8749,2040.329,1403.917,5,4,-0.087620,-0.031821,1.000000,AVOID,0.000000,0.000000,1.000000,0,-0.367975,-0.109910,0.153046,0.374474
trial14_near_wall,1,1319,42.2080,-0.328664,0.096773,0.417191,-100.1715,12.7356,2040.491,1388.560,4,4,0.468987,0.093381,1.000000,AVOID,0.000000,0.000000,1.000000,0,-0.367975,0.322538,0.261359,0.266161
trial14_near_wall,1,1320,42.2400,-0.328693,0.096773,0.417192,-100.1678,12.7360,2038.752,1386.461,4,5,0.087125,0.091817,1.000000,AVOID,0.000000,0.000000,1.000000,0,-0.367975,0.317136,0.341243,0.186277
trial14_near_wall,1,1321,42.2720,-0.328723,0.096773,0.417193,-100.2681,12.8403,2014.503,1387.761,5,4,-0.087607,0.046961,1.000000,AVOID,0.000000,0.000000,1.000000,0,-0.367975,0.162203,0.362423,0.165097
trial14_near_wall,1,1322,42.3040,-0.328753,0.096773,0.417195,-100.3958,12.9722,2030.783,1374.014,4,4,0.001137,0.035505,1.000000,AVOID,0.000000,0.000000,1.000000,0,-0.367975,0.122634,0.368416,0.159104
trial14_near_wall,1,1323,42.3360,-0.328784,0.096773,0.417196,-100.5313,13.1119,2035.943,1351.523,4,5,0.087107,0.048406,1.000000,AVOID,0.000000,0.000000,1.000000,0,-0.367975,0.167193,0.384050,0.143470
trial14_near_wall,1,1324,42.3680,-0.328815,0.096773,0.417198,-100.6870,13.2719,2039.435,1334.629,5,4,-0.087594,0.014406,1.000000,AVOID,0.000000,0.000000,1.000000,0,-0.367975,0.049757,0.366417,0.161103
trial14_near_wall,1,1325,42.4000,-0.328847,0.096773,0.417199,-100.8201,13.4093,2044.330,1356.652,4,4,0.001148,0.011091,1.000000,AVOID,0.000000,0.000000,1.000000,0,-0.367975,0.038310,0.350330,0.177190
trial14_near_wall,1,1326,42.4320,-0.328879,0.096773,0.417201,-100.9325,13.5261,2056.113,1362.145,4,5,0.087089,0.030091,1.000000,AVOID,0.000000,0.000000,1.000000,0,-0.367975,0.103934,0.354671,0.172849
trial14_near_wall,1,1327,42.4640,-0.328911,0.096773,0.417202,-101.0505,13.6485,2035.825,1311.841,5,4,-0.087581,0.000673,1.000000,AVOID,0.000000,0.000000,1.000000,0,-0.367975,0.002324,0.332524,0.194996
trial14_near_wall,1,1328,42.4960,-0.328943,0.096773,0.417204,-101.1400,13.7425,2047.491,1366.818,4,4,0.001160,0.000795,1.000000,AVOID,0.000000,0.000000,1.000000,0,-0.367975,0.002745,0.316019,0.211501
trial14_near_wall,1,1329,42.5280,-0.328976,0.096773,0.417205,-101.2083,13.8152,2039.714,1312.780,4,5,0.087071,0.022364,1.000000,AVOID,0.000000,0.000000,1.000000,0,-0.367975,0.077245,0.322266,0.205254
trial14_near_wall,1,1330,42.5600,-0.329009,0.096773,0.417207,-101.2846,13.8960,2059.781,1312.412,5,4,-0.087568,-0.005119,1.000000,AVOID,0.000000,0.000000,1.000000,0,-0.326586,-0.017681,0.303219,0.224301
trial14_near_wall,1,1331,42.5920,-0.329043,0.096773,0.417208,-101.3364,13.9524,2053.701,1324.099,4,4,0.001172,-0.003546,1.000000,AVOID,0.000000,0.000000,1.000000,0,-0.326586,-0.012249,0.290292,0.237228
trial14_near_wall,1,1332,42.6240,-0.329076,0.096773,0.417210,-101.3715,13.9921,2038.664,1312.551,4,5,0.087053,0.019103,1.000000,AVOID,0.000000,0.000000,1.000000,0,-0.326586,0.065983,0.300155,0.227365
trial14_near_wall,1,1333,42.6560,-0.329109,0.096773,0.417211,-101.4193,14.0445,2046.438,72.881,0,4,0.793272,0.212646,1.000000,AVOID,1.000000,0.250000,1.000000,0,-0.326586,0.734478,0.661506,0.239674
trial14_near_wall,1,1334,42.6880,-0.329167,0.096773,0.417214,-101.6915,14.3246,2043.626,65.567,0,4,0.793009,0.357736,1.000000,AVOID,1.000000,0.437500,1.000000,0,-0.326586,1.235621,1.057804,0.123621
trial14_near_wall,1,1335,42.7200,-0.329245,0.096774,0.417218,-102.2933,14.9371,2066.551,68.199,0,5,0.790691,0.465975,1.000000,AVOID,1.000000,0.578125,1.000000,0,-0.326586,1.609478,1.448493,-0.056884
trial14_near_wall,1,1336,42.7520,-0.329341,0.096774,0.417222,-103.2631,15.9201,2075.573,67.126,0,4,0.791705,0.547408,1.000000,AVOID,1.000000,0.683594,1.000000,0,-0.326586,1.890746,1.811826,-0.262579
trial14_near_wall,1,1337,42.7840,-0.329458,0.096774,0.417228,-104.6002,17.2732,2080.947,69.413,0,4,0.792637,0.608715,1.000000,AVOID,1.000000,0.762695,1.000000,0,-0.326586,2.102501,2.137265,-0.469790
trial14_near_wall,1,1338,42.8160,-0.329597,0.096775,0.417235,-106.2824,18.9745,2087.053,71.876,0,5,0.790537,0.654170,1.000000,AVOID,1.000000,0.822021,1.000000,0,-0.326586,2.259505,2.420595,-0.664449
trial14_near_wall,1,1339,42.8480,-0.329762,0.096775,0.417243,-108.2756,20.9902,2081.423,73.700,0,4,0.791609,0.688530,1.000000,AVOID,1.000000,0.866516,1.000000,0,-0.326586,2.378183,2.662762,-0.840112
trial14_near_wall,1,1340,42.8800,-0.329953,0.096776,0.417253,-110.5421,23.2830,2088.342,72.724,0,4,0.792560,0.714538,1.000000,AVOID,1.000000,0.899887,1.000000,0,-0.326586,2.468013,2.866845,-0.994317
trial14_near_wall,1,1341,42.9120,-0.330174,0.096777,0.417265,-113.0443,25.8155,2076.779,66.283,0,5,0.790441,0.733513,1.000000,AVOID,1.000000,0.924915,1.000000,0,-0.326586,2.533556,3.036292,-1.126357
trial14_near_wall,1,1342,42.9440,-0.330426,0.096779,0.417279,-115.7457,28.5515,2033.225,74.080,0,4,0.791525,0.748016,1.000000,AVOID,1.000000,0.943686,1.000000,0,-0.326586,2.583648,3.175901,-1.237910
trial14_near_wall,1,1343,42.9760,-0.330711,0.096781,0.417295,-118.6137,31.4586,2003.968,75.631,0,4,0.792485,0.759134,1.000000,AVOID,1.000000,0.957765,1.000000,0,-0.326586,2.622047,3.290208,-1.331174
trial14_near_wall,1,1344,43.0080,-0.331029,0.096783,0.417313,-121.6195,34.5079,2086.961,68.978,0,5,0.790345,0.766936,1.000000,AVOID,1.000000,0.968324,1.000000,0,-0.326586,2.648998,3.382675,-1.407860
trial14_near_wall,1,1345,43.0400,-0.331379,0.096787,0.417334,-124.7375,37.6738,2241.648,72.415,0,4,0.791439,0.773062,1.000000,AVOID,1.000000,0.976243,1.000000,0,-0.109845,2.670156,3.408646,-1.519334
trial14_near_wall,1,1346,43.0720,-0.331743,0.096790,0.417357,-127.9458,40.9321,2423.042,66.854,0,4,0.792410,0.777899,1.000000,AVOID,1.000000,0.982182,1.000000,0,-0.109845,2.686863,3.432300,-1.607116
trial14_near_wall,1,1347,43.1040,-0.332123,0.096795,0.417382,-131.2266,44.2649,2547.331,71.652,0,5,0.790248,0.780986,1.000000,AVOID,1.000000,0.986637,1.000000,0,-0.109845,2.697526,3.452706,-1.675619
trial14_near_wall,1,1348,43.1360,-0.332466,0.096801,0.417406,-134.7250,47.8103,2644.616,69.440,0,4,0.791353,0.783578,1.000000,AVOID,1.000000,0.989977,1.000000,0,-0.109845,2.706478,3.470249,-1.729233
trial14_near_wall,1,1349,43.1680,-0.332766,0.096807,0.417428,-138.4340,51.5603,2661.800,69.489,0,4,0.792333,0.785767,1.000000,AVOID,1.000000,0.992483,1.000000,0,-0.109845,2.714038,3.485296,-1.771335
trial14_near_wall,1,1350,43.2000,-0.333075,0.096812,0.417450,-142.1813,55.3499,2626.045,68.029,0,5,0.790149,0.786862,1.000000,AVOID,1.000000,0.994362,1.000000,0,-0.109845,2.717822,3.497528,-1.803856
trial14_near_wall,1,1351,43.2320,-0.333393,0.096817,0.417473,-145.9575,59.1698,2542.961,66.890,0,4,0.791266,0.787963,1.000000,AVOID,1.000000,0.995772,1.000000,0,-0.109845,2.721625,3.507652,-1.829199
trial14_near_wall,1,1352,43.2640,-0.333720,0.096821,0.417496,-149.7557,63.0127,2375.978,71.919,0,4,0.792256,0.789036,1.000000,AVOID,1.000000,0.996829,1.000000,0,-0.260474,2.725331,3.516172,-1.849132
trial14_near_wall,1,1353,43.2960,-0.334055,0.096826,0.417520,-153.5705,66.8734,2131.136,66.874,0,5,0.790050,0.789290,1.000000,AVOID,1.000000,0.997622,1.000000,0,-0.260474,2.726207,3.522781,-1.864300
trial14_near_wall,1,1354,43.3280,-0.334397,0.096831,0.417544,-157.3972,70.7468,2017.133,71.966,0,4,0.791178,0.789762,1.000000,AVOID,1.000000,0.998216,1.000000,0,-0.260474,2.727837,3.528145,-1.876085
trial14_near_wall,1,1355,43.3600,-0.334745,0.096835,0.417569,-161.2323,74.6296,70.683,72.308,0,0,-0.008870,0.590104,0.000000,GOAL,1.000000,0.998662,1.000000,0,-0.260474,-1.014180,2.596664,-0.949419
trial14_near_wall,1,1356,43.3920,-0.335148,0.096838,0.417596,-163.7204,77.1729,72.396,69.911,0,0,-0.001784,0.442132,0.000000,GOAL,1.000000,0.998997,1.000000,0,-0.260474,-1.014180,1.898053,-0.254419
trial14_near_wall,1,1357,43.4240,-0.335592,0.096841,0.417626,-165.1982,78.7115,67.222,69.741,0,0,-0.000359,0.331509,0.000000,GOAL,1.000000,0.999247,1.000000,0,-0.260474,-1.014180,1.374095,0.266831
trial14_near_wall,1,1358,43.4560,-0.336066,0.096842,0.417656,-165.9267,79.5049,68.039,71.914,0,0,-0.000072,0.248614,0.000000,GOAL,1.000000,0.999436,1.000000,0,-0.260474,-1.014180,0.981126,0.657768
trial14_near_wall,1,1359,43.4880,-0.336562,0.096842,0.417687,-166.1009,79.7470,70.546,67.905,0,0,-0.000015,0.186457,0.000000,GOAL,1.000000,0.999577,1.000000,0,-0.260474,-1.014180,0.686400,0.950971
trial14_near_wall,1,1360,43.5200,-0.337065,0.096841,0.417719,-165.8843,79.5992,65.904,67.397,0,0,-0.000003,0.139842,0.000000,GOAL,1.000000,0.999683,1.000000,0,-0.260474,-1.014180,0.465355,1.170873
trial14_near_wall,1,1361,43.5520,-0.337567,0.096840,0.417750,-165.3903,79.1739,64.133,71.688,0,0,-0.000001,0.104881,0.000000,GOAL,1.000000,0.999762,1.000000,0,-0.260474,-1.014180,0.299571,1.335800
trial14_near_wall,1,1362,43.5840,-0.338068,0.096838,0.417782,-164.6900,78.5423,68.265,71.342,0,0,-0.000000,0.078661,0.000000,GOAL,1.000000,0.999821,1.000000,0,-0.260474,-1.014180,0.175233,1.459495
trial14_near_wall,1,1363,43.6160,-0.338567,0.096835,0.417813,-163.8361,77.7567,69.412,66.671,0,0,-0.000000,0.058996,0.000000,GOAL,1.000000,0.999866,1.000000,0,-0.260474,-1.014180,0.081980,1.552266
trial14_near_wall,1,1364,43.6480,-0.339065,0.096833,0.417845,-162.8677,76.8564,62.387,69.759,0,0,-0.000000,0.044247,0.000000,GOAL,1.000000,0.999900,1.000000,0,-0.260474,-1.014180,0.012040,1.621845
trial14_near_wall,1,1365,43.6800,-0.339561,0.096830,0.417877,-161.8137,75.8703,71.330,67.729,0,0,-0.000000,0.033185,0.000000,GOAL,1.000000,0.999925,1.000000,0,-0.260474,-1.014180,-0.040415,1.674028
trial14_near_wall,1,1366,43.7120,-0.340055,0.096828,0.417910,-160.6959,74.8199,71.807,67.721,0,0,-0.000000,0.024889,0.000000,GOAL,1.000000,0.999943,1.000000,0,-0.260474,-1.014180,-0.079756,1.713166
trial14_near_wall,1,1367,43.7440,-0.340545,0.096826,0.417944,-159.5303,73.7214,65.811,75.048,0,0,-0.000000,0.018667,0.000000,GOAL,1.000000,0.999958,1.000000,0,-0.260474,-1.014180,-0.109262,1.742520
trial14_near_wall,1,1368,43.7760,-0.341032,0.096824,0.417978,-158.3291,72.5868,72.276,66.054,0,0,-0.000000,0.014000,0.000000,GOAL,1.000000,0.999968,1.000000,0,-0.260474,-1.014180,-0.131392,1.764535
trial14_near_wall,1,1369,43.8080,-0.341515,0.096822,0.418012,-157.1014,71.4251,66.366,68.108,0,0,-0.000000,0.010500,0.000000,GOAL,1.000000,0.999976,1.000000,0,-0.260474,-1.014180,-0.147989,1.781046
trial14_near_wall,1,1370,43.8400,-0.341994,0.096820,0.418046,-155.8538,70.2430,73.234,74.797,0,0,-0.000000,0.007875,0.000000,GOAL,1.000000,0.999982,1.000000,0,-0.260474,-1.014180,-0.160436,1.793429
trial14_near_wall,1,1371,43.8720,-0.342468,0.096819,0.418081,-154.5914,69.0454,68.063,69.485,0,0,-0.000000,0.005906,0.000000,GOAL,1.000000,0.999987,1.000000,0,-0.260474,-1.014180,-0.169772,1.802717
trial14_near_wall,1,1372,43.9040,-0.342938,0.096817,0.418116,-153.3180,67.8362,68.337,70.644,0,0,-0.000000,0.004430,0.000000,GOAL,1.000000,0.999990,1.000000,0,-0.260474,-1.014180,-0.176774,1.809683
trial14_near_wall,1,1373,43.9360,-0.343402,0.096815,0.418151,-152.0364,66.6181,71.001,68.006,0,0,-0.000000,0.003322,0.000000,GOAL,1.000000,0.999992,1.000000,0,-0.260474,-1.014180,-0.182026,1.814907
trial14_near_wall,1,1374,43.9680,-0.343861,0.096814,0.418187,-150.7488,65.3932,70.605,67.669,0,0,0.000000,0.002492,0.000000,GOAL,1.000000,0.999994,1.000000,0,-0.260474,-1.014180,-0.185964,1.818825
trial14_near_wall,1,1375,44.0000,-0.344314,0.096812,0.418222,-149.4567,64.1629,67.861,72.824,0,0,0.000000,0.001869,0.000000,GOAL,1.000000,0.999996,1.000000,0,-0.260474,-1.014180,-0.188918,1.821764
trial14_near_wall,1,1376,44.0320,-0.344761,0.096810,0.418257,-148.1613,62.9286,71.387,66.695,0,0,0.000000,0.001402,0.000000,GOAL,1.000000,0.999997,1.000000,0,-0.260474,-1.014180,-0.191134,1.823968
trial14_near_wall,1,1377,44.0640,-0.345202,0.096809,0.418293,-146.8634,61.6909,64.506,75.472,0,0,0.000000,0.001051,0.000000,GOAL,1.000000,0.999998,1.000000,0,-0.260474,-1.014180,-0.192795,1.825621
trial14_near_wall,1,1378,44.0960,-0.345636,0.096807,0.418328,-145.5637,60.4505,67.476,62.316,0,0,0.000000,0.000788,0.000000,GOAL,1.000000,0.999998,1.000000,0,-0.109845,-0.427693,-0.047420,1.680239
trial14_near_wall,1,1379,44.1280,-0.346063,0.096806,0.418363,-144.4519,59.3970,2596.523,68.100,0,4,0.791222,0.198397,1.000000,AVOID,1.000000,0.999999,1.000000,0,-0.109845,0.685262,0.339851,1.292964
trial14_near_wall,1,1380,44.1600,-0.346485,0.096805,0.418399,-143.8403,58.8429,2603.395,66.674,0,4,0.792217,0.346852,1.000000,AVOID,1.000000,0.999999,1.000000,0,-0.109845,1.198026,0.758495,0.874316
trial14_near_wall,1,1381,44.1920,-0.346903,0.096804,0.418435,-143.7689,58.8285,66.019,68.289,0,0,-0.007825,0.258182,0.000000,GOAL,0.945930,0.986482,0.934426,0,-0.109845,-0.427693,0.666048,0.966761
trial14_near_wall,1,1382,44.2240,-0.347321,0.096804,0.418471,-143.5779,58.6946,64.813,70.259,0,0,-0.001574,0.193243,0.000000,GOAL,0.939629,0.974769,0.926784,0,-0.109845,-0.427693,0.596712,1.036094
trial14_near_wall,1,1383,44.2560,-0.347739,0.096803,0.418508,-143.2973,58.4710,69.880,66.840,0,0,-0.000316,0.144853,0.000000,GOAL,0.896544,0.955213,0.874533,0,-0.109845,-0.427693,0.544711,1.088094
trial14_near_wall,1,1384,44.2880,-0.348155,0.096803,0.418545,-142.9494,58.1799,67.663,72.282,0,0,-0.000064,0.108624,0.000000,GOAL,0.880364,0.936500,0.854910,0,-0.109845,-0.427693,0.505710,1.127094
trial14_near_wall,1,1385,44.3200,-0.348570,0.096802,0.418583,-142.5511,57.8380,64.245,68.599,0,0,-0.000013,0.081465,0.000000,GOAL,0.882748,0.923062,0.857800,0,-0.109845,-0.427693,0.476459,1.156344
trial14_near_wall,1,1386,44.3520,-0.348982,0.096801,0.418620,-142.1148,57.4580,71.113,69.352,0,0,-0.000003,0.061098,0.000000,GOAL,0.911341,0.920132,0.892477,0,-0.109845,-0.427693,0.454521,1.178281
trial14_near_wall,1,1387,44.3840,-0.349393,0.096801,0.418658,-141.6501,57.0492,66.648,70.948,0,0,-0.000001,0.045823,0.000000,GOAL,0.792009,0.888101,0.747756,0,-0.109845,-0.427693,0.438067,1.194734
trial14_near_wall,1,1388,44.4160,-0.349800,0.096800,0.418696,-141.1641,56.6187,76.803,68.100,0,0,-0.000000,0.034368,0.000000,GOAL,0.761352,0.856414,0.710576,0,-0.109845,-0.427693,0.425727,1.207074
trial14_near_wall,1,1389,44.4480,-0.350205,0.096800,0.418734,-140.6619,56.1717,70.368,71.452,0,0,-0.000000,0.025776,0.000000,GOAL,0.745113,0.828589,0.690882,0,-0.109845,-0.427693,0.416472,1.216329
trial14_near_wall,1,1390,44.4800,-0.350607,0.096797,0.418770,-140.1477,55.7123,70.764,68.456,0,0,-0.000000,0.019332,0.000000,GOAL,0.755132,0.810225,0.703033,0,-0.109845,-0.427693,0.409531,1.223270
trial14_near_wall,1,1391,44.5120,-0.351006,0.096790,0.418802,-139.6245,55.2435,67.177,65.569,0,0,-0.000000,0.014499,0.000000,GOAL,0.723605,0.788570,0.664798,0,-0.109845,-0.427693,0.404325,1.228476
trial14_near_wall,1,1392,44.5440,-0.351402,0.096778,0.418829,-139.0945,54.7676,73.853,70.430,0,0,-0.000000,0.010874,0.000000,GOAL,0.672862,0.759643,0.603258,0,-0.109845,-0.427693,0.400420,1.232380
trial14_near_wall,1,1393,44.5760,-0.351795,0.096761,0.418852,-138.5593,54.2861,68.324,69.548,0,0,-0.000000,0.008156,0.000000,GOAL,0.634505,0.728358,0.556740,0,-0.109845,-0.427693,0.397492,1.235308
trial14_near_wall,1,1394,44.6080,-0.352185,0.096741,0.418870,-138.0203,53.8005,70.080,70.744,0,0,-0.000000,0.006117,0.000000,GOAL,0.625984,0.702765,0.546406,0,-0.109845,-0.427693,0.395295,1.237505
trial14_near_wall,1,1395,44.6400,-0.352572,0.096716,0.418885,-137.4785,53.3116,67.461,67.193,0,0,-0.000000,0.004588,0.000000,GOAL,0.600140,0.677108,0.515063,0,-0.109845,-0.427693,0.393648,1.239152
trial14_near_wall,1,1396,44.6720,-0.352955,0.096688,0.418896,-136.9345,52.8201,64.584,72.171,0,0,-0.000000,0.003441,0.000000,GOAL,0.576193,0.651880,0.486021,0,-0.109845,-0.427693,0.392413,1.240387
trial14_near_wall,1,1397,44.7040,-0.353334,0.096655,0.418903,-136.3889,52.3266,64.609,67.744,0,0,-0.000000,0.002580,0.000000,GOAL,0.524805,0.620111,0.423700,0,-0.109845,-0.427693,0.391486,1.241314
trial14_near_wall,1,1398,44.7360,-0.353729,0.096617,0.418906,-135.7898,51.7818,71.279,67.493,0,0,-0.000000,0.001935,0.000000,GOAL,0.523197,0.595883,0.421750,0,-0.109845,-0.427693,0.390791,1.242009
trial14_near_wall,1,1399,44.7680,-0.354120,0.096576,0.418906,-135.1897,51.2354,68.187,68.443,0,0,-0.000000,0.001452,0.000000,GOAL,0.513221,0.575217,0.409650,0,-0.109845,-0.427693,0.390270,1.242530
trial14_near_wall,1,1400,44.8000,-0.354507,0.096530,0.418901,-134.5887,50.6878,74.158,68.920,0,0,0.000000,0.001089,0.000000,GOAL,0.495825,0.555369,0.388554,0,-0.109845,-0.427693,0.389879,1.242921
trial14_near_wall,1,1401,44.8320,-0.354890,0.096481,0.418893,-133.9872,50.1391,83.144,64.991,0,0,0.000000,0.000816,0.000000,GOAL,0.489671,0.538944,0.381090,0,-0.109845,-0.427693,0.389586,1.243214
trial14_near_wall,1,1402,44.8640,-0.355269,0.096428,0.418881,-133.3853,49.5894,120.025,68.617,0,0,0.000000,0.000612,0.000000,GOAL,0.478412,0.523811,0.367436,0,-0.109845,-0.427693,0.389366,1.243434
trial14_near_wall,1,1403,44.8960,-0.355643,0.096371,0.418866,-132.7830,49.0389,155.275,68.457,0,0,0.000000,0.000459,0.000000,GOAL,0.451863,0.505824,0.335238,0,-0.109845,-0.427693,0.389201,1.243599
trial14_near_wall,1,1404,44.9280,-0.356014,0.096312,0.418847,-132.1805,48.4876,189.412,71.667,0,0,0.000000,0.000344,0.000000,GOAL,0.430015,0.486872,0.308741,0,-0.109845,-0.427693,0.389078,1.243722
trial14_near_wall,1,1405,44.9600,-0.356380,0.096249,0.418825,-131.5778,47.9356,228.660,71.746,0,0,0.000000,0.000258,0.000000,GOAL,0.417623,0.469560,0.293713,0,-0.109845,-0.427693,0.388985,1.243815
trial14_near_wall,1,1406,44.9920,-0.356741,0.096183,0.418800,-130.9749,47.3829,289.235,70.046,0,1,0.796439,0.199304,0.232415,BLEND,0.417985,0.456666,0.294152,0,-0.109845,-0.168297,0.453764,1.179036
trial14_near_wall,1,1407,45.0240,-0.357096,0.096115,0.418771,-130.4634,46.9207,320.725,65.062,0,1,0.796921,0.348708,0.299415,BLEND,0.422324,0.448081,0.299415,0,-0.109845,0.060990,0.559671,1.073129
trial14_near_wall,2,1,0.0320,-0.310004,0.320003,0.640003,-40.2110,-49.7886,69.479,68.361,0,0,0.000000,0.000000,0.000000,GOAL,0.000000,0.000000,0.000000,0,0.246313,0.959045,0.443861,-0.035661
trial14_near_wall,2,2,0.0640,-0.309904,0.319919,0.639919,-40.5197,-49.4889,66.267,68.724,0,0,0.000000,0.000000,0.000000,GOAL,0.000000,0.000000,0.000000,0,0.246313,0.959045,0.776757,-0.062407
trial14_near_wall,2,3,0.0960,-0.309730,0.319770,0.639771,-41.0597,-48.9644,67.744,69.432,0,0,0.000000,0.000000,0.000000,GOAL,0.000000,0.000000,0.000000,0,0.246313,0.959045,1.026429,-0.082467
trial14_near_wall,2,4,0.1280,-0.309503,0.319571,0.639572,-41.7735,-48.2710,66.864,62.388,0,0,0.000000,0.000000,0.000000,GOAL,0.000000,0.000000,0.000000,0,0.246313,0.959045,1.213683,-0.097511
trial14_near_wall,2,5,0.1600,-0.309237,0.319332,0.639332,-42.6177,-47.4506,69.781,73.689,0,0,0.000000,0.000000,0.000000,GOAL,0.000000,0.000000,0.000000,0,0.246313,0.959045,1.354124,-0.108795
trial14_near_wall,2,6,0.1920,-0.308946,0.319060,0.639061,-43.5599,-46.5346,69.893,70.031,0,0,0.000000,0.000000,0.000000,GOAL,0.000000,0.000000,0.000000,0,0.246313,0.959045,1.459454,-0.117257
trial14_near_wall,2,7,0.2240,-0.308636,0.318762,0.638764,-44.5758,-45.5466,67.976,68.884,0,0,0.000000,0.000000,0.000000,GOAL,0.000000,0.000000,0.000000,0,0.246313,0.959045,1.538452,-0.123604
trial14_near_wall,2,8,0.2560,-0.308315,0.318442,0.638444,-45.6470,-44.5042,69.466,64.493,0,0,0.000000,0.000000,0.000000,GOAL,0.000000,0.000000,0.000000,0,0.246313,0.959045,1.597700,-0.128364
trial14_near_wall,2,9,0.2880,-0.307989,0.318102,0.638106,-46.7598,-43.4208,61.959,69.696,0,0,0.000000,0.000000,0.000000,GOAL,0.000000,0.000000,0.000000,0,0.246313,0.959045,1.642136,-0.131935
trial14_near_wall,2,10,0.3200,-0.307660,0.317747,0.637751,-47.9037,-42.3065,68.627,72.381,0,0,0.000000,0.000000,0.000000,GOAL,0.000000,0.000000,0.000000,0,0.246313,0.959045,1.675464,-0.134612
trial14_near_wall,2,11,0.3520,-0.307331,0.317378,0.637383,-49.0710,-41.1689,72.143,71.143,0,0,0.000000,0.000000,0.000000,GOAL,0.000000,0.000000,0.000000,0,0.246313,0.959045,1.700459,-0.136620
trial14_near_wall,2,12,0.3840,-0.307006,0.316996,0.637003,-50.2557,-40.0136,70.235,65.778,0,0,0.000000,0.000000,0.000000,GOAL,0.000000,0.000000,0.000000,0,0.246313,0.959045,1.719205,-0.138127
trial14_near_wall,2,13,0.4160,-0.306685,0.316603,0.636612,-51.4535,-38.8449,68.965,70.730,0,0,0.000000,0.000000,0.000000,GOAL,0.000000,0.000000,0.000000,0,0.246313,0.959045,1.733265,-0.139256
trial14_near_wall,2,14,0.4480,-0.306369,0.316200,0.636210,-52.6610,-37.6660,63.055,72.814,0,0,0.000000,0.000000,0.000000,GOAL,0.000000,0.000000,0.000000,0,0.246313,0.959045,1.743810,-0.140103
trial14_near_wall,2,15,0.4800,-0.306061,0.315788,0.635800,-53.8757,-36.4793,67.825,70.640,0,0,0.000000,0.000000,0.000000,GOAL,0.000000,0.000000,0.000000,0,0.246313,0.959045,1.751719,-0.140739
trial14_near_wall,2,16,0.5120,-0.305760,0.315368,0.635382,-55.0958,-35.2866,68.498,73.252,0,0,0.000000,0.000000,0.000000,GOAL,0.000000,0.000000,0.000000,0,0.246313,0.959045,1.757650,-0.141215
trial14_near_wall,2,17,0.5440,-0.305466,0.314940,0.634956,-56.3199,-34.0892,70.206,67.669,0,0,0.000000,0.000000,0.000000,GOAL,0.000000,0.000000,0.000000,0,0.257747,1.003562,1.945928,0.019998
trial14_near_wall,2,18,0.5760,-0.305122,0.314413,0.634432,-57.5615,-32.8791,64.598,70.339,0,0,0.000000,0.000000,0.000000,GOAL,0.000000,0.000000,0.000000,0,0.257747,1.003562,2.087137,0.140908
trial14_near_wall,2,19,0.6080,-0.304744,0.313807,0.633828,-58.8165,-31.6586,65.422,73.470,0,0,0.000000,0.000000,0.000000,GOAL,0.000000,0.000000,0.000000,0,0.257747,1.003562,2.193043,0.231590
trial14_near_wall,2,20,0.6400,-0.304348,0.313138,0.633163,-60.0815,-30.4300,69.159,72.207,0,0,0.000000,0.000000,0.000000,GOAL,0.000000,0.000000,0.000000,0,0.257747,1.003562,2.272473,0.299602
trial14_near_wall,2,21,0.6720,-0.303943,0.312420,0.632449,-61.3539,-29.1948,70.565,73.143,0,0,0.000000,0.000000,0.000000,GOAL,0.000000,0.000000,0.000000,0,0.257747,1.003562,2.332045,0.350611
trial14_near_wall,2,22,0.7040,-0.303537,0.311661,0.631694,-62.6319,-27.9543,68.417,72.013,0,0,0.000000,0.000000,0.000000,GOAL,0.000000,0.000000,0.000000,0,0.257747,1.003562,2.376724,0.388868
trial14_near_wall,2,23,0.7360,-0.303136,0.310870,0.630907,-63.9140,-26.7093,70.027,65.990,0,0,0.000000,0.000000,0.000000,GOAL,0.000000,0.000000,0.000000,0,0.257747,1.003562,2.410234,0.417560
trial14_near_wall,2,24,0.7680,-0.302745,0.310052,0.630094,-65.1991,-25.4607,70.166,75.715,0,0,0.000000,0.000000,0.000000,GOAL,0.000000,0.000000,0.000000,0,0.257747,1.003562,2.435366,0.439080
trial14_near_wall,2,25,0.8000,-0.302366,0.309212,0.629258,-66.4863,-24.2089,70.098,73.828,0,0,0.000000,0.000000,0.000000,GOAL,0.000000,0.000000,0.000000,0,0.257747,1.003562,2.454215,0.455219
trial14_near_wall,2,26,0.8320,-0.302002,0.308353,0.628404,-67.7751,-22.9542,74.536,68.264,0,0,0.000000,0.000000,0.000000,GOAL,0.000000,0.000000,0.000000,0,0.257747,1.003562,2.468352,0.467324
trial14_near_wall,2,27,0.8640,-0.301654,0.307478,0.627534,-69.0649,-21.6971,66.724,67.034,0,0,0.000000,0.000000,0.000000,GOAL,0.000000,0.000000,0.000000,0,0.257747,1.003562,2.478954,0.476402
trial14_near_wall,2,28,0.8960,-0.301324,0.306590,0.626650,-70.3556,-20.4377,73.176,70.599,0,0,0.000000,0.000000,0.000000,GOAL,0.000000,0.000000,0.000000,0,0.257747,1.003562,2.486906,0.483211
trial14_near_wall,2,29,0.9280,-0.301013,0.305690,0.625755,-71.6467,-19.1762,76.054,68.186,0,0,0.000000,0.000000,0.000000,GOAL,0.000000,0.000000,0.000000,0,0.257747,1.003562,2.492870,0.488318
trial14_near_wall,2,30,0.9600,-0.300721,0.304780,0.624849,-72.9382,-17.9127,68.101,67.738,0,0,0.000000,0.000000,0.000000,GOAL,0.000000,0.000000,0.000000,0,0.257747,1.003562,2.497343,0.492148
trial14_near_wall,2,31,0.9920,-0.300448,0.303861,0.623934,-74.2299,-16.6473,72.583,68.609,0,0,0.000000,0.000000,0.000000,GOAL,0.000000,0.000000,0.000000,0,0.257747,1.003562,2.500698,0.495020
trial14_near_wall,2,32,1.0240,-0.300196,0.302935,0.623012,-75.5217,-15.3800,66.558,73.659,0,0,0.000000,0.000000,0.000000,GOAL,0.000000,0.000000,0.000000,0,0.257747,1.003562,2.503214,0.497175
trial14_near_wall,2,33,1.0560,-0.299964,0.302002,0.622083,-76.8133,-14.1110,68.405,68.094,0,0,0.000000,0.000000,0.000000,GOAL,0.000000,0.000000,0.000000,0,0.257747,1.003562,2.505101,0.498791
trial14_near_wall,2,34,1.0880,-0.299753,0.301062,0.621147,-78.1050,-12.8402,69.263,67.604,0,0,0.000000,0.000000,0.000000,GOAL,0.000000,0.000000,0.000000,0,0.257747,1.003562,2.506516,0.500002
trial14_near_wall,2,35,1.1200,-0.299564,0.300118,0.620206,-79.3968,-11.5674,67.146,69.717,0,0,0.000000,0.000000,0.000000,GOAL,0.000000,0.000000,0.000000,0,0.246313,0.959045,2.496449,0.512041
trial14_near_wall,2,36,1.1520,-0.299396,0.299169,0.619260,-80.6741,-10.3071,65.891,69.761,0,0,0.000000,0.000000,0.000000,GOAL,0.000000,0.000000,0.000000,0,0.246313,0.959045,2.488898,0.521069
trial14_near_wall,2,37,1.1840,-0.299249,0.298216,0.618309,-81.9406,-9.0557,69.936,67.945,0,0,0.000000,0.000000,0.000000,GOAL,0.000000,0.000000,0.000000,0,0.246313,0.959045,2.483234,0.527841
trial14_near_wall,2,38,1.2160,-0.299123,0.297259,0.617355,-83.1990,-7.8106,68.354,67.917,0,0,0.000000,0.000000,0.000000,GOAL,0.000000,0.000000,0.000000,0,0.004551,0.017720,2.243656,0.768250
trial14_near_wall,2,39,1.2480,-0.299018,0.296301,0.616399,-84.1475,-6.8733,69.125,71.175,0,0,0.000000,0.000000,0.000000,GOAL,0.000000,0.000000,0.000000,0,0.004551,0.017720,2.063972,0.948558
trial14_near_wall,2,40,1.2800,-0.298929,0.295341,0.615441,-84.8634,-6.1674,68.654,70.155,0,0,0.000000,0.000000,0.000000,GOAL,0.000000,0.000000,0.000000,0,0.004551,0.017720,1.929209,1.083788
trial14_near_wall,2,41,1.3120,-0.298851,0.294382,0.614483,-85.4058,-5.6338,69.566,64.481,0,0,0.000000,0.000000,0.000000,GOAL,0.000000,0.000000,0.000000,0,0.004551,0.017720,1.828137,1.185211
trial14_near_wall,2,42,1.3440,-0.298781,0.293422,0.613524,-85.8163,-5.2315,66.946,66.109,0,0,0.000000,0.000000,0.000000,GOAL,0.000000,0.000000,0.000000,0,0.004551,0.017720,1.752333,1.261278
trial14_near_wall,2,43,1.3760,-0.298716,0.292461,0.612565,-86.1288,-4.9267,71.160,69.449,0,0,0.000000,0.000000,0.000000,GOAL,0.000000,0.000000,0.000000,0,0.004551,0.017720,1.695479,1.318329
trial14_near_wall,2,44,1.4080,-0.298657,0.291500,0.611605,-86.3679,-4.6949,69.000,68.521,0,0,0.000000,0.000000,0.000000,GOAL,0.000000,0.000000,0.000000,0,0.004551,0.017720,1.652840,1.361117
trial14_near_wall,2,45,1.4400,-0.298600,0.290539,0.610645,-86.5521,-4.5176,63.754,70.770,0,0,0.000000,0.000000,0.000000,GOAL,0.000000,0.000000,0.000000,0,0.004551,0.017720,1.620860,1.393207
trial14_near_wall,2,46,1.4720,-0.298545,0.289577,0.609685,-86.6953,-4.3813,70.202,67.998,0,0,0.000000,0.000000,0.000000,GOAL,0.000000,0.000000,0.000000,0,0.004551,0.017720,1.596875,1.417276
trial14_near_wall,2,47,1.5040,-0.298493,0.288616,0.608724,-86.8077,-4.2754,67.676,69.422,0,0,0.000000,0.000000,0.000000,GOAL,0.000000,0.000000,0.000000,0,0.004551,0.017720,1.578886,1.435327
trial14_near_wall,2,48,1.5360,-0.298442,0.287654,0.607764,-86.8972,-4.1925,65.086,66.193,0,0,0.000000,0.000000,0.000000,GOAL,0.000000,0.000000,0.000000,0,0.004551,0.017720,1.565395,1.448865
trial14_near_wall,2,49,1.5680,-0.298392,0.286691,0.606803,-86.9697,-4.1265,65.674,67.522,0,0,0.000000,0.000000,0.000000,GOAL,0.000000,0.000000,0.000000,0,0.004551,0.017720,1.555276,1.459019
trial14_near_wall,2,50,1.6000,-0.298342,0.285729,0.605841,-87.0293,-4.0733,70.373,73.466,0,0,0.000000,0.000000,0.000000,GOAL,0.000000,0.000000,0.000000,0,0.004551,0.017720,1.547687,1.466634
trial14_near_wall,2,51,1.6320,-0.298294,0.284766,0.604880,-87.0794,-4.0295,70.082,70.685,0,0,0.000000,0.000000,0.000000,GOAL,0.000000,0.000000,0.000000,0,0.004551,0.017720,1.541995,1.472346
trial14_near_wall,2,52,1.6640,-0.298246,0.283804,0.603918,-87.1225,-3.9928,65.505,66.856,0,0,0.000000,0.000000,0.000000,GOAL,0.000000,0.000000,0.000000,0,0.004551,0.017720,1.537726,1.476629
trial14_near_wall,2,53,1.6960,-0.298198,0.282841,0.602956,-87.1602,-3.9613,66.244,64.796,0,0,0.000000,0.000000,0.000000,GOAL,0.000000,0.000000,0.000000,0,0.004551,0.017720,1.534525,1.479842
trial14_near_wall,2,54,1.7280,-0.298151,0.281878,0.601994,-87.1941,-3.9337,74.867,71.158,0,0,0.000000,0.000000,0.000000,GOAL,0.000000,0.000000,0.000000,0,0.004551,0.017720,1.532124,1.482251
trial14_near_wall,2,55,1.7600,-0.298105,0.280915,0.601032,-87.2251,-3.9089,69.387,66.432,0,0,0.000000,0.000000,0.000000,GOAL,0.000000,0.000000,0.000000,0,0.004551,0.017720,1.530323,1.484059
trial14_near_wall,2,56,1.7920,-0.298059,0.279952,0.600070,-87.2540,-3.8863,67.364,69.557,0,0,0.000000,0.000000,0.000000,GOAL,0.000000,0.000000,0.000000,0,0.004551,0.017720,1.528972,1.485414
trial14_near_wall,2,57,1.8240,-0.298013,0.278988,0.599108,-87.2812,-3.8652,69.281,70.858,0,0,0.000000,0.000000,0.000000,GOAL,0.000000,0.000000,0.000000,0,0.004551,0.017720,1.527959,1.486430
trial14_near_wall,2,58,1.8560,-0.297968,0.278025,0.598146,-87.3073,-3.8453,69.556,69.361,0,0,0.000000,0.000000,0.000000,GOAL,0.000000,0.000000,0.000000,0,0.004551,0.017720,1.527199,1.487193
trial14_near_wall,2,59,1.8880,-0.297923,0.277062,0.597184,-87.3326,-3.8262,68.861,74.863,0,0,0.000000,0.000000,0.000000,GOAL,0.000000,0.000000,0.000000,0,0.004551,0.017720,1.526629,1.487765
trial14_near_wall,2,60,1.9200,-0.297878,0.276098,0.596221,-87.3572,-3.8078,71.317,68.105,0,0,0.000000,0.000000,0.000000,GOAL,0.000000,0.000000,0.000000,0,0.004551,0.017720,1.526202,1.488193
trial14_near_wall,2,61,1.9520,-0.297834,0.275135,0.595259,-87.3814,-3.7897,63.431,66.209,0,0,0.000000,0.000000,0.000000,GOAL,0.000000,0.000000,0.000000,0,0.004551,0.017720,1.525882,1.488515
trial14_near_wall,2,62,1.9840,-0.297790,0.274171,0.594297,-87.4052,-3.7720,70.327,67.515,0,0,0.000000,0.000000,0.000000,GOAL,0.000000,0.000000,0.000000,0,0.004551,0.017720,1.525641,1.488756
trial14_near_wall,2,63,2.0160,-0.297747,0.273208,0.593334,-87.4288,-3.7545,68.276,68.607,0,0,0.000000,0.000000,0.000000,GOAL,0.000000,0.000000,0.000000,0,0.004551,0.017720,1.525461,1.488937
trial14_near_wall,2,64,2.0480,-0.297704,0.272244,0.592372,-87.4522,-3.7372,73.046,67.408,0,0,0.000000,0.000000,0.000000,GOAL,0.000000,0.000000,0.000000,0,0.004551,0.017720,1.525326,1.489073
trial14_near_wall,2,65,2.0800,-0.297661,0.271280,0.591409,-87.4755,-3.7199,73.949,68.519,0,0,0.000000,0.000000,0.000000,GOAL,0.000000,0.000000,0.000000,0,0.004551,0.017720,1.525224,1.489175
trial14_near_wall,2,66,2.1120,-0.297619,0.270317,0.590447,-87.4988,-3.7028,69.183,64.896,0,0,0.000000,0.000000,0.000000,GOAL,0.000000,0.000000,0.000000,0,0.004551,0.017720,1.525148,1.489251
trial14_near_wall,2,67,2.1440,-0.297577,0.269353,0.589484,-87.5219,-3.6857,72.206,64.094,0,0,0.000000,0.000000,0.000000,GOAL,0.000000,0.000000,0.000000,0,0.004551,0.017720,1.525091,1.489308
trial14_near_wall,2,68,2.1760,-0.297535,0.268389,0.588521,-87.5450,-3.6686,68.123,64.850,0,0,0.000000,0.000000,0.000000,GOAL,0.000000,0.000000,0.000000,0,0.004551,0.017720,1.525048,1.489351
trial14_near_wall,2,69,2.2080,-0.297494,0.267426,0.587559,-87.5681,-3.6515,67.160,69.026,0,0,0.000000,0.000000,0.000000,GOAL,0.000000,0.000000,0.000000,0,0.004551,0.017720,1.525016,1.489383
trial14_near_wall,2,70,2.2400,-0.297453,0.266462,0.586596,-87.5911,-3.6345,67.419,62.813,0,0,0.000000,0.000000,0.000000,GOAL,0.000000,0.000000,0.000000,0,0.004551,0.017720,1.524992,1.489408
trial14_near_wall,2,71,2.2720,-0.297413,0.265498,0.585633,-87.6142,-3.6174,67.912,67.752,0,0,0.000000,0.000000,0.000000,GOAL,0.000000,0.000000,0.000000,0,0.004551,0.017720,1.524974,1.489426
trial14_near_wall,2,72,2.3040,-0.297373,0.264534,0.584671,-87.6372,-3.6003,69.309,69.810,0,0,0.000000,0.000000,0.000000,GOAL,0.000000,0.000000,0.000000,0,0.004551,0.017720,1.524961,1.489439
trial14_near_wall,2,73,2.3360,-0.297334,0.263571,0.583708,-87.6602,-3.5832,67.969,67.352,0,0,0.000000,0.000000,0.000000,GOAL,0.000000,0.000000,0.000000,0,0.004551,0.017720,1.524950,1.489449
trial14_near_wall,2,74,2.3680,-0.297294,0.262607,0.582745,-87.6832,-3.5661,67.934,67.160,0,0,0.000000,0.000000,0.000000,GOAL,0.000000,0.000000,0.000000,0,0.004551,0.017720,1.524943,1.489457
trial14_near_wall,2,75,2.4000,-0.297256,0.261643,0.581783,-87.7062,-3.5490,74.753,67.948,0,0,0.000000,0.000000,0.000000,GOAL,0.000000,0.000000,0.000000,0,0.004551,0.017720,1.524937,1.489463
trial14_near_wall,2,76,2.4320,-0.297217,0.260679,0.580820,-87.7292,-3.5319,68.108,66.792,0,0,0.000000,0.000000,0.000000,GOAL,0.000000,0.000000,0.000000,0,0.004551,0.017720,1.524933,1.489467
trial14_near_wall,2,77,2.4640,-0.297179,0.259715,0.579857,-87.7523,-3.5147,69.900,65.660,0,0,0.000000,0.000000,0.000000,GOAL,0.000000,0.000000,0.000000,0,0.004551,0.017720,1.524930,1.489470
trial14_near_wall,2,78,2.4960,-0.297141,0.258751,0.578894,-87.7753,-3.4975,67.254,73.480,0,0,0.000000,0.000000,0.000000,GOAL,0.000000,0.000000,0.000000,0,0.004551,0.017720,1.524927,1.489473
trial14_near_wall,2,79,2.5280,-0.297104,0.257788,0.577931,-87.7983,-3.4803,71.075,70.604,0,0,0.000000,0.000000,0.000000,GOAL,0.000000,0.000000,0.000000,0,0.004551,0.017720,1.524925,1.489475
trial14_near_wall,2,80,2.5600,-0.297067,0.256824,0.576969,-87.8213,-3.4631,71.574,68.932,0,0,0.000000,0.000000,0.000000,GOAL,0.000000,0.000000,0.000000,0,0.004551,0.017720,1.524924,1.489476
trial14_near_wall,2,81,2.5920,-0.297031,0.255860,0.576006,-87.8443,-3.4459,68.778,71.276,0,0,0.000000,0.000000,0.000000,GOAL,0.000000,0.000000,0.000000,0,0.004551,0.017720,1.524923,1.489477
trial14_near_wall,2,82,2.6240,-0.296995,0.254896,0.575043,-87.8673,-3.4286,68.560,74.034,0,0,0.000000,0.000000,0.000000,GOAL,0.000000,0.000000,0.000000,0,0.004551,0.017720,1.524922,1.489478
trial14_near_wall,2,83,2.6560,-0.296959,0.253932,0.574080,-87.8903,-3.4114,68.066,68.419,0,0,0.000000,0.000000,0.000000,GOAL,0.000000,0.000000,0.000000,0,0.004551,0.017720,1.524922,1.489478
trial14_near_wall,2,84,2.6880,-0.296924,0.252968,0.573117,-87.9133,-3.3941,66.073,70.386,0,0,0.000000,0.000000,0.000000,GOAL,0.000000,0.000000,0.000000,0,0.004551,0.017720,1.524921,1.489479
trial14_near_wall,2,85,2.7200,-0.296889,0.252004,0.572154,-87.9363,-3.3768,67.543,72.729,0,0,0.000000,0.000000,0.000000,GOAL,0.000000,0.000000,0.000000,0,0.004551,0.017720,1.524921,1.489479
trial14_near_wall,2,86,2.7520,-0.296854,0.251040,0.571191,-87.9593,-3.3594,66.663,69.312,0,0,0.000000,0.000000,0.000000,GOAL,0.000000,0.000000,0.000000,0,0.004551,0.017720,1.524921,1.489479
trial14_near_wall,2,87,2.7840,-0.296820,0.250076,0.570228,-87.9823,-3.3421,70.895,72.914,0,0,0.000000,0.000000,0.000000,GOAL,0.000000,0.000000,0.000000,0,0.004551,0.017720,1.524921,1.489479
trial14_near_wall,2,88,2.8160,-0.296786,0.249112,0.569265,-88.0054,-3.3247,70.362,68.779,0,0,0.000000,0.000000,0.000000,GOAL,0.000000,0.000000,0.000000,0,0.004551,0.017720,1.524920,1.489480
trial14_near_wall,2,89,2.8480,-0.296753,0.248148,0.568302,-88.0284,-3.3073,72.068,70.494,0,0,0.000000,0.000000,0.000000,GOAL,0.000000,0.000000,0.000000,0,0.004551,0.017720,1.524920,1.489480
trial14_near_wall,2,90,2.8800,-0.296720,0.247184,0.567339,-88.0514,-3.2899,71.632,64.898,0,0,0.000000,0.000000,0.000000,GOAL,0.000000,0.000000,0.000000,0,0.004551,0.017720,1.524920,1.489480
trial14_near_wall,2,91,2.9120,-0.296687,0.246220,0.566376,-88.0744,-3.2725,69.372,67.075,0,0,0.000000,0.000000,0.000000,GOAL,0.000000,0.000000,0.000000,0,0.004551,0.017720,1.524920,1.489480
trial14_near_wall,2,92,2.9440,-0.296655,0.245256,0.565413,-88.0974,-3.2550,70.455,67.161,0,0,0.000000,0.000000,0.000000,GOAL,0.000000,0.000000,0.000000,0,0.004551,0.017720,1.524920,1.489480
trial14_near_wall,2,93,2.9760,-0.296623,0.244292,0.564450,-88.1204,-3.2376,70.151,66.923,0,0,0.000000,0.000000,0.000000,GOAL,0.000000,0.000000,0.000000,0,0.004551,0.017720,1.524920,1.489480
trial14_near_wall,2,94,3.0080,-0.296592,0.243328,0.563487,-88.1434,-3.2201,69.600,60.979,0,0,0.000000,0.000000,0.000000,GOAL,0.000000,0.000000,0.000000,0,0.004551,0.017720,1.524920,1.489480
trial14_near_wall,2,95,3.0400,-0.296561,0.242363,0.562524,-88.1664,-3.2026,73.180,72.920,0,0,0.000000,0.000000,0.000000,GOAL,0.000000,0.000000,0.000000,0,0.004551,0.017720,1.524920,1.489480
trial14_near_wall,2,96,3.0720,-0.296530,0.241399,0.561561,-88.1895,-3.1850,71.801,75.000,0,0,0.000000,0.000000,0.000000,GOAL,0.000000,0.000000,0.000000,0,0.004551,0.017720,1.524920,1.489480
trial14_near_wall,2,97,3.1040,-0.296500,0.240435,0.560598,-88.2125,-3.1675,69.375,69.217,0,0,0.000000,0.000000,0.000000,GOAL,0.000000,0.000000,0.000000,0,0.004551,0.017720,1.524920,1.489480
trial14_near_wall,2,98,3.1360,-0.296470,0.239471,0.559635,-88.2355,-3.1499,67.670,66.679,0,0,0.000000,0.000000,0.000000,GOAL,0.000000,0.000000,0.000000,0,0.004551,0.017720,1.524920,1.489480
trial14_near_wall,2,99,3.1680,-0.296440,0.238507,0.558671,-88.2585,-3.1323,70.847,72.903,0,0,0.000000,0.000000,0.000000,GOAL,0.000000,0.000000,0.000000,0,0.004551,0.017720,1.524920,1.489480
trial14_near_wall,2,100,3.2000,-0.296411,0.237543,0.557708,-88.2815,-3.1147,70.937,67.311,0,0,0.000000,0.000000,0.000000,GOAL,0.000000,0.000000,0.000000,0,0.004551,0.017720,1.524920,1.489480
trial14_near_wall,2,101,3.2320,-0.296382,0.236579,0.556745,-88.3045,-3.0971,66.455,66.467,0,0,0.000000,0.000000,0.000000,GOAL,0.000000,0.000000,0.000000,0,0.004551,0.017720,1.524920,1.489480
trial14_near_wall,2,102,3.2640,-0.296354,0.235614,0.555782,-88.3275,-3.0794,68.452,68.220,0,0,0.000000,0.000000,0.000000,GOAL,0.000000,0.000000,0.000000,0,0.004551,0.017720,1.524920,1.489480
trial14_near_wall,2,103,3.2960,-0.296326,0.234650,0.554819,-88.3505,-3.0617,74.787,67.617,0,0,0.000000,0.000000,0.000000,GOAL,0.000000,0.000000,0.000000,0,0.004551,0.017720,1.524920,1.489480
trial14_near_wall,2,104,3.3280,-0.296298,0.233686,0.553855,-88.3735,-3.0440,71.259,65.514,0,0,0.000000,0.000000,0.000000,GOAL,0.000000,0.000000,0.000000,0,0.004551,0.017720,1.524920,1.489480
trial14_near_wall,2,105,3.3600,-0.296271,0.232722,0.552892,-88.3965,-3.0263,69.476,69.128,0,0,0.000000,0.000000,0.000000,GOAL,0.000000,0.000000,0.000000,0,0.004551,0.017720,1.524920,1.489480
trial14_near_wall,2,106,3.3920,-0.296244,0.231757,0.551929,-88.4196,-3.0086,71.310,64.266,0,0,0.000000,0.000000,0.000000,GOAL,0.000000,0.000000,0.000000,0,0.004551,0.017720,1.524920,1.489480
trial14_near_wall,2,107,3.4240,-0.296218,0.230793,0.550966,-88.4426,-2.9908,69.206,70.337,0,0,0.000000,0.000000,0.000000,GOAL,0.000000,0.000000,0.000000,0,0.004551,0.017720,1.524920,1.489480
trial14_near_wall,2,108,3.4560,-0.296192,0.229829,0.550002,-88.4656,-2.9730,66.145,74.446,0,0,0.000000,0.000000,0.000000,GOAL,0.000000,0.000000,0.000000,0,0.004551,0.017720,1.524920,1.489480
trial14_near_wall,2,109,3.4880,-0.296166,0.228865,0.549039,-88.4886,-2.9552,67.792,71.875,0,0,0.000000,0.000000,0.000000,GOAL,0.000000,0.000000,0.000000,0,0.004551,0.017720,1.524920,1.489480
trial14_near_wall,2,110,3.5200,-0.296141,0.227900,0.548076,-88.5116,-2.9374,67.431,69.099,0,0,0.000000,0.000000,0.000000,GOAL,0.000000,0.000000,0.000000,0,0.004551,0.017720,1.524920,1.489480
trial14_near_wall,2,111,3.5520,-0.296116,0.226936,0.547112,-88.5346,-2.9195,71.606,71.061,0,0,0.000000,0.000000,0.000000,GOAL,0.000000,0.000000,0.000000,0,0.004551,0.017720,1.524920,1.489480
trial14_near_wall,2,112,3.5840,-0.296092,0.225972,0.546149,-88.5576,-2.9017,65.861,66.480,0,0,0.000000,0.000000,0.000000,GOAL,0.000000,0.000000,0.000000,0,0.004551,0.017720,1.524920,1.489480
trial14_near_wall,2,113,3.6160,-0.296068,0.225007,0.545186,-88.5806,-2.8838,67.491,66.024,0,0,0.000000,0.000000,0.000000,GOAL,0.000000,0.000000,0.000000,0,0.004551,0.017720,1.524920,1.489480
trial14_near_wall,2,114,3.6480,-0.296044,0.224043,0.544222,-88.6036,-2.8658,70.242,69.445,0,0,0.000000,0.000000,0.000000,GOAL,0.000000,0.000000,0.000000,0,0.004551,0.017720,1.524920,1.489480
trial14_near_wall,2,115,3.6800,-0.296021,0.223079,0.543259,-88.6266,-2.8479,67.143,69.179,0,0,0.000000,0.000000,0.000000,GOAL,0.000000,0.000000,0.000000,0,0.004551,0.017720,1.524920,1.489480
trial14_near_wall,2,116,3.7120,-0.295998,0.222115,0.542295,-88.6496,-2.8299,66.048,67.810,0,0,0.000000,0.000000,0.000000,GOAL,0.000000,0.000000,0.000000,0,0.004551,0.017720,1.524920,1.489480
trial14_near_wall,2,117,3.7440,-0.295975,0.221150,0.541332,-88.6727,-2.8119,68.981,68.052,0,0,0.000000,0.000000,0.000000,GOAL,0.000000,0.000000,0.000000,0,0.004551,0.017720,1.524920,1.489480
trial14_near_wall,2,118,3.7760,-0.295953,0.220186,0.540368,-88.6957,-2.7939,67.888,72.107,0,0,0.000000,0.000000,0.000000,GOAL,0.000000,0.000000,0.000000,0,0.004551,0.017720,1.524920,1.489480
trial14_near_wall,2,119,3.8080,-0.295931,0.219221,0.539405,-88.7187,-2.7759,69.570,68.254,0,0,0.000000,0.000000,0.000000,GOAL,0.000000,0.000000,0.000000,0,0.004551,0.017720,1.524920,1.489480
trial14_near_wall,2,120,3.8400,-0.295910,0.218257,0.538441,-88.7417,-2.7578,71.318,68.872,0,0,0.000000,0.000000,0.000000,GOAL,0.000000,0.000000,0.000000,0,0.004551,0.017720,1.524920,1.489480
trial14_near_wall,2,121,3.8720,-0.295889,0.217293,0.537478,-88.7647,-2.7398,65.915,66.231,0,0,0.000000,0.000000,0.000000,GOAL,0.000000,0.000000,0.000000,0,0.004551,0.017720,1.524920,1.489480
trial14_near_wall,2,122,3.9040,-0.295868,0.216328,0.536514,-88.7877,-2.7217,73.006,70.871,0,0,0.000000,0.000000,0.000000,GOAL,0.000000,0.000000,0.000000,0,0.004551,0.017720,1.524920,1.489480
trial14_near_wall,2,123,3.9360,-0.295848,0.215364,0.535551,-88.8107,-2.7035,73.551,67.720,0,0,0.000000,0.000000,0.000000,GOAL,0.000000,0.000000,0.000000,0,0.004551,0.017720,1.524920,1.489480
trial14_near_wall,2,124,3.9680,-0.295828,0.214400,0.534587,-88.8337,-2.6854,64.304,65.610,0,0,0.000000,0.000000,0.000000,GOAL,0.000000,0.000000,0.000000,0,0.004551,0.017720,1.524920,1.489480
trial14_near_wall,2,125,4.0000,-0.295809,0.213435,0.533624,-88.8567,-2.6672,64.909,70.498,0,0,0.000000,0.000000,0.000000,GOAL,0.000000,0.000000,0.000000,0,0.004551,0.017720,1.524920,1.489480
trial14_near_wall,2,126,4.0320,-0.295790,0.212471,0.532660,-88.8797,-2.6490,69.732,68.247,0,0,0.000000,0.000000,0.000000,GOAL,0.000000,0.000000,0.000000,0,0.004551,0.017720,1.524920,1.489480
trial14_near_wall,2,127,4.0640,-0.295771,0.211506,0.531697,-88.9027,-2.6308,67.992,72.135,0,0,0.000000,0.000000,0.000000,GOAL,0.000000,0.000000,0.000000,0,0.004551,0.017720,1.524920,1.489480
trial14_near_wall,2,128,4.0960,-0.295753,0.210542,0.530733,-88.9258,-2.6125,69.144,72.214,0,0,0.000000,0.000000,0.000000,GOAL,0.000000,0.000000,0.000000,0,0.004551,0.017720,1.524920,1.489480
trial14_near_wall,2,129,4.1280,-0.295735,0.209577,0.529769,-88.9488,-2.5943,69.026,72.746,0,0,0.000000,0.000000,0.000000,GOAL,0.000000,0.000000,0.000000,0,0.004551,0.017720,1.524920,1.489480
trial14_near_wall,2,130,4.1600,-0.295717,0.208613,0.528806,-88.9718,-2.5760,68.770,75.068,0,0,0.000000,0.000000,0.000000,GOAL,0.000000,0.000000,0.000000,0,0.004551,0.017720,1.524920,1.489480
trial14_near_wall,2,131,4.1920,-0.295700,0.207648,0.527842,-88.9948,-2.5576,70.401,68.569,0,0,0.000000,0.000000,0.000000,GOAL,0.000000,0.000000,0.000000,0,0.004551,0.017720,1.524920,1.489480
trial14_near_wall,2,132,4.2240,-0.295683,0.206684,0.526879,-89.0178,-2.5393,67.757,66.751,0,0,0.000000,0.000000,0.000000,GOAL,0.000000,0.000000,0.000000,0,0.004551,0.017720,1.524920,1.489480
trial14_near_wall,2,133,4.2560,-0.295667,0.205720,0.525915,-89.0408,-2.5209,67.160,67.330,0,0,0.000000,0.000000,0.000000,GOAL,0.000000,0.000000,0.000000,0,0.004551,0.017720,1.524920,1.489480
trial14_near_wall,2,134,4.2880,-0.295651,0.204755,0.524951,-89.0638,-2.5025,70.423,66.715,0,0,0.000000,0.000000,0.000000,GOAL,0.000000,0.000000,0.000000,0,0.004551,0.017720,1.524920,1.489480
trial14_near_wall,2,135,4.3200,-0.295635,0.203791,0.523988,-89.0868,-2.4841,69.426,69.995,0,0,0.000000,0.000000,0.000000,GOAL,0.000000,0.000000,0.000000,0,0.004551,0.017720,1.524920,1.489480
trial14_near_wall,2,136,4.3520,-0.295620,0.202826,0.523024,-89.1098,-2.4657,70.632,71.654,0,0,0.000000,0.000000,0.000000,GOAL,0.000000,0.000000,0.000000,0,0.004551,0.017720,1.524920,1.489480
trial14_near_wall,2,137,4.3840,-0.295605,0.201862,0.522060,-89.1328,-2.4472,64.204,73.430,0,0,0.000000,0.000000,0.000000,GOAL,0.000000,0.000000,0.000000,0,0.004551,0.017720,1.524920,1.489480
trial14_near_wall,2,138,4.4160,-0.295591,0.200897,0.521096,-89.1558,-2.4287,71.369,66.827,0,0,0.000000,0.000000,0.000000,GOAL,0.000000,0.000000,0.000000,0,0.004551,0.017720,1.524920,1.489480
trial14_near_wall,2,139,4.4480,-0.295577,0.199933,0.520133,-89.1788,-2.4102,71.314,66.532,0,0,0.000000,0.000000,0.000000,GOAL,0.000000,0.000000,0.000000,0,0.004551,0.017720,1.524920,1.489480
trial14_near_wall,2,140,4.4800,-0.295563,0.198968,0.519169,-89.2019,-2.3916,66.673,67.481,0,0,0.000000,0.000000,0.000000,GOAL,0.000000,0.000000,0.000000,0,0.004551,0.017720,1.524920,1.489480
trial14_near_wall,2,141,4.5120,-0.295550,0.198004,0.518205,-89.2249,-2.3730,65.595,68.559,0,0,0.000000,0.000000,0.000000,GOAL,0.000000,0.000000,0.000000,0,0.004551,0.017720,1.524920,1.489480
trial14_near_wall,2,142,4.5440,-0.295537,0.197039,0.517241,-89.2479,-2.3544,69.126,66.370,0,0,0.000000,0.000000,0.000000,GOAL,0.000000,0.000000,0.000000,0,0.004551,0.017720,1.524920,1.489480
trial14_near_wall,2,143,4.5760,-0.295525,0.196075,0.516277,-89.2709,-2.3358,64.105,65.676,0,0,0.000000,0.000000,0.000000,GOAL,0.000000,0.000000,0.000000,0,0.004551,0.017720,1.524920,1.489480
trial14_near_wall,2,144,4.6080,-0.295513,0.195110,0.515314,-89.2939,-2.3171,68.517,72.000,0,0,0.000000,0.000000,0.000000,GOAL,0.000000,0.000000,0.000000,0,0.004551,0.017720,1.524920,1.489480
trial14_near_wall,2,145,4.6400,-0.295501,0.194145,0.514350,-89.3169,-2.2984,67.350,68.003,0,0,0.000000,0.000000,0.000000,GOAL,0.000000,0.000000,0.000000,0,0.004551,0.017720,1.524920,1.489480
trial14_near_wall,2,146,4.6720,-0.295490,0.193181,0.513386,-89.3399,-2.2797,68.254,70.325,0,0,0.000000,0.000000,0.000000,GOAL,0.000000,0.000000,0.000000,0,0.004551,0.017720,1.524920,1.489480
trial14_near_wall,2,147,4.7040,-0.295479,0.192216,0.512422,-89.3629,-2.2610,72.900,67.372,0,0,0.000000,0.000000,0.000000,GOAL,0.000000,0.000000,0.000000,0,0.004551,0.017720,1.524920,1.489480
trial14_near_wall,2,148,4.7360,-0.295468,0.191252,0.511458,-89.3859,-2.2422,71.107,72.076,0,0,0.000000,0.000000,0.000000,GOAL,0.000000,0.000000,0.000000,0,0.004551,0.017720,1.524920,1.489480
trial14_near_wall,2,149,4.7680,-0.295458,0.190287,0.510494,-89.4089,-2.2234,65.806,67.096,0,0,0.000000,0.000000,0.000000,GOAL,0.000000,0.000000,0.000000,0,0.004551,0.017720,1.524920,1.489480
trial14_near_wall,2,150,4.8000,-0.295448,0.189323,0.509531,-89.4319,-2.2046,65.366,69.063,0,0,0.000000,0.000000,0.000000,GOAL,0.000000,0.000000,0.000000,0,0.004551,0.017720,1.524920,1.489480
trial14_near_wall,2,151,4.8320,-0.295439,0.188358,0.508567,-89.4549,-2.1858,69.367,69.170,0,0,0.000000,0.000000,0.000000,GOAL,0.000000,0.000000,0.000000,0,0.004551,0.017720,1.524920,1.489480
trial14_near_wall,2,152,4.8640,-0.295430,0.187394,0.507603,-89.4779,-2.1669,68.640,64.823,0,0,0.000000,0.000000,0.000000,GOAL,0.000000,0.000000,0.000000,0,0.004551,0.017720,1.524920,1.489480
trial14_near_wall,2,153,4.8960,-0.295421,0.186429,0.506639,-89.5010,-2.1480,69.655,69.026,0,0,0.000000,0.000000,0.000000,GOAL,0.000000,0.000000,0.000000,0,0.004551,0.017720,1.524920,1.489480
trial14_near_wall,2,154,4.9280,-0.295413,0.185464,0.505675,-89.5240,-2.1291,70.162,71.877,0,0,0.000000,0.000000,0.000000,GOAL,0.000000,0.000000,0.000000,0,0.004551,0.017720,1.524920,1.489480
trial14_near_wall,2,155,4.9600,-0.295405,0.184500,0.504711,-89.5470,-2.1101,70.888,72.702,0,0,0.000000,0.000000,0.000000,GOAL,0.000000,0.000000,0.000000,0,0.004551,0.017720,1.524920,1.489480
trial14_near_wall,2,156,4.9920,-0.295398,0.183535,0.503747,-89.5700,-2.0911,66.987,68.729,0,0,0.000000,0.000000,0.000000,GOAL,0.000000,0.000000,0.000000,0,0.004551,0.017720,1.524920,1.489480
trial14_near_wall,2,157,5.0240,-0.295391,0.182571,0.502783,-89.5930,-2.0721,66.360,72.077,0,0,0.000000,0.000000,0.000000,GOAL,0.000000,0.000000,0.000000,0,0.004551,0.017720,1.524920,1.489480
trial14_near_wall,2,158,5.0560,-0.295384,0.181606,0.501819,-89.6160,-2.0530,68.709,66.932,0,0,0.000000,0.000000,0.000000,GOAL,0.000000,0.000000,0.000000,0,0.004551,0.017720,1.524920,1.489480
trial14_near_wall,2,159,5.0880,-0.295378,0.180642,0.500855,-89.6390,-2.0340,70.579,68.451,0,0,0.000000,0.000000,0.000000,GOAL,0.000000,0.000000,0.000000,0,0.004551,0.017720,1.524920,1.489480
trial14_near_wall,2,160,5.1200,-0.295372,0.179677,0.499891,-89.6620,-2.0149,70.275,68.628,0,0,0.000000,0.000000,0.000000,GOAL,0.000000,0.000000,0.000000,0,0.004551,0.017720,1.524920,1.489480
trial14_near_wall,2,161,5.1520,-0.295366,0.178712,0.498927,-89.6850,-1.9957,73.464,66.901,0,0,0.000000,0.000000,0.000000,GOAL,0.000000,0.000000,0.000000,0,0.004551,0.017720,1.524920,1.489480
trial14_near_wall,2,162,5.1840,-0.295361,0.177748,0.497963,-89.7080,-1.9766,73.891,70.731,0,0,0.000000,0.000000,0.000000,GOAL,0.000000,0.000000,0.000000,0,0.004551,0.017720,1.524920,1.489480
trial14_near_wall,2,163,5.2160,-0.295356,0.176783,0.496999,-89.7310,-1.9574,67.217,67.748,0,0,0.000000,0.000000,0.000000,GOAL,0.000000,0.000000,0.000000,0,0.004551,0.017720,1.524920,1.489480
trial14_near_wall,2,164,5.2480,-0.295352,0.175819,0.496035,-89.7540,-1.9382,66.857,68.728,0,0,0.000000,0.000000,0.000000,GOAL,0.000000,0.000000,0.000000,0,0.004551,0.017720,1.524920,1.489480
trial14_near_wall,2,165,5.2800,-0.295348,0.174854,0.495071,-89.7770,-1.9189,66.060,68.375,0,0,0.000000,0.000000,0.000000,GOAL,0.000000,0.000000,0.000000,0,0.004551,0.017720,1.524920,1.489480
trial14_near_wall,2,166,5.3120,-0.295345,0.173889,0.494107,-89.8001,-1.8996,69.909,72.439,0,0,0.000000,0.000000,0.000000,GOAL,0.000000,0.000000,0.000000,0,0.004551,0.017720,1.524920,1.489480
trial14_near_wall,2,167,5.3440,-0.295341,0.172925,0.493143,-89.8231,-1.8803,70.531,67.644,0,0,0.000000,0.000000,0.000000,GOAL,0.000000,0.000000,0.000000,0,0.004551,0.017720,1.524920,1.489480
trial14_near_wall,2,168,5.3760,-0.295339,0.171960,0.492179,-89.8461,-1.8610,64.101,71.432,0,0,0.000000,0.000000,0.000000,GOAL,0.000000,0.000000,0.000000,0,0.004551,0.017720,1.524920,1.489480
trial14_near_wall,2,169,5.4080,-0.295336,0.170996,0.491214,-89.8691,-1.8416,65.060,66.980,0,0,0.000000,0.000000,0.000000,GOAL,0.000000,0.000000,0.000000,0,0.004551,0.017720,1.524920,1.489480
trial14_near_wall,2,170,5.4400,-0.295334,0.170031,0.490250,-89.8921,-1.8222,66.175,68.025,0,0,0.000000,0.000000,0.000000,GOAL,0.000000,0.000000,0.000000,0,0.004551,0.017720,1.524920,1.489480
trial14_near_wall,2,171,5.4720,-0.295333,0.169066,0.489286,-89.9151,-1.8027,70.438,73.441,0,0,0.000000,0.000000,0.000000,GOAL,0.000000,0.000000,0.000000,0,0.004551,0.017720,1.524920,1.489480
trial14_near_wall,2,172,5.5040,-0.295331,0.168102,0.488322,-89.9381,-1.7833,72.563,69.452,0,0,0.000000,0.000000,0.000000,GOAL,0.000000,0.000000,0.000000,0,0.004551,0.017720,1.524920,1.489480
trial14_near_wall,2,173,5.5360,-0.295330,0.167137,0.487358,-89.9611,-1.7638,70.903,65.615,0,0,0.000000,0.000000,0.000000,GOAL,0.000000,0.000000,0.000000,0,0.004551,0.017720,1.524920,1.489480
trial14_near_wall,2,174,5.5680,-0.295330,0.166172,0.486394,-89.9841,-1.7442,66.819,70.755,0,0,0.000000,0.000000,0.000000,GOAL,0.000000,0.000000,0.000000,0,0.004551,0.017720,1.524920,1.489480
trial14_near_wall,2,175,5.6000,-0.295330,0.165208,0.485430,-90.0071,-1.7247,70.346,69.797,0,0,0.000000,0.000000,0.000000,GOAL,0.000000,0.000000,0.000000,0,0.004551,0.017720,1.524920,1.489480
trial14_near_wall,2,176,5.6320,-0.295330,0.164243,0.484465,-90.0301,-1.7051,65.418,67.191,0,0,0.000000,0.000000,0.000000,GOAL,0.000000,0.000000,0.000000,0,0.004551,0.017720,1.524920,1.489480
trial14_near_wall,2,177,5.6640,-0.295331,0.163279,0.483501,-90.0531,-1.6854,72.704,72.812,0,0,0.000000,0.000000,0.000000,GOAL,0.000000,0.000000,0.000000,0,0.004551,0.017720,1.524920,1.489480
trial14_near_wall,2,178,5.6960,-0.295332,0.162314,0.482537,-90.0761,-1.6658,71.580,64.648,0,0,0.000000,0.000000,0.000000,GOAL,0.000000,0.000000,0.000000,0,0.004551,0.017720,1.524920,1.489480
trial14_near_wall,2,179,5.7280,-0.295333,0.161349,0.481573,-90.0992,-1.6461,72.159,70.508,0,0,0.000000,0.000000,0.000000,GOAL,0.000000,0.000000,0.000000,0,0.004551,0.017720,1.524920,1.489480
trial14_near_wall,2,180,5.7600,-0.295335,0.160385,0.480609,-90.1222,-1.6264,68.246,64.653,0,0,0.000000,0.000000,0.000000,GOAL,0.000000,0.000000,0.000000,0,0.004551,0.017720,1.524920,1.489480
trial14_near_wall,2,181,5.7920,-0.295337,0.159420,0.479644,-90.1452,-1.6066,72.218,71.797,0,0,0.000000,0.000000,0.000000,GOAL,0.000000,0.000000,0.000000,0,0.004551,0.017720,1.524920,1.489480
trial14_near_wall,2,182,5.8240,-0.295340,0.158456,0.478680,-90.1682,-1.5868,68.663,69.842,0,0,0.000000,0.000000,0.000000,GOAL,0.000000,0.000000,0.000000,0,0.004551,0.017720,1.524920,1.489480
trial14_near_wall,2,183,5.8560,-0.295343,0.157491,0.477716,-90.1912,-1.5670,70.809,71.929,0,0,0.000000,0.000000,0.000000,GOAL,0.000000,0.000000,0.000000,0,0.004551,0.017720,1.524920,1.489480
trial14_near_wall,2,184,5.8880,-0.295347,0.156526,0.476752,-90.2142,-1.5471,71.786,70.735,0,0,0.000000,0.000000,0.000000,GOAL,0.000000,0.000000,0.000000,0,0.004551,0.017720,1.524920,1.489480
trial14_near_wall,2,185,5.9200,-0.295350,0.155562,0.475787,-90.2372,-1.5272,70.535,65.973,0,0,0.000000,0.000000,0.000000,GOAL,0.000000,0.000000,0.000000,0,0.004551,0.017720,1.524920,1.489480
trial14_near_wall,2,186,5.9520,-0.295354,0.154597,0.474823,-90.2602,-1.5073,67.609,69.956,0,0,0.000000,0.000000,0.000000,GOAL,0.000000,0.000000,0.000000,0,0.004551,0.017720,1.524920,1.489480
trial14_near_wall,2,187,5.9840,-0.295359,0.153633,0.473859,-90.2832,-1.4874,64.777,76.119,0,0,0.000000,0.000000,0.000000,GOAL,0.000000,0.000000,0.000000,0,0.004551,0.017720,1.524920,1.489480
trial14_near_wall,2,188,6.0160,-0.295364,0.152668,0.472895,-90.3062,-1.4674,70.252,75.318,0,0,0.000000,0.000000,0.000000,GOAL,0.000000,0.000000,0.000000,0,0.004551,0.017720,1.524920,1.489480
trial14_near_wall,2,189,6.0480,-0.295369,0.151703,0.471930,-90.3292,-1.4473,74.640,85.613,0,0,0.000000,0.000000,0.000000,GOAL,-0.009848,-0.002462,0.000000,0,0.004551,0.017720,1.524920,1.489480
trial14_near_wall,2,190,6.0800,-0.295375,0.150739,0.470966,-90.3522,-1.4273,68.694,89.826,0,0,0.000000,0.000000,0.000000,GOAL,-0.017238,-0.006156,0.000000,0,0.004551,0.017720,1.524920,1.489480
trial14_near_wall,2,191,6.1120,-0.295381,0.149774,0.470002,-90.3752,-1.4072,68.935,94.396,0,0,0.000000,0.000000,0.000000,GOAL,-0.025256,-0.010931,0.000000,0,0.004551,0.017720,1.524920,1.489480
trial14_near_wall,2,192,6.1440,-0.295388,0.148810,0.469037,-90.3982,-1.3870,63.338,99.348,0,0,0.000000,0.000000,0.000000,GOAL,-0.033943,-0.016684,0.000000,0,0.004551,0.017720,1.524920,1.489480
trial14_near_wall,2,193,6.1760,-0.295395,0.147845,0.468073,-90.4213,-1.3669,64.457,99.258,0,0,0.000000,0.000000,0.000000,GOAL,-0.033787,-0.020960,0.000000,0,0.004551,0.017720,1.524920,1.489480
trial14_near_wall,2,194,6.2080,-0.295402,0.146880,0.467109,-90.4443,-1.3466,68.809,105.343,0,0,0.000000,0.000000,0.000000,GOAL,-0.044462,-0.026835,0.000000,0,0.004551,0.017720,1.524920,1.489480
trial14_near_wall,2,195,6.2400,-0.295410,0.145916,0.466144,-90.4673,-1.3264,71.626,98.693,0,0,0.000000,0.000000,0.000000,GOAL,-0.032796,-0.028325,0.000000,0,0.004551,0.017720,1.524920,1.489480
trial14_near_wall,2,196,6.2720,-0.295418,0.144951,0.465180,-90.4903,-1.3061,70.031,98.271,0,0,0.000000,0.000000,0.000000,GOAL,-0.032054,-0.029258,0.000000,0,0.004551,0.017720,1.524920,1.489480
trial14_near_wall,2,197,6.3040,-0.295426,0.143987,0.464216,-90.5133,-1.2858,67.194,107.296,0,0,0.000000,0.000000,0.000000,GOAL,-0.047888,-0.033915,0.000000,0,0.004551,0.017720,1.524920,1.489480
trial14_near_wall,2,198,6.3360,-0.295435,0.143022,0.463251,-90.5363,-1.2654,68.164,106.197,0,0,0.000000,0.000000,0.000000,GOAL,-0.045959,-0.036926,0.000000,0,0.004551,0.017720,1.524920,1.489480
trial14_near_wall,2,199,6.3680,-0.295444,0.142058,0.462287,-90.5593,-1.2451,115.125,117.194,0,0,0.000000,0.000000,0.000000,GOAL,-0.003630,-0.028602,0.000000,0,0.004551,0.017720,1.524920,1.489480
trial14_near_wall,2,200,6.4000,-0.295454,0.141093,0.461322,-90.5823,-1.2246,119.176,118.612,0,0,0.000000,0.000000,0.000000,GOAL,0.000990,-0.021204,0.000000,0,0.004551,0.017720,1.524920,1.489480
trial14_near_wall,2,201,6.4320,-0.295464,0.140129,0.460358,-90.6053,-1.2042,126.211,110.818,0,0,0.000000,0.000000,0.000000,GOAL,0.027005,-0.009152,0.000000,0,0.004551,0.017720,1.524920,1.489480
trial14_near_wall,2,202,6.4640,-0.295474,0.139164,0.459394,-90.6283,-1.1837,111.088,123.104,0,0,0.000000,0.000000,0.000000,GOAL,-0.021080,-0.012134,0.000000,0,0.004551,0.017720,1.524920,1.489480
trial14_near_wall,2,203,6.4960,-0.295485,0.138199,0.458429,-90.6513,-1.1631,128.586,115.812,0,0,0.000000,0.000000,0.000000,GOAL,0.022410,-0.003498,0.000000,0,0.004551,0.017720,1.524920,1.489480
trial14_near_wall,2,204,6.5280,-0.295496,0.137235,0.457465,-90.6743,-1.1425,120.737,113.491,0,0,0.000000,0.000000,0.000000,GOAL,0.012712,0.000555,0.000000,0,0.004551,0.017720,1.524920,1.489480
trial14_near_wall,2,205,6.5600,-0.295507,0.136270,0.456500,-90.6973,-1.1219,117.025,128.603,0,0,0.000000,0.000000,0.000000,GOAL,-0.020312,-0.004662,0.000000,0,0.004551,0.017720,1.524920,1.489480
trial14_near_wall,2,206,6.5920,-0.295519,0.135306,0.455536,-90.7204,-1.1013,140.387,128.528,0,0,0.000000,0.000000,0.000000,GOAL,0.020804,0.001704,0.000000,0,0.004551,0.017720,1.524920,1.489480
trial14_near_wall,2,207,6.6240,-0.295532,0.134341,0.454572,-90.7434,-1.0806,132.939,135.565,0,0,0.000000,0.000000,0.000000,GOAL,-0.004608,0.000126,0.000000,0,0.004551,0.017720,1.524920,1.489480
trial14_near_wall,2,208,6.6560,-0.295544,0.133377,0.453607,-90.7664,-1.0599,132.933,125.566,0,0,0.000000,0.000000,0.000000,GOAL,0.012924,0.003326,0.000000,0,0.004551,0.017720,1.524920,1.489480
trial14_near_wall,2,209,6.6880,-0.295557,0.132412,0.452643,-90.7894,-1.0391,129.228,140.722,0,0,0.000000,0.000000,0.000000,GOAL,-0.020165,-0.002547,0.000000,0,0.004551,0.017720,1.524920,1.489480
trial14_near_wall,2,210,6.7200,-0.295571,0.131448,0.451678,-90.8124,-1.0183,146.703,140.390,0,0,0.000000,0.000000,0.000000,GOAL,0.011076,0.000859,0.000000,0,0.004551,0.017720,1.524920,1.489480
trial14_near_wall,2,211,6.7520,-0.295585,0.130483,0.450714,-90.8354,-0.9974,156.103,146.245,0,0,0.000000,0.000000,0.000000,GOAL,0.017295,0.004968,0.000000,0,0.004551,0.017720,1.524920,1.489480
trial14_near_wall,2,212,6.7840,-0.295599,0.129519,0.449749,-90.8584,-0.9765,153.943,151.210,0,0,0.000000,0.000000,0.000000,GOAL,0.004794,0.004924,0.000000,0,0.004551,0.017720,1.524920,1.489480
trial14_near_wall,2,213,6.8160,-0.295614,0.128554,0.448785,-90.8814,-0.9556,155.542,155.308,0,0,0.000000,0.000000,0.000000,GOAL,0.000410,0.003796,0.000000,0,0.004551,0.017720,1.524920,1.489480
trial14_near_wall,2,214,6.8480,-0.295629,0.127590,0.447820,-90.9044,-0.9346,159.047,164.166,0,0,0.000000,0.000000,0.000000,GOAL,-0.008980,0.000602,0.000000,0,0.004551,0.017720,1.524920,1.489480
trial14_near_wall,2,215,6.8800,-0.295644,0.126625,0.446856,-90.9274,-0.9136,173.082,165.548,0,0,0.000000,0.000000,0.000000,GOAL,0.013218,0.003756,0.000000,0,0.004551,0.017720,1.524920,1.489480
trial14_near_wall,2,216,6.9120,-0.295660,0.125661,0.445891,-90.9504,-0.8925,174.888,173.185,0,0,0.000000,0.000000,0.000000,GOAL,0.002986,0.003564,0.000000,0,0.004551,0.017720,1.524920,1.489480
trial14_near_wall,2,217,6.9440,-0.295676,0.124696,0.444927,-90.9734,-0.8715,190.799,177.553,0,0,0.000000,0.000000,0.000000,GOAL,0.023238,0.008482,0.000000,0,0.004551,0.017720,1.519428,1.483988
trial14_near_wall,2,218,6.9760,-0.295693,0.123735,0.443966,-90.9964,-0.8503,196.913,186.162,0,0,0.000000,0.000000,0.000000,GOAL,0.018861,0.011077,0.000000,0,0.004551,0.017720,1.510483,1.475043
trial14_near_wall,2,219,7.0080,-0.295709,0.122780,0.443011,-91.0195,-0.8291,207.920,195.008,0,0,0.000000,0.000000,0.000000,GOAL,0.022652,0.013971,0.000000,0,0.004551,0.017720,1.497267,1.461827
trial14_near_wall,2,220,7.0400,-0.295726,0.121833,0.442064,-91.0425,-0.8079,214.295,195.432,0,0,0.000000,0.000000,0.000000,GOAL,0.033095,0.018752,0.000000,0,0.004551,0.017720,1.485127,1.449687
trial14_near_wall,2,221,7.0720,-0.295744,0.120894,0.441125,-91.0655,-0.7865,220.136,210.981,0,0,0.000000,0.000000,0.000000,GOAL,0.016062,0.018079,0.000000,0,0.004551,0.017720,1.469010,1.433570
trial14_near_wall,2,222,7.1040,-0.295761,0.119966,0.440196,-91.0885,-0.7652,222.647,225.708,0,0,0.000000,0.000000,0.000000,GOAL,-0.005370,0.012217,0.000000,0,0.004551,0.017720,1.451273,1.415833
trial14_near_wall,2,223,7.1360,-0.295779,0.119048,0.439279,-91.1115,-0.7437,232.593,226.137,0,0,0.000000,0.000000,0.000000,GOAL,0.011327,0.011994,0.000000,0,0.004551,0.017720,1.434569,1.399129
trial14_near_wall,2,224,7.1680,-0.295796,0.118142,0.438372,-91.1345,-0.7223,242.055,230.251,0,0,0.000000,0.000000,0.000000,GOAL,0.020709,0.014173,0.000000,0,0.004551,0.017720,1.417592,1.382152
trial14_near_wall,2,225,7.2000,-0.295814,0.117246,0.437476,-91.1575,-0.7007,256.171,248.630,0,1,0.795214,0.198803,0.162066,BLEND,0.013231,0.013937,0.162066,0,0.004551,0.126134,1.421311,1.331664
trial14_near_wall,2,226,7.2320,-0.295832,0.116365,0.436595,-91.2153,-0.6442,264.777,258.967,1,0,-0.798004,-0.050399,0.180377,BLEND,0.010193,0.013001,0.180377,0,0.004551,-0.016876,1.382139,1.323342
trial14_near_wall,2,227,7.2640,-0.295851,0.115500,0.435729,-91.2534,-0.6074,296.117,268.333,1,1,0.004677,-0.036630,0.247057,BLEND,0.048743,0.021937,0.247057,0,0.004551,-0.017915,1.339158,1.304018
trial14_near_wall,2,228,7.2960,-0.295870,0.114654,0.434884,-91.2762,-0.5858,309.058,284.149,1,2,0.267052,0.039291,0.274592,BLEND,0.043700,0.027377,0.274592,0,0.004551,0.050119,1.314505,1.263090
trial14_near_wall,2,229,7.3280,-0.295888,0.113829,0.434059,-91.3095,-0.5536,310.880,303.755,1,1,0.001027,0.029725,0.278468,BLEND,0.012500,0.023658,0.278468,0,0.004551,0.041376,1.286806,1.227557
trial14_near_wall,2,230,7.3600,-0.295907,0.113025,0.433254,-91.3479,-0.5162,322.321,304.701,1,1,0.001798,0.022743,0.302810,BLEND,0.030912,0.025472,0.302810,0,0.004551,0.036141,1.260663,1.198156
trial14_near_wall,2,231,7.3920,-0.295926,0.112238,0.432468,-91.3883,-0.4767,347.717,322.236,1,2,0.263069,0.082824,0.356845,BLEND,0.044705,0.030280,0.356845,0,0.004551,0.113481,1.246320,1.142698
trial14_near_wall,2,232,7.4240,-0.295944,0.111474,0.431703,-91.4552,-0.4107,356.257,343.217,2,1,-0.262481,-0.003502,0.375014,BLEND,0.022877,0.028429,0.375014,0,0.004551,0.006539,1.199150,1.118165
trial14_near_wall,2,233,7.4560,-0.295963,0.110733,0.430962,-91.5075,-0.3590,347.685,344.413,1,2,0.264807,0.063575,0.356776,BLEND,0.005740,0.022757,0.356776,0,0.004551,0.089742,1.186991,1.081381
trial14_near_wall,2,234,7.4880,-0.295983,0.110007,0.430236,-91.5757,-0.2914,368.470,372.351,2,2,-0.002281,0.047111,0.409257,BLEND,-0.006809,0.015365,0.409257,0,0.004551,0.077063,1.158733,1.040994
trial14_near_wall,2,235,7.5200,-0.296002,0.109304,0.429532,-91.6516,-0.2159,381.228,360.598,2,2,-0.001133,0.035050,0.428145,BLEND,0.036193,0.020572,0.428145,0,0.004551,0.061966,1.133434,1.014147
trial14_near_wall,2,236,7.5520,-0.296022,0.108617,0.428845,-91.7286,-0.1392,420.852,371.356,1,2,0.262651,0.091950,0.512450,BLEND,0.086834,0.037138,0.512450,0,0.004551,0.171392,1.125304,0.950143
trial14_near_wall,2,237,7.5840,-0.296043,0.107953,0.428180,-91.8416,-0.0264,468.254,405.409,3,2,-0.155832,0.030005,0.613307,BLEND,0.110255,0.055417,0.613307,1,0.004551,0.070413,1.067262,0.900685
trial14_near_wall,2,238,7.6160,-0.296063,0.107323,0.427551,-91.9490,0.0810,470.783,430.513,2,3,0.161029,0.062761,0.618688,BLEND,0.070650,0.059225,0.618688,0,0.004551,0.140873,1.032289,0.836919
trial14_near_wall,2,239,7.6480,-0.296084,0.106726,0.426953,-92.0749,0.2071,515.392,469.055,3,3,0.002940,0.047806,0.713600,BLEND,0.081294,0.064742,0.713600,0,0.004551,0.122905,0.974313,0.766333
trial14_near_wall,2,240,7.6800,-0.296105,0.106169,0.426395,-92.2089,0.3415,536.591,473.069,2,4,0.263268,0.101671,0.758705,AVOID,0.111442,0.076417,0.758705,0,0.004551,0.270712,0.959518,0.668177
trial14_near_wall,2,241,7.7120,-0.296125,0.105649,0.425875,-92.3966,0.5296,575.310,480.862,3,3,-0.000108,0.076226,0.841086,AVOID,0.165699,0.098738,0.841086,0,0.004551,0.224262,0.921564,0.590927
trial14_near_wall,2,242,7.7440,-0.296146,0.105165,0.425391,-92.6096,0.7432,592.235,531.900,3,4,0.112909,0.085397,0.877095,AVOID,0.105850,0.100516,0.877095,0,0.004551,0.260887,0.879978,0.501557
trial14_near_wall,2,243,7.7760,-0.296167,0.104723,0.424949,-92.8533,0.9878,602.606,530.417,4,4,0.001109,0.064325,0.899161,AVOID,0.126646,0.107048,0.899161,0,0.004551,0.201561,0.831044,0.446448
trial14_near_wall,2,244,7.8080,-0.296187,0.104315,0.424540,-93.1009,1.2365,688.552,587.529,3,4,0.113641,0.076654,1.000000,AVOID,0.109598,0.107686,1.000000,0,0.004551,0.264762,0.775890,0.355062
trial14_near_wall,2,245,7.8400,-0.296208,0.103954,0.424178,-93.3719,1.5086,797.858,553.973,4,5,0.087715,0.079419,1.000000,AVOID,0.168468,0.122881,1.000000,0,0.004551,0.274314,0.747911,0.295133
trial14_near_wall,2,246,7.8720,-0.296228,0.103620,0.423844,-93.6634,1.8013,844.037,632.006,4,4,-0.000376,0.059470,1.000000,AVOID,0.031568,0.100053,1.000000,0,0.004551,0.205411,0.684124,0.241835
trial14_near_wall,2,247,7.9040,-0.296247,0.103325,0.423548,-93.9482,2.0874,879.308,549.104,3,4,0.113166,0.072894,1.000000,AVOID,0.177011,0.119292,1.000000,0,0.004551,0.251777,0.675048,0.217443
trial14_near_wall,2,248,7.9360,-0.296268,0.103040,0.423263,-94.2428,2.3835,1035.484,610.929,4,5,0.086052,0.076184,1.000000,AVOID,0.068546,0.106606,1.000000,0,0.004551,0.263139,0.650817,0.176044
trial14_near_wall,2,249,7.9680,-0.296288,0.102776,0.422998,-94.5484,2.6908,1071.227,639.317,5,4,-0.088029,0.035130,1.000000,AVOID,0.018742,0.084640,1.000000,0,0.004551,0.121341,0.587890,0.171139
trial14_near_wall,2,250,8.0000,-0.296308,0.102534,0.422756,-94.8167,2.9607,1105.301,677.345,4,4,0.000762,0.026538,1.000000,AVOID,0.000000,0.063480,1.000000,0,0.004551,0.091664,0.529773,0.171378
trial14_near_wall,2,251,8.0320,-0.296327,0.102310,0.422532,-95.0475,3.1931,1120.428,681.823,4,5,0.086527,0.041536,1.000000,AVOID,0.000000,0.047610,1.000000,0,0.004551,0.143464,0.499136,0.158608
trial14_near_wall,2,252,8.0640,-0.296346,0.102101,0.422321,-95.2667,3.4140,1157.499,682.852,5,4,-0.088021,0.009147,1.000000,AVOID,0.000000,0.035707,1.000000,0,0.004551,0.031592,0.448190,0.176998
trial14_near_wall,2,253,8.0960,-0.296365,0.101901,0.422122,-95.4413,3.5903,1216.378,717.101,4,4,0.000770,0.007052,1.000000,AVOID,0.000000,0.026781,1.000000,0,0.004551,0.024359,0.408172,0.192599
trial14_near_wall,2,254,8.1280,-0.296384,0.101710,0.421930,-95.5802,3.7309,1209.466,777.034,4,5,0.086503,0.026915,1.000000,AVOID,0.000000,0.020085,1.000000,0,0.004551,0.092965,0.395310,0.187148
trial14_near_wall,2,255,8.1600,-0.296402,0.101525,0.421744,-95.7143,3.8667,1324.597,794.948,5,4,-0.088012,-0.001817,1.000000,AVOID,0.000000,0.015064,1.000000,0,0.004551,-0.006274,0.360854,0.207869
trial14_near_wall,2,256,8.1920,-0.296421,0.101344,0.421562,-95.8129,3.9670,1337.147,820.246,4,4,0.000778,-0.001168,1.000000,AVOID,0.000000,0.011298,1.000000,0,0.004551,-0.004034,0.335572,0.222851
trial14_near_wall,2,257,8.2240,-0.296439,0.101166,0.421384,-95.8855,4.0414,1337.340,845.021,4,5,0.086479,0.020744,1.000000,AVOID,0.000000,0.008474,1.000000,0,0.004551,0.071649,0.335531,0.215166
trial14_near_wall,2,258,8.2560,-0.296458,0.100991,0.421208,-95.9631,4.1207,1415.510,854.354,5,4,-0.088003,-0.006443,1.000000,AVOID,0.000000,0.006355,1.000000,0,0.004551,-0.022254,0.312025,0.232878
trial14_near_wall,2,259,8.2880,-0.296476,0.100817,0.421035,-96.0142,4.1735,1416.629,891.890,4,4,0.000786,-0.004636,1.000000,AVOID,0.000000,0.004766,1.000000,0,0.004551,-0.016012,0.295956,0.244601
trial14_near_wall,2,260,8.3200,-0.296494,0.100645,0.420862,-96.0475,4.2085,1457.887,958.982,4,4,0.000696,-0.003303,1.000000,AVOID,0.000000,0.003575,1.000000,0,0.004551,-0.011407,0.285055,0.252243
trial14_near_wall,2,261,8.3520,-0.296513,0.100474,0.420691,-96.0688,4.2315,1484.501,934.667,5,5,0.000895,-0.002253,1.000000,AVOID,0.000000,0.002681,1.000000,0,0.004551,-0.007783,0.277786,0.257068
trial14_near_wall,2,262,8.3840,-0.296531,0.100304,0.420520,-96.0823,4.2468,1513.095,965.264,4,4,0.000793,-0.001492,1.000000,AVOID,0.000000,0.002011,1.000000,0,0.004551,-0.005152,0.272991,0.260029
trial14_near_wall,2,263,8.4160,-0.296549,0.100135,0.420350,-96.0908,4.2571,1512.703,995.465,4,4,0.000704,-0.000943,1.000000,AVOID,0.000000,0.001508,1.000000,0,0.004551,-0.003257,0.269869,0.261776
trial14_near_wall,2,264,8.4480,-0.296567,0.099966,0.420180,-96.0962,4.2642,1562.742,1060.538,5,5,0.000904,-0.000481,1.000000,AVOID,0.000000,0.001131,1.000000,0,0.004551,-0.001662,0.267926,0.262687
trial14_near_wall,2,265,8.4800,-0.296585,0.099797,0.420011,-96.0997,4.2695,1562.976,1067.497,4,4,0.000801,-0.000161,1.000000,AVOID,0.000000,0.000848,1.000000,0,0.004551,-0.000554,0.266746,0.263094
trial14_near_wall,2,266,8.5120,-0.296604,0.099628,0.419842,-96.1023,4.2738,1594.514,1145.329,4,4,0.000711,0.000057,1.000000,AVOID,0.000000,0.000636,1.000000,0,0.004551,0.000198,0.266049,0.263211
trial14_near_wall,2,267,8.5440,-0.296622,0.099460,0.419673,-96.1043,4.2775,1632.206,1127.817,4,5,-0.372116,-0.092986,1.000000,AVOID,0.000000,0.000477,1.000000,0,0.004551,-0.321174,0.185183,0.343642
trial14_near_wall,2,268,8.5760,-0.296640,0.099291,0.419504,-96.0022,4.1771,1636.925,1189.813,5,4,-0.088079,-0.091759,1.000000,AVOID,0.000000,0.000358,1.000000,0,0.004551,-0.316937,0.125593,0.402906
trial14_near_wall,2,269,8.6080,-0.296657,0.099123,0.419336,-95.8236,4.0002,1665.344,1216.654,4,4,0.000718,-0.068640,1.000000,AVOID,0.000000,0.000268,1.000000,0,0.004551,-0.237083,0.100864,0.427390
trial14_near_wall,2,270,8.6400,-0.296674,0.098955,0.419167,-95.6133,3.7915,1661.911,1278.631,4,5,0.086665,-0.029814,1.000000,AVOID,0.000000,0.000201,1.000000,0,0.004551,-0.102977,0.115844,0.412227
trial14_near_wall,2,271,8.6720,-0.296691,0.098787,0.418998,-95.4225,3.6022,1692.628,1334.672,5,4,-0.088071,-0.044378,1.000000,AVOID,0.000000,0.000151,1.000000,0,0.004551,-0.153282,0.114502,0.413431
trial14_near_wall,2,272,8.7040,-0.296706,0.098619,0.418830,-95.2299,3.4111,1704.009,1375.637,4,4,0.000725,-0.033102,1.000000,AVOID,0.000000,0.000113,1.000000,0,0.004551,-0.114336,0.123233,0.404597
trial14_near_wall,2,273,8.7360,-0.296722,0.098450,0.418661,-95.0487,3.2312,1728.406,1389.397,4,5,0.086643,-0.003166,1.000000,AVOID,0.000000,0.000085,1.000000,0,0.004551,-0.010936,0.155631,0.372122
trial14_near_wall,2,274,8.7680,-0.296736,0.098282,0.418492,-94.9092,3.0929,1753.240,1425.312,5,4,-0.088063,-0.024390,1.000000,AVOID,0.000000,0.000064,1.000000,0,0.004551,-0.084244,0.161602,0.366092
trial14_near_wall,2,275,8.8000,-0.296750,0.098114,0.418324,-94.7774,2.9624,1776.419,1486.595,4,4,0.000732,-0.018110,1.000000,AVOID,0.000000,0.000048,1.000000,0,0.004551,-0.062551,0.171504,0.356147
trial14_near_wall,2,276,8.8320,-0.296764,0.097946,0.418155,-94.6584,2.8445,1787.604,1508.386,4,5,0.086620,0.008073,1.000000,AVOID,0.000000,0.000036,1.000000,0,0.004551,0.027883,0.201539,0.326079
trial14_near_wall,2,277,8.8640,-0.296778,0.097777,0.417987,-94.5781,2.7653,1820.582,1539.799,5,4,-0.088055,-0.015959,1.000000,AVOID,0.000000,0.000027,1.000000,0,0.004551,-0.055123,0.203313,0.324280
trial14_near_wall,2,278,8.8960,-0.296791,0.097609,0.417818,-94.5000,2.6884,1855.181,1570.016,4,4,0.000740,-0.011784,1.000000,AVOID,0.000000,0.000020,1.000000,0,0.004551,-0.040703,0.208249,0.319326
trial14_near_wall,2,279,8.9280,-0.296804,0.097441,0.417649,-94.4283,2.6178,1862.171,1594.394,4,5,0.086597,0.012811,1.000000,AVOID,0.000000,0.000015,1.000000,0,0.004551,0.044249,0.233189,0.294372
trial14_near_wall,2,280,8.9600,-0.296817,0.097272,0.417481,-94.3888,2.5792,1877.709,1622.548,5,4,-0.088046,-0.012403,1.000000,AVOID,0.000000,0.000011,1.000000,0,0.004551,-0.042841,0.230122,0.297429
trial14_near_wall,2,281,8.9920,-0.296830,0.097104,0.417312,-94.3453,2.5367,1912.883,1637.718,4,4,0.000747,-0.009116,1.000000,AVOID,0.000000,0.000009,1.000000,0,0.004551,-0.031486,0.230660,0.296883
trial14_near_wall,2,282,9.0240,-0.296843,0.096936,0.417143,-94.3024,2.4949,1938.850,1661.792,4,5,0.086574,0.014807,1.000000,AVOID,0.000000,0.000006,1.000000,0,0.004551,0.051142,0.251720,0.275817
trial14_near_wall,2,283,9.0560,-0.296855,0.096843,0.417050,-94.2877,2.4815,1825.459,1568.325,5,4,-0.088038,-0.010904,1.000000,AVOID,0.000000,0.000005,1.000000,0,0.004551,-0.037664,0.245314,0.282219
trial14_near_wall,2,284,9.0880,-0.296866,0.096887,0.417093,-94.3114,2.5070,1893.006,1636.711,4,4,0.000755,-0.007990,1.000000,AVOID,0.000000,0.000004,1.000000,0,0.004551,-0.027596,0.243027,0.284503
trial14_near_wall,2,285,9.1200,-0.296879,0.096880,0.417086,-94.2818,2.4790,1893.067,1634.743,4,5,0.086551,0.015645,1.000000,AVOID,0.000000,0.000003,1.000000,0,0.004551,0.054039,0.261720,0.265807
trial14_near_wall,2,286,9.1520,-0.296891,0.096873,0.417079,-94.2757,2.4746,1895.617,1626.341,5,4,-0.088029,-0.010273,1.000000,AVOID,0.000000,0.000002,1.000000,0,0.004551,-0.035484,0.253359,0.274166
trial14_near_wall,2,287,9.1840,-0.296904,0.096866,0.417072,-94.2589,2.4595,1899.179,1642.957,4,4,0.000762,-0.007514,1.000000,AVOID,0.000000,0.000002,1.000000,0,0.004551,-0.025954,0.249471,0.278053
trial14_near_wall,2,288,9.2160,-0.296916,0.096859,0.417064,-94.2381,2.4404,1929.535,1662.790,4,5,0.086527,0.015996,1.000000,AVOID,0.000000,0.000001,1.000000,0,0.004551,0.055250,0.266856,0.260668
trial14_near_wall,2,289,9.2480,-0.296929,0.096852,0.417057,-94.2402,2.4442,1917.157,1645.586,5,4,-0.088021,-0.010008,1.000000,AVOID,0.000000,0.000001,1.000000,0,0.004551,-0.034568,0.257440,0.270083
trial14_near_wall,2,290,9.2800,-0.296941,0.096845,0.417049,-94.2300,2.4357,1908.368,1632.179,4,4,0.000770,-0.007314,1.000000,AVOID,0.000000,0.000001,1.000000,0,0.004551,-0.025261,0.252705,0.274817
trial14_near_wall,2,291,9.3120,-0.296954,0.096838,0.417042,-94.2135,2.4208,1919.498,1657.250,4,5,0.086503,0.016141,1.000000,AVOID,0.000000,0.000000,1.000000,0,0.004551,0.055750,0.269406,0.258115
trial14_near_wall,2,292,9.3440,-0.296966,0.096831,0.417035,-94.2199,2.4289,1920.390,1650.109,5,4,-0.088012,-0.009897,1.000000,AVOID,0.000000,0.000000,1.000000,0,0.004551,-0.034186,0.259448,0.268073
trial14_near_wall,2,293,9.3760,-0.296978,0.096824,0.417028,-94.2131,2.4237,1921.792,1674.409,4,4,0.000778,-0.007229,1.000000,AVOID,0.000000,0.000000,1.000000,0,0.004551,-0.024968,0.254284,0.273237
trial14_near_wall,2,294,9.4080,-0.296991,0.096818,0.417021,-94.1992,2.4115,1918.757,1683.039,4,5,0.086479,0.016198,1.000000,AVOID,0.000000,0.000000,1.000000,0,0.004551,0.055949,0.270640,0.256880
trial14_near_wall,2,295,9.4400,-0.297003,0.096812,0.417015,-94.2077,2.4217,1920.525,1650.287,5,4,-0.088003,-0.009852,1.000000,AVOID,0.000000,0.000000,1.000000,0,0.004551,-0.034029,0.260413,0.267107
trial14_near_wall,2,296,9.4720,-0.297015,0.096807,0.417009,-94.2025,2.4182,1941.747,1668.744,4,4,0.000786,-0.007193,1.000000,AVOID,0.000000,0.000000,1.000000,0,0.004551,-0.024843,0.255039,0.272481
trial14_near_wall,2,297,9.5040,-0.297028,0.096802,0.417003,-94.1900,2.4073,1925.775,1668.962,4,4,0.000696,-0.005220,1.000000,AVOID,0.000000,0.000000,1.000000,0,0.004551,-0.018031,0.252711,0.274809
trial14_near_wall,2,298,9.5360,-0.297040,0.096797,0.416998,-94.1742,2.3932,1947.256,1661.311,5,5,0.000895,-0.003692,1.000000,AVOID,0.000000,0.000000,1.000000,0,0.004551,-0.012751,0.252286,0.275234
trial14_near_wall,2,299,9.5680,-0.297052,0.096793,0.416994,-94.1579,2.3785,1929.079,1678.717,4,4,0.000793,-0.002570,1.000000,AVOID,0.000000,0.000000,1.000000,0,0.004551,-0.008878,0.252935,0.274585
trial14_near_wall,2,300,9.6000,-0.297065,0.096789,0.416990,-94.1424,2.3647,1923.812,1681.861,4,4,0.000704,-0.001752,1.000000,AVOID,0.000000,0.000000,1.000000,0,0.004551,-0.006051,0.254129,0.273392
trial14_near_wall,2,301,9.6320,-0.297077,0.096785,0.416986,-94.1285,2.3525,1930.333,1665.458,5,5,0.000904,-0.001088,1.000000,AVOID,0.000000,0.000000,1.000000,0,0.004551,-0.003758,0.255597,0.271923
trial14_near_wall,2,302,9.6640,-0.297089,0.096783,0.416983,-94.1167,2.3424,1936.505,1680.737,4,4,0.000801,-0.000616,1.000000,AVOID,0.000000,0.000000,1.000000,0,0.004551,-0.002126,0.257106,0.270414
trial14_near_wall,2,303,9.6960,-0.297101,0.096780,0.416980,-94.1070,2.3343,1928.826,1675.616,4,4,0.000711,-0.000284,1.000000,AVOID,0.000000,0.000000,1.000000,0,0.004551,-0.000981,0.258524,0.268996
trial14_near_wall,2,304,9.7280,-0.297113,0.096779,0.416978,-94.0993,2.3282,1939.281,1680.210,4,5,-0.372116,-0.093242,1.000000,AVOID,0.000000,0.000000,1.000000,0,0.004551,-0.322058,0.179319,0.348201
trial14_near_wall,2,305,9.7600,-0.297125,0.096777,0.416976,-93.9902,2.2208,1934.705,1685.094,5,4,-0.088079,-0.091951,1.000000,AVOID,0.000000,0.000000,1.000000,0,0.004551,-0.317600,0.121029,0.406491
trial14_near_wall,2,306,9.7920,-0.297136,0.096776,0.416975,-93.8056,2.0377,1933.453,1698.433,4,4,0.000718,-0.068784,1.000000,AVOID,0.000000,0.000000,1.000000,0,0.004551,-0.237580,0.097317,0.430203
trial14_near_wall,2,307,9.8240,-0.297147,0.096775,0.416973,-93.5899,1.8236,1912.380,1721.934,4,5,0.086665,-0.029922,1.000000,AVOID,0.000000,0.000000,1.000000,0,0.004551,-0.103350,0.113090,0.414430
trial14_near_wall,2,308,9.8560,-0.297157,0.096775,0.416972,-93.3940,1.6290,1932.904,1714.969,5,4,-0.088071,-0.044459,1.000000,AVOID,0.000000,0.000000,1.000000,0,0.004551,-0.153562,0.112367,0.415153
trial14_near_wall,2,309,9.8880,-0.297167,0.096774,0.416972,-93.1972,1.4335,1902.108,1719.622,4,4,0.000725,-0.033163,1.000000,AVOID,0.000000,0.000000,1.000000,0,0.004551,-0.114545,0.121579,0.405941
trial14_near_wall,2,310,9.9200,-0.297176,0.096774,0.416971,-93.0119,1.2495,1908.956,1739.749,4,5,0.086643,-0.003212,1.000000,AVOID,0.000000,0.000000,1.000000,0,0.004551,-0.011093,0.154351,0.373169
trial14_near_wall,2,311,9.9520,-0.297184,0.096773,0.416970,-92.8683,1.1070,1893.493,1725.042,5,4,-0.088063,-0.024424,1.000000,AVOID,0.000000,0.000000,1.000000,0,0.004551,-0.084362,0.160613,0.366907
trial14_near_wall,2,312,9.9840,-0.297192,0.096773,0.416970,-92.7331,0.9729,1889.585,1751.989,4,4,0.000732,-0.018135,1.000000,AVOID,0.000000,0.000000,1.000000,0,0.004551,-0.062639,0.170740,0.356780
trial14_near_wall,2,313,10.0160,-0.297200,0.096773,0.416969,-92.6106,0.8515,1901.374,1754.289,4,5,0.086620,0.008054,1.000000,AVOID,0.000000,0.000000,1.000000,0,0.004551,0.027817,0.200949,0.326571
trial14_near_wall,2,314,10.0480,-0.297207,0.096772,0.416969,-92.5265,0.7683,1894.089,1741.527,5,4,-0.088055,-0.015974,1.000000,AVOID,0.000000,0.000000,1.000000,0,0.004551,-0.055173,0.202859,0.324661
trial14_near_wall,2,315,10.0800,-0.297214,0.096772,0.416968,-92.4452,0.6881,1889.395,1729.927,4,4,0.000740,-0.011795,1.000000,AVOID,0.000000,0.000000,1.000000,0,0.004551,-0.040741,0.207899,0.319621
trial14_near_wall,2,316,10.1120,-0.297221,0.096772,0.416968,-92.3703,0.6141,1896.171,1744.243,4,5,0.086597,0.012803,1.000000,AVOID,0.000000,0.000000,1.000000,0,0.004551,0.044221,0.232919,0.294601
trial14_near_wall,2,317,10.1440,-0.297228,0.096772,0.416968,-92.3278,0.5725,1883.176,1741.936,5,4,-0.088046,-0.012409,1.000000,AVOID,0.000000,0.000000,1.000000,0,0.004551,-0.042862,0.229914,0.297606
trial14_near_wall,2,318,10.1760,-0.297235,0.096772,0.416967,-92.2819,0.5275,1884.031,1765.364,4,4,0.000747,-0.009120,1.000000,AVOID,0.000000,0.000000,1.000000,0,0.004551,-0.031501,0.230500,0.297020
trial14_near_wall,2,319,10.2080,-0.297241,0.096772,0.416967,-92.2366,0.4832,1893.712,1758.938,4,5,0.086574,0.014803,1.000000,AVOID,0.000000,0.000000,1.000000,0,0.004551,0.051131,0.251598,0.275922
trial14_near_wall,2,320,10.2400,-0.297248,0.096772,0.416967,-92.2197,0.4672,1887.000,1759.674,5,4,-0.088038,-0.010907,1.000000,AVOID,0.000000,0.000000,1.000000,0,0.004551,-0.037673,0.245220,0.282300
trial14_near_wall,2,321,10.2720,-0.297254,0.096772,0.416967,-92.1950,0.4433,1882.091,1748.588,4,4,0.000755,-0.007992,1.000000,AVOID,0.000000,0.000000,1.000000,0,0.004551,-0.027603,0.242954,0.284566
trial14_near_wall,2,322,10.3040,-0.297261,0.096772,0.416966,-92.1670,0.4162,1891.308,1755.817,4,5,0.086551,0.015644,1.000000,AVOID,0.000000,0.000000,1.000000,0,0.004551,0.054034,0.261664,0.265856
trial14_near_wall,2,323,10.3360,-0.297267,0.096772,0.416966,-92.1589,0.4090,1882.372,1760.632,5,4,-0.088029,-0.010274,1.000000,AVOID,0.000000,0.000000,1.000000,0,0.004551,-0.035487,0.253316,0.274204
trial14_near_wall,2,324,10.3680,-0.297273,0.096772,0.416966,-92.1461,0.3970,1888.237,1756.605,4,4,0.000762,-0.007515,1.000000,AVOID,0.000000,0.000000,1.000000,0,0.004551,-0.025957,0.249438,0.278082
trial14_near_wall,2,325,10.4000,-0.297279,0.096772,0.416966,-92.1278,0.3795,1878.428,1743.296,4,5,0.086527,0.015995,1.000000,AVOID,0.000000,0.000000,1.000000,0,0.004551,0.055248,0.266831,0.260689
trial14_near_wall,2,326,10.4320,-0.297286,0.096772,0.416966,-92.1272,0.3798,1881.959,1768.937,5,4,-0.088021,-0.010009,1.000000,AVOID,0.000000,0.000000,1.000000,0,0.004551,-0.034570,0.257421,0.270099
trial14_near_wall,2,327,10.4640,-0.297292,0.096772,0.416965,-92.1175,0.3710,1888.563,1751.986,4,4,0.000770,-0.007314,1.000000,AVOID,0.000000,0.000000,1.000000,0,0.004551,-0.025262,0.252690,0.274830
trial14_near_wall,2,328,10.4960,-0.297298,0.096772,0.416965,-92.1045,0.3588,1880.467,1754.110,4,5,0.086503,0.016140,1.000000,AVOID,0.000000,0.000000,1.000000,0,0.004551,0.055749,0.269395,0.258125
trial14_near_wall,2,329,10.5280,-0.297304,0.096772,0.416965,-92.1080,0.3631,1869.659,1738.385,5,4,-0.088012,-0.009898,1.000000,AVOID,0.000000,0.000000,1.000000,0,0.004551,-0.034186,0.259439,0.268081
trial14_near_wall,2,330,10.5600,-0.297310,0.096772,0.416965,-92.0992,0.3552,1881.459,1757.682,4,4,0.000778,-0.007229,1.000000,AVOID,0.000000,0.000000,1.000000,0,0.004551,-0.024968,0.254277,0.273243
trial14_near_wall,2,331,10.5920,-0.297316,0.096772,0.416965,-92.0890,0.3459,1886.872,1762.861,4,5,0.086479,0.016198,1.000000,AVOID,0.000000,0.000000,1.000000,0,0.004551,0.055949,0.270635,0.256885
trial14_near_wall,2,332,10.6240,-0.297323,0.096772,0.416964,-92.0948,0.3525,1868.274,1754.075,5,4,-0.088003,-0.009852,1.000000,AVOID,0.000000,0.000000,1.000000,0,0.004551,-0.034029,0.260409,0.267111
trial14_near_wall,2,333,10.6560,-0.297329,0.096772,0.416964,-92.0878,0.3464,1881.407,1731.922,4,4,0.000786,-0.007193,1.000000,AVOID,0.000000,0.000000,1.000000,0,0.004551,-0.024843,0.255036,0.272484
trial14_near_wall,2,334,10.6880,-0.297335,0.096772,0.416964,-92.0783,0.3377,1882.639,1741.573,4,4,0.000696,-0.005220,1.000000,AVOID,0.000000,0.000000,1.000000,0,0.004551,-0.018031,0.252709,0.274811
trial14_near_wall,2,335,10.7200,-0.297341,0.096772,0.416964,-92.0661,0.3264,1867.919,1743.357,5,5,0.000895,-0.003692,1.000000,AVOID,0.000000,0.000000,1.000000,0,0.004551,-0.012751,0.252284,0.275236
trial14_near_wall,2,336,10.7520,-0.297347,0.096772,0.416964,-92.0529,0.3140,1872.589,1751.548,4,4,0.000793,-0.002570,1.000000,AVOID,0.000000,0.000000,1.000000,0,0.004551,-0.008878,0.252934,0.274586
trial14_near_wall,2,337,10.7840,-0.297353,0.096772,0.416963,-92.0402,0.3021,1881.268,1761.670,4,4,0.000704,-0.001752,1.000000,AVOID,0.000000,0.000000,1.000000,0,0.004551,-0.006051,0.254128,0.273392
trial14_near_wall,2,338,10.8160,-0.297359,0.096772,0.416963,-92.0289,0.2916,1878.871,1773.601,5,5,0.000904,-0.001088,1.000000,AVOID,0.000000,0.000000,1.000000,0,0.004551,-0.003758,0.255596,0.271924
trial14_near_wall,2,339,10.8480,-0.297365,0.096772,0.416963,-92.0194,0.2829,1879.306,1752.799,4,4,0.000801,-0.000616,1.000000,AVOID,0.000000,0.000000,1.000000,0,0.004551,-0.002126,0.257106,0.270414
trial14_near_wall,2,340,10.8800,-0.297371,0.096772,0.416963,-92.0103,0.2746,1878.029,1751.254,4,4,0.000711,-0.000284,1.000000,AVOID,0.000000,0.000000,1.000000,0,0.004551,-0.000981,0.258524,0.268996
trial14_near_wall,2,341,10.9120,-0.297377,0.096772,0.416963,-92.0011,0.2663,1876.718,1755.621,4,5,-0.372116,-0.093242,1.000000,AVOID,0.000000,0.000000,1.000000,0,0.004551,-0.322058,0.179318,0.348202
trial14_near_wall,2,342,10.9440,-0.297382,0.096772,0.416963,-91.8933,0.1592,1869.106,1748.139,5,4,-0.088079,-0.091951,1.000000,AVOID,0.000000,0.000000,1.000000,0,0.004551,-0.317600,0.121029,0.406491
trial14_near_wall,2,343,10.9760,-0.297388,0.096772,0.416962,-91.7095,-0.0239,1876.655,1774.585,4,4,0.000718,-0.068784,1.000000,AVOID,0.000000,0.000000,1.000000,0,0.004551,-0.237580,0.097317,0.430203
trial14_near_wall,2,344,11.0080,-0.297392,0.096772,0.416962,-91.4936,-0.2391,1858.509,1777.563,4,5,0.086665,-0.029922,1.000000,AVOID,0.000000,0.000000,1.000000,0,0.004551,-0.103350,0.113090,0.414430
trial14_near_wall,2,345,11.0400,-0.297396,0.096772,0.416962,-91.2959,-0.4363,1864.860,1779.007,5,4,-0.088071,-0.044459,1.000000,AVOID,0.000000,0.000000,1.000000,0,0.004551,-0.153562,0.112367,0.415153
trial14_near_wall,2,346,11.0720,-0.297400,0.096772,0.416962,-91.0987,-0.6330,1856.628,1794.767,4,4,0.000725,-0.033163,1.000000,AVOID,0.000000,0.000000,1.000000,0,0.004551,-0.114545,0.121579,0.405941
trial14_near_wall,2,347,11.1040,-0.297403,0.096772,0.416962,-90.9133,-0.8180,1844.280,1794.659,4,5,0.086643,-0.003212,1.000000,AVOID,0.000000,0.000000,1.000000,0,0.004551,-0.011093,0.154351,0.373169
trial14_near_wall,2,348,11.1360,-0.297405,0.096772,0.416962,-90.7676,-0.9634,1845.875,1801.475,5,4,-0.088063,-0.024425,1.000000,AVOID,0.000000,0.000000,1.000000,0,0.004551,-0.084362,0.160613,0.366907
trial14_near_wall,2,349,11.1680,-0.297407,0.096772,0.416962,-90.6366,-1.0941,1824.719,1811.622,4,4,0.000732,-0.018135,1.000000,AVOID,0.000000,0.000000,1.000000,0,0.004551,-0.062639,0.170740,0.356780
trial14_near_wall,2,350,11.2000,-0.297408,0.096772,0.416962,-90.5239,-1.2066,1849.373,1807.905,4,5,0.086620,0.008054,1.000000,AVOID,0.000000,0.000000,1.000000,0,0.004551,0.027817,0.200949,0.326571
trial14_near_wall,2,351,11.2320,-0.297409,0.096772,0.416962,-90.4523,-1.2780,1847.383,1807.955,5,4,-0.088055,-0.015974,1.000000,AVOID,0.000000,0.000000,1.000000,0,0.004551,-0.055173,0.202859,0.324661
trial14_near_wall,2,352,11.2640,-0.297410,0.096772,0.416962,-90.4008,-1.3294,1841.049,1816.560,4,4,0.000740,-0.011795,1.000000,AVOID,0.000000,0.000000,1.000000,0,0.004551,-0.040741,0.207899,0.319621
trial14_near_wall,2,353,11.2960,-0.297411,0.096772,0.416962,-90.3663,-1.3637,1834.940,1803.589,4,5,0.086597,0.012803,1.000000,AVOID,0.000000,0.000000,1.000000,0,0.004551,0.044221,0.232919,0.294601
trial14_near_wall,2,354,11.3280,-0.297412,0.096772,0.416962,-90.3624,-1.3676,1826.837,1814.686,5,4,-0.088046,-0.012409,1.000000,AVOID,0.000000,0.000000,1.000000,0,0.004551,-0.042862,0.229914,0.297606
trial14_near_wall,2,355,11.3600,-0.297413,0.096772,0.416962,-90.3609,-1.3689,1831.756,1803.148,4,4,0.000747,-0.009120,1.000000,AVOID,0.000000,0.000000,1.000000,0,0.004551,-0.031501,0.230500,0.297020
trial14_near_wall,2,356,11.3920,-0.297414,0.096772,0.416962,-90.3594,-1.3703,1839.230,1798.213,4,5,0.086574,0.014803,1.000000,AVOID,0.000000,0.000000,1.000000,0,0.004551,0.051131,0.251598,0.275922
trial14_near_wall,2,357,11.4240,-0.297415,0.096772,0.416962,-90.3579,-1.3717,1836.648,1805.991,5,4,-0.088038,-0.010907,1.000000,AVOID,0.000000,0.000000,1.000000,0,0.004551,-0.037673,0.245220,0.282300
trial14_near_wall,2,358,11.4560,-0.297416,0.096772,0.416962,-90.3563,-1.3731,1838.219,1817.615,4,4,0.000755,-0.007992,1.000000,AVOID,0.000000,0.000000,1.000000,0,0.004551,-0.027603,0.242954,0.284566
trial14_near_wall,2,359,11.4880,-0.297417,0.096772,0.416961,-90.3548,-1.3745,1829.403,1812.823,4,5,0.086551,0.015644,1.000000,AVOID,0.000000,0.000000,1.000000,0,0.004551,0.054034,0.261664,0.265856
trial14_near_wall,2,360,11.5200,-0.297418,0.096772,0.416961,-90.3532,-1.3759,1830.671,1808.761,5,4,-0.088029,-0.010274,1.000000,AVOID,0.000000,0.000000,1.000000,0,0.004551,-0.035487,0.253316,0.274204
trial14_near_wall,2,361,11.5520,-0.297419,0.096772,0.416961,-90.3516,-1.3774,1835.406,1822.203,4,4,0.000762,-0.007515,1.000000,AVOID,0.000000,0.000000,1.000000,0,0.004551,-0.025957,0.249438,0.278082
trial14_near_wall,2,362,11.5840,-0.297420,0.096772,0.416961,-90.3501,-1.3788,1839.364,1810.637,4,5,0.086527,0.015995,1.000000,AVOID,0.000000,0.000000,1.000000,0,0.004551,0.055248,0.266831,0.260689
trial14_near_wall,2,363,11.6160,-0.297421,0.096772,0.416961,-90.3485,-1.3802,1838.266,1803.960,5,4,-0.088021,-0.010009,1.000000,AVOID,0.000000,0.000000,1.000000,0,0.004551,-0.034570,0.257421,0.270099
trial14_near_wall,2,364,11.6480,-0.297422,0.096772,0.416961,-90.3470,-1.3816,1817.147,1804.516,4,4,0.000770,-0.007314,1.000000,AVOID,0.000000,0.000000,1.000000,0,0.004551,-0.025262,0.252690,0.274830
trial14_near_wall,2,365,11.6800,-0.297423,0.096772,0.416961,-90.3454,-1.3831,1852.469,1807.343,4,5,0.086503,0.016140,1.000000,AVOID,0.000000,0.000000,1.000000,0,0.004551,0.055749,0.269395,0.258125
trial14_near_wall,2,366,11.7120,-0.297424,0.096772,0.416961,-90.3438,-1.3845,1829.726,1826.292,5,4,-0.088012,-0.009898,1.000000,AVOID,0.000000,0.000000,1.000000,0,0.004551,-0.034186,0.259439,0.268081
trial14_near_wall,2,367,11.7440,-0.297425,0.096772,0.416961,-90.3423,-1.3859,1837.140,1825.115,4,4,0.000778,-0.007229,1.000000,AVOID,0.000000,0.000000,1.000000,0,0.004551,-0.024968,0.254277,0.273243
trial14_near_wall,2,368,11.7760,-0.297426,0.096772,0.416961,-90.3407,-1.3873,1836.450,1806.442,4,5,0.086479,0.016198,1.000000,AVOID,0.000000,0.000000,1.000000,0,0.004551,0.055949,0.270635,0.256885
trial14_near_wall,2,369,11.8080,-0.297427,0.096772,0.416961,-90.3392,-1.3887,1830.136,1800.663,5,4,-0.088003,-0.009852,1.000000,AVOID,0.000000,0.000000,1.000000,0,0.004551,-0.034029,0.260409,0.267111
trial14_near_wall,2,370,11.8400,-0.297428,0.096772,0.416961,-90.3377,-1.3901,1822.973,1803.229,4,4,0.000786,-0.007193,1.000000,AVOID,0.000000,0.000000,1.000000,0,0.004551,-0.024843,0.255036,0.272484
trial14_near_wall,2,371,11.8720,-0.297429,0.096772,0.416961,-90.3361,-1.3915,1835.280,1803.961,4,4,0.000696,-0.005220,1.000000,AVOID,0.000000,0.000000,1.000000,0,0.004551,-0.018031,0.252709,0.274811
trial14_near_wall,2,372,11.9040,-0.297430,0.096772,0.416961,-90.3346,-1.3929,1847.053,1812.086,5,5,0.000895,-0.003692,1.000000,AVOID,0.000000,0.000000,1.000000,0,0.004551,-0.012751,0.252284,0.275236
trial14_near_wall,2,373,11.9360,-0.297431,0.096772,0.416961,-90.3331,-1.3943,1826.229,1820.981,4,4,0.000793,-0.002570,1.000000,AVOID,0.000000,0.000000,1.000000,0,0.004551,-0.008878,0.252934,0.274586
trial14_near_wall,2,374,11.9680,-0.297432,0.096772,0.416961,-90.3316,-1.3956,1825.519,1797.245,4,4,0.000704,-0.001752,1.000000,AVOID,0.000000,0.000000,1.000000,0,0.004551,-0.006051,0.254128,0.273392
trial14_near_wall,2,375,12.0000,-0.297433,0.096772,0.416961,-90.3301,-1.3970,1838.932,1817.441,5,5,0.000904,-0.001088,1.000000,AVOID,0.000000,0.000000,1.000000,0,0.004551,-0.003758,0.255596,0.271924
trial14_near_wall,2,376,12.0320,-0.297434,0.096772,0.416961,-90.3286,-1.3984,1836.003,1814.037,4,4,0.000801,-0.000616,1.000000,AVOID,0.000000,0.000000,1.000000,0,0.004551,-0.002126,0.257106,0.270414
trial14_near_wall,2,377,12.0640,-0.297435,0.096772,0.416961,-90.3271,-1.3997,1828.650,1803.766,4,4,0.000711,-0.000284,1.000000,AVOID,0.000000,0.000000,1.000000,0,0.004551,-0.000981,0.258524,0.268996
trial14_near_wall,2,378,12.0960,-0.297436,0.096772,0.416961,-90.3256,-1.4011,1840.535,1810.167,4,5,-0.372116,-0.093242,1.000000,AVOID,0.000000,0.000000,1.000000,0,0.004551,-0.322058,0.179318,0.348202
trial14_near_wall,2,379,12.1280,-0.297437,0.096772,0.416961,-90.3138,-1.4127,1825.187,1815.689,5,4,-0.088079,-0.091951,1.000000,AVOID,0.000000,0.000000,1.000000,0,0.004551,-0.317600,0.121029,0.406491
trial14_near_wall,2,380,12.1600,-0.297438,0.096772,0.416961,-90.2832,-1.4432,1825.542,1816.941,4,4,0.000718,-0.068784,1.000000,AVOID,0.000000,0.000000,1.000000,0,0.004551,-0.237580,0.097317,0.430203
trial14_near_wall,2,381,12.1920,-0.297439,0.096772,0.416961,-90.2471,-1.4792,1824.999,1808.433,4,5,0.086665,-0.029922,1.000000,AVOID,0.000000,0.000000,1.000000,0,0.004551,-0.103350,0.113090,0.414430
trial14_near_wall,2,382,12.2240,-0.297440,0.096772,0.416961,-90.2213,-1.5049,1835.241,1815.809,5,4,-0.088071,-0.044459,1.000000,AVOID,0.000000,0.000000,1.000000,0,0.004551,-0.153562,0.112367,0.415153
trial14_near_wall,2,383,12.2560,-0.297441,0.096772,0.416961,-90.2169,-1.5091,1822.443,1837.773,4,4,0.000725,-0.033163,1.000000,AVOID,0.000000,0.000000,1.000000,0,0.004551,-0.114545,0.121579,0.405941
trial14_near_wall,2,384,12.2880,-0.297441,0.096772,0.416961,-90.2158,-1.5102,1821.919,1828.200,4,5,0.086643,-0.003212,1.000000,AVOID,0.000000,0.000000,1.000000,0,0.004551,-0.011093,0.154351,0.373169
trial14_near_wall,2,385,12.3200,-0.297442,0.096772,0.416961,-90.2147,-1.5112,1825.201,1817.410,5,4,-0.088063,-0.024425,1.000000,AVOID,0.000000,0.000000,1.000000,0,0.004551,-0.084362,0.160613,0.366907
trial14_near_wall,2,386,12.3520,-0.297443,0.096772,0.416961,-90.2136,-1.5122,1829.479,1827.553,4,4,0.000732,-0.018135,1.000000,AVOID,0.000000,0.000000,1.000000,0,0.004551,-0.062639,0.170740,0.356780
trial14_near_wall,2,387,12.3840,-0.297443,0.096772,0.416961,-90.2126,-1.5131,1841.486,1806.953,4,5,0.086620,0.008054,1.000000,AVOID,0.000000,0.000000,1.000000,0,0.004551,0.027817,0.200949,0.326571
trial14_near_wall,2,388,12.4160,-0.297444,0.096772,0.416961,-90.2116,-1.5140,1830.564,1814.126,5,4,-0.088055,-0.015974,1.000000,AVOID,0.000000,0.000000,1.000000,0,0.004551,-0.055173,0.202859,0.324661
trial14_near_wall,2,389,12.4480,-0.297445,0.096772,0.416961,-90.2107,-1.5149,1825.449,1805.219,4,4,0.000740,-0.011795,1.000000,AVOID,0.000000,0.000000,1.000000,0,0.004551,-0.040741,0.207899,0.319621
trial14_near_wall,2,390,12.4800,-0.297445,0.096772,0.416961,-90.2097,-1.5157,1857.286,1822.269,4,5,0.086597,0.012803,1.000000,AVOID,0.000000,0.000000,1.000000,0,0.004551,0.044221,0.232919,0.294601
trial14_near_wall,2,391,12.5120,-0.297446,0.096772,0.416961,-90.2088,-1.5166,1835.951,1815.097,5,4,-0.088046,-0.012409,1.000000,AVOID,0.000000,0.000000,1.000000,0,0.004551,-0.042862,0.229914,0.297606
trial14_near_wall,2,392,12.5440,-0.297446,0.096772,0.416961,-90.2078,-1.5175,1839.925,1821.431,4,4,0.000747,-0.009120,1.000000,AVOID,0.000000,0.000000,1.000000,0,0.004551,-0.031501,0.230500,0.297020
trial14_near_wall,2,393,12.5760,-0.297447,0.096772,0.416961,-90.2069,-1.5183,1834.681,1817.689,4,5,0.086574,0.014803,1.000000,AVOID,0.000000,0.000000,1.000000,0,0.004551,0.051131,0.251598,0.275922
trial14_near_wall,2,394,12.6080,-0.297448,0.096772,0.416961,-90.2059,-1.5192,1832.772,1831.037,5,4,-0.088038,-0.010907,1.000000,AVOID,0.000000,0.000000,1.000000,0,0.004551,-0.037673,0.245220,0.282300
trial14_near_wall,2,395,12.6400,-0.297448,0.096772,0.416961,-90.2050,-1.5200,1833.852,1817.054,4,4,0.000755,-0.007992,1.000000,AVOID,0.000000,0.000000,1.000000,0,0.004551,-0.027603,0.242954,0.284566
trial14_near_wall,2,396,12.6720,-0.297449,0.096772,0.416961,-90.2041,-1.5209,1824.428,1815.796,4,5,0.086551,0.015644,1.000000,AVOID,0.000000,0.000000,1.000000,0,0.004551,0.054034,0.261664,0.265856
trial14_near_wall,2,397,12.7040,-0.297449,0.096772,0.416961,-90.2032,-1.5217,1831.041,1814.190,5,4,-0.088029,-0.010274,1.000000,AVOID,0.000000,0.000000,1.000000,0,0.004551,-0.035487,0.253316,0.274204
trial14_near_wall,2,398,12.7360,-0.297450,0.096772,0.416961,-90.2022,-1.5225,1845.000,1823.663,4,4,0.000762,-0.007515,1.000000,AVOID,0.000000,0.000000,1.000000,0,0.004551,-0.025957,0.249438,0.278082
trial14_near_wall,2,399,12.7680,-0.297451,0.096772,0.416961,-90.2013,-1.5234,1819.718,1821.256,4,5,0.086527,0.015995,1.000000,AVOID,0.000000,0.000000,1.000000,0,0.004551,0.055248,0.266831,0.260689
trial14_near_wall,2,400,12.8000,-0.297451,0.096772,0.416960,-90.2004,-1.5242,1823.940,1818.795,5,4,-0.088021,-0.010009,1.000000,AVOID,0.000000,0.000000,1.000000,0,0.004551,-0.034570,0.257421,0.270099
trial14_near_wall,2,401,12.8320,-0.297452,0.096772,0.416960,-90.1995,-1.5250,1828.569,1822.459,4,4,0.000770,-0.007314,1.000000,AVOID,0.000000,0.000000,1.000000,0,0.004551,-0.025262,0.252690,0.274830
trial14_near_wall,2,402,12.8640,-0.297452,0.096772,0.416960,-90.1986,-1.5259,1817.630,1816.798,4,5,0.086503,0.016140,1.000000,AVOID,0.000000,0.000000,1.000000,0,0.004551,0.055749,0.269395,0.258125
trial14_near_wall,2,403,12.8960,-0.297453,0.096772,0.416960,-90.1977,-1.5267,1820.346,1808.466,5,4,-0.088012,-0.009898,1.000000,AVOID,0.000000,0.000000,1.000000,0,0.004551,-0.034186,0.259439,0.268081
trial14_near_wall,2,404,12.9280,-0.297454,0.096772,0.416960,-90.1968,-1.5275,1831.848,1816.131,4,4,0.000778,-0.007229,1.000000,AVOID,0.000000,0.000000,1.000000,0,0.004551,-0.024968,0.254277,0.273243
trial14_near_wall,2,405,12.9600,-0.297454,0.096772,0.416960,-90.1959,-1.5283,1833.449,1798.382,4,5,0.086479,0.016198,1.000000,AVOID,0.000000,0.000000,1.000000,0,0.004551,0.055949,0.270635,0.256885
trial14_near_wall,2,406,12.9920,-0.297455,0.096772,0.416960,-90.1950,-1.5291,1837.537,1812.387,5,4,-0.088003,-0.009852,1.000000,AVOID,0.000000,0.000000,1.000000,0,0.004551,-0.034029,0.260409,0.267111
trial14_near_wall,2,407,13.0240,-0.297455,0.096772,0.416960,-90.1941,-1.5299,1817.423,1813.698,4,4,0.000786,-0.007193,1.000000,AVOID,0.000000,0.000000,1.000000,0,0.004551,-0.024843,0.255036,0.272484
trial14_near_wall,2,408,13.0560,-0.297456,0.096772,0.416960,-90.1932,-1.5308,1827.123,1793.650,4,4,0.000696,-0.005220,1.000000,AVOID,0.000000,0.000000,1.000000,0,0.004551,-0.018031,0.252709,0.274811
trial14_near_wall,2,409,13.0880,-0.297456,0.096772,0.416960,-90.1924,-1.5316,1816.322,1814.631,5,5,0.000895,-0.003692,1.000000,AVOID,0.000000,0.000000,1.000000,0,0.004551,-0.012751,0.252284,0.275236
trial14_near_wall,2,410,13.1200,-0.297457,0.096772,0.416960,-90.1915,-1.5323,1814.668,1845.147,4,4,0.000793,-0.002570,1.000000,AVOID,0.000000,0.000000,1.000000,0,0.004551,-0.008878,0.252934,0.274586
trial14_near_wall,2,411,13.1520,-0.297458,0.096772,0.416960,-90.1906,-1.5331,1827.836,1829.881,4,4,0.000704,-0.001752,1.000000,AVOID,0.000000,0.000000,1.000000,0,0.004551,-0.006051,0.254128,0.273392
trial14_near_wall,2,412,13.1840,-0.297458,0.096772,0.416960,-90.1897,-1.5339,1825.474,1823.375,5,5,0.000904,-0.001088,1.000000,AVOID,0.000000,0.000000,1.000000,0,0.004551,-0.003758,0.255596,0.271924
trial14_near_wall,2,413,13.2160,-0.297459,0.096772,0.416960,-90.1889,-1.5347,1822.081,1817.260,4,4,0.000801,-0.000616,1.000000,AVOID,0.000000,0.000000,1.000000,0,0.004551,-0.002126,0.257106,0.270414
trial14_near_wall,2,414,13.2480,-0.297459,0.096772,0.416960,-90.1880,-1.5355,1822.033,1825.655,4,4,0.000711,-0.000284,1.000000,AVOID,0.000000,0.000000,1.000000,0,0.004551,-0.000981,0.258524,0.268996
trial14_near_wall,2,415,13.2800,-0.297460,0.096772,0.416960,-90.1872,-1.5363,1827.919,1808.757,4,5,-0.372116,-0.093242,1.000000,AVOID,0.000000,0.000000,1.000000,0,0.004551,-0.322058,0.179318,0.348202
trial14_near_wall,2,416,13.3120,-0.297460,0.096772,0.416960,-90.1863,-1.5371,1827.866,1816.499,5,4,-0.088079,-0.091951,1.000000,AVOID,0.000000,0.000000,1.000000,0,0.004551,-0.317600,0.121029,0.406491
trial14_near_wall,2,417,13.3440,-0.297461,0.096772,0.416960,-90.1855,-1.5378,1841.208,1806.759,4,4,0.000718,-0.068784,1.000000,AVOID,0.000000,0.000000,1.000000,0,0.004551,-0.237580,0.097317,0.430203
trial14_near_wall,2,418,13.3760,-0.297462,0.096772,0.416960,-90.1845,-1.5387,1821.448,1825.666,4,5,0.086665,-0.029922,1.000000,AVOID,0.000000,0.000000,1.000000,0,0.004551,-0.103350,0.113090,0.414430
trial14_near_wall,2,419,13.4080,-0.297462,0.096772,0.416960,-90.1835,-1.5396,1835.548,1826.794,5,4,-0.088071,-0.044459,1.000000,AVOID,0.000000,0.000000,1.000000,0,0.004551,-0.153562,0.112367,0.415153
trial14_near_wall,2,420,13.4400,-0.297463,0.096772,0.416960,-90.1825,-1.5405,1817.891,1819.183,4,4,0.000725,-0.033163,1.000000,AVOID,0.000000,0.000000,1.000000,0,0.004551,-0.114545,0.121579,0.405941
trial14_near_wall,2,421,13.4720,-0.297463,0.096772,0.416960,-90.1815,-1.5414,1839.833,1807.987,4,5,0.086643,-0.003212,1.000000,AVOID,0.000000,0.000000,1.000000,0,0.004551,-0.011093,0.154351,0.373169
trial14_near_wall,2,422,13.5040,-0.297464,0.096772,0.416960,-90.1806,-1.5422,1828.317,1810.835,5,4,-0.088063,-0.024425,1.000000,AVOID,0.000000,0.000000,1.000000,0,0.004551,-0.084362,0.160613,0.366907
trial14_near_wall,2,423,13.5360,-0.297465,0.096772,0.416960,-90.1798,-1.5430,1835.286,1822.409,4,4,0.000732,-0.018135,1.000000,AVOID,0.000000,0.000000,1.000000,0,0.004551,-0.062639,0.170740,0.356780
trial14_near_wall,2,424,13.5680,-0.297465,0.096772,0.416960,-90.1789,-1.5438,1836.721,1816.931,4,5,0.086620,0.008054,1.000000,AVOID,0.000000,0.000000,1.000000,0,0.004551,0.027817,0.200949,0.326571
trial14_near_wall,2,425,13.6000,-0.297466,0.096772,0.416960,-90.1781,-1.5445,1843.430,1817.996,5,4,-0.088055,-0.015974,1.000000,AVOID,0.000000,0.000000,1.000000,0,0.004551,-0.055173,0.202859,0.324661
trial14_near_wall,2,426,13.6320,-0.297466,0.096772,0.416960,-90.1773,-1.5453,1844.026,1817.792,4,4,0.000740,-0.011795,1.000000,AVOID,0.000000,0.000000,1.000000,0,0.004551,-0.040741,0.207899,0.319621
trial14_near_wall,2,427,13.6640,-0.297467,0.096772,0.416960,-90.1765,-1.5460,1809.963,1809.890,4,5,0.086597,0.012803,1.000000,AVOID,0.000000,0.000000,1.000000,0,0.004551,0.044221,0.232919,0.294601
trial14_near_wall,2,428,13.6960,-0.297467,0.096772,0.416960,-90.1757,-1.5468,1826.394,1799.736,5,4,-0.088046,-0.012409,1.000000,AVOID,0.000000,0.000000,1.000000,0,0.004551,-0.042862,0.229914,0.297606
trial14_near_wall,2,429,13.7280,-0.297468,0.096772,0.416960,-90.1749,-1.5475,1837.021,1824.596,4,4,0.000747,-0.009120,1.000000,AVOID,0.000000,0.000000,1.000000,0,0.004551,-0.031501,0.230500,0.297020
trial14_near_wall,2,430,13.7600,-0.297468,0.096772,0.416960,-90.1741,-1.5482,1834.678,1818.140,4,5,0.086574,0.014803,1.000000,AVOID,0.000000,0.000000,1.000000,0,0.004551,0.051131,0.251598,0.275922
trial14_near_wall,2,431,13.7920,-0.297469,0.096772,0.416960,-90.1733,-1.5489,1819.236,1818.803,5,4,-0.088038,-0.010907,1.000000,AVOID,0.000000,0.000000,1.000000,0,0.004551,-0.037673,0.245220,0.282300
trial14_near_wall,2,432,13.8240,-0.297469,0.096772,0.416960,-90.1725,-1.5496,1827.246,1815.475,4,4,0.000755,-0.007992,1.000000,AVOID,0.000000,0.000000,1.000000,0,0.004551,-0.027603,0.242954,0.284566
trial14_near_wall,2,433,13.8560,-0.297470,0.096772,0.416960,-90.1717,-1.5504,1826.583,1823.728,4,5,0.086551,0.015644,1.000000,AVOID,0.000000,0.000000,1.000000,0,0.004551,0.054034,0.261664,0.265856
trial14_near_wall,2,434,13.8880,-0.297470,0.096772,0.416960,-90.1709,-1.5511,1813.912,1811.671,5,4,-0.088029,-0.010274,1.000000,AVOID,0.000000,0.000000,1.000000,0,0.004551,-0.035487,0.253316,0.274204
trial14_near_wall,2,435,13.9200,-0.297471,0.096772,0.416960,-90.1702,-1.5518,1832.954,1822.872,4,4,0.000762,-0.007515,1.000000,AVOID,0.000000,0.000000,1.000000,0,0.004551,-0.025957,0.249438,0.278082
trial14_near_wall,2,436,13.9520,-0.297471,0.096772,0.416960,-90.1694,-1.5525,1835.326,1813.221,4,5,0.086527,0.015995,1.000000,AVOID,0.000000,0.000000,1.000000,0,0.004551,0.055248,0.266831,0.260689
trial14_near_wall,2,437,13.9840,-0.297472,0.096772,0.416960,-90.1686,-1.5532,1825.085,1813.431,5,4,-0.088021,-0.010009,1.000000,AVOID,0.000000,0.000000,1.000000,0,0.004551,-0.034570,0.257421,0.270099
trial14_near_wall,2,438,14.0160,-0.297472,0.096772,0.416960,-90.1678,-1.5539,1829.802,1801.480,4,4,0.000770,-0.007314,1.000000,AVOID,0.000000,0.000000,1.000000,0,0.004551,-0.025262,0.252690,0.274830
trial14_near_wall,2,439,14.0480,-0.297473,0.096772,0.416960,-90.1671,-1.5546,1824.523,1817.420,4,5,0.086503,0.016140,1.000000,AVOID,0.000000,0.000000,1.000000,0,0.004551,0.055749,0.269395,0.258125
trial14_near_wall,2,440,14.0800,-0.297473,0.096772,0.416960,-90.1663,-1.5553,1836.763,1822.704,5,4,-0.088012,-0.009898,1.000000,AVOID,0.000000,0.000000,1.000000,0,0.004551,-0.034186,0.259439,0.268081
trial14_near_wall,2,441,14.1120,-0.297474,0.096772,0.416960,-90.1656,-1.5560,1827.989,1820.440,4,4,0.000778,-0.007229,1.000000,AVOID,0.000000,0.000000,1.000000,0,0.004551,-0.024968,0.254277,0.273243
trial14_near_wall,2,442,14.1440,-0.297474,0.096772,0.416960,-90.1648,-1.5567,1809.290,1807.561,4,5,0.086479,0.016198,1.000000,AVOID,0.000000,0.000000,1.000000,0,0.004551,0.055949,0.270635,0.256885
trial14_near_wall,2,443,14.1760,-0.297475,0.096772,0.416960,-90.1641,-1.5573,1819.943,1822.502,5,4,-0.088003,-0.009852,1.000000,AVOID,0.000000,0.000000,1.000000,0,0.004551,-0.034029,0.260409,0.267111
trial14_near_wall,2,444,14.2080,-0.297475,0.096772,0.416960,-90.1633,-1.5580,1819.533,1834.332,4,4,0.000786,-0.007193,1.000000,AVOID,0.000000,0.000000,1.000000,0,0.004551,-0.024843,0.255036,0.272484
trial14_near_wall,2,445,14.2400,-0.297476,0.096772,0.416960,-90.1626,-1.5587,1820.828,1806.016,4,4,0.000696,-0.005220,1.000000,AVOID,0.000000,0.000000,1.000000,0,0.004551,-0.018031,0.252709,0.274811
trial14_near_wall,2,446,14.2720,-0.297476,0.096772,0.416960,-90.1618,-1.5594,1814.298,1812.134,5,5,0.000895,-0.003692,1.000000,AVOID,0.000000,0.000000,1.000000,0,0.004551,-0.012751,0.252284,0.275236
trial14_near_wall,2,447,14.3040,-0.297477,0.096772,0.416960,-90.1611,-1.5600,1824.902,1801.486,4,4,0.000793,-0.002570,1.000000,AVOID,0.000000,0.000000,1.000000,0,0.004551,-0.008878,0.252934,0.274586
trial14_near_wall,2,448,14.3360,-0.297477,0.096772,0.416960,-90.1604,-1.5607,1818.767,1818.150,4,4,0.000704,-0.001752,1.000000,AVOID,0.000000,0.000000,1.000000,0,0.004551,-0.006051,0.254128,0.273392
trial14_near_wall,2,449,14.3680,-0.297478,0.096772,0.416960,-90.1596,-1.5614,1838.977,1812.820,5,5,0.000904,-0.001088,1.000000,AVOID,0.000000,0.000000,1.000000,0,0.004551,-0.003758,0.255596,0.271924
trial14_near_wall,2,450,14.4000,-0.297478,0.096772,0.416960,-90.1589,-1.5620,1832.181,1814.571,4,4,0.000801,-0.000616,1.000000,AVOID,0.000000,0.000000,1.000000,0,0.004551,-0.002126,0.257106,0.270414
trial14_near_wall,2,451,14.4320,-0.297478,0.096772,0.416960,-90.1582,-1.5627,1834.190,1822.772,4,4,0.000711,-0.000284,1.000000,AVOID,0.000000,0.000000,1.000000,0,0.004551,-0.000981,0.258524,0.268996
trial14_near_wall,2,452,14.4640,-0.297479,0.096772,0.416960,-90.1575,-1.5633,1833.373,1834.441,4,5,-0.372116,-0.093242,1.000000,AVOID,0.000000,0.000000,1.000000,0,0.004551,-0.322058,0.179318,0.348202
trial14_near_wall,2,453,14.4960,-0.297479,0.096772,0.416960,-90.1568,-1.5640,1826.411,1831.304,5,4,-0.088079,-0.091951,1.000000,AVOID,0.000000,0.000000,1.000000,0,0.004551,-0.317600,0.121029,0.406491
trial14_near_wall,2,454,14.5280,-0.297480,0.096772,0.416960,-90.1560,-1.5646,1832.473,1819.712,4,4,0.000718,-0.068784,1.000000,AVOID,0.000000,0.000000,1.000000,0,0.004551,-0.237580,0.097317,0.430203
trial14_near_wall,2,455,14.5600,-0.297480,0.096772,0.416960,-90.1553,-1.5653,1831.381,1824.070,4,5,0.086665,-0.029922,1.000000,AVOID,0.000000,0.000000,1.000000,0,0.004551,-0.103350,0.113090,0.414430
trial14_near_wall,2,456,14.5920,-0.297481,0.096772,0.416960,-90.1546,-1.5660,1820.337,1824.473,5,4,-0.088071,-0.044459,1.000000,AVOID,0.000000,0.000000,1.000000,0,0.004551,-0.153562,0.112367,0.415153
trial14_near_wall,2,457,14.6240,-0.297481,0.096772,0.416960,-90.1538,-1.5667,1820.612,1812.017,4,4,0.000725,-0.033163,1.000000,AVOID,0.000000,0.000000,1.000000,0,0.004551,-0.114545,0.121579,0.405941
trial14_near_wall,2,458,14.6560,-0.297482,0.096772,0.416960,-90.1530,-1.5674,1837.417,1832.637,4,5,0.086643,-0.003212,1.000000,AVOID,0.000000,0.000000,1.000000,0,0.004551,-0.011093,0.154351,0.373169
trial14_near_wall,2,459,14.6880,-0.297482,0.096772,0.416960,-90.1523,-1.5680,1807.362,1801.121,5,4,-0.088063,-0.024425,1.000000,AVOID,0.000000,0.000000,1.000000,0,0.004551,-0.084362,0.160613,0.366907
trial14_near_wall,2,460,14.7200,-0.297483,0.096772,0.416960,-90.1516,-1.5687,1825.687,1812.914,4,4,0.000732,-0.018135,1.000000,AVOID,0.000000,0.000000,1.000000,0,0.004551,-0.062639,0.170740,0.356780
trial14_near_wall,2,461,14.7520,-0.297483,0.096772,0.416960,-90.1509,-1.5693,1840.608,1816.702,4,5,0.086620,0.008054,1.000000,AVOID,0.000000,0.000000,1.000000,0,0.004551,0.027817,0.200949,0.326571
trial14_near_wall,2,462,14.7840,-0.297484,0.096772,0.416960,-90.1502,-1.5699,1823.741,1821.453,5,4,-0.088055,-0.015974,1.000000,AVOID,0.000000,0.000000,1.000000,0,0.004551,-0.055173,0.202859,0.324661
trial14_near_wall,2,463,14.8160,-0.297484,0.096772,0.416960,-90.1496,-1.5706,1824.025,1813.335,4,4,0.000740,-0.011795,1.000000,AVOID,0.000000,0.000000,1.000000,0,0.004551,-0.040741,0.207899,0.319621
trial14_near_wall,2,464,14.8480,-0.297485,0.096772,0.416960,-90.1489,-1.5712,1833.653,1825.379,4,5,0.086597,0.012803,1.000000,AVOID,0.000000,0.000000,1.000000,0,0.004551,0.044221,0.232919,0.294601
trial14_near_wall,2,465,14.8800,-0.297485,0.096772,0.416960,-90.1482,-1.5718,1827.121,1809.224,5,4,-0.088046,-0.012409,1.000000,AVOID,0.000000,0.000000,1.000000,0,0.004551,-0.042862,0.229914,0.297606
trial14_near_wall,2,466,14.9120,-0.297485,0.096772,0.416960,-90.1475,-1.5724,1823.852,1811.766,4,4,0.000747,-0.009120,1.000000,AVOID,0.000000,0.000000,1.000000,0,0.004551,-0.031501,0.230500,0.297020
trial14_near_wall,2,467,14.9440,-0.297486,0.096772,0.416959,-90.1469,-1.5730,1827.278,1831.399,4,5,0.086574,0.014803,1.000000,AVOID,0.000000,0.000000,1.000000,0,0.004551,0.051131,0.251598,0.275922
trial14_near_wall,2,468,14.9760,-0.297486,0.096772,0.416959,-90.1462,-1.5736,1835.468,1823.602,5,4,-0.088038,-0.010907,1.000000,AVOID,0.000000,0.000000,1.000000,0,0.004551,-0.037673,0.245220,0.282300
trial14_near_wall,2,469,15.0080,-0.297487,0.096772,0.416959,-90.1455,-1.5742,1842.318,1805.137,4,4,0.000755,-0.007992,1.000000,AVOID,0.000000,0.000000,1.000000,0,0.004551,-0.027603,0.242954,0.284566
trial14_near_wall,2,470,15.0400,-0.297487,0.096772,0.416959,-90.1449,-1.5748,1831.992,1816.227,4,5,0.086551,0.015644,1.000000,AVOID,0.000000,0.000000,1.000000,0,0.004551,0.054034,0.261664,0.265856
trial14_near_wall,2,471,15.0720,-0.297488,0.096772,0.416959,-90.1442,-1.5754,1820.468,1824.390,5,4,-0.088029,-0.010274,1.000000,AVOID,0.000000,0.000000,1.000000,0,0.004551,-0.035487,0.253316,0.274204
trial14_near_wall,2,472,15.1040,-0.297488,0.096772,0.416959,-90.1435,-1.5760,1818.981,1801.336,4,4,0.000762,-0.007515,1.000000,AVOID,0.000000,0.000000,1.000000,0,0.004551,-0.025957,0.249438,0.278082
trial14_near_wall,2,473,15.1360,-0.297488,0.096772,0.416959,-90.1429,-1.5766,1817.920,1837.620,4,5,0.086527,0.015995,1.000000,AVOID,0.000000,0.000000,1.000000,0,0.004551,0.055248,0.266831,0.260689
trial14_near_wall,2,474,15.1680,-0.297489,0.096772,0.416959,-90.1422,-1.5772,1837.833,1834.527,5,4,-0.088021,-0.010009,1.000000,AVOID,0.000000,0.000000,1.000000,0,0.004551,-0.034570,0.257421,0.270099
trial14_near_wall,2,475,15.2000,-0.297489,0.096772,0.416959,-90.1416,-1.5778,1820.251,1832.299,4,4,0.000770,-0.007314,1.000000,AVOID,0.000000,0.000000,1.000000,0,0.004551,-0.025262,0.252690,0.274830
trial14_near_wall,2,476,15.2320,-0.297490,0.096772,0.416959,-90.1410,-1.5784,1841.604,1816.903,4,5,0.086503,0.016140,1.000000,AVOID,0.000000,0.000000,1.000000,0,0.004551,0.055749,0.269395,0.258125
trial14_near_wall,2,477,15.2640,-0.297490,0.096772,0.416959,-90.1403,-1.5790,1815.876,1830.483,5,4,-0.088012,-0.009898,1.000000,AVOID,0.000000,0.000000,1.000000,0,0.004551,-0.034186,0.259439,0.268081
trial14_near_wall,2,478,15.2960,-0.297490,0.096772,0.416959,-90.1397,-1.5796,1830.056,1818.845,4,4,0.000778,-0.007229,1.000000,AVOID,0.000000,0.000000,1.000000,0,0.004551,-0.024968,0.254277,0.273243
trial14_near_wall,2,479,15.3280,-0.297491,0.096772,0.416959,-90.1390,-1.5801,1823.154,1809.497,4,5,0.086479,0.016198,1.000000,AVOID,0.000000,0.000000,1.000000,0,0.004551,0.055949,0.270635,0.256885
trial14_near_wall,2,480,15.3600,-0.297491,0.096772,0.416959,-90.1384,-1.5807,1821.059,1805.974,5,4,-0.088003,-0.009852,1.000000,AVOID,0.000000,0.000000,1.000000,0,0.004551,-0.034029,0.260409,0.267111
trial14_near_wall,2,481,15.3920,-0.297492,0.096772,0.416959,-90.1378,-1.5813,1843.268,1823.018,4,4,0.000786,-0.007193,1.000000,AVOID,0.000000,0.000000,1.000000,0,0.004551,-0.024843,0.255036,0.272484
trial14_near_wall,2,482,15.4240,-0.297492,0.096772,0.416959,-90.1371,-1.5819,1821.821,1820.774,4,4,0.000696,-0.005220,1.000000,AVOID,0.000000,0.000000,1.000000,0,0.004551,-0.018031,0.252709,0.274811
trial14_near_wall,2,483,15.4560,-0.297492,0.096772,0.416959,-90.1365,-1.5824,1819.274,1818.312,5,5,0.000895,-0.003692,1.000000,AVOID,0.000000,0.000000,1.000000,0,0.004551,-0.012751,0.252284,0.275236
trial14_near_wall,2,484,15.4880,-0.297493,0.096772,0.416959,-90.1359,-1.5830,1828.297,1822.200,4,4,0.000793,-0.002570,1.000000,AVOID,0.000000,0.000000,1.000000,0,0.004551,-0.008878,0.252934,0.274586
trial14_near_wall,2,485,15.5200,-0.297493,0.096772,0.416959,-90.1353,-1.5836,1838.324,1822.360,4,4,0.000704,-0.001752,1.000000,AVOID,0.000000,0.000000,1.000000,0,0.004551,-0.006051,0.254128,0.273392
trial14_near_wall,2,486,15.5520,-0.297494,0.096772,0.416959,-90.1347,-1.5841,1832.448,1816.353,5,5,0.000904,-0.001088,1.000000,AVOID,0.000000,0.000000,1.000000,0,0.004551,-0.003758,0.255596,0.271924
trial14_near_wall,2,487,15.5840,-0.297494,0.096772,0.416959,-90.1341,-1.5847,1820.145,1815.218,4,4,0.000801,-0.000616,1.000000,AVOID,0.000000,0.000000,1.000000,0,0.004551,-0.002126,0.257106,0.270414
trial14_near_wall,2,488,15.6160,-0.297494,0.096772,0.416959,-90.1334,-1.5852,1830.091,1813.778,4,4,0.000711,-0.000284,1.000000,AVOID,0.000000,0.000000,1.000000,0,0.004551,-0.000981,0.258524,0.268996
trial14_near_wall,2,489,15.6480,-0.297495,0.096772,0.416959,-90.1328,-1.5858,1827.758,1821.054,4,5,-0.372116,-0.093242,1.000000,AVOID,0.000000,0.000000,1.000000,0,0.004551,-0.322058,0.179318,0.348202
trial14_near_wall,2,490,15.6800,-0.297495,0.096772,0.416959,-90.1322,-1.5863,1821.045,1819.571,5,4,-0.088079,-0.091951,1.000000,AVOID,0.000000,0.000000,1.000000,0,0.004551,-0.317600,0.121029,0.406491
trial14_near_wall,2,491,15.7120,-0.297496,0.096772,0.416959,-90.1316,-1.5869,1846.937,1808.549,4,4,0.000718,-0.068784,1.000000,AVOID,0.000000,0.000000,1.000000,0,0.004551,-0.237580,0.097317,0.430203
trial14_near_wall,2,492,15.7440,-0.297496,0.096772,0.416959,-90.1310,-1.5874,1829.224,1832.490,4,5,0.086665,-0.029922,1.000000,AVOID,0.000000,0.000000,1.000000,0,0.004551,-0.103350,0.113090,0.414430
trial14_near_wall,2,493,15.7760,-0.297496,0.096772,0.416959,-90.1304,-1.5880,1833.629,1816.317,5,4,-0.088071,-0.044459,1.000000,AVOID,0.000000,0.000000,1.000000,0,0.004551,-0.153562,0.112367,0.415153
trial14_near_wall,2,494,15.8080,-0.297497,0.096772,0.416959,-90.1298,-1.5885,1826.569,1819.438,4,4,0.000725,-0.033163,1.000000,AVOID,0.000000,0.000000,1.000000,0,0.004551,-0.114545,0.121579,0.405941
trial14_near_wall,2,495,15.8400,-0.297497,0.096772,0.416959,-90.1293,-1.5891,1832.908,1814.241,4,5,0.086643,-0.003212,1.000000,AVOID,0.000000,0.000000,1.000000,0,0.004551,-0.011093,0.154351,0.373169
trial14_near_wall,2,496,15.8720,-0.297498,0.096772,0.416959,-90.1287,-1.5896,1826.824,1817.457,5,4,-0.088063,-0.024425,1.000000,AVOID,0.000000,0.000000,1.000000,0,0.004551,-0.084362,0.160613,0.366907
trial14_near_wall,2,497,15.9040,-0.297498,0.096772,0.416959,-90.1281,-1.5901,1835.712,1815.869,4,4,0.000732,-0.018135,1.000000,AVOID,0.000000,0.000000,1.000000,0,0.004551,-0.062639,0.170740,0.356780
trial14_near_wall,2,498,15.9360,-0.297498,0.096772,0.416959,-90.1275,-1.5907,1823.319,1828.050,4,5,0.086620,0.008054,1.000000,AVOID,0.000000,0.000000,1.000000,0,0.004551,0.027817,0.200949,0.326571
trial14_near_wall,2,499,15.9680,-0.297499,0.096772,0.416959,-90.1269,-1.5912,1837.082,1821.965,5,4,-0.088055,-0.015974,1.000000,AVOID,0.000000,0.000000,1.000000,0,0.004551,-0.055173,0.202859,0.324661
trial14_near_wall,2,500,16.0000,-0.297499,0.096772,0.416959,-90.1263,-1.5917,1834.828,1804.983,4,4,0.000740,-0.011795,1.000000,AVOID,0.000000,0.000000,1.000000,0,0.004551,-0.040741,0.207899,0.319621
trial14_near_wall,2,501,16.0320,-0.297499,0.096772,0.416959,-90.1258,-1.5922,1809.883,1808.769,4,5,0.086597,0.012803,1.000000,AVOID,0.000000,0.000000,1.000000,0,0.004551,0.044221,0.232919,0.294601
trial14_near_wall,2,502,16.0640,-0.297500,0.096772,0.416959,-90.1252,-1.5928,1841.056,1817.522,5,4,-0.088046,-0.012409,1.000000,AVOID,0.000000,0.000000,1.000000,0,0.004551,-0.042862,0.229914,0.297606
trial14_near_wall,2,503,16.0960,-0.297500,0.096772,0.416959,-90.1246,-1.5933,1834.227,1825.625,4,4,0.000747,-0.009120,1.000000,AVOID,0.000000,0.000000,1.000000,0,0.004551,-0.031501,0.230500,0.297020
trial14_near_wall,2,504,16.1280,-0.297501,0.096772,0.416959,-90.1240,-1.5938,1824.937,1807.959,4,5,0.086574,0.014803,1.000000,AVOID,0.000000,0.000000,1.000000,0,0.004551,0.051131,0.251598,0.275922
trial14_near_wall,2,505,16.1600,-0.297501,0.096772,0.416959,-90.1235,-1.5943,1829.478,1808.218,5,4,-0.088038,-0.010907,1.000000,AVOID,0.000000,0.000000,1.000000,0,0.004551,-0.037673,0.245220,0.282300
trial14_near_wall,2,506,16.1920,-0.297501,0.096772,0.416959,-90.1229,-1.5948,1822.074,1820.860,4,4,0.000755,-0.007992,1.000000,AVOID,0.000000,0.000000,1.000000,0,0.004551,-0.027603,0.242954,0.284566
trial14_near_wall,2,507,16.2240,-0.297502,0.096772,0.416959,-90.1224,-1.5953,1826.840,1823.735,4,5,0.086551,0.015644,1.000000,AVOID,0.000000,0.000000,1.000000,0,0.004551,0.054034,0.261664,0.265856
trial14_near_wall,2,508,16.2560,-0.297502,0.096772,0.416959,-90.1218,-1.5958,1826.621,1826.809,5,4,-0.088029,-0.010274,1.000000,AVOID,0.000000,0.000000,1.000000,0,0.004551,-0.035487,0.253316,0.274204
trial14_near_wall,2,509,16.2880,-0.297502,0.096772,0.416959,-90.1213,-1.5964,1841.086,1808.389,4,4,0.000762,-0.007515,1.000000,AVOID,0.000000,0.000000,1.000000,0,0.004551,-0.025957,0.249438,0.278082
trial14_near_wall,2,510,16.3200,-0.297503,0.096772,0.416959,-90.1207,-1.5969,1836.562,1812.717,4,5,0.086527,0.015995,1.000000,AVOID,0.000000,0.000000,1.000000,0,0.004551,0.055248,0.266831,0.260689
trial14_near_wall,2,511,16.3520,-0.297503,0.096772,0.416959,-90.1202,-1.5974,1847.303,1821.116,5,4,-0.088021,-0.010009,1.000000,AVOID,0.000000,0.000000,1.000000,0,0.004551,-0.034570,0.257421,0.270099
trial14_near_wall,2,512,16.3840,-0.297503,0.096772,0.416959,-90.1196,-1.5979,1821.978,1833.027,4,4,0.000770,-0.007314,1.000000,AVOID,0.000000,0.000000,1.000000,0,0.004551,-0.025262,0.252690,0.274830
trial14_near_wall,2,513,16.4160,-0.297504,0.096772,0.416959,-90.1191,-1.5984,1827.366,1821.151,4,5,0.086503,0.016140,1.000000,AVOID,0.000000,0.000000,1.000000,0,0.004551,0.055749,0.269395,0.258125
trial14_near_wall,2,514,16.4480,-0.297504,0.096772,0.416959,-90.1185,-1.5988,1847.389,1792.366,5,4,-0.088012,-0.009898,1.000000,AVOID,0.000000,0.000000,1.000000,0,0.004551,-0.034186,0.259439,0.268081
trial14_near_wall,2,515,16.4800,-0.297504,0.096772,0.416959,-90.1180,-1.5993,1831.605,1812.375,4,4,0.000778,-0.007229,1.000000,AVOID,0.000000,0.000000,1.000000,0,0.004551,-0.024968,0.254277,0.273243
trial14_near_wall,2,516,16.5120,-0.297505,0.096772,0.416959,-90.1174,-1.5998,1828.716,1814.122,4,5,0.086479,0.016198,1.000000,AVOID,0.000000,0.000000,1.000000,0,0.004551,0.055949,0.270635,0.256885
trial14_near_wall,2,517,16.5440,-0.297505,0.096772,0.416959,-90.1169,-1.6003,1819.749,1815.545,5,4,-0.088003,-0.009852,1.000000,AVOID,0.000000,0.000000,1.000000,0,0.004551,-0.034029,0.260409,0.267111
trial14_near_wall,2,518,16.5760,-0.297505,0.096772,0.416959,-90.1164,-1.6008,1818.495,1824.429,4,4,0.000786,-0.007193,1.000000,AVOID,0.000000,0.000000,1.000000,0,0.004551,-0.024843,0.255036,0.272484
trial14_near_wall,2,519,16.6080,-0.297506,0.096772,0.416959,-90.1159,-1.6013,1821.646,1815.890,4,4,0.000696,-0.005220,1.000000,AVOID,0.000000,0.000000,1.000000,0,0.004551,-0.018031,0.252709,0.274811
trial14_near_wall,2,520,16.6400,-0.297506,0.096772,0.416959,-90.1153,-1.6018,1826.032,1811.746,5,5,0.000895,-0.003692,1.000000,AVOID,0.000000,0.000000,1.000000,0,0.004551,-0.012751,0.252284,0.275236
trial14_near_wall,2,521,16.6720,-0.297506,0.096772,0.416959,-90.1148,-1.6022,1815.331,1810.885,4,4,0.000793,-0.002570,1.000000,AVOID,0.000000,0.000000,1.000000,0,0.004551,-0.008878,0.252934,0.274586
trial14_near_wall,2,522,16.7040,-0.297507,0.096772,0.416959,-90.1143,-1.6027,1835.700,1806.935,4,4,0.000704,-0.001752,1.000000,AVOID,0.000000,0.000000,1.000000,0,0.004551,-0.006051,0.254128,0.273392
trial14_near_wall,2,523,16.7360,-0.297507,0.096772,0.416959,-90.1138,-1.6032,1814.176,1810.510,5,5,0.000904,-0.001088,1.000000,AVOID,0.000000,0.000000,1.000000,0,0.004551,-0.003758,0.255596,0.271924
trial14_near_wall,2,524,16.7680,-0.297507,0.096772,0.416959,-90.1132,-1.6037,1819.786,1825.483,4,4,0.000801,-0.000616,1.000000,AVOID,0.000000,0.000000,1.000000,0,0.004551,-0.002126,0.257106,0.270414
trial14_near_wall,2,525,16.8000,-0.297508,0.096772,0.416959,-90.1127,-1.6041,1842.534,1827.128,4,4,0.000711,-0.000284,1.000000,AVOID,0.000000,0.000000,1.000000,0,0.004551,-0.000981,0.258524,0.268996
trial14_near_wall,2,526,16.8320,-0.297508,0.096772,0.416959,-90.1122,-1.6046,1823.933,1823.849,4,5,-0.372116,-0.093242,1.000000,AVOID,0.000000,0.000000,1.000000,0,0.004551,-0.322058,0.179318,0.348202
trial14_near_wall,2,527,16.8640,-0.297508,0.096772,0.416959,-90.1117,-1.6051,1829.044,1818.679,5,4,-0.088079,-0.091951,1.000000,AVOID,0.000000,0.000000,1.000000,0,0.004551,-0.317600,0.121029,0.406491
trial14_near_wall,2,528,16.8960,-0.297509,0.096772,0.416959,-90.1112,-1.6055,1821.837,1827.856,4,4,0.000718,-0.068784,1.000000,AVOID,0.000000,0.000000,1.000000,0,0.004551,-0.237580,0.097317,0.430203
trial14_near_wall,2,529,16.9280,-0.297509,0.096772,0.416959,-90.1107,-1.6060,1836.670,1806.245,4,5,0.086665,-0.029922,1.000000,AVOID,0.000000,0.000000,1.000000,0,0.004551,-0.103350,0.113090,0.414430
trial14_near_wall,2,530,16.9600,-0.297509,0.096772,0.416959,-90.1102,-1.6064,1821.800,1827.023,5,4,-0.088071,-0.044459,1.000000,AVOID,0.000000,0.000000,1.000000,0,0.004551,-0.153562,0.112367,0.415153
trial14_near_wall,2,531,16.9920,-0.297510,0.096772,0.416959,-90.1097,-1.6069,1832.880,1792.739,4,4,0.000725,-0.033163,1.000000,AVOID,0.000000,0.000000,1.000000,0,0.004551,-0.114545,0.121579,0.405941
trial14_near_wall,2,532,17.0240,-0.297510,0.096772,0.416959,-90.1092,-1.6074,1828.246,1825.737,4,5,0.086643,-0.003212,1.000000,AVOID,0.000000,0.000000,1.000000,0,0.004551,-0.011093,0.154351,0.373169
trial14_near_wall,2,533,17.0560,-0.297510,0.096772,0.416959,-90.1087,-1.6078,1830.220,1807.467,5,4,-0.088063,-0.024425,1.000000,AVOID,0.000000,0.000000,1.000000,0,0.004551,-0.084362,0.160613,0.366907
trial14_near_wall,2,534,17.0880,-0.297511,0.096772,0.416959,-90.1082,-1.6083,1820.670,1817.016,4,4,0.000732,-0.018135,1.000000,AVOID,0.000000,0.000000,1.000000,0,0.004551,-0.062639,0.170740,0.356780
trial14_near_wall,2,535,17.1200,-0.297511,0.096772,0.416959,-90.1077,-1.6087,1820.712,1826.792,4,5,0.086620,0.008054,1.000000,AVOID,0.000000,0.000000,1.000000,0,0.004551,0.027817,0.200949,0.326571
trial14_near_wall,2,536,17.1520,-0.297511,0.096772,0.416959,-90.1072,-1.6092,1825.803,1822.951,5,4,-0.088055,-0.015974,1.000000,AVOID,0.000000,0.000000,1.000000,0,0.004551,-0.055173,0.202859,0.324661
trial14_near_wall,2,537,17.1840,-0.297512,0.096772,0.416959,-90.1067,-1.6096,1826.965,1813.813,4,4,0.000740,-0.011795,1.000000,AVOID,0.000000,0.000000,1.000000,0,0.004551,-0.040741,0.207899,0.319621
trial14_near_wall,2,538,17.2160,-0.297512,0.096772,0.416959,-90.1062,-1.6100,1838.802,1818.510,4,5,0.086597,0.012803,1.000000,AVOID,0.000000,0.000000,1.000000,0,0.004551,0.044221,0.232919,0.294601
trial14_near_wall,2,539,17.2480,-0.297512,0.096772,0.416959,-90.1057,-1.6105,1833.202,1815.298,5,4,-0.088046,-0.012409,1.000000,AVOID,0.000000,0.000000,1.000000,0,0.004551,-0.042862,0.229914,0.297606
trial14_near_wall,2,540,17.2800,-0.297513,0.096772,0.416959,-90.1053,-1.6109,1823.934,1807.918,4,4,0.000747,-0.009120,1.000000,AVOID,0.000000,0.000000,1.000000,0,0.004551,-0.031501,0.230500,0.297020
trial14_near_wall,2,541,17.3120,-0.297513,0.096772,0.416959,-90.1048,-1.6114,1845.991,1816.272,4,5,0.086574,0.014803,1.000000,AVOID,0.000000,0.000000,1.000000,0,0.004551,0.051131,0.251598,0.275922
trial14_near_wall,2,542,17.3440,-0.297513,0.096772,0.416959,-90.1043,-1.6118,1816.133,1807.469,5,4,-0.088038,-0.010907,1.000000,AVOID,0.000000,0.000000,1.000000,0,0.004551,-0.037673,0.245220,0.282300
trial14_near_wall,2,543,17.3760,-0.297514,0.096772,0.416959,-90.1038,-1.6122,1830.610,1818.414,4,4,0.000755,-0.007992,1.000000,AVOID,0.000000,0.000000,1.000000,0,0.004551,-0.027603,0.242954,0.284566
trial14_near_wall,2,544,17.4080,-0.297514,0.096772,0.416959,-90.1034,-1.6127,1823.880,1819.108,4,5,0.086551,0.015644,1.000000,AVOID,0.000000,0.000000,1.000000,0,0.004551,0.054034,0.261664,0.265856
trial14_near_wall,2,545,17.4400,-0.297514,0.096772,0.416959,-90.1029,-1.6131,1827.405,1818.473,5,4,-0.088029,-0.010274,1.000000,AVOID,0.000000,0.000000,1.000000,0,0.004551,-0.035487,0.253316,0.274204
trial14_near_wall,2,546,17.4720,-0.297514,0.096772,0.416959,-90.1024,-1.6135,1832.196,1828.480,4,4,0.000762,-0.007515,1.000000,AVOID,0.000000,0.000000,1.000000,0,0.004551,-0.025957,0.249438,0.278082
trial14_near_wall,2,547,17.5040,-0.297515,0.096772,0.416959,-90.1020,-1.6139,1829.027,1821.729,4,5,0.086527,0.015995,1.000000,AVOID,0.000000,0.000000,1.000000,0,0.004551,0.055248,0.266831,0.260689
trial14_near_wall,2,548,17.5360,-0.297515,0.096772,0.416959,-90.1015,-1.6144,1824.265,1825.448,5,4,-0.088021,-0.010009,1.000000,AVOID,0.000000,0.000000,1.000000,0,0.004551,-0.034570,0.257421,0.270099
trial14_near_wall,2,549,17.5680,-0.297515,0.096772,0.416959,-90.1010,-1.6148,1827.866,1802.044,4,4,0.000770,-0.007314,1.000000,AVOID,0.000000,0.000000,1.000000,0,0.004551,-0.025262,0.252690,0.274830
trial14_near_wall,2,550,17.6000,-0.297516,0.096772,0.416959,-90.1006,-1.6152,1832.474,1831.566,4,5,0.086503,0.016140,1.000000,AVOID,0.000000,0.000000,1.000000,0,0.004551,0.055749,0.269395,0.258125
trial14_near_wall,2,551,17.6320,-0.297516,0.096772,0.416959,-90.1001,-1.6156,1815.130,1799.489,5,4,-0.088012,-0.009898,1.000000,AVOID,0.000000,0.000000,1.000000,0,0.004551,-0.034186,0.259439,0.268081
trial14_near_wall,2,552,17.6640,-0.297516,0.096772,0.416959,-90.0997,-1.6160,1833.600,1831.050,4,4,0.000778,-0.007229,1.000000,AVOID,0.000000,0.000000,1.000000,0,0.004551,-0.024968,0.254277,0.273243
trial14_near_wall,2,553,17.6960,-0.297517,0.096772,0.416959,-90.0992,-1.6164,1826.837,1824.517,4,5,0.086479,0.016198,1.000000,AVOID,0.000000,0.000000,1.000000,0,0.004551,0.055949,0.270635,0.256885
trial14_near_wall,2,554,17.7280,-0.297517,0.096772,0.416959,-90.0988,-1.6169,1814.043,1808.502,5,4,-0.088003,-0.009852,1.000000,AVOID,0.000000,0.000000,1.000000,0,0.004551,-0.034029,0.260409,0.267111
trial14_near_wall,2,555,17.7600,-0.297517,0.096772,0.416959,-90.0983,-1.6173,1823.531,1810.153,4,4,0.000786,-0.007193,1.000000,AVOID,0.000000,0.000000,1.000000,0,0.004551,-0.024843,0.255036,0.272484
trial14_near_wall,2,556,17.7920,-0.297517,0.096772,0.416959,-90.0979,-1.6177,1832.218,1825.313,4,4,0.000696,-0.005220,1.000000,AVOID,0.000000,0.000000,1.000000,0,0.004551,-0.018031,0.252709,0.274811
trial14_near_wall,2,557,17.8240,-0.297518,0.096772,0.416959,-90.0974,-1.6181,1811.331,1832.471,5,5,0.000895,-0.003692,1.000000,AVOID,0.000000,0.000000,1.000000,0,0.004551,-0.012751,0.252284,0.275236
trial14_near_wall,2,558,17.8560,-0.297518,0.096772,0.416959,-90.0970,-1.6185,1820.451,1818.312,4,4,0.000793,-0.002570,1.000000,AVOID,0.000000,0.000000,1.000000,0,0.004551,-0.008878,0.252934,0.274586
trial14_near_wall,2,559,17.8880,-0.297518,0.096772,0.416959,-90.0965,-1.6189,1809.096,1824.663,4,4,0.000704,-0.001752,1.000000,AVOID,0.000000,0.000000,1.000000,0,0.004551,-0.006051,0.254128,0.273392
trial14_near_wall,2,560,17.9200,-0.297519,0.096772,0.416959,-90.0961,-1.6193,1826.009,1827.010,5,5,0.000904,-0.001088,1.000000,AVOID,0.000000,0.000000,1.000000,0,0.004551,-0.003758,0.255596,0.271924
trial14_near_wall,2,561,17.9520,-0.297519,0.096772,0.416959,-90.0957,-1.6197,1838.492,1811.805,4,4,0.000801,-0.000616,1.000000,AVOID,0.000000,0.000000,1.000000,0,0.004551,-0.002126,0.257106,0.270414
trial14_near_wall,2,562,17.9840,-0.297519,0.096772,0.416959,-90.0952,-1.6201,1814.152,1824.833,4,4,0.000711,-0.000284,1.000000,AVOID,0.000000,0.000000,1.000000,0,0.004551,-0.000981,0.258524,0.268996
trial14_near_wall,2,563,18.0160,-0.297519,0.096772,0.416959,-90.0948,-1.6205,1836.771,1830.079,4,5,-0.372116,-0.093242,1.000000,AVOID,0.000000,0.000000,1.000000,0,0.004551,-0.322058,0.179318,0.348202
trial14_near_wall,2,564,18.0480,-0.297520,0.096772,0.416959,-90.0944,-1.6209,1824.724,1826.905,5,4,-0.088079,-0.091951,1.000000,AVOID,0.000000,0.000000,1.000000,0,0.004551,-0.317600,0.121029,0.406491
trial14_near_wall,2,565,18.0800,-0.297520,0.096772,0.416959,-90.0939,-1.6213,1836.490,1817.570,4,4,0.000718,-0.068784,1.000000,AVOID,0.000000,0.000000,1.000000,0,0.004551,-0.237580,0.097317,0.430203
trial14_near_wall,2,566,18.1120,-0.297520,0.096772,0.416959,-90.0935,-1.6216,1836.363,1821.896,4,5,0.086665,-0.029922,1.000000,AVOID,0.000000,0.000000,1.000000,0,0.004551,-0.103350,0.113090,0.414430
trial14_near_wall,2,567,18.1440,-0.297520,0.096772,0.416959,-90.0931,-1.6220,1815.516,1823.670,5,4,-0.088071,-0.044459,1.000000,AVOID,0.000000,0.000000,1.000000,0,0.004551,-0.153562,0.112367,0.415153
trial14_near_wall,2,568,18.1760,-0.297521,0.096772,0.416959,-90.0927,-1.6224,1831.906,1804.337,4,4,0.000725,-0.033163,1.000000,AVOID,0.000000,0.000000,1.000000,0,0.004551,-0.114545,0.121579,0.405941
trial14_near_wall,2,569,18.2080,-0.297521,0.096772,0.416958,-90.0922,-1.6228,1814.958,1831.190,4,5,0.086643,-0.003212,1.000000,AVOID,0.000000,0.000000,1.000000,0,0.004551,-0.011093,0.154351,0.373169
trial14_near_wall,2,570,18.2400,-0.297521,0.096772,0.416958,-90.0918,-1.6232,1823.693,1811.004,5,4,-0.088063,-0.024425,1.000000,AVOID,0.000000,0.000000,1.000000,0,0.004551,-0.084362,0.160613,0.366907
trial14_near_wall,2,571,18.2720,-0.297522,0.096772,0.416958,-90.0914,-1.6236,1819.622,1820.818,4,4,0.000732,-0.018135,1.000000,AVOID,0.000000,0.000000,1.000000,0,0.004551,-0.062639,0.170740,0.356780
trial14_near_wall,2,572,18.3040,-0.297522,0.096772,0.416958,-90.0910,-1.6240,1828.330,1823.559,4,5,0.086620,0.008054,1.000000,AVOID,0.000000,0.000000,1.000000,0,0.004551,0.027817,0.200949,0.326571
trial14_near_wall,2,573,18.3360,-0.297522,0.096772,0.416958,-90.0906,-1.6243,1824.866,1820.609,5,4,-0.088055,-0.015974,1.000000,AVOID,0.000000,0.000000,1.000000,0,0.004551,-0.055173,0.202859,0.324661
trial14_near_wall,2,574,18.3680,-0.297522,0.096772,0.416958,-90.0901,-1.6247,1838.444,1815.451,4,4,0.000740,-0.011795,1.000000,AVOID,0.000000,0.000000,1.000000,0,0.004551,-0.040741,0.207899,0.319621
trial14_near_wall,2,575,18.4000,-0.297523,0.096772,0.416958,-90.0897,-1.6251,1828.173,1816.821,4,5,0.086597,0.012803,1.000000,AVOID,0.000000,0.000000,1.000000,0,0.004551,0.044221,0.232919,0.294601
trial14_near_wall,2,576,18.4320,-0.297523,0.096772,0.416958,-90.0893,-1.6255,1814.979,1837.349,5,4,-0.088046,-0.012409,1.000000,AVOID,0.000000,0.000000,1.000000,0,0.004551,-0.042862,0.229914,0.297606
trial14_near_wall,2,577,18.4640,-0.297523,0.096772,0.416958,-90.0889,-1.6258,1823.025,1815.836,4,4,0.000747,-0.009120,1.000000,AVOID,0.000000,0.000000,1.000000,0,0.004551,-0.031501,0.230500,0.297020
trial14_near_wall,2,578,18.4960,-0.297523,0.096772,0.416958,-90.0885,-1.6262,1829.693,1820.028,4,5,0.086574,0.014803,1.000000,AVOID,0.000000,0.000000,1.000000,0,0.004551,0.051131,0.251598,0.275922
trial14_near_wall,2,579,18.5280,-0.297524,0.096772,0.416958,-90.0881,-1.6266,1818.691,1828.622,5,4,-0.088038,-0.010907,1.000000,AVOID,0.000000,0.000000,1.000000,0,0.004551,-0.037673,0.245220,0.282300
trial14_near_wall,2,580,18.5600,-0.297524,0.096772,0.416958,-90.0877,-1.6269,1827.213,1807.702,4,4,0.000755,-0.007992,1.000000,AVOID,0.000000,0.000000,1.000000,0,0.004551,-0.027603,0.242954,0.284566
trial14_near_wall,2,581,18.5920,-0.297524,0.096772,0.416958,-90.0873,-1.6273,1820.551,1818.937,4,5,0.086551,0.015644,1.000000,AVOID,0.000000,0.000000,1.000000,0,0.004551,0.054034,0.261664,0.265856
trial14_near_wall,2,582,18.6240,-0.297524,0.096772,0.416958,-90.0869,-1.6276,1815.533,1829.513,5,4,-0.088029,-0.010274,1.000000,AVOID,0.000000,0.000000,1.000000,0,0.004551,-0.035487,0.253316,0.274204
trial14_near_wall,2,583,18.6560,-0.297525,0.096772,0.416958,-90.0865,-1.6280,1817.003,1809.270,4,4,0.000762,-0.007515,1.000000,AVOID,0.000000,0.000000,1.000000,0,0.004551,-0.025957,0.249438,0.278082
trial14_near_wall,2,584,18.6880,-0.297525,0.096772,0.416958,-90.0861,-1.6284,1800.006,1816.115,4,5,0.086527,0.015995,1.000000,AVOID,0.000000,0.000000,1.000000,0,0.004551,0.055248,0.266831,0.260689
trial14_near_wall,2,585,18.7200,-0.297525,0.096772,0.416958,-90.0857,-1.6287,1826.379,1827.665,5,4,-0.088021,-0.010009,1.000000,AVOID,0.000000,0.000000,1.000000,0,0.004551,-0.034570,0.257421,0.270099
trial14_near_wall,2,586,18.7520,-0.297525,0.096772,0.416958,-90.0853,-1.6291,1834.431,1804.398,4,4,0.000770,-0.007314,1.000000,AVOID,0.000000,0.000000,1.000000,0,0.004551,-0.025262,0.252690,0.274830
trial14_near_wall,2,587,18.7840,-0.297526,0.096772,0.416958,-90.0850,-1.6294,1833.832,1815.412,4,5,0.086503,0.016140,1.000000,AVOID,0.000000,0.000000,1.000000,0,0.004551,0.055749,0.269395,0.258125
trial14_near_wall,2,588,18.8160,-0.297526,0.096772,0.416958,-90.0846,-1.6298,1823.869,1815.934,5,4,-0.088012,-0.009898,1.000000,AVOID,0.000000,0.000000,1.000000,0,0.004551,-0.034186,0.259439,0.268081
trial14_near_wall,2,589,18.8480,-0.297526,0.096772,0.416958,-90.0842,-1.6301,1819.384,1800.618,4,4,0.000778,-0.007229,1.000000,AVOID,0.000000,0.000000,1.000000,0,0.004551,-0.024968,0.254277,0.273243
trial14_near_wall,2,590,18.8800,-0.297526,0.096772,0.416958,-90.0838,-1.6305,1804.127,1833.275,4,5,0.086479,0.016198,1.000000,AVOID,0.000000,0.000000,1.000000,0,0.004551,0.055949,0.270635,0.256885
trial14_near_wall,2,591,18.9120,-0.297527,0.096772,0.416958,-90.0834,-1.6308,1826.539,1836.521,5,4,-0.088003,-0.009852,1.000000,AVOID,0.000000,0.000000,1.000000,0,0.004551,-0.034029,0.260409,0.267111
trial14_near_wall,2,592,18.9440,-0.297527,0.096772,0.416958,-90.0830,-1.6312,1838.830,1816.554,4,4,0.000786,-0.007193,1.000000,AVOID,0.000000,0.000000,1.000000,0,0.004551,-0.024843,0.255036,0.272484
trial14_near_wall,2,593,18.9760,-0.297527,0.096772,0.416958,-90.0827,-1.6315,1825.434,1824.513,4,4,0.000696,-0.005220,1.000000,AVOID,0.000000,0.000000,1.000000,0,0.004551,-0.018031,0.252709,0.274811
trial14_near_wall,2,594,19.0080,-0.297527,0.096772,0.416958,-90.0823,-1.6319,1792.026,1815.646,5,5,0.000895,-0.003692,1.000000,AVOID,0.000000,0.000000,1.000000,0,0.004551,-0.012751,0.252284,0.275236
trial14_near_wall,2,595,19.0400,-0.297528,0.096772,0.416958,-90.0819,-1.6322,1819.819,1816.859,4,4,0.000793,-0.002570,1.000000,AVOID,0.000000,0.000000,1.000000,0,0.004551,-0.008878,0.252934,0.274586
trial14_near_wall,2,596,19.0720,-0.297528,0.096772,0.416958,-90.0815,-1.6325,1837.730,1826.776,4,4,0.000704,-0.001752,1.000000,AVOID,0.000000,0.000000,1.000000,0,0.004551,-0.006051,0.254128,0.273392
trial14_near_wall,2,597,19.1040,-0.297528,0.096772,0.416958,-90.0812,-1.6329,1812.525,1818.136,5,5,0.000904,-0.001088,1.000000,AVOID,0.000000,0.000000,1.000000,0,0.004551,-0.003758,0.255596,0.271924
trial14_near_wall,2,598,19.1360,-0.297528,0.096772,0.416958,-90.0808,-1.6332,1836.298,1822.441,4,4,0.000801,-0.000616,1.000000,AVOID,0.000000,0.000000,1.000000,0,0.004551,-0.002126,0.257106,0.270414
trial14_near_wall,2,599,19.1680,-0.297529,0.096772,0.416958,-90.0804,-1.6336,1829.911,1833.538,4,4,0.000711,-0.000284,1.000000,AVOID,0.000000,0.000000,1.000000,0,0.004551,-0.000981,0.258524,0.268996
trial14_near_wall,2,600,19.2000,-0.297529,0.096772,0.416958,-90.0801,-1.6339,1827.041,1806.064,4,5,-0.372116,-0.093242,1.000000,AVOID,0.000000,0.000000,1.000000,0,0.004551,-0.322058,0.179318,0.348202
trial14_near_wall,2,601,19.2320,-0.297529,0.096772,0.416958,-90.0797,-1.6342,1828.120,1833.277,5,4,-0.088079,-0.091951,1.000000,AVOID,0.000000,0.000000,1.000000,0,0.004551,-0.317600,0.121029,0.406491
trial14_near_wall,2,602,19.2640,-0.297529,0.096772,0.416958,-90.0793,-1.6346,1814.329,1817.582,4,4,0.000718,-0.068784,1.000000,AVOID,0.000000,0.000000,1.000000,0,0.004551,-0.237580,0.097317,0.430203
trial14_near_wall,2,603,19.2960,-0.297530,0.096772,0.416958,-90.0790,-1.6349,1840.858,1835.414,4,5,0.086665,-0.029922,1.000000,AVOID,0.000000,0.000000,1.000000,0,0.004551,-0.103350,0.113090,0.414430
trial14_near_wall,2,604,19.3280,-0.297530,0.096772,0.416958,-90.0786,-1.6352,1831.460,1815.397,5,4,-0.088071,-0.044459,1.000000,AVOID,0.000000,0.000000,1.000000,0,0.004551,-0.153562,0.112367,0.415153
trial14_near_wall,2,605,19.3600,-0.297530,0.096772,0.416958,-90.0783,-1.6355,1829.089,1828.453,4,4,0.000725,-0.033163,1.000000,AVOID,0.000000,0.000000,1.000000,0,0.004551,-0.114545,0.121579,0.405941
trial14_near_wall,2,606,19.3920,-0.297530,0.096772,0.416958,-90.0779,-1.6359,1824.926,1832.232,4,5,0.086643,-0.003212,1.000000,AVOID,0.000000,0.000000,1.000000,0,0.004551,-0.011093,0.154351,0.373169
trial14_near_wall,2,607,19.4240,-0.297530,0.096772,0.416958,-90.0776,-1.6362,1811.532,1822.222,5,4,-0.088063,-0.024425,1.000000,AVOID,0.000000,0.000000,1.000000,0,0.004551,-0.084362,0.160613,0.366907
trial14_near_wall,2,608,19.4560,-0.297531,0.096772,0.416958,-90.0772,-1.6365,1840.661,1825.247,4,4,0.000732,-0.018135,1.000000,AVOID,0.000000,0.000000,1.000000,0,0.004551,-0.062639,0.170740,0.356780
trial14_near_wall,2,609,19.4880,-0.297531,0.096772,0.416958,-90.0769,-1.6368,1825.702,1818.497,4,5,0.086620,0.008054,1.000000,AVOID,0.000000,0.000000,1.000000,0,0.004551,0.027817,0.200949,0.326571
trial14_near_wall,2,610,19.5200,-0.297531,0.096772,0.416958,-90.0765,-1.6371,1809.960,1821.181,5,4,-0.088055,-0.015974,1.000000,AVOID,0.000000,0.000000,1.000000,0,0.004551,-0.055173,0.202859,0.324661
trial14_near_wall,2,611,19.5520,-0.297531,0.096772,0.416958,-90.0762,-1.6375,1822.025,1818.870,4,4,0.000740,-0.011795,1.000000,AVOID,0.000000,0.000000,1.000000,0,0.004551,-0.040741,0.207899,0.319621
trial14_near_wall,2,612,19.5840,-0.297532,0.096772,0.416958,-90.0758,-1.6378,1839.593,1826.769,4,5,0.086597,0.012803,1.000000,AVOID,0.000000,0.000000,1.000000,0,0.004551,0.044221,0.232919,0.294601
trial14_near_wall,2,613,19.6160,-0.297532,0.096772,0.416958,-90.0755,-1.6381,1830.216,1820.281,5,4,-0.088046,-0.012409,1.000000,AVOID,0.000000,0.000000,1.000000,0,0.004551,-0.042862,0.229914,0.297606
trial14_near_wall,2,614,19.6480,-0.297532,0.096772,0.416958,-90.0751,-1.6384,1817.494,1817.980,4,4,0.000747,-0.009120,1.000000,AVOID,0.000000,0.000000,1.000000,0,0.004551,-0.031501,0.230500,0.297020
trial14_near_wall,2,615,19.6800,-0.297532,0.096772,0.416958,-90.0748,-1.6387,1818.272,1822.785,4,5,0.086574,0.014803,1.000000,AVOID,0.000000,0.000000,1.000000,0,0.004551,0.051131,0.251598,0.275922
trial14_near_wall,2,616,19.7120,-0.297532,0.096772,0.416958,-90.0744,-1.6390,1837.954,1820.637,5,4,-0.088038,-0.010907,1.000000,AVOID,0.000000,0.000000,1.000000,0,0.004551,-0.037673,0.245220,0.282300
trial14_near_wall,2,617,19.7440,-0.297533,0.096772,0.416958,-90.0741,-1.6393,1823.793,1815.214,4,4,0.000755,-0.007992,1.000000,AVOID,0.000000,0.000000,1.000000,0,0.004551,-0.027603,0.242954,0.284566
trial14_near_wall,2,618,19.7760,-0.297533,0.096772,0.416958,-90.0738,-1.6396,1823.970,1810.370,4,5,0.086551,0.015644,1.000000,AVOID,0.000000,0.000000,1.000000,0,0.004551,0.054034,0.261664,0.265856
trial14_near_wall,2,619,19.8080,-0.297533,0.096772,0.416958,-90.0734,-1.6399,1826.705,1829.381,5,4,-0.088029,-0.010274,1.000000,AVOID,0.000000,0.000000,1.000000,0,0.004551,-0.035487,0.253316,0.274204
trial14_near_wall,2,620,19.8400,-0.297533,0.096772,0.416958,-90.0731,-1.6403,1815.139,1825.272,4,4,0.000762,-0.007515,1.000000,AVOID,0.000000,0.000000,1.000000,0,0.004551,-0.025957,0.249438,0.278082
trial14_near_wall,2,621,19.8720,-0.297534,0.096772,0.416958,-90.0728,-1.6406,1830.289,1807.777,4,5,0.086527,0.015995,1.000000,AVOID,0.000000,0.000000,1.000000,0,0.004551,0.055248,0.266831,0.260689
trial14_near_wall,2,622,19.9040,-0.297534,0.096772,0.416958,-90.0724,-1.6409,1833.642,1819.333,5,4,-0.088021,-0.010009,1.000000,AVOID,0.000000,0.000000,1.000000,0,0.004551,-0.034570,0.257421,0.270099
trial14_near_wall,2,623,19.9360,-0.297534,0.096772,0.416958,-90.0721,-1.6412,1812.407,1828.904,4,4,0.000770,-0.007314,1.000000,AVOID,0.000000,0.000000,1.000000,0,0.004551,-0.025262,0.252690,0.274830
trial14_near_wall,2,624,19.9680,-0.297534,0.096772,0.416958,-90.0718,-1.6415,1822.181,1825.817,4,5,0.086503,0.016140,1.000000,AVOID,0.000000,0.000000,1.000000,0,0.004551,0.055749,0.269395,0.258125
trial14_near_wall,2,625,20.0000,-0.297534,0.096772,0.416958,-90.0714,-1.6418,1821.206,1818.869,5,4,-0.088012,-0.009898,1.000000,AVOID,0.000000,0.000000,1.000000,0,0.004551,-0.034186,0.259439,0.268081
trial14_near_wall,2,626,20.0320,-0.297535,0.096772,0.416958,-90.0711,-1.6420,1825.846,1814.780,4,4,0.000778,-0.007229,1.000000,AVOID,0.000000,0.000000,1.000000,0,0.004551,-0.024968,0.254277,0.273243
trial14_near_wall,2,627,20.0640,-0.297535,0.096772,0.416958,-90.0708,-1.6423,1835.127,1823.070,4,5,0.086479,0.016198,1.000000,AVOID,0.000000,0.000000,1.000000,0,0.004551,0.055949,0.270635,0.256885
trial14_near_wall,2,628,20.0960,-0.297535,0.096772,0.416958,-90.0705,-1.6426,1805.426,1827.390,5,4,-0.088003,-0.009852,1.000000,AVOID,0.000000,0.000000,1.000000,0,0.004551,-0.034029,0.260409,0.267111
trial14_near_wall,2,629,20.1280,-0.297535,0.096772,0.416958,-90.0702,-1.6429,1802.814,1823.451,4,4,0.000786,-0.007193,1.000000,AVOID,0.000000,0.000000,1.000000,0,0.004551,-0.024843,0.255036,0.272484
trial14_near_wall,2,630,20.1600,-0.297535,0.096772,0.416958,-90.0698,-1.6432,1827.512,1809.722,4,4,0.000696,-0.005220,1.000000,AVOID,0.000000,0.000000,1.000000,0,0.004551,-0.018031,0.252709,0.274811
trial14_near_wall,2,631,20.1920,-0.297536,0.096772,0.416958,-90.0695,-1.6435,1808.877,1816.863,5,5,0.000895,-0.003692,1.000000,AVOID,0.000000,0.000000,1.000000,0,0.004551,-0.012751,0.252284,0.275236
trial14_near_wall,2,632,20.2240,-0.297536,0.096772,0.416958,-90.0692,-1.6438,1830.067,1828.415,4,4,0.000793,-0.002570,1.000000,AVOID,0.000000,0.000000,1.000000,0,0.004551,-0.008878,0.252934,0.274586
trial14_near_wall,2,633,20.2560,-0.297536,0.096772,0.416958,-90.0689,-1.6441,1814.129,1813.260,4,4,0.000704,-0.001752,1.000000,AVOID,0.000000,0.000000,1.000000,0,0.004551,-0.006051,0.254128,0.273392
trial14_near_wall,2,634,20.2880,-0.297536,0.096772,0.416958,-90.0686,-1.6444,1828.875,1816.685,5,5,0.000904,-0.001088,1.000000,AVOID,0.000000,0.000000,1.000000,0,0.004551,-0.003758,0.255596,0.271924
trial14_near_wall,2,635,20.3200,-0.297536,0.096772,0.416958,-90.0683,-1.6447,1821.687,1822.796,4,4,0.000801,-0.000616,1.000000,AVOID,0.000000,0.000000,1.000000,0,0.004551,-0.002126,0.257106,0.270414
trial14_near_wall,2,636,20.3520,-0.297537,0.096772,0.416958,-90.0680,-1.6449,1816.562,1835.413,4,4,0.000711,-0.000284,1.000000,AVOID,0.000000,0.000000,1.000000,0,0.004551,-0.000981,0.258524,0.268996
trial14_near_wall,2,637,20.3840,-0.297537,0.096772,0.416958,-90.0676,-1.6452,1828.982,1839.538,4,5,-0.372116,-0.093242,1.000000,AVOID,0.000000,0.000000,1.000000,0,0.004551,-0.322058,0.179318,0.348202
trial14_near_wall,2,638,20.4160,-0.297537,0.096772,0.416958,-90.0673,-1.6455,1820.584,1822.384,5,4,-0.088079,-0.091951,1.000000,AVOID,0.000000,0.000000,1.000000,0,0.004551,-0.317600,0.121029,0.406491
trial14_near_wall,2,639,20.4480,-0.297537,0.096772,0.416958,-90.0670,-1.6458,1835.063,1821.661,4,4,0.000718,-0.068784,1.000000,AVOID,0.000000,0.000000,1.000000,0,0.004551,-0.237580,0.097317,0.430203
trial14_near_wall,2,640,20.4800,-0.297537,0.096772,0.416958,-90.0667,-1.6461,1814.461,1817.762,4,5,0.086665,-0.029922,1.000000,AVOID,0.000000,0.000000,1.000000,0,0.004551,-0.103350,0.113090,0.414430
trial14_near_wall,2,641,20.5120,-0.297538,0.096772,0.416958,-90.0664,-1.6463,1836.829,1823.973,5,4,-0.088071,-0.044459,1.000000,AVOID,0.000000,0.000000,1.000000,0,0.004551,-0.153562,0.112367,0.415153
trial14_near_wall,2,642,20.5440,-0.297538,0.096772,0.416958,-90.0661,-1.6466,1814.717,1833.336,4,4,0.000725,-0.033163,1.000000,AVOID,0.000000,0.000000,1.000000,0,0.004551,-0.114545,0.121579,0.405941
trial14_near_wall,2,643,20.5760,-0.297538,0.096772,0.416958,-90.0658,-1.6469,1815.690,1813.165,4,5,0.086643,-0.003212,1.000000,AVOID,0.000000,0.000000,1.000000,0,0.004551,-0.011093,0.154351,0.373169
trial14_near_wall,2,644,20.6080,-0.297538,0.096772,0.416958,-90.0655,-1.6472,1822.489,1827.808,5,4,-0.088063,-0.024425,1.000000,AVOID,0.000000,0.000000,1.000000,0,0.004551,-0.084362,0.160613,0.366907
trial14_near_wall,2,645,20.6400,-0.297538,0.096772,0.416958,-90.0652,-1.6474,1837.292,1819.408,4,4,0.000732,-0.018135,1.000000,AVOID,0.000000,0.000000,1.000000,0,0.004551,-0.062639,0.170740,0.356780
trial14_near_wall,2,646,20.6720,-0.297539,0.096772,0.416958,-90.0649,-1.6477,1818.015,1823.997,4,5,0.086620,0.008054,1.000000,AVOID,0.000000,0.000000,1.000000,0,0.004551,0.027817,0.200949,0.326571
trial14_near_wall,2,647,20.7040,-0.297539,0.096772,0.416958,-90.0646,-1.6480,1828.679,1819.098,5,4,-0.088055,-0.015974,1.000000,AVOID,0.000000,0.000000,1.000000,0,0.004551,-0.055173,0.202859,0.324661
trial14_near_wall,2,648,20.7360,-0.297539,0.096772,0.416958,-90.0643,-1.6482,1816.639,1811.659,4,4,0.000740,-0.011795,1.000000,AVOID,0.000000,0.000000,1.000000,0,0.004551,-0.040741,0.207899,0.319621
trial14_near_wall,2,649,20.7680,-0.297539,0.096772,0.416958,-90.0640,-1.6485,1819.762,1820.385,4,5,0.086597,0.012803,1.000000,AVOID,0.000000,0.000000,1.000000,0,0.004551,0.044221,0.232919,0.294601
trial14_near_wall,2,650,20.8000,-0.297539,0.096772,0.416958,-90.0637,-1.6488,1824.170,1811.951,5,4,-0.088046,-0.012409,1.000000,AVOID,0.000000,0.000000,1.000000,0,0.004551,-0.042862,0.229914,0.297606
trial14_near_wall,2,651,20.8320,-0.297540,0.096772,0.416958,-90.0635,-1.6490,1823.714,1819.549,4,4,0.000747,-0.009120,1.000000,AVOID,0.000000,0.000000,1.000000,0,0.004551,-0.031501,0.230500,0.297020
trial14_near_wall,2,652,20.8640,-0.297540,0.096772,0.416958,-90.0632,-1.6493,1824.581,1811.573,4,5,0.086574,0.014803,1.000000,AVOID,0.000000,0.000000,1.000000,0,0.004551,0.051131,0.251598,0.275922
trial14_near_wall,2,653,20.8960,-0.297540,0.096772,0.416958,-90.0629,-1.6496,1814.015,1829.468,5,4,-0.088038,-0.010907,1.000000,AVOID,0.000000,0.000000,1.000000,0,0.004551,-0.037673,0.245220,0.282300
trial14_near_wall,2,654,20.9280,-0.297540,0.096772,0.416958,-90.0626,-1.6498,1837.874,1806.452,4,4,0.000755,-0.007992,1.000000,AVOID,0.000000,0.000000,1.000000,0,0.004551,-0.027603,0.242954,0.284566
trial14_near_wall,2,655,20.9600,-0.297540,0.096772,0.416958,-90.0623,-1.6501,1826.250,1827.391,4,5,0.086551,0.015644,1.000000,AVOID,0.000000,0.000000,1.000000,0,0.004551,0.054034,0.261664,0.265856
trial14_near_wall,2,656,20.9920,-0.297540,0.096772,0.416958,-90.0620,-1.6503,1828.129,1807.499,5,4,-0.088029,-0.010274,1.000000,AVOID,0.000000,0.000000,1.000000,0,0.004551,-0.035487,0.253316,0.274204
trial14_near_wall,2,657,21.0240,-0.297541,0.096772,0.416958,-90.0617,-1.6506,1824.687,1823.526,4,4,0.000762,-0.007515,1.000000,AVOID,0.000000,0.000000,1.000000,0,0.004551,-0.025957,0.249438,0.278082
trial14_near_wall,2,658,21.0560,-0.297541,0.096772,0.416958,-90.0615,-1.6509,1833.858,1836.690,4,5,0.086527,0.015995,1.000000,AVOID,0.000000,0.000000,1.000000,0,0.004551,0.055248,0.266831,0.260689
trial14_near_wall,2,659,21.0880,-0.297541,0.096772,0.416958,-90.0612,-1.6511,1834.739,1811.422,5,4,-0.088021,-0.010009,1.000000,AVOID,0.000000,0.000000,1.000000,0,0.004551,-0.034570,0.257421,0.270099
trial14_near_wall,2,660,21.1200,-0.297541,0.096772,0.416958,-90.0609,-1.6514,1820.799,1828.790,4,4,0.000770,-0.007314,1.000000,AVOID,0.000000,0.000000,1.000000,0,0.004551,-0.025262,0.252690,0.274830
trial14_near_wall,2,661,21.1520,-0.297541,0.096772,0.416958,-90.0606,-1.6516,1848.535,1824.700,4,5,0.086503,0.016140,1.000000,AVOID,0.000000,0.000000,1.000000,0,0.004551,0.055749,0.269395,0.258125
trial14_near_wall,2,662,21.1840,-0.297542,0.096772,0.416958,-90.0604,-1.6519,1827.556,1804.798,5,4,-0.088012,-0.009898,1.000000,AVOID,0.000000,0.000000,1.000000,0,0.004551,-0.034186,0.259439,0.268081
trial14_near_wall,2,663,21.2160,-0.297542,0.096772,0.416958,-90.0601,-1.6521,1815.988,1834.050,4,4,0.000778,-0.007229,1.000000,AVOID,0.000000,0.000000,1.000000,0,0.004551,-0.024968,0.254277,0.273243
trial14_near_wall,2,664,21.2480,-0.297542,0.096772,0.416958,-90.0598,-1.6524,1818.139,1821.495,4,5,0.086479,0.016198,1.000000,AVOID,0.000000,0.000000,1.000000,0,0.004551,0.055949,0.270635,0.256885
trial14_near_wall,2,665,21.2800,-0.297542,0.096772,0.416958,-90.0595,-1.6526,1808.467,1820.389,5,4,-0.088003,-0.009852,1.000000,AVOID,0.000000,0.000000,1.000000,0,0.004551,-0.034029,0.260409,0.267111
trial14_near_wall,2,666,21.3120,-0.297542,0.096772,0.416958,-90.0593,-1.6529,1820.845,1821.864,4,4,0.000786,-0.007193,1.000000,AVOID,0.000000,0.000000,1.000000,0,0.004551,-0.024843,0.255036,0.272484
trial14_near_wall,2,667,21.3440,-0.297542,0.096772,0.416958,-90.0590,-1.6531,1819.869,1809.322,4,4,0.000696,-0.005220,1.000000,AVOID,0.000000,0.000000,1.000000,0,0.004551,-0.018031,0.252709,0.274811
trial14_near_wall,2,668,21.3760,-0.297543,0.096772,0.416958,-90.0587,-1.6533,1814.456,1826.682,5,5,0.000895,-0.003692,1.000000,AVOID,0.000000,0.000000,1.000000,0,0.004551,-0.012751,0.252284,0.275236
trial14_near_wall,2,669,21.4080,-0.297543,0.096772,0.416958,-90.0585,-1.6536,1836.245,1815.662,4,4,0.000793,-0.002570,1.000000,AVOID,0.000000,0.000000,1.000000,0,0.004551,-0.008878,0.252934,0.274586
trial14_near_wall,2,670,21.4400,-0.297543,0.096772,0.416958,-90.0582,-1.6538,1828.289,1836.478,4,4,0.000704,-0.001752,1.000000,AVOID,0.000000,0.000000,1.000000,0,0.004551,-0.006051,0.254128,0.273392
trial14_near_wall,2,671,21.4720,-0.297543,0.096772,0.416958,-90.0579,-1.6541,1824.491,1818.289,5,5,0.000904,-0.001088,1.000000,AVOID,0.000000,0.000000,1.000000,0,0.004551,-0.003758,0.255596,0.271924
trial14_near_wall,2,672,21.5040,-0.297543,0.096772,0.416958,-90.0577,-1.6543,1820.149,1828.565,4,4,0.000801,-0.000616,1.000000,AVOID,0.000000,0.000000,1.000000,0,0.004551,-0.002126,0.257106,0.270414
trial14_near_wall,2,673,21.5360,-0.297543,0.096772,0.416958,-90.0574,-1.6546,1820.082,1820.011,4,4,0.000711,-0.000284,1.000000,AVOID,0.000000,0.000000,1.000000,0,0.004551,-0.000981,0.258524,0.268996
trial14_near_wall,2,674,21.5680,-0.297544,0.096772,0.416958,-90.0571,-1.6548,1831.888,1811.463,4,5,-0.372116,-0.093242,1.000000,AVOID,0.000000,0.000000,1.000000,0,0.004551,-0.322058,0.179318,0.348202
trial14_near_wall,2,675,21.6000,-0.297544,0.096772,0.416958,-90.0569,-1.6550,1813.097,1825.080,5,4,-0.088079,-0.091951,1.000000,AVOID,0.000000,0.000000,1.000000,0,0.004551,-0.317600,0.121029,0.406491
trial14_near_wall,2,676,21.6320,-0.297544,0.096772,0.416958,-90.0566,-1.6553,1819.658,1831.817,4,4,0.000718,-0.068784,1.000000,AVOID,0.000000,0.000000,1.000000,0,0.004551,-0.237580,0.097317,0.430203
trial14_near_wall,2,677,21.6640,-0.297544,0.096772,0.416958,-90.0564,-1.6555,1808.574,1821.058,4,5,0.086665,-0.029922,1.000000,AVOID,0.000000,0.000000,1.000000,0,0.004551,-0.103350,0.113090,0.414430
trial14_near_wall,2,678,21.6960,-0.297544,0.096772,0.416958,-90.0561,-1.6557,1826.612,1826.951,5,4,-0.088071,-0.044459,1.000000,AVOID,0.000000,0.000000,1.000000,0,0.004551,-0.153562,0.112367,0.415153
trial14_near_wall,2,679,21.7280,-0.297544,0.096772,0.416958,-90.0559,-1.6560,1817.588,1819.887,4,4,0.000725,-0.033163,1.000000,AVOID,0.000000,0.000000,1.000000,0,0.004551,-0.114545,0.121579,0.405941
trial14_near_wall,2,680,21.7600,-0.297545,0.096772,0.416958,-90.0556,-1.6562,1814.616,1804.497,4,5,0.086643,-0.003212,1.000000,AVOID,0.000000,0.000000,1.000000,0,0.004551,-0.011093,0.154351,0.373169
trial14_near_wall,2,681,21.7920,-0.297545,0.096772,0.416958,-90.0553,-1.6564,1826.406,1819.002,5,4,-0.088063,-0.024425,1.000000,AVOID,0.000000,0.000000,1.000000,0,0.004551,-0.084362,0.160613,0.366907
trial14_near_wall,2,682,21.8240,-0.297545,0.096772,0.416958,-90.0551,-1.6567,1831.835,1825.324,4,4,0.000732,-0.018135,1.000000,AVOID,0.000000,0.000000,1.000000,0,0.004551,-0.062639,0.170740,0.356780
trial14_near_wall,2,683,21.8560,-0.297545,0.096772,0.416958,-90.0548,-1.6569,1802.540,1811.851,4,5,0.086620,0.008054,1.000000,AVOID,0.000000,0.000000,1.000000,0,0.004551,0.027817,0.200949,0.326571
trial14_near_wall,2,684,21.8880,-0.297545,0.096772,0.416958,-90.0546,-1.6571,1831.429,1822.549,5,4,-0.088055,-0.015974,1.000000,AVOID,0.000000,0.000000,1.000000,0,0.004551,-0.055173,0.202859,0.324661
trial14_near_wall,2,685,21.9200,-0.297545,0.096772,0.416958,-90.0543,-1.6573,1814.135,1824.840,4,4,0.000740,-0.011795,1.000000,AVOID,0.000000,0.000000,1.000000,0,0.004551,-0.040741,0.207899,0.319621
trial14_near_wall,2,686,21.9520,-0.297546,0.096772,0.416958,-90.0541,-1.6576,1833.155,1811.247,4,5,0.086597,0.012803,1.000000,AVOID,0.000000,0.000000,1.000000,0,0.004551,0.044221,0.232919,0.294601
trial14_near_wall,2,687,21.9840,-0.297546,0.096772,0.416958,-90.0538,-1.6578,1807.924,1822.014,5,4,-0.088046,-0.012409,1.000000,AVOID,0.000000,0.000000,1.000000,0,0.004551,-0.042862,0.229914,0.297606
trial14_near_wall,2,688,22.0160,-0.297546,0.096772,0.416958,-90.0536,-1.6580,1822.175,1814.541,4,4,0.000747,-0.009120,1.000000,AVOID,0.000000,0.000000,1.000000,0,0.004551,-0.031501,0.230500,0.297020
trial14_near_wall,2,689,22.0480,-0.297546,0.096772,0.416958,-90.0534,-1.6582,1808.286,1825.334,4,5,0.086574,0.014803,1.000000,AVOID,0.000000,0.000000,1.000000,0,0.004551,0.051131,0.251598,0.275922
trial14_near_wall,2,690,22.0800,-0.297546,0.096772,0.416958,-90.0531,-1.6585,1824.263,1824.601,5,4,-0.088038,-0.010907,1.000000,AVOID,0.000000,0.000000,1.000000,0,0.004551,-0.037673,0.245220,0.282300
trial14_near_wall,2,691,22.1120,-0.297546,0.096772,0.416958,-90.0529,-1.6587,1819.335,1820.563,4,4,0.000755,-0.007992,1.000000,AVOID,0.000000,0.000000,1.000000,0,0.004551,-0.027603,0.242954,0.284566
trial14_near_wall,2,692,22.1440,-0.297547,0.096772,0.416958,-90.0526,-1.6589,1824.014,1817.896,4,5,0.086551,0.015644,1.000000,AVOID,0.000000,0.000000,1.000000,0,0.004551,0.054034,0.261664,0.265856
trial14_near_wall,2,693,22.1760,-0.297547,0.096772,0.416958,-90.0524,-1.6591,1847.007,1815.177,5,4,-0.088029,-0.010274,1.000000,AVOID,0.000000,0.000000,1.000000,0,0.004551,-0.035487,0.253316,0.274204
trial14_near_wall,2,694,22.2080,-0.297547,0.096772,0.416958,-90.0522,-1.6593,1825.009,1833.420,4,4,0.000762,-0.007515,1.000000,AVOID,0.000000,0.000000,1.000000,0,0.004551,-0.025957,0.249438,0.278082
trial14_near_wall,2,695,22.2400,-0.297547,0.096772,0.416958,-90.0519,-1.6595,1799.276,1831.418,4,5,0.086527,0.015995,1.000000,AVOID,0.000000,0.000000,1.000000,0,0.004551,0.055248,0.266831,0.260689
trial14_near_wall,2,696,22.2720,-0.297547,0.096772,0.416958,-90.0517,-1.6598,1835.425,1818.659,5,4,-0.088021,-0.010009,1.000000,AVOID,0.000000,0.000000,1.000000,0,0.004551,-0.034570,0.257421,0.270099
trial14_near_wall,2,697,22.3040,-0.297547,0.096772,0.416958,-90.0514,-1.6600,1824.020,1835.412,4,4,0.000770,-0.007314,1.000000,AVOID,0.000000,0.000000,1.000000,0,0.004551,-0.025262,0.252690,0.274830
trial14_near_wall,2,698,22.3360,-0.297547,0.096772,0.416958,-90.0512,-1.6602,1833.624,1822.429,4,5,0.086503,0.016140,1.000000,AVOID,0.000000,0.000000,1.000000,0,0.004551,0.055749,0.269395,0.258125
trial14_near_wall,2,699,22.3680,-0.297548,0.096772,0.416958,-90.0510,-1.6604,1831.278,1821.258,5,4,-0.088012,-0.009898,1.000000,AVOID,0.000000,0.000000,1.000000,0,0.004551,-0.034186,0.259439,0.268081
trial14_near_wall,2,700,22.4000,-0.297548,0.096772,0.416958,-90.0507,-1.6606,1814.688,1837.081,4,4,0.000778,-0.007229,1.000000,AVOID,0.000000,0.000000,1.000000,0,0.004551,-0.024968,0.254277,0.273243
trial14_near_wall,2,701,22.4320,-0.297548,0.096772,0.416958,-90.0505,-1.6608,1828.885,1815.841,4,5,0.086479,0.016198,1.000000,AVOID,0.000000,0.000000,1.000000,0,0.004551,0.055949,0.270635,0.256885
trial14_near_wall,2,702,22.4640,-0.297548,0.096772,0.416958,-90.0503,-1.6610,1806.354,1806.948,5,4,-0.088003,-0.009852,1.000000,AVOID,0.000000,0.000000,1.000000,0,0.004551,-0.034029,0.260409,0.267111
trial14_near_wall,2,703,22.4960,-0.297548,0.096772,0.416958,-90.0501,-1.6612,1819.681,1831.176,4,4,0.000786,-0.007193,1.000000,AVOID,0.000000,0.000000,1.000000,0,0.004551,-0.024843,0.255036,0.272484
trial14_near_wall,2,704,22.5280,-0.297548,0.096772,0.416958,-90.0498,-1.6615,1831.049,1808.931,4,4,0.000696,-0.005220,1.000000,AVOID,0.000000,0.000000,1.000000,0,0.004551,-0.018031,0.252709,0.274811
trial14_near_wall,2,705,22.5600,-0.297549,0.096772,0.416958,-90.0496,-1.6617,1815.915,1823.039,5,5,0.000895,-0.003692,1.000000,AVOID,0.000000,0.000000,1.000000,0,0.004551,-0.012751,0.252284,0.275236
trial14_near_wall,2,706,22.5920,-0.297549,0.096772,0.416958,-90.0494,-1.6619,1821.457,1822.461,4,4,0.000793,-0.002570,1.000000,AVOID,0.000000,0.000000,1.000000,0,0.004551,-0.008878,0.252934,0.274586
trial14_near_wall,2,707,22.6240,-0.297549,0.096772,0.416958,-90.0492,-1.6621,1830.783,1816.728,4,4,0.000704,-0.001752,1.000000,AVOID,0.000000,0.000000,1.000000,0,0.004551,-0.006051,0.254128,0.273392
trial14_near_wall,2,708,22.6560,-0.297549,0.096772,0.416958,-90.0489,-1.6623,1830.746,1821.431,5,5,0.000904,-0.001088,1.000000,AVOID,0.000000,0.000000,1.000000,0,0.004551,-0.003758,0.255596,0.271924
trial14_near_wall,2,709,22.6880,-0.297549,0.096772,0.416958,-90.0487,-1.6625,1823.785,1831.944,4,4,0.000801,-0.000616,1.000000,AVOID,0.000000,0.000000,1.000000,0,0.004551,-0.002126,0.257106,0.270414
trial14_near_wall,2,710,22.7200,-0.297549,0.096772,0.416958,-90.0485,-1.6627,1815.782,1830.124,4,4,0.000711,-0.000284,1.000000,AVOID,0.000000,0.000000,1.000000,0,0.004551,-0.000981,0.258524,0.268996
trial14_near_wall,2,711,22.7520,-0.297549,0.096772,0.416958,-90.0483,-1.6629,1831.730,1814.748,4,5,-0.372116,-0.093242,1.000000,AVOID,0.000000,0.000000,1.000000,0,0.004551,-0.322058,0.179318,0.348202
trial14_near_wall,2,712,22.7840,-0.297550,0.096772,0.416958,-90.0480,-1.6631,1831.723,1812.502,5,4,-0.088079,-0.091951,1.000000,AVOID,0.000000,0.000000,1.000000,0,0.004551,-0.317600,0.121029,0.406491
trial14_near_wall,2,713,22.8160,-0.297550,0.096772,0.416958,-90.0478,-1.6633,1825.957,1810.989,4,4,0.000718,-0.068784,1.000000,AVOID,0.000000,0.000000,1.000000,0,0.004551,-0.237580,0.097317,0.430203
trial14_near_wall,2,714,22.8480,-0.297550,0.096772,0.416958,-90.0476,-1.6635,1812.127,1826.953,4,5,0.086665,-0.029922,1.000000,AVOID,0.000000,0.000000,1.000000,0,0.004551,-0.103350,0.113090,0.414430
trial14_near_wall,2,715,22.8800,-0.297550,0.096772,0.416958,-90.0474,-1.6637,1826.210,1811.553,5,4,-0.088071,-0.044459,1.000000,AVOID,0.000000,0.000000,1.000000,0,0.004551,-0.153562,0.112367,0.415153
trial14_near_wall,2,716,22.9120,-0.297550,0.096772,0.416958,-90.0472,-1.6639,1813.342,1838.625,4,4,0.000725,-0.033163,1.000000,AVOID,0.000000,0.000000,1.000000,0,0.004551,-0.114545,0.121579,0.405941
trial14_near_wall,2,717,22.9440,-0.297550,0.096772,0.416958,-90.0470,-1.6641,1823.497,1832.815,4,5,0.086643,-0.003212,1.000000,AVOID,0.000000,0.000000,1.000000,0,0.004551,-0.011093,0.154351,0.373169
trial14_near_wall,2,718,22.9760,-0.297550,0.096772,0.416958,-90.0467,-1.6643,1821.157,1823.408,5,4,-0.088063,-0.024425,1.000000,AVOID,0.000000,0.000000,1.000000,0,0.004551,-0.084362,0.160613,0.366907
trial14_near_wall,2,719,23.0080,-0.297550,0.096772,0.416958,-90.0465,-1.6645,1827.123,1826.911,4,4,0.000732,-0.018135,1.000000,AVOID,0.000000,0.000000,1.000000,0,0.004551,-0.062639,0.170740,0.356780
trial14_near_wall,2,720,23.0400,-0.297551,0.096772,0.416958,-90.0463,-1.6646,1815.920,1829.403,4,5,0.086620,0.008054,1.000000,AVOID,0.000000,0.000000,1.000000,0,0.004551,0.027817,0.200949,0.326571
trial14_near_wall,2,721,23.0720,-0.297551,0.096772,0.416958,-90.0461,-1.6648,1818.895,1822.249,5,4,-0.088055,-0.015974,1.000000,AVOID,0.000000,0.000000,1.000000,0,0.004551,-0.055173,0.202859,0.324661
trial14_near_wall,2,722,23.1040,-0.297551,0.096772,0.416958,-90.0459,-1.6650,1842.726,1832.213,4,4,0.000740,-0.011795,1.000000,AVOID,0.000000,0.000000,1.000000,0,0.004551,-0.040741,0.207899,0.319621
trial14_near_wall,2,723,23.1360,-0.297551,0.096772,0.416958,-90.0457,-1.6652,1802.319,1824.818,4,5,0.086597,0.012803,1.000000,AVOID,0.000000,0.000000,1.000000,0,0.004551,0.044221,0.232919,0.294601
trial14_near_wall,2,724,23.1680,-0.297551,0.096772,0.416958,-90.0455,-1.6654,1835.740,1825.241,5,4,-0.088046,-0.012409,1.000000,AVOID,0.000000,0.000000,1.000000,0,0.004551,-0.042862,0.229914,0.297606
trial14_near_wall,2,725,23.2000,-0.297551,0.096772,0.416958,-90.0453,-1.6656,1829.452,1816.686,4,4,0.000747,-0.009120,1.000000,AVOID,0.000000,0.000000,1.000000,0,0.004551,-0.031501,0.230500,0.297020
trial14_near_wall,2,726,23.2320,-0.297551,0.096772,0.416958,-90.0451,-1.6658,1826.378,1842.230,4,5,0.086574,0.014803,1.000000,AVOID,0.000000,0.000000,1.000000,0,0.004551,0.051131,0.251598,0.275922
trial14_near_wall,2,727,23.2640,-0.297552,0.096772,0.416958,-90.0449,-1.6660,1806.822,1805.252,5,4,-0.088038,-0.010907,1.000000,AVOID,0.000000,0.000000,1.000000,0,0.004551,-0.037673,0.245220,0.282300
trial14_near_wall,2,728,23.2960,-0.297552,0.096772,0.416958,-90.0447,-1.6662,1819.868,1814.621,4,4,0.000755,-0.007992,1.000000,AVOID,0.000000,0.000000,1.000000,0,0.004551,-0.027603,0.242954,0.284566
trial14_near_wall,2,729,23.3280,-0.297552,0.096772,0.416958,-90.0445,-1.6663,1823.878,1824.815,4,5,0.086551,0.015644,1.000000,AVOID,0.000000,0.000000,1.000000,0,0.004551,0.054034,0.261664,0.265856
trial14_near_wall,2,730,23.3600,-0.297552,0.096772,0.416958,-90.0443,-1.6665,1818.419,1842.301,5,4,-0.088029,-0.010274,1.000000,AVOID,0.000000,0.000000,1.000000,0,0.004551,-0.035487,0.253316,0.274204
trial14_near_wall,2,731,23.3920,-0.297552,0.096772,0.416958,-90.0441,-1.6667,1822.451,1813.304,4,4,0.000762,-0.007515,1.000000,AVOID,0.000000,0.000000,1.000000,0,0.004551,-0.025957,0.249438,0.278082
trial14_near_wall,2,732,23.4240,-0.297552,0.096772,0.416958,-90.0439,-1.6669,1821.408,1810.114,4,5,0.086527,0.015995,1.000000,AVOID,0.000000,0.000000,1.000000,0,0.004551,0.055248,0.266831,0.260689
trial14_near_wall,2,733,23.4560,-0.297552,0.096772,0.416958,-90.0437,-1.6671,1827.032,1830.128,5,4,-0.088021,-0.010009,1.000000,AVOID,0.000000,0.000000,1.000000,0,0.004551,-0.034570,0.257421,0.270099
trial14_near_wall,2,734,23.4880,-0.297552,0.096772,0.416958,-90.0435,-1.6673,1817.773,1837.025,4,4,0.000770,-0.007314,1.000000,AVOID,0.000000,0.000000,1.000000,0,0.004551,-0.025262,0.252690,0.274830
trial14_near_wall,2,735,23.5200,-0.297553,0.096772,0.416958,-90.0433,-1.6674,1819.157,1826.615,4,5,0.086503,0.016140,1.000000,AVOID,0.000000,0.000000,1.000000,0,0.004551,0.055749,0.269395,0.258125
trial14_near_wall,2,736,23.5520,-0.297553,0.096772,0.416958,-90.0431,-1.6676,1810.005,1825.540,5,4,-0.088012,-0.009898,1.000000,AVOID,0.000000,0.000000,1.000000,0,0.004551,-0.034186,0.259439,0.268081
trial14_near_wall,2,737,23.5840,-0.297553,0.096772,0.416958,-90.0429,-1.6678,1829.929,1817.302,4,4,0.000778,-0.007229,1.000000,AVOID,0.000000,0.000000,1.000000,0,0.004551,-0.024968,0.254277,0.273243
trial14_near_wall,2,738,23.6160,-0.297553,0.096772,0.416958,-90.0427,-1.6680,1827.283,1805.341,4,5,0.086479,0.016198,1.000000,AVOID,0.000000,0.000000,1.000000,0,0.004551,0.055949,0.270635,0.256885
trial14_near_wall,2,739,23.6480,-0.297553,0.096772,0.416958,-90.0425,-1.6682,1819.616,1835.896,5,4,-0.088003,-0.009852,1.000000,AVOID,0.000000,0.000000,1.000000,0,0.004551,-0.034029,0.260409,0.267111
trial14_near_wall,2,740,23.6800,-0.297553,0.096772,0.416958,-90.0423,-1.6683,1825.542,1808.827,4,4,0.000786,-0.007193,1.000000,AVOID,0.000000,0.000000,1.000000,0,0.004551,-0.024843,0.255036,0.272484
trial14_near_wall,2,741,23.7120,-0.297553,0.096772,0.416958,-90.0421,-1.6685,1840.566,1810.797,4,4,0.000696,-0.005220,1.000000,AVOID,0.000000,0.000000,1.000000,0,0.004551,-0.018031,0.252709,0.274811
trial14_near_wall,2,742,23.7440,-0.297553,0.096772,0.416958,-90.0419,-1.6687,1832.796,1819.491,5,5,0.000895,-0.003692,1.000000,AVOID,0.000000,0.000000,1.000000,0,0.004551,-0.012751,0.252284,0.275236
trial14_near_wall,2,743,23.7760,-0.297554,0.096772,0.416958,-90.0417,-1.6689,1840.397,1836.545,4,4,0.000793,-0.002570,1.000000,AVOID,0.000000,0.000000,1.000000,0,0.004551,-0.008878,0.252934,0.274586
trial14_near_wall,2,744,23.8080,-0.297554,0.096772,0.416958,-90.0415,-1.6690,1812.898,1811.557,4,4,0.000704,-0.001752,1.000000,AVOID,0.000000,0.000000,1.000000,0,0.004551,-0.006051,0.254128,0.273392
trial14_near_wall,2,745,23.8400,-0.297554,0.096772,0.416958,-90.0413,-1.6692,1835.041,1835.072,5,5,0.000904,-0.001088,1.000000,AVOID,0.000000,0.000000,1.000000,0,0.004551,-0.003758,0.255596,0.271924
trial14_near_wall,2,746,23.8720,-0.297554,0.096772,0.416958,-90.0411,-1.6694,1817.876,1811.711,4,4,0.000801,-0.000616,1.000000,AVOID,0.000000,0.000000,1.000000,0,0.004551,-0.002126,0.257106,0.270414
trial14_near_wall,2,747,23.9040,-0.297554,0.096772,0.416958,-90.0410,-1.6695,1825.361,1818.407,4,4,0.000711,-0.000284,1.000000,AVOID,0.000000,0.000000,1.000000,0,0.004551,-0.000981,0.258524,0.268996
trial14_near_wall,2,748,23.9360,-0.297554,0.096772,0.416958,-90.0408,-1.6697,1828.912,1825.499,4,5,-0.372116,-0.093242,1.000000,AVOID,0.000000,0.000000,1.000000,0,0.004551,-0.322058,0.179318,0.348202
trial14_near_wall,2,749,23.9680,-0.297554,0.096772,0.416958,-90.0406,-1.6699,1836.041,1830.147,5,4,-0.088079,-0.091951,1.000000,AVOID,0.000000,0.000000,1.000000,0,0.004551,-0.317600,0.121029,0.406491
trial14_near_wall,2,750,24.0000,-0.297554,0.096772,0.416958,-90.0404,-1.6700,1817.564,1818.084,4,4,0.000718,-0.068784,1.000000,AVOID,0.000000,0.000000,1.000000,0,0.004551,-0.237580,0.097317,0.430203
trial14_near_wall,2,751,24.0320,-0.297555,0.096772,0.416958,-90.0402,-1.6702,1847.374,1815.251,4,5,0.086665,-0.029922,1.000000,AVOID,0.000000,0.000000,1.000000,0,0.004551,-0.103350,0.113090,0.414430
trial14_near_wall,2,752,24.0640,-0.297555,0.096772,0.416958,-90.0400,-1.6704,1813.105,1831.646,5,4,-0.088071,-0.044459,1.000000,AVOID,0.000000,0.000000,1.000000,0,0.004551,-0.153562,0.112367,0.415153
trial14_near_wall,2,753,24.0960,-0.297555,0.096772,0.416958,-90.0399,-1.6705,1827.106,1808.680,4,4,0.000725,-0.033163,1.000000,AVOID,0.000000,0.000000,1.000000,0,0.004551,-0.114545,0.121579,0.405941
trial14_near_wall,2,754,24.1280,-0.297555,0.096772,0.416958,-90.0397,-1.6707,1809.958,1815.246,4,5,0.086643,-0.003212,1.000000,AVOID,0.000000,0.000000,1.000000,0,0.004551,-0.011093,0.154351,0.373169
trial14_near_wall,2,755,24.1600,-0.297555,0.096772,0.416958,-90.0395,-1.6709,1816.040,1817.485,5,4,-0.088063,-0.024425,1.000000,AVOID,0.000000,0.000000,1.000000,0,0.004551,-0.084362,0.160613,0.366907
trial14_near_wall,2,756,24.1920,-0.297555,0.096772,0.416958,-90.0393,-1.6710,1834.899,1820.378,4,4,0.000732,-0.018135,1.000000,AVOID,0.000000,0.000000,1.000000,0,0.004551,-0.062639,0.170740,0.356780
trial14_near_wall,2,757,24.2240,-0.297555,0.096772,0.416958,-90.0391,-1.6712,1838.855,1828.139,4,5,0.086620,0.008054,1.000000,AVOID,0.000000,0.000000,1.000000,0,0.004551,0.027817,0.200949,0.326571
trial14_near_wall,2,758,24.2560,-0.297555,0.096772,0.416958,-90.0390,-1.6714,1816.715,1813.092,5,4,-0.088055,-0.015974,1.000000,AVOID,0.000000,0.000000,1.000000,0,0.004551,-0.055173,0.202859,0.324661
trial14_near_wall,2,759,24.2880,-0.297555,0.096772,0.416958,-90.0388,-1.6715,1823.138,1826.223,4,4,0.000740,-0.011795,1.000000,AVOID,0.000000,0.000000,1.000000,0,0.004551,-0.040741,0.207899,0.319621
trial14_near_wall,2,760,24.3200,-0.297556,0.096772,0.416958,-90.0386,-1.6717,1801.805,1824.490,4,5,0.086597,0.012803,1.000000,AVOID,0.000000,0.000000,1.000000,0,0.004551,0.044221,0.232919,0.294601
trial14_near_wall,2,761,24.3520,-0.297556,0.096772,0.416958,-90.0384,-1.6718,1815.191,1820.926,5,4,-0.088046,-0.012409,1.000000,AVOID,0.000000,0.000000,1.000000,0,0.004551,-0.042862,0.229914,0.297606
trial14_near_wall,2,762,24.3840,-0.297556,0.096772,0.416958,-90.0382,-1.6720,1817.818,1822.520,4,4,0.000747,-0.009120,1.000000,AVOID,0.000000,0.000000,1.000000,0,0.004551,-0.031501,0.230500,0.297020
trial14_near_wall,2,763,24.4160,-0.297556,0.096772,0.416958,-90.0381,-1.6722,1819.541,1834.296,4,5,0.086574,0.014803,1.000000,AVOID,0.000000,0.000000,1.000000,0,0.004551,0.051131,0.251598,0.275922
trial14_near_wall,2,764,24.4480,-0.297556,0.096772,0.416958,-90.0379,-1.6723,1824.526,1839.994,5,4,-0.088038,-0.010907,1.000000,AVOID,0.000000,0.000000,1.000000,0,0.004551,-0.037673,0.245220,0.282300
trial14_near_wall,2,765,24.4800,-0.297556,0.096772,0.416958,-90.0377,-1.6725,1825.060,1805.708,4,4,0.000755,-0.007992,1.000000,AVOID,0.000000,0.000000,1.000000,0,0.004551,-0.027603,0.242954,0.284566
trial14_near_wall,2,766,24.5120,-0.297556,0.096772,0.416958,-90.0376,-1.6726,1831.599,1839.574,4,5,0.086551,0.015644,1.000000,AVOID,0.000000,0.000000,1.000000,0,0.004551,0.054034,0.261664,0.265856
trial14_near_wall,2,767,24.5440,-0.297556,0.096772,0.416958,-90.0374,-1.6728,1823.616,1824.317,5,4,-0.088029,-0.010274,1.000000,AVOID,0.000000,0.000000,1.000000,0,0.004551,-0.035487,0.253316,0.274204
trial14_near_wall,2,768,24.5760,-0.297556,0.096772,0.416958,-90.0372,-1.6730,1823.809,1825.271,4,4,0.000762,-0.007515,1.000000,AVOID,0.000000,0.000000,1.000000,0,0.004551,-0.025957,0.249438,0.278082
trial14_near_wall,2,769,24.6080,-0.297557,0.096772,0.416958,-90.0370,-1.6731,1805.633,1824.312,4,5,0.086527,0.015995,1.000000,AVOID,0.000000,0.000000,1.000000,0,0.004551,0.055248,0.266831,0.260689
trial14_near_wall,2,770,24.6400,-0.297557,0.096772,0.416958,-90.0369,-1.6733,1812.288,1831.001,5,4,-0.088021,-0.010009,1.000000,AVOID,0.000000,0.000000,1.000000,0,0.004551,-0.034570,0.257421,0.270099
trial14_near_wall,2,771,24.6720,-0.297557,0.096772,0.416958,-90.0367,-1.6734,1822.635,1817.596,4,4,0.000770,-0.007314,1.000000,AVOID,0.000000,0.000000,1.000000,0,0.004551,-0.025262,0.252690,0.274830
trial14_near_wall,2,772,24.7040,-0.297557,0.096772,0.416958,-90.0365,-1.6736,1816.956,1807.640,4,5,0.086503,0.016140,1.000000,AVOID,0.000000,0.000000,1.000000,0,0.004551,0.055749,0.269395,0.258125
trial14_near_wall,2,773,24.7360,-0.297557,0.096772,0.416958,-90.0364,-1.6737,1835.850,1810.652,5,4,-0.088012,-0.009898,1.000000,AVOID,0.000000,0.000000,1.000000,0,0.004551,-0.034186,0.259439,0.268081
trial14_near_wall,2,774,24.7680,-0.297557,0.096772,0.416958,-90.0362,-1.6739,1819.799,1805.079,4,4,0.000778,-0.007229,1.000000,AVOID,0.000000,0.000000,1.000000,0,0.004551,-0.024968,0.254277,0.273243
trial14_near_wall,2,775,24.8000,-0.297557,0.096772,0.416958,-90.0360,-1.6740,1822.527,1818.973,4,5,0.086479,0.016198,1.000000,AVOID,0.000000,0.000000,1.000000,0,0.004551,0.055949,0.270635,0.256885
trial14_near_wall,2,776,24.8320,-0.297557,0.096772,0.416957,-90.0359,-1.6742,1822.222,1819.881,5,4,-0.088003,-0.009852,1.000000,AVOID,0.000000,0.000000,1.000000,0,0.004551,-0.034029,0.260409,0.267111
trial14_near_wall,2,777,24.8640,-0.297557,0.096772,0.416957,-90.0357,-1.6743,1825.677,1826.733,4,4,0.000786,-0.007193,1.000000,AVOID,0.000000,0.000000,1.000000,0,0.004551,-0.024843,0.255036,0.272484
trial14_near_wall,2,778,24.8960,-0.297558,0.096772,0.416957,-90.0356,-1.6745,1823.955,1831.118,4,4,0.000696,-0.005220,1.000000,AVOID,0.000000,0.000000,1.000000,0,0.004551,-0.018031,0.252709,0.274811
trial14_near_wall,2,779,24.9280,-0.297558,0.096772,0.416957,-90.0354,-1.6746,1829.323,1829.818,5,5,0.000895,-0.003692,1.000000,AVOID,0.000000,0.000000,1.000000,0,0.004551,-0.012751,0.252284,0.275236
trial14_near_wall,2,780,24.9600,-0.297558,0.096772,0.416957,-90.0352,-1.6748,1819.438,1823.776,4,4,0.000793,-0.002570,1.000000,AVOID,0.000000,0.000000,1.000000,0,0.004551,-0.008878,0.252934,0.274586
trial14_near_wall,2,781,24.9920,-0.297558,0.096772,0.416957,-90.0351,-1.6749,1819.429,1834.839,4,4,0.000704,-0.001752,1.000000,AVOID,0.000000,0.000000,1.000000,0,0.004551,-0.006051,0.254128,0.273392
trial14_near_wall,2,782,25.0240,-0.297558,0.096772,0.416957,-90.0349,-1.6750,1818.747,1818.710,5,5,0.000904,-0.001088,1.000000,AVOID,0.000000,0.000000,1.000000,0,0.004551,-0.003758,0.255596,0.271924
trial14_near_wall,2,783,25.0560,-0.297558,0.096772,0.416957,-90.0348,-1.6752,1829.904,1810.279,4,4,0.000801,-0.000616,1.000000,AVOID,0.000000,0.000000,1.000000,0,0.004551,-0.002126,0.257106,0.270414
trial14_near_wall,2,784,25.0880,-0.297558,0.096772,0.416957,-90.0346,-1.6753,1828.759,1829.410,4,4,0.000711,-0.000284,1.000000,AVOID,0.000000,0.000000,1.000000,0,0.004551,-0.000981,0.258524,0.268996
trial14_near_wall,2,785,25.1200,-0.297558,0.096772,0.416957,-90.0344,-1.6755,1825.248,1830.391,4,5,-0.372116,-0.093242,1.000000,AVOID,0.000000,0.000000,1.000000,0,0.004551,-0.322058,0.179318,0.348202
trial14_near_wall,2,786,25.1520,-0.297558,0.096772,0.416957,-90.0343,-1.6756,1834.013,1808.676,5,4,-0.088079,-0.091951,1.000000,AVOID,0.000000,0.000000,1.000000,0,0.004551,-0.317600,0.121029,0.406491
trial14_near_wall,2,787,25.1840,-0.297558,0.096772,0.416957,-90.0341,-1.6758,1815.360,1821.064,4,4,0.000718,-0.068784,1.000000,AVOID,0.000000,0.000000,1.000000,0,0.004551,-0.237580,0.097317,0.430203
trial14_near_wall,2,788,25.2160,-0.297559,0.096772,0.416957,-90.0340,-1.6759,1815.337,1825.895,4,5,0.086665,-0.029922,1.000000,AVOID,0.000000,0.000000,1.000000,0,0.004551,-0.103350,0.113090,0.414430
trial14_near_wall,2,789,25.2480,-0.297559,0.096772,0.416957,-90.0338,-1.6760,1828.097,1835.727,5,4,-0.088071,-0.044459,1.000000,AVOID,0.000000,0.000000,1.000000,0,0.004551,-0.153562,0.112367,0.415153
trial14_near_wall,2,790,25.2800,-0.297559,0.096772,0.416957,-90.0337,-1.6762,1817.438,1817.498,4,4,0.000725,-0.033163,1.000000,AVOID,0.000000,0.000000,1.000000,0,0.004551,-0.114545,0.121579,0.405941
trial14_near_wall,2,791,25.3120,-0.297559,0.096772,0.416957,-90.0335,-1.6763,1827.173,1810.565,4,5,0.086643,-0.003212,1.000000,AVOID,0.000000,0.000000,1.000000,0,0.004551,-0.011093,0.154351,0.373169
trial14_near_wall,2,792,25.3440,-0.297559,0.096772,0.416957,-90.0334,-1.6765,1840.581,1816.313,5,4,-0.088063,-0.024425,1.000000,AVOID,0.000000,0.000000,1.000000,0,0.004551,-0.084362,0.160613,0.366907
trial14_near_wall,2,793,25.3760,-0.297559,0.096772,0.416957,-90.0332,-1.6766,1831.103,1819.553,4,4,0.000732,-0.018135,1.000000,AVOID,0.000000,0.000000,1.000000,0,0.004551,-0.062639,0.170740,0.356780
trial14_near_wall,2,794,25.4080,-0.297559,0.096772,0.416957,-90.0331,-1.6767,1822.321,1835.631,4,5,0.086620,0.008054,1.000000,AVOID,0.000000,0.000000,1.000000,0,0.004551,0.027817,0.200949,0.326571
trial14_near_wall,2,795,25.4400,-0.297559,0.096772,0.416957,-90.0329,-1.6769,1828.562,1819.290,5,4,-0.088055,-0.015974,1.000000,AVOID,0.000000,0.000000,1.000000,0,0.004551,-0.055173,0.202859,0.324661
trial14_near_wall,2,796,25.4720,-0.297559,0.096772,0.416957,-90.0328,-1.6770,1812.344,1812.923,4,4,0.000740,-0.011795,1.000000,AVOID,0.000000,0.000000,1.000000,0,0.004551,-0.040741,0.207899,0.319621
trial14_near_wall,2,797,25.5040,-0.297559,0.096772,0.416957,-90.0326,-1.6772,1813.222,1809.038,4,5,0.086597,0.012803,1.000000,AVOID,0.000000,0.000000,1.000000,0,0.004551,0.044221,0.232919,0.294601
trial14_near_wall,2,798,25.5360,-0.297560,0.096772,0.416957,-90.0325,-1.6773,1822.296,1824.709,5,4,-0.088046,-0.012409,1.000000,AVOID,0.000000,0.000000,1.000000,0,0.004551,-0.042862,0.229914,0.297606
trial14_near_wall,2,799,25.5680,-0.297560,0.096772,0.416957,-90.0323,-1.6774,1833.719,1820.291,4,4,0.000747,-0.009120,1.000000,AVOID,0.000000,0.000000,1.000000,0,0.004551,-0.031501,0.230500,0.297020
trial14_near_wall,2,800,25.6000,-0.297560,0.096772,0.416957,-90.0322,-1.6776,1828.336,1831.423,4,5,0.086574,0.014803,1.000000,AVOID,0.000000,0.000000,1.000000,0,0.004551,0.051131,0.251598,0.275922
trial14_near_wall,2,801,25.6320,-0.297560,0.096772,0.416957,-90.0320,-1.6777,1833.424,1826.735,5,4,-0.088038,-0.010907,1.000000,AVOID,0.000000,0.000000,1.000000,0,0.004551,-0.037673,0.245220,0.282300
trial14_near_wall,2,802,25.6640,-0.297560,0.096772,0.416957,-90.0319,-1.6778,1840.322,1805.122,4,4,0.000755,-0.007992,1.000000,AVOID,0.000000,0.000000,1.000000,0,0.004551,-0.027603,0.242954,0.284566
trial14_near_wall,2,803,25.6960,-0.297560,0.096772,0.416957,-90.0317,-1.6780,1843.053,1818.211,4,5,0.086551,0.015644,1.000000,AVOID,0.000000,0.000000,1.000000,0,0.004551,0.054034,0.261664,0.265856
trial14_near_wall,2,804,25.7280,-0.297560,0.096772,0.416957,-90.0316,-1.6781,1825.230,1813.819,5,4,-0.088029,-0.010274,1.000000,AVOID,0.000000,0.000000,1.000000,0,0.004551,-0.035487,0.253316,0.274204
trial14_near_wall,2,805,25.7600,-0.297560,0.096772,0.416957,-90.0314,-1.6782,1819.238,1819.791,4,4,0.000762,-0.007515,1.000000,AVOID,0.000000,0.000000,1.000000,0,0.004551,-0.025957,0.249438,0.278082
trial14_near_wall,2,806,25.7920,-0.297560,0.096772,0.416957,-90.0313,-1.6783,1820.726,1831.177,4,5,0.086527,0.015995,1.000000,AVOID,0.000000,0.000000,1.000000,0,0.004551,0.055248,0.266831,0.260689
trial14_near_wall,2,807,25.8240,-0.297560,0.096772,0.416957,-90.0311,-1.6785,1822.415,1836.174,5,4,-0.088021,-0.010009,1.000000,AVOID,0.000000,0.000000,1.000000,0,0.004551,-0.034570,0.257421,0.270099
trial14_near_wall,2,808,25.8560,-0.297560,0.096772,0.416957,-90.0310,-1.6786,1843.671,1814.461,4,4,0.000770,-0.007314,1.000000,AVOID,0.000000,0.000000,1.000000,0,0.004551,-0.025262,0.252690,0.274830
trial14_near_wall,2,809,25.8880,-0.297561,0.096772,0.416957,-90.0309,-1.6787,1822.478,1807.713,4,5,0.086503,0.016140,1.000000,AVOID,0.000000,0.000000,1.000000,0,0.004551,0.055749,0.269395,0.258125
trial14_near_wall,2,810,25.9200,-0.297561,0.096772,0.416957,-90.0307,-1.6789,1817.021,1825.938,5,4,-0.088012,-0.009898,1.000000,AVOID,0.000000,0.000000,1.000000,0,0.004551,-0.034186,0.259439,0.268081
trial14_near_wall,2,811,25.9520,-0.297561,0.096772,0.416957,-90.0306,-1.6790,1834.824,1819.857,4,4,0.000778,-0.007229,1.000000,AVOID,0.000000,0.000000,1.000000,0,0.004551,-0.024968,0.254277,0.273243
trial14_near_wall,2,812,25.9840,-0.297561,0.096772,0.416957,-90.0304,-1.6791,1819.062,1814.638,4,5,0.086479,0.016198,1.000000,AVOID,0.000000,0.000000,1.000000,0,0.004551,0.055949,0.270635,0.256885
trial14_near_wall,2,813,26.0160,-0.297561,0.096772,0.416957,-90.0303,-1.6792,1826.521,1814.608,5,4,-0.088003,-0.009852,1.000000,AVOID,0.000000,0.000000,1.000000,0,0.004551,-0.034029,0.260409,0.267111
trial14_near_wall,2,814,26.0480,-0.297561,0.096772,0.416957,-90.0302,-1.6794,1829.885,1833.616,4,4,0.000786,-0.007193,1.000000,AVOID,0.000000,0.000000,1.000000,0,0.004551,-0.024843,0.255036,0.272484
trial14_near_wall,2,815,26.0800,-0.297561,0.096772,0.416957,-90.0300,-1.6795,1831.338,1811.977,4,4,0.000696,-0.005220,1.000000,AVOID,0.000000,0.000000,1.000000,0,0.004551,-0.018031,0.252709,0.274811
trial14_near_wall,2,816,26.1120,-0.297561,0.096772,0.416957,-90.0299,-1.6796,1827.218,1810.689,5,5,0.000895,-0.003692,1.000000,AVOID,0.000000,0.000000,1.000000,0,0.004551,-0.012751,0.252284,0.275236
trial14_near_wall,2,817,26.1440,-0.297561,0.096772,0.416957,-90.0298,-1.6797,1818.550,1811.636,4,4,0.000793,-0.002570,1.000000,AVOID,0.000000,0.000000,1.000000,0,0.004551,-0.008878,0.252934,0.274586
trial14_near_wall,2,818,26.1760,-0.297561,0.096772,0.416957,-90.0296,-1.6799,1838.956,1817.995,4,4,0.000704,-0.001752,1.000000,AVOID,0.000000,0.000000,1.000000,0,0.004551,-0.006051,0.254128,0.273392
trial14_near_wall,2,819,26.2080,-0.297561,0.096772,0.416957,-90.0295,-1.6800,1839.926,1812.355,5,5,0.000904,-0.001088,1.000000,AVOID,0.000000,0.000000,1.000000,0,0.004551,-0.003758,0.255596,0.271924
trial14_near_wall,2,820,26.2400,-0.297562,0.096772,0.416957,-90.0294,-1.6801,1818.709,1825.116,4,4,0.000801,-0.000616,1.000000,AVOID,0.000000,0.000000,1.000000,0,0.004551,-0.002126,0.257106,0.270414
trial14_near_wall,2,821,26.2720,-0.297562,0.096772,0.416957,-90.0292,-1.6802,1815.664,1838.533,4,4,0.000711,-0.000284,1.000000,AVOID,0.000000,0.000000,1.000000,0,0.004551,-0.000981,0.258524,0.268996
trial14_near_wall,2,822,26.3040,-0.297562,0.096772,0.416957,-90.0291,-1.6804,1830.055,1815.967,4,5,-0.372116,-0.093242,1.000000,AVOID,0.000000,0.000000,1.000000,0,0.004551,-0.322058,0.179318,0.348202
trial14_near_wall,2,823,26.3360,-0.297562,0.096772,0.416957,-90.0290,-1.6805,1816.433,1813.702,5,4,-0.088079,-0.091951,1.000000,AVOID,0.000000,0.000000,1.000000,0,0.004551,-0.317600,0.121029,0.406491
trial14_near_wall,2,824,26.3680,-0.297562,0.096772,0.416957,-90.0288,-1.6806,1817.844,1820.400,4,4,0.000718,-0.068784,1.000000,AVOID,0.000000,0.000000,1.000000,0,0.004551,-0.237580,0.097317,0.430203
trial14_near_wall,2,825,26.4000,-0.297562,0.096772,0.416957,-90.0287,-1.6807,1818.396,1823.299,4,5,0.086665,-0.029922,1.000000,AVOID,0.000000,0.000000,1.000000,0,0.004551,-0.103350,0.113090,0.414430
trial14_near_wall,2,826,26.4320,-0.297562,0.096772,0.416957,-90.0286,-1.6808,1820.144,1820.599,5,4,-0.088071,-0.044459,1.000000,AVOID,0.000000,0.000000,1.000000,0,0.004551,-0.153562,0.112367,0.415153
trial14_near_wall,2,827,26.4640,-0.297562,0.096772,0.416957,-90.0284,-1.6810,1817.084,1803.072,4,4,0.000725,-0.033163,1.000000,AVOID,0.000000,0.000000,1.000000,0,0.004551,-0.114545,0.121579,0.405941
trial14_near_wall,2,828,26.4960,-0.297562,0.096772,0.416957,-90.0283,-1.6811,1832.351,1812.595,4,5,0.086643,-0.003212,1.000000,AVOID,0.000000,0.000000,1.000000,0,0.004551,-0.011093,0.154351,0.373169
trial14_near_wall,2,829,26.5280,-0.297562,0.096772,0.416957,-90.0282,-1.6812,1810.527,1834.639,5,4,-0.088063,-0.024425,1.000000,AVOID,0.000000,0.000000,1.000000,0,0.004551,-0.084362,0.160613,0.366907
trial14_near_wall,2,830,26.5600,-0.297562,0.096772,0.416957,-90.0280,-1.6813,1823.580,1827.175,4,4,0.000732,-0.018135,1.000000,AVOID,0.000000,0.000000,1.000000,0,0.004551,-0.062639,0.170740,0.356780
trial14_near_wall,2,831,26.5920,-0.297562,0.096772,0.416957,-90.0279,-1.6814,1810.949,1832.115,4,5,0.086620,0.008054,1.000000,AVOID,0.000000,0.000000,1.000000,0,0.004551,0.027817,0.200949,0.326571
trial14_near_wall,2,832,26.6240,-0.297563,0.096772,0.416957,-90.0278,-1.6815,1825.025,1820.032,5,4,-0.088055,-0.015974,1.000000,AVOID,0.000000,0.000000,1.000000,0,0.004551,-0.055173,0.202859,0.324661
trial14_near_wall,2,833,26.6560,-0.297563,0.096772,0.416957,-90.0277,-1.6817,1813.911,1829.612,4,4,0.000740,-0.011795,1.000000,AVOID,0.000000,0.000000,1.000000,0,0.004551,-0.040741,0.207899,0.319621
trial14_near_wall,2,834,26.6880,-0.297563,0.096772,0.416957,-90.0275,-1.6818,1808.286,1822.315,4,5,0.086597,0.012803,1.000000,AVOID,0.000000,0.000000,1.000000,0,0.004551,0.044221,0.232919,0.294601
trial14_near_wall,2,835,26.7200,-0.297563,0.096772,0.416957,-90.0274,-1.6819,1812.965,1831.179,5,4,-0.088046,-0.012409,1.000000,AVOID,0.000000,0.000000,1.000000,0,0.004551,-0.042862,0.229914,0.297606
trial14_near_wall,2,836,26.7520,-0.297563,0.096772,0.416957,-90.0273,-1.6820,1833.704,1813.963,4,4,0.000747,-0.009120,1.000000,AVOID,0.000000,0.000000,1.000000,0,0.004551,-0.031501,0.230500,0.297020
trial14_near_wall,2,837,26.7840,-0.297563,0.096772,0.416957,-90.0272,-1.6821,1839.218,1817.885,4,5,0.086574,0.014803,1.000000,AVOID,0.000000,0.000000,1.000000,0,0.004551,0.051131,0.251598,0.275922
trial14_near_wall,2,838,26.8160,-0.297563,0.096772,0.416957,-90.0270,-1.6822,1825.575,1818.337,5,4,-0.088038,-0.010907,1.000000,AVOID,0.000000,0.000000,1.000000,0,0.004551,-0.037673,0.245220,0.282300
trial14_near_wall,2,839,26.8480,-0.297563,0.096772,0.416957,-90.0269,-1.6823,1821.960,1794.417,4,4,0.000755,-0.007992,1.000000,AVOID,0.000000,0.000000,1.000000,0,0.004551,-0.027603,0.242954,0.284566
trial14_near_wall,2,840,26.8800,-0.297563,0.096772,0.416957,-90.0268,-1.6824,1823.288,1818.517,4,5,0.086551,0.015644,1.000000,AVOID,0.000000,0.000000,1.000000,0,0.004551,0.054034,0.261664,0.265856
trial14_near_wall,2,841,26.9120,-0.297563,0.096772,0.416957,-90.0267,-1.6826,1832.772,1830.252,5,4,-0.088029,-0.010274,1.000000,AVOID,0.000000,0.000000,1.000000,0,0.004551,-0.035487,0.253316,0.274204
trial14_near_wall,2,842,26.9440,-0.297563,0.096772,0.416957,-90.0266,-1.6827,1832.076,1819.379,4,4,0.000762,-0.007515,1.000000,AVOID,0.000000,0.000000,1.000000,0,0.004551,-0.025957,0.249438,0.278082
trial14_near_wall,2,843,26.9760,-0.297563,0.096772,0.416957,-90.0264,-1.6828,1833.318,1814.621,4,5,0.086527,0.015995,1.000000,AVOID,0.000000,0.000000,1.000000,0,0.004551,0.055248,0.266831,0.260689
trial14_near_wall,2,844,27.0080,-0.297564,0.096772,0.416957,-90.0263,-1.6829,1821.315,1810.814,5,4,-0.088021,-0.010009,1.000000,AVOID,0.000000,0.000000,1.000000,0,0.004551,-0.034570,0.257421,0.270099
trial14_near_wall,2,845,27.0400,-0.297564,0.096772,0.416957,-90.0262,-1.6830,1823.658,1814.802,4,4,0.000770,-0.007314,1.000000,AVOID,0.000000,0.000000,1.000000,0,0.004551,-0.025262,0.252690,0.274830
trial14_near_wall,2,846,27.0720,-0.297564,0.096772,0.416957,-90.0261,-1.6831,1815.427,1811.138,4,5,0.086503,0.016140,1.000000,AVOID,0.000000,0.000000,1.000000,0,0.004551,0.055749,0.269395,0.258125
trial14_near_wall,2,847,27.1040,-0.297564,0.096772,0.416957,-90.0260,-1.6832,1830.279,1821.564,5,4,-0.088012,-0.009898,1.000000,AVOID,0.000000,0.000000,1.000000,0,0.004551,-0.034186,0.259439,0.268081
trial14_near_wall,2,848,27.1360,-0.297564,0.096772,0.416957,-90.0258,-1.6833,1813.951,1823.180,4,4,0.000778,-0.007229,1.000000,AVOID,0.000000,0.000000,1.000000,0,0.004551,-0.024968,0.254277,0.273243
trial14_near_wall,2,849,27.1680,-0.297564,0.096772,0.416957,-90.0257,-1.6834,1818.630,1811.883,4,5,0.086479,0.016198,1.000000,AVOID,0.000000,0.000000,1.000000,0,0.004551,0.055949,0.270635,0.256885
trial14_near_wall,2,850,27.2000,-0.297564,0.096772,0.416957,-90.0256,-1.6835,1829.178,1821.879,5,4,-0.088003,-0.009852,1.000000,AVOID,0.000000,0.000000,1.000000,0,0.004551,-0.034029,0.260409,0.267111
trial14_near_wall,2,851,27.2320,-0.297564,0.096772,0.416957,-90.0255,-1.6836,1820.205,1825.931,4,4,0.000786,-0.007193,1.000000,AVOID,0.000000,0.000000,1.000000,0,0.004551,-0.024843,0.255036,0.272484
trial14_near_wall,2,852,27.2640,-0.297564,0.096772,0.416957,-90.0254,-1.6838,1819.211,1821.735,4,4,0.000696,-0.005220,1.000000,AVOID,0.000000,0.000000,1.000000,0,0.004551,-0.018031,0.252709,0.274811
trial14_near_wall,2,853,27.2960,-0.297564,0.096772,0.416957,-90.0253,-1.6839,1838.215,1819.427,5,5,0.000895,-0.003692,1.000000,AVOID,0.000000,0.000000,1.000000,0,0.004551,-0.012751,0.252284,0.275236
trial14_near_wall,2,854,27.3280,-0.297564,0.096772,0.416957,-90.0251,-1.6840,1813.002,1823.381,4,4,0.000793,-0.002570,1.000000,AVOID,0.000000,0.000000,1.000000,0,0.004551,-0.008878,0.252934,0.274586
trial14_near_wall,2,855,27.3600,-0.297564,0.096772,0.416957,-90.0250,-1.6841,1821.340,1830.920,4,4,0.000704,-0.001752,1.000000,AVOID,0.000000,0.000000,1.000000,0,0.004551,-0.006051,0.254128,0.273392
trial14_near_wall,2,856,27.3920,-0.297564,0.096772,0.416957,-90.0249,-1.6842,1822.176,1814.055,5,5,0.000904,-0.001088,1.000000,AVOID,0.000000,0.000000,1.000000,0,0.004551,-0.003758,0.255596,0.271924
trial14_near_wall,2,857,27.4240,-0.297564,0.096772,0.416957,-90.0248,-1.6843,1825.609,1811.441,4,4,0.000801,-0.000616,1.000000,AVOID,0.000000,0.000000,1.000000,0,0.004551,-0.002126,0.257106,0.270414
trial14_near_wall,2,858,27.4560,-0.297565,0.096772,0.416957,-90.0247,-1.6844,1826.358,1817.644,4,4,0.000711,-0.000284,1.000000,AVOID,0.000000,0.000000,1.000000,0,0.004551,-0.000981,0.258524,0.268996
trial14_near_wall,2,859,27.4880,-0.297565,0.096772,0.416957,-90.0246,-1.6845,1835.307,1822.477,4,5,-0.372116,-0.093242,1.000000,AVOID,0.000000,0.000000,1.000000,0,0.004551,-0.322058,0.179318,0.348202
trial14_near_wall,2,860,27.5200,-0.297565,0.096772,0.416957,-90.0245,-1.6846,1810.378,1810.308,5,4,-0.088079,-0.091951,1.000000,AVOID,0.000000,0.000000,1.000000,0,0.004551,-0.317600,0.121029,0.406491
trial14_near_wall,2,861,27.5520,-0.297565,0.096772,0.416957,-90.0243,-1.6847,1829.094,1825.947,4,4,0.000718,-0.068784,1.000000,AVOID,0.000000,0.000000,1.000000,0,0.004551,-0.237580,0.097317,0.430203
trial14_near_wall,2,862,27.5840,-0.297565,0.096772,0.416957,-90.0242,-1.6848,1822.210,1829.685,4,5,0.086665,-0.029922,1.000000,AVOID,0.000000,0.000000,1.000000,0,0.004551,-0.103350,0.113090,0.414430
trial14_near_wall,2,863,27.6160,-0.297565,0.096772,0.416957,-90.0241,-1.6849,1834.358,1833.149,5,4,-0.088071,-0.044459,1.000000,AVOID,0.000000,0.000000,1.000000,0,0.004551,-0.153562,0.112367,0.415153
trial14_near_wall,2,864,27.6480,-0.297565,0.096772,0.416957,-90.0240,-1.6850,1816.467,1828.577,4,4,0.000725,-0.033163,1.000000,AVOID,0.000000,0.000000,1.000000,0,0.004551,-0.114545,0.121579,0.405941
trial14_near_wall,2,865,27.6800,-0.297565,0.096772,0.416957,-90.0239,-1.6851,1829.481,1820.041,4,5,0.086643,-0.003212,1.000000,AVOID,0.000000,0.000000,1.000000,0,0.004551,-0.011093,0.154351,0.373169
trial14_near_wall,2,866,27.7120,-0.297565,0.096772,0.416957,-90.0238,-1.6852,1821.856,1808.499,5,4,-0.088063,-0.024425,1.000000,AVOID,0.000000,0.000000,1.000000,0,0.004551,-0.084362,0.160613,0.366907
trial14_near_wall,2,867,27.7440,-0.297565,0.096772,0.416957,-90.0237,-1.6853,1845.070,1821.376,4,4,0.000732,-0.018135,1.000000,AVOID,0.000000,0.000000,1.000000,0,0.004551,-0.062639,0.170740,0.356780
trial14_near_wall,2,868,27.7760,-0.297565,0.096772,0.416957,-90.0236,-1.6854,1812.904,1824.138,4,5,0.086620,0.008054,1.000000,AVOID,0.000000,0.000000,1.000000,0,0.004551,0.027817,0.200949,0.326571
trial14_near_wall,2,869,27.8080,-0.297565,0.096772,0.416957,-90.0235,-1.6855,1828.418,1812.033,5,4,-0.088055,-0.015974,1.000000,AVOID,0.000000,0.000000,1.000000,0,0.004551,-0.055173,0.202859,0.324661
trial14_near_wall,2,870,27.8400,-0.297565,0.096772,0.416957,-90.0234,-1.6856,1811.318,1812.292,4,4,0.000740,-0.011795,1.000000,AVOID,0.000000,0.000000,1.000000,0,0.004551,-0.040741,0.207899,0.319621
trial14_near_wall,2,871,27.8720,-0.297565,0.096772,0.416957,-90.0233,-1.6857,1815.466,1844.896,4,5,0.086597,0.012803,1.000000,AVOID,0.000000,0.000000,1.000000,0,0.004551,0.044221,0.232919,0.294601
trial14_near_wall,2,872,27.9040,-0.297566,0.096772,0.416957,-90.0232,-1.6858,1823.281,1821.594,5,4,-0.088046,-0.012409,1.000000,AVOID,0.000000,0.000000,1.000000,0,0.004551,-0.042862,0.229914,0.297606
trial14_near_wall,2,873,27.9360,-0.297566,0.096772,0.416957,-90.0230,-1.6859,1812.429,1826.222,4,4,0.000747,-0.009120,1.000000,AVOID,0.000000,0.000000,1.000000,0,0.004551,-0.031501,0.230500,0.297020
trial14_near_wall,2,874,27.9680,-0.297566,0.096772,0.416957,-90.0229,-1.6860,1803.910,1801.199,4,5,0.086574,0.014803,1.000000,AVOID,0.000000,0.000000,1.000000,0,0.004551,0.051131,0.251598,0.275922
trial14_near_wall,2,875,28.0000,-0.297566,0.096772,0.416957,-90.0228,-1.6861,1833.122,1830.277,5,4,-0.088038,-0.010907,1.000000,AVOID,0.000000,0.000000,1.000000,0,0.004551,-0.037673,0.245220,0.282300
trial14_near_wall,2,876,28.0320,-0.297566,0.096772,0.416957,-90.0227,-1.6862,1827.391,1821.583,4,4,0.000755,-0.007992,1.000000,AVOID,0.000000,0.000000,1.000000,0,0.004551,-0.027603,0.242954,0.284566
trial14_near_wall,2,877,28.0640,-0.297566,0.096772,0.416957,-90.0226,-1.6862,1826.923,1809.941,4,5,0.086551,0.015644,1.000000,AVOID,0.000000,0.000000,1.000000,0,0.004551,0.054034,0.261664,0.265856
trial14_near_wall,2,878,28.0960,-0.297566,0.096772,0.416957,-90.0225,-1.6863,1828.576,1816.646,5,4,-0.088029,-0.010274,1.000000,AVOID,0.000000,0.000000,1.000000,0,0.004551,-0.035487,0.253316,0.274204
trial14_near_wall,2,879,28.1280,-0.297566,0.096772,0.416957,-90.0224,-1.6864,1819.312,1817.789,4,4,0.000762,-0.007515,1.000000,AVOID,0.000000,0.000000,1.000000,0,0.004551,-0.025957,0.249438,0.278082
trial14_near_wall,2,880,28.1600,-0.297566,0.096772,0.416957,-90.0223,-1.6865,1826.816,1821.964,4,5,0.086527,0.015995,1.000000,AVOID,0.000000,0.000000,1.000000,0,0.004551,0.055248,0.266831,0.260689
trial14_near_wall,2,881,28.1920,-0.297566,0.096772,0.416957,-90.0222,-1.6866,1820.697,1817.696,5,4,-0.088021,-0.010009,1.000000,AVOID,0.000000,0.000000,1.000000,0,0.004551,-0.034570,0.257421,0.270099
trial14_near_wall,2,882,28.2240,-0.297566,0.096772,0.416957,-90.0221,-1.6867,1835.157,1809.052,4,4,0.000770,-0.007314,1.000000,AVOID,0.000000,0.000000,1.000000,0,0.004551,-0.025262,0.252690,0.274830
trial14_near_wall,2,883,28.2560,-0.297566,0.096772,0.416957,-90.0220,-1.6868,1812.680,1828.698,4,5,0.086503,0.016140,1.000000,AVOID,0.000000,0.000000,1.000000,0,0.004551,0.055749,0.269395,0.258125
trial14_near_wall,2,884,28.2880,-0.297566,0.096772,0.416957,-90.0219,-1.6869,1811.777,1825.879,5,4,-0.088012,-0.009898,1.000000,AVOID,0.000000,0.000000,1.000000,0,0.004551,-0.034186,0.259439,0.268081
trial14_near_wall,2,885,28.3200,-0.297566,0.096772,0.416957,-90.0218,-1.6870,1827.235,1817.134,4,4,0.000778,-0.007229,1.000000,AVOID,0.000000,0.000000,1.000000,0,0.004551,-0.024968,0.254277,0.273243
trial14_near_wall,2,886,28.3520,-0.297566,0.096772,0.416957,-90.0217,-1.6871,1811.031,1817.112,4,5,0.086479,0.016198,1.000000,AVOID,0.000000,0.000000,1.000000,0,0.004551,0.055949,0.270635,0.256885
trial14_near_wall,2,887,28.3840,-0.297567,0.096772,0.416957,-90.0216,-1.6872,1827.878,1815.940,5,4,-0.088003,-0.009852,1.000000,AVOID,0.000000,0.000000,1.000000,0,0.004551,-0.034029,0.260409,0.267111
trial14_near_wall,2,888,28.4160,-0.297567,0.096772,0.416957,-90.0215,-1.6873,1830.118,1823.692,4,4,0.000786,-0.007193,1.000000,AVOID,0.000000,0.000000,1.000000,0,0.004551,-0.024843,0.255036,0.272484
trial14_near_wall,2,889,28.4480,-0.297567,0.096772,0.416957,-90.0214,-1.6873,1825.119,1812.836,4,4,0.000696,-0.005220,1.000000,AVOID,0.000000,0.000000,1.000000,0,0.004551,-0.018031,0.252709,0.274811
trial14_near_wall,2,890,28.4800,-0.297567,0.096772,0.416957,-90.0213,-1.6874,1832.561,1823.154,5,5,0.000895,-0.003692,1.000000,AVOID,0.000000,0.000000,1.000000,0,0.004551,-0.012751,0.252284,0.275236
trial14_near_wall,2,891,28.5120,-0.297567,0.096772,0.416957,-90.0212,-1.6875,1826.463,1801.830,4,4,0.000793,-0.002570,1.000000,AVOID,0.000000,0.000000,1.000000,0,0.004551,-0.008878,0.252934,0.274586
trial14_near_wall,2,892,28.5440,-0.297567,0.096772,0.416957,-90.0211,-1.6876,1839.711,1828.034,4,4,0.000704,-0.001752,1.000000,AVOID,0.000000,0.000000,1.000000,0,0.004551,-0.006051,0.254128,0.273392
trial14_near_wall,2,893,28.5760,-0.297567,0.096772,0.416957,-90.0210,-1.6877,1814.855,1822.664,5,5,0.000904,-0.001088,1.000000,AVOID,0.000000,0.000000,1.000000,0,0.004551,-0.003758,0.255596,0.271924
trial14_near_wall,2,894,28.6080,-0.297567,0.096772,0.416957,-90.0209,-1.6878,1833.659,1822.101,4,4,0.000801,-0.000616,1.000000,AVOID,0.000000,0.000000,1.000000,0,0.004551,-0.002126,0.257106,0.270414
trial14_near_wall,2,895,28.6400,-0.297567,0.096772,0.416957,-90.0208,-1.6879,1801.060,1839.458,4,4,0.000711,-0.000284,1.000000,AVOID,0.000000,0.000000,1.000000,0,0.004551,-0.000981,0.258524,0.268996
trial14_near_wall,2,896,28.6720,-0.297567,0.096772,0.416957,-90.0208,-1.6880,1818.635,1834.534,4,5,-0.372116,-0.093242,1.000000,AVOID,0.000000,0.000000,1.000000,0,0.004551,-0.322058,0.179318,0.348202
trial14_near_wall,2,897,28.7040,-0.297567,0.096772,0.416957,-90.0207,-1.6880,1830.589,1831.122,5,4,-0.088079,-0.091951,1.000000,AVOID,0.000000,0.000000,1.000000,0,0.004551,-0.317600,0.121029,0.406491
trial14_near_wall,2,898,28.7360,-0.297567,0.096772,0.416957,-90.0206,-1.6881,1814.609,1824.289,4,4,0.000718,-0.068784,1.000000,AVOID,0.000000,0.000000,1.000000,0,0.004551,-0.237580,0.097317,0.430203
trial14_near_wall,2,899,28.7680,-0.297567,0.096772,0.416957,-90.0205,-1.6882,1821.212,1822.878,4,5,0.086665,-0.029922,1.000000,AVOID,0.000000,0.000000,1.000000,0,0.004551,-0.103350,0.113090,0.414430
trial14_near_wall,2,900,28.8000,-0.297567,0.096772,0.416957,-90.0204,-1.6883,1838.642,1826.433,5,4,-0.088071,-0.044459,1.000000,AVOID,0.000000,0.000000,1.000000,0,0.004551,-0.153562,0.112367,0.415153
trial14_near_wall,2,901,28.8320,-0.297567,0.096772,0.416957,-90.0203,-1.6884,1822.555,1814.671,4,4,0.000725,-0.033163,1.000000,AVOID,0.000000,0.000000,1.000000,0,0.004551,-0.114545,0.121579,0.405941
trial14_near_wall,2,902,28.8640,-0.297567,0.096772,0.416957,-90.0202,-1.6885,1815.574,1833.111,4,5,0.086643,-0.003212,1.000000,AVOID,0.000000,0.000000,1.000000,0,0.004551,-0.011093,0.154351,0.373169
trial14_near_wall,2,903,28.8960,-0.297568,0.096772,0.416957,-90.0201,-1.6886,1806.260,1829.176,5,4,-0.088063,-0.024425,1.000000,AVOID,0.000000,0.000000,1.000000,0,0.004551,-0.084362,0.160613,0.366907
trial14_near_wall,2,904,28.9280,-0.297568,0.096772,0.416957,-90.0200,-1.6886,1840.539,1812.855,4,4,0.000732,-0.018135,1.000000,AVOID,0.000000,0.000000,1.000000,0,0.004551,-0.062639,0.170740,0.356780
trial14_near_wall,2,905,28.9600,-0.297568,0.096772,0.416957,-90.0199,-1.6887,1837.439,1826.108,4,5,0.086620,0.008054,1.000000,AVOID,0.000000,0.000000,1.000000,0,0.004551,0.027817,0.200949,0.326571
trial14_near_wall,2,906,28.9920,-0.297568,0.096772,0.416957,-90.0198,-1.6888,1809.502,1814.966,5,4,-0.088055,-0.015974,1.000000,AVOID,0.000000,0.000000,1.000000,0,0.004551,-0.055173,0.202859,0.324661
trial14_near_wall,2,907,29.0240,-0.297568,0.096772,0.416957,-90.0197,-1.6889,1837.336,1803.341,4,4,0.000740,-0.011795,1.000000,AVOID,0.000000,0.000000,1.000000,0,0.004551,-0.040741,0.207899,0.319621
trial14_near_wall,2,908,29.0560,-0.297568,0.096772,0.416957,-90.0196,-1.6890,1824.324,1818.101,4,5,0.086597,0.012803,1.000000,AVOID,0.000000,0.000000,1.000000,0,0.004551,0.044221,0.232919,0.294601
trial14_near_wall,2,909,29.0880,-0.297568,0.096772,0.416957,-90.0196,-1.6890,1809.587,1826.800,5,4,-0.088046,-0.012409,1.000000,AVOID,0.000000,0.000000,1.000000,0,0.004551,-0.042862,0.229914,0.297606
trial14_near_wall,2,910,29.1200,-0.297568,0.096772,0.416957,-90.0195,-1.6891,1817.601,1833.534,4,4,0.000747,-0.009120,1.000000,AVOID,0.000000,0.000000,1.000000,0,0.004551,-0.031501,0.230500,0.297020
trial14_near_wall,2,911,29.1520,-0.297568,0.096772,0.416957,-90.0194,-1.6892,1828.944,1813.779,4,5,0.086574,0.014803,1.000000,AVOID,0.000000,0.000000,1.000000,0,0.004551,0.051131,0.251598,0.275922
trial14_near_wall,2,912,29.1840,-0.297568,0.096772,0.416957,-90.0193,-1.6893,1827.164,1826.046,5,4,-0.088038,-0.010907,1.000000,AVOID,0.000000,0.000000,1.000000,0,0.004551,-0.037673,0.245220,0.282300
trial14_near_wall,2,913,29.2160,-0.297568,0.096772,0.416957,-90.0192,-1.6894,1805.236,1813.378,4,4,0.000755,-0.007992,1.000000,AVOID,0.000000,0.000000,1.000000,0,0.004551,-0.027603,0.242954,0.284566
trial14_near_wall,2,914,29.2480,-0.297568,0.096772,0.416957,-90.0191,-1.6895,1824.918,1828.416,4,5,0.086551,0.015644,1.000000,AVOID,0.000000,0.000000,1.000000,0,0.004551,0.054034,0.261664,0.265856
trial14_near_wall,2,915,29.2800,-0.297568,0.096772,0.416957,-90.0190,-1.6895,1822.738,1818.239,5,4,-0.088029,-0.010274,1.000000,AVOID,0.000000,0.000000,1.000000,0,0.004551,-0.035487,0.253316,0.274204
trial14_near_wall,2,916,29.3120,-0.297568,0.096772,0.416957,-90.0189,-1.6896,1826.699,1822.724,4,4,0.000762,-0.007515,1.000000,AVOID,0.000000,0.000000,1.000000,0,0.004551,-0.025957,0.249438,0.278082
trial14_near_wall,2,917,29.3440,-0.297568,0.096772,0.416957,-90.0189,-1.6897,1817.533,1818.140,4,5,0.086527,0.015995,1.000000,AVOID,0.000000,0.000000,1.000000,0,0.004551,0.055248,0.266831,0.260689
trial14_near_wall,2,918,29.3760,-0.297568,0.096772,0.416957,-90.0188,-1.6898,1821.628,1818.050,5,4,-0.088021,-0.010009,1.000000,AVOID,0.000000,0.000000,1.000000,0,0.004551,-0.034570,0.257421,0.270099
trial14_near_wall,2,919,29.4080,-0.297568,0.096772,0.416957,-90.0187,-1.6898,1839.696,1830.580,4,4,0.000770,-0.007314,1.000000,AVOID,0.000000,0.000000,1.000000,0,0.004551,-0.025262,0.252690,0.274830
trial14_near_wall,2,920,29.4400,-0.297568,0.096772,0.416957,-90.0186,-1.6899,1822.723,1821.478,4,5,0.086503,0.016140,1.000000,AVOID,0.000000,0.000000,1.000000,0,0.004551,0.055749,0.269395,0.258125
trial14_near_wall,2,921,29.4720,-0.297569,0.096772,0.416957,-90.0185,-1.6900,1825.248,1828.717,5,4,-0.088012,-0.009898,1.000000,AVOID,0.000000,0.000000,1.000000,0,0.004551,-0.034186,0.259439,0.268081
trial14_near_wall,2,922,29.5040,-0.297569,0.096772,0.416957,-90.0184,-1.6901,1822.867,1825.159,4,4,0.000778,-0.007229,1.000000,AVOID,0.000000,0.000000,1.000000,0,0.004551,-0.024968,0.254277,0.273243
trial14_near_wall,2,923,29.5360,-0.297569,0.096772,0.416957,-90.0183,-1.6902,1818.579,1834.539,4,5,0.086479,0.016198,1.000000,AVOID,0.000000,0.000000,1.000000,0,0.004551,0.055949,0.270635,0.256885
trial14_near_wall,2,924,29.5680,-0.297569,0.096772,0.416957,-90.0183,-1.6902,1809.864,1823.042,5,4,-0.088003,-0.009852,1.000000,AVOID,0.000000,0.000000,1.000000,0,0.004551,-0.034029,0.260409,0.267111
trial14_near_wall,2,925,29.6000,-0.297569,0.096772,0.416957,-90.0182,-1.6903,1819.009,1813.155,4,4,0.000786,-0.007193,1.000000,AVOID,0.000000,0.000000,1.000000,0,0.004551,-0.024843,0.255036,0.272484
trial14_near_wall,2,926,29.6320,-0.297569,0.096772,0.416957,-90.0181,-1.6904,1840.491,1815.353,4,4,0.000696,-0.005220,1.000000,AVOID,0.000000,0.000000,1.000000,0,0.004551,-0.018031,0.252709,0.274811
trial14_near_wall,2,927,29.6640,-0.297569,0.096772,0.416957,-90.0180,-1.6905,1831.478,1813.409,5,5,0.000895,-0.003692,1.000000,AVOID,0.000000,0.000000,1.000000,0,0.004551,-0.012751,0.252284,0.275236
trial14_near_wall,2,928,29.6960,-0.297569,0.096772,0.416957,-90.0179,-1.6905,1814.653,1820.555,4,4,0.000793,-0.002570,1.000000,AVOID,0.000000,0.000000,1.000000,0,0.004551,-0.008878,0.252934,0.274586
trial14_near_wall,2,929,29.7280,-0.297569,0.096772,0.416957,-90.0178,-1.6906,1830.579,1816.806,4,4,0.000704,-0.001752,1.000000,AVOID,0.000000,0.000000,1.000000,0,0.004551,-0.006051,0.254128,0.273392
trial14_near_wall,2,930,29.7600,-0.297569,0.096772,0.416957,-90.0178,-1.6907,1834.205,1812.241,5,5,0.000904,-0.001088,1.000000,AVOID,0.000000,0.000000,1.000000,0,0.004551,-0.003758,0.255596,0.271924
trial14_near_wall,2,931,29.7920,-0.297569,0.096772,0.416957,-90.0177,-1.6908,1803.671,1796.534,4,4,0.000801,-0.000616,1.000000,AVOID,0.000000,0.000000,1.000000,0,0.004551,-0.002126,0.257106,0.270414
trial14_near_wall,2,932,29.8240,-0.297569,0.096772,0.416957,-90.0176,-1.6908,1818.251,1828.348,4,4,0.000711,-0.000284,1.000000,AVOID,0.000000,0.000000,1.000000,0,0.004551,-0.000981,0.258524,0.268996
trial14_near_wall,2,933,29.8560,-0.297569,0.096772,0.416957,-90.0175,-1.6909,1824.096,1835.247,4,5,-0.372116,-0.093242,1.000000,AVOID,0.000000,0.000000,1.000000,0,0.004551,-0.322058,0.179318,0.348202
trial14_near_wall,2,934,29.8880,-0.297569,0.096772,0.416957,-90.0174,-1.6910,1821.239,1838.478,5,4,-0.088079,-0.091951,1.000000,AVOID,0.000000,0.000000,1.000000,0,0.004551,-0.317600,0.121029,0.406491
trial14_near_wall,2,935,29.9200,-0.297569,0.096772,0.416957,-90.0174,-1.6910,1801.181,1828.173,4,4,0.000718,-0.068784,1.000000,AVOID,0.000000,0.000000,1.000000,0,0.004551,-0.237580,0.097317,0.430203
trial14_near_wall,2,936,29.9520,-0.297569,0.096772,0.416957,-90.0173,-1.6911,1830.236,1819.807,4,5,0.086665,-0.029922,1.000000,AVOID,0.000000,0.000000,1.000000,0,0.004551,-0.103350,0.113090,0.414430
trial14_near_wall,2,937,29.9840,-0.297569,0.096772,0.416957,-90.0172,-1.6912,1834.582,1823.004,5,4,-0.088071,-0.044459,1.000000,AVOID,0.000000,0.000000,1.000000,0,0.004551,-0.153562,0.112367,0.415153
trial14_near_wall,2,938,30.0160,-0.297569,0.096772,0.416957,-90.0171,-1.6913,1815.762,1820.543,4,4,0.000725,-0.033163,1.000000,AVOID,0.000000,0.000000,1.000000,0,0.004551,-0.114545,0.121579,0.405941
trial14_near_wall,2,939,30.0480,-0.297569,0.096772,0.416957,-90.0171,-1.6913,1817.907,1814.049,4,5,0.086643,-0.003212,1.000000,AVOID,0.000000,0.000000,1.000000,0,0.004551,-0.011093,0.154351,0.373169
trial14_near_wall,2,940,30.0800,-0.297570,0.096772,0.416957,-90.0170,-1.6914,1818.975,1827.349,5,4,-0.088063,-0.024425,1.000000,AVOID,0.000000,0.000000,1.000000,0,0.004551,-0.084362,0.160613,0.366907
trial14_near_wall,2,941,30.1120,-0.297570,0.096772,0.416957,-90.0169,-1.6915,1830.355,1816.612,4,4,0.000732,-0.018135,1.000000,AVOID,0.000000,0.000000,1.000000,0,0.004551,-0.062639,0.170740,0.356780
trial14_near_wall,2,942,30.1440,-0.297570,0.096772,0.416957,-90.0168,-1.6915,1821.638,1808.724,4,5,0.086620,0.008054,1.000000,AVOID,0.000000,0.000000,1.000000,0,0.004551,0.027817,0.200949,0.326571
trial14_near_wall,2,943,30.1760,-0.297570,0.096772,0.416957,-90.0167,-1.6916,1830.875,1837.786,5,4,-0.088055,-0.015974,1.000000,AVOID,0.000000,0.000000,1.000000,0,0.004551,-0.055173,0.202859,0.324661
trial14_near_wall,2,944,30.2080,-0.297570,0.096772,0.416957,-90.0167,-1.6917,1813.950,1830.572,4,4,0.000740,-0.011795,1.000000,AVOID,0.000000,0.000000,1.000000,0,0.004551,-0.040741,0.207899,0.319621
trial14_near_wall,2,945,30.2400,-0.297570,0.096772,0.416957,-90.0166,-1.6918,1830.192,1818.547,4,5,0.086597,0.012803,1.000000,AVOID,0.000000,0.000000,1.000000,0,0.004551,0.044221,0.232919,0.294601
trial14_near_wall,2,946,30.2720,-0.297570,0.096772,0.416957,-90.0165,-1.6918,1825.105,1827.946,5,4,-0.088046,-0.012409,1.000000,AVOID,0.000000,0.000000,1.000000,0,0.004551,-0.042862,0.229914,0.297606
trial14_near_wall,2,947,30.3040,-0.297570,0.096772,0.416957,-90.0164,-1.6919,1822.480,1825.145,4,4,0.000747,-0.009120,1.000000,AVOID,0.000000,0.000000,1.000000,0,0.004551,-0.031501,0.230500,0.297020
trial14_near_wall,2,948,30.3360,-0.297570,0.096772,0.416957,-90.0164,-1.6920,1821.323,1822.461,4,5,0.086574,0.014803,1.000000,AVOID,0.000000,0.000000,1.000000,0,0.004551,0.051131,0.251598,0.275922
trial14_near_wall,2,949,30.3680,-0.297570,0.096772,0.416957,-90.0163,-1.6920,1825.235,1824.657,5,4,-0.088038,-0.010907,1.000000,AVOID,0.000000,0.000000,1.000000,0,0.004551,-0.037673,0.245220,0.282300
trial14_near_wall,2,950,30.4000,-0.297570,0.096772,0.416957,-90.0162,-1.6921,1825.917,1836.322,4,4,0.000755,-0.007992,1.000000,AVOID,0.000000,0.000000,1.000000,0,0.004551,-0.027603,0.242954,0.284566
trial14_near_wall,2,951,30.4320,-0.297570,0.096772,0.416957,-90.0161,-1.6922,1819.969,1838.780,4,5,0.086551,0.015644,1.000000,AVOID,0.000000,0.000000,1.000000,0,0.004551,0.054034,0.261664,0.265856
trial14_near_wall,2,952,30.4640,-0.297570,0.096772,0.416957,-90.0161,-1.6922,1820.762,1822.346,5,4,-0.088029,-0.010274,1.000000,AVOID,0.000000,0.000000,1.000000,0,0.004551,-0.035487,0.253316,0.274204
trial14_near_wall,2,953,30.4960,-0.297570,0.096772,0.416957,-90.0160,-1.6923,1795.395,1821.143,4,4,0.000762,-0.007515,1.000000,AVOID,0.000000,0.000000,1.000000,0,0.004551,-0.025957,0.249438,0.278082
trial14_near_wall,2,954,30.5280,-0.297570,0.096772,0.416957,-90.0159,-1.6924,1833.167,1821.940,4,5,0.086527,0.015995,1.000000,AVOID,0.000000,0.000000,1.000000,0,0.004551,0.055248,0.266831,0.260689
trial14_near_wall,2,955,30.5600,-0.297570,0.096772,0.416957,-90.0158,-1.6924,1829.776,1831.516,5,4,-0.088021,-0.010009,1.000000,AVOID,0.000000,0.000000,1.000000,0,0.004551,-0.034570,0.257421,0.270099
trial14_near_wall,2,956,30.5920,-0.297570,0.096772,0.416957,-90.0158,-1.6925,1815.483,1813.279,4,4,0.000770,-0.007314,1.000000,AVOID,0.000000,0.000000,1.000000,0,0.004551,-0.025262,0.252690,0.274830
trial14_near_wall,2,957,30.6240,-0.297570,0.096772,0.416957,-90.0157,-1.6926,1845.517,1831.111,4,5,0.086503,0.016140,1.000000,AVOID,0.000000,0.000000,1.000000,0,0.004551,0.055749,0.269395,0.258125
trial14_near_wall,2,958,30.6560,-0.297570,0.096772,0.416957,-90.0156,-1.6926,1838.231,1819.346,5,4,-0.088012,-0.009898,1.000000,AVOID,0.000000,0.000000,1.000000,0,0.004551,-0.034186,0.259439,0.268081
trial14_near_wall,2,959,30.6880,-0.297570,0.096772,0.416957,-90.0156,-1.6927,1813.064,1830.476,4,4,0.000778,-0.007229,1.000000,AVOID,0.000000,0.000000,1.000000,0,0.004551,-0.024968,0.254277,0.273243
trial14_near_wall,2,960,30.7200,-0.297570,0.096772,0.416957,-90.0155,-1.6928,1836.150,1817.319,4,5,0.086479,0.016198,1.000000,AVOID,0.000000,0.000000,1.000000,0,0.004551,0.055949,0.270635,0.256885
trial14_near_wall,2,961,30.7520,-0.297571,0.096772,0.416957,-90.0154,-1.6928,1807.868,1815.302,5,4,-0.088003,-0.009852,1.000000,AVOID,0.000000,0.000000,1.000000,0,0.004551,-0.034029,0.260409,0.267111
trial14_near_wall,2,962,30.7840,-0.297571,0.096772,0.416957,-90.0154,-1.6929,1820.426,1818.346,4,4,0.000786,-0.007193,1.000000,AVOID,0.000000,0.000000,1.000000,0,0.004551,-0.024843,0.255036,0.272484
trial14_near_wall,2,963,30.8160,-0.297571,0.096772,0.416957,-90.0153,-1.6929,1819.467,1818.500,4,4,0.000696,-0.005220,1.000000,AVOID,0.000000,0.000000,1.000000,0,0.004551,-0.018031,0.252709,0.274811
trial14_near_wall,2,964,30.8480,-0.297571,0.096772,0.416957,-90.0152,-1.6930,1815.399,1829.542,5,5,0.000895,-0.003692,1.000000,AVOID,0.000000,0.000000,1.000000,0,0.004551,-0.012751,0.252284,0.275236
trial14_near_wall,2,965,30.8800,-0.297571,0.096772,0.416957,-90.0151,-1.6931,1827.810,1824.239,4,4,0.000793,-0.002570,1.000000,AVOID,0.000000,0.000000,1.000000,0,0.004551,-0.008878,0.252934,0.274586
trial14_near_wall,2,966,30.9120,-0.297571,0.096772,0.416957,-90.0151,-1.6931,1835.643,1832.076,4,4,0.000704,-0.001752,1.000000,AVOID,0.000000,0.000000,1.000000,0,0.004551,-0.006051,0.254128,0.273392
trial14_near_wall,2,967,30.9440,-0.297571,0.096772,0.416957,-90.0150,-1.6932,1825.032,1804.309,5,5,0.000904,-0.001088,1.000000,AVOID,0.000000,0.000000,1.000000,0,0.004551,-0.003758,0.255596,0.271924
trial14_near_wall,2,968,30.9760,-0.297571,0.096772,0.416957,-90.0149,-1.6933,1809.330,1818.132,4,4,0.000801,-0.000616,1.000000,AVOID,0.000000,0.000000,1.000000,0,0.004551,-0.002126,0.257106,0.270414
trial14_near_wall,2,969,31.0080,-0.297571,0.096772,0.416957,-90.0149,-1.6933,1812.020,1816.550,4,4,0.000711,-0.000284,1.000000,AVOID,0.000000,0.000000,1.000000,0,0.004551,-0.000981,0.258524,0.268996
trial14_near_wall,2,970,31.0400,-0.297571,0.096772,0.416957,-90.0148,-1.6934,1817.472,1823.976,4,5,-0.372116,-0.093242,1.000000,AVOID,0.000000,0.000000,1.000000,0,0.004551,-0.322058,0.179318,0.348202
trial14_near_wall,2,971,31.0720,-0.297571,0.096772,0.416957,-90.0147,-1.6934,1823.763,1826.131,5,4,-0.088079,-0.091951,1.000000,AVOID,0.000000,0.000000,1.000000,0,0.004551,-0.317600,0.121029,0.406491
trial14_near_wall,2,972,31.1040,-0.297571,0.096772,0.416957,-90.0147,-1.6935,1833.044,1811.448,4,4,0.000718,-0.068784,1.000000,AVOID,0.000000,0.000000,1.000000,0,0.004551,-0.237580,0.097317,0.430203
trial14_near_wall,2,973,31.1360,-0.297571,0.096772,0.416957,-90.0146,-1.6936,1823.054,1819.509,4,5,0.086665,-0.029922,1.000000,AVOID,0.000000,0.000000,1.000000,0,0.004551,-0.103350,0.113090,0.414430
trial14_near_wall,2,974,31.1680,-0.297571,0.096772,0.416957,-90.0145,-1.6936,1819.208,1831.692,5,4,-0.088071,-0.044459,1.000000,AVOID,0.000000,0.000000,1.000000,0,0.004551,-0.153562,0.112367,0.415153
trial14_near_wall,2,975,31.2000,-0.297571,0.096772,0.416957,-90.0145,-1.6937,1808.691,1815.929,4,4,0.000725,-0.033163,1.000000,AVOID,0.000000,0.000000,1.000000,0,0.004551,-0.114545,0.121579,0.405941
trial14_near_wall,2,976,31.2320,-0.297571,0.096772,0.416957,-90.0144,-1.6937,1824.578,1820.493,4,5,0.086643,-0.003212,1.000000,AVOID,0.000000,0.000000,1.000000,0,0.004551,-0.011093,0.154351,0.373169
trial14_near_wall,2,977,31.2640,-0.297571,0.096772,0.416957,-90.0143,-1.6938,1842.439,1817.652,5,4,-0.088063,-0.024425,1.000000,AVOID,0.000000,0.000000,1.000000,0,0.004551,-0.084362,0.160613,0.366907
trial14_near_wall,2,978,31.2960,-0.297571,0.096772,0.416957,-90.0143,-1.6939,1817.354,1830.599,4,4,0.000732,-0.018135,1.000000,AVOID,0.000000,0.000000,1.000000,0,0.004551,-0.062639,0.170740,0.356780
trial14_near_wall,2,979,31.3280,-0.297571,0.096772,0.416957,-90.0142,-1.6939,1803.245,1831.597,4,5,0.086620,0.008054,1.000000,AVOID,0.000000,0.000000,1.000000,0,0.004551,0.027817,0.200949,0.326571
trial14_near_wall,2,980,31.3600,-0.297571,0.096772,0.416957,-90.0141,-1.6940,1827.512,1813.698,5,4,-0.088055,-0.015974,1.000000,AVOID,0.000000,0.000000,1.000000,0,0.004551,-0.055173,0.202859,0.324661
trial14_near_wall,2,981,31.3920,-0.297571,0.096772,0.416957,-90.0141,-1.6940,1822.550,1815.008,4,4,0.000740,-0.011795,1.000000,AVOID,0.000000,0.000000,1.000000,0,0.004551,-0.040741,0.207899,0.319621
trial14_near_wall,2,982,31.4240,-0.297571,0.096772,0.416957,-90.0140,-1.6941,1820.189,1798.729,4,5,0.086597,0.012803,1.000000,AVOID,0.000000,0.000000,1.000000,0,0.004551,0.044221,0.232919,0.294601
trial14_near_wall,2,983,31.4560,-0.297571,0.096772,0.416957,-90.0139,-1.6942,1819.364,1825.428,5,4,-0.088046,-0.012409,1.000000,AVOID,0.000000,0.000000,1.000000,0,0.004551,-0.042862,0.229914,0.297606
trial14_near_wall,2,984,31.4880,-0.297572,0.096772,0.416957,-90.0139,-1.6942,1801.253,1831.088,4,4,0.000747,-0.009120,1.000000,AVOID,0.000000,0.000000,1.000000,0,0.004551,-0.031501,0.230500,0.297020
trial14_near_wall,2,985,31.5200,-0.297572,0.096772,0.416957,-90.0138,-1.6943,1813.917,1810.280,4,5,0.086574,0.014803,1.000000,AVOID,0.000000,0.000000,1.000000,0,0.004551,0.051131,0.251598,0.275922
trial14_near_wall,2,986,31.5520,-0.297572,0.096772,0.416957,-90.0138,-1.6943,1826.961,1828.836,5,4,-0.088038,-0.010907,1.000000,AVOID,0.000000,0.000000,1.000000,0,0.004551,-0.037673,0.245220,0.282300
trial14_near_wall,2,987,31.5840,-0.297572,0.096772,0.416957,-90.0137,-1.6944,1823.294,1816.495,4,4,0.000755,-0.007992,1.000000,AVOID,0.000000,0.000000,1.000000,0,0.004551,-0.027603,0.242954,0.284566
trial14_near_wall,2,988,31.6160,-0.297572,0.096772,0.416957,-90.0136,-1.6944,1822.503,1816.570,4,5,0.086551,0.015644,1.000000,AVOID,0.000000,0.000000,1.000000,0,0.004551,0.054034,0.261664,0.265856
trial14_near_wall,2,989,31.6480,-0.297572,0.096772,0.416957,-90.0136,-1.6945,1824.071,1819.328,5,4,-0.088029,-0.010274,1.000000,AVOID,0.000000,0.000000,1.000000,0,0.004551,-0.035487,0.253316,0.274204
trial14_near_wall,2,990,31.6800,-0.297572,0.096772,0.416957,-90.0135,-1.6946,1810.326,1835.208,4,4,0.000762,-0.007515,1.000000,AVOID,0.000000,0.000000,1.000000,0,0.004551,-0.025957,0.249438,0.278082
trial14_near_wall,2,991,31.7120,-0.297572,0.096772,0.416957,-90.0134,-1.6946,1840.722,1814.165,4,5,0.086527,0.015995,1.000000,AVOID,0.000000,0.000000,1.000000,0,0.004551,0.055248,0.266831,0.260689
trial14_near_wall,2,992,31.7440,-0.297572,0.096772,0.416957,-90.0134,-1.6947,1823.125,1825.840,5,4,-0.088021,-0.010009,1.000000,AVOID,0.000000,0.000000,1.000000,0,0.004551,-0.034570,0.257421,0.270099
trial14_near_wall,2,993,31.7760,-0.297572,0.096772,0.416957,-90.0133,-1.6947,1808.332,1814.456,4,4,0.000770,-0.007314,1.000000,AVOID,0.000000,0.000000,1.000000,0,0.004551,-0.025262,0.252690,0.274830
trial14_near_wall,2,994,31.8080,-0.297572,0.096772,0.416957,-90.0133,-1.6948,1833.283,1835.965,4,5,0.086503,0.016140,1.000000,AVOID,0.000000,0.000000,1.000000,0,0.004551,0.055749,0.269395,0.258125
trial14_near_wall,2,995,31.8400,-0.297572,0.096772,0.416957,-90.0132,-1.6948,1818.404,1829.017,5,4,-0.088012,-0.009898,1.000000,AVOID,0.000000,0.000000,1.000000,0,0.004551,-0.034186,0.259439,0.268081
trial14_near_wall,2,996,31.8720,-0.297572,0.096772,0.416957,-90.0131,-1.6949,1820.624,1832.222,4,4,0.000778,-0.007229,1.000000,AVOID,0.000000,0.000000,1.000000,0,0.004551,-0.024968,0.254277,0.273243
trial14_near_wall,2,997,31.9040,-0.297572,0.096772,0.416957,-90.0131,-1.6949,1816.913,1813.342,4,5,0.086479,0.016198,1.000000,AVOID,0.000000,0.000000,1.000000,0,0.004551,0.055949,0.270635,0.256885
trial14_near_wall,2,998,31.9360,-0.297572,0.096772,0.416957,-90.0130,-1.6950,1821.107,1823.596,5,4,-0.088003,-0.009852,1.000000,AVOID,0.000000,0.000000,1.000000,0,0.004551,-0.034029,0.260409,0.267111
trial14_near_wall,2,999,31.9680,-0.297572,0.096772,0.416957,-90.0130,-1.6951,1841.990,1809.794,4,4,0.000786,-0.007193,1.000000,AVOID,0.000000,0.000000,1.000000,0,0.004551,-0.024843,0.255036,0.272484
trial14_near_wall,2,1000,32.0000,-0.297572,0.096772,0.416957,-90.0129,-1.6951,1822.735,1831.719,4,4,0.000696,-0.005220,1.000000,AVOID,0.000000,0.000000,1.000000,0,0.004551,-0.018031,0.252709,0.274811
trial14_near_wall,2,1001,32.0320,-0.297572,0.096772,0.416957,-90.0128,-1.6952,1823.944,1817.256,5,5,0.000895,-0.003692,1.000000,AVOID,0.000000,0.000000,1.000000,0,0.004551,-0.012751,0.252284,0.275236
trial14_near_wall,2,1002,32.0640,-0.297572,0.096772,0.416957,-90.0128,-1.6952,1822.576,1817.426,4,4,0.000793,-0.002570,1.000000,AVOID,0.000000,0.000000,1.000000,0,0.004551,-0.008878,0.252934,0.274586
trial14_near_wall,2,1003,32.0960,-0.297572,0.096772,0.416957,-90.0127,-1.6953,1834.585,1828.826,4,4,0.000704,-0.001752,1.000000,AVOID,0.000000,0.000000,1.000000,0,0.004551,-0.006051,0.254128,0.273392
trial14_near_wall,2,1004,32.1280,-0.297572,0.096772,0.416957,-90.0127,-1.6953,1830.187,1843.342,5,5,0.000904,-0.001088,1.000000,AVOID,0.000000,0.000000,1.000000,0,0.004551,-0.003758,0.255596,0.271924
trial14_near_wall,2,1005,32.1600,-0.297572,0.096772,0.416957,-90.0126,-1.6954,1834.712,1802.612,4,4,0.000801,-0.000616,1.000000,AVOID,0.000000,0.000000,1.000000,0,0.004551,-0.002126,0.257106,0.270414
trial14_near_wall,2,1006,32.1920,-0.297572,0.096772,0.416957,-90.0126,-1.6954,1834.493,1816.631,4,4,0.000711,-0.000284,1.000000,AVOID,0.000000,0.000000,1.000000,0,0.004551,-0.000981,0.258524,0.268996
trial14_near_wall,2,1007,32.2240,-0.297572,0.096772,0.416957,-90.0125,-1.6955,1829.771,1824.288,4,5,-0.372116,-0.093242,1.000000,AVOID,0.000000,0.000000,1.000000,0,0.004551,-0.322058,0.179318,0.348202
trial14_near_wall,2,1008,32.2560,-0.297572,0.096772,0.416957,-90.0124,-1.6955,1832.234,1822.382,5,4,-0.088079,-0.091951,1.000000,AVOID,0.000000,0.000000,1.000000,0,0.004551,-0.317600,0.121029,0.406491
trial14_near_wall,2,1009,32.2880,-0.297572,0.096772,0.416957,-90.0124,-1.6956,1827.898,1835.952,4,4,0.000718,-0.068784,1.000000,AVOID,0.000000,0.000000,1.000000,0,0.004551,-0.237580,0.097317,0.430203
trial14_near_wall,2,1010,32.3200,-0.297573,0.096772,0.416957,-90.0123,-1.6956,1806.915,1836.223,4,5,0.086665,-0.029922,1.000000,AVOID,0.000000,0.000000,1.000000,0,0.004551,-0.103350,0.113090,0.414430
trial14_near_wall,2,1011,32.3520,-0.297573,0.096772,0.416957,-90.0123,-1.6957,1821.652,1825.966,5,4,-0.088071,-0.044459,1.000000,AVOID,0.000000,0.000000,1.000000,0,0.004551,-0.153562,0.112367,0.415153
trial14_near_wall,2,1012,32.3840,-0.297573,0.096772,0.416957,-90.0122,-1.6957,1838.299,1808.793,4,4,0.000725,-0.033163,1.000000,AVOID,0.000000,0.000000,1.000000,0,0.004551,-0.114545,0.121579,0.405941
trial14_near_wall,2,1013,32.4160,-0.297573,0.096772,0.416957,-90.0122,-1.6958,1828.719,1827.344,4,5,0.086643,-0.003212,1.000000,AVOID,0.000000,0.000000,1.000000,0,0.004551,-0.011093,0.154351,0.373169
trial14_near_wall,2,1014,32.4480,-0.297573,0.096772,0.416957,-90.0121,-1.6958,1822.167,1824.489,5,4,-0.088063,-0.024425,1.000000,AVOID,0.000000,0.000000,1.000000,0,0.004551,-0.084362,0.160613,0.366907
trial14_near_wall,2,1015,32.4800,-0.297573,0.096772,0.416957,-90.0120,-1.6959,1818.686,1819.651,4,4,0.000732,-0.018135,1.000000,AVOID,0.000000,0.000000,1.000000,0,0.004551,-0.062639,0.170740,0.356780
trial14_near_wall,2,1016,32.5120,-0.297573,0.096772,0.416957,-90.0120,-1.6959,1805.066,1816.045,4,5,0.086620,0.008054,1.000000,AVOID,0.000000,0.000000,1.000000,0,0.004551,0.027817,0.200949,0.326571
trial14_near_wall,2,1017,32.5440,-0.297573,0.096772,0.416957,-90.0119,-1.6960,1805.459,1828.887,5,4,-0.088055,-0.015974,1.000000,AVOID,0.000000,0.000000,1.000000,0,0.004551,-0.055173,0.202859,0.324661
trial14_near_wall,2,1018,32.5760,-0.297573,0.096772,0.416957,-90.0119,-1.6960,1819.978,1808.834,4,4,0.000740,-0.011795,1.000000,AVOID,0.000000,0.000000,1.000000,0,0.004551,-0.040741,0.207899,0.319621
trial14_near_wall,2,1019,32.6080,-0.297573,0.096772,0.416957,-90.0118,-1.6961,1819.038,1823.227,4,5,0.086597,0.012803,1.000000,AVOID,0.000000,0.000000,1.000000,0,0.004551,0.044221,0.232919,0.294601
trial14_near_wall,2,1020,32.6400,-0.297573,0.096772,0.416957,-90.0118,-1.6961,1838.493,1826.124,5,4,-0.088046,-0.012409,1.000000,AVOID,0.000000,0.000000,1.000000,0,0.004551,-0.042862,0.229914,0.297606
trial14_near_wall,2,1021,32.6720,-0.297573,0.096772,0.416957,-90.0117,-1.6962,1816.295,1826.763,4,4,0.000747,-0.009120,1.000000,AVOID,0.000000,0.000000,1.000000,0,0.004551,-0.031501,0.230500,0.297020
trial14_near_wall,2,1022,32.7040,-0.297573,0.096772,0.416957,-90.0117,-1.6962,1816.641,1833.186,4,5,0.086574,0.014803,1.000000,AVOID,0.000000,0.000000,1.000000,0,0.004551,0.051131,0.251598,0.275922
trial14_near_wall,2,1023,32.7360,-0.297573,0.096772,0.416957,-90.0116,-1.6963,1832.826,1818.948,5,4,-0.088038,-0.010907,1.000000,AVOID,0.000000,0.000000,1.000000,0,0.004551,-0.037673,0.245220,0.282300
trial14_near_wall,2,1024,32.7680,-0.297573,0.096772,0.416957,-90.0116,-1.6963,1846.341,1815.421,4,4,0.000755,-0.007992,1.000000,AVOID,0.000000,0.000000,1.000000,0,0.004551,-0.027603,0.242954,0.284566
trial14_near_wall,2,1025,32.8000,-0.297573,0.096772,0.416957,-90.0115,-1.6964,1819.971,1829.338,4,5,0.086551,0.015644,1.000000,AVOID,0.000000,0.000000,1.000000,0,0.004551,0.054034,0.261664,0.265856
trial14_near_wall,2,1026,32.8320,-0.297573,0.096772,0.416957,-90.0115,-1.6964,1834.262,1835.848,5,4,-0.088029,-0.010274,1.000000,AVOID,0.000000,0.000000,1.000000,0,0.004551,-0.035487,0.253316,0.274204
trial14_near_wall,2,1027,32.8640,-0.297573,0.096772,0.416957,-90.0114,-1.6965,1828.148,1829.132,4,4,0.000762,-0.007515,1.000000,AVOID,0.000000,0.000000,1.000000,0,0.004551,-0.025957,0.249438,0.278082
trial14_near_wall,2,1028,32.8960,-0.297573,0.096772,0.416957,-90.0114,-1.6965,1818.427,1824.754,4,5,0.086527,0.015995,1.000000,AVOID,0.000000,0.000000,1.000000,0,0.004551,0.055248,0.266831,0.260689
trial14_near_wall,2,1029,32.9280,-0.297573,0.096772,0.416957,-90.0113,-1.6966,1818.083,1826.214,5,4,-0.088021,-0.010009,1.000000,AVOID,0.000000,0.000000,1.000000,0,0.004551,-0.034570,0.257421,0.270099
trial14_near_wall,2,1030,32.9600,-0.297573,0.096772,0.416957,-90.0113,-1.6966,1839.582,1822.193,4,4,0.000770,-0.007314,1.000000,AVOID,0.000000,0.000000,1.000000,0,0.004551,-0.025262,0.252690,0.274830
trial14_near_wall,2,1031,32.9920,-0.297573,0.096772,0.416957,-90.0112,-1.6967,1836.838,1822.837,4,5,0.086503,0.016140,1.000000,AVOID,0.000000,0.000000,1.000000,0,0.004551,0.055749,0.269395,0.258125
trial14_near_wall,2,1032,33.0240,-0.297573,0.096772,0.416957,-90.0111,-1.6967,1804.313,1829.008,5,4,-0.088012,-0.009898,1.000000,AVOID,0.000000,0.000000,1.000000,0,0.004551,-0.034186,0.259439,0.268081
trial14_near_wall,2,1033,33.0560,-0.297573,0.096772,0.416957,-90.0111,-1.6968,1835.823,1822.622,4,4,0.000778,-0.007229,1.000000,AVOID,0.000000,0.000000,1.000000,0,0.004551,-0.024968,0.254277,0.273243
trial14_near_wall,2,1034,33.0880,-0.297573,0.096772,0.416957,-90.0110,-1.6968,1827.474,1814.280,4,5,0.086479,0.016198,1.000000,AVOID,0.000000,0.000000,1.000000,0,0.004551,0.055949,0.270635,0.256885
trial14_near_wall,2,1035,33.1200,-0.297573,0.096772,0.416957,-90.0110,-1.6969,1807.651,1814.770,5,4,-0.088003,-0.009852,1.000000,AVOID,0.000000,0.000000,1.000000,0,0.004551,-0.034029,0.260409,0.267111
trial14_near_wall,2,1036,33.1520,-0.297573,0.096772,0.416957,-90.0109,-1.6969,1822.690,1832.715,4,4,0.000786,-0.007193,1.000000,AVOID,0.000000,0.000000,1.000000,0,0.004551,-0.024843,0.255036,0.272484
trial14_near_wall,2,1037,33.1840,-0.297573,0.096772,0.416957,-90.0109,-1.6969,1828.096,1819.668,4,4,0.000696,-0.005220,1.000000,AVOID,0.000000,0.000000,1.000000,0,0.004551,-0.018031,0.252709,0.274811
trial14_near_wall,2,1038,33.2160,-0.297573,0.096772,0.416957,-90.0108,-1.6970,1822.626,1807.365,5,5,0.000895,-0.003692,1.000000,AVOID,0.000000,0.000000,1.000000,0,0.004551,-0.012751,0.252284,0.275236
trial14_near_wall,2,1039,33.2480,-0.297573,0.096772,0.416957,-90.0108,-1.6970,1807.244,1827.977,4,4,0.000793,-0.002570,1.000000,AVOID,0.000000,0.000000,1.000000,0,0.004551,-0.008878,0.252934,0.274586
trial14_near_wall,2,1040,33.2800,-0.297574,0.096772,0.416957,-90.0107,-1.6971,1822.024,1817.289,4,4,0.000704,-0.001752,1.000000,AVOID,0.000000,0.000000,1.000000,0,0.004551,-0.006051,0.254128,0.273392
trial14_near_wall,2,1041,33.3120,-0.297574,0.096772,0.416957,-90.0107,-1.6971,1822.147,1828.668,5,5,0.000904,-0.001088,1.000000,AVOID,0.000000,0.000000,1.000000,0,0.004551,-0.003758,0.255596,0.271924
trial14_near_wall,2,1042,33.3440,-0.297574,0.096772,0.416957,-90.0106,-1.6972,1831.475,1805.763,4,4,0.000801,-0.000616,1.000000,AVOID,0.000000,0.000000,1.000000,0,0.004551,-0.002126,0.257106,0.270414
trial14_near_wall,2,1043,33.3760,-0.297574,0.096772,0.416957,-90.0106,-1.6972,1839.395,1822.171,4,4,0.000711,-0.000284,1.000000,AVOID,0.000000,0.000000,1.000000,0,0.004551,-0.000981,0.258524,0.268996
trial14_near_wall,2,1044,33.4080,-0.297574,0.096772,0.416957,-90.0106,-1.6973,1814.424,1815.715,4,5,-0.372116,-0.093242,1.000000,AVOID,0.000000,0.000000,1.000000,0,0.004551,-0.322058,0.179318,0.348202
trial14_near_wall,2,1045,33.4400,-0.297574,0.096772,0.416957,-90.0105,-1.6973,1811.805,1831.864,5,4,-0.088079,-0.091951,1.000000,AVOID,0.000000,0.000000,1.000000,0,0.004551,-0.317600,0.121029,0.406491
trial14_near_wall,2,1046,33.4720,-0.297574,0.096772,0.416957,-90.0105,-1.6973,1834.515,1821.742,4,4,0.000718,-0.068784,1.000000,AVOID,0.000000,0.000000,1.000000,0,0.004551,-0.237580,0.097317,0.430203
trial14_near_wall,2,1047,33.5040,-0.297574,0.096772,0.416957,-90.0104,-1.6974,1819.789,1826.671,4,5,0.086665,-0.029922,1.000000,AVOID,0.000000,0.000000,1.000000,0,0.004551,-0.103350,0.113090,0.414430
trial14_near_wall,2,1048,33.5360,-0.297574,0.096772,0.416957,-90.0104,-1.6974,1835.819,1822.848,5,4,-0.088071,-0.044459,1.000000,AVOID,0.000000,0.000000,1.000000,0,0.004551,-0.153562,0.112367,0.415153
trial14_near_wall,2,1049,33.5680,-0.297574,0.096772,0.416957,-90.0103,-1.6975,1826.224,1836.339,4,4,0.000725,-0.033163,1.000000,AVOID,0.000000,0.000000,1.000000,0,0.004551,-0.114545,0.121579,0.405941
trial14_near_wall,2,1050,33.6000,-0.297574,0.096772,0.416957,-90.0103,-1.6975,1820.236,1821.049,4,5,0.086643,-0.003212,1.000000,AVOID,0.000000,0.000000,1.000000,0,0.004551,-0.011093,0.154351,0.373169
trial14_near_wall,2,1051,33.6320,-0.297574,0.096772,0.416957,-90.0102,-1.6976,1833.163,1830.154,5,4,-0.088063,-0.024425,1.000000,AVOID,0.000000,0.000000,1.000000,0,0.004551,-0.084362,0.160613,0.366907
trial14_near_wall,2,1052,33.6640,-0.297574,0.096772,0.416957,-90.0102,-1.6976,1835.952,1818.371,4,4,0.000732,-0.018135,1.000000,AVOID,0.000000,0.000000,1.000000,0,0.004551,-0.062639,0.170740,0.356780
trial14_near_wall,2,1053,33.6960,-0.297574,0.096772,0.416957,-90.0101,-1.6976,1830.068,1842.631,4,5,0.086620,0.008054,1.000000,AVOID,0.000000,0.000000,1.000000,0,0.004551,0.027817,0.200949,0.326571
trial14_near_wall,2,1054,33.7280,-0.297574,0.096772,0.416957,-90.0101,-1.6977,1818.218,1840.036,5,4,-0.088055,-0.015974,1.000000,AVOID,0.000000,0.000000,1.000000,0,0.004551,-0.055173,0.202859,0.324661
trial14_near_wall,2,1055,33.7600,-0.297574,0.096772,0.416957,-90.0100,-1.6977,1824.333,1828.339,4,4,0.000740,-0.011795,1.000000,AVOID,0.000000,0.000000,1.000000,0,0.004551,-0.040741,0.207899,0.319621
trial14_near_wall,2,1056,33.7920,-0.297574,0.096772,0.416957,-90.0100,-1.6978,1824.805,1824.514,4,5,0.086597,0.012803,1.000000,AVOID,0.000000,0.000000,1.000000,0,0.004551,0.044221,0.232919,0.294601
trial14_near_wall,2,1057,33.8240,-0.297574,0.096772,0.416957,-90.0099,-1.6978,1803.150,1813.033,5,4,-0.088046,-0.012409,1.000000,AVOID,0.000000,0.000000,1.000000,0,0.004551,-0.042862,0.229914,0.297606
trial14_near_wall,2,1058,33.8560,-0.297574,0.096772,0.416957,-90.0099,-1.6979,1823.254,1829.343,4,4,0.000747,-0.009120,1.000000,AVOID,0.000000,0.000000,1.000000,0,0.004551,-0.031501,0.230500,0.297020
trial14_near_wall,2,1059,33.8880,-0.297574,0.096772,0.416957,-90.0099,-1.6979,1825.897,1827.680,4,5,0.086574,0.014803,1.000000,AVOID,0.000000,0.000000,1.000000,0,0.004551,0.051131,0.251598,0.275922
trial14_near_wall,2,1060,33.9200,-0.297574,0.096772,0.416957,-90.0098,-1.6979,1830.949,1794.063,5,4,-0.088038,-0.010907,1.000000,AVOID,0.000000,0.000000,1.000000,0,0.004551,-0.037673,0.245220,0.282300
trial14_near_wall,2,1061,33.9520,-0.297574,0.096772,0.416957,-90.0098,-1.6980,1820.445,1807.715,4,4,0.000755,-0.007992,1.000000,AVOID,0.000000,0.000000,1.000000,0,0.004551,-0.027603,0.242954,0.284566
trial14_near_wall,2,1062,33.9840,-0.297574,0.096772,0.416957,-90.0097,-1.6980,1829.304,1834.222,4,5,0.086551,0.015644,1.000000,AVOID,0.000000,0.000000,1.000000,0,0.004551,0.054034,0.261664,0.265856
trial14_near_wall,2,1063,34.0160,-0.297574,0.096772,0.416957,-90.0097,-1.6981,1822.095,1822.869,5,4,-0.088029,-0.010274,1.000000,AVOID,0.000000,0.000000,1.000000,0,0.004551,-0.035487,0.253316,0.274204
trial14_near_wall,2,1064,34.0480,-0.297574,0.096772,0.416957,-90.0096,-1.6981,1823.835,1822.842,4,4,0.000762,-0.007515,1.000000,AVOID,0.000000,0.000000,1.000000,0,0.004551,-0.025957,0.249438,0.278082
trial14_near_wall,2,1065,34.0800,-0.297574,0.096772,0.416957,-90.0096,-1.6981,1829.424,1814.828,4,5,0.086527,0.015995,1.000000,AVOID,0.000000,0.000000,1.000000,0,0.004551,0.055248,0.266831,0.260689
trial14_near_wall,2,1066,34.1120,-0.297574,0.096772,0.416957,-90.0095,-1.6982,1816.937,1811.315,5,4,-0.088021,-0.010009,1.000000,AVOID,0.000000,0.000000,1.000000,0,0.004551,-0.034570,0.257421,0.270099
trial14_near_wall,2,1067,34.1440,-0.297574,0.096772,0.416957,-90.0095,-1.6982,1822.447,1828.302,4,4,0.000770,-0.007314,1.000000,AVOID,0.000000,0.000000,1.000000,0,0.004551,-0.025262,0.252690,0.274830
trial14_near_wall,2,1068,34.1760,-0.297574,0.096772,0.416957,-90.0095,-1.6983,1819.470,1827.865,4,5,0.086503,0.016140,1.000000,AVOID,0.000000,0.000000,1.000000,0,0.004551,0.055749,0.269395,0.258125
trial14_near_wall,2,1069,34.2080,-0.297574,0.096772,0.416957,-90.0094,-1.6983,1830.372,1820.023,5,4,-0.088012,-0.009898,1.000000,AVOID,0.000000,0.000000,1.000000,0,0.004551,-0.034186,0.259439,0.268081
trial14_near_wall,2,1070,34.2400,-0.297574,0.096772,0.416957,-90.0094,-1.6983,1811.007,1835.970,4,4,0.000778,-0.007229,1.000000,AVOID,0.000000,0.000000,1.000000,0,0.004551,-0.024968,0.254277,0.273243
trial14_near_wall,2,1071,34.2720,-0.297574,0.096772,0.416957,-90.0093,-1.6984,1822.538,1817.502,4,5,0.086479,0.016198,1.000000,AVOID,0.000000,0.000000,1.000000,0,0.004551,0.055949,0.270635,0.256885
trial14_near_wall,2,1072,34.3040,-0.297574,0.096772,0.416957,-90.0093,-1.6984,1823.426,1820.578,5,4,-0.088003,-0.009852,1.000000,AVOID,0.000000,0.000000,1.000000,0,0.004551,-0.034029,0.260409,0.267111
trial14_near_wall,2,1073,34.3360,-0.297574,0.096772,0.416957,-90.0092,-1.6984,1827.025,1825.982,4,4,0.000786,-0.007193,1.000000,AVOID,0.000000,0.000000,1.000000,0,0.004551,-0.024843,0.255036,0.272484
trial14_near_wall,2,1074,34.3680,-0.297575,0.096772,0.416957,-90.0092,-1.6985,1802.433,1827.959,4,4,0.000696,-0.005220,1.000000,AVOID,0.000000,0.000000,1.000000,0,0.004551,-0.018031,0.252709,0.274811
trial14_near_wall,2,1075,34.4000,-0.297575,0.096772,0.416957,-90.0092,-1.6985,1839.278,1812.336,5,5,0.000895,-0.003692,1.000000,AVOID,0.000000,0.000000,1.000000,0,0.004551,-0.012751,0.252284,0.275236
trial14_near_wall,2,1076,34.4320,-0.297575,0.096772,0.416957,-90.0091,-1.6986,1815.496,1821.538,4,4,0.000793,-0.002570,1.000000,AVOID,0.000000,0.000000,1.000000,0,0.004551,-0.008878,0.252934,0.274586
trial14_near_wall,2,1077,34.4640,-0.297575,0.096772,0.416957,-90.0091,-1.6986,1811.395,1823.302,4,4,0.000704,-0.001752,1.000000,AVOID,0.000000,0.000000,1.000000,0,0.004551,-0.006051,0.254128,0.273392
trial14_near_wall,2,1078,34.4960,-0.297575,0.096772,0.416957,-90.0090,-1.6986,1834.027,1814.902,5,5,0.000904,-0.001088,1.000000,AVOID,0.000000,0.000000,1.000000,0,0.004551,-0.003758,0.255596,0.271924
trial14_near_wall,2,1079,34.5280,-0.297575,0.096772,0.416957,-90.0090,-1.6987,1809.744,1829.997,4,4,0.000801,-0.000616,1.000000,AVOID,0.000000,0.000000,1.000000,0,0.004551,-0.002126,0.257106,0.270414
trial14_near_wall,2,1080,34.5600,-0.297575,0.096772,0.416957,-90.0090,-1.6987,1827.049,1826.232,4,4,0.000711,-0.000284,1.000000,AVOID,0.000000,0.000000,1.000000,0,0.004551,-0.000981,0.258524,0.268996
trial14_near_wall,2,1081,34.5920,-0.297575,0.096772,0.416957,-90.0089,-1.6988,1829.854,1826.202,4,5,-0.372116,-0.093242,1.000000,AVOID,0.000000,0.000000,1.000000,0,0.004551,-0.322058,0.179318,0.348202
trial14_near_wall,2,1082,34.6240,-0.297575,0.096772,0.416957,-90.0089,-1.6988,1828.885,1814.241,5,4,-0.088079,-0.091951,1.000000,AVOID,0.000000,0.000000,1.000000,0,0.004551,-0.317600,0.121029,0.406491
trial14_near_wall,2,1083,34.6560,-0.297575,0.096772,0.416957,-90.0088,-1.6988,1828.199,1825.407,4,4,0.000718,-0.068784,1.000000,AVOID,0.000000,0.000000,1.000000,0,0.004551,-0.237580,0.097317,0.430203
trial14_near_wall,2,1084,34.6880,-0.297575,0.096772,0.416957,-90.0088,-1.6989,1822.382,1823.646,4,5,0.086665,-0.029922,1.000000,AVOID,0.000000,0.000000,1.000000,0,0.004551,-0.103350,0.113090,0.414430
trial14_near_wall,2,1085,34.7200,-0.297575,0.096772,0.416957,-90.0087,-1.6989,1818.369,1816.777,5,4,-0.088071,-0.044459,1.000000,AVOID,0.000000,0.000000,1.000000,0,0.004551,-0.153562,0.112367,0.415153
trial14_near_wall,2,1086,34.7520,-0.297575,0.096772,0.416957,-90.0087,-1.6989,1829.096,1833.343,4,4,0.000725,-0.033163,1.000000,AVOID,0.000000,0.000000,1.000000,0,0.004551,-0.114545,0.121579,0.405941
trial14_near_wall,2,1087,34.7840,-0.297575,0.096772,0.416957,-90.0087,-1.6990,1819.743,1819.674,4,5,0.086643,-0.003212,1.000000,AVOID,0.000000,0.000000,1.000000,0,0.004551,-0.011093,0.154351,0.373169
trial14_near_wall,2,1088,34.8160,-0.297575,0.096772,0.416957,-90.0086,-1.6990,1822.823,1812.399,5,4,-0.088063,-0.024425,1.000000,AVOID,0.000000,0.000000,1.000000,0,0.004551,-0.084362,0.160613,0.366907
trial14_near_wall,2,1089,34.8480,-0.297575,0.096772,0.416957,-90.0086,-1.6990,1832.886,1814.098,4,4,0.000732,-0.018135,1.000000,AVOID,0.000000,0.000000,1.000000,0,0.004551,-0.062639,0.170740,0.356780
trial14_near_wall,2,1090,34.8800,-0.297575,0.096772,0.416957,-90.0086,-1.6991,1830.436,1834.917,4,5,0.086620,0.008054,1.000000,AVOID,0.000000,0.000000,1.000000,0,0.004551,0.027817,0.200949,0.326571
trial14_near_wall,2,1091,34.9120,-0.297575,0.096772,0.416957,-90.0085,-1.6991,1827.116,1808.945,5,4,-0.088055,-0.015974,1.000000,AVOID,0.000000,0.000000,1.000000,0,0.004551,-0.055173,0.202859,0.324661
trial14_near_wall,2,1092,34.9440,-0.297575,0.096772,0.416957,-90.0085,-1.6992,1831.109,1814.521,4,4,0.000740,-0.011795,1.000000,AVOID,0.000000,0.000000,1.000000,0,0.004551,-0.040741,0.207899,0.319621
trial14_near_wall,2,1093,34.9760,-0.297575,0.096772,0.416957,-90.0084,-1.6992,1817.574,1825.410,4,5,0.086597,0.012803,1.000000,AVOID,0.000000,0.000000,1.000000,0,0.004551,0.044221,0.232919,0.294601
trial14_near_wall,2,1094,35.0080,-0.297575,0.096772,0.416957,-90.0084,-1.6992,1824.090,1820.719,5,4,-0.088046,-0.012409,1.000000,AVOID,0.000000,0.000000,1.000000,0,0.004551,-0.042862,0.229914,0.297606
trial14_near_wall,2,1095,35.0400,-0.297575,0.096772,0.416957,-90.0084,-1.6993,1832.035,1834.726,4,4,0.000747,-0.009120,1.000000,AVOID,0.000000,0.000000,1.000000,0,0.004551,-0.031501,0.230500,0.297020
trial14_near_wall,2,1096,35.0720,-0.297575,0.096772,0.416957,-90.0083,-1.6993,1827.590,1814.555,4,5,0.086574,0.014803,1.000000,AVOID,0.000000,0.000000,1.000000,0,0.004551,0.051131,0.251598,0.275922
trial14_near_wall,2,1097,35.1040,-0.297575,0.096772,0.416957,-90.0083,-1.6993,1809.696,1809.473,5,4,-0.088038,-0.010907,1.000000,AVOID,0.000000,0.000000,1.000000,0,0.004551,-0.037673,0.245220,0.282300
trial14_near_wall,2,1098,35.1360,-0.297575,0.096772,0.416957,-90.0082,-1.6994,1806.538,1825.825,4,4,0.000755,-0.007992,1.000000,AVOID,0.000000,0.000000,1.000000,0,0.004551,-0.027603,0.242954,0.284566
trial14_near_wall,2,1099,35.1680,-0.297575,0.096772,0.416957,-90.0082,-1.6994,1807.114,1808.713,4,5,0.086551,0.015644,1.000000,AVOID,0.000000,0.000000,1.000000,0,0.004551,0.054034,0.261664,0.265856
trial14_near_wall,2,1100,35.2000,-0.297575,0.096772,0.416957,-90.0082,-1.6994,1830.829,1800.415,5,4,-0.088029,-0.010274,1.000000,AVOID,0.000000,0.000000,1.000000,0,0.004551,-0.035487,0.253316,0.274204
trial14_near_wall,2,1101,35.2320,-0.297575,0.096772,0.416957,-90.0081,-1.6995,1807.740,1801.223,4,4,0.000762,-0.007515,1.000000,AVOID,0.000000,0.000000,1.000000,0,0.004551,-0.025957,0.249438,0.278082
trial14_near_wall,2,1102,35.2640,-0.297575,0.096772,0.416957,-90.0081,-1.6995,1808.976,1815.944,4,5,0.086527,0.015995,1.000000,AVOID,0.000000,0.000000,1.000000,0,0.004551,0.055248,0.266831,0.260689
trial14_near_wall,2,1103,35.2960,-0.297575,0.096772,0.416957,-90.0081,-1.6995,1820.801,1842.159,5,4,-0.088021,-0.010009,1.000000,AVOID,0.000000,0.000000,1.000000,0,0.004551,-0.034570,0.257421,0.270099
trial14_near_wall,2,1104,35.3280,-0.297575,0.096772,0.416957,-90.0080,-1.6996,1821.753,1839.507,4,4,0.000770,-0.007314,1.000000,AVOID,0.000000,0.000000,1.000000,0,0.004551,-0.025262,0.252690,0.274830
trial14_near_wall,2,1105,35.3600,-0.297575,0.096772,0.416957,-90.0080,-1.6996,1836.384,1820.619,4,5,0.086503,0.016140,1.000000,AVOID,0.000000,0.000000,1.000000,0,0.004551,0.055749,0.269395,0.258125
trial14_near_wall,2,1106,35.3920,-0.297575,0.096772,0.416957,-90.0079,-1.6996,1829.465,1823.720,5,4,-0.088012,-0.009898,1.000000,AVOID,0.000000,0.000000,1.000000,0,0.004551,-0.034186,0.259439,0.268081
trial14_near_wall,2,1107,35.4240,-0.297575,0.096772,0.416957,-90.0079,-1.6997,1819.861,1812.995,4,4,0.000778,-0.007229,1.000000,AVOID,0.000000,0.000000,1.000000,0,0.004551,-0.024968,0.254277,0.273243
trial14_near_wall,2,1108,35.4560,-0.297575,0.096772,0.416957,-90.0079,-1.6997,1843.408,1810.753,4,5,0.086479,0.016198,1.000000,AVOID,0.000000,0.000000,1.000000,0,0.004551,0.055949,0.270635,0.256885
trial14_near_wall,2,1109,35.4880,-0.297575,0.096772,0.416957,-90.0078,-1.6997,1829.377,1823.064,5,4,-0.088003,-0.009852,1.000000,AVOID,0.000000,0.000000,1.000000,0,0.004551,-0.034029,0.260409,0.267111
trial14_near_wall,2,1110,35.5200,-0.297575,0.096772,0.416957,-90.0078,-1.6998,1820.291,1837.911,4,4,0.000786,-0.007193,1.000000,AVOID,0.000000,0.000000,1.000000,0,0.004551,-0.024843,0.255036,0.272484
trial14_near_wall,2,1111,35.5520,-0.297575,0.096772,0.416957,-90.0078,-1.6998,1810.879,1826.721,4,4,0.000696,-0.005220,1.000000,AVOID,0.000000,0.000000,1.000000,0,0.004551,-0.018031,0.252709,0.274811
trial14_near_wall,2,1112,35.5840,-0.297575,0.096772,0.416957,-90.0077,-1.6998,1818.553,1826.414,5,5,0.000895,-0.003692,1.000000,AVOID,0.000000,0.000000,1.000000,0,0.004551,-0.012751,0.252284,0.275236
trial14_near_wall,2,1113,35.6160,-0.297575,0.096772,0.416957,-90.0077,-1.6999,1817.001,1819.123,4,4,0.000793,-0.002570,1.000000,AVOID,0.000000,0.000000,1.000000,0,0.004551,-0.008878,0.252934,0.274586
trial14_near_wall,2,1114,35.6480,-0.297576,0.096772,0.416957,-90.0077,-1.6999,1812.357,1832.356,4,4,0.000704,-0.001752,1.000000,AVOID,0.000000,0.000000,1.000000,0,0.004551,-0.006051,0.254128,0.273392
trial14_near_wall,2,1115,35.6800,-0.297576,0.096772,0.416957,-90.0076,-1.6999,1831.273,1821.576,5,5,0.000904,-0.001088,1.000000,AVOID,0.000000,0.000000,1.000000,0,0.004551,-0.003758,0.255596,0.271924
trial14_near_wall,2,1116,35.7120,-0.297576,0.096772,0.416957,-90.0076,-1.7000,1818.867,1824.780,4,4,0.000801,-0.000616,1.000000,AVOID,0.000000,0.000000,1.000000,0,0.004551,-0.002126,0.257106,0.270414
trial14_near_wall,2,1117,35.7440,-0.297576,0.096772,0.416957,-90.0076,-1.7000,1828.627,1832.435,4,4,0.000711,-0.000284,1.000000,AVOID,0.000000,0.000000,1.000000,0,0.004551,-0.000981,0.258524,0.268996
trial14_near_wall,2,1118,35.7760,-0.297576,0.096772,0.416957,-90.0075,-1.7000,1826.619,1825.954,4,5,-0.372116,-0.093242,1.000000,AVOID,0.000000,0.000000,1.000000,0,0.004551,-0.322058,0.179318,0.348202
trial14_near_wall,2,1119,35.8080,-0.297576,0.096772,0.416957,-90.0075,-1.7000,1830.606,1832.194,5,4,-0.088079,-0.091951,1.000000,AVOID,0.000000,0.000000,1.000000,0,0.004551,-0.317600,0.121029,0.406491
trial14_near_wall,2,1120,35.8400,-0.297576,0.096772,0.416957,-90.0075,-1.7001,1813.426,1826.918,4,4,0.000718,-0.068784,1.000000,AVOID,0.000000,0.000000,1.000000,0,0.004551,-0.237580,0.097317,0.430203
trial14_near_wall,2,1121,35.8720,-0.297576,0.096772,0.416957,-90.0074,-1.7001,1831.823,1820.232,4,5,0.086665,-0.029922,1.000000,AVOID,0.000000,0.000000,1.000000,0,0.004551,-0.103350,0.113090,0.414430
trial14_near_wall,2,1122,35.9040,-0.297576,0.096772,0.416957,-90.0074,-1.7001,1819.461,1819.248,5,4,-0.088071,-0.044459,1.000000,AVOID,0.000000,0.000000,1.000000,0,0.004551,-0.153562,0.112367,0.415153
trial14_near_wall,2,1123,35.9360,-0.297576,0.096772,0.416957,-90.0074,-1.7002,1823.042,1828.783,4,4,0.000725,-0.033163,1.000000,AVOID,0.000000,0.000000,1.000000,0,0.004551,-0.114545,0.121579,0.405941
trial14_near_wall,2,1124,35.9680,-0.297576,0.096772,0.416957,-90.0073,-1.7002,1818.627,1806.829,4,5,0.086643,-0.003212,1.000000,AVOID,0.000000,0.000000,1.000000,0,0.004551,-0.011093,0.154351,0.373169
trial14_near_wall,2,1125,36.0000,-0.297576,0.096772,0.416957,-90.0073,-1.7002,1829.627,1812.038,5,4,-0.088063,-0.024425,1.000000,AVOID,0.000000,0.000000,1.000000,0,0.004551,-0.084362,0.160613,0.366907
trial14_near_wall,2,1126,36.0320,-0.297576,0.096772,0.416957,-90.0073,-1.7003,1814.047,1829.834,4,4,0.000732,-0.018135,1.000000,AVOID,0.000000,0.000000,1.000000,0,0.004551,-0.062639,0.170740,0.356780
trial14_near_wall,2,1127,36.0640,-0.297576,0.096772,0.416957,-90.0072,-1.7003,1822.593,1829.464,4,5,0.086620,0.008054,1.000000,AVOID,0.000000,0.000000,1.000000,0,0.004551,0.027817,0.200949,0.326571
trial14_near_wall,2,1128,36.0960,-0.297576,0.096772,0.416957,-90.0072,-1.7003,1817.018,1827.982,5,4,-0.088055,-0.015974,1.000000,AVOID,0.000000,0.000000,1.000000,0,0.004551,-0.055173,0.202859,0.324661
trial14_near_wall,2,1129,36.1280,-0.297576,0.096772,0.416957,-90.0072,-1.7004,1824.950,1828.089,4,4,0.000740,-0.011795,1.000000,AVOID,0.000000,0.000000,1.000000,0,0.004551,-0.040741,0.207899,0.319621
trial14_near_wall,2,1130,36.1600,-0.297576,0.096772,0.416957,-90.0071,-1.7004,1823.936,1831.581,4,5,0.086597,0.012803,1.000000,AVOID,0.000000,0.000000,1.000000,0,0.004551,0.044221,0.232919,0.294601
trial14_near_wall,2,1131,36.1920,-0.297576,0.096772,0.416957,-90.0071,-1.7004,1819.417,1814.168,5,4,-0.088046,-0.012409,1.000000,AVOID,0.000000,0.000000,1.000000,0,0.004551,-0.042862,0.229914,0.297606
trial14_near_wall,2,1132,36.2240,-0.297576,0.096772,0.416957,-90.0071,-1.7004,1803.444,1823.683,4,4,0.000747,-0.009120,1.000000,AVOID,0.000000,0.000000,1.000000,0,0.004551,-0.031501,0.230500,0.297020
trial14_near_wall,2,1133,36.2560,-0.297576,0.096772,0.416957,-90.0070,-1.7005,1831.077,1816.356,4,5,0.086574,0.014803,1.000000,AVOID,0.000000,0.000000,1.000000,0,0.004551,0.051131,0.251598,0.275922
trial14_near_wall,2,1134,36.2880,-0.297576,0.096772,0.416957,-90.0070,-1.7005,1821.833,1822.074,5,4,-0.088038,-0.010907,1.000000,AVOID,0.000000,0.000000,1.000000,0,0.004551,-0.037673,0.245220,0.282300
trial14_near_wall,2,1135,36.3200,-0.297576,0.096772,0.416957,-90.0070,-1.7005,1814.334,1822.362,4,4,0.000755,-0.007992,1.000000,AVOID,0.000000,0.000000,1.000000,0,0.004551,-0.027603,0.242954,0.284566
trial14_near_wall,2,1136,36.3520,-0.297576,0.096772,0.416957,-90.0069,-1.7006,1806.846,1824.258,4,5,0.086551,0.015644,1.000000,AVOID,0.000000,0.000000,1.000000,0,0.004551,0.054034,0.261664,0.265856
trial14_near_wall,2,1137,36.3840,-0.297576,0.096772,0.416957,-90.0069,-1.7006,1822.974,1817.987,5,4,-0.088029,-0.010274,1.000000,AVOID,0.000000,0.000000,1.000000,0,0.004551,-0.035487,0.253316,0.274204
trial14_near_wall,2,1138,36.4160,-0.297576,0.096772,0.416957,-90.0069,-1.7006,1826.682,1826.797,4,4,0.000762,-0.007515,1.000000,AVOID,0.000000,0.000000,1.000000,0,0.004551,-0.025957,0.249438,0.278082
trial14_near_wall,2,1139,36.4480,-0.297576,0.096772,0.416957,-90.0068,-1.7006,1833.051,1818.287,4,5,0.086527,0.015995,1.000000,AVOID,0.000000,0.000000,1.000000,0,0.004551,0.055248,0.266831,0.260689
trial14_near_wall,2,1140,36.4800,-0.297576,0.096772,0.416957,-90.0068,-1.7007,1820.963,1839.980,5,4,-0.088021,-0.010009,1.000000,AVOID,0.000000,0.000000,1.000000,0,0.004551,-0.034570,0.257421,0.270099
trial14_near_wall,2,1141,36.5120,-0.297576,0.096772,0.416957,-90.0068,-1.7007,1822.045,1809.877,4,4,0.000770,-0.007314,1.000000,AVOID,0.000000,0.000000,1.000000,0,0.004551,-0.025262,0.252690,0.274830
trial14_near_wall,2,1142,36.5440,-0.297576,0.096772,0.416957,-90.0067,-1.7007,1826.816,1809.373,4,5,0.086503,0.016140,1.000000,AVOID,0.000000,0.000000,1.000000,0,0.004551,0.055749,0.269395,0.258125
trial14_near_wall,2,1143,36.5760,-0.297576,0.096772,0.416957,-90.0067,-1.7008,1827.783,1813.562,5,4,-0.088012,-0.009898,1.000000,AVOID,0.000000,0.000000,1.000000,0,0.004551,-0.034186,0.259439,0.268081
trial14_near_wall,2,1144,36.6080,-0.297576,0.096772,0.416957,-90.0067,-1.7008,1811.808,1821.135,4,4,0.000778,-0.007229,1.000000,AVOID,0.000000,0.000000,1.000000,0,0.004551,-0.024968,0.254277,0.273243
trial14_near_wall,2,1145,36.6400,-0.297576,0.096772,0.416957,-90.0067,-1.7008,1818.371,1807.398,4,5,0.086479,0.016198,1.000000,AVOID,0.000000,0.000000,1.000000,0,0.004551,0.055949,0.270635,0.256885
trial14_near_wall,2,1146,36.6720,-0.297576,0.096772,0.416957,-90.0066,-1.7008,1846.043,1839.410,5,4,-0.088003,-0.009852,1.000000,AVOID,0.000000,0.000000,1.000000,0,0.004551,-0.034029,0.260409,0.267111
trial14_near_wall,2,1147,36.7040,-0.297576,0.096772,0.416957,-90.0066,-1.7009,1813.848,1832.698,4,4,0.000786,-0.007193,1.000000,AVOID,0.000000,0.000000,1.000000,0,0.004551,-0.024843,0.255036,0.272484
trial14_near_wall,2,1148,36.7360,-0.297576,0.096772,0.416957,-90.0066,-1.7009,1828.185,1824.504,4,4,0.000696,-0.005220,1.000000,AVOID,0.000000,0.000000,1.000000,0,0.004551,-0.018031,0.252709,0.274811
trial14_near_wall,2,1149,36.7680,-0.297576,0.096772,0.416957,-90.0065,-1.7009,1811.368,1829.198,5,5,0.000895,-0.003692,1.000000,AVOID,0.000000,0.000000,1.000000,0,0.004551,-0.012751,0.252284,0.275236
trial14_near_wall,2,1150,36.8000,-0.297576,0.096772,0.416957,-90.0065,-1.7009,1829.116,1818.429,4,4,0.000793,-0.002570,1.000000,AVOID,0.000000,0.000000,1.000000,0,0.004551,-0.008878,0.252934,0.274586
trial14_near_wall,2,1151,36.8320,-0.297576,0.096772,0.416957,-90.0065,-1.7010,1823.091,1817.813,4,4,0.000704,-0.001752,1.000000,AVOID,0.000000,0.000000,1.000000,0,0.004551,-0.006051,0.254128,0.273392
trial14_near_wall,2,1152,36.8640,-0.297576,0.096772,0.416957,-90.0064,-1.7010,1818.232,1812.087,5,5,0.000904,-0.001088,1.000000,AVOID,0.000000,0.000000,1.000000,0,0.004551,-0.003758,0.255596,0.271924
trial14_near_wall,2,1153,36.8960,-0.297576,0.096772,0.416957,-90.0064,-1.7010,1822.436,1816.417,4,4,0.000801,-0.000616,1.000000,AVOID,0.000000,0.000000,1.000000,0,0.004551,-0.002126,0.257106,0.270414
trial14_near_wall,2,1154,36.9280,-0.297576,0.096772,0.416957,-90.0064,-1.7011,1831.256,1821.488,4,4,0.000711,-0.000284,1.000000,AVOID,0.000000,0.000000,1.000000,0,0.004551,-0.000981,0.258524,0.268996
trial14_near_wall,2,1155,36.9600,-0.297576,0.096772,0.416957,-90.0064,-1.7011,1825.837,1834.307,4,5,-0.372116,-0.093242,1.000000,AVOID,0.000000,0.000000,1.000000,0,0.004551,-0.322058,0.179318,0.348202
trial14_near_wall,2,1156,36.9920,-0.297576,0.096772,0.416957,-90.0063,-1.7011,1829.089,1813.284,5,4,-0.088079,-0.091951,1.000000,AVOID,0.000000,0.000000,1.000000,0,0.004551,-0.317600,0.121029,0.406491
trial14_near_wall,2,1157,37.0240,-0.297576,0.096772,0.416957,-90.0063,-1.7011,1814.163,1825.417,4,4,0.000718,-0.068784,1.000000,AVOID,0.000000,0.000000,1.000000,0,0.004551,-0.237580,0.097317,0.430203
trial14_near_wall,2,1158,37.0560,-0.297576,0.096772,0.416957,-90.0063,-1.7012,1829.625,1830.675,4,5,0.086665,-0.029922,1.000000,AVOID,0.000000,0.000000,1.000000,0,0.004551,-0.103350,0.113090,0.414430
trial14_near_wall,2,1159,37.0880,-0.297576,0.096772,0.416957,-90.0062,-1.7012,1834.741,1826.960,5,4,-0.088071,-0.044459,1.000000,AVOID,0.000000,0.000000,1.000000,0,0.004551,-0.153562,0.112367,0.415153
trial14_near_wall,2,1160,37.1200,-0.297576,0.096772,0.416957,-90.0062,-1.7012,1836.015,1810.525,4,4,0.000725,-0.033163,1.000000,AVOID,0.000000,0.000000,1.000000,0,0.004551,-0.114545,0.121579,0.405941
trial14_near_wall,2,1161,37.1520,-0.297576,0.096772,0.416957,-90.0062,-1.7012,1827.206,1816.080,4,5,0.086643,-0.003212,1.000000,AVOID,0.000000,0.000000,1.000000,0,0.004551,-0.011093,0.154351,0.373169
trial14_near_wall,2,1162,37.1840,-0.297576,0.096772,0.416957,-90.0062,-1.7013,1840.334,1815.019,5,4,-0.088063,-0.024425,1.000000,AVOID,0.000000,0.000000,1.000000,0,0.004551,-0.084362,0.160613,0.366907
trial14_near_wall,2,1163,37.2160,-0.297577,0.096772,0.416957,-90.0061,-1.7013,1833.178,1821.320,4,4,0.000732,-0.018135,1.000000,AVOID,0.000000,0.000000,1.000000,0,0.004551,-0.062639,0.170740,0.356780
trial14_near_wall,2,1164,37.2480,-0.297577,0.096772,0.416957,-90.0061,-1.7013,1820.641,1811.355,4,5,0.086620,0.008054,1.000000,AVOID,0.000000,0.000000,1.000000,0,0.004551,0.027817,0.200949,0.326571
trial14_near_wall,2,1165,37.2800,-0.297577,0.096772,0.416957,-90.0061,-1.7013,1837.496,1815.879,5,4,-0.088055,-0.015974,1.000000,AVOID,0.000000,0.000000,1.000000,0,0.004551,-0.055173,0.202859,0.324661
trial14_near_wall,2,1166,37.3120,-0.297577,0.096772,0.416957,-90.0060,-1.7014,1814.212,1823.525,4,4,0.000740,-0.011795,1.000000,AVOID,0.000000,0.000000,1.000000,0,0.004551,-0.040741,0.207899,0.319621
trial14_near_wall,2,1167,37.3440,-0.297577,0.096772,0.416957,-90.0060,-1.7014,1826.229,1809.918,4,5,0.086597,0.012803,1.000000,AVOID,0.000000,0.000000,1.000000,0,0.004551,0.044221,0.232919,0.294601
trial14_near_wall,2,1168,37.3760,-0.297577,0.096772,0.416957,-90.0060,-1.7014,1847.780,1839.882,5,4,-0.088046,-0.012409,1.000000,AVOID,0.000000,0.000000,1.000000,0,0.004551,-0.042862,0.229914,0.297606
trial14_near_wall,2,1169,37.4080,-0.297577,0.096772,0.416957,-90.0060,-1.7014,1820.566,1828.906,4,4,0.000747,-0.009120,1.000000,AVOID,0.000000,0.000000,1.000000,0,0.004551,-0.031501,0.230500,0.297020
trial14_near_wall,2,1170,37.4400,-0.297577,0.096772,0.416957,-90.0059,-1.7015,1809.811,1829.268,4,5,0.086574,0.014803,1.000000,AVOID,0.000000,0.000000,1.000000,0,0.004551,0.051131,0.251598,0.275922
trial14_near_wall,2,1171,37.4720,-0.297577,0.096772,0.416957,-90.0059,-1.7015,1811.718,1826.038,5,4,-0.088038,-0.010907,1.000000,AVOID,0.000000,0.000000,1.000000,0,0.004551,-0.037673,0.245220,0.282300
trial14_near_wall,2,1172,37.5040,-0.297577,0.096772,0.416957,-90.0059,-1.7015,1823.269,1831.044,4,4,0.000755,-0.007992,1.000000,AVOID,0.000000,0.000000,1.000000,0,0.004551,-0.027603,0.242954,0.284566
trial14_near_wall,2,1173,37.5360,-0.297577,0.096772,0.416957,-90.0059,-1.7015,1822.732,1822.592,4,5,0.086551,0.015644,1.000000,AVOID,0.000000,0.000000,1.000000,0,0.004551,0.054034,0.261664,0.265856
trial14_near_wall,2,1174,37.5680,-0.297577,0.096772,0.416957,-90.0058,-1.7016,1812.891,1834.952,5,4,-0.088029,-0.010274,1.000000,AVOID,0.000000,0.000000,1.000000,0,0.004551,-0.035487,0.253316,0.274204
trial14_near_wall,2,1175,37.6000,-0.297577,0.096772,0.416957,-90.0058,-1.7016,1815.482,1828.561,4,4,0.000762,-0.007515,1.000000,AVOID,0.000000,0.000000,1.000000,0,0.004551,-0.025957,0.249438,0.278082
trial14_near_wall,2,1176,37.6320,-0.297577,0.096772,0.416957,-90.0058,-1.7016,1808.186,1818.077,4,5,0.086527,0.015995,1.000000,AVOID,0.000000,0.000000,1.000000,0,0.004551,0.055248,0.266831,0.260689
trial14_near_wall,2,1177,37.6640,-0.297577,0.096772,0.416957,-90.0057,-1.7016,1835.144,1818.109,5,4,-0.088021,-0.010009,1.000000,AVOID,0.000000,0.000000,1.000000,0,0.004551,-0.034570,0.257421,0.270099
trial14_near_wall,2,1178,37.6960,-0.297577,0.096772,0.416957,-90.0057,-1.7017,1830.273,1825.099,4,4,0.000770,-0.007314,1.000000,AVOID,0.000000,0.000000,1.000000,0,0.004551,-0.025262,0.252690,0.274830
trial14_near_wall,2,1179,37.7280,-0.297577,0.096772,0.416957,-90.0057,-1.7017,1833.089,1825.603,4,5,0.086503,0.016140,1.000000,AVOID,0.000000,0.000000,1.000000,0,0.004551,0.055749,0.269395,0.258125
trial14_near_wall,2,1180,37.7600,-0.297577,0.096772,0.416957,-90.0057,-1.7017,1818.532,1831.267,5,4,-0.088012,-0.009898,1.000000,AVOID,0.000000,0.000000,1.000000,0,0.004551,-0.034186,0.259439,0.268081
trial14_near_wall,2,1181,37.7920,-0.297577,0.096772,0.416957,-90.0056,-1.7017,1819.897,1822.544,4,4,0.000778,-0.007229,1.000000,AVOID,0.000000,0.000000,1.000000,0,0.004551,-0.024968,0.254277,0.273243
trial14_near_wall,2,1182,37.8240,-0.297577,0.096772,0.416957,-90.0056,-1.7018,1810.864,1815.173,4,5,0.086479,0.016198,1.000000,AVOID,0.000000,0.000000,1.000000,0,0.004551,0.055949,0.270635,0.256885
trial14_near_wall,2,1183,37.8560,-0.297577,0.096772,0.416957,-90.0056,-1.7018,1813.331,1805.545,5,4,-0.088003,-0.009852,1.000000,AVOID,0.000000,0.000000,1.000000,0,0.004551,-0.034029,0.260409,0.267111
trial14_near_wall,2,1184,37.8880,-0.297577,0.096772,0.416957,-90.0056,-1.7018,1814.707,1825.897,4,4,0.000786,-0.007193,1.000000,AVOID,0.000000,0.000000,1.000000,0,0.004551,-0.024843,0.255036,0.272484
trial14_near_wall,2,1185,37.9200,-0.297577,0.096772,0.416957,-90.0055,-1.7018,1821.961,1820.229,4,4,0.000696,-0.005220,1.000000,AVOID,0.000000,0.000000,1.000000,0,0.004551,-0.018031,0.252709,0.274811
trial14_near_wall,2,1186,37.9520,-0.297577,0.096772,0.416957,-90.0055,-1.7018,1824.513,1818.703,5,5,0.000895,-0.003692,1.000000,AVOID,0.000000,0.000000,1.000000,0,0.004551,-0.012751,0.252284,0.275236
trial14_near_wall,2,1187,37.9840,-0.297577,0.096772,0.416957,-90.0055,-1.7019,1836.228,1816.137,4,4,0.000793,-0.002570,1.000000,AVOID,0.000000,0.000000,1.000000,0,0.004551,-0.008878,0.252934,0.274586
trial14_near_wall,2,1188,38.0160,-0.297577,0.096772,0.416957,-90.0055,-1.7019,1810.182,1824.513,4,4,0.000704,-0.001752,1.000000,AVOID,0.000000,0.000000,1.000000,0,0.004551,-0.006051,0.254128,0.273392
trial14_near_wall,2,1189,38.0480,-0.297577,0.096772,0.416957,-90.0054,-1.7019,1823.790,1843.279,5,5,0.000904,-0.001088,1.000000,AVOID,0.000000,0.000000,1.000000,0,0.004551,-0.003758,0.255596,0.271924
trial14_near_wall,2,1190,38.0800,-0.297577,0.096772,0.416957,-90.0054,-1.7019,1818.474,1814.640,4,4,0.000801,-0.000616,1.000000,AVOID,0.000000,0.000000,1.000000,0,0.004551,-0.002126,0.257106,0.270414
trial14_near_wall,2,1191,38.1120,-0.297577,0.096772,0.416957,-90.0054,-1.7020,1829.507,1829.947,4,4,0.000711,-0.000284,1.000000,AVOID,0.000000,0.000000,1.000000,0,0.004551,-0.000981,0.258524,0.268996
trial14_near_wall,2,1192,38.1440,-0.297577,0.096772,0.416957,-90.0054,-1.7020,1819.883,1828.168,4,5,-0.372116,-0.093242,1.000000,AVOID,0.000000,0.000000,1.000000,0,0.004551,-0.322058,0.179318,0.348202
trial14_near_wall,2,1193,38.1760,-0.297577,0.096772,0.416957,-90.0053,-1.7020,1810.353,1815.097,5,4,-0.088079,-0.091951,1.000000,AVOID,0.000000,0.000000,1.000000,0,0.004551,-0.317600,0.121029,0.406491
trial14_near_wall,2,1194,38.2080,-0.297577,0.096772,0.416957,-90.0053,-1.7020,1830.920,1823.504,4,4,0.000718,-0.068784,1.000000,AVOID,0.000000,0.000000,1.000000,0,0.004551,-0.237580,0.097317,0.430203
trial14_near_wall,2,1195,38.2400,-0.297577,0.096772,0.416957,-90.0053,-1.7021,1824.842,1828.483,4,5,0.086665,-0.029922,1.000000,AVOID,0.000000,0.000000,1.000000,0,0.004551,-0.103350,0.113090,0.414430
trial14_near_wall,2,1196,38.2720,-0.297577,0.096772,0.416957,-90.0053,-1.7021,1808.708,1826.888,5,4,-0.088071,-0.044459,1.000000,AVOID,0.000000,0.000000,1.000000,0,0.004551,-0.153562,0.112367,0.415153
trial14_near_wall,2,1197,38.3040,-0.297577,0.096772,0.416957,-90.0052,-1.7021,1827.339,1809.373,4,4,0.000725,-0.033163,1.000000,AVOID,0.000000,0.000000,1.000000,0,0.004551,-0.114545,0.121579,0.405941
trial14_near_wall,2,1198,38.3360,-0.297577,0.096772,0.416957,-90.0052,-1.7021,1826.018,1836.642,4,5,0.086643,-0.003212,1.000000,AVOID,0.000000,0.000000,1.000000,0,0.004551,-0.011093,0.154351,0.373169
trial14_near_wall,2,1199,38.3680,-0.297577,0.096772,0.416957,-90.0052,-1.7021,1838.854,1815.907,5,4,-0.088063,-0.024425,1.000000,AVOID,0.000000,0.000000,1.000000,0,0.004551,-0.084362,0.160613,0.366907
trial14_near_wall,2,1200,38.4000,-0.297577,0.096772,0.416957,-90.0052,-1.7022,1824.242,1825.158,4,4,0.000732,-0.018135,1.000000,AVOID,0.000000,0.000000,1.000000,0,0.004551,-0.062639,0.170740,0.356780
trial14_near_wall,2,1201,38.4320,-0.297577,0.096772,0.416957,-90.0051,-1.7022,1810.444,1829.710,4,5,0.086620,0.008054,1.000000,AVOID,0.000000,0.000000,1.000000,0,0.004551,0.027817,0.200949,0.326571
trial14_near_wall,2,1202,38.4640,-0.297577,0.096772,0.416957,-90.0051,-1.7022,1826.057,1845.655,5,4,-0.088055,-0.015974,1.000000,AVOID,0.000000,0.000000,1.000000,0,0.004551,-0.055173,0.202859,0.324661
trial14_near_wall,2,1203,38.4960,-0.297577,0.096772,0.416957,-90.0051,-1.7022,1821.485,1814.996,4,4,0.000740,-0.011795,1.000000,AVOID,0.000000,0.000000,1.000000,0,0.004551,-0.040741,0.207899,0.319621
trial14_near_wall,2,1204,38.5280,-0.297577,0.096772,0.416957,-90.0051,-1.7022,1816.748,1832.289,4,5,0.086597,0.012803,1.000000,AVOID,0.000000,0.000000,1.000000,0,0.004551,0.044221,0.232919,0.294601
trial14_near_wall,2,1205,38.5600,-0.297577,0.096772,0.416957,-90.0051,-1.7023,1818.892,1828.506,5,4,-0.088046,-0.012409,1.000000,AVOID,0.000000,0.000000,1.000000,0,0.004551,-0.042862,0.229914,0.297606
trial14_near_wall,2,1206,38.5920,-0.297577,0.096772,0.416957,-90.0050,-1.7023,1819.133,1835.950,4,4,0.000747,-0.009120,1.000000,AVOID,0.000000,0.000000,1.000000,0,0.004551,-0.031501,0.230500,0.297020
trial14_near_wall,2,1207,38.6240,-0.297577,0.096772,0.416957,-90.0050,-1.7023,1812.498,1832.240,4,5,0.086574,0.014803,1.000000,AVOID,0.000000,0.000000,1.000000,0,0.004551,0.051131,0.251598,0.275922
trial14_near_wall,2,1208,38.6560,-0.297577,0.096772,0.416957,-90.0050,-1.7023,1825.196,1822.826,5,4,-0.088038,-0.010907,1.000000,AVOID,0.000000,0.000000,1.000000,0,0.004551,-0.037673,0.245220,0.282300
trial14_near_wall,2,1209,38.6880,-0.297577,0.096772,0.416957,-90.0050,-1.7024,1820.165,1829.198,4,4,0.000755,-0.007992,1.000000,AVOID,0.000000,0.000000,1.000000,0,0.004551,-0.027603,0.242954,0.284566
trial14_near_wall,2,1210,38.7200,-0.297577,0.096772,0.416957,-90.0049,-1.7024,1835.538,1811.221,4,5,0.086551,0.015644,1.000000,AVOID,0.000000,0.000000,1.000000,0,0.004551,0.054034,0.261664,0.265856
trial14_near_wall,2,1211,38.7520,-0.297577,0.096772,0.416957,-90.0049,-1.7024,1824.186,1823.408,5,4,-0.088029,-0.010274,1.000000,AVOID,0.000000,0.000000,1.000000,0,0.004551,-0.035487,0.253316,0.274204
trial14_near_wall,2,1212,38.7840,-0.297577,0.096772,0.416957,-90.0049,-1.7024,1841.300,1829.357,4,4,0.000762,-0.007515,1.000000,AVOID,0.000000,0.000000,1.000000,0,0.004551,-0.025957,0.249438,0.278082
trial14_near_wall,2,1213,38.8160,-0.297577,0.096772,0.416957,-90.0049,-1.7024,1813.824,1829.170,4,5,0.086527,0.015995,1.000000,AVOID,0.000000,0.000000,1.000000,0,0.004551,0.055248,0.266831,0.260689
trial14_near_wall,2,1214,38.8480,-0.297577,0.096772,0.416957,-90.0049,-1.7025,1820.244,1818.283,5,4,-0.088021,-0.010009,1.000000,AVOID,0.000000,0.000000,1.000000,0,0.004551,-0.034570,0.257421,0.270099
trial14_near_wall,2,1215,38.8800,-0.297577,0.096772,0.416957,-90.0048,-1.7025,1817.882,1805.454,4,4,0.000770,-0.007314,1.000000,AVOID,0.000000,0.000000,1.000000,0,0.004551,-0.025262,0.252690,0.274830
trial14_near_wall,2,1216,38.9120,-0.297577,0.096772,0.416957,-90.0048,-1.7025,1807.505,1843.047,4,5,0.086503,0.016140,1.000000,AVOID,0.000000,0.000000,1.000000,0,0.004551,0.055749,0.269395,0.258125
trial14_near_wall,2,1217,38.9440,-0.297577,0.096772,0.416957,-90.0048,-1.7025,1836.539,1806.461,5,4,-0.088012,-0.009898,1.000000,AVOID,0.000000,0.000000,1.000000,0,0.004551,-0.034186,0.259439,0.268081
trial14_near_wall,2,1218,38.9760,-0.297577,0.096772,0.416957,-90.0048,-1.7025,1819.913,1813.035,4,4,0.000778,-0.007229,1.000000,AVOID,0.000000,0.000000,1.000000,0,0.004551,-0.024968,0.254277,0.273243
trial14_near_wall,2,1219,39.0080,-0.297577,0.096772,0.416957,-90.0047,-1.7026,1821.288,1816.831,4,5,0.086479,0.016198,1.000000,AVOID,0.000000,0.000000,1.000000,0,0.004551,0.055949,0.270635,0.256885
trial14_near_wall,2,1220,39.0400,-0.297577,0.096772,0.416957,-90.0047,-1.7026,1824.042,1806.513,5,4,-0.088003,-0.009852,1.000000,AVOID,0.000000,0.000000,1.000000,0,0.004551,-0.034029,0.260409,0.267111
trial14_near_wall,2,1221,39.0720,-0.297577,0.096772,0.416957,-90.0047,-1.7026,1830.213,1826.801,4,4,0.000786,-0.007193,1.000000,AVOID,0.000000,0.000000,1.000000,0,0.004551,-0.024843,0.255036,0.272484
trial14_near_wall,2,1222,39.1040,-0.297577,0.096772,0.416957,-90.0047,-1.7026,1813.924,1810.920,4,4,0.000696,-0.005220,1.000000,AVOID,0.000000,0.000000,1.000000,0,0.004551,-0.018031,0.252709,0.274811
trial14_near_wall,2,1223,39.1360,-0.297577,0.096772,0.416957,-90.0047,-1.7026,1839.273,1809.311,5,5,0.000895,-0.003692,1.000000,AVOID,0.000000,0.000000,1.000000,0,0.004551,-0.012751,0.252284,0.275236
trial14_near_wall,2,1224,39.1680,-0.297577,0.096772,0.416957,-90.0046,-1.7027,1816.763,1812.626,4,4,0.000793,-0.002570,1.000000,AVOID,0.000000,0.000000,1.000000,0,0.004551,-0.008878,0.252934,0.274586
trial14_near_wall,2,1225,39.2000,-0.297577,0.096772,0.416957,-90.0046,-1.7027,1832.645,1832.685,4,4,0.000704,-0.001752,1.000000,AVOID,0.000000,0.000000,1.000000,0,0.004551,-0.006051,0.254128,0.273392
trial14_near_wall,2,1226,39.2320,-0.297577,0.096772,0.416957,-90.0046,-1.7027,1815.248,1815.155,5,5,0.000904,-0.001088,1.000000,AVOID,0.000000,0.000000,1.000000,0,0.004551,-0.003758,0.255596,0.271924
trial14_near_wall,2,1227,39.2640,-0.297578,0.096772,0.416957,-90.0046,-1.7027,1832.384,1812.960,4,4,0.000801,-0.000616,1.000000,AVOID,0.000000,0.000000,1.000000,0,0.004551,-0.002126,0.257106,0.270414
trial14_near_wall,2,1228,39.2960,-0.297578,0.096772,0.416957,-90.0045,-1.7027,1814.702,1815.795,4,4,0.000711,-0.000284,1.000000,AVOID,0.000000,0.000000,1.000000,0,0.004551,-0.000981,0.258524,0.268996
trial14_near_wall,2,1229,39.3280,-0.297578,0.096772,0.416957,-90.0045,-1.7027,1826.175,1836.748,4,5,-0.372116,-0.093242,1.000000,AVOID,0.000000,0.000000,1.000000,0,0.004551,-0.322058,0.179318,0.348202
trial14_near_wall,2,1230,39.3600,-0.297578,0.096772,0.416957,-90.0045,-1.7028,1824.632,1806.347,5,4,-0.088079,-0.091951,1.000000,AVOID,0.000000,0.000000,1.000000,0,0.004551,-0.317600,0.121029,0.406491
trial14_near_wall,2,1231,39.3920,-0.297578,0.096772,0.416957,-90.0045,-1.7028,1806.056,1821.310,4,4,0.000718,-0.068784,1.000000,AVOID,0.000000,0.000000,1.000000,0,0.004551,-0.237580,0.097317,0.430203
trial14_near_wall,2,1232,39.4240,-0.297578,0.096772,0.416957,-90.0045,-1.7028,1815.559,1813.862,4,5,0.086665,-0.029922,1.000000,AVOID,0.000000,0.000000,1.000000,0,0.004551,-0.103350,0.113090,0.414430
trial14_near_wall,2,1233,39.4560,-0.297578,0.096772,0.416957,-90.0044,-1.7028,1832.606,1823.867,5,4,-0.088071,-0.044459,1.000000,AVOID,0.000000,0.000000,1.000000,0,0.004551,-0.153562,0.112367,0.415153
trial14_near_wall,2,1234,39.4880,-0.297578,0.096772,0.416957,-90.0044,-1.7028,1814.863,1816.225,4,4,0.000725,-0.033163,1.000000,AVOID,0.000000,0.000000,1.000000,0,0.004551,-0.114545,0.121579,0.405941
trial14_near_wall,2,1235,39.5200,-0.297578,0.096772,0.416957,-90.0044,-1.7029,1823.858,1816.127,4,5,0.086643,-0.003212,1.000000,AVOID,0.000000,0.000000,1.000000,0,0.004551,-0.011093,0.154351,0.373169
trial14_near_wall,2,1236,39.5520,-0.297578,0.096772,0.416957,-90.0044,-1.7029,1824.972,1804.620,5,4,-0.088063,-0.024425,1.000000,AVOID,0.000000,0.000000,1.000000,0,0.004551,-0.084362,0.160613,0.366907
trial14_near_wall,2,1237,39.5840,-0.297578,0.096772,0.416957,-90.0044,-1.7029,1821.160,1804.863,4,4,0.000732,-0.018135,1.000000,AVOID,0.000000,0.000000,1.000000,0,0.004551,-0.062639,0.170740,0.356780
trial14_near_wall,2,1238,39.6160,-0.297578,0.096772,0.416957,-90.0043,-1.7029,1821.487,1833.063,4,5,0.086620,0.008054,1.000000,AVOID,0.000000,0.000000,1.000000,0,0.004551,0.027817,0.200949,0.326571
trial14_near_wall,2,1239,39.6480,-0.297578,0.096772,0.416957,-90.0043,-1.7029,1818.604,1800.360,5,4,-0.088055,-0.015974,1.000000,AVOID,0.000000,0.000000,1.000000,0,0.004551,-0.055173,0.202859,0.324661
trial14_near_wall,2,1240,39.6800,-0.297578,0.096772,0.416957,-90.0043,-1.7029,1828.010,1820.691,4,4,0.000740,-0.011795,1.000000,AVOID,0.000000,0.000000,1.000000,0,0.004551,-0.040741,0.207899,0.319621
trial14_near_wall,2,1241,39.7120,-0.297578,0.096772,0.416957,-90.0043,-1.7030,1823.505,1831.802,4,5,0.086597,0.012803,1.000000,AVOID,0.000000,0.000000,1.000000,0,0.004551,0.044221,0.232919,0.294601
trial14_near_wall,2,1242,39.7440,-0.297578,0.096772,0.416957,-90.0043,-1.7030,1810.863,1800.464,5,4,-0.088046,-0.012409,1.000000,AVOID,0.000000,0.000000,1.000000,0,0.004551,-0.042862,0.229914,0.297606
trial14_near_wall,2,1243,39.7760,-0.297578,0.096772,0.416957,-90.0042,-1.7030,1823.852,1820.162,4,4,0.000747,-0.009120,1.000000,AVOID,0.000000,0.000000,1.000000,0,0.004551,-0.031501,0.230500,0.297020
trial14_near_wall,2,1244,39.8080,-0.297578,0.096772,0.416957,-90.0042,-1.7030,1828.149,1819.941,4,5,0.086574,0.014803,1.000000,AVOID,0.000000,0.000000,1.000000,0,0.004551,0.051131,0.251598,0.275922
trial14_near_wall,2,1245,39.8400,-0.297578,0.096772,0.416957,-90.0042,-1.7030,1829.908,1818.360,5,4,-0.088038,-0.010907,1.000000,AVOID,0.000000,0.000000,1.000000,0,0.004551,-0.037673,0.245220,0.282300
trial14_near_wall,2,1246,39.8720,-0.297578,0.096772,0.416957,-90.0042,-1.7031,1814.938,1823.807,4,4,0.000755,-0.007992,1.000000,AVOID,0.000000,0.000000,1.000000,0,0.004551,-0.027603,0.242954,0.284566
trial14_near_wall,2,1247,39.9040,-0.297578,0.096772,0.416957,-90.0042,-1.7031,1820.116,1828.514,4,5,0.086551,0.015644,1.000000,AVOID,0.000000,0.000000,1.000000,0,0.004551,0.054034,0.261664,0.265856
trial14_near_wall,2,1248,39.9360,-0.297578,0.096772,0.416957,-90.0042,-1.7031,1819.282,1820.289,5,4,-0.088029,-0.010274,1.000000,AVOID,0.000000,0.000000,1.000000,0,0.004551,-0.035487,0.253316,0.274204
trial14_near_wall,2,1249,39.9680,-0.297578,0.096772,0.416957,-90.0041,-1.7031,1837.861,1823.512,4,4,0.000762,-0.007515,1.000000,AVOID,0.000000,0.000000,1.000000,0,0.004551,-0.025957,0.249438,0.278082
trial14_near_wall,2,1250,40.0000,-0.297578,0.096772,0.416957,-90.0041,-1.7031,1828.587,1814.220,4,5,0.086527,0.015995,1.000000,AVOID,0.000000,0.000000,1.000000,0,0.004551,0.055248,0.266831,0.260689
trial14_near_wall,2,1251,40.0320,-0.297578,0.096772,0.416957,-90.0041,-1.7031,1806.770,1813.256,5,4,-0.088021,-0.010009,1.000000,AVOID,0.000000,0.000000,1.000000,0,0.004551,-0.034570,0.257421,0.270099
trial14_near_wall,2,1252,40.0640,-0.297578,0.096772,0.416957,-90.0041,-1.7032,1822.155,1833.241,4,4,0.000770,-0.007314,1.000000,AVOID,0.000000,0.000000,1.000000,0,0.004551,-0.025262,0.252690,0.274830
trial14_near_wall,2,1253,40.0960,-0.297578,0.096772,0.416957,-90.0041,-1.7032,1803.571,1818.608,4,5,0.086503,0.016140,1.000000,AVOID,0.000000,0.000000,1.000000,0,0.004551,0.055749,0.269395,0.258125
trial14_near_wall,2,1254,40.1280,-0.297578,0.096772,0.416957,-90.0040,-1.7032,1822.626,1829.594,5,4,-0.088012,-0.009898,1.000000,AVOID,0.000000,0.000000,1.000000,0,0.004551,-0.034186,0.259439,0.268081
trial14_near_wall,2,1255,40.1600,-0.297578,0.096772,0.416957,-90.0040,-1.7032,1819.951,1836.381,4,4,0.000778,-0.007229,1.000000,AVOID,0.000000,0.000000,1.000000,0,0.004551,-0.024968,0.254277,0.273243
trial14_near_wall,2,1256,40.1920,-0.297578,0.096772,0.416957,-90.0040,-1.7032,1829.925,1827.062,4,5,0.086479,0.016198,1.000000,AVOID,0.000000,0.000000,1.000000,0,0.004551,0.055949,0.270635,0.256885
trial14_near_wall,2,1257,40.2240,-0.297578,0.096772,0.416957,-90.0040,-1.7032,1823.504,1822.925,5,4,-0.088003,-0.009852,1.000000,AVOID,0.000000,0.000000,1.000000,0,0.004551,-0.034029,0.260409,0.267111
trial14_near_wall,2,1258,40.2560,-0.297578,0.096772,0.416957,-90.0040,-1.7033,1822.664,1808.869,4,4,0.000786,-0.007193,1.000000,AVOID,0.000000,0.000000,1.000000,0,0.004551,-0.024843,0.255036,0.272484
trial14_near_wall,2,1259,40.2880,-0.297578,0.096772,0.416957,-90.0039,-1.7033,1821.725,1822.722,4,4,0.000696,-0.005220,1.000000,AVOID,0.000000,0.000000,1.000000,0,0.004551,-0.018031,0.252709,0.274811
trial14_near_wall,2,1260,40.3200,-0.297578,0.096772,0.416957,-90.0039,-1.7033,1830.335,1826.428,5,5,0.000895,-0.003692,1.000000,AVOID,0.000000,0.000000,1.000000,0,0.004551,-0.012751,0.252284,0.275236
trial14_near_wall,2,1261,40.3520,-0.297578,0.096772,0.416957,-90.0039,-1.7033,1843.038,1822.650,4,4,0.000793,-0.002570,1.000000,AVOID,0.000000,0.000000,1.000000,0,0.004551,-0.008878,0.252934,0.274586
trial14_near_wall,2,1262,40.3840,-0.297578,0.096772,0.416957,-90.0039,-1.7033,1819.890,1822.130,4,4,0.000704,-0.001752,1.000000,AVOID,0.000000,0.000000,1.000000,0,0.004551,-0.006051,0.254128,0.273392
trial14_near_wall,2,1263,40.4160,-0.297578,0.096772,0.416957,-90.0039,-1.7033,1829.436,1834.597,5,5,0.000904,-0.001088,1.000000,AVOID,0.000000,0.000000,1.000000,0,0.004551,-0.003758,0.255596,0.271924
trial14_near_wall,2,1264,40.4480,-0.297578,0.096772,0.416957,-90.0039,-1.7034,1815.574,1820.291,4,4,0.000801,-0.000616,1.000000,AVOID,0.000000,0.000000,1.000000,0,0.004551,-0.002126,0.257106,0.270414
trial14_near_wall,2,1265,40.4800,-0.297578,0.096772,0.416957,-90.0038,-1.7034,1824.523,1820.143,4,4,0.000711,-0.000284,1.000000,AVOID,0.000000,0.000000,1.000000,0,0.004551,-0.000981,0.258524,0.268996
trial14_near_wall,2,1266,40.5120,-0.297578,0.096772,0.416957,-90.0038,-1.7034,1834.307,1831.837,4,5,-0.372116,-0.093242,1.000000,AVOID,0.000000,0.000000,1.000000,0,0.004551,-0.322058,0.179318,0.348202
trial14_near_wall,2,1267,40.5440,-0.297578,0.096772,0.416957,-90.0038,-1.7034,1825.358,1833.826,5,4,-0.088079,-0.091951,1.000000,AVOID,0.000000,0.000000,1.000000,0,0.004551,-0.317600,0.121029,0.406491
trial14_near_wall,2,1268,40.5760,-0.297578,0.096772,0.416957,-90.0038,-1.7034,1808.958,1827.163,4,4,0.000718,-0.068784,1.000000,AVOID,0.000000,0.000000,1.000000,0,0.004551,-0.237580,0.097317,0.430203
trial14_near_wall,2,1269,40.6080,-0.297578,0.096772,0.416957,-90.0038,-1.7034,1826.988,1828.576,4,5,0.086665,-0.029922,1.000000,AVOID,0.000000,0.000000,1.000000,0,0.004551,-0.103350,0.113090,0.414430
trial14_near_wall,2,1270,40.6400,-0.297578,0.096772,0.416957,-90.0038,-1.7035,1824.831,1818.183,5,4,-0.088071,-0.044459,1.000000,AVOID,0.000000,0.000000,1.000000,0,0.004551,-0.153562,0.112367,0.415153
trial14_near_wall,2,1271,40.6720,-0.297578,0.096772,0.416957,-90.0037,-1.7035,1810.014,1810.657,4,4,0.000725,-0.033163,1.000000,AVOID,0.000000,0.000000,1.000000,0,0.004551,-0.114545,0.121579,0.405941
trial14_near_wall,2,1272,40.7040,-0.297578,0.096772,0.416957,-90.0037,-1.7035,1816.733,1816.501,4,5,0.086643,-0.003212,1.000000,AVOID,0.000000,0.000000,1.000000,0,0.004551,-0.011093,0.154351,0.373169
trial14_near_wall,2,1273,40.7360,-0.297578,0.096772,0.416957,-90.0037,-1.7035,1823.208,1827.218,5,4,-0.088063,-0.024425,1.000000,AVOID,0.000000,0.000000,1.000000,0,0.004551,-0.084362,0.160613,0.366907
trial14_near_wall,2,1274,40.7680,-0.297578,0.096772,0.416957,-90.0037,-1.7035,1815.009,1842.864,4,4,0.000732,-0.018135,1.000000,AVOID,0.000000,0.000000,1.000000,0,0.004551,-0.062639,0.170740,0.356780
trial14_near_wall,2,1275,40.8000,-0.297578,0.096772,0.416957,-90.0037,-1.7035,1826.495,1833.137,4,5,0.086620,0.008054,1.000000,AVOID,0.000000,0.000000,1.000000,0,0.004551,0.027817,0.200949,0.326571
trial14_near_wall,2,1276,40.8320,-0.297578,0.096772,0.416957,-90.0037,-1.7035,1821.042,1812.281,5,4,-0.088055,-0.015974,1.000000,AVOID,0.000000,0.000000,1.000000,0,0.004551,-0.055173,0.202859,0.324661
trial14_near_wall,2,1277,40.8640,-0.297578,0.096772,0.416957,-90.0036,-1.7036,1824.104,1828.715,4,4,0.000740,-0.011795,1.000000,AVOID,0.000000,0.000000,1.000000,0,0.004551,-0.040741,0.207899,0.319621
trial14_near_wall,2,1278,40.8960,-0.297578,0.096772,0.416957,-90.0036,-1.7036,1832.277,1825.163,4,5,0.086597,0.012803,1.000000,AVOID,0.000000,0.000000,1.000000,0,0.004551,0.044221,0.232919,0.294601
trial14_near_wall,2,1279,40.9280,-0.297578,0.096772,0.416957,-90.0036,-1.7036,1816.505,1829.862,5,4,-0.088046,-0.012409,1.000000,AVOID,0.000000,0.000000,1.000000,0,0.004551,-0.042862,0.229914,0.297606
trial14_near_wall,2,1280,40.9600,-0.297578,0.096772,0.416957,-90.0036,-1.7036,1821.031,1816.889,4,4,0.000747,-0.009120,1.000000,AVOID,0.000000,0.000000,1.000000,0,0.004551,-0.031501,0.230500,0.297020
trial14_near_wall,2,1281,40.9920,-0.297578,0.096772,0.416957,-90.0036,-1.7036,1826.482,1833.354,4,5,0.086574,0.014803,1.000000,AVOID,0.000000,0.000000,1.000000,0,0.004551,0.051131,0.251598,0.275922
trial14_near_wall,2,1282,41.0240,-0.297578,0.096772,0.416957,-90.0036,-1.7036,1820.556,1825.952,5,4,-0.088038,-0.010907,1.000000,AVOID,0.000000,0.000000,1.000000,0,0.004551,-0.037673,0.245220,0.282300
trial14_near_wall,2,1283,41.0560,-0.297578,0.096772,0.416957,-90.0035,-1.7037,1821.604,1805.327,4,4,0.000755,-0.007992,1.000000,AVOID,0.000000,0.000000,1.000000,0,0.004551,-0.027603,0.242954,0.284566
trial14_near_wall,2,1284,41.0880,-0.297578,0.096772,0.416957,-90.0035,-1.7037,1817.063,1835.359,4,5,0.086551,0.015644,1.000000,AVOID,0.000000,0.000000,1.000000,0,0.004551,0.054034,0.261664,0.265856
trial14_near_wall,2,1285,41.1200,-0.297578,0.096772,0.416957,-90.0035,-1.7037,1838.591,1835.765,5,4,-0.088029,-0.010274,1.000000,AVOID,0.000000,0.000000,1.000000,0,0.004551,-0.035487,0.253316,0.274204
trial14_near_wall,2,1286,41.1520,-0.297578,0.096772,0.416957,-90.0035,-1.7037,1829.300,1818.044,4,4,0.000762,-0.007515,1.000000,AVOID,0.000000,0.000000,1.000000,0,0.004551,-0.025957,0.249438,0.278082
trial14_near_wall,2,1287,41.1840,-0.297578,0.096772,0.416957,-90.0035,-1.7037,1833.589,1822.250,4,5,0.086527,0.015995,1.000000,AVOID,0.000000,0.000000,1.000000,0,0.004551,0.055248,0.266831,0.260689
trial14_near_wall,2,1288,41.2160,-0.297578,0.096772,0.416957,-90.0035,-1.7037,1814.302,1834.840,5,4,-0.088021,-0.010009,1.000000,AVOID,0.000000,0.000000,1.000000,0,0.004551,-0.034570,0.257421,0.270099
trial14_near_wall,2,1289,41.2480,-0.297578,0.096772,0.416957,-90.0034,-1.7037,1812.213,1819.987,4,4,0.000770,-0.007314,1.000000,AVOID,0.000000,0.000000,1.000000,0,0.004551,-0.025262,0.252690,0.274830
trial14_near_wall,2,1290,41.2800,-0.297578,0.096772,0.416957,-90.0034,-1.7038,1822.248,1830.328,4,5,0.086503,0.016140,1.000000,AVOID,0.000000,0.000000,1.000000,0,0.004551,0.055749,0.269395,0.258125
trial14_near_wall,2,1291,41.3120,-0.297578,0.096772,0.416957,-90.0034,-1.7038,1823.948,1826.021,5,4,-0.088012,-0.009898,1.000000,AVOID,0.000000,0.000000,1.000000,0,0.004551,-0.034186,0.259439,0.268081
trial14_near_wall,2,1292,41.3440,-0.297578,0.096772,0.416957,-90.0034,-1.7038,1821.931,1830.605,4,4,0.000778,-0.007229,1.000000,AVOID,0.000000,0.000000,1.000000,0,0.004551,-0.024968,0.254277,0.273243
trial14_near_wall,2,1293,41.3760,-0.297578,0.096772,0.416957,-90.0034,-1.7038,1820.507,1827.691,4,5,0.086479,0.016198,1.000000,AVOID,0.000000,0.000000,1.000000,0,0.004551,0.055949,0.270635,0.256885
trial14_near_wall,2,1294,41.4080,-0.297578,0.096772,0.416957,-90.0034,-1.7038,1830.850,1806.608,5,4,-0.088003,-0.009852,1.000000,AVOID,0.000000,0.000000,1.000000,0,0.004551,-0.034029,0.260409,0.267111
trial14_near_wall,2,1295,41.4400,-0.297578,0.096772,0.416957,-90.0033,-1.7038,1813.940,1823.620,4,4,0.000786,-0.007193,1.000000,AVOID,0.000000,0.000000,1.000000,0,0.004551,-0.024843,0.255036,0.272484
trial14_near_wall,2,1296,41.4720,-0.297578,0.096772,0.416957,-90.0033,-1.7038,1817.820,1804.575,4,4,0.000696,-0.005220,1.000000,AVOID,0.000000,0.000000,1.000000,0,0.004551,-0.018031,0.252709,0.274811
trial14_near_wall,2,1297,41.5040,-0.297578,0.096772,0.416957,-90.0033,-1.7039,1828.851,1818.473,5,5,0.000895,-0.003692,1.000000,AVOID,0.000000,0.000000,1.000000,0,0.004551,-0.012751,0.252284,0.275236
trial14_near_wall,2,1298,41.5360,-0.297578,0.096772,0.416957,-90.0033,-1.7039,1829.337,1844.156,4,4,0.000793,-0.002570,1.000000,AVOID,0.000000,0.000000,1.000000,0,0.004551,-0.008878,0.252934,0.274586
trial14_near_wall,2,1299,41.5680,-0.297578,0.096772,0.416957,-90.0033,-1.7039,1815.287,1822.516,4,4,0.000704,-0.001752,1.000000,AVOID,0.000000,0.000000,1.000000,0,0.004551,-0.006051,0.254128,0.273392
trial14_near_wall,2,1300,41.6000,-0.297578,0.096772,0.416957,-90.0033,-1.7039,1817.019,1820.665,5,5,0.000904,-0.001088,1.000000,AVOID,0.000000,0.000000,1.000000,0,0.004551,-0.003758,0.255596,0.271924
trial14_near_wall,2,1301,41.6320,-0.297578,0.096772,0.416957,-90.0033,-1.7039,1825.098,1821.125,4,4,0.000801,-0.000616,1.000000,AVOID,0.000000,0.000000,1.000000,0,0.004551,-0.002126,0.257106,0.270414
trial14_near_wall,2,1302,41.6640,-0.297578,0.096772,0.416957,-90.0032,-1.7039,1843.282,1814.599,4,4,0.000711,-0.000284,1.000000,AVOID,0.000000,0.000000,1.000000,0,0.004551,-0.000981,0.258524,0.268996
trial14_near_wall,2,1303,41.6960,-0.297578,0.096772,0.416957,-90.0032,-1.7039,1820.223,1829.580,4,5,-0.372116,-0.093242,1.000000,AVOID,0.000000,0.000000,1.000000,0,0.004551,-0.322058,0.179318,0.348202
trial14_near_wall,2,1304,41.7280,-0.297578,0.096772,0.416957,-90.0032,-1.7039,1819.053,1830.099,5,4,-0.088079,-0.091951,1.000000,AVOID,0.000000,0.000000,1.000000,0,0.004551,-0.317600,0.121029,0.406491
trial14_near_wall,2,1305,41.7600,-0.297578,0.096772,0.416957,-90.0032,-1.7040,1823.005,1817.391,4,4,0.000718,-0.068784,1.000000,AVOID,0.000000,0.000000,1.000000,0,0.004551,-0.237580,0.097317,0.430203
trial14_near_wall,2,1306,41.7920,-0.297578,0.096772,0.416957,-90.0032,-1.7040,1826.254,1813.885,4,5,0.086665,-0.029922,1.000000,AVOID,0.000000,0.000000,1.000000,0,0.004551,-0.103350,0.113090,0.414430
trial14_near_wall,2,1307,41.8240,-0.297578,0.096772,0.416957,-90.0032,-1.7040,1823.229,1806.882,5,4,-0.088071,-0.044459,1.000000,AVOID,0.000000,0.000000,1.000000,0,0.004551,-0.153562,0.112367,0.415153
trial14_near_wall,2,1308,41.8560,-0.297578,0.096772,0.416957,-90.0032,-1.7040,1838.721,1816.901,4,4,0.000725,-0.033163,1.000000,AVOID,0.000000,0.000000,1.000000,0,0.004551,-0.114545,0.121579,0.405941
trial14_near_wall,2,1309,41.8880,-0.297578,0.096772,0.416957,-90.0031,-1.7040,1798.692,1830.158,4,5,0.086643,-0.003212,1.000000,AVOID,0.000000,0.000000,1.000000,0,0.004551,-0.011093,0.154351,0.373169
trial14_near_wall,2,1310,41.9200,-0.297578,0.096772,0.416957,-90.0031,-1.7040,1814.839,1823.729,5,4,-0.088063,-0.024425,1.000000,AVOID,0.000000,0.000000,1.000000,0,0.004551,-0.084362,0.160613,0.366907
trial14_near_wall,2,1311,41.9520,-0.297578,0.096772,0.416957,-90.0031,-1.7040,1824.990,1819.075,4,4,0.000732,-0.018135,1.000000,AVOID,0.000000,0.000000,1.000000,0,0.004551,-0.062639,0.170740,0.356780
trial14_near_wall,2,1312,41.9840,-0.297578,0.096772,0.416957,-90.0031,-1.7041,1827.172,1832.109,4,5,0.086620,0.008054,1.000000,AVOID,0.000000,0.000000,1.000000,0,0.004551,0.027817,0.200949,0.326571
trial14_near_wall,2,1313,42.0160,-0.297578,0.096772,0.416957,-90.0031,-1.7041,1818.162,1813.101,5,4,-0.088055,-0.015974,1.000000,AVOID,0.000000,0.000000,1.000000,0,0.004551,-0.055173,0.202859,0.324661
trial14_near_wall,2,1314,42.0480,-0.297578,0.096772,0.416957,-90.0031,-1.7041,1822.022,1837.483,4,4,0.000740,-0.011795,1.000000,AVOID,0.000000,0.000000,1.000000,0,0.004551,-0.040741,0.207899,0.319621
trial14_near_wall,2,1315,42.0800,-0.297578,0.096772,0.416957,-90.0031,-1.7041,1830.652,1816.492,4,5,0.086597,0.012803,1.000000,AVOID,0.000000,0.000000,1.000000,0,0.004551,0.044221,0.232919,0.294601
trial14_near_wall,2,1316,42.1120,-0.297578,0.096772,0.416957,-90.0030,-1.7041,1829.479,1827.108,5,4,-0.088046,-0.012409,1.000000,AVOID,0.000000,0.000000,1.000000,0,0.004551,-0.042862,0.229914,0.297606
trial14_near_wall,2,1317,42.1440,-0.297578,0.096772,0.416957,-90.0030,-1.7041,1828.397,1813.675,4,4,0.000747,-0.009120,1.000000,AVOID,0.000000,0.000000,1.000000,0,0.004551,-0.031501,0.230500,0.297020
trial14_near_wall,2,1318,42.1760,-0.297579,0.096772,0.416957,-90.0030,-1.7041,1850.996,1817.972,4,5,0.086574,0.014803,1.000000,AVOID,0.000000,0.000000,1.000000,0,0.004551,0.051131,0.251598,0.275922
trial14_near_wall,2,1319,42.2080,-0.297579,0.096772,0.416957,-90.0030,-1.7041,1820.273,1810.219,5,4,-0.088038,-0.010907,1.000000,AVOID,0.000000,0.000000,1.000000,0,0.004551,-0.037673,0.245220,0.282300
trial14_near_wall,2,1320,42.2400,-0.297579,0.096772,0.416957,-90.0030,-1.7042,1827.879,1826.350,4,4,0.000755,-0.007992,1.000000,AVOID,0.000000,0.000000,1.000000,0,0.004551,-0.027603,0.242954,0.284566
trial14_near_wall,2,1321,42.2720,-0.297579,0.096772,0.416957,-90.0030,-1.7042,1821.460,1820.753,4,5,0.086551,0.015644,1.000000,AVOID,0.000000,0.000000,1.000000,0,0.004551,0.054034,0.261664,0.265856
trial14_near_wall,2,1322,42.3040,-0.297579,0.096772,0.416957,-90.0030,-1.7042,1825.148,1825.905,5,4,-0.088029,-0.010274,1.000000,AVOID,0.000000,0.000000,1.000000,0,0.004551,-0.035487,0.253316,0.274204
trial14_near_wall,2,1323,42.3360,-0.297579,0.096772,0.416957,-90.0029,-1.7042,1851.930,1812.815,4,4,0.000762,-0.007515,1.000000,AVOID,0.000000,0.000000,1.000000,0,0.004551,-0.025957,0.249438,0.278082
trial14_near_wall,2,1324,42.3680,-0.297579,0.096772,0.416957,-90.0029,-1.7042,1836.681,1832.322,4,5,0.086527,0.015995,1.000000,AVOID,0.000000,0.000000,1.000000,0,0.004551,0.055248,0.266831,0.260689
trial14_near_wall,2,1325,42.4000,-0.297579,0.096772,0.416957,-90.0029,-1.7042,1825.572,1801.764,5,4,-0.088021,-0.010009,1.000000,AVOID,0.000000,0.000000,1.000000,0,0.004551,-0.034570,0.257421,0.270099
trial14_near_wall,2,1326,42.4320,-0.297579,0.096772,0.416957,-90.0029,-1.7042,1819.623,1824.661,4,4,0.000770,-0.007314,1.000000,AVOID,0.000000,0.000000,1.000000,0,0.004551,-0.025262,0.252690,0.274830
trial14_near_wall,2,1327,42.4640,-0.297579,0.096772,0.416957,-90.0029,-1.7042,1839.160,1841.413,4,5,0.086503,0.016140,1.000000,AVOID,0.000000,0.000000,1.000000,0,0.004551,0.055749,0.269395,0.258125
trial14_near_wall,2,1328,42.4960,-0.297579,0.096772,0.416957,-90.0029,-1.7043,1821.790,1820.616,5,4,-0.088012,-0.009898,1.000000,AVOID,0.000000,0.000000,1.000000,0,0.004551,-0.034186,0.259439,0.268081
trial14_near_wall,2,1329,42.5280,-0.297579,0.096772,0.416957,-90.0029,-1.7043,1816.041,1827.095,4,4,0.000778,-0.007229,1.000000,AVOID,0.000000,0.000000,1.000000,0,0.004551,-0.024968,0.254277,0.273243
trial14_near_wall,2,1330,42.5600,-0.297579,0.096772,0.416957,-90.0029,-1.7043,1834.273,1820.702,4,5,0.086479,0.016198,1.000000,AVOID,0.000000,0.000000,1.000000,0,0.004551,0.055949,0.270635,0.256885
trial14_near_wall,2,1331,42.5920,-0.297579,0.096772,0.416957,-90.0028,-1.7043,1829.809,1813.320,5,4,-0.088003,-0.009852,1.000000,AVOID,0.000000,0.000000,1.000000,0,0.004551,-0.034029,0.260409,0.267111
trial14_near_wall,2,1332,42.6240,-0.297579,0.096772,0.416957,-90.0028,-1.7043,1815.508,1823.413,4,4,0.000786,-0.007193,1.000000,AVOID,0.000000,0.000000,1.000000,0,0.004551,-0.024843,0.255036,0.272484
trial14_near_wall,2,1333,42.6560,-0.297579,0.096772,0.416957,-90.0028,-1.7043,1823.672,1814.198,4,4,0.000696,-0.005220,1.000000,AVOID,0.000000,0.000000,1.000000,0,0.004551,-0.018031,0.252709,0.274811
trial14_near_wall,2,1334,42.6880,-0.297579,0.096772,0.416957,-90.0028,-1.7043,1824.392,1822.144,5,5,0.000895,-0.003692,1.000000,AVOID,0.000000,0.000000,1.000000,0,0.004551,-0.012751,0.252284,0.275236
trial14_near_wall,2,1335,42.7200,-0.297579,0.096772,0.416957,-90.0028,-1.7043,1814.267,1828.353,4,4,0.000793,-0.002570,1.000000,AVOID,0.000000,0.000000,1.000000,0,0.004551,-0.008878,0.252934,0.274586
trial14_near_wall,2,1336,42.7520,-0.297579,0.096772,0.416957,-90.0028,-1.7043,1822.385,1829.731,4,4,0.000704,-0.001752,1.000000,AVOID,0.000000,0.000000,1.000000,0,0.004551,-0.006051,0.254128,0.273392
trial14_near_wall,2,1337,42.7840,-0.297579,0.096772,0.416957,-90.0028,-1.7044,1832.738,1820.111,5,5,0.000904,-0.001088,1.000000,AVOID,0.000000,0.000000,1.000000,0,0.004551,-0.003758,0.255596,0.271924
trial14_near_wall,2,1338,42.8160,-0.297579,0.096772,0.416957,-90.0028,-1.7044,1806.180,1808.489,4,4,0.000801,-0.000616,1.000000,AVOID,0.000000,0.000000,1.000000,0,0.004551,-0.002126,0.257106,0.270414
trial14_near_wall,2,1339,42.8480,-0.297579,0.096772,0.416957,-90.0027,-1.7044,1843.116,1817.886,4,4,0.000711,-0.000284,1.000000,AVOID,0.000000,0.000000,1.000000,0,0.004551,-0.000981,0.258524,0.268996
trial14_near_wall,2,1340,42.8800,-0.297579,0.096772,0.416957,-90.0027,-1.7044,1808.910,1825.525,4,5,-0.372116,-0.093242,1.000000,AVOID,0.000000,0.000000,1.000000,0,0.004551,-0.322058,0.179318,0.348202
trial14_near_wall,2,1341,42.9120,-0.297579,0.096772,0.416957,-90.0027,-1.7044,1812.175,1826.464,5,4,-0.088079,-0.091951,1.000000,AVOID,0.000000,0.000000,1.000000,0,0.004551,-0.317600,0.121029,0.406491
trial14_near_wall,2,1342,42.9440,-0.297579,0.096772,0.416957,-90.0027,-1.7044,1828.881,1813.520,4,4,0.000718,-0.068784,1.000000,AVOID,0.000000,0.000000,1.000000,0,0.004551,-0.237580,0.097317,0.430203
trial14_near_wall,2,1343,42.9760,-0.297579,0.096772,0.416957,-90.0027,-1.7044,1820.547,1823.048,4,5,0.086665,-0.029922,1.000000,AVOID,0.000000,0.000000,1.000000,0,0.004551,-0.103350,0.113090,0.414430
trial14_near_wall,2,1344,43.0080,-0.297579,0.096772,0.416957,-90.0027,-1.7044,1810.781,1815.122,5,4,-0.088071,-0.044459,1.000000,AVOID,0.000000,0.000000,1.000000,0,0.004551,-0.153562,0.112367,0.415153
trial14_near_wall,2,1345,43.0400,-0.297579,0.096772,0.416957,-90.0027,-1.7044,1818.827,1844.131,4,4,0.000725,-0.033163,1.000000,AVOID,0.000000,0.000000,1.000000,0,0.004551,-0.114545,0.121579,0.405941
trial14_near_wall,2,1346,43.0720,-0.297579,0.096772,0.416957,-90.0027,-1.7045,1820.310,1823.889,4,5,0.086643,-0.003212,1.000000,AVOID,0.000000,0.000000,1.000000,0,0.004551,-0.011093,0.154351,0.373169
trial14_near_wall,2,1347,43.1040,-0.297579,0.096772,0.416957,-90.0026,-1.7045,1809.530,1817.303,5,4,-0.088063,-0.024425,1.000000,AVOID,0.000000,0.000000,1.000000,0,0.004551,-0.084362,0.160613,0.366907
trial14_near_wall,2,1348,43.1360,-0.297579,0.096772,0.416957,-90.0026,-1.7045,1816.236,1812.847,4,4,0.000732,-0.018135,1.000000,AVOID,0.000000,0.000000,1.000000,0,0.004551,-0.062639,0.170740,0.356780
trial14_near_wall,2,1349,43.1680,-0.297579,0.096772,0.416957,-90.0026,-1.7045,1825.773,1817.824,4,5,0.086620,0.008054,1.000000,AVOID,0.000000,0.000000,1.000000,0,0.004551,0.027817,0.200949,0.326571
trial14_near_wall,2,1350,43.2000,-0.297579,0.096772,0.416957,-90.0026,-1.7045,1833.254,1826.009,5,4,-0.088055,-0.015974,1.000000,AVOID,0.000000,0.000000,1.000000,0,0.004551,-0.055173,0.202859,0.324661
trial14_near_wall,2,1351,43.2320,-0.297579,0.096772,0.416957,-90.0026,-1.7045,1815.882,1822.499,4,4,0.000740,-0.011795,1.000000,AVOID,0.000000,0.000000,1.000000,0,0.004551,-0.040741,0.207899,0.319621
trial14_near_wall,2,1352,43.2640,-0.297579,0.096772,0.416957,-90.0026,-1.7045,1821.367,1819.120,4,5,0.086597,0.012803,1.000000,AVOID,0.000000,0.000000,1.000000,0,0.004551,0.044221,0.232919,0.294601
trial14_near_wall,2,1353,43.2960,-0.297579,0.096772,0.416957,-90.0026,-1.7045,1825.805,1834.932,5,4,-0.088046,-0.012409,1.000000,AVOID,0.000000,0.000000,1.000000,0,0.004551,-0.042862,0.229914,0.297606
trial14_near_wall,2,1354,43.3280,-0.297579,0.096772,0.416957,-90.0026,-1.7045,1823.783,1823.002,4,4,0.000747,-0.009120,1.000000,AVOID,0.000000,0.000000,1.000000,0,0.004551,-0.031501,0.230500,0.297020
trial14_near_wall,2,1355,43.3600,-0.297579,0.096772,0.416957,-90.0025,-1.7046,1819.126,1836.324,4,5,0.086574,0.014803,1.000000,AVOID,0.000000,0.000000,1.000000,0,0.004551,0.051131,0.251598,0.275922
trial14_near_wall,2,1356,43.3920,-0.297579,0.096772,0.416957,-90.0025,-1.7046,1829.769,1827.075,5,4,-0.088038,-0.010907,1.000000,AVOID,0.000000,0.000000,1.000000,0,0.004551,-0.037673,0.245220,0.282300
trial14_near_wall,2,1357,43.4240,-0.297579,0.096772,0.416957,-90.0025,-1.7046,1826.272,1822.023,4,4,0.000755,-0.007992,1.000000,AVOID,0.000000,0.000000,1.000000,0,0.004551,-0.027603,0.242954,0.284566
trial14_near_wall,2,1358,43.4560,-0.297579,0.096772,0.416957,-90.0025,-1.7046,1830.359,1826.728,4,5,0.086551,0.015644,1.000000,AVOID,0.000000,0.000000,1.000000,0,0.004551,0.054034,0.261664,0.265856
trial14_near_wall,2,1359,43.4880,-0.297579,0.096772,0.416957,-90.0025,-1.7046,1819.483,1807.978,5,4,-0.088029,-0.010274,1.000000,AVOID,0.000000,0.000000,1.000000,0,0.004551,-0.035487,0.253316,0.274204
trial14_near_wall,2,1360,43.5200,-0.297579,0.096772,0.416957,-90.0025,-1.7046,1818.185,1820.292,4,4,0.000762,-0.007515,1.000000,AVOID,0.000000,0.000000,1.000000,0,0.004551,-0.025957,0.249438,0.278082
trial14_near_wall,2,1361,43.5520,-0.297579,0.096772,0.416957,-90.0025,-1.7046,1830.947,1819.694,4,5,0.086527,0.015995,1.000000,AVOID,0.000000,0.000000,1.000000,0,0.004551,0.055248,0.266831,0.260689
trial14_near_wall,2,1362,43.5840,-0.297579,0.096772,0.416957,-90.0025,-1.7046,1817.912,1824.270,5,4,-0.088021,-0.010009,1.000000,AVOID,0.000000,0.000000,1.000000,0,0.004551,-0.034570,0.257421,0.270099
trial14_near_wall,2,1363,43.6160,-0.297579,0.096772,0.416957,-90.0025,-1.7046,1828.718,1822.793,4,4,0.000770,-0.007314,1.000000,AVOID,0.000000,0.000000,1.000000,0,0.004551,-0.025262,0.252690,0.274830
trial14_near_wall,2,1364,43.6480,-0.297579,0.096772,0.416957,-90.0024,-1.7046,1822.683,1832.446,4,5,0.086503,0.016140,1.000000,AVOID,0.000000,0.000000,1.000000,0,0.004551,0.055749,0.269395,0.258125
trial14_near_wall,2,1365,43.6800,-0.297579,0.096772,0.416957,-90.0024,-1.7047,1820.909,1806.001,5,4,-0.088012,-0.009898,1.000000,AVOID,0.000000,0.000000,1.000000,0,0.004551,-0.034186,0.259439,0.268081
trial14_near_wall,2,1366,43.7120,-0.297579,0.096772,0.416957,-90.0024,-1.7047,1816.266,1816.976,4,4,0.000778,-0.007229,1.000000,AVOID,0.000000,0.000000,1.000000,0,0.004551,-0.024968,0.254277,0.273243
trial14_near_wall,2,1367,43.7440,-0.297579,0.096772,0.416957,-90.0024,-1.7047,1817.508,1816.625,4,5,0.086479,0.016198,1.000000,AVOID,0.000000,0.000000,1.000000,0,0.004551,0.055949,0.270635,0.256885
trial14_near_wall,2,1368,43.7760,-0.297579,0.096772,0.416957,-90.0024,-1.7047,1810.438,1809.035,5,4,-0.088003,-0.009852,1.000000,AVOID,0.000000,0.000000,1.000000,0,0.004551,-0.034029,0.260409,0.267111
trial14_near_wall,2,1369,43.8080,-0.297579,0.096772,0.416957,-90.0024,-1.7047,1822.140,1829.430,4,4,0.000786,-0.007193,1.000000,AVOID,0.000000,0.000000,1.000000,0,0.004551,-0.024843,0.255036,0.272484
trial14_near_wall,2,1370,43.8400,-0.297579,0.096772,0.416957,-90.0024,-1.7047,1813.020,1837.223,4,4,0.000696,-0.005220,1.000000,AVOID,0.000000,0.000000,1.000000,0,0.004551,-0.018031,0.252709,0.274811
trial14_near_wall,2,1371,43.8720,-0.297579,0.096772,0.416957,-90.0024,-1.7047,1811.021,1819.511,5,5,0.000895,-0.003692,1.000000,AVOID,0.000000,0.000000,1.000000,0,0.004551,-0.012751,0.252284,0.275236
trial14_near_wall,2,1372,43.9040,-0.297579,0.096772,0.416957,-90.0024,-1.7047,1827.294,1821.400,4,4,0.000793,-0.002570,1.000000,AVOID,0.000000,0.000000,1.000000,0,0.004551,-0.008878,0.252934,0.274586
trial14_near_wall,2,1373,43.9360,-0.297579,0.096772,0.416957,-90.0023,-1.7047,1813.434,1832.492,4,4,0.000704,-0.001752,1.000000,AVOID,0.000000,0.000000,1.000000,0,0.004551,-0.006051,0.254128,0.273392
trial14_near_wall,2,1374,43.9680,-0.297579,0.096772,0.416957,-90.0023,-1.7047,1825.796,1807.337,5,5,0.000904,-0.001088,1.000000,AVOID,0.000000,0.000000,1.000000,0,0.004551,-0.003758,0.255596,0.271924
trial14_near_wall,2,1375,44.0000,-0.297579,0.096772,0.416957,-90.0023,-1.7048,1814.592,1830.544,4,4,0.000801,-0.000616,1.000000,AVOID,0.000000,0.000000,1.000000,0,0.004551,-0.002126,0.257106,0.270414
trial14_near_wall,2,1376,44.0320,-0.297579,0.096772,0.416957,-90.0023,-1.7048,1820.619,1827.414,4,4,0.000711,-0.000284,1.000000,AVOID,0.000000,0.000000,1.000000,0,0.004551,-0.000981,0.258524,0.268996
trial14_near_wall,2,1377,44.0640,-0.297579,0.096772,0.416957,-90.0023,-1.7048,1805.603,1834.465,4,5,-0.372116,-0.093242,1.000000,AVOID,0.000000,0.000000,1.000000,0,0.004551,-0.322058,0.179318,0.348202
trial14_near_wall,2,1378,44.0960,-0.297579,0.096772,0.416957,-90.0023,-1.7048,1814.202,1821.725,5,4,-0.088079,-0.091951,1.000000,AVOID,0.000000,0.000000,1.000000,0,0.004551,-0.317600,0.121029,0.406491
trial14_near_wall,2,1379,44.1280,-0.297579,0.096772,0.416957,-90.0023,-1.7048,1815.557,1819.091,4,4,0.000718,-0.068784,1.000000,AVOID,0.000000,0.000000,1.000000,0,0.004551,-0.237580,0.097317,0.430203
trial14_near_wall,2,1380,44.1600,-0.297579,0.096772,0.416957,-90.0023,-1.7048,1827.935,1816.964,4,5,0.086665,-0.029922,1.000000,AVOID,0.000000,0.000000,1.000000,0,0.004551,-0.103350,0.113090,0.414430
trial14_near_wall,2,1381,44.1920,-0.297579,0.096772,0.416957,-90.0023,-1.7048,1841.805,1815.412,5,4,-0.088071,-0.044459,1.000000,AVOID,0.000000,0.000000,1.000000,0,0.004551,-0.153562,0.112367,0.415153
trial14_near_wall,2,1382,44.2240,-0.297579,0.096772,0.416957,-90.0022,-1.7048,1828.322,1819.191,4,4,0.000725,-0.033163,1.000000,AVOID,0.000000,0.000000,1.000000,0,0.004551,-0.114545,0.121579,0.405941
trial14_near_wall,2,1383,44.2560,-0.297579,0.096772,0.416957,-90.0022,-1.7048,1826.609,1806.267,4,5,0.086643,-0.003212,1.000000,AVOID,0.000000,0.000000,1.000000,0,0.004551,-0.011093,0.154351,0.373169
trial14_near_wall,2,1384,44.2880,-0.297579,0.096772,0.416957,-90.0022,-1.7048,1845.372,1826.646,5,4,-0.088063,-0.024425,1.000000,AVOID,0.000000,0.000000,1.000000,0,0.004551,-0.084362,0.160613,0.366907
trial14_near_wall,2,1385,44.3200,-0.297579,0.096772,0.416957,-90.0022,-1.7049,1815.424,1823.873,4,4,0.000732,-0.018135,1.000000,AVOID,0.000000,0.000000,1.000000,0,0.004551,-0.062639,0.170740,0.356780
trial14_near_wall,2,1386,44.3520,-0.297579,0.096772,0.416957,-90.0022,-1.7049,1812.984,1821.990,4,5,0.086620,0.008054,1.000000,AVOID,0.000000,0.000000,1.000000,0,0.004551,0.027817,0.200949,0.326571
trial14_near_wall,2,1387,44.3840,-0.297579,0.096772,0.416957,-90.0022,-1.7049,1833.956,1814.152,5,4,-0.088055,-0.015974,1.000000,AVOID,0.000000,0.000000,1.000000,0,0.004551,-0.055173,0.202859,0.324661
trial14_near_wall,2,1388,44.4160,-0.297579,0.096772,0.416957,-90.0022,-1.7049,1825.475,1826.570,4,4,0.000740,-0.011795,1.000000,AVOID,0.000000,0.000000,1.000000,0,0.004551,-0.040741,0.207899,0.319621
trial14_near_wall,2,1389,44.4480,-0.297579,0.096772,0.416957,-90.0022,-1.7049,1819.971,1836.679,4,5,0.086597,0.012803,1.000000,AVOID,0.000000,0.000000,1.000000,0,0.004551,0.044221,0.232919,0.294601
trial14_near_wall,2,1390,44.4800,-0.297579,0.096772,0.416957,-90.0022,-1.7049,1832.894,1832.540,5,4,-0.088046,-0.012409,1.000000,AVOID,0.000000,0.000000,1.000000,0,0.004551,-0.042862,0.229914,0.297606
trial14_near_wall,2,1391,44.5120,-0.297579,0.096772,0.416957,-90.0022,-1.7049,1832.642,1838.066,4,4,0.000747,-0.009120,1.000000,AVOID,0.000000,0.000000,1.000000,0,0.004551,-0.031501,0.230500,0.297020
trial14_near_wall,2,1392,44.5440,-0.297579,0.096772,0.416957,-90.0021,-1.7049,1804.906,1807.019,4,5,0.086574,0.014803,1.000000,AVOID,0.000000,0.000000,1.000000,0,0.004551,0.051131,0.251598,0.275922
trial14_near_wall,2,1393,44.5760,-0.297579,0.096772,0.416957,-90.0021,-1.7049,1836.117,1822.030,5,4,-0.088038,-0.010907,1.000000,AVOID,0.000000,0.000000,1.000000,0,0.004551,-0.037673,0.245220,0.282300
trial14_near_wall,2,1394,44.6080,-0.297579,0.096772,0.416957,-90.0021,-1.7049,1804.911,1821.866,4,4,0.000755,-0.007992,1.000000,AVOID,0.000000,0.000000,1.000000,0,0.004551,-0.027603,0.242954,0.284566
trial14_near_wall,2,1395,44.6400,-0.297579,0.096772,0.416957,-90.0021,-1.7049,1825.091,1819.765,4,5,0.086551,0.015644,1.000000,AVOID,0.000000,0.000000,1.000000,0,0.004551,0.054034,0.261664,0.265856
trial14_near_wall,2,1396,44.6720,-0.297579,0.096772,0.416957,-90.0021,-1.7050,1820.702,1819.544,5,4,-0.088029,-0.010274,1.000000,AVOID,0.000000,0.000000,1.000000,0,0.004551,-0.035487,0.253316,0.274204
trial14_near_wall,2,1397,44.7040,-0.297579,0.096772,0.416957,-90.0021,-1.7050,1828.659,1814.660,4,4,0.000762,-0.007515,1.000000,AVOID,0.000000,0.000000,1.000000,0,0.004551,-0.025957,0.249438,0.278082
trial14_near_wall,2,1398,44.7360,-0.297579,0.096772,0.416957,-90.0021,-1.7050,1818.921,1838.344,4,5,0.086527,0.015995,1.000000,AVOID,0.000000,0.000000,1.000000,0,0.004551,0.055248,0.266831,0.260689
trial14_near_wall,2,1399,44.7680,-0.297579,0.096772,0.416957,-90.0021,-1.7050,1831.427,1815.152,5,4,-0.088021,-0.010009,1.000000,AVOID,0.000000,0.000000,1.000000,0,0.004551,-0.034570,0.257421,0.270099
trial14_near_wall,2,1400,44.8000,-0.297579,0.096772,0.416957,-90.0021,-1.7050,1830.890,1813.000,4,4,0.000770,-0.007314,1.000000,AVOID,0.000000,0.000000,1.000000,0,0.004551,-0.025262,0.252690,0.274830
trial14_near_wall,2,1401,44.8320,-0.297579,0.096772,0.416957,-90.0021,-1.7050,1827.130,1835.039,4,5,0.086503,0.016140,1.000000,AVOID,0.000000,0.000000,1.000000,0,0.004551,0.055749,0.269395,0.258125
trial14_near_wall,2,1402,44.8640,-0.297579,0.096772,0.416957,-90.0021,-1.7050,1817.003,1806.082,5,4,-0.088012,-0.009898,1.000000,AVOID,0.000000,0.000000,1.000000,0,0.004551,-0.034186,0.259439,0.268081
trial14_near_wall,2,1403,44.8960,-0.297579,0.096772,0.416957,-90.0020,-1.7050,1826.969,1821.047,4,4,0.000778,-0.007229,1.000000,AVOID,0.000000,0.000000,1.000000,0,0.004551,-0.024968,0.254277,0.273243
trial14_near_wall,2,1404,44.9280,-0.297579,0.096772,0.416957,-90.0020,-1.7050,1829.211,1823.767,4,5,0.086479,0.016198,1.000000,AVOID,0.000000,0.000000,1.000000,0,0.004551,0.055949,0.270635,0.256885
trial14_near_wall,2,1405,44.9600,-0.297579,0.096772,0.416957,-90.0020,-1.7050,1827.304,1814.402,5,4,-0.088003,-0.009852,1.000000,AVOID,0.000000,0.000000,1.000000,0,0.004551,-0.034029,0.260409,0.267111
trial14_near_wall,2,1406,44.9920,-0.297579,0.096772,0.416957,-90.0020,-1.7050,1831.476,1817.417,4,4,0.000786,-0.007193,1.000000,AVOID,0.000000,0.000000,1.000000,0,0.004551,-0.024843,0.255036,0.272484
trial14_near_wall,2,1407,45.0240,-0.297579,0.096772,0.416957,-90.0020,-1.7050,1818.140,1807.277,4,4,0.000696,-0.005220,1.000000,AVOID,0.000000,0.000000,1.000000,0,0.004551,-0.018031,0.252709,0.274811
